location,name,country,province,kg_n_per_year,capacity,country_code,name_en,kg_p_per_year
"54.961111111, -1.579722222",Gateshead International Stadium,,,272.58,11800.0,,Gateshead International Stadium,27.258
"43.106111, 12.357222",Stadio Renato Curi,Italy,Umbria,819.28,28000.0,IT,Stadio Renato Curi,81.928
"48.218775, 11.624752777",Allianz Arena,Germany,Oberbayern,2888.424,75024.0,DE,Allianz Arena,288.8424
"49.426240624, 11.125617009",Max-Morlock-Stadion,Germany,Mittelfranken,1925,50000.0,DE,Max-Morlock-Stadion,192.5
"-22.912166666, -43.230163888",Maracanã Stadium,,,3035.263,78838.0,,Maracanã Stadium,303.5263
"48.3233205, 10.8859261",WWK Arena,Germany,Schwaben,897.1116,30660.0,DE,WWK Arena,89.71116
"-34.545277777, -58.449722222",Mas Monumental Stadium,,,4232.57835,84567.0,,Mas Monumental Stadium,423.257835
"35.991744, 140.640525",Kashima Soccer Stadium,,,1568.028,40728.0,,Kashima Soccer Stadium,156.8028
"51.6984, -2.233233",The New Lawn,,,118.8957,5147.0,,The New Lawn,11.88957
"53.109706, -2.039742",Harrison Park,,,69.3,3600.0,,Harrison Park,6.93
"51.437172, 0.2308",Princes Park,,,78.925,4100.0,,Princes Park,7.8925
"53.138056, -1.200556",Field Mill,,,231,10000.0,,Field Mill,23.1
"52.818542, -2.116858",Marston Road,,,57.75,3000.0,,Marston Road,5.775
"52.818542, -2.116858",Marston Road,,,57.75,3000.0,,Marston Road,5.775
"51.449539, 0.322272",Stonebridge Road,,,115.7541,5011.0,,Stonebridge Road,11.57541
"53.4506, -2.068114",Ewen Fields,,,78.40525,4073.0,,Ewen Fields,7.840525
"53.218289, -0.540811",Sincil Bank,,,233.772,10120.0,,Sincil Bank,23.3772
"53.0945, -1.3813",North Street,,,69.3,3600.0,,North Street,6.93
"53.638089, -2.978856",Haig Avenue,,,138.7848,6008.0,,Haig Avenue,13.87848
"54.123333333, -3.235",Holker Street,,,115.5,5000.0,,Holker Street,11.55
"53.399722222, -2.166388888",Edgeley Park,,,250.4271,10841.0,,Edgeley Park,25.04271
"55.7914, 37.5597",VTB Arena,,,752.33312,25712.0,,VTB Arena,75.233312
"51.884166666, -0.431666666",Kenilworth Road,,,239.2236,10356.0,,Kenilworth Road,23.92236
"51.031389, 3.766111",Jules Ottenstadion,Belgium,Prov. Oost-Vlaanderen,298.4289,12919.0,BE,Jules Ottenstadion,29.84289
"52.697272, -2.501336",SEAH Stadium,,,145.53,6300.0,,SEAH Stadium,14.553
"45.13130153, 8.4451282",Stadio Natale Palli,Italy,Piemonte,77,4000.0,IT,Stadio Natale Palli,7.7
"51.588333, -2.987778",Rodney Parade,,,210.1407,9097.0,,Rodney Parade,21.01407
"52.2114, 0.153",Abbey Stadium,,,222.1527,9617.0,,Abbey Stadium,22.21527
"44.9203, 8.616580555",Stadio Giuseppe Moccagatta,Italy,Piemonte,134.6037,5827.0,IT,Stadio Giuseppe Moccagatta,13.46037
"53.669722, -1.479444",Belle Vue,,,123.1923,5333.0,,Belle Vue,12.31923
"53.4319, -2.80481",Valerie Park,,,61.6,3200.0,,Valerie Park,6.16
"53.4319, -2.80481",Valerie Park,,,61.6,3200.0,,Valerie Park,6.16
"53.570225, -0.046497",Blundell Park,,,220.5126,9546.0,,Blundell Park,22.05126
"51.875322, 0.572956",Cressing Road,,,79.90675,4151.0,,Cressing Road,7.990675
"44.7682128, 8.7827971",Stadio Costante Girardengo,Italy,Piemonte,67.375,3500.0,IT,Stadio Costante Girardengo,6.7375
"52.380472222, -2.242652777",Aggborough,,,148.8564,6444.0,,Aggborough,14.88564
"53.210556, -0.584167",Ashby Avenue,,,42.35,2200.0,,Ashby Avenue,4.235
"53.5167, -2.1804",Broadhurst Park,,,84.7,4400.0,,Broadhurst Park,8.47
"55.1209, -1.5112",Croft Park,,,0,,,Croft Park,0
"52.6976, -1.98883",Keys Park,,,139.5009,6039.0,,Keys Park,13.95009
"52.5207, -1.44253",Liberty Way,,,0,,,Liberty Way,0
"52.628403, -1.688925",The Lamb Ground,,,77,4000.0,,The Lamb Ground,7.7
"52.628403, -1.688925",The Lamb Ground,,,78.25125,4065.0,,The Lamb Ground,7.825125
"53.809711, -1.664214",The Citadel,,,75.075,3900.0,,The Citadel,7.5075
"53.6455, -2.62921","Victory Park, Chorley",,,78.925,4100.0,,"Victory Park, Chorley",7.8925
"53.270472, -2.488717",Wincham Park,,,44.275,2300.0,,Wincham Park,4.4275
"54.3204, -2.73652222",Pye Motors Stadium,,,46.2,2400.0,,Pye Motors Stadium,4.62
"-34.79675, -56.067138888",Estadio Campeón del Siglo,,,1732.5,45000.0,,Estadio Campeón del Siglo,173.25
"53.5013006, -2.0797045",Hurst Cross Stadium,,,86.625,4500.0,,Hurst Cross Stadium,8.6625
"53.513638888, -2.276777777",Moor Lane,,,117.9948,5108.0,,Moor Lane,11.79948
"51.422222222, -0.982777777",Madejski Stadium,,,706.95086,24161.0,,Madejski Stadium,70.695086
"51.509166666, -0.232222222",Kiyan Prince Foundation Stadium,,,539.52514,18439.0,,Kiyan Prince Foundation Stadium,53.952514
"52.509166666, -1.963888888",The Hawthorns,,,773.7807,26445.0,,The Hawthorns,77.37807
"54.914429068, -1.388172971",Stadium of Light,,,1861.0515,48339.0,,Stadium of Light,186.10515
"53.463055555, -2.291388888",Old Trafford,,,2915.6435,75731.0,,Old Trafford,291.56435
"52.622222222, 1.309166666",Carrow Road,,,797.15944,27244.0,,Carrow Road,79.715944
"51.538611111, -0.016388888",London Stadium,,,2406.25,62500.0,,London Stadium,240.625
"52.509166666, -1.884722222",Villa Park,,,1641.64,42640.0,,Villa Park,164.164
"54.975555555, -1.621666666",St James’ Park,,,2013.7425,52305.0,,St James’ Park,201.37425
"52.915, -1.447222222",Pride Park Stadium,,,983.04822,33597.0,,Pride Park Stadium,98.304822
"55.853055555, -4.309166666",Ibrox Stadium,,,1962.9995,50987.0,,Ibrox Stadium,196.29995
"55.849711111, -4.205588888",Celtic Park,,,2323.6675,60355.0,,Celtic Park,232.36675
"53.580555555, -2.535555555",Toughsheet Community Stadium,,,840.43498,28723.0,,Toughsheet Community Stadium,84.043498
"53.728611111, -2.489166666",Ewood Park,,,917.79842,31367.0,,Ewood Park,91.779842
"51.475, -0.221666666",Craven Cottage,,,751.982,25700.0,,Craven Cottage,75.1982
"52.590277777, -2.130277777",Molineux Stadium,,,902.72952,30852.0,,Molineux Stadium,90.272952
"53.087419, -2.435747",Alexandra Stadium,,,234.5343,10153.0,,Alexandra Stadium,23.45343
"48.684133, 17.376808",Štadión FK Senica,Slovakia,Západné Slovensko,117.117,5070.0,SK,Štadión FK Senica,11.7117
"53.547778, -2.653889",Q494388,,,735.39158,25133.0,,Q494388,73.539158
"52.988333333, -2.175555555",Britannia Stadium,,,811.6724,27740.0,,Britannia Stadium,81.16724
"54.689139, -1.212722",Victoria Park,,,181.4736,7856.0,,Victoria Park,18.14736
"50.90583333, -1.39111111",St Mary's Stadium,,,953.55414,32589.0,,St Mary's Stadium,95.355414
"51.6422, -3.9351",Liberty Stadium,,,607.145,20750.0,,Liberty Stadium,60.7145
"52.94, -1.132778",City Ground,,,889.62104,30404.0,,City Ground,88.962104
"51.099706, -0.194767",The Peoples Pension Stadium,,,141.6954,6134.0,,The Peoples Pension Stadium,14.16954
"53.758856, -1.776203",Horsfall Stadium,,,67.375,3500.0,,Horsfall Stadium,6.7375
"50.735278, -1.838333",Dean Court,,,277.2,12000.0,,Dean Court,27.72
"53.586722, -0.69525",Glanford Park,,,209.9328,9088.0,,Glanford Park,20.99328
"53.654166666, -1.768333333",Kirklees Stadium,,,716.87,24500.0,,Kirklees Stadium,71.687
"50.861822222, -0.083277777",Brighton Community Stadium,,,930.468,31800.0,,Brighton Community Stadium,93.0468
"50.796388888, -1.063888888",Fratton Park,,,617.386,21100.0,,Fratton Park,61.7386
"53.580555555, -2.294722222",Gigg Lane,,,273.504,11840.0,,Gigg Lane,27.3504
"52.620277777, -1.142222222",Leicester City Stadium,,,943.95686,32261.0,,Leicester City Stadium,94.395686
"53.746111111, -0.367777777",MKM Stadium,,,743.204,25400.0,,MKM Stadium,74.3204
"53.411388888, -1.500555555",Hillsborough Stadium,,,1162.55832,39732.0,,Hillsborough Stadium,116.255832
"53.789064, -2.230225",Turf Moor,,,659.69596,22546.0,,Turf Moor,65.969596
"51.44, -2.620278",Ashton Gate Stadium,,,810.47274,27699.0,,Ashton Gate Stadium,81.047274
"52.236666666, 6.8375",De Grolsch Veste,Netherlands,Overijssel,877.8,30000.0,NL,De Grolsch Veste,87.78
"43.583296, 1.434055",Stadium Municipal,France,Midi-Pyrénées,969.969,33150.0,FR,Stadium Municipal,96.9969
"43.62061, 3.81279",Stade de la Mosson,France,Languedoc-Roussillon,962.654,32900.0,FR,Stade de la Mosson,96.2654
"52.475702777, -1.868188888",St Andrew's,,,878.26816,30016.0,,St Andrew's,87.826816
"54.578333333, -1.216944444",Riverside Stadium,,,1016.55092,34742.0,,Riverside Stadium,101.655092
"52.448056, -1.495556",Ricoh Arena,,,954.13934,32609.0,,Ricoh Arena,95.413934
"45.460749, 4.390171",Stade Geoffroy-Guichard,France,Rhône-Alpes,1615.6525,41965.0,FR,Stade Geoffroy-Guichard,161.56525
"51.472778, -3.203056",Cardiff City Stadium,,,973.1876,33260.0,,Cardiff City Stadium,97.31876
"53.804722, -3.048056",Bloomfield Road,,,507.30988,17338.0,,Bloomfield Road,50.730988
"53.555277777, -2.128611111",Boundary Park,,,245.7378,10638.0,,Boundary Park,24.57378
"53.370277777, -1.470833333",Bramall Lane,,,956.86052,32702.0,,Bramall Lane,95.686052
"51.485833, -0.050833",The Den,,,589.47196,20146.0,,The Den,58.947196
"51.560139, -0.012639",Brisbane Road,,,214.1601,9271.0,,Brisbane Road,21.41601
"51.487489, 0.035632",The Valley,,,793.26786,27111.0,,The Valley,79.326786
"51.428472, -0.189667",Plough Lane,,,464.53176,15876.0,,Plough Lane,46.453176
"54.89556, -2.91365",Brunton Park,,,532.59052,18202.0,,Brunton Park,53.259052
"51.398333333, -0.085555555",Selhurst Park,,,768.2213,26255.0,,Selhurst Park,76.82213
"48.10743, -1.71282",Roazhon Park,France,Bretagne,910.77602,31127.0,FR,Roazhon Park,91.077602
"53.552222, -1.4675",Oakwell,,,673.24334,23009.0,,Oakwell,67.324334
"51.9234, 0.897703",Colchester Community Stadium,,,233.4255,10105.0,,Colchester Community Stadium,23.34255
"53.772222222, -2.688055555",Deepdale,,,716.87,24500.0,,Deepdale,71.687
"50.414609, 4.453787",Stade du Pays de Charleroi,Belgium,Prov. Hainaut,343.9821,14891.0,BE,Stade du Pays de Charleroi,34.39821
"52.564694, -0.240389",London Road Stadium,,,448.1169,15315.0,,London Road Stadium,44.81169
"52.9425, -1.137222",Meadow Lane,,,591.90054,20229.0,,Meadow Lane,59.190054
"53.051944, -3.003611",Racecourse Ground,,,308.1771,13341.0,,Racecourse Ground,30.81771
"53.509722, -1.113889",Keepmoat Stadium,,,445.65906,15231.0,,Keepmoat Stadium,44.565906
"48.696, 6.21222",Stade Marcel Picot,France,Lorraine,587.74562,20087.0,FR,Stade Marcel Picot,58.774562
"47.51238, 6.81116",Stade Auguste Bonal,France,Franche-Comté,585.9315,20025.0,FR,Stade Auguste Bonal,58.59315
"-12.055694, -76.935972",Estadio Monumental U,,,4008.65465,80093.0,,Estadio Monumental U,400.865465
"50.611962, 3.130631",Pierre Mauroy Stadium,France,Nord-Pas de Calais,1925,50000.0,FR,Pierre Mauroy Stadium,192.5
"51.488167, -0.302639",Griffin Park,,,343.3353,14863.0,,Griffin Park,34.33353
"53.383436, -2.335158",Moss Lane,,,140.5635,6085.0,,Moss Lane,14.05635
"57.3873, 21.5704",Ventspils Olimpiskais Stadions,Latvia,Latvija,61.6,3200.0,LV,Ventspils Olimpiskais Stadions,6.16
"42.907901, 47.618587",Anji Arena,,,877.8,30000.0,,Anji Arena,87.78
"51.306333, -0.558811",Kingfield Stadium,,,139.4316,6036.0,,Kingfield Stadium,13.94316
"51.45111111, -0.02166667",Ladywell Arena,,,0,,,Ladywell Arena,0
"55.8499, -4.2013",Celtic Park,,,0,,,Celtic Park,0
"51.604444444, -0.066388888",Tottenham Hotspur Stadium,,,2419.725,62850.0,,Tottenham Hotspur Stadium,241.9725
"47.74869, -3.36929",Stade du Moustoir,France,Bretagne,541.31,18500.0,FR,Stade du Moustoir,54.131
"47.74869, -3.36929",Stade du Moustoir,France,Bretagne,540.4553,18970.0,FR,Stade du Moustoir,54.04553
"47.74869, -3.36929",Stade du Moustoir,France,Bretagne,541.5949,19010.0,FR,Stade du Moustoir,54.15949
"47.079722, 8.283611",Stadion Gersag,Switzerland,Zentralschweiz,67.375,3500.0,CH,Stadion Gersag,6.7375
"-34.861525, -56.209033",Estadio José Nasazzi,,,438.9,15000.0,,Estadio José Nasazzi,43.89
"49.239, 8.888278",PreZero-Arena,Germany,Karlsruhe,882.189,30150.0,DE,PreZero-Arena,88.2189
"38.161389, 15.520833",Stadio San Filippo,Italy,Sicilia,1108.8077,37895.0,IT,Stadio San Filippo,110.88077
"51.4925, 7.451667",Westfalenstadion,Germany,Arnsberg,4072.01795,81359.0,DE,Westfalenstadion,407.201795
"51.554502777, 7.067588888",Arena AufSchalke,Germany,Münster,2397.4335,62271.0,DE,Arena AufSchalke,239.74335
"52.36, 9.731111",Niedersachsenstadion,Germany,Hannover,1886.5,49000.0,DE,Niedersachsenstadion,188.65
"50.068611, 8.645278",Waldstadion,Germany,Darmstadt,1982.75,51500.0,DE,Waldstadion,198.275
"50.950278, -2.674881",Huish Park,,,220.9515,9565.0,,Huish Park,22.09515
"43.238331, 76.92435",Almaty Central Stadium,,,696.50504,23804.0,,Almaty Central Stadium,69.650504
"51.248386, -0.754789",Recreation Ground,,,164.01,7100.0,,Recreation Ground,16.401
"9.013306, 38.756417",Addis Ababa Stadium,,,1024.1,35000.0,,Addis Ababa Stadium,102.41
"57.628729, 39.867486",Shinnik Stadium,,,672.6874,22990.0,,Shinnik Stadium,67.26874
"36.893611111, 30.646666666",Akdeniz University Stadium,TR,"Antalya, Isparta, Burdur",164.01,7100.0,TR,Akdeniz University Stadium,16.401
"50.856944444, 6.005833333",Parkstad Limburg Stadion,Netherlands,Limburg (NL),584.58554,19979.0,NL,Parkstad Limburg Stadion,58.458554
"37.676422, 126.743056",Goyang Stadium,,,1590.4735,41311.0,,Goyang Stadium,159.04735
"51.4862, -2.58313",Memorial Stadium,,,279.51,12100.0,,Memorial Stadium,27.951
"51.906158, -2.060211",Whaddon Road,,,163.2246,7066.0,,Whaddon Road,16.32246
"46.081111, 14.521389",Stožice Stadium,Slovenia,Zahodna Slovenija,469.27188,16038.0,SI,Stožice Stadium,46.927188
"55.80355, 37.741169",RZD Arena,,,799.3832,27320.0,,RZD Arena,79.93832
"52.565433, -1.990706",Bescot Stadium,,,261.03,11300.0,,Bescot Stadium,26.103
"54.17583611, 45.192175",Start Stadium,,,267.5211,11581.0,,Start Stadium,26.75211
"59.359444, 26.380833",Rakvere Linnastaadion,Estonia,Eesti,48.125,2500.0,EE,Rakvere Linnastaadion,4.8125
"53.916508, -3.024728",Highbury Stadium,,,123.0537,5327.0,,Highbury Stadium,12.30537
"52.68863, -2.74933",New Meadow,,,228.1125,9875.0,,New Meadow,22.81125
"53.373722, -3.0325",Prenton Park,,,484.75042,16567.0,,Prenton Park,48.475042
"53.253442, -1.427203",Proact Stadium,,,242.6424,10504.0,,Proact Stadium,24.26424
"52.821906, -1.626958",Pirelli Stadium,,,159.6672,6912.0,,Pirelli Stadium,15.96672
"51.384166666, 0.560833333",Priestfield Stadium,,,267.5442,11582.0,,Priestfield Stadium,26.75442
"50.476408, -3.523825",Plainmoor,,,150.15,6500.0,,Plainmoor,15.015
"50.388055555, -4.150833333",Home Park,,,523.754,17900.0,,Home Park,52.3754
"53.620833, -2.18",Spotland Stadium,,,236.7519,10249.0,,Spotland Stadium,23.67519
"52.235197, -0.93345",Sixfields Stadium,,,176.7843,7653.0,,Sixfields Stadium,17.67843
"53.765356, -2.370911",Crown Ground,,,116.8167,5057.0,,Crown Ground,11.68167
"46.246667, 15.270278",Stadion Z'dežele,Slovenia,Vzhodna Slovenija,300.4386,13006.0,SI,Stadion Z'dežele,30.04386
"52.062778, 4.383056",WerkTalent Stadion,Netherlands,Zuid-Holland,438.9,15000.0,NL,WerkTalent Stadion,43.89
"59.972953, 30.220533",Gazprom Arena,,,2610.3,67800.0,,Gazprom Arena,261.03
"59.972953, 30.220533",Gazprom Arena,,,2623.159,68134.0,,Gazprom Arena,262.3159
"59.972953, 30.220533",Gazprom Arena,,,2587.2,80000.0,,Gazprom Arena,258.72
"54.0615, -2.86716",Globe Arena,,,149.5956,6476.0,,Globe Arena,14.95956
"-23.600125, -46.720155555",Estádio do Morumbi,,,2581.502,67052.0,,Estádio do Morumbi,258.1502
"-23.600125, -46.720155555",Estádio do Morumbi,,,2576.728,71200.0,,Estádio do Morumbi,257.6728
"-23.600125, -46.720155555",Estádio do Morumbi,,,2587.2,120000.0,,Estádio do Morumbi,258.72
"44.20575, 17.907083",Bilino Polje Stadium,BA,Federacija Bosne i Hercegovine,456.456,15600.0,BA,Bilino Polje Stadium,45.6456
"35.527974, 140.071639",Ichihara Seaside Stadium,,,324.5781,14051.0,,Ichihara Seaside Stadium,32.45781
"51.686944, 5.088611",Mandemakers Stadion,Netherlands,Noord-Brabant,173.25,7500.0,NL,Mandemakers Stadion,17.325
"5.056233, -75.489807",Estadio Palogrande,,,1069.54078,36553.0,,Estadio Palogrande,106.954078
"53.804222222, -1.759022222",Valley Parade,,,735.47936,25136.0,,Valley Parade,73.547936
"45.542356, 13.730453",Bonifika Stadium,Slovenia,Zahodna Slovenija,77.90475,4047.0,SI,Bonifika Stadium,7.790475
"51.5478, 0.159867",Victoria Road,,,140.4018,6078.0,,Victoria Road,14.04018
"56.95516667, 24.15886111",Daugava Stadium,Latvia,Latvija,241.6491,10461.0,LV,Daugava Stadium,24.16491
"51.564444, -1.770556","County Ground, Swindon",,,339.57,14700.0,,"County Ground, Swindon",33.957
"55.8178, 37.4403",Lukoil Arena,,,1746.36,45360.0,,Lukoil Arena,174.636
"35.894863888, 14.415372222",Ta' Qali National Stadium,Malta,Malta,520.74022,17797.0,MT,Ta' Qali National Stadium,52.074022
"-23.545555555, -46.474",Neo Química Arena,,,1819.202,47252.0,,Neo Química Arena,181.9202
"53.206111111, 6.591388888",Euroborg,Netherlands,Groningen,660.66154,22579.0,NL,Euroborg,66.066154
"42.255141666, 42.683086111",Ramaz Shengelia Stadium,,,247.17,10700.0,,Ramaz Shengelia Stadium,24.717
"45.025277777, 38.999444444",Kuban Stadium,,,926.19604,31654.0,,Kuban Stadium,92.619604
"47.9, 106.916111",MFF Football Centre,,,67.375,3500.0,,MFF Football Centre,6.7375
"47.9, 106.916111",MFF Football Centre,,,67.375,3500.0,,MFF Football Centre,6.7375
"51.716419, -1.208067",Kassam Stadium,,,288.75,12500.0,,Kassam Stadium,28.875
"52.078333333, 5.145833333",Stadion Galgenwaard,Netherlands,Utrecht,694.925,23750.0,NL,Stadion Galgenwaard,69.4925
"53.049722, -2.1925",Vale Park,,,557.46152,19052.0,,Vale Park,55.746152
"36.747777777, 10.272777777",Olympic Stadium of Radès,,,2502.5,65000.0,,Olympic Stadium of Radès,250.25
"50.730713888, -3.52115",St James Park,,,197.2971,8541.0,,St James Park,19.72971
"53.4279, -1.362",New York Stadium,,,277.6851,12021.0,,New York Stadium,27.76851
"46.468389, 30.748444",Spartak Stadium,,,92.4,4800.0,,Spartak Stadium,9.24
"51.351944, 6.179722",De Koel,Netherlands,Limburg (NL),173.25,7500.0,NL,De Koel,17.325
"40.452778, 17.27",Stadio Erasmo Iacovone,Italy,Puglia,807.10784,27584.0,IT,Stadio Erasmo Iacovone,80.710784
"42.83722222, 74.60083333",Dynamo Stadion,,,231,10000.0,,Dynamo Stadion,23.1
"42.880175, 74.59793889",Spartak Stadium,,,672.98,23000.0,,Spartak Stadium,67.298
"38.026667, 46.295833",Yadegar-e Emam Stadium,,,2573.0705,66833.0,,Yadegar-e Emam Stadium,257.30705
"41.018056, 21.338889",Stadion Tumbe Kafe,MK,Severna Makedonija,184.8,8000.0,MK,Stadion Tumbe Kafe,18.48
"49.231311, 17.669425",Letná Stadion,Czechia,Střední Morava,147.2625,6375.0,CZ,Letná Stadion,14.72625
"46.668611, 16.1575",Fazanerija City Stadium,Slovenia,Vzhodna Slovenija,72.8035,3782.0,SI,Fazanerija City Stadium,7.28035
"2.04194444, 45.35666667",Banadir Stadium,,,438.9,15000.0,,Banadir Stadium,43.89
"45.6039, 10.5128",Stadio Lino Turina,Italy,Lombardia,48.125,2500.0,IT,Stadio Lino Turina,4.8125
"45.60394444, 10.51308333",Stadio Lino Turina,Italy,Lombardia,48.125,2500.0,IT,Stadio Lino Turina,4.8125
"44.75444444, 19.225",Bijeljina City Stadium,BA,Republika Srpska,138.6,6000.0,BA,Bijeljina City Stadium,13.86
"37.9217, -1.19333",Q5847924,Spain,Región de Murcia,48.125,2500.0,ES,Q5847924,4.8125
"32.743267, 51.686203",Naghsh-e-Jahan Stadium,,,1732.5,45000.0,,Naghsh-e-Jahan Stadium,173.25
"21.762627, 39.165096",King Abdullah Sports City,,,2400.2825,62345.0,,King Abdullah Sports City,240.02825
"46.372931, 15.104184",Ob Jezeru City Stadium,Slovenia,Vzhodna Slovenija,45.06425,2341.0,SI,Ob Jezeru City Stadium,4.506425
"51.910833, -2.080556",Prince of Wales Stadium,,,9.24,480.0,,Prince of Wales Stadium,0.924
"14.7105, -17.458",Stade de DUC Dakar,,,0,,,Stade de DUC Dakar,0
"48.119722222, 17.133333333",Stadium FC Petržalka 1898,Slovakia,Bratislavský kraj,28.875,1500.0,SK,Stadium FC Petržalka 1898,2.8875
"48.119765, 17.133374",Stadium FC Petržalka 1898,Slovakia,Bratislavský kraj,28.875,1500.0,SK,Stadium FC Petržalka 1898,2.8875
"46.251731, 14.364914",Stanko Mlakar Stadium,Slovenia,Zahodna Slovenija,39.05825,2029.0,SI,Stanko Mlakar Stadium,3.905825
"41.426696, 2.213064",Ciutat Esportiva Dani Jarque,Spain,Cataluña,0,,ES,Ciutat Esportiva Dani Jarque,0
"46.4078, 15.7897",Kidričevo Sports Park,Slovenia,Vzhodna Slovenija,11.55,600.0,SI,Kidričevo Sports Park,1.155
"-34.817777777, -56.171666666",Estadio Parque Doctor Carlos Suero,,,0,,,Estadio Parque Doctor Carlos Suero,0
"49.0265, 104.0489",Erdenet Stadium,,,57.75,3000.0,,Erdenet Stadium,5.775
"49.0265, 104.049",Erdenet Stadium,,,57.75,3000.0,,Erdenet Stadium,5.775
"51.431363888, -0.186669444",Plough Lane,,,0,,,Plough Lane,0
"45.765224, 4.982131",Parc Olympique Lyonnais,France,Rhône-Alpes,2282.511,59286.0,FR,Parc Olympique Lyonnais,228.2511
"51.649928, -0.401606",Vicarage Road,,,643.72,22000.0,,Vicarage Road,64.372
"52.338611, 6.649722",Asito Stadion,Netherlands,Overijssel,279.048,12080.0,NL,Asito Stadion,27.9048
"41.636592, -0.901822",La Romareda,Spain,Aragón,983.37008,33608.0,ES,La Romareda,98.337008
"43.368667, -8.417372",Estadio Municipal de Abanca Riazor,,,950.6574,32490.0,,Estadio Municipal de Abanca Riazor,95.06574
"38.152767, 13.342275",Stadio Renzo Barbera,Italy,Sicilia,1064.0399,36365.0,IT,Stadio Renzo Barbera,106.40399
"45.109594, 7.641247",Juventus Stadium,Italy,Piemonte,1605.0265,41689.0,IT,Juventus Stadium,160.50265
"40.827967, 14.193008",Stadio Diego Armando Maradona,Italy,Campania,2106.951,54726.0,IT,Stadio Diego Armando Maradona,210.6951
"45.435833, 8.595833",Stadio Silvio Piola (Novara),Italy,Piemonte,523.0225,17875.0,IT,Stadio Silvio Piola (Novara),52.30225
"42.861111, 13.594167",Stadio Cino e Lillo Del Duca,Italy,Marche,601.293,20550.0,IT,Stadio Cino e Lillo Del Duca,60.1293
"45.544167, 11.555556",Stadio Romeo Menti,Italy,Veneto,280.9653,12163.0,IT,Stadio Romeo Menti,28.09653
"44.140556, 12.261944",Stadio Dino Manuzzi,Italy,Emilia-Romagna,698.1436,23860.0,IT,Stadio Dino Manuzzi,69.81436
"43.726389, 10.955",Stadio Carlo Castellani,Italy,Toscana,580.72322,19847.0,IT,Stadio Carlo Castellani,58.072322
"44.653611, 10.923333",Stadio Alberto Braglia,Italy,Emilia-Romagna,618.87826,21151.0,IT,Stadio Alberto Braglia,61.887826
"42.562222, 12.635278",Stadio Libero Liberati,Italy,Umbria,510.8796,17460.0,IT,Stadio Libero Liberati,51.08796
"45.570556, 10.236944",Stadio Mario Rigamonti,Italy,Lombardia,477.17208,16308.0,IT,Stadio Mario Rigamonti,47.717208
"45.834633, 8.800631",Stadio Franco Ossola,Italy,Lombardia,189.7203,8213.0,IT,Stadio Franco Ossola,18.97203
"45.319817, 8.421335",Stadio Silvio Piola,Italy,Piemonte,184.8,8000.0,IT,Stadio Silvio Piola,18.48
"42.758889, 11.1075",Stadio Olimpico Carlo Zecchini,Italy,Toscana,225.1557,9747.0,IT,Stadio Olimpico Carlo Zecchini,22.51557
"39.079167, 17.116667",Stadio Ezio Scida,Italy,Calabria,471.32008,16108.0,IT,Stadio Ezio Scida,47.132008
"39.079167, 17.116667",Stadio Ezio Scida,Italy,Calabria,474.0736,16640.0,IT,Stadio Ezio Scida,47.40736
"45.642778, 11.781111",Stadio Pier Cesare Tombolato,Italy,Veneto,176.0913,7623.0,IT,Stadio Pier Cesare Tombolato,17.60913
"45.432222, 11.858333",Stadio Euganeo,Italy,Veneto,948.6092,32420.0,IT,Stadio Euganeo,94.86092
"44.102222, 9.808611",Stadio Alberto Picco,Italy,Liguria,278.0547,12037.0,IT,Stadio Alberto Picco,27.80547
"37.872294, -4.764642",Estadio Nuevo Arcángel,Spain,Andalucía,638.51172,21822.0,ES,Estadio Nuevo Arcángel,63.851172
"37.356403, -5.981611",Estadio Benito Villamarín,Spain,Andalucía,2337.7585,60721.0,ES,Estadio Benito Villamarín,233.77585
"45.478055555, 9.123888888",Giuseppe Meazza Stadium,Italy,Lombardia,2918.9545,75817.0,IT,Giuseppe Meazza Stadium,291.89545
"45.478055555, 9.123888888",Giuseppe Meazza Stadium,Italy,Lombardia,2918.9545,75817.0,IT,Giuseppe Meazza Stadium,291.89545
"41.644444, -4.761111",Estadio Nuevo José Zorrilla,Spain,Castilla y León,775.74112,26512.0,ES,Estadio Nuevo José Zorrilla,77.574112
"48.792222, 9.231944",MHPArena,Germany,Stuttgart,2312.233,60058.0,DE,MHPArena,231.2233
"49.434444, 7.775833",Fritz Walter Stadium,Germany,Rheinhessen-Pfalz,1916.53,49780.0,DE,Fritz Walter Stadium,191.653
"41.933888888, 12.454722222",Stadio Olimpico,,,2719.409,70634.0,,Stadio Olimpico,271.9409
"41.933888888, 12.454722222",Stadio Olimpico,,,2719.409,70634.0,,Stadio Olimpico,271.9409
"51.555, -0.108333333",obdachlosen lager,,,2323.013,60338.0,,obdachlosen lager,232.3013
"40.45306, -3.68835",Bernabéu Stadium,Spain,Comunidad de Madrid,4163.4593,83186.0,ES,Bernabéu Stadium,416.34593
"51.481666666, -0.191111111",Stamford Bridge,,,1612.1875,41875.0,,Stamford Bridge,161.21875
"43.264205, -2.949369",San Mamés Stadium,Spain,País Vasco,2051.6265,53289.0,ES,San Mamés Stadium,205.16265
"43.476389, -3.793333",Campos de Sport de El Sardinero,,,634.942,21700.0,,Campos de Sport de El Sardinero,63.4942
"39.474722, -0.358333",Mestalla Stadium,Spain,Comunitat Valenciana,1903.055,49430.0,ES,Mestalla Stadium,190.3055
"45.041667, 7.65",Stadio Olimpico Grande Torino,Italy,Piemonte,824.45902,28177.0,IT,Stadio Olimpico Grande Torino,82.445902
"43.780822, 11.282258",Stadio Artemio Franchi,Italy,Toscana,1668.0125,43325.0,IT,Stadio Artemio Franchi,166.80125
"44.416431, 8.952428",Stadio Luigi Ferraris,Italy,Liguria,971.5783,33205.0,IT,Stadio Luigi Ferraris,97.15783
"44.416431, 8.952428",Stadio Luigi Ferraris,Italy,Liguria,971.5783,33205.0,IT,Stadio Luigi Ferraris,97.15783
"37.383878, -5.970467",Ramón Sánchez Pizjuán Stadium,Spain,Andalucía,1644.489,42714.0,ES,Ramón Sánchez Pizjuán Stadium,164.4489
"39.59, 2.63",Estadi Mallorca Son Moix,Spain,Illes Balears,761.3452,26020.0,ES,Estadi Mallorca Son Moix,76.13452
"40.706667, 14.494444",Stadio Romeo Menti,Italy,Campania,300.3,13000.0,IT,Stadio Romeo Menti,30.03
"41.084736, 16.840072",Stadio San Nicola,Italy,Puglia,2243.395,58270.0,IT,Stadio San Nicola,224.3395
"53.554444, 9.967778",Millerntor-Stadion,Germany,Hamburg,864.51596,29546.0,DE,Millerntor-Stadion,86.451596
"42.219722, 14.382222",Stadio Guido Biondi,Italy,Abruzzo,123.2154,5334.0,IT,Stadio Guido Biondi,12.32154
"41.347861, 2.075667",RCDE Stadium,Spain,Cataluña,1559.25,40500.0,ES,RCDE Stadium,155.925
"51.4417, 5.4674",Philips Stadion,Netherlands,Noord-Brabant,1067.99,36500.0,NL,Philips Stadion,106.799
"37.152967, -3.595736",Estadio Nuevo Los Cármeness,Spain,Andalucía,568.69736,19436.0,ES,Estadio Nuevo Los Cármeness,56.869736
"44.794916666, 10.338444444",Stadio Ennio Tardini,Italy,Emilia-Romagna,654.01952,22352.0,IT,Stadio Ennio Tardini,65.401952
"51.889839, -0.193608",Broadhall Way,,,155.2782,6722.0,,Broadhall Way,15.52782
"52.055, 1.145277777",Portman Road,,,886.89986,30311.0,,Portman Road,88.689986
"46.081603, 13.200136",Stadio Friuli,Italy,Friuli-Venezia Giulia,740.62912,25312.0,IT,Stadio Friuli,74.062912
"37.246389, -6.954167",Estadio Nuevo Colombino,Spain,Andalucía,634.0642,21670.0,ES,Estadio Nuevo Colombino,63.40642
"40.365278, 18.208889",Stadio Via del Mare,Italy,Puglia,920.54886,31461.0,IT,Stadio Via del Mare,92.054886
"36.734092, -4.426422",La Rosaleda Stadium,Spain,Andalucía,879.08744,30044.0,ES,La Rosaleda Stadium,87.908744
"42.796667, -1.636944",El Sadar Stadium,Spain,Comunidad Foral de Navarra,689.83376,23576.0,ES,El Sadar Stadium,68.983376
"45.435356, 10.968647",Stadio Marcantonio Bentegodi,Italy,Veneto,908.3767,31045.0,IT,Stadio Marcantonio Bentegodi,90.83767
"45.435356, 10.968647",Stadio Marcantonio Bentegodi,Italy,Veneto,908.3767,31045.0,IT,Stadio Marcantonio Bentegodi,90.83767
"39.944167, -0.103611",Estadio de la Cerámica,Spain,Comunitat Valenciana,728.31066,24891.0,ES,Estadio de la Cerámica,72.831066
"44.4922, 11.3098",Stadio Renato Dall'Ara,Italy,Emilia-Romagna,1066.87812,36462.0,IT,Stadio Renato Dall'Ara,106.687812
"37.515833, 15.071389",Stadio Angelo Massimino,Italy,Sicilia,685.2692,23420.0,IT,Stadio Angelo Massimino,68.52692
"38.042222, -1.144722",Estadio Nueva Condomina,Spain,Región de Murcia,912.29754,31179.0,ES,Estadio Nueva Condomina,91.229754
"43.526667, 10.314167",Stadio Armando Picchi,,,330.6072,14312.0,,Stadio Armando Picchi,33.06072
"43.321667, 11.326111",Stadio Artemio Franchi,Italy,Toscana,449.81398,15373.0,IT,Stadio Artemio Franchi,44.981398
"45.708889, 9.680833",Stadio Atleti Azzurri d'Italia,Italy,Lombardia,730.037,24950.0,IT,Stadio Atleti Azzurri d'Italia,73.0037
"43.301378, -1.973617",Anoeta Stadium,Spain,País Vasco,1540,40000.0,ES,Anoeta Stadium,154
"40.325556, -3.714722",Estadio Coliseum,Spain,Comunidad de Madrid,482.79,16500.0,ES,Estadio Coliseum,48.279
"43.536111, -5.637222",Campos de Sport del Sardinero,Spain,Principado de Asturias,859.39546,29371.0,ES,Campos de Sport del Sardinero,85.939546
"38.357222, -0.4925",Estadio José Rico Pérez,Spain,Comunitat Valenciana,722.83904,24704.0,ES,Estadio José Rico Pérez,72.283904
"38.266944, -0.663333",Estadio Manuel Martínez Valero,Spain,Comunitat Valenciana,918.41288,31388.0,ES,Estadio Manuel Martínez Valero,91.841288
"42.5574, -6.599972",Estadio El Toralín,Spain,Castilla y León,194.04,8400.0,ES,Estadio El Toralín,19.404
"40.391944, -3.658961",Campo de Fútbol de Vallecas,Spain,Comunidad de Madrid,339.7548,14708.0,ES,Campo de Fútbol de Vallecas,33.97548
"28.1, -15.456667",Gran Canaria Stadium,Spain,Canarias,947.78992,32392.0,ES,Gran Canaria Stadium,94.778992
"45.6225, 13.792778",Stadio Nereo Rocco,Italy,Friuli-Venezia Giulia,949.60404,32454.0,IT,Stadio Nereo Rocco,94.960404
"39.494722, -0.364167",Estadi Ciutat de València,Spain,Comunitat Valenciana,771.11804,26354.0,ES,Estadi Ciutat de València,77.111804
"36.84, -2.435278",Estadio de los Juegos Mediterraneos,Spain,Andalucía,643.72,22000.0,ES,Estadio de los Juegos Mediterraneos,64.372
"41.754444, -2.467778",Nuevo Estadio Los Pajaritos,Spain,Castilla y León,208.4775,9025.0,ES,Nuevo Estadio Los Pajaritos,20.84775
"41.554722, 2.091944",Estadi de la Nova Creu Alta,Spain,Cataluña,276.7611,11981.0,ES,Estadi de la Nova Creu Alta,27.67611
"41.393055555, 2.133333333",Estadi de Sarrià,Spain,Cataluña,1681.1795,43667.0,ES,Estadi de Sarrià,168.11795
"42.211861, -8.740328",Abanca Balaídos Stadium,Spain,Galicia,667.21578,22803.0,ES,Abanca Balaídos Stadium,66.721578
"43.003333, -7.570833",Estadio Anxo Carro,Spain,Galicia,187.11,8100.0,ES,Estadio Anxo Carro,18.711
"42.680833, -2.935556",Estadio Municipal de Anduva,Spain,Castilla y León,138.6,6000.0,ES,Estadio Municipal de Anduva,13.86
"40.634278, -3.182657",Estadio Pedro Escartín,Spain,Castilla-La Mancha,184.8,8000.0,ES,Estadio Pedro Escartín,18.48
"42.131944, -0.424444",Estadio El Alcoraz,Spain,Aragón,207.9,9000.0,ES,Estadio El Alcoraz,20.79
"36.689167, -6.120278",Estadio Municipal de Chapín,Spain,Andalucía,600.50298,20523.0,ES,Estadio Municipal de Chapín,60.050298
"40.338889, -3.840556",Estadio Municipal de Santo Domingo,Spain,Comunidad de Madrid,115.5,5000.0,ES,Estadio Municipal de Santo Domingo,11.55
"40.436111, -3.599444",Metropolitano Stadium,Spain,Comunidad de Madrid,2721.642,70692.0,ES,Metropolitano Stadium,272.1642
"42.45527778, 14.22944444",Stadio Adriatico,Italy,Abruzzo,600.2689,20515.0,IT,Stadio Adriatico,60.02689
"38.092778, 15.635278",Stadio Oreste Granillo,,,805.90818,27543.0,,Stadio Oreste Granillo,80.590818
"44.839722, 11.6075",Stadio Paolo Mazza,Italy,Emilia-Romagna,472.08084,16134.0,IT,Stadio Paolo Mazza,47.208084
"44.714722, 10.649722",Mapei Stadium - Città del Tricolore,Italy,Emilia-Romagna,629.8215,21525.0,IT,Mapei Stadium - Città del Tricolore,62.98215
"41.961389, 2.828611",Montilivi Stadium,Spain,Cataluña,311.85,13500.0,ES,Montilivi Stadium,31.185
"51.6026, -0.291785",The Hive Stadium,,,119.5656,5176.0,,The Hive Stadium,11.95656
"41.374224, 2.050506",Johan Cruijff Stadium,Spain,Cataluña,138.6,6000.0,ES,Johan Cruijff Stadium,13.86
"53.4250789, -3.0027851",Hill Dickinson Stadium,,,2301.1065,59769.0,,Hill Dickinson Stadium,230.11065
"39.199694444, 9.137416666",Unipol Domus,,,480.33216,16416.0,,Unipol Domus,48.033216
"-22.893172, -43.292269",Estádio Nilton Santos,,,1806.8435,46931.0,,Estádio Nilton Santos,180.68435
"53.483055555, -2.200277777",Etihad Stadium,,,2118.1545,55017.0,,Etihad Stadium,211.81545
"40.45592222, 19.48898611",Flamurtari Stadium,AL,Jug,300.3,13000.0,AL,Flamurtari Stadium,30.03
"52.514722222, 13.239444444",Berlin Olympic Stadium,Germany,Berlin,2867.2875,74475.0,DE,Berlin Olympic Stadium,286.72875
"50.933611, 6.875",RheinEnergie Stadion,Germany,Köln,1778.5075,46195.0,DE,RheinEnergie Stadion,177.85075
"51.174583333, 6.385463888",Borussia-Park,Germany,Düsseldorf,2300.3365,59749.0,DE,Borussia-Park,230.03365
"53.066389, 8.8375",Weserstadion,Germany,Bremen,1636.25,42500.0,DE,Weserstadion,163.625
"-22.912166666, -43.230163888",Maracanã Stadium,,,3035.263,78838.0,,Maracanã Stadium,303.5263
"52.431944, 10.803889",Volkswagen Arena,Germany,Braunschweig,877.8,30000.0,DE,Volkswagen Arena,87.78
"51.038255555, 7.002205555",BayArena,Germany,Köln,883.9446,30210.0,DE,BayArena,88.39446
"52.397222, 16.858056",Enea Stadion,Poland,Wielkopolskie,1650.6105,42873.0,PL,Enea Stadion,165.06105
"52.314166666, 4.941944444",Johan Cruyff Arena,Netherlands,Noord-Holland,2117.115,54990.0,NL,Johan Cruyff Arena,211.7115
"33.324906, 44.435438",Al-Shaab Stadium,,,1024.1,35000.0,,Al-Shaab Stadium,102.41
"38.761194444, -9.160783333",Estádio José Alvalade,Portugal,Grande Lisboa,2005.6575,52095.0,PT,Estádio José Alvalade,200.56575
"51.751389, 14.345556",LEAG Energie Stadion,Germany,Brandenburg,659.16928,22528.0,DE,LEAG Energie Stadion,65.916928
"47.988889, 7.893056",Dreisamstadion,Germany,Freiburg,702.24,24000.0,DE,Dreisamstadion,70.224
"51.630555555, -0.800277777",Adams Park,,,237.5604,10284.0,,Adams Park,23.75604
"51.489944, 7.236489",Ruhrstadion,Germany,Arnsberg,857.28874,29299.0,DE,Ruhrstadion,85.728874
"48.55942, 7.75738",Stade de la Meinau,France,Alsace,763.94934,26109.0,FR,Stade de la Meinau,76.394934
"49.984167, 8.224167",Mewa Arena,Germany,Rheinhessen-Pfalz,995.83484,34034.0,DE,Mewa Arena,99.583484
"51.549, 0.701556",Roots Hall,,,286.2552,12392.0,,Roots Hall,28.62552
"-32.920278, -68.839444",Estadio Feliciano Gambarte,,,468.16,16000.0,,Estadio Feliciano Gambarte,46.816
"3.100536111, 101.721372222",KLFA Stadium,,,526.68,18000.0,,KLFA Stadium,52.668
"49.02, 8.413055555",Wildparkstadion,Germany,Karlsruhe,868.99274,29699.0,DE,Wildparkstadion,86.899274
"49.02, 8.413055555",Wildparkstadion,Germany,Karlsruhe,868.6524,33180.0,DE,Wildparkstadion,86.86524
"10.641608, -61.384761",Marvin Lee Stadium,,,138.6,6000.0,,Marvin Lee Stadium,13.86
"-8.040556, -34.896667",Estádio dos Aflitos,,,579.348,19800.0,,Estádio dos Aflitos,57.9348
"51.037222, 4.486389",AFAS Stadion KV Mechelen,Belgium,Prov. Antwerpen,305.2203,13213.0,BE,AFAS Stadion KV Mechelen,30.52203
"36.734092, -4.426422",La Rosaleda Stadium,Spain,Andalucía,879.08744,30044.0,ES,La Rosaleda Stadium,87.908744
"10.661522, -61.533033",Hasely Crawford Stadium,,,790.02,27000.0,,Hasely Crawford Stadium,79.002
"10.661522, -61.533033",Hasely Crawford Stadium,,,790.02,27000.0,,Hasely Crawford Stadium,79.002
"52.031389, 8.516944",Bielefelder Alm,Germany,Detmold,798.798,27300.0,DE,Bielefelder Alm,79.8798
"-23.951111, -46.338889",Estádio Urbano Caldeira,,,470.14968,16068.0,,Estádio Urbano Caldeira,47.014968
"10.42472222, -61.41722222",Ato Boldon Stadium,,,231,10000.0,,Ato Boldon Stadium,23.1
"24.788206, 46.839236",King Fahd Sports City,,,2702.7,70200.0,,King Fahd Sports City,270.27
"30.552356, 47.778155",Al Mina'a Stadium,,,877.8,30000.0,,Al Mina'a Stadium,87.78
"29.340833333, 48.088333333",Thamir Stadium,,,471.2323,16105.0,,Thamir Stadium,47.12323
"40.213367, 69.27919",Metallurg Bekabad Stadium,,,438.9,15000.0,,Metallurg Bekabad Stadium,43.89
"41.5624, -8.4308",Estádio Municipal de Braga,Portugal,Norte,886.16836,30286.0,PT,Estádio Municipal de Braga,88.616836
"-30.065614, -51.236086",Estádio Beira-Rio,,,1888.6175,49055.0,,Estádio Beira-Rio,188.86175
"-34.449333, -58.542219",Estadio José Dellagiovanna,,,769.01132,26282.0,,Estadio José Dellagiovanna,76.901132
"51.193269, 3.181311",Jan Breydel Stadium,Belgium,Prov. West-Vlaanderen,850.35412,29062.0,BE,Jan Breydel Stadium,85.035412
"32.104197, 34.865078",HaMoshava Stadium,,,265.65,11500.0,,HaMoshava Stadium,26.565
"40.397333, 49.852417",Tofiq Bahramov Stadium,,,912.912,31200.0,,Tofiq Bahramov Stadium,91.2912
"60.495, 15.434166666",Domnarvsvallen,Sweden,Norra Mellansverige,150.15,6500.0,SE,Domnarvsvallen,15.015
"30.2683, 120.129",Huanglong Sports Center,,,1963.5,51000.0,,Huanglong Sports Center,196.35
"40.625833, 20.782778",Skënderbeu Stadium,AL,Jug,285.8163,12373.0,AL,Skënderbeu Stadium,28.58163
"35.894863888, 14.415372222",Ta' Qali National Stadium,Malta,Malta,520.74022,17797.0,MT,Ta' Qali National Stadium,52.074022
"35.894863888, 14.415372222",Ta' Qali National Stadium,Malta,Malta,520.74022,17797.0,MT,Ta' Qali National Stadium,52.074022
"35.894863888, 14.415372222",Ta' Qali National Stadium,Malta,Malta,520.74022,17797.0,MT,Ta' Qali National Stadium,52.074022
"35.894863888, 14.415372222",Ta' Qali National Stadium,Malta,Malta,520.74022,17797.0,MT,Ta' Qali National Stadium,52.074022
"35.894863888, 14.415372222",Ta' Qali National Stadium,Malta,Malta,520.74022,17797.0,MT,Ta' Qali National Stadium,52.074022
"-31.631853, -60.715867",Estadio 15 de Abril,,,877.8,30000.0,,Estadio 15 de Abril,87.78
"-31.663217, -60.725394",Estadio Brigadier General Estanislao López,,,1082.62,37000.0,,Estadio Brigadier General Estanislao López,108.262
"48.5322, 12.1383",Q1384007,Germany,Niederbayern,231,10000.0,DE,Q1384007,23.1
"9.99963, -84.123065",Estadio Eladio Rosabal Cordero,,,186.3708,8068.0,,Estadio Eladio Rosabal Cordero,18.63708
"42.070031, 19.506558",Loro Boriçi Stadium,AL,Veri,468.16,16000.0,AL,Loro Boriçi Stadium,46.816
"-17.796067, -63.183873",Estadio Ramón Tahuichi Aguilera,,,1029.3668,35180.0,,Estadio Ramón Tahuichi Aguilera,102.93668
"38.7628177, -9.1586173",Estádio José Alvalade (1956),Portugal,Grande Lisboa,2895.2,75200.0,PT,Estádio José Alvalade (1956),289.52
"41.32583333, 19.44944444",Niko Dovana Stadium,,,278.124,12040.0,,Niko Dovana Stadium,27.8124
"41.326081, 19.449856",Niko Dovana Stadium,,,278.124,12040.0,,Niko Dovana Stadium,27.8124
"35.5498, 45.4289",Sulaymaniyah Stadium,,,0,,,Sulaymaniyah Stadium,0
"46.081781, 19.676958",Subotica City Stadium,RS,Autonomous Province of Vojvodina,300.3,13000.0,RS,Subotica City Stadium,30.03
"46.21002, 5.2371",Stade Marcel-Verchère,France,Rhône-Alpes,263.34,11400.0,FR,Stade Marcel-Verchère,26.334
"40.736944444, 44.856388888",Dilijan City Stadium,,,38.5,2000.0,,Dilijan City Stadium,3.85
"-23.527556, -46.678417",Allianz Parque,,,1682.9505,43713.0,,Allianz Parque,168.29505
"-19.478794, -44.222022",Arena do Jacaré,,,497.42,17000.0,,Arena do Jacaré,49.742
"41.188558, 19.553247",Besa Stadium,AL,Qender,196.35,8500.0,AL,Besa Stadium,19.635
"-31.519847, -68.530289",Estadio Ingeniero Hilario Sánchez,,,570.57,19500.0,,Estadio Ingeniero Hilario Sánchez,57.057
"1.497575, 103.751372222",Tan Sri Dato Haji Hassan Yunos Stadium,,,877.8,30000.0,,Tan Sri Dato Haji Hassan Yunos Stadium,87.78
"41.64248, 19.711672",Laçi Stadium,AL,Veri,254.1,11000.0,AL,Laçi Stadium,25.41
"0.143111, 117.461239",Mulawarman Stadium,,,277.2,12000.0,,Mulawarman Stadium,27.72
"26.308612, 127.820993",Okinawa Athletic Stadium,,,731.5,25000.0,,Okinawa Athletic Stadium,73.15
"10.59919722, -61.13074167",Sangre Grande Regional Complex,,,161.7,7000.0,,Sangre Grande Regional Complex,16.17
"33.488333, -111.921111",Scottsdale Stadium,,,277.2,12000.0,,Scottsdale Stadium,27.72
"40.0812, 20.1381",Subi Bakiri Stadium,AL,Jug,194.04,8400.0,AL,Subi Bakiri Stadium,19.404
"42.078888888, 20.420277777",Zeqir Ymeri Stadium,AL,Veri,115.5,5000.0,AL,Zeqir Ymeri Stadium,11.55
"33.6319, -112.2332",Peoria Sports Complex,,,297.5742,12882.0,,Peoria Sports Complex,29.75742
"-7.87525, 110.380388888",Sultan Agung Stadium,,,1024.1,35000.0,,Sultan Agung Stadium,102.41
"53.984722222, -1.052777777",York Community Stadium,,,196.35,8500.0,,York Community Stadium,19.635
"33.4375, -111.90555556",Casino Arizona Field,,,0,,,Casino Arizona Field,0
"40.2917128, -3.8260961",Estadio Fernando Torres,Spain,Comunidad de Madrid,138.6,6000.0,ES,Estadio Fernando Torres,13.86
"1.481722222, 103.61925",Sultan Ibrahim Stadium,,,1540,40000.0,,Sultan Ibrahim Stadium,154
"-7.185388888, 112.65075",Gelora Joko Samudro Stadium,,,1540,40000.0,,Gelora Joko Samudro Stadium,154
"33.67446, -117.739335",Championship Soccer Stadium,,,115.5,5000.0,,Championship Soccer Stadium,11.55
"48.021536, 7.830006",Europa-Park-Stadion,Germany,Freiburg,1015.322,34700.0,DE,Europa-Park-Stadion,101.5322
"33.270111111, -111.978472222",Phoenix Rising Soccer Stadium,,,0,,,Phoenix Rising Soccer Stadium,0
"26.350571111, 50.181142777",Al-Ettifaq Club Stadium,,,438.9,15000.0,,Al-Ettifaq Club Stadium,43.89
"-25.578611111, 27.160833333",Royal Bafokeng Stadium,,,1617,42000.0,,Royal Bafokeng Stadium,161.7
"46.608847, 14.278281",Wörthersee Stadion,Austria,Kärnten,936.32,32000.0,AT,Wörthersee Stadion,93.632
"62.0193487, -6.7811394",Gundadalur,,,115.5,5000.0,,Gundadalur,11.55
"60.4575, 26.939722",Arto Tolsa Areena,Finland,Etelä-Suomi,92.015,4780.0,FI,Arto Tolsa Areena,9.2015
"42.432778, 25.615278",Beroe Stadium,Bulgaria,Yugoiztochen,280.1568,12128.0,BG,Beroe Stadium,28.01568
"35.8873, 14.4925",Victor Tedesco Stadium,Malta,Malta,37.7685,1962.0,MT,Victor Tedesco Stadium,3.77685
"5.551388888, -0.191944444",Accra Sports Stadium,,,1540,40000.0,,Accra Sports Stadium,154
"5.5516, -0.19184",Accra Sports Stadium,,,1540,40000.0,,Accra Sports Stadium,154
"-16.0125, -48.062222",Bezerrão,,,585.2,20000.0,,Bezerrão,58.52
"40.410986, 49.897711",ASK Arena,,,187.6875,8125.0,,ASK Arena,18.76875
"33.200556, 131.6575",Ōita Stadium,,,1540,40000.0,,Ōita Stadium,154
"37.8825, 139.059166666",Denka Big Swan Stadium,,,1628.55,42300.0,,Denka Big Swan Stadium,162.855
"62.884444, 27.670833",Kuopio Football Stadium,Finland,Pohjois- ja Itä-Suomi,51.975,2700.0,FI,Kuopio Football Stadium,5.1975
"39.940094, 32.845681",Ankara 19 Mayıs Stadium,TR,Ankara,562.34794,19219.0,TR,Ankara 19 Mayıs Stadium,56.234794
"34.929818, 33.613207",Ammochostos Stadium,Cyprus,Kýpros,80.09925,4161.0,CY,Ammochostos Stadium,8.009925
"39.728612, 36.984065",Sivas 4 Eylül Stadium,TR,"Kayseri, Sivas, Yozgat",346.4538,14998.0,TR,Sivas 4 Eylül Stadium,34.64538
"46.162687, 8.801544",Stadio del Lido,Switzerland,Ticino,254.1,11000.0,CH,Stadio del Lido,25.41
"51.75875, 19.42675",Stadion ŁKS,Poland,Łódzkie,527.52854,18029.0,PL,Stadion ŁKS,52.752854
"53.998944, -6.416917",Oriel Park,Ireland,Eastern and Midland,86.625,4500.0,IE,Oriel Park,8.6625
"53.998944, -6.416917",Oriel Park,Ireland,Eastern and Midland,83.16,9000.0,IE,Oriel Park,8.316
"-19.908333, -43.917778",Estádio Independência,,,673.50668,23018.0,,Estádio Independência,67.350668
"-34.9075, 138.568889",Hindmarsh Stadium,,,497.42,17000.0,,Hindmarsh Stadium,49.742
"53.48805556, 18.75944444",City Stadium Grudziądz,Poland,Kujawsko-pomorskie,184.8,8000.0,PL,City Stadium Grudziądz,18.48
"51.193269, 3.181311",Jan Breydel Stadium,Belgium,Prov. West-Vlaanderen,850.35412,29062.0,BE,Jan Breydel Stadium,85.035412
"42.328611, 19.240556",Stadion Trešnjica,ME,Crna Gora,161.7,7000.0,ME,Stadion Trešnjica,16.17
"42.749167, 13.954722",Stadio Rubens Fadini,Italy,Abruzzo,83.67975,4347.0,IT,Stadio Rubens Fadini,8.367975
"47.506111, 19.094722",Millenáris Sporttelep,Hungary,Budapest,187.803,8130.0,HU,Millenáris Sporttelep,18.7803
"35.894863888, 14.415372222",Ta' Qali National Stadium,Malta,Malta,520.74022,17797.0,MT,Ta' Qali National Stadium,52.074022
"41.271388888, -8.385277777",Estádio Capital do Móvel,Portugal,Norte,209.6556,9076.0,PT,Estádio Capital do Móvel,20.96556
"-27.666389, -48.531667",Estádio da Ressacada,,,520.828,17800.0,,Estádio da Ressacada,52.0828
"36.885833, 7.733056","May 19, 1956 Stadium",,,1925,50000.0,,"May 19, 1956 Stadium",192.5
"-22.60763611, 17.090975",Sam Nujoma Stadium,,,237.93,10300.0,,Sam Nujoma Stadium,23.793
"36.999, 35.3297",Adana 5 Ocak Stadium,TR,"Adana, Mersin",325.3635,14085.0,TR,Adana 5 Ocak Stadium,32.53635
"36.999, 35.3297",Adana 5 Ocak Stadium,TR,"Adana, Mersin",325.3635,14085.0,TR,Adana 5 Ocak Stadium,32.53635
"47.130833, 24.502778",Stadionul Gloria,Romania,Nord-Vest,180.18,7800.0,RO,Stadionul Gloria,18.018
"12.15274444, -68.88754722",Ergilio Hato Stadium,,,438.9,15000.0,,Ergilio Hato Stadium,43.89
"46.136967, 14.602343",Domžale Sports Park,Slovenia,Zahodna Slovenija,54.15025,2813.0,SI,Domžale Sports Park,5.415025
"50.883056, 3.428889",Regenboogstadion,Belgium,Prov. West-Vlaanderen,235.62,10200.0,BE,Regenboogstadion,23.562
"5.32825, -4.018417",Felix Houphouet Boigny Stadium,,,994.84,34000.0,,Felix Houphouet Boigny Stadium,99.484
"5.32825, -4.018417",Felix Houphouet Boigny Stadium,,,1001,50000.0,,Felix Houphouet Boigny Stadium,100.1
"51.916944, 4.520556",Stadion Woudestein,Netherlands,Zuid-Holland,67.97175,3531.0,NL,Stadion Woudestein,6.797175
"49.6843, 12.1695",Q2326124,Germany,Oberpfalz,175.56,7600.0,DE,Q2326124,17.556
"44.197278, 28.639333",Stadionul Farul,Romania,Sud-Est,453.53,15500.0,RO,Stadionul Farul,45.353
"43.1192, 131.8788",Dynamo Stadium,,,235.62,10200.0,,Dynamo Stadium,23.562
"46.166111, 16.834722",Gradski stadion,Croatia,Sjeverna Hrvatska,77,4000.0,HR,Gradski stadion,7.7
"-22.90055556, -43.10583333",Estádio Caio Martins,,,277.2,12000.0,,Estádio Caio Martins,27.72
"47.84069, 1.94169",Stade de la Source,France,Centre — Val de Loire,158.5353,6863.0,FR,Stade de la Source,15.85353
"43.421944444, 11.140277777",Stadio Gino Manni,Italy,Toscana,57.75,3000.0,IT,Stadio Gino Manni,5.775
"51.3787, -2.3951",Twerton Park,,,204.204,8840.0,,Twerton Park,20.4204
"20.4358, 106.18",Thien Truong Stadium,,,0,,,Thien Truong Stadium,0
"32.083333, 20.266667",Martyrs of February Stadium,,,243.705,10550.0,,Martyrs of February Stadium,24.3705
"7.26522222, -2.86536111",Agyeman Badu Stadium,,,115.5,5000.0,,Agyeman Badu Stadium,11.55
"25.392215, 55.450546",Ajman Stadium,,,0,,,Ajman Stadium,0
"40.99656667, 28.83211944",Bahçelievler Stadium,,,0,,,Bahçelievler Stadium,0
"51.461231, -0.084061",Champion Hill,,,57.75,3000.0,,Champion Hill,5.775
"-27.376667, -70.320833",Estadio Luis Valenzuela Hermosilla,,,184.8,8000.0,,Estadio Luis Valenzuela Hermosilla,18.48
"45.487778, 16.7825",Gradski stadion,Croatia,Panonska Hrvatska,19.4425,1010.0,HR,Gradski stadion,1.94425
"45.487778, 16.7825",Gradski stadion,Croatia,Panonska Hrvatska,20.02,2000.0,HR,Gradski stadion,2.002
"42.2863, 18.8507",Stadion Lugovi,ME,Crna Gora,77,4000.0,ME,Stadion Lugovi,7.7
"10.536111, 106.408333",Long An Stadium,,,584.4685,19975.0,,Long An Stadium,58.44685
"36.5851, 36.1553",İskenderun 5 Temmuz Stadium,TR,"Hatay, Kahramanmaraş, Osmaniye",286.209,12390.0,TR,İskenderun 5 Temmuz Stadium,28.6209
"60.375694, 5.341497",Krohnsminde,Norway,Vestlandet,0,,NO,Krohnsminde,0
"36.83974, 10.18518",Stade Ameur El-Gargouri,,,77,4000.0,,Stade Ameur El-Gargouri,7.7
"-34.851743, 138.636493",Adelaide City Park,,,127.05,5500.0,,Adelaide City Park,12.705
"60.17777778, 24.78111111",Tapiola Sports Park,Finland,Helsinki-Uusimaa,78.925,4100.0,FI,Tapiola Sports Park,7.8925
"42.36472222, 18.75611111",Stadion Donja Sutvara,ME,Crna Gora,28.875,1500.0,ME,Stadion Donja Sutvara,2.8875
"53.5175, 28.150833333",Haradski Stadium (Marjina Horka),,,38.5,2000.0,,Haradski Stadium (Marjina Horka),3.85
"34.693194, 32.939278",Limassol Arena,Cyprus,Kýpros,237.93,10300.0,CY,Limassol Arena,23.793
"52.514722222, 13.239444444",Berlin Olympic Stadium,Germany,Berlin,2867.2875,74475.0,DE,Berlin Olympic Stadium,286.72875
"29.565, 52.491389",Pars Stadium,,,1925,50000.0,,Pars Stadium,192.5
"40.98, 28.791388888",Şenlikköy Stadium,,,184.8,8000.0,,Şenlikköy Stadium,18.48
"40.410986, 49.897711",ASK Arena,,,187.6875,8125.0,,ASK Arena,18.76875
"25.330538, 51.341279",Ahmad bin Ali Stadium,,,1722.49,44740.0,,Ahmad bin Ali Stadium,172.249
"43.378384, 17.854382",Rođeni Stadium,BA,Federacija Bosne i Hercegovine,161.7,7000.0,BA,Rođeni Stadium,16.17
"25.374202777, 55.423058333",Khalid Bin Mohammed Stadium,,,231,10000.0,,Khalid Bin Mohammed Stadium,23.1
"39.929528, 116.441139",Workers Stadium,,,2547.1985,66161.0,,Workers Stadium,254.71985
"6.398611, 5.611944",Samuel Ogbemudia Stadium,,,585.2,20000.0,,Samuel Ogbemudia Stadium,58.52
"51.298611, 9.484167",Auestadion,Germany,Kassel,526.47518,17993.0,DE,Auestadion,52.647518
"43.4682, 4.94795",Stade Parsemain,France,Provence-Alpes-Côte d’Azur,497.42,17000.0,FR,Stade Parsemain,49.742
"54.869142, -6.262867",Ballymena Showgrounds,,,78.925,4100.0,,Ballymena Showgrounds,7.8925
"54.717407, 20.489826",Baltika Stadium,,,86.625,4500.0,,Baltika Stadium,8.6625
"-16.698889, -49.233889",Estádio Serra Dourada,,,2082.234,54084.0,,Estádio Serra Dourada,208.2234
"13.76657, 100.552823",Thai-Japanese Stadium,,,238.392,10320.0,,Thai-Japanese Stadium,23.8392
"21.4855, 39.9737",King Abdulaziz Sports City,,,1111.88,38000.0,,King Abdulaziz Sports City,111.188
"42.005733, 21.425592",Arena ”Philip II. of Macedonia / Toše Proeski / Todor”,MK,Severna Makedonija,979.0396,33460.0,MK,Arena ”Philip II. of Macedonia / Toše Proeski / Todor”,97.90396
"51.6036, 7.44532",Q1236957,Germany,Arnsberg,67.375,3500.0,DE,Q1236957,6.7375
"49.631381, 8.335803",Wormatia-Stadion,Germany,Rheinhessen-Pfalz,132.2244,5724.0,DE,Wormatia-Stadion,13.22244
"49.3367, 7.17972",Ellenfeldstadion,Germany,Saarland,684.684,23400.0,DE,Ellenfeldstadion,68.4684
"-41.273055555, 174.785833333",Wellington Regional Stadium,,,1009.47,34500.0,,Wellington Regional Stadium,100.947
"35.894863888, 14.415372222",Ta' Qali National Stadium,Malta,Malta,520.74022,17797.0,MT,Ta' Qali National Stadium,52.074022
"38.6575, -9.053611111",Estádio Alfredo da Silva,Portugal,Península de Setúbal,629.03148,21498.0,PT,Estádio Alfredo da Silva,62.903148
"26.153594, 50.543664",Bahrain National Stadium,,,702.24,24000.0,,Bahrain National Stadium,70.224
"52.7081, 7.29806",Hänsch-Arena,Germany,Weser-Ems,315.6153,13663.0,DE,Hänsch-Arena,31.56153
"55.38680556, 13.15816667",Vångavallen,Sweden,Sydsverige,231,10000.0,SE,Vångavallen,23.1
"19.1081, -72.6959",Parc Levelt,,,115.5,5000.0,,Parc Levelt,11.55
"52.6163, 8.48314",Q2312784,Germany,Hannover,83.7375,4350.0,DE,Q2312784,8.37375
"52.4132, 12.5009",Stadion am Quenz,Germany,Brandenburg,453.53,15500.0,DE,Stadion am Quenz,45.353
"48.478611, 9.19",Stadion an der Kreuzeiche,Germany,Tübingen,445.57128,15228.0,DE,Stadion an der Kreuzeiche,44.557128
"54.090666666, 13.414777777",Q2532191,Germany,Mecklenburg-Vorpommern,184.8,8000.0,DE,Q2532191,18.48
"25.24, 55.313055555",Al-Maktoum Stadium,,,277.2,12000.0,,Al-Maktoum Stadium,27.72
"29.3425, 47.951944444",Al Kuwait Sports Club Stadium,,,541.31,18500.0,,Al Kuwait Sports Club Stadium,54.131
"54.698055555, 20.533888888",Rostec Arena,,,1733.0775,45015.0,,Rostec Arena,173.30775
"26.118028, 51.221028",Al-Shamal SC Stadium,,,115.5,5000.0,,Al-Shamal SC Stadium,11.55
"33.894444, 35.469444",Al Manara Stadium,,,115.5,5000.0,,Al Manara Stadium,11.55
"39.6415, 27.8877",Balıkesir Atatürk Stadium,TR,"Balıkesir, Çanakkale",462.308,15800.0,TR,Balıkesir Atatürk Stadium,46.2308
"7.45380556, -2.585",Berekum Sports Stadium,,,115.5,5000.0,,Berekum Sports Stadium,11.55
"58.40416667, 15.63166667",Folkungavallen,Sweden,Östra Mellansverige,184.8,8000.0,SE,Folkungavallen,18.48
"55.715278, 21.404444",Gargždai Stadium,Lithuania,Vidurio ir vakarų Lietuvos regionas,38.5,2000.0,LT,Gargždai Stadium,3.85
"55.75805556, 12.52722222",Gentofte Sportspark,Denmark,Hovedstaden,0,,DK,Gentofte Sportspark,0
"10.970043, 106.672",Go Dau Stadium,,,533.995,18250.0,,Go Dau Stadium,53.3995
"51.410833, -3.265278",Jenner Park Stadium,,,0,,,Jenner Park Stadium,0
"-23.92416667, 29.465",Pietersburg Stadium,,,0,,,Pietersburg Stadium,0
"45.753859, 21.21052",Stadionul CFR,Romania,Vest,161.7,7000.0,RO,Stadionul CFR,16.17
"45.7539, 21.2105",Stadionul CFR,Romania,Vest,161.7,7000.0,RO,Stadionul CFR,16.17
"1.3304, 103.853",Toa Payoh Stadium,,,73.15,3800.0,,Toa Payoh Stadium,7.315
"57.2073, 9.6732",Jetsmark Idrætscenter,Denmark,Nordjylland,0,,DK,Jetsmark Idrætscenter,0
"24.2456, 55.7166",Hazza bin Zayed Stadium,,,731.5,25000.0,,Hazza bin Zayed Stadium,73.15
"5.89944, 5.68325",Sapele Stadium,,,0,,,Sapele Stadium,0
"33.811666666, 35.506388888",Al Ahed Stadium,,,0,,,Al Ahed Stadium,0
"51.261539, 6.733083",Merkur Spiel-Arena,Germany,Düsseldorf,229.0827,9917.0,DE,Merkur Spiel-Arena,22.90827
"51.261539, 6.733083",Merkur Spiel-Arena,Germany,Düsseldorf,237.93,51500.0,DE,Merkur Spiel-Arena,23.793
"51.261539, 6.733083",Merkur Spiel-Arena,Germany,Düsseldorf,210.21,54600.0,DE,Merkur Spiel-Arena,21.021
"51.261539, 6.733083",Merkur Spiel-Arena,Germany,Düsseldorf,204.82,66500.0,DE,Merkur Spiel-Arena,20.482
"51.040278, 13.747778",Rudolf-Harbig-Stadion,Germany,Dresden,938.8071,32085.0,DE,Rudolf-Harbig-Stadion,93.88071
"43.269241, 5.394907",Stade Vélodrome,France,Provence-Alpes-Côte d’Azur,2594.669,67394.0,FR,Stade Vélodrome,259.4669
"48.110833, 11.574444",Grünwalder Stadion,Germany,Oberbayern,438.9,15000.0,DE,Grünwalder Stadion,43.89
"52.280833, 8.071111",Stadion an der Bremer Brücke,Germany,Weser-Ems,471.9638,16130.0,DE,Stadion an der Bremer Brücke,47.19638
"34.937422, 33.620922",Antonis Papadopoulos Stadium,Cyprus,Kýpros,225.9411,9781.0,CY,Antonis Papadopoulos Stadium,22.59411
"60.4575, 26.939722",Arto Tolsa Areena,Finland,Etelä-Suomi,92.015,4780.0,FI,Arto Tolsa Areena,9.2015
"41.161758, -8.583933",Estádio do Dragão,Portugal,Norte,1926.2705,50033.0,PT,Estádio do Dragão,192.62705
"50.842186, 12.945669",Stadion an der Gellertstraße,Germany,Chemnitz,731.5,25000.0,DE,Stadion an der Gellertstraße,73.15
"51.493611, 6.854444",Niederrheinstadion,Germany,Düsseldorf,623.76468,21318.0,DE,Niederrheinstadion,62.376468
"51.3029, 12.4192",Bruno-Plache-Stadion,Germany,Leipzig,161.7,7000.0,DE,Bruno-Plache-Stadion,16.17
"51.358056, 12.307778",Alfred-Kunze-Sportpark,Germany,Leipzig,585.2,20000.0,DE,Alfred-Kunze-Sportpark,58.52
"50.128056, 8.723333",Stadion am Bornheimer Hang,Germany,Darmstadt,289.7202,12542.0,DE,Stadion am Bornheimer Hang,28.97202
"51.893894444, 4.523252777",De Kuip,Netherlands,Zuid-Holland,1985.7145,51577.0,NL,De Kuip,198.57145
"42.705467, 23.363197",Georgi Asparuhov Stadium,Bulgaria,Yugozapaden,854.392,29200.0,BG,Georgi Asparuhov Stadium,85.4392
"49.006667, 21.234444",Štadión 1. FC Tatran Prešov,Slovakia,Východné Slovensko,124.971,5410.0,SK,Štadión 1. FC Tatran Prešov,12.4971
"52.125556, 11.670833",Avnet Arena,Germany,Sachsen-Anhalt,880.66748,30098.0,DE,Avnet Arena,88.066748
"35.535277777, 129.259444444",Ulsan Munsu Football Stadium,,,1697.927,44102.0,,Ulsan Munsu Football Stadium,169.7927
"51.339167, 6.603611",Grotenburg-Stadion,Germany,Düsseldorf,1009.47,34500.0,DE,Grotenburg-Stadion,100.947
"50.813611, 5.165278",Stayen,Belgium,Prov. Limburg (BE),259.875,11250.0,BE,Stayen,25.9875
"50.915833, 11.582778",Ernst-Abbe-Sportfeld,Germany,Thüringen,300.069,12990.0,DE,Ernst-Abbe-Sportfeld,30.0069
"48.073611, 11.615556",Generali Sportpark,Germany,Oberbayern,440.45078,15053.0,DE,Generali Sportpark,44.045078
"48.6685, 10.1393",Voith-Arena,Germany,Stuttgart,231.0231,10001.0,DE,Voith-Arena,23.10231
"52.54, 13.4764",Sportforum Hohenschönhausen,Germany,Berlin,231,10000.0,DE,Sportforum Hohenschönhausen,23.1
"51.731389, 8.710833",Home Deluxe Arena,Germany,Detmold,438.9,15000.0,DE,Home Deluxe Arena,43.89
"50.296317, 18.768564",Ernest Pohl Stadium,Poland,Śląskie,826.18536,28236.0,PL,Ernest Pohl Stadium,82.618536
"44.7761, 17.1996",Gradski stadion,BA,Republika Srpska,224.763,9730.0,BA,Gradski stadion,22.4763
"52.543056, 13.405278",Friedrich-Ludwig-Jahn-Sportpark,Germany,Berlin,576.65608,19708.0,DE,Friedrich-Ludwig-Jahn-Sportpark,57.665608
"52.29, 10.521389",Eintracht-Stadion,Germany,Braunschweig,714.11956,24406.0,DE,Eintracht-Stadion,71.411956
"49.486944, 10.999167",Trolli Arena,Germany,Mittelfranken,541.31,18500.0,DE,Trolli Arena,54.131
"51.409028, 6.778639",Schauinsland-Reisen-Arena,Germany,Düsseldorf,921.69,31500.0,DE,Schauinsland-Reisen-Arena,92.169
"48.162306, 16.386694",Generali Arena,Austria,Wien,516.61456,17656.0,AT,Generali Arena,51.661456
"50.793333333, 6.097222222",New Tivoli,Germany,Köln,964.4096,32960.0,DE,New Tivoli,96.44096
"54.08495, 12.095188888",Ostseestadion,Germany,Mecklenburg-Vorpommern,848.54,29000.0,DE,Ostseestadion,84.854
"49.2475, 6.984167",Ludwigsparkstadion,Germany,Saarland,1032.96578,35303.0,DE,Ludwigsparkstadion,103.296578
"-19.032322, -65.257912",Estadio Olímpico Patria,,,898.282,30700.0,,Estadio Olímpico Patria,89.8282
"52.457222, 13.568056",Stadion An der Alten Försterei,Germany,Berlin,635.05904,21704.0,DE,Stadion An der Alten Försterei,63.505904
"42.684258, 23.339769",Balgarska Armia Stadium,Bulgaria,Yugozapaden,644.1589,22015.0,BG,Balgarska Armia Stadium,64.41589
"50.094444, 8.798611",Sparda Bank Hessen Stadium,Germany,Darmstadt,599.83,20500.0,DE,Sparda Bank Hessen Stadium,59.983
"22.3261, 114.173",Mong Kok Stadium,,,153.9384,6664.0,,Mong Kok Stadium,15.39384
"41.674824, 44.859751",Sinatle Stadium,,,38.5,2000.0,,Sinatle Stadium,3.85
"54.349167, 10.123611",Holstein-Stadion,Germany,Schleswig-Holstein,439.89484,15034.0,DE,Holstein-Stadion,43.989484
"47.822778, 16.255278",Stadion Wiener Neustadt,Austria,Niederösterreich,231,10000.0,AT,Stadion Wiener Neustadt,23.1
"51.0536, 12.2831",Bluechip-Arena,Germany,Thüringen,121.506,5260.0,DE,Bluechip-Arena,12.1506
"23.14052, 113.31934",Tianhe Stadium,,,2252.25,58500.0,,Tianhe Stadium,225.225
"-7.44772, 112.705929",Gelora Delta Stadium,,,1024.1,35000.0,,Gelora Delta Stadium,102.41
"8.62443, -70.207401",Estadio Agustín Tovar,,,877.8,30000.0,,Estadio Agustín Tovar,87.78
"10.303371, -61.441673",Manny Ramjohn Stadium,,,231,10000.0,,Manny Ramjohn Stadium,23.1
"22.272861111, 114.188444444",Hong Kong Stadium,,,1540,40000.0,,Hong Kong Stadium,154
"51.413333, 16.1975",Stadion Zagłębia Lubin,Poland,Dolnośląskie,470.14968,16068.0,PL,Stadion Zagłębia Lubin,47.014968
"41.454444, 15.5425",Stadio Pino Zaccheria,Italy,Puglia,731.5,25000.0,IT,Stadio Pino Zaccheria,73.15
"35.894863888, 14.415372222",Ta' Qali National Stadium,Malta,Malta,520.74022,17797.0,MT,Ta' Qali National Stadium,52.074022
"-16.499444, -68.122778",Estadio Hernando Siles,,,1111.88,38000.0,,Estadio Hernando Siles,111.188
"-16.499444, -68.122778",Estadio Hernando Siles,,,1111.88,38000.0,,Estadio Hernando Siles,111.188
"46.848611, 16.848611",ZTE Arena,Hungary,Nyugat-Dunántúl,323.4,14000.0,HU,ZTE Arena,32.34
"38.6233, 27.4396",Manisa 19 Mayıs Stadium,TR,"Manisa, Afyonkarahisar, Kütahya, Uşak",485.62822,16597.0,TR,Manisa 19 Mayıs Stadium,48.562822
"26.153594, 50.543664",Bahrain National Stadium,,,702.24,24000.0,,Bahrain National Stadium,70.224
"4.05556, 9.71861",Stade de la Réunification,,,877.8,30000.0,,Stade de la Réunification,87.78
"48.1654, 16.4269",Simmeringer Had,Austria,Wien,115.5,5000.0,AT,Simmeringer Had,11.55
"51.486667, 6.976389",Stadion Essen,Germany,Düsseldorf,604.219,20650.0,DE,Stadion Essen,60.4219
"-15.41666667, 28.28333333",Sunset Stadium,,,585.2,20000.0,,Sunset Stadium,58.52
"41.032777777, 28.972222222",Recep Tayyip Erdoğan Stadium,,,328.8054,14234.0,,Recep Tayyip Erdoğan Stadium,32.88054
"0.32, -78.21",Antonio Ante Canton,,,0,,,Antonio Ante Canton,0
"46.293333333, 16.344166666",Stadion Varteks,Croatia,Sjeverna Hrvatska,249.48,10800.0,HR,Stadion Varteks,24.948
"-17.946211, -67.111564",Estadio Jesús Bermúdez,,,1024.1,35000.0,,Estadio Jesús Bermúdez,102.41
"-17.946211, -67.111564",Estadio Jesús Bermúdez,,,1024.1,35000.0,,Estadio Jesús Bermúdez,102.41
"49.676944, 13.976389",Na Litavce,Czechia,Střední Čechy,210.21,9100.0,CZ,Na Litavce,21.021
"51.1601, 6.98789",Stadion am Hermann-Löns-Weg,Germany,Düsseldorf,468.16,16000.0,DE,Stadion am Hermann-Löns-Weg,46.816
"51.855, 6.60944",Q2326114,Germany,Münster,526.68,18000.0,DE,Q2326114,52.668
"48.674722, 33.103611",CSC Nika Stadium,,,161.7,7000.0,,CSC Nika Stadium,16.17
"-12.975, 28.611389",Levy Mwanawasa Stadium,,,1917.3,49800.0,,Levy Mwanawasa Stadium,191.73
"-19.578611, -65.761111",Estadio Víctor Agustín Ugarte,,,936.32,32000.0,,Estadio Víctor Agustín Ugarte,93.632
"49.3161, 7.355",Waldstadion Homburg,Germany,Saarland,638.24838,21813.0,DE,Waldstadion Homburg,63.824838
"-17.796067, -63.183873",Estadio Ramón Tahuichi Aguilera,,,1029.3668,35180.0,,Estadio Ramón Tahuichi Aguilera,102.93668
"-17.379303, -66.16183",Estadio Félix Capriles,,,1024.1,35000.0,,Estadio Félix Capriles,102.41
"-17.379303, -66.16183",Estadio Félix Capriles,,,1024.1,35000.0,,Estadio Félix Capriles,102.41
"-23.513056, -46.899444",Arena Barueri,,,1024.1,35000.0,,Arena Barueri,102.41
"40.154605, 44.475231",Alashkert Stadium,,,157.08,6800.0,,Alashkert Stadium,15.708
"50.277222222, 19.103611111",Stadion Ludowy,Poland,Śląskie,132.825,5750.0,PL,Stadion Ludowy,13.2825
"42.8129, 132.858",Q4113981,,,77,4000.0,,Q4113981,7.7
"55.6334, 51.8025",Neftekhimik Stadium,,,61.6,3200.0,,Neftekhimik Stadium,6.16
"48.92947, 21.90511",Chemlon Stadion,Slovakia,Východné Slovensko,34.7655,1806.0,SK,Chemlon Stadion,3.47655
"-14.82, -64.893611",Estadio Gran Mamoré,,,438.9,15000.0,,Estadio Gran Mamoré,43.89
"-17.342855, -63.261423",Estadio Gilberto Parada,,,526.68,18000.0,,Estadio Gilberto Parada,52.668
"-16.5125, -68.141111",Estadio Libertador Simón Bolívar,,,731.5,25000.0,,Estadio Libertador Simón Bolívar,73.15
"-16.16144, 33.59641",Estádio do Chingale,,,0,,,Estádio do Chingale,0
"35.88636, 14.52501",Fortini Ground,Malta,Malta,0,,MT,Fortini Ground,0
"-32.92934444, -60.69468889",Fortín de Ludueña Stadium,,,231,10000.0,,Fortín de Ludueña Stadium,23.1
"48.858311, 16.052019",Městský stadion,Czechia,Jihovýchod,50.03075,2599.0,CZ,Městský stadion,5.003075
"65.59930833, 22.16183333",Skogsvallen,Sweden,Övre Norrland,115.5,5000.0,SE,Skogsvallen,11.55
"38.752777777, -9.184722222",Estádio da Luz,Portugal,Grande Lisboa,2621.85,68100.0,PT,Estádio da Luz,262.185
"49.2756, 16.9536",Sportovní areál Drnovice,Czechia,Jihovýchod,0,,CZ,Sportovní areál Drnovice,0
"50.3305, 7.58661",Stadion Oberwerth,Germany,Koblenz,219.45,9500.0,DE,Stadion Oberwerth,21.945
"41.6908, -86.3498",Indiana Invaders Soccer Complex,,,0,,,Indiana Invaders Soccer Complex,0
"48.88263889, 8.66172222",Stadion im Brötzinger Tal,Germany,Karlsruhe,0,,DE,Stadion im Brötzinger Tal,0
"48.88263889, 8.66172222",Stadion im Brötzinger Tal,Germany,Karlsruhe,0,,DE,Stadion im Brötzinger Tal,0
"48.1981, 16.2653",Allianz Stadion,Austria,Wien,0,,AT,Allianz Stadion,0
"55.702469, 12.572203",Parken Stadium,Denmark,Hovedstaden,1113.7819,38065.0,DK,Parken Stadium,111.37819
"50.099716, 14.416122",Letná Stadium,Czechia,Praha,568.11216,19416.0,CZ,Letná Stadium,56.811216
"50.0675, 14.4715",Fortuna Arena,Czechia,Praha,608.608,20800.0,CZ,Fortuna Arena,60.8608
"43.70513, 7.19262",Allianz Riviera,France,Provence-Alpes-Côte d’Azur,1058.56828,36178.0,FR,Allianz Riviera,105.856828
"63.83, 20.285277777",Umeå Energi Arena,Sweden,Övre Norrland,231,10000.0,SE,Umeå Energi Arena,23.1
"53.145556, 18.020556",Zdzisław Krzyszkowiak Stadium,Poland,Kujawsko-pomorskie,601.55634,20559.0,PL,Zdzisław Krzyszkowiak Stadium,60.155634
"48.020833, 37.809722",Donbass Arena,,,2021.943,52518.0,,Donbass Arena,202.1943
"50.433333333, 30.521666666",Olimpiyskiy National Sports Complex,,,2696.925,70050.0,,Olimpiyskiy National Sports Complex,269.6925
"47.541389, 7.62",St. Jakob-Park,Switzerland,Nordwestschweiz,1126.86112,38512.0,CH,St. Jakob-Park,112.686112
"55.796944, 49.098889",Central Stadium,,,812.14056,27756.0,,Central Stadium,81.214056
"50.291389, 57.160278",Aktobe Central Stadium,,,295.68,12800.0,,Aktobe Central Stadium,29.568
"46.962778, 7.465",Stadion Wankdorf,Switzerland,Espace Mittelland,936.32,32000.0,CH,Stadion Wankdorf,93.632
"44.89735, -0.56128",Stade Atlantique,France,Aquitaine,1638.791,42566.0,FR,Stade Atlantique,163.8791
"50.834167, 4.298333",Lotto Park,Belgium,Région de Bruxelles-Capitale/ Brussels Hoofdstedelijk Gewest,629.09,21500.0,BE,Lotto Park,62.909
"41.723, 44.78975",Dinamo Arena,,,2100.1365,54549.0,,Dinamo Arena,210.01365
"52.6125, 4.741667",AFAS Stadion,Netherlands,Noord-Holland,498.09298,17023.0,NL,AFAS Stadion,49.809298
"33.52286, 36.32004",Abbasiyyin Stadium,,,877.8,30000.0,,Abbasiyyin Stadium,87.78
"48.753944, 9.188417",Gazi-Stadion auf der Waldau,Germany,Stuttgart,264.1716,11436.0,DE,Gazi-Stadion auf der Waldau,26.41716
"52.958611, 5.936111",Abe Lenstra Stadion,Netherlands,Friesland (NL),763.686,26100.0,NL,Abe Lenstra Stadion,76.3686
"43.727778, 7.415556",Stade Louis II,,,541.98298,18523.0,,Stade Louis II,54.198298
"44.4372, 26.1525",Stadionul Steaua,Romania,Bucureşti-Ilfov,2141.909,55634.0,RO,Stadionul Steaua,214.1909
"48.166111, 17.141111",Štadión Pasienky,Slovakia,Bratislavský kraj,300.3,13000.0,SK,Štadión Pasienky,30.03
"44.783333333, 20.464722222",Rajko Mitić Stadium,RS,City of Belgrade,2138.213,55538.0,RS,Rajko Mitić Stadium,213.8213
"48.745555555, 11.485",Audi-Sportpark,Germany,Oberbayern,438.9,15000.0,DE,Audi-Sportpark,43.89
"35.997745, 129.384412",Pohang Steel Yard,,,731.5,25000.0,,Pohang Steel Yard,73.15
"35.133727, 126.874914",Gwangju World Cup Stadium,,,1650.88,42880.0,,Gwangju World Cup Stadium,165.088
"-34.63565, -58.36465",La Bombonera,,,2233,58000.0,,La Bombonera,223.3
"50.960278, 11.037222",Steigerwaldstadion,Germany,Thüringen,544.20674,18599.0,DE,Steigerwaldstadion,54.420674
"51.753333, 7.905",Wersestadion,Germany,Münster,438.9,15000.0,DE,Wersestadion,43.89
"49.276666666, -123.111944444",BC Place,,,2098.25,54500.0,,BC Place,209.825
"49.479444, 8.5025",Carl-Benz-Stadion,Germany,Karlsruhe,790.02,27000.0,DE,Carl-Benz-Stadion,79.002
"47.458456, 9.036692",Lidl Arena,Switzerland,Ostschweiz,160.7298,6958.0,CH,Lidl Arena,16.07298
"47.7042, 8.62583",Stadion Breite,Switzerland,Ostschweiz,168.63,7300.0,CH,Stadion Breite,16.863
"51.559167, 7.066667",Parkstadion,Germany,Münster,2387.308,62008.0,DE,Parkstadion,238.7308
"45.818858333, 16.018077777",Stadion Maksimir,Croatia,Grad Zagreb,2310,60000.0,HR,Stadion Maksimir,231
"50.063611, 19.911944",Stadion Miejski in Kraków,Poland,Małopolskie,969.3838,33130.0,PL,Stadion Miejski in Kraków,96.93838
"38.618139, 66.259139",G'uzor Stadium,,,161.7,7000.0,,G'uzor Stadium,16.17
"56.474703, -2.968961",Tannadice Park,,,328.6899,14229.0,,Tannadice Park,32.86899
"43.519444, 16.431667",Stadion Poljud,Croatia,Jadranska Hrvatska,1024.1,35000.0,HR,Stadion Poljud,102.41
"50.4329, 2.81491",Stade Bollaert-Delelis,France,Nord-Pas de Calais,1118.40498,38223.0,FR,Stade Bollaert-Delelis,111.840498
"51.239083, 7.105083",Stadion am Zoo,Germany,Düsseldorf,674.94042,23067.0,DE,Stadion am Zoo,67.494042
"52.229031, 16.378128",Dyskobolia Stadium,Poland,Wielkopolskie,124.3473,5383.0,PL,Dyskobolia Stadium,12.43473
"-19.865833, -43.970833",Mineirão,,,2566.333,66658.0,,Mineirão,256.6333
"-16.698889, -49.233889",Estádio Serra Dourada,,,2082.234,54084.0,,Estádio Serra Dourada,208.2234
"21.983333, 96.1",Bahtoo Stadium,,,497.42,17000.0,,Bahtoo Stadium,49.742
"-3.807267, -38.522481",Castelão,,,2228.226,57876.0,,Castelão,222.8226
"50.609908, 5.543344",Stade Maurice Dufrasne,Belgium,Prov. Liège,878.47298,30023.0,BE,Stade Maurice Dufrasne,87.847298
"47.2561, -1.52466",Stade de la Beaujoire,France,Pays de la Loire,1033.40468,35318.0,FR,Stade de la Beaujoire,103.340468
"51.193269, 3.181311",Jan Breydel Stadium,Belgium,Prov. West-Vlaanderen,850.35412,29062.0,BE,Jan Breydel Stadium,85.035412
"44.788611, 20.459167",Partizan Stadium,RS,City of Belgrade,957.0946,32710.0,RS,Partizan Stadium,95.70946
"63.4125, 10.405",Lerkendal Stadion,Norway,Trøndelag/Trööndelage,626.83698,21423.0,NO,Lerkendal Stadion,62.683698
"57.159166666, -2.088888888",Pittodrie Stadium,,,626.77846,21421.0,,Pittodrie Stadium,62.677846
"48.460333, 35.032472",Dnipro Arena,,,907.14778,31003.0,,Dnipro Arena,90.714778
"47.551480555, 7.571308333",Stadion Schützenmatte,Switzerland,Nordwestschweiz,184.8,8000.0,CH,Stadion Schützenmatte,18.48
"55.961666666, -3.165555555",Easter Road,,,597.51846,20421.0,,Easter Road,59.751846
"62.199788, -6.74552",Serpugerði Stadium,,,0,,,Serpugerði Stadium,0
"47.78672, 3.58871",Stade de l'Abbé-Deschamps,France,Bourgogne,542.50966,18541.0,FR,Stade de l'Abbé-Deschamps,54.250966
"35.894863888, 14.415372222",Ta' Qali National Stadium,Malta,Malta,520.74022,17797.0,MT,Ta' Qali National Stadium,52.074022
"7.787166666, -72.197944444",Estadio Polideportivo de Pueblo Nuevo,,,1636.25,42500.0,,Estadio Polideportivo de Pueblo Nuevo,163.625
"49.17956, -0.39667",Stade Michel d'Ornano,France,Basse-Normandie,616.44968,21068.0,FR,Stade Michel d'Ornano,61.644968
"52.9452, 12.8156",Volksparkstadion,Germany,Brandenburg,122.43,5300.0,DE,Volksparkstadion,12.243
"40.9824, 37.8783",19 Eylül Stadium,TR,"Trabzon, Ordu, Giresun, Rize, Artvin, Gümüşhane",254.6544,11024.0,TR,19 Eylül Stadium,25.46544
"48.1191, 7.74351",Kaiserstuhlstadion,Germany,Freiburg,115.5,5000.0,DE,Kaiserstuhlstadion,11.55
"41.003664, 39.705317",Hüseyin Avni Aker Stadium,TR,"Trabzon, Ordu, Giresun, Rize, Artvin, Gümüşhane",707.18494,24169.0,TR,Hüseyin Avni Aker Stadium,70.718494
"47.24301111, 39.76105278",Olimp-2,,,463.4784,15840.0,,Olimp-2,46.34784
"57.5959, -4.41891",Victoria Park,,,151.0971,6541.0,,Victoria Park,15.10971
"42.5125, 27.470278",Lazur Stadium,Bulgaria,Yugoiztochen,527.76262,18037.0,BG,Lazur Stadium,52.776262
"32.1018, 20.0724",March 28 Stadium,,,1540,40000.0,,March 28 Stadium,154
"49.264, 11.298",M.A.R. Arena,Germany,Oberpfalz,115.5,5000.0,DE,M.A.R. Arena,11.55
"45.563055555, -73.5525",Saputo Stadium,,,574.05194,19619.0,,Saputo Stadium,57.405194
"51.167639, 4.121667",Puyenbekestadion,Belgium,Prov. Oost-Vlaanderen,138.6,6000.0,BE,Puyenbekestadion,13.86
"53.105556, 23.148889",Białystok City Stadium,Poland,Podlaskie,654.60472,22372.0,PL,Białystok City Stadium,65.460472
"55.739167, 24.359444",Aukštaitija Stadium,Lithuania,Vidurio ir vakarų Lietuvos regionas,77,4000.0,LT,Aukštaitija Stadium,7.7
"55.791389, 37.516111",VEB Arena,,,850.61746,29071.0,,VEB Arena,85.061746
"4.374417, 18.564389",Barthélemy Boganda Stadium,,,1024.1,35000.0,,Barthélemy Boganda Stadium,102.41
"54.413056, -6.457778",Shamrock Park,,,75.845,3940.0,,Shamrock Park,7.5845
"50.8178, 4.32917",Joseph Marien Stadium,Belgium,Région de Bruxelles-Capitale/ Brussels Hoofdstedelijk Gewest,117.81,5100.0,BE,Joseph Marien Stadium,11.781
"40.268409, 44.635241",Abovyan City Stadium,,,75.9605,3946.0,,Abovyan City Stadium,7.59605
"-36.897799, 174.736426",Kiwitea Street,,,4.8125,250.0,,Kiwitea Street,0.48125
"44.6026, 33.542",Sevastopol Sports Complex,,,135.4584,5864.0,,Sevastopol Sports Complex,13.54584
"54.192777777, 28.475694444",Borisov Arena,,,303.0951,13121.0,,Borisov Arena,30.30951
"47.20833333, 39.74166667",Rostov Arena,,,1732.5,45000.0,,Rostov Arena,173.25
"33.87405, 35.498394444",Beirut Municipal Stadium,,,526.68,18000.0,,Beirut Municipal Stadium,52.668
"43.51583333, 16.24694444",Batarija,Croatia,Jadranska Hrvatska,0,,HR,Batarija,0
"-12.978819444, -38.504252777",Arena Fonte Nova,,,1844.7275,47915.0,,Arena Fonte Nova,184.47275
"40.9987, 39.6463",Papara Park,TR,"Trabzon, Ordu, Giresun, Rize, Artvin, Gümüşhane",1597.75,41500.0,TR,Papara Park,159.775
"46.185861, 6.149833",Stade de la Fontenette,Switzerland,Région lémanique,166.32,7200.0,CH,Stade de la Fontenette,16.632
"45.724, 16.0732",Stadion Radnik,Croatia,Sjeverna Hrvatska,184.8,8000.0,HR,Stadion Radnik,18.48
"45.7704, 21.25426",Stadionul UMT,Romania,Vest,231,10000.0,RO,Stadionul UMT,23.1
"47.3789, 8.49694",Utogrund,Switzerland,Zürich,63.525,3300.0,CH,Utogrund,6.3525
"-15.4459, 28.3475",Woodlands Stadium,,,0,,,Woodlands Stadium,0
"40.994, 28.912",Zeytinburnu Stadium,,,468.16,16000.0,,Zeytinburnu Stadium,46.816
"39.603509016, -8.66327242",Estádio Municipal de Fátima,Portugal,Oeste e Vale do Tejo,29.74125,1545.0,PT,Estádio Municipal de Fátima,2.974125
"41.039166666, 28.994166666",Beşiktaş Stadium,,,1613.2655,41903.0,,Beşiktaş Stadium,161.32655
"-34.629555555, -58.359583333",Estadio Ministro Brin y Senguel,,,731.5,25000.0,,Estadio Ministro Brin y Senguel,73.15
"46.9545386, 7.4538628",Spitalacker,Switzerland,Espace Mittelland,38.5,2000.0,CH,Spitalacker,3.85
"35.130921, 126.874901",Gwangju Football Stadium,,,0,,,Gwangju Football Stadium,0
"52.48569, 13.28702",Hubertussportplatz,Germany,Berlin,57.75,3000.0,DE,Hubertussportplatz,5.775
"49.6, 17.248333",Andrův stadion,Czechia,Střední Morava,290.2746,12566.0,CZ,Andrův stadion,29.02746
"57.706111111, 11.980555555",Gamla Ullevi,Sweden,Västsverige,538.85216,18416.0,SE,Gamla Ullevi,53.885216
"-33.903461111, 18.411152777",Cape Town Stadium,,,2244.8965,58309.0,,Cape Town Stadium,224.48965
"4.645888888, -74.0775",Estadio El Campín,,,1063.39618,36343.0,,Estadio El Campín,106.339618
"43.238331, 76.92435",Almaty Central Stadium,,,696.50504,23804.0,,Almaty Central Stadium,69.650504
"43.238331, 76.92435",Almaty Central Stadium,,,696.50504,23804.0,,Almaty Central Stadium,69.650504
"62.0193487, -6.7811394",Gundadalur,,,115.5,5000.0,,Gundadalur,11.55
"45.146111, 10.794167",Stadio Danilo Martelli,Italy,Lombardia,170.1777,7367.0,IT,Stadio Danilo Martelli,17.01777
"-37.852899, 144.971337",Middle Park,,,526.68,18000.0,,Middle Park,52.668
"24.452764, 54.392019",Mohammed Bin Zayed Stadium,,,1619.156,42056.0,,Mohammed Bin Zayed Stadium,161.9156
"25.679406, 51.492631",Al-Khawr Stadium,,,277.2,12000.0,,Al-Khawr Stadium,27.72
"-34.873333, -56.234444",Parque Abraham Paladino,,,184.8,8000.0,,Parque Abraham Paladino,18.48
"54.222361111, 28.490277777",Haradski Stadium,,,124.7862,5402.0,,Haradski Stadium,12.47862
"37.1478, 38.8068",Şanlıurfa 11 Nisan Stadium,TR,"Şanlıurfa, Diyarbakır",847.5159,28965.0,TR,Şanlıurfa 11 Nisan Stadium,84.75159
"25.34474, 51.440562",Thani bin Jassim Stadium,,,1722.49,44740.0,,Thani bin Jassim Stadium,172.249
"35.223406, 128.705707",Changwon Football Center,,,453.53,15500.0,,Changwon Football Center,45.353
"52.343419, 4.854192",Olympic Stadium in Amsterdam,Netherlands,Noord-Holland,652.14688,22288.0,NL,Olympic Stadium in Amsterdam,65.214688
"14.916111, -23.512222",Estádio da Várzea,,,184.8,8000.0,,Estádio da Várzea,18.48
"-36.815278, -73.023333",Estadio Ester Roa Rebolledo,,,883.652,30200.0,,Estadio Ester Roa Rebolledo,88.3652
"48.293333, 14.276389",Linzer Stadion,Austria,Oberösterreich,526.68,18000.0,AT,Linzer Stadion,52.668
"43.97125, 12.476972",San Marino Stadium,,,153.9384,6664.0,,San Marino Stadium,15.39384
"39.907222222, 119.547777777",Qinhuangdao Olympic Sports Center Stadium,,,982.31672,33572.0,,Qinhuangdao Olympic Sports Center Stadium,98.231672
"41.739037, 123.457484",Shenyang Olympic Sports Center Stadium,,,2310,60000.0,,Shenyang Olympic Sports Center Stadium,231
"43.345556, 17.795278",Stadion pod Bijelim Brijegom,BA,Federacija Bosne i Hercegovine,207.9,9000.0,BA,Stadion pod Bijelim Brijegom,20.79
"55.481944, 8.439444",Blue Water Arena,Denmark,Syddanmark,526.68,18000.0,DK,Blue Water Arena,52.668
"50.714964, 15.162225",Chance Arena,Czechia,Severovýchod,145.068,6280.0,CZ,Chance Arena,14.5068
"25.317155, 51.512366",Qatar SC Stadium,,,277.2,12000.0,,Qatar SC Stadium,27.72
"35.916303, 139.633377",NACK5 Stadium Omiya,,,453.53,15500.0,,NACK5 Stadium Omiya,45.353
"56.075308, -3.441906",East End Park,,,265.188,11480.0,,East End Park,26.5188
"55.716389, 37.656389",Eduard Streltsov Stadium,,,310.695,13450.0,,Eduard Streltsov Stadium,31.0695
"10.405534, -75.498237",Estadio Jaime Morón León,,,470.14968,16068.0,,Estadio Jaime Morón León,47.014968
"20.705, -103.328139",Jalisco Stadium,,,2433.2,63200.0,,Jalisco Stadium,243.32
"35.894863888, 14.415372222",Ta' Qali National Stadium,Malta,Malta,520.74022,17797.0,MT,Ta' Qali National Stadium,52.074022
"35.894863888, 14.415372222",Ta' Qali National Stadium,Malta,Malta,520.74022,17797.0,MT,Ta' Qali National Stadium,52.074022
"21.115544, -101.657744",León Stadium,,,802.66032,27432.0,,León Stadium,80.266032
"3.429889, -76.541083",Estadio Olímpico Pascual Guerrero,,,1624.7,42200.0,,Estadio Olímpico Pascual Guerrero,162.47
"-33.395944, -70.500656",Claro Arena,,,585.2,20000.0,,Claro Arena,58.52
"55.8597, -3.95975",Excelsior Stadium,,,234.927,10170.0,,Excelsior Stadium,23.4927
"14.483889, -60.909167",Stade En Camée,France,Martinique,57.75,3000.0,FR,Stade En Camée,5.775
"32.859869, 13.135878",Stadium Salto International,,,2040.5,53000.0,,Stadium Salto International,204.05
"32.859869, 13.135878",Stadium Salto International,,,2052.05,65000.0,,Stadium Salto International,205.205
"32.859869, 13.135878",Stadium Salto International,,,2063.6,67000.0,,Stadium Salto International,206.36
"40.5829, -111.893",America First Field,,,591.43238,20213.0,,America First Field,59.143238
"64.180833, -51.7325",Nuuk Stadium,,,38.5,2000.0,,Nuuk Stadium,3.85
"12.15274444, -68.88754722",Ergilio Hato Stadium,,,438.9,15000.0,,Ergilio Hato Stadium,43.89
"41.541, 45.006944",Poladi Stadium,,,89.64725,4657.0,,Poladi Stadium,8.964725
"21.029722, 105.833056",Hàng Đẫy Stadium,,,643.72,22000.0,,Hàng Đẫy Stadium,64.372
"32.294397, 34.864433",Netanya Stadium,,,314.391,13610.0,,Netanya Stadium,31.4391
"53.340922, -6.316619",Richmond Park,Ireland,Eastern and Midland,123.354,5340.0,IE,Richmond Park,12.3354
"48.2209, 15.6531",NV Arena,Austria,Niederösterreich,184.8,8000.0,AT,NV Arena,18.48
"36.801055, 3.048111",Omar Hamadi Stadium,,,497.42,17000.0,,Omar Hamadi Stadium,49.742
"42.00222222, 21.36",Ǵorče Petrov Stadium,MK,Severna Makedonija,0,,MK,Ǵorče Petrov Stadium,0
"53.367514, -6.251983",Tolka Park,Ireland,Eastern and Midland,223.608,9680.0,IE,Tolka Park,22.3608
"56.309435, 43.930403",Lokomotiv Stadium,,,522.46656,17856.0,,Lokomotiv Stadium,52.246656
"56.309435, 43.930403",Lokomotiv Stadium,,,522.46656,17856.0,,Lokomotiv Stadium,52.246656
"25.279655555, 55.360605555",Rashid Stadium,,,526.68,18000.0,,Rashid Stadium,52.668
"32.0453, 34.815478",Winter Stadium,,,184.8,8000.0,,Winter Stadium,18.48
"47.973222, 37.798139",Metalurh Stadium,,,117.6714,5094.0,,Metalurh Stadium,11.76714
"42.784947, 18.953731",Gradski stadion,ME,Crna Gora,120.4434,5214.0,ME,Gradski stadion,12.04434
"29.356944444, 48.000277777",Sabah Al Salem Stadium,,,643.72,22000.0,,Sabah Al Salem Stadium,64.372
"-1.035628, -79.467863",Estadio 7 de Octubre,,,474.012,16200.0,,Estadio 7 de Octubre,47.4012
"44.020872, 20.899194",Čika Dača Stadium,RS,Region Šumadije i Zapadne Srbije,441.826,15100.0,RS,Čika Dača Stadium,44.1826
"52.8759, -3.02631",Park Hall,,,39.578,2056.0,,Park Hall,3.9578
"44.660633, 20.901733",Smederevo City Stadium,RS,Region Južne i Istočne Srbije,503.272,17200.0,RS,Smederevo City Stadium,50.3272
"23.666627777, 53.696686111",Al Dhafra Stadium,,,277.2,12000.0,,Al Dhafra Stadium,27.72
"43.908667, 12.447944",Campo Sportivo di Fiorentino,,,13.475,700.0,,Campo Sportivo di Fiorentino,1.3475
"52.244722, -7.132778",Waterford Regional Sports Centre,Ireland,Southern,59.675,3100.0,IE,Waterford Regional Sports Centre,5.9675
"-29.310975, 27.501339",Setsoto Stadium,,,585.2,20000.0,,Setsoto Stadium,58.52
"52.2889, 104.249",Q4265831,,,0,,,Q4265831,0
"52.2764, 104.282",Trud Stadium,,,450.604,15400.0,,Trud Stadium,45.0604
"42.685278, 23.368611",Akademik Stadium,Bulgaria,Yugozapaden,184.8,8000.0,BG,Akademik Stadium,18.48
"41.017169, 39.585053",Akçaabat Fatih Stadium,TR,"Trabzon, Ordu, Giresun, Rize, Artvin, Gümüşhane",143.22,6200.0,TR,Akçaabat Fatih Stadium,14.322
"7.96, -11.74",Bo Stadium,,,731.5,25000.0,,Bo Stadium,73.15
"18.924449, 72.828734",Cooperage Ground,,,277.2,12000.0,,Cooperage Ground,27.72
"-43.5092, 172.636",English Park,,,184.8,8000.0,,English Park,18.48
"47.4458234, 8.2963943",Esp Stadium,Switzerland,Nordwestschweiz,0,,CH,Esp Stadium,0
"43.3506, -4.06389",Estadio El Malecón,Spain,Cantabria,138.7617,6007.0,ES,Estadio El Malecón,13.87617
"1.862765, 9.761439",Estadio La Libertad,,,77,4000.0,,Estadio La Libertad,7.7
"5.542233, -73.353131",Estadio La Independencia,,,603.6338,20630.0,,Estadio La Independencia,60.36338
"41.227777777, 36.4575",Samsun 19 Mayıs Stadium,TR,"Samsun, Tokat, Çorum, Amasya",992.46994,33919.0,TR,Samsun 19 Mayıs Stadium,99.246994
"41.11416667, 25.39666667",Komotini Municipal Stadium,Greece,"Anatoliki Makedonia, Thraki",143.1738,6198.0,Greece,Komotini Municipal Stadium,14.31738
"13.9512, 100.625",Thupatemee Stadium,,,731.5,25000.0,,Thupatemee Stadium,73.15
"35.841667, 14.544722",Marsaxlokk Ground,Malta,Malta,19.25,1000.0,MT,Marsaxlokk Ground,1.925
"55.57825, 9.7286",Fredericia New Stadium,Denmark,Syddanmark,77,4000.0,DK,Fredericia New Stadium,7.7
"49.6647, 5.91766",Stade Demy Steichen,Luxembourg,Luxembourg,0,,LU,Stade Demy Steichen,0
"45.763027777, 15.868777777",Stadion Lučko,Croatia,Grad Zagreb,28.875,1500.0,HR,Stadion Lučko,2.8875
"-4.22423, -44.77701",Q10277045,,,0,,,Q10277045,0
"47.3744, 28.8192",CSR Orhei,,,48.87575,2539.0,,CSR Orhei,4.887575
"35.90472222, 14.43472222",Mosta Ground,Malta,Malta,11.55,600.0,MT,Mosta Ground,1.155
"34.935236, 32.975947",Kyperounda Community Stadium,Cyprus,Kýpros,138.6,6000.0,CY,Kyperounda Community Stadium,13.86
"38.0845, 23.6883",Yiannis Pathiakakis Stadium,Greece,Attica,115.5,5000.0,Greece,Yiannis Pathiakakis Stadium,11.55
"38.79166667, 30.47972222",Afyonkarahisar Stadi,TR,"Manisa, Afyonkarahisar, Kütahya, Uşak",0,,TR,Afyonkarahisar Stadi,0
"38.9209, 27.8118",Akhisar Stadium,TR,"Manisa, Afyonkarahisar, Kütahya, Uşak",0,,TR,Akhisar Stadium,0
"48.1758, 17.0497",Stadium ŠKP Inter Dúbravka,Slovakia,Bratislavský kraj,0,,SK,Stadium ŠKP Inter Dúbravka,0
"28.449402777, 46.075233333",Al-Batin Club Stadium,,,0,,,Al-Batin Club Stadium,0
"40.66701, 22.90822",Agrotikos Asteras Stadium,Greece,Central Macedonia,43.63975,2267.0,Greece,Agrotikos Asteras Stadium,4.363975
"34.693194, 32.939278",Limassol Arena,Cyprus,Kýpros,237.93,10300.0,CY,Limassol Arena,23.793
"43.260916666, -2.919916666",Q105075682,Spain,País Vasco,77,4000.0,ES,Q105075682,7.7
"-34.861525, -56.209033",Estadio José Nasazzi,,,438.9,15000.0,,Estadio José Nasazzi,43.89
"3.521642, -76.417036",Estadio Deportivo Cali,,,1617,42000.0,,Estadio Deportivo Cali,161.7
"19.078056, -98.164444",Cuauhtémoc Stadiums,,,1825.5545,47417.0,,Cuauhtémoc Stadiums,182.55545
"52.270936, 7.920444",Stadion am Lotter Kreuz,Germany,Münster,172.6494,7474.0,DE,Stadion am Lotter Kreuz,17.26494
"11.18194444, -4.29694444",Stade Wobi Bobo-Dioulasso,,,0,,,Stade Wobi Bobo-Dioulasso,0
"52.394444, 5.240556",Yanmar Stadion,Netherlands,Flevoland,86.64425,4501.0,NL,Yanmar Stadion,8.664425
"43.391944, -5.704167",Estadio Alejandro Ortea,Spain,Principado de Asturias,38.5,2000.0,ES,Estadio Alejandro Ortea,3.85
"47.111389, 6.836111",Centre Sportif de la Charrière,Switzerland,Espace Mittelland,48.125,2500.0,CH,Centre Sportif de la Charrière,4.8125
"47.408333, 9.306389",kybunpark,Switzerland,Ostschweiz,576.24644,19694.0,CH,kybunpark,57.624644
"51.4266, 7.01825",Uhlenkrugstadion,Germany,Düsseldorf,229.845,9950.0,DE,Uhlenkrugstadion,22.9845
"48.399167, 18.403889",Štadión FC ViOn,Slovakia,Západné Slovensko,77,4000.0,SK,Štadión FC ViOn,7.7
"49.468333, 8.441389",Südweststadion,Germany,Rheinhessen-Pfalz,138.6,6000.0,DE,Südweststadion,13.86
"45.834089, 9.016686",Stadio comunale Riva IV,Italy,Lombardia,257.796,11160.0,IT,Stadio comunale Riva IV,25.7796
"46.783297, 6.647056",Stade Municipal,Switzerland,Région lémanique,152.46,6600.0,CH,Stade Municipal,15.246
"47.561194444, 7.620013888",Stadion Rankhof,Switzerland,Nordwestschweiz,175.56,7600.0,CH,Stadion Rankhof,17.556
"47.046111, 15.454444",Merkur Arena,Austria,Steiermark,450.604,15400.0,AT,Merkur Arena,45.0604
"22.702778, 120.295",National Stadium,,,2117.5,55000.0,,National Stadium,211.75
"41.447996, 44.535185",Tamaz Stephania Stadium,,,65.45,3400.0,,Tamaz Stephania Stadium,6.545
"42.476389, 1.487667",Estadi Comunal d'Aixovall,,,19.25,1000.0,,Estadi Comunal d'Aixovall,1.925
"42.476389, 1.487667",Estadi Comunal d'Aixovall,,,19.25,1000.0,,Estadi Comunal d'Aixovall,1.925
"49.768056, 6.647778",Moselstadion,Germany,Trier,236.9136,10256.0,DE,Moselstadion,23.69136
"-24.6568, 25.932892",Botswana National Stadium,,,585.2,20000.0,,Botswana National Stadium,58.52
"-24.6568, 25.932892",Botswana National Stadium,,,592.9,22000.0,,Botswana National Stadium,59.29
"36.743889, 3.091944",Stade Frères Zioui,,,115.5,5000.0,,Stade Frères Zioui,11.55
"49.615630555, 6.109661111",Stade Josy Barthel,Luxembourg,Luxembourg,186.0474,8054.0,LU,Stade Josy Barthel,18.60474
"51.185, 4.382222",Olympisch Stadion Antwerp,Belgium,Prov. Antwerpen,295.0101,12771.0,BE,Olympisch Stadion Antwerp,29.50101
"27.471417, 89.641056",Changlimithang Stadium,,,731.5,25000.0,,Changlimithang Stadium,73.15
"35.577545, 140.122912",Fukuda Denshi Arena,,,578.79206,19781.0,,Fukuda Denshi Arena,57.879206
"53.108611, 6.864444",De Langeleegte,Netherlands,Groningen,150.15,6500.0,NL,De Langeleegte,15.015
"49.02806, 1.37002",Stade Pacy-Ménilles,France,Haute-Normandie,38.5,2000.0,FR,Stade Pacy-Ménilles,3.85
"20.705, -103.328139",Jalisco Stadium,,,2433.2,63200.0,,Jalisco Stadium,243.32
"-30.908333, -55.548333",Estadio Atilio Paiva Olivera,,,793.9701,27135.0,,Estadio Atilio Paiva Olivera,79.39701
"42.453333, -2.453333",Estadio Las Gaunas,Spain,La Rioja,468.16,16000.0,ES,Estadio Las Gaunas,46.816
"18.85712222, -97.10271944",Estadio Socum,,,173.25,7500.0,,Estadio Socum,17.325
"51.8833, 8.51444",Sportclub Arena,Germany,Detmold,115.5231,5001.0,DE,Sportclub Arena,11.55231
"56.69070278, 16.31523333",Guldfågeln Arena,Sweden,Småland med öarna,288.75,12500.0,SE,Guldfågeln Arena,28.875
"54.493136, 18.531214",Stadion Miejski,Poland,Pomorskie,442.96714,15139.0,PL,Stadion Miejski,44.296714
"47.91834167, 9.26191389",Geberit-Arena,Germany,Tübingen,231,10000.0,DE,Geberit-Arena,23.1
"34.518611111, 69.193888888",Ghazi Stadium,,,877.8,30000.0,,Ghazi Stadium,87.78
"4.93358, -52.31175",Stade de Baduel,,,161.7,7000.0,,Stade de Baduel,16.17
"51.447672, 6.831662",Ruhrstadion,Germany,Düsseldorf,138.6,6000.0,DE,Ruhrstadion,13.86
"51.551944, 7.208611",Stadion am Schloss Strünkede,Germany,Arnsberg,936.32,32000.0,DE,Stadion am Schloss Strünkede,93.632
"41.116389, 14.781111",Stadio Ciro Vigorito,Italy,Campania,731.5,25000.0,IT,Stadio Ciro Vigorito,73.15
"42.675361, 23.272028",Ovcha Kupel Stadium,Bulgaria,Yugozapaden,467.92592,15992.0,BG,Ovcha Kupel Stadium,46.792592
"50.306583, 18.695866",Stadion Piast,Poland,Śląskie,231.8547,10037.0,PL,Stadion Piast,23.18547
"51.824, 12.25157",Paul Greifzu Stadium,Germany,Sachsen-Anhalt,585.2,20000.0,DE,Paul Greifzu Stadium,58.52
"53.881111, 10.668889",Stadion an der Lohmühle,Germany,Schleswig-Holstein,241.0254,10434.0,DE,Stadion an der Lohmühle,24.10254
"53.881111, 10.668889",Stadion an der Lohmühle,Germany,Schleswig-Holstein,247.66434,17869.0,DE,Stadion an der Lohmühle,24.766434
"52.4326, 13.3548",Preussen-Stadion an der Malteserstraße,Germany,Berlin,57.75,3000.0,DE,Preussen-Stadion an der Malteserstraße,5.775
"49.4792, 8.49944",Rhein-Neckar-Stadion,Germany,Karlsruhe,184.8,8000.0,DE,Rhein-Neckar-Stadion,18.48
"-3.743611, -73.252778",Estadio Max Augustín,,,719.09376,24576.0,,Estadio Max Augustín,71.909376
"50.5405, 9.66582",Q2312741,Germany,Kassel,526.68,18000.0,DE,Q2312741,52.668
"47.4164, 9.72417",Stadion Birkenwiese,Austria,Vorarlberg,277.2,12000.0,AT,Stadion Birkenwiese,27.72
"50.3148, 11.9313",Stadion Grüne Au,Germany,Oberfranken,187.11,8100.0,DE,Stadion Grüne Au,18.711
"50.0815, 9.0593",Q2360118,Germany,Unterfranken,118.1103,5113.0,DE,Q2360118,11.81103
"34.925556, 33.599722",GSZ Stadium,Cyprus,Kýpros,301.0392,13032.0,CY,GSZ Stadium,30.10392
"9.54586111, -13.67291667",Stade du 28 Septembre,,,731.5,25000.0,,Stade du 28 Septembre,73.15
"54.993333, -7.333611",Celtic Park,,,643.72,22000.0,,Celtic Park,64.372
"38.08333333, -0.95",Estadio Municipal Los Arcos,Spain,Comunitat Valenciana,67.375,3500.0,ES,Estadio Municipal Los Arcos,6.7375
"36.16333333, -5.46527778",Estadio Nuevo Mirador,Spain,Andalucía,173.25,7500.0,ES,Estadio Nuevo Mirador,17.325
"44.876358, 20.444283",Vizelj park,RS,City of Belgrade,48.125,2500.0,RS,Vizelj park,4.8125
"49.5625, 5.53059",Stade Yvan Georges,Belgium,Prov. Luxembourg (BE),77,4000.0,BE,Stade Yvan Georges,7.7
"40.785833, 43.833333",Gyumri City Stadium,,,53.14925,2761.0,,Gyumri City Stadium,5.314925
"42.131667, 24.743611",Todor Diev Stadium,Bulgaria,Yuzhen tsentralen,68.299,3548.0,BG,Todor Diev Stadium,6.8299
"51.891378, -8.436749",Páirc Uí Rinn,Ireland,Southern,481.0344,16440.0,IE,Páirc Uí Rinn,48.10344
"53.401179, -6.245063",Morton Stadium,Ireland,Eastern and Midland,77,4000.0,IE,Morton Stadium,7.7
"42.42347222, 12.10052778",Stadio Enrico Rocchi,Italy,Lazio,126.126,5460.0,IT,Stadio Enrico Rocchi,12.6126
"53.772778, 20.508056",OSiR Stadium in Olsztyn,Poland,Warmińsko-mazurskie,491.568,16800.0,PL,OSiR Stadium in Olsztyn,49.1568
"25.305833333, 49.612777777",Prince Abdullah bin Jalawi Sports City,,,806.113,27550.0,,Prince Abdullah bin Jalawi Sports City,80.6113
"25.305833, 49.612778",Prince Abdullah bin Jalawi Sports City,,,806.113,27550.0,,Prince Abdullah bin Jalawi Sports City,80.6113
"26.095278, 44.048056",Al-Najma Club Stadium,,,57.75,3000.0,,Al-Najma Club Stadium,5.775
"53.481858, -2.1449",Butcher's Arms Ground,,,57.75,3000.0,,Butcher's Arms Ground,5.775
"38.3867, -0.756168",Estadio La Magdalena,Spain,Comunitat Valenciana,0,,ES,Estadio La Magdalena,0
"55.8603, -4.01139",Cliftonhill,,,23.8315,1238.0,,Cliftonhill,2.38315
"27.84810833, -15.44813889",Estadio Municipal de Vecindario,Spain,Canarias,86.625,4500.0,ES,Estadio Municipal de Vecindario,8.6625
"-11.87138889, -55.49944444",Estádio Municipal Gigante do Norte,,,0,,,Estádio Municipal Gigante do Norte,0
"-23.553333, -46.604444",Estádio Rua Javari,,,77,4000.0,,Estádio Rua Javari,7.7
"37.66692, -1.70361",Q5805617,Spain,Región de Murcia,184.8,8000.0,ES,Q5805617,18.48
"0.311629, 32.573541",Nakivubo Stadium,,,438.9,15000.0,,Nakivubo Stadium,43.89
"12.250427, 109.192944",Nha Trang Stadium,,,0,,,Nha Trang Stadium,0
"0.4161976, 9.4672676",Stade Augustin Monédan de Sibang,,,0,,,Stade Augustin Monédan de Sibang,0
"10.651944, -4.745833",Stade Banfora,,,138.6,6000.0,,Stade Banfora,13.86
"-4.27917, 15.2533",Stade Marchand,,,0,,,Stade Marchand,0
"46.817, 7.154",Stade Universitaire Saint-Léonard,Switzerland,Espace Mittelland,207.9,9000.0,CH,Stade Universitaire Saint-Léonard,20.79
"46.563056, 23.823611",Stadionul Municipal,Romania,Nord-Vest,231,10000.0,RO,Stadionul Municipal,23.1
"44.735, 26.173611",Stadionul Snagov,Romania,Bucureşti-Ilfov,38.5,2000.0,RO,Stadionul Snagov,3.85
"36.625056, 137.195688",Toyama Athletic Stadium,,,833.73444,28494.0,,Toyama Athletic Stadium,83.373444
"-15.6525, -47.78527778",Q10276812,,,0,,,Q10276812,0
"58.859444444, 5.725833333",Sandnes stadion,Norway,Vestlandet,0,,NO,Sandnes stadion,0
"16.84, 42.5964",King Faisal Sport City,,,231,10000.0,,King Faisal Sport City,23.1
"28.707272222, -17.762397222",Q16564739,,,138.6,6000.0,,Q16564739,13.86
"46.3728, 8.9704","Campo Sportivo ""Al Vallone""",Switzerland,Ticino,0,,CH,"Campo Sportivo ""Al Vallone""",0
"43.175, -2.46861111",Unbe Facilities,Spain,País Vasco,0,,ES,Unbe Facilities,0
"-22.46027778, -68.92055556",Estadio Zorros del Desierto,,,300.3,13000.0,,Estadio Zorros del Desierto,30.03
"55.8518, -4.0142","Meadow Park, Coatbridge",,,0,,,"Meadow Park, Coatbridge",0
"-11.678373, 27.489241",Stade Kashala Bonzola,,,0,,,Stade Kashala Bonzola,0
"47.6328867, 17.5926924",Ménfői úti Stadion,Hungary,Nyugat-Dunántúl,0,,HU,Ménfői úti Stadion,0
"48.90476, 2.26935",Terrain de Bécon,France,Ile-de-France,0,,FR,Terrain de Bécon,0
"44.5926079, 24.5516649",Stadionul Viitorul,Romania,Sud-Vest Oltenia,311.85,13500.0,RO,Stadionul Viitorul,31.185
"32.05173, 34.76148",Bloomfield Stadium,,,860.244,29400.0,,Bloomfield Stadium,86.0244
"-25.753189, 28.223014",Loftus Versfeld Stadium,,,1992.837,51762.0,,Loftus Versfeld Stadium,199.2837
"46.391531, 16.422307",Stadion SRC Mladost,Croatia,Sjeverna Hrvatska,184.8,8000.0,HR,Stadion SRC Mladost,18.48
"34.52, 69.196667",Afghanistan Football Federation Stadium,,,115.5,5000.0,,Afghanistan Football Federation Stadium,11.55
"35.441337, 136.766052",Gifu Nagaragawa Stadium,,,907.06,31000.0,,Gifu Nagaragawa Stadium,90.706
"58.584166666, 16.173055555",Idrottsparken,Sweden,Östra Mellansverige,504.26684,17234.0,SE,Idrottsparken,50.426684
"46.909166666, 18.061388888",Révész Street Stadium,Hungary,Dél-Dunántúl,0,,HU,Révész Street Stadium,0
"-34.741778, -58.251889",Estadio Centenario Ciudad de Quilmes,,,883.652,30200.0,,Estadio Centenario Ciudad de Quilmes,88.3652
"51.108056, 71.401667",Astana Arena,,,877.8,30000.0,,Astana Arena,87.78
"39.671785, 66.96572",Dynamo Samarkand Stadium,,,468.16,16000.0,,Dynamo Samarkand Stadium,46.816
"45.6135074, 8.8807582",Stadio Carlo Speroni,Italy,Lombardia,89.06975,4627.0,IT,Stadio Carlo Speroni,8.906975
"8.556389, -71.216667",Estadio Metropolitano de Mérida,,,1624.7,42200.0,,Estadio Metropolitano de Mérida,162.47
"54.619517, -5.947272",Solitude,,,48.7025,2530.0,,Solitude,4.87025
"33.585888, 130.460625",Hakatanomori Football Stadium,,,630.90412,21562.0,,Hakatanomori Football Stadium,63.090412
"43.495545, -1.455446",Stade Didier Deschamps,France,Aquitaine,67.375,3500.0,FR,Stade Didier Deschamps,6.7375
"46.838333, 29.5575",Sheriff Stadium,,,330.33,14300.0,,Sheriff Stadium,33.033
"47.766213, 27.933197",Stadionul Orășenesc,,,137.5143,5953.0,,Stadionul Orășenesc,13.75143
"44.54172, 18.661528",Tušanj City Stadium,BA,Federacija Bosne i Hercegovine,438.9,15000.0,BA,Tušanj City Stadium,43.89
"52.078333333, 5.145833333",Stadion Galgenwaard,Netherlands,Utrecht,694.925,23750.0,NL,Stadion Galgenwaard,69.4925
"43.846111, 18.358889",Otoka Stadium,BA,Federacija Bosne i Hercegovine,57.75,3000.0,BA,Otoka Stadium,5.775
"55.57722222, 38.22694444",Saturn Stadium,,,482.79,16500.0,,Saturn Stadium,48.279
"43.92823, 4.84507",Avignon Sports Ground,France,Provence-Alpes-Côte d’Azur,512.57668,17518.0,FR,Avignon Sports Ground,51.257668
"50.855, 4.310556",Edmond Machtens Stadium,Belgium,Région de Bruxelles-Capitale/ Brussels Hoofdstedelijk Gewest,254.1,11000.0,BE,Edmond Machtens Stadium,25.41
"53.0799, 8.93039",Q2312754,Germany,Bremen,116.655,5050.0,DE,Q2312754,11.6655
"5.811475, -55.207308",Dr. Ir. Franklin Essed Stadion,,,67.375,3500.0,,Dr. Ir. Franklin Essed Stadion,6.7375
"43.302778, -2.986389",Estadio Nuevo Lasesarre,Spain,País Vasco,183.876,7960.0,ES,Estadio Nuevo Lasesarre,18.3876
"14.61555556, -90.50972222",Estadio del Ejército,,,307.23,13300.0,,Estadio del Ejército,30.723
"39.97982, -75.15859",Liacouras Center,,,235.7586,10206.0,,Liacouras Center,23.57586
"43.181706, -2.475803",Ipurúa Municipal Stadium,Spain,País Vasco,188.5884,8164.0,ES,Ipurúa Municipal Stadium,18.85884
"55.4696, -4.62",Somerset Park,,,235.2735,10185.0,,Somerset Park,23.52735
"-0.725749, 8.783414",Stade Pierre-Claver-Divounguy,,,0,,,Stade Pierre-Claver-Divounguy,0
"55.704, 12.5747",Østerbro Stadium,Denmark,Hovedstaden,0,,DK,Østerbro Stadium,0
"51.7404, 36.1916",Trudovye Rezervy Stadium,,,261.6999,11329.0,,Trudovye Rezervy Stadium,26.16999
"-33.916667, 151.094722",Belmore Sports Ground,,,731.5,25000.0,,Belmore Sports Ground,73.15
"55.646956, 12.511847",Valby Idrætspark,Denmark,Hovedstaden,277.2,12000.0,DK,Valby Idrætspark,27.72
"15.59849, 73.816147",Duler Stadium,,,231,10000.0,,Duler Stadium,23.1
"35.850556, 50.958333",Enghelab Stadium,,,438.9,15000.0,,Enghelab Stadium,43.89
"-34.878781, -56.121992","Estadio ""La Bombonera""",,,138.6,6000.0,,"Estadio ""La Bombonera""",13.86
"40.457558333, -3.860286111",Estadio Cerro del Espino,Spain,Comunidad de Madrid,64.988,3376.0,ES,Estadio Cerro del Espino,6.4988
"-22.872497, -43.456575",Estádio Proletário Guilherme da Silveira,,,220.9284,9564.0,,Estádio Proletário Guilherme da Silveira,22.09284
"32.049986, 34.786956",Hatikva Neighborhood Stadium,,,49.4725,2570.0,,Hatikva Neighborhood Stadium,4.94725
"36.71583333, -4.48444444",Ciudad Deportiva de El Viso,Spain,Andalucía,25.025,1300.0,ES,Ciudad Deportiva de El Viso,2.5025
"-24.18898, -56.592048",Q5847781,,,115.5,5000.0,,Q5847781,11.55
"40.845429, 69.600019",AGMK Stadium,,,254.1,11000.0,,AGMK Stadium,25.41
"61.8586415, -6.8268279",Inni í Dal,,,5.775,300.0,,Inni í Dal,0.5775
"3.098708333, 101.593769444",Petaling Jaya Stadium,,,731.5,25000.0,,Petaling Jaya Stadium,73.15
"51.5903, -3.81889",Lido Ground,,,80.85,4200.0,,Lido Ground,8.085
"32.0438, 34.76146944",Gaon Stadium,,,77,4000.0,,Gaon Stadium,7.7
"52.089722222, 23.68375",Regional Sport Complex Brestsky,,,234.9039,10169.0,,Regional Sport Complex Brestsky,23.49039
"47.404444, 19.252778",Stadion Dózsa György út,Hungary,Pest,57.75,3000.0,HU,Stadion Dózsa György út,5.775
"43.2775, -2.83932",Lezama Facilities,Spain,País Vasco,62.5625,3250.0,ES,Lezama Facilities,6.25625
"-15.826389, -47.972222",Q9255176,,,161.7,7000.0,,Q9255176,16.17
"-4.984203, -39.018308",Q9255295,,,115.5,5000.0,,Q9255295,11.55
"43.9296, 12.4427",Stadio Fonte dell'Ovo,,,9.625,500.0,,Stadio Fonte dell'Ovo,0.9625
"49.5742, 5.91682",Stade um Bëchel,Luxembourg,Luxembourg,0,,LU,Stade um Bëchel,0
"48.101944444, 11.572777777",Säbener Straße,Germany,Oberbayern,0,,DE,Säbener Straße,0
"61.5623, -6.8521",Við Stórá,,,0,,,Við Stórá,0
"53.430833333, -2.960833333",Anfield,,,2055.669,53394.0,,Anfield,205.5669
"54.39, 18.640278",Stadion Energa Gdańsk,Poland,Pomorskie,1602.37,41620.0,PL,Stadion Energa Gdańsk,160.237
"52.276383, 76.949712",Pavlodar Central Stadium,,,438.9,15000.0,,Pavlodar Central Stadium,43.89
"31.2733, 121.4762",Hongkou Football Stadium,,,967.3356,33060.0,,Hongkou Football Stadium,96.73356
"51.345833, 12.348056",Red Bull Arena,Germany,Leipzig,1617,42000.0,DE,Red Bull Arena,161.7
"43.5575, -5.9306",Estadio Román Suárez Puerta,Spain,Principado de Asturias,123.6312,5352.0,ES,Estadio Román Suárez Puerta,12.36312
"59.434472222, 24.783444444",Kadriorg Stadium,Estonia,Eesti,115.5,5000.0,EE,Kadriorg Stadium,11.55
"40.410986, 49.897711",ASK Arena,,,187.6875,8125.0,,ASK Arena,18.76875
"48.321857, 18.087506",Štadión pod Zoborom,Slovakia,Západné Slovensko,262.9704,11384.0,SK,Štadión pod Zoborom,26.29704
"49.227162, 16.586276",Městský fotbalový stadion Srbská,Czechia,Jihovýchod,289.905,12550.0,CZ,Městský fotbalový stadion Srbská,28.9905
"34.929818, 33.613207",Ammochostos Stadium,Cyprus,Kýpros,80.09925,4161.0,CY,Ammochostos Stadium,8.009925
"47.094085, 51.908324",Munayshy Stadium,,,200.046,8660.0,,Munayshy Stadium,20.0046
"-33.464444444, -70.610555555",Julio Martínez Prádanos National Stadium,,,1778.315,46190.0,,Julio Martínez Prádanos National Stadium,177.8315
"22.404167, -79.955",Estadio Augusto César Sandino,,,526.68,18000.0,,Estadio Augusto César Sandino,52.668
"46.901389, 19.668889",Széktói Stadion,Hungary,Dél-Alföld,145.53,6300.0,HU,Széktói Stadion,14.553
"55.88527778, 37.45416667",Arena Khimki,,,545.28936,18636.0,,Arena Khimki,54.528936
"-36.815278, -73.023333",Estadio Ester Roa Rebolledo,,,883.652,30200.0,,Estadio Ester Roa Rebolledo,88.3652
"-33.52083333, -70.67277778",Estadio Municipal Sin Iluminacion,,,138.6,6000.0,,Estadio Municipal Sin Iluminacion,13.86
"38.991547222, 125.743525",Yanggakdo Stadium,,,877.8,30000.0,,Yanggakdo Stadium,87.78
"58.153611, 8.028611",Sparebanken Norge Arena Kristiansand,Norway,Agder og Sør-Østlandet,336.4053,14563.0,NO,Sparebanken Norge Arena Kristiansand,33.64053
"56.46583333, 10.01027778",AutoC Park Randers,Denmark,Midtjylland,237.93,10300.0,DK,AutoC Park Randers,23.793
"42.476389, 1.487667",Estadi Comunal d'Aixovall,,,19.25,1000.0,,Estadi Comunal d'Aixovall,1.925
"59.924722, 10.733333",Bislett Stadion,Norway,Oslo og Viken,450.604,15400.0,NO,Bislett Stadion,45.0604
"52.494444, 5.066389",Kras Stadion,Netherlands,Noord-Holland,143.22,6200.0,NL,Kras Stadion,14.322
"44.861565, 13.851561",Stadion Aldo Drosina,,,212.52,9200.0,,Stadion Aldo Drosina,21.252
"54.668611, 25.294444",LFF Stadium,Lithuania,Sostinės regionas,117.0477,5067.0,LT,LFF Stadium,11.70477
"-34.177777777, -70.7375",Estadio El Teniente,,,446.27352,15252.0,,Estadio El Teniente,44.627352
"12.513055555, -70.023611111",Guillermo Prospero Trinidad Stadium,,,127.05,5500.0,,Guillermo Prospero Trinidad Stadium,12.705
"43.81602, 4.35928",Stade des Costières,France,Languedoc-Roussillon,540.78332,18482.0,FR,Stade des Costières,54.078332
"55.03866667, 82.92505556",Spartak Stadium,,,288.75,12500.0,,Spartak Stadium,28.875
"45.740556, 21.244167",Stadionul Dan Păltinișanu,Romania,Vest,964.76072,32972.0,RO,Stadionul Dan Păltinișanu,96.476072
"-32.918888888, 151.726666666",Newcastle International Sports Centre,,,965.58,33000.0,,Newcastle International Sports Centre,96.558
"35.894863888, 14.415372222",Ta' Qali National Stadium,Malta,Malta,520.74022,17797.0,MT,Ta' Qali National Stadium,52.074022
"20.105144, -98.756114",Gorda hilda,,,877.8,30000.0,,Gorda hilda,87.78
"-34.8675, -56.25194444",Estadio Luis Tróccoli,,,731.5,25000.0,,Estadio Luis Tróccoli,73.15
"31.75305, -106.467814",Estadio Olímpico Benito Juárez,,,652.498,22300.0,,Estadio Olímpico Benito Juárez,65.2498
"-33.02227778, -71.64",Estadio Elías Figueroa Brander,,,672.98,23000.0,,Estadio Elías Figueroa Brander,67.298
"41.315522, 69.260244",Pakhtakor Markaziy Stadium,,,1024.1,35000.0,,Pakhtakor Markaziy Stadium,102.41
"50.640075, 13.817936",Na Stínadlech,Czechia,Severozápad,499.96562,17087.0,CZ,Na Stínadlech,49.996562
"54.993214, -3.071919",Raydale Park,,,42.35,2200.0,,Raydale Park,4.235
"43.345556, -1.785833",Stadium Gal,Spain,País Vasco,146.5464,6344.0,ES,Stadium Gal,14.65464
"51.144167, 4.573611",Herman Vanderpoortenstadion,Belgium,Prov. Antwerpen,335.8278,14538.0,BE,Herman Vanderpoortenstadion,33.58278
"55.71372, 9.5562",Vejle Stadion,Denmark,Syddanmark,240.6558,10418.0,DK,Vejle Stadion,24.06558
"63.085278, 21.627778",Hietalahti Stadium,Finland,Länsi-Suomi,138.8079,6009.0,FI,Hietalahti Stadium,13.88079
"48.1924, 15.6267",Voith-Platz,Austria,Niederösterreich,184.8,8000.0,AT,Voith-Platz,18.48
"62.394166666, 17.301111111",NP3 Arena,Sweden,Mellersta Norrland,196.35,8500.0,SE,NP3 Arena,19.635
"47.983942, 7.881192",Möslestadion,Germany,Freiburg,526.68,18000.0,DE,Möslestadion,52.668
"50.861389, 20.624722",Kielce City Stadium,Poland,Świętokrzyskie,453.53,15500.0,PL,Kielce City Stadium,45.353
"49.604722222, 6.140277777",Stade Achille Hammerel,Luxembourg,Luxembourg,134.3034,5814.0,LU,Stade Achille Hammerel,13.43034
"48.623611, 22.276389","Avanhard Stadium, Uzhhorod",,,277.2,12000.0,,"Avanhard Stadium, Uzhhorod",27.72
"62.244722, 25.740833",Harju Stadium,Finland,Länsi-Suomi,115.5,5000.0,FI,Harju Stadium,11.55
"41.847286, 44.721492",Mtskheta Park,,,38.5,2000.0,,Mtskheta Park,3.85
"26.4272, 50.1141",Prince Mohamed bin Fahd Stadium,,,1024.1,35000.0,,Prince Mohamed bin Fahd Stadium,102.41
"52.436527777, 31.012361111",Central Stadium,,,330.4917,14307.0,,Central Stadium,33.04917
"38.684411, -6.414606",Estadio Francisco de la Hera,Spain,Extremadura,267.498,11580.0,ES,Estadio Francisco de la Hera,26.7498
"59.394967, 27.772594",Sillamäe Kalevi Stadium,Estonia,Eesti,15.4,800.0,EE,Sillamäe Kalevi Stadium,1.54
"44.112667, 15.246829",Stadion Stanovi,,,135.366,5860.0,,Stadion Stanovi,13.5366
"45.864722, 15.799722",Stadion ŠRC Zaprešić,Croatia,Sjeverna Hrvatska,127.6968,5528.0,HR,Stadion ŠRC Zaprešić,12.76968
"45.283742, 18.797382",Stadion HNK Cibalia,Croatia,Panonska Hrvatska,231,10000.0,HR,Stadion HNK Cibalia,23.1
"9.344049, -79.89584",Estadio Armando Dely Valdés,,,77,4000.0,,Estadio Armando Dely Valdés,7.7
"9.976422, -84.838781",Estadio Lito Pérez,,,79.02125,4105.0,,Estadio Lito Pérez,7.902125
"47.7745613, 29.0043086",Stadionul Orășenesc,,,86.625,4500.0,,Stadionul Orășenesc,8.6625
"42.8852, 74.8681",Stadion Sportkompleks Abdysh-Ata,,,57.75,3000.0,,Stadion Sportkompleks Abdysh-Ata,5.775
"59.386694, 13.4935",Tingvalla IP,Sweden,Norra Mellansverige,231,10000.0,SE,Tingvalla IP,23.1
"39.333888888, 16.238611111",Stadio Marco Lorenzon,Italy,Calabria,115.5,5000.0,IT,Stadio Marco Lorenzon,11.55
"55.903, 37.459",Rodina Stadium,,,117.4173,5083.0,,Rodina Stadium,11.74173
"10.482778, -66.941667",Brígido Iriarte Stadium,,,231,10000.0,,Brígido Iriarte Stadium,23.1
"40.9302, -73.7959",City Park Stadium,,,0,,,City Park Stadium,0
"34.024444444, -118.473888888",Crossroads School for Arts & Sciences,,,0,,,Crossroads School for Arts & Sciences,0
"40.3258215, -3.8942758",Estadio El Soto,Spain,Comunidad de Madrid,323.4,14000.0,ES,Estadio El Soto,32.34
"-35.419722, -71.673889",Estadio Fiscal de Talca,,,470.2082,16070.0,,Estadio Fiscal de Talca,47.02082
"-32.784167, -71.199444",Estadio Municipal Nicolás Chahuán,,,231,10000.0,,Estadio Municipal Nicolás Chahuán,23.1
"-34.836797, -56.171286",Estadio Parque Maracaná,,,184.8,8000.0,,Estadio Parque Maracaná,18.48
"-9.52658333, -77.53361111",Estadio Rosas Pampa,,,526.68,18000.0,,Estadio Rosas Pampa,52.668
"59.834889, 10.427929",Føyka Stadion,Norway,Oslo og Viken,38.5,2000.0,NO,Føyka Stadion,3.85
"35.168, 33.3558",GSP Stadium,Cyprus,Kýpros,277.2,12000.0,CY,GSP Stadium,27.72
"32.049986, 34.786956",Hatikva Neighborhood Stadium,,,49.4725,2570.0,,Hatikva Neighborhood Stadium,4.94725
"6.58638889, 79.96305556",Kalutara Stadium,,,438.9,15000.0,,Kalutara Stadium,43.89
"21.762627, 39.165096",King Abdullah Sports City,,,2400.2825,62345.0,,King Abdullah Sports City,240.02825
"36.650556, 51.510278",Shohada Stadium (Nowshahr),,,138.6,6000.0,,Shohada Stadium (Nowshahr),13.86
"38.496667, 125.7575",Sariwon Youth Stadium,,,1024.1,35000.0,,Sariwon Youth Stadium,102.41
"40.110525, 124.414083333",Sinuiju Stadium,,,512.05,17500.0,,Sinuiju Stadium,51.205
"4.04462, 9.69398",Stade Mbappé Léppé,,,115.5,5000.0,,Stade Mbappé Léppé,11.55
"51.2327, 4.471575",Stadion Broodstraat,Belgium,Prov. Antwerpen,123.585,5350.0,BE,Stadion Broodstraat,12.3585
"43.9296, 12.4427",Stadio Fonte dell'Ovo,,,9.625,500.0,,Stadio Fonte dell'Ovo,0.9625
"51.2319, 22.5575",Arena Lublin,Poland,Lubelskie,446.12722,15247.0,PL,Arena Lublin,44.612722
"62.225246, -6.579201",Djúpumýra Stadium,,,57.75,3000.0,,Djúpumýra Stadium,5.775
"24.65516, 46.731638",Q12244949,,,0,,,Q12244949,0
"55.6372, 12.073",Roskilde Idrætspark,Denmark,Sjælland,0,,DK,Roskilde Idrætspark,0
"57.164722222, 26.762222222",Gulbenes Sporta Centrs,Latvia,Latvija,0,,LV,Gulbenes Sporta Centrs,0
"-34.25164722, -70.83316111",Monasterio Celeste,,,0,,,Monasterio Celeste,0
"46.5886, 15.0153",Dravograd Sports Centre,Slovenia,Vzhodna Slovenija,36.9215,1918.0,SI,Dravograd Sports Centre,3.69215
"34.802526, 135.538278",Suita Stadium,,,1161.44644,39694.0,,Suita Stadium,116.144644
"29.8780031, 40.1043057",Al-Oruba Club Stadium,,,161.7,7000.0,,Al-Oruba Club Stadium,16.17
"40.4212, 49.9968",Azersun Arena,,,133.98,5800.0,,Azersun Arena,13.398
"13.7992, 100.055",Nakhon Pathom Municipality Sport School Stadium,,,0,,,Nakhon Pathom Municipality Sport School Stadium,0
"56.1842, 9.5751",JYSK Park,Denmark,Midtjylland,0,,DK,JYSK Park,0
"45.566388888, 18.6575",Opus Arena,Croatia,Panonska Hrvatska,300.4155,13005.0,HR,Opus Arena,30.04155
"43.232441942, -2.881455102",Artunduaga,Spain,País Vasco,0,,ES,Artunduaga,0
"40.6406, 48.6355",Shamakhi City Stadium,,,42.35,2200.0,,Shamakhi City Stadium,4.235
"52.53, 13.359444",Poststadion,Germany,Berlin,231,10000.0,DE,Poststadion,23.1
"47.255972, 11.410789",Tivoli Stadion Tirol,Austria,Tirol,509.124,17400.0,AT,Tivoli Stadion Tirol,50.9124
"46.608847, 14.278281",Wörthersee Stadion,Austria,Kärnten,936.32,32000.0,AT,Wörthersee Stadion,93.632
"47.3536, 9.6372",Stadion Schnabelholz,Austria,Vorarlberg,196.35,8500.0,AT,Stadion Schnabelholz,19.635
"47.1453, 7.26104",Gurzelen Stadion,Switzerland,Espace Mittelland,28.875,1500.0,CH,Gurzelen Stadion,2.8875
"48.740836, 21.244497",Lokomotíva Stadium,Slovakia,Východné Slovensko,249.1797,10787.0,SK,Lokomotíva Stadium,24.91797
"48.166111, 17.141111",Štadión Pasienky,Slovakia,Bratislavský kraj,300.3,13000.0,SK,Štadión Pasienky,30.03
"49.3186, 7.12167",Waldstadion an der Kaiserlinde,Germany,Saarland,231,10000.0,DE,Waldstadion an der Kaiserlinde,23.1
"47.4211, 9.65278",Reichshofstadion,Austria,Vorarlberg,203.28,8800.0,AT,Reichshofstadion,20.328
"47.4211, 9.65278",Reichshofstadion,Austria,Vorarlberg,203.28,8800.0,AT,Reichshofstadion,20.328
"-34.750847, -58.387544",Estadio Florencio Sola,,,675.93526,23101.0,,Estadio Florencio Sola,67.593526
"38.747189, 48.857131",Lankaran City Stadium,,,438.9,15000.0,,Lankaran City Stadium,43.89
"19.287286, -99.666794",Nemesio Díez Stadium,,,617.12266,21091.0,,Nemesio Díez Stadium,61.712266
"46.9609, 7.43127",Stadion Neufeld,Switzerland,Espace Mittelland,323.4,14000.0,CH,Stadion Neufeld,32.34
"47.5034, 9.73478",Casino Stadium,Austria,Vorarlberg,277.2,12000.0,AT,Casino Stadium,27.72
"46.370711, 6.226201",Centre sportif de Colovray,Switzerland,Région lémanique,166.32,7200.0,CH,Centre sportif de Colovray,16.632
"46.783297, 6.647056",Stade Municipal,Switzerland,Région lémanique,152.46,6600.0,CH,Stade Municipal,15.246
"47.029836, 8.287797",Stadion Kleinfeld,Switzerland,Zentralschweiz,123.816,5360.0,CH,Stadion Kleinfeld,12.3816
"47.561194444, 7.620013888",Stadion Rankhof,Switzerland,Nordwestschweiz,175.56,7600.0,CH,Stadion Rankhof,17.556
"47.360278, 7.341667",La Blancherie,Switzerland,Espace Mittelland,120.12,5200.0,CH,La Blancherie,12.012
"19.405833333, -98.986944444",Estadio Neza 86,,,585.2,20000.0,,Estadio Neza 86,58.52
"43.97125, 12.476972",San Marino Stadium,,,153.9384,6664.0,,San Marino Stadium,15.39384
"58.361156, 25.607033",Viljandi linnastaadion,Estonia,Eesti,19.3655,1006.0,EE,Viljandi linnastaadion,1.93655
"48.0976, 16.3109",Datenpol Arena,Austria,Niederösterreich,277.2,12000.0,AT,Datenpol Arena,27.72
"48.840556, 10.072222",Ostalb Arena,Germany,Stuttgart,306.5601,13271.0,DE,Ostalb Arena,30.65601
"42.5988, 19.9402",Stadion Pod Racinom,ME,Crna Gora,115.5,5000.0,ME,Stadion Pod Racinom,11.55
"36.745633, 3.078511",Stade 20 Août 1955,,,438.9,15000.0,,Stade 20 Août 1955,43.89
"46.78833333, 6.525",Stade Sous-Ville,Switzerland,Région lémanique,48.125,2500.0,CH,Stade Sous-Ville,4.8125
"46.78833333, 6.525",Stade Sous-Ville,Switzerland,Région lémanique,48.125,2500.0,CH,Stade Sous-Ville,4.8125
"40.6475, -8.593611",Estádio Municipal de Aveiro,Portugal,Centro (PT),960.6058,32830.0,PT,Estádio Municipal de Aveiro,96.06058
"51.185, 4.382222",Olympisch Stadion Antwerp,Belgium,Prov. Antwerpen,295.0101,12771.0,BE,Olympisch Stadion Antwerp,29.50101
"35.343608, 139.341263",Shonan BMW Stadium Hiratsuka,,,444.752,15200.0,,Shonan BMW Stadium Hiratsuka,44.4752
"48.980485, 9.393005",WIRmachenDRUCK Arena,Germany,Stuttgart,231,10000.0,DE,WIRmachenDRUCK Arena,23.1
"48.9799, 9.39413",WIRmachenDRUCK Arena,Germany,Stuttgart,231,10000.0,DE,WIRmachenDRUCK Arena,23.1
"39.043722222, 125.757694444",Kim Il-sung Stadium,,,2695,70000.0,,Kim Il-sung Stadium,269.5
"47.281, 15.9772",Stadion Hartberg,Austria,Steiermark,86.625,4500.0,AT,Stadion Hartberg,8.6625
"48.4064, 15.5981",Sepp-Doll-Stadion,Austria,Niederösterreich,231,10000.0,AT,Sepp-Doll-Stadion,23.1
"-2.548611, -44.259722",Castelão,,,1540,40000.0,,Castelão,154
"35.894863888, 14.415372222",Ta' Qali National Stadium,Malta,Malta,520.74022,17797.0,MT,Ta' Qali National Stadium,52.074022
"49.9006, 10.9289",Fuchs-Park-Stadion,Germany,Oberfranken,120.12,5200.0,DE,Fuchs-Park-Stadion,12.012
"40.995278, -5.665",Estadio El Helmántico,Spain,Castilla y León,507.39766,17341.0,ES,Estadio El Helmántico,50.739766
"35.285, -2.949444",Álvarez Claro Municipal Stadium,Spain,Ciudad de Melilla,277.2,12000.0,ES,Álvarez Claro Municipal Stadium,27.72
"31.75305, -106.467814",Estadio Olímpico Benito Juárez,,,652.498,22300.0,,Estadio Olímpico Benito Juárez,65.2498
"-38.726944, -62.275833",Estadio Roberto Natalio Carminatti,,,585.2,20000.0,,Estadio Roberto Natalio Carminatti,58.52
"40.926689, -8.545814",Estádio Marcolino de Castro,Portugal,Norte,124.7631,5401.0,PT,Estádio Marcolino de Castro,12.47631
"-1.381111, -48.444",Estádio Estadual Jornalista Edgar Augusto Proença,,,1024.1,35000.0,,Estádio Estadual Jornalista Edgar Augusto Proença,102.41
"-1.381111, -48.444",Estádio Estadual Jornalista Edgar Augusto Proença,,,1039.6617,45007.0,,Estádio Estadual Jornalista Edgar Augusto Proença,103.96617
"48.8825, 9.07222",Felsenberg-Arena,Germany,Stuttgart,115.5,5000.0,DE,Felsenberg-Arena,11.55
"59.188354, 17.568882",Södertälje Fotbollsarena,Sweden,Stockholm,147.84,6400.0,SE,Södertälje Fotbollsarena,14.784
"51.891667, 8.388333",Heidewaldstadion,Germany,Detmold,288.75,12500.0,DE,Heidewaldstadion,28.875
"39.832222, -75.378889",Subaru Park,,,541.31,18500.0,,Subaru Park,54.131
"47.1298, 15.3385",Sportstadion Gratkorn,Austria,Steiermark,57.75,3000.0,AT,Sportstadion Gratkorn,5.775
"47.6005, 13.7808",Ausseerland-Arena,Austria,Steiermark,57.75,3000.0,AT,Ausseerland-Arena,5.775
"50.021889, 36.239917",Dynamo Stadium,,,207.9,9000.0,,Dynamo Stadium,20.79
"49.604722222, 6.140277777",Stade Achille Hammerel,Luxembourg,Luxembourg,134.3034,5814.0,LU,Stade Achille Hammerel,13.43034
"47.4104, 9.2543",Q2312361,Switzerland,Ostschweiz,67.375,3500.0,CH,Q2312361,6.7375
"50.9452, 7.03039",Sportpark Höhenberg,Germany,Köln,192.7233,8343.0,DE,Sportpark Höhenberg,19.27233
"49.2169, 7.59587",Sportpark Husterhöhe,Germany,Rheinhessen-Pfalz,231,10000.0,DE,Sportpark Husterhöhe,23.1
"47.185409, 7.404031",Stadion Brühl,Switzerland,Espace Mittelland,441.826,15100.0,CH,Stadion Brühl,44.1826
"49.9703, 9.12991",Stadion am Schönbusch,Germany,Unterfranken,184.8,8000.0,DE,Stadion am Schönbusch,18.48
"-19.578611, -65.761111",Estadio Víctor Agustín Ugarte,,,936.32,32000.0,,Estadio Víctor Agustín Ugarte,93.632
"47.2586, 11.4055",Tivoli,Austria,Tirol,465.87772,15922.0,AT,Tivoli,46.587772
"47.7434, 13.0477",Untersberg-Arena,Austria,Salzburg,79.464,4128.0,AT,Untersberg-Arena,7.9464
"50.5235, 12.1259",Vogtlandstadion,Germany,Chemnitz,242.319,10490.0,DE,Vogtlandstadion,24.2319
"43.469537, 43.590338",Spartak Stadium,,,332.64,14400.0,,Spartak Stadium,33.264
"31.8103, 34.6483",Yud-Alef Stadium,,,180.18,7800.0,,Yud-Alef Stadium,18.018
"20.358061, -102.0499",Estadio Juan N. López,,,497.42,17000.0,,Estadio Juan N. López,49.742
"9.9365, -84.107878",Estadio Nacional de Costa Rica,,,731.5,25000.0,,Estadio Nacional de Costa Rica,73.15
"48.2489, 16.3597",Casino-Stadion Hohe Warte,Austria,Wien,127.05,5500.0,AT,Casino-Stadion Hohe Warte,12.705
"-20.501389, -54.609722",Morenão,,,1732.5,45000.0,,Morenão,173.25
"50.28122, 2.76615",Degouve-Brabant Stadium,France,Nord-Pas de Calais,28.875,1500.0,FR,Degouve-Brabant Stadium,2.8875
"42.66324, 9.43554",Q3495582,France,Corse,38.5,2000.0,FR,Q3495582,3.85
"46.416825, 15.87558611",Ptuj City Stadium,Slovenia,Vzhodna Slovenija,42.35,2200.0,SI,Ptuj City Stadium,4.235
"0.34720833, 32.65888889",Mandela National Stadium,,,1740.277,45202.0,,Mandela National Stadium,174.0277
"38.7472, 48.8571",Yevlakh City Stadium,,,115.5,5000.0,,Yevlakh City Stadium,11.55
"44.03333333, 20.45",Metalac Stadium,RS,Region Šumadije i Zapadne Srbije,86.625,4500.0,RS,Metalac Stadium,8.6625
"-42.77802222, -65.03839444",Estadio Raúl Conti,,,438.9,15000.0,,Estadio Raúl Conti,43.89
"-20.834722, -49.401111",Estádio Anísio Haddad,,,965.58,33000.0,,Estádio Anísio Haddad,96.558
"-19.9875, -43.844722222",Estádio Castor Cifuentes,,,438.9,15000.0,,Estádio Castor Cifuentes,43.89
"-6.13333, 12.35",Estádio Imbomdeiro,,,57.75,3000.0,,Estádio Imbomdeiro,5.775
"-27.651011, -52.265039",Estádio Olímpico Colosso da Lagoa,,,877.8,30000.0,,Estádio Olímpico Colosso da Lagoa,87.78
"-8.81427, 13.226",Estádio dos Coqueiros,,,277.2,12000.0,,Estádio dos Coqueiros,27.72
"54.425, -7.59311",Ferney Park,,,38.5,2000.0,,Ferney Park,3.85
"-34.738055555, -58.517222222",República de Italia Stadium,,,288.75,12500.0,,República de Italia Stadium,28.875
"47.2065, 7.521528",Stadion FC Solothurn,Switzerland,Espace Mittelland,0,,CH,Stadion FC Solothurn,0
"-21.777778, -46.605833",Ronaldão,,,323.4,14000.0,,Ronaldão,32.34
"-11.678373, 27.489241",Stade TP Mazembe,,,0,18000.0,,Stade TP Mazembe,0
"46.6162, 7.0666",Stade de Bouleyres,Switzerland,Espace Mittelland,118.965,5150.0,CH,Stade de Bouleyres,11.8965
"46.20655, 6.17659",Stade de Frontenex,Switzerland,Région lémanique,77,4000.0,CH,Stade de Frontenex,7.7
"46.234390317, 6.069765138",Stade des Arberes,Switzerland,Région lémanique,53.9,2800.0,CH,Stade des Arberes,5.39
"46.1925, 21.3114",Stadionul Francisc von Neumann,Romania,Vest,168.3297,7287.0,RO,Stadionul Francisc von Neumann,16.83297
"46.192575, 21.311442",Stadionul Francisc von Neumann,Romania,Vest,168.3297,7287.0,RO,Stadionul Francisc von Neumann,16.83297
"48.037667, 14.410361",Vorwärts Stadium,Austria,Oberösterreich,138.6,6000.0,AT,Vorwärts Stadium,13.86
"46.8253, 14.8514",Lavanttal-Arena,Austria,Kärnten,168.63,7300.0,AT,Lavanttal-Arena,16.863
"54.780155, -6.55643833",Mill Meadow,,,0,,,Mill Meadow,0
"47.08867, 28.77154",Ghidighici Stadium,,,28.875,1500.0,,Ghidighici Stadium,2.8875
"5.30100012, -1.99240005",TNA Park,,,277.2,12000.0,,TNA Park,27.72
"18.9071, -98.9703",Estadio Olímpico de Oaxtepec,,,0,,,Estadio Olímpico de Oaxtepec,0
"42.58857778, -8.76604444",Estadio da Lomba,Spain,Galicia,92.4,4800.0,ES,Estadio da Lomba,9.24
"19.284079, -81.245591",Haig Bodden Stadium,,,0,,,Haig Bodden Stadium,0
"-34.893108, -56.245413",Pedro Arispe Olympic Stadium,,,219.45,9500.0,,Pedro Arispe Olympic Stadium,21.945
"50.1247, 8.62056",Stadion am Brentanobad,Germany,Darmstadt,120.12,5200.0,DE,Stadion am Brentanobad,12.012
"45.0569, 7.66028",Velodrome Humbert I,Italy,Piemonte,438.9,15000.0,IT,Velodrome Humbert I,43.89
"49.945278, 11.586944",Hans-Walter-Wild-Stadion,Germany,Oberfranken,629.09,21500.0,DE,Hans-Walter-Wild-Stadion,62.909
"9.013306, 38.756417",Addis Ababa Stadium,,,1024.1,35000.0,,Addis Ababa Stadium,102.41
"-3.083056, -60.028056",Vivaldão,,,1771,46000.0,,Vivaldão,177.1
"3.8855, 11.540528",Stade Ahmadou Ahidjo,,,2002,52000.0,,Stade Ahmadou Ahidjo,200.2
"40.60194444, 19.74083333",Adush Muça Stadium,AL,Jug,120.12,5200.0,AL,Adush Muça Stadium,12.012
"42.203591, 18.945928",Stadion Mitar Mićo Goliš,ME,Crna Gora,28.875,1500.0,ME,Stadion Mitar Mićo Goliš,2.8875
"-25.448333, -49.276944",Arena da Baixada,,,831.36438,28413.0,,Arena da Baixada,83.136438
"55.76, -2.01583",Shielfield Park,,,86.625,4500.0,,Shielfield Park,8.6625
"20.681667, -103.462778",Estadio Akron,,,1957.725,50850.0,,Estadio Akron,195.7725
"43.97125, 12.476972",San Marino Stadium,,,153.9384,6664.0,,San Marino Stadium,15.39384
"-8.026711, -34.891175",Estádio do Arruda,,,2311.694,60044.0,,Estádio do Arruda,231.1694
"23.72801, 90.41353","National Stadium, Dhaka",,,1053.36,36000.0,,"National Stadium, Dhaka",105.336
"51.485556, 7.118611",Lohrheidestadion,Germany,Arnsberg,474.97758,16233.0,DE,Lohrheidestadion,47.497758
"46.079078, 23.566553",Stadionul Cetate,Romania,Centru,526.68,18000.0,RO,Stadionul Cetate,52.668
"62.099722, -6.736111",Svangaskarð,,,138.6,6000.0,,Svangaskarð,13.86
"51.1966247, -0.6219691",Charterhouse School,,,0,,,Charterhouse School,0
"56.55226944, -2.59151944",Gayfield Park,,,152.46,6600.0,,Gayfield Park,15.246
"47.553888888, 21.633333333",Debrecen Stadion,Hungary,Észak-Alföld,585.7852,20020.0,HU,Debrecen Stadion,58.57852
"37.914261, 40.221461",Diyarbakır Atatürk Stadium,TR,"Şanlıurfa, Diyarbakır",299.4453,12963.0,TR,Diyarbakır Atatürk Stadium,29.94453
"48.9061, 2.34105",Stade de Paris,France,Ile-de-France,184.8,8000.0,FR,Stade de Paris,18.48
"45.783056, 24.143611",Municipal stadium in Sibiu,Romania,Centru,328.02,14200.0,RO,Municipal stadium in Sibiu,32.802
"35.894863888, 14.415372222",Ta' Qali National Stadium,Malta,Malta,520.74022,17797.0,MT,Ta' Qali National Stadium,52.074022
"48.3428, 10.9083",Q1357112,Germany,Schwaben,115.5,5000.0,DE,Q1357112,11.55
"4.804804, -75.75219",Estadio Hernán Ramírez Villegas,,,1167.1814,39890.0,,Estadio Hernán Ramírez Villegas,116.71814
"35.8854, -5.3279",Estadio Alfonso Murube,,,150.15,6500.0,,Estadio Alfonso Murube,15.015
"-22.60763611, 17.090975",Sam Nujoma Stadium,,,237.93,10300.0,,Sam Nujoma Stadium,23.793
"50.083611, 14.444444",FK Viktoria Stadion,Czechia,Praha,116.3547,5037.0,CZ,FK Viktoria Stadion,11.63547
"-17.5339, -149.552",Stade Hamuta,,,231,10000.0,,Stade Hamuta,23.1
"-17.533895, -149.551628",Stade Hamuta,,,231,10000.0,,Stade Hamuta,23.1
"46.59636, 4.05545",Stade Jean Laville,France,Bourgogne,42.35,2200.0,FR,Stade Jean Laville,4.235
"49.2573, 6.87022",Q1610458,Germany,Saarland,277.2,12000.0,DE,Q1610458,27.72
"52.4083, 9.60222",Wilhelm-Langrehr-Stadion,Germany,Hannover,67.375,3500.0,DE,Wilhelm-Langrehr-Stadion,6.7375
"55.413578, 12.134153",Herfølge Stadion,Denmark,Sjælland,184.8,8000.0,DK,Herfølge Stadion,18.48
"49.767194444, 9.932944444",flyeralarm Arena,Germany,Unterfranken,242.6424,10504.0,DE,flyeralarm Arena,24.26424
"49.767194444, 9.932944444",flyeralarm Arena,Germany,Unterfranken,240.24,12000.0,DE,flyeralarm Arena,24.024
"49.767194444, 9.932944444",flyeralarm Arena,Germany,Unterfranken,241.9032,13090.0,DE,flyeralarm Arena,24.19032
"49.767194444, 9.932944444",flyeralarm Arena,Germany,Unterfranken,245.63,14500.0,DE,flyeralarm Arena,24.563
"47.32616, 5.06757",Stade Gaston Gérard,France,Bourgogne,468.0137,15995.0,FR,Stade Gaston Gérard,46.80137
"47.3261, 5.06793",Stade Gaston Gérard,France,Bourgogne,468.0137,15995.0,FR,Stade Gaston Gérard,46.80137
"-17.946211, -67.111564",Estadio Jesús Bermúdez,,,1024.1,35000.0,,Estadio Jesús Bermúdez,102.41
"51.214139, 4.243931",Freethiel Stadion,Belgium,Prov. Oost-Vlaanderen,306.999,13290.0,BE,Freethiel Stadion,30.6999
"-4.330417, 15.31",martyrs' stadium,,,4004,80000.0,,martyrs' stadium,400.4
"51.1896, 7.2635",Röntgen stadium,Germany,Düsseldorf,287.8953,12463.0,DE,Röntgen stadium,28.78953
"39.030519, 117.719",TEDA Football Stadium,,,1064.7714,36390.0,,TEDA Football Stadium,106.47714
"52.8525, 8.03874",Q2434521,Germany,Weser-Ems,115.5231,5001.0,DE,Q2434521,11.55231
"59.506592, 24.82805",Viimsi Stadium,Estonia,Eesti,38.5,2000.0,EE,Viimsi Stadium,3.85
"-33.808056, 150.999722",Parramatta Stadium,,,629.09,21500.0,,Parramatta Stadium,62.909
"34.7167, 113.725",Zhengzhou Hanghai Stadium,,,877.8,30000.0,,Zhengzhou Hanghai Stadium,87.78
"34.716666666, 113.725277777",Zhengzhou Hanghai Stadium,,,877.8,30000.0,,Zhengzhou Hanghai Stadium,87.78
"-7.555556, 110.806389",Manahan Stadium,,,1024.1,35000.0,,Manahan Stadium,102.41
"25.2189, 55.317147222",Za'abeel Stadium,,,526.68,18000.0,,Za'abeel Stadium,52.668
"25.290833333, 55.348333333",Maktoum Bin Rashid Al Maktoum Stadium,,,526.68,18000.0,,Maktoum Bin Rashid Al Maktoum Stadium,52.668
"20.945833, -89.593611",Estadio Carlos Iturralde,,,526.68,18000.0,,Estadio Carlos Iturralde,52.668
"18.669015, 105.669508",Vinh Stadium,,,277.2,12000.0,,Vinh Stadium,27.72
"18.083055555, -88.570277777",Orange Walk People's Stadium,,,86.625,4500.0,,Orange Walk People's Stadium,8.6625
"44.9551, 18.3081",Stadion Dr. Milan Jelić,BA,Republika Srpska,138.6,6000.0,BA,Stadion Dr. Milan Jelić,13.86
"9.889628, -84.049322","Estadio Jorge ""Cuty"" Monge",,,127.05,5500.0,,"Estadio Jorge ""Cuty"" Monge",12.705
"42.962222, 23.35",Chavdar Tsvetkov Stadium,Bulgaria,Yugozapaden,67.375,3500.0,BG,Chavdar Tsvetkov Stadium,6.7375
"40.740231, 14.607075",Stadio Marcello Torre,Italy,Campania,138.1611,5981.0,IT,Stadio Marcello Torre,13.81611
"52.798611111, 27.538194444",Stroitel Stadium,,,80.85,4200.0,,Stroitel Stadium,8.085
"36.764189, -2.800494",Estadio Municipal Santo Domingo,Spain,Andalucía,181.797,7870.0,ES,Estadio Municipal Santo Domingo,18.1797
"55.8299, -4.25319",Cathkin Park,,,1925,50000.0,,Cathkin Park,192.5
"4.976867, -1.681714",Essipong Stadium,,,0,,,Essipong Stadium,0
"-4.89696, -80.684436",Estadio Campeones del 36,,,184.8,8000.0,,Estadio Campeones del 36,18.48
"-33.507458, -70.749122",Estadio Santiago Bueras,,,115.5,5000.0,,Estadio Santiago Bueras,11.55
"-22.965414, -46.536936",Estádio Nabi Abi Chedid,,,620.57534,21209.0,,Estádio Nabi Abi Chedid,62.057534
"57.19591667, 14.04280556",Finnvedsvallen,Sweden,Småland med öarna,115.5,5000.0,SE,Finnvedsvallen,11.55
"34.74376, 32.4407",Geroskipou Municipal Stadium,,,38.5,2000.0,,Geroskipou Municipal Stadium,3.85
"38.378611111, -0.486944444",Estadio Antonio Solana,Spain,Comunitat Valenciana,48.125,2500.0,ES,Estadio Antonio Solana,4.8125
"47.1779, 8.5085",Herti Allmend Stadion,Switzerland,Zentralschweiz,94.325,4900.0,CH,Herti Allmend Stadion,9.4325
"3.89306, -77.0694",Q6081744,,,57.75,3000.0,,Q6081744,5.775
"41.843055555, 43.388611111",Jemal Zeinklishvili Stadium,,,77,4000.0,,Jemal Zeinklishvili Stadium,7.7
"44.54262, 26.06784",Stadionul Otopeni,Romania,Bucureşti-Ilfov,25.025,1300.0,RO,Stadionul Otopeni,2.5025
"37.465615, 49.455385",Sirous Ghayeghran Arena,,,277.2,12000.0,,Sirous Ghayeghran Arena,27.72
"54.2333, -6.96667",Kingspan Century Park,Ireland,Northern and Western,38.5,2000.0,IE,Kingspan Century Park,3.85
"55.494167, 9.459167",Kolding Stadion,Denmark,Syddanmark,231,10000.0,DK,Kolding Stadion,23.1
"6.208611, -1.677222",Len Clay Stadium,,,585.2,20000.0,,Len Clay Stadium,58.52
"37.9462, 32.4881",Konya Büyükşehir Stadium,TR,"Konya, Karaman",1627.626,42276.0,TR,Konya Büyükşehir Stadium,162.7626
"34.16821, 134.617839",Pocarisweat Stadium,,,598.10366,20441.0,,Pocarisweat Stadium,59.810366
"41.105104, 20.812333",SRC Biljanini Izvori,MK,Severna Makedonija,48.125,2500.0,MK,SRC Biljanini Izvori,4.8125
"-8.594444, 33.446667",Sokoine Stadium,,,0,,,Sokoine Stadium,0
"49.536816666, 5.982933333","Stade Communal, Mondercange",Luxembourg,Luxembourg,0,,LU,"Stade Communal, Mondercange",0
"12.875, -7.54889",Stade Municipal de Koulikoro,,,0,,,Stade Municipal de Koulikoro,0
"53.15512, 8.21168",Stadion Alexanderstraße,Germany,Weser-Ems,0,,DE,Stadion Alexanderstraße,0
"42.104444, 19.09",Stadion Topolica,ME,Crna Gora,138.6,6000.0,ME,Stadion Topolica,13.86
"47.639274, 26.24626",Stadionul Areni,Romania,Nord-Est,161.7,7000.0,RO,Stadionul Areni,16.17
"45.666934, 25.610821",Stadionul Forex,Romania,Centru,0,,RO,Stadionul Forex,0
"47.071944, 21.93",Stadionul Iuliu Bodola,Romania,Nord-Vest,255.6477,11067.0,RO,Stadionul Iuliu Bodola,25.56477
"48.8167, 19.535",Stadium Kolkáreň,Slovakia,Stredné Slovensko,86.625,4500.0,SK,Stadium Kolkáreň,8.6625
"-15.836146, -48.080657",Serejão,,,1024.1,35000.0,,Serejão,102.41
"43.1517, -2.97306",Q8845318,Spain,País Vasco,49.0875,2550.0,ES,Q8845318,4.90875
"43.1517, -2.97306",Q8845318,Spain,País Vasco,49.0875,2550.0,ES,Q8845318,4.90875
"43.9296, 12.4427",Stadio Fonte dell'Ovo,,,9.625,500.0,,Stadio Fonte dell'Ovo,0.9625
"-41.320278, 174.7825",Newtown Park,,,115.5,5000.0,,Newtown Park,11.55
"51.965, 5.68611",Wageningse Berg,Netherlands,Gelderland,0,,NL,Wageningse Berg,0
"40.774722222, 30.0175",Kocaeli Stadium,TR,"Kocaeli, Sakarya, Düzce, Bolu, Yalova",0,,TR,Kocaeli Stadium,0
"43.2210502, -2.7254464",Urritxe,Spain,País Vasco,57.75,3000.0,ES,Urritxe,5.775
"46.768333, 23.572222",Cluj Arena,Romania,Nord-Vest,887.6021,30335.0,RO,Cluj Arena,88.76021
"29.623865, 52.556062",Hafezieh Stadium,,,323.4,14000.0,,Hafezieh Stadium,32.34
"64.143555555, -21.878972222",Laugardalsvöllur,Iceland,Ísland,451.39402,15427.0,IS,Laugardalsvöllur,45.139402
"51.365839, 19.381692",Stadion GKS,Poland,Łódzkie,120.9978,5238.0,PL,Stadion GKS,12.09978
"46.608847, 14.278281",Wörthersee Stadion,Austria,Kärnten,936.32,32000.0,AT,Wörthersee Stadion,93.632
"45.140278, 10.034722",Stadio Giovanni Zini,Italy,Lombardia,444.48866,15191.0,IT,Stadio Giovanni Zini,44.448866
"39.996053, -0.038792",Nou Estadi Castalia,Spain,Comunitat Valenciana,468.16,16000.0,ES,Nou Estadi Castalia,46.816
"48.559444, 39.321111","Avanhard Stadium, Luhansk",,,652.14688,22288.0,,"Avanhard Stadium, Luhansk",65.214688
"49.0825, 19.28388889",Štadión MFK Ružomberok,Slovakia,Stredné Slovensko,92.72725,4817.0,SK,Štadión MFK Ružomberok,9.272725
"31.858851719, 54.328629111",Nassiri Stadium,,,438.9,15000.0,,Nassiri Stadium,43.89
"59.362222222, 17.851666666",Grimsta IP,Sweden,Stockholm,91.03325,4729.0,SE,Grimsta IP,9.103325
"-34.66791944, -58.4996",Estadio Nueva Chicago,,,526.68,18000.0,,Estadio Nueva Chicago,52.668
"19.287286, -99.666794",Nemesio Díez Stadium,,,617.12266,21091.0,,Nemesio Díez Stadium,61.712266
"37.088333, -7.974722",Estádio Algarve,Portugal,Algarve,886.7243,30305.0,PT,Estádio Algarve,88.67243
"47.4439, 15.3006",Alpenstadion,Austria,Steiermark,277.2,12000.0,AT,Alpenstadion,27.72
"-33.540833, -70.578333",Estadio Bicentenario de La Florida,,,277.2,12000.0,,Estadio Bicentenario de La Florida,27.72
"43.97125, 12.476972",San Marino Stadium,,,153.9384,6664.0,,San Marino Stadium,15.39384
"52.260278, 6.1725",De Adelaarshorst,Netherlands,Overijssel,154.77,6700.0,NL,De Adelaarshorst,15.477
"45.708889, 9.680833",Stadio Atleti Azzurri d'Italia,Italy,Lombardia,730.037,24950.0,IT,Stadio Atleti Azzurri d'Italia,73.0037
"40.171426, 44.449938",Urartu Stadium,,,115.5,5000.0,,Urartu Stadium,11.55
"49.818618, 73.075122",Shakhtyor Stadium,,,555.94,19000.0,,Shakhtyor Stadium,55.594
"-33.428333, 151.338056",Central Coast Stadium,,,586.92634,20059.0,,Central Coast Stadium,58.692634
"41.764722222, -87.806111111",SeatGeek Stadium,,,585.2,20000.0,,SeatGeek Stadium,58.52
"44.826029, 65.503439",Gany Muratbayev Stadium,,,168.63,7300.0,,Gany Muratbayev Stadium,16.863
"48.08387, -0.75351",Stade Francis Le Basser,France,Pays de la Loire,256.5717,11107.0,FR,Stade Francis Le Basser,25.65717
"35.5725, -5.348611",Saniat Rmel,,,438.9,15000.0,,Saniat Rmel,43.89
"47.506111, 19.094722",Millenáris Sporttelep,Hungary,Budapest,187.803,8130.0,HU,Millenáris Sporttelep,18.7803
"42.269942, 2.999439",Vilatenim Football Stadium,Spain,Cataluña,218.8032,9472.0,ES,Vilatenim Football Stadium,21.88032
"7.13658889, -73.11658889",Américo Montanini Stadium,,,731.5,25000.0,,Américo Montanini Stadium,73.15
"-25.3485, -57.59308333",Estadio Luciano Zacarías,,,438.9,15000.0,,Estadio Luciano Zacarías,43.89
"-26.812778, -65.199167",Estadio Monumental José Fierro,,,1540,40000.0,,Estadio Monumental José Fierro,154
"-31.712119, -55.991924",Raúl Goyenola Stadium,,,277.2,12000.0,,Raúl Goyenola Stadium,27.72
"-31.711944, -55.991944",Raúl Goyenola Stadium,,,277.2,12000.0,,Raúl Goyenola Stadium,27.72
"-8.969947, 13.283672",Estádio 11 de Novembro,,,1925,50000.0,,Estádio 11 de Novembro,192.5
"38.70965278, -9.18087778",Estádio da Tapadinha,Portugal,Grande Lisboa,77,4000.0,PT,Estádio da Tapadinha,7.7
"-37.825278, 144.983889",Melbourne Rectangular Stadium,,,879.263,30050.0,,Melbourne Rectangular Stadium,87.9263
"-22.60763611, 17.090975",Sam Nujoma Stadium,,,237.93,10300.0,,Sam Nujoma Stadium,23.793
"3.725, 8.769167",Malabo Stadium,,,446.215,15250.0,,Malabo Stadium,44.6215
"59.188354, 17.568882",Södertälje Fotbollsarena,Sweden,Stockholm,147.84,6400.0,SE,Södertälje Fotbollsarena,14.784
"-3.383333, 29.373778",Intwari Stadium,,,643.72,22000.0,,Intwari Stadium,64.372
"59.413068, 5.279379",Haugesund Sparebank Arena,Norway,Vestlandet,203.28,8800.0,NO,Haugesund Sparebank Arena,20.328
"63.673611, 22.695",Jakobstads Centralplan,Finland,Länsi-Suomi,115.5,5000.0,FI,Jakobstads Centralplan,11.55
"53.723336, -6.357222",Hunky Dorys Park,Ireland,Eastern and Midland,28.875,1500.0,IE,Hunky Dorys Park,2.8875
"53.723336, -6.357222",Hunky Dorys Park,Ireland,Eastern and Midland,29.26,2000.0,IE,Hunky Dorys Park,2.926
"56.0125, 14.71666667",Strandvallen,Sweden,Sydsverige,173.25,7500.0,SE,Strandvallen,17.325
"25.629145, -103.379417",Corona Stadium,,,877.8,30000.0,,Corona Stadium,87.78
"46.625, 5.21638889",Stade du Bram,France,Bourgogne,194.04,8400.0,FR,Stade du Bram,19.404
"53.881388888, 27.6175",Traktor Stadium,,,514.976,17600.0,,Traktor Stadium,51.4976
"59.385456, 24.659603",Hiiu Stadium,Estonia,Eesti,12.5125,650.0,EE,Hiiu Stadium,1.25125
"51.162739, 71.413312",Kazhimukan Munaitpasov Stadium,,,285.285,12350.0,,Kazhimukan Munaitpasov Stadium,28.5285
"20.535, -100.818333",Monumental Stadium football Miguel Aleman Valdes,,,945.098,32300.0,,Monumental Stadium football Miguel Aleman Valdes,94.5098
"22.141391, -100.985159",Estadio Plan de San Luis Potosí,,,585.2,20000.0,,Estadio Plan de San Luis Potosí,58.52
"6.477778, 2.618611",Stade Charles de Gaulle,,,438.9,15000.0,,Stade Charles de Gaulle,43.89
"43.96885, 21.268411",Jagodina City Stadium,RS,Region Šumadije i Zapadne Srbije,438.9,15000.0,RS,Jagodina City Stadium,43.89
"43.897819, 20.341406",Čačak Stadium,RS,Region Šumadije i Zapadne Srbije,184.8,8000.0,RS,Čačak Stadium,18.48
"44.765156, 20.472153",Stadion Kralj Petar I,RS,City of Belgrade,138.6,6000.0,RS,Stadion Kralj Petar I,13.86
"31.314397, 48.665008",Takhti Stadium,,,877.8,30000.0,,Takhti Stadium,87.78
"-20.078889, 57.6",Stade Anjalay,,,526.68,18000.0,,Stade Anjalay,52.668
"46.9844, 28.667",Suruceni Stadium,,,28.875,1500.0,,Suruceni Stadium,2.8875
"38.004858, 23.689756",Peristeri Stadium,Greece,Attica,235.62,10200.0,Greece,Peristeri Stadium,23.562
"54.574547, 23.365392",ARVI Football Arena,Lithuania,Vidurio ir vakarų Lietuvos regionas,144.375,6250.0,LT,ARVI Football Arena,14.4375
"37.763708, -25.622589",Estádio de São Miguel,Portugal,Região Autónoma dos Açores,288.75,12500.0,PT,Estádio de São Miguel,28.875
"60.18583333, 24.92472222",Töölö ball field,Finland,Helsinki-Uusimaa,0,,FI,Töölö ball field,0
"-8.86888889, 13.20888889",Estádio Joaquim Dinis,,,0,,,Estádio Joaquim Dinis,0
"-10.926667, -37.049167",Batistão,,,323.4,14000.0,,Batistão,32.34
"53.140278, 29.217222",Spartak Stadium,,,71.225,3700.0,,Spartak Stadium,7.1225
"54.092361111, 28.319722222",Torpedo Stadium,,,150.7044,6524.0,,Torpedo Stadium,15.07044
"37.502676, 22.388678",Theodoros Kolokotronis Stadium,Greece,Peloponnese,175.9296,7616.0,Greece,Theodoros Kolokotronis Stadium,17.59296
"40.992222, 45.625556",Tovuz City Stadium,,,150.15,6500.0,,Tovuz City Stadium,15.015
"10.482778, -66.941667",Brígido Iriarte Stadium,,,231,10000.0,,Brígido Iriarte Stadium,23.1
"43.556028, 27.826806",Druzhba Stadium,Bulgaria,Severoiztochen,288.75,12500.0,BG,Druzhba Stadium,28.875
"8.60555556, -71.63694444",Estadio 12 de Febrero,,,295.3335,12785.0,,Estadio 12 de Febrero,29.53335
"25.539575, -103.429178",Estadio Revolución,,,196.35,8500.0,,Estadio Revolución,19.635
"-23.188517, -45.870331",Estádio Martins Pereira,,,448.17542,15317.0,,Estádio Martins Pereira,44.817542
"41.594625, -0.94899722",Ciudad Deportiva del Real Zaragoza,Spain,Aragón,0,,ES,Ciudad Deportiva del Real Zaragoza,0
"37.66692, -1.70361",Q5805617,Spain,Región de Murcia,184.8,8000.0,ES,Q5805617,18.48
"-25.297015, -57.639012",Flaviano Díaz Stadium,,,19.25,1000.0,,Flaviano Díaz Stadium,1.925
"38.51761, 68.2162",Stadium Metallurg 1st District,,,585.2,20000.0,,Stadium Metallurg 1st District,58.52
"50.463904, 13.418078",Letní stadion,Czechia,Severozápad,231,10000.0,CZ,Letní stadion,23.1
"32.181115, 34.927071",Levita Stadium,,,133.98,5800.0,,Levita Stadium,13.398
"49.99833333, 18.45694444",MOSiR Stadium,Poland,Śląskie,170.94,7400.0,PL,MOSiR Stadium,17.094
"50.30083333, 18.91944444",OSiR Skałka,Poland,Śląskie,760.76,26000.0,PL,OSiR Skałka,76.076
"48.243889, 20.610278",Pete András Stadion,Hungary,Észak-Magyarország,57.75,3000.0,HU,Pete András Stadion,5.775
"35.89277778, 14.40138889",Rabat Ajax Football Ground,Malta,Malta,13.475,700.0,MT,Rabat Ajax Football Ground,1.3475
"5.35931, -3.88964",Stade Municipal,,,0,,,Stade Municipal,0
"44.43134, 20.68714",Stadion Selters,RS,City of Belgrade,77,4000.0,RS,Stadion Selters,7.7
"43.896111, 25.981389",Stadionul Marin Anastasovici,Romania,Sud-Muntenia,127.05,5500.0,RO,Stadionul Marin Anastasovici,12.705
"25.6304, -103.38",Territorio Santos Modelo,,,0,,,Territorio Santos Modelo,0
"41.143889, 24.893889",Xanthi Ground,Greece,"Anatoliki Makedonia, Thraki",219.45,9500.0,Greece,Xanthi Ground,21.945
"55.726373, 21.109618",Central stadium of Klaipėda,Lithuania,Vidurio ir vakarų Lietuvos regionas,95.095,4940.0,LT,Central stadium of Klaipėda,9.5095
"47.993611111, 33.435833333","Hirnyk Stadium, Kryvyi Rih",,,48.125,2500.0,,"Hirnyk Stadium, Kryvyi Rih",4.8125
"43.33388889, -2.98611111",Q12267105,Spain,País Vasco,0,,ES,Q12267105,0
"55.40046389, 11.364275",Slagelse Stadion,Denmark,Sjælland,231,10000.0,DK,Slagelse Stadion,23.1
"48.8001, 21.2462",Stadium Družstevná pri Hornáde,Slovakia,Východné Slovensko,0,,SK,Stadium Družstevná pri Hornáde,0
"39.7625, 30.4677",New Eskişehir Stadium,TR,"Bursa, Eskişehir, Bilecik",1022.0518,34930.0,TR,New Eskişehir Stadium,102.20518
"63.671989023, 22.693998114",Project Liv Arena,Finland,Länsi-Suomi,69.608,3616.0,FI,Project Liv Arena,6.9608
"63.671989023, 22.693998114",Project Liv Arena,Finland,Länsi-Suomi,70.07,7000.0,FI,Project Liv Arena,7.007
"51.555555555, -0.279722222",Wembley Stadium,,,4104.1,82000.0,,Wembley Stadium,410.41
"19.078056, -98.164444",Cuauhtémoc Stadiums,,,1825.5545,47417.0,,Cuauhtémoc Stadiums,182.55545
"32.05173, 34.76148",Bloomfield Stadium,,,860.244,29400.0,,Bloomfield Stadium,86.0244
"30.069111, 31.312333",Cairo International Stadium,,,5030.025,100500.0,,Cairo International Stadium,503.0025
"-26.234806, 27.982378",Soccer City Stadium,,,4741.5368,94736.0,,Soccer City Stadium,474.15368
"54.602964, -5.891319",The Oval,,,777.02856,26556.0,,The Oval,77.702856
"47.255972, 11.410789",Tivoli Stadion Tirol,Austria,Tirol,509.124,17400.0,AT,Tivoli Stadion Tirol,50.9124
"40.9875, 29.036666666",Şükrü Saracoğlu Stadium,,,1945.405,50530.0,,Şükrü Saracoğlu Stadium,194.5405
"43.023056, 44.695",Republican Spartak Stadium,,,949.89664,32464.0,,Republican Spartak Stadium,94.989664
"59.421292, 24.73205",A. Le Coq Arena,Estonia,Eesti,331.1616,14336.0,EE,A. Le Coq Arena,33.11616
"43.32317778, 45.74525278",Akhmat-Arena,,,895.26822,30597.0,,Akhmat-Arena,89.526822
"31.751166666, 35.190616666",Teddy Stadium,,,928.50758,31733.0,,Teddy Stadium,92.850758
"48.89861111, 18.04472222",Štadión na Sihoti,Slovakia,Západné Slovensko,82.775,4300.0,SK,Štadión na Sihoti,8.2775
"30.1745, 31.435",Al Salam Stadium,,,877.8,30000.0,,Al Salam Stadium,87.78
"47.574892, 19.08465",Ferenc Szusza Stadium,Hungary,Budapest,311.8731,13501.0,HU,Ferenc Szusza Stadium,31.18731
"10.674114, -71.645011",Estadio José Pachencho Romero,,,1570.8,40800.0,,Estadio José Pachencho Romero,157.08
"35.114542, 33.362864",GSP Stadium,Cyprus,Kýpros,664.46534,22709.0,CY,GSP Stadium,66.446534
"51.955833, 6.309722",De Vijverberg,Netherlands,Gelderland,291.06,12600.0,NL,De Vijverberg,29.106
"35.724417, 51.275528",Azadi Stadium,,,4204.2,84000.0,,Azadi Stadium,420.42
"35.724417, 51.275528",Azadi Stadium,,,4224.8206,84412.0,,Azadi Stadium,422.48206
"-29.973444, -51.194403",Arena do Grêmio,,,2330.79,60540.0,,Arena do Grêmio,233.079
"51.116389, 3.987222",Daknamstadion,Belgium,Prov. Oost-Vlaanderen,220.836,9560.0,BE,Daknamstadion,22.0836
"50.776214, 15.049972",Stadion u Nisy,Czechia,Severovýchod,228.69,9900.0,CZ,Stadion u Nisy,22.869
"47.033264, 8.305187",Swissporarena,Switzerland,Zentralschweiz,491.568,16800.0,CH,Swissporarena,49.1568
"41.343611, 21.561944",Stadion Goce Delčev,MK,Severna Makedonija,438.9,15000.0,MK,Stadion Goce Delčev,43.89
"59.26611111, 15.22305556",Behrn Arena,Sweden,Östra Mellansverige,292.7694,12674.0,SE,Behrn Arena,29.27694
"42.476389, 1.487667",Estadi Comunal d'Aixovall,,,19.25,1000.0,,Estadi Comunal d'Aixovall,1.925
"43.873888888, 18.408611111",Asim Ferhatović Hase Stadium,BA,Federacija Bosne i Hercegovine,881.34046,30121.0,BA,Asim Ferhatović Hase Stadium,88.134046
"58.21666667, 11.94388889",Skarsjövallen,Sweden,Västsverige,138.6,6000.0,SE,Skarsjövallen,13.86
"49.472222222, 6.084722222",Stade Jos Nosbaum,France,Lorraine,89.5125,4650.0,FR,Stade Jos Nosbaum,8.95125
"54.5825, -5.955",Windsor Park,,,541.31,18500.0,,Windsor Park,54.131
"41.445833333, -8.300972222",Estádio D. Afonso Henriques,Portugal,Norte,878.64854,30029.0,PT,Estádio D. Afonso Henriques,87.864854
"40.203333333, -8.407777777",Estádio Cidade de Coimbra,Portugal,Centro (PT),866.73972,29622.0,PT,Estádio Cidade de Coimbra,86.673972
"47.536944444, 19.080555555",Stadion Rudolf Illovszky,Hungary,Budapest,0,,HU,Stadion Rudolf Illovszky,0
"52.255517, 21.001322",Stadion Polonii Warszawa,Poland,Warszawski stołeczny,165.165,7150.0,PL,Stadion Polonii Warszawa,16.5165
"59.3725, 18.0",Strawberry Arena,Sweden,Stockholm,2091.6665,54329.0,SE,Strawberry Arena,209.16665
"52.009444, -0.733333",Stadium MK,,,892.43,30500.0,,Stadium MK,89.243
"35.122721, 136.944301",Mizuho Athletic Stadium,,,790.02,27000.0,,Mizuho Athletic Stadium,79.002
"40.601389, 49.674722",Mehdi Huseynzade Stadium,,,449.141,15350.0,,Mehdi Huseynzade Stadium,44.9141
"35.894863888, 14.415372222",Ta' Qali National Stadium,Malta,Malta,520.74022,17797.0,MT,Ta' Qali National Stadium,52.074022
"-0.107694, -78.489083",Estadio Rodrigo Paz Delgado,,,1601.446,41596.0,,Estadio Rodrigo Paz Delgado,160.1446
"-32.956056, -60.661444",Marcelo Bielsa Stadium,,,1886.5,49000.0,,Marcelo Bielsa Stadium,188.65
"42.837111, -2.688044",Mendizorrotza Stadium,Spain,País Vasco,580.5184,19840.0,ES,Mendizorrotza Stadium,58.05184
"-2.185869, -79.924931",Estadio Monumental Banco Pichincha,,,1.155,60.0,,Estadio Monumental Banco Pichincha,0.1155
"10.491278, -66.885492",Estadio Olímpico,,,728.574,24900.0,,Estadio Olímpico,72.8574
"41.126944, 1.272778",Nou Estadi Costa Daurada,Spain,Cataluña,337.0521,14591.0,ES,Nou Estadi Costa Daurada,33.70521
"56.961372, 24.116408",Skonto Stadium,Latvia,Latvija,186.8097,8087.0,LV,Skonto Stadium,18.68097
"49.109945, 6.159532",Stade Saint-Symphorien,France,Lorraine,780.39346,26671.0,FR,Stade Saint-Symphorien,78.039346
"-8.557944, 125.580611",National Stadium,,,300.3,13000.0,,National Stadium,30.03
"26.153594, 50.543664",Bahrain National Stadium,,,702.24,24000.0,,Bahrain National Stadium,70.224
"51.765, 19.511667",Stadion Widzewa,Poland,Łódzkie,527.20668,18018.0,PL,Stadion Widzewa,52.720668
"31.66571, 34.569479",Sala Stadium,,,121.275,5250.0,,Sala Stadium,12.1275
"49.686868, 6.448519",Op Flohr Stadion,Luxembourg,Luxembourg,78.1935,4062.0,LU,Op Flohr Stadion,7.81935
"-22.614268, 17.089523",Q1766062,,,15.4,800.0,,Q1766062,1.54
"14.966667, 103.096111",Chang Arena,,,953.876,32600.0,,Chang Arena,95.3876
"54.270042, -8.487233",The Showgrounds,Ireland,Northern and Western,86.625,4500.0,IE,The Showgrounds,8.6625
"-17.7339, 168.337",Korman Stadium,,,150.15,6500.0,,Korman Stadium,15.015
"60.442778, 22.291667",Veritas Stadion,Finland,Etelä-Suomi,216.4932,9372.0,FI,Veritas Stadion,21.64932
"60.442778, 22.291667",Veritas Stadion,Finland,Etelä-Suomi,216.4932,9372.0,FI,Veritas Stadion,21.64932
"-0.177528, -78.476583",Estadio Olímpico Atahualpa,,,1045.81092,35742.0,,Estadio Olímpico Atahualpa,104.581092
"-0.177528, -78.476583",Estadio Olímpico Atahualpa,,,1045.81092,35742.0,,Estadio Olímpico Atahualpa,104.581092
"46.468389, 30.748444",Spartak Stadium,,,92.4,4800.0,,Spartak Stadium,9.24
"43.92823, 4.84507",Avignon Sports Ground,France,Provence-Alpes-Côte d’Azur,512.57668,17518.0,FR,Avignon Sports Ground,51.257668
"-4.001025, -79.196536111",Estadio Federativo Reina del Cisne,,,344.9985,14935.0,,Estadio Federativo Reina del Cisne,34.49985
"49.819234, 24.048193",Ukraina Stadium,,,820.77226,28051.0,,Ukraina Stadium,82.077226
"60.102222, 19.935278",Wiklöf Holding Arena,Finland,Åland,77,4000.0,FI,Wiklöf Holding Arena,7.7
"-2.9072, -79.005489",Estadio Alejandro Serrano Aguilar,,,0,,,Estadio Alejandro Serrano Aguilar,0
"53.3405, -3.4079",Bastion Road,,,44.275,2300.0,,Bastion Road,4.4275
"31.233425, 121.531683",Yuanshen Sports Centre Stadium,,,585.2,20000.0,,Yuanshen Sports Centre Stadium,58.52
"35.707671, 51.311708",Shahid Dastgerdi Stadium,,,190.575,8250.0,,Shahid Dastgerdi Stadium,19.0575
"-2.206603, -79.893758",Estadio George Capwell,,,1024.1,35000.0,,Estadio George Capwell,102.41
"37.638817, -1.735122",Estadio Francisco Artés Carrasco,Spain,Región de Murcia,187.572,8120.0,ES,Estadio Francisco Artés Carrasco,18.7572
"42.018692, 20.978179",Gradski stadion Tetovo,MK,Severna Makedonija,438.9,15000.0,MK,Gradski stadion Tetovo,43.89
"45.609906, 19.528203",Stadion Hajduk,RS,Autonomous Province of Vojvodina,137.9763,5973.0,RS,Stadion Hajduk,13.79763
"-21.28852, 55.40467",Stade Théophile Hoarau,France,La Réunion,48.125,2500.0,FR,Stade Théophile Hoarau,4.8125
"42.1425, 41.66555556",Fazisi Stadium,,,138.6,6000.0,,Fazisi Stadium,13.86
"42.50888889, 41.87388889",Gulia Tutberidze Stadium,,,161.7,7000.0,,Gulia Tutberidze Stadium,16.17
"-8.150277777, 112.573888888",Kanjuruhan Stadium,,,1540,40000.0,,Kanjuruhan Stadium,154
"40.4968, 50.1964",AZAL Arena,,,67.375,3500.0,,AZAL Arena,6.7375
"-1.244772, -78.623069",Estadio Bellavista,,,526.68,18000.0,,Estadio Bellavista,52.668
"52.62299, -7.282743",Buckley Park,Ireland,Southern,57.75,3000.0,IE,Buckley Park,5.775
"48.426389, 27.811667",Călărășăuca Stadium,,,38.5,2000.0,,Călărășăuca Stadium,3.85
"38.868504, -77.012935",Audi Field,,,702.24,24000.0,,Audi Field,70.224
"40.333333, 20.683333",Ersekë Stadium,AL,Jug,231,10000.0,AL,Ersekë Stadium,23.1
"42.455262, -2.450386",Estadio Las Gaunas,Spain,La Rioja,344.0745,14895.0,ES,Estadio Las Gaunas,34.40745
"-0.329167, -78.445",Estadio Rumiñahui,,,184.8,8000.0,,Estadio Rumiñahui,18.48
"55.75805556, 12.52722222",Gentofte Sportspark,Denmark,Hovedstaden,0,,DK,Gentofte Sportspark,0
"40.3816, -3.74625",Q5745804,Spain,Comunidad de Madrid,0,,ES,Q5745804,0
"46.549722, 24.545833",Stadionul Trans-Sil,Romania,Centru,189.42,8200.0,RO,Stadionul Trans-Sil,18.942
"50.675745, 14.016387",Městský stadion,Czechia,Severozápad,57.75,3000.0,CZ,Městský stadion,5.775
"65.019694444, 25.465805555",Raatti Stadium,Finland,Pohjois- ja Itä-Suomi,84.546,4392.0,FI,Raatti Stadium,8.4546
"49.9098, 15.3846",Stadion pod Hrádkem,Czechia,Střední Čechy,49.56875,2575.0,CZ,Stadion pod Hrádkem,4.956875
"51.5903, -3.80222",Victoria Road,,,57.75,3000.0,,Victoria Road,5.775
"-24.045556, -52.390278",Q9255462,,,115.5,5000.0,,Q9255462,11.55
"56.234444, 12.856389",Ängelholms IP,Sweden,Sydsverige,115.5,5000.0,SE,Ängelholms IP,11.55
"-22.11937222, -43.20937222",Q10277371,,,0,,,Q10277371,0
"61.4956, 23.7431",Pyynikki Sports Field,Finland,Länsi-Suomi,0,,FI,Pyynikki Sports Field,0
"45.8364, 16.1075",Stadion ŠRC Sesvete,Croatia,Grad Zagreb,67.375,3500.0,HR,Stadion ŠRC Sesvete,6.7375
"40.22111111, 44.55527778",Football Academy Stadium (Yerevan),,,28.875,1500.0,,Football Academy Stadium (Yerevan),2.8875
"44.455888888, 26.056805555",Stadionul Rapid-Giulești,Romania,Bucureşti-Ilfov,323.4,14000.0,RO,Stadionul Rapid-Giulești,32.34
"-34.916666666, -56.166666666",Estadio Luis Franzini,,,526.68,18000.0,,Estadio Luis Franzini,52.668
"50.068611, 8.645278",Waldstadion,Germany,Darmstadt,1982.75,51500.0,DE,Waldstadion,198.275
"50.068611, 8.645278",Waldstadion,Germany,Darmstadt,1982.75,51500.0,DE,Waldstadion,198.275
"55.825863888, -4.252002777",Hampden Park,,,1996.841,51866.0,,Hampden Park,199.6841
"62.0193487, -6.7811394",Gundadalur,,,115.5,5000.0,,Gundadalur,11.55
"57.4577062, 9.9984598",Hjørring Stadium,Denmark,Nordjylland,173.25,7500.0,DK,Hjørring Stadium,17.325
"51.358056, 12.307778",Alfred-Kunze-Sportpark,Germany,Leipzig,585.2,20000.0,DE,Alfred-Kunze-Sportpark,58.52
"19.303055555, -99.150555555",Estadio Banorte,,,5755.75,115000.0,,Estadio Banorte,575.575
"14.780751, -88.782272",Estadio Sergio Antonio Reyes,,,57.75,3000.0,,Estadio Sergio Antonio Reyes,5.775
"47.45905, -0.53163",Stade Raymond Kopa,France,Pays de la Loire,526.68,18000.0,FR,Stade Raymond Kopa,52.668
"46.069658, 14.499624",ŽAK Stadium,Slovenia,Zahodna Slovenija,76.7305,3986.0,SI,ŽAK Stadium,7.67305
"34.656666666, 135.168888888",Wing Stadium Kobe,,,881.66232,30132.0,,Wing Stadium Kobe,88.166232
"52.54, 13.4764",Sportforum Hohenschönhausen,Germany,Berlin,231,10000.0,DE,Sportforum Hohenschönhausen,23.1
"51.094722, 4.928333",Het Kuipje,Belgium,Prov. Antwerpen,184.3842,7982.0,BE,Het Kuipje,18.43842
"-27.464722222, 153.009444444",Lang Park,,,2021.25,52500.0,,Lang Park,202.125
"40.180278, 44.494444",Hrazdan Stadium,,,2087.008,54208.0,,Hrazdan Stadium,208.7008
"48.9669589, 14.4675442",Stadion Střelecký ostrov,Czechia,Jihozápad,154.3311,6681.0,CZ,Stadion Střelecký ostrov,15.43311
"47.376069, 0.72815",Stade de la Vallée du Cher,France,Centre — Val de Loire,311.85,13500.0,FR,Stade de la Vallée du Cher,31.185
"25.722805555, -100.312055555",Estadio Universitario ( El miadero ),,,1742.3945,45257.0,,Estadio Universitario ( El miadero ),174.23945
"42.335493, 69.593568",Kazhimukan Munaitpasov Stadium,,,585.2,20000.0,,Kazhimukan Munaitpasov Stadium,58.52
"49.0655, 17.4714",Městský fotbalový stadion Miroslava Valenty,Czechia,Střední Morava,187.5951,8121.0,CZ,Městský fotbalový stadion Miroslava Valenty,18.75951
"-31.945751164, 115.869923754",Perth Rectangular Stadium,,,598.10366,20441.0,,Perth Rectangular Stadium,59.810366
"38.690978, -0.490258",Estadio El Collao,Spain,Comunitat Valenciana,85.18125,4425.0,ES,Estadio El Collao,8.518125
"39.271666666, -2.604444444",Q1031429,Spain,Castilla-La Mancha,127.05,5500.0,ES,Q1031429,12.705
"60.195278, 11.987222",Gjemselund Stadion,Norway,Innlandet,120.1662,5202.0,NO,Gjemselund Stadion,12.01662
"55.631922, 12.482878",Hvidovre Stadion,Denmark,Hovedstaden,277.2,12000.0,DK,Hvidovre Stadion,27.72
"53.677, 9.97705",Edmund-Plambeck-Stadion,Germany,Schleswig-Holstein,117.0708,5068.0,DE,Edmund-Plambeck-Stadion,11.70708
"47.5236, 19.0917",Szőnyi úti Stadion,Hungary,Budapest,0,,HU,Szőnyi úti Stadion,0
"34.984444, 138.481111",IAI Stadium Nihondaira,,,595.11914,20339.0,,IAI Stadium Nihondaira,59.511914
"56.455897, 9.402064",Evergi Viborg Arena,Denmark,Midtjylland,220.9746,9566.0,DK,Evergi Viborg Arena,22.09746
"35.8485, 139.975149",Hitachi Kashiwa Soccer Stadium,,,465.234,15900.0,,Hitachi Kashiwa Soccer Stadium,46.5234
"19.383389, -99.178225",Ciudad de los Deportes Stadium,,,1028.81086,35161.0,,Ciudad de los Deportes Stadium,102.881086
"-25.277846, -57.611039",Estadio Dr. Nicolás Léoz,,,231,10000.0,,Estadio Dr. Nicolás Léoz,23.1
"42.453333, -2.453333",Estadio Las Gaunas,Spain,La Rioja,468.16,16000.0,ES,Estadio Las Gaunas,46.816
"42.438, -8.641",Pasarón Stadium,Spain,Galicia,277.2,12000.0,ES,Pasarón Stadium,27.72
"38.858922, -7.005886",Estadio Nuevo Vivero,Spain,Extremadura,344.1438,14898.0,ES,Estadio Nuevo Vivero,34.41438
"-25.439444, -49.255833",Estádio Vila Capanema,,,585.2,20000.0,,Estádio Vila Capanema,58.52
"40.162675, -8.859369",Estádio Municipal José Bento Pessoa,Portugal,Centro (PT),207.9,9000.0,PT,Estádio Municipal José Bento Pessoa,20.79
"55.881556, -4.269639",Firhill Stadium,,,233.3562,10102.0,,Firhill Stadium,23.33562
"53.43657611, 14.51865806",Stadion Florian Kryger,Poland,Zachodniopomorskie,619.22938,21163.0,PL,Stadion Florian Kryger,61.922938
"40.171944, 44.525833",Republican Stadium,,,332.7093,14403.0,,Republican Stadium,33.27093
"41.709617, 44.746247",Mikheil Meskhi Stadium,,,796.54498,27223.0,,Mikheil Meskhi Stadium,79.654498
"46.80073, 1.72375",Stade Gaston Petit,France,Centre — Val de Loire,502.48198,17173.0,FR,Stade Gaston Petit,50.248198
"47.143722, 37.558333",Illichivets Stadium,,,292.908,12680.0,,Illichivets Stadium,29.2908
"51.561667, 6.987222",Stadion Gladbeck,Germany,Münster,1100.52712,37612.0,DE,Stadion Gladbeck,110.052712
"50.066667, 14.454167",Ďolíček,Czechia,Praha,173.25,7500.0,CZ,Ďolíček,17.325
"41.31898056, 19.81138333",Selman Stërmasi Stadium,AL,Qender,288.75,12500.0,AL,Selman Stërmasi Stadium,28.875
"58.194583333, 15.995833333",Kopparvallen,Sweden,Östra Mellansverige,184.8,8000.0,SE,Kopparvallen,18.48
"44.448194, 26.052872",Stadionul Regie,Romania,Bucureşti-Ilfov,231.462,10020.0,RO,Stadionul Regie,23.1462
"53.129167, 8.206389",Marschweg-Stadion,Germany,Weser-Ems,936.32,32000.0,DE,Marschweg-Stadion,93.632
"47.99888889, 17.61833333",MOL Aréna,Slovakia,Západné Slovensko,480.1566,16410.0,SK,MOL Aréna,48.01566
"5.32825, -4.018417",Felix Houphouet Boigny Stadium,,,994.84,34000.0,,Felix Houphouet Boigny Stadium,99.484
"5.32825, -4.018417",Felix Houphouet Boigny Stadium,,,1001,50000.0,,Felix Houphouet Boigny Stadium,100.1
"37.775416666, -3.7675",La Victoria Stadium,Spain,Andalucía,290.3439,12569.0,ES,La Victoria Stadium,29.03439
"13.801944, 100.790833",72-years Anniversary Stadium,,,231,10000.0,,72-years Anniversary Stadium,23.1
"55.5375, 28.648611111",Atlant Stadium,,,87.01,4520.0,,Atlant Stadium,8.701
"55.198472222, 30.229305555",Vitebsky Central Sport Complex,,,188.1264,8144.0,,Vitebsky Central Sport Complex,18.81264
"-43.491389, 172.705278",Queen Elizabeth II Park,,,731.5,25000.0,,Queen Elizabeth II Park,73.15
"51.214139, 4.243931",Freethiel Stadion,Belgium,Prov. Oost-Vlaanderen,306.999,13290.0,BE,Freethiel Stadion,30.6999
"40.645, 14.823889",Stadio Arechi,Italy,Campania,1089.7887,37245.0,IT,Stadio Arechi,108.97887
"50.9164, 11.585",Q2312911,Germany,Thüringen,0.0385,2.0,DE,Q2312911,0.00385
"63.844636, -22.429628",Grindavíkurvöllur,Iceland,Ísland,33.6875,1750.0,IS,Grindavíkurvöllur,3.36875
"14.474082, 100.086596",Suphanburi Municipality Stadium,,,672.98,23000.0,,Suphanburi Municipality Stadium,67.298
"50.754167, 25.3375",Avanhard Stadium,,,279.048,12080.0,,Avanhard Stadium,27.9048
"39.207787, 46.400674",Gandzasar Stadium,,,67.375,3500.0,,Gandzasar Stadium,6.7375
"63.997997, -22.559224",Keflavíkurvöllur,Iceland,Ísland,77,4000.0,IS,Keflavíkurvöllur,7.7
"50.0893, 11.2487",Waldstadion Weismain,Germany,Oberfranken,526.68,18000.0,DE,Waldstadion Weismain,52.668
"41.621267, 0.614147",Camp d'Esports,Spain,Cataluña,438.9,15000.0,ES,Camp d'Esports,43.89
"38.752036, -9.227967",Estádio José Gomes,Portugal,Grande Lisboa,214.5528,9288.0,PT,Estádio José Gomes,21.45528
"49.817419, 19.054267",Stadion Miejski,Poland,Śląskie,441.12376,15076.0,PL,Stadion Miejski,44.112376
"36.47, -6.207222",Estadio Iberoamericano Bahía Sur,Spain,Andalucía,231,10000.0,ES,Estadio Iberoamericano Bahía Sur,23.1
"42.344167, -3.680556",Estadio El Plantío,Spain,Castilla y León,468.16,16000.0,ES,Estadio El Plantío,46.816
"43.491358, -8.239274",Municipal Stadium of A Malata,,,269.5539,11669.0,,Municipal Stadium of A Malata,26.95539
"43.583114, 21.338122",Stadion Mladost,RS,Region Šumadije i Zapadne Srbije,238.6461,10331.0,RS,Stadion Mladost,23.86461
"45.484497, 15.563933",Stadion Branko Čavlović-Čavlek,Croatia,Panonska Hrvatska,277.2,12000.0,HR,Stadion Branko Čavlović-Čavlek,27.72
"43.743553, 15.896058",Šubićevac Stadium,Croatia,Jadranska Hrvatska,184.8,8000.0,HR,Šubićevac Stadium,18.48
"5.341944, -4.018889",Stade Municipal d'Abidjan,,,231,10000.0,,Stade Municipal d'Abidjan,23.1
"43.362349, 19.362245",Gradski stadion,ME,Crna Gora,231,10000.0,ME,Gradski stadion,23.1
"38.43589722, 22.88284444",Levadia Municipal Stadium,Greece,Central Greece,136.6365,5915.0,Greece,Levadia Municipal Stadium,13.66365
"66.4997, 25.7217",Rovaniemen keskuskenttä,Finland,Pohjois- ja Itä-Suomi,48.125,2500.0,FI,Rovaniemen keskuskenttä,4.8125
"53.905416666, 30.340972222",Spartak Stadium,,,169.785,7350.0,,Spartak Stadium,16.9785
"42.38388889, 20.43444444",City Stadium,XK,Kosovo,138.6,6000.0,XK,City Stadium,13.86
"40.706111111, 46.361944444",Ganja City Stadium,,,731.5,25000.0,,Ganja City Stadium,73.15
"36.6728, -6.13889",Pedro S. Garrido football stadium,Spain,Andalucía,38.5,2000.0,ES,Pedro S. Garrido football stadium,3.85
"36.6728, -6.13889",Pedro S. Garrido football stadium,Spain,Andalucía,38.5,5000.0,ES,Pedro S. Garrido football stadium,3.85
"36.6728, -6.13889",Pedro S. Garrido football stadium,Spain,Andalucía,37.3296,6060.0,ES,Pedro S. Garrido football stadium,3.73296
"36.6728, -6.13889",Pedro S. Garrido football stadium,Spain,Andalucía,36.96,8000.0,ES,Pedro S. Garrido football stadium,3.696
"55.709, 11.724",Holbæk Stadion,Denmark,Sjælland,242.55,10500.0,DK,Holbæk Stadion,24.255
"-18.1425, 177.50194444",Lawaqa Park,,,277.2,12000.0,,Lawaqa Park,27.72
"58.98694444, 12.24388889",Lövåsvallen,Sweden,Västsverige,0,,SE,Lövåsvallen,0
"59.62055556, 17.83694444",Midgårdsvallen,Sweden,Stockholm,46.2,2400.0,SE,Midgårdsvallen,4.62
"41.115875, 20.091992",Ruzhdi Bizhuta Stadium,AL,Qender,284.13,12300.0,AL,Ruzhdi Bizhuta Stadium,28.413
"54.624294, -5.921925",Seaview,,,65.12275,3383.0,,Seaview,6.512275
"44.846675, 24.866422",Stadionul Nicolae Dobrin,Romania,Sud-Muntenia,438.9,15000.0,RO,Stadionul Nicolae Dobrin,43.89
"55.6493, 12.6016",Sundby Idrætspark,Denmark,Hovedstaden,0,,DK,Sundby Idrætspark,0
"56.163888888, 14.880833333",Vägga IP,Sweden,Sydsverige,0,,SE,Vägga IP,0
"42.006575, 21.46137",Avtokomanda Stadium,MK,Severna Makedonija,23.1,1200.0,MK,Avtokomanda Stadium,2.31
"50.585563, 8.704363",Waldstadion,Germany,Gießen,0,,DE,Waldstadion,0
"56.6333, 9.81703",DS Arena,Denmark,Nordjylland,0,,DK,DS Arena,0
"37.123888888, 37.3825",Gaziantep Stadium,TR,"Gaziantep, Adıyaman, Kilis",980.26852,33502.0,TR,Gaziantep Stadium,98.026852
"-34.46694444, -57.84527778",Estadio Suppici,,,277.2,12000.0,,Estadio Suppici,27.72
"45.81388889, 9.07222222",Stadio Giuseppe Sinigaglia,Italy,Lombardia,314.2062,13602.0,IT,Stadio Giuseppe Sinigaglia,31.42062
"45.813782, 9.072363",Stadio Giuseppe Sinigaglia,Italy,Lombardia,314.2062,13602.0,IT,Stadio Giuseppe Sinigaglia,31.42062
"43.407277, 5.04935",Stade Francis Turcan,France,Provence-Alpes-Côte d’Azur,265.65,11500.0,FR,Stade Francis Turcan,26.565
"42.565985, 27.636656",Pomorie Stadium,,,57.75,3000.0,,Pomorie Stadium,5.775
"-34.894444, -56.152778",Estadio Centenario,,,2319.0475,60235.0,,Estadio Centenario,231.90475
"-34.854922, -56.225689",Belvedere Stadium,,,231,10000.0,,Belvedere Stadium,23.1
"52.328033, -0.599992",Nene Park,,,148.7871,6441.0,,Nene Park,14.87871
"53.777777777, -1.572222222",Elland Road,,,1105.79392,37792.0,,Elland Road,110.579392
"-33.014444444, -71.535",Estadio Sausalito,,,636.08314,21739.0,,Estadio Sausalito,63.608314
"19.405833333, -98.986944444",Estadio Neza 86,,,585.2,20000.0,,Estadio Neza 86,58.52
"22.568889, 88.409167",Salt Lake Stadium,,,2618,68000.0,,Salt Lake Stadium,261.8
"-33.404553, -70.659017",Estadio Santa Laura-Universidad SEK,,,643.72,22000.0,,Estadio Santa Laura-Universidad SEK,64.372
"22.3261, 114.173",Mong Kok Stadium,,,153.9384,6664.0,,Mong Kok Stadium,15.39384
"51.005, 5.533333",Cegeka Arena,Belgium,Prov. Limburg (BE),731.5,25000.0,BE,Cegeka Arena,73.15
"22.138706, -100.950864",Estadio Alfonso Lastras,,,752.24534,25709.0,,Estadio Alfonso Lastras,75.224534
"41.764722222, -87.806111111",SeatGeek Stadium,,,585.2,20000.0,,SeatGeek Stadium,58.52
"30.66555556, 104.06472222",Chengdu Sports Centre,,,1119.75094,38269.0,,Chengdu Sports Centre,111.975094
"-34.614167, -58.535",Estadio Almagro,,,555.94,19000.0,,Estadio Almagro,55.594
"32.104197, 34.865078",HaMoshava Stadium,,,265.65,11500.0,,HaMoshava Stadium,26.565
"14.453778, -87.656839",Estadio Carlos Miranda,,,497.42,17000.0,,Estadio Carlos Miranda,49.742
"40.11402778, 67.82897222",Markaziy Stadium,,,207.9,9000.0,,Markaziy Stadium,20.79
"38.671111, 39.197778",Elazığ Atatürk Stadium,TR,"Malatya, Elazığ, Bingöl, Tunceli",334.1877,14467.0,TR,Elazığ Atatürk Stadium,33.41877
"42.453333, -2.453333",Estadio Las Gaunas,Spain,La Rioja,468.16,16000.0,ES,Estadio Las Gaunas,46.816
"10.491278, -66.885492",Estadio Olímpico,,,728.574,24900.0,,Estadio Olímpico,72.8574
"10.491278, -66.885492",Estadio Olímpico,,,728.574,24900.0,,Estadio Olímpico,72.8574
"-38.726944, -62.275833",Estadio Roberto Natalio Carminatti,,,585.2,20000.0,,Estadio Roberto Natalio Carminatti,58.52
"15.28972222, 73.9625",Fatorda Stadium,,,555.94,19000.0,,Fatorda Stadium,55.594
"56.668611111, 16.360833333",Fredriksskans,,,207.9,9000.0,,Fredriksskans,20.79
"34.00283, -4.968851",Fez Stadium,,,1732.5,45000.0,,Fez Stadium,173.25
"7.207222, 100.598611",Tinsulanonda Stadium,,,1024.1,35000.0,,Tinsulanonda Stadium,102.41
"42.66297, 21.15688",Fadil Vokrri Stadium,XK,Kosovo,474.012,16200.0,XK,Fadil Vokrri Stadium,47.4012
"51.4875, -0.211666666",The Queen's Club,,,0,,,The Queen's Club,0
"59.295833333, 18.081944444",Söderstadion,Sweden,Stockholm,297.5742,12882.0,SE,Söderstadion,29.75742
"33.582867, -7.646817",Mohammed V Stadium,,,2579.5,67000.0,,Mohammed V Stadium,257.95
"58.366536, 26.713728",Tamme Stadium,Estonia,Eesti,30.8,1600.0,EE,Tamme Stadium,3.08
"36.747777777, 10.272777777",Olympic Stadium of Radès,,,2502.5,65000.0,,Olympic Stadium of Radès,250.25
"52.455, 4.635",BUKO Stadion,Netherlands,Noord-Holland,120.12,5200.0,NL,BUKO Stadion,12.012
"54.453889, -6.336389",Mourneview Park,,,80.08,4160.0,,Mourneview Park,8.008
"10.760703, 106.663331",Thong Nhat Stadium,,,731.5,25000.0,,Thong Nhat Stadium,73.15
"42.16084, 42.33064",Erosi Manjgaladze Stadium,,,438.9,15000.0,,Erosi Manjgaladze Stadium,43.89
"32.866692, 35.31085",Doha Stadium,,,196.35,8500.0,,Doha Stadium,19.635
"54.9021, -5.01248",Stair Park,,,57.519,2988.0,,Stair Park,5.7519
"43.315528, 21.908533",Čair Stadium,RS,Region Južne i Istočne Srbije,531.09826,18151.0,RS,Čair Stadium,53.109826
"39.94046, -0.11501",Ciudad Deportiva Villarreal CF,Spain,Comunitat Valenciana,115.5,5000.0,ES,Ciudad Deportiva Villarreal CF,11.55
"-22.909722, -47.043611",Estádio Brinco de Ouro,,,852.3438,29130.0,,Estádio Brinco de Ouro,85.23438
"32.506067, -116.993092",Caliente Stadium,,,799.76358,27333.0,,Caliente Stadium,79.976358
"37.278923, 9.865583",Stadium 15 October,,,585.2,20000.0,,Stadium 15 October,58.52
"31.8103, 34.6483",Yud-Alef Stadium,,,180.18,7800.0,,Yud-Alef Stadium,18.018
"31.233425, 121.531683",Yuanshen Sports Centre Stadium,,,585.2,20000.0,,Yuanshen Sports Centre Stadium,58.52
"42.018692, 20.978179",Gradski stadion Tetovo,MK,Severna Makedonija,438.9,15000.0,MK,Gradski stadion Tetovo,43.89
"21.1163, -101.666",Q3495685,,,254.1,11000.0,,Q3495685,25.41
"-1.67797, 29.227",Stade de Virunga,,,438.9,15000.0,,Stade de Virunga,43.89
"20.115, -98.7398",Estadio Revolución Mexicana,,,67.375,3500.0,,Estadio Revolución Mexicana,6.7375
"36.7273, 10.3462",Stade Bou Kornine,,,166.32,7200.0,,Stade Bou Kornine,16.632
"42.133889, 24.771667",Lokomotiv Stadium,Bulgaria,Yuzhen tsentralen,272.58,11800.0,BG,Lokomotiv Stadium,27.258
"43.9351, 12.4518",Campo sportivo di Borgo Maggiore,,,19.25,1000.0,,Campo sportivo di Borgo Maggiore,1.925
"59.355844, 27.418826",Jõhvi linnastaadion,Estonia,Eesti,9.625,500.0,EE,Jõhvi linnastaadion,0.9625
"37.1025, 13.9431",Stadio Dino Liotta,,,207.9,9000.0,,Stadio Dino Liotta,20.79
"41.628056, 15.918889",Stadio Miramare,Italy,Puglia,78.463,4076.0,IT,Stadio Miramare,7.8463
"39.31, 16.2308",Stadio San Vito,Italy,Calabria,614.07962,20987.0,IT,Stadio San Vito,61.407962
"40.6736, 16.6036",Stadio XXI Settembre-Franco Salerno,Italy,Basilicata,16.92075,879.0,IT,Stadio XXI Settembre-Franco Salerno,1.692075
"49.969924, 82.586921",Vostok Stadium,,,196.35,8500.0,,Vostok Stadium,19.635
"60.795556, 11.092222",Briskeby Arena,Norway,Innlandet,175.56,7600.0,NO,Briskeby Arena,17.556
"63.428376, 10.52401",EXTRA Arena,Norway,Trøndelag/Trööndelage,38.5,2000.0,NO,EXTRA Arena,3.85
"-34.694981, -58.586814",Estadio Fragata Presidente Sarmiento,,,731.5,25000.0,,Estadio Fragata Presidente Sarmiento,73.15
"29.701548, 107.387012",Fuling Stadium,,,643.72,22000.0,,Fuling Stadium,64.372
"32.130248, 34.858986",Grundman Stadium,,,82.775,4300.0,,Grundman Stadium,8.2775
"-25.263291, -57.518724",Q5685464,,,63.525,3300.0,,Q5685464,6.3525
"40.999618, 71.593834",Markaziy Stadium,,,965.58,33000.0,,Markaziy Stadium,96.558
"-18.03111111, 178.53555556",Ratu Cakobau Park,,,277.2,12000.0,,Ratu Cakobau Park,27.72
"59.397786, 27.258936",Kohtla-Järve Spordikeskuse staadion,Estonia,Eesti,42.35,2200.0,EE,Kohtla-Järve Spordikeskuse staadion,4.235
"-38.216111, 146.428056",LaTrobe City Stadium,,,277.2,12000.0,,LaTrobe City Stadium,27.72
"40.72083056, 19.55223889",Loni Papuçiu Stadium,AL,Jug,157.08,6800.0,AL,Loni Papuçiu Stadium,15.708
"35.1106, -80.6992",Sportsplex at Matthews,,,115.5,5000.0,,Sportsplex at Matthews,11.55
"42.666806, 27.705",Nesebar Stadium,Bulgaria,Yugoiztochen,161.7,7000.0,BG,Nesebar Stadium,16.17
"58.74888889, 17.03777778",Rosvalla IP,Sweden,Östra Mellansverige,0,,SE,Rosvalla IP,0
"0.521216, 25.186576",Stade Lumumba,,,231,10000.0,,Stade Lumumba,23.1
"0.521216, 25.186576",Stade Lumumba,,,231,30000.0,,Stade Lumumba,23.1
"46.350567, -72.576297",stade de l’UQTR,,,28.875,1500.0,,stade de l’UQTR,2.8875
"-2.5174, 28.851",Stade de la Concorde,,,231,10000.0,,Stade de la Concorde,23.1
"49.702603, 14.8915",Stadion Kollárova ulice,Czechia,Střední Čechy,138.6,6000.0,CZ,Stadion Kollárova ulice,13.86
"45.753859, 21.21052",Stadionul CFR,Romania,Vest,161.7,7000.0,RO,Stadionul CFR,16.17
"45.7539, 21.2105",Stadionul CFR,Romania,Vest,161.7,7000.0,RO,Stadionul CFR,16.17
"45.7614, 22.9131",Stadionul Michael Klein,Romania,Vest,0,,RO,Stadionul Michael Klein,0
"45.103056, 24.352222",Stadionul Municipal,Romania,Sud-Vest Oltenia,277.2,12000.0,RO,Stadionul Municipal,27.72
"55.132778, -6.660278",The Showgrounds,,,303.3492,13132.0,,The Showgrounds,30.33492
"36.556667, 139.986667",Tochigi Green Stadium,,,527.4115,18025.0,,Tochigi Green Stadium,52.74115
"54.976122, -7.278392",Riverside Stadium,,,59.8675,3110.0,,Riverside Stadium,5.98675
"51.519881, -0.717989",York Road,,,57.75,3000.0,,York Road,5.775
"36.411613, 139.053258",Shoda Shoyu Stadium Gunma,,,271.9563,11773.0,,Shoda Shoyu Stadium Gunma,27.19563
"43.2589, -2.02382",Zubieta Facilities,Spain,País Vasco,0,,ES,Zubieta Facilities,0
"20.25852778, 105.96905556",Ninh Binh Stadium,,,643.72,22000.0,,Ninh Binh Stadium,64.372
"9.96333333, 105.11805556",Rach Gia Stadium,,,231,10000.0,,Rach Gia Stadium,23.1
"42.1961, -8.79194",Campo do Vao,,,28.875,1500.0,,Campo do Vao,2.8875
"-20.9075, -42.030277777",Almeidão,,,0,,,Almeidão,0
"41.63, -0.8825",Estadio Torrero,Spain,Aragón,439.4852,15020.0,ES,Estadio Torrero,43.94852
"-16.4724294, -68.2016947",Estadio Municipal de El Alto,,,0,,,Estadio Municipal de El Alto,0
"49.980858, 36.261703",Metalist Stadium,,,1540.1155,40003.0,,Metalist Stadium,154.01155
"32.05173, 34.76148",Bloomfield Stadium,,,860.244,29400.0,,Bloomfield Stadium,86.0244
"57.706111111, 11.980555555",Gamla Ullevi,Sweden,Västsverige,538.85216,18416.0,SE,Gamla Ullevi,53.885216
"33.864444444, -118.261111111",Dignity Health Sports Park,,,892.7226,30510.0,,Dignity Health Sports Park,89.27226
"47.382791, 8.503801",Letzigrund,Switzerland,Zürich,731.5,25000.0,CH,Letzigrund,73.15
"47.382791, 8.503801",Letzigrund,Switzerland,Zürich,731.5,25000.0,CH,Letzigrund,73.15
"39.049722222, 125.775277777",Rungrado 1st of May Stadium,,,5705.7,114000.0,,Rungrado 1st of May Stadium,570.57
"46.177778, 6.1275",Stade de Genève,Switzerland,Région lémanique,880.25784,30084.0,CH,Stade de Genève,88.025784
"46.980278, 28.866944",Zimbru Stadium,,,240.24,10400.0,,Zimbru Stadium,24.024
"55.779947, -3.980078",Fir Park,,,315.9387,13677.0,,Fir Park,31.59387
"28.463055555, -16.260555555",Estadio Heliodoro Rodríguez López,Spain,Canarias,635.87832,21732.0,ES,Estadio Heliodoro Rodríguez López,63.587832
"47.490919444, 19.106725",Hidegkuti Nándor Stadion,Hungary,Budapest,122.9382,5322.0,HU,Hidegkuti Nándor Stadion,12.29382
"59.962752, 11.063458",Åråsen Stadion,Norway,Oslo og Viken,282.975,12250.0,NO,Åråsen Stadion,28.2975
"59.421292, 24.73205",A. Le Coq Arena,Estonia,Eesti,331.1616,14336.0,EE,A. Le Coq Arena,33.11616
"-34.724444444, -56.2025",Estadio Parque Artigas Las Piedras,,,277.2,12000.0,,Estadio Parque Artigas Las Piedras,27.72
"40.813726, -74.074433",Giants Stadium,,,4016.1121,80242.0,,Giants Stadium,401.61121
"49.229167, 18.744722",Štadión MŠK Žilina,Slovakia,Stredné Slovensko,260.0598,11258.0,SK,Štadión MŠK Žilina,26.00598
"62.73341, 7.14813",Aker Stadion,Norway,Vestlandet,272.58,11800.0,NO,Aker Stadion,27.258
"35.903142, 139.717492",Saitama Stadium 2002,,,2452.45,63700.0,,Saitama Stadium 2002,245.245
"47.501389, 8.716389",Stadion Schützenwiese,Switzerland,Zürich,200.97,8700.0,CH,Stadion Schützenwiese,20.097
"49.24716, 4.02478",Stade Auguste Delaune,France,Champagne-Ardenne,634.47384,21684.0,FR,Stade Auguste Delaune,63.447384
"47.140277777, 9.510277777",Rheinpark Stadion,Liechtenstein,Liechtenstein,175.1904,7584.0,LI,Rheinpark Stadion,17.51904
"57.73457, 12.934334",Borås Arena,Sweden,Västsverige,474.012,16200.0,SE,Borås Arena,47.4012
"51.919444, 4.433333",Sparta Stadion Het Kasteel,Netherlands,Zuid-Holland,254.7006,11026.0,NL,Sparta Stadion Het Kasteel,25.47006
"-22.913611, -47.051389",Estádio Moisés Lucarelli,,,577.24128,19728.0,,Estádio Moisés Lucarelli,57.724128
"38.991547222, 125.743525",Yanggakdo Stadium,,,877.8,30000.0,,Yanggakdo Stadium,87.78
"47.549573, 21.638882",Stadion Oláh Gábor Út,Hungary,Észak-Alföld,235.62,10200.0,HU,Stadion Oláh Gábor Út,23.562
"40.736666666, -74.150277777",Sports Illustrated Stadium,,,737.03014,25189.0,,Sports Illustrated Stadium,73.703014
"62.46944444, 6.1875",Color Line Stadion,,,248.9718,10778.0,,Color Line Stadion,24.89718
"60.366388888, 5.356944444",Brann Stadion,Norway,Vestlandet,490.105,16750.0,NO,Brann Stadion,49.0105
"51.005, 5.533333",Cegeka Arena,Belgium,Prov. Limburg (BE),731.5,25000.0,BE,Cegeka Arena,73.15
"46.5625, 15.640556",Ljudski vrt,Slovenia,Vzhodna Slovenija,300.1614,12994.0,SI,Ljudski vrt,30.01614
"55.648853, 12.418358",Brøndby Stadium,Denmark,Hovedstaden,848.54,29000.0,DK,Brøndby Stadium,84.854
"40.192222, 29.048333",Bursa Atatürk Stadium,TR,"Bursa, Eskişehir, Bilecik",737.73238,25213.0,TR,Bursa Atatürk Stadium,73.773238
"56.005136, -3.754269",Falkirk Stadium,,,202.125,8750.0,,Falkirk Stadium,20.2125
"39.748611111, -8.813055555",Estádio Dr. Magalhães Pessoa,Portugal,Centro (PT),698.96288,23888.0,PT,Estádio Dr. Magalhães Pessoa,69.896288
"41.162222222, -8.642777777",Estádio do Bessa,Portugal,Norte,826.97538,28263.0,PT,Estádio do Bessa,82.697538
"51.9625, 5.893056",GelreDome,Netherlands,Gelderland,614.46,21000.0,NL,GelreDome,61.446
"51.9625, 5.893056",GelreDome,Netherlands,Gelderland,599.83,41000.0,NL,GelreDome,59.983
"59.213049, 10.92732",Fredrikstad Stadion,Norway,Oslo og Viken,290.136,12560.0,NO,Fredrikstad Stadion,29.0136
"53.895138888, 27.560277777",Dinamo Stadium,,,643.72,22000.0,,Dinamo Stadium,64.372
"60.1875, 24.9225",Bolt Arena,Finland,Helsinki-Uusimaa,248.787,10770.0,FI,Bolt Arena,24.8787
"53.361667, -6.275",Dalymount Park,Ireland,Eastern and Midland,82.775,4300.0,IE,Dalymount Park,8.2775
"53.361667, -6.275",Dalymount Park,Ireland,Eastern and Midland,85.7549,7955.0,IE,Dalymount Park,8.57549
"42.005733, 21.425592",Arena ”Philip II. of Macedonia / Toše Proeski / Todor”,MK,Severna Makedonija,979.0396,33460.0,MK,Arena ”Philip II. of Macedonia / Toše Proeski / Todor”,97.90396
"42.444728, 19.264378",Podgorica City Stadium,ME,Crna Gora,277.2,12000.0,ME,Podgorica City Stadium,27.72
"-34.670267, -58.370969",Libertadores de América Stadium,,,1669.514,43364.0,,Libertadores de América Stadium,166.9514
"-34.652064, -58.440119",Estadio Pedro Bidegain,,,1925,50000.0,,Estadio Pedro Bidegain,192.5
"-34.635375, -58.520711",José Amalfitani Stadium,,,1925,50000.0,,José Amalfitani Stadium,192.5
"44.455083, 26.102444",Stadionul Dinamo,Romania,Bucureşti-Ilfov,439.83632,15032.0,RO,Stadionul Dinamo,43.983632
"46.779678, 23.577247",Stadionul Dr. Constantin Rădulescu,Romania,Nord-Vest,687.61,23500.0,RO,Stadionul Dr. Constantin Rădulescu,68.761
"32.645561, -16.928331",Estádio do Marítimo,Portugal,Região Autónoma da Madeira,244.86,10600.0,PT,Estádio do Marítimo,24.486
"59.921111, 10.581111",Nadderud Sports Arena,Norway,Oslo og Viken,161.7,7000.0,NO,Nadderud Sports Arena,16.17
"55.939055555, -3.232444444",Tynecastle Park,,,512.89854,17529.0,,Tynecastle Park,51.289854
"-23.520556, -46.618333",Estádio do Canindé,,,614.57704,21004.0,,Estádio do Canindé,61.457704
"39.736977, -8.931459",Estádio Municipal da Marinha Grande,Portugal,Centro (PT),120.12,5200.0,PT,Estádio Municipal da Marinha Grande,12.012
"-34.606028, -58.472583",Estadio Diego Armando Maradona,,,702.24,24000.0,,Estadio Diego Armando Maradona,70.224
"-33.506611, -70.605944",Estadio Monumental,,,1809.5,47000.0,,Estadio Monumental,180.95
"-8.062888888, -34.902888888",Estádio Ilha do Retiro,,,1024.6852,35020.0,,Estádio Ilha do Retiro,102.46852
"-27.585556, -48.586667",Estádio Orlando Scarpelli,,,582.50808,19908.0,,Estádio Orlando Scarpelli,58.250808
"32.670625, -16.883525",Estádio da Madeira,Portugal,Região Autónoma da Madeira,120.12,5200.0,PT,Estádio da Madeira,12.012
"38.53138889, -8.89111111",Estádio do Bonfim,Portugal,Península de Setúbal,453.44222,15497.0,PT,Estádio do Bonfim,45.344222
"38.702778, -9.207778",Estádio do Restelo,,,580.98656,19856.0,,Estádio do Restelo,58.098656
"55.815847, 12.353289",Right to Dream Park,Denmark,Hovedstaden,233.31,10100.0,DK,Right to Dream Park,23.331
"58.914611, 5.730442",Lyse Arena,Norway,Vestlandet,450.604,15400.0,NO,Lyse Arena,45.0604
"53.8857, 11.452",Kurt-Bürger-Stadion,Germany,Mecklenburg-Vorpommern,161.7,7000.0,DE,Kurt-Bürger-Stadion,16.17
"48.40293, -4.46148",Stade Francis-Le Blé,France,Bretagne,441.73822,15097.0,FR,Stade Francis-Le Blé,44.173822
"42.65196, 9.44303",Stade Armand Cesari,France,Corse,468.16,16000.0,FR,Stade Armand Cesari,46.816
"32.4828, 51.4214",Foolad Shahr Stadium,,,438.9,15000.0,,Foolad Shahr Stadium,43.89
"46.838333, 29.5575",Sheriff Stadium,,,330.33,14300.0,,Sheriff Stadium,33.033
"26.153594, 50.543664",Bahrain National Stadium,,,702.24,24000.0,,Bahrain National Stadium,70.224
"45.025277777, 38.999444444",Kuban Stadium,,,926.19604,31654.0,,Kuban Stadium,92.619604
"69.648872, 18.935042",Romssa Arena,Norway,Nord-Norge,158.4429,6859.0,NO,Romssa Arena,15.84429
"55.604225, -4.508122",Rugby Park,,,530.42528,18128.0,,Rugby Park,53.042528
"43.846667, 18.387222",Stadion Grbavica,BA,Federacija Bosne i Hercegovine,471.086,16100.0,BA,Stadion Grbavica,47.1086
"22.154523, 113.553266",Estádio Campo Desportivo,,,468.16,16000.0,,Estádio Campo Desportivo,46.816
"45.246667, 19.842222",Karađorđe Stadium,RS,Autonomous Province of Vojvodina,333.9798,14458.0,RS,Karađorđe Stadium,33.39798
"41.31898056, 19.81138333",Selman Stërmasi Stadium,AL,Qender,288.75,12500.0,AL,Selman Stërmasi Stadium,28.875
"55.397771, 10.350055",Odense Stadium,Denmark,Syddanmark,457.42158,15633.0,DK,Odense Stadium,45.742158
"47.95958, 0.22129",stade Marie-Marvingt,France,Pays de la Loire,731.5,25000.0,FR,stade Marie-Marvingt,73.15
"59.211111, 9.589722",Skagerak Arena,Norway,Agder og Sør-Østlandet,311.85,13500.0,NO,Skagerak Arena,31.185
"49.75, 13.385556",Doosan Arena,Czechia,Jihozápad,270.27,11700.0,CZ,Doosan Arena,27.027
"45.187474, 5.740194",Stade des Alpes,France,Rhône-Alpes,587.18968,20068.0,FR,Stade des Alpes,58.718968
"50.34851, 3.53178",Stade du Hainaut,France,Nord-Pas de Calais,731.5,25000.0,FR,Stade du Hainaut,73.15
"53.2835, -6.37374",Tallaght Stadium,Ireland,Eastern and Midland,138.6,6000.0,IE,Tallaght Stadium,13.86
"44.815456, 20.494047",Omladinski stadion,RS,City of Belgrade,558.866,19100.0,RS,Omladinski stadion,55.8866
"45.044166666, 39.029444444",Krasnodar Stadium,,,965.58,33000.0,,Krasnodar Stadium,96.558
"45.044166666, 39.029444444",Krasnodar Stadium,,,977.207,36260.0,,Krasnodar Stadium,97.7207
"45.430236, 28.022378",Stadionul Oțelul,Romania,Sud-Est,311.85,13500.0,RO,Stadionul Oțelul,31.185
"42.018692, 20.978179",Gradski stadion Tetovo,MK,Severna Makedonija,438.9,15000.0,MK,Gradski stadion Tetovo,43.89
"43.586122, 20.227239",Javor Stadium,RS,Region Šumadije i Zapadne Srbije,115.5,5000.0,RS,Javor Stadium,11.55
"44.772658, 20.421639",Stadion Čukarički,RS,City of Belgrade,78.3475,4070.0,RS,Stadion Čukarički,7.83475
"44.2247, 17.6454",Stadion Pirota,BA,Federacija Bosne i Hercegovine,59.213,3076.0,BA,Stadion Pirota,5.9213
"-34.63501667, -58.42352222",Estadio Gasómetro,,,2887.5,75000.0,,Estadio Gasómetro,288.75
"40.400163, 49.944019",Bakcell Arena,,,438.9,15000.0,,Bakcell Arena,43.89
"56.003442, -3.789306",Brockville Park,,,173.25,7500.0,,Brockville Park,17.325
"46.817416666, 29.476444444",Dinamo Stadium,,,0,,,Dinamo Stadium,0
"45.142222222, 17.256388888",Gradski stadion,BA,Republika Srpska,115.5,5000.0,BA,Gradski stadion,11.55
"62.105833, -6.723333",Runavík Stadium,,,38.5,2000.0,,Runavík Stadium,3.85
"52.1691, 20.813",Q9341240,Poland,Warszawski stołeczny,41.3875,2150.0,PL,Q9341240,4.13875
"30.069111, 31.312333",Cairo International Stadium,,,5030.025,100500.0,,Cairo International Stadium,503.0025
"-12.917926, -38.428117",Barradão,,,1042.59232,35632.0,,Barradão,104.259232
"43.56425383, 13.526144",Stadio del Conero,Italy,Marche,760.76,26000.0,IT,Stadio del Conero,76.076
"25.159777777, 51.574083333",Al Janoub Stadium,,,585.2,20000.0,,Al Janoub Stadium,58.52
"25.159777777, 51.574083333",Al Janoub Stadium,,,585.2,40000.0,,Al Janoub Stadium,58.52
"24.469397222, 54.375252777",Al Nahyan Stadium,,,465.05844,15894.0,,Al Nahyan Stadium,46.505844
"15.64722222, 32.475",Al-Hilal Stadium,,,731.5,25000.0,,Al-Hilal Stadium,73.15
"25.679406, 51.492631",Al-Khawr Stadium,,,277.2,12000.0,,Al-Khawr Stadium,27.72
"33.52286, 36.32004",Abbasiyyin Stadium,,,877.8,30000.0,,Abbasiyyin Stadium,87.78
"33.52286, 36.32004",Abbasiyyin Stadium,,,877.8,30000.0,,Abbasiyyin Stadium,87.78
"33.52286, 36.32004",Abbasiyyin Stadium,,,877.8,30000.0,,Abbasiyyin Stadium,87.78
"45.240278, 19.381667",Stadion Slavko Maletin Vava,RS,Autonomous Province of Vojvodina,127.05,5500.0,RS,Stadion Slavko Maletin Vava,12.705
"25.25189167, 51.53536111",Hamad bin Khalifa Stadium,,,585.2,20000.0,,Hamad bin Khalifa Stadium,58.52
"47.695769, 17.663827",ETO Park,Hungary,Nyugat-Dunántúl,468.16,16000.0,HU,ETO Park,46.816
"41.2325, 16.309167",Stadio Degli Ulivi,Italy,Puglia,211.134,9140.0,IT,Stadio Degli Ulivi,21.1134
"35.114542, 33.362864",GSP Stadium,Cyprus,Kýpros,664.46534,22709.0,CY,GSP Stadium,66.446534
"53.238333, 50.271667",Metallurg Stadium,,,1033.7558,35330.0,,Metallurg Stadium,103.37558
"51.4616, 6.70109",PCC-Stadion,Germany,Düsseldorf,57.75,3000.0,DE,PCC-Stadion,5.775
"48.9909, 12.1069",Arena Regensburg,Germany,Oberpfalz,442.2649,15115.0,DE,Arena Regensburg,44.22649
"57.990694, 56.244636",Zvezda,,,346.4769,14999.0,,Zvezda,34.64769
"46.198082, 9.022304",Stadio Comunale Bellinzona,Switzerland,Ticino,115.5,5000.0,CH,Stadio Comunale Bellinzona,11.55
"47.7394, 16.4064",Pappelstadion,Austria,Burgenland,459.382,15700.0,AT,Pappelstadion,45.9382
"36.185, 37.117778",Aleppo International Stadium,,,2887.5,75000.0,,Aleppo International Stadium,288.75
"61.995, -6.80277778",Argir Stadium,,,38.5,2000.0,,Argir Stadium,3.85
"47.4425, 19.155103",Bozsik Stadion,Hungary,Budapest,231,10000.0,HU,Bozsik Stadion,23.1
"52.332533, 14.556133",Stadion der Freundschaft,Germany,Brandenburg,277.2,12000.0,DE,Stadion der Freundschaft,27.72
"42.476389, 1.487667",Estadi Comunal d'Aixovall,,,19.25,1000.0,,Estadi Comunal d'Aixovall,1.925
"12.36869444, -1.55344444",Stade du 4 Août,,,1540,40000.0,,Stade du 4 Août,154
"55.8716, 9.8576",CASA Arena Horsens,Denmark,Midtjylland,240.24,10400.0,DK,CASA Arena Horsens,24.024
"25.267358, 51.484251",Jassim Bin Hamad Stadium,,,299.0526,12946.0,,Jassim Bin Hamad Stadium,29.90526
"56.95516667, 24.15886111",Daugava Stadium,Latvia,Latvija,241.6491,10461.0,LV,Daugava Stadium,24.16491
"52.517292, 6.121911",MAC³PARK stadion,Netherlands,Overijssel,288.75,12500.0,NL,MAC³PARK stadion,28.875
"-34.6675, -58.368611",El Cilindro,,,2151.38,55880.0,,El Cilindro,215.138
"31.271111, 32.291389",Port Said Stadium,,,526.68,18000.0,,Port Said Stadium,52.668
"61.268056, 24.020278",Tehtaan kenttä,Finland,Länsi-Suomi,67.683,3516.0,FI,Tehtaan kenttä,6.7683
"39.736977, -8.931459",Estádio Municipal da Marinha Grande,Portugal,Centro (PT),120.12,5200.0,PT,Estádio Municipal da Marinha Grande,12.012
"35.894863888, 14.415372222",Ta' Qali National Stadium,Malta,Malta,520.74022,17797.0,MT,Ta' Qali National Stadium,52.074022
"43.360783, -5.870222",Carlos Tartiere Stadium,Spain,Principado de Asturias,892.43,30500.0,ES,Carlos Tartiere Stadium,89.243
"41.042, 40.5732",Yeni Rize Şehir Stadı,TR,"Trabzon, Ordu, Giresun, Rize, Artvin, Gümüşhane",455.22708,15558.0,TR,Yeni Rize Şehir Stadı,45.522708
"56.1188, -3.91176",Forthbank Stadium,,,73.304,3808.0,,Forthbank Stadium,7.3304
"15.598392, 32.515603",Khartoum Stadium,,,877.8,30000.0,,Khartoum Stadium,87.78
"8.479556, -13.249056",National Stadium,,,1732.5,45000.0,,National Stadium,173.25
"37.067572, 37.377592",Gaziantep Kamil Ocak Stadium,TR,"Gaziantep, Adıyaman, Kilis",496.86406,16981.0,TR,Gaziantep Kamil Ocak Stadium,49.686406
"43.142639, 24.724861",Lovech Stadium,Bulgaria,Severozapaden,187.11,8100.0,BG,Lovech Stadium,18.711
"58.194583333, 15.995833333",Kopparvallen,Sweden,Östra Mellansverige,184.8,8000.0,SE,Kopparvallen,18.48
"41.93157, 8.77887",Stade Michel Moretti,France,Corse,246.246,10660.0,FR,Stade Michel Moretti,24.6246
"56.409686, -3.476928",McDiarmid Park,,,247.0776,10696.0,,McDiarmid Park,24.70776
"49.594833, 34.549444",Oleksiy Butovskyi Vorskla Stadium,,,725.5017,24795.0,,Oleksiy Butovskyi Vorskla Stadium,72.55017
"55.7328, 12.4968",Gladsaxe Stadium,Denmark,Hovedstaden,312.0117,13507.0,DK,Gladsaxe Stadium,31.20117
"33.344603, 44.438984",Q2117452,,,231,10000.0,,Q2117452,23.1
"5.5225, 95.323611",Harapan Bangsa Stadium,,,1732.5,45000.0,,Harapan Bangsa Stadium,173.25
"52.4733, 13.4014",Tempelhofer Feld,Germany,Berlin,0,,DE,Tempelhofer Feld,0
"48.226, 16.3109",Sportklub Stadium,Austria,Wien,200.97,8700.0,AT,Sportklub Stadium,20.097
"31.985, 35.903",Amman International Stadium,,,731.5,25000.0,,Amman International Stadium,73.15
"15.641278, 32.471556",Al-Merrikh Stadium,,,1655.5,43000.0,,Al-Merrikh Stadium,165.55
"34.729861, 36.697917",Homs Municipal Stadium,,,936.32,32000.0,,Homs Municipal Stadium,93.632
"31.92749977, 35.95305634",King Abdullah Stadium,,,585.2,20000.0,,King Abdullah Stadium,58.52
"36.185563, 37.120163",Al-Hamadaniah Stadium,,,526.68,18000.0,,Al-Hamadaniah Stadium,52.668
"25.258708, 51.520509",Grand Hamad Stadium,,,300.3,13000.0,,Grand Hamad Stadium,30.03
"25.333205555, 55.419572222",Sharjah Stadium,,,277.2,12000.0,,Sharjah Stadium,27.72
"53.225453, -4.150139",Nantporth,,,57.75,3000.0,,Nantporth,5.775
"43.3787, 17.598",Stadion Pecara,BA,Federacija Bosne i Hercegovine,231,10000.0,BA,Stadion Pecara,23.1
"48.9747, 2.2755",Parc des Sports Michel Hidalgo,France,Ile-de-France,184.8,8000.0,FR,Parc des Sports Michel Hidalgo,18.48
"64.087423, -21.928865",Stjörnuvöllur,Iceland,Ísland,19.25,1000.0,IS,Stjörnuvöllur,1.925
"39.61561, 22.39949",AEL FC Arena,Greece,Thessaly,500.87268,17118.0,Greece,AEL FC Arena,50.087268
"42.1420989, 21.7099741",Bashkimi 1947 Stadium,MK,Severna Makedonija,57.75,3000.0,MK,Bashkimi 1947 Stadium,5.775
"43.9351, 12.4518",Campo sportivo di Borgo Maggiore,,,19.25,1000.0,,Campo sportivo di Borgo Maggiore,1.925
"45.65472222, 10.23611111",Nuovo Stadio Comunale,Italy,Lombardia,79.8875,4150.0,IT,Nuovo Stadio Comunale,7.98875
"45.655, 10.2362",Nuovo Stadio Comunale,Italy,Lombardia,79.8875,4150.0,IT,Nuovo Stadio Comunale,7.98875
"45.589341666, 8.909780555",Stadio Giovanni Mari,Italy,Lombardia,115.5,5000.0,IT,Stadio Giovanni Mari,11.55
"26.3699, 50.2052",Prince Saud bin Jalawi Stadium,,,438.9,15000.0,,Prince Saud bin Jalawi Stadium,43.89
"33.344244, 44.368173",Al-Zawraa Stadium,,,585.2,20000.0,,Al-Zawraa Stadium,58.52
"37.5359, -5.07806",Q4132382,Spain,Andalucía,86.625,4500.0,ES,Q4132382,8.6625
"56.6617, 23.7563",Olympic Sports Center of Zemgale,Latvia,Latvija,30.03,1560.0,LV,Olympic Sports Center of Zemgale,3.003
"53.277534, 50.23769",Samara Arena,,,1729.343,44918.0,,Samara Arena,172.9343
"56.11, -3.93",Annfield Stadium,,,0,,,Annfield Stadium,0
"-1.666082, -78.659882",Estadio Olímpico de Riobamba,,,585.2,20000.0,,Estadio Olímpico de Riobamba,58.52
"40.724307, -73.792838",Belson Stadium,,,50.05,2600.0,,Belson Stadium,5.005
"35.324433102, 40.146233964",Deir ez-Zor Municipal Stadium,,,497.42,17000.0,,Deir ez-Zor Municipal Stadium,49.742
"-15.502666666, -70.123333333",Estadio Guillermo Briceño Rosamedina,,,325.71,14100.0,,Estadio Guillermo Briceño Rosamedina,32.571
"60.2621, 24.83818333",Myyrmäen jalkapallostadion,Finland,Helsinki-Uusimaa,90.475,4700.0,FI,Myyrmäen jalkapallostadion,9.0475
"41.365504, 33.767113",Kastamonu Gazi Stadium,TR,"Kastamonu, Çankırı, Sinop",77,4000.0,TR,Kastamonu Gazi Stadium,7.7
"32.836944, 130.8",Kumamoto Athletics Stadium,,,884.47128,30228.0,,Kumamoto Athletics Stadium,88.447128
"52.912222, -3.601389",Maes Tegid,,,57.75,3000.0,,Maes Tegid,5.775
"41.6706, -71.180061",Mark's Stadium,,,438.9,15000.0,,Mark's Stadium,43.89
"56.40615556, -3.44614722",Muirton Park,,,0,,,Muirton Park,0
"31.981667, 35.903889",Petra Stadium,,,115.5,5000.0,,Petra Stadium,11.55
"56.402, -3.461",Recreation Grounds,,,0,,,Recreation Grounds,0
"2.726359, 101.982672",Tuanku Abdul Rahman Stadium,,,1540,40000.0,,Tuanku Abdul Rahman Stadium,154
"37.9586, 23.7693",Vyronas National Stadium,Greece,Attica,83.545,4340.0,Greece,Vyronas National Stadium,8.3545
"-15.882367, -52.263283",Q9255307,,,57.75,3000.0,,Q9255307,5.775
"-5.8894, -35.1801",Frasqueirão,,,526.68,18000.0,,Frasqueirão,52.668
"-22.555294, -47.385042",Estádio Major José Levy Sobrinho,,,686.8785,23475.0,,Estádio Major José Levy Sobrinho,68.68785
"50.7767, 19.1592",Stadion Miejski (Częstochowa),Poland,Śląskie,184.8,8000.0,PL,Stadion Miejski (Częstochowa),18.48
"43.8414, 19.895",Stadion kraj Valjaonice,RS,Region Šumadije i Zapadne Srbije,86.625,4500.0,RS,Stadion kraj Valjaonice,8.6625
"53.0214, 27.5461",City Stadium (Slutsk),,,36.498,1896.0,,City Stadium (Slutsk),3.6498
"39.714884, 2.916344",Nou Camp d'Inca,Spain,Illes Balears,0,,ES,Nou Camp d'Inca,0
"53.86166667, 27.57861111",FC Minsk Stadium,,,57.75,3000.0,,FC Minsk Stadium,5.775
"46.15222222, 21.32",Stadionul Motorul,Romania,Vest,77,4000.0,RO,Stadionul Motorul,7.7
"43.307676531, -0.325233941",Nouste Camp,France,Aquitaine,0,,FR,Nouste Camp,0
"44.653611, 10.923333",Stadio Alberto Braglia,Italy,Emilia-Romagna,618.87826,21151.0,IT,Stadio Alberto Braglia,61.887826
"32.6898, 35.311325",Barel Stadium,,,120.12,5200.0,,Barel Stadium,12.012
"-13.525, -71.966",Estadio Garcilaso,,,1009.47,34500.0,,Estadio Garcilaso,100.947
"-13.525, -71.966",Estadio Garcilaso,,,1009.47,34500.0,,Estadio Garcilaso,100.947
"49.426240624, 11.125617009",Max-Morlock-Stadion,Germany,Mittelfranken,1925,50000.0,DE,Max-Morlock-Stadion,192.5
"49.553056, 25.609167",Roman Shukhevych Ternopil city stadium,,,443.289,15150.0,,Roman Shukhevych Ternopil city stadium,44.3289
"-28.684167, -49.3675",Estádio Heriberto Hülse,,,564.718,19300.0,,Estádio Heriberto Hülse,56.4718
"57.663888888, 11.909444444",Ruddalens IP,Sweden,Västsverige,115.5,5000.0,SE,Ruddalens IP,11.55
"-25.3154361, -57.6121987",Estadio Emiliano Ghezzi,,,184.8,8000.0,,Estadio Emiliano Ghezzi,18.48
"43.015172, 141.409767",Sapporo Dome,,,1546.853,40178.0,,Sapporo Dome,154.6853
"51.0375, 4.471667",Oscar Vankesbeeck Stadion,Belgium,Prov. Antwerpen,316.1697,13687.0,BE,Oscar Vankesbeeck Stadion,31.61697
"-8.106655, -79.030977",Estadio Mansiche,,,702.24,24000.0,,Estadio Mansiche,70.224
"-17.185731, -70.930052",Estadio 25 de Noviembre,,,614.46,21000.0,,Estadio 25 de Noviembre,61.446
"47.3349, 17.4741",Stadion Várkerti,Hungary,Közép-Dunántúl,127.05,5500.0,HU,Stadion Várkerti,12.705
"50.619906, -2.485203",Bob Lucas Stadium,,,152.46,6600.0,,Bob Lucas Stadium,15.246
"52.543056, 13.405278",Friedrich-Ludwig-Jahn-Sportpark,Germany,Berlin,576.65608,19708.0,DE,Friedrich-Ludwig-Jahn-Sportpark,57.665608
"47.383333, 8.06",Stadion Brügglifeld,Switzerland,Nordwestschweiz,213.6519,9249.0,CH,Stadion Brügglifeld,21.36519
"47.895118, 33.392462",Metalurh Stadium,,,870.01684,29734.0,,Metalurh Stadium,87.001684
"-25.367568, -57.584933",Estadio Luis Alfonso Giagni,,,231,10000.0,,Estadio Luis Alfonso Giagni,23.1
"-25.298376, -57.639831",Estadio Arsenio Erico,,,231,10000.0,,Estadio Arsenio Erico,23.1
"48.293333, 14.276389",Linzer Stadion,Austria,Oberösterreich,526.68,18000.0,AT,Linzer Stadion,52.668
"20.577777777, -100.366388888",Corregidora Stadium,,,1040.9245,35575.0,,Corregidora Stadium,104.09245
"41.361111, 69.395",Lokomotiv Stadium,,,512.05,17500.0,,Lokomotiv Stadium,51.205
"53.3189, -3.47611",Belle Vue,,,57.75,3000.0,,Belle Vue,5.775
"42.139861, 24.764444",Hristo Botev Stadium,Bulgaria,Yuzhen tsentralen,526.68,18000.0,BG,Hristo Botev Stadium,52.668
"47.7166, 18.7333",Buzánszky Jenő Stadion,Hungary,Közép-Dunántúl,0,,HU,Buzánszky Jenő Stadion,0
"50.852222, 8.026111",Leimbachstadion,Germany,Arnsberg,567.644,19400.0,DE,Leimbachstadion,56.7644
"-12.038, -77.045",Estadio Alberto Gallardo,,,300.3,13000.0,,Estadio Alberto Gallardo,30.03
"43.59221, 7.12603",Stade du Fort Carré,,,77,4000.0,,Stade du Fort Carré,7.7
"56.10873889, -3.34709722","Central Park, Cowdenbeath",,,285.747,12370.0,,"Central Park, Cowdenbeath",28.5747
"42.679306, 26.336667",Hadzhi Dimitar Stadium,Bulgaria,Yugoiztochen,231,10000.0,BG,Hadzhi Dimitar Stadium,23.1
"27.471417, 89.641056",Changlimithang Stadium,,,731.5,25000.0,,Changlimithang Stadium,73.15
"-6.218578, 106.802511",Gelora Bung Karno Stadium,,,2971.9305,77193.0,,Gelora Bung Karno Stadium,297.19305
"-16.40729, -71.520203",Arequipa Stadium,,,1554.245,40370.0,,Arequipa Stadium,155.4245
"-6.768333, -79.860833",Estadio Elías Aguirre,,,716.87,24500.0,,Estadio Elías Aguirre,71.687
"-25.272222, -57.493056",Estadio Feliciano Cáceres,,,790.02,27000.0,,Estadio Feliciano Cáceres,79.002
"-25.291389, -57.608611",Estadio Ueno Osvaldo Domínguez Dibb,,,0.8855,46.0,,Estadio Ueno Osvaldo Domínguez Dibb,0.08855
"-25.30344444, -57.61594444",Estadio Rogelio Livieres,,,184.8,8000.0,,Estadio Rogelio Livieres,18.48
"49.69433, 4.93834",Stade Louis Dugauguez,France,Champagne-Ardenne,678.51014,23189.0,FR,Stade Louis Dugauguez,67.851014
"44.712625, 26.656017",Stadionul Tineretului,Romania,Sud-Muntenia,161.7,7000.0,RO,Stadionul Tineretului,16.17
"59.35944444, 17.99361111",Skytteholms IP,Sweden,Stockholm,77,4000.0,SE,Skytteholms IP,7.7
"38.736944444, 35.423055555",Kadir Has Stadium,TR,"Kayseri, Sivas, Yozgat",961.60064,32864.0,TR,Kadir Has Stadium,96.160064
"41.709617, 44.746247",Mikheil Meskhi Stadium,,,796.54498,27223.0,,Mikheil Meskhi Stadium,79.654498
"4.05556, 9.71861",Stade de la Réunification,,,877.8,30000.0,,Stade de la Réunification,87.78
"45.386769, 20.398686",Stadion Karađorđev park,RS,Autonomous Province of Vojvodina,311.85,13500.0,RS,Stadion Karađorđev park,31.185
"-26.231894, 27.922892",Orlando Stadium,,,1540,40000.0,,Orlando Stadium,154
"59.425828, 24.764767",Kalev Central Stadium,Estonia,Eesti,277.2,12000.0,EE,Kalev Central Stadium,27.72
"13.801944, 100.790833",72-years Anniversary Stadium,,,231,10000.0,,72-years Anniversary Stadium,23.1
"47.4339, 9.40576",Paul-Grüninger-Stadion,Switzerland,Ostschweiz,80.85,4200.0,CH,Paul-Grüninger-Stadion,8.085
"56.6522, -2.885",Station Park,,,156.5487,6777.0,,Station Park,15.65487
"-4.330417, 15.31",martyrs' stadium,,,4004,80000.0,,martyrs' stadium,400.4
"60.673055555, 17.1275",Strömvallen,Sweden,Norra Mellansverige,154.8393,6703.0,SE,Strömvallen,15.48393
"43.12024, 6.14186",Stade Perruc,France,Provence-Alpes-Côte d’Azur,27.1425,1410.0,FR,Stade Perruc,2.71425
"37.904425, 58.377086111",Olympic Stadium,,,877.8,30000.0,,Olympic Stadium,87.78
"64.132778, -21.923611",Hlíðarendi,Iceland,Ísland,57.75,3000.0,IS,Hlíðarendi,5.775
"-25.257544, -57.575113",Estadio La Arboleda,,,86.625,4500.0,,Estadio La Arboleda,8.6625
"36.349167, 6.625833",Stade Mohamed Hamlaoui,,,672.04368,22968.0,,Stade Mohamed Hamlaoui,67.204368
"41.507222, 20.963333",Gradski stadion Kičevo,MK,Severna Makedonija,115.5,5000.0,MK,Gradski stadion Kičevo,11.55
"35.8604, -0.313219",Menaouer Kerbouci Stadium,,,0,,,Menaouer Kerbouci Stadium,0
"13.349722, -88.437778",Sergio Torres Stadium,,,115.5,5000.0,,Sergio Torres Stadium,11.55
"36.734444, 3.131389",Stade 1er Novembre 1954,,,184.8,8000.0,,Stade 1er Novembre 1954,18.48
"45.043639, 23.270056",Stadionul Tudor Vladimirescu,Romania,Sud-Vest Oltenia,212.52,9200.0,RO,Stadionul Tudor Vladimirescu,21.252
"44.38313889, 7.53397222",Stadio Fratelli Paschiero,Italy,Piemonte,58.905,3060.0,IT,Stadio Fratelli Paschiero,5.8905
"-12.072778, -75.201944",Estadio Huancayo,,,715.407,24450.0,,Estadio Huancayo,71.5407
"45.05, 20.09",Inđija Stadium,RS,Autonomous Province of Vojvodina,86.625,4500.0,RS,Inđija Stadium,8.6625
"39.482542, -0.371152",Estadio de Vallejo,Spain,Comunitat Valenciana,526.68,18000.0,ES,Estadio de Vallejo,52.668
"54.16583333, 19.42111111",City Stadium Elbląg,Poland,Warmińsko-mazurskie,161.7,7000.0,PL,City Stadium Elbląg,16.17
"10.474183, -66.939064",Cocodrilos Sports Park,,,67.375,3500.0,,Cocodrilos Sports Park,6.7375
"54.57369167, -6.02365833",Donegal Celtic Park,,,57.75,3000.0,,Donegal Celtic Park,5.775
"34.680714, 133.919494",Kanko Stadium,,,585.2,20000.0,,Kanko Stadium,58.52
"18.002422, -66.631785",Estadio Francisco Montaner,,,468.16,16000.0,,Estadio Francisco Montaner,46.816
"-6.031864, -76.964335",Estadio IPD de Moyobamba,,,115.5,5000.0,,Estadio IPD de Moyobamba,11.55
"-6.031864, -76.964335",Estadio IPD de Moyobamba,,,117.04,8000.0,,Estadio IPD de Moyobamba,11.704
"-9.940567, -76.252778",Estadio Heraclio Tapia,,,585.2,20000.0,,Estadio Heraclio Tapia,58.52
"-0.924271, -78.614559",Estadio La Cocha,,,438.9,15000.0,,Estadio La Cocha,43.89
"-9.10001, -78.560207",Estadio Manuel Rivera Sanchez,,,1024.1,35000.0,,Estadio Manuel Rivera Sanchez,102.41
"-33.079095454, -68.481100214",Estadio Libertador General San Martín,,,277.2,12000.0,,Estadio Libertador General San Martín,27.72
"9.280111111, -75.410172222",Q5847777,,,115.5,5000.0,,Q5847777,11.55
"-25.275848, -57.5516543",Estadio Ricardo Gregor,,,28.875,1500.0,,Estadio Ricardo Gregor,2.8875
"-4.044722, 39.666389",Mombasa Municipal Stadium,,,231,10000.0,,Mombasa Municipal Stadium,23.1
"-12.84722222, 28.21111111",Nkana Stadium,,,231,10000.0,,Nkana Stadium,23.1
"43.019066, 141.464016",Sapporo Atsubetsu Park Stadium,,,610.39286,20861.0,,Sapporo Atsubetsu Park Stadium,61.039286
"42.4651, 19.2951",Stadion Zlatica,ME,Crna Gora,67.375,3500.0,ME,Stadion Zlatica,6.7375
"54.150444, -6.320606",The Showgrounds,,,183.6219,7949.0,,The Showgrounds,18.36219
"39.7722, 2.71735",Camp d'en Maiol,Spain,Illes Balears,28.875,1500.0,ES,Camp d'en Maiol,2.8875
"-12.05972, -77.11995",Estadio Miguel Grau,,,438.9,15000.0,,Estadio Miguel Grau,43.89
"37.9459, 58.3438",Nisa-Çandybil Stadium,,,28.875,1500.0,,Nisa-Çandybil Stadium,2.8875
"60.8879791, 11.5547995",Elverum stadion,Norway,Innlandet,26.95,1400.0,NO,Elverum stadion,2.695
"60.15, 15.20888889",Hillängens IP,Sweden,Norra Mellansverige,0,,SE,Hillängens IP,0
"40.854527777, 46.036222222",Shamkir Olympic Sport Complex Stadium,,,38.5,2000.0,,Shamkir Olympic Sport Complex Stadium,3.85
"49.513932, 5.889775",Stade Municipal de la Ville de Differdange,Luxembourg,Luxembourg,34.65,1800.0,LU,Stade Municipal de la Ville de Differdange,3.465
"41.853484, 3.12138",Estadi Palamós Costa Brava,,,71.687,3724.0,,Estadi Palamós Costa Brava,7.1687
"-6.238358, 106.991897",Patriot Chandrabhaga Stadium,,,0,,,Patriot Chandrabhaga Stadium,0
"53.86166667, 27.57861111",FC Minsk Stadium,,,57.75,3000.0,,FC Minsk Stadium,5.775
"-25.283245, -57.606198",Estadio Toribio Vargas,,,0,,,Estadio Toribio Vargas,0
"56.1144, -3.3428",North End Park,,,0,,,North End Park,0
"38.467356, -0.796031",Estadio Municipal Nuevo Pepico Amat,Spain,Comunitat Valenciana,0,,ES,Estadio Municipal Nuevo Pepico Amat,0
"25.43199444, -100.98033333",Estadio Olímpico Francisco I. Madero,,,0,,,Estadio Olímpico Francisco I. Madero,0
"47.234762, 16.607117",Haladás Sportkomplexum,Hungary,Nyugat-Dunántúl,0,,HU,Haladás Sportkomplexum,0
"-13.173499232, -74.209782624",Q130236631,,,0,,,Q130236631,0
"42.587482, -5.576699",Estadio Reino de León,Spain,Castilla y León,310.7181,13451.0,ES,Estadio Reino de León,31.07181
"-34.838719, -56.132281",harwood 6417,,,526.68,18000.0,,harwood 6417,52.668
"37.872294, -4.764642",Estadio Nuevo Arcángel,Spain,Andalucía,638.51172,21822.0,ES,Estadio Nuevo Arcángel,63.851172
"51.6428, -3.02",Cwmbran Stadium,,,242.55,10500.0,,Cwmbran Stadium,24.255
"52.397222, 16.858056",Enea Stadion,Poland,Wielkopolskie,1650.6105,42873.0,PL,Enea Stadion,165.06105
"43.30197222, -5.68984167",Estadio Ganzábal,Spain,Principado de Asturias,77.462,4024.0,ES,Estadio Ganzábal,7.7462
"13.41425, 99.999865",Samut Songkhram Stadium,,,115.5,5000.0,,Samut Songkhram Stadium,11.55
"34.52, 69.196667",Afghanistan Football Federation Stadium,,,115.5,5000.0,,Afghanistan Football Federation Stadium,11.55
"34.52, 69.196667",Afghanistan Football Federation Stadium,,,115.5,5000.0,,Afghanistan Football Federation Stadium,11.55
"34.52, 69.196667",Afghanistan Football Federation Stadium,,,115.5,5000.0,,Afghanistan Football Federation Stadium,11.55
"23.139216, 113.260739",Yuexiushan Stadium,,,585.2,20000.0,,Yuexiushan Stadium,58.52
"45.91722, 6.11972","Parc des Sports, Annecy",France,Rhône-Alpes,458.2116,15660.0,FR,"Parc des Sports, Annecy",45.82116
"45.91722, 6.11972","Parc des Sports, Annecy",France,Rhône-Alpes,459.79164,15714.0,FR,"Parc des Sports, Annecy",45.979164
"10.674114, -71.645011",Estadio José Pachencho Romero,,,1570.8,40800.0,,Estadio José Pachencho Romero,157.08
"-3.0214, 104.7892",Gelora Sriwijaya Stadium,,,1053.36,36000.0,,Gelora Sriwijaya Stadium,105.336
"40.892014, 29.191017",Kartal Stadium,TR,İstanbul,166.2045,7195.0,TR,Kartal Stadium,16.62045
"40.47916667, -3.61166667",Ciudad Real Madrid,Spain,Comunidad de Madrid,0,,ES,Ciudad Real Madrid,0
"37.986111, -1.121389",Estadio de La Condomina,Spain,Región de Murcia,491.568,16800.0,ES,Estadio de La Condomina,49.1568
"19.331928, -99.192106",Universitary Olympic Stadium,,,4189.185,83700.0,,Universitary Olympic Stadium,418.9185
"19.331928, -99.192106",Universitary Olympic Stadium,,,4201.8977,83954.0,,Universitary Olympic Stadium,420.18977
"23.72801, 90.41353","National Stadium, Dhaka",,,1053.36,36000.0,,"National Stadium, Dhaka",105.336
"13.7375, 100.525833",Chulalongkorn University Stadium,,,585.2,20000.0,,Chulalongkorn University Stadium,58.52
"22.267434, 114.249063",Siu Sai Wan Sports Ground,,,277.2,12000.0,,Siu Sai Wan Sports Ground,27.72
"22.4554, 114.162",Tai Po Sports Ground,,,61.6,3200.0,,Tai Po Sports Ground,6.16
"22.272861111, 114.188444444",Hong Kong Stadium,,,1540,40000.0,,Hong Kong Stadium,154
"36.058847, 120.344389",Qingdao Tiantai Stadium,,,600.5615,20525.0,,Qingdao Tiantai Stadium,60.05615
"-2.530556, 140.723611",Mandala Stadium,,,877.8,30000.0,,Mandala Stadium,87.78
"1.354545, 103.851475",Bishan Stadium,,,80.85,4200.0,,Bishan Stadium,8.085
"53.361667, -6.275",Dalymount Park,Ireland,Eastern and Midland,82.775,4300.0,IE,Dalymount Park,8.2775
"53.361667, -6.275",Dalymount Park,Ireland,Eastern and Midland,85.7549,7955.0,IE,Dalymount Park,8.57549
"-34.65792222, -58.46453889",Nueva España Stadium,,,950.95,32500.0,,Nueva España Stadium,95.095
"30.502313, 114.166253",Wuhan Sports Center,,,2092.7445,54357.0,,Wuhan Sports Center,209.27445
"60.495, 15.434166666",Domnarvsvallen,Sweden,Norra Mellansverige,150.15,6500.0,SE,Domnarvsvallen,15.015
"51.755, 5.528056",Heesen Yachts Stadion,Netherlands,Noord-Brabant,87.78,4560.0,NL,Heesen Yachts Stadion,8.778
"35.894863888, 14.415372222",Ta' Qali National Stadium,Malta,Malta,520.74022,17797.0,MT,Ta' Qali National Stadium,52.074022
"19.99395814, -99.32531118",Estadio 10 de Diciembre,,,497.42,17000.0,,Estadio 10 de Diciembre,49.742
"10.180083, -64.656117",Estadio José Antonio Anzoátegui,,,1096.8111,37485.0,,Estadio José Antonio Anzoátegui,109.68111
"42.011739, -4.516136",Estadio Nueva Balastera,Spain,Castilla y León,186.417,8070.0,ES,Estadio Nueva Balastera,18.6417
"36.172582, 44.011483",Franso Hariri Stadium,,,1540,40000.0,,Franso Hariri Stadium,154
"4.825, 7.02194",Yakubu Gowon Stadium,,,731.5,25000.0,,Yakubu Gowon Stadium,73.15
"-12.2201, -76.9349",Hugo Sotil Stadium,,,318.1563,13773.0,,Hugo Sotil Stadium,31.81563
"59.286217, 11.097608",Sarpsborg Stadion,Norway,Oslo og Viken,90.475,4700.0,NO,Sarpsborg Stadion,9.0475
"38.83823, 65.81354",Markaziy Stadium,,,340.725,14750.0,,Markaziy Stadium,34.0725
"50.111389, 14.3875",Stadion Juliska,Czechia,Praha,188.265,8150.0,CZ,Stadion Juliska,18.8265
"-5.158501, 119.415497",Andi Mattalata Stadium,,,877.8,30000.0,,Andi Mattalata Stadium,87.78
"25.748527777, 55.928113888",Emirates Club Stadium,,,161.7,7000.0,,Emirates Club Stadium,16.17
"64.117222, -21.852778",Víkingsvöllur,Iceland,Ísland,0,,IS,Víkingsvöllur,0
"10.96139, 106.8625",Biên Hòa Stadium,,,231,10000.0,,Biên Hòa Stadium,23.1
"10.9619, 106.863",Biên Hòa Stadium,,,231,10000.0,,Biên Hòa Stadium,23.1
"44.427666, 26.074956",Stadionul Cotroceni,Romania,Bucureşti-Ilfov,335.9202,14542.0,RO,Stadionul Cotroceni,33.59202
"-20.321267, 57.52965",Stade George V,,,143.22,6200.0,,Stade George V,14.322
"9.54586111, -13.67291667",Stade du 28 Septembre,,,731.5,25000.0,,Stade du 28 Septembre,73.15
"15.846856, -87.937794",Estadio Excélsior,,,182.721,7910.0,,Estadio Excélsior,18.2721
"24.830556, -107.404167",Estadio Carlos González,,,672.98,23000.0,,Estadio Carlos González,67.298
"-9.468333, 147.198333",PNG Football Stadium,,,277.2,12000.0,,PNG Football Stadium,27.72
"22.562175, 114.086989",Shenzhen Stadium,,,950.95,32500.0,,Shenzhen Stadium,95.095
"33.2416, -8.49327",Stade El Abdi,,,438.9,15000.0,,Stade El Abdi,43.89
"55.73207778, 52.41781944",KAMAZ Stadium,,,231,10000.0,,KAMAZ Stadium,23.1
"52.038888888, 29.276805555",Yunost Stadium,,,118.5723,5133.0,,Yunost Stadium,11.85723
"40.724307, -73.792838",Belson Stadium,,,50.05,2600.0,,Belson Stadium,5.005
"10.482778, -66.941667",Brígido Iriarte Stadium,,,231,10000.0,,Brígido Iriarte Stadium,23.1
"10.30042222, 123.89528333",Cebu City Sports Complex,,,0,,,Cebu City Sports Complex,0
"51.515072, -0.422233",Church Road,,,86.625,4500.0,,Church Road,8.6625
"39.02, 121.564",Dalian Sports Center,,,4004,80000.0,,Dalian Sports Center,400.4
"15.59849, 73.816147",Duler Stadium,,,231,10000.0,,Duler Stadium,23.1
"46.955555555, 18.947222222",Dunaferr Arena,Hungary,Közép-Dunántúl,0,,HU,Dunaferr Arena,0
"-15.424746829, 28.301434711",Edwin Imboela Stadium,,,0,,,Edwin Imboela Stadium,0
"10.333, -68.756167",Estadio Florentino Oropeza,,,231,10000.0,,Estadio Florentino Oropeza,23.1
"1.862765, 9.761439",Estadio La Libertad,,,77,4000.0,,Estadio La Libertad,7.7
"-27.376667, -70.320833",Estadio Luis Valenzuela Hermosilla,,,184.8,8000.0,,Estadio Luis Valenzuela Hermosilla,18.48
"-22.683786651, -46.997095673",Estádio Municipal Alfredo Chiavegato,,,438.9,15000.0,,Estádio Municipal Alfredo Chiavegato,43.89
"44.791586, 20.494644",FK Obilić Stadium,RS,City of Belgrade,88.55,4600.0,RS,FK Obilić Stadium,8.855
"43.030388888, 19.742416666",Gradski stadion,ME,Crna Gora,115.5,5000.0,ME,Gradski stadion,11.55
"21.4925, -104.801",Estadio Arena Cora,,,291.06,12600.0,,Estadio Arena Cora,29.106
"18.134444444, -94.458611111",Estadio Rafael Hernández Ochoa,,,92.4,4800.0,,Estadio Rafael Hernández Ochoa,9.24
"22.2744, 114.182",Hong Kong Football Club Stadium,,,52.9375,2750.0,,Hong Kong Football Club Stadium,5.29375
"30.270857, 56.986629",Shahid Bahonar Stadium,,,451.4818,15430.0,,Shahid Bahonar Stadium,45.14818
"36.179662, 137.917128",Matsumotodaira Football Stadium,,,596.78696,20396.0,,Matsumotodaira Football Stadium,59.678696
"47.8023, 20.5673",Mezőkövesdi Városi Stadion,Hungary,Észak-Magyarország,49.49175,2571.0,HU,Mezőkövesdi Városi Stadion,4.949175
"50.914902, 14.618924",Městský stadion v Kotlině,Germany,Dresden,115.5,5000.0,DE,Městský stadion v Kotlině,11.55
"55.398889, 10.351111",Odense Atletikstadion,Denmark,Syddanmark,184.8,8000.0,DK,Odense Atletikstadion,18.48
"-39.5082, 176.8569","Park Island, Napier",,,115.5,5000.0,,"Park Island, Napier",11.55
"13.979166666, 108.005",Pleiku Stadium,,,277.2,12000.0,,Pleiku Stadium,27.72
"39.613972, 48.975028",Salyan Olympic Sport Complex Stadium,,,38.5,2000.0,,Salyan Olympic Sport Complex Stadium,3.85
"49.289883, 17.402386",Stadion Jožky Silného,Czechia,Střední Morava,29.43325,1529.0,CZ,Stadion Jožky Silného,2.943325
"46.5412, 23.8841",Stadionul Mihai Adam,Romania,Nord-Vest,0,,RO,Stadionul Mihai Adam,0
"45.420722, 28.023681",Nicolae Rainea Stadium,Romania,Sud-Est,672.98,23000.0,RO,Nicolae Rainea Stadium,67.298
"59.2383, 14.4431",Stora Valla,Sweden,Östra Mellansverige,288.75,12500.0,SE,Stora Valla,28.875
"36.625056, 137.195688",Toyama Athletic Stadium,,,833.73444,28494.0,,Toyama Athletic Stadium,83.373444
"41.36111, 69.39472",Traktor Tashkent Stadium,,,147.84,6400.0,,Traktor Tashkent Stadium,14.784
"59.4919, 18.075",Vikingavallen,Sweden,Stockholm,51.0125,2650.0,SE,Vikingavallen,5.10125
"41.5661, 60.605",Xorazm Stadium,,,731.5,25000.0,,Xorazm Stadium,73.15
"51.2319, 22.5575",Arena Lublin,Poland,Lubelskie,446.12722,15247.0,PL,Arena Lublin,44.612722
"50.124166666, 18.990555555",Tychy City Stadium,Poland,Śląskie,443.289,15150.0,PL,Tychy City Stadium,44.3289
"50.1584, 20.8492",Stadion Bruk-Bet Termaliki,Poland,Małopolskie,89.8205,4666.0,PL,Stadion Bruk-Bet Termaliki,8.98205
"60.2167, 25.1386",Vuosaaren urheilukenttä,Finland,Helsinki-Uusimaa,28.875,1500.0,FI,Vuosaaren urheilukenttä,2.8875
"56.02824444, -3.81465833",Ochilview Park,,,72.1105,3746.0,,Ochilview Park,7.21105
"49.402, 15.5735",Stadion v Jiráskově ulici,Czechia,Jihovýchod,78.5785,4082.0,CZ,Stadion v Jiráskově ulici,7.85785
"47.464, 18.5868",Pancho Arena,Hungary,Közép-Dunántúl,74.40125,3865.0,HU,Pancho Arena,7.440125
"33.891444, 130.888861",Mikuni World Stadium Kitakyūshū,,,447.678,15300.0,,Mikuni World Stadium Kitakyūshū,44.7678
"43.725278, 10.4",Arena Garibaldi – Stadio Romeo Anconetani,Italy,Toscana,241.2102,10442.0,IT,Arena Garibaldi – Stadio Romeo Anconetani,24.12102
"46.5609, 3.34927",Stade de Bellevue,France,Auvergne,41.657,2164.0,FR,Stade de Bellevue,4.1657
"-8.523889, 179.198611",Tuvalu Sports Ground,,,28.875,1500.0,,Tuvalu Sports Ground,2.8875
"-22.26417143, 166.4679427",Stade Numa-Daly Magenta,,,231,10000.0,,Stade Numa-Daly Magenta,23.1
"-22.26417143, 166.4679427",Stade Numa-Daly Magenta,,,231,10000.0,,Stade Numa-Daly Magenta,23.1
"-22.26417143, 166.4679427",Stade Numa-Daly Magenta,,,231,10000.0,,Stade Numa-Daly Magenta,23.1
"47.668335, 9.481577",Zeppelinstadion,Germany,Tübingen,277.2,12000.0,DE,Zeppelinstadion,27.72
"35.879166666, 14.529833333",Il-Foss,Malta,Malta,19.25,1000.0,MT,Il-Foss,1.925
"46.56935, 3.31933",Hector-Rolland Stadium,France,Auvergne,67.375,3500.0,FR,Hector-Rolland Stadium,6.7375
"60.159119, 10.265368",AKA Arena,Norway,Oslo og Viken,81.928,4256.0,NO,AKA Arena,8.1928
"36.1615, 1.30902",Stade Mohamed Boumezrag,,,731.5,25000.0,,Stade Mohamed Boumezrag,73.15
"48.235556, 14.226667",Waldstadion,Austria,Oberösterreich,165.2112,7152.0,AT,Waldstadion,16.52112
"64.11333333, -21.79277778",Fylkisvöllur,Iceland,Ísland,0,,IS,Fylkisvöllur,0
"18.10470278, -15.98545556",Olympic Stadium of Nouakchott,,,585.2,20000.0,,Olympic Stadium of Nouakchott,58.52
"5.30527778, -3.99244444",Stade Robert Champroux,,,57.75,3000.0,,Stade Robert Champroux,5.775
"23.72801, 90.41353","National Stadium, Dhaka",,,1053.36,36000.0,,"National Stadium, Dhaka",105.336
"43.215833, 27.931389",Ticha Stadium,Bulgaria,Severoiztochen,190.575,8250.0,BG,Ticha Stadium,19.0575
"42.476389, 1.487667",Estadi Comunal d'Aixovall,,,19.25,1000.0,,Estadi Comunal d'Aixovall,1.925
"52.209444, 5.929167",Sportpark Berg & Bos,Netherlands,Gelderland,62.73575,3259.0,NL,Sportpark Berg & Bos,6.273575
"35.823333, 10.612778",Stade Olympique de Sousse,,,1617,42000.0,,Stade Olympique de Sousse,161.7
"12.36869444, -1.55344444",Stade du 4 Août,,,1540,40000.0,,Stade du 4 Août,154
"10.334217, -84.43445",Estadio Carlos Ugalde Álvarez,,,77,4000.0,,Estadio Carlos Ugalde Álvarez,7.7
"44.053056, 12.577222",Stadio Romeo Neri,Italy,Emilia-Romagna,225.6408,9768.0,IT,Stadio Romeo Neri,22.56408
"11.19027778, -4.33083333",Stade Général Aboubacar Sangoulé Lamizana,,,0,,,Stade Général Aboubacar Sangoulé Lamizana,0
"34.769186, 32.440144",Pafiako Stadium,,,205.0818,8878.0,,Pafiako Stadium,20.50818
"40.747319, 14.652581",Stadio San Francesco d'Assisi,Italy,Campania,176.2992,7632.0,IT,Stadio San Francesco d'Assisi,17.62992
"41.2044, 32.6202",Yenişehir Stadium,TR,"Zonguldak, Karabük, Bartın",175.3983,7593.0,TR,Yenişehir Stadium,17.53983
"41.2044, 32.6202",Yenişehir Stadium,TR,"Zonguldak, Karabük, Bartın",172.48,8000.0,TR,Yenişehir Stadium,17.248
"41.2044, 32.6202",Yenişehir Stadium,TR,"Zonguldak, Karabük, Bartın",172.48,16000.0,TR,Yenişehir Stadium,17.248
"35.894863888, 14.415372222",Ta' Qali National Stadium,Malta,Malta,520.74022,17797.0,MT,Ta' Qali National Stadium,52.074022
"10.021666666, -84.209166666",Estadio Alejandro Morera Soto,,,517.902,17700.0,,Estadio Alejandro Morera Soto,51.7902
"35.8854, -5.3279",Estadio Alfonso Murube,,,150.15,6500.0,,Estadio Alfonso Murube,15.015
"8.3125, -62.696667",Polideportivo Cachamay,,,1755.6,45600.0,,Polideportivo Cachamay,175.56
"8.3125, -62.696667",Polideportivo Cachamay,,,1755.6,45600.0,,Polideportivo Cachamay,175.56
"38.736944444, 35.423055555",Kadir Has Stadium,TR,"Kayseri, Sivas, Yozgat",961.60064,32864.0,TR,Kadir Has Stadium,96.160064
"13.52725, 2.10897",Stade Général Seyni Kountché,,,1024.1,35000.0,,Stade Général Seyni Kountché,102.41
"13.52725, 2.108972",Stade Général Seyni Kountché,,,1024.1,35000.0,,Stade Général Seyni Kountché,102.41
"-17.54, -149.552",Stade Pater Te Hono Nui,,,438.9,15000.0,,Stade Pater Te Hono Nui,43.89
"43.451111, 11.894444",Stadio Città di Arezzo,Italy,Toscana,303.2568,13128.0,IT,Stadio Città di Arezzo,30.32568
"55.413578, 12.134153",Herfølge Stadion,Denmark,Sjælland,184.8,8000.0,DK,Herfølge Stadion,18.48
"45.582778, 9.308056",Stadio Brianteo,Italy,Lombardia,500.40452,17102.0,IT,Stadio Brianteo,50.040452
"38.352178, 38.330494",Malatya İnönü Stadium,TR,"Malatya, Elazığ, Bingöl, Tunceli",300.3,13000.0,TR,Malatya İnönü Stadium,30.03
"44.714722, 10.649722",Mapei Stadium - Città del Tricolore,Italy,Emilia-Romagna,629.8215,21525.0,IT,Mapei Stadium - Città del Tricolore,62.98215
"56.131944, 10.196389",Ceres Park & Arena,Denmark,Midtjylland,568.60958,19433.0,DK,Ceres Park & Arena,56.860958
"43.55083333, 6.96555556",Stade Pierre de Coubertin,France,Provence-Alpes-Côte d’Azur,231,10000.0,FR,Stade Pierre de Coubertin,23.1
"34.874722, 32.381111",Peyia Municipal Stadium,Cyprus,Kýpros,73.689,3828.0,CY,Peyia Municipal Stadium,7.3689
"50.683795, 4.200436",Stade Leburton,Belgium,Prov. Brabant wallon,187.11,8100.0,BE,Stade Leburton,18.711
"14.746694, -17.452014",Stade Léopold Sédar Senghor,,,2310,60000.0,,Stade Léopold Sédar Senghor,231
"14.746694, -17.452014",Stade Léopold Sédar Senghor,,,2310,60000.0,,Stade Léopold Sédar Senghor,231
"64.317656, -22.059753",Akranesvöllur,,,93.3625,4850.0,,Akranesvöllur,9.33625
"-4.330417, 15.31",martyrs' stadium,,,4004,80000.0,,martyrs' stadium,400.4
"50.282203, 18.944178",Stadion Ruchu,Poland,Śląskie,231,10000.0,PL,Stadion Ruchu,23.1
"40.926944, 14.7925",Stadio Partenio-Adriano Lombardi,Italy,Campania,233.8875,10125.0,IT,Stadio Partenio-Adriano Lombardi,23.38875
"34.03307, -6.797184",Stade Boubker Ammar,,,231,10000.0,,Stade Boubker Ammar,23.1
"45.641894, 0.176128",Stade Lebon,France,Poitou-Charentes,150.15,6500.0,FR,Stade Lebon,15.015
"49.64319, -1.63811",Q2325877,France,Basse-Normandie,161.7,7000.0,FR,Q2325877,16.17
"44.35161, 2.56376",Stade Paul-Lignon,France,Midi-Pyrénées,0,,FR,Stade Paul-Lignon,0
"49.4316, 2.11382",Stade Pierre Brisson,France,Picardie,235.1118,10178.0,FR,Stade Pierre Brisson,23.51118
"43.35, 12.566667",Stadio Pietro Barbetti,Italy,Umbria,122.43,5300.0,IT,Stadio Pietro Barbetti,12.243
"41.7795, 14.1027",Stadio Teofilo Patini,Italy,Abruzzo,166.782,7220.0,IT,Stadio Teofilo Patini,16.6782
"51.6839, -4.1476",Stebonheath Park,,,71.225,3700.0,,Stebonheath Park,7.1225
"-4.27352778, 15.24841667",Stade Alphonse Massemba-Débat,,,966.66262,33037.0,,Stade Alphonse Massemba-Débat,96.666262
"63.439414, -20.28795",Hásteinsvöllur,Iceland,Ísland,68.145,3540.0,IS,Hásteinsvöllur,6.8145
"65.686083, -18.095211",Akureyrarvöllur,Iceland,Ísland,38.5,2000.0,IS,Akureyrarvöllur,3.85
"56.502952, 20.995424",Daugava Stadium,,,115.6848,5008.0,,Daugava Stadium,11.56848
"63.194722222, 14.655833333",Jämtkraft Arena,Sweden,Mellersta Norrland,211.7115,9165.0,SE,Jämtkraft Arena,21.17115
"10.211389, -83.789722",Estadio Ebal Rodríguez,,,63.525,3300.0,,Estadio Ebal Rodríguez,6.3525
"43.52494225, 5.46193107",Georges-Carcassonne Stadium,France,Provence-Alpes-Côte d’Azur,71.225,3700.0,FR,Georges-Carcassonne Stadium,7.1225
"14.332069444, -89.449002777","Estadio Jorge ""Calero"" Suárez",,,184.8,8000.0,,"Estadio Jorge ""Calero"" Suárez",18.48
"9.368611111, -83.704444444",Estadio Municipal de Pérez Zeledón,,,62.73575,3259.0,,Estadio Municipal de Pérez Zeledón,6.273575
"9.368786, -83.704653",Estadio Municipal de Pérez Zeledón,,,62.73575,3259.0,,Estadio Municipal de Pérez Zeledón,6.273575
"47.27166667, 39.72777778",SKA SKVO Stadium,,,46.2385,2402.0,,SKA SKVO Stadium,4.62385
"36.862, -2.44529",Estadio Municipal Juan Rojas,Spain,Andalucía,311.1108,13468.0,ES,Estadio Municipal Juan Rojas,31.11108
"43.875727, 11.109559",Stadio Lungobisenzio,Italy,Toscana,155.925,6750.0,IT,Stadio Lungobisenzio,15.5925
"45.205, 9.152778",Stadio Pietro Fortunati,Italy,Lombardia,96.23075,4999.0,IT,Stadio Pietro Fortunati,9.623075
"43.847778, 10.517222",Stadio Porta Elisa,Italy,Toscana,170.6166,7386.0,IT,Stadio Porta Elisa,17.06166
"43.573889, 11.526667",Stadio Virgilio Fedini,Italy,Toscana,65.0265,3378.0,IT,Stadio Virgilio Fedini,6.50265
"42.0258, 13.4233",Stadio dei Marsi-Sandro Cimarra,Italy,Abruzzo,71.071,3692.0,IT,Stadio dei Marsi-Sandro Cimarra,7.1071
"44.960169, 24.940641",Stadionul Dacia,Romania,Sud-Muntenia,231,10000.0,RO,Stadionul Dacia,23.1
"-23.630117, -46.559875",Estádio Anacleto Campanella,,,489.92944,16744.0,,Estádio Anacleto Campanella,48.992944
"62.245018, -6.814399",Fuglafjørdur Stadium,,,57.75,3000.0,,Fuglafjørdur Stadium,5.775
"35.11724, 36.76216",Hama Municipal Stadium,,,585.2,20000.0,,Hama Municipal Stadium,58.52
"37.4043, -1.59004",Estadio El Rubial,Spain,Región de Murcia,77,4000.0,ES,Estadio El Rubial,7.7
"40.483, -3.34722",Municipal Stadium,Spain,Comunidad de Madrid,57.75,3000.0,ES,Municipal Stadium,5.775
"46.549722, 24.545833",Stadionul Trans-Sil,Romania,Centru,189.42,8200.0,RO,Stadionul Trans-Sil,18.942
"59.42083333, 10.67138889",Melløs Stadion,Norway,Oslo og Viken,217.371,9410.0,NO,Melløs Stadion,21.7371
"41.447174868, -8.169105754",Parque Municipal dos Desportos de Fafe,Portugal,Norte,77,4000.0,PT,Parque Municipal dos Desportos de Fafe,7.7
"65.019694444, 25.465805555",Raatti Stadium,Finland,Pohjois- ja Itä-Suomi,84.546,4392.0,FI,Raatti Stadium,8.4546
"48.07493, 16.5914",Richard-Gebert-Sportanlage,Austria,Niederösterreich,0,,AT,Richard-Gebert-Sportanlage,0
"12.2481, -2.36667",Stade Balibiè,,,877.8,30000.0,,Stade Balibiè,87.78
"9.5509, 1.1906",Stade Municipal,,,173.25,7500.0,,Stade Municipal,17.325
"9.551, 1.19057",Stade Municipal,,,173.25,7500.0,,Stade Municipal,17.325
"14.7105, -17.458",Stade de Diaraf,,,0,,,Stade de Diaraf,0
"12.304167, -1.527778",Stade de la SONABEL,,,115.5,5000.0,,Stade de la SONABEL,11.55
"44.46418, 26.33276",Stadionul Cătălin Hîldan,Romania,Bucureşti-Ilfov,48.125,2500.0,RO,Stadionul Cătălin Hîldan,4.8125
"44.3247, 28.6186",Stadionul Flacăra,Romania,Sud-Est,0,,RO,Stadionul Flacăra,0
"44.324868, 28.618544",Stadionul Flacăra,Romania,Sud-Est,0,,RO,Stadionul Flacăra,0
"44.4575, 26.1025",Stadionul Florea Dumitrache,Romania,Bucureşti-Ilfov,28.875,1500.0,RO,Stadionul Florea Dumitrache,2.8875
"37.9586, 23.7693",Vyronas National Stadium,Greece,Attica,83.545,4340.0,Greece,Vyronas National Stadium,8.3545
"36.58035278, 138.1675556",Minami Nagano Sports Park Stadium,,,453.26666,15491.0,,Minami Nagano Sports Park Stadium,45.326666
"41.103388888, 28.991",Rams Park,,,2027.102,52652.0,,Rams Park,202.7102
"37.434984, 126.690699",Incheon Munhak Sports Complex,,,1934.856,50256.0,,Incheon Munhak Sports Complex,193.4856
"37.434984, 126.690699",Incheon Munhak Sports Complex,,,1928.53584,52179.0,,Incheon Munhak Sports Complex,192.853584
"50.068611, 8.645278",Waldstadion,Germany,Darmstadt,1982.75,51500.0,DE,Waldstadion,198.275
"-29.829, 31.0303",Moses Mabhida Stadium,,,2416.26,62760.0,,Moses Mabhida Stadium,241.626
"37.56823, 126.897243",Seoul World Cup Stadium,,,2568.104,66704.0,,Seoul World Cup Stadium,256.8104
"37.56823, 126.897243",Seoul World Cup Stadium,,,2572.031,66806.0,,Seoul World Cup Stadium,257.2031
"53.225974, 63.636578",Kostanay Central Stadium,,,192.2613,8323.0,,Kostanay Central Stadium,19.22613
"48.84145, 2.25305",Parc des Princes,France,Ile-de-France,1845.305,47930.0,FR,Parc des Princes,184.5305
"46.744817, 7.606075",Stockhorn Arena,Switzerland,Espace Mittelland,231,10000.0,CH,Stockhorn Arena,23.1
"19.303055555, -99.150555555",Estadio Banorte,,,5755.75,115000.0,,Estadio Banorte,575.575
"53.55527778, 9.91138889",Adolf-Jäger-Kampfbahn,Germany,Hamburg,184.8,8000.0,DE,Adolf-Jäger-Kampfbahn,18.48
"67.2775, 14.384166666",Aspmyra Stadion,,,169.8774,7354.0,,Aspmyra Stadion,16.98774
"48.373333, 17.591667",Štadión Antona Malatinského,Slovakia,Západné Slovensko,561.792,19200.0,SK,Štadión Antona Malatinského,56.1792
"33.246212, 126.509361",Jeju World Cup Stadium,,,1626.856,42256.0,,Jeju World Cup Stadium,162.6856
"35.190103, 129.058361",Busan Asiad Main Stadium,,,2073.764,53864.0,,Busan Asiad Main Stadium,207.3764
"36.365229, 127.325056",Daejeon World Cup Stadium,,,1623.776,42176.0,,Daejeon World Cup Stadium,162.3776
"37.676422, 126.743056",Goyang Stadium,,,1590.4735,41311.0,,Goyang Stadium,159.04735
"37.6617, 128.6806",Alpensia Ski Jumping Stadium,,,254.1,11000.0,,Alpensia Ski Jumping Stadium,25.41
"34.93312, 127.727478",Gwangyang Football Stadium,,,311.7576,13496.0,,Gwangyang Football Stadium,31.17576
"37.466131, 126.643035",Incheon Football Stadium,,,611.27066,20891.0,,Incheon Football Stadium,61.127066
"37.286421, 127.036855",Suwon World Cup Stadium,,,1692.4215,43959.0,,Suwon World Cup Stadium,169.24215
"37.410166, 127.121273",Tancheon Sports Complex,,,475.475,16250.0,,Tancheon Sports Complex,47.5475
"52.343419, 4.854192",Olympic Stadium in Amsterdam,Netherlands,Noord-Holland,652.14688,22288.0,NL,Olympic Stadium in Amsterdam,65.214688
"50.461957, 3.963822",Stade Charles Tondreau,Belgium,Prov. Hainaut,184.8,8000.0,BE,Stade Charles Tondreau,18.48
"46.6335, 27.733319",Stadionul Municipal,Romania,Nord-Est,213.444,9240.0,RO,Stadionul Municipal,21.3444
"39.940094, 32.845681",Ankara 19 Mayıs Stadium,TR,Ankara,562.34794,19219.0,TR,Ankara 19 Mayıs Stadium,56.234794
"35.868071, 127.06448",Jeonju World Cup Stadium,,,1635.3645,42477.0,,Jeonju World Cup Stadium,163.53645
"45.427761, 12.363731",Stadio Pierluigi Penzo,Italy,Veneto,242.55,10500.0,IT,Stadio Pierluigi Penzo,24.255
"59.36347, 28.18465",Narva Kreenholmi Stadium,,,20.50125,1065.0,,Narva Kreenholmi Stadium,2.050125
"35.724417, 51.275528",Azadi Stadium,,,4204.2,84000.0,,Azadi Stadium,420.42
"35.724417, 51.275528",Azadi Stadium,,,4224.8206,84412.0,,Azadi Stadium,422.48206
"48.207778, 13.478333",Keine Sorgen Arena,Austria,Oberösterreich,177.408,7680.0,AT,Keine Sorgen Arena,17.7408
"10.661522, -61.533033",Hasely Crawford Stadium,,,790.02,27000.0,,Hasely Crawford Stadium,79.002
"38.991547222, 125.743525",Yanggakdo Stadium,,,877.8,30000.0,,Yanggakdo Stadium,87.78
"-34.8845, -56.159",Estadio Gran Parque Central,,,994.84,34000.0,,Estadio Gran Parque Central,99.484
"50.9939, 7.11969",BELKAW-Arena,Germany,Köln,242.55,10500.0,DE,BELKAW-Arena,24.255
"49.857778, 8.672222",Stadion am Böllenfalltor,Germany,Darmstadt,555.94,19000.0,DE,Stadion am Böllenfalltor,55.594
"54.990633, -7.336",Brandywell Stadium,,,145.53,6300.0,,Brandywell Stadium,14.553
"50.0697, 8.25719",Helmut-Schön-Sportpark,Germany,Darmstadt,254.1,11000.0,DE,Helmut-Schön-Sportpark,25.41
"48.76762, 2.45944",Stade Dominique Duvauchelle,France,Ile-de-France,280.665,12150.0,FR,Stade Dominique Duvauchelle,28.0665
"60.983056, 25.634167",Lahti Stadium,Finland,Etelä-Suomi,172.4415,7465.0,FI,Lahti Stadium,17.24415
"54.668611, 25.294444",LFF Stadium,Lithuania,Sostinės regionas,117.0477,5067.0,LT,LFF Stadium,11.70477
"54.668611, 25.294444",LFF Stadium,Lithuania,Sostinės regionas,117.0477,5067.0,LT,LFF Stadium,11.70477
"43.86414444, 125.33686111",Changchun City Stadium,,,1111.88,38000.0,,Changchun City Stadium,111.188
"38.919722, 16.587778",Stadio Nicola Ceravolo,Italy,Calabria,338.415,14650.0,IT,Stadio Nicola Ceravolo,33.8415
"37.94303333, 23.709225",Nea Smyrni Stadium,Greece,Attica,256.7565,11115.0,Greece,Nea Smyrni Stadium,25.67565
"51.8336, 8.32201",Jahnstadion,Germany,Detmold,115.5,5000.0,DE,Jahnstadion,11.55
"-25.421111, -49.2595",Estádio Couto Pereira,,,1020.35472,34872.0,,Estádio Couto Pereira,102.035472
"41.926944, 12.472222",Stadio Flaminio,,,730.70998,24973.0,,Stadio Flaminio,73.070998
"52.5511, 13.3927",NNW-Platz,Germany,Berlin,48.125,2500.0,DE,NNW-Platz,4.8125
"54.3099, 13.0964",Q1387008,Germany,Mecklenburg-Vorpommern,295.68,12800.0,DE,Q1387008,29.568
"41.279994, 67.212614",MHSK Stadium,,,468.16,16000.0,,MHSK Stadium,46.816
"47.90214444, 106.91625",National Sports Stadium,,,585.2,20000.0,,National Sports Stadium,58.52
"47.902211, 106.916236",National Sports Stadium,,,585.2,20000.0,,National Sports Stadium,58.52
"38.4373, 27.1508",Alsancak Mustafa Denizli Stadium,TR,İzmir,449.37508,15358.0,TR,Alsancak Mustafa Denizli Stadium,44.937508
"38.4373, 27.1508",Alsancak Mustafa Denizli Stadium,TR,İzmir,449.37508,15358.0,TR,Alsancak Mustafa Denizli Stadium,44.937508
"53.587222, 9.969722",Stadion Hoheluft,Germany,Hamburg,1082.62,37000.0,DE,Stadion Hoheluft,108.262
"51.526, 6.91897",Jahnstadion,Germany,Münster,29.70275,1543.0,DE,Jahnstadion,2.970275
"64.075833, -21.938611",Kaplakriki,Iceland,Ísland,138.6,6000.0,IS,Kaplakriki,13.86
"48.56516, -3.16552",Stade de Roudourou,France,Bretagne,533.995,18250.0,FR,Stade de Roudourou,53.3995
"55.57722222, 38.22694444",Saturn Stadium,,,482.79,16500.0,,Saturn Stadium,48.279
"55.7822, -4.0585",New Douglas Park,,,140.4018,6078.0,,New Douglas Park,14.04018
"48.30616, 4.0982",Stade de l'Aube,France,Champagne-Ardenne,596.904,20400.0,FR,Stade de l'Aube,59.6904
"52.4192, 9.79369",Oststadtstadion,Germany,Hannover,184.8,8000.0,DE,Oststadtstadion,18.48
"45.029722, 9.689722",Stadio Leonardo Garilli,Italy,Emilia-Romagna,298.3134,12914.0,IT,Stadio Leonardo Garilli,29.83134
"-18.9197, 47.5262",Mahamasina Municipal Stadium,,,643.72,22000.0,,Mahamasina Municipal Stadium,64.372
"36.502778, -6.273056",Estadio Nuevo Mirandilla,,,760.76,26000.0,,Estadio Nuevo Mirandilla,76.076
"50.7859, 7.86242",Q2326049,Germany,Koblenz,150.15,6500.0,DE,Q2326049,15.015
"43.836881, 125.390597",Development Area Stadium,,,731.5,25000.0,,Development Area Stadium,73.15
"59.29138889, 18.08527778",3Arena,Sweden,Stockholm,877.82926,30001.0,SE,3Arena,87.782926
"37.151517, 127.317863",Yongin Football Center,,,0,,,Yongin Football Center,0
"32.783111111, 34.965166666",Sammy Ofer Stadium,,,905.597,30950.0,,Sammy Ofer Stadium,90.5597
"49.485833333, 5.976944444",Stade de la Frontière,France,Lorraine,77,4000.0,FR,Stade de la Frontière,7.7
"45.804722, 15.960833",Stadion Kranjčevićeva,Croatia,Grad Zagreb,204.435,8850.0,HR,Stadion Kranjčevićeva,20.4435
"10.993889, -74.806944",Estadio Romelio Martínez,,,254.1,11000.0,,Estadio Romelio Martínez,25.41
"49.1808011, 6.9042224",Schlossberg Stadium,France,Lorraine,124.74,5400.0,FR,Schlossberg Stadium,12.474
"12.968866, 77.611585",Bengaluru Football Stadium,,,438.9,15000.0,,Bengaluru Football Stadium,43.89
"62.1941, -7.0431",Við Margáir,,,19.25,1000.0,,Við Margáir,1.925
"62.1941, -7.0431",Við Margáir,,,19.635,1500.0,,Við Margáir,1.9635
"37.405397, 126.946446",Anyang Sports Complex,,,501.60418,17143.0,,Anyang Sports Complex,50.160418
"35.116543, 129.014543",Busan Gudeok Stadium,,,712.86138,24363.0,,Busan Gudeok Stadium,71.286138
"37.855952, 127.690945",Chuncheon Songam Sports Town,,,585.2,20000.0,,Chuncheon Songam Sports Town,58.52
"55.780425, -4.057311",Douglas Park,,,0,,,Douglas Park,0
"22.401764, -97.910718",Estadio Altamira,,,311.85,13500.0,,Estadio Altamira,31.185
"-22.795278, -43.419722",Estádio Giulite Coutinho,,,468.16,16000.0,,Estádio Giulite Coutinho,46.816
"37.773561, 128.897503",Gangneung Stadium,,,0,,,Gangneung Stadium,0
"35.255573, 128.877118",Gimhae Stadium,,,0,,,Gimhae Stadium,0
"56.7139, -2.45908",Links Park,,,63.371,3292.0,,Links Park,6.3371
"-5.82562, -35.2138",Machadão,,,1732.5,45000.0,,Machadão,173.25
"-19.25006294, 17.69690514",Oscar Norich Stadium,,,0,,,Oscar Norich Stadium,0
"36.432297, 128.161579",Sangju Civic Stadium,,,440.12892,15042.0,,Sangju Civic Stadium,44.012892
"63.1106, 7.7219",Q11976878,,,0,,,Q11976878,0
"36.821386, 127.146401",Cheonan Football Center,,,453.53,15500.0,,Cheonan Football Center,45.353
"52.41942978, 12.5528698",Q19311511,Germany,Brandenburg,115.5,5000.0,DE,Q19311511,11.55
"24.72930556, 46.62369444",KSU Stadium,,,731.5,25000.0,,KSU Stadium,73.15
"38.447, 27.2622",Bornova Stadium,TR,İzmir,0,,TR,Bornova Stadium,0
"40.42505, 22.93612","Stadium of Epanomi ""Nikos Sarafis""",Greece,Central Macedonia,25.025,1300.0,Greece,"Stadium of Epanomi ""Nikos Sarafis""",2.5025
"35.923888888, 14.475277777",Luxol Stadium,Malta,Malta,15.4,800.0,MT,Luxol Stadium,1.54
"48.926104, 8.572616",Kleiner Arena,Germany,Karlsruhe,73.15,3800.0,DE,Kleiner Arena,7.315
"-25.775919, 28.072869",Lucas Masterpieces Moripe Stadium,,,845.614,28900.0,,Lucas Masterpieces Moripe Stadium,84.5614
"41.378089, -8.354761",Parque de Jogos Comendador Joaquim de Almeida Freitas,Portugal,Norte,142.065,6150.0,PT,Parque de Jogos Comendador Joaquim de Almeida Freitas,14.2065
"32.100278, 34.824167",Ramat Gan Stadium,,,308.847,13370.0,,Ramat Gan Stadium,30.8847
"47.69171, 16.583691",Káposztás Street Stadium,Hungary,Nyugat-Dunántúl,0,,HU,Káposztás Street Stadium,0
"46.391531, 16.422307",Stadion SRC Mladost,Croatia,Sjeverna Hrvatska,184.8,8000.0,HR,Stadion SRC Mladost,18.48
"34.52, 69.196667",Afghanistan Football Federation Stadium,,,115.5,5000.0,,Afghanistan Football Federation Stadium,11.55
"34.52, 69.196667",Afghanistan Football Federation Stadium,,,115.5,5000.0,,Afghanistan Football Federation Stadium,11.55
"34.52, 69.196667",Afghanistan Football Federation Stadium,,,115.5,5000.0,,Afghanistan Football Federation Stadium,11.55
"3.8855, 11.540528",Stade Ahmadou Ahidjo,,,2002,52000.0,,Stade Ahmadou Ahidjo,200.2
"41.812981, 41.774458",Chele Arena,,,138.6,6000.0,,Chele Arena,13.86
"6.44247222, 3.40219444",Onikan Stadium,,,231,10000.0,,Onikan Stadium,23.1
"30.60194444, 32.27388889",Ismailia Stadium,,,688.3415,23525.0,,Ismailia Stadium,68.83415
"22.3261, 114.173",Mong Kok Stadium,,,153.9384,6664.0,,Mong Kok Stadium,15.39384
"13.7375, 100.525833",Chulalongkorn University Stadium,,,585.2,20000.0,,Chulalongkorn University Stadium,58.52
"53.361667, -6.275",Dalymount Park,Ireland,Eastern and Midland,82.775,4300.0,IE,Dalymount Park,8.2775
"53.361667, -6.275",Dalymount Park,Ireland,Eastern and Midland,85.7549,7955.0,IE,Dalymount Park,8.57549
"45.339202, 14.380959",Stadion Kantrida,Croatia,Jadranska Hrvatska,291.06,12600.0,HR,Stadion Kantrida,29.106
"35.894863888, 14.415372222",Ta' Qali National Stadium,Malta,Malta,520.74022,17797.0,MT,Ta' Qali National Stadium,52.074022
"10.021666666, -84.209166666",Estadio Alejandro Morera Soto,,,517.902,17700.0,,Estadio Alejandro Morera Soto,51.7902
"21.880653, -102.275483",Victoria Stadium,,,1024.1,35000.0,,Victoria Stadium,102.41
"55.8597, -3.95975",Excelsior Stadium,,,234.927,10170.0,,Excelsior Stadium,23.4927
"34.518611111, 69.193888888",Ghazi Stadium,,,877.8,30000.0,,Ghazi Stadium,87.78
"4.05556, 9.71861",Stade de la Réunification,,,877.8,30000.0,,Stade de la Réunification,87.78
"64.180833, -51.7325",Nuuk Stadium,,,38.5,2000.0,,Nuuk Stadium,3.85
"-22.931964, 14.528641",Kuisebmund Stadium,,,77,4000.0,,Kuisebmund Stadium,7.7
"33.959861, -6.889111",Prince Moulay Abdellah Stadium,,,2598.75,67500.0,,Prince Moulay Abdellah Stadium,259.875
"50.080428, 14.3837",Stadion Evžena Rošického,Czechia,Praha,556.87632,19032.0,CZ,Stadion Evžena Rošického,55.687632
"53.5044, 49.2669",Torpedo Stadium,,,541.31,18500.0,,Torpedo Stadium,54.131
"50.950278, 4.044444",Pierre Cornelisstadion,Belgium,Prov. Oost-Vlaanderen,145.3914,6294.0,BE,Pierre Cornelisstadion,14.53914
"45.77120129, 15.97159445",Stadion NŠC Stjepan Spajić,Croatia,Grad Zagreb,115.5,5000.0,HR,Stadion NŠC Stjepan Spajić,11.55
"54.496307, -6.714135",Stangmore Park,,,115.5,5000.0,,Stangmore Park,11.55
"37.94935, 58.37021",Köpetdag Stadium,,,760.76,26000.0,,Köpetdag Stadium,76.076
"4.932778, 6.266667",Samson Siasia Sports Stadium,,,115.5,5000.0,,Samson Siasia Sports Stadium,11.55
"43.82937, 18.36715",City Stadium SRC Slavija,BA,Federacija Bosne i Hercegovine,0,,BA,City Stadium SRC Slavija,0
"-17.8537, 31.0376",Rufaro Stadium,,,2310,60000.0,,Rufaro Stadium,231
"44.847942, 20.397972",Zemun Stadium,RS,City of Belgrade,231,10000.0,RS,Zemun Stadium,23.1
"39.768544, 64.425706",Buxoro Arena,,,746.7152,25520.0,,Buxoro Arena,74.67152
"-23.669444, -46.509167",Estádio Bruno José Daniel,,,526.68,18000.0,,Estádio Bruno José Daniel,52.668
"12.10005278, 15.05507222",Stade Omnisports Idriss Mahamat Ouya,,,585.2,20000.0,,Stade Omnisports Idriss Mahamat Ouya,58.52
"41.135955555, -8.541758333",Estádio de São Miguel,Portugal,Norte,47.1625,2450.0,PT,Estádio de São Miguel,4.71625
"6.9475, 79.8686",Sugathadasa Stadium,,,731.5,25000.0,,Sugathadasa Stadium,73.15
"44.940278, 26.033333",Stadionul Ilie Oană,Romania,Sud-Muntenia,453.53,15500.0,RO,Stadionul Ilie Oană,45.353
"-7.817041, 112.028602",Brawijaya Stadium,,,585.2,20000.0,,Brawijaya Stadium,58.52
"22.3271, 114.21",Kowloon Bay Park,,,23.1,1200.0,,Kowloon Bay Park,2.31
"40.698889, 19.964444",Tomori Stadium,AL,Jug,334.95,14500.0,AL,Tomori Stadium,33.495
"43.519038, 16.444033",Stadion Park mladeži,Croatia,Jadranska Hrvatska,78.44375,4075.0,HR,Stadion Park mladeži,7.844375
"49.646388888, 6.135277777",Stade rue Henri Dunant,Luxembourg,Luxembourg,92.9775,4830.0,LU,Stade rue Henri Dunant,9.29775
"33.8177, -6.07642",Stade du 18 novembre,,,231,10000.0,,Stade du 18 novembre,23.1
"43.53361111, 26.5275",Huvepharma Arena,Bulgaria,Severen tsentralen,207.9,9000.0,BG,Huvepharma Arena,20.79
"43.56511389, 39.75264722",Sochi Central Stadium,,,235.62,10200.0,,Sochi Central Stadium,23.562
"53.3764, -1.53122",Sandygate Road,,,13.475,700.0,,Sandygate Road,1.3475
"43.940833, 10.914722",Stadio Marcello Melani,Italy,Toscana,304.8045,13195.0,IT,Stadio Marcello Melani,30.48045
"53.310277777, -6.228055555",UCD Bowl,Ireland,Eastern and Midland,57.75,3000.0,IE,UCD Bowl,5.775
"24.34986, 54.68571",Baniyas Stadium,,,221.067,9570.0,,Baniyas Stadium,22.1067
"40.935425, 19.70964444",Abdurrahman Roza Haxhiu Stadium,AL,Jug,0,,AL,Abdurrahman Roza Haxhiu Stadium,0
"53.336028, 83.793358",Dynamo Stadium,,,468.16,16000.0,,Dynamo Stadium,46.816
"53.244986, 34.359617",Dynamo Stadium,,,233.31,10100.0,,Dynamo Stadium,23.331
"59.967643, 30.265454",Dinamo Stadium,,,9.625,500.0,,Dinamo Stadium,0.9625
"45.0424, 41.97",Dynamo Stadium,,,456.13414,15589.0,,Dynamo Stadium,45.613414
"3.564722, 98.695556",Teladan Stadium,,,585.2,20000.0,,Teladan Stadium,58.52
"53.140278, 29.217222",Spartak Stadium,,,71.225,3700.0,,Spartak Stadium,7.1225
"47.7483, 26.6519",Stadionul Municipal,Romania,Nord-Est,277.2,12000.0,RO,Stadionul Municipal,27.72
"18.378, -67.197",Aguada Stadium,,,77,4000.0,,Aguada Stadium,7.7
"57.6518, -3.32092",Borough Briggs,,,87.01,4520.0,,Borough Briggs,8.701
"55.863475, -3.97804722",Broomfield Park,,,291.522,12620.0,,Broomfield Park,29.1522
"42.905, 21.19472222",City Stadium,XK,Kosovo,38.5,2000.0,XK,City Stadium,3.85
"1.862765, 9.761439",Estadio La Libertad,,,77,4000.0,,Estadio La Libertad,7.7
"9.035267, -69.765814",Estadio Rafael Calles Pinto,,,300.3,13000.0,,Estadio Rafael Calles Pinto,30.03
"20.6345971, -87.0694745",Estadio Unidad Deportiva,,,0,,,Estadio Unidad Deportiva,0
"-12.59361111, 13.39",Estádio Municipal de Benguela,,,138.6,6000.0,,Estádio Municipal de Benguela,13.86
"-25.521661, -49.231036",Estádio Vila Olímpica,,,184.8,8000.0,,Estádio Vila Olímpica,18.48
"17.9527, -76.9028",Ferdi Neita Sports Complex,,,57.75,3000.0,,Ferdi Neita Sports Complex,5.775
"-17.44444444, 177.86194444",Garvey Park,,,0,,,Garvey Park,0
"45.478369, 16.377332",Gradski stadion,Croatia,Panonska Hrvatska,184.8,8000.0,HR,Gradski stadion,18.48
"19.231895, -103.73753",Estadio Colima,,,115.5,5000.0,,Estadio Colima,11.55
"41.51211111, 19.78672778",Kastrioti Stadium,AL,Veri,231,10000.0,AL,Kastrioti Stadium,23.1
"6.208611, -1.677222",Len Clay Stadium,,,585.2,20000.0,,Len Clay Stadium,58.52
"33.874722222, 35.491944444",Safa Stadium,,,77,4000.0,,Safa Stadium,7.7
"35.129167, 33.083889",Peristerona Stadium,Cyprus,Kýpros,67.375,3500.0,CY,Peristerona Stadium,6.7375
"50.804181, 0.320767",Priory Lane,,,79.5795,4134.0,,Priory Lane,7.95795
"41.57361111, 23.28361111",Sandanski Stadium,Bulgaria,Yugozapaden,0,,BG,Sandanski Stadium,0
"42.438361, 19.271556",Stadion Cvijetni Brijeg,ME,Crna Gora,28.875,1500.0,ME,Stadion Cvijetni Brijeg,2.8875
"45.420722, 28.023681",Nicolae Rainea Stadium,Romania,Sud-Est,672.98,23000.0,RO,Nicolae Rainea Stadium,67.298
"45.7704, 21.25426",Stadionul UMT,Romania,Vest,231,10000.0,RO,Stadionul UMT,23.1
"41.4375, 22.7689",Stadium Bogovinje,MK,Severna Makedonija,0,,MK,Stadium Bogovinje,0
"14.5636, 121.057",University of Makati Stadium,,,77,4000.0,,University of Makati Stadium,7.7
"34.88146944, 138.2327639",Fujieda Soccer Stadium,,,300.3,13000.0,,Fujieda Soccer Stadium,30.03
"18.574745, 73.760984",Shree Shiv Chhatrapati Sports Complex,,,643.72,22000.0,,Shree Shiv Chhatrapati Sports Complex,64.372
"45.684028, 18.409194",Q12631746,Croatia,Panonska Hrvatska,0,,HR,Q12631746,0
"12.233759, 102.524949",Trat Province Stadium,,,0,,,Trat Province Stadium,0
"13.884131, 100.57698",TOT Stadium Chaeng Watthana,,,115.5,5000.0,,TOT Stadium Chaeng Watthana,11.55
"12.7678, 101.166",PTT Stadium,,,585.2,20000.0,,PTT Stadium,58.52
"38.7881, -9.37472",Campo Conde Sucena,Portugal,Grande Lisboa,19.25,1000.0,PT,Campo Conde Sucena,1.925
"-15.3695, 28.2726",National Heroes Stadium,,,2310,60000.0,,National Heroes Stadium,231
"53.306666666, 26.5075",Gorodeya Stadium,,,31.28125,1625.0,,Gorodeya Stadium,3.128125
"41.151667, 24.13625",Doxa Drama Stadium,Greece,"Anatoliki Makedonia, Thraki",231,10000.0,Greece,Doxa Drama Stadium,23.1
"46.692344444, 19.217322222",Stadler Stadion,Hungary,Dél-Alföld,614.46,21000.0,HU,Stadler Stadion,61.446
"11.18194444, -4.29694444",Stade Wobi Bobo-Dioulasso,,,0,,,Stade Wobi Bobo-Dioulasso,0
"52.53, 13.359444",Poststadion,Germany,Berlin,231,10000.0,DE,Poststadion,23.1
"42.111213, 43.02568",David Abashidze Stadium,,,87.7415,4558.0,,David Abashidze Stadium,8.77415
"51.211944, 51.350833",Petr Atoyan Stadium,,,192.192,8320.0,,Petr Atoyan Stadium,19.2192
"6.682681, -1.605111",Baba Yara Stadium,,,1540,40000.0,,Baba Yara Stadium,154
"48.731947, 19.131503",SNP Stadium,Slovakia,Stredné Slovensko,231,10000.0,SK,SNP Stadium,23.1
"23.137656, 113.403519",Guangdong Olympic Center,,,4004.6006,80012.0,,Guangdong Olympic Center,400.46006
"52.399083, 13.094806",Karl-Liebknecht-Stadion,Germany,Brandenburg,249.1797,10787.0,DE,Karl-Liebknecht-Stadion,24.91797
"28.118125, -15.438525",Estadio Pepe Gonçalvez,Spain,Canarias,57.75,3000.0,ES,Estadio Pepe Gonçalvez,5.775
"25.049444, 121.551111",Taipei Municipal Stadium,,,585.2,20000.0,,Taipei Municipal Stadium,58.52
"31.1835, 121.437278",Shanghai Stadium,,,4004,80000.0,,Shanghai Stadium,400.4
"47.356997, 8.264067",Stadion Niedermatten,Switzerland,Nordwestschweiz,71.8795,3734.0,CH,Stadion Niedermatten,7.18795
"40.0115, 32.5024",Osmanlı Stadyumu,TR,Ankara,574.25676,19626.0,TR,Osmanlı Stadyumu,57.425676
"41.739037, 123.457484",Shenyang Olympic Sports Center Stadium,,,2310,60000.0,,Shenyang Olympic Sports Center Stadium,231
"51.239083, 7.105083",Stadion am Zoo,Germany,Düsseldorf,674.94042,23067.0,DE,Stadion am Zoo,67.494042
"36.745633, 3.078511",Stade 20 Août 1955,,,438.9,15000.0,,Stade 20 Août 1955,43.89
"54.668611, 25.294444",LFF Stadium,Lithuania,Sostinės regionas,117.0477,5067.0,LT,LFF Stadium,11.70477
"46.68611111, 21.105",Stadion Kórház utcai,Hungary,Dél-Alföld,240.9792,10432.0,HU,Stadion Kórház utcai,24.09792
"37.350556, -121.936667",Stevens Stadium,,,265.65,11500.0,,Stevens Stadium,26.565
"29.528723, 106.502109",Chongqing Olympic Sports Center,,,2259.18,58680.0,,Chongqing Olympic Sports Center,225.918
"56.95516667, 24.15886111",Daugava Stadium,Latvia,Latvija,241.6491,10461.0,LV,Daugava Stadium,24.16491
"30.502313, 114.166253",Wuhan Sports Center,,,2092.7445,54357.0,,Wuhan Sports Center,209.27445
"48.0561, 8.42972",Q1279928,Germany,Freiburg,277.2,12000.0,DE,Q1279928,27.72
"-12.068542, -77.022886",Alejandro Villanueva Stadium,,,993.02588,33938.0,,Alejandro Villanueva Stadium,99.302588
"38.981117, -1.852142",Estadio Carlos Belmonte,Spain,Castilla-La Mancha,512.75224,17524.0,ES,Estadio Carlos Belmonte,51.275224
"44.313889, 23.784167",Stadionul Ion Oblemenco,Romania,Sud-Vest Oltenia,905.42144,30944.0,RO,Stadionul Ion Oblemenco,90.542144
"49.7352, 7.29491",Stadion Im Haag,Germany,Koblenz,77,4000.0,DE,Stadion Im Haag,7.7
"61.231983, 7.085238",Fosshaugane Campus,Norway,Vestlandet,127.5813,5523.0,NO,Fosshaugane Campus,12.75813
"49.8528, 7.86944",Q1457827,Germany,Koblenz,231,10000.0,DE,Q1457827,23.1
"48.2265, 9.89111",Q1558198,Germany,Tübingen,77,4000.0,DE,Q1558198,7.7
"-1.303611, 36.824167",Nyayo National Stadium,,,877.8,30000.0,,Nyayo National Stadium,87.78
"51.64338889, 7.25244444",Stimbergstadion,Germany,Münster,332.178,14380.0,DE,Stimbergstadion,33.2178
"39.982222, 116.393056",National Olympic Sports Centre Stadium,,,1540,40000.0,,National Olympic Sports Centre Stadium,154
"48.3149, 12.2759",Q1758537,Germany,Oberbayern,48.125,2500.0,DE,Q1758537,4.8125
"21.029722, 105.833056",Hàng Đẫy Stadium,,,643.72,22000.0,,Hàng Đẫy Stadium,64.372
"21.029722, 105.833056",Hàng Đẫy Stadium,,,643.72,22000.0,,Hàng Đẫy Stadium,64.372
"47.9794, 10.1661",Fußballarena Memmingen,Germany,Schwaben,117.81,5100.0,DE,Fußballarena Memmingen,11.781
"50.527055555, 30.5075",Obolon Arena,,,117.8793,5103.0,,Obolon Arena,11.78793
"50.855, 4.310556",Edmond Machtens Stadium,Belgium,Région de Bruxelles-Capitale/ Brussels Hoofdstedelijk Gewest,254.1,11000.0,BE,Edmond Machtens Stadium,25.41
"50.7481, 7.0845",Sportpark Nord,Germany,Köln,234.7884,10164.0,DE,Sportpark Nord,23.47884
"52.4393, 13.324",Stadion Lichterfelde,Germany,Berlin,82.775,4300.0,DE,Stadion Lichterfelde,8.2775
"54.1897, 9.08722",Q2326132,Germany,Schleswig-Holstein,254.1,11000.0,DE,Q2326132,25.41
"51.3289, 7.01857",Stadion Sonnenblume,Germany,Düsseldorf,90.5135,4702.0,DE,Stadion Sonnenblume,9.05135
"41.576133, 2.011142",Estadi Olímpic de Terrassa,Spain,Cataluña,265.65,11500.0,ES,Estadi Olímpic de Terrassa,26.565
"41.486389, -5.748056",Estadio Ruta de la Plata,Spain,Castilla y León,180.4803,7813.0,ES,Estadio Ruta de la Plata,18.04803
"40.149373, 44.476449",Mika Stadium,,,161.7,7000.0,,Mika Stadium,16.17
"53.688888888, 23.820833333",Neman Stadium,,,195.8649,8479.0,,Neman Stadium,19.58649
"39.932023, 32.872146",Cebeci İnönü Stadium,TR,Ankara,438.9,15000.0,TR,Cebeci İnönü Stadium,43.89
"65.686083, -18.095211",Akureyrarvöllur,Iceland,Ísland,38.5,2000.0,IS,Akureyrarvöllur,3.85
"42.83722222, 74.60083333",Dynamo Stadion,,,231,10000.0,,Dynamo Stadion,23.1
"37.351389, -121.925",PayPal Park,,,526.68,18000.0,,PayPal Park,52.668
"43.3106, -3.00972",Las Llanas Municipal Stadium,Spain,País Vasco,84.06475,4367.0,ES,Las Llanas Municipal Stadium,8.406475
"58.87845, 25.54063",Paide linnastaadion,Estonia,Eesti,5.159,268.0,EE,Paide linnastaadion,0.5159
"42.708821, 18.352743",Police City Stadium,BA,Republika Srpska,197.505,8550.0,BA,Police City Stadium,19.7505
"36.875, 10.32",Stade Abdelaziz Chtioui,,,138.6,6000.0,,Stade Abdelaziz Chtioui,13.86
"35.72848, -0.54941",Miloud Hadefi Stadium,,,1545.5055,40143.0,,Miloud Hadefi Stadium,154.55055
"43.261944, 5.376944",Stade de l'Huveaune,France,Provence-Alpes-Côte d’Azur,438.9,15000.0,FR,Stade de l'Huveaune,43.89
"12.604444, -7.921667",Stade du 26 Mars,,,1925,50000.0,,Stade du 26 Mars,192.5
"48.57922, 7.78004",Stadium Emile-Stahl,France,Alsace,57.75,3000.0,FR,Stadium Emile-Stahl,5.775
"53.171492, -2.981519",The Airfield,,,30.8,1600.0,,The Airfield,3.08
"37.0677, 14.258",Stadio Vincenzo Presti,Italy,Sicilia,80.85,4200.0,IT,Stadio Vincenzo Presti,8.085
"41.023775, 28.87981389",Güngören M.Yahya Baş Stadium,,,175.3059,7589.0,,Güngören M.Yahya Baş Stadium,17.53059
"45.019716, 78.365103",Zhetysu Stadium,,,77,4000.0,,Zhetysu Stadium,7.7
"38.969603899, 117.074194786",Tianjin Tuanbo Football Stadium,,,887.1632,30320.0,,Tianjin Tuanbo Football Stadium,88.71632
"55.998333333, 92.884722222",Central Stadium,,,658.35,22500.0,,Central Stadium,65.835
"56.9495911, 23.6101985",Sloka,Latvia,Latvija,53.9,2800.0,LV,Sloka,5.39
"33.316641, 44.365014",Al Karkh Stadium,,,138.6,6000.0,,Al Karkh Stadium,13.86
"-12.84388889, 28.23277778",Arthur Davies Stadium,,,453.53,15500.0,,Arthur Davies Stadium,45.353
"1.32641, 103.939",Bedok Stadium,,,74.382,3864.0,,Bedok Stadium,7.4382
"13.71515, 100.559717",PAT Stadium,,,284.3148,12308.0,,PAT Stadium,28.43148
"54.6487, -3.55105",Borough Park,,,48.125,2500.0,,Borough Park,4.8125
"5.111389, -1.257778",Cape Coast Sports Stadium,,,438.9,15000.0,,Cape Coast Sports Stadium,43.89
"42.466667, 21.464444",City Stadium,XK,Kosovo,438.9,15000.0,XK,City Stadium,43.89
"-18.005, -70.253056",Estadio Jorge Basadre,,,580.811,19850.0,,Estadio Jorge Basadre,58.0811
"-3.5571145, -80.4418659",Estadio Mariscal Cáceres,,,277.2,12000.0,,Estadio Mariscal Cáceres,27.72
"-32.746944, -70.73",Estadio Municipal de San Felipe,,,277.2,12000.0,,Estadio Municipal de San Felipe,27.72
"16.8825, -24.985277777",Estádio Municipal Adérito Sena,,,115.5,5000.0,,Estádio Municipal Adérito Sena,11.55
"41.75064, -7.464985",Estádio Municipal de Chaves,Portugal,Norte,194.04,8400.0,PT,Estádio Municipal de Chaves,19.404
"18.296, -78.1499",Frome Sports Club,,,38.5,2000.0,,Frome Sports Club,3.85
"54.9938, -3.26174",Galabank,,,48.3945,2514.0,,Galabank,4.83945
"40.436111, -80.009444",Highmark Stadium,,,77,4000.0,,Highmark Stadium,7.7
"-33.4716, -70.6752",Q5847946,,,23.485,1220.0,,Q5847946,2.3485
"38.067403, 46.301515",Takhti Stadium (Tabriz),,,731.5,25000.0,,Takhti Stadium (Tabriz),73.15
"-1.292222, 36.842222",Nairobi City Stadium,,,438.9,15000.0,,Nairobi City Stadium,43.89
"-5.8972, 22.3859",Stade des Jeunes,,,231,10000.0,,Stade des Jeunes,23.1
"55.6493, 12.6016",Sundby Idrætspark,Denmark,Hovedstaden,0,,DK,Sundby Idrætspark,0
"-33.875833, 150.874167",Sydney United Sports Centre,,,277.2,12000.0,,Sydney United Sports Centre,27.72
"28.55509, 112.352064",Yiyang Stadium,,,877.8,30000.0,,Yiyang Stadium,87.78
"-23.699944444, -46.556388888",Estádio Primeiro de Maio,,,0,,,Estádio Primeiro de Maio,0
"42.276111111, 22.683055555",Osogovo Stadium,Bulgaria,Yugozapaden,231,10000.0,BG,Osogovo Stadium,23.1
"-10.006633, 14.905107",Estádio Municipal de Calulo,,,231,10000.0,,Estádio Municipal de Calulo,23.1
"53.7647, -2.3594",Thorneyholme Road,,,0,,,Thorneyholme Road,0
"42.888888888, 129.414388888",Yanji Nationwide Fitness Centre Stadium,,,0,,,Yanji Nationwide Fitness Centre Stadium,0
"50.2064, 15.8454",Malšovická aréna,Czechia,Severovýchod,214.83,9300.0,CZ,Malšovická aréna,21.483
"47.65178, -2.76104",Stade de la Rabine,France,Bretagne,219.45,9500.0,FR,Stade de la Rabine,21.945
"-34.861111111, -56.204166666",Estadio Viera,,,254.1,11000.0,,Estadio Viera,25.41
"4.645888888, -74.0775",Estadio El Campín,,,1063.39618,36343.0,,Estadio El Campín,106.339618
"41.074472222, 28.765702777",Atatürk Olympic Stadium,TR,İstanbul,4033.87985,80597.0,TR,Atatürk Olympic Stadium,403.387985
"38.435, 27.178055555",İzmir Atatürk Stadium,TR,İzmir,2695,70000.0,TR,İzmir Atatürk Stadium,269.5
"-34.836633, -56.216569",Estadio Osvaldo Roberto,,,196.35,8500.0,,Estadio Osvaldo Roberto,19.635
"60.18689398, 24.92606242",Helsinki Olympic Stadium,Finland,Helsinki-Uusimaa,1619.387,42062.0,FI,Helsinki Olympic Stadium,161.9387
"-9.436667, 159.971389",Lawson Tama Stadium,,,231,10000.0,,Lawson Tama Stadium,23.1
"-9.436667, 159.971389",Lawson Tama Stadium,,,231,25000.0,,Lawson Tama Stadium,23.1
"5.551388888, -0.191944444",Accra Sports Stadium,,,1540,40000.0,,Accra Sports Stadium,154
"5.5516, -0.19184",Accra Sports Stadium,,,1540,40000.0,,Accra Sports Stadium,154
"9.013306, 38.756417",Addis Ababa Stadium,,,1024.1,35000.0,,Addis Ababa Stadium,102.41
"59.746949, 10.014616",Mjøndalen Stadion,Norway,Oslo og Viken,40.425,2100.0,NO,Mjøndalen Stadion,4.0425
"50.626389, 6.045833",Kehrweg Stadion,Belgium,Prov. Liège,184.8,8000.0,BE,Kehrweg Stadion,18.48
"47.574892, 19.08465",Ferenc Szusza Stadium,Hungary,Budapest,311.8731,13501.0,HU,Ferenc Szusza Stadium,31.18731
"45.8881692, 13.8944436",Ajdovščina Football Stadium,Slovenia,Zahodna Slovenija,57.75,3000.0,SI,Ajdovščina Football Stadium,5.775
"7.74166667, 8.51805556",Aper Aku Stadium,,,438.9,15000.0,,Aper Aku Stadium,43.89
"42.606667, 23.023333",Minyor Stadium,Bulgaria,Yugozapaden,115.5,5000.0,BG,Minyor Stadium,11.55
"42.953333, 12.691667",Stadio Enzo Blasone,Italy,Umbria,130.515,5650.0,IT,Stadio Enzo Blasone,13.0515
"5.483889, 7.043889",Dan Anyiam Stadium,,,231,10000.0,,Dan Anyiam Stadium,23.1
"22.568889, 88.409167",Salt Lake Stadium,,,2618,68000.0,,Salt Lake Stadium,261.8
"16.783861, 96.160725",Bogyoke Aung San Stadium,,,1540,40000.0,,Bogyoke Aung San Stadium,154
"48.4165, 6.82942",Q925932,France,Lorraine,77,4000.0,FR,Q925932,7.7
"10.303371, -61.441673",Manny Ramjohn Stadium,,,231,10000.0,,Manny Ramjohn Stadium,23.1
"49.411106407, 1.070777714",Stade Robert Diochon,France,Haute-Normandie,277.6158,12018.0,FR,Stade Robert Diochon,27.76158
"48.00892, -4.09923",Stade de Penvillers,France,Bretagne,179.2098,7758.0,FR,Stade de Penvillers,17.92098
"50.06744167, 12.37652778",Q1265230,Czechia,Severozápad,438.9,15000.0,CZ,Q1265230,43.89
"11.181436, -60.716905",Dwight Yorke Stadium,,,173.25,7500.0,,Dwight Yorke Stadium,17.325
"19.718742, -101.233622",Morelos Stadium,,,1049.52694,35869.0,,Morelos Stadium,104.952694
"15.28972222, 73.9625",Fatorda Stadium,,,555.94,19000.0,,Fatorda Stadium,55.594
"60.341544, 5.268447",Varden Amfi,Norway,Vestlandet,67.375,3500.0,NO,Varden Amfi,6.7375
"53.72416667, -7.85361111",Flancare Park,Ireland,Eastern and Midland,158.235,6850.0,IE,Flancare Park,15.8235
"59.35944444, 17.99361111",Skytteholms IP,Sweden,Stockholm,77,4000.0,SE,Skytteholms IP,7.7
"58.374672, 24.503461",Pärnu Rannastaadion,Estonia,Eesti,28.89425,1501.0,EE,Pärnu Rannastaadion,2.889425
"51.446091666, 7.360266666",Wullen Stadium,Germany,Arnsberg,277.2,12000.0,DE,Wullen Stadium,27.72
"31.706667, -7.980556",Marrakesh Stadium,,,1741.74,45240.0,,Marrakesh Stadium,174.174
"12.3603768, -1.5290332",Stade Municipal,,,438.9,15000.0,,Stade Municipal,43.89
"59.92701944, 10.709575",Frogner stadion,Norway,Oslo og Viken,80.85,4200.0,NO,Frogner stadion,8.085
"58.366536, 26.713728",Tamme Stadium,Estonia,Eesti,30.8,1600.0,EE,Tamme Stadium,3.08
"16.762783, -93.096369",Estadio Víctor Manuel Reyna,,,848.56926,29001.0,,Estadio Víctor Manuel Reyna,84.856926
"58.35666667, 11.95",Rimnersvallen,Sweden,Västsverige,277.2,12000.0,SE,Rimnersvallen,27.72
"52.562004, 19.684067",Kazimierz Górski Stadium,Poland,Mazowiecki regionalny,439.01704,15004.0,PL,Kazimierz Górski Stadium,43.901704
"-45.869167, 170.524444",Forsyth Barr Stadium,,,899.68648,30748.0,,Forsyth Barr Stadium,89.968648
"50.138336, 14.090143",Stadion Františka Kloze,Czechia,Střední Čechy,77,4000.0,CZ,Stadion Františka Kloze,7.7
"-8.827389, 13.255889",Estádio da Cidadela,,,1540,40000.0,,Estádio da Cidadela,154
"41.4375, 22.7689",Stadion Kukuš,MK,Severna Makedonija,0,1500.0,MK,Stadion Kukuš,0
"10.635833, -85.433333",Estadio Edgardo Baltodano Briceño,,,138.1149,5979.0,,Estadio Edgardo Baltodano Briceño,13.81149
"-31.3837, -64.1803",Juan Domingo Perón Stadium,,,951.9741,32535.0,,Juan Domingo Perón Stadium,95.19741
"34.0099, -6.84028",Stade de FUS,,,438.9,15000.0,,Stade de FUS,43.89
"9.570833, -69.210278",José Antonio Páez,,,526.68,18000.0,,José Antonio Páez,52.668
"43.398611, 23.225278",Ogosta Stadium,Bulgaria,Severozapaden,184.8,8000.0,BG,Ogosta Stadium,18.48
"42.94118118, 10.88941669",Stadio Romeo Malservisi-Mario Matteini,Italy,Toscana,38.5,2000.0,IT,Stadio Romeo Malservisi-Mario Matteini,3.85
"-25.917417, 32.526278",Estádio da Machava,,,1732.5,45000.0,,Estádio da Machava,173.25
"-19.5225, -42.626389",Louis Ensch Stadium,,,36.575,1900.0,,Louis Ensch Stadium,3.6575
"59.85, 17.644444",Studenternas IP,Sweden,Östra Mellansverige,150.15,6500.0,SE,Studenternas IP,15.015
"59.85, 17.644444",Studenternas IP,Sweden,Östra Mellansverige,150.15,6500.0,SE,Studenternas IP,15.015
"32.766389, 21.741667",Al Bayda Stadium,,,231,10000.0,,Al Bayda Stadium,23.1
"-19.478794, -44.222022",Arena do Jacaré,,,497.42,17000.0,,Arena do Jacaré,49.742
"59.718537, 10.850768",Ski Stadion,Norway,Oslo og Viken,86.779,4508.0,NO,Ski Stadion,8.6779
"-29.910398, 30.877311",Chatsworth Stadium,,,643.72,22000.0,,Chatsworth Stadium,64.372
"18.924449, 72.828734",Cooperage Ground,,,277.2,12000.0,,Cooperage Ground,27.72
"-26.226667, 27.864167",Dobsonville Stadium,,,702.24,24000.0,,Dobsonville Stadium,70.224
"15.59849, 73.816147",Duler Stadium,,,231,10000.0,,Duler Stadium,23.1
"-31.770833, -52.3325",Estádio Bento Freitas,,,526.68,18000.0,,Estádio Bento Freitas,52.668
"-23.188308, -46.859281",Estádio Jayme Cintra,,,438.9,15000.0,,Estádio Jayme Cintra,43.89
"41.38783611, -8.772575",Estádio do Varzim Sport Club,,,168.168,7280.0,,Estádio do Varzim Sport Club,16.8168
"-28.231667, 28.305",Goble Park,,,585.2,20000.0,,Goble Park,58.52
"45.029278, 18.687333",Gradski stadion,BA,Federacija Bosne i Hercegovine,0,,BA,Gradski stadion,0
"31.313056, 75.581389",Guru Gobind Singh Stadium,,,643.72,22000.0,,Guru Gobind Singh Stadium,64.372
"48.76118, 17.5656",Stadium Myjava,Slovakia,Západné Slovensko,0,,SK,Stadium Myjava,0
"-25.7609333, -57.235052",Q5847952,,,207.9,9000.0,,Q5847952,20.79
"5.372777777, 103.106388888",Sultan Ismail Nasiruddin Shah Stadium,,,438.9,15000.0,,Sultan Ismail Nasiruddin Shah Stadium,43.89
"13.08555556, 80.27166667",Jawaharlal Nehru Stadium Chennai,,,1540,40000.0,,Jawaharlal Nehru Stadium Chennai,154
"55.69527778, 13.18",Klostergårdens IP,Sweden,Sydsverige,0,,SE,Klostergårdens IP,0
"35.670127, 51.511953",Takhti Stadium (Tehran),,,881.36972,30122.0,,Takhti Stadium (Tehran),88.136972
"33.274816666, 35.2116",Sour Stadium,,,0,,,Sour Stadium,0
"22.562342, 88.345871",Mohammedan Sporting Ground,,,0,,,Mohammedan Sporting Ground,0
"50.109741, 14.599274",Na Chvalech,Czechia,Praha,65.45,3400.0,CZ,Na Chvalech,6.545
"38.629967, 21.411747",Panetolikos Stadium,Greece,Western Greece,173.25,7500.0,Greece,Panetolikos Stadium,17.325
"17.970278, -76.799444",Railway Oval,,,0,,,Railway Oval,0
"42.65277778, 20.29388889",Shahin Haxhiislami Stadium,XK,Kosovo,196.35,8500.0,XK,Shahin Haxhiislami Stadium,19.635
"42.65277778, 20.29388889",Shahin Haxhiislami Stadium,XK,Kosovo,196.35,8500.0,XK,Shahin Haxhiislami Stadium,19.635
"42.654722, 18.078611",Stadion Lapad,Croatia,Jadranska Hrvatska,57.75,3000.0,HR,Stadion Lapad,5.775
"49.6686, 18.66784",Stadion Rudolfa Labaje,Czechia,Moravskoslezsko,42.35,2200.0,CZ,Stadion Rudolfa Labaje,4.235
"46.790278, 23.612222",Stadionul Clujana,Romania,Nord-Vest,38.5,2000.0,RO,Stadionul Clujana,3.85
"44.981667, 25.649444",Stadionul Flacăra,Romania,Sud-Muntenia,231,10000.0,RO,Stadionul Flacăra,23.1
"19.2987, -81.3767",T.E. McField Sports Centre,,,48.125,2500.0,,T.E. McField Sports Centre,4.8125
"53.403397, -0.774525",The Northolme,,,82.852,4304.0,,The Northolme,8.2852
"32.483212, -116.91748",Mobil Park,,,541.31,18500.0,,Mobil Park,54.131
"45.3236959, 14.4684263",Stadion Krimeja,Croatia,Jadranska Hrvatska,67.375,3500.0,HR,Stadion Krimeja,6.7375
"41.0278, 28.939",Vefa Stadium,,,288.75,12500.0,,Vefa Stadium,28.875
"43.227222, 17.703056",Q12642641,BA,Federacija Bosne i Hercegovine,0,,BA,Q12642641,0
"45.7058, 13.8717",Rajko Štolfa Stadium,Slovenia,Zahodna Slovenija,23.1,1200.0,SI,Rajko Štolfa Stadium,2.31
"59.24916667, 17.94686667",Källbrinks IP,Sweden,Stockholm,48.125,2500.0,SE,Källbrinks IP,4.8125
"14.31472222, 121.07777778",Biñan Football Stadium,,,49.665,2580.0,,Biñan Football Stadium,4.9665
"56.893972222, 12.511555555",Falcon Alkoholfri Arena,Sweden,Västsverige,127.05,5500.0,SE,Falcon Alkoholfri Arena,12.705
"49.695697, 18.3429535",Stovky,Czechia,Moravskoslezsko,0,,CZ,Stovky,0
"42.207037, 20.729092",Përparim Thaçi Stadium,XK,Kosovo,0,,XK,Përparim Thaçi Stadium,0
"33.975719, -6.824167",Moulay El Hassan Stadium,,,643.72,22000.0,,Moulay El Hassan Stadium,64.372
"50.3345, 18.7764",Sparta Zabrze stadium,Poland,Śląskie,300.3,13000.0,PL,Sparta Zabrze stadium,30.03
"-23.924689, 29.468765",Peter Mokaba Stadium,,,1606.7205,41733.0,,Peter Mokaba Stadium,160.67205
"26.620721, 106.605749",Guiyang Olympic Sports Center,,,2002,52000.0,,Guiyang Olympic Sports Center,200.2
"45.67, 12.255833",Stadio Omobono Tenni,Italy,Veneto,231,10000.0,IT,Stadio Omobono Tenni,23.1
"46.980278, 28.866944",Zimbru Stadium,,,240.24,10400.0,,Zimbru Stadium,24.024
"6.682681, -1.605111",Baba Yara Stadium,,,1540,40000.0,,Baba Yara Stadium,154
"-17.53484444, 177.66956667",Govind Park,,,311.85,13500.0,,Govind Park,31.185
"35.664278, 139.527139",Ajinomoto Stadium,,,1848.5005,48013.0,,Ajinomoto Stadium,184.85005
"35.23402, 128.664753",Changwon Stadium,,,792.5071,27085.0,,Changwon Stadium,79.25071
"35.223406, 128.705707",Changwon Football Center,,,453.53,15500.0,,Changwon Football Center,45.353
"41.362756, -8.740186",Estádio do Rio Ave FC,Portugal,Norte,122.43,5300.0,PT,Estádio do Rio Ave FC,12.243
"47.595277777, -122.331666666",Lumen Field,,,2579.5,67000.0,,Lumen Field,257.95
"37.264627, 49.589072",Shahid Dr. Azodi Stadium,,,254.1,11000.0,,Shahid Dr. Azodi Stadium,25.41
"37.088333, -7.974722",Estádio Algarve,Portugal,Algarve,886.7243,30305.0,PT,Estádio Algarve,88.67243
"46.023611, 8.961667",Cornaredo Stadium,Switzerland,Ticino,438.9,15000.0,CH,Cornaredo Stadium,43.89
"-22.913611, -47.051389",Estádio Moisés Lucarelli,,,577.24128,19728.0,,Estádio Moisés Lucarelli,57.724128
"59.345278, 18.078889",Stockholm Olympic Stadium,Sweden,Stockholm,334.95,14500.0,SE,Stockholm Olympic Stadium,33.495
"18.535861111, -72.342583333",Stade Sylvio Cator,,,242.55,10500.0,,Stade Sylvio Cator,24.255
"42.476389, 1.487667",Estadi Comunal d'Aixovall,,,19.25,1000.0,,Estadi Comunal d'Aixovall,1.925
"-21.151496, 27.478742",Obed Itani Chilume Stadium,,,760.76,26000.0,,Obed Itani Chilume Stadium,76.076
"-24.6568, 25.932892",Botswana National Stadium,,,585.2,20000.0,,Botswana National Stadium,58.52
"-24.6568, 25.932892",Botswana National Stadium,,,585.2,20000.0,,Botswana National Stadium,58.52
"-24.6568, 25.932892",Botswana National Stadium,,,592.9,22000.0,,Botswana National Stadium,59.29
"-24.6568, 25.932892",Botswana National Stadium,,,592.9,22000.0,,Botswana National Stadium,59.29
"14.7107147, -17.4584434",Stade Demba Diop,,,438.9,15000.0,,Stade Demba Diop,43.89
"51.487489, 0.035632",The Valley,,,793.26786,27111.0,,The Valley,79.326786
"38.3951, 27.1928",Buca Arena,TR,İzmir,242.55,10500.0,TR,Buca Arena,24.255
"41.95138, 8.77204",Stade Ange Casanova,France,Corse,138.6,6000.0,FR,Stade Ange Casanova,13.86
"55.7811, 12.5058",Lyngby Stadion,Denmark,Hovedstaden,231,10000.0,DK,Lyngby Stadion,23.1
"37.135694, -8.539833",Estádio Municipal de Portimão,Portugal,Algarve,95.49925,4961.0,PT,Estádio Municipal de Portimão,9.549925
"34.440778, 132.39425",Hiroshima Big Arch,,,1925,50000.0,,Hiroshima Big Arch,192.5
"37.609746, -0.995977",Estadio Cartagonova,Spain,Región de Murcia,441.9723,15105.0,ES,Estadio Cartagonova,44.19723
"7.894478, -72.501717",General Santander,,,1740.97,45220.0,,General Santander,174.097
"21.115544, -101.657744",León Stadium,,,802.66032,27432.0,,León Stadium,80.266032
"10.491278, -66.885492",Estadio Olímpico,,,728.574,24900.0,,Estadio Olímpico,72.8574
"38.716, -9.406",Estádio António Coimbra da Mota,Portugal,Grande Lisboa,117.6714,5094.0,PT,Estádio António Coimbra da Mota,11.76714
"37.029128, -7.848483",Estádio José Arcanjo,Portugal,Algarve,130.7691,5661.0,PT,Estádio José Arcanjo,13.07691
"41.18388889, -8.66694444",Estádio do Mar,Portugal,Norte,138.6,6000.0,PT,Estádio do Mar,13.86
"-22.60763611, 17.090975",Sam Nujoma Stadium,,,237.93,10300.0,,Sam Nujoma Stadium,23.793
"3.725, 8.769167",Malabo Stadium,,,446.215,15250.0,,Malabo Stadium,44.6215
"50.830278, 3.248889",Guldensporen Stadion,Belgium,Prov. West-Vlaanderen,217.1169,9399.0,BE,Guldensporen Stadion,21.71169
"56.11666667, 8.95166667",MCH Arena,Denmark,Midtjylland,272.7879,11809.0,DK,MCH Arena,27.27879
"-3.383333, 29.373778",Intwari Stadium,,,643.72,22000.0,,Intwari Stadium,64.372
"51.519167, 9.926389",Jahnstadion,Germany,Braunschweig,497.42,17000.0,DE,Jahnstadion,49.742
"59.425828, 24.764767",Kalev Central Stadium,Estonia,Eesti,277.2,12000.0,EE,Kalev Central Stadium,27.72
"23.573055555, 58.399444444",Sultan Qaboos Sports Complex,,,994.84,34000.0,,Sultan Qaboos Sports Complex,99.484
"63.44472222, 18.10638889",Olympia,Sweden,Mellersta Norrland,19.25,1000.0,SE,Olympia,1.925
"52.337777777, 4.805833333",Sportpark Sloten,Netherlands,Noord-Holland,0,,NL,Sportpark Sloten,0
"46.31709, -0.48959",Stade René Gaillard,France,Poitou-Charentes,251.7438,10898.0,FR,Stade René Gaillard,25.17438
"59.29138889, 18.08527778",3Arena,Sweden,Stockholm,877.82926,30001.0,SE,3Arena,87.782926
"41.279722, 69.2125",Bunyodkor Stadium,,,994.84,34000.0,,Bunyodkor Stadium,99.484
"43.201111, 23.5675",Hristo Botev Stadium,Bulgaria,Severozapaden,0,,BG,Hristo Botev Stadium,0
"38.08333333, -0.95",Estadio Municipal Los Arcos,Spain,Comunitat Valenciana,67.375,3500.0,ES,Estadio Municipal Los Arcos,6.7375
"58.242286, 22.480172",Kuressaare linnastaadion,Estonia,Eesti,19.25,1000.0,EE,Kuressaare linnastaadion,1.925
"31.314397, 48.665008",Takhti Stadium,,,877.8,30000.0,,Takhti Stadium,87.78
"35.2061, 32.9947",Zafer Stadium,Cyprus,Kýpros,161.7,7000.0,CY,Zafer Stadium,16.17
"45.955931, 13.641563",Nova Gorica Sports Park,Slovenia,Zahodna Slovenija,59.0205,3066.0,SI,Nova Gorica Sports Park,5.90205
"42.0574, -1.612",Estadio Ciudad de Tudela,Spain,Comunidad Foral de Navarra,231,10000.0,ES,Estadio Ciudad de Tudela,23.1
"-36.897799, 174.736426",Kiwitea Street,,,4.8125,250.0,,Kiwitea Street,0.48125
"46.0642, 11.1143",Stadio Briamasco,Italy,Provincia Autonoma di Trento,81.36975,4227.0,IT,Stadio Briamasco,8.136975
"53.377358, -6.251681",Whitehall Stadium,Ireland,Eastern and Midland,153.9384,6664.0,IE,Whitehall Stadium,15.39384
"59.3347, 17.988106",Tranebergs Idrottsplats,Sweden,Stockholm,0,,SE,Tranebergs Idrottsplats,0
"24.066167, 32.884472",Aswan Stadium,,,585.2,20000.0,,Aswan Stadium,58.52
"54.874085, 69.152074",Avangard Stadium,,,254.1,11000.0,,Avangard Stadium,25.41
"36.637851, 127.472375",Cheongju Sports Complex,,,0,,,Cheongju Sports Complex,0
"36.637851, 127.472375",Cheongju Sports Complex,,,0,,,Cheongju Sports Complex,0
"1.391173, 103.749052",Choa Chu Kang Stadium,,,77,4000.0,,Choa Chu Kang Stadium,7.7
"36.980383, 127.936387",Chungju Public Stadium,,,438.9,15000.0,,Chungju Public Stadium,43.89
"22.42361111, -83.69277778",Estadio Capitán San Luis,,,0,,,Estadio Capitán San Luis,0
"-18.005, -70.253056",Estadio Jorge Basadre,,,580.811,19850.0,,Estadio Jorge Basadre,58.0811
"36.51166667, -4.87888889",Estadio Municipal de Marbella,Spain,Andalucía,168.63,7300.0,ES,Estadio Municipal de Marbella,16.863
"10.258611, -67.612222",Estadio Olímpico Hermanos Ghersi Páez,,,585.2,20000.0,,Estadio Olímpico Hermanos Ghersi Páez,58.52
"50.215569, 13.466236",FK Chmel Blšany,Czechia,Severozápad,44.275,2300.0,CZ,FK Chmel Blšany,4.4275
"50.510642, 13.646883",Fotbalový stadion Josefa Masopusta,Czechia,Severozápad,173.25,7500.0,CZ,Fotbalový stadion Josefa Masopusta,17.325
"-36.8001, 174.596",Fred Taylor Park,,,231,10000.0,,Fred Taylor Park,23.1
"37.773561, 128.897503",Gangneung Stadium,,,0,,,Gangneung Stadium,0
"35.859947, 129.212235",Gyeongju Civic Stadium,,,281.7969,12199.0,,Gyeongju Civic Stadium,28.17969
"35.859947, 129.212235",Gyeongju Civic Stadium,,,281.7969,12199.0,,Gyeongju Civic Stadium,28.17969
"-31.3895, -64.14326",Miguel Sancho Stadium,,,438.9,15000.0,,Miguel Sancho Stadium,43.89
"37.285788, 127.496645",Icheon Sports Complex,,,0,,,Icheon Sports Complex,0
"45.258058, 27.94715",Stadionul Municipal,Romania,Sud-Est,585.2,20000.0,RO,Stadionul Municipal,58.52
"34.5435, 50.75022",Yadegar-e Emam Stadium (Qom),,,245.091,10610.0,,Yadegar-e Emam Stadium (Qom),24.5091
"-24.383626, 25.537693",Molepolole Stadium,,,152.46,6600.0,,Molepolole Stadium,15.246
"52.344506, 4.859717",Old Stadion,Netherlands,Noord-Holland,877.8,30000.0,NL,Old Stadion,87.78
"31.6056, -2.21833",Stade 20 Août 1955,,,585.2,20000.0,,Stade 20 Août 1955,58.52
"46.557222, 26.913333",Stadionul Municipal,Romania,Nord-Est,512.05,17500.0,RO,Stadionul Municipal,51.205
"47.79961111, 22.89102778",Stadionul Olimpia,Romania,Nord-Vest,526.68,18000.0,RO,Stadionul Olimpia,52.668
"42.999167, -78.7775",University at Buffalo Stadium,,,907.06,31000.0,,University at Buffalo Stadium,90.706
"-15.827928, -48.110333",Q9255342,,,115.5,5000.0,,Q9255342,11.55
"35.839009, 127.126355",Jeonju Sports Complex,,,877.8,30000.0,,Jeonju Sports Complex,87.78
"47.9614, 37.808",Olimpik Sports Complex,,,0,,,Olimpik Sports Complex,0
"54.7711, 11.8776",Nykøbing Falster Idrætspark,Denmark,Sjælland,0,,DK,Nykøbing Falster Idrætspark,0
"40.581475, 22.94511389",Kalamaria Stadium,,,150.15,6500.0,,Kalamaria Stadium,15.015
"36.768172, 127.021685",Yi Sun-sin Stadium,,,564.22058,19283.0,,Yi Sun-sin Stadium,56.422058
"37.455782, 129.173575",Samcheok Stadium,,,0,,,Samcheok Stadium,0
"37.887965, 127.200777",Pocheon Stadium,,,0,,,Pocheon Stadium,0
"48.83953611, 17.22668611",Mestský štadión Skalica,Slovakia,Západné Slovensko,0,,SK,Mestský štadión Skalica,0
"49.116944, 18.428611",Štadión MŠK Považská Bystrica,Slovakia,Západné Slovensko,585.2,20000.0,SK,Štadión MŠK Považská Bystrica,58.52
"15.999072, 108.222817",Hòa Xuân Stadium,,,0,,,Hòa Xuân Stadium,0
"35.827648, 128.68736",Daegu Auxiliary Stadium,,,0,,,Daegu Auxiliary Stadium,0
"6.9956983, -73.0498181",Q113568814,,,127.05,5500.0,,Q113568814,12.705
"52.105278, 8.688056",Friedrich-Ludwig-Jahn-Stadion,Germany,Detmold,877.8,30000.0,DE,Friedrich-Ludwig-Jahn-Stadion,87.78
"53.586944, 9.898611",Volksparkstadion,Germany,Hamburg,1982.75,51500.0,DE,Volksparkstadion,198.275
"53.586944, 9.898611",Volksparkstadion,Germany,Hamburg,1975.05,57000.0,DE,Volksparkstadion,197.505
"52.53, 13.359444",Poststadion,Germany,Berlin,231,10000.0,DE,Poststadion,23.1
"29.7522, -95.3524",Shell Energy Stadium,,,644.86114,22039.0,,Shell Energy Stadium,64.486114
"-8.523889, 179.198611",Tuvalu Sports Ground,,,28.875,1500.0,,Tuvalu Sports Ground,2.8875
"51.141111111, 16.943611111",Tarczyński Arena Wrocław,Poland,Dolnośląskie,1646.6835,42771.0,PL,Tarczyński Arena Wrocław,164.66835
"51.672778, 39.204167",Tsentralnyi Profsoyuz Stadion,,,958.265,32750.0,,Tsentralnyi Profsoyuz Stadion,95.8265
"51.207778, 7.619167",Nattenberg-Stadion,Germany,Arnsberg,497.42,17000.0,DE,Nattenberg-Stadion,49.742
"55.715833333, 37.553611111",Luzhniki Stadium,,,3016.86,78360.0,,Luzhniki Stadium,301.686
"49.49976, 0.17164",Stade Océane,France,Haute-Normandie,736.70828,25178.0,FR,Stade Océane,73.670828
"49.49976, 0.17164",Stade Océane,France,Haute-Normandie,736.89,33000.0,FR,Stade Océane,73.689
"62.0193487, -6.7811394",Gundadalur,,,115.5,5000.0,,Gundadalur,11.55
"-34.643494, -58.396511",Estadio Tomás Adolfo Ducó,,,1860.089,48314.0,,Estadio Tomás Adolfo Ducó,186.0089
"25.330538, 51.341279",Ahmad bin Ali Stadium,,,1722.49,44740.0,,Ahmad bin Ali Stadium,172.249
"45.91722, 6.11972","Parc des Sports, Annecy",France,Rhône-Alpes,458.2116,15660.0,FR,"Parc des Sports, Annecy",45.82116
"45.91722, 6.11972","Parc des Sports, Annecy",France,Rhône-Alpes,459.79164,15714.0,FR,"Parc des Sports, Annecy",45.979164
"39.124444, -94.863611",Legends Field,,,151.0047,6537.0,,Legends Field,15.10047
"51.929722, 7.624583",Preußenstadion,Germany,Münster,1732.5,45000.0,DE,Preußenstadion,173.25
"53.379167, 7.203333",Ostfriesland-Stadion,Germany,Weser-Ems,166.32,7200.0,DE,Ostfriesland-Stadion,16.632
"55.85305556, -4.42861111",Love Street,,,249.48,10800.0,,Love Street,24.948
"-34.717667, -58.383806",Estadio Ciudad de Lanús Néstor Díaz Pérez,,,1908.984,49584.0,,Estadio Ciudad de Lanús Néstor Díaz Pérez,190.8984
"39.048888888, -94.483888888",Arrowhead Stadium,,,2942.016,76416.0,,Arrowhead Stadium,294.2016
"56.475264, -2.973194",Dens Park,,,265.7886,11506.0,,Dens Park,26.57886
"46.534, 6.625",Stade Olympique de la Pontaise,Switzerland,Région lémanique,1925,50000.0,CH,Stade Olympique de la Pontaise,192.5
"46.233333, 7.376389",Stade de Tourbillon,Switzerland,Région lémanique,475.85538,16263.0,CH,Stade de Tourbillon,47.585538
"-32.913997, -60.674567",Gigante de Arroyito Stadium,,,1771,46000.0,,Gigante de Arroyito Stadium,177.1
"51.8225, 5.836667",Stadion de Goffert,Netherlands,Gelderland,288.75,12500.0,NL,Stadion de Goffert,28.875
"43.632778, -79.418611",BMO Field,,,631.02116,21566.0,,BMO Field,63.102116
"51.465278, 11.961944",Leuna-Chemie-Stadion,Germany,Sachsen-Anhalt,440.56782,15057.0,DE,Leuna-Chemie-Stadion,44.056782
"50.071111, 8.256667",BRITA-Arena,Germany,Darmstadt,290.136,12560.0,DE,BRITA-Arena,29.0136
"46.9952, 6.944",Stade de la Maladière,Switzerland,Espace Mittelland,277.2,12000.0,CH,Stade de la Maladière,27.72
"47.17369444, 18.41536111",Sóstói Stadion,Hungary,Közép-Dunántúl,330.33,14300.0,HU,Sóstói Stadion,33.033
"50.427083, 14.914783",Městský stadion,Czechia,Střední Čechy,115.5,5000.0,CZ,Městský stadion,11.55
"6.2568, -75.590172",Atanasio Girardot Sports Complex,,,1771,46000.0,,Atanasio Girardot Sports Complex,177.1
"40.812965, 72.329537",Soghlom Avlod Stadium,,,537.2136,18360.0,,Soghlom Avlod Stadium,53.72136
"40.813663, 72.329307",Soghlom Avlod Stadium,,,537.2136,18360.0,,Soghlom Avlod Stadium,53.72136
"36.425944, 59.383829",emam reeza  Stadium,,,1024.1,35000.0,,emam reeza  Stadium,102.41
"57.494722, -4.2175",Caledonian Stadium,,,180.18,7800.0,,Caledonian Stadium,18.018
"-33.889166666, 151.225277777",Sydney Football Stadium,,,1751.75,45500.0,,Sydney Football Stadium,175.175
"27.471417, 89.641056",Changlimithang Stadium,,,731.5,25000.0,,Changlimithang Stadium,73.15
"41.8625, -87.616666666",Soldier Field,,,2367.75,61500.0,,Soldier Field,236.775
"41.8625, -87.616666666",Soldier Field,,,2346.96,63500.0,,Soldier Field,234.696
"56.95516667, 24.15886111",Daugava Stadium,Latvia,Latvija,241.6491,10461.0,LV,Daugava Stadium,24.16491
"42.005733, 21.425592",Arena ”Philip II. of Macedonia / Toše Proeski / Todor”,MK,Severna Makedonija,979.0396,33460.0,MK,Arena ”Philip II. of Macedonia / Toše Proeski / Todor”,97.90396
"45.339202, 14.380959",Stadion Kantrida,Croatia,Jadranska Hrvatska,291.06,12600.0,HR,Stadion Kantrida,29.106
"55.716389, 37.656389",Eduard Streltsov Stadium,,,310.695,13450.0,,Eduard Streltsov Stadium,31.0695
"40.601389, 49.674722",Mehdi Huseynzade Stadium,,,449.141,15350.0,,Mehdi Huseynzade Stadium,44.9141
"48.8347, 8.19722",Münchfeldstadion,Germany,Karlsruhe,438.9,15000.0,DE,Münchfeldstadion,43.89
"35.894863888, 14.415372222",Ta' Qali National Stadium,Malta,Malta,520.74022,17797.0,MT,Ta' Qali National Stadium,52.074022
"35.894863888, 14.415372222",Ta' Qali National Stadium,Malta,Malta,520.74022,17797.0,MT,Ta' Qali National Stadium,52.074022
"4.515307, -75.698447",Estadio Centenario,,,848.54,29000.0,,Estadio Centenario,84.854
"10.92686111, -74.80072222",Estadio Metropolitano Roberto Meléndez,,,1797.642,46692.0,,Estadio Metropolitano Roberto Meléndez,179.7642
"-37.825278, 144.983889",Melbourne Rectangular Stadium,,,879.263,30050.0,,Melbourne Rectangular Stadium,87.9263
"44.712625, 26.656017",Stadionul Tineretului,Romania,Sud-Muntenia,161.7,7000.0,RO,Stadionul Tineretului,16.17
"51.542778, 5.066944",Koning Willem II Stadion,Netherlands,Noord-Brabant,338.1147,14637.0,NL,Koning Willem II Stadion,33.81147
"40.171944, 44.525833",Republican Stadium,,,332.7093,14403.0,,Republican Stadium,33.27093
"26.153594, 50.543664",Bahrain National Stadium,,,702.24,24000.0,,Bahrain National Stadium,70.224
"47.8479, 12.1293",Q1553794,Germany,Oberbayern,138.6,6000.0,DE,Q1553794,13.86
"52.6207, 10.0487",Günther-Volker-Stadion,Germany,Lüneburg,254.1,11000.0,DE,Günther-Volker-Stadion,25.41
"52.51665194, 13.48698389",Hans-Zoschke-Stadion,Germany,Berlin,228.69,9900.0,DE,Hans-Zoschke-Stadion,22.869
"42.737639, 23.314806",Lokomotiv Stadium,Bulgaria,Yugozapaden,643.72,22000.0,BG,Lokomotiv Stadium,64.372
"48.6248, 7.90749",Q1578290,Germany,Freiburg,57.75,3000.0,DE,Q1578290,5.775
"51.6066, 7.53669",Q1723303,Germany,Arnsberg,184.8,8000.0,DE,Q1723303,18.48
"39.1218, -94.8237",Children's Mercy Park,,,540.34442,18467.0,,Children's Mercy Park,54.034442
"39.1218, -94.8237",Children's Mercy Park,,,539,25000.0,,Children's Mercy Park,53.9
"60.772778, 26.790278",Saviniemi,Finland,Etelä-Suomi,80.21475,4167.0,FI,Saviniemi,8.021475
"48.8925, 9.21139",Ludwig-Jahn-Stadion,Germany,Stuttgart,526.68,18000.0,DE,Ludwig-Jahn-Stadion,52.668
"49.845111, 18.299392",Bazaly,Czechia,Moravskoslezsko,508.30472,17372.0,CZ,Bazaly,50.830472
"56.47416667, 84.95666667",Trud Stadium,,,438.9,15000.0,,Trud Stadium,43.89
"54.535925, -6.003733",New Grosvenor Stadium,,,184.8,8000.0,,New Grosvenor Stadium,18.48
"54.589099, -5.962551",Celtic Park,,,1925,50000.0,,Celtic Park,192.5
"50.7244, 1.61907",Stade de la Libération,France,Nord-Pas de Calais,152.46,6600.0,FR,Stade de la Libération,15.246
"44.943611, 34.089722",Lokomotiv Republican Sports Complex,,,584.55628,19978.0,,Lokomotiv Republican Sports Complex,58.455628
"51.595556, 4.750278",Rat Verlegh Stadion,Netherlands,Noord-Brabant,555.94,19000.0,NL,Rat Verlegh Stadion,55.594
"51.5956, 4.75028",Rat Verlegh Stadion,Netherlands,Noord-Brabant,555.94,19000.0,NL,Rat Verlegh Stadion,55.594
"55.850556, -4.443889",St. Mirren Park,,,185.3313,8023.0,,St. Mirren Park,18.53313
"48.563, 7.81162",Q2147955,Germany,Freiburg,277.2,12000.0,DE,Q2147955,27.72
"50.97, 12.4356",Q2291675,Germany,Thüringen,731.5,25000.0,DE,Q2291675,73.15
"51.6797, 8.32556",Q2326041,Germany,Arnsberg,81.8125,4250.0,DE,Q2326041,8.18125
"52.0207, 8.56273",Q2326097,Germany,Detmold,277.2,12000.0,DE,Q2326097,27.72
"50.4266, 7.41989",Stadion SG 99 Andernach,Germany,Koblenz,0,,DE,Stadion SG 99 Andernach,0
"50.9175, 6.94361",Südstadion,Germany,Köln,317.625,13750.0,DE,Südstadion,31.7625
"52.4733, 13.4014",Tempelhofer Feld,Germany,Berlin,0,,DE,Tempelhofer Feld,0
"33.386796, 44.392694",Al Talaba Stadium,,,0,,,Al Talaba Stadium,0
"1.198011, -77.277608",Estadio Departamental Libertad,,,731.5,25000.0,,Estadio Departamental Libertad,73.15
"2.935833333, -75.280277777",Estadio Guillermo Plazas Alcid,,,643.72,22000.0,,Estadio Guillermo Plazas Alcid,64.372
"4.429509, -75.218325",Estadio Manuel Murillo Toro,,,885.96354,30279.0,,Estadio Manuel Murillo Toro,88.596354
"5.341944, -4.018889",Stade Municipal d'Abidjan,,,231,10000.0,,Stade Municipal d'Abidjan,23.1
"42.8852, 74.8681",Stadion Sportkompleks Abdysh-Ata,,,57.75,3000.0,,Stadion Sportkompleks Abdysh-Ata,5.775
"-1.244772, -78.623069",Estadio Bellavista,,,526.68,18000.0,,Estadio Bellavista,52.668
"5.542233, -73.353131",Estadio La Independencia,,,603.6338,20630.0,,Estadio La Independencia,60.36338
"4.623545, -74.135611",Estadio Metropolitano de Techo,,,168.63,7300.0,,Estadio Metropolitano de Techo,16.863
"6.164108, -75.59967",Estadio Polideportivo Sur,,,277.2,12000.0,,Estadio Polideportivo Sur,27.72
"9.280111111, -75.410172222",Q5847777,,,115.5,5000.0,,Q5847777,11.55
"6.2568, -75.590172",Estadio Atanasio Girardot,,,1760.31702,44826.0,,Estadio Atanasio Girardot,176.031702
"-33.971944, 151.129167",Jubilee Oval,,,702.24,24000.0,,Jubilee Oval,70.224
"21.762627, 39.165096",King Abdullah Sports City,,,2400.2825,62345.0,,King Abdullah Sports City,240.02825
"-33.868611, 151.154722",Leichhardt Oval,,,643.72,22000.0,,Leichhardt Oval,64.372
"52.4104, -4.08074",Park Avenue,,,48.125,2500.0,,Park Avenue,4.8125
"63.83, 20.285277777",Umeå Energi Arena,Sweden,Övre Norrland,231,10000.0,SE,Umeå Energi Arena,23.1
"49.6, 17.248333",Andrův stadion,Czechia,Střední Morava,290.2746,12566.0,CZ,Andrův stadion,29.02746
"55.586111111, 12.989166666",Malmö stadion,Sweden,Sydsverige,775.39,26500.0,SE,Malmö stadion,77.539
"-8.523889, 179.198611",Tuvalu Sports Ground,,,28.875,1500.0,,Tuvalu Sports Ground,2.8875
"-8.523889, 179.198611",Tuvalu Sports Ground,,,28.875,1500.0,,Tuvalu Sports Ground,2.8875
"-8.523889, 179.198611",Tuvalu Sports Ground,,,28.875,1500.0,,Tuvalu Sports Ground,2.8875
"-8.523889, 179.198611",Tuvalu Sports Ground,,,28.875,1500.0,,Tuvalu Sports Ground,2.8875
"-22.26417143, 166.4679427",Stade Numa-Daly Magenta,,,231,10000.0,,Stade Numa-Daly Magenta,23.1
"47.81625, 12.998222222",Red Bull Arena,Austria,Salzburg,933.2477,31895.0,AT,Red Bull Arena,93.32477
"54.693481, 25.29025",Žalgiris Stadium,Lithuania,Sostinės regionas,439.74854,15029.0,LT,Žalgiris Stadium,43.974854
"28.63899444, 77.24235278",Ambedkar Stadium,,,585.2,20000.0,,Ambedkar Stadium,58.52
"54.320556, 10.130556",Wunderino Arena,Germany,Schleswig-Holstein,311.85,13500.0,DE,Wunderino Arena,31.185
"44.90799, -0.23501",Stade Jean-Antoine Moueix,France,Aquitaine,196.35,8500.0,FR,Stade Jean-Antoine Moueix,19.635
"48.235556, 14.226667",Waldstadion,Austria,Oberösterreich,165.2112,7152.0,AT,Waldstadion,16.52112
"54.798087698, -7.779730672",Finn Park,Ireland,Northern and Western,138.6,6000.0,IE,Finn Park,13.86
"41.23456944, -8.61821944",Estádio Prof. Dr. José Vieira de Carvalho,Portugal,Norte,277.2,12000.0,PT,Estádio Prof. Dr. José Vieira de Carvalho,27.72
"22.3261, 114.173",Mong Kok Stadium,,,153.9384,6664.0,,Mong Kok Stadium,15.39384
"40.777014, 30.386558",Sakarya Atatürk Stadium,TR,"Kocaeli, Sakarya, Düzce, Bolu, Yalova",305.2896,13216.0,TR,Sakarya Atatürk Stadium,30.52896
"56.005136, -3.754269",Falkirk Stadium,,,202.125,8750.0,,Falkirk Stadium,20.2125
"44.406389, 12.194722",Stadio Bruno Benelli,Italy,Emilia-Romagna,277.662,12020.0,IT,Stadio Bruno Benelli,27.7662
"60.1875, 24.9225",Bolt Arena,Finland,Helsinki-Uusimaa,248.787,10770.0,FI,Bolt Arena,24.8787
"41.40127778, -8.52242222",Estádio Municipal 22 de Junho,Portugal,Norte,119.7966,5186.0,PT,Estádio Municipal 22 de Junho,11.97966
"48.696, 6.21222",Stade Marcel Picot,France,Lorraine,587.74562,20087.0,FR,Stade Marcel Picot,58.774562
"40.92833333, -8.24861111",Estádio Municipal de Arouca,Portugal,Norte,129.36,5600.0,PT,Estádio Municipal de Arouca,12.936
"34.518611111, 69.193888888",Ghazi Stadium,,,877.8,30000.0,,Ghazi Stadium,87.78
"34.518611111, 69.193888888",Ghazi Stadium,,,877.8,30000.0,,Ghazi Stadium,87.78
"59.370667, 16.495",Tunavallen,Sweden,Östra Mellansverige,180.18,7800.0,SE,Tunavallen,18.018
"61.476667, 21.774444",Pori Stadium,Finland,Länsi-Suomi,284.13,12300.0,FI,Pori Stadium,28.413
"9.997222222, 76.301111111",Jawaharlal Nehru International Stadium,,,2310,60000.0,,Jawaharlal Nehru International Stadium,231
"35.469166666, 139.603611111",Nippatsu Mitsuzawa Stadium,,,440.24596,15046.0,,Nippatsu Mitsuzawa Stadium,44.024596
"12.3603768, -1.5290332",Stade Municipal,,,438.9,15000.0,,Stade Municipal,43.89
"14.927011, 102.047567","His Majesty the King's 80th Birthday Anniversary, 5th December 2007 Sports Complex",,,589.32566,20141.0,,"His Majesty the King's 80th Birthday Anniversary, 5th December 2007 Sports Complex",58.932566
"38.352178, 38.330494",Malatya İnönü Stadium,TR,"Malatya, Elazığ, Bingöl, Tunceli",300.3,13000.0,TR,Malatya İnönü Stadium,30.03
"17.504444444, -88.189166666",MCC Grounds,,,38.5,2000.0,,MCC Grounds,3.85
"45.641894, 0.176128",Stade Lebon,France,Poitou-Charentes,150.15,6500.0,FR,Stade Lebon,15.015
"47.2442, 9.5238",Freizeitpark Widau,Liechtenstein,Liechtenstein,0,,LI,Freizeitpark Widau,0
"-11.7046, 27.484",Stade Frederic Kibassa Maliba,,,1024.1,35000.0,,Stade Frederic Kibassa Maliba,102.41
"50.9847, 10.3089",Wartburgstadion Eisenach,Germany,Thüringen,38.5,2000.0,DE,Wartburgstadion Eisenach,3.85
"48.2231, 9.02667",Q2640149,Germany,Tübingen,231,10000.0,DE,Q2640149,23.1
"47.1655, 9.4926",Sportsplatz Rheinwiese,Switzerland,Ostschweiz,28.875,1500.0,CH,Sportsplatz Rheinwiese,2.8875
"47.1655, 9.4926",Sportsplatz Rheinwiese,Switzerland,Ostschweiz,30.8,5000.0,CH,Sportsplatz Rheinwiese,3.08
"47.07388, 9.495554",Sportplatz Rheinau,Liechtenstein,Liechtenstein,0,,LI,Sportplatz Rheinau,0
"13.364444, 100.976389",Chonburi Municipality Stadium,,,196.35,8500.0,,Chonburi Municipality Stadium,19.635
"13.782645, 100.55655",Thai Army Sports Stadium,,,585.2,20000.0,,Thai Army Sports Stadium,58.52
"44.886944, 18.412778",Banja Ilidža,BA,Federacija Bosne i Hercegovine,115.5,5000.0,BA,Banja Ilidža,11.55
"33.491667, 11.110556",Abdessalem Kazouz sports complex,,,184.8,8000.0,,Abdessalem Kazouz sports complex,18.48
"43.362349, 19.362245",Gradski stadion,ME,Crna Gora,231,10000.0,ME,Gradski stadion,23.1
"41.2117, -8.277919",Estádio Municipal 25 de Abril,Portugal,Norte,120.813,5230.0,PT,Estádio Municipal 25 de Abril,12.0813
"43.848056, 25.963056",Gradski Stadium,Bulgaria,Severen tsentralen,584.0296,19960.0,BG,Gradski Stadium,58.40296
"41.67472222, 44.85972222",Shevardeni Stadium,,,0,,,Shevardeni Stadium,0
"41.91165, 45.480824",Municipal Stadium,,,277.2,12000.0,,Municipal Stadium,27.72
"35.443164, 44.421308",Kirkuk Olympic Stadium,,,0,,,Kirkuk Olympic Stadium,0
"52.242053, 0.114258",Bridge Road,,,82.775,4300.0,,Bridge Road,8.2775
"41.77605556, 19.64466111",Brian Filipi Stadium,AL,Veri,115.5,5000.0,AL,Brian Filipi Stadium,11.55
"-27.1475, -109.42972222",Hanga Roa Stadium,,,48.125,2500.0,,Hanga Roa Stadium,4.8125
"41.193, -8.146",Estádio Municipal do Marco de Canaveses,Portugal,Norte,138.6,6000.0,PT,Estádio Municipal do Marco de Canaveses,13.86
"56.005, -3.778889",Firs Park,,,34.65,1800.0,,Firs Park,3.465
"41.042472, 19.752772",Fusha Sportive Peqin,AL,Qender,207.9,9000.0,AL,Fusha Sportive Peqin,20.79
"41.16, 1.09",Estadi Municipal de Reus,Spain,Cataluña,86.625,4500.0,ES,Estadi Municipal de Reus,8.6625
"19.246111, -103.701389",Estadio Olímpico Universitario de Colima,,,323.4,14000.0,,Estadio Olímpico Universitario de Colima,32.34
"36.939666669, 34.870055561",Burhanettin Kocamaz Stadium,TR,"Adana, Mersin",80.85,4200.0,TR,Burhanettin Kocamaz Stadium,8.085
"60.993611, 24.441944",Kaurialan kenttä,Finland,Etelä-Suomi,77,4000.0,FI,Kaurialan kenttä,7.7
"39.911, 41.238",Kazım Karabekir Stadium,TR,"Erzurum, Erzincan, Bayburt",693.462,23700.0,TR,Kazım Karabekir Stadium,69.3462
"16.412716944, 102.82816",Khon Kaen Stadium,,,184.8,8000.0,,Khon Kaen Stadium,18.48
"13.7062, 100.784",Lad Krabang 54 Stadium,,,38.5,2000.0,,Lad Krabang 54 Stadium,3.85
"13.7062, 100.784",Lad Krabang 54 Stadium,,,38.5,2000.0,,Lad Krabang 54 Stadium,3.85
"41.60896111, 20.006975",Liri Ballabani Stadium,AL,Veri,0,,AL,Liri Ballabani Stadium,0
"14.000623, 100.67921",BG Stadium,,,300.3,13000.0,,BG Stadium,30.03
"9.134, 99.3473",Surat Thani Stadium,,,231,10000.0,,Surat Thani Stadium,23.1
"49.615, 6.154722222",Luxembourg-Cents,Luxembourg,Luxembourg,53.9,2800.0,LU,Luxembourg-Cents,5.39
"35.5925, 139.438889",Machida Athletic Stadium,,,206.1444,8924.0,,Machida Athletic Stadium,20.61444
"48.963611111, 18.163333333",Mestský štadión,Slovakia,Západné Slovensko,0,,SK,Mestský štadión,0
"61.68694444, 27.26666667",Mikkelin Urheilupuisto,Finland,Pohjois- ja Itä-Suomi,0,,FI,Mikkelin Urheilupuisto,0
"15.710043, 100.106783",Nakhon Sawan Stadium,,,438.9,15000.0,,Nakhon Sawan Stadium,43.89
"12.68, 101.235278",Rayong Province Central Stadium,,,86.856,4512.0,,Rayong Province Central Stadium,8.6856
"56.1166, -3.77864",Recreation Park,,,59.675,3100.0,,Recreation Park,5.9675
"15.101036, 104.340581",Sri Nakhon Lamduan Stadium,,,231,10000.0,,Sri Nakhon Lamduan Stadium,23.1
"0.4161976, 9.4672676",Stade Augustin Monédan de Sibang,,,0,,,Stade Augustin Monédan de Sibang,0
"49.6243, 6.0248",Stade François Trausch,Luxembourg,Luxembourg,0,,LU,Stade François Trausch,0
"42.432531, 18.695344",Stadion U Parku,ME,Crna Gora,0,,ME,Stadion U Parku,0
"47.071944, 21.93",Stadionul Iuliu Bodola,Romania,Nord-Vest,255.6477,11067.0,RO,Stadionul Iuliu Bodola,25.56477
"55.81, -4.16",Whitefield Park,,,0,,,Whitefield Park,0
"41.356, -8.190722222",Estádio Dr. Machado de Matos,Portugal,Norte,174.174,7540.0,PT,Estádio Dr. Machado de Matos,17.4174
"56.02824444, -3.81465833",Ochilview Park,,,72.1105,3746.0,,Ochilview Park,7.21105
"-1.23316667, 116.94333333",Batakan Stadium,,,0,,,Batakan Stadium,0
"13.884131, 100.57698",TOT Stadium Chaeng Watthana,,,115.5,5000.0,,TOT Stadium Chaeng Watthana,11.55
"49.6101, 6.33467",Stade Rue de Lenningen,Luxembourg,Luxembourg,19.25,1000.0,LU,Stade Rue de Lenningen,1.925
"12.663963, 100.935586",Sattahip Navy Stadium,,,288.75,12500.0,,Sattahip Navy Stadium,28.875
"52.7743, -1.1992",Athletic Ground (Loughborough),,,0,,,Athletic Ground (Loughborough),0
"48.0826, 7.36626",Ladhof Stadium,France,Alsace,28.875,1500.0,FR,Ladhof Stadium,2.8875
"40.7805, 30.4324",New Sakarya Stadium,TR,"Kocaeli, Sakarya, Düzce, Bolu, Yalova",0,,TR,New Sakarya Stadium,0
"42.5046, 1.51746",Estadi Nacional,,,63.6405,3306.0,,Estadi Nacional,6.36405
"13.867163, 100.577392",Boonyachinda Stadium,,,0,,,Boonyachinda Stadium,0
"55.9657, -4.5824",Tontine Park,,,0,,,Tontine Park,0
"12.610063, 102.105579",Chanthaburi Province Stadium,,,0,,,Chanthaburi Province Stadium,0
"16.846452, 100.264327",Phitsanulok Provincial Administrative Organization Stadium,,,0,,,Phitsanulok Provincial Administrative Organization Stadium,0
"43.28611, 40.2626333","Dinamo Stadium, Sokhumi",,,82.775,4300.0,,"Dinamo Stadium, Sokhumi",8.2775
"41.02388889, 28.93416667",Fatih Mimar Sinan Stadium,,,0,,,Fatih Mimar Sinan Stadium,0
"35.510044, 139.606247",International Stadium Yokohama,,,2784.5895,72327.0,,International Stadium Yokohama,278.45895
"56.83244, 60.57358",Central Stadium Yekaterinburg,,,1636.25,42500.0,,Central Stadium Yekaterinburg,163.625
"41.074472222, 28.765702777",Atatürk Olympic Stadium,TR,İstanbul,4033.87985,80597.0,TR,Atatürk Olympic Stadium,403.387985
"51.174667, 6.451278",Jahnstadion,Germany,Düsseldorf,1540,40000.0,DE,Jahnstadion,154
"50.8575, 5.717778",De Geusselt,Netherlands,Limburg (NL),231,10000.0,NL,De Geusselt,23.1
"35.664278, 139.527139",Ajinomoto Stadium,,,1848.5005,48013.0,,Ajinomoto Stadium,184.85005
"39.487130555, -6.412347222",Estadio Príncipe Felipe,Spain,Extremadura,161.7,7000.0,ES,Estadio Príncipe Felipe,16.17
"53.758856, -1.776203",Horsfall Stadium,,,67.375,3500.0,,Horsfall Stadium,6.7375
"52.976786, -0.019117",York Street,,,153.4533,6643.0,,York Street,15.34533
"51.379722, 1.374167",Hartsdown Park,,,40.425,2100.0,,Hartsdown Park,4.0425
"51.411667, 5.479444",Jan Louwers Stadion,Netherlands,Noord-Brabant,86.625,4500.0,NL,Jan Louwers Stadion,8.6625
"55.88993333, 12.83761111",Landskrona IP,,,231,10000.0,,Landskrona IP,23.1
"22.356280555, 114.108277777",Tsing Yi Sports Ground,,,28.875,1500.0,,Tsing Yi Sports Ground,2.8875
"41.385833, 2.135556",Camp de Les Corts,Spain,Cataluña,2310,60000.0,ES,Camp de Les Corts,231
"52.3766, 9.7729",Eilenriedestadion,Germany,Hannover,526.68,18000.0,DE,Eilenriedestadion,52.668
"38.913933, -6.336406",Estadio Romano,Spain,Extremadura,337.26,14600.0,ES,Estadio Romano,33.726
"10.303371, -61.441673",Manny Ramjohn Stadium,,,231,10000.0,,Manny Ramjohn Stadium,23.1
"35.708527777, 51.314833333",Rah Ahan Stadium,,,277.2,12000.0,,Rah Ahan Stadium,27.72
"53.205278, 5.814722",Cambuur Stadion,Netherlands,Friesland (NL),242.55,10500.0,NL,Cambuur Stadion,24.255
"55.9413, -4.72681",Cappielow,,,267.7059,11589.0,,Cappielow,26.77059
"45.81584, 3.12162",Stade Gabriel Montpied,France,Auvergne,212.289,9190.0,FR,Stade Gabriel Montpied,21.2289
"45.81584, 3.12162",Stade Gabriel Montpied,France,Auvergne,212.1658,11980.0,FR,Stade Gabriel Montpied,21.21658
"49.411106407, 1.070777714",Stade Robert Diochon,France,Haute-Normandie,277.6158,12018.0,FR,Stade Robert Diochon,27.76158
"59.13725, 10.17969",Jotun Arena,Norway,Agder og Sør-Østlandet,152.0442,6582.0,NO,Jotun Arena,15.20442
"35.585895, 139.652731",Kawasaki Todoroki Stadium,,,731.5,25000.0,,Kawasaki Todoroki Stadium,73.15
"50.35755833, 18.89871667",Stadion Edwarda Szymkowiaka,Poland,Śląskie,138.6,6000.0,PL,Stadion Edwarda Szymkowiaka,13.86
"55.886167, -3.522872",Almondvale Stadium,,,227.8815,9865.0,,Almondvale Stadium,22.78815
"46.172583, 24.35275",Stadionul Gaz Metan,Romania,Centru,180.5034,7814.0,RO,Stadionul Gaz Metan,18.05034
"34.725217, 137.875006",Yamaha Stadium,,,443.7279,15165.0,,Yamaha Stadium,44.37279
"42.011739, -4.516136",Estadio Nueva Balastera,Spain,Castilla y León,186.417,8070.0,ES,Estadio Nueva Balastera,18.6417
"40.3404, -3.7607",Estadio Municipal de Butarque,Spain,Comunidad de Madrid,264.5874,11454.0,ES,Estadio Municipal de Butarque,26.45874
"9.965427, -84.075455",Estadio Ricardo Saprissa Aymá,,,731.5,25000.0,,Estadio Ricardo Saprissa Aymá,73.15
"61.4659, -6.83651",Vesturi á Eiðinum Stadium,,,57.75,3000.0,,Vesturi á Eiðinum Stadium,5.775
"50.733953, 3.211082",Stade Le Canonnier,Belgium,Prov. Hainaut,261.03,11300.0,BE,Stade Le Canonnier,26.103
"-22.60763611, 17.090975",Sam Nujoma Stadium,,,237.93,10300.0,,Sam Nujoma Stadium,23.793
"52.2946, 7.43189",Q1509496,Germany,Münster,173.25,7500.0,DE,Q1509496,17.325
"49.89422, 2.2633",Stade de la Licorne,France,Picardie,279.4407,12097.0,FR,Stade de la Licorne,27.94407
"50.991944, 5.843611",Fortuna Sittard Stadion,Netherlands,Limburg (NL),288.75,12500.0,NL,Fortuna Sittard Stadion,28.875
"55.0698, -3.62494",Palmerston Park,,,176.022,7620.0,,Palmerston Park,17.6022
"59.370667, 16.495",Tunavallen,Sweden,Östra Mellansverige,180.18,7800.0,SE,Tunavallen,18.018
"-22.65328, 14.53802",Q1609455,,,28.875,1500.0,,Q1609455,2.8875
"50.9119, 7.99028",Hofbachstadion,Germany,Arnsberg,231,10000.0,DE,Hofbachstadion,23.1
"48.129167, 16.468611",Rudolf-Tonn-Stadion,Austria,Niederösterreich,161.7,7000.0,AT,Rudolf-Tonn-Stadion,16.17
"22.154523, 113.553266",Estádio Campo Desportivo,,,468.16,16000.0,,Estádio Campo Desportivo,46.816
"-22.931964, 14.528641",Kuisebmund Stadium,,,77,4000.0,,Kuisebmund Stadium,7.7
"-28.066944, 153.378889",Robina Stadium,,,801.724,27400.0,,Robina Stadium,80.1724
"41.4118, 2.1615",Nou Sardenya,Spain,Cataluña,77,4000.0,ES,Nou Sardenya,7.7
"51.701667, 5.329722",De Vliert,Netherlands,Noord-Brabant,207.9,9000.0,NL,De Vliert,20.79
"-26.187781, 28.028431",Bidvest Stadium,,,115.5,5000.0,,Bidvest Stadium,11.55
"52.410278, 4.648889",Haarlem Stadion,Netherlands,Noord-Holland,66.2585,3442.0,NL,Haarlem Stadion,6.62585
"52.5555, 13.4883",Stadium Buschallee,Germany,Berlin,57.75,3000.0,DE,Stadium Buschallee,5.775
"47.3768, 15.0788",Donawitz Stadium,Austria,Steiermark,138.6,6000.0,AT,Donawitz Stadium,13.86
"48.226, 16.3109",Sportklub Stadium,Austria,Wien,200.97,8700.0,AT,Sportklub Stadium,20.097
"39.574082, 2.677482",Estadi Balear,Spain,Illes Balears,52.76425,2741.0,ES,Estadi Balear,5.276425
"35.033889, 33.765",Dasaki Stadium,Cyprus,Kýpros,123.9777,5367.0,CY,Dasaki Stadium,12.39777
"34.615339, 135.516572",Yodoko Sakura Stadium,,,599.83,20500.0,,Yodoko Sakura Stadium,59.983
"38.026667, 46.295833",Yadegar-e Emam Stadium,,,2573.0705,66833.0,,Yadegar-e Emam Stadium,257.30705
"36.47, -6.207222",Estadio Iberoamericano Bahía Sur,Spain,Andalucía,231,10000.0,ES,Estadio Iberoamericano Bahía Sur,23.1
"36.728894, 4.014039",Hocine-Ait Ahmed Stadium,,,1925,50000.0,,Hocine-Ait Ahmed Stadium,192.5
"14.841944, -91.517222",Estadio Mario Camposeco,,,259.182,11220.0,,Estadio Mario Camposeco,25.9182
"61.343333333, 16.344722222",Sävstaås IP,Sweden,Norra Mellansverige,0,,SE,Sävstaås IP,0
"39.720833, 140.095556",Soyu Stadium,,,588.8575,20125.0,,Soyu Stadium,58.88575
"23.02664, 113.746503",Dongguan Stadium,,,0,,,Dongguan Stadium,0
"38.682847222, -4.088722222",Estadio Ciudad de Puertollano,Spain,Castilla-La Mancha,167.244,7240.0,ES,Estadio Ciudad de Puertollano,16.7244
"39.869, -4.018088888",Estadio Salto del Caballo,Spain,Castilla-La Mancha,122.43,5300.0,ES,Estadio Salto del Caballo,12.243
"38.102995, -3.622964",Estadio Municipal de Linarejos,Spain,Andalucía,231,10000.0,ES,Estadio Municipal de Linarejos,23.1
"31.320278, 48.669167",Ghadir Stadium,,,1963.5,51000.0,,Ghadir Stadium,196.35
"2.289080555, 102.233094444",Hang Jebat Stadium,,,1540,40000.0,,Hang Jebat Stadium,154
"37.60721, -0.97445",El Almarjal Stadium,Spain,Región de Murcia,277.2,12000.0,ES,El Almarjal Stadium,27.72
"22.404, 113.974",Tuen Mun Tang Shiu Kin Sports Ground,,,42.35,2200.0,,Tuen Mun Tang Shiu Kin Sports Ground,4.235
"52.5115, -3.32288",Latham Park,,,115.5,5000.0,,Latham Park,11.55
"-25.22043611, 25.68933333",Lobatse Stadium,,,643.72,22000.0,,Lobatse Stadium,64.372
"29.9944, -90.0879",Pan American Stadium,,,115.5,5000.0,,Pan American Stadium,11.55
"53.78260278, -1.77005556",Park Avenue,,,0,,,Park Avenue,0
"13.77444444, 109.22861111",Quy Nhơn Stadium,,,0,,,Quy Nhơn Stadium,0
"51.859936, -4.302218",Richmond Park,,,57.75,3000.0,,Richmond Park,5.775
"22.3872, 114.197",Sha Tin Sports Ground,,,115.5,5000.0,,Sha Tin Sports Ground,11.55
"50.008889, 8.290556",Stadion in der Witz,Germany,Darmstadt,0,,DE,Stadion in der Witz,0
"46.848178888, 29.596805833",Stadionul Municipal,,,0,,,Stadionul Municipal,0
"-24.655114, 25.940571",University of Botswana Stadium,,,231,10000.0,,University of Botswana Stadium,23.1
"41.588, -93.754",Valley High School,,,0,,,Valley High School,0
"1.412389, 103.832334",Yishun Stadium,,,65.45,3400.0,,Yishun Stadium,6.545
"43.256572222, -5.780241666",Estadio Hermanos Antuña,Spain,Principado de Asturias,77,4000.0,ES,Estadio Hermanos Antuña,7.7
"-29.174167, 26.233611",Seisa Ramabodu Stadium,,,585.2,20000.0,,Seisa Ramabodu Stadium,58.52
"43.31833333, -3.02722222",Q12261739,Spain,País Vasco,0,,ES,Q12261739,0
"42.34055, -7.87555",Estadio do Couto,Spain,Galicia,130.7229,5659.0,ES,Estadio do Couto,13.07229
"40.71848583, -73.59866383",Hofstra University Soccer Stadium,,,30.8,1600.0,,Hofstra University Soccer Stadium,3.08
"47.08867, 28.77154",Ghidighici Stadium,,,28.875,1500.0,,Ghidighici Stadium,2.8875
"41.1228, 28.8087",Başakşehir Fatih Terim Stadium,TR,İstanbul,0,,TR,Başakşehir Fatih Terim Stadium,0
"47.11629, 2.39547",Stade Jacques Rimbault,France,Centre — Val de Loire,0,,FR,Stade Jacques Rimbault,0
"41.456261111, 2.236827777",Badalona municipal stadiun,Spain,Cataluña,80.2725,4170.0,ES,Badalona municipal stadiun,8.02725
"14.277277777, 100.572111111",Udhomseelwitthaya School Stadium,,,34.65,1800.0,,Udhomseelwitthaya School Stadium,3.465
"51.84616, 6.63423",Sportplatz In der Hardt,Germany,Münster,19.25,1000.0,DE,Sportplatz In der Hardt,1.925
"40.390311, 71.749638",Istiqlol Stadium,,,0,,,Istiqlol Stadium,0
"47.401111111, 18.468333333",Tersztyánszky Ödön Sportközpont,Hungary,Közép-Dunántúl,0,,HU,Tersztyánszky Ödön Sportközpont,0
"13.50055556, 144.77916667",Guam National Football Stadium,,,19.25,1000.0,,Guam National Football Stadium,1.925
"67.2775, 14.384166666",Aspmyra Stadion,,,169.8774,7354.0,,Aspmyra Stadion,16.98774
"31.751166666, 35.190616666",Teddy Stadium,,,928.50758,31733.0,,Teddy Stadium,92.850758
"10.674114, -71.645011",Estadio José Pachencho Romero,,,1570.8,40800.0,,Estadio José Pachencho Romero,157.08
"-26.193822222, 28.062513888",Johannesburg Stadium,,,1097.25,37500.0,,Johannesburg Stadium,109.725
"52.328033, -0.599992",Nene Park,,,148.7871,6441.0,,Nene Park,14.87871
"15.507455555, -88.033416666",Estadio General Francisco Morazán,,,783.61206,26781.0,,Estadio General Francisco Morazán,78.361206
"57.73457, 12.934334",Borås Arena,Sweden,Västsverige,474.012,16200.0,SE,Borås Arena,47.4012
"33.95821, -118.342",Kia Forum,,,512.05,17500.0,,Kia Forum,51.205
"31.974994, 34.752839",Haberfeld Stadium,,,138.6,6000.0,,Haberfeld Stadium,13.86
"6.44416667, 7.49638889",Nnamdi Azikiwe Stadium,,,731.5,25000.0,,Nnamdi Azikiwe Stadium,73.15
"-6.8535, 39.273811",Benjamin Mkapa National Stadium,,,2310,60000.0,,Benjamin Mkapa National Stadium,231
"-16.698889, -49.233889",Estádio Serra Dourada,,,2082.234,54084.0,,Estádio Serra Dourada,208.2234
"13.917989, 100.547411",Thunderdome Stadium,,,438.9,15000.0,,Thunderdome Stadium,43.89
"42.356389, 13.403889",Stadio Tommaso Fattori,Italy,Abruzzo,212.52,9200.0,IT,Stadio Tommaso Fattori,21.252
"12.513055555, -70.023611111",Guillermo Prospero Trinidad Stadium,,,127.05,5500.0,,Guillermo Prospero Trinidad Stadium,12.705
"53.53613, 8.09622",Jadestadion,Germany,Weser-Ems,173.25,7500.0,DE,Jadestadion,17.325
"-22.60763611, 17.090975",Sam Nujoma Stadium,,,237.93,10300.0,,Sam Nujoma Stadium,23.793
"11.999722, 8.529167",Sani Abacha Stadium,,,731.5,25000.0,,Sani Abacha Stadium,73.15
"47.24391, 6.0031",Léo Lagrange stadium,France,Franche-Comté,242.55,10500.0,FR,Léo Lagrange stadium,24.255
"40.90972222, 38.37194444",Giresun Atatürk Stadium,TR,"Trabzon, Ordu, Giresun, Rize, Artvin, Gümüşhane",281.6121,12191.0,TR,Giresun Atatürk Stadium,28.16121
"52.674167, -8.6425",Thomond Park,Ireland,Southern,775.39,26500.0,IE,Thomond Park,77.539
"52.4692, 13.4167",Q1571306,Germany,Berlin,67.375,3500.0,DE,Q1571306,6.7375
"30.427213888, -9.540425",Adrar Stadium,,,1617,42000.0,,Adrar Stadium,161.7
"-12.36055556, 27.82416667",Konkola Stadium,,,497.42,17000.0,,Konkola Stadium,49.742
"-33.961944, 18.516667",Athlone Stadium,,,994.84,34000.0,,Athlone Stadium,99.484
"7.39638889, 3.88583333",Lekan Salami Stadium,,,526.68,18000.0,,Lekan Salami Stadium,52.668
"17.069667, -96.713111",Estadio Benito Juárez,,,277.2,12000.0,,Estadio Benito Juárez,27.72
"-20.45861944, 16.65865278",Mokati Stadium,,,19.25,1000.0,,Mokati Stadium,1.925
"-12.5425, 27.84638889",Nchanga Stadium,,,0,,,Nchanga Stadium,0
"33.595556, -7.608333",Stade Larbi Benbarek,,,585.2,20000.0,,Stade Larbi Benbarek,58.52
"49.575353, 6.158297",Stade Alphonse Theis,Luxembourg,Luxembourg,78.925,4100.0,LU,Stade Alphonse Theis,7.8925
"14.067778, 100.598611",Thammasat Stadium,,,585.2,20000.0,,Thammasat Stadium,58.52
"51.311408, 4.942839",Stadsparkstadion,Belgium,Prov. Antwerpen,57.75,3000.0,BE,Stadsparkstadion,5.775
"36.727778, 9.1925",Stade Olympique,,,0,,,Stade Olympique,0
"31.510833, 74.331944",Punjab Stadium,,,877.8,30000.0,,Punjab Stadium,87.78
"38.58590556, 68.76951111",Pamir Stadium,,,702.24,24000.0,,Pamir Stadium,70.224
"20.945833, -89.593611",Estadio Carlos Iturralde,,,526.68,18000.0,,Estadio Carlos Iturralde,52.668
"24.01433056, -104.68690833",Estadio Francisco Zarco,,,526.68,18000.0,,Estadio Francisco Zarco,52.668
"29.107694, -110.995764",Estadio Héroe de Nacozari,,,877.8,30000.0,,Estadio Héroe de Nacozari,87.78
"19.285156, -99.676131",Estadio Universitario Alberto Chivo Cordova,,,953.96378,32603.0,,Estadio Universitario Alberto Chivo Cordova,95.396378
"23.73945, -99.15246667",Villareal Anaya Stadium,,,585.2,20000.0,,Villareal Anaya Stadium,58.52
"23.7395, -99.1525",Villareal Anaya Stadium,,,585.2,20000.0,,Villareal Anaya Stadium,58.52
"6.450438888, 100.200558333",Utama Negeri Stadium,,,585.2,20000.0,,Utama Negeri Stadium,58.52
"35.741211, -5.858105",Tangier Grand Stadium,,,2887.5,75000.0,,Tangier Grand Stadium,288.75
"32.475555555, -93.791944444",Independence Stadium,,,1902.9395,49427.0,,Independence Stadium,190.29395
"40.077222, -2.140278",Estadio La Fuensanta,Spain,Castilla-La Mancha,154.77,6700.0,ES,Estadio La Fuensanta,15.477
"9.991111111, -83.033055555",Estadio Juan Gobán,,,45.21825,2349.0,,Estadio Juan Gobán,4.521825
"50.464167, 4.860833",Stade communal de Namur,Belgium,Prov. Namur,67.375,3500.0,BE,Stade communal de Namur,6.7375
"48.1779, 6.46339",Stade de la Colombière,France,Lorraine,166.32,7200.0,FR,Stade de la Colombière,16.632
"48.60534, 7.76162",Q3496000,France,Alsace,48.125,2500.0,FR,Q3496000,4.8125
"34.2527, -6.57155",Stade Municipal,,,438.9,15000.0,,Stade Municipal,43.89
"44.426666666, 18.034444444",Gradski stadion,BA,Federacija Bosne i Hercegovine,0,,BA,Gradski stadion,0
"32.907897, 35.086067",Acre Municipal Stadium,,,115.5,5000.0,,Acre Municipal Stadium,11.55
"17.956389, -76.717222",Harbour View Stadium,,,161.7,7000.0,,Harbour View Stadium,16.17
"42.275556, 23.135556",Bonchuk Stadium,Bulgaria,Yugozapaden,469.623,16050.0,BG,Bonchuk Stadium,46.9623
"42.026389, 23.1",Hristo Botev Stadium,Bulgaria,Yugozapaden,173.25,7500.0,BG,Hristo Botev Stadium,17.325
"40.629575, 14.383758",Stadio Italia,,,69.3,3600.0,,Stadio Italia,6.93
"40.709722, 14.7025",Stadio Simonetta Lamberti,Italy,Campania,115.5,5000.0,IT,Stadio Simonetta Lamberti,11.55
"-16.4275, 179.374",Subrail Park,,,0,,,Subrail Park,0
"51.39010278, 0.02108333",Hayes Lane,,,115.5,5000.0,,Hayes Lane,11.55
"67.2782, 14.4147",Bodø Spektrum,,,0,,,Bodø Spektrum,0
"55.7025, 12.572222",Idrætsparken,Denmark,Hovedstaden,2016.5145,52377.0,DK,Idrætsparken,201.65145
"53.225338, -3.076504",Deeside Stadium,,,8.085,420.0,,Deeside Stadium,0.8085
"-34.486608, -54.324539",Estadio Municipal Doctor Mario Sobrero,,,184.8,8000.0,,Estadio Municipal Doctor Mario Sobrero,18.48
"18.997222, -98.1975",Estadio Olímpico de C.U.,,,605.682,20700.0,,Estadio Olímpico de C.U.,60.5682
"-22.869767, -43.337275",Estádio Conselheiro Galvão,,,63.7945,3314.0,,Estádio Conselheiro Galvão,6.37945
"40.18683056, -8.50968333",Estádio Municipal Sérgio Conceição,Portugal,Centro (PT),48.125,2500.0,PT,Estádio Municipal Sérgio Conceição,4.8125
"-16.670833, -49.2625",Estádio Olímpico Pedro Ludovico,,,231,10000.0,,Estádio Olímpico Pedro Ludovico,23.1
"-8.81427, 13.226",Estádio dos Coqueiros,,,277.2,12000.0,,Estádio dos Coqueiros,27.72
"-36.8001, 174.596",Fred Taylor Park,,,231,10000.0,,Fred Taylor Park,23.1
"38.096319, 23.651244",Fyli Municipal Stadium,Greece,Attica,77,4000.0,Greece,Fyli Municipal Stadium,7.7
"1.3529, 103.941",Our Tampines Hub,,,77,4000.0,,Our Tampines Hub,7.7
"1.338309, 103.694123",Jurong West Stadium,,,61.6,3200.0,,Jurong West Stadium,6.16
"-29.971389, 30.9",King Zwelithini Stadium,,,231,10000.0,,King Zwelithini Stadium,23.1
"51.306333, -0.558811",Kingfield Stadium,,,139.4316,6036.0,,Kingfield Stadium,13.94316
"64.11222222, -21.91277778",Kórinn fjölnota knatthús,Iceland,Ísland,0,,IS,Kórinn fjölnota knatthús,0
"55.57611111, 12.93555556",Limhamns IP,,,0,,,Limhamns IP,0
"51.751111, -3.377778",Penydarren Park,,,231,10000.0,,Penydarren Park,23.1
"57.0983, 12.2654",Påskbergsvallen,Sweden,Västsverige,86.625,4500.0,SE,Påskbergsvallen,8.6625
"-14.449738888, 28.44245",Railways Stadium,,,0,,,Railways Stadium,0
"43.024167, 25.111389",Rakovski Stadium,Bulgaria,Severen tsentralen,115.5,5000.0,BG,Rakovski Stadium,11.55
"2.0787, 11.5011",Stade Gaston-Peyrille,,,0,,,Stade Gaston-Peyrille,0
"45.357778, 23.211389",Stadionul Minerul,Romania,Vest,57.75,3000.0,RO,Stadionul Minerul,5.775
"-29.769444, 30.885556",Sugar Ray Xulu Stadium,,,150.15,6500.0,,Sugar Ray Xulu Stadium,15.015
"53.716111, -1.859167",The Shay,,,324.8091,14061.0,,The Shay,32.48091
"59.6206, 16.2247",Trollebo IP,Sweden,Östra Mellansverige,0,,SE,Trollebo IP,0
"-34.009003, 18.460894",Wynberg Military Base Stadium,,,48.125,2500.0,,Wynberg Military Base Stadium,4.8125
"32.483212, -116.91748",Mobil Park,,,541.31,18500.0,,Mobil Park,54.131
"-1.444008, -48.462958",Estádio da Curuzú,,,277.2,12000.0,,Estádio da Curuzú,27.72
"-1.443888888, -48.463055555",Estádio da Curuzú,,,277.2,12000.0,,Estádio da Curuzú,27.72
"-1.444008, -48.462958",Estádio da Curuzú,,,277.2,20000.0,,Estádio da Curuzú,27.72
"-1.443888888, -48.463055555",Estádio da Curuzú,,,277.2,20000.0,,Estádio da Curuzú,27.72
"-20.316111, -40.308333",Q9255536,,,231,10000.0,,Q9255536,23.1
"18.574745, 73.760984",Shree Shiv Chhatrapati Sports Complex,,,643.72,22000.0,,Shree Shiv Chhatrapati Sports Complex,64.372
"32.720903, 35.265769",Ilut Stadium,,,94.941,4932.0,,Ilut Stadium,9.4941
"-37.84027778, 144.965",Lakeside Stadium,,,438.9,15000.0,,Lakeside Stadium,43.89
"43.42833333, 28.33111111",Kavarna Stadium,Bulgaria,Severoiztochen,115.5,5000.0,BG,Kavarna Stadium,11.55
"35.56055556, 35.74472222",Latakia Sports City Stadium,,,1732.5,45000.0,,Latakia Sports City Stadium,173.25
"37.928889, 41.9375",Siirt Atatürk Stadium,TR,"Mardin, Batman, Şırnak, Siirt",161.7,7000.0,TR,Siirt Atatürk Stadium,16.17
"42.882767, -8.516014",Estadio Multiusos de San Lázaro,Spain,Galicia,487.64716,16666.0,ES,Estadio Multiusos de San Lázaro,48.764716
"63.83, 20.285277777",Umeå Energi Arena,Sweden,Övre Norrland,231,10000.0,SE,Umeå Energi Arena,23.1
"50.868333, 4.694167",Den Dreef,Belgium,Prov. Vlaams-Brabant,219.2883,9493.0,BE,Den Dreef,21.92883
"59.434472222, 24.783444444",Kadriorg Stadium,Estonia,Eesti,115.5,5000.0,EE,Kadriorg Stadium,11.55
"57.783333333, 14.141944444",Stadsparksvallen,Sweden,Småland med öarna,127.8585,5535.0,SE,Stadsparksvallen,12.78585
"53.285278, 69.391667",Okzhetpes Stadium,,,80.0415,4158.0,,Okzhetpes Stadium,8.00415
"46.0685, 18.1959",Stadion PMFC,Hungary,Dél-Dunántúl,161.7,7000.0,HU,Stadion PMFC,16.17
"40.180278, 44.494444",Hrazdan Stadium,,,2087.008,54208.0,,Hrazdan Stadium,208.7008
"10.661522, -61.533033",Hasely Crawford Stadium,,,790.02,27000.0,,Hasely Crawford Stadium,79.002
"45.818858333, 16.018077777",Stadion Maksimir,Croatia,Grad Zagreb,2310,60000.0,HR,Stadion Maksimir,231
"43.97125, 12.476972",San Marino Stadium,,,153.9384,6664.0,,San Marino Stadium,15.39384
"43.97125, 12.476972",San Marino Stadium,,,153.9384,6664.0,,San Marino Stadium,15.39384
"46.938517, 26.354424",Stadionul Ceahlăul,Romania,Nord-Est,526.68,18000.0,RO,Stadionul Ceahlăul,52.668
"-34.6185, -58.447639",Ferro Carril Oeste Stadium,,,715.17292,24442.0,,Ferro Carril Oeste Stadium,71.517292
"55.2231, 11.7664",Næstved Stadion,Denmark,Sjælland,585.2,20000.0,DK,Næstved Stadion,58.52
"42.476389, 1.487667",Estadi Comunal d'Aixovall,,,19.25,1000.0,,Estadi Comunal d'Aixovall,1.925
"42.476389, 1.487667",Estadi Comunal d'Aixovall,,,19.25,1000.0,,Estadi Comunal d'Aixovall,1.925
"13.45638889, -16.58166667",Box Bar Stadium,,,231,10000.0,,Box Bar Stadium,23.1
"38.913933, -6.336406",Estadio Romano,Spain,Extremadura,337.26,14600.0,ES,Estadio Romano,33.726
"42.3926, 18.9244",Stadion Obilića Poljana,ME,Crna Gora,38.5,2000.0,ME,Stadion Obilića Poljana,3.85
"47.895253353, 20.377831511",Szentmarjay Tibor Városi Stadion,Hungary,Észak-Magyarország,138.6,6000.0,HU,Szentmarjay Tibor Városi Stadion,13.86
"46.633708333, 18.852552777",Fehérvári úti Stadion,Hungary,Dél-Dunántúl,0,,HU,Fehérvári úti Stadion,0
"41.428836, 2.193047",Camp Municipal Narcís Sala,Spain,Cataluña,151.6053,6563.0,ES,Camp Municipal Narcís Sala,15.16053
"47.7676, 19.1382",Ligeti Stadion,Hungary,Pest,207.9,9000.0,HU,Ligeti Stadion,20.79
"35.5725, -5.348611",Saniat Rmel,,,438.9,15000.0,,Saniat Rmel,43.89
"41.551111111, -8.622777777",Estádio Cidade de Barcelos,Portugal,Norte,278.2626,12046.0,PT,Estádio Cidade de Barcelos,27.82626
"27.695052, 85.314835",Dasarath Rangasala Stadium,,,877.8,30000.0,,Dasarath Rangasala Stadium,87.78
"32.01064167, 118.7197",Nanjing Olympic Sports Centre,,,2365.5555,61443.0,,Nanjing Olympic Sports Centre,236.55555
"32.010642, 118.7197",Nanjing Olympic Sports Centre,,,2365.5555,61443.0,,Nanjing Olympic Sports Centre,236.55555
"45.783056, 24.143611",Municipal stadium in Sibiu,Romania,Centru,328.02,14200.0,RO,Municipal stadium in Sibiu,32.802
"20.705, -103.328139",Jalisco Stadium,,,2433.2,63200.0,,Jalisco Stadium,243.32
"35.894863888, 14.415372222",Ta' Qali National Stadium,Malta,Malta,520.74022,17797.0,MT,Ta' Qali National Stadium,52.074022
"35.894863888, 14.415372222",Ta' Qali National Stadium,Malta,Malta,520.74022,17797.0,MT,Ta' Qali National Stadium,52.074022
"25.555, -103.403056",Estadio Corona,,,588.126,20100.0,,Estadio Corona,58.8126
"-25.3, -57.6375",Estadio General Pablo Rojas,,,0,,,Estadio General Pablo Rojas,0
"9.035833, -79.469444",Estadio Rommel Fernández,,,936.32,32000.0,,Estadio Rommel Fernández,93.632
"58.374672, 24.503461",Pärnu Rannastaadion,Estonia,Eesti,28.89425,1501.0,EE,Pärnu Rannastaadion,2.889425
"4.174083333, 73.513083333",Galolhu National Stadium,,,300.3,13000.0,,Galolhu National Stadium,30.03
"4.1684, 73.5368",Galolhu National Stadium,,,300.3,13000.0,,Galolhu National Stadium,30.03
"45.775, 12.831389",Stadio Piergiovanni Mecchia,Italy,Veneto,77.40425,4021.0,IT,Stadio Piergiovanni Mecchia,7.740425
"54.508425, -1.534394",The Darlington Arena,,,731.5,25000.0,,The Darlington Arena,73.15
"-3.383333, 29.373778",Intwari Stadium,,,643.72,22000.0,,Intwari Stadium,64.372
"39.91027778, 44.02944444",Iğdır Stadium,TR,"Ağrı, Kars, Iğdır, Ardahan",67.9525,3530.0,TR,Iğdır Stadium,6.79525
"-17.7339, 168.337",Korman Stadium,,,150.15,6500.0,,Korman Stadium,15.015
"58.35666667, 11.95",Rimnersvallen,Sweden,Västsverige,277.2,12000.0,SE,Rimnersvallen,27.72
"36.801055, 3.048111",Omar Hamadi Stadium,,,497.42,17000.0,,Omar Hamadi Stadium,49.742
"44.960947, 34.104856",Fiolent Stadium,,,115.5,5000.0,,Fiolent Stadium,11.55
"40.985194444, 47.8425",Gabala City Stadium,,,77,4000.0,,Gabala City Stadium,7.7
"48.47888889, 135.04638889",Lenin Stadium,,,444.752,15200.0,,Lenin Stadium,44.4752
"47.184583, 27.561389",Stadionul Emil Alexandrescu,Romania,Nord-Est,263.109,11390.0,RO,Stadionul Emil Alexandrescu,26.3109
"36.78626, 34.617555",Tevfik Sırrı Gür Stadium,TR,"Adana, Mersin",233.9568,10128.0,TR,Tevfik Sırrı Gür Stadium,23.39568
"0.335, 6.7375",Estádio Nacional 12 de Julho,,,150.15,6500.0,,Estádio Nacional 12 de Julho,15.015
"51.885528, -8.46775",Turners Cross,Ireland,Southern,172.9035,7485.0,IE,Turners Cross,17.29035
"-22.610833, -43.330556",Estádio de Los Larios,,,254.1,11000.0,,Estádio de Los Larios,25.41
"53.205714, -6.102889",Carlisle Grounds,Ireland,Eastern and Midland,61.31125,3185.0,IE,Carlisle Grounds,6.131125
"39.5425, -0.45555556",Ciudad Deportiva de Paterna,Spain,Comunitat Valenciana,57.75,3000.0,ES,Ciudad Deportiva de Paterna,5.775
"51.5569, -0.778849",Bisham Abbey,,,0,,,Bisham Abbey,0
"51.5577, -0.779852",Bisham Abbey,,,0,,,Bisham Abbey,0
"-29.162, -51.176",Estádio Alfredo Jaconi,,,892.98594,30519.0,,Estádio Alfredo Jaconi,89.298594
"50.279747, 19.001203",Stadion GKS Katowice,Poland,Śląskie,155.001,6710.0,PL,Stadion GKS Katowice,15.5001
"42.0808178, 22.1610253",Gradski stadion Kratovo,MK,Severna Makedonija,34.65,1800.0,MK,Gradski stadion Kratovo,3.465
"49.546111111, 5.903369444",Stade Jos Haupert,Luxembourg,Luxembourg,92.9775,4830.0,LU,Stade Jos Haupert,9.29775
"13.482576, -88.169038",Estadio Juan Francisco Barraza,,,231,10000.0,,Estadio Juan Francisco Barraza,23.1
"15.4762068, -90.3769094",Estadio Verapaz,,,438.9,15000.0,,Estadio Verapaz,43.89
"45.78786, 4.7975",Stadium of La Duchère,France,Rhône-Alpes,125.6178,5438.0,FR,Stadium of La Duchère,12.56178
"38.774, -9.103",Estádio Alfredo Marques Augusto,,,0,,,Estádio Alfredo Marques Augusto,0
"43.9453, 12.4661",Campo sportivo di Domagnano,,,9.625,500.0,,Campo sportivo di Domagnano,0.9625
"5.411698, 100.314505",City Stadium,,,585.2,20000.0,,City Stadium,58.52
"-9.6378, -35.747708",Estádio Mutange,,,77,4000.0,,Estádio Mutange,7.7
"61.7825, 34.3673",Spartak Stadium,,,0,,,Spartak Stadium,0
"51.50166667, 31.32722222",Chernihiv Stadium,,,323.4,14000.0,,Chernihiv Stadium,32.34
"-7.026052, 110.409524",Jatidiri Stadium,,,38.5,2000.0,,Jatidiri Stadium,3.85
"40.801944, 19.909444",Bashkim Sulejmani Stadium,AL,Jug,115.5,5000.0,AL,Bashkim Sulejmani Stadium,11.55
"37.77547222, 29.03777778",Doğan Seyfi Atlı Stadium,TR,"Aydın, Denizli, Muğla",38.5,2000.0,TR,Doğan Seyfi Atlı Stadium,3.85
"46.955555555, 18.947222222",Dunaferr Arena,Hungary,Közép-Dunántúl,0,,HU,Dunaferr Arena,0
"38.102995, -3.622964",Estadio Municipal de Linarejos,Spain,Andalucía,231,10000.0,ES,Estadio Municipal de Linarejos,23.1
"56.7353, -2.65639",Glebe Park,,,76.23,3960.0,,Glebe Park,7.623
"3.098708333, 101.593769444",Petaling Jaya Stadium,,,731.5,25000.0,,Petaling Jaya Stadium,73.15
"33.207894, 35.575629",Kiryat Shmona Municipal Stadium,,,122.43,5300.0,,Kiryat Shmona Municipal Stadium,12.243
"45.56648333, 15.19025556",Loka Stadium,Slovenia,Vzhodna Slovenija,0,,SI,Loka Stadium,0
"-21.57, -45.414167",Melão,,,452.68146,15471.0,,Melão,45.268146
"1.29589, 103.802",Queenstown Stadium,,,73.15,3800.0,,Queenstown Stadium,7.315
"49.42055556, 26.99555556",Sport Complex Podillia,,,242.55,10500.0,,Sport Complex Podillia,24.255
"56.509502, 27.3406363",Sporta Aģentūras Stadions,Latvia,Latvija,18.8265,978.0,LV,Sporta Aģentūras Stadions,1.88265
"49.840277777, 6.095555555",Stade Am Deich,Luxembourg,Luxembourg,38.885,2020.0,LU,Stade Am Deich,3.8885
"45.724, 16.0732",Stadion Radnik,Croatia,Sjeverna Hrvatska,184.8,8000.0,HR,Stadion Radnik,18.48
"40.3281, 36.556",Tokat Gaziosmanpaşa Stadium,TR,"Samsun, Tokat, Çorum, Amasya",173.25,7500.0,TR,Tokat Gaziosmanpaşa Stadium,17.325
"54.479, 26.4044",Yunost Stadium,,,67.375,3500.0,,Yunost Stadium,6.7375
"42.3599, 19.3264",Stadion Tuško Polje,ME,Crna Gora,19.25,1000.0,ME,Stadion Tuško Polje,1.925
"-25.43944444, -49.25583333",Q10277392,,,,,,Q10277392,58.52
"57.63527778, 18.2975",Gutavallen,Sweden,Småland med öarna,115.5,5000.0,SE,Gutavallen,11.55
"57.7814, 14.1536",Jönköpings idrottshus,Sweden,Småland med öarna,0,,SE,Jönköpings idrottshus,0
"57.7847, 14.2744",Vapenvallen,Sweden,Småland med öarna,0,,SE,Vapenvallen,0
"-26.4906, 31.3744",Trade Fair Ground,,,0,,,Trade Fair Ground,0
"51.663469, -3.797161",The Gnoll,,,115.5,5000.0,,The Gnoll,11.55
"55.2615, 22.2794",Vytautas Stadium,Lithuania,Vidurio ir vakarų Lietuvos regionas,61.6,3200.0,LT,Vytautas Stadium,6.16
"43.046697843, -2.213499729",Q19948037,Spain,País Vasco,138.6,6000.0,ES,Q19948037,13.86
"-27.069915, -70.82797",Estadio La Caldera,,,0,,,Estadio La Caldera,0
"54.638, -1.69271",Blackwell Meadows,,,57.75,3000.0,,Blackwell Meadows,5.775
"43.323194444, -2.675083333",Complejo Deportivo Urbieta,Spain,País Vasco,57.75,3000.0,ES,Complejo Deportivo Urbieta,5.775
"59.951944, 30.286389",Petrovsky Stadium,,,629.20704,21504.0,,Petrovsky Stadium,62.920704
"-25.461888888, 30.929777777",Mbombela Stadium,,,1674.75,43500.0,,Mbombela Stadium,167.475
"35.388056, 0.159444",Stade de l'Unité Africaine,,,877.8,30000.0,,Stade de l'Unité Africaine,87.78
"25.34474, 51.440562",Thani bin Jassim Stadium,,,1722.49,44740.0,,Thani bin Jassim Stadium,172.249
"-8.106655, -79.030977",Estadio Mansiche,,,702.24,24000.0,,Estadio Mansiche,70.224
"51.460317, 0.116514",Park View Road,,,0,,,Park View Road,0
"45.818858333, 16.018077777",Stadion Maksimir,Croatia,Grad Zagreb,2310,60000.0,HR,Stadion Maksimir,231
"13.12, -59.605",Barbados National Stadium,,,438.9,15000.0,,Barbados National Stadium,43.89
"47.561944444, 19.121388888",Stadion Budai II. Laszló,Hungary,Budapest,0,,HU,Stadion Budai II. Laszló,0
"16.78386389, -62.18632222",Blakes Estate Stadium,,,19.25,1000.0,,Blakes Estate Stadium,1.925
"6.808166666, -58.149872222",Bourda,,,643.72,22000.0,,Bourda,64.372
"12.36869444, -1.55344444",Stade du 4 Août,,,1540,40000.0,,Stade du 4 Août,154
"45.650556, 25.760278",Tărlungeni,Romania,Centru,0,,RO,Tărlungeni,0
"35.882861111, 14.513027777",Tony Bezzina Stadium,,,38.5,2000.0,,Tony Bezzina Stadium,3.85
"59.6275, 16.530555555",Hitachi Energy Arena,Sweden,Östra Mellansverige,162.7164,7044.0,SE,Hitachi Energy Arena,16.27164
"59.6275, 16.530555555",Hitachi Energy Arena,Sweden,Östra Mellansverige,161.7,15000.0,SE,Hitachi Energy Arena,16.17
"27.695052, 85.314835",Dasarath Rangasala Stadium,,,877.8,30000.0,,Dasarath Rangasala Stadium,87.78
"-38.017944, -57.582333",José María Minella Stadium,,,1931.93,50180.0,,José María Minella Stadium,193.193
"19.164222, -96.125017","Estadio Luis ""Pirata"" Fuente",,,877.8,30000.0,,"Estadio Luis ""Pirata"" Fuente",87.78
"-12.067138888, -77.033722222",National Stadium of Peru,,,1658.811,43086.0,,National Stadium of Peru,165.8811
"-12.067138888, -77.033722222",National Stadium of Peru,,,1658.811,43086.0,,National Stadium of Peru,165.8811
"-12.067138888, -77.033722222",National Stadium of Peru,,,1658.811,43086.0,,National Stadium of Peru,165.8811
"15.28972222, 73.9625",Fatorda Stadium,,,555.94,19000.0,,Fatorda Stadium,55.594
"53.1275, 18.024167",Polonia Bydgoszcz Stadium,Poland,Kujawsko-pomorskie,585.2,20000.0,PL,Polonia Bydgoszcz Stadium,58.52
"8.479556, -13.249056",National Stadium,,,1732.5,45000.0,,National Stadium,173.25
"39.906666666, -75.171111111",Veterans Stadium,,,2398.781,62306.0,,Veterans Stadium,239.8781
"12.15274444, -68.88754722",Ergilio Hato Stadium,,,438.9,15000.0,,Ergilio Hato Stadium,43.89
"47.859627, 35.096952",Slavutych Arena,,,277.2,12000.0,,Slavutych Arena,27.72
"50.883056, 3.428889",Regenboogstadion,Belgium,Prov. West-Vlaanderen,235.62,10200.0,BE,Regenboogstadion,23.562
"51.5047, 7.62778",Q1945602,Germany,Arnsberg,115.5,5000.0,DE,Q1945602,11.55
"50.736248, 3.587192",Q2031487,Belgium,Prov. Hainaut,231,10000.0,BE,Q2031487,23.1
"54.614444, 39.736111",TSK stadion,,,731.5,25000.0,,TSK stadion,73.15
"10.760703, 106.663331",Thong Nhat Stadium,,,731.5,25000.0,,Thong Nhat Stadium,73.15
"47.205833333, 9.537777777",Sportpark Eschen-Mauren,Liechtenstein,Liechtenstein,138.6,6000.0,LI,Sportpark Eschen-Mauren,13.86
"40.7181, 8.57972",Stadio Vanni Sanna,Italy,Sardegna,172.788,7480.0,IT,Stadio Vanni Sanna,17.2788
"43.41251, 3.67057",Stade Louis Michel,France,Languedoc-Roussillon,196.35,8500.0,FR,Stade Louis Michel,19.635
"53.284658, -9.056258",Eamonn Deacy Park,Ireland,Northern and Western,115.5,5000.0,IE,Eamonn Deacy Park,11.55
"-25.9747, 32.5797",Estádio do Desportivo,,,0,,,Estádio do Desportivo,0
"-25.9414, 32.6162",Estádio do Costa do Sol,,,231,10000.0,,Estádio do Costa do Sol,23.1
"35.030833, 33.987222",Paralimni Stadium,Cyprus,Kýpros,87.241,4532.0,CY,Paralimni Stadium,8.7241
"4.374417, 18.564389",Barthélemy Boganda Stadium,,,1024.1,35000.0,,Barthélemy Boganda Stadium,102.41
"22.279988, -97.850773",Estadio Tamaulipas,,,575.45642,19667.0,,Estadio Tamaulipas,57.545642
"8.108889, -80.972778",Estadio Áristocles Castillo,,,51.975,2700.0,,Estadio Áristocles Castillo,5.1975
"46.166111, 16.834722",Gradski stadion,Croatia,Sjeverna Hrvatska,77,4000.0,HR,Gradski stadion,7.7
"45.440833, 17.663333",Kamen Ingrad Stadium,Croatia,Panonska Hrvatska,184.8,8000.0,HR,Kamen Ingrad Stadium,18.48
"-20.245833, 57.421111",Stade Germain Comarmond,,,438.9,15000.0,,Stade Germain Comarmond,43.89
"9.976422, -84.838781",Estadio Lito Pérez,,,79.02125,4105.0,,Estadio Lito Pérez,7.902125
"30.960556, 31.172778",El Mahalla Stadium,,,585.2,20000.0,,El Mahalla Stadium,58.52
"6.49017, -6.59169",Stade d'Issia,,,57.75,3000.0,,Stade d'Issia,5.775
"34.4225, 8.771667",Stade du 7 Novembre de Gafsa,,,161.7,7000.0,,Stade du 7 Novembre de Gafsa,16.17
"42.843342, 19.866285",Gradski stadion,ME,Crna Gora,254.1,11000.0,ME,Gradski stadion,25.41
"35.146111, 33.314444",Makario Stadium,Cyprus,Kýpros,216.1005,9355.0,CY,Makario Stadium,21.61005
"35.146111, 33.314444",Makario Stadium,Cyprus,Kýpros,216.0774,15590.0,CY,Makario Stadium,21.60774
"41.868, 12.5318",Q3866434,Italy,Lazio,0,,IT,Q3866434,0
"45.857831, 9.398919",Stadio Rigamonti,Italy,Lombardia,127.2348,5508.0,IT,Stadio Rigamonti,12.72348
"44.0582, 12.4501",Stadio Valentino Mazzola,Italy,Emilia-Romagna,50.2425,2610.0,IT,Stadio Valentino Mazzola,5.02425
"44.05836111, 12.44988889",Stadio Valentino Mazzola,Italy,Emilia-Romagna,50.2425,2610.0,IT,Stadio Valentino Mazzola,5.02425
"48.7664, 44.4772","Olympia Stadium, Volgograd",,,0,,,"Olympia Stadium, Volgograd",0
"33.589556, 73.054331","Army Stadium, Rawalpindi",,,161.7,7000.0,,"Army Stadium, Rawalpindi",16.17
"57.5117, -1.79585",Balmoor Stadium,,,60.6375,3150.0,,Balmoor Stadium,6.06375
"-18.14685, 49.38610833",Barikadimy Stadium,,,585.2,20000.0,,Barikadimy Stadium,58.52
"51.8092, -4.96747",Bridge Meadow Stadium,,,0,,,Bridge Meadow Stadium,0
"-18.005, -70.253056",Estadio Jorge Basadre,,,580.811,19850.0,,Estadio Jorge Basadre,58.0811
"-32.90753056, -60.68376667",José Martín Olaeta Stadium,,,277.2,12000.0,,José Martín Olaeta Stadium,27.72
"-33.396, -70.5005",Estadio Segundo Aranda Torres,,,184.8,8000.0,,Estadio Segundo Aranda Torres,18.48
"-33.396, -70.5005",Estadio Segundo Aranda Torres,,,184.8,8000.0,,Estadio Segundo Aranda Torres,18.48
"33.987611, 35.638643",Fouad Chehab Stadium,,,115.5,5000.0,,Fouad Chehab Stadium,11.55
"59.122671, 11.374369",Halden Stadion,Norway,Oslo og Viken,115.5,5000.0,NO,Halden Stadion,11.55
"-6.09607, 106.722125",Kamal Muara Stadium,,,231,10000.0,,Kamal Muara Stadium,23.1
"60.986389, 25.650278",Lahden kisapuisto,Finland,Etelä-Suomi,77,4000.0,FI,Lahden kisapuisto,7.7
"45.1575, -93.225925",National Sports Center,,,277.2,12000.0,,National Sports Center,27.72
"0.311629, 32.573541",Nakivubo Stadium,,,438.9,15000.0,,Nakivubo Stadium,43.89
"43.024167, 25.111389",Rakovski Stadium,Bulgaria,Severen tsentralen,115.5,5000.0,BG,Rakovski Stadium,11.55
"37.5699, -77.4624",Sports Backers Stadium,,,62.5625,3250.0,,Sports Backers Stadium,6.25625
"5.3238, 10.37057",Stade de Baham,,,0,,,Stade de Baham,0
"44.808144, 20.373892",Stadion FK Bežanija,RS,City of Belgrade,115.5,5000.0,RS,Stadion FK Bežanija,11.55
"45.146028, 26.803333",Municipal Stadium in Buzău,Romania,Sud-Est,526.68,18000.0,RO,Municipal Stadium in Buzău,52.668
"44.1172, 24.3322","Stadionul ""Jane Nițulescu""",Romania,Sud-Vest Oltenia,0,,RO,"Stadionul ""Jane Nițulescu""",0
"44.30861111, 26.18388889",Stadionul Unirea,Romania,Bucureşti-Ilfov,0,,RO,Stadionul Unirea,0
"53.134722, -4.2675",The Oval,,,57.75,3000.0,,The Oval,5.775
"43.7722, -79.6025",The Soccer Centre,,,19.25,1000.0,,The Soccer Centre,1.925
"35.458333, 134.221667",Tottori Bank Bird Stadium,,,469.12558,16033.0,,Tottori Bank Bird Stadium,46.912558
"-32.092778, -52.158889",Q9255180,,,67.375,3500.0,,Q9255180,6.7375
"-21.59175, -48.80502",Estádio Municipal dos Amaros,,,472.34418,16143.0,,Estádio Municipal dos Amaros,47.234418
"37.412735668, -4.505059288",Q12388103,Spain,Andalucía,438.9,15000.0,ES,Q12388103,43.89
"63.70138889, 20.35361111",Kamratvallen,Sweden,Övre Norrland,0,,SE,Kamratvallen,0
"55.43305556, -2.76277778",Albert Park,,,28.875,1500.0,,Albert Park,2.8875
"50.6004, 5.50372",Stade du Pairay,Belgium,Prov. Liège,330.9768,14328.0,BE,Stade du Pairay,33.09768
"42.0155, 21.4443",Čair Stadium,MK,Severna Makedonija,0,,MK,Čair Stadium,0
"64.13846, -21.7882",Fjölnisvöllur,Iceland,Ísland,0,,IS,Fjölnisvöllur,0
"16.179194444, -22.909305555",Estadio Municipal Arsénio Ramos,,,57.75,3000.0,,Estadio Municipal Arsénio Ramos,5.775
"64.754784698, 20.972692566",Norrvalla IP,Sweden,Övre Norrland,0,,SE,Norrvalla IP,0
"-25.343857, -57.608311",Q20024748,,,127.05,5500.0,,Q20024748,12.705
"55.8911, -4.2891",Lochburn Park,,,0,,,Lochburn Park,0
"-3.11189, -60.0175",Q48879597,,,231,10000.0,,Q48879597,23.1
"48.9373, 2.38238",Parc des sports de Marville,France,Ile-de-France,231,10000.0,FR,Parc des sports de Marville,23.1
"43.42328948, -2.723333784",Q125659900,,,57.75,3000.0,,Q125659900,5.775
"55.750555555, 37.6175",Moscow,,,0,,,Moscow,0
"-23.282222, -51.165",Estádio do Café,,,1053.36,36000.0,,Estádio do Café,105.336
"49.6, 17.248333",Andrův stadion,Czechia,Střední Morava,290.2746,12566.0,CZ,Andrův stadion,29.02746
"-8.523889, 179.198611",Tuvalu Sports Ground,,,28.875,1500.0,,Tuvalu Sports Ground,2.8875
"-8.523889, 179.198611",Tuvalu Sports Ground,,,28.875,1500.0,,Tuvalu Sports Ground,2.8875
"43.780822, 11.282258",Stadio Artemio Franchi,Italy,Toscana,1668.0125,43325.0,IT,Stadio Artemio Franchi,166.80125
"58.584166666, 16.173055555",Idrottsparken,Sweden,Östra Mellansverige,504.26684,17234.0,SE,Idrottsparken,50.426684
"9.71, -63.2677",Estadio Monumental de Maturín,,,2002,52000.0,,Estadio Monumental de Maturín,200.2
"55.7125, 21.135",Klaipėda,Lithuania,Vidurio ir vakarų Lietuvos regionas,0,,LT,Klaipėda,0
"-6.8535, 39.273811",Benjamin Mkapa National Stadium,,,2310,60000.0,,Benjamin Mkapa National Stadium,231
"13.45638889, -16.58166667",Box Bar Stadium,,,231,10000.0,,Box Bar Stadium,23.1
"40.6839, 19.6272",Alush Noga Stadium,AL,Jug,77,4000.0,AL,Alush Noga Stadium,7.7
"40.6839, 19.6272",Alush Noga Stadium,AL,Jug,77,5000.0,AL,Alush Noga Stadium,7.7
"58.4175, 15.635277777",Saab Arena,Sweden,Östra Mellansverige,196.35,8500.0,SE,Saab Arena,19.635
"58.4175, 15.635277777",Saab Arena,Sweden,Östra Mellansverige,194.81,11500.0,SE,Saab Arena,19.481
"11.19027778, -4.33083333",Stade Général Aboubacar Sangoulé Lamizana,,,0,,,Stade Général Aboubacar Sangoulé Lamizana,0
"59.6275, 16.530555555",Hitachi Energy Arena,Sweden,Östra Mellansverige,162.7164,7044.0,SE,Hitachi Energy Arena,16.27164
"59.6275, 16.530555555",Hitachi Energy Arena,Sweden,Östra Mellansverige,162.7164,7044.0,SE,Hitachi Energy Arena,16.27164
"59.6275, 16.530555555",Hitachi Energy Arena,Sweden,Östra Mellansverige,161.7,15000.0,SE,Hitachi Energy Arena,16.17
"59.6275, 16.530555555",Hitachi Energy Arena,Sweden,Östra Mellansverige,161.7,15000.0,SE,Hitachi Energy Arena,16.17
"45.783056, 24.143611",Municipal stadium in Sibiu,Romania,Centru,328.02,14200.0,RO,Municipal stadium in Sibiu,32.802
"31.75305, -106.467814",Estadio Olímpico Benito Juárez,,,652.498,22300.0,,Estadio Olímpico Benito Juárez,65.2498
"7.787166666, -72.197944444",Estadio Polideportivo de Pueblo Nuevo,,,1636.25,42500.0,,Estadio Polideportivo de Pueblo Nuevo,163.625
"1.82, 9.7875",Estadio de Bata,,,1044.582,35700.0,,Estadio de Bata,104.4582
"38.4373, 27.1508",Alsancak Mustafa Denizli Stadium,TR,İzmir,449.37508,15358.0,TR,Alsancak Mustafa Denizli Stadium,44.937508
"4.05556, 9.71861",Stade de la Réunification,,,877.8,30000.0,,Stade de la Réunification,87.78
"4.05556, 9.71861",Stade de la Réunification,,,877.8,30000.0,,Stade de la Réunification,87.78
"59.370667, 16.495",Tunavallen,Sweden,Östra Mellansverige,180.18,7800.0,SE,Tunavallen,18.018
"60.608888888, 16.773055555",Jernvallen,Sweden,Norra Mellansverige,161.7,7000.0,SE,Jernvallen,16.17
"16.762783, -93.096369",Estadio Víctor Manuel Reyna,,,848.56926,29001.0,,Estadio Víctor Manuel Reyna,84.856926
"41.4462, 22.637708",Stadion Mladost,MK,Severna Makedonija,150.15,6500.0,MK,Stadion Mladost,15.015
"-6.996667, 107.529722",Si Jalak Harupat Stadium,,,790.02,27000.0,,Si Jalak Harupat Stadium,79.002
"-15.83691, -70.022028",Estadio E. Torres Belón,,,585.2,20000.0,,Estadio E. Torres Belón,58.52
"-15.83691, -70.022028",Estadio E. Torres Belón,,,577.5,25000.0,,Estadio E. Torres Belón,57.75
"5.621239, -54.401583",Ronnie Brunswijkstadion,,,57.75,3000.0,,Ronnie Brunswijkstadion,5.775
"-4.27352778, 15.24841667",Stade Alphonse Massemba-Débat,,,966.66262,33037.0,,Stade Alphonse Massemba-Débat,96.666262
"-20.130895, 28.569624",Barbourfields Stadium,,,1540,40000.0,,Barbourfields Stadium,154
"39.932023, 32.872146",Cebeci İnönü Stadium,TR,Ankara,438.9,15000.0,TR,Cebeci İnönü Stadium,43.89
"32.167839, 34.824793",Herzliya Municipal Stadium,,,191.73,8300.0,,Herzliya Municipal Stadium,19.173
"42.88155556, 20.85088889",Olympic Stadium Adem Jashari,XK,Kosovo,833.91,28500.0,XK,Olympic Stadium Adem Jashari,83.391
"35.707671, 51.311708",Shahid Dastgerdi Stadium,,,190.575,8250.0,,Shahid Dastgerdi Stadium,19.0575
"6.123838888, 102.243561111",Sultan Mohammad IV Stadium,,,877.8,30000.0,,Sultan Mohammad IV Stadium,87.78
"19.5199, -96.9192",Estadio Xalapeño,,,277.2,12000.0,,Estadio Xalapeño,27.72
"43.46944444, 17.32777778",Mokri Dolac Stadium,BA,Federacija Bosne i Hercegovine,184.8,8000.0,BA,Mokri Dolac Stadium,18.48
"35.6663, 10.1094",Stade Ali Zouaoui,,,438.9,15000.0,,Stade Ali Zouaoui,43.89
"48.50933, -2.74479",Fred-Aubert Stadium,France,Bretagne,244.86,10600.0,FR,Fred-Aubert Stadium,24.486
"5.341944, -4.018889",Stade Municipal d'Abidjan,,,231,10000.0,,Stade Municipal d'Abidjan,23.1
"5.341944, -4.018889",Stade Municipal d'Abidjan,,,231,10000.0,,Stade Municipal d'Abidjan,23.1
"36.4941, 8.78214",Stade Municipal de Jendouba,,,77,4000.0,,Stade Municipal de Jendouba,7.7
"45.330784, 14.460184",Dvorana Mladosti,Croatia,Jadranska Hrvatska,76.23,3960.0,HR,Dvorana Mladosti,7.623
"59.386694, 13.4935",Tingvalla IP,Sweden,Norra Mellansverige,231,10000.0,SE,Tingvalla IP,23.1
"29.329002777, 47.987691666",Al-Sadaqua Walsalam Stadium,,,468.16,16000.0,,Al-Sadaqua Walsalam Stadium,46.816
"54.973346, 73.427006",Red Star Stadium,,,0,,,Red Star Stadium,0
"51.539215, 45.998533",Lokomotiv Stadium,,,438.9,15000.0,,Lokomotiv Stadium,43.89
"-9.554167, -35.75",Nelsão,,,231,10000.0,,Nelsão,23.1
"56.863223, 35.897706",Khimik Stadium in Tver,,,0,,,Khimik Stadium in Tver,0
"-6.910312, 107.619367",Siliwangi Stadium,,,731.5,25000.0,,Siliwangi Stadium,73.15
"42.466667, 21.464444",City Stadium,XK,Kosovo,438.9,15000.0,XK,City Stadium,43.89
"42.905, 21.19472222",City Stadium,XK,Kosovo,38.5,2000.0,XK,City Stadium,3.85
"42.818631, 20.974728",Vushtrri City Stadium,XK,Kosovo,0,,XK,Vushtrri City Stadium,0
"6.136022222, 100.371763888",Darul Aman Stadium,,,947.64362,32387.0,,Darul Aman Stadium,94.764362
"43.218611, 27.9125",Spartak Stadium,Bulgaria,Severoiztochen,184.8,8000.0,BG,Spartak Stadium,18.48
"10.080278, -69.329167",Estadio Farid Richa,,,288.288,12480.0,,Estadio Farid Richa,28.8288
"-29.165, -51.196667",Francisco Stédile Stadium,,,901.26652,30802.0,,Francisco Stédile Stadium,90.126652
"-23.280554, -47.288083",Estádio Novelli Júnior,,,526.68,18000.0,,Estádio Novelli Júnior,52.668
"52.3656, -6.51555",Ferrycarrig Park,Ireland,Southern,48.125,2500.0,IE,Ferrycarrig Park,4.8125
"61.500278, 23.785278",Tammelan Stadion,Finland,Länsi-Suomi,59.675,3100.0,FI,Tammelan Stadion,5.9675
"39.86972222, 48.06",Heydar Aliyev Stadium,,,196.35,8500.0,,Heydar Aliyev Stadium,19.635
"-25.295103, -57.588881",Estadio Roque F. Batelhana,,,138.6,6000.0,,Estadio Roque F. Batelhana,13.86
"55.709, 11.724",Holbæk Stadion,Denmark,Sjælland,242.55,10500.0,DK,Holbæk Stadion,24.255
"1.36912, 103.886",Hougang Stadium,,,57.75,3000.0,,Hougang Stadium,5.775
"39.4183, 29.9917",Dumlupinar Stadium,TR,"Manisa, Afyonkarahisar, Kütahya, Uşak",265.5345,11495.0,TR,Dumlupinar Stadium,26.55345
"37.5741, 36.9234",12 Şubat Stadium,TR,"Hatay, Kahramanmaraş, Osmaniye",438.9,15000.0,TR,12 Şubat Stadium,43.89
"1.34672, 103.73",Jurong East Stadium,,,0,,,Jurong East Stadium,0
"41.384722, 19.761389",Kamëz Stadium,AL,Qender,127.05,5500.0,AL,Kamëz Stadium,12.705
"-37.762208, 144.845397",Tompsett Stadium,,,438.9,15000.0,,Tompsett Stadium,43.89
"55.29916667, 23.9875",Kėdainiai Stadium,Lithuania,Vidurio ir vakarų Lietuvos regionas,57.75,3000.0,LT,Kėdainiai Stadium,5.775
"50.924444, 21.379444","Miejski Stadion Sportowy ""KSZO""",Poland,Świętokrzyskie,184.8,8000.0,PL,"Miejski Stadion Sportowy ""KSZO""",18.48
"-37.783889, 144.961667",Carlton Recreation Ground,,,0,,,Carlton Recreation Ground,0
"42.104444, 19.09",Stadion Topolica,ME,Crna Gora,138.6,6000.0,ME,Stadion Topolica,13.86
"45.408333, 23.3675",Stadionul Petre Libardi,Romania,Vest,453.53,15500.0,RO,Stadionul Petre Libardi,45.353
"44.913892, 26.041214",Stadionul Prahova,Romania,Sud-Muntenia,77,4000.0,RO,Stadionul Prahova,7.7
"44.4362, 26.0766",Stadionul Venus,Romania,Bucureşti-Ilfov,438.9,15000.0,RO,Stadionul Venus,43.89
"41.58277778, 19.93194444",Tefik Jashari Stadium,AL,Veri,77,4000.0,AL,Tefik Jashari Stadium,7.7
"53.185078, -6.810678",Station Road,Ireland,Eastern and Midland,48.125,2500.0,IE,Station Road,4.8125
"37.831, 68.7773",Tsentralnyi Stadium,,,231,10000.0,,Tsentralnyi Stadium,23.1
"56.163888888, 14.880833333",Vägga IP,Sweden,Sydsverige,0,,SE,Vägga IP,0
"-34.427778, 150.9025",Wollongong Showground,,,672.98,23000.0,,Wollongong Showground,67.298
"43.664659, 51.147333",Zhastar Stadium,,,67.375,3500.0,,Zhastar Stadium,6.7375
"48.217703, 17.410412",NTC Senec,Slovakia,Bratislavský kraj,62.832,3264.0,SK,NTC Senec,6.2832
"-18.408611, -49.243611",Estádio JK,,,965.58,33000.0,,Estádio JK,96.558
"36.5626, 32.0791",Alanya Oba Stadium,TR,"Antalya, Isparta, Burdur",0,,TR,Alanya Oba Stadium,0
"42.0155, 21.4443",Čair Stadium,MK,Severna Makedonija,0,,MK,Čair Stadium,0
"60.72555556, -46.04333333",Qaqortoq Stadium,,,0,,,Qaqortoq Stadium,0
"55.797187, 37.753822",Izmaylovo Stadium,,,0,,,Izmaylovo Stadium,0
"46.1339, 15.0031",Zagorje City Stadium,Slovenia,Vzhodna Slovenija,0,,SI,Zagorje City Stadium,0
"42.7467696, 20.7943764",Bajram Aliu Stadium,XK,Kosovo,0,,XK,Bajram Aliu Stadium,0
"47.28143, -1.48136",Q23902390,France,Pays de la Loire,0,,FR,Q23902390,0
"42.88805556, 20.86141667",Riza Lushta Stadium,XK,Kosovo,0,,XK,Riza Lushta Stadium,0
"43.3517, -3.0008",Velódromo de Fadura,Spain,País Vasco,0,,ES,Velódromo de Fadura,0
"43.269241, 5.394907",Stade Vélodrome,France,Provence-Alpes-Côte d’Azur,2594.669,67394.0,FR,Stade Vélodrome,259.4669
"51.358056, 12.307778",Alfred-Kunze-Sportpark,Germany,Leipzig,585.2,20000.0,DE,Alfred-Kunze-Sportpark,58.52
"5.551388888, -0.191944444",Accra Sports Stadium,,,1540,40000.0,,Accra Sports Stadium,154
"5.5516, -0.19184",Accra Sports Stadium,,,1540,40000.0,,Accra Sports Stadium,154
"28.63899444, 77.24235278",Ambedkar Stadium,,,585.2,20000.0,,Ambedkar Stadium,58.52
"-22.539167, -55.745556",Monumental Río Parapití,,,526.68,18000.0,,Monumental Río Parapití,52.668
"57.990694, 56.244636",Zvezda,,,346.4769,14999.0,,Zvezda,34.64769
"48.8432, 2.25293",Stade Jean-Bouin,France,Ile-de-France,585.2,20000.0,FR,Stade Jean-Bouin,58.52
"4.76556, 7.02194",Sharks Stadium,,,231,10000.0,,Sharks Stadium,23.1
"-25.395917, -57.340694",Estadio Juan Canuto Pettengill,,,231,10000.0,,Estadio Juan Canuto Pettengill,23.1
"-25.39591667, -57.34069444",Estadio Juan Canuto Pettengill,,,231,10000.0,,Estadio Juan Canuto Pettengill,23.1
"-24.6568, 25.932892",Botswana National Stadium,,,585.2,20000.0,,Botswana National Stadium,58.52
"-24.6568, 25.932892",Botswana National Stadium,,,592.9,22000.0,,Botswana National Stadium,59.29
"4.976898, -1.681799",Sekondi-Takoradi Stadium,,,585.2,20000.0,,Sekondi-Takoradi Stadium,58.52
"12.513055555, -70.023611111",Guillermo Prospero Trinidad Stadium,,,127.05,5500.0,,Guillermo Prospero Trinidad Stadium,12.705
"55.03866667, 82.92505556",Spartak Stadium,,,288.75,12500.0,,Spartak Stadium,28.875
"55.8178, 37.4403",Lukoil Arena,,,1746.36,45360.0,,Lukoil Arena,174.636
"13.681105555, -89.222333333",Estadio Cuscatlán,,,1768.1125,45925.0,,Estadio Cuscatlán,176.81125
"42.094722, 42.047778",Evgrapi Shevardnadze Stadium,,,643.72,22000.0,,Evgrapi Shevardnadze Stadium,64.372
"40.707, 72.8722",Tsentral'nyi Stadion,,,138.6,6000.0,,Tsentral'nyi Stadion,13.86
"-8.557944, 125.580611",National Stadium,,,300.3,13000.0,,National Stadium,30.03
"32.859869, 13.135878",Stadium Salto International,,,2040.5,53000.0,,Stadium Salto International,204.05
"32.859869, 13.135878",Stadium Salto International,,,2052.05,65000.0,,Stadium Salto International,205.205
"32.859869, 13.135878",Stadium Salto International,,,2063.6,67000.0,,Stadium Salto International,206.36
"4.174083333, 73.513083333",Galolhu National Stadium,,,300.3,13000.0,,Galolhu National Stadium,30.03
"4.1684, 73.5368",Galolhu National Stadium,,,300.3,13000.0,,Galolhu National Stadium,30.03
"9.951389, 8.866389",Rwang Pam Stadium,,,438.9,15000.0,,Rwang Pam Stadium,43.89
"-3.383333, 29.373778",Intwari Stadium,,,643.72,22000.0,,Intwari Stadium,64.372
"51.405083333, -0.281944444",Kingsmeadow,,,93.3625,4850.0,,Kingsmeadow,9.33625
"64.180833, -51.7325",Nuuk Stadium,,,38.5,2000.0,,Nuuk Stadium,3.85
"12.15274444, -68.88754722",Ergilio Hato Stadium,,,438.9,15000.0,,Ergilio Hato Stadium,43.89
"9.997222222, 76.301111111",Jawaharlal Nehru International Stadium,,,2310,60000.0,,Jawaharlal Nehru International Stadium,231
"0.391806, 9.452167",Stade Omar Bongo,,,1732.5,45000.0,,Stade Omar Bongo,173.25
"32.1018, 20.0724",March 28 Stadium,,,1540,40000.0,,March 28 Stadium,154
"30.1111, 31.3676",Cairo Military Academy Stadium,,,643.72,22000.0,,Cairo Military Academy Stadium,64.372
"9.621667, 6.549167",Minna Township Stadium,,,115.5,5000.0,,Minna Township Stadium,11.55
"54.614444, 39.736111",TSK stadion,,,731.5,25000.0,,TSK stadion,73.15
"48.515833333, 32.266666666",Zirka Stadium,,,337.9068,14628.0,,Zirka Stadium,33.79068
"-17.80222222, 177.42083333",Prince Charles Park,,,231,10000.0,,Prince Charles Park,23.1
"34.877219778, -1.301144473",Colonel Lotfi Stadium,,,877.8,30000.0,,Colonel Lotfi Stadium,87.78
"-4.635511111, 55.470461111",Stade Linité,,,231,10000.0,,Stade Linité,23.1
"34.059194, -118.459306",Jackie Robinson Stadium,,,35.035,1820.0,,Jackie Robinson Stadium,3.5035
"51.07441, 5.218077",Mijnstadion,Belgium,Prov. Limburg (BE),217.5096,9416.0,BE,Mijnstadion,21.75096
"-26.443, 31.2055",Somhlolo National Stadium,,,585.2,20000.0,,Somhlolo National Stadium,58.52
"32.3002, -9.22957",Stade El Massira,,,231,10000.0,,Stade El Massira,23.1
"11.586389, 104.915",RCAF Old Stadium,,,161.7,7000.0,,RCAF Old Stadium,16.17
"43.3267, 45.6952",Uvays Akhtayev Stadium,,,438.9,15000.0,,Uvays Akhtayev Stadium,43.89
"33.5574, -7.65149",Stade Pere Jego,,,231,10000.0,,Stade Pere Jego,23.1
"34.659444, -1.934444",Honor Stadium,,,1024.1,35000.0,,Honor Stadium,102.41
"43.449367, 17.2149",Stadion Gospin dolac,Croatia,Jadranska Hrvatska,77,4000.0,HR,Stadion Gospin dolac,7.7
"56.123528, 40.392478",Torpedo Stadium,,,576.422,19700.0,,Torpedo Stadium,57.6422
"40.563889, 8.324722",Stadio Mariotti,Italy,Sardegna,54.18875,2815.0,IT,Stadio Mariotti,5.418875
"45.357778, 9.675556",Stadio Giuseppe Voltini,Italy,Lombardia,78.925,4100.0,IT,Stadio Giuseppe Voltini,7.8925
"44.030833, 10.116667",Stadio degli Oliveti,Italy,Toscana,265.65,11500.0,IT,Stadio degli Oliveti,26.565
"59.2138, 39.885",Dinamo stadium (Vologda),,,205.59,8900.0,,Dinamo stadium (Vologda),20.559
"45.0424, 41.97",Dynamo Stadium,,,456.13414,15589.0,,Dynamo Stadium,45.613414
"-7.148188, 111.900886",Letjen Haji Sudirman Stadium,,,438.9,15000.0,,Letjen Haji Sudirman Stadium,43.89
"53.641672, 55.976225",Sodovik Stadium,,,119.658,5180.0,,Sodovik Stadium,11.9658
"54.7839, 32.035",Spartak Stadium in Smolensk,,,0,,,Spartak Stadium in Smolensk,0
"51.50166667, 31.32722222",Chernihiv Stadium,,,323.4,14000.0,,Chernihiv Stadium,32.34
"55.1662, 61.3761",Central Stadium,,,438.9,15000.0,,Central Stadium,43.89
"68.973611, 33.082778",Tsentralnyi Profsoyuz Stadion,,,309.54,13400.0,,Tsentralnyi Profsoyuz Stadion,30.954
"-0.29538, 36.073705",Afraha Stadium,,,189.42,8200.0,,Afraha Stadium,18.942
"17.590278, 44.244722",Prince Hathloul Stadium,,,184.8,8000.0,,Prince Hathloul Stadium,18.48
"53.8525, -9.2975",Celtic Park,Ireland,Northern and Western,1732.5,45000.0,IE,Celtic Park,173.25
"3.7496826, 8.7808979",Estadio Internacional,,,138.6,6000.0,,Estadio Internacional,13.86
"-22.219478, -49.939406",Estádio Bento de Abreu,,,526.68,18000.0,,Estádio Bento de Abreu,52.668
"-22.734428, -47.348008",Estádio Décio Vitta,,,468.16,16000.0,,Estádio Décio Vitta,46.816
"-7.388123, 20.833602",Estádio Quintalão,,,0,,,Estádio Quintalão,0
"56.114, -3.929",Forthbank Park,,,0,,,Forthbank Park,0
"-25.296375, -57.647675",Q5549081,,,138.6,6000.0,,Q5549081,13.86
"-29.617388, 30.385641",Harry Gwala Stadium,,,277.2,12000.0,,Harry Gwala Stadium,27.72
"-37.4704, -72.3615",Estadio Municipal de Los Ángeles,,,79.8875,4150.0,,Estadio Municipal de Los Ángeles,7.98875
"2.116667, 45.4",Mogadishu Stadium,,,2310,60000.0,,Mogadishu Stadium,231
"58.53972222, 15.05388889",Motala Idrottspark,Sweden,Östra Mellansverige,196.35,8500.0,SE,Motala Idrottspark,19.635
"48.3831, 20.0076",Na Zahradkach Stadium,Slovakia,Stredné Slovensko,0,,SK,Na Zahradkach Stadium,0
"41.575, 24.69916667","Septemvri Stadium, Smolyan",Bulgaria,Yuzhen tsentralen,0,,BG,"Septemvri Stadium, Smolyan",0
"36.260559071, 6.687453131",Stade Abed Hamdani,,,231,10000.0,,Stade Abed Hamdani,23.1
"35.2895, -1.14099",Stade Omar Oucief,,,265.65,11500.0,,Stade Omar Oucief,26.565
"52.7317, 15.2075",Stadium OSiR in Gorzów Wielkopolski,Poland,Lubuskie,77,4000.0,PL,Stadium OSiR in Gorzów Wielkopolski,7.7
"50.869019, 0.012275",The Dripping Pan,,,57.75,3000.0,,The Dripping Pan,5.775
"66.072956, -23.136141",Q7825697,Iceland,Ísland,38.5,2000.0,IS,Q7825697,3.85
"8.4536, 39.2225",Wonji Stadium,,,0,,,Wonji Stadium,0
"-31.33576944, -54.09564444",Estádio Antônio Magalhães Rossel,,,0,,,Estádio Antônio Magalhães Rossel,0
"45.5371, 13.6653",Izola City Stadium,Slovenia,Zahodna Slovenija,117.4635,5085.0,SI,Izola City Stadium,11.74635
"45.537125, 13.665311",Izola City Stadium,Slovenia,Zahodna Slovenija,117.4635,5085.0,SI,Izola City Stadium,11.74635
"45.5371, 13.6653",Izola City Stadium,Slovenia,Zahodna Slovenija,119.17059,6729.0,SI,Izola City Stadium,11.917059
"45.537125, 13.665311",Izola City Stadium,Slovenia,Zahodna Slovenija,119.17059,6729.0,SI,Izola City Stadium,11.917059
"43.860014, 20.132608",Mladost Stadium,RS,Region Šumadije i Zapadne Srbije,184.8,8000.0,RS,Mladost Stadium,18.48
"43.860013888, 20.132608333",Mladost Stadium,RS,Region Šumadije i Zapadne Srbije,184.8,8000.0,RS,Mladost Stadium,18.48
"41.1725, 29.05027778",Yusuf Ziya Öniş Stadium,,,231,10000.0,,Yusuf Ziya Öniş Stadium,23.1
"42.0499, 19.898",Ismail Xhemali Stadium,AL,Veri,37.5375,1950.0,AL,Ismail Xhemali Stadium,3.75375
"55.77472, 37.70111",Metallurg Stadium in Moscow,,,0,,,Metallurg Stadium in Moscow,0
"50.438833333, 30.481083333",Lokomotyv Stadium,,,31.39675,1631.0,,Lokomotyv Stadium,3.139675
"16.179194444, -22.909305555",Estadio Municipal Arsénio Ramos,,,57.75,3000.0,,Estadio Municipal Arsénio Ramos,5.775
"49.4797222, 17.1141667",Q20755540,Czechia,Střední Morava,0,,CZ,Q20755540,0
"55.9364, -3.4676",Sports Park,,,0,,,Sports Park,0
"56.1277, -3.3151","Recreation Park, Lochgelly",,,0,,,"Recreation Park, Lochgelly",0
"15.136916666, -23.20525",Estádio Municipal 20 de Janeiro,,,19.25,1000.0,,Estádio Municipal 20 de Janeiro,1.925
"-11.779928, 19.910477",Estádio Mundunduleno,,,0,,,Estádio Mundunduleno,0
"-34.914444, -54.955278",Estadio Domingo Burgueño,,,731.5,25000.0,,Estadio Domingo Burgueño,73.15
"-34.86213611, -56.20163889",Estadio Saroldi,,,119.3115,5165.0,,Estadio Saroldi,11.93115
"41.380833333, 2.122777777",Camp Nou,Spain,Cataluña,5255.25,105000.0,ES,Camp Nou,525.525
"47.81625, 12.998222222",Red Bull Arena,Austria,Salzburg,933.2477,31895.0,AT,Red Bull Arena,93.32477
"47.69171, 16.583691",Káposztás Street Stadium,Hungary,Nyugat-Dunántúl,0,,HU,Káposztás Street Stadium,0
"-34.87338056, -56.21235833",Estadio Parque Capurro,,,231,10000.0,,Estadio Parque Capurro,23.1
"20.693888888, -103.416111111",Estadio Tres de Marzo,,,878.2389,30015.0,,Estadio Tres de Marzo,87.82389
"14.625764, -90.510489",Estadio Doroteo Guamuch Flores,,,877.8,30000.0,,Estadio Doroteo Guamuch Flores,87.78
"14.098447222, -87.203958333",Estadio Nacional Jose de la Paz Herrera,,,1082.62,37000.0,,Estadio Nacional Jose de la Paz Herrera,108.262
"14.098447222, -87.203958333",Estadio Nacional Jose de la Paz Herrera,,,1082.62,37000.0,,Estadio Nacional Jose de la Paz Herrera,108.262
"48.93145, 2.24961",Yves du Manoir Stadium,France,Ile-de-France,323.4,14000.0,FR,Yves du Manoir Stadium,32.34
"25.722805555, -100.312055555",Estadio Universitario ( El miadero ),,,1742.3945,45257.0,,Estadio Universitario ( El miadero ),174.23945
"58.361156, 25.607033",Viljandi linnastaadion,Estonia,Eesti,19.3655,1006.0,EE,Viljandi linnastaadion,1.93655
"23.72801, 90.41353","National Stadium, Dhaka",,,1053.36,36000.0,,"National Stadium, Dhaka",105.336
"42.476389, 1.487667",Estadi Comunal d'Aixovall,,,19.25,1000.0,,Estadi Comunal d'Aixovall,1.925
"-36.755556, -73.107222",Estadio Huachipato-CAP Acero,,,242.55,10500.0,,Estadio Huachipato-CAP Acero,24.255
"41.366932, -8.411789",Estádio do CD das Aves,Portugal,Norte,143.913,6230.0,PT,Estádio do CD das Aves,14.3913
"58.729767, 5.649772",Bryne Stadion,Norway,Vestlandet,231,10000.0,NO,Bryne Stadion,23.1
"-31.368956, -64.246244",Mario Alberto Kempes Stadium,,,2310,60000.0,,Mario Alberto Kempes Stadium,231
"46.8239, 12.7672",Q1236290,Austria,Tirol,67.375,3500.0,AT,Q1236290,6.7375
"20.705, -103.328139",Jalisco Stadium,,,2433.2,63200.0,,Jalisco Stadium,243.32
"-24.198611, -65.290833",23 de Agosto Stadium,,,702.24,24000.0,,23 de Agosto Stadium,70.224
"-31.449167, -64.175278",Estadio La Boutique,,,482.79,16500.0,,Estadio La Boutique,48.279
"25.555, -103.403056",Estadio Corona,,,588.126,20100.0,,Estadio Corona,58.8126
"19.164222, -96.125017","Estadio Luis ""Pirata"" Fuente",,,877.8,30000.0,,"Estadio Luis ""Pirata"" Fuente",87.78
"9.993544, -69.219858",Estadio Metropolitano de Fútbol de Lara,,,1552.012,40312.0,,Estadio Metropolitano de Fútbol de Lara,155.2012
"20.6845, -101.3563",Estadio Sergio León Chávez,,,959.25984,32784.0,,Estadio Sergio León Chávez,95.925984
"25.65225, -100.286417",Tecnológico Stadium,,,1067.5511,36485.0,,Tecnológico Stadium,106.75511
"3.725, 8.769167",Malabo Stadium,,,446.215,15250.0,,Malabo Stadium,44.6215
"26.153594, 50.543664",Bahrain National Stadium,,,702.24,24000.0,,Bahrain National Stadium,70.224
"12.15274444, -68.88754722",Ergilio Hato Stadium,,,438.9,15000.0,,Ergilio Hato Stadium,43.89
"9.858472, -83.918713",Estadio José Rafael Fello Meza Ivankovich,,,203.9961,8831.0,,Estadio José Rafael Fello Meza Ivankovich,20.39961
"-18.9197, 47.5262",Mahamasina Municipal Stadium,,,643.72,22000.0,,Mahamasina Municipal Stadium,64.372
"-25.97452, 32.577955",Maxaquene Stadium,,,438.9,15000.0,,Maxaquene Stadium,43.89
"47.184583, 27.561389",Stadionul Emil Alexandrescu,Romania,Nord-Est,263.109,11390.0,RO,Stadionul Emil Alexandrescu,26.3109
"19.61778889, 37.2119",Stade Port Sudan,,,161.7,7000.0,,Stade Port Sudan,16.17
"44.462778, 25.975278",Stadionul Concordia,Romania,Bucureşti-Ilfov,118.3413,5123.0,RO,Stadionul Concordia,11.83413
"-4.27352778, 15.24841667",Stade Alphonse Massemba-Débat,,,966.66262,33037.0,,Stade Alphonse Massemba-Débat,96.666262
"38.684411, -6.414606",Estadio Francisco de la Hera,Spain,Extremadura,267.498,11580.0,ES,Estadio Francisco de la Hera,26.7498
"4.374417, 18.564389",Barthélemy Boganda Stadium,,,1024.1,35000.0,,Barthélemy Boganda Stadium,102.41
"14.676078, -90.488547",Estadio Cementos Progreso,,,323.9082,14022.0,,Estadio Cementos Progreso,32.39082
"14.61694444, -90.53472222",Estadio El Trébol,,,231,10000.0,,Estadio El Trébol,23.1
"29.107694, -110.995764",Estadio Héroe de Nacozari,,,877.8,30000.0,,Estadio Héroe de Nacozari,87.78
"-34.776394, -56.165854",Estadio Complejo Rentistas,,,231,10000.0,,Estadio Complejo Rentistas,23.1
"-34.776394, -56.165854",Estadio Complejo Rentistas,,,231,10000.0,,Estadio Complejo Rentistas,23.1
"-8.827389, 13.255889",Estádio da Cidadela,,,1540,40000.0,,Estádio da Cidadela,154
"36.1585, -5.34025",Estadio Municipal de La Línea de la Concepción,Spain,Andalucía,585.2,20000.0,ES,Estadio Municipal de La Línea de la Concepción,58.52
"9.94455, -84.0441",Estadio Ecológico,,,34.65,1800.0,,Estadio Ecológico,3.465
"41.332833, -8.564367",Estádio do Clube Desportivo Trofense,Portugal,Norte,115.8927,5017.0,PT,Estádio do Clube Desportivo Trofense,11.58927
"15.495556, -87.999167",Estadio Yankel Rosenthal Cuello,,,231,10000.0,,Estadio Yankel Rosenthal Cuello,23.1
"33.8915, -5.53957",Stade d'Honneur,,,585.2,20000.0,,Stade d'Honneur,58.52
"48.80959, 2.441408",Stade de Charentonneau,France,Ile-de-France,0,,FR,Stade de Charentonneau,0
"49.492222222, 5.989722222",Stade Émile Mayrisch,Luxembourg,Luxembourg,77,4000.0,LU,Stade Émile Mayrisch,7.7
"-34.896869, -56.153317",Parque Luis Méndez Piana,,,77,4000.0,,Parque Luis Méndez Piana,7.7
"-34.72178, -58.40405",Pablo Comelli Stadium,,,0,,,Pablo Comelli Stadium,0
"40.046389, 18.007222",Stadio Antonio Bianco,Italy,Puglia,115.5,5000.0,IT,Stadio Antonio Bianco,11.55
"-27.062783, -49.520703",Estádio da Baixada,,,77,4000.0,,Estádio da Baixada,7.7
"-27.062783, -49.520703",Estádio da Baixada,,,78.54,6000.0,,Estádio da Baixada,7.854
"39.904774, 116.195376",Shijingshan Stadium,,,585.2,20000.0,,Shijingshan Stadium,58.52
"35.36421371, 35.926663596",Al-Horea Stadium,,,231,10000.0,,Al-Horea Stadium,23.1
"31.2731, 34.7794",Turner Stadium,,,471.84676,16126.0,,Turner Stadium,47.184676
"-33.843056, 151.067778",Sydney Showground Stadium,,,731.5,25000.0,,Sydney Showground Stadium,73.15
"-34.594972, -58.449261",Don León Kolbowski Stadium,,,231,10000.0,,Don León Kolbowski Stadium,23.1
"-0.249708333, -79.148533333",Estadio Etho Vega,,,277.2,12000.0,,Estadio Etho Vega,27.72
"-34.974356, -71.230707",Estadio La Granja,,,185.1696,8016.0,,Estadio La Granja,18.51696
"-34.425833, -57.444167",Estadio Miguel Campomar,,,184.8,8000.0,,Estadio Miguel Campomar,18.48
"-45.83845278, -67.48531667",Estadio Municipal de Comodoro Rivadavia,,,191.73,8300.0,,Estadio Municipal de Comodoro Rivadavia,19.173
"-33.586667, -70.635833",Estadio Municipal de La Pintana,,,138.6,6000.0,,Estadio Municipal de La Pintana,13.86
"-34.821753, -58.286511",Norberto Tomaghello Stadium,,,547.162,18700.0,,Norberto Tomaghello Stadium,54.7162
"-9.670556, -35.759167",Estádio Rei Pelé,,,601.32226,20551.0,,Estádio Rei Pelé,60.132226
"2.289080555, 102.233094444",Hang Jebat Stadium,,,1540,40000.0,,Hang Jebat Stadium,154
"-12.1101517, -77.0526686",Manuel Bonilla Sports Complex,,,150.15,6500.0,,Manuel Bonilla Sports Complex,15.015
"19.231895, -103.73753",Estadio Colima,,,115.5,5000.0,,Estadio Colima,11.55
"18.7694, -99.2364",Estadio Mariano Matamoros,,,468.16,16000.0,,Estadio Mariano Matamoros,46.816
"18.76954722, -99.23641944",Estadio Mariano Matamoros,,,468.16,16000.0,,Estadio Mariano Matamoros,46.816
"36.431403118, -5.158667471",Q5848176,Spain,Andalucía,73.15,3800.0,ES,Q5848176,7.315
"40.808482, 111.663816",Hohhot People's Stadium,,,0,,,Hohhot People's Stadium,0
"43.851601, 19.846842",Radomir Antić Stadium,RS,Region Šumadije i Zapadne Srbije,277.2,12000.0,RS,Radomir Antić Stadium,27.72
"43.134236, 20.516067",Novi Pazar City Stadium,RS,Region Šumadije i Zapadne Srbije,277.2,12000.0,RS,Novi Pazar City Stadium,27.72
"22.1525, 113.56805556",Macau University of Science and Technology Sports Field,,,32.417,1684.0,,Macau University of Science and Technology Sports Field,3.2417
"37.97712222, 23.635",Neapoli Municipal Stadium,Greece,Attica,138.6,6000.0,Greece,Neapoli Municipal Stadium,13.86
"55.398889, 10.351111",Odense Atletikstadion,Denmark,Syddanmark,184.8,8000.0,DK,Odense Atletikstadion,18.48
"49.557211111, 5.856486111","Stade Municipal, Pétange",Luxembourg,Luxembourg,46.2,2400.0,LU,"Stade Municipal, Pétange",4.62
"49.513892, 5.889819",Stade Municipal,Luxembourg,Luxembourg,231,10000.0,LU,Stade Municipal,23.1
"47.25002222, 26.71097778",Stadionul CFR,Romania,Nord-Est,0,,RO,Stadionul CFR,0
"45.753859, 21.21052",Stadionul CFR,Romania,Vest,161.7,7000.0,RO,Stadionul CFR,16.17
"45.7539, 21.2105",Stadionul CFR,Romania,Vest,161.7,7000.0,RO,Stadionul CFR,16.17
"45.2817, 21.8897",Stadionul Mircea Chivu,Romania,Vest,0,,RO,Stadionul Mircea Chivu,0
"45.103056, 24.352222",Stadionul Municipal,Romania,Sud-Vest Oltenia,277.2,12000.0,RO,Stadionul Municipal,27.72
"47.6645, 23.5793",Stadionul Viorel Mateianu,Romania,Nord-Vest,0,,RO,Stadionul Viorel Mateianu,0
"46.264219444, 20.128947222",Szegedi VSE Stadion,Hungary,Dél-Alföld,115.5,5000.0,HU,Szegedi VSE Stadion,11.55
"53.9181, 30.3225",Torpedo Stadium,,,67.375,3500.0,,Torpedo Stadium,6.7375
"9.946111111, -84.056666666","Estadio José Joaquín ""Coyella"" Fonseca",,,80.85,4200.0,,"Estadio José Joaquín ""Coyella"" Fonseca",8.085
"-34.85823889, -56.12243889",Estadio Obdulio Varela,,,184.8,8000.0,,Estadio Obdulio Varela,18.48
"59.888357, 10.529957",Q11999478,Norway,Oslo og Viken,0,,NO,Q11999478,0
"55.9825, 23.8648",Pakruojis Stadium,Lithuania,Vidurio ir vakarų Lietuvos regionas,38.5,2000.0,LT,Pakruojis Stadium,3.85
"19.513, -98.8921",Estadio Municipal Claudio Suárez,,,0,,,Estadio Municipal Claudio Suárez,0
"40.512, -8.08282",Estádio João Cardoso,Portugal,Centro (PT),115.5,5000.0,PT,Estádio João Cardoso,11.55
"52.2474, 26.80492",Polesye Stadium,,,59.4825,3090.0,,Polesye Stadium,5.94825
"53.875425, 27.554848",Lokomotiv Stadium,,,28.875,1500.0,,Lokomotiv Stadium,2.8875
"40.45592222, 19.48898611",Flamurtari Stadium,AL,Jug,300.3,13000.0,AL,Flamurtari Stadium,30.03
"-9.436667, 159.971389",Lawson Tama Stadium,,,231,10000.0,,Lawson Tama Stadium,23.1
"-9.436667, 159.971389",Lawson Tama Stadium,,,231,25000.0,,Lawson Tama Stadium,23.1
"31.751166666, 35.190616666",Teddy Stadium,,,928.50758,31733.0,,Teddy Stadium,92.850758
"46.069658, 14.499624",ŽAK Stadium,Slovenia,Zahodna Slovenija,76.7305,3986.0,SI,ŽAK Stadium,7.67305
"14.916111, -23.512222",Estádio da Várzea,,,184.8,8000.0,,Estádio da Várzea,18.48
"40.180278, 44.494444",Hrazdan Stadium,,,2087.008,54208.0,,Hrazdan Stadium,208.7008
"42.107778, 14.705556",Stadio Aragona,Italy,Abruzzo,120.12,5200.0,IT,Stadio Aragona,12.012
"18.535861111, -72.342583333",Stade Sylvio Cator,,,242.55,10500.0,,Stade Sylvio Cator,24.255
"23.72801, 90.41353","National Stadium, Dhaka",,,1053.36,36000.0,,"National Stadium, Dhaka",105.336
"29.9575, 32.5425",Suez Stadium,,,731.5,25000.0,,Suez Stadium,73.15
"50.354083, 30.952167",Kolos Stadium,,,130.6074,5654.0,,Kolos Stadium,13.06074
"51.185, 4.382222",Olympisch Stadion Antwerp,Belgium,Prov. Antwerpen,295.0101,12771.0,BE,Olympisch Stadion Antwerp,29.50101
"20.66834, -103.327832",Estadio Felipe Martínez Sandoval,,,231,10000.0,,Estadio Felipe Martínez Sandoval,23.1
"41.393055555, 2.133333333",Estadi de Sarrià,Spain,Cataluña,1681.1795,43667.0,ES,Estadi de Sarrià,168.11795
"13.681105555, -89.222333333",Estadio Cuscatlán,,,1768.1125,45925.0,,Estadio Cuscatlán,176.81125
"-31.3866205, -57.9359638",Estadio Ernesto Dickinson,,,138.6,6000.0,,Estadio Ernesto Dickinson,13.86
"-37.00777778, -73.17027778",Estadio Federico Schwager,,,77,4000.0,,Estadio Federico Schwager,7.7
"-37.00777778, -73.17027778",Estadio Federico Schwager,,,79.002,5700.0,,Estadio Federico Schwager,7.9002
"9.035833, -79.469444",Estadio Rommel Fernández,,,936.32,32000.0,,Estadio Rommel Fernández,93.632
"13.52725, 2.10897",Stade Général Seyni Kountché,,,1024.1,35000.0,,Stade Général Seyni Kountché,102.41
"13.52725, 2.10897",Stade Général Seyni Kountché,,,1024.1,35000.0,,Stade Général Seyni Kountché,102.41
"13.52725, 2.108972",Stade Général Seyni Kountché,,,1024.1,35000.0,,Stade Général Seyni Kountché,102.41
"13.52725, 2.108972",Stade Général Seyni Kountché,,,1024.1,35000.0,,Stade Général Seyni Kountché,102.41
"32.859869, 13.135878",Stadium Salto International,,,2040.5,53000.0,,Stadium Salto International,204.05
"32.859869, 13.135878",Stadium Salto International,,,2052.05,65000.0,,Stadium Salto International,205.205
"32.859869, 13.135878",Stadium Salto International,,,2063.6,67000.0,,Stadium Salto International,206.36
"4.174083333, 73.513083333",Galolhu National Stadium,,,300.3,13000.0,,Galolhu National Stadium,30.03
"4.174083333, 73.513083333",Galolhu National Stadium,,,300.3,13000.0,,Galolhu National Stadium,30.03
"4.1684, 73.5368",Galolhu National Stadium,,,300.3,13000.0,,Galolhu National Stadium,30.03
"4.1684, 73.5368",Galolhu National Stadium,,,300.3,13000.0,,Galolhu National Stadium,30.03
"31.1509, 29.8485",Haras El Hodoud Stadium,,,643.72,22000.0,,Haras El Hodoud Stadium,64.372
"51.144167, 4.573611",Herman Vanderpoortenstadion,Belgium,Prov. Antwerpen,335.8278,14538.0,BE,Herman Vanderpoortenstadion,33.58278
"0.391806, 9.452167",Stade Omar Bongo,,,1732.5,45000.0,,Stade Omar Bongo,173.25
"41.4118, 2.1615",Nou Sardenya,Spain,Cataluña,77,4000.0,ES,Nou Sardenya,7.7
"42.5125, 27.470278",Lazur Stadium,Bulgaria,Yugoiztochen,527.76262,18037.0,BG,Lazur Stadium,52.776262
"26.193055555, -80.161111111",Lockhart Stadium,,,598.367,20450.0,,Lockhart Stadium,59.8367
"49.522158333, 5.875475",Stade du Thillenberg,Luxembourg,Luxembourg,145.53,6300.0,LU,Stade du Thillenberg,14.553
"-0.177528, -78.476583",Estadio Olímpico Atahualpa,,,1045.81092,35742.0,,Estadio Olímpico Atahualpa,104.581092
"46.38194444, 48.05083333",Central Stadium,,,518.25312,17712.0,,Central Stadium,51.825312
"48.908056, 24.69625",MCS Rukh,,,438.9,15000.0,,MCS Rukh,43.89
"50.855, 4.310556",Edmond Machtens Stadium,Belgium,Région de Bruxelles-Capitale/ Brussels Hoofdstedelijk Gewest,254.1,11000.0,BE,Edmond Machtens Stadium,25.41
"50.855, 4.310556",Edmond Machtens Stadium,Belgium,Région de Bruxelles-Capitale/ Brussels Hoofdstedelijk Gewest,254.1,11000.0,BE,Edmond Machtens Stadium,25.41
"48.49691, -4.43877",Q2325943,France,Bretagne,57.75,3000.0,FR,Q2325943,5.775
"51.006389, 5.876944",De Baandert,Netherlands,Limburg (NL),334.95,14500.0,NL,De Baandert,33.495
"51.006389, 5.876944",De Baandert,Netherlands,Limburg (NL),338.8,20000.0,NL,De Baandert,33.88
"51.130792, 4.559594",Lyrastadion,Belgium,Prov. Antwerpen,138.6,6000.0,BE,Lyrastadion,13.86
"51.885528, -8.46775",Turners Cross,Ireland,Southern,172.9035,7485.0,IE,Turners Cross,17.29035
"47.2586, 11.4055",Tivoli,Austria,Tirol,465.87772,15922.0,AT,Tivoli,46.587772
"-17.8537, 31.0376",Rufaro Stadium,,,2310,60000.0,,Rufaro Stadium,231
"34.925556, 33.599722",GSZ Stadium,Cyprus,Kýpros,301.0392,13032.0,CY,GSZ Stadium,30.10392
"4.374417, 18.564389",Barthélemy Boganda Stadium,,,1024.1,35000.0,,Barthélemy Boganda Stadium,102.41
"20.851779, 106.688743",Lạch Tray Stadium,,,819.28,28000.0,,Lạch Tray Stadium,81.928
"-10.92333333, -37.07222222",Estádio João Hora de Oliveira,,,231,10000.0,,Estádio João Hora de Oliveira,23.1
"42.22861, -8.68076",Campo Municipal de Barreiro,Spain,Galicia,28.875,1500.0,ES,Campo Municipal de Barreiro,2.8875
"50.8424, 4.4451",Fallon Stadium,Belgium,Région de Bruxelles-Capitale/ Brussels Hoofdstedelijk Gewest,46.2,2400.0,BE,Fallon Stadium,4.62
"9.889628, -84.049322","Estadio Jorge ""Cuty"" Monge",,,127.05,5500.0,,"Estadio Jorge ""Cuty"" Monge",12.705
"-0.725749, 8.783414",Stade Pierre-Claver-Divounguy,,,0,,,Stade Pierre-Claver-Divounguy,0
"43.848056, 25.963056",Gradski Stadium,Bulgaria,Severen tsentralen,584.0296,19960.0,BG,Gradski Stadium,58.40296
"42.410954, 12.886797",Stadio Centro d'Italia – Manlio Scopigno,Italy,Lazio,230.538,9980.0,IT,Stadio Centro d'Italia – Manlio Scopigno,23.0538
"44.3156, 9.33732",Stadio Comunale (Chiavari),Italy,Liguria,129.0597,5587.0,IT,Stadio Comunale (Chiavari),12.90597
"40.64903, 17.93813",Stadio Franco Fanuzzi,Italy,Puglia,143.22,6200.0,IT,Stadio Franco Fanuzzi,14.322
"40.699722, 17.343333",Stadio Gian Domenico Tursi,Italy,Puglia,94.325,4900.0,IT,Stadio Gian Domenico Tursi,9.4325
"45.771389, 11.751944",Stadio Rino Mercante,Italy,Veneto,56.826,2952.0,IT,Stadio Rino Mercante,5.6826
"45.64887, 11.30435",Stadio dei Fiori,Italy,Veneto,138.6,6000.0,IT,Stadio dei Fiori,13.86
"50.7198, 23.2454",Zamość Stadion,Poland,Lubelskie,468.16,16000.0,PL,Zamość Stadion,46.816
"49.243333, 28.489722","Central City Stadium, Vynnytsia",,,323.4,14000.0,,"Central City Stadium, Vynnytsia",32.34
"48.5176, 34.5974",Metalurh Stadium,,,0,,,Metalurh Stadium,0
"50.444716, 30.478439","CSK ZSU Stadium, Kyiv",,,277.2,12000.0,,"CSK ZSU Stadium, Kyiv",27.72
"51.473056, -3.21",Cardiff International Sports Stadium,,,95.34525,4953.0,,Cardiff International Sports Stadium,9.534525
"42.9708, -81.2666",Cove Road Stadium,,,19.25,1000.0,,Cove Road Stadium,1.925
"53.2932, -9.13334",Drom Clubhouse,Ireland,Northern and Western,38.5,2000.0,IE,Drom Clubhouse,3.85
"36.51166667, -4.87888889",Estadio Municipal de Marbella,Spain,Andalucía,168.63,7300.0,ES,Estadio Municipal de Marbella,16.863
"51.785278, -3.206389",Eugene Cross Park,,,184.8,8000.0,,Eugene Cross Park,18.48
"39.965597222, -4.821888888",Q5639290,Spain,Castilla-La Mancha,80.85,4200.0,ES,Q5639290,8.085
"43.362911111, -5.870369444",Hermanos Llana Stadium,Spain,Principado de Asturias,38.5,2000.0,ES,Hermanos Llana Stadium,3.85
"8.649056, -10.971528",Koidu Sports Stadium,,,242.55,10500.0,,Koidu Sports Stadium,24.255
"0.32585278, 32.60457222",Lugogo Cricket Oval,,,0,,,Lugogo Cricket Oval,0
"36.166667, -79.745",Macpherson Stadium,,,161.7,7000.0,,Macpherson Stadium,16.17
"55.9569, -3.15861",Meadowbank Stadium,,,173.25,7500.0,,Meadowbank Stadium,17.325
"43.4125, 24.60861111",Pleven Stadium,Bulgaria,Severozapaden,641.9644,21940.0,BG,Pleven Stadium,64.19644
"17.992555, -76.950554",Prison Oval,,,38.5,2000.0,,Prison Oval,3.85
"0.521216, 25.186576",Stade Lumumba,,,231,10000.0,,Stade Lumumba,23.1
"0.521216, 25.186576",Stade Lumumba,,,231,30000.0,,Stade Lumumba,23.1
"9.94684, 13.94544",Stade Municipal de Guider,,,0,,,Stade Municipal de Guider,0
"-18.933333, 47.516667",Stade Olympique l'Emyrne,,,438.9,15000.0,,Stade Olympique l'Emyrne,43.89
"32.0824, 23.9845",Tobruk Stadium,,,0,,,Tobruk Stadium,0
"30.185903476, -95.446548376",Woodforest Bank Stadium,,,221.76,9600.0,,Woodforest Bank Stadium,22.176
"-9.747667, -36.666806",Estádio Municipal Coaracy da Mata Fonseca,,,497.42,17000.0,,Estádio Municipal Coaracy da Mata Fonseca,49.742
"47.3744, 28.8192",CSR Orhei,,,48.87575,2539.0,,CSR Orhei,4.887575
"51.8935152, 4.3869888",Sportpark Pernis,Netherlands,Zuid-Holland,28.875,1500.0,NL,Sportpark Pernis,2.8875
"36.0333, 6.58333",Stade des Frères Demane Debbih,,,0,,,Stade des Frères Demane Debbih,0
"45.9383, 14.7975",Ivančna Gorica Stadium,Slovenia,Zahodna Slovenija,0,,SI,Ivančna Gorica Stadium,0
"50.95229444, -1.37176944",Ten Acres,,,0,,,Ten Acres,0
"40.98044, -0.45201",Estadio Juan Antonio Endeiza,Spain,Aragón,0,,ES,Estadio Juan Antonio Endeiza,0
"34.793215, 32.411669",Chloraka Community Stadium,,,67.375,3500.0,,Chloraka Community Stadium,6.7375
"59.139053, 9.660244",Urædd Stadion,Norway,Agder og Sør-Østlandet,0,,NO,Urædd Stadion,0
"41.039, 29.0459",Beylerbeyi 75. Yıl Stadium,,,0,,,Beylerbeyi 75. Yıl Stadium,0
"55.9043, -3.6462","Mill Park, Bathgate",,,0,,,"Mill Park, Bathgate",0
"5.77472222, -55.1725",Eddy Blackman Stadion,,,0,,,Eddy Blackman Stadion,0
"18.80694444, -98.94888889",Estadio Isidro Gil Tapia,,,0,,,Estadio Isidro Gil Tapia,0
"49.436121539, 11.131031607",Sportpark Valznerweiher,Germany,Mittelfranken,0,,DE,Sportpark Valznerweiher,0
"58.394194444, 26.740972222",Holm Jalgpallipark,Estonia,Eesti,0,,EE,Holm Jalgpallipark,0
"13.45638889, -16.58166667",Box Bar Stadium,,,231,10000.0,,Box Bar Stadium,23.1
"48.099444, 20.717222",DVTK Stadion,Hungary,Észak-Magyarország,338.5305,14655.0,HU,DVTK Stadion,33.85305
"27.1462, -13.1918",Sheikh Mohamed Laghdaf Stadium,,,877.8,30000.0,,Sheikh Mohamed Laghdaf Stadium,87.78
"25.670172, -100.2437",Estadio Monterrey,,,2059.75,53500.0,,Estadio Monterrey,205.975
"47.6244, 6.16828",René-Hologne stadium,France,Franche-Comté,184.8,8000.0,FR,René-Hologne stadium,18.48
"24.0957, 47.205",Al-Shoalah Club Stadium,,,184.8,8000.0,,Al-Shoalah Club Stadium,18.48
"-0.929444, 100.358333",Haji Agus Salim Sport Complex,,,438.9,15000.0,,Haji Agus Salim Sport Complex,43.89
"-22.244167, -54.781944",Estádio Fredis Saldívar,,,877.8,30000.0,,Estádio Fredis Saldívar,87.78
"39.65889, 66.94833",Langari Langarieva Stadium,,,585.2,20000.0,,Langari Langarieva Stadium,58.52
"37.915917, 69.800944",Langari Langarieva Stadium,,,585.2,20000.0,,Langari Langarieva Stadium,58.52
"51.2037, 16.1699","Municipal Stadium, Legnica",Poland,Dolnośląskie,143.22,6200.0,PL,"Municipal Stadium, Legnica",14.322
"55.874637, 26.55053",Daugava Stadium,Latvia,Latvija,66.99,3480.0,LV,Daugava Stadium,6.699
"51.3985, 4.74964",Q16062543,Belgium,Prov. Antwerpen,115.5,5000.0,BE,Q16062543,11.55
"-8.28977, -35.97955",Q48855163,,,0,,,Q48855163,0
"42.55911, -8.88092",Q115903055,,,0,,,Q115903055,0
"-38.8775, -62.063611111",estadio coni,,,0,,,estadio coni,0
"44.26388889, 28.55583333",Central Stadium,Romania,Sud-Est,0,,RO,Central Stadium,0
"40.914916666, 9.196666666",Q24939482,Italy,Sardegna,0,,IT,Q24939482,0
"43.07396, -8.41699",Q116977409,Spain,Galicia,0,,ES,Q116977409,0
"45.675319, 13.09953",Stadio Guido Teghil,Italy,Friuli-Venezia Giulia,0,,IT,Stadio Guido Teghil,0
"55.8682, -4.3156",Meadowside,,,0,,,Meadowside,0
"41.63426, 13.321866",Benito Stirpe Stadium,Italy,Lazio,474.80202,16227.0,IT,Benito Stirpe Stadium,47.480202
"55.87237, -4.331",Inchview,,,0,,,Inchview,0
"51.2814, 9.542",Q117360493,Germany,Kassel,0,,DE,Q117360493,0
"47.475277777, 19.096111111",Groupama Arena,Hungary,Budapest,0,,HU,Groupama Arena,0
"59.9178125, 10.8066875",Intility Arena,Norway,Oslo og Viken,484.3993,16555.0,NO,Intility Arena,48.43993
"59.9178125, 10.8066875",Intility Arena,Norway,Oslo og Viken,480.47076,17333.0,NO,Intility Arena,48.047076
"48.3163, 14.2983",Hofmann Personal Stadion,Austria,Oberösterreich,0,,AT,Hofmann Personal Stadion,0
"-19.930555555, -44.016111111",Arena MRV,,,0,,,Arena MRV,0
"44.4393, 26.0701",Stadionul ANEFS,Romania,Bucureşti-Ilfov,138.6,6000.0,RO,Stadionul ANEFS,13.86
"17.199444444, -25.09275",Estádio João Serra,,,0,,,Estádio João Serra,0
"34.9263, 33.597747222",AEK Arena - Georgios Karapatakis,Cyprus,Kýpros,170.478,7380.0,CY,AEK Arena - Georgios Karapatakis,17.0478
"34.693194, 32.939278",Limassol Arena,Cyprus,Kýpros,237.93,10300.0,CY,Limassol Arena,23.793
"40.864722222, -8.626111111",Estádio Marques da Silva,Portugal,Centro (PT),61.6,3200.0,PT,Estádio Marques da Silva,6.16
"42.616446, 20.903551",Rexhep Rexhepi Stadium,XK,Kosovo,0,,XK,Rexhep Rexhepi Stadium,0
"1.162462, 121.429283",Kuonoto Stadium,,,0,,,Kuonoto Stadium,0
"16.15411, 103.316117",Mahasarakham Province Stadium,,,0,,,Mahasarakham Province Stadium,0
"43.4298, 6.80725",Stade Louis Hon,France,Provence-Alpes-Côte d’Azur,57.75,3000.0,FR,Stade Louis Hon,5.775
"44.39028, 26.10333",Stadionul ANEFS,Romania,Bucureşti-Ilfov,138.6,6000.0,RO,Stadionul ANEFS,13.86
"35.881253, 128.588231",Daegu iM Bank Park,,,438.9,15000.0,,Daegu iM Bank Park,43.89
"39.96846, -83.01709",ScottsMiracle-Gro Field,,,585.2,20000.0,,ScottsMiracle-Gro Field,58.52
"38.014312, 32.512195",Selçuk University 15 Temmuz Stadium,TR,"Konya, Karaman",0,,TR,Selçuk University 15 Temmuz Stadium,0
"50.553611, 8.494722",Q523450,Germany,Gießen,184.8,8000.0,DE,Q523450,18.48
"-29.911111, -71.251944",Estadio La Portada,,,541.33926,18501.0,,Estadio La Portada,54.133926
"-26.251944, -69.628611",Estadio El Cobre,,,607.20352,20752.0,,Estadio El Cobre,60.720352
"49.332083, 8.647667",Hardtwaldstadion,Germany,Karlsruhe,279.51,12100.0,DE,Hardtwaldstadion,27.951
"52.500833, 13.264167",Mommsenstadion,Germany,Berlin,265.65,11500.0,DE,Mommsenstadion,26.565
"52.500833, 13.264167",Mommsenstadion,Germany,Berlin,265.73855,15005.0,DE,Mommsenstadion,26.573855
"47.736376, 7.32183",Stade de l'Ill,France,Alsace,261.0993,11303.0,FR,Stade de l'Ill,26.10993
"33.154458333, -96.835158333",Toyota Stadium,,,599.83,20500.0,,Toyota Stadium,59.983
"37.7659, 29.0823",Denizli Atatürk Stadium,TR,"Aydın, Denizli, Muğla",451.39402,15427.0,TR,Denizli Atatürk Stadium,45.139402
"39.805555555, -104.891944444",Dick's Sporting Goods Park,,,509.82624,17424.0,,Dick's Sporting Goods Park,50.982624
"57.718888888, 11.930833333",Rambergsvallen,Sweden,Västsverige,161.7,7000.0,SE,Rambergsvallen,16.17
"51.8764, 11.0501",Friedensstadion,Germany,Sachsen-Anhalt,115.5,5000.0,DE,Friedensstadion,11.55
"41.983019, 44.103828",Tengiz Burjanadze Stadium,,,115.5,5000.0,,Tengiz Burjanadze Stadium,11.55
"54.0892, 9.95558",Grümmi-Arena,Germany,Schleswig-Holstein,138.6,6000.0,DE,Grümmi-Arena,13.86
"52.362222, 9.780556",Rudolf-Kalweit-Stadion,Germany,Hannover,468.16,16000.0,DE,Rudolf-Kalweit-Stadion,46.816
"51.905, 10.4451",S-Arena,Germany,Braunschweig,115.5231,5001.0,DE,S-Arena,11.55231
"56.309435, 43.930403",Lokomotiv Stadium,,,522.46656,17856.0,,Lokomotiv Stadium,52.246656
"-20.242413, -70.132937",Estadio Tierra de Campeones,,,304.2501,13171.0,,Estadio Tierra de Campeones,30.42501
"16.753258333, -22.938833333",Estádio Marcelo Leitão,,,28.875,1500.0,,Estádio Marcelo Leitão,2.8875
"-20.1875, 57.725278",Stade Auguste Vollaire,,,77,4000.0,,Stade Auguste Vollaire,7.7
"50.795933, 8.758553",Stadion an der Gisselberger Straße,Germany,Gießen,77,4000.0,DE,Stadion an der Gisselberger Straße,7.7
"40.388491666, -3.705211111",Estadio Román Valero,Spain,Comunidad de Madrid,115.5,5000.0,ES,Estadio Román Valero,11.55
"43.33146944, -3.00646667",Campo Municipal de Gobela,Spain,País Vasco,38.5,2000.0,ES,Campo Municipal de Gobela,3.85
"39.98, 32.6139",Eryaman Stadium,TR,Ankara,0,,TR,Eryaman Stadium,0
"48.622564, 9.323498",Q137651179,Germany,Stuttgart,0,,DE,Q137651179,0
"51.487363, 5.679116",GS Staalwerken Stadion,Netherlands,Noord-Brabant,69.3,3600.0,NL,GS Staalwerken Stadion,6.93
"-26.36134, 28.369049",Tsakane Stadium,,,0,,,Tsakane Stadium,0
"55.8528, -4.42861",Westmarch,,,0,,,Westmarch,0
"41.1248, 37.2855",Ünye İlçe Stadium,,,238.854,10340.0,,Ünye İlçe Stadium,23.8854
"41.12472222, 37.28555556",Ünye İlçe Stadium,,,238.854,10340.0,,Ünye İlçe Stadium,23.8854
"34.993482, 34.011626",Ayia Napa Municipal Stadium,Cyprus,Kýpros,0,,CY,Ayia Napa Municipal Stadium,0
"50.728539, 12.519325",Stadion Zwickau,Germany,Chemnitz,0,,DE,Stadion Zwickau,0
"53.8583, 10.6813",Buniamshof,Germany,Schleswig-Holstein,197.4819,8549.0,DE,Buniamshof,19.74819
"46.49234, 11.345385",Stadio Druso,Italy,Provincia Autonoma di Bolzano/Bozen,127.05,5500.0,IT,Stadio Druso,12.705
"40.601389, 49.674722",Mehdi Huseynzade Stadium,,,449.141,15350.0,,Mehdi Huseynzade Stadium,44.9141
"7.207222, 100.598611",Tinsulanonda Stadium,,,1024.1,35000.0,,Tinsulanonda Stadium,102.41
"42.5125, 27.470278",Lazur Stadium,Bulgaria,Yugoiztochen,527.76262,18037.0,BG,Lazur Stadium,52.776262
"50.080428, 14.3837",Stadion Evžena Rošického,Czechia,Praha,556.87632,19032.0,CZ,Stadion Evžena Rošického,55.687632
"52.04059, 113.4728",Lokomotiv Stadium,,,235.62,10200.0,,Lokomotiv Stadium,23.562
"47.1145, 9.5401",Sportanlage Leitawis,Liechtenstein,Liechtenstein,0,,LI,Sportanlage Leitawis,0
"49.819234, 24.048193",Ukraina Stadium,,,820.77226,28051.0,,Ukraina Stadium,82.077226
"56.961479, 24.1436899",Latvijas Universitātes stadions,Latvia,Latvija,0,,LV,Latvijas Universitātes stadions,0
"47.1102, 9.5195",Blumenau Stadium,Liechtenstein,Liechtenstein,40.425,2100.0,LI,Blumenau Stadium,4.0425
"40.213563, 69.27883",Bahrom Vafoev Stadium,,,254.1,11000.0,,Bahrom Vafoev Stadium,25.41
"44.982039237, 16.707993513",Gradski stadion,BA,Republika Srpska,138.6,6000.0,BA,Gradski stadion,13.86
"49.804142, 18.254782",Městský stadion,Czechia,Moravskoslezsko,443.66938,15163.0,CZ,Městský stadion,44.366938
"49.8044, 18.2561",Městský stadion,Czechia,Moravskoslezsko,443.66938,15163.0,CZ,Městský stadion,44.366938
"41.38872222, -8.30751111",Estádio do Futebol Clube de Vizela,Portugal,Norte,138.6,6000.0,PT,Estádio do Futebol Clube de Vizela,13.86
"43.077222, 25.620556",Ivaylo Stadium,Bulgaria,Severen tsentralen,731.5,25000.0,BG,Ivaylo Stadium,73.15
"57.1617, 65.5139",Geolog Stadium,,,301.6167,13057.0,,Geolog Stadium,30.16167
"-7.22777778, -35.89472222",Estádio Presidente Vargas,,,231,10000.0,,Estádio Presidente Vargas,23.1
"50.602689, 36.579206",Salyut Stadium,,,277.2,12000.0,,Salyut Stadium,27.72
"54.39194444, 24.05472222",Alytus Stadium,Lithuania,Vidurio ir vakarų Lietuvos regionas,72.149,3748.0,LT,Alytus Stadium,7.2149
"41.42194444, 48.42138889",Shovkat Ordukhanov Stadium,,,77,4000.0,,Shovkat Ordukhanov Stadium,7.7
"40.332217, 49.817664",Bayil Stadium,,,115.5,5000.0,,Bayil Stadium,11.55
"10.46472222, 105.6425",Cao Lanh Stadium,,,0,,,Cao Lanh Stadium,0
"43.23572, 26.5726",Dimitar Burkov Stadium,Bulgaria,Severoiztochen,115.5,5000.0,BG,Dimitar Burkov Stadium,11.55
"42.7849, 18.9517",Stadion Željezare,ME,Crna Gora,38.5,2000.0,ME,Stadion Željezare,3.85
"44.4139, 18.5352",Stadion FK Budućnost,BA,Federacija Bosne i Hercegovine,88.55,4600.0,BA,Stadion FK Budućnost,8.855
"49.1175, 18.32",Mestský štadión (Púchov),Slovakia,Západné Slovensko,140.448,6080.0,SK,Mestský štadión (Púchov),14.0448
"55.9815, -4.57794",Millburn Park,,,0,,,Millburn Park,0
"49.9674, 5.9274",Stade Géitz,Luxembourg,Luxembourg,38.5,2000.0,LU,Stade Géitz,3.85
"50.171, 12.6567",Stadion FK Baník Sokolov,Czechia,Severozápad,115.5,5000.0,CZ,Stadion FK Baník Sokolov,11.55
"42.420295, 18.764979",Stadion Pod Vrmcem,ME,Crna Gora,115.5,5000.0,ME,Stadion Pod Vrmcem,11.55
"50.298611, 21.435833",Stadion Stali Mielec,Poland,Podkarpackie,161.7,7000.0,PL,Stadion Stali Mielec,16.17
"19.799141, 105.772746",Thanh Hoa Stadium,,,323.4,14000.0,,Thanh Hoa Stadium,32.34
"44.7749, 20.4902",Voždovac Stadium,RS,City of Belgrade,120.12,5200.0,RS,Voždovac Stadium,12.012
"48.16459722, 17.88095278",Šaľa Stadium,Slovakia,Západné Slovensko,0,,SK,Šaľa Stadium,0
"55.3367, 21.4831",Šilutė Stadium,Lithuania,Vidurio ir vakarų Lietuvos regionas,0,,LT,Šilutė Stadium,0
"44.9085, 19.9743",Suvača Sportcenter,RS,Autonomous Province of Vojvodina,28.875,1500.0,RS,Suvača Sportcenter,2.8875
"59.2839, 10.4164",Tønsberg Gressbane,Norway,Agder og Sør-Østlandet,129.36,5600.0,NO,Tønsberg Gressbane,12.936
"44.907111, 17.309472",Gradski stadion,BA,Republika Srpska,115.5,5000.0,BA,Gradski stadion,11.55
"13.884131, 100.57698",TOT Stadium Chaeng Watthana,,,115.5,5000.0,,TOT Stadium Chaeng Watthana,11.55
"47.471445, 8.709455",Reitplatz,Switzerland,Zürich,0,,CH,Reitplatz,0
"13.7547227, 100.616949",Ramkhamhaeng University Stadium,,,0,,,Ramkhamhaeng University Stadium,0
"50.0598269, 14.4254472",Stadion FK Slavoj Vyšehrad,Czechia,Praha,0,,CZ,Stadion FK Slavoj Vyšehrad,0
"48.68193, 7.72074",Stade Municipal Waldeck,France,Alsace,0,,FR,Stade Municipal Waldeck,0
"43.658620968, 17.949822885",City Stadium Konjic,BA,Federacija Bosne i Hercegovine,115.5,5000.0,BA,City Stadium Konjic,11.55
"41.51202778, 19.78666667",Redi Maloku Stadium,AL,Veri,57.75,3000.0,AL,Redi Maloku Stadium,5.775
"-41.302905555, 174.824630555",David Farrington Park,,,0,,,David Farrington Park,0
"58.35793395, 24.57198139",Raeküla Staadion,Estonia,Eesti,0,,EE,Raeküla Staadion,0
"15.136916666, -23.20525",Estádio Municipal 20 de Janeiro,,,19.25,1000.0,,Estádio Municipal 20 de Janeiro,1.925
"-34.878528, -56.129159",Q48781911,,,0,,,Q48781911,0
"38.561944444, -7.913888888",Sanches de Miranda Stadium,Portugal,Alentejo,77,4000.0,PT,Sanches de Miranda Stadium,7.7
"43.308028307, -2.017577773",Q61364765,Spain,País Vasco,19.25,1000.0,ES,Q61364765,1.925
"42.26904, -8.78209",Q115584737,,,0,,,Q115584737,0
"52.50551, 13.55161",Sportanlage Grabensprung,Germany,Berlin,19.25,1000.0,DE,Sportanlage Grabensprung,1.925
"56.908, 24.155",LNK Sporta Parks,Latvia,Latvija,44.275,2300.0,LV,LNK Sporta Parks,4.4275
"48.81727, 2.4117",Q119111028,France,Ile-de-France,0,,FR,Q119111028,0
"8.493056, -80.339444",Estadio Virgilio Tejeira,,,0,,,Estadio Virgilio Tejeira,0
"41.486071696, 2.327071297",Camp Municipal d'Ocata,Spain,Cataluña,0,,ES,Camp Municipal d'Ocata,0
"16.564097222, -24.353805555",Estádio Orlando Rodrigues,,,0,,,Estádio Orlando Rodrigues,0
"42.917777777, -8.741388888",Q25511449,Spain,Galicia,0,,ES,Q25511449,0
"53.991666666, -1.514444444",Wetherby Road,,,73.15,3800.0,,Wetherby Road,7.315
"14.8697, -24.6913",Estádio Aquiles de Oliveira,,,0,,,Estádio Aquiles de Oliveira,0
"-20.1875, 57.72527778",St. François Xavier Stadium,,,77,2500.0,,St. François Xavier Stadium,7.7
"55.971581, -3.233217",Ainslie Park,,,0,,,Ainslie Park,0
"44.7966, 20.50048",Stadion Hajduk Lion,RS,City of Belgrade,86.625,4500.0,RS,Stadion Hajduk Lion,8.6625
"45.521388888, -122.691666666",Providence Park,,,737.87868,25218.0,,Providence Park,73.787868
"40.410986, 49.897711",ASK Arena,,,187.6875,8125.0,,ASK Arena,18.76875
"52.343419, 4.854192",Olympic Stadium in Amsterdam,Netherlands,Noord-Holland,652.14688,22288.0,NL,Olympic Stadium in Amsterdam,65.214688
"53.447631, -2.727614",BrewDog Stadium,,,526.68,18000.0,,BrewDog Stadium,52.668
"40.634133, 15.804317",Stadio Alfredo Viviani,Italy,Basilicata,138.6,6000.0,IT,Stadio Alfredo Viviani,13.86
"15.34927222, 38.92125556",Cicero Stadium,,,585.2,20000.0,,Cicero Stadium,58.52
"43.583296, 1.434055",Stadium Municipal,France,Midi-Pyrénées,969.969,33150.0,FR,Stadium Municipal,96.9969
"41.343611, 21.561944",Stadion Goce Delčev,MK,Severna Makedonija,438.9,15000.0,MK,Stadion Goce Delčev,43.89
"-6.8535, 39.273811",Benjamin Mkapa National Stadium,,,2310,60000.0,,Benjamin Mkapa National Stadium,231
"2.83139, -60.6606",Estádio Flamarion Vasconcelos,,,231,10000.0,,Estádio Flamarion Vasconcelos,23.1
"37.713611111, -122.386111111",Candlestick Park,,,2684.682,69732.0,,Candlestick Park,268.4682
"12.513055555, -70.023611111",Guillermo Prospero Trinidad Stadium,,,127.05,5500.0,,Guillermo Prospero Trinidad Stadium,12.705
"-29.965278, -71.338333",Estadio Francisco Sánchez Rumoroso,,,519.365,17750.0,,Estadio Francisco Sánchez Rumoroso,51.9365
"-2.548611, -44.259722",Castelão,,,1540,40000.0,,Castelão,154
"40.65944444, -7.90083333",Estádio do Fontelo,Portugal,Centro (PT),159.6672,6912.0,PT,Estádio do Fontelo,15.96672
"-1.228056, 36.890556",Moi International Sports Centre,,,2310,60000.0,,Moi International Sports Centre,231
"-22.60763611, 17.090975",Sam Nujoma Stadium,,,237.93,10300.0,,Sam Nujoma Stadium,23.793
"12.15274444, -68.88754722",Ergilio Hato Stadium,,,438.9,15000.0,,Ergilio Hato Stadium,43.89
"22.154523, 113.553266",Estádio Campo Desportivo,,,468.16,16000.0,,Estádio Campo Desportivo,46.816
"-15.798889, 35.0345",Kamuzu Stadium,,,936.32,32000.0,,Kamuzu Stadium,93.632
"41.31898056, 19.81138333",Selman Stërmasi Stadium,AL,Qender,288.75,12500.0,AL,Selman Stërmasi Stadium,28.875
"52.00917, 5.82083",National Sports Centre Papendal,Netherlands,Gelderland,0,,NL,National Sports Centre Papendal,0
"19.1081, -72.6959",Parc Levelt,,,115.5,5000.0,,Parc Levelt,11.55
"51.782778, 5.948889",Q2323717,Netherlands,Gelderland,86.625,4500.0,NL,Q2323717,8.6625
"32.01222, 44.3275",An-Najaf Stadium,,,0,,,An-Najaf Stadium,0
"47.2586, 11.4055",Tivoli,Austria,Tirol,465.87772,15922.0,AT,Tivoli,46.587772
"-11.7046, 27.484",Stade Frederic Kibassa Maliba,,,1024.1,35000.0,,Stade Frederic Kibassa Maliba,102.41
"-1.955028, 30.114222",Stade Amahoro,,,877.8,30000.0,,Stade Amahoro,87.78
"53.205714, -6.102889",Carlisle Grounds,Ireland,Eastern and Midland,61.31125,3185.0,IE,Carlisle Grounds,6.131125
"43.6536, -79.5844",Rob Ford Stadium,,,42.35,2200.0,,Rob Ford Stadium,4.235
"4.374417, 18.564389",Barthélemy Boganda Stadium,,,1024.1,35000.0,,Barthélemy Boganda Stadium,102.41
"-22.439642, -46.962561",Estádio Romildo Vitor Gomes Ferreira,,,582.274,19900.0,,Estádio Romildo Vitor Gomes Ferreira,58.2274
"40.483, -3.34722",Estadio Municipal El Val,Spain,Comunidad de Madrid,55.44,8000.0,ES,Estadio Municipal El Val,5.544
"44.638611, 22.667222",Stadionul Municipal,Romania,Sud-Vest Oltenia,586.78004,20054.0,RO,Stadionul Municipal,58.678004
"38.54741, -0.137908",Estadio Municipal Guillermo Amor,Spain,Comunitat Valenciana,207.9,9000.0,ES,Estadio Municipal Guillermo Amor,20.79
"13.097778, -86.353056",Estadio Independencia,,,92.4,4800.0,,Estadio Independencia,9.24
"13.0978, -86.3529",Estadio Independencia,,,92.4,4800.0,,Estadio Independencia,9.24
"13.097778, -86.353056",Estadio Independencia,,,92.4,5000.0,,Estadio Independencia,9.24
"13.0978, -86.3529",Estadio Independencia,,,92.4,5000.0,,Estadio Independencia,9.24
"-26.443, 31.2055",Somhlolo National Stadium,,,585.2,20000.0,,Somhlolo National Stadium,58.52
"14.967045, -91.7917",Estadio Marquesa de la Ensenada,,,231,10000.0,,Estadio Marquesa de la Ensenada,23.1
"35.246944, -3.933333",Stade Mimoun Al Arsi,,,277.2,12000.0,,Stade Mimoun Al Arsi,27.72
"-21.37836, 55.61466",Stade Raphaël Babet,France,La Réunion,23.1,1200.0,FR,Stade Raphaël Babet,2.31
"46.9844, 28.667",Suruceni Stadium,,,28.875,1500.0,,Suruceni Stadium,2.8875
"9.31667, 42.1167",Harrar Bira Stadium,,,0,,,Harrar Bira Stadium,0
"39.544091, 54.349521",Balkanabat Stadium,,,231,10000.0,,Balkanabat Stadium,23.1
"43.89956, 12.90554",Stadio Tonino Benelli,,,94.2865,4898.0,,Stadio Tonino Benelli,9.42865
"25.305833333, 49.612777777",Prince Abdullah bin Jalawi Sports City,,,806.113,27550.0,,Prince Abdullah bin Jalawi Sports City,80.6113
"25.305833, 49.612778",Prince Abdullah bin Jalawi Sports City,,,806.113,27550.0,,Prince Abdullah bin Jalawi Sports City,80.6113
"56.6411, 47.8747",Q4168742,,,288.75,12500.0,,Q4168742,28.875
"-29.682, -51.053",Estádio Sady Arnildo Schmidt,,,67.375,3500.0,,Estádio Sady Arnildo Schmidt,6.7375
"55.8494, 49.0864",Rubin Stadium,,,0,,,Rubin Stadium,0
"56.849, 53.2316",Q4504243,,,453.53,15500.0,,Q4504243,45.353
"13.646667, 100.492778",72-years Anniversary Stadium,,,184.8,8000.0,,72-years Anniversary Stadium,18.48
"27.189167, 31.176389",Asiut University Stadium,,,731.5,25000.0,,Asiut University Stadium,73.15
"51.3675, -0.204444444",Gander Green Lane,,,162.4392,7032.0,,Gander Green Lane,16.24392
"42.227457, -8.735936",Campo de Coia,Spain,Galicia,0,,ES,Campo de Coia,0
"28.966697, -13.554307",Ciudad Deportiva de Lanzarote,Spain,Canarias,161.7,7000.0,ES,Ciudad Deportiva de Lanzarote,16.17
"54.750694, -6.001942",Dixon Park,,,77,4000.0,,Dixon Park,7.7
"-32.890786, -68.862777",autista Tragantini Stadium,,,323.4,14000.0,,autista Tragantini Stadium,32.34
"-2.740438888, -78.843611111",Estadio Jorge Andrade,,,438.9,15000.0,,Estadio Jorge Andrade,43.89
"13.671667, -89.299444",Estadio Las Delicias,,,231,10000.0,,Estadio Las Delicias,23.1
"-32.8876, -71.252",Estadio Municipal Lucio Fariña Fernández,,,177.408,7680.0,,Estadio Municipal Lucio Fariña Fernández,17.7408
"-21.75972222, -41.34083333",Estádio Godofredo Cruz,,,0,,,Estádio Godofredo Cruz,0
"16.753258333, -22.938833333",Estádio Marcelo Leitão,,,28.875,1500.0,,Estádio Marcelo Leitão,2.8875
"16.8825, -24.985277777",Estádio Municipal Adérito Sena,,,115.5,5000.0,,Estádio Municipal Adérito Sena,11.55
"16.8825, -24.985277777",Estádio Municipal Adérito Sena,,,115.5,5000.0,,Estádio Municipal Adérito Sena,11.55
"41.43511111, 22.02336111",Gradski Stadion Kavadarci,MK,Severna Makedonija,173.25,7500.0,MK,Gradski Stadion Kavadarci,17.325
"39.911, 41.238",Kazım Karabekir Stadium,TR,"Erzurum, Erzincan, Bayburt",693.462,23700.0,TR,Kazım Karabekir Stadium,69.3462
"59.5703, 9.2704",Notodden Stadion,Norway,Agder og Sør-Østlandet,57.75,3000.0,NO,Notodden Stadion,5.775
"10.27652778, 11.16847222",Pantami Stadium,,,277.2,12000.0,,Pantami Stadium,27.72
"27.99749, -82.107911",Plant City Stadium,,,154.77,6700.0,,Plant City Stadium,15.477
"24.334584, 56.743017",Sohar Regional Sports Complex,,,555.94,19000.0,,Sohar Regional Sports Complex,55.594
"-1.559111111, 13.22725",Stade Henri-Sylvoz,,,219.45,9500.0,,Stade Henri-Sylvoz,21.945
"-17.556534, -149.595305",Stade Louis Ganivet,,,115.5,5000.0,,Stade Louis Ganivet,11.55
"35.9333, 0.083333",Stade Mohamed Bensaïd,,,526.68,18000.0,,Stade Mohamed Bensaïd,52.668
"5.14167, 10.5347",Stade Municipal de Bangangté,,,38.5,2000.0,,Stade Municipal de Bangangté,3.85
"13.50355, 7.0979",Stade de Maradi,,,231,10000.0,,Stade de Maradi,23.1
"45.466389, 7.884167",Stadio Gino Pistoni,Italy,Piemonte,67.375,3500.0,IT,Stadio Gino Pistoni,6.7375
"19.2987, -81.3767",T.E. McField Sports Centre,,,48.125,2500.0,,T.E. McField Sports Centre,4.8125
"27.219234, 56.343936",Khalij-e Fars Stadium,,,231,10000.0,,Khalij-e Fars Stadium,23.1
"-19.7394, -47.9397",Uberabão,,,731.5,25000.0,,Uberabão,73.15
"-15.836146, -48.080657",Serejão,,,1024.1,35000.0,,Serejão,102.41
"43.6137, -5.80009",Estadio Municipal de Miramar,Spain,Principado de Asturias,67.375,3500.0,ES,Estadio Municipal de Miramar,6.7375
"-23.0571634, -54.1900279",Q10277034,,,0,,,Q10277034,0
"49.8991, 18.1953",Q12039421,Czechia,Moravskoslezsko,0,,CZ,Q12039421,0
"45.1825, 28.779722",Stadionul Delta,Romania,Sud-Est,277.2,12000.0,RO,Stadionul Delta,27.72
"54.84980278, -5.82625833",Inver Park,,,21.175,1100.0,,Inver Park,2.1175
"41.09333333, 45.36611111",Qazakh City Stadium,,,438.9,15000.0,,Qazakh City Stadium,43.89
"52.799, -1.6354",Peel Croft,,,0,,,Peel Croft,0
"14.6458, -16.2296",Stade Municipal de Djourbel,,,0,,,Stade Municipal de Djourbel,0
"17.199444444, -25.09275",Estádio João Serra,,,0,,,Estádio João Serra,0
"35.05307, 33.95666",Anagennisi Football Ground,Cyprus,Kýpros,34.65,1800.0,CY,Anagennisi Football Ground,3.465
"34.736166666, 33.160694444",Parekklisia Community Stadium,Cyprus,Kýpros,57.75,3000.0,CY,Parekklisia Community Stadium,5.775
"53.208611, 6.510833",Sportpark Hoogkerk,Netherlands,Groningen,0,,NL,Sportpark Hoogkerk,0
"43.53394, -7.94117",Q25511399,Spain,Galicia,0,,ES,Q25511399,0
"14.8697, -24.6913",Estádio Aquiles de Oliveira,,,0,,,Estádio Aquiles de Oliveira,0
"41.997533333, 2.279222222",Estadi Municipal de Manlleu,Spain,Cataluña,77,4000.0,ES,Estadi Municipal de Manlleu,7.7
"38.9138, 1.41511",Estadi Municipal de Can Misses,Spain,Illes Balears,138.6,6000.0,ES,Estadi Municipal de Can Misses,13.86
"43.2428, 5.38931",Stade Roger-Lebert,France,Provence-Alpes-Côte d’Azur,0,,FR,Stade Roger-Lebert,0
"45.521388888, -122.691666666",Providence Park,,,737.87868,25218.0,,Providence Park,73.787868
"50.95194444, 3.10527778",Schiervelde Stadion,Belgium,Prov. West-Vlaanderen,224.07,9700.0,BE,Schiervelde Stadion,22.407
"-34.897864, -56.153556",Parque Palermo,,,150.15,6500.0,,Parque Palermo,15.015
"-32.359708, -54.169328",Estadio Arquitecto Antonio Eleuterio Ubilla,,,0.28875,15.0,,Estadio Arquitecto Antonio Eleuterio Ubilla,0.028875
"48.81716, 2.34511",Stade Charléty,France,Ile-de-France,585.2,20000.0,FR,Stade Charléty,58.52
"39.0953, 121.7191",Dalian Jinzhou Stadium,,,907.06,31000.0,,Dalian Jinzhou Stadium,90.706
"55.9384, -4.56144",Dumbarton Football Stadium,,,38.885,2020.0,,Dumbarton Football Stadium,3.8885
"5.10194444, 7.37583333",Enyimba International Stadium,,,731.5,25000.0,,Enyimba International Stadium,73.15
"36.656646, 117.110052",Jinan Olympic Sports Center Stadium,,,2310,60000.0,,Jinan Olympic Sports Center Stadium,231
"41.27638889, -8.33944444",Complexo Desportivo do Sport Clube de Freamunde,Portugal,Norte,75.44075,3919.0,PT,Complexo Desportivo do Sport Clube de Freamunde,7.544075
"42.335493, 69.593568",Kazhimukan Munaitpasov Stadium,,,585.2,20000.0,,Kazhimukan Munaitpasov Stadium,58.52
"55.9448, -4.03709",Broadwood Stadium,,,183.3216,7936.0,,Broadwood Stadium,18.33216
"-7.253889, -35.880833",Amigão,,,1024.1,35000.0,,Amigão,102.41
"33.371944, 130.520278",Tosu Stadium,,,716.5774,24490.0,,Tosu Stadium,71.65774
"42.901751, 71.382224",Taraz Central Stadium,,,289.3275,12525.0,,Taraz Central Stadium,28.93275
"42.343611, 14.136389",Stadio Guido Angelini,Italy,Abruzzo,173.2269,7499.0,IT,Stadio Guido Angelini,17.32269
"51.8025, 4.69",M-Scores Stadion,Netherlands,Zuid-Holland,78.48225,4077.0,NL,M-Scores Stadion,7.848225
"51.8025, 4.69",M-Scores Stadion,Netherlands,Zuid-Holland,78.2628,4235.0,NL,M-Scores Stadion,7.82628
"56.09981389, -3.16833611",Stark's Park,,,195.7263,8473.0,,Stark's Park,19.57263
"25.317155, 51.512366",Qatar SC Stadium,,,277.2,12000.0,,Qatar SC Stadium,27.72
"46.49234, 11.345385",Stadio Druso,Italy,Provincia Autonoma di Bolzano/Bozen,127.05,5500.0,IT,Stadio Druso,12.705
"38.319167, 140.881944",Yurtec Stadium Sendai,,,576.24644,19694.0,,Yurtec Stadium Sendai,57.624644
"47.168056, 20.199722",Tiszaligeti Stadion,Hungary,Észak-Alföld,77,4000.0,HU,Tiszaligeti Stadion,7.7
"42.453333, -2.453333",Estadio Las Gaunas,Spain,La Rioja,468.16,16000.0,ES,Estadio Las Gaunas,46.816
"36.759889, 2.995194",Stade 5 Juillet 1962,,,2933.7,76200.0,,Stade 5 Juillet 1962,293.37
"51.540556, 4.454167",Atik Stadion,Netherlands,Noord-Brabant,96.15375,4995.0,NL,Atik Stadion,9.615375
"43.12612, 5.90218",Bon Rencontre Stadium,France,Provence-Alpes-Côte d’Azur,189.42,8200.0,FR,Bon Rencontre Stadium,18.942
"35.469166666, 139.603611111",Nippatsu Mitsuzawa Stadium,,,440.24596,15046.0,,Nippatsu Mitsuzawa Stadium,44.024596
"33.582867, -7.646817",Mohammed V Stadium,,,2579.5,67000.0,,Mohammed V Stadium,257.95
"34.733611111, 10.746111111",Taieb Mhiri Stadium,,,254.1,11000.0,,Taieb Mhiri Stadium,25.41
"23.573055555, 58.399444444",Sultan Qaboos Sports Complex,,,994.84,34000.0,,Sultan Qaboos Sports Complex,99.484
"55.7822, -4.0585",New Douglas Park,,,140.4018,6078.0,,New Douglas Park,14.04018
"41.639361111, 46.652805555",Zaqatala City Stadium,,,67.375,3500.0,,Zaqatala City Stadium,6.7375
"52.774722, 6.945556",De Oude Meerdijk,Netherlands,Drenthe,198.66,8600.0,NL,De Oude Meerdijk,19.866
"50.855, 4.310556",Edmond Machtens Stadium,Belgium,Région de Bruxelles-Capitale/ Brussels Hoofdstedelijk Gewest,254.1,11000.0,BE,Edmond Machtens Stadium,25.41
"50.95697, 1.90184",Stade de l'Épopée,,,287.1792,12432.0,,Stade de l'Épopée,28.71792
"35.7862, -78.7551",WakeMed Soccer Park,,,231,10000.0,,WakeMed Soccer Park,23.1
"32.870888888, -79.919766666",MUSC Health Stadium,,,117.81,5100.0,,MUSC Health Stadium,11.781
"41.621267, 0.614147",Camp d'Esports,Spain,Cataluña,438.9,15000.0,ES,Camp d'Esports,43.89
"50.883889, 4.070833",Florent Beeckmanstadion,Belgium,Prov. Oost-Vlaanderen,277.2,12000.0,BE,Florent Beeckmanstadion,27.72
"36.186944, 5.393056",Stade 8 Mai 1945,,,731.5,25000.0,,Stade 8 Mai 1945,73.15
"20.535, -100.818333",Monumental Stadium football Miguel Aleman Valdes,,,945.098,32300.0,,Monumental Stadium football Miguel Aleman Valdes,94.5098
"27.980278, -82.506667",George M. Steinbrenner Field,,,254.7006,11026.0,,George M. Steinbrenner Field,25.47006
"46.559528, 16.4508",Lendava Sports Park,Slovenia,Vzhodna Slovenija,38.885,2020.0,SI,Lendava Sports Park,3.8885
"51.1703, 4.96834",De Leunen,Belgium,Prov. Antwerpen,243.1044,10524.0,BE,De Leunen,24.31044
"37.638817, -1.735122",Estadio Francisco Artés Carrasco,Spain,Región de Murcia,187.572,8120.0,ES,Estadio Francisco Artés Carrasco,18.7572
"44.638611, 22.667222",Stadionul Municipal,Romania,Sud-Vest Oltenia,586.78004,20054.0,RO,Stadionul Municipal,58.678004
"43.3106, -3.00972",Las Llanas Municipal Stadium,Spain,País Vasco,84.06475,4367.0,ES,Las Llanas Municipal Stadium,8.406475
"33.6954, -7.39919","Stade El Bachir, Mohammédia",,,438.9,15000.0,,"Stade El Bachir, Mohammédia",43.89
"9.97276, -84.0069",Q3495782,,,48.125,2500.0,,Q3495782,4.8125
"9.32611111, 13.39916667",Roumdé Adjia Stadium,,,643.72,22000.0,,Roumdé Adjia Stadium,64.372
"38.336558, 140.378558",ND Soft Stadium Yamagata,,,623.00392,21292.0,,ND Soft Stadium Yamagata,62.300392
"43.669028, 10.644222",Stadio Ettore Mannucci,Italy,Toscana,77.2695,4014.0,IT,Stadio Ettore Mannucci,7.72695
"37.6014, 15.1585",Stadio Aci e Galatea,,,184.8,8000.0,,Stadio Aci e Galatea,18.48
"48.7346, 44.5481",Volgograd Arena,,,1754.368,45568.0,,Volgograd Arena,175.4368
"56.18708, -3.01315","Bayview Park, Methil",,,0,,,"Bayview Park, Methil",0
"56.1887, -2.99902",Bayview Stadium,,,38.115,1980.0,,Bayview Stadium,3.8115
"55.94784167, -4.55129722",Boghead Park,,,0,,,Boghead Park,0
"10.223403, -68.0115",Estadio Misael Delgado,,,231,10000.0,,Estadio Misael Delgado,23.1
"-7.2242, -39.3178",Estádio Mauro Sampaio,,,468.16,16000.0,,Estádio Mauro Sampaio,46.816
"-21.7875, -43.378056",Estádio Municipal Radialista Mário Helênio,,,932.31138,31863.0,,Estádio Municipal Radialista Mário Helênio,93.231138
"-22.585503, -43.305108",Estádio Romário de Souza Faria,,,231,10000.0,,Estádio Romário de Souza Faria,23.1
"-34.87235, -56.057325",Estadio Victor Della Valle,,,138.6,6000.0,,Estadio Victor Della Valle,13.86
"2.45444, -76.5917",Estadio Ciro López,,,57.75,3000.0,,Estadio Ciro López,5.775
"4.139166666, -73.619166666",Estadio Bello Horizonte - Rey Pelé,,,438.9,15000.0,,Estadio Bello Horizonte - Rey Pelé,43.89
"27.7685, -82.6331",Al Lang Stadium,,,166.9437,7227.0,,Al Lang Stadium,16.69437
"25.372711, 51.469267",Lekhwiya Sports Stadium,,,207.9,9000.0,,Lekhwiya Sports Stadium,20.79
"1.33327, 103.719",Jurong Stadium,,,0,,,Jurong Stadium,0
"55.4681, 12.1778",Køge Idrætspark,Denmark,Sjælland,0,,DK,Køge Idrætspark,0
"33.768178, 132.797594",Ningineer Stadium,,,585.2,20000.0,,Ningineer Stadium,58.52
"34.993478, 135.713961",Nishikyogoku Athletic Stadium,,,602.40488,20588.0,,Nishikyogoku Athletic Stadium,60.240488
"1.29589, 103.802",Queenstown Stadium,,,73.15,3800.0,,Queenstown Stadium,7.315
"1.29589, 103.802",Queenstown Stadium,,,73.15,3800.0,,Queenstown Stadium,7.315
"55.83833333, -4.22888889",Shawfield Stadium,,,0,,,Shawfield Stadium,0
"62.16, -6.78861111",Skála Stadium,,,0,,,Skála Stadium,0
"50.066111, 20.057222",Stadion Suche Stawy,Poland,Małopolskie,150.15,6500.0,PL,Stadion Suche Stawy,15.015
"47.639274, 26.24626",Stadionul Areni,Romania,Nord-Est,161.7,7000.0,RO,Stadionul Areni,16.17
"1.412389, 103.832334",Yishun Stadium,,,65.45,3400.0,,Yishun Stadium,6.545
"-22.35650278, -41.77158056",Moacyrzão,,,468.16,16000.0,,Moacyrzão,46.816
"-13.0744, -55.9242",Estádio Municipal Passo das Emas,,,231,10000.0,,Estádio Municipal Passo das Emas,23.1
"-3.745833, -38.536667",Estádio Presidente Vargas,,,602.756,20600.0,,Estádio Presidente Vargas,60.2756
"35.622376, 138.589756",JIT Recycle Ink Stadium,,,497.42,17000.0,,JIT Recycle Ink Stadium,49.742
"36.345278, 140.412222",K's denki Stadium Mito,,,277.2,12000.0,,K's denki Stadium Mito,27.72
"42.1579, -72.4699",Lusitano Stadium,,,57.75,3000.0,,Lusitano Stadium,5.775
"40.92742, 14.17217",Q16608384,Italy,Campania,277.2,12000.0,IT,Q16608384,27.72
"39.6705, -84.2307",Dayton Outpatient Center Stadium,,,67.375,3500.0,,Dayton Outpatient Center Stadium,6.7375
"55.8402, -4.2216",Barrowfield Park,,,0,,,Barrowfield Park,0
"17.010638888, -96.572897222",Estadio Independiente MRCI,,,115.5,5000.0,,Estadio Independiente MRCI,11.55
"47.970277777, 21.712777777",Városi Stadion,Hungary,Észak-Alföld,188.265,8150.0,HU,Városi Stadion,18.8265
"52.366666666, 4.883333333",Amsterdam,Netherlands,Noord-Holland,0,,NL,Amsterdam,0
"59.434472222, 24.783444444",Kadriorg Stadium,Estonia,Eesti,115.5,5000.0,EE,Kadriorg Stadium,11.55
"-9.436667, 159.971389",Lawson Tama Stadium,,,231,10000.0,,Lawson Tama Stadium,23.1
"-9.436667, 159.971389",Lawson Tama Stadium,,,231,10000.0,,Lawson Tama Stadium,23.1
"-9.436667, 159.971389",Lawson Tama Stadium,,,231,25000.0,,Lawson Tama Stadium,23.1
"-9.436667, 159.971389",Lawson Tama Stadium,,,231,25000.0,,Lawson Tama Stadium,23.1
"15.41194444, 44.20144722",Althawra Sports City Stadium,,,877.8,30000.0,,Althawra Sports City Stadium,87.78
"13.46861111, -16.6775",Independence Stadium,,,1540,40000.0,,Independence Stadium,154
"5.837389, -55.160806",André Kamperveen Stadium,,,138.6,6000.0,,André Kamperveen Stadium,13.86
"5.837389, -55.160806",André Kamperveen Stadium,,,138.6,6000.0,,André Kamperveen Stadium,13.86
"48.08713, 7.37921",Colmar Stadium,France,Alsace,161.7,7000.0,FR,Colmar Stadium,16.17
"40.826944444, -73.928055555",Yankee Stadium,,,2233,58000.0,,Yankee Stadium,223.3
"42.930556, 13.884722",Stadio Riviera delle Palme,Italy,Marche,318.4566,13786.0,IT,Stadio Riviera delle Palme,31.84566
"14.7107147, -17.4584434",Stade Demba Diop,,,438.9,15000.0,,Stade Demba Diop,43.89
"13.8139, 8.98306",Stade de Zinder,,,0,,,Stade de Zinder,0
"32.649333333, -16.900361111",Campo do Adelino Rodrigues,Portugal,Região Autónoma da Madeira,38.5,2000.0,PT,Campo do Adelino Rodrigues,3.85
"36.828863, 10.170121",Chedly Zouiten Stadium,,,526.68,18000.0,,Chedly Zouiten Stadium,52.668
"27.695052, 85.314835",Dasarath Rangasala Stadium,,,877.8,30000.0,,Dasarath Rangasala Stadium,87.78
"27.695052, 85.314835",Dasarath Rangasala Stadium,,,877.8,30000.0,,Dasarath Rangasala Stadium,87.78
"27.695052, 85.314835",Dasarath Rangasala Stadium,,,877.8,30000.0,,Dasarath Rangasala Stadium,87.78
"44.11878, 4.09184",Stade Pierre Pibarot,France,Languedoc-Roussillon,231,10000.0,FR,Stade Pierre Pibarot,23.1
"40.601389, 49.674722",Mehdi Huseynzade Stadium,,,449.141,15350.0,,Mehdi Huseynzade Stadium,44.9141
"20.705, -103.328139",Jalisco Stadium,,,2433.2,63200.0,,Jalisco Stadium,243.32
"-22.031517, -47.901764",Estádio Luís Augusto de Oliveira,,,231,10000.0,,Estádio Luís Augusto de Oliveira,23.1
"47.37031, 1.74035",Stade Jules Ladoumègue,France,Centre — Val de Loire,143.22,6200.0,FR,Stade Jules Ladoumègue,14.322
"4.174083333, 73.513083333",Galolhu National Stadium,,,300.3,13000.0,,Galolhu National Stadium,30.03
"4.1684, 73.5368",Galolhu National Stadium,,,300.3,13000.0,,Galolhu National Stadium,30.03
"3.08225, 101.544944",Shah Alam Stadium,,,4022.6186,80372.0,,Shah Alam Stadium,402.26186
"11.558361, 104.912083",Olympic Stadium,,,1925,50000.0,,Olympic Stadium,192.5
"11.558361, 104.912083",Olympic Stadium,,,1925,50000.0,,Olympic Stadium,192.5
"52.313522, 4.928914",Sportpark De Toekomst,Netherlands,Noord-Holland,115.5,5000.0,NL,Sportpark De Toekomst,11.55
"51.893603, 4.522934",Sportcomplex Varkenoord,Netherlands,Zuid-Holland,0,,NL,Sportcomplex Varkenoord,0
"50.866494, 3.825914",Stedelijk sportstadion Jules Matthijs,Belgium,Prov. Oost-Vlaanderen,161.7,7000.0,BE,Stedelijk sportstadion Jules Matthijs,16.17
"-17.60666667, 177.45222222",Churchill Park,,,438.9,15000.0,,Churchill Park,43.89
"51.03555556, 2.39027778",Stade Marcel Tribut,France,Nord-Pas de Calais,80.85,4200.0,FR,Stade Marcel Tribut,8.085
"48.674722, 33.103611",CSC Nika Stadium,,,161.7,7000.0,,CSC Nika Stadium,16.17
"12.924339, 100.937163",Nongprue Stadium,,,115.5,5000.0,,Nongprue Stadium,11.55
"-20.130895, 28.569624",Barbourfields Stadium,,,1540,40000.0,,Barbourfields Stadium,154
"32.878191, -6.90738",Complexe OCP,,,231,10000.0,,Complexe OCP,23.1
"52.8759, -3.02631",Park Hall,,,39.578,2056.0,,Park Hall,3.9578
"53.55491389, -2.65066111","Springfield Park, Wigan",,,277.2,12000.0,,"Springfield Park, Wigan",27.72
"35.21361111, 33.33777778",Nicosia Atatürk Stadium,Cyprus,Kýpros,819.28,28000.0,CY,Nicosia Atatürk Stadium,81.928
"44.94561, 4.919267",Stade Georges Pompidou,France,Rhône-Alpes,442.64528,15128.0,FR,Stade Georges Pompidou,44.264528
"16.00539, -61.74174",Stade St. Claude,,,231,10000.0,,Stade St. Claude,23.1
"36.749411, 5.046539",Stade de l'Unité Maghrébine,,,555.94,19000.0,,Stade de l'Unité Maghrébine,55.594
"12.604444, -7.921667",Stade du 26 Mars,,,1925,50000.0,,Stade du 26 Mars,192.5
"50.4783, 4.20103",Stade du Tivoli,Belgium,Prov. Hainaut,311.85,13500.0,BE,Stade du Tivoli,31.185
"43.702778, 16.653889",Gradski stadion,Croatia,Jadranska Hrvatska,59.598,3096.0,HR,Gradski stadion,5.9598
"35.52766, 35.785335",Al-Assad Stadium,,,1024.1,35000.0,,Al-Assad Stadium,102.41
"32.083333, 20.266667",Martyrs of February Stadium,,,243.705,10550.0,,Martyrs of February Stadium,24.3705
"49.946, 36.1812",Nova Bavaria Stadium,,,39.59725,2057.0,,Nova Bavaria Stadium,3.959725
"-7.11342, 112.429",Surajaya Stadium,,,0,,,Surajaya Stadium,0
"55.4231, 37.5328",Trud Stadium,,,276.3222,11962.0,,Trud Stadium,27.63222
"37.405397, 126.946446",Anyang Sports Complex,,,501.60418,17143.0,,Anyang Sports Complex,50.160418
"53.475314, -2.043864",Bower Fold,,,150.15,6500.0,,Bower Fold,15.015
"39.09487778, -9.25659444",Campo Manuel Marques,Portugal,Oeste e Vale do Tejo,46.79675,2431.0,PT,Campo Manuel Marques,4.679675
"37.5497, -77.4868",City Stadium,,,643.72,22000.0,,City Stadium,64.372
"28.966697, -13.554307",Ciudad Deportiva de Lanzarote,Spain,Canarias,161.7,7000.0,ES,Ciudad Deportiva de Lanzarote,16.17
"6.136022222, 100.371763888",Darul Aman Stadium,,,947.64362,32387.0,,Darul Aman Stadium,94.764362
"31.0375, 31.3572",El Mansoura Stadium,,,0,,,El Mansoura Stadium,0
"-11.4967628, -77.2171497",Estadio Julio Lores Colán,,,137.7222,5962.0,,Estadio Julio Lores Colán,13.77222
"13.671667, -89.299444",Estadio Las Delicias,,,231,10000.0,,Estadio Las Delicias,23.1
"51.28, 0.515833",Gallagher Stadium,,,42.8505,2226.0,,Gallagher Stadium,4.28505
"-6.583517, 110.66369",Gelora Bumi Kartini Stadium,,,585.2,20000.0,,Gelora Bumi Kartini Stadium,58.52
"4.609433, 101.103439",Perak Stadium,,,0,,,Perak Stadium,0
"42.30314, -1.97261",Q5964866,Spain,La Rioja,0,,ES,Q5964866,0
"39.8358, 33.5037",Fikret Karabudak Stadium,TR,"Kırıkkale, Aksaray, Niğde, Nevşehir, Kırşehir",124.7862,5402.0,TR,Fikret Karabudak Stadium,12.47862
"44.8067, 15.864",Stadion pod Borićima,BA,Federacija Bosne i Hercegovine,173.25,7500.0,BA,Stadion pod Borićima,17.325
"59.42083333, 10.67138889",Melløs Stadion,Norway,Oslo og Viken,217.371,9410.0,NO,Melløs Stadion,21.7371
"-40.3464, 175.635","Memorial Park, Palmerston North",,,184.8,8000.0,,"Memorial Park, Palmerston North",18.48
"-33.831944, 151.209444",North Sydney Oval,,,585.2,20000.0,,North Sydney Oval,58.52
"51.7459, -1.2431",Roger Bannister running track,,,9.625,500.0,,Roger Bannister running track,0.9625
"-4.2075, 12.6856",Stade Paul Sayal Moukila,,,585.2,20000.0,,Stade Paul Sayal Moukila,58.52
"49.457347222, 6.033197222","Stade Municipal, Rumelange",France,Lorraine,0,,FR,"Stade Municipal, Rumelange",0
"33.8658741, 10.1056385",Stade Municipal de Gabès,,,438.9,15000.0,,Stade Municipal de Gabès,43.89
"1.6087, 11.5822",Stade d'Akouakam,,,0,,,Stade d'Akouakam,0
"12.293611, -1.493056",Stade de l'USFA,,,207.9,9000.0,,Stade de l'USFA,20.79
"18.0824, -15.9716",Stade Cheikha Ould Boïdiya,,,115.5,5000.0,,Stade Cheikha Ould Boïdiya,11.55
"44.8583, 15.8342",Stadion Veruda,BA,Federacija Bosne i Hercegovine,0,,BA,Stadion Veruda,0
"58.3789, 13.8406",Södermalms IP,Sweden,Västsverige,0,,SE,Södermalms IP,0
"52.977212, -3.069646",The Rock,,,57.75,3000.0,,The Rock,5.775
"53.9181, 30.3225",Torpedo Stadium,,,67.375,3500.0,,Torpedo Stadium,6.7375
"34.444836111, 35.836716666",Tripoli Municipal Stadium,,,0,,,Tripoli Municipal Stadium,0
"2.726359, 101.982672",Tuanku Abdul Rahman Stadium,,,1540,40000.0,,Tuanku Abdul Rahman Stadium,154
"49.8085, 6.50567",VictoriArena,Germany,Trier,0,,DE,VictoriArena,0
"-34.85823889, -56.12243889",Estadio Obdulio Varela,,,184.8,8000.0,,Estadio Obdulio Varela,18.48
"-17.856125, -41.50241944",Q10277357,,,0,,,Q10277357,0
"67.840555555, 20.247222222",Lombia IP,Sweden,Övre Norrland,0,,SE,Lombia IP,0
"49.776629, 14.677938",Městský stadion,Czechia,Střední Čechy,184.8,8000.0,CZ,Městský stadion,18.48
"60.152, 11.189",UKI Arena,Norway,Oslo og Viken,86.625,4500.0,NO,UKI Arena,8.6625
"40.102944444, 19.740472222",Petro Ruci Stadium,AL,Jug,38.5,2000.0,AL,Petro Ruci Stadium,3.85
"52.8146, -1.6335",Derby Turn,,,0,,,Derby Turn,0
"-18.223827777, 178.167797222",Thomson Park,,,0,,,Thomson Park,0
"55.9002, -3.7002",Volunteer Park,,,57.75,3000.0,,Volunteer Park,5.775
"5.72377778, -55.20027778",Nacionello Stadion,,,0,,,Nacionello Stadion,0
"5.79944444, -55.12138889",Meerzorg Stadion,,,0,,,Meerzorg Stadion,0
"52.364355, 30.426597",Central Stadium,,,0,,,Central Stadium,0
"43.158292, 19.117635",Ravni Žabljak Stadium,ME,Crna Gora,0,,ME,Ravni Žabljak Stadium,0
"51.270816, 12.37273",Sportpark Camillo Ugi,Germany,Leipzig,44.275,2300.0,DE,Sportpark Camillo Ugi,4.4275
"40.291111, 44.352222",Kasakhi Marzik Stadium,,,69.3,3600.0,,Kasakhi Marzik Stadium,6.93
"32.05173, 34.76148",Bloomfield Stadium,,,860.244,29400.0,,Bloomfield Stadium,86.0244
"55.078056, 24.271389",Central stadium of Jonava,Lithuania,Vidurio ir vakarų Lietuvos regionas,19.404,1008.0,LT,Central stadium of Jonava,1.9404
"55.078056, 24.271389",Central stadium of Jonava,Lithuania,Vidurio ir vakarų Lietuvos regionas,18.8496,2040.0,LT,Central stadium of Jonava,1.88496
"42.97982222, 47.50720556",Dynamo Stadium,,,444.752,15200.0,,Dynamo Stadium,44.4752
"49.615630555, 6.109661111",Stade Josy Barthel,Luxembourg,Luxembourg,186.0474,8054.0,LU,Stade Josy Barthel,18.60474
"-5.50784, 12.24036",Estádio Nacional do Chiazi,,,585.2,20000.0,,Estádio Nacional do Chiazi,58.52
"-1.228056, 36.890556",Moi International Sports Centre,,,2310,60000.0,,Moi International Sports Centre,231
"40.171944, 44.525833",Republican Stadium,,,332.7093,14403.0,,Republican Stadium,33.27093
"34.00283, -4.968851",Fez Stadium,,,1732.5,45000.0,,Fez Stadium,173.25
"13.52725, 2.10897",Stade Général Seyni Kountché,,,1024.1,35000.0,,Stade Général Seyni Kountché,102.41
"13.52725, 2.108972",Stade Général Seyni Kountché,,,1024.1,35000.0,,Stade Général Seyni Kountché,102.41
"47.9, 106.916111",MFF Football Centre,,,67.375,3500.0,,MFF Football Centre,6.7375
"61.476667, 21.774444",Pori Stadium,Finland,Länsi-Suomi,284.13,12300.0,FI,Pori Stadium,28.413
"55.71372, 9.5562",Vejle Stadion,Denmark,Syddanmark,240.6558,10418.0,DK,Vejle Stadion,24.06558
"45.246667, 19.842222",Karađorđe Stadium,RS,Autonomous Province of Vojvodina,333.9798,14458.0,RS,Karađorđe Stadium,33.39798
"21.029722, 105.833056",Hàng Đẫy Stadium,,,643.72,22000.0,,Hàng Đẫy Stadium,64.372
"49.852778, 24.013722",Army Sports Club Stadium,,,674.1504,23040.0,,Army Sports Club Stadium,67.41504
"48.908056, 24.69625",MCS Rukh,,,438.9,15000.0,,MCS Rukh,43.89
"51.214139, 4.243931",Freethiel Stadion,Belgium,Prov. Oost-Vlaanderen,306.999,13290.0,BE,Freethiel Stadion,30.6999
"-17.923889, 19.772778",Q2176317,,,9.625,500.0,,Q2176317,0.9625
"-0.278886, -78.546197",Estadio Gonzalo Pozo Ripalda,,,658.35,22500.0,,Estadio Gonzalo Pozo Ripalda,65.835
"43.6536, -79.5844",Rob Ford Stadium,,,42.35,2200.0,,Rob Ford Stadium,4.235
"32.878191, -6.90738",Complexe OCP,,,231,10000.0,,Complexe OCP,23.1
"9.54586111, -13.67291667",Stade du 28 Septembre,,,731.5,25000.0,,Stade du 28 Septembre,73.15
"-21.532222, -64.724444",Estadio IV Centenario,,,438.9,15000.0,,Estadio IV Centenario,43.89
"25.038011, 102.728745",Kunming Tuodong Sports Center,,,1540,40000.0,,Kunming Tuodong Sports Center,154
"5.983355555, 116.095544444",Likas Stadium,,,1024.1,35000.0,,Likas Stadium,102.41
"41.507222, 20.963333",Gradski stadion Kičevo,MK,Severna Makedonija,115.5,5000.0,MK,Gradski stadion Kičevo,11.55
"43.56511389, 39.75264722",Sochi Central Stadium,,,235.62,10200.0,,Sochi Central Stadium,23.562
"42.907901, 47.618587",Anji Arena,,,877.8,30000.0,,Anji Arena,87.78
"-29.310975, 27.501339",Setsoto Stadium,,,585.2,20000.0,,Setsoto Stadium,58.52
"11.84341667, -15.59083333",Estádio 24 de Setembro,,,585.2,20000.0,,Estádio 24 de Setembro,58.52
"27.50398, 41.697589",Prince Abdulaziz bin Musa'ed Sports City,,,282.975,12250.0,,Prince Abdulaziz bin Musa'ed Sports City,28.2975
"52.124, 26.1284",Q4123576,,,60.368,3136.0,,Q4123576,6.0368
"41.096389, 44.648611",Alaverdi City Stadium,,,26.95,1400.0,,Alaverdi City Stadium,2.695
"45.0136, 34.0608",KT Sport Arena,,,62.5625,3250.0,,KT Sport Arena,6.25625
"44.03110833, 43.06414167",Central Stadium,,,237.93,10300.0,,Central Stadium,23.793
"25.860278, 43.502222",Al-Hazem Club Stadium,,,57.75,3000.0,,Al-Hazem Club Stadium,5.775
"49.95, 18.611944",City Stadium Jastrzębie-Zdrój,Poland,Śląskie,438.9,15000.0,PL,City Stadium Jastrzębie-Zdrój,43.89
"40.457558333, -3.860286111",Estadio Cerro del Espino,Spain,Comunidad de Madrid,64.988,3376.0,ES,Estadio Cerro del Espino,6.4988
"-0.964041, -80.70293",Estadio Jocay,,,585.2,20000.0,,Estadio Jocay,58.52
"-40.583333, -73.131667",Estadio Rubén Marcos Peralta,,,249.48,10800.0,,Estadio Rubén Marcos Peralta,24.948
"-34.65771, -58.34443",Estadio de Los Inmigrantes,,,0,,,Estadio de Los Inmigrantes,0
"16.618055555, -24.293611111",Estádio João de Deus Lopes da Silva,,,19.25,1000.0,,Estádio João de Deus Lopes da Silva,1.925
"-20.332778, -40.385278",Estádio Kléber Andrade,,,1732.5,45000.0,,Estádio Kléber Andrade,173.25
"37.95715, 58.330388",HTTU Stadium,,,0,,,HTTU Stadium,0
"-39.83179, -73.214864",Q5847963,,,0,,,Q5847963,0
"55.061667, -6.498333",Riada Stadium,,,4.1965,218.0,,Riada Stadium,0.41965
"49.42055556, 26.99555556",Sport Complex Podillia,,,242.55,10500.0,,Sport Complex Podillia,24.255
"45.522, 20.5163",Stadion Mirko Vučurević,RS,Autonomous Province of Vojvodina,0,,RS,Stadion Mirko Vučurević,0
"55.6493, 12.6016",Sundby Idrætspark,Denmark,Hovedstaden,0,,DK,Sundby Idrætspark,0
"-8.278611, -35.973056",Lacerdão,,,877.8,30000.0,,Lacerdão,87.78
"-5.351944, -49.138333",Estádio Municipal Zinho de Oliveira,,,86.625,4500.0,,Estádio Municipal Zinho de Oliveira,8.6625
"-30.006667, -51.173611",Estádio Passo D'Areia,,,184.8,8000.0,,Estádio Passo D'Areia,18.48
"38.448088888, -9.100397222",Estádio Vila Amália,,,54.8625,2850.0,,Estádio Vila Amália,5.48625
"59.871461, 10.819172",Lambertseter Stadion,Norway,Oslo og Viken,38.5,2000.0,NO,Lambertseter Stadion,3.85
"42.155905, 24.72041",Maritsa Stadium,Bulgaria,Yuzhen tsentralen,0,,BG,Maritsa Stadium,0
"51.4203, -0.0705",Crystal Palace Park,,,0,,,Crystal Palace Park,0
"35.01831, 33.3961",Chalkanoras Stadium,Cyprus,Kýpros,57.75,3000.0,CY,Chalkanoras Stadium,5.775
"55.8457, -4.4035",New Ralston Park,,,0,,,New Ralston Park,0
"55.8454, -4.4015",Old Ralston Park,,,0,,,Old Ralston Park,0
"55.84930038, -4.4375",Underwood Park,,,0,,,Underwood Park,0
"41.304516666, 1.996991666",Estadi Municipal la Bòbila,Spain,Cataluña,57.75,3000.0,ES,Estadi Municipal la Bòbila,5.775
"38.446916666, -9.100305555",Pavilhão Gimnodesportivo de Sesimbra,,,0,,,Pavilhão Gimnodesportivo de Sesimbra,0
"38.44725, -9.100222222",Piscina Municipal de Sesimbra,,,0,,,Piscina Municipal de Sesimbra,0
"51.419727833, -0.502067",Wheatsheaf Park,,,0,,,Wheatsheaf Park,0
"14.60334, -61.0462",Stade Pierre-Aliker,France,Martinique,526.68,18000.0,FR,Stade Pierre-Aliker,52.668
"-15.7835, -47.899164",Estádio Nacional de Brasília,,,2691.535,69910.0,,Estádio Nacional de Brasília,269.1535
"6.309, -10.80411111",Antoinette Tubman Stadium,,,231,10000.0,,Antoinette Tubman Stadium,23.1
"25.055569, -77.358736",Thomas Robinson Stadium,,,439.57298,15023.0,,Thomas Robinson Stadium,43.957298
"-15.603056, -56.120556",Arena Pantaloneta,,,1654.268,42968.0,,Arena Pantaloneta,165.4268
"20.577777777, -100.366388888",Corregidora Stadium,,,1040.9245,35575.0,,Corregidora Stadium,104.09245
"15.34927222, 38.92125556",Cicero Stadium,,,585.2,20000.0,,Cicero Stadium,58.52
"18.393333, -66.150833",Juan Ramón Loubriel Stadium,,,643.72,22000.0,,Juan Ramón Loubriel Stadium,64.372
"27.695052, 85.314835",Dasarath Rangasala Stadium,,,877.8,30000.0,,Dasarath Rangasala Stadium,87.78
"12.58, -16.25875",Stade Aline Sitoe Diatta,,,231,10000.0,,Stade Aline Sitoe Diatta,23.1
"-12.946636, -38.417019",Estádio de Pituaçu,,,940.91382,32157.0,,Estádio de Pituaçu,94.091382
"-16.40729, -71.520203",Arequipa Stadium,,,1554.245,40370.0,,Arequipa Stadium,155.4245
"40.995278, -5.665",Estadio El Helmántico,Spain,Castilla y León,507.39766,17341.0,ES,Estadio El Helmántico,50.739766
"15.598392, 32.515603",Khartoum Stadium,,,877.8,30000.0,,Khartoum Stadium,87.78
"16.821314, 96.186828",Thuwunna Stadium,,,1925,50000.0,,Thuwunna Stadium,192.5
"53.340922, -6.316619",Richmond Park,Ireland,Eastern and Midland,123.354,5340.0,IE,Richmond Park,12.3354
"32.866692, 35.31085",Doha Stadium,,,196.35,8500.0,,Doha Stadium,19.635
"-4.77777778, 11.86666667",Stade Municipal,,,314.0214,13594.0,,Stade Municipal,31.40214
"-0.425, 117.0075",Aji Imbut Stadium,,,1024.1,35000.0,,Aji Imbut Stadium,102.41
"-17.796067, -63.183873",Estadio Ramón Tahuichi Aguilera,,,1029.3668,35180.0,,Estadio Ramón Tahuichi Aguilera,102.93668
"31.8103, 34.6483",Yud-Alef Stadium,,,180.18,7800.0,,Yud-Alef Stadium,18.018
"-33.006667, 27.905278",Buffalo City Stadium,,,468.16,16000.0,,Buffalo City Stadium,46.816
"53.205714, -6.102889",Carlisle Grounds,Ireland,Eastern and Midland,61.31125,3185.0,IE,Carlisle Grounds,6.131125
"38.58590556, 68.76951111",Pamir Stadium,,,702.24,24000.0,,Pamir Stadium,70.224
"8.8875, -79.775556",Estadio Agustín Sánchez,,,231,10000.0,,Estadio Agustín Sánchez,23.1
"13.291612, -87.19339",Estadio Fausto Flores Lagos,,,127.05,5500.0,,Estadio Fausto Flores Lagos,12.705
"16.981944, -89.903889",Estadio Julián Tesucún,,,184.8,8000.0,,Estadio Julián Tesucún,18.48
"15.320833, -91.481667",Estadio Los Cuchumatanes,,,123.354,5340.0,,Estadio Los Cuchumatanes,12.3354
"15.786107, -86.785945",Estadio Nilmo Edwards,,,731.5,25000.0,,Estadio Nilmo Edwards,73.15
"15.786107, -86.785945",Estadio Nilmo Edwards,,,739.2,32000.0,,Estadio Nilmo Edwards,73.92
"47.84069, 1.94169",Stade de la Source,France,Centre — Val de Loire,158.5353,6863.0,FR,Stade de la Source,15.85353
"30.4055, -9.19372",Q3496063,,,184.8,8000.0,,Q3496063,18.48
"12.604444, -7.921667",Stade du 26 Mars,,,1925,50000.0,,Stade du 26 Mars,192.5
"42.86, 25.319722",Hristo Botev Stadium,Bulgaria,Severen tsentralen,323.4,14000.0,BG,Hristo Botev Stadium,32.34
"55.903, 37.459",Rodina Stadium,,,117.4173,5083.0,,Rodina Stadium,11.74173
"50.602689, 36.579206",Salyut Stadium,,,277.2,12000.0,,Salyut Stadium,27.72
"56.849, 53.2316",Q4504243,,,453.53,15500.0,,Q4504243,45.353
"-7.1675, -34.872778",Almeidão,,,1540,40000.0,,Almeidão,154
"-19.43211, 29.79417",Ascot Stadium,,,0,,,Ascot Stadium,0
"-6.910312, 107.619367",Siliwangi Stadium,,,731.5,25000.0,,Siliwangi Stadium,73.15
"48.275, 25.942",Bukovyna Stadium,,,277.2,12000.0,,Bukovyna Stadium,27.72
"-0.0775, 35.130556",Chemelil Sports Complex,,,115.5,5000.0,,Chemelil Sports Complex,11.55
"-13.97825, 33.758611",Civo Stadium,,,1540,40000.0,,Civo Stadium,154
"52.4389, -1.75724",Damson Park,,,58.7125,3050.0,,Damson Park,5.87125
"52.4389, -1.75724",Damson Park,,,58.7125,3050.0,,Damson Park,5.87125
"58.0083, -3.85764",Dudgeon Park,,,77,4000.0,,Dudgeon Park,7.7
"40.457558333, -3.860286111",Estadio Cerro del Espino,Spain,Comunidad de Madrid,64.988,3376.0,ES,Estadio Cerro del Espino,6.4988
"32.533180555, 35.155788888",HaShalom Stadium,,,133.98,5800.0,,HaShalom Stadium,13.398
"51.52323889, 0.0134",Hermit Road,,,0,,,Hermit Road,0
"42.0005, -1.51817",Q5848381,Spain,Comunidad Foral de Navarra,38.5,2000.0,ES,Q5848381,3.85
"51.310444, -0.762306",Rushmoor Stadium,,,77,4000.0,,Rushmoor Stadium,7.7
"0.4161976, 9.4672676",Stade Augustin Monédan de Sibang,,,0,,,Stade Augustin Monédan de Sibang,0
"43.61192, 1.48792",Stade Municipal de Balma,France,Midi-Pyrénées,0,,FR,Stade Municipal de Balma,0
"5.46861, 10.4069",Stade Municipal de Bamendzi,,,0,,,Stade Municipal de Bamendzi,0
"45.889722, 22.901389",Stadionul Cetate,Romania,Vest,77,4000.0,RO,Stadionul Cetate,7.7
"44.2481, 28.2575",Stadionul Iftimie Ilisei,Romania,Sud-Est,0,,RO,Stadionul Iftimie Ilisei,0
"44.465711, 26.145267",Stadionul Juventus,Romania,Bucureşti-Ilfov,184.8,8000.0,RO,Stadionul Juventus,18.48
"50.700667, -2.445556",The Avenue Stadium,,,115.7079,5009.0,,The Avenue Stadium,11.57079
"13.4833, 39.4667",Tigray Stadium,,,0,,,Tigray Stadium,0
"43.7042, -79.6995",Victoria Park Stadium,,,0,,,Victoria Park Stadium,0
"-3.818056, -38.449167",Estádio Antônio Cruz,,,77,4000.0,,Estádio Antônio Cruz,7.7
"-19.53888889, -40.63888889",Q9255419,,,277.2,12000.0,,Q9255419,27.72
"-20.85722222, -41.09861111",Q10277153,,,115.5,5000.0,,Q10277153,11.55
"31.915394, 34.775203",Ness Ziona Stadium,,,67.375,3500.0,,Ness Ziona Stadium,6.7375
"-15.82668, -47.97075",Q18476082,,,0,,,Q18476082,0
"14.897611111, -24.495486111",Estádio 5 de Julho,,,19.25,1000.0,,Estádio 5 de Julho,1.925
"31.941111111, 5.343055555",Olympic Ouargla Stadium,,,526.68,18000.0,,Olympic Ouargla Stadium,52.668
"56.0095, -3.6116","Newtown Park, Bo'ness",,,0,,,"Newtown Park, Bo'ness",0
"55.8056, -4.3838",Dunterlie Park,,,0,,,Dunterlie Park,0
"43.424769444, -4.85605",Q23807408,Spain,Principado de Asturias,0,,ES,Q23807408,0
"5.77472222, -55.1725",Eddy Blackman Stadion,,,0,,,Eddy Blackman Stadion,0
"32.79702778, 35.52113889",Tiberias Municipal Stadium,,,0,,,Tiberias Municipal Stadium,0
"0.1986, 32.5318",St. Mary's Stadium-Kitende,,,438.9,15000.0,,St. Mary's Stadium-Kitende,43.89
"44.85676, 0.50121",Stade de Campréal,France,Aquitaine,0,,FR,Stade de Campréal,0
"-32.32277778, -58.0725",Estadio Parque Artigas,,,672.98,23000.0,,Estadio Parque Artigas,67.298
"46.67131, -1.44065",Stade Henri Desgrange,France,Pays de la Loire,231,10000.0,FR,Stade Henri Desgrange,23.1
"10.31944444, 9.83527778",Abubarkar Tafawa Balewa Stadium,,,731.5,25000.0,,Abubarkar Tafawa Balewa Stadium,73.15
"19.287286, -99.666794",Nemesio Díez Stadium,,,617.12266,21091.0,,Nemesio Díez Stadium,61.712266
"53.189181, -2.923814",Deva Stadium,,,138.6,6000.0,,Deva Stadium,13.86
"19.405833333, -98.986944444",Estadio Neza 86,,,585.2,20000.0,,Estadio Neza 86,58.52
"41.96812, 21.452619",Cementarnica Stadium,MK,Severna Makedonija,38.5,2000.0,MK,Cementarnica Stadium,3.85
"-19.032322, -65.257912",Estadio Olímpico Patria,,,898.282,30700.0,,Estadio Olímpico Patria,89.8282
"42.476389, 1.487667",Estadi Comunal d'Aixovall,,,19.25,1000.0,,Estadi Comunal d'Aixovall,1.925
"49.615630555, 6.109661111",Stade Josy Barthel,Luxembourg,Luxembourg,186.0474,8054.0,LU,Stade Josy Barthel,18.60474
"49.615630555, 6.109661111",Stade Josy Barthel,Luxembourg,Luxembourg,186.0474,8054.0,LU,Stade Josy Barthel,18.60474
"22.3371, 114.152",Sham Shui Po Sports Ground,,,42.2345,2194.0,,Sham Shui Po Sports Ground,4.22345
"35.585895, 139.652731",Kawasaki Todoroki Stadium,,,731.5,25000.0,,Kawasaki Todoroki Stadium,73.15
"-17.78888889, 15.61388889",Q1334923,,,19.25,1000.0,,Q1334923,1.925
"12.131667, -86.285",Estadio Nacional de Managua,,,184.8,8000.0,,Estadio Nacional de Managua,18.48
"-16.499444, -68.122778",Estadio Hernando Siles,,,1111.88,38000.0,,Estadio Hernando Siles,111.188
"-2.178861, -79.894369",Estadio Modelo Alberto Spencer Herrera,,,1848,48000.0,,Estadio Modelo Alberto Spencer Herrera,184.8
"-22.031517, -47.901764",Estádio Luís Augusto de Oliveira,,,231,10000.0,,Estádio Luís Augusto de Oliveira,23.1
"8.479556, -13.249056",National Stadium,,,1732.5,45000.0,,National Stadium,173.25
"1.434591, 103.780788",Woodlands Stadium,,,82.775,4300.0,,Woodlands Stadium,8.2775
"-14.333611, -170.722222",Veterans Memorial Stadium,,,231,10000.0,,Veterans Memorial Stadium,23.1
"36.85187, 42.996154",Duhok Stadium,,,667.128,22800.0,,Duhok Stadium,66.7128
"46.468389, 30.748444",Spartak Stadium,,,92.4,4800.0,,Spartak Stadium,9.24
"47.120278, 37.515278",Zakhidnyi Stadium,,,61.7155,3206.0,,Zakhidnyi Stadium,6.17155
"-22.59018056, 17.070725",Ramblers Stadium,,,19.25,1000.0,,Ramblers Stadium,1.925
"5.811475, -55.207308",Dr. Ir. Franklin Essed Stadion,,,67.375,3500.0,,Dr. Ir. Franklin Essed Stadion,6.7375
"50.902222, 34.799722",Yuvileiny Stadium,,,877.8,30000.0,,Yuvileiny Stadium,87.78
"50.902222, 34.799722",Yuvileiny Stadium,,,877.8,30000.0,,Yuvileiny Stadium,87.78
"50.902222, 34.799722",Yuvileiny Stadium,,,877.8,30000.0,,Yuvileiny Stadium,87.78
"50.902222, 34.799722",Yuvileiny Stadium,,,877.8,30000.0,,Yuvileiny Stadium,87.78
"50.408524, 4.456877",Stade de la Neuville,Belgium,Prov. Hainaut,280.9884,12164.0,BE,Stade de la Neuville,28.09884
"48.435556, 35.005556",Stadium Meteor,,,713.38806,24381.0,,Stadium Meteor,71.338806
"48.435556, 35.005556",Stadium Meteor,,,713.38806,24381.0,,Stadium Meteor,71.338806
"11.90638889, -86.20722222",Estadio Olímpico de San Marcos,,,57.75,3000.0,,Estadio Olímpico de San Marcos,5.775
"8.8875, -79.775556",Estadio Agustín Sánchez,,,231,10000.0,,Estadio Agustín Sánchez,23.1
"1.310016, 103.860347",Jalan Besar Stadium,,,184.8,8000.0,,Jalan Besar Stadium,18.48
"3.814722222, 103.323888888",Darul Makmur Stadium,,,1540,40000.0,,Darul Makmur Stadium,154
"45.804722, 15.960833",Stadion Kranjčevićeva,Croatia,Grad Zagreb,204.435,8850.0,HR,Stadion Kranjčevićeva,20.4435
"35.21361111, 33.33777778",Nicosia Atatürk Stadium,Cyprus,Kýpros,819.28,28000.0,CY,Nicosia Atatürk Stadium,81.928
"40.154605, 44.475231",Alashkert Stadium,,,157.08,6800.0,,Alashkert Stadium,15.708
"40.154605, 44.475231",Alashkert Stadium,,,157.08,6800.0,,Alashkert Stadium,15.708
"40.154605, 44.475231",Alashkert Stadium,,,157.08,6800.0,,Alashkert Stadium,15.708
"35.2061, 32.9947",Zafer Stadium,Cyprus,Kýpros,161.7,7000.0,CY,Zafer Stadium,16.17
"34.843, 5.75415",Complexe Sportif d'El Alia,,,877.8,30000.0,,Complexe Sportif d'El Alia,87.78
"40.785833, 43.833333",Gyumri City Stadium,,,53.14925,2761.0,,Gyumri City Stadium,5.314925
"47.026665, 28.8191128",Dinamo Stadium,,,55.594,2888.0,,Dinamo Stadium,5.5594
"60.18583333, 24.92472222",Töölö ball field,Finland,Helsinki-Uusimaa,0,,FI,Töölö ball field,0
"-27.498611, -55.852222",Comandante Andrés Guacurarí Stadium,,,438.9,15000.0,,Comandante Andrés Guacurarí Stadium,43.89
"13.573914, 44.024739",Al-Shohada'a Stadium,,,0,,,Al-Shohada'a Stadium,0
"18.223043, 42.490069",Prince Mohammed bin Abdul Aziz Stadium,,,731.5,25000.0,,Prince Mohammed bin Abdul Aziz Stadium,73.15
"47.9349, 37.7456",Kirsha Training Centre,,,0,,,Kirsha Training Centre,0
"42.32222222, 23.55916667",Iskar Stadium,Bulgaria,Yugozapaden,0,,BG,Iskar Stadium,0
"44.6026, 33.542",Sevastopol Sports Complex,,,135.4584,5864.0,,Sevastopol Sports Complex,13.54584
"59.1328, 10.1905",Storstadion,Norway,Agder og Sør-Østlandet,161.7,7000.0,NO,Storstadion,16.17
"-22.841369, -43.266747",Estádio da Rua Bariri,,,254.1,11000.0,,Estádio da Rua Bariri,25.41
"40.43694444, 49.95388889",Ismat Gayibov Stadium,,,115.5,5000.0,,Ismat Gayibov Stadium,11.55
"-26.316667, -48.833611",Arena Joinville,,,655.424,22400.0,,Arena Joinville,65.5424
"39.368056, 49.245556",Nariman Narimanov Stadium,,,38.5,2000.0,,Nariman Narimanov Stadium,3.85
"14.548164, 49.121616",Baradem Mukalla Stadium,,,0,,,Baradem Mukalla Stadium,0
"54.6516, -5.68447",Clandeboye Park,,,0,,,Clandeboye Park,0
"50.322083, 30.568333",Dynamo Training Center in Koncha-Zaspa,,,14.4375,750.0,,Dynamo Training Center in Koncha-Zaspa,1.44375
"50.322083, 30.568333",Dynamo Training Center in Koncha-Zaspa,,,14.784,1200.0,,Dynamo Training Center in Koncha-Zaspa,1.4784
"-17.805378, -63.16573",Estadio Juan Carlos Durán,,,731.5,25000.0,,Estadio Juan Carlos Durán,73.15
"-31.26362, -61.49721",Estadio Parque Barrio Ilolay,,,278.0778,12038.0,,Estadio Parque Barrio Ilolay,27.80778
"40.8419, -8.4703",Estádio Carlos Osório,Portugal,Norte,33.6875,1750.0,PT,Estádio Carlos Osório,3.36875
"16.8825, -24.985277777",Estádio Municipal Adérito Sena,,,115.5,5000.0,,Estádio Municipal Adérito Sena,11.55
"41.7428, 22.1906",Gradski stadion Štip,MK,Severna Makedonija,77,4000.0,MK,Gradski stadion Štip,7.7
"-37.724167, 144.818889",Green Gully Reserve,,,231,10000.0,,Green Gully Reserve,23.1
"-25.3051282, -57.5981715",Estadio Jardines del Kelito,,,115.5,5000.0,,Estadio Jardines del Kelito,11.55
"-34.5381, -58.5257",Estadio Libertarios Unidos,,,196.35,8500.0,,Estadio Libertarios Unidos,19.635
"30.339444, 48.292222",Takhti Stadium (Abadan),,,643.72,22000.0,,Takhti Stadium (Abadan),64.372
"36.3007, 59.59036389",Takhti Stadium (Mashhad),,,438.9,15000.0,,Takhti Stadium (Mashhad),43.89
"40.797222, 44.493889",Lori Stadium,,,115.5,5000.0,,Lori Stadium,11.55
"7.1325, 3.35527778",MKO Abiola Stadium,,,1024.1,35000.0,,MKO Abiola Stadium,102.41
"-28.743392, 32.055874",Richards Bay Stadium,,,184.8,8000.0,,Richards Bay Stadium,18.48
"45.420694, 28.026944",Stadionul Siderurgistul,Romania,Sud-Est,0,,RO,Stadionul Siderurgistul,0
"52.932, -4.1204",Y Traeth,,,38.5,2000.0,,Y Traeth,3.85
"49.0042, 33.6481",Yunist Stadium,,,48.125,2500.0,,Yunist Stadium,4.8125
"50.2461, 28.6689",Central Stadium (Zhytomyr),,,641.61328,21928.0,,Central Stadium (Zhytomyr),64.161328
"51.409444, 21.171389",Stadion RKS Radomiak,Poland,Mazowiecki regionalny,231,10000.0,PL,Stadion RKS Radomiak,23.1
"43.21, -2.77694444",Q10489207,Spain,País Vasco,115.5,5000.0,ES,Q10489207,11.55
"34.810639, 137.722389",Honda Miyakoda Soccer Stadium,,,77,4000.0,,Honda Miyakoda Soccer Stadium,7.7
"-41.320278, 174.7825",Newtown Park,,,115.5,5000.0,,Newtown Park,11.55
"49.5825, 34.577",Lokomotiv Stadium,,,0,,,Lokomotiv Stadium,0
"39.855, 44.689166666",Ayg Stadium,,,24.64,1280.0,,Ayg Stadium,2.464
"39.855, 44.68916667",Ayg Stadium,,,24.64,1280.0,,Ayg Stadium,2.464
"39.855, 44.689166666",Ayg Stadium,,,24.3936,1320.0,,Ayg Stadium,2.43936
"39.855, 44.68916667",Ayg Stadium,,,24.3936,1320.0,,Ayg Stadium,2.43936
"49.77271, 4.72942",Petit-Bois Stadium,France,Champagne-Ardenne,57.75,3000.0,FR,Petit-Bois Stadium,5.775
"40.1589, 44.2908",Vagharshapat City Stadium,,,57.75,3000.0,,Vagharshapat City Stadium,5.775
"40.1647, 44.0453",Armavir City Stadium,,,231,10000.0,,Armavir City Stadium,23.1
"41.1725, 44.9981",Noyemberyan City Stadium,,,0,,,Noyemberyan City Stadium,0
"39.9556, 44.5442",Artashat City Stadium,,,86.625,4500.0,,Artashat City Stadium,8.6625
"35.062017, 33.532715",Othellos Athienou Stadium,Cyprus,Kýpros,0,,CY,Othellos Athienou Stadium,0
"14.897611111, -24.495486111",Estádio 5 de Julho,,,19.25,1000.0,,Estádio 5 de Julho,1.925
"55.9602, -3.1974",Royal Gymnasium Ground,,,1540,40000.0,,Royal Gymnasium Ground,154
"47.56237778, 34.39263611",Elektrometalurh Stadium,,,0,,,Elektrometalurh Stadium,0
"47.56237778, 34.39263611",Elektrometalurh Stadium,,,0,,,Elektrometalurh Stadium,0
"11.19069444, -74.19916667",Estadio Sierra Nevada,,,526.68,18000.0,,Estadio Sierra Nevada,52.668
"1.633458269, 7.415458817",Q86738090,,,19.25,1000.0,,Q86738090,1.925
"59.951944, 30.286389",Petrovsky Stadium,,,629.20704,21504.0,,Petrovsky Stadium,62.920704
"7.258611, 5.189722",Akure Township Stadium,,,57.75,3000.0,,Akure Township Stadium,5.775
"30.1745, 31.435",Al Salam Stadium,,,877.8,30000.0,,Al Salam Stadium,87.78
"-15.595333333, -56.098666666",Estádio José Fragelli,,,1540,40000.0,,Estádio José Fragelli,154
"30.0512, 31.297",Osman Ahmed Osman Stadium,,,2310,60000.0,,Osman Ahmed Osman Stadium,231
"54.990633, -7.336",Brandywell Stadium,,,145.53,6300.0,,Brandywell Stadium,14.553
"14.7107147, -17.4584434",Stade Demba Diop,,,438.9,15000.0,,Stade Demba Diop,43.89
"-41.4915, -72.98705",Estadio Bicentenario de Chinquihue,,,232.5015,10065.0,,Estadio Bicentenario de Chinquihue,23.25015
"-3.807267, -38.522481",Castelão,,,2228.226,57876.0,,Castelão,222.8226
"44.455083, 26.102444",Stadionul Dinamo,Romania,Bucureşti-Ilfov,439.83632,15032.0,RO,Stadionul Dinamo,43.983632
"13.681105555, -89.222333333",Estadio Cuscatlán,,,1768.1125,45925.0,,Estadio Cuscatlán,176.81125
"12.109167, -86.273056",Nicaragua National Football Stadium,,,254.1,11000.0,,Nicaragua National Football Stadium,25.41
"3.429889, -76.541083",Estadio Olímpico Pascual Guerrero,,,1624.7,42200.0,,Estadio Olímpico Pascual Guerrero,162.47
"-22.508336, -44.096928",Estádio Raulino de Oliveira,,,614.46,21000.0,,Estádio Raulino de Oliveira,61.446
"51.753, -0.324","Clarence Park, St Albans",,,115.6617,5007.0,,"Clarence Park, St Albans",11.56617
"50.63114, 3.1375",Stadium Lille Métropole,France,Nord-Pas de Calais,531.18604,18154.0,FR,Stadium Lille Métropole,53.118604
"9.951389, 8.866389",Rwang Pam Stadium,,,438.9,15000.0,,Rwang Pam Stadium,43.89
"-3.383333, 29.373778",Intwari Stadium,,,643.72,22000.0,,Intwari Stadium,64.372
"59.413068, 5.279379",Haugesund Sparebank Arena,Norway,Vestlandet,203.28,8800.0,NO,Haugesund Sparebank Arena,20.328
"45.386769, 20.398686",Stadion Karađorđev park,RS,Autonomous Province of Vojvodina,311.85,13500.0,RS,Stadion Karađorđev park,31.185
"52.078333333, 5.145833333",Stadion Galgenwaard,Netherlands,Utrecht,694.925,23750.0,NL,Stadion Galgenwaard,69.4925
"30.1111, 31.3676",Cairo Military Academy Stadium,,,643.72,22000.0,,Cairo Military Academy Stadium,64.372
"50.298611, 34.889722",Naftovyk Stadium,,,121.4136,5256.0,,Naftovyk Stadium,12.14136
"37.94935, 58.37021",Köpetdag Stadium,,,760.76,26000.0,,Köpetdag Stadium,76.076
"37.94935, 58.37021",Köpetdag Stadium,,,760.76,26000.0,,Köpetdag Stadium,76.076
"13.976397222, -89.569036111",Estadio Óscar Quiteño,,,438.9,15000.0,,Estadio Óscar Quiteño,43.89
"8.98777778, -79.53416667",Estadio Javier Cruz,,,48.125,2500.0,,Estadio Javier Cruz,4.8125
"53.383436, -2.335158",Moss Lane,,,140.5635,6085.0,,Moss Lane,14.05635
"49.4361, 32.0547",Cherkasy Arena,,,238.4151,10321.0,,Cherkasy Arena,23.84151
"49.4361, 32.0547",Cherkasy Arena,,,238.4151,10321.0,,Cherkasy Arena,23.84151
"-17.796067, -63.183873",Estadio Ramón Tahuichi Aguilera,,,1029.3668,35180.0,,Estadio Ramón Tahuichi Aguilera,102.93668
"-4.27352778, 15.24841667",Stade Alphonse Massemba-Débat,,,966.66262,33037.0,,Stade Alphonse Massemba-Débat,96.666262
"50.883889, 4.070833",Florent Beeckmanstadion,Belgium,Prov. Oost-Vlaanderen,277.2,12000.0,BE,Florent Beeckmanstadion,27.72
"51.216667, 2.886389",Albertpark,Belgium,Prov. West-Vlaanderen,187.6875,8125.0,BE,Albertpark,18.76875
"51.21691667, 2.88654444",Albertpark,Belgium,Prov. West-Vlaanderen,187.6875,8125.0,BE,Albertpark,18.76875
"12.10005278, 15.05507222",Stade Omnisports Idriss Mahamat Ouya,,,585.2,20000.0,,Stade Omnisports Idriss Mahamat Ouya,58.52
"12.10005278, 15.05507222",Stade Omnisports Idriss Mahamat Ouya,,,585.2,20000.0,,Stade Omnisports Idriss Mahamat Ouya,58.52
"42.682527777, 13.762583333",Stadio Gaetano Bonolis,Italy,Abruzzo,173.2038,7498.0,IT,Stadio Gaetano Bonolis,17.32038
"-20.93305, 55.30052",Stade Lambrakis,France,La Réunion,0,,FR,Stade Lambrakis,0
"35.5578, 6.18022",Stade Seffouhi,,,38.5,2000.0,,Stade Seffouhi,3.85
"-23.947111111, -46.337361111",Estádio Ulrico Mursa,,,231,10000.0,,Estádio Ulrico Mursa,23.1
"40.5207, 72.8048",Suyumbayev Stadion,,,277.2,12000.0,,Suyumbayev Stadion,27.72
"36.341039, 43.115405",Al Mosul University Stadium,,,0,,,Al Mosul University Stadium,0
"36.862, -2.44529",Estadio Municipal Juan Rojas,Spain,Andalucía,311.1108,13468.0,ES,Estadio Municipal Juan Rojas,31.11108
"26.3789, 43.9478",King Abdullah Sport City Stadium,,,731.5,25000.0,,King Abdullah Sport City Stadium,73.15
"-10.002222, -67.803889",Arena da Floresta,,,585.2,20000.0,,Arena da Floresta,58.52
"-1.445, -48.465833",Baenão,,,512.57668,17518.0,,Baenão,51.257668
"41.840373, 59.971619",Daşoguz Stadium,,,277.2,12000.0,,Daşoguz Stadium,27.72
"52.559117, -1.3404",De Montfort Park,,,83.33325,4329.0,,De Montfort Park,8.333325
"44.765156, 20.472153",Detelinara Stadium,RS,City of Belgrade,138.6,6000.0,RS,Detelinara Stadium,13.86
"5.884444, -10.0375",Doris Williams Stadium,,,57.75,3000.0,,Doris Williams Stadium,5.775
"-27.483778, -58.829883",Estadio José Antonio Romero Feris,,,443.93272,15172.0,,Estadio José Antonio Romero Feris,44.393272
"-27.483778, -58.829883",Estadio José Antonio Romero Feris,,,443.93272,15172.0,,Estadio José Antonio Romero Feris,44.393272
"-34.680408, -58.732975",José Manuel Moreno Stadium,,,115.5,5000.0,,José Manuel Moreno Stadium,11.55
"61.500278, 23.785278",Tammelan Stadion,Finland,Länsi-Suomi,59.675,3100.0,FI,Tammelan Stadion,5.9675
"6.1466776, -75.3727535",Estadio Alberto Grisales,,,323.862,14020.0,,Estadio Alberto Grisales,32.3862
"-34.587275, -59.18213611",Carlos V Stadium,,,0,,,Carlos V Stadium,0
"-33.47041944, -70.69281111",Q5848102,,,0,,,Q5848102,0
"-12.063972222, -77.130708333",Estadio Telmo Carbajo,,,115.5,5000.0,,Estadio Telmo Carbajo,11.55
"46.050375, 14.53314167",Kodeljevo Sports Park,Slovenia,Zahodna Slovenija,0,,SI,Kodeljevo Sports Park,0
"8.522038, 8.525364",Lafia Township Stadium,,,0,,,Lafia Township Stadium,0
"-33.884409166, 151.146898055",Lambert Park,,,38.5,2000.0,,Lambert Park,3.85
"51.2115, 0.2691",Longmead Stadium,,,0,,,Longmead Stadium,0
"37.58833333, 61.84222222",Mary Stadium,,,231,10000.0,,Mary Stadium,23.1
"-26.099357, 28.167143",Modderfontein Stadium,,,0,,,Modderfontein Stadium,0
"2.116667, 45.4",Mogadishu Stadium,,,2310,60000.0,,Mogadishu Stadium,231
"22.904444, 57.589444",Nizwa Sports Complex,,,231,10000.0,,Nizwa Sports Complex,23.1
"-15.37194444, 28.37611111",Nkoloma Stadium,,,115.5,5000.0,,Nkoloma Stadium,11.55
"10.084436, -61.601494",Palo Seco Velodrome,,,231,10000.0,,Palo Seco Velodrome,23.1
"-27.4433, 153.039",Perry Park,,,77,4000.0,,Perry Park,7.7
"43.23270278, 44.74112778",Rashid Aushev Central Stadium,,,67.375,3500.0,,Rashid Aushev Central Stadium,6.7375
"-18.996833, 32.640925",Sakubva Stadium,,,231,10000.0,,Sakubva Stadium,23.1
"6.366667, 2.433333",Stade Gbegamey,,,115.5,5000.0,,Stade Gbegamey,11.55
"33.8658741, 10.1056385",Stade Municipal de Gabès,,,438.9,15000.0,,Stade Municipal de Gabès,43.89
"40.076, -75.1661",Temple Stadium,,,585.2,20000.0,,Temple Stadium,58.52
"0.000691666, -51.080825",Milton de Souza Corrêa Stadium,,,59.675,3100.0,,Milton de Souza Corrêa Stadium,5.9675
"40.014578, 52.987995",Şagadam Stadium,,,115.5,5000.0,,Şagadam Stadium,11.55
"-12.7169, -38.3153",Estádio Armando Oliveira,,,231,10000.0,,Estádio Armando Oliveira,23.1
"-25.116239, -50.156622",Estádio Germano Krüger,,,300.3,13000.0,,Estádio Germano Krüger,30.03
"-5.18555556, -37.35694444",Nogueirão,,,731.5,25000.0,,Nogueirão,73.15
"-16.457782, -54.600236",Q9255385,,,526.68,18000.0,,Q9255385,52.668
"-12.3926, 13.5537",Estádio do Buraco,,,438.9,15000.0,,Estádio do Buraco,43.89
"-25.4312, -49.31868889",Estádio Janguito Malucelli,,,0,,,Estádio Janguito Malucelli,0
"-22.86871944, -43.46329722",Q10277069,,,0,,,Q10277069,0
"-18.72222222, -39.85555556",Estádio do Sernamby,,,0,,,Estádio do Sernamby,0
"64.2206, 27.7272",Kajaani sports park,Finland,Pohjois- ja Itä-Suomi,15.4,800.0,FI,Kajaani sports park,1.54
"31.915394, 34.775203",Ness Ziona Stadium,,,67.375,3500.0,,Ness Ziona Stadium,6.7375
"-27.1041, -52.607",Arena Condá,,,661.276,22600.0,,Arena Condá,66.1276
"43.13333333, 25.7",Lokomotiv Stadium (Gorna Oryahovitsa),Bulgaria,Severen tsentralen,277.2,12000.0,BG,Lokomotiv Stadium (Gorna Oryahovitsa),27.72
"54.5128, 30.4342",City Stadium,,,0,,,City Stadium,0
"54.51277778, 30.43472222",City Stadium,,,0,,,City Stadium,0
"51.061, 4.34719",Q16511399,Belgium,Prov. Antwerpen,138.6,6000.0,BE,Q16511399,13.86
"36.2675, 2.7501",Stade Imam Lyes de Médéa,,,277.2,12000.0,,Stade Imam Lyes de Médéa,27.72
"36.261667, 2.769722",Stade Imam Lyes de Médéa,,,277.2,12000.0,,Stade Imam Lyes de Médéa,27.72
"50.11144444, 45.42013889",Q16705231,,,0,,,Q16705231,0
"51.5144, 0.0347389",West Ham Stadium,,,0,,,West Ham Stadium,0
"34.948617, 33.587873",Aradippou Municipal Stadium,Cyprus,Kýpros,38.5,2000.0,CY,Aradippou Municipal Stadium,3.85
"5.30100012, -1.99240005",TNA Park,,,277.2,12000.0,,TNA Park,27.72
"45.67435556, 21.910725",Stadionul Tineretului,Romania,Vest,0,,RO,Stadionul Tineretului,0
"53.32388889, 28.64416667",Yunost Stadium,,,0,,,Yunost Stadium,0
"35.8549, 10.5986",Bou Ali Lahouar Stadium,,,150.15,6500.0,,Bou Ali Lahouar Stadium,15.015
"9.013306, 38.756417",Addis Ababa Stadium,,,1024.1,35000.0,,Addis Ababa Stadium,102.41
"9.013306, 38.756417",Addis Ababa Stadium,,,1024.1,35000.0,,Addis Ababa Stadium,102.41
"-15.595333333, -56.098666666",Estádio José Fragelli,,,1540,40000.0,,Estádio José Fragelli,154
"40.4858, -7.5947",Q602279,Portugal,Centro (PT),115.5,5000.0,PT,Q602279,11.55
"30.0512, 31.297",Osman Ahmed Osman Stadium,,,2310,60000.0,,Osman Ahmed Osman Stadium,231
"31.1971, 29.9132",Alexandria Stadium,,,300.3,13000.0,,Alexandria Stadium,30.03
"-5.073611, 39.100556",Mkwakwani Stadium,,,231,10000.0,,Mkwakwani Stadium,23.1
"10.303371, -61.441673",Manny Ramjohn Stadium,,,231,10000.0,,Manny Ramjohn Stadium,23.1
"39.805555555, -104.891944444",Dick's Sporting Goods Park,,,509.82624,17424.0,,Dick's Sporting Goods Park,50.982624
"11.84611111, 13.14583333",El-Kanemi Stadium,,,231,10000.0,,El-Kanemi Stadium,23.1
"10.021666666, -84.209166666",Estadio Alejandro Morera Soto,,,517.902,17700.0,,Estadio Alejandro Morera Soto,51.7902
"-25.259722, -57.583889",Estadio Martín Torres,,,57.75,3000.0,,Estadio Martín Torres,5.775
"-12.067138888, -77.033722222",National Stadium of Peru,,,1658.811,43086.0,,National Stadium of Peru,165.8811
"-12.067138888, -77.033722222",National Stadium of Peru,,,1658.811,43086.0,,National Stadium of Peru,165.8811
"7.787166666, -72.197944444",Estadio Polideportivo de Pueblo Nuevo,,,1636.25,42500.0,,Estadio Polideportivo de Pueblo Nuevo,163.625
"16.46444444, -15.6825",Stade Municipal de Richard Toll,,,0,,,Stade Municipal de Richard Toll,0
"4.05556, 9.71861",Stade de la Réunification,,,877.8,30000.0,,Stade de la Réunification,87.78
"47.32616, 5.06757",Stade Gaston Gérard,France,Bourgogne,468.0137,15995.0,FR,Stade Gaston Gérard,46.80137
"47.3261, 5.06793",Stade Gaston Gérard,France,Bourgogne,468.0137,15995.0,FR,Stade Gaston Gérard,46.80137
"46.9714, 31.9604",Mykolaiv Central City Stadium,,,457.6264,15640.0,,Mykolaiv Central City Stadium,45.76264
"-0.177528, -78.476583",Estadio Olímpico Atahualpa,,,1045.81092,35742.0,,Estadio Olímpico Atahualpa,104.581092
"59.506592, 24.82805",Viimsi Stadium,Estonia,Eesti,38.5,2000.0,EE,Viimsi Stadium,3.85
"22.279988, -97.850773",Estadio Tamaulipas,,,575.45642,19667.0,,Estadio Tamaulipas,57.545642
"6.477778, 2.618611",Stade Charles de Gaulle,,,438.9,15000.0,,Stade Charles de Gaulle,43.89
"36.75444167, -3.51277778",Estadio Escribano Castilla,Spain,Andalucía,86.625,4500.0,ES,Estadio Escribano Castilla,8.6625
"43.33146, 3.22331",Stade de Sauclières,France,Languedoc-Roussillon,277.2,12000.0,FR,Stade de Sauclières,27.72
"13.72805556, -89.72361111",Estadio Anna Mercedes Campos,,,184.8,8000.0,,Estadio Anna Mercedes Campos,18.48
"13.519658, -88.871659",Estadio Antonio Toledo Valle,,,0,,,Estadio Antonio Toledo Valle,0
"9.030556, -79.498333",Estadio Bernardo Gil,,,5.775,300.0,,Estadio Bernardo Gil,0.5775
"14.531667, -91.509167",Estadio Carlos Salazar Hijo,,,231,10000.0,,Estadio Carlos Salazar Hijo,23.1
"14.96694444, -89.52694444",Estadio David Ordoñez Bardales,,,231,10000.0,,Estadio David Ordoñez Bardales,23.1
"13.632222, -87.890278",Estadio Jose Ramon Flores,,,115.5,5000.0,,Estadio Jose Ramon Flores,11.55
"14.042669444, -88.967897222",Estadio José Gregorio Martínez,,,438.9,15000.0,,Estadio José Gregorio Martínez,43.89
"43.4578, 5.24369",Jules-Ladoumègue,France,Provence-Alpes-Côte d’Azur,28.875,1500.0,FR,Jules-Ladoumègue,2.8875
"13.482576, -88.169038",Estadio Juan Francisco Barraza,,,231,10000.0,,Estadio Juan Francisco Barraza,23.1
"13.333056, -87.846111",Estadio Marcelino Imbers,,,77,4000.0,,Estadio Marcelino Imbers,7.7
"13.333056, -87.846111",Estadio Marcelino Imbers,,,77,4000.0,,Estadio Marcelino Imbers,7.7
"15.786107, -86.785945",Estadio Nilmo Edwards,,,731.5,25000.0,,Estadio Nilmo Edwards,73.15
"15.786107, -86.785945",Estadio Nilmo Edwards,,,739.2,32000.0,,Estadio Nilmo Edwards,73.92
"44.87036, -0.61829",Stade Sainte-Germain,France,Aquitaine,161.7,7000.0,FR,Stade Sainte-Germain,16.17
"14.91194444, -92.06",Estadio Santa Lucía,,,127.05,5500.0,,Estadio Santa Lucía,12.705
"13.721519444, -89.202005555",Estadio Universitario (UES),,,231,10000.0,,Estadio Universitario (UES),23.1
"12.2317, -68.3298",Stadion Antonio Trenidat,,,28.875,1500.0,,Stadion Antonio Trenidat,2.8875
"26.3789, 43.9478",King Abdullah Sport City Stadium,,,731.5,25000.0,,King Abdullah Sport City Stadium,73.15
"-12.75575, 15.76238889",Estádio da Ferrovia,,,0,,,Estádio da Ferrovia,0
"30.0199, 31.3737",30 June Stadium,,,877.8,30000.0,,30 June Stadium,87.78
"17.082711, 54.143789",Al-Saada Stadium,,,277.2,12000.0,,Al-Saada Stadium,27.72
"-19.478794, -44.222022",Arena do Jacaré,,,497.42,17000.0,,Arena do Jacaré,49.742
"42.0003891, 21.50286102",Boris Trajkovski Stadium,MK,Severna Makedonija,57.75,3000.0,MK,Boris Trajkovski Stadium,5.775
"42.0004, 21.5029",Boris Trajkovski Stadium,MK,Severna Makedonija,57.75,3000.0,MK,Boris Trajkovski Stadium,5.775
"13.87888889, -89.36055556",Complejo Municipal,,,115.5,5000.0,,Complejo Municipal,11.55
"-25.26402, -57.550024",Estadio General Andrés Rodríguez,,,138.6,6000.0,,Estadio General Andrés Rodríguez,13.86
"13.7, -88.1",Estadio Luis Amílcar Moreno,,,77,4000.0,,Estadio Luis Amílcar Moreno,7.7
"13.8446, -88.8548",Estadio Mauricio Vides,,,0,,,Estadio Mauricio Vides,0
"-19.002778, -57.664444",Estádio Arthur Marinho,,,438.9,15000.0,,Estádio Arthur Marinho,43.89
"-22.761144, -47.154406",Estádio Municipal Luís Perissinotto,,,232.617,10070.0,,Estádio Municipal Luís Perissinotto,23.2617
"-23.489556, -47.449056",Estádio Municipal Walter Ribeiro,,,316.9782,13722.0,,Estádio Municipal Walter Ribeiro,31.69782
"-19.821751, 34.841616",Estádio do Ferroviário,,,0,,,Estádio do Ferroviário,0
"-15.1086773, 39.2605968",Estádio do Nampula,,,0,,,Estádio do Nampula,0
"29.318, 30.84",Fayoum Stadium,,,231,10000.0,,Fayoum Stadium,23.1
"-23.32222222, 30.71888889",Giyani Stadium,,,731.5,25000.0,,Giyani Stadium,73.15
"41.1728, 20.6842",Gradska Plaža Stadium,MK,Severna Makedonija,9.625,500.0,MK,Gradska Plaža Stadium,0.9625
"43.4981, -5.68056",Escuela de Fútbol de Mareo,Spain,Principado de Asturias,57.75,3000.0,ES,Escuela de Fútbol de Mareo,5.775
"-25.3428, -57.5008",Estadio Gunther Vogel,,,115.5,5000.0,,Estadio Gunther Vogel,11.55
"-34.69313889, -58.38638889",Estadio Gildo Francisco Ghersinich,,,438.9,15000.0,,Estadio Gildo Francisco Ghersinich,43.89
"42.1664, -1.74833",Q5848077,Spain,La Rioja,77,4000.0,ES,Q5848077,7.7
"38.420138888, -6.408194444",Q6046894,Spain,Extremadura,115.5,5000.0,ES,Q6046894,11.55
"32.838611, 130.039444",Nagasaki Athletic Stadium,,,451.15994,15419.0,,Nagasaki Athletic Stadium,45.115994
"50.029661, 15.781801",Pod Vinicí,Czechia,Severovýchod,48.125,2500.0,CZ,Pod Vinicí,4.8125
"46.557222, 26.913333",Stadionul Municipal,Romania,Nord-Est,512.05,17500.0,RO,Stadionul Municipal,51.205
"39.7722, 2.71735",Camp d'en Maiol,Spain,Illes Balears,28.875,1500.0,ES,Camp d'en Maiol,2.8875
"-18.505013287, -54.753566063",Q9255157,,,67.375,3500.0,,Q9255157,6.7375
"-28.943056, -51.549167",Q9255163,,,77,4000.0,,Q9255163,7.7
"-27.1014, -48.9161",Estádio Augusto Bauer,,,115.5,5000.0,,Estádio Augusto Bauer,11.55
"-1.444008, -48.462958",Estádio da Curuzú,,,277.2,12000.0,,Estádio da Curuzú,27.72
"-1.443888888, -48.463055555",Estádio da Curuzú,,,277.2,12000.0,,Estádio da Curuzú,27.72
"-1.444008, -48.462958",Estádio da Curuzú,,,277.2,20000.0,,Estádio da Curuzú,27.72
"-1.443888888, -48.463055555",Estádio da Curuzú,,,277.2,20000.0,,Estádio da Curuzú,27.72
"-19.53888889, -40.63888889",Q9255419,,,277.2,12000.0,,Q9255419,27.72
"-14.790639, -39.034119",Estádio Mário Pessoa,,,231,10000.0,,Estádio Mário Pessoa,23.1
"-12.983333, -38.473056",Estádio Parque Santiago,,,184.8,8000.0,,Estádio Parque Santiago,18.48
"45.8382, 20.4565",City Stadium Kikinda,RS,Autonomous Province of Vojvodina,173.25,7500.0,RS,City Stadium Kikinda,17.325
"-2.536286, -44.289145",Estádio Nhozinho Santos,,,482.79,16500.0,,Estádio Nhozinho Santos,48.279
"-26.908353, -48.659667",Estádio Hercílio Luz,,,277.2,12000.0,,Estádio Hercílio Luz,27.72
"38.026667, 46.295833",Gostaresh Foolad Stadium,,,2568.72,12000.0,,Gostaresh Foolad Stadium,256.872
"37.09863, -8.24023",Estádio Municipal de Albufeira,Portugal,Algarve,0,,PT,Estádio Municipal de Albufeira,0
"-34.890647222, -58.563263888",Estadio 20 de Octubre,,,173.25,7500.0,,Estadio 20 de Octubre,17.325
"16.179194444, -22.909305555",Estadio Municipal Arsénio Ramos,,,57.75,3000.0,,Estadio Municipal Arsénio Ramos,5.775
"-12.97904545, -38.507775555",Q18479168,,,0,,,Q18479168,0
"18.515555555, -72.2925",Saint-Therese Park,,,51.975,2700.0,,Saint-Therese Park,5.1975
"6.828611111, -5.246388888",Charles Konan Banny Stadium,,,585.2,20000.0,,Charles Konan Banny Stadium,58.52
"35.084732178, 136.196989542",Nunobiki Green Stadium,,,115.5,5000.0,,Nunobiki Green Stadium,11.55
"38.761194444, -9.160783333",Estádio José Alvalade,Portugal,Grande Lisboa,2005.6575,52095.0,PT,Estádio José Alvalade,200.56575
"38.761194444, -9.160783333",Estádio José Alvalade,Portugal,Grande Lisboa,2005.6575,52095.0,PT,Estádio José Alvalade,200.56575
"28.548888888, -81.386666666",Amway Arena,,,441.15302,15077.0,,Amway Arena,44.115302
"37.297746, 127.011315",Suwon Sports Complex,,,721.8442,24670.0,,Suwon Sports Complex,72.18442
"17.12235556, -61.83903056",Antigua Recreation Ground,,,207.9,9000.0,,Antigua Recreation Ground,20.79
"29.9575, 32.5425",Suez Stadium,,,731.5,25000.0,,Suez Stadium,73.15
"43.519444, 16.431667",Stadion Poljud,Croatia,Jadranska Hrvatska,1024.1,35000.0,HR,Stadion Poljud,102.41
"-38.742778, -72.619722",Estadio Municipal Germán Becker,,,530.3375,18125.0,,Estadio Municipal Germán Becker,53.03375
"4.976898, -1.681799",Sekondi-Takoradi Stadium,,,585.2,20000.0,,Sekondi-Takoradi Stadium,58.52
"45.554166666, -73.636666666",Complexe sportif Claude-Robillard,,,219.45,9500.0,,Complexe sportif Claude-Robillard,21.945
"55.261359, 9.487791",Sydbank Park,Denmark,Syddanmark,231,10000.0,DK,Sydbank Park,23.1
"18.393333, -66.150833",Juan Ramón Loubriel Stadium,,,643.72,22000.0,,Juan Ramón Loubriel Stadium,64.372
"44.455083, 26.102444",Stadionul Dinamo,Romania,Bucureşti-Ilfov,439.83632,15032.0,RO,Stadionul Dinamo,43.983632
"40.441666666, -79.99",Civic Arena,,,495.6644,16940.0,,Civic Arena,49.56644
"40.441666666, -79.99",Civic Arena,,,495.6644,16940.0,,Civic Arena,49.56644
"62.199788, -6.74552",Serpugerði Stadium,,,0,,,Serpugerði Stadium,0
"-5.50784, 12.24036",Estádio Nacional do Chiazi,,,585.2,20000.0,,Estádio Nacional do Chiazi,58.52
"26.153594, 50.543664",Bahrain National Stadium,,,702.24,24000.0,,Bahrain National Stadium,70.224
"36.149356, -5.350342",Victoria Stadium,,,115.5,5000.0,,Victoria Stadium,11.55
"-15.798889, 35.0345",Kamuzu Stadium,,,936.32,32000.0,,Kamuzu Stadium,93.632
"38.83823, 65.81354",Markaziy Stadium,,,340.725,14750.0,,Markaziy Stadium,34.0725
"0.391806, 9.452167",Stade Omar Bongo,,,1732.5,45000.0,,Stade Omar Bongo,173.25
"48.30616, 4.0982",Stade de l'Aube,France,Champagne-Ardenne,596.904,20400.0,FR,Stade de l'Aube,59.6904
"5.811475, -55.207308",Dr. Ir. Franklin Essed Stadion,,,67.375,3500.0,,Dr. Ir. Franklin Essed Stadion,6.7375
"-11.7046, 27.484",Stade Frederic Kibassa Maliba,,,1024.1,35000.0,,Stade Frederic Kibassa Maliba,102.41
"-33.6043, -71.6148",Estadio Municipal Doctor Olegario Henríquez Escalante,,,38.962,2024.0,,Estadio Municipal Doctor Olegario Henríquez Escalante,3.8962
"9.9365, -84.107878",Estadio Nacional de Costa Rica,,,731.5,25000.0,,Estadio Nacional de Costa Rica,73.15
"1.304277777, 103.874611111",National Stadium,,,2117.5,55000.0,,National Stadium,211.75
"48.807229, 2.494671",Adolphe-Chéron Stadium,France,Ile-de-France,67.375,3500.0,FR,Adolphe-Chéron Stadium,6.7375
"35.679167, -0.675278",Habib Bouakeul Stadium,,,585.2,20000.0,,Habib Bouakeul Stadium,58.52
"-20.89503, 55.50148",Stade Jean-Ivoula,France,La Réunion,277.2,12000.0,FR,Stade Jean-Ivoula,27.72
"43.22076, 0.07234",Stade Maurice Trélut,France,Midi-Pyrénées,479.864,16400.0,FR,Stade Maurice Trélut,47.9864
"-20.98243, 55.29014",Stade Paul Julius Bénard,France,La Réunion,277.2,12000.0,FR,Stade Paul Julius Bénard,27.72
"6.12322, -5.95483",Q3495900,,,585.2,20000.0,,Q3495900,58.52
"9.27314, -2.98926",Stade Municipal,,,231,10000.0,,Stade Municipal,23.1
"6.88845, -6.45677",Stade Municipal,,,77,4000.0,,Stade Municipal,7.7
"43.588056, 16.574167",Stadion Hrvatski vitezovi,Croatia,Jadranska Hrvatska,120.12,5200.0,HR,Stadion Hrvatski vitezovi,12.012
"48.856004361, 18.85840458",AQUA Stadium,Slovakia,Stredné Slovensko,0,,SK,AQUA Stadium,0
"7.96, -11.74",Bo Stadium,,,731.5,25000.0,,Bo Stadium,73.15
"-35.855425, -71.591033",Estadio Fiscal de Linares,,,161.7,7000.0,,Estadio Fiscal de Linares,16.17
"-33.586667, -70.635833",Estadio Municipal de La Pintana,,,138.6,6000.0,,Estadio Municipal de La Pintana,13.86
"-3.121944, -60.037778",Estádio Ismael Benigno,,,468.16,16000.0,,Estádio Ismael Benigno,46.816
"-16.346347, -48.955761",Estádio Jonas Duarte,,,585.2,20000.0,,Estádio Jonas Duarte,58.52
"-16.346499, -48.955584",Estádio Jonas Duarte,,,585.2,20000.0,,Estádio Jonas Duarte,58.52
"-14.93638889, 13.47055556",Estádio Nossa Senhora do Monte,,,0,,,Estádio Nossa Senhora do Monte,0
"40.975, 28.79944444",Florya Metin Oktay Sports Complex and Training Center,,,0,,,Florya Metin Oktay Sports Complex and Training Center,0
"44.411214, 17.084974",Gradski stadion Luke,BA,Republika Srpska,38.5,2000.0,BA,Gradski stadion Luke,3.85
"-36.7226, -73.1072",Estadio El Morro,,,165.2112,7152.0,,Estadio El Morro,16.52112
"40.318502, -3.717792",Q5848060,Spain,Comunidad de Madrid,0,,ES,Q5848060,0
"7.87676, -11.1842",Kenema Town Field,,,38.5,2000.0,,Kenema Town Field,3.85
"34.596, 43.6837",Tikrit Stadium,,,0,,,Tikrit Stadium,0
"18.1498, -65.8357",Nestor Morales Stadium,,,0,,,Nestor Morales Stadium,0
"-13.95361111, 33.76972222","Silver Stadium, Lilongwe",,,585.2,20000.0,,"Silver Stadium, Lilongwe",58.52
"10.5903, 14.3269",Stade Municipal,,,0,,,Stade Municipal,0
"42.654722, 18.078611",Stadion Lapad,Croatia,Jadranska Hrvatska,57.75,3000.0,HR,Stadion Lapad,5.775
"48.0883, 19.6133",Stadium Liptovský Mikuláš,Hungary,Észak-Magyarország,37.5375,1950.0,HU,Stadium Liptovský Mikuláš,3.75375
"48.4333, 19.55",TJ Baník Stadium,Slovakia,Stredné Slovensko,23.1,1200.0,SK,TJ Baník Stadium,2.31
"43.89501, 22.27347",Zaječar City Stadium,RS,Region Južne i Istočne Srbije,231,10000.0,RS,Zaječar City Stadium,23.1
"0.000691666, -51.080825",Milton de Souza Corrêa Stadium,,,59.675,3100.0,,Milton de Souza Corrêa Stadium,5.9675
"0.000691666, -51.080825",Milton de Souza Corrêa Stadium,,,59.675,3100.0,,Milton de Souza Corrêa Stadium,5.9675
"0.000691666, -51.080825",Milton de Souza Corrêa Stadium,,,59.675,3100.0,,Milton de Souza Corrêa Stadium,5.9675
"-15.836146, -48.080657",Serejão,,,1024.1,35000.0,,Serejão,102.41
"48.217703, 17.410412",NTC Senec,Slovakia,Bratislavský kraj,62.832,3264.0,SK,NTC Senec,6.2832
"-10.285306, -36.571544",Q9255152,,,127.05,5500.0,,Q9255152,12.705
"-12.7169, -38.3153",Estádio Armando Oliveira,,,231,10000.0,,Estádio Armando Oliveira,23.1
"-5.116, -42.793",Albertão,,,1701.7,44200.0,,Albertão,170.17
"-5.52530556, -47.48847222",Q9255395,,,231,10000.0,,Q9255395,23.1
"-7.953333, -36.201944",Estádio Otávio Limeira Alves,,,161.7,7000.0,,Estádio Otávio Limeira Alves,16.17
"-20.1275, -40.304167",Q9255534,,,57.75,3000.0,,Q9255534,5.775
"-4.62444, 55.4541","People's Stadium, Seychelles",,,161.7,7000.0,,"People's Stadium, Seychelles",16.17
"-3.49412, -42.55926",Q10276865,,,0,,,Q10276865,0
"-12.544360873, -55.742873745",Q10276918,,,0,,,Q10276918,0
"-20.30944444, -40.31916667",Q10276981,,,0,,,Q10276981,0
"-16.37498889, -46.88835",Q10277298,,,0,,,Q10277298,0
"2.81878, -60.7209",Estádio Raimundo Ribeiro de Souza,,,63.525,3300.0,,Estádio Raimundo Ribeiro de Souza,6.3525
"14.4292, -16.9727",Stade Caroline Faye,,,115.5,5000.0,,Stade Caroline Faye,11.55
"48.53146, 2.66497",Stade Municipal de Melun,France,Ile-de-France,38.3845,1994.0,FR,Stade Municipal de Melun,3.83845
"35.5828, 0.0671",Stade Mohamed Ouali,,,438.9,15000.0,,Stade Mohamed Ouali,43.89
"49.796925, 18.4509158",Stadion Dukla,Czechia,Moravskoslezsko,0,,CZ,Stadion Dukla,0
"47.078931, 28.180499",Stadionul Mircea Eliade,,,0,,,Stadionul Mircea Eliade,0
"43.945278, 18.077222",Q25501460,BA,Federacija Bosne i Hercegovine,0,,BA,Q25501460,0
"41.95252028, 12.83951528",Stadio Olindo Galli,Italy,Lazio,0,,IT,Stadio Olindo Galli,0
"48.58733333, 18.86333333",Mestský štadión Žiar nad Hronom,Slovakia,Stredné Slovensko,44.44825,2309.0,SK,Mestský štadión Žiar nad Hronom,4.444825
"6.828611111, -5.246388888",Charles Konan Banny Stadium,,,585.2,20000.0,,Charles Konan Banny Stadium,58.52
"-3.11189, -60.0175",Q48879597,,,231,10000.0,,Q48879597,23.1
"45.757459, 8.418694",Stadio Alfredo d'Albertas,Italy,Piemonte,29.3755,1526.0,IT,Stadio Alfredo d'Albertas,2.93755
"43.57638889, 7.0525",Stade des Frères Roustan,France,Provence-Alpes-Côte d’Azur,0,,FR,Stade des Frères Roustan,0
"56.1923, 10.2102",Vejlby Stadium,Denmark,Midtjylland,0,,DK,Vejlby Stadium,0
"46.29746, 4.8135",Q118957156,France,Bourgogne,20.405,1060.0,FR,Q118957156,2.0405
"46.29746, 4.8135",Q118957156,France,Bourgogne,19.6812,3195.0,FR,Q118957156,1.96812
"46.5609, 3.34927",Stade de Bellevue,France,Auvergne,41.657,2164.0,FR,Stade de Bellevue,4.1657
"14.60334, -61.0462",Stade Pierre-Aliker,France,Martinique,526.68,18000.0,FR,Stade Pierre-Aliker,52.668
"9.013306, 38.756417",Addis Ababa Stadium,,,1024.1,35000.0,,Addis Ababa Stadium,102.41
"6.44247222, 3.40219444",Onikan Stadium,,,231,10000.0,,Onikan Stadium,23.1
"46.362577, 6.469886",Stade Joseph-Moynat,France,Rhône-Alpes,69.3,3600.0,FR,Stade Joseph-Moynat,6.93
"29.9575, 32.5425",Suez Stadium,,,731.5,25000.0,,Suez Stadium,73.15
"-21.151496, 27.478742",Obed Itani Chilume Stadium,,,760.76,26000.0,,Obed Itani Chilume Stadium,76.076
"17.160277777, -89.069722222",Norman Broaster Stadium,,,38.5,2000.0,,Norman Broaster Stadium,3.85
"-18.15007222, 178.44908611",National Stadium,,,731.5,25000.0,,National Stadium,73.15
"49.472222222, 6.084722222",Stade Jos Nosbaum,France,Lorraine,89.5125,4650.0,FR,Stade Jos Nosbaum,8.95125
"35.5725, -5.348611",Saniat Rmel,,,438.9,15000.0,,Saniat Rmel,43.89
"44.455083, 26.102444",Stadionul Dinamo,Romania,Bucureşti-Ilfov,439.83632,15032.0,RO,Stadionul Dinamo,43.983632
"8.477585, 4.545364",Kwara State Stadium,,,526.68,18000.0,,Kwara State Stadium,52.668
"13.681105555, -89.222333333",Estadio Cuscatlán,,,1768.1125,45925.0,,Estadio Cuscatlán,176.81125
"10.491278, -66.885492",Estadio Olímpico,,,728.574,24900.0,,Estadio Olímpico,72.8574
"47.24391, 6.0031",Léo Lagrange stadium,France,Franche-Comté,242.55,10500.0,FR,Léo Lagrange stadium,24.255
"36.149356, -5.350342",Victoria Stadium,,,115.5,5000.0,,Victoria Stadium,11.55
"36.149356, -5.350342",Victoria Stadium,,,115.5,5000.0,,Victoria Stadium,11.55
"-3.383333, 29.373778",Intwari Stadium,,,643.72,22000.0,,Intwari Stadium,64.372
"64.180833, -51.7325",Nuuk Stadium,,,38.5,2000.0,,Nuuk Stadium,3.85
"-7.975513, 112.624975",Gajayana Stadium,,,1024.1,35000.0,,Gajayana Stadium,102.41
"-17.946211, -67.111564",Estadio Jesús Bermúdez,,,1024.1,35000.0,,Estadio Jesús Bermúdez,102.41
"54.614444, 39.736111",TSK stadion,,,731.5,25000.0,,TSK stadion,73.15
"10.760703, 106.663331",Thong Nhat Stadium,,,731.5,25000.0,,Thong Nhat Stadium,73.15
"10.520556, 7.438889",Ranchers Bees Stadium,,,231,10000.0,,Ranchers Bees Stadium,23.1
"53.881388888, 27.6175",Traktor Stadium,,,514.976,17600.0,,Traktor Stadium,51.4976
"4.374417, 18.564389",Barthélemy Boganda Stadium,,,1024.1,35000.0,,Barthélemy Boganda Stadium,102.41
"9.54586111, -13.67291667",Stade du 28 Septembre,,,731.5,25000.0,,Stade du 28 Septembre,73.15
"5.983355555, 116.095544444",Likas Stadium,,,1024.1,35000.0,,Likas Stadium,102.41
"-20.501389, -54.609722",Morenão,,,1732.5,45000.0,,Morenão,173.25
"46.081781, 19.676958",Subotica City Stadium,RS,Autonomous Province of Vojvodina,300.3,13000.0,RS,Subotica City Stadium,30.03
"36.7295, 3.09002",Mohamed Benhaddad Stadium,,,231,10000.0,,Mohamed Benhaddad Stadium,23.1
"-21.2349, 55.3402",Q3495810,France,La Réunion,15.4,800.0,FR,Q3495810,1.54
"36.468889, 7.446111",Stade Souidani Boujemaa,,,438.9,15000.0,,Stade Souidani Boujemaa,43.89
"5.341944, -4.018889",Stade Municipal d'Abidjan,,,231,10000.0,,Stade Municipal d'Abidjan,23.1
"47.026665, 28.8191128",Dinamo Stadium,,,55.594,2888.0,,Dinamo Stadium,5.5594
"47.026665, 28.8191128",Dinamo Stadium,,,55.594,2888.0,,Dinamo Stadium,5.5594
"-9.6378, -35.747708",Estádio Mutange,,,77,4000.0,,Estádio Mutange,7.7
"-22.755475, -47.42447778",Estádio Antônio R. Guimarães,,,0,,,Estádio Antônio R. Guimarães,0
"29.061667, 31.0975",Bani Sweif Stadium,,,231,10000.0,,Bani Sweif Stadium,23.1
"-12.96228, 28.59263",Dola Hill Stadium,,,0,,,Dola Hill Stadium,0
"-12.244583, -38.97235",Estádio Joia da Princesa,,,476.17724,16274.0,,Estádio Joia da Princesa,47.617724
"-16.346347, -48.955761",Estádio Jonas Duarte,,,585.2,20000.0,,Estádio Jonas Duarte,58.52
"-16.346499, -48.955584",Estádio Jonas Duarte,,,585.2,20000.0,,Estádio Jonas Duarte,58.52
"-9.970278, -67.8075",Estádio José de Melo,,,184.8,8000.0,,Estádio José de Melo,18.48
"11.860203, -15.586389",Estádio Lino Correia,,,277.2,12000.0,,Estádio Lino Correia,27.72
"16.753258333, -22.938833333",Estádio Marcelo Leitão,,,28.875,1500.0,,Estádio Marcelo Leitão,2.8875
"16.8825, -24.985277777",Estádio Municipal Adérito Sena,,,115.5,5000.0,,Estádio Municipal Adérito Sena,11.55
"-7.2242, -39.3178",Estádio Mauro Sampaio,,,468.16,16000.0,,Estádio Mauro Sampaio,46.816
"42.56714, -2.85017",Estadio Municipal de Deportes El Mazo,Spain,La Rioja,82.775,4300.0,ES,Estadio Municipal de Deportes El Mazo,8.2775
"48.328661, 19.641964",City football stadium Lučenec,Slovakia,Stredné Slovensko,115.5,5000.0,SK,City football stadium Lučenec,11.55
"-20.0768, 30.8111",Mucheke Stadium,,,0,,,Mucheke Stadium,0
"20.3675, -76.63",Mártires de Barbados Stadium,,,0,,,Mártires de Barbados Stadium,0
"24.858611, 66.988333",Peoples Football Stadium,,,1540,40000.0,,Peoples Football Stadium,154
"-33.947222, 151.155",St George Stadium,,,438.9,15000.0,,St George Stadium,43.89
"3.77139, 12.2483",Stade Municipal,,,0,,,Stade Municipal,0
"5.7227, 10.8841",Stade Municipal,,,0,,,Stade Municipal,0
"43.1517, 22.5961",Stadion Dragan Nikolić,RS,Region Južne i Istočne Srbije,319.1496,13816.0,RS,Stadion Dragan Nikolić,31.91496
"45.276667, 19.5275",Stadion Pivare,RS,Autonomous Province of Vojvodina,57.75,3000.0,RS,Stadion Pivare,5.775
"45.13041667, 25.71580556",Stadionul Poiana,Romania,Sud-Muntenia,0,,RO,Stadionul Poiana,0
"37.9687, 23.6886",Tavros Stadium,Greece,Attica,77,4000.0,Greece,Tavros Stadium,7.7
"-1.67544, 29.2626",Umuganda Stadium,,,115.5,5000.0,,Umuganda Stadium,11.55
"0.000691666, -51.080825",Milton de Souza Corrêa Stadium,,,59.675,3100.0,,Milton de Souza Corrêa Stadium,5.9675
"-12.91263, -38.44133",Q9255205,,,115.5,5000.0,,Q9255205,11.55
"-14.870206, -40.825936",Estádio Lomanto Júnior,,,438.9,15000.0,,Estádio Lomanto Júnior,43.89
"-20.85305556, -41.11305556",Q9255492,,,152.46,6600.0,,Q9255492,15.246
"-15.881111, -47.975833",Q9255557,,,38.5,2000.0,,Q9255557,3.85
"-15.881111, -47.975833",Q9255557,,,38.5,2000.0,,Q9255557,3.85
"-2.536286, -44.289145",Estádio Nhozinho Santos,,,482.79,16500.0,,Estádio Nhozinho Santos,48.279
"12.150061, -68.274128",Municipal Stadium in Kralendijk,,,57.75,3000.0,,Municipal Stadium in Kralendijk,5.775
"-20.67138889, -40.49944444",Q10276867,,,0,,,Q10276867,0
"-25.52767778, -48.51815833",Nelson Medrado Dias Stadium,,,231,10000.0,,Nelson Medrado Dias Stadium,23.1
"-25.5275, -48.518056",Nelson Medrado Dias Stadium,,,231,10000.0,,Nelson Medrado Dias Stadium,23.1
"-23.02808611, -50.07010833",Q10277423,,,0,,,Q10277423,0
"57.70222222, 11.97777778",Heden,Sweden,Västsverige,0,,SE,Heden,0
"34.8333, 0.15",Stade 13 Avril 1958,,,0,,,Stade 13 Avril 1958,0
"25.579995, 91.894326","Jawaharlal Nehru Stadium, Shillong",,,877.8,30000.0,,"Jawaharlal Nehru Stadium, Shillong",87.78
"38.25203, 22.07241",Aigio Municipal Stadium,Greece,Western Greece,0,,Greece,Aigio Municipal Stadium,0
"36.9042, 7.75194",Stade 19 mai 1956,,,231,10000.0,,Stade 19 mai 1956,23.1
"20.9132, -17.0467",Stade Municipal de Nouadhibou,,,115.5,5000.0,,Stade Municipal de Nouadhibou,11.55
"18.374484, -66.112368","Estadio José ""Pepito"" Bonano",,,0,,,"Estadio José ""Pepito"" Bonano",0
"19.448805555, -72.682",Parc Stenio Vincent,,,57.75,3000.0,,Parc Stenio Vincent,5.775
"43.37286, 5.36285",Stade La Martine,France,Provence-Alpes-Côte d’Azur,38.3075,1990.0,FR,Stade La Martine,3.83075
"49.1776, 2.23243",Stade des Marais,France,Picardie,19.25,1000.0,FR,Stade des Marais,1.925
"46.825284, 28.586687",Stadionul Municipal,,,0,,,Stadionul Municipal,0
"48.8087, 2.21699",Marcel Bec Sports Complex,France,Ile-de-France,0,,FR,Marcel Bec Sports Complex,0
"49.17912, 2.23169",Q97464644,France,Picardie,87.5875,4550.0,FR,Q97464644,8.75875
"45.17195, 5.74968",Stade du Vercors,France,Rhône-Alpes,0,,FR,Stade du Vercors,0
"20.03, -75.815",Estadio Antonio Maceo,,,115.5,5000.0,,Estadio Antonio Maceo,11.55
"46.00015, 4.70864",Stade Armand Chouffet,France,Rhône-Alpes,67.375,3500.0,FR,Stade Armand Chouffet,6.7375
"44.81664, -0.64834",Stade Joseph-Antoine Cruchon,France,Aquitaine,0,,FR,Stade Joseph-Antoine Cruchon,0
"14.770833333, -17.39",Stade Amadou Barry,,,0,,,Stade Amadou Barry,0
"51.489944, 7.236489",Ruhrstadion,Germany,Arnsberg,857.28874,29299.0,DE,Ruhrstadion,85.728874
"6.309, -10.80411111",Antoinette Tubman Stadium,,,231,10000.0,,Antoinette Tubman Stadium,23.1
"30.0512, 31.297",Osman Ahmed Osman Stadium,,,2310,60000.0,,Osman Ahmed Osman Stadium,231
"31.1971, 29.9132",Alexandria Stadium,,,300.3,13000.0,,Alexandria Stadium,30.03
"-23.67013889, -70.40458333",Estadio Regional de Antofagasta,,,619.66828,21178.0,,Estadio Regional de Antofagasta,61.966828
"18.535861111, -72.342583333",Stade Sylvio Cator,,,242.55,10500.0,,Stade Sylvio Cator,24.255
"-21.151496, 27.478742",Obed Itani Chilume Stadium,,,760.76,26000.0,,Obed Itani Chilume Stadium,76.076
"16.78386389, -62.18632222",Blakes Estate Stadium,,,19.25,1000.0,,Blakes Estate Stadium,1.925
"9.409722, -0.861667",Aliu Mahama Sports Stadium,,,585.2,20000.0,,Aliu Mahama Sports Stadium,58.52
"14.7107147, -17.4584434",Stade Demba Diop,,,438.9,15000.0,,Stade Demba Diop,43.89
"7.889, 98.3716",Surakul Stadium,,,438.9,15000.0,,Surakul Stadium,43.89
"2.83139, -60.6606",Estádio Flamarion Vasconcelos,,,231,10000.0,,Estádio Flamarion Vasconcelos,23.1
"12.513055555, -70.023611111",Guillermo Prospero Trinidad Stadium,,,127.05,5500.0,,Guillermo Prospero Trinidad Stadium,12.705
"51.5478, 0.159867",Victoria Road,,,140.4018,6078.0,,Victoria Road,14.04018
"60.1875, 24.9225",Bolt Arena,Finland,Helsinki-Uusimaa,248.787,10770.0,FI,Bolt Arena,24.8787
"9.581944, 41.858056",Dire Dawa Stadium,,,526.68,18000.0,,Dire Dawa Stadium,52.668
"12.16407248, 6.66845441",Sardauna Memorial Stadium,,,115.5,5000.0,,Sardauna Memorial Stadium,11.55
"8.576805555, -71.165805555",Estadio Guillermo Soto Rosa,,,323.4,14000.0,,Estadio Guillermo Soto Rosa,32.34
"42.687583, 23.335444",Vasil Levski National Stadium,Bulgaria,Yugozapaden,1664.355,43230.0,BG,Vasil Levski National Stadium,166.4355
"35.894863888, 14.415372222",Ta' Qali National Stadium,Malta,Malta,520.74022,17797.0,MT,Ta' Qali National Stadium,52.074022
"11.861111, -86.243611",Estadio Cacique Diriangén,,,184.8,8000.0,,Estadio Cacique Diriangén,18.48
"-25.526944, -54.611944",Estadio Antonio Oddone Sarubbi,,,526.68,18000.0,,Estadio Antonio Oddone Sarubbi,52.668
"-25.52694, -54.61194",Estadio Antonio Oddone Sarubbi,,,526.68,18000.0,,Estadio Antonio Oddone Sarubbi,52.668
"-25.526944, -54.611944",Estadio Antonio Oddone Sarubbi,,,517.44,28000.0,,Estadio Antonio Oddone Sarubbi,51.744
"-25.52694, -54.61194",Estadio Antonio Oddone Sarubbi,,,517.44,28000.0,,Estadio Antonio Oddone Sarubbi,51.744
"-16.499444, -68.122778",Estadio Hernando Siles,,,1111.88,38000.0,,Estadio Hernando Siles,111.188
"-2.178861, -79.894369",Estadio Modelo Alberto Spencer Herrera,,,1848,48000.0,,Estadio Modelo Alberto Spencer Herrera,184.8
"60.341544, 5.268447",Varden Amfi,Norway,Vestlandet,67.375,3500.0,NO,Varden Amfi,6.7375
"-1.303611, 36.824167",Nyayo National Stadium,,,877.8,30000.0,,Nyayo National Stadium,87.78
"46.80855, 0.52131",Stade de la Montée Rouge,France,Poitou-Charentes,185.5623,8033.0,FR,Stade de la Montée Rouge,18.55623
"59.286217, 11.097608",Sarpsborg Stadion,Norway,Oslo og Viken,90.475,4700.0,NO,Sarpsborg Stadion,9.0475
"12.15274444, -68.88754722",Ergilio Hato Stadium,,,438.9,15000.0,,Ergilio Hato Stadium,43.89
"12.15274444, -68.88754722",Ergilio Hato Stadium,,,438.9,15000.0,,Ergilio Hato Stadium,43.89
"-17.8214, 30.9947",National Sports Stadium,,,2310,60000.0,,National Sports Stadium,231
"-17.7339, 168.337",Korman Stadium,,,150.15,6500.0,,Korman Stadium,15.015
"23.573055555, 58.399444444",Sultan Qaboos Sports Complex,,,994.84,34000.0,,Sultan Qaboos Sports Complex,99.484
"11.558361, 104.912083",Olympic Stadium,,,1925,50000.0,,Olympic Stadium,192.5
"48.474167, 38.797778",Stal Stadium,,,212.52,9200.0,,Stal Stadium,21.252
"14.403611, 33.537778",Wad Madani Stadium,,,438.9,15000.0,,Wad Madani Stadium,43.89
"-17.923889, 19.772778",Q2176317,,,9.625,500.0,,Q2176317,0.9625
"50.9164, 11.585",Q2312911,Germany,Thüringen,0.0385,2.0,DE,Q2312911,0.00385
"41.3125, 16.28388889",Cosimo Puttilli Stadium,Italy,Puglia,76.9615,3998.0,IT,Cosimo Puttilli Stadium,7.69615
"-4.77777778, 11.86666667",Stade Municipal,,,314.0214,13594.0,,Stade Municipal,31.40214
"0.335, 6.7375",Estádio Nacional 12 de Julho,,,150.15,6500.0,,Estádio Nacional 12 de Julho,15.015
"57.701386, 11.988817",Valhalla IP,Sweden,Västsverige,77,4000.0,SE,Valhalla IP,7.7
"53.688888888, 23.820833333",Neman Stadium,,,195.8649,8479.0,,Neman Stadium,19.58649
"22.766778, -102.549278",Estadio Olímpico Carlos Vega Villalba,,,526.68,18000.0,,Estadio Olímpico Carlos Vega Villalba,52.668
"32.783111111, 34.965166666",Sammy Ofer Stadium,,,905.597,30950.0,,Sammy Ofer Stadium,90.5597
"4.374417, 18.564389",Barthélemy Boganda Stadium,,,1024.1,35000.0,,Barthélemy Boganda Stadium,102.41
"35.776389, 10.820278",Stade Mustapha Ben Jannet,,,585.2,20000.0,,Stade Mustapha Ben Jannet,58.52
"51.1703, 4.96834",De Leunen,Belgium,Prov. Antwerpen,243.1044,10524.0,BE,De Leunen,24.31044
"-26.443, 31.2055",Somhlolo National Stadium,,,585.2,20000.0,,Somhlolo National Stadium,58.52
"36.875, 10.32",Stade Abdelaziz Chtioui,,,138.6,6000.0,,Stade Abdelaziz Chtioui,13.86
"13.291612, -87.19339",Estadio Fausto Flores Lagos,,,127.05,5500.0,,Estadio Fausto Flores Lagos,12.705
"44.94561, 4.919267",Stade Georges Pompidou,France,Rhône-Alpes,442.64528,15128.0,FR,Stade Georges Pompidou,44.264528
"37.7681, 30.5611",Isparta Atatürk Stadium,TR,"Antalya, Isparta, Burdur",231,10000.0,TR,Isparta Atatürk Stadium,23.1
"42.026389, 23.1",Hristo Botev Stadium,Bulgaria,Yugozapaden,173.25,7500.0,BG,Hristo Botev Stadium,17.325
"35.146111, 33.314444",Makario Stadium,Cyprus,Kýpros,216.1005,9355.0,CY,Makario Stadium,21.61005
"35.146111, 33.314444",Makario Stadium,Cyprus,Kýpros,216.0774,15590.0,CY,Makario Stadium,21.60774
"40.76248, 14.43337",Stadio Alfredo Giraud,Italy,Campania,248.325,10750.0,IT,Stadio Alfredo Giraud,24.8325
"43.1672, 13.73",Stadio Bruno Recchioni,Italy,Marche,219.45,9500.0,IT,Stadio Bruno Recchioni,21.945
"41.463611, 12.898889",Stadio Domenico Francioni,Italy,Lazio,158.235,6850.0,IT,Stadio Domenico Francioni,15.8235
"38.028333, 12.545833",Stadio Polisportivo Provinciale,Italy,Sicilia,161.7,7000.0,IT,Stadio Polisportivo Provinciale,16.17
"29.091111111, 48.078333333",Al-Ahmadi Stadium,,,526.68,18000.0,,Al-Ahmadi Stadium,52.668
"51.785063888, 55.221080555",Gazovik Stadium,,,173.25,7500.0,,Gazovik Stadium,17.325
"-4.099473, 138.948319",Pendidikan Stadium,,,438.9,15000.0,,Pendidikan Stadium,43.89
"54.8259, 56.0614",Neftyanik,,,442.76232,15132.0,,Neftyanik,44.276232
"56.9495911, 23.6101985",Sloka,Latvia,Latvija,53.9,2800.0,LV,Sloka,5.39
"53.8931, 25.2903",Yunost Stadium,,,0,,,Yunost Stadium,0
"8.55, 39.26666667",Adama Stadium,,,0,,,Adama Stadium,0
"29.345, 47.69583333",Al Shabab Mubarak Alaiar Stadium,,,323.4,14000.0,,Al Shabab Mubarak Alaiar Stadium,32.34
"14.880666666, -24.298083333",Estádio Monte Pe Largo,,,48.125,2500.0,,Estádio Monte Pe Largo,4.8125
"25.130122222, 56.343480555",Fujairah Club Stadium,,,115.5,5000.0,,Fujairah Club Stadium,11.55
"-34.6656, -58.6639",Estadio Carlos Alberto Sacaan,,,115.5,5000.0,,Estadio Carlos Alberto Sacaan,11.55
"22.80574722, 86.19137778",Keenan Stadium,,,555.94,19000.0,,Keenan Stadium,55.594
"-4.044722, 39.666389",Mombasa Municipal Stadium,,,231,10000.0,,Mombasa Municipal Stadium,23.1
"61.2665, 12.3205",Nybergsund Stadion,Norway,Innlandet,0,,NO,Nybergsund Stadion,0
"52.345008, 14.589897",OSiR Stadium in Słubice,Poland,Lubuskie,161.7,7000.0,PL,OSiR Stadium in Słubice,16.17
"51.104339, -1.785758",Raymond McEnhill Stadium,,,77,4000.0,,Raymond McEnhill Stadium,7.7
"7.1953001, 2.05789995",Stade Municipal de Bohicon,,,115.5,5000.0,,Stade Municipal de Bohicon,11.55
"49.949725, 17.890092",Stadion v Městských sadech,Czechia,Moravskoslezsko,179.2098,7758.0,CZ,Stadion v Městských sadech,17.92098
"28.059722222, -16.726111111",Antonio Domíngez Alfonso Olympic Stadium,Spain,Canarias,173.25,7500.0,ES,Antonio Domíngez Alfonso Olympic Stadium,17.325
"-12.1403, -38.4152",Q9255173,,,526.68,18000.0,,Q9255173,52.668
"-6.439167, -37.083333",Q9255537,,,231,10000.0,,Q9255537,23.1
"54.0944, 22.9157","Municipal Stadium, Suwałki",Poland,Podlaskie,58.905,3060.0,PL,"Municipal Stadium, Suwałki",5.8905
"54.5641, -1.2456",Paradise Ground,,,0,,,Paradise Ground,0
"48.7189, 37.5493",Prapor Stadium,,,138.6,6000.0,,Prapor Stadium,13.86
"40.332011, -1.105906",Estadio de Pinilla,Spain,Aragón,115.5,5000.0,ES,Estadio de Pinilla,11.55
"43.4697, -3.85167",Mies de Cozada,Spain,Cantabria,28.875,1500.0,ES,Mies de Cozada,2.8875
"50.7362, 5.70772",Stade de la Cité de l'Oie,Belgium,Prov. Liège,126.126,5460.0,BE,Stade de la Cité de l'Oie,12.6126
"35.018508, 33.395959",Theodorio Koinotiko Stadium,Cyprus,Kýpros,0,,CY,Theodorio Koinotiko Stadium,0
"14.897611111, -24.495486111",Estádio 5 de Julho,,,19.25,1000.0,,Estádio 5 de Julho,1.925
"19.4525, -100.295277777",Estadio Ignacio López Rayón,,,0,,,Estadio Ignacio López Rayón,0
"50.1858, 27.0735","Lokomotyv Stadium, Shepetivka",,,0,,,"Lokomotyv Stadium, Shepetivka",0
"50.288719, 5.096591",Q21127433,Belgium,Prov. Namur,0,,BE,Q21127433,0
"41.388527777, 41.428611111",Hopa City Stadium,TR,"Trabzon, Ordu, Giresun, Rize, Artvin, Gümüşhane",61.6,3200.0,TR,Hopa City Stadium,6.16
"55.8398, -4.5171","Newfield Park, Johnstone",,,0,,,"Newfield Park, Johnstone",0
"48.90911, 2.3834",Q23902366,France,Ile-de-France,0,,FR,Q23902366,0
"43.52186111, -8.19405556",Q25511758,Spain,Galicia,0,,ES,Q25511758,0
"-33.8951071, 18.578871",Parow Park,,,0,,,Parow Park,0
"42.882767, -8.516014",Estadio Multiusos de San Lázaro,Spain,Galicia,487.64716,16666.0,ES,Estadio Multiusos de San Lázaro,48.764716
"51.481666666, -0.191111111",Stamford Bridge,,,1612.1875,41875.0,,Stamford Bridge,161.21875
"49.553056, 25.609167",Roman Shukhevych Ternopil city stadium,,,443.289,15150.0,,Roman Shukhevych Ternopil city stadium,44.3289
"-15.7835, -47.899164",Estádio Nacional de Brasília,,,2691.535,69910.0,,Estádio Nacional de Brasília,269.1535
"-15.7835, -47.899164",Estádio Nacional de Brasília,,,2691.535,69910.0,,Estádio Nacional de Brasília,269.1535
"5.551388888, -0.191944444",Accra Sports Stadium,,,1540,40000.0,,Accra Sports Stadium,154
"5.5516, -0.19184",Accra Sports Stadium,,,1540,40000.0,,Accra Sports Stadium,154
"15.41194444, 44.20144722",Althawra Sports City Stadium,,,877.8,30000.0,,Althawra Sports City Stadium,87.78
"-25.2357966, -57.5577479",Estadio Hugo Bogado Vaceque,,,115.5,5000.0,,Estadio Hugo Bogado Vaceque,11.55
"39.821111, 46.753056",Khankendi Stadium,,,277.2,12000.0,,Khankendi Stadium,27.72
"-3.083056, -60.028056",Arena Amazônia,,,1784.77992,42924.0,,Arena Amazônia,178.477992
"24.788206, 46.839236",King Fahd Sports City,,,2702.7,70200.0,,King Fahd Sports City,270.27
"51.730055, 75.33646",Shakhtyor Stadium,,,145.53,6300.0,,Shakhtyor Stadium,14.553
"-2.548611, -44.259722",Castelão,,,1540,40000.0,,Castelão,154
"3.429889, -76.541083",Estadio Olímpico Pascual Guerrero,,,1624.7,42200.0,,Estadio Olímpico Pascual Guerrero,162.47
"54.493136, 18.531214",Stadion Miejski,Poland,Pomorskie,442.96714,15139.0,PL,Stadion Miejski,44.296714
"32.859869, 13.135878",Stadium Salto International,,,2040.5,53000.0,,Stadium Salto International,204.05
"32.859869, 13.135878",Stadium Salto International,,,2052.05,65000.0,,Stadium Salto International,205.205
"32.859869, 13.135878",Stadium Salto International,,,2063.6,67000.0,,Stadium Salto International,206.36
"-3.383333, 29.373778",Intwari Stadium,,,643.72,22000.0,,Intwari Stadium,64.372
"51.405083333, -0.281944444",Kingsmeadow,,,93.3625,4850.0,,Kingsmeadow,9.33625
"55.018611, -1.672222",Kingston Park,,,235.62,10200.0,,Kingston Park,23.562
"53.5044, 49.2669",Torpedo Stadium,,,541.31,18500.0,,Torpedo Stadium,54.131
"50.845, 3.311111",Forestiersstadion,Belgium,Prov. West-Vlaanderen,224.9247,9737.0,BE,Forestiersstadion,22.49247
"48.515833333, 32.266666666",Zirka Stadium,,,337.9068,14628.0,,Zirka Stadium,33.79068
"10.760703, 106.663331",Thong Nhat Stadium,,,731.5,25000.0,,Thong Nhat Stadium,73.15
"56.961479, 24.1436899",Latvijas Universitātes stadions,Latvia,Latvija,0,,LV,Latvijas Universitātes stadions,0
"0.335, 6.7375",Estádio Nacional 12 de Julho,,,150.15,6500.0,,Estádio Nacional 12 de Julho,15.015
"-1.955028, 30.114222",Stade Amahoro,,,877.8,30000.0,,Stade Amahoro,87.78
"-20.321267, 57.52965",Stade George V,,,143.22,6200.0,,Stade George V,14.322
"35.707671, 51.311708",Shahid Dastgerdi Stadium,,,190.575,8250.0,,Shahid Dastgerdi Stadium,19.0575
"13.927036, -89.849053",Estadio Simeón Magaña,,,115.5,5000.0,,Estadio Simeón Magaña,11.55
"14.64, -89.98583333",Las Flores Stadium,,,162.9705,7055.0,,Las Flores Stadium,16.29705
"35.246944, -3.933333",Stade Mimoun Al Arsi,,,277.2,12000.0,,Stade Mimoun Al Arsi,27.72
"11.849444, -86.205",Estadio Pedro Selva,,,277.2,12000.0,,Estadio Pedro Selva,27.72
"27.36, 33.66",Khaled Bichara Stadium,,,277.2,12000.0,,Khaled Bichara Stadium,27.72
"43.33633, 3.26658",Stade Raoul-Barrière,France,Languedoc-Roussillon,542.9193,18555.0,FR,Stade Raoul-Barrière,54.29193
"50.4783, 4.20103",Stade du Tivoli,Belgium,Prov. Hainaut,311.85,13500.0,BE,Stade du Tivoli,31.185
"47.58045, 1.29916",Allées Jean Leroi Municipal Stadium,France,Centre — Val de Loire,161.7,7000.0,FR,Allées Jean Leroi Municipal Stadium,16.17
"50.616111, 26.240833",Avanhard Stadium,,,585.2,20000.0,,Avanhard Stadium,58.52
"18.223043, 42.490069",Prince Mohammed bin Abdul Aziz Stadium,,,731.5,25000.0,,Prince Mohammed bin Abdul Aziz Stadium,73.15
"18.223043, 42.490069",Prince Mohammed bin Abdul Aziz Stadium,,,731.5,25000.0,,Prince Mohammed bin Abdul Aziz Stadium,73.15
"55.8091, 39.0052",Q4192912,,,0,,,Q4192912,0
"52.969875, 36.04581111",Central Stadium,,,0,,,Central Stadium,0
"-22.298611, -42.541389",Estádio Eduardo Guinle,,,277.2,12000.0,,Estádio Eduardo Guinle,27.72
"-25.46698056, -50.65939444",Estádio Coronel Emílio Gomes,,,0,,,Estádio Coronel Emílio Gomes,0
"43.276667, 26.944167",Panayot Volov Stadium,Bulgaria,Severoiztochen,277.2,12000.0,BG,Panayot Volov Stadium,27.72
"59.9528, 30.2821",Petrovsky (small arena),,,0,,,Petrovsky (small arena),0
"47.801261, 35.193328",JSC ZAZ Stadium,,,152.8989,6619.0,,JSC ZAZ Stadium,15.28989
"57.0185, 40.9503",Q4453874,,,220.9515,9565.0,,Q4453874,22.09515
"53.8694, 27.6583",Tarpeda Stadium,,,120.12,5200.0,,Tarpeda Stadium,12.012
"54.3181, 48.3943",Trud Stadium,,,0,,,Trud Stadium,0
"-21.76230833, -41.31650278",Arizão,,,0,,,Arizão,0
"7.041944444, 38.476388888",Awassa Kenema Stadium,,,0,,,Awassa Kenema Stadium,0
"32.000833333, 34.748472222",Bat Yam Municipal Stadium,,,59.675,3100.0,,Bat Yam Municipal Stadium,5.9675
"38.9925, -0.516389",Campo de Futbol La Murta,Spain,Comunitat Valenciana,207.9,9000.0,ES,Campo de Futbol La Murta,20.79
"51.137814, 1.284883",Crabble Athletic Ground,,,150.15,6500.0,,Crabble Athletic Ground,15.015
"41.667997, -3.698911",Estadio El Montecillo,Spain,Castilla y León,115.5,5000.0,ES,Estadio El Montecillo,11.55
"-31.5274, -68.563",José Nehin Stadium,,,541.31,18500.0,,José Nehin Stadium,54.131
"-8.075833, -39.119444",Estádio Cornélio de Barros,,,254.1,11000.0,,Estádio Cornélio de Barros,25.41
"-2.443853, -54.714661",Estádio Jader Barbalho,,,571.27224,19524.0,,Estádio Jader Barbalho,57.127224
"-12.244583, -38.97235",Estádio Joia da Princesa,,,476.17724,16274.0,,Estádio Joia da Princesa,47.617724
"-16.346347, -48.955761",Estádio Jonas Duarte,,,585.2,20000.0,,Estádio Jonas Duarte,58.52
"-16.346499, -48.955584",Estádio Jonas Duarte,,,585.2,20000.0,,Estádio Jonas Duarte,58.52
"-9.970278, -67.8075",Estádio José de Melo,,,184.8,8000.0,,Estádio José de Melo,18.48
"-23.414167, -51.938056",Estádio Willie Davids,,,632.016,21600.0,,Estádio Willie Davids,63.2016
"49.077248, 33.428628",FC Kremin Stadium,,,28.875,1500.0,,FC Kremin Stadium,2.8875
"42.9796, -81.2615",German-Canadian Club of London Field,,,17.325,900.0,,German-Canadian Club of London Field,1.7325
"54.299861111, 26.830416666",City Stadium,,,87.78,4560.0,,City Stadium,8.778
"-25.5533, -54.6297",Q5848047,,,115.5,5000.0,,Q5848047,11.55
"18.7694, -99.2364",Estadio Mariano Matamoros,,,468.16,16000.0,,Estadio Mariano Matamoros,46.816
"18.76954722, -99.23641944",Estadio Mariano Matamoros,,,468.16,16000.0,,Estadio Mariano Matamoros,46.816
"43.6389, -79.4231",Lamport Stadium,,,221.76,9600.0,,Lamport Stadium,22.176
"55.80651111, 37.73770278",MSA Lokomotiv,,,231,10000.0,,MSA Lokomotiv,23.1
"-5.82562, -35.2138",Machadão,,,1732.5,45000.0,,Machadão,173.25
"59.15254, 9.64172",Pors Stadion,Norway,Agder og Sør-Østlandet,161.7,7000.0,NO,Pors Stadion,16.17
"55.061667, -6.498333",Riada Stadium,,,4.1965,218.0,,Riada Stadium,0.41965
"41.77854, 44.80047",Sport-kompleksi Shatili,,,38.5,2000.0,,Sport-kompleksi Shatili,3.85
"0.4161976, 9.4672676",Stade Augustin Monédan de Sibang,,,0,,,Stade Augustin Monédan de Sibang,0
"50.720278, 4.618611",Stade Justin Peeters,Belgium,Prov. Brabant wallon,77,4000.0,BE,Stade Justin Peeters,7.7
"50.720278, 4.618611",Stade Justin Peeters,Belgium,Prov. Brabant wallon,77,5000.0,BE,Stade Justin Peeters,7.7
"6.36639, 2.44889",Stade René Pleven d'Akpakpa,,,231,10000.0,,Stade René Pleven d'Akpakpa,23.1
"11.3128, -12.2705",Stade Régional Saifoullaye Diallo,,,115.5,5000.0,,Stade Régional Saifoullaye Diallo,11.55
"11.312835, -12.270581944",Stade Régional Saifoullaye Diallo,,,115.5,5000.0,,Stade Régional Saifoullaye Diallo,11.55
"4.16129, 9.2794",Molyko Omnisport Stadium,,,0,,,Molyko Omnisport Stadium,0
"-27.1014, -48.9161",Estádio Augusto Bauer,,,115.5,5000.0,,Estádio Augusto Bauer,11.55
"-3.708611, -38.588333",Vila Olímpica Elzir Cabral,,,184.8,8000.0,,Vila Olímpica Elzir Cabral,18.48
"-18.167289, -47.953081",Estádio Genervino da Fonseca,,,231,10000.0,,Estádio Genervino da Fonseca,23.1
"-5.116, -42.793",Albertão,,,1701.7,44200.0,,Albertão,170.17
"-18.84941111, -41.94107222",Estádio José Mammoud Abbas,,,438.9,15000.0,,Estádio José Mammoud Abbas,43.89
"-22.324064, -49.097611",Estádio Alfredo de Castilho,,,448.38024,15324.0,,Estádio Alfredo de Castilho,44.838024
"-7.225655404, -48.254547645",Q10277100,,,0,,,Q10277100,0
"-20.82239167, -49.50642222",Estádio Municipal José Maria de Campos Maia,,,0,,,Estádio Municipal José Maria de Campos Maia,0
"-22.90058889, -43.54554444",Estádio Ítalo del Cima,,,0,,,Estádio Ítalo del Cima,0
"-26.4906, 31.3744",Trade Fair Ground,,,0,,,Trade Fair Ground,0
"55.7833, 12.15",Ølstykke Stadium,Denmark,Hovedstaden,0,,DK,Ølstykke Stadium,0
"-20.546276, -54.6352445",Q16493439,,,0,,,Q16493439,0
"-34.86777778, -56.22416667",Estadio Parque ANCAP,,,0,,,Estadio Parque ANCAP,0
"-22.895439, -42.476072",Q18476094,,,0,,,Q18476094,0
"31.93925, 34.893166666",Lod Municipal Stadium,,,57.75,3000.0,,Lod Municipal Stadium,5.775
"14.916111, -23.512222",Estádio da Várzea,,,184.8,8000.0,,Estádio da Várzea,18.48
"-14.808403712, -39.278887532","Estádio Luiz Viana Filho, Itabuna",,,585.2,20000.0,,"Estádio Luiz Viana Filho, Itabuna",58.52
"17.12235556, -61.83903056",Antigua Recreation Ground,,,207.9,9000.0,,Antigua Recreation Ground,20.79
"6.309, -10.80411111",Antoinette Tubman Stadium,,,231,10000.0,,Antoinette Tubman Stadium,23.1
"6.309, -10.80411111",Antoinette Tubman Stadium,,,231,10000.0,,Antoinette Tubman Stadium,23.1
"6.309, -10.80411111",Antoinette Tubman Stadium,,,231,10000.0,,Antoinette Tubman Stadium,23.1
"-18.4875, -70.299166666",Estadio Carlos Dittborn,,,229.9836,9956.0,,Estadio Carlos Dittborn,22.99836
"35.184916666, -0.621638888",Stade 24 Fevrier 1956,,,1925,50000.0,,Stade 24 Fevrier 1956,192.5
"44.455083, 26.102444",Stadionul Dinamo,Romania,Bucureşti-Ilfov,439.83632,15032.0,RO,Stadionul Dinamo,43.983632
"-2.548611, -44.259722",Castelão,,,1540,40000.0,,Castelão,154
"10.92686111, -74.80072222",Estadio Metropolitano Roberto Meléndez,,,1797.642,46692.0,,Estadio Metropolitano Roberto Meléndez,179.7642
"9.993544, -69.219858",Estadio Metropolitano de Fútbol de Lara,,,1552.012,40312.0,,Estadio Metropolitano de Fútbol de Lara,155.2012
"-12.067138888, -77.033722222",National Stadium of Peru,,,1658.811,43086.0,,National Stadium of Peru,165.8811
"8.479556, -13.249056",National Stadium,,,1732.5,45000.0,,National Stadium,173.25
"36.149356, -5.350342",Victoria Stadium,,,115.5,5000.0,,Victoria Stadium,11.55
"64.180833, -51.7325",Nuuk Stadium,,,38.5,2000.0,,Nuuk Stadium,3.85
"16.821314, 96.186828",Thuwunna Stadium,,,1925,50000.0,,Thuwunna Stadium,192.5
"-15.798889, 35.0345",Kamuzu Stadium,,,936.32,32000.0,,Kamuzu Stadium,93.632
"0.391806, 9.452167",Stade Omar Bongo,,,1732.5,45000.0,,Stade Omar Bongo,173.25
"10.760703, 106.663331",Thong Nhat Stadium,,,731.5,25000.0,,Thong Nhat Stadium,73.15
"52.697272, -2.501336",SEAH Stadium,,,145.53,6300.0,,SEAH Stadium,14.553
"5.511667, 5.756389",Warri Stadium,,,585.2,20000.0,,Warri Stadium,58.52
"5.663689, -55.102228",Clarence Seedorf Stadion,,,67.375,3500.0,,Clarence Seedorf Stadion,6.7375
"31.985, 35.903",Amman International Stadium,,,731.5,25000.0,,Amman International Stadium,73.15
"-4.27352778, 15.24841667",Stade Alphonse Massemba-Débat,,,966.66262,33037.0,,Stade Alphonse Massemba-Débat,96.666262
"-5.192174, -80.616797",Estadio Miguel Grau,,,526.68,18000.0,,Estadio Miguel Grau,52.668
"-34.577, -70.9865",Q2919402,,,136.29,5900.0,,Q2919402,13.629
"42.389167, -83.506111",Compuware Arena,,,67.452,3504.0,,Compuware Arena,6.7452
"12.10005278, 15.05507222",Stade Omnisports Idriss Mahamat Ouya,,,585.2,20000.0,,Stade Omnisports Idriss Mahamat Ouya,58.52
"1.588544444, 110.360186111",Sarawak Stadium,,,1540,40000.0,,Sarawak Stadium,154
"-8.827389, 13.255889",Estádio da Cidadela,,,1540,40000.0,,Estádio da Cidadela,154
"4.7606, -6.63811",Stade Municipal,,,184.8,8000.0,,Stade Municipal,18.48
"10.993889, -74.806944",Estadio Romelio Martínez,,,254.1,11000.0,,Estadio Romelio Martínez,25.41
"6.88845, -6.45677",Stade Municipal,,,77,4000.0,,Stade Municipal,7.7
"14.54, -91.680556",Estadio Dr. Óscar Monterroso Izaguirre,,,184.8,8000.0,,Estadio Dr. Óscar Monterroso Izaguirre,18.48
"-6.85568, 39.2727",Uhuru Stadium,,,731.5,25000.0,,Uhuru Stadium,73.15
"-25.917417, 32.526278",Estádio da Machava,,,1732.5,45000.0,,Estádio da Machava,173.25
"-1.418611, -48.445556",Estádio Francisco Vasques,,,115.5,5000.0,,Estádio Francisco Vasques,11.55
"66.4997, 25.7217",Rovaniemen keskuskenttä,Finland,Pohjois- ja Itä-Suomi,48.125,2500.0,FI,Rovaniemen keskuskenttä,4.8125
"-6.165944444, 39.223805555",Amaan Stadium,,,438.9,15000.0,,Amaan Stadium,43.89
"33.314972222, 44.384472222",Baghdad FC Stadium,,,115.5,5000.0,,Baghdad FC Stadium,11.55
"18.45793333, -77.92139167",Catherine Hall Sports Complex,,,28.875,1500.0,,Catherine Hall Sports Complex,2.8875
"18.487587, -77.660465",Elleston Wakeland Stadium,,,57.75,3000.0,,Elleston Wakeland Stadium,5.775
"14.312791666, -90.783305555",Estadio Armando Barillas,,,231,10000.0,,Estadio Armando Barillas,23.1
"-19.395, -40.06388889",Estádio Joaquim Calmon,,,38.5,2000.0,,Estádio Joaquim Calmon,3.85
"-9.970278, -67.8075",Estádio José de Melo,,,184.8,8000.0,,Estádio José de Melo,18.48
"-23.518083333, -46.68525",Estádio Nicolau Alayon,,,223.146,9660.0,,Estádio Nicolau Alayon,22.3146
"65.7297, 24.5606",Sauvosaaren Urheilupuisto,Finland,Pohjois- ja Itä-Suomi,0,,FI,Sauvosaaren Urheilupuisto,0
"38.2541, -77.4936",Fredericksburg Academy,,,0,,,Fredericksburg Academy,0
"-12.79138889, 28.21972222",Garden Park,,,438.9,15000.0,,Garden Park,43.89
"60.7994, 10.6819",Gjøvik stadium,Norway,Innlandet,0,,NO,Gjøvik stadium,0
"12.47361111, 10.03138889",Hadejia Stadium,,,0,,,Hadejia Stadium,0
"-33.737222222, -70.737777777",Estadio Lautaro,,,57.75,3000.0,,Estadio Lautaro,5.775
"-33.737247, -70.737712",Estadio Lautaro,,,57.75,3000.0,,Estadio Lautaro,5.775
"6.334736111, -75.546277777",Q5848423,,,277.2,12000.0,,Q5848423,27.72
"48.7428, 21.9083",Zemplin Stadium,Slovakia,Východné Slovensko,85.47,4440.0,SK,Zemplin Stadium,8.547
"48.750061111, 21.936230555",Zemplin Stadium,Slovakia,Východné Slovensko,85.47,4440.0,SK,Zemplin Stadium,8.547
"48.7428, 21.9083",Zemplin Stadium,Slovakia,Východné Slovensko,86.625,4500.0,SK,Zemplin Stadium,8.6625
"48.750061111, 21.936230555",Zemplin Stadium,Slovakia,Východné Slovensko,86.625,4500.0,SK,Zemplin Stadium,8.6625
"57.4757, -4.2134",Kingsmills Park,,,115.5,5000.0,,Kingsmills Park,11.55
"40.293725, 21.78275556",Kozani Stadium,Greece,Western Macedonia,77,4000.0,Greece,Kozani Stadium,7.7
"55.595, 12.995556",Malmö IP,Sweden,Sydsverige,175.56,7600.0,SE,Malmö IP,17.556
"31.824444, 131.448056",Hinata Athletic Stadium,,,585.2,20000.0,,Hinata Athletic Stadium,58.52
"-1.292222, 36.842222",Nairobi City Stadium,,,438.9,15000.0,,Nairobi City Stadium,43.89
"-39.5082, 176.8569","Park Island, Napier",,,115.5,5000.0,,"Park Island, Napier",11.55
"16.785392342, 94.733974754",Pathein Stadium,,,138.6,6000.0,,Pathein Stadium,13.86
"51.751111, -3.377778",Penydarren Park,,,231,10000.0,,Penydarren Park,23.1
"35.3619, 1.33117",Stade Ahmed Kaïd,,,877.8,30000.0,,Stade Ahmed Kaïd,87.78
"6.36639, 2.44889",Stade René Pleven d'Akpakpa,,,231,10000.0,,Stade René Pleven d'Akpakpa,23.1
"22.5277, 59.4735",Sur Sports Complex,,,438.9,15000.0,,Sur Sports Complex,43.89
"20.7783, 97.0378",Taunggyi Stadium,,,161.7,7000.0,,Taunggyi Stadium,16.17
"-1.67544, 29.2626",Umuganda Stadium,,,115.5,5000.0,,Umuganda Stadium,11.55
"-9.42781, -40.502",Q9255146,,,277.2,12000.0,,Q9255146,27.72
"-9.364169, -37.250411",Q9255269,,,138.6,6000.0,,Q9255269,13.86
"-3.505833, -39.579167",Q9255523,,,184.8,8000.0,,Q9255523,18.48
"51.2319, 22.5575",Arena Lublin,Poland,Lubelskie,446.12722,15247.0,PL,Arena Lublin,44.612722
"-28.46666667, -49.00694444",Estádio Aníbal Torres Costa,,,438.9,15000.0,,Estádio Aníbal Torres Costa,43.89
"-3.884722, -38.676667",Q10276954,,,115.5,5000.0,,Q10276954,11.55
"-19.4, -40.06111111",Q10276988,,,0,,,Q10276988,0
"-3.68154, -39.58708",Q10277419,,,0,,,Q10277419,0
"-9.541667, -36.634444",Q10277504,,,57.75,3000.0,,Q10277504,5.775
"-26.4906, 31.3744",Trade Fair Ground,,,0,,,Trade Fair Ground,0
"38.524119, 22.381569",Amfissa Municipal Stadium,Greece,Central Greece,0,,Greece,Amfissa Municipal Stadium,0
"37.9016, 23.8797",Q16327867,Greece,Attica,0,,Greece,Q16327867,0
"36.8167, 5.76667",Rouibah Hocine Stadium,,,0,,,Rouibah Hocine Stadium,0
"-4.32167, 55.6893",Stade d’Amitié,,,38.5,2000.0,,Stade d’Amitié,3.85
"24.2752708, 116.07814287",Meixian Tsang Hin-chi Stadium,,,0,,,Meixian Tsang Hin-chi Stadium,0
"19.673611111, -99.178888888",Estadio Los Pinos,,,0,,,Estadio Los Pinos,0
"41.680361111, 20.425305555",Korabi Stadium,AL,Veri,0,,AL,Korabi Stadium,0
"36.8667, 6.9",Stade 20 Août 1955 (Skikda),,,0,,,Stade 20 Août 1955 (Skikda),0
"40.53088889, 19.63297222",Selenicë Stadium,AL,Jug,0,,AL,Selenicë Stadium,0
"47.09002, 5.49892",Q120157530,France,Franche-Comté,18.2875,950.0,FR,Q120157530,1.82875
"37.31065, 13.57661",Agrigento,Italy,Sicilia,0,,IT,Agrigento,0
"37.3125, 13.575",Agrigento,Italy,Sicilia,0,,IT,Agrigento,0
"15.41194444, 44.20144722",Althawra Sports City Stadium,,,877.8,30000.0,,Althawra Sports City Stadium,87.78
"18.480454, -69.918662",Estadio Olímpico Félix Sánchez,,,1024.1,35000.0,,Estadio Olímpico Félix Sánchez,102.41
"51.8087, -2.71532","Chippenham Park, Monmouth",,,0,,,"Chippenham Park, Monmouth",0
"45.475463, 9.178544",Arena Civica,Italy,Lombardia,231,10000.0,IT,Arena Civica,23.1
"34.769186, 32.440144",Pafiako Stadium,,,205.0818,8878.0,,Pafiako Stadium,20.50818
"34.769186, 32.440144",Pafiako Stadium,,,205.0818,8878.0,,Pafiako Stadium,20.50818
"43.042222222, -87.916944444",UW–Milwaukee Panther Arena,,,293.37,12700.0,,UW–Milwaukee Panther Arena,29.337
"39.805555555, -104.891944444",Dick's Sporting Goods Park,,,509.82624,17424.0,,Dick's Sporting Goods Park,50.982624
"-2.548611, -44.259722",Castelão,,,1540,40000.0,,Castelão,154
"-34.84166667, -56.16138889",Estadio José Pedro Damiani,,,161.7,7000.0,,Estadio José Pedro Damiani,16.17
"-16.499444, -68.122778",Estadio Hernando Siles,,,1111.88,38000.0,,Estadio Hernando Siles,111.188
"-16.499444, -68.122778",Estadio Hernando Siles,,,1111.88,38000.0,,Estadio Hernando Siles,111.188
"-16.499444, -68.122778",Estadio Hernando Siles,,,1111.88,38000.0,,Estadio Hernando Siles,111.188
"13.52725, 2.10897",Stade Général Seyni Kountché,,,1024.1,35000.0,,Stade Général Seyni Kountché,102.41
"13.52725, 2.108972",Stade Général Seyni Kountché,,,1024.1,35000.0,,Stade Général Seyni Kountché,102.41
"45.62381518, 13.79425764",Stadio Giuseppe Grezar,Italy,Friuli-Venezia Giulia,184.8,8000.0,IT,Stadio Giuseppe Grezar,18.48
"41.31898056, 19.81138333",Selman Stërmasi Stadium,AL,Qender,288.75,12500.0,AL,Selman Stërmasi Stadium,28.875
"46.38194444, 48.05083333",Central Stadium,,,518.25312,17712.0,,Central Stadium,51.825312
"48.908056, 24.69625",MCS Rukh,,,438.9,15000.0,,MCS Rukh,43.89
"45.029722, 9.689722",Stadio Leonardo Garilli,Italy,Emilia-Romagna,298.3134,12914.0,IT,Stadio Leonardo Garilli,29.83134
"36.186944, 5.393056",Stade 8 Mai 1945,,,731.5,25000.0,,Stade 8 Mai 1945,73.15
"9.54586111, -13.67291667",Stade du 28 Septembre,,,731.5,25000.0,,Stade du 28 Septembre,73.15
"-21.532222, -64.724444",Estadio IV Centenario,,,438.9,15000.0,,Estadio IV Centenario,43.89
"31.314397, 48.665008",Takhti Stadium,,,877.8,30000.0,,Takhti Stadium,87.78
"-20.90393, 55.5206",Q3495567,France,La Réunion,0,,FR,Q3495567,0
"44.94561, 4.919267",Stade Georges Pompidou,France,Rhône-Alpes,442.64528,15128.0,FR,Stade Georges Pompidou,44.264528
"9.991111111, -83.033055555",Estadio Juan Gobán,,,45.21825,2349.0,,Estadio Juan Gobán,4.521825
"33.5574, -7.65149",Stade Pere Jego,,,231,10000.0,,Stade Pere Jego,23.1
"14.58666667, -90.54805556",Estadio Revolución Ciudad de Guatemala,,,115.5,5000.0,,Estadio Revolución Ciudad de Guatemala,11.55
"47.84069, 1.94169",Stade de la Source,France,Centre — Val de Loire,158.5353,6863.0,FR,Stade de la Source,15.85353
"43.077222, 25.620556",Ivaylo Stadium,Bulgaria,Severen tsentralen,731.5,25000.0,BG,Ivaylo Stadium,73.15
"45.94284, 8.5589",Stadio Carlo Pedroli,Italy,Piemonte,57.75,3000.0,IT,Stadio Carlo Pedroli,5.775
"41.717553, 13.621859",Stadio Claudio Tomei,Italy,Lazio,76.0375,3950.0,IT,Stadio Claudio Tomei,7.60375
"45.7121, 8.8108",Stadio Felice Chinetti,Italy,Lombardia,86.625,4500.0,IT,Stadio Felice Chinetti,8.6625
"45.357778, 9.675556",Stadio Giuseppe Voltini,Italy,Lombardia,78.925,4100.0,IT,Stadio Giuseppe Voltini,7.8925
"42.0258, 13.4233",Stadio dei Marsi-Sandro Cimarra,Italy,Abruzzo,71.071,3692.0,IT,Stadio dei Marsi-Sandro Cimarra,7.1071
"51.39010278, 0.02108333",Hayes Lane,,,115.5,5000.0,,Hayes Lane,11.55
"35.298333, -120.665",Mustang Memorial Field,,,255.8325,11075.0,,Mustang Memorial Field,25.58325
"-1.445, -48.465833",Baenão,,,512.57668,17518.0,,Baenão,51.257668
"35.35, -119.133",Bakersfield Christian High School,,,0,,,Bakersfield Christian High School,0
"10.482778, -66.941667",Brígido Iriarte Stadium,,,231,10000.0,,Brígido Iriarte Stadium,23.1
"30.3971, -91.1309",Christian Life Academy,,,0,,,Christian Life Academy,0
"37.94645, 23.73045",Dafni Indoor Hall,Greece,Attica,23.1,1200.0,Greece,Dafni Indoor Hall,2.31
"-22.244167, -54.781944",Estádio Fredis Saldívar,,,877.8,30000.0,,Estádio Fredis Saldívar,87.78
"35.168, 33.3558",GSP Stadium,Cyprus,Kýpros,277.2,12000.0,CY,GSP Stadium,27.72
"10.07611111, -84.30944444",Estadio Allen Riggioni,,,64.5645,3354.0,,Estadio Allen Riggioni,6.45645
"-36.7226, -73.1072",Estadio El Morro,,,165.2112,7152.0,,Estadio El Morro,16.52112
"22.4427, 114.021",Yuen Long Stadium,,,94.941,4932.0,,Yuen Long Stadium,9.4941
"18.46886667, -77.91566389",Jarrett Park,,,0,,,Jarrett Park,0
"-34.8908, 138.633",Marden Sports Complex,,,0,,,Marden Sports Complex,0
"40.7146, -73.9065",Metropolitan Oval,,,0,,,Metropolitan Oval,0
"40.9056, -74.4906",Morris Catholic High School,,,0,,,Morris Catholic High School,0
"27.334131, 88.611981",Paljor Stadium,,,877.8,30000.0,,Paljor Stadium,87.78
"28.7946, -81.3885",Seminole Soccer Complex,,,70.5705,3666.0,,Seminole Soccer Complex,7.05705
"35.9333, 0.083333",Stade Mohamed Bensaïd,,,526.68,18000.0,,Stade Mohamed Bensaïd,52.668
"4.84718, -52.32982",Stade Municipal,France,Guyane,38.5,2000.0,FR,Stade Municipal,3.85
"45.839167, 21.226389",Stadionul Fortuna,Romania,Vest,28.875,1500.0,RO,Stadionul Fortuna,2.8875
"43.896111, 25.981389",Stadionul Marin Anastasovici,Romania,Sud-Muntenia,127.05,5500.0,RO,Stadionul Marin Anastasovici,12.705
"-37.798333, 144.996389",Victoria Park,,,790.02,27000.0,,Victoria Park,79.002
"0.000691666, -51.080825",Milton de Souza Corrêa Stadium,,,59.675,3100.0,,Milton de Souza Corrêa Stadium,5.9675
"43.1517, -2.97306",Q8845318,Spain,País Vasco,49.0875,2550.0,ES,Q8845318,4.90875
"-1.723539, -48.882804",Q9255280,,,184.8,8000.0,,Q9255280,18.48
"-16.457782, -54.600236",Q9255385,,,526.68,18000.0,,Q9255385,52.668
"-41.320278, 174.7825",Newtown Park,,,115.5,5000.0,,Newtown Park,11.55
"40.7836, 22.4147",Q14196187,Greece,Central Macedonia,0,,Greece,Q14196187,0
"41.923888888, 42.013333333",Megobroba Stadium,,,67.375,3500.0,,Megobroba Stadium,6.7375
"35.4053, 8.11632",Stade du 4 Mars,,,254.1,11000.0,,Stade du 4 Mars,25.41
"42.218555555, 19.431833333",Kompleksi Vellezërit Duli,AL,Veri,38.5,2000.0,AL,Kompleksi Vellezërit Duli,3.85
"36.326111111, 59.570277777",Imam Reza Stadium,,,731.5,25000.0,,Imam Reza Stadium,73.15
"46.3303, 15.0364",Šmartno Stadium,Slovenia,Vzhodna Slovenija,13.80225,717.0,SI,Šmartno Stadium,1.380225
"-34.83689167, -56.23661389",Estadio Parque Salus,,,0,,,Estadio Parque Salus,0
"46.45267, -1.17268",Stade Jean-de-Mouzon,France,Pays de la Loire,127.05,5500.0,FR,Stade Jean-de-Mouzon,12.705
"34.970792, 33.842963",Michalonikion Stadium,Cyprus,Kýpros,0,,CY,Michalonikion Stadium,0
"35.17699, 33.371782",Orfeas Stadium,Cyprus,Kýpros,0,,CY,Orfeas Stadium,0
"46.877611111, -1.010638888",Stade Massabielle,France,Pays de la Loire,57.75,3000.0,FR,Stade Massabielle,5.775
"46.87743, -1.0099",Stade Massabielle,France,Pays de la Loire,57.75,3000.0,FR,Stade Massabielle,5.775
"48.681287, -1.358394",Stade René-Fenouillère,France,Basse-Normandie,15.4,800.0,FR,Stade René-Fenouillère,1.54
"48.681287, -1.358394",Stade René-Fenouillère,France,Basse-Normandie,16.324,2650.0,FR,Stade René-Fenouillère,1.6324
"49.00474, 1.16013",Q23902400,France,Haute-Normandie,0,,FR,Q23902400,0
"33.13305556, 11.21611111",Stade 7 Mars,,,231,10000.0,,Stade 7 Mars,23.1
"-3.11189, -60.0175",Q48879597,,,231,10000.0,,Q48879597,23.1
"43.90792, 11.00114",Stadio Germano Bellucci,Italy,Toscana,0,,IT,Stadio Germano Bellucci,0
"39.23631, 26.20661","Kalloni Stadium ""Kostas Kenteris""",Greece,North Aegean,0,,Greece,"Kalloni Stadium ""Kostas Kenteris""",0
"47.88928, -3.916541",Q97162444,France,Bretagne,11.55,600.0,FR,Q97162444,1.155
"47.88928, -3.916541",Q97162444,France,Bretagne,11.704,800.0,FR,Q97162444,1.1704
"47.88928, -3.916541",Q97162444,France,Bretagne,11.55,1000.0,FR,Q97162444,1.155
"47.88928, -3.916541",Q97162444,France,Bretagne,10.78,3500.0,FR,Q97162444,1.078
"47.88928, -3.916541",Q97162444,France,Bretagne,10.857,4700.0,FR,Q97162444,1.0857
"47.88917, -3.91363",Stade Guy-Piriou,France,Bretagne,0,,FR,Stade Guy-Piriou,0
"40.913802909, 14.393735053",Ugo Gobbato Stadium,Italy,Campania,0,,IT,Ugo Gobbato Stadium,0
"46.66888, -1.45406",Stade de Saint-André-d'Ornay,France,Pays de la Loire,0,,FR,Stade de Saint-André-d'Ornay,0
"42.42916, -8.63833",Q115150522,Spain,Galicia,0,,ES,Q115150522,0
"43.4188, 5.2122",Q120149828,France,Provence-Alpes-Côte d’Azur,0,,FR,Q120149828,0
"38.161389, 15.520833",Stadio San Filippo,Italy,Sicilia,1108.8077,37895.0,IT,Stadio San Filippo,110.88077
"49.24716, 4.02478",Stade Auguste Delaune,France,Champagne-Ardenne,634.47384,21684.0,FR,Stade Auguste Delaune,63.447384
"17.12235556, -61.83903056",Antigua Recreation Ground,,,207.9,9000.0,,Antigua Recreation Ground,20.79
"31.63, -8.0",Sidi-Youssef-Ben-Ali stadium,,,115.5,5000.0,,Sidi-Youssef-Ben-Ali stadium,11.55
"53.238333, 50.271667",Metallurg Stadium,,,1033.7558,35330.0,,Metallurg Stadium,103.37558
"-9.315775, -35.944467",Estádio José Gomes da Costa,,,115.5,5000.0,,Estádio José Gomes da Costa,11.55
"14.098447222, -87.203958333",Estadio Nacional Jose de la Paz Herrera,,,1082.62,37000.0,,Estadio Nacional Jose de la Paz Herrera,108.262
"-3.083056, -60.028056",Arena Amazônia,,,1784.77992,42924.0,,Arena Amazônia,178.477992
"41.57, 14.630833",Stadio Antonio Molinari,Italy,Molise,731.5,25000.0,IT,Stadio Antonio Molinari,73.15
"46.362577, 6.469886",Stade Joseph-Moynat,France,Rhône-Alpes,69.3,3600.0,FR,Stade Joseph-Moynat,6.93
"12.513055555, -70.023611111",Guillermo Prospero Trinidad Stadium,,,127.05,5500.0,,Guillermo Prospero Trinidad Stadium,12.705
"35.894863888, 14.415372222",Ta' Qali National Stadium,Malta,Malta,520.74022,17797.0,MT,Ta' Qali National Stadium,52.074022
"43.360783, -5.870222",Carlos Tartiere Stadium,Spain,Principado de Asturias,892.43,30500.0,ES,Carlos Tartiere Stadium,89.243
"-7.795926, 110.38407",Mandala Krida Stadium,,,731.5,25000.0,,Mandala Krida Stadium,73.15
"-7.75051, 110.418",Maguwoharjo Stadium,,,1024.1,35000.0,,Maguwoharjo Stadium,102.41
"-7.225142, 112.621708",Gelora Bung Tomo Stadium,,,1732.5,45000.0,,Gelora Bung Tomo Stadium,173.25
"-7.225142, 112.621708",Gelora Bung Tomo Stadium,,,1736.35,55000.0,,Gelora Bung Tomo Stadium,173.635
"44.97777778, 7.61611111",Juventus Center,Italy,Piemonte,7.7,400.0,IT,Juventus Center,0.77
"44.35161, 2.56376",Stade Paul-Lignon,France,Midi-Pyrénées,0,,FR,Stade Paul-Lignon,0
"39.94046, -0.11501",Ciudad Deportiva Villarreal CF,Spain,Comunitat Valenciana,115.5,5000.0,ES,Ciudad Deportiva Villarreal CF,11.55
"14.033333, -86.574444",Estadio Marcelo Tinoco,,,115.5,5000.0,,Estadio Marcelo Tinoco,11.55
"25.680842, -100.288233",Monterrey Arena,,,877.8,30000.0,,Monterrey Arena,87.78
"35.557222, 6.187778",Stade of 1st November 1954,,,877.8,30000.0,,Stade of 1st November 1954,87.78
"43.3106, -3.00972",Las Llanas Municipal Stadium,Spain,País Vasco,84.06475,4367.0,ES,Las Llanas Municipal Stadium,8.406475
"42.018692, 20.978179",Gradski stadion Tetovo,MK,Severna Makedonija,438.9,15000.0,MK,Gradski stadion Tetovo,43.89
"48.88676, 2.45807",Q3495861,France,Ile-de-France,38.5,2000.0,FR,Q3495861,3.85
"36.749411, 5.046539",Stade de l'Unité Maghrébine,,,555.94,19000.0,,Stade de l'Unité Maghrébine,55.594
"44.01293, 1.37287",Fobio Stadium,France,Midi-Pyrénées,115.5,5000.0,FR,Fobio Stadium,11.55
"46.59474, 0.36716",Stade Michel-Amand,France,Poitou-Charentes,460.845,15750.0,FR,Stade Michel-Amand,46.0845
"34.2527, -6.57155",Stade Municipal,,,438.9,15000.0,,Stade Municipal,43.89
"-32.83861111, -70.60416667",Estadio Regional de Los Andes,,,0,,,Estadio Regional de Los Andes,0
"0.57261, 101.430684",Kaharudin Nasution Rumbai Stadium,,,731.5,25000.0,,Kaharudin Nasution Rumbai Stadium,73.15
"1.316847, 124.91371",Maesa Stadium,,,438.9,15000.0,,Maesa Stadium,43.89
"0.786316, 127.381889",Gelora Kieraha Stadium,,,0,,,Gelora Kieraha Stadium,0
"-22.298611, -42.541389",Estádio Eduardo Guinle,,,277.2,12000.0,,Estádio Eduardo Guinle,27.72
"-6.165944444, 39.223805555",Amaan Stadium,,,438.9,15000.0,,Amaan Stadium,43.89
"-6.173718, 106.638574",Benteng Stadium,,,731.5,25000.0,,Benteng Stadium,73.15
"40.56237222, -8.44179167",Estádio Municipal de Águeda,Portugal,Centro (PT),231,10000.0,PT,Estádio Municipal de Águeda,23.1
"-37.705, 144.980556",B.T. Connor Reserve,,,184.8,8000.0,,B.T. Connor Reserve,18.48
"-15.424746829, 28.301434711",Edwin Imboela Stadium,,,0,,,Edwin Imboela Stadium,0
"-19.002778, -57.664444",Estádio Arthur Marinho,,,438.9,15000.0,,Estádio Arthur Marinho,43.89
"-3.121944, -60.037778",Estádio Ismael Benigno,,,468.16,16000.0,,Estádio Ismael Benigno,46.816
"11.860203, -15.586389",Estádio Lino Correia,,,277.2,12000.0,,Estádio Lino Correia,27.72
"-2.25883, -79.8985",Estadio Alejandro Ponce Noboa,,,67.375,3500.0,,Estadio Alejandro Ponce Noboa,6.7375
"-34.61, -58.9084",Estadio Ricardo Puga,,,48.125,2500.0,,Estadio Ricardo Puga,4.8125
"-6.1731, 35.7438",Jamhuri Stadium,,,0,,,Jamhuri Stadium,0
"-13.13989, 28.38084",Kafubu Stadium,,,184.8,8000.0,,Kafubu Stadium,18.48
"0.525779357, 35.279876716",Kipchoge Keino Stadium,,,231,10000.0,,Kipchoge Keino Stadium,23.1
"0.525779357, 35.279876716",Kipchoge Keino Stadium,,,231,10000.0,,Kipchoge Keino Stadium,23.1
"6.07175, -0.252",Koforidua Sports Stadium,,,0,,,Koforidua Sports Stadium,0
"42.2435, -85.5721",Loy Norrix High School,,,0,,,Loy Norrix High School,0
"7.79388889, 4.57222222",Oshogbo Stadium,,,0,,,Oshogbo Stadium,0
"34.047777777, -118.531111111",Palisades Charter High School,,,0,,,Palisades Charter High School,0
"-7.595123, 112.774153",Pogar Bangil Stadium,,,231,10000.0,,Pogar Bangil Stadium,23.1
"-12.5425, 27.84638889",Shinde Stadium,,,0,,,Shinde Stadium,0
"-2.59619, 29.7421",Stade Huye,,,438.9,15000.0,,Stade Huye,43.89
"35.73255, 0.54489",Stade Tahar Zoughari,,,0,,,Stade Tahar Zoughari,0
"41.908356, 22.406394",Nikola Mantov Stadium,MK,Severna Makedonija,115.5,5000.0,MK,Nikola Mantov Stadium,11.55
"-10.736111, -36.854444",Q9255159,,,115.5,5000.0,,Q9255159,11.55
"-20.788333, -51.678056",Q9255184,,,231,10000.0,,Q9255184,23.1
"-18.913889, -54.8525",Q9255193,,,38.5,2000.0,,Q9255193,3.85
"-15.779806, -47.786381",Q9255286,,,138.6,6000.0,,Q9255286,13.86
"-3.28306, -60.63139",Q9255398,,,438.9,15000.0,,Q9255398,43.89
"-17.570833, -52.556944",Q9255505,,,184.8,8000.0,,Q9255505,18.48
"-24.254675, -43.76948889",Q10277090,,,0,,,Q10277090,0
"-10.282057778, -48.330539246",Estádio Nilton Santos,,,0,,,Estádio Nilton Santos,0
"42.5701, -7.39399",Q12385066,Spain,Galicia,0,,ES,Q12385066,0
"23.02013889, 91.40247778",Shaheed Salam Stadium,,,115.5,5000.0,,Shaheed Salam Stadium,11.55
"-26.1425, 28.42194444",Sinaba Stadium,,,0,,,Sinaba Stadium,0
"12.153361111, -68.952",SV Vesta Stadion,,,57.75,3000.0,,SV Vesta Stadion,5.775
"42.139381625, 21.714190052",Kumanovo City Stadium,MK,Severna Makedonija,38.5,2000.0,MK,Kumanovo City Stadium,3.85
"36.5668, 3.14904",Stade Ismaïl Makhlouf,,,115.5,5000.0,,Stade Ismaïl Makhlouf,11.55
"43.30305556, -7.69111111",Q20542671,Spain,Galicia,0,,ES,Q20542671,0
"28.6875, -17.774097222",Q21057365,Spain,Canarias,0,,ES,Q21057365,0
"38.877166666, -7.157638888",Estádio Patalino,Portugal,Alentejo,143.22,6200.0,PT,Estádio Patalino,14.322
"43.27858333, -8.21744444",Q25511277,Spain,Galicia,0,,ES,Q25511277,0
"43.310861111, -8.508388888",Q25511313,Spain,Galicia,0,,ES,Q25511313,0
"41.95252028, 12.83951528",Stadio Olindo Galli,Italy,Lazio,0,,IT,Stadio Olindo Galli,0
"40.296299, 20.017072",Sabaudin Shehu Stadium,AL,Jug,38.5,2000.0,AL,Sabaudin Shehu Stadium,3.85
"59.89, 10.780833333",KFUM Arena,Norway,Oslo og Viken,0,,NO,KFUM Arena,0
"59.434472222, 24.783444444",Kadriorg Stadium,Estonia,Eesti,115.5,5000.0,EE,Kadriorg Stadium,11.55
"-9.436667, 159.971389",Lawson Tama Stadium,,,231,10000.0,,Lawson Tama Stadium,23.1
"-9.436667, 159.971389",Lawson Tama Stadium,,,231,25000.0,,Lawson Tama Stadium,23.1
"-15.595333333, -56.098666666",Estádio José Fragelli,,,1540,40000.0,,Estádio José Fragelli,154
"18.10470278, -15.98545556",Olympic Stadium of Nouakchott,,,585.2,20000.0,,Olympic Stadium of Nouakchott,58.52
"-38.742778, -72.619722",Estadio Municipal Germán Becker,,,530.3375,18125.0,,Estadio Municipal Germán Becker,53.03375
"-33.871928, -60.561475",Estadio Miguel Morales,,,468.16,16000.0,,Estadio Miguel Morales,46.816
"-2.178861, -79.894369",Estadio Modelo Alberto Spencer Herrera,,,1848,48000.0,,Estadio Modelo Alberto Spencer Herrera,184.8
"-12.055694, -76.935972",Estadio Monumental U,,,4008.65465,80093.0,,Estadio Monumental U,400.865465
"23.10733056, -82.41283889",Estadio Pedro Marrero,,,877.8,30000.0,,Estadio Pedro Marrero,87.78
"13.52725, 2.10897",Stade Général Seyni Kountché,,,1024.1,35000.0,,Stade Général Seyni Kountché,102.41
"13.52725, 2.108972",Stade Général Seyni Kountché,,,1024.1,35000.0,,Stade Général Seyni Kountché,102.41
"8.479556, -13.249056",National Stadium,,,1732.5,45000.0,,National Stadium,173.25
"12.659722, -7.993056",Stade Modibo Kéïta,,,1024.1,35000.0,,Stade Modibo Kéïta,102.41
"22.154523, 113.553266",Estádio Campo Desportivo,,,468.16,16000.0,,Estádio Campo Desportivo,46.816
"0.391806, 9.452167",Stade Omar Bongo,,,1732.5,45000.0,,Stade Omar Bongo,173.25
"58.1475, 8.021389",Kristiansand Stadion,Norway,Agder og Sør-Østlandet,485.716,16600.0,NO,Kristiansand Stadion,48.5716
"50.111389, 14.3875",Stadion Juliska,Czechia,Praha,188.265,8150.0,CZ,Stadion Juliska,18.8265
"-7.225142, 112.621708",Gelora Bung Tomo Stadium,,,1732.5,45000.0,,Gelora Bung Tomo Stadium,173.25
"-7.225142, 112.621708",Gelora Bung Tomo Stadium,,,1736.35,55000.0,,Gelora Bung Tomo Stadium,173.635
"4.929028, 114.945444",Hassanal Bolkiah National Stadium,,,877.8,30000.0,,Hassanal Bolkiah National Stadium,87.78
"-17.379303, -66.16183",Estadio Félix Capriles,,,1024.1,35000.0,,Estadio Félix Capriles,102.41
"34.925556, 33.599722",GSZ Stadium,Cyprus,Kýpros,301.0392,13032.0,CY,GSZ Stadium,30.10392
"9.54586111, -13.67291667",Stade du 28 Septembre,,,731.5,25000.0,,Stade du 28 Septembre,73.15
"6.477778, 2.618611",Stade Charles de Gaulle,,,438.9,15000.0,,Stade Charles de Gaulle,43.89
"12.01305556, -83.76611111",Estadio El Pericón,,,77,4000.0,,Estadio El Pericón,7.7
"36.1443, 5.72245",Stade Messaoud-Zougar,,,731.5,25000.0,,Stade Messaoud-Zougar,73.15
"-21.37836, 55.61466",Stade Raphaël Babet,France,La Réunion,23.1,1200.0,FR,Stade Raphaël Babet,2.31
"36.706944, 4.056111",1 November 1954 Stadium,,,877.8,30000.0,,1 November 1954 Stadium,87.78
"12.2317, -68.3298",Stadion Antonio Trenidat,,,28.875,1500.0,,Stadion Antonio Trenidat,2.8875
"41.78083333, 44.77611111",Olimpi Stadium,,,57.75,3000.0,,Olimpi Stadium,5.775
"54.174167, 37.603056",Arsenal Stadium,,,586.60448,20048.0,,Arsenal Stadium,58.660448
"59.355844, 27.418826",Jõhvi linnastaadion,Estonia,Eesti,9.625,500.0,EE,Jõhvi linnastaadion,0.9625
"51.891378, -8.436749",Páirc Uí Rinn,Ireland,Southern,481.0344,16440.0,IE,Páirc Uí Rinn,48.10344
"45.533889, 9.219722",Stadio Ernesto Breda,Italy,Lombardia,86.625,4500.0,IT,Stadio Ernesto Breda,8.6625
"25.305833333, 49.612777777",Prince Abdullah bin Jalawi Sports City,,,806.113,27550.0,,Prince Abdullah bin Jalawi Sports City,80.6113
"25.305833, 49.612778",Prince Abdullah bin Jalawi Sports City,,,806.113,27550.0,,Prince Abdullah bin Jalawi Sports City,80.6113
"32.083333, 20.266667",Martyrs of February Stadium,,,243.705,10550.0,,Martyrs of February Stadium,24.3705
"33.328019237, 44.424366039",Al Jaish Stadium,,,138.6,6000.0,,Al Jaish Stadium,13.86
"63.123931, 7.735792",Atlanten Stadion,,,77,4000.0,,Atlanten Stadion,7.7
"50.322083, 30.568333",Dynamo Training Center in Koncha-Zaspa,,,14.4375,750.0,,Dynamo Training Center in Koncha-Zaspa,1.44375
"50.322083, 30.568333",Dynamo Training Center in Koncha-Zaspa,,,14.784,1200.0,,Dynamo Training Center in Koncha-Zaspa,1.4784
"-32.88425, -68.863555555",Víctor Legrotaglie Stadium,,,265.65,11500.0,,Víctor Legrotaglie Stadium,26.565
"-25.317505, -57.554661",Estadio Alfonso Colmán,,,161.7,7000.0,,Estadio Alfonso Colmán,16.17
"28.49152, -13.8673",Estadio Los Pozos,Spain,Canarias,38.5,2000.0,ES,Estadio Los Pozos,3.85
"-5.598056, -36.908333",Estádio Edgar Borges Montenegro,,,77,4000.0,,Estádio Edgar Borges Montenegro,7.7
"-20.334444, -40.355833",Estádio Engenheiro Alencar Araripe,,,438.9,15000.0,,Estádio Engenheiro Alencar Araripe,43.89
"-22.905089, -43.213533",Estádio Figueira de Melo,,,184.8,8000.0,,Estádio Figueira de Melo,18.48
"-29.153889, -51.536389",Estádio Parque Esportivo Montanha dos Vinhedos,,,446.77094,15269.0,,Estádio Parque Esportivo Montanha dos Vinhedos,44.677094
"-8.81427, 13.226",Estádio dos Coqueiros,,,277.2,12000.0,,Estádio dos Coqueiros,27.72
"29.288755555, 47.962661111",Farwaniya Stadium,,,0,,,Farwaniya Stadium,0
"32.859722, 13.136944",GMR Stadium,,,585.2,20000.0,,GMR Stadium,58.52
"59.959114, 10.780485",Grefsen Stadion,Norway,Oslo og Viken,27.335,1420.0,NO,Grefsen Stadion,2.7335
"64.021452, 11.510496",Guldbergaunet Stadion,Norway,Trøndelag/Trööndelage,0,,NO,Guldbergaunet Stadion,0
"39.965597222, -4.821888888",Q5639290,Spain,Castilla-La Mancha,80.85,4200.0,ES,Q5639290,8.085
"-2.25883, -79.8985",Estadio Alejandro Ponce Noboa,,,67.375,3500.0,,Estadio Alejandro Ponce Noboa,6.7375
"2.289080555, 102.233094444",Hang Jebat Stadium,,,1540,40000.0,,Hang Jebat Stadium,154
"37.3517, -5.98222",Ciudad Deportiva Luis Del Sol,Spain,Andalucía,67.375,3500.0,ES,Ciudad Deportiva Luis Del Sol,6.7375
"43.38444444, -5.66022222",Estadio El Bayu,Spain,Principado de Asturias,115.5,5000.0,ES,Estadio El Bayu,11.55
"-24.798165979, -65.40748289",Fray Honorato Pistoia Stadium,,,277.2,12000.0,,Fray Honorato Pistoia Stadium,27.72
"42.660722222, -2.029255555",Estadio Merkatondoa,Spain,Comunidad Foral de Navarra,67.375,3500.0,ES,Estadio Merkatondoa,6.7375
"41.321678, 2.082636",Poliesportiu Municipal Sagnier,Spain,Cataluña,19.25,1000.0,ES,Poliesportiu Municipal Sagnier,1.925
"37.02725, 22.124167",Kalamata Municipal Stadium,Greece,Peloponnese,86.548,4496.0,Greece,Kalamata Municipal Stadium,8.6548
"61.062778, 28.198611",Kimpinen Sports Centre,Finland,Etelä-Suomi,94.325,4900.0,FI,Kimpinen Sports Centre,9.4325
"19.956944, 99.874722",United Stadium of Chiangrai,,,438.9,15000.0,,United Stadium of Chiangrai,43.89
"29.291433333, 48.068983333",Mishref Stadium,,,277.2,12000.0,,Mishref Stadium,27.72
"-25.22043611, 25.68933333",Lobatse Stadium,,,643.72,22000.0,,Lobatse Stadium,64.372
"22.1525, 113.56805556",Macau University of Science and Technology Sports Field,,,32.417,1684.0,,Macau University of Science and Technology Sports Field,3.2417
"47.6953, -122.107",Redmond High School,,,0,,,Redmond High School,0
"31.193525, 16.597819",Sirte Stadium,,,38.5,2000.0,,Sirte Stadium,3.85
"8.9816, 1.14711",Stade Municipal,,,231,10000.0,,Stade Municipal,23.1
"-5.8972, 22.3859",Stade des Jeunes,,,231,10000.0,,Stade des Jeunes,23.1
"45.19, 9.796944",Stadio Comunale,Italy,Lombardia,184.8,8000.0,IT,Stadio Comunale,18.48
"69.645964, 19.018053",Tromsdalen Stadion,Norway,Nord-Norge,0,,NO,Tromsdalen Stadion,0
"-26.49777778, -49.09666667",Q9255313,,,184.8,8000.0,,Q9255313,18.48
"-9.390278, -40.504444",Q9255517,,,115.5,5000.0,,Q9255517,11.55
"-20.143056, -44.879722",Q9255563,,,80.85,4200.0,,Q9255563,8.085
"33.870736237, 10.858547728",Q11894352,,,0,,,Q11894352,0
"61.1211, 21.5033",Äijänsuo stadium,Finland,Länsi-Suomi,38.5,2000.0,FI,Äijänsuo stadium,3.85
"63.1242, 7.738",Q11991979,,,0,,,Q11991979,0
"43.0526, -2.1726",Altamira Municipal Stadium,Spain,País Vasco,38.5,2000.0,ES,Altamira Municipal Stadium,3.85
"14.4292, -16.9727",Stade Caroline Faye,,,115.5,5000.0,,Stade Caroline Faye,11.55
"51.066855555, 4.733997222",Municipal Sport Center (Heist-op-den-Berg),Belgium,Prov. Antwerpen,68.31825,3549.0,BE,Municipal Sport Center (Heist-op-den-Berg),6.831825
"36.0667, 4.76667",Stade 20 Août 1955,,,585.2,20000.0,,Stade 20 Août 1955,58.52
"35.124505, 33.308419",EN THOI Stadium,Cyprus,Kýpros,67.375,3500.0,CY,EN THOI Stadium,6.7375
"35.023902, 33.936355",Sotira Municipal Stadium,Cyprus,Kýpros,0,,CY,Sotira Municipal Stadium,0
"55.977222222, 26.291944444",Ilūkstes pilsētas stadions,Latvia,Latvija,0,,LV,Ilūkstes pilsētas stadions,0
"21.847694, -78.770288",José Ramón Cepero Stadium,,,0,,,José Ramón Cepero Stadium,0
"14.5311, 121.054",McKinley Hill Stadium,,,38.5,2000.0,,McKinley Hill Stadium,3.85
"14.63461111, 121.09841667",Marikina Sports Complex,,,0,,,Marikina Sports Complex,0
"63.125, 7.719222222",Kristiansund Stadion,,,85.547,4444.0,,Kristiansund Stadion,8.5547
"41.18075, 20.313583333",Sopoti Stadium,AL,Qender,0,,AL,Sopoti Stadium,0
"16.179194444, -22.909305555",Estadio Municipal Arsénio Ramos,,,57.75,3000.0,,Estadio Municipal Arsénio Ramos,5.775
"35.032426, 33.916338",Frenaros Community Stadium,Cyprus,Kýpros,0,,CY,Frenaros Community Stadium,0
"42.22679, -8.75571",Estadio Baltasar Pujales,Spain,Galicia,0,,ES,Estadio Baltasar Pujales,0
"55.9321, -4.6739",Clune Park,,,0,,,Clune Park,0
"50.041106944, 15.770401944",Stadion Arnošta Košťála,Czechia,Severovýchod,0,,CZ,Stadion Arnošta Košťála,0
"46.18056, 6.15676",Centre sportif du Bout-du-Monde,Switzerland,Région lémanique,0,,CH,Centre sportif du Bout-du-Monde,0
"-11.779928, 19.910477",Estádio Mundunduleno,,,0,,,Estádio Mundunduleno,0
"24.80452778, 56.11261111",Hamdan Bin Rashid Stadium,,,0,,,Hamdan Bin Rashid Stadium,0
"-36.815278, -73.023333",Estadio Ester Roa Rebolledo,,,883.652,30200.0,,Estadio Ester Roa Rebolledo,88.3652
"-36.618056, -72.1075",Estadio Municipal Nelson Oyarzún Arenas,,,277.2,12000.0,,Estadio Municipal Nelson Oyarzún Arenas,27.72
"41.379722, 2.118056",Miniestadi,Spain,Cataluña,446.97576,15276.0,ES,Miniestadi,44.697576
"50.6375, 3.036111",Stade Victor Boucquey,France,Nord-Pas de Calais,438.9,15000.0,FR,Stade Victor Boucquey,43.89
"49.615630555, 6.109661111",Stade Josy Barthel,Luxembourg,Luxembourg,186.0474,8054.0,LU,Stade Josy Barthel,18.60474
"-35.25, 149.102777777",Canberra Stadium,,,731.82186,25011.0,,Canberra Stadium,73.182186
"-38.38116667, -60.2635",Estadio Roberto Lorenzo Bottino,,,231,10000.0,,Estadio Roberto Lorenzo Bottino,23.1
"9.951389, 8.866389",Rwang Pam Stadium,,,438.9,15000.0,,Rwang Pam Stadium,43.89
"-3.383333, 29.373778",Intwari Stadium,,,643.72,22000.0,,Intwari Stadium,64.372
"11.558361, 104.912083",Olympic Stadium,,,1925,50000.0,,Olympic Stadium,192.5
"53.904439, 27.416553",Dinamo-Yuni Stadium,,,86.625,4500.0,,Dinamo-Yuni Stadium,8.6625
"34.925556, 33.599722",GSZ Stadium,Cyprus,Kýpros,301.0392,13032.0,CY,GSZ Stadium,30.10392
"38.58590556, 68.76951111",Pamir Stadium,,,702.24,24000.0,,Pamir Stadium,70.224
"42.22861, -8.68076",Campo Municipal de Barreiro,Spain,Galicia,28.875,1500.0,ES,Campo Municipal de Barreiro,2.8875
"13.698333, -88.101111",Estadio Correcaminos,,,277.2,12000.0,,Estadio Correcaminos,27.72
"10.091711, -84.476272",Estadio Carlos Roldan,,,77,4000.0,,Estadio Carlos Roldan,7.7
"-22.801636, -43.207775",Estádio Luso-Brasileiro,,,877.8,30000.0,,Estádio Luso-Brasileiro,87.78
"-21.33868, 55.46817",Stade Michel Volnay,France,La Réunion,0,,FR,Stade Michel Volnay,0
"45.6039, 10.5128",Stadio Lino Turina,Italy,Lombardia,48.125,2500.0,IT,Stadio Lino Turina,4.8125
"45.60394444, 10.51308333",Stadio Lino Turina,Italy,Lombardia,48.125,2500.0,IT,Stadio Lino Turina,4.8125
"-34.757778, -58.42",Eduardo Gallardón Stadium,,,1111.88,38000.0,,Eduardo Gallardón Stadium,111.188
"-21.2025, -47.789167",Estádio Santa Cruz,,,922.48002,31527.0,,Estádio Santa Cruz,92.248002
"34.914167, 33.628333",GSZ Stadium (1928),Cyprus,Kýpros,0,,CY,GSZ Stadium (1928),0
"35.334083333, 33.307222222",Girne 20 Temmuz Stadyumu,Cyprus,Kýpros,0,,CY,Girne 20 Temmuz Stadyumu,0
"32.186536, 34.872503",Karnei Oren Memorial Field,,,48.125,2500.0,,Karnei Oren Memorial Field,4.8125
"43.7297, 20.6942",Kraljevo City Stadium,RS,Region Šumadije i Zapadne Srbije,115.5,5000.0,RS,Kraljevo City Stadium,11.55
"43.7297, 20.6942",Kraljevo City Stadium,RS,Region Šumadije i Zapadne Srbije,115.5,10000.0,RS,Kraljevo City Stadium,11.55
"58.05492, 11.82382",Nösnäsvallen,Sweden,Västsverige,0,,SE,Nösnäsvallen,0
"-37.739722, 145.034167",Olympic Park,,,231,10000.0,,Olympic Park,23.1
"8.50786, 76.9512",University Stadium,,,0,,,University Stadium,0
"-5.18555556, -37.35694444",Nogueirão,,,731.5,25000.0,,Nogueirão,73.15
"40.9, 20.66388889",Gjorgji Kyçyku Stadium,AL,Jug,138.6,6000.0,AL,Gjorgji Kyçyku Stadium,13.86
"-16.82011944, -49.24548889",Estádio Annibal Batista de Toledo,,,0,,,Estádio Annibal Batista de Toledo,0
"-22.359385, -47.34065",Estádio Doutor Hermínio Ometto,,,643.72,22000.0,,Estádio Doutor Hermínio Ometto,64.372
"-22.35925278, -47.34056944",Estádio Doutor Hermínio Ometto,,,643.72,22000.0,,Estádio Doutor Hermínio Ometto,64.372
"39.552089, 21.777019",Trikala Municipal Stadium,Greece,Thessaly,438.9,15000.0,Greece,Trikala Municipal Stadium,43.89
"-34.661944444, -58.631666666",Nuevo Francisco Urbano Stadium,,,1024.1,35000.0,,Nuevo Francisco Urbano Stadium,102.41
"-33.9471, 151.223",Hensley Athletic Field,,,0,,,Hensley Athletic Field,0
"14.897611111, -24.495486111",Estádio 5 de Julho,,,19.25,1000.0,,Estádio 5 de Julho,1.925
"14.897611111, -24.495486111",Estádio 5 de Julho,,,19.25,1000.0,,Estádio 5 de Julho,1.925
"49.4525, 35.1339",Mashynobudivnyk Stadium,,,0,,,Mashynobudivnyk Stadium,0
"55.8799, -4.2315",Hyde Park,,,0,,,Hyde Park,0
"55.85630035, -4.32130003","Langlands Park, Govan",,,0,,,"Langlands Park, Govan",0
"41.921119849, 25.903060956",Hebros Stadium,Bulgaria,Yuzhen tsentralen,0,,BG,Hebros Stadium,0
"14.8697, -24.6913",Estádio Aquiles de Oliveira,,,0,,,Estádio Aquiles de Oliveira,0
"39.760665, 3.02004",Nou Camp de la Pobla,Spain,Illes Balears,0,,ES,Nou Camp de la Pobla,0
"39.866861111, 4.261305555",Estadi de Bintaufa,,,57.75,3000.0,,Estadi de Bintaufa,5.775
"42.68983, -8.50686",Q115920378,Spain,Galicia,0,,ES,Q115920378,0
"-1.048486, -80.45395",Estadio Reales Tamarindos,,,731.5,25000.0,,Estadio Reales Tamarindos,73.15
"5.30527778, -3.99244444",Stade Robert Champroux,,,57.75,3000.0,,Stade Robert Champroux,5.775
"43.138889, 23.7125",Lokomotiv Stadium,Bulgaria,Severozapaden,115.5,5000.0,BG,Lokomotiv Stadium,11.55
"27.471417, 89.641056",Changlimithang Stadium,,,731.5,25000.0,,Changlimithang Stadium,73.15
"57.718888888, 11.930833333",Rambergsvallen,Sweden,Västsverige,161.7,7000.0,SE,Rambergsvallen,16.17
"-33.696944, -71.216667",Estadio Municipal Roberto Bravo Santibáñez,,,150.15,6500.0,,Estadio Municipal Roberto Bravo Santibáñez,15.015
"9.035833, -79.469444",Estadio Rommel Fernández,,,936.32,32000.0,,Estadio Rommel Fernández,93.632
"9.035833, -79.469444",Estadio Rommel Fernández,,,936.32,32000.0,,Estadio Rommel Fernández,93.632
"-18.913889, -48.2325",Estádio Parque do Sabiá,,,2053.975,53350.0,,Estádio Parque do Sabiá,205.3975
"52.105556, 11.600833",Heinrich Germer Stadium,Germany,Sachsen-Anhalt,96.0575,4990.0,DE,Heinrich Germer Stadium,9.60575
"-37.781111, 175.268333",Waikato Stadium,,,754.908,25800.0,,Waikato Stadium,75.4908
"51.463, 6.64734",Q2147912,Germany,Düsseldorf,672.98,23000.0,DE,Q2147912,67.298
"0.335, 6.7375",Estádio Nacional 12 de Julho,,,150.15,6500.0,,Estádio Nacional 12 de Julho,15.015
"-4.27352778, 15.24841667",Stade Alphonse Massemba-Débat,,,966.66262,33037.0,,Stade Alphonse Massemba-Débat,96.666262
"-4.635511111, 55.470461111",Stade Linité,,,231,10000.0,,Stade Linité,23.1
"40.264889, -7.497869",Complexo Desportivo da Covilhã,Portugal,Centro (PT),57.75,3000.0,PT,Complexo Desportivo da Covilhã,5.775
"36.490278, 2.846667",Stade Mustapha Tchaker,,,0,,,Stade Mustapha Tchaker,0
"41.074486111, 14.346516666",Stadio Alberto Pinto,Italy,Campania,277.2,12000.0,IT,Stadio Alberto Pinto,27.72
"40.9571, 17.2937",Stadio Vito Simone Veneziani,,,158.928,6880.0,,Stadio Vito Simone Veneziani,15.8928
"0.34720833, 32.65888889",Mandela National Stadium,,,1740.277,45202.0,,Mandela National Stadium,174.0277
"49.793416666, 30.123583333",Trudovi Reservy Stadium,,,311.85,13500.0,,Trudovi Reservy Stadium,31.185
"7.45380556, -2.585",Berekum Sports Stadium,,,115.5,5000.0,,Berekum Sports Stadium,11.55
"-33.863485, 150.880362",Marconi Stadium,,,265.65,11500.0,,Marconi Stadium,26.565
"56.53027778, 14.9825",Dackehallen,Sweden,Småland med öarna,70.2625,3650.0,SE,Dackehallen,7.02625
"-15.37194444, 28.37611111",Nkoloma Stadium,,,115.5,5000.0,,Nkoloma Stadium,11.55
"30.027, 31.446",Petro Sport Stadium,,,731.5,25000.0,,Petro Sport Stadium,73.15
"36.4793, 2.81107",Stade Frères Brakni,,,231,10000.0,,Stade Frères Brakni,23.1
"36.4903, 2.84667",Stade Frères Brakni,,,231,10000.0,,Stade Frères Brakni,23.1
"43.474167, 11.146667",Stadio Stefano Lotti,Italy,Toscana,48.37525,2513.0,IT,Stadio Stefano Lotti,4.837525
"43.474167, 11.146667",Stadio Stefano Lotti,Italy,Toscana,47.124,3600.0,IT,Stadio Stefano Lotti,4.7124
"40.763056, 47.0425",Yashar Mammadzade Stadium,,,115.5,5000.0,,Yashar Mammadzade Stadium,11.55
"9.333358, -70.6023",Estadio José Alberto Pérez,,,294.8715,12765.0,,Estadio José Alberto Pérez,29.48715
"49.8453, 18.5613",Městský stadion,Czechia,Moravskoslezsko,184.8,8000.0,CZ,Městský stadion,18.48
"41.0278, 28.939",Vefa Stadium,,,288.75,12500.0,,Vefa Stadium,28.875
"42.69222222, 23.28777778",Septemvri Stadium (Sofia),Bulgaria,Yugozapaden,0,,BG,Septemvri Stadium (Sofia),0
"5.83028333, -55.15273056",N.G.V.B. StadionMgr. Aloysius Zichem Sportcentrum,,,0,,,N.G.V.B. StadionMgr. Aloysius Zichem Sportcentrum,0
"50.585, 5.872861",Stade Communal de Bielmont,Belgium,Prov. Liège,0,,BE,Stade Communal de Bielmont,0
"40.706667, 14.494444",Stadio Romeo Menti,Italy,Campania,300.3,13000.0,IT,Stadio Romeo Menti,30.03
"19.303055555, -99.150555555",Estadio Banorte,,,5755.75,115000.0,,Estadio Banorte,575.575
"26.153594, 50.543664",Bahrain National Stadium,,,702.24,24000.0,,Bahrain National Stadium,70.224
"26.153594, 50.543664",Bahrain National Stadium,,,702.24,24000.0,,Bahrain National Stadium,70.224
"26.153594, 50.543664",Bahrain National Stadium,,,702.24,24000.0,,Bahrain National Stadium,70.224
"51.4875, 0.088056",Invicta Ground,,,277.2,12000.0,,Invicta Ground,27.72
"55.198472222, 30.229305555",Vitebsky Central Sport Complex,,,188.1264,8144.0,,Vitebsky Central Sport Complex,18.81264
"5.5225, 95.323611",Harapan Bangsa Stadium,,,1732.5,45000.0,,Harapan Bangsa Stadium,173.25
"26.175, 50.54861111",Khalifa Sports City Stadium,,,0,,,Khalifa Sports City Stadium,0
"2.04194444, 45.35666667",Banadir Stadium,,,438.9,15000.0,,Banadir Stadium,43.89
"-7.026052, 110.409524",Jatidiri Stadium,,,38.5,2000.0,,Jatidiri Stadium,3.85
"-22.463811, -44.456122",Estádio do Trabalhador,,,170.94,7400.0,,Estádio do Trabalhador,17.094
"37.723333, 140.361389",Toho Stadium,,,614.46,21000.0,,Toho Stadium,61.446
"47.705, -117.483",Joe Albi Stadium,,,838.18196,28646.0,,Joe Albi Stadium,83.818196
"53.969254, 30.340917",Transmash Stadium,,,0,,,Transmash Stadium,0
"54.780155, -6.55643833",Mill Meadow,,,0,,,Mill Meadow,0
"-34.83689167, -56.23661389",Estadio Parque Salus,,,0,,,Estadio Parque Salus,0
"53.5175, 28.150833333",Haradski Stadium (Marjina Horka),,,38.5,2000.0,,Haradski Stadium (Marjina Horka),3.85
"41.882747, 12.504724",Campo Roma,,,0,,,Campo Roma,0
"42.18379, -8.52313",Q115903485,Spain,Galicia,0,,ES,Q115903485,0
"42.77444444, -1.62555556",Tajonar Facilities,Spain,Comunidad Foral de Navarra,0,,ES,Tajonar Facilities,0
"24.647414, 46.550372",Prince Turki bin Abdul Aziz Stadium,,,0,,,Prince Turki bin Abdul Aziz Stadium,0
"42.65083, -8.12637",Q115896317,Spain,Galicia,0,,ES,Q115896317,0
"14.916111, -23.512222",Estádio da Várzea,,,184.8,8000.0,,Estádio da Várzea,18.48
"56.474703, -2.968961",Tannadice Park,,,328.6899,14229.0,,Tannadice Park,32.86899
"-34.9075, 138.568889",Hindmarsh Stadium,,,497.42,17000.0,,Hindmarsh Stadium,49.742
"12.513055555, -70.023611111",Guillermo Prospero Trinidad Stadium,,,127.05,5500.0,,Guillermo Prospero Trinidad Stadium,12.705
"50.733953, 3.211082",Stade Le Canonnier,Belgium,Prov. Hainaut,261.03,11300.0,BE,Stade Le Canonnier,26.103
"13.52725, 2.10897",Stade Général Seyni Kountché,,,1024.1,35000.0,,Stade Général Seyni Kountché,102.41
"13.52725, 2.108972",Stade Général Seyni Kountché,,,1024.1,35000.0,,Stade Général Seyni Kountché,102.41
"52.7081, 7.29806",Hänsch-Arena,Germany,Weser-Ems,315.6153,13663.0,DE,Hänsch-Arena,31.56153
"10.520556, 7.438889",Ranchers Bees Stadium,,,231,10000.0,,Ranchers Bees Stadium,23.1
"51.1601, 6.98789",Stadion am Hermann-Löns-Weg,Germany,Düsseldorf,468.16,16000.0,DE,Stadion am Hermann-Löns-Weg,46.816
"36.349167, 6.625833",Stade Mohamed Hamlaoui,,,672.04368,22968.0,,Stade Mohamed Hamlaoui,67.204368
"-21.27166, 55.5215",Stade Klébert Picard,France,La Réunion,77,4000.0,FR,Stade Klébert Picard,7.7
"8.420278, -82.4425",Estadio San Cristóbal,,,48.125,2500.0,,Estadio San Cristóbal,4.8125
"-4.322865, 15.312485",Stade 24 Novembre,,,702.24,24000.0,,Stade 24 Novembre,70.224
"53.0975, 25.3069",Yunost Stadium,,,0,,,Yunost Stadium,0
"-12.75557237, 15.762489083",Estádio dos Kuricutelas,,,231,10000.0,,Estádio dos Kuricutelas,23.1
"38.5021, -0.239586",Q5490805,Spain,Comunitat Valenciana,53.22625,2765.0,ES,Q5490805,5.322625
"31.333047, 45.288852",As Samawah Stadium,,,438.9,15000.0,,As Samawah Stadium,43.89
"19.753611, -72.2075",Parc St. Victor,,,219.45,9500.0,,Parc St. Victor,21.945
"44.8524527, 20.3824536",SC Partizan-Teleoptik,RS,City of Belgrade,38.5,2000.0,RS,SC Partizan-Teleoptik,3.85
"-24.6022, 25.8596",SSKB Stadium,,,0,,,SSKB Stadium,0
"50.608889, 5.946389",Stade Lambert Fourir,Belgium,Prov. Liège,57.75,3000.0,BE,Stade Lambert Fourir,5.775
"9.7, 1.66667",Stade Municipal de Djougou,,,65.45,3400.0,,Stade Municipal de Djougou,6.545
"16.0228, -16.493",Stade de Linguère,,,0,,,Stade de Linguère,0
"7.33062, 13.58539",Stade Municipal Ndoumbe Oumar,,,231,10000.0,,Stade Municipal Ndoumbe Oumar,23.1
"50.8603, 4.32504",Q18380149,Belgium,Région de Bruxelles-Capitale/ Brussels Hoofdstedelijk Gewest,0,,BE,Q18380149,0
"17.199444444, -25.09275",Estádio João Serra,,,0,,,Estádio João Serra,0
"55.8417, -4.2365",Braehead Park,,,0,,,Braehead Park,0
"62.778469444, 22.815588888",OmaSp Stadion,Finland,Länsi-Suomi,134.3727,5817.0,FI,OmaSp Stadion,13.43727
"50.041106944, 15.770401944",Stadion Arnošta Košťála,Czechia,Severovýchod,0,,CZ,Stadion Arnošta Košťála,0
"52.73231667, 6.99111111",Sportpark De Planeet,Netherlands,Drenthe,0,,NL,Sportpark De Planeet,0
"15.038930555, -24.333791666",Estádio Francisco José Rodrigues,,,23.485,1220.0,,Estádio Francisco José Rodrigues,2.3485
"1.633458269, 7.415458817",Q86738090,,,19.25,1000.0,,Q86738090,1.925
"1.633458269, 7.415458817",Q86738090,,,19.25,1000.0,,Q86738090,1.925
"51.56005, 0.09132",Cricklefield Stadium,,,0,,,Cricklefield Stadium,0
"1.633458269, 7.415458817",Q86738090,,,19.25,1000.0,,Q86738090,1.925
"40.9875, 29.036666666",Şükrü Saracoğlu Stadium,,,1945.405,50530.0,,Şükrü Saracoğlu Stadium,194.5405
"25.330538, 51.341279",Ahmad bin Ali Stadium,,,1722.49,44740.0,,Ahmad bin Ali Stadium,172.249
"-8.106655, -79.030977",Estadio Mansiche,,,702.24,24000.0,,Estadio Mansiche,70.224
"37.865389, 32.483278",Konya Atatürk Stadium,TR,"Konya, Karaman",642.78368,21968.0,TR,Konya Atatürk Stadium,64.278368
"33.469444, -112.096667",Arizona Veterans Memorial Coliseum,,,343.497,14870.0,,Arizona Veterans Memorial Coliseum,34.3497
"51.4161, -0.676944",Ascot Racecourse,,,0,,,Ascot Racecourse,0
"33.807777777, -117.876666666",Honda Center,,,502.51124,17174.0,,Honda Center,50.251124
"20.105144, -98.756114",Gorda hilda,,,877.8,30000.0,,Gorda hilda,87.78
"-12.067138888, -77.033722222",National Stadium of Peru,,,1658.811,43086.0,,National Stadium of Peru,165.8811
"10.491278, -66.885492",Estadio Olímpico,,,728.574,24900.0,,Estadio Olímpico,72.8574
"15.598392, 32.515603",Khartoum Stadium,,,877.8,30000.0,,Khartoum Stadium,87.78
"15.598392, 32.515603",Khartoum Stadium,,,877.8,30000.0,,Khartoum Stadium,87.78
"33.445833333, -112.071388888",Mortgage Matchup Center,,,556.61298,19023.0,,Mortgage Matchup Center,55.661298
"33.585555555, 35.384722222",Saida Municipal Stadium,,,661.276,22600.0,,Saida Municipal Stadium,66.1276
"23.573055555, 58.399444444",Sultan Qaboos Sports Complex,,,994.84,34000.0,,Sultan Qaboos Sports Complex,99.484
"16.26888, -61.50881",Stade René Serge Nabajoth,France,Guadeloupe,173.25,7500.0,FR,Stade René Serge Nabajoth,17.325
"19.61778889, 37.2119",Stade Port Sudan,,,161.7,7000.0,,Stade Port Sudan,16.17
"-15.83691, -70.022028",Estadio E. Torres Belón,,,585.2,20000.0,,Estadio E. Torres Belón,58.52
"-15.83691, -70.022028",Estadio E. Torres Belón,,,577.5,25000.0,,Estadio E. Torres Belón,57.75
"31.985, 35.903",Amman International Stadium,,,731.5,25000.0,,Amman International Stadium,73.15
"-4.27352778, 15.24841667",Stade Alphonse Massemba-Débat,,,966.66262,33037.0,,Stade Alphonse Massemba-Débat,96.666262
"31.92749977, 35.95305634",King Abdullah Stadium,,,585.2,20000.0,,King Abdullah Stadium,58.52
"23.6189, 58.2168",Al-Seeb Stadium,,,323.4,14000.0,,Al-Seeb Stadium,32.34
"32.5375, 35.860278",Al-Hassan Stadium,,,438.9,15000.0,,Al-Hassan Stadium,43.89
"32.5375, 35.860278",Al-Hassan Stadium,,,438.9,15000.0,,Al-Hassan Stadium,43.89
"32.5375, 35.860278",Al-Hassan Stadium,,,438.9,15000.0,,Al-Hassan Stadium,43.89
"32.5375, 35.860278",Al-Hassan Stadium,,,438.9,15000.0,,Al-Hassan Stadium,43.89
"32.363317, 15.045969",Misurata Stadium,,,231,10000.0,,Misurata Stadium,23.1
"32.083333, 20.266667",Martyrs of February Stadium,,,243.705,10550.0,,Martyrs of February Stadium,24.3705
"27.50398, 41.697589",Prince Abdulaziz bin Musa'ed Sports City,,,282.975,12250.0,,Prince Abdulaziz bin Musa'ed Sports City,28.2975
"-8.150277777, 112.573888888",Kanjuruhan Stadium,,,1540,40000.0,,Kanjuruhan Stadium,154
"32.8598, 13.1358",Ajaylat Stadium,,,0,,,Ajaylat Stadium,0
"25.33225, 51.494278",Al-Markhiya Stadium,,,1540,40000.0,,Al-Markhiya Stadium,154
"17.082711, 54.143789",Al-Saada Stadium,,,277.2,12000.0,,Al-Saada Stadium,27.72
"29.321484, 47.825471",Al Salibikhaet Stadium,,,0,,,Al Salibikhaet Stadium,0
"31.0375, 30.456944",Ala'ab Damanhour Stadium,,,184.8,8000.0,,Ala'ab Damanhour Stadium,18.48
"36.200833, 37.135556",Aleppo 7 April Stadium,,,438.9,15000.0,,Aleppo 7 April Stadium,43.89
"36.200833, 37.135556",Aleppo 7 April Stadium,,,438.9,15000.0,,Aleppo 7 April Stadium,43.89
"47.226389, 22.797778",Stadionul Măgura,Romania,Nord-Vest,77,4000.0,RO,Stadionul Măgura,7.7
"33.80972, 35.65528",Amin AbdelNour Stadium,,,67.375,3500.0,,Amin AbdelNour Stadium,6.7375
"33.8025, -117.92",Anaheim Convention Center,,,0,,,Anaheim Convention Center,0
"-18.91628, 29.825019",Baghdad Stadium,,,115.5,5000.0,,Baghdad Stadium,11.55
"-25.74714, 28.20098",Caledonian Stadium,,,0,,,Caledonian Stadium,0
"38.6768612, -9.1693152",Campo de Jogos do Pragal,,,57.75,3000.0,,Campo de Jogos do Pragal,5.775
"26.088333, 44.051667",Department of Education Stadium,,,0.28875,15.0,,Department of Education Stadium,0.028875
"-8.386389, -74.539167",Estadio Aliardo Soria Pérez,,,438.9,15000.0,,Estadio Aliardo Soria Pérez,43.89
"-8.386389, -74.539167",Estadio Aliardo Soria Pérez,,,442.75,25000.0,,Estadio Aliardo Soria Pérez,44.275
"-9.940567, -76.252778",Estadio Heraclio Tapia,,,585.2,20000.0,,Estadio Heraclio Tapia,58.52
"-0.964041, -80.70293",Estadio Jocay,,,585.2,20000.0,,Estadio Jocay,58.52
"-12.1719524, -77.0274801",Estadio Municipal de Chorrillos,,,438.9,15000.0,,Estadio Municipal de Chorrillos,43.89
"32.859722, 13.136944",GMR Stadium,,,585.2,20000.0,,GMR Stadium,58.52
"-34.7587, -58.1971",Estadio Norman Lee,,,127.05,5500.0,,Estadio Norman Lee,12.705
"9.030676566, -79.498604857",Q5847796,,,19.25,1000.0,,Q5847796,1.925
"-38.93673, -69.22112",Q5847880,,,482.79,16500.0,,Q5847880,48.279
"36.3007, 59.59036389",Takhti Stadium (Mashhad),,,438.9,15000.0,,Takhti Stadium (Mashhad),43.89
"13.9512, 100.625",Thupatemee Stadium,,,731.5,25000.0,,Thupatemee Stadium,73.15
"35.1111, -106.637",Menaul School,,,0,,,Menaul School,0
"-37.846667, 144.856944",Paisley Park Soccer Complex,,,115.5,5000.0,,Paisley Park Soccer Complex,11.55
"-37.846667, 144.856944",Paisley Park Soccer Complex,,,115.5,5000.0,,Paisley Park Soccer Complex,11.55
"31.981667, 35.903889",Petra Stadium,,,115.5,5000.0,,Petra Stadium,11.55
"41.0886, -81.5225",St. Vincent–St. Mary High School,,,0,,,St. Vincent–St. Mary High School,0
"17.68865, 33.97422",Stade Al-Amal Atbara,,,0,,,Stade Al-Amal Atbara,0
"18.73333333, 7.38333333",Stade d'Arlit,,,161.7,7000.0,,Stade d'Arlit,16.17
"32.0824, 23.9845",Tobruk Stadium,,,0,,,Tobruk Stadium,0
"28.5188, -81.4198",Warden Stadium,,,0,,,Warden Stadium,0
"31.3112, 118.376",Wuhu Olympic Stadium,,,1540,40000.0,,Wuhu Olympic Stadium,154
"31.3112, 118.376",Wuhu Olympic Stadium,,,1524.6,60000.0,,Wuhu Olympic Stadium,152.46
"34.869722, 135.803889",Yamashiro Park Taiyogaoka Stadium,,,161.7,7000.0,,Yamashiro Park Taiyogaoka Stadium,16.17
"-12.05972, -77.11995",Estadio Miguel Grau,,,438.9,15000.0,,Estadio Miguel Grau,43.89
"-11.413866, -75.683442",Union Tarma Stadium,,,161.7,7000.0,,Union Tarma Stadium,16.17
"-11.1875, -37.992778",Q9255171,,,161.7,7000.0,,Q9255171,16.17
"-9.919722, -37.2725",Q9255186,,,77,4000.0,,Q9255186,7.7
"-22.876111, -48.448611",Q9255213,,,57.75,3000.0,,Q9255213,5.775
"-10.220611, -36.840172",Q9255306,,,77,4000.0,,Q9255306,7.7
"-7.945819, -34.888136",Ademir Cunha Stadium,,,77,4000.0,,Ademir Cunha Stadium,7.7
"-20.941944, -48.493611",Estádio Municipal Sócrates Stamato,,,246.1767,10657.0,,Estádio Municipal Sócrates Stamato,24.61767
"12.86527778, 45.0125",May 22 Stadium,,,877.8,30000.0,,May 22 Stadium,87.78
"-12.544360873, -55.742873745",Q10276918,,,0,,,Q10276918,0
"-22.999138888, -44.305666666",Jair Carneiro Toscano de Brito Stadium,,,0,,,Jair Carneiro Toscano de Brito Stadium,0
"-23.47060278, -46.55214444",Antônio Soares de Oliveira Municipal Stadium,,,0,,,Antônio Soares de Oliveira Municipal Stadium,0
"23.72536944, 90.42946389",Bir Shreshtha Shaheed Shipahi Mostafa Kamal Stadium,,,184.8,8000.0,,Bir Shreshtha Shaheed Shipahi Mostafa Kamal Stadium,18.48
"-6.85415079, 39.27325969",Chamazi Stadium,,,231,10000.0,,Chamazi Stadium,23.1
"37.0478, 41.2206",Qamishli 7 April Stadium,,,0,,,Qamishli 7 April Stadium,0
"17.02125, -25.076805555",Estádio Municipal do Porto Novo,,,48.125,2500.0,,Estádio Municipal do Porto Novo,4.8125
"18.191638888, -73.754666666",Parc de Foot Land des Gabions des Cayes,,,38.5,2000.0,,Parc de Foot Land des Gabions des Cayes,3.85
"15.895419, 104.611994",Amnat Charoen Province Stadium,,,0,,,Amnat Charoen Province Stadium,0
"14.629167, 100.451583",Ang Thong Province Stadium,,,0,,,Ang Thong Province Stadium,0
"-11.02979, -68.73639",Q56349556,,,38.5,2000.0,,Q56349556,3.85
"40.181388888, 44.514444444",Yerevan,,,0,,,Yerevan,0
"54.782777777, 32.045277777",Smolensk,,,0,,,Smolensk,0
"59.951944, 30.286389",Petrovsky Stadium,,,629.20704,21504.0,,Petrovsky Stadium,62.920704
"34.200099, 43.884619",Samarra Stadium,,,0,,,Samarra Stadium,0
"54.483333333, 53.483333333",Oktyabrsky,,,0,,,Oktyabrsky,0
"38.036111111, 23.7875",Olympic Stadium in Athens,Greece,Attica,2680.293,69618.0,Greece,Olympic Stadium in Athens,268.0293
"43.238331, 76.92435",Almaty Central Stadium,,,696.50504,23804.0,,Almaty Central Stadium,69.650504
"43.023056, 44.695",Republican Spartak Stadium,,,949.89664,32464.0,,Republican Spartak Stadium,94.989664
"43.780822, 11.282258",Stadio Artemio Franchi,Italy,Toscana,1668.0125,43325.0,IT,Stadio Artemio Franchi,166.80125
"40.410986, 49.897711",ASK Arena,,,187.6875,8125.0,,ASK Arena,18.76875
"51.537, -0.038",Victoria Park,,,0,,,Victoria Park,0
"15.41194444, 44.20144722",Althawra Sports City Stadium,,,877.8,30000.0,,Althawra Sports City Stadium,87.78
"37.987169444, 23.754194444",Apostolos Nikolaidis Stadium,Greece,Attica,468.24778,16003.0,Greece,Apostolos Nikolaidis Stadium,46.824778
"57.990694, 56.244636",Zvezda,,,346.4769,14999.0,,Zvezda,34.64769
"47.895118, 33.392462",Metalurh Stadium,,,870.01684,29734.0,,Metalurh Stadium,87.001684
"37.92805556, 58.35027778",Ashgabat Stadium,,,585.2,20000.0,,Ashgabat Stadium,58.52
"51.108056, 71.401667",Astana Arena,,,877.8,30000.0,,Astana Arena,87.78
"-19.032322, -65.257912",Estadio Olímpico Patria,,,898.282,30700.0,,Estadio Olímpico Patria,89.8282
"40.171426, 44.449938",Urartu Stadium,,,115.5,5000.0,,Urartu Stadium,11.55
"23.72801, 90.41353","National Stadium, Dhaka",,,1053.36,36000.0,,"National Stadium, Dhaka",105.336
"40.0146, 18.1555",Stadio Giuseppe Capozza,Italy,Puglia,143.22,6200.0,IT,Stadio Giuseppe Capozza,14.322
"16.971215252, -88.22133944",Carl Ramos Stadium,,,67.375,3500.0,,Carl Ramos Stadium,6.7375
"56.95516667, 24.15886111",Daugava Stadium,Latvia,Latvija,241.6491,10461.0,LV,Daugava Stadium,24.16491
"-38.017944, -57.582333",José María Minella Stadium,,,1931.93,50180.0,,José María Minella Stadium,193.193
"3.725, 8.769167",Malabo Stadium,,,446.215,15250.0,,Malabo Stadium,44.6215
"22.154523, 113.553266",Estádio Campo Desportivo,,,468.16,16000.0,,Estádio Campo Desportivo,46.816
"56.894297, 60.578786",Uralmash Stadium,,,231,10000.0,,Uralmash Stadium,23.1
"-6.996667, 107.529722",Si Jalak Harupat Stadium,,,790.02,27000.0,,Si Jalak Harupat Stadium,79.002
"46.468389, 30.748444",Spartak Stadium,,,92.4,4800.0,,Spartak Stadium,9.24
"32.01222, 44.3275",An-Najaf Stadium,,,0,,,An-Najaf Stadium,0
"55.874667, 26.550619",Celtnieks Stadium,Latvia,Latvija,115.5,5000.0,LV,Celtnieks Stadium,11.55
"54.151667, -4.501667",The Bowl,,,57.75,3000.0,,The Bowl,5.775
"57.3873, 21.5704",Ventspils Olimpiskais Stadions,Latvia,Latvija,61.6,3200.0,LV,Ventspils Olimpiskais Stadions,6.16
"4.843056, 31.615833",Juba Stadium,,,438.9,15000.0,,Juba Stadium,43.89
"31.8475, 35.230278",Faisal Al-Husseini International Stadium,,,288.75,12500.0,,Faisal Al-Husseini International Stadium,28.875
"38.58590556, 68.76951111",Pamir Stadium,,,702.24,24000.0,,Pamir Stadium,70.224
"56.502952, 20.995424",Daugava Stadium,,,115.6848,5008.0,,Daugava Stadium,11.56848
"51.661944, -0.272222",Meadow Park,,,86.6635,4502.0,,Meadow Park,8.66635
"40.268409, 44.635241",Abovyan City Stadium,,,75.9605,3946.0,,Abovyan City Stadium,7.59605
"39.544091, 54.349521",Balkanabat Stadium,,,231,10000.0,,Balkanabat Stadium,23.1
"5.668611, -67.618611",Estadio Antonio José de Sucre,,,231,10000.0,,Estadio Antonio José de Sucre,23.1
"31.835369, 47.126943",Maysan Stadium,,,0,,,Maysan Stadium,0
"33.420768, 43.321753",Al Ramadi Stadium,,,0,,,Al Ramadi Stadium,0
"59.2138, 39.885",Dinamo stadium (Vologda),,,205.59,8900.0,,Dinamo stadium (Vologda),20.559
"54.7186, 55.9387",Dynamo Stadium,,,134.1648,5808.0,,Dynamo Stadium,13.41648
"34.261632, 133.78592",Kagawa Marugame Stadium,,,880.69674,30099.0,,Kagawa Marugame Stadium,88.069674
"22.2498, 114.172",Aberdeen Sports Ground,,,207.9,9000.0,,Aberdeen Sports Ground,20.79
"59.9528, 30.2821",Petrovsky (small arena),,,0,,,Petrovsky (small arena),0
"54.7839, 32.035",Spartak Stadium in Smolensk,,,0,,,Spartak Stadium in Smolensk,0
"55.7572, 37.8497",Start,,,38.5,2000.0,,Start,3.85
"55.0952, 36.6026",Q4464290,,,0,,,Q4464290,0
"54.9213, 37.4218",Q4464293,,,0,,,Q4464293,0
"53.2364, 50.2286",Q4502965,,,0,,,Q4502965,0
"30.0199, 31.3737",30 June Stadium,,,877.8,30000.0,,30 June Stadium,87.78
"29.122032639, 48.118284903",Abu Halifa City Stadium,,,0,,,Abu Halifa City Stadium,0
"36.50377, 40.74105",Al-Hasakah Municipal Stadium,,,731.5,25000.0,,Al-Hasakah Municipal Stadium,73.15
"55.98333333, 37.22444444",Angstrem Stadium,,,59.0975,3070.0,,Angstrem Stadium,5.90975
"35.76823611, 51.40159444",Ararat Stadium,,,0,,,Ararat Stadium,0
"-23.489556, -47.449056",Estádio Municipal Walter Ribeiro,,,316.9782,13722.0,,Estádio Municipal Walter Ribeiro,31.69782
"29.092772222, 48.117591666",Fahaheel Stadium,,,0,,,Fahaheel Stadium,0
"48.3867, -89.2636",Fort William Stadium,,,67.375,3500.0,,Fort William Stadium,6.7375
"35.11724, 36.76216",Hama Municipal Stadium,,,585.2,20000.0,,Hama Municipal Stadium,58.52
"32.565082, 44.00424",Karbala Stadium,,,0,,,Karbala Stadium,0
"29.281927777, 47.981152777",Khaitan Stadium,,,0,,,Khaitan Stadium,0
"1.458653, 124.835764",Klabat Stadium,,,231,10000.0,,Klabat Stadium,23.1
"18.191086, -67.155794",Mayagüez Athletics Stadium,,,277.2,12000.0,,Mayagüez Athletics Stadium,27.72
"48.040277777, 17.320833333",Pomlé Stadium,Slovakia,Západné Slovensko,37.5375,1950.0,SK,Pomlé Stadium,3.75375
"38.39465, -81.581869444",Schoenbaum Stadium,,,0,,,Schoenbaum Stadium,0
"56.509502, 27.3406363",Sporta Aģentūras Stadions,Latvia,Latvija,18.8265,978.0,LV,Sporta Aģentūras Stadions,1.88265
"56.509502, 27.3406363",Sporta Aģentūras Stadions,Latvia,Latvija,18.8265,978.0,LV,Sporta Aģentūras Stadions,1.88265
"12.1001, -68.9065",Stadion dr. Antoine Maduro,,,67.375,3500.0,,Stadion dr. Antoine Maduro,6.7375
"12.1001, -68.9064",Stadion dr. Antoine Maduro,,,67.375,3500.0,,Stadion dr. Antoine Maduro,6.7375
"12.1001, -68.9065",Stadion dr. Antoine Maduro,,,69.3,6000.0,,Stadion dr. Antoine Maduro,6.93
"12.1001, -68.9064",Stadion dr. Antoine Maduro,,,69.3,6000.0,,Stadion dr. Antoine Maduro,6.93
"39.0951, 63.5834",Türkmenabat Stadium,,,231,10000.0,,Türkmenabat Stadium,23.1
"34.2776, -119.232",Ventura College,,,0,,,Ventura College,0
"32.051, 118.769",Wutaishan Stadium,,,544.236,18600.0,,Wutaishan Stadium,54.4236
"-19.819167, -40.276389",Q9255234,,,231,10000.0,,Q9255234,23.1
"-11.738411, -49.092714",Q9255262,,,138.6,6000.0,,Q9255262,13.86
"-15.879439, -48.088719",Q9255289,,,231,10000.0,,Q9255289,23.1
"-7.945819, -34.888136",Ademir Cunha Stadium,,,77,4000.0,,Ademir Cunha Stadium,7.7
"7.717225, 27.991408",Wau Stadium,,,0,,,Wau Stadium,0
"-21.466880631, -49.232135227",Estádio Jorge Ismael de Biasi,,,0,,,Estádio Jorge Ismael de Biasi,0
"-6.88333, 109.666",Hoegeng Stadium,,,585.2,20000.0,,Hoegeng Stadium,58.52
"55.82778, 37.32611",Zorky Stadium,,,184.8,8000.0,,Zorky Stadium,18.48
"-6.85415079, 39.27325969",Chamazi Stadium,,,231,10000.0,,Chamazi Stadium,23.1
"41.10192, 16.68687",Q20009816,Italy,Puglia,48.125,2500.0,IT,Q20009816,4.8125
"53.87717819, -1.71943057",Nethermoor Park,,,80.85,4200.0,,Nethermoor Park,8.085
"13.521677, 99.769588",Ratchaburi Stadium,,,0,,,Ratchaburi Stadium,0
"42.967333333, -9.185277777",Q25511558,Spain,Galicia,0,,ES,Q25511558,0
"54.528333333, 36.173611111",Q27997018,,,0,,,Q27997018,0
"-22.023944444, -63.684",Q30113042,,,0,,,Q30113042,0
"56.846111111, 60.598888888",Dynamo stadium in Yekaterinburg,,,147.84,6400.0,,Dynamo stadium in Yekaterinburg,14.784
"-7.415926, 109.250706",Satria Stadium,,,0,,,Satria Stadium,0
"51.859888888, -2.262916666",Meadow Park,,,0,,,Meadow Park,0
"1.633458269, 7.415458817",Q86738090,,,19.25,1000.0,,Q86738090,1.925
"1.633458269, 7.415458817",Q86738090,,,19.25,1000.0,,Q86738090,1.925
"42.439467785, 11.215345475",Stadio Ottorino Vezzosi,Italy,Toscana,0,,IT,Stadio Ottorino Vezzosi,0
"-36.815278, -73.023333",Estadio Ester Roa Rebolledo,,,883.652,30200.0,,Estadio Ester Roa Rebolledo,88.3652
"14.7107147, -17.4584434",Stade Demba Diop,,,438.9,15000.0,,Stade Demba Diop,43.89
"16.971215252, -88.22133944",Carl Ramos Stadium,,,67.375,3500.0,,Carl Ramos Stadium,6.7375
"-12.946636, -38.417019",Estádio de Pituaçu,,,940.91382,32157.0,,Estádio de Pituaçu,94.091382
"9.035833, -79.469444",Estadio Rommel Fernández,,,936.32,32000.0,,Estadio Rommel Fernández,93.632
"32.859869, 13.135878",Stadium Salto International,,,2040.5,53000.0,,Stadium Salto International,204.05
"32.859869, 13.135878",Stadium Salto International,,,2052.05,65000.0,,Stadium Salto International,205.205
"32.859869, 13.135878",Stadium Salto International,,,2063.6,67000.0,,Stadium Salto International,206.36
"-17.54, -149.552",Stade Pater Te Hono Nui,,,438.9,15000.0,,Stade Pater Te Hono Nui,43.89
"4.05556, 9.71861",Stade de la Réunification,,,877.8,30000.0,,Stade de la Réunification,87.78
"-33.961944, 18.516667",Athlone Stadium,,,994.84,34000.0,,Athlone Stadium,99.484
"5.32825, -4.018417",Felix Houphouet Boigny Stadium,,,994.84,34000.0,,Felix Houphouet Boigny Stadium,99.484
"5.32825, -4.018417",Felix Houphouet Boigny Stadium,,,1001,50000.0,,Felix Houphouet Boigny Stadium,100.1
"48.30616, 4.0982",Stade de l'Aube,France,Champagne-Ardenne,596.904,20400.0,FR,Stade de l'Aube,59.6904
"11.558361, 104.912083",Olympic Stadium,,,1925,50000.0,,Olympic Stadium,192.5
"45.563055555, -73.5525",Saputo Stadium,,,574.05194,19619.0,,Saputo Stadium,57.405194
"-18.9197, 47.5262",Mahamasina Municipal Stadium,,,643.72,22000.0,,Mahamasina Municipal Stadium,64.372
"14.62102, -60.98772",Stade Omnisports,France,Martinique,231,10000.0,FR,Stade Omnisports,23.1
"-4.77777778, 11.86666667",Stade Municipal,,,314.0214,13594.0,,Stade Municipal,31.40214
"48.93728, 2.05869",Léo-Lagrange stadium,France,Ile-de-France,67.375,3500.0,FR,Léo-Lagrange stadium,6.7375
"-20.130895, 28.569624",Barbourfields Stadium,,,1540,40000.0,,Barbourfields Stadium,154
"-34.7155, -58.249",Estadio de la Barranca Dr.Isidoro Iriarte (Argentino de Quilmes),,,161.7,7000.0,,Estadio de la Barranca Dr.Isidoro Iriarte (Argentino de Quilmes),16.17
"9.54586111, -13.67291667",Stade du 28 Septembre,,,731.5,25000.0,,Stade du 28 Septembre,73.15
"32.728611111, -16.773333333",Machico Municipal Stadium,Portugal,Região Autónoma da Madeira,63.525,3300.0,PT,Machico Municipal Stadium,6.3525
"34.729861, 36.697917",Homs Municipal Stadium,,,936.32,32000.0,,Homs Municipal Stadium,93.632
"1.310016, 103.860347",Jalan Besar Stadium,,,184.8,8000.0,,Jalan Besar Stadium,18.48
"23.6189, 58.2168",Al-Seeb Stadium,,,323.4,14000.0,,Al-Seeb Stadium,32.34
"23.6189, 58.2168",Al-Seeb Stadium,,,323.4,14000.0,,Al-Seeb Stadium,32.34
"14.435241, -11.439925",Stade Abdoulaye Nakoro Cissoko,,,277.2,12000.0,,Stade Abdoulaye Nakoro Cissoko,27.72
"-20.078889, 57.6",Stade Anjalay,,,526.68,18000.0,,Stade Anjalay,52.668
"-20.078889, 57.6",Stade Anjalay,,,526.68,18000.0,,Stade Anjalay,52.668
"35.679167, -0.675278",Habib Bouakeul Stadium,,,585.2,20000.0,,Habib Bouakeul Stadium,58.52
"14.042669444, -88.967897222",Estadio José Gregorio Martínez,,,438.9,15000.0,,Estadio José Gregorio Martínez,43.89
"43.92391, 2.16393",Stade Maurice Rigaud,France,Midi-Pyrénées,57.75,3000.0,FR,Stade Maurice Rigaud,5.775
"14.5675, -90.73805556",Estadio Pensativo,,,231,10000.0,,Estadio Pensativo,23.1
"47.65654, 6.85463",Stade Roger Serzian,France,Franche-Comté,127.05,5500.0,FR,Stade Roger Serzian,12.705
"50.464167, 4.860833",Stade communal de Namur,Belgium,Prov. Namur,67.375,3500.0,BE,Stade communal de Namur,6.7375
"41.675344, 13.580449",Conte Arduino Mangoni,Italy,Lazio,60.06,3120.0,IT,Conte Arduino Mangoni,6.006
"29.27194444, 47.92444444",Ali Al-Salem Al-Sabah Stadium,,,231,10000.0,,Ali Al-Salem Al-Sabah Stadium,23.1
"32.5375, 35.860278",Al-Hassan Stadium,,,438.9,15000.0,,Al-Hassan Stadium,43.89
"30.055634, 31.304265",Sekka El Hadeed Stadium,,,0,,,Sekka El Hadeed Stadium,0
"36.85187, 42.996154",Al Naft Stadium,,,,,,Al Naft Stadium,66.7128
"17.082711, 54.143789",Al-Saada Stadium,,,277.2,12000.0,,Al-Saada Stadium,27.72
"14.7919, 42.9591",Al Ulufi Stadium,,,0,,,Al Ulufi Stadium,0
"-22.88980833, -42.04000556",Correão,,,0,,,Correão,0
"-8.386389, -74.539167",Estadio Aliardo Soria Pérez,,,438.9,15000.0,,Estadio Aliardo Soria Pérez,43.89
"-8.386389, -74.539167",Estadio Aliardo Soria Pérez,,,442.75,25000.0,,Estadio Aliardo Soria Pérez,44.275
"-25.3206047, -57.6363959",Estadio Bernabé Pedrozo,,,80.85,4200.0,,Estadio Bernabé Pedrozo,8.085
"40.898239, -8.499072",Estádio Conde Dias Garcia,Portugal,Norte,196.35,8500.0,PT,Estádio Conde Dias Garcia,19.635
"-19.395, -40.06388889",Estádio Joaquim Calmon,,,38.5,2000.0,,Estádio Joaquim Calmon,3.85
"-16.346347, -48.955761",Estádio Jonas Duarte,,,585.2,20000.0,,Estádio Jonas Duarte,58.52
"-16.346499, -48.955584",Estádio Jonas Duarte,,,585.2,20000.0,,Estádio Jonas Duarte,58.52
"-9.970278, -67.8075",Estádio José de Melo,,,184.8,8000.0,,Estádio José de Melo,18.48
"-9.970278, -67.8075",Estádio José de Melo,,,184.8,8000.0,,Estádio José de Melo,18.48
"-9.970278, -67.8075",Estádio José de Melo,,,184.8,8000.0,,Estádio José de Melo,18.48
"11.860203, -15.586389",Estádio Lino Correia,,,277.2,12000.0,,Estádio Lino Correia,27.72
"16.753258333, -22.938833333",Estádio Marcelo Leitão,,,28.875,1500.0,,Estádio Marcelo Leitão,2.8875
"-16.2466, -47.9411",Estádio Zequinha Roriz,,,643.72,22000.0,,Estádio Zequinha Roriz,64.372
"32.859722, 13.136944",GMR Stadium,,,585.2,20000.0,,GMR Stadium,58.52
"-25.279107, -57.627501",Q5848298,,,77,4000.0,,Q5848298,7.7
"55.9569, -3.15861",Meadowbank Stadium,,,173.25,7500.0,,Meadowbank Stadium,17.325
"31.981667, 35.903889",Petra Stadium,,,115.5,5000.0,,Petra Stadium,11.55
"25.886929, 45.368021",Prince Salman Bin Abdulaziz Sport City Stadium,,,161.7,7000.0,,Prince Salman Bin Abdulaziz Sport City Stadium,16.17
"-3.36888889, 36.68583333",Sheikh Amri Abeid Memorial Stadium,,,585.2,20000.0,,Sheikh Amri Abeid Memorial Stadium,58.52
"24.334584, 56.743017",Sohar Regional Sports Complex,,,555.94,19000.0,,Sohar Regional Sports Complex,55.594
"17.68865, 33.97422",Stade Al-Amal Atbara,,,0,,,Stade Al-Amal Atbara,0
"14.72743, -17.28088",Stade Ngalandou Diouf,,,173.25,7500.0,,Stade Ngalandou Diouf,17.325
"-1.978106, 30.044125",Stade Régional Nyamirambo,,,643.72,22000.0,,Stade Régional Nyamirambo,64.372
"14.7105, -17.458",Stade de ASC HLM,,,0,,,Stade de ASC HLM,0
"15.6236, 32.4775",Stade de Omdurman,,,323.4,14000.0,,Stade de Omdurman,32.34
"22.5277, 59.4735",Sur Sports Complex,,,438.9,15000.0,,Sur Sports Complex,43.89
"-20.797222, -49.358889",Teixeirão,,,1065.82476,36426.0,,Teixeirão,106.582476
"42.280555555, 43.271944444",Temur Maghradze Stadium,,,269.115,11650.0,,Temur Maghradze Stadium,26.9115
"0.000691666, -51.080825",Milton de Souza Corrêa Stadium,,,59.675,3100.0,,Milton de Souza Corrêa Stadium,5.9675
"32.924, 12.1016",Zuwara Stadium,,,0,,,Zuwara Stadium,0
"-12.784444, -38.402222",Q9255217,,,115.5,5000.0,,Q9255217,11.55
"-5.160756, -38.095008",Q9255311,,,115.5,5000.0,,Q9255311,11.55
"-26.22491389, -51.08263333",Q9255355,,,277.2,12000.0,,Q9255355,27.72
"-19.53888889, -40.63888889",Q9255419,,,277.2,12000.0,,Q9255419,27.72
"12.86527778, 45.0125",May 22 Stadium,,,877.8,30000.0,,May 22 Stadium,87.78
"-4.22423, -44.77701",Q10277045,,,0,,,Q10277045,0
"-3.745833, -38.536667",Estádio Presidente Vargas,,,602.756,20600.0,,Estádio Presidente Vargas,60.2756
"-3.745833, -38.536667",Estádio Presidente Vargas,,,602.756,20600.0,,Estádio Presidente Vargas,60.2756
"9.898888888, -83.675833333",Estadio Rafael Ángel Camacho,,,86.625,4500.0,,Estadio Rafael Ángel Camacho,8.6625
"35.6286, 5.9117",Stade Abderrahmene Bensaci,,,231,10000.0,,Stade Abderrahmene Bensaci,23.1
"35.631, 5.908",Stade Abderrahmene Bensaci,,,231,10000.0,,Stade Abderrahmene Bensaci,23.1
"45.51131, 12.63732",Stadio Armando Picchi,,,77,4000.0,,Stadio Armando Picchi,7.7
"26.007901, 32.316623",Aluminium Stadium,,,468.16,16000.0,,Aluminium Stadium,46.816
"35.2193, 4.18167",Q16658245,,,0,,,Q16658245,0
"32.5406, 36.0194",Prince Hashim Stadium,,,0,,,Prince Hashim Stadium,0
"-12.9966169, -38.5319248",Campo da Graça,,,0,,,Campo da Graça,0
"-18.915278, -40.078611",Q18483822,,,0,,,Q18483822,0
"5.00638866, 7.88611126",Godswill Akpabio International Stadium,,,0,,,Godswill Akpabio International Stadium,0
"41.282090021, -8.075706085",Estádio Municipal de Amarante,Portugal,Norte,115.5,5000.0,PT,Estádio Municipal de Amarante,11.55
"43.66953535, -7.603240915",Q25511101,Spain,Galicia,0,,ES,Q25511101,0
"-0.805361111, 8.803805555",Stade de Port-Gentil,,,585.2,20000.0,,Stade de Port-Gentil,58.52
"6.828611111, -5.246388888",Charles Konan Banny Stadium,,,585.2,20000.0,,Charles Konan Banny Stadium,58.52
"15.619722222, -16.242222222",Stade Alboury Ndiaye,,,57.75,3000.0,,Stade Alboury Ndiaye,5.775
"-23.282222, -51.165",Estádio do Café,,,1053.36,36000.0,,Estádio do Café,105.336
"52.509166666, -1.884722222",Villa Park,,,1641.64,42640.0,,Villa Park,164.164
"-23.924689, 29.468765",Peter Mokaba Stadium,,,1606.7205,41733.0,,Peter Mokaba Stadium,160.67205
"6.682681, -1.605111",Baba Yara Stadium,,,1540,40000.0,,Baba Yara Stadium,154
"19.303055555, -99.150555555",Estadio Banorte,,,5755.75,115000.0,,Estadio Banorte,575.575
"57.663888888, 11.909444444",Ruddalens IP,Sweden,Västsverige,115.5,5000.0,SE,Ruddalens IP,11.55
"50.476408, -3.523825",Plainmoor,,,150.15,6500.0,,Plainmoor,15.015
"14.098447222, -87.203958333",Estadio Nacional Jose de la Paz Herrera,,,1082.62,37000.0,,Estadio Nacional Jose de la Paz Herrera,108.262
"14.098447222, -87.203958333",Estadio Nacional Jose de la Paz Herrera,,,1082.62,37000.0,,Estadio Nacional Jose de la Paz Herrera,108.262
"-29.245183, -51.539033",Q639696,,,115.5,5000.0,,Q639696,11.55
"48.355358334, 10.876082647",Rosenaustadion,Germany,Schwaben,819.28,28000.0,DE,Rosenaustadion,81.928
"13.141861111, -61.211805555",Arnos Vale Stadium,,,526.68,18000.0,,Arnos Vale Stadium,52.668
"33.885353, -84.2484",Atlanta Silverbacks Park,,,115.5,5000.0,,Atlanta Silverbacks Park,11.55
"33.885353, -84.2484",Atlanta Silverbacks Park,,,115.5,5000.0,,Atlanta Silverbacks Park,11.55
"-33.8775, 151.193333",Wentworth Park,,,231,10000.0,,Wentworth Park,23.1
"45.708889, 9.680833",Stadio Atleti Azzurri d'Italia,Italy,Lombardia,730.037,24950.0,IT,Stadio Atleti Azzurri d'Italia,73.0037
"-35.247222, 149.104167",Australian Institute of Sport,,,0,,,Australian Institute of Sport,0
"-35.2472, 149.10417",Australian Institute of Sport,,,0,,,Australian Institute of Sport,0
"13.12, -59.605",Barbados National Stadium,,,438.9,15000.0,,Barbados National Stadium,43.89
"2.83139, -60.6606",Estádio Flamarion Vasconcelos,,,231,10000.0,,Estádio Flamarion Vasconcelos,23.1
"2.83139, -60.6606",Estádio Flamarion Vasconcelos,,,231,10000.0,,Estádio Flamarion Vasconcelos,23.1
"-6.900833, -38.566111",Q957258,,,277.2,12000.0,,Q957258,27.72
"-7.253889, -35.880833",Amigão,,,1024.1,35000.0,,Amigão,102.41
"13.917989, 100.547411",Thunderdome Stadium,,,438.9,15000.0,,Thunderdome Stadium,43.89
"62.099722, -6.736111",Svangaskarð,,,138.6,6000.0,,Svangaskarð,13.86
"12.513055555, -70.023611111",Guillermo Prospero Trinidad Stadium,,,127.05,5500.0,,Guillermo Prospero Trinidad Stadium,12.705
"-6.768333, -79.860833",Estadio Elías Aguirre,,,716.87,24500.0,,Estadio Elías Aguirre,71.687
"10.491278, -66.885492",Estadio Olímpico,,,728.574,24900.0,,Estadio Olímpico,72.8574
"30.278, -97.7496",House Park,,,150.15,6500.0,,House Park,15.015
"16.762783, -93.096369",Estadio Víctor Manuel Reyna,,,848.56926,29001.0,,Estadio Víctor Manuel Reyna,84.856926
"39.288611111, -76.618888888",Baltimore Arena,,,323.4,14000.0,,Baltimore Arena,32.34
"39.288611111, -76.618888888",Baltimore Arena,,,323.4,14000.0,,Baltimore Arena,32.34
"-20.130895, 28.569624",Barbourfields Stadium,,,1540,40000.0,,Barbourfields Stadium,154
"-23.997222, -46.271111",Estádio Municipal Antônio Fernandes,,,158.004,6840.0,,Estádio Municipal Antônio Fernandes,15.8004
"15.846856, -87.937794",Estadio Excélsior,,,182.721,7910.0,,Estadio Excélsior,18.2721
"8.8875, -79.775556",Estadio Agustín Sánchez,,,231,10000.0,,Estadio Agustín Sánchez,23.1
"49.817419, 19.054267",Stadion Miejski,Poland,Śląskie,441.12376,15076.0,PL,Stadion Miejski,44.112376
"55.4696, -4.62",Somerset Park,,,235.2735,10185.0,,Somerset Park,23.52735
"53.55491389, -2.65066111","Springfield Park, Wigan",,,277.2,12000.0,,"Springfield Park, Wigan",27.72
"-20.245833, 57.421111",Stade Germain Comarmond,,,438.9,15000.0,,Stade Germain Comarmond,43.89
"14.842502, -85.886591",Estadio Rubén Guifarro,,,115.5,5000.0,,Estadio Rubén Guifarro,11.55
"-12.067138888, -77.033722222",Estadio Nacional del Perú (1897),,,1663.2,40000.0,,Estadio Nacional del Perú (1897),166.32
"-9.554167, -35.75",Nelsão,,,231,10000.0,,Nelsão,23.1
"-7.1675, -34.872778",Almeidão,,,1540,40000.0,,Almeidão,154
"-6.910312, 107.619367",Siliwangi Stadium,,,731.5,25000.0,,Siliwangi Stadium,73.15
"52.469722, -8.869722",Astropark Ballingarry,Ireland,Southern,19.25,1000.0,IE,Astropark Ballingarry,1.925
"-6.031864, -76.964335",Estadio IPD de Moyobamba,,,115.5,5000.0,,Estadio IPD de Moyobamba,11.55
"-6.031864, -76.964335",Estadio IPD de Moyobamba,,,117.04,8000.0,,Estadio IPD de Moyobamba,11.704
"-34.974356, -71.230707",Estadio La Granja,,,185.1696,8016.0,,Estadio La Granja,18.51696
"14.307683, -88.172509",Estadio Romualdo Bueso,,,0,,,Estadio Romualdo Bueso,0
"15.571017, -87.954388",Estadio Rubén Deras,,,127.05,5500.0,,Estadio Rubén Deras,12.705
"-11.56393, -77.273216",Estadio Rómulo Shaw Cisneros,,,57.75,3000.0,,Estadio Rómulo Shaw Cisneros,5.775
"-21.774446, -48.170071",Estádio Fonte Luminosa,,,539.93478,18453.0,,Estádio Fonte Luminosa,53.993478
"-21.774446, -48.170071",Estádio Fonte Luminosa,,,546.73465,20287.0,,Estádio Fonte Luminosa,54.673465
"-6.267167, -36.513",Estádio Municipal Coronel José Bezerra,,,38.5,2000.0,,Estádio Municipal Coronel José Bezerra,3.85
"-6.267167, -36.513",Estádio Municipal Coronel José Bezerra,,,39.27,3000.0,,Estádio Municipal Coronel José Bezerra,3.927
"-22.85643, -47.18959",Estádio do Bom Retiro,,,0,,,Estádio do Bom Retiro,0
"-12.1101517, -77.0526686",Manuel Bonilla Sports Complex,,,150.15,6500.0,,Manuel Bonilla Sports Complex,15.015
"-28.4466, -65.7538",Estadio Bicentenario Ciudad de Catamarca,,,541.31,18500.0,,Estadio Bicentenario Ciudad de Catamarca,54.131
"-12.063972222, -77.130708333",Estadio Telmo Carbajo,,,115.5,5000.0,,Estadio Telmo Carbajo,11.55
"-12.063972222, -77.130708333",Estadio Telmo Carbajo,,,115.5,5000.0,,Estadio Telmo Carbajo,11.55
"-33.8845, 151.018",Jensen Oval,,,0,,,Jensen Oval,0
"37.465615, 49.455385",Sirous Ghayeghran Arena,,,277.2,12000.0,,Sirous Ghayeghran Arena,27.72
"64.11222222, -21.91277778",Kórinn fjölnota knatthús,Iceland,Ísland,0,,IS,Kórinn fjölnota knatthús,0
"-24.3049, 29.6234",Ngwana Mohube Sports Ground,,,0,,,Ngwana Mohube Sports Ground,0
"59.75194444, 18.6975",Norrtälje Sportcentrum,Sweden,Stockholm,0,,SE,Norrtälje Sportcentrum,0
"33.521433, -82.229356",Patriots Park,,,0,,,Patriots Park,0
"30.5092, -97.6956",Round Rock High School,,,0,,,Round Rock High School,0
"-28.311389, -54.265833",Estádio da Zona Sul,,,184.8,8000.0,,Estádio da Zona Sul,18.48
"39.5, -74.8731",St. Augustine College Preparatory School,,,0,,,St. Augustine College Preparatory School,0
"6.5683, 2.6503",Stade Municipal de Avrankou,,,115.5,5000.0,,Stade Municipal de Avrankou,11.55
"39.3874, -76.6171",SECU Arena,,,120.12,5200.0,,SECU Arena,12.012
"-21.268947, -50.331394",Estádio Municipal Pedro Marin Berbel,,,280.6419,12149.0,,Estádio Municipal Pedro Marin Berbel,28.06419
"-9.643056, -36.210833",Q9255507,,,23.1,1200.0,,Q9255507,2.31
"-10.921389, -37.672222",Q9255515,,,138.6,6000.0,,Q9255515,13.86
"-22.50276944, -43.19970833",Q10276813,,,0,,,Q10276813,0
"-22.418155938, -47.556510494",Estádio Benito Agnelo Castellano,,,0,,,Estádio Benito Agnelo Castellano,0
"-8.276658, -35.026561",Q10276978,,,115.5,5000.0,,Q10276978,11.55
"-22.40000278, -42.98128056",Q10277023,,,0,,,Q10277023,0
"-22.8952771, -49.6251433",Estádio Municipal Leônidas Camarinha,,,138.6,6000.0,,Estádio Municipal Leônidas Camarinha,13.86
"-8.1225, -35.281111",Q10277290,,,184.8,8000.0,,Q10277290,18.48
"-6.863611, -35.490556",Q10277295,,,138.6,6000.0,,Q10277295,13.86
"1.005, -60.1589",Q10277339,,,28.875,1500.0,,Q10277339,2.8875
"17.96852778, 102.60791667",Laos National Stadium,,,438.9,15000.0,,Laos National Stadium,43.89
"17.9686, 102.608",Laos National Stadium,,,438.9,15000.0,,Laos National Stadium,43.89
"-23.073889, -52.468056",Estádio Waldemiro Wagner,,,731.5,25000.0,,Estádio Waldemiro Wagner,73.15
"15.2625, -87.5553",Estadio Milton Flores,,,0,,,Estadio Milton Flores,0
"47.611083333, 21.350444444",Batthyány utcai Sportpálya,Hungary,Észak-Alföld,0,,HU,Batthyány utcai Sportpálya,0
"-8.10433, 156.842",John F. Kennedy Stadium,,,38.5,2000.0,,John F. Kennedy Stadium,3.85
"-37.5798, 143.834",Ballarat Regional Soccer Facility,,,0,,,Ballarat Regional Soccer Facility,0
"35.9847, -77.5089",Cedar Lane,,,0,,,Cedar Lane,0
"15.267347222, -23.7455",Estádio de Mangue,,,0,,,Estádio de Mangue,0
"40.005388888, 3.852472222",Camp Municipal de Sant Antoni,Spain,Illes Balears,32.725,1700.0,ES,Camp Municipal de Sant Antoni,3.2725
"40.9875, 29.036666666",Şükrü Saracoğlu Stadium,,,1945.405,50530.0,,Şükrü Saracoğlu Stadium,194.5405
"43.30197222, -5.68984167",Estadio Ganzábal,Spain,Principado de Asturias,77.462,4024.0,ES,Estadio Ganzábal,7.7462
"51.537, -0.038",Victoria Park,,,0,,,Victoria Park,0
"25.055569, -77.358736",Thomas Robinson Stadium,,,439.57298,15023.0,,Thomas Robinson Stadium,43.957298
"42.071694, -88.209456",Now Arena,,,259.1358,11218.0,,Now Arena,25.91358
"42.071694, -88.209456",Now Arena,,,259.1358,11218.0,,Now Arena,25.91358
"20.681667, -103.462778",Estadio Akron,,,1957.725,50850.0,,Estadio Akron,195.7725
"-22.890916666, -43.228252777",Estádio São Januário,,,731.5,25000.0,,Estádio São Januário,73.15
"-19.032322, -65.257912",Estadio Olímpico Patria,,,898.282,30700.0,,Estadio Olímpico Patria,89.8282
"22.2728, 114.182",Happy Valley Racecourse,,,0,,,Happy Valley Racecourse,0
"13.7375, 100.525833",Chulalongkorn University Stadium,,,585.2,20000.0,,Chulalongkorn University Stadium,58.52
"42.476389, 1.487667",Estadi Comunal d'Aixovall,,,19.25,1000.0,,Estadi Comunal d'Aixovall,1.925
"-18.15007222, 178.44908611",National Stadium,,,731.5,25000.0,,National Stadium,73.15
"41.764722222, -87.806111111",SeatGeek Stadium,,,585.2,20000.0,,SeatGeek Stadium,58.52
"-35.25, 149.102777777",Canberra Stadium,,,731.82186,25011.0,,Canberra Stadium,73.182186
"-35.25, 149.102777777",Canberra Stadium,,,731.82186,25011.0,,Canberra Stadium,73.182186
"55.9413, -4.72681",Cappielow,,,267.7059,11589.0,,Cappielow,26.77059
"-2.530556, 140.723611",Mandala Stadium,,,877.8,30000.0,,Mandala Stadium,87.78
"37.9561, -121.296",Adventist Health Arena,,,272.58,11800.0,,Adventist Health Arena,27.258
"42.011739, -4.516136",Estadio Nueva Balastera,Spain,Castilla y León,186.417,8070.0,ES,Estadio Nueva Balastera,18.6417
"10.491278, -66.885492",Estadio Olímpico,,,728.574,24900.0,,Estadio Olímpico,72.8574
"-33.961944, 18.516667",Athlone Stadium,,,994.84,34000.0,,Athlone Stadium,99.484
"-3.743611, -73.252778",Estadio Max Augustín,,,719.09376,24576.0,,Estadio Max Augustín,71.909376
"45.433876, 11.899481",Stadio Plebiscito,Italy,Veneto,186.6018,8078.0,IT,Stadio Plebiscito,18.66018
"52.2114, 0.153",Abbey Stadium,,,222.1527,9617.0,,Abbey Stadium,22.21527
"35.7862, -78.7551",WakeMed Soccer Park,,,231,10000.0,,WakeMed Soccer Park,23.1
"35.7862, -78.7551",WakeMed Soccer Park,,,231,10000.0,,WakeMed Soccer Park,23.1
"-12.057916, -77.083634",Estadio Universidad San Marcos,,,2597.5565,67469.0,,Estadio Universidad San Marcos,259.75565
"44.638611, 22.667222",Stadionul Municipal,Romania,Sud-Vest Oltenia,586.78004,20054.0,RO,Stadionul Municipal,58.678004
"8.420278, -82.4425",Estadio San Cristóbal,,,48.125,2500.0,,Estadio San Cristóbal,4.8125
"8.420278, -82.4425",Estadio San Cristóbal,,,48.125,2500.0,,Estadio San Cristóbal,4.8125
"41.8747, -87.6561",Credit Union 1 Arena,,,219.45,9500.0,,Credit Union 1 Arena,21.945
"4.96755556, 8.32686111",U. J. Esuene Stadium,,,731.5,25000.0,,U. J. Esuene Stadium,73.15
"18.839722, 98.959444",700th Anniversary Stadium,,,731.5,25000.0,,700th Anniversary Stadium,73.15
"34.1504, -118.749",Agoura High School,,,0,,,Agoura High School,0
"-7.1675, -34.872778",Almeidão,,,1540,40000.0,,Almeidão,154
"39.0743, -76.6804",Arundel High School,,,0,,,Arundel High School,0
"39.15213, -77.30633",Maryland SoccerPlex,,,120.12,5200.0,,Maryland SoccerPlex,12.012
"38.37657222, -4.841475",Estadio Municipal de Pozoblanco,Spain,Andalucía,0,,ES,Estadio Municipal de Pozoblanco,0
"28.723, -13.875",Estadio Vicente Carreño Alonso,,,38.5,2000.0,,Estadio Vicente Carreño Alonso,3.85
"-24.975015, -53.502538",Estádio Olímpico Regional Arnaldo Busatto,,,822.9375,28125.0,,Estádio Olímpico Regional Arnaldo Busatto,82.29375
"-24.975015, -53.502538",Estádio Olímpico Regional Arnaldo Busatto,,,822.9375,28125.0,,Estádio Olímpico Regional Arnaldo Busatto,82.29375
"35.036374, -85.315762",Finley Stadium,,,604.74568,20668.0,,Finley Stadium,60.474568
"-28.231667, 28.305",Goble Park,,,585.2,20000.0,,Goble Park,58.52
"28.4461, -16.3069",Centro Insular de Atletismo de Tenerife,Spain,Canarias,0,,ES,Centro Insular de Atletismo de Tenerife,0
"43.145111111, -2.943416666",Areta,Spain,País Vasco,0,,ES,Areta,0
"42.0005, -1.51817",Q5848381,Spain,Comunidad Foral de Navarra,38.5,2000.0,ES,Q5848381,3.85
"43.6389, -79.4231",Lamport Stadium,,,221.76,9600.0,,Lamport Stadium,22.176
"19.956944, 99.874722",United Stadium of Chiangrai,,,438.9,15000.0,,United Stadium of Chiangrai,43.89
"52.1781, 0.132784",Long Road Sixth Form College,,,0,,,Long Road Sixth Form College,0
"44.9298, -123.038",McCulloch Stadium,,,48.125,2500.0,,McCulloch Stadium,4.8125
"51.0461, -114.092",Mewata Stadium,,,231,10000.0,,Mewata Stadium,23.1
"41.9137, -87.9704",Odeum Expo Center,,,67.375,3500.0,,Odeum Expo Center,6.7375
"10.624926, 122.965465",Panaad Stadium,,,453.53,15500.0,,Panaad Stadium,45.353
"-11.678373, 27.489241",Stade TP Mazembe,,,0,18000.0,,Stade TP Mazembe,0
"46.529594, 26.912234",Stadionul Aerostar,Romania,Nord-Est,0,,RO,Stadionul Aerostar,0
"46.42463889, 21.83275",Stadionul Central-Parc,Romania,Vest,0,,RO,Stadionul Central-Parc,0
"45.841, 23.191",Stadionul Dacia,Romania,Vest,19.25,1000.0,RO,Stadionul Dacia,1.925
"44.3247, 28.6186",Stadionul Flacăra,Romania,Sud-Est,0,,RO,Stadionul Flacăra,0
"44.324868, 28.618544",Stadionul Flacăra,Romania,Sud-Est,0,,RO,Stadionul Flacăra,0
"45.376667, 27.031111",Stadionul Municipal,Romania,Sud-Est,161.7,7000.0,RO,Stadionul Municipal,16.17
"44.566389, 25.951667",Stadionul Orășenesc,Romania,Bucureşti-Ilfov,28.875,1500.0,RO,Stadionul Orășenesc,2.8875
"45.181944, 25.657778",Stadionul Parc,Romania,Sud-Muntenia,15.4,800.0,RO,Stadionul Parc,1.54
"44.633, 22.55",Stadionul Victoria,RS,Region Južne i Istočne Srbije,0,,RS,Stadionul Victoria,0
"22.5277, 59.4735",Sur Sports Complex,,,438.9,15000.0,,Sur Sports Complex,43.89
"19.2987, -81.3767",T.E. McField Sports Centre,,,48.125,2500.0,,T.E. McField Sports Centre,4.8125
"57.4819, -4.2468",Telford Street Park,,,115.5,5000.0,,Telford Street Park,11.55
"45.3703, -75.6922",Terry Fox Stadium,,,0,,,Terry Fox Stadium,0
"51.7115, -0.024555",Turnford School,,,0,,,Turnford School,0
"37.354, -79.175",Williams Stadium,,,731.5,25000.0,,Williams Stadium,73.15
"32.483212, -116.91748",Mobil Park,,,541.31,18500.0,,Mobil Park,54.131
"-9.53, -37.293889",Q9255221,,,138.6,6000.0,,Q9255221,13.86
"-1.2864, -47.927083",Estádio Maximino Porpino Filho,,,115.5,5000.0,,Estádio Maximino Porpino Filho,11.55
"-3.731467, -38.651761",Q9255460,,,0,,,Q9255460,0
"-10.729094, -37.078478",Q10276980,,,438.9,15000.0,,Q10276980,43.89
"-22.993523357, -47.514410042",Arena Capivari,,,0,,,Arena Capivari,0
"44.2642, 28.5564",Stadionul Orășenesc (Ovidiu),Romania,Sud-Est,0,,RO,Stadionul Orășenesc (Ovidiu),0
"38.4687, 23.6099",Municipal Stadium of Chalkida,Greece,Central Greece,0,,Greece,Municipal Stadium of Chalkida,0
"19.829722222, -90.554444444",Estadio Universitario de Campeche,,,77,4000.0,,Estadio Universitario de Campeche,7.7
"44.80783333, 22.96205556",Stadionul Minerul (Motru),Romania,Sud-Vest Oltenia,115.5,5000.0,RO,Stadionul Minerul (Motru),11.55
"44.88277778, 26.01416667",Stadionul Chimia,Romania,Sud-Muntenia,38.5,2000.0,RO,Stadionul Chimia,3.85
"-33.311, 151.423",Central Coast Mariners Centre of Excellence,,,0,,,Central Coast Mariners Centre of Excellence,0
"41.78194427, -2.50555563",Ciudad del Fútbol Francisco Rubio Garcés,Spain,Castilla y León,0,,ES,Ciudad del Fútbol Francisco Rubio Garcés,0
"13.867163, 100.577392",Boonyachinda Stadium,,,0,,,Boonyachinda Stadium,0
"-33.93890688, 18.47634789",Hartleyvale Stadium,,,0,,,Hartleyvale Stadium,0
"13.68972222, 101.06833333",Chachoengsao Town Municipality Stadium,,,0,,,Chachoengsao Town Municipality Stadium,0
"15.807952, 102.020799",Chaiyaphum Province Stadium,,,0,,,Chaiyaphum Province Stadium,0
"-35.31388889, 149.10555556",Deakin Stadium,,,28.875,1500.0,,Deakin Stadium,2.8875
"42.311111, 3.013333",Q94547843,Spain,Cataluña,0,,ES,Q94547843,0
"39.931055555, 4.136138888",Els Pins,Spain,Illes Balears,30.8,1600.0,ES,Els Pins,3.08
"39.574611111, 2.720583333",Camp Municipal de Son Ferriol,Spain,Illes Balears,0,,ES,Camp Municipal de Son Ferriol,0
"42.28087, -8.751",Q115956268,,,0,,,Q115956268,0
"40.9875, 29.036666666",Şükrü Saracoğlu Stadium,,,1945.405,50530.0,,Şükrü Saracoğlu Stadium,194.5405
"20.693888888, -103.416111111",Estadio Tres de Marzo,,,878.2389,30015.0,,Estadio Tres de Marzo,87.82389
"50.476408, -3.523825",Plainmoor,,,150.15,6500.0,,Plainmoor,15.015
"37.264627, 49.589072",Shahid Dr. Azodi Stadium,,,254.1,11000.0,,Shahid Dr. Azodi Stadium,25.41
"15.34927222, 38.92125556",Cicero Stadium,,,585.2,20000.0,,Cicero Stadium,58.52
"22.2728, 114.182",Happy Valley Racecourse,,,0,,,Happy Valley Racecourse,0
"-11.807778, -39.379167",Q959705,,,77,4000.0,,Q959705,7.7
"27.471417, 89.641056",Changlimithang Stadium,,,731.5,25000.0,,Changlimithang Stadium,73.15
"10.975993, -63.865327",Nueva Esparta Stadium,,,471.086,16100.0,,Nueva Esparta Stadium,47.1086
"53.571388888, -113.456111111",Northlands Coliseum,,,492.70914,16839.0,,Northlands Coliseum,49.270914
"34.668944444, 135.626388888",Hanazono Rugby Stadium,,,877.8,30000.0,,Hanazono Rugby Stadium,87.78
"-33.395944, -70.500656",Claro Arena,,,585.2,20000.0,,Claro Arena,58.52
"-22.098611, -51.415",Estadio Paulo Constantino,,,1709.939,44414.0,,Estadio Paulo Constantino,170.9939
"18.061944, 102.703889",New Laos National Stadium,,,731.5,25000.0,,New Laos National Stadium,73.15
"18.061944, 102.703889",New Laos National Stadium,,,731.5,25000.0,,New Laos National Stadium,73.15
"18.061944, 102.703889",New Laos National Stadium,,,731.5,25000.0,,New Laos National Stadium,73.15
"18.06194444, 102.70388889",New Laos National Stadium,,,731.5,25000.0,,New Laos National Stadium,73.15
"18.06194444, 102.70388889",New Laos National Stadium,,,731.5,25000.0,,New Laos National Stadium,73.15
"18.06194444, 102.70388889",New Laos National Stadium,,,731.5,25000.0,,New Laos National Stadium,73.15
"-8.557944, 125.580611",National Stadium,,,300.3,13000.0,,National Stadium,30.03
"61.476667, 21.774444",Pori Stadium,Finland,Länsi-Suomi,284.13,12300.0,FI,Pori Stadium,28.413
"22.154523, 113.553266",Estádio Campo Desportivo,,,468.16,16000.0,,Estádio Campo Desportivo,46.816
"-17.7339, 168.337",Korman Stadium,,,150.15,6500.0,,Korman Stadium,15.015
"19.1081, -72.6959",Parc Levelt,,,115.5,5000.0,,Parc Levelt,11.55
"13.698261111, -89.215433333","Estadio Jorge ""El Mágico"" González",,,936.32,32000.0,,"Estadio Jorge ""El Mágico"" González",93.632
"-17.379303, -66.16183",Estadio Félix Capriles,,,1024.1,35000.0,,Estadio Félix Capriles,102.41
"-16.408803, -71.535024",Estadio Mariano Melgar,,,438.9,15000.0,,Estadio Mariano Melgar,43.89
"-16.408803, -71.535024",Estadio Mariano Melgar,,,438.9,15000.0,,Estadio Mariano Melgar,43.89
"12.10005278, 15.05507222",Stade Omnisports Idriss Mahamat Ouya,,,585.2,20000.0,,Stade Omnisports Idriss Mahamat Ouya,58.52
"20.945833, -89.593611",Estadio Carlos Iturralde,,,526.68,18000.0,,Estadio Carlos Iturralde,52.668
"31.314397, 48.665008",Takhti Stadium,,,877.8,30000.0,,Takhti Stadium,87.78
"15.476389, -86.565278",Estadio San Jorge,,,57.75,3000.0,,Estadio San Jorge,5.775
"42.8852, 74.8681",Stadion Sportkompleks Abdysh-Ata,,,57.75,3000.0,,Stadion Sportkompleks Abdysh-Ata,5.775
"40.5207, 72.8048",Suyumbayev Stadion,,,277.2,12000.0,,Suyumbayev Stadion,27.72
"43.848056, 25.963056",Gradski Stadium,Bulgaria,Severen tsentralen,584.0296,19960.0,BG,Gradski Stadium,58.40296
"45.533889, 9.219722",Stadio Ernesto Breda,Italy,Lombardia,86.625,4500.0,IT,Stadio Ernesto Breda,8.6625
"51.3675, -0.204444444",Gander Green Lane,,,162.4392,7032.0,,Gander Green Lane,16.24392
"37.7258, -122.445",Boxer Stadium,,,67.375,3500.0,,Boxer Stadium,6.7375
"41.6706, 26.5544",Edirne 25 Kasım Stadium,TR,"Tekirdağ, Edirne, Kırklareli",77,4000.0,TR,Edirne 25 Kasım Stadium,7.7
"-14.067981, -75.7389661",Estadio José Picasso Peratta,,,231,10000.0,,Estadio José Picasso Peratta,23.1
"-6.380946, -78.81463",Estadio Juan Maldonado Gamarra,,,184.8,8000.0,,Estadio Juan Maldonado Gamarra,18.48
"4.623545, -74.135611",Estadio Metropolitano de Techo,,,168.63,7300.0,,Estadio Metropolitano de Techo,16.863
"-20.332778, -40.385278",Estádio Kléber Andrade,,,1732.5,45000.0,,Estádio Kléber Andrade,173.25
"-34.5589, -58.443",Excursionistas Stadium,,,166.32,7200.0,,Excursionistas Stadium,16.632
"-33.6062, -70.5722",Q5638927,,,36.575,1900.0,,Q5638927,3.6575
"-27.478056, 153.0525",Heath Park,,,19.25,1000.0,,Heath Park,1.925
"-34.1556, -70.7483",Q5848193,,,38.5,2000.0,,Q5848193,3.85
"-23.02784, -45.57054",Joaquinzão,,,0,,,Joaquinzão,0
"40.683333333, 129.196666666",Kimchaek Municipal Stadium,,,115.5,5000.0,,Kimchaek Municipal Stadium,11.55
"51.306333, -0.558811",Kingfield Stadium,,,139.4316,6036.0,,Kingfield Stadium,13.94316
"-33.893841, 18.583025",NNK Rugby Stadium,,,115.5,5000.0,,NNK Rugby Stadium,11.55
"43.887795, -78.890998",Oshawa Civic Auditorium,,,69.78125,3625.0,,Oshawa Civic Auditorium,6.978125
"43.887795, -78.890998",Oshawa Civic Auditorium,,,69.78125,3625.0,,Oshawa Civic Auditorium,6.978125
"-29.94916, 30.95139",SJ Smith Stadium,,,0,,,SJ Smith Stadium,0
"51.5329, 0.73547",Southchurch Park,,,0,,,Southchurch Park,0
"51.54441111, 0.71498611",Southend Stadium,,,0,,,Southend Stadium,0
"9.35, 2.61667",Stade Municipal de Parakou,,,184.8,8000.0,,Stade Municipal de Parakou,18.48
"13.05585, 3.21055",Stade de Dosso,,,0,,,Stade de Dosso,0
"47.950225, 26.385",Stadionul Municipal,Romania,Nord-Est,0,,RO,Stadionul Municipal,0
"46.78083333, 24.71022222",Stadionul Municipal,Romania,Centru,0,,RO,Stadionul Municipal,0
"34.834444, 136.515833",Suzuka Sports Garden,,,63.525,3300.0,,Suzuka Sports Garden,6.3525
"19.2987, -81.3767",T.E. McField Sports Centre,,,48.125,2500.0,,T.E. McField Sports Centre,4.8125
"27.219234, 56.343936",Khalij-e Fars Stadium,,,231,10000.0,,Khalij-e Fars Stadium,23.1
"50.780986, 0.305222",The Oval,,,0,,,The Oval,0
"51.31, -0.557",Woking Park,,,0,,,Woking Park,0
"49.464624, -2.562906",Footes Lane,,,115.5,5000.0,,Footes Lane,11.55
"-28.393003, -53.918953",Q9255144,,,86.625,4500.0,,Q9255144,8.6625
"-7.016011, -37.283642",Q9255298,,,184.8,8000.0,,Q9255298,18.48
"-18.62638889, -46.50277778",Q10276823,,,0,,,Q10276823,0
"-10.221111, -36.838333",Q10276853,,,115.5,5000.0,,Q10276853,11.55
"-11.254939, -37.432425",Q10276982,,,161.7,7000.0,,Q10276982,16.17
"-20.084444444, -44.579722222",José Flávio de Carvalho Municipal Stadium,,,0,,,José Flávio de Carvalho Municipal Stadium,0
"-23.15779722, -47.34692778",Estádio Ítalo Mário Limongi,,,0,,,Estádio Ítalo Mário Limongi,0
"34.779194, 135.484778",Hattori Ryokuchi Athletics Field,,,0,,,Hattori Ryokuchi Athletics Field,0
"41.067158, -8.544812",Estádio Municipal Dr. Jorge Sampaio,Portugal,Norte,196.35,8500.0,PT,Estádio Municipal Dr. Jorge Sampaio,19.635
"55.748595, -4.150021",K Park Training Academy,,,0,,,K Park Training Academy,0
"35.038044, 32.432468",Polis Chrysochous Municipal Stadium,Cyprus,Kýpros,0,,CY,Polis Chrysochous Municipal Stadium,0
"37.983535, -87.48008",Metro Sports Center,,,9.625,500.0,,Metro Sports Center,0.9625
"-23.511111111, -46.776111111",Q18476171,,,0,,,Q18476171,0
"42.413611, 27.696944",Arena Sozopol,,,67.375,3500.0,,Arena Sozopol,6.7375
"55.8402, -4.2216",Barrowfield Park,,,0,,,Barrowfield Park,0
"55.8159, -3.8096","Parkside, Shotts",,,0,,,"Parkside, Shotts",0
"15.267347222, -23.7455",Estádio de Mangue,,,0,,,Estádio de Mangue,0
"42.59125, 23.36341667",Bistritsa Stadium,Bulgaria,Yugozapaden,0,,BG,Bistritsa Stadium,0
"52.52625, 13.62529","Sportkomplex ""Am Rosenhag""",Germany,Brandenburg,48.125,2500.0,DE,"Sportkomplex ""Am Rosenhag""",4.8125
"-13.525, -71.966",Estadio Garcilaso,,,1009.47,34500.0,,Estadio Garcilaso,100.947
"-17.789166666, -63.1975",Santa Cruz de la Sierra,,,0,,,Santa Cruz de la Sierra,0
"19.303055555, -99.150555555",Estadio Banorte,,,5755.75,115000.0,,Estadio Banorte,575.575
"-3.254467, -79.962497",Estadio 9 de Mayo,,,482.79,16500.0,,Estadio 9 de Mayo,48.279
"-3.254467, -79.962497",Estadio 9 de Mayo,,,482.79,16500.0,,Estadio 9 de Mayo,48.279
"40.634133, 15.804317",Stadio Alfredo Viviani,Italy,Basilicata,138.6,6000.0,IT,Stadio Alfredo Viviani,13.86
"19.405833333, -98.986944444",Estadio Neza 86,,,585.2,20000.0,,Estadio Neza 86,58.52
"18.480454, -69.918662",Estadio Olímpico Félix Sánchez,,,1024.1,35000.0,,Estadio Olímpico Félix Sánchez,102.41
"40.443889, -104.989444",Blue Arena,,,166.32,7200.0,,Blue Arena,16.632
"40.009444444, -82.991111111",Historic Crew Stadium,,,659.9593,22555.0,,Historic Crew Stadium,65.99593
"20.705, -103.328139",Jalisco Stadium,,,2433.2,63200.0,,Jalisco Stadium,243.32
"-33.506611, -70.605944",Estadio Monumental,,,1809.5,47000.0,,Estadio Monumental,180.95
"-2.185869, -79.924931",Estadio Monumental Banco Pichincha,,,1.155,60.0,,Estadio Monumental Banco Pichincha,0.1155
"-12.067138888, -77.033722222",National Stadium of Peru,,,1658.811,43086.0,,National Stadium of Peru,165.8811
"-12.067138888, -77.033722222",National Stadium of Peru,,,1658.811,43086.0,,National Stadium of Peru,165.8811
"21.115544, -101.657744",León Stadium,,,802.66032,27432.0,,León Stadium,80.266032
"-25.439444, -49.255833",Estádio Vila Capanema,,,585.2,20000.0,,Estádio Vila Capanema,58.52
"-25.439444, -49.255833",Estádio Vila Capanema,,,585.2,20000.0,,Estádio Vila Capanema,58.52
"-22.031517, -47.901764",Estádio Luís Augusto de Oliveira,,,231,10000.0,,Estádio Luís Augusto de Oliveira,23.1
"-18.913889, -48.2325",Estádio Parque do Sabiá,,,2053.975,53350.0,,Estádio Parque do Sabiá,205.3975
"4.174083333, 73.513083333",Galolhu National Stadium,,,300.3,13000.0,,Galolhu National Stadium,30.03
"4.174083333, 73.513083333",Galolhu National Stadium,,,300.3,13000.0,,Galolhu National Stadium,30.03
"4.1684, 73.5368",Galolhu National Stadium,,,300.3,13000.0,,Galolhu National Stadium,30.03
"4.1684, 73.5368",Galolhu National Stadium,,,300.3,13000.0,,Galolhu National Stadium,30.03
"-12.2201, -76.9349",Hugo Sotil Stadium,,,318.1563,13773.0,,Hugo Sotil Stadium,31.81563
"51.877014, 0.883425",Layer Road,,,145.992,6320.0,,Layer Road,14.5992
"-0.177528, -78.476583",Estadio Olímpico Atahualpa,,,1045.81092,35742.0,,Estadio Olímpico Atahualpa,104.581092
"-19.578611, -65.761111",Estadio Víctor Agustín Ugarte,,,936.32,32000.0,,Estadio Víctor Agustín Ugarte,93.632
"-17.796067, -63.183873",Estadio Ramón Tahuichi Aguilera,,,1029.3668,35180.0,,Estadio Ramón Tahuichi Aguilera,102.93668
"-4.27352778, 15.24841667",Stade Alphonse Massemba-Débat,,,966.66262,33037.0,,Stade Alphonse Massemba-Débat,96.666262
"41.245277777, -81.593888888",Coliseum at Richfield,,,593.18798,20273.0,,Coliseum at Richfield,59.318798
"-16.408803, -71.535024",Estadio Mariano Melgar,,,438.9,15000.0,,Estadio Mariano Melgar,43.89
"-21.532222, -64.724444",Estadio IV Centenario,,,438.9,15000.0,,Estadio IV Centenario,43.89
"6.9475, 79.8686",Sugathadasa Stadium,,,731.5,25000.0,,Sugathadasa Stadium,73.15
"39.131111111, -84.516111111",Nippert Stadium,,,1540,40000.0,,Nippert Stadium,154
"9.344049, -79.89584",Estadio Armando Dely Valdés,,,77,4000.0,,Estadio Armando Dely Valdés,7.7
"13.333056, -87.846111",Estadio Marcelino Imbers,,,77,4000.0,,Estadio Marcelino Imbers,7.7
"-23.163706, -45.88995",Estádio ADC Parahyba,,,48.125,2500.0,,Estádio ADC Parahyba,4.8125
"37.855952, 127.690945",Chuncheon Songam Sports Town,,,585.2,20000.0,,Chuncheon Songam Sports Town,58.52
"41.753783, -72.661061",Trinity Health Stadium,,,585.2,20000.0,,Trinity Health Stadium,58.52
"0.96128333, -79.65587778",Estadio Folke Anderson,,,468.16,16000.0,,Estadio Folke Anderson,46.816
"-0.964041, -80.70293",Estadio Jocay,,,585.2,20000.0,,Estadio Jocay,58.52
"-0.964041, -80.70293",Estadio Jocay,,,585.2,20000.0,,Estadio Jocay,58.52
"-0.964041, -80.70293",Estadio Jocay,,,585.2,20000.0,,Estadio Jocay,58.52
"-6.380946, -78.81463",Estadio Juan Maldonado Gamarra,,,184.8,8000.0,,Estadio Juan Maldonado Gamarra,18.48
"-0.924271, -78.614559",Estadio La Cocha,,,438.9,15000.0,,Estadio La Cocha,43.89
"-1.666082, -78.659882",Estadio Olímpico de Ibarra,,,587.202,18600.0,,Estadio Olímpico de Ibarra,58.7202
"-8.757222, -63.910556",Estádio Aluízio Ferreira,,,161.7,7000.0,,Estádio Aluízio Ferreira,16.17
"-8.757222, -63.910556",Estádio Aluízio Ferreira,,,161.7,7000.0,,Estádio Aluízio Ferreira,16.17
"-19.9875, -43.844722222",Estádio Castor Cifuentes,,,438.9,15000.0,,Estádio Castor Cifuentes,43.89
"11.860203, -15.586389",Estádio Lino Correia,,,277.2,12000.0,,Estádio Lino Correia,27.72
"-22.872497, -43.456575",Estádio Proletário Guilherme da Silveira,,,220.9284,9564.0,,Estádio Proletário Guilherme da Silveira,22.09284
"33.9877, -81.025",Eugene E. Stone III Stadium,,,131.67,5700.0,,Eugene E. Stone III Stadium,13.167
"33.987611, 35.638643",Fouad Chehab Stadium,,,115.5,5000.0,,Fouad Chehab Stadium,11.55
"36.11139722, 128.35221389",Gumi Civic Stadium,,,0,,,Gumi Civic Stadium,0
"9.030676566, -79.498604857",Q5847796,,,19.25,1000.0,,Q5847796,1.925
"-34.6898, -58.6869",Estadio Ciudad de Libertad,,,231,10000.0,,Estadio Ciudad de Libertad,23.1
"-2.051444444, -79.912430555",Q5848075,,,32.725,1700.0,,Q5848075,3.2725
"-0.697633, -80.091",Q5848099,,,57.75,3000.0,,Q5848099,5.775
"18.7694, -99.2364",Estadio Mariano Matamoros,,,468.16,16000.0,,Estadio Mariano Matamoros,46.816
"18.76954722, -99.23641944",Estadio Mariano Matamoros,,,468.16,16000.0,,Estadio Mariano Matamoros,46.816
"-2.54839, -78.9485",Q5848158,,,161.7,7000.0,,Q5848158,16.17
"-12.063972222, -77.130708333",Estadio Telmo Carbajo,,,115.5,5000.0,,Estadio Telmo Carbajo,11.55
"-0.201981, -78.5041",Q5848441,,,438.9,15000.0,,Q5848441,43.89
"36.5851, 36.1553",İskenderun 5 Temmuz Stadium,TR,"Hatay, Kahramanmaraş, Osmaniye",286.209,12390.0,TR,İskenderun 5 Temmuz Stadium,28.6209
"60.986389, 25.650278",Lahden kisapuisto,Finland,Etelä-Suomi,77,4000.0,FI,Lahden kisapuisto,7.7
"-4.044722, 39.666389",Mombasa Municipal Stadium,,,231,10000.0,,Mombasa Municipal Stadium,23.1
"-21.4006, -48.4934",Taquarão,,,550.2343,18805.0,,Taquarão,55.02343
"51.542222, 0.021389",The Old Spotted Dog Ground,,,38.5,2000.0,,The Old Spotted Dog Ground,3.85
"-42.8789, 147.394","Wentworth Park, Tasmania",,,0,,,"Wentworth Park, Tasmania",0
"-15.836146, -48.080657",Serejão,,,1024.1,35000.0,,Serejão,102.41
"-19.53888889, -40.63888889",Q9255419,,,277.2,12000.0,,Q9255419,27.72
"-6.118056, -38.212222",Q9255502,,,161.7,7000.0,,Q9255502,16.17
"-29.484035851, -51.999884953",Q10276745,,,82.1205,4266.0,,Q10276745,8.21205
"-29.782517, -51.155525",Q10277070,,,277.2,12000.0,,Q10277070,27.72
"-22.658639, -50.43325",Q10277171,,,209.979,9090.0,,Q10277171,20.9979
"-20.72777778, -46.60388889",Q10277294,,,0,,,Q10277294,0
"-20.72777778, -46.60388889",Q10277294,,,0,,,Q10277294,0
"35.839009, 127.126355",Jeonju Sports Complex,,,877.8,30000.0,,Jeonju Sports Complex,87.78
"-34.8747, -57.8644",Genacio Sálice Stadium,,,77,4000.0,,Genacio Sálice Stadium,7.7
"38.8958, -104.711",Switchbacks Training Stadium,,,115.5,5000.0,,Switchbacks Training Stadium,11.55
"38.8958, -104.711",Switchbacks Training Stadium,,,115.5,5000.0,,Switchbacks Training Stadium,11.55
"-18.915278, -40.078611",Q18483822,,,0,,,Q18483822,0
"-25.40694444, -57.32527778",Q19265743,,,0,,,Q19265743,0
"56.1034, -3.7489",Chapelhill Park,,,0,,,Chapelhill Park,0
"-34.61319, -58.51553",Estadio Enrique Sexto,,,0,,,Estadio Enrique Sexto,0
"39.210277777, -84.506111111",RDI Stadium,,,173.25,7500.0,,RDI Stadium,17.325
"40.9875, 29.036666666",Şükrü Saracoğlu Stadium,,,1945.405,50530.0,,Şükrü Saracoğlu Stadium,194.5405
"-3.254467, -79.962497",Estadio 9 de Mayo,,,482.79,16500.0,,Estadio 9 de Mayo,48.279
"14.916111, -23.512222",Estádio da Várzea,,,184.8,8000.0,,Estádio da Várzea,18.48
"-14.808403712, -39.278887532","Estádio Luiz Viana Filho, Itabuna",,,585.2,20000.0,,"Estádio Luiz Viana Filho, Itabuna",58.52
"37.152967, -3.595736",Estadio Nuevo Los Cármeness,Spain,Andalucía,568.69736,19436.0,ES,Estadio Nuevo Los Cármeness,56.869736
"6.309, -10.80411111",Antoinette Tubman Stadium,,,231,10000.0,,Antoinette Tubman Stadium,23.1
"28.20437778, 83.99166667",Pokhara Rangasala,,,115.5,5000.0,,Pokhara Rangasala,11.55
"-36.815278, -73.023333",Estadio Ester Roa Rebolledo,,,883.652,30200.0,,Estadio Ester Roa Rebolledo,88.3652
"19.405833333, -98.986944444",Estadio Neza 86,,,585.2,20000.0,,Estadio Neza 86,58.52
"18.10470278, -15.98545556",Olympic Stadium of Nouakchott,,,585.2,20000.0,,Olympic Stadium of Nouakchott,58.52
"22.568889, 88.409167",Salt Lake Stadium,,,2618,68000.0,,Salt Lake Stadium,261.8
"43.519444, 16.431667",Stadion Poljud,Croatia,Jadranska Hrvatska,1024.1,35000.0,HR,Stadion Poljud,102.41
"-21.151496, 27.478742",Obed Itani Chilume Stadium,,,760.76,26000.0,,Obed Itani Chilume Stadium,76.076
"38.913933, -6.336406",Estadio Romano,Spain,Extremadura,337.26,14600.0,ES,Estadio Romano,33.726
"2.83139, -60.6606",Estádio Flamarion Vasconcelos,,,231,10000.0,,Estádio Flamarion Vasconcelos,23.1
"47.696419, 17.664428",Stadion ETO,Hungary,Nyugat-Dunántúl,731.5,25000.0,HU,Stadion ETO,73.15
"51.483719444, -0.114980555",The Oval,,,687.61,23500.0,,The Oval,68.761
"-2.178861, -79.894369",Estadio Modelo Alberto Spencer Herrera,,,1848,48000.0,,Estadio Modelo Alberto Spencer Herrera,184.8
"-12.067138888, -77.033722222",National Stadium of Peru,,,1658.811,43086.0,,National Stadium of Peru,165.8811
"38.858922, -7.005886",Estadio Nuevo Vivero,Spain,Extremadura,344.1438,14898.0,ES,Estadio Nuevo Vivero,34.41438
"-22.508336, -44.096928",Estádio Raulino de Oliveira,,,614.46,21000.0,,Estádio Raulino de Oliveira,61.446
"15.28972222, 73.9625",Fatorda Stadium,,,555.94,19000.0,,Fatorda Stadium,55.594
"54.993214, -3.071919",Raydale Park,,,42.35,2200.0,,Raydale Park,4.235
"8.479556, -13.249056",National Stadium,,,1732.5,45000.0,,National Stadium,173.25
"36.038611111, 14.268611111",Gozo Stadium,Malta,Malta,77,4000.0,MT,Gozo Stadium,7.7
"36.038611111, 14.268611111",Gozo Stadium,Malta,Malta,77,4000.0,MT,Gozo Stadium,7.7
"36.038611111, 14.268611111",Gozo Stadium,Malta,Malta,77,4000.0,MT,Gozo Stadium,7.7
"32.167839, 34.824793",Herzliya Municipal Stadium,,,191.73,8300.0,,Herzliya Municipal Stadium,19.173
"8.108889, -80.972778",Estadio Áristocles Castillo,,,51.975,2700.0,,Estadio Áristocles Castillo,5.1975
"16.538888888, -88.417222222",Michael Ashcroft Stadium,,,0,,,Michael Ashcroft Stadium,0
"35.21361111, 33.33777778",Nicosia Atatürk Stadium,Cyprus,Kýpros,819.28,28000.0,CY,Nicosia Atatürk Stadium,81.928
"10.04083333, -84.16055556",Q3495546,,,63.525,3300.0,,Q3495546,6.3525
"9.889628, -84.049322","Estadio Jorge ""Cuty"" Monge",,,127.05,5500.0,,"Estadio Jorge ""Cuty"" Monge",12.705
"9.368611111, -83.704444444",Estadio Municipal de Pérez Zeledón,,,62.73575,3259.0,,Estadio Municipal de Pérez Zeledón,6.273575
"9.368786, -83.704653",Estadio Municipal de Pérez Zeledón,,,62.73575,3259.0,,Estadio Municipal de Pérez Zeledón,6.273575
"-25.917417, 32.526278",Estádio da Machava,,,1732.5,45000.0,,Estádio da Machava,173.25
"26.543351, -78.676022",Grand Bahama Stadium,,,0,,,Grand Bahama Stadium,0
"-23.163706, -45.88995",Estádio ADC Parahyba,,,48.125,2500.0,,Estádio ADC Parahyba,4.8125
"41.038459, 28.986818",Taksim Stadium,,,184.8,8000.0,,Taksim Stadium,18.48
"51.476547, 0.329683",New Recreation Ground,,,78.925,4100.0,,New Recreation Ground,7.8925
"49.073, -122.266",Bateman Park,,,19.25,1000.0,,Bateman Park,1.925
"57.690022, -2.003969",Bellslea Park,,,57.75,3000.0,,Bellslea Park,5.775
"37.7258, -122.445",Boxer Stadium,,,67.375,3500.0,,Boxer Stadium,6.7375
"43.2514, -79.8303",Brian Timmis Stadium,,,115.5,5000.0,,Brian Timmis Stadium,11.55
"-13.151638888, -74.22",Estadio Ciudad de Cumaná,,,438.9,15000.0,,Estadio Ciudad de Cumaná,43.89
"4.623545, -74.135611",Estadio Metropolitano de Techo,,,168.63,7300.0,,Estadio Metropolitano de Techo,16.863
"-1.666082, -78.659882",Estadio Olímpico de Ibarra,,,587.202,18600.0,,Estadio Olímpico de Ibarra,58.7202
"16.8825, -24.985277777",Estádio Municipal Adérito Sena,,,115.5,5000.0,,Estádio Municipal Adérito Sena,11.55
"-24.975015, -53.502538",Estádio Olímpico Regional Arnaldo Busatto,,,822.9375,28125.0,,Estádio Olímpico Regional Arnaldo Busatto,82.29375
"-22.585503, -43.305108",Estádio Romário de Souza Faria,,,231,10000.0,,Estádio Romário de Souza Faria,23.1
"-23.414167, -51.938056",Estádio Willie Davids,,,632.016,21600.0,,Estádio Willie Davids,63.2016
"51.2484, -0.56288",Guildford Spectrum,,,0,,,Guildford Spectrum,0
"51.595, -3.74554",Glenhafod Park Stadium,,,0,,,Glenhafod Park Stadium,0
"42.15743, -75.94153",Greater Binghamton Sports Complex,,,0,,,Greater Binghamton Sports Complex,0
"-2.25883, -79.8985",Estadio Alejandro Ponce Noboa,,,67.375,3500.0,,Estadio Alejandro Ponce Noboa,6.7375
"33.44919, -84.13351",Henry County High School,,,0,,,Henry County High School,0
"10.07611111, -84.30944444",Estadio Allen Riggioni,,,64.5645,3354.0,,Estadio Allen Riggioni,6.45645
"-37.4704, -72.3615",Estadio Municipal de Los Ángeles,,,79.8875,4150.0,,Estadio Municipal de Los Ángeles,7.98875
"18.134444444, -94.458611111",Estadio Rafael Hernández Ochoa,,,92.4,4800.0,,Estadio Rafael Hernández Ochoa,9.24
"44.631069, -63.579531",Huskies Stadium,,,115.5,5000.0,,Huskies Stadium,11.55
"37.285788, 127.496645",Icheon Sports Complex,,,0,,,Icheon Sports Complex,0
"39.460097222, -6.378475",Multiusos Ciudad de Cáceres,Spain,Extremadura,150.15,6500.0,ES,Multiusos Ciudad de Cáceres,15.015
"-42.831389, 147.276944",KGV Park,,,77,4000.0,,KGV Park,7.7
"33.207894, 35.575629",Kiryat Shmona Municipal Stadium,,,122.43,5300.0,,Kiryat Shmona Municipal Stadium,12.243
"-3.00651, 120.193878",Lagaligo Stadium,,,231,10000.0,,Lagaligo Stadium,23.1
"39.94551389, 116.52032222",Liuzhou Sports Centre,,,0,,,Liuzhou Sports Centre,0
"43.6734, -70.3",Memorial Stadium,,,0,,,Memorial Stadium,0
"-25.751667, 28.164722",Pilditch Stadium,,,585.2,20000.0,,Pilditch Stadium,58.52
"55.940278, -4.813056",Ravenscraig Stadium,,,12.5125,650.0,,Ravenscraig Stadium,1.25125
"18.376667, -65.949167",Roberto Clemente Stadium,,,288.75,12500.0,,Roberto Clemente Stadium,28.875
"36.03, 14.240833333",Sannat Ground,Malta,Malta,0,,MT,Sannat Ground,0
"55.8541, -4.2207",St Mungo's Academy,,,0,,,St Mungo's Academy,0
"51.659, -4.036",Stafford Common,,,38.5,2000.0,,Stafford Common,3.85
"43.1517, -2.97306",Q8845318,Spain,País Vasco,49.0875,2550.0,ES,Q8845318,4.90875
"-26.08277778, -53.05916667",Estádio Anilado,,,161.7,7000.0,,Estádio Anilado,16.17
"-31.757797, -52.380806",Q9255252,,,124.9941,5411.0,,Q9255252,12.49941
"-5.351944, -49.138333",Estádio Municipal Zinho de Oliveira,,,86.625,4500.0,,Estádio Municipal Zinho de Oliveira,8.6625
"-29.709167, -52.4225",Estádio dos Plátanos,,,161.7,7000.0,,Estádio dos Plátanos,16.17
"-22.87976389, -42.34471389",Q9628098,,,0,,,Q9628098,0
"-16.71805556, -43.87055556",Estádio José Maria de Melo,,,0,,,Estádio José Maria de Melo,0
"-23.668888888, -46.470555555",Estádio Municipal Pedro Benedetti,,,276.8766,11986.0,,Estádio Municipal Pedro Benedetti,27.68766
"-16.3463472, -48.9557611",Q10277471,,,,,,Q10277471,58.52
"39.64791389, 141.1375056",Iwagin Stadium,,,95.2105,4946.0,,Iwagin Stadium,9.52105
"42.1861, 2.47215",Estadi Municipal d'Olot,Spain,Cataluña,0,,ES,Estadi Municipal d'Olot,0
"42.1579, -72.4699",Lusitano Stadium,,,57.75,3000.0,,Lusitano Stadium,5.775
"-23.511111111, -46.776111111",Q18476171,,,0,,,Q18476171,0
"38.011944444, -3.3825",Q20154624,Spain,Andalucía,138.6,6000.0,ES,Q20154624,13.86
"55.603, -4.3891",Portland Park,,,0,,,Portland Park,0
"53.04416667, -2.97666667",Queensway Stadium,,,190.7136,8256.0,,Queensway Stadium,19.07136
"36.03955556, 14.22955556",Kerċem Ajax Stadium,Malta,Malta,0,,MT,Kerċem Ajax Stadium,0
"-27.7928962, -64.2493342",Doctores José y Antonio Castiglione Stadium,,,614.46,21000.0,,Doctores José y Antonio Castiglione Stadium,61.446
"39.623666666, 2.653527777",Camp Municipal de Son Sardina,Spain,Illes Balears,0,,ES,Camp Municipal de Son Sardina,0
"59.951944, 30.286389",Petrovsky Stadium,,,629.20704,21504.0,,Petrovsky Stadium,62.920704
"51.672778, 39.204167",Tsentralnyi Profsoyuz Stadion,,,958.265,32750.0,,Tsentralnyi Profsoyuz Stadion,95.8265
"-15.7835, -47.899164",Estádio Nacional de Brasília,,,2691.535,69910.0,,Estádio Nacional de Brasília,269.1535
"3.8855, 11.540528",Stade Ahmadou Ahidjo,,,2002,52000.0,,Stade Ahmadou Ahidjo,200.2
"-8.106655, -79.030977",Estadio Mansiche,,,702.24,24000.0,,Estadio Mansiche,70.224
"28.118125, -15.438525",Estadio Pepe Gonçalvez,Spain,Canarias,57.75,3000.0,ES,Estadio Pepe Gonçalvez,5.775
"51.646158, -0.191733",Underhill Stadium,,,139.1313,6023.0,,Underhill Stadium,13.91313
"6.44247222, 3.40219444",Onikan Stadium,,,231,10000.0,,Onikan Stadium,23.1
"15.34927222, 38.92125556",Cicero Stadium,,,585.2,20000.0,,Cicero Stadium,58.52
"15.34927222, 38.92125556",Cicero Stadium,,,585.2,20000.0,,Cicero Stadium,58.52
"41.570556, 64.207222",Progress Stadium,,,115.5,5000.0,,Progress Stadium,11.55
"18.10470278, -15.98545556",Olympic Stadium of Nouakchott,,,585.2,20000.0,,Olympic Stadium of Nouakchott,58.52
"42.684258, 23.339769",Balgarska Armia Stadium,Bulgaria,Yugozapaden,644.1589,22015.0,BG,Balgarska Armia Stadium,64.41589
"13.8139, 8.98306",Stade de Zinder,,,0,,,Stade de Zinder,0
"45.740556, 21.244167",Stadionul Dan Păltinișanu,Romania,Vest,964.76072,32972.0,RO,Stadionul Dan Păltinișanu,96.476072
"27.695052, 85.314835",Dasarath Rangasala Stadium,,,877.8,30000.0,,Dasarath Rangasala Stadium,87.78
"8.477585, 4.545364",Kwara State Stadium,,,526.68,18000.0,,Kwara State Stadium,52.668
"-8.557944, 125.580611",National Stadium,,,300.3,13000.0,,National Stadium,30.03
"-8.557944, 125.580611",National Stadium,,,300.3,13000.0,,National Stadium,30.03
"13.52725, 2.10897",Stade Général Seyni Kountché,,,1024.1,35000.0,,Stade Général Seyni Kountché,102.41
"13.52725, 2.108972",Stade Général Seyni Kountché,,,1024.1,35000.0,,Stade Général Seyni Kountché,102.41
"46.838333, 29.5575",Sheriff Stadium,,,330.33,14300.0,,Sheriff Stadium,33.033
"-17.54, -149.552",Stade Pater Te Hono Nui,,,438.9,15000.0,,Stade Pater Te Hono Nui,43.89
"12.659722, -7.993056",Stade Modibo Kéïta,,,1024.1,35000.0,,Stade Modibo Kéïta,102.41
"55.0698, -3.62494",Palmerston Park,,,176.022,7620.0,,Palmerston Park,17.6022
"47.9, 106.916111",MFF Football Centre,,,67.375,3500.0,,MFF Football Centre,6.7375
"-8.54688056, 115.30653333",Kapten I Wayan Dipta Stadium,,,731.5,25000.0,,Kapten I Wayan Dipta Stadium,73.15
"59.734392, 10.201333",Marienlyst Stadion,Norway,Oslo og Viken,173.25,7500.0,NO,Marienlyst Stadion,17.325
"54.614444, 39.736111",TSK stadion,,,731.5,25000.0,,TSK stadion,73.15
"46.468389, 30.748444",Spartak Stadium,,,92.4,4800.0,,Spartak Stadium,9.24
"-7.75051, 110.418",Maguwoharjo Stadium,,,1024.1,35000.0,,Maguwoharjo Stadium,102.41
"51.885528, -8.46775",Turners Cross,Ireland,Southern,172.9035,7485.0,IE,Turners Cross,17.29035
"38.58590556, 68.76951111",Pamir Stadium,,,702.24,24000.0,,Pamir Stadium,70.224
"12.10005278, 15.05507222",Stade Omnisports Idriss Mahamat Ouya,,,585.2,20000.0,,Stade Omnisports Idriss Mahamat Ouya,58.52
"12.10005278, 15.05507222",Stade Omnisports Idriss Mahamat Ouya,,,585.2,20000.0,,Stade Omnisports Idriss Mahamat Ouya,58.52
"31.233425, 121.531683",Yuanshen Sports Centre Stadium,,,585.2,20000.0,,Yuanshen Sports Centre Stadium,58.52
"51.661944, -0.272222",Meadow Park,,,86.6635,4502.0,,Meadow Park,8.66635
"44.7682128, 8.7827971",Stadio Costante Girardengo,Italy,Piemonte,67.375,3500.0,IT,Stadio Costante Girardengo,6.7375
"37.0743, 15.2913",Stadio Nicola De Simone,,,137.3526,5946.0,,Stadio Nicola De Simone,13.73526
"51.3787, -2.3951",Twerton Park,,,204.204,8840.0,,Twerton Park,20.4204
"13.4208, -6.29167",Stade Amari Daou,,,277.2,12000.0,,Stade Amari Daou,27.72
"45.0424, 41.97",Dynamo Stadium,,,456.13414,15589.0,,Dynamo Stadium,45.613414
"36.1033, 120.44",Qingdao Conson Stadium,,,1732.5,45000.0,,Qingdao Conson Stadium,173.25
"55.7572, 37.8497",Start,,,38.5,2000.0,,Start,3.85
"55.6798, 52.3029",Stroitel Stadium,,,0,,,Stroitel Stadium,0
"51.8264, 107.576",Republic of Buryatia Central Stadium,,,0,,,Republic of Buryatia Central Stadium,0
"54.3737, 86.3579",Q4521457,,,0,,,Q4521457,0
"44.995944444, 41.116527777",Yunost Stadium,,,131.67,5700.0,,Yunost Stadium,13.167
"53.0975, 25.3069",Yunost Stadium,,,0,,,Yunost Stadium,0
"40.292222, 69.614167",20 Years of Independence Stadium,,,731.5,25000.0,,20 Years of Independence Stadium,73.15
"-2.572082, 140.523682",Barnabas Youwe Stadium,,,438.9,15000.0,,Barnabas Youwe Stadium,43.89
"53.3421, -2.721683","Canal Street Stadium, Runcorn",,,0,,,"Canal Street Stadium, Runcorn",0
"51.8928, -0.5391",Creasey Park,,,0,,,Creasey Park,0
"15.3435, 38.92563889",Denden Stadium,,,585.2,20000.0,,Denden Stadium,58.52
"39.393799, -74.627937",Egg Harbor Township High School,,,0,,,Egg Harbor Township High School,0
"51.556547222, 0.238316666",Hornchurch Stadium,,,67.375,3500.0,,Hornchurch Stadium,6.7375
"60.2621, 24.83818333",Myyrmäen jalkapallostadion,Finland,Helsinki-Uusimaa,90.475,4700.0,FI,Myyrmäen jalkapallostadion,9.0475
"41.3742, -81.6489",Independence High School,,,0,,,Independence High School,0
"63.082778, 21.641111",Kaarlen kenttä,Finland,Länsi-Suomi,127.05,5500.0,FI,Kaarlen kenttä,12.705
"-5.084590085, -42.820792626",Estádio Lindolfo Monteiro,,,184.8,8000.0,,Estádio Lindolfo Monteiro,18.48
"-5.084590085, -42.820792626",Estádio Lindolfo Monteiro,,,186.6788,12760.0,,Estádio Lindolfo Monteiro,18.66788
"22.1525, 113.56805556",Macau University of Science and Technology Sports Field,,,32.417,1684.0,,Macau University of Science and Technology Sports Field,3.2417
"-3.316666666, 114.58",May 17th Stadium,,,438.9,15000.0,,May 17th Stadium,43.89
"41.264743, -95.939398",Morrison Stadium,,,138.6,6000.0,,Morrison Stadium,13.86
"55.91490278, 38.00598611",Podmoskovie Stadium,,,0,,,Podmoskovie Stadium,0
"14.1347, -16.0682",Stade Lamine Guèye,,,0,,,Stade Lamine Guèye,0
"-17.556534, -149.595305",Stade Louis Ganivet,,,115.5,5000.0,,Stade Louis Ganivet,11.55
"41.7313, 12.6517",Stadio Pio XII,Italy,Lazio,28.875,1500.0,IT,Stadio Pio XII,2.8875
"47.639274, 26.24626",Stadionul Areni,Romania,Nord-Est,161.7,7000.0,RO,Stadionul Areni,16.17
"47.639274, 26.24626",Stadionul Areni,Romania,Nord-Est,161.7,7000.0,RO,Stadionul Areni,16.17
"44.3086, 26.1839",Stadionul Berceni,Romania,Bucureşti-Ilfov,51.975,2700.0,RO,Stadionul Berceni,5.1975
"45.6481, 25.6503",Stadionul Carpați,Romania,Centru,0,,RO,Stadionul Carpați,0
"44.735, 26.173611",Stadionul Snagov,Romania,Bucureşti-Ilfov,38.5,2000.0,RO,Stadionul Snagov,3.85
"61.12164, 10.47391",Stampesletta,Norway,Innlandet,0,,NO,Stampesletta,0
"39.1693, 117.204",Tianjin Locomotive Stadium,,,277.2,12000.0,,Tianjin Locomotive Stadium,27.72
"52.4626, -2.15136",War Memorial Athletic Ground,,,0,,,War Memorial Athletic Ground,0
"42.4769, -2.45686",Q8842858,Spain,La Rioja,24.54375,1275.0,ES,Q8842858,2.454375
"43.6137, -5.80009",Estadio Municipal de Miramar,Spain,Principado de Asturias,67.375,3500.0,ES,Estadio Municipal de Miramar,6.7375
"-29.687, -53.8286",Estádio Presidente Vargas,,,277.2,12000.0,,Estádio Presidente Vargas,27.72
"56.2356, 43.4587",Khimik Stadium,,,86.625,4500.0,,Khimik Stadium,8.6625
"56.235667, 43.458639",Khimik Stadium,,,86.625,4500.0,,Khimik Stadium,8.6625
"56.2356, 43.4587",Khimik Stadium,,,84.7,10000.0,,Khimik Stadium,8.47
"56.235667, 43.458639",Khimik Stadium,,,84.7,10000.0,,Khimik Stadium,8.47
"-32.047578, -52.113353",Q10276735,,,231,10000.0,,Q10276735,23.1
"-10.64944444, -36.99027778",Q10276946,,,0,,,Q10276946,0
"-10.282057778, -48.330539246",Estádio Nilton Santos,,,0,,,Estádio Nilton Santos,0
"6.823517, -58.144825",Guyana Defence Force Ground,,,0,,,Guyana Defence Force Ground,0
"37.9983, 23.6788",Municipal Athletic Center of Egaleo,Greece,Attica,0,,Greece,Municipal Athletic Center of Egaleo,0
"59.835051328, 10.674058882",Q13419977,Norway,Oslo og Viken,0,,NO,Q13419977,0
"45.746111111, 21.228333333",Stadionul Știința,Romania,Vest,19.25,1000.0,RO,Stadionul Știința,1.925
"48.80113889, 44.59203611",Traktor Stadium,,,0,,,Traktor Stadium,0
"54.015261, 38.308604",Q16714005,,,0,,,Q16714005,0
"34.711831, 32.57403",Kouklia Community Stadium,,,0,,,Kouklia Community Stadium,0
"46.0569, 28.8341",Ceadîr-Lunga Stadium,,,0,,,Ceadîr-Lunga Stadium,0
"-23.511111111, -46.776111111",Q18476171,,,0,,,Q18476171,0
"41.0264, -8.5759",Grijó Municipal Stadium,Portugal,Norte,0,,PT,Grijó Municipal Stadium,0
"-34.653333333, -58.443611111",Guillermo Laza stadium,,,0,,,Guillermo Laza stadium,0
"18.456083333, -72.638916666",Parc Julia Vilbon,,,19.25,1000.0,,Parc Julia Vilbon,1.925
"55.805, 37.698611111",Cherenkov academy stadium,,,59.23225,3077.0,,Cherenkov academy stadium,5.923225
"50.408357, -4.146996",Bolitho Park,,,0,,,Bolitho Park,0
"40.9875, 29.036666666",Şükrü Saracoğlu Stadium,,,1945.405,50530.0,,Şükrü Saracoğlu Stadium,194.5405
"-15.595333333, -56.098666666",Estádio José Fragelli,,,1540,40000.0,,Estádio José Fragelli,154
"51.460317, 0.116514",Park View Road,,,0,,,Park View Road,0
"14.098447222, -87.203958333",Estadio Nacional Jose de la Paz Herrera,,,1082.62,37000.0,,Estadio Nacional Jose de la Paz Herrera,108.262
"14.098447222, -87.203958333",Estadio Nacional Jose de la Paz Herrera,,,1082.62,37000.0,,Estadio Nacional Jose de la Paz Herrera,108.262
"14.098447222, -87.203958333",Estadio Nacional Jose de la Paz Herrera,,,1082.62,37000.0,,Estadio Nacional Jose de la Paz Herrera,108.262
"15.507455555, -88.033416666",Estadio General Francisco Morazán,,,783.61206,26781.0,,Estadio General Francisco Morazán,78.361206
"15.507455555, -88.033416666",Estadio General Francisco Morazán,,,783.61206,26781.0,,Estadio General Francisco Morazán,78.361206
"5.483889, 7.043889",Dan Anyiam Stadium,,,231,10000.0,,Dan Anyiam Stadium,23.1
"17.252177777, -88.786366666",Isidoro Beaton Stadium,,,48.125,2500.0,,Isidoro Beaton Stadium,4.8125
"17.252177777, -88.786366666",Isidoro Beaton Stadium,,,48.125,2500.0,,Isidoro Beaton Stadium,4.8125
"17.252177777, -88.786366666",Isidoro Beaton Stadium,,,48.125,2500.0,,Isidoro Beaton Stadium,4.8125
"51.44, -2.620278",Ashton Gate Stadium,,,810.47274,27699.0,,Ashton Gate Stadium,81.047274
"18.480454, -69.918662",Estadio Olímpico Félix Sánchez,,,1024.1,35000.0,,Estadio Olímpico Félix Sánchez,102.41
"47.4425, 19.155103",Bozsik Stadion,Hungary,Budapest,231,10000.0,HU,Bozsik Stadion,23.1
"22.568889, 88.409167",Salt Lake Stadium,,,2618,68000.0,,Salt Lake Stadium,261.8
"7.33333333, -2.325",Coronation Park,,,231,10000.0,,Coronation Park,23.1
"14.453778, -87.656839",Estadio Carlos Miranda,,,497.42,17000.0,,Estadio Carlos Miranda,49.742
"57.673056, -2.96625",Victoria Park,,,115.5,5000.0,,Victoria Park,11.55
"21.773, -72.212",TCIFA National Academy,,,57.75,3000.0,,TCIFA National Academy,5.775
"-8.557944, 125.580611",National Stadium,,,300.3,13000.0,,National Stadium,30.03
"7.3432, 134.4726",National Stadium,,,77,4000.0,,National Stadium,7.7
"7.3432, 134.4726",National Stadium,,,77,4000.0,,National Stadium,7.7
"23.573055555, 58.399444444",Sultan Qaboos Sports Complex,,,994.84,34000.0,,Sultan Qaboos Sports Complex,99.484
"11.558361, 104.912083",Olympic Stadium,,,1925,50000.0,,Olympic Stadium,192.5
"4.929028, 114.945444",Hassanal Bolkiah National Stadium,,,877.8,30000.0,,Hassanal Bolkiah National Stadium,87.78
"-34.840556, 149.685278",Wakefield Park,,,0,,,Wakefield Park,0
"-33.770556, 150.855278",Blacktown Baseball Stadium,,,57.75,3000.0,,Blacktown Baseball Stadium,5.775
"51.51, -3.581667",Brewery Field,,,184.8,8000.0,,Brewery Field,18.48
"42.878055555, -78.8775",Buffalo Memorial Auditorium,,,331.1847,14337.0,,Buffalo Memorial Auditorium,33.11847
"42.878055555, -78.8775",Buffalo Memorial Auditorium,,,327.25,17000.0,,Buffalo Memorial Auditorium,32.725
"42.344167, -3.680556",Estadio El Plantío,Spain,Castilla y León,468.16,16000.0,ES,Estadio El Plantío,46.816
"13.698333, -88.101111",Estadio Correcaminos,,,277.2,12000.0,,Estadio Correcaminos,27.72
"13.291612, -87.19339",Estadio Fausto Flores Lagos,,,127.05,5500.0,,Estadio Fausto Flores Lagos,12.705
"15.400672, -87.815287",Estadio Humberto Micheletti,,,115.5,5000.0,,Estadio Humberto Micheletti,11.55
"15.400672, -87.815287",Estadio Humberto Micheletti,,,115.5,5000.0,,Estadio Humberto Micheletti,11.55
"15.786107, -86.785945",Estadio Nilmo Edwards,,,731.5,25000.0,,Estadio Nilmo Edwards,73.15
"15.786107, -86.785945",Estadio Nilmo Edwards,,,739.2,32000.0,,Estadio Nilmo Edwards,73.92
"14.556667, 100.905",Saraburi Stadium,,,138.6,6000.0,,Saraburi Stadium,13.86
"3.564722, 98.695556",Teladan Stadium,,,585.2,20000.0,,Teladan Stadium,58.52
"52.7668, -0.372786",Abbey Lawn,,,0,,,Abbey Lawn,0
"-0.29538, 36.073705",Afraha Stadium,,,189.42,8200.0,,Afraha Stadium,18.942
"42.058228631, 24.757789086",Berkut Stadium,Bulgaria,Yuzhen tsentralen,57.75,3000.0,BG,Berkut Stadium,5.775
"-33.887778, 150.873611",Bonnyrigg White Eagles Stadium,,,231,10000.0,,Bonnyrigg White Eagles Stadium,23.1
"37.502567, 126.798999",Bucheon Stadium,,,0,,,Bucheon Stadium,0
"-27.468056, 153.123611","Carmichael Park, Tingalpa",,,77,4000.0,,"Carmichael Park, Tingalpa",7.7
"37.6418, -122.106",Chabot College,,,0,,,Chabot College,0
"15.218954, 100.155546",Chainat Stadium,,,277.2,12000.0,,Chainat Stadium,27.72
"55.8992, -3.6566",Creamery Park,,,0,,,Creamery Park,0
"42.337844, -71.141547",Dean Road station,,,0,,,Dean Road station,0
"54.945055555, -7.696833333",Dry Arch Park,Ireland,Northern and Western,0,,IE,Dry Arch Park,0
"16.618055555, -24.293611111",Estádio João de Deus Lopes da Silva,,,19.25,1000.0,,Estádio João de Deus Lopes da Silva,1.925
"57.4859, -4.238",Grant Street Park,,,2.9645,154.0,,Grant Street Park,0.29645
"2.289080555, 102.233094444",Hang Jebat Stadium,,,1540,40000.0,,Hang Jebat Stadium,154
"53.4444, -2.98422778",Hawthorne Road,,,0,,,Hawthorne Road,0
"-33.007, 27.905",Jan Smuts Stadium,,,0,,,Jan Smuts Stadium,0
"40.6207, -73.9592",John Dewey High School,,,0,,,John Dewey High School,0
"24.9208, 91.8687",Sylhet International Cricket Stadium,,,231,10000.0,,Sylhet International Cricket Stadium,23.1
"-37.968611, 145.090833",Kingston Heath Soccer Complex,,,115.5,5000.0,,Kingston Heath Soccer Complex,11.55
"53.491, -2.529",Leigh Sports Village,,,254.1,11000.0,,Leigh Sports Village,25.41
"32.181115, 34.927071",Levita Stadium,,,133.98,5800.0,,Levita Stadium,13.398
"-5.084590085, -42.820792626",Estádio Lindolfo Monteiro,,,184.8,8000.0,,Estádio Lindolfo Monteiro,18.48
"-5.084590085, -42.820792626",Estádio Lindolfo Monteiro,,,186.6788,12760.0,,Estádio Lindolfo Monteiro,18.66788
"42.4751, -70.9541",Manning Bowl,,,614.46,21000.0,,Manning Bowl,61.446
"40.7146, -73.9065",Metropolitan Oval,,,0,,,Metropolitan Oval,0
"51.519011111, -0.033422222",Mile End Stadium,,,0,,,Mile End Stadium,0
"51.519011111, -0.033422222",Mile End Stadium,,,0,,,Mile End Stadium,0
"42.942025, -78.857666",Nichols School,,,0,,,Nichols School,0
"-6.476573, 106.825181",Cibinong Mini Stadium,,,0,,,Cibinong Mini Stadium,0
"16.443144, 100.324005",Phichit Stadium,,,438.9,15000.0,,Phichit Stadium,43.89
"18.376667, -65.949167",Roberto Clemente Stadium,,,288.75,12500.0,,Roberto Clemente Stadium,28.875
"9.35, 2.61667",Stade Municipal de Parakou,,,184.8,8000.0,,Stade Municipal de Parakou,18.48
"27.5197, -99.5093",Veterans Field,,,115.5,5000.0,,Veterans Field,11.55
"43.7042, -79.6995",Victoria Park Stadium,,,0,,,Victoria Park Stadium,0
"1.412389, 103.832334",Yishun Stadium,,,65.45,3400.0,,Yishun Stadium,6.545
"-20.56800556, -48.56366111",Q9255167,,,323.3076,13996.0,,Q9255167,32.33076
"-20.568056, -48.563611",Q9255167,,,323.3076,13996.0,,Q9255167,32.33076
"-5.134167, -39.733889",Q9255541,,,184.8,8000.0,,Q9255541,18.48
"-1.061944, -46.798611",Estádio São Benedito,,,231,10000.0,,Estádio São Benedito,23.1
"55.5047, 9.71571",Middelfart Stadion,Denmark,Syddanmark,0,,DK,Middelfart Stadion,0
"-33.76722222, 150.94",Gabbie Stadium,,,173.25,7500.0,,Gabbie Stadium,17.325
"46.6075, 16.2292",Beltinci Sports Park,Slovenia,Vzhodna Slovenija,27.73925,1441.0,SI,Beltinci Sports Park,2.773925
"-32.9205, 151.731",Wanderers Oval,,,19.25,1000.0,,Wanderers Oval,1.925
"-27.4394, 153.011","Spencer Park, Queensland",,,231,10000.0,,"Spencer Park, Queensland",23.1
"8.108434, 98.916629",Krabi Provincial Stadium,,,0,,,Krabi Provincial Stadium,0
"55.7507, -4.6361",Bellsdale Park,,,0,,,Bellsdale Park,0
"14.874996, 103.496772",Sri Narong Stadium,,,0,,,Sri Narong Stadium,0
"17.609362, 100.110364",Uttaradit Province Stadium,,,0,,,Uttaradit Province Stadium,0
"10.495956, 99.187734",Chumphon Province Stadium,,,0,,,Chumphon Province Stadium,0
"9.959766, 98.640265",Ranong Province Stadium,,,0,,,Ranong Province Stadium,0
"7.553333, 99.615273",Trang City municipality Stadium,,,0,,,Trang City municipality Stadium,0
"15.394372, 100.016828",Uthai Thani Province Stadium,,,0,,,Uthai Thani Province Stadium,0
"18.302664, 99.473113",Lampang Province Stadium,,,0,,,Lampang Province Stadium,0
"6.578154, 101.297346",Yala City municipality Stadium,,,0,,,Yala City municipality Stadium,0
"51.021944444, -4.208694444","The Sports Ground, Bideford",,,138.6,6000.0,,"The Sports Ground, Bideford",13.86
"-36.92887, 174.66519",Tahurangi / Crum Park,,,0,,,Tahurangi / Crum Park,0
"59.500906809, 17.958505453",Bolstanäs IP,Sweden,Stockholm,0,,SE,Bolstanäs IP,0
"43.368667, -8.417372",Estadio Municipal de Abanca Riazor,,,950.6574,32490.0,,Estadio Municipal de Abanca Riazor,95.06574
"43.476389, -3.793333",Campos de Sport de El Sardinero,,,634.942,21700.0,,Campos de Sport de El Sardinero,63.4942
"40.9875, 29.036666666",Şükrü Saracoğlu Stadium,,,1945.405,50530.0,,Şükrü Saracoğlu Stadium,194.5405
"-1.616666666, -79.116666666",Bolívar Province,,,0,,,Bolívar Province,0
"-32.359708, -54.169328",Estadio Arquitecto Antonio Eleuterio Ubilla,,,0.28875,15.0,,Estadio Arquitecto Antonio Eleuterio Ubilla,0.028875
"14.780751, -88.782272",Estadio Sergio Antonio Reyes,,,57.75,3000.0,,Estadio Sergio Antonio Reyes,5.775
"10.1389, -85.4547",Q431546,,,77,4000.0,,Q431546,7.7
"28.63899444, 77.24235278",Ambedkar Stadium,,,585.2,20000.0,,Ambedkar Stadium,58.52
"-3.254467, -79.962497",Estadio 9 de Mayo,,,482.79,16500.0,,Estadio 9 de Mayo,48.279
"10.674114, -71.645011",Estadio José Pachencho Romero,,,1570.8,40800.0,,Estadio José Pachencho Romero,157.08
"25.722805555, -100.312055555",Estadio Universitario ( El miadero ),,,1742.3945,45257.0,,Estadio Universitario ( El miadero ),174.23945
"38.913933, -6.336406",Estadio Romano,Spain,Extremadura,337.26,14600.0,ES,Estadio Romano,33.726
"18.34462778, -64.92754444",Lionel Roberts Park,,,207.9,9000.0,,Lionel Roberts Park,20.79
"-38.017944, -57.582333",José María Minella Stadium,,,1931.93,50180.0,,José María Minella Stadium,193.193
"-2.178861, -79.894369",Estadio Modelo Alberto Spencer Herrera,,,1848,48000.0,,Estadio Modelo Alberto Spencer Herrera,184.8
"35.8854, -5.3279",Estadio Alfonso Murube,,,150.15,6500.0,,Estadio Alfonso Murube,15.015
"-12.067138888, -77.033722222",National Stadium of Peru,,,1658.811,43086.0,,National Stadium of Peru,165.8811
"31.75305, -106.467814",Estadio Olímpico Benito Juárez,,,652.498,22300.0,,Estadio Olímpico Benito Juárez,65.2498
"31.75305, -106.467814",Estadio Olímpico Benito Juárez,,,652.498,22300.0,,Estadio Olímpico Benito Juárez,65.2498
"-33.395944, -70.500656",Claro Arena,,,585.2,20000.0,,Claro Arena,58.52
"36.038611111, 14.268611111",Gozo Stadium,Malta,Malta,77,4000.0,MT,Gozo Stadium,7.7
"-3.743611, -73.252778",Estadio Max Augustín,,,719.09376,24576.0,,Estadio Max Augustín,71.909376
"-2.9072, -79.005489",Estadio Alejandro Serrano Aguilar,,,0,,,Estadio Alejandro Serrano Aguilar,0
"28.128978, -15.433814",Estadio Insular,,,614.46,21000.0,,Estadio Insular,61.446
"-12.057916, -77.083634",Estadio Universidad San Marcos,,,2597.5565,67469.0,,Estadio Universidad San Marcos,259.75565
"36.77016, -2.8111",Q2880422,Spain,Andalucía,38.5,2000.0,ES,Q2880422,3.85
"3.428504, -76.539873",Coliseo Evangelista Mora,,,64.295,3340.0,,Coliseo Evangelista Mora,6.4295
"31.8475, 35.230278",Faisal Al-Husseini International Stadium,,,288.75,12500.0,,Faisal Al-Husseini International Stadium,28.875
"-16.408803, -71.535024",Estadio Mariano Melgar,,,438.9,15000.0,,Estadio Mariano Melgar,43.89
"9.976422, -84.838781",Estadio Lito Pérez,,,79.02125,4105.0,,Estadio Lito Pérez,7.902125
"-12.067138888, -77.033722222",Estadio Nacional del Perú (1897),,,1663.2,40000.0,,Estadio Nacional del Perú (1897),166.32
"-12.067138888, -77.033722222",Estadio Nacional del Perú (1897),,,1663.2,40000.0,,Estadio Nacional del Perú (1897),166.32
"-12.067138888, -77.033722222",Estadio Nacional del Perú (1897),,,1663.2,40000.0,,Estadio Nacional del Perú (1897),166.32
"42.21083333, 24.3225",Georgi Benkovski Stadium,Bulgaria,Yuzhen tsentralen,0,,BG,Georgi Benkovski Stadium,0
"-1.244772, -78.623069",Estadio Bellavista,,,526.68,18000.0,,Estadio Bellavista,52.668
"-1.244772, -78.623069",Estadio Bellavista,,,526.68,18000.0,,Estadio Bellavista,52.668
"-1.666082, -78.659882",Estadio Olímpico de Riobamba,,,585.2,20000.0,,Estadio Olímpico de Riobamba,58.52
"-1.666082, -78.659882",Estadio Olímpico de Riobamba,,,585.2,20000.0,,Estadio Olímpico de Riobamba,58.52
"-1.666082, -78.659882",Estadio Olímpico de Riobamba,,,585.2,20000.0,,Estadio Olímpico de Riobamba,58.52
"-12.396389, 130.880833",Darwin Football Stadium,,,138.6,6000.0,,Darwin Football Stadium,13.86
"52.559117, -1.3404",De Montfort Park,,,83.33325,4329.0,,De Montfort Park,8.333325
"9.747889, -63.164111",Estadio Alexander Botinni,,,184.8,8000.0,,Estadio Alexander Botinni,18.48
"-8.386389, -74.539167",Estadio Aliardo Soria Pérez,,,438.9,15000.0,,Estadio Aliardo Soria Pérez,43.89
"-8.386389, -74.539167",Estadio Aliardo Soria Pérez,,,442.75,25000.0,,Estadio Aliardo Soria Pérez,44.275
"-0.249708333, -79.148533333",Estadio Etho Vega,,,277.2,12000.0,,Estadio Etho Vega,27.72
"0.96128333, -79.65587778",Estadio Folke Anderson,,,468.16,16000.0,,Estadio Folke Anderson,46.816
"-18.005, -70.253056",Estadio Jorge Basadre,,,580.811,19850.0,,Estadio Jorge Basadre,58.0811
"-14.067981, -75.7389661",Estadio José Picasso Peratta,,,231,10000.0,,Estadio José Picasso Peratta,23.1
"-0.924271, -78.614559",Estadio La Cocha,,,438.9,15000.0,,Estadio La Cocha,43.89
"-1.666082, -78.659882",Estadio Olímpico de Ibarra,,,587.202,18600.0,,Estadio Olímpico de Ibarra,58.7202
"-1.666082, -78.659882",Estadio Olímpico de Ibarra,,,587.202,18600.0,,Estadio Olímpico de Ibarra,58.7202
"-1.666082, -78.659882",Estadio Olímpico de Ibarra,,,587.202,18600.0,,Estadio Olímpico de Ibarra,58.7202
"-0.329167, -78.445",Estadio Rumiñahui,,,184.8,8000.0,,Estadio Rumiñahui,18.48
"-2.25883, -79.8985",Estadio Alejandro Ponce Noboa,,,67.375,3500.0,,Estadio Alejandro Ponce Noboa,6.7375
"-2.25883, -79.8985",Estadio Alejandro Ponce Noboa,,,67.375,3500.0,,Estadio Alejandro Ponce Noboa,6.7375
"-2.25883, -79.8985",Estadio Alejandro Ponce Noboa,,,67.375,3500.0,,Estadio Alejandro Ponce Noboa,6.7375
"-2.25883, -79.8985",Estadio Alejandro Ponce Noboa,,,67.375,3500.0,,Estadio Alejandro Ponce Noboa,6.7375
"39.813055555, -0.23",Q5810375,Spain,Comunitat Valenciana,77,4000.0,ES,Q5810375,7.7
"-31.7192, -61.0928",Q5847720,,,115.5,5000.0,,Q5847720,11.55
"-25.300953, -57.545432",Q5847727,,,38.5,2000.0,,Q5847727,3.85
"7.072194444, -73.864583333",Estadio Daniel Villa Zapata,,,877.8,30000.0,,Estadio Daniel Villa Zapata,87.78
"-0.329136, -78.4451",Q5847915,,,242.55,10500.0,,Q5847915,24.255
"-25.457718, -56.026646",Q5847942,,,161.7,7000.0,,Q5847942,16.17
"3.52638889, -76.30638889",Estadio Francisco Rivera Escobar,,,231,10000.0,,Estadio Francisco Rivera Escobar,23.1
"-25.5533, -54.6297",Q5848047,,,115.5,5000.0,,Q5848047,11.55
"4.139166666, -73.619166666",Estadio Bello Horizonte - Rey Pelé,,,438.9,15000.0,,Estadio Bello Horizonte - Rey Pelé,43.89
"-25.295669, -57.531712",Q5848148,,,67.375,3500.0,,Q5848148,6.7375
"42.7697, -6.63083",Q5848212,Spain,Castilla y León,115.5,5000.0,ES,Q5848212,11.55
"-0.201981, -78.5041",Q5848441,,,438.9,15000.0,,Q5848441,43.89
"9.86389, -84.0825",Q6116014,,,48.125,2500.0,,Q6116014,4.8125
"7.020601, 100.471718",Chira Nakhon Stadium,,,731.5,25000.0,,Chira Nakhon Stadium,73.15
"51.451944, -0.936944",Palmer Park Stadium,,,15.015,780.0,,Palmer Park Stadium,1.5015
"47.4698, -122.248",Starfire Sports,,,86.625,4500.0,,Starfire Sports,8.6625
"53.0112, -1.35627","Town Ground, Heanor",,,0,,,"Town Ground, Heanor",0
"9.946111111, -84.056666666","Estadio José Joaquín ""Coyella"" Fonseca",,,80.85,4200.0,,"Estadio José Joaquín ""Coyella"" Fonseca",8.085
"-33.76722222, 150.94",Gabbie Stadium,,,173.25,7500.0,,Gabbie Stadium,17.325
"9.913055555, -84.137777777",Estadio Nicolás Macís,,,57.75,3000.0,,Estadio Nicolás Macís,5.775
"8.07972, -63.5172",Q16492933,,,48.125,2500.0,,Q16492933,4.8125
"56.0126, -4.7518",Ardencaple Park,,,0,,,Ardencaple Park,0
"-25.092138, -57.525661",Q18761432,,,0,,,Q18761432,0
"-25.390426, -57.1519015",Q20024757,,,0,,,Q20024757,0
"37.190649, -5.77053",Q21006290,Spain,Andalucía,0,,ES,Q21006290,0
"7.81981667, -72.44685278",Q21007127,,,0,,,Q21007127,0
"-33.428502, -70.66948",Estadio de Carabineros,,,0,,,Estadio de Carabineros,0
"55.91, -3.314",Oriam,,,0,,,Oriam,0
"-20.69177, 164.94865",Stade de Hienghène,,,0,,,Stade de Hienghène,0
"56.096388888, -3.37","Keir's Park, Hill of Beath",,,0,,,"Keir's Park, Hill of Beath",0
"-27.729777777, -64.248444444",Estadio Ciudad de La Banda,,,184.8,8000.0,,Estadio Ciudad de La Banda,18.48
"59.421292, 24.73205",A. Le Coq Arena,Estonia,Eesti,331.1616,14336.0,EE,A. Le Coq Arena,33.11616
"44.8025, 20.4664",Slavija Square,RS,City of Belgrade,0,,RS,Slavija Square,0
"35.724417, 51.275528",Azadi Stadium,,,4204.2,84000.0,,Azadi Stadium,420.42
"35.724417, 51.275528",Azadi Stadium,,,4224.8206,84412.0,,Azadi Stadium,422.48206
"41.96812, 21.452619",Cementarnica Stadium,MK,Severna Makedonija,38.5,2000.0,MK,Cementarnica Stadium,3.85
"41.343611, 21.561944",Stadion Goce Delčev,MK,Severna Makedonija,438.9,15000.0,MK,Stadion Goce Delčev,43.89
"42.476389, 1.487667",Estadi Comunal d'Aixovall,,,19.25,1000.0,,Estadi Comunal d'Aixovall,1.925
"42.3926, 18.9244",Stadion Obilića Poljana,ME,Crna Gora,38.5,2000.0,ME,Stadion Obilića Poljana,3.85
"10.303371, -61.441673",Manny Ramjohn Stadium,,,231,10000.0,,Manny Ramjohn Stadium,23.1
"55.716389, 37.656389",Eduard Streltsov Stadium,,,310.695,13450.0,,Eduard Streltsov Stadium,31.0695
"45.783056, 24.143611",Municipal stadium in Sibiu,Romania,Centru,328.02,14200.0,RO,Municipal stadium in Sibiu,32.802
"60.341544, 5.268447",Varden Amfi,Norway,Vestlandet,67.375,3500.0,NO,Varden Amfi,6.7375
"41.315522, 69.260244",Pakhtakor Markaziy Stadium,,,1024.1,35000.0,,Pakhtakor Markaziy Stadium,102.41
"40.707, 72.8722",Tsentral'nyi Stadion,,,138.6,6000.0,,Tsentral'nyi Stadion,13.86
"8.479556, -13.249056",National Stadium,,,1732.5,45000.0,,National Stadium,173.25
"42.255141666, 42.683086111",Ramaz Shengelia Stadium,,,247.17,10700.0,,Ramaz Shengelia Stadium,24.717
"47.766213, 27.933197",Stadionul Orășenesc,,,137.5143,5953.0,,Stadionul Orășenesc,13.75143
"47.9, 106.916111",MFF Football Centre,,,67.375,3500.0,,MFF Football Centre,6.7375
"41.4462, 22.637708",Stadion Mladost,MK,Severna Makedonija,150.15,6500.0,MK,Stadion Mladost,15.015
"50.021889, 36.239917",Dynamo Stadium,,,207.9,9000.0,,Dynamo Stadium,20.79
"53.881388888, 27.6175",Traktor Stadium,,,514.976,17600.0,,Traktor Stadium,51.4976
"42.83722222, 74.60083333",Dynamo Stadion,,,231,10000.0,,Dynamo Stadion,23.1
"42.83722222, 74.60083333",Dynamo Stadion,,,231,10000.0,,Dynamo Stadion,23.1
"32.176675, -110.933367",Veterans Memorial Stadium,,,265.65,11500.0,,Veterans Memorial Stadium,26.565
"41.018056, 21.338889",Stadion Tumbe Kafe,MK,Severna Makedonija,184.8,8000.0,MK,Stadion Tumbe Kafe,18.48
"46.081781, 19.676958",Subotica City Stadium,RS,Autonomous Province of Vojvodina,300.3,13000.0,RS,Subotica City Stadium,30.03
"2.04194444, 45.35666667",Banadir Stadium,,,438.9,15000.0,,Banadir Stadium,43.89
"41.78083333, 44.77611111",Olimpi Stadium,,,57.75,3000.0,,Olimpi Stadium,5.775
"59.3156, 18.05",Zinkensdamms IP,Sweden,Stockholm,150.15,6500.0,SE,Zinkensdamms IP,15.015
"45.0424, 41.97",Dynamo Stadium,,,456.13414,15589.0,,Dynamo Stadium,45.613414
"42.9347, -78.8839",Buffalo State University,,,0,,,Buffalo State University,0
"-16.930278, 145.767222",Barlow Park,,,526.68,18000.0,,Barlow Park,52.668
"42.876116991, 27.890348593","Chernomorets Stadium, Byala",,,20.2125,1050.0,,"Chernomorets Stadium, Byala",2.02125
"30.356897, -81.605682",D. B. Milne Field,,,115.5,5000.0,,D. B. Milne Field,11.55
"-37.625, 145.024722",Epping Stadium,,,231,10000.0,,Epping Stadium,23.1
"18.002422, -66.631785",Estadio Francisco Montaner,,,468.16,16000.0,,Estadio Francisco Montaner,46.816
"-8.757222, -63.910556",Estádio Aluízio Ferreira,,,161.7,7000.0,,Estádio Aluízio Ferreira,16.17
"58.40416667, 15.63166667",Folkungavallen,Sweden,Östra Mellansverige,184.8,8000.0,SE,Folkungavallen,18.48
"41.1728, 20.6842",Gradska Plaža Stadium,MK,Severna Makedonija,9.625,500.0,MK,Gradska Plaža Stadium,0.9625
"43.030388888, 19.742416666",Gradski stadion,ME,Crna Gora,115.5,5000.0,ME,Gradski stadion,11.55
"41.7428, 22.1906",Gradski stadion Štip,MK,Severna Makedonija,77,4000.0,MK,Gradski stadion Štip,7.7
"41.7428, 22.1906",Gradski stadion Štip,MK,Severna Makedonija,77,4000.0,MK,Gradski stadion Štip,7.7
"31.313056, 75.581389",Guru Gobind Singh Stadium,,,643.72,22000.0,,Guru Gobind Singh Stadium,64.372
"41.927222, 25.548889",Haskovo Stadium,Bulgaria,Yuzhen tsentralen,0,,BG,Haskovo Stadium,0
"40.5961, -75.5016",J. Birney Crum Stadium,,,0,,,J. Birney Crum Stadium,0
"3.098708333, 101.593769444",Petaling Jaya Stadium,,,731.5,25000.0,,Petaling Jaya Stadium,73.15
"-33.007, 27.905",Jan Smuts Stadium,,,0,,,Jan Smuts Stadium,0
"41.24111111, 71.54694444",Markaziy Stadium,,,0,,,Markaziy Stadium,0
"36.0791, -95.9137",Memorial High School,,,0,,,Memorial High School,0
"-1.292222, 36.842222",Nairobi City Stadium,,,438.9,15000.0,,Nairobi City Stadium,43.89
"43.564922, 19.533981",Priboj City Stadium,RS,Region Šumadije i Zapadne Srbije,161.7,7000.0,RS,Priboj City Stadium,16.17
"41.105104, 20.812333",SRC Biljanini Izvori,MK,Severna Makedonija,48.125,2500.0,MK,SRC Biljanini Izvori,4.8125
"50.773847, 14.222472",Stadion FK Řezuz Děčín,Czechia,Severozápad,57.75,3000.0,CZ,Stadion FK Řezuz Děčín,5.775
"42.104444, 19.09",Stadion Topolica,ME,Crna Gora,138.6,6000.0,ME,Stadion Topolica,13.86
"44.5606, 27.3727",Stadionul 1 Mai,Romania,Sud-Muntenia,138.6,6000.0,RO,Stadionul 1 Mai,13.86
"44.20223889, 27.38496944",Stadionul Prefab,Romania,Sud-Muntenia,0,,RO,Stadionul Prefab,0
"47.6645, 23.5793",Stadionul Viorel Mateianu,Romania,Nord-Vest,0,,RO,Stadionul Viorel Mateianu,0
"47.4698, -122.248",Starfire Sports,,,86.625,4500.0,,Starfire Sports,8.6625
"47.4698, -122.248",Starfire Sports,,,86.625,4500.0,,Starfire Sports,8.6625
"48.6038, 21.0017",Steel Slovakia aréna,Slovakia,Východné Slovensko,48.125,2500.0,SK,Steel Slovakia aréna,4.8125
"42.6483, -83.3068",Wisner Stadium,,,0,,,Wisner Stadium,0
"56.144848, 9.146501",Ikast Stadion,Denmark,Midtjylland,294.525,12750.0,DK,Ikast Stadion,29.4525
"61.1211, 21.5033",Äijänsuo stadium,Finland,Länsi-Suomi,38.5,2000.0,FI,Äijänsuo stadium,3.85
"41.64111, 25.37806",Arena Arda,Bulgaria,Yuzhen tsentralen,231,10000.0,BG,Arena Arda,23.1
"56.0458, 12.5968",Helsingør Stadion,,,0,,,Helsingør Stadion,0
"58.05178333, 27.04962778",Lootospark,Estonia,Eesti,0,,EE,Lootospark,0
"44.931558, 25.462294",Eugen Popescu Stadium,Romania,Sud-Muntenia,0,,RO,Eugen Popescu Stadium,0
"45.746111111, 21.228333333",Stadionul Știința,Romania,Vest,19.25,1000.0,RO,Stadionul Știința,1.925
"41.9125, 19.2439",Stadion Olympic,ME,Crna Gora,28.875,1500.0,ME,Stadion Olympic,2.8875
"41.791345629, 20.901447483",Gradski stadion Gostivar,MK,Severna Makedonija,19.25,1000.0,MK,Gradski stadion Gostivar,1.925
"52.35970833, 4.90515278",La Rive,Netherlands,Noord-Holland,0.9625,50.0,NL,La Rive,0.09625
"55.4177, 12.9797",Höllvikens IP,,,19.25,1000.0,,Höllvikens IP,1.925
"44.4233, 24.3503",Stadionul 1 Mai (Slatina),Romania,Sud-Vest Oltenia,231,10000.0,RO,Stadionul 1 Mai (Slatina),23.1
"46.81194, 29.55278",Dinamo-Auto Stadium,,,25.025,1300.0,,Dinamo-Auto Stadium,2.5025
"47.475277777, 19.096111111",Groupama Arena,Hungary,Budapest,0,,HU,Groupama Arena,0
"49.061851333, 20.308030833",NTC Poprad,Slovakia,Východné Slovensko,131.67,5700.0,SK,NTC Poprad,13.167
"62.24942, 25.87",Vaajakosken liikuntapuisto,Finland,Länsi-Suomi,0,,FI,Vaajakosken liikuntapuisto,0
"58.3455, 8.59172",J.J. Ugland Stadion – Levermyr,Norway,Agder og Sør-Østlandet,0,,NO,J.J. Ugland Stadion – Levermyr,0
"42.6833, 22.1666",Surdulica City Stadium,RS,Region Južne i Istočne Srbije,63.756,3312.0,RS,Surdulica City Stadium,6.3756
"27.820972222, 52.336972222",Takhti Stadium (Jam),,,438.9,15000.0,,Takhti Stadium (Jam),43.89
"42.456728, 18.577893",Stadion Opačica,ME,Crna Gora,0,,ME,Stadion Opačica,0
"42.450106, 18.643561",Stadion Bijela,ME,Crna Gora,0,,ME,Stadion Bijela,0
"42.365485, 19.21681",Stadion Ljajkovići,ME,Crna Gora,0,,ME,Stadion Ljajkovići,0
"48.023888888, 17.968333333",Stadium FC Neded,Slovakia,Západné Slovensko,28.875,1500.0,SK,Stadium FC Neded,2.8875
"48.58733333, 18.86333333",Mestský štadión Žiar nad Hronom,Slovakia,Stredné Slovensko,44.44825,2309.0,SK,Mestský štadión Žiar nad Hronom,4.444825
"42.431782, 19.244467",Zabjelo Stadium,ME,Crna Gora,0,,ME,Zabjelo Stadium,0
"42.451057, 19.225269",Tološi Stadium,ME,Crna Gora,0,,ME,Tološi Stadium,0
"42.55408333, 19.10294444",Braća Velašević Stadium,ME,Crna Gora,0,,ME,Braća Velašević Stadium,0
"42.956463, 19.580249",Gradski stadion (Mojkovac),ME,Crna Gora,0,,ME,Gradski stadion (Mojkovac),0
"42.823464, 19.515523",Stadion u Lugu,ME,Crna Gora,0,,ME,Stadion u Lugu,0
"57.430749, 25.9202925",Teperis stadium,Latvia,Latvija,19.25,1000.0,LV,Teperis stadium,1.925
"48.696666666, 21.245277777",Košice football arena,Slovakia,Východné Slovensko,290.0205,12555.0,SK,Košice football arena,29.00205
"58.706687, 59.461901",Gornyak Stadium,,,231,10000.0,,Gornyak Stadium,23.1
"45.24892, 19.793708",GAT Arena,RS,Autonomous Province of Vojvodina,26.95,1400.0,RS,GAT Arena,2.695
"51.30680833, 0.89550278",Aquatherm Stadium,,,0,,,Aquatherm Stadium,0
"37.872294, -4.764642",Estadio Nuevo Arcángel,Spain,Andalucía,638.51172,21822.0,ES,Estadio Nuevo Arcángel,63.851172
"28.63899444, 77.24235278",Ambedkar Stadium,,,585.2,20000.0,,Ambedkar Stadium,58.52
"-8.106655, -79.030977",Estadio Mansiche,,,702.24,24000.0,,Estadio Mansiche,70.224
"45.8881692, 13.8944436",Ajdovščina Football Stadium,Slovenia,Zahodna Slovenija,57.75,3000.0,SI,Ajdovščina Football Stadium,5.775
"51.437172, 0.2308",Princes Park,,,78.925,4100.0,,Princes Park,7.8925
"51.393231, -0.172381",Imperial Fields,,,67.375,3500.0,,Imperial Fields,6.7375
"51.460317, 0.116514",Park View Road,,,0,,,Park View Road,0
"25.722805555, -100.312055555",Estadio Universitario ( El miadero ),,,1742.3945,45257.0,,Estadio Universitario ( El miadero ),174.23945
"54.717407, 20.489826",Baltika Stadium,,,86.625,4500.0,,Baltika Stadium,8.6625
"14.33777778, -89.71444444",Estadio La Asunción,,,184.8,8000.0,,Estadio La Asunción,18.48
"51.5478, 0.159867",Victoria Road,,,140.4018,6078.0,,Victoria Road,14.04018
"54.619517, -5.947272",Solitude,,,48.7025,2530.0,,Solitude,4.87025
"12.16407248, 6.66845441",Sardauna Memorial Stadium,,,115.5,5000.0,,Sardauna Memorial Stadium,11.55
"11.861111, -86.243611",Estadio Cacique Diriangén,,,184.8,8000.0,,Estadio Cacique Diriangén,18.48
"19.383389, -99.178225",Ciudad de los Deportes Stadium,,,1028.81086,35161.0,,Ciudad de los Deportes Stadium,102.881086
"-6.768333, -79.860833",Estadio Elías Aguirre,,,716.87,24500.0,,Estadio Elías Aguirre,71.687
"-2.178861, -79.894369",Estadio Modelo Alberto Spencer Herrera,,,1848,48000.0,,Estadio Modelo Alberto Spencer Herrera,184.8
"3.429889, -76.541083",Estadio Olímpico Pascual Guerrero,,,1624.7,42200.0,,Estadio Olímpico Pascual Guerrero,162.47
"10.491278, -66.885492",Estadio Olímpico,,,728.574,24900.0,,Estadio Olímpico,72.8574
"10.491278, -66.885492",Estadio Olímpico,,,728.574,24900.0,,Estadio Olímpico,72.8574
"-12.2201, -76.9349",Hugo Sotil Stadium,,,318.1563,13773.0,,Hugo Sotil Stadium,31.81563
"7.3432, 134.4726",National Stadium,,,77,4000.0,,National Stadium,7.7
"22.355841, 91.767769","District Stadium, Chattogram",,,585.2,20000.0,,"District Stadium, Chattogram",58.52
"7.39638889, 3.88583333",Lekan Salami Stadium,,,526.68,18000.0,,Lekan Salami Stadium,52.668
"14.501944, -90.557778",Estadio Municipal de San Miguel Petapa,,,161.7,7000.0,,Estadio Municipal de San Miguel Petapa,16.17
"39.742777777, -105.0225",McNichols Sports Arena,,,485.716,16600.0,,McNichols Sports Arena,48.5716
"-5.192174, -80.616797",Estadio Miguel Grau,,,526.68,18000.0,,Estadio Miguel Grau,52.668
"28.712778, -106.143889",Estadio Olímpico de la UACH,,,643.72,22000.0,,Estadio Olímpico de la UACH,64.372
"17.904722222, -87.978888888",Ambergris Stadium,,,0,,,Ambergris Stadium,0
"-12.072778, -75.201944",Estadio Huancayo,,,715.407,24450.0,,Estadio Huancayo,71.5407
"-12.072778, -75.201944",Estadio Huancayo,,,715.407,24450.0,,Estadio Huancayo,71.5407
"-12.072778, -75.201944",Estadio Huancayo,,,715.407,24450.0,,Estadio Huancayo,71.5407
"33.748073, 44.657278",Al Ba'quba Stadium,,,0,,,Al Ba'quba Stadium,0
"-10.926667, -37.049167",Batistão,,,323.4,14000.0,,Batistão,32.34
"57.1027, -2.0797","Allan Park, Aberdeen",,,48.125,2500.0,,"Allan Park, Aberdeen",4.8125
"33.1273, -96.6576",Credit Union of Texas Event Center,,,138.7386,6006.0,,Credit Union of Texas Event Center,13.87386
"33.1273, -96.6576",Credit Union of Texas Event Center,,,140.12075,6275.0,,Credit Union of Texas Event Center,14.012075
"51.461231, -0.084061",Champion Hill,,,57.75,3000.0,,Champion Hill,5.775
"51.0866, 1.15945",Cheriton Road,,,150.15,6500.0,,Cheriton Road,15.015
"51.39103889, -0.08586111",Croydon Common Athletic Ground,,,0,,,Croydon Common Athletic Ground,0
"51.1443, 0.25087",Culverden Stadium,,,4.8125,250.0,,Culverden Stadium,0.48125
"51.1443, 0.25087",Culverden Stadium,,,5.775,3750.0,,Culverden Stadium,0.5775
"-12.396389, 130.880833",Darwin Football Stadium,,,138.6,6000.0,,Darwin Football Stadium,13.86
"5.983333333, -0.083333333",Dawu Sports Stadium,,,0,,,Dawu Sports Stadium,0
"32.75156667, 22.66222222",ملعب درنه البلدي,,,0,,,ملعب درنه البلدي,0
"31.143056, 30.6525",Desouk Stadium,,,231,10000.0,,Desouk Stadium,23.1
"39.15213, -77.30633",Maryland SoccerPlex,,,120.12,5200.0,,Maryland SoccerPlex,12.012
"-8.386389, -74.539167",Estadio Aliardo Soria Pérez,,,438.9,15000.0,,Estadio Aliardo Soria Pérez,43.89
"-8.386389, -74.539167",Estadio Aliardo Soria Pérez,,,442.75,25000.0,,Estadio Aliardo Soria Pérez,44.275
"-13.151638888, -74.22",Estadio Ciudad de Cumaná,,,438.9,15000.0,,Estadio Ciudad de Cumaná,43.89
"14.6911, -91.8733",Estadio Israel Barrios,,,585.2,20000.0,,Estadio Israel Barrios,58.52
"-0.964041, -80.70293",Estadio Jocay,,,585.2,20000.0,,Estadio Jocay,58.52
"-13.657969, -73.379257",Estadio Los Chankas,,,231,10000.0,,Estadio Los Chankas,23.1
"-13.6338704, -72.8718556",Estadio Monumental de Condebamba,,,231,10000.0,,Estadio Monumental de Condebamba,23.1
"-8.757222, -63.910556",Estádio Aluízio Ferreira,,,161.7,7000.0,,Estádio Aluízio Ferreira,16.17
"-38.0025, 145.211944",George Andrews Reserve,,,115.5,5000.0,,George Andrews Reserve,11.55
"55.9574, -3.98443",Guy's Meadow,,,0,,,Guy's Meadow,0
"-33.6062, -70.5722",Q5638927,,,36.575,1900.0,,Q5638927,3.6575
"36.4918, -6.13139",Q5770597,Spain,Andalucía,0,,ES,Q5770597,0
"-14.831578, -74.934166",Estadio Municipal de Nasca,,,231,10000.0,,Estadio Municipal de Nasca,23.1
"-40.9059, -73.16075",Q5847848,,,34.65,1800.0,,Q5847848,3.465
"-25.360638888, -57.437555555",Estadio Lic. Erico Galeano Segovia,,,115.5,5000.0,,Estadio Lic. Erico Galeano Segovia,11.55
"3.52638889, -76.30638889",Estadio Francisco Rivera Escobar,,,231,10000.0,,Estadio Francisco Rivera Escobar,23.1
"-15.502666666, -70.123333333",Estadio Guillermo Briceño Rosamedina,,,325.71,14100.0,,Estadio Guillermo Briceño Rosamedina,32.571
"-24.656756, -56.4415526",Q5848049,,,184.8,8000.0,,Q5848049,18.48
"-12.085284, -76.890655",Q5848217,,,115.5,5000.0,,Q5848217,11.55
"-33.4789, -70.5426",Q5848243,,,67.375,3500.0,,Q5848243,6.7375
"-12.063972222, -77.130708333",Estadio Telmo Carbajo,,,115.5,5000.0,,Estadio Telmo Carbajo,11.55
"6.182433, 6.524141",Jay Jay Okocha Stadium,,,184.8,8000.0,,Jay Jay Okocha Stadium,18.48
"42.57488889, -5.56211111",Q6173786,Spain,Castilla y León,88.55,4600.0,ES,Q6173786,8.855
"53.483889, -2.203889",Manchester Regional Arena,,,150.15,6500.0,,Manchester Regional Arena,15.015
"-12.399167, 130.887222",Marrara Stadium,,,438.9,15000.0,,Marrara Stadium,43.89
"51.519011111, -0.033422222",Mile End Stadium,,,0,,,Mile End Stadium,0
"27.334131, 88.611981",Paljor Stadium,,,877.8,30000.0,,Paljor Stadium,87.78
"58.95083333, 5.71888889",SIF Stadion,Norway,Vestlandet,0,,NO,SIF Stadion,0
"32.472803, 74.554431",Sialkot Hockey Stadium,,,115.5,5000.0,,Sialkot Hockey Stadium,11.55
"42.2092, -83.2666",Taylor Sportsplex,,,19.25,1000.0,,Taylor Sportsplex,1.925
"50.875894, 0.587431",The Pilot Field,,,77.9625,4050.0,,The Pilot Field,7.79625
"50.766075, 0.275033",The Saffrons,,,57.75,3000.0,,The Saffrons,5.775
"53.716111, -1.859167",The Shay,,,324.8091,14061.0,,The Shay,32.48091
"51.379036, -0.414775","The Sports Ground, Stompond Lane",,,38.5,2000.0,,"The Sports Ground, Stompond Lane",3.85
"52.4626, -2.15136",War Memorial Athletic Ground,,,0,,,War Memorial Athletic Ground,0
"-7.234675, -39.394469",Q9255273,,,585.2,20000.0,,Q9255273,58.52
"-5.170622, -40.662617",Q9255321,,,0,,,Q9255321,0
"18.574745, 73.760984",Shree Shiv Chhatrapati Sports Complex,,,643.72,22000.0,,Shree Shiv Chhatrapati Sports Complex,64.372
"39.7381, -84.1778",Baujan Field,,,0,,,Baujan Field,0
"39.73811, -84.17744",Baujan Field,,,0,,,Baujan Field,0
"54.93498889, -3.81744444",Islecroft Stadium,,,67.375,3500.0,,Islecroft Stadium,6.7375
"33.89872222, 48.74102778",Takhti Stadium (Khorramabad),,,0,,,Takhti Stadium (Khorramabad),0
"56.5493, -3.26037",Foxhall Park,,,0,,,Foxhall Park,0
"-25.30888889, -57.60611111",Estadio Alfredo Stroessner,,,0,,,Estadio Alfredo Stroessner,0
"-33.559502, -70.681031",Q20014928,,,0,,,Q20014928,0
"-6.697335, -79.904494",Estadio Municipal César Flores Marigorda,,,0,,,Estadio Municipal César Flores Marigorda,0
"51.659166666, -0.063888888",Queen Elizabeth Stadium,,,48.125,2500.0,,Queen Elizabeth Stadium,4.8125
"50.747027777, -1.88675","Victoria Park, Bournemouth",,,0,,,"Victoria Park, Bournemouth",0
"54.638, -1.69271",Blackwell Meadows,,,57.75,3000.0,,Blackwell Meadows,5.775
"-14.2755196, -71.2350774",Q34560771,,,0,,,Q34560771,0
"-12.60165, -69.186813",Q41843977,,,0,,,Q41843977,0
"-37.3326129, -59.143922187",Estadio Municipal General San Martín,,,173.25,7500.0,,Estadio Municipal General San Martín,17.325
"51.455295, 0.1701948",The Oakwood,,,22.715,1180.0,,The Oakwood,2.2715
"48.218775, 11.624752777",Allianz Arena,Germany,Oberbayern,2888.424,75024.0,DE,Allianz Arena,288.8424
"-22.26417143, 166.4679427",Stade Numa-Daly Magenta,,,231,10000.0,,Stade Numa-Daly Magenta,23.1
"43.269241, 5.394907",Stade Vélodrome,France,Provence-Alpes-Côte d’Azur,2594.669,67394.0,FR,Stade Vélodrome,259.4669
"18.426388888, -64.620833333",A.O. Shirley Recreation Ground,,,57.75,3000.0,,A.O. Shirley Recreation Ground,5.775
"59.421292, 24.73205",A. Le Coq Arena,Estonia,Eesti,331.1616,14336.0,EE,A. Le Coq Arena,33.11616
"-9.436667, 159.971389",Lawson Tama Stadium,,,231,10000.0,,Lawson Tama Stadium,23.1
"-9.436667, 159.971389",Lawson Tama Stadium,,,231,25000.0,,Lawson Tama Stadium,23.1
"-3.254467, -79.962497",Estadio 9 de Mayo,,,482.79,16500.0,,Estadio 9 de Mayo,48.279
"39.940094, 32.845681",Ankara 19 Mayıs Stadium,TR,Ankara,562.34794,19219.0,TR,Ankara 19 Mayıs Stadium,56.234794
"20.693888888, -103.416111111",Estadio Tres de Marzo,,,878.2389,30015.0,,Estadio Tres de Marzo,87.82389
"6.309, -10.80411111",Antoinette Tubman Stadium,,,231,10000.0,,Antoinette Tubman Stadium,23.1
"-25.448333, -49.276944",Arena da Baixada,,,831.36438,28413.0,,Arena da Baixada,83.136438
"40.47916667, -3.61166667",Ciudad Real Madrid,Spain,Comunidad de Madrid,0,,ES,Ciudad Real Madrid,0
"14.098447222, -87.203958333",Estadio Nacional Jose de la Paz Herrera,,,1082.62,37000.0,,Estadio Nacional Jose de la Paz Herrera,108.262
"25.722805555, -100.312055555",Estadio Universitario ( El miadero ),,,1742.3945,45257.0,,Estadio Universitario ( El miadero ),174.23945
"37.7659, 29.0823",Denizli Atatürk Stadium,TR,"Aydın, Denizli, Muğla",451.39402,15427.0,TR,Denizli Atatürk Stadium,45.139402
"38.671111, 39.197778",Elazığ Atatürk Stadium,TR,"Malatya, Elazığ, Bingöl, Tunceli",334.1877,14467.0,TR,Elazığ Atatürk Stadium,33.41877
"26.078825, -98.312292",Estadio Adolfo López Mateos,,,161.7,7000.0,,Estadio Adolfo López Mateos,16.17
"-30.908333, -55.548333",Estadio Atilio Paiva Olivera,,,793.9701,27135.0,,Estadio Atilio Paiva Olivera,79.39701
"25.555, -103.403056",Estadio Corona,,,588.126,20100.0,,Estadio Corona,58.8126
"-16.499444, -68.122778",Estadio Hernando Siles,,,1111.88,38000.0,,Estadio Hernando Siles,111.188
"35.8854, -5.3279",Estadio Alfonso Murube,,,150.15,6500.0,,Estadio Alfonso Murube,15.015
"-12.067138888, -77.033722222",National Stadium of Peru,,,1658.811,43086.0,,National Stadium of Peru,165.8811
"7.787166666, -72.197944444",Estadio Polideportivo de Pueblo Nuevo,,,1636.25,42500.0,,Estadio Polideportivo de Pueblo Nuevo,163.625
"9.965427, -84.075455",Estadio Ricardo Saprissa Aymá,,,731.5,25000.0,,Estadio Ricardo Saprissa Aymá,73.15
"61.4925, 23.764167",Tampere Stadium,Finland,Länsi-Suomi,491.568,16800.0,FI,Tampere Stadium,49.1568
"34.518611111, 69.193888888",Ghazi Stadium,,,877.8,30000.0,,Ghazi Stadium,87.78
"38.4373, 27.1508",Alsancak Mustafa Denizli Stadium,TR,İzmir,449.37508,15358.0,TR,Alsancak Mustafa Denizli Stadium,44.937508
"-14.333611, -170.722222",Veterans Memorial Stadium,,,231,10000.0,,Veterans Memorial Stadium,23.1
"36.801055, 3.048111",Omar Hamadi Stadium,,,497.42,17000.0,,Omar Hamadi Stadium,49.742
"16.26888, -61.50881",Stade René Serge Nabajoth,France,Guadeloupe,173.25,7500.0,FR,Stade René Serge Nabajoth,17.325
"31.8475, 35.230278",Faisal Al-Husseini International Stadium,,,288.75,12500.0,,Faisal Al-Husseini International Stadium,28.875
"22.279988, -97.850773",Estadio Tamaulipas,,,575.45642,19667.0,,Estadio Tamaulipas,57.545642
"2.04194444, 45.35666667",Banadir Stadium,,,438.9,15000.0,,Banadir Stadium,43.89
"65.03027778, 25.495",Castrén Stadium,Finland,Pohjois- ja Itä-Suomi,77,4000.0,FI,Castrén Stadium,7.7
"-12.067138888, -77.033722222",Estadio Nacional del Perú (1897),,,1663.2,40000.0,,Estadio Nacional del Perú (1897),166.32
"-12.067138888, -77.033722222",Estadio Nacional del Perú (1897),,,1663.2,40000.0,,Estadio Nacional del Perú (1897),166.32
"-12.067138888, -77.033722222",Estadio Nacional del Perú (1897),,,1663.2,40000.0,,Estadio Nacional del Perú (1897),166.32
"41.023775, 28.87981389",Güngören M.Yahya Baş Stadium,,,175.3059,7589.0,,Güngören M.Yahya Baş Stadium,17.53059
"41.017169, 39.585053",Akçaabat Fatih Stadium,TR,"Trabzon, Ordu, Giresun, Rize, Artvin, Gümüşhane",143.22,6200.0,TR,Akçaabat Fatih Stadium,14.322
"-1.244772, -78.623069",Estadio Bellavista,,,526.68,18000.0,,Estadio Bellavista,52.668
"10.482778, -66.941667",Brígido Iriarte Stadium,,,231,10000.0,,Brígido Iriarte Stadium,23.1
"42.227457, -8.735936",Campo de Coia,Spain,Galicia,0,,ES,Campo de Coia,0
"-33.868333, 151.109444",Concord Oval,,,585.2,20000.0,,Concord Oval,58.52
"51.5584, -0.3723",Earlsmead Stadium,,,59.0975,3070.0,,Earlsmead Stadium,5.90975
"-4.5776797, -81.2659931",Estadio Campeonísimo,,,184.8,8000.0,,Estadio Campeonísimo,18.48
"25.79722222, -109.03138889",Centenario Los Mochis Stadium,,,257.1954,11134.0,,Centenario Los Mochis Stadium,25.71954
"-13.657969, -73.379257",Estadio Los Chankas,,,231,10000.0,,Estadio Los Chankas,23.1
"10.223403, -68.0115",Estadio Misael Delgado,,,231,10000.0,,Estadio Misael Delgado,23.1
"10.970043, 106.672",Go Dau Stadium,,,533.995,18250.0,,Go Dau Stadium,53.3995
"9.280111111, -75.410172222",Q5847777,,,115.5,5000.0,,Q5847777,11.55
"28.4967, -16.3194",Francisco Peraza Municipal Stadium,Spain,Canarias,184.8,8000.0,ES,Francisco Peraza Municipal Stadium,18.48
"37.581083015, -4.657988732",Q5848235,Spain,Andalucía,115.5,5000.0,ES,Q5848235,11.55
"28.046222222, -15.490694444",Q5848261,Spain,Canarias,21.175,1100.0,ES,Q5848261,2.1175
"5.35, -72.41",Santiago de las Atalayas Stadium,,,142.8966,6186.0,,Santiago de las Atalayas Stadium,14.28966
"-12.063972222, -77.130708333",Estadio Telmo Carbajo,,,115.5,5000.0,,Estadio Telmo Carbajo,11.55
"-12.063972222, -77.130708333",Estadio Telmo Carbajo,,,115.5,5000.0,,Estadio Telmo Carbajo,11.55
"28.391863888, -16.516633333",Estadio municipal Los Cuartos,Spain,Canarias,150.15,6500.0,ES,Estadio municipal Los Cuartos,15.015
"40.445081, -3.69278",Hipódromo de la Castellana,Spain,Comunidad de Madrid,0,,ES,Hipódromo de la Castellana,0
"1.497575, 103.751372222",Tan Sri Dato Haji Hassan Yunos Stadium,,,877.8,30000.0,,Tan Sri Dato Haji Hassan Yunos Stadium,87.78
"60.2621, 24.83818333",Myyrmäen jalkapallostadion,Finland,Helsinki-Uusimaa,90.475,4700.0,FI,Myyrmäen jalkapallostadion,9.0475
"39.7711, -86.1779",IU Michael A. Carroll Track & Soccer Stadium,,,279.51,12100.0,,IU Michael A. Carroll Track & Soccer Stadium,27.951
"39.039128, -94.35756",Independence Events Center,,,133.98,5800.0,,Independence Events Center,13.398
"37.1917, 33.2203",Kemal Kaynas Stadyum,TR,"Konya, Karaman",43.428,2256.0,TR,Kemal Kaynas Stadyum,4.3428
"37.1917, 33.2203",Kemal Kaynas Stadyum,TR,"Konya, Karaman",44.24112,3024.0,TR,Kemal Kaynas Stadyum,4.424112
"41.003895, 39.706711",Yavuz Selim Stadium,TR,"Trabzon, Ordu, Giresun, Rize, Artvin, Gümüşhane",0,,TR,Yavuz Selim Stadium,0
"36.5851, 36.1553",İskenderun 5 Temmuz Stadium,TR,"Hatay, Kahramanmaraş, Osmaniye",286.209,12390.0,TR,İskenderun 5 Temmuz Stadium,28.6209
"4.655924, -74.084094",Q6058401,,,0,,,Q6058401,0
"40.200499706, 29.04793538",Bursa Merinos Stadium,TR,"Bursa, Eskişehir, Bilecik",0,,TR,Bursa Merinos Stadium,0
"-33.0225, -71.5393",Valparaiso Sporting Club,,,0,,,Valparaiso Sporting Club,0
"1.34672, 103.73",Jurong East Stadium,,,0,,,Jurong East Stadium,0
"39.790175, -86.189185",Kuntz Memorial Soccer Stadium,,,157.08,6800.0,,Kuntz Memorial Soccer Stadium,15.708
"-3.36888889, 36.68583333",Sheikh Amri Abeid Memorial Stadium,,,585.2,20000.0,,Sheikh Amri Abeid Memorial Stadium,58.52
"-31.91647, 115.879111",Inglewood Stadium,,,127.8816,5536.0,,Inglewood Stadium,12.78816
"-28.580575, -70.758817",Q8842868,,,138.6,6000.0,,Q8842868,13.86
"-2.536286, -44.289145",Estádio Nhozinho Santos,,,482.79,16500.0,,Estádio Nhozinho Santos,48.279
"-23.94575, -46.364055555",Spain Stadium,,,0,,,Spain Stadium,0
"-10.706478, -48.408625",General Sampaio Stadium,,,77,4000.0,,General Sampaio Stadium,7.7
"-23.273861111, -45.941416666",Stravos Papadopoulos Stadium,,,0,,,Stravos Papadopoulos Stadium,0
"43.149116666, -5.8228",Q16564683,Spain,Principado de Asturias,0,,ES,Q16564683,0
"38.011944444, -3.3825",Q20154624,Spain,Andalucía,138.6,6000.0,ES,Q20154624,13.86
"7.81981667, -72.44685278",Q21007127,,,0,,,Q21007127,0
"13.966975, 100.587001",Rangsit University Stadium,,,0,,,Rangsit University Stadium,0
"9.965555555, -84.047777777","Estadio Luis Ángel ""Pipilo"" Umaña",,,38.5,2000.0,,"Estadio Luis Ángel ""Pipilo"" Umaña",3.85
"26.044444444, -98.285",Unidad Deportiva Solidaridad,,,0,,,Unidad Deportiva Solidaridad,0
"41.058950253, 29.109533282",Ümraniye Belediyesi Şehir Stadium,TR,İstanbul,0,,TR,Ümraniye Belediyesi Şehir Stadium,0
"-19.589166666, -65.753333333",Potosí,,,0,,,Potosí,0
"-8.106655, -79.030977",Estadio Mansiche,,,702.24,24000.0,,Estadio Mansiche,70.224
"-3.254467, -79.962497",Estadio 9 de Mayo,,,482.79,16500.0,,Estadio 9 de Mayo,48.279
"-3.254467, -79.962497",Estadio 9 de Mayo,,,482.79,16500.0,,Estadio 9 de Mayo,48.279
"-38.88, -62.075",Punta Alta,,,0,,,Punta Alta,0
"-1.048486, -80.45395",Estadio Reales Tamarindos,,,731.5,25000.0,,Estadio Reales Tamarindos,73.15
"-38.742778, -72.619722",Estadio Municipal Germán Becker,,,530.3375,18125.0,,Estadio Municipal Germán Becker,53.03375
"6.2568, -75.590172",Atanasio Girardot Sports Complex,,,1771,46000.0,,Atanasio Girardot Sports Complex,177.1
"33.9969, -118.329",Crenshaw High School,,,0,,,Crenshaw High School,0
"-16.40729, -71.520203",Arequipa Stadium,,,1554.245,40370.0,,Arequipa Stadium,155.4245
"-6.768333, -79.860833",Estadio Elías Aguirre,,,716.87,24500.0,,Estadio Elías Aguirre,71.687
"-12.067138888, -77.033722222",National Stadium of Peru,,,1658.811,43086.0,,National Stadium of Peru,165.8811
"31.75305, -106.467814",Estadio Olímpico Benito Juárez,,,652.498,22300.0,,Estadio Olímpico Benito Juárez,65.2498
"10.491278, -66.885492",Estadio Olímpico,,,728.574,24900.0,,Estadio Olímpico,72.8574
"36.038611111, 14.268611111",Gozo Stadium,Malta,Malta,77,4000.0,MT,Gozo Stadium,7.7
"-17.54, -149.552",Stade Pater Te Hono Nui,,,438.9,15000.0,,Stade Pater Te Hono Nui,43.89
"7.3432, 134.4726",National Stadium,,,77,4000.0,,National Stadium,7.7
"22.154523, 113.553266",Estádio Campo Desportivo,,,468.16,16000.0,,Estádio Campo Desportivo,46.816
"-13.836756, -171.75195",National Soccer Stadium,,,67.375,3500.0,,National Soccer Stadium,6.7375
"-4.001025, -79.196536111",Estadio Federativo Reina del Cisne,,,344.9985,14935.0,,Estadio Federativo Reina del Cisne,34.49985
"-3.743611, -73.252778",Estadio Max Augustín,,,719.09376,24576.0,,Estadio Max Augustín,71.909376
"-3.743611, -73.252778",Estadio Max Augustín,,,719.09376,24576.0,,Estadio Max Augustín,71.909376
"-3.743611, -73.252778",Estadio Max Augustín,,,719.09376,24576.0,,Estadio Max Augustín,71.909376
"29.730277777, -95.435",Lakewood Church Central Campus,,,458.67976,15676.0,,Lakewood Church Central Campus,45.867976
"32.506067, -116.993092",Caliente Stadium,,,799.76358,27333.0,,Caliente Stadium,79.976358
"-2.9072, -79.005489",Estadio Alejandro Serrano Aguilar,,,0,,,Estadio Alejandro Serrano Aguilar,0
"-33.318144, -62.036085",Ceferino López stadium,,,19.25,1000.0,,Ceferino López stadium,1.925
"-16.408803, -71.535024",Estadio Mariano Melgar,,,438.9,15000.0,,Estadio Mariano Melgar,43.89
"29.107694, -110.995764",Estadio Héroe de Nacozari,,,877.8,30000.0,,Estadio Héroe de Nacozari,87.78
"25.680842, -100.288233",Monterrey Arena,,,877.8,30000.0,,Monterrey Arena,87.78
"9.344049, -79.89584",Estadio Armando Dely Valdés,,,77,4000.0,,Estadio Armando Dely Valdés,7.7
"15.400672, -87.815287",Estadio Humberto Micheletti,,,115.5,5000.0,,Estadio Humberto Micheletti,11.55
"9.991111111, -83.033055555",Estadio Juan Gobán,,,45.21825,2349.0,,Estadio Juan Gobán,4.521825
"4.429509, -75.218325",Estadio Manuel Murillo Toro,,,885.96354,30279.0,,Estadio Manuel Murillo Toro,88.596354
"10.993889, -74.806944",Estadio Romelio Martínez,,,254.1,11000.0,,Estadio Romelio Martínez,25.41
"-33.457288, -70.609445",Campos de Sports de Ñuñoa,,,585.2,20000.0,,Campos de Sports de Ñuñoa,58.52
"-12.067138888, -77.033722222",Estadio Nacional del Perú (1897),,,1663.2,40000.0,,Estadio Nacional del Perú (1897),166.32
"-12.067138888, -77.033722222",Estadio Nacional del Perú (1897),,,1663.2,40000.0,,Estadio Nacional del Perú (1897),166.32
"39.31, 16.2308",Stadio San Vito,Italy,Calabria,614.07962,20987.0,IT,Stadio San Vito,61.407962
"-12.072778, -75.201944",Estadio Huancayo,,,715.407,24450.0,,Estadio Huancayo,71.5407
"-36.72, -73.10861111",Coliseo La Tortuga,,,122.43,5300.0,,Coliseo La Tortuga,12.243
"-11.101, -77.6045",Estadio Carlos Vidaurre García,,,115.5,5000.0,,Estadio Carlos Vidaurre García,11.55
"-11.101, -77.6045",Estadio Carlos Vidaurre García,,,113.19,7000.0,,Estadio Carlos Vidaurre García,11.319
"-35.419722, -71.673889",Estadio Fiscal de Talca,,,470.2082,16070.0,,Estadio Fiscal de Talca,47.02082
"0.96128333, -79.65587778",Estadio Folke Anderson,,,468.16,16000.0,,Estadio Folke Anderson,46.816
"-0.964041, -80.70293",Estadio Jocay,,,585.2,20000.0,,Estadio Jocay,58.52
"-27.483778, -58.829883",Estadio José Antonio Romero Feris,,,443.93272,15172.0,,Estadio José Antonio Romero Feris,44.393272
"-0.924271, -78.614559",Estadio La Cocha,,,438.9,15000.0,,Estadio La Cocha,43.89
"5.542233, -73.353131",Estadio La Independencia,,,603.6338,20630.0,,Estadio La Independencia,60.36338
"10.223403, -68.0115",Estadio Misael Delgado,,,231,10000.0,,Estadio Misael Delgado,23.1
"-12.1719524, -77.0274801",Estadio Municipal de Chorrillos,,,438.9,15000.0,,Estadio Municipal de Chorrillos,43.89
"-1.666082, -78.659882",Estadio Olímpico de Ibarra,,,587.202,18600.0,,Estadio Olímpico de Ibarra,58.7202
"-1.666082, -78.659882",Estadio Olímpico de Ibarra,,,587.202,18600.0,,Estadio Olímpico de Ibarra,58.7202
"-33.47271944, -70.58486389",Q5479898,,,6.06375,315.0,,Q5479898,0.606375
"-25.276676, -57.520382",Q5847733,,,30.8,1600.0,,Q5847733,3.08
"-22.3183, -68.9289",Q5847761,,,0,,,Q5847761,0
"19.231895, -103.73753",Estadio Colima,,,115.5,5000.0,,Estadio Colima,11.55
"3.52638889, -76.30638889",Estadio Francisco Rivera Escobar,,,231,10000.0,,Estadio Francisco Rivera Escobar,23.1
"25.582361111, -108.478472222",Guasave 89,,,497.42,17000.0,,Guasave 89,49.742
"42.1664, -1.74833",Q5848077,Spain,La Rioja,77,4000.0,ES,Q5848077,7.7
"-34.6391, -71.3684",Estadio Municipal Joaquín Muñoz García,,,115.5,5000.0,,Estadio Municipal Joaquín Muñoz García,11.55
"8.711777777, -75.827638888",Estadio Jaraguay,,,277.2,12000.0,,Estadio Jaraguay,27.72
"37.581083015, -4.657988732",Q5848235,Spain,Andalucía,115.5,5000.0,ES,Q5848235,11.55
"-2.16949, -79.8403",Pablo Sandiford Stadium,,,38.5,2000.0,,Pablo Sandiford Stadium,3.85
"-0.201981, -78.5041",Q5848441,,,438.9,15000.0,,Q5848441,43.89
"16.467275, 107.597581",Independence Stadium,,,0,,,Independence Stadium,0
"36.1933, 50.0112",Q5951506,,,0,,,Q5951506,0
"-37.665278, 144.916111",John Ilhan Memorial Reserve,,,115.5,5000.0,,John Ilhan Memorial Reserve,11.55
"-42.831389, 147.276944",KGV Park,,,77,4000.0,,KGV Park,7.7
"22.1525, 113.56805556",Macau University of Science and Technology Sports Field,,,32.417,1684.0,,Macau University of Science and Technology Sports Field,3.2417
"22.1525, 113.56805556",Macau University of Science and Technology Sports Field,,,32.417,1684.0,,Macau University of Science and Technology Sports Field,3.2417
"37.994036, -1.112783",Palacio de Deportes de Murcia,Spain,Región de Murcia,172.1874,7454.0,ES,Palacio de Deportes de Murcia,17.21874
"18.2262229, -66.0341835",Parque Yldefonso Solá Morales,,,231,10000.0,,Parque Yldefonso Solá Morales,23.1
"51.542222, 0.021389",The Old Spotted Dog Ground,,,38.5,2000.0,,The Old Spotted Dog Ground,3.85
"1.412389, 103.832334",Yishun Stadium,,,65.45,3400.0,,Yishun Stadium,6.545
"9.946111111, -84.056666666","Estadio José Joaquín ""Coyella"" Fonseca",,,80.85,4200.0,,"Estadio José Joaquín ""Coyella"" Fonseca",8.085
"0.05090556, -78.138825",Estadio Guillermo Albornoz,,,277.2,12000.0,,Estadio Guillermo Albornoz,27.72
"-11.413866, -75.683442",Union Tarma Stadium,,,161.7,7000.0,,Union Tarma Stadium,16.17
"22.33829, 114.20735",Hammer Hill Sports Ground,,,0,,,Hammer Hill Sports Ground,0
"17.0802048, -96.7465228",Estadio Tecnológico de Oaxaca,,,438.9,15000.0,,Estadio Tecnológico de Oaxaca,43.89
"-35.001232, -71.380139",Estadio Municipal de Sagrada Familia,,,19.25,1000.0,,Estadio Municipal de Sagrada Familia,1.925
"-2.887222222, -78.785277777",Q17631514,,,0,,,Q17631514,0
"16.179194444, -22.909305555",Estadio Municipal Arsénio Ramos,,,57.75,3000.0,,Estadio Municipal Arsénio Ramos,5.775
"37.437749, 126.733782",Namdong Asiad Rugby Field,,,0,,,Namdong Asiad Rugby Field,0
"-33.287212, -66.340921",Q20014127,,,277.2,12000.0,,Q20014127,27.72
"60.234757, 24.96253",Oulunkylä Stadium,Finland,Helsinki-Uusimaa,42.35,2200.0,FI,Oulunkylä Stadium,4.235
"31.2793, 48.7797",Foolad Khuzestan Stadium,,,0,,,Foolad Khuzestan Stadium,0
"-33.925277777, 18.423888888",Cape Town,,,0,,,Cape Town,0
"40.9875, 29.036666666",Şükrü Saracoğlu Stadium,,,1945.405,50530.0,,Şükrü Saracoğlu Stadium,194.5405
"19.405278, -99.099722",Palacio de los Deportes,,,585.2,20000.0,,Palacio de los Deportes,58.52
"46.069658, 14.499624",ŽAK Stadium,Slovenia,Zahodna Slovenija,76.7305,3986.0,SI,ŽAK Stadium,7.67305
"6.309, -10.80411111",Antoinette Tubman Stadium,,,231,10000.0,,Antoinette Tubman Stadium,23.1
"52.94, -1.132778",City Ground,,,889.62104,30404.0,,City Ground,88.962104
"51.449539, 0.322272",Stonebridge Road,,,115.7541,5011.0,,Stonebridge Road,11.57541
"2.83139, -60.6606",Estádio Flamarion Vasconcelos,,,231,10000.0,,Estádio Flamarion Vasconcelos,23.1
"46.5625, 15.640556",Ljudski vrt,Slovenia,Vzhodna Slovenija,300.1614,12994.0,SI,Ljudski vrt,30.01614
"-34.177777777, -70.7375",Estadio El Teniente,,,446.27352,15252.0,,Estadio El Teniente,44.627352
"13.917989, 100.547411",Thunderdome Stadium,,,438.9,15000.0,,Thunderdome Stadium,43.89
"27.471417, 89.641056",Changlimithang Stadium,,,731.5,25000.0,,Changlimithang Stadium,73.15
"36.8533, -76.2867",Norfolk Scope,,,200.9931,8701.0,,Norfolk Scope,20.09931
"27.695052, 85.314835",Dasarath Rangasala Stadium,,,877.8,30000.0,,Dasarath Rangasala Stadium,87.78
"43.6323, -79.6535",Paramount Fine Foods Centre,,,124.74,5400.0,,Paramount Fine Foods Centre,12.474
"55.8597, -3.95975",Excelsior Stadium,,,234.927,10170.0,,Excelsior Stadium,23.4927
"40.76305556, 29.85416667",İsmetpaşa Stadium,TR,"Kocaeli, Sakarya, Düzce, Bolu, Yalova",490.105,16750.0,TR,İsmetpaşa Stadium,49.0105
"31.1509, 29.8485",Haras El Hodoud Stadium,,,643.72,22000.0,,Haras El Hodoud Stadium,64.372
"7.3432, 134.4726",National Stadium,,,77,4000.0,,National Stadium,7.7
"7.3432, 134.4726",National Stadium,,,77,4000.0,,National Stadium,7.7
"46.136967, 14.602343",Domžale Sports Park,Slovenia,Zahodna Slovenija,54.15025,2813.0,SI,Domžale Sports Park,5.415025
"38.83823, 65.81354",Markaziy Stadium,,,340.725,14750.0,,Markaziy Stadium,34.0725
"46.293333333, 16.344166666",Stadion Varteks,Croatia,Sjeverna Hrvatska,249.48,10800.0,HR,Stadion Varteks,24.948
"11.558361, 104.912083",Olympic Stadium,,,1925,50000.0,,Olympic Stadium,192.5
"-17.80222222, 177.42083333",Prince Charles Park,,,231,10000.0,,Prince Charles Park,23.1
"25.680842, -100.288233",Monterrey Arena,,,877.8,30000.0,,Monterrey Arena,87.78
"31.92749977, 35.95305634",King Abdullah Stadium,,,585.2,20000.0,,King Abdullah Stadium,58.52
"45.440833, 17.663333",Kamen Ingrad Stadium,Croatia,Panonska Hrvatska,184.8,8000.0,HR,Kamen Ingrad Stadium,18.48
"45.804722, 15.960833",Stadion Kranjčevićeva,Croatia,Grad Zagreb,204.435,8850.0,HR,Stadion Kranjčevićeva,20.4435
"13.291612, -87.19339",Estadio Fausto Flores Lagos,,,127.05,5500.0,,Estadio Fausto Flores Lagos,12.705
"14.321416, -87.670764",Estadio Roberto Suazo Cordoba,,,184.8,8000.0,,Estadio Roberto Suazo Cordoba,18.48
"32.22496, 35.25122",Nablus Football Stadium,,,0,,,Nablus Football Stadium,0
"46.668611, 16.1575",Fazanerija City Stadium,Slovenia,Vzhodna Slovenija,72.8035,3782.0,SI,Fazanerija City Stadium,7.28035
"32.363317, 15.045969",Misurata Stadium,,,231,10000.0,,Misurata Stadium,23.1
"3.564722, 98.695556",Teladan Stadium,,,585.2,20000.0,,Teladan Stadium,58.52
"3.564722, 98.695556",Teladan Stadium,,,585.2,20000.0,,Teladan Stadium,58.52
"31.0218765, 46.2508193",Nasiriyah Stadium,,,0,,,Nasiriyah Stadium,0
"31.163500927, 46.239880448",Nasiriyah Stadium,,,0,,,Nasiriyah Stadium,0
"32.000833333, 34.748472222",Bat Yam Municipal Stadium,,,59.675,3100.0,,Bat Yam Municipal Stadium,5.9675
"43.5306, -79.8625",Bishop Reding Catholic Secondary School,,,0,,,Bishop Reding Catholic Secondary School,0
"40.9578, -74.2439",DePaul Catholic High School,,,0,,,DePaul Catholic High School,0
"33.7154, -78.8665",Doug Shaw Memorial Stadium,,,150.15,6500.0,,Doug Shaw Memorial Stadium,15.015
"35.850556, 50.958333",Enghelab Stadium,,,438.9,15000.0,,Enghelab Stadium,43.89
"-37.625, 145.024722",Epping Stadium,,,231,10000.0,,Epping Stadium,23.1
"25.79722222, -109.03138889",Centenario Los Mochis Stadium,,,257.1954,11134.0,,Centenario Los Mochis Stadium,25.71954
"-13.6338704, -72.8718556",Estadio Monumental de Condebamba,,,231,10000.0,,Estadio Monumental de Condebamba,23.1
"-33.586667, -70.635833",Estadio Municipal de La Pintana,,,138.6,6000.0,,Estadio Municipal de La Pintana,13.86
"-8.757222, -63.910556",Estádio Aluízio Ferreira,,,161.7,7000.0,,Estádio Aluízio Ferreira,16.17
"-23.518083333, -46.68525",Estádio Nicolau Alayon,,,223.146,9660.0,,Estádio Nicolau Alayon,22.3146
"17.9527, -76.9028",Ferdi Neita Sports Complex,,,57.75,3000.0,,Ferdi Neita Sports Complex,5.775
"-28.0392, 153.4198",H & A Oval,,,0,,,H & A Oval,0
"-23.1046, -70.4463",Q5848227,,,28.875,1500.0,,Q5848227,2.8875
"47.5223, -122.029",Issaquah High School,,,0,,,Issaquah High School,0
"-37.763056, 145.023611",John Cain Memorial Reserve,,,115.5,5000.0,,John Cain Memorial Reserve,11.55
"34.698508333, 135.829194444",Kōnoike Athletic Stadium,,,877.8,30000.0,,Kōnoike Athletic Stadium,87.78
"56.7139, -2.45908",Links Park,,,63.371,3292.0,,Links Park,6.3371
"44.909091, -93.511296",Minnetonka High School,,,0,,,Minnetonka High School,0
"37.840482, -122.146077",Miramonte High School,,,0,,,Miramonte High School,0
"36.5922, -121.884",Monterey Peninsula College,,,0,,,Monterey Peninsula College,0
"-41.429722, 147.151667",NTCA Ground,,,231,10000.0,,NTCA Ground,23.1
"55.0688, 15.1192",Nexø Stadion,Denmark,Hovedstaden,57.75,3000.0,DK,Nexø Stadion,5.775
"29.87395, 121.577466666",Ningbo Sports Development Center,,,0,,,Ningbo Sports Development Center,0
"9.042778, 7.488889",Old Parade Ground,,,0,,,Old Parade Ground,0
"38.3893, 21.81488",Papacharalambeio National Stadium,Greece,Western Greece,31.7625,1650.0,Greece,Papacharalambeio National Stadium,3.17625
"23.714281, 92.735391",Rajiv Gandhi Stadium Mualpui,,,585.2,20000.0,,Rajiv Gandhi Stadium Mualpui,58.52
"54.624294, -5.921925",Seaview,,,65.12275,3383.0,,Seaview,6.512275
"24.334584, 56.743017",Sohar Regional Sports Complex,,,555.94,19000.0,,Sohar Regional Sports Complex,55.594
"53.185078, -6.810678",Station Road,Ireland,Eastern and Midland,48.125,2500.0,IE,Station Road,4.8125
"19.2987, -81.3767",T.E. McField Sports Centre,,,48.125,2500.0,,T.E. McField Sports Centre,4.8125
"23.321111, 120.313889",Tainan County Stadium,,,877.8,30000.0,,Tainan County Stadium,87.78
"42.0913, -72.6165",The Big E Coliseum,,,138.6,6000.0,,The Big E Coliseum,13.86
"-19.7394, -47.9397",Uberabão,,,731.5,25000.0,,Uberabão,73.15
"8.4536, 39.2225",Wonji Stadium,,,0,,,Wonji Stadium,0
"-17.730278, -48.162778",Q9255216,,,115.5,5000.0,,Q9255216,11.55
"-7.016011, -37.283642",Q9255298,,,184.8,8000.0,,Q9255298,18.48
"-21.127222, -42.337778",Q9255543,,,115.5,5000.0,,Q9255543,11.55
"-22.78553056, -43.42149722",Niélsen Louzada Stadium,,,0,,,Niélsen Louzada Stadium,0
"46.1561, 14.6317",Dob Sports Park,Slovenia,Zahodna Slovenija,7.7,400.0,SI,Dob Sports Park,0.77
"45.8035, 15.1585",Portoval Stadium,Slovenia,Vzhodna Slovenija,28.875,1500.0,SI,Portoval Stadium,2.8875
"32.059737, 118.751832",Hohai University Stadium,,,0,,,Hohai University Stadium,0
"-34.008936, 25.679037",NMU Stadium,,,438.9,15000.0,,NMU Stadium,43.89
"23.62764444, 90.49324444",Narayanganj Osmani Stadium,,,0,,,Narayanganj Osmani Stadium,0
"19.7667, 96.0727",Wunna Theikdi Stadium,,,877.8,30000.0,,Wunna Theikdi Stadium,87.78
"46.3833, 16.0481",Zavrč Sports Park,Slovenia,Vzhodna Slovenija,23.1,1200.0,SI,Zavrč Sports Park,2.31
"5.89944, 5.68325",Sapele Stadium,,,0,,,Sapele Stadium,0
"-19.24982, 146.80666",Townsville Sports Reserve,,,0,,,Townsville Sports Reserve,0
"17.02125, -25.076805555",Estádio Municipal do Porto Novo,,,48.125,2500.0,,Estádio Municipal do Porto Novo,4.8125
"-34.875203, 138.643102",T.K. Shutter Reserve,,,0,,,T.K. Shutter Reserve,0
"30.591666666, 31.476944444",Zagazig Stadium,,,0,,,Zagazig Stadium,0
"-23.723416666, -46.612861111",Estádio Distrital do Inamar,,,0,,,Estádio Distrital do Inamar,0
"17.1299944, 102.4237025",Nong Bua Lamphu Province Stadium,,,0,,,Nong Bua Lamphu Province Stadium,0
"35.151154, 33.340512",Keravnos Strovolou Stadium,Cyprus,Kýpros,0,,CY,Keravnos Strovolou Stadium,0
"60.041892787, 17.689410989",Skogsvallen IP,Sweden,Östra Mellansverige,0,,SE,Skogsvallen IP,0
"42.22389, -8.45039",Q115956299,Spain,Galicia,0,,ES,Q115956299,0
"38.649166666, -121.518055555",ARCO Arena,,,483.28742,16517.0,,ARCO Arena,48.328742
"45.544167, 11.555556",Stadio Romeo Menti,Italy,Veneto,280.9653,12163.0,IT,Stadio Romeo Menti,28.09653
"40.9875, 29.036666666",Şükrü Saracoğlu Stadium,,,1945.405,50530.0,,Şükrü Saracoğlu Stadium,194.5405
"-9.436667, 159.971389",Lawson Tama Stadium,,,231,10000.0,,Lawson Tama Stadium,23.1
"-9.436667, 159.971389",Lawson Tama Stadium,,,231,25000.0,,Lawson Tama Stadium,23.1
"18.21686667, -63.05099167",Ronald Webster Park,,,77,4000.0,,Ronald Webster Park,7.7
"18.21686667, -63.05099167",Ronald Webster Park,,,77,4000.0,,Ronald Webster Park,7.7
"37.706666666, -122.418611111",Cow Palace,,,299.2143,12953.0,,Cow Palace,29.92143
"15.507455555, -88.033416666",Estadio General Francisco Morazán,,,783.61206,26781.0,,Estadio General Francisco Morazán,78.361206
"43.153888888, -77.610833333",Blue Cross Arena,,,323.4,14000.0,,Blue Cross Arena,32.34
"2.83139, -60.6606",Estádio Flamarion Vasconcelos,,,231,10000.0,,Estádio Flamarion Vasconcelos,23.1
"16.971215252, -88.22133944",Carl Ramos Stadium,,,67.375,3500.0,,Carl Ramos Stadium,6.7375
"27.471417, 89.641056",Changlimithang Stadium,,,731.5,25000.0,,Changlimithang Stadium,73.15
"44.053056, 12.577222",Stadio Romeo Neri,Italy,Emilia-Romagna,225.6408,9768.0,IT,Stadio Romeo Neri,22.56408
"12.513055555, -70.023611111",Guillermo Prospero Trinidad Stadium,,,127.05,5500.0,,Guillermo Prospero Trinidad Stadium,12.705
"14.453778, -87.656839",Estadio Carlos Miranda,,,497.42,17000.0,,Estadio Carlos Miranda,49.742
"18.393333, -66.150833",Juan Ramón Loubriel Stadium,,,643.72,22000.0,,Juan Ramón Loubriel Stadium,64.372
"14.00420278, -60.98463889",Mindoo Philip Park,,,115.5,5000.0,,Mindoo Philip Park,11.55
"17.504444444, -88.189166666",MCC Grounds,,,38.5,2000.0,,MCC Grounds,3.85
"26.1239, -98.2467",Payne Arena,,,127.05,5500.0,,Payne Arena,12.705
"-7.75051, 110.418",Maguwoharjo Stadium,,,1024.1,35000.0,,Maguwoharjo Stadium,102.41
"52.337777777, 4.805833333",Sportpark Sloten,Netherlands,Noord-Holland,0,,NL,Sportpark Sloten,0
"50.1599, 8.18385",Stadion am Halberg,Germany,Darmstadt,115.5,5000.0,DE,Stadion am Halberg,11.55
"41.5388, -8.4209",Estádio 1º de Maio,Portugal,Norte,819.28,28000.0,PT,Estádio 1º de Maio,81.928
"-40.356666666, 175.601111111",Arena Manawatu,,,526.68,18000.0,,Arena Manawatu,52.668
"32.755278, -117.212222",Pechanga Arena,,,277.2,12000.0,,Pechanga Arena,27.72
"6.9475, 79.8686",Sugathadasa Stadium,,,731.5,25000.0,,Sugathadasa Stadium,73.15
"55.933193, -4.304516",Murray Park,,,0,,,Murray Park,0
"42.682527777, 13.762583333",Stadio Gaetano Bonolis,Italy,Abruzzo,173.2038,7498.0,IT,Stadio Gaetano Bonolis,17.32038
"14.7950799, -89.5444",Estadio Las Victorias,,,207.9,9000.0,,Estadio Las Victorias,20.79
"16.00539, -61.74174",Stade St. Claude,,,231,10000.0,,Stade St. Claude,23.1
"-6.85568, 39.2727",Uhuru Stadium,,,731.5,25000.0,,Uhuru Stadium,73.15
"-0.29538, 36.073705",Afraha Stadium,,,189.42,8200.0,,Afraha Stadium,18.942
"17.082711, 54.143789",Al-Saada Stadium,,,277.2,12000.0,,Al-Saada Stadium,27.72
"53.612211, -2.135453","Athletic Grounds, Rochdale",,,0,,,"Athletic Grounds, Rochdale",0
"32.720833333, -117.150555555",Balboa Stadium,,,438.9,15000.0,,Balboa Stadium,43.89
"32.720833333, -117.150555555",Balboa Stadium,,,438.9,15000.0,,Balboa Stadium,43.89
"-33.963889, 151.144444",Bicentennial Park South,,,115.5,5000.0,,Bicentennial Park South,11.55
"26.4214, -81.7972",Estero High School,,,0,,,Estero High School,0
"38.6491, -121.156",Folsom High School,,,0,,,Folsom High School,0
"33.987611, 35.638643",Fouad Chehab Stadium,,,115.5,5000.0,,Fouad Chehab Stadium,11.55
"-28.716786, 24.740857",Galeshewe Stadium,,,0,,,Galeshewe Stadium,0
"37.309427777, -6.880091666",Q5770600,Spain,Andalucía,0,,ES,Q5770600,0
"-25.279934, -57.62559",Estadio Tomás Beggan Correa,,,115.5,5000.0,,Estadio Tomás Beggan Correa,11.55
"20.290916666, 85.825","Kalinga Sports Complex, Bhubaneswar",,,277.2,12000.0,,"Kalinga Sports Complex, Bhubaneswar",27.72
"-37.832222, 145.024167",Kevin Bartlett Reserve,,,115.5,5000.0,,Kevin Bartlett Reserve,11.55
"57.530833, -3.204722",Mackessack Park,,,51.975,2700.0,,Mackessack Park,5.1975
"5.260872222, 100.437469444",Penang State Stadium,,,1540,40000.0,,Penang State Stadium,154
"34.611352, 135.518641",Yanmar Field Nagai,,,438.9,15000.0,,Yanmar Field Nagai,43.89
"37.3435, -121.848",PAL Stadium,,,0,,,PAL Stadium,0
"55.877761, -4.229803",Petershill Park,,,19.25,1000.0,,Petershill Park,1.925
"-45.016111, 168.738333",Queenstown Events Centre,,,555.94,19000.0,,Queenstown Events Centre,55.594
"-26.2346, 28.0516",Rand Stadium,,,877.8,30000.0,,Rand Stadium,87.78
"52.0655, 1.18425",Ransomes and Reavell Sports Club Ground,,,0,,,Ransomes and Reavell Sports Club Ground,0
"35.527904, 139.386034",Sagamihara Gion Stadium,,,272.7648,11808.0,,Sagamihara Gion Stadium,27.27648
"32.7731, -117.1837",Torero Stadium,,,138.6,6000.0,,Torero Stadium,13.86
"32.7731, -117.1837",Torero Stadium,,,138.6,6000.0,,Torero Stadium,13.86
"38.752777777, -9.184722222",Estádio da Luz,Portugal,Grande Lisboa,2621.85,68100.0,PT,Estádio da Luz,262.185
"38.752777777, -9.184722222",Estádio da Luz,Portugal,Grande Lisboa,2621.85,68100.0,PT,Estádio da Luz,262.185
"38.752777777, -9.184722222",Estádio da Luz,Portugal,Grande Lisboa,2621.85,68100.0,PT,Estádio da Luz,262.185
"43.470278, -80.53",University Stadium,,,138.6,6000.0,,University Stadium,13.86
"42.3247, -89.0273",Victory Sports Complex,,,0,,,Victory Sports Complex,0
"36.9133, -121.752",Watsonville High School,,,0,,,Watsonville High School,0
"-29.106899, 26.207044",Westdene Stadium,,,115.5,5000.0,,Westdene Stadium,11.55
"40.3311, -76.0007",Wilson High School,,,0,,,Wilson High School,0
"34.154444, 131.4375",Yamaguchi Ishin Park Stadium,,,585.2,20000.0,,Yamaguchi Ishin Park Stadium,58.52
"34.869722, 135.803889",Yamashiro Park Taiyogaoka Stadium,,,161.7,7000.0,,Yamashiro Park Taiyogaoka Stadium,16.17
"41.64444351, -4.76333332",Ciudad Deportiva del Real Valladolid,Spain,Castilla y León,28.875,1500.0,ES,Ciudad Deportiva del Real Valladolid,2.8875
"-16.457782, -54.600236",Q9255385,,,526.68,18000.0,,Q9255385,52.668
"-22.87976389, -42.34471389",Q9628098,,,0,,,Q9628098,0
"-10.73083333, -37.195",Q10276957,,,0,,,Q10276957,0
"-18.98666667, -40.73944444",Q10277051,,,0,,,Q10277051,0
"-29.69215556, -53.82469722",Q10277546,,,0,,,Q10277546,0
"17.96852778, 102.60791667",Laos National Stadium,,,438.9,15000.0,,Laos National Stadium,43.89
"17.9686, 102.608",Laos National Stadium,,,438.9,15000.0,,Laos National Stadium,43.89
"55.7833, 12.15",Ølstykke Stadium,Denmark,Hovedstaden,0,,DK,Ølstykke Stadium,0
"43.4563, -8.23978",Q12385071,Spain,Galicia,0,,ES,Q12385071,0
"25.579995, 91.894326","Jawaharlal Nehru Stadium, Shillong",,,877.8,30000.0,,"Jawaharlal Nehru Stadium, Shillong",87.78
"25.579995, 91.894326","Jawaharlal Nehru Stadium, Shillong",,,877.8,30000.0,,"Jawaharlal Nehru Stadium, Shillong",87.78
"23.72536944, 90.42946389",Bir Shreshtha Shaheed Shipahi Mostafa Kamal Stadium,,,184.8,8000.0,,Bir Shreshtha Shaheed Shipahi Mostafa Kamal Stadium,18.48
"12.663963, 100.935586",Sattahip Navy Stadium,,,288.75,12500.0,,Sattahip Navy Stadium,28.875
"38.5911, -121.438",Heart Health Park,,,184.8,8000.0,,Heart Health Park,18.48
"38.5911, -121.438",Heart Health Park,,,187.07073,11569.0,,Heart Health Park,18.707073
"-32.3901, 115.761",Lark Hill Sports Complex,,,57.75,3000.0,,Lark Hill Sports Complex,5.775
"34.42222222, 35.82222222",Zgharta Stadium,,,0,,,Zgharta Stadium,0
"13.772725, 102.178025",Sa Kaeo Provincial Administrative Organization Stadium,,,0,,,Sa Kaeo Provincial Administrative Organization Stadium,0
"5.62111111, -54.40194444",Moengo Stadion,,,0,,,Moengo Stadion,0
"5.77472222, -55.1725",Eddy Blackman Stadion,,,0,,,Eddy Blackman Stadion,0
"5.795, -55.47555556",J. Eliazer Stadion,,,0,,,J. Eliazer Stadion,0
"5.795, -55.47555556",J. Eliazer Stadion,,,0,,,J. Eliazer Stadion,0
"42.26111111, -71.01",Veterans Memorial Stadium,,,0,,,Veterans Memorial Stadium,0
"43.347388888, -8.256027777",Q25511421,Spain,Galicia,0,,ES,Q25511421,0
"25.43199444, -100.98033333",Estadio Olímpico Francisco I. Madero,,,0,,,Estadio Olímpico Francisco I. Madero,0
"38.9138, 1.41511",Estadi Municipal de Can Misses,Spain,Illes Balears,138.6,6000.0,ES,Estadi Municipal de Can Misses,13.86
"40.025566666, -3.606608333","Estadio Municipal El Deleite, Aranjuez",Spain,Comunidad de Madrid,0,,ES,"Estadio Municipal El Deleite, Aranjuez",0
"40.646388888, -4.701666666",Adolfo Suárez Stadium,Spain,Castilla y León,138.6,6000.0,ES,Adolfo Suárez Stadium,13.86
"-8.583333333, 116.116666666",Mataram,,,0,,,Mataram,0
"-22.26417143, 166.4679427",Stade Numa-Daly Magenta,,,231,10000.0,,Stade Numa-Daly Magenta,23.1
"15.507455555, -88.033416666",Estadio General Francisco Morazán,,,783.61206,26781.0,,Estadio General Francisco Morazán,78.361206
"15.507455555, -88.033416666",Estadio General Francisco Morazán,,,783.61206,26781.0,,Estadio General Francisco Morazán,78.361206
"-11.276944, -37.791667",Q685936,,,115.5,5000.0,,Q685936,11.55
"22.568889, 88.409167",Salt Lake Stadium,,,2618,68000.0,,Salt Lake Stadium,261.8
"7.3432, 134.4726",National Stadium,,,77,4000.0,,National Stadium,7.7
"7.3432, 134.4726",National Stadium,,,77,4000.0,,National Stadium,7.7
"-8.54688056, 115.30653333",Kapten I Wayan Dipta Stadium,,,731.5,25000.0,,Kapten I Wayan Dipta Stadium,73.15
"33.700556, 73.092778",Jinnah Sports Stadium,,,1855.7,48200.0,,Jinnah Sports Stadium,185.57
"-7.975513, 112.624975",Gajayana Stadium,,,1024.1,35000.0,,Gajayana Stadium,102.41
"-7.225142, 112.621708",Gelora Bung Tomo Stadium,,,1732.5,45000.0,,Gelora Bung Tomo Stadium,173.25
"-7.225142, 112.621708",Gelora Bung Tomo Stadium,,,1736.35,55000.0,,Gelora Bung Tomo Stadium,173.635
"51.3169, -0.38619444",Cobham Training Centre,,,0,,,Cobham Training Centre,0
"31.510833, 74.331944",Punjab Stadium,,,877.8,30000.0,,Punjab Stadium,87.78
"38.58590556, 68.76951111",Pamir Stadium,,,702.24,24000.0,,Pamir Stadium,70.224
"44.982039237, 16.707993513",Gradski stadion,BA,Republika Srpska,138.6,6000.0,BA,Gradski stadion,13.86
"58.87845, 25.54063",Paide linnastaadion,Estonia,Eesti,5.159,268.0,EE,Paide linnastaadion,0.5159
"42.90055556, 23.78638889",Hristo Botev Stadium,Bulgaria,Yugozapaden,0,,BG,Hristo Botev Stadium,0
"-8.150277777, 112.573888888",Kanjuruhan Stadium,,,1540,40000.0,,Kanjuruhan Stadium,154
"-7.11342, 112.429",Surajaya Stadium,,,0,,,Surajaya Stadium,0
"-8.650697, 115.223508",Ngurah Rai Stadium,,,0,,,Ngurah Rai Stadium,0
"-27.229167, 153.094444",A.J. Kelly Park,,,28.875,1500.0,,A.J. Kelly Park,2.8875
"41.23972222, -96.0125",Ak-Sar-Ben,,,265.65,11500.0,,Ak-Sar-Ben,26.565
"49.8865, -119.458",Apple Bowl,,,44.5445,2314.0,,Apple Bowl,4.45445
"30.204694444, -85.812861111",Arnold High School,,,0,,,Arnold High School,0
"-6.289108, 106.776711",Lebak Bulus Stadium,,,277.2,12000.0,,Lebak Bulus Stadium,27.72
"3.550368, 98.864509",Baharuddin Siregar Stadium,,,438.9,15000.0,,Baharuddin Siregar Stadium,43.89
"41.175, -111.975",Bonneville High School,,,0,,,Bonneville High School,0
"-2.9775, 104.744",Bumi Sriwijaya Stadium,,,585.2,20000.0,,Bumi Sriwijaya Stadium,58.52
"-2.9775, 104.744",Bumi Sriwijaya Stadium,,,585.2,20000.0,,Bumi Sriwijaya Stadium,58.52
"-45.8633, 170.527",Caledonian Ground,,,0,,,Caledonian Ground,0
"39.279, -74.5663",Carey Stadium,,,0,,,Carey Stadium,0
"-1.178731, 136.086986",Cendrawasih Stadium,,,438.9,15000.0,,Cendrawasih Stadium,43.89
"18.924449, 72.828734",Cooperage Ground,,,277.2,12000.0,,Cooperage Ground,27.72
"5.207214, 96.724496",Cot Gapu Stadium,,,438.9,15000.0,,Cot Gapu Stadium,43.89
"35.743978, 51.298242",Derafshifar Stadium,,,0,,,Derafshifar Stadium,0
"-22.244167, -54.781944",Estádio Fredis Saldívar,,,877.8,30000.0,,Estádio Fredis Saldívar,87.78
"35.634436, 51.327383",Emam Reza Stadium,,,231,10000.0,,Emam Reza Stadium,23.1
"-14.067981, -75.7389661",Estadio José Picasso Peratta,,,231,10000.0,,Estadio José Picasso Peratta,23.1
"-33.396, -70.5005",Estadio Segundo Aranda Torres,,,184.8,8000.0,,Estadio Segundo Aranda Torres,18.48
"-12.244583, -38.97235",Estádio Joia da Princesa,,,476.17724,16274.0,,Estádio Joia da Princesa,47.617724
"-7.51083333, 112.54972222",Gajahmada Mojosari Stadium,,,0,,,Gajahmada Mojosari Stadium,0
"-27.508611, 153.013889",Goodwin Park,,,28.875,1500.0,,Goodwin Park,2.8875
"4.609433, 101.103439",Perak Stadium,,,0,,,Perak Stadium,0
"5.372777777, 103.106388888",Sultan Ismail Nasiruddin Shah Stadium,,,438.9,15000.0,,Sultan Ismail Nasiruddin Shah Stadium,43.89
"-37.906111, 145.098611",Jack Edwards Reserve,,,115.5,5000.0,,Jack Edwards Reserve,11.55
"3.098708333, 101.593769444",Petaling Jaya Stadium,,,731.5,25000.0,,Petaling Jaya Stadium,73.15
"61.062778, 28.198611",Kimpinen Sports Centre,Finland,Etelä-Suomi,94.325,4900.0,FI,Kimpinen Sports Centre,9.4325
"6.329361111, 99.858083333",Langkawi Stadium,,,0,,,Langkawi Stadium,0
"42.439889, 25.634306",Lokomotiv Stadium,Bulgaria,Yugoiztochen,0,,BG,Lokomotiv Stadium,0
"52.8506, -3.05815",Morda Road,,,0,,,Morda Road,0
"18.1498, -65.8357",Nestor Morales Stadium,,,0,,,Nestor Morales Stadium,0
"41.261667, -95.94",Omaha Civic Auditorium,,,253.176,10960.0,,Omaha Civic Auditorium,25.3176
"33.7193, 73.014",PAF Complex,,,138.6,6000.0,,PAF Complex,13.86
"37.756085, 126.786476",Paju Stadium,,,0,,,Paju Stadium,0
"38.233611, 21.741944",Prosfygika Stadium,Greece,Western Greece,115.5,5000.0,Greece,Prosfygika Stadium,11.55
"31.56666667, 74.35",Railway Stadium,,,57.75,3000.0,,Railway Stadium,5.775
"-0.867538, 134.061468",Sanggeng Stadium,,,231,10000.0,,Sanggeng Stadium,23.1
"-3.79305556, 102.27277778",Semarak Stadium,,,438.9,15000.0,,Semarak Stadium,43.89
"45.3703, -75.6922",Terry Fox Stadium,,,0,,,Terry Fox Stadium,0
"16.103888888, -88.808055555",Toledo Union Field,,,0,,,Toledo Union Field,0
"5.17417, 97.1378",Tunas Bangsa Stadium,,,585.2,20000.0,,Tunas Bangsa Stadium,58.52
"-7.631, 111.53",Wilis Stadium,,,731.5,25000.0,,Wilis Stadium,73.15
"-3.28306, -60.63139",Q9255398,,,438.9,15000.0,,Q9255398,43.89
"-21.79928889, -50.86783056",Q10276830,,,0,,,Q10276830,0
"-21.186944, -47.787778",Estádio Palma Travassos,,,507.9536,17360.0,,Estádio Palma Travassos,50.79536
"-23.69910833, -46.54213333",Q10276997,,,0,,,Q10276997,0
"-6.28158, -35.2054",Q10277047,,,0,,,Q10277047,0
"-26.21122, -52.67953",Os Pioneiros Stadium,,,0,,,Os Pioneiros Stadium,0
"-8.602550684, 116.151229496",Gelora 17 December Stadium,,,438.9,15000.0,,Gelora 17 December Stadium,43.89
"-8.09305556, 112.16861111",Gelora Supriyadi Stadium,,,0,,,Gelora Supriyadi Stadium,0
"-6.577165, 106.797661",Pajajaran Stadium,,,277.2,12000.0,,Pajajaran Stadium,27.72
"-7.69527778, 109.03416667",Wijayakusuma Stadium,,,0,,,Wijayakusuma Stadium,0
"-33.86972222, 151.01166667",Melita Stadium,,,0,,,Melita Stadium,0
"42.8433, 19.8663",Stadion Solila,ME,Crna Gora,30.8,1600.0,ME,Stadion Solila,3.08
"-7.04338889, 112.73947222",Gelora Bangkalan Stadium,,,438.9,15000.0,,Gelora Bangkalan Stadium,43.89
"-7.04338889, 112.73947222",Gelora Bangkalan Stadium,,,438.9,15000.0,,Gelora Bangkalan Stadium,43.89
"57.25611115, 16.48166656",Arena Oskarshamn,Sweden,Småland med öarna,0,,SE,Arena Oskarshamn,0
"-2.176472222, 113.884555555",Tuah Pahoe Stadium,,,115.5,5000.0,,Tuah Pahoe Stadium,11.55
"-7.39388889, 109.36055556",Goentoer Darjono Stadium,,,0,,,Goentoer Darjono Stadium,0
"-25.532763888, -54.637666666",Q20024753,,,0,,,Q20024753,0
"55.6496, -3.181",Whitestone Park,,,0,,,Whitestone Park,0
"4.004115, 97.339315",Seribu Bukit Stadium,,,231,10000.0,,Seribu Bukit Stadium,23.1
"-3.6604, 133.715117",Triton Stadium,,,115.5,5000.0,,Triton Stadium,11.55
"-6.71861111, 111.34694444",Krida Stadium,,,0,,,Krida Stadium,0
"-7.64833333, 112.90777778",Untung Suropati Stadium,,,0,,,Untung Suropati Stadium,0
"2.980791, 99.639656",Mutiara Kisaran Stadium,,,0,,,Mutiara Kisaran Stadium,0
"38.4977, 22.978802",Orchomenos Municipal Stadium,Greece,Central Greece,0,,Greece,Orchomenos Municipal Stadium,0
"-5.426121, 105.269138",Pahoman Stadium,,,0,,,Pahoman Stadium,0
"37.62865, 22.71484",Argos Municipal Sport Center,Greece,Peloponnese,115.5,5000.0,Greece,Argos Municipal Sport Center,11.55
"51.489944, 7.236489",Ruhrstadion,Germany,Arnsberg,857.28874,29299.0,DE,Ruhrstadion,85.728874
"-8.106655, -79.030977",Estadio Mansiche,,,702.24,24000.0,,Estadio Mansiche,70.224
"50.476408, -3.523825",Plainmoor,,,150.15,6500.0,,Plainmoor,15.015
"6.44247222, 3.40219444",Onikan Stadium,,,231,10000.0,,Onikan Stadium,23.1
"43.583296, 1.434055",Stadium Municipal,France,Midi-Pyrénées,969.969,33150.0,FR,Stadium Municipal,96.9969
"22.568889, 88.409167",Salt Lake Stadium,,,2618,68000.0,,Salt Lake Stadium,261.8
"22.2728, 114.182",Happy Valley Racecourse,,,0,,,Happy Valley Racecourse,0
"51.560139, -0.012639",Brisbane Road,,,214.1601,9271.0,,Brisbane Road,21.41601
"40.76, -111.848888888",Rice–Eccles Stadium,,,1733.1545,45017.0,,Rice–Eccles Stadium,173.31545
"33.371944, 130.520278",Tosu Stadium,,,716.5774,24490.0,,Tosu Stadium,71.65774
"-6.218578, 106.802511",Gelora Bung Karno Stadium,,,2971.9305,77193.0,,Gelora Bung Karno Stadium,297.19305
"-29.965278, -71.338333",Estadio Francisco Sánchez Rumoroso,,,519.365,17750.0,,Estadio Francisco Sánchez Rumoroso,51.9365
"43.6323, -79.6535",Paramount Fine Foods Centre,,,124.74,5400.0,,Paramount Fine Foods Centre,12.474
"-38.017944, -57.582333",José María Minella Stadium,,,1931.93,50180.0,,José María Minella Stadium,193.193
"10.491278, -66.885492",Estadio Olímpico,,,728.574,24900.0,,Estadio Olímpico,72.8574
"10.491278, -66.885492",Estadio Olímpico,,,728.574,24900.0,,Estadio Olímpico,72.8574
"48.431322, -123.354127",Royal Athletic Park,,,73.15,3800.0,,Royal Athletic Park,7.315
"48.431322, -123.354127",Royal Athletic Park,,,73.15,3800.0,,Royal Athletic Park,7.315
"48.431322, -123.354127",Royal Athletic Park,,,73.15,3800.0,,Royal Athletic Park,7.315
"7.3432, 134.4726",National Stadium,,,77,4000.0,,National Stadium,7.7
"43.662222222, -79.380277777",Maple Leaf Gardens,,,288.1263,12473.0,,Maple Leaf Gardens,28.81263
"-16.408803, -71.535024",Estadio Mariano Melgar,,,438.9,15000.0,,Estadio Mariano Melgar,43.89
"12.10005278, 15.05507222",Stade Omnisports Idriss Mahamat Ouya,,,585.2,20000.0,,Stade Omnisports Idriss Mahamat Ouya,58.52
"11.57413889, 43.13188889",Stade du Ville,,,231,10000.0,,Stade du Ville,23.1
"6.123838888, 102.243561111",Sultan Mohammad IV Stadium,,,877.8,30000.0,,Sultan Mohammad IV Stadium,87.78
"-22.801636, -43.207775",Estádio Luso-Brasileiro,,,877.8,30000.0,,Estádio Luso-Brasileiro,87.78
"15.786107, -86.785945",Estadio Nilmo Edwards,,,731.5,25000.0,,Estadio Nilmo Edwards,73.15
"15.786107, -86.785945",Estadio Nilmo Edwards,,,739.2,32000.0,,Estadio Nilmo Edwards,73.92
"36.148889, -95.997222",Arvest Convention Center,,,205.59,8900.0,,Arvest Convention Center,20.559
"45.07498, 11.80529",Stadio Francesco Gabrielli,Italy,Veneto,67.375,3500.0,IT,Stadio Francesco Gabrielli,6.7375
"-12.072778, -75.201944",Estadio Huancayo,,,715.407,24450.0,,Estadio Huancayo,71.5407
"-12.072778, -75.201944",Estadio Huancayo,,,715.407,24450.0,,Estadio Huancayo,71.5407
"-10.926667, -37.049167",Batistão,,,323.4,14000.0,,Batistão,32.34
"50.487487, 19.432551",1000th-Anniversary of Polish State Stadium,Poland,Śląskie,207.9,9000.0,PL,1000th-Anniversary of Polish State Stadium,20.79
"0.289444, 34.760278",Bukhungu Stadium,,,115.5,5000.0,,Bukhungu Stadium,11.55
"-2.499734, 32.899772",CCM Kirumba Stadium,,,1024.1,35000.0,,CCM Kirumba Stadium,102.41
"-34.050278, 150.833611",Campbelltown Stadium,,,585.2,20000.0,,Campbelltown Stadium,58.52
"39.15213, -77.30633",Maryland SoccerPlex,,,120.12,5200.0,,Maryland SoccerPlex,12.012
"36.139647, -95.923667",Drillers Stadium,,,254.0307,10997.0,,Drillers Stadium,25.40307
"55.029, -1.703",Druid Park,,,48.125,2500.0,,Druid Park,4.8125
"35.655278, 139.8525",Edogawa Stadium,,,160.545,6950.0,,Edogawa Stadium,16.0545
"10.465744, -73.249336",Estadio Armando Maestre Pavajeau,,,254.1,11000.0,,Estadio Armando Maestre Pavajeau,25.41
"-11.101, -77.6045",Estadio Carlos Vidaurre García,,,115.5,5000.0,,Estadio Carlos Vidaurre García,11.55
"-11.101, -77.6045",Estadio Carlos Vidaurre García,,,113.19,7000.0,,Estadio Carlos Vidaurre García,11.319
"15.922898, -85.936384",Estadio Jorge Leonidas García,,,0,,,Estadio Jorge Leonidas García,0
"-18.005, -70.253056",Estadio Jorge Basadre,,,580.811,19850.0,,Estadio Jorge Basadre,58.0811
"-9.10001, -78.560207",Estadio Manuel Rivera Sanchez,,,1024.1,35000.0,,Estadio Manuel Rivera Sanchez,102.41
"-24.723889, -53.754444",Estádio Municipal 14 de Dezembro,,,438.9,15000.0,,Estádio Municipal 14 de Dezembro,43.89
"-24.723889, -53.754444",Estádio Municipal 14 de Dezembro,,,437.2368,20280.0,,Estádio Municipal 14 de Dezembro,43.72368
"-2.1353, -79.5901",Estadio Los Chirijos,,,438.9,15000.0,,Estadio Los Chirijos,43.89
"-2.1353, -79.5901",Estadio Los Chirijos,,,438.9,15000.0,,Estadio Los Chirijos,43.89
"-10.6849799, -76.2480272",Estadio Daniel Alcides Carrión,,,184.8,8000.0,,Estadio Daniel Alcides Carrión,18.48
"31.9884, -102.1522",Astound Broadband Stadium,,,526.68,18000.0,,Astound Broadband Stadium,52.668
"-12.063972222, -77.130708333",Estadio Telmo Carbajo,,,115.5,5000.0,,Estadio Telmo Carbajo,11.55
"-28.75494444, 24.75800833",Hoffe Park Stadium,,,254.1,11000.0,,Hoffe Park Stadium,25.41
"22.404, 113.974",Tuen Mun Tang Shiu Kin Sports Ground,,,42.35,2200.0,,Tuen Mun Tang Shiu Kin Sports Ground,4.235
"35.334083333, 33.307222222",Girne 20 Temmuz Stadyumu,Cyprus,Kýpros,0,,CY,Girne 20 Temmuz Stadyumu,0
"41.5858, -83.6435",Lucas County Recreation Center,,,0,,,Lucas County Recreation Center,0
"32.38, -111.049",Mountain View High School,,,0,,,Mountain View High School,0
"27.99749, -82.107911",Plant City Stadium,,,154.77,6700.0,,Plant City Stadium,15.477
"22.51166667, 88.35222222",Rabindra Sarobar Stadium,,,760.76,26000.0,,Rabindra Sarobar Stadium,76.076
"6.583333333, 1.216666666",Stade Général Eyadema,,,0,,,Stade Général Eyadema,0
"-37.785833, 144.948056",State Netball and Hockey Centre,,,4.8125,250.0,,State Netball and Hockey Centre,0.48125
"49.485, -2.546",The Corbet Field,,,57.75,3000.0,,The Corbet Field,5.775
"57.536389, -2.467222",The Haughs,,,41.09875,2135.0,,The Haughs,4.109875
"49.2544, -123.245",Thunderbird Stadium,,,67.375,3500.0,,Thunderbird Stadium,6.7375
"32.2183, -110.974",Tucson Convention Center,,,0,,,Tucson Convention Center,0
"49.8061, -97.1487",Winnipeg Soccer Complex,,,38.5,2000.0,,Winnipeg Soccer Complex,3.85
"-19.610851, -43.224324",Q9255284,,,277.2,12000.0,,Q9255284,27.72
"-6.342914, -47.427872",Q9255315,,,138.6,6000.0,,Q9255315,13.86
"-7.945819, -34.888136",Ademir Cunha Stadium,,,77,4000.0,,Ademir Cunha Stadium,7.7
"-28.46666667, -49.00694444",Estádio Aníbal Torres Costa,,,438.9,15000.0,,Estádio Aníbal Torres Costa,43.89
"-8.1225, -35.281111",Q10277290,,,184.8,8000.0,,Q10277290,18.48
"-18.59674722, -46.52159167",Q10277501,,,0,,,Q10277501,0
"57.63527778, 18.2975",Gutavallen,Sweden,Småland med öarna,115.5,5000.0,SE,Gutavallen,11.55
"61.9337, 5.1031",Måløy stadion,Norway,Vestlandet,0,,NO,Måløy stadion,0
"59.2839, 10.4164",Tønsberg Gressbane,Norway,Agder og Sør-Østlandet,129.36,5600.0,NO,Tønsberg Gressbane,12.936
"51.59144444, -0.03050278",Green Pond Road,,,0,,,Green Pond Road,0
"12.6380311, -87.1408342",Efraín Tijerino Stadium,,,184.8,8000.0,,Efraín Tijerino Stadium,18.48
"55.9282, -3.23437",Meggetland Sports Complex,,,57.75,3000.0,,Meggetland Sports Complex,5.775
"-34.595732795, -58.525635888",Monumental de Villa Lynch Stadium,,,19.25,1000.0,,Monumental de Villa Lynch Stadium,1.925
"3.065628461, 101.497634046",UiTM Stadium,,,0,,,UiTM Stadium,0
"53.2409, -6.1867","Jackson Park, Kilternan",Ireland,Eastern and Midland,0,,IE,"Jackson Park, Kilternan",0
"18.191638888, -73.754666666",Parc de Foot Land des Gabions des Cayes,,,38.5,2000.0,,Parc de Foot Land des Gabions des Cayes,3.85
"-25.750637712, 28.248443438",Tuks Stadium,,,184.8,8000.0,,Tuks Stadium,18.48
"26.044444444, -98.285",Unidad Deportiva Solidaridad,,,0,,,Unidad Deportiva Solidaridad,0
"15.267347222, -23.7455",Estádio de Mangue,,,0,,,Estádio de Mangue,0
"57.664694444, 11.908888888",Ruddalens IP,Sweden,Västsverige,0,,SE,Ruddalens IP,0
"39.548055555, 2.699277777",Estadio Municipal Coll d’en Rebassa,Spain,Illes Balears,0,,ES,Estadio Municipal Coll d’en Rebassa,0
"41.644104, 1.14581",Municipal Joan Capdevila,Spain,Cataluña,57.75,3000.0,ES,Municipal Joan Capdevila,5.775
"55.547038, -4.662623",Portland Park,,,0,,,Portland Park,0
"57.0465, 12.3774",Q137372544,Sweden,Västsverige,0,,SE,Q137372544,0
"29.623865, 52.556062",Hafezieh Stadium,,,323.4,14000.0,,Hafezieh Stadium,32.34
"54.975555555, -1.621666666",St James’ Park,,,2013.7425,52305.0,,St James’ Park,201.37425
"40.9875, 29.036666666",Şükrü Saracoğlu Stadium,,,1945.405,50530.0,,Şükrü Saracoğlu Stadium,194.5405
"53.777777777, -1.572222222",Elland Road,,,1105.79392,37792.0,,Elland Road,110.579392
"37.264627, 49.589072",Shahid Dr. Azodi Stadium,,,254.1,11000.0,,Shahid Dr. Azodi Stadium,25.41
"37.264627, 49.589072",Shahid Dr. Azodi Stadium,,,254.1,11000.0,,Shahid Dr. Azodi Stadium,25.41
"22.568889, 88.409167",Salt Lake Stadium,,,2618,68000.0,,Salt Lake Stadium,261.8
"45.5742, -73.7053",Centre Sportif Bois-de-Boulogne,,,0,,,Centre Sportif Bois-de-Boulogne,0
"12.131667, -86.285",Estadio Nacional de Managua,,,184.8,8000.0,,Estadio Nacional de Managua,18.48
"-12.067138888, -77.033722222",National Stadium of Peru,,,1658.811,43086.0,,National Stadium of Peru,165.8811
"18.061944, 102.703889",New Laos National Stadium,,,731.5,25000.0,,New Laos National Stadium,73.15
"18.06194444, 102.70388889",New Laos National Stadium,,,731.5,25000.0,,New Laos National Stadium,73.15
"7.3432, 134.4726",National Stadium,,,77,4000.0,,National Stadium,7.7
"47.9, 106.916111",MFF Football Centre,,,67.375,3500.0,,MFF Football Centre,6.7375
"22.154523, 113.553266",Estádio Campo Desportivo,,,468.16,16000.0,,Estádio Campo Desportivo,46.816
"17.504444444, -88.189166666",MCC Grounds,,,38.5,2000.0,,MCC Grounds,3.85
"13.698261111, -89.215433333","Estadio Jorge ""El Mágico"" González",,,936.32,32000.0,,"Estadio Jorge ""El Mágico"" González",93.632
"-30.061667, -51.227222",Estádio dos Eucaliptos,,,231,10000.0,,Estádio dos Eucaliptos,23.1
"-17.8537, 31.0376",Rufaro Stadium,,,2310,60000.0,,Rufaro Stadium,231
"-2.9072, -79.005489",Estadio Alejandro Serrano Aguilar,,,0,,,Estadio Alejandro Serrano Aguilar,0
"11.57413889, 43.13188889",Stade du Ville,,,231,10000.0,,Stade du Ville,23.1
"6.450438888, 100.200558333",Utama Negeri Stadium,,,585.2,20000.0,,Utama Negeri Stadium,58.52
"3.814722222, 103.323888888",Darul Makmur Stadium,,,1540,40000.0,,Darul Makmur Stadium,154
"37.638817, -1.735122",Estadio Francisco Artés Carrasco,Spain,Región de Murcia,187.572,8120.0,ES,Estadio Francisco Artés Carrasco,18.7572
"36.105833, -115.202222",Orleans Arena,,,219.45,9500.0,,Orleans Arena,21.945
"36.086388888, -115.016666666",Sam Boyd Stadium,,,1076.768,36800.0,,Sam Boyd Stadium,107.6768
"16.00539, -61.74174",Stade St. Claude,,,231,10000.0,,Stade St. Claude,23.1
"12.968866, 77.611585",Bengaluru Football Stadium,,,438.9,15000.0,,Bengaluru Football Stadium,43.89
"12.968866, 77.611585",Bengaluru Football Stadium,,,438.9,15000.0,,Bengaluru Football Stadium,43.89
"28.107830555, -15.442527777",Estadio Alfonso Silva,Spain,Canarias,57.75,3000.0,ES,Estadio Alfonso Silva,5.775
"55.937386, -4.171275",Adamslie Park,,,128.205,5550.0,,Adamslie Park,12.8205
"-18.91628, 29.825019",Baghdad Stadium,,,115.5,5000.0,,Baghdad Stadium,11.55
"0.289444, 34.760278",Bukhungu Stadium,,,115.5,5000.0,,Bukhungu Stadium,11.55
"18.924449, 72.828734",Cooperage Ground,,,277.2,12000.0,,Cooperage Ground,27.72
"-8.386389, -74.539167",Estadio Aliardo Soria Pérez,,,438.9,15000.0,,Estadio Aliardo Soria Pérez,43.89
"-8.386389, -74.539167",Estadio Aliardo Soria Pérez,,,442.75,25000.0,,Estadio Aliardo Soria Pérez,44.275
"-33.396, -70.5005",Estadio Segundo Aranda Torres,,,184.8,8000.0,,Estadio Segundo Aranda Torres,18.48
"58.40416667, 15.63166667",Folkungavallen,Sweden,Östra Mellansverige,184.8,8000.0,SE,Folkungavallen,18.48
"-2.25883, -79.8985",Estadio Alejandro Ponce Noboa,,,67.375,3500.0,,Estadio Alejandro Ponce Noboa,6.7375
"32.049986, 34.786956",Hatikva Neighborhood Stadium,,,49.4725,2570.0,,Hatikva Neighborhood Stadium,4.94725
"9.033817, -79.470564",Cancha de Entrenamiento Luis Tapia,,,17.325,900.0,,Cancha de Entrenamiento Luis Tapia,1.7325
"-12.063972222, -77.130708333",Estadio Telmo Carbajo,,,115.5,5000.0,,Estadio Telmo Carbajo,11.55
"22.3581, 114.125",Kwai Chung Sports Ground,,,0,,,Kwai Chung Sports Ground,0
"54.943694444, -7.734194444",Leckview Park,Ireland,Northern and Western,0,,IE,Leckview Park,0
"55.57611111, 12.93555556",Limhamns IP,,,0,,,Limhamns IP,0
"38.067403, 46.301515",Takhti Stadium (Tabriz),,,731.5,25000.0,,Takhti Stadium (Tabriz),73.15
"36.4662, 52.8611",Vatani Stadium,,,438.9,15000.0,,Vatani Stadium,43.89
"36.4662, 52.8611",Vatani Stadium,,,438.9,15000.0,,Vatani Stadium,43.89
"24.858611, 66.988333",Peoples Football Stadium,,,1540,40000.0,,Peoples Football Stadium,154
"24.858611, 66.988333",Peoples Football Stadium,,,1540,40000.0,,Peoples Football Stadium,154
"49.2903, -122.784",Percy Perry Stadium,,,28.5285,1482.0,,Percy Perry Stadium,2.85285
"12.68, 101.235278",Rayong Province Central Stadium,,,86.856,4512.0,,Rayong Province Central Stadium,8.6856
"39.874361111, 19.995583333",Stadiumi Butrinti,AL,Jug,115.5,5000.0,AL,Stadiumi Butrinti,11.55
"53.809711, -1.664214",The Citadel,,,75.075,3900.0,,The Citadel,7.5075
"55.745278, -4.682778",Valefield Park,,,57.75,3000.0,,Valefield Park,5.775
"53.3435, -1.27375",Wales High School,,,0,,,Wales High School,0
"-10.921389, -37.672222",Q9255515,,,138.6,6000.0,,Q9255515,13.86
"-28.46666667, -49.00694444",Estádio Aníbal Torres Costa,,,438.9,15000.0,,Estádio Aníbal Torres Costa,43.89
"17.96852778, 102.60791667",Laos National Stadium,,,438.9,15000.0,,Laos National Stadium,43.89
"17.9686, 102.608",Laos National Stadium,,,438.9,15000.0,,Laos National Stadium,43.89
"50.6692, -120.366",Hillside Stadium,,,20.405,1060.0,,Hillside Stadium,2.0405
"-1.30138889, 36.77333333",Ligi Ndogo Grounds,,,38.5,2000.0,,Ligi Ndogo Grounds,3.85
"13.8684344, 100.8470571",BEC Tero Sasana Nong Chok Stadium,,,115.5,5000.0,,BEC Tero Sasana Nong Chok Stadium,11.55
"40.092, -76.414",Hempfield High School,,,0,,,Hempfield High School,0
"36.768172, 127.021685",Yi Sun-sin Stadium,,,564.22058,19283.0,,Yi Sun-sin Stadium,56.422058
"50.6942, -1.28638",St Georges Park (Newport),,,61.6,3200.0,,St Georges Park (Newport),6.16
"45.7058, 13.8717",Rajko Štolfa Stadium,Slovenia,Zahodna Slovenija,23.1,1200.0,SI,Rajko Štolfa Stadium,2.31
"31.32027778, 48.66916667",Behnam Mohammadi Stadium,,,1965.04,8000.0,,Behnam Mohammadi Stadium,196.504
"38.91, 22.43103333",Lamia Municipal Stadium,Greece,Central Greece,0,,Greece,Lamia Municipal Stadium,0
"32.0025, 34.797777777",Ice Peaks,,,9.625,500.0,,Ice Peaks,0.9625
"32.5406, 36.0194",Prince Hashim Stadium,,,0,,,Prince Hashim Stadium,0
"13.867163, 100.577392",Boonyachinda Stadium,,,0,,,Boonyachinda Stadium,0
"6.888911, 101.244239",Pattani Province Stadium,,,0,,,Pattani Province Stadium,0
"6.425162, 101.805964",Narathiwat Provincial Administrative Organization Stadium,,,0,,,Narathiwat Provincial Administrative Organization Stadium,0
"14.214102, 101.179114",Nakhon Nayok Provincial Administrative Organization Stadium,,,0,,,Nakhon Nayok Provincial Administrative Organization Stadium,0
"16.417178, 103.519814",Kalasin Town municipality Stadium,,,0,,,Kalasin Town municipality Stadium,0
"17.408844, 104.776992",Nakhon Phanom Provincial Administrative Organization Stadium,,,0,,,Nakhon Phanom Provincial Administrative Organization Stadium,0
"17.146115, 104.156992",Sakon Nakhon City municipality Stadium,,,0,,,Sakon Nakhon City municipality Stadium,0
"13.850712, 100.441408",Nonthaburi Province Stadium,,,0,,,Nonthaburi Province Stadium,0
"18.567849, 99.006086",Lamphun Province Stadium,,,0,,,Lamphun Province Stadium,0
"19.202764, 99.891375",Phayao Provincial Administrative Organization Stadium,,,0,,,Phayao Provincial Administrative Organization Stadium,0
"11.817598, 99.788093",Prachuap Khiri Khan Province Stadium,,,115.5,5000.0,,Prachuap Khiri Khan Province Stadium,11.55
"13.579414, 100.794345",M Power Stadium,,,0,,,M Power Stadium,0
"14.000623, 100.67921",Lanexang Stadium,,,,,,Lanexang Stadium,30.03
"7.616625, 100.048096",Phattalung Province Stadium,,,0,,,Phattalung Province Stadium,0
"8.454633, 99.958086",Nakhon Si Thammarat Province Stadium,,,0,,,Nakhon Si Thammarat Province Stadium,0
"52.554166666, 0.086",GER Sports Ground,,,0,,,GER Sports Ground,0
"51.582139, -1.430222",Alfredian Park,,,28.875,1500.0,,Alfredian Park,2.8875
"51.761917, 18.100306",Q56338441,Poland,Wielkopolskie,0,,PL,Q56338441,0
"36.7697, 10.20375",Q108379439,,,0,,,Q108379439,0
"60.519482399, 15.401063038",Ljungbergsplanen,Sweden,Norra Mellansverige,0,,SE,Ljungbergsplanen,0
"-33.925277777, 18.423888888",Cape Town,,,0,,,Cape Town,0
"-33.925277777, 18.423888888",Cape Town,,,0,,,Cape Town,0
"51.509166666, -0.232222222",Kiyan Prince Foundation Stadium,,,539.52514,18439.0,,Kiyan Prince Foundation Stadium,53.952514
"37.332777777, -121.901111111",SAP Center,,,561.4994,19190.0,,SAP Center,56.14994
"62.884444, 27.670833",Kuopio Football Stadium,Finland,Pohjois- ja Itä-Suomi,51.975,2700.0,FI,Kuopio Football Stadium,5.1975
"17.12235556, -61.83903056",Antigua Recreation Ground,,,207.9,9000.0,,Antigua Recreation Ground,20.79
"53.29222222, -6.33444444",National Basketball Arena,Ireland,Eastern and Midland,0,,IE,National Basketball Arena,0
"53.411388888, -1.500555555",Hillsborough Stadium,,,1162.55832,39732.0,,Hillsborough Stadium,116.255832
"-23.951111, -46.338889",Estádio Urbano Caldeira,,,470.14968,16068.0,,Estádio Urbano Caldeira,47.014968
"10.42472222, -61.41722222",Ato Boldon Stadium,,,231,10000.0,,Ato Boldon Stadium,23.1
"17.160277777, -89.069722222",Norman Broaster Stadium,,,38.5,2000.0,,Norman Broaster Stadium,3.85
"17.160277777, -89.069722222",Norman Broaster Stadium,,,38.5,2000.0,,Norman Broaster Stadium,3.85
"-6.900833, -38.566111",Q957258,,,277.2,12000.0,,Q957258,27.72
"47.622222222, -122.354166666",Climate Pledge Arena,,,497.42,17000.0,,Climate Pledge Arena,49.742
"36.425944, 59.383829",emam reeza  Stadium,,,1024.1,35000.0,,emam reeza  Stadium,102.41
"22.3371, 114.152",Sham Shui Po Sports Ground,,,42.2345,2194.0,,Sham Shui Po Sports Ground,4.22345
"-18.15007222, 178.44908611",National Stadium,,,731.5,25000.0,,National Stadium,73.15
"38.319167, 140.881944",Yurtec Stadium Sendai,,,576.24644,19694.0,,Yurtec Stadium Sendai,57.624644
"-6.768333, -79.860833",Estadio Elías Aguirre,,,716.87,24500.0,,Estadio Elías Aguirre,71.687
"15.28972222, 73.9625",Fatorda Stadium,,,555.94,19000.0,,Fatorda Stadium,55.594
"34.518611111, 69.193888888",Ghazi Stadium,,,877.8,30000.0,,Ghazi Stadium,87.78
"34.518611111, 69.193888888",Ghazi Stadium,,,877.8,30000.0,,Ghazi Stadium,87.78
"34.518611111, 69.193888888",Ghazi Stadium,,,877.8,30000.0,,Ghazi Stadium,87.78
"38.4373, 27.1508",Alsancak Mustafa Denizli Stadium,TR,İzmir,449.37508,15358.0,TR,Alsancak Mustafa Denizli Stadium,44.937508
"22.154523, 113.553266",Estádio Campo Desportivo,,,468.16,16000.0,,Estádio Campo Desportivo,46.816
"59.734392, 10.201333",Marienlyst Stadion,Norway,Oslo og Viken,173.25,7500.0,NO,Marienlyst Stadion,17.325
"58.859444, 5.725833",Sandnes Idrettspark,Norway,Vestlandet,0,4969.0,NO,Sandnes Idrettspark,0
"16.587361, 104.765472",Savannakhet Stadium,,,438.9,15000.0,,Savannakhet Stadium,43.89
"8.8875, -79.775556",Estadio Agustín Sánchez,,,231,10000.0,,Estadio Agustín Sánchez,23.1
"8.8875, -79.775556",Estadio Agustín Sánchez,,,231,10000.0,,Estadio Agustín Sánchez,23.1
"30.615778, 104.307826",Chengdu Longquanyi Football Stadium,,,901.208,30800.0,,Chengdu Longquanyi Football Stadium,90.1208
"34.233889, 108.9375",Shaanxi Province Stadium,,,1631.7455,42383.0,,Shaanxi Province Stadium,163.17455
"22.697139, 114.212194",Shenzhen Universiade Sports Centre,,,2322.859,60334.0,,Shenzhen Universiade Sports Centre,232.2859
"-23.942166666, -46.333277777",Arena Santos,,,115.5,5000.0,,Arena Santos,11.55
"17.904722222, -87.978888888",Ambergris Stadium,,,0,,,Ambergris Stadium,0
"15.476389, -86.565278",Estadio San Jorge,,,57.75,3000.0,,Estadio San Jorge,5.775
"12.968866, 77.611585",Bengaluru Football Stadium,,,438.9,15000.0,,Bengaluru Football Stadium,43.89
"37.766944444, -122.456111111",Kezar Stadium,,,2307.767,59942.0,,Kezar Stadium,230.7767
"-22.298611, -42.541389",Estádio Eduardo Guinle,,,277.2,12000.0,,Estádio Eduardo Guinle,27.72
"38.318361, 48.350014",Ali Daei Stadium,,,585.2,20000.0,,Ali Daei Stadium,58.52
"-7.1675, -34.872778",Almeidão,,,1540,40000.0,,Almeidão,154
"37.7258, -122.445",Boxer Stadium,,,67.375,3500.0,,Boxer Stadium,6.7375
"59.718537, 10.850768",Ski Stadion,Norway,Oslo og Viken,86.779,4508.0,NO,Ski Stadion,8.6779
"38.2428, -122.599",Casa Grande High School,,,0,,,Casa Grande High School,0
"18.924449, 72.828734",Cooperage Ground,,,277.2,12000.0,,Cooperage Ground,27.72
"-23.553333, -46.604444",Estádio Rua Javari,,,77,4000.0,,Estádio Rua Javari,7.7
"43.6579, -70.2767",Fitzpatrick Stadium,,,0,,,Fitzpatrick Stadium,0
"18.296, -78.1499",Frome Sports Club,,,38.5,2000.0,,Frome Sports Club,3.85
"-0.676904, 34.769298",Gusii Stadium,,,115.5,5000.0,,Gusii Stadium,11.55
"55.825394, -3.806978",Hannah Park,,,0,,,Hannah Park,0
"37.465615, 49.455385",Sirous Ghayeghran Arena,,,277.2,12000.0,,Sirous Ghayeghran Arena,27.72
"-25.4649, 31.1819",KaNyamazane Stadium,,,438.9,15000.0,,KaNyamazane Stadium,43.89
"37.643955, 127.057523",Nowon Madeul Stadium,,,9.625,500.0,,Nowon Madeul Stadium,0.9625
"47.6239, -122.349",Mercer Arena,,,0,,,Mercer Arena,0
"37.530509, 126.883022",Mokdong Stadium,,,592.10536,20236.0,,Mokdong Stadium,59.210536
"43.517222222, -96.763055555",O'Gorman Catholic High School,,,0,,,O'Gorman Catholic High School,0
"43.0592, -70.7658",Portsmouth High School,,,0,,,Portsmouth High School,0
"26.55775, 31.709277777",Sohag stadium,,,585.2,20000.0,,Sohag stadium,58.52
"47.4698, -122.248",Starfire Sports,,,86.625,4500.0,,Starfire Sports,8.6625
"3.446222222, 102.422638888",Temerloh Mini Stadium,,,231,10000.0,,Temerloh Mini Stadium,23.1
"49.8061, -97.1487",Winnipeg Soccer Complex,,,38.5,2000.0,,Winnipeg Soccer Complex,3.85
"38.041327, 114.529086",Yutong International Sports Center,,,1126.51,38500.0,,Yutong International Sports Center,112.651
"38.041327, 114.529086",Yutong International Sports Center,,,1126.51,38500.0,,Yutong International Sports Center,112.651
"-11.1875, -37.992778",Q9255171,,,161.7,7000.0,,Q9255171,16.17
"-15.688333, -48.196667",Q9255194,,,38.5,2000.0,,Q9255194,3.85
"-29.208611, -51.349167",Q9255199,,,67.375,3500.0,,Q9255199,6.7375
"-11.444431, -61.437903",Q9255353,,,184.8,8000.0,,Q9255353,18.48
"-6.118056, -38.212222",Q9255502,,,161.7,7000.0,,Q9255502,16.17
"-6.755942, -38.223253",Q10276778,,,323.4,14000.0,,Q10276778,32.34
"-22.35650278, -41.77158056",Moacyrzão,,,468.16,16000.0,,Moacyrzão,46.816
"-22.439943, -46.83098",Estádio Municipal Coronel Francisco Vieira,,,161.7,7000.0,,Estádio Municipal Coronel Francisco Vieira,16.17
"55.40046389, 11.364275",Slagelse Stadion,Denmark,Sjælland,231,10000.0,DK,Slagelse Stadion,23.1
"-16.7696047, 179.3525121",Ganilau Park,,,21.56,1120.0,,Ganilau Park,2.156
"35.9453, 14.4148",Sirens Stadium,Malta,Malta,11.55,600.0,MT,Sirens Stadium,1.155
"-17.730833, 168.315833",Port Vila Municipal Stadium,,,231,10000.0,,Port Vila Municipal Stadium,23.1
"55.838, -4.236",Rosebery Park,,,0,,,Rosebery Park,0
"39.06764, -104.86148",Colorado Sports Center,,,0,,,Colorado Sports Center,0
"31.507053, 35.032164",Dura International Stadium,,,526.68,18000.0,,Dura International Stadium,52.668
"-42.8958, 147.30902",South Hobart Ground,,,0,,,South Hobart Ground,0
"16.495711539, 97.622311171",Yamanya Stadium,,,0,,,Yamanya Stadium,0
"-31.8367, 115.767",Percy Doyle Reserve,,,115.5,5000.0,,Percy Doyle Reserve,11.55
"33.7506, -117.8775",Santa Ana Stadium,,,0,,,Santa Ana Stadium,0
"54.988, -3.2413",Kimmeter Park Green,,,0,,,Kimmeter Park Green,0
"15.141375, -23.533555555",Estádio Municipal 25 de Julho,,,19.25,1000.0,,Estádio Municipal 25 de Julho,1.925
"31.53722222, 35.09916667",Hussein Bin Ali Stadium,,,184.8,8000.0,,Hussein Bin Ali Stadium,18.48
"54.26961111, -0.41372222",Flamingo Land Stadium,,,0,,,Flamingo Land Stadium,0
"19.078056, -98.164444",Cuauhtémoc Stadiums,,,1825.5545,47417.0,,Cuauhtémoc Stadiums,182.55545
"-23.924689, 29.468765",Peter Mokaba Stadium,,,1606.7205,41733.0,,Peter Mokaba Stadium,160.67205
"14.563403, 120.992",Rizal Memorial Stadium,,,877.8,30000.0,,Rizal Memorial Stadium,87.78
"14.563403, 120.992",Rizal Memorial Stadium,,,877.8,30000.0,,Rizal Memorial Stadium,87.78
"45.521388888, -122.691666666",Providence Park,,,737.87868,25218.0,,Providence Park,73.787868
"45.532222222, -122.669444444",Veterans Memorial Coliseum,,,297.7128,12888.0,,Veterans Memorial Coliseum,29.77128
"33.469444, -112.096667",Arizona Veterans Memorial Coliseum,,,343.497,14870.0,,Arizona Veterans Memorial Coliseum,34.3497
"17.252177777, -88.786366666",Isidoro Beaton Stadium,,,48.125,2500.0,,Isidoro Beaton Stadium,4.8125
"13.12, -59.605",Barbados National Stadium,,,438.9,15000.0,,Barbados National Stadium,43.89
"-38.742778, -72.619722",Estadio Municipal Germán Becker,,,530.3375,18125.0,,Estadio Municipal Germán Becker,53.03375
"-7.44772, 112.705929",Gelora Delta Stadium,,,1024.1,35000.0,,Gelora Delta Stadium,102.41
"-2.530556, 140.723611",Mandala Stadium,,,877.8,30000.0,,Mandala Stadium,87.78
"39.043722222, 125.757694444",Kim Il-sung Stadium,,,2695,70000.0,,Kim Il-sung Stadium,269.5
"52.564694, -0.240389",London Road Stadium,,,448.1169,15315.0,,London Road Stadium,44.81169
"45.531666666, -122.666666666",Moda Center,,,584.6148,19980.0,,Moda Center,58.46148
"45.531666666, -122.666666666",Moda Center,,,587.91964,20636.0,,Moda Center,58.791964
"-12.067138888, -77.033722222",National Stadium of Peru,,,1658.811,43086.0,,National Stadium of Peru,165.8811
"17.513744444, -88.195011111",Marion Jones Sports Complex,,,173.25,7500.0,,Marion Jones Sports Complex,17.325
"40.44118, -79.95255",Forbes Field,,,672.98,23000.0,,Forbes Field,67.298
"-6.996667, 107.529722",Si Jalak Harupat Stadium,,,790.02,27000.0,,Si Jalak Harupat Stadium,79.002
"6.450438888, 100.200558333",Utama Negeri Stadium,,,585.2,20000.0,,Utama Negeri Stadium,58.52
"15.320833, -91.481667",Estadio Los Cuchumatanes,,,123.354,5340.0,,Estadio Los Cuchumatanes,12.3354
"-6.302641, 107.306235",Singaperbangsa Stadium,,,0,,,Singaperbangsa Stadium,0
"-4.099473, 138.948319",Pendidikan Stadium,,,438.9,15000.0,,Pendidikan Stadium,43.89
"42.943069, -78.831007",All-High Stadium,,,115.5,5000.0,,All-High Stadium,11.55
"-6.173718, 106.638574",Benteng Stadium,,,731.5,25000.0,,Benteng Stadium,73.15
"0.7445, 124.3184",Ambang Stadium,,,231,10000.0,,Ambang Stadium,23.1
"-6.910312, 107.619367",Siliwangi Stadium,,,731.5,25000.0,,Siliwangi Stadium,73.15
"-6.289108, 106.776711",Lebak Bulus Stadium,,,277.2,12000.0,,Lebak Bulus Stadium,27.72
"36.764189, -2.800494",Estadio Municipal Santo Domingo,Spain,Andalucía,181.797,7870.0,ES,Estadio Municipal Santo Domingo,18.1797
"-2.572082, 140.523682",Barnabas Youwe Stadium,,,438.9,15000.0,,Barnabas Youwe Stadium,43.89
"53.9044, -122.802",CN Centre,,,137.9301,5971.0,,CN Centre,13.79301
"53.904844934, -122.801251852",CN Centre,,,137.9301,5971.0,,CN Centre,13.79301
"51.473056, -3.21",Cardiff International Sports Stadium,,,95.34525,4953.0,,Cardiff International Sports Stadium,9.534525
"21.182051, -86.830544",Estadio Cancun 86,,,147.609,6390.0,,Estadio Cancun 86,14.7609
"-53.1541, -70.8955",Estadio Municipal Antonio Ríspoli Díaz,,,86.625,4500.0,,Estadio Municipal Antonio Ríspoli Díaz,8.6625
"3.098708333, 101.593769444",Petaling Jaya Stadium,,,731.5,25000.0,,Petaling Jaya Stadium,73.15
"36.392589, 120.433781",Jimo City Stadium,,,0,,,Jimo City Stadium,0
"-5.084590085, -42.820792626",Estádio Lindolfo Monteiro,,,184.8,8000.0,,Estádio Lindolfo Monteiro,18.48
"-5.084590085, -42.820792626",Estádio Lindolfo Monteiro,,,186.6788,12760.0,,Estádio Lindolfo Monteiro,18.66788
"41.6706, -71.180061",Mark's Stadium,,,438.9,15000.0,,Mark's Stadium,43.89
"-1.87972222, 136.22777778",Marora Stadium,,,231,10000.0,,Marora Stadium,23.1
"0.551581, 123.056542",Merdeka Stadium,,,231,10000.0,,Merdeka Stadium,23.1
"11.256405, 75.785708",EMS Stadium,,,2040.5,53000.0,,EMS Stadium,204.05
"55.8241, -4.2884",Newlandsfield Park,,,0,,,Newlandsfield Park,0
"18.2262229, -66.0341835",Parque Yldefonso Solá Morales,,,231,10000.0,,Parque Yldefonso Solá Morales,23.1
"31.7715, -106.385",Patriot Stadium,,,57.75,3000.0,,Patriot Stadium,5.775
"-6.476573, 106.825181",Cibinong Mini Stadium,,,0,,,Cibinong Mini Stadium,0
"55.877761, -4.229803",Petershill Park,,,19.25,1000.0,,Petershill Park,1.925
"16.513889, -88.3675",Placencia Football Field,,,0,,,Placencia Football Field,0
"-37.833311, 144.928936",SS Anderson Reserve,,,115.5,5000.0,,SS Anderson Reserve,11.55
"-1.978106, 30.044125",Stade Régional Nyamirambo,,,643.72,22000.0,,Stade Régional Nyamirambo,64.372
"-0.04638889, 109.3375",Sultan Syarif Abdurrahman Stadium,,,127.05,5500.0,,Sultan Syarif Abdurrahman Stadium,12.705
"-6.1368615, 106.9134062",Tugu Stadium,,,115.5,5000.0,,Tugu Stadium,11.55
"-6.8160139, 110.8508512",Wergu Wetan Stadium,,,231,10000.0,,Wergu Wetan Stadium,23.1
"-7.631, 111.53",Wilis Stadium,,,731.5,25000.0,,Wilis Stadium,73.15
"-6.90141667, 109.71725",Moh Sarengat Stadium,,,438.9,15000.0,,Moh Sarengat Stadium,43.89
"-15.615706, -47.652811",Q9255145,,,277.2,12000.0,,Q9255145,27.72
"-25.116239, -50.156622",Estádio Germano Krüger,,,300.3,13000.0,,Estádio Germano Krüger,30.03
"-9.390278, -40.504444",Q9255517,,,115.5,5000.0,,Q9255517,11.55
"-25.533056, -54.568611",Q10277534,,,438.9,15000.0,,Q10277534,43.89
"-0.92296389, 119.83955278",Gawalise Stadium,,,0,,,Gawalise Stadium,0
"-0.92296389, 119.83955278",Gawalise Stadium,,,0,,,Gawalise Stadium,0
"-7.87525, 110.380388888",Sultan Agung Stadium,,,1024.1,35000.0,,Sultan Agung Stadium,102.41
"3.254932, 101.657202",Majlis Perbandaran Selayang Stadium,,,0,,,Majlis Perbandaran Selayang Stadium,0
"38.856432, 115.481581",Baoding People's Stadium,,,0,,,Baoding People's Stadium,0
"-6.583517, 110.66369",Krida Bakti Stadium,,,582.12,12000.0,,Krida Bakti Stadium,58.212
"-6.9769, 108.4854",Mashud Wisnusaputra Stadium,,,231,10000.0,,Mashud Wisnusaputra Stadium,23.1
"55.95729167, -2.98638056",Pennypit Park,,,28.875,1500.0,,Pennypit Park,2.8875
"32.0025, 34.797777777",Ice Peaks,,,9.625,500.0,,Ice Peaks,0.9625
"21.0065585, 107.2756533",Cẩm Phả Stadium,,,231,10000.0,,Cẩm Phả Stadium,23.1
"-7.326, 110.198",Bhumi Phala Stadium,,,0,,,Bhumi Phala Stadium,0
"-6.05444444, 106.15102778",Maulana Jusuf Stadium,,,438.9,15000.0,,Maulana Jusuf Stadium,43.89
"-6.564369, 107.4455",Purnawarman Stadium,,,231,10000.0,,Purnawarman Stadium,23.1
"-0.309, 103.16",Beringin Stadium,,,0,,,Beringin Stadium,0
"-8.215469, 114.366523",Diponegoro Stadium,,,0,,,Diponegoro Stadium,0
"-8.043671, 111.91223",Rejoagung Stadium,,,0,,,Rejoagung Stadium,0
"-8.153958, 113.702296",Notohadinegoro Stadium,,,0,,,Notohadinegoro Stadium,0
"-6.38944444, 106.80666667",Merpati Stadium,,,231,10000.0,,Merpati Stadium,23.1
"3.73981, 101.514",Proton City Stadium,,,0,,,Proton City Stadium,0
"40.99324, 22.58344",Δημοτικό Στάδιο Πολυκάστρου,Greece,Central Macedonia,0,,Greece,Δημοτικό Στάδιο Πολυκάστρου,0
"-5.37888889, 105.27944444",Way Halim Stadium,,,0,,,Way Halim Stadium,0
"-15.7835, -47.899164",Estádio Nacional de Brasília,,,2691.535,69910.0,,Estádio Nacional de Brasília,269.1535
"28.63899444, 77.24235278",Ambedkar Stadium,,,585.2,20000.0,,Ambedkar Stadium,58.52
"-8.106655, -79.030977",Estadio Mansiche,,,702.24,24000.0,,Estadio Mansiche,70.224
"37.543562, 126.961184",Hyochang Stadium,,,444.57644,15194.0,,Hyochang Stadium,44.457644
"31.253794, 34.785964",Vasermil Stadium,,,300.3,13000.0,,Vasermil Stadium,30.03
"34.014167, -118.287778",Los Angeles Memorial Coliseum,,,2983.75,77500.0,,Los Angeles Memorial Coliseum,298.375
"-23.526833, -46.568469",Estádio Parque São Jorge,,,322.6839,13969.0,,Estádio Parque São Jorge,32.26839
"40.722777777, -73.590555555",Nassau Veterans Memorial Coliseum,,,473.1342,16170.0,,Nassau Veterans Memorial Coliseum,47.31342
"45.740556, 21.244167",Stadionul Dan Păltinișanu,Romania,Vest,964.76072,32972.0,RO,Stadionul Dan Păltinișanu,96.476072
"47.5236, 19.0917",Szőnyi úti Stadion,Hungary,Budapest,0,,HU,Szőnyi úti Stadion,0
"35.894863888, 14.415372222",Ta' Qali National Stadium,Malta,Malta,520.74022,17797.0,MT,Ta' Qali National Stadium,52.074022
"43.345556, -1.785833",Stadium Gal,Spain,País Vasco,146.5464,6344.0,ES,Stadium Gal,14.65464
"34.518611111, 69.193888888",Ghazi Stadium,,,877.8,30000.0,,Ghazi Stadium,87.78
"4.174083333, 73.513083333",Galolhu National Stadium,,,300.3,13000.0,,Galolhu National Stadium,30.03
"4.1684, 73.5368",Galolhu National Stadium,,,300.3,13000.0,,Galolhu National Stadium,30.03
"55.0698, -3.62494",Palmerston Park,,,176.022,7620.0,,Palmerston Park,17.6022
"-8.54688056, 115.30653333",Kapten I Wayan Dipta Stadium,,,731.5,25000.0,,Kapten I Wayan Dipta Stadium,73.15
"62.394166666, 17.301111111",NP3 Arena,Sweden,Mellersta Norrland,196.35,8500.0,SE,NP3 Arena,19.635
"6.757611, -58.177806",Providence Stadium,,,585.2,20000.0,,Providence Stadium,58.52
"-0.177528, -78.476583",Estadio Olímpico Atahualpa,,,1045.81092,35742.0,,Estadio Olímpico Atahualpa,104.581092
"4.929028, 114.945444",Hassanal Bolkiah National Stadium,,,877.8,30000.0,,Hassanal Bolkiah National Stadium,87.78
"8.98777778, -79.53416667",Estadio Javier Cruz,,,48.125,2500.0,,Estadio Javier Cruz,4.8125
"-30.061667, -51.227222",Estádio dos Eucaliptos,,,231,10000.0,,Estádio dos Eucaliptos,23.1
"37.151517, 127.317863",Yongin Football Center,,,0,,,Yongin Football Center,0
"-33.006667, 27.905278",Buffalo City Stadium,,,468.16,16000.0,,Buffalo City Stadium,46.816
"12.10005278, 15.05507222",Stade Omnisports Idriss Mahamat Ouya,,,585.2,20000.0,,Stade Omnisports Idriss Mahamat Ouya,58.52
"14.926111, -88.246111",Estadio Argelio Sabillón,,,115.5,5000.0,,Estadio Argelio Sabillón,11.55
"12.604444, -7.921667",Stade du 26 Mars,,,1925,50000.0,,Stade du 26 Mars,192.5
"-8.150277777, 112.573888888",Kanjuruhan Stadium,,,1540,40000.0,,Kanjuruhan Stadium,154
"-0.929444, 100.358333",Haji Agus Salim Sport Complex,,,438.9,15000.0,,Haji Agus Salim Sport Complex,43.89
"34.078, -84.256",Alpharetta High School,,,0,,,Alpharetta High School,0
"-27.5344, 153.262",Arthur & Allan Morris field,,,0,,,Arthur & Allan Morris field,0
"-32.893333333, 151.6825",The Gardens Greyhound and Sporting Complex,,,77,4000.0,,The Gardens Greyhound and Sporting Complex,7.7
"57.44907222, -2.78306111","Christie Park, Huntly",,,42.35,2200.0,,"Christie Park, Huntly",4.235
"-13.151638888, -74.22",Estadio Ciudad de Cumaná,,,438.9,15000.0,,Estadio Ciudad de Cumaná,43.89
"10.080278, -69.329167",Estadio Farid Richa,,,288.288,12480.0,,Estadio Farid Richa,28.8288
"10.080278, -69.329167",Estadio Farid Richa,,,288.288,12480.0,,Estadio Farid Richa,28.8288
"10.223403, -68.0115",Estadio Misael Delgado,,,231,10000.0,,Estadio Misael Delgado,23.1
"57.4412, 10.5204",Frederikshavn Stadion,,,0,,,Frederikshavn Stadion,0
"57.7137, -3.28549",Grant Park,,,62.5625,3250.0,,Grant Park,6.25625
"26.115669, 91.760297",Sarusajai Stadium (Guwahati),,,877.8,30000.0,,Sarusajai Stadium (Guwahati),87.78
"37.83609, -97.321205",Kansas Coliseum,,,281.82,12200.0,,Kansas Coliseum,28.182
"-35.241944, 149.037222",McKellar Park,,,67.375,3500.0,,McKellar Park,6.7375
"34.828545, 126.397873",Mokpo International Football Center,,,137.4912,5952.0,,Mokpo International Football Center,13.74912
"37.0225, -4.568611111",Pabellón Polideportivo Municipal Fernando Argüelles,Spain,Andalucía,49.56875,2575.0,ES,Pabellón Polideportivo Municipal Fernando Argüelles,4.956875
"1.461966666, 103.898102777",Pasir Gudang Stadium,,,438.9,15000.0,,Pasir Gudang Stadium,43.89
"30.416485, -87.209372",Pensacola Civic Center,,,231,10000.0,,Pensacola Civic Center,23.1
"57.663326, -2.517742",Princess Royal Park,,,50.05,2600.0,,Princess Royal Park,5.005
"-21.777778, -46.605833",Ronaldão,,,323.4,14000.0,,Ronaldão,32.34
"54.621, -5.927",Skegoneill Avenue,,,0,,,Skegoneill Avenue,0
"3.855, 11.5089",Stade Municipal,,,0,,,Stade Municipal,0
"54.150444, -6.320606",The Showgrounds,,,183.6219,7949.0,,The Showgrounds,18.36219
"-27.600556, 153.148333","Underwood Park, Rochedale",,,115.5,5000.0,,"Underwood Park, Rochedale",11.55
"-9.42781, -40.502",Q9255146,,,277.2,12000.0,,Q9255146,27.72
"-1.294722, -48.163333",Q9255218,,,38.5,2000.0,,Q9255218,3.85
"-7.516389, -35.311667",Q9255236,,,0,,,Q9255236,0
"-7.945819, -34.888136",Ademir Cunha Stadium,,,77,4000.0,,Ademir Cunha Stadium,7.7
"-9.747667, -36.666806",Estádio Municipal Coaracy da Mata Fonseca,,,497.42,17000.0,,Estádio Municipal Coaracy da Mata Fonseca,49.742
"-2.536286, -44.289145",Estádio Nhozinho Santos,,,482.79,16500.0,,Estádio Nhozinho Santos,48.279
"-23.554825572, -46.611835433",Estádio Antarctica Paulista,,,0,,,Estádio Antarctica Paulista,0
"-22.698293, -46.764222",Estádio José Araújo Cintra,,,0,,,Estádio José Araújo Cintra,0
"-23.47060278, -46.55214444",Antônio Soares de Oliveira Municipal Stadium,,,0,,,Antônio Soares de Oliveira Municipal Stadium,0
"-10.776111111, -65.327222222",Q10277242,,,57.75,3000.0,,Q10277242,5.775
"-7.758056, -37.631667",Q10277473,,,0,,,Q10277473,0
"-28.28228333, -52.37630833",Q10277480,,,0,,,Q10277480,0
"-31.417832, -57.976474","Estadio Parque ""Julio Pozzi""",,,138.6,6000.0,,"Estadio Parque ""Julio Pozzi""",13.86
"45.8364, 16.1075",Stadion ŠRC Sesvete,Croatia,Grad Zagreb,67.375,3500.0,HR,Stadion ŠRC Sesvete,6.7375
"23.72536944, 90.42946389",Bir Shreshtha Shaheed Shipahi Mostafa Kamal Stadium,,,184.8,8000.0,,Bir Shreshtha Shaheed Shipahi Mostafa Kamal Stadium,18.48
"57.29045278, -2.38150833",Harlaw Park,,,48.125,2500.0,,Harlaw Park,4.8125
"57.54083333, -2.94472222",Kynoch Park,,,77,4000.0,,Kynoch Park,7.7
"45.94890833, 15.48831944",Matija Gubec Stadium,Slovenia,Vzhodna Slovenija,0,,SI,Matija Gubec Stadium,0
"40.3472, -74.5456",Rowland Park,,,0,,,Rowland Park,0
"31.93925, 34.893166666",Lod Municipal Stadium,,,57.75,3000.0,,Lod Municipal Stadium,5.775
"-34.857627, 138.558529",Elite Systems Football Centre,,,0,,,Elite Systems Football Centre,0
"50.6875, 16.601111",Bielawianka Stadium,Poland,Dolnośląskie,18.865,980.0,PL,Bielawianka Stadium,1.8865
"42.26111111, -71.01",Veterans Memorial Stadium,,,0,,,Veterans Memorial Stadium,0
"-5.51574, -38.267901",Arena Coliseu Mateus Aquino,,,115.5,5000.0,,Arena Coliseu Mateus Aquino,11.55
"-10.651944444, -68.503888888",Q56349553,,,77,4000.0,,Q56349553,7.7
"50.3345, 18.7764",Sparta Zabrze stadium,Poland,Śląskie,300.3,13000.0,PL,Sparta Zabrze stadium,30.03
"14.75303, -61.17925",Q108196610,France,Martinique,11.55,600.0,FR,Q108196610,1.155
"28.002566666, -15.404461111",Q135108656,Spain,Canarias,67.375,3500.0,ES,Q135108656,6.7375
"6.309, -10.80411111",Antoinette Tubman Stadium,,,231,10000.0,,Antoinette Tubman Stadium,23.1
"15.507455555, -88.033416666",Estadio General Francisco Morazán,,,783.61206,26781.0,,Estadio General Francisco Morazán,78.361206
"51.573889, -2.959444",Newport Stadium,,,116.8398,5058.0,,Newport Stadium,11.68398
"27.695052, 85.314835",Dasarath Rangasala Stadium,,,877.8,30000.0,,Dasarath Rangasala Stadium,87.78
"12.109167, -86.273056",Nicaragua National Football Stadium,,,254.1,11000.0,,Nicaragua National Football Stadium,25.41
"10.491278, -66.885492",Estadio Olímpico,,,728.574,24900.0,,Estadio Olímpico,72.8574
"-3.743611, -73.252778",Estadio Max Augustín,,,719.09376,24576.0,,Estadio Max Augustín,71.909376
"34.2597, -118.525",John Elway Stadium,,,0,,,John Elway Stadium,0
"43.848056, 25.963056",Gradski Stadium,Bulgaria,Severen tsentralen,584.0296,19960.0,BG,Gradski Stadium,58.40296
"14.038739, 100.602272",Bangkok University Stadium,,,115.5,5000.0,,Bangkok University Stadium,11.55
"32.000833333, 34.748472222",Bat Yam Municipal Stadium,,,59.675,3100.0,,Bat Yam Municipal Stadium,5.9675
"43.0831, -89.3731",Breese Stevens Field,,,0,,,Breese Stevens Field,0
"-36.964263, 174.805413",Centre Park,,,57.75,3000.0,,Centre Park,5.775
"-33.74, 151.285833",Cromer Park,,,115.5,5000.0,,Cromer Park,11.55
"-0.964041, -80.70293",Estadio Jocay,,,585.2,20000.0,,Estadio Jocay,58.52
"-18.005, -70.253056",Estadio Jorge Basadre,,,580.811,19850.0,,Estadio Jorge Basadre,58.0811
"32.533180555, 35.155788888",HaShalom Stadium,,,133.98,5800.0,,HaShalom Stadium,13.398
"4.139166666, -73.619166666",Estadio Bello Horizonte - Rey Pelé,,,438.9,15000.0,,Estadio Bello Horizonte - Rey Pelé,43.89
"-37.8037, -72.7033",Q5848161,,,77,4000.0,,Q5848161,7.7
"53.4639, -2.19472",Hyde Road,,,1540,40000.0,,Hyde Road,154
"37.5741, 36.9234",12 Şubat Stadium,TR,"Hatay, Kahramanmaraş, Osmaniye",438.9,15000.0,TR,12 Şubat Stadium,43.89
"-33.007, 27.905",Jan Smuts Stadium,,,0,,,Jan Smuts Stadium,0
"14.049855, 99.502743055",Kanchanaburi Stadium,,,300.3,13000.0,,Kanchanaburi Stadium,30.03
"48.7428, 21.9083",Zemplin Stadium,Slovakia,Východné Slovensko,85.47,4440.0,SK,Zemplin Stadium,8.547
"48.750061111, 21.936230555",Zemplin Stadium,Slovakia,Východné Slovensko,85.47,4440.0,SK,Zemplin Stadium,8.547
"48.7428, 21.9083",Zemplin Stadium,Slovakia,Východné Slovensko,86.625,4500.0,SK,Zemplin Stadium,8.6625
"48.750061111, 21.936230555",Zemplin Stadium,Slovakia,Východné Slovensko,86.625,4500.0,SK,Zemplin Stadium,8.6625
"1.458653, 124.835764",Klabat Stadium,,,231,10000.0,,Klabat Stadium,23.1
"20.1433, 94.9258",Magway Stadium,,,161.7,7000.0,,Magway Stadium,16.17
"-26.005544, 28.210208",Mehlareng Stadium,,,0,,,Mehlareng Stadium,0
"-1.292222, 36.842222",Nairobi City Stadium,,,438.9,15000.0,,Nairobi City Stadium,43.89
"23.714281, 92.735391",Rajiv Gandhi Stadium Mualpui,,,585.2,20000.0,,Rajiv Gandhi Stadium Mualpui,58.52
"52.775556, -3.153611",Recreation Ground,,,38.5,2000.0,,Recreation Ground,3.85
"41.3892, 23.1994",Tsar Samuil Stadium,Bulgaria,Yugozapaden,277.2,12000.0,BG,Tsar Samuil Stadium,27.72
"-7.631, 111.53",Wilis Stadium,,,731.5,25000.0,,Wilis Stadium,73.15
"-7.631, 111.53",Wilis Stadium,,,731.5,25000.0,,Wilis Stadium,73.15
"45.5371, 13.6653",Izola City Stadium,Slovenia,Zahodna Slovenija,117.4635,5085.0,SI,Izola City Stadium,11.74635
"45.537125, 13.665311",Izola City Stadium,Slovenia,Zahodna Slovenija,117.4635,5085.0,SI,Izola City Stadium,11.74635
"45.5371, 13.6653",Izola City Stadium,Slovenia,Zahodna Slovenija,119.17059,6729.0,SI,Izola City Stadium,11.917059
"45.537125, 13.665311",Izola City Stadium,Slovenia,Zahodna Slovenija,119.17059,6729.0,SI,Izola City Stadium,11.917059
"3.254932, 101.657202",Majlis Perbandaran Selayang Stadium,,,0,,,Majlis Perbandaran Selayang Stadium,0
"40.71848583, -73.59866383",Hofstra University Soccer Stadium,,,30.8,1600.0,,Hofstra University Soccer Stadium,3.08
"50.1057, 14.4453",Stadion na Plynárně,Czechia,Praha,0,,CZ,Stadion na Plynárně,0
"55.8911, -4.2891",Lochburn Park,,,0,,,Lochburn Park,0
"31.93925, 34.893166666",Lod Municipal Stadium,,,57.75,3000.0,,Lod Municipal Stadium,5.775
"-6.697335, -79.904494",Estadio Municipal César Flores Marigorda,,,0,,,Estadio Municipal César Flores Marigorda,0
"17.061773, 99.793703",Thung Thalay Luang Stadium,,,0,,,Thung Thalay Luang Stadium,0
"14.89446259, 100.41039276",Singburi Province Stadium,,,0,,,Singburi Province Stadium,0
"53.3158, -3.8296",Maesdu Park,,,0,,,Maesdu Park,0
"14.064621, 101.374933",Prachinburi Provincial Administrative Organization Stadium,,,0,,,Prachinburi Provincial Administrative Organization Stadium,0
"17.485806, 101.734803",Loei Province Stadium,,,0,,,Loei Province Stadium,0
"17.865459, 102.737904",Nong Khai Province Stadium,,,0,,,Nong Khai Province Stadium,0
"15.251805, 104.847969",Ubon Rachathani Sports School Stadium,,,0,,,Ubon Rachathani Sports School Stadium,0
"13.125031, 99.936277",Phetchaburi Province Stadium,,,0,,,Phetchaburi Province Stadium,0
"15.742158, 100.132114",Nakhon Sawan Sport School Stadium,,,0,,,Nakhon Sawan Sport School Stadium,0
"16.15411, 103.316117",Mahasarakham Province Stadium,,,0,,,Mahasarakham Province Stadium,0
"6.651364, 100.078651",Satun Provincial Administrative Organization Stadium,,,0,,,Satun Provincial Administrative Organization Stadium,0
"57.708055555, 12.979722222",Q130342045,Sweden,Västsverige,0,,SE,Q130342045,0
"14.672555555, -17.432",Dakar,,,0,,,Dakar,0
"-3.254467, -79.962497",Estadio 9 de Mayo,,,482.79,16500.0,,Estadio 9 de Mayo,48.279
"-33.540833, -70.578333",Estadio Bicentenario de La Florida,,,277.2,12000.0,,Estadio Bicentenario de La Florida,27.72
"22.3261, 114.173",Mong Kok Stadium,,,153.9384,6664.0,,Mong Kok Stadium,15.39384
"17.160277777, -89.069722222",Norman Broaster Stadium,,,38.5,2000.0,,Norman Broaster Stadium,3.85
"27.471417, 89.641056",Changlimithang Stadium,,,731.5,25000.0,,Changlimithang Stadium,73.15
"9.993544, -69.219858",Estadio Metropolitano de Fútbol de Lara,,,1552.012,40312.0,,Estadio Metropolitano de Fútbol de Lara,155.2012
"36.689167, -6.120278",Estadio Municipal de Chapín,Spain,Andalucía,600.50298,20523.0,ES,Estadio Municipal de Chapín,60.050298
"7.787166666, -72.197944444",Estadio Polideportivo de Pueblo Nuevo,,,1636.25,42500.0,,Estadio Polideportivo de Pueblo Nuevo,163.625
"18.061944, 102.703889",New Laos National Stadium,,,731.5,25000.0,,New Laos National Stadium,73.15
"18.06194444, 102.70388889",New Laos National Stadium,,,731.5,25000.0,,New Laos National Stadium,73.15
"56.668611111, 16.360833333",Fredriksskans,,,207.9,9000.0,,Fredriksskans,20.79
"3.725, 8.769167",Malabo Stadium,,,446.215,15250.0,,Malabo Stadium,44.6215
"33.700556, 73.092778",Jinnah Sports Stadium,,,1855.7,48200.0,,Jinnah Sports Stadium,185.57
"35.469166666, 139.603611111",Nippatsu Mitsuzawa Stadium,,,440.24596,15046.0,,Nippatsu Mitsuzawa Stadium,44.024596
"11.239826, -74.195126",Estadio Eduardo Santos,,,672.98,23000.0,,Estadio Eduardo Santos,67.298
"-17.7339, 168.337",Korman Stadium,,,150.15,6500.0,,Korman Stadium,15.015
"-17.7339, 168.337",Korman Stadium,,,150.15,6500.0,,Korman Stadium,15.015
"-3.743611, -73.252778",Estadio Max Augustín,,,719.09376,24576.0,,Estadio Max Augustín,71.909376
"-17.796067, -63.183873",Estadio Ramón Tahuichi Aguilera,,,1029.3668,35180.0,,Estadio Ramón Tahuichi Aguilera,102.93668
"31.510833, 74.331944",Punjab Stadium,,,877.8,30000.0,,Punjab Stadium,87.78
"29.107694, -110.995764",Estadio Héroe de Nacozari,,,877.8,30000.0,,Estadio Héroe de Nacozari,87.78
"14.091212, -87.165318",Estadio El Birichiche,,,115.5,5000.0,,Estadio El Birichiche,11.55
"-25.869515, 29.176458",Ackerville Stadium,,,254.1,11000.0,,Ackerville Stadium,25.41
"38.318361, 48.350014",Ali Daei Stadium,,,585.2,20000.0,,Ali Daei Stadium,58.52
"50.911944, -1.399722",Antelope Ground,,,0,,,Antelope Ground,0
"40.99656667, 28.83211944",Bahçelievler Stadium,,,0,,,Bahçelievler Stadium,0
"55.773361, -3.934597",Beltane Park,,,0,,,Beltane Park,0
"10.474183, -66.939064",Cocodrilos Sports Park,,,67.375,3500.0,,Cocodrilos Sports Park,6.7375
"42.262928, -71.823619",Commerce Bank Field at Foley Stadium,,,77,4000.0,,Commerce Bank Field at Foley Stadium,7.7
"-33.868333, 151.109444",Concord Oval,,,585.2,20000.0,,Concord Oval,58.52
"-8.386389, -74.539167",Estadio Aliardo Soria Pérez,,,438.9,15000.0,,Estadio Aliardo Soria Pérez,43.89
"-8.386389, -74.539167",Estadio Aliardo Soria Pérez,,,442.75,25000.0,,Estadio Aliardo Soria Pérez,44.275
"-27.483778, -58.829883",Estadio José Antonio Romero Feris,,,443.93272,15172.0,,Estadio José Antonio Romero Feris,44.393272
"-17.63661, -71.33734",Estadio Mariscal Nieto,,,57.75,3000.0,,Estadio Mariscal Nieto,5.775
"-3.5571145, -80.4418659",Estadio Mariscal Cáceres,,,277.2,12000.0,,Estadio Mariscal Cáceres,27.72
"4.623545, -74.135611",Estadio Metropolitano de Techo,,,168.63,7300.0,,Estadio Metropolitano de Techo,16.863
"-32.746944, -70.73",Estadio Municipal de San Felipe,,,277.2,12000.0,,Estadio Municipal de San Felipe,27.72
"37.831, -97.33",Hartman Arena,,,115.5,5000.0,,Hartman Arena,11.55
"48.76118, 17.5656",Stadium Myjava,Slovakia,Západné Slovensko,0,,SK,Stadium Myjava,0
"-27.356202, -55.860319",Hugo Stroessner Stadium,,,77,4000.0,,Hugo Stroessner Stadium,7.7
"-25.273421, -57.587757",Rafael Giménez Stadium,,,28.875,1500.0,,Rafael Giménez Stadium,2.8875
"53.1194, -1.35144",Miners Welfare Ground,,,0,,,Miners Welfare Ground,0
"35.717441, 139.568354",Musashino Municipal Athletic Stadium,,,115.5,5000.0,,Musashino Municipal Athletic Stadium,11.55
"19.753611, -72.2075",Parc St. Victor,,,219.45,9500.0,,Parc St. Victor,21.945
"-21.163611, 149.183889",Stadium Mackay,,,281.82,12200.0,,Stadium Mackay,28.182
"49.2063, 19.2918",Stadium MUDr. Ivan Chodák,Slovakia,Stredné Slovensko,37.5375,1950.0,SK,Stadium MUDr. Ivan Chodák,3.75375
"42.2939, -83.0191",Windsor Stadium,,,57.75,3000.0,,Windsor Stadium,5.775
"19.766667, 96.07275",Zabuthiri Stadium,,,936.32,32000.0,,Zabuthiri Stadium,93.632
"39.583019, 2.652511",Sa Punta,Spain,Illes Balears,53.9,2800.0,ES,Sa Punta,5.39
"9.333358, -70.6023",Estadio José Alberto Pérez,,,294.8715,12765.0,,Estadio José Alberto Pérez,29.48715
"-33.49395556, -70.67103611",Q8842866,,,25.9875,1350.0,,Q8842866,2.59875
"36.575833, 136.605278",Ishikawa Athletics Stadium,,,585.2,20000.0,,Ishikawa Athletics Stadium,58.52
"49.2786, -122.922",SFU Stadium at Terry Fox Field,,,19.25,1000.0,,SFU Stadium at Terry Fox Field,1.925
"49.2786, -122.922",SFU Stadium at Terry Fox Field,,,19.65194,1823.0,,SFU Stadium at Terry Fox Field,1.965194
"44.4233, 24.3503",Stadionul 1 Mai (Slatina),Romania,Sud-Vest Oltenia,231,10000.0,RO,Stadionul 1 Mai (Slatina),23.1
"-22.861825, -43.253125",Q18476126,,,0,,,Q18476126,0
"42.3924, -83.0489",Keyworth Stadium,,,0,,,Keyworth Stadium,0
"15.782788, 104.151446",Yasothon Province Stadium,,,0,,,Yasothon Province Stadium,0
"41.63, -0.8825",Estadio Torrero,Spain,Aragón,439.4852,15020.0,ES,Estadio Torrero,43.94852
"40.9875, 29.036666666",Şükrü Saracoğlu Stadium,,,1945.405,50530.0,,Şükrü Saracoğlu Stadium,194.5405
"18.426388888, -64.620833333",A.O. Shirley Recreation Ground,,,57.75,3000.0,,A.O. Shirley Recreation Ground,5.775
"38.546667, -90.438611",World Wide Technology Soccer Park,,,143.22,6200.0,,World Wide Technology Soccer Park,14.322
"37.297746, 127.011315",Suwon Sports Complex,,,721.8442,24670.0,,Suwon Sports Complex,72.18442
"52.988333333, -2.175555555",Britannia Stadium,,,811.6724,27740.0,,Britannia Stadium,81.16724
"-3.0214, 104.7892",Gelora Sriwijaya Stadium,,,1053.36,36000.0,,Gelora Sriwijaya Stadium,105.336
"51.889839, -0.193608",Broadhall Way,,,155.2782,6722.0,,Broadhall Way,15.52782
"51.889839, -0.193608",Broadhall Way,,,155.2782,6722.0,,Broadhall Way,15.52782
"22.702778, 120.295",National Stadium,,,2117.5,55000.0,,National Stadium,211.75
"25.722805555, -100.312055555",Estadio Universitario ( El miadero ),,,1742.3945,45257.0,,Estadio Universitario ( El miadero ),174.23945
"22.568889, 88.409167",Salt Lake Stadium,,,2618,68000.0,,Salt Lake Stadium,261.8
"22.568889, 88.409167",Salt Lake Stadium,,,2618,68000.0,,Salt Lake Stadium,261.8
"-23.526833, -46.568469",Estádio Parque São Jorge,,,322.6839,13969.0,,Estádio Parque São Jorge,32.26839
"38.626667, -90.2025",Enterprise Center,,,538.384,18400.0,,Enterprise Center,53.8384
"-42.877222222, 147.373611111",Bellerive Oval,,,474.012,16200.0,,Bellerive Oval,47.4012
"51.564444, -1.770556","County Ground, Swindon",,,339.57,14700.0,,"County Ground, Swindon",33.957
"51.679167, -4.129167",Parc y Scarlets,,,343.497,14870.0,,Parc y Scarlets,34.3497
"-12.067138888, -77.033722222",National Stadium of Peru,,,1658.811,43086.0,,National Stadium of Peru,165.8811
"39.23984722, -9.30878333",Estádio Municipal da Lourinhã,Portugal,Oeste e Vale do Tejo,38.5,2000.0,PT,Estádio Municipal da Lourinhã,3.85
"-1.381111, -48.444",Estádio Estadual Jornalista Edgar Augusto Proença,,,1024.1,35000.0,,Estádio Estadual Jornalista Edgar Augusto Proença,102.41
"-1.381111, -48.444",Estádio Estadual Jornalista Edgar Augusto Proença,,,1039.6617,45007.0,,Estádio Estadual Jornalista Edgar Augusto Proença,103.96617
"56.1188, -3.91176",Forthbank Stadium,,,73.304,3808.0,,Forthbank Stadium,7.3304
"-8.557944, 125.580611",National Stadium,,,300.3,13000.0,,National Stadium,30.03
"4.174083333, 73.513083333",Galolhu National Stadium,,,300.3,13000.0,,Galolhu National Stadium,30.03
"4.1684, 73.5368",Galolhu National Stadium,,,300.3,13000.0,,Galolhu National Stadium,30.03
"7.3432, 134.4726",National Stadium,,,77,4000.0,,National Stadium,7.7
"7.3432, 134.4726",National Stadium,,,77,4000.0,,National Stadium,7.7
"17.29861111, -62.72194444",Warner Park Sporting Complex,,,231,10000.0,,Warner Park Sporting Complex,23.1
"17.29861111, -62.72194444",Warner Park Sporting Complex,,,231,10000.0,,Warner Park Sporting Complex,23.1
"47.3883, -122.24",accesso ShoWare Center,,,150.15,6500.0,,accesso ShoWare Center,15.015
"-23.513056, -46.899444",Arena Barueri,,,1024.1,35000.0,,Arena Barueri,102.41
"16.538888888, -88.417222222",Michael Ashcroft Stadium,,,0,,,Michael Ashcroft Stadium,0
"58.242286, 22.480172",Kuressaare linnastaadion,Estonia,Eesti,19.25,1000.0,EE,Kuressaare linnastaadion,1.925
"38.629166666, -90.282777777",St. Louis Arena,,,328.02,14200.0,,St. Louis Arena,32.802
"43.044722, -76.148333",Oncenter War Memorial Arena,,,184.8,8000.0,,Oncenter War Memorial Arena,18.48
"-12.067138888, -77.033722222",Estadio Nacional del Perú (1897),,,1663.2,40000.0,,Estadio Nacional del Perú (1897),166.32
"-12.067138888, -77.033722222",Estadio Nacional del Perú (1897),,,1663.2,40000.0,,Estadio Nacional del Perú (1897),166.32
"3.564722, 98.695556",Teladan Stadium,,,585.2,20000.0,,Teladan Stadium,58.52
"-6.173718, 106.638574",Benteng Stadium,,,731.5,25000.0,,Benteng Stadium,73.15
"-7.25201, 112.75621",Gelora 10 November Stadium,,,877.8,30000.0,,Gelora 10 November Stadium,87.78
"-37.785, 144.828611",Chaplin Reserve,,,115.5,5000.0,,Chaplin Reserve,11.55
"-8.386389, -74.539167",Estadio Aliardo Soria Pérez,,,438.9,15000.0,,Estadio Aliardo Soria Pérez,43.89
"-8.386389, -74.539167",Estadio Aliardo Soria Pérez,,,442.75,25000.0,,Estadio Aliardo Soria Pérez,44.275
"-4.89696, -80.684436",Estadio Campeones del 36,,,184.8,8000.0,,Estadio Campeones del 36,18.48
"-14.067981, -75.7389661",Estadio José Picasso Peratta,,,231,10000.0,,Estadio José Picasso Peratta,23.1
"-12.1719524, -77.0274801",Estadio Municipal de Chorrillos,,,438.9,15000.0,,Estadio Municipal de Chorrillos,43.89
"-20.630093, -49.652646",Estádio Alberto Víctolo,,,0,,,Estádio Alberto Víctolo,0
"-8.757222, -63.910556",Estádio Aluízio Ferreira,,,161.7,7000.0,,Estádio Aluízio Ferreira,16.17
"16.753258333, -22.938833333",Estádio Marcelo Leitão,,,28.875,1500.0,,Estádio Marcelo Leitão,2.8875
"30.0108, -94.18",Ford Arena,,,224.9247,9737.0,,Ford Arena,22.49247
"-33.679033, -70.9863753",Q5847764,,,28.875,1500.0,,Q5847764,2.8875
"9.030676566, -79.498604857",Q5847796,,,19.25,1000.0,,Q5847796,1.925
"-25.509056, -57.355512",Q5848374,,,120.12,5200.0,,Q5848374,12.012
"4.609433, 101.103439",Perak Stadium,,,0,,,Perak Stadium,0
"3.098708333, 101.593769444",Petaling Jaya Stadium,,,731.5,25000.0,,Petaling Jaya Stadium,73.15
"8.95111111, 11.35453611",Jalingo City Stadium,,,0,,,Jalingo City Stadium,0
"13.08555556, 80.27166667",Jawaharlal Nehru Stadium Chennai,,,1540,40000.0,,Jawaharlal Nehru Stadium Chennai,154
"47.705, -117.483",Joe Albi Stadium,,,838.18196,28646.0,,Joe Albi Stadium,83.818196
"47.705, -117.483",Joe Albi Stadium,,,838.18196,28646.0,,Joe Albi Stadium,83.818196
"36.596194444, 136.657361111",Kanazawa Soccer Stadium,,,241.2564,10444.0,,Kanazawa Soccer Stadium,24.12564
"22.1525, 113.56805556",Macau University of Science and Technology Sports Field,,,32.417,1684.0,,Macau University of Science and Technology Sports Field,3.2417
"53.372324, -6.180929",Saint Anne's Park,,,0,,,Saint Anne's Park,0
"57.3324, -3.60092",Seafield Park,,,30.8,1600.0,,Seafield Park,3.08
"-34.030278, 151.102222",Seymour Shaw Park,,,115.5,5000.0,,Seymour Shaw Park,11.55
"-26.733889, 153.126111",Stockland Park,,,277.2,12000.0,,Stockland Park,27.72
"31.306009, 120.621685",Suzhou City Stadium,,,0,,,Suzhou City Stadium,0
"53.3045, -6.2981",Terenure College,Ireland,Eastern and Midland,0,,IE,Terenure College,0
"52.5453, -2.05331",Tipton Sports Academy,,,0,,,Tipton Sports Academy,0
"37.831, 68.7773",Tsentralnyi Stadium,,,231,10000.0,,Tsentralnyi Stadium,23.1
"42.3032, -122.847",US Cellular Community Park,,,0,,,US Cellular Community Park,0
"1.412389, 103.832334",Yishun Stadium,,,65.45,3400.0,,Yishun Stadium,6.545
"-9.577222, -48.391944",Q9255190,,,38.5,2000.0,,Q9255190,3.85
"-7.516389, -35.311667",Q9255236,,,0,,,Q9255236,0
"-5.52530556, -47.48847222",Q9255395,,,231,10000.0,,Q9255395,23.1
"-23.969611111, -46.394305555",Mansueto Pierotti Stadium,,,0,,,Mansueto Pierotti Stadium,0
"-23.119277777, -46.562194444",Salvador Russani Municipal Stadium,,,0,,,Salvador Russani Municipal Stadium,0
"-3.832126, -38.488509",Valter Lacerda Stadium,,,0,,,Valter Lacerda Stadium,0
"15.2625, -87.5553",Estadio Milton Flores,,,0,,,Estadio Milton Flores,0
"-31.418069444, -62.0795",Q16564706,,,438.9,15000.0,,Q16564706,43.89
"12.97694444, 7.63805556",Muhammadu Dikko Stadium,,,1024.1,35000.0,,Muhammadu Dikko Stadium,102.41
"-17.730833, 168.315833",Port Vila Municipal Stadium,,,231,10000.0,,Port Vila Municipal Stadium,23.1
"37.285277777, -81.129444444",East River Soccer Complex,,,0,,,East River Soccer Complex,0
"-31.88806, 115.8231",Macedonia Park,,,161.7,7000.0,,Macedonia Park,16.17
"31.16333333, 35.74666667",Prince Faisal Stadium,,,0,,,Prince Faisal Stadium,0
"17.02125, -25.076805555",Estádio Municipal do Porto Novo,,,48.125,2500.0,,Estádio Municipal do Porto Novo,4.8125
"-22.29865, -42.541331",Q18476062,,,0,,,Q18476062,0
"-28.27475, -52.439333",Arena Wolmar Salton,,,0,,,Arena Wolmar Salton,0
"18.511666666, -88.300833333",Estadio 10 de Abril,,,0,,,Estadio 10 de Abril,0
"55.971581, -3.233217",Ainslie Park,,,0,,,Ainslie Park,0
"52.477916666, -8.1575",Cooke Park,Ireland,Southern,0,,IE,Cooke Park,0
"14.916111, -23.512222",Estádio da Várzea,,,184.8,8000.0,,Estádio da Várzea,18.48
"14.916111, -23.512222",Estádio da Várzea,,,184.8,8000.0,,Estádio da Várzea,18.48
"14.916111, -23.512222",Estádio da Várzea,,,184.8,8000.0,,Estádio da Várzea,18.48
"14.916111, -23.512222",Estádio da Várzea,,,184.8,8000.0,,Estádio da Várzea,18.48
"-30.044961, -52.887631",Q935064,,,115.5,5000.0,,Q935064,11.55
"-3.807267, -38.522481",Castelão,,,2228.226,57876.0,,Castelão,222.8226
"-18.913889, -48.2325",Estádio Parque do Sabiá,,,2053.975,53350.0,,Estádio Parque do Sabiá,205.3975
"-20.501389, -54.609722",Morenão,,,1732.5,45000.0,,Morenão,173.25
"-22.90055556, -43.10583333",Estádio Caio Martins,,,277.2,12000.0,,Estádio Caio Martins,27.72
"-10.926667, -37.049167",Batistão,,,323.4,14000.0,,Batistão,32.34
"-22.88980833, -42.04000556",Correão,,,0,,,Correão,0
"-8.757222, -63.910556",Estádio Aluízio Ferreira,,,161.7,7000.0,,Estádio Aluízio Ferreira,16.17
"-19.002778, -57.664444",Estádio Arthur Marinho,,,438.9,15000.0,,Estádio Arthur Marinho,43.89
"-22.219478, -49.939406",Estádio Bento de Abreu,,,526.68,18000.0,,Estádio Bento de Abreu,52.668
"-3.121944, -60.037778",Estádio Ismael Benigno,,,468.16,16000.0,,Estádio Ismael Benigno,46.816
"-3.121944, -60.037778",Estádio Ismael Benigno,,,468.16,16000.0,,Estádio Ismael Benigno,46.816
"-3.121944, -60.037778",Estádio Ismael Benigno,,,468.16,16000.0,,Estádio Ismael Benigno,46.816
"-9.970278, -67.8075",Estádio José de Melo,,,184.8,8000.0,,Estádio José de Melo,18.48
"16.8825, -24.985277777",Estádio Municipal Adérito Sena,,,115.5,5000.0,,Estádio Municipal Adérito Sena,11.55
"-22.683786651, -46.997095673",Estádio Municipal Alfredo Chiavegato,,,438.9,15000.0,,Estádio Municipal Alfredo Chiavegato,43.89
"-22.009435, -47.892929",Estádio Paulista,,,77,4000.0,,Estádio Paulista,7.7
"-22.585503, -43.305108",Estádio Romário de Souza Faria,,,231,10000.0,,Estádio Romário de Souza Faria,23.1
"-23.553333, -46.604444",Estádio Rua Javari,,,77,4000.0,,Estádio Rua Javari,7.7
"-22.463811, -44.456122",Estádio do Trabalhador,,,170.94,7400.0,,Estádio do Trabalhador,17.094
"-5.084590085, -42.820792626",Estádio Lindolfo Monteiro,,,184.8,8000.0,,Estádio Lindolfo Monteiro,18.48
"-5.084590085, -42.820792626",Estádio Lindolfo Monteiro,,,186.6788,12760.0,,Estádio Lindolfo Monteiro,18.66788
"-28.311389, -54.265833",Estádio da Zona Sul,,,184.8,8000.0,,Estádio da Zona Sul,18.48
"-20.788333, -51.678056",Q9255184,,,231,10000.0,,Q9255184,23.1
"-12.784444, -38.402222",Q9255217,,,115.5,5000.0,,Q9255217,11.55
"-21.696111, -45.26",Q9255224,,,115.5,5000.0,,Q9255224,11.55
"-7.299864, -38.149611",Q9255308,,,57.75,3000.0,,Q9255308,5.775
"-5.160756, -38.095008",Q9255311,,,115.5,5000.0,,Q9255311,11.55
"-23.365638888, -46.743555555",Carlos Ferracini Municipal Stadium,,,0,,,Carlos Ferracini Municipal Stadium,0
"-4.034167, -40.865556",Estádio Tarcísio Araújo,,,0,,,Estádio Tarcísio Araújo,0
"-2.536286, -44.289145",Estádio Nhozinho Santos,,,482.79,16500.0,,Estádio Nhozinho Santos,48.279
"-2.536286, -44.289145",Estádio Nhozinho Santos,,,482.79,16500.0,,Estádio Nhozinho Santos,48.279
"38.75425, -8.95499",Estádio António Almeida Correia,,,115.5,5000.0,,Estádio António Almeida Correia,11.55
"-22.89583333, -47.06958333",Estádio Cerecamp,,,80.59975,4187.0,,Estádio Cerecamp,8.059975
"-22.895556, -47.069444",Estádio Cerecamp,,,80.59975,4187.0,,Estádio Cerecamp,8.059975
"-8.881381, -36.477903",Q10276976,,,277.2,12000.0,,Q10276976,27.72
"-8.276658, -35.026561",Q10276978,,,115.5,5000.0,,Q10276978,11.55
"-22.01778, -47.89083",Q10277078,,,0,,,Q10277078,0
"-22.01778, -47.89083",Q10277078,,,0,,,Q10277078,0
"-19.94861111, -44.23666667",Q10277085,,,0,,,Q10277085,0
"-16.0895639, -57.690145116",Q10277108,,,0,,,Q10277108,0
"-22.79492778, -43.301275",Q10277143,,,0,,,Q10277143,0
"-22.79492778, -43.301275",Q10277143,,,0,,,Q10277143,0
"-20.82239167, -49.50642222",Estádio Municipal José Maria de Campos Maia,,,0,,,Estádio Municipal José Maria de Campos Maia,0
"-10.282057778, -48.330539246",Estádio Nilton Santos,,,0,,,Estádio Nilton Santos,0
"-4.10472222, -38.48805556",Estádio Olímpico Horácio Domingos de Sousa,,,0,,,Estádio Olímpico Horácio Domingos de Sousa,0
"-3.745833, -38.536667",Estádio Presidente Vargas,,,602.756,20600.0,,Estádio Presidente Vargas,60.2756
"-21.127528, -44.243408",Joaquim Portugal Stadium,,,0,,,Joaquim Portugal Stadium,0
"-23.520114, -46.631822",Chácara da Floresta,,,0,,,Chácara da Floresta,0
"-5.6496, -35.45917",Barrettão,,,0,,,Barrettão,0
"-21.006667, -40.829167",Q19710336,,,0,,,Q19710336,0
"15.267347222, -23.7455",Estádio de Mangue,,,0,,,Estádio de Mangue,0
"37.12444444, -8.24333333",Estadio da Nora,Portugal,Algarve,0,,PT,Estadio da Nora,0
"-9.999611111, -67.848972222",Estádio Antônio Aquino Lopes,,,0,,,Estádio Antônio Aquino Lopes,0
"-3.083056, -60.028056",Vivaldão,,,1771,46000.0,,Vivaldão,177.1
"56.881111111, 14.771944444",Värendsvallen,Sweden,Småland med öarna,440.71412,15062.0,SE,Värendsvallen,44.071412
"58.584166666, 16.173055555",Idrottsparken,Sweden,Östra Mellansverige,504.26684,17234.0,SE,Idrottsparken,50.426684
"-3.807267, -38.522481",Castelão,,,2228.226,57876.0,,Castelão,222.8226
"-7.253889, -35.880833",Amigão,,,1024.1,35000.0,,Amigão,102.41
"37.350556, -121.936667",Stevens Stadium,,,265.65,11500.0,,Stevens Stadium,26.565
"-12.946636, -38.417019",Estádio de Pituaçu,,,940.91382,32157.0,,Estádio de Pituaçu,94.091382
"-22.098611, -51.415",Estadio Paulo Constantino,,,1709.939,44414.0,,Estadio Paulo Constantino,170.9939
"22.154523, 113.553266",Estádio Campo Desportivo,,,468.16,16000.0,,Estádio Campo Desportivo,46.816
"-10.926667, -37.049167",Batistão,,,323.4,14000.0,,Batistão,32.34
"-8.757222, -63.910556",Estádio Aluízio Ferreira,,,161.7,7000.0,,Estádio Aluízio Ferreira,16.17
"-19.002778, -57.664444",Estádio Arthur Marinho,,,438.9,15000.0,,Estádio Arthur Marinho,43.89
"-22.905089, -43.213533",Estádio Figueira de Melo,,,184.8,8000.0,,Estádio Figueira de Melo,18.48
"-22.905089, -43.213533",Estádio Figueira de Melo,,,184.8,8000.0,,Estádio Figueira de Melo,18.48
"-22.905089, -43.213533",Estádio Figueira de Melo,,,184.8,8000.0,,Estádio Figueira de Melo,18.48
"-2.443853, -54.714661",Estádio Jader Barbalho,,,571.27224,19524.0,,Estádio Jader Barbalho,57.127224
"-20.332778, -40.385278",Estádio Kléber Andrade,,,1732.5,45000.0,,Estádio Kléber Andrade,173.25
"-23.518083333, -46.68525",Estádio Nicolau Alayon,,,223.146,9660.0,,Estádio Nicolau Alayon,22.3146
"-23.414167, -51.938056",Estádio Willie Davids,,,632.016,21600.0,,Estádio Willie Davids,63.2016
"-19.821751, 34.841616",Estádio do Ferroviário,,,0,,,Estádio do Ferroviário,0
"22.1525, 113.56805556",Macau University of Science and Technology Sports Field,,,32.417,1684.0,,Macau University of Science and Technology Sports Field,3.2417
"-5.82562, -35.2138",Machadão,,,1732.5,45000.0,,Machadão,173.25
"-21.57, -45.414167",Melão,,,452.68146,15471.0,,Melão,45.268146
"-15.836146, -48.080657",Serejão,,,1024.1,35000.0,,Serejão,102.41
"-11.1875, -37.992778",Q9255171,,,161.7,7000.0,,Q9255171,16.17
"-7.234675, -39.394469",Q9255273,,,585.2,20000.0,,Q9255273,58.52
"-15.879439, -48.088719",Q9255289,,,231,10000.0,,Q9255289,23.1
"-15.879439, -48.088719",Q9255289,,,231,10000.0,,Q9255289,23.1
"-7.945819, -34.888136",Ademir Cunha Stadium,,,77,4000.0,,Ademir Cunha Stadium,7.7
"-22.251389, -45.921667",Estádio Municipal Irmão Gino Maria Rossi,,,731.5,25000.0,,Estádio Municipal Irmão Gino Maria Rossi,73.15
"-24.045556, -52.390278",Q9255462,,,115.5,5000.0,,Q9255462,11.55
"-19.761, -43.882916666",Victor Andrade de Brito Municipal Stadium,,,0,,,Victor Andrade de Brito Municipal Stadium,0
"-14.790639, -39.034119",Estádio Mário Pessoa,,,231,10000.0,,Estádio Mário Pessoa,23.1
"-3.621389, -39.513611",Q10276757,,,57.75,3000.0,,Q10276757,5.775
"-2.983689502, -47.345136816",Estádio Arena do Município Verde,,,0,,,Estádio Arena do Município Verde,0
"-10.188056, -36.832222",Q10276869,,,0,,,Q10276869,0
"-22.01778, -47.89083",Estádio Derby Sãocarlense,,,0,,,Estádio Derby Sãocarlense,0
"-22.01778, -47.89083",Estádio Derby Sãocarlense,,,0,,,Estádio Derby Sãocarlense,0
"38.663158333, -9.0752",Estádio Dom Manuel de Mello,,,242.55,10500.0,,Estádio Dom Manuel de Mello,24.255
"41.356, -8.190722222",Estádio Dr. Machado de Matos,Portugal,Norte,174.174,7540.0,PT,Estádio Dr. Machado de Matos,17.4174
"-6.28158, -35.2054",Q10277047,,,0,,,Q10277047,0
"-11.66788, -39.00816",Q10277136,,,0,,,Q10277136,0
"-21.299444, -46.708333",Q10277201,,,190.7829,8259.0,,Q10277201,19.07829
"-22.85190339, -47.211023756",José Francisco Breda Municipal Stadium,,,0,,,José Francisco Breda Municipal Stadium,0
"-22.01778, -47.89083",Q10277288,,,0,,,Q10277288,0
"-20.72777778, -46.60388889",Q10277294,,,0,,,Q10277294,0
"-6.863611, -35.490556",Q10277295,,,138.6,6000.0,,Q10277295,13.86
"-5.109925, -36.33272",Q10277322,,,0,,,Q10277322,0
"-20.338056, -41.130833",Q10277378,,,0,,,Q10277378,0
"-3.745833, -38.536667",Estádio Presidente Vargas,,,602.756,20600.0,,Estádio Presidente Vargas,60.2756
"2.81878, -60.7209",Estádio Raimundo Ribeiro de Souza,,,63.525,3300.0,,Estádio Raimundo Ribeiro de Souza,6.3525
"-18.712222, -40.404167",Q10277503,,,38.5,2000.0,,Q10277503,3.85
"57.7716, 14.2324",Ekhagsvallen,Sweden,Småland med öarna,0,,SE,Ekhagsvallen,0
"3.254932, 101.657202",Majlis Perbandaran Selayang Stadium,,,0,,,Majlis Perbandaran Selayang Stadium,0
"59.875380169, 17.637309256",Lötens IP,Sweden,Östra Mellansverige,0,,SE,Lötens IP,0
"-23.520114, -46.631822",Chácara da Floresta,,,0,,,Chácara da Floresta,0
"56.8768, 16.6465",Borgholms IP,,,0,,,Borgholms IP,0
"14.8697, -24.6913",Estádio Aquiles de Oliveira,,,0,,,Estádio Aquiles de Oliveira,0
"-8.28977, -35.97955",Q48855163,,,0,,,Q48855163,0
"58.509671115, 13.147489891",Framnäs IP,Sweden,Västsverige,0,,SE,Framnäs IP,0
"61.391022572, 16.041594778",Q137327764,Sweden,Norra Mellansverige,0,,SE,Q137327764,0
"-3.083056, -60.028056",Vivaldão,,,1771,46000.0,,Vivaldão,177.1
"18.416666666, -66.073055555",Hiram Bithorn Stadium,,,534.40464,18264.0,,Hiram Bithorn Stadium,53.440464
"9.54586111, -13.67291667",Stade du 28 Septembre,,,731.5,25000.0,,Stade du 28 Septembre,73.15
"-4.635511111, 55.470461111",Stade Linité,,,231,10000.0,,Stade Linité,23.1
"30.960556, 31.172778",El Mahalla Stadium,,,585.2,20000.0,,El Mahalla Stadium,58.52
"32.363317, 15.045969",Misurata Stadium,,,231,10000.0,,Misurata Stadium,23.1
"-4.5776797, -81.2659931",Estadio Campeonísimo,,,184.8,8000.0,,Estadio Campeonísimo,18.48
"-15.20138889, 12.15805556",Estádio Joaquim Morais,,,115.5,5000.0,,Estádio Joaquim Morais,11.55
"-9.970278, -67.8075",Estádio José de Melo,,,184.8,8000.0,,Estádio José de Melo,18.48
"-12.75557237, 15.762489083",Estádio dos Kuricutelas,,,231,10000.0,,Estádio dos Kuricutelas,23.1
"-34.6391, -71.3684",Estadio Municipal Joaquín Muñoz García,,,115.5,5000.0,,Estadio Municipal Joaquín Muñoz García,11.55
"49.28933333, 21.27233333",Mestský štadión Bardejov,Slovakia,Východné Slovensko,58.52,3040.0,SK,Mestský štadión Bardejov,5.852
"-31.32983056, -54.11645",Estádio Pedra Moura,,,231,10000.0,,Estádio Pedra Moura,23.1
"-10.688333, -37.431944",Estádio Etelvino Mendonça,,,277.2,12000.0,,Estádio Etelvino Mendonça,27.72
"-3.1225, -60.034",Estádio Municipal Carlos Zamith,,,0,,,Estádio Municipal Carlos Zamith,0
"40.99266667, 29.08864167",Yeni Sahra Stadium,TR,İstanbul,0,,TR,Yeni Sahra Stadium,0
"26.620721, 106.605749",Guiyang Olympic Sports Center,,,2002,52000.0,,Guiyang Olympic Sports Center,200.2
"-9.436667, 159.971389",Lawson Tama Stadium,,,231,10000.0,,Lawson Tama Stadium,23.1
"-9.436667, 159.971389",Lawson Tama Stadium,,,231,10000.0,,Lawson Tama Stadium,23.1
"-9.436667, 159.971389",Lawson Tama Stadium,,,231,25000.0,,Lawson Tama Stadium,23.1
"-9.436667, 159.971389",Lawson Tama Stadium,,,231,25000.0,,Lawson Tama Stadium,23.1
"-8.106655, -79.030977",Estadio Mansiche,,,702.24,24000.0,,Estadio Mansiche,70.224
"15.34927222, 38.92125556",Cicero Stadium,,,585.2,20000.0,,Cicero Stadium,58.52
"25.263611111, 51.448055555",Khalifa International Stadium,,,1944.25,50500.0,,Khalifa International Stadium,194.425
"56.95516667, 24.15886111",Daugava Stadium,Latvia,Latvija,241.6491,10461.0,LV,Daugava Stadium,24.16491
"56.95516667, 24.15886111",Daugava Stadium,Latvia,Latvija,241.6491,10461.0,LV,Daugava Stadium,24.16491
"6.820833, 3.920278",Otunba Dipo Dina International Stadium,,,585.2,20000.0,,Otunba Dipo Dina International Stadium,58.52
"38.092778, 15.635278",Stadio Oreste Granillo,,,805.90818,27543.0,,Stadio Oreste Granillo,80.590818
"-3.383333, 29.373778",Intwari Stadium,,,643.72,22000.0,,Intwari Stadium,64.372
"7.3432, 134.4726",National Stadium,,,77,4000.0,,National Stadium,7.7
"58.366536, 26.713728",Tamme Stadium,Estonia,Eesti,30.8,1600.0,EE,Tamme Stadium,3.08
"14.403611, 33.537778",Wad Madani Stadium,,,438.9,15000.0,,Wad Madani Stadium,43.89
"19.61778889, 37.2119",Stade Port Sudan,,,161.7,7000.0,,Stade Port Sudan,16.17
"36.7321, -119.7905",Chukchansi Park,,,288.75,12500.0,,Chukchansi Park,28.875
"35.710278, 51.4275",Shahid Shiroudi Stadium,,,877.8,30000.0,,Shahid Shiroudi Stadium,87.78
"16.8649, -99.9003",Unidad Deportiva Acapulco,,,300.3,13000.0,,Unidad Deportiva Acapulco,30.03
"36.1033, 120.44",Qingdao Conson Stadium,,,1732.5,45000.0,,Qingdao Conson Stadium,173.25
"-21.202964, -41.889081",Estádio Jair Bittencourt,,,277.2,12000.0,,Estádio Jair Bittencourt,27.72
"39.9688, -0.2664",Q4784208,Spain,Comunitat Valenciana,0,,ES,Q4784208,0
"43.406944, 24.608056",Belite Orli Stadium,Bulgaria,Severozapaden,643.72,22000.0,BG,Belite Orli Stadium,64.372
"40.19423, 29.04839",Bursa Atatürk Sport Hall,TR,"Bursa, Eskişehir, Bilecik",57.75,3000.0,TR,Bursa Atatürk Sport Hall,5.775
"-31.938889, 115.855",Dorrien Gardens,,,77,4000.0,,Dorrien Gardens,7.7
"41.1194, -85.1158",Hefner Soccer Complex,,,0,,,Hefner Soccer Complex,0
"39.813055555, -0.23",Q5810375,Spain,Comunitat Valenciana,77,4000.0,ES,Q5810375,7.7
"-27.4698, -58.967",Q5848038,,,731.5,25000.0,,Q5848038,73.15
"22.119783, 95.12766",Monywa Stadium,,,115.5,5000.0,,Monywa Stadium,11.55
"-1.292222, 36.842222",Nairobi City Stadium,,,438.9,15000.0,,Nairobi City Stadium,43.89
"27.682933, 85.317758",Pulchowk Campus,,,0,,,Pulchowk Campus,0
"1.29589, 103.802",Queenstown Stadium,,,73.15,3800.0,,Queenstown Stadium,7.315
"27.5698, -99.4318",Texas A&M International University Soccer Complex,,,77,4000.0,,Texas A&M International University Soccer Complex,7.7
"42.621111, -83.254167",Ultimate Soccer Arenas,,,115.5,5000.0,,Ultimate Soccer Arenas,11.55
"36.7687, -76.0935",Virginia Beach Sportsplex,,,138.6,6000.0,,Virginia Beach Sportsplex,13.86
"-21.186944, -47.787778",Estádio Palma Travassos,,,507.9536,17360.0,,Estádio Palma Travassos,50.79536
"53.273333, -7.501111",Leah Victoria Park,Ireland,Eastern and Midland,44.275,2300.0,IE,Leah Victoria Park,4.4275
"35.159383, 33.340042",Kykkos Stadium,Cyprus,Kýpros,0,,CY,Kykkos Stadium,0
"45.519091095, 11.324109618",Tommaso Dal Molin Stadium,Italy,Veneto,38.5,2000.0,IT,Tommaso Dal Molin Stadium,3.85
"38.418378495, 15.910853838",Q122092563,Italy,Calabria,161.7,7000.0,IT,Q122092563,16.17
"-8.106655, -79.030977",Estadio Mansiche,,,702.24,24000.0,,Estadio Mansiche,70.224
"14.098447222, -87.203958333",Estadio Nacional Jose de la Paz Herrera,,,1082.62,37000.0,,Estadio Nacional Jose de la Paz Herrera,108.262
"14.098447222, -87.203958333",Estadio Nacional Jose de la Paz Herrera,,,1082.62,37000.0,,Estadio Nacional Jose de la Paz Herrera,108.262
"-8.557944, 125.580611",National Stadium,,,300.3,13000.0,,National Stadium,30.03
"42.373055555, -8.073055555",San Amaro,Spain,Galicia,0,,ES,San Amaro,0
"12.15274444, -68.88754722",Ergilio Hato Stadium,,,438.9,15000.0,,Ergilio Hato Stadium,43.89
"-3.743611, -73.252778",Estadio Max Augustín,,,719.09376,24576.0,,Estadio Max Augustín,71.909376
"35.7862, -78.7551",WakeMed Soccer Park,,,231,10000.0,,WakeMed Soccer Park,23.1
"13.291612, -87.19339",Estadio Fausto Flores Lagos,,,127.05,5500.0,,Estadio Fausto Flores Lagos,12.705
"15.779845, -87.450421",Estadio León Gómez,,,57.75,3000.0,,Estadio León Gómez,5.775
"-8.386389, -74.539167",Estadio Aliardo Soria Pérez,,,438.9,15000.0,,Estadio Aliardo Soria Pérez,43.89
"-8.386389, -74.539167",Estadio Aliardo Soria Pérez,,,442.75,25000.0,,Estadio Aliardo Soria Pérez,44.275
"15.6556, -85.9883",Estadio Francisco Martínez Durón,,,57.75,3000.0,,Estadio Francisco Martínez Durón,5.775
"15.6556, -85.9883",Estadio Francisco Martínez Durón,,,55.44,6000.0,,Estadio Francisco Martínez Durón,5.544
"42.6392, -8.87889",Q12388106,Spain,Galicia,0,,ES,Q12388106,0
"42.29166, -8.60916",Q20548442,Spain,Galicia,0,,ES,Q20548442,0
"32.670966, -16.936198",Campo da Imaculada Conceição,Portugal,Região Autónoma da Madeira,0,,PT,Campo da Imaculada Conceição,0
"42.41589, -6.99637",Campo Municipal de Calabagueiros,Spain,Galicia,0,,ES,Campo Municipal de Calabagueiros,0
"42.424974, -8.085798",Estadio de Espiñedo,Spain,Galicia,0,,ES,Estadio de Espiñedo,0
"31.1975, 29.8925",Alexandria,,,0,,,Alexandria,0
"57.159166666, -2.088888888",Pittodrie Stadium,,,626.77846,21421.0,,Pittodrie Stadium,62.677846
"-16.499444, -68.122778",Estadio Hernando Siles,,,1111.88,38000.0,,Estadio Hernando Siles,111.188
"18.416666666, -66.073055555",Hiram Bithorn Stadium,,,534.40464,18264.0,,Hiram Bithorn Stadium,53.440464
"-8.557944, 125.580611",National Stadium,,,300.3,13000.0,,National Stadium,30.03
"22.355841, 91.767769","District Stadium, Chattogram",,,585.2,20000.0,,"District Stadium, Chattogram",58.52
"11.57413889, 43.13188889",Stade du Ville,,,231,10000.0,,Stade du Ville,23.1
"36.200833, 37.135556",Aleppo 7 April Stadium,,,438.9,15000.0,,Aleppo 7 April Stadium,43.89
"-28.580697, 28.83203",Charles Mopeli Stadium,,,1024.1,35000.0,,Charles Mopeli Stadium,102.41
"4.661144, -74.101094",Estadio Compensar,,,86.625,4500.0,,Estadio Compensar,8.6625
"39.458896, -8.215494",Estádio Municipal de Abrantes,Portugal,Oeste e Vale do Tejo,0,,PT,Estádio Municipal de Abrantes,0
"9.042778, 7.488889",Old Parade Ground,,,0,,,Old Parade Ground,0
"23.714281, 92.735391",Rajiv Gandhi Stadium Mualpui,,,585.2,20000.0,,Rajiv Gandhi Stadium Mualpui,58.52
"-29.94916, 30.95139",SJ Smith Stadium,,,0,,,SJ Smith Stadium,0
"-34.929444, 138.578333",SA Athletics Stadium,,,184.8,8000.0,,SA Athletics Stadium,18.48
"6.1931331, 1.2520304",Stade Municipal,,,0,,,Stade Municipal,0
"44.37675, 26.20391667",Stadionul Inter Gaz,Romania,Bucureşti-Ilfov,0,,RO,Stadionul Inter Gaz,0
"45.67536111, 27.17825",Stadionul Milcovul,Romania,Sud-Est,0,,RO,Stadionul Milcovul,0
"44.200718, 27.327948",Stadionul Ion Comșa,Romania,Sud-Muntenia,0,,RO,Stadionul Ion Comșa,0
"-12.05972, -77.11995",Estadio Miguel Grau,,,438.9,15000.0,,Estadio Miguel Grau,43.89
"-1.723539, -48.882804",Q9255280,,,184.8,8000.0,,Q9255280,18.48
"-32.9336, 151.731",Adamstown Oval,,,38.5,2000.0,,Adamstown Oval,3.85
"47.00741667, 21.97794444",Stadionul Luceafărul,Romania,Nord-Vest,19.25,1000.0,RO,Stadionul Luceafărul,1.925
"57.175, -2.097",Hillhead Centre,,,0,,,Hillhead Centre,0
"5.524166666, 7.496805555",Umuahia Township Stadium,,,0,,,Umuahia Township Stadium,0
"31.858851719, 54.328629111",Nassiri Stadium,,,438.9,15000.0,,Nassiri Stadium,43.89
"6.44247222, 3.40219444",Onikan Stadium,,,231,10000.0,,Onikan Stadium,23.1
"25.049444, 121.551111",Taipei Municipal Stadium,,,585.2,20000.0,,Taipei Municipal Stadium,58.52
"-36.918333333, 174.8125",Mount Smart Stadium,,,877.8,30000.0,,Mount Smart Stadium,87.78
"26.193055555, -80.161111111",Lockhart Stadium,,,598.367,20450.0,,Lockhart Stadium,59.8367
"51.885528, -8.46775",Turners Cross,Ireland,Southern,172.9035,7485.0,IE,Turners Cross,17.29035
"59.960833, 11.068333",Lillestrøm Stadion,Norway,Oslo og Viken,14.4375,750.0,NO,Lillestrøm Stadion,1.44375
"31.314397, 48.665008",Takhti Stadium,,,877.8,30000.0,,Takhti Stadium,87.78
"56.822353, -5.087075",Claggan Park,,,77,4000.0,,Claggan Park,7.7
"41.1194, -85.1158",Hefner Soccer Complex,,,0,,,Hefner Soccer Complex,0
"-31.9272, 115.833",Litis Stadium,,,0,,,Litis Stadium,0
"57.338056, -2.196111",North Lodge Park,,,48.125,2500.0,,North Lodge Park,4.8125
"8.449861, 98.535472",Phang Nga Province Stadium,,,57.75,3000.0,,Phang Nga Province Stadium,5.775
"-20.46444444, -45.43111111",Q10277084,,,0,,,Q10277084,0
"-21.54991389, -45.43916944",Estádio Rubro-Negro,,,0,,,Estádio Rubro-Negro,0
"57.61263056, -3.61513611",Mosset Park,,,51.975,2700.0,,Mosset Park,5.1975
"15.1939, -23.5982",Estádio da Calheta,,,0,,,Estádio da Calheta,0
"10.491278, -66.885492",Estadio Olímpico,,,728.574,24900.0,,Estadio Olímpico,72.8574
"-16.4275, 179.374",Subrail Park,,,0,,,Subrail Park,0
"51.461231, -0.084061",Champion Hill,,,57.75,3000.0,,Champion Hill,5.775
"53.34295, -6.25428333",College Park,Ireland,Eastern and Midland,0,,IE,College Park,0
"52.972778, -3.070833",Plaskynaston Lane,,,38.5,2000.0,,Plaskynaston Lane,3.85
"0.4161976, 9.4672676",Stade Augustin Monédan de Sibang,,,0,,,Stade Augustin Monédan de Sibang,0
"50.2302, -5.27148",Pool Academy,,,0,,,Pool Academy,0
"56.4703, -2.956",West Craigie Park,,,0,,,West Craigie Park,0
"55.9486, -4.5679",Meadow Park,,,0,,,Meadow Park,0
"51.234444444, -0.333472222","Meadowbank Stadium, Dorking",,,0,,,"Meadowbank Stadium, Dorking",0
"16.971215252, -88.22133944",Carl Ramos Stadium,,,67.375,3500.0,,Carl Ramos Stadium,6.7375
"-12.067138888, -77.033722222",National Stadium of Peru,,,1658.811,43086.0,,National Stadium of Peru,165.8811
"28.128978, -15.433814",Estadio Insular,,,614.46,21000.0,,Estadio Insular,61.446
"-1.035628, -79.467863",Estadio 7 de Octubre,,,474.012,16200.0,,Estadio 7 de Octubre,47.4012
"-33.943716, 18.624541",Erica Park,,,0,,,Erica Park,0
"-0.924271, -78.614559",Estadio La Cocha,,,438.9,15000.0,,Estadio La Cocha,43.89
"18.997222, -98.1975",Estadio Olímpico de C.U.,,,605.682,20700.0,,Estadio Olímpico de C.U.,60.5682
"38.102995, -3.622964",Estadio Municipal de Linarejos,Spain,Andalucía,231,10000.0,ES,Estadio Municipal de Linarejos,23.1
"69.645964, 19.018053",Tromsdalen Stadion,Norway,Nord-Norge,0,,NO,Tromsdalen Stadion,0
"-10.285306, -36.571544",Q9255152,,,127.05,5500.0,,Q9255152,12.705
"32.87519, 13.18746",Tripoli,,,0,,,Tripoli,0
"30.595, 114.2975",Wuhan,,,0,,,Wuhan,0
"43.269241, 5.394907",Stade Vélodrome,France,Provence-Alpes-Côte d’Azur,2594.669,67394.0,FR,Stade Vélodrome,259.4669
"-9.436667, 159.971389",Lawson Tama Stadium,,,231,10000.0,,Lawson Tama Stadium,23.1
"-9.436667, 159.971389",Lawson Tama Stadium,,,231,25000.0,,Lawson Tama Stadium,23.1
"17.12235556, -61.83903056",Antigua Recreation Ground,,,207.9,9000.0,,Antigua Recreation Ground,20.79
"6.309, -10.80411111",Antoinette Tubman Stadium,,,231,10000.0,,Antoinette Tubman Stadium,23.1
"6.309, -10.80411111",Antoinette Tubman Stadium,,,231,10000.0,,Antoinette Tubman Stadium,23.1
"6.44247222, 3.40219444",Onikan Stadium,,,231,10000.0,,Onikan Stadium,23.1
"15.34927222, 38.92125556",Cicero Stadium,,,585.2,20000.0,,Cicero Stadium,58.52
"41.343611, 21.561944",Stadion Goce Delčev,MK,Severna Makedonija,438.9,15000.0,MK,Stadion Goce Delčev,43.89
"18.10470278, -15.98545556",Olympic Stadium of Nouakchott,,,585.2,20000.0,,Olympic Stadium of Nouakchott,58.52
"18.10470278, -15.98545556",Olympic Stadium of Nouakchott,,,585.2,20000.0,,Olympic Stadium of Nouakchott,58.52
"18.10470278, -15.98545556",Olympic Stadium of Nouakchott,,,585.2,20000.0,,Olympic Stadium of Nouakchott,58.52
"18.10470278, -15.98545556",Olympic Stadium of Nouakchott,,,585.2,20000.0,,Olympic Stadium of Nouakchott,58.52
"18.10470278, -15.98545556",Olympic Stadium of Nouakchott,,,585.2,20000.0,,Olympic Stadium of Nouakchott,58.52
"41.8625, -87.616666666",Soldier Field,,,2367.75,61500.0,,Soldier Field,236.775
"41.8625, -87.616666666",Soldier Field,,,2346.96,63500.0,,Soldier Field,234.696
"9.581944, 41.858056",Dire Dawa Stadium,,,526.68,18000.0,,Dire Dawa Stadium,52.668
"21.773, -72.212",TCIFA National Academy,,,57.75,3000.0,,TCIFA National Academy,5.775
"36.149356, -5.350342",Victoria Stadium,,,115.5,5000.0,,Victoria Stadium,11.55
"36.149356, -5.350342",Victoria Stadium,,,115.5,5000.0,,Victoria Stadium,11.55
"36.149356, -5.350342",Victoria Stadium,,,115.5,5000.0,,Victoria Stadium,11.55
"-3.383333, 29.373778",Intwari Stadium,,,643.72,22000.0,,Intwari Stadium,64.372
"-18.9197, 47.5262",Mahamasina Municipal Stadium,,,643.72,22000.0,,Mahamasina Municipal Stadium,64.372
"-18.9197, 47.5262",Mahamasina Municipal Stadium,,,643.72,22000.0,,Mahamasina Municipal Stadium,64.372
"-0.5864, 117.13142",Palaran Stadium,,,2502.5,65000.0,,Palaran Stadium,250.25
"-4.77777778, 11.86666667",Stade Municipal,,,314.0214,13594.0,,Stade Municipal,31.40214
"-4.27352778, 15.24841667",Stade Alphonse Massemba-Débat,,,966.66262,33037.0,,Stade Alphonse Massemba-Débat,96.666262
"56.502952, 20.995424",Daugava Stadium,,,115.6848,5008.0,,Daugava Stadium,11.56848
"12.10005278, 15.05507222",Stade Omnisports Idriss Mahamat Ouya,,,585.2,20000.0,,Stade Omnisports Idriss Mahamat Ouya,58.52
"11.57413889, 43.13188889",Stade du Ville,,,231,10000.0,,Stade du Ville,23.1
"11.57413889, 43.13188889",Stade du Ville,,,231,10000.0,,Stade du Ville,23.1
"11.57413889, 43.13188889",Stade du Ville,,,231,10000.0,,Stade du Ville,23.1
"11.57413889, 43.13188889",Stade du Ville,,,231,10000.0,,Stade du Ville,23.1
"6.477778, 2.618611",Stade Charles de Gaulle,,,438.9,15000.0,,Stade Charles de Gaulle,43.89
"34.233889, 108.9375",Shaanxi Province Stadium,,,1631.7455,42383.0,,Shaanxi Province Stadium,163.17455
"40.946944, 24.436111",Anthi Karagianni Stadium,Greece,"Anatoliki Makedonia, Thraki",242.55,10500.0,Greece,Anthi Karagianni Stadium,24.255
"31.314397, 48.665008",Takhti Stadium,,,877.8,30000.0,,Takhti Stadium,87.78
"53.55491389, -2.65066111","Springfield Park, Wigan",,,277.2,12000.0,,"Springfield Park, Wigan",27.72
"44.94561, 4.919267",Stade Georges Pompidou,France,Rhône-Alpes,442.64528,15128.0,FR,Stade Georges Pompidou,44.264528
"-20.245833, 57.421111",Stade Germain Comarmond,,,438.9,15000.0,,Stade Germain Comarmond,43.89
"46.416825, 15.87558611",Ptuj City Stadium,Slovenia,Vzhodna Slovenija,42.35,2200.0,SI,Ptuj City Stadium,4.235
"40.363611111, 50.290277777",Zirə,,,0,,,Zirə,0
"-6.165944444, 39.223805555",Amaan Stadium,,,438.9,15000.0,,Amaan Stadium,43.89
"24.850833, 66.991389",CDGK Stadium,,,138.6,6000.0,,CDGK Stadium,13.86
"4.609433, 101.103439",Perak Stadium,,,0,,,Perak Stadium,0
"37.530509, 126.883022",Mokdong Stadium,,,592.10536,20236.0,,Mokdong Stadium,59.210536
"37.97712222, 23.635",Neapoli Municipal Stadium,Greece,Attica,138.6,6000.0,Greece,Neapoli Municipal Stadium,13.86
"12.250427, 109.192944",Nha Trang Stadium,,,0,,,Nha Trang Stadium,0
"37.6573, -122.061",Pioneer Stadium,,,115.5,5000.0,,Pioneer Stadium,11.55
"38.233611, 21.741944",Prosfygika Stadium,Greece,Western Greece,115.5,5000.0,Greece,Prosfygika Stadium,11.55
"12.969556, 77.593469",Sree Kanteerava Stadium,,,1540,40000.0,,Sree Kanteerava Stadium,154
"14.75, -17.4",Stade Al Djigo,,,0,,,Stade Al Djigo,0
"-20.1875, 57.725278",Stade Auguste Vollaire,,,77,4000.0,,Stade Auguste Vollaire,7.7
"0.4161976, 9.4672676",Stade Augustin Monédan de Sibang,,,0,,,Stade Augustin Monédan de Sibang,0
"0.4161976, 9.4672676",Stade Augustin Monédan de Sibang,,,0,,,Stade Augustin Monédan de Sibang,0
"14.7105, -17.458",Stade de DUC Dakar,,,0,,,Stade de DUC Dakar,0
"46.251731, 14.364914",Stanko Mlakar Stadium,Slovenia,Zahodna Slovenija,39.05825,2029.0,SI,Stanko Mlakar Stadium,3.905825
"31.306009, 120.621685",Suzhou City Stadium,,,0,,,Suzhou City Stadium,0
"55.726373, 21.109618",Central stadium of Klaipėda,Lithuania,Vidurio ir vakarų Lietuvos regionas,95.095,4940.0,LT,Central stadium of Klaipėda,9.5095
"34.891786, 32.969322",Pelendri Community Stadium,Cyprus,Kýpros,0,,CY,Pelendri Community Stadium,0
"52.368888888, 4.799444444",Sportpark Ookmeer,Netherlands,Noord-Holland,0,,NL,Sportpark Ookmeer,0
"19.513, -98.8921",Estadio Municipal Claudio Suárez,,,0,,,Estadio Municipal Claudio Suárez,0
"16.84, 42.5964",King Faisal Sport City,,,231,10000.0,,King Faisal Sport City,23.1
"55.6036, 12.5903",Q16324968,Denmark,Hovedstaden,0,,DK,Q16324968,0
"34.679186, 32.95507",Stelios Chari Stadium,Cyprus,Kýpros,0,,CY,Stelios Chari Stadium,0
"33.89872222, 48.74102778",Takhti Stadium (Khorramabad),,,0,,,Takhti Stadium (Khorramabad),0
"38.91, 22.43103333",Lamia Municipal Stadium,Greece,Central Greece,0,,Greece,Lamia Municipal Stadium,0
"36.2167, 37.1569",Ri'ayet al-Shabab Stadium,,,0,,,Ri'ayet al-Shabab Stadium,0
"16.179194444, -22.909305555",Estadio Municipal Arsénio Ramos,,,57.75,3000.0,,Estadio Municipal Arsénio Ramos,5.775
"34.960491, 33.633736",Ayia Pasaskevi Livadion Municipal Stadium,Cyprus,Kýpros,0,,CY,Ayia Pasaskevi Livadion Municipal Stadium,0
"34.850277777, 33.575277777",Kiti Community Stadium,Cyprus,Kýpros,0,,CY,Kiti Community Stadium,0
"34.659368, 32.971326",Trachoni Community Stadium,Cyprus,Kýpros,0,,CY,Trachoni Community Stadium,0
"35.12703078, 33.08500785",OXEN Peristerona Stadium,Cyprus,Kýpros,0,,CY,OXEN Peristerona Stadium,0
"35.007436, 33.755069",Xylotymvou Community Stadium,Cyprus,Kýpros,0,,CY,Xylotymvou Community Stadium,0
"18.43175, -72.861555555",Parc Anglade,,,38.5,2000.0,,Parc Anglade,3.85
"46.36955556, 22.12736111",Stadionul Crişana,Romania,Vest,0,,RO,Stadionul Crişana,0
"2.980791, 99.639656",Mutiara Kisaran Stadium,,,0,,,Mutiara Kisaran Stadium,0
"3.73981, 101.514",Proton City Stadium,,,0,,,Proton City Stadium,0
"34.919406, 32.477975",Giolou Community Stadium,Cyprus,Kýpros,0,,CY,Giolou Community Stadium,0
"34.760931, 33.357773",Maroni Community Stadium,Cyprus,Kýpros,0,,CY,Maroni Community Stadium,0
"34.825996, 33.576483",Pervolia Community Stadium,,,0,,,Pervolia Community Stadium,0
"35.10828, 33.193331",Doxa Paliometochou Stadium,Cyprus,Kýpros,0,,CY,Doxa Paliometochou Stadium,0
"37.94664, 23.62047","Drapetsona Municipal Stadium ""Yiannis Vazos""",Greece,Attica,22.1375,1150.0,Greece,"Drapetsona Municipal Stadium ""Yiannis Vazos""",2.21375
"35.118168, 33.299445",AOL Lakatamia Stadium,Cyprus,Kýpros,0,,CY,AOL Lakatamia Stadium,0
"40.66158, 22.91308",Sports Park Evosmos,Greece,Central Macedonia,0,,Greece,Sports Park Evosmos,0
"38.21177, 21.73525",Zarouchleika pitch,Greece,Western Greece,0,,Greece,Zarouchleika pitch,0
"15.136916666, -23.20525",Estádio Municipal 20 de Janeiro,,,19.25,1000.0,,Estádio Municipal 20 de Janeiro,1.925
"46.524959906, 6.574087897",Centre sportif de Chavannes-Près-Renens,Switzerland,Région lémanique,0,,CH,Centre sportif de Chavannes-Près-Renens,0
"37.444938479, 25.395524609",Mykonos Indoor Sports Hall,Greece,South Aegean,5.775,300.0,Greece,Mykonos Indoor Sports Hall,0.5775
"40.621077344, 22.976419345",Triandria Indoor Sports Hall,Greece,Central Macedonia,1.925,100.0,Greece,Triandria Indoor Sports Hall,0.1925
"59.421292, 24.73205",A. Le Coq Arena,Estonia,Eesti,331.1616,14336.0,EE,A. Le Coq Arena,33.11616
"34.929818, 33.613207",Ammochostos Stadium,Cyprus,Kýpros,80.09925,4161.0,CY,Ammochostos Stadium,8.009925
"40.829569, -73.926392",Yankee Stadium,,,1911.217,49642.0,,Yankee Stadium,191.1217
"41.343611, 21.561944",Stadion Goce Delčev,MK,Severna Makedonija,438.9,15000.0,MK,Stadion Goce Delčev,43.89
"42.476389, 1.487667",Estadi Comunal d'Aixovall,,,19.25,1000.0,,Estadi Comunal d'Aixovall,1.925
"42.476389, 1.487667",Estadi Comunal d'Aixovall,,,19.25,1000.0,,Estadi Comunal d'Aixovall,1.925
"22.138706, -100.950864",Estadio Alfonso Lastras,,,752.24534,25709.0,,Estadio Alfonso Lastras,75.224534
"50.072222222, 14.4175",Emmaus Monastery,Czechia,Praha,0,,CZ,Emmaus Monastery,0
"4.05556, 9.71861",Stade de la Réunification,,,877.8,30000.0,,Stade de la Réunification,87.78
"36.149356, -5.350342",Victoria Stadium,,,115.5,5000.0,,Victoria Stadium,11.55
"54.897222, 23.936944",Darius and Girėnas Stadium,Lithuania,Vidurio ir vakarų Lietuvos regionas,448.1169,15315.0,LT,Darius and Girėnas Stadium,44.81169
"46.9714, 31.9604",Mykolaiv Central City Stadium,,,457.6264,15640.0,,Mykolaiv Central City Stadium,45.76264
"50.527055555, 30.5075",Obolon Arena,,,117.8793,5103.0,,Obolon Arena,11.78793
"46.069129987, 14.508604587",Bežigrad Stadium,Slovenia,Zahodna Slovenija,189.6741,8211.0,SI,Bežigrad Stadium,18.96741
"59.385456, 24.659603",Hiiu Stadium,Estonia,Eesti,12.5125,650.0,EE,Hiiu Stadium,1.25125
"11.57413889, 43.13188889",Stade du Ville,,,231,10000.0,,Stade du Ville,23.1
"11.57413889, 43.13188889",Stade du Ville,,,231,10000.0,,Stade du Ville,23.1
"3.564722, 98.695556",Teladan Stadium,,,585.2,20000.0,,Teladan Stadium,58.52
"2.289080555, 102.233094444",Hang Jebat Stadium,,,1540,40000.0,,Hang Jebat Stadium,154
"41.11416667, 25.39666667",Komotini Municipal Stadium,Greece,"Anatoliki Makedonia, Thraki",143.1738,6198.0,Greece,Komotini Municipal Stadium,14.31738
"37.9777, 23.66",Nikaia Municipal Stadium,Greece,Attica,83.94925,4361.0,Greece,Nikaia Municipal Stadium,8.394925
"38.233611, 21.741944",Prosfygika Stadium,Greece,Western Greece,115.5,5000.0,Greece,Prosfygika Stadium,11.55
"38.233611, 21.741944",Prosfygika Stadium,Greece,Western Greece,115.5,5000.0,Greece,Prosfygika Stadium,11.55
"46.790278, 23.612222",Stadionul Clujana,Romania,Nord-Vest,38.5,2000.0,RO,Stadionul Clujana,3.85
"43.2775, -2.83932",Lezama Facilities,Spain,País Vasco,62.5625,3250.0,ES,Lezama Facilities,6.25625
"43.3299, -8.31344",Q12385085,Spain,Galicia,0,,ES,Q12385085,0
"40.98755, 22.86488",Kilkis Municipal Stadium,Greece,Central Macedonia,0,,Greece,Kilkis Municipal Stadium,0
"-0.681639, 100.778594",Ombilin Stadium,,,115.5,5000.0,,Ombilin Stadium,11.55
"38.4687, 23.6099",Municipal Stadium of Chalkida,Greece,Central Greece,0,,Greece,Municipal Stadium of Chalkida,0
"40.576667, 48.381389",Agsu City Stadium,,,57.75,3000.0,,Agsu City Stadium,5.775
"46.6075, 16.2292",Beltinci Sports Park,Slovenia,Vzhodna Slovenija,27.73925,1441.0,SI,Beltinci Sports Park,2.773925
"34.640445, 33.00602",Zakaki Community Stadium,Cyprus,Kýpros,0,,CY,Zakaki Community Stadium,0
"34.825897, 32.405435",Kissonerga Municipal Stadium,Cyprus,Kýpros,0,,CY,Kissonerga Municipal Stadium,0
"55.517044, 25.609215",Utenis Stadium,Lithuania,Vidurio ir vakarų Lietuvos regionas,0,,LT,Utenis Stadium,0
"46.3303, 15.0364",Šmartno Stadium,Slovenia,Vzhodna Slovenija,13.80225,717.0,SI,Šmartno Stadium,1.380225
"34.679186, 32.95507",Stelios Chari Stadium,Cyprus,Kýpros,0,,CY,Stelios Chari Stadium,0
"44.92083333, 25.96166667",Stadionul Conpet,Romania,Sud-Muntenia,33.341,1732.0,RO,Stadionul Conpet,3.3341
"58.052736, 26.502869",Tehvandi Stadium,Estonia,Eesti,0,,EE,Tehvandi Stadium,0
"35.000674, 33.894013",Liopetri Community Stadium,Cyprus,Kýpros,0,,CY,Liopetri Community Stadium,0
"34.983509, 33.77891",Ormideia Community Stadium,Cyprus,Kýpros,0,,CY,Ormideia Community Stadium,0
"35.015751, 33.419112",Adonis Idaliou Stadium,Cyprus,Kýpros,0,,CY,Adonis Idaliou Stadium,0
"34.659368, 32.971326",Trachoni Community Stadium,Cyprus,Kýpros,0,,CY,Trachoni Community Stadium,0
"34.659368, 32.971326",Trachoni Community Stadium,Cyprus,Kýpros,0,,CY,Trachoni Community Stadium,0
"34.702831, 33.088859",Yermasoyia Municipal Stadium,Cyprus,Kýpros,0,,CY,Yermasoyia Municipal Stadium,0
"35.010126, 33.692886",Pyla Community Stadium,Cyprus,Kýpros,0,,CY,Pyla Community Stadium,0
"35.162729, 33.200218",Kokkinotrimithia Community Stadium,Cyprus,Kýpros,0,,CY,Kokkinotrimithia Community Stadium,0
"34.992204, 33.470662",Olympias Lympion Stadium,Cyprus,Kýpros,0,,CY,Olympias Lympion Stadium,0
"35.07385, 33.880476",Olympos Acheritou Stadium,Cyprus,Kýpros,0,,CY,Olympos Acheritou Stadium,0
"34.677839, 32.921718",Erimi Community Stadium,Cyprus,Kýpros,0,,CY,Erimi Community Stadium,0
"42.885223611, -8.548881388",Q20535491,Spain,Galicia,0,,ES,Q20535491,0
"42.27408, -7.64186",Q20549624,Spain,Galicia,0,,ES,Q20549624,0
"35.028193, 33.612047",Troulloi Community Stadium,Cyprus,Kýpros,0,,CY,Troulloi Community Stadium,0
"35.028193, 33.612047",Troulloi Community Stadium,Cyprus,Kýpros,0,,CY,Troulloi Community Stadium,0
"18.507527777, -72.627027777",Parc Indrich de Four,,,38.5,2000.0,,Parc Indrich de Four,3.85
"50.041106944, 15.770401944",Stadion Arnošta Košťála,Czechia,Severovýchod,0,,CZ,Stadion Arnošta Košťála,0
"18.174585, 100.170875",Thunghong Subdistrict municipality Stadium,,,0,,,Thunghong Subdistrict municipality Stadium,0
"35.108889, 32.514171","Ayia Marina Chrysochous Community Stadium ""Evripides""",Cyprus,Kýpros,0,,CY,"Ayia Marina Chrysochous Community Stadium ""Evripides""",0
"16.477618, 99.521272",Kamphaeng Phet Provincial Administrative Organization Stadium,,,0,,,Kamphaeng Phet Provincial Administrative Organization Stadium,0
"44.61722222, 26.09916667",Stadionul Central,Romania,Bucureşti-Ilfov,0,,RO,Stadionul Central,0
"44.53305556, 26.25986111",Stadionul Comunal,Romania,Bucureşti-Ilfov,0,,RO,Stadionul Comunal,0
"44.10967, 18.11693",Stadion Mladost Kakanj,BA,Federacija Bosne i Hercegovine,57.75,3000.0,BA,Stadion Mladost Kakanj,5.775
"-7.07772222, 113.28708333",Ahmad Yani Stadium,,,438.9,15000.0,,Ahmad Yani Stadium,43.89
"43.22375, -8.354944444",Q25511715,Spain,Galicia,0,,ES,Q25511715,0
"42.54719444, -8.99833333",Q25511729,,,0,,,Q25511729,0
"59.3155389, 24.3866194",Q25517780,Estonia,Eesti,0,,EE,Q25517780,0
"35.052257, 33.547274",Elias Pastou and Stavros Kasoumi Stadium,Cyprus,Kýpros,0,,CY,Elias Pastou and Stavros Kasoumi Stadium,0
"35.176303, 33.211197",Rotsidion Stadium,Cyprus,Kýpros,0,,CY,Rotsidion Stadium,0
"34.976338, 33.83677",Makario Sports Center Olympos Xylofagou,Cyprus,Kýpros,0,,CY,Makario Sports Center Olympos Xylofagou,0
"35.13729, 33.123423",Ellinismos Akakiou Stadium,Cyprus,Kýpros,0,,CY,Ellinismos Akakiou Stadium,0
"35.037065, 32.887754",Korakou Community Stadium,Cyprus,Kýpros,0,,CY,Korakou Community Stadium,0
"38.13156, 21.55208",Municipal Stadium of Kato Achaia,Greece,Western Greece,0,,Greece,Municipal Stadium of Kato Achaia,0
"38.21177, 21.73525",Zarouchleika pitch,Greece,Western Greece,0,,Greece,Zarouchleika pitch,0
"35.011842, 33.347593",Kedros Stadium,Cyprus,Kýpros,0,,CY,Kedros Stadium,0
"44.690556, 18.997778",Ugljevik City Stadium,BA,Republika Srpska,115.5,5000.0,BA,Ugljevik City Stadium,11.55
"37.62865, 22.71484",Argos Municipal Sport Center,Greece,Peloponnese,115.5,5000.0,Greece,Argos Municipal Sport Center,11.55
"42.3825, -8.696944444",Q61378808,Spain,Galicia,28.875,1500.0,ES,Q61378808,2.8875
"37.98246, 23.65136",Korydallos Municipal Stadium,Greece,Attica,0,,Greece,Korydallos Municipal Stadium,0
"39.375019, 22.921016",Q65273070,Greece,Thessaly,0,,Greece,Q65273070,0
"43.264085375, 68.342428028",Turkistan Arena,,,0,,,Turkistan Arena,0
"37.975412526, 23.666352147",Q108788516,Greece,Attica,20.1355,1046.0,Greece,Q108788516,2.01355
"43.020430247, -8.653092525",Q111543184,Spain,Galicia,0,,ES,Q111543184,0
"43.316349, 5.433513",Sevan Stadium,France,Provence-Alpes-Côte d’Azur,38.5,2000.0,FR,Sevan Stadium,3.85
"42.409657, -8.620245",Campo do Carrasco,Spain,Galicia,0,,ES,Campo do Carrasco,0
"42.14483, -8.61059",Q115902991,Spain,Galicia,0,,ES,Q115902991,0
"42.14259, -8.63568",Q115903014,Spain,Galicia,0,,ES,Q115903014,0
"42.26765, -8.82612",Q115903466,,,0,,,Q115903466,0
"42.15271, -8.79957",Q115973193,Spain,Galicia,0,,ES,Q115973193,0
"43.139722222, -7.494166666",Q119843883,Spain,Galicia,0,,ES,Q119843883,0
"44.129450017, 18.587310704",Danac Stadium,BA,Federacija Bosne i Hercegovine,28.875,1500.0,BA,Danac Stadium,2.8875
"43.331987952, -7.720654452",Q123965470,Spain,Galicia,0,,ES,Q123965470,0
"40.74305, 23.0656",Municipal Stadium Of Lagadas,Greece,Central Macedonia,0,,Greece,Municipal Stadium Of Lagadas,0
"55.9851, 22.952",Daugėliai stadium,Lithuania,Vidurio ir vakarų Lietuvos regionas,0,,LT,Daugėliai stadium,0
"42.724555555, -8.712166666",Q130394791,Spain,Galicia,0,,ES,Q130394791,0
"42.489835292, -8.862800834",Q134316966,,,0,,,Q134316966,0
"59.421292, 24.73205",A. Le Coq Arena,Estonia,Eesti,331.1616,14336.0,EE,A. Le Coq Arena,33.11616
"28.63899444, 77.24235278",Ambedkar Stadium,,,585.2,20000.0,,Ambedkar Stadium,58.52
"56.049444444, 12.706944444",Olympia,,,468.16,16000.0,,Olympia,46.816
"51.260278, 6.734167",Rheinstadion,Germany,Düsseldorf,1636.25,42500.0,DE,Rheinstadion,163.625
"22.568889, 88.409167",Salt Lake Stadium,,,2618,68000.0,,Salt Lake Stadium,261.8
"54.869142, -6.262867",Ballymena Showgrounds,,,78.925,4100.0,,Ballymena Showgrounds,7.8925
"28.582873, 77.23438",Jawaharlal Nehru Stadium,,,2319.779,60254.0,,Jawaharlal Nehru Stadium,231.9779
"13.45638889, -16.58166667",Box Bar Stadium,,,231,10000.0,,Box Bar Stadium,23.1
"46.5625, 15.640556",Ljudski vrt,Slovenia,Vzhodna Slovenija,300.1614,12994.0,SI,Ljudski vrt,30.01614
"27.471417, 89.641056",Changlimithang Stadium,,,731.5,25000.0,,Changlimithang Stadium,73.15
"27.471417, 89.641056",Changlimithang Stadium,,,731.5,25000.0,,Changlimithang Stadium,73.15
"27.471417, 89.641056",Changlimithang Stadium,,,731.5,25000.0,,Changlimithang Stadium,73.15
"27.471417, 89.641056",Changlimithang Stadium,,,731.5,25000.0,,Changlimithang Stadium,73.15
"27.471417, 89.641056",Changlimithang Stadium,,,731.5,25000.0,,Changlimithang Stadium,73.15
"-25.421111, -49.2595",Estádio Couto Pereira,,,1020.35472,34872.0,,Estádio Couto Pereira,102.035472
"15.301944, -61.384167",Windsor Park,,,277.2,12000.0,,Windsor Park,27.72
"15.163775, 145.70974722",Oleai Sports Complex,,,38.5,2000.0,,Oleai Sports Complex,3.85
"-6.768333, -79.860833",Estadio Elías Aguirre,,,716.87,24500.0,,Estadio Elías Aguirre,71.687
"-12.067138888, -77.033722222",National Stadium of Peru,,,1658.811,43086.0,,National Stadium of Peru,165.8811
"-8.969947, 13.283672",Estádio 11 de Novembro,,,1925,50000.0,,Estádio 11 de Novembro,192.5
"15.28972222, 73.9625",Fatorda Stadium,,,555.94,19000.0,,Fatorda Stadium,55.594
"44.313889, 23.784167",Stadionul Ion Oblemenco,Romania,Sud-Vest Oltenia,905.42144,30944.0,RO,Stadionul Ion Oblemenco,90.542144
"13.52725, 2.10897",Stade Général Seyni Kountché,,,1024.1,35000.0,,Stade Général Seyni Kountché,102.41
"13.52725, 2.108972",Stade Général Seyni Kountché,,,1024.1,35000.0,,Stade Général Seyni Kountché,102.41
"36.149356, -5.350342",Victoria Stadium,,,115.5,5000.0,,Victoria Stadium,11.55
"9.951389, 8.866389",Rwang Pam Stadium,,,438.9,15000.0,,Rwang Pam Stadium,43.89
"-15.798889, 35.0345",Kamuzu Stadium,,,936.32,32000.0,,Kamuzu Stadium,93.632
"-13.836756, -171.75195",National Soccer Stadium,,,67.375,3500.0,,National Soccer Stadium,6.7375
"-13.836756, -171.75195",National Soccer Stadium,,,67.375,3500.0,,National Soccer Stadium,6.7375
"-13.836756, -171.75195",National Soccer Stadium,,,67.375,3500.0,,National Soccer Stadium,6.7375
"-13.836756, -171.75195",National Soccer Stadium,,,67.375,3500.0,,National Soccer Stadium,6.7375
"-13.836756, -171.75195",National Soccer Stadium,,,67.375,3500.0,,National Soccer Stadium,6.7375
"42.6334, -71.2767",Cawley Memorial Stadium,,,138.6,6000.0,,Cawley Memorial Stadium,13.86
"-18.9197, 47.5262",Mahamasina Municipal Stadium,,,643.72,22000.0,,Mahamasina Municipal Stadium,64.372
"-18.9197, 47.5262",Mahamasina Municipal Stadium,,,643.72,22000.0,,Mahamasina Municipal Stadium,64.372
"10.520556, 7.438889",Ranchers Bees Stadium,,,231,10000.0,,Ranchers Bees Stadium,23.1
"-4.77777778, 11.86666667",Stade Municipal,,,314.0214,13594.0,,Stade Municipal,31.40214
"-17.8537, 31.0376",Rufaro Stadium,,,2310,60000.0,,Rufaro Stadium,231
"4.843056, 31.615833",Juba Stadium,,,438.9,15000.0,,Juba Stadium,43.89
"4.843056, 31.615833",Juba Stadium,,,438.9,15000.0,,Juba Stadium,43.89
"15.72527778, -88.59444444",Estadio Roy Fearon,,,184.8,8000.0,,Estadio Roy Fearon,18.48
"30.325156, -81.642576",VyStar Ballpark,,,254.1,11000.0,,VyStar Ballpark,25.41
"4.374417, 18.564389",Barthélemy Boganda Stadium,,,1024.1,35000.0,,Barthélemy Boganda Stadium,102.41
"4.374417, 18.564389",Barthélemy Boganda Stadium,,,1024.1,35000.0,,Barthélemy Boganda Stadium,102.41
"12.10005278, 15.05507222",Stade Omnisports Idriss Mahamat Ouya,,,585.2,20000.0,,Stade Omnisports Idriss Mahamat Ouya,58.52
"11.57413889, 43.13188889",Stade du Ville,,,231,10000.0,,Stade du Ville,23.1
"11.57413889, 43.13188889",Stade du Ville,,,231,10000.0,,Stade du Ville,23.1
"11.57413889, 43.13188889",Stade du Ville,,,231,10000.0,,Stade du Ville,23.1
"6.477778, 2.618611",Stade Charles de Gaulle,,,438.9,15000.0,,Stade Charles de Gaulle,43.89
"6.477778, 2.618611",Stade Charles de Gaulle,,,438.9,15000.0,,Stade Charles de Gaulle,43.89
"13.364444, 100.976389",Chonburi Municipality Stadium,,,196.35,8500.0,,Chonburi Municipality Stadium,19.635
"-0.725749, 8.783414",Stade Pierre-Claver-Divounguy,,,0,,,Stade Pierre-Claver-Divounguy,0
"2.04194444, 45.35666667",Banadir Stadium,,,438.9,15000.0,,Banadir Stadium,43.89
"2.04194444, 45.35666667",Banadir Stadium,,,438.9,15000.0,,Banadir Stadium,43.89
"43.077222, 25.620556",Ivaylo Stadium,Bulgaria,Severen tsentralen,731.5,25000.0,BG,Ivaylo Stadium,73.15
"32.099916666, 36.112952777",Prince Mohammed Stadium,,,497.42,17000.0,,Prince Mohammed Stadium,49.742
"-12.75575, 15.76238889",Estádio da Ferrovia,,,0,,,Estádio da Ferrovia,0
"61.7825, 34.3673",Spartak Stadium,,,0,,,Spartak Stadium,0
"33.528365, 36.298259",Al-Fayhaa Stadium,,,277.2,12000.0,,Al-Fayhaa Stadium,27.72
"31.8968, -106.5865",Canutillo Stadium,,,277.2,12000.0,,Canutillo Stadium,27.72
"26.6084, -81.9754",Cape Coral High School,,,0,,,Cape Coral High School,0
"32.79, -115.564",Central Union High School,,,0,,,Central Union High School,0
"40.2547, -75.3358",Christopher Dock Mennonite High School,,,0,,,Christopher Dock Mennonite High School,0
"-18.005, -70.253056",Estadio Jorge Basadre,,,580.811,19850.0,,Estadio Jorge Basadre,58.0811
"-11.56393, -77.273216",Estadio Rómulo Shaw Cisneros,,,57.75,3000.0,,Estadio Rómulo Shaw Cisneros,5.775
"11.860203, -15.586389",Estádio Lino Correia,,,277.2,12000.0,,Estádio Lino Correia,27.72
"-12.75557237, 15.762489083",Estádio dos Kuricutelas,,,231,10000.0,,Estádio dos Kuricutelas,23.1
"-8.81427, 13.226",Estádio dos Coqueiros,,,277.2,12000.0,,Estádio dos Coqueiros,27.72
"-10.6849799, -76.2480272",Estadio Daniel Alcides Carrión,,,184.8,8000.0,,Estadio Daniel Alcides Carrión,18.48
"35.168, 33.3558",GSP Stadium,Cyprus,Kýpros,277.2,12000.0,CY,GSP Stadium,27.72
"-33.914, 25.56",Gelvandale Stadium,,,57.75,3000.0,,Gelvandale Stadium,5.775
"26.115669, 91.760297",Sarusajai Stadium (Guwahati),,,877.8,30000.0,,Sarusajai Stadium (Guwahati),87.78
"31.859306, 35.465389",Jericho International Stadium,,,438.9,15000.0,,Jericho International Stadium,43.89
"20.290916666, 85.825","Kalinga Sports Complex, Bhubaneswar",,,277.2,12000.0,,"Kalinga Sports Complex, Bhubaneswar",27.72
"6.58638889, 79.96305556",Kalutara Stadium,,,438.9,15000.0,,Kalutara Stadium,43.89
"-24.383626, 25.537693",Molepolole Stadium,,,152.46,6600.0,,Molepolole Stadium,15.246
"0.31361111, 32.58111111",Muteesa II Stadium,,,184.8,8000.0,,Muteesa II Stadium,18.48
"-1.292222, 36.842222",Nairobi City Stadium,,,438.9,15000.0,,Nairobi City Stadium,43.89
"0.311629, 32.573541",Nakivubo Stadium,,,438.9,15000.0,,Nakivubo Stadium,43.89
"33.755277777, -84.400833333",Mercedes-Benz Stadium,,,2733.5,71000.0,,Mercedes-Benz Stadium,273.35
"40.0099, -74.1654",Ocean County College,,,0,,,Ocean County College,0
"53.3485, -6.3769",Pobalscoil Iosolde,Ireland,Eastern and Midland,0,,IE,Pobalscoil Iosolde,0
"-15.7178, 46.3158",Rabemananjara Stadium,,,231,10000.0,,Rabemananjara Stadium,23.1
"53.372324, -6.180929",Saint Anne's Park,,,0,,,Saint Anne's Park,0
"-18.996833, 32.640925",Sakubva Stadium,,,231,10000.0,,Sakubva Stadium,23.1
"26.55775, 31.709277777",Sohag stadium,,,585.2,20000.0,,Sohag stadium,58.52
"0.4161976, 9.4672676",Stade Augustin Monédan de Sibang,,,0,,,Stade Augustin Monédan de Sibang,0
"11.3128, -12.2705",Stade Régional Saifoullaye Diallo,,,115.5,5000.0,,Stade Régional Saifoullaye Diallo,11.55
"11.312835, -12.270581944",Stade Régional Saifoullaye Diallo,,,115.5,5000.0,,Stade Régional Saifoullaye Diallo,11.55
"13.50355, 7.0979",Stade de Maradi,,,231,10000.0,,Stade de Maradi,23.1
"13.4833, 39.4667",Tigray Stadium,,,0,,,Tigray Stadium,0
"46.225, 15.2703",Skalna Klet,Slovenia,Vzhodna Slovenija,41.0025,2130.0,SI,Skalna Klet,4.10025
"59.3081, 17.9928",Q10420440,Sweden,Stockholm,0,,SE,Q10420440,0
"41.77854, 44.80047",Shatili Arena,,,38.5,2000.0,,Shatili Arena,3.85
"42.139381625, 21.714190052",Kumanovo City Stadium,MK,Severna Makedonija,38.5,2000.0,MK,Kumanovo City Stadium,3.85
"42.0155, 21.4443",Čair Stadium,MK,Severna Makedonija,0,,MK,Čair Stadium,0
"40.102944444, 19.740472222",Petro Ruci Stadium,AL,Jug,38.5,2000.0,AL,Petro Ruci Stadium,3.85
"38.8958, -104.711",Switchbacks Training Stadium,,,115.5,5000.0,,Switchbacks Training Stadium,11.55
"-6.85415079, 39.27325969",Chamazi Stadium,,,231,10000.0,,Chamazi Stadium,23.1
"-0.4856, 15.8832",Stade Omnisport Marien Ngouabi d'Owando,,,301.1547,13037.0,,Stade Omnisport Marien Ngouabi d'Owando,30.11547
"54.975555555, -1.621666666",St James’ Park,,,2013.7425,52305.0,,St James’ Park,201.37425
"-9.436667, 159.971389",Lawson Tama Stadium,,,231,10000.0,,Lawson Tama Stadium,23.1
"-9.436667, 159.971389",Lawson Tama Stadium,,,231,25000.0,,Lawson Tama Stadium,23.1
"41.812981, 41.774458",Chele Arena,,,138.6,6000.0,,Chele Arena,13.86
"57.0515, 9.8991",Aalborg Portland Park,Denmark,Nordjylland,242.55,10500.0,DK,Aalborg Portland Park,24.255
"35.527974, 140.071639",Ichihara Seaside Stadium,,,324.5781,14051.0,,Ichihara Seaside Stadium,32.45781
"60.1875, 24.9225",Bolt Arena,Finland,Helsinki-Uusimaa,248.787,10770.0,FI,Bolt Arena,24.8787
"44.455083, 26.102444",Stadionul Dinamo,Romania,Bucureşti-Ilfov,439.83632,15032.0,RO,Stadionul Dinamo,43.983632
"-34.606028, -58.472583",Estadio Diego Armando Maradona,,,702.24,24000.0,,Estadio Diego Armando Maradona,70.224
"20.105144, -98.756114",Gorda hilda,,,877.8,30000.0,,Gorda hilda,87.78
"-16.499444, -68.122778",Estadio Hernando Siles,,,1111.88,38000.0,,Estadio Hernando Siles,111.188
"38.858922, -7.005886",Estadio Nuevo Vivero,Spain,Extremadura,344.1438,14898.0,ES,Estadio Nuevo Vivero,34.41438
"10.760703, 106.663331",Thong Nhat Stadium,,,731.5,25000.0,,Thong Nhat Stadium,73.15
"-16.408803, -71.535024",Estadio Mariano Melgar,,,438.9,15000.0,,Estadio Mariano Melgar,43.89
"63.194722222, 14.655833333",Jämtkraft Arena,Sweden,Mellersta Norrland,211.7115,9165.0,SE,Jämtkraft Arena,21.17115
"40.851203, 111.650491",Hohhot City Stadium,,,0,,,Hohhot City Stadium,0
"40.43694444, 49.95388889",Ismat Gayibov Stadium,,,115.5,5000.0,,Ismat Gayibov Stadium,11.55
"40.843349, 140.839969",New Aomori Prefecture General Sports Park,,,124.0701,5371.0,,New Aomori Prefecture General Sports Park,12.40701
"34.680714, 133.919494",Kanko Stadium,,,585.2,20000.0,,Kanko Stadium,58.52
"0.96128333, -79.65587778",Estadio Folke Anderson,,,468.16,16000.0,,Estadio Folke Anderson,46.816
"32.533180555, 35.155788888",HaShalom Stadium,,,133.98,5800.0,,HaShalom Stadium,13.398
"58.4325, -3.092778",Harmsworth Park,,,46.431,2412.0,,Harmsworth Park,4.6431
"6.91138889, 122.06222222",Joaquin F. Enriquez Memorial Stadium,,,231,10000.0,,Joaquin F. Enriquez Memorial Stadium,23.1
"34.808056, 134.826111",Kakogawa Athletic Stadium,,,446.9465,15275.0,,Kakogawa Athletic Stadium,44.69465
"35.897802, 139.936252",Kashiwanoha Park Stadium,,,585.2,20000.0,,Kashiwanoha Park Stadium,58.52
"36.378361, 139.161889",Maebashi Athletic Stadium,,,21.175,1100.0,,Maebashi Athletic Stadium,2.1175
"35.437139, 133.065972",Matsue Athletic Stadium,,,702.24,24000.0,,Matsue Athletic Stadium,70.224
"35.076083, 136.850667",Nagoya City Minato Soccer Stadium,,,585.2,20000.0,,Nagoya City Minato Soccer Stadium,58.52
"35.152778, 138.847778",Shizuoka Ashitaka Athletic Stadium,,,231,10000.0,,Shizuoka Ashitaka Athletic Stadium,23.1
"36.187611, 136.131333",Technoport Fukui Stadium,,,616.01078,21053.0,,Technoport Fukui Stadium,61.601078
"19.799141, 105.772746",Thanh Hoa Stadium,,,323.4,14000.0,,Thanh Hoa Stadium,32.34
"57.6844, 11.9797",Q10589566,Sweden,Västsverige,0,,SE,Q10589566,0
"59.4361, 17.9528",Sollentunavallen,Sweden,Stockholm,0,,SE,Sollentunavallen,0
"56.69722222, 15.75388889",Q10681584,Sweden,Småland med öarna,0,,SE,Q10681584,0
"10.049, 105.789",Cần Thơ Stadium,,,1709.4,44400.0,,Cần Thơ Stadium,170.94
"38.30072222, 141.0635",Q11353369,,,45.0835,2342.0,,Q11353369,4.50835
"34.820111, 135.683833",Hirakata Sports Center,,,0,,,Hirakata Sports Center,0
"39.20888889, 45.41222222",Nakhchivan City Stadium,,,295.68,12800.0,,Nakhchivan City Stadium,29.568
"45.821888888, 20.473027777",Stadium FK ŽAK,RS,Autonomous Province of Vojvodina,38.5,2000.0,RS,Stadium FK ŽAK,3.85
"60.34666505, 17.504252671",LF Arena,Sweden,Östra Mellansverige,0,,SE,LF Arena,0
"15.56, 108.50666667",Tam Kỳ Stadium,,,438.9,15000.0,,Tam Kỳ Stadium,43.89
"53.86166667, 27.57861111",FC Minsk Stadium,,,57.75,3000.0,,FC Minsk Stadium,5.775
"34.041055555, 132.956083333",Arigato Service Dream Stadium,,,0,,,Arigato Service Dream Stadium,0
"26.044444444, -98.285",Unidad Deportiva Solidaridad,,,0,,,Unidad Deportiva Solidaridad,0
"18.400746, -88.384016",Ricalde Stadium,,,0,,,Ricalde Stadium,0
"40.590402, 141.45622",Prifoods Stadium,,,120.12,5200.0,,Prifoods Stadium,12.012
"32.073127777, 131.491838888",Ichigo Miyazaki Shintomi Football Stadium,,,123.6774,5354.0,,Ichigo Miyazaki Shintomi Football Stadium,12.36774
"59.45217, 17.92765",Norrvikens idrottsplats,Sweden,Stockholm,0,,SE,Norrvikens idrottsplats,0
"59.45217, 17.92765",Norrvikens idrottsplats,Sweden,Stockholm,0,,SE,Norrvikens idrottsplats,0
"38.88532943, -6.993794502",Estadio El Vivero,Spain,Extremadura,0,,ES,Estadio El Vivero,0
"58.139776143, 15.683707365",Q137340254,Sweden,Östra Mellansverige,0,,SE,Q137340254,0
"59.783287314, 16.188675627",Q137341774,Sweden,Östra Mellansverige,0,,SE,Q137341774,0
"49.227162, 16.586276",Městský fotbalový stadion Srbská,Czechia,Jihovýchod,289.905,12550.0,CZ,Městský fotbalový stadion Srbská,28.9905
"55.80355, 37.741169",RZD Arena,,,799.3832,27320.0,,RZD Arena,79.93832
"-1.048486, -80.45395",Estadio Reales Tamarindos,,,731.5,25000.0,,Estadio Reales Tamarindos,73.15
"31.1971, 29.9132",Alexandria Stadium,,,300.3,13000.0,,Alexandria Stadium,30.03
"-34.8845, -56.159",Estadio Gran Parque Central,,,994.84,34000.0,,Estadio Gran Parque Central,99.484
"42.684258, 23.339769",Balgarska Armia Stadium,Bulgaria,Yugozapaden,644.1589,22015.0,BG,Balgarska Armia Stadium,64.41589
"49.0655, 17.4714",Městský fotbalový stadion Miroslava Valenty,Czechia,Střední Morava,187.5951,8121.0,CZ,Městský fotbalový stadion Miroslava Valenty,18.75951
"25.629145, -103.379417",Corona Stadium,,,877.8,30000.0,,Corona Stadium,87.78
"48.908056, 24.69625",MCS Rukh,,,438.9,15000.0,,MCS Rukh,43.89
"47.205833333, 9.537777777",Sportpark Eschen-Mauren,Liechtenstein,Liechtenstein,138.6,6000.0,LI,Sportpark Eschen-Mauren,13.86
"41.621267, 0.614147",Camp d'Esports,Spain,Cataluña,438.9,15000.0,ES,Camp d'Esports,43.89
"49.804142, 18.254782",Městský stadion,Czechia,Moravskoslezsko,443.66938,15163.0,CZ,Městský stadion,44.366938
"49.8044, 18.2561",Městský stadion,Czechia,Moravskoslezsko,443.66938,15163.0,CZ,Městský stadion,44.366938
"65.03027778, 25.495",Castrén Stadium,Finland,Pohjois- ja Itä-Suomi,77,4000.0,FI,Castrén Stadium,7.7
"24.0957, 47.205",Al-Shoalah Club Stadium,,,184.8,8000.0,,Al-Shoalah Club Stadium,18.48
"25.305833333, 49.612777777",Prince Abdullah bin Jalawi Sports City,,,806.113,27550.0,,Prince Abdullah bin Jalawi Sports City,80.6113
"25.305833333, 49.612777777",Prince Abdullah bin Jalawi Sports City,,,806.113,27550.0,,Prince Abdullah bin Jalawi Sports City,80.6113
"25.305833, 49.612778",Prince Abdullah bin Jalawi Sports City,,,806.113,27550.0,,Prince Abdullah bin Jalawi Sports City,80.6113
"25.305833, 49.612778",Prince Abdullah bin Jalawi Sports City,,,806.113,27550.0,,Prince Abdullah bin Jalawi Sports City,80.6113
"32.099916666, 36.112952777",Prince Mohammed Stadium,,,497.42,17000.0,,Prince Mohammed Stadium,49.742
"17.590278, 44.244722",Prince Hathloul Stadium,,,184.8,8000.0,,Prince Hathloul Stadium,18.48
"42.490278, 27.453056",Chernomorets Stadium,Bulgaria,Yugoiztochen,643.72,22000.0,BG,Chernomorets Stadium,64.372
"0.96128333, -79.65587778",Estadio Folke Anderson,,,468.16,16000.0,,Estadio Folke Anderson,46.816
"14.65857, -86.2163",Estadio Juan Ramón Brevé Vargas,,,288.75,12500.0,,Estadio Juan Ramón Brevé Vargas,28.875
"14.65857, -86.2163",Estadio Juan Ramón Brevé Vargas,,,287.98,22000.0,,Estadio Juan Ramón Brevé Vargas,28.798
"60.2621, 24.83818333",Myyrmäen jalkapallostadion,Finland,Helsinki-Uusimaa,90.475,4700.0,FI,Myyrmäen jalkapallostadion,9.0475
"60.21638889, 24.70777778",Kauniaisten keskusurheilukenttä,Finland,Helsinki-Uusimaa,9.625,500.0,FI,Kauniaisten keskusurheilukenttä,0.9625
"60.993611, 24.441944",Kaurialan kenttä,Finland,Etelä-Suomi,77,4000.0,FI,Kaurialan kenttä,7.7
"61.68694444, 27.26666667",Mikkelin Urheilupuisto,Finland,Pohjois- ja Itä-Suomi,0,,FI,Mikkelin Urheilupuisto,0
"8.9816, 1.14711",Stade Municipal,,,231,10000.0,,Stade Municipal,23.1
"55.6493, 12.6016",Sundby Idrætspark,Denmark,Hovedstaden,0,,DK,Sundby Idrætspark,0
"41.3968, 2.13766",Velòdrom de la Bonanova,Spain,Cataluña,0,,ES,Velòdrom de la Bonanova,0
"59.41888889, 10.48916667",Lystlunden,,,0,,,Lystlunden,0
"61.1133, 28.5065",Joutseno Sports Centre,Finland,Etelä-Suomi,0,,FI,Joutseno Sports Centre,0
"61.4526, 5.8648",Q11971363,Norway,Vestlandet,0,,NO,Q11971363,0
"56.4326, 9.37578",Liseborgcentret,Denmark,Midtjylland,0,,DK,Liseborgcentret,0
"56.1792, 9.58798",Q12338317,Denmark,Midtjylland,0,,DK,Q12338317,0
"49.0781, 17.4372",Stadion Širůch,Czechia,Střední Morava,0,,CZ,Stadion Širůch,0
"62.7819, 22.8511",Seinäjoen keskuskenttä,Finland,Länsi-Suomi,53.9,2800.0,FI,Seinäjoen keskuskenttä,5.39
"55.6036, 12.5903",Q16324968,Denmark,Hovedstaden,0,,DK,Q16324968,0
"52.5626, -2.0007",The Oval (Wednesbury),,,0,,,The Oval (Wednesbury),0
"29.8780031, 40.1043057",Al-Oruba Club Stadium,,,161.7,7000.0,,Al-Oruba Club Stadium,16.17
"58.46268, 8.74363",Norac stadion,Norway,Agder og Sør-Østlandet,0,,NO,Norac stadion,0
"60.7879, 11.151",Black River Park,Norway,Innlandet,0,,NO,Black River Park,0
"60.443056111, 22.265833055",Turku Sports Park upper field,Finland,Etelä-Suomi,14.0525,730.0,FI,Turku Sports Park upper field,1.40525
"59.2359, 10.4626",Husøy Arena,Norway,Agder og Sør-Østlandet,0,,NO,Husøy Arena,0
"49.805332368, 24.134465397",Bohdan Markevich Stadium,,,0,,,Bohdan Markevich Stadium,0
"56.1923, 10.2102",Vejlby Stadium,Denmark,Midtjylland,0,,DK,Vejlby Stadium,0
"55.6395, 12.2003",Q106097928,Denmark,Hovedstaden,0,,DK,Q106097928,0
"52.097778, 20.620417",Miejski Stadion Sportowy,Poland,Warszawski stołeczny,19.25,1000.0,PL,Miejski Stadion Sportowy,1.925
"48.676111111, 26.592916666",Tonkocheyev Stadium,,,49.79975,2587.0,,Tonkocheyev Stadium,4.979975
"18.272556, 42.666885",Damac Club Stadium,,,0,,,Damac Club Stadium,0
"51.422222222, -0.982777777",Madejski Stadium,,,706.95086,24161.0,,Madejski Stadium,70.695086
"44.140556, 12.261944",Stadio Dino Manuzzi,Italy,Emilia-Romagna,698.1436,23860.0,IT,Stadio Dino Manuzzi,69.81436
"-33.958055555, 25.6",Gqeberha,,,0,,,Gqeberha,0
"55.586111111, 12.989166666",Malmö stadion,Sweden,Sydsverige,775.39,26500.0,SE,Malmö stadion,77.539
"9.013306, 38.756417",Addis Ababa Stadium,,,1024.1,35000.0,,Addis Ababa Stadium,102.41
"6.309, -10.80411111",Antoinette Tubman Stadium,,,231,10000.0,,Antoinette Tubman Stadium,23.1
"52.620277777, -1.142222222",Leicester City Stadium,,,943.95686,32261.0,,Leicester City Stadium,94.395686
"41.318314, 19.824075",Qemal Stafa Stadium,AL,Qender,576.422,19700.0,AL,Qemal Stafa Stadium,57.6422
"58.418055555, 15.649166666",Linköping Arena,Sweden,Östra Mellansverige,196.35,8500.0,SE,Linköping Arena,19.635
"-34.177777777, -70.7375",Estadio El Teniente,,,446.27352,15252.0,,Estadio El Teniente,44.627352
"27.471417, 89.641056",Changlimithang Stadium,,,731.5,25000.0,,Changlimithang Stadium,73.15
"27.471417, 89.641056",Changlimithang Stadium,,,731.5,25000.0,,Changlimithang Stadium,73.15
"27.471417, 89.641056",Changlimithang Stadium,,,731.5,25000.0,,Changlimithang Stadium,73.15
"27.471417, 89.641056",Changlimithang Stadium,,,731.5,25000.0,,Changlimithang Stadium,73.15
"27.471417, 89.641056",Changlimithang Stadium,,,731.5,25000.0,,Changlimithang Stadium,73.15
"27.471417, 89.641056",Changlimithang Stadium,,,731.5,25000.0,,Changlimithang Stadium,73.15
"27.471417, 89.641056",Changlimithang Stadium,,,731.5,25000.0,,Changlimithang Stadium,73.15
"19.041944, 73.026667",DY Patil Stadium,,,1744.05,45300.0,,DY Patil Stadium,174.405
"9.581944, 41.858056",Dire Dawa Stadium,,,526.68,18000.0,,Dire Dawa Stadium,52.668
"18.061944, 102.703889",New Laos National Stadium,,,731.5,25000.0,,New Laos National Stadium,73.15
"18.06194444, 102.70388889",New Laos National Stadium,,,731.5,25000.0,,New Laos National Stadium,73.15
"34.518611111, 69.193888888",Ghazi Stadium,,,877.8,30000.0,,Ghazi Stadium,87.78
"40.3348, -75.923",Sovereign Center,,,207.9,9000.0,,Sovereign Center,20.79
"-1.303611, 36.824167",Nyayo National Stadium,,,877.8,30000.0,,Nyayo National Stadium,87.78
"-1.303611, 36.824167",Nyayo National Stadium,,,877.8,30000.0,,Nyayo National Stadium,87.78
"7.3432, 134.4726",National Stadium,,,77,4000.0,,National Stadium,7.7
"-8.54688056, 115.30653333",Kapten I Wayan Dipta Stadium,,,731.5,25000.0,,Kapten I Wayan Dipta Stadium,73.15
"-12.36055556, 27.82416667",Konkola Stadium,,,497.42,17000.0,,Konkola Stadium,49.742
"9.997222222, 76.301111111",Jawaharlal Nehru International Stadium,,,2310,60000.0,,Jawaharlal Nehru International Stadium,231
"-15.798889, 35.0345",Kamuzu Stadium,,,936.32,32000.0,,Kamuzu Stadium,93.632
"12.3603768, -1.5290332",Stade Municipal,,,438.9,15000.0,,Stade Municipal,43.89
"12.3603768, -1.5290332",Stade Municipal,,,438.9,15000.0,,Stade Municipal,43.89
"-13.836756, -171.75195",National Soccer Stadium,,,67.375,3500.0,,National Soccer Stadium,6.7375
"-13.836756, -171.75195",National Soccer Stadium,,,67.375,3500.0,,National Soccer Stadium,6.7375
"-13.836756, -171.75195",National Soccer Stadium,,,67.375,3500.0,,National Soccer Stadium,6.7375
"-13.836756, -171.75195",National Soccer Stadium,,,67.375,3500.0,,National Soccer Stadium,6.7375
"-13.836756, -171.75195",National Soccer Stadium,,,67.375,3500.0,,National Soccer Stadium,6.7375
"40.7181, 8.57972",Stadio Vanni Sanna,Italy,Sardegna,172.788,7480.0,IT,Stadio Vanni Sanna,17.2788
"32.01222, 44.3275",An-Najaf Stadium,,,0,,,An-Najaf Stadium,0
"53.2835, -6.37374",Tallaght Stadium,Ireland,Eastern and Midland,138.6,6000.0,IE,Tallaght Stadium,13.86
"39.932023, 32.872146",Cebeci İnönü Stadium,TR,Ankara,438.9,15000.0,TR,Cebeci İnönü Stadium,43.89
"4.374417, 18.564389",Barthélemy Boganda Stadium,,,1024.1,35000.0,,Barthélemy Boganda Stadium,102.41
"4.374417, 18.564389",Barthélemy Boganda Stadium,,,1024.1,35000.0,,Barthélemy Boganda Stadium,102.41
"4.374417, 18.564389",Barthélemy Boganda Stadium,,,1024.1,35000.0,,Barthélemy Boganda Stadium,102.41
"6.477778, 2.618611",Stade Charles de Gaulle,,,438.9,15000.0,,Stade Charles de Gaulle,43.89
"6.477778, 2.618611",Stade Charles de Gaulle,,,438.9,15000.0,,Stade Charles de Gaulle,43.89
"-4.635511111, 55.470461111",Stade Linité,,,231,10000.0,,Stade Linité,23.1
"-4.635511111, 55.470461111",Stade Linité,,,231,10000.0,,Stade Linité,23.1
"-4.635511111, 55.470461111",Stade Linité,,,231,10000.0,,Stade Linité,23.1
"-4.635511111, 55.470461111",Stade Linité,,,231,10000.0,,Stade Linité,23.1
"46.559528, 16.4508",Lendava Sports Park,Slovenia,Vzhodna Slovenija,38.885,2020.0,SI,Lendava Sports Park,3.8885
"-26.443, 31.2055",Somhlolo National Stadium,,,585.2,20000.0,,Somhlolo National Stadium,58.52
"-0.725749, 8.783414",Stade Pierre-Claver-Divounguy,,,0,,,Stade Pierre-Claver-Divounguy,0
"9.31667, 42.1167",Harrar Bira Stadium,,,0,,,Harrar Bira Stadium,0
"2.04194444, 45.35666667",Banadir Stadium,,,438.9,15000.0,,Banadir Stadium,43.89
"2.04194444, 45.35666667",Banadir Stadium,,,438.9,15000.0,,Banadir Stadium,43.89
"2.04194444, 45.35666667",Banadir Stadium,,,438.9,15000.0,,Banadir Stadium,43.89
"0.34720833, 32.65888889",Mandela National Stadium,,,1740.277,45202.0,,Mandela National Stadium,174.0277
"-0.929444, 100.358333",Haji Agus Salim Sport Complex,,,438.9,15000.0,,Haji Agus Salim Sport Complex,43.89
"-4.099473, 138.948319",Pendidikan Stadium,,,438.9,15000.0,,Pendidikan Stadium,43.89
"17.082711, 54.143789",Al-Saada Stadium,,,277.2,12000.0,,Al-Saada Stadium,27.72
"34.5987, -112.346",Bradshaw Mountain High School,,,0,,,Bradshaw Mountain High School,0
"-2.499734, 32.899772",CCM Kirumba Stadium,,,1024.1,35000.0,,CCM Kirumba Stadium,102.41
"39.169032, -119.748874",Carson High School,,,0,,,Carson High School,0
"-28.580697, 28.83203",Charles Mopeli Stadium,,,1024.1,35000.0,,Charles Mopeli Stadium,102.41
"-27.5592, 151.966",Clive Berghofer Stadium,,,0,,,Clive Berghofer Stadium,0
"55.1209, -1.5112",Croft Park,,,0,,,Croft Park,0
"-31.938889, 115.855",Dorrien Gardens,,,77,4000.0,,Dorrien Gardens,7.7
"-12.59361111, 13.39",Estádio Municipal de Benguela,,,138.6,6000.0,,Estádio Municipal de Benguela,13.86
"-12.59361111, 13.39",Estádio Municipal de Benguela,,,138.6,6000.0,,Estádio Municipal de Benguela,13.86
"-8.81427, 13.226",Estádio dos Coqueiros,,,277.2,12000.0,,Estádio dos Coqueiros,27.72
"-8.81427, 13.226",Estádio dos Coqueiros,,,277.2,12000.0,,Estádio dos Coqueiros,27.72
"34.681224, 33.053629",GSO Stadium,Cyprus,Kýpros,0,,CY,GSO Stadium,0
"3.098708333, 101.593769444",Petaling Jaya Stadium,,,731.5,25000.0,,Petaling Jaya Stadium,73.15
"27.5583, -99.4527",Laredo Energy Arena,,,186.3015,8065.0,,Laredo Energy Arena,18.63015
"0.32585278, 32.60457222",Lugogo Cricket Oval,,,0,,,Lugogo Cricket Oval,0
"-26.49083333, 31.37416667",Mavuso Sports Centre,,,115.5,5000.0,,Mavuso Sports Centre,11.55
"22.904444, 57.589444",Nizwa Sports Complex,,,231,10000.0,,Nizwa Sports Complex,23.1
"49.2903, -122.784",Percy Perry Stadium,,,28.5285,1482.0,,Percy Perry Stadium,2.85285
"-29.744249, 30.971264",Princess Magogo Stadium,,,277.2,12000.0,,Princess Magogo Stadium,27.72
"17.86666667, -88.76666667",San Felipe Football Field,,,0,,,San Felipe Football Field,0
"37.5699, -77.4624",Sports Backers Stadium,,,62.5625,3250.0,,Sports Backers Stadium,6.25625
"14.7887, -16.9316",Stade Maniang Soumaré,,,184.8,8000.0,,Stade Maniang Soumaré,18.48
"33.425, -111.932",Sun Devil Soccer/Lacrosse Stadium,,,20.23175,1051.0,,Sun Devil Soccer/Lacrosse Stadium,2.023175
"-15.4459, 28.3475",Woodlands Stadium,,,0,,,Woodlands Stadium,0
"26.860806, 89.385833",PSA Phuentsholing Stadium,,,115.5,5000.0,,PSA Phuentsholing Stadium,11.55
"-1.30138889, 36.77333333",Ligi Ndogo Grounds,,,38.5,2000.0,,Ligi Ndogo Grounds,3.85
"-21.1901862, -175.2230169",Loto-Tonga Soka Centrek,,,19.25,1000.0,,Loto-Tonga Soka Centrek,1.925
"-21.1844, -175.225",Loto-Tonga Soka Centrek,,,19.25,1000.0,,Loto-Tonga Soka Centrek,1.925
"-3.96667, 29.4333",Q16605644,,,125.1558,5418.0,,Q16605644,12.51558
"55.54735, -2.85716944",Yarrow Park,,,19.25,1000.0,,Yarrow Park,1.925
"-32.9205, 151.731",Wanderers Oval,,,19.25,1000.0,,Wanderers Oval,1.925
"17.199444444, -25.09275",Estádio João Serra,,,0,,,Estádio João Serra,0
"53.4812, -2.1928",Academy Stadium,,,161.7,7000.0,,Academy Stadium,16.17
"46.576137, 28.924143","Stadionul ""CF Sparta"" Selemet",,,0,,,"Stadionul ""CF Sparta"" Selemet",0
"6.6425, 3.32444444",Agege Stadium,,,0,,,Agege Stadium,0
"19.129449, 72.836158833",Mumbai Football Arena,,,0,,,Mumbai Football Arena,0
"7.813333333, 6.698333333",Confluence Stadium,,,0,,,Confluence Stadium,0
"14.7468, -17.51",Stade de Ngor,,,0,,,Stade de Ngor,0
"26.193055555, -80.161111111",Chase Stadium,,,595.98,18000.0,,Chase Stadium,59.598
"59.951944, 30.286389",Petrovsky Stadium,,,629.20704,21504.0,,Petrovsky Stadium,62.920704
"57.4577062, 9.9984598",Hjørring Stadium,Denmark,Nordjylland,173.25,7500.0,DK,Hjørring Stadium,17.325
"50.128056, 8.723333",Stadion am Bornheimer Hang,Germany,Darmstadt,289.7202,12542.0,DE,Stadion am Bornheimer Hang,28.97202
"48.404589, 10.009575",Donaustadion,Germany,Schwaben,570.57,19500.0,DE,Donaustadion,57.057
"35.562396, 129.34802",Ulsan Stadium,,,575.3979,19665.0,,Ulsan Stadium,57.53979
"31.858851719, 54.328629111",Nassiri Stadium,,,438.9,15000.0,,Nassiri Stadium,43.89
"-17.185731, -70.930052",Estadio 25 de Noviembre,,,614.46,21000.0,,Estadio 25 de Noviembre,61.446
"52.236666666, 6.8375",De Grolsch Veste,Netherlands,Overijssel,877.8,30000.0,NL,De Grolsch Veste,87.78
"14.7107147, -17.4584434",Stade Demba Diop,,,438.9,15000.0,,Stade Demba Diop,43.89
"54.668611, 25.294444",LFF Stadium,Lithuania,Sostinės regionas,117.0477,5067.0,LT,LFF Stadium,11.70477
"-33.428333, 151.338056",Central Coast Stadium,,,586.92634,20059.0,,Central Coast Stadium,58.692634
"27.695052, 85.314835",Dasarath Rangasala Stadium,,,877.8,30000.0,,Dasarath Rangasala Stadium,87.78
"40.995278, -5.665",Estadio El Helmántico,Spain,Castilla y León,507.39766,17341.0,ES,Estadio El Helmántico,50.739766
"7.207222, 100.598611",Tinsulanonda Stadium,,,1024.1,35000.0,,Tinsulanonda Stadium,102.41
"4.05556, 9.71861",Stade de la Réunification,,,877.8,30000.0,,Stade de la Réunification,87.78
"51.4608, 5.4389",De Herdgang,Netherlands,Noord-Brabant,48.125,2500.0,NL,De Herdgang,4.8125
"64.145683, -21.967728",KR-völlur,,,53.53425,2781.0,,KR-völlur,5.353425
"35.033889, 33.765",Dasaki Stadium,Cyprus,Kýpros,123.9777,5367.0,CY,Dasaki Stadium,12.39777
"4.843056, 31.615833",Juba Stadium,,,438.9,15000.0,,Juba Stadium,43.89
"-4.27352778, 15.24841667",Stade Alphonse Massemba-Débat,,,966.66262,33037.0,,Stade Alphonse Massemba-Débat,96.666262
"-20.321267, 57.52965",Stade George V,,,143.22,6200.0,,Stade George V,14.322
"8.8875, -79.775556",Estadio Agustín Sánchez,,,231,10000.0,,Estadio Agustín Sánchez,23.1
"53.365833, -2.738333",Halton Stadium,,,308.385,13350.0,,Halton Stadium,30.8385
"47.026665, 28.8191128",Dinamo Stadium,,,55.594,2888.0,,Dinamo Stadium,5.5594
"46.668611, 16.1575",Fazanerija City Stadium,Slovenia,Vzhodna Slovenija,72.8035,3782.0,SI,Fazanerija City Stadium,7.28035
"0.34720833, 32.65888889",Mandela National Stadium,,,1740.277,45202.0,,Mandela National Stadium,174.0277
"54.1828, 45.2014",Mordovia Arena,,,1733.0775,45015.0,,Mordovia Arena,173.30775
"-27.229167, 153.094444",A.J. Kelly Park,,,28.875,1500.0,,A.J. Kelly Park,2.8875
"59.6325, 17.06777778",Enavallen,Sweden,Östra Mellansverige,86.625,4500.0,SE,Enavallen,8.6625
"10.080278, -69.329167",Estadio Farid Richa,,,288.288,12480.0,,Estadio Farid Richa,28.8288
"2.45444, -76.5917",Estadio Ciro López,,,57.75,3000.0,,Estadio Ciro López,5.775
"-25.279153, -57.598122",Estadio José Tomás Silva,,,38.5,2000.0,,Estadio José Tomás Silva,3.85
"41.51211111, 19.78672778",Kastrioti Stadium,AL,Veri,231,10000.0,AL,Kastrioti Stadium,23.1
"-34.8908, 138.633",Marden Sports Complex,,,0,,,Marden Sports Complex,0
"19.753611, -72.2075",Parc St. Victor,,,219.45,9500.0,,Parc St. Victor,21.945
"1.461966666, 103.898102777",Pasir Gudang Stadium,,,438.9,15000.0,,Pasir Gudang Stadium,43.89
"17.68865, 33.97422",Stade Al-Amal Atbara,,,0,,,Stade Al-Amal Atbara,0
"12.2481, -2.36667",Stade Balibiè,,,877.8,30000.0,,Stade Balibiè,87.78
"45.13041667, 25.71580556",Stadionul Poiana,Romania,Sud-Muntenia,0,,RO,Stadionul Poiana,0
"35.4958, -97.5669",Taft Stadium,,,532.532,18200.0,,Taft Stadium,53.2532
"69.645964, 19.018053",Tromsdalen Stadion,Norway,Nord-Norge,0,,NO,Tromsdalen Stadion,0
"-3.436583333, 114.876777777",Demang Lehman Stadium,,,150.15,6500.0,,Demang Lehman Stadium,15.015
"-5.22358, 119.44454",Kalegowa Stadium,,,0,,,Kalegowa Stadium,0
"-37.84027778, 144.965",Lakeside Stadium,,,438.9,15000.0,,Lakeside Stadium,43.89
"32.627388888, 35.317111111",Afula Illit Stadium,,,57.75,3000.0,,Afula Illit Stadium,5.775
"39.855, 44.689166666",Ayg Stadium,,,24.64,1280.0,,Ayg Stadium,2.464
"39.855, 44.68916667",Ayg Stadium,,,24.64,1280.0,,Ayg Stadium,2.464
"39.855, 44.689166666",Ayg Stadium,,,24.3936,1320.0,,Ayg Stadium,2.43936
"39.855, 44.68916667",Ayg Stadium,,,24.3936,1320.0,,Ayg Stadium,2.43936
"41.90717, 19.26465",Stadion Safari,ME,Crna Gora,9.625,500.0,ME,Stadion Safari,0.9625
"41.791345629, 20.901447483",Gradski stadion Gostivar,MK,Severna Makedonija,19.25,1000.0,MK,Gradski stadion Gostivar,1.925
"-4.32167, 55.6893",Stade d’Amitié,,,38.5,2000.0,,Stade d’Amitié,3.85
"45.043395, 39.035566",Krasnodar Academy Stadium,,,67.375,3500.0,,Krasnodar Academy Stadium,6.7375
"28.5410645, -81.389035",Inter&Co Stadium,,,746.13,25500.0,,Inter&Co Stadium,74.613
"11.082328, 105.802856",Svay Rieng Stadium,,,28.875,1500.0,,Svay Rieng Stadium,2.8875
"34.950748, 33.303813",Elia Stadium,Cyprus,Kýpros,0,,CY,Elia Stadium,0
"34.982073, 32.909983",Kakopetria Community Stadium,Cyprus,Kýpros,0,,CY,Kakopetria Community Stadium,0
"34.721339, 33.052374",SEK Stadium,Cyprus,Kýpros,0,,CY,SEK Stadium,0
"-5.426121, 105.269138",Pahoman Stadium,,,0,,,Pahoman Stadium,0
"52.728055555, 41.4525",Spartak Stadium,,,438.9,15000.0,,Spartak Stadium,43.89
"59.332225547, 14.491397495",Kilsta IP,Sweden,Östra Mellansverige,0,,SE,Kilsta IP,0
"35.344315145, 25.161548584",«Melina Mercouri» Indoor Sports Hall,,,0,,,«Melina Mercouri» Indoor Sports Hall,0
"59.951944, 30.286389",Petrovsky Stadium,,,629.20704,21504.0,,Petrovsky Stadium,62.920704
"-34.86213611, -56.20163889",Estadio Saroldi,,,119.3115,5165.0,,Estadio Saroldi,11.93115
"51.038255555, 7.002205555",BayArena,Germany,Köln,883.9446,30210.0,DE,BayArena,88.39446
"59.421292, 24.73205",A. Le Coq Arena,Estonia,Eesti,331.1616,14336.0,EE,A. Le Coq Arena,33.11616
"59.421292, 24.73205",A. Le Coq Arena,Estonia,Eesti,331.1616,14336.0,EE,A. Le Coq Arena,33.11616
"49.2783, 8.84212",Dietmar-Hopp-Stadion,Germany,Karlsruhe,146.685,6350.0,DE,Dietmar-Hopp-Stadion,14.6685
"-36.726944, 174.701667",North Harbour Stadium,,,323.4,14000.0,,North Harbour Stadium,32.34
"10.674114, -71.645011",Estadio José Pachencho Romero,,,1570.8,40800.0,,Estadio José Pachencho Romero,157.08
"52.543056, 13.405278",Friedrich-Ludwig-Jahn-Sportpark,Germany,Berlin,576.65608,19708.0,DE,Friedrich-Ludwig-Jahn-Sportpark,57.665608
"52.29, 10.521389",Eintracht-Stadion,Germany,Braunschweig,714.11956,24406.0,DE,Eintracht-Stadion,71.411956
"33.509166666, 44.234166666",Taji,,,0,,,Taji,0
"18.480454, -69.918662",Estadio Olímpico Félix Sánchez,,,1024.1,35000.0,,Estadio Olímpico Félix Sánchez,102.41
"18.10470278, -15.98545556",Olympic Stadium of Nouakchott,,,585.2,20000.0,,Olympic Stadium of Nouakchott,58.52
"18.10470278, -15.98545556",Olympic Stadium of Nouakchott,,,585.2,20000.0,,Olympic Stadium of Nouakchott,58.52
"18.10470278, -15.98545556",Olympic Stadium of Nouakchott,,,585.2,20000.0,,Olympic Stadium of Nouakchott,58.52
"-21.205972222, -159.806777777",National Stadium,,,57.75,3000.0,,National Stadium,5.775
"19.99395814, -99.32531118",Estadio 10 de Diciembre,,,497.42,17000.0,,Estadio 10 de Diciembre,49.742
"10.491278, -66.885492",Estadio Olímpico,,,728.574,24900.0,,Estadio Olímpico,72.8574
"8.3125, -62.696667",Polideportivo Cachamay,,,1755.6,45600.0,,Polideportivo Cachamay,175.56
"8.3125, -62.696667",Polideportivo Cachamay,,,1755.6,45600.0,,Polideportivo Cachamay,175.56
"9.965427, -84.075455",Estadio Ricardo Saprissa Aymá,,,731.5,25000.0,,Estadio Ricardo Saprissa Aymá,73.15
"15.598392, 32.515603",Khartoum Stadium,,,877.8,30000.0,,Khartoum Stadium,87.78
"13.52725, 2.10897",Stade Général Seyni Kountché,,,1024.1,35000.0,,Stade Général Seyni Kountché,102.41
"13.52725, 2.10897",Stade Général Seyni Kountché,,,1024.1,35000.0,,Stade Général Seyni Kountché,102.41
"13.52725, 2.108972",Stade Général Seyni Kountché,,,1024.1,35000.0,,Stade Général Seyni Kountché,102.41
"13.52725, 2.108972",Stade Général Seyni Kountché,,,1024.1,35000.0,,Stade Général Seyni Kountché,102.41
"3.725, 8.769167",Malabo Stadium,,,446.215,15250.0,,Malabo Stadium,44.6215
"41.709617, 44.746247",Mikheil Meskhi Stadium,,,796.54498,27223.0,,Mikheil Meskhi Stadium,79.654498
"12.659722, -7.993056",Stade Modibo Kéïta,,,1024.1,35000.0,,Stade Modibo Kéïta,102.41
"0.391806, 9.452167",Stade Omar Bongo,,,1732.5,45000.0,,Stade Omar Bongo,173.25
"36.801055, 3.048111",Omar Hamadi Stadium,,,497.42,17000.0,,Omar Hamadi Stadium,49.742
"-18.9197, 47.5262",Mahamasina Municipal Stadium,,,643.72,22000.0,,Mahamasina Municipal Stadium,64.372
"-18.9197, 47.5262",Mahamasina Municipal Stadium,,,643.72,22000.0,,Mahamasina Municipal Stadium,64.372
"53.284658, -9.056258",Eamonn Deacy Park,Ireland,Northern and Western,115.5,5000.0,IE,Eamonn Deacy Park,11.55
"43.1192, 131.8788",Dynamo Stadium,,,235.62,10200.0,,Dynamo Stadium,23.562
"64.132778, -21.923611",Hlíðarendi,Iceland,Ísland,57.75,3000.0,IS,Hlíðarendi,5.775
"4.374417, 18.564389",Barthélemy Boganda Stadium,,,1024.1,35000.0,,Barthélemy Boganda Stadium,102.41
"11.57413889, 43.13188889",Stade du Ville,,,231,10000.0,,Stade du Ville,23.1
"6.477778, 2.618611",Stade Charles de Gaulle,,,438.9,15000.0,,Stade Charles de Gaulle,43.89
"6.477778, 2.618611",Stade Charles de Gaulle,,,438.9,15000.0,,Stade Charles de Gaulle,43.89
"23.6189, 58.2168",Al-Seeb Stadium,,,323.4,14000.0,,Al-Seeb Stadium,32.34
"35.679167, -0.675278",Habib Bouakeul Stadium,,,585.2,20000.0,,Habib Bouakeul Stadium,58.52
"-4.33806, 15.3222",Stade Tata Raphaël,,,1925,50000.0,,Stade Tata Raphaël,192.5
"-4.322865, 15.312485",Stade 24 Novembre,,,702.24,24000.0,,Stade 24 Novembre,70.224
"12.604444, -7.921667",Stade du 26 Mars,,,1925,50000.0,,Stade du 26 Mars,192.5
"-0.725749, 8.783414",Stade Pierre-Claver-Divounguy,,,0,,,Stade Pierre-Claver-Divounguy,0
"42.1420989, 21.7099741",Bashkimi 1947 Stadium,MK,Severna Makedonija,57.75,3000.0,MK,Bashkimi 1947 Stadium,5.775
"43.56511389, 39.75264722",Sochi Central Stadium,,,235.62,10200.0,,Sochi Central Stadium,23.562
"4.96755556, 8.32686111",U. J. Esuene Stadium,,,731.5,25000.0,,U. J. Esuene Stadium,73.15
"55.73207778, 52.41781944",KAMAZ Stadium,,,231,10000.0,,KAMAZ Stadium,23.1
"50.602689, 36.579206",Salyut Stadium,,,277.2,12000.0,,Salyut Stadium,27.72
"55.0952, 36.6026",Q4464290,,,0,,,Q4464290,0
"-27.229167, 153.094444",A.J. Kelly Park,,,28.875,1500.0,,A.J. Kelly Park,2.8875
"-18.14685, 49.38610833",Barikadimy Stadium,,,585.2,20000.0,,Barikadimy Stadium,58.52
"16.318, -86.541",Estadio Julio Galindo,,,0,,,Estadio Julio Galindo,0
"18.434237, -68.988858",Estadio Francisco Micheli,,,181.0578,7838.0,,Estadio Francisco Micheli,18.10578
"3.7496826, 8.7808979",Estadio Internacional,,,138.6,6000.0,,Estadio Internacional,13.86
"34.166667, 135.190833",Kimiidera Athletic Stadium,,,716.87,24500.0,,Kimiidera Athletic Stadium,71.687
"59.397786, 27.258936",Kohtla-Järve Spordikeskuse staadion,Estonia,Eesti,42.35,2200.0,EE,Kohtla-Järve Spordikeskuse staadion,4.235
"1.461966666, 103.898102777",Pasir Gudang Stadium,,,438.9,15000.0,,Pasir Gudang Stadium,43.89
"24.334584, 56.743017",Sohar Regional Sports Complex,,,555.94,19000.0,,Sohar Regional Sports Complex,55.594
"0.521216, 25.186576",Stade Lumumba,,,231,10000.0,,Stade Lumumba,23.1
"0.521216, 25.186576",Stade Lumumba,,,231,30000.0,,Stade Lumumba,23.1
"42.654722, 18.078611",Stadion Lapad,Croatia,Jadranska Hrvatska,57.75,3000.0,HR,Stadion Lapad,5.775
"22.5277, 59.4735",Sur Sports Complex,,,438.9,15000.0,,Sur Sports Complex,43.89
"23.321111, 120.313889",Tainan County Stadium,,,877.8,30000.0,,Tainan County Stadium,87.78
"-16.71805556, -43.87055556",Estádio José Maria de Melo,,,0,,,Estádio José Maria de Melo,0
"-22.74362222, -42.85960833",Q10277162,,,0,,,Q10277162,0
"61.1133, 28.5065",Joutseno Sports Centre,Finland,Etelä-Suomi,0,,FI,Joutseno Sports Centre,0
"-0.92296389, 119.83955278",Gawalise Stadium,,,0,,,Gawalise Stadium,0
"59.2477, 18.2241",Tyresövallen,Sweden,Stockholm,51.975,2700.0,SE,Tyresövallen,5.1975
"51.34888889, 25.85361111",Izotop Stadium,,,57.75,3000.0,,Izotop Stadium,5.775
"52.434577, 10.807511",AOK Stadion,Germany,Braunschweig,0,,DE,AOK Stadion,0
"33.49615, 36.28543",Al-Muhafaza Stadium,,,0,,,Al-Muhafaza Stadium,0
"32.5406, 36.0194",Prince Hashim Stadium,,,0,,,Prince Hashim Stadium,0
"5.30100012, -1.99240005",TNA Park,,,277.2,12000.0,,TNA Park,27.72
"45.52885, 9.402041",Stadio comunale Città di Gorgonzola,Italy,Lombardia,0,,IT,Stadio comunale Città di Gorgonzola,0
"34.725362, 33.136992",Ayios Tykhonas Community Stadium,Cyprus,Kýpros,0,,CY,Ayios Tykhonas Community Stadium,0
"5.524166666, 7.496805555",Umuahia Township Stadium,,,0,,,Umuahia Township Stadium,0
"40.53639467, -7.27772826",Estádio Municipal da Guarda,Portugal,Centro (PT),77,4000.0,PT,Estádio Municipal da Guarda,7.7
"37.371192, 23.161235",Kranidi Municipal Stadium,Greece,Peloponnese,0,,Greece,Kranidi Municipal Stadium,0
"15.141375, -23.533555555",Estádio Municipal 25 de Julho,,,19.25,1000.0,,Estádio Municipal 25 de Julho,1.925
"15.1939, -23.5982",Estádio da Calheta,,,0,,,Estádio da Calheta,0
"6.2065, 6.722444",Stephen Keshi Stadium,,,643.72,22000.0,,Stephen Keshi Stadium,64.372
"9.958055555, -85.119444444",Estadio Asociación Cívica Jicaraleña,,,28.875,1500.0,,Estadio Asociación Cívica Jicaraleña,2.8875
"59.901633, 30.268455",Kirovets Stadium (Saint Petersburg),,,0,,,Kirovets Stadium (Saint Petersburg),0
"19.303055555, -99.150555555",Estadio Banorte,,,5755.75,115000.0,,Estadio Banorte,575.575
"3.8855, 11.540528",Stade Ahmadou Ahidjo,,,2002,52000.0,,Stade Ahmadou Ahidjo,200.2
"15.34927222, 38.92125556",Cicero Stadium,,,585.2,20000.0,,Cicero Stadium,58.52
"-5.073611, 39.100556",Mkwakwani Stadium,,,231,10000.0,,Mkwakwani Stadium,23.1
"18.480454, -69.918662",Estadio Olímpico Félix Sánchez,,,1024.1,35000.0,,Estadio Olímpico Félix Sánchez,102.41
"23.72801, 90.41353","National Stadium, Dhaka",,,1053.36,36000.0,,"National Stadium, Dhaka",105.336
"23.72801, 90.41353","National Stadium, Dhaka",,,1053.36,36000.0,,"National Stadium, Dhaka",105.336
"27.471417, 89.641056",Changlimithang Stadium,,,731.5,25000.0,,Changlimithang Stadium,73.15
"27.471417, 89.641056",Changlimithang Stadium,,,731.5,25000.0,,Changlimithang Stadium,73.15
"27.471417, 89.641056",Changlimithang Stadium,,,731.5,25000.0,,Changlimithang Stadium,73.15
"27.471417, 89.641056",Changlimithang Stadium,,,731.5,25000.0,,Changlimithang Stadium,73.15
"27.471417, 89.641056",Changlimithang Stadium,,,731.5,25000.0,,Changlimithang Stadium,73.15
"43.81602, 4.35928",Stade des Costières,France,Languedoc-Roussillon,540.78332,18482.0,FR,Stade des Costières,54.078332
"7.68277778, -5.04472222",Stade de la Paix,,,1540,40000.0,,Stade de la Paix,154
"27.695052, 85.314835",Dasarath Rangasala Stadium,,,877.8,30000.0,,Dasarath Rangasala Stadium,87.78
"27.695052, 85.314835",Dasarath Rangasala Stadium,,,877.8,30000.0,,Dasarath Rangasala Stadium,87.78
"12.109167, -86.273056",Nicaragua National Football Stadium,,,254.1,11000.0,,Nicaragua National Football Stadium,25.41
"13.52725, 2.10897",Stade Général Seyni Kountché,,,1024.1,35000.0,,Stade Général Seyni Kountché,102.41
"13.52725, 2.108972",Stade Général Seyni Kountché,,,1024.1,35000.0,,Stade Général Seyni Kountché,102.41
"4.174083333, 73.513083333",Galolhu National Stadium,,,300.3,13000.0,,Galolhu National Stadium,30.03
"4.1684, 73.5368",Galolhu National Stadium,,,300.3,13000.0,,Galolhu National Stadium,30.03
"36.149356, -5.350342",Victoria Stadium,,,115.5,5000.0,,Victoria Stadium,11.55
"51.405083333, -0.281944444",Kingsmeadow,,,93.3625,4850.0,,Kingsmeadow,9.33625
"22.154523, 113.553266",Estádio Campo Desportivo,,,468.16,16000.0,,Estádio Campo Desportivo,46.816
"-13.836756, -171.75195",National Soccer Stadium,,,67.375,3500.0,,National Soccer Stadium,6.7375
"-13.836756, -171.75195",National Soccer Stadium,,,67.375,3500.0,,National Soccer Stadium,6.7375
"-13.836756, -171.75195",National Soccer Stadium,,,67.375,3500.0,,National Soccer Stadium,6.7375
"-13.836756, -171.75195",National Soccer Stadium,,,67.375,3500.0,,National Soccer Stadium,6.7375
"40.702722, -111.950417",Maverik Center,,,233.31,10100.0,,Maverik Center,23.331
"46.293333333, 16.344166666",Stadion Varteks,Croatia,Sjeverna Hrvatska,249.48,10800.0,HR,Stadion Varteks,24.948
"11.558361, 104.912083",Olympic Stadium,,,1925,50000.0,,Olympic Stadium,192.5
"-18.9197, 47.5262",Mahamasina Municipal Stadium,,,643.72,22000.0,,Mahamasina Municipal Stadium,64.372
"5.811475, -55.207308",Dr. Ir. Franklin Essed Stadion,,,67.375,3500.0,,Dr. Ir. Franklin Essed Stadion,6.7375
"14.474082, 100.086596",Suphanburi Municipality Stadium,,,672.98,23000.0,,Suphanburi Municipality Stadium,67.298
"4.843056, 31.615833",Juba Stadium,,,438.9,15000.0,,Juba Stadium,43.89
"4.843056, 31.615833",Juba Stadium,,,438.9,15000.0,,Juba Stadium,43.89
"4.843056, 31.615833",Juba Stadium,,,438.9,15000.0,,Juba Stadium,43.89
"4.843056, 31.615833",Juba Stadium,,,438.9,15000.0,,Juba Stadium,43.89
"4.843056, 31.615833",Juba Stadium,,,438.9,15000.0,,Juba Stadium,43.89
"-4.27352778, 15.24841667",Stade Alphonse Massemba-Débat,,,966.66262,33037.0,,Stade Alphonse Massemba-Débat,96.666262
"34.925556, 33.599722",GSZ Stadium,Cyprus,Kýpros,301.0392,13032.0,CY,GSZ Stadium,30.10392
"4.374417, 18.564389",Barthélemy Boganda Stadium,,,1024.1,35000.0,,Barthélemy Boganda Stadium,102.41
"12.10005278, 15.05507222",Stade Omnisports Idriss Mahamat Ouya,,,585.2,20000.0,,Stade Omnisports Idriss Mahamat Ouya,58.52
"12.10005278, 15.05507222",Stade Omnisports Idriss Mahamat Ouya,,,585.2,20000.0,,Stade Omnisports Idriss Mahamat Ouya,58.52
"-4.635511111, 55.470461111",Stade Linité,,,231,10000.0,,Stade Linité,23.1
"41.507222, 20.963333",Gradski stadion Kičevo,MK,Severna Makedonija,115.5,5000.0,MK,Gradski stadion Kičevo,11.55
"53.55491389, -2.65066111","Springfield Park, Wigan",,,277.2,12000.0,,"Springfield Park, Wigan",27.72
"48.807229, 2.494671",Adolphe-Chéron Stadium,France,Ile-de-France,67.375,3500.0,FR,Adolphe-Chéron Stadium,6.7375
"14.042669444, -88.967897222",Estadio José Gregorio Martínez,,,438.9,15000.0,,Estadio José Gregorio Martínez,43.89
"9.32611111, 13.39916667",Roumdé Adjia Stadium,,,643.72,22000.0,,Roumdé Adjia Stadium,64.372
"25.730064, -80.323036",Tropical Park Stadium,,,231,10000.0,,Tropical Park Stadium,23.1
"2.04194444, 45.35666667",Banadir Stadium,,,438.9,15000.0,,Banadir Stadium,43.89
"-34.896869, -56.153317",Parque Luis Méndez Piana,,,77,4000.0,,Parque Luis Méndez Piana,7.7
"30.5927, 32.2925",Suez Canal Stadium,,,231,10000.0,,Suez Canal Stadium,23.1
"0.57261, 101.430684",Kaharudin Nasution Rumbai Stadium,,,731.5,25000.0,,Kaharudin Nasution Rumbai Stadium,73.15
"-18.14685, 49.38610833",Barikadimy Stadium,,,585.2,20000.0,,Barikadimy Stadium,58.52
"0.289444, 34.760278",Bukhungu Stadium,,,115.5,5000.0,,Bukhungu Stadium,11.55
"56.466, -2.934",Carolina Port,,,0,,,Carolina Port,0
"33.5383, -117.147",Chaparral High School,,,0,,,Chaparral High School,0
"5.207214, 96.724496",Cot Gapu Stadium,,,438.9,15000.0,,Cot Gapu Stadium,43.89
"23.7408, 90.3805",Ranjit Mallick Cricket Stadium,,,231,10000.0,,Ranjit Mallick Cricket Stadium,23.1
"-37.625, 145.024722",Epping Stadium,,,231,10000.0,,Epping Stadium,23.1
"15.922898, -85.936384",Estadio Jorge Leonidas García,,,0,,,Estadio Jorge Leonidas García,0
"19.282427, -70.244652",Estadio Julian Javier,,,277.2,12000.0,,Estadio Julian Javier,27.72
"15.571017, -87.954388",Estadio Rubén Deras,,,127.05,5500.0,,Estadio Rubén Deras,12.705
"-19.821751, 34.841616",Estádio do Ferroviário,,,0,,,Estádio do Ferroviário,0
"38.7478, -90.5094",Family Arena,,,222.7533,9643.0,,Family Arena,22.27533
"31.320278, 48.669167",Ghadir Stadium,,,1963.5,51000.0,,Ghadir Stadium,196.35
"41.003895, 39.706711",Yavuz Selim Stadium,TR,"Trabzon, Ordu, Giresun, Rize, Artvin, Gümüşhane",0,,TR,Yavuz Selim Stadium,0
"53.3403, -6.2197",Irishtown Stadium,Ireland,Eastern and Midland,0,,IE,Irishtown Stadium,0
"0.525779357, 35.279876716",Kipchoge Keino Stadium,,,231,10000.0,,Kipchoge Keino Stadium,23.1
"-1.292222, 36.842222",Nairobi City Stadium,,,438.9,15000.0,,Nairobi City Stadium,43.89
"36.159722, -95.988056",Oneok Field,,,180.9423,7833.0,,Oneok Field,18.09423
"9.042778, 7.488889",Old Parade Ground,,,0,,,Old Parade Ground,0
"51.910833, -2.080556",Prince of Wales Stadium,,,9.24,480.0,,Prince of Wales Stadium,0.924
"7.487357, 80.359527",St. Anne's College,,,0,,,St. Anne's College,0
"0.4161976, 9.4672676",Stade Augustin Monédan de Sibang,,,0,,,Stade Augustin Monédan de Sibang,0
"0.4161976, 9.4672676",Stade Augustin Monédan de Sibang,,,0,,,Stade Augustin Monédan de Sibang,0
"18.73333333, 7.38333333",Stade d'Arlit,,,161.7,7000.0,,Stade d'Arlit,16.17
"44.536944, 25.983056",Stadionul Mogoșoaia,Romania,Bucureşti-Ilfov,38.5,2000.0,RO,Stadionul Mogoșoaia,3.85
"24.169167, 120.633889",Taichung Football Field,,,115.5,5000.0,,Taichung Football Field,11.55
"23.321111, 120.313889",Tainan County Stadium,,,877.8,30000.0,,Tainan County Stadium,87.78
"23.321111, 120.313889",Tainan County Stadium,,,877.8,30000.0,,Tainan County Stadium,87.78
"58.3683, 12.3242",Vänersvallen,Sweden,Västsverige,9.625,500.0,SE,Vänersvallen,0.9625
"36.23795556, 138.4933639",Saku Athletic Stadium,,,219.45,9500.0,,Saku Athletic Stadium,21.945
"31.564831, 130.560186",Kagoshima Kamoike Stadium,,,583.79552,19952.0,,Kagoshima Kamoike Stadium,58.379552
"18.574745, 73.760984",Shree Shiv Chhatrapati Sports Complex,,,643.72,22000.0,,Shree Shiv Chhatrapati Sports Complex,64.372
"25.579995, 91.894326","Jawaharlal Nehru Stadium, Shillong",,,877.8,30000.0,,"Jawaharlal Nehru Stadium, Shillong",87.78
"24.822691, 93.95245",Khuman Lampak Main Stadium,,,877.8,30000.0,,Khuman Lampak Main Stadium,87.78
"-8.82794, 13.2547",Pavilhão Anexo,,,28.875,1500.0,,Pavilhão Anexo,2.8875
"2.932, 101.785",UKM Bangi Stadium,,,0,,,UKM Bangi Stadium,0
"45.64319444, 25.75019444",Stadionul Unirea,Romania,Centru,0,,RO,Stadionul Unirea,0
"37.91841667, 23.73647222",Trachones Field,Greece,Attica,0,,Greece,Trachones Field,0
"15.163395, 145.70893",Ada Gym,,,0,,,Ada Gym,0
"-7.623744, 15.057972",Estádio 4 de Janeiro,,,277.2,12000.0,,Estádio 4 de Janeiro,27.72
"47.16080556, 27.48497222",Stadionul Comunal,Romania,Nord-Est,0,,RO,Stadionul Comunal,0
"-7.2446339, -79.4637086",Q34560121,,,0,,,Q34560121,0
"32.79702778, 35.52113889",Tiberias Municipal Stadium,,,0,,,Tiberias Municipal Stadium,0
"38.2595903, -85.7332636",Lynn Family Stadium,,,447.79504,15304.0,,Lynn Family Stadium,44.779504
"37.56809, 22.80497",Nafplio Municipal Stadium,Greece,Peloponnese,57.75,3000.0,Greece,Nafplio Municipal Stadium,5.775
"40.291111, 44.352222",Kasakhi Marzik Stadium,,,69.3,3600.0,,Kasakhi Marzik Stadium,6.93
"45.432222, 11.858333",Stadio Euganeo,Italy,Veneto,948.6092,32420.0,IT,Stadio Euganeo,94.86092
"32.6898, 35.311325",Barel Stadium,,,120.12,5200.0,,Barel Stadium,12.012
"29.623865, 52.556062",Hafezieh Stadium,,,323.4,14000.0,,Hafezieh Stadium,32.34
"41.933888888, 12.454722222",Stadio Olimpico,,,2719.409,70634.0,,Stadio Olimpico,271.9409
"10.674114, -71.645011",Estadio José Pachencho Romero,,,1570.8,40800.0,,Estadio José Pachencho Romero,157.08
"6.309, -10.80411111",Antoinette Tubman Stadium,,,231,10000.0,,Antoinette Tubman Stadium,23.1
"5.30527778, -3.99244444",Stade Robert Champroux,,,57.75,3000.0,,Stade Robert Champroux,5.775
"46.5625, 15.640556",Ljudski vrt,Slovenia,Vzhodna Slovenija,300.1614,12994.0,SI,Ljudski vrt,30.01614
"41.445833333, -8.300972222",Estádio D. Afonso Henriques,Portugal,Norte,878.64854,30029.0,PT,Estádio D. Afonso Henriques,87.864854
"27.471417, 89.641056",Changlimithang Stadium,,,731.5,25000.0,,Changlimithang Stadium,73.15
"32.645561, -16.928331",Estádio do Marítimo,Portugal,Região Autónoma da Madeira,244.86,10600.0,PT,Estádio do Marítimo,24.486
"36.689167, -6.120278",Estadio Municipal de Chapín,Spain,Andalucía,600.50298,20523.0,ES,Estadio Municipal de Chapín,60.050298
"4.174083333, 73.513083333",Galolhu National Stadium,,,300.3,13000.0,,Galolhu National Stadium,30.03
"4.1684, 73.5368",Galolhu National Stadium,,,300.3,13000.0,,Galolhu National Stadium,30.03
"59.188354, 17.568882",Södertälje Fotbollsarena,Sweden,Stockholm,147.84,6400.0,SE,Södertälje Fotbollsarena,14.784
"-17.7339, 168.337",Korman Stadium,,,150.15,6500.0,,Korman Stadium,15.015
"56.47416667, 84.95666667",Trud Stadium,,,438.9,15000.0,,Trud Stadium,43.89
"42.00222222, 21.36",Ǵorče Petrov Stadium,MK,Severna Makedonija,0,,MK,Ǵorče Petrov Stadium,0
"40.276502, -76.878781",Pennsylvania Farm Show Complex & Expo Center,,,175.56,7600.0,,Pennsylvania Farm Show Complex & Expo Center,17.556
"32.866692, 35.31085",Doha Stadium,,,196.35,8500.0,,Doha Stadium,19.635
"-4.330417, 15.31",martyrs' stadium,,,4004,80000.0,,martyrs' stadium,400.4
"-4.330417, 15.31",martyrs' stadium,,,4004,80000.0,,martyrs' stadium,400.4
"18.06156, -63.09191",Stade Alberic Richards,France,Guadeloupe,50.05,2600.0,FR,Stade Alberic Richards,5.005
"40.149373, 44.476449",Mika Stadium,,,161.7,7000.0,,Mika Stadium,16.17
"39.207787, 46.400674",Gandzasar Stadium,,,67.375,3500.0,,Gandzasar Stadium,6.7375
"41.5388, -8.4209",Estádio 1º de Maio,Portugal,Norte,819.28,28000.0,PT,Estádio 1º de Maio,81.928
"-4.27352778, 15.24841667",Stade Alphonse Massemba-Débat,,,966.66262,33037.0,,Stade Alphonse Massemba-Débat,96.666262
"22.141391, -100.985159",Estadio Plan de San Luis Potosí,,,585.2,20000.0,,Estadio Plan de San Luis Potosí,58.52
"6.477778, 2.618611",Stade Charles de Gaulle,,,438.9,15000.0,,Stade Charles de Gaulle,43.89
"6.477778, 2.618611",Stade Charles de Gaulle,,,438.9,15000.0,,Stade Charles de Gaulle,43.89
"-9.468333, 147.198333",PNG Football Stadium,,,277.2,12000.0,,PNG Football Stadium,27.72
"-8.827389, 13.255889",Estádio da Cidadela,,,1540,40000.0,,Estádio da Cidadela,154
"-8.827389, 13.255889",Estádio da Cidadela,,,1540,40000.0,,Estádio da Cidadela,154
"37.638817, -1.735122",Estadio Francisco Artés Carrasco,Spain,Región de Murcia,187.572,8120.0,ES,Estadio Francisco Artés Carrasco,18.7572
"43.362349, 19.362245",Gradski stadion,ME,Crna Gora,231,10000.0,ME,Gradski stadion,23.1
"32.907897, 35.086067",Acre Municipal Stadium,,,115.5,5000.0,,Acre Municipal Stadium,11.55
"32.907897, 35.086067",Acre Municipal Stadium,,,115.5,5000.0,,Acre Municipal Stadium,11.55
"42.843342, 19.866285",Gradski stadion,ME,Crna Gora,254.1,11000.0,ME,Gradski stadion,25.41
"40.268409, 44.635241",Abovyan City Stadium,,,75.9605,3946.0,,Abovyan City Stadium,7.59605
"40.268409, 44.635241",Abovyan City Stadium,,,75.9605,3946.0,,Abovyan City Stadium,7.59605
"32.099916666, 36.112952777",Prince Mohammed Stadium,,,497.42,17000.0,,Prince Mohammed Stadium,49.742
"44.6026, 33.542",Sevastopol Sports Complex,,,135.4584,5864.0,,Sevastopol Sports Complex,13.54584
"55.8097, 37.7131",Spartakovets Stadium,,,115.5,5000.0,,Spartakovets Stadium,11.55
"30.0199, 31.3737",30 June Stadium,,,877.8,30000.0,,30 June Stadium,87.78
"-0.29538, 36.073705",Afraha Stadium,,,189.42,8200.0,,Afraha Stadium,18.942
"54.874085, 69.152074",Avangard Stadium,,,254.1,11000.0,,Avangard Stadium,25.41
"15.59849, 73.816147",Duler Stadium,,,231,10000.0,,Duler Stadium,23.1
"10.333, -68.756167",Estadio Florentino Oropeza,,,231,10000.0,,Estadio Florentino Oropeza,23.1
"-6.13333, 12.35",Estádio Imbomdeiro,,,57.75,3000.0,,Estádio Imbomdeiro,5.775
"54.9938, -3.26174",Galabank,,,48.3945,2514.0,,Galabank,4.83945
"6.80821, -58.14893",Georgetown Football Stadium,,,38.5,2000.0,,Georgetown Football Stadium,3.85
"32.130248, 34.858986",Grundman Stadium,,,82.775,4300.0,,Grundman Stadium,8.2775
"-2.25883, -79.8985",Estadio Alejandro Ponce Noboa,,,67.375,3500.0,,Estadio Alejandro Ponce Noboa,6.7375
"18.7694, -99.2364",Estadio Mariano Matamoros,,,468.16,16000.0,,Estadio Mariano Matamoros,46.816
"18.76954722, -99.23641944",Estadio Mariano Matamoros,,,468.16,16000.0,,Estadio Mariano Matamoros,46.816
"6.6018, 0.4664",Ho Sports Stadium,,,0,,,Ho Sports Stadium,0
"13.08555556, 80.27166667",Jawaharlal Nehru Stadium Chennai,,,1540,40000.0,,Jawaharlal Nehru Stadium Chennai,154
"43.6389, -79.4231",Lamport Stadium,,,221.76,9600.0,,Lamport Stadium,22.176
"29.4614, 60.8381",Zahedan Stadium,,,438.9,15000.0,,Zahedan Stadium,43.89
"35.1106, -80.6992",Sportsplex at Matthews,,,115.5,5000.0,,Sportsplex at Matthews,11.55
"55.3292, -3.4371",Moffat Academy,,,0,,,Moffat Academy,0
"2.116667, 45.4",Mogadishu Stadium,,,2310,60000.0,,Mogadishu Stadium,231
"0.31361111, 32.58111111",Muteesa II Stadium,,,184.8,8000.0,,Muteesa II Stadium,18.48
"-1.292222, 36.842222",Nairobi City Stadium,,,438.9,15000.0,,Nairobi City Stadium,43.89
"15.101036, 104.340581",Sri Nakhon Lamduan Stadium,,,231,10000.0,,Sri Nakhon Lamduan Stadium,23.1
"0.4161976, 9.4672676",Stade Augustin Monédan de Sibang,,,0,,,Stade Augustin Monédan de Sibang,0
"18.0824, -15.9716",Stade Cheikha Ould Boïdiya,,,115.5,5000.0,,Stade Cheikha Ould Boïdiya,11.55
"47.639274, 26.24626",Stadionul Areni,Romania,Nord-Est,161.7,7000.0,RO,Stadionul Areni,16.17
"32.824583, 35.06075",Thomas D'Alesandro Stadium,,,19.25,1000.0,,Thomas D'Alesandro Stadium,1.925
"34.891786, 32.969322",Pelendri Community Stadium,Cyprus,Kýpros,0,,CY,Pelendri Community Stadium,0
"-14.2718, -170.701",Pago Park Soccer Stadium,,,38.5,2000.0,,Pago Park Soccer Stadium,3.85
"41.1725, 44.9981",Noyemberyan City Stadium,,,0,,,Noyemberyan City Stadium,0
"-17.730833, 168.315833",Port Vila Municipal Stadium,,,231,10000.0,,Port Vila Municipal Stadium,23.1
"34.993482, 34.011626",Ayia Napa Municipal Stadium,Cyprus,Kýpros,0,,CY,Ayia Napa Municipal Stadium,0
"-28.0635, 153.426",Pizzey Park,,,0,,,Pizzey Park,0
"32.5406, 36.0194",Prince Hashim Stadium,,,0,,,Prince Hashim Stadium,0
"59.94027778, 10.83444444",Q19397676,Norway,Oslo og Viken,0,,NO,Q19397676,0
"-5.99609, 106.039656",Krakatau Steel Stadium,,,0,,,Krakatau Steel Stadium,0
"34.736166666, 33.160694444",Parekklisia Community Stadium,Cyprus,Kýpros,57.75,3000.0,CY,Parekklisia Community Stadium,5.775
"34.736166666, 33.160694444",Parekklisia Community Stadium,Cyprus,Kýpros,57.75,3000.0,CY,Parekklisia Community Stadium,5.775
"31.93925, 34.893166666",Lod Municipal Stadium,,,57.75,3000.0,,Lod Municipal Stadium,5.775
"13.793268888, 100.317701944",Mahidol University Salaya Campus Stadium,,,0,,,Mahidol University Salaya Campus Stadium,0
"13.867163, 100.577392",Boonyachinda Stadium,,,0,,,Boonyachinda Stadium,0
"34.013, -118.285",BMO Stadium,,,643.72,22000.0,,BMO Stadium,64.372
"40.35892, 50.29311",Zira Olympic Sport Complex Stadium,,,28.875,1500.0,,Zira Olympic Sport Complex Stadium,2.8875
"46.33105556, 21.68363889",Stadionul Șoimii,Romania,Vest,0,,RO,Stadionul Șoimii,0
"32.12583333, 34.96583333",Kfar Qassem Football Stadium,,,161.7,7000.0,,Kfar Qassem Football Stadium,16.17
"44.49916667, 26.14555556",Anghel Iordănescu Stadium,Romania,Bucureşti-Ilfov,0,,RO,Anghel Iordănescu Stadium,0
"-7.41861111, 111.4425",Ketonggo Stadium,,,0,,,Ketonggo Stadium,0
"11.58138889, 104.88361111",Western Stadium,,,19.25,1000.0,,Western Stadium,1.925
"12.526877, 99.969199",Hua Hin municipal Stadium,,,57.75,3000.0,,Hua Hin municipal Stadium,5.775
"42.6833, 17.15",Gradski Stadion,,,67.375,3500.0,,Gradski Stadion,6.7375
"34.992236, 33.470748",Apollon Lympion Stadium,Cyprus,Kýpros,0,,CY,Apollon Lympion Stadium,0
"-7.623744, 15.057972",Estádio 4 de Janeiro,,,277.2,12000.0,,Estádio 4 de Janeiro,27.72
"57.664694444, 11.908888888",Ruddalens IP,Sweden,Västsverige,0,,SE,Ruddalens IP,0
"-9.665019, 20.3929",Estádio das Mangueiras,,,0,,,Estádio das Mangueiras,0
"-8.579567, 13.665505",Estádio Municipal do Dande,,,0,,,Estádio Municipal do Dande,0
"30.069111, 31.312333",Cairo International Stadium,,,5030.025,100500.0,,Cairo International Stadium,503.0025
"5.837389, -55.160806",André Kamperveen Stadium,,,138.6,6000.0,,André Kamperveen Stadium,13.86
"6.44247222, 3.40219444",Onikan Stadium,,,231,10000.0,,Onikan Stadium,23.1
"18.535861111, -72.342583333",Stade Sylvio Cator,,,242.55,10500.0,,Stade Sylvio Cator,24.255
"43.138889, 23.7125",Lokomotiv Stadium,Bulgaria,Severozapaden,115.5,5000.0,BG,Lokomotiv Stadium,11.55
"53.804722, -3.048056",Bloomfield Road,,,507.30988,17338.0,,Bloomfield Road,50.730988
"-12.038, -77.045",Estadio Alberto Gallardo,,,300.3,13000.0,,Estadio Alberto Gallardo,30.03
"54.668611, 25.294444",LFF Stadium,Lithuania,Sostinės regionas,117.0477,5067.0,LT,LFF Stadium,11.70477
"40.625833, 20.782778",Skënderbeu Stadium,AL,Jug,285.8163,12373.0,AL,Skënderbeu Stadium,28.58163
"56.961372, 24.116408",Skonto Stadium,Latvia,Latvija,186.8097,8087.0,LV,Skonto Stadium,18.68097
"4.825, 7.02194",Yakubu Gowon Stadium,,,731.5,25000.0,,Yakubu Gowon Stadium,73.15
"-8.557944, 125.580611",National Stadium,,,300.3,13000.0,,National Stadium,30.03
"36.149356, -5.350342",Victoria Stadium,,,115.5,5000.0,,Victoria Stadium,11.55
"-14.333611, -170.722222",Veterans Memorial Stadium,,,231,10000.0,,Veterans Memorial Stadium,23.1
"42.5125, 27.470278",Lazur Stadium,Bulgaria,Yugoiztochen,527.76262,18037.0,BG,Lazur Stadium,52.776262
"25.629145, -103.379417",Corona Stadium,,,877.8,30000.0,,Corona Stadium,87.78
"41.639361111, 46.652805555",Zaqatala City Stadium,,,67.375,3500.0,,Zaqatala City Stadium,6.7375
"-9.44, 147.18361111",Sir John Guise Stadium,,,115.5,5000.0,,Sir John Guise Stadium,11.55
"22.560988, 113.876292",Bao'an Sports Center,,,1540,40000.0,,Bao'an Sports Center,154
"-41.266944, 173.283056",Trafalgar Park,,,526.68,18000.0,,Trafalgar Park,52.668
"25.258708, 51.520509",Grand Hamad Stadium,,,300.3,13000.0,,Grand Hamad Stadium,30.03
"43.18173, 3.02085",Parc des Sports et de l'Amitié,France,Languedoc-Roussillon,277.2,12000.0,FR,Parc des Sports et de l'Amitié,27.72
"25.305833333, 49.612777777",Prince Abdullah bin Jalawi Sports City,,,806.113,27550.0,,Prince Abdullah bin Jalawi Sports City,80.6113
"25.305833, 49.612778",Prince Abdullah bin Jalawi Sports City,,,806.113,27550.0,,Prince Abdullah bin Jalawi Sports City,80.6113
"26.166127, 43.654003",Al-Bukiryah Club Stadium,,,0,,,Al-Bukiryah Club Stadium,0
"36.764189, -2.800494",Estadio Municipal Santo Domingo,Spain,Andalucía,181.797,7870.0,ES,Estadio Municipal Santo Domingo,18.1797
"40.332217, 49.817664",Bayil Stadium,,,115.5,5000.0,,Bayil Stadium,11.55
"41.9346, -74.02758611",Dietz Stadium,,,28.875,1500.0,,Dietz Stadium,2.8875
"32.4098, -81.7796",Bo Pitts Field,,,0,,,Bo Pitts Field,0
"40.18, -76.191",Ephrata High School,,,0,,,Ephrata High School,0
"-13.657969, -73.379257",Estadio Los Chankas,,,231,10000.0,,Estadio Los Chankas,23.1
"35.116388, 33.953954",GSE Stadium,,,0,,,GSE Stadium,0
"34.681224, 33.053629",GSO Stadium,Cyprus,Kýpros,0,,CY,GSO Stadium,0
"34.681224, 33.053629",GSO Stadium,Cyprus,Kýpros,0,,CY,GSO Stadium,0
"35.168, 33.3558",GSP Stadium,Cyprus,Kýpros,277.2,12000.0,CY,GSP Stadium,27.72
"3.52638889, -76.30638889",Estadio Francisco Rivera Escobar,,,231,10000.0,,Estadio Francisco Rivera Escobar,23.1
"54.9898, -1.4158",Horsley Hill,,,0,,,Horsley Hill,0
"4.609433, 101.103439",Perak Stadium,,,0,,,Perak Stadium,0
"21.435972, 40.480371",King Fahd Sports City,,,497.42,17000.0,,King Fahd Sports City,49.742
"33.511111, 133.502778",Kochi Haruno Athletic Stadium,,,731.5,25000.0,,Kochi Haruno Athletic Stadium,73.15
"32.8, -117.223",Mission Bay High School,,,0,,,Mission Bay High School,0
"29.9944, -90.0879",Pan American Stadium,,,115.5,5000.0,,Pan American Stadium,11.55
"32.8853, -117.239",RIMAC Sports Complex,,,0,,,RIMAC Sports Complex,0
"43.024167, 25.111389",Rakovski Stadium,Bulgaria,Severen tsentralen,115.5,5000.0,BG,Rakovski Stadium,11.55
"41.115875, 20.091992",Ruzhdi Bizhuta Stadium,AL,Qender,284.13,12300.0,AL,Ruzhdi Bizhuta Stadium,28.413
"2.202741666, 102.245369444",Hang Tuah Stadium,,,0,,,Hang Tuah Stadium,0
"2.202741666, 102.245369444",Hang Tuah Stadium,,,0,,,Hang Tuah Stadium,0
"29.538908, -98.394617",Toyota Field,,,191.6376,8296.0,,Toyota Field,19.16376
"42.078888888, 20.420277777",Zeqir Ymeri Stadium,AL,Veri,115.5,5000.0,AL,Zeqir Ymeri Stadium,11.55
"24.822691, 93.95245",Khuman Lampak Main Stadium,,,877.8,30000.0,,Khuman Lampak Main Stadium,87.78
"51.1225, -2.7275",Millfield,,,0,,,Millfield,0
"34.825897, 32.405435",Kissonerga Municipal Stadium,Cyprus,Kýpros,0,,CY,Kissonerga Municipal Stadium,0
"36.0667, 4.76667",Stade 20 Août 1955,,,585.2,20000.0,,Stade 20 Août 1955,58.52
"35.023902, 33.936355",Sotira Municipal Stadium,Cyprus,Kýpros,0,,CY,Sotira Municipal Stadium,0
"-21.1901862, -175.2230169",Loto-Tonga Soka Centrek,,,19.25,1000.0,,Loto-Tonga Soka Centrek,1.925
"-21.1844, -175.225",Loto-Tonga Soka Centrek,,,19.25,1000.0,,Loto-Tonga Soka Centrek,1.925
"-6.73528, 147.007",Sir Ignatius Kilage Stadium,,,28.875,1500.0,,Sir Ignatius Kilage Stadium,2.8875
"-31.8367, 115.767",Percy Doyle Reserve,,,115.5,5000.0,,Percy Doyle Reserve,11.55
"14.350236, 100.59726",Ayutthaya Province Stadium,,,0,,,Ayutthaya Province Stadium,0
"14.350236, 100.59726",Ayutthaya Province Stadium,,,0,,,Ayutthaya Province Stadium,0
"31.93925, 34.893166666",Lod Municipal Stadium,,,57.75,3000.0,,Lod Municipal Stadium,5.775
"13.7547227, 100.616949",Ramkhamhaeng University Stadium,,,0,,,Ramkhamhaeng University Stadium,0
"39.587638888, 2.645083333",Camp de l'Antoniana,Spain,Illes Balears,5.775,300.0,ES,Camp de l'Antoniana,0.5775
"18.429694444, -72.771694444",Parc Ferrus,,,19.25,1000.0,,Parc Ferrus,1.925
"19.292888888, -72.079444444",Parc Saint-Joseph,,,19.25,1000.0,,Parc Saint-Joseph,1.925
"51.41058333, 30.05438889",Avanhard Stadium,,,0,,,Avanhard Stadium,0
"46.36694444, 25.80291667",Stadionul Municipal,Romania,Centru,0,,RO,Stadionul Municipal,0
"13.769349, 100.345516",Bangkok-Thonburi University Stadium,,,0,,,Bangkok-Thonburi University Stadium,0
"35.143889, 33.647674",Vatili Community Stadium,Cyprus,Kýpros,0,,CY,Vatili Community Stadium,0
"31.53722222, 35.09916667",Hussein Bin Ali Stadium,,,184.8,8000.0,,Hussein Bin Ali Stadium,18.48
"-5.037970425, -42.445382122",Estádio Municipal Felipe Raulino,,,0,,,Estádio Municipal Felipe Raulino,0
"28.309642, 46.142842",Al-Qaisumah Club Stadium,,,0,,,Al-Qaisumah Club Stadium,0
"35.193122, 33.389083",North Pole Stadium,Cyprus,Kýpros,0,,CY,North Pole Stadium,0
"31.448625395, 35.101919251",Yatta International Stadium,,,585.2,20000.0,,Yatta International Stadium,58.52
"43.56425383, 13.526144",Stadio del Conero,Italy,Marche,760.76,26000.0,IT,Stadio del Conero,76.076
"51.358056, 12.307778",Alfred-Kunze-Sportpark,Germany,Leipzig,585.2,20000.0,DE,Alfred-Kunze-Sportpark,58.52
"38.546667, -90.438611",World Wide Technology Soccer Park,,,143.22,6200.0,,World Wide Technology Soccer Park,14.322
"3.8855, 11.540528",Stade Ahmadou Ahidjo,,,2002,52000.0,,Stade Ahmadou Ahidjo,200.2
"39.940094, 32.845681",Ankara 19 Mayıs Stadium,TR,Ankara,562.34794,19219.0,TR,Ankara 19 Mayıs Stadium,56.234794
"18.21686667, -63.05099167",Ronald Webster Park,,,77,4000.0,,Ronald Webster Park,7.7
"18.21686667, -63.05099167",Ronald Webster Park,,,77,4000.0,,Ronald Webster Park,7.7
"18.21686667, -63.05099167",Ronald Webster Park,,,77,4000.0,,Ronald Webster Park,7.7
"39.0953, 121.7191",Dalian Jinzhou Stadium,,,907.06,31000.0,,Dalian Jinzhou Stadium,90.706
"55.9448, -4.03709",Broadwood Stadium,,,183.3216,7936.0,,Broadwood Stadium,18.33216
"8.62443, -70.207401",Estadio Agustín Tovar,,,877.8,30000.0,,Estadio Agustín Tovar,87.78
"15.118333, 105.816389",Champasak Stadium,,,254.1,11000.0,,Champasak Stadium,25.41
"45.752092, 126.701095",Harbin International Conference Exhibition and Sports Center,,,0,,,Harbin International Conference Exhibition and Sports Center,0
"31.75305, -106.467814",Estadio Olímpico Benito Juárez,,,652.498,22300.0,,Estadio Olímpico Benito Juárez,65.2498
"25.7525, -80.377778",Pitbull Stadium,,,585.2,20000.0,,Pitbull Stadium,58.52
"56.961372, 24.116408",Skonto Stadium,Latvia,Latvija,186.8097,8087.0,LV,Skonto Stadium,18.68097
"-8.557944, 125.580611",National Stadium,,,300.3,13000.0,,National Stadium,30.03
"43.142639, 24.724861",Lovech Stadium,Bulgaria,Severozapaden,187.11,8100.0,BG,Lovech Stadium,18.711
"4.05556, 9.71861",Stade de la Réunification,,,877.8,30000.0,,Stade de la Réunification,87.78
"-33.961944, 18.516667",Athlone Stadium,,,994.84,34000.0,,Athlone Stadium,99.484
"23.573055555, 58.399444444",Sultan Qaboos Sports Complex,,,994.84,34000.0,,Sultan Qaboos Sports Complex,99.484
"34.874722, 32.381111",Peyia Municipal Stadium,Cyprus,Kýpros,73.689,3828.0,CY,Peyia Municipal Stadium,7.3689
"14.067778, 100.598611",Thammasat Stadium,,,585.2,20000.0,,Thammasat Stadium,58.52
"-11.7046, 27.484",Stade Frederic Kibassa Maliba,,,1024.1,35000.0,,Stade Frederic Kibassa Maliba,102.41
"29.107694, -110.995764",Estadio Héroe de Nacozari,,,877.8,30000.0,,Estadio Héroe de Nacozari,87.78
"13.782645, 100.55655",Thai Army Sports Stadium,,,585.2,20000.0,,Thai Army Sports Stadium,58.52
"-8.827389, 13.255889",Estádio da Cidadela,,,1540,40000.0,,Estádio da Cidadela,154
"32.22496, 35.25122",Nablus Football Stadium,,,0,,,Nablus Football Stadium,0
"43.53361111, 26.5275",Huvepharma Arena,Bulgaria,Severen tsentralen,207.9,9000.0,BG,Huvepharma Arena,20.79
"25.305833333, 49.612777777",Prince Abdullah bin Jalawi Sports City,,,806.113,27550.0,,Prince Abdullah bin Jalawi Sports City,80.6113
"25.305833, 49.612778",Prince Abdullah bin Jalawi Sports City,,,806.113,27550.0,,Prince Abdullah bin Jalawi Sports City,80.6113
"35.52766, 35.785335",Al-Assad Stadium,,,1024.1,35000.0,,Al-Assad Stadium,102.41
"32.363317, 15.045969",Misurata Stadium,,,231,10000.0,,Misurata Stadium,23.1
"0.57261, 101.430684",Kaharudin Nasution Rumbai Stadium,,,731.5,25000.0,,Kaharudin Nasution Rumbai Stadium,73.15
"56.3375, 43.963333333",Nizhny Novgorod Stadium,,,1728.6115,44899.0,,Nizhny Novgorod Stadium,172.86115
"14.038739, 100.602272",Bangkok University Stadium,,,115.5,5000.0,,Bangkok University Stadium,11.55
"52.406111, -1.525833",Butts Park Arena,,,77,4000.0,,Butts Park Arena,7.7
"41.0977, -80.6468",Covelli Centre,,,136.29,5900.0,,Covelli Centre,13.629
"52.559117, -1.3404",De Montfort Park,,,83.33325,4329.0,,De Montfort Park,8.333325
"32.6406, -116.968",Eastlake High School,,,0,,,Eastlake High School,0
"53.7558, -0.346649",Endeavour High School,,,0,,,Endeavour High School,0
"19.228663, -70.512357",Estadio Olímpico,,,231,10000.0,,Estadio Olímpico,23.1
"22.2744, 114.182",Hong Kong Football Club Stadium,,,52.9375,2750.0,,Hong Kong Football Club Stadium,5.29375
"16.412716944, 102.82816",Khon Kaen Stadium,,,184.8,8000.0,,Khon Kaen Stadium,18.48
"30.339444, 48.292222",Takhti Stadium (Abadan),,,643.72,22000.0,,Takhti Stadium (Abadan),64.372
"40.724, -73.597222222",Mitchel Athletic Complex,,,0,,,Mitchel Athletic Complex,0
"37.7765, -122.454",Negoesco Stadium,,,57.75,3000.0,,Negoesco Stadium,5.775
"25.886929, 45.368021",Prince Salman Bin Abdulaziz Sport City Stadium,,,161.7,7000.0,,Prince Salman Bin Abdulaziz Sport City Stadium,16.17
"25.886929, 45.368021",Prince Salman Bin Abdulaziz Sport City Stadium,,,161.7,7000.0,,Prince Salman Bin Abdulaziz Sport City Stadium,16.17
"50.804181, 0.320767",Priory Lane,,,79.5795,4134.0,,Priory Lane,7.95795
"51.104339, -1.785758",Raymond McEnhill Stadium,,,77,4000.0,,Raymond McEnhill Stadium,7.7
"25.0542, -77.3603",Roscow A. L. Davies Soccer Field,,,13.475,700.0,,Roscow A. L. Davies Soccer Field,1.3475
"49.557211111, 5.856486111","Stade Municipal, Pétange",Luxembourg,Luxembourg,46.2,2400.0,LU,"Stade Municipal, Pétange",4.62
"45.889722, 22.901389",Stadionul Cetate,Romania,Vest,77,4000.0,RO,Stadionul Cetate,7.7
"46.264219444, 20.128947222",Szegedi VSE Stadion,Hungary,Dél-Alföld,115.5,5000.0,HU,Szegedi VSE Stadion,11.55
"54.7197, -5.80028",Taylors Avenue,,,115.5,5000.0,,Taylors Avenue,11.55
"28.60765, -81.1952",UCF Soccer and Track Complex,,,38.5,2000.0,,UCF Soccer and Track Complex,3.85
"30.5732, 103.894",Shuangliu Sports Centre,,,731.5,25000.0,,Shuangliu Sports Centre,73.15
"32.720903, 35.265769",Ilut Stadium,,,94.941,4932.0,,Ilut Stadium,9.4941
"32.720903, 35.265769",Ilut Stadium,,,94.941,4932.0,,Ilut Stadium,9.4941
"32.720903, 35.265769",Ilut Stadium,,,94.941,4932.0,,Ilut Stadium,9.4941
"38.856432, 115.481581",Baoding People's Stadium,,,0,,,Baoding People's Stadium,0
"51.45111111, -0.02166667",Ladywell Arena,,,0,,,Ladywell Arena,0
"9.91417, -84.0431",Q16564649,,,38.5,2000.0,,Q16564649,3.85
"-33.77644, 150.7682",Cook Park,,,0,,,Cook Park,0
"39.6705, -84.2307",Dayton Outpatient Center Stadium,,,67.375,3500.0,,Dayton Outpatient Center Stadium,6.7375
"2.932, 101.785",UKM Bangi Stadium,,,0,,,UKM Bangi Stadium,0
"47.02972222, 22.0685",Stadionul Comunal,Romania,Nord-Vest,0,,RO,Stadionul Comunal,0
"-5.99609, 106.039656",Krakatau Steel Stadium,,,0,,,Krakatau Steel Stadium,0
"34.960491, 33.633736",Ayia Pasaskevi Livadion Municipal Stadium,Cyprus,Kýpros,0,,CY,Ayia Pasaskevi Livadion Municipal Stadium,0
"18.9071, -98.9703",Estadio Olímpico de Oaxtepec,,,0,,,Estadio Olímpico de Oaxtepec,0
"42.709722222, -9.007222222",Q20543636,Spain,Galicia,0,,ES,Q20543636,0
"26.2826, -98.1352",Robert and Janet Vackar Stadium,,,0,,,Robert and Janet Vackar Stadium,0
"44.9528, -93.1651",Allianz Field,,,567.644,19400.0,,Allianz Field,56.7644
"19.792, -70.681",Estadio Leonel Plácido,,,0,,,Estadio Leonel Plácido,0
"34.917327, 33.404229",Kornos Community Stadium,Cyprus,Kýpros,0,,CY,Kornos Community Stadium,0
"34.582642, 32.982588",Akrotiri Community Stadium,,,0,,,Akrotiri Community Stadium,0
"45.86291667, 25.77613889",Stadionul Municipal,Romania,Centru,91.8995,4774.0,RO,Stadionul Municipal,9.18995
"48.341, 33.2652",Inhulets Stadium,,,0,,,Inhulets Stadium,0
"42.09825, -8.55472",Q25511455,Spain,Galicia,0,,ES,Q25511455,0
"49.985833333, 30.008333333",Kolos Stadium,,,0,,,Kolos Stadium,0
"39.98, 32.6139",Eryaman Stadium,TR,Ankara,0,,TR,Eryaman Stadium,0
"-7.623744, 15.057972",Estádio 4 de Janeiro,,,277.2,12000.0,,Estádio 4 de Janeiro,27.72
"-7.623744, 15.057972",Estádio 4 de Janeiro,,,277.2,12000.0,,Estádio 4 de Janeiro,27.72
"45.014166666, 38.955",Trud Stadium (Krasnodar),,,0,,,Trud Stadium (Krasnodar),0
"-33.920041466, 18.886595882",Idas Valley Stadium,,,0,,,Idas Valley Stadium,0
"40.946684789, -5.665987632",Q100977301,Spain,Castilla y León,94.22875,4895.0,ES,Q100977301,9.422875
"-37.9599, 145.2377",Frank Holohan Soccer Complex,,,0,,,Frank Holohan Soccer Complex,0
"42.11828, -8.85281",Q115919994,Spain,Galicia,0,,ES,Q115919994,0
"42.70622, -8.67176",Q115922917,Spain,Galicia,0,,ES,Q115922917,0
"42.11357, -8.76569",Q115956117,Spain,Galicia,27.9125,1450.0,ES,Q115956117,2.79125
"42.13099, -8.63877",Q115974740,Spain,Galicia,0,,ES,Q115974740,0
"43.20058, -8.6483",Q116986843,Spain,Galicia,0,,ES,Q116986843,0
"43.131202586, -8.143569912",Q125020285,Spain,Galicia,0,,ES,Q125020285,0
"42.767859747, -7.412176978",Q128899958,Spain,Galicia,0,,ES,Q128899958,0
"43.24683925, -8.270969294",Q130474743,Spain,Galicia,0,,ES,Q130474743,0
"43.13295426, -7.351606583",Q136288711,Spain,Galicia,0,,ES,Q136288711,0
"43.138010265, -7.347165472",Q136289106,Spain,Galicia,0,,ES,Q136289106,0
"18.426388888, -64.620833333",A.O. Shirley Recreation Ground,,,57.75,3000.0,,A.O. Shirley Recreation Ground,5.775
"42.0927, -71.267441666",Foxboro Stadium,,,2321.242,60292.0,,Foxboro Stadium,232.1242
"18.970556, -99.246667",Centenario Stadium,,,445.83462,15237.0,,Centenario Stadium,44.583462
"5.837389, -55.160806",André Kamperveen Stadium,,,138.6,6000.0,,André Kamperveen Stadium,13.86
"17.12235556, -61.83903056",Antigua Recreation Ground,,,207.9,9000.0,,Antigua Recreation Ground,20.79
"34.810278, 135.5425",Osaka Expo '70 Stadium,,,614.46,21000.0,,Osaka Expo '70 Stadium,61.446
"51.919444, 4.433333",Sparta Stadion Het Kasteel,Netherlands,Zuid-Holland,254.7006,11026.0,NL,Sparta Stadion Het Kasteel,25.47006
"50.851944444, -0.158888888",Withdean Stadium,,,25.9875,1350.0,,Withdean Stadium,2.59875
"-5.073611, 39.100556",Mkwakwani Stadium,,,231,10000.0,,Mkwakwani Stadium,23.1
"50.058056, 19.919722",Marshal Józef Piłsudski Stadium,Poland,Małopolskie,439.36816,15016.0,PL,Marshal Józef Piłsudski Stadium,43.936816
"10.42472222, -61.41722222",Ato Boldon Stadium,,,231,10000.0,,Ato Boldon Stadium,23.1
"58.361156, 25.607033",Viljandi linnastaadion,Estonia,Eesti,19.3655,1006.0,EE,Viljandi linnastaadion,1.93655
"43.138889, 23.7125",Lokomotiv Stadium,Bulgaria,Severozapaden,115.5,5000.0,BG,Lokomotiv Stadium,11.55
"28.582873, 77.23438",Jawaharlal Nehru Stadium,,,2319.779,60254.0,,Jawaharlal Nehru Stadium,231.9779
"16.78386389, -62.18632222",Blakes Estate Stadium,,,19.25,1000.0,,Blakes Estate Stadium,1.925
"7.889, 98.3716",Surakul Stadium,,,438.9,15000.0,,Surakul Stadium,43.89
"45.475463, 9.178544",Arena Civica,Italy,Lombardia,231,10000.0,IT,Arena Civica,23.1
"46.779678, 23.577247",Stadionul Dr. Constantin Rădulescu,Romania,Nord-Vest,687.61,23500.0,RO,Stadionul Dr. Constantin Rădulescu,68.761
"19.718742, -101.233622",Morelos Stadium,,,1049.52694,35869.0,,Morelos Stadium,104.952694
"45.783056, 24.143611",Municipal stadium in Sibiu,Romania,Centru,328.02,14200.0,RO,Municipal stadium in Sibiu,32.802
"20.705, -103.328139",Jalisco Stadium,,,2433.2,63200.0,,Jalisco Stadium,243.32
"-6.768333, -79.860833",Estadio Elías Aguirre,,,716.87,24500.0,,Estadio Elías Aguirre,71.687
"21.880653, -102.275483",Victoria Stadium,,,1024.1,35000.0,,Victoria Stadium,102.41
"47.130833, 24.502778",Stadionul Gloria,Romania,Nord-Vest,180.18,7800.0,RO,Stadionul Gloria,18.018
"18.02872222, -63.06669444",Raoul Illidge Sports Complex,,,57.75,3000.0,,Raoul Illidge Sports Complex,5.775
"18.02875, -63.06666667",Raoul Illidge Sports Complex,,,57.75,3000.0,,Raoul Illidge Sports Complex,5.775
"42.737639, 23.314806",Lokomotiv Stadium,Bulgaria,Yugozapaden,643.72,22000.0,BG,Lokomotiv Stadium,64.372
"47.9, 106.916111",MFF Football Centre,,,67.375,3500.0,,MFF Football Centre,6.7375
"17.29861111, -62.72194444",Warner Park Sporting Complex,,,231,10000.0,,Warner Park Sporting Complex,23.1
"-26.187781, 28.028431",Bidvest Stadium,,,115.5,5000.0,,Bidvest Stadium,11.55
"41.4462, 22.637708",Stadion Mladost,MK,Severna Makedonija,150.15,6500.0,MK,Stadion Mladost,15.015
"46.9714, 31.9604",Mykolaiv Central City Stadium,,,457.6264,15640.0,,Mykolaiv Central City Stadium,45.76264
"11.558361, 104.912083",Olympic Stadium,,,1925,50000.0,,Olympic Stadium,192.5
"46.468389, 30.748444",Spartak Stadium,,,92.4,4800.0,,Spartak Stadium,9.24
"5.811475, -55.207308",Dr. Ir. Franklin Essed Stadion,,,67.375,3500.0,,Dr. Ir. Franklin Essed Stadion,6.7375
"12.924339, 100.937163",Nongprue Stadium,,,115.5,5000.0,,Nongprue Stadium,11.55
"41.5388, -8.4209",Estádio 1º de Maio,Portugal,Norte,819.28,28000.0,PT,Estádio 1º de Maio,81.928
"55.739167, 24.359444",Aukštaitija Stadium,Lithuania,Vidurio ir vakarų Lietuvos regionas,77,4000.0,LT,Aukštaitija Stadium,7.7
"22.766778, -102.549278",Estadio Olímpico Carlos Vega Villalba,,,526.68,18000.0,,Estadio Olímpico Carlos Vega Villalba,52.668
"32.506067, -116.993092",Caliente Stadium,,,799.76358,27333.0,,Caliente Stadium,79.976358
"39.5425, -0.45555556",Ciudad Deportiva de Paterna,Spain,Comunitat Valenciana,57.75,3000.0,ES,Ciudad Deportiva de Paterna,5.775
"52.075833, 5.146111",Sportcomplex Zoudenbalch,Netherlands,Utrecht,8.6625,450.0,NL,Sportcomplex Zoudenbalch,0.86625
"6.123838888, 102.243561111",Sultan Mohammad IV Stadium,,,877.8,30000.0,,Sultan Mohammad IV Stadium,87.78
"52.8759, -3.02631",Park Hall,,,39.578,2056.0,,Park Hall,3.9578
"12.05905556, -61.75211111",National Cricket Stadium,,,585.2,20000.0,,National Cricket Stadium,58.52
"33.1622, -117.355",Army and Navy Academy,,,0,,,Army and Navy Academy,0
"40.332217, 49.817664",Bayil Stadium,,,115.5,5000.0,,Bayil Stadium,11.55
"43.6956, -79.2608",Birchmount Stadium,,,38.5,2000.0,,Birchmount Stadium,3.85
"38.0524, -78.4762",Charlottesville High School,,,0,,,Charlottesville High School,0
"48.92947, 21.90511",Chemlon Stadion,Slovakia,Východné Slovensko,34.7655,1806.0,SK,Chemlon Stadion,3.47655
"-12.396389, 130.880833",Darwin Football Stadium,,,138.6,6000.0,,Darwin Football Stadium,13.86
"35.850556, 50.958333",Enghelab Stadium,,,438.9,15000.0,,Enghelab Stadium,43.89
"39.886, 4.261",Estadi Maonès,,,25.025,1300.0,,Estadi Maonès,2.5025
"18.434237, -68.988858",Estadio Francisco Micheli,,,181.0578,7838.0,,Estadio Francisco Micheli,18.10578
"14.83454, 120.97882",Fortunato F. Halili National Agricultural School,,,0,,,Fortunato F. Halili National Agricultural School,0
"34.681224, 33.053629",GSO Stadium,Cyprus,Kýpros,0,,CY,GSO Stadium,0
"34.74376, 32.4407",Geroskipou Municipal Stadium,,,38.5,2000.0,,Geroskipou Municipal Stadium,3.85
"32.533180555, 35.155788888",HaShalom Stadium,,,133.98,5800.0,,HaShalom Stadium,13.398
"28.041053, -81.963619",RP Funding Center,,,188.9118,8178.0,,RP Funding Center,18.89118
"27.334131, 88.611981",Paljor Stadium,,,877.8,30000.0,,Paljor Stadium,87.78
"1.590535007, 110.358130458",Sarawak State Stadium,,,0,,,Sarawak State Stadium,0
"-0.493091, 117.149352",Segiri Samarinda Stadium,,,731.5,25000.0,,Segiri Samarinda Stadium,73.15
"41.791345629, 20.901447483",Gradski stadion Gostivar,MK,Severna Makedonija,19.25,1000.0,MK,Gradski stadion Gostivar,1.925
"24.822691, 93.95245",Khuman Lampak Main Stadium,,,877.8,30000.0,,Khuman Lampak Main Stadium,87.78
"36.172777777, -86.784722222",First Horizon Park,,,231,10000.0,,First Horizon Park,23.1
"14.9272, 102.05",80th Birthday Stadium,,,589.32566,20141.0,,80th Birthday Stadium,58.932566
"25.4464, -108.074",Estadio Alfredo Díaz Angulo,,,115.5,5000.0,,Estadio Alfredo Díaz Angulo,11.55
"-14.781595, -71.41425",Q16564684,,,277.2,12000.0,,Q16564684,27.72
"-3.661651008, 33.41553288",Kambarage Stadium,,,0,,,Kambarage Stadium,0
"-17.730833, 168.315833",Port Vila Municipal Stadium,,,231,10000.0,,Port Vila Municipal Stadium,23.1
"-6.495, 106.8335",Pakansari Stadium,,,877.8,30000.0,,Pakansari Stadium,87.78
"19.32555556, -98.23027778",Estadio Tlahuicole,,,218.5722,9462.0,,Estadio Tlahuicole,21.85722
"59.139053, 9.660244",Urædd Stadion,Norway,Agder og Sør-Østlandet,0,,NO,Urædd Stadion,0
"-6.238358, 106.991897",Patriot Chandrabhaga Stadium,,,0,,,Patriot Chandrabhaga Stadium,0
"34.983509, 33.77891",Ormideia Community Stadium,Cyprus,Kýpros,0,,CY,Ormideia Community Stadium,0
"21.526388888, -104.900555555",Estadio Olímpico Santa Teresita,,,0,,,Estadio Olímpico Santa Teresita,0
"34.775323, 32.424619",GSK Stadium,,,0,,,GSK Stadium,0
"34.917327, 33.404229",Kornos Community Stadium,Cyprus,Kýpros,0,,CY,Kornos Community Stadium,0
"5.62111111, -54.40194444",Moengo Stadion,,,0,,,Moengo Stadion,0
"14.000623, 100.67921",Lanexang Stadium,,,,,,Lanexang Stadium,30.03
"5.77472222, -55.1725",Eddy Blackman Stadion,,,0,,,Eddy Blackman Stadion,0
"5.83028333, -55.15273056",N.G.V.B. StadionMgr. Aloysius Zichem Sportcentrum,,,0,,,N.G.V.B. StadionMgr. Aloysius Zichem Sportcentrum,0
"5.72377778, -55.20027778",Nacionello Stadion,,,0,,,Nacionello Stadion,0
"20.815638888, -102.767888888","Estadio Gregorio ""Tepa"" Gómez",,,0,,,"Estadio Gregorio ""Tepa"" Gómez",0
"43.76013333, 24.87744167",Stadionul Municipal,Romania,Sud-Muntenia,0,,RO,Stadionul Municipal,0
"43.359674, -79.767201",Nelson Stadium,,,0,,,Nelson Stadium,0
"35.156765, 33.405567",Aglandjia Municipal Stadium,Cyprus,Kýpros,0,,CY,Aglandjia Municipal Stadium,0
"5.1513, -54.34031",Stade de Moutendé,,,0,,,Stade de Moutendé,0
"35.020556, 33.828056",Avgorou Community Stadium,Cyprus,Kýpros,0,,CY,Avgorou Community Stadium,0
"35.169361111, 33.335861111",Ayios Dhometios Municipal Stadium,Cyprus,Kýpros,0,,CY,Ayios Dhometios Municipal Stadium,0
"34.852781, 33.017963",Kalo Chorio (Limassol) Community Stadium,Cyprus,Kýpros,0,,CY,Kalo Chorio (Limassol) Community Stadium,0
"29.081388888, -110.964444444",Estadio Miguel Castro Servín,,,0,,,Estadio Miguel Castro Servín,0
"12.224604, -61.645984",Fond Playing Field,,,0,,,Fond Playing Field,0
"47.8553, 106.7893",G-Mobile Arena,,,0,,,G-Mobile Arena,0
"43.260916666, -2.919916666",Q105075682,Spain,País Vasco,77,4000.0,ES,Q105075682,7.7
"43.21115, -5.731415",José Manuel Fernández Felgueroso Stadium,Spain,Principado de Asturias,0,,ES,José Manuel Fernández Felgueroso Stadium,0
"50.87467, 8.06946",Herkules Arena,Germany,Arnsberg,77,4000.0,DE,Herkules Arena,7.7
"50.648538707, 29.93965197",SFK Boreks,,,0,,,SFK Boreks,0
"51.649928, -0.401606",Vicarage Road,,,643.72,22000.0,,Vicarage Road,64.372
"14.916111, -23.512222",Estádio da Várzea,,,184.8,8000.0,,Estádio da Várzea,18.48
"18.21686667, -63.05099167",Ronald Webster Park,,,77,4000.0,,Ronald Webster Park,7.7
"53.238333, 50.271667",Metallurg Stadium,,,1033.7558,35330.0,,Metallurg Stadium,103.37558
"20.577777777, -100.366388888",Corregidora Stadium,,,1040.9245,35575.0,,Corregidora Stadium,104.09245
"31.775833, 35.2",Hebrew University Stadium,,,231,10000.0,,Hebrew University Stadium,23.1
"52.060719, -2.717711",Edgar Street,,,137.8146,5966.0,,Edgar Street,13.78146
"15.301944, -61.384167",Windsor Park,,,277.2,12000.0,,Windsor Park,27.72
"21.773, -72.212",TCIFA National Academy,,,57.75,3000.0,,TCIFA National Academy,5.775
"51.765, 19.511667",Stadion Widzewa,Poland,Łódzkie,527.20668,18018.0,PL,Stadion Widzewa,52.720668
"36.149356, -5.350342",Victoria Stadium,,,115.5,5000.0,,Victoria Stadium,11.55
"36.149356, -5.350342",Victoria Stadium,,,115.5,5000.0,,Victoria Stadium,11.55
"36.149356, -5.350342",Victoria Stadium,,,115.5,5000.0,,Victoria Stadium,11.55
"36.149356, -5.350342",Victoria Stadium,,,115.5,5000.0,,Victoria Stadium,11.55
"36.149356, -5.350342",Victoria Stadium,,,115.5,5000.0,,Victoria Stadium,11.55
"36.149356, -5.350342",Victoria Stadium,,,115.5,5000.0,,Victoria Stadium,11.55
"36.149356, -5.350342",Victoria Stadium,,,115.5,5000.0,,Victoria Stadium,11.55
"36.149356, -5.350342",Victoria Stadium,,,115.5,5000.0,,Victoria Stadium,11.55
"36.149356, -5.350342",Victoria Stadium,,,115.5,5000.0,,Victoria Stadium,11.55
"36.149356, -5.350342",Victoria Stadium,,,115.5,5000.0,,Victoria Stadium,11.55
"54.897222, 23.936944",Darius and Girėnas Stadium,Lithuania,Vidurio ir vakarų Lietuvos regionas,448.1169,15315.0,LT,Darius and Girėnas Stadium,44.81169
"22.154523, 113.553266",Estádio Campo Desportivo,,,468.16,16000.0,,Estádio Campo Desportivo,46.816
"18.06156, -63.09191",Stade Alberic Richards,France,Guadeloupe,50.05,2600.0,FR,Stade Alberic Richards,5.005
"-33.770556, 150.855278",Blacktown Baseball Stadium,,,57.75,3000.0,,Blacktown Baseball Stadium,5.775
"41.32583333, 19.44944444",Niko Dovana Stadium,,,278.124,12040.0,,Niko Dovana Stadium,27.8124
"41.326081, 19.449856",Niko Dovana Stadium,,,278.124,12040.0,,Niko Dovana Stadium,27.8124
"35.2061, 32.9947",Zafer Stadium,Cyprus,Kýpros,161.7,7000.0,CY,Zafer Stadium,16.17
"25.730064, -80.323036",Tropical Park Stadium,,,231,10000.0,,Tropical Park Stadium,23.1
"-19.5225, -42.626389",Louis Ensch Stadium,,,36.575,1900.0,,Louis Ensch Stadium,3.6575
"-21.76230833, -41.31650278",Arizão,,,0,,,Arizão,0
"37.5826, -122.347",Burlingame High School,,,0,,,Burlingame High School,0
"5.983333333, -0.083333333",Dawu Sports Stadium,,,0,,,Dawu Sports Stadium,0
"-37.625, 145.024722",Epping Stadium,,,231,10000.0,,Epping Stadium,23.1
"39.869, -4.018088888",Estadio Salto del Caballo,Spain,Castilla-La Mancha,122.43,5300.0,ES,Estadio Salto del Caballo,12.243
"-9.52658333, -77.53361111",Estadio Rosas Pampa,,,526.68,18000.0,,Estadio Rosas Pampa,52.668
"-2.443853, -54.714661",Estádio Jader Barbalho,,,571.27224,19524.0,,Estádio Jader Barbalho,57.127224
"-5.555, 12.18555556",Estádio do Tafe,,,0,,,Estádio do Tafe,0
"35.116388, 33.953954",GSE Stadium,,,0,,,GSE Stadium,0
"32.078819, 34.8107",HaMakhtesh Stadium,,,127.05,5500.0,,HaMakhtesh Stadium,12.705
"-28.4466, -65.7538",Estadio Bicentenario Ciudad de Catamarca,,,541.31,18500.0,,Estadio Bicentenario Ciudad de Catamarca,54.131
"-37.665278, 144.916111",John Ilhan Memorial Reserve,,,115.5,5000.0,,John Ilhan Memorial Reserve,11.55
"-37.665278, 144.916111",John Ilhan Memorial Reserve,,,115.5,5000.0,,John Ilhan Memorial Reserve,11.55
"14.000623, 100.67921",BG Stadium,,,300.3,13000.0,,BG Stadium,30.03
"13.411302, 100.993618",Institute of Physical Education Chonburi Campus Stadium,,,277.2,12000.0,,Institute of Physical Education Chonburi Campus Stadium,27.72
"1.461966666, 103.898102777",Pasir Gudang Stadium,,,438.9,15000.0,,Pasir Gudang Stadium,43.89
"23.714281, 92.735391",Rajiv Gandhi Stadium Mualpui,,,585.2,20000.0,,Rajiv Gandhi Stadium Mualpui,58.52
"25.0542, -77.3603",Roscow A. L. Davies Soccer Field,,,13.475,700.0,,Roscow A. L. Davies Soccer Field,1.3475
"45.7614, 22.9131",Stadionul Michael Klein,Romania,Vest,0,,RO,Stadionul Michael Klein,0
"58.983056, -2.971667",The Pickaquoy Centre,,,30.8,1600.0,,The Pickaquoy Centre,3.08
"-22.251389, -45.921667",Estádio Municipal Irmão Gino Maria Rossi,,,731.5,25000.0,,Estádio Municipal Irmão Gino Maria Rossi,73.15
"-7.758056, -37.631667",Q10277473,,,0,,,Q10277473,0
"18.574745, 73.760984",Shree Shiv Chhatrapati Sports Complex,,,643.72,22000.0,,Shree Shiv Chhatrapati Sports Complex,64.372
"-41.320278, 174.7825",Newtown Park,,,115.5,5000.0,,Newtown Park,11.55
"59.457636, 24.817793",Maarjamäe Soccer Stadium,Estonia,Eesti,0,,EE,Maarjamäe Soccer Stadium,0
"-5.6496, -35.45917",Barrettão,,,0,,,Barrettão,0
"59.973292, 23.442829",Q18662238,Finland,Helsinki-Uusimaa,23.1,1200.0,FI,Q18662238,2.31
"34.983509, 33.77891",Ormideia Community Stadium,Cyprus,Kýpros,0,,CY,Ormideia Community Stadium,0
"35.032426, 33.916338",Frenaros Community Stadium,Cyprus,Kýpros,0,,CY,Frenaros Community Stadium,0
"31.93925, 34.893166666",Lod Municipal Stadium,,,57.75,3000.0,,Lod Municipal Stadium,5.775
"36.116667, 6.0",Lahoua Smaïl Stadium,,,207.9,9000.0,,Lahoua Smaïl Stadium,20.79
"36.536527777, 52.676083333",Hafte Tir Stadium (Babol),,,0,,,Hafte Tir Stadium (Babol),0
"34.676552, 33.03405",AEK Katholiki Ground,Cyprus,Kýpros,0,,CY,AEK Katholiki Ground,0
"34.676552, 33.03405",AEK Katholiki Ground,Cyprus,Kýpros,0,,CY,AEK Katholiki Ground,0
"45.8279, 4.9875",Stade du Forum,France,Rhône-Alpes,9.625,500.0,FR,Stade du Forum,0.9625
"35.10828, 33.193331",Doxa Paliometochou Stadium,Cyprus,Kýpros,0,,CY,Doxa Paliometochou Stadium,0
"35.052893, 33.234353",Ergates Community Stadium,Cyprus,Kýpros,0,,CY,Ergates Community Stadium,0
"40.66158, 22.91308",Sports Park Evosmos,Greece,Central Macedonia,0,,Greece,Sports Park Evosmos,0
"47.84186111, 25.90361111",Stadionul Municipal,Romania,Nord-Est,0,,RO,Stadionul Municipal,0
"35.08366752, 33.28889357",Leventio Stadium,Cyprus,Kýpros,0,,CY,Leventio Stadium,0
"42.51658, -8.76005",Q115903446,Spain,Galicia,0,,ES,Q115903446,0
"40.582880949, 22.947208355",Kalamaria Municipal Indoor Sports Hall,,,11.55,600.0,,Kalamaria Municipal Indoor Sports Hall,1.155
"49.980858, 36.261703",Metalist Stadium,,,1540.1155,40003.0,,Metalist Stadium,154.01155
"29.623865, 52.556062",Hafezieh Stadium,,,323.4,14000.0,,Hafezieh Stadium,32.34
"9.013306, 38.756417",Addis Ababa Stadium,,,1024.1,35000.0,,Addis Ababa Stadium,102.41
"40.634133, 15.804317",Stadio Alfredo Viviani,Italy,Basilicata,138.6,6000.0,IT,Stadio Alfredo Viviani,13.86
"39.0953, 121.7191",Dalian Jinzhou Stadium,,,907.06,31000.0,,Dalian Jinzhou Stadium,90.706
"6.49944, 3.36083",Teslim Balogun Stadium,,,711.7495,24325.0,,Teslim Balogun Stadium,71.17495
"18.535861111, -72.342583333",Stade Sylvio Cator,,,242.55,10500.0,,Stade Sylvio Cator,24.255
"22.267434, 114.249063",Siu Sai Wan Sports Ground,,,277.2,12000.0,,Siu Sai Wan Sports Ground,27.72
"42.476389, 1.487667",Estadi Comunal d'Aixovall,,,19.25,1000.0,,Estadi Comunal d'Aixovall,1.925
"48.0976, 16.3109",Datenpol Arena,Austria,Niederösterreich,277.2,12000.0,AT,Datenpol Arena,27.72
"54.990633, -7.336",Brandywell Stadium,,,145.53,6300.0,,Brandywell Stadium,14.553
"-23.526833, -46.568469",Estádio Parque São Jorge,,,322.6839,13969.0,,Estádio Parque São Jorge,32.26839
"15.118333, 105.816389",Champasak Stadium,,,254.1,11000.0,,Champasak Stadium,25.41
"41.6484, -72.7727",Veterans Stadium,,,196.35,8500.0,,Veterans Stadium,19.635
"42.749167, 13.954722",Stadio Rubens Fadini,Italy,Abruzzo,83.67975,4347.0,IT,Stadio Rubens Fadini,8.367975
"8.556389, -71.216667",Estadio Metropolitano de Mérida,,,1624.7,42200.0,,Estadio Metropolitano de Mérida,162.47
"8.576805555, -71.165805555",Estadio Guillermo Soto Rosa,,,323.4,14000.0,,Estadio Guillermo Soto Rosa,32.34
"10.405534, -75.498237",Estadio Jaime Morón León,,,470.14968,16068.0,,Estadio Jaime Morón León,47.014968
"10.491278, -66.885492",Estadio Olímpico,,,728.574,24900.0,,Estadio Olímpico,72.8574
"7.787166666, -72.197944444",Estadio Polideportivo de Pueblo Nuevo,,,1636.25,42500.0,,Estadio Polideportivo de Pueblo Nuevo,163.625
"18.42, -70.11","Estadio Panamericano, San Cristóbal",,,53.9,2800.0,,"Estadio Panamericano, San Cristóbal",5.39
"18.42, -70.11","Estadio Panamericano, San Cristóbal",,,53.13,3000.0,,"Estadio Panamericano, San Cristóbal",5.313
"58.374672, 24.503461",Pärnu Rannastaadion,Estonia,Eesti,28.89425,1501.0,EE,Pärnu Rannastaadion,2.889425
"4.174083333, 73.513083333",Galolhu National Stadium,,,300.3,13000.0,,Galolhu National Stadium,30.03
"4.1684, 73.5368",Galolhu National Stadium,,,300.3,13000.0,,Galolhu National Stadium,30.03
"-17.7339, 168.337",Korman Stadium,,,150.15,6500.0,,Korman Stadium,15.015
"-17.7339, 168.337",Korman Stadium,,,150.15,6500.0,,Korman Stadium,15.015
"7.39638889, 3.88583333",Lekan Salami Stadium,,,526.68,18000.0,,Lekan Salami Stadium,52.668
"36.801055, 3.048111",Omar Hamadi Stadium,,,497.42,17000.0,,Omar Hamadi Stadium,49.742
"18.06156, -63.09191",Stade Alberic Richards,France,Guadeloupe,50.05,2600.0,FR,Stade Alberic Richards,5.005
"-33.94, 18.87361111",Danie Craven Stadium,,,497.42,17000.0,,Danie Craven Stadium,49.742
"34.615339, 135.516572",Yodoko Sakura Stadium,,,599.83,20500.0,,Yodoko Sakura Stadium,59.983
"32.475555555, -93.791944444",Independence Stadium,,,1902.9395,49427.0,,Independence Stadium,190.29395
"35.494722222, -97.541388888",Oklahoma City University,,,0,,,Oklahoma City University,0
"12.968866, 77.611585",Bengaluru Football Stadium,,,438.9,15000.0,,Bengaluru Football Stadium,43.89
"36.144166666, -86.808888888",FirstBank Stadium,,,1561.175,40550.0,,FirstBank Stadium,156.1175
"37.0743, 15.2913",Stadio Nicola De Simone,,,137.3526,5946.0,,Stadio Nicola De Simone,13.73526
"39.31, 16.2308",Stadio San Vito,Italy,Calabria,614.07962,20987.0,IT,Stadio San Vito,61.407962
"18.839722, 98.959444",700th Anniversary Stadium,,,731.5,25000.0,,700th Anniversary Stadium,73.15
"33.316641, 44.365014",Al Karkh Stadium,,,138.6,6000.0,,Al Karkh Stadium,13.86
"30.6452, -96.3696",Travis Field,,,0,,,Travis Field,0
"37.319314, 126.818766",Ansan Wa Stadium,,,1024.1,35000.0,,Ansan Wa Stadium,102.41
"26.4589, -80.0989",Atlantic Community High School,,,0,,,Atlantic Community High School,0
"10.482778, -66.941667",Brígido Iriarte Stadium,,,231,10000.0,,Brígido Iriarte Stadium,23.1
"-2.499734, 32.899772",CCM Kirumba Stadium,,,1024.1,35000.0,,CCM Kirumba Stadium,102.41
"-29.910398, 30.877311",Chatsworth Stadium,,,643.72,22000.0,,Chatsworth Stadium,64.372
"-33.94, 18.87",Coetzenburg Stadium,,,323.4,14000.0,,Coetzenburg Stadium,32.34
"46.748552, -92.158524",Denfeld High School,,,0,,,Denfeld High School,0
"43.23572, 26.5726",Dimitar Burkov Stadium,Bulgaria,Severoiztochen,115.5,5000.0,BG,Dimitar Burkov Stadium,11.55
"36.035427, -78.903165",Durham County Stadium,,,184.8,8000.0,,Durham County Stadium,18.48
"31.766389, -106.443056",El Paso County Coliseum,,,121.275,5250.0,,El Paso County Coliseum,12.1275
"-2.740438888, -78.843611111",Estadio Jorge Andrade,,,438.9,15000.0,,Estadio Jorge Andrade,43.89
"9.035267, -69.765814",Estadio Rafael Calles Pinto,,,300.3,13000.0,,Estadio Rafael Calles Pinto,30.03
"43.7756, -79.4467",Esther Shiner Stadium,,,57.75,3000.0,,Esther Shiner Stadium,5.775
"-12.75557237, 15.762489083",Estádio dos Kuricutelas,,,231,10000.0,,Estádio dos Kuricutelas,23.1
"35.859947, 129.212235",Gyeongju Civic Stadium,,,281.7969,12199.0,,Gyeongju Civic Stadium,28.17969
"32.533180555, 35.155788888",HaShalom Stadium,,,133.98,5800.0,,HaShalom Stadium,13.398
"5.372777777, 103.106388888",Sultan Ismail Nasiruddin Shah Stadium,,,438.9,15000.0,,Sultan Ismail Nasiruddin Shah Stadium,43.89
"13.08555556, 80.27166667",Jawaharlal Nehru Stadium Chennai,,,1540,40000.0,,Jawaharlal Nehru Stadium Chennai,154
"-25.4649, 31.1819",KaNyamazane Stadium,,,438.9,15000.0,,KaNyamazane Stadium,43.89
"32.181115, 34.927071",Levita Stadium,,,133.98,5800.0,,Levita Stadium,13.398
"55.57611111, 12.93555556",Limhamns IP,,,0,,,Limhamns IP,0
"35.5866, -82.5479","Memorial Stadium, Asheville",,,115.5,5000.0,,"Memorial Stadium, Asheville",11.55
"35.769167, 139.707778",Nishigaoka Soccer Stadium,,,225.225,9750.0,,Nishigaoka Soccer Stadium,22.5225
"65.745122, -19.645743",Sauðárkróksvöllur,Iceland,Ísland,48.125,2500.0,IS,Sauðárkróksvöllur,4.8125
"41.6164, -83.7047",Springfield Local High School,,,0,,,Springfield Local High School,0
"45.408333, 23.3675",Stadionul Petre Libardi,Romania,Vest,453.53,15500.0,RO,Stadionul Petre Libardi,45.353
"45.420722, 28.023681",Nicolae Rainea Stadium,Romania,Sud-Est,672.98,23000.0,RO,Nicolae Rainea Stadium,67.298
"-29.769444, 30.885556",Sugar Ray Xulu Stadium,,,150.15,6500.0,,Sugar Ray Xulu Stadium,15.015
"59.5172, 17.9217",Vilundavallen,Sweden,Stockholm,69.3,3600.0,SE,Vilundavallen,6.93
"54.976122, -7.278392",Riverside Stadium,,,59.8675,3110.0,,Riverside Stadium,5.98675
"9.946111111, -84.056666666","Estadio José Joaquín ""Coyella"" Fonseca",,,80.85,4200.0,,"Estadio José Joaquín ""Coyella"" Fonseca",8.085
"-11.480183, -37.753872",Q9255256,,,38.5,2000.0,,Q9255256,3.85
"-15.827928, -48.110333",Q9255342,,,115.5,5000.0,,Q9255342,11.55
"23.081216666, 113.2736127",Yanzigang Stadium,,,0,,,Yanzigang Stadium,0
"24.76733611, 90.38984444",Mymensingh Stadium,,,277.2,12000.0,,Mymensingh Stadium,27.72
"14.9272, 102.05",80th Birthday Stadium,,,589.32566,20141.0,,80th Birthday Stadium,58.932566
"-14.781595, -71.41425",Q16564684,,,277.2,12000.0,,Q16564684,27.72
"46.5495, 15.6357",Tabor Hall,Slovenia,Vzhodna Slovenija,73.15,3800.0,SI,Tabor Hall,7.315
"55.9209, -2.9308",Hibernian Training Centre,,,0,,,Hibernian Training Centre,0
"-17.730833, 168.315833",Port Vila Municipal Stadium,,,231,10000.0,,Port Vila Municipal Stadium,23.1
"-17.730833, 168.315833",Port Vila Municipal Stadium,,,231,10000.0,,Port Vila Municipal Stadium,23.1
"8.945902777, -79.549486111",Estadio Maracaná,,,0,,,Estadio Maracaná,0
"32.1493, -95.3301",Brook Hill School,,,0,,,Brook Hill School,0
"7.81981667, -72.44685278",Q21007127,,,0,,,Q21007127,0
"23.165, 79.927",Ravishankar Shukla Stadium,,,438.9,15000.0,,Ravishankar Shukla Stadium,43.89
"42.072555555, 19.526416666",Reshit Rusi Stadium,AL,Veri,0,,AL,Reshit Rusi Stadium,0
"58.535, 31.2933333",Q25396591,,,0,,,Q25396591,0
"-1.380847, 120.760406",Kasintuwu Stadium,,,0,,,Kasintuwu Stadium,0
"45.827062, 4.978608",Stade de la Soie,France,Rhône-Alpes,0,,FR,Stade de la Soie,0
"-19.533333333, 169.269444444",Lamenu Stadium,,,0,,,Lamenu Stadium,0
"24.83372868, 56.059356911",Masfut Club Stadium,,,0,,,Masfut Club Stadium,0
"25.48096, 55.51471",Al Hamriya Sports Club Stadium,,,0,,,Al Hamriya Sports Club Stadium,0
"-7.623744, 15.057972",Estádio 4 de Janeiro,,,277.2,12000.0,,Estádio 4 de Janeiro,27.72
"-7.623744, 15.057972",Estádio 4 de Janeiro,,,277.2,12000.0,,Estádio 4 de Janeiro,27.72
"41.327508, -1.785535",San Blas football field,Spain,Aragón,0,,ES,San Blas football field,0
"61.5623, -6.8521",Við Stórá,,,0,,,Við Stórá,0
"51.344422, 12.341954",Cottaweg,Germany,Leipzig,0,,DE,Cottaweg,0
"51.270816, 12.37273",Sportpark Camillo Ugi,Germany,Leipzig,44.275,2300.0,DE,Sportpark Camillo Ugi,4.4275
"29.623865, 52.556062",Hafezieh Stadium,,,323.4,14000.0,,Hafezieh Stadium,32.34
"48.84145, 2.25305",Parc des Princes,France,Ile-de-France,1845.305,47930.0,FR,Parc des Princes,184.5305
"51.345833, 12.348056",Red Bull Arena,Germany,Leipzig,1617,42000.0,DE,Red Bull Arena,161.7
"18.426388888, -64.620833333",A.O. Shirley Recreation Ground,,,57.75,3000.0,,A.O. Shirley Recreation Ground,5.775
"17.12235556, -61.83903056",Antigua Recreation Ground,,,207.9,9000.0,,Antigua Recreation Ground,20.79
"25.049444, 121.551111",Taipei Municipal Stadium,,,585.2,20000.0,,Taipei Municipal Stadium,58.52
"27.471417, 89.641056",Changlimithang Stadium,,,731.5,25000.0,,Changlimithang Stadium,73.15
"42.680833, -2.935556",Estadio Municipal de Anduva,Spain,Castilla y León,138.6,6000.0,ES,Estadio Municipal de Anduva,13.86
"31.75305, -106.467814",Estadio Olímpico Benito Juárez,,,652.498,22300.0,,Estadio Olímpico Benito Juárez,65.2498
"47.90214444, 106.91625",National Sports Stadium,,,585.2,20000.0,,National Sports Stadium,58.52
"47.902211, 106.916236",National Sports Stadium,,,585.2,20000.0,,National Sports Stadium,58.52
"31.66571, 34.569479",Sala Stadium,,,121.275,5250.0,,Sala Stadium,12.1275
"17.29861111, -62.72194444",Warner Park Sporting Complex,,,231,10000.0,,Warner Park Sporting Complex,23.1
"21.029722, 105.833056",Hàng Đẫy Stadium,,,643.72,22000.0,,Hàng Đẫy Stadium,64.372
"22.766778, -102.549278",Estadio Olímpico Carlos Vega Villalba,,,526.68,18000.0,,Estadio Olímpico Carlos Vega Villalba,52.668
"39.528131, -119.808633",Greater Nevada Field,,,210.21,9100.0,,Greater Nevada Field,21.021
"43.293199, 5.56236",Q3495974,France,Provence-Alpes-Côte d’Azur,19.25,1000.0,FR,Q3495974,1.925
"43.848056, 25.963056",Gradski Stadium,Bulgaria,Severen tsentralen,584.0296,19960.0,BG,Gradski Stadium,58.40296
"14.556667, 100.905",Saraburi Stadium,,,138.6,6000.0,,Saraburi Stadium,13.86
"0.34720833, 32.65888889",Mandela National Stadium,,,1740.277,45202.0,,Mandela National Stadium,174.0277
"43.276667, 26.944167",Panayot Volov Stadium,Bulgaria,Severoiztochen,277.2,12000.0,BG,Panayot Volov Stadium,27.72
"-26.206486, 28.008838",Arthur Block Park,,,0,,,Arthur Block Park,0
"42.490278, 27.453056",Chernomorets Stadium,Bulgaria,Yugoiztochen,643.72,22000.0,BG,Chernomorets Stadium,64.372
"10.080278, -69.329167",Estadio Farid Richa,,,288.288,12480.0,,Estadio Farid Richa,28.8288
"25.130122222, 56.343480555",Fujairah Club Stadium,,,115.5,5000.0,,Fujairah Club Stadium,11.55
"17.446241, 78.344214",G. M. C. Balayogi Athletic Stadium,,,1540,40000.0,,G. M. C. Balayogi Athletic Stadium,154
"17.446783, 78.344697",G. M. C. Balayogi Athletic Stadium,,,1540,40000.0,,G. M. C. Balayogi Athletic Stadium,154
"34.681224, 33.053629",GSO Stadium,Cyprus,Kýpros,0,,CY,GSO Stadium,0
"34.681224, 33.053629",GSO Stadium,Cyprus,Kýpros,0,,CY,GSO Stadium,0
"32.186536, 34.872503",Karnei Oren Memorial Field,,,48.125,2500.0,,Karnei Oren Memorial Field,4.8125
"-29.971389, 30.9",King Zwelithini Stadium,,,231,10000.0,,King Zwelithini Stadium,23.1
"49.42055556, 26.99555556",Sport Complex Podillia,,,242.55,10500.0,,Sport Complex Podillia,24.255
"53.134722, -4.2675",The Oval,,,57.75,3000.0,,The Oval,5.775
"26.180556, 91.758","Nehru Stadium, Guwahati",,,0,,,"Nehru Stadium, Guwahati",0
"34.640445, 33.00602",Zakaki Community Stadium,Cyprus,Kýpros,0,,CY,Zakaki Community Stadium,0
"35.000674, 33.894013",Liopetri Community Stadium,Cyprus,Kýpros,0,,CY,Liopetri Community Stadium,0
"35.007436, 33.755069",Xylotymvou Community Stadium,Cyprus,Kýpros,0,,CY,Xylotymvou Community Stadium,0
"35.07385, 33.880476",Olympos Acheritou Stadium,Cyprus,Kýpros,0,,CY,Olympos Acheritou Stadium,0
"34.950555555, 33.305277777",Anagennisi Lythrodonta Ground,Cyprus,Kýpros,0,,CY,Anagennisi Lythrodonta Ground,0
"-5.562201, -80.822919",Q21573905,,,0,,,Q21573905,0
"19.539361111, -71.725833333",Parc Notre-Dame,,,19.25,1000.0,,Parc Notre-Dame,1.925
"16.875371, 99.138857",Tak Provincial Administrative Organization Stadium,,,0,,,Tak Provincial Administrative Organization Stadium,0
"34.919406, 32.477975",Giolou Community Stadium,Cyprus,Kýpros,0,,CY,Giolou Community Stadium,0
"34.665589, 32.91082",Episkopi Community Stadium,Cyprus,Kýpros,0,,CY,Episkopi Community Stadium,0
"34.692429, 33.006556",Peace and Friendship Municipal Stadium,Cyprus,Kýpros,0,,CY,Peace and Friendship Municipal Stadium,0
"34.692429, 33.006556",Peace and Friendship Municipal Stadium,Cyprus,Kýpros,0,,CY,Peace and Friendship Municipal Stadium,0
"35.046301, 32.903476",Soleas High School Stadium,Cyprus,Kýpros,0,,CY,Soleas High School Stadium,0
"34.67247, 33.031927",Limassol Municipality Statium,Cyprus,Kýpros,0,,CY,Limassol Municipality Statium,0
"34.852781, 33.017963",Kalo Chorio (Limassol) Community Stadium,Cyprus,Kýpros,0,,CY,Kalo Chorio (Limassol) Community Stadium,0
"42.41175, 19.217361111",Stari Ribnjak Stadium,ME,Crna Gora,0,,ME,Stari Ribnjak Stadium,0
"39.111388888, -84.522222222",TQL Stadium,,,760.76,26000.0,,TQL Stadium,76.076
"46.001083, 29.694",Borys Tropanets Stadium,,,0,,,Borys Tropanets Stadium,0
"37.077710809, 22.434174204",Sparta Indoor Gym,Greece,Peloponnese,0,,Greece,Sparta Indoor Gym,0
"-33.903461111, 18.411152777",Cape Town Stadium,,,2244.8965,58309.0,,Cape Town Stadium,224.48965
"42.97982222, 47.50720556",Dynamo Stadium,,,444.752,15200.0,,Dynamo Stadium,44.4752
"3.100536111, 101.721372222",KLFA Stadium,,,526.68,18000.0,,KLFA Stadium,52.668
"18.21686667, -63.05099167",Ronald Webster Park,,,77,4000.0,,Ronald Webster Park,7.7
"18.21686667, -63.05099167",Ronald Webster Park,,,77,4000.0,,Ronald Webster Park,7.7
"18.21686667, -63.05099167",Ronald Webster Park,,,77,4000.0,,Ronald Webster Park,7.7
"18.21686667, -63.05099167",Ronald Webster Park,,,77,4000.0,,Ronald Webster Park,7.7
"18.21686667, -63.05099167",Ronald Webster Park,,,77,4000.0,,Ronald Webster Park,7.7
"42.687583, 23.335444",Vasil Levski National Stadium,Bulgaria,Yugozapaden,1664.355,43230.0,BG,Vasil Levski National Stadium,166.4355
"-8.557944, 125.580611",National Stadium,,,300.3,13000.0,,National Stadium,30.03
"-8.557944, 125.580611",National Stadium,,,300.3,13000.0,,National Stadium,30.03
"-8.557944, 125.580611",National Stadium,,,300.3,13000.0,,National Stadium,30.03
"-8.557944, 125.580611",National Stadium,,,300.3,13000.0,,National Stadium,30.03
"-8.557944, 125.580611",National Stadium,,,300.3,13000.0,,National Stadium,30.03
"-8.557944, 125.580611",National Stadium,,,300.3,13000.0,,National Stadium,30.03
"-8.557944, 125.580611",National Stadium,,,300.3,13000.0,,National Stadium,30.03
"48.129167, 16.468611",Rudolf-Tonn-Stadion,Austria,Niederösterreich,161.7,7000.0,AT,Rudolf-Tonn-Stadion,16.17
"-15.798889, 35.0345",Kamuzu Stadium,,,936.32,32000.0,,Kamuzu Stadium,93.632
"64.317656, -22.059753",Akranesvöllur,,,93.3625,4850.0,,Akranesvöllur,9.33625
"43.6536, -79.5844",Rob Ford Stadium,,,42.35,2200.0,,Rob Ford Stadium,4.235
"48.8772, 2.37694",Stade Bergeyre,France,Ile-de-France,438.9,15000.0,FR,Stade Bergeyre,43.89
"47.7745613, 29.0043086",Stadionul Orășenesc,,,86.625,4500.0,,Stadionul Orășenesc,8.6625
"25.305833333, 49.612777777",Prince Abdullah bin Jalawi Sports City,,,806.113,27550.0,,Prince Abdullah bin Jalawi Sports City,80.6113
"25.305833, 49.612778",Prince Abdullah bin Jalawi Sports City,,,806.113,27550.0,,Prince Abdullah bin Jalawi Sports City,80.6113
"-10.002222, -67.803889",Arena da Floresta,,,585.2,20000.0,,Arena da Floresta,58.52
"52.2764, 104.282",Trud Stadium,,,450.604,15400.0,,Trud Stadium,45.0604
"54.39194444, 24.05472222",Alytus Stadium,Lithuania,Vidurio ir vakarų Lietuvos regionas,72.149,3748.0,LT,Alytus Stadium,7.2149
"31.014861, 31.655361",Bani Ebid Stadium,,,0,,,Bani Ebid Stadium,0
"43.556028, 27.826806",Druzhba Stadium,Bulgaria,Severoiztochen,288.75,12500.0,BG,Druzhba Stadium,28.875
"9.035267, -69.765814",Estadio Rafael Calles Pinto,,,300.3,13000.0,,Estadio Rafael Calles Pinto,30.03
"-8.757222, -63.910556",Estádio Aluízio Ferreira,,,161.7,7000.0,,Estádio Aluízio Ferreira,16.17
"41.193, -8.146",Estádio Municipal do Marco de Canaveses,Portugal,Norte,138.6,6000.0,PT,Estádio Municipal do Marco de Canaveses,13.86
"16.8825, -24.985277777",Estádio Municipal Adérito Sena,,,115.5,5000.0,,Estádio Municipal Adérito Sena,11.55
"29.318, 30.84",Fayoum Stadium,,,231,10000.0,,Fayoum Stadium,23.1
"39.8358, 33.5037",Fikret Karabudak Stadium,TR,"Kırıkkale, Aksaray, Niğde, Nevşehir, Kırşehir",124.7862,5402.0,TR,Fikret Karabudak Stadium,12.47862
"48.328661, 19.641964",City football stadium Lučenec,Slovakia,Stredné Slovensko,115.5,5000.0,SK,City football stadium Lučenec,11.55
"37.6791, 21.4282",Pyrgos Stadium,Greece,Western Greece,155.925,6750.0,Greece,Pyrgos Stadium,15.5925
"25.0542, -77.3603",Roscow A. L. Davies Soccer Field,,,13.475,700.0,,Roscow A. L. Davies Soccer Field,1.3475
"43.18755, -77.61099",Silver Stadium,,,438.9,15000.0,,Silver Stadium,43.89
"43.1875, -77.61083",Silver Stadium,,,438.9,15000.0,,Silver Stadium,43.89
"-13.95361111, 33.76972222","Silver Stadium, Lilongwe",,,585.2,20000.0,,"Silver Stadium, Lilongwe",58.52
"-18.84941111, -41.94107222",Estádio José Mammoud Abbas,,,438.9,15000.0,,Estádio José Mammoud Abbas,43.89
"-22.251389, -45.921667",Estádio Municipal Irmão Gino Maria Rossi,,,731.5,25000.0,,Estádio Municipal Irmão Gino Maria Rossi,73.15
"47.10214, -56.38166",Stade de l'Avenir,,,3.85,200.0,,Stade de l'Avenir,0.385
"-19.88722222, -44.99888889",Q10277448,,,0,,,Q10277448,0
"64.2206, 27.7272",Kajaani sports park,Finland,Pohjois- ja Itä-Suomi,15.4,800.0,FI,Kajaani sports park,1.54
"56.1909, 10.2093",Vejlby/Risskov Centret,Denmark,Midtjylland,0,,DK,Vejlby/Risskov Centret,0
"39.552089, 21.777019",Trikala Municipal Stadium,Greece,Thessaly,438.9,15000.0,Greece,Trikala Municipal Stadium,43.89
"55.9825, 23.8648",Pakruojis Stadium,Lithuania,Vidurio ir vakarų Lietuvos regionas,38.5,2000.0,LT,Pakruojis Stadium,3.85
"-4.32167, 55.6893",Stade d’Amitié,,,38.5,2000.0,,Stade d’Amitié,3.85
"17.901967, -62.841675",Stade de Saint-Jean,,,0,,,Stade de Saint-Jean,0
"17.901967, -62.841675",Stade de Saint-Jean,,,0,,,Stade de Saint-Jean,0
"17.901967, -62.841675",Stade de Saint-Jean,,,0,,,Stade de Saint-Jean,0
"2.932, 101.785",UKM Bangi Stadium,,,0,,,UKM Bangi Stadium,0
"37.9538, 23.6867",Municipal Stadium of Moschato,Greece,Attica,0,,Greece,Municipal Stadium of Moschato,0
"35.113422, 33.391035",Latsia Municipal Stadium,Cyprus,Kýpros,0,,CY,Latsia Municipal Stadium,0
"35.032426, 33.916338",Frenaros Community Stadium,Cyprus,Kýpros,0,,CY,Frenaros Community Stadium,0
"35.028193, 33.612047",Troulloi Community Stadium,Cyprus,Kýpros,0,,CY,Troulloi Community Stadium,0
"42.77444444, -1.62555556",Tajonar Facilities,Spain,Comunidad Foral de Navarra,0,,ES,Tajonar Facilities,0
"47.078931, 28.180499",Stadionul Mircea Eliade,,,0,,,Stadionul Mircea Eliade,0
"19.365555555, -99.350555555",Estadio Hugo Sánchez Márquez,,,0,,,Estadio Hugo Sánchez Márquez,0
"26.4626, 87.2859",Sahid Rangsala,,,438.9,15000.0,,Sahid Rangsala,43.89
"35.334106, 33.307194",G.S. Praxander Stadium,Cyprus,Kýpros,0,,CY,G.S. Praxander Stadium,0
"-1.380847, 120.760406",Kasintuwu Stadium,,,0,,,Kasintuwu Stadium,0
"41.27137, 24.98124",Q28058880,Greece,"Anatoliki Makedonia, Thraki",0,,Greece,Q28058880,0
"35.020556, 33.828056",Avgorou Community Stadium,Cyprus,Kýpros,0,,CY,Avgorou Community Stadium,0
"-17.7309, 168.316",Luganville Soccer Stadium,,,155.925,6750.0,,Luganville Soccer Stadium,15.5925
"25.43199444, -100.98033333",Estadio Olímpico Francisco I. Madero,,,0,,,Estadio Olímpico Francisco I. Madero,0
"48.081694444, 19.289361111",Kövi Pál Sports Center,Hungary,Észak-Magyarország,28.875,1500.0,HU,Kövi Pál Sports Center,2.8875
"-6.385277777, 106.847222222",Mahakam Stadium,,,38.5,2000.0,,Mahakam Stadium,3.85
"41.11041, 22.99277",Q59943503,Greece,Central Macedonia,0,,Greece,Q59943503,0
"37.98246, 23.65136",Korydallos Municipal Stadium,Greece,Attica,0,,Greece,Korydallos Municipal Stadium,0
"52.353333333, 104.226666666",Q62050446,,,0,,,Q62050446,0
"48.83665, 2.22496",Alphonse-Le-Gallo Stadium,France,Ile-de-France,57.75,3000.0,FR,Alphonse-Le-Gallo Stadium,5.775
"37.810605, 22.654473",Nemea Municipal Stadium,Greece,Peloponnese,0,,Greece,Nemea Municipal Stadium,0
"48.676111111, 26.592916666",Tonkocheyev Stadium,,,49.79975,2587.0,,Tonkocheyev Stadium,4.979975
"20.478333333, -98.863611111",Hidalgo,,,0,,,Hidalgo,0
"19.303055555, -99.150555555",Estadio Banorte,,,5755.75,115000.0,,Estadio Banorte,575.575
"19.303055555, -99.150555555",Estadio Banorte,,,5755.75,115000.0,,Estadio Banorte,575.575
"18.970556, -99.246667",Centenario Stadium,,,445.83462,15237.0,,Centenario Stadium,44.583462
"10.0872322, -84.469781",San Ramón,,,0,,,San Ramón,0
"46.6335, 27.733319",Stadionul Municipal,Romania,Nord-Est,213.444,9240.0,RO,Stadionul Municipal,21.3444
"30.9994, 29.7293",Borg El Arab Stadium,,,4304.3,86000.0,,Borg El Arab Stadium,430.43
"14.916111, -23.512222",Estádio da Várzea,,,184.8,8000.0,,Estádio da Várzea,18.48
"17.12235556, -61.83903056",Antigua Recreation Ground,,,207.9,9000.0,,Antigua Recreation Ground,20.79
"19.287286, -99.666794",Nemesio Díez Stadium,,,617.12266,21091.0,,Nemesio Díez Stadium,61.712266
"20.681667, -103.462778",Estadio Akron,,,1957.725,50850.0,,Estadio Akron,195.7725
"19.331928, -99.192106",Universitary Olympic Stadium,,,4189.185,83700.0,,Universitary Olympic Stadium,418.9185
"19.331928, -99.192106",Universitary Olympic Stadium,,,4201.8977,83954.0,,Universitary Olympic Stadium,420.18977
"25.722805555, -100.312055555",Estadio Universitario ( El miadero ),,,1742.3945,45257.0,,Estadio Universitario ( El miadero ),174.23945
"54.668611, 25.294444",LFF Stadium,Lithuania,Sostinės regionas,117.0477,5067.0,LT,LFF Stadium,11.70477
"22.311292, 114.263417",Tseung Kwan O Sports Ground,,,67.375,3500.0,,Tseung Kwan O Sports Ground,6.7375
"27.471417, 89.641056",Changlimithang Stadium,,,731.5,25000.0,,Changlimithang Stadium,73.15
"12.513055555, -70.023611111",Guillermo Prospero Trinidad Stadium,,,127.05,5500.0,,Guillermo Prospero Trinidad Stadium,12.705
"48.460333, 35.032472",Dnipro Arena,,,907.14778,31003.0,,Dnipro Arena,90.714778
"19.718742, -101.233622",Morelos Stadium,,,1049.52694,35869.0,,Morelos Stadium,104.952694
"19.718742, -101.233622",Morelos Stadium,,,1049.52694,35869.0,,Morelos Stadium,104.952694
"20.705, -103.328139",Jalisco Stadium,,,2433.2,63200.0,,Jalisco Stadium,243.32
"20.705, -103.328139",Jalisco Stadium,,,2433.2,63200.0,,Jalisco Stadium,243.32
"15.301944, -61.384167",Windsor Park,,,277.2,12000.0,,Windsor Park,27.72
"15.163775, 145.70974722",Oleai Sports Complex,,,38.5,2000.0,,Oleai Sports Complex,3.85
"13.7541372, -60.9441885",George Odlum Stadium,,,184.8,8000.0,,George Odlum Stadium,18.48
"40.995278, -5.665",Estadio El Helmántico,Spain,Castilla y León,507.39766,17341.0,ES,Estadio El Helmántico,50.739766
"20.105144, -98.756114",Gorda hilda,,,877.8,30000.0,,Gorda hilda,87.78
"-16.499444, -68.122778",Estadio Hernando Siles,,,1111.88,38000.0,,Estadio Hernando Siles,111.188
"10.491278, -66.885492",Estadio Olímpico,,,728.574,24900.0,,Estadio Olímpico,72.8574
"10.491278, -66.885492",Estadio Olímpico,,,728.574,24900.0,,Estadio Olímpico,72.8574
"10.491278, -66.885492",Estadio Olímpico,,,728.574,24900.0,,Estadio Olímpico,72.8574
"21.880653, -102.275483",Victoria Stadium,,,1024.1,35000.0,,Victoria Stadium,102.41
"36.038611111, 14.268611111",Gozo Stadium,Malta,Malta,77,4000.0,MT,Gozo Stadium,7.7
"47.9, 106.916111",MFF Football Centre,,,67.375,3500.0,,MFF Football Centre,6.7375
"47.9, 106.916111",MFF Football Centre,,,67.375,3500.0,,MFF Football Centre,6.7375
"17.29861111, -62.72194444",Warner Park Sporting Complex,,,231,10000.0,,Warner Park Sporting Complex,23.1
"44.54172, 18.661528",Tušanj City Stadium,BA,Federacija Bosne i Hercegovine,438.9,15000.0,BA,Tušanj City Stadium,43.89
"22.154523, 113.553266",Estádio Campo Desportivo,,,468.16,16000.0,,Estádio Campo Desportivo,46.816
"16.762783, -93.096369",Estadio Víctor Manuel Reyna,,,848.56926,29001.0,,Estadio Víctor Manuel Reyna,84.856926
"-12.975, 28.611389",Levy Mwanawasa Stadium,,,1917.3,49800.0,,Levy Mwanawasa Stadium,191.73
"40.149373, 44.476449",Mika Stadium,,,161.7,7000.0,,Mika Stadium,16.17
"36.179666666, -115.129972222",Cashman Field,,,215.6154,9334.0,,Cashman Field,21.56154
"20.535, -100.818333",Monumental Stadium football Miguel Aleman Valdes,,,945.098,32300.0,,Monumental Stadium football Miguel Aleman Valdes,94.5098
"25.670172, -100.2437",Estadio Monterrey,,,2059.75,53500.0,,Estadio Monterrey,205.975
"23.73945, -99.15246667",Villareal Anaya Stadium,,,585.2,20000.0,,Villareal Anaya Stadium,58.52
"23.7395, -99.1525",Villareal Anaya Stadium,,,585.2,20000.0,,Villareal Anaya Stadium,58.52
"6.123838888, 102.243561111",Sultan Mohammad IV Stadium,,,877.8,30000.0,,Sultan Mohammad IV Stadium,87.78
"13.097778, -86.353056",Estadio Independencia,,,92.4,4800.0,,Estadio Independencia,9.24
"13.0978, -86.3529",Estadio Independencia,,,92.4,4800.0,,Estadio Independencia,9.24
"13.097778, -86.353056",Estadio Independencia,,,92.4,5000.0,,Estadio Independencia,9.24
"13.0978, -86.3529",Estadio Independencia,,,92.4,5000.0,,Estadio Independencia,9.24
"17.904722222, -87.978888888",Ambergris Stadium,,,0,,,Ambergris Stadium,0
"10.04083333, -84.16055556",Q3495546,,,63.525,3300.0,,Q3495546,6.3525
"30.960556, 31.172778",El Mahalla Stadium,,,585.2,20000.0,,El Mahalla Stadium,58.52
"53.103889, 18.031389",Chemik Bydgoszcz Stadium,Poland,Kujawsko-pomorskie,438.9,15000.0,PL,Chemik Bydgoszcz Stadium,43.89
"16.8649, -99.9003",Unidad Deportiva Acapulco,,,300.3,13000.0,,Unidad Deportiva Acapulco,30.03
"49.72361111, -2.18333333",Arsenal Ground,,,0,,,Arsenal Ground,0
"40.332217, 49.817664",Bayil Stadium,,,115.5,5000.0,,Bayil Stadium,11.55
"4.93694444, 114.94",Berakas Sports Complex,,,9.625,500.0,,Berakas Sports Complex,0.9625
"25.79722222, -109.03138889",Centenario Los Mochis Stadium,,,257.1954,11134.0,,Centenario Los Mochis Stadium,25.71954
"60.87194444, 26.71333333",Kouvolan keskuskenttä,Finland,Etelä-Suomi,0,,FI,Kouvolan keskuskenttä,0
"-27.508611, 153.013889",Goodwin Park,,,28.875,1500.0,,Goodwin Park,2.8875
"41.1728, 20.6842",Gradska Plaža Stadium,MK,Severna Makedonija,9.625,500.0,MK,Gradska Plaža Stadium,0.9625
"37.3517, -5.98222",Ciudad Deportiva Luis Del Sol,Spain,Andalucía,67.375,3500.0,ES,Ciudad Deportiva Luis Del Sol,6.7375
"22.80602222, 86.19353611",JRD Tata Sports Complex,,,0,,,JRD Tata Sports Complex,0
"36.3007, 59.59036389",Takhti Stadium (Mashhad),,,438.9,15000.0,,Takhti Stadium (Mashhad),43.89
"19.38338889, -99.178225",Instalaciones Club América en Coapa,,,,,,Instalaciones Club América en Coapa,102.881
"9.91417, -84.0431",Q16564649,,,38.5,2000.0,,Q16564649,3.85
"41.896944, 12.446111",Campo Pio XI,,,0,,,Campo Pio XI,0
"4.88316, -52.28591",Stade Municipal Dr. Edmard Lama,France,Guyane,26.95,1400.0,FR,Stade Municipal Dr. Edmard Lama,2.695
"52.364355, 30.426597",Central Stadium,,,0,,,Central Stadium,0
"19.993652777, -102.237713888",Estadio Zamora,,,0,,,Estadio Zamora,0
"17.57752778, 120.39",Quirino Stadium,,,115.5,5000.0,,Quirino Stadium,11.55
"25.43199444, -100.98033333",Estadio Olímpico Francisco I. Madero,,,0,,,Estadio Olímpico Francisco I. Madero,0
"31.53722222, 35.09916667",Hussein Bin Ali Stadium,,,184.8,8000.0,,Hussein Bin Ali Stadium,18.48
"45.14472222, 26.80277778",Stadionul Cornel Negoescu,Romania,Sud-Est,57.75,3000.0,RO,Stadionul Cornel Negoescu,5.775
"25.820712, -97.494269",Estadio El Hogar,,,277.2,12000.0,,Estadio El Hogar,27.72
"38.9138, 1.41511",Estadi Municipal de Can Misses,Spain,Illes Balears,138.6,6000.0,ES,Estadi Municipal de Can Misses,13.86
"41.02388889, 28.93416667",Fatih Mimar Sinan Stadium,,,0,,,Fatih Mimar Sinan Stadium,0
"34.944379, 33.466958",Psevdas Community Stadium,Cyprus,Kýpros,0,,CY,Psevdas Community Stadium,0
"42.832119, -2.721115",Ciudad Deportiva José Luis Compañón,Spain,País Vasco,0,,ES,Ciudad Deportiva José Luis Compañón,0
"33.865467, 36.09407",Al-Nabi Shayth Stadium,,,115.5,5000.0,,Al-Nabi Shayth Stadium,11.55
"37.806118, 26.747254",Q62572253,Greece,North Aegean,0,,Greece,Q62572253,0
"23.8239025, 90.4699552",Bashundhara Kings Arena,,,323.4,14000.0,,Bashundhara Kings Arena,32.34
"42.21332, -8.75841",Q115902366,Spain,Galicia,0,,ES,Q115902366,0
"55.94554, 12.29424",Q116173612,Denmark,Hovedstaden,0,,DK,Q116173612,0
"48.173055555, 11.546666666",Munich Olympic Stadium,Germany,Oberbayern,2430.043,63118.0,DE,Munich Olympic Stadium,243.0043
"-9.436667, 159.971389",Lawson Tama Stadium,,,231,10000.0,,Lawson Tama Stadium,23.1
"-9.436667, 159.971389",Lawson Tama Stadium,,,231,25000.0,,Lawson Tama Stadium,23.1
"51.393231, -0.172381",Imperial Fields,,,67.375,3500.0,,Imperial Fields,6.7375
"14.098447222, -87.203958333",Estadio Nacional Jose de la Paz Herrera,,,1082.62,37000.0,,Estadio Nacional Jose de la Paz Herrera,108.262
"-15.603056, -56.120556",Arena Pantaloneta,,,1654.268,42968.0,,Arena Pantaloneta,165.4268
"51.126111111, 4.213333333",Temse,Belgium,Prov. Oost-Vlaanderen,0,,BE,Temse,0
"-6.8535, 39.273811",Benjamin Mkapa National Stadium,,,2310,60000.0,,Benjamin Mkapa National Stadium,231
"46.9952, 6.944",Stade de la Maladière,Switzerland,Espace Mittelland,277.2,12000.0,CH,Stade de la Maladière,27.72
"39.387511, 22.931067",Panthessaliko Stadium,Greece,Thessaly,664.202,22700.0,Greece,Panthessaliko Stadium,66.4202
"27.471417, 89.641056",Changlimithang Stadium,,,731.5,25000.0,,Changlimithang Stadium,73.15
"22.969828, 113.114296",Century Lotus Stadium,,,1073.43236,36686.0,,Century Lotus Stadium,107.343236
"36.166388888, -86.771388888",Nissan Stadium,,,2606.45,67700.0,,Nissan Stadium,260.645
"43.401769445, 39.955858093",Fisht Olympic Stadium,,,731.5,25000.0,,Fisht Olympic Stadium,73.15
"-16.40729, -71.520203",Arequipa Stadium,,,1554.245,40370.0,,Arequipa Stadium,155.4245
"10.92686111, -74.80072222",Estadio Metropolitano Roberto Meléndez,,,1797.642,46692.0,,Estadio Metropolitano Roberto Meléndez,179.7642
"51.753, -0.324","Clarence Park, St Albans",,,115.6617,5007.0,,"Clarence Park, St Albans",11.56617
"-8.557944, 125.580611",National Stadium,,,300.3,13000.0,,National Stadium,30.03
"45.025277777, 38.999444444",Kuban Stadium,,,926.19604,31654.0,,Kuban Stadium,92.619604
"47.9, 106.916111",MFF Football Centre,,,67.375,3500.0,,MFF Football Centre,6.7375
"47.9, 106.916111",MFF Football Centre,,,67.375,3500.0,,MFF Football Centre,6.7375
"49.807778, -97.143056",Princess Auto Stadium,,,977.92772,33422.0,,Princess Auto Stadium,97.792772
"43.162213888, -77.629352777",Marina Auto Stadium,,,318.0408,13768.0,,Marina Auto Stadium,31.80408
"-33.961944, 18.516667",Athlone Stadium,,,994.84,34000.0,,Athlone Stadium,99.484
"44.448194, 26.052872",Stadionul Regie,Romania,Bucureşti-Ilfov,231.462,10020.0,RO,Stadionul Regie,23.1462
"55.874667, 26.550619",Celtnieks Stadium,Latvia,Latvija,115.5,5000.0,LV,Celtnieks Stadium,11.55
"64.104167, -21.896667",Kópavogsvöllur,Iceland,Ísland,127.0731,5501.0,IS,Kópavogsvöllur,12.70731
"38.752036, -9.227967",Estádio José Gomes,Portugal,Grande Lisboa,214.5528,9288.0,PT,Estádio José Gomes,21.45528
"32.755278, -117.212222",Pechanga Arena,,,277.2,12000.0,,Pechanga Arena,27.72
"35.069722222, -106.629166666",Isotopes Park,,,306.7449,13279.0,,Isotopes Park,30.67449
"36.813306, 117.982856",Zibo Sports Center Stadium,,,1732.5,45000.0,,Zibo Sports Center Stadium,173.25
"51.661944, -0.272222",Meadow Park,,,86.6635,4502.0,,Meadow Park,8.66635
"36.75444167, -3.51277778",Estadio Escribano Castilla,Spain,Andalucía,86.625,4500.0,ES,Estadio Escribano Castilla,8.6625
"10.993889, -74.806944",Estadio Romelio Martínez,,,254.1,11000.0,,Estadio Romelio Martínez,25.41
"43.56511389, 39.75264722",Sochi Central Stadium,,,235.62,10200.0,,Sochi Central Stadium,23.562
"-12.067138888, -77.033722222",Estadio Nacional del Perú (1897),,,1663.2,40000.0,,Estadio Nacional del Perú (1897),166.32
"37.0743, 15.2913",Stadio Nicola De Simone,,,137.3526,5946.0,,Stadio Nicola De Simone,13.73526
"36.200833, 37.135556",Aleppo 7 April Stadium,,,438.9,15000.0,,Aleppo 7 April Stadium,43.89
"36.200833, 37.135556",Aleppo 7 April Stadium,,,438.9,15000.0,,Aleppo 7 April Stadium,43.89
"10.482778, -66.941667",Brígido Iriarte Stadium,,,231,10000.0,,Brígido Iriarte Stadium,23.1
"35.324433102, 40.146233964",Deir ez-Zor Municipal Stadium,,,497.42,17000.0,,Deir ez-Zor Municipal Stadium,49.742
"54.57369167, -6.02365833",Donegal Celtic Park,,,57.75,3000.0,,Donegal Celtic Park,5.775
"9.035267, -69.765814",Estadio Rafael Calles Pinto,,,300.3,13000.0,,Estadio Rafael Calles Pinto,30.03
"-40.583333, -73.131667",Estadio Rubén Marcos Peralta,,,249.48,10800.0,,Estadio Rubén Marcos Peralta,24.948
"-2.443853, -54.714661",Estádio Jader Barbalho,,,571.27224,19524.0,,Estádio Jader Barbalho,57.127224
"40.975, 28.79944444",Florya Metin Oktay Sports Complex and Training Center,,,0,,,Florya Metin Oktay Sports Complex and Training Center,0
"7.020601, 100.471718",Chira Nakhon Stadium,,,731.5,25000.0,,Chira Nakhon Stadium,73.15
"53.491, -2.529",Leigh Sports Village,,,254.1,11000.0,,Leigh Sports Village,25.41
"46.80361111, 21.67083333",Liberty Stadium,Romania,Nord-Vest,0,,RO,Liberty Stadium,0
"33.8866, -117.887",Titan Stadium,,,231,10000.0,,Titan Stadium,23.1
"22.119783, 95.12766",Monywa Stadium,,,115.5,5000.0,,Monywa Stadium,11.55
"11.256405, 75.785708",EMS Stadium,,,2040.5,53000.0,,EMS Stadium,204.05
"43.7747, -79.5068",York Lions Stadium,,,288.75,12500.0,,York Lions Stadium,28.875
"52.089722222, 23.68375",Regional Sport Complex Brestsky,,,234.9039,10169.0,,Regional Sport Complex Brestsky,23.49039
"55.83833333, -4.22888889",Shawfield Stadium,,,0,,,Shawfield Stadium,0
"3.446222222, 102.422638888",Temerloh Mini Stadium,,,231,10000.0,,Temerloh Mini Stadium,23.1
"53.134722, -4.2675",The Oval,,,57.75,3000.0,,The Oval,5.775
"-22.9863, 30.4625",Thohoyandou Stadium,,,0,,,Thohoyandou Stadium,0
"32.7731, -117.1837",Torero Stadium,,,138.6,6000.0,,Torero Stadium,13.86
"36.7687, -76.0935",Virginia Beach Sportsplex,,,138.6,6000.0,,Virginia Beach Sportsplex,13.86
"44.6444, -63.5836",Wanderers Grounds,,,167.3364,7244.0,,Wanderers Grounds,16.73364
"53.518542, -2.121747",Whitebank Stadium,,,28.875,1500.0,,Whitebank Stadium,2.8875
"-1.2864, -47.927083",Estádio Maximino Porpino Filho,,,115.5,5000.0,,Estádio Maximino Porpino Filho,11.55
"-16.457782, -54.600236",Q9255385,,,526.68,18000.0,,Q9255385,52.668
"-22.89583333, -47.06958333",Estádio Cerecamp,,,80.59975,4187.0,,Estádio Cerecamp,8.059975
"-22.895556, -47.069444",Estádio Cerecamp,,,80.59975,4187.0,,Estádio Cerecamp,8.059975
"-23.0571634, -54.1900279",Q10277034,,,0,,,Q10277034,0
"20.25852778, 105.96905556",Ninh Binh Stadium,,,643.72,22000.0,,Ninh Binh Stadium,64.372
"56.1792, 9.58798",Q12338317,Denmark,Midtjylland,0,,DK,Q12338317,0
"-8.09305556, 112.16861111",Gelora Supriyadi Stadium,,,0,,,Gelora Supriyadi Stadium,0
"5.565437, 95.34126",H. Dimurthala Stadium,,,0,,,H. Dimurthala Stadium,0
"55.840555555, -4.290833333",Craigholme School,,,0,,,Craigholme School,0
"40.22111111, 44.55527778",Football Academy Stadium (Yerevan),,,28.875,1500.0,,Football Academy Stadium (Yerevan),2.8875
"41.791345629, 20.901447483",Gradski stadion Gostivar,MK,Severna Makedonija,19.25,1000.0,MK,Gradski stadion Gostivar,1.925
"31.759, -106.493",New El Paso Ballpark,,,219.45,9500.0,,New El Paso Ballpark,21.945
"33.270472222, 44.42825",Al-Masafi Stadium,,,0,,,Al-Masafi Stadium,0
"8.945902777, -79.549486111",Estadio Maracaná,,,0,,,Estadio Maracaná,0
"-33.9471, 151.223",Hensley Athletic Field,,,0,,,Hensley Athletic Field,0
"36.2167, 37.1569",Ri'ayet al-Shabab Stadium,,,0,,,Ri'ayet al-Shabab Stadium,0
"21.0065585, 107.2756533",Cẩm Phả Stadium,,,231,10000.0,,Cẩm Phả Stadium,23.1
"31.93925, 34.893166666",Lod Municipal Stadium,,,57.75,3000.0,,Lod Municipal Stadium,5.775
"41.490277777, -81.525277777",Don Shula Stadium,,,0,,,Don Shula Stadium,0
"11.82993, 39.60016",Woldiya Stadium,,,736.0353,25155.0,,Woldiya Stadium,73.60353
"43.76013333, 24.87744167",Stadionul Municipal,Romania,Sud-Muntenia,0,,RO,Stadionul Municipal,0
"-2.681707, 118.894702",Manakarra Stadium,,,0,,,Manakarra Stadium,0
"36.1309612, -86.7676932",Geodis Park,,,0,,,Geodis Park,0
"-3.11189, -60.0175",Q48879597,,,231,10000.0,,Q48879597,23.1
"17.976111111, -92.945555555",Estadio Olímpico de Villahermosa,,,0,,,Estadio Olímpico de Villahermosa,0
"20.713242, -103.401353",Estadio Akron,,,57.75,3000.0,,Estadio Akron,5.775
"33.4980615, -86.8125946",PNC Field,,,115.5,5000.0,,PNC Field,11.55
"41.914833, -87.661055",Lincoln Yards Stadium,,,585.2,20000.0,,Lincoln Yards Stadium,58.52
"50.8837, -114.0988",ATCO Field,,,138.6,6000.0,,ATCO Field,13.86
"46.995556, 6.944167",Stade de la Maladière (1924),Switzerland,Espace Mittelland,746.13,25500.0,CH,Stade de la Maladière (1924),74.613
"60.02436, 30.40516",Nova Arena,,,0,,,Nova Arena,0
"35.076484, 33.259092",Anageia-Deftera-Psimolofou Community Stadium,Cyprus,Kýpros,0,,CY,Anageia-Deftera-Psimolofou Community Stadium,0
"42.52147, -8.79203",Q115895060,Spain,Galicia,0,,ES,Q115895060,0
"37.160850208, 22.863823082",Leonidio Indoor Gym,Greece,Peloponnese,0,,Greece,Leonidio Indoor Gym,0
"-15.7835, -47.899164",Estádio Nacional de Brasília,,,2691.535,69910.0,,Estádio Nacional de Brasília,269.1535
"40.634133, 15.804317",Stadio Alfredo Viviani,Italy,Basilicata,138.6,6000.0,IT,Stadio Alfredo Viviani,13.86
"-3.083056, -60.028056",Arena Amazônia,,,1784.77992,42924.0,,Arena Amazônia,178.477992
"-34.912, -57.9389",Estadio Jorge Luis Hirschi,,,878.32668,30018.0,,Estadio Jorge Luis Hirschi,87.832668
"48.162306, 16.386694",Generali Arena,Austria,Wien,516.61456,17656.0,AT,Generali Arena,51.661456
"-22.890916666, -43.228252777",Estádio São Januário,,,731.5,25000.0,,Estádio São Januário,73.15
"22.568889, 88.409167",Salt Lake Stadium,,,2618,68000.0,,Salt Lake Stadium,261.8
"12.36869444, -1.55344444",Stade du 4 Août,,,1540,40000.0,,Stade du 4 Août,154
"55.03866667, 82.92505556",Spartak Stadium,,,288.75,12500.0,,Spartak Stadium,28.875
"-12.946636, -38.417019",Estádio de Pituaçu,,,940.91382,32157.0,,Estádio de Pituaçu,94.091382
"41.40127778, -8.52242222",Estádio Municipal 22 de Junho,Portugal,Norte,119.7966,5186.0,PT,Estádio Municipal 22 de Junho,11.97966
"38.708806, -9.260833",Estádio Nacional,Portugal,Grande Lisboa,1099.97118,37593.0,PT,Estádio Nacional,109.997118
"-22.508336, -44.096928",Estádio Raulino de Oliveira,,,614.46,21000.0,,Estádio Raulino de Oliveira,61.446
"-18.913889, -48.2325",Estádio Parque do Sabiá,,,2053.975,53350.0,,Estádio Parque do Sabiá,205.3975
"-37.825278, 144.983889",Melbourne Rectangular Stadium,,,879.263,30050.0,,Melbourne Rectangular Stadium,87.9263
"45.025277777, 38.999444444",Kuban Stadium,,,926.19604,31654.0,,Kuban Stadium,92.619604
"52.455, 4.635",BUKO Stadion,Netherlands,Noord-Holland,120.12,5200.0,NL,BUKO Stadion,12.012
"34.874722, 32.381111",Peyia Municipal Stadium,Cyprus,Kýpros,73.689,3828.0,CY,Peyia Municipal Stadium,7.3689
"32.506067, -116.993092",Caliente Stadium,,,799.76358,27333.0,,Caliente Stadium,79.976358
"-2.9072, -79.005489",Estadio Alejandro Serrano Aguilar,,,0,,,Estadio Alejandro Serrano Aguilar,0
"9.54586111, -13.67291667",Stade du 28 Septembre,,,731.5,25000.0,,Stade du 28 Septembre,73.15
"-12.067138888, -77.033722222",Estadio Nacional del Perú (1897),,,1663.2,40000.0,,Estadio Nacional del Perú (1897),166.32
"41.443517512, 2.209674382",Nou Camp Municipal de Santa Coloma,Spain,Cataluña,115.5,5000.0,ES,Nou Camp Municipal de Santa Coloma,11.55
"53.905416666, 30.340972222",Spartak Stadium,,,169.785,7350.0,,Spartak Stadium,16.9785
"53.277534, 50.23769",Samara Arena,,,1729.343,44918.0,,Samara Arena,172.9343
"43.0831, -89.3731",Breese Stevens Field,,,0,,,Breese Stevens Field,0
"-34.606056, -58.55675",City of Caseros Stadium,,,489.8124,16740.0,,City of Caseros Stadium,48.98124
"-14.067981, -75.7389661",Estadio José Picasso Peratta,,,231,10000.0,,Estadio José Picasso Peratta,23.1
"-9.6675, -35.718056",Estádio Severiano Gomes Filho,,,138.6,6000.0,,Estádio Severiano Gomes Filho,13.86
"40.8875, -73.901389",Gaelic Park,,,38.5,2000.0,,Gaelic Park,3.85
"34.74376, 32.4407",Geroskipou Municipal Stadium,,,38.5,2000.0,,Geroskipou Municipal Stadium,3.85
"29.173056, -81.1175",Municipal Stadium,,,221.7831,9601.0,,Municipal Stadium,22.17831
"32.7731, -117.1837",Torero Stadium,,,138.6,6000.0,,Torero Stadium,13.86
"-12.1403, -38.4152",Q9255173,,,526.68,18000.0,,Q9255173,52.668
"-15.826389, -47.972222",Q9255176,,,161.7,7000.0,,Q9255176,16.17
"-5.52530556, -47.48847222",Q9255395,,,231,10000.0,,Q9255395,23.1
"-12.544360873, -55.742873745",Q10276918,,,0,,,Q10276918,0
"-15.60694444, -56.105",Q10276935,,,0,,,Q10276935,0
"-19.94861111, -44.23666667",Q10277085,,,0,,,Q10277085,0
"-5.98898, -79.7527",Estadio Francisco Mendoza Pizarro,,,115.5,5000.0,,Estadio Francisco Mendoza Pizarro,11.55
"48.7189, 37.5493",Prapor Stadium,,,138.6,6000.0,,Prapor Stadium,13.86
"22.562035, 88.342223",Mohun Bagan Ground,,,643.72,22000.0,,Mohun Bagan Ground,64.372
"34.711831, 32.57403",Kouklia Community Stadium,,,0,,,Kouklia Community Stadium,0
"34.793215, 32.411669",Chloraka Community Stadium,,,67.375,3500.0,,Chloraka Community Stadium,6.7375
"-15.82668, -47.97075",Q18476082,,,0,,,Q18476082,0
"35.113422, 33.391035",Latsia Municipal Stadium,Cyprus,Kýpros,0,,CY,Latsia Municipal Stadium,0
"34.960491, 33.633736",Ayia Pasaskevi Livadion Municipal Stadium,Cyprus,Kýpros,0,,CY,Ayia Pasaskevi Livadion Municipal Stadium,0
"34.659368, 32.971326",Trachoni Community Stadium,Cyprus,Kýpros,0,,CY,Trachoni Community Stadium,0
"35.108889, 32.514171","Ayia Marina Chrysochous Community Stadium ""Evripides""",Cyprus,Kýpros,0,,CY,"Ayia Marina Chrysochous Community Stadium ""Evripides""",0
"-2.681707, 118.894702",Manakarra Stadium,,,0,,,Manakarra Stadium,0
"34.665589, 32.91082",Episkopi Community Stadium,Cyprus,Kýpros,0,,CY,Episkopi Community Stadium,0
"34.721398, 33.096002",Mouttagiaka Community Stadium,Cyprus,Kýpros,0,,CY,Mouttagiaka Community Stadium,0
"30.388206, -97.719837",Q2 Stadium,,,599.83,20500.0,,Q2 Stadium,59.983
"42.03278, -7.97167",Q61388072,Spain,Galicia,0,,ES,Q61388072,0
"42.33333, -8.80555",Campo das Laxes,,,0,,,Campo das Laxes,0
"34.714987, 32.52834",Mandria Community Stadium,,,0,,,Mandria Community Stadium,0
"34.714987, 32.52834",Mandria Community Stadium,,,0,,,Mandria Community Stadium,0
"34.78238655, 32.41608456",Mouttalos Municipal Stadium,,,0,,,Mouttalos Municipal Stadium,0
"34.78238655, 32.41608456",Mouttalos Municipal Stadium,,,0,,,Mouttalos Municipal Stadium,0
"34.78238655, 32.41608456",Mouttalos Municipal Stadium,,,0,,,Mouttalos Municipal Stadium,0
"34.836558, 32.421421",Tala Community Stadium,Cyprus,Kýpros,0,,CY,Tala Community Stadium,0
"34.792643, 32.431818",Sportivo Sport Centre,Cyprus,Kýpros,0,,CY,Sportivo Sport Centre,0
"38.3528, 34.0388",Dağılgan Stadium,TR,"Kırıkkale, Aksaray, Niğde, Nevşehir, Kırşehir",0,,TR,Dağılgan Stadium,0
"39.511722222, 2.531944444",Camp Municipal de Magaluf,Spain,Illes Balears,67.375,3500.0,ES,Camp Municipal de Magaluf,6.7375
"34.80655, 33.387185",Agios Theodoros Community Stadium,Cyprus,Kýpros,0,,CY,Agios Theodoros Community Stadium,0
"56.096388888, -3.37","Keir's Park, Hill of Beath",,,0,,,"Keir's Park, Hill of Beath",0
"42.882767, -8.516014",Estadio Multiusos de San Lázaro,Spain,Galicia,487.64716,16666.0,ES,Estadio Multiusos de San Lázaro,48.764716
"45.544167, 11.555556",Stadio Romeo Menti,Italy,Veneto,280.9653,12163.0,IT,Stadio Romeo Menti,28.09653
"5.551388888, -0.191944444",Accra Sports Stadium,,,1540,40000.0,,Accra Sports Stadium,154
"5.5516, -0.19184",Accra Sports Stadium,,,1540,40000.0,,Accra Sports Stadium,154
"40.410986, 49.897711",ASK Arena,,,187.6875,8125.0,,ASK Arena,18.76875
"40.410986, 49.897711",ASK Arena,,,187.6875,8125.0,,ASK Arena,18.76875
"45.91722, 6.11972","Parc des Sports, Annecy",France,Rhône-Alpes,458.2116,15660.0,FR,"Parc des Sports, Annecy",45.82116
"45.91722, 6.11972","Parc des Sports, Annecy",France,Rhône-Alpes,459.79164,15714.0,FR,"Parc des Sports, Annecy",45.979164
"15.34927222, 38.92125556",Cicero Stadium,,,585.2,20000.0,,Cicero Stadium,58.52
"43.536111, -5.637222",Campos de Sport del Sardinero,Spain,Principado de Asturias,859.39546,29371.0,ES,Campos de Sport del Sardinero,85.939546
"42.749167, 13.954722",Stadio Rubens Fadini,Italy,Abruzzo,83.67975,4347.0,IT,Stadio Rubens Fadini,8.367975
"42.453333, -2.453333",Estadio Las Gaunas,Spain,La Rioja,468.16,16000.0,ES,Estadio Las Gaunas,46.816
"21.029722, 105.833056",Hàng Đẫy Stadium,,,643.72,22000.0,,Hàng Đẫy Stadium,64.372
"44.9203, 8.616580555",Stadio Giuseppe Moccagatta,Italy,Piemonte,134.6037,5827.0,IT,Stadio Giuseppe Moccagatta,13.46037
"40.149373, 44.476449",Mika Stadium,,,161.7,7000.0,,Mika Stadium,16.17
"54.090666666, 13.414777777",Q2532191,Germany,Mecklenburg-Vorpommern,184.8,8000.0,DE,Q2532191,18.48
"63.439414, -20.28795",Hásteinsvöllur,Iceland,Ísland,68.145,3540.0,IS,Hásteinsvöllur,6.8145
"35.143055555, -90.049166666",AutoZone Park,,,332.2704,14384.0,,AutoZone Park,33.22704
"22.141391, -100.985159",Estadio Plan de San Luis Potosí,,,585.2,20000.0,,Estadio Plan de San Luis Potosí,58.52
"-9.468333, 147.198333",PNG Football Stadium,,,277.2,12000.0,,PNG Football Stadium,27.72
"25.305833333, 49.612777777",Prince Abdullah bin Jalawi Sports City,,,806.113,27550.0,,Prince Abdullah bin Jalawi Sports City,80.6113
"25.305833, 49.612778",Prince Abdullah bin Jalawi Sports City,,,806.113,27550.0,,Prince Abdullah bin Jalawi Sports City,80.6113
"54.8259, 56.0614",Neftyanik,,,442.76232,15132.0,,Neftyanik,44.276232
"40.332217, 49.817664",Bayil Stadium,,,115.5,5000.0,,Bayil Stadium,11.55
"48.443111111, -123.523055555",Westhills Stadium,,,30.8,1600.0,,Westhills Stadium,3.08
"48.443111111, -123.523055555",Westhills Stadium,,,32.34,6000.0,,Westhills Stadium,3.234
"35.014, -85.322",Chattanooga Christian School,,,0,,,Chattanooga Christian School,0
"42.734722, -84.545278",Jackson Field,,,173.8737,7527.0,,Jackson Field,17.38737
"38.868504, -77.012935",Audi Field,,,702.24,24000.0,,Audi Field,70.224
"41.753783, -72.661061",Trinity Health Stadium,,,585.2,20000.0,,Trinity Health Stadium,58.52
"38.682847222, -4.088722222",Estadio Ciudad de Puertollano,Spain,Castilla-La Mancha,167.244,7240.0,ES,Estadio Ciudad de Puertollano,16.7244
"41.667997, -3.698911",Estadio El Montecillo,Spain,Castilla y León,115.5,5000.0,ES,Estadio El Montecillo,11.55
"25.8532, 119.609",Haixia Olympic Center Stadium,,,2310,60000.0,,Haixia Olympic Center Stadium,231
"50.109741, 14.599274",Na Chvalech,Czechia,Praha,65.45,3400.0,CZ,Na Chvalech,6.545
"43.2526, -79.8302",Tim Hortons Field,,,658.35,22500.0,,Tim Hortons Field,65.835
"61.6054, -149.138",Palmer High School,,,0,,,Palmer High School,0
"31.7715, -106.385",Patriot Stadium,,,57.75,3000.0,,Patriot Stadium,5.775
"-6.476573, 106.825181",Cibinong Mini Stadium,,,0,,,Cibinong Mini Stadium,0
"32.73161, -97.28791",Polytechnic High School,,,0,,,Polytechnic High School,0
"66.072956, -23.136141",Q7825697,Iceland,Ísland,38.5,2000.0,IS,Q7825697,3.85
"43.2775, -2.83932",Lezama Facilities,Spain,País Vasco,62.5625,3250.0,ES,Lezama Facilities,6.25625
"49.2489, 24.6369","Enerhetyk Stadium, Burshtyn",,,57.75,3000.0,,"Enerhetyk Stadium, Burshtyn",5.775
"24.822691, 93.95245",Khuman Lampak Main Stadium,,,877.8,30000.0,,Khuman Lampak Main Stadium,87.78
"47.0903, 37.5436","Azovets Stadium, Mariupol",,,0,,,"Azovets Stadium, Mariupol",0
"47.0983, 37.6228","Azovets Stadium, Mariupol",,,0,,,"Azovets Stadium, Mariupol",0
"50.7362, 5.70772",Stade de la Cité de l'Oie,Belgium,Prov. Liège,126.126,5460.0,BE,Stade de la Cité de l'Oie,12.6126
"45.043395, 39.035566",Krasnodar Academy Stadium,,,67.375,3500.0,,Krasnodar Academy Stadium,6.7375
"-17.730833, 168.315833",Port Vila Municipal Stadium,,,231,10000.0,,Port Vila Municipal Stadium,23.1
"11.584528, 37.382944",Bahir Dar Stadium,,,2310,60000.0,,Bahir Dar Stadium,231
"11.584722, 37.382778",Bahir Dar Stadium,,,2310,60000.0,,Bahir Dar Stadium,231
"40.35892, 50.29311",Zira Olympic Sport Complex Stadium,,,28.875,1500.0,,Zira Olympic Sport Complex Stadium,2.8875
"13.579414, 100.794345",M Power Stadium,,,0,,,M Power Stadium,0
"-9.665019, 20.3929",Estádio das Mangueiras,,,0,,,Estádio das Mangueiras,0
"47.639167, 23.509444",Stadionul Central,Romania,Nord-Vest,11.55,600.0,RO,Stadionul Central,1.155
"44.380583333, 26.087833333",Stadionul Progresul Spartac,Romania,Bucureşti-Ilfov,19.8275,1030.0,RO,Stadionul Progresul Spartac,1.98275
"39.592194444, 2.626861111",Son Flor,Spain,Illes Balears,0,,ES,Son Flor,0
"-29.245183, -51.539033",Q639696,,,115.5,5000.0,,Q639696,11.55
"-30.044961, -52.887631",Q935064,,,115.5,5000.0,,Q935064,11.55
"-7.253889, -35.880833",Amigão,,,1024.1,35000.0,,Amigão,102.41
"-7.253889, -35.880833",Amigão,,,1024.1,35000.0,,Amigão,102.41
"-23.520556, -46.618333",Estádio do Canindé,,,614.57704,21004.0,,Estádio do Canindé,61.457704
"10.491278, -66.885492",Estadio Olímpico,,,728.574,24900.0,,Estadio Olímpico,72.8574
"-22.508336, -44.096928",Estádio Raulino de Oliveira,,,614.46,21000.0,,Estádio Raulino de Oliveira,61.446
"-22.031517, -47.901764",Estádio Luís Augusto de Oliveira,,,231,10000.0,,Estádio Luís Augusto de Oliveira,23.1
"-22.098611, -51.415",Estadio Paulo Constantino,,,1709.939,44414.0,,Estadio Paulo Constantino,170.9939
"41.5388, -8.4209",Estádio 1º de Maio,Portugal,Norte,819.28,28000.0,PT,Estádio 1º de Maio,81.928
"-20.501389, -54.609722",Morenão,,,1732.5,45000.0,,Morenão,173.25
"-19.478794, -44.222022",Arena do Jacaré,,,497.42,17000.0,,Arena do Jacaré,49.742
"-1.445, -48.465833",Baenão,,,512.57668,17518.0,,Baenão,51.257668
"-3.121944, -60.037778",Estádio Ismael Benigno,,,468.16,16000.0,,Estádio Ismael Benigno,46.816
"-9.970278, -67.8075",Estádio José de Melo,,,184.8,8000.0,,Estádio José de Melo,18.48
"-7.2242, -39.3178",Estádio Mauro Sampaio,,,468.16,16000.0,,Estádio Mauro Sampaio,46.816
"-23.414167, -51.938056",Estádio Willie Davids,,,632.016,21600.0,,Estádio Willie Davids,63.2016
"-16.2466, -47.9411",Estádio Zequinha Roriz,,,643.72,22000.0,,Estádio Zequinha Roriz,64.372
"-33.0336, -71.3719",Q5848017,,,77,4000.0,,Q5848017,7.7
"22.20888889, 113.54611111",Lin Fong Sports Centre,,,0,,,Lin Fong Sports Centre,0
"22.20888889, 113.54611111",Lin Fong Sports Centre,,,0,,,Lin Fong Sports Centre,0
"-9.577222, -48.391944",Q9255190,,,38.5,2000.0,,Q9255190,3.85
"-6.367874, -39.302763",Elmo Moreno Stadium,,,184.8,8000.0,,Elmo Moreno Stadium,18.48
"-7.299864, -38.149611",Q9255308,,,57.75,3000.0,,Q9255308,5.775
"-5.18555556, -37.35694444",Nogueirão,,,731.5,25000.0,,Nogueirão,73.15
"-6.439167, -37.083333",Q9255537,,,231,10000.0,,Q9255537,23.1
"-18.408611, -49.243611",Estádio JK,,,965.58,33000.0,,Estádio JK,96.558
"-22.01778, -47.89083",Estádio Derby Sãocarlense,,,0,,,Estádio Derby Sãocarlense,0
"-26.908353, -48.659667",Estádio Hercílio Luz,,,277.2,12000.0,,Estádio Hercílio Luz,27.72
"-23.94575, -46.364055555",Spain Stadium,,,0,,,Spain Stadium,0
"-21.466880631, -49.232135227",Estádio Jorge Ismael de Biasi,,,0,,,Estádio Jorge Ismael de Biasi,0
"-16.71805556, -43.87055556",Estádio José Maria de Melo,,,0,,,Estádio José Maria de Melo,0
"-22.74362222, -42.85960833",Q10277162,,,0,,,Q10277162,0
"-12.74049444, -38.61136389",Q10277328,,,0,,,Q10277328,0
"-10.282057778, -48.330539246",Estádio Nilton Santos,,,0,,,Estádio Nilton Santos,0
"-8.44388889, -35.02027778",Q10277369,,,0,,,Q10277369,0
"-8.44388889, -35.02027778",Q10277369,,,0,,,Q10277369,0
"-28.28228333, -52.37630833",Q10277480,,,0,,,Q10277480,0
"-18.712222, -40.404167",Q10277503,,,38.5,2000.0,,Q10277503,3.85
"-16.37274722, -49.49316944",Q10277505,,,0,,,Q10277505,0
"-30.04027778, -51.20305556",Q10277523,,,0,,,Q10277523,0
"-27.1041, -52.607",Arena Condá,,,661.276,22600.0,,Arena Condá,66.1276
"-23.520114, -46.631822",Chácara da Floresta,,,0,,,Chácara da Floresta,0
"-3.11189, -60.0175",Q48879597,,,231,10000.0,,Q48879597,23.1
"-2.487727332, 28.899708957",Kamarampaka Stadium,,,77,4000.0,,Kamarampaka Stadium,7.7
"18.426388888, -64.620833333",A.O. Shirley Recreation Ground,,,57.75,3000.0,,A.O. Shirley Recreation Ground,5.775
"37.914261, 40.221461",Diyarbakır Atatürk Stadium,TR,"Şanlıurfa, Diyarbakır",299.4453,12963.0,TR,Diyarbakır Atatürk Stadium,29.94453
"15.301944, -61.384167",Windsor Park,,,277.2,12000.0,,Windsor Park,27.72
"21.773, -72.212",TCIFA National Academy,,,57.75,3000.0,,TCIFA National Academy,5.775
"36.149356, -5.350342",Victoria Stadium,,,115.5,5000.0,,Victoria Stadium,11.55
"36.149356, -5.350342",Victoria Stadium,,,115.5,5000.0,,Victoria Stadium,11.55
"3.08225, 101.544944",Shah Alam Stadium,,,4022.6186,80372.0,,Shah Alam Stadium,402.26186
"-4.27352778, 15.24841667",Stade Alphonse Massemba-Débat,,,966.66262,33037.0,,Stade Alphonse Massemba-Débat,96.666262
"12.2317, -68.3298",Stadion Antonio Trenidat,,,28.875,1500.0,,Stadion Antonio Trenidat,2.8875
"3.098708333, 101.593769444",Petaling Jaya Stadium,,,731.5,25000.0,,Petaling Jaya Stadium,73.15
"5.565437, 95.34126",H. Dimurthala Stadium,,,0,,,H. Dimurthala Stadium,0
"-7.667333333, 109.666555555",Chandradimuka Stadium,,,0,,,Chandradimuka Stadium,0
"19.445502777, -70.679663888",Estadio Cibao FC,,,0,,,Estadio Cibao FC,0
"-7.954759, 110.605073",Gelora Handayani Stadium,,,231,10000.0,,Gelora Handayani Stadium,23.1
"40.53453, 34.92282",Çorum City Stadium,TR,"Samsun, Tokat, Çorum, Amasya",438.9,15000.0,TR,Çorum City Stadium,43.89
"36.999, 37.79",Q123481730,TR,"Gaziantep, Adıyaman, Kilis",0,,TR,Q123481730,0
"34.769186, 32.440144",Pafiako Stadium,,,205.0818,8878.0,,Pafiako Stadium,20.50818
"21.773, -72.212",TCIFA National Academy,,,57.75,3000.0,,TCIFA National Academy,5.775
"42.011739, -4.516136",Estadio Nueva Balastera,Spain,Castilla y León,186.417,8070.0,ES,Estadio Nueva Balastera,18.6417
"44.943611, 34.089722",Lokomotiv Republican Sports Complex,,,584.55628,19978.0,,Lokomotiv Republican Sports Complex,58.455628
"45.64887, 11.30435",Stadio dei Fiori,Italy,Veneto,138.6,6000.0,IT,Stadio dei Fiori,13.86
"56.1166, -3.77864",Recreation Park,,,59.675,3100.0,,Recreation Park,5.9675
"41.356, -8.190722222",Estádio Dr. Machado de Matos,Portugal,Norte,174.174,7540.0,PT,Estádio Dr. Machado de Matos,17.4174
"41.0083, -74.0287",Pascack Valley High School,,,0,,,Pascack Valley High School,0
"34.679186, 32.95507",Stelios Chari Stadium,Cyprus,Kýpros,0,,CY,Stelios Chari Stadium,0
"34.677839, 32.921718",Erimi Community Stadium,Cyprus,Kýpros,0,,CY,Erimi Community Stadium,0
"32.79702778, 35.52113889",Tiberias Municipal Stadium,,,0,,,Tiberias Municipal Stadium,0
"52.276383, 76.949712",Pavlodar Central Stadium,,,438.9,15000.0,,Pavlodar Central Stadium,43.89
"52.500833, 13.264167",Mommsenstadion,Germany,Berlin,265.65,11500.0,DE,Mommsenstadion,26.565
"52.500833, 13.264167",Mommsenstadion,Germany,Berlin,265.73855,15005.0,DE,Mommsenstadion,26.573855
"37.751666666, -122.200555555",Oakland Coliseum,,,1026.06042,35067.0,,Oakland Coliseum,102.606042
"37.751666666, -122.200555555",Oakland Coliseum,,,1020.68274,63122.0,,Oakland Coliseum,102.068274
"55.7914, 37.5597",VTB Arena,,,752.33312,25712.0,,VTB Arena,75.233312
"55.7328, 12.4968",Gladsaxe Stadium,Denmark,Hovedstaden,312.0117,13507.0,DK,Gladsaxe Stadium,31.20117
"40.534111111, 22.202361111",Veria Stadium,Greece,Central Macedonia,146.685,6350.0,Greece,Veria Stadium,14.6685
"55.8097, 37.7131",Spartakovets Stadium,,,115.5,5000.0,,Spartakovets Stadium,11.55
"59.89361111, 10.78083333",Ekebergsletta,Norway,Oslo og Viken,0,,NO,Ekebergsletta,0
"34.74376, 32.4407",Geroskipou Municipal Stadium,,,38.5,2000.0,,Geroskipou Municipal Stadium,3.85
"35.1106, -80.6992",Sportsplex at Matthews,,,115.5,5000.0,,Sportsplex at Matthews,11.55
"35.010126, 33.692886",Pyla Community Stadium,Cyprus,Kýpros,0,,CY,Pyla Community Stadium,0
"47.11629, 2.39547",Stade Jacques Rimbault,France,Centre — Val de Loire,0,,FR,Stade Jacques Rimbault,0
"45.519388, 9.209445",Campo Pirelli,Italy,Lombardia,0,,IT,Campo Pirelli,0
"35.10828, 33.193331",Doxa Paliometochou Stadium,Cyprus,Kýpros,0,,CY,Doxa Paliometochou Stadium,0
"38.631052, -90.210921",Energizer Park,,,658.35,22500.0,,Energizer Park,65.835
"28.44852, -16.32914",Q65665971,Spain,Canarias,0,,ES,Q65665971,0
"34.746644, 33.188163",Pyrgos Community Stadium,Cyprus,Kýpros,0,,CY,Pyrgos Community Stadium,0
"-16.495833333, -68.133333333",La Paz,,,0,,,La Paz,0
"-33.202277777, -70.674888888",Colina,,,0,,,Colina,0
"37.872294, -4.764642",Estadio Nuevo Arcángel,Spain,Andalucía,638.51172,21822.0,ES,Estadio Nuevo Arcángel,63.851172
"43.70513, 7.19262",Allianz Riviera,France,Provence-Alpes-Côte d’Azur,1058.56828,36178.0,FR,Allianz Riviera,105.856828
"63.83, 20.285277777",Umeå Energi Arena,Sweden,Övre Norrland,231,10000.0,SE,Umeå Energi Arena,23.1
"43.476389, -3.793333",Campos de Sport de El Sardinero,,,634.942,21700.0,,Campos de Sport de El Sardinero,63.4942
"49.2783, 8.84212",Dietmar-Hopp-Stadion,Germany,Karlsruhe,146.685,6350.0,DE,Dietmar-Hopp-Stadion,14.6685
"39.487130555, -6.412347222",Estadio Príncipe Felipe,Spain,Extremadura,161.7,7000.0,ES,Estadio Príncipe Felipe,16.17
"48.744444, 11.443056",Tuja-Stadion,Germany,Oberbayern,263.7558,11418.0,DE,Tuja-Stadion,26.37558
"7.889, 98.3716",Surakul Stadium,,,438.9,15000.0,,Surakul Stadium,43.89
"39.494722, -0.364167",Estadi Ciutat de València,Spain,Comunitat Valenciana,771.11804,26354.0,ES,Estadi Ciutat de València,77.111804
"51.413333, 16.1975",Stadion Zagłębia Lubin,Poland,Dolnośląskie,470.14968,16068.0,PL,Stadion Zagłębia Lubin,47.014968
"50.4266, 7.41989",Stadion SG 99 Andernach,Germany,Koblenz,0,,DE,Stadion SG 99 Andernach,0
"39.5425, -0.45555556",Ciudad Deportiva de Paterna,Spain,Comunitat Valenciana,57.75,3000.0,ES,Ciudad Deportiva de Paterna,5.775
"38.37657222, -4.841475",Estadio Municipal de Pozoblanco,Spain,Andalucía,0,,ES,Estadio Municipal de Pozoblanco,0
"-23.414167, -51.938056",Estádio Willie Davids,,,632.016,21600.0,,Estádio Willie Davids,63.2016
"37.3517, -5.98222",Ciudad Deportiva Luis Del Sol,Spain,Andalucía,67.375,3500.0,ES,Ciudad Deportiva Luis Del Sol,6.7375
"-34.4042, -70.8607",Q5848180,,,115.5,5000.0,,Q5848180,11.55
"-26.72555556, 27.115",Olën Park,,,643.72,22000.0,,Olën Park,64.372
"-3.436583333, 114.876777777",Demang Lehman Stadium,,,150.15,6500.0,,Demang Lehman Stadium,15.015
"50.6692, -120.366",Hillside Stadium,,,20.405,1060.0,,Hillside Stadium,2.0405
"52.434577, 10.807511",AOK Stadion,Germany,Braunschweig,0,,DE,AOK Stadion,0
"45.435408333, 10.962194444",Stadio Aldo Olivieri,Italy,Veneto,0,,IT,Stadio Aldo Olivieri,0
"35.071444444, 136.578138888",Toin Stadium,,,0,,,Toin Stadium,0
"48.2137, 11.5912",FC Bayern Campus,Germany,Oberbayern,48.125,2500.0,DE,FC Bayern Campus,4.8125
"46.275, 4.97",Stade Jean-François Pelletier,France,Rhône-Alpes,0,,FR,Stade Jean-François Pelletier,0
"44.03976, 1.41176",Stade du Ramier,France,Midi-Pyrénées,0,,FR,Stade du Ramier,0
"28.119243228, -16.581852384",Estadio Francisco Suárez,Spain,Canarias,0,,ES,Estadio Francisco Suárez,0
"27.810995039, -15.473596746",Campo de Fútbol de Juan Grande,Spain,Canarias,0,,ES,Campo de Fútbol de Juan Grande,0
"44.4681, -73.1944",Virtue Field,,,50.05,2600.0,,Virtue Field,5.005
"41.641300396, -4.768163669",Estadio José Luis Saso,Spain,Castilla y León,0,,ES,Estadio José Luis Saso,0
"43.035796489, -7.80015243",campo da Reigosa,Spain,Galicia,0,,ES,campo da Reigosa,0
"48.947100435, 2.35229635",Auguste Delaune Stadium,France,Ile-de-France,0,,FR,Auguste Delaune Stadium,0
"46.314825, 4.784697",Q118976108,France,Bourgogne,0,,FR,Q118976108,0
"46.314825, 4.784697",Q118976108,France,Bourgogne,0,,FR,Q118976108,0
"46.211929, 4.75712",Q119121681,France,Bourgogne,0,,FR,Q119121681,0
"46.24667, 4.82833",Q119207416,France,Rhône-Alpes,0,,FR,Q119207416,0
"46.21667, 4.91444",Q119207659,France,Rhône-Alpes,0,,FR,Q119207659,0
"46.21667, 4.91444",Q119207659,France,Rhône-Alpes,0,,FR,Q119207659,0
"46.21667, 4.91444",Q119207659,France,Rhône-Alpes,0,,FR,Q119207659,0
"46.25174, 4.90054",Centre Sportif du Malivert,France,Rhône-Alpes,0,,FR,Centre Sportif du Malivert,0
"47.33047, 0.61112",Q120156764,France,Centre — Val de Loire,0,,FR,Q120156764,0
"-27.702620465, 23.057685832",Sivos Training Centre Stadium,,,0,,,Sivos Training Centre Stadium,0
"43.30065, 5.40135",Q107407661,France,Provence-Alpes-Côte d’Azur,0,,FR,Q107407661,0
"42.562222, 12.635278",Stadio Libero Liberati,Italy,Umbria,510.8796,17460.0,IT,Stadio Libero Liberati,51.08796
"42.758889, 11.1075",Stadio Olimpico Carlo Zecchini,Italy,Toscana,225.1557,9747.0,IT,Stadio Olimpico Carlo Zecchini,22.51557
"-34.643494, -58.396511",Estadio Tomás Adolfo Ducó,,,1860.089,48314.0,,Estadio Tomás Adolfo Ducó,186.0089
"-34.717667, -58.383806",Estadio Ciudad de Lanús Néstor Díaz Pérez,,,1908.984,49584.0,,Estadio Ciudad de Lanús Néstor Díaz Pérez,190.8984
"58.584166666, 16.173055555",Idrottsparken,Sweden,Östra Mellansverige,504.26684,17234.0,SE,Idrottsparken,50.426684
"54.717407, 20.489826",Baltika Stadium,,,86.625,4500.0,,Baltika Stadium,8.6625
"9.409722, -0.861667",Aliu Mahama Sports Stadium,,,585.2,20000.0,,Aliu Mahama Sports Stadium,58.52
"34.422222222, 35.821944444",International Olympic Stadium,,,655.424,22400.0,,International Olympic Stadium,65.5424
"45.664806, 25.585583",Stadionul Silviu Ploeșteanu,Romania,Centru,132.825,5750.0,RO,Stadionul Silviu Ploeșteanu,13.2825
"45.664806, 25.585583",Stadionul Silviu Ploeșteanu,Romania,Centru,132.825,5750.0,RO,Stadionul Silviu Ploeșteanu,13.2825
"-34.6675, -58.368611",El Cilindro,,,2151.38,55880.0,,El Cilindro,215.138
"58.914611, 5.730442",Lyse Arena,Norway,Vestlandet,450.604,15400.0,NO,Lyse Arena,45.0604
"12.659722, -7.993056",Stade Modibo Kéïta,,,1024.1,35000.0,,Stade Modibo Kéïta,102.41
"53.242777777, -2.127222222",Moss Rose,,,146.8005,6355.0,,Moss Rose,14.68005
"49.819234, 24.048193",Ukraina Stadium,,,820.77226,28051.0,,Ukraina Stadium,82.077226
"38.683581944, 16.109495833",Stadio Luigi Razza,Italy,Calabria,138.6,6000.0,IT,Stadio Luigi Razza,13.86
"56.6617, 23.7563",Olympic Sports Center of Zemgale,Latvia,Latvija,30.03,1560.0,LV,Olympic Sports Center of Zemgale,3.003
"54.1828, 45.2014",Mordovia Arena,,,1733.0775,45015.0,,Mordovia Arena,173.30775
"65.7297, 24.5606",Sauvosaaren Urheilupuisto,Finland,Pohjois- ja Itä-Suomi,0,,FI,Sauvosaaren Urheilupuisto,0
"36.13964167, 128.08650833",Gimcheon Stadium,,,0,,,Gimcheon Stadium,0
"36.139672, 128.086549",Gimcheon Stadium,,,0,,,Gimcheon Stadium,0
"14.72743, -17.28088",Stade Ngalandou Diouf,,,173.25,7500.0,,Stade Ngalandou Diouf,17.325
"55.82778, 37.32611",Zorky Stadium,,,184.8,8000.0,,Zorky Stadium,18.48
"39.587638888, 2.645083333",Camp de l'Antoniana,Spain,Illes Balears,5.775,300.0,ES,Camp de l'Antoniana,0.5775
"34.94432, -80.98363",Manchester Meadows Soccer Complex,,,0,,,Manchester Meadows Soccer Complex,0
"26.4626, 87.2859",Sahid Rangsala,,,438.9,15000.0,,Sahid Rangsala,43.89
"43.250277777, -8.557777777",Q25511444,Spain,Galicia,0,,ES,Q25511444,0
"41.456261111, 2.236827777",Badalona municipal stadiun,Spain,Cataluña,80.2725,4170.0,ES,Badalona municipal stadiun,8.02725
"-33.012223, -71.25756",Q105159258,,,0,,,Q105159258,0
"-21.512, -44.90222",Q106306357,,,0,,,Q106306357,0
"39.555083333, 2.596722222",El Garroveral,Spain,Illes Balears,0,,ES,El Garroveral,0
"39.555333333, 2.594277777",El Nou Garroveral,Spain,Illes Balears,0,,ES,El Nou Garroveral,0
"40.005333333, 3.851444444",Camp Municipal del Sami,Spain,Illes Balears,14.4375,750.0,ES,Camp Municipal del Sami,1.44375
"39.866861111, 4.261305555",Estadi de Bintaufa,,,57.75,3000.0,,Estadi de Bintaufa,5.775
"39.865222222, 4.261888888",Camp annex de Bintaufa,,,0,,,Camp annex de Bintaufa,0
"39.608972222, 2.676166666",Camp Municipal de la Indioteria,Spain,Illes Balears,0,,ES,Camp Municipal de la Indioteria,0
"53.763442541, 9.995317638",Sportanlage am Schäferkampsweg,Germany,Schleswig-Holstein,0,,DE,Sportanlage am Schäferkampsweg,0
"59.274881005, 18.0079751",Älvsjö IP,Sweden,Stockholm,0,,SE,Älvsjö IP,0
"36.7241205, 3.5585726",Thénia Stadium,,,44.275,2300.0,,Thénia Stadium,4.4275
"45.84083, 5.04389",Stade des Gravelles,France,Rhône-Alpes,0,,FR,Stade des Gravelles,0
"39.597529, 2.687349",Camp Municipal Verge de Lluc,Spain,Illes Balears,2.31,120.0,ES,Camp Municipal Verge de Lluc,0.231
"41.621267, 0.614147",Camp d'Esports,Spain,Cataluña,438.9,15000.0,ES,Camp d'Esports,43.89
"43.6579, -70.2767",Fitzpatrick Stadium,,,0,,,Fitzpatrick Stadium,0
"55.7958, 49.1535",Trudovye Rezervy Stadium,,,0,,,Trudovye Rezervy Stadium,0
"35.679166666, -0.675277777",Allal Toula Stadium,,,585.2,5000.0,,Allal Toula Stadium,58.52
"43.031047016, -8.813656948",Q125253824,Spain,Galicia,19.25,1000.0,ES,Q125253824,1.925
"42.865930752, -78.8383184",Queen City Field,,,0,,,Queen City Field,0
"49.49976, 0.17164",Stade Océane,France,Haute-Normandie,736.70828,25178.0,FR,Stade Océane,73.670828
"49.49976, 0.17164",Stade Océane,France,Haute-Normandie,736.89,33000.0,FR,Stade Océane,73.689
"35.225833333, -80.852777777",Bank of America Stadium,,,2840.453,73778.0,,Bank of America Stadium,284.0453
"38.919722, 16.587778",Stadio Nicola Ceravolo,Italy,Calabria,338.415,14650.0,IT,Stadio Nicola Ceravolo,33.8415
"51.9234, 0.897703",Colchester Community Stadium,,,233.4255,10105.0,,Colchester Community Stadium,23.34255
"48.40293, -4.46148",Stade Francis-Le Blé,France,Bretagne,441.73822,15097.0,FR,Stade Francis-Le Blé,44.173822
"45.398177777, -75.68365",TD Place Stadium,,,702.24,24000.0,,TD Place Stadium,70.224
"38.092778, 15.635278",Stadio Oreste Granillo,,,805.90818,27543.0,,Stadio Oreste Granillo,80.590818
"49.89422, 2.2633",Stade de la Licorne,France,Picardie,279.4407,12097.0,FR,Stade de la Licorne,27.94407
"56.309435, 43.930403",Lokomotiv Stadium,,,522.46656,17856.0,,Lokomotiv Stadium,52.246656
"36.8206, 34.5389",Mersin Arena,TR,"Adana, Mersin",746.04222,25497.0,TR,Mersin Arena,74.604222
"45.59043, 5.28783",Stade Pierre Rajon,France,Rhône-Alpes,231,10000.0,FR,Stade Pierre Rajon,23.1
"2.04194444, 45.35666667",Banadir Stadium,,,438.9,15000.0,,Banadir Stadium,43.89
"44.0946, 39.07",Vodnik,,,0,,,Vodnik,0
"53.905416666, 30.340972222",Spartak Stadium,,,169.785,7350.0,,Spartak Stadium,16.9785
"39.15213, -77.30633",Maryland SoccerPlex,,,120.12,5200.0,,Maryland SoccerPlex,12.012
"-9.970278, -67.8075",Estádio José de Melo,,,184.8,8000.0,,Estádio José de Melo,18.48
"38.378611111, -0.486944444",Estadio Antonio Solana,Spain,Comunitat Valenciana,48.125,2500.0,ES,Estadio Antonio Solana,4.8125
"60.993611, 24.441944",Kaurialan kenttä,Finland,Etelä-Suomi,77,4000.0,FI,Kaurialan kenttä,7.7
"37.9777, 23.66",Nikaia Municipal Stadium,Greece,Attica,83.94925,4361.0,Greece,Nikaia Municipal Stadium,8.394925
"46.779142, -56.183347",Stade John Girardin,,,26.95,1400.0,,Stade John Girardin,2.695
"56.2356, 43.4587",Khimik Stadium,,,86.625,4500.0,,Khimik Stadium,8.6625
"56.235667, 43.458639",Khimik Stadium,,,86.625,4500.0,,Khimik Stadium,8.6625
"56.2356, 43.4587",Khimik Stadium,,,84.7,10000.0,,Khimik Stadium,8.47
"56.235667, 43.458639",Khimik Stadium,,,84.7,10000.0,,Khimik Stadium,8.47
"-6.73141, 108.534482",Bima Stadium,,,438.9,15000.0,,Bima Stadium,43.89
"-3.1225, -60.034",Estádio Municipal Carlos Zamith,,,0,,,Estádio Municipal Carlos Zamith,0
"-6.697335, -79.904494",Estadio Municipal César Flores Marigorda,,,0,,,Estadio Municipal César Flores Marigorda,0
"55.374, -3.9364",Crawick Holm,,,0,,,Crawick Holm,0
"42.616446, 20.903551",Rexhep Rexhepi Stadium,XK,Kosovo,0,,XK,Rexhep Rexhepi Stadium,0
"42.914722222, -9.26975",Q25511629,,,0,,,Q25511629,0
"38.9138, 1.41511",Estadi Municipal de Can Misses,Spain,Illes Balears,138.6,6000.0,ES,Estadi Municipal de Can Misses,13.86
"5.943819, -57.032715",Asraf Peerkhan Stadion,,,65.45,3400.0,,Asraf Peerkhan Stadion,6.545
"8.493056, -80.339444",Estadio Virgilio Tejeira,,,0,,,Estadio Virgilio Tejeira,0
"46.275, 4.97",Stade Jean-François Pelletier,France,Rhône-Alpes,0,,FR,Stade Jean-François Pelletier,0
"55.8944, 21.2524",Kretinga Stadium,Lithuania,Vidurio ir vakarų Lietuvos regionas,0,,LT,Kretinga Stadium,0
"47.23981, -1.53275",Q99897655,France,Pays de la Loire,1.925,100.0,FR,Q99897655,0.1925
"35.47071, 11.050375",Q99955188,,,0,,,Q99955188,0
"57.789611, 14.223167",Rosenlunds IP,Sweden,Småland med öarna,0,,SE,Rosenlunds IP,0
"43.133374039, -8.035308549",Q125020261,Spain,Galicia,0,,ES,Q125020261,0
"-3.383333, 29.373778",Intwari Stadium,,,643.72,22000.0,,Intwari Stadium,64.372
"43.2861, 40.2626",Daur Akhvlediani Stadium,,,0,,,Daur Akhvlediani Stadium,0
"42.05766, -8.66922",Q115142092,Spain,Galicia,0,,ES,Q115142092,0
"52.283399384, -9.715753287",Mounthawk Park,Ireland,Southern,0,,IE,Mounthawk Park,0
"49.143849, -122.665662",Willoughby Community Park Stadium,,,151.536,6560.0,,Willoughby Community Park Stadium,15.1536
"46.30167, 4.83694",Q120148220,France,Bourgogne,0,,FR,Q120148220,0
"-25.431314271, 28.714828982",Solomon Mahlangu Stadium,,,0,,,Solomon Mahlangu Stadium,0
"59.951944, 30.286389",Petrovsky Stadium,,,629.20704,21504.0,,Petrovsky Stadium,62.920704
"51.005, 5.533333",Cegeka Arena,Belgium,Prov. Limburg (BE),731.5,25000.0,BE,Cegeka Arena,73.15
"34.874722, 32.381111",Peyia Municipal Stadium,Cyprus,Kýpros,73.689,3828.0,CY,Peyia Municipal Stadium,7.3689
"34.874722, 32.381111",Peyia Municipal Stadium,Cyprus,Kýpros,73.689,3828.0,CY,Peyia Municipal Stadium,7.3689
"52.4326, 13.3548",Preussen-Stadion an der Malteserstraße,Germany,Berlin,57.75,3000.0,DE,Preussen-Stadion an der Malteserstraße,5.775
"50.9175, 6.94361",Südstadion,Germany,Köln,317.625,13750.0,DE,Südstadion,31.7625
"9.991111111, -83.033055555",Estadio Juan Gobán,,,45.21825,2349.0,,Estadio Juan Gobán,4.521825
"34.74376, 32.4407",Geroskipou Municipal Stadium,,,38.5,2000.0,,Geroskipou Municipal Stadium,3.85
"55.80651111, 37.73770278",MSA Lokomotiv,,,231,10000.0,,MSA Lokomotiv,23.1
"-1.978106, 30.044125",Stade Régional Nyamirambo,,,643.72,22000.0,,Stade Régional Nyamirambo,64.372
"-37.830833, 144.942222",TEAC Oval,,,277.2,12000.0,,TEAC Oval,27.72
"38.041327, 114.529086",Yutong International Sports Center,,,1126.51,38500.0,,Yutong International Sports Center,112.651
"56.06767, 14.45788",Strandängens IP,Sweden,Sydsverige,0,,SE,Strandängens IP,0
"54.8388, 11.1347",Q12328253,Denmark,Sjælland,0,,DK,Q12328253,0
"35.023902, 33.936355",Sotira Municipal Stadium,Cyprus,Kýpros,0,,CY,Sotira Municipal Stadium,0
"34.725362, 33.136992",Ayios Tykhonas Community Stadium,Cyprus,Kýpros,0,,CY,Ayios Tykhonas Community Stadium,0
"34.982073, 32.909983",Kakopetria Community Stadium,Cyprus,Kýpros,0,,CY,Kakopetria Community Stadium,0
"34.665589, 32.91082",Episkopi Community Stadium,Cyprus,Kýpros,0,,CY,Episkopi Community Stadium,0
"34.673937, 32.941578",Kolossi Community Stadium,Cyprus,Kýpros,0,,CY,Kolossi Community Stadium,0
"34.673937, 32.941578",Kolossi Community Stadium,Cyprus,Kýpros,0,,CY,Kolossi Community Stadium,0
"34.704438, 33.04033",Kalogeropoulio Stadium,Cyprus,Kýpros,0,,CY,Kalogeropoulio Stadium,0
"-26.1823267, 27.9732248",Westbury,,,0,,,Westbury,0
"52.728055555, 41.4525",Spartak Stadium,,,438.9,15000.0,,Spartak Stadium,43.89
"45.75767, 5.6801",Stade Paul Chastel,France,Rhône-Alpes,0,,FR,Stade Paul Chastel,0
"32.844916666, 45.135916666",Al Aziziyah Stadium,,,115.5,5000.0,,Al Aziziyah Stadium,11.55
"45.7626, 4.81497",Stade de la Sarra,France,Rhône-Alpes,0,,FR,Stade de la Sarra,0
"35.076484, 33.259092",Anageia-Deftera-Psimolofou Community Stadium,Cyprus,Kýpros,0,,CY,Anageia-Deftera-Psimolofou Community Stadium,0
"51.750694444, 19.474861111",Stadium of the Sports Championship School in Łódź,Poland,Łódzkie,0,,PL,Stadium of the Sports Championship School in Łódź,0
"33.351388888, 43.811027777",Al-Fallujah Stadium,,,161.7,7000.0,,Al-Fallujah Stadium,16.17
"35.0207, 33.82826",Avgorou Community Stadium,Cyprus,Kýpros,0,,CY,Avgorou Community Stadium,0
"45.80595, 4.90019",Stade de la Lône,France,Rhône-Alpes,0,,FR,Stade de la Lône,0
"42.66836, -8.78964",Q115966649,Spain,Galicia,0,,ES,Q115966649,0
"-37.71707, 144.72669",City Vista Recreation Reserve,,,0,,,City Vista Recreation Reserve,0
"46.312391, 4.936633",Q120148048,France,Rhône-Alpes,0,,FR,Q120148048,0
"46.25111, 4.85167",Q120148119,France,Rhône-Alpes,0,,FR,Q120148119,0
"46.254449, 4.889323",Q120148182,France,Rhône-Alpes,0,,FR,Q120148182,0
"46.30111, 4.8675",Q120148189,France,Rhône-Alpes,0,,FR,Q120148189,0
"51.108056, 71.401667",Astana Arena,,,877.8,30000.0,,Astana Arena,87.78
"50.609908, 5.543344",Stade Maurice Dufrasne,Belgium,Prov. Liège,878.47298,30023.0,BE,Stade Maurice Dufrasne,87.847298
"41.37583333, 2.05222222",Ciutat Esportiva Joan Gamper,Spain,Cataluña,0,,ES,Ciutat Esportiva Joan Gamper,0
"41.2044, 32.6202",Yenişehir Stadium,TR,"Zonguldak, Karabük, Bartın",175.3983,7593.0,TR,Yenişehir Stadium,17.53983
"41.2044, 32.6202",Yenişehir Stadium,TR,"Zonguldak, Karabük, Bartın",172.48,8000.0,TR,Yenişehir Stadium,17.248
"41.2044, 32.6202",Yenişehir Stadium,TR,"Zonguldak, Karabük, Bartın",172.48,16000.0,TR,Yenişehir Stadium,17.248
"55.0698, -3.62494",Palmerston Park,,,176.022,7620.0,,Palmerston Park,17.6022
"55.0698, -3.62494",Palmerston Park,,,176.022,7620.0,,Palmerston Park,17.6022
"21.029722, 105.833056",Hàng Đẫy Stadium,,,643.72,22000.0,,Hàng Đẫy Stadium,64.372
"38.684411, -6.414606",Estadio Francisco de la Hera,Spain,Extremadura,267.498,11580.0,ES,Estadio Francisco de la Hera,26.7498
"37.351389, -121.925",PayPal Park,,,526.68,18000.0,,PayPal Park,52.668
"47.79048, 3.58378",Q3496002,France,Bourgogne,77,4000.0,FR,Q3496002,7.7
"-34.5589, -58.443",Excursionistas Stadium,,,166.32,7200.0,,Excursionistas Stadium,16.632
"41.16, 1.09",Estadi Municipal de Reus,Spain,Cataluña,86.625,4500.0,ES,Estadi Municipal de Reus,8.6625
"-34.69313889, -58.38638889",Estadio Gildo Francisco Ghersinich,,,438.9,15000.0,,Estadio Gildo Francisco Ghersinich,43.89
"14.7887, -16.9316",Stade Maniang Soumaré,,,184.8,8000.0,,Stade Maniang Soumaré,18.48
"63.2766, 18.6819",Kempevallen,Sweden,Mellersta Norrland,0,,SE,Kempevallen,0
"22.276, 113.531",Zhuhai Sports Center,,,1024.1,35000.0,,Zhuhai Sports Center,102.41
"42.44639, -8.62361",Monte Porreiro Municipal Sports Field,Spain,Galicia,0,,ES,Monte Porreiro Municipal Sports Field,0
"31.915394, 34.775203",Ness Ziona Stadium,,,67.375,3500.0,,Ness Ziona Stadium,6.7375
"56.1812, -3.965",Duckburn Park,,,0,,,Duckburn Park,0
"42.54719444, -8.99833333",Q25511729,,,0,,,Q25511729,0
"31.92466667, 34.86652778",Ramla Municipal Stadium,,,38.5,2000.0,,Ramla Municipal Stadium,3.85
"35.95861111, -80.01",Truist Point,,,0,,,Truist Point,0
"39.375019, 22.921016",Q65273070,Greece,Thessaly,0,,Greece,Q65273070,0
"32.784444444, -117.122833333",Snapdragon Stadium,,,0,,,Snapdragon Stadium,0
"33.351388888, 43.811027777",Al-Fallujah Stadium,,,161.7,7000.0,,Al-Fallujah Stadium,16.17
"3.29446772, 32.877439415",Kitgum Boma Grounds,,,0,,,Kitgum Boma Grounds,0
"37.653871431, -0.868561414",Sánchez Luengo Stadium,Spain,Región de Murcia,0,,ES,Sánchez Luengo Stadium,0
"42.480999, -8.640285",Q115766188,Spain,Galicia,0,,ES,Q115766188,0
"42.623889, -8.57611",Q115835188,Spain,Galicia,0,,ES,Q115835188,0
"42.39861, -8.66528",Q115835666,Spain,Galicia,0,,ES,Q115835666,0
"42.31636, -8.78665",Campo da Graña,,,0,,,Campo da Graña,0
"42.21984, -8.27582",Q115917834,Spain,Galicia,0,,ES,Q115917834,0
"42.54206, -8.54014",Q115942175,Spain,Galicia,0,,ES,Q115942175,0
"42.70528, -8.65472",Q116693821,Spain,Galicia,0,,ES,Q116693821,0
"42.60052, -8.65523",Q116810589,Spain,Galicia,0,,ES,Q116810589,0
"42.45772, -8.65875",Q116810761,Spain,Galicia,0,,ES,Q116810761,0
"42.38817, -8.49992",Q116868986,Spain,Galicia,0,,ES,Q116868986,0
"48.86305, 2.53859",Q119440113,France,Ile-de-France,0,,FR,Q119440113,0
"45.04048, 3.87198",Stade du Viouzou,France,Auvergne,19.25,1000.0,FR,Stade du Viouzou,1.925
"39.952048855, -0.069782579",Camp de Futbol J.Pesudo,Spain,Comunitat Valenciana,0,,ES,Camp de Futbol J.Pesudo,0
"38.951342, 121.61985",Dalian Suoyuwan Football Stadium,,,2451.1795,63667.0,,Dalian Suoyuwan Football Stadium,245.11795
"-27.724688194, -64.239791388",Q130355237,,,138.6,6000.0,,Q130355237,13.86
"12.58, -16.25875",Stade Aline Sitoe Diatta,,,231,10000.0,,Stade Aline Sitoe Diatta,23.1
"14.6795, -17.4469",Stade Iba Mar Diop,,,0,,,Stade Iba Mar Diop,0
"48.275, 25.942",Bukovyna Stadium,,,277.2,12000.0,,Bukovyna Stadium,27.72
"39.86972222, 48.06",Heydar Aliyev Stadium,,,196.35,8500.0,,Heydar Aliyev Stadium,19.635
"14.7887, -16.9316",Stade Maniang Soumaré,,,184.8,8000.0,,Stade Maniang Soumaré,18.48
"16.0228, -16.493",Stade de Linguère,,,0,,,Stade de Linguère,0
"14.4292, -16.9727",Stade Caroline Faye,,,115.5,5000.0,,Stade Caroline Faye,11.55
"40.9183, -74.1811",Hinchliffe Stadium,,,231,10000.0,,Hinchliffe Stadium,23.1
"46.18056, 6.15676",Centre sportif du Bout-du-Monde,Switzerland,Région lémanique,0,,CH,Centre sportif du Bout-du-Monde,0
"14.757858055, -17.436975",Stade municipal des Parcelles Assainies,,,0,,,Stade municipal des Parcelles Assainies,0
"14.338815908, -16.412676784",Stade Massène Sène,,,48.125,2500.0,,Stade Massène Sène,4.8125
"40.410986, 49.897711",ASK Arena,,,187.6875,8125.0,,ASK Arena,18.76875
"40.410986, 49.897711",ASK Arena,,,187.6875,8125.0,,ASK Arena,18.76875
"47.561194444, 7.620013888",Stadion Rankhof,Switzerland,Nordwestschweiz,175.56,7600.0,CH,Stadion Rankhof,17.556
"47.046111, 15.454444",Merkur Arena,Austria,Steiermark,450.604,15400.0,AT,Merkur Arena,45.0604
"22.568889, 88.409167",Salt Lake Stadium,,,2618,68000.0,,Salt Lake Stadium,261.8
"-36.918333333, 174.8125",Mount Smart Stadium,,,877.8,30000.0,,Mount Smart Stadium,87.78
"22.559479, 88.343854",East Bengal Ground,,,687.61,23500.0,,East Bengal Ground,68.761
"42.907901, 47.618587",Anji Arena,,,877.8,30000.0,,Anji Arena,87.78
"45.533889, 9.219722",Stadio Ernesto Breda,Italy,Lombardia,86.625,4500.0,IT,Stadio Ernesto Breda,8.6625
"52.2764, 104.282",Trud Stadium,,,450.604,15400.0,,Trud Stadium,45.0604
"40.332217, 49.817664",Bayil Stadium,,,115.5,5000.0,,Bayil Stadium,11.55
"55.850263888, -4.239283333",Glasgow Green,,,0,,,Glasgow Green,0
"4.58423, -74.2132",Q5848111,,,184.8,8000.0,,Q5848111,18.48
"35.929167, 139.529722",Kawagoe Sports Park Athletic Stadium,,,196.35,8500.0,,Kawagoe Sports Park Athletic Stadium,19.635
"51.7989, -0.1025",The Sele School,,,0,,,The Sele School,0
"-1.67544, 29.2626",Umuganda Stadium,,,115.5,5000.0,,Umuganda Stadium,11.55
"-12.784444, -38.402222",Q9255217,,,115.5,5000.0,,Q9255217,11.55
"40.854527777, 46.036222222",Shamkir Olympic Sport Complex Stadium,,,38.5,2000.0,,Shamkir Olympic Sport Complex Stadium,3.85
"58.323131, 26.723022",Ülenurme Stadium,Estonia,Eesti,0,,EE,Ülenurme Stadium,0
"42.3097, -71.0959",White Stadium,,,0,,,White Stadium,0
"49.805332368, 24.134465397",Bohdan Markevich Stadium,,,0,,,Bohdan Markevich Stadium,0
"40.6406, 48.6355",Shamakhi City Stadium,,,42.35,2200.0,,Shamakhi City Stadium,4.235
"-15.407973082, 28.315163439",Atletico Lusaka Sports Complex,,,0,,,Atletico Lusaka Sports Complex,0
"56.334365, -2.791573",The Clayton Caravan Park Recreation Ground,,,14.7455,766.0,,The Clayton Caravan Park Recreation Ground,1.47455
"34.520277777, 109.454722222",Weinan Sports Center Stadium,,,936.32,32000.0,,Weinan Sports Center Stadium,93.632
"24.39449, 102.58116",Yuxi Plateau Sports Center Stadium,,,0,,,Yuxi Plateau Sports Center Stadium,0
"-27.778121, -64.256549",Q129220501,,,173.25,7500.0,,Q129220501,17.325
"14.338815908, -16.412676784",Stade Massène Sène,,,48.125,2500.0,,Stade Massène Sène,4.8125
"6.44247222, 3.40219444",Onikan Stadium,,,231,10000.0,,Onikan Stadium,23.1
"49.2308, -123.021",Swangard Stadium,,,122.1528,5288.0,,Swangard Stadium,12.21528
"51.070327777, -114.121388888",McMahon Stadium,,,1091.89542,37317.0,,McMahon Stadium,109.189542
"40.422503785, 49.842346122",Baku Tennis Academy,,,57.75,3000.0,,Baku Tennis Academy,5.775
"37.502676, 22.388678",Theodoros Kolokotronis Stadium,Greece,Peloponnese,175.9296,7616.0,Greece,Theodoros Kolokotronis Stadium,17.59296
"-25.4649, 31.1819",KaNyamazane Stadium,,,438.9,15000.0,,KaNyamazane Stadium,43.89
"36.650556, 51.510278",Shohada Stadium (Nowshahr),,,138.6,6000.0,,Shohada Stadium (Nowshahr),13.86
"14.72743, -17.28088",Stade Ngalandou Diouf,,,173.25,7500.0,,Stade Ngalandou Diouf,17.325
"44.6444, -63.5836",Wanderers Grounds,,,167.3364,7244.0,,Wanderers Grounds,16.73364
"54.7711, 11.8776",Nykøbing Falster Idrætspark,Denmark,Sjælland,0,,DK,Nykøbing Falster Idrætspark,0
"35.038044, 32.432468",Polis Chrysochous Municipal Stadium,Cyprus,Kýpros,0,,CY,Polis Chrysochous Municipal Stadium,0
"14.7697, -16.9442",Stade Lat-Dior,,,438.9,15000.0,,Stade Lat-Dior,43.89
"39.569505555, 2.680094444",Son Malferit,Spain,Illes Balears,23.1,1200.0,ES,Son Malferit,2.31
"-33.884463, 25.595285",Wolfson Stadium,,,231,10000.0,,Wolfson Stadium,23.1
"-31.7830575, -70.9701052",Estadio Municipal de Salamanca,,,57.75,3000.0,,Estadio Municipal de Salamanca,5.775
"41.151667, 24.13625",Doxa Drama Stadium,Greece,"Anatoliki Makedonia, Thraki",231,10000.0,Greece,Doxa Drama Stadium,23.1
"14.757858055, -17.436975",Stade municipal des Parcelles Assainies,,,0,,,Stade municipal des Parcelles Assainies,0
"39.597529, 2.687349",Camp Municipal Verge de Lluc,Spain,Illes Balears,2.31,120.0,ES,Camp Municipal Verge de Lluc,0.231
"-26.844985, -65.215374",Estadio Tucumán Central,,,0,,,Estadio Tucumán Central,0
"45.570556, 10.236944",Stadio Mario Rigamonti,Italy,Lombardia,477.17208,16308.0,IT,Stadio Mario Rigamonti,47.717208
"45.582778, 9.308056",Stadio Brianteo,Italy,Lombardia,500.40452,17102.0,IT,Stadio Brianteo,50.040452
"42.68732, 2.87622",Stade Jean-Laffon,France,Languedoc-Roussillon,24.65925,1281.0,FR,Stade Jean-Laffon,2.465925
"52.798611111, 27.538194444",Stroitel Stadium,,,80.85,4200.0,,Stroitel Stadium,8.085
"37.502676, 22.388678",Theodoros Kolokotronis Stadium,Greece,Peloponnese,175.9296,7616.0,Greece,Theodoros Kolokotronis Stadium,17.59296
"32.181115, 34.927071",Levita Stadium,,,133.98,5800.0,,Levita Stadium,13.398
"47.6645, 23.5793",Stadionul Viorel Mateianu,Romania,Nord-Vest,0,,RO,Stadionul Viorel Mateianu,0
"38.448088888, -9.100397222",Estádio Vila Amália,,,54.8625,2850.0,,Estádio Vila Amália,5.48625
"51.794, -2.907",Llanarth,,,0,,,Llanarth,0
