WWTP name,Latitude,Longitude,Capacity (p.e),N kg/per year,country,province,nuts2_id,country_code,P kg/per year
KA AZV HOHLEBACHTAL - STEINENSTADT,47.7656,7.53585,16300,70416,France,Alsace,FRF1,FR,11736
SKA KEHL,48.6184,7.84203,48000,207360,France,Alsace,FRF1,FR,34560
SKA AWV NEURIED SCHUTTERWALD,48.4802,7.80347,25000,108000,France,Alsace,FRF1,FR,18000
SKA SCHWANAU NORD -OTTENHEIM-,48.3913,7.74873,3900,16848,France,Alsace,FRF1,FR,2808
SKA MEISSENHEIM,48.4185,7.77427,3500,15120,France,Alsace,FRF1,FR,2520
KA GERSHEIM,49.1392,7.19812,4600,19872,France,Lorraine,FRF3,FR,3312
KA DORF IM WARNDT,49.1834,6.82039,2000,8640,France,Lorraine,FRF3,FR,1440
KA LAUTERBACH,49.1899,6.75845,3000,12960,France,Lorraine,FRF3,FR,2160
WIERS,50.5047,3.5269,2600,11232,France,Nord-Pas de Calais,FRE1,FR,1872
ARMENTIERES (F),50.694,2.9062,65000,280800,France,Nord-Pas de Calais,FRE1,FR,46800
QUIEVRAIN,50.414,3.6733,4333,18718.56,France,Nord-Pas de Calais,FRE1,FR,3119.76
COMINES,50.7735,3.0143,40000,172800,France,Nord-Pas de Calais,FRE1,FR,28800
RODERSDORF,47.488204,7.457584,2800,12096,France,Alsace,FRF1,FR,2016
ARA Birsig,47.505217,7.556767,30000,129600,France,Alsace,FRF1,FR,21600
ARA BURG,47.459281,7.443928,300,1296,France,Alsace,FRF1,FR,216
Champéry,46.175609,6.875356,3750,16200,France,Rhône-Alpes,FRK2,FR,2700
St-Gingolph,46.389577,6.815668,3227,13940.64,France,Rhône-Alpes,FRK2,FR,2323.44
LES BRENETS,47.063814,6.695848,2500,10800,France,Franche-Comté,FRC2,FR,1800
LA BREVINE,46.979118,6.6054,1000,4320,France,Franche-Comté,FRC2,FR,720
CHANCY,46.145353,5.965761,13600,58752,France,Rhône-Alpes,FRK2,FR,9792
THONEX/VILLETTE,46.179489,6.184506,50000,216000,France,Rhône-Alpes,FRK2,FR,36000
STEP MONTIGNEZ,47.487422,7.065957,567,2449.44,France,Franche-Comté,FRC2,FR,408.24
CESANA TORINESE - FRAZ. BOUSSON,44.93464202,6.814177524,9000,38880,France,Provence-Alpes-Côte d’Azur,FRL0,FR,6480
GOUZEAUCOURT,50.06025732,3.133709709,3500,15120,France,Nord-Pas de Calais,FRE1,FR,2520
HONDSCHOOTE-NOUVELLE,50.98027937,2.576096663,9855,42573.6,France,Nord-Pas de Calais,FRE1,FR,7095.6
ARDRES,50.86232739,1.969680141,5833,25198.56,France,Nord-Pas de Calais,FRE1,FR,4199.76
BOHAIN EN VERMANDOIS,49.97989428,3.438455468,9150,39528,France,Picardie,FRE2,FR,6588
FRESNOY-LE-GRAND,49.94106567,3.408933432,7770,33566.4,France,Picardie,FRE2,FR,5594.4
JUSSY,49.72240294,3.221221584,9900,42768,France,Picardie,FRE2,FR,7128
LE NOUVION-EN-THIERACHE II,50.01160692,3.766267579,3800,16416,France,Nord-Pas de Calais,FRE1,FR,2736
GAUCHY,49.83050098,3.276299889,136250,588600,France,Picardie,FRE2,FR,98100
SERAUCOURT LE GRAND (NOUVELLE),49.76991605,3.205279894,2160,9331.2,France,Picardie,FRE2,FR,1555.2
VERMAND SE,49.87179924,3.146698727,5850,25272,France,Picardie,FRE2,FR,4212
AUBERCHICOURT,50.34231471,3.228648192,28167,121681.44,France,Nord-Pas de Calais,FRE1,FR,20280.24
VILLENEUVE-D'ASCQ,50.62802835,3.185476926,151083,652678.56,France,Nord-Pas de Calais,FRE1,FR,108779.76
ANNOEULLIN,50.54028544,2.935056896,27300,117936,France,Nord-Pas de Calais,FRE1,FR,19656
ANOR,49.98109066,4.095156144,4000,17280,France,Nord-Pas de Calais,FRE1,FR,2880
ARLEUX,50.27410206,3.105119213,7050,30456,France,Nord-Pas de Calais,FRE1,FR,5076
ARMENTIERES,50.69339912,2.906688659,64150,277128,France,Nord-Pas de Calais,FRE1,FR,46188
ATTICHES,50.52077112,3.067395821,3000,12960,France,Nord-Pas de Calais,FRE1,FR,2160
AUBERS,50.60561449,2.830189324,2700,11664,France,Nord-Pas de Calais,FRE1,FR,1944
AUBIGNY-AU-BAC,50.26175717,3.181361111,4500,19440,France,Nord-Pas de Calais,FRE1,FR,3240
AUBY,50.42154304,3.055642876,24000,103680,France,Nord-Pas de Calais,FRE1,FR,17280
AULNOYE-AYMERIES,50.19268617,3.820859902,18900,81648,France,Nord-Pas de Calais,FRE1,FR,13608
AVESNES-SUR-HELPE,50.12817143,3.922977353,19833,85678.56,France,Nord-Pas de Calais,FRE1,FR,14279.76
AVESNES-LES-AUBERT-RIEUX-EN-CAMBRESIS,50.20758939,3.336925912,17167,74161.44,France,Nord-Pas de Calais,FRE1,FR,12360.24
BAILLEUL-BAILLEUL,50.72338583,2.745031632,29500,127440,France,Nord-Pas de Calais,FRE1,FR,21240
BASSEE-LA-BASSEE-SALOME,50.52828484,2.817819518,15700,67824,France,Nord-Pas de Calais,FRE1,FR,11304
BAUVIN,50.52304866,2.902231498,12200,52704,France,Nord-Pas de Calais,FRE1,FR,8784
BAVAY,50.29391684,3.783214342,6000,25920,France,Nord-Pas de Calais,FRE1,FR,4320
BERGUES,50.97093471,2.435775438,12000,51840,France,Nord-Pas de Calais,FRE1,FR,8640
BEUVRY-LA-FORET,50.44721534,3.300090996,8000,34560,France,Nord-Pas de Calais,FRE1,FR,5760
BOESCHEPE,50.80932243,2.667873716,4000,17280,France,Nord-Pas de Calais,FRE1,FR,2880
BOUCHAIN-ROEULX,50.30635314,3.339364342,27000,116640,France,Nord-Pas de Calais,FRE1,FR,19440
BOURBOURG,50.94728785,2.205949411,10000,43200,France,Nord-Pas de Calais,FRE1,FR,7200
BOUSIES,50.16012781,3.610208901,3150,13608,France,Nord-Pas de Calais,FRE1,FR,2268
BRAY-DUNES,51.06225261,2.520319331,13500,58320,France,Nord-Pas de Calais,FRE1,FR,9720
BRUAY-SUR-L'ESCAUT,50.39191664,3.544282252,16000,69120,France,Nord-Pas de Calais,FRE1,FR,11520
BUSIGNY,50.04504023,3.467888287,2033,8782.56,France,Nord-Pas de Calais,FRE1,FR,1463.76
CAMBRAI,50.18633362,3.232364257,56700,244944,France,Nord-Pas de Calais,FRE1,FR,40824
CASSEL-OXELAERE,50.78330126,2.476599312,4000,17280,France,Nord-Pas de Calais,FRE1,FR,2880
LE-CATEAU-CAMBRESIS-NOUVELLE,50.11122598,3.553688501,22000,95040,France,Nord-Pas de Calais,FRE1,FR,15840
CAUDRY-BEAUVOIS-2,50.1505624,3.378266496,57247,247307.04,France,Nord-Pas de Calais,FRE1,FR,41217.84
CAULLERY,50.08260277,3.360941581,9000,38880,France,Nord-Pas de Calais,FRE1,FR,6480
COBRIEUX,50.53721322,3.231927818,3600,15552,France,Nord-Pas de Calais,FRE1,FR,2592
COMINES,50.77320258,3.015281883,40000,172800,France,Nord-Pas de Calais,FRE1,FR,28800
COUDEKERQUE-BRANCHE,51.02724023,2.383410378,90050,389016,France,Nord-Pas de Calais,FRE1,FR,64836
CRESPIN,50.42336789,3.64610614,20000,86400,France,Nord-Pas de Calais,FRE1,FR,14400
CYSOING,50.56474622,3.191979168,10500,45360,France,Nord-Pas de Calais,FRE1,FR,7560
DOUAI,50.39307061,3.105689939,165000,712800,France,Nord-Pas de Calais,FRE1,FR,118800
ENNETIERES-EN-WEPPES,50.6266526,2.92189477,4500,19440,France,Nord-Pas de Calais,FRE1,FR,3240
FACHES-THUMESNIL-HOUPLIN-ANCOISNE,50.58162388,2.98875142,188333,813598.56,France,Nord-Pas de Calais,FRE1,FR,135599.76
FECHAIN,50.26440413,3.230775578,4533,19582.56,France,Nord-Pas de Calais,FRE1,FR,3263.76
CANTIN-GOEULZIN,50.31719973,3.080683921,4500,19440,France,Nord-Pas de Calais,FRE1,FR,3240
FLINES-LEZ-RACHES,50.41150823,3.189710257,10001,43204.32,France,Nord-Pas de Calais,FRE1,FR,7200.72
FONTAINE-NOTRE-DAME,50.16320944,3.172704796,2250,9720,France,Nord-Pas de Calais,FRE1,FR,1620
FOURMIES,50.01908227,4.020969761,13500,58320,France,Nord-Pas de Calais,FRE1,FR,9720
HERLIES,50.56911465,2.852043191,6833,29518.56,France,Nord-Pas de Calais,FRE1,FR,4919.76
FRESNES-SUR-ESCAUT,50.44058611,3.582887683,36533,157822.56,France,Nord-Pas de Calais,FRE1,FR,26303.76
GHYVELDE,51.04443578,2.521316207,4083,17638.56,France,Nord-Pas de Calais,FRE1,FR,2939.76
GOMMEGNIES,50.26758845,3.690360881,2700,11664,France,Nord-Pas de Calais,FRE1,FR,1944
GONDECOURT,50.55555918,2.981050751,7200,31104,France,Nord-Pas de Calais,FRE1,FR,5184
GORGUE-LA-GORGUE,50.63890327,2.742934562,20000,86400,France,Nord-Pas de Calais,FRE1,FR,14400
GRANDE-SYNTHE,51.00103766,2.300889181,101667,439201.44,France,Nord-Pas de Calais,FRE1,FR,73200.24
GRAVELINES,51.0038277,2.131934531,27000,116640,France,Nord-Pas de Calais,FRE1,FR,19440
ROSULT,50.43904312,3.358628726,12633,54574.56,France,Nord-Pas de Calais,FRE1,FR,9095.76
HAZEBROUCK,50.71497492,2.548165077,25000,108000,France,Nord-Pas de Calais,FRE1,FR,18000
HELESMES,50.37867993,3.358649237,2200,9504,France,Nord-Pas de Calais,FRE1,FR,1584
HERGNIES-BRUILLE-SAINT-AMAND,50.46670825,3.520604261,4000,17280,France,Nord-Pas de Calais,FRE1,FR,2880
JENLAIN,50.31511676,3.639941157,3000,12960,France,Nord-Pas de Calais,FRE1,FR,2160
LALLAING-FLINES,50.39880351,3.172654085,20049,86611.68,France,Nord-Pas de Calais,FRE1,FR,14435.28
LANDRECIES,50.12832523,3.695102663,4000,17280,France,Nord-Pas de Calais,FRE1,FR,2880
LEWARDE,50.3408527,3.178867255,5400,23328,France,Nord-Pas de Calais,FRE1,FR,3888
LILLE-MARQUETTE-LEZ-LILLE,50.6743454,3.070228772,555333,2399038.56,France,Nord-Pas de Calais,FRE1,FR,399839.76
LONGUEVILLE-LA-LONGUEVILLE,50.29635115,3.849497319,2000,8640,France,Nord-Pas de Calais,FRE1,FR,1440
LOON-PLAGE,50.98041246,2.221279433,10500,45360,France,Nord-Pas de Calais,FRE1,FR,7560
MARCHIENNES,50.41324616,3.300226134,7200,31104,France,Nord-Pas de Calais,FRE1,FR,5184
MARCOING,50.12408591,3.17607789,4667,20161.44,France,Nord-Pas de Calais,FRE1,FR,3360.24
MARESCHES,50.29373949,3.560409482,4000,17280,France,Nord-Pas de Calais,FRE1,FR,2880
MARQUETTE-EN-OSTREVANT,50.2851728,3.27432594,2250,9720,France,Nord-Pas de Calais,FRE1,FR,1620
MASNIERES,50.11544902,3.203478233,6883,29734.56,France,Nord-Pas de Calais,FRE1,FR,4955.76
MAUBEUGE,50.27870972,3.991007791,83000,358560,France,Nord-Pas de Calais,FRE1,FR,59760
MERVILLE,50.63912525,2.650159751,12000,51840,France,Nord-Pas de Calais,FRE1,FR,8640
MORBECQUE,50.68276241,2.513186011,4000,17280,France,Nord-Pas de Calais,FRE1,FR,2880
MORTAGNE-DU-NORD,50.50392611,3.441623031,5850,25272,France,Nord-Pas de Calais,FRE1,FR,4212
NEUF-BERQUIN,50.67577172,2.655327299,2667,11521.44,France,Nord-Pas de Calais,FRE1,FR,1920.24
NIEPPE,50.68880583,2.852325848,11083,47878.56,France,Nord-Pas de Calais,FRE1,FR,7979.76
ONNAING,50.40180632,3.582467866,9000,38880,France,Nord-Pas de Calais,FRE1,FR,6480
ORCHIES,50.47331592,3.25776785,11067,47809.44,France,Nord-Pas de Calais,FRE1,FR,7968.24
OSTRICOURT,50.45309895,3.01680173,7167,30961.44,France,Nord-Pas de Calais,FRE1,FR,5160.24
PECQUENCOURT,50.38346374,3.221617627,11667,50401.44,France,Nord-Pas de Calais,FRE1,FR,8400.24
PHALEMPIN-CAMPHIN-EN-CAREMBAULT,50.51556555,2.999211662,7700,33264,France,Nord-Pas de Calais,FRE1,FR,5544
POIX-DU-NORD,50.1971755,3.600246767,6000,25920,France,Nord-Pas de Calais,FRE1,FR,4320
PONT-A-MARCQ-NOUVELLE,50.52776883,3.119434088,9970,43070.4,France,Nord-Pas de Calais,FRE1,FR,7178.4
ROUVIGNIES-ZI,50.33116323,3.443199128,1800,7776,France,Nord-Pas de Calais,FRE1,FR,1296
QUESNOY-LE-QUESNOY,50.255949,3.630495625,9500,41040,France,Nord-Pas de Calais,FRE1,FR,6840
RAISMES-BEUVRAGES,50.39215343,3.514161788,43200,186624,France,Nord-Pas de Calais,FRE1,FR,31104
SAINS-DU-NORD,50.10150632,4.013983047,4500,19440,France,Nord-Pas de Calais,FRE1,FR,3240
SAINT-AMAND-LES-EAUX-LECELLES,50.46182742,3.433871258,22500,97200,France,Nord-Pas de Calais,FRE1,FR,16200
SAINT-AUBERT,50.21324857,3.407519354,10000,43200,France,Nord-Pas de Calais,FRE1,FR,7200
SAINT-POL-SUR-MER-DUNKERQUE-LA-SAMARITAINE,51.03520964,2.359371356,40000,172800,France,Nord-Pas de Calais,FRE1,FR,28800
SARS-POTERIES,50.17232064,4.02405462,2667,11521.44,France,Nord-Pas de Calais,FRE1,FR,1920.24
SAULTAIN,50.34880542,3.57774563,5833,25198.56,France,Nord-Pas de Calais,FRE1,FR,4199.76
SAULZOIR,50.24753253,3.433729086,4000,17280,France,Nord-Pas de Calais,FRE1,FR,2880
SIN-LE-NOBLE,50.36910261,3.122918901,23000,99360,France,Nord-Pas de Calais,FRE1,FR,16560
SOLESMES,50.18704115,3.48763288,13000,56160,France,Nord-Pas de Calais,FRE1,FR,9360
SOLRE-LE-CHATEAU,50.18039729,4.082425973,2700,11664,France,Nord-Pas de Calais,FRE1,FR,1944
SOMAIN,50.37325829,3.293755566,24300,104976,France,Nord-Pas de Calais,FRE1,FR,17496
STEENVOORDE,50.81155209,2.58554162,5000,21600,France,Nord-Pas de Calais,FRE1,FR,3600
STEENWERCK,50.69892793,2.774586688,3500,15120,France,Nord-Pas de Calais,FRE1,FR,2520
TEMPLEUVE-TEMPLEUVE-EN-PEVELE,50.54065563,3.160985811,9333,40318.56,France,Nord-Pas de Calais,FRE1,FR,6719.76
THUMERIES,50.48764805,3.070573462,9917,42841.44,France,Nord-Pas de Calais,FRE1,FR,7140.24
TOURCOING-NEUVILLE-EN-FERRAIN,50.7554275,3.14307544,76667,331201.44,France,Nord-Pas de Calais,FRE1,FR,55200.24
TRELON,50.0698399,4.100096869,5400,23328,France,Nord-Pas de Calais,FRE1,FR,3888
TRITH-SAINT-LEGER,50.32582251,3.490289878,26600,114912,France,Nord-Pas de Calais,FRE1,FR,19152
VALENCIENNES,50.36988107,3.532899238,63000,272160,France,Nord-Pas de Calais,FRE1,FR,45360
VENDEGIES-SUR-ECAILLON-SOMMAING-SUR-ECAILLON,50.26377913,3.488063972,4500,19440,France,Nord-Pas de Calais,FRE1,FR,3240
VILLERS-OUTREAUX,50.03767078,3.310921737,3150,13608,France,Nord-Pas de Calais,FRE1,FR,2268
VILLERS-SIRE-NICOLE,50.34764831,4.026485336,3500,15120,France,Nord-Pas de Calais,FRE1,FR,2520
WALLERS,50.38253383,3.381773281,17500,75600,France,Nord-Pas de Calais,FRE1,FR,12600
WATTEN,50.84461828,2.212426742,4500,19440,France,Nord-Pas de Calais,FRE1,FR,3240
WORMHOUT-NOUVELLE,50.8936026,2.471017866,9967,43057.44,France,Nord-Pas de Calais,FRE1,FR,7176.24
AIRE SUR LA LYS,50.64640913,2.40231636,17766,76749.12,France,Nord-Pas de Calais,FRE1,FR,12791.52
ARRAS (ST LAURENT BLANGY),50.29558331,2.814593052,125833,543598.56,France,Nord-Pas de Calais,FRE1,FR,90599.76
AUBIGNY EN ARTOIS SE,50.35140884,2.598747108,2500,10800,France,Nord-Pas de Calais,FRE1,FR,1800
LAPUGNOY,50.51179378,2.530365813,30000,129600,France,Nord-Pas de Calais,FRE1,FR,21600
AUCHY-HAISNES SE,50.5196422,2.790087692,8550,36936,France,Nord-Pas de Calais,FRE1,FR,6156
AUDRUICQ,50.881076,2.085681177,3600,15552,France,Nord-Pas de Calais,FRE1,FR,2592
AUXI LE CHATEAU SE,50.23605869,2.10181187,3600,15552,France,Picardie,FRE2,FR,2592
AVESNES LE COMTE SE,50.27500517,2.542945715,2000,8640,France,Nord-Pas de Calais,FRE1,FR,1440
BAILLEUL SIR BERTHOULT SE,50.3428889,2.853842069,2033,8782.56,France,Nord-Pas de Calais,FRE1,FR,1463.76
BAPAUME (AVESNES/BAPAUME) SE,50.10553015,2.842670021,8175,35316,France,Nord-Pas de Calais,FRE1,FR,5886
BEAURAINVILLE,50.43310626,1.891812278,6300,27216,France,Nord-Pas de Calais,FRE1,FR,4536
BERCK,50.40369463,1.602338143,56667,244801.44,France,Nord-Pas de Calais,FRE1,France,40800.24
BETHUNE,50.54610518,2.645510189,69300,299376,France,Nord-Pas de Calais,FRE1,FR,49896
BEUVRY,50.53374441,2.695618924,34183,147670.56,France,Nord-Pas de Calais,FRE1,FR,24611.76
BIACHE-SAINT-VAAST,50.30923751,2.937526779,5400,23328,France,Nord-Pas de Calais,FRE1,FR,3888
BOULOGNE SUR MER,50.71129345,1.605934109,180000,777600,France,Nord-Pas de Calais,FRE1,France,129600
BREBIERES,50.33438826,3.032177934,5400,23328,France,Nord-Pas de Calais,FRE1,FR,3888
BRUAY-LA-BUISSIERE,50.50373297,2.57239674,45000,194400,France,Nord-Pas de Calais,FRE1,FR,32400
BULLY-LES-MINES MAZINGARBE,50.47582015,2.729531407,31500,136080,France,Nord-Pas de Calais,FRE1,FR,22680
JACQUES MONOD,50.95843503,1.916461788,120000,518400,France,Nord-Pas de Calais,FRE1,France,86400
CAMIERS,50.56997238,1.597914175,9833,42478.56,France,Nord-Pas de Calais,FRE1,France,7079.76
CARVIN,50.47049793,2.95665204,50000,216000,France,Nord-Pas de Calais,FRE1,FR,36000
COQUELLES,50.93344117,1.835557746,8683,37510.56,France,Nord-Pas de Calais,FRE1,France,6251.76
COURCELLES LES LENS,50.42191092,3.03036493,18000,77760,France,Nord-Pas de Calais,FRE1,FR,12960
DESVRES,50.67868408,1.830963212,6330,27345.6,France,Nord-Pas de Calais,FRE1,FR,4557.6
DOUVRIN,50.5260302,2.835836548,27000,116640,France,Nord-Pas de Calais,FRE1,FR,19440
DUISANS SE,50.31375347,2.671340402,4950,21384,France,Nord-Pas de Calais,FRE1,FR,3564
ECOURT ST QUENTIN,50.25190682,3.080173742,2000,8640,France,Nord-Pas de Calais,FRE1,FR,1440
ECQUES SE,50.67837126,2.303366861,4000,17280,France,Nord-Pas de Calais,FRE1,FR,2880
EPERLECQUES SE,50.81343084,2.156142199,3960,17107.2,France,Nord-Pas de Calais,FRE1,FR,2851.2
EPERLECQUES (ZAC MUGUET) SE,50.81887137,2.196005875,600,2592,France,Nord-Pas de Calais,FRE1,FR,432
FERQUES,50.82459296,1.782844811,2250,9720,France,Nord-Pas de Calais,FRE1,FR,1620
FEUCHY,50.29473921,2.847239491,3000,12960,France,Nord-Pas de Calais,FRE1,FR,2160
FOUQUIÈRES LES LENS,50.43866486,2.917364757,68000,293760,France,Nord-Pas de Calais,FRE1,FR,48960
FRETHUN SE,50.91647873,1.831951326,3600,15552,France,Nord-Pas de Calais,FRE1,France,2592
FREVENT (LIGNY-SUR-CANCHE),50.28113542,2.271745834,5833,25198.56,France,Nord-Pas de Calais,FRE1,FR,4199.76
FRUGES SE,50.51702386,2.149271522,8667,37441.44,France,Nord-Pas de Calais,FRE1,FR,6240.24
GUINES SE,50.87167291,1.873792671,6133,26494.56,France,Nord-Pas de Calais,FRE1,FR,4415.76
HAMES-BOUCRES,50.90601887,1.867101084,3000,12960,France,Nord-Pas de Calais,FRE1,FR,2160
HELFAUT SE,50.6964422,2.273148646,2000,8640,France,Nord-Pas de Calais,FRE1,FR,1440
HENIN BEAUMONT,50.4502245,2.972486099,78667,339841.44,France,Nord-Pas de Calais,FRE1,FR,56640.24
MARCONNELLE,50.37942336,2.013179378,13000,56160,France,Nord-Pas de Calais,FRE1,FR,9360
ISBERGUES,50.61548719,2.481098492,13000,56160,France,Nord-Pas de Calais,FRE1,FR,9360
ISQUES SE,50.68237287,1.630625659,9750,42120,France,Nord-Pas de Calais,FRE1,France,7020
LENS LOISON SOUS LENS,50.43897067,2.858581643,116667,504001.44,France,Nord-Pas de Calais,FRE1,FR,84000.24
LESTREM,50.6250396,2.664662413,4500,19440,France,Nord-Pas de Calais,FRE1,FR,3240
LILLERS,50.56620092,2.497460468,14200,61344,France,Nord-Pas de Calais,FRE1,FR,10224
LUMBRES SE,50.70904868,2.134170545,8300,35856,France,Nord-Pas de Calais,FRE1,FR,5976
MAMETZ SE,50.64583961,2.322830537,4500,19440,France,Nord-Pas de Calais,FRE1,FR,3240
MARQUION,50.21854669,3.083129861,5000,21600,France,Nord-Pas de Calais,FRE1,FR,3600
MARQUISE SE,50.80806328,1.693193617,7200,31104,France,Nord-Pas de Calais,FRE1,FR,5184
MERCK-SAINT-LIEVIN,50.62918408,2.116061324,2500,10800,France,Nord-Pas de Calais,FRE1,FR,1800
MONTREUIL,50.47011634,1.764373344,7200,31104,France,Nord-Pas de Calais,FRE1,FR,5184
NEUFCHATEL-HARDELOT NESLES,50.63313164,1.64345611,14583,62998.56,France,Nord-Pas de Calais,FRE1,France,10499.76
OPPY SE,50.3507347,2.887172379,2200,9504,France,Nord-Pas de Calais,FRE1,FR,1584
PELVES SE,50.29339778,2.906557766,2300,9936,France,Nord-Pas de Calais,FRE1,FR,1656
PERNES SE,50.48221558,2.421850124,2700,11664,France,Nord-Pas de Calais,FRE1,FR,1944
QUERNES,50.59653907,2.356137808,4600,19872,France,Nord-Pas de Calais,FRE1,FR,3312
RICHEBOURG NOUVELLE,50.57636944,2.735164002,3700,15984,France,Nord-Pas de Calais,FRE1,FR,2664
LES ATTAQUES,50.89195984,1.925904458,3800,16416,France,Nord-Pas de Calais,FRE1,FR,2736
SAILLY-SUR-LA-LYS,50.65483106,2.812391256,4800,20736,France,Nord-Pas de Calais,FRE1,FR,3456
ARQUES,50.74837771,2.291319076,35833,154798.56,France,Nord-Pas de Calais,FRE1,FR,25799.76
SAINT-POL-SUR-TERNOISE GAUCHIN,50.38414413,2.326832753,9000,38880,France,Nord-Pas de Calais,FRE1,FR,6480
ST VENANT SE,50.62564639,2.552552274,3600,15552,France,Nord-Pas de Calais,FRE1,FR,2592
SAMER SE,50.63669251,1.725386883,4000,17280,France,Nord-Pas de Calais,FRE1,FR,2880
LE TOUQUET PARIS PLAGE,50.50964675,1.633170174,60000,259200,France,Nord-Pas de Calais,FRE1,France,43200
VIEILLE-EGLISE,50.9516713,2.053470417,9183,39670.56,France,Nord-Pas de Calais,FRE1,FR,6611.76
VIOLAINES SE,50.54963464,2.767719091,3833,16558.56,France,Nord-Pas de Calais,FRE1,FR,2759.76
VITRY EN ARTOIS,50.32909526,2.995203269,7750,33480,France,Nord-Pas de Calais,FRE1,FR,5580
WIMEREUX,50.77201465,1.617347943,25000,108000,France,Nord-Pas de Calais,FRE1,France,18000
WINGLES,50.49756935,2.875796602,34200,147744,France,Nord-Pas de Calais,FRE1,FR,24624
WIZERNES SE,50.70909272,2.245619018,7000,30240,France,Nord-Pas de Calais,FRE1,FR,5040
ABBEVILLE,50.11333202,1.817014182,65000,280800,France,Picardie,FRE2,FR,46800
AILLY-SUR-NOYE,49.76750013,2.364888043,6000,25920,France,Picardie,FRE2,FR,4320
AILLY-SUR-SOMME SE,49.93095342,2.193710032,6800,29376,France,Picardie,FRE2,FR,4896
AIRAINES,49.96886416,1.947822701,11667,50401.44,France,Picardie,FRE2,FR,8400.24
ALBERT,49.99132889,2.64472135,13500,58320,France,Picardie,FRE2,FR,9720
AMIENS,49.9253903,2.251267395,260000,1123200,France,Picardie,FRE2,FR,187200
AULT - WOIGNARUE - SE,50.11237163,1.460593661,7200,31104,France,Picardie,FRE2,FR,5184
POULAINVILLE,49.93965246,2.311911269,1666,7197.12,France,Picardie,FRE2,FR,1199.52
BEAUVAL SE,50.11962788,2.33669623,2500,10800,France,Picardie,FRE2,FR,1800
BERNAVILLE SE,50.1312327,2.148977274,1540,6652.8,France,Picardie,FRE2,FR,1108.8
BOUVAINCOURT-SUR-BRESLE,50.01847057,1.494457344,13700,59184,France,Picardie,FRE2,FR,9864
BRAY-SUR-SOMME SE,49.93676247,2.710514696,2500,10800,France,Picardie,FRE2,FR,1800
CAYEUX-SUR-MER,50.18158569,1.504846038,6033,26062.56,France,Picardie,FRE2,FR,4343.76
CHAULNES SE,49.80547616,2.805460614,3216,13893.12,France,Picardie,FRE2,FR,2315.52
CHEPY SE,50.07860626,1.65717819,2400,10368,France,Picardie,FRE2,FR,1728
CORBIE NOUVELLE SE,49.90530393,2.48841147,13500,58320,France,Picardie,FRE2,FR,9720
LE CROTOY,50.2220689,1.628599126,11883,51334.56,France,Picardie,FRE2,FR,8555.76
DOMART-EN-PONTHIEU SE,50.07000281,2.133089375,5833,25198.56,France,Picardie,FRE2,FR,4199.76
DOULLENS,50.16364227,2.320211099,10500,45360,France,Picardie,FRE2,FR,7560
FEUQUIERES-EN-VIMEU SE,50.07019112,1.601045539,7000,30240,France,Picardie,FRE2,FR,5040
FLESSELLES SE,49.98988264,2.256296002,2250,9720,France,Picardie,FRE2,FR,1620
FLIXECOURT SE,50.01173268,2.074953231,5400,23328,France,Picardie,FRE2,FR,3888
FORT-MAHON-PLAGE,50.34619952,1.591060959,35000,151200,France,Picardie,FRE2,France,25200
FRIVILLE-ESCARBOTIN,50.09615357,1.551737564,8000,34560,France,Picardie,FRE2,FR,5760
HAM,49.74283071,3.063167941,13500,58320,France,Picardie,FRE2,FR,9720
MERICOURT-LABBE,49.94900464,2.567030763,2100,9072,France,Picardie,FRE2,FR,1512
MOISLAINS,49.97970256,2.959772273,1800,7776,France,Picardie,FRE2,FR,1296
MONTDIDIER,49.64952621,2.561851575,11000,47520,France,Picardie,FRE2,FR,7920
MOREUIL SE,49.7740279,2.475462904,8000,34560,France,Picardie,FRE2,FR,5760
NESLE NOUVELLE SE,49.75234268,2.916879046,3600,15552,France,Picardie,FRE2,FR,2592
PERONNE,49.9261234,2.925821114,18800,81216,France,Picardie,FRE2,FR,13536
PICQUIGNY SE,49.94803711,2.139285492,4000,17280,France,Picardie,FRE2,FR,2880
PLACHY-BUYON SE,49.82213508,2.216383155,2250,9720,France,Picardie,FRE2,FR,1620
POIX-DE-PICARDIE,49.77192725,1.99133252,4183,18070.56,France,Picardie,FRE2,FR,3011.76
PONT-REMY SE,50.05303043,1.89749069,2700,11664,France,Picardie,FRE2,FR,1944
LE QUESNE SE,49.86791334,1.793318614,3500,15120,France,Picardie,FRE2,FR,2520
ROSIERES-SANTERRE (VRELY) SE,49.80593239,2.691251908,9000,38880,France,Picardie,FRE2,FR,6480
ROYE SE,49.69591757,2.785638797,11000,47520,France,Picardie,FRE2,FR,7920
RUE SE,50.27475332,1.659217932,4050,17496,France,Picardie,FRE2,FR,2916
ST-OUEN SE,50.0345435,2.110754042,10050,43416,France,Picardie,FRE2,FR,7236
ST-VALERY-SUR-SOMME SE,50.17350991,1.649868445,8333,35998.56,France,Picardie,FRE2,FR,5999.76
VIGNACOURT SE,50.00113723,2.195106656,2570,11102.4,France,Picardie,FRE2,FR,1850.4
VILLERS-BOCAGE - BERTANGLES - SE,49.98857907,2.309814966,1950,8424,France,Picardie,FRE2,FR,1404
VILLERS-BRETONNEUX SE,49.8640529,2.504015442,8000,34560,France,Picardie,FRE2,FR,5760
URVILLERS02,49.79329543,3.296250445,3600,15552,France,Picardie,FRE2,FR,2592
DENAIN-WAVRECHAIN-SOUS-DENAIN,50.32610845,3.417461176,40500,174960,France,Nord-Pas de Calais,FRE1,FR,29160
DOUCHY-LES-MINES-NOYELLES-SUR-SELLE,50.28115537,3.392008032,16050,69336,France,Nord-Pas de Calais,FRE1,FR,11556
NEUVILLE-SUR-ESCAUT-NOUVELLE,50.29499739,3.341825087,3000,12960,France,Nord-Pas de Calais,FRE1,FR,2160
BAPAUME ZI SE,50.11011383,2.868505147,4500,19440,France,Nord-Pas de Calais,FRE1,FR,3240
CALAIS-COULOGNE,50.93733256,1.849863649,42667,184321.44,France,Nord-Pas de Calais,FRE1,France,30720.24
LEULINGHEM,50.73008179,2.174936135,3750,16200,France,Nord-Pas de Calais,FRE1,FR,2700
NOEUX LES MINES (NELLE) SE,50.48983031,2.666266106,27183,117430.56,France,Nord-Pas de Calais,FRE1,FR,19571.76
SAINT-OMER,50.77219858,2.261591953,78333,338398.56,France,Nord-Pas de Calais,FRE1,FR,56399.76
LONGUEAU AGGLOMERATION SE (JULES VERNE),49.87823389,2.368709201,17733,76606.56,France,Picardie,FRE2,FR,12767.76
BAZEILLES,49.67197104,4.994394836,8000,34560,France,Champagne-Ardenne,FRF2,FR,5760
CARIGNAN,49.63025351,5.161125356,3400,14688,France,Champagne-Ardenne,FRF2,FR,2448
CHARLEVILLE-MEZIERES,49.7657083,4.730224285,117000,505440,France,Champagne-Ardenne,FRF2,FR,84240
DONCHERY,49.69944436,4.857184277,3800,16416,France,Champagne-Ardenne,FRF2,FR,2736
FUMAY,50.003338,4.696276836,9000,38880,France,Champagne-Ardenne,FRF2,FR,6480
LUMES,49.7335248,4.781423581,2000,8640,France,Champagne-Ardenne,FRF2,FR,1440
MONTHERME,49.87292389,4.729535724,3200,13824,France,Champagne-Ardenne,FRF2,FR,2304
MOUZON,49.61299181,5.067207905,4500,19440,France,Champagne-Ardenne,FRF2,FR,3240
NOUVION-SUR-MEUSE,49.69865838,4.809115094,2500,10800,France,Champagne-Ardenne,FRF2,FR,1800
NOUZONVILLE,49.83187531,4.746650045,11000,47520,France,Champagne-Ardenne,FRF2,FR,7920
POURU-ST-REMY,49.66955598,5.087439264,1800,7776,France,Champagne-Ardenne,FRF2,FR,1296
REMILLY-AILLICOURT,49.65522844,4.991458818,3000,12960,France,Champagne-Ardenne,FRF2,FR,2160
REVIN,49.94531212,4.645280247,12000,51840,France,Champagne-Ardenne,FRF2,FR,8640
GLAIRE SEDAN,49.71068987,4.925908428,48650,210168,France,Champagne-Ardenne,FRF2,FR,35028
VIREUX-MOLHAIN,50.09131227,4.709379838,5500,23760,France,Champagne-Ardenne,FRF2,FR,3960
VRIGNE-AUX-BOIS,49.72668359,4.841369309,8000,34560,France,Champagne-Ardenne,FRF2,FR,5760
VAL-DE-MEUSE,47.98748415,5.517343849,7500,32400,France,Champagne-Ardenne,FRF2,FR,5400
BACCARAT,48.4545584,6.734943343,6000,25920,France,Lorraine,FRF3,FR,4320
BRIEY_54,49.24111547,5.945879117,16000,69120,France,Lorraine,FRF3,FR,11520
RAON-BERTRICHAMPS,48.4173132,6.824869965,8340,36028.8,France,Lorraine,FRF3,FR,6004.8
DAMELEVIERES NOUVELLE STATION,48.56066792,6.371570283,9000,38880,France,Lorraine,FRF3,FR,6480
BOUXIERES AUX DAMES,48.75653396,6.154332791,4500,19440,France,Lorraine,FRF3,FR,3240
CUSTINES,48.79070131,6.140352301,3700,15984,France,Lorraine,FRF3,FR,2664
DIEULOUARD,48.84734647,6.073332292,5000,21600,France,Lorraine,FRF3,FR,3600
DOMBASLE SUR MEURTHE,48.617685,6.344515135,10000,43200,France,Lorraine,FRF3,FR,7200
FONTENOY,48.70378981,5.970169313,4000,17280,France,Lorraine,FRF3,FR,2880
JARNY,49.17304933,5.893910295,17488,75548.16,France,Lorraine,FRF3,FR,12591.36
JOEUF MOYEUVRE-GRANDE,49.23722611,6.030550702,51000,220320,France,Lorraine,FRF3,FR,36720
LAY-SAINT-CHRISTOPHE,48.7432261,6.18194668,5760,24883.2,France,Lorraine,FRF3,FR,4147.2
LEXY_54,49.4926403,5.733327668,4000,17280,France,Lorraine,FRF3,FR,2880
LIVERDUN NOUVELLE STATION,48.74789639,6.0682245,8800,38016,France,Lorraine,FRF3,FR,6336
LONGUYON_54,49.44315001,5.580974731,5333,23038.56,France,Lorraine,FRF3,FR,3839.76
LONGWY,49.48751327,5.722191235,64000,276480,France,Lorraine,FRF3,FR,46080
LUNEVILLE,48.58377081,6.475434807,34000,146880,France,Lorraine,FRF3,FR,24480
MAXEVILLE,48.71227185,6.173762942,500000,2160000,France,Lorraine,FRF3,FR,360000
NEUVES MAISONS,48.6131317,6.091031312,27000,116640,France,Lorraine,FRF3,FR,19440
PAGNY-SUR-MOSELLE,48.97577701,6.029938883,5000,21600,France,Lorraine,FRF3,FR,3600
PIENNES-2,49.31637636,5.774552708,5770,24926.4,France,Lorraine,FRF3,FR,4154.4
PONT A MOUSSON,48.91920264,6.04967976,34250,147960,France,Lorraine,FRF3,FR,24660
ROSIERES-AUX-SALINES,48.59981243,6.331400712,3200,13824,France,Lorraine,FRF3,FR,2304
VARANGEVILLE,48.64587468,6.296036325,12500,54000,France,Lorraine,FRF3,FR,9000
TOUL,48.68663313,5.908524336,27000,116640,France,Lorraine,FRF3,FR,19440
AINGERAY,48.74434154,6.0084598,4200,18144,France,Lorraine,FRF3,FR,3024
COMMERCY,48.76597149,5.584576909,12500,54000,France,Lorraine,FRF3,FR,9000
ANCEMONT,49.07564584,5.407974597,4000,17280,France,Lorraine,FRF3,FR,2880
ETAIN NOUVELLE,49.20821838,5.633445326,4062,17547.84,France,Lorraine,FRF3,FR,2924.64
MONTMEDY NOUVELLE,49.51346945,5.366892494,3900,16848,France,Lorraine,FRF3,FR,2808
CHAUVONCOURT/SAINT-MIHIEL,48.90446747,5.534691038,9000,38880,France,Lorraine,FRF3,FR,6480
STENAY,49.49498606,5.180299311,7500,32400,France,Champagne-Ardenne,FRF2,FR,5400
VAUCOULEURS,48.62352342,5.67535367,3000,12960,France,Lorraine,FRF3,FR,2160
BELLEVILLE/MEUSE VERDUN,49.17704929,5.367980735,52500,226800,France,Lorraine,FRF3,FR,37800
VASPERVILLER,48.63839685,7.060434646,4820,20822.4,France,Lorraine,FRF3,FR,3470.4
VALLEE DE L'ORNE,49.2723987,6.165183507,70000,302400,France,Lorraine,FRF3,FR,50400
ARGANCY,49.2001656,6.203107269,3400,14688,France,Lorraine,FRF3,FR,2448
AUDUN-LE-TICHE,49.48355183,5.962347767,23000,99360,France,Lorraine,FRF3,FR,16560
AY SUR MOSELLE,49.24017761,6.201066588,19300,83376,France,Lorraine,FRF3,FR,13896
HAUTE VIGNEULLES,49.07944351,6.539884557,5200,22464,France,Lorraine,FRF3,FR,3744
BITCHE,49.06190561,7.428766893,8700,37584,France,Lorraine,FRF3,FR,6264
BOULAY,49.18171983,6.478723518,13583,58678.56,France,Lorraine,FRF3,FR,9779.76
KERBACH,49.15650421,6.973322951,23000,99360,France,Lorraine,FRF3,FR,16560
BOUZONVILLE,49.30364026,6.528058349,7500,32400,France,Lorraine,FRF3,FR,5400
TALANGE,49.24782633,6.175854472,55700,240624,France,Lorraine,FRF3,FR,40104
L'HOPITAL,49.15608109,6.748682504,10800,46656,France,Lorraine,FRF3,FR,7776
CATTENOM,49.42683767,6.268265631,4000,17280,France,Lorraine,FRF3,FR,2880
CHATEAU-SALINS,48.81441835,6.500874515,3500,15120,France,Lorraine,FRF3,FR,2520
CORNY-SUR-MOSELLE,49.04131687,6.061729721,1800,7776,France,Lorraine,FRF3,FR,1296
COURCELLES-CHAUSSY,49.11418718,6.3911907,4800,20736,France,Lorraine,FRF3,FR,3456
CREHANGE,49.0526045,6.572685327,16000,69120,France,Lorraine,FRF3,FR,11520
CREUTZWALD,49.21557702,6.694717723,23000,99360,France,Lorraine,FRF3,FR,16560
DIEUZE,48.80903507,6.706798727,6800,29376,France,Lorraine,FRF3,FR,4896
DISTROFF,49.33056539,6.254717639,7500,32400,France,Lorraine,FRF3,FR,5400
DALEM,49.23811582,6.634837899,5333,23038.56,France,Lorraine,FRF3,FR,3839.76
FAREBERSVILLER,49.1199119,6.859437952,15000,64800,France,Lorraine,FRF3,FR,10800
LOUPERSHOUSE,49.06657568,6.912831574,2500,10800,France,Lorraine,FRF3,FR,1800
FAULQUEMONT-AMONT,49.0472709,6.617039624,6500,28080,France,Lorraine,FRF3,FR,4680
FOLSCHVILLER,49.06153755,6.698589043,29900,129168,France,Lorraine,FRF3,FR,21528
FORBACH MARIENAU,49.18470192,6.862597376,73000,315360,France,Lorraine,FRF3,FR,52560
COCHEREN,49.141813,6.827607435,49300,212976,France,Lorraine,FRF3,FR,35496
GOETZENBRUCK,48.97562253,7.3725106,2800,12096,France,Alsace,FRF1,FR,2016
GORZE,49.05373998,6.010985796,2235,9655.2,France,Lorraine,FRF3,FR,1609.2
SARREINSMING,49.09450931,7.093336285,4700,20304,France,Lorraine,FRF3,FR,3384
GUENANGE,49.30051024,6.183429797,19000,82080,France,Lorraine,FRF3,FR,13680
HAM-SOUS-VARSBERG,49.17877612,6.654308309,16670,72014.4,France,Lorraine,FRF3,FR,12002.4
VALLEE DE LA FENSCH,49.3242583,6.150954803,100000,432000,France,Lorraine,FRF3,FR,72000
HETTANGE-GRANDE,49.39515859,6.168040245,9670,41774.4,France,Lorraine,FRF3,FR,6962.4
HOLVING,49.00470597,6.963905394,2700,11664,France,Lorraine,FRF3,FR,1944
HOTTVILLER,49.0845433,7.347002879,7583,32758.56,France,Lorraine,FRF3,FR,5459.76
KALHAUSEN,49.03704974,7.125380289,5000,21600,France,Lorraine,FRF3,FR,3600
BUDING-57,49.31349213,6.310860243,4042,17461.44,France,Lorraine,FRF3,FR,2910.24
KOENIGSMACKER,49.40801553,6.302144129,5967,25777.44,France,Lorraine,FRF3,FR,4296.24
LONGEVILLE LES SAINT AVOLD,49.11988891,6.654239615,7150,30888,France,Lorraine,FRF3,FR,5148
LANEUVEVILLE-LES-LORQUIN,48.65447785,7.008749041,9830,42465.6,France,Lorraine,FRF3,FR,7077.6
SAINT AVOLD,49.10947287,6.732229494,24300,104976,France,Lorraine,FRF3,FR,17496
MAIZIERES-LES-METZ,49.20520004,6.191403686,19500,84240,France,Lorraine,FRF3,FR,14040
MERTEN,49.2468061,6.67913559,4450,19224,France,Lorraine,FRF3,FR,3204
METZ,49.14538854,6.192531015,440000,1900800,France,Lorraine,FRF3,FR,316800
METZERESCHE,49.29227318,6.28894801,2500,10800,France,Lorraine,FRF3,FR,1800
MONTBRONN,48.97366473,7.294916142,4900,21168,France,Alsace,FRF1,FR,3528
MONTOY FLANVILLE,49.12212644,6.26961524,3500,15120,France,Lorraine,FRF3,FR,2520
MORHANGE,48.91739412,6.640555635,6500,28080,France,Lorraine,FRF3,FR,4680
NEUFGRANGE,49.0851995,7.068969619,2200,9504,France,Lorraine,FRF3,FR,1584
ERCHING,49.10628844,7.281089849,4250,18360,France,Lorraine,FRF3,FR,3060
PHALSBOURG SUD,48.76193996,7.247655399,4900,21168,France,Alsace,FRF1,FR,3528
HESTROFF,49.27881512,6.438586422,4200,18144,France,Lorraine,FRF3,FR,3024
PUTTELANGE-AUX-LACS,49.04484466,6.92850277,4767,20593.44,France,Lorraine,FRF3,FR,3432.24
REMERING LES PUTTELANGE,49.03297669,6.941474174,2300,9936,France,Lorraine,FRF3,FR,1656
REMILLY,49.0159098,6.389599767,3500,15120,France,Lorraine,FRF3,FR,2520
RODEMACK (STATION AVAL),49.44812648,6.257738489,3400,14688,France,Lorraine,FRF3,FR,2448
BINING,49.03336938,7.269702537,3700,15984,France,Lorraine,FRF3,FR,2664
ROUHLING,49.13246682,7.009438375,2500,10800,France,Lorraine,FRF3,FR,1800
ROUSSY-LE-VILLAGE,49.44903879,6.201972843,2600,11232,France,Lorraine,FRF3,FR,1872
SAINT AVOLD JEANNE D'ARC,49.15816631,6.765205972,2800,12096,France,Lorraine,FRF3,FR,2016
SARRALBE - WILLERWALD,49.01407372,7.045748367,12500,54000,France,Lorraine,FRF3,FR,9000
SARREBOURG,48.75199961,7.065040681,37000,159840,France,Lorraine,FRF3,FR,26640
SARREGUEMINES,49.12674434,7.044016587,68300,295056,France,Lorraine,FRF3,FR,49176
APACH,49.4675284,6.370521274,4100,17712,France,Lorraine,FRF3,FR,2952
THIONVILLE,49.36417493,6.183863108,80000,345600,France,Lorraine,FRF3,FR,57600
POMMERIEUX,48.9966694,6.173075191,5000,21600,France,Lorraine,FRF3,FR,3600
HARTZVILLER,48.67421633,7.076260045,4100,17712,France,Lorraine,FRF3,FR,2952
WOUSTVILLER,49.08890989,7.014621492,4200,18144,France,Lorraine,FRF3,FR,3024
ZETTING,49.06815746,7.134036119,3380,14601.6,France,Lorraine,FRF3,FR,2433.6
ACHENHEIM,48.57834232,7.635937539,9930,42897.6,France,Alsace,FRF1,FR,7149.6
HERBSHEIM (ANCIENNE),48.35899933,7.62255423,16000,69120,France,Alsace,FRF1,FR,11520
BERSTETT (NOUVELLE),48.67205071,7.674918015,3100,13392,France,Alsace,FRF1,FR,2232
BISCHWILLER,48.75595403,7.885558513,35000,151200,France,Alsace,FRF1,FR,25200
BOUXWILLER,48.83107803,7.500753351,5840,25228.8,France,Alsace,FRF1,FR,4204.8
BRUMATH,48.72213221,7.7233086,21333,92158.56,France,Alsace,FRF1,FR,15359.76
BUHL,48.91038682,8.012342623,6958,30058.56,France,Alsace,FRF1,FR,5009.76
DETTWILLER,48.74771148,7.525831931,9000,38880,France,Alsace,FRF1,FR,6480
DIEMERINGEN,48.9503543,7.191821489,11000,47520,France,Alsace,FRF1,FR,7920
DRUSENHEIM,48.74290922,7.957737887,16600,71712,France,Alsace,FRF1,FR,11952
DUPPIGHEIM,48.53553975,7.608621184,18000,77760,France,Alsace,FRF1,FR,12960
ERNOLSHEIM SUR BRUCHE,48.55437273,7.577852335,18000,77760,France,Alsace,FRF1,FR,12960
ERSTEIN (NOUVELLE),48.43479018,7.674273029,30250,130680,France,Alsace,FRF1,FR,21780
GUNSTETT,48.90755992,7.795327848,15000,64800,France,Alsace,FRF1,FR,10800
GERSTHEIM SE,48.39189916,7.70707453,7000,30240,France,Alsace,FRF1,FR,5040
GOUGENHEIM (NOUVELLE),48.70442057,7.55780954,7500,32400,France,Alsace,FRF1,FR,5400
GRIESHEIM SUR SOUFFEL,48.63327159,7.68356283,19883,85894.56,France,Alsace,FRF1,FR,14315.76
HAGUENAU,48.80523069,7.824074555,60000,259200,France,Alsace,FRF1,FR,43200
HATTMATT,48.78705057,7.430070557,4520,19526.4,France,Alsace,FRF1,FR,3254.4
HERRLISHEIM,48.75093032,7.922263795,8700,37584,France,Alsace,FRF1,FR,6264
WEYERSHEIM (NOUVELLE),48.70899364,7.829230855,30000,129600,France,Alsace,FRF1,FR,21600
HOFFEN,48.91906651,7.951476124,5500,23760,France,Alsace,FRF1,FR,3960
MENCHHOFFEN,48.85738912,7.513444501,15000,64800,France,Alsace,FRF1,FR,10800
KUTZENHAUSEN,48.93170569,7.861195364,7000,30240,France,Alsace,FRF1,FR,5040
MARCKOLSHEIM,48.1745394,7.59167482,11000,47520,France,Alsace,FRF1,FR,7920
MARMOUTIER,48.71497874,7.396169177,5500,23760,France,Alsace,FRF1,FR,3960
MIETESHEIM,48.87722082,7.665627676,11000,47520,France,Alsace,FRF1,FR,7920
MOLLKIRCH,48.51517982,7.391205839,2730,11793.6,France,Alsace,FRF1,FR,1965.6
MOLSHEIM,48.55045174,7.502200313,32000,138240,France,Alsace,FRF1,FR,23040
MOMMENHEIM,48.75014721,7.653809894,6667,28801.44,France,Alsace,FRF1,FR,4800.24
VILLE-NEUBOIS,48.30918595,7.355306177,25000,108000,France,Alsace,FRF1,FR,18000
NIEDERBRONN,48.93799404,7.650300189,8300,35856,France,Alsace,FRF1,FR,5976
NIEDERHASLACH,48.52401931,7.351284137,11850,51192,France,Alsace,FRF1,FR,8532
NIEDERLAUTERBACH (ANCIENNE),48.98399884,8.112888628,4400,19008,France,Alsace,FRF1,FR,3168
MEISTRATZHEIM,48.4615641,7.556204013,204550,883656,France,Alsace,FRF1,FR,147276
BETSCHDORF (NOUVELLE),48.89127806,7.907098575,6000,25920,France,Alsace,FRF1,FR,4320
OBERMODERN,48.84620803,7.561664878,3290,14212.8,France,Alsace,FRF1,FR,2368.8
OLWISHEIM (NOUVELLE),48.69304622,7.686120723,5200,22464,France,Alsace,FRF1,FR,3744
PFAFFENHOFFEN,48.84604954,7.642277224,14200,61344,France,Alsace,FRF1,FR,10224
PLOBSHEIM,48.47408372,7.741003012,3300,14256,France,Alsace,FRF1,FR,2376
REICHSHOFFEN,48.9135981,7.653584816,7467,32257.44,France,Alsace,FRF1,FR,5376.24
RHINAU,48.32587827,7.717289807,6000,25920,France,Alsace,FRF1,FR,4320
INGOLSHEIM,48.96749644,7.949512238,4000,17280,France,Alsace,FRF1,FR,2880
ROPPENHEIM,48.85067085,8.059572426,9000,38880,France,Alsace,FRF1,FR,6480
ROSHEIM,48.49924769,7.497395795,14800,63936,France,Alsace,FRF1,FR,10656
SAVERNE,48.7595776,7.394710334,56500,244080,France,Alsace,FRF1,FR,40680
SCHARRACHBERGHEIM,48.5814275,7.483151782,17000,73440,France,Alsace,FRF1,FR,12240
SCHIRMECK,48.48768448,7.23900401,11000,47520,France,Alsace,FRF1,FR,7920
SCHWEIGHOUSE,48.81965146,7.75409165,20000,86400,France,Alsace,FRF1,FR,14400
SCHWINDRATZHEIM,48.74859799,7.604120931,18000,77760,France,Alsace,FRF1,FR,12960
SELESTAT,48.2725484,7.496256322,132800,573696,France,Alsace,FRF1,FR,95616
SELTZ,48.88314201,8.126160826,19000,82080,France,Alsace,FRF1,FR,13680
SARRE-SUD,48.93640339,7.068117626,6900,29808,France,Lorraine,FRF3,FR,4968
SOUFFLENHEIM,48.82984054,7.974928248,7000,30240,France,Alsace,FRF1,FR,5040
STATTMATTEN,48.79945381,8.004683259,3500,15120,France,Alsace,FRF1,FR,2520
STRASBOURG - LA WANTZENAU,48.6319414,7.832431515,1000000,4320000,France,Alsace,FRF1,FR,720000
SCHOENAU,48.23944002,7.652299069,3000,12960,France,Alsace,FRF1,FR,2160
TRUCHTERSHEIM,48.64912404,7.635852202,7500,32400,France,Alsace,FRF1,FR,5400
WASSELONNE,48.63319229,7.46122108,9833,42478.56,France,Alsace,FRF1,FR,7079.76
WEISLINGEN,48.90896003,7.232927044,3000,12960,France,Alsace,FRF1,FR,2160
WEYER,48.84995275,7.131254693,5500,23760,France,Lorraine,FRF3,FR,3960
WIMMENAU,48.90185709,7.444960095,5250,22680,France,Alsace,FRF1,FR,3780
ZELLWILLER,48.41358208,7.544852666,86000,371520,France,Alsace,FRF1,FR,61920
ALTKIRCH,47.63166392,7.262349472,23567,101809.44,France,Alsace,FRF1,FR,16968.24
BANTZENHEIM,47.82357845,7.533276199,2800,12096,France,Alsace,FRF1,FR,2016
BERGHEIM,48.21229554,7.379216246,18000,77760,France,Alsace,FRF1,FR,12960
BIESHEIM,48.04486019,7.559674557,7500,32400,France,Alsace,FRF1,FR,5400
FELDKIRCH,47.8689932,7.278124433,5500,23760,France,Alsace,FRF1,FR,3960
COLMAR,48.10931194,7.38657172,250000,1080000,France,Alsace,FRF1,FR,180000
WOLFERSDORF,47.64946301,7.11856235,5350,23112,France,Alsace,FRF1,FR,3852
ISSENHEIM,47.90969374,7.275951447,75000,324000,France,Alsace,FRF1,FR,54000
HERRLISHEIM PRES COLMAR,48.02108124,7.338149007,2200,9504,France,Alsace,FRF1,FR,1584
ILLFURTH,47.68472963,7.277141015,7700,33264,France,Alsace,FRF1,FR,5544
MASEVAUX,47.7678917,7.003279004,5417,23401.44,France,Alsace,FRF1,FR,3900.24
MEYENHEIM,47.91924688,7.364102763,5200,22464,France,Alsace,FRF1,FR,3744
SAUSHEIM,47.77744398,7.404029818,490000,2116800,France,Alsace,FRF1,FR,352800
URSCHENHEIM,48.09161237,7.477295213,2100,9072,France,Alsace,FRF1,FR,1512
LAPOUTROIE,48.1549066,7.202216699,8500,36720,France,Alsace,FRF1,FR,6120
OTTMARSHEIM,47.7770777,7.51768904,4275,18468,France,Alsace,FRF1,FR,3078
PULVERSHEIM,47.84576118,7.319299743,4500,19440,France,Alsace,FRF1,FR,3240
RIBEAUVILLE,48.18806791,7.339820199,11333,48958.56,France,Alsace,FRF1,FR,8159.76
MOOSCH,47.85076325,7.060656173,15000,64800,France,Alsace,FRF1,FR,10800
SE VILLAGE NEUF,47.618468,7.565191865,82000,354240,France,Alsace,FRF1,FR,59040
SAINTE MARIE AUX MINES,48.25486287,7.208003752,12833,55438.56,France,Alsace,FRF1,FR,9239.76
GUEWENHEIM,47.75229546,7.102293263,6300,27216,France,Alsace,FRF1,FR,4536
SENTHEIM,47.75815544,7.059868833,2500,10800,France,Alsace,FRF1,FR,1800
SIERENTZ,47.67122156,7.466080973,13000,56160,France,Alsace,FRF1,FR,9360
VOLGELSHEIM,48.01758226,7.561112927,6500,28080,France,Alsace,FRF1,FR,4680
GRENTZINGEN,47.5649061,7.289078414,9800,42336,France,Alsace,FRF1,FR,7056
WITTELSHEIM,47.81768065,7.274434343,21000,90720,France,Alsace,FRF1,FR,15120
RUELISHEIM,47.82824462,7.363412555,62400,269568,France,Alsace,FRF1,FR,44928
ARCHES,48.12351235,6.519723406,2833,12238.56,France,Lorraine,FRF3,FR,2039.76
LA BRESSE - CORNIMONT,47.95521791,6.817457478,12600,54432,France,Lorraine,FRF3,FR,9072
CHARMES2,48.38294735,6.279914085,5833,25198.56,France,Lorraine,FRF3,FR,4199.76
CHATENOIS VOSGES,48.31201395,5.86053532,5916,25557.12,France,Lorraine,FRF3,FR,4259.52
CHENIMENIL,48.12865332,6.593825006,3000,12960,France,Lorraine,FRF3,FR,2160
ELOYES,48.10274286,6.59927155,8000,34560,France,Lorraine,FRF3,FR,5760
EPINAL,48.21172907,6.442386352,66000,285120,France,Lorraine,FRF3,FR,47520
BAN SUR MEURTHE CLEFCY,48.18669698,6.972309723,6000,25920,France,Lorraine,FRF3,FR,4320
GERARDMER,48.09890363,6.877504575,30000,129600,France,Lorraine,FRF3,FR,21600
GRANGES SUR VOLOGNE,48.15530828,6.768646461,3000,12960,France,Lorraine,FRF3,FR,2160
LIFFOL LE GRAND,48.32985974,5.579979217,3500,15120,France,Lorraine,FRF3,FR,2520
MIRECOURT,48.31231775,6.13564898,30100,130032,France,Lorraine,FRF3,FR,21672
ETIVAL-CLAIREFONTAINE,48.37727519,6.873402734,10000,43200,France,Lorraine,FRF3,FR,7200
NEUFCHATEAU,48.37001019,5.694300612,18000,77760,France,Lorraine,FRF3,FR,12960
NOMEXY CHATEL,48.31463558,6.38296018,7000,30240,France,Lorraine,FRF3,FR,5040
RAMBERVILLERS,48.35401611,6.624574252,5750,24840,France,Lorraine,FRF3,FR,4140
RAMONCHAMP,47.89192534,6.731386604,2100,9072,France,Lorraine,FRF3,FR,1512
REMIREMONT,48.02143568,6.593085222,26200,113184,France,Lorraine,FRF3,FR,18864
RUPT SUR MOSELLE,47.93465957,6.650226993,3150,13608,France,Lorraine,FRF3,FR,2268
DOMMARTIN-LES-REMIREMONT,48.0108187,6.615590363,7500,32400,France,Lorraine,FRF3,FR,5400
SAINT DIE,48.31624679,6.916098659,40000,172800,France,Lorraine,FRF3,FR,28800
ST NABORD,48.05429727,6.591326569,2300,9936,France,Lorraine,FRF3,FR,1656
SAULCY-SUR-MEURTHE,48.24667504,6.966836098,7500,32400,France,Lorraine,FRF3,FR,5400
SAULXURES SUR MOSELOTTE,47.95471272,6.746402289,3300,14256,France,Lorraine,FRF3,FR,2376
THAON-LES-VOSGES,48.26420103,6.409395877,15000,64800,France,Lorraine,FRF3,FR,10800
LETHILLOT2,47.88551855,6.752314,11450,49464,France,Lorraine,FRF3,FR,8244
UXEGNEY,48.20392715,6.377301843,5000,21600,France,Lorraine,FRF3,FR,3600
VAGNEY LE SYNDICAT,48.02419586,6.695318938,4400,19008,France,Lorraine,FRF3,FR,3168
VINCEY,48.35482271,6.312058469,2500,10800,France,Lorraine,FRF3,FR,1800
VITTEL - CONTREXEVILLE,48.23534731,5.900177161,35333,152638.56,France,Lorraine,FRF3,FR,25439.76
HETTANGE-GRANDE 2,49.40917299,6.135967742,5500,23760,France,Lorraine,FRF3,FR,3960
PHALSBOURG NORD,48.77482829,7.263082151,3000,12960,France,Alsace,FRF1,FR,2160
VIC SUR SEILLE,48.77905444,6.51931503,2100,9072,France,Lorraine,FRF3,FR,1512
MARIENTHAL,48.77696546,7.823830753,4350,18792,France,Alsace,FRF1,FR,3132
CERNAY,47.80552412,7.197880212,52500,226800,France,Alsace,FRF1,FR,37800
EGUISHEIM,48.0403267,7.345129719,93650,404568,France,Alsace,FRF1,FR,67428
ENSISHEIM,47.87632588,7.345875947,16500,71280,France,Alsace,FRF1,FR,11880
CHAMP-LE-DUC,48.19113786,6.710837145,5000,21600,France,Lorraine,FRF3,FR,3600
ANIZY LE GRAND,49.5006154,3.445476821,6000,25920,France,Picardie,FRE2,FR,4320
AULNOIS-SOUS-LAON II,49.61644562,3.587751538,2600,11232,France,Picardie,FRE2,FR,1872
BLERANCOURT,49.52062294,3.160798885,2000,8640,France,Picardie,FRE2,FR,1440
AUGY (BRAINE),49.34086438,3.520104807,3370,14558.4,France,Picardie,FRE2,FR,2426.4
LA CAPELLE II,49.97049668,3.905286435,3320,14342.4,France,Picardie,FRE2,FR,2390.4
PANCY-COURTECON (NOUVELLE),49.46693167,3.6647069,6000,25920,France,Picardie,FRE2,FR,4320
CHARLY NOUVELLE,48.97188433,3.278645743,11500,49680,France,Ile-de-France,FR10,FR,8280
CHATEAU-THIERRY,49.0385848,3.38942982,46000,198720,France,Picardie,FRE2,FR,33120
CHAUNY,49.60273969,3.215976887,45000,194400,France,Picardie,FRE2,FR,32400
CORBENY (NOUVELLE),49.45540314,3.824967195,2000,8640,France,Picardie,FRE2,FR,1440
CRECY SUR SERRE,49.69520418,3.61232881,2200,9504,France,Picardie,FRE2,FR,1584
CREZANCY,49.0554687,3.518598568,2250,9720,France,Picardie,FRE2,FR,1620
FERE-EN-TARDENOIS,49.1941554,3.504102821,4400,19008,France,Picardie,FRE2,FR,3168
LA FERTE-MILON II,49.17207541,3.116331688,4500,19440,France,Picardie,FRE2,FR,3240
GUISE02,49.90941696,3.609823446,9400,40608,France,Picardie,FRE2,FR,6768
HIRSON II,49.92015946,4.068314397,20000,86400,France,Picardie,FRE2,FR,14400
LAON,49.54785333,3.622948526,40000,172800,France,Picardie,FRE2,FR,28800
LIESSE,49.61106517,3.797071674,2000,8640,France,Picardie,FRE2,FR,1440
MARLE,49.73763985,3.761055506,3600,15552,France,Picardie,FRE2,FR,2592
MONTCORNET (NOUVELLE),49.69710893,4.010130874,4400,19008,France,Picardie,FRE2,FR,3168
MOY-DE-L'AISNE,49.74602412,3.36667829,3100,13392,France,Picardie,FRE2,FR,2232
NEUILLY SAINT FRONT,49.1867524,3.249504076,2250,9720,France,Picardie,FRE2,FR,1620
ORIGNY STE BENOITE,49.83405316,3.485400869,4000,17280,France,Picardie,FRE2,FR,2880
PREMONTRE,49.52848162,3.410882895,4000,17280,France,Picardie,FRE2,FR,2880
SAINT-ERME-OUTRE-ET-RAMECOURT,49.54094943,3.871350978,3000,12960,France,Picardie,FRE2,FR,2160
SAINT-GOBAIN,49.59782768,3.361844996,3000,12960,France,Picardie,FRE2,FR,2160
SISSONNE2,49.57340672,3.882017906,4624,19975.68,France,Picardie,FRE2,FR,3329.28
POMMIERS,49.38618493,3.274234416,80000,345600,France,Picardie,FRE2,FR,57600
TERGNIER,49.63573379,3.298287231,31667,136801.44,France,Picardie,FRE2,FR,22800.24
VAILLY SUR AISNE,49.40203548,3.536134604,2685,11599.2,France,Picardie,FRE2,FR,1933.2
FONTAINE-LES-VERVINS,49.8316416,3.888421328,9500,41040,France,Picardie,FRE2,FR,6840
VILLERS-COTTERETS,49.24137482,3.064532254,18000,77760,France,Picardie,FRE2,FR,12960
RETHEL,49.51177201,4.349684386,19000,82080,France,Champagne-Ardenne,FRF2,FR,13680
VOUZIERS,49.41416237,4.698502155,6000,25920,France,Champagne-Ardenne,FRF2,FR,4320
AIX EN OTHE,48.22991206,3.721944846,3200,13824,France,Champagne-Ardenne,FRF2,FR,2304
ARCIS SUR AUBE,48.53595025,4.124789186,6000,25920,France,Champagne-Ardenne,FRF2,FR,4320
BAR SUR AUBE,48.23552493,4.695351754,15500,66960,France,Champagne-Ardenne,FRF2,FR,11160
BAR SUR SEINE,48.12543925,4.373426856,7290,31492.8,France,Champagne-Ardenne,FRF2,FR,5248.8
BRIENNE LE CHATEAU,48.40535627,4.531476045,7300,31536,France,Champagne-Ardenne,FRF2,FR,5256
CELLES SUR OURCE,48.08202837,4.400572888,2300,9936,France,Champagne-Ardenne,FRF2,FR,1656
LOCHES SUR OURCE,48.06705425,4.491324041,4200,18144,France,Champagne-Ardenne,FRF2,FR,3024
ESTISSAC-10,48.26992182,3.796876585,2700,11664,France,Champagne-Ardenne,FRF2,FR,1944
NEUVILLE SUR SEINE,48.03465902,4.416483426,3000,12960,France,Champagne-Ardenne,FRF2,FR,2160
LUSIGNY SUR BARSE,48.26400832,4.265564238,3000,12960,France,Champagne-Ardenne,FRF2,FR,2160
MARIGNY LE CHATEL,48.41086921,3.726510984,2800,12096,France,Champagne-Ardenne,FRF2,FR,2016
MERY SUR SEINE,48.51250491,3.880624301,2500,10800,France,Champagne-Ardenne,FRF2,FR,1800
NOGENT-SUR-SEINE,48.48736175,3.486256139,12850,55512,France,Champagne-Ardenne,FRF2,FR,9252
LES-RICEYS,48.00930575,4.374668078,3400,14688,France,Champagne-Ardenne,FRF2,FR,2448
ROMILLY-SUR-SEINE,48.51684868,3.676183931,19384,83738.88,France,Champagne-Ardenne,FRF2,FR,13956.48
SAINT-LYE,48.37256884,3.999551163,6000,25920,France,Champagne-Ardenne,FRF2,FR,4320
TROYES BARBEREY,48.33474153,4.043500954,260000,1123200,France,Champagne-Ardenne,FRF2,FR,187200
VENDEUVRE SUR BARSE,48.23884035,4.448815194,4100,17712,France,Champagne-Ardenne,FRF2,FR,2952
VERRIERES-10,48.24635998,4.140168069,9500,41040,France,Champagne-Ardenne,FRF2,FR,6840
VILLENAUXE LA GRANDE,48.58069194,3.550652133,3000,12960,France,Champagne-Ardenne,FRF2,FR,2160
ARGENCES,49.13409423,-0.1701408188,20000,86400,France,Basse-Normandie,FRD1,FR,14400
TRACY-SUR-MER,49.33761813,-0.6351180429,4500,19440,France,Basse-Normandie,FRD1,FR,3240
ASNELLES,49.33728161,-0.5758689608,6000,25920,France,Basse-Normandie,FRD1,FR,4320
AUNAY-SUR-ODON,49.02937025,-0.6354212534,5000,21600,France,Basse-Normandie,FRD1,FR,3600
BAVENT,49.23095178,-0.1756968291,4000,17280,France,Basse-Normandie,FRD1,FR,2880
BAYEUX,49.29746329,-0.6838616915,55000,237600,France,Basse-Normandie,FRD1,FR,39600
CABOURG 2,49.27770753,-0.1139984734,70000,302400,France,Basse-Normandie,FRD1,FR,50400
MONDEVILLE,49.18548692,-0.3204714846,332000,1434240,France,Basse-Normandie,FRD1,FR,239040
CAGNY,49.14358235,-0.2295205662,4667,20161.44,France,Basse-Normandie,FRD1,FR,3360.24
CONDE-SUR-NOIREAU,48.84993447,-0.5326303388,9600,41472,France,Basse-Normandie,FRD1,FR,6912
CREULLY,49.28807672,-0.5386875417,4000,17280,France,Basse-Normandie,FRD1,FR,2880
BERNIERES-SUR-MER,49.32287537,-0.4329754614,97000,419040,France,Basse-Normandie,FRD1,FR,69840
DOZULE,49.23563854,-0.0489089782,3000,12960,France,Basse-Normandie,FRD1,FR,2160
EVRECY2,49.10145348,-0.4942231394,5000,21600,France,Basse-Normandie,FRD1,FR,3600
FALAISE,48.90322406,-0.1920862472,20000,86400,France,Basse-Normandie,FRD1,FR,14400
FONTENAY-LE-MARMION,49.09076292,-0.3587853472,6500,28080,France,Basse-Normandie,FRD1,FR,4680
GRANDCAMP-MAISY,49.38656301,-1.05641857,7000,30240,France,Basse-Normandie,FRD1,France,5040
HONFLEUR,49.412499,0.261001417,26000,112320,France,Basse-Normandie,FRD1,FR,18720
ISIGNY-SUR-MER,49.31782262,-1.095650679,6000,25920,France,Basse-Normandie,FRD1,FR,4320
LISIEUX,49.16642558,0.2212901072,70000,302400,France,Basse-Normandie,FRD1,FR,50400
LIVAROT,49.01255013,0.1479204539,4000,17280,France,Basse-Normandie,FRD1,FR,2880
MERVILLE-FRANCEVILLE,49.27276192,-0.2170838907,15000,64800,France,Basse-Normandie,FRD1,FR,10800
MEZIDON-CANON,49.08205536,-0.06935473379,10000,43200,France,Basse-Normandie,FRD1,FR,7200
ORBEC,49.02422077,0.398216238,16667,72001.44,France,Haute-Normandie,FRD2,FR,12000.24
OUISTREHAM,49.27286832,-0.253033471,18000,77760,France,Basse-Normandie,FRD1,FR,12960
PONT-L'EVEQUE,49.2903094,0.1731331909,7700,33264,France,Basse-Normandie,FRD1,FR,5544
PORT-EN-BESSIN-HUPPAIN,49.3408655,-0.7513744334,9900,42768,France,Basse-Normandie,FRD1,FR,7128
POTIGNY,48.97001174,-0.2377459093,3000,12960,France,Basse-Normandie,FRD1,FR,2160
RANVILLE NOUVELLE,49.2382244,-0.264827245,9667,41761.44,France,Basse-Normandie,FRD1,FR,6960.24
SAINT-ANDRE-SUR-ORNE,49.1225472,-0.3937536507,8200,35424,France,Basse-Normandie,FRD1,FR,5904
SAINT-PIERRE-SUR-DIVES,49.02553946,-0.03848137117,18000,77760,France,Basse-Normandie,FRD1,FR,12960
BASLY,49.27167389,-0.4400498068,4500,19440,France,Basse-Normandie,FRD1,FR,3240
THURY-HARCOURT,48.99307483,-0.4844815968,3000,12960,France,Basse-Normandie,FRD1,FR,2160
TILLY-SUR-SEULLES,49.18368902,-0.6209905929,4000,17280,France,Basse-Normandie,FRD1,FR,2880
TROARN,49.18567266,-0.1785725156,6000,25920,France,Basse-Normandie,FRD1,FR,4320
TOUQUES NOUVELLE,49.35220699,0.09442418899,115000,496800,France,Basse-Normandie,FRD1,FR,82800
URVILLE,49.02774348,-0.3041368232,2300,9936,France,Basse-Normandie,FRD1,FR,1656
VERSON,49.15626651,-0.4381415259,20000,86400,France,Basse-Normandie,FRD1,FR,14400
VER-SUR-MER (2),49.33879069,-0.5007205124,5000,21600,France,Basse-Normandie,FRD1,FR,3600
VILLERS-BOCAGE,49.07960729,-0.6623203362,5200,22464,France,Basse-Normandie,FRD1,FR,3744
VIRE,48.87739521,-0.8822524352,50000,216000,France,Basse-Normandie,FRD1,FR,36000
ARNAY-LE-DUC,47.13437933,4.477971991,3500,15120,France,Bourgogne,FRC1,FR,2520
CHATILLON-SUR-SEINE,47.87775272,4.542499491,14000,60480,France,Bourgogne,FRC1,FR,10080
EPOISSES,47.50633403,4.154845645,2170,9374.4,France,Bourgogne,FRC1,FR,1562.4
MONTBARD,47.62828339,4.330402332,10000,43200,France,Bourgogne,FRC1,FR,7200
POUILLY-EN-AUXOIS,47.26816308,4.529564042,2265,9784.8,France,Bourgogne,FRC1,FR,1630.8
SAULIEU,47.28007903,4.242078956,4000,17280,France,Bourgogne,FRC1,FR,2880
SEMUR-EN-AUXOIS,47.50099343,4.335327888,9000,38880,France,Bourgogne,FRC1,FR,6480
VENAREY-LES-LAUMES,47.55083047,4.439937251,36000,155520,France,Bourgogne,FRC1,FR,25920
ALIZAY,49.31415242,1.173021091,2020,8726.4,France,Haute-Normandie,FRD2,FR,1454.4
LES ANDELYS,49.25363299,1.371075073,12500,54000,France,Haute-Normandie,FRD2,FR,9000
SCS CENTER PARC FRANCE,48.73186041,0.8451667982,4500,19440,France,Haute-Normandie,FRD2,FR,3240
BEAUMONT LE ROGER,49.08152857,0.7695943564,4400,19008,France,Haute-Normandie,FRD2,FR,3168
BERNAY,49.09194144,0.6093896609,20000,86400,France,Haute-Normandie,FRD2,FR,14400
BEUZEVILLE,49.34100761,0.3232851504,4000,17280,France,Haute-Normandie,FRD2,FR,2880
LA BONNEVILLE-SUR-ITON,48.99308925,1.042338235,3950,17064,France,Haute-Normandie,FRD2,FR,2844
BOURG ACHARD,49.35257336,0.8294661915,7825,33804,France,Haute-Normandie,FRD2,FR,5634
BOURGTHEROULDE-INFREVILLE,49.30821143,0.8768820043,5717,24697.44,France,Haute-Normandie,FRD2,FR,4116.24
BRETEUIL-SUR-ITON,48.83617045,0.923319393,3860,16675.2,France,Haute-Normandie,FRD2,FR,2779.2
BRIONNE,49.20207533,0.7184304205,7200,31104,France,Haute-Normandie,FRD2,FR,5184
BUEIL,48.9382862,1.432137958,4117,17785.44,France,Haute-Normandie,FRD2,FR,2964.24
CONCHES-EN-OUCHE,48.96852607,0.9441002099,7600,32832,France,Haute-Normandie,FRD2,FR,5472
LA COUTURE-BOUSSEY,48.89837889,1.393544683,3200,13824,France,Centre — Val de Loire,FRB0,FR,2304
DAMVILLE,48.87245026,1.077147856,3500,15120,France,Haute-Normandie,FRD2,FR,2520
ETREPAGNY,49.30135457,1.612495794,5000,21600,France,Haute-Normandie,FRD2,FR,3600
GRAVIGNY-CTEU,49.05503292,1.174728931,166750,720360,France,Haute-Normandie,FRD2,FR,120060
EZY-SUR-EURE,48.86635183,1.43660745,4000,17280,France,Centre — Val de Loire,FRB0,FR,2880
FLEURY-SUR-ANDELLE,49.35769152,1.346825549,5000,21600,France,Haute-Normandie,FRD2,FR,3600
AUBEVOYE,49.17678562,1.346555145,34500,149040,France,Haute-Normandie,FRD2,FR,24840
GASNY,49.08508582,1.597746158,6000,25920,France,Haute-Normandie,FRD2,FR,4320
GISORS,49.27425121,1.773043996,16700,72144,France,Picardie,FRE2,FR,12024
IVRY-LA-BATAILLE,48.88817368,1.463040731,2500,10800,France,Centre — Val de Loire,FRB0,FR,1800
LOUVIERS,49.23035854,1.179730723,42433,183310.56,France,Haute-Normandie,FRD2,FR,30551.76
ST GERMAIN-MESNIL,48.7684886,1.29562655,3383,14614.56,France,Centre — Val de Loire,FRB0,FR,2435.76
LE NEUBOURG,49.15701812,0.8948340416,11000,47520,France,Haute-Normandie,FRD2,FR,7920
NONANCOURT,48.76048761,1.22136188,11500,49680,France,Centre — Val de Loire,FRB0,FR,8280
PACY-SUR-EURE,49.01728228,1.368179737,12000,51840,France,Haute-Normandie,FRD2,FR,8640
PONT-AUDEMER,49.36264431,0.4973294121,31633,136654.56,France,Haute-Normandie,FRD2,FR,22775.76
ROMILLY SUR ANDELLE,49.32689134,1.251862767,7100,30672,France,Haute-Normandie,FRD2,FR,5112
RUGLES,48.82599826,0.7096727826,4083,17638.56,France,Haute-Normandie,FRD2,FR,2939.76
SAINT-ANDRE-DE-L'EURE,48.90478337,1.290262973,8500,36720,France,Haute-Normandie,FRD2,FR,6120
SAINT-OUEN-DE-THOUBERVILLE,49.34793835,0.881426536,2700,11664,France,Haute-Normandie,FRD2,FR,1944
SAINT-OUEN-DE-THOUBERVILLE (MAISON BRULÉE),49.34368381,0.9280216423,950,4104,France,Haute-Normandie,FRD2,FR,684
SAINT PIERRE DU BOSGUERARD,49.27081821,0.8783227,5040,21772.8,France,Haute-Normandie,FRD2,FR,3628.8
SERQUIGNY,49.11204691,0.7225175777,3000,12960,France,Haute-Normandie,FRD2,FR,2160
THIBERVILLE,49.14297504,0.4463009274,2100,9072,France,Haute-Normandie,FRD2,FR,1512
VERNEUIL-SUR-AVRE,48.73402675,0.9377323192,20000,86400,France,Haute-Normandie,FRD2,FR,14400
VERNON,49.10690692,1.469116184,54000,233280,France,Haute-Normandie,FRD2,FR,38880
VAL DE REUIL LERY,49.29920056,1.196428965,86683,374470.56,France,Haute-Normandie,FRD2,FR,62411.76
ANET,48.86398074,1.447244529,6000,25920,France,Centre — Val de Loire,FRB0,FR,4320
AUNEAU,48.4695881,1.762873098,5330,23025.6,France,Centre — Val de Loire,FRB0,FR,3837.6
BREZOLLES,48.69606071,1.076271822,2500,10800,France,Centre — Val de Loire,FRB0,FR,1800
BU - ROUVRES,48.83804192,1.476837572,4200,18144,France,Centre — Val de Loire,FRB0,FR,3024
CHATEAUNEUF-EN-THYMERAIS-2,48.58786678,1.253765691,4683,20230.56,France,Centre — Val de Loire,FRB0,FR,3371.76
CHAUSSEE-D'IVRY-2,48.88397226,1.476339613,2500,10800,France,Centre — Val de Loire,FRB0,FR,1800
COURVILLE-SUR-EURE,48.4468817,1.251622675,5000,21600,France,Centre — Val de Loire,FRB0,FR,3600
DREUX,48.74871532,1.394272979,86667,374401.44,France,Centre — Val de Loire,FRB0,FR,62400.24
EPERNON,48.6063866,1.673730777,12000,51840,France,Centre — Val de Loire,FRB0,FR,8640
GALLARDON-2,48.52447787,1.679960299,5800,25056,France,Centre — Val de Loire,FRB0,FR,4176
HANCHES,48.60579396,1.63718666,2700,11664,France,Centre — Val de Loire,FRB0,FR,1944
JANVILLE-EN-BEAUCE,48.19954201,1.873200013,3000,12960,France,Centre — Val de Loire,FRB0,FR,2160
JOUY-2,48.51712727,1.558382704,2700,11664,France,Centre — Val de Loire,FRB0,FR,1944
LOUPE,48.47842275,1.009929359,6000,25920,France,Centre — Val de Loire,FRB0,FR,4320
MORANCEZ,48.41429249,1.485416227,2500,10800,France,Centre — Val de Loire,FRB0,FR,1800
NOGENT-LE-PHAYE,48.4494685,1.574996026,2000,8640,France,Centre — Val de Loire,FRB0,FR,1440
SAINT-REMY-SUR-AVRE,48.76108136,1.25182202,6000,25920,France,Centre — Val de Loire,FRB0,FR,4320
SAINT-SYMPHORIEN-LE-CHATEAU,48.52047595,1.756025364,2150,9288,France,Centre — Val de Loire,FRB0,FR,1548
SENONCHES,48.56281948,1.042378336,5000,21600,France,Centre — Val de Loire,FRB0,FR,3600
THIVARS,48.38577717,1.456827607,2700,11664,France,Centre — Val de Loire,FRB0,FR,1944
TOURY,48.1869614,1.934241512,4167,18001.44,France,Centre — Val de Loire,FRB0,FR,3000.24
BELLEGARDE,47.99266325,2.454425917,4200,18144,France,Centre — Val de Loire,FRB0,FR,3024
CHATEAU-RENARD,47.92749756,2.923689375,5000,21600,France,Centre — Val de Loire,FRB0,FR,3600
CHATILLON-COLIGNY,47.83304765,2.837812129,3500,15120,France,Centre — Val de Loire,FRB0,FR,2520
COURTENAY,48.04036439,3.043074077,9883,42694.56,France,Bourgogne,FRC1,FR,7115.76
DORDIVES,48.15233741,2.763141536,4500,19440,France,Centre — Val de Loire,FRB0,FR,3240
FERRIERES,48.09389893,2.785217342,5500,23760,France,Centre — Val de Loire,FRB0,FR,3960
LORRIS,47.89442248,2.515828755,3500,15120,France,Centre — Val de Loire,FRB0,FR,2520
LOURY,47.98329406,2.065311902,5000,21600,France,Centre — Val de Loire,FRB0,FR,3600
MALESHERBES,48.30054422,2.418333749,18000,77760,France,Centre — Val de Loire,FRB0,FR,12960
CHALETTE/MONTARGIS,48.01523452,2.726132676,85000,367200,France,Centre — Val de Loire,FRB0,FR,61200
AMILLY,47.97628952,2.756342198,17000,73440,France,Centre — Val de Loire,FRB0,FR,12240
NEUVILLE AUX BOIS,48.07943668,2.063089815,8200,35424,France,Centre — Val de Loire,FRB0,FR,5904
NOGENT-SUR-VERNISSON,47.85361049,2.74541843,3500,15120,France,Centre — Val de Loire,FRB0,FR,2520
OUZOUER-SUR-LOIRE,47.76681171,2.468769083,3300,14256,France,Centre — Val de Loire,FRB0,FR,2376
PITHIVIERS,48.17353759,2.263448858,35000,151200,France,Centre — Val de Loire,FRB0,FR,25200
PUISEAUX,48.20583318,2.452222662,6000,25920,France,Centre — Val de Loire,FRB0,FR,4320
SERMAISES,48.29821818,2.193552546,2500,10800,France,Centre — Val de Loire,FRB0,FR,1800
AGON COUTAINVILLE,49.0546779,-1.593273267,35300,152496,France,Basse-Normandie,FRD1,FR,25416
AVRANCHES / LE VAL-SAINT-PERE,48.6829526,-1.376876066,40000,172800,France,Basse-Normandie,FRD1,FR,28800
BEAUMONT HAGUE,49.66798444,-1.83610675,4000,17280,France,Basse-Normandie,FRD1,France,2880
BREHAL LA VANLEE,48.8890439,-1.522706954,5300,22896,France,Basse-Normandie,FRD1,FR,3816
BRICQUEBEC,49.46444252,-1.635417822,4000,17280,France,Basse-Normandie,FRD1,FR,2880
CARENTAN - ST COME,49.32747582,-1.270598208,66670,288014.4,France,Basse-Normandie,FRD1,FR,48002.4
EQUEURDREVILLE,49.66044463,-1.683654334,45000,194400,France,Basse-Normandie,FRD1,France,32400
CONDE SUR VIRE INDUSTRIELLE,49.0483069,-1.046501443,40000,172800,France,Basse-Normandie,FRD1,FR,28800
COUTANCES,49.0360109,-1.445896539,20000,86400,France,Basse-Normandie,FRD1,FR,14400
DUCEY,48.6229266,-1.295838118,2600,11232,France,Basse-Normandie,FRD1,FR,1872
GAVRAY,48.91108041,-1.360496682,1630,7041.6,France,Basse-Normandie,FRD1,FR,1173.6
GOUVILLE SUR MER / BOUES ACTIVÉES,49.10299729,-1.591646875,4500,19440,France,Basse-Normandie,FRD1,FR,3240
GRANVILLE - GOELANE,48.8452191,-1.567037692,70000,302400,France,Basse-Normandie,FRD1,FR,50400
SAINT-SYMPHORIEN-LE-VALOIS 2,49.29939833,-1.567436079,7200,31104,France,Basse-Normandie,FRD1,FR,5184
LA LUCERNE-D'OUTREMER 2,48.79696615,-1.402853475,3500,15120,France,Basse-Normandie,FRD1,FR,2520
LESSAY,49.21852708,-1.538841326,5000,21600,France,Basse-Normandie,FRD1,FR,3600
MARIGNY NOUVELLE,49.1003099,-1.249631982,2700,11664,France,Basse-Normandie,FRD1,FR,1944
MARTINVAST,49.61210878,-1.645835777,8000,34560,France,Basse-Normandie,FRD1,France,5760
MONTEBOURG NOUVELLE,49.48262419,-1.381979026,3700,15984,France,Basse-Normandie,FRD1,FR,2664
MONTFARVILLE,49.6625255,-1.265153424,5500,23760,France,Basse-Normandie,FRD1,France,3960
MONTMARTIN SUR MER,48.98481846,-1.552686665,21600,93312,France,Basse-Normandie,FRD1,FR,15552
LE MONT SAINT MICHEL,48.60603952,-1.493249419,5000,21600,France,Bretagne,FRH0,FR,3600
MORTAIN LE MOULIN FOULIER,48.64421455,-0.9482578125,6400,27648,France,Basse-Normandie,FRD1,FR,4608
PERIERS,49.19354562,-1.407564269,3000,12960,France,Basse-Normandie,FRD1,FR,2160
PICAUVILLE,49.37503478,-1.427353878,2700,11664,France,Basse-Normandie,FRD1,FR,1944
LES PIEUX,49.50203934,-1.801788156,5000,21600,France,Basse-Normandie,FRD1,France,3600
PIROU,49.17243284,-1.584117726,10000,43200,France,Basse-Normandie,FRD1,FR,7200
PONT-HEBERT 2,49.17069379,-1.121511305,4200,18144,France,Basse-Normandie,FRD1,FR,3024
PONTORSON,48.56281943,-1.516295459,10000,43200,France,Bretagne,FRH0,FR,7200
PORTBAIL2,49.34086162,-1.681918665,6000,25920,France,Basse-Normandie,FRD1,FR,4320
SAINT VAAST LA HOUGUE,49.59170429,-1.287546579,12000,51840,France,Basse-Normandie,FRD1,France,8640
SAINT-GERMAIN-SUR-AY (NOUVELLE),49.22770855,-1.625089194,4000,17280,France,Basse-Normandie,FRD1,FR,2880
SAINT HILAIRE DU HARCOUET,48.57704233,-1.109416253,9860,42595.2,France,Basse-Normandie,FRD1,FR,7099.2
SAINT JAMES,48.54074703,-1.332377071,5500,23760,France,Bretagne,FRH0,FR,3960
SAINT LO,49.12457529,-1.105878076,40000,172800,France,Basse-Normandie,FRD1,FR,28800
SAINT PIERRE EGLISE,49.67437532,-1.39853012,2300,9936,France,Basse-Normandie,FRD1,France,1656
SAINT-SAUVEUR-LE-VICOMTE,49.38497169,-1.525101439,2750,11880,France,Basse-Normandie,FRD1,FR,1980
SOURDEVAL,48.71293513,-0.9262649554,9999,43195.68,France,Basse-Normandie,FRD1,FR,7199.28
LE TEILLEUL 2,48.54295823,-0.8706772708,2200,9504,France,Basse-Normandie,FRD1,FR,1584
TORIGNI,49.03563227,-0.988889794,9900,42768,France,Basse-Normandie,FRD1,FR,7128
VALOGNES,49.4971598,-1.479698265,12000,51840,France,Basse-Normandie,FRD1,FR,8640
VILLEDIEU-LES-POELES,48.85324837,-1.216387154,8000,34560,France,Basse-Normandie,FRD1,FR,5760
SAINT MARTIN D'ABLOIS,49.01766076,3.879453708,4500,19440,France,Champagne-Ardenne,FRF2,FR,3240
AIGNY,49.03384917,4.205504073,3220,13910.4,France,Champagne-Ardenne,FRF2,FR,2318.4
AVIZE,48.98150629,4.031302928,7000,30240,France,Champagne-Ardenne,FRF2,FR,5040
AY,49.04770056,4.00486114,39167,169201.44,France,Champagne-Ardenne,FRF2,FR,28200.24
CHALONS-EN-CHAMPAGNE,48.96587716,4.339632685,99170,428414.4,France,Champagne-Ardenne,FRF2,FR,71402.4
CONNANTRE,48.72315471,3.915361588,1950,8424,France,Champagne-Ardenne,FRF2,FR,1404
CRAMANT-CUIS,48.99484619,3.982669962,2500,10800,France,Champagne-Ardenne,FRF2,FR,1800
DAMERY-VENTEUIL,49.07441914,3.85456139,5000,21600,France,Champagne-Ardenne,FRF2,FR,3600
DORMANS,49.0707053,3.630465259,5300,22896,France,Champagne-Ardenne,FRF2,FR,3816
EPERNAY,49.06024263,3.915094976,138300,597456,France,Champagne-Ardenne,FRF2,FR,99576
ESTERNAY,48.72963844,3.55490058,2333,10078.56,France,Champagne-Ardenne,FRF2,FR,1679.76
FERE CHAMPENOISE,48.74733495,3.982962376,3000,12960,France,Champagne-Ardenne,FRF2,FR,2160
FISMES 2,49.31105343,3.665312098,9200,39744,France,Picardie,FRE2,FR,6624
HERMONVILLE2,49.33927966,3.916700278,2200,9504,France,Champagne-Ardenne,FRF2,FR,1584
ISLES SUR SUIPPE,49.36237199,4.192990594,12000,51840,France,Champagne-Ardenne,FRF2,FR,8640
JONCHERY SUR VESLE,49.29479444,3.817068179,2500,10800,France,Champagne-Ardenne,FRF2,FR,1800
LUDES-MAILLY,49.16830851,4.084565427,2250,9720,France,Champagne-Ardenne,FRF2,FR,1620
LES MESNEUX,49.22949134,3.964133813,3500,15120,France,Champagne-Ardenne,FRF2,FR,2520
MONTMIRAIL - LA FOLIE,48.86356295,3.547916647,5500,23760,France,Champagne-Ardenne,FRF2,FR,3960
MOURMELON LE GRAND,49.13904518,4.350757425,4300,18576,France,Champagne-Ardenne,FRF2,FR,3096
MUIZON,49.27805239,3.894782538,9500,41040,France,Champagne-Ardenne,FRF2,FR,6840
PARGNY SUR SAULX,48.76828282,4.821909273,2500,10800,France,Champagne-Ardenne,FRF2,FR,1800
REIMS,49.27998656,3.990168359,408300,1763856,France,Champagne-Ardenne,FRF2,FR,293976
STE MENEHOULD,49.09548212,4.886749522,7000,30240,France,Champagne-Ardenne,FRF2,FR,5040
SERMAIZE VILLE,48.78698789,4.896366428,2500,10800,France,Champagne-Ardenne,FRF2,FR,1800
SEZANNE,48.71344566,3.733639713,9900,42768,France,Champagne-Ardenne,FRF2,FR,7128
SUIPPES,49.13257456,4.526434735,5400,23328,France,Champagne-Ardenne,FRF2,FR,3888
TOURS-SUR-MARNE,49.04598013,4.127754722,2400,10368,France,Champagne-Ardenne,FRF2,FR,1728
TREPAIL,49.10324387,4.185629833,800,3456,France,Champagne-Ardenne,FRF2,FR,576
VERTUS - VOIPREUX,48.88887085,4.060604712,5950,25704,France,Champagne-Ardenne,FRF2,FR,4284
VITRY-LE-FRANCOIS,48.74016425,4.581838727,67933,293470.56,France,Champagne-Ardenne,FRF2,FR,48911.76
WITRY LES REIMS,49.29429007,4.111994527,7500,32400,France,Champagne-Ardenne,FRF2,FR,5400
BOLOGNE,48.20615512,5.139609947,3000,12960,France,Champagne-Ardenne,FRF2,FR,2160
CHAUMONT-TANNERIES,48.12000106,5.134710898,33000,142560,France,Champagne-Ardenne,FRF2,FR,23760
CHAUMONT - CHAMARANDES-CHOIGNES,48.10658453,5.158160466,6000,25920,France,Champagne-Ardenne,FRF2,FR,4320
CHAUMONT-ABATTOIRS,48.12301524,5.151624995,3000,12960,France,Champagne-Ardenne,FRF2,FR,2160
JOINVILLE,48.45050357,5.14974026,6000,25920,France,Champagne-Ardenne,FRF2,FR,4320
LANGRES,47.88077217,5.336931725,36250,156600,France,Champagne-Ardenne,FRF2,FR,26100
MONTIER-EN-DER,48.48675194,4.755796797,9900,42768,France,Champagne-Ardenne,FRF2,FR,7128
NOGENT,48.02437316,5.331579345,6167,26641.44,France,Champagne-Ardenne,FRF2,FR,4440.24
SAINT-DIZIER,48.62895809,4.932622537,50000,216000,France,Champagne-Ardenne,FRF2,FR,36000
VILLIERS EN LIEU,48.66206818,4.88663457,3000,12960,France,Champagne-Ardenne,FRF2,FR,2160
WASSY,48.5029035,4.940883379,5000,21600,France,Champagne-Ardenne,FRF2,FR,3600
ANCERVILLE,48.61671517,5.000539246,3500,15120,France,Champagne-Ardenne,FRF2,FR,2520
FAINS-VEEL_BAR-LE-DUC,48.78964418,5.142160478,35000,151200,France,Lorraine,FRF3,FR,25200
TRONVILLE-EN-BARROIS_LIGNY-EN-BARROIS,48.72605433,5.274710131,15000,64800,France,Lorraine,FRF3,FR,10800
REVIGNY-SUR-ORNAIN,48.82048488,4.967378056,9500,41040,France,Champagne-Ardenne,FRF2,FR,6840
MOGNEVILLE55,48.77366527,5.01764963,2700,11664,France,Lorraine,FRF3,FR,1944
CHATEAU CHINON VILLE,47.07464703,3.924923853,3800,16416,France,Bourgogne,FRC1,FR,2736
CLAMECY_VILLE,47.46406074,3.523727037,6000,25920,France,Bourgogne,FRC1,FR,4320
CORBIGNY_VILLE,47.26018518,3.67975793,4500,19440,France,Bourgogne,FRC1,FR,3240
ATTICHY,49.40934563,3.043143375,4000,17280,France,Picardie,FRE2,FR,2880
AIRION,49.42881564,2.417931571,4200,18144,France,Picardie,FRE2,FR,3024
BAILLEUL SUR THERAIN,49.38243113,2.222242634,2500,10800,France,Picardie,FRE2,FR,1800
BEAUVAIS,49.41967911,2.109812142,110000,475200,France,Picardie,FRE2,FR,79200
BETHISY-SAINT-PIERRE,49.30333261,2.792918872,6200,26784,France,Picardie,FRE2,FR,4464
BORAN SUR OISE,49.1629582,2.361433233,3250,14040,France,Picardie,FRE2,FR,2340
BRESLES,49.39915454,2.251381697,9000,38880,France,Picardie,FRE2,FR,6480
BRETEUIL SUR NOYE,49.63718913,2.308609274,7300,31536,France,Picardie,FRE2,FR,5256
CAMBRONNE-LES-RIBECOURT,49.50201321,2.912274373,3000,12960,France,Picardie,FRE2,FR,2160
CATIGNY,49.64380631,2.927945514,2400,10368,France,Picardie,FRE2,FR,1728
CHAMANT,49.21574388,2.607809292,2000,8640,France,Picardie,FRE2,FR,1440
CHAUMONT EN VEXIN,49.27069197,1.870762017,5000,21600,France,Picardie,FRE2,FR,3600
CHOISY-AU-BAC (NOUVELLE),49.43404385,2.868054617,6400,27648,France,Picardie,FRE2,FR,4608
CIRES LES MELLO,49.26840977,2.362012191,8000,34560,France,Picardie,FRE2,FR,5760
CLAIROIX,49.43898073,2.854493305,4000,17280,France,Picardie,FRE2,FR,2880
BREUIL LE VERT,49.37609284,2.437854975,35500,153360,France,Picardie,FRE2,FR,25560
COUDUN,49.45725332,2.821033635,4000,17280,France,Picardie,FRE2,FR,2880
MONTATAIRE,49.24585946,2.450847166,128333,554398.56,France,Picardie,FRE2,FR,92399.76
CREPY EN VALOIS,49.23999821,2.876375932,22250,96120,France,Picardie,FRE2,FR,16020
CRESSONSACQ,49.45519674,2.570992485,3000,12960,France,Picardie,FRE2,FR,2160
CREVECOEUR LE GRAND - RUE DU BOIS,49.60824681,2.091992623,5400,23328,France,Picardie,FRE2,FR,3888
CUISE-LA-MOTTE (NOUVELLE),49.40561415,3.002754805,7550,32616,France,Picardie,FRE2,FR,5436
FEUQUIERES,49.64740721,1.856154979,3000,12960,France,Picardie,FRE2,FR,2160
FLEURY 60,49.23606534,1.967670492,12700,54864,France,Picardie,FRE2,FR,9144
FORMERIE,49.64437946,1.726931314,8000,34560,France,Haute-Normandie,FRD2,FR,5760
FLEURINES,49.26010495,2.577144836,2000,8640,France,Picardie,FRE2,FR,1440
GRANDVILLIERS,49.67205044,1.937606714,5000,21600,France,Picardie,FRE2,FR,3600
HERMES-2,49.3499218,2.257242355,20000,86400,France,Picardie,FRE2,FR,14400
LA CROIX-SAINT-OUEN,49.36861253,2.773744727,125000,540000,France,Picardie,FRE2,FR,90000
PLESSIS-BELLEVILLE LAGNY LE SEC,49.08748815,2.727454771,12520,54086.4,France,Ile-de-France,FR10,FR,9014.4
LAMORLAYE,49.14869938,2.433442679,8000,34560,France,Picardie,FRE2,FR,5760
LASSIGNY,49.59187878,2.852594576,5000,21600,France,Picardie,FRE2,FR,3600
MOGNEVILLE,49.30968985,2.457496329,27000,116640,France,Picardie,FRE2,FR,19440
MACHEMONT,49.49523341,2.868822116,3000,12960,France,Picardie,FRE2,FR,2160
MAIGNELAY MONTIGNY,49.5422919,2.510768001,3000,12960,France,Picardie,FRE2,FR,2160
MERU,49.21779298,2.145307137,36000,155520,France,Picardie,FRE2,FR,25920
MILLY-SUR-THERAIN,49.49889451,1.989526317,7000,30240,France,Picardie,FRE2,FR,5040
STEP DE MORIENVAL,49.28819128,2.905546331,2000,8640,France,Picardie,FRE2,FR,1440
MOUY,49.31257177,2.329649697,15720,67910.4,France,Picardie,FRE2,FR,11318.4
NANTEUIL LE HAUDOUIN,49.14576887,2.795906057,9500,41040,France,Picardie,FRE2,FR,6840
LE MESNIL EN THELLE,49.16908344,2.285080066,15000,64800,France,Picardie,FRE2,FR,10800
ORROUY,49.28820003,2.844528594,2500,10800,France,Picardie,FRE2,FR,1800
PIERREFONDS_2,49.3570906,2.971707245,3000,12960,France,Picardie,FRE2,FR,2160
BRENOUILLE PONT ST MAXENCE,49.30425849,2.576137132,37650,162648,France,Picardie,FRE2,FR,27108
REMY,49.44139728,2.724520456,12200,52704,France,Picardie,FRE2,FR,8784
RIBECOURT DRESLINCOURT,49.50374916,2.928031374,10300,44496,France,Picardie,FRE2,FR,7416
RIVECOURT,49.34512861,2.723741278,5200,22464,France,Picardie,FRE2,FR,3744
ROCHY-CONDE,49.3966668,2.184952668,2200,9504,France,Picardie,FRE2,FR,1584
SACY LE GRAND,49.34677506,2.548160695,3000,12960,France,Picardie,FRE2,FR,2160
SAINT-AUBIN-EN-BRAY,49.44018687,1.901327367,6200,26784,France,Picardie,FRE2,FR,4464
SAINT-GERMER-DE-FLY,49.45570642,1.76645746,2400,10368,France,Picardie,FRE2,FR,1728
SAINTINES,49.31022309,2.765943923,3500,15120,France,Picardie,FRE2,FR,2520
SAINT-JUST-EN-CHAUSSEE,49.49705486,2.439375479,14000,60480,France,Picardie,FRE2,FR,10080
ST MAXIMIN,49.22851549,2.442575398,5000,21600,France,Picardie,FRE2,FR,3600
ST OMER EN CHAUSSEE,49.52709026,1.998236951,3000,12960,France,Picardie,FRE2,FR,2160
SAINT PAUL LE MONT,49.41669215,2.000108407,5000,21600,France,Picardie,FRE2,FR,3600
SENLIS,49.19665678,2.563190197,25000,108000,France,Picardie,FRE2,FR,18000
SERIFONTAINE 2,49.34631518,1.770146692,4150,17928,France,Picardie,FRE2,FR,2988
THOUROTTE,49.47049407,2.872084789,12367,53425.44,France,Picardie,FRE2,FR,8904.24
TRACY LE MONT NOUVELLE,49.48335887,2.983570345,3500,15120,France,Picardie,FRE2,FR,2520
VERBERIE,49.31072437,2.71478243,4667,20161.44,France,Picardie,FRE2,FR,3360.24
VILLENEUVE-LES-SABLONS,49.23437673,2.069494485,7300,31536,France,Picardie,FRE2,FR,5256
VILLERS SAINT-PAUL,49.27754087,2.498573559,14500,62640,France,Picardie,FRE2,FR,10440
VILLERS SOUS ST LEU,49.20557404,2.389172917,18167,78481.44,France,Picardie,FRE2,FR,13080.24
ARGENTAN,48.74233399,-0.04220333572,35000,151200,France,Basse-Normandie,FRD1,FR,25200
ATHIS-DE-L'ORNE,48.81369153,-0.4971044218,2100,9072,France,Basse-Normandie,FRD1,FR,1512
BRIOUZE,48.70093186,-0.3561284309,3000,12960,France,Basse-Normandie,FRD1,FR,2160
SEVRAI 2013,48.7146702,-0.1310466723,2500,10800,France,Basse-Normandie,FRD1,FR,1800
CALIGNY,48.77442844,-0.5870270661,60000,259200,France,Basse-Normandie,FRD1,FR,43200
GACE,48.79943286,0.2925053983,9000,38880,France,Basse-Normandie,FRD1,FR,6480
SAINT-SULPICE-SUR-RISLE,48.77376887,0.6444853028,20000,86400,France,Basse-Normandie,FRD1,FR,14400
LONGNY-AU-PERCHE,48.52602048,0.7517167887,2050,8856,France,Basse-Normandie,FRD1,FR,1476
SAINT-GEORGES-DES-GROSEILLERS,48.78203509,-0.5669245431,2500,10800,France,Basse-Normandie,FRD1,FR,1800
SEES 2006,48.60438406,0.1605002849,8450,36504,France,Basse-Normandie,FRD1,FR,6084
TINCHEBRAY,48.77172459,-0.7252879038,5500,23760,France,Basse-Normandie,FRD1,FR,3960
TRUN,48.84243149,0.0262896953,2370,10238.4,France,Basse-Normandie,FRD1,FR,1706.4
VIMOUTIERS,48.93600852,0.1911819024,5400,23328,France,Basse-Normandie,FRD1,FR,3888
PARIS SEINE AVAL,48.97753867,2.1675782,7500000,32400000,France,Ile-de-France,FR10,FR,5400000
PARIS SEINE GRÉSILLONS,48.95242572,2.016138038,1212000,5235840,France,Ile-de-France,FR10,FR,872640
PARIS SEINE-CENTRE,48.93299396,2.245943297,900000,3888000,France,Ile-de-France,FR10,FR,648000
PARIS MARNE AVAL,48.85051137,2.520726279,550000,2376000,France,Ile-de-France,FR10,FR,396000
PARIS SEINE-AMONT,48.76227743,2.45852029,3600000,15552000,France,Ile-de-France,FR10,FR,2592000
PARIS SEINE-MORÉE,48.95251606,2.464759512,320000,1382400,France,Ile-de-France,FR10,FR,230400
VAL-DE-SAANE,49.71057443,0.9615632207,1500,6480,France,Haute-Normandie,FRD2,FR,1080
ARQUES-LA-BATAILLE,49.88399247,1.135332696,2600,11232,France,Haute-Normandie,FRD2,FR,1872
AUFFAY,49.72402995,1.095369569,3500,15120,France,Haute-Normandie,FRD2,FR,2520
AUMALE,49.77959835,1.75835305,5000,21600,France,Picardie,FRE2,FR,3600
GOUY - SEINE-MARITIME,49.35531779,1.138431994,5400,23328,France,Haute-Normandie,FRD2,FR,3888
BACQUEVILLE-EN-CAUX,49.78852672,0.988674974,2300,9936,France,Haute-Normandie,FRD2,FR,1656
BARENTIN,49.52474036,0.9255008787,41200,177984,France,Haute-Normandie,FRD2,FR,29664
BEC-DE-MORTAGNE,49.71175763,0.4240189295,3200,13824,France,Haute-Normandie,FRD2,FR,2304
BLANGY-SUR-BRESLE,49.93758227,1.61408227,6000,25920,France,Picardie,FRE2,FR,4320
BOLBEC,49.54553782,0.4941671801,50000,216000,France,Haute-Normandie,FRD2,FR,36000
BOOS,49.37537981,1.181137122,3500,15120,France,Haute-Normandie,FRD2,FR,2520
BOSC-LE-HARD,49.63448912,1.167850992,2250,9720,France,Haute-Normandie,FRD2,FR,1620
BUCHY,49.57882884,1.353445831,2800,12096,France,Haute-Normandie,FRD2,FR,2016
CANY-BARVILLE,49.79511551,0.6360182079,30000,129600,France,Haute-Normandie,FRD2,FR,21600
RIVES-EN-SEINE_CAUDEBEC-EN-CAUX,49.52366781,0.7124000965,9800,42336,France,Haute-Normandie,FRD2,FR,7056
CRIEL-SUR-MER,50.0232978,1.313948117,12000,51840,France,Haute-Normandie,FRD2,FR,8640
CRIQUETOT-L'ESNEVAL,49.64594722,0.2551323352,1850,7992,France,Haute-Normandie,FRD2,France,1332
DIEPPE,49.91089558,1.102039455,61700,266544,France,Haute-Normandie,FRD2,FR,44424
DOUDEVILLE,49.72434235,0.7735900586,3700,15984,France,Haute-Normandie,FRD2,FR,2664
DUCLAIR,49.48224222,0.8705545385,4000,17280,France,Haute-Normandie,FRD2,FR,2880
ELBEUF-SUR-SEINE,49.30992078,1.00288706,118000,509760,France,Haute-Normandie,FRD2,FR,84960
ELETOT,49.79494833,0.4795634677,2300,9936,France,Haute-Normandie,FRD2,France,1656
ENVERMEU,49.89466308,1.251742197,2700,11664,France,Haute-Normandie,FRD2,FR,1944
ETRETAT,49.7113327,0.2239381021,4700,20304,France,Haute-Normandie,FRD2,France,3384
TERRES-DE-CAUX_FAUVILLE-EN-CAUX,49.65277226,0.579346282,9900,42768,France,Haute-Normandie,FRD2,FR,7128
FECAMP,49.74866909,0.4142241267,45450,196344,France,Haute-Normandie,FRD2,FR,32724
FONTAINE-LE-DUN,49.88246117,0.891388147,3300,14256,France,Haute-Normandie,FRD2,FR,2376
FORGES LES EAUX,49.60196253,1.524617091,15800,68256,France,Haute-Normandie,FRD2,FR,11376
FOUCARMONT,49.8578854,1.567838734,2000,8640,France,Haute-Normandie,FRD2,FR,1440
GODERVILLE,49.64088906,0.3679096134,3500,15120,France,Haute-Normandie,FRD2,FR,2520
GOURNAY-EN-BRAY,49.47639082,1.726591427,10450,45144,France,Haute-Normandie,FRD2,FR,7524
GRAND-COURONNE,49.35960859,0.998457261,20000,86400,France,Haute-Normandie,FRD2,FR,14400
LE GRAND QUEVILLY,49.41030363,1.028111781,58300,251856,France,Haute-Normandie,FRD2,FR,41976
GRUGNY,49.62261929,1.093891802,2900,12528,France,Haute-Normandie,FRD2,FR,2088
VEAUVILLE-LES-BAONS,49.66686447,0.7451611095,3000,12960,France,Haute-Normandie,FRD2,FR,2160
LILLEBONNE,49.49511415,0.5390193142,20600,88992,France,Haute-Normandie,FRD2,FR,14832
LES LOGES-76,49.71928759,0.2743839337,3500,15120,France,Haute-Normandie,FRD2,France,2520
LONGUEVILLE-SUR-SCIE,49.80122043,1.104502761,2200,9504,France,Haute-Normandie,FRD2,FR,1584
LUNERAY,49.84240812,0.9123728102,10400,44928,France,Haute-Normandie,FRD2,FR,7488
LA MAILLERAYE-SUR-SEINE,49.48490127,0.7729024704,1700,7344,France,Haute-Normandie,FRD2,FR,1224
MARTIN-EGLISE,49.89701975,1.122281194,6000,25920,France,Haute-Normandie,FRD2,FR,4320
MONTMAIN,49.41477895,1.228499679,4500,19440,France,Haute-Normandie,FRD2,FR,3240
MONTVILLE,49.53810815,1.057962368,11300,48816,France,Haute-Normandie,FRD2,FR,8136
MORGNY-LA-POMMERAIE,49.53129011,1.259660235,2500,10800,France,Haute-Normandie,FRD2,FR,1800
NEUFCHATEL-EN-BRAY,49.73647624,1.430543074,10500,45360,France,Haute-Normandie,FRD2,FR,7560
LA NEUVILLE-CHANT-D'OISEL,49.36521636,1.223828564,2500,10800,France,Haute-Normandie,FRD2,FR,1800
PORT-JÉRÔME-SUR-SEINE_NOTRE-DAME-DE-GRAVENCHON,49.47898703,0.5735602415,20000,86400,France,Haute-Normandie,FRD2,FR,14400
OFFRANVILLE,49.88777953,1.059978679,15000,64800,France,Haute-Normandie,FRD2,FR,10800
ROUEN,49.428391,1.027956733,550000,2376000,France,Haute-Normandie,FRD2,FR,396000
RY,49.46488763,1.348540401,2500,10800,France,Haute-Normandie,FRD2,FR,1800
QUIBERVILLE,49.90020516,0.9401408213,4200,18144,France,Haute-Normandie,FRD2,FR,3024
SAINT-MARTIN-DE-BOSCHERVILLE,49.44791005,0.9579841261,2000,8640,France,Haute-Normandie,FRD2,FR,1440
PETIT-CAUX_SAINT-MARTIN-EN-CAMPAGNE,49.96512254,1.211841144,14700,63504,France,Haute-Normandie,FRD2,FR,10584
SAINT-NICOLAS-D'ALIERMONT,49.872631,1.206532004,8170,35294.4,France,Haute-Normandie,FRD2,FR,5882.4
SAINT-ROMAIN-DE-COLBOSC,49.52202475,0.3647991571,7000,30240,France,Haute-Normandie,FRD2,FR,5040
SAINT-SAENS,49.67662456,1.274086314,3000,12960,France,Haute-Normandie,FRD2,FR,2160
SAINT-VALERY-EN-CAUX,49.87022679,0.6990201549,26500,114480,France,Haute-Normandie,FRD2,France,19080
SAINT-VIGOR-D'YMONVILLE,49.48527766,0.3436034962,3000,12960,France,Haute-Normandie,FRD2,FR,2160
SAINT PIERRE EN PORT,49.79943249,0.5101300144,3500,15120,France,Haute-Normandie,FRD2,France,2520
SOTTEVILLE-SUR-MER,49.88507214,0.823003129,2500,10800,France,Haute-Normandie,FRD2,France,1800
TOTES,49.69664483,1.093131879,4600,19872,France,Haute-Normandie,FRD2,FR,3312
LE TRAIT,49.47696739,0.8072041611,10800,46656,France,Haute-Normandie,FRD2,FR,7776
LE TREPORT,50.06019206,1.392096645,45100,194832,France,Picardie,FRE2,FR,32472
VALMONT,49.74343831,0.491229345,4000,17280,France,Haute-Normandie,FRD2,FR,2880
VARENGEVILLE-SUR-MER,49.9145977,0.9890588442,2000,8640,France,Haute-Normandie,FRD2,FR,1440
VEULES-LES-ROSES,49.87643178,0.7942239618,4820,20822.4,France,Haute-Normandie,FRD2,France,3470.4
VEULETTES-SUR-MER,49.84429489,0.608612085,6500,28080,France,Haute-Normandie,FRD2,France,4680
VIEUX-MANOIR,49.56036571,1.296745753,2300,9936,France,Haute-Normandie,FRD2,FR,1656
YAINVILLE,49.45579096,0.8245336483,2500,10800,France,Haute-Normandie,FRD2,FR,1800
BOURDAINVILLE,49.68039629,0.9458224854,8150,35208,France,Haute-Normandie,FRD2,FR,5868
YPORT,49.7396641,0.3109747907,4000,17280,France,Haute-Normandie,FRD2,France,2880
YVETOT,49.60400168,0.7588797003,22000,95040,France,Haute-Normandie,FRD2,FR,15840
ANNET SUR MARNE,48.92398692,2.723821505,3000,12960,France,Ile-de-France,FR10,FR,2160
BARBIZON,48.44850874,2.590590603,3800,16416,France,Ile-de-France,FR10,FR,2736
CHARTRETTES,48.49036347,2.679831394,8933,38590.56,France,Ile-de-France,FR10,FR,6431.76
BOISSISE LE ROI,48.53356839,2.56566732,8000,34560,France,Ile-de-France,FR10,FR,5760
BOURRON MARLOTTE,48.33032434,2.711986243,3300,14256,France,Ile-de-France,FR10,FR,2376
MOUSSEAUX-LES-BRAY,48.4194033,3.215342249,5000,21600,France,Ile-de-France,FR10,FR,3600
CHAMPAGNE SUR SEINE,48.41499106,2.78745979,12000,51840,France,Ile-de-France,FR10,FR,8640
CHANGIS-SUR-MARNE,48.95482544,3.009640145,2850,12312,France,Ile-de-France,FR10,FR,2052
LA CHAPELLE LA REINE,48.30925317,2.564819598,4000,17280,France,Ile-de-France,FR10,FR,2880
CHATEAU LANDON,48.13997235,2.699324116,3000,12960,France,Centre — Val de Loire,FRB0,FR,2160
LE CHATELET EN BRIE,48.49938545,2.792884379,7000,30240,France,Ile-de-France,FR10,FR,5040
CHAUMES EN BRIE,48.66128384,2.839399772,2300,9936,France,Ile-de-France,FR10,FR,1656
CHESSY- DISNEY,48.86668042,2.768877742,17500,75600,France,Ile-de-France,FR10,FR,12600
CLAYE,48.94069994,2.699597837,19333,83518.56,France,Ile-de-France,FR10,FR,13919.76
COMPANS,48.98409047,2.669644992,3000,12960,France,Ile-de-France,FR10,FR,2160
CONGIS SUR THEROUANNE,49.0076422,2.970271058,3000,12960,France,Ile-de-France,FR10,FR,2160
COUBERT,48.66570021,2.696221049,3550,15336,France,Ile-de-France,FR10,FR,2556
COULOMMIERS,48.82077097,3.075588173,40000,172800,France,Ile-de-France,FR10,FR,28800
COUILLY PONT AUX DAMES,48.87331944,2.86409028,13000,56160,France,Ile-de-France,FR10,FR,9360
CUISY,49.01534484,2.768653696,2300,9936,France,Ile-de-France,FR10,FR,1656
DAMMARTIN EN GOELE,49.06645084,2.691343563,7250,31320,France,Ile-de-France,FR10,FR,5220
DONNEMARIE-DONTILLY,48.47572999,3.143363636,2833,12238.56,France,Ile-de-France,FR10,FR,2039.76
ESBLY,48.91396741,2.805397199,5233,22606.56,France,Ile-de-France,FR10,FR,3767.76
EVRY-GREGY-SUR-YERRE,48.66080723,2.626621675,3000,12960,France,Ile-de-France,FR10,FR,2160
LA FERTE GAUCHER 77,48.78679149,3.292588147,9633,41614.56,France,Ile-de-France,FR10,FR,6935.76
SEPT-SORTS,48.94769053,3.108689359,23950,103464,France,Ile-de-France,FR10,FR,17244
FONTAINEBLEAU-AVON,48.4235153,2.744185756,60000,259200,France,Ile-de-France,FR10,FR,43200
FONTENAY TRESIGNY,48.69830202,2.857778761,10450,45144,France,Ile-de-France,FR10,FR,7524
GOUAIX,48.47450567,3.298546058,2000,8640,France,Ile-de-France,FR10,FR,1440
PRESLES-EN-BRIE,48.69771561,2.756540152,40000,172800,France,Ile-de-France,FR10,FR,28800
GRISY SUISNES,48.68973876,2.664440827,2500,10800,France,Ile-de-France,FR10,FR,1800
GUIGNES,48.64141183,2.791385756,4520,19526.4,France,Ile-de-France,FR10,FR,3254.4
HERICY,48.46030481,2.772343652,9500,41040,France,Ile-de-France,FR10,FR,6840
LA HOUSSAYE EN BRIE,48.73676975,2.872848941,4833,20878.56,France,Ile-de-France,FR10,FR,3479.76
JOUY SUR MORIN - LE BOURG,48.79442463,3.26679406,2000,8640,France,Ile-de-France,FR10,FR,1440
JUILLY,49.00697361,2.70336979,3100,13392,France,Ile-de-France,FR10,FR,2232
LAGNY-SUR-MARNE ST THIBAULT-DES-VIGNES,48.87234986,2.673898321,350000,1512000,France,Ile-de-France,FR10,FR,252000
MARY SUR MARNE,49.0185431,3.015270896,8600,37152,France,Ile-de-France,FR10,FR,6192
LONGPERRIER,49.04665992,2.648646379,10000,43200,France,Ile-de-France,FR10,FR,7200
LONGUEVILLE,48.51057373,3.241846731,4117,17785.44,France,Ile-de-France,FR10,FR,2964.24
LORREZ LE BOCAGE PREAUX,48.2369467,2.894405215,2500,10800,France,Ile-de-France,FR10,FR,1800
MEAUX,48.94869896,2.874228627,115833,500398.56,France,Ile-de-France,FR10,FR,83399.76
DAMMARIE-LES-LYS,48.51575606,2.612353411,79667,344161.44,France,Ile-de-France,FR10,FR,57360.24
BOISSETTES,48.52695087,2.627655904,77000,332640,France,Ile-de-France,FR10,FR,55440
LE MESNIL-AMELOT,49.01409327,2.594991902,20000,86400,France,Ile-de-France,FR10,FR,14400
MESSY-GRESSY,48.96842227,2.6884564,2800,12096,France,Ile-de-France,FR10,FR,2016
MITRY-MORY,48.96724915,2.641889712,24000,103680,France,Ile-de-France,FR10,FR,17280
MONCOURT FROMONVILLE,48.31177855,2.718400009,3000,12960,France,Ile-de-France,FR10,FR,2160
GRANDE PAROISSE,48.38877316,2.928936515,28500,123120,France,Ile-de-France,FR10,FR,20520
MONTEREAU ZI CONFLUENT,48.39280384,2.972739577,20000,86400,France,Ile-de-France,FR10,FR,14400
MONTHYON,49.00207037,2.8387018,3000,12960,France,Ile-de-France,FR10,FR,2160
MONTIGNY SUR LOING,48.34316326,2.774240369,2500,10800,France,Ile-de-France,FR10,FR,1800
MONTRY,48.88993491,2.83280316,6100,26352,France,Ile-de-France,FR10,FR,4392
MORMANT,48.61209804,2.875783363,6000,25920,France,Ile-de-France,FR10,FR,4320
MOUSSY LE NEUF,49.06019137,2.613199255,4000,17280,France,Ile-de-France,FR10,FR,2880
NANGIS,48.5611323,3.007643336,15000,64800,France,Ile-de-France,FR10,FR,10800
NEMOURS,48.27979346,2.68983205,35000,151200,France,Ile-de-France,FR10,FR,25200
CHAUCONIN-NEUFMONTIERS NOUV,48.9605448,2.845836214,2600,11232,France,Ile-de-France,FR10,FR,1872
OISSERY ST PATHUS,49.06988852,2.833961256,9000,38880,France,Ile-de-France,FR10,FR,6480
LES-ORMES-SUR-VOULZIE,48.46387928,3.239859649,3500,15120,France,Ile-de-France,FR10,FR,2520
OTHIS,49.08203531,2.681874413,12000,51840,France,Ile-de-France,FR10,FR,8640
PERTHES EN GATINAIS,48.47288063,2.521075662,4500,19440,France,Ile-de-France,FR10,FR,3240
POMMEUSE,48.80978676,2.998815354,8500,36720,France,Ile-de-France,FR10,FR,6120
PROVINS,48.54305419,3.284007089,23333,100798.56,France,Ile-de-France,FR10,FR,16799.76
MAREUIL LES MEAUX,48.90963873,2.85374973,9900,42768,France,Ile-de-France,FR10,FR,7128
REBAIS,48.8404016,3.221877197,3000,12960,France,Ile-de-France,FR10,FR,2160
ROZAY EN BRIE,48.68011933,2.954741936,3000,12960,France,Ile-de-France,FR10,FR,2160
SAACY-SUR-MARNE,48.95397565,3.199968503,6500,28080,France,Ile-de-France,FR10,FR,4680
SAINT FARGEAU PONTHIERRY,48.53476845,2.549714428,24000,103680,France,Ile-de-France,FR10,FR,17280
SAINT MARD,49.03148528,2.706908289,4000,17280,France,Ile-de-France,FR10,FR,2880
SAINT-SIMEON BOURG,48.80059954,3.210081305,2165,9352.8,France,Ile-de-France,FR10,FR,1558.8
SAINT-SOUPPLETS,49.04757273,2.822227643,5900,25488,France,Ile-de-France,FR10,FR,4248
SOUPPES SUR LOING,48.19445782,2.72195965,7000,30240,France,Centre — Val de Loire,FRB0,FR,5040
PAMAVAL,48.45877282,2.842886514,3100,13392,France,Ile-de-France,FR10,FR,2232
VARREDDES,48.99720227,2.92753061,5000,21600,France,Ile-de-France,FR10,FR,3600
VENEUX LES SABLONS,48.38044173,2.807249899,18000,77760,France,Ile-de-France,FR10,FR,12960
VERNEUIL L'ETANG,48.64013418,2.830873286,4066,17565.12,France,Ile-de-France,FR10,FR,2927.52
VERNOU LA CELLE SUR SEINE,48.38850347,2.837733939,3000,12960,France,Ile-de-France,FR10,FR,2160
VILLENEUVE-LE-COMTE,48.80838362,2.832696965,2700,11664,France,Ile-de-France,FR10,FR,1944
VILLEPARISIS,48.95235258,2.625511803,32000,138240,France,Ile-de-France,FR10,FR,23040
VILLEVAUDE,48.89803703,2.668445173,2000,8640,France,Ile-de-France,FR10,FR,1440
VOULX,48.28410627,2.957414243,3000,12960,France,Ile-de-France,FR10,FR,2160
ABLIS LES VIGNES,48.5249327,1.823505476,6750,29160,France,Centre — Val de Loire,FRB0,FR,4860
AUBERGENVILLE,48.98187899,1.842935271,17200,74304,France,Ile-de-France,FR10,FR,12384
AUFFARGIS-BOURG,48.70111467,1.895261731,2000,8640,France,Ile-de-France,FR10,FR,1440
AULNAY-SUR-MAULDRE,48.92383534,1.846628128,8250,35640,France,Ile-de-France,FR10,FR,5940
BAZAINVILLE,48.79498226,1.65688712,1500,6480,France,Ile-de-France,FR10,FR,1080
BEYNES LES PLANTINS,48.86818839,1.873804496,11667,50401.44,France,Ile-de-France,FR10,FR,8400.24
BONNELLES,48.61059976,2.02059508,3500,15120,France,Ile-de-France,FR10,FR,2520
FRENEUSE,49.04201158,1.590209586,15000,64800,France,Ile-de-France,FR10,FR,10800
BOURDONNE,48.75927416,1.661125603,2000,8640,France,Ile-de-France,FR10,FR,1440
BULLION,48.61068775,1.984915059,2900,12528,France,Ile-de-France,FR10,FR,2088
CERNAY LA VILLE,48.6741661,1.96875576,2000,8640,France,Ile-de-France,FR10,FR,1440
DAMPIERRE-EN-YVELINES 2,48.70740375,1.992985122,2000,8640,France,Ile-de-France,FR10,FR,1440
ELANCOURT,48.78923121,1.950337121,40000,172800,France,Ile-de-France,FR10,FR,28800
MEZIERES-SUR-SEINE,48.96287917,1.774424865,10833,46798.56,France,Ile-de-France,FR10,FR,7799.76
GUITRANCOURT,49.00383438,1.775303951,2000,8640,France,Ile-de-France,FR10,FR,1440
GALLUIS,48.80418073,1.792288524,2000,8640,France,Ile-de-France,FR10,FR,1440
GAMBAIS - BOURG,48.77875841,1.662789742,1533,6622.56,France,Ile-de-France,FR10,FR,1103.76
GARGENVILLE,48.97316962,1.799523436,15333,66238.56,France,Ile-de-France,FR10,FR,11039.76
HOUDAN,48.79845214,1.587262213,10000,43200,France,Centre — Val de Loire,FRB0,FR,7200
JUZIERS,48.98934943,1.848248639,4000,17280,France,Ile-de-France,FR10,FR,2880
LEVIS-SAINT-NOM,48.72060954,1.92804768,10000,43200,France,Ile-de-France,FR10,FR,7200
LIMAY,48.97531708,1.750032421,54000,233280,France,Ile-de-France,FR10,FR,38880
LIMETZ VILLEZ,49.05812807,1.530259762,3600,15552,France,Haute-Normandie,FRD2,FR,2592
ROSNY-SUR-SEINE,49.0026131,1.653733601,141450,611064,France,Ile-de-France,FR10,FR,101844
MAUREPAS,48.77852385,1.921631891,46667,201601.44,France,Ile-de-France,FR10,FR,33600.24
MERE,48.80775463,1.819604466,2000,8640,France,Ile-de-France,FR10,FR,1440
LE MESNIL SAINT DENIS,48.75441453,1.970163449,18000,77760,France,Ile-de-France,FR10,FR,12960
MONTFORT L'AMAURY,48.77630787,1.824044763,4000,17280,France,Ile-de-France,FR10,FR,2880
LES MUREAUX,48.99419525,1.893978119,120500,520560,France,Ile-de-France,FR10,FR,86760
VILLIERS SAINT FREDERIC,48.81240737,1.87299363,25000,108000,France,Ile-de-France,FR10,FR,18000
NEAUPHLETTE,48.92885965,1.527086974,5000,21600,France,Ile-de-France,FR10,FR,3600
NEZEL,48.95128246,1.832582713,6400,27648,France,Ile-de-France,FR10,FR,4608
ORGERUS,48.83947948,1.709986603,6400,27648,France,Ile-de-France,FR10,FR,4608
MORAINVILLIERS,48.93727583,1.946721941,10800,46656,France,Ile-de-France,FR10,FR,7776
LE PERRAY EN YVELINES,48.69366336,1.867115961,14033,60622.56,France,Ile-de-France,FR10,FR,10103.76
PLAISIR,48.8348615,1.930248722,50000,216000,France,Ile-de-France,FR10,FR,36000
BOISSY SANS AVOIR,48.82788224,1.803100957,10300,44496,France,Ile-de-France,FR10,FR,7416
GAZERAN LA GUEVILLE,48.63904221,1.793833314,40000,172800,France,Ile-de-France,FR10,FR,28800
SAINT ARNOULT EN YVELINES,48.57244128,1.95427364,13000,56160,France,Ile-de-France,FR10,FR,9360
SAINT GERMAIN DE LA GRANGE,48.83886641,1.900762689,4300,18576,France,Ile-de-France,FR10,FR,3096
SAINT-LEGER-EN-YVELINES,48.72202478,1.754217439,2000,8640,France,Ile-de-France,FR10,FR,1440
SEPTEUIL-NOUVELLE,48.8951328,1.675064817,3000,12960,France,Ile-de-France,FR10,FR,2160
THIVERVAL GRIGNON,48.85081485,1.952353827,9000,38880,France,Ile-de-France,FR10,FR,6480
THOIRY-78,48.88570253,1.790206846,5067,21889.44,France,Ile-de-France,FR10,FR,3648.24
VERNEUIL,48.98929051,1.97351657,45000,194400,France,Ile-de-France,FR10,FR,32400
CARRE DE REUNION,48.82012157,2.078427864,340000,1468800,France,Ile-de-France,FR10,FR,244800
VAL DE GALLY,48.84394594,2.005336192,45000,194400,France,Ile-de-France,FR10,FR,32400
AILLANT-SUR-THOLON,47.87810537,3.346992564,3000,12960,France,Bourgogne,FRC1,FR,2160
AUXERRE - APPOIGNY,47.86148018,3.548159068,83000,358560,France,Bourgogne,FRC1,FR,59760
AVALLON-MOULIN-MATHEY,47.48202997,3.900450186,10000,43200,France,Bourgogne,FRC1,FR,7200
BRIENON-SUR-ARMANCON,47.98587452,3.606846768,4000,17280,France,Bourgogne,FRC1,FR,2880
CEZY - SAINT AUBIN,47.99689584,3.34511553,3500,15120,France,Bourgogne,FRC1,FR,2520
CHABLIS,47.82001404,3.799167863,25000,108000,France,Bourgogne,FRC1,FR,18000
CHAMPIGNY,48.33136182,3.109400221,6000,25920,France,Ile-de-France,FR10,FR,4320
CHEMILLY-SUR-YONNE,47.89980189,3.552047774,1950,8424,France,Bourgogne,FRC1,FR,1404
CHEROY,48.20596044,2.995625236,2500,10800,France,Ile-de-France,FR10,FR,1800
CHEVANNES,47.76105274,3.496026601,2500,10800,France,Bourgogne,FRC1,FR,1800
JOIGNY,47.97140414,3.387405273,18000,77760,France,Bourgogne,FRC1,FR,12960
MALIGNY,47.8780068,3.75797879,3500,15120,France,Bourgogne,FRC1,FR,2520
MIGENNES,47.95943492,3.503750405,26000,112320,France,Bourgogne,FRC1,FR,18720
PONT SUR YONNE,48.29526254,3.205854737,4200,18144,France,Ile-de-France,FR10,FR,3024
SAINT-BRIS-LE-VINEUX-NOUVELLE,47.74090464,3.638201939,5500,23760,France,Bourgogne,FRC1,FR,3960
SAINT-FARGEAU (NOUVELLE),47.64568698,3.067796029,2200,9504,France,Bourgogne,FRC1,FR,1584
SAINT-GEORGES-SUR-BAULCHES,47.81203558,3.525990631,4000,17280,France,Bourgogne,FRC1,FR,2880
ST JULIEN DU SAULT,48.02927188,3.307144496,3500,15120,France,Bourgogne,FRC1,FR,2520
SENS ST DENIS,48.22103669,3.266762301,64500,278640,France,Bourgogne,FRC1,FR,46440
TONNERRE-NOUVELLE,47.86425938,3.965630797,9850,42552,France,Bourgogne,FRC1,FR,7092
TOUCY-NOUVELLE,47.74029073,3.284809313,3000,12960,France,Bourgogne,FRC1,FR,2160
VILLENEUVE-LA-GUYARD-NOUVELLE,48.34366048,3.075132366,2500,10800,France,Ile-de-France,FR10,FR,1800
VILLENEUVE SUR YONNE,48.09139287,3.292166101,7000,30240,France,Bourgogne,FRC1,FR,5040
VINNEUF,48.33825203,3.14441967,4200,18144,France,Ile-de-France,FR10,FR,3024
ANGERVILLE,48.29917225,1.997040513,6000,25920,France,Ile-de-France,FR10,FR,4320
CHAMPCUEIL,48.51139857,2.47345786,6700,28944,France,Ile-de-France,FR10,FR,4824
CORBEIL-ESSONNES,48.62473211,2.466863256,96000,414720,France,Ile-de-France,FR10,FR,69120
LE COUDRAY MONTCEAUX,48.56949853,2.514811587,6000,25920,France,Ile-de-France,FR10,FR,4320
ETAMPES MORIGNY-CHAMPIGNY,48.4462037,2.173714334,55000,237600,France,Ile-de-France,FR10,FR,39600
ETRECHY,48.48805779,2.198918674,10000,43200,France,Ile-de-France,FR10,FR,7200
EVRY-COURCOURONNES,48.62654091,2.465026552,250000,1080000,France,Ile-de-France,FR10,FR,180000
BAULNE,48.50042473,2.361781856,15000,64800,France,Ile-de-France,FR10,FR,10800
FONTENAY LES BRIIS 2,48.61427547,2.160276601,3600,15552,France,Ile-de-France,FR10,FR,2592
LARDY 2,48.52475931,2.3010158,12680,54777.6,France,Ile-de-France,FR10,FR,9129.6
BRIIS SOUS FORGES 2,48.61252122,2.119172259,20000,86400,France,Ile-de-France,FR10,FR,14400
MAISSE,48.40213466,2.388579207,6000,25920,France,Ile-de-France,FR10,FR,4320
MAROLLES SAINT VRAIN 2,48.53979473,2.345818493,22000,95040,France,Ile-de-France,FR10,FR,15840
MEREVILLE 2,48.31329271,2.09212698,4000,17280,France,Ile-de-France,FR10,FR,2880
MILLY LA FORÊT,48.41112539,2.463543236,15000,64800,France,Ile-de-France,FR10,FR,10800
DANNEMOIS,48.4574851,2.488064964,3000,12960,France,Ile-de-France,FR10,FR,2160
OLLAINVILLE,48.58805827,2.231627581,66667,288001.44,France,Ile-de-France,FR10,FR,48000.24
PUSSAY,48.34933403,1.983179978,3000,12960,France,Ile-de-France,FR10,FR,2160
SACLAS 2,48.36260737,2.134022602,2000,8640,France,Ile-de-France,FR10,FR,1440
VAL-SAINT-GERMAIN 2,48.57152237,2.076985129,3000,12960,France,Ile-de-France,FR10,FR,2160
BOUTIGNY SUR ESSONNE,48.4382205,2.366269212,7000,30240,France,Ile-de-France,FR10,FR,5040
VERT-LE-GRAND 2,48.56554537,2.368294226,3970,17150.4,France,Ile-de-France,FR10,FR,2858.4
ASNIERES-SUR-OISE,49.13898207,2.356905102,63167,272881.44,France,Picardie,FRE2,FR,45480.24
AUVERS-SUR-OISE,49.06676178,2.160002243,34300,148176,France,Ile-de-France,FR10,FR,24696
BELLOY-EN-FRANCE,49.08451038,2.36667016,2000,8640,France,Ile-de-France,FR10,FR,1440
BRUYERES SUR OISE,49.14772869,2.328603439,5067,21889.44,France,Picardie,FRE2,FR,3648.24
NEUVILLE SUR OISE,49.00425763,2.071033588,408333,1763998.56,France,Ile-de-France,FR10,FR,293999.76
CHAMPAGNE SUR OISE,49.132952,2.243047211,7000,30240,France,Ile-de-France,FR10,FR,5040
L'ISLE-ADAM,49.10462131,2.211059207,23333,100798.56,France,Ile-de-France,FR10,FR,16799.76
MAFFLIERS,49.08175223,2.322558493,2000,8640,France,Ile-de-France,FR10,FR,1440
MAGNY-EN-VEXIN,49.15473464,1.786705815,10000,43200,France,Ile-de-France,FR10,FR,7200
MARINES,49.14725012,1.9664938,5417,23401.44,France,Ile-de-France,FR10,FR,3900.24
BUTRY SUR OISE,49.08816145,2.206175716,6700,28944,France,Ile-de-France,FR10,FR,4824
PERSAN,49.14112933,2.269938909,45617,197065.44,France,Ile-de-France,FR10,FR,32844.24
PRESLES,49.12151223,2.279188159,5000,21600,France,Ile-de-France,FR10,FR,3600
SAINT MARTIN DU TERTRE,49.10109258,2.340258106,5000,21600,France,Ile-de-France,FR10,FR,3600
BONNEUIL-EN-FRANCE,48.96093134,2.421764039,273000,1179360,France,Ile-de-France,FR10,FR,196560
VILLENEUVE-SUR-AISNE,49.4331341,3.959745577,6200,26784,France,Picardie,FRE2,FR,4464
HEUDEBOUVILLE ECOPARC2,49.18650549,1.215434289,14800,63936,France,Haute-Normandie,FRD2,FR,10656
MARE CORBONNE,48.4686151,1.425382915,160000,691200,France,Centre — Val de Loire,FRB0,FR,115200
EPERNON-LOREAU,48.59578741,1.669577686,6000,25920,France,Centre — Val de Loire,FRB0,FR,4320
MAINTENON-PIERRES,48.60070177,1.568941159,9270,40046.4,France,Centre — Val de Loire,FRB0,FR,6674.4
NOGENT-LE-ROI - CHAUDON,48.66764204,1.495709065,12585,54367.2,France,Centre — Val de Loire,FRB0,FR,9061.2
SAINT-GEORGES-SUR-EURE-LA TAYE,48.41542001,1.395968238,9500,41040,France,Centre — Val de Loire,FRB0,FR,6840
BREHAL LITTORAL,48.89024635,-1.553219146,8000,34560,France,Basse-Normandie,FRD1,FR,5760
TOURLAVILLE,49.64899006,-1.593964679,150000,648000,France,Basse-Normandie,FRD1,France,108000
SAINTE-MERE-EGLISE,49.40324989,-1.331673249,3800,16416,France,Basse-Normandie,FRD1,FR,2736
AUNEUIL 2,49.38029269,2.008538471,6600,28512,France,Picardie,FRE2,FR,4752
CHEVRIERES-2,49.33449535,2.680304453,5650,24408,France,Picardie,FRE2,FR,4068
GOUVIEUX,49.19404707,2.401490659,40000,172800,France,Picardie,FRE2,FR,28800
NOYON,49.57173041,2.997899576,33330,143985.6,France,Picardie,FRE2,FR,23997.6
RESSONS SUR MATZ,49.52672507,2.75345731,8000,34560,France,Picardie,FRE2,FR,5760
TRIE CHATEAU,49.28604361,1.816840037,3200,13824,France,Picardie,FRE2,FR,2304
LA CERLANGUE,49.51396854,0.4044344179,2300,9936,France,Haute-Normandie,FRD2,FR,1656
SAINT-AUBIN-LE-CAUF NORD,49.87568762,1.157716889,2100,9072,France,Haute-Normandie,FRD2,FR,1512
SOUILLY,48.95120528,2.682934195,5400,23328,France,Ile-de-France,FR10,FR,3888
ETIGNY,48.14526358,3.29344545,4000,17280,France,Bourgogne,FRC1,FR,2880
SAINT-FLORENTIN,47.9926566,3.723633345,7500,32400,France,Bourgogne,FRC1,FR,5400
STEU HAUTERIVE-HERY-SEIGNELAY,47.91692548,3.60213583,3900,16848,France,Bourgogne,FRC1,FR,2808
FONTAINE-LA-GUYON,48.46486336,1.311491149,2750,11880,France,Centre — Val de Loire,FRB0,FR,1980
ULLY SAINT GEORGES BOURG,49.27886321,2.287765589,4000,17280,France,Picardie,FRE2,FR,2880
AMBRIERES-LES-VALLEES,48.39205238,-0.6194761603,3470,14990.4,France,Pays de la Loire,FRG0,FR,2498.4
ARGENTRE,48.07504934,-0.6491235702,4000,17280,France,Pays de la Loire,FRG0,FR,2880
CHATEAU-GONTIER,47.81482055,-0.6934947658,37500,162000,France,Pays de la Loire,FRG0,FR,27000
COSSE-LE-VIVIEN,47.9336433,-0.9239176263,4250,18360,France,Pays de la Loire,FRG0,FR,3060
CRAON LE VERGER,47.83383102,-0.9523047654,28333,122398.56,France,Pays de la Loire,FRG0,FR,20399.76
ENTRAMMES-2,47.99811662,-0.7223985096,2200,9504,France,Pays de la Loire,FRG0,FR,1584
ERNEE,48.29049387,-0.9380090907,10000,43200,France,Pays de la Loire,FRG0,FR,7200
EVRON-2,48.14677486,-0.4194316243,16500,71280,France,Pays de la Loire,FRG0,FR,11880
GENEST-SAINT-ISLE,48.09542395,-0.8794818163,2500,10800,France,Pays de la Loire,FRG0,FR,1800
GORRON,48.40326307,-0.8080609112,2900,12528,France,Pays de la Loire,FRG0,FR,2088
LASSAY-LES-CHATEAUX,48.44043964,-0.5043971275,20000,86400,France,Pays de la Loire,FRG0,FR,14400
MAYENNE,48.29582836,-0.6194482009,25000,108000,France,Pays de la Loire,FRG0,FR,18000
MESLAY-DU-MAINE 2,47.94720224,-0.5353036429,3500,15120,France,Pays de la Loire,FRG0,FR,2520
MONTSURS-2,48.13733769,-0.5623340685,5000,21600,France,Pays de la Loire,FRG0,FR,3600
PORT-BRILLET,48.10706828,-0.968879421,3000,12960,France,Pays de la Loire,FRG0,FR,2160
PRE-EN-PAIL 2,48.46489334,-0.2001616682,2700,11664,France,Basse-Normandie,FRD1,FR,1944
RENAZE,47.79716562,-1.046958644,3000,12960,France,Pays de la Loire,FRG0,FR,2160
SAINT-PIERRE-LA-COUR,48.10944808,-1.027513582,2500,10800,France,Pays de la Loire,FRG0,FR,1800
VILLAINES-LA-JUHEL,48.3371999,-0.2689857196,5400,23328,France,Pays de la Loire,FRG0,FR,3888
BESSAY-SUR-ALLIER,46.44109636,3.358696934,3150,13608,France,Auvergne,FRK1,FR,2268
BOURBON - L'ARCHAMBAULT,46.59043977,3.065436697,4235,18295.2,France,Auvergne,FRK1,FR,3049.2
COMMENTRY - LA BRANDE,46.30651602,2.739117094,7750,33480,France,Auvergne,FRK1,FR,5580
DOMPIERRE-SUR-BESBRE,46.52382581,3.691355007,4200,18144,France,Auvergne,FRK1,FR,3024
GANNAT,46.10541964,3.20836408,9950,42984,France,Auvergne,FRK1,FR,7164
LAPALISSE - LES LUBILLETS,46.26201777,3.618874737,8500,36720,France,Auvergne,FRK1,FR,6120
MONTLUCON,46.36926701,2.601031779,131667,568801.44,France,Auvergne,FRK1,FR,94800.24
MOULINS,46.58001492,3.314075972,50000,216000,France,Auvergne,FRK1,FR,36000
NERIS-LES-BAINS - BOURG,46.29168778,2.652453374,4150,17928,France,Auvergne,FRK1,FR,2988
SAINT-GERMAIN-DES-FOSSES,46.2122185,3.424818402,6174,26671.68,France,Auvergne,FRK1,FR,4445.28
SAINT-POURCAIN-SUR-SIOULE,46.31230346,3.298634704,9900,42768,France,Auvergne,FRK1,FR,7128
SAINT-YORRE,46.07564237,3.461040043,8217,35497.44,France,Auvergne,FRK1,FR,5916.24
VALLON-EN-SULLY - BORDURE CHER,46.53851664,2.613480866,2600,11232,France,Auvergne,FRK1,FR,1872
VARENNES-SUR-ALLIER,46.3186233,3.383406018,5800,25056,France,Auvergne,FRK1,FR,4176
VICHY,46.16408668,3.412665172,108333,467998.56,France,Auvergne,FRK1,FR,77999.76
LAVEISSIERE LE LIORAN,45.09292679,2.757717654,7000,30240,France,Auvergne,FRK1,FR,5040
MASSIAC BOURG,45.26653231,3.193702428,2167,9361.44,France,Auvergne,FRK1,FR,1560.24
MURAT BOURG,45.10535606,2.874674441,2083,8998.56,France,Auvergne,FRK1,FR,1499.76
NEUSSARGUES MOISSAC BOURG,45.12825971,2.985270731,4200,18144,France,Auvergne,FRK1,FR,3024
CONFOLENS,46.0207614,0.6751387646,12000,51840,France,Poitou-Charentes,FRI3,FR,8640
AIGREFEUILLE-D'AUNIS,46.11668657,-0.9716030056,9500,41040,France,Poitou-Charentes,FRI3,FR,6840
ANDILLY 2,46.26410841,-1.036994683,9000,38880,France,Poitou-Charentes,FRI3,FR,6480
BOURGNEUF,46.17573377,-1.015714609,2500,10800,France,Poitou-Charentes,FRI3,FR,1800
CHATELAILLON-PLAGE POLE SUD,46.09304269,-1.092647904,40000,172800,France,Poitou-Charentes,FRI3,FR,28800
COURCON,46.24879386,-0.8154040716,2500,10800,France,Poitou-Charentes,FRI3,FR,1800
MARANS CHARENTE MARITIME,46.31361983,-1.009135742,9100,39312,France,Poitou-Charentes,FRI3,FR,6552
ST SAUVEUR,46.22147403,-0.8965638929,5000,21600,France,Poitou-Charentes,FRI3,FR,3600
STE SOULLE,46.20799056,-1.037209299,20000,86400,France,Poitou-Charentes,FRI3,FR,14400
SURGERES,46.09825613,-0.7711686105,30000,129600,France,Poitou-Charentes,FRI3,FR,21600
VERINES,46.21317053,-0.9754433792,3000,12960,France,Poitou-Charentes,FRI3,FR,2160
AIX D'ANGILLON (LES) LA TENDRÉE,47.19361485,2.587010565,2500,10800,France,Centre — Val de Loire,FRB0,FR,1800
ARGENT-SUR-SAULDRE,47.56448817,2.43844913,3000,12960,France,Centre — Val de Loire,FRB0,FR,2160
AUBIGNY-SUR-NERE LE MOULIN DES FILLES,47.49242805,2.432564438,5650,24408,France,Centre — Val de Loire,FRB0,FR,4068
AVORD CHEMIN DES TERRIEUX,47.03813877,2.634965643,3500,15120,France,Centre — Val de Loire,FRB0,FR,2520
BOURGES SAINT-SULPICE,47.08742612,2.381699141,105000,453600,France,Centre — Val de Loire,FRB0,FR,75600
CHATEAUMEILLANT ROUTE DE LIGNIÈRES,46.57151664,2.194545763,2100,9072,France,Centre — Val de Loire,FRB0,FR,1512
DUN-SUR-AURON RUE BOISSEREAUX,46.88680901,2.560918493,4400,19008,France,Centre — Val de Loire,FRB0,FR,3168
GUERCHE-SUR-L'AUBOIS (LA) LA CHANTEREINE,46.95755773,2.95135851,4400,19008,France,Centre — Val de Loire,FRB0,FR,3168
MEHUN-SUR-YEVRE ROUTE DE CRECY,47.15364581,2.204820857,9200,39744,France,Centre — Val de Loire,FRB0,FR,6624
MENETOU-SALON BONNERIN,47.22298909,2.477219348,3100,13392,France,Centre — Val de Loire,FRB0,FR,2232
ORVAL IMPASSE DU GARDON,46.72976225,2.479415236,2100,9072,France,Centre — Val de Loire,FRB0,FR,1512
SAINT-AMAND-MONTROND ROUTE DE BOURGES,46.73254783,2.492209197,20000,86400,France,Centre — Val de Loire,FRB0,FR,14400
SAINT-FLORENT-SUR-CHER ROUTE DE PREUILLY,46.99420686,2.239131977,9000,38880,France,Centre — Val de Loire,FRB0,FR,6480
SAINT-GEORGES-SUR-MOULON MONTBOULIN,47.18734926,2.41564086,2800,12096,France,Centre — Val de Loire,FRB0,FR,2016
SAINT-GERMAIN-DU-PUY ROUTE DE FENESTRELAY,47.09616165,2.469114707,9830,42465.6,France,Centre — Val de Loire,FRB0,FR,7077.6
SAINT-SATUR LE LONG DU CANAL,47.3458066,2.860622539,7783,33622.56,France,Centre — Val de Loire,FRB0,FR,5603.76
SANCOINS ROUTE DE LA GUERCHE,46.84186147,2.934941999,3600,15552,France,Centre — Val de Loire,FRB0,FR,2592
VIERZON LES VALLÉES,47.22156027,2.038850949,46000,198720,France,Centre — Val de Loire,FRB0,FR,33120
GPA-BEGARD LANNEVEN,48.64644914,-3.31196228,6200,26784,France,Bretagne,FRH0,FR,4464
BINIC – ETABLES-SUR-MER LE CHIEN NOIR,48.6017854,-2.839190275,16000,69120,France,Bretagne,FRH0,FR,11520
BINIC-SAINT-QUAY-PORTRIEUX-8800,48.64913463,-2.840373276,14000,60480,France,Bretagne,FRH0,FR,10080
ETABLES-SUR-MER LE PONTO,48.63786694,-2.836378081,5300,22896,France,Bretagne,FRH0,FR,3816
DIAG-BROONS LAUNAY MILON,48.32799662,-2.254602239,3400,14688,France,Bretagne,FRH0,FR,2448
GPA-CALLAC LA VILLE NEUVE,48.39370334,-3.434338913,4300,18576,France,Bretagne,FRH0,FR,3096
DIAG-CAULNES PRES LOT. DES MOTTES,48.29060072,-2.143990153,6583,28438.56,France,Bretagne,FRH0,FR,4739.76
LEFFAC-PLOUAGAT-CHATELAUDREN,48.54579322,-2.975595899,8830,38145.6,France,Bretagne,FRH0,FR,6357.6
COETMIEUX  LE GENET,48.5039325,-2.612201231,2800,12096,France,Bretagne,FRH0,FR,2016
DIAG-DINAN LANVALLAY LE MARAIS,48.46274806,-2.027183922,52000,224640,France,Bretagne,FRH0,FR,37440
GPA-GRACES-ZI (GUINGAMP),48.55332499,-3.159542019,87833,379438.56,France,Bretagne,FRH0,FR,63239.76
GPA-PLOUISY-PONT EZER (GUINGAMP),48.57533594,-3.163983895,22000,95040,France,Bretagne,FRH0,FR,15840
JUGON-LES-LACS LE BOUT DE LA VILLE,48.41491488,-2.324932045,2700,11664,France,Bretagne,FRH0,FR,1944
LAMBALLE SOULEVILLE,48.47605154,-2.526273454,80000,345600,France,Bretagne,FRH0,FR,57600
LTC-LANNION,48.73860588,-3.474681454,25000,108000,France,Bretagne,FRH0,France,18000
LEFFAC-LANVOLLON,48.62249364,-2.992028404,2567,11089.44,France,Bretagne,FRH0,FR,1848.24
LTC-LEZARDRIEUX,48.78851601,-3.120231808,2200,9504,France,Bretagne,FRH0,France,1584
LTC-LOUANNEC,48.79338144,-3.42231484,5600,24192,France,Bretagne,FRH0,France,4032
LOUDEAC  LE BODIN,48.16865965,-2.725425433,19000,82080,France,Bretagne,FRH0,FR,13680
MERDRIGNAC LA RACINE,48.18409564,-2.40323751,3325,14364,France,Bretagne,FRH0,FR,2394
MUR-DE-BRETAGNE PONT ALPIN,48.20315111,-2.947581187,2500,10800,France,Bretagne,FRH0,FR,1800
GPA-PAIMPOL,48.78632967,-3.058640589,22000,95040,France,Bretagne,FRH0,France,15840
LTC-PENVENAN,48.80590634,-3.284243544,7500,32400,France,Bretagne,FRH0,France,5400
LTC-PERROS-GUIREC,48.79863326,-3.463735434,32000,138240,France,Bretagne,FRH0,France,23040
PLAINTEL ROUTE DE LOUDEAC,48.40125804,-2.822717708,2500,10800,France,Bretagne,FRH0,FR,1800
DIAG-PLANCOET ROUTE DE DINARD,48.52979641,-2.225087279,6800,29376,France,Bretagne,FRH0,FR,4896
MOULINS/PLEMET LA POTERIE,48.16908598,-2.602060493,2667,11521.44,France,Bretagne,FRH0,FR,1920.24
PLENEUF-VAL-ANDRE,48.58113448,-2.54816615,21000,90720,France,Bretagne,FRH0,FR,15120
DIAG-PLESLIN-TRIGAVOU VILLE DES CHAMPS,48.52886801,-2.062803654,3400,14688,France,Bretagne,FRH0,FR,2448
LTC-PLESTIN-LES-GREVES L.D LA VILLE NEUVE,48.66467803,-3.645301457,5500,23760,France,Bretagne,FRH0,FR,3960
DIAG-PLEUDIHEN-SUR-RANCE LA FOSSE EVEN,48.51787287,-1.945150619,2200,9504,France,Bretagne,FRH0,FR,1584
PLOEUC-L'HERMITAGE /PONT AIGUILLON,48.33716681,-2.765917794,6000,25920,France,Bretagne,FRH0,FR,4320
LTC-PLOUARET ST-ETHURIEN,48.61327516,-3.459283693,2500,10800,France,Bretagne,FRH0,FR,1800
BEAUSSAIS / PLOUBALAY LES SAUDRAY,48.58677526,-2.145894553,9700,41904,France,Bretagne,FRH0,FR,6984
DIAG-PLOUER-SUR-RANCE LA MINOTAIS,48.52343371,-1.993181123,3000,12960,France,Bretagne,FRH0,FR,2160
GPA-PLOUEZEC,48.739606,-2.985415465,4583,19798.56,France,Bretagne,FRH0,France,3299.76
CCKB-PLOUGUERNEVEL PONT ARHANT,48.2437335,-3.271469464,2750,11880,France,Bretagne,FRH0,FR,1980
LEFFAC-PLOUHA KERNESCOP,48.67129024,-2.911351844,6000,25920,France,Bretagne,FRH0,FR,4320
LTC-PLOUMILLIAU,48.67822266,-3.534253779,2300,9936,France,Bretagne,FRH0,FR,1656
PLURIEN,48.63138766,-2.402264456,2500,10800,France,Bretagne,FRH0,France,1800
POMMERET,48.4579841,-2.634009201,3500,15120,France,Bretagne,FRH0,FR,2520
SBA-QUINTIN BEAU DORE (DDPP),48.41087482,-2.902866219,18000,77760,France,Bretagne,FRH0,FR,12960
LTC-ROCHE JAUDY BOURED,48.750572,-3.254920473,3500,15120,France,Bretagne,FRH0,FR,2520
CCKB-ROSTRENEN PONT LATTEN,48.22193078,-3.324619369,3000,12960,France,Bretagne,FRH0,FR,2160
SAINT-BRANDAN LE GRENIEUX,48.3991442,-2.883162281,4500,19440,France,Bretagne,FRH0,FR,3240
SAINT-BRIEUC LE LÉGUÉ,48.52335259,-2.73904463,140000,604800,France,Bretagne,FRH0,FR,100800
DIAG-SAINT-CAST-LE-GUILDO SEMAPHORE,48.64414711,-2.250179907,16000,69120,France,Bretagne,FRH0,France,11520
DIAG-SAINT-JACUT-DE-LA-MER LES MARAIS,48.58497043,-2.187823933,6000,25920,France,Bretagne,FRH0,FR,4320
DIAG-SAINT-SAMSON-SUR-RANCE LA HISSE,48.49755715,-2.007886245,2700,11664,France,Bretagne,FRH0,FR,1944
LTC-MINIHY-TREGUIER/LE BILO,48.7831446,-3.242996233,3833,16558.56,France,Bretagne,FRH0,France,2759.76
LTC-TREVOU TREGUIGNEC/TRESTEL,48.81600054,-3.351914345,4000,17280,France,Bretagne,FRH0,France,2880
YFFINIAC,48.48785207,-2.681899713,84000,362880,France,Bretagne,FRH0,FR,60480
GOT BARBAT,45.96490306,2.159190471,6000,25920,France,Limousin,FRI2,FR,4320
RIGOUR-ROUTE DE LIMOGES,45.95532241,1.742455178,3500,15120,France,Limousin,FRI2,FR,2520
AGGLOMERATION DE BOUSSAC,46.34563789,2.207859612,2855,12333.6,France,Limousin,FRI2,FR,2055.6
EVAUX-LES-BAINS,46.1862844,2.489825199,2333,10078.56,France,Limousin,FRI2,FR,1679.76
GUERET LES GOUTTES,46.19190929,1.893900241,49833,215278.56,France,Limousin,FRI2,FR,35879.76
BROU-YEVRES,48.20752581,1.179438792,6200,26784,France,Centre — Val de Loire,FRB0,FR,4464
CHATEAUDUN,48.07508305,1.308809006,24000,103680,France,Centre — Val de Loire,FRB0,FR,17280
ILLIERS-COMBRAY,48.29242885,1.241724997,5300,22896,France,Centre — Val de Loire,FRB0,FR,3816
NOGENT-LE-ROTROU,48.31544829,0.7925413232,29000,125280,France,Basse-Normandie,FRD1,FR,20880
VILLAGES-VOVÉENS,48.26595591,1.621294939,4000,17280,France,Centre — Val de Loire,FRB0,FR,2880
STEU DE:  AUDIERNE - LESPOUL,48.04157236,-4.520986376,13900,60048,France,Bretagne,FRH0,France,10008
STEU DE:  BANNALEC - MOULIN QUINQUIS,47.92625743,-3.716981666,18000,77760,France,Bretagne,FRH0,FR,12960
STEU DE:  BENODET   - LE TREZ,47.87213315,-4.094672302,22000,95040,France,Bretagne,FRH0,France,15840
STEU DE: BOURG-BLANC (KERBEOC'H),48.50578753,-4.506541273,4000,17280,France,Bretagne,FRH0,France,2880
STEU DE: BREST (ZONE-PORTUAIRE),48.38853219,-4.450392971,170000,734400,France,Bretagne,FRH0,FR,122400
STEU DE:  BRIEC- LANNÉNÉVER,48.08328259,-3.991030876,45000,194400,France,Bretagne,FRH0,FR,32400
STEU DE: CARANTEC (PENZORNOU),48.65741172,-3.941248193,13000,56160,France,Bretagne,FRH0,FR,9360
STEU DE:  CARHAIX - MOULIN HÉZEC,48.28991111,-3.562435834,100000,432000,France,Bretagne,FRH0,FR,72000
STEU DE:  CHATEAULIN - KERDOUR,48.21020598,-4.092589862,25000,108000,France,Bretagne,FRH0,FR,18000
STEU DE:  CHÂTEAUNEUF DU FAOU -  PONTADIG,48.18720172,-3.807140958,12000,51840,France,Bretagne,FRH0,FR,8640
STEU DE: CLEDER (PLUFEN),48.67522568,-4.105935883,5000,21600,France,Bretagne,FRH0,France,3600
STEU DE:  CLOHARS-CARNOET - KERZELLEC,47.76850801,-3.540160369,17000,73440,France,Bretagne,FRH0,France,12240
STEU DE:  COMBRIT - KER FOREST DU,47.87682812,-4.150426011,18000,77760,France,Bretagne,FRH0,France,12960
STEU DE:  CONCARNEAU KERAMBRETON,47.8555365,-3.895564439,75000,324000,France,Bretagne,FRH0,France,54000
STEU DE: DAOULAS,48.35881152,-4.268607543,2500,10800,France,Bretagne,FRH0,FR,1800
STEU DE:  DOUARNENEZ POULIG AN AOD,48.08745428,-4.335601246,84000,362880,France,Bretagne,FRH0,FR,60480
STEU DE: LE FAOU (KIELLA),48.29979687,-4.168240011,5300,22896,France,Bretagne,FRH0,FR,3816
STEU DE: LA FOREST-LANDERNEAU,48.42421726,-4.31153382,2300,9936,France,Bretagne,FRH0,FR,1656
STEU DE:  FOUESNANT - PENFALUT,47.86347607,-4.009054045,55000,237600,France,Bretagne,FRH0,France,39600
STEU DE: L'HOPITAL-CAMFROUT,48.32962141,-4.236641029,2700,11664,France,Bretagne,FRH0,FR,1944
STEU DE: LANDEDA,48.58974182,-4.556557272,2700,11664,France,Bretagne,FRH0,France,1944
STEU DE: LANDERNEAU (LE BOIS NOIR),48.44727776,-4.263798727,30000,129600,France,Bretagne,FRH0,FR,21600
STEU DE:  LANDIVISIAU - BLAISE,48.49745809,-4.089096852,39000,168480,France,Bretagne,FRH0,FR,28080
STEU DE:  LANMEUR - KEROCUN,48.65233159,-3.709235207,4500,19440,France,Bretagne,FRH0,FR,3240
STEU DE: LANNILIS (MILIN AR LANN),48.56278542,-4.519303554,11700,50544,France,Bretagne,FRH0,France,8424
STEU DE: LESNEVEN (LESCOAT),48.57631044,-4.28840706,13500,58320,France,Bretagne,FRH0,FR,9720
STEU DE: LOCQUIREC (LE BOUILLEN),48.68366628,-3.671495102,4500,19440,France,Bretagne,FRH0,France,3240
STEU DE:  LOCTUDY -  PONTUAL VIHAN,47.82406392,-4.167653994,14000,60480,France,Bretagne,FRH0,France,10080
STEU DE: LOPERHET (PONT-AN-ILIS),48.36379331,-4.310584601,2500,10800,France,Bretagne,FRH0,FR,1800
STEU DE: MILIZAC-GUIPRONVEL (TRELEON),48.47191729,-4.556550073,3000,12960,France,Bretagne,FRH0,France,2160
STEU DE:  MOELAN-SUR-MER -  KERGLOUANOU,47.79274844,-3.688451655,7000,30240,France,Bretagne,FRH0,France,5040
STEU DE: MORLAIX (KERANROUX),48.59254019,-3.838407994,58500,252720,France,Bretagne,FRH0,FR,42120
STEU DE: PLABENNEC (MENEZ AR MILINOU),48.50813219,-4.436692457,9500,41040,France,Bretagne,FRH0,FR,6840
STEU DE:  PLEYBER-CHRIST - MILIN AR PRAT,48.50282751,-3.869108786,3000,12960,France,Bretagne,FRH0,FR,2160
STEU DE:  PLONÉOUR-LANVERN - KERIFORN,47.89282546,-4.285402623,9900,42768,France,Bretagne,FRH0,France,7128
STEU DE: PLOUARZEL (KERVOULOU),48.44420516,-4.728564239,4700,20304,France,Bretagne,FRH0,France,3384
STEU DE: PLOUDANIEL (LE MERDY),48.53336913,-4.302839815,2100,9072,France,Bretagne,FRH0,FR,1512
STEU DE:  PLOUENAN - TROMANOIR II,48.62399311,-4.002174097,3550,15336,France,Bretagne,FRH0,FR,2556
STEU DE: PLOUESCAT (KERCHAPALAIN),48.65169833,-4.188404117,6000,25920,France,Bretagne,FRH0,France,4320
STEU DE:  PLOUGASNOU - KERALLAS,48.68527779,-3.800867608,6300,27216,France,Bretagne,FRH0,France,4536
STEU DE: PLOUGASTEL-DAOULAS (TOULL AR RANNIG),48.36680417,-4.378874853,11700,50544,France,Bretagne,FRH0,FR,8424
STEU DE:  PLOUGONVEN - GOASVALÉ,48.51929814,-3.739622241,6200,26784,France,Bretagne,FRH0,FR,4464
STEU DE: PLOUGUIN (GARO),48.52547952,-4.590657585,2100,9072,France,Bretagne,FRH0,France,1512
STEU DE:  PLOUIGNEAU - PENN AR GROAZH-HENT,48.5614161,-3.716052845,4500,19440,France,Bretagne,FRH0,FR,3240
STEU DE: PLOUVIEN (CROAS MEZDUAN),48.5370796,-4.457314301,2700,11664,France,Bretagne,FRH0,France,1944
STEU DE:  PLOUVORN - KERARBELLEC,48.58353571,-4.023117772,2500,10800,France,Bretagne,FRH0,FR,1800
STEU DE:  PLOZEVET - KERFILDRO,47.97860721,-4.418417349,9500,41040,France,Bretagne,FRH0,France,6840
STEU DE:  PONT- AVEN  - PARC MOOR,47.84703939,-3.751737836,8500,36720,France,Bretagne,FRH0,France,6120
STEU DE:  PONT L'ABBE  -  PARK DOUR GLAN,47.85527315,-4.213030471,15000,64800,France,Bretagne,FRH0,France,10800
STEU DE:  QUIMPER - CORNIGUEL,47.96815286,-4.104767985,267000,1153440,France,Bretagne,FRH0,FR,192240
STEU DE:  QUIMPERLE KERAMPOIX,47.86069993,-3.544474079,30000,129600,France,Bretagne,FRH0,FR,21600
STEU DE:  RIEC-SUR-BELON,47.85246785,-3.679492615,4000,17280,France,Bretagne,FRH0,France,2880
STEU DE: ROSCANVEL,48.31448904,-4.551956182,1600,6912,France,Bretagne,FRH0,FR,1152
STEU DE:  ROSPORDEN - BODUON,47.94777104,-3.821192714,29700,128304,France,Bretagne,FRH0,FR,21384
STEU DE: SAINT-POL-DE-LEON (VILIN-VRAZ),48.67235816,-3.972999547,12000,51840,France,Bretagne,FRH0,FR,8640
STEU DE: SAINT RENAN (LOKOURNAN),48.4386801,-4.633091145,12000,51840,France,Bretagne,FRH0,France,8640
STEU DE:  SAINT THÉGONNEC - TI POULLIN,48.52414224,-3.956859522,4500,19440,France,Bretagne,FRH0,FR,3240
STEU DE: SAINT-THONAN (PRAT LEDAN),48.4843853,-4.342716301,4000,17280,France,Bretagne,FRH0,FR,2880
STEU DE: SANTEC (BRENN HESKENN),48.69029152,-4.038465225,5000,21600,France,Bretagne,FRH0,France,3600
STEU DE:  SCAER - PONTIGOÙ TRAON,48.02154621,-3.707149044,5000,21600,France,Bretagne,FRH0,FR,3600
STEU DE:  SIZUN - GUERN AR PLANTEG,48.41267954,-4.093290674,2200,9504,France,Bretagne,FRH0,FR,1584
TOURC'H - AR VOURC'H,48.02339033,-3.822969835,1950,8424,France,Bretagne,FRH0,FR,1404
STEU DE: PONT-DE-BUIS-LES-QUIMERCH (LE MORDUC),48.25165359,-4.098612191,4200,18144,France,Bretagne,FRH0,FR,3024
ACIGNE-THORIGNE,48.12981535,-1.563819576,14000,60480,France,Bretagne,FRH0,FR,10080
ANTRAIN,48.46028694,-1.493080286,13670,59054.4,France,Bretagne,FRH0,FR,9842.4
ARGENTRE-ETRELLES,48.06568968,-1.16791578,9500,41040,France,Pays de la Loire,FRG0,FR,6840
BAIN-DE-BRETAGNE,47.85498838,-1.670052322,8000,34560,France,Bretagne,FRH0,FR,5760
BAIS,48.0061938,-1.293187093,2500,10800,France,Bretagne,FRH0,FR,1800
BECHEREL,48.29981939,-1.933923902,4000,17280,France,Bretagne,FRH0,FR,2880
BEDEE,48.17593745,-1.946908209,4800,20736,France,Bretagne,FRH0,FR,3456
BETTON,48.17537316,-1.675515525,40000,172800,France,Bretagne,FRH0,FR,28800
BOISGERVILLY,48.1714962,-2.062573639,2000,8640,France,Bretagne,FRH0,FR,1440
LA BOUEXIERE,48.19097054,-1.435266152,3100,13392,France,Bretagne,FRH0,FR,2232
BREAL-SOUS-MONTFORT,48.05495905,-1.854723754,7500,32400,France,Bretagne,FRH0,FR,5400
BRECE-SERVON,48.11277149,-1.477621678,5000,21600,France,Bretagne,FRH0,FR,3600
BRETEIL,48.14054829,-1.90273583,3000,12960,France,Bretagne,FRH0,FR,2160
BRUZ,48.04593245,-1.738712424,20000,86400,France,Bretagne,FRH0,FR,14400
CANCALE 1,48.66888763,-1.875577951,18000,77760,France,Bretagne,FRH0,France,12960
CESSON-SEVIGNE 1,48.1098899,-1.625194423,30000,129600,France,Bretagne,FRH0,FR,21600
CHARTRES-SAINT-ERBLON,48.01854209,-1.679810299,50000,216000,France,Bretagne,FRH0,FR,36000
CHASNE-SUR-ILLET-MOUAZE,48.24460102,-1.560202039,3000,12960,France,Bretagne,FRH0,FR,2160
CHATEAUBOURG,48.10890634,-1.41046455,8000,34560,France,Bretagne,FRH0,FR,5760
CHATEAUGIRON,48.05222129,-1.521926779,16000,69120,France,Bretagne,FRH0,FR,11520
CHATEAUNEUF-D'ILLE-ET-VILAINE,48.56105421,-1.925657681,2000,8640,France,Bretagne,FRH0,FR,1440
CHAVAGNE,48.03975007,-1.785195557,5000,21600,France,Bretagne,FRH0,FR,3600
COMBOURG,48.40230209,-1.762703524,6000,25920,France,Bretagne,FRH0,FR,4320
DINARD,48.62884963,-2.078456578,52000,224640,France,Bretagne,FRH0,France,37440
DOL-DE-BRETAGNE,48.55555357,-1.758561512,10000,43200,France,Bretagne,FRH0,FR,7200
DOMAGNE,48.06604199,-1.393120075,2600,11232,France,Bretagne,FRH0,FR,1872
FOUGERES,48.33632878,-1.212656338,65000,280800,France,Bretagne,FRH0,FR,46800
LA FRESNAIS,48.59969649,-1.837754466,2850,12312,France,Bretagne,FRH0,FR,2052
GOVEN,48.01092821,-1.835621914,4600,19872,France,Bretagne,FRH0,FR,3312
LA GUERCHE,47.95121215,-1.233004018,26700,115344,France,Bretagne,FRH0,FR,19224
GUICHEN-PONT-REAN,47.99875184,-1.768674339,8000,34560,France,Bretagne,FRH0,FR,5760
GUIGNEN,47.91773237,-1.866689237,3000,12960,France,Bretagne,FRH0,FR,2160
GUIPRY35,47.82856814,-1.824747172,3000,12960,France,Bretagne,FRH0,FR,2160
HEDE 1,48.30019431,-1.798259242,2500,10800,France,Bretagne,FRH0,FR,1800
L'HERMITAGE,48.11900451,-1.834599159,7000,30240,France,Bretagne,FRH0,FR,5040
IFFENDIC2,48.12945226,-2.019778457,4000,17280,France,Bretagne,FRH0,FR,2880
IRODOUER,48.24760321,-1.955690763,2100,9072,France,Bretagne,FRH0,FR,1512
JANZE,47.9610739,-1.483118663,12000,51840,France,Bretagne,FRH0,FR,8640
LAILLE,47.9696442,-1.730235384,5500,23760,France,Bretagne,FRH0,FR,3960
LIFFRE,48.19946474,-1.507671294,18500,79920,France,Bretagne,FRH0,FR,13320
LOUVIGNE-DE-BAIS,48.04521791,-1.340316687,2200,9504,France,Bretagne,FRH0,FR,1584
LOUVIGNE-DU-DESERT,48.47081776,-1.12921866,4000,17280,France,Bretagne,FRH0,FR,2880
MARTIGNE-FERCHAUD,47.83577321,-1.326412656,3500,15120,France,Bretagne,FRH0,FR,2520
MAURE-DE-BRETAGNE,47.88953418,-1.995823106,3100,13392,France,Bretagne,FRH0,FR,2232
MELESSE,48.20750107,-1.69156658,5000,21600,France,Bretagne,FRH0,FR,3600
LA MEZIERE 2,48.1927524,-1.776294381,15500,66960,France,Bretagne,FRH0,FR,11160
MINIAC-MORVAN,48.50814882,-1.888767216,4000,17280,France,Bretagne,FRH0,FR,2880
MONDEVERT,48.08425341,-1.107127277,2700,11664,France,Pays de la Loire,FRG0,FR,1944
MONTAUBAN-DE-BRETAGNE,48.19313244,-2.049615184,17000,73440,France,Bretagne,FRH0,FR,12240
MONTFORT-SUR-MEU 3,48.12244967,-1.933709512,14000,60480,France,Bretagne,FRH0,FR,10080
MONTREUIL-LE-GAST,48.24303879,-1.721719851,3000,12960,France,Bretagne,FRH0,FR,2160
MORDELLES,48.0693933,-1.847507801,10000,43200,France,Bretagne,FRH0,FR,7200
NOYAL-SUR-VILAINE,48.1212067,-1.519891172,6000,25920,France,Bretagne,FRH0,FR,4320
PACE,48.14745896,-1.791054253,16000,69120,France,Bretagne,FRH0,FR,11520
PIPRIAC 1,47.80398074,-1.954019376,3500,15120,France,Bretagne,FRH0,FR,2520
PLELAN-LE-GRAND,48.00233957,-2.107058096,9000,38880,France,Bretagne,FRH0,FR,6480
PLERGUER,48.52851396,-1.838046082,4300,18576,France,Bretagne,FRH0,FR,3096
PLEUMELEUC,48.17968055,-1.913881867,6250,27000,France,Bretagne,FRH0,FR,4500
PLEURTUIT,48.58819098,-2.047716036,9600,41472,France,Bretagne,FRH0,FR,6912
RENNES,48.09859274,-1.730987457,360000,1555200,France,Bretagne,FRH0,FR,259200
RETIERS,47.91218632,-1.36951458,4000,17280,France,Bretagne,FRH0,FR,2880
LE RHEU 2,48.07978545,-1.764792918,10000,43200,France,Bretagne,FRH0,FR,7200
ROMILLE,48.20981962,-1.897606252,2500,10800,France,Bretagne,FRH0,FR,1800
SAINT-AUBIN-D'AUBIGNE,48.25357254,-1.5986856,5800,25056,France,Bretagne,FRH0,FR,4176
SAINT-AUBIN-DU-CORMIER,48.25265123,-1.403162159,3700,15984,France,Bretagne,FRH0,FR,2664
SAINT-BRIAC-SAINT-LUNAIRE,48.62970173,-2.122910061,15000,64800,France,Bretagne,FRH0,France,10800
SAINT-BRICE-EN-COGLES,48.41905785,-1.374463027,5000,21600,France,Bretagne,FRH0,FR,3600
SAINT-GILLES 35,48.14620323,-1.818756889,5000,21600,France,Bretagne,FRH0,FR,3600
SAINT-JOUAN-DES-GUERETS,48.59733789,-1.962337858,7500,32400,France,Bretagne,FRH0,FR,5400
SAINT-MEEN 1,48.18406849,-2.19025722,5100,22032,France,Bretagne,FRH0,FR,3672
SAINT-MELOIR 1,48.63566605,-1.890155523,3000,12960,France,Bretagne,FRH0,France,2160
SAINT-SAUVEUR-ROMAGNE,48.3379081,-1.294043415,3000,12960,France,Bretagne,FRH0,FR,2160
SENS-DE-BRETAGNE,48.33831645,-1.530048235,3000,12960,France,Bretagne,FRH0,FR,2160
TALENSAC,48.11136027,-1.919910677,2000,8640,France,Bretagne,FRH0,FR,1440
TINTENIAC,48.33293414,-1.834299148,6000,25920,France,Bretagne,FRH0,FR,4320
VITRE,48.11801227,-1.228995994,49900,215568,France,Bretagne,FRH0,FR,35928
AIGURANDE,46.43868791,1.835700496,3000,12960,France,Centre — Val de Loire,FRB0,FR,2160
ARDENTES AU BORD DE L'INDRE,46.74780712,1.820095445,4083,17638.56,France,Centre — Val de Loire,FRB0,FR,2939.76
ARGENTON-SUR-CREUSE,46.59871767,1.504722678,15000,64800,France,Centre — Val de Loire,FRB0,FR,10800
LE BLANC,46.641523,1.053056432,9950,42984,France,Centre — Val de Loire,FRB0,FR,7164
BUZANCAIS VILAINE,46.89958407,1.415582877,6000,25920,France,Centre — Val de Loire,FRB0,FR,4320
CHABRIS,47.26100466,1.645690235,4000,17280,France,Centre — Val de Loire,FRB0,FR,2880
CHATEAUROUX,46.80798005,1.663854896,168500,727920,France,Centre — Val de Loire,FRB0,FR,121320
CHATILLON-SUR-INDRE,46.98981353,1.178555589,3150,13608,France,Centre — Val de Loire,FRB0,FR,2268
ISSOUDUN,46.94801107,1.983677132,56000,241920,France,Centre — Val de Loire,FRB0,FR,40320
LEVROUX,46.99457939,1.594764486,23500,101520,France,Centre — Val de Loire,FRB0,FR,16920
MONTIERCHAUME,46.85307153,1.75901078,2470,10670.4,France,Centre — Val de Loire,FRB0,FR,1778.4
REUILLY RUE DE LA MINOTERIE,47.09159066,2.047179249,2500,10800,France,Centre — Val de Loire,FRB0,FR,1800
THENAY-SAINT GAULTIER,46.63264082,1.43970227,4200,18144,France,Centre — Val de Loire,FRB0,FR,3024
SAINT MAUR,46.81378023,1.631759036,6000,25920,France,Centre — Val de Loire,FRB0,FR,4320
VALENCAY,47.16806184,1.583714558,4000,17280,France,Centre — Val de Loire,FRB0,FR,2880
LAITERIE DE VARENNES SUR FOUZON,47.21988033,1.607421191,24000,103680,France,Centre — Val de Loire,FRB0,FR,17280
VATAN MOULIN DU PONT,47.08291746,1.807267615,3330,14385.6,France,Centre — Val de Loire,FRB0,FR,2397.6
VILLEDIEU-SUR-INDRE L'ALLEMAGNE,46.8346513,1.547761879,6000,25920,France,Centre — Val de Loire,FRB0,FR,4320
"AMBOISE, LA VARENNE",47.40560969,0.9549643971,23000,99360,France,Centre — Val de Loire,FRB0,FR,16560
"SACHE, LA CHÂTAIGNERAIE",47.25299842,0.5696081238,11500,49680,France,Centre — Val de Loire,FRB0,FR,8280
"AZAY-LE-RIDEAU, CHARRIÈRE",47.26455099,0.4458333046,7000,30240,France,Centre — Val de Loire,FRB0,FR,5040
"BEAUMONT-EN-VERON, BOIS DE SAUGET",47.20857618,0.161653279,17720,76550.4,France,Centre — Val de Loire,FRB0,FR,12758.4
"BLERE, LES REGAINS",47.33019375,0.983931686,12000,51840,France,Centre — Val de Loire,FRB0,FR,8640
"BOURGUEIL, LES COURSANNES",47.27612938,0.1649270673,4500,19440,France,Centre — Val de Loire,FRB0,FR,3240
"CHAMBRAY-LES-TOURS, LA MADELEINE",47.31814824,0.7034042252,8000,34560,France,Centre — Val de Loire,FRB0,FR,5760
"CHANCAY, RUE DE L'AUBÉ",47.44745094,0.8698680963,5300,22896,France,Centre — Val de Loire,FRB0,FR,3816
"CHANCEAUX-SUR-CHOISILLE, LA BOURDILLIÈRE",47.47440533,0.7160652974,3600,15552,France,Centre — Val de Loire,FRB0,FR,2592
LA GACERIE,47.5818992,0.9015302377,10000,43200,France,Centre — Val de Loire,FRB0,FR,7200
"CHINON, SAINT LOUANS",47.17247423,0.2040350029,13500,58320,France,Centre — Val de Loire,FRB0,FR,9720
"CINQ-MARS-LA-PILE, LES PRÉS MARTIN",47.34108632,0.4528966,3000,12960,France,Centre — Val de Loire,FRB0,FR,2160
"CIVRAY-DE-TOURAINE, VARENNE DE CHENONCEAUX",47.32948931,1.05186614,4000,17280,France,Centre — Val de Loire,FRB0,FR,2880
"ESVRES-SUR-INDRE, LES GRANDS REGAINS",47.28401304,0.7801190078,3500,15120,France,Centre — Val de Loire,FRB0,FR,2520
"FONDETTES, GANAY",47.38791976,0.5839940455,5420,23414.4,France,Centre — Val de Loire,FRB0,FR,3902.4
"DESCARTES, RUTON",46.97852663,0.6788599164,5830,25185.6,France,Centre — Val de Loire,FRB0,FR,4197.6
"JOUE-LES-TOURS, GLATINET",47.3047105,0.6578619628,10000,43200,France,Centre — Val de Loire,FRB0,FR,7200
"LANGEAIS, LE PORT",47.3202692,0.4007954649,5400,23328,France,Centre — Val de Loire,FRB0,FR,3888
"LIGNIERES-DE-TOURAINE, LA CALOTTE",47.3101009,0.437693572,3200,13824,France,Centre — Val de Loire,FRB0,FR,2304
"LIGUEIL, RUE DU PARADIS",47.04431427,0.8126035949,2700,11664,France,Centre — Val de Loire,FRB0,FR,1944
"LOCHES, CORBERY",47.14248208,1.0026391,14000,60480,France,Centre — Val de Loire,FRB0,FR,10080
"LUYNES, RUE ALFRED BAUGÉ",47.38126689,0.5548432387,6500,28080,France,Centre — Val de Loire,FRB0,FR,4680
"MONNAIE, LES CHAMPS",47.50183532,0.7694856964,5600,24192,France,Centre — Val de Loire,FRB0,FR,4032
"MONTBAZON, LES BOURROUX",47.29595749,0.7134611457,12000,51840,France,Centre — Val de Loire,FRB0,FR,8640
"MONTLOUIS-SUR-LOIRE, LE PAS D' AMONT",47.38811598,0.7969327505,16000,69120,France,Centre — Val de Loire,FRB0,FR,11520
"MONTS, L'ORMEAU FLEURY",47.28767891,0.6281340085,12000,51840,France,Centre — Val de Loire,FRB0,FR,8640
"NEUILLE-PONT-PIERRE, CANGÉ",47.55234154,0.5349637356,2500,10800,France,Centre — Val de Loire,FRB0,FR,1800
"PARCAY-MESLAY, ROUTE DE ROCHECORBON",47.43488642,0.7492062865,2250,9720,France,Centre — Val de Loire,FRB0,FR,1620
"POCE-SUR-CISSE, LA CROIX SAINT-JEAN",47.42526429,0.9914736079,9100,39312,France,Centre — Val de Loire,FRB0,FR,6552
"RICHELIEU, BOURGNEUF",47.02332273,0.321683703,3500,15120,France,Poitou-Charentes,FRI3,FR,2520
"SAINT-MARTIN-LE-BEAU, LE PRÉ AUX OIES",47.35116926,0.908183526,6580,28425.6,France,Centre — Val de Loire,FRB0,FR,4737.6
"SAINTE-MAURE-DE-TOURAINE, LES PÂTUREAUX",47.11141426,0.6083969295,7000,30240,France,Centre — Val de Loire,FRB0,FR,5040
"SAVONNIERES, LA SAINTERIE",47.34801177,0.5249251855,2000,8640,France,Centre — Val de Loire,FRB0,FR,1440
"SORIGNY, ISOPARC",47.26098646,0.6884896539,8000,34560,France,Centre — Val de Loire,FRB0,FR,5760
"TOURS, LA RICHE LA GRANGE DAVID",47.37779069,0.6464626446,393330,1699185.6,France,Centre — Val de Loire,FRB0,FR,283197.6
"VERETZ, BEAUREGARD",47.35636606,0.8234168597,10000,43200,France,Centre — Val de Loire,FRB0,FR,7200
"VERNOU-SUR-BRENNE, LA JUSTICE",47.41311945,0.8500859868,10000,43200,France,Centre — Val de Loire,FRB0,FR,7200
"VOUVRAY, LE PONT DE CISSE",47.40964541,0.8039276438,17160,74131.2,France,Centre — Val de Loire,FRB0,FR,12355.2
BLOIS,47.56241725,1.326020233,103333,446398.56,France,Centre — Val de Loire,FRB0,FR,74399.76
TOUR-EN-SOLOGNE,47.5509554,1.525391198,3100,13392,France,Centre — Val de Loire,FRB0,FR,2232
CELLETTES ROUTE DE SEUR,47.5203466,1.374533904,3500,15120,France,Centre — Val de Loire,FRB0,FR,2520
CONTRES 2,47.41982851,1.420830431,17000,73440,France,Centre — Val de Loire,FRB0,FR,12240
COUR CHEVERNY,47.51037436,1.44945159,4400,19008,France,Centre — Val de Loire,FRB0,FR,3168
DROUE BOISSELEAU NORD,48.0353839,1.081276417,6000,25920,France,Centre — Val de Loire,FRB0,FR,4320
LA FERTE IMBAULT - SELLES-SAINT-DENIS,47.39015429,1.941756851,2700,11664,France,Centre — Val de Loire,FRB0,FR,1944
LA FERTE SAINT CYR,47.65608771,1.664547314,2400,10368,France,Centre — Val de Loire,FRB0,FR,1728
GIEVRES 'LES CHANTEREAUX' NOUVELLE,47.27237596,1.66506172,2000,8640,France,Centre — Val de Loire,FRB0,FR,1440
LAMOTTE BEUVRON,47.59832155,2.020625624,9000,38880,France,Centre — Val de Loire,FRB0,FR,6480
MER,47.68770861,1.512849374,8100,34992,France,Centre — Val de Loire,FRB0,FR,5832
MONDOUBLEAU CR 23 ET CR 10,47.96974968,0.8889009849,4000,17280,France,Centre — Val de Loire,FRB0,FR,2880
MONTHOU SUR BIEVRE 'LES FONTAINES',47.48156713,1.296938704,2400,10368,France,Centre — Val de Loire,FRB0,FR,1728
MONTOIRE,47.76182429,0.8468859576,9400,40608,France,Centre — Val de Loire,FRB0,FR,6768
NAVEIL 'PRÉPATOUR',47.78761954,1.003431779,7400,31968,France,Centre — Val de Loire,FRB0,FR,5328
NOUAN LE FUZELIER   'LE PETIT BURTIN',47.55280626,2.00240446,3150,13608,France,Centre — Val de Loire,FRB0,FR,2268
ONZAIN,47.49447797,1.179618658,5900,25488,France,Centre — Val de Loire,FRB0,FR,4248
PRUNIERS-EN-SOLOGNE CHEMIN DES VIGNES,47.31946284,1.667982263,2800,12096,France,Centre — Val de Loire,FRB0,FR,2016
ROMORANTIN-LANTHENAY-BEAUVAIS,47.34754561,1.72912336,25500,110160,France,Centre — Val de Loire,FRB0,FR,18360
SAINT AIGNAN SUR CHER,47.27757248,1.364175642,8670,37454.4,France,Centre — Val de Loire,FRB0,FR,6242.4
SAINT DYE SUR LOIRE,47.64815166,1.47856749,7500,32400,France,Centre — Val de Loire,FRB0,FR,5400
SAINT-LAURENT DES EAUX,47.71880536,1.60896282,5830,25185.6,France,Centre — Val de Loire,FRB0,FR,4197.6
SALBRIS 'VALAUDRAN',47.42040632,2.021237635,7500,32400,France,Centre — Val de Loire,FRB0,FR,5400
SAVIGNY SUR BRAYE,47.88372363,0.8037583527,3500,15120,France,Centre — Val de Loire,FRB0,FR,2520
SOUESMES 'LE CHÂTEAU',47.46290936,2.173639319,2000,8640,France,Centre — Val de Loire,FRB0,FR,1440
VENDOME-AREINES-ST OUEN-MESLAY,47.79906878,1.043836417,37500,162000,France,Centre — Val de Loire,FRB0,FR,27000
VILLEFRANCHE-SUR-CHER / LES PÂTUREAUX NEUFS,47.2915991,1.765938719,3000,12960,France,Centre — Val de Loire,FRB0,FR,2160
ANDREZIEUX-BOUTHEON LES TROIS PONTS,45.53788023,4.253158849,48000,207360,France,Rhône-Alpes,FRK2,FR,34560
BALBIGNY LE PORT,45.81786622,4.176167937,4000,17280,France,Rhône-Alpes,FRK2,FR,2880
CHARLIEU BOURG,46.15010642,4.164500019,7833,33838.56,France,Rhône-Alpes,FRK2,FR,5639.76
CHAZELLE SUR LYON- LA GARE DE VIRICELLES,45.64797331,4.373913295,5000,21600,France,Rhône-Alpes,FRK2,FR,3600
CHAZELLES-SUR-LYON PIERRE CHARVES,45.62892983,4.396225772,1450,6264,France,Rhône-Alpes,FRK2,FR,1044
FEURS - FONT FENOUILLET,45.74375272,4.214774068,33330,143985.6,France,Rhône-Alpes,FRK2,FR,23997.6
FIRMINY UNIEUX - LA NOIRIE,45.4134394,4.248232084,80000,345600,France,Rhône-Alpes,FRK2,FR,57600
FOUILLOUSE (LA)- MOULIN SAINT PAUL,45.50032063,4.311963783,5850,25272,France,Rhône-Alpes,FRK2,FR,4212
MONTBRISON,45.61811044,4.082543461,40000,172800,France,Rhône-Alpes,FRK2,FR,28800
MONTROND LES BAINS - PLANCIEUX,45.65041724,4.221265838,16500,71280,France,Rhône-Alpes,FRK2,FR,11880
PANISSIERES - CHEZ BARRAULT (CHEZ THEVENON),45.79025454,4.329471411,7333,31678.56,France,Rhône-Alpes,FRK2,FR,5279.76
POUILLY-LES-FEURS - BOURG,45.79524709,4.220773307,2200,9504,France,Rhône-Alpes,FRK2,FR,1584
POUILLY-SOUS-CHARLIEU - LE PORT,46.14604946,4.099876166,4400,19008,France,Rhône-Alpes,FRK2,FR,3168
REGNY - BILLARD,45.98349976,4.201371847,2000,8640,France,Rhône-Alpes,FRK2,FR,1440
ROANNE - LES 3 PONTS,46.04861855,4.099621308,173000,747360,France,Rhône-Alpes,FRK2,FR,124560
ROCHE LA MOLIERE -  MOUSSETTE,45.44611893,4.318475894,15000,64800,France,Rhône-Alpes,FRK2,FR,10800
SAINT BONNET LE CHATEAU,45.41936448,4.077229286,2100,9072,France,Rhône-Alpes,FRK2,FR,1512
SAINT-CYPRIEN,45.540167,4.239420916,2250,9720,France,Rhône-Alpes,FRK2,FR,1620
SAINT-ETIENNE - FURANIA,45.48152484,4.346226799,282000,1218240,France,Rhône-Alpes,FRK2,FR,203040
SAINT GALMIER - LES FLACHES (LES GOUTETS),45.59371968,4.291891967,9420,40694.4,France,Rhône-Alpes,FRK2,FR,6782.4
SAINT GENEST LERPT- PONSONNEAU,45.45502322,4.341477169,7000,30240,France,Rhône-Alpes,FRK2,FR,5040
SAINT GENEST MALIFAUX - LE SAPT,45.3291008,4.420551191,2770,11966.4,France,Rhône-Alpes,FRK2,FR,1994.4
SAINT HEAND - BOURG,45.53178796,4.366308326,3500,15120,France,Rhône-Alpes,FRK2,FR,2520
SAINT-JEAN-BONNEFONDS - LE COLOMBIER,45.45430378,4.460387839,5000,21600,France,Rhône-Alpes,FRK2,FR,3600
SAINT-JUST-EN-CHEVALET,45.91156242,3.841002097,2850,12312,France,Rhône-Alpes,FRK2,FR,2052
SAINT ROMAIN LE PUY,45.56700308,4.12928014,4583,19798.56,France,Rhône-Alpes,FRK2,FR,3299.76
SAINT-MARCELLIN-EN-FOREZ-SURY,45.51102406,4.17836408,18000,77760,France,Rhône-Alpes,FRK2,FR,12960
VIOLAY - CHEZ PERASSE,45.84735777,4.358657858,2350,10152,France,Rhône-Alpes,FRK2,FR,1692
AUREC-SUR-LOIRE-LE BOURG,45.37663038,4.207411616,9900,42768,France,Rhône-Alpes,FRK2,FR,7128
COUBON-LE BOURG,45.00691404,3.925256914,4000,17280,France,Auvergne,FRK1,FR,2880
CRAPONNE-SUR-ARZON-LE BOURG,45.32470923,3.850306549,4200,18144,France,Auvergne,FRK1,FR,3024
CUSSAC-SUR-LOIRE-LE BOURG,44.99206622,3.886499102,3350,14472,France,Auvergne,FRK1,FR,2412
DUNIERES-LA RIBEYRE,45.21830541,4.327326028,2833,12238.56,France,Auvergne,FRK1,FR,2039.76
LANGEAC-LE BOURG,45.11084704,3.494933113,6067,26209.44,France,Auvergne,FRK1,FR,4368.24
LANTRIAC_LE BOURG,45.00986977,3.997951407,2100,9072,France,Auvergne,FRK1,FR,1512
PONT-SALOMON-SIVU DE L'ALLIANCE,45.34443468,4.243696796,3300,14256,France,Rhône-Alpes,FRK2,FR,2376
PUY-EN-VELAY (LE) - CHADRAC,45.06669261,3.905775339,63750,275400,France,Auvergne,FRK1,FR,45900
SAINTE-FLORINE-LE BOURG,45.3957352,3.329590478,4050,17496,France,Auvergne,FRK1,FR,2916
SEAUVE-SUR-SEMENE (LA)-SIVU ST DIDIER-LA SÉAUVE,45.29611372,4.246688646,5900,25488,France,Rhône-Alpes,FRK2,FR,4248
TENCE-LE BOURG,45.12219151,4.280269615,1970,8510.4,France,Auvergne,FRK1,FR,1418.4
AIGREFEUILLE-SUR-MAINE - LES GOUPILLIERES,47.08539813,-1.404933218,5500,23760,France,Pays de la Loire,FRG0,FR,3960
ANCENIS-LA BIGOTERIE,47.36049964,-1.201287712,78330,338385.6,France,Pays de la Loire,FRG0,FR,56397.6
ANETZ - SAINT-HERBLON / VAIR-SUR-LOIRE,47.39397659,-1.098441264,4600,19872,France,Pays de la Loire,FRG0,FR,3312
CHAUMES-EN-RETZ (SECTEUR ARTHON-EN-RETZ),47.11618415,-1.952545051,2900,12528,France,Pays de la Loire,FRG0,FR,2088
ASSERAC - LE MARADOU,47.42527593,-2.386739938,4000,17280,France,Pays de la Loire,FRG0,France,2880
BASSE-GOULAINE - MOULIN DE L ILE CHALAND,47.21475314,-1.450021427,19400,83808,France,Pays de la Loire,FRG0,FR,13968
LE BIGNON 1 - LE PRE PEAU,47.09550534,-1.514724089,3000,12960,France,Pays de la Loire,FRG0,FR,2160
BLAIN-TERRAIN DES SPORTS,47.47284816,-1.771340084,35000,151200,France,Pays de la Loire,FRG0,FR,25200
BOUAYE - ROUTE DE PORT ST PÈRE,47.13974178,-1.701475518,8000,34560,France,Pays de la Loire,FRG0,FR,5760
LES MOUTIERS-EN-RETZ - LE SALINEAU,47.0524967,-1.986686189,23670,102254.4,France,Pays de la Loire,FRG0,FR,17042.4
BRAINS 1 - BOURG,47.16301829,-1.733342524,1900,8208,France,Pays de la Loire,FRG0,FR,1368
LE CELLIER-LES MAZERES,47.31383173,-1.35256264,4350,18792,France,Pays de la Loire,FRG0,FR,3132
DIVATTE-SUR-LOIRE 1 - LE PLESSIS NOUVELLE,47.27415501,-1.353677841,5000,21600,France,Pays de la Loire,FRG0,FR,3600
CHAPELLE-DES-MARAIS,47.44119923,-2.240767669,4440,19180.8,France,Pays de la Loire,FRG0,FR,3196.8
LA CHAPELLE-HEULIN - LE CHAMP FAILLI,47.17798841,-1.361285987,3675,15876,France,Pays de la Loire,FRG0,FR,2646
CHATEAUBRIANT-GOUPILLIERE,47.72020403,-1.400389281,23333,100798.56,France,Pays de la Loire,FRG0,FR,16799.76
CHAUMES-EN-RETZ - SECTEUR CHEMERE - LES ROSEAUX,47.1175934,-1.905987226,2300,9936,France,Pays de la Loire,FRG0,FR,1656
LA CHEVROLIERE - LA GRANDE NOE,47.09497854,-1.617920438,8000,34560,France,Pays de la Loire,FRG0,FR,5760
GORGES-CLISSON - LA BATARDIERE (EXTENSION),47.10304249,-1.298712285,21500,92880,France,Pays de la Loire,FRG0,FR,15480
DERVAL-BONDAR NOUVELLE,47.65893844,-1.684966452,4000,17280,France,Pays de la Loire,FRG0,FR,2880
DONGES 1 - CHEMIN DE LA GARE,47.3121009,-2.074131268,8500,36720,France,Pays de la Loire,FRG0,FR,6120
LA BAULE-ESCOUBLAC-GUERANDE LIVERY,47.30549636,-2.435201499,178000,768960,France,Pays de la Loire,FRG0,France,128160
LE FRESNE-SUR-LOIRE,47.39622907,-0.9429678793,2700,11664,France,Pays de la Loire,FRG0,FR,1944
GRANDCHAMPS-DES-FONTAINES-AVENUE DE L EPINAY,47.3603538,-1.61768065,3200,13824,France,Pays de la Loire,FRG0,FR,2304
GUEMENE-PENFAO 1-CALLAC,47.61437086,-1.823824201,2250,9720,France,Pays de la Loire,FRG0,FR,1620
LA HAIE-FOUASSIERE - LA FAUBRETIERE,47.15348908,-1.42445269,11000,47520,France,Pays de la Loire,FRG0,FR,7920
HERBIGNAC-BOURG,47.44058336,-2.316892501,6700,28944,France,Pays de la Loire,FRG0,FR,4824
LEGE - LE PAS CHATAIGNIER,46.88793654,-1.613117465,3000,12960,France,Pays de la Loire,FRG0,FR,2160
LIGNE-ROUTE DE PETIT MARS,47.41322988,-1.411659179,4700,20304,France,Pays de la Loire,FRG0,FR,3384
LE LOROUX-BOTTEREAU 1 - LE TERTRE,47.22702716,-1.371142875,7520,32486.4,France,Pays de la Loire,FRG0,FR,5414.4
MACHECOUL-SAINT-MEME - RUE DES REDOUX,46.98765792,-1.824414224,14000,60480,France,Pays de la Loire,FRG0,FR,10080
MALVILLE 1-LE PAS HEULIN,47.3635929,-1.853719857,4500,19440,France,Pays de la Loire,FRG0,FR,3240
MAUVES SUR LOIRE 1 - BEAU SOLEIL,47.29108224,-1.399908619,2900,12528,France,Pays de la Loire,FRG0,FR,2088
MISSILLAC - LE MOLLET - LES PETITS HERBETS,47.47414037,-2.172186139,4500,19440,France,Pays de la Loire,FRG0,FR,3240
LA MONTAGNE - ROUTE DU BAC 2,47.19351281,-1.694574323,9167,39601.44,France,Pays de la Loire,FRG0,FR,6600.24
MONTBERT 1 - LA GRAMBAUDIERE,47.06292558,-1.486458878,2830,12225.6,France,Pays de la Loire,FRG0,FR,2037.6
NANTES 1-TOUGAS,47.19725944,-1.630014117,600000,2592000,France,Pays de la Loire,FRG0,FR,432000
NORT-SUR-ERDRE-LES MARES NOIRES,47.42553208,-1.495550244,11300,48816,France,Pays de la Loire,FRG0,FR,8136
NOZAY,47.56323616,-1.612315539,5500,23760,France,Pays de la Loire,FRG0,FR,3960
OUDON-LES CHARDONNETS,47.34335596,-1.296026037,3000,12960,France,Pays de la Loire,FRG0,FR,2160
PAIMBOEUF - LES REMPARTS 2,47.27561393,-2.033315997,6000,25920,France,Pays de la Loire,FRG0,FR,4320
LE PELLERIN - LA GENDRIERE,47.19854303,-1.769393714,5500,23760,France,Pays de la Loire,FRG0,FR,3960
PONTCHATEAU-ROUTE DE BESNÉ,47.42631465,-2.090171694,12000,51840,France,Pays de la Loire,FRG0,FR,8640
PONT-SAINT-MARTIN 1 - BEAU-PRETRE,47.12259626,-1.591816223,5233,22606.56,France,Pays de la Loire,FRG0,FR,3767.76
PORNIC - LES SALETTES,47.11937607,-2.082805428,50000,216000,France,Pays de la Loire,FRG0,France,36000
SAINT-AIGNAN-GRANDLIEU - HABRA,47.12130405,-1.629400893,4000,17280,France,Pays de la Loire,FRG0,FR,2880
STE-ANNE SUR BRIVET-LE TREMBLAIS,47.45582903,-2.015684232,36250,156600,France,Pays de la Loire,FRG0,FR,26100
SAINT-BREVIN-LES-PINS 1 - LES ROCHELETS,47.21547628,-2.149679491,21670,93614.4,France,Pays de la Loire,FRG0,FR,15602.4
SAINT-ETIENNE-DE-MONTLUC-SAINT THOMAS,47.26512154,-1.789299865,6000,25920,France,Pays de la Loire,FRG0,FR,4320
SAINT-GILDAS-DES-BOIS-LA BARRE 2,47.50359879,-2.039056548,3700,15984,France,Pays de la Loire,FRG0,FR,2664
SAINT-JEAN-DE-BOISEAU - ROUTE DU PELLERIN,47.19522988,-1.72859695,4000,17280,France,Pays de la Loire,FRG0,FR,2880
SAINT-JULIEN-DE-CONCELLES - LES PLANCHES,47.25344805,-1.406770822,6000,25920,France,Pays de la Loire,FRG0,FR,4320
SAINT-LYPHARD 1-BELLE FONTAINE,47.40344334,-2.298027081,5200,22464,France,Pays de la Loire,FRG0,FR,3744
SAINT-MARS-DU-DESERT 1-ROUTE DE LIGNÉ,47.37014052,-1.407421639,3200,13824,France,Pays de la Loire,FRG0,FR,2304
SAINT-MARS-LA-JAILLE-BD DE LA FERRONNAY,47.52195725,-1.188603862,13000,56160,France,Pays de la Loire,FRG0,FR,9360
SAINT-MICHEL-CHEF -CHEF - LA PRINCETIÈRE,47.170194,-2.153955477,52500,226800,France,Pays de la Loire,FRG0,France,37800
SAINT-NAZAIRE EST,47.31504623,-2.119179538,75000,324000,France,Pays de la Loire,FRG0,FR,54000
SAINTE-PAZANNE - HERPINIERE,47.10274652,-1.772493835,7000,30240,France,Pays de la Loire,FRG0,FR,5040
SAINT-PERE-EN-RETZ - LE PONT NEUF,47.21151666,-2.053683677,3700,15984,France,Pays de la Loire,FRG0,FR,2664
SAINT-PHILBERT-DE-GRAND-LIEU - LA PETITE BEAUJOIRE,47.0426824,-1.65130611,8500,36720,France,Pays de la Loire,FRG0,FR,6120
SAVENAY-ROUTE DE LAVAU,47.35661318,-1.953592932,9500,41040,France,Pays de la Loire,FRG0,FR,6840
LE TEMPLE-DE-BRETAGNE-LA JUSTICE,47.32183581,-1.785955772,2150,9288,France,Pays de la Loire,FRG0,FR,1548
TREILLIERES-LES HAIES,47.31479796,-1.591296524,8400,36288,France,Pays de la Loire,FRG0,FR,6048
VALLET 1 - LA BARONNIERE,47.14791647,-1.274160075,15200,65664,France,Pays de la Loire,FRG0,FR,10944
LOIREAUXENCE-VARADES-LA NANTAISERIE,47.38893848,-1.049063975,4000,17280,France,Pays de la Loire,FRG0,FR,2880
VIEILLEVIGNE - LES NOELLES,46.97713709,-1.425151358,3000,12960,France,Pays de la Loire,FRG0,FR,2160
GENESTON - MARBOEUF,47.06302824,-1.521729993,5200,22464,France,Pays de la Loire,FRG0,FR,3744
ARTENAY5000,48.07882208,1.887871269,5000,21600,France,Centre — Val de Loire,FRB0,FR,3600
BAULE,47.79992507,1.664289933,3500,15120,France,Centre — Val de Loire,FRB0,FR,2520
BEAUGENCY,47.76195557,1.625324599,11800,50976,France,Centre — Val de Loire,FRB0,FR,8496
BONNY-SUR-LOIRE,47.56266655,2.831531134,2500,10800,France,Centre — Val de Loire,FRB0,FR,1800
LES BORDES,47.80451654,2.398388444,2600,11232,France,Centre — Val de Loire,FRB0,FR,1872
BRIARE,47.64525924,2.722131207,8000,34560,France,Centre — Val de Loire,FRB0,FR,5760
CHATEAUNEUF-SUR-LOIRE,47.85724908,2.207493685,17000,73440,France,Centre — Val de Loire,FRB0,FR,12240
CHATILLON-LOIRE,47.6006579,2.745439856,3500,15120,France,Centre — Val de Loire,FRB0,FR,2520
CHECY,47.88981061,2.034239155,25000,108000,France,Centre — Val de Loire,FRB0,FR,18000
CHEVILLY,48.03721035,1.855290929,3000,12960,France,Centre — Val de Loire,FRB0,FR,2160
CLERY-SAINT-ANDRE,47.81430494,1.768270556,6000,25920,France,Centre — Val de Loire,FRB0,FR,4320
COULLONS,47.62637493,2.494067032,2300,9936,France,Centre — Val de Loire,FRB0,FR,1656
SANDILLON,47.83964335,2.068947443,8800,38016,France,Centre — Val de Loire,FRB0,FR,6336
FAY-AUX-LOGES,47.90945581,2.174332807,6000,25920,France,Centre — Val de Loire,FRB0,FR,4320
LAFERTE-SAINT-AUBIN,47.72496221,1.927943154,9000,38880,France,Centre — Val de Loire,FRB0,FR,6480
GIEN,47.69286164,2.60785997,35000,151200,France,Centre — Val de Loire,FRB0,FR,25200
JARGEAU,47.84341503,2.069001708,5620,24278.4,France,Centre — Val de Loire,FRB0,FR,4046.4
LAILLY-EN-VAL,47.76873239,1.683164801,4000,17280,France,Centre — Val de Loire,FRB0,FR,2880
MEUNG-SUR-LOIRE,47.82156296,1.707517941,10000,43200,France,Centre — Val de Loire,FRB0,FR,7200
ORLEANS LA CHAPELLE-SAINT-MESMIN,47.87391395,1.812320935,350000,1512000,France,Centre — Val de Loire,FRB0,FR,252000
PATAY 2,48.03815471,1.679041787,3000,12960,France,Centre — Val de Loire,FRB0,FR,2160
SAINT-AY,47.85399706,1.733355571,4800,20736,France,Centre — Val de Loire,FRB0,FR,3456
ST DENIS DE L'HÔTEL,47.87932527,2.108187994,5500,23760,France,Centre — Val de Loire,FRB0,FR,3960
SULLY-SUR-LOIRE,47.76132207,2.351021093,9850,42552,France,Centre — Val de Loire,FRB0,FR,7092
TRAINOU,47.96745142,2.101894918,3000,12960,France,Centre — Val de Loire,FRB0,FR,2160
VENNECY2,47.95929295,2.052027563,2100,9072,France,Centre — Val de Loire,FRB0,FR,1512
LANGOGNE,44.74300618,3.839332058,16666,71997.12,France,Languedoc-Roussillon,FRJ1,FR,11999.52
ANGERS LA BAUMETTE,47.45555805,-0.5749510219,285000,1231200,France,Pays de la Loire,FRG0,FR,205200
BAUGE,47.53777692,-0.1078882263,9500,41040,France,Pays de la Loire,FRG0,FR,6840
BEAUFORT EN VALLÉE,47.43784373,-0.2270114507,6183,26710.56,France,Pays de la Loire,FRG0,FR,4451.76
BEAULIEU-SUR-LAYON,47.30805786,-0.5922604129,1083,4678.56,France,Pays de la Loire,FRG0,FR,779.76
BEAUPREAU,47.19589875,-0.9992563719,8833,38158.56,France,Pays de la Loire,FRG0,FR,6359.76
BRAIN-SUR-L'AUTHION,47.44080351,-0.4186116727,4080,17625.6,France,Pays de la Loire,FRG0,FR,2937.6
BRISSAC,47.35702573,-0.4393137297,3500,15120,France,Pays de la Loire,FRG0,FR,2520
CANDE,47.55986236,-1.044912771,5000,21600,France,Pays de la Loire,FRG0,FR,3600
CANTENAY-EPINARD,47.52860288,-0.5583778198,2500,10800,France,Pays de la Loire,FRG0,FR,1800
CHACE,47.20816537,-0.08043081072,16083,69478.56,France,Pays de la Loire,FRG0,FR,11579.76
CHALONNES-SUR-LOIRE NOUVELLE,47.34322572,-0.7647525602,8000,34560,France,Pays de la Loire,FRG0,FR,5760
CHAMP-SUR-LAYON,47.26527164,-0.5688655873,1800,7776,France,Pays de la Loire,FRG0,FR,1296
CHÂTEAUNEUF-SUR-SARTHE 2,47.6724828,-0.4961904853,4200,18144,France,Pays de la Loire,FRG0,FR,3024
CHEMILLE,47.22514528,-0.7205621075,8000,34560,France,Pays de la Loire,FRG0,FR,5760
CHOLET-LES CINQ PONTS,47.05272223,-0.9169118476,149000,643680,France,Pays de la Loire,FRG0,FR,107280
COMBREE BEL AIR,47.70595681,-0.9978619659,2100,9072,France,Pays de la Loire,FRG0,FR,1512
CORNE,47.46337465,-0.3495032561,2600,11232,France,Pays de la Loire,FRG0,FR,1872
DOUE LA FONTAINE,47.21054734,-0.2947321539,8600,37152,France,Pays de la Loire,FRG0,FR,6192
DURTAL,47.66541096,-0.2467468392,3167,13681.44,France,Pays de la Loire,FRG0,FR,2280.24
GENNES,47.34648782,-0.2399148185,3700,15984,France,Pays de la Loire,FRG0,FR,2664
GESTE,47.18368237,-1.111718346,2200,9504,France,Pays de la Loire,FRG0,FR,1584
JALLAIS,47.1927098,-0.8660147797,3100,13392,France,Pays de la Loire,FRG0,FR,2232
LA JUBAUDIERE,47.17902966,-0.8815565249,1800,7776,France,Pays de la Loire,FRG0,FR,1296
LE LION-D'ANGERS,47.62365661,-0.7062355438,7000,30240,France,Pays de la Loire,FRG0,FR,5040
LONGERON,47.01415237,-1.075310295,2550,11016,France,Pays de la Loire,FRG0,FR,1836
LONGUE-JUMELLES,47.37684378,-0.1247126671,5000,21600,France,Pays de la Loire,FRG0,FR,3600
LE LOUROUX BECONNAIS NOUVELLE,47.5206044,-0.8983791531,3000,12960,France,Pays de la Loire,FRG0,FR,2160
MAULÉVRIER - CHEMIN DES GATS,47.00584477,-0.7432610089,2500,10800,France,Pays de la Loire,FRG0,FR,1800
MAY-SUR-EVRE,47.14203834,-0.8839358578,4217,18217.44,France,Pays de la Loire,FRG0,FR,3036.24
MAZE,47.4505955,-0.2592057052,3100,13392,France,Pays de la Loire,FRG0,FR,2232
LA MENITRE,47.41234838,-0.2544365307,2100,9072,France,Pays de la Loire,FRG0,FR,1512
MESNIL EN VALLÉE,47.37183681,-0.9395812525,2500,10800,France,Pays de la Loire,FRG0,FR,1800
MONTIGNE-SUR-MOINE PONT DE MOINE,47.09350041,-1.131765915,3783,16342.56,France,Pays de la Loire,FRG0,FR,2723.76
MONTREUIL-BELLAY DURANDIÈRE,47.13927938,-0.1426448481,7500,32400,France,Pays de la Loire,FRG0,FR,5400
MURS-ERIGNÉ,47.40282239,-0.5165502391,6500,28080,France,Pays de la Loire,FRG0,FR,4680
PELLOUAILLES-LES-VIGNES,47.5289059,-0.4311243934,3200,13824,France,Pays de la Loire,FRG0,FR,2304
POSSONIERE,47.37104517,-0.6898297573,2500,10800,France,Pays de la Loire,FRG0,FR,1800
POUANCE,47.73415818,-1.17599136,3600,15552,France,Pays de la Loire,FRG0,FR,2592
SAINT ANDRÉ DE LA MARCHE,47.09402862,-0.9960508277,4000,17280,France,Pays de la Loire,FRG0,FR,2880
SAINT-FLORENT-LE-VIEIL,47.35028848,-0.9956782093,6500,28080,France,Pays de la Loire,FRG0,FR,4680
SAINT-GEORGES-SUR-LOIRE LES CERISES,47.40530627,-0.7740936944,4000,17280,France,Pays de la Loire,FRG0,FR,2880
SAINT-LAMBERT-DU-LATTAY NOUVELLE,47.29922284,-0.6239529844,2200,9504,France,Pays de la Loire,FRG0,FR,1584
SAINT LAMBERT LA POTHERIE,47.48654543,-0.6822432764,4600,19872,France,Pays de la Loire,FRG0,FR,3312
SAINT-LEGER-SOUS-CHOLET,47.10580755,-0.9065132827,3533,15262.56,France,Pays de la Loire,FRG0,FR,2543.76
SAINT MACAIRE EN MAUGE,47.13141455,-0.9985877967,9000,38880,France,Pays de la Loire,FRG0,FR,6480
SAINT-PIERRE-MONTLIMART JOUSSELIN,47.26515413,-1.0462859,2283,9862.56,France,Pays de la Loire,FRG0,FR,1643.76
SAINT-SYLVAIN-D'ANJOU,47.51139804,-0.4806690567,6300,27216,France,Pays de la Loire,FRG0,FR,4536
SAUMUR,47.2886177,-0.06690569711,62000,267840,France,Pays de la Loire,FRG0,FR,44640
SEGRE,47.6872553,-0.8546804395,14000,60480,France,Pays de la Loire,FRG0,FR,10080
SEICHES-SUR-LE-LOIR,47.57422012,-0.3632721671,3000,12960,France,Pays de la Loire,FRG0,FR,2160
TIERCE,47.61961972,-0.4721378069,4750,20520,France,Pays de la Loire,FRG0,FR,3420
TORFOU LE BOURG,47.03571717,-1.128565737,2700,11664,France,Pays de la Loire,FRG0,FR,1944
TREMENTINES,47.1199788,-0.7754632942,4000,17280,France,Pays de la Loire,FRG0,FR,2880
TURQUANT,47.22855726,0.02063690469,8000,34560,France,Pays de la Loire,FRG0,FR,5760
VERN D'ANJOU,47.61194924,-0.8449883223,2200,9504,France,Pays de la Loire,FRG0,FR,1584
VIHIERS,47.15064764,-0.5383989617,4100,17712,France,Pays de la Loire,FRG0,FR,2952
VILLEDIEU-LA-BLOUERE,47.15809316,-1.050526712,2600,11232,France,Pays de la Loire,FRG0,FR,1872
LAVAL-,48.04942565,-0.7653495149,190333,822238.56,France,Pays de la Loire,FRG0,FR,137039.76
ALLAIRE - LE COUTURIER,47.62657127,-2.175060646,3250,14040,France,Bretagne,FRH0,FR,2340
ARRADON PRAT CADIC,47.62744154,-2.836961445,7000,30240,France,Bretagne,FRH0,FR,5040
ARZAL KEROUX,47.51259389,-2.381948655,5500,23760,France,Bretagne,FRH0,FR,3960
AURAY LANN PONT HOUAR,47.65562342,-2.995808063,40000,172800,France,Bretagne,FRH0,FR,28800
BAUD QUINIPILY,47.86667066,-3.022874247,11900,51408,France,Bretagne,FRH0,FR,8568
BEIGNON LA TANNERIE,47.96917814,-2.178552806,4500,19440,France,Bretagne,FRH0,FR,3240
BIGNAN DERRIÈRE S.A. LANVAUX,47.88026233,-2.780131194,11300,48816,France,Bretagne,FRH0,FR,8136
BILLIERS ZA DE GUÉHA,47.52703091,-2.477093045,3500,15120,France,Bretagne,FRH0,FR,2520
CAMOEL-FEREL VC5,47.48382033,-2.40045382,6200,26784,France,Pays de la Loire,FRG0,FR,4464
CARENTOIR LE MOULIN ROUAUD,47.81159092,-2.138564317,4690,20260.8,France,Bretagne,FRH0,FR,3376.8
CARNAC KERGOUELLEC,47.58053483,-3.062974359,60000,259200,France,Bretagne,FRH0,FR,43200
CAUDAN,47.80431282,-3.343676405,5400,23328,France,Bretagne,FRH0,FR,3888
CLEGUEREC PONT SAINT-JEAN,48.11675516,-3.050497887,3100,13392,France,Bretagne,FRH0,FR,2232
DAMGAN - ZA DE LA LANDE,47.53298013,-2.563416199,25000,108000,France,Bretagne,FRH0,FR,18000
ELVEN  KERLORÉ,47.74686144,-2.583079341,9350,40392,France,Bretagne,FRH0,FR,6732
LE FAOUET STÉROULIN,48.02719444,-3.476207278,23500,101520,France,Bretagne,FRH0,FR,16920
LA GACILLY LE BOUT DU PONT,47.75738848,-2.132108792,21000,90720,France,Bretagne,FRH0,FR,15120
GAVRES,47.69780333,-3.31881571,3320,14342.4,France,Bretagne,FRH0,FR,2390.4
GOURIN GUIRZOUT,48.15411546,-3.592989329,4700,20304,France,Bretagne,FRH0,FR,3384
GRAND-CHAMP KERMEHEN,47.7670133,-2.850966728,7500,32400,France,Bretagne,FRH0,FR,5400
GUEMENE-SUR-SCORFF KERVEGANT,48.06592832,-3.213469136,1883,8134.56,France,Bretagne,FRH0,FR,1355.76
GUER ROUTE DE CARENTOIR,47.89081356,-2.121258837,6000,25920,France,Bretagne,FRH0,FR,4320
GUIDEL KERGROISE,47.7825828,-3.494085133,18000,77760,France,Bretagne,FRH0,FR,12960
HENNEBONT LA BECQUERIE,47.79129463,-3.28209494,26000,112320,France,Bretagne,FRH0,FR,18720
JOSSELIN RIVE DROITE DU CANAL,47.94292292,-2.54058196,15667,67681.44,France,Bretagne,FRH0,FR,11280.24
KERVIGNAC ROUTE DE LOCMARIA,47.75915983,-3.229154807,4800,20736,France,Bretagne,FRH0,FR,3456
LANDEVANT,47.75760086,-3.128184063,7600,32832,France,Bretagne,FRH0,FR,5472
LANESTER ZI DE KERPONT,47.7772127,-3.330741178,55000,237600,France,Bretagne,FRH0,FR,39600
LANGONNET PONT MAHÉ,48.10007529,-3.492456637,3000,12960,France,Bretagne,FRH0,FR,2160
LARMOR-BADEN LA SALINE,47.59812208,-2.901727826,5000,21600,France,Bretagne,FRH0,FR,3600
LAUZACH KERUDO,47.61137759,-2.554904617,6000,25920,France,Bretagne,FRH0,FR,4320
LOCMARIA-GRAND-CHAMP COLLEC,47.7596928,-2.77677506,6000,25920,France,Bretagne,FRH0,FR,4320
LOCMINE KERSORN,47.8770678,-2.845430077,90000,388800,France,Bretagne,FRH0,FR,64800
LOCOAL-MENDON,47.71748595,-3.0974085,4400,19008,France,Bretagne,FRH0,FR,3168
LORIENT KÉROLAY,47.73230399,-3.382932402,166667,720001.44,France,Bretagne,FRH0,FR,120000.24
MARZAN BEAU SOLEIL,47.54245215,-2.321028629,7325,31644,France,Bretagne,FRH0,FR,5274
MAURON LA PLANCHETTE - VALLÉE DU DOUEFF,48.07027389,-2.292446391,4700,20304,France,Bretagne,FRH0,FR,3384
MERLEVENEZ,47.73978112,-3.220579654,4400,19008,France,Bretagne,FRH0,FR,3168
MISSIRIAC LA FEUILLARDAYE,47.80812721,-2.343826754,47200,203904,France,Bretagne,FRH0,FR,33984
MONTERBLANC KERBLOQUIN,47.7562632,-2.677319809,5000,21600,France,Bretagne,FRH0,FR,3600
MUZILLAC LE BOREC,47.55182017,-2.4695476,7200,31104,France,Bretagne,FRH0,FR,5184
NIVILLAC BAS DU BOURG,47.52933538,-2.283369982,3583,15478.56,France,Pays de la Loire,FRG0,FR,2579.76
PENESTIN KERMOURAUD,47.48070379,-2.444460445,12000,51840,France,Bretagne,FRH0,FR,8640
PLESCOP LE MOUSTOIR,47.68532237,-2.804201156,6000,25920,France,Bretagne,FRH0,FR,4320
PLEUCADEUC VIEILLE VILLE,47.77036368,-2.371636883,52000,224640,France,Bretagne,FRH0,FR,37440
PLOEMEL PONT LAURENCE,47.65255086,-3.059630539,6300,27216,France,Bretagne,FRH0,FR,4536
PLOEMEUR KERVERNOIS,47.70859086,-3.456335117,28333,122398.56,France,Bretagne,FRH0,FR,20399.76
PLOEREN  LES DEUX MOULINS,47.66046438,-2.872070518,5000,21600,France,Bretagne,FRH0,FR,3600
PLOUAY  PONT AN DAUL,47.90068841,-3.341680836,12300,53136,France,Bretagne,FRH0,FR,8856
PLOUHARNEL KERNEVÉ,47.62268894,-3.118367502,28500,123120,France,Bretagne,FRH0,FR,20520
PLUMELEC LE CLOS SEIGNA,47.83360843,-2.628451538,2500,10800,France,Bretagne,FRH0,FR,1800
PLUVIGNER PRAD ER HOUET,47.75538177,-3.015040264,5000,21600,France,Bretagne,FRH0,FR,3600
PONTIVY SIGNAN,48.03336482,-2.969111433,91700,396144,France,Bretagne,FRH0,FR,66024
QUESTEMBERT LE MAGUÉRO,47.67282575,-2.452348303,7000,30240,France,Bretagne,FRH0,FR,5040
QUEVEN LE RADENEC,47.78234194,-3.390474029,30000,129600,France,Bretagne,FRH0,FR,21600
REGUINY PRÈS DE L'ETANG,47.96996766,-2.750906372,2850,12312,France,Bretagne,FRH0,FR,2052
RIANTEC,47.72908252,-3.314958717,18000,77760,France,Bretagne,FRH0,FR,12960
ROCHEFORT EN TERRE GUEUZON,47.70681413,-2.33568451,3100,13392,France,Bretagne,FRH0,FR,2232
SAINT- AVE BEAUREGARD,47.68945043,-2.727569596,7000,30240,France,Bretagne,FRH0,FR,5040
SAINT-JEAN-BREVELAY ROUTE DE BIGNAN,47.85012414,-2.729041076,33300,143856,France,Bretagne,FRH0,FR,23976
SAINT-JEAN-LA-POTERIE - REDON,47.63573939,-2.106822497,24500,105840,France,Bretagne,FRH0,FR,17640
SAINT-PHILIBERT KERRAN,47.59925535,-2.98182037,21500,92880,France,Bretagne,FRH0,FR,15480
SARZEAU KERGORANGE,47.51563953,-2.762135402,30000,129600,France,Bretagne,FRH0,France,21600
SERENT LE RIDOLET,47.80933592,-2.499616844,63300,273456,France,Bretagne,FRH0,FR,45576
VANNES TOHANNIC,47.64204191,-2.743584528,60000,259200,France,Bretagne,FRH0,FR,43200
VANNES LE PRAT,47.65095328,-2.708204177,35000,151200,France,Bretagne,FRH0,FR,25200
LA VRAIE CROIX,47.68702611,-2.538051,20000,86400,France,Bretagne,FRH0,FR,14400
LE BONO MANÉLIO,47.63863203,-2.934275261,7000,30240,France,Bretagne,FRH0,FR,5040
FOURCHAMBAULT_INTER-COMMUNALE,47.03499935,3.075838929,15000,64800,France,Bourgogne,FRC1,FR,10800
LUZY_VILLE,46.79251134,3.966340355,4417,19081.44,France,Bourgogne,FRC1,FR,3180.24
LA MACHINE_BOURG,46.892392,3.450579885,5000,21600,France,Bourgogne,FRC1,FR,3600
MAGNY-COURS LAGUNAGE,46.87215601,3.146810384,6500,28080,France,Bourgogne,FRC1,FR,4680
NEVERS_ROUTE DES SAULAIES,46.96831056,3.127645241,83333,359998.56,France,Bourgogne,FRC1,FR,59999.76
POUGUES-LES-EAUX_BOURG,47.07775757,3.086007499,3000,12960,France,Bourgogne,FRC1,FR,2160
SAINT-LEGER-DES-VIGNES,46.83954512,3.43018267,2500,10800,France,Bourgogne,FRC1,FR,1800
SAINT-PIERRE-LE-MOUTIER_VILLE,46.79179209,3.110632856,2917,12601.44,France,Bourgogne,FRC1,FR,2100.24
ALENCON SAINT-PATERNE,48.41958911,0.1283467156,75000,324000,France,Basse-Normandie,FRD1,FR,54000
BAGNOLES-DE-L'ORNE,48.54132942,-0.4150314013,9000,38880,France,Basse-Normandie,FRD1,FR,6480
SAINT-MARTIN-DU-VIEUX-BELLEME 2007,48.37264539,0.5467428056,9000,38880,France,Basse-Normandie,FRD1,FR,6480
LA FERRIERE-AUX-ETANGS,48.64694883,-0.5381694237,2400,10368,France,Basse-Normandie,FRD1,FR,1728
LA FERTE-MACE,48.57620348,-0.3606033454,11500,49680,France,Basse-Normandie,FRD1,FR,8280
SAINT-LEGER-SUR-SARTHE,48.51079866,0.3406246717,2500,10800,France,Basse-Normandie,FRD1,FR,1800
MESSEI,48.7054181,-0.533329143,2500,10800,France,Basse-Normandie,FRD1,FR,1800
MORTAGNE-AU-PERCHE SAINT-LANGIS-LES-MORTAGNE,48.5022437,0.5444337716,12000,51840,France,Basse-Normandie,FRD1,FR,8640
LE THEIL 2011,48.2553427,0.6987379451,3500,15120,France,Basse-Normandie,FRD1,FR,2520
AIGUEPERSE,46.01884494,3.218583411,7200,31104,France,Auvergne,FRK1,FR,5184
AMBERT,45.55708221,3.737386443,8100,34992,France,Auvergne,FRK1,FR,5832
BESSE-ET-SAINT-ANASTAISE,45.52130836,2.946788727,20100,86832,France,Auvergne,FRK1,FR,14472
BILLOM BOURG,45.73833452,3.337908437,5000,21600,France,Auvergne,FRK1,FR,3600
LA BOURBOULE,45.59389306,2.71652272,30000,129600,France,Auvergne,FRK1,FR,21600
BRASSAC-LES-MINES,45.42011662,3.333686002,8900,38448,France,Auvergne,FRK1,FR,6408
LE BREUIL-SUR-COUZE - SIA COUZE D'ARDES,45.48001704,3.25806376,4000,17280,France,Auvergne,FRK1,FR,2880
MARTRES-SUR-MORGE,45.93948556,3.208330202,16500,71280,France,Auvergne,FRK1,FR,11880
CHAPPES BOURG,45.87334979,3.228706731,2300,9936,France,Auvergne,FRK1,FR,1656
CLERMONT-FERRAND,45.7999454,3.151478769,542000,2341440,France,Auvergne,FRK1,FR,390240
COMBRONDE BOURG,45.98806294,3.108397251,4500,19440,France,Auvergne,FRK1,FR,3240
COUDES (SIVU CCMNP),45.62288898,3.21408255,5100,22032,France,Auvergne,FRK1,FR,3672
COURNON D'AUVERGNE,45.72343641,3.204867944,51067,220609.44,France,Auvergne,FRK1,FR,36768.24
COURPIERE BOURG,45.76989498,3.539824794,5833,25198.56,France,Auvergne,FRK1,FR,4199.76
ENNEZAT BOURG,45.88979906,3.225615608,3600,15552,France,Auvergne,FRK1,FR,2592
ISSOIRE ZAC DES LISTES,45.55418734,3.262689776,34000,146880,France,Auvergne,FRK1,FR,24480
LEZOUX,45.82925362,3.368053194,9000,38880,France,Auvergne,FRK1,FR,6480
MARINGUES - LE BOURG,45.92084918,3.337401818,3800,16416,France,Auvergne,FRK1,FR,2736
PONT-DU-CHATEAU,45.81166273,3.270829662,30000,129600,France,Auvergne,FRK1,FR,21600
PUY-GUILLAUME BOURG,45.96407356,3.471004387,3200,13824,France,Auvergne,FRK1,FR,2304
RIOM,45.90021236,3.132304526,71500,308880,France,Auvergne,FRK1,FR,51480
SAINT-ELOY-LES-MINES BOURG,46.17825685,2.859882162,4700,20304,France,Auvergne,FRK1,FR,3384
SAINT-REMY-SUR-DUROLLE - LES MARTINETS,45.87089169,3.589438686,5000,21600,France,Auvergne,FRK1,FR,3600
LA SAUVETAT BOURG,45.63971508,3.174635087,4000,17280,France,Auvergne,FRK1,FR,2880
THIERS BOURG,45.8457019,3.506356079,20000,86400,France,Auvergne,FRK1,FR,14400
MUROL SAINT-NECTAIRE,45.57253727,3.023963345,9870,42638.4,France,Auvergne,FRK1,FR,7106.4
MARTRES-DE-VEYRE,45.69810448,3.200520597,32600,140832,France,Auvergne,FRK1,FR,23472
AUTUN,46.9483701,4.27636541,50000,216000,France,Bourgogne,FRC1,FR,36000
BLANZY,46.69126345,4.383150633,20000,86400,France,Bourgogne,FRC1,FR,14400
BOURBON-LANCY LES FORGES,46.61995268,3.735951994,6000,25920,France,Auvergne,FRK1,FR,4320
CHAROLLES,46.42490814,4.269206796,5333,23038.56,France,Bourgogne,FRC1,FR,3839.76
CHAUFFAILLES,46.20549294,4.320240333,5000,21600,France,Rhône-Alpes,FRK2,FR,3600
CLAYETTE (LA),46.27640697,4.29670157,9600,41472,France,Bourgogne,FRC1,FR,6912
ETANG-SUR-ARROUX,46.85630111,4.19013094,3000,12960,France,Bourgogne,FRC1,FR,2160
GUEUGNON,46.58684557,4.056574911,9900,42768,France,Bourgogne,FRC1,FR,7128
MARCIGNY,46.27697261,4.032736814,3433,14830.56,France,Bourgogne,FRC1,FR,2471.76
MONTCEAU LES MINES,46.66984069,4.353589002,33000,142560,France,Bourgogne,FRC1,FR,23760
PARAY-LE-MONIAL,46.45867341,4.102346456,19417,83881.44,France,Bourgogne,FRC1,FR,13980.24
SAINT-SERNIN-DU-BOIS CHEVROCHES,46.82390506,4.409022731,2500,10800,France,Bourgogne,FRC1,FR,1800
TORCY (LE CREUSOT),46.75652088,4.451457408,60000,259200,France,Bourgogne,FRC1,FR,43200
TOULON-SUR-ARROUX,46.69159136,4.132225081,2500,10800,France,Bourgogne,FRC1,FR,1800
LA BAZOGE - ROUTE DE LA GUIERCHE,48.10193213,0.1608207781,4200,18144,France,Pays de la Loire,FRG0,FR,3024
SIVOM DU HAUT MAINE 'LES OUZERAS',48.22188774,0.1468185539,5000,21600,France,Pays de la Loire,FRG0,FR,3600
BESSE-SUR-BRAYE - ROUTE DE LA CHARTRE,47.81738814,0.7338445403,3500,15120,France,Centre — Val de Loire,FRB0,FR,2520
BONNETABLE - VILLE,48.18010439,0.4162747438,6000,25920,France,Pays de la Loire,FRG0,FR,4320
BRETTE LES PINS - RUE DES PRIMEVÈRES,47.91522979,0.3216015937,2233,9646.56,France,Pays de la Loire,FRG0,FR,1607.76
BRULON - LES PRÉS NUITS,47.97039775,-0.2292701462,2500,10800,France,Pays de la Loire,FRG0,FR,1800
CERANS FOULLETOURTE,47.82954881,0.06587631952,3000,12960,France,Pays de la Loire,FRG0,FR,2160
LMM-CHAMPAGNE- LE GUERIBAS,48.02729008,0.3346851455,2666,11517.12,France,Pays de la Loire,FRG0,FR,1919.52
CHANGE - ROUTE D'YVRÉ,47.99339536,0.2884733352,5333,23038.56,France,Pays de la Loire,FRG0,FR,3839.76
SINESTEP RUILLE-LA CHARTRE,47.74085934,0.6171471592,4600,19872,France,Pays de la Loire,FRG0,FR,3312
MONTVAL(CHATEAU-DU-LOIR - RUE DE LA VIEILLE GARE),47.68232061,0.4203495719,8000,34560,France,Pays de la Loire,FRG0,FR,5760
SAEPA CONNERRE,48.06380741,0.4822486183,31900,137808,France,Pays de la Loire,FRG0,FR,22968
ECOMMOY - LA POCHERIE,47.81692093,0.2712020557,5000,21600,France,Pays de la Loire,FRG0,FR,3600
LMM-SAINT-GEORGES-DU-BOIS - ETIVAL-LES-LEMANS,47.95964118,0.09714235786,4000,17280,France,Pays de la Loire,FRG0,FR,2880
LA FERTE BERNARD - CHERRE-AU,48.16095523,0.6311748658,20000,86400,France,Pays de la Loire,FRG0,FR,14400
SYNDICAT DE LA BELLE ETOILE-FRESNAY-SUR-SARTHE,48.28532151,0.04579462991,4584,19802.88,France,Pays de la Loire,FRG0,FR,3300.48
LE GRAND LUCE - ROUTE DE VILLAINES,47.86311079,0.4784748022,3000,12960,France,Pays de la Loire,FRG0,FR,2160
GUECELARD - LA BEUNÈCHE,47.8690819,0.1110734776,3500,15120,France,Pays de la Loire,FRG0,FR,2520
LA FLECHE - LE PRÉ NEUF,47.69182263,-0.08685471755,26667,115201.44,France,Pays de la Loire,FRG0,FR,19200.24
LAIGNE-EN-BELIN - ST GERVAIS,47.87159076,0.2205042106,3000,12960,France,Pays de la Loire,FRG0,FR,2160
LOUE - LA TOUZELIÈRE,47.99140278,-0.1572653096,3500,15120,France,Pays de la Loire,FRG0,FR,2520
LE LUDE - LES SABLONNETS COMMUNE,47.65661774,0.1583112501,6000,25920,France,Pays de la Loire,FRG0,FR,4320
MAMERS - ST REMY DES MONTS,48.33856569,0.3738085139,7500,32400,France,Pays de la Loire,FRG0,FR,5400
LMM_LE MANS - LA CHAUVINIÈRE,47.98209188,0.1702864985,365000,1576800,France,Pays de la Loire,FRG0,FR,262800
MAROLLES-LES-BRAULTS - LA GRANDE PIÈCE DES HACHES,48.2324694,0.3187369439,2600,11232,France,Pays de la Loire,FRG0,FR,1872
MAYET - LE MOULIN DE LA ROCHE,47.7538418,0.2564073242,3000,12960,France,Pays de la Loire,FRG0,FR,2160
MONCE-EN-BELIN - RD 212 BIS,47.89951644,0.1887502379,3200,13824,France,Pays de la Loire,FRG0,FR,2304
LMM - MULSANNE - ROUTE DE TELOCHE,47.90725106,0.2533786871,5600,24192,France,Pays de la Loire,FRG0,FR,4032
NEUVILLE-SUR-SARTHE - LA TOUCHE,48.06918104,0.2013641475,2850,12312,France,Pays de la Loire,FRG0,FR,2052
PARCE-SUR-SARTHE,47.85025773,-0.1978257112,2500,10800,France,Pays de la Loire,FRG0,FR,1800
PARIGNE-L'EVEQUE - CHEMIN RURAL 71,47.94092125,0.3642465376,3500,15120,France,Pays de la Loire,FRG0,FR,2520
MONTFORT-LE-GESNOIS - L'HOSPICE,48.04529888,0.4121942812,4000,17280,France,Pays de la Loire,FRG0,FR,2880
PRECIGNE - LE PLESSIS,47.76747481,-0.3354691065,2500,10800,France,Pays de la Loire,FRG0,FR,1800
LMM-RUAUDIN - LES QUEUTES,47.94805582,0.2439066727,7500,32400,France,Pays de la Loire,FRG0,FR,5400
SABLE-SUR-SARTHE - LA BOUVERIE,47.82444812,-0.3406632983,20000,86400,France,Pays de la Loire,FRG0,FR,14400
SAINT-CALAIS - RTE DE BESSÉ/BRAYE,47.9057094,0.7429953326,4000,17280,France,Centre — Val de Loire,FRB0,FR,2880
SAINTE-JAMME-SUR-SARTHE - MONTBIZOT,48.14224855,0.177138699,4200,18144,France,Pays de la Loire,FRG0,FR,3024
LMM_SAINT-SATURNIN - LA MILESSE - AIGNE,48.05054664,0.1830644302,8200,35424,France,Pays de la Loire,FRG0,FR,5904
SAVIGNE-L'EVEQUE - MORTRIE,48.07123471,0.2966015374,3500,15120,France,Pays de la Loire,FRG0,FR,2520
SILLE-LE-GUILLAUME - LAGUNE EXTENSIF,48.17613754,-0.1313019621,4000,17280,France,Pays de la Loire,FRG0,FR,2880
SPAY - RTE DE FILLÉ,47.9192121,0.1514284126,3500,15120,France,Pays de la Loire,FRG0,FR,2520
CDC_VAL_DE_SARTHE-LA-SUZE - ROEZE,47.9008637,0.01393373339,8000,34560,France,Pays de la Loire,FRG0,FR,5760
TELOCHE,47.88769516,0.264311077,2400,10368,France,Pays de la Loire,FRG0,FR,1728
VIBRAYE - RTE DE ST CALAIS,48.05460615,0.7395999666,3500,15120,France,Pays de la Loire,FRG0,FR,2520
AIFFRES CHAILLE,46.28652761,-0.4280030451,8800,38016,France,Poitou-Charentes,FRI3,FR,6336
AIRVAULT LE PRE NEUF,46.82328823,-0.1459208205,4600,19872,France,Poitou-Charentes,FRI3,FR,3312
ARCAIS LE VENDIER,46.29504356,-0.6784325761,2500,10800,France,Poitou-Charentes,FRI3,FR,1800
NUEIL LES AUBIERS,46.94115534,-0.5790040108,5850,25272,France,Poitou-Charentes,FRI3,FR,4212
"LA CRECHE """"BRELOUX""""",46.36303842,-0.3091388558,6600,28512,France,Poitou-Charentes,FRI3,FR,4752
BRESSUIRE RHEAS,46.85361705,-0.4980022039,60000,259200,France,Poitou-Charentes,FRI3,FR,43200
CELLES SUR BELLE PAPON,46.25753279,-0.2117716576,2500,10800,France,Poitou-Charentes,FRI3,FR,1800
CERIZAY LA RIVIERE,46.81997239,-0.6956177227,9033,39022.56,France,Poitou-Charentes,FRI3,FR,6503.76
MAULEON LA TOUCHE SALBOEUF,46.9309171,-0.7653095071,4500,19440,France,Poitou-Charentes,FRI3,FR,3240
COULON - LE PREE,46.32165623,-0.5908128249,1660,7171.2,France,Poitou-Charentes,FRI3,FR,1195.2
COULONGES-SUR-L'AUTIZE,46.47815838,-0.6113383413,3000,12960,France,Poitou-Charentes,FRI3,FR,2160
FRONTENAY-ROHAN-ROHAN,46.2578957,-0.5397433374,5734,24770.88,France,Poitou-Charentes,FRI3,FR,4128.48
MAGNE BOURG,46.32289522,-0.5446414658,3600,15552,France,Poitou-Charentes,FRI3,FR,2592
MAUZE SUR LE MIGNON LES BRANDES,46.19871499,-0.6839608735,3500,15120,France,Poitou-Charentes,FRI3,FR,2520
MONCOUTANT  BOIS NEUF,46.72521916,-0.6055113119,3500,15120,France,Poitou-Charentes,FRI3,FR,2520
AIGONDIGNE,46.28366167,-0.2752586102,3300,14256,France,Poitou-Charentes,FRI3,FR,2376
NIORT GOILARD,46.31240044,-0.5165276007,80000,345600,France,Poitou-Charentes,FRI3,FR,57600
PARTHENAY POMPAIRAIN,46.65677673,-0.2411012263,42500,183600,France,Poitou-Charentes,FRI3,FR,30600
PRAHECQ,46.25493421,-0.3530678557,3500,15120,France,Poitou-Charentes,FRI3,FR,2520
SAINT-GELAIS PELLE CHAT,46.39235822,-0.3791565427,24000,103680,France,Poitou-Charentes,FRI3,FR,17280
NANTEUIL CHARNAY,46.4125774,-0.1831741661,17000,73440,France,Poitou-Charentes,FRI3,FR,12240
SAINT-MAXIRE,46.38975594,-0.4765305518,2800,12096,France,Poitou-Charentes,FRI3,FR,2016
SAINT-SYMPHORIEN LES PIERRAILLEUSES,46.25128923,-0.4709851848,2500,10800,France,Poitou-Charentes,FRI3,FR,1800
SAINT-VARENT LE RUISSEAU,46.89401583,-0.2166531883,2500,10800,France,Poitou-Charentes,FRI3,FR,1800
SECONDIGNY LES EFFRES,46.60230307,-0.4082832745,2000,8640,France,Poitou-Charentes,FRI3,FR,1440
THOUARS SAINTE-VERGE,47.00120249,-0.2449434589,35000,151200,France,Poitou-Charentes,FRI3,FR,25200
AIZENAY - ROUTE DE LA GENÈTE,46.73660441,-1.620905323,8000,34560,France,Pays de la Loire,FRG0,FR,5760
ANGLES - ROUTE DE LA TRANCHE SUR MER,46.39860964,-1.398000101,4500,19440,France,Pays de la Loire,FRG0,FR,3240
APREMONT - MOULIN DE GOURGEAU,46.74975473,-1.753830347,2500,10800,France,Pays de la Loire,FRG0,FR,1800
AUBIGNY - LA TOURNERIE,46.60046667,-1.44593961,3000,12960,France,Pays de la Loire,FRG0,FR,2160
AVRILLE - ROUTE DE L'ERAUDIÈRE,46.46321758,-1.491832373,2500,10800,France,Pays de la Loire,FRG0,FR,1800
BEAULIEU-SOUS-LA-ROCHE - LA GUISSIÈRE,46.67470795,-1.62950082,2000,8640,France,Pays de la Loire,FRG0,FR,1440
BEAUVOIR-SUR-MER ROUTE DE LA BARRE,46.90391039,-2.050877322,8000,34560,France,Pays de la Loire,FRG0,FR,5760
BENET ROUTE DU MAZEAU,46.35618338,-0.6072595227,3500,15120,France,Poitou-Charentes,FRI3,FR,2520
BOIS-DE-CENE LA MOTTE,46.93909876,-1.896069952,2100,9072,France,Pays de la Loire,FRG0,FR,1512
BOISSIERE-DES-LANDES (LA) - BOURG,46.56916475,-1.457478287,2000,8640,France,Pays de la Loire,FRG0,FR,1440
BOUPERE (LE) RTE DE POUZAUGES,46.78873258,-0.9146302319,2200,9504,France,Pays de la Loire,FRG0,FR,1584
BOURNEZEAU- ROUTE DE MAREUIL,46.63140076,-1.169786041,3000,12960,France,Pays de la Loire,FRG0,FR,2160
BREM BRETIGNOLLES LE BRANDEAU,46.62634408,-1.823939712,37650,162648,France,Pays de la Loire,FRG0,FR,27108
BRUFFIERE - LE PONT BRELAND,47.02096624,-1.182662982,4000,17280,France,Pays de la Loire,FRG0,FR,2880
CHAIZE-GIRAUD - CHEMIN DES MOTTES,46.65067166,-1.819065869,2200,9504,France,Pays de la Loire,FRG0,FR,1584
CHAIZE-LE-VICOMTE LES NOYERS,46.66276046,-1.316397202,4100,17712,France,Pays de la Loire,FRG0,FR,2952
CHALLANS-LA RIVE,46.84568335,-1.906076882,41000,177120,France,Pays de la Loire,FRG0,FR,29520
CHAMP-ST-PERE PRÈS CAMPING,46.50322961,-1.343901444,2600,11232,France,Pays de la Loire,FRG0,FR,1872
CHANTONNAY RUE DE LA POIRASSE,46.67865237,-1.044627206,13700,59184,France,Pays de la Loire,FRG0,FR,9864
COEX MOUILLE-BEC,46.69967159,-1.774707962,4350,18792,France,Pays de la Loire,FRG0,FR,3132
COMMEQUIERS ROUTE DE COEX,46.7572344,-1.824681518,3500,15120,France,Pays de la Loire,FRG0,FR,2520
CUGAND BEAUSÉJOUR,47.06937361,-1.251752726,9600,41472,France,Pays de la Loire,FRG0,FR,6912
DOMPIERRE-SUR-YON LA JOUSSEMELIÈRE,46.73224188,-1.405812384,4000,17280,France,Pays de la Loire,FRG0,FR,2880
EPESSES LES TROIS CHÊNES,46.87788739,-0.8929211261,2500,10800,France,Pays de la Loire,FRG0,FR,1800
ESSARTS LA CROIX BLANCHE,46.78174434,-1.230208523,3150,13608,France,Pays de la Loire,FRG0,FR,2268
LE FENOUILLER,46.71996397,-1.909605961,3500,15120,France,Pays de la Loire,FRG0,FR,2520
FERRIERE ZI DU BOIS IMBERT,46.70048133,-1.333369717,4000,17280,France,Pays de la Loire,FRG0,FR,2880
LA FLOCELLIERE - ROUTE DES CHATELLIERS,46.8360855,-0.8584411552,2500,10800,France,Pays de la Loire,FRG0,FR,1800
FONTENAY-LE-COMTE PLAINE DES SPORTS,46.45621647,-0.816194528,28333,122398.56,France,Pays de la Loire,FRG0,FR,20399.76
GARNACHE RTE DE LA GARE,46.88784997,-1.839810345,2400,10368,France,Pays de la Loire,FRG0,FR,1728
L'HERBERGEMENT LES ABRAIES,46.91634281,-1.379324359,2800,12096,France,Pays de la Loire,FRG0,FR,2016
LES HERBIERS LA DIGNÉE,46.87410408,-1.041595641,25000,108000,France,Pays de la Loire,FRG0,FR,18000
ILE-D'OLONNE CHEMIN DE L'ILEAU,46.55514258,-1.776394974,2500,10800,France,Pays de la Loire,FRG0,FR,1800
LANDES-GENUSSON (LES),46.96786091,-1.129937031,2800,12096,France,Pays de la Loire,FRG0,FR,2016
LONGEVILLE-SUR-MER LA PÉPIÈRE,46.4138113,-1.485625949,14000,60480,France,Pays de la Loire,FRG0,FR,10080
LUÇON,46.44408736,-1.165181342,14333,61918.56,France,Pays de la Loire,FRG0,FR,10319.76
LES-LUCS-SUR-BOULOGNE - BRAINDOLLES,46.85466443,-1.489646187,3200,13824,France,Pays de la Loire,FRG0,FR,2304
MAREUIL-SUR-LAY - ROUTE DE ST-FLORENT,46.53676494,-1.228054316,3300,14256,France,Pays de la Loire,FRG0,FR,2376
MONTAIGU AGGLOMERATION,46.9835444,-1.330292109,14850,64152,France,Pays de la Loire,FRG0,FR,10692
MORTAGNE-SUR-SEVRE EVRUNES GAZEAU,46.99615831,-0.9669727421,7200,31104,France,Pays de la Loire,FRG0,FR,5184
MOTHE-ACHARD RTE DU PLESSIS LANDRY,46.6176183,-1.66712904,4000,17280,France,Pays de la Loire,FRG0,FR,2880
MOUCHAMPS,46.77702775,-1.060131086,3000,12960,France,Pays de la Loire,FRG0,FR,2160
MOUILLERON-LE-CAPTIF LA MICHELIÈRE,46.71107988,-1.45938254,3600,15552,France,Pays de la Loire,FRG0,FR,2592
MOUTIERS-LES-MAUXFAITS RTE DE CHAMP-ST-PÈRE,46.48756691,-1.42070553,3100,13392,France,Pays de la Loire,FRG0,FR,2232
NESMY LA MERLERIE,46.59483241,-1.396863345,2700,11664,France,Pays de la Loire,FRG0,FR,1944
NIEUL-LE-DOLENT,46.57511566,-1.520939763,3000,12960,France,Pays de la Loire,FRG0,FR,2160
POIRE-SUR-VIE LA BLÉLIÈRE,46.77590407,-1.525994365,8310,35899.2,France,Pays de la Loire,FRG0,FR,5983.2
POUZAUGES LE MOULIN GÉMOT,46.76906846,-0.832929009,13417,57961.44,France,Pays de la Loire,FRG0,FR,9660.24
NOTRE-DAME-DE-RIEZ - CHEMIN DE L'ÉTANG,46.7553375,-1.911707614,2830,12225.6,France,Pays de la Loire,FRG0,FR,2037.6
ROCHESERVIERE MOULIN DE GRAVEAU,46.93901714,-1.52247633,2800,12096,France,Pays de la Loire,FRG0,FR,2016
ROCHE-SUR-YON MOULIN GRIMAUD,46.63829102,-1.429172142,83333,359998.56,France,Pays de la Loire,FRG0,FR,59999.76
CHATEAU D'OLONNE LE PETIT PLESSIS,46.49232966,-1.721515144,112500,486000,France,Pays de la Loire,FRG0,FR,81000
SAINTE-FOY,46.55012807,-1.67820628,2200,9504,France,Pays de la Loire,FRG0,FR,1584
ST-FULGENT RUE ST-GABRIEL,46.84772548,-1.183244606,4250,18360,France,Pays de la Loire,FRG0,FR,3060
ST-GEORGES-DE-MONTAIGU ROUTE DE BOUFFÉRÉ,46.95122356,-1.306579529,3000,12960,France,Pays de la Loire,FRG0,FR,2160
ST-GERVAIS RTE DE ST-URBAIN,46.89717356,-2.00187787,3455,14925.6,France,Pays de la Loire,FRG0,FR,2487.6
SAINT-GILLES-CROIX-DE-VIE CHEMIN DE CEINTURE,46.70381568,-1.938791913,83000,358560,France,Pays de la Loire,FRG0,FR,59760
SAINTE-HERMINE CHOREAU,46.55034325,-1.055335982,2250,9720,France,Pays de la Loire,FRG0,FR,1620
ST-HILAIRE-DE-LOULAY- LA VERGNAIE,47.00530741,-1.343822719,8100,34992,France,Pays de la Loire,FRG0,FR,5832
ST-LAURENT-SUR-SEVRE LA PÂRIE,46.95895173,-0.8850174832,6500,28080,France,Pays de la Loire,FRG0,FR,4680
ST-MICHEL-EN-L'HERM ROUTE DE LA DIVE,46.34281319,-1.235908839,4400,19008,France,Pays de la Loire,FRG0,France,3168
ST-PHILBERT-DE-BOUAINE LES BEAUTÉS,46.98261348,-1.527710178,2600,11232,France,Pays de la Loire,FRG0,FR,1872
ST-URBAIN HAUTES ROUCHES,46.87234626,-2.005593619,2500,10800,France,Pays de la Loire,FRG0,FR,1800
SAINT-VINCENT-SUR-JARD LA PHÉLIPPIÈRE,46.42199488,-1.540932798,9450,40824,France,Pays de la Loire,FRG0,FR,6804
SOULLANS RTE DE ST GILLES,46.79154301,-1.903839229,4900,21168,France,Pays de la Loire,FRG0,FR,3528
TALMONT-SAINT-HILAIRE BEAUREGARD,46.45805424,-1.681150198,9000,38880,France,Pays de la Loire,FRG0,FR,6480
TREIZE-SEPTIERS ZI VINCENT ANSQUER,46.98101788,-1.228826745,2500,10800,France,Pays de la Loire,FRG0,FR,1800
VENANSAULT LA BOURSIÈRE,46.67895836,-1.507730112,5000,21600,France,Pays de la Loire,FRG0,FR,3600
VERRIE LE COUDREAU,46.96552202,-0.9872012403,4000,17280,France,Pays de la Loire,FRG0,FR,2880
BEAUMONT -SAINT CYR BOURG,46.72797454,0.4397207327,3500,15120,France,Poitou-Charentes,FRI3,FR,2520
CHASSENEUIL-DU-POITOU BOURG,46.66833461,0.3790590224,20000,86400,France,Poitou-Charentes,FRI3,FR,14400
CHATELLERAULT LA DESIREE,46.83374077,0.5431730653,92833,401038.56,France,Poitou-Charentes,FRI3,FR,66839.76
CHAUVIGNY ARTIGE,46.57802582,0.6207817051,9000,38880,France,Poitou-Charentes,FRI3,FR,6480
COUHE NOUVELLE STEP,46.30309658,0.1775935589,3000,12960,France,Poitou-Charentes,FRI3,FR,2160
DANGE-SAINT-ROMAIN BOURG,46.95074492,0.6025751349,20000,86400,France,Centre — Val de Loire,FRB0,FR,14400
DISSAY BOURG,46.70695655,0.4244070435,8500,36720,France,Poitou-Charentes,FRI3,FR,6120
GENCAY,46.37447685,0.3992351972,4000,17280,France,Poitou-Charentes,FRI3,FR,2880
ITEUIL BOURG,46.48225481,0.3123040917,3000,12960,France,Poitou-Charentes,FRI3,FR,2160
JAUNAY-CLAN,46.69682846,0.3967749077,8500,36720,France,Poitou-Charentes,FRI3,FR,6120
SAINT-GENEST-D'AMBIERE,46.81211194,0.330613726,4700,20304,France,Poitou-Charentes,FRI3,FR,3384
LIGUGE BOURG,46.52127499,0.3388459761,9000,38880,France,Poitou-Charentes,FRI3,FR,6480
LOUDUN BOURG,47.0207117,0.06890657423,12000,51840,France,Poitou-Charentes,FRI3,FR,8640
LUSIGNAN,46.44720865,0.139909259,5300,22896,France,Poitou-Charentes,FRI3,FR,3816
LUSSAC-LES-CHATEAUX PRE CAFFARD,46.40836424,0.7046605873,4500,19440,France,Poitou-Charentes,FRI3,FR,3240
MIREBEAU,46.78644096,0.1667556082,15000,64800,France,Poitou-Charentes,FRI3,FR,10800
MONTMORILLON CONCISE,46.44542046,0.8656064631,8500,36720,France,Poitou-Charentes,FRI3,FR,6120
NAINTRE LES COINDRES,46.76129806,0.4990133461,9500,41040,France,Poitou-Charentes,FRI3,FR,6840
NEUVILLE-DE-POITOU,46.68860291,0.2553138651,9800,42336,France,Poitou-Charentes,FRI3,FR,7056
"NIEUIL-L'ESPOIR """"LA FOSSE PLATE""""",46.48696116,0.4391693024,4000,17280,France,Poitou-Charentes,FRI3,FR,2880
NOUAILLE-MAUPERTUIS,46.50937497,0.4011881217,3000,12960,France,Poitou-Charentes,FRI3,FR,2160
POITIERS LA FOLIE,46.61639498,0.3546933642,152500,658800,France,Poitou-Charentes,FRI3,FR,109800
LA ROCHE POSAY LE BOURG,46.79399273,0.8108602409,7000,30240,France,Centre — Val de Loire,FRB0,FR,5040
ROCHES-PREMARIE-ANDILLE VANGUENAND,46.48126555,0.3638184957,3600,15552,France,Poitou-Charentes,FRI3,FR,2592
ST JULIEN L'ARS,46.56055246,0.4959443931,2500,10800,France,Poitou-Charentes,FRI3,FR,1800
LES TROIS-MOUTIERS CENTER PARCS,47.07952705,0.007466839345,8000,34560,France,Poitou-Charentes,FRI3,FR,5760
VENDEUVRE DU POITOU BOURG,46.73000128,0.2978214981,2400,10368,France,Poitou-Charentes,FRI3,FR,1728
VIVONNE,46.42871915,0.2690481087,7000,30240,France,Poitou-Charentes,FRI3,FR,5040
VOUILLE BOURG,46.6353748,0.1683365243,4500,19440,France,Poitou-Charentes,FRI3,FR,3240
AIXE-SUR-VIENNE,45.80538467,1.117765552,7333,31678.56,France,Limousin,FRI2,FR,5279.76
AMBAZAC,45.9497171,1.406757876,3333,14398.56,France,Limousin,FRI2,FR,2399.76
BELLAC - MOULIN ROCHARD,46.11917689,1.042592269,14000,60480,France,Limousin,FRI2,FR,10080
BESSINES SUR GARTEMPE- MOULIN BLANC,46.11395082,1.370289404,12000,51840,France,Limousin,FRI2,FR,8640
CHATEAUNEUF-LA-FORET,45.7234437,1.604692574,2083,8998.56,France,Limousin,FRI2,FR,1499.76
LIMOGES,45.8172363,1.259098743,285000,1231200,France,Limousin,FRI2,FR,205200
MAGNAC LAVAL,46.21025084,1.162855812,2000,8640,France,Limousin,FRI2,FR,1440
ROCHECHOUART LA MAILLERIE - LE PUY DU MOULIN,45.82324859,0.8120118732,6000,25920,France,Limousin,FRI2,FR,4320
SAINT JUNIEN,45.88640765,0.881121909,25000,108000,France,Limousin,FRI2,FR,18000
SAINT LEONARD DE NOBLAT - PONT DE NOBLAT,45.8360679,1.477802191,3000,12960,France,Limousin,FRI2,FR,2160
VERNEUIL SUR VIENNE - BALANDIE,45.84406133,1.11605951,3500,15120,France,Limousin,FRI2,FR,2520
COMMENTRY - LE STADE,46.29021759,2.723944918,5000,21600,France,Auvergne,FRK1,FR,3600
COUCOURON BOURG LAITERIES,44.79654344,3.991787456,2720,11750.4,France,Rhône-Alpes,FRK2,FR,1958.4
LTC-TREDREZ-LOCQUEMEAU/KERBABU,48.72025211,-3.561032689,3500,15120,France,Bretagne,FRH0,France,2520
SAINT-HERVE UZEL,48.27590208,-2.834996566,4940,21340.8,France,Bretagne,FRH0,FR,3556.8
LA FONT DES SOEURS,46.24548445,1.488311699,7500,32400,France,Limousin,FRI2,FR,5400
BONNEVAL,48.17363574,1.383816099,7000,30240,France,Centre — Val de Loire,FRB0,FR,5040
STEU DE: BREST (MAISON-BLANCHE),48.36548561,-4.534083291,61667,266401.44,France,Bretagne,FRH0,FR,44400.24
GRAND-FOUGERAY 2,47.74488279,-1.713269082,3000,12960,France,Bretagne,FRH0,FR,2160
SAINT-MEEN 2,48.19815964,-2.193195743,13000,56160,France,Bretagne,FRH0,FR,9360
MONTGIVRAY,46.60019624,1.97168613,9000,38880,France,Centre — Val de Loire,FRB0,FR,6480
CHAUMONT-SUR-THARONNE CENTERPARCS,47.62116542,1.903824596,4500,19440,France,Centre — Val de Loire,FRB0,FR,3240
CHISSAY EN TOURAINE 'LA VARENNE',47.33578942,1.150799869,22500,97200,France,Centre — Val de Loire,FRB0,FR,16200
NOYERS SUR CHER LES GARGOUILLES,47.27227932,1.399130839,5420,23414.4,France,Centre — Val de Loire,FRB0,FR,3902.4
NOUAN-SUR-LOIRE,47.68474529,1.555086262,2000,8640,France,Centre — Val de Loire,FRB0,FR,1440
SELLES SUR CHER THIZARDIERE,47.27346609,1.537425079,8000,34560,France,Centre — Val de Loire,FRB0,FR,5760
SAINT-ETIENNE - ST VICTOR,45.44451177,4.266469914,3500,15120,France,Rhône-Alpes,FRK2,FR,2520
BAS-EN-BASSET-LE BOURG,45.30842332,4.11448039,4500,19440,France,Auvergne,FRK1,FR,3240
BRIOUDE-LA VILLE,45.29917564,3.39477785,43850,189432,France,Auvergne,FRK1,FR,31572
CHAMBON-SUR-LIGNON (LE)-LE BOURG,45.06376699,4.292668697,2233,9646.56,France,Rhône-Alpes,FRK2,FR,1607.76
MONISTROL-SUR-LOIRE-FOLETIER,45.30471121,4.145875166,9500,41040,France,Rhône-Alpes,FRK2,FR,6840
RETOURNAC-LE BOURG,45.2096691,4.041079134,3215,13888.8,France,Auvergne,FRK1,FR,2314.8
SAINT-MAURICE-DE-LIGNON-LE BOURG,45.22017831,4.150306392,4500,19440,France,Auvergne,FRK1,FR,3240
STE-SIGOLENE-LA ROUCHOUSE,45.25506738,4.193840218,3167,13681.44,France,Auvergne,FRK1,FR,2280.24
YSSINGEAUX-APILHAC,45.16193712,4.118011186,11350,49032,France,Auvergne,FRK1,FR,8172
CORDEMAIS 2-BOURG RUE DE LA LOIRE,47.28694093,-1.884127668,3700,15984,France,Pays de la Loire,FRG0,FR,2664
HERIC LES BASSES NAUDAIS,47.41771417,-1.666657414,2600,11232,France,Pays de la Loire,FRG0,FR,1872
NANTES 2 - PETITE CALIFORNIE,47.19059815,-1.583045201,180000,777600,France,Pays de la Loire,FRG0,FR,129600
LE PALLET - LE PONT GRENOUILLER,47.14836442,-1.35350604,3500,15120,France,Pays de la Loire,FRG0,FR,2520
SAINT-BREVIN-LES-PINS 2 - LE BODON,47.26944009,-2.139217168,4500,19440,France,Pays de la Loire,FRG0,FR,3240
LA TURBALLE - BUTTE DE PINSE,47.36175253,-2.486143676,40000,172800,France,Bretagne,FRH0,France,28800
GIDY,47.98267994,1.828839649,2500,10800,France,Centre — Val de Loire,FRB0,FR,1800
ORLEANS ILE ARRAULT,47.89323389,1.878656454,95000,410400,France,Centre — Val de Loire,FRB0,FR,68400
MAULEVRIER ZI,47.01397327,-0.7676779853,1500,6480,France,Pays de la Loire,FRG0,FR,1080
MONTJEAN-SUR-LOIRE,47.37282951,-0.8703824179,9000,38880,France,Pays de la Loire,FRG0,FR,6480
MONTREUIL- BELLAY PRESLE,47.1281451,-0.1246082786,13000,56160,France,Pays de la Loire,FRG0,FR,9360
BADEN BOURGEREL,47.61350676,-2.875746621,19000,82080,France,Bretagne,FRH0,FR,13680
MEUCON LES MARAIS,47.7183704,-2.780030412,5000,21600,France,Bretagne,FRH0,FR,3600
PEAULE PONT SAILLANT,47.58412648,-2.368376623,2500,10800,France,Bretagne,FRH0,FR,1800
PLUMELIAU LE MANEGUEN,47.95353066,-2.970347713,2700,11664,France,Bretagne,FRH0,FR,1944
PONT-SCORFF,47.82910399,-3.394162008,5400,23328,France,Bretagne,FRH0,FR,3888
SAINT-AVE LESVELLEC,47.69522145,-2.758119814,6600,28512,France,Bretagne,FRH0,FR,4752
SURZUR TRÉVINEC,47.56808574,-2.620304446,6500,28080,France,Bretagne,FRH0,FR,4680
CHARITE-SUR-LOIRE_VILLE,47.19141571,3.009733582,8500,36720,France,Bourgogne,FRC1,FR,6120
COSNE COURS SUR LOIRE_VILLE,47.4205381,2.92475619,18000,77760,France,Bourgogne,FRC1,FR,12960
DECIZE CAQUERET,46.8318246,3.450089407,9667,41761.44,France,Bourgogne,FRC1,FR,6960.24
GUERIGNY LES CABLES,47.08364913,3.189023783,3200,13824,France,Bourgogne,FRC1,FR,2304
POUILLY-SUR-LOIRE_VILLE,47.28721015,2.947593673,2500,10800,France,Bourgogne,FRC1,FR,1800
PREMERY VILLE,47.16940893,3.321170247,3400,14688,France,Bourgogne,FRC1,FR,2448
DOMFRONT  ZI,48.58344891,-0.6546945404,7000,30240,France,Basse-Normandie,FRD1,FR,5040
SAINT-BEAUZIRE-PUY DE DÔME EPINET,45.85173981,3.193978511,2500,10800,France,Auvergne,FRK1,FR,1800
GENELARD - BOURG,46.57940607,4.229879596,2250,9720,France,Bourgogne,FRC1,FR,1620
BELLEVILLE-SUR-VIE LA MERCERIE,46.78760619,-1.441798534,4000,17280,France,Pays de la Loire,FRG0,FR,2880
CHAVAGNES-EN-PAILLERS LA DÉDERIE,46.9039817,-1.249862838,4100,17712,France,Pays de la Loire,FRG0,FR,2952
EPESSES PUY DU FOU,46.89157504,-0.9370778574,7700,33264,France,Pays de la Loire,FRG0,FR,5544
GIVRAND LA VALLÉE,46.66721362,-1.886423154,4885,21103.2,France,Pays de la Loire,FRG0,FR,3517.2
ST-FLORENT-DES-BOIS LA GOURAUDIÈRE,46.59464427,-1.299766196,3000,12960,France,Pays de la Loire,FRG0,FR,2160
SAINTE-HERMINE VENDÉOPÔLE,46.53497684,-1.067844534,3200,13824,France,Pays de la Loire,FRG0,FR,2304
ST-MALO-DU-BOIS RTE DE PUY MOISSON (EST),46.92862011,-0.8884297805,2300,9936,France,Pays de la Loire,FRG0,FR,1656
MONTMORILLON-LES MATS,46.40553539,0.8811767259,6083,26278.56,France,Poitou-Charentes,FRI3,FR,4379.76
BOISSEUIL-LE ROSEAU,45.77041016,1.318593998,3000,12960,France,Limousin,FRI2,FR,2160
SAINT LEONARD DE NOBLAT - LE RACA,45.84974002,1.493264659,2500,10800,France,Limousin,FRI2,FR,1800
CLOYES-LES-TROIS-RIVIERES,47.98756602,1.249117921,5500,23760,France,Centre — Val de Loire,FRB0,FR,3960
STEU DE:  PLEUVEN - LE MOULIN DU PONT,47.92822821,-4.066429372,15000,64800,France,Bretagne,FRH0,FR,10800
STEU DE:  PLEYBEN - AR VERNIG,48.22500756,-3.98772769,4000,17280,France,Bretagne,FRH0,FR,2880
BOURG-DES-COMPTES,47.92594561,-1.74296911,3600,15552,France,Bretagne,FRH0,FR,2592
CREVIN,47.93446744,-1.683655639,3400,14688,France,Bretagne,FRH0,FR,2448
BOEN - STEU INTERCOMMUNALE,45.73635036,4.021262819,9918,42845.76,France,Rhône-Alpes,FRK2,FR,7140.96
VEAUCHE LA PLAGNE,45.57027257,4.266174893,12000,51840,France,Rhône-Alpes,FRK2,FR,8640
BLAVOZY-LES GRAVIÈRES,45.05979825,3.949737023,8400,36288,France,Auvergne,FRK1,FR,6048
SAINT-JULIEN-CHAPTEUIL-LE BOURG,45.04159012,4.046310566,2433,10510.56,France,Auvergne,FRK1,FR,1751.76
SAINT-JUST-MALMONT-ROCHE-MOULIN,45.34337637,4.294167175,9200,39744,France,Rhône-Alpes,FRK2,FR,6624
STE-SIGOLENE-LA BÂTIE,45.23383665,4.248699928,4000,17280,France,Auvergne,FRK1,FR,2880
ORLEANS LA SOURCE,47.84579451,1.942005655,93933,405790.56,France,Centre — Val de Loire,FRB0,FR,67631.76
KERVIGNAC LE PORZO,47.78970702,-3.243804284,16000,69120,France,Bretagne,FRH0,FR,11520
LANGUIDIC COËT MEGAN,47.82391184,-3.156470833,6000,25920,France,Bretagne,FRH0,FR,4320
SAINT-NOLFF PONT BOTERFF,47.67430852,-2.683611457,4400,19008,France,Bretagne,FRH0,FR,3168
SULNIAC KERMARTIN-TRINO,47.67958081,-2.562181241,3100,13392,France,Bretagne,FRH0,FR,2232
IMPHY BORDS DE LOIRE,46.92042091,3.260978261,6100,26352,France,Bourgogne,FRC1,FR,4392
CHAPELLE-ACHARD,46.58552355,-1.652102758,5300,22896,France,Pays de la Loire,FRG0,FR,3816
GIVRAND LE GRAND BOIS,46.68905234,-1.873339359,1600,6912,France,Pays de la Loire,FRG0,FR,1152
ST-MATHURIN SAINT MATHELIN,46.56962026,-1.721239762,3200,13824,France,Pays de la Loire,FRG0,FR,2304
PLOERMEL LA VILLE REHEL,47.92004028,-2.415310725,55000,237600,France,Bretagne,FRH0,FR,39600
THEIX LE SAINDO,47.65278341,-2.689768705,27000,116640,France,Bretagne,FRH0,FR,19440
EPINAC BOURG,46.99168782,4.508035526,2000,8640,France,Bourgogne,FRC1,FR,1440
TALMONT-SAINT-HILAIRE LES GIRONDINES,46.45993954,-1.595700813,10000,43200,France,Pays de la Loire,FRG0,FR,7200
NOIRETABLE-LES CHAMBONNEAUX,45.80601869,3.783434035,2500,10800,France,Rhône-Alpes,FRK2,FR,1800
SANVIGNES-LES-MINES LES ESSARTS,46.63760695,4.290591911,3150,13608,France,Bourgogne,FRC1,FR,2268
SAUGUES-LE BOURG,44.96641122,3.547332858,4200,18144,France,Auvergne,FRK1,FR,3024
BEAUZAC-LE BOURG,45.2636023,4.101036866,2283,9862.56,France,Auvergne,FRK1,FR,1643.76
AX LES THERMES (COMMUNALE),42.73003425,1.807818957,7700,33264,France,Midi-Pyrénées,FRJ2,FR,5544
CAUMONT-09,43.03707677,1.095218185,4000,17280,France,Midi-Pyrénées,FRJ2,FR,2880
FOIX N°2 (VERNAJOUL),42.9834943,1.610792071,25000,108000,France,Midi-Pyrénées,FRJ2,FR,18000
LAROQUE D'OLMES (LAVELANET),42.9830021,1.878361098,27500,118800,France,Midi-Pyrénées,FRJ2,FR,19800
LEZAT SUR LEZE,43.28117689,1.352793299,2500,10800,France,Midi-Pyrénées,FRJ2,FR,1800
MAZERES N°2,43.26218226,1.672244049,6300,27216,France,Midi-Pyrénées,FRJ2,FR,4536
MIREPOIX,43.09029731,1.863590836,5000,21600,France,Languedoc-Roussillon,FRJ1,FR,3600
PAMIERS,43.1306637,1.605033231,33100,142992,France,Midi-Pyrénées,FRJ2,FR,23832
SAINT-LIZIER,43.00946662,1.131601495,15000,64800,France,Midi-Pyrénées,FRJ2,FR,10800
SAINT JEAN DE VERGES (CHIVA),43.03605281,1.617170814,4000,17280,France,Midi-Pyrénées,FRJ2,FR,2880
SAVERDUN - 2,43.24369294,1.576777692,9500,41040,France,Midi-Pyrénées,FRJ2,FR,6840
TARASCON SUR ARIEGE 2,42.86089409,1.60042296,12200,52704,France,Midi-Pyrénées,FRJ2,FR,8784
VARILHES N°2,43.05707763,1.635743466,3800,16416,France,Midi-Pyrénées,FRJ2,FR,2736
CHALABRE,42.98588104,2.001635687,2000,8640,France,Languedoc-Roussillon,FRJ1,FR,1440
CAPDENAC GARE,44.56863906,2.071587029,21600,93312,France,Midi-Pyrénées,FRJ2,FR,15552
BARAQUEVILLE,44.2607213,2.427670651,4720,20390.4,France,Midi-Pyrénées,FRJ2,FR,3398.4
LA CAVALERIE,44.01649206,3.168402436,2917,12601.44,France,Midi-Pyrénées,FRJ2,FR,2100.24
VIVIEZ (DECAZEVILLE),44.56247504,2.212186871,25000,108000,France,Midi-Pyrénées,FRJ2,FR,18000
ESPALION (SIVU),44.52262594,2.737639263,9900,42768,France,Midi-Pyrénées,FRJ2,FR,7128
LAGUIOLE,44.6850103,2.838924598,7500,32400,France,Midi-Pyrénées,FRJ2,FR,5400
LAISSAC,44.39157852,2.820526405,2841,12273.12,France,Midi-Pyrénées,FRJ2,FR,2045.52
MARCILLAC VALLON (AGGLOMERATION),44.48947173,2.453197894,6500,28080,France,Midi-Pyrénées,FRJ2,FR,4680
CREISSELS (MILLAU),44.09099446,3.032056185,62345,269330.4,France,Midi-Pyrénées,FRJ2,FR,44888.4
PONT DE SALARS N°2 (BOURG),44.28323063,2.712057131,3800,16416,France,Midi-Pyrénées,FRJ2,FR,2736
REQUISTA,44.04058876,2.528126518,2900,12528,France,Midi-Pyrénées,FRJ2,FR,2088
RIGNAC (BOURG),44.41644843,2.2798466,2500,10800,France,Midi-Pyrénées,FRJ2,FR,1800
RODEZ (BENECHOU),44.34954756,2.542815149,132500,572400,France,Midi-Pyrénées,FRJ2,FR,95400
RODEZ (CANTARANNE),44.3579904,2.597965677,120000,518400,France,Midi-Pyrénées,FRJ2,FR,86400
ROQUEFORT SUR SOULZON,43.98887988,2.970369665,15000,64800,France,Midi-Pyrénées,FRJ2,FR,10800
ST AFFRIQUE,43.96386051,2.82012779,17500,75600,France,Midi-Pyrénées,FRJ2,FR,12600
ST GENIEZ D'OLT,44.46014795,2.955454313,5300,22896,France,Midi-Pyrénées,FRJ2,FR,3816
ST GEORGES DE LUZENCON,44.07746202,2.988226804,6000,25920,France,Midi-Pyrénées,FRJ2,FR,4320
SALLES CURAN (BOURG N°2),44.19264612,2.793132007,2333,10078.56,France,Midi-Pyrénées,FRJ2,FR,1679.76
LAPANOUSE (SIVU SEVERAC LE CHATEAU),44.33476367,3.041775794,5583,24118.56,France,Midi-Pyrénées,FRJ2,FR,4019.76
VILLEFRANCHE DE PANAT,44.07829309,2.703018271,6750,29160,France,Midi-Pyrénées,FRJ2,FR,4860
VILLEFRANCHE DE ROUERGUE,44.33028989,2.018026355,36083,155878.56,France,Midi-Pyrénées,FRJ2,FR,25979.76
ALLANCHE BOURG,45.20871146,2.934603566,3500,15120,France,Auvergne,FRK1,FR,2520
AURILLAC SOULEYRIE,44.89656437,2.448116671,46667,201601.44,France,Auvergne,FRK1,FR,33600.24
YDES - CHAMPAGNAC,45.32584719,2.419277666,3350,14472,France,Auvergne,FRK1,FR,2412
CHAUDES AIGUES BOURG,44.85578073,3.010012375,6300,27216,France,Auvergne,FRK1,FR,4536
JUSSAC BOURG,44.98337413,2.410291747,6350,27432,France,Auvergne,FRK1,FR,4572
LAROQUEBROU (BOURG NOUVELLE),44.96891794,2.184327494,6116,26421.12,France,Auvergne,FRK1,FR,4403.52
MAURIAC OUEST ST JEAN,45.219063,2.310194679,5000,21600,France,Auvergne,FRK1,FR,3600
MAURS BOURG ET ST ETIENNE DE MAURS,44.69797735,2.200457965,6000,25920,France,Auvergne,FRK1,FR,4320
PIERREFORT - BOURG,44.91784401,2.840156886,2250,9720,France,Auvergne,FRK1,FR,1620
ST FLOUR (ST THOMAS N°2),45.02810569,3.11391596,13600,58752,France,Auvergne,FRK1,FR,9792
VIC SUR CERE (BOURG NOUVELLE),44.96542546,2.612290476,6500,28080,France,Auvergne,FRK1,FR,4680
LE ROUGET BOURG,44.84857184,2.233766191,2400,10368,France,Auvergne,FRK1,FR,1728
ANGOULEME (FREGENEUIL),45.65861181,0.1312914053,82000,354240,France,Poitou-Charentes,FRI3,FR,59040
BARBEZIEUX SAINT HILAIRE,45.47866125,-0.1385721798,8350,36072,France,Poitou-Charentes,FRI3,FR,6012
CHALAIS (BOURG),45.26153599,0.02687023926,3400,14688,France,Poitou-Charentes,FRI3,FR,2448
CHASSENEUIL-SUR-BONNIEURE,45.81033263,0.446235375,3000,12960,France,Poitou-Charentes,FRI3,FR,2160
CHATEAUNEUF-SUR-CHARENTE,45.61129556,-0.0654631336,4700,20304,France,Poitou-Charentes,FRI3,FR,3384
COGNAC (FAUBOURG SAINT MARTIN),45.68560975,-0.3418296828,35000,151200,France,Poitou-Charentes,FRI3,FR,25200
FLEAC (LES MURAILLES),45.64729267,0.09435080438,57000,246240,France,Poitou-Charentes,FRI3,FR,41040
JARNAC,45.68035314,-0.1912470362,9000,38880,France,Poitou-Charentes,FRI3,FR,6480
MANSLE,45.88220797,0.1667084213,4400,19008,France,Poitou-Charentes,FRI3,FR,3168
LA ROCHEFOUCAULD-RIVIERES,45.75129868,0.381680064,8200,35424,France,Poitou-Charentes,FRI3,FR,5904
ROUILLAC (COMMUNALE),45.77553787,-0.05397451293,2850,12312,France,Poitou-Charentes,FRI3,FR,2052
RUFFEC,46.02411295,0.2078891328,11000,47520,France,Poitou-Charentes,FRI3,FR,7920
CHANIERS (NORD OUEST),45.73349191,-0.5839233558,4000,17280,France,Poitou-Charentes,FRI3,FR,2880
CHANIERS (BOURG),45.71735171,-0.5607692648,1700,7344,France,Poitou-Charentes,FRI3,FR,1224
COZES - LES RENOULEAUX,45.5889965,-0.8219266301,3000,12960,France,Poitou-Charentes,FRI3,FR,2160
FOURAS,45.97836798,-1.082058789,20000,86400,France,Poitou-Charentes,FRI3,FR,14400
GEMOZAC (STATION DU BOURG),45.56378382,-0.6861501683,2200,9504,France,Poitou-Charentes,FRI3,FR,1584
JONZAC,45.44119884,-0.4454908434,15000,64800,France,Poitou-Charentes,FRI3,FR,10800
MARENNES - BOURCEFRANC - LE CHAPUS,45.84520034,-1.106312814,18000,77760,France,Poitou-Charentes,FRI3,FR,12960
MATHA,45.85611061,-0.3267778787,3300,14256,France,Poitou-Charentes,FRI3,FR,2376
MONTENDRE,45.28785643,-0.4165221691,5000,21600,France,Poitou-Charentes,FRI3,FR,3600
MONTGUYON (INTERCOMMUNALE),45.21216086,-0.1822361322,8800,38016,France,Poitou-Charentes,FRI3,FR,6336
PONS (COMMUNALE),45.58544075,-0.5410976594,9800,42336,France,Poitou-Charentes,FRI3,FR,7056
ROCHEFORT,45.92049571,-0.9799437629,35000,151200,France,Poitou-Charentes,FRI3,FR,25200
ST AIGULIN,45.14994218,-0.01566611462,2267,9793.44,France,Aquitaine,FRI1,FR,1632.24
SAINT DENIS D'OLERON (LA BREE LES BAINS),46.01454085,-1.380404053,35000,151200,France,Poitou-Charentes,FRI3,France,25200
ST GEORGES DE DIDONNE,45.5937397,-0.9701296963,64000,276480,France,Poitou-Charentes,FRI3,FR,46080
ST GEORGES D OLERON (CHAUCRE- LA JOSIERE),45.99203587,-1.364611052,20000,86400,France,Poitou-Charentes,FRI3,France,14400
ST GEORGES D'OLERON (LE BOURG),45.98164908,-1.334744498,20000,86400,France,Poitou-Charentes,FRI3,France,14400
ST JEAN D'ANGELY (NOUVELLE),45.95842456,-0.5435258845,18000,77760,France,Poitou-Charentes,FRI3,FR,12960
ST LAURENT DE LA PREE (COMMUNALE),45.98461253,-1.027059096,3800,16416,France,Poitou-Charentes,FRI3,FR,2736
ST PALAIS SUR MER,45.65974803,-1.08967961,175000,756000,France,Poitou-Charentes,FRI3,France,126000
LES MATHES,45.69783257,-1.165999633,52000,224640,France,Poitou-Charentes,FRI3,France,37440
ST SAVINIEN,45.88178521,-0.6927840993,4050,17496,France,Poitou-Charentes,FRI3,FR,2916
LE GUA (LA MADELEINE 2),45.74885732,-0.959037849,8900,38448,France,Poitou-Charentes,FRI3,FR,6408
ST TROJAN LES BAINS,45.82499935,-1.21569307,15000,64800,France,Poitou-Charentes,FRI3,France,10800
SAINTES,45.75737148,-0.6188776797,40000,172800,France,Poitou-Charentes,FRI3,FR,28800
SPA DE SAINTES,45.72203762,-0.6814025553,800,3456,France,Poitou-Charentes,FRI3,FR,576
ST AGNANT SOUBISE (LES JAMELLES),45.90835461,-0.9867385178,14000,60480,France,Poitou-Charentes,FRI3,FR,10080
TONNAY CHARENTE 2,45.93847379,-0.910181299,9500,41040,France,Poitou-Charentes,FRI3,FR,6840
PORT DES BARQUES (INTERCOMMUNALE),45.94913626,-1.067507067,5000,21600,France,Poitou-Charentes,FRI3,FR,3600
LE GRAND VILLAGE PLAGE (SIVOM D OLERON LES ALLASSI,45.87384003,-1.247689738,20000,86400,France,Poitou-Charentes,FRI3,France,14400
ALLASSAC,45.24725825,1.461909963,6200,26784,France,Limousin,FRI2,FR,4464
ARGENTAT,45.07815118,1.938669513,12000,51840,France,Limousin,FRI2,FR,8640
ARNAC-POMPADOUR N°2,45.4100839,1.375354836,3800,16416,France,Limousin,FRI2,FR,2736
BEAULIEU-ALTILLAC 2,44.9627207,1.849002787,4733,20446.56,France,Midi-Pyrénées,FRJ2,FR,3407.76
BORT LES ORGUES,45.37982135,2.475880444,8800,38016,France,Auvergne,FRK1,FR,6336
BRIVE - GOURGUE NÈGRE,45.16319145,1.468705836,250000,1080000,France,Limousin,FRI2,FR,180000
DONZENAC,45.21967216,1.51713284,2000,8640,France,Limousin,FRI2,FR,1440
EGLETONS,45.41358987,2.071518291,26500,114480,France,Limousin,FRI2,FR,19080
LUBERSAC,45.43075949,1.397660072,10300,44496,France,Limousin,FRI2,FR,7416
MASSERET (BOURG),45.53500841,1.536155313,3866,16701.12,France,Limousin,FRI2,FR,2783.52
MERLINES-EYGURANDE,45.642393,2.469801079,2500,10800,France,Limousin,FRI2,FR,1800
MEYMAC - BOURG,45.52242116,2.14444829,4000,17280,France,Limousin,FRI2,FR,2880
MEYSSAC 2,45.03925396,1.669006566,4175,18036,France,Limousin,FRI2,FR,3006
NEUVIC 2,45.37570977,2.283057432,2740,11836.8,France,Limousin,FRI2,FR,1972.8
OBJAT,45.23947246,1.418350011,6000,25920,France,Limousin,FRI2,FR,4320
SEILHAC (BOURG),45.36500206,1.705317202,3100,13392,France,Limousin,FRI2,FR,2232
TREIGNAC,45.53777597,1.787403011,3000,12960,France,Limousin,FRI2,FR,2160
TULLE - MULATET,45.24127769,1.734715412,20000,86400,France,Limousin,FRI2,FR,14400
USSEL 2,45.51474627,2.311810371,19000,82080,France,Limousin,FRI2,FR,13680
UZERCHE,45.41955777,1.560474605,5000,21600,France,Limousin,FRI2,FR,3600
BERGERAC (STEP DU PONT ROUX ),44.84694905,0.4590833853,56417,243721.44,France,Aquitaine,FRI1,FR,40620.24
BOULAZAC - 2,45.18678612,0.7775595342,36600,158112,France,Aquitaine,FRI1,FR,26352
BRANTOME (NOUVELLE COMMUNALE),45.3543755,0.6516618536,4100,17712,France,Aquitaine,FRI1,FR,2952
LE BUGUE (BOURG N°2),44.91380534,0.9178818584,5000,21600,France,Aquitaine,FRI1,FR,3600
DOMME-CENAC-ET-SAINT-JULIEN,44.80445696,1.201450115,3000,12960,France,Aquitaine,FRI1,FR,2160
EYMET,44.66374509,0.3938267075,5000,21600,France,Aquitaine,FRI1,FR,3600
LA FORCE (RIANDAULE),44.8603459,0.3614956847,7000,30240,France,Aquitaine,FRI1,FR,5040
LALINDE,44.83801676,0.7504706616,3600,15552,France,Aquitaine,FRI1,FR,2592
LE LARDIN ST LAZARE (LE LARDIN BEAUREGARD),45.12610488,1.223884324,2250,9720,France,Aquitaine,FRI1,FR,1620
MONTIGNAC,45.05875586,1.158420236,4167,18001.44,France,Aquitaine,FRI1,FR,3000.24
MONTPON MENESTEROL (NOUVELLE COMMUNALE LANNERIE),45.02165354,0.1411414604,7000,30240,France,Aquitaine,FRI1,FR,5040
MUSSIDAN (INTERCOMMUNALE),45.03982639,0.3588911771,6000,25920,France,Aquitaine,FRI1,FR,4320
NEUVIC SUR L'ISLE,45.10227364,0.4603253529,4000,17280,France,Aquitaine,FRI1,FR,2880
NONTRON (INTERCOMMUNALE),45.5176614,0.6583995196,6283,27142.56,France,Aquitaine,FRI1,FR,4523.76
SALTGOURDE,45.19155958,0.6736207684,48333,208798.56,France,Aquitaine,FRI1,FR,34799.76
PORT STE FOY ET PONCHAPT (BOURG.),44.84059948,0.1994260341,2000,8640,France,Aquitaine,FRI1,FR,1440
RIBERAC (COMMUNALE 2),45.25557156,0.3446010814,8117,35065.44,France,Aquitaine,FRI1,FR,5844.24
ST ASTIER,45.1398597,0.5314243881,7000,30240,France,Aquitaine,FRI1,FR,5040
ST CYPRIEN-COMMUNALE,44.86249964,1.031173056,3600,15552,France,Aquitaine,FRI1,FR,2592
ST LEON SUR L'ISLE,45.114876,0.4957334036,2000,8640,France,Aquitaine,FRI1,FR,1440
SARLAT LA CANEDA,44.86501713,1.209640726,21667,93601.44,France,Aquitaine,FRI1,FR,15600.24
TERRASSON (INTERCOMMUNALE),45.12789486,1.2905956,9000,38880,France,Aquitaine,FRI1,FR,6480
THIVIERS - COMMUNALE,45.42761408,0.9038547096,7800,33696,France,Aquitaine,FRI1,FR,5616
TRELISSAC (NOUVELLE STEP),45.19213598,0.7861365446,10000,43200,France,Aquitaine,FRI1,FR,7200
AYGUESVIVES (INTERCOMMUNALE),43.44868539,1.599864335,11575,50004,France,Midi-Pyrénées,FRJ2,FR,8334
AUTERIVE,43.36777709,1.466437189,10000,43200,France,Midi-Pyrénées,FRJ2,FR,7200
BAGNERES-DE-LUCHON,42.80618058,0.6012582752,20000,86400,France,Midi-Pyrénées,FRJ2,FR,14400
BESSIERES VILLE,43.80374277,1.595891857,4000,17280,France,Midi-Pyrénées,FRJ2,FR,2880
BOULOC 2,43.77217247,1.401416814,2500,10800,France,Midi-Pyrénées,FRJ2,FR,1800
BOULOGNE-SUR-GESSE 3,43.28109948,0.6607683094,4300,18576,France,Midi-Pyrénées,FRJ2,FR,3096
BRUGUIERES,43.72952238,1.399765428,6000,25920,France,Midi-Pyrénées,FRJ2,FR,4320
CALMONT N°2,43.29130646,1.619942677,2500,10800,France,Midi-Pyrénées,FRJ2,FR,1800
CARBONNE N°2,43.30110633,1.233129546,6000,25920,France,Midi-Pyrénées,FRJ2,FR,4320
CASTELMAUROU,43.69406841,1.555937255,4200,18144,France,Midi-Pyrénées,FRJ2,FR,3024
CASTELNAU D'ESTRETEFONDS,43.76748688,1.358686921,9950,42984,France,Midi-Pyrénées,FRJ2,FR,7164
CAZERES,43.21480391,1.112630235,5000,21600,France,Midi-Pyrénées,FRJ2,FR,3600
CEPET (SITEC),43.74624757,1.444674934,5000,21600,France,Midi-Pyrénées,FRJ2,FR,3600
DREMIL-LAFAGE 1 (ZA),43.59776233,1.586481547,3000,12960,France,Midi-Pyrénées,FRJ2,FR,2160
EAUNES,43.41697896,1.364398326,5000,21600,France,Midi-Pyrénées,FRJ2,FR,3600
FONSORBES BOURDETTES 2,43.53133232,1.243858965,9000,38880,France,Midi-Pyrénées,FRJ2,FR,6480
FRONTON N°2,43.85060163,1.391399004,8500,36720,France,Midi-Pyrénées,FRJ2,FR,6120
GRENADE N°2,43.78297596,1.271874999,13200,57024,France,Midi-Pyrénées,FRJ2,FR,9504
ISLE-EN-DODON,43.38754214,0.8459902153,2500,10800,France,Midi-Pyrénées,FRJ2,FR,1800
LABARTHE-SUR-LEZE,43.44952354,1.412605822,25083,108358.56,France,Midi-Pyrénées,FRJ2,FR,18059.76
LAVERNOSE-LACASSE,43.40432403,1.269813241,3000,12960,France,Midi-Pyrénées,FRJ2,FR,2160
LEVIGNAC 2,43.68455532,1.213427288,2500,10800,France,Midi-Pyrénées,FRJ2,FR,1800
LHERM 2,43.43619831,1.237501195,4000,17280,France,Midi-Pyrénées,FRJ2,FR,2880
MARTRES-TOLOSANE 2,43.19503916,1.014032043,4150,17928,France,Midi-Pyrénées,FRJ2,FR,2988
MERVILLE N°2,43.72018651,1.307934318,7000,30240,France,Midi-Pyrénées,FRJ2,FR,5040
MIREMONT N°2,43.37264264,1.428021378,2000,8640,France,Midi-Pyrénées,FRJ2,FR,1440
MONTASTRUC-LA-CONSEILLERE 2,43.70954432,1.570658411,5700,24624,France,Midi-Pyrénées,FRJ2,FR,4104
MONTESQUIEU-VOLVESTRE N°2,43.21255,1.223697945,2500,10800,France,Midi-Pyrénées,FRJ2,FR,1800
MONTREJEAU COMMUNALE N°2,43.08257332,0.5787378222,2500,10800,France,Midi-Pyrénées,FRJ2,FR,1800
MURET GRAND JOFFRERY 2,43.47969688,1.342322565,45000,194400,France,Midi-Pyrénées,FRJ2,FR,32400
NAILLOUX 2,43.35811066,1.644853663,4500,19440,France,Midi-Pyrénées,FRJ2,FR,3240
NOE N°2 (S.I.A. NOE LONGAGES),43.35951763,1.287129207,4000,17280,France,Midi-Pyrénées,FRJ2,FR,2880
PINS JUSTARET N°2,43.48387635,1.404983665,10071,43506.72,France,Midi-Pyrénées,FRJ2,FR,7251.12
REVEL VAURÉ,43.47299056,1.986320138,20000,86400,France,Midi-Pyrénées,FRJ2,FR,14400
RIEUMES N°2,43.41743492,1.12751426,3000,12960,France,Midi-Pyrénées,FRJ2,FR,2160
ROUFFIAC-TOLOSAN N°2,43.6570106,1.531931268,3500,15120,France,Midi-Pyrénées,FRJ2,FR,2520
SAINT CLAR DE RIVIERE N°2,43.474942,1.212958449,6000,25920,France,Midi-Pyrénées,FRJ2,FR,4320
SAINTE-FOY-D'AIGREFEUILLE,43.55304254,1.59100961,2500,10800,France,Midi-Pyrénées,FRJ2,FR,1800
SAINT-GAUDENS (FIBRE EXCELLENCE EX TEMBEC),43.09664686,0.7291278388,300000,1296000,France,Midi-Pyrénées,FRJ2,FR,216000
SAINT-GENIES-BELLEVUE,43.67702878,1.482315103,2500,10800,France,Midi-Pyrénées,FRJ2,FR,1800
SAINT-JORY - N°2,43.76209764,1.365411005,7000,30240,France,Midi-Pyrénées,FRJ2,FR,5040
SAINT-LYS N°3,43.51849229,1.191940902,8000,34560,France,Midi-Pyrénées,FRJ2,FR,5760
SAINT-SULPICE-SUR-LEZE 2,43.34190517,1.323109129,3857,16662.24,France,Midi-Pyrénées,FRJ2,FR,2777.04
TOULOUSE GINESTOUS,43.62904034,1.417771361,950000,4104000,France,Midi-Pyrénées,FRJ2,FR,684000
SEILH-AUSSONNELLE,43.67598564,1.370992106,85000,367200,France,Midi-Pyrénées,FRJ2,FR,61200
BLAGNAC (QUINZE SOLS),43.65493284,1.403632526,35000,151200,France,Midi-Pyrénées,FRJ2,FR,25200
PINSAGUEL N°2 (SIVU),43.50841456,1.382393912,16000,69120,France,Midi-Pyrénées,FRJ2,FR,11520
PORTET-SUR-GARONNE (BAC),43.52676973,1.41513389,12000,51840,France,Midi-Pyrénées,FRJ2,FR,8640
VILLEFRANCHE-DE-LAURAGAIS 2,43.40230353,1.704897335,9500,41040,France,Midi-Pyrénées,FRJ2,FR,6840
VILLEMUR-SUR-TARN 2,43.87225953,1.496288149,7000,30240,France,Midi-Pyrénées,FRJ2,FR,5040
AUCH LAMOTHE,43.69648068,0.6041093506,50000,216000,France,Midi-Pyrénées,FRJ2,FR,36000
CAZAUBON,43.93881806,-0.07954457751,7000,30240,France,Aquitaine,FRI1,FR,5040
CONDOM (COMMUNALE),43.96584684,0.3748580173,28000,120960,France,Midi-Pyrénées,FRJ2,FR,20160
EAUZE,43.87464653,0.1049062758,5000,21600,France,Midi-Pyrénées,FRJ2,FR,3600
FLEURANCE,43.86229228,0.6612369867,13000,56160,France,Midi-Pyrénées,FRJ2,FR,9360
GIMONT,43.63519869,0.8739268388,10000,43200,France,Midi-Pyrénées,FRJ2,FR,7200
L'ISLE-JOURDAIN,43.62910908,1.11200284,9750,42120,France,Midi-Pyrénées,FRJ2,FR,7020
LECTOURE,43.93599838,0.6115293943,6000,25920,France,Midi-Pyrénées,FRJ2,FR,4320
MARCIAC,43.52070415,0.1772187406,3500,15120,France,Midi-Pyrénées,FRJ2,FR,2520
MIRANDE,43.51823224,0.4089554146,5800,25056,France,Midi-Pyrénées,FRJ2,FR,4176
NOGARO,43.76539391,-0.02932606085,2800,12096,France,Midi-Pyrénées,FRJ2,FR,2016
RISCLE,43.66108307,-0.09034348911,2500,10800,France,Midi-Pyrénées,FRJ2,FR,1800
SAMATAN,43.50071698,0.9400292456,9500,41040,France,Midi-Pyrénées,FRJ2,FR,6840
VIC-FEZENSAC,43.76409671,0.3076117982,4500,19440,France,Midi-Pyrénées,FRJ2,FR,3240
AMBES 2 LES CAILHOCS,45.00609181,-0.5182113309,5500,23760,France,Aquitaine,FRI1,FR,3960
BIGANOS 2,44.62949545,-0.9850102243,135000,583200,France,Aquitaine,FRI1,FR,97200
ARSAC,45.00410111,-0.6781003422,6000,25920,France,Aquitaine,FRI1,FR,4320
LE BARP (BRIQUE EN BRUC),44.61523076,-0.7936536258,12000,51840,France,Aquitaine,FRI1,FR,8640
BARSAC N°2,44.61145663,-0.3128120632,2500,10800,France,Aquitaine,FRI1,FR,1800
BAZAS,44.43459063,-0.1974547961,18800,81216,France,Aquitaine,FRI1,FR,13536
BEAUTIRAN 2,44.70512097,-0.4430388185,2500,10800,France,Aquitaine,FRI1,FR,1800
BELIN BELIET (BOURG DE BELIN),44.48984928,-0.7992956907,2700,11664,France,Aquitaine,FRI1,FR,1944
BELIN BELIET (BOURG DE BELIET),44.51473659,-0.8033764063,2000,8640,France,Aquitaine,FRI1,FR,1440
BERNOS-BEAULAC 2,44.37353614,-0.2612806256,2000,8640,France,Aquitaine,FRI1,FR,1440
BEYCHAC ET CAILLAU 2,44.87990422,-0.3731638259,9750,42120,France,Aquitaine,FRI1,FR,7020
LES BILLAUX 2,44.94944728,-0.2355883539,3000,12960,France,Aquitaine,FRI1,FR,2160
BLAYE,45.11631253,-0.6591992282,7000,30240,France,Aquitaine,FRI1,FR,5040
BOURG SUR GIRONDE,45.03705752,-0.5517595584,4000,17280,France,Aquitaine,FRI1,FR,2880
CABANAC ET VILLAGRAINS 2,44.61847868,-0.5351612391,2200,9504,France,Aquitaine,FRI1,FR,1584
CADAUJAC N°2,44.76026224,-0.5297960139,6500,28080,France,Aquitaine,FRI1,FR,4680
CADILLAC 2,44.65018635,-0.311832988,4500,19440,France,Aquitaine,FRI1,FR,3240
CAMBES SAINT CAPRAIS,44.74066979,-0.4627397561,7000,30240,France,Aquitaine,FRI1,FR,5040
CAMBLANES ET MEYNAC N°2,44.77403261,-0.4902630311,2500,10800,France,Aquitaine,FRI1,FR,1800
CAPTIEUX (COMMUNALE),44.29384289,-0.2633433002,2500,10800,France,Aquitaine,FRI1,FR,1800
CARCANS (CARCANS ZAC BOMBANNES),45.07807125,-1.163191864,12000,51840,France,Aquitaine,FRI1,FR,8640
CARIGNAN DE BORDEAUX,44.81496779,-0.4864508955,3000,12960,France,Aquitaine,FRI1,FR,2160
CASTELNAU DE MEDOC (CANTERANNE),45.03197529,-0.7844245616,8000,34560,France,Aquitaine,FRI1,FR,5760
SAINT MAGNE DE CASTLLON (CASTILLON LA BATAILLE),44.840436,-0.07581280347,9650,41688,France,Aquitaine,FRI1,FR,6948
CAVIGNAC,45.11210881,-0.3805123158,1500,6480,France,Aquitaine,FRI1,FR,1080
CERONS,44.63231395,-0.3305689757,2000,8640,France,Aquitaine,FRI1,FR,1440
CESTAS (MANO),44.75553766,-0.679384086,21000,90720,France,Aquitaine,FRI1,FR,15120
CISSAC MEDOC,45.21578868,-0.8356337573,3600,15552,France,Aquitaine,FRI1,FR,2592
COUTRAS (INTERCOMMUNALE),45.03852382,-0.1402575706,9200,39744,France,Aquitaine,FRI1,FR,6624
CREON 2,44.75890691,-0.3518029776,5500,23760,France,Aquitaine,FRI1,FR,3960
CUBZAC LES PONTS  2 (PORTO),44.98125835,-0.4623393382,30000,129600,France,Aquitaine,FRI1,FR,21600
CUSSAC LAMARQUE ARCINS - INTERCOMMUNALE - LE BOURDIEU),45.11005739,-0.7193557109,3800,16416,France,Aquitaine,FRI1,FR,2736
FARGUES ST-HILAIRE 2,44.81839145,-0.4307244969,5000,21600,France,Aquitaine,FRI1,FR,3600
GALGON,44.99384254,-0.2668297844,2000,8640,France,Aquitaine,FRI1,FR,1440
SILLAS-GRIGNOLS,44.37901883,-0.05584129765,2000,8640,France,Aquitaine,FRI1,FR,1440
GUITRES,45.04348801,-0.1802819031,2000,8640,France,Aquitaine,FRI1,FR,1440
HOSTENS 2,44.48906709,-0.6441626789,2000,8640,France,Aquitaine,FRI1,FR,1440
HOURTIN,45.21495127,-1.123876825,20000,86400,France,Aquitaine,FRI1,FR,14400
IZON,44.92828606,-0.3592537145,5000,21600,France,Aquitaine,FRI1,FR,3600
IZON VAYRES (INTERCOMMUNALE),44.916667,-0.3342316273,3500,15120,France,Aquitaine,FRI1,FR,2520
LA BREDE,44.68651333,-0.5208767348,3500,15120,France,Aquitaine,FRI1,FR,2520
LACANAU (STATION DES PELLEGRINS),44.98344087,-1.153893947,51600,222912,France,Aquitaine,FRI1,FR,37152
LE TOURNE LANGOIRAN,44.71104733,-0.4099633158,3000,12960,France,Aquitaine,FRI1,FR,2160
LANGON 3,44.55935809,-0.2540635897,49900,215568,France,Aquitaine,FRI1,FR,35928
LATRESNE 2,44.78003321,-0.5102735265,6000,25920,France,Aquitaine,FRI1,FR,4320
LESPARRE GAILLAN (INTERCOMMUNALE),45.31845901,-0.9463040773,8000,34560,France,Aquitaine,FRI1,FR,5760
LESTIAC SUR GARONNE,44.69001092,-0.3748345326,2000,8640,France,Aquitaine,FRI1,FR,1440
LIBOURNE,44.89419098,-0.2442417079,30000,129600,France,Aquitaine,FRI1,FR,21600
LISTRAC MEDOC (COMMUNALE),45.0720893,-0.780422942,2300,9936,France,Aquitaine,FRI1,FR,1656
LUDON MEDOC N°2,44.98619808,-0.6024594732,7000,30240,France,Aquitaine,FRI1,FR,5040
LUGON & L'ILE DU CARNAY (INTERCOMMUNALE),44.96382885,-0.3604328438,4500,19440,France,Aquitaine,FRI1,FR,3240
MACAU,45.01063029,-0.6114268973,4000,17280,France,Aquitaine,FRI1,FR,2880
MARGAUX,45.04816635,-0.6683336583,8000,34560,France,Aquitaine,FRI1,FR,5760
MARTILLAC,44.72046773,-0.5302823529,3700,15984,France,Aquitaine,FRI1,FR,2664
MIOS,44.6120478,-0.9548156065,10000,43200,France,Aquitaine,FRI1,FR,7200
MONTAGNE (ST CHRISTOPHE DES BARDES),44.91068255,-0.1212559759,5900,25488,France,Aquitaine,FRI1,FR,4248
MONTUSSAN,44.88260068,-0.4131907702,3500,15120,France,Aquitaine,FRI1,FR,2520
PAUILLAC,45.20522314,-0.7507579216,21000,90720,France,Aquitaine,FRI1,FR,15120
PEUJARD,45.04234655,-0.4325979593,2500,10800,France,Aquitaine,FRI1,FR,1800
PINEUILH,44.82671563,0.2011689882,15000,64800,France,Aquitaine,FRI1,FR,10800
PODENSAC,44.65890562,-0.3600173736,4000,17280,France,Aquitaine,FRI1,FR,2880
POMPIGNAC,44.8549564,-0.4265105444,4000,17280,France,Aquitaine,FRI1,FR,2880
LE PORGE,44.88841302,-1.170445429,6000,25920,France,Aquitaine,FRI1,FR,4320
PORTETS ARBANATS CASTRES,44.68777472,-0.4086799357,7500,32400,France,Aquitaine,FRI1,FR,5400
QUINSAC 2,44.76137224,-0.4907925545,2000,8640,France,Aquitaine,FRI1,FR,1440
LA REOLE 2,44.57942628,-0.06925765763,12000,51840,France,Aquitaine,FRI1,FR,8640
SADIRAC 2,44.78662985,-0.4139421765,4000,17280,France,Aquitaine,FRI1,FR,2880
SAINT DENIS DE PILE,44.99906233,-0.2051157937,5000,21600,France,Aquitaine,FRI1,FR,3600
ST SULPICE DE FALEYRENS,44.87429527,-0.1973307686,5100,22032,France,Aquitaine,FRI1,FR,3672
ST ESTEPHE,45.27013825,-0.7603495586,2500,10800,France,Aquitaine,FRI1,FR,1800
SAINT GERMAIN DU PUCH N°2,44.85704185,-0.3154612414,2200,9504,France,Aquitaine,FRI1,FR,1584
SAINTE HELENE 2,44.9619602,-0.9015463302,3000,12960,France,Aquitaine,FRI1,FR,2160
SAINT JEAN D'ILLAC 2,44.8250643,-0.7774587113,25000,108000,France,Aquitaine,FRI1,FR,18000
SAINT JULIEN BEYCHEVELLE,45.15864364,-0.733638964,14550,62856,France,Aquitaine,FRI1,FR,10476
ST LAURENT MEDOC (ST LAURENT ET BENON),45.14880357,-0.8147640548,4500,19440,France,Aquitaine,FRI1,FR,3240
SAINT MARTIN LACAUSSADE (INTERCOMMUNALE),45.14554929,-0.6466584765,2700,11664,France,Aquitaine,FRI1,FR,1944
SAINT MEDARD DE GUIZIERES (INTERCOMMUNALE),45.01804442,-0.06552508307,4500,19440,France,Aquitaine,FRI1,FR,3240
ST-MEDARD-D'EYRANS (2),44.72378123,-0.5017200046,5750,24840,France,Aquitaine,FRI1,FR,4140
ST MEDARD D'EYRANS,44.72379781,-0.5014808647,3700,15984,France,Aquitaine,FRI1,FR,2664
SAINT QUENTIN DE BARON (INTERCOMMUNALE),44.81373561,-0.2978784129,6000,25920,France,Aquitaine,FRI1,FR,4320
SAINT SAVIN N°2,45.13658132,-0.4544719986,2400,10368,France,Aquitaine,FRI1,FR,1728
SAINT SELVE (COMMUNALE N°2),44.67618885,-0.4809267562,3000,12960,France,Aquitaine,FRI1,FR,2160
ST SEURIN SUR L'ISLE,45.01938723,0.002953293653,3000,12960,France,Aquitaine,FRI1,FR,2160
SAINT YZAN DE SOUDIAC,45.14150724,-0.3855517583,2800,12096,France,Aquitaine,FRI1,FR,2016
SALLES (LE MARTINET),44.54847205,-0.8856098432,3000,12960,France,Aquitaine,FRI1,FR,2160
SALLES,44.55123095,-0.8748210602,3000,12960,France,Aquitaine,FRI1,FR,2160
SAUCATS 2,44.65038274,-0.5907171125,2500,10800,France,Aquitaine,FRI1,FR,1800
SAUVETERRE DE GUYENNE,44.69006886,-0.0884504328,3200,13824,France,Aquitaine,FRI1,FR,2304
LA TESTE DE BUCH 2,44.60380139,-1.128666278,150000,648000,France,Aquitaine,FRI1,FR,108000
VAYRES,44.90353244,-0.3193507402,4500,19440,France,Aquitaine,FRI1,FR,3240
VENDAYS MONTALIVET,45.38062232,-1.12195075,25000,108000,France,Aquitaine,FRI1,FR,18000
YVRAC (LES TABERNOTES),44.86990128,-0.4632753472,2500,10800,France,Aquitaine,FRI1,FR,1800
MARCHEPRIME,44.68654091,-0.8639961014,8000,34560,France,Aquitaine,FRI1,FR,5760
LASALVETAT-SUR-AGOUT,43.60668914,2.697608371,2800,12096,France,Midi-Pyrénées,FRJ2,FR,2016
AIRE SUR L ADOUR,43.70954266,-0.2719425634,12000,51840,France,Aquitaine,FRI1,FR,8640
BENESSE MAREMNE-2,43.63580417,-1.36991551,7500,32400,France,Aquitaine,FRI1,FR,5400
BISCARROSSE (BIREBRAC),44.39301326,-1.19428209,42917,185401.44,France,Aquitaine,FRI1,FR,30900.24
CAPBRETON,43.6267509,-1.452358314,41400,178848,France,Aquitaine,FRI1,FR,29808
CASTETS2,43.90700866,-1.126350885,5500,23760,France,Aquitaine,FRI1,FR,3960
DAX,43.68735634,-1.09435356,81350,351432,France,Aquitaine,FRI1,FR,58572
GASTES,44.31985979,-1.169239899,7200,31104,France,Aquitaine,FRI1,FR,5184
GRENADE SUR L'ADOUR,43.78171509,-0.4395723024,3333,14398.56,France,Aquitaine,FRI1,FR,2399.76
HAGETMAU,43.65707287,-0.6086094323,15667,67681.44,France,Aquitaine,FRI1,FR,11280.24
LABENNE,43.60350048,-1.44860533,20000,86400,France,Aquitaine,FRI1,FR,14400
LABOUHEYRE,44.21663915,-0.9326095943,4000,17280,France,Aquitaine,FRI1,FR,2880
LEON,43.86692095,-1.331180199,8900,38448,France,Aquitaine,FRI1,FR,6408
LINXE 2,43.90675707,-1.258848844,4000,17280,France,Aquitaine,FRI1,FR,2880
LIT ET MIXE (CABANIOUS),44.03162316,-1.297726862,15000,64800,France,Aquitaine,FRI1,FR,10800
MAGESCQ 3,43.77872114,-1.231809459,5000,21600,France,Aquitaine,FRI1,FR,3600
MIMIZAN,44.20147759,-1.27749792,57000,246240,France,Aquitaine,FRI1,FR,41040
MOLIETS ET MAA,43.83989928,-1.327138158,18000,77760,France,Aquitaine,FRI1,FR,12960
MONTAUT,43.72412267,-0.6714276073,2800,12096,France,Aquitaine,FRI1,FR,2016
MONT DE MARSAN (CONTE),43.89700616,-0.4685091757,30000,129600,France,Aquitaine,FRI1,FR,21600
MORCENX-LA-NOUVELLE,44.01465388,-0.8795899586,5200,22464,France,Aquitaine,FRI1,FR,3744
ONDRES,43.57531196,-1.447930916,9000,38880,France,Aquitaine,FRI1,FR,6480
ORTHEVIELLE 2,43.55575517,-1.159788256,3500,15120,France,Aquitaine,FRI1,FR,2520
PARENTIS EN BORN 2,44.34241155,-1.074073154,16000,69120,France,Aquitaine,FRI1,FR,11520
PEYREHORADE,43.54523795,-1.114274674,6200,26784,France,Aquitaine,FRI1,FR,4464
PONTONX SUR L'ADOUR (COMMUNALE),43.78187511,-0.9300739289,3583,15478.56,France,Aquitaine,FRI1,FR,2579.76
RION DES LANDES 2,43.92782213,-0.9168316504,4000,17280,France,Aquitaine,FRI1,FR,2880
ROQUEFORT LANDES,44.03451927,-0.3373450752,4500,19440,France,Aquitaine,FRI1,FR,3240
STE EULALIE EN BORN N°2,44.2672137,-1.195636986,4000,17280,France,Aquitaine,FRI1,FR,2880
ST GEOURS DE MAREMNE (EXTENSION),43.70160063,-1.219772668,18000,77760,France,Aquitaine,FRI1,FR,12960
ST JULIEN EN BORN,44.08902108,-1.307368108,11000,47520,France,Aquitaine,FRI1,FR,7920
ST MARTIN DE SEIGNANX 2,43.52297507,-1.378142616,7500,32400,France,Aquitaine,FRI1,FR,5400
ST PAUL LES DAX 2,43.72267139,-1.072902219,44000,190080,France,Aquitaine,FRI1,FR,31680
ST SEVER URBAINE,43.76718741,-0.5833895336,5000,21600,France,Aquitaine,FRI1,FR,3600
ST VINCENT DE PAUL 2,43.75839764,-0.9872459196,6000,25920,France,Aquitaine,FRI1,FR,4320
ST VINCENT DE TYROSSE,43.65337575,-1.299023028,12083,52198.56,France,Aquitaine,FRI1,FR,8699.76
SANGUINET,44.51840708,-1.059663513,16000,69120,France,Aquitaine,FRI1,FR,11520
SEIGNOSSE - LE PENON,43.70030608,-1.416429324,35000,151200,France,Aquitaine,FRI1,FR,25200
SOUSTONS PORT D'ALBRET,43.76014524,-1.391804928,100000,432000,France,Aquitaine,FRI1,FR,72000
TARNOS (NLLE COMMUNALE),43.53792567,-1.492229123,34300,148176,France,Aquitaine,FRI1,FR,24696
TARTAS,43.83014178,-0.8167530822,4000,17280,France,Aquitaine,FRI1,FR,2880
"VIELLE SAINT GIRONS (VIELLE,BOURG ET PLAGE)",43.95468523,-1.340820383,13000,56160,France,Aquitaine,FRI1,FR,9360
VILLENEUVE DE MARSAN,43.89966136,-0.3042701124,2500,10800,France,Aquitaine,FRI1,FR,1800
YCHOUX 2,44.32821948,-0.9710192181,5000,21600,France,Aquitaine,FRI1,FR,3600
ALVIGNAC 2,44.82609695,1.683823728,3000,12960,France,Midi-Pyrénées,FRJ2,FR,2160
BIARS BRETENOUX,44.91714695,1.822196404,8000,34560,France,Midi-Pyrénées,FRJ2,FR,5760
CAHORS (ST MARY),44.45852343,1.430183949,49000,211680,France,Midi-Pyrénées,FRJ2,FR,35280
CAJARC,44.47493817,1.832049752,3500,15120,France,Midi-Pyrénées,FRJ2,FR,2520
CAILLAC 2,44.48423194,1.359225809,5000,21600,France,Midi-Pyrénées,FRJ2,FR,3600
FIGEAC2,44.60235204,2.011979491,17500,75600,France,Midi-Pyrénées,FRJ2,FR,12600
FONTANES-SMOCS,44.34128011,1.478294372,3000,12960,France,Midi-Pyrénées,FRJ2,FR,2160
GOURDON-BLÉOU-RÉHABILITÉ,44.72644611,1.380812691,7500,32400,France,Midi-Pyrénées,FRJ2,FR,5400
GOURDON COMBE FRAÎCHE,44.75378666,1.363154559,2400,10368,France,Midi-Pyrénées,FRJ2,FR,1728
GRAMAT,44.78200254,1.709901555,9000,38880,France,Midi-Pyrénées,FRJ2,FR,6480
LACAPELLE-MARIVAL,44.72009988,1.925062356,3500,15120,France,Midi-Pyrénées,FRJ2,FR,2520
SOUILLAC 2,44.89260955,1.441325839,8500,36720,France,Midi-Pyrénées,FRJ2,FR,6120
LUZECH,44.4844817,1.272973988,2500,10800,France,Midi-Pyrénées,FRJ2,FR,1800
MARTEL (BOURG),44.93292582,1.613253055,2300,9936,France,Midi-Pyrénées,FRJ2,FR,1656
ROCAMADOUR (BOURG),44.79596919,1.613722685,3500,15120,France,Midi-Pyrénées,FRJ2,FR,2520
SAINT-CERE INTERCOMMUNALE,44.85830237,1.880450173,11000,47520,France,Midi-Pyrénées,FRJ2,FR,7920
AGEN,44.21181693,0.6059725776,55000,237600,France,Aquitaine,FRI1,FR,39600
AIGUILLON (CAEER),44.30485845,0.3388127915,4666,20157.12,France,Aquitaine,FRI1,FR,3359.52
BOE (ST-PIERRE DE GAUBERT),44.16794462,0.6707854237,40000,172800,France,Aquitaine,FRI1,FR,28800
CASSENEUIL,44.44074053,0.6089526153,3000,12960,France,Aquitaine,FRI1,FR,2160
CONDEZAYGUES (FUMEL-MONSEMPPON LIBOS),44.48047372,0.9394413378,15000,64800,France,Aquitaine,FRI1,FR,10800
LAVARDAC,44.18292824,0.3017733409,2700,11664,France,Aquitaine,FRI1,FR,1944
LAYRAC,44.13981993,0.6583709504,3000,12960,France,Aquitaine,FRI1,FR,2160
THIVRAS,44.50490515,0.1420304263,41667,180001.44,France,Aquitaine,FRI1,FR,30000.24
MIRAMONT DE GUYENNE,44.60829212,0.3531776022,9000,38880,France,Aquitaine,FRI1,FR,6480
NERAC,44.14081839,0.3401770571,7500,32400,France,Aquitaine,FRI1,FR,5400
LE PASSAGE (COMMUNALE) 2,44.20856409,0.602992396,20000,86400,France,Aquitaine,FRI1,FR,14400
PENNE D AGENAIS (CROQUELARDIT) - ANCIENNE,44.39032639,0.7981002693,2420,10454.4,France,Aquitaine,FRI1,FR,1742.4
PONT DU CASSE,44.22301518,0.6600731936,5500,23760,France,Aquitaine,FRI1,FR,3960
STE LIVRADE SUR LOT,44.40441543,0.5910026198,10000,43200,France,Aquitaine,FRI1,FR,7200
TONNEINS,44.39710008,0.2975788104,15500,66960,France,Aquitaine,FRI1,FR,11160
VILLENEUVE SUR LOT (VIREBEAU),44.40106394,0.7212472289,20000,86400,France,Aquitaine,FRI1,FR,14400
VILLENEUVE SUR LOT (MASSANES),44.42666881,0.7022698744,47000,203040,France,Aquitaine,FRI1,FR,33840
PEYRE EN AUBRAC (AUMONT AUBRAC 2),44.72750051,3.280327059,4400,19008,France,Languedoc-Roussillon,FRJ1,FR,3168
LA CANOURGUE SIVU (LA CANOURGUE-BANASSAC-ST-GERMAIN),44.43624867,3.18844783,8200,35424,France,Languedoc-Roussillon,FRJ1,FR,5904
LES SALELLES (AUBRAC LOT CAUSSE ET PAYS DE CHANAC),44.48848649,3.267358313,4500,19440,France,Languedoc-Roussillon,FRJ1,FR,3240
FLORAC,44.3374168,3.585608743,8000,34560,France,Languedoc-Roussillon,FRJ1,FR,5760
ISPAGNAC (BOURG N°2),44.37093439,3.52976967,2580,11145.6,France,Languedoc-Roussillon,FRJ1,FR,1857.6
CHIRAC (MARVEJOLS),44.53817683,3.275548387,15000,64800,France,Languedoc-Roussillon,FRJ1,FR,10800
MENDE,44.51547638,3.469285102,18333,79198.56,France,Languedoc-Roussillon,FRJ1,FR,13199.76
MEYRUEIS (BOURG),44.18303802,3.424274404,4000,17280,France,Languedoc-Roussillon,FRJ1,FR,2880
SAINT ALBAN SUR LIMAGNOLE (BOURG),44.77760272,3.377452709,2300,9936,France,Languedoc-Roussillon,FRJ1,FR,1656
ST CHELY D'APCHER,44.7998236,3.283507602,8000,34560,France,Languedoc-Roussillon,FRJ1,FR,5760
ST PALAIS 2,43.33246707,-1.029651072,9000,38880,France,Aquitaine,FRI1,FR,6480
AINHOA DANCHARIA,43.29603778,-1.505319857,2500,10800,France,Aquitaine,FRI1,FR,1800
ARETTE 2 (LA PIERRE ST MARTIN),42.98793753,-0.7425255966,3500,15120,France,Aquitaine,FRI1,FR,2520
IDRON OUSSE SENDETS (INTERCOMMUNALE),43.28856854,-0.3274872445,9000,38880,France,Aquitaine,FRI1,FR,6480
ARTIX,43.39506881,-0.5853998209,7000,30240,France,Aquitaine,FRI1,FR,5040
ASCAIN,43.35180374,-1.629216574,10000,43200,France,Aquitaine,FRI1,FR,7200
ANGLET (PONT DE L'AVEUGLE N°2),43.50228297,-1.497041783,111667,482401.44,France,Aquitaine,FRI1,FR,80400.24
BIARRITZ (MARBELLA 2),43.46559536,-1.570483114,90400,390528,France,Aquitaine,FRI1,FR,65088
BAYONNE (SAINT FREDERIC 2),43.48709308,-1.452447914,60000,259200,France,Aquitaine,FRI1,FR,43200
BAYONNE SAINT BERNARD 2,43.51161005,-1.48508093,26000,112320,France,Aquitaine,FRI1,FR,18720
BIDART,43.43348743,-1.590262976,25000,108000,France,Aquitaine,FRI1,FR,18000
BIDOS (INTERCOMMUNALE),43.1740931,-0.6004454424,4100,17712,France,Aquitaine,FRI1,FR,2952
ASSAT,43.23934024,-0.29453933,15000,64800,France,Aquitaine,FRI1,FR,10800
CAMBO LES BAINS,43.36864127,-1.405255777,12500,54000,France,Aquitaine,FRI1,FR,9000
CASTETNAU CAMBLONG (INTERCOMMUNALE),43.33006689,-0.7699153312,4000,17280,France,Aquitaine,FRI1,FR,2880
EAUX BONNES (GOURETTE),42.9608533,-0.3359564739,6500,28080,France,Aquitaine,FRI1,FR,4680
ESPELETTE 3,43.35554942,-1.449916147,6000,25920,France,Aquitaine,FRI1,FR,4320
LEDEUIX,43.20897685,-0.6256782275,3800,16416,France,Aquitaine,FRI1,FR,2736
GUETHARY ST JEAN DE LUZ - ACOTZ,43.42240962,-1.617642065,10000,43200,France,Aquitaine,FRI1,FR,7200
HASPARREN (JOYEUSE),43.38707499,-1.275284034,8000,34560,France,Aquitaine,FRI1,FR,5760
HENDAYE (LES DEUX JUMEAUX),43.37699945,-1.756719901,35400,152928,France,Aquitaine,FRI1,France,25488
ITXASSOU 2008,43.33160961,-1.394202657,4000,17280,France,Aquitaine,FRI1,FR,2880
ABIDOS (INTERCOMMUNALE),43.40157151,-0.6226979823,3800,16416,France,Aquitaine,FRI1,FR,2736
LAHONCE (INTERCOMMUNALE),43.48977576,-1.382233075,4000,17280,France,Aquitaine,FRI1,FR,2880
LARUNS,42.98630694,-0.4179655981,2850,12312,France,Aquitaine,FRI1,FR,2052
ARUDY,43.11493889,-0.4217000373,7000,30240,France,Aquitaine,FRI1,FR,5040
MONEIN 2,43.33877622,-0.579687169,5925,25596,France,Aquitaine,FRI1,FR,4266
MORLAAS (BAZACLE 2),43.36067506,-0.2680029809,6000,25920,France,Aquitaine,FRI1,FR,4320
MOUGUERRE NOUVELLE,43.48329359,-1.43303335,12000,51840,France,Aquitaine,FRI1,FR,8640
MOURENX VILLE NOUVELLE 2,43.39717253,-0.6383900976,10000,43200,France,Aquitaine,FRI1,FR,7200
BAUDREIX 2,43.2026678,-0.2665292351,20000,86400,France,Aquitaine,FRI1,FR,14400
OLORON SAINTE MARIE,43.20613504,-0.62530277,22167,95761.44,France,Aquitaine,FRI1,FR,15960.24
ORTHEZ (INTECOMMUNALE 2),43.4880454,-0.7946457964,14300,61776,France,Aquitaine,FRI1,FR,10296
LESCAR,43.31532691,-0.4393840903,190000,820800,France,Aquitaine,FRI1,FR,136800
PONTACQ 3,43.20264479,-0.113566119,5000,21600,France,Midi-Pyrénées,FRJ2,FR,3600
PUYOO,43.52101567,-0.9196465561,2500,10800,France,Aquitaine,FRI1,FR,1800
SAINT-ETIENNE-DE-BAIGORRY,43.17935263,-1.336366385,2700,11664,France,Aquitaine,FRI1,FR,1944
ST JEAN DE LUZ (ARCHILUA),43.40440609,-1.650829663,49166,212397.12,France,Aquitaine,FRI1,FR,35399.52
URRUGNE (LABURRENIA),43.37798188,-1.707502972,47000,203040,France,Aquitaine,FRI1,FR,33840
ISPOURE 2 (INTERCOMMUNALE),43.1806841,-1.257772629,10000,43200,France,Aquitaine,FRI1,FR,7200
ST PEE SUR NIVELLE 2,43.35744344,-1.613232368,15000,64800,France,Aquitaine,FRI1,FR,10800
SALIES DE BEARN,43.46738622,-0.934181455,8000,34560,France,Aquitaine,FRI1,FR,5760
SAULT-DE-NAVAILLES COMMUNALE,43.54755488,-0.6767761712,1200,5184,France,Aquitaine,FRI1,FR,864
SAUVETERRE DE BEARN,43.39461313,-0.949005884,10000,43200,France,Aquitaine,FRI1,FR,7200
AUSSEVIELLE-SIROS 2,43.3516216,-0.5014602747,6000,25920,France,Aquitaine,FRI1,FR,4320
ARTIGUELOUTAN 2,43.2661745,-0.2348178278,6000,25920,France,Aquitaine,FRI1,FR,4320
TARSACQ (INTERCOMMUNALE),43.36455775,-0.5378308559,4500,19440,France,Aquitaine,FRI1,FR,3240
URCUIT 2,43.48449647,-1.323000044,3000,12960,France,Aquitaine,FRI1,FR,2160
URT 2 (COMMUNALE),43.49863935,-1.302713389,4000,17280,France,Aquitaine,FRI1,FR,2880
USTARITZ (INTERCOMMUNALE) N2,43.41278593,-1.464753005,12000,51840,France,Aquitaine,FRI1,FR,8640
UZEIN,43.41404867,-0.4262018175,20000,86400,France,Aquitaine,FRI1,FR,14400
ANDREST,43.33005842,0.05322069881,2200,9504,France,Midi-Pyrénées,FRJ2,FR,1584
ARGELES GAZOST 2,43.01113951,-0.08526739929,15000,64800,France,Midi-Pyrénées,FRJ2,FR,10800
ARREAU,42.91530459,0.3609689389,2500,10800,France,Midi-Pyrénées,FRJ2,FR,1800
ARRENS-MARSOUS,42.96367717,-0.1950566672,2300,9936,France,Midi-Pyrénées,FRJ2,FR,1656
AUREILHAN,43.26382396,0.08378878831,45000,194400,France,Midi-Pyrénées,FRJ2,FR,32400
BAGNERES DE BIGORRE,43.08119579,0.1476193068,25000,108000,France,Midi-Pyrénées,FRJ2,FR,18000
BAZET,43.29495561,0.07993407022,2500,10800,France,Midi-Pyrénées,FRJ2,FR,1800
CAPVERN,43.12773805,0.2996783677,5000,21600,France,Midi-Pyrénées,FRJ2,FR,3600
CAUTERETS,42.91301677,-0.09730058393,8500,36720,France,Midi-Pyrénées,FRJ2,FR,6120
ESQUIEZE-SERE,42.88498132,-0.01487638399,5000,21600,France,Midi-Pyrénées,FRJ2,FR,3600
IBOS 2,43.2384443,-0.01113542262,3200,13824,France,Midi-Pyrénées,FRJ2,FR,2304
LANNEMEZAN,43.1296623,0.3983900571,12000,51840,France,Midi-Pyrénées,FRJ2,FR,8640
GENOS LOURON,42.81210149,0.4084249976,14300,61776,France,Midi-Pyrénées,FRJ2,FR,10296
LOUEY,43.18461345,0.02253384884,4200,18144,France,Midi-Pyrénées,FRJ2,FR,3024
LOURDES (INTERCOMMUNALE),43.09859311,-0.07826400214,109400,472608,France,Midi-Pyrénées,FRJ2,FR,78768
LUZ-SAINT-SAUVEUR (MAOUBÈZE),42.87586035,-0.01505114278,9800,42336,France,Midi-Pyrénées,FRJ2,FR,7056
MAUBOURGUET 2,43.47541502,0.03737370744,3600,15552,France,Midi-Pyrénées,FRJ2,FR,2592
ORLEIX-CHIS,43.30161324,0.1224146379,2500,10800,France,Midi-Pyrénées,FRJ2,FR,1800
OSSUN,43.19182078,-0.02415627983,3500,15120,France,Midi-Pyrénées,FRJ2,FR,2520
PIERREFITTE-SOULOM,42.96926841,-0.06867490036,3500,15120,France,Midi-Pyrénées,FRJ2,FR,2520
RABASTENS DE BIGORRE,43.3956573,0.1530690547,2000,8640,France,Midi-Pyrénées,FRJ2,FR,1440
TARBES OUEST 2,43.27426957,0.05209206188,53300,230256,France,Midi-Pyrénées,FRJ2,FR,38376
VIC EN BIGORRE,43.39486351,0.04782856143,7600,32832,France,Midi-Pyrénées,FRJ2,FR,5472
VIELLE AURE,42.83809919,0.3352204745,21000,90720,France,Midi-Pyrénées,FRJ2,FR,15120
CHEF-BOUTONNE GUIBOU,46.10638069,-0.08768085688,2200,9504,France,Poitou-Charentes,FRI3,FR,1584
MELLE-LOUBEAU,46.21335569,-0.149893543,8100,34992,France,Poitou-Charentes,FRI3,FR,5832
SIVU DES MOULINS PAYRIN AUGMONTEL,43.51516362,2.345795967,5000,21600,France,Midi-Pyrénées,FRJ2,FR,3600
ALBI-INTERCOMMUNALE-C2A-,43.93449327,2.135955286,94200,406944,France,Midi-Pyrénées,FRJ2,FR,67824
AUSSILLON-VILLE,43.51429131,2.362495836,9100,39312,France,Midi-Pyrénées,FRJ2,FR,6552
CAGNAC LES MINES LA MAURÉLIÉ,43.97852352,2.142965809,2000,8640,France,Midi-Pyrénées,FRJ2,FR,1440
CARMAUX -INTERCOMMUNALE DE VALARENS,44.07029786,2.127589578,20000,86400,France,Midi-Pyrénées,FRJ2,FR,14400
CASTRES,43.58937917,2.207095224,130000,561600,France,Midi-Pyrénées,FRJ2,FR,93600
RABASTENS COUFFOULEUX (INTERCOMMUNALE),43.81307738,1.721853269,8000,34560,France,Midi-Pyrénées,FRJ2,FR,5760
GAILLAC INTERCOMMUNALE (LONGUEVILLE),43.88424444,1.874056271,31167,134641.44,France,Midi-Pyrénées,FRJ2,FR,22440.24
GRAULHET,43.77412823,1.987541817,220000,950400,France,Midi-Pyrénées,FRJ2,FR,158400
LABRUGUIERE (VILLE),43.55291399,2.259818375,5000,21600,France,Midi-Pyrénées,FRJ2,FR,3600
LACAUNE (COMMUNALE),43.70773232,2.674064857,15000,64800,France,Midi-Pyrénées,FRJ2,FR,10800
LAVAUR (FONTENAU ),43.7082101,1.80321884,13000,56160,France,Midi-Pyrénées,FRJ2,FR,9360
LISLE SUR TARN,43.83805624,1.803073492,3000,12960,France,Midi-Pyrénées,FRJ2,FR,2160
MARSSAC N°2 (COMMUNALE),43.91646699,2.020849678,4400,19008,France,Midi-Pyrénées,FRJ2,FR,3168
MAZAMET- INTERCOMMUNALE,43.50372866,2.390721037,18000,77760,France,Midi-Pyrénées,FRJ2,FR,12960
CORDES - LES CABANNES,44.07333789,1.932229639,3000,12960,France,Midi-Pyrénées,FRJ2,FR,2160
PUYLAURENS,43.56930294,1.998826442,4000,17280,France,Midi-Pyrénées,FRJ2,FR,2880
REALMONT BOURG,43.76700702,2.187037802,2250,9720,France,Midi-Pyrénées,FRJ2,FR,1620
ST SULPICE,43.7830462,1.673058776,12500,54000,France,Midi-Pyrénées,FRJ2,FR,9000
SAIX-SEMALENS,43.59220969,2.134670425,4470,19310.4,France,Midi-Pyrénées,FRJ2,FR,3218.4
ALBIAS (COMMUNALE),44.09419099,1.445393295,1900,8208,France,Midi-Pyrénées,FRJ2,FR,1368
BEAUMONT-DE-LOMAGNE,43.87867604,1.002360306,7000,30240,France,Midi-Pyrénées,FRJ2,FR,5040
MONTAUBAN (ZI PARAGES - LACTEL),43.97484969,1.339217411,13600,58752,France,Midi-Pyrénées,FRJ2,FR,9792
CASTELSARRASIN,44.04259969,1.088831911,33000,142560,France,Midi-Pyrénées,FRJ2,FR,23760
CAUSSADE,44.15931854,1.526620837,18000,77760,France,Midi-Pyrénées,FRJ2,FR,12960
ESCATALENS,43.98725966,1.180061996,2500,10800,France,Midi-Pyrénées,FRJ2,FR,1800
LABASTIDE ST PIERRE,43.92403284,1.364097387,2200,9504,France,Midi-Pyrénées,FRJ2,FR,1584
LA VILLE DIEU DU TEMPLE (COMMUNALE),44.04064881,1.207646443,2650,11448,France,Midi-Pyrénées,FRJ2,FR,1908
MOISSAC,44.10036034,1.072274031,12000,51840,France,Midi-Pyrénées,FRJ2,FR,8640
MONTBETON (COMMUNALE),44.00951555,1.297620611,4000,17280,France,Midi-Pyrénées,FRJ2,FR,2880
MONTECH,43.94356522,1.210696791,13000,56160,France,Midi-Pyrénées,FRJ2,FR,9360
NEGREPELISSE (COMMUNALE),44.07209037,1.495628719,4000,17280,France,Midi-Pyrénées,FRJ2,FR,2880
NEGREPELISSE MV,44.07360369,1.495701099,3200,13824,France,Midi-Pyrénées,FRJ2,FR,2304
SAINT ETIENNE DE TULMONT (COMMUNALE),44.04962669,1.451440123,1900,8208,France,Midi-Pyrénées,FRJ2,FR,1368
SAINT NICOLAS DE LA GRAVE N°2 (COMMUNALE),44.07183756,1.042770851,2000,8640,France,Midi-Pyrénées,FRJ2,FR,1440
VALENCE D AGEN (COMMUNALE),44.11054565,0.877100493,7500,32400,France,Midi-Pyrénées,FRJ2,FR,5400
CIVRAY-SAVIGNE-ST PIERRE D'EXIDEUIL (INTERCOMMUNALE),46.14540727,0.2913694384,8000,34560,France,Poitou-Charentes,FRI3,FR,5760
SAINT-YRIEIX-LA-PERCHE (LE BOCAGE),45.49804696,1.189111202,18000,77760,France,Limousin,FRI2,FR,12960
FOIX (LABARRE),42.99733889,1.614406042,3500,15120,France,Midi-Pyrénées,FRJ2,FR,2520
MAURIAC EST LABIOU,45.22711083,2.348832597,10000,43200,France,Auvergne,FRK1,FR,7200
YTRAC,44.92965511,2.383402655,5300,22896,France,Auvergne,FRK1,FR,3816
CHAMPNIERS CHEZ SURAUD,45.69225264,0.1969200602,2700,11664,France,Poitou-Charentes,FRI3,FR,1944
BERAT 3,43.38994843,1.183268159,2200,9504,France,Midi-Pyrénées,FRJ2,FR,1584
MONTBERON N°2,43.72533909,1.46809051,4000,17280,France,Midi-Pyrénées,FRJ2,FR,2880
CUGNAUX 2,43.53310514,1.368983079,71000,306720,France,Midi-Pyrénées,FRJ2,FR,51120
PLAISANCE DU TOUCH N°2,43.56713259,1.316591502,20000,86400,France,Midi-Pyrénées,FRJ2,FR,14400
SALVETAT-DEFI-AUSSONNELLE,43.58442836,1.271811505,25800,111456,France,Midi-Pyrénées,FRJ2,FR,18576
AMBARES ET LAGRAVE (SABAREGES 2),44.92930752,-0.5009970022,117000,505440,France,Aquitaine,FRI1,FR,84240
BEGLES (CLOS DE HILDE),44.80090967,-0.5325397326,408333,1763998.56,France,Aquitaine,FRI1,FR,293999.76
BORDEAUX (LOUIS FARGUE 2),44.86769191,-0.5651955063,477000,2060640,France,Aquitaine,FRI1,FR,343440
EYSINES (CANTINOLLE 2),44.89465596,-0.6670682882,85000,367200,France,Aquitaine,FRI1,FR,61200
BLANQUEFORT LILLE (2),44.91035812,-0.5914737068,67000,289440,France,Aquitaine,FRI1,FR,48240
LEOGNAN,44.74693843,-0.5787730427,12000,51840,France,Aquitaine,FRI1,FR,8640
SAINT LOUBES (COMMUNALE),44.92537673,-0.4264762949,13000,56160,France,Aquitaine,FRI1,FR,9360
SAINT LOUBES (ZI),44.92658072,-0.4568438015,5000,21600,France,Aquitaine,FRI1,FR,3600
CANEJAN (LA HOUSE),44.75924627,-0.6397042416,4500,19440,France,Aquitaine,FRI1,FR,3240
CANEJAN (COMMUNALE),44.75943889,-0.6497352484,3500,15120,France,Aquitaine,FRI1,FR,2520
PIAN MEDOC N°2,44.94961066,-0.6266723136,5000,21600,France,Aquitaine,FRI1,FR,3600
CARCANS BOURG 2,45.06639405,-1.028683847,4000,17280,France,Aquitaine,FRI1,FR,2880
LE PORGE LA JENNY,44.83603746,-1.211283619,4000,17280,France,Aquitaine,FRI1,FR,2880
SAINT CIERS SUR GIRONDE (LES BERTHES),45.2829955,-0.6218839876,3800,16416,France,Aquitaine,FRI1,FR,2736
ST SULPICE ET CAMEYRAC (ST SULPICE + CAMEYRAC),44.91818042,-0.3949358872,5000,21600,France,Aquitaine,FRI1,FR,3600
LA TESTE DE BUCH (CAZAUX),44.52854937,-1.169800664,5000,21600,France,Aquitaine,FRI1,FR,3600
BISCARROSSE (LA PLAGE),44.44002881,-1.253613965,30000,129600,France,Aquitaine,FRI1,FR,21600
MONT DE MARSAN (JOUANAS 2),43.89461559,-0.5287433405,56666,244797.12,France,Aquitaine,FRI1,FR,40799.52
PRAYSSAC - PUY L'EVÊQUE,44.50628171,1.166977109,9200,39744,France,Midi-Pyrénées,FRJ2,FR,6624
CASTELJALOUX (LAUGAS),44.32886691,0.09288582387,5000,21600,France,Aquitaine,FRI1,FR,3600
BRISCOUS_SALINES,43.4610278,-1.357316906,4000,17280,France,Aquitaine,FRI1,FR,2880
BASSUSSARRY 2009,43.44891138,-1.493273487,8000,34560,France,Aquitaine,FRI1,FR,5760
VIODOS ABENSE DE BAS (INTERCOMMUNALE),43.24689897,-0.8764160407,10000,43200,France,Aquitaine,FRI1,FR,7200
ARAGNOUET (EGET MOUDANG),42.79438946,0.2679680299,6000,25920,France,Midi-Pyrénées,FRJ2,FR,4320
BAGNERES DE BIGORRE (STATION DE LA MONGIE),42.91125239,0.1837264275,9500,41040,France,Midi-Pyrénées,FRJ2,FR,6840
JUILLAN (COMMUNALE),43.20543471,0.03434352217,9000,38880,France,Midi-Pyrénées,FRJ2,FR,6480
TARBES (TARBES EST),43.27446716,0.07558783076,45000,194400,France,Midi-Pyrénées,FRJ2,FR,32400
MONTAUBAN,44.02117538,1.322235377,95000,410400,France,Midi-Pyrénées,FRJ2,FR,68400
VERDUN SUR GARONNE (INTERCOMMUNALE),43.84564729,1.273387298,18000,77760,France,Midi-Pyrénées,FRJ2,FR,12960
CASTELGINEST 2,43.70847557,1.412375815,60000,259200,France,Midi-Pyrénées,FRJ2,FR,43200
CASTANET-TOLOSAN,43.52185054,1.518529548,26667,115201.44,France,Midi-Pyrénées,FRJ2,FR,19200.24
LABEGE,43.52472791,1.526295972,18000,77760,France,Midi-Pyrénées,FRJ2,FR,12960
SAINT JEAN (INTERCOMMUNALE),43.64886203,1.508492755,21333,92158.56,France,Midi-Pyrénées,FRJ2,FR,15359.76
LAUNAGUET,43.67606147,1.440020356,25000,108000,France,Midi-Pyrénées,FRJ2,FR,18000
PECHBONNIEU N°2,43.71944903,1.469724769,6500,28080,France,Midi-Pyrénées,FRJ2,FR,4680
AUZEVILLE-TOLOSANE,43.53798417,1.492953203,7000,30240,France,Midi-Pyrénées,FRJ2,FR,5040
BRAX (LES GRAVIÈRES),44.21315372,0.5466188355,5000,21600,France,Aquitaine,FRI1,FR,3600
RIOM ES MONTAGNES (COMMUNALE N°2),45.29553341,2.670632126,3500,15120,France,Auvergne,FRK1,FR,2520
ALBARET-SAINTE-MARIE (AIRE DE LA LOZERE),44.88656411,3.264454429,3300,14256,France,Languedoc-Roussillon,FRJ1,FR,2376
BEBLENHEIM,48.1580193,7.341632507,52800,228096,France,Alsace,FRF1,FR,38016
AMBERIEU-EN-BUGEY - CHATEAU GAILLARD,45.95393343,5.316537361,33333,143998.56,France,Rhône-Alpes,FRK2,FR,23999.76
VALSERHONE_BELLEGARDE-SUR-VALSERINE,46.08636914,5.816435474,16200,69984,France,Rhône-Alpes,FRK2,FR,11664
BELLEY,45.7562695,5.703197859,18333,79198.56,France,Rhône-Alpes,FRK2,FR,13199.76
BOURG-EN-BRESSE - VIRIAT,46.22716866,5.22127785,148333,640798.56,France,Rhône-Alpes,FRK2,FR,106799.76
BRENOD,46.05341958,5.605719621,1200,5184,France,Rhône-Alpes,FRK2,FR,864
BUELLAS - MONTCET,46.21185434,5.126088592,1800,7776,France,Rhône-Alpes,FRK2,FR,1296
CERTINES,46.14089279,5.279135715,4500,19440,France,Rhône-Alpes,FRK2,FR,3240
CHALAMONT,45.9913269,5.176771807,2500,10800,France,Rhône-Alpes,FRK2,FR,1800
VALSERHONE-CHATILLON-EN-MICHAILLE,46.13646641,5.809596917,2250,9720,France,Rhône-Alpes,FRK2,FR,1620
CHATILLON-SUR-CHALARONNE - CHEF-LIEU,46.12503996,4.93380655,5533,23902.56,France,Rhône-Alpes,FRK2,FR,3983.76
COLLONGES,46.1365346,5.915186646,3300,14256,France,Rhône-Alpes,FRK2,FR,2376
CULOZ-CHEF-LIEU,45.83015745,5.787503516,4666,20157.12,France,Rhône-Alpes,FRK2,FR,3359.52
DORTAN,46.32396509,5.666806886,9000,38880,France,Franche-Comté,FRC2,FR,6480
FAREINS CHEF LIEU 2021,46.01645125,4.752868908,4200,18144,France,Rhône-Alpes,FRK2,FR,3024
FEILLENS,46.32429302,4.879562512,12000,51840,France,Rhône-Alpes,FRK2,FR,8640
FOISSIAT,46.36723667,5.180319822,1750,7560,France,Rhône-Alpes,FRK2,FR,1260
GUEREINS,46.10982845,4.774873445,3000,12960,France,Rhône-Alpes,FRK2,FR,2160
PLATEAU-D’HAUTEVILLE - HAUTEVILLE-LOMPNES,45.96617189,5.571291875,8000,34560,France,Rhône-Alpes,FRK2,FR,5760
JASSANS RIOTTIER,45.96211951,4.751165029,11250,48600,France,Rhône-Alpes,FRK2,FR,8100
LAGNIEU-SAINT SORLIN,45.8849734,5.355654189,8200,35424,France,Rhône-Alpes,FRK2,FR,5904
LOYETTES,45.77655626,5.194583881,4500,19440,France,Rhône-Alpes,FRK2,FR,3240
MANZIAT,46.35892341,4.897119441,2855,12333.6,France,Rhône-Alpes,FRK2,FR,2055.6
MEXIMIEUX,45.89933962,5.19649228,10000,43200,France,Rhône-Alpes,FRK2,FR,7200
MIONNAY - CHEF LIEU,45.8903645,4.934862084,4483,19366.56,France,Rhône-Alpes,FRK2,FR,3227.76
MONTLUEL-NIEVROZ,45.8160671,5.07009718,30000,129600,France,Rhône-Alpes,FRK2,FR,21600
MONTMERLE-SUR-SAONE - LURCY,46.06948415,4.773220969,8000,34560,France,Rhône-Alpes,FRK2,FR,5760
MONTREVEL-EN-BRESSE - JAYAT,46.34814231,5.130621482,6000,25920,France,Rhône-Alpes,FRK2,FR,4320
NANTUA - GEOVREISSIAT,46.18057576,5.546858052,24000,103680,France,Rhône-Alpes,FRK2,FR,17280
OYONNAX - GROISSIAT,46.23186116,5.620881038,57083,246598.56,France,Rhône-Alpes,FRK2,FR,41099.76
PERON - L'ÉPINE,46.17761523,5.925374508,4667,20161.44,France,Rhône-Alpes,FRK2,FR,3360.24
PONCIN -CHEF-LIEU,46.08546784,5.402019167,6000,25920,France,Rhône-Alpes,FRK2,FR,4320
PONT-D'AIN - CHEF-LIEU,46.048479,5.324545712,3500,15120,France,Rhône-Alpes,FRK2,FR,2520
PONT-DE-VAUX,46.44193036,4.937047786,11000,47520,France,Bourgogne,FRC1,FR,7920
PONT-DE-VEYLE,46.26550883,4.877531596,2700,11664,France,Rhône-Alpes,FRK2,FR,1944
REPLONGES,46.28949032,4.878380282,6100,26352,France,Rhône-Alpes,FRK2,FR,4392
TREVOUX-BORDS DE SAÔNE,45.90967172,4.812853134,27000,116640,France,Rhône-Alpes,FRK2,FR,19440
SAINT-ANDRE-DE-CORCY,45.92458317,4.969906844,4750,20520,France,Rhône-Alpes,FRK2,FR,3420
SAINT-DENIS-LES-BOURG,46.20026023,5.17470308,7550,32616,France,Rhône-Alpes,FRK2,FR,5436
SAINT-DIDIER-DE-FORMANS,45.95393003,4.762320099,11730,50673.6,France,Rhône-Alpes,FRK2,FR,8445.6
SAINT-JEAN-DE-GONVILLE,46.20298812,5.968556883,2250,9720,France,Rhône-Alpes,FRK2,FR,1620
SAINT-JEAN-LE-VIEUX 01363,46.03815494,5.368064854,3200,13824,France,Rhône-Alpes,FRK2,FR,2304
BEYNOST - SAINT-MAURICE-DE-BEYNOST,45.81969443,4.994184022,10600,45792,France,Rhône-Alpes,FRK2,FR,7632
SAINT-MAURICE-DE-GOURDANS,45.81422625,5.191495282,4500,19440,France,Rhône-Alpes,FRK2,FR,3240
SAINT-TRIVIER-DE-COURTES - CHEF-LIEU,46.46470211,5.082887587,6800,29376,France,Bourgogne,FRC1,FR,4896
THOISSEY - MOGNENEINS,46.15518408,4.81392747,8000,34560,France,Rhône-Alpes,FRK2,FR,5760
VERSONNEX - SAUVERNY,46.30549531,6.111820404,5833,25198.56,France,Rhône-Alpes,FRK2,FR,4199.76
VILLARS-LES-DOMBES,46.0117371,5.024856228,6000,25920,France,Rhône-Alpes,FRK2,FR,4320
VILLIEU-LOYES-MOLLON - CHEF-LIEU,45.91505186,5.230016596,3000,12960,France,Rhône-Alpes,FRK2,FR,2160
VONNAS,46.22394413,4.98704125,4500,19440,France,Rhône-Alpes,FRK2,FR,3240
ALLOS,44.2252743,6.632471964,20000,86400,France,Provence-Alpes-Côte d’Azur,FRL0,FR,14400
ANNOT2,43.95779225,6.694150436,3800,16416,France,Provence-Alpes-Côte d’Azur,FRL0,FR,2736
BANON,44.03284535,5.641885897,2250,9720,France,Provence-Alpes-Côte d’Azur,FRL0,FR,1620
BARCELONNETTE,44.38458385,6.604612248,37500,162000,France,Provence-Alpes-Côte d’Azur,FRL0,FR,27000
BEAUVEZER,44.13382221,6.585067537,6500,28080,France,Provence-Alpes-Côte d’Azur,FRL0,FR,4680
CASTELLANE CHEF-LIEU,43.83848517,6.498008746,7200,31104,France,Provence-Alpes-Côte d’Azur,FRL0,FR,5184
CERESTE2,43.86291613,5.57379303,2200,9504,France,Provence-Alpes-Côte d’Azur,FRL0,FR,1584
DIGNE-LES-BAINS,44.05557938,6.164235941,35000,151200,France,Provence-Alpes-Côte d’Azur,FRL0,FR,25200
FORCALQUIER  EST,43.95657151,5.805966893,5400,23328,France,Provence-Alpes-Côte d’Azur,FRL0,FR,3888
GREOUX LES BAINS,43.74888201,5.873054487,13500,58320,France,Provence-Alpes-Côte d’Azur,FRL0,FR,9720
MALIJAI,44.05292549,6.02036465,3000,12960,France,Provence-Alpes-Côte d’Azur,FRL0,FR,2160
MANOSQUE,43.79594649,5.816594025,54000,233280,France,Provence-Alpes-Côte d’Azur,FRL0,FR,38880
LES MEES2,44.02536324,5.956141551,5830,25185.6,France,Provence-Alpes-Côte d’Azur,FRL0,FR,4197.6
MONTCLAR 2,44.38794957,6.329631502,2550,11016,France,Provence-Alpes-Côte d’Azur,FRL0,FR,1836
MOUSTIERS SAINTE MARIE,43.81637467,6.225756444,7200,31104,France,Provence-Alpes-Côte d’Azur,FRL0,FR,5184
ORAISON-2,43.89925233,5.895993223,9700,41904,France,Provence-Alpes-Côte d’Azur,FRL0,FR,6984
PEIPIN,44.13945161,5.97108078,3000,12960,France,Provence-Alpes-Côte d’Azur,FRL0,FR,2160
PEYRUIS VILLAGE 2,44.02632166,5.948327423,4500,19440,France,Provence-Alpes-Côte d’Azur,FRL0,FR,3240
RIEZ,43.81042278,6.056671354,6000,25920,France,Provence-Alpes-Côte d’Azur,FRL0,FR,4320
SAINT ANDRE LES ALPES,43.95943903,6.511467798,3750,16200,France,Provence-Alpes-Côte d’Azur,FRL0,FR,2700
SAINTE TULLE MOULINS,43.77356036,5.786525776,2700,11664,France,Provence-Alpes-Côte d’Azur,FRL0,FR,1944
SAINTE TULLE/ ZA DES JOURDANES,43.77335797,5.786341948,1900,8208,France,Provence-Alpes-Côte d’Azur,FRL0,FR,1368
SEYNE LES ALPES,44.35544886,6.331512566,4665,20152.8,France,Provence-Alpes-Côte d’Azur,FRL0,FR,3358.8
SISTERON SAINT LAZARE,44.17499185,5.949786886,7200,31104,France,Provence-Alpes-Côte d’Azur,FRL0,FR,5184
VALENSOLE,43.82715222,5.974745851,2250,9720,France,Provence-Alpes-Côte d’Azur,FRL0,FR,1620
VOLONNE,44.11144643,6.007158785,3150,13608,France,Provence-Alpes-Côte d’Azur,FRL0,FR,2268
ABRIES,44.79338555,6.920842345,3400,14688,France,Provence-Alpes-Côte d’Azur,FRL0,FR,2448
AGNIERES-EN-DEVOLUY VILLAGE,44.69772358,5.881513727,7000,30240,France,Provence-Alpes-Côte d’Azur,FRL0,FR,5040
CHABOTTES,44.64880788,6.141734498,17000,73440,France,Provence-Alpes-Côte d’Azur,FRL0,FR,12240
L'ARGENTIERE,44.76934638,6.558527936,3000,12960,France,Provence-Alpes-Côte d’Azur,FRL0,FR,2160
LA BATIE-NEUVE,44.56869281,6.182658602,2500,10800,France,Provence-Alpes-Côte d’Azur,FRL0,FR,1800
BRIANCON,44.87965992,6.620895464,70133,302974.56,France,Provence-Alpes-Côte d’Azur,FRL0,FR,50495.76
CEILLAC,44.66873884,6.745613754,3250,14040,France,Provence-Alpes-Côte d’Azur,FRL0,FR,2340
CHATEAUROUX-LES-ALPES CHEF-LIEU,44.60634155,6.532015954,3000,12960,France,Provence-Alpes-Côte d’Azur,FRL0,FR,2160
CHORGES CHEF LIEU,44.53690316,6.283329861,2800,12096,France,Provence-Alpes-Côte d’Azur,FRL0,FR,2016
EMBRUN,44.54914062,6.483989883,18000,77760,France,Provence-Alpes-Côte d’Azur,FRL0,FR,12960
GAP,44.52395429,6.061570212,54000,233280,France,Provence-Alpes-Côte d’Azur,FRL0,FR,38880
LA GRAVE,45.03874063,6.256893622,5683,24550.56,France,Provence-Alpes-Côte d’Azur,FRL0,FR,4091.76
GUILLESTRE,44.66660188,6.610997183,24000,103680,France,Provence-Alpes-Côte d’Azur,FRL0,FR,17280
LARAGNE,44.30252647,5.834796739,4500,19440,France,Provence-Alpes-Côte d’Azur,FRL0,FR,3240
MOLINES,44.73901692,6.83085077,6000,25920,France,Provence-Alpes-Côte d’Azur,FRL0,FR,4320
NEFFES - PELLEAUTIER,44.48695233,6.028707587,2700,11664,France,Provence-Alpes-Côte d’Azur,FRL0,FR,1944
NEVACHE VILLAGE,45.01639741,6.636921868,3000,12960,France,Provence-Alpes-Côte d’Azur,FRL0,FR,2160
ORCIÈRES,44.68160595,6.285264203,16667,72001.44,France,Provence-Alpes-Côte d’Azur,FRL0,FR,12000.24
LES ORRES,44.50737613,6.543606462,12500,54000,France,Provence-Alpes-Côte d’Azur,FRL0,FR,9000
SAINT-BONNET-EN-CHAMPSAUR,44.67293638,6.077965285,6000,25920,France,Provence-Alpes-Côte d’Azur,FRL0,FR,4320
SAINT-ETIENNE-EN-DEVOLUY,44.69408846,5.937872661,7600,32832,France,Provence-Alpes-Côte d’Azur,FRL0,FR,5472
LA SAULCE,44.42005208,6.011713676,2250,9720,France,Provence-Alpes-Côte d’Azur,FRL0,FR,1620
SAVINES-LE-LAC LES EYGOIRES,44.51950421,6.389100637,6400,27648,France,Provence-Alpes-Côte d’Azur,FRL0,FR,4608
SERRES NOUVELLE,44.41667776,5.713925307,2700,11664,France,Provence-Alpes-Côte d’Azur,FRL0,FR,1944
TALLARD,44.45280153,6.055100777,3333,14398.56,France,Provence-Alpes-Côte d’Azur,FRL0,FR,2399.76
VALLOUISE,44.83740344,6.499180241,16500,71280,France,Provence-Alpes-Côte d’Azur,FRL0,FR,11880
VARS SAINT MARCELLIN,44.60427165,6.687184823,22000,95040,France,Provence-Alpes-Côte d’Azur,FRL0,FR,15840
VEYNES VILLAGE,44.51939443,5.804097461,5400,23328,France,Provence-Alpes-Côte d’Azur,FRL0,FR,3888
BAR SUR LOUP,43.69753302,7.004973746,4000,17280,France,Provence-Alpes-Côte d’Azur,FRL0,FR,2880
BEAUSOLEIL,43.72948764,7.414891791,130000,561600,France,Provence-Alpes-Côte d’Azur,FRL0,FR,93600
CAGNES-SUR-MER 2,43.6523861,7.144779101,130000,561600,France,Provence-Alpes-Côte d’Azur,FRL0,FR,93600
CHATEAUNEUF - GRASSE,43.67554988,6.978212749,2500,10800,France,Provence-Alpes-Côte d’Azur,FRL0,FR,1800
DRAP-VALLEE DU PAILLON,43.75000659,7.317476659,20000,86400,France,Provence-Alpes-Côte d’Azur,FRL0,FR,14400
L'ESCARENE,43.82890248,7.364686396,2500,10800,France,Provence-Alpes-Côte d’Azur,FRL0,FR,1800
LA GAUDE TUILIERES,43.719464,7.16027325,5000,21600,France,Provence-Alpes-Côte d’Azur,FRL0,FR,3600
ISOLA2000 N°2,44.19272066,7.137376916,9650,41688,France,Provence-Alpes-Côte d’Azur,FRL0,FR,6948
LEVENS,43.85852485,7.222419004,6350,27432,France,Provence-Alpes-Côte d’Azur,FRL0,FR,4572
CANNES,43.54269447,6.949808468,250000,1080000,France,Provence-Alpes-Côte d’Azur,FRL0,FR,180000
MOUANS SARTOUX,43.60871386,6.94054544,15000,64800,France,Provence-Alpes-Côte d’Azur,FRL0,FR,10800
NICE-HALIOTIS,43.67581424,7.229890084,623333,2692798.56,France,Provence-Alpes-Côte d’Azur,FRL0,FR,448799.76
VALBERG,44.08838574,6.948545985,9000,38880,France,Provence-Alpes-Côte d’Azur,FRL0,FR,6480
PEYMEINADE,43.63092059,6.892584842,20000,86400,France,Provence-Alpes-Côte d’Azur,FRL0,FR,14400
PUGET THENIERS,43.95407653,6.933204628,5500,23760,France,Provence-Alpes-Côte d’Azur,FRL0,FR,3960
ROQUEBILLIERE,44.00639863,7.310446075,1500,6480,France,Provence-Alpes-Côte d’Azur,FRL0,FR,1080
ST ETIENNE DE TINEE AURON,44.22276385,6.937483104,5000,21600,France,Provence-Alpes-Côte d’Azur,FRL0,FR,3600
SANT-LAURENT DU VAR,43.65608638,7.198833534,110000,475200,France,Provence-Alpes-Côte d’Azur,FRL0,FR,79200
SAINT-MARTIN-VESUBIE-TOURON/VILLAGE,44.0601806,7.257086549,1200,5184,France,Provence-Alpes-Côte d’Azur,FRL0,FR,864
SAINT-VALLIER DE THIEY,43.69192506,6.825690324,5200,22464,France,Provence-Alpes-Côte d’Azur,FRL0,FR,3744
SOSPEL,43.88420072,7.482584273,5000,21600,France,Provence-Alpes-Côte d’Azur,FRL0,FR,3600
THEOULE-SUR-MER,43.48447835,6.928114695,4000,17280,France,Provence-Alpes-Côte d’Azur,FRL0,FR,2880
TOURETTES-SUR-LOUP,43.71300052,7.058997056,2000,8640,France,Provence-Alpes-Côte d’Azur,FRL0,FR,1440
VALBONNE SOPHIA ANTIPOLIS,43.61824303,7.062369048,29000,125280,France,Provence-Alpes-Côte d’Azur,FRL0,FR,20880
VALDEBLORE BOLLINE,44.07108496,7.161543526,4000,17280,France,Provence-Alpes-Côte d’Azur,FRL0,FR,2880
VALLAURIS,43.5677118,7.08292731,64400,278208,France,Provence-Alpes-Côte d’Azur,FRL0,FR,46368
ANDANCE,45.21596957,4.804296103,4000,17280,France,Rhône-Alpes,FRK2,FR,2880
ANNONAY - ACANTIA,45.22904626,4.675376204,65000,280800,France,Rhône-Alpes,FRK2,FR,46800
AUBENAS SAINT-ETIENNE-DE-FONTBELLON-AUBENAS,44.58329856,4.401260952,47100,203472,France,Rhône-Alpes,FRK2,FR,33912
BEAUCHASTEL,44.81646921,4.803059006,2500,10800,France,Rhône-Alpes,FRK2,FR,1800
BOURG ST ANDEOL,44.35332705,4.644925818,8000,34560,France,Rhône-Alpes,FRK2,FR,5760
SAINT GEORGES LES BAINS,44.84442269,4.820159443,6000,25920,France,Rhône-Alpes,FRK2,FR,4320
LE CHEYLARD,44.90692114,4.475412874,23000,99360,France,Rhône-Alpes,FRK2,FR,16560
CHOMERAC,44.7110545,4.679788832,4000,17280,France,Rhône-Alpes,FRK2,FR,2880
CRUAS-2,44.64399137,4.763913905,3500,15120,France,Rhône-Alpes,FRK2,FR,2520
FELINES 1,45.30911279,4.748942658,3500,15120,France,Rhône-Alpes,FRK2,FR,2520
GUILHERAND-GRANGES,44.91711855,4.867325028,32900,142128,France,Rhône-Alpes,FRK2,FR,23688
JOYEUSE,44.47914258,4.25086879,3150,13608,France,Rhône-Alpes,FRK2,FR,2268
LAMASTRE,44.98974097,4.584828779,5000,21600,France,Rhône-Alpes,FRK2,FR,3600
LARGENTIERE,44.53601592,4.295418142,3000,12960,France,Rhône-Alpes,FRK2,FR,2160
LARNAS COMMUNALE,44.43637819,4.588390629,3500,15120,France,Rhône-Alpes,FRK2,FR,2520
LALEVADE/PRADES,44.64235472,4.337349225,2650,11448,France,Rhône-Alpes,FRK2,FR,1908
PRIVAS GRATENAS,44.73257553,4.607640422,18000,77760,France,Rhône-Alpes,FRK2,FR,12960
QUINTENAS VILLAGE,45.18264922,4.695454998,2167,9361.44,France,Rhône-Alpes,FRK2,FR,1560.24
ROCHEMAURE,44.58633217,4.709579864,2500,10800,France,Rhône-Alpes,FRK2,FR,1800
FLAVIAC ROMPON,44.75836645,4.731302287,2800,12096,France,Rhône-Alpes,FRK2,FR,2016
RUOMS,44.44528305,4.33962723,15000,64800,France,Rhône-Alpes,FRK2,FR,10800
SAINT AGREVE,45.00479987,4.387092039,7500,32400,France,Rhône-Alpes,FRK2,FR,5400
SAINT-MARTIN-D'ARDECHE,44.29969675,4.575886708,4000,17280,France,Rhône-Alpes,FRK2,FR,2880
SAINT MAURICE ARDECHE,44.51846449,4.393989791,4380,18921.6,France,Rhône-Alpes,FRK2,FR,3153.6
SAINT PRIVAT ARDECHE,44.6226884,4.425399937,15500,66960,France,Rhône-Alpes,FRK2,FR,11160
SALAVAS,44.39509886,4.380504768,4000,17280,France,Rhône-Alpes,FRK2,FR,2880
SATILLIEU,45.15835642,4.632853472,2000,8640,France,Rhône-Alpes,FRK2,FR,1440
LE TEIL-BARCASSE,44.53107638,4.69291484,9000,38880,France,Rhône-Alpes,FRK2,FR,6480
TOURNON SUR RHÔNE,45.04364091,4.842810155,25500,110160,France,Rhône-Alpes,FRK2,FR,18360
VALLON-PONT-D'ARC II,44.39307069,4.404902593,18000,77760,France,Rhône-Alpes,FRK2,FR,12960
LES VANS,44.41100574,4.141586765,5000,21600,France,Languedoc-Roussillon,FRJ1,FR,3600
VERNOSC LES ANNONAY,45.22430604,4.704150878,2500,10800,France,Rhône-Alpes,FRK2,FR,1800
VERNOUX 1,44.8916874,4.665634954,4000,17280,France,Rhône-Alpes,FRK2,FR,2880
VILLENEUVE DE BERG,44.56188307,4.49630592,5000,21600,France,Rhône-Alpes,FRK2,FR,3600
VIVIERS-BEAUME-DE-BOUVERY,44.47784735,4.693823341,4000,17280,France,Rhône-Alpes,FRK2,FR,2880
POUZIN,44.7669797,4.760755446,12717,54937.44,France,Rhône-Alpes,FRK2,FR,9156.24
ARGELIERS AUDE,43.31647453,2.930391474,1500,6480,France,Languedoc-Roussillon,FRJ1,FR,1080
ARMISSAN-VINASSAN,43.19376923,3.069214813,7500,32400,France,Languedoc-Roussillon,FRJ1,FR,5400
BIZANET,43.16444338,2.862242652,2500,10800,France,Languedoc-Roussillon,FRJ1,FR,1800
BIZE-MINERVOIS,43.29184627,2.87314487,2200,9504,France,Languedoc-Roussillon,FRJ1,FR,1584
BRAM (NOUVELLE),43.25233227,2.12500933,5000,21600,France,Languedoc-Roussillon,FRJ1,FR,3600
CANET D'AUDE,43.23326747,2.851449196,2000,8640,France,Languedoc-Roussillon,FRJ1,FR,1440
CAPENDU MARSEILLETTE,43.19083673,2.556123404,4000,17280,France,Languedoc-Roussillon,FRJ1,FR,2880
CARCASSONNE NOUVELLE,43.22507212,2.371347068,156667,676801.44,France,Languedoc-Roussillon,FRJ1,FR,112800.24
CASTELNAUDARY (MOLINIER),43.29920184,1.967954677,43667,188641.44,France,Languedoc-Roussillon,FRJ1,FR,31440.24
CAUNES-MINERVOIS,43.32753805,2.527677441,3000,12960,France,Languedoc-Roussillon,FRJ1,FR,2160
CONQUES ET VILLALIER,43.24989642,2.412302612,3000,12960,France,Languedoc-Roussillon,FRJ1,FR,2160
COUIZA-MONTAZEL,42.94778106,2.251549785,3000,12960,France,Languedoc-Roussillon,FRJ1,FR,2160
COURSAN,43.23595435,3.071849,9000,38880,France,Languedoc-Roussillon,FRJ1,FR,6480
CUXAC-CABARDES CAUDEBRONDE ET FONTIERS CABARDES INTERCOMMUNALE,43.36818055,2.279197282,2000,8640,France,Languedoc-Roussillon,FRJ1,FR,1440
CUXAC-D'AUDE,43.23732649,3.015009906,9900,42768,France,Languedoc-Roussillon,FRJ1,FR,7128
ESPERAZA,42.9339295,2.233442751,4500,19440,France,Languedoc-Roussillon,FRJ1,FR,3240
FABREZAN NOUVELLE,43.14216779,2.70676834,2000,8640,France,Languedoc-Roussillon,FRJ1,FR,1440
FABREZAN CREMADE,43.10923194,2.728074617,210,907.2,France,Languedoc-Roussillon,FRJ1,FR,151.2
FLEURY D'AUDE,43.20850412,3.193801898,45000,194400,France,Languedoc-Roussillon,FRJ1,FR,32400
GRUISSAN,43.13581961,3.132936174,49500,213840,France,Languedoc-Roussillon,FRJ1,FR,35640
HOMPS - NOUVELLE,43.26310661,2.720579661,3000,12960,France,Languedoc-Roussillon,FRJ1,FR,2160
LEUCATE VILLAGE,42.90425576,3.037529675,7767,33553.44,France,Languedoc-Roussillon,FRJ1,FR,5592.24
LEZIGNAN-CORBIERES,43.20368373,2.774281356,26783,115702.56,France,Languedoc-Roussillon,FRJ1,FR,19283.76
SIVOM DU LIMOUXIN,43.10221666,2.248790851,28000,120960,France,Languedoc-Roussillon,FRJ1,FR,20160
MIREPEISSET,43.283264,2.908255823,2000,8640,France,Languedoc-Roussillon,FRJ1,FR,1440
MONTREAL (RÉHABILITÉ),43.19127144,2.129671509,3000,12960,France,Languedoc-Roussillon,FRJ1,FR,2160
MONTREDON DES CORBIERES (NOUVELLE),43.18927377,2.93396216,2500,10800,France,Languedoc-Roussillon,FRJ1,FR,1800
MOUSSAN,43.24019421,2.949517452,2500,10800,France,Languedoc-Roussillon,FRJ1,FR,1800
NARBONNE VILLE,43.17244229,3.0308095,140300,606096,France,Languedoc-Roussillon,FRJ1,FR,101016
PORT LA NOUVELLE,43.00597555,3.040830632,22000,95040,France,Languedoc-Roussillon,FRJ1,FR,15840
OUVEILLAN NOUVELLE,43.28326417,2.975472505,3500,15120,France,Languedoc-Roussillon,FRJ1,FR,2520
QUILLAN      CHEF LIEU,42.89306051,2.191223239,6000,25920,France,Languedoc-Roussillon,FRJ1,FR,4320
RIEUX MINERVOIS,43.2836453,2.603270878,3200,13824,France,Languedoc-Roussillon,FRJ1,FR,2304
ROQUEFORT-DES-CORBIERES,42.99844909,2.962090765,2050,8856,France,Languedoc-Roussillon,FRJ1,FR,1476
FLEURY - SALLES,43.23925429,3.096595686,9900,42768,France,Languedoc-Roussillon,FRJ1,FR,7128
NOUVELLE STEP SIGEAN,43.03565316,3.004058182,10000,43200,France,Languedoc-Roussillon,FRJ1,FR,7200
TREBES,43.20251583,2.451246879,9990,43156.8,France,Languedoc-Roussillon,FRJ1,FR,7192.8
AIX-EN-PROVENCE LA PIOLINE,43.50961624,5.411151153,164167,709201.44,France,Provence-Alpes-Côte d’Azur,FRL0,FR,118200.24
ALLEINS 2,43.71488129,5.141094709,2500,10800,France,Provence-Alpes-Côte d’Azur,FRL0,FR,1800
ARLES RAPHELE MOULES,43.63997534,4.719688477,4667,20161.44,France,Provence-Alpes-Côte d’Azur,FRL0,FR,3360.24
AURIOL- VALLEE DE L'HUVEAUNE,43.36401234,5.617502572,20150,87048,France,Provence-Alpes-Côte d’Azur,FRL0,FR,14508
BARBENTANE,43.90868303,4.732366902,5000,21600,France,Provence-Alpes-Côte d’Azur,FRL0,FR,3600
BOUC-BEL-AIR,43.44588375,5.404896861,20000,86400,France,Provence-Alpes-Côte d’Azur,FRL0,FR,14400
CABANNES,43.86232575,4.931786427,4000,17280,France,Provence-Alpes-Côte d’Azur,FRL0,FR,2880
CABRIÈS VILLE,43.47817939,5.357350409,8033,34702.56,France,Provence-Alpes-Côte d’Azur,FRL0,FR,5783.76
CARRY-SAUSSET,43.33397567,5.13321909,26000,112320,France,Provence-Alpes-Côte d’Azur,FRL0,FR,18720
CASSIS,43.21072532,5.544086926,25000,108000,France,Provence-Alpes-Côte d’Azur,FRL0,FR,18000
CHÂTEAUNEUF-LE-ROUGE VILLE,43.48622089,5.571415366,2600,11232,France,Provence-Alpes-Côte d’Azur,FRL0,FR,1872
CHÂTEAUNEUF-LES-MARTIGUES,43.39342409,5.1704215,16000,69120,France,Provence-Alpes-Côte d’Azur,FRL0,FR,11520
CHÂTEAURENARD VILLE,43.90461988,4.839888209,17000,73440,France,Provence-Alpes-Côte d’Azur,FRL0,FR,12240
CUGES-LES-PINS,43.26896891,5.703571341,3000,12960,France,Provence-Alpes-Côte d’Azur,FRL0,FR,2160
ÉGUILLES,43.53976317,5.357836898,8667,37441.44,France,Provence-Alpes-Côte d’Azur,FRL0,FR,6240.24
ENSUÈS-LA-REDONNE,43.35445881,5.185923482,4500,19440,France,Provence-Alpes-Côte d’Azur,FRL0,FR,3240
EYGALIÈRES,43.78796686,4.945738509,3300,14256,France,Provence-Alpes-Côte d’Azur,FRL0,FR,2376
EYGUIÈRES,43.68140656,5.020528191,10000,43200,France,Provence-Alpes-Côte d’Azur,FRL0,FR,7200
EYRAGUES,43.84194946,4.833517466,4167,18001.44,France,Provence-Alpes-Côte d’Azur,FRL0,FR,3000.24
LA FARE-LES-OLIVIERS 2,43.53539766,5.195235565,14000,60480,France,Provence-Alpes-Côte d’Azur,FRL0,FR,10080
FONTVIEILLE,43.72395448,4.691693021,5000,21600,France,Provence-Alpes-Côte d’Azur,FRL0,FR,3600
FOS-SUR-MER 2,43.44525653,4.937692106,28083,121318.56,France,Provence-Alpes-Côte d’Azur,FRL0,FR,20219.76
FUVEAU INTERCOMMUNALE,43.47876957,5.567151101,12000,51840,France,Provence-Alpes-Côte d’Azur,FRL0,FR,8640
GARDANNE,43.46839389,5.460685502,50000,216000,France,Provence-Alpes-Côte d’Azur,FRL0,FR,36000
GRANS,43.61403025,5.061984035,7000,30240,France,Provence-Alpes-Côte d’Azur,FRL0,FR,5040
GRAVESON,43.84541198,4.76716325,3300,14256,France,Provence-Alpes-Côte d’Azur,FRL0,FR,2376
JOUQUES,43.63616034,5.627896579,4000,17280,France,Provence-Alpes-Côte d’Azur,FRL0,FR,2880
LAMANON,43.69725566,5.084098261,2800,12096,France,Provence-Alpes-Côte d’Azur,FRL0,FR,2016
LAMBESC NOUVELLE,43.64966874,5.227417425,13500,58320,France,Provence-Alpes-Côte d’Azur,FRL0,FR,9720
LANCON EN PROVENCE CHEF LIEU,43.59014038,5.118212012,8100,34992,France,Provence-Alpes-Côte d’Azur,FRL0,FR,5832
MAILLANE NOUVELLE,43.82968068,4.776400119,2700,11664,France,Provence-Alpes-Côte d’Azur,FRL0,FR,1944
MALLEMORT NOUVELLE,43.73689968,5.171987973,8400,36288,France,Provence-Alpes-Côte d’Azur,FRL0,FR,6048
MARIGNANE SAINT VICTORET GIGNAC LA NERTHE,43.40769986,5.193537631,70000,302400,France,Provence-Alpes-Côte d’Azur,FRL0,FR,50400
MARSEILLE,43.27040416,5.400537073,1865000,8056800,France,Provence-Alpes-Côte d’Azur,FRL0,FR,1342800
MARTIGUES,43.40444311,5.035887745,95000,410400,France,Provence-Alpes-Côte d’Azur,FRL0,FR,68400
MAUSSANE LES ALPILLES,43.69860884,4.799999584,4000,17280,France,Provence-Alpes-Côte d’Azur,FRL0,FR,2880
LES BAUX PARADOU,43.69862193,4.799751885,4000,17280,France,Provence-Alpes-Côte d’Azur,FRL0,FR,2880
MEYRARGUES,43.64262963,5.527456929,3333,14398.56,France,Provence-Alpes-Côte d’Azur,FRL0,FR,2399.76
MEYREUIL  PONTET  - CHEF LIEU,43.47159229,5.485800724,9700,41904,France,Provence-Alpes-Côte d’Azur,FRL0,FR,6984
SAINT CHAMAS,43.53643524,5.034393529,38333,165598.56,France,Provence-Alpes-Côte d’Azur,FRL0,FR,27599.76
MOLLEGES,43.80581797,4.939112161,2500,10800,France,Provence-Alpes-Côte d’Azur,FRL0,FR,1800
MOURIES,43.68797607,4.863269714,5000,21600,France,Provence-Alpes-Côte d’Azur,FRL0,FR,3600
NOVES        CHEF-LIEU,43.88452553,4.893194716,4000,17280,France,Provence-Alpes-Côte d’Azur,FRL0,FR,2880
ORGON,43.80004044,5.039162257,3000,12960,France,Provence-Alpes-Côte d’Azur,FRL0,FR,2160
PEYNIER NOUVELLE,43.45964894,5.649846489,3000,12960,France,Provence-Alpes-Côte d’Azur,FRL0,FR,2160
PEYROLLES EN PROVENCE NOUVELLE,43.65788278,5.578709035,6000,25920,France,Provence-Alpes-Côte d’Azur,FRL0,FR,4320
LE PLAN D'ORGON,43.80687371,4.990904864,3500,15120,France,Provence-Alpes-Côte d’Azur,FRL0,FR,2520
PORT SAINT LOUIS DU RHÔNE,43.39731315,4.810596482,24000,103680,France,Provence-Alpes-Côte d’Azur,FRL0,FR,17280
PUY STE REPARADE,43.67317236,5.441289294,5600,24192,France,Provence-Alpes-Côte d’Azur,FRL0,FR,4032
BERRE-L'ÉTANG,43.47192677,5.163869447,21000,90720,France,Provence-Alpes-Côte d’Azur,FRL0,FR,15120
ROGNAC,43.48717595,5.219390115,16100,69552,France,Provence-Alpes-Côte d’Azur,FRL0,FR,11592
ROGNONAS,43.91105598,4.792816453,8400,36288,France,Provence-Alpes-Côte d’Azur,FRL0,FR,6048
LA ROQUE D'ANTHERON NOUVELLE,43.72837434,5.309345144,12000,51840,France,Provence-Alpes-Côte d’Azur,FRL0,FR,8640
ROQUEFORT LA BEDOULE,43.24855462,5.576227251,6000,25920,France,Provence-Alpes-Côte d’Azur,FRL0,FR,4320
ROUSSET CHEF LIEU,43.47536185,5.595712914,12000,51840,France,Provence-Alpes-Côte d’Azur,FRL0,FR,8640
SAINT ANDIOL,43.84292395,4.940570426,4000,17280,France,Provence-Alpes-Côte d’Azur,FRL0,FR,2880
SAINT CANNAT NOUVELLE,43.62353729,5.279089377,5000,21600,France,Provence-Alpes-Côte d’Azur,FRL0,FR,3600
ST ETIENNE DU GRES NOUVELLE,43.78003942,4.710010691,3200,13824,France,Provence-Alpes-Côte d’Azur,FRL0,FR,2304
STES MARIES DE LA MER,43.45788374,4.449250357,18000,77760,France,Provence-Alpes-Côte d’Azur,FRL0,FR,12960
SAINT MARTIN DE CRAU,43.64118906,4.789472244,15000,64800,France,Provence-Alpes-Côte d’Azur,FRL0,FR,10800
SAINT-REMY DE PROVENCE,43.8073543,4.799110359,14000,60480,France,Provence-Alpes-Côte d’Azur,FRL0,FR,10080
SALON DE PROVENCE,43.61424209,5.099800877,63333,273598.56,France,Provence-Alpes-Côte d’Azur,FRL0,FR,45599.76
SENAS,43.75440609,5.066160881,6000,25920,France,Provence-Alpes-Côte d’Azur,FRL0,FR,4320
TARASCON,43.79931614,4.65481503,20000,86400,France,Provence-Alpes-Côte d’Azur,FRL0,FR,14400
TRETS 2,43.46382682,5.669244414,14000,60480,France,Provence-Alpes-Côte d’Azur,FRL0,FR,10080
VENELLES-SUD 2,43.58150125,5.46689802,9500,41040,France,Provence-Alpes-Côte d’Azur,FRL0,FR,6840
VITROLLES EN PROVENCE,43.42218311,5.245245863,120000,518400,France,Provence-Alpes-Côte d’Azur,FRL0,FR,86400
COUDOUX-VENTABREN-VELAUX,43.54698328,5.240956511,16000,69120,France,Provence-Alpes-Côte d’Azur,FRL0,FR,11520
AISEREY,47.16729542,5.176083414,9000,38880,France,Bourgogne,FRC1,FR,6480
REMILLY-SUR-TILLE,47.30702963,5.210584289,5000,21600,France,Bourgogne,FRC1,FR,3600
AUXONNE,47.1844555,5.379655902,24500,105840,France,Bourgogne,FRC1,FR,17640
BEAUNE - COMBERTAULT,46.9980173,4.907862488,99000,427680,France,Bourgogne,FRC1,FR,71280
BLIGNY-LES-BEAUNE,46.97953216,4.836006717,6050,26136,France,Bourgogne,FRC1,FR,4356
BRAZEY-EN-PLAINE,47.14238776,5.219970745,4000,17280,France,Bourgogne,FRC1,FR,2880
CHEVIGNY-SAINT-SAUVEUR,47.29103956,5.145093529,80700,348624,France,Bourgogne,FRC1,FR,58104
CORPEAU,46.92291282,4.760328875,18433,79630.56,France,Bourgogne,FRC1,FR,13271.76
DIJON,47.2912158,5.078508746,400000,1728000,France,Bourgogne,FRC1,FR,288000
FAUVERNEY,47.25260004,5.158823378,3500,15120,France,Bourgogne,FRC1,FR,2520
FLAGEY ECHEZEAUX,47.15353653,4.9971108,28500,123120,France,Bourgogne,FRC1,FR,20520
GEMEAUX NOUVELLE,47.4704958,5.149190469,2750,11880,France,Bourgogne,FRC1,FR,1980
GENLIS,47.22115821,5.237261374,10000,43200,France,Bourgogne,FRC1,FR,7200
GEVREY-CHAMBERTIN,47.23331042,5.004833362,34167,147601.44,France,Bourgogne,FRC1,FR,24600.24
IS-MARCILLY,47.52921867,5.148120681,9900,42768,France,Bourgogne,FRC1,FR,7128
UDEP ECOLE DE GENDARMERIE DE DIJON,47.26770616,5.07778461,2250,9720,France,Bourgogne,FRC1,FR,1620
MAGNY-SUR-TILLE 2,47.2725619,5.184541244,3600,15552,France,Bourgogne,FRC1,FR,2592
MEUILLEY,47.1430687,4.891168836,6000,25920,France,Bourgogne,FRC1,FR,4320
MEURSAULT,46.96514631,4.800235681,22000,95040,France,Bourgogne,FRC1,FR,15840
MIREBEAU-SUR-BEZE,47.39214581,5.321767859,2500,10800,France,Bourgogne,FRC1,FR,1800
QUINCEY,47.09987301,4.975471445,33300,143856,France,Bourgogne,FRC1,FR,23976
PLUVET,47.19744416,5.267843299,5000,21600,France,Bourgogne,FRC1,FR,3600
PONTAILLER OUEST - VONGES,47.30053104,5.411637116,2500,10800,France,Bourgogne,FRC1,FR,1800
SAINT-JEAN-DE-LOSNE,47.09723929,5.252482664,6555,28317.6,France,Bourgogne,FRC1,FR,4719.6
SAINT-JULIEN 2,47.39441982,5.116791809,7000,30240,France,Bourgogne,FRC1,FR,5040
SAINT-JULIEN,47.39130359,5.158441293,8000,34560,France,Bourgogne,FRC1,FR,5760
SANTENAY 21,46.91193896,4.712844626,8330,35985.6,France,Bourgogne,FRC1,FR,5997.6
SAULON-LA-CHAPELLE,47.20365998,5.098119621,2500,10800,France,Bourgogne,FRC1,FR,1800
SELONGEY,47.58044943,5.195841484,3700,15984,France,Bourgogne,FRC1,FR,2664
LADOIX-SERRIGNY,47.05602605,4.904497677,16600,71712,France,Bourgogne,FRC1,FR,11952
JALLANGES-SEURRE-TRUGNY,46.96992619,5.137477526,7117,30745.44,France,Bourgogne,FRC1,FR,5124.24
VARANGES,47.22172288,5.206403633,2000,8640,France,Bourgogne,FRC1,FR,1440
AUDINCOURT - ARBOUANS,47.48474671,6.811473655,71667,309601.44,France,Franche-Comté,FRC2,FR,51600.24
BAUME LES DAMES,47.335315,6.348214181,8000,34560,France,Franche-Comté,FRC2,FR,5760
BAVANS,47.47691563,6.717003727,19800,85536,France,Franche-Comté,FRC2,FR,14256
BESANCON - PORT-DOUVOT,47.20492552,5.99093015,188333,813598.56,France,Franche-Comté,FRC2,FR,135599.76
BIANS-LES-USIERS,46.97110037,6.267463018,3500,15120,France,Franche-Comté,FRC2,FR,2520
CHARQUEMONT,47.20333385,6.833304443,4500,19440,France,Franche-Comté,FRC2,FR,3240
COLOMBIER-FONTAINE,47.44886598,6.670909592,4000,17280,France,Franche-Comté,FRC2,FR,2880
DEVECEY-BONNAY,47.33153875,6.022886462,4667,20161.44,France,Franche-Comté,FRC2,FR,3360.24
DUNG,47.49868658,6.753556637,2360,10195.2,France,Franche-Comté,FRC2,FR,1699.2
ETALANS,47.14743385,6.266871593,3900,16848,France,Franche-Comté,FRC2,FR,2808
LA RIVIERE DRUGEON,46.87566753,6.229899378,6300,27216,France,Franche-Comté,FRC2,FR,4536
CUSSEY-SUR-L'OGNON,47.3418329,5.92951275,9650,41688,France,Franche-Comté,FRC2,FR,6948
GRAND'COMBE-CHATELEU,47.03362992,6.580604033,8900,38448,France,Franche-Comté,FRC2,FR,6408
L'ISLE-SUR-LE-DOUBS,47.4422752,6.579071487,4000,17280,France,Franche-Comté,FRC2,FR,2880
VILLERS-LE-LAC,47.0650766,6.680021746,5667,24481.44,France,Franche-Comté,FRC2,FR,4080.24
STEP DU MOULINOT,47.17353664,5.947052722,2700,11664,France,Franche-Comté,FRC2,FR,1944
LEVIER,46.94911369,6.124467936,3150,13608,France,Franche-Comté,FRC2,FR,2268
LONGEVILLES-MONT-D'OR,46.75510054,6.306007379,4150,17928,France,Franche-Comté,FRC2,FR,2988
MAICHE,47.25793771,6.797669894,9700,41904,France,Franche-Comté,FRC2,FR,6984
VILLE-DU-PONT,47.00659474,6.48248815,7500,32400,France,Franche-Comté,FRC2,FR,5400
MAMIROLLE,47.20241892,6.152349152,3000,12960,France,Franche-Comté,FRC2,FR,2160
METABIEF,46.77375259,6.343767288,9000,38880,France,Franche-Comté,FRC2,FR,6480
AUXON-MISEREY,47.30108619,5.935619347,5500,23760,France,Franche-Comté,FRC2,FR,3960
MONTBELIARD SAINTE SUZANNE,47.50731808,6.776466955,58350,252072,France,Franche-Comté,FRC2,FR,42012
MORTEAU,47.05299029,6.611230129,13640,58924.8,France,Franche-Comté,FRC2,FR,9820.8
MOUTHE,46.73006194,6.240720925,3500,15120,France,Franche-Comté,FRC2,FR,2520
BOUCLANS,47.25931844,6.231124393,3767,16273.44,France,Franche-Comté,FRC2,FR,2712.24
ORCHAMPS-VENNES,47.12472851,6.527506189,2500,10800,France,Franche-Comté,FRC2,FR,1800
ORNANS,47.10257145,6.12771751,4500,19440,France,Franche-Comté,FRC2,FR,3240
PELOUSEY   VILLAGE,47.27373997,5.904329955,2300,9936,France,Franche-Comté,FRC2,FR,1656
PIERREFONTAINE-LES-VARANS,47.21132269,6.542881069,5000,21600,France,Franche-Comté,FRC2,FR,3600
PONTARLIER,46.93482693,6.346376593,53083,229318.56,France,Franche-Comté,FRC2,FR,38219.76
PONT-DE-ROIDE,47.39769526,6.771460397,9500,41040,France,Franche-Comté,FRC2,FR,6840
POUILLEY-LES-VIGNES,47.26392946,5.925834016,3000,12960,France,Franche-Comté,FRC2,FR,2160
QUINGEY 2,47.09758636,5.866908186,1950,8424,France,Franche-Comté,FRC2,FR,1404
LE RUSSEY,47.16973219,6.72820238,3100,13392,France,Franche-Comté,FRC2,FR,2232
SAINT VIT,47.17727201,5.807285807,7000,30240,France,Franche-Comté,FRC2,FR,5040
SANCEY-LE-GRAND,47.30693831,6.576578056,3000,12960,France,Franche-Comté,FRC2,FR,2160
SAONE,47.2313026,6.108739662,5500,23760,France,Franche-Comté,FRC2,FR,3960
TREVILLERS,47.28928675,6.872280845,2333,10078.56,France,Franche-Comté,FRC2,FR,1679.76
VALDAHON,47.1578296,6.344228344,15800,68256,France,Franche-Comté,FRC2,FR,11376
VERCEL,47.18786275,6.385776233,15500,66960,France,Franche-Comté,FRC2,FR,11160
ALLEX-GRANE,44.75785373,4.887342196,12000,51840,France,Rhône-Alpes,FRK2,FR,8640
ANDANCETTE INTERCOMMUNALE,45.22548239,4.805852768,12000,51840,France,Rhône-Alpes,FRK2,FR,8640
BOUCHET,44.29653725,4.86519352,2150,9288,France,Provence-Alpes-Côte d’Azur,FRL0,FR,1548
BUIS LES BARONNIES - CHEF LIEU,44.25930597,5.262095203,5500,23760,France,Rhône-Alpes,FRK2,FR,3960
CHARMES-SUR-L'HERBASSE CHAMPOS,45.12967925,5.003166451,2500,10800,France,Rhône-Alpes,FRK2,FR,1800
CHATEAUNEUF-DE-GALAURE,45.21245637,4.940270779,4300,18576,France,Rhône-Alpes,FRK2,FR,3096
CHÂTEAUNEUF SUR ISÈRE - CHEF LIEU,45.0117347,4.923539836,1530,6609.6,France,Rhône-Alpes,FRK2,FR,1101.6
CHÂTEAUNEUF DU RHÔNE - CHEF LIEU,44.4891207,4.713633037,2300,9936,France,Rhône-Alpes,FRK2,FR,1656
CREST - INTERCOMMUNALE,44.73291718,4.985720984,19000,82080,France,Rhône-Alpes,FRK2,FR,13680
DIE - CHEF LIEU,44.76530409,5.333603545,29000,125280,France,Rhône-Alpes,FRK2,FR,20880
DIEULEFIT - POETE-LAVAL,44.52616686,4.971805378,5600,24192,France,Rhône-Alpes,FRK2,FR,4032
DONZERE,44.42143181,4.709321552,13050,56376,France,Rhône-Alpes,FRK2,FR,9396
GRIGNAN CHEF LIEU,44.41098954,4.914955515,2450,10584,France,Rhône-Alpes,FRK2,FR,1764
LIVRON CHEF-LIEU,44.79064893,4.840410902,15000,64800,France,Rhône-Alpes,FRK2,FR,10800
LORIOL SUR DRÔME - CHEF LIEU,44.74688694,4.787307886,12000,51840,France,Rhône-Alpes,FRK2,FR,8640
MONTÉLIMAR,44.54575657,4.722982409,95000,410400,France,Rhône-Alpes,FRK2,FR,68400
SAINT VALLIER,45.16872972,4.812115275,16300,70416,France,Rhône-Alpes,FRK2,FR,11736
NYONS - INTERCOMMUNALE,44.34453605,5.11418876,17100,73872,France,Rhône-Alpes,FRK2,FR,12312
PIERRELATTE,44.36252103,4.684124333,26050,112536,France,Rhône-Alpes,FRK2,FR,18756
LA ROCHE DE GLUN,44.99425617,4.863029629,8000,34560,France,Rhône-Alpes,FRK2,FR,5760
ROMANS SUR ISÈRE,45.03267243,5.018303561,107900,466128,France,Rhône-Alpes,FRK2,FR,77688
SAINT-DONAT-SUR-L'HERBASSE,45.11411115,4.968505223,7000,30240,France,Rhône-Alpes,FRK2,FR,5040
SAINT-PAUL-TROIS-CHATEAUX,44.33916205,4.737049225,13000,56160,France,Provence-Alpes-Côte d’Azur,FRL0,FR,9360
SAINT-RAMBERT D'ALBON,45.27474349,4.816186765,10383,44854.56,France,Rhône-Alpes,FRK2,FR,7475.76
LES TOURRETTES,44.66800112,4.788994831,6500,28080,France,Rhône-Alpes,FRK2,FR,4680
SUZE LA ROUSSE - CHEF LIEU,44.28422758,4.808173801,3800,16416,France,Provence-Alpes-Côte d’Azur,FRL0,FR,2736
TAIN L'HERMITAGE,45.06004755,4.86086153,19500,84240,France,Rhône-Alpes,FRK2,FR,14040
VALENCE,44.90369666,4.865889898,171666,741597.12,France,Rhône-Alpes,FRK2,FR,123599.52
GERVANS - INTERCOMMUNALE,45.10101964,4.83138676,5400,23328,France,Rhône-Alpes,FRK2,FR,3888
CAMPO DELL'ORO,41.93537984,8.804411231,65000,280800,France,Corse,FRM0,FR,46800
BASTELICA,41.99651877,9.045271857,2500,10800,France,Corse,FRM0,FR,1800
BASTELICACCIA,41.91398255,8.820825792,2000,8640,France,Corse,FRM0,FR,1440
CONCA,41.72706695,9.351064106,2500,10800,France,Corse,FRM0,France,1800
CRUCCIATA,41.84633068,8.801628395,27500,118800,France,Corse,FRM0,FR,19800
LEVIE,41.70032208,9.129157267,2400,10368,France,Corse,FRM0,FR,1728
OTA PORTO,42.2697492,8.69214914,9300,40176,France,Corse,FRM0,FR,6696
PIANA,42.24314985,8.633930086,2500,10800,France,Corse,FRM0,FR,1800
PROPRIANO CAPU LAUROSU,41.66474657,8.883653114,17000,73440,France,Corse,FRM0,FR,12240
ALERIA-CATERAGHJU,42.11138762,9.531874956,4200,18144,France,Corse,FRM0,France,3024
AREGNO,42.60431248,8.881480267,9600,41472,France,Corse,FRM0,FR,6912
BELGODERE- LOZARI,42.63648142,9.009638482,6000,25920,France,Corse,FRM0,FR,4320
CALACUCCIA,42.33177421,9.022730088,2200,9504,France,Corse,FRM0,FR,1584
CALVI,42.56847722,8.758945708,60000,259200,France,Corse,FRM0,France,43200
CERVIONE - VILLAGE,42.32860594,9.497093187,2500,10800,France,Corse,FRM0,France,1800
GALERIA,42.40846676,8.641241572,3000,12960,France,Corse,FRM0,FR,2160
GHISONACCIA,42.00464117,9.423366588,15000,64800,France,Corse,FRM0,France,10800
LINGUIZZETTA,42.20033147,9.548791065,7200,31104,France,Corse,FRM0,France,5184
LUMIO,42.60195378,8.822912951,6000,25920,France,Corse,FRM0,France,4320
MOROSAGLIA - PONTE LECCIA,42.47176351,9.208500336,3393,14657.76,France,Corse,FRM0,FR,2442.96
PATRIMONIO - BARBAGGIO,42.69417136,9.347378049,3600,15552,France,Corse,FRM0,FR,2592
POGGIO-DI-VENACO- STEP INTERCOMMUNALE CENTRE CORSE,42.3029865,9.171327514,15000,64800,France,Corse,FRM0,FR,10800
SISCO-CROSCIANO,42.81259578,9.475191382,3500,15120,France,Corse,FRM0,France,2520
SOLARO,41.90608768,9.397216035,5000,21600,France,Corse,FRM0,FR,3600
SAINT-FLORENT,42.67317424,9.305641187,9500,41040,France,Corse,FRM0,FR,6840
SANTA-MARIA-POGGIO-MURIANINCU,42.34397379,9.532804755,15200,65664,France,Corse,FRM0,France,10944
TAGLIO-ISOLACCIO,42.42967858,9.533888083,3500,15120,France,Corse,FRM0,France,2520
CASTELLARE DI CASINCA,42.46968411,9.519863306,16000,69120,France,Corse,FRM0,France,11520
AIGUES VIVES (GARD),43.72523419,4.192930172,3500,15120,France,Languedoc-Roussillon,FRJ1,FR,2520
AIMARGUES,43.67239291,4.20007498,5000,21600,France,Languedoc-Roussillon,FRJ1,FR,3600
ALES,44.084773,4.108182551,90000,388800,France,Languedoc-Roussillon,FRJ1,FR,64800
ALLEGRE-LES-FUMADES,44.19666397,4.240857466,2500,10800,France,Languedoc-Roussillon,FRJ1,FR,1800
ANDUZE,44.04348517,3.98880863,9000,38880,France,Languedoc-Roussillon,FRJ1,FR,6480
ARAMON,43.87727299,4.651312507,4500,19440,France,Languedoc-Roussillon,FRJ1,FR,3240
BAGNOLS-SUR-CEZE,44.15403754,4.653726498,35000,151200,France,Languedoc-Roussillon,FRJ1,FR,25200
BARJAC,44.31788198,4.354322397,5000,21600,France,Languedoc-Roussillon,FRJ1,FR,3600
BEAUCAIRE,43.79415372,4.645035726,40000,172800,France,Provence-Alpes-Côte d’Azur,FRL0,FR,28800
BEAUVOISIN,43.73054879,4.305457502,9500,41040,France,Languedoc-Roussillon,FRJ1,FR,6840
BELLEGARDE (GARD),43.74668525,4.523082647,8000,34560,France,Languedoc-Roussillon,FRJ1,FR,5760
BERNIS AUBORD,43.75984908,4.29816647,7000,30240,France,Languedoc-Roussillon,FRJ1,FR,5040
BESSEGES,44.28344457,4.121086952,12000,51840,France,Languedoc-Roussillon,FRJ1,FR,8640
BOUILLARGUES,43.81567045,4.401132092,7000,30240,France,Languedoc-Roussillon,FRJ1,FR,5040
LE CAILAR,43.66975231,4.24131582,2500,10800,France,Languedoc-Roussillon,FRJ1,FR,1800
CALVISSON-CHEF-LIEU,43.76888228,4.201912514,8500,36720,France,Languedoc-Roussillon,FRJ1,FR,6120
CAVEIRAC,43.82092301,4.25276522,5000,21600,France,Languedoc-Roussillon,FRJ1,FR,3600
CENDRAS      L'ABBAYE,44.15276276,4.056884759,2000,8640,France,Languedoc-Roussillon,FRJ1,FR,1440
CLARENSAC,43.81493358,4.217397672,9500,41040,France,Languedoc-Roussillon,FRJ1,FR,6840
CODOGNAN,43.71465319,4.214695322,16500,71280,France,Languedoc-Roussillon,FRJ1,FR,11880
CONNAUX,44.09962399,4.604236736,7000,30240,France,Languedoc-Roussillon,FRJ1,FR,5040
FOURQUES,43.69764218,4.597892647,3500,15120,France,Provence-Alpes-Côte d’Azur,FRL0,FR,2520
GAJAN,43.90657766,4.2186799,3500,15120,France,Languedoc-Roussillon,FRJ1,FR,2520
GALLARGUES LE MONTUEUX,43.71095784,4.169184831,5000,21600,France,Languedoc-Roussillon,FRJ1,FR,3600
GARONS,43.75252891,4.444271411,7000,30240,France,Languedoc-Roussillon,FRJ1,FR,5040
LA GRAND-COMBE,44.18848237,4.046402542,9900,42768,France,Languedoc-Roussillon,FRJ1,FR,7128
JONQUIERES-SAINT-VINCENT,43.8241451,4.569889046,3500,15120,France,Languedoc-Roussillon,FRJ1,FR,2520
LASALLE,44.04017175,3.864549884,3000,12960,France,Languedoc-Roussillon,FRJ1,FR,2160
LAUDUN VILLAGE,44.10634429,4.673742191,3600,15552,France,Languedoc-Roussillon,FRJ1,FR,2592
LES MAGES,44.21706181,4.172960461,3500,15120,France,Languedoc-Roussillon,FRJ1,FR,2520
MANDUEL,43.82294355,4.463429565,9000,38880,France,Languedoc-Roussillon,FRJ1,FR,6480
MARGUERITTES,43.85598757,4.451762806,15000,64800,France,Languedoc-Roussillon,FRJ1,FR,10800
MEYNES,43.88184828,4.571251391,3000,12960,France,Languedoc-Roussillon,FRJ1,FR,2160
MILHAUD,43.78249847,4.318680172,7000,30240,France,Languedoc-Roussillon,FRJ1,FR,5040
MONTAREN-ET-SAINT-MEDIERS NOUVELLE,44.0121144,4.385582799,2694,11638.08,France,Languedoc-Roussillon,FRJ1,FR,1939.68
MONTFRIN,43.8706746,4.590129775,5000,21600,France,Languedoc-Roussillon,FRJ1,FR,3600
NAGES-ET-SOLORGUES,43.78876736,4.217710391,2600,11232,France,Languedoc-Roussillon,FRJ1,FR,1872
PONT ST ESPRIT,44.24702603,4.658640626,9200,39744,France,Provence-Alpes-Côte d’Azur,FRL0,FR,6624
POULX,43.91345347,4.405997853,5000,21600,France,Languedoc-Roussillon,FRJ1,FR,3600
PUJAUT,43.99654021,4.774518098,4000,17280,France,Provence-Alpes-Côte d’Azur,FRL0,FR,2880
QUISSAC,43.91068807,4.004024573,3500,15120,France,Languedoc-Roussillon,FRJ1,FR,2520
REDESSAN,43.8301089,4.485992392,5000,21600,France,Languedoc-Roussillon,FRJ1,FR,3600
NOUVELLE STEU DE REMOULINS,43.93393721,4.56630848,6000,25920,France,Languedoc-Roussillon,FRJ1,FR,4320
ROCHEFORT-DU-GARD,43.97758884,4.720000239,7000,30240,France,Languedoc-Roussillon,FRJ1,FR,5040
ROQUEMAURE-MONTFAUCON,44.04872208,4.786965933,7500,32400,France,Provence-Alpes-Côte d’Azur,FRL0,FR,5400
ROUSSON      LE SAUT DU LOUP,44.17917022,4.151976991,3000,12960,France,Languedoc-Roussillon,FRJ1,FR,2160
SAINT-AMBROIX-GARD,44.23550253,4.210691692,6500,28080,France,Languedoc-Roussillon,FRJ1,FR,4680
SAINT CHAPTES,43.96653424,4.285200398,2000,8640,France,Languedoc-Roussillon,FRJ1,FR,1440
SAINT-CHRISTOL- LEZ-ALES,44.05866344,4.094480996,8500,36720,France,Languedoc-Roussillon,FRJ1,FR,6120
SAINT- GENIES- DE- COMOLAS,44.07642394,4.723998614,9000,38880,France,Provence-Alpes-Côte d’Azur,FRL0,FR,6480
SAINT GENIES DE MALGOIRES,43.9463045,4.226081305,3000,12960,France,Languedoc-Roussillon,FRJ1,FR,2160
SAINT- GERVASY,43.86939081,4.473166922,4600,19872,France,Languedoc-Roussillon,FRJ1,FR,3312
SAINT-GILLES-NOUVELLE,43.65395986,4.419254671,24000,103680,France,Languedoc-Roussillon,FRJ1,FR,17280
SAINT HIPPOLYTE DU FORT,43.95595684,3.875582947,6000,25920,France,Languedoc-Roussillon,FRJ1,FR,4320
SAINT-JEAN-DU-GARD,44.09736332,3.908971425,5000,21600,France,Languedoc-Roussillon,FRJ1,FR,3600
SAINT-PRIVAT-DES-VIEUX,44.14439887,4.131896177,3000,12960,France,Languedoc-Roussillon,FRJ1,FR,2160
SAINT-QENTIN-LA-POTERIE,44.03691548,4.434326005,3000,12960,France,Languedoc-Roussillon,FRJ1,FR,2160
SALINDRES,44.16352055,4.156699344,5000,21600,France,Languedoc-Roussillon,FRJ1,FR,3600
SAUVETERRE-30,44.01725355,4.815170147,3000,12960,France,Provence-Alpes-Côte d’Azur,FRL0,FR,2160
SAZE,43.95109982,4.69384517,3000,12960,France,Languedoc-Roussillon,FRJ1,FR,2160
SOMMIERES-LES-ROQUETS,43.77182715,4.076935405,17000,73440,France,Languedoc-Roussillon,FRJ1,FR,12240
TAVEL,44.00869143,4.710773827,3800,16416,France,Languedoc-Roussillon,FRJ1,FR,2736
THEZIERS NOUVELLE,43.89161935,4.616540139,2000,8640,France,Languedoc-Roussillon,FRJ1,FR,1440
UCHAUD,43.74466057,4.278121134,6000,25920,France,Languedoc-Roussillon,FRJ1,FR,4320
UZES,43.99770427,4.417814835,29000,125280,France,Languedoc-Roussillon,FRJ1,FR,20880
VAUVERT,43.69599314,4.248482948,15000,64800,France,Languedoc-Roussillon,FRJ1,FR,10800
VESTRIC-ET-CANDIAC,43.73403473,4.262456344,1400,6048,France,Languedoc-Roussillon,FRJ1,FR,1008
LE VIGAN (GARD),43.99337062,3.64064364,15000,64800,France,Languedoc-Roussillon,FRJ1,FR,10800
RODILHAN,43.82512251,4.421863675,5500,23760,France,Languedoc-Roussillon,FRJ1,FR,3960
ABEILHAN,43.45004947,3.301506568,2000,8640,France,Languedoc-Roussillon,FRJ1,FR,1440
ANIANE,43.68627036,3.579277758,3900,16848,France,Languedoc-Roussillon,FRJ1,FR,2808
BAILLARGUES - ST BRES,43.65062747,4.024702701,20000,86400,France,Languedoc-Roussillon,FRJ1,FR,14400
BEDARIEUX (NOUVELLE),43.59523176,3.140772375,9500,41040,France,Languedoc-Roussillon,FRJ1,FR,6840
BESSAN,43.35563308,3.429081995,9500,41040,France,Languedoc-Roussillon,FRJ1,FR,6840
BEZIERS,43.32070551,3.234086941,219400,947808,France,Languedoc-Roussillon,FRJ1,FR,157968
BOUJAN SUR LIBRON,43.37610673,3.256314006,5000,21600,France,Languedoc-Roussillon,FRJ1,FR,3600
LE BOUSQUET D'ORB - LUNAS,43.68905188,3.178339994,3100,13392,France,Languedoc-Roussillon,FRJ1,FR,2232
CANDILLARGUES - BOURG,43.62485807,4.078375409,2500,10800,France,Languedoc-Roussillon,FRJ1,FR,1800
CANET HERAULT,43.59486064,3.487150588,5600,24192,France,Languedoc-Roussillon,FRJ1,FR,4032
CAPESTANG-BOURG,43.32237416,3.036101564,6000,25920,France,Languedoc-Roussillon,FRJ1,FR,4320
CASTELNAU DE GUERS,43.43480292,3.433326667,3400,14688,France,Languedoc-Roussillon,FRJ1,FR,2448
CAZOULS LES BEZIERS,43.39443471,3.112005594,5000,21600,France,Languedoc-Roussillon,FRJ1,FR,3600
CLERMONT-L'HERAULT,43.63137033,3.446097308,22033,95182.56,France,Languedoc-Roussillon,FRJ1,FR,15863.76
COLOMBIERS,43.30953956,3.127879545,5000,21600,France,Languedoc-Roussillon,FRJ1,FR,3600
COMBAILLAUX-LES SAJOLLES,43.6725696,3.787770307,2200,9504,France,Languedoc-Roussillon,FRJ1,FR,1584
COURNONTERRAL,43.55945083,3.730219204,15000,64800,France,Languedoc-Roussillon,FRJ1,FR,10800
CREISSAN - BOURG,43.36813251,3.016153793,2000,8640,France,Languedoc-Roussillon,FRJ1,FR,1440
FABREGUES,43.55716687,3.799004974,30517,131833.44,France,Languedoc-Roussillon,FRJ1,FR,21972.24
FLORENSAC - BOURG,43.37964764,3.465250941,8500,36720,France,Languedoc-Roussillon,FRJ1,FR,6120
FRONTIGNAN,43.45372696,3.81053586,8800,38016,France,Languedoc-Roussillon,FRJ1,FR,6336
GANGES,43.93026822,3.708252854,5400,23328,France,Languedoc-Roussillon,FRJ1,FR,3888
GIGNAC - BOURG,43.65056254,3.539546978,8165,35272.8,France,Languedoc-Roussillon,FRJ1,FR,5878.8
HEREPIAN - VILLEMAGNE,43.59013861,3.110035559,2800,12096,France,Languedoc-Roussillon,FRJ1,FR,2016
LAMALOU LES BAINS,43.58663056,3.077622984,5717,24697.44,France,Languedoc-Roussillon,FRJ1,FR,4116.24
LANSARGUES,43.64480196,4.075367544,4800,20736,France,Languedoc-Roussillon,FRJ1,FR,3456
LAURENS,43.51468089,3.191904638,1800,7776,France,Languedoc-Roussillon,FRJ1,FR,1296
LAVERUNE-BOURG,43.57616386,3.803551645,5000,21600,France,Languedoc-Roussillon,FRJ1,FR,3600
LESPIGNAN,43.26726301,3.159630803,4500,19440,France,Languedoc-Roussillon,FRJ1,FR,3240
LIEURAN-BASSAN,43.40852482,3.234579788,4500,19440,France,Languedoc-Roussillon,FRJ1,FR,3240
LODEVE,43.6998355,3.330665237,13300,57456,France,Languedoc-Roussillon,FRJ1,FR,9576
LUNEL,43.66320488,4.130353617,33000,142560,France,Languedoc-Roussillon,FRJ1,FR,23760
LUNEL VIEL,43.66606823,4.089625717,6000,25920,France,Languedoc-Roussillon,FRJ1,FR,4320
MAGALAS - BOURG,43.47175558,3.216171717,3500,15120,France,Languedoc-Roussillon,FRJ1,FR,2520
MARAUSSAN,43.37026067,3.168449719,5000,21600,France,Languedoc-Roussillon,FRJ1,FR,3600
LES MATELLES,43.73102907,3.826102335,2500,10800,France,Languedoc-Roussillon,FRJ1,FR,1800
MAUGUIO BOURG,43.60042184,4.017330313,24000,103680,France,Languedoc-Roussillon,FRJ1,FR,17280
MAUREILHAN,43.36028912,3.116735379,3500,15120,France,Languedoc-Roussillon,FRJ1,FR,2520
MEZE,43.42116127,3.585101618,26920,116294.4,France,Languedoc-Roussillon,FRJ1,FR,19382.4
MIREVAL,43.50506437,3.808317914,4000,17280,France,Languedoc-Roussillon,FRJ1,FR,2880
MONTADY,43.33238506,3.131122018,5500,23760,France,Languedoc-Roussillon,FRJ1,FR,3960
MONTAGNAC-BOURG,43.47952966,3.471347203,5000,21600,France,Languedoc-Roussillon,FRJ1,FR,3600
MONTARNAUD-NOUV,43.64927478,3.710383359,6117,26425.44,France,Languedoc-Roussillon,FRJ1,FR,4404.24
MONTBAZIN -LAGUNE-,43.50431266,3.696144358,4500,19440,France,Languedoc-Roussillon,FRJ1,FR,3240
MONTBLANC VALROS,43.40846889,3.367899528,7000,30240,France,Languedoc-Roussillon,FRJ1,FR,5040
MURVIEL LES BEZIERS,43.43346125,3.142672852,4000,17280,France,Languedoc-Roussillon,FRJ1,FR,2880
MURVIEL LES MONTPELLIER,43.60467045,3.757082798,3000,12960,France,Languedoc-Roussillon,FRJ1,FR,2160
NEZIGNAN L'EVEQUE,43.42220289,3.413816417,2150,9288,France,Languedoc-Roussillon,FRJ1,FR,1548
NISSAN-UNISOURCE,43.29075481,3.113355915,23333,100798.56,France,Languedoc-Roussillon,FRJ1,FR,16799.76
OLONZAC,43.27455723,2.734595923,2500,10800,France,Languedoc-Roussillon,FRJ1,FR,1800
PAULHAN,43.53231465,3.469640871,3667,15841.44,France,Languedoc-Roussillon,FRJ1,FR,2640.24
PEZENAS,43.44867242,3.422823703,31850,137592,France,Languedoc-Roussillon,FRJ1,FR,22932
PINET - POMEROLS,43.39230838,3.525592659,7000,30240,France,Languedoc-Roussillon,FRJ1,FR,5040
PLAISSAN,43.55258804,3.526069943,1700,7344,France,Languedoc-Roussillon,FRJ1,FR,1224
PORTIRAGNES,43.28581758,3.345703856,30000,129600,France,Languedoc-Roussillon,FRJ1,FR,21600
LE POUGET - BOURG,43.59907936,3.512839872,3000,12960,France,Languedoc-Roussillon,FRJ1,FR,2160
PUISSERGUIER - BOURG,43.3588396,3.046838446,4500,19440,France,Languedoc-Roussillon,FRJ1,FR,3240
QUARANTE - BOURG,43.34884566,2.954710553,3300,14256,France,Languedoc-Roussillon,FRJ1,FR,2376
BEAULIEU-RESTINCLIERES,43.72031179,4.047738187,5200,22464,France,Languedoc-Roussillon,FRJ1,FR,3744
ROUJAN,43.49869509,3.317495051,2500,10800,France,Languedoc-Roussillon,FRJ1,FR,1800
ST ANDRE DE SANGONIS,43.646515,3.518877391,8000,34560,France,Languedoc-Roussillon,FRJ1,FR,5760
ST BAUZILLE DE PUTOIS,43.88656025,3.738882059,3000,12960,France,Languedoc-Roussillon,FRJ1,FR,2160
ST CHINIAN-BOURG,43.42866207,2.958400348,3000,12960,France,Languedoc-Roussillon,FRJ1,FR,2160
SAINT-CHRISTOL,43.73491992,4.077916688,2500,10800,France,Languedoc-Roussillon,FRJ1,FR,1800
ST CLEMENT(ROUARGUES),43.68142893,3.857365013,8500,36720,France,Languedoc-Roussillon,FRJ1,FR,6120
SAINT-DREZERY,43.73272959,3.994102957,4000,17280,France,Languedoc-Roussillon,FRJ1,FR,2880
SAINT-FELIX-DE-LODEZ - BOURG,43.65666672,3.462641059,2000,8640,France,Languedoc-Roussillon,FRJ1,FR,1440
SAINT GELY DU FESC,43.67585881,3.801899631,15000,64800,France,Languedoc-Roussillon,FRJ1,FR,10800
ST GENIES DES MOURGUES-SUSSARGUES,43.69108599,4.033288996,7200,31104,France,Languedoc-Roussillon,FRJ1,FR,5184
SAINT-GENIES-DE-FONTEDIT,43.46032212,3.175506497,2850,12312,France,Languedoc-Roussillon,FRJ1,FR,2052
SAINT-GEORGES-D'ORQUES_NOUV,43.60226137,3.782149418,9200,39744,France,Languedoc-Roussillon,FRJ1,FR,6624
MAERA (EX CEREIREDE),43.58235711,3.906114896,466667,2016001.44,France,Languedoc-Roussillon,FRJ1,FR,336000.24
SAINT MARTIN DE LONDRES,43.79512704,3.738707225,4300,18576,France,Languedoc-Roussillon,FRJ1,FR,3096
SAINT-MATHIEU-DE-TREVIERS,43.7607658,3.869529823,9300,40176,France,Languedoc-Roussillon,FRJ1,FR,6696
ST PARGOIRE,43.5238803,3.516051244,4500,19440,France,Languedoc-Roussillon,FRJ1,FR,3240
RIOLS-ST PONS,43.51126165,2.797994753,5300,22896,France,Languedoc-Roussillon,FRJ1,FR,3816
SAINT SERIES SATURARGUES,43.73202419,4.118755489,2500,10800,France,Languedoc-Roussillon,FRJ1,FR,1800
SAINT THIBERY-BOURG,43.3943322,3.427569185,4000,17280,France,Languedoc-Roussillon,FRJ1,FR,2880
SÉRIGNAN VALRAS,43.27309997,3.30937195,53000,228960,France,Languedoc-Roussillon,FRJ1,FR,38160
SERVIAN-BOURG,43.4202548,3.303930053,8000,34560,France,Languedoc-Roussillon,FRJ1,FR,5760
SETE,43.41914687,3.719429163,135000,583200,France,Languedoc-Roussillon,FRJ1,FR,97200
THEZAN LES BEZIERS-CHEF LIEU,43.42087938,3.152725456,4000,17280,France,Languedoc-Roussillon,FRJ1,FR,2880
VALERGUES,43.66784957,4.069725554,4000,17280,France,Languedoc-Roussillon,FRJ1,FR,2880
VIC LA GARDIOLE,43.49511771,3.799205397,6000,25920,France,Languedoc-Roussillon,FRJ1,FR,4320
VILLENEUVE LES MAGUELONE,43.54098816,3.868219147,12000,51840,France,Languedoc-Roussillon,FRJ1,FR,8640
VILLETELLE,43.71912886,4.142091165,5250,22680,France,Languedoc-Roussillon,FRJ1,FR,3780
VILLEVEYRAC,43.49190468,3.594978964,3500,15120,France,Languedoc-Roussillon,FRJ1,FR,2520
LA GRANDE MOTTE,43.56989027,4.081612518,65000,280800,France,Languedoc-Roussillon,FRJ1,FR,46800
AUBERIVES-SUR-VAREZE,45.42971358,4.81962542,4284,18506.88,France,Rhône-Alpes,FRK2,FR,3084.48
LES AVENIERES LES NAPPES,45.65112558,5.575851506,39000,168480,France,Rhône-Alpes,FRK2,FR,28080
BEAUREPAIRE/BEAUREPAIRE,45.3234091,5.028929772,12450,53784,France,Rhône-Alpes,FRK2,FR,8964
LE BOURG-D'OISANS / AQUAVALLEES,45.08949535,6.017468206,86000,371520,France,Rhône-Alpes,FRK2,FR,61920
BOURGOIN-JALLIEU 2,45.60293133,5.251477637,120000,518400,France,Rhône-Alpes,FRK2,FR,86400
CHARAVINES / TOUR DU LAC,45.39937036,5.534112289,17000,73440,France,Rhône-Alpes,FRK2,FR,12240
VOUREY / LES DEVEZ,45.30094352,5.537000616,6000,25920,France,Rhône-Alpes,FRK2,FR,4320
CHASSE SUR RHÔNE,45.56898455,4.816603842,19000,82080,France,Rhône-Alpes,FRK2,FR,13680
LACOTE-SAINT-ANDRE LES CHARPILLATES2,45.37620246,5.265705456,28100,121392,France,Rhône-Alpes,FRK2,FR,20232
SAINT-ROMAIN-DE-JALIONAS,45.76763461,5.220989912,20000,86400,France,Rhône-Alpes,FRK2,FR,14400
CHAMAGNIEU / MARSA,45.65858454,5.156750778,5600,24192,France,Rhône-Alpes,FRK2,FR,4032
GRESSE-EN-VERCORS,44.91326878,5.567463111,2500,10800,France,Rhône-Alpes,FRK2,FR,1800
GRENOBLE / AQUAPOLE,45.2537038,5.645641389,433333,1871998.56,France,Rhône-Alpes,FRK2,FR,311999.76
SILLANS,45.34166409,5.374410242,5000,21600,France,Rhône-Alpes,FRK2,FR,3600
LIVET ET GAVET - BASSE ROMANCHE,45.05760631,5.860111138,9400,40608,France,Rhône-Alpes,FRK2,FR,6768
MENS,44.81402963,5.740094192,2000,8640,France,Rhône-Alpes,FRK2,FR,1440
MONTALIEU-VERCIEU-2,45.81532736,5.415670536,8100,34992,France,Rhône-Alpes,FRK2,FR,5832
MORESTEL,45.67647999,5.490896523,4500,19440,France,Rhône-Alpes,FRK2,FR,3240
LA MURE,44.89868258,5.802649701,11350,49032,France,Rhône-Alpes,FRK2,FR,8172
PONTCHARRA,45.41744184,6.002516689,28000,120960,France,Rhône-Alpes,FRK2,FR,20160
ROMAGNIEU/LA CALABRE,45.54482077,5.674966332,12570,54302.4,France,Rhône-Alpes,FRK2,FR,9050.4
PONT DE CHÉRUY,45.78034632,5.184499115,27000,116640,France,Rhône-Alpes,FRK2,FR,19440
ROUSSILLON PÉAGE DE ROUSSILLON,45.35669166,4.785671006,98600,425952,France,Rhône-Alpes,FRK2,FR,70992
SAINT-ALBAN-DU-RHÔNE,45.41721209,4.748301666,16000,69120,France,Rhône-Alpes,FRK2,FR,11520
SAINT-GEOIRE-EN-VALDAINE,45.46727697,5.661922758,4300,18576,France,Rhône-Alpes,FRK2,FR,3096
SAINT-HILAIRE-DU-TOUVET / PRÉ LACOUR,45.30625068,5.885265479,2500,10800,France,Rhône-Alpes,FRK2,FR,1800
MONTBONNOT-SAINT-MARTIN / SIZOV 2 (INNOVALLÉE),45.21781658,5.815993954,35000,151200,France,Rhône-Alpes,FRK2,FR,25200
SAINT-JEAN-DE-BOURNAY,45.49820211,5.11615368,5333,23038.56,France,Rhône-Alpes,FRK2,FR,3839.76
DANONE ST JUST,45.58079967,4.989669663,83333,359998.56,France,Rhône-Alpes,FRK2,FR,59999.76
SAINT-LAURENT-DU-PONT / LES GRENATS,45.41465118,5.73968897,5850,25272,France,Rhône-Alpes,FRK2,FR,4212
SAINT-MARCEL-BEL-ACCUEIL,45.64106462,5.261337287,9500,41040,France,Rhône-Alpes,FRK2,FR,6840
ST-SAUVEUR AQUALLINE,45.14358165,5.331178387,34515,149104.8,France,Rhône-Alpes,FRK2,FR,24850.8
SAINT-MARTIN-D'URIAGE/LE SONNANT D'URIAGE,45.1639645,5.810629076,11700,50544,France,Rhône-Alpes,FRK2,FR,8424
LUMBIN / LA TERRASSE,45.30705439,5.930254165,6000,25920,France,Rhône-Alpes,FRK2,FR,4320
EPUR'VALLONS,45.56302223,5.406320451,39620,171158.4,France,Rhône-Alpes,FRK2,FR,28526.4
LE TOUVET,45.3442126,5.963171102,18000,77760,France,Rhône-Alpes,FRK2,FR,12960
TULLINS / FURE,45.28750021,5.527135735,28817,124489.44,France,Rhône-Alpes,FRK2,FR,20748.24
VIENNE,45.48929844,4.824958639,125000,540000,France,Rhône-Alpes,FRK2,FR,90000
VILLARD-DE-LANS / FENAT,45.0800611,5.533223834,44500,192240,France,Rhône-Alpes,FRK2,FR,32040
VILLEFONTAINE ST-QUENTIN-FALLAVIER / TRAFFEYERE,45.6588805,5.137454439,150000,648000,France,Rhône-Alpes,FRK2,FR,108000
VINAY ISÈRE,45.19331722,5.422475057,14600,63072,France,Rhône-Alpes,FRK2,FR,10512
PANISSAGE,45.49077364,5.477825563,3000,12960,France,Rhône-Alpes,FRK2,FR,2160
MOIRANS / AQUANTIS,45.30385369,5.596662898,65500,282960,France,Rhône-Alpes,FRK2,FR,47160
ARBOIS,46.91706115,5.754531123,20000,86400,France,Franche-Comté,FRC2,FR,14400
ARINTHOD,46.40023214,5.55383355,2400,10368,France,Franche-Comté,FRC2,FR,1728
BIEF-DU-FOURG,46.80976851,6.102941185,2500,10800,France,Franche-Comté,FRC2,FR,1800
NANCE,46.7371553,5.412569741,8000,34560,France,Franche-Comté,FRC2,FR,5760
CHAMPAGNOLE,46.74230821,5.895829571,22167,95761.44,France,Franche-Comté,FRC2,FR,15960.24
CHAUSSIN,46.95297507,5.40236477,2500,10800,France,Franche-Comté,FRC2,FR,1800
CLAIRVAUX-LES-LACS,46.58119492,5.748951877,6550,28296,France,Franche-Comté,FRC2,FR,4716
COURLAOUX2,46.6602314,5.461805875,7000,30240,France,Franche-Comté,FRC2,FR,5040
COUSANCE,46.52639107,5.369576217,6000,25920,France,Franche-Comté,FRC2,FR,4320
DAMPARIS,47.06872054,5.40632058,4500,19440,France,Franche-Comté,FRC2,FR,3240
RANCHOT (DAMPIERRE),47.14978975,5.730373558,4000,17280,France,Franche-Comté,FRC2,FR,2880
DOLE [CHOISEY],47.06503278,5.46713771,55000,237600,France,Franche-Comté,FRC2,FR,39600
DOMBLANS,46.77098825,5.594551422,5000,21600,France,Franche-Comté,FRC2,FR,3600
FOUCHERANS,47.07723864,5.444647968,3000,12960,France,Franche-Comté,FRC2,FR,2160
LAVANS-LÈS-SAINT-CLAUDE,46.38173087,5.796068733,4000,17280,France,Franche-Comté,FRC2,FR,2880
LAVIGNY,46.72129785,5.592438428,3750,16200,France,Franche-Comté,FRC2,FR,2700
MARIGNY JURA,46.6797185,5.778770462,4000,17280,France,Franche-Comté,FRC2,FR,2880
MOIRANS-EN-MONTAGNE2,46.43148272,5.711022558,3340,14428.8,France,Franche-Comté,FRC2,FR,2404.8
MONTIGNY-SUR-AIN,46.70621312,5.772936049,4167,18001.44,France,Franche-Comté,FRC2,FR,3000.24
MONTMOROT,46.67703493,5.512369079,44000,190080,France,Franche-Comté,FRC2,FR,31680
MOREZ,46.53233029,6.0141074,9700,41904,France,Franche-Comté,FRC2,FR,6984
ORGELET,46.51309646,5.620886938,4350,18792,France,Franche-Comté,FRC2,FR,3132
POLIGNY,46.86049953,5.66470592,9500,41040,France,Franche-Comté,FRC2,FR,6840
PORT-LESNEY,47.0116031,5.816412692,1800,7776,France,Franche-Comté,FRC2,FR,1296
PREMANON2,46.47115929,6.041114628,5100,22032,France,Franche-Comté,FRC2,FR,3672
ROUSSES,46.49646417,6.032583681,9470,40910.4,France,Franche-Comté,FRC2,FR,6818.4
SAINT-AMOUR,46.42814257,5.326695646,4200,18144,France,Rhône-Alpes,FRK2,FR,3024
SAINT CLAUDE VILLE,46.38273512,5.82406066,9800,42336,France,Franche-Comté,FRC2,FR,7056
SAINT-LAURENT-EN-GRANDVAUX,46.58106102,5.945597367,3350,14472,France,Franche-Comté,FRC2,FR,2412
SAINT LUPICIN,46.39113262,5.798477285,3500,15120,France,Franche-Comté,FRC2,FR,2520
SALINS-LES-BAINS,46.95112767,5.868164854,7000,30240,France,Franche-Comté,FRC2,FR,5040
SEPTMONTCEL,46.36762678,5.915267835,6200,26784,France,Franche-Comté,FRC2,FR,4464
TAVAUX,47.03501813,5.392288592,4500,19440,France,Franche-Comté,FRC2,FR,3240
BOURG-ARGENTAL - LE BOURG,45.29147813,4.601601642,4500,19440,France,Rhône-Alpes,FRK2,FR,3240
PELUSSIN - LA BUNACHERIE,45.42403225,4.688823968,5420,23414.4,France,Rhône-Alpes,FRK2,FR,3902.4
RIVE-DE-GIER TARTARAS,45.5432713,4.662909247,45580,196905.6,France,Rhône-Alpes,FRK2,FR,32817.6
SAINT CHAMOND,45.48350149,4.529383966,64000,276480,France,Rhône-Alpes,FRK2,FR,46080
BOURBONNE LES BAINS,47.94797913,5.757443096,5500,23760,France,Champagne-Ardenne,FRF2,FR,3960
CHALINDREY,47.80985577,5.452457942,4000,17280,France,Champagne-Ardenne,FRF2,FR,2880
AMÉLIE LES BAINS,42.48623629,2.690115909,12500,54000,France,Languedoc-Roussillon,FRJ1,FR,9000
FORMIGUERES2,42.61581589,2.111294176,15417,66601.44,France,Languedoc-Roussillon,FRJ1,FR,11100.24
ARGELÈS SUR MER,42.5453251,3.041602738,126000,544320,France,Languedoc-Roussillon,FRJ1,FR,90720
BAGES,42.61592011,2.899372811,5000,21600,France,Languedoc-Roussillon,FRJ1,FR,3600
BAHO,42.69544363,2.829430234,3200,13824,France,Languedoc-Roussillon,FRJ1,FR,2304
BAIXAS2,42.7522654,2.822150669,4000,17280,France,Languedoc-Roussillon,FRJ1,FR,2880
BANYULS DELS ASPRES,42.55572152,2.872822706,3450,14904,France,Languedoc-Roussillon,FRJ1,FR,2484
BANYULS,42.47687614,3.147503501,15000,64800,France,Languedoc-Roussillon,FRJ1,France,10800
LE BARCARES,42.80087614,3.020221203,45000,194400,France,Languedoc-Roussillon,FRJ1,FR,32400
BOLQUERE,42.4942193,2.08023557,12500,54000,France,Languedoc-Roussillon,FRJ1,FR,9000
LE BOULOU,42.52846933,2.842436418,11000,47520,France,Languedoc-Roussillon,FRJ1,FR,7920
CABESTANY,42.67138399,2.953531227,15000,64800,France,Languedoc-Roussillon,FRJ1,FR,10800
CANET EN ROUSSILLON,42.71359698,3.011521978,66000,285120,France,Languedoc-Roussillon,FRJ1,FR,47520
CERBERE,42.45739568,3.154798558,7500,32400,France,Languedoc-Roussillon,FRJ1,FR,5400
CERET2,42.49328413,2.748285443,14500,62640,France,Languedoc-Roussillon,FRJ1,FR,10440
CLAIRA NOUVELLE,42.76063655,2.971958824,4750,20520,France,Languedoc-Roussillon,FRJ1,FR,3420
CORNEILLA  LA RIVIERE-NOUVELLE,42.69363922,2.733829405,1950,8424,France,Languedoc-Roussillon,FRJ1,FR,1404
CORNEILLA DEL VERCOL2,42.62811453,2.9589591,8000,34560,France,Languedoc-Roussillon,FRJ1,FR,5760
ELNE2,42.61966106,2.982580536,15000,64800,France,Languedoc-Roussillon,FRJ1,FR,10800
ESPIRA DE L'AGLY2,42.77155206,2.845170875,5000,21600,France,Languedoc-Roussillon,FRJ1,FR,3600
ESTAGEL2,42.77551957,2.711460195,3300,14256,France,Languedoc-Roussillon,FRJ1,FR,2376
ILLE-SUR-TET,42.67549352,2.625102956,9500,41040,France,Languedoc-Roussillon,FRJ1,FR,6840
MAUREILLAS LAS ILLAS,42.4990657,2.814879376,3150,13608,France,Languedoc-Roussillon,FRJ1,FR,2268
MAURY,42.80914211,2.602453534,1350,5832,France,Languedoc-Roussillon,FRJ1,FR,972
MILLAS,42.69327417,2.704359541,6500,28080,France,Languedoc-Roussillon,FRJ1,FR,4680
NEFIACH2,42.69716739,2.667613641,2200,9504,France,Languedoc-Roussillon,FRJ1,FR,1584
FONT ROMEU   ODEILLO-VIA,42.48864164,2.03500474,15000,64800,France,Languedoc-Roussillon,FRJ1,FR,10800
ORTAFFA2,42.58049705,2.930940643,2500,10800,France,Languedoc-Roussillon,FRJ1,FR,1800
PALAU DEL VIDRE,42.57790986,2.977265069,4700,20304,France,Languedoc-Roussillon,FRJ1,FR,3384
PERPIGNAN,42.70852252,2.918438807,299100,1292112,France,Languedoc-Roussillon,FRJ1,FR,215352
PEYRESTORTES,42.75791688,2.855212696,2700,11664,France,Languedoc-Roussillon,FRJ1,FR,1944
PEZILLA LA RIVIERE,42.69000244,2.779330476,3150,13608,France,Languedoc-Roussillon,FRJ1,FR,2268
PIA NOUVELLE,42.74739735,2.926204304,12000,51840,France,Languedoc-Roussillon,FRJ1,FR,8640
POLLESTRES NOUVELLE,42.6453054,2.886023385,9500,41040,France,Languedoc-Roussillon,FRJ1,FR,6840
PONTEILLA,42.62289218,2.8315537,4500,19440,France,Languedoc-Roussillon,FRJ1,FR,3240
NOUVELLE PORT-VENDRES,42.51414147,3.114121702,32000,138240,France,Languedoc-Roussillon,FRJ1,FR,23040
PRADES NOUVELLE,42.63159512,2.430404465,15000,64800,France,Languedoc-Roussillon,FRJ1,FR,10800
RIVESALTES,42.77208617,2.892133697,14000,60480,France,Languedoc-Roussillon,FRJ1,FR,10080
SAINT-ANDRE,42.56328274,2.974741242,17000,73440,France,Languedoc-Roussillon,FRJ1,FR,12240
ST CYPRIEN,42.62708799,2.989444725,76667,331201.44,France,Languedoc-Roussillon,FRJ1,FR,55200.24
SAINT FELIU D'AVALL2,42.68497587,2.739084872,5000,21600,France,Languedoc-Roussillon,FRJ1,FR,3600
SAINT-HIPPOLYTE NOUVELLE STEU,42.78719785,2.971958225,4667,20161.44,France,Languedoc-Roussillon,FRJ1,FR,3360.24
SAINT-JEAN-PLA-DE-CORTS NOUVELLE,42.50970814,2.809256627,5200,22464,France,Languedoc-Roussillon,FRJ1,FR,3744
SAINT LAURENT DE LA SALANQUE2,42.76856169,3.004503309,16000,69120,France,Languedoc-Roussillon,FRJ1,FR,11520
STE MARIE LA MER,42.71629464,3.008047468,25000,108000,France,Languedoc-Roussillon,FRJ1,FR,18000
SAINT PAUL   DE FENOUILLET,42.80439172,2.498832189,3833,16558.56,France,Languedoc-Roussillon,FRJ1,FR,2759.76
LA CABANASSE2,42.50226592,2.123032233,6000,25920,France,Languedoc-Roussillon,FRJ1,FR,4320
SALEILLES2,42.65540257,2.964043471,9700,41904,France,Languedoc-Roussillon,FRJ1,FR,6984
SALSES,42.83762819,2.923621559,5000,21600,France,Languedoc-Roussillon,FRJ1,FR,3600
TORREILLES,42.76934206,3.020698412,15000,64800,France,Languedoc-Roussillon,FRJ1,FR,10800
TROUILLAS2,42.61631167,2.815468804,4000,17280,France,Languedoc-Roussillon,FRJ1,FR,2880
CORNEILLA DE CONFLENT - VERNET-LES-BAINS,42.57004241,2.374934061,8100,34992,France,Languedoc-Roussillon,FRJ1,FR,5832
VILLELONGUE-DELS-MONTS2,42.55584884,2.890368787,14400,62208,France,Languedoc-Roussillon,FRJ1,FR,10368
VILLEMOLAQUE,42.59227767,2.84769068,5000,21600,France,Languedoc-Roussillon,FRJ1,FR,3600
VILLENEUVE DE LA RAHO,42.62816881,2.926123869,8000,34560,France,Languedoc-Roussillon,FRJ1,FR,5760
VINCA2,42.64778884,2.520529699,7000,30240,France,Languedoc-Roussillon,FRJ1,FR,5040
ANSE,45.93844816,4.721856097,15000,64800,France,Rhône-Alpes,FRK2,FR,10800
BEAUJEU,46.14388889,4.601250558,2900,12528,France,Rhône-Alpes,FRK2,FR,2088
BELLEVILLE - 69 - SAÔNE BEAUJOLAIS,46.10468635,4.752784714,25650,110808,France,Rhône-Alpes,FRK2,FR,18468
BESSENAY,45.77535081,4.57173867,2500,10800,France,Rhône-Alpes,FRK2,FR,1800
CHASSELAY (69),45.89096164,4.783525007,4280,18489.6,France,Rhône-Alpes,FRK2,FR,3081.6
CHATILLON D' AZERGUES,45.87203892,4.649394171,14000,60480,France,Rhône-Alpes,FRK2,FR,10080
CHAZAY D'AZERGUES LE MOULIN,45.87167904,4.715323022,4083,17638.56,France,Rhône-Alpes,FRK2,FR,2939.76
COURZIEU,45.75361381,4.550547791,3467,14977.44,France,Rhône-Alpes,FRK2,FR,2496.24
DOMMARTIN-LISSIEU,45.8433446,4.724674828,2967,12817.44,France,Rhône-Alpes,FRK2,FR,2136.24
FONTAINES SUR SAÔNE,45.83163385,4.852733352,30000,129600,France,Rhône-Alpes,FRK2,FR,21600
GIVORS,45.57291781,4.799983349,89733,387646.56,France,Rhône-Alpes,FRK2,FR,64607.76
LANCIE,46.17009742,4.74272739,5333,23038.56,France,Rhône-Alpes,FRK2,FR,3839.76
FLEURIEUX-SUR-L'ARBRESLE - LE BUVET,45.83998245,4.665420344,9000,38880,France,Rhône-Alpes,FRK2,FR,6480
LUCENAY,45.91561032,4.713877356,3300,14256,France,Rhône-Alpes,FRK2,FR,2376
LYON - PIERRE BÉNITE,45.69251101,4.834823381,950000,4104000,France,Rhône-Alpes,FRK2,FR,684000
LYON - SAINT FONS,45.69117648,4.84868549,983333,4247998.56,France,Rhône-Alpes,FRK2,FR,707999.76
VILLEURBANNE (FEYSSINE),45.78751162,4.889376137,300000,1296000,France,Rhône-Alpes,FRK2,FR,216000
JONAGE,45.7954068,5.036703819,42667,184321.44,France,Rhône-Alpes,FRK2,FR,30720.24
MEYZIEU,45.79121289,4.995653601,33300,143856,France,Rhône-Alpes,FRK2,FR,23976
MARCY-L'ETOILE,45.78111839,4.720904087,1450,6264,France,Rhône-Alpes,FRK2,FR,1044
MESSIMY - VALLEE DU GARON,45.69798005,4.697392376,12000,51840,France,Rhône-Alpes,FRK2,FR,8640
MORANCE,45.90054142,4.725729105,5500,23760,France,Rhône-Alpes,FRK2,FR,3960
NEUVILLE SUR SAÔNE,45.86728196,4.838587589,34100,147312,France,Rhône-Alpes,FRK2,FR,24552
POMMIERS-LE CARRY,45.97361681,4.691643151,5500,23760,France,Rhône-Alpes,FRK2,FR,3960
PONTCHARRA - LES ARTHAUDS,45.87439291,4.518704042,9200,39744,France,Rhône-Alpes,FRK2,FR,6624
QUINCIEUX  - LE BOURG,45.91742387,4.773851033,2700,11664,France,Rhône-Alpes,FRK2,FR,1944
SAIN BEL,45.81780691,4.607030685,5000,21600,France,Rhône-Alpes,FRK2,FR,3600
SAVIGNY 2,45.81479641,4.583603836,2200,9504,France,Rhône-Alpes,FRK2,FR,1584
SOURCIEUX-LES-MINES,45.80101184,4.615684736,2163,9344.16,France,Rhône-Alpes,FRK2,FR,1557.36
ST ETIENNE DES OULLIERES,46.06090667,4.678092227,32400,139968,France,Rhône-Alpes,FRK2,FR,23328
SAINTE-FOY-L'ARGENTIERE,45.71171427,4.477533334,5800,25056,France,Rhône-Alpes,FRK2,FR,4176
SAINT-GEORGES-DE-RENEINS,46.05606311,4.735398783,9900,42768,France,Rhône-Alpes,FRK2,FR,7128
SAINT-GERMAIN-AU-MONT-D'OR,45.88961902,4.80512532,3833,16558.56,France,Rhône-Alpes,FRK2,FR,2759.76
ST LAURENT DE CHAMOUSSET,45.73290944,4.464878731,3200,13824,France,Rhône-Alpes,FRK2,FR,2304
SAINT SYMPHORIEN SUR COISE,45.62362389,4.442029852,18217,78697.44,France,Rhône-Alpes,FRK2,FR,13116.24
TARARE,45.88869143,4.453218612,74417,321481.44,France,Rhône-Alpes,FRK2,FR,53580.24
VILLEFRANCHE SUR SAONE,45.98656495,4.738298209,130000,561600,France,Rhône-Alpes,FRK2,FR,93600
VILLIE MORGON,46.15763027,4.697005827,2900,12528,France,Rhône-Alpes,FRK2,FR,2088
COLOMBIER SAUGNIEU,45.7212171,5.140764332,3000,12960,France,Rhône-Alpes,FRK2,FR,2160
BREUCHES,47.79571228,6.303176564,2700,11664,France,Franche-Comté,FRC2,FR,1944
CHENEBIER,47.63955065,6.725525945,2300,9936,France,Franche-Comté,FRC2,FR,1656
FOUGEROLLES HAUTE SAONE,47.88422471,6.365570058,3750,16200,France,Franche-Comté,FRC2,FR,2700
GRAY,47.44784698,5.574341532,20800,89856,France,Franche-Comté,FRC2,FR,14976
HERICOURT NOUVELLE,47.56717209,6.769009084,18917,81721.44,France,Franche-Comté,FRC2,FR,13620.24
JUSSEY,47.81557642,5.925984973,2100,9072,France,Franche-Comté,FRC2,FR,1512
LURE,47.68310952,6.484279668,27000,116640,France,Franche-Comté,FRC2,FR,19440
LUXEUIL-LES-BAINS NOUVELLE,47.79571921,6.35710713,19500,84240,France,Franche-Comté,FRC2,FR,14040
MARNAY - NOUVELLE,47.28463873,5.762036529,3333,14398.56,France,Franche-Comté,FRC2,FR,2399.76
MELISEY,47.74910218,6.563288231,2800,12096,France,Franche-Comté,FRC2,FR,2016
PORT-SUR-SAONE,47.67486809,6.041248002,6080,26265.6,France,Franche-Comté,FRC2,FR,4377.6
VESOUL NOUVELLE,47.64840719,6.101071347,65150,281448,France,Franche-Comté,FRC2,FR,46908
RIOZ-NOUVELLE,47.41230312,6.062771733,5000,21600,France,Franche-Comté,FRC2,FR,3600
RONCHAMP,47.69685481,6.604422353,12000,51840,France,Franche-Comté,FRC2,FR,8640
SAINT-LOUP-SUR-SEMOUSE,47.87988851,6.259139602,5850,25272,France,Franche-Comté,FRC2,FR,4212
VILLERSEXEL,47.5544206,6.424737663,3000,12960,France,Franche-Comté,FRC2,FR,2160
BUXY,46.71027357,4.709416747,3000,12960,France,Bourgogne,FRC1,FR,2160
CHAGNY,46.91644424,4.759894952,5800,25056,France,Bourgogne,FRC1,FR,4176
CHALON SUR SAONE-PORT BAROIS,46.77093576,4.848097223,86666,374397.12,France,Bourgogne,FRC1,FR,62399.52
CHALON SUR SAONE-CRISSEY-SAONEOR,46.80770464,4.864540499,30400,131328,France,Bourgogne,FRC1,FR,21888
CLUNY,46.44070561,4.669510201,6700,28944,France,Bourgogne,FRC1,FR,4824
COUCHES NINIOLLES,46.86519126,4.603329242,2000,8640,France,Bourgogne,FRC1,FR,1440
CRECHES SUR SAONE,46.24326671,4.796826308,19200,82944,France,Bourgogne,FRC1,FR,13824
DIGOIN,46.48506155,3.979470479,17300,74736,France,Bourgogne,FRC1,FR,12456
DRACY LE FORT,46.79510115,4.77603351,4500,19440,France,Bourgogne,FRC1,FR,3240
FUISSE BOURG,46.28426226,4.753221663,9500,41040,France,Bourgogne,FRC1,FR,6840
GIVRY,46.77807977,4.760203357,9500,41040,France,Bourgogne,FRC1,FR,6840
LOUHANS,46.63532301,5.204721274,25000,108000,France,Bourgogne,FRC1,FR,18000
MONTBELLET,46.4796966,4.900642554,3550,15336,France,Bourgogne,FRC1,FR,2556
MACON,46.28732181,4.822815065,147500,637200,France,Bourgogne,FRC1,FR,106200
DAVAYE BOURG,46.30133778,4.762670646,7068,30533.76,France,Bourgogne,FRC1,FR,5088.96
MERCUREY,46.82398558,4.745332889,5400,23328,France,Bourgogne,FRC1,FR,3888
PRISSE,46.3119062,4.757214067,4500,19440,France,Bourgogne,FRC1,FR,3240
RULLY,46.87425103,4.762870396,9200,39744,France,Bourgogne,FRC1,FR,6624
SAINT SYMPHORIEN D'ANCELLES,46.18933408,4.772013022,18000,77760,France,Bourgogne,FRC1,FR,12960
SENNECEY LE GRAND VIEL MOULIN,46.64876119,4.876942075,3000,12960,France,Bourgogne,FRC1,FR,2160
TOURNUS,46.55115543,4.919729876,10500,45360,France,Bourgogne,FRC1,FR,7560
FLEURVILLE-VIRE,46.43754508,4.872166943,2217,9577.44,France,Bourgogne,FRC1,FR,1596.24
LA BRIDOIRE AIGUEBELETTE,45.54133079,5.752665056,9920,42854.4,France,Rhône-Alpes,FRK2,FR,7142.4
LA LÉCHÈRE - AIGUEBLANCHE,45.54254837,6.467886003,25000,108000,France,Rhône-Alpes,FRK2,FR,18000
AILLON LE JEUNE,45.62340699,6.081956116,4100,17712,France,Rhône-Alpes,FRK2,FR,2952
AIME LA PLAGNE,45.54869788,6.628439737,59500,257040,France,Rhône-Alpes,FRK2,FR,42840
AITON2,45.56440907,6.237022323,2800,12096,France,Rhône-Alpes,FRK2,FR,2016
AIX-LES-BAINS,45.70105493,5.893980705,90000,388800,France,Rhône-Alpes,FRK2,FR,64800
ALBENS,45.77213421,5.94890238,3000,12960,France,Rhône-Alpes,FRK2,FR,2160
ALBERTVILLE-GILLY,45.64784265,6.33737768,46000,198720,France,Rhône-Alpes,FRK2,FR,33120
LA BATHIE,45.64649519,6.437221324,8000,34560,France,Rhône-Alpes,FRK2,FR,5760
BEAUFORT SUR DORON,45.71909862,6.511145615,33330,143985.6,France,Rhône-Alpes,FRK2,FR,23997.6
BELLENTRE-2,45.5673487,6.717484979,27617,119305.44,France,Rhône-Alpes,FRK2,FR,19884.24
BESSANS,45.31796948,6.987047199,5500,23760,France,Rhône-Alpes,FRK2,FR,3960
BOURGET DU LAC -SUD,45.64703409,5.86512808,10000,43200,France,Rhône-Alpes,FRK2,FR,7200
BOURG SAINT MAURICE,45.59921749,6.756480527,61950,267624,France,Rhône-Alpes,FRK2,FR,44604
SAINT BON TARENTAISE VANOISE,45.44341148,6.617029114,65333,282238.56,France,Rhône-Alpes,FRK2,FR,47039.76
CHAMBÉRY,45.58972823,5.89738168,258750,1117800,France,Rhône-Alpes,FRK2,FR,186300
CHAMOUSSET PONT ROYAL,45.56102359,6.198207947,3000,12960,France,Rhône-Alpes,FRK2,FR,2160
LES DESERTS - LA FECLAZ,45.6384927,5.992486766,2500,10800,France,Rhône-Alpes,FRK2,FR,1800
VILLAREMBERT - LE CORBIER,45.2432761,6.283193889,19367,83665.44,France,Rhône-Alpes,FRK2,FR,13944.24
MODANE,45.20096412,6.601462806,29700,128304,France,Rhône-Alpes,FRK2,FR,21384
LA GIETTAZ,45.85380794,6.499303482,3900,16848,France,Rhône-Alpes,FRK2,FR,2808
LANSLEBOURG,45.28510823,6.860137983,16000,69120,France,Rhône-Alpes,FRK2,FR,11520
MONTMÉLIAN,45.47328289,6.018664206,20000,86400,France,Rhône-Alpes,FRK2,FR,14400
MOUTIERS - SALINS,45.4901338,6.517165312,37500,162000,France,Rhône-Alpes,FRK2,FR,27000
NOTRE-DAME-DU-CRUET -SIEPAB,45.36567363,6.306053737,18000,77760,France,Rhône-Alpes,FRK2,FR,12960
SAINT-GENIX-LES-VILLAGES,45.60536302,5.625453122,3800,16416,France,Rhône-Alpes,FRK2,FR,2736
SAINT JEAN DE MAURIENNE,45.28702875,6.351867698,27500,118800,France,Rhône-Alpes,FRK2,FR,19800
LES MENUIRES,45.32953599,6.530184362,80000,345600,France,Rhône-Alpes,FRK2,FR,57600
SAINT MICHEL DE MAURIENNE,45.22377842,6.448981952,35000,151200,France,Rhône-Alpes,FRK2,FR,25200
SAINT-PIERRE-D'ALBIGNY,45.54264016,6.136165441,7200,31104,France,Rhône-Alpes,FRK2,FR,5184
SIVOMA SAINT JEAN D ARVES,45.19199621,6.289671873,17000,73440,France,Rhône-Alpes,FRK2,FR,12240
VAL D'AMBIN,45.25448196,6.796803525,6500,28080,France,Rhône-Alpes,FRK2,FR,4680
VAL D'ISÈRE,45.46380949,6.961953069,32000,138240,France,Rhône-Alpes,FRK2,FR,23040
YENNE,45.70668055,5.759198037,5000,21600,France,Rhône-Alpes,FRK2,FR,3600
ABONDANCE,46.28297026,6.700764423,26300,113616,France,Rhône-Alpes,FRK2,FR,18936
ALLONZIER LA CAILLE,46.01003626,6.121847583,12400,53568,France,Rhône-Alpes,FRK2,FR,8928
CRAN-GEVRIER - SILOE,45.91163805,6.106343464,234500,1013040,France,Rhône-Alpes,FRK2,FR,168840
GAILLARD-ANNEMASSE,46.177102,6.193735891,124000,535680,France,Rhône-Alpes,FRK2,FR,89280
ARENTHON,46.09802976,6.349936563,90000,388800,France,Rhône-Alpes,FRK2,FR,64800
BELLEVAUX,46.26640826,6.541658621,2500,10800,France,Rhône-Alpes,FRK2,FR,1800
BERNEX 2,46.35789903,6.670126699,5250,22680,France,Rhône-Alpes,FRK2,FR,3780
LE BIOT-COUVALOUP,46.2666087,6.622333146,3900,16848,France,Rhône-Alpes,FRK2,FR,2808
BONNEVILLE,46.0829886,6.397150142,53200,229824,France,Rhône-Alpes,FRK2,FR,38304
LES HOUCHES-CHAMONIX,45.89343912,6.789245588,65000,280800,France,Rhône-Alpes,FRK2,FR,46800
SALLENOVES,46.00299061,6.004844267,4000,17280,France,Rhône-Alpes,FRK2,FR,2880
ST JEAN DE SIXT- LA CLUSAZ,45.91811483,6.397557368,29000,125280,France,Rhône-Alpes,FRK2,FR,20880
MARIGNIER- CLUSES,46.07201543,6.492511048,70000,302400,France,Rhône-Alpes,FRK2,FR,50400
DOUVAINE,46.31020339,6.286836466,45000,194400,France,Rhône-Alpes,FRK2,FR,32400
FETERNES-CORNALES,46.3657257,6.539517158,5200,22464,France,Rhône-Alpes,FRK2,FR,3744
FRANGY-LES PLATS,46.02150537,5.910058024,3000,12960,France,Rhône-Alpes,FRK2,FR,2160
GRAND-BORNAND ST JEAN DE SIXT - GRAND BORNE,45.92978136,6.407331719,21000,90720,France,Rhône-Alpes,FRK2,FR,15120
MAGLAND 2,46.03324796,6.609825434,4350,18792,France,Rhône-Alpes,FRK2,FR,3132
MARLENS-CHAMPS FROIDS,45.76375026,6.362499793,15000,64800,France,Rhône-Alpes,FRK2,FR,10800
PRAZ SUR ARLY - MEGEVE,45.83220541,6.560304615,45000,194400,France,Rhône-Alpes,FRK2,FR,32400
POISY - LES POIRIERS,45.91095435,6.085235596,32000,138240,France,Rhône-Alpes,FRK2,FR,23040
ESSERT-ROMAND - MORZINE,46.20230685,6.678827489,64000,276480,France,Rhône-Alpes,FRK2,FR,46080
NEYDENS,46.12205462,6.085270946,7500,32400,France,Rhône-Alpes,FRK2,FR,5400
PASSY,45.92817032,6.651856784,43050,185976,France,Rhône-Alpes,FRK2,FR,30996
SCIENTRIER,46.13638379,6.31758492,81333,351358.56,France,Rhône-Alpes,FRK2,FR,58559.76
RUMILLY,45.86678961,5.952971571,32000,138240,France,Rhône-Alpes,FRK2,FR,23040
ST-FELIX,45.79800877,5.960126984,9667,41761.44,France,Rhône-Alpes,FRK2,FR,6960.24
SAINT-JEAN-D'AULPS,46.24151032,6.6461105,8500,36720,France,Rhône-Alpes,FRK2,FR,6120
MORILLON -  SAMOENS,46.09093403,6.664808403,50000,216000,France,Rhône-Alpes,FRK2,FR,36000
SEYSSEL,45.94947695,5.837450848,5800,25056,France,Rhône-Alpes,FRK2,FR,4176
TANINGES 2,46.10128072,6.575333859,12000,51840,France,Rhône-Alpes,FRK2,FR,8640
THONES-VERNAIES,45.89565474,6.296172561,19500,84240,France,Rhône-Alpes,FRK2,FR,14040
CHEVRIER-BAUGELY,46.11430307,5.922596325,9500,41040,France,Rhône-Alpes,FRK2,FR,6840
VALLIERES-VOGEAN,45.90588603,5.927805282,3800,16416,France,Rhône-Alpes,FRK2,FR,2736
VALLORCINE,46.05035516,6.944457118,935,4039.2,France,Rhône-Alpes,FRK2,FR,673.2
LES ARCS SUR ARGENS,43.44142798,6.487575185,13000,56160,France,Provence-Alpes-Côte d’Azur,FRL0,FR,9360
AUPS,43.61485124,6.231499487,5500,23760,France,Provence-Alpes-Côte d’Azur,FRL0,FR,3960
BAGNOLS EN FORET VILLAGE,43.52645868,6.711991748,4500,19440,France,Provence-Alpes-Côte d’Azur,FRL0,FR,3240
BARJOLS,43.54270273,6.008243889,6000,25920,France,Provence-Alpes-Côte d’Azur,FRL0,FR,4320
BAUDUEN NOUVELLE,43.72113021,6.187395789,4000,17280,France,Provence-Alpes-Côte d’Azur,FRL0,FR,2880
LE CASTELLET-LE  BEAUSSET-LA CADIÈRE,43.1672774,5.773250977,27000,116640,France,Provence-Alpes-Côte d’Azur,FRL0,France,19440
BESSE/ISSOLE VILLAGE,43.34849425,6.185281531,2950,12744,France,Provence-Alpes-Côte d’Azur,FRL0,FR,2124
BRAS VILLAGE,43.47865053,5.951282648,2700,11664,France,Provence-Alpes-Côte d’Azur,FRL0,FR,1944
BRIGNOLES VILLE 'LE VABRE',43.41203236,6.07979583,52000,224640,France,Provence-Alpes-Côte d’Azur,FRL0,FR,37440
CABASSE VILLAGE,43.43491692,6.227654107,2000,8640,France,Provence-Alpes-Côte d’Azur,FRL0,FR,1440
CALLAS VILLAGE NOUVELLE,43.57569603,6.546776536,3200,13824,France,Provence-Alpes-Côte d’Azur,FRL0,FR,2304
CAMPS LA SOURCE VILLAGE,43.38421118,6.077628388,2500,10800,France,Provence-Alpes-Côte d’Azur,FRL0,FR,1800
LE CANNET-DES-MAURES,43.38520017,6.373667399,5000,21600,France,Provence-Alpes-Côte d’Azur,FRL0,FR,3600
CARCES,43.48188973,6.204064592,4200,18144,France,Provence-Alpes-Côte d’Azur,FRL0,FR,3024
CARNOULES VILLAGE,43.29561963,6.199270754,4400,19008,France,Provence-Alpes-Côte d’Azur,FRL0,FR,3168
PARDIGON,43.19538711,6.547487815,68000,293760,France,Provence-Alpes-Côte d’Azur,FRL0,France,48960
LACELLE,43.39995172,6.042490378,2000,8640,France,Provence-Alpes-Côte d’Azur,FRL0,FR,1440
COGOLIN,43.25660056,6.561626352,45000,194400,France,Provence-Alpes-Côte d’Azur,FRL0,FR,32400
COLLOBRIERES,43.23766118,6.301757979,3300,14256,France,Provence-Alpes-Côte d’Azur,FRL0,FR,2376
COTIGNAC VILLAGE,43.49886053,6.16460076,2933,12670.56,France,Provence-Alpes-Côte d’Azur,FRL0,FR,2111.76
LA CRAU VALLEE DU GAPEAU,43.14478043,6.091714106,80600,348192,France,Provence-Alpes-Côte d’Azur,FRL0,France,58032
CUERS VILLAGE,43.23408294,6.083989973,17500,75600,France,Provence-Alpes-Côte d’Azur,FRL0,FR,12600
TRANS EN PROVENCE - DRAGUIGNAN,43.49617335,6.49929855,70000,302400,France,Provence-Alpes-Côte d’Azur,FRL0,FR,50400
FAYENCE VILLAGE,43.60556274,6.695581553,7000,30240,France,Provence-Alpes-Côte d’Azur,FRL0,FR,5040
FIGANIERES VILLAGE,43.55489713,6.533615175,2250,9720,France,Provence-Alpes-Côte d’Azur,FRL0,FR,1620
FLASSANS SUR ISSOLE VILLAGE,43.37325271,6.217260494,2900,12528,France,Provence-Alpes-Côte d’Azur,FRL0,FR,2088
FLAYOSC VILLAGE,43.52548526,6.407170149,6333,27358.56,France,Provence-Alpes-Côte d’Azur,FRL0,FR,4559.76
REYRAN,43.41798231,6.721399298,346600,1497312,France,Provence-Alpes-Côte d’Azur,FRL0,FR,249552
LA GARDE-FREINET,43.3208371,6.469262471,2500,10800,France,Provence-Alpes-Côte d’Azur,FRL0,FR,1800
GAREOULT VILLAGE,43.32858811,6.052657027,3000,12960,France,Provence-Alpes-Côte d’Azur,FRL0,FR,2160
GONFARON VILLAGE,43.33011082,6.31344565,6700,28944,France,Provence-Alpes-Côte d’Azur,FRL0,FR,4824
GRIMAUD,43.26371773,6.551950111,55000,237600,France,Provence-Alpes-Côte d’Azur,FRL0,FR,39600
ALMANARRE,43.08212878,6.134783308,121667,525601.44,France,Provence-Alpes-Côte d’Azur,FRL0,France,87600.24
CAVALIÈRE,43.1605975,6.426655112,18000,77760,France,Provence-Alpes-Côte d’Azur,FRL0,FR,12960
LES BORMETTES,43.12104702,6.247944921,36000,155520,France,Provence-Alpes-Côte d’Azur,FRL0,France,25920
LORGUES LES PAILLES,43.48334068,6.396817954,11000,47520,France,Provence-Alpes-Côte d’Azur,FRL0,FR,7920
LE LUC  PAYETTE,43.36310732,6.309420893,15000,64800,France,Provence-Alpes-Côte d’Azur,FRL0,FR,10800
MONTAUROUX-CALLIAN,43.59962331,6.766456023,9200,39744,France,Provence-Alpes-Côte d’Azur,FRL0,FR,6624
LE MUY FERRAGE CAPO,43.47017241,6.568643346,19133,82654.56,France,Provence-Alpes-Côte d’Azur,FRL0,FR,13775.76
NANS LES PINS VILLAGE,43.38024428,5.781215083,6000,25920,France,Provence-Alpes-Côte d’Azur,FRL0,FR,4320
PIERREFEU VILLAGE,43.22024003,6.140721612,9000,38880,France,Provence-Alpes-Côte d’Azur,FRL0,FR,6480
PIGNANS,43.29401799,6.233114014,6500,28080,France,Provence-Alpes-Côte d’Azur,FRL0,FR,4680
PLAN DE LA TOUR VILLAGE,43.33303967,6.554041423,4400,19008,France,Provence-Alpes-Côte d’Azur,FRL0,FR,3168
POURRIERES NLLE,43.49098113,5.730882636,7500,32400,France,Provence-Alpes-Côte d’Azur,FRL0,FR,5400
PUGET-VILLE NOUVELLE,43.27701262,6.147411746,4200,18144,France,Provence-Alpes-Côte d’Azur,FRL0,FR,3024
REGUSSE,43.64929123,6.147299172,6133,26494.56,France,Provence-Alpes-Côte d’Azur,FRL0,FR,4415.76
RIANS VILLAGE,43.61252094,5.76528165,2250,9720,France,Provence-Alpes-Côte d’Azur,FRL0,FR,1620
ROCBARON NLLE,43.32340015,6.07909083,9400,40608,France,Provence-Alpes-Côte d’Azur,FRL0,FR,6768
LA GAILLARDE,43.36859701,6.702615112,30000,129600,France,Provence-Alpes-Côte d’Azur,FRL0,FR,21600
LA ROQUEBRUSSANNE NOUVELLE,43.33137219,5.989428847,2500,10800,France,Provence-Alpes-Côte d’Azur,FRL0,FR,1800
ST JULIEN MALAVALASSE/VILLAGE/CHEF-LIEU,43.70110325,5.900940386,2700,11664,France,Provence-Alpes-Côte d’Azur,FRL0,FR,1944
SAINTE-MAXIME LA NARTELLE,43.31795192,6.661002219,60000,259200,France,Provence-Alpes-Côte d’Azur,FRL0,FR,43200
SAINT MAXIMIN LA SAINTE BAUME,43.48260278,5.875928546,16000,69120,France,Provence-Alpes-Côte d’Azur,FRL0,FR,11520
SAINT-TROPEZ LA CITADELLE,43.2737058,6.642984768,40000,172800,France,Provence-Alpes-Côte d’Azur,FRL0,France,28800
SALERNES VILLAGE,43.54326331,6.251918661,13617,58825.44,France,Provence-Alpes-Côte d’Azur,FRL0,FR,9804.24
SALLES-SUR-VERDON,43.77734227,6.211398363,3800,16416,France,Provence-Alpes-Côte d’Azur,FRL0,FR,2736
SEILLANS VILLAGE,43.62991563,6.652545962,2800,12096,France,Provence-Alpes-Côte d’Azur,FRL0,FR,2016
SIGNES VILLAGE,43.28765403,5.862250072,3000,12960,France,Provence-Alpes-Côte d’Azur,FRL0,FR,2160
TOURRETTES VILLAGE,43.60025613,6.739811105,5000,21600,France,Provence-Alpes-Côte d’Azur,FRL0,FR,3600
TOURVES,43.40543022,5.94200806,3600,15552,France,Provence-Alpes-Côte d’Azur,FRL0,FR,2592
LE VAL VILLAGE,43.44464497,6.096136113,6750,29160,France,Provence-Alpes-Côte d’Azur,FRL0,FR,4860
VINON-SUR-VERDON,43.7262523,5.797768641,9500,41040,France,Provence-Alpes-Côte d’Azur,FRL0,FR,6840
ALTHEN-DES-PALUDS,44.01713092,4.947926854,2100,9072,France,Provence-Alpes-Côte d’Azur,FRL0,FR,1512
APT,43.87390199,5.346096151,34000,146880,France,Provence-Alpes-Côte d’Azur,FRL0,FR,24480
AUBIGNAN INTERCOMMUNALE,44.09830154,4.998405568,14400,62208,France,Provence-Alpes-Côte d’Azur,FRL0,FR,10368
AVIGNON - LE PONTET,43.93795299,4.786249504,177166,765357.12,France,Provence-Alpes-Côte d’Azur,FRL0,FR,127559.52
BEDARRIDES,44.03706787,4.883365143,6183,26710.56,France,Provence-Alpes-Côte d’Azur,FRL0,FR,4451.76
BEDOIN,44.11274277,5.173407713,7500,32400,France,Provence-Alpes-Côte d’Azur,FRL0,FR,5400
BOLLÈNE MARTINIÈRE,44.2803207,4.736675876,15800,68256,France,Provence-Alpes-Côte d’Azur,FRL0,FR,11376
CADENET,43.71858636,5.35025751,4600,19872,France,Provence-Alpes-Côte d’Azur,FRL0,FR,3312
CAMARET-SUR-AIGUES,44.15924417,4.860325286,55000,237600,France,Provence-Alpes-Côte d’Azur,FRL0,FR,39600
CAROMB NOUVELLE,44.09120067,5.097930159,4000,17280,France,Provence-Alpes-Côte d’Azur,FRL0,FR,2880
CARPENTRAS MARIGNANE,44.05394517,5.026197918,74417,321481.44,France,Provence-Alpes-Côte d’Azur,FRL0,FR,53580.24
CAUMONT SUR DURANCE,43.8904588,4.929638862,4000,17280,France,Provence-Alpes-Côte d’Azur,FRL0,FR,2880
CAVAILLON,43.8526819,4.995461911,22500,97200,France,Provence-Alpes-Côte d’Azur,FRL0,FR,16200
CHATEAUNEUF DE GADAGNE,43.9397647,4.948848231,5600,24192,France,Provence-Alpes-Côte d’Azur,FRL0,FR,4032
CHATEAUNEUF DU PAPE,44.0391665,4.83078189,7000,30240,France,Provence-Alpes-Côte d’Azur,FRL0,FR,5040
CHEVAL-BLANC,43.80360474,5.047828247,4000,17280,France,Provence-Alpes-Côte d’Azur,FRL0,FR,2880
COURTHEZON,44.07700099,4.879354117,10000,43200,France,Provence-Alpes-Côte d’Azur,FRL0,FR,7200
CUCURON,43.76926423,5.443415024,2700,11664,France,Provence-Alpes-Côte d’Azur,FRL0,FR,1944
GORDES,43.88985615,5.232755824,4000,17280,France,Provence-Alpes-Côte d’Azur,FRL0,FR,2880
GRILLON,44.39173459,4.915158082,2300,9936,France,Rhône-Alpes,FRK2,FR,1656
ISLE SUR LA SORGUE CHEF-LIEU,43.92753243,5.032234334,40000,172800,France,Provence-Alpes-Côte d’Azur,FRL0,FR,28800
JONQUERETTES CHEF LIEU,43.95010357,4.942547463,2100,9072,France,Provence-Alpes-Côte d’Azur,FRL0,FR,1512
JONQUIERES 84,44.11134,4.892847083,5483,23686.56,France,Provence-Alpes-Côte d’Azur,FRL0,FR,3947.76
LAPALUD,44.29855981,4.68707616,5400,23328,France,Provence-Alpes-Côte d’Azur,FRL0,FR,3888
LAURIS,43.74476847,5.303350874,4500,19440,France,Provence-Alpes-Côte d’Azur,FRL0,FR,3240
MALAUCENE,44.18238608,5.125771878,6570,28382.4,France,Provence-Alpes-Côte d’Azur,FRL0,FR,4730.4
MAUBEC,43.86098399,5.13608288,3200,13824,France,Provence-Alpes-Côte d’Azur,FRL0,FR,2304
MONDRAGON,44.22517613,4.705040478,4000,17280,France,Provence-Alpes-Côte d’Azur,FRL0,FR,2880
MONTEUX,44.02741703,4.9592465,36000,155520,France,Provence-Alpes-Côte d’Azur,FRL0,FR,25920
MORIERES LES AVIGNON,43.95177628,4.886118778,26000,112320,France,Provence-Alpes-Côte d’Azur,FRL0,FR,18720
MORNAS,44.19330537,4.736618302,2700,11664,France,Provence-Alpes-Côte d’Azur,FRL0,FR,1944
ORANGE RASPAIL,44.12393369,4.793366245,45000,194400,France,Provence-Alpes-Côte d’Azur,FRL0,FR,32400
PERNES LES FONTAINES VILLE,43.99757489,5.042302316,10800,46656,France,Provence-Alpes-Côte d’Azur,FRL0,FR,7776
PERTUIS VILLE,43.67653477,5.482451049,43000,185760,France,Provence-Alpes-Côte d’Azur,FRL0,FR,30960
PIOLENC,44.16947946,4.743682709,5200,22464,France,Provence-Alpes-Côte d’Azur,FRL0,FR,3744
RASTEAU,44.22685187,4.996094324,1900,8208,France,Provence-Alpes-Côte d’Azur,FRL0,FR,1368
ROBION,43.84989253,5.094791717,3800,16416,France,Provence-Alpes-Côte d’Azur,FRL0,FR,2736
SABLET,44.19198806,4.990701993,3500,15120,France,Provence-Alpes-Côte d’Azur,FRL0,FR,2520
SAINTE-CECILE LES VIGNES,44.2297206,4.87208895,4800,20736,France,Provence-Alpes-Côte d’Azur,FRL0,FR,3456
SAINT-DIDIER 84,44.01381956,5.102478607,4200,18144,France,Provence-Alpes-Côte d’Azur,FRL0,FR,3024
SARRIANS INTERCOMMUNALE,44.06706879,4.974121631,13500,58320,France,Provence-Alpes-Côte d’Azur,FRL0,FR,9720
SORGUES SITTEU,44.00288082,4.860471636,63000,272160,France,Provence-Alpes-Côte d’Azur,FRL0,FR,45360
LE THOR,43.92457707,4.968469601,8000,34560,France,Provence-Alpes-Côte d’Azur,FRL0,FR,5760
LA TOUR D'AIGUES,43.71771508,5.540490999,6200,26784,France,Provence-Alpes-Côte d’Azur,FRL0,FR,4464
VAISON LA ROMAINE,44.24430531,5.046760667,20000,86400,France,Provence-Alpes-Côte d’Azur,FRL0,FR,14400
VALRÉAS CHEF-LIEU,44.37474186,4.967825558,20000,86400,France,Rhône-Alpes,FRK2,FR,14400
VELLERON,43.96087384,5.008109418,2800,12096,France,Provence-Alpes-Côte d’Azur,FRL0,FR,2016
VILLELAURE,43.70929001,5.421967146,2700,11664,France,Provence-Alpes-Côte d’Azur,FRL0,FR,1944
LE VAL D'AJOL,47.91371376,6.469007116,3550,15336,France,Lorraine,FRF3,FR,2556
BAVILLIERS,47.6142156,6.836915345,15000,64800,France,Franche-Comté,FRC2,FR,10800
BEAUCOURT,47.49823214,6.910565653,7000,30240,France,Franche-Comté,FRC2,FR,5040
BELFORT,47.62569258,6.860535742,110000,475200,France,Franche-Comté,FRC2,FR,79200
PHAFFANS BESSONCOURT,47.65575743,6.936606809,3200,13824,France,Franche-Comté,FRC2,FR,2304
BOUROGNE VILLE,47.55691096,6.915181602,2000,8640,France,Franche-Comté,FRC2,FR,1440
CHÉVREMONT (NOUVELLE STEP),47.62722483,6.935540701,4000,17280,France,Franche-Comté,FRC2,FR,2880
DELLE - GRANDVILLARS,47.54086098,6.955438987,20000,86400,France,Franche-Comté,FRC2,FR,14400
ANJOUTEY,47.69473696,6.945080496,4670,20174.4,France,Franche-Comté,FRC2,FR,3362.4
MONTREUX CHÂTEAU,47.60272364,6.996416961,4000,17280,France,Franche-Comté,FRC2,FR,2880
GIROMAGNY,47.73131,6.831704867,9400,40608,France,Franche-Comté,FRC2,FR,6768
BOUROGNE ZI,47.54978939,6.913355046,5000,21600,France,Franche-Comté,FRC2,FR,3600
DENNEY,47.6588498,6.922375438,3200,13824,France,Franche-Comté,FRC2,FR,2304
LACHAPELLE SOUS ROUGEMONT,47.7095467,7.017225715,3000,12960,France,Alsace,FRF1,FR,2160
VEZELOIS (NOUVELLE STATION),47.60423774,6.930633785,2400,10368,France,Franche-Comté,FRC2,FR,1728
CROTTET - ORMETS,46.28387261,4.874380916,2700,11664,France,Rhône-Alpes,FRK2,FR,1944
CHATEAU-ARNOUX-SAINT-AUBAN,44.07572171,6.004983343,7650,33048,France,Provence-Alpes-Côte d’Azur,FRL0,FR,5508
FORCALQUIER  OUEST,43.94608325,5.77907727,4000,17280,France,Provence-Alpes-Côte d’Azur,FRL0,FR,2880
SAINT VINCENT LES FORTS/LES PEUPLIERS- CPG 2,44.45750776,6.367217335,540,2332.8,France,Provence-Alpes-Côte d’Azur,FRL0,FR,388.8
SAINT VINCENT LES FORTS/LES COMMERCES,44.45755267,6.36781128,360,1555.2,France,Provence-Alpes-Côte d’Azur,FRL0,FR,259.2
SAINT VINCENT LES FORTS/LE VERGER,44.45755267,6.36781128,270,1166.4,France,Provence-Alpes-Côte d’Azur,FRL0,FR,194.4
SAINT-VINCENT-LES-FORTS GENNEVILLIERS,44.45778407,6.357572201,315,1360.8,France,Provence-Alpes-Côte d’Azur,FRL0,FR,226.8
ZAC DU VAL DE DURANCE,44.22646591,5.915134133,13000,56160,France,Provence-Alpes-Côte d’Azur,FRL0,FR,9360
VILLENEUVE-VOLX,43.8816731,5.877297451,11000,47520,France,Provence-Alpes-Côte d’Azur,FRL0,FR,7920
CHORGES LES RISOULS,44.53140095,6.322058041,2150,9288,France,Provence-Alpes-Côte d’Azur,FRL0,FR,1548
BREIL-SUR-ROYA VILLAGE,43.93529447,7.515542085,3000,12960,France,Provence-Alpes-Côte d’Azur,FRL0,FR,2160
VENCE-MALVAN 2,43.70906037,7.122786193,28000,120960,France,Provence-Alpes-Côte d’Azur,FRL0,FR,20160
LAVILLEDIEU COUDOULAS,44.56879862,4.466057968,3000,12960,France,Rhône-Alpes,FRK2,FR,2160
VILLENEUVE-DE-BERG- CAMPING LE POMMIER,44.57654773,4.510413472,2500,10800,France,Rhône-Alpes,FRK2,FR,1800
CASTELNAUDARY (ESTAMBIGOU),43.31472198,1.96996852,6000,25920,France,Languedoc-Roussillon,FRJ1,FR,4320
PORT-LEUCATE NOUVELLE,42.86724362,3.033911662,43666,188637.12,France,Languedoc-Roussillon,FRJ1,FR,31439.52
MARCORIGNAN-NEVIAN,43.21894171,2.912183087,6500,28080,France,Languedoc-Roussillon,FRJ1,FR,4680
NARBONNE PLAGE,43.14345518,3.140643041,27500,118800,France,Languedoc-Roussillon,FRJ1,FR,19800
PEYRIAC-MINERVOIS,43.29732868,2.584357652,2200,9504,France,Languedoc-Roussillon,FRJ1,FR,1584
VAL DE CESSE (INTERCOMMUNALE),43.26180249,2.921853829,12500,54000,France,Languedoc-Roussillon,FRJ1,FR,9000
AIX-EN-PROVENCE OUEST,43.50605863,5.335567315,30000,129600,France,Provence-Alpes-Côte d’Azur,FRL0,FR,21600
ARLES-SALIN DE GIRAUD,43.41246159,4.744034058,2200,9504,France,Provence-Alpes-Côte d’Azur,FRL0,FR,1584
ISTRES RASSUEN,43.48777286,4.98235043,50000,216000,France,Provence-Alpes-Côte d’Azur,FRL0,FR,36000
SAINT-NAZAIRE-EN-ROYANS-INTERCO,45.07424967,5.226715266,22000,95040,France,Rhône-Alpes,FRK2,FR,15840
PORTES-LÈS-VALENCE,44.87029296,4.862170767,76000,328320,France,Rhône-Alpes,FRK2,FR,54720
SAGONE,42.08703307,8.724568374,8500,36720,France,Corse,FRM0,FR,6120
CAPO DI PADULA,41.56571816,9.280467118,24500,105840,France,Corse,FRM0,France,17640
STE LUCIE DE PORTO-VECCHIO,41.70009015,9.372941813,19000,82080,France,Corse,FRM0,France,13680
BASTIA-SUD,42.66518268,9.444169331,124000,535680,France,Corse,FRM0,FR,89280
BORGO - NORD,42.58407017,9.453733048,8560,36979.2,France,Corse,FRM0,FR,6163.2
CERVIONE-PLAINE,42.3043206,9.544205455,3000,12960,France,Corse,FRM0,France,2160
OLETTA,42.65822899,9.316778447,2500,10800,France,Corse,FRM0,FR,1800
LAUDUN       L'ARDOISE,44.09365181,4.706358211,3800,16416,France,Provence-Alpes-Côte d’Azur,FRL0,FR,2736
NIMES,43.78980324,4.340341784,220000,950400,France,Languedoc-Roussillon,FRJ1,FR,158400
GARDONNENQUE-LA,43.95001197,4.327835386,4500,19440,France,Languedoc-Roussillon,FRJ1,FR,3240
SAINT JUST - SAINT NAZAIRE DE PEZAN,43.64498124,4.126103286,5000,21600,France,Languedoc-Roussillon,FRJ1,FR,3600
VAILHAUQUES,43.66684529,3.725872895,4000,17280,France,Languedoc-Roussillon,FRJ1,FR,2880
VENDRES-LITTORAL,43.22930668,3.236053698,38000,164160,France,Languedoc-Roussillon,FRJ1,FR,27360
COTE-SAINT-ANDRE CENTRE BIEVRE,45.349605,5.257494167,14600,63072,France,Rhône-Alpes,FRK2,FR,10512
ENTRE-DEUX-GUIERS MOULIN NEUF,45.43585168,5.740427045,9800,42336,France,Rhône-Alpes,FRK2,FR,7056
THUIR INTERCO,42.64455366,2.779112815,25000,108000,France,Languedoc-Roussillon,FRJ1,FR,18000
L'ARBRESLE NOUVELLE,45.84030451,4.630378806,13783,59542.56,France,Rhône-Alpes,FRK2,FR,9923.76
CHAZAY D'AZERGUES LE BEAL,45.87515159,4.722703749,2000,8640,France,Rhône-Alpes,FRK2,FR,1440
DOMMARTIN-CHEF LIEU 69076,45.83413621,4.718382501,2000,8640,France,Rhône-Alpes,FRK2,FR,1440
ROCHE-VINEUSE (LA) BOURG,46.33266791,4.733643892,4667,20161.44,France,Bourgogne,FRC1,FR,3360.24
NOTRE-DAME-DE-BELLECOMBE SAINT NICOLAS LA CHAPELLE,45.80789663,6.504666896,27800,120096,France,Rhône-Alpes,FRK2,FR,20016
SAINT-MARTIN-DE-BELLEVILLE VILLARENGER,45.38416446,6.501547653,6000,25920,France,Rhône-Alpes,FRK2,FR,4320
TIGNES LES BREVIERES,45.51598167,6.914779775,50000,216000,France,Rhône-Alpes,FRK2,FR,36000
SALLANCHES,45.96200454,6.632735564,53000,228960,France,Rhône-Alpes,FRK2,FR,38160
BRIGNOLES NICOPOLIS NOUVELLE,43.39967771,6.139414977,9500,41040,France,Provence-Alpes-Côte d’Azur,FRL0,FR,6840
CLAVIERS BARGEMON,43.59138481,6.580002407,4500,19440,France,Provence-Alpes-Côte d’Azur,FRL0,FR,3240
SAINT JEAN DE CANNES,43.52089317,6.872164772,2250,9720,France,Provence-Alpes-Côte d’Azur,FRL0,FR,1620
LA MOTTE  LE PLAN VILLAGE,43.49436155,6.553878405,3000,12960,France,Provence-Alpes-Côte d’Azur,FRL0,FR,2160
LE MUY P.R.L DOMAINE DES CANEBIÈRES,43.43388508,6.547619998,4000,17280,France,Provence-Alpes-Côte d’Azur,FRL0,FR,2880
LA GARDE PONT DE LA CLUE,43.11138307,6.000121,106500,460080,France,Provence-Alpes-Côte d’Azur,FRL0,France,76680
BOLLENE-CROISIERE,44.26536872,4.711260078,4500,19440,France,Provence-Alpes-Côte d’Azur,FRL0,FR,3240
TREVENANS SUD SAVOUREUSE,47.55688023,6.861805673,17000,73440,France,Franche-Comté,FRC2,FR,12240
SAINT-VULBAS-PLAINE DE L'AIN,45.84469449,5.29659828,40000,172800,France,Rhône-Alpes,FRK2,FR,28800
ARLES MONTCALDE,43.6514775,4.609149284,77000,332640,France,Provence-Alpes-Côte d’Azur,FRL0,FR,55440
ISTRES       ENTRESSEN G.CHENE,43.59243118,4.932619691,5000,21600,France,Provence-Alpes-Côte d’Azur,FRL0,FR,3600
MURATELLO,41.58762752,9.210813173,1500,6480,France,Corse,FRM0,FR,1080
SARTENE-TIZZANO,41.55120165,8.854653783,2500,10800,France,Corse,FRM0,France,1800
VEZERONCE-CURTIN / LE CHOLARD,45.65480069,5.485321822,5030,21729.6,France,Rhône-Alpes,FRK2,FR,3621.6
AMPLEPUIS LA BLANCHERIE,45.99511797,4.253686163,43000,185760,France,Rhône-Alpes,FRK2,FR,30960
LE BREUIL,45.89849796,4.587956283,10000,43200,France,Rhône-Alpes,FRK2,FR,7200
SAINT-GERMAIN-DU-PLAIN BOURG,46.70284283,4.975889259,2517,10873.44,France,Bourgogne,FRC1,FR,1812.24
ALBIEZ-MONTROND,45.21745167,6.331734532,5000,21600,France,Rhône-Alpes,FRK2,FR,3600
ARACHES-FLAINE,46.00358998,6.68595843,14117,60985.44,France,Rhône-Alpes,FRK2,FR,10164.24
CHANCY EN SUISSE - VIRY,46.14521001,5.965728539,13600,58752,France,Rhône-Alpes,FRK2,FR,9792
ROQUEBRUNE-SUR-ARGENS LES PLANETS,43.45144141,6.641120284,21000,90720,France,Provence-Alpes-Côte d’Azur,FRL0,FR,15120
DENICE LES BRUYERES,45.99814718,4.676204065,4500,19440,France,Rhône-Alpes,FRK2,FR,3240
OUROUX SUR SAONE - BOURG,46.72109874,4.937381529,2000,8640,France,Bourgogne,FRC1,FR,1440
SAINT-SYLVESTRE,45.82821826,6.015821644,9500,41040,France,Rhône-Alpes,FRK2,FR,6840
ARACHES,46.04825913,6.617103417,15000,64800,France,Rhône-Alpes,FRK2,FR,10800
TARADEAU VIDAUBAN,43.44314979,6.439367879,15000,64800,France,Provence-Alpes-Côte d’Azur,FRL0,FR,10800
CHATEAU QUEYRAS,44.75525751,6.777119954,6900,29808,France,Provence-Alpes-Côte d’Azur,FRL0,FR,4968
CESSENON,43.4500082,3.065522157,2900,12528,France,Languedoc-Roussillon,FRJ1,FR,2088
VENDRES (BOURG ET ZAC VIA EUROPA,43.26823958,3.213944465,5000,21600,France,Languedoc-Roussillon,FRJ1,FR,3600
TENDE VILLAGE,44.07300715,7.598755137,5000,21600,France,Provence-Alpes-Côte d’Azur,FRL0,FR,3600
GRASSE MARIGARDE,43.65421226,6.935250155,14400,62208,France,Provence-Alpes-Côte d’Azur,FRL0,FR,10368
GRASSE  ROUMIGUIÈRES,43.62123345,6.927442712,22950,99144,France,Provence-Alpes-Côte d’Azur,FRL0,FR,16524
GRASSE LA PAOUTE,43.63317112,6.950525263,52000,224640,France,Provence-Alpes-Côte d’Azur,FRL0,FR,37440
FITOU,42.88669062,2.995426385,3000,12960,France,Languedoc-Roussillon,FRJ1,FR,2160
LAPALME,42.97408378,3.001984071,2000,8640,France,Languedoc-Roussillon,FRJ1,FR,1440
LEUCATE LA FRANQUI NOUVELLE,42.93269697,3.011565491,7500,32400,France,Languedoc-Roussillon,FRJ1,FR,5400
CHARLEVAL,43.73115386,5.241835581,3000,12960,France,Provence-Alpes-Côte d’Azur,FRL0,FR,2160
MARSILLARGUES-BOURG,43.65638069,4.164750007,8500,36720,France,Languedoc-Roussillon,FRJ1,FR,6120
CUISERY,46.56279757,5.003010291,6750,29160,France,Bourgogne,FRC1,FR,4860
ABYMES POINTE À DONNE JARRY,16.234834,-61.5632779,45000,194400,France,Guadeloupe,FRY1,FR,32400
ABYMES STEU POLE CARAIBES ANTILLOPOLES,16.27568207,-61.52349485,266,1149.12,France,Guadeloupe,FRY1,FR,191.52
BAIE MAHAULT TRIONCELLE,16.26525076,-61.57734427,18330,79185.6,France,Guadeloupe,FRY1,FR,13197.6
GOURBEYRE BISDARY LOGEMENT SEMSAMAR,15.98644251,-61.70962055,500,2160,France,Guadeloupe,FRY1,France,360
GOURBEYRE-LE GALLION,15.99178748,-61.71468816,500,2160,France,Guadeloupe,FRY1,France,360
GOURBEYRE-LA MAPAD LES FLAMBOYANTS,15.99732932,-61.69390825,300,1296,France,Guadeloupe,FRY1,FR,216
GOURBEYRE-30 LLS ST CHARLES RÉSIDEE SAINT CHARLES,15.99732734,-61.6995429,250,1080,France,Guadeloupe,FRY1,FR,180
GRAND BOURG STEP DE FOLLE ANSE,15.94020311,-61.33533902,2500,10800,France,Guadeloupe,FRY1,FR,1800
GOSIER MONTAUBAN,16.21634944,-61.50406981,15000,64800,France,Guadeloupe,FRY1,FR,10800
GOYAVE NOUVELLE STEU SAINTE CLAIRE,16.12723998,-61.57022687,8560,36979.2,France,Guadeloupe,FRY1,FR,6163.2
LAMENTIN BLACHON 2 NOUVELLE STATION DU BOURG,16.28507102,-61.63080155,4000,17280,France,Guadeloupe,FRY1,FR,2880
MORNE-À-L'EAU STEU DE GÉDÉON,16.33538171,-61.46735798,8000,34560,France,Guadeloupe,FRY1,FR,5760
MOULE NOUVELLE STEP DU BOURG,16.32215303,-61.33176162,12100,52272,France,Guadeloupe,FRY1,France,8712
PETIT-BOURG NOUVELLE STEU DU BOURG,16.19222195,-61.59592968,9500,41040,France,Guadeloupe,FRY1,FR,6840
PORT LOUIS NOUVELLE STATION DU BOURG,16.40847519,-61.52406072,7000,30240,France,Guadeloupe,FRY1,FR,5040
SAINT FRANCOIS BOURG,16.25252523,-61.27998162,15000,64800,France,Guadeloupe,FRY1,France,10800
SAINTE ANNE FFRENCH (NOUVELLE),16.2331785,-61.37168872,12500,54000,France,Guadeloupe,FRY1,France,9000
SAINTE-ROSE-GUA-BOURG,16.33401318,-61.70108321,3000,12960,France,Guadeloupe,FRY1,FR,2160
ANSES D'ARLETS BOURG,14.49552842,-61.07831562,5000,21600,France,Martinique,FRY2,France,3600
BASSE-POINTE HACKAERT,14.86833572,-61.12569497,4000,17280,France,Martinique,FRY2,France,2880
CARBET-BOURG,14.70951951,-61.17818131,4000,17280,France,Martinique,FRY2,FR,2880
CASE-PILOTE MANIBA,14.64521911,-61.13837255,7000,30240,France,Martinique,FRY2,FR,5040
DIAMANT-DIZAC,14.47708255,-61.03878756,8300,35856,France,Martinique,FRY2,France,5976
DUCOS-PAYS NOYE,14.58207509,-60.97958022,11000,47520,France,Martinique,FRY2,FR,7920
DUCOS-CANAL COCOTE,14.56363546,-60.99370251,300,1296,France,Martinique,FRY2,FR,216
FORT-DE-FRANCE-DILLON 2,14.5989987,-61.04944114,60000,259200,France,Martinique,FRY2,FR,43200
FORT-DE-FRANCE-POINTE DES NEGRES,14.60121116,-61.08966,30000,129600,France,Martinique,FRY2,FR,21600
FORT-DE-FRANCE-DILLON 1,14.59931163,-61.04903935,25000,108000,France,Martinique,FRY2,FR,18000
FORT-DE-FRANCE-GODISSARD,14.63270027,-61.06603571,13000,56160,France,Martinique,FRY2,FR,9360
FORT-DE-FRANCE LUNETTE BOUILLÉE,14.62490056,-61.06267932,500,2160,France,Martinique,FRY2,FR,360
FORT-DE-FRANCE LOT LES EVERGLADES,14.63960522,-61.04879492,500,2160,France,Martinique,FRY2,FR,360
LES TERRASSES DE BALATA,14.65525261,-61.08521027,300,1296,France,Martinique,FRY2,FR,216
FORT-DE-FRANCE-LONG PRE,14.62960308,-61.00526239,1200,5184,France,Martinique,FRY2,FR,864
LES CYCLADES-RÉSIDENCE,14.61989258,-61.0755865,204,881.28,France,Martinique,FRY2,FR,146.88
FORT-DE-FRANCE PLATEAU TIBERGE,14.63823732,-61.06246018,600,2592,France,Martinique,FRY2,FR,432
FORT-DE-FRANCE RESIDENCE DES ILES,14.63361227,-61.06160049,500,2160,France,Martinique,FRY2,FR,360
LAMENTIN-BLANDIN,14.61581145,-61.01778553,350,1512,France,Martinique,FRY2,FR,252
FORT-DE-FRANCE AMEP,14.62705716,-61.06120327,250,1080,France,Martinique,FRY2,FR,180
FRANCOIS POINTE COURCHET,14.62128207,-60.90457159,6666,28797.12,France,Martinique,FRY2,FR,4799.52
LAMENTIN GAIGNERON,14.60907258,-60.98749085,35000,151200,France,Martinique,FRY2,FR,25200
LORRAIN BOURG,14.83572803,-61.0622459,1800,7776,France,Martinique,FRY2,France,1296
MARIGOT BOURG DU MARIGOT,14.8217825,-61.03222624,1800,7776,France,Martinique,FRY2,France,1296
MARIN-SAINTE-ANNE,14.46832036,-60.85788425,12500,54000,France,Martinique,FRY2,France,9000
MORNE-ROUGE-CHAZEAU-O-MULLANE,14.7860525,-61.13683381,1000,4320,France,Martinique,FRY2,FR,720
RIVIERE SALEE BOURG GRD CASE,14.5426635,-60.97715596,7000,30240,France,Martinique,FRY2,France,5040
ROBERT-MOULIN A VENT,14.68177746,-60.94784814,3000,12960,France,Martinique,FRY2,FR,2160
ROBERT-COURBARIL,14.67373654,-60.94086844,2000,8640,France,Martinique,FRY2,FR,1440
ROBERT-POINTE LYNCH,14.68250519,-60.93108581,1000,4320,France,Martinique,FRY2,FR,720
SAINT-ESPRIT-ZAC AVENIR,14.5581635,-60.93807622,1800,7776,France,Martinique,FRY2,FR,1296
SAINT-ESPRIT-PETIT FOND,14.55625807,-60.94232448,1250,5400,France,Martinique,FRY2,FR,900
SAINT-JOSEPH-ROSIERES,14.66795546,-61.03824008,2500,10800,France,Martinique,FRY2,FR,1800
SAINT-PIERRE-FOND CORRE,14.75889916,-61.18611075,4000,17280,France,Martinique,FRY2,FR,2880
SAINTE-ANNE BELFOND,14.44567937,-60.87723047,8000,34560,France,Martinique,FRY2,France,5760
SAINTE-MARIE POINTE BENIE,14.79396527,-61.00046168,9990,43156.8,France,Martinique,FRY2,FR,7192.8
TRINITE DESMARINIERES,14.73228164,-60.95395914,10000,43200,France,Martinique,FRY2,FR,7200
TROIS-ILETS-ANSE MARETTE,14.54810122,-61.06124492,12500,54000,France,Martinique,FRY2,France,9000
VAUCLIN BOURG DU VAUCLIN,14.54777127,-60.84083003,5000,21600,France,Martinique,FRY2,FR,3600
BELLEFONTAINE - MARTINIQUE - FOND LAILLET/CHEVAL BLANC/BOURG,14.66655333,-61.15728784,1900,8208,France,Martinique,FRY2,FR,1368
AJOUPA-BOUILLON DESCHAMPS/CITÉ GRENADE,14.81813305,-61.10894204,850,3672,France,Martinique,FRY2,France,612
ROBERT-VERT PRE,14.68785599,-60.98358747,3000,12960,France,Martinique,FRY2,FR,2160
SCHOELCHER FOND LAHAYE,14.63340448,-61.10774989,4000,17280,France,Martinique,FRY2,FR,2880
TRINITE TARTANE,14.75998369,-60.92520112,2100,9072,France,Martinique,FRY2,FR,1512
LAMENTIN PELLETIER DESIRADE,14.66805795,-60.98788103,3500,15120,France,Martinique,FRY2,FR,2520
VENTISERI,41.91378949,9.391935358,7500,32400,France,Corse,FRM0,FR,5400
STEP DE KOUROU,5.15439722,-52.6577384,30000,129600,France,Guyane,FRY3,FR,21600
CNES,5.166574385,-52.68652373,933,4030.56,France,Guyane,FRY3,FR,671.76
LAGUNE DE MANA,5.672273008,-53.78383497,3300,14256,France,Guyane,FRY3,FR,2376
LAGUNE GIBELIN,4.851464153,-52.32003726,8200,35424,France,Guyane,FRY3,FR,5904
SAINT-GEORGES (GABARET),3.911417871,-51.79802137,6500,28080,France,Guyane,FRY3,FR,4680
PÔLE EPURATOIRE SUD (PES) - SAINT-LAURENT DU MARONI,5.461349965,-54.02956224,40000,172800,France,Guyane,FRY3,FR,28800
SAINT-LAURENT-DU-MARONI-LAGUNE NORD FATIMA,5.503748391,-54.00964607,6000,25920,France,Guyane,FRY3,FR,4320
LAGUNE DE SINNAMARY,5.383160187,-52.94854221,3500,15120,France,Guyane,FRY3,FR,2520
APATOU,5.152137402,-54.33380807,5000,21600,France,Guyane,FRY3,France,3600
MACOURIA BOURG,5.00585862,-52.48474465,4300,18576,France,Guyane,FRY3,FR,3096
MACOURIA SOULA,4.920913171,-52.40924541,12000,51840,France,Guyane,FRY3,FR,8640
CONCORDE,4.837809761,-52.35540846,4750,20520,France,Guyane,FRY3,FR,3420
CAYENNE,4.924997987,-52.33169648,60000,259200,France,Guyane,FRY3,FR,43200
CAYENNE-LAGUNE DU LARIVOT,4.900892709,-52.33291102,3360,14515.2,France,Guyane,FRY3,FR,2419.2
CAYENNE-CENTRE PENITENCIER,4.872161793,-52.29923977,1300,5616,France,Guyane,FRY3,FR,936
CAYENNE-LAGUNE MORNE COCO,4.901719746,-52.28936874,6800,29376,France,Guyane,FRY3,FR,4896
CAYENNE-DEGRAD DES CANNES,4.866708136,-52.2803121,1430,6177.6,France,Guyane,FRY3,FR,1029.6
CAYENNE-LYCÉE MELKIOR GARRÉ,4.942379307,-52.30064711,630,2721.6,France,Guyane,FRY3,FR,453.6
CAYENNE-LOTISSEMENT URANUS,4.919439647,-52.32067523,600,2592,France,Guyane,FRY3,FR,432
LA RHUMERIE,4.867900872,-52.32298163,450,1944,France,Guyane,FRY3,FR,324
CAYENNE-HAMEAU DE LA PLAGE,4.942462103,-52.29993486,500,2160,France,Guyane,FRY3,FR,360
CAYENNE-GENDARMERIE DE LA MADELEINE,4.922328714,-52.32324187,500,2160,France,Guyane,FRY3,FR,360
CAYENNE-JARDIN DE JADE,4.888986776,-52.31188695,340,1468.8,France,Guyane,FRY3,FR,244.8
CAYENNE-RÉSIDENCE EOLE,4.928807569,-52.29406489,270,1166.4,France,Guyane,FRY3,FR,194.4
CAYENNE-STADE VIDAL,4.88037595,-52.28887705,300,1296,France,Guyane,FRY3,FR,216
CAYENNE-CAMP DU TIGRE,4.911627175,-52.31060557,1100,4752,France,Guyane,FRY3,FR,792
CAYENNE JARDIN DU COLLÈGE,4.937241648,-52.31008761,500,2160,France,Guyane,FRY3,FR,360
CAYENNE-HORTH MONTABO,4.94521055,-52.30964336,638,2756.16,France,Guyane,FRY3,FR,459.36
CAYENNE-EX RFO,4.94303973,-52.32340012,240,1036.8,France,Guyane,FRY3,FR,172.8
LOTISSEMENT MAYA,4.883235794,-52.32508553,1250,5400,France,Guyane,FRY3,FR,900
CAYENNE-LES ALYSEES,4.89059962,-52.28233213,430,1857.6,France,Guyane,FRY3,FR,309.6
CAYENNE-LAGUNE KARFOUR POLINA,4.890630262,-52.33152915,350,1512,France,Guyane,FRY3,FR,252
LAMIRANDE - MATOURY,4.866683482,-52.31190677,4000,17280,France,Guyane,FRY3,FR,2880
STEU DE BRAS - PANON,-20.99591576,55.69872833,13000,56160,France,La Réunion,FRY4,FR,9360
STEU DE L'ENTRE-DEUX,-21.25416655,55.47187264,4500,19440,France,La Réunion,FRY4,FR,3240
STEU DE SAINT - ANDRE,-20.92413543,55.66061908,26398,114039.36,France,La Réunion,FRY4,France,19006.56
STEU DE SAINT-BENOIT,-21.05830262,55.72599008,30000,129600,France,La Réunion,FRY4,FR,21600
STEU DU GRAND PRADO,-20.90145847,55.52649107,170000,734400,France,La Réunion,FRY4,FR,122400
SAINT-LOUIS STEU DU GOL,-21.28174073,55.38252797,72000,311040,France,La Réunion,FRY4,FR,51840
STEU DE CAMBAIE,-20.96044194,55.29170041,60000,259200,France,La Réunion,FRY4,FR,43200
STEU DE SAINT-PIERRE-PIERREFONDS,-21.32718681,55.43725052,100000,432000,France,La Réunion,FRY4,FR,72000
STEU DE SAINTE-ROSE,-21.14716791,55.82319556,6400,27648,France,La Réunion,FRY4,France,4608
SAINTE-SUZANNE - TROIS FRERES,-20.91494821,55.60756146,25000,108000,France,La Réunion,FRY4,FR,18000
STEP DU 'BRÛLE MARRON',-21.14782916,55.47383282,4500,19440,France,La Réunion,FRY4,FR,3240
STEU SAINT-PAUL-ERMITAGE,-21.07985226,55.2325196,26667,115201.44,France,La Réunion,FRY4,FR,19200.24
DEMBÉNI - TSARARANO,-12.83888113,45.1784058,7500,32400,France,Mayotte,FRY5,FR,5400
DZAOUDZI - RHI POTOLÉA,-12.78521276,45.27277108,2150,9288,France,Mayotte,FRY5,FR,1548
DZAOUDZI - COLLÈGE BOUÉNI M'TITI,-12.78529502,45.28055668,510,2203.2,France,Mayotte,FRY5,FR,367.2
DZAOUDZI - DLEM,-12.78227213,45.25646,310,1339.2,France,Mayotte,FRY5,FR,223.2
PAMANDZI - CRA,-12.79955922,45.28547436,260,1123.2,France,Mayotte,FRY5,FR,187.2
PAMANDZI - GENDARMERIE,-12.79642458,45.27393488,250,1080,France,Mayotte,FRY5,FR,180
PAMANDZI - COLLÈGE ZÉNA M'DERE,-12.79319603,45.28276753,250,1080,France,Mayotte,FRY5,FR,180
KOUNGOU - LOT POINTE KOUNGOU,-12.73594794,45.2133479,300,1296,France,Mayotte,FRY5,FR,216
KOUNGOU - TRÉVANI-LOT ROTONDE,-12.73579581,45.19970499,300,1296,France,Mayotte,FRY5,FR,216
KOUNGOU - KANGANI - LOT SIM,-12.73406734,45.18913768,250,1080,France,Mayotte,FRY5,FR,180
KOUNGOU-KOUNGOU-LOTISSEMENT MAKALA,-12.73547623,45.20374874,234,1010.88,France,Mayotte,FRY5,FR,168.48
MAMOUDZOU - BAOBAB,-12.78591538,45.22799345,48500,209520,France,Mayotte,FRY5,FR,34920
MAMOUDZOU - COLLÈGE DE KWALÉ,-12.80738669,45.20123551,550,2376,France,Mayotte,FRY5,FR,396
MAMOUDZOU - PASSAMAINTY - COLLÈGE,-12.79900961,45.20569774,450,1944,France,Mayotte,FRY5,FR,324
MAMOUDZOU-PASSAMAINTY-BENGALIS,-12.8012975,45.20561666,270,1166.4,France,Mayotte,FRY5,FR,194.4
MAMOUDZOU - JUMBO SCORE,-12.75675868,45.23108119,235,1015.2,France,Mayotte,FRY5,FR,169.2
SADA - RHI MANGAJOU,-12.84427823,45.11654371,1050,4536,France,Mayotte,FRY5,FR,756
CHICONI - COLLÈGE,-12.8333695,45.1233489,400,1728,France,Mayotte,FRY5,FR,288
SADA - LYCÉE,-12.84591665,45.11271987,300,1296,France,Mayotte,FRY5,FR,216
OUANGANI - BARAKANI - LOTISSEMENT BARAKANI2000,-12.84019217,45.13287204,270,1166.4,France,Mayotte,FRY5,FR,194.4
OUANGANI-COLLÈGE,-12.84072826,45.12771152,250,1080,France,Mayotte,FRY5,FR,180
OUANGANI-KAHANI LOTISSEMENT SIM,-12.82502836,45.1309289,300,1296,France,Mayotte,FRY5,FR,216
OUANGANI - BARAKANI - LYCÉE AGRICOLE COCONI,-12.83409597,45.13552289,360,1555.2,France,Mayotte,FRY5,FR,259.2
TSINGONI - COMBANI - RHI MIRERENI,-12.78883335,45.1417641,600,2592,France,Mayotte,FRY5,FR,432
TSINGONI - COMBANI - GSMA,-12.78720926,45.13486209,480,2073.6,France,Mayotte,FRY5,FR,345.6
TSINGONI - COMBANI - LOTISSEMENT DISPENSAIRE,-12.78981544,45.13120557,400,1728,France,Mayotte,FRY5,FR,288
TSINGONI - COMBANI - RHI ZIDAKANI,-12.78574137,45.10101012,400,1728,France,Mayotte,FRY5,FR,288
TSINGONI - COMBANI - COLLÈGE MROWALÉ,-12.78979993,45.12592602,325,1404,France,Mayotte,FRY5,FR,234
TSINGONI - COMBANI - RHI MIFILAONI,-12.78700352,45.11060215,300,1296,France,Mayotte,FRY5,FR,216
TSINGONI - COMBANI - LOTISSEMENT YLANG SIM 1,-12.78658681,45.13188572,250,1080,France,Mayotte,FRY5,FR,180
BOSSOST,42.78956,0.69703,4399,19003.68,France,Midi-Pyrénées,FRJ2,FR,3167.28
LES,42.82208,0.71609,2812,12147.84,France,Midi-Pyrénées,FRJ2,FR,2024.64
AMBLETEUSE,50.81748853,1.606543977,4000,17280,France,Nord-Pas de Calais,FRE1,France,2880
EQUIHEN,50.6804505,1.567577502,9333,40318.56,France,Nord-Pas de Calais,FRE1,France,6719.76
LE PORTEL,50.70258431,1.566931055,36667,158401.44,France,Nord-Pas de Calais,FRE1,France,26400.24
SANGATTE SE,50.94500251,1.753465887,2917,12601.44,France,Nord-Pas de Calais,FRE1,France,2100.24
WISSANT,50.88940267,1.666327021,4650,20088,France,Nord-Pas de Calais,FRE1,FR,3348
BARNEVILLE-CARTERET 2,49.36971672,-1.754645206,13000,56160,France,Basse-Normandie,FRD1,FR,9360
TREAUVILLE,49.55027129,-1.848191278,4000,17280,France,Basse-Normandie,FRD1,France,2880
LE HAVRE,49.47797174,0.1518600496,322000,1391040,France,Basse-Normandie,FRD1,FR,231840
OCTEVILLE-SUR-MER,49.56870515,0.1025937195,500,2160,France,Haute-Normandie,FRD2,France,360
ARS-EN-RE,46.21351941,-1.535402168,23000,99360,France,Pays de la Loire,FRG0,FR,16560
COUARDE SUR MER,46.20222203,-1.429692073,37333,161278.56,France,Poitou-Charentes,FRI3,France,26879.76
FLOTTE (LA) CLOS MARTIN,46.17967009,-1.338465198,36000,155520,France,Poitou-Charentes,FRI3,France,25920
MARSILLY( CHARENTE MARITIME),46.21880811,-1.136822135,9600,41472,France,Poitou-Charentes,FRI3,FR,6912
PORTES EN RE,46.24500381,-1.508956097,8000,34560,France,Pays de la Loire,FRG0,FR,5760
LA ROCHELLE,46.1511711,-1.189650834,226000,976320,France,Poitou-Charentes,FRI3,FR,162720
SAINTE MARIE DE RE,46.15724387,-1.325633371,30000,129600,France,Poitou-Charentes,FRI3,France,21600
ERQUY TU ES ROC,48.64020249,-2.470981829,20000,86400,France,Bretagne,FRH0,France,14400
DIAG-FREHEL LE ROUTIN,48.65002158,-2.37224292,9500,41040,France,Bretagne,FRH0,France,6840
LTC-PLEUBIAN HAMEAU ST ANTOINE,48.85364126,-3.125750092,4200,18144,France,Bretagne,FRH0,France,3024
LTC-TREBEURDEN TROVERN BIHAN,48.77627072,-3.572351718,8000,34560,France,Bretagne,FRH0,France,5760
LTC-TREGASTEL ROUTE DE TREBEURDEN,48.81530684,-3.509750675,15000,64800,France,Bretagne,FRH0,France,10800
STEU DE: PLOUNEOUR-BRIGNOGAN-PLAGES,48.66192361,-4.320701777,3000,12960,France,Bretagne,FRH0,France,2160
STEU DE: CAMARET-SUR-MER,48.27322145,-4.59596194,7000,30240,France,Bretagne,FRH0,FR,5040
STEU DE: CROZON (LOSTMARC'H),48.21554462,-4.544285657,17700,76464,France,Bretagne,FRH0,FR,12744
STEU DE:  LE GUILVINEC - LAGAD YAR,47.80636969,-4.27486977,26000,112320,France,Bretagne,FRH0,France,18720
STEU DE:  NEVEZ - AN GOARLED,47.79840642,-3.755471902,5000,21600,France,Bretagne,FRH0,France,3600
STEU DE:  PENMARC'H - KERAMEIL,47.81368774,-4.360252925,15000,64800,France,Bretagne,FRH0,France,10800
STEU DE:  PLOBANNALEC - KERALOUET,47.80756959,-4.200318926,8100,34992,France,Bretagne,FRH0,France,5832
STEU DE: PLOUDALMEZEAU (RANTERBOUL),48.56166667,-4.690367946,6000,25920,France,Bretagne,FRH0,France,4320
STEU DE: PLOUGONVELIN (POULHERBET),48.33159232,-4.715329508,14000,60480,France,Bretagne,FRH0,FR,10080
STEU DE: PLOUGUERNEAU (PRAT MENAN),48.62030202,-4.530833386,5000,21600,France,Bretagne,FRH0,France,3600
STEU DE: PORSPODER (SAINT-DENEC),48.49748839,-4.753654993,6800,29376,France,Bretagne,FRH0,France,4896
STEU DE: ROSCOFF (KEROULAOUEN),48.7232297,-3.968861834,9900,42768,France,Bretagne,FRH0,FR,7128
STEU DE:  TREFFIAGAT - KERISTIN,47.79521791,-4.260745261,7200,31104,France,Bretagne,FRH0,France,5184
LA RICHARDAIS 2,48.61535922,-2.034502149,6000,25920,France,Bretagne,FRH0,FR,4320
SAINT-COULOMB,48.68306928,-1.930592915,3500,15120,France,Bretagne,FRH0,France,2520
SAINT-MALO,48.63659266,-1.971531414,122000,527040,France,Bretagne,FRH0,FR,87840
ARZON ZA DU RÉDO,47.54695161,-2.878523715,27667,119521.44,France,Bretagne,FRH0,FR,19920.24
LE PALAIS BRUTÉ,47.35084882,-3.188525907,8000,34560,France,Bretagne,FRH0,FR,5760
QUIBERON PONT ER BAIL,47.50236261,-3.130628787,60000,259200,France,Bretagne,FRH0,FR,43200
SAINT-GILDAS-DE-RHUYS  BOT PÉNAL,47.51672942,-2.837862566,14500,62640,France,Bretagne,FRH0,France,10440
L'AIGUILLON / LA FAUTE,46.32367394,-1.277978405,18000,77760,France,Pays de la Loire,FRG0,France,12960
BARRE-DE-MONTS (LA) LA GRANDE COTE,46.88573472,-2.152892483,12900,55728,France,Pays de la Loire,FRG0,FR,9288
ILE-D'YEU LES ROSES,46.72996413,-2.364525784,19500,84240,France,Pays de la Loire,FRG0,FR,14040
JARD-SUR-MER,46.41162654,-1.568379941,25533,110302.56,France,Pays de la Loire,FRG0,FR,18383.76
NOIRMOUTIER-EN-L'ILE LA SALAISIÈRE,47.00501117,-2.266379228,37417,161641.44,France,Pays de la Loire,FRG0,France,26940.24
NOTRE-DAME-DE-MONTS LA PARÉE GROLLIER,46.85133819,-2.130729763,14300,61776,France,Pays de la Loire,FRG0,FR,10296
SAINT-JEAN-DE-MONTS LES 60 BORNES,46.76563385,-2.041257063,98330,424785.6,France,Pays de la Loire,FRG0,FR,70797.6
TRANCHE-SUR-MER,46.35879556,-1.429808326,32000,138240,France,Pays de la Loire,FRG0,FR,23040
LTC-PLEUMEUR-BODOU ILE GRANDE,48.80482373,-3.584169184,5000,21600,France,Bretagne,FRH0,France,3600
SAINT-NAZAIRE OUEST,47.26619711,-2.285870059,102000,440640,France,Pays de la Loire,FRG0,FR,73440
GROIX LE GRIPP,47.64325374,-3.455321217,4000,17280,France,Bretagne,FRH0,FR,2880
PLOUHINEC  MANESTER,47.69053391,-3.229985702,6485,28015.2,France,Bretagne,FRH0,FR,4669.2
SARZEAU PENVINS,47.51309613,-2.699249883,1950,8424,France,Bretagne,FRH0,France,1404
BARBATRE LA CASIE,46.92432855,-2.150002036,18000,77760,France,Pays de la Loire,FRG0,FR,12960
ST PIERRE D'OLERON LA COTINIERE N°2,45.91726776,-1.315372123,60000,259200,France,Poitou-Charentes,FRI3,France,43200
LA TREMBLADE,45.78372268,-1.159916228,24000,103680,France,Poitou-Charentes,FRI3,France,17280
GRAYAN ET L HOPITAL,45.42591289,-1.141292234,14000,60480,France,Aquitaine,FRI1,FR,10080
SOULAC SUR MER,45.50228194,-1.105614231,24000,103680,France,Aquitaine,FRI1,FR,17280
LE VERDON SUR MER,45.54058824,-1.062912921,5000,21600,France,Poitou-Charentes,FRI3,FR,3600
ANTIBES,43.56739931,7.130931402,245000,1058400,France,Provence-Alpes-Côte d’Azur,FRL0,FR,176400
LA CIOTAT,43.17314258,5.602572005,94835,409687.2,France,Provence-Alpes-Côte d’Azur,FRL0,FR,68281.2
AJACCIO SANGUINAIRES,41.90760325,8.706245673,60000,259200,France,Corse,FRM0,FR,43200
CARGESE,42.1545527,8.580128085,10000,43200,France,Corse,FRM0,FR,7200
SERRA DI FERRO PORTO POLLO,41.71915029,8.811756728,6500,28080,France,Corse,FRM0,FR,4680
L'ILE ROUSSE,42.63642659,8.935204675,30000,129600,France,Corse,FRM0,FR,21600
LE GRAU-DU-ROI,43.50938172,4.151200608,100000,432000,France,Languedoc-Roussillon,FRJ1,FR,72000
AGDE,43.29596328,3.465906021,197583,853558.56,France,Languedoc-Roussillon,FRJ1,FR,142259.76
MARSEILLAN,43.33282114,3.555157455,76667,331201.44,France,Languedoc-Roussillon,FRJ1,FR,55200.24
LE BATAILLER,43.12767975,6.347416692,93333,403198.56,France,Provence-Alpes-Côte d’Azur,FRL0,FR,67199.76
RAMATUELLE-BONNE-TERRASSE,43.20574242,6.66649063,28000,120960,France,Provence-Alpes-Côte d’Azur,FRL0,France,20160
SAINT-CYR-SUR-MER POINTE GRENIER,43.16111024,5.686956156,35000,151200,France,Provence-Alpes-Côte d’Azur,FRL0,France,25200
SAINT-RAPHAEL AGAY,43.42587534,6.854891626,45967,198577.44,France,Provence-Alpes-Côte d’Azur,FRL0,FR,33096.24
LA CRIDE,43.11666405,5.768931653,60000,259200,France,Provence-Alpes-Côte d’Azur,FRL0,France,43200
CAP SICIÉ - AMPHITRIA,43.04954375,5.851348684,500000,2160000,France,Provence-Alpes-Côte d’Azur,FRL0,France,360000
OLMETO LITTORAL,41.7145893,8.837041618,7500,32400,France,Corse,FRM0,FR,5400
HYERES PORQUEROLLES,42.98886323,6.201031069,4333,18718.56,France,Provence-Alpes-Côte d’Azur,FRL0,France,3119.76
BORGO-MARANA,42.61075187,9.483631759,30000,129600,France,Corse,FRM0,FR,21600
BASSE TERRE NOUVELLE STEP DE BAILLIF,16.01161151,-61.74570865,18000,77760,France,Guadeloupe,FRY1,France,12960
BOUILLANTE STEP DE FONTAINE CHAUDE,16.12542701,-61.77257912,2250,9720,France,Guadeloupe,FRY1,France,1620
CAPESTERRE-BELLE-EAU NOUVEAU STEU DU BOURG,16.02778284,-61.57104987,24000,103680,France,Guadeloupe,FRY1,FR,17280
TROIS RIVIÈRES ROBIN,15.96762964,-61.65293621,2500,10800,France,Guadeloupe,FRY1,FR,1800
MARIN-DUPREY,14.46027289,-60.8892955,250,1080,France,Martinique,FRY2,France,180
SAINTE-LUCE-GROS RAISIN,14.46765441,-60.93499145,16755,72381.6,France,Martinique,FRY2,France,12063.6
STEU DE L'ETANG-SALE,-21.28205705,55.36106222,19200,82944,France,La Réunion,FRY4,FR,13824
STEU DU PORT,-20.92557601,55.28722171,87050,376056,France,La Réunion,FRY4,FR,62676
SAINT-JOSEPH REUNION,-21.38040704,55.60194976,18500,79920,France,La Réunion,FRY4,FR,13320
SAINT-LEU / BOIS DE NEFLES,-21.23008973,55.29606972,13000,56160,France,La Réunion,FRY4,FR,9360
