WWTP name,Latitude,Longitude,Capacity (p.e),N kg/per year,country,province,nuts2_id,country_code,P kg/per year
Depuratore urbano Tivoli-BORGONOVO,41.940261,12.699519,9000,38880,Italy,Lazio,ITI4,Italy,6480
Depuratore urbano Poli-MAIORI,41.888235,12.87945,3500,15120,Italy,Lazio,ITI4,Italy,2520
Depuratore urbano Rocca Priora-MONTAGNA SPACCATA loc Beccaccia,41.789396,12.768302,3500,15120,Italy,Lazio,ITI4,Italy,2520
Depuratore urbano Formello-LOC BACCANALE (comparto B),42.054883,12.378206,3000,12960,Italy,Lazio,ITI4,Italy,2160
Depuratore urbano Acea Ato 2 S.p.A. S.Orsio,42.211674,12.097766,1900,8208,Italy,Lazio,ITI4,Italy,1368
Depuratore urbano Pomezia-SANTA PALOMBA,41.70768,12.570132,1700,7344,Italy,Lazio,ITI4,Italy,1224
Depuratore urbano Formello-LE RUGHE (basse),42.080017,12.382775,800,3456,Italy,Lazio,ITI4,Italy,576
Depuratore urbano Fiumicino-ARANOVA,41.915039,12.259604,800,3456,Italy,Lazio,ITI4,Italy,576
Depuratore urbano Pisoniano-FRANCHELEO,41.902912,12.968935,1200,5184,Italy,Lazio,ITI4,Italy,864
Depuratore Urbano Carpineto - Annunziata,41.616146,13.076885,5000,21600,Italy,Lazio,ITI4,Italy,3600
Depuratore Boccapiana 2,41.83244,12.856165,5000,21600,Italy,Lazio,ITI4,Italy,3600
Depuratore Valle Marciana 2,41.789513,12.65345,40000,172800,Italy,Lazio,ITI4,Italy,28800
VIA_DEL_CAMPO,41.56837,12.68592,90000,388800,Italy,Lazio,ITI4,Italy,64800
VIA_PANTANO,41.47218,13.33168,2000,8640,Italy,Lazio,ITI4,Italy,1440
PORTO_D_ARZINO,41.27785,13.82557,9500,41040,Italy,Campania,ITF3,Italy,6840
CERCIABELLA,41.5742,12.8446,30000,129600,Italy,Lazio,ITI4,Italy,21600
PISCHERI,41.6818,12.8723,2500,10800,Italy,Lazio,ITI4,Italy,1800
SPINETE_MARANGIO,41.3495,13.4145,30000,129600,Italy,Lazio,ITI4,Italy,21600
SALTO_DI_FONDI,41.2982,13.3246,8000,34560,Italy,Lazio,ITI4,Italy,5760
MAMURRANO,41.2663,13.6617,55000,237600,Italy,Lazio,ITI4,Italy,39600
ARZANO,41.2382,13.5578,55000,237600,Italy,Lazio,ITI4,Italy,39600
RIO_TORTO,41.28552,13.53637,15200,65664,Italy,Lazio,ITI4,Italy,10944
LATINA_MARE,41.41569,12.81499,15000,64800,Italy,Lazio,ITI4,Italy,10800
Brusio (Li Geri),46.23761,10.135273,2333,10078.56,Italy,Lombardia,ITC4,Italy,1679.76
Poschiavo (Li Geri),46.294758,10.082272,8625,37260,Italy,Lombardia,ITC4,Italy,6210
Bregaglia,46.339911,9.577481,4500,19440,Italy,Lombardia,ITC4,Italy,3240
Rancate (Mendrisio),45.887655,8.974678,62000,267840,Italy,Lombardia,ITC4,Italy,44640
Vacallo (Chiasso),45.840684,9.035099,37500,162000,Italy,Lombardia,ITC4,Italy,27000
Col Gd St-Bernard,45.868969,7.173264,355,1533.6,Italy,Valle d’Aosta/Vallée d’Aoste,ITC2,Italy,255.6
LATINA_EST,41.4637,12.9296,60000,259200,Italy,Lazio,ITI4,Italy,43200
LATINA_CICERCHIA,41.4355,12.8817,60000,259200,Italy,Lazio,ITI4,Italy,43200
LATINA_SCALO,41.5229,12.9509,15000,64800,Italy,Lazio,ITI4,Italy,10800
BORGO_GRAPPA,41.3888,12.9419,3000,12960,Italy,Lazio,ITI4,Italy,2160
BORGO_PIAVE,41.488,12.8709,7500,32400,Italy,Lazio,ITI4,Italy,5400
BORGO_S_MICHELE,41.4387,12.9718,2800,12096,Italy,Lazio,ITI4,Italy,2016
POZZAVEGLI,41.3963,13.4634,3500,15120,Italy,Lazio,ITI4,Italy,2520
MAENZA_VIA_CARPINETANA,41.5261,13.176,3700,15984,Italy,Lazio,ITI4,Italy,2664
PANTANO,41.237,13.7613,70000,302400,Italy,Lazio,ITI4,Italy,50400
NORMA,41.5915,12.9825,5000,21600,Italy,Lazio,ITI4,Italy,3600
MIGLIARA_48,41.4143,13.0586,8000,34560,Italy,Lazio,ITI4,Italy,5760
MOLE_COMUNI,41.4707,13.1922,12000,51840,Italy,Lazio,ITI4,Italy,8640
SABAUDIA_BELSITO,41.3108,13.01,30000,129600,Italy,Lazio,ITI4,Italy,21600
BELLA_FARNIA,41.3647,12.9666,2000,8640,Italy,Lazio,ITI4,Italy,1440
CASALI,41.5083,13.0554,9000,38880,Italy,Lazio,ITI4,Italy,6480
LA_SASSA,41.4197,13.2404,3500,15120,Italy,Lazio,ITI4,Italy,2520
SALETTE,41.2663,13.4182,22000,95040,Italy,Lazio,ITI4,Italy,15840
BORGO_HERMADA,41.2961,13.1899,55000,237600,Italy,Lazio,ITI4,Italy,39600
FORTIDICO,41.4474,13.3999,3200,13824,Italy,Lazio,ITI4,Italy,2304
LA_COGNA,41.5746,12.5784,2920,12614.4,Italy,Lazio,ITI4,Italy,2102.4
PONTE BUCCETTA,41.5246,13.1636,3000,12960,Italy,Lazio,ITI4,Italy,2160
NUOVO_VIA ARCHI DI SAN LIDANO,41.4897,13.0252,10000,43200,Italy,Lazio,ITI4,Italy,7200
FRATTUCCE,41.74919,13.1736946,3000,12960,Italy,Lazio,ITI4,Italy,2160
PANTANE,41.7259661,13.1327968,3300,14256,Italy,Lazio,ITI4,Italy,2376
PONTE_PIANO,41.7577703,13.1174561,10000,43200,Italy,Lazio,ITI4,Italy,7200
VIA_VADO_LA_MOLA,41.6963185,13.6425741,2176,9400.32,Italy,Lazio,ITI4,Italy,1566.72
VIA_S_PAOLO,41.673366,13.5553417,3500,15120,Italy,Lazio,ITI4,Italy,2520
CEPRANO_SCALO,41.5281143,13.5287919,1200,5184,Italy,Lazio,ITI4,Italy,864
CORSO_DELLA_REPUBBLICA_LIMATELLE,41.5424468,13.5173318,6000,25920,Italy,Lazio,ITI4,Italy,4320
LE_MANDRE,41.6581214,13.276195,18000,77760,Italy,Lazio,ITI4,Italy,12960
SPAZIANI_CASILINA_NORD,41.6939007,13.2299305,7000,30240,Italy,Lazio,ITI4,Italy,5040
SAN_GIOVANNI,41.8248905,13.1327709,5000,21600,Italy,Lazio,ITI4,Italy,3600
VADO_OSCURO,41.8063838,13.1295964,3000,12960,Italy,Lazio,ITI4,Italy,2160
VIA_LUCE_MISERIS,41.6081642,13.4288207,400,1728,Italy,Lazio,ITI4,Italy,288
CAMPO_SPORTIVO,41.6011462,13.4095408,3000,12960,Italy,Lazio,ITI4,Italy,2160
FRAZIONE_COLLE_IATELLA,41.6801235,13.7952786,600,2592,Italy,Lazio,ITI4,Italy,432
CONTRADA_S_QUIRICO,41.8419208,13.0741891,300,1296,Italy,Lazio,ITI4,Italy,216
CONTRADA_LA_MOLA,41.8307002,13.0875394,2500,10800,Italy,Lazio,ITI4,Italy,1800
CONTRADA_S_MARTINO,41.8403279,13.0909981,800,3456,Italy,Lazio,ITI4,Italy,576
VIA_FORMICCHIA,41.6709695,13.1547446,1000,4320,Italy,Lazio,ITI4,Italy,720
LOC_COLLE_S_GIUSTO,41.6861924,13.1513199,2500,10800,Italy,Lazio,ITI4,Italy,1800
VIA_TOFARO,41.7108058,13.5885308,24000,103680,Italy,Lazio,ITI4,Italy,17280
LA_MOLETTA,41.6598382,13.4131235,10000,43200,Italy,Lazio,ITI4,Italy,7200
LOC_AGNONE,41.4769158,13.8338658,40000,172800,Italy,Lazio,ITI4,Italy,28800
DEPURATORE_CAPOLUOGO_PONTECORVO,41.4483066,13.6649317,5000,21600,Italy,Lazio,ITI4,Italy,3600
CAPPUCCINI_TRUELI_OVEST,41.6951264,13.4113364,1000,4320,Italy,Lazio,ITI4,Italy,720
CASAMARI,41.6688104,13.4800809,2500,10800,Italy,Lazio,ITI4,Italy,1800
LOC_LA_TORRETTA,41.7813186,13.3190849,3000,12960,Italy,Lazio,ITI4,Italy,2160
CAPOLUOGO,41.7062517,13.8040991,3000,12960,Italy,Lazio,ITI4,Italy,2160
SPULLA,41.6211802,13.4501901,2500,10800,Italy,Lazio,ITI4,Italy,1800
VIA_VICENNE,41.6217819,13.4793369,3000,12960,Italy,Lazio,ITI4,Italy,2160
VALLE_PARA_CASAVITOLA,41.649633,13.4387033,2500,10800,Italy,Lazio,ITI4,Italy,1800
VIA_COLLE_DELLE_MELE,41.77563,13.22967,72000,311040,Italy,Lazio,ITI4,Italy,51840
COLLE_CARINO,41.6661,13.59278,700,3024,Italy,Lazio,ITI4,Italy,504
SETTIGNANO,41.6299,13.75484,3500,15120,Italy,Lazio,ITI4,Italy,2520
PORRINO,41.67226,13.51581,2000,8640,Italy,Lazio,ITI4,Italy,1440
PERNA_CHIAIAMARI,41.65071,13.54582,1000,4320,Italy,Lazio,ITI4,Italy,720
FONTANA_MAGNA,41.63493,13.51945,3300,14256,Italy,Lazio,ITI4,Italy,2376
COLLE_PUPAZZO,41.65509,13.49976,1500,6480,Italy,Lazio,ITI4,Italy,1080
SAN_ROCCO,41.5496,13.65579,2800,12096,Italy,Lazio,ITI4,Italy,2016
ROCCASECCA_SCALO,41.5234,13.62938,7000,30240,Italy,Lazio,ITI4,Italy,5040
CENTRO_CAPOLUOGO_SCAFA,41.41365,13.77354,2300,9936,Italy,Lazio,ITI4,Italy,1656
FONTANA_DEL_DIAVOLO,41.79935,13.05503,1550,6696,Italy,Lazio,ITI4,Italy,1116
SANT_ANGELO,41.62982258,12.8878132,12000,51840,Italy,Lazio,ITI4,Italy,8640
DEP_COM_PANTANO,41.78199,12.89088,3000,12960,Italy,Lazio,ITI4,Italy,2160
DEP_COM_FONTANA_MARCHETTA,41.78223,12.89075,1500,6480,Italy,Lazio,ITI4,Italy,1080
DEP_COM_LA_VALLE_MORLUPO,42.13938,12.50835,10000,43200,Italy,Lazio,ITI4,Italy,7200
DEP_COM_VIA_PALOMBARA,42.13781,12.09197,2500,10800,Italy,Lazio,ITI4,Italy,1800
DEP_COM_PARTE_DI_SOTTO,42.20549,12.49015,6500,28080,Italy,Lazio,ITI4,Italy,4680
Depuratore urbano Ardea-BERGAMO,41.587461,12.511977,75200,324864,Italy,Lazio,ITI4,Italy,54144
Depuratore comunale FILETTINO,41.890609,13.32422,513,2216.16,Italy,Lazio,ITI4,Italy,369.36
CAMPOMARINO_CONTRADA_MARINELLE,41.97028378,15.03785716,35000,151200,Italy,Molise,ITF2,Italy,25200
TERMOLI_PANTANO_BASSO,41.96192651,15.00543258,23000,99360,Italy,Molise,ITF2,Italy,16560
RICCIA_PESCO_DELLO_ZINGARO,41.49080264,14.83576955,8000,34560,Italy,Molise,ITF2,Italy,5760
RIPALIMOSANI_LOC_PESCO_FARESE_N_I_,41.59635521,14.67594171,3500,15120,Italy,Molise,ITF2,Italy,2520
SAN_MASSIMO_CAMPITELLO_MATESE,41.4656032,14.38759202,4199,18139.68,Italy,Molise,ITF2,Italy,3023.28
SEPINO_MACCHIE,41.4127738,14.64020196,3900,16848,Italy,Molise,ITF2,Italy,2808
TRIVENTO_LE_FONTANE,41.78238176,14.55678665,3474,15007.68,Italy,Molise,ITF2,Italy,2501.28
VINCHIATURO_LOC_FONTANAMMONTE,41.49622296,14.58667139,2306,9961.92,Italy,Molise,ITF2,Italy,1660.32
BONEFRO_LOC_CAPRIOLO,41.7052404,14.94184504,2754,11897.28,Italy,Molise,ITF2,Italy,1982.88
CASACALENDA_PIANO_DEI,41.73612306,14.85429981,4500,19440,Italy,Molise,ITF2,Italy,3240
CASTELMAURO_FONTICELLA,41.82914542,14.71808265,3250,14040,Italy,Molise,ITF2,Italy,2340
GUGLIONESI_FONTE_NUOVA,41.92109435,14.92379846,9000,38880,Italy,Molise,ITF2,Italy,6480
LARINO_FONTE_DI_BASSO,41.8050908,14.9065136,10083,43558.56,Italy,Molise,ITF2,Italy,7259.76
MONTENERO_CANNIVIERI,41.97341493,14.76308739,12000,51840,Italy,Molise,ITF2,Italy,8640
PALATA_CUPARIELLO,41.87867056,14.78512681,3009,12998.88,Italy,Molise,ITF2,Italy,2166.48
PETACCIATO_SCALO,42.03492011,14.84130214,9000,38880,Italy,Molise,ITF2,Italy,6480
PORTOCANNONE_BUCCARO,41.92575585,15.00693213,3000,12960,Italy,Molise,ITF2,Italy,2160
SANTA_CROCE_DI_M_FONTANA_VECCHIA,41.70584928,14.9932678,5900,25488,Italy,Molise,ITF2,Italy,4248
SANT_ELIA_A_P_PIANELLA,41.62454968,14.87863757,2800,12096,Italy,Molise,ITF2,Italy,2016
SAN_MARTINO_IN_P_LAUDADIO,41.87455795,15.02426781,5300,22896,Italy,Molise,ITF2,Italy,3816
URURI_SANTA_VENERE,41.82487981,15.01803754,3500,15120,Italy,Molise,ITF2,Italy,2520
BAGNOLI_DEL_TRIGNO_VALLONE_LA_TERRA,41.70962839,14.46353503,3195,13802.4,Italy,Molise,ITF2,Italy,2300.4
MACCHIAGODENA_CENTOMANI,41.52839481,14.4315775,4500,19440,Italy,Molise,ITF2,Italy,3240
MONTERODUNI_S_EUSANIO,41.52941584,14.14258709,2870,12398.4,Italy,Molise,ITF2,Italy,2066.4
VENAFRO_TENACCIO,41.47036871,14.04264534,14271,61650.72,Italy,Molise,ITF2,Italy,10275.12
ISERNIA_TAVERNA,41.58029046,14.21694196,34000,146880,Italy,Molise,ITF2,Italy,24480
AGNONE_FOSSATO_PISCIARIELLO,41.80336138,14.37021783,5500,23760,Italy,Molise,ITF2,Italy,3960
CAPRACOTTA,41.82663864,14.27171358,5093,22001.76,Italy,Molise,ITF2,Italy,3666.96
POZZILLI_GINESTRE,41.50359539,14.06404852,60900,263088,Italy,Molise,ITF2,Italy,43848
MONTENERO_COSTA,42.05607191,14.78478588,150000,648000,Italy,Molise,ITF2,Italy,108000
BOJANO_STROFFELLINI,41.4845784,14.48702122,10000,43200,Italy,Molise,ITF2,Italy,7200
CAMPOBASSO_SAN_PIETRO_6A,41.58281433,14.63389292,50000,216000,Italy,Molise,ITF2,Italy,36000
CAMPOBASSO1_SCARAFONE,41.53876902,14.69315262,40000,172800,Italy,Molise,ITF2,Italy,28800
BAZZANO,42.33243743,13.45321871,10000,43200,Italy,Abruzzo,ITF1,Italy,7200
CAGNANO AMITERNO,42.46279495,13.2351169,4200,18144,Italy,Abruzzo,ITF1,Italy,3024
PONTE ROSAROLO,42.33864618,13.39392907,48500,209520,Italy,Abruzzo,ITF1,Italy,34920
PILE,42.35105377,13.37008637,48000,207360,Italy,Abruzzo,ITF1,Italy,34560
MARANA,42.48673177,13.23252081,10000,43200,Italy,Abruzzo,ITF1,Italy,7200
FOSSA SAN LORENZO,42.29360548,13.49416626,12500,54000,Italy,Abruzzo,ITF1,Italy,9000
BAZZANO INDUSTRIALE-ONNA,42.3261722,13.47428333,2000,8640,Italy,Abruzzo,ITF1,Italy,1440
BAGNO-PIANOLA,42.32043086,13.43366151,8100,34992,Italy,Abruzzo,ITF1,Italy,5832
BARETE-PIZZOLI,42.42396244,13.29814523,10000,43200,Italy,Abruzzo,ITF1,Italy,7200
ROCCA DI MEZZO,42.21579,13.52813959,7000,30240,Italy,Abruzzo,ITF1,Italy,5040
SAN DEMETRIO NE' VESTINI,42.29251862,13.53727419,2500,10800,Italy,Abruzzo,ITF1,Italy,1800
SASSA-SCOPPITO,42.362961,13.324019,20000,86400,Italy,Abruzzo,ITF1,Italy,14400
Balsorano_capoluogo,41.8071612,13.55537247,4000,17280,Italy,Abruzzo,ITF1,Italy,2880
Cappadocia_capoluogo,42.00649236,13.28870045,10000,43200,Italy,Abruzzo,ITF1,Italy,7200
Carsoli_capoluogo,42.09057882,13.07509785,8000,34560,Italy,Abruzzo,ITF1,Italy,5760
Cerchio_Capoluogo,42.0529563,13.60078498,2280,9849.6,Italy,Abruzzo,ITF1,Italy,1641.6
Collelongo_capoluogo,41.89342891,13.57712652,2500,10800,Italy,Abruzzo,ITF1,Italy,1800
Depuratore_Consorzio_Industriale,42.00885,13.45614167,46278,199920.96,Italy,Abruzzo,ITF1,Italy,33320.16
Foce,42.07087564,13.54945795,10000,43200,Italy,Abruzzo,ITF1,Italy,7200
Gioia-Lecce-Ortucchio,41.95577767,13.65572224,10000,43200,Italy,Abruzzo,ITF1,Italy,7200
Luco_dei_marsi_capoluogo,41.9652937,13.47333947,5500,23760,Italy,Abruzzo,ITF1,Italy,3960
Magliano_capoluogo,42.08876501,13.35447129,9000,38880,Italy,Abruzzo,ITF1,Italy,6480
Paterno,42.05010409,13.48559131,2000,8640,Italy,Abruzzo,ITF1,Italy,1440
Pescina_capoluogo,42.02149457,13.6367647,6000,25920,Italy,Abruzzo,ITF1,Italy,4320
Pozzillo,42.02421665,13.43843909,17500,75600,Italy,Abruzzo,ITF1,Italy,12600
Rio_pago,42.07265347,13.5235449,10700,46224,Italy,Abruzzo,ITF1,Italy,7704
S_Benedetto_dei_marsi,42.00292205,13.61316807,5000,21600,Italy,Abruzzo,ITF1,Italy,3600
S_Giovanni,42.05181867,13.58001511,7800,33696,Italy,Abruzzo,ITF1,Italy,5616
Santa_Barbara,41.97907344,13.40327182,2000,8640,Italy,Abruzzo,ITF1,Italy,1440
Scurcola_marsicana_capoluogo,42.06719388,13.34759454,3000,12960,Italy,Abruzzo,ITF1,Italy,2160
Strada_36,41.96609313,13.53711009,10000,43200,Italy,Abruzzo,ITF1,Italy,7200
Strada38,41.9646376,13.52501818,1000,4320,Italy,Abruzzo,ITF1,Italy,720
Tagliacozzo_capoluogo,42.06811286,13.26525127,13800,59616,Italy,Abruzzo,ITF1,Italy,9936
BAGNATURO FRAZIONE DI PRATOLA PELIGNA,42.09711048,13.90418425,5000,21600,Italy,Abruzzo,ITF1,Italy,3600
CAMPO DI GIOVE EST-S.ANTONINO,42.01470914,14.04423537,5000,21600,Italy,Abruzzo,ITF1,Italy,3600
CAMPO DI GIOVE OVEST- VALLE DI CANNA,42.01145801,14.02595935,3200,13824,Italy,Abruzzo,ITF1,Italy,2304
CASTEL DI SANGRO,41.83692315,14.09051155,20000,86400,Italy,Abruzzo,ITF1,Italy,14400
CASTELVECCHIO SUBEQUO,42.13518208,13.73422365,2500,10800,Italy,Abruzzo,ITF1,Italy,1800
CONSORZIO AMBIENTE- CORFINIO,42.13692073,13.83854612,28000,120960,Italy,Abruzzo,ITF1,Italy,20160
DEP. DI PESCOCOSTANZO,41.89302698,14.09171886,2500,10800,Italy,Abruzzo,ITF1,Italy,1800
PESCASSEROLI,41.79682628,13.79184778,11200,48384,Italy,Abruzzo,ITF1,Italy,8064
PONTE LA TORRE,42.06040531,13.89434155,3500,15120,Italy,Abruzzo,ITF1,Italy,2520
RAIANO,42.10588741,13.81529176,2000,8640,Italy,Abruzzo,ITF1,Italy,1440
ROCCARASO- RIVISONDOLI,41.79832588,14.11387921,25000,108000,Italy,Molise,ITF2,Italy,18000
SCANNO,41.90701597,13.88360241,8000,34560,Italy,Abruzzo,ITF1,Italy,5760
VILLALAGO,41.93847668,13.83751059,4500,19440,Italy,Abruzzo,ITF1,Italy,3240
IMP. DI DEPURAZIONE CONSORTILE - S. RUFINA,42.07619377,13.89684483,35000,151200,Italy,Abruzzo,ITF1,Italy,25200
ALANNO SANT'AGATA,42.3028963,13.96959605,1800,7776,Italy,Abruzzo,ITF1,Italy,1296
ALANNO SCALO,42.29038116,14.02359355,2500,10800,Italy,Abruzzo,ITF1,Italy,1800
BUCCERI,42.39808215,14.1553803,3500,15120,Italy,Abruzzo,ITF1,Italy,2520
CAPOLUOGO CREPACCE,42.25244032,14.18218062,2100,9072,Italy,Abruzzo,ITF1,Italy,1512
CAPOLUOGO GIARDINO,42.25244032,14.18218062,2500,10800,Italy,Abruzzo,ITF1,Italy,1800
CARAMANICO CAPOLUOGO,42.25244032,14.18218062,4000,17280,Italy,Abruzzo,ITF1,Italy,2880
CASTELFERRATO,42.38071657,14.22436905,1500,6480,Italy,Abruzzo,ITF1,Italy,1080
CASTELLUCCIO,42.45181869,14.06050396,3000,12960,Italy,Abruzzo,ITF1,Italy,2160
CENTRO STORICO,42.43103031,13.98655702,4000,17280,Italy,Abruzzo,ITF1,Italy,2880
CEPPETO,42.22670894,13.9319414,3500,15120,Italy,Abruzzo,ITF1,Italy,2520
COLLECORVINO CASEBRUCIATE,42.43839042,14.04538463,1500,6480,Italy,Abruzzo,ITF1,Italy,1080
CONAROTTA,42.56483623,14.01494825,1500,6480,Italy,Abruzzo,ITF1,Italy,1080
CROCEFISSO,42.58286418,13.99328904,6500,28080,Italy,Abruzzo,ITF1,Italy,4680
FORO,42.40069251,14.31330396,38000,164160,Italy,Abruzzo,ITF1,Italy,27360
FOSSO DEL LUPO,42.3739946,14.0866975,3750,16200,Italy,Abruzzo,ITF1,Italy,2700
FOSSO GAUTERIO,42.24626631,14.03248123,3230,13953.6,Italy,Abruzzo,ITF1,Italy,2325.6
FRANCOLI,42.2238889,13.905,700,3024,Italy,Abruzzo,ITF1,Italy,504
FRONTINO,42.305582,14.19693406,2500,10800,Italy,Abruzzo,ITF1,Italy,1800
LUCINA,42.21853222,14.19384415,2500,10800,Italy,Abruzzo,ITF1,Italy,1800
MANOPPELLO CAPOLUOGO - SCALO - RIPA CORBARA,42.31195488,14.05132324,8000,34560,Italy,Abruzzo,ITF1,Italy,5760
Montesilvano ex CONSIDAN,42.50088003,14.12145627,134000,578880,Italy,Abruzzo,ITF1,Italy,96480
NORTOLI,42.44118388,13.91689653,9000,38880,Italy,Abruzzo,ITF1,Italy,6480
PALUMBO,42.36900832,14.1253056,3500,15120,Italy,Abruzzo,ITF1,Italy,2520
PANICE,42.57737,13.97500379,2000,8640,Italy,Abruzzo,ITF1,Italy,1440
PATERNO (CAPPUCCINI),42.42561927,13.98228305,2650,11448,Italy,Abruzzo,ITF1,Italy,1908
PESCARA VIA RAIALE,42.44493442,14.19184266,180000,777600,Italy,Abruzzo,ITF1,Italy,129600
PIANELLA CAPOLUOGO,42.39262826,14.04928867,5000,21600,Italy,Abruzzo,ITF1,Italy,3600
PIANELLA CASTELLANA,42.39730359,14.12164684,2000,8640,Italy,Abruzzo,ITF1,Italy,1440
PIANELLA FONTANOLI,42.4072222,14.04361111,1200,5184,Italy,Abruzzo,ITF1,Italy,864
PIANELLA QUERCIA DELL'OMPISIO,42.4027777,14.0769444,1200,5184,Italy,Abruzzo,ITF1,Italy,864
PLANOIANNI,42.45917631,13.93676954,600,2592,Italy,Abruzzo,ITF1,Italy,432
POPOLI,42.16874486,13.83154314,7500,32400,Italy,Abruzzo,ITF1,Italy,5400
PRETARO,42.43984891,14.24845075,38000,164160,Italy,Abruzzo,ITF1,Italy,27360
SANT'EUFEMIA,42.23775881,14.18131414,500,2160,Italy,Abruzzo,ITF1,Italy,360
STRADA PROV. PER ALANNO,42.2678254,14.00755441,4000,17280,Italy,Abruzzo,ITF1,Italy,2880
TERRAROSSA,42.48323572,14.09958603,5000,21600,Italy,Abruzzo,ITF1,Italy,3600
Torre dei Passeri CAPOLUOGO,42.24825217,13.94255695,7000,30240,Italy,Abruzzo,ITF1,Italy,5040
TORREMONTANARA,42.40860848,14.26223166,2000,8640,Italy,Abruzzo,ITF1,Italy,1440
TRIBUNO,42.38605997,14.31786614,9000,38880,Italy,Abruzzo,ITF1,Italy,6480
VALLE DELL'INFERNO,42.38895989,14.21623916,800,3456,Italy,Abruzzo,ITF1,Italy,576
VALLE SCURA,42.5706779,14.09038108,4000,17280,Italy,Abruzzo,ITF1,Italy,2880
VENTIGNANO,42.35253561,14.06482092,2500,10800,Italy,Abruzzo,ITF1,Italy,1800
VIA AIA,42.38034,14.23227,50,216,Italy,Abruzzo,ITF1,Italy,36
San Martino,42.38320167,14.14519,114500,494640,Italy,Abruzzo,ITF1,Italy,82440
Valle Para,42.2149,14.1321,20000,86400,Italy,Abruzzo,ITF1,Italy,14400
Buonconsiglio,42.1956,14.1107,40000,172800,Italy,Abruzzo,ITF1,Italy,28800
Alba Adriatica Casa Santa,42.82746557,13.90093785,93000,401760,Italy,Abruzzo,ITF1,Italy,66960
BASCIANO SALARA,42.612807,13.746125,4000,17280,Italy,Abruzzo,ITF1,Italy,2880
BELLANTE STAZIONE,42.702321,13.850036,4500,19440,Italy,Abruzzo,ITF1,Italy,3240
Montorio Zona Artigianale,42.58068453,13.66213139,300,1296,Italy,Abruzzo,ITF1,Italy,216
CAMPLI FLORIANO,42.773128,13.764638,4000,17280,Italy,Abruzzo,ITF1,Italy,2880
CAMPLI MORGE,42.732231,13.704682,4000,17280,Italy,Abruzzo,ITF1,Italy,2880
CASTELLALTO VILLA PARENTE,42.621591,13.861354,8500,36720,Italy,Abruzzo,ITF1,Italy,6120
CORROPOLI Z.I.,42.813585,13.863745,5000,21600,Italy,Abruzzo,ITF1,Italy,3600
GIULIANOVA VILLA POZZONI,42.72931,13.96197,89000,384480,Italy,Abruzzo,ITF1,Italy,64080
ISOLA DEL GRAN  SASSO CAPOLUOGO – PACCIANO,42.51271,13.6645,4000,17280,Italy,Abruzzo,ITF1,Italy,2880
MONTORIO CAPOLUOGO,42.582754,13.646244,9000,38880,Italy,Abruzzo,ITF1,Italy,6480
Morro D'Oro Pagliare,42.64078842,13.96082672,3000,12960,Italy,Abruzzo,ITF1,Italy,2160
MOSCIANO COSTA DEL MONTE,42.736689,13.886875,4000,17280,Italy,Abruzzo,ITF1,Italy,2880
MOSCIANO RIPOLI,42.728277,13.903997,8500,36720,Italy,Abruzzo,ITF1,Italy,6120
MOSCIANO STAZIONE,42.705523,13.911492,4000,17280,Italy,Abruzzo,ITF1,Italy,2880
NERETO CAPOLUOGO,42.808533,13.825188,7500,32400,Italy,Abruzzo,ITF1,Italy,5400
Notaresco Capoluogo,42.65615276,13.89926192,1000,4320,Italy,Abruzzo,ITF1,Italy,720
Notaresco Zona Ind.Le Fontanelle,42.62613182,13.91467016,9000,38880,Italy,Abruzzo,ITF1,Italy,6480
PINETO SCERNE,42.646283,14.026317,90000,388800,Italy,Abruzzo,ITF1,Italy,64800
S. EGIDIO CAPOLUOGO,42.822461,13.72788,4700,20304,Italy,Abruzzo,ITF1,Italy,3384
S. EGIDIO VILLA MARCHETTI,42.810947,13.750997,8000,34560,Italy,Abruzzo,ITF1,Italy,5760
S. OMERO CAPOLUOGO,42.797615,13.803596,6000,25920,Italy,Abruzzo,ITF1,Italy,4320
TERAMO S. ATTO,42.702052,13.824457,23000,99360,Italy,Abruzzo,ITF1,Italy,16560
TERAMO VILLA PAVONE,42.675709,13.746554,50000,216000,Italy,Abruzzo,ITF1,Italy,36000
Tortoreto Salino,42.78241727,13.93227614,62000,267840,Italy,Abruzzo,ITF1,Italy,44640
ABRUZZINI,42.30723682,14.40907552,2500,10800,Italy,Abruzzo,ITF1,Italy,1800
ANELLO,42.21056838,14.21334928,1500,6480,Italy,Abruzzo,ITF1,Italy,1080
CAMPOTRINO,42.2203429,14.21509971,2000,8640,Italy,Abruzzo,ITF1,Italy,1440
CASOLI,42.12130773,14.32653504,12200,52704,Italy,Abruzzo,ITF1,Italy,8784
CASTIGLIONE MESSER MARINO,41.86444587,14.44872288,3000,12960,Italy,Abruzzo,ITF1,Italy,2160
CERMEGNA,42.03623982,14.41814123,1300,5616,Italy,Abruzzo,ITF1,Italy,936
COTEALTO,42.11061997,14.57408934,4000,17280,Italy,Abruzzo,ITF1,Italy,2880
CROCETTA,42.0792316,14.68042758,7000,30240,Italy,Abruzzo,ITF1,Italy,5040
FONTE TITTA,42.04168716,14.41769417,1300,5616,Italy,Abruzzo,ITF1,Italy,936
FORO,42.39630793,14.32385058,2000,8640,Italy,Abruzzo,ITF1,Italy,1440
GIARRICCIA,42.10158692,14.66632742,3000,12960,Italy,Abruzzo,ITF1,Italy,2160
GUARDAMONTI,41.99227719,14.14107745,2900,12528,Italy,Abruzzo,ITF1,Italy,2088
IANICO,42.08370317,14.45734004,3000,12960,Italy,Abruzzo,ITF1,Italy,2160
MOLINELLA,42.20274122,14.55908706,6900,29808,Italy,Abruzzo,ITF1,Italy,4968
ORSOGNA CAPOLUOGO,42.23716829,14.28816556,2500,10800,Italy,Abruzzo,ITF1,Italy,1800
ORSOGNA ZONA INDUSTRIALE,42.33295583,14.38682556,2800,12096,Italy,Abruzzo,ITF1,Italy,2016
OSENTO,42.06288129,14.45579028,2000,8640,Italy,Abruzzo,ITF1,Italy,1440
PIANA DEL MOLINO,42.19974949,14.5059569,1800,7776,Italy,Abruzzo,ITF1,Italy,1296
PIANE D'ARCHI,42.10782737,14.36628251,2000,8640,Italy,Abruzzo,ITF1,Italy,1440
RENAZZE,42.2996926,14.44061975,9500,41040,Italy,Abruzzo,ITF1,Italy,6840
SAN SALVO,42.05890036,14.74463426,156000,673920,Italy,Abruzzo,ITF1,Italy,112320
SAN_LEONARDO_1,42.19730188,14.23273248,5500,23760,Italy,Abruzzo,ITF1,Italy,3960
SANGRO,42.23323805,14.53604188,16000,69120,Italy,Abruzzo,ITF1,Italy,11520
SANTA CROCE,42.22109942,14.21470333,15000,64800,Italy,Abruzzo,ITF1,Italy,10800
SANTA CROCE,42.09692471,14.21443541,3000,12960,Italy,Abruzzo,ITF1,Italy,2160
SANTA LIBERATA - LANCIANO,42.24476826,14.37951215,30000,129600,Italy,Abruzzo,ITF1,Italy,21600
SELVA,42.11742446,14.36615721,3000,12960,Italy,Abruzzo,ITF1,Italy,2160
TAMARETE,42.33295583,14.38682556,7700,33264,Italy,Abruzzo,ITF1,Italy,5544
TOLLO - ARIELLI,42.35917781,14.33915909,2800,12096,Italy,Abruzzo,ITF1,Italy,2016
TOLLO - VENNA,42.35311182,14.30726097,2000,8640,Italy,Abruzzo,ITF1,Italy,1440
VAL SINELLO,42.07771482,14.60134256,25000,108000,Italy,Abruzzo,ITF1,Italy,18000
VALLO,42.19596849,14.21249925,6000,25920,Italy,Abruzzo,ITF1,Italy,4320
VALLONCELLO-SELVUCCIA,42.07471071,14.43568535,2000,8640,Italy,Abruzzo,ITF1,Italy,1440
VILLA MARTELLI - LANCIANO,42.24350994,14.42545069,9500,41040,Italy,Abruzzo,ITF1,Italy,6840
ZAMENCA,42.123963,14.303241,8000,34560,Italy,Abruzzo,ITF1,Italy,5760
Impianto consortile Saletti - Cons. Ind. Sangro,42.15805786,14.44753789,140000,604800,Italy,Abruzzo,ITF1,Italy,100800
CAPOLUOGO_LOCALITA_PRAZIANO,42.240771,13.99044,1800,7776,Italy,Abruzzo,ITF1,Italy,1296
Civitella Roveto Capoluogo,41.90225,13.43338,4892,21133.44,Italy,Abruzzo,ITF1,Italy,3522.24
BARREA-VILLETTA BARREA,41.762171,13.987257,3616,15621.12,Italy,Abruzzo,ITF1,Italy,2603.52
BUSSI SUL TIRINO_ALVENISIO,42.2079,13.8283,4000,17280,Italy,Abruzzo,ITF1,Italy,2880
LOC_MULINO_VECCHIO_ALFEDENA,41.74005,14.03723,6000,25920,Italy,Molise,ITF2,Italy,4320
ROCCA_DI_CAMBIO,42.238189,13.498392,3000,12960,Italy,Abruzzo,ITF1,Italy,2160
Accettura_Cda_Lago,40.49978355,16.15554321,3000,12960,Italy,Basilicata,ITF5,Italy,2160
Acerenza_Cda_Giachella,40.78472916,15.93176758,500,2160,Italy,Basilicata,ITF5,Italy,360
Aliano_Di_Pantano,40.29047227,16.31885214,2000,8640,Italy,Basilicata,ITF5,Italy,1440
Atella_Levata,40.8684004,15.6536223,2300,9936,Italy,Basilicata,ITF5,Italy,1656
Avigliano_Cda_Cefalo,40.72421793,15.71618681,5000,21600,Italy,Basilicata,ITF5,Italy,3600
Avigliano_Serra_Ventaruli,40.72115907,15.74682088,376,1624.32,Italy,Basilicata,ITF5,Italy,270.72
Baragiano_Depuratore_Consortile_A1,40.697363,15.543839,50000,216000,Italy,Basilicata,ITF5,Italy,36000
Barile_Zona_Pip,40.93670282,15.67679376,500,2160,Italy,Basilicata,ITF5,Italy,360
Bella_Re_Pupillo,40.72858019,15.61081765,2000,8640,Italy,Basilicata,ITF5,Italy,1440
Bella_Cda_Airola,40.70098089,15.53582685,300,1296,Italy,Basilicata,ITF5,Italy,216
Bella_Cda_Paschiero_Campo_Sportivo1,40.75594998,15.54191884,4000,17280,Italy,Basilicata,ITF5,Italy,2880
Bella_San_Cataldo_Bagni,40.75390242,15.65848204,600,2592,Italy,Basilicata,ITF5,Italy,432
Bella_San_Cataldo_Zippariello,40.73974115,15.6663014,1300,5616,Italy,Basilicata,ITF5,Italy,936
Bella_Stazione_Bella_Muro_Fiumara,40.70097142,15.53786273,300,1296,Italy,Basilicata,ITF5,Italy,216
Bernalda_Cda_Ricilieto,40.39708875,16.69016283,20000,86400,Italy,Basilicata,ITF5,Italy,14400
Bernalda_Metaponto_Lido,40.35447812,16.81268048,15000,64800,Italy,Basilicata,ITF5,Italy,10800
Brienza_Cda_Prato,40.48233476,15.62754001,3000,12960,Italy,Basilicata,ITF5,Italy,2160
Calvello_Isca_Castaldo,40.47203853,15.88604912,4000,17280,Italy,Basilicata,ITF5,Italy,2880
Castelluccio_Inf_Carricchio,39.99106048,15.97692957,10000,43200,Italy,Basilicata,ITF5,Italy,7200
Castronuovo_Sant_Andrea,40.20959004,16.17761443,150,648,Italy,Basilicata,ITF5,Italy,108
Corleto_P_Cda_Costa,40.38145162,16.04686891,3500,15120,Italy,Basilicata,ITF5,Italy,2520
Ferrandina_Cda_Casalini,40.49124293,16.45468263,10000,43200,Italy,Basilicata,ITF5,Italy,7200
Filiano_Interluzzi,40.83512292,15.70274285,2400,10368,Italy,Basilicata,ITF5,Italy,1728
Forenza_Cda_Olecina,40.85778469,15.86255147,3800,16416,Italy,Basilicata,ITF5,Italy,2736
Forenza_Monte_Madonna_Dell_Armenia,40.86223606,15.84780105,800,3456,Italy,Basilicata,ITF5,Italy,576
Genzano_Di_Lucania_Cda_Gaudemanno,40.85693972,16.03533559,5000,21600,Italy,Basilicata,ITF5,Italy,3600
Genzano_Di_Lucania_Visciola_Zona_Pip,40.8439744,16.01021133,500,2160,Italy,Basilicata,ITF5,Italy,360
Grassano_Centro,40.6230414,16.28820126,6000,25920,Italy,Basilicata,ITF5,Italy,4320
Grottole_Pietra_Nepita,40.59252674,16.37668322,5000,21600,Italy,Basilicata,ITF5,Italy,3600
Irsina_Cda_Pescara,40.73527038,16.24196274,4500,19440,Italy,Basilicata,ITF5,Italy,3240
Lagonegro_Fosso_S_Francesco,40.12092057,15.76391829,7000,30240,Italy,Basilicata,ITF5,Italy,5040
Latronico_Cda_Calda,40.07900917,15.97398665,2500,10800,Italy,Basilicata,ITF5,Italy,1800
Latronico_Cda_Mulini,40.06584842,16.04508205,5500,23760,Italy,Basilicata,ITF5,Italy,3960
Latronico_Paese,40.08135721,16.00704829,7500,32400,Italy,Basilicata,ITF5,Italy,5400
Laurenzana_Cda_Cretaccio,40.47196386,15.96187607,3500,15120,Italy,Basilicata,ITF5,Italy,2520
Lauria_Cda_S_Rosa,40.07301028,15.82404873,1000,4320,Italy,Basilicata,ITF5,Italy,720
Lauria_Carroso_Capoluogo,40.04164895,15.82644916,11000,47520,Italy,Basilicata,ITF5,Italy,7920
Lauria_Cogliandrino,40.09266903,15.92545192,1000,4320,Italy,Basilicata,ITF5,Italy,720
Lauria_Pecorone,40.07069808,15.85590662,1000,4320,Italy,Basilicata,ITF5,Italy,720
Lauria_Seluci,40.07337949,15.9554475,1000,4320,Italy,Basilicata,ITF5,Italy,720
Lavello_Cda_Speranza,41.06153275,15.81531795,7000,30240,Italy,Basilicata,ITF5,Italy,5040
Maratea_Massa_Pantano,39.97304698,15.7486034,1000,4320,Italy,Basilicata,ITF5,Italy,720
Maratea_Ogliastro,40.00345677,15.68869403,30700,132624,Italy,Basilicata,ITF5,Italy,22104
Marsico_Nuovo_Cda_Pergola_S_Vito,40.43041811,15.69488135,500,2160,Italy,Basilicata,ITF5,Italy,360
Marsico_Nuovo_Cda_S_Maria,40.43227643,15.66536734,3000,12960,Italy,Basilicata,ITF5,Italy,2160
Maschito_Boigo,40.91172809,15.8291371,3500,15120,Italy,Basilicata,ITF5,Italy,2520
Matera_Borgo_Venusio,40.71948251,16.57460414,900,3888,Italy,Basilicata,ITF5,Italy,648
Matera_Lamione,40.62767484,16.62565056,14000,60480,Italy,Basilicata,ITF5,Italy,10080
Matera_La_Martella,40.6542645,16.53706469,5000,21600,Italy,Basilicata,ITF5,Italy,3600
Matera_Pantano_Nuovo,40.68257231,16.6030101,28000,120960,Italy,Basilicata,ITF5,Italy,20160
Matera_Picciano_A,40.70657287,16.48496305,200,864,Italy,Basilicata,ITF5,Italy,144
Matera_Sarra,40.67087436,16.56133305,20000,86400,Italy,Basilicata,ITF5,Italy,14400
Matera_La_Martella_Localita_Cipolla,40.6824,16.53,3000,12960,Italy,Basilicata,ITF5,Italy,2160
Melfi_Cda_Valchiera,40.98958434,15.66069046,23900,103248,Italy,Basilicata,ITF5,Italy,17208
Miglionico_Cda_Colaprece,40.56289935,16.50371763,3000,12960,Italy,Basilicata,ITF5,Italy,2160
Montalbano_Ionico_Fosso_Valle,40.29495334,16.5782697,10000,43200,Italy,Basilicata,ITF5,Italy,7200
Montemurro_Cda_Valle_Gelata,40.29129153,15.97441586,2200,9504,Italy,Basilicata,ITF5,Italy,1584
Montescaglioso_Cda_Bernalda,40.53685744,16.64821289,4000,17280,Italy,Basilicata,ITF5,Italy,2880
Montescaglioso_Cda_Fontana_Di_Farsa,40.55527828,16.68018707,3500,15120,Italy,Basilicata,ITF5,Italy,2520
Montescaglioso_Via_Matera,40.55480544,16.65553856,4000,17280,Italy,Basilicata,ITF5,Italy,2880
Muro_Lucano_Cda_Braida_Muritana,40.75483292,15.4979236,400,1728,Italy,Basilicata,ITF5,Italy,288
Muro_Lucano_Cda_Giardini_Nuovo,40.74484075,15.48988939,3000,12960,Italy,Basilicata,ITF5,Italy,2160
Muro_Lucano_Cda_Giardini_Vecchio,40.74520008,15.49012892,3000,12960,Italy,Basilicata,ITF5,Italy,2160
Muro_Lucano_Cda_Pascone,40.74859554,15.49242818,1250,5400,Italy,Basilicata,ITF5,Italy,900
Muro_Lucano_Ponte_Giacoia,40.72249486,15.50966542,350,1512,Italy,Basilicata,ITF5,Italy,252
Noepoli_Consortile_Pantano_Di_Noepoli,40.10636847,16.36956531,7000,30240,Italy,Basilicata,ITF5,Italy,5040
Nova_Siri_Marina,40.13357936,16.64920183,12500,54000,Italy,Basilicata,ITF5,Italy,9000
Nova_Siri_Scalo,40.14938524,16.54439395,2000,8640,Italy,Basilicata,ITF5,Italy,1440
Oppido_Cda_Medica,40.76438991,16.00250064,600,2592,Italy,Basilicata,ITF5,Italy,432
Oppido_Cda_Pozzella,40.7642899,15.97740503,4000,17280,Italy,Basilicata,ITF5,Italy,2880
Palazzo_S_G_Cda_Piani,40.93531937,15.9975969,3000,12960,Italy,Basilicata,ITF5,Italy,2160
Paterno_Cda_Frascineto,40.3547785,15.76473758,7500,32400,Italy,Basilicata,ITF5,Italy,5400
Pescopagano_Cda_Guana,40.84032032,15.39914941,2540,10972.8,Italy,Basilicata,ITF5,Italy,1828.8
Picerno_Cda_Polveriera,40.63354974,15.64202025,4500,19440,Italy,Basilicata,ITF5,Italy,3240
Pietragalla_San_Nicola_Zona_Pip,40.74453772,15.80295337,1500,6480,Italy,Basilicata,ITF5,Italy,1080
Pignola_Cda_Campo_Di_Giorgio,40.60261337,15.79027217,4000,17280,Italy,Basilicata,ITF5,Italy,2880
Pignola_Rifreddo,40.572697,15.822576,1000,4320,Italy,Basilicata,ITF5,Italy,720
Pisticci_Centro_Agricolo,40.35688226,16.70436077,300,1296,Italy,Basilicata,ITF5,Italy,216
Pisticci_Marconia,40.29716119,16.75336774,7000,30240,Italy,Basilicata,ITF5,Italy,5040
Pisticci_San_Basilio,40.38598686,16.55026895,15000,64800,Italy,Basilicata,ITF5,Italy,10800
Pisticci_Tinchi,40.36062637,16.65561797,1000,4320,Italy,Basilicata,ITF5,Italy,720
Policoro_S_Giusto_Nuovo,40.22355881,16.69665376,20000,86400,Italy,Basilicata,ITF5,Italy,14400
Pomarico_Cda_Gisso,40.51290417,16.5559625,2500,10800,Italy,Basilicata,ITF5,Italy,1800
Pomarico_Cda_S_Pietro,40.51821866,16.5405393,1000,4320,Italy,Basilicata,ITF5,Italy,720
Potenza_Tiera_Di_Vaglio,40.65441,15.87701,160000,691200,Italy,Basilicata,ITF5,Italy,115200
Rapolla_Cda_Cantore,40.97892671,15.68250279,3500,15120,Italy,Basilicata,ITF5,Italy,2520
Rapone_Cda_Ofanto,40.89358736,15.49231454,3754,16217.28,Italy,Basilicata,ITF5,Italy,2702.88
Rionero_Cda_Fosso_Fontanelle,40.91267724,15.67071826,14000,60480,Italy,Basilicata,ITF5,Italy,10080
Rionero_Montichio_Bagni,40.95717222,15.55859266,1000,4320,Italy,Basilicata,ITF5,Italy,720
Rionero_Montichio_Laghi,40.93234376,15.59669057,1200,5184,Italy,Basilicata,ITF5,Italy,864
Rionero_S_Vito_Sgarroni,40.9242272,15.56266204,500,2160,Italy,Basilicata,ITF5,Italy,360
Rivello_Vignale,40.07793567,15.77484934,600,2592,Italy,Basilicata,ITF5,Italy,432
Rivello_Cda_Mascalcia,40.06907397,15.77698872,120,518.4,Italy,Basilicata,ITF5,Italy,86.4
Rivello_Carpineta,40.06901146,15.68402984,500,2160,Italy,Basilicata,ITF5,Italy,360
Rivello_Pasquali,40.07420884,15.75803655,2000,8640,Italy,Basilicata,ITF5,Italy,1440
Rivello_Rotale,40.08035248,15.71276144,200,864,Italy,Basilicata,ITF5,Italy,144
Roccanova_C_Da_Prato,40.21373175,16.2093092,2000,8640,Italy,Basilicata,ITF5,Italy,1440
Rotondella_Trisaia,40.168329,16.51868272,5000,21600,Italy,Basilicata,ITF5,Italy,3600
Ruoti_Cda_Pascone,40.72605403,15.66683983,3000,12960,Italy,Basilicata,ITF5,Italy,2160
Ruoti_Cda_Strettole,40.71315549,15.68043263,800,3456,Italy,Basilicata,ITF5,Italy,576
S_Arcangelo_Acquaviva,40.26430572,16.26849269,10000,43200,Italy,Basilicata,ITF5,Italy,7200
Salandra_Cda_Montagnola,40.556974,16.338725,200,864,Italy,Basilicata,ITF5,Italy,144
San_Fele_Pierno,40.79532528,15.5968845,400,1728,Italy,Basilicata,ITF5,Italy,288
San_Fele_Cda_Airola_Bradano,40.818624,15.535045,1500,6480,Italy,Basilicata,ITF5,Italy,1080
San_Fele_Vigna_Del_Bradano,40.8320475,15.54515908,2000,8640,Italy,Basilicata,ITF5,Italy,1440
San_Mauro_Forte_Cda_Sullano,40.48432841,16.23865811,3000,12960,Italy,Basilicata,ITF5,Italy,2160
San_Severino_Lucano_Cropani,40.04724074,16.14091339,2500,10800,Italy,Basilicata,ITF5,Italy,1800
Sarconi_Cda_S_Liguore,40.25786559,15.88730594,6000,25920,Italy,Basilicata,ITF5,Italy,4320
Satriano_Di_L_Cda_Lavanghe,40.54316743,15.63332703,3000,12960,Italy,Basilicata,ITF5,Italy,2160
Scanzano_Lido_Torre,40.25298012,16.71324973,14000,60480,Italy,Basilicata,ITF5,Italy,10080
Scanzano_Terzo_Cavone,40.2941479,16.72912479,500,2160,Italy,Basilicata,ITF5,Italy,360
Scanzano_Terzo_Marzocco,40.27578675,16.71955331,500,2160,Italy,Basilicata,ITF5,Italy,360
Senise_Consortile_Serrapotamo,40.1379443,16.29208114,46000,198720,Italy,Basilicata,ITF5,Italy,33120
Stigliano_Cda_Difesa,40.42330193,16.25546709,7630,32961.6,Italy,Basilicata,ITF5,Italy,5493.6
Tito_Madonna_Delle_Grazie,40.58620172,15.66397168,4700,20304,Italy,Basilicata,ITF5,Italy,3384
Tolve_Tre_Ponti,40.70153146,16.01356012,3600,15552,Italy,Basilicata,ITF5,Italy,2592
Tramutola_Cda_Matinella,40.34507983,15.80008086,22000,95040,Italy,Basilicata,ITF5,Italy,15840
Tramutola_Cda_Santo_Stefano,40.32599705,15.8170413,25620,110678.4,Italy,Basilicata,ITF5,Italy,18446.4
Tricarico_Cda_Cacarone,40.627777,16.14003478,6000,25920,Italy,Basilicata,ITF5,Italy,4320
Tricarico_Chiesa_Delle_Trinita,40.63490263,16.15026634,2000,8640,Italy,Basilicata,ITF5,Italy,1440
Tursi_Cda_La_Canala,40.23350656,16.51953854,7000,30240,Italy,Basilicata,ITF5,Italy,5040
Tursi_Pane_E_Vino,40.211111,16.613092,2000,8640,Italy,Basilicata,ITF5,Italy,1440
Valsinni_Cda_S_Leo,40.17662384,16.44353663,5000,21600,Italy,Basilicata,ITF5,Italy,3600
Venosa_Fiumara_Di_Venosa,40.98205706,15.84498302,23000,99360,Italy,Basilicata,ITF5,Italy,16560
Vietri_Di_Potenza_Cda_Molinello,40.59955336,15.50133178,4200,18144,Italy,Campania,ITF3,Italy,3024
Vietri_Di_Potenza_Mosinello,40.601677,15.4719763,100,432,Italy,Campania,ITF3,Italy,72
MONTELLA_IMPIANTO_DI_MONTELLA_LOC_TA_BAGNO_STRATOLA,40.8632,15.0413,15107,65262.24,Italy,Campania,ITF3,Italy,10877.04
CASALVELINO_IMPIANTO_STRADA_SANTA,40.177,15.1311,15000,64800,Italy,Campania,ITF3,Italy,10800
CAIVANO_DEPURATORE_DI_ACERRA,40.9715,14.3488,828000,3576960,Italy,Campania,ITF3,Italy,596160
ORTA_DI_ATELLA_CE_IMPIANTO_NAPOLI_NORD,40.9954,14.2894,886000,3827520,Italy,Campania,ITF3,Italy,637920
MARIGLIANO_NA_DEPURATORE_DI_NOLA,40.9646,14.4654,461225,1992492,Italy,Campania,ITF3,Italy,332082
CASTEL_MORRONE_IMPIANTO_LOCALITA_CIUMMIENTO,41.1248,14.3805,1644,7102.08,Italy,Campania,ITF3,Italy,1183.68
CAIAZZO_IMPIANTO_DEL_CAPOLUOGO_NORD,41.195,14.3633,2500,10800,Italy,Campania,ITF3,Italy,1800
CAIAZZO_IMPIANTO_FRAZIONE_S_S_GIOVANNI_E_PAOLO,41.1732,14.3909,1000,4320,Italy,Campania,ITF3,Italy,720
ALVIGNANO_IMPIANTO_LOCALITA_MAZZAMAURO,41.2389,14.3454,3200,13824,Italy,Campania,ITF3,Italy,2304
GRAZZANISE_DEPURATORE_COMUNALE,41.1133,14.1066,1500,6480,Italy,Campania,ITF3,Italy,1080
MARZANO_APPIO_IMPIANTO_DEL_CAPOLUOGO_LOCALITA_CEPRANI,41.3207,14.0515,1824,7879.68,Italy,Campania,ITF3,Italy,1313.28
MARZANO_APPIO_IMPIANTO_FRAZIONE_AMEGLIO,41.3327,14.0495,400,1728,Italy,Campania,ITF3,Italy,288
PIEDIMONTE_MATESE_IMPIANTO_DI_VIA_CANNETO,41.35,14.35,15000,64800,Italy,Campania,ITF3,Italy,10800
CASTELVOLTURNO_NORD_IMPIANTO_DI_DEP_IN_DX_DEL_FIUME_VOLTURNO,41.0346,13.937,40000,172800,Italy,Campania,ITF3,Italy,28800
BENEVENTO_IMPIANTO_PONTE_DELLE_TAVOLE,41.1148,14.8096,6500,28080,Italy,Campania,ITF3,Italy,4680
BENEVENTO_IMPIANTO_CAPODIMONTE,41.1351,14.8004,1200,5184,Italy,Campania,ITF3,Italy,864
BENEVENTO_IMPIANTO_PONTECORVO,41.1104,14.7506,1000,4320,Italy,Campania,ITF3,Italy,720
VALLO_DELLA_LUCANIA_IMPIANTO_LOCALITA_ISCHITELLA,40.2194,15.2208,10000,43200,Italy,Campania,ITF3,Italy,7200
CALVI_IMPIANTO_SAN_GIORGIO_E_SAN_NAZZARO,41.0661,14.8521,1200,5184,Italy,Campania,ITF3,Italy,864
APICE_DEPURATORE_SPINA,41.1166,14.9218,3500,15120,Italy,Campania,ITF3,Italy,2520
APOLLOSA_IMPIANTO_DEL_CENTRO_LOCALITA_DONATI,41.0894,14.712,1200,5184,Italy,Campania,ITF3,Italy,864
APOLLOSA_IMPIANTO_FRAZIONE_SAN_GIOVANNI,41.0827,14.7082,1000,4320,Italy,Campania,ITF3,Italy,720
BASELICE_IMPIANTO_LOC_TOPPO_RIPE_DI_TROIA,41.4104,14.9695,3595,15530.4,Italy,Campania,ITF3,Italy,2588.4
CEPPALONI_IMPIANTO_LOCALITA_MANNI_PENNI,41.0521,14.7573,2200,9504,Italy,Campania,ITF3,Italy,1584
CEPPALONI_IMPIANTO_FRAZIONE_BARBA_S_CROCE,41.0331,14.7642,1200,5184,Italy,Campania,ITF3,Italy,864
CEPPALONI_IMPIANTO_LOCALITA_S_GIOVANNI,41.072,14.7122,8000,34560,Italy,Campania,ITF3,Italy,5760
CEPPALONI_IMPIANTO_ZONA_PIP,41.0609,14.7766,4000,17280,Italy,Campania,ITF3,Italy,2880
CERRETO_SANNITA_DEPURATORE_MACELLO_COMUNALE,41.286,14.5473,500,2160,Italy,Campania,ITF3,Italy,360
ceppaloni,41.2788,14.5529,2000,8640,Italy,Campania,ITF3,Italy,1440
FOGLIANISE_DEPURATORE_VIA_SALA,41.154,14.6675,1500,6480,Italy,Campania,ITF3,Italy,1080
MOIANO_DEPURATORE_COMUNALE_LOC_PONTENUOVO,41.0852,14.5487,3000,12960,Italy,Campania,ITF3,Italy,2160
MORCONE_DEPURATORE_PIANA,41.3474,14.678,2000,8640,Italy,Campania,ITF3,Italy,1440
PADULI_IMPIANTO_DI_PADULI,41.165,14.9023,250,1080,Italy,Campania,ITF3,Italy,180
PIETRELCINA_IMPIANTO_LOCALITA_QUADRIELLI,41.2024,14.4089,100,432,Italy,Campania,ITF3,Italy,72
PIETRELCINA_IMPIANTO_FRAZ_FRANCHI,41.1948,14.3989,4000,17280,Italy,Campania,ITF3,Italy,2880
S_GIORGIO_LA_MOLARA_IMPIANTO_DEL_CENTRO_LOCALITA_MORTI,41.2752,14.9207,500,2160,Italy,Campania,ITF3,Italy,360
S_GIORGIO_LA_MOLARA_IMPIANTO_LOCALITA_ISCHITELLE,41.2673,14.9279,3000,12960,Italy,Campania,ITF3,Italy,2160
SAN_LEUCIO_DEL_SANNIO_IMPIANTO_DEL_CENTRO,41.0769,14.7486,2000,8640,Italy,Campania,ITF3,Italy,1440
SAN_LEUCIO_DEL_SANNIO_IMPIANTO_FRAZIONE_CAVUOTI_AMICOLI,41.0673,14.7616,800,3456,Italy,Campania,ITF3,Italy,576
SAN_LEUCIO_DEL_SANNIO_IMPIANTO_FRAZIONE_MACCABEI,41.0927,14.7873,600,2592,Italy,Campania,ITF3,Italy,432
SAN_MARCO_DEI_CAVOTI_IMPIANTO_CENTRO_FONTE_CAVALLI,41.3111,14.8806,2648,11439.36,Italy,Campania,ITF3,Italy,1906.56
SAN_SALVATORE_TELESINO_IMPIANTO_DI_VIA_BAGNI,41.2351,14.5017,4000,17280,Italy,Campania,ITF3,Italy,2880
SANT_ANGELO_A_CUPOLO_IMPIANTO_LOCALITA_MEDINA,41.0888,14.3583,1600,6912,Italy,Campania,ITF3,Italy,1152
SANT_ANGELO_A_CUPOLO_IMPIANTO_LOCALITA_BAGNARA,41.0513,14.7904,545,2354.4,Italy,Campania,ITF3,Italy,392.4
SANT_ANGELO_A_CUPOLO_IMPIANTO_LOCALITA_BORGOMERO,41.0903,14.7906,1372,5927.04,Italy,Campania,ITF3,Italy,987.84
SAN_NICOLA_MANFREDI_DEPURATORE_LOC_MONTEROCCHETTA,41.0574,14.8199,600,2592,Italy,Campania,ITF3,Italy,432
SAN_NICOLA_MANFREDI_DEPURATORE_IANNASSI,41.0624,14.7936,800,3456,Italy,Campania,ITF3,Italy,576
TELESE_TERME_DEPURATORE_TELESE_TERME,41.2146,14.5201,11200,48384,Italy,Campania,ITF3,Italy,8064
VITULANO_IMPIANTO_DEL_CENTRO,41.1703,14.648,2000,8640,Italy,Campania,ITF3,Italy,1440
MIGNANO_MONTE_LUNGO_DEPURATORE_LOC_SPINETO,41.4137,13.9781,500,2160,Italy,Campania,ITF3,Italy,360
MIGNANO_MONTE_LUNGO_DEPURATORE_LOC_MIGNANO,41.4077,13.9825,500,2160,Italy,Campania,ITF3,Italy,360
MIGNANO_MONTE_LUNGO_DEPURATORE_LOC_CAMPO_DI_FERRO,41.3897,13.9877,250,1080,Italy,Campania,ITF3,Italy,180
MIGNANO_MONTE_LUNGO_DEPURATORE_LOC_CAMPO_ZILLONE,41.3918,14.0038,300,1296,Italy,Campania,ITF3,Italy,216
MIGNANO_MONTE_LUNGO_DEPURATORE_LOC_CASPOLI,41.3883,13.9674,200,864,Italy,Campania,ITF3,Italy,144
MIGNANO_MONTE_LUNGO_DEPURATORE_LOC_MOSCUSO,41.432,13.925,300,1296,Italy,Lazio,ITI4,Italy,216
GIOIA_SANNITICA_IMPIANTO_DEL_CAPOLUOGO_GIOIA_CENTRO,41.32,14.4236,3000,12960,Italy,Campania,ITF3,Italy,2160
GIOIA_SANNITICA_IMPIANTO_FRAZ_LENZE_CALVISI,41.3099,14.3916,520,2246.4,Italy,Campania,ITF3,Italy,374.4
GIOIA_SANNITICA_IMPIANTO_LOC_AUDUNI,41.3134,14.4326,236,1019.52,Italy,Campania,ITF3,Italy,169.92
GIOIA_SANNITICA_IMPIANTO_LOCALITA_CARRATTANO,41.3012,14.437,700,3024,Italy,Campania,ITF3,Italy,504
LIMATOLA_IMPIANTO_LOCALITA_BIANCANO,41.1479,14.3589,600,2592,Italy,Campania,ITF3,Italy,432
SANT_AGATA_DEI_GOTI_DEPURATORE_LOC_FERRIERA,41.0974,14.4985,5600,24192,Italy,Campania,ITF3,Italy,4032
MANOCALZATI_AV_IMPIANTO_COMPRENSIORALE_DI_MANOCALZATI,40.9516,14.8344,140000,604800,Italy,Campania,ITF3,Italy,100800
MONTEFORTE_IRPINO_IMPIANTO_DI_MONTEFORTE_IRPINO_LOC_GAUDI,40.9151,14.6685,1500,6480,Italy,Campania,ITF3,Italy,1080
ARIANO_IRPINO_IMPIANTO_MARTIRI,41.1608,15.1042,8000,34560,Italy,Campania,ITF3,Italy,5760
ARIANO_IRPINO_IMPIANTO_CARDITO,41.1444,15.0763,8000,34560,Italy,Campania,ITF3,Italy,5760
ARIANO_IRPINO_IMPIANTO_CERRETO,41.1864,15.1153,1000,4320,Italy,Campania,ITF3,Italy,720
ARIANO_IRPINO_IMPIANTO_CAMPOREALE_ZONA_PIP,41.2105,15.1363,20000,86400,Italy,Campania,ITF3,Italy,14400
ROTONDI_IMPIANTO_DI_ROTONDI_VIA_PATRICELLI,41.0402,14.1388,30000,129600,Italy,Campania,ITF3,Italy,21600
S_ANGELO_DEI_LOMBARDI_IMPIANTO_LOCALITA_SELVATICO,40.9428,15.182,1500,6480,Italy,Campania,ITF3,Italy,1080
S_ANGELO_DEI_LOMBARDI_IMPIANTO_LOCALITA_PETRARA,40.9342,15.1716,1500,6480,Italy,Campania,ITF3,Italy,1080
MIRABELLA_ECLANO_IMPIANTO_FRAZIONE_PASSO,41.0619,15.0068,2000,8640,Italy,Campania,ITF3,Italy,1440
MIRABELLA_ECLANO_IMPIANTO_LOCALITA_CALORE,41.0614,14.9496,2000,8640,Italy,Campania,ITF3,Italy,1440
MIRABELLA_ECLANO_IMPIANTO_LOC_MADONNA_DELLE_GRAZIE,41.033,14.9886,4500,19440,Italy,Campania,ITF3,Italy,3240
MONTELLA_IMPIANTO_DI_MONTELLA,40.8403,15.0407,8000,34560,Italy,Campania,ITF3,Italy,5760
ALTAVILLA_IRPINA_IMPIANTO_DI_PONTE_DEI_SANTI,41.0138,14.7788,5000,21600,Italy,Campania,ITF3,Italy,3600
BAGNOLI_IRPINO_IMPIANTO_LOCALITA_CERRETE,40.84172,15.0574,6000,25920,Italy,Campania,ITF3,Italy,4320
BONITO_IRPINO_IMPIANTO_DI_BONITO,41.1029,14.9976,2200,9504,Italy,Campania,ITF3,Italy,1584
CAPOSELE_IMPIANTO_LOCALITA_GENZANO,40.8156,15.226,5000,21600,Italy,Campania,ITF3,Italy,3600
CHIUSANO_S_DOMENICO_IMPIANTO_LOCALITA_PIGNO_COVARO,40.9347,14.9102,3000,12960,Italy,Campania,ITF3,Italy,2160
FLUMERI_IMPIANTO_FLUMERI_LOCALITA_BORRELLI,41.0697,15.1455,1500,6480,Italy,Campania,ITF3,Italy,1080
FLUMERI_IMPIANTO_FLUMERI_LOCALITA_SCAMPATA,41.0877,15.1544,750,3240,Italy,Campania,ITF3,Italy,540
FONTANAROSA_IMPIANTO_DEL_CAPOLUOGO,41.01,15.0148,4000,17280,Italy,Campania,ITF3,Italy,2880
STURNO_IMPIANTO_FRIGENTO_LOCALITA_AMENDOLA,41.01,15.1338,3000,12960,Italy,Campania,ITF3,Italy,2160
FRIGENTO_IMPIANTO_FRIGENTO_LOCALITA_LA_QUARTA,40.9955,15.1147,1000,4320,Italy,Campania,ITF3,Italy,720
FRIGENTO_IMPIANTO_FRIGENTO_LOCALITA_MATTINE,40.9911,15.0972,923,3987.36,Italy,Campania,ITF3,Italy,664.56
FRIGENTO_IMPIANTO_FRIGENTO_LOCALITA_PILA_AI_PIANI,41.0563,15.1086,1385,5983.2,Italy,Campania,ITF3,Italy,997.2
LIONI_IMPIANTO_DI_LIONI,40.87,15.1996,7000,30240,Italy,Campania,ITF3,Italy,5040
MONTECALVO_IRPINO_IMPIANTO_LOCALITA_VALLO,41.2039,15.0265,4900,21168,Italy,Campania,ITF3,Italy,3528
MONTEFALCIONE_DEPURATORE_STAZIONE,40.9563,14.8833,2188,9452.16,Italy,Campania,ITF3,Italy,1575.36
MONTEFALCIONE_DEPURATORE_CARRANI,40.9701,14.8774,262,1131.84,Italy,Campania,ITF3,Italy,188.64
MONTEFALCIONE_DEPURATORE_LOCALITA_S_FELE,40.9792,14.8814,212,915.84,Italy,Campania,ITF3,Italy,152.64
MONTEMILETTO_IMPIANTO_DI_MONTEMILETTO,40.9958,14.9185,3500,15120,Italy,Campania,ITF3,Italy,2520
PIETRADEFUSI_IMPIANTO_VERTECCHIA_MACCHIETELLE,41.0541,14.892,300,1296,Italy,Campania,ITF3,Italy,216
PRATA_DI_PRINCIPATO_ULTRA_DEPURATORE_DI_PRATA_E_PRATOLA,40.9906,14.8352,7000,30240,Italy,Campania,ITF3,Italy,5040
PRATOLA_SERRA_DEPURATORE_FRAZ_SERRA,40.9752,14.8564,1451,6268.32,Italy,Campania,ITF3,Italy,1044.72
ROCCABASCERANA_IMPIANTO_DEL_CENTRO,41.0256,14.7144,1500,6480,Italy,Campania,ITF3,Italy,1080
ROCCABASCERANA_IMPIANTO_DI_TUORO,41.0211,14.7261,250,1080,Italy,Campania,ITF3,Italy,180
STURNO_IMPIANTO_DI_STURNO,41.0361,15.1527,4000,17280,Italy,Campania,ITF3,Italy,2880
TAURASI_DEPURATORE_LOC_SAN_QUIRICO,41.013,14.954,2200,9504,Italy,Campania,ITF3,Italy,1584
TAURASI_DEPURATORE_LOC_SALA,41.0057,14.9597,1000,4320,Italy,Campania,ITF3,Italy,720
VENTICANO_IMPIANTO_LOCALITA_ILICI_S_NICOLA,41.0581,14.9015,500,2160,Italy,Campania,ITF3,Italy,360
VENTICANO_PASSO_DI_VENTICANO,41.0458,14.8996,250,1080,Italy,Campania,ITF3,Italy,180
VENTICANO_CALORE,41.0582,14.9468,500,2160,Italy,Campania,ITF3,Italy,360
VOLTURARA_IRPINA_DEPURATORE_LOC_SPINETA,40.889,14.9325,3358,14506.56,Italy,Campania,ITF3,Italy,2417.76
CAPACCIO_SA_IMPIANTOVAROLATO,40.4524,15.0034,170000,734400,Italy,Campania,ITF3,Italy,122400
ROCCADASPIDE_IMPIANTO_LOCALITA_ECOLI,40.4515,15.1479,1200,5184,Italy,Campania,ITF3,Italy,864
TRENTINARA_IMPIANTO_LOCALITA_PERATIELLO,40.3984,15.113,1800,7776,Italy,Campania,ITF3,Italy,1296
GIUNGANO_SA_IMPIANTO_SAN_GIUSEPPE,40.3854,15.0675,3000,12960,Italy,Campania,ITF3,Italy,2160
AGROPOLI_IMPIANTO_TAVERNE,40.3517,14.9963,45000,194400,Italy,Campania,ITF3,Italy,32400
ROCCADASPIDE_IMPIANTO_LOCALITA_S_ANTONIO,40.4359,15.1902,1000,4320,Italy,Campania,ITF3,Italy,720
BATTIPAGLIA_SA_IMPIANTO_TAVERNOLA,40.6011,14.954,69000,298080,Italy,Campania,ITF3,Italy,49680
EBOLI_SA_IMPIANTO_MACCHIONCELLO,40.6015,15.065,30000,129600,Italy,Campania,ITF3,Italy,21600
CAMPAGNA_IMP_DEL_CENTRO_LOC_MADONNA_DEL_PONTE,40.6412,15.1153,18000,77760,Italy,Campania,ITF3,Italy,12960
SALERNO_IMPIANTO_SALERNO,40.6358,14.8364,700000,3024000,Italy,Campania,ITF3,Italy,504000
MERCATO_S_SEVERINO_FRAZIONE_COSTA_IMPIANTO_MERCATO_S_SEVERINO,40.7783,14.719,200000,864000,Italy,Campania,ITF3,Italy,144000
SCAFATI_IMPIANTO_COMPRENSIORALE,40.7418,14.5267,363635,1570903.2,Italy,Campania,ITF3,Italy,261817.2
ANGRI_IMPIANTO_COMPRENSIORALE_,40.7852,14.5716,472102,2039480.64,Italy,Campania,ITF3,Italy,339913.44
NOCERA_SUPERIORE_IMPIANTO_COMPRENSIORALE,40.76137,14.6587,303381,1310605.92,Italy,Campania,ITF3,Italy,218434.32
AGEROLA_DEPURATORE_DI_AGEROLA_VIA_PONTE,40.635,14.5526,22000,95040,Italy,Campania,ITF3,Italy,15840
MONTESANO_MARCELLANA_BUONABITACOLO_IMPIANTO_CAPOLUOGO_PESCHIERA,40.2808,15.6277,3000,12960,Italy,Campania,ITF3,Italy,2160
SALA_CONSILINA_IMPIANTO_LOCALITA_TAVERNE,40.4103,15.5674,2500,10800,Italy,Campania,ITF3,Italy,1800
SALA_CONSILINA_IMPIANTO_LOC_MACCHIA_DELL_ASPIDE,40.4167,15.5575,3000,12960,Italy,Campania,ITF3,Italy,2160
SALA_CONSILINA_IMPIANTO_LOC_SAN_GIOVANNI,40.3948,15.5888,5000,21600,Italy,Campania,ITF3,Italy,3600
SALA_CONSILINA_IMPIANTO_LOCALITA_TRINITA,40.3753,15.6073,2500,10800,Italy,Campania,ITF3,Italy,1800
CONTURSI_TERME_IMPIANTO_LOCALITA_BAGNI,40.681,15.2508,4500,19440,Italy,Campania,ITF3,Italy,3240
CONTURSI_TERME_IMPIANTO_LOCALITA_FONTANELLE,40.6473,15.2419,3000,12960,Italy,Campania,ITF3,Italy,2160
MAIORI_DEPURATORE_DI_MAIORI,40.649,14.6427,11199,48379.68,Italy,Campania,ITF3,Italy,8063.28
TEGGIANO_DEPURATORE_DI_TEGGIANO,40.4008,15.5469,8000,34560,Italy,Campania,ITF3,Italy,5760
SANTA_MARINA_IMPIANTO_FRAZ_POLICASTRO,40.0719,15.5206,10000,43200,Italy,Campania,ITF3,Italy,7200
SANTA_MARINA_IMPIANTO_DEL_CENTRO,40.1019,15.5437,2000,8640,Italy,Campania,ITF3,Italy,1440
SAPRI_DEPURATORE_DI_SAPRI,40.0754,15.6247,15000,64800,Italy,Campania,ITF3,Italy,10800
ASCEA_DEPURATORE_DI_ASCEA,40.1361,15.176,15000,64800,Italy,Campania,ITF3,Italy,10800
ACERNO_DEPURATORE_DI_ACERNO,40.7358,15.0464,3193,13793.76,Italy,Campania,ITF3,Italy,2298.96
CASALVELINO_IMPIANTO_LOCALITA_VERDUZIO,40.1991,15.1474,1000,4320,Italy,Campania,ITF3,Italy,720
CASTELLABATE_DEPURATORE_DI_MAROCCIA,40.2742,14.9478,20517,88633.44,Italy,Campania,ITF3,Italy,14772.24
ROCCAGLORIOSA_DEPURATORE_COMUNALE_IN_LOC_S_CATALDO,40.1031,15.4358,1200,5184,Italy,Campania,ITF3,Italy,864
ROCCAGLORIOSA_DEPURATORE_COMUNALE_IN_LOC_TEMPA_DI_ACQUA_VENA,40.0837,15.4467,600,2592,Italy,Campania,ITF3,Italy,432
CASELLE_IN_PITTARI_DEPURATORE_COMUNALE,40.1732,15.5468,1500,6480,Italy,Campania,ITF3,Italy,1080
VIBONATI_IMPIANTO_IRACE,40.0814,15.5871,10000,43200,Italy,Campania,ITF3,Italy,7200
AMALFI_DEPURATORE_DI_AMALFI,40.6343,14.5979,17940,77500.8,Italy,Campania,ITF3,Italy,12916.8
ATRANI_IMPIANTO_CONSORTILE_CONDOTTA_SOTTOMARINA,40.6357,14.6095,5000,21600,Italy,Campania,ITF3,Italy,3600
TRAMONTI_IMPIANTO_TRAMONTI,40.6951,14.6409,7000,30240,Italy,Campania,ITF3,Italy,5040
ISPANI_IMPIANTO_DI_DEPURAZIONE_IN_LOC_CAPITELLO,40.079,15.567,8000,34560,Italy,Campania,ITF3,Italy,5760
MONTECORICE_IMPIANTO_FRAZ_FORNELLI,40.242,14.9961,200,864,Italy,Campania,ITF3,Italy,144
MONTECORICE_DEPURATORE_ORTODONICO,40.2308,15.0066,400,1728,Italy,Campania,ITF3,Italy,288
MONTECORICE_DEPURATORE_CASE_DEL_CONTE,40.2436,14.9631,6000,25920,Italy,Campania,ITF3,Italy,4320
MONTECORICE_DEPURATORE_AGNONE,40.2463,14.9962,1500,6480,Italy,Campania,ITF3,Italy,1080
MONTECORICE_IMPIANTO_DEL_CAPOLUOGO,40.2286,14.9852,400,1728,Italy,Campania,ITF3,Italy,288
PADULA_IMPIANTO_DEL_CAPOLUOGO,40.3279,15.6463,6000,25920,Italy,Campania,ITF3,Italy,4320
PERDIFUMO_IMPIANTO_DI_DEPURAZIONE_LOCALITA_LACINQUE,40.2664,15.0165,1000,4320,Italy,Campania,ITF3,Italy,720
PISCIOTTA_IMP_DI_DEPURAZIONE_S_MACARIO,40.1089,15.2335,2500,10800,Italy,Campania,ITF3,Italy,1800
PISCIOTTA_IMP_DI_DEPURAZIONE_CAPRIOLI,40.0842,15.2659,1000,4320,Italy,Campania,ITF3,Italy,720
PISCIOTTA_IMP_DI_DEPURAZIONE_CROCE_RODIO,40.1295,15.2407,1000,4320,Italy,Campania,ITF3,Italy,720
POLLA_DEPURATORE_DI_POLLA,40.5186,15.493,12251,52924.32,Italy,Campania,ITF3,Italy,8820.72
POLLICA_IMPIANTO_DI_DEPURAZIONE_DI_PIOPPI,40.1746,15.0874,2000,8640,Italy,Campania,ITF3,Italy,1440
POSTIGLIONE_IMPIANTO_DI_DEPURAZIONE_LOCALITA_SAN_RIMEDIO,40.5654,15.226,1000,4320,Italy,Campania,ITF3,Italy,720
POSTIGLIONE_IMPIANTO_DI_DEPURAZIONE_LOCALITA_PEZZE,40.5583,15.2212,1000,4320,Italy,Campania,ITF3,Italy,720
SAN_GIOVANNI_A_PIRO_DEPURATORE_COMUNALE_IN_S_GIOVANNI_A_PIRO,40.053,15.4544,2000,8640,Italy,Campania,ITF3,Italy,1440
SAN_GIOVANNI_A_PIRO_DEPURATORE_IN_LOC_BOSCO,40.0736,15.4578,1000,4320,Italy,Campania,ITF3,Italy,720
SAN_GREGORIO_MAGNO_IMPIANTO_SERRONE,40.656,15.3844,3232,13962.24,Italy,Campania,ITF3,Italy,2327.04
SAN_MAURO_CILENTO_IMPIANTO_DI_DEPURAZIONE_DI_LOCALITA_MACCHIONE,40.2289,15.4612,1500,6480,Italy,Campania,ITF3,Italy,1080
SANT_ARSENIO_IMPIANTO_LOCALITA_DIFESA,40.4697,15.4929,2500,10800,Italy,Campania,ITF3,Italy,1800
SANT_ARSENIO_IMPIANTO_LOCALITA_FORNACE,40.4793,15.4922,1475,6372,Italy,Campania,ITF3,Italy,1062
SANZA_IMPIANTO_LOCALITA_PETRARO,40.2359,15.5456,3500,15120,Italy,Campania,ITF3,Italy,2520
SASSANO_IMPIANTO_VIA_LIMITI,40.3467,15.5699,7000,30240,Italy,Campania,ITF3,Italy,5040
TORRE_ORSAIA_IMPIANTO_LOCALITA_VICCOLE,40.1275,15.4731,2500,10800,Italy,Campania,ITF3,Italy,1800
MOIO_DELLA_CIVITELLA_COMUNE_DI_MOIO_DELLA_CIVITELLA,40.2463,15.2688,2000,8640,Italy,Campania,ITF3,Italy,1440
CAGGIANO_IMPIANTO_LOCALITA_VARCO_DELLA_MOLE,40.5598,15.4903,2800,12096,Italy,Campania,ITF3,Italy,2016
MINORI_IMPIANTO_DEL_CENTRO_LOCALITA_GROTTA,40.6547,14.6346,4909,21206.88,Italy,Campania,ITF3,Italy,3534.48
SICIGNANO_DEGLI_ALBURNI_DEPURATORE_DI_GALDO,40.5645,15.3119,700,3024,Italy,Campania,ITF3,Italy,504
CASTELLAMMARE_DI_STABIA_NA_IMPIANTO_FOCE_SARNO,40.7241,14.4776,518000,2237760,Italy,Campania,ITF3,Italy,372960
MARCIANISE_CE_DEPURATORE_DI_MARCIANISE,41.018,14.2593,800000,3456000,Italy,Campania,ITF3,Italy,576000
VILLA_LITERNO_CE_IMPIANTO_FOCE_REGI_LAGNI,41.0158,14.0151,672000,2903040,Italy,Campania,ITF3,Italy,483840
POZZUOLI_NA_IMPIANTO_NAPOLI_OVEST_CUMA,40.8739,14.0692,1200000,5184000,Italy,Campania,ITF3,Italy,864000
NAPOLI_IMPIANTO_NAPOLI_EST,40.8649,14.3026,2159040,9327052.8,Italy,Campania,ITF3,Italy,1554508.8
FOGLIANISE_DEPURATORE_VIA_SERRADOCILE,41.157,14.6508,2000,8640,Italy,Campania,ITF3,Italy,1440
ALIFE_IMPIANTO_DI_FUSARO_VADOLARGO,41.3113,14.3411,9000,38880,Italy,Campania,ITF3,Italy,6480
ALIFE_IMPIANTO_DI_TOTARI,41.3213,14.3185,500,2160,Italy,Campania,ITF3,Italy,360
VAIRANO_PATENORA_DEPURATORE_MARZANELLO,41.3119,14.1403,1500,6480,Italy,Campania,ITF3,Italy,1080
CAIANELLO_LOCALITA_SANTO_SPIRITO,41.31076,14.0967,1500,6480,Italy,Campania,ITF3,Italy,1080
VAIRANO_PATENORA_DEPURATORE_IN_VAIRANO_SCALO,41.3293,14.1101,2500,10800,Italy,Campania,ITF3,Italy,1800
VITULAZIO_IMPIANTO_DI_SELVA_VIA_FONTANA_PIGNA,41.1568,14.2186,12000,51840,Italy,Campania,ITF3,Italy,8640
CALVI_RISORTA_IMPIANTO_GRAUNA_4000_FRAZIONE_RIVO_LANZI,41.2161,14.1421,4000,17280,Italy,Campania,ITF3,Italy,2880
SPARANISE_DEPURATORE_A,41.20336716,14.09317085,4000,17280,Italy,Campania,ITF3,Italy,2880
SPARANISE_DEPURATORE_B,41.18248753,14.11894715,4000,17280,Italy,Campania,ITF3,Italy,2880
TEANO_DEP_COMUNALE_DI_TEANO_LOCALITA_PASTENE,41.2558,14.0751,2500,10800,Italy,Campania,ITF3,Italy,1800
MONDRAGONE_IMPIANTO_LOC_STERCOLILLI,41.1156,13.8897,30000,129600,Italy,Campania,ITF3,Italy,21600
FALCIANO_DEL_MASSICO_IMPIANTO_DEL_CAPOLUOGO_LOCALITA_CASALE,41.1418,13.9554,3500,15120,Italy,Campania,ITF3,Italy,2520
CELLOLE_DEPURATORE_LOCALITA_DOCCIA,41.0402,14.1341,60000,259200,Italy,Campania,ITF3,Italy,43200
CELLOLE_IMPIANTO_DI_BAIA_DOMIZIA_BORGO_CENTORE,41.2259,13.7985,60000,259200,Italy,Campania,ITF3,Italy,43200
PIETRAMELARA_DEPURATORE_COMUNALE,41.2817,14.192,6500,28080,Italy,Campania,ITF3,Italy,4680
PIGNATARO_MAGGIORE_DEPURATORE_COMUNALE,41.1835,14.1642,8131,35125.92,Italy,Campania,ITF3,Italy,5854.32
CASTEL_MORRONE_IMPIANTO_LOCALITA_SUBIA,41.127,14.3363,2441,10545.12,Italy,Campania,ITF3,Italy,1757.52
VIGOLZONE,44.91567,9.67678,2100,9072,Italy,Emilia-Romagna,ITH5,Italy,1512
CADEO_ROVELETO_MONTERUSSO,44.96697,9.84424,2300,9936,Italy,Emilia-Romagna,ITH5,Italy,1656
PIANELLO,44.94728,9.4159,3000,12960,Italy,Emilia-Romagna,ITH5,Italy,2160
ALSENO,44.89452,9.97419,3000,12960,Italy,Emilia-Romagna,ITH5,Italy,2160
CADEO_ROVELETO_COLOMBAIA,44.97241,9.84551,3865,16696.8,Italy,Emilia-Romagna,ITH5,Italy,2782.8
GOSSOLENGO,45.0066,9.62844,4000,17280,Italy,Emilia-Romagna,ITH5,Italy,2880
SARMATO,45.06209,9.50051,4000,17280,Italy,Emilia-Romagna,ITH5,Italy,2880
RIVERGARO_NIVIANO,44.94579,9.63157,4000,17280,Italy,Emilia-Romagna,ITH5,Italy,2880
SAN_GIORGIO_PIACENTINO,44.96514,9.74868,4500,19440,Italy,Emilia-Romagna,ITH5,Italy,3240
CAORSO,45.05354,9.87128,5000,21600,Italy,Emilia-Romagna,ITH5,Italy,3600
GRAGNANO_TREBBIENSE_NUOVO,45.04162,9.56558,5000,21600,Italy,Emilia-Romagna,ITH5,Italy,3600
BOBBIO,44.78407,9.4035,6000,25920,Italy,Emilia-Romagna,ITH5,Italy,4320
CORTEMAGGIORE,45.00485,9.92579,6000,25920,Italy,Emilia-Romagna,ITH5,Italy,4320
RIVERGARO_PIEVE,44.92531,9.60155,6600,28512,Italy,Emilia-Romagna,ITH5,Italy,4752
MONTICELLI_D_ONGINA,45.08075,9.92888,6250,27000,Italy,Emilia-Romagna,ITH5,Italy,4500
CARPANETO_PIACENTINO,44.9236,9.78521,6800,29376,Italy,Emilia-Romagna,ITH5,Italy,4896
PONTENURE,44.99919,9.79584,7000,30240,Italy,Emilia-Romagna,ITH5,Italy,5040
CASTELVETRO_PIACENTINO_NUOVO,45.07046,10.00284,7000,30240,Italy,Emilia-Romagna,ITH5,Italy,5040
PODENZANO_CASONI,45.00073,9.685,9200,39744,Italy,Emilia-Romagna,ITH5,Italy,6624
CASTELL_ARQUATO,44.86118,9.87822,10000,43200,Italy,Emilia-Romagna,ITH5,Italy,7200
PONTE_DELL_OLIO,44.88479,9.66293,12000,51840,Italy,Emilia-Romagna,ITH5,Italy,8640
CASTEL_SAN_GIOVANNI,45.06494,9.43743,18000,77760,Italy,Lombardia,ITC4,Italy,12960
CALENDASCO_PONTETREBBIA,45.0593,9.63483,16000,69120,Italy,Emilia-Romagna,ITH5,Italy,11520
BORGONOVO_VAL_TIDONE,45.0252,9.44502,20000,86400,Italy,Lombardia,ITC4,Italy,14400
FIORENZUOLA_D_ARDA,44.93429,9.92308,21500,92880,Italy,Emilia-Romagna,ITH5,Italy,15480
PIACENZA_BORGOFORTE,45.05954,9.73389,163333,705598.56,Italy,Emilia-Romagna,ITH5,Italy,117599.76
PARMA_CERVARA_BAGANZOLA,44.86399,10.29767,2200,9504,Italy,Emilia-Romagna,ITH5,Italy,1584
COLORNO_NORD,44.93282,10.38199,2800,12096,Italy,Emilia-Romagna,ITH5,Italy,2016
ROCCABIANCA,45.00415,10.23086,3000,12960,Italy,Lombardia,ITC4,Italy,2160
BEDONIA,44.49328,9.65188,4000,17280,Italy,Emilia-Romagna,ITH5,Italy,2880
SALSOMAGGIORE_TERME_TABIANO,44.81554,10.03296,4000,17280,Italy,Emilia-Romagna,ITH5,Italy,2880
SISSA,44.97249,10.27192,4500,19440,Italy,Emilia-Romagna,ITH5,Italy,3240
BERCETO,44.5125,9.98396,5000,21600,Italy,Emilia-Romagna,ITH5,Italy,3600
COLORNO,44.92908,10.38403,5700,24624,Italy,Emilia-Romagna,ITH5,Italy,4104
TIZZANO_VAL_PARMA_LAGRIMONE,44.48606,10.24792,6000,25920,Italy,Emilia-Romagna,ITH5,Italy,4320
MEDESANO,44.7662,10.14426,6500,28080,Italy,Emilia-Romagna,ITH5,Italy,4680
SALA_BAGANZA,44.72632,10.24033,6770,29246.4,Italy,Emilia-Romagna,ITH5,Italy,4874.4
BORGO_VAL_DI_TARO,44.49213,9.78999,7500,32400,Italy,Emilia-Romagna,ITH5,Italy,5400
PARMA_CORCAGNANO,44.7277,10.31006,7500,32400,Italy,Emilia-Romagna,ITH5,Italy,5400
SAN_SECONDO_PARMENSE,44.9228,10.24187,8000,34560,Italy,Emilia-Romagna,ITH5,Italy,5760
FORNOVO_DI_TARO_RICCO,44.70485,10.12468,8300,35856,Italy,Emilia-Romagna,ITH5,Italy,5976
FONTANELLATO,44.88911,10.17702,9000,38880,Italy,Emilia-Romagna,ITH5,Italy,6480
MEZZANI_MEZZANO_INFERIORE,44.91147,10.45338,9600,41472,Italy,Emilia-Romagna,ITH5,Italy,6912
SORBOLO,44.84993,10.43113,12500,54000,Italy,Emilia-Romagna,ITH5,Italy,9000
TRAVERSETOLO,44.64147,10.38885,9900,42768,Italy,Emilia-Romagna,ITH5,Italy,7128
NOCETO,44.82002,10.18448,12000,51840,Italy,Emilia-Romagna,ITH5,Italy,8640
TORRILE_SAN_POLO,44.90233,10.36791,12000,51840,Italy,Emilia-Romagna,ITH5,Italy,8640
FONTEVIVO_CASE_MASSI,44.83339,10.19379,16000,69120,Italy,Emilia-Romagna,ITH5,Italy,11520
COLLECCHIO,44.7578,10.20615,20000,86400,Italy,Emilia-Romagna,ITH5,Italy,14400
MONTECHIARUGOLO_MONTICELLI_TERME,44.73688,10.40703,20000,86400,Italy,Emilia-Romagna,ITH5,Italy,14400
MEDESANO_FELEGARA,44.72417,10.12359,22500,97200,Italy,Emilia-Romagna,ITH5,Italy,16200
BUSSETO,44.98849,10.05434,24000,103680,Italy,Emilia-Romagna,ITH5,Italy,17280
LANGHIRANO,44.63575,10.27514,25000,108000,Italy,Emilia-Romagna,ITH5,Italy,18000
SALSOMAGGIORE_TERME,44.82992,10.0135,30000,129600,Italy,Emilia-Romagna,ITH5,Italy,21600
FELINO,44.70013,10.26668,50000,216000,Italy,Emilia-Romagna,ITH5,Italy,36000
FIDENZA,44.87352,10.07994,60000,259200,Italy,Emilia-Romagna,ITH5,Italy,43200
PARMA_OVEST,44.82437,10.30843,168000,725760,Italy,Emilia-Romagna,ITH5,Italy,120960
PARMA_EST,44.8307,10.35259,180000,777600,Italy,Emilia-Romagna,ITH5,Italy,129600
BRESCELLO,44.89796,10.52198,3200,13824,Italy,Emilia-Romagna,ITH5,Italy,2304
CASTELLARANO_ROTEGLIA,44.48469,10.69578,4000,17280,Italy,Emilia-Romagna,ITH5,Italy,2880
CASTELNOVO_NE_MONTI_RIO_DORGOLA,44.4236,10.3908,4500,19440,Italy,Emilia-Romagna,ITH5,Italy,3240
BORETTO,44.89451,10.57638,7500,32400,Italy,Emilia-Romagna,ITH5,Italy,5400
CADELBOSCO_VILLA_SETA_NUOVO,44.81092,10.65021,5000,21600,Italy,Emilia-Romagna,ITH5,Italy,3600
LUZZARA,44.95768,10.69933,5000,21600,Italy,Lombardia,ITC4,Italy,3600
RIO_SALICETO,44.81728,10.8091,6000,25920,Italy,Emilia-Romagna,ITH5,Italy,4320
SCANDIANO_BOSCO,44.63529,10.67147,6000,25920,Italy,Emilia-Romagna,ITH5,Italy,4320
CADELBOSCO,44.77839,10.58721,8000,34560,Italy,Emilia-Romagna,ITH5,Italy,5760
GATTATICO_PRATICELLO,44.81298,10.47014,7000,30240,Italy,Emilia-Romagna,ITH5,Italy,5040
GUASTALLA_NORD,44.92031,10.67461,12000,51840,Italy,Lombardia,ITC4,Italy,8640
GUASTALLA_SUD,44.88872,10.65221,12000,51840,Italy,Emilia-Romagna,ITH5,Italy,8640
SAN_MARTINO_IN_RIO_NUOVO,44.74092,10.79716,15000,64800,Italy,Emilia-Romagna,ITH5,Italy,10800
QUATTRO_CASTELLA_LE_FORCHE,44.63438,10.58111,20000,86400,Italy,Emilia-Romagna,ITH5,Italy,14400
CASTELNOVO_DI_SOTTO_MELETOLE,44.85443,10.59036,21000,90720,Italy,Emilia-Romagna,ITH5,Italy,15120
CASALGRANDE_SALVATERRA,44.60806,10.77038,25000,108000,Italy,Emilia-Romagna,ITH5,Italy,18000
RUBIERA,44.65827,10.7714,45000,194400,Italy,Emilia-Romagna,ITH5,Italy,32400
REGGIOLO_NUOVO,44.90594,10.78434,58000,250560,Italy,Emilia-Romagna,ITH5,Italy,41760
REGGIO_EMILIA_RONCOCESI,44.73268,10.55778,150000,648000,Italy,Emilia-Romagna,ITH5,Italy,108000
REGGIO_EMILIA_MANCASALE,44.74258,10.65354,280000,1209600,Italy,Emilia-Romagna,ITH5,Italy,201600
BOMPORTO_SOLARA,44.78191,11.08296,3500,15120,Italy,Emilia-Romagna,ITH5,Italy,2520
RAVARINO_RAMI_STUFFIONE,44.73953,11.0909,3000,12960,Italy,Emilia-Romagna,ITH5,Italy,2160
SERRAMAZZONI_CASA_TADIOLI,44.41973,10.78199,3000,12960,Italy,Emilia-Romagna,ITH5,Italy,2160
PIEVEPELAGO,44.21185,10.62478,3100,13392,Italy,Emilia-Romagna,ITH5,Italy,2232
CAMPOSANTO,44.80334,11.13661,3500,15120,Italy,Emilia-Romagna,ITH5,Italy,2520
ZOCCA_BONDIGLIO,44.34306,10.98193,3700,15984,Italy,Emilia-Romagna,ITH5,Italy,2664
MONTESE,44.26512,10.94188,3800,16416,Italy,Emilia-Romagna,ITH5,Italy,2736
MONTECRETO,44.24909,10.71334,2700,11664,Italy,Emilia-Romagna,ITH5,Italy,1944
FINALE_EMILIA_MASSA_FINALESE,44.85582,11.23991,9500,41040,Italy,Emilia-Romagna,ITH5,Italy,6840
SAN_PROSPERO,44.79221,11.03156,5500,23760,Italy,Emilia-Romagna,ITH5,Italy,3960
MEDOLLA,44.84941,11.07746,6000,25920,Italy,Emilia-Romagna,ITH5,Italy,4320
RAVARINO,44.73544,11.10952,6000,25920,Italy,Emilia-Romagna,ITH5,Italy,4320
FORMIGINE_MAGRETA,44.61302,10.79133,6100,26352,Italy,Emilia-Romagna,ITH5,Italy,4392
NOVI_DI_MODENA_ROVERETO,44.8443,10.94675,6500,28080,Italy,Emilia-Romagna,ITH5,Italy,4680
CASTELVETRO_DI_MODENA,44.51576,10.95329,7000,30240,Italy,Emilia-Romagna,ITH5,Italy,5040
MODENA_SAN_DAMASO,44.60747,10.96881,7000,30240,Italy,Emilia-Romagna,ITH5,Italy,5040
SAN_CESARIO_SUL_PANARO,44.57303,11.03285,7700,33264,Italy,Emilia-Romagna,ITH5,Italy,5544
FANANO_NUOVO,44.21698,10.80789,7000,30240,Italy,Emilia-Romagna,ITH5,Italy,5040
MODENA_LESIGNANA,44.68394,10.89752,8000,34560,Italy,Emilia-Romagna,ITH5,Italy,5760
NOVI_DI_MODENA,44.88823,10.91999,8000,34560,Italy,Emilia-Romagna,ITH5,Italy,5760
FIUMALBO_NUOVO,44.18653,10.64648,9000,38880,Italy,Emilia-Romagna,ITH5,Italy,6480
SAN_FELICE_SUL_PANARO,44.82402,11.15507,9000,38880,Italy,Emilia-Romagna,ITH5,Italy,6480
CAVEZZO,44.84631,11.02239,10000,43200,Italy,Emilia-Romagna,ITH5,Italy,7200
FINALE_EMILIA,44.85183,11.28724,10000,43200,Italy,Emilia-Romagna,ITH5,Italy,7200
SESTOLA_FORNACE,44.23219,10.79107,10000,43200,Italy,Emilia-Romagna,ITH5,Italy,7200
SAVIGNANO_SUL_PANARO_BOCCHIROLO,44.50291,11.04247,11000,47520,Italy,Emilia-Romagna,ITH5,Italy,7920
CONCORDIA_SULLA_SECCHIA,44.90975,11.00148,13800,59616,Italy,Emilia-Romagna,ITH5,Italy,9936
BOMPORTO,44.74335,11.03557,14500,62640,Italy,Emilia-Romagna,ITH5,Italy,10440
NONANTOLA,44.68112,11.05208,15000,64800,Italy,Emilia-Romagna,ITH5,Italy,10800
SPILAMBERTO,44.56776,10.99421,15000,64800,Italy,Emilia-Romagna,ITH5,Italy,10800
PAVULLO,44.35451,10.83364,16000,69120,Italy,Emilia-Romagna,ITH5,Italy,11520
MIRANDOLA,44.90054,11.07754,23000,99360,Italy,Emilia-Romagna,ITH5,Italy,16560
CASTELFRANCO_EMILIA,44.59535,11.07075,24000,103680,Italy,Emilia-Romagna,ITH5,Italy,17280
VIGNOLA,44.50506,11.02431,32000,138240,Italy,Emilia-Romagna,ITH5,Italy,23040
CASTELNUOVO_RANGONE,44.55958,10.94664,44000,190080,Italy,Emilia-Romagna,ITH5,Italy,31680
SASSUOLO,44.57554,10.8006,120000,518400,Italy,Emilia-Romagna,ITH5,Italy,86400
CARPI_CORREGGIO,44.81579,10.91018,200000,864000,Italy,Emilia-Romagna,ITH5,Italy,144000
MODENA_NAVIGLIO,44.67681,10.94421,500000,2160000,Italy,Emilia-Romagna,ITH5,Italy,360000
LOIANO_CAPOLUOGO_VERSANTE_ZENA,44.26616,11.33422,1500,6480,Italy,Emilia-Romagna,ITH5,Italy,1080
LOIANO_CAPOLUOGO_VERSANTE_SAVENA,44.26692,11.31178,2000,8640,Italy,Emilia-Romagna,ITH5,Italy,1440
MONZUNO_RIOVEGGIO,44.28277,11.20433,3000,12960,Italy,Emilia-Romagna,ITH5,Italy,2160
VERGATO_RIOLA,44.23138,11.06737,3000,12960,Italy,Emilia-Romagna,ITH5,Italy,2160
CASTEL_MAGGIORE_TREBBO,44.56496,11.32321,3600,15552,Italy,Emilia-Romagna,ITH5,Italy,2592
ARGELATO,44.64918,11.34269,4500,19440,Italy,Emilia-Romagna,ITH5,Italy,3240
CASTIGLIONE_DEI_PEPOLI_CA_NOVA,44.15055,11.15184,5000,21600,Italy,Emilia-Romagna,ITH5,Italy,3600
GALLIERA_SAN_VENANZIO,44.74403,11.44643,8200,35424,Italy,Emilia-Romagna,ITH5,Italy,5904
MARZABOTTO,44.35105,11.21019,5000,21600,Italy,Emilia-Romagna,ITH5,Italy,3600
CRESPELLANO_VIA_LUNGA,44.51866,11.17804,4980,21513.6,Italy,Emilia-Romagna,ITH5,Italy,3585.6
CASTEL_GUELFO,44.43728,11.68098,6000,25920,Italy,Emilia-Romagna,ITH5,Italy,4320
PIEVE_DI_CENTO,44.72029,11.31727,6000,25920,Italy,Emilia-Romagna,ITH5,Italy,4320
MONTERENZIO_PIZZANO,44.35761,11.41241,6200,26784,Italy,Emilia-Romagna,ITH5,Italy,4464
CASTELLO_D_ARGILE_NUOVO_MASCARINO,44.69088,11.33368,6600,28512,Italy,Emilia-Romagna,ITH5,Italy,4752
BENTIVOGLIO,44.65165,11.42081,7000,30240,Italy,Emilia-Romagna,ITH5,Italy,5040
SASSO_MARCONI_BORGONUOVO,44.44624,11.2766,7000,30240,Italy,Emilia-Romagna,ITH5,Italy,5040
LIZZANO_IN_BELVEDERE_CAPOLUOGO_PANIGALE,44.1686,10.90687,8000,34560,Italy,Emilia-Romagna,ITH5,Italy,5760
SALA_BOLOGNESE_PADULLE,44.6217,11.2653,8000,34560,Italy,Emilia-Romagna,ITH5,Italy,5760
SANT_AGATA_BOLOGNESE,44.66512,11.14254,9890,42724.8,Italy,Emilia-Romagna,ITH5,Italy,7120.8
VERGATO,44.28876,11.11312,9000,38880,Italy,Emilia-Romagna,ITH5,Italy,6480
SAN_GIOVANNI_IN_PERSICETO_DECIMA,44.71552,11.2204,9200,39744,Italy,Emilia-Romagna,ITH5,Italy,6624
GRANAROLO_DELL_EMILIA,44.56023,11.44392,9500,41040,Italy,Emilia-Romagna,ITH5,Italy,6840
ARGELATO_FUNO,44.60198,11.35948,9600,41472,Italy,Emilia-Romagna,ITH5,Italy,6912
SAN_PIETRO_IN_CASALE,44.69223,11.40677,9600,41472,Italy,Emilia-Romagna,ITH5,Italy,6912
SAN_GIORGIO_DI_PIANO,44.64388,11.38747,9950,42984,Italy,Emilia-Romagna,ITH5,Italy,7164
CASTENASO_NUOVO,44.51023,11.47753,11000,47520,Italy,Emilia-Romagna,ITH5,Italy,7920
MOLINELLA,44.61496,11.69458,12000,51840,Italy,Emilia-Romagna,ITH5,Italy,8640
BUDRIO,44.54571,11.53542,12000,51840,Italy,Emilia-Romagna,ITH5,Italy,8640
SASSO_MARCONI,44.39707,11.26288,12000,51840,Italy,Emilia-Romagna,ITH5,Italy,8640
CRESPELLANO,44.55798,11.14738,12700,54864,Italy,Emilia-Romagna,ITH5,Italy,9144
BAZZANO,44.52274,11.08217,14000,60480,Italy,Emilia-Romagna,ITH5,Italy,10080
CREVALCORE,44.7212,11.15995,14000,60480,Italy,Emilia-Romagna,ITH5,Italy,10080
SAN_GIOVANNI_IN_PERSICETO_VIA_CENTESE,44.6577,11.199,16000,69120,Italy,Emilia-Romagna,ITH5,Italy,11520
MEDICINA,44.48122,11.64569,16000,69120,Italy,Emilia-Romagna,ITH5,Italy,11520
SAN_GIOVANNI_IN_PERSICETO,44.65152,11.18048,16000,69120,Italy,Emilia-Romagna,ITH5,Italy,11520
CASTEL_DI_CASIO_PRATI,44.1813,10.98745,18000,77760,Italy,Emilia-Romagna,ITH5,Italy,12960
CASTEL_SAN_PIETRO_TERME,44.41278,11.58263,25000,108000,Italy,Emilia-Romagna,ITH5,Italy,18000
MINERBIO_BARICELLA,44.63798,11.56491,27000,116640,Italy,Emilia-Romagna,ITH5,Italy,19440
ANZOLA_EMILIA,44.55517,11.20253,30000,129600,Italy,Emilia-Romagna,ITH5,Italy,21600
IMOLA_GAMBELLARA,44.38398,11.72988,30000,129600,Italy,Emilia-Romagna,ITH5,Italy,21600
CALDERARA_DI_RENO,44.57019,11.28334,36000,155520,Italy,Emilia-Romagna,ITH5,Italy,25920
OZZANO_DELL_EMILIA_PONTE_RIZZOLI,44.47116,11.49987,38000,164160,Italy,Emilia-Romagna,ITH5,Italy,27360
IMOLA_SANTERNO,44.35292,11.73716,75000,324000,Italy,Emilia-Romagna,ITH5,Italy,54000
BOLOGNA_CORTICELLA,44.55268,11.36213,800000,3456000,Italy,Emilia-Romagna,ITH5,Italy,576000
MALABERGO_NUOVO,44.714496,11.536398,4000,17280,Italy,Emilia-Romagna,ITH5,Italy,2880
BERRA,44.97614,11.97259,3500,15120,Italy,Veneto,ITH3,Italy,2520
BONDENO_SANTISSIMO,44.89356,11.41968,3000,12960,Italy,Emilia-Romagna,ITH5,Italy,2160
VIGARANO_MAINARDA,44.84524,11.49964,4000,17280,Italy,Emilia-Romagna,ITH5,Italy,2880
VOGHIERA_GUALDO,44.78826,11.73276,4000,17280,Italy,Emilia-Romagna,ITH5,Italy,2880
MASSA_FISCAGLIA,44.80627,12.00297,4500,19440,Italy,Emilia-Romagna,ITH5,Italy,3240
ARGENTA_OSPITAL_MONACALE,44.67095,11.71853,5500,23760,Italy,Emilia-Romagna,ITH5,Italy,3960
LAGOSANTO,44.76999,12.14332,5500,23760,Italy,Emilia-Romagna,ITH5,Italy,3960
MESOLA_BOSCO_MESOLA,44.88126,12.2195,6000,25920,Italy,Emilia-Romagna,ITH5,Italy,4320
GORO,44.85323,12.31265,6000,25920,Italy,Veneto,ITH3,Italy,4320
FERRARA_GAIBANELLA_VIA_PIGNOLA,44.7601,11.66785,6000,25920,Italy,Emilia-Romagna,ITH5,Italy,4320
POGGIO_RENATICO_NUOVO,44.75488,11.52918,7000,30240,Italy,Emilia-Romagna,ITH5,Italy,5040
MIGLIARINO_NUOVO,44.73684,11.94049,8000,34560,Italy,Emilia-Romagna,ITH5,Italy,5760
BONDENO_CENTRO_STORICO,44.885,11.40917,10000,43200,Italy,Emilia-Romagna,ITH5,Italy,7200
MASI_SAN_GIACOMO,44.77716,11.77309,10000,43200,Italy,Emilia-Romagna,ITH5,Italy,7200
PORTOMAGGIORE,44.69392,11.82156,14000,60480,Italy,Emilia-Romagna,ITH5,Italy,10080
SANT_AGOSTINO_SAN_CARLO,44.79515,11.42433,14000,60480,Italy,Emilia-Romagna,ITH5,Italy,10080
TRESIGALLO_NUOVO,44.82509,11.9033,16000,69120,Italy,Emilia-Romagna,ITH5,Italy,11520
ARGENTA,44.62371,11.84304,18000,77760,Italy,Emilia-Romagna,ITH5,Italy,12960
COPPARO,44.8927,11.84092,18000,77760,Italy,Emilia-Romagna,ITH5,Italy,12960
CENTO,44.75298,11.31475,25000,108000,Italy,Emilia-Romagna,ITH5,Italy,18000
CODIGORO,44.8361,12.12148,44000,190080,Italy,Emilia-Romagna,ITH5,Italy,31680
COMACCHIO_VALLE_MOLINO,44.67841,12.20682,180000,777600,Italy,Emilia-Romagna,ITH5,Italy,129600
FERRARA,44.86526,11.6287,240000,1036800,Italy,Emilia-Romagna,ITH5,Italy,172800
CONSELICE_LAVEZZOLA,44.56211,11.88792,7500,32400,Italy,Emilia-Romagna,ITH5,Italy,5400
BAGNACAVALLO_VILLANOVA,44.47043,12.04829,5000,21600,Italy,Emilia-Romagna,ITH5,Italy,3600
LUGO_VOLTANA,44.54663,11.92997,7400,31968,Italy,Emilia-Romagna,ITH5,Italy,5328
RIOLO_TERME,44.2712,11.73103,5900,25488,Italy,Emilia-Romagna,ITH5,Italy,4248
CONSELICE,44.5182,11.84365,8000,34560,Italy,Emilia-Romagna,ITH5,Italy,5760
BRISIGHELLA,44.22344,11.78603,9700,41904,Italy,Emilia-Romagna,ITH5,Italy,6984
FUSIGNANO,44.48368,11.97107,12000,51840,Italy,Emilia-Romagna,ITH5,Italy,8640
BAGNACAVALLO,44.42336,11.98945,25000,108000,Italy,Emilia-Romagna,ITH5,Italy,18000
LIDO_DI_CLASSE,44.32463,12.32525,30000,129600,Italy,Emilia-Romagna,ITH5,Italy,21600
MARINA_DI_RAVENNA,44.46577,12.27913,40000,172800,Italy,Emilia-Romagna,ITH5,Italy,28800
RUSSI,44.38113,12.05686,50000,216000,Italy,Emilia-Romagna,ITH5,Italy,36000
MASSA_LOMBARDA,44.46061,11.81044,80000,345600,Italy,Emilia-Romagna,ITH5,Italy,57600
ALFONSINE,44.51709,12.03605,96000,414720,Italy,Emilia-Romagna,ITH5,Italy,69120
FAENZA,44.29017,11.90082,100000,432000,Italy,Emilia-Romagna,ITH5,Italy,72000
CERVIA,44.28863,12.31477,200000,864000,Italy,Emilia-Romagna,ITH5,Italy,144000
RAVENNA,44.44538,12.20523,240000,1036800,Italy,Emilia-Romagna,ITH5,Italy,172800
LUGO,44.43684,11.9123,102874,444415.68,Italy,Emilia-Romagna,ITH5,Italy,74069.28
SANTA_SOFIA_CAVATICCIO,43.95522,11.91678,5100,22032,Italy,Emilia-Romagna,ITH5,Italy,3672
BAGNO_DI_ROMAGNA,43.87969,11.99758,7800,33696,Italy,Emilia-Romagna,ITH5,Italy,5616
MODIGLIANA_TOSSINO,44.16691,11.80524,15240,65836.8,Italy,Emilia-Romagna,ITH5,Italy,10972.8
MERCATO_SARACENO_BACCIOLINO,44.03249,12.19018,15000,64800,Italy,Emilia-Romagna,ITH5,Italy,10800
CESENATICO,44.19135,12.39317,120000,518400,Italy,Emilia-Romagna,ITH5,Italy,86400
SAVIGNANO_SUL_RUBICONE_BASTIA,44.11074,12.40297,139000,600480,Italy,Emilia-Romagna,ITH5,Italy,100080
CESENA,44.16959,12.27301,197500,853200,Italy,Emilia-Romagna,ITH5,Italy,142200
FORLI,44.23055,12.08778,250000,1080000,Italy,Emilia-Romagna,ITH5,Italy,180000
NOVAFELTRIA,43.9014,12.29286,7000,30240,Italy,Emilia-Romagna,ITH5,Italy,5040
MISANO_ADRIATICO,43.96617,12.71282,50000,216000,Italy,Emilia-Romagna,ITH5,Italy,36000
CATTOLICA,43.95855,12.728,120000,518400,Italy,Marche,ITI3,Italy,86400
RICCIONE,44.01321,12.63455,180000,777600,Italy,Emilia-Romagna,ITH5,Italy,129600
RIMINI_S_GIUSTINA,44.05838,12.49592,560000,2419200,Italy,Emilia-Romagna,ITH5,Italy,403200
LESIGNANO_DE_BAGNI_SANTA_MARIA_DEL_PIANO_NUOVO,44.66339,10.32977,3000,12960,Italy,Emilia-Romagna,ITH5,Italy,2160
CENTO_CASUMARO_VIA_GUARALDI,44.83089,11.36851,4000,17280,Italy,Emilia-Romagna,ITH5,Italy,2880
ARTA_TERME_CAPOLUOGO,46.4682,13.0255,4000,17280,Italy,Friuli-Venezia Giulia,ITH4,Italy,2880
ARTEGNA_LOC_PALUT,46.2304,13.1418,4200,18144,Italy,Friuli-Venezia Giulia,ITH4,Italy,3024
AVIANO_CASTELLO,46.0397,12.5678,24718,106781.76,Italy,Friuli-Venezia Giulia,ITH4,Italy,17796.96
AVIANO_PIANCAVALLO,46.1075,12.5267,3000,12960,Italy,Friuli-Venezia Giulia,ITH4,Italy,2160
AZZANO_X_VIA_TRIESTE,45.8762,12.7171,9200,39744,Italy,Friuli-Venezia Giulia,ITH4,Italy,6624
BRUGNERA,45.8729,12.5351,2500,10800,Italy,Veneto,ITH3,Italy,1800
BUJA_ARRIO,46.2123,13.1349,1000,4320,Italy,Friuli-Venezia Giulia,ITH4,Italy,720
BUJA_AVILLA,46.204267,13.09775,5000,21600,Italy,Friuli-Venezia Giulia,ITH4,Italy,3600
BUJA_MADONNA,46.2131,13.135017,2000,8640,Italy,Friuli-Venezia Giulia,ITH4,Italy,1440
BUTTRIO_LOC._CAMINO,45.9926,13.3338,5000,21600,Italy,Friuli-Venezia Giulia,ITH4,Italy,3600
CAMPOFORMIDO_CAPOLUOGO,46.0105,13.1574,4500,19440,Italy,Friuli-Venezia Giulia,ITH4,Italy,3240
CANEVA_LOC_FIASCHETTI,45.9806,12.4799,6300,27216,Italy,Friuli-Venezia Giulia,ITH4,Italy,4536
CASTIONS_DI_STRADA_VIA_LATISANA,45.8995,13.1797,5000,21600,Italy,Friuli-Venezia Giulia,ITH4,Italy,3600
CIVIDALE_GRUPIGNANO,46.0802,13.4133,9000,38880,Italy,Friuli-Venezia Giulia,ITH4,Italy,6480
CIVIDALE_VIA_ABETI,46.0842,13.4214,5000,21600,Italy,Friuli-Venezia Giulia,ITH4,Italy,3600
CODROIPO_BELVEDERE,45.9485,12.9896,18200,78624,Italy,Friuli-Venezia Giulia,ITH4,Italy,13104
CORDENONS_VIA_AQUILEIA,45.9692,12.686,8000,34560,Italy,Friuli-Venezia Giulia,ITH4,Italy,5760
CORDENONS_VIA_CHIAVORNICCO,45.9569,12.7044,15000,64800,Italy,Friuli-Venezia Giulia,ITH4,Italy,10800
CORDOVADO_VIA_SUZZOLINS,45.8305,12.883,3800,16416,Italy,Friuli-Venezia Giulia,ITH4,Italy,2736
CORMONS_LOC._MODOLETTI,45.9439,13.4477,8000,34560,Italy,Friuli-Venezia Giulia,ITH4,Italy,5760
CORNO_DI_ROSAZZO_VISINALE,45.9779,13.45,2000,8640,Italy,Friuli-Venezia Giulia,ITH4,Italy,1440
DEPURATORE_DI_GRADISCA_D_ISONZO,45.8763,13.4657,11000,47520,Italy,Friuli-Venezia Giulia,ITH4,Italy,7920
DEPURATORE_DI_STARANZANO_LOC_MOLINAT,45.7849,13.5001,62500,270000,Italy,Friuli-Venezia Giulia,ITH4,Italy,45000
DUINO_AURISINA_SISTIANA_MARE,45.769,13.6227,8000,34560,Italy,Friuli-Venezia Giulia,ITH4,Italy,5760
FIUME_VENETO_VIA_POLICRETA,45.9386,12.73098,500,2160,Italy,Friuli-Venezia Giulia,ITH4,Italy,360
FIUME_VENETO_VIA_TAVELLA,45.9243,12.7175,8700,37584,Italy,Friuli-Venezia Giulia,ITH4,Italy,6264
FIUMICELLO_LOC_SAN_LORENZO,45.7656,13.4054,6000,25920,Italy,Friuli-Venezia Giulia,ITH4,Italy,4320
FONTANAFREDDA_VIA_S_EGIDIO,45.9636,12.5622,7500,32400,Italy,Friuli-Venezia Giulia,ITH4,Italy,5400
FORNI_DI_SOPRA_LOC_NAGRI,46.4129,12.5846,2700,11664,Italy,Friuli-Venezia Giulia,ITH4,Italy,1944
GEMONA_VIA_CHIANEIT,46.2534,13.1248,13000,56160,Italy,Friuli-Venezia Giulia,ITH4,Italy,9360
GONARS_VIA_MOLINI,45.8929,13.2276,6000,25920,Italy,Friuli-Venezia Giulia,ITH4,Italy,4320
GORIZIA,45.9138,13.5857,54200,234144,Italy,Friuli-Venezia Giulia,ITH4,Italy,39024
LATISANA_LOC_PALUDO,45.771,13.0323,14000,60480,Italy,Friuli-Venezia Giulia,ITH4,Italy,10080
LIGNANO_SABBIADORO_LOC_LOVATO,45.6837,13.1073,86400,373248,Italy,Friuli-Venezia Giulia,ITH4,Italy,62208
MAJANO_CAPOLUOGO,46.1759,13.078,2500,10800,Italy,Friuli-Venezia Giulia,ITH4,Italy,1800
MAJANO_FARLA_OVEST,46.1652,13.0666,1500,6480,Italy,Friuli-Venezia Giulia,ITH4,Italy,1080
MANIAGO_LOC_PESCHIERA,46.1676,12.7242,12000,51840,Italy,Friuli-Venezia Giulia,ITH4,Italy,8640
MANZANO_CAPOLUOGO,45.9779,13.3882,6000,25920,Italy,Friuli-Venezia Giulia,ITH4,Italy,4320
MARTIGNACCO_VIA_PICCOLA,46.0873,13.143,7000,30240,Italy,Friuli-Venezia Giulia,ITH4,Italy,5040
MONTEREALE_VIA_D_CHIESA,46.1317,12.6329,3000,12960,Italy,Friuli-Venezia Giulia,ITH4,Italy,2160
MORTEGLIANO_CAPOLUOGO,45.937,13.166,3500,15120,Italy,Friuli-Venezia Giulia,ITH4,Italy,2520
OSOPPO_CAPOLUOGO,46.2501,13.0746,5000,21600,Italy,Friuli-Venezia Giulia,ITH4,Italy,3600
PAGNACCO_PLAINO,46.0962,13.1899,5000,21600,Italy,Friuli-Venezia Giulia,ITH4,Italy,3600
PAGNACCO_VIA_VANELIS_CAPOLUOGO,46.1159,13.1952,3500,15120,Italy,Friuli-Venezia Giulia,ITH4,Italy,2520
PALMANOVA_BORGO_PIAVE,45.9004,13.3287,8000,34560,Italy,Friuli-Venezia Giulia,ITH4,Italy,5760
PASIANO_VIA_ROMA,45.8457,12.6194,3000,12960,Italy,Friuli-Venezia Giulia,ITH4,Italy,2160
PORCIA_VIA_DEL_PLATANO,45.9516,12.6135,15000,64800,Italy,Friuli-Venezia Giulia,ITH4,Italy,10800
PORDENONE_VIA_BURIDA,45.9492,12.6448,50000,216000,Italy,Friuli-Venezia Giulia,ITH4,Italy,36000
PORDENONE_VIA_SAVIO_VALLENONCELLO,45.9232,12.6497,15000,64800,Italy,Friuli-Venezia Giulia,ITH4,Italy,10800
POZZUOLO_TERENZANO,46.0016,13.204,8000,34560,Italy,Friuli-Venezia Giulia,ITH4,Italy,5760
PRADAMANO_LOVARIA,46.0123,13.3095,6000,25920,Italy,Friuli-Venezia Giulia,ITH4,Italy,4320
PRATA_DI_SOTTO_VIA_SAN_GIOVANNI,45.888,12.6039,1200,5184,Italy,Friuli-Venezia Giulia,ITH4,Italy,864
PRATA_VIA_BATTISTINE,45.8845,12.592,1200,5184,Italy,Friuli-Venezia Giulia,ITH4,Italy,864
REANA_DEL_ROIALE_RIZZOLO,46.1326,13.2583,6000,25920,Italy,Friuli-Venezia Giulia,ITH4,Italy,4320
REMANZACCO_CASALI_BATTIFERRO,46.068,13.3303,6000,25920,Italy,Friuli-Venezia Giulia,ITH4,Italy,4320
RIVIGNANO_VIA_CAVOUR,45.8697,13.0468,4000,17280,Italy,Friuli-Venezia Giulia,ITH4,Italy,2880
ROMANS_D_ISONZO,45.8825,13.4266,6900,29808,Italy,Friuli-Venezia Giulia,ITH4,Italy,4968
S_GIOVANNI_BOLZANO,45.9669,13.3846,400,1728,Italy,Friuli-Venezia Giulia,ITH4,Italy,288
S_GIOVANNI_NORD_CASCINA_RINALDI,45.9691,13.418,4300,18576,Italy,Friuli-Venezia Giulia,ITH4,Italy,3096
SACILE_LOC_S_ODORICO,45.9436,12.5049,22000,95040,Italy,Friuli-Venezia Giulia,ITH4,Italy,15840
SAN_DANIELE_COLLETONDOLO,46.1609,13.0233,1500,6480,Italy,Friuli-Venezia Giulia,ITH4,Italy,1080
SAN_DANIELE_TIRO_A_SEGNO,46.1553,13.0188,1100,4752,Italy,Friuli-Venezia Giulia,ITH4,Italy,792
SAN_DANIELE_VILLANOVA_NORD,46.13725,12.95625,20000,86400,Italy,Friuli-Venezia Giulia,ITH4,Italy,14400
SAN_GIORGIO_DI_NOGARO_Z.I._AUSSA_CORNO,45.7602,13.232,698000,3015360,Italy,Friuli-Venezia Giulia,ITH4,Italy,502560
SAN_QUIRINO_SAN_ROCCO,46.023,12.6904,2000,8640,Italy,Friuli-Venezia Giulia,ITH4,Italy,1440
SAN_VITO_AL_TAGLIAMENTO_VIA_ZUCCHERIFICIO,45.9059,12.8503,28000,120960,Italy,Friuli-Venezia Giulia,ITH4,Italy,20160
SAN_VITO_DI_FAGAGNA_SILVELLA,46.0713,13.0595,7500,32400,Italy,Friuli-Venezia Giulia,ITH4,Italy,5400
SAPPADA_LERPA,46.5663,12.6608,6000,25920,Italy,Friuli-Venezia Giulia,ITH4,Italy,4320
SPILIMBERGO_NORD_VIA_DEL_MACELLO_DEPURATORE_COSA,46.107,12.8809,3000,12960,Italy,Friuli-Venezia Giulia,ITH4,Italy,2160
SPILIMBERGO_TAGLIAMENTO_NUOVO,46.0987,12.9106,8000,34560,Italy,Friuli-Venezia Giulia,ITH4,Italy,5760
TALMASSONS_CAPOLUOGO_VIA_ROMA,45.9198,13.1133,3200,13824,Italy,Friuli-Venezia Giulia,ITH4,Italy,2304
TALMASSONS_FLAMBRO,45.924,13.0877,1200,5184,Italy,Friuli-Venezia Giulia,ITH4,Italy,864
TARCENTO_COLLALTO,46.191,13.2032,4000,17280,Italy,Friuli-Venezia Giulia,ITH4,Italy,2880
TARCENTO_MOLINIS,46.1965,13.2319,5000,21600,Italy,Friuli-Venezia Giulia,ITH4,Italy,3600
TARVISIO_CAPOLUOGO_VIA_FERROVIE,46.5057,13.599,4000,17280,Italy,Friuli-Venezia Giulia,ITH4,Italy,2880
TOLMEZZO_CONSORTILE_VIA_DEL_PIOPPETO,46.3901,13.0238,143000,617760,Italy,Friuli-Venezia Giulia,ITH4,Italy,102960
TRICESIMO_MORENA,46.1382,13.22,7000,30240,Italy,Friuli-Venezia Giulia,ITH4,Italy,5040
TRICESIMO_SOIMA,46.16537,13.20371,1900,8208,Italy,Friuli-Venezia Giulia,ITH4,Italy,1368
TRIESTE_SERVOLA,45.6253,13.7789,190000,820800,Italy,Friuli-Venezia Giulia,ITH4,Italy,136800
TRIESTE_ZAULE,45.6116,13.8048,66700,288144,Italy,Friuli-Venezia Giulia,ITH4,Italy,48024
UDINE_VIA_GONARS,46.0252,13.2366,200000,864000,Italy,Friuli-Venezia Giulia,ITH4,Italy,144000
VILLESSE_LOC_SABBIONI,45.846,13.4337,3500,15120,Italy,Friuli-Venezia Giulia,ITH4,Italy,2520
PIGNA,43.926635,7.649361,2500,10800,Italy,Liguria,ITC3,Italy,1800
CERIANA,43.876918,7.780252,3000,12960,Italy,Liguria,ITC3,Italy,2160
DIANO_SAN_PIETRO,43.923935,8.074244,4000,17280,Italy,Liguria,ITC3,Italy,2880
DOLCEDO,43.897317,7.960743,4000,17280,Italy,Liguria,ITC3,Italy,2880
ALASSIO_S_ANNA,44.021118,8.193123,70000,302400,Italy,Liguria,ITC3,Italy,50400
CAPOLUOGO_COASCO,44.048112,8.145645,3500,15120,Italy,Liguria,ITC3,Italy,2520
CONSORZIO_SAVONA,44.288068,8.440588,315328,1362216.96,Italy,Liguria,ITC3,Italy,227036.16
CONSORZIO_VALBORMIDA,44.458602,8.30757,90000,388800,Italy,Liguria,ITC3,Italy,64800
EX_ACNA_CO,44.394804,8.178126,11000,47520,Italy,Liguria,ITC3,Italy,7920
LOC_ANTOGNANO,44.05297,8.224232,90000,388800,Italy,Liguria,ITC3,Italy,64800
LOC_CIMITERO_FINALE_LIG_,44.160219,8.323258,5000,21600,Italy,Liguria,ITC3,Italy,3600
LOC_PATARELLO,44.115313,8.238638,150000,648000,Italy,Liguria,ITC3,Italy,108000
VIA_CRISPI,44.153335,8.284283,70000,302400,Italy,Liguria,ITC3,Italy,50400
DEP_SAN_GIOVANNI,44.38786,8.489551,1830,7905.6,Italy,Liguria,ITC3,Italy,1317.6
DEP_SAN_MARTINO,44.386667,8.523871,1500,6480,Italy,Liguria,ITC3,Italy,1080
DEP_SANTA_GIUSTINA,44.411575,8.484182,500,2160,Italy,Liguria,ITC3,Italy,360
CALIZZANO_CARAGNETTA,44.265567,8.119837,9000,38880,Italy,Liguria,ITC3,Italy,6480
CISANO_LOC_BENASSEA,44.74183,8.159595,2536,10955.52,Italy,Piemonte,ITC1,Italy,1825.92
VALPOCEVERA,44.4165,8.878678,160000,691200,Italy,Liguria,ITC3,Italy,115200
ARENZANO,44.397686,8.686595,30000,129600,Italy,Liguria,ITC3,Italy,21600
CIAZZE,44.21877,9.50866,12000,51840,Italy,Liguria,ITC3,Italy,8640
DARSENA,44.413842,8.923763,220000,950400,Italy,Liguria,ITC3,Italy,158400
ARRESTRA,44.380438,8.635402,16000,69120,Italy,Liguria,ITC3,Italy,11520
LAVAGNA,44.309485,9.333601,40000,172800,Italy,Liguria,ITC3,Italy,28800
LERONE,44.390093,8.663765,17000,73440,Italy,Liguria,ITC3,Italy,12240
PEGLI,44.423866,8.821565,40000,172800,Italy,Liguria,ITC3,Italy,28800
PORTOBELLO,44.267776,9.392251,30000,129600,Italy,Liguria,ITC3,Italy,21600
PRA_VOLTRI,44.426155,8.762479,61500,265680,Italy,Liguria,ITC3,Italy,44280
PRELI,44.321876,9.306964,50000,216000,Italy,Liguria,ITC3,Italy,36000
PUNTA_PEDALE,44.321531,9.216295,36000,155520,Italy,Liguria,ITC3,Italy,25920
PUNTA_S_ANNA,44.359692,9.138203,40000,172800,Italy,Liguria,ITC3,Italy,28800
PUNTA_VAGNO,44.3913,8.951454,250000,1080000,Italy,Liguria,ITC3,Italy,180000
QUINTO,44.384766,9.008913,60000,259200,Italy,Liguria,ITC3,Italy,43200
RIVA_TRIGOSO,44.259327,9.417939,38000,164160,Italy,Liguria,ITC3,Italy,27360
RONCO_NORD,44.620256,8.944352,44000,190080,Italy,Piemonte,ITC1,Italy,31680
ROSSIGLIONE,44.572959,8.668523,15000,64800,Italy,Piemonte,ITC1,Italy,10800
SESTRI_PONENTE,44.416576,8.849216,130000,561600,Italy,Liguria,ITC3,Italy,93600
STURLA,44.39049,8.982043,60000,259200,Italy,Liguria,ITC3,Italy,43200
RAPALLO_LOC_RONCO,44.351096,9.216845,90000,388800,Italy,Liguria,ITC3,Italy,64800
DEPURATORE_CEPARANA,44.157604,9.884688,10000,43200,Italy,Liguria,ITC3,Italy,7200
DEPURATORE_CAMISANO,44.079806,9.961783,60000,259200,Italy,Liguria,ITC3,Italy,43200
PADULETTI,44.09135,10.005561,7500,32400,Italy,Toscana,ITI1,Italy,5400
DEPURATORE_PIANO_DI_FOLLO,44.163104,9.868519,11000,47520,Italy,Liguria,ITC3,Italy,7920
STAGNONI,44.110912,9.859563,100000,432000,Italy,Liguria,ITC3,Italy,72000
DEPURATORE_LOC_PORTONETTI,44.057406,10.02551,18000,77760,Italy,Toscana,ITI1,Italy,12960
DEP_LOC_GHIARETTOLO,44.139005,9.911556,9933,42910.56,Italy,Liguria,ITC3,Italy,7151.76
DEP_LOC_SILEA,44.098705,9.961563,21000,90720,Italy,Liguria,ITC3,Italy,15120
DEIVA_MARINA_LOC_FORNACE,44.214194,9.518246,16274,70303.68,Italy,Liguria,ITC3,Italy,11717.28
MONTEROSSO_FEGINA,44.144652,9.644268,5800,25056,Italy,Liguria,ITC3,Italy,4176
LEVANTO_CAPOLUOGO,44.172066,9.606589,25000,108000,Italy,Liguria,ITC3,Italy,18000
OMEGNA,45.90090803,8.42089031,29000,125280,Italy,Piemonte,ITC1,Italy,20880
SAN MAURIZIO D'OPAGLIO,45.78545685,8.389587868,14500,62640,Italy,Piemonte,ITC1,Italy,10440
LESA,45.81690417,8.55459586,28000,120960,Italy,Piemonte,ITC1,Italy,20160
MERGOZZO,45.96298625,8.435347133,9225,39852,Italy,Piemonte,ITC1,Italy,6642
GRAVELLONA,45.93668128,8.43233967,18000,77760,Italy,Piemonte,ITC1,Italy,12960
VOGOGNA SUD -  LOC. CALAMI,46.00049772,8.298598058,8000,34560,Italy,Piemonte,ITC1,Italy,5760
VOGOGNA NORD - LOC. MASONE,46.0294943,8.279522198,8000,34560,Italy,Piemonte,ITC1,Italy,5760
VILLADOSSOLA,46.05283894,8.264596618,8000,34560,Italy,Piemonte,ITC1,Italy,5760
DOMODOSSOLA,46.09252986,8.296531469,30000,129600,Italy,Piemonte,ITC1,Italy,21600
CANNOBIO,46.06616141,8.692267457,37991,164121.12,Italy,Piemonte,ITC1,Italy,27353.52
VERBANIA,45.93507003,8.559410955,55000,237600,Italy,Piemonte,ITC1,Italy,39600
DORMELLETTO,45.74486191,8.562510189,65000,280800,Italy,Piemonte,ITC1,Italy,46800
BRIGA NOVARESE,45.72065605,8.456342781,40000,172800,Italy,Piemonte,ITC1,Italy,28800
BORGOMANERO - VIA PIOVALE,45.68823995,8.461220815,38000,164160,Italy,Piemonte,ITC1,Italy,27360
FARA NOVARESE,45.546979,8.460118281,50000,216000,Italy,Piemonte,ITC1,Italy,36000
BELLINZAGO NOVARESE,45.56859963,8.671653617,36000,155520,Italy,Piemonte,ITC1,Italy,25920
CERANO,45.40096148,8.809312807,122000,527040,Italy,Piemonte,ITC1,Italy,87840
NOVARA,45.42143178,8.596755907,246000,1062720,Italy,Piemonte,ITC1,Italy,177120
BORGOLAVEZZARO,45.30300363,8.69912221,9500,41040,Italy,Lombardia,ITC4,Italy,6840
MASSAZZA,45.48147819,8.174542483,37000,159840,Italy,Piemonte,ITC1,Italy,26640
SERRAVALLE SESIA,45.65483353,8.340681931,84000,362880,Italy,Piemonte,ITC1,Italy,60480
COSSATO SPOLINA,45.54445002,8.182906904,520000,2246400,Italy,Piemonte,ITC1,Italy,374400
BIELLA SUD - PONDERANO,45.54125599,8.041735676,53000,228960,Italy,Piemonte,ITC1,Italy,38160
BORGOSESIA,45.7097938,8.289012215,5000,21600,Italy,Piemonte,ITC1,Italy,3600
GATTINARA,45.59916575,8.378227958,10000,43200,Italy,Piemonte,ITC1,Italy,7200
VERCELLI,45.3158407,8.435549876,80000,345600,Italy,Piemonte,ITC1,Italy,57600
SANTHIA,45.36392957,8.188965842,10000,43200,Italy,Piemonte,ITC1,Italy,7200
TRONZANO,45.33859106,8.180200412,4000,17280,Italy,Piemonte,ITC1,Italy,2880
CIGLIANO,45.30525879,8.032801543,4200,18144,Italy,Piemonte,ITC1,Italy,3024
BORGO D'ALE - VIA BIANZE',45.33987928,8.069653651,2500,10800,Italy,Piemonte,ITC1,Italy,1800
CRESCENTINO,45.18953876,8.11574888,6000,25920,Italy,Piemonte,ITC1,Italy,4320
SALUGGIA,45.22787723,8.024933106,5000,21600,Italy,Piemonte,ITC1,Italy,3600
CASALE MONFERRATO,45.13853876,8.483759615,58000,250560,Italy,Piemonte,ITC1,Italy,41760
AZEGLIO,45.41822968,7.980067485,5000,21600,Italy,Piemonte,ITC1,Italy,3600
VALENZA,45.01587864,8.656808309,30000,129600,Italy,Piemonte,ITC1,Italy,21600
BIELLA NORD,45.54176103,8.041396874,67000,289440,Italy,Piemonte,ITC1,Italy,48240
BARDONECCHIA,45.07000024,6.718342526,9000,38880,Italy,Piemonte,ITC1,Italy,6480
CASTIGLIONE,45.13679987,7.797724776,3840000,16588800,Italy,Piemonte,ITC1,Italy,2764800
BRANDIZZO,45.17921012,7.854130641,9000,38880,Italy,Piemonte,ITC1,Italy,6480
CHIERI,44.98242634,7.812397339,70000,302400,Italy,Piemonte,ITC1,Italy,50400
VOLVERA - FRAZ. GERBOLE,44.94909341,7.518091884,3200,13824,Italy,Piemonte,ITC1,Italy,2304
CHIVASSO,45.18425805,7.920933587,40000,172800,Italy,Piemonte,ITC1,Italy,28800
MONTALTO DORA,45.48144826,7.860178092,7000,30240,Italy,Piemonte,ITC1,Italy,5040
SAN MAURIZIO CANAVESE,45.18662647,7.607607363,42000,181440,Italy,Piemonte,ITC1,Italy,30240
MAZZE',45.27780251,7.954457148,20000,86400,Italy,Piemonte,ITC1,Italy,14400
NOLE,45.22710609,7.571607057,15000,64800,Italy,Piemonte,ITC1,Italy,10800
MONTANARO,45.22142347,7.850679195,5600,24192,Italy,Piemonte,ITC1,Italy,4032
FELETTO,45.28567734,7.765131929,60290,260452.8,Italy,Piemonte,ITC1,Italy,43408.8
IVREA EST,45.44667803,7.912457197,33000,142560,Italy,Piemonte,ITC1,Italy,23760
STRAMBINO,45.38076509,7.913600071,10000,43200,Italy,Piemonte,ITC1,Italy,7200
BOSCONERO,45.25718065,7.770911465,12000,51840,Italy,Piemonte,ITC1,Italy,8640
RIVARA,45.32002138,7.654156844,18000,77760,Italy,Piemonte,ITC1,Italy,12960
VALPERGA,45.37331159,7.685876242,17600,76032,Italy,Piemonte,ITC1,Italy,12672
LANZO TORINESE,45.26716527,7.499624084,8000,34560,Italy,Piemonte,ITC1,Italy,5760
CARMAGNOLA - FRAZ. SAN BERNARDO,44.84856402,7.684539462,3560,15379.2,Italy,Piemonte,ITC1,Italy,2563.2
CARMAGNOLA - VIA CEIS,44.8669011,7.707107657,38000,164160,Italy,Piemonte,ITC1,Italy,27360
CARIGNANO,44.91222863,7.682045985,9450,40824,Italy,Piemonte,ITC1,Italy,6804
COLLEGNO,45.09249878,7.609943079,267000,1153440,Italy,Piemonte,ITC1,Italy,192240
PIANEZZA,45.08936463,7.562188611,80000,345600,Italy,Piemonte,ITC1,Italy,57600
GIAVENO,45.02529405,7.381442142,28000,120960,Italy,Piemonte,ITC1,Italy,20160
ROSTA,45.08917565,7.481243281,99000,427680,Italy,Piemonte,ITC1,Italy,71280
SESTRIERE,44.97430251,6.901061675,3000,12960,Italy,Piemonte,ITC1,Italy,2160
CESANA TORINESE - FRAZ. MOLLIERES,44.96469131,6.79518383,12300,53136,Italy,Piemonte,ITC1,Italy,8856
TORRE PELLICE,44.81626199,7.222558217,2500,10800,Italy,Piemonte,ITC1,Italy,1800
SCALENGHE,44.88482715,7.509355164,3200,13824,Italy,Piemonte,ITC1,Italy,2304
PISCINA,44.92820893,7.452098058,3000,12960,Italy,Piemonte,ITC1,Italy,2160
PINEROLO,44.88402936,7.360680353,100000,432000,Italy,Piemonte,ITC1,Italy,72000
OSASCO,44.84995359,7.35495572,5441,23505.12,Italy,Piemonte,ITC1,Italy,3917.52
FROSSASCO,44.93492432,7.359076937,3500,15120,Italy,Piemonte,ITC1,Italy,2520
CUMIANA CHISOLA,44.97819465,7.389007623,5000,21600,Italy,Piemonte,ITC1,Italy,3600
VIGONE,44.83596304,7.508791952,5062,21867.84,Italy,Piemonte,ITC1,Italy,3644.64
VILLAFRANCA PIEMONTE,44.78285792,7.511042974,5000,21600,Italy,Piemonte,ITC1,Italy,3600
CAVOUR - VIA ANTICA DI VILLAFRANCA,44.78154911,7.387996108,3750,16200,Italy,Piemonte,ITC1,Italy,2700
CEVA,44.39699742,8.015723023,10000,43200,Italy,Piemonte,ITC1,Italy,7200
CARRU',44.47742089,7.882420912,4500,19440,Italy,Piemonte,ITC1,Italy,3240
CHERASCO,44.65602844,7.86696845,10500,45360,Italy,Piemonte,ITC1,Italy,7560
GENOLA,44.5970431,7.667671768,2800,12096,Italy,Piemonte,ITC1,Italy,2016
MARENE,44.66382405,7.721553905,3000,12960,Italy,Piemonte,ITC1,Italy,2160
MONDOVI',44.40599847,7.848122649,28000,120960,Italy,Piemonte,ITC1,Italy,20160
PIASCO,44.57183358,7.46630753,3400,14688,Italy,Piemonte,ITC1,Italy,2448
REVELLO,44.66068749,7.401624826,2500,10800,Italy,Piemonte,ITC1,Italy,1800
SALUZZO,44.65544173,7.47417566,38000,164160,Italy,Piemonte,ITC1,Italy,27360
SAVIGLIANO,44.66492225,7.659234871,22700,98064,Italy,Piemonte,ITC1,Italy,16344
VERZUOLO,44.6055923,7.491744198,6500,28080,Italy,Piemonte,ITC1,Italy,4680
CUNEO,44.40214904,7.555882787,185000,799200,Italy,Piemonte,ITC1,Italy,133200
CENTALLO,44.51249538,7.590378461,7017,30313.44,Italy,Piemonte,ITC1,Italy,5052.24
BUSCA,44.51669473,7.482400089,9000,38880,Italy,Piemonte,ITC1,Italy,6480
PEVERAGNO,44.33480687,7.62360603,5000,21600,Italy,Piemonte,ITC1,Italy,3600
CHIUSA DI PESIO,44.334972,7.680914,2700,11664,Italy,Piemonte,ITC1,Italy,1944
ENTRACQUE,44.24125338,7.392478802,5000,21600,Italy,Piemonte,ITC1,Italy,3600
CARAGLIO,44.41073131,7.453650182,7000,30240,Italy,Piemonte,ITC1,Italy,5040
DRONERO,44.46606283,7.368055445,7000,30240,Italy,Piemonte,ITC1,Italy,5040
ROCCAFORTE,44.32354607,7.749227037,5500,23760,Italy,Piemonte,ITC1,Italy,3960
VILLANOVA MONDOVI',44.34791973,7.785762033,5000,21600,Italy,Piemonte,ITC1,Italy,3600
FRABOSA SOPRANA - LOC. MONDAGNOLA LUCHET,44.29238457,7.809331209,4800,20736,Italy,Piemonte,ITC1,Italy,3456
GARESSIO,44.23395418,8.016172181,21770,94046.4,Italy,Piemonte,ITC1,Italy,15674.4
GOVONE - FRAZ. CANOVE,44.77520941,8.105697003,240000,1036800,Italy,Piemonte,ITC1,Italy,172800
BRA - LOC. LA BASSA,44.68670287,7.856815588,45000,194400,Italy,Piemonte,ITC1,Italy,32400
CAVALLERMAGGIORE,44.71837638,7.68379846,4000,17280,Italy,Piemonte,ITC1,Italy,2880
CANALE - LOC. CIMITERO,44.79676946,8.003275693,5000,21600,Italy,Piemonte,ITC1,Italy,3600
SANTO STEFANO BELBO,44.71157899,8.254945926,121583,525238.56,Italy,Piemonte,ITC1,Italy,87539.76
MONTA',44.82390946,7.937729824,3000,12960,Italy,Piemonte,ITC1,Italy,2160
VICOFORTE,44.35711154,7.848273683,4000,17280,Italy,Piemonte,ITC1,Italy,2880
SOMMARIVA DEL BOSCO,44.77645738,7.764727943,4500,19440,Italy,Piemonte,ITC1,Italy,3240
CANALE - LOC. VALPONE,44.80463573,8.031383113,4800,20736,Italy,Piemonte,ITC1,Italy,3456
CARAMAGNA PIEMONTE,44.78825633,7.7375321,3633,15694.56,Italy,Piemonte,ITC1,Italy,2615.76
RACCONIGI,44.77921345,7.681471114,12000,51840,Italy,Piemonte,ITC1,Italy,8640
MORETTA,44.77416438,7.535471424,5000,21600,Italy,Piemonte,ITC1,Italy,3600
BARGE,44.72236605,7.367484306,15000,64800,Italy,Piemonte,ITC1,Italy,10800
SAN SALVATORE MONFERRATO,44.98661737,8.559477684,3000,12960,Italy,Piemonte,ITC1,Italy,2160
ASTI,44.89045982,8.225011851,95000,410400,Italy,Piemonte,ITC1,Italy,68400
VILLANOVA D'ASTI,44.93625627,7.933875221,7500,32400,Italy,Piemonte,ITC1,Italy,5400
VILLAFRANCA D'ASTI,44.90451439,8.051390215,3000,12960,Italy,Piemonte,ITC1,Italy,2160
SAN DAMIANO D'ASTI,44.84234833,8.077028488,8000,34560,Italy,Piemonte,ITC1,Italy,5760
CALAMANDRANA,44.7438583,8.331867321,6400,27648,Italy,Piemonte,ITC1,Italy,4608
INCISA SCAPACCINO,44.81053365,8.381160672,6000,25920,Italy,Piemonte,ITC1,Italy,4320
CANELLI,44.7214852,8.301356392,21000,90720,Italy,Piemonte,ITC1,Italy,15120
NIZZA MONFERRATO,44.77685914,8.374263949,30000,129600,Italy,Piemonte,ITC1,Italy,21600
TORTONA,44.91793333,8.871910778,83000,358560,Italy,Piemonte,ITC1,Italy,59760
CASSANO SPINOLA,44.76833188,8.852247839,100000,432000,Italy,Piemonte,ITC1,Italy,72000
BASALUZZO,44.76211497,8.680490599,50000,216000,Italy,Piemonte,ITC1,Italy,36000
ACQUI TERME,44.67518114,8.486292511,45000,194400,Italy,Piemonte,ITC1,Italy,32400
CASSINE,44.74958127,8.536772558,2800,12096,Italy,Piemonte,ITC1,Italy,2016
NOVI LIGURE,44.78644547,8.757487413,89386,386147.52,Italy,Piemonte,ITC1,Italy,64357.92
OVADA,44.65264141,8.649957116,18000,77760,Italy,Piemonte,ITC1,Italy,12960
CASTELNUOVO SCRIVIA,44.9902527,8.878348152,12697,54851.04,Italy,Lombardia,ITC4,Italy,9141.84
BISTAGNO,44.65335321,8.376542937,11000,47520,Italy,Piemonte,ITC1,Italy,7920
CASTELLAZZO BORMIDA,44.85156926,8.589706607,7000,30240,Italy,Piemonte,ITC1,Italy,5040
ALESSANDRIA - FRAZ. LOBBI,44.93578072,8.626914409,4800,20736,Italy,Piemonte,ITC1,Italy,3456
SALE,44.98852053,8.813500516,5000,21600,Italy,Lombardia,ITC4,Italy,3600
ALESSANDRIA - LOC. ORTI,44.93812257,8.704574102,110000,475200,Italy,Piemonte,ITC1,Italy,79200
BORGHETTO BORBERA,44.72495032,8.924951357,5100,22032,Italy,Piemonte,ITC1,Italy,3672
FOSSANO - LOC. STURA,44.55877065,7.757185322,30000,129600,Italy,Piemonte,ITC1,Italy,21600
FRABOSA SOTTANA - LOC. PRATO NEVOSO,44.25995386,7.780935099,8200,35424,Italy,Piemonte,ITC1,Italy,5904
FRUGAROLO,44.8432978,8.672677139,12500,54000,Italy,Piemonte,ITC1,Italy,9000
LIVORNO FERRARIS,45.27230039,8.092199519,5000,21600,Italy,Piemonte,ITC1,Italy,3600
PAESANA,44.68134446,7.279975058,3000,12960,Italy,Piemonte,ITC1,Italy,2160
BEINETTE,44.36795357,7.658398315,4100,17712,Italy,Piemonte,ITC1,Italy,2952
BRA - LOC. BANDITO,44.73282156,7.806452646,2300,9936,Italy,Piemonte,ITC1,Italy,1656
CAFASSE,45.23712381,7.536945891,4500,19440,Italy,Piemonte,ITC1,Italy,3240
CAVOUR - FRAZ. CASTELLAZZO,44.82728535,7.404432132,20000,86400,Italy,Piemonte,ITC1,Italy,14400
NARZOLE,44.60474171,7.876422587,20000,86400,Italy,Piemonte,ITC1,Italy,14400
NEIVE,44.72513236,8.124043135,3811,16463.52,Italy,Piemonte,ITC1,Italy,2743.92
SANFRE',44.74898144,7.791896605,3000,12960,Italy,Piemonte,ITC1,Italy,2160
CAVAGLIA,45.40420659,8.105799639,4000,17280,Italy,Piemonte,ITC1,Italy,2880
BIBIANA - LOC. BOSI,44.7930415,7.303479975,4000,17280,Italy,Piemonte,ITC1,Italy,2880
ALICE CASTELLO - LOC. CASCINA BENNA,44.36513,8.105491,2400,10368,Italy,Piemonte,ITC1,Italy,1728
BENE VAGIENNA,44.546845,7.83962,2000,8640,Italy,Piemonte,ITC1,Italy,1440
CASTELNUOVO DON BOSCO,45.041293,7.966712,4000,17280,Italy,Piemonte,ITC1,Italy,2880
ALICE BEL COLLE,44.714021,8.448961,10000,43200,Italy,Piemonte,ITC1,Italy,7200
CARESANABLOT,45.35520907,8.402677894,5000,21600,Italy,Piemonte,ITC1,Italy,3600
CERRIONE,45.46714551,8.094158045,11000,47520,Italy,Piemonte,ITC1,Italy,7920
TRINO,45.1949326,8.30623183,9000,38880,Italy,Piemonte,ITC1,Italy,6480
VEROLENGO,45.18396278,7.970240693,5000,21600,Italy,Piemonte,ITC1,Italy,3600
CERES,45.31614905,7.391935103,8000,34560,Italy,Piemonte,ITC1,Italy,5760
CALTIGNAGA,45.50942147,8.597198184,3000,12960,Italy,Piemonte,ITC1,Italy,2160
MANTA,44.62545458,7.495592032,4000,17280,Italy,Piemonte,ITC1,Italy,2880
OULX - LOC. GAD,45.0473343,6.855331303,10088,43580.16,Italy,Piemonte,ITC1,Italy,7263.36
PECETTO TORINESE,44.99269236,7.77138508,4000,17280,Italy,Piemonte,ITC1,Italy,2880
RE - LOC. MEIS,46.13357346,8.558315789,9000,38880,Italy,Piemonte,ITC1,Italy,6480
NONE - ASSARTI,44.93231973,7.555776027,33000,142560,Italy,Piemonte,ITC1,Italy,23760
IVREA - SAN BERNARDO,45.427462,7.889558,31340,135388.8,Italy,Piemonte,ITC1,Italy,22564.8
ACCADIA,41.1559,15.3367,3000,12960,Italy,Campania,ITF3,Italy,2160
ALBERONA,41.4369,15.1262,1500,6480,Italy,Puglia,ITF4,Italy,1080
ANZANO_DI_PUGLIA,41.0972,15.2863,3000,12960,Italy,Campania,ITF3,Italy,2160
APRICENA,41.7682,15.4423,13800,59616,Italy,Puglia,ITF4,Italy,9936
ASCOLI_SATRIANO_1,41.2081,15.5543,12000,51840,Italy,Puglia,ITF4,Italy,8640
ASCOLI_SATRIANO_2,41.2108,15.5635,4000,17280,Italy,Puglia,ITF4,Italy,2880
BICCARI,41.4064,15.1965,4500,19440,Italy,Puglia,ITF4,Italy,3240
BOVINO_NUOVO,41.272023,15.363599,4650,20088,Italy,Puglia,ITF4,Italy,3348
CAGNANO_VARANO,41.8365,15.7767,6500,28080,Italy,Puglia,ITF4,Italy,4680
CANDELA,41.1409,15.5292,2823,12195.36,Italy,Puglia,ITF4,Italy,2032.56
CARAPELLE,41.3711,15.6959,7000,30240,Italy,Puglia,ITF4,Italy,5040
CARLANTINO,41.5969,14.9813,1324,5719.68,Italy,Molise,ITF2,Italy,953.28
CARPINO,41.8506,15.8461,7000,30240,Italy,Puglia,ITF4,Italy,5040
CASALNUOVO_MONTEROTARO,41.624,15.1076,4000,17280,Italy,Puglia,ITF4,Italy,2880
CASALVECCHIO_DI_PUGLIA,41.596,15.1171,2187,9447.84,Italy,Puglia,ITF4,Italy,1574.64
CASTELLUCCIO_DEI_SAURI,41.3103,15.4708,2000,8640,Italy,Puglia,ITF4,Italy,1440
CASTELLUCCIO_VALMAGGIORE,41.3486,15.2094,3449,14899.68,Italy,Puglia,ITF4,Italy,2483.28
CASTELNUOVO_DELLA_DAUNIA_NUOVO,41.5814,15.1253,4510,19483.2,Italy,Puglia,ITF4,Italy,3247.2
CELENZA_VALFORTORE_NUOVO,41.5519,14.9736,2091,9033.12,Italy,Molise,ITF2,Italy,1505.52
CERIGNOLA,41.2812,15.9109,83295,359834.4,Italy,Puglia,ITF4,Italy,59972.4
CHIEUTI,41.8489,15.1645,2500,10800,Italy,Puglia,ITF4,Italy,1800
DELICETO,41.2208,15.4056,4200,18144,Italy,Puglia,ITF4,Italy,3024
FAETO_1,41.32,15.1642,3000,12960,Italy,Puglia,ITF4,Italy,2160
FAETO_2,41.2911,15.1629,1500,6480,Italy,Puglia,ITF4,Italy,1080
FOGGIA,41.4807,15.5975,208000,898560,Italy,Puglia,ITF4,Italy,149760
ISCHITELLA_NUOVO,41.905229,15.890314,8294,35830.08,Italy,Puglia,ITF4,Italy,5971.68
LESINA,41.8528,15.3681,15000,64800,Italy,Puglia,ITF4,Italy,10800
LESINA_2_MARINA,41.9055,15.3439,20000,86400,Italy,Puglia,ITF4,Italy,14400
LUCERA_A_LOCALITA_MACELLO,41.5147,15.3442,27013,116696.16,Italy,Puglia,ITF4,Italy,19449.36
LUCERA_B_VALLE_CRUSCA,41.4923,15.3224,18000,77760,Italy,Puglia,ITF4,Italy,12960
MANFREDONIA,41.6004,15.8751,89724,387607.68,Italy,Puglia,ITF4,Italy,64601.28
MONTELEONE_DI_PUGLIA,41.1673,15.2529,2750,11880,Italy,Campania,ITF3,Italy,1980
MONTE_SANT_ANGELO_A,41.6976,15.9597,11750,50760,Italy,Puglia,ITF4,Italy,8460
MONTE_SANT_ANGELO_B,41.6963,15.9694,9730,42033.6,Italy,Puglia,ITF4,Italy,7005.6
ORDONA,41.323,15.6239,3634,15698.88,Italy,Puglia,ITF4,Italy,2616.48
ORSARA_DI_PUGLIA,41.2757,15.2587,3261,14087.52,Italy,Puglia,ITF4,Italy,2347.92
ORTANOVA,41.3407,15.7102,23500,101520,Italy,Puglia,ITF4,Italy,16920
PANNI,41.2223,15.2803,1969,8506.08,Italy,Puglia,ITF4,Italy,1417.68
PIETRA_MONTECORVINO,41.5376,15.1292,3479,15029.28,Italy,Puglia,ITF4,Italy,2504.88
RIGNANO_GARGANICO,41.6697,15.5967,3200,13824,Italy,Puglia,ITF4,Italy,2304
ROCCHETTA_SANT_ANTONIO,41.1069,15.4438,2200,9504,Italy,Campania,ITF3,Italy,1584
RODI_GARGANICO_1,41.9249,15.8708,25000,108000,Italy,Puglia,ITF4,Italy,18000
ROSETO_VALFORTORE,41.3699,15.088,2700,11664,Italy,Puglia,ITF4,Italy,1944
SAN_GIOVANNI_ROTONDO_NUOVO,41.680833,15.72,45600,196992,Italy,Puglia,ITF4,Italy,32832
SAN_MARCO_IN_LAMIS_NUOVO,41.715701,15.545698,25000,108000,Italy,Puglia,ITF4,Italy,18000
SAN_MARCO_LA_CATOLA,41.5183,15.0127,3200,13824,Italy,Molise,ITF2,Italy,2304
SANNICANDRO_GARGANICO,41.8457,15.5636,25000,108000,Italy,Puglia,ITF4,Italy,18000
SAN_PAOLO_DI_CIVITATE,41.7301,15.2651,7500,32400,Italy,Puglia,ITF4,Italy,5400
SAN_SEVERO,41.6682,15.4059,88000,380160,Italy,Puglia,ITF4,Italy,63360
SANT_AGATA_DI_PUGLIA,41.148,15.3836,6400,27648,Italy,Puglia,ITF4,Italy,4608
SERRACAPRIOLA,41.7967,15.1629,5400,23328,Italy,Puglia,ITF4,Italy,3888
STORNARA,41.2909,15.7665,6668,28805.76,Italy,Puglia,ITF4,Italy,4800.96
STORNARELLA,41.2619,15.7331,7823,33795.36,Italy,Puglia,ITF4,Italy,5632.56
TROIA,41.3593,15.3224,7800,33696,Italy,Puglia,ITF4,Italy,5616
VICO_GARGANICO,41.8992,15.9509,15000,64800,Italy,Puglia,ITF4,Italy,10800
VOLTURINO,41.478,15.1294,1979,8549.28,Italy,Puglia,ITF4,Italy,1424.88
ZAPPONETA,41.4501,15.9704,6500,28080,Italy,Puglia,ITF4,Italy,4680
ANDRIA,41.2449,16.2766,149050,643896,Italy,Puglia,ITF4,Italy,107316
BARLETTA,41.3257,16.2494,129356,558817.92,Italy,Puglia,ITF4,Italy,93136.32
BISCEGLIE,41.2361,16.5196,85714,370284.48,Italy,Puglia,ITF4,Italy,61714.08
CANOSA_1,41.2301,16.0393,48630,210081.6,Italy,Puglia,ITF4,Italy,35013.6
MARGHERITA_DI_SAVOIA,41.371,16.1599,23985,103615.2,Italy,Puglia,ITF4,Italy,17269.2
MINERVINO_MURGE,41.095,16.0698,15807,68286.24,Italy,Puglia,ITF4,Italy,11381.04
SAN_FERDINANDO_DI_PUGLIA,41.2837,16.0721,14473,62523.36,Italy,Puglia,ITF4,Italy,10420.56
SPINAZZOLA_NUOVO,40.9708,16.0812,10076,43528.32,Italy,Basilicata,ITF5,Italy,7254.72
TRANI,41.2829,16.4083,83667,361441.44,Italy,Puglia,ITF4,Italy,60240.24
TRINITAPOLI,41.3622,16.0851,21024,90823.68,Italy,Puglia,ITF4,Italy,15137.28
ACQUAVIVA_DELLE_FONTI_NUOVO,40.9272,16.8496,30500,131760,Italy,Puglia,ITF4,Italy,21960
ALBEROBELLO,40.7798,17.2498,12449,53779.68,Italy,Puglia,ITF4,Italy,8963.28
ALTAMURA,40.8167,16.5846,95414,412188.48,Italy,Puglia,ITF4,Italy,68698.08
BARI_EST,41.0932,16.9165,389000,1680480,Italy,Puglia,ITF4,Italy,280080
BARI_OVEST,41.1251,16.8121,360000,1555200,Italy,Puglia,ITF4,Italy,259200
BITONTO,41.1033,16.7065,79332,342714.24,Italy,Puglia,ITF4,Italy,57119.04
CASAMASSIMA_NUOVO,40.988745,16.92388,17000,73440,Italy,Puglia,ITF4,Italy,12240
CASSANO_DELLE_MURGE_NUOVO,40.9083,16.785,20885,90223.2,Italy,Puglia,ITF4,Italy,15037.2
CASTELLANA_GROTTE_NUOVO,40.8892,17.1831,18500,79920,Italy,Puglia,ITF4,Italy,13320
CONVERSANO,40.979,17.1113,35783,154582.56,Italy,Puglia,ITF4,Italy,25763.76
CORATO,41.1567,16.4244,45717,197497.44,Italy,Puglia,ITF4,Italy,32916.24
GIOIA_DEL_COLLE_B,40.8037,16.9348,40800,176256,Italy,Puglia,ITF4,Italy,29376
GIOVINAZZO,41.1773,16.6854,24000,103680,Italy,Puglia,ITF4,Italy,17280
GRAVINA_IN_PUGLIA,40.7833,16.425,56964,246084.48,Italy,Basilicata,ITF5,Italy,41014.08
LOCOROTONDO,40.764,17.3318,9000,38880,Italy,Puglia,ITF4,Italy,6480
MOLA_DI_BARI,41.0521,17.1038,26623,115011.36,Italy,Puglia,ITF4,Italy,19168.56
MOLFETTA,41.2062,16.5733,84803,366348.96,Italy,Puglia,ITF4,Italy,61058.16
MONOPOLI,40.9653,17.282,64695,279482.4,Italy,Puglia,ITF4,Italy,46580.4
NOCI_NUOVO,40.790836,17.080063,25390,109684.8,Italy,Puglia,ITF4,Italy,18280.8
POLIGNANO_A_MARE,40.9907,17.2354,22424,96871.68,Italy,Puglia,ITF4,Italy,16145.28
PUTIGNANO,40.8473,17.1092,37367,161425.44,Italy,Puglia,ITF4,Italy,26904.24
RUVO_DI_PUGLIA,41.1575,16.5214,70965,306568.8,Italy,Puglia,ITF4,Italy,51094.8
SAMMICHELE_DI_BARI,40.8962,16.9581,11072,47831.04,Italy,Puglia,ITF4,Italy,7971.84
SANTERAMO_IN_COLLE,40.7963,16.7757,39460,170467.2,Italy,Puglia,ITF4,Italy,28411.2
TURI,40.9342,17.0023,17305,74757.6,Italy,Puglia,ITF4,Italy,12459.6
AVETRANA,40.3306,17.7431,8400,36288,Italy,Puglia,ITF4,Italy,6048
CASTELLANETA,40.6246,16.943,24200,104544,Italy,Puglia,ITF4,Italy,17424
CASTELLANETA_MARINA,40.4761,16.9232,60000,259200,Italy,Puglia,ITF4,Italy,43200
CHIATONA,40.5234,17.04846,6000,25920,Italy,Puglia,ITF4,Italy,4320
CRISPIANO,40.5929,17.2249,16375,70740,Italy,Puglia,ITF4,Italy,11790
FAGGIANO,40.4226,17.3784,4628,19992.96,Italy,Puglia,ITF4,Italy,3332.16
GINOSA,40.5554,16.7772,25000,108000,Italy,Basilicata,ITF5,Italy,18000
GINOSA_MARINA,40.4189,16.8605,30000,129600,Italy,Puglia,ITF4,Italy,21600
LATERZA,40.6133,16.8017,18078,78096.96,Italy,Puglia,ITF4,Italy,13016.16
LIZZANO,40.3711,17.4341,35198,152055.36,Italy,Puglia,ITF4,Italy,25342.56
MANDURIA,40.3981,17.6542,47789,206448.48,Italy,Puglia,ITF4,Italy,34408.08
MARTINA_FRANCA,40.7228,17.3252,47023,203139.36,Italy,Puglia,ITF4,Italy,33856.56
MARUGGIO,40.3134,17.5757,18000,77760,Italy,Puglia,ITF4,Italy,12960
MASSAFRA,40.5684,17.1112,41458,179098.56,Italy,Puglia,ITF4,Italy,29849.76
MONTEIASI,40.4945,17.3894,49566,214125.12,Italy,Puglia,ITF4,Italy,35687.52
MONTEMESOLA,40.5632,17.3467,6000,25920,Italy,Puglia,ITF4,Italy,4320
MOTTOLA,40.6338,17.053,19368,83669.76,Italy,Puglia,ITF4,Italy,13944.96
PALAGIANELLO,40.6013,16.9718,10000,43200,Italy,Puglia,ITF4,Italy,7200
PALAGIANO,40.5693,17.0425,15830,68385.6,Italy,Puglia,ITF4,Italy,11397.6
PULSANO_NUOVO,40.4007,17.3493,34833,150478.56,Italy,Puglia,ITF4,Italy,25079.76
SAN_GIORGIO_JONICO,40.4709,17.3859,32164,138948.48,Italy,Puglia,ITF4,Italy,23158.08
TARANTO_BELLAVISTA,40.4977,17.1829,116723,504243.36,Italy,Puglia,ITF4,Italy,84040.56
TARANTO_GENNARINI,40.4288,17.2553,226667,979201.44,Italy,Puglia,ITF4,Italy,163200.24
TORRICELLA,40.3238,17.4901,10000,43200,Italy,Puglia,ITF4,Italy,7200
CAROVIGNO_CONSORTILE,40.7172,17.746184,69805,301557.6,Italy,Puglia,ITF4,Italy,50259.6
CEGLIE_MESSAPICA,40.6323,17.5396,33279,143765.28,Italy,Puglia,ITF4,Italy,23960.88
CISTERNINO,40.7345,17.4335,12203,52716.96,Italy,Puglia,ITF4,Italy,8786.16
FASANO_FORCATELLE,40.8471,17.4345,43845,189410.4,Italy,Puglia,ITF4,Italy,31568.4
FRANCAVILLA_FONTANA,40.5402,17.5738,49142,212293.44,Italy,Puglia,ITF4,Italy,35382.24
LATIANO,40.562,17.7233,21599,93307.68,Italy,Puglia,ITF4,Italy,15551.28
MESAGNE,40.5684,17.8023,38008,164194.56,Italy,Puglia,ITF4,Italy,27365.76
ORIA,40.4904,17.6575,22461,97031.52,Italy,Puglia,ITF4,Italy,16171.92
OSTUNI,40.7722,17.5961,64912,280419.84,Italy,Puglia,ITF4,Italy,46736.64
SANDONACI,40.4399,17.9145,7700,33264,Italy,Puglia,ITF4,Italy,5544
SAN_PANCRAZIO_SALENTINO,40.4246,17.8633,14030,60609.6,Italy,Puglia,ITF4,Italy,10101.6
SAN_PIETRO_VERNOTICO,40.49,18.0106,30451,131548.32,Italy,Puglia,ITF4,Italy,21924.72
TORCHIAROLO,40.5144,18.0751,22800,98496,Italy,Puglia,ITF4,Italy,16416
TORRE_SANTA_SUSANNA,40.4509,17.761,28749,124195.68,Italy,Puglia,ITF4,Italy,20699.28
VILLA_CASTELLI,40.5737,17.4739,8774,37903.68,Italy,Puglia,ITF4,Italy,6317.28
ARADEO,40.1357,18.1332,10000,43200,Italy,Puglia,ITF4,Italy,7200
CARMIANO,40.3592,18.0481,16543,71465.76,Italy,Puglia,ITF4,Italy,11910.96
CARPIGNANO_SALENTINO,40.2244,18.34582,16651,71932.32,Italy,Puglia,ITF4,Italy,11988.72
CASARANO_NUOVO,40.00483078,18.14203769,58894,254422.08,Italy,Puglia,ITF4,Italy,42403.68
CASTRO,40.0229,18.3835,24496,105822.72,Italy,Puglia,ITF4,Italy,17637.12
COLLEPASSO,40.0821,18.1531,7285,31471.2,Italy,Puglia,ITF4,Italy,5245.2
COPERTINO,40.2411,18.0384,68173,294507.36,Italy,Puglia,ITF4,Italy,49084.56
GALATINA,40.1853,18.1892,34100,147312,Italy,Puglia,ITF4,Italy,24552
GALATONE,40.1578,18.0643,23389,101040.48,Italy,Puglia,ITF4,Italy,16840.08
GALLIPOLI,40.0679,18.0252,79000,341280,Italy,Puglia,ITF4,Italy,56880
LECCE,40.3655,18.2249,195368,843989.76,Italy,Puglia,ITF4,Italy,140664.96
LIZZANELLO,40.3055,18.2243,30103,130044.96,Italy,Puglia,ITF4,Italy,21674.16
MAGLIE_CONSORTILE,40.1272,18.2773,73630,318081.6,Italy,Puglia,ITF4,Italy,53013.6
MELENDUGNO,40.2974,18.3829,43662,188619.84,Italy,Puglia,ITF4,Italy,31436.64
MONTESANO_SALENTINO,39.9924,18.3172,9836,42491.52,Italy,Puglia,ITF4,Italy,7081.92
MORCIANO_DI_LEUCA,39.8419,18.2963,24689,106656.48,Italy,Puglia,ITF4,Italy,17776.08
NARDO,40.1935,17.9672,78268,338117.76,Italy,Puglia,ITF4,Italy,56352.96
NEVIANO,40.1122,18.1272,7000,30240,Italy,Puglia,ITF4,Italy,5040
NOVOLI,40.3715,18.0379,10932,47226.24,Italy,Puglia,ITF4,Italy,7871.04
POGGIARDO,40.0414,18.3771,9800,42336,Italy,Puglia,ITF4,Italy,7056
PRESICCE,39.8766,18.2917,15872,68567.04,Italy,Puglia,ITF4,Italy,11427.84
SALICE_SALENTINO,40.4038,17.9883,26714,115404.48,Italy,Puglia,ITF4,Italy,19234.08
SAN_CESARIO_DI_LECCE,40.3164,18.1581,36830,159105.6,Italy,Puglia,ITF4,Italy,26517.6
SPECCHIA,39.941,18.3063,4989,21552.48,Italy,Puglia,ITF4,Italy,3592.08
SQUINZANO,40.4426,18.0566,30033,129742.56,Italy,Puglia,ITF4,Italy,21623.76
SUPERSANO,40.0129,18.2679,16070,69422.4,Italy,Puglia,ITF4,Italy,11570.4
TAURISANO,39.9322,18.244,13000,56160,Italy,Puglia,ITF4,Italy,9360
TAVIANO,39.9951,18.073,31500,136080,Italy,Puglia,ITF4,Italy,22680
TRICASE_NUOVO,39.9259,18.3711,25914,111948.48,Italy,Puglia,ITF4,Italy,18658.08
UGENTO_NUOVO,39.9214,18.13,42507,183630.24,Italy,Puglia,ITF4,Italy,30605.04
UGGIANO_LA_CHIESA,40.0898,18.4698,16000,69120,Italy,Puglia,ITF4,Italy,11520
VERNOLE,40.288,18.2855,13617,58825.44,Italy,Puglia,ITF4,Italy,9804.24
ZOLLINO,40.2064,18.236,5004,21617.28,Italy,Puglia,ITF4,Italy,3602.88
CASTELSARDO_LOC_LU_BAGNU,40.90133,8.69108,5000,21600,Italy,Sardegna,ITG2,Italy,3600
OSILO_LOC_CALABONA,40.74552,8.67827,4300,18576,Italy,Sardegna,ITG2,Italy,3096
CUGNANA_VERDE,41.023,9.50729,4200,18144,Italy,Sardegna,ITG2,Italy,3024
PLOAGHE_IMPIANTO_ISCALA_DE_CHESSA,40.65966,8.73323,6900,29808,Italy,Sardegna,ITG2,Italy,4968
SANTU_LUSSURGIU_LOC_SOS_MOLINOS,40.13465,8.65472,4000,17280,Italy,Sardegna,ITG2,Italy,2880
MEANA_SARDO_LOC_FLUMINI,39.94144,9.06718,1400,6048,Italy,Sardegna,ITG2,Italy,1008
GEREMEAS_LOC_MONASTERO,39.17545,9.38277,145,626.4,Italy,Sardegna,ITG2,Italy,104.4
PLATAMONA_CAMPING_GOLFO_DELL_ASINARA,40.81706,8.48358,1400,6048,Italy,Sardegna,ITG2,Italy,1008
PLATAMONA_RESIDENCE_PLATAMONA,40.81669,8.48885,850,3672,Italy,Sardegna,ITG2,Italy,612
PLATAMONA_HOTEL_DEL_GOLFO,40.82089,8.50921,200,864,Italy,Sardegna,ITG2,Italy,144
PLATAMONA_VILLAGGIO_LA_PLATA,40.82108,8.51456,350,1512,Italy,Sardegna,ITG2,Italy,252
PLATAMONA_CONDOMINIO_CASA_MARE,40.81999,8.49116,400,1728,Italy,Sardegna,ITG2,Italy,288
PLATAMONA_HOTEL_VILLAGGIO_DEI_PINI,40.8187,8.48406,500,2160,Italy,Sardegna,ITG2,Italy,360
SORSO_SENNORI_IMPIANTO_CONSORTILE_PEDRUGNANO,40.81669,8.57009,54500,235440,Italy,Sardegna,ITG2,Italy,39240
BUDONI_LOC_MURRAI,40.70828,9.6726,40000,172800,Italy,Sardegna,ITG2,Italy,28800
ZIR_CHILIVANI,40.62067,8.9466,22500,97200,Italy,Sardegna,ITG2,Italy,16200
PATTADA,40.58423,9.12772,6000,25920,Italy,Sardegna,ITG2,Italy,4320
BUDDUSO_LOC_SA_TANCHITTA,40.58258,9.25133,6728,29064.96,Italy,Sardegna,ITG2,Italy,4844.16
ALA_DEI_SARDI_LOC_SAS_MELAS,40.64914,9.33573,2600,11232,Italy,Sardegna,ITG2,Italy,1872
POSADA,40.63476,9.72889,25000,108000,Italy,Sardegna,ITG2,Italy,18000
TORPE_LOC_LA_POZZA,40.63478,9.68484,2779,12005.28,Italy,Sardegna,ITG2,Italy,2000.88
SINISCOLA_LOC_ABBA_FRITTA,40.58644,9.74529,27470,118670.4,Italy,Sardegna,ITG2,Italy,19778.4
CALA_LIBEROTTO_LOC_SOS_ALINOS_SU_MUTRUCONE,40.43258,9.75844,2000,8640,Italy,Sardegna,ITG2,Italy,1440
ONANI_LOC_SA_PLENETESSA,40.48342,9.43026,12000,51840,Italy,Sardegna,ITG2,Italy,8640
MORES_LOC_ARZOLAS,40.53992,8.82701,4500,19440,Italy,Sardegna,ITG2,Italy,3240
CASTELSARDO_LOC_LA_VIGNACCIA,40.91513,8.71626,8000,34560,Italy,Sardegna,ITG2,Italy,5760
CASTELSARDO_LOC_LUNGOMARE_ANGLONA,40.91389,8.7067,2000,8640,Italy,Sardegna,ITG2,Italy,1440
BENETUTTI_SA_MANNA_E_GIOSSO,40.45635,9.14733,5500,23760,Italy,Sardegna,ITG2,Italy,3960
BOLOTANA_LOC_TUVU_NUVOLE,40.30564,8.97663,3625,15660,Italy,Sardegna,ITG2,Italy,2610
OROTELLI_LOC_CRAPILES,40.29633,9.1131,2600,11232,Italy,Sardegna,ITG2,Italy,1872
SILANUS_LOC_CRABIELLE,40.27861,8.90336,2516,10869.12,Italy,Sardegna,ITG2,Italy,1811.52
BORTIGALI_LOC_TIRIANI,40.28137,8.84548,2500,10800,Italy,Sardegna,ITG2,Italy,1800
MACOMER_CONSORZIO_INDUSTRIALE,40.24404,8.77864,136600,590112,Italy,Sardegna,ITG2,Italy,98352
BOSA_LOC_TORRIDI,40.30465,8.49134,21500,92880,Italy,Sardegna,ITG2,Italy,15480
CUGLIERI_LOC_CALA_MEDA,40.1926,8.55735,4639,20040.48,Italy,Sardegna,ITG2,Italy,3340.08
CUGLIERI_SANTA_CATERINA_DI_PITTINURI,40.09969,8.50156,11509,49718.88,Italy,Sardegna,ITG2,Italy,8286.48
ORANI_LOC_S_ISCALA_SU_PONTI,40.24126,9.1391,4000,17280,Italy,Sardegna,ITG2,Italy,2880
OTTANA_TAS,40.23309,9.00859,92103,397884.96,Italy,Sardegna,ITG2,Italy,66314.16
BORORE_LOC_GIAGA_E_CORTE,40.206,8.80226,3296,14238.72,Italy,Sardegna,ITG2,Italy,2373.12
SEDILO_LOC_PUTZOLA,40.16481,8.92041,3870,16718.4,Italy,Sardegna,ITG2,Italy,2786.4
ABBASANTA,40.12837,8.83526,23224,100327.68,Italy,Sardegna,ITG2,Italy,16721.28
PAULILATINO_LOC_SU_PRANU,40.07728,8.76205,3000,12960,Italy,Sardegna,ITG2,Italy,2160
S_VERO_MILIS_LOC_SU_PADRIGHEDDU,40.01125,8.59004,2700,11664,Italy,Sardegna,ITG2,Italy,1944
MARINA_DI_NARBOLIA_LOC_IS_ARENAS,40.07239,8.48519,2000,8640,Italy,Sardegna,ITG2,Italy,1440
S_VERO_MILIS_LOC_SALE_PORCUS_MARINA,40.02338,8.43116,20000,86400,Italy,Sardegna,ITG2,Italy,14400
ORISTANO_LOC_CIRRAS_Z_I_SANTA_GIUSTA,39.87063,8.56341,79423,343107.36,Italy,Sardegna,ITG2,Italy,57184.56
ORISTANO_TORREGRANDE,39.90072,8.54015,15000,64800,Italy,Sardegna,ITG2,Italy,10800
SORGONO,40.01894,9.09918,3500,15120,Italy,Sardegna,ITG2,Italy,2520
TONARA_LOC_CHILISSARI,40.02051,9.17785,2500,10800,Italy,Sardegna,ITG2,Italy,1800
TONARA_LOC_ISTUSILE,40.02815,9.16714,1630,7041.6,Italy,Sardegna,ITG2,Italy,1173.6
DESULO_LOC_PERDALONGA,40.00076,9.22071,4800,20736,Italy,Sardegna,ITG2,Italy,3456
SAMUGHEO,39.94246,8.94107,7600,32832,Italy,Sardegna,ITG2,Italy,5472
LACONI_LOC_PARDU_LONGU,39.84462,9.0306,3879,16757.28,Italy,Sardegna,ITG2,Italy,2792.88
TERRALBA_CONSORTILE_LOC_BAU_ARRETZA,39.73076,8.63369,40256,173905.92,Italy,Sardegna,ITG2,Italy,28984.32
ARBOREA,39.76008,8.58697,40000,172800,Italy,Sardegna,ITG2,Italy,28800
MASULLAS,39.69005,8.79697,32000,138240,Italy,Sardegna,ITG2,Italy,23040
ARBUS_LOC_IS_MULINUS,39.50633,8.59347,8000,34560,Italy,Sardegna,ITG2,Italy,5760
GONNOSFANADIGA_LOC_TRUXELLI,39.50578,8.66149,16000,69120,Italy,Sardegna,ITG2,Italy,11520
GUSPINI_LOC_NURACI,39.55053,8.64248,14000,60480,Italy,Sardegna,ITG2,Italy,10080
PABILLONIS_LOC_BAU_SA_TAULA,39.60755,8.72242,4000,17280,Italy,Sardegna,ITG2,Italy,2880
VILLACIDRO_CONSORZIO_INDUSTRIALE,39.49812,8.78191,90000,388800,Italy,Sardegna,ITG2,Italy,64800
SARDARA_LOC_ROIA_SA_LATIA,39.61243,8.77556,5044,21790.08,Italy,Sardegna,ITG2,Italy,3631.68
USINI_LOC_BADDE_RISI,40.689,8.52745,8450,36504,Italy,Sardegna,ITG2,Italy,6084
ORUNE_LOC_SERI,40.40111,9.37137,3100,13392,Italy,Sardegna,ITG2,Italy,2232
LOCULI_IMPIANTO_CONSORTILE_SOLOGO-LOCULI,40.39641,9.59912,10000,43200,Italy,Sardegna,ITG2,Italy,7200
OROSEI_LOC_S_ANCHETTU,40.37521,9.70106,17087,73815.84,Italy,Sardegna,ITG2,Italy,12302.64
NUORO_LOC_SU_TUVU,40.30028,9.34839,62634,270578.88,Italy,Sardegna,ITG2,Italy,45096.48
OLIENA_LOC_MURTURUMELE,40.29097,9.4025,12875,55620,Italy,Sardegna,ITG2,Italy,9270
DORGALI_LOC_MUSINA,40.29201,9.57431,18000,77760,Italy,Sardegna,ITG2,Italy,12960
CALA_GONONE,40.28724,9.63325,25000,108000,Italy,Sardegna,ITG2,Italy,18000
MAMOIADA_LOC_MARAMELE,40.22173,9.27774,2800,12096,Italy,Sardegna,ITG2,Italy,2016
ORGOSOLO_LOC_COMBIDANOVO,40.21131,9.35903,4800,20736,Italy,Sardegna,ITG2,Italy,3456
OSSI_LOC_S_ERIMU,40.68211,8.58921,6000,25920,Italy,Sardegna,ITG2,Italy,4320
TRIEI,40.01883,9.64136,6000,25920,Italy,Sardegna,ITG2,Italy,4320
TORTOLI_LOC_BACCASARA,39.93976,9.68942,30000,129600,Italy,Sardegna,ITG2,Italy,21600
VILLAGRANDE_STRISAILI,39.9585,9.51619,5000,21600,Italy,Sardegna,ITG2,Italy,3600
ARZANA_LOC_CIDERA,39.9138,9.53395,3000,12960,Italy,Sardegna,ITG2,Italy,2160
LANUSEI-ILBONO,39.8966,9.56798,11000,47520,Italy,Sardegna,ITG2,Italy,7920
BARISARDO_LOC_CAMPU_MASU,39.82087,9.65621,22000,95040,Italy,Sardegna,ITG2,Italy,15840
JERZU_LOC_SU_FORREDDU,39.7945,9.52155,6500,28080,Italy,Sardegna,ITG2,Italy,4680
PERDASDEFOGU,39.67861,9.44781,3500,15120,Italy,Sardegna,ITG2,Italy,2520
ESCALAPLANO_LOC_CORTE_MARGIANI,39.61513,9.34333,3100,13392,Italy,Sardegna,ITG2,Italy,2232
TERTENIA_LOC_IS_ERRIOLUS,39.6889,9.58508,4300,18576,Italy,Sardegna,ITG2,Italy,3096
SARRALA_TERTENIA,39.67322,9.64022,2500,10800,Italy,Sardegna,ITG2,Italy,1800
URI_LOC_SA_MANDRA,40.6372,8.47705,3000,12960,Italy,Sardegna,ITG2,Italy,2160
MURAVERA_LOC_BIGIA_E_SUSU,39.42283,9.58588,25500,110160,Italy,Sardegna,ITG2,Italy,18360
ISILI_LOC_TUPPE_SOLI,39.73481,9.06576,7500,32400,Italy,Sardegna,ITG2,Italy,5400
VILLAMAR_LOC_CAMPU_GIOSSU,39.61343,8.95866,3100,13392,Italy,Sardegna,ITG2,Italy,2232
MANDAS_LOC_BORTA,39.65015,9.12203,3381,14605.92,Italy,Sardegna,ITG2,Italy,2434.32
OLMEDO_LOC_SOS_LABIDAZZOS_PERDAS_DE_FOGU,40.64641,8.36898,4000,17280,Italy,Sardegna,ITG2,Italy,2880
SIURGUS_DONIGALA_LOC_BACCU_E_BINGIA,39.59112,9.17633,3000,12960,Italy,Sardegna,ITG2,Italy,2160
SENORBI_LOC_PIXINA_CALLENTI,39.50187,9.11832,20667,89281.44,Italy,Sardegna,ITG2,Italy,14880.24
C_I_S_A_SERRAMANNA_LOC_PRUNI_CRISTIS,39.40528,8.92439,200000,864000,Italy,Sardegna,ITG2,Italy,144000
DOLIANOVA_LOC_CUCCUREDDU,39.38259,9.16554,8500,36720,Italy,Sardegna,ITG2,Italy,6120
DONORI_LOC_TUERRA,39.43518,9.12485,4049,17491.68,Italy,Sardegna,ITG2,Italy,2915.28
SERDIANA_LOC_SA_GORA,39.36425,9.15321,2500,10800,Italy,Sardegna,ITG2,Italy,1800
USSANA_LOC_SU_PARDU,39.39981,9.06144,5507,23790.24,Italy,Sardegna,ITG2,Italy,3965.04
MONASTIR_LOC_SA_MURTA,39.38071,9.0335,7000,30240,Italy,Sardegna,ITG2,Italy,5040
BURCEI_LOC_SA_CROCCORIGA_MITZA_COZZINA,39.34051,9.36633,3000,12960,Italy,Sardegna,ITG2,Italy,2160
MURAVERA_LOC_COSTA_REY,39.27393,9.5632,75000,324000,Italy,Sardegna,ITG2,Italy,54000
GEREMEAS_LOC_KALA_E_MORU,39.17148,9.37659,1500,6480,Italy,Sardegna,ITG2,Italy,1080
GEREMEAS_COUNTRY_CLUB,39.16247,9.38609,1700,7344,Italy,Sardegna,ITG2,Italy,1224
GEREMEAS_CALASERENA_VILLAGE,39.1713,9.38725,2000,8640,Italy,Sardegna,ITG2,Italy,1440
MARACALAGONIS_LOC_S_STEFANO,39.27496,9.22789,6000,25920,Italy,Sardegna,ITG2,Italy,4320
SETTIMO_SAN_PIETRO_LOC_IS_CARROPUS,39.28273,9.18964,5500,23760,Italy,Sardegna,ITG2,Italy,3960
SINNAI_LOC_LUCERI,39.29405,9.20528,12000,51840,Italy,Sardegna,ITG2,Italy,8640
CAGLIARI_LOC_IS_ARENAS,39.22156,9.15994,557000,2406240,Italy,Sardegna,ITG2,Italy,401040
QUARTU_S_E_ZONE_A_MARE_LOC_GENE_SARDA,39.22065,9.28956,400,1728,Italy,Sardegna,ITG2,Italy,288
QUARTU_S_E_ZONE_A_MARE_LOC_IS_MERIS,39.21318,9.31067,400,1728,Italy,Sardegna,ITG2,Italy,288
QUARTU_S_E_ZONE_A_MARE_LOC_SANTA_LURIA_COSTA_DEGLI_ANGELI,39.2088,9.30041,3800,16416,Italy,Sardegna,ITG2,Italy,2736
QUARTU_S_E_ZONE_A_MARE_LOC_FOXI_1,39.22,9.24268,600,2592,Italy,Sardegna,ITG2,Italy,432
QUARTU_S_E_ZONE_A_MARE_LOC_FOXI_2,39.21753,9.24698,400,1728,Italy,Sardegna,ITG2,Italy,288
CASIC_LOC_SA_MARRA,39.18509,9.01904,524000,2263680,Italy,Sardegna,ITG2,Italy,377280
SARROCH,39.07067,9.02105,6170,26654.4,Italy,Sardegna,ITG2,Italy,4442.4
SAN_SPERATE_LOC_SINIXIS_S_ELENA,39.34876,8.99071,11768,50837.76,Italy,Sardegna,ITG2,Italy,8472.96
FLUMINIMAGGIORE,39.44324,8.48744,3500,15120,Italy,Sardegna,ITG2,Italy,2520
ALGHERO_LOC_S_MARIA_LA_PALMA,40.65245,8.27332,12900,55728,Italy,Sardegna,ITG2,Italy,9288
DOMUSNOVAS_LOC_S_ACQUA_SASSA,39.3133,8.65835,7000,30240,Italy,Sardegna,ITG2,Italy,5040
IGLESIAS_LOC_SA_STOIA,39.27637,8.58992,60000,259200,Italy,Sardegna,ITG2,Italy,43200
GONNESA,39.26256,8.46271,7600,32832,Italy,Sardegna,ITG2,Italy,5472
SILIQUA,39.29672,8.81805,4481,19357.92,Italy,Sardegna,ITG2,Italy,3226.32
PORTO_TORRES_AGGLOMERATO_INDUSTRIALE,40.83473,8.35976,720000,3110400,Italy,Sardegna,ITG2,Italy,518400
CORTOGHIANA_LOC_SA_CUSSORIA_DE_IS_FENUS,39.2039,8.46424,3000,12960,Italy,Sardegna,ITG2,Italy,2160
CALASETTA_LOC_FORNACE,39.10681,8.37573,6730,29073.6,Italy,Sardegna,ITG2,Italy,4845.6
S_ANTIOCO_LOC_IS_PRUINIS,39.04101,8.45546,16000,69120,Italy,Sardegna,ITG2,Italy,11520
SAN_GIOVANNI_SUERGIU,39.12167,8.50055,47000,203040,Italy,Sardegna,ITG2,Italy,33840
NARCAO_LOC_SU_TERRAZZU,39.16597,8.68372,2378,10272.96,Italy,Sardegna,ITG2,Italy,1712.16
SANTADI_LOC_BAU_ARENA,39.09948,8.68468,8383,36214.56,Italy,Sardegna,ITG2,Italy,6035.76
GIBA_LOC_SA_STROVINA,39.07369,8.62857,6026,26032.32,Italy,Sardegna,ITG2,Italy,4338.72
TEULADA_LOC_S_ACCONA,38.96098,8.75864,7000,30240,Italy,Sardegna,ITG2,Italy,5040
DOMUS_DE_MARIA_LOC_S_ARCU_DE_PISSETTU_CHIA,38.92265,8.86864,7000,30240,Italy,Sardegna,ITG2,Italy,5040
SANTA_MARGHERITA_DI_PULA_LOC_PINUS_VILLAGE,38.93658,8.90707,3000,12960,Italy,Sardegna,ITG2,Italy,2160
SANTA_MARGHERITA_DI_PULA_CONDOMINIO_LA_PINETA,38.92959,8.92257,1700,7344,Italy,Sardegna,ITG2,Italy,1224
SANTA_MARGHERITA_DI_PULA_SA_MURTA_BIANCA_1,38.92687,8.90401,200,864,Italy,Sardegna,ITG2,Italy,144
SANTA_MARGHERITA_DI_PULA_SA_MURTA_BIANCA_2,38.93118,8.90686,120,518.4,Italy,Sardegna,ITG2,Italy,86.4
SANTA_MARGHERITA_DI_PULA_FORTE_VILLAGE_RESORT,38.93699,8.92741,8300,35856,Italy,Sardegna,ITG2,Italy,5976
SANTA_MARGHERITA_DI_PULA_HOTEL_ROCCA_DORADA,38.92614,8.91329,450,1944,Italy,Sardegna,ITG2,Italy,324
SANTA_MARGHERITA_DI_PULA_SA_LAUNEDDA,38.96141,8.95902,200,864,Italy,Sardegna,ITG2,Italy,144
SANTA_MARGHERITA_DI_PULA_CAPO_BLU,38.9196,8.90732,1000,4320,Italy,Sardegna,ITG2,Italy,720
ALGHERO_LOC_SAN_MARCO,40.64277,8.31891,77500,334800,Italy,Sardegna,ITG2,Italy,55800
ITTIRI_LOC_ZEPPERE,40.59511,8.57728,18500,79920,Italy,Sardegna,ITG2,Italy,13320
THIESI_LOC_SU_MONTIJU,40.52304,8.7054,102000,440640,Italy,Sardegna,ITG2,Italy,73440
VILLANOVA_MONTELEONE_LOC_SAS_CASTANGIAS,40.50669,8.48063,10677,46124.64,Italy,Sardegna,ITG2,Italy,7687.44
SASSARI_LOC_OTTAVA,40.78609,8.45149,24000,103680,Italy,Sardegna,ITG2,Italy,17280
PADRIA_LOC_SA_PEDRAIA,40.39791,8.61362,6529,28205.28,Italy,Sardegna,ITG2,Italy,4700.88
BONORVA_LOC_ISCIA_DE_MULINU,40.42438,8.75816,10000,43200,Italy,Sardegna,ITG2,Italy,7200
S_TERESA_DI_GALLURA_LOC_MUZZEDDU,41.23001,9.19093,53000,228960,Italy,Sardegna,ITG2,Italy,38160
PALAU,41.16294,9.39186,37000,159840,Italy,Sardegna,ITG2,Italy,26640
SASSARI_LOC_FUNTANA_VEGLINA,40.70399,8.52564,180000,777600,Italy,Sardegna,ITG2,Italy,129600
CALA_DI_VOLPE,41.09205,9.53965,3500,15120,Italy,Sardegna,ITG2,Italy,2520
ARZACHENA_LOC_MULGIANU,41.06514,9.39959,72000,311040,Italy,Sardegna,ITG2,Italy,51840
GOLFO_PEVERO_LOC_L_UNFARRU,41.11808,9.5266,2300,9936,Italy,Sardegna,ITG2,Italy,1656
GOLFO_PEVERO_LOC_PICCOLO_PEVERO,41.11711,9.5398,1600,6912,Italy,Sardegna,ITG2,Italy,1152
GOLFO_ARANCI,41.00502,9.59509,25000,108000,Italy,Sardegna,ITG2,Italy,18000
PORTO_ROTONDO_PUNTA_NURAGHE_OLBIA,41.02551,9.53001,1500,6480,Italy,Sardegna,ITG2,Italy,1080
PORTO_ROTONDO_PUNTA_LADA_OLBIA,41.0237,9.5464,1000,4320,Italy,Sardegna,ITG2,Italy,720
OLBIA_LOC_SA_CORONCEDDA,40.88956,9.48764,81787,353319.84,Italy,Sardegna,ITG2,Italy,58886.64
OLBIA_ZONA_INDUSTRIALE,40.93453,9.52463,50000,216000,Italy,Sardegna,ITG2,Italy,36000
VALLEDORIA_LOC_L_ISCIAREDDA,40.92877,8.83477,5000,21600,Italy,Sardegna,ITG2,Italy,3600
TRINITA_D_AGULTU_LOC_CAMPESI,40.9792,8.90823,2650,11448,Italy,Sardegna,ITG2,Italy,1908
BADESI_LOC_MAGIALEDDU,40.95445,8.87719,4000,17280,Italy,Sardegna,ITG2,Italy,2880
TRINITA_D_AGULTU_LOC_ISOLA_ROSSA,41.01184,8.89189,7000,30240,Italy,Sardegna,ITG2,Italy,5040
COSTA_PARADISO_TRINITA_D_AGULTU,41.0521,8.9598,5000,21600,Italy,Sardegna,ITG2,Italy,3600
SAN_FRANCESCO_D_AGLIENTU_RENA_MAJORE,41.16834,9.17533,4500,19440,Italy,Sardegna,ITG2,Italy,3240
TEMPIO_PAUSANIA_LOC_Z_I_R,40.90581,9.14139,31603,136524.96,Italy,Sardegna,ITG2,Italy,22754.16
LOIRI_PORTO_SAN_PAOLO_LOC_VACCILEDDI,40.8506,9.65245,25099,108427.68,Italy,Sardegna,ITG2,Italy,18071.28
PERFUGAS_LOC_SU_PALU,40.83192,8.90045,4000,17280,Italy,Sardegna,ITG2,Italy,2880
NULVI_LOC_BANZOS,40.77899,8.75189,6369,27514.08,Italy,Sardegna,ITG2,Italy,4585.68
CHIARAMONTI_LOC_BADDE_ORTU,40.76012,8.82177,14990,64756.8,Italy,Sardegna,ITG2,Italy,10792.8
OSCHIRI_REG_CARROZZA,40.71666,9.0877,10000,43200,Italy,Sardegna,ITG2,Italy,7200
BERCHIDDA_LOC_TANCA_MANNA,40.77937,9.16398,10000,43200,Italy,Sardegna,ITG2,Italy,7200
S_TEODORO_LOC_LA_CINTA,40.78369,9.66642,43000,185760,Italy,Sardegna,ITG2,Italy,30960
CONSORTILE_NURRI-ORROLI_LOC_CORTE_SU_FENU,39.69141,9.23232,18214,78684.48,Italy,Sardegna,ITG2,Italy,13114.08
CONSORTILE_DI_PULA_LOC_SU_SQUIDDAXIU,39.01414,8.98088,22025,95148,Italy,Sardegna,ITG2,Italy,15858
CONSORTILE_BELVÌ-ARITZO_LOC_SU_SABALLONE,39.97525,9.18477,4500,19440,Italy,Sardegna,ITG2,Italy,3240
PLATAMONA_CONDOMINIO_VILLA_MARINA,40.82237,8.49548,1200,5184,Italy,Sardegna,ITG2,Italy,864
PLATAMONA_CONSORZIO_DEPURATORE_RIVIERA_DI_SORSO,40.81815,8.4944,4000,17280,Italy,Sardegna,ITG2,Italy,2880
OLLOLAI_LOC_CUCCHINADORZA,40.13482,9.12895,25689,110976.48,Italy,Sardegna,ITG2,Italy,18496.08
DOLIANOVA_LOC_BARDELLA_ZONA_PIP,39.39535,9.15453,3746,16182.72,Italy,Sardegna,ITG2,Italy,2697.12
QUARTU_S_E_ZONE_A_MARE_LOTT_LOASI,39.22779,9.27781,300,1296,Italy,Sardegna,ITG2,Italy,216
QUARTU_S_E_ZONE_A_MARE_SOLMAR_CLUB_LOC_SU_STANGIONI,39.21486,9.28053,825,3564,Italy,Sardegna,ITG2,Italy,594
QUARTU_S_E_ZONE_A_MARE_CONDOMINIO_PORTICCIOLO_VIA_SORU_E_MARI,39.22076,9.26426,150,648,Italy,Sardegna,ITG2,Italy,108
QUARTU_S_E_ZONE_A_MARE_COMUNIONE_NIU_CROBU,39.22371,9.30862,400,1728,Italy,Sardegna,ITG2,Italy,288
QUARTU_S_E_ZONE_A_MARE_STELLA_DI_MARE_1,39.21187,9.29979,500,2160,Italy,Sardegna,ITG2,Italy,360
QUARTU_S_E_ZONE_A_MARE_MARINA_RESIDENCE,39.21373,9.2966,800,3456,Italy,Sardegna,ITG2,Italy,576
QUARTU_S_E_ZONE_A_MARE_COMPLESSO_ALBERGHIERO_SETAR,39.21988,9.25624,750,3240,Italy,Sardegna,ITG2,Italy,540
PORTO_ROTONDO_CENTRO_OLBIA,41.02471,9.54028,11000,47520,Italy,Sardegna,ITG2,Italy,7920
MEANA_SARDO_LOC_CUMBIDOLAU,39.94121,9.06423,1500,6480,Italy,Sardegna,ITG2,Italy,1080
QUARTU_S_E_ZONE_A_MARE_LOTT_OSCAR_VACCA,39.19473,9.33789,400,1728,Italy,Sardegna,ITG2,Italy,288
BONO_LOC_BICOLEDDU,40.40855,9.04163,4000,17280,Italy,Sardegna,ITG2,Italy,2880
IDI_AQUARNO,43.73266,10.76001,2050000,8856000,Italy,Toscana,ITI1,Italy,1476000
IDI_CUOIO_DEPUR,43.69528,10.77106,846160,3655411.2,Italy,Toscana,ITI1,Italy,609235.2
IDL_SAN_COLOMBANO,43.77958,11.12754,600000,2592000,Italy,Toscana,ITI1,Italy,432000
IDL_BACIACAVALLO,43.84906,11.08195,434000,1874880,Italy,Toscana,ITI1,Italy,312480
IDI_CASA_DEL_LUPO,43.82103,10.59967,400000,1728000,Italy,Toscana,ITI1,Italy,288000
IDI_VENERI,43.88348,10.66735,250000,1080000,Italy,Toscana,ITI1,Italy,180000
IDL_CALICE,43.88595,11.02108,165000,712800,Italy,Toscana,ITI1,Italy,118800
IDL_PISTOIA_CENTRALE_PASSAVANT,43.92385,10.93355,120000,518400,Italy,Toscana,ITI1,Italy,86400
IDL_EX_CERSAM,44.03925,10.07733,120000,518400,Italy,Toscana,ITI1,Italy,86400
IDL_SAN_GIOVANNI_PIANETTO,42.74651,11.09157,100000,432000,Italy,Toscana,ITI1,Italy,72000
IDL_PONTE_A_TRESSA,43.25654,11.39345,99000,427680,Italy,Toscana,ITI1,Italy,71280
IDI_PONTETETTO,43.82081,10.50037,95000,410400,Italy,Toscana,ITI1,Italy,68400
IDL_VIAREGGIO,43.88218,10.26652,93028,401880.96,Italy,Toscana,ITI1,Italy,66980.16
IDL_CASOLINO,43.48725,11.83197,90000,388800,Italy,Toscana,ITI1,Italy,64800
IDL_LAVELLO,44.03678,10.0729,90000,388800,Italy,Toscana,ITI1,Italy,64800
IDL_PAGNANA,43.72277,10.88731,88670,383054.4,Italy,Toscana,ITI1,Italy,63842.4
IDL_FOLLONICA_CAMPO_CANGINO,42.92401,10.7838,84800,366336,Italy,Toscana,ITI1,Italy,61056
IDL_ASCHIETO,43.78127,11.405,80000,345600,Italy,Toscana,ITI1,Italy,57600
IDL_LE_LAME_POGGIBONSI,43.47272,11.13078,74330,321105.6,Italy,Toscana,ITI1,Italy,53517.6
IDL_RABATTA,43.93879,11.41351,67000,289440,Italy,Toscana,ITI1,Italy,48240
IDL_GABOLANA_VAIANO,43.95054,11.12872,66666,287997.12,Italy,Toscana,ITI1,Italy,47999.52
IDL_SAN_GIOVANNI_VIA_DEGLI_URBINI,43.57973,11.52556,60000,259200,Italy,Toscana,ITI1,Italy,43200
IDL_CAMBIANO,43.6317,10.95166,60000,259200,Italy,Toscana,ITI1,Italy,43200
IDL_INTERCOMUNALE_PIEVE,43.86197,10.77749,60000,259200,Italy,Toscana,ITI1,Italy,43200
TERRAROSSA,42.42537,11.19459,60000,259200,Italy,Toscana,ITI1,Italy,43200
IDL_PIETRASANTA_POLLINO,43.94377,10.23056,55000,237600,Italy,Toscana,ITI1,Italy,39600
IDL_LE_CONFINA,44.0235,11.14261,53333,230398.56,Italy,Toscana,ITI1,Italy,38399.76
IDL_SAN_JACOPO,43.73911,10.38869,52000,224640,Italy,Toscana,ITI1,Italy,37440
IDL_CANTAGALLO,43.97696,11.12635,51840,223948.8,Italy,Toscana,ITI1,Italy,37324.8
IDL_QUERCETA,43.97532,10.18232,47500,205200,Italy,Toscana,ITI1,Italy,34200
IDL_FOSSA_MAESTRA,44.04967,10.02213,45000,194400,Italy,Toscana,ITI1,Italy,32400
IDL_ROSIGNANO_SOLVAY_MARE,43.37815,10.44403,45000,194400,Italy,Toscana,ITI1,Italy,32400
IDL_PONTEDERA_VIA_HANGAR,43.66374,10.61461,40000,172800,Italy,Toscana,ITI1,Italy,28800
IDL_CECINA,43.2986,10.50679,38500,166320,Italy,Toscana,ITI1,Italy,27720
IDL_LIDO_DI_CAMAIORE,43.90308,10.24256,38000,164160,Italy,Toscana,ITI1,Italy,27360
IDL_MARINA_DI_CASTAGNETO_CARDUCCI,43.1892,10.54983,38000,164160,Italy,Toscana,ITI1,Italy,27360
IDL_FIGLINE_LAGACCIONI,43.63319,11.46401,37500,162000,Italy,Toscana,ITI1,Italy,27000
IDL_TIRRENIA_VANNINI,43.61505,10.2973,35000,151200,Italy,Toscana,ITI1,Italy,25200
IDL_PISA_SUD,43.68692,10.37761,35000,151200,Italy,Toscana,ITI1,Italy,25200
IDL_CASTIGLIONE_DELLA_PESCAIA_LE_PADULINE,42.76943,10.89414,35000,151200,Italy,Toscana,ITI1,Italy,25200
IDL_SAN_GIUSTO,43.76028,11.19384,30000,129600,Italy,Toscana,ITI1,Italy,21600
IDL_LA_FONTINA,43.72316,10.41792,30000,129600,Italy,Toscana,ITI1,Italy,21600
IDL_IL_TREBBIO,43.53408,12.14562,30000,129600,Italy,Toscana,ITI1,Italy,21600
IDL_LA_MURELLA_CARTIERA_CASTELNUOVO,44.12271,10.39667,30000,129600,Italy,Toscana,ITI1,Italy,21600
IDL_BIBBONA_STAZIONE,43.26822,10.53217,30000,129600,Italy,Toscana,ITI1,Italy,21600
IDL_CAMPO_ALLA_CROCE_VENTURINA,43.01259,10.58902,30000,129600,Italy,Toscana,ITI1,Italy,21600
IDL_RIBUSSOLAIA,43.0462,11.82712,26000,112320,Italy,Toscana,ITI1,Italy,18720
IDL_CAMAIORE,43.93185,10.28005,26000,112320,Italy,Toscana,ITI1,Italy,18720
IDL_PONTE_A_NICCHERI,43.73308,11.29776,25000,108000,Italy,Toscana,ITI1,Italy,18000
IDL_MARINA_DI_CAMPO_LENTISCO_MARE,42.74688,10.22827,25000,108000,Italy,Toscana,ITI1,Italy,18000
IDL_MARINA_DI_GROSSETO,42.71758,10.99219,25000,108000,Italy,Toscana,ITI1,Italy,18000
IDL_IMPIANTO_MONSIGLIOLO,43.25545,11.93042,24000,103680,Italy,Toscana,ITI1,Italy,17280
IDL_PONTE_A_CHIANI,43.4638,11.82245,23000,99360,Italy,Toscana,ITI1,Italy,16560
IDL_SCHIOPPARELLO,42.78823,10.35499,22500,97200,Italy,Toscana,ITI1,Italy,16200
IDL_CIPRESSI,43.43,11.13092,22000,95040,Italy,Toscana,ITI1,Italy,15840
IDL_LIDO_DI_CAMAIORE_SECCO,43.91388,10.22698,21000,90720,Italy,Toscana,ITI1,Italy,15120
IDL_SAN_PROSPERO_CASCINA,43.67368,10.48544,20000,86400,Italy,Toscana,ITI1,Italy,14400
IDL_MASSAROSA,43.86484,10.33647,20000,86400,Italy,Toscana,ITI1,Italy,14400
IDI_VALDERA_ACQUE,43.65011,10.59089,16990,73396.8,Italy,Toscana,ITI1,Italy,12232.8
IDL_SEANO,43.83577,11.03373,15000,64800,Italy,Toscana,ITI1,Italy,10800
IDL_TORRENIERI,43.06148,11.55147,15000,64800,Italy,Toscana,ITI1,Italy,10800
IDL_PESCIA_CAPOLUOGO,43.87276,10.68984,14000,60480,Italy,Toscana,ITI1,Italy,10080
IDL_PONSACCO,43.63207,10.62,13000,56160,Italy,Toscana,ITI1,Italy,9360
IDL_TRAVERSAGNA,43.86431,10.76009,12000,51840,Italy,Toscana,ITI1,Italy,8640
IDL_MONTERONI_D_ARBIA_PODERE_FEDE,43.21724,11.43292,12000,51840,Italy,Toscana,ITI1,Italy,8640
IDL_PIAN_DELLE_TORRI,43.0283,11.96439,12000,51840,Italy,Umbria,ITI2,Italy,8640
IDL_SAN CASCIANO VAL DI PESA,43.64141,11.16749,11500,49680,Italy,Toscana,ITI1,Italy,8280
IDL_ABBADIA_SAN_SALVATORE,42.8894,11.6988,10000,43200,Italy,Toscana,ITI1,Italy,7200
IDL_VOLTERRA_SUD,43.40799,10.84799,10000,43200,Italy,Toscana,ITI1,Italy,7200
IDL_CASALGUIDI,43.878,10.92355,10000,43200,Italy,Toscana,ITI1,Italy,7200
IDL_VIA_BRUNELLESCHI,43.8593,10.98762,10000,43200,Italy,Toscana,ITI1,Italy,7200
IDL_ORATOIO,43.68648,10.45037,10000,43200,Italy,Toscana,ITI1,Italy,7200
IDL_GALLICANO_DEBBIALI,44.06121,10.4473,10000,43200,Italy,Toscana,ITI1,Italy,7200
IDL_SAN_VINCENZO_GUARDAMARE,43.0781,10.54893,10000,43200,Italy,Toscana,ITI1,Italy,7200
IDL_LE_TOLFE,43.34064,11.34745,10000,43200,Italy,Toscana,ITI1,Italy,7200
IDL_RAPOLANO_ARMAIOLO,43.30209,11.59318,10000,43200,Italy,Toscana,ITI1,Italy,7200
IDL_PONTE_ALLA_SERPENNA,43.2599,11.27083,10000,43200,Italy,Toscana,ITI1,Italy,7200
IDL_CASTELLINA_SCALO_S_CLAUDIO,43.41371,11.2151,10000,43200,Italy,Toscana,ITI1,Italy,7200
IDL_LA_GINESTRA,43.93007,11.4841,9000,38880,Italy,Toscana,ITI1,Italy,6480
IDL_VECCHIANO,43.78795,10.38465,9000,38880,Italy,Toscana,ITI1,Italy,6480
IDL_CORBAIA,43.13197,11.86549,9000,38880,Italy,Toscana,ITI1,Italy,6480
IDL_COLMATA,43.33452,11.8012,9000,38880,Italy,Toscana,ITI1,Italy,6480
IDL_VIA_VOLTELLA,43.20974,11.75928,8500,36720,Italy,Toscana,ITI1,Italy,6120
IDL_SOCI,43.65272,11.80795,8250,35640,Italy,Toscana,ITI1,Italy,5940
IDL_IMPRUNETA,43.66531,11.2433,8000,34560,Italy,Toscana,ITI1,Italy,5760
IDL_STAGNO,43.59546,10.35655,8000,34560,Italy,Toscana,ITI1,Italy,5760
IDL_SAN_VINCENZO_LA_VALLE_MARE,43.10411,10.54357,8000,34560,Italy,Toscana,ITI1,Italy,5760
IDL_SARTEANO_CARTIERA,42.99995,11.88452,8000,34560,Italy,Toscana,ITI1,Italy,5760
IDL_PRATOVECCHIO_STIA,43.76331,11.73001,7500,32400,Italy,Toscana,ITI1,Italy,5400
IDL_BUTA,43.55041,11.84199,7000,30240,Italy,Toscana,ITI1,Italy,5040
IDL_POZZO_NUOVO,43.35792,11.90491,7000,30240,Italy,Toscana,ITI1,Italy,5040
IDL_MOLIN_NUOVO,43.23531,11.8257,7000,30240,Italy,Toscana,ITI1,Italy,5040
IDL_ASCIANO_IL_CHIOSTRO,43.23781,11.55348,7000,30240,Italy,Toscana,ITI1,Italy,5040
IDL_MASSA_VECCHIA,43.04507,10.88049,7000,30240,Italy,Toscana,ITI1,Italy,5040
IDL_ALTOPASCIO_CAPOLUOGO,43.80692,10.66196,6700,28944,Italy,Toscana,ITI1,Italy,4824
IDL_VAIANO,43.67627,10.72301,6600,28512,Italy,Toscana,ITI1,Italy,4752
IDL_CAPANNOLI,43.60152,10.67319,6500,28080,Italy,Toscana,ITI1,Italy,4680
IDL_RIOTORTO,42.98558,10.67794,6500,28080,Italy,Toscana,ITI1,Italy,4680
DEP_PIAN_DEL_MUGNONE_FIESOLE_FIRENZE,43.81761,11.29335,6400,27648,Italy,Toscana,ITI1,Italy,4608
IDL_RONCO_VIA_FERRUCCI,43.88827,11.01282,6000,25920,Italy,Toscana,ITI1,Italy,4320
IDL_SALCETO,43.89814,10.99292,6000,25920,Italy,Toscana,ITI1,Italy,4320
IDL_TAVARNELLE,43.56516,11.16395,6000,25920,Italy,Toscana,ITI1,Italy,4320
IDL_BIENTINA_CAPOLUOGO,43.72107,10.62544,6000,25920,Italy,Toscana,ITI1,Italy,4320
IDL_LA_NAVE,43.68979,11.81949,6000,25920,Italy,Toscana,ITI1,Italy,4320
IDL_MARRADI_CAPOLUOGO,44.08541,11.62753,6000,25920,Italy,Toscana,ITI1,Italy,4320
IDL_VOLTERRA_NORD,43.41005,10.86779,6000,25920,Italy,Toscana,ITI1,Italy,4320
PONTREMOLI_CAPOLUOGO,44.36967,9.88194,6000,25920,Italy,Emilia-Romagna,ITH5,Italy,4320
IDL_NIBBIANO,43.10476,11.80094,5500,23760,Italy,Toscana,ITI1,Italy,3960
IDL_BOTTEGONE,43.87711,10.96246,5000,21600,Italy,Toscana,ITI1,Italy,3600
IDL_TAVARNUZZE_VIA_CASSIA_160A,43.71553,11.22065,5000,21600,Italy,Toscana,ITI1,Italy,3600
IDL_BARAGAGLIA,43.71384,10.51045,5000,21600,Italy,Toscana,ITI1,Italy,3600
IDL_BACCANE,43.81376,10.85,5000,21600,Italy,Toscana,ITI1,Italy,3600
IDL_BELLAVISTA,43.86984,10.72845,5000,21600,Italy,Toscana,ITI1,Italy,3600
IDL_CINTOLESE,43.8302,10.82607,5000,21600,Italy,Toscana,ITI1,Italy,3600
IDL_CONSORTILE_RASSINA,43.63547,11.83918,5000,21600,Italy,Toscana,ITI1,Italy,3600
IDL_CIVETTAIO,43.1852,11.80624,5000,21600,Italy,Toscana,ITI1,Italy,3600
IDL_FORTE_DEI_MARMI,43.95951,10.18497,5000,21600,Italy,Toscana,ITI1,Italy,3600
IDL_LA_BARCA,44.28852,9.94639,5000,21600,Italy,Toscana,ITI1,Italy,3600
IDL_BAGNO_DI_GAVORRANO,42.9448,10.88234,5000,21600,Italy,Toscana,ITI1,Italy,3600
IDL_FORMELLE_PIANCASTAGNAIO,42.84274,11.69153,5000,21600,Italy,Toscana,ITI1,Italy,3600
IDL_PRINCIPINA_A_MARE,42.7083,11.01152,5000,21600,Italy,Toscana,ITI1,Italy,3600
IDL_LA_CEPPA,43.20387,11.79404,5000,21600,Italy,Toscana,ITI1,Italy,3600
IDL_BUONCONVENTO_PIANINO,43.13067,11.47735,5000,21600,Italy,Toscana,ITI1,Italy,3600
IDL_ROSELLE,42.79847,11.14245,5000,21600,Italy,Toscana,ITI1,Italy,3600
IDL_COLLE_DI_COMPITO,43.78199,10.60776,4800,20736,Italy,Toscana,ITI1,Italy,3456
IDL_ARCIDOSSO,42.87571501,11.53262925,4600,19872,Italy,Toscana,ITI1,Italy,3312
IDL_POMARANCE,43.28644,10.88248,4500,19440,Italy,Toscana,ITI1,Italy,3240
IDL_CASCINE_DI_BUTI_CANNAI,43.72104,10.61995,4500,19440,Italy,Toscana,ITI1,Italy,3240
IDL_RIALTO,43.32302,11.7386,4500,19440,Italy,Toscana,ITI1,Italy,3240
IDL_MARINELLA,42.89675,11.52887,4500,19440,Italy,Toscana,ITI1,Italy,3240
IDL_MOLINONE,42.89492,11.54013,4500,19440,Italy,Toscana,ITI1,Italy,3240
IDL_VIA_VOLTA,43.80868,10.89084,4200,18144,Italy,Toscana,ITI1,Italy,3024
IDL_CHIESINA_CAPOLUOGO,43.83141,10.7225,4200,18144,Italy,Toscana,ITI1,Italy,3024
IDL_LATERINA,43.50064,11.70267,4000,17280,Italy,Toscana,ITI1,Italy,2880
IDL_MANCIANO_CAPOLUOGO,42.58234,11.52789,4000,17280,Italy,Toscana,ITI1,Italy,2880
IDL_CAPOLUOGO_SPINETO,43.59664,11.31631,4000,17280,Italy,Toscana,ITI1,Italy,2880
IDL_FATTORIA,43.83719,10.7568,4000,17280,Italy,Toscana,ITI1,Italy,2880
IDL_BUCINE,43.47688,11.6255,4000,17280,Italy,Toscana,ITI1,Italy,2880
IDL_PONTE_A_POPPI,43.71474,11.77173,4000,17280,Italy,Toscana,ITI1,Italy,2880
IDL_FORNOLI,44.00007,10.55339,4000,17280,Italy,Toscana,ITI1,Italy,2880
IDL_VACCARELLE,42.74941,10.37876,4000,17280,Italy,Toscana,ITI1,Italy,2880
IDL_COLLESALVETTI,43.59994,10.4673,4000,17280,Italy,Toscana,ITI1,Italy,2880
IDL_CASTIGLION_FIBOCCHI,43.51759,11.76733,4000,17280,Italy,Toscana,ITI1,Italy,2880
AULLA_CAPOLUOGO,44.21945,9.96511,4000,17280,Italy,Toscana,ITI1,Italy,2880
IDL_DICOMANO,43.88116,11.52816,3500,15120,Italy,Toscana,ITI1,Italy,2520
IDL_MONTALE_EST,43.92546,11.01268,3500,15120,Italy,Toscana,ITI1,Italy,2520
IDL_TORRICCHIO,43.87362,10.70697,3500,15120,Italy,Toscana,ITI1,Italy,2520
IDL_STABBIA,43.78451,10.82095,3500,15120,Italy,Toscana,ITI1,Italy,2520
IDL_PITTINI,43.86406,10.74338,3500,15120,Italy,Toscana,ITI1,Italy,2520
IDL_PONTE_ALLA_CHIASSA,43.52289,11.87187,3500,15120,Italy,Toscana,ITI1,Italy,2520
IDL_PALAZZUOLO,44.1213,11.55746,3500,15120,Italy,Toscana,ITI1,Italy,2520
IDL_CALAVORNO_VOLTA_DELLA_LUNA,44.02371,10.52679,3300,14256,Italy,Toscana,ITI1,Italy,2376
IDL_CASCIANA_TERME,43.54649,10.62355,3200,13824,Italy,Toscana,ITI1,Italy,2304
IDL_PECCIOLI,43.54716,10.71142,3100,13392,Italy,Toscana,ITI1,Italy,2232
IDL_ROCCASTRADA_CAPOLUOGO,42.99837,11.16815,3100,13392,Italy,Toscana,ITI1,Italy,2232
IDL_RIGNANO_VIA_DEL_MOLINO,43.72268,11.45747,3000,12960,Italy,Toscana,ITI1,Italy,2160
IDL_VICARELLO,43.62119,10.46036,3000,12960,Italy,Toscana,ITI1,Italy,2160
IDL_CASTAGNETO_CARDUCCI,43.15787,10.60615,3000,12960,Italy,Toscana,ITI1,Italy,2160
IDL_SUVERETO_ACQUARI,43.07219,10.67534,3000,12960,Italy,Toscana,ITI1,Italy,2160
IDL_SAN_GIOVANNI_PITIGLIANO,42.63119,11.6724,3000,12960,Italy,Toscana,ITI1,Italy,2160
IDL_PERIGNANO,43.6098,10.58224,2850,12312,Italy,Toscana,ITI1,Italy,2052
IDL_FIRENZUOLA,44.11687,11.38955,2760,11923.2,Italy,Toscana,ITI1,Italy,1987.2
IDL_BARGI,43.90938,10.88942,2600,11232,Italy,Toscana,ITI1,Italy,1872
IDL_MERCATALE,43.64151,11.23615,2500,10800,Italy,Toscana,ITI1,Italy,1800
IDL_MONTALE_OVEST,43.9284,11.00357,2500,10800,Italy,Toscana,ITI1,Italy,1800
IDL_CENAIA,43.60881,10.53028,2500,10800,Italy,Toscana,ITI1,Italy,1800
IDL_RIBOLLA,42.95693,11.04027,2500,10800,Italy,Toscana,ITI1,Italy,1800
IDL_RIO_FONTANAMAGGIO,44.07053,10.47839,2150,9288,Italy,Toscana,ITI1,Italy,1548
IDL_LUGNANO,43.68412,10.54066,2000,8640,Italy,Toscana,ITI1,Italy,1440
IDL_TONACATO,43.74628,11.71917,2000,8640,Italy,Toscana,ITI1,Italy,1440
IDL_CELLANE,42.8871,11.53919,2000,8640,Italy,Toscana,ITI1,Italy,1440
IDL_SAN_ROCCO,42.63991,11.68168,2000,8640,Italy,Toscana,ITI1,Italy,1440
IDL_ANCHIONE,43.82118,10.75377,2000,8640,Italy,Toscana,ITI1,Italy,1440
IDL_SCHIAVONE,43.64864,11.06516,1999,8635.68,Italy,Toscana,ITI1,Italy,1439.28
IDL_VICOPISANO,43.70155,10.59098,1600,6912,Italy,Toscana,ITI1,Italy,1152
IDL_BADIA_POZZEVERI,43.8175,10.65199,1500,6480,Italy,Toscana,ITI1,Italy,1080
IMPIANTO_BIOECOLOGIA_PRIVATO,42.99009,11.95615,1500,6480,Italy,Umbria,ITI2,Italy,1080
IDL_BORRO_SANTO,43.64171,11.08107,1300,5616,Italy,Toscana,ITI1,Italy,936
IDL_MACCHIE_SAN_PIERO_TOMOLO,43.85631,10.69551,1250,5400,Italy,Toscana,ITI1,Italy,900
IDL_FONTANELLE,43.26762,11.74762,1250,5400,Italy,Toscana,ITI1,Italy,900
IDL_PONTE_DI_FEROCE,43.80108,10.84774,1200,5184,Italy,Toscana,ITI1,Italy,864
IDL_VIA_AMENDOLA,43.80781,10.86759,1200,5184,Italy,Toscana,ITI1,Italy,864
IDL_CASTELNUOVO,43.55067,11.84743,1000,4320,Italy,Toscana,ITI1,Italy,720
IDL_FONTEPOZZUOLO,43.27752,11.74799,1000,4320,Italy,Toscana,ITI1,Italy,720
DEP_CASTELNUOVO_G_OSPEDALE,44.10961,10.41474,1000,4320,Italy,Toscana,ITI1,Italy,720
DEP_FORNACI_DI_BARGA,44.04423,10.47487,1000,4320,Italy,Toscana,ITI1,Italy,720
IDL_PORRENA,43.73799,11.74278,840,3628.8,Italy,Toscana,ITI1,Italy,604.8
IDL_ZONA_167,43.05005,10.89992,500,2160,Italy,Toscana,ITI1,Italy,360
IDL_SANTA_CHIARA,42.6361,11.66983,400,1728,Italy,Toscana,ITI1,Italy,288
IDL_SAN_FRANCESCO_BIS,42.63795,11.67174,400,1728,Italy,Toscana,ITI1,Italy,288
DEP_SANTA_MARIA,44.11758,10.39856,300,1296,Italy,Toscana,ITI1,Italy,216
IDL_VIA_DELLA_BOTTE,43.68106,10.58175,250,1080,Italy,Toscana,ITI1,Italy,180
IDL_VIA_SOLDAINI,43.69392,10.4807,150,648,Italy,Toscana,ITI1,Italy,108
IDL_VIA_PARINI,43.69454,10.48121,150,648,Italy,Toscana,ITI1,Italy,108
IDL_POGGIO_DI_CECIO,43.67779,10.83673,100,432,Italy,Toscana,ITI1,Italy,72
PIP_CHITARRINO,44.05157,10.46248,100,432,Italy,Toscana,ITI1,Italy,72
DEP_BERTOLOTTI,44.04344,10.48134,80,345.6,Italy,Toscana,ITI1,Italy,57.6
IDL_ZONA_ARTIGIANA_CAPOLUOGO,43.64607,11.0744,50,216,Italy,Toscana,ITI1,Italy,36
IDL_VIA_VERDI,43.64366,11.07073,50,216,Italy,Toscana,ITI1,Italy,36
PIP_LOPPORA,44.04697,10.48123,35,151.2,Italy,Toscana,ITI1,Italy,25.2
Depuratore_Di_Ala,45.745,10.9846,10000,43200,Italy,Veneto,ITH3,Italy,7200
Depuratore_Di_Albiano,46.1468,11.1975,2000,8640,Italy,Provincia Autonoma di Trento,ITH2,Italy,1440
Depuratore_Di_Aldeno,45.9733,11.1044,4000,17280,Italy,Provincia Autonoma di Trento,ITH2,Italy,2880
Depuratore_Di_Andalo,46.161,10.9982,10000,43200,Italy,Provincia Autonoma di Trento,ITH2,Italy,7200
Depuratore_Di_Arco,45.8803,10.882,25700,111024,Italy,Provincia Autonoma di Trento,ITH2,Italy,18504
Depuratore_Di_Avio,45.7305,10.9463,8000,34560,Italy,Veneto,ITH3,Italy,5760
Depuratore_Di_Baselga_Di_Pine,46.1269,11.2334,10000,43200,Italy,Provincia Autonoma di Trento,ITH2,Italy,7200
Depuratore_Di_Calavino,46.0569,10.9796,7000,30240,Italy,Provincia Autonoma di Trento,ITH2,Italy,5040
Depuratore_Di_Campitello_Di_Fassa,46.4715,11.7389,20000,86400,Italy,Provincia Autonoma di Trento,ITH2,Italy,14400
Depuratore_Di_Campodenno,46.2488,11.0604,20000,86400,Italy,Provincia Autonoma di Trento,ITH2,Italy,14400
Depuratore_Di_Canal_San_Bovo,46.1513,11.7277,10000,43200,Italy,Provincia Autonoma di Trento,ITH2,Italy,7200
Depuratore_Di_Carbonare,45.9391,11.2236,3000,12960,Italy,Provincia Autonoma di Trento,ITH2,Italy,2160
Depuratore_Di_Castello_Di_Fiemme,46.2796,11.4459,30000,129600,Italy,Provincia Autonoma di Trento,ITH2,Italy,21600
Depuratore_Di_Castello_Tesino,46.0589,11.6299,7500,32400,Italy,Provincia Autonoma di Trento,ITH2,Italy,5400
Depuratore_Di_Cavareno,46.3999,11.1308,20000,86400,Italy,Provincia Autonoma di Trento,ITH2,Italy,14400
Depuratore_Di_Chizzola,45.8015,11.0155,30000,129600,Italy,Provincia Autonoma di Trento,ITH2,Italy,21600
Depuratore_Di_Cles,46.3495,11.0502,15000,64800,Italy,Provincia Autonoma di Trento,ITH2,Italy,10800
Depuratore_Di_Dimaro,46.328742,10.881039,20000,86400,Italy,Provincia Autonoma di Trento,ITH2,Italy,14400
Depuratore_Di_Dorsino,46.0689,10.8948,6000,25920,Italy,Provincia Autonoma di Trento,ITH2,Italy,4320
Depuratore_Di_Fai_Della_Paganella,46.1795,11.0771,5200,22464,Italy,Provincia Autonoma di Trento,ITH2,Italy,3744
Depuratore_Di_Faver,46.1745,11.2421,5400,23328,Italy,Provincia Autonoma di Trento,ITH2,Italy,3888
Depuratore_Di_Folgaria,45.9077,11.1517,24000,103680,Italy,Provincia Autonoma di Trento,ITH2,Italy,17280
Depuratore_Di_Fondo,46.43563,11.12998,10000,43200,Italy,Provincia Autonoma di Trento,ITH2,Italy,7200
Depuratore_Di_Giustino,46.1502,10.7631,30000,129600,Italy,Provincia Autonoma di Trento,ITH2,Italy,21600
Depuratore_Di_Grigno,45.9688,11.6855,3000,12960,Italy,Veneto,ITH3,Italy,2160
Depuratore_Di_Imer,46.1415,11.7869,30000,129600,Italy,Provincia Autonoma di Trento,ITH2,Italy,21600
Depuratore_Di_Lavarone,45.9321,11.265,12500,54000,Italy,Provincia Autonoma di Trento,ITH2,Italy,9000
Depuratore_Di_Lavis,46.1303,11.0819,30000,129600,Italy,Provincia Autonoma di Trento,ITH2,Italy,21600
Depuratore_Di_Levico,46.003,11.3198,100000,432000,Italy,Provincia Autonoma di Trento,ITH2,Italy,72000
Depuratore_Di_Madonna_Di_Campiglio,46.2148,10.825,32000,138240,Italy,Provincia Autonoma di Trento,ITH2,Italy,23040
Depuratore_Di_Male,46.3485,10.9171,12000,51840,Italy,Provincia Autonoma di Trento,ITH2,Italy,8640
Depuratore_Di_Malga_Laghetto,45.9502,11.302,3000,12960,Italy,Provincia Autonoma di Trento,ITH2,Italy,2160
Depuratore_Di_Mezzana,46.3157,10.813,30000,129600,Italy,Provincia Autonoma di Trento,ITH2,Italy,21600
Depuratore_Di_Mezzocorona,46.2037,11.1362,26500,114480,Italy,Provincia Autonoma di Trento,ITH2,Italy,19080
Depuratore_Di_Moena,46.3584,11.6441,17000,73440,Italy,Provincia Autonoma di Trento,ITH2,Italy,12240
Depuratore_Di_Molina_Di_Fiemme,46.268,11.4115,7500,32400,Italy,Provincia Autonoma di Trento,ITH2,Italy,5400
Depuratore_Di_Molina_Di_Ledro,45.8635,10.8151,4500,19440,Italy,Provincia Autonoma di Trento,ITH2,Italy,3240
Depuratore_Di_Molveno,46.138,10.9663,10000,43200,Italy,Provincia Autonoma di Trento,ITH2,Italy,7200
Depuratore_Di_Mori,45.8493,10.9955,20000,86400,Italy,Provincia Autonoma di Trento,ITH2,Italy,14400
Depuratore_Di_Passo_Tonale,46.2587,10.6047,10000,43200,Italy,Provincia Autonoma di Trento,ITH2,Italy,7200
Depuratore_Di_Pietramurata,46.0112,10.9531,5000,21600,Italy,Provincia Autonoma di Trento,ITH2,Italy,3600
Depuratore_Di_Pieve_Di_Bono,45.9269,10.6329,11000,47520,Italy,Provincia Autonoma di Trento,ITH2,Italy,7920
Depuratore_Di_Pieve_Di_Ledro,45.8814,10.7337,13500,58320,Italy,Provincia Autonoma di Trento,ITH2,Italy,9720
Depuratore_Di_Pieve_Tesino,46.0638,11.6165,4500,19440,Italy,Provincia Autonoma di Trento,ITH2,Italy,3240
Depuratore_Di_Pozza_Di_Fassa,46.4192,11.6843,40000,172800,Italy,Provincia Autonoma di Trento,ITH2,Italy,28800
Depuratore_Di_Ragoli,46.0528,10.7892,30000,129600,Italy,Provincia Autonoma di Trento,ITH2,Italy,21600
Depuratore_Di_Riva_Arena,45.8869,10.8563,50000,216000,Italy,Provincia Autonoma di Trento,ITH2,Italy,36000
Depuratore_Di_Riva_San_Nicolo,45.8765,10.8569,16000,69120,Italy,Provincia Autonoma di Trento,ITH2,Italy,11520
Depuratore_Di_Rovereto,45.8725,11.015,95000,410400,Italy,Provincia Autonoma di Trento,ITH2,Italy,68400
Depuratore_Di_San_Martino_Di_Castrozza_Camoi,46.24004,11.806472,24000,103680,Italy,Provincia Autonoma di Trento,ITH2,Italy,17280
Depuratore_Di_Santa_Massenza,46.0688,10.9848,3500,15120,Italy,Provincia Autonoma di Trento,ITH2,Italy,2520
Depuratore_Di_Spiazzo,46.0929,10.7351,13000,56160,Italy,Provincia Autonoma di Trento,ITH2,Italy,9360
Depuratore_Di_Stenico,46.047913,10.895805,20000,86400,Italy,Provincia Autonoma di Trento,ITH2,Italy,14400
Depuratore_Di_Storo,45.8384,10.558,10000,43200,Italy,Lombardia,ITC4,Italy,7200
Depuratore_Di_Taio,46.3156,11.0605,20000,86400,Italy,Provincia Autonoma di Trento,ITH2,Italy,14400
Depuratore_Di_Tesero,46.2841,11.5074,50000,216000,Italy,Provincia Autonoma di Trento,ITH2,Italy,36000
Depuratore_Di_Trento_Nord,46.0816,11.1092,120000,518400,Italy,Provincia Autonoma di Trento,ITH2,Italy,86400
Depuratore_Di_Trento_Sud,46.0354,11.1236,100000,432000,Italy,Provincia Autonoma di Trento,ITH2,Italy,72000
Depuratore_Di_Vallarsa,45.7962,11.0996,4500,19440,Italy,Provincia Autonoma di Trento,ITH2,Italy,3240
Depuratore_Di_Villa_Agnedo,46.0481,11.5141,30000,129600,Italy,Provincia Autonoma di Trento,ITH2,Italy,21600
ACQUASPARTA,42.694909,12.549247,3080,13305.6,Italy,Umbria,ITI2,Italy,2217.6
AMELIA_CECANIBBIO,42.545797,12.426442,4000,17280,Italy,Umbria,ITI2,Italy,2880
AMELIA_PATICCHI,42.551208,12.408451,8500,36720,Italy,Umbria,ITI2,Italy,6120
ARRONE,42.582201,12.761041,4000,17280,Italy,Umbria,ITI2,Italy,2880
ASSISI_BASTIA,43.036976,12.529384,66700,288144,Italy,Umbria,ITI2,Italy,48024
BEVAGNA_CAPRO,42.945777,12.603685,4700,20304,Italy,Umbria,ITI2,Italy,3384
CAMPELLO_SUL_CLITUNNO,42.837764,12.752091,3600,15552,Italy,Umbria,ITI2,Italy,2592
CANNARA_CENTRO_D1,42.9985369,12.5728976,3000,12960,Italy,Umbria,ITI2,Italy,2160
CASTEL_RITALDI_BRUNA_CASTEL_SAN_GIOVANNI,42.838502,12.709467,4000,17280,Italy,Umbria,ITI2,Italy,2880
CASTIGLIONE_DEL_LAGO_MADONNA_DEL_SOCCORSO,43.127834,12.021763,35000,151200,Italy,Umbria,ITI2,Italy,25200
CITTA_DELLA_PIEVE_LA_TROVA,42.960152,12.004825,5000,21600,Italy,Umbria,ITI2,Italy,3600
CITTA_DI_CASTELLO_CANONICA,43.443954,12.242303,60000,259200,Italy,Umbria,ITI2,Italy,43200
CORCIANO_TAVERNE,43.127651,12.25171,12000,51840,Italy,Umbria,ITI2,Italy,8640
DERUTA_COMUNANZA,42.978709,12.408117,16150,69768,Italy,Umbria,ITI2,Italy,11628
FABRO_PANTANO,42.870382,12.02903,4000,17280,Italy,Umbria,ITI2,Italy,2880
FOLIGNO_CASONE,42.918599,12.704578,90000,388800,Italy,Umbria,ITI2,Italy,64800
GIANO_DELL_UMBRIA_BASTARDO,42.875851,12.559161,3200,13824,Italy,Umbria,ITI2,Italy,2304
GUALDO_TADINO_ALOGNE_LE_COZZE,43.280965,12.736937,16560,71539.2,Italy,Umbria,ITI2,Italy,11923.2
GUBBIO_BRANCA,43.262168,12.675662,3500,15120,Italy,Umbria,ITI2,Italy,2520
GUBBIO_RAGGIO,43.368479,12.503693,4600,19872,Italy,Umbria,ITI2,Italy,3312
GUBBIO_SANT_ERASMO,43.303106,12.599724,25000,108000,Italy,Umbria,ITI2,Italy,18000
MAGIONE_MONTESPERELLO,43.132169,12.215179,20000,86400,Italy,Umbria,ITI2,Italy,14400
MARSCIANO_SANTA_MARIA_POGGIALI,42.91224,12.349619,18000,77760,Italy,Umbria,ITI2,Italy,12960
NARNI_FUNARIA,42.525287,12.517594,15000,64800,Italy,Umbria,ITI2,Italy,10800
NORCIA_SERRAVALLE,42.789119,13.038133,12000,51840,Italy,Umbria,ITI2,Italy,8640
ORVIETO_SCALO,42.72075,12.146216,20000,86400,Italy,Umbria,ITI2,Italy,14400
PANICALE_TAVERNELLE,42.99989,12.151941,8000,34560,Italy,Umbria,ITI2,Italy,5760
PASSIGNANO_SUL_TRASIMENO_LE_PEDATE,43.192757,12.112105,12000,51840,Italy,Umbria,ITI2,Italy,8640
PERUGIA_PIAN_DELLA_GENNA,43.064883,12.364096,98000,423360,Italy,Umbria,ITI2,Italy,70560
PERUGIA_PONTE_SAN_GIOVANNI,43.077403,12.43797,30000,129600,Italy,Umbria,ITI2,Italy,21600
PERUGIA_PONTE_VALLECEPPI,43.102863,12.467322,90000,388800,Italy,Umbria,ITI2,Italy,64800
PERUGIA_SAN_MARTINO,43.028887,12.40797,8000,34560,Italy,Umbria,ITI2,Italy,5760
PERUGIA_SAN_SISTO,43.079824,12.326655,40000,172800,Italy,Umbria,ITI2,Italy,28800
SAN_GEMINI_FAVAZZANO,42.607292,12.552566,2800,12096,Italy,Umbria,ITI2,Italy,2016
SAN_GEMINI_LAGO,42.600378,12.541355,2600,11232,Italy,Umbria,ITI2,Italy,1872
SAN_GIUSTINO_SELCI_LAMA,43.509151,12.185856,15000,64800,Italy,Umbria,ITI2,Italy,10800
SIGILLO,43.328972,12.731886,4000,17280,Italy,Umbria,ITI2,Italy,2880
SIGILLO_CAMPO_GIANNI,43.321953,12.742075,500,2160,Italy,Umbria,ITI2,Italy,360
SPELLO_CASTELLACCIO,43.011416,12.605293,25000,108000,Italy,Umbria,ITI2,Italy,18000
SPOLETO_CAMPOSALESE,42.804016,12.750993,60000,259200,Italy,Umbria,ITI2,Italy,43200
TERNI_GABELLETTA,42.587586,12.578685,15000,64800,Italy,Umbria,ITI2,Italy,10800
TERNI_MARATTA_BASSA_VIA_VANZETTI,42.562692,12.611052,185000,799200,Italy,Umbria,ITI2,Italy,133200
TODI_CASCIANELLA,42.765456,12.427189,25000,108000,Italy,Umbria,ITI2,Italy,18000
TREVI_PIETRAROSSA,42.885192,12.728898,8500,36720,Italy,Umbria,ITI2,Italy,6120
UMBERTIDE_PIAN_D_ASSINO,43.286571,12.365333,20000,86400,Italy,Umbria,ITI2,Italy,14400
Brissogne,45.73481,7.37952,150000,648000,Italy,Valle d’Aosta/Vallée d’Aoste,ITC2,Italy,108000
Issogne_Granpra,45.65323,7.6925,4500,19440,Italy,Valle d’Aosta/Vallée d’Aoste,ITC2,Italy,3240
Arnad,45.63925,7.71761,13000,56160,Italy,Valle d’Aosta/Vallée d’Aoste,ITC2,Italy,9360
Glereyaz,45.74594,7.62887,9000,38880,Italy,Valle d’Aosta/Vallée d’Aoste,ITC2,Italy,6480
Breil,45.74414,7.59012,1200,5184,Italy,Valle d’Aosta/Vallée d’Aoste,ITC2,Italy,864
Antey_Saint_Andre,45.77739,7.59333,13200,57024,Italy,Valle d’Aosta/Vallée d’Aoste,ITC2,Italy,9504
Montjovet_Oley,45.70134,7.66601,4000,17280,Italy,Valle d’Aosta/Vallée d’Aoste,ITC2,Italy,2880
Lillianes,45.6258,7.83239,10000,43200,Italy,Valle d’Aosta/Vallée d’Aoste,ITC2,Italy,7200
Gressoney_Trino,45.73856,7.85335,20000,86400,Italy,Valle d’Aosta/Vallée d’Aoste,ITC2,Italy,14400
Champorcher,45.62155,7.63219,5000,21600,Italy,Valle d’Aosta/Vallée d’Aoste,ITC2,Italy,3600
Challand_Saint_Anselme,45.71413,7.74197,2400,10368,Italy,Valle d’Aosta/Vallée d’Aoste,ITC2,Italy,1728
Cogne,45.61252,7.34767,10000,43200,Italy,Valle d’Aosta/Vallée d’Aoste,ITC2,Italy,7200
Montitaz,45.82650198,6.979595043,1900,8208,Italy,Valle d’Aosta/Vallée d’Aoste,ITC2,Italy,1368
Parleaz_1,45.74500142,7.570810305,200,864,Italy,Valle d’Aosta/Vallée d’Aoste,ITC2,Italy,144
Parleaz_2,45.74484122,7.570235908,50,216,Italy,Valle d’Aosta/Vallée d’Aoste,ITC2,Italy,36
Croux,45.74267293,7.531984163,1300,5616,Italy,Valle d’Aosta/Vallée d’Aoste,ITC2,Italy,936
Prati,45.74156671,7.561051432,1238,5348.16,Italy,Valle d’Aosta/Vallée d’Aoste,ITC2,Italy,891.36
Arlier,45.74347035,7.540833152,215,928.8,Italy,Valle d’Aosta/Vallée d’Aoste,ITC2,Italy,154.8
Septumian,45.73848006,7.524407509,120,518.4,Italy,Valle d’Aosta/Vallée d’Aoste,ITC2,Italy,86.4
Plantin,45.74190193,7.547712644,115,496.8,Italy,Valle d’Aosta/Vallée d’Aoste,ITC2,Italy,82.8
Nus_Capoluogo,45.7384504,7.472720451,1609,6950.88,Italy,Valle d’Aosta/Vallée d’Aoste,ITC2,Italy,1158.48
Rovarey,45.74469842,7.491257196,393,1697.76,Italy,Valle d’Aosta/Vallée d’Aoste,ITC2,Italy,282.96
Ronchettes,45.74467113,7.508368203,150,648,Italy,Valle d’Aosta/Vallée d’Aoste,ITC2,Italy,108
Mazod,45.73869996,7.455260965,191,825.12,Italy,Valle d’Aosta/Vallée d’Aoste,ITC2,Italy,137.52
Nus_Breil,45.74468385,7.482683167,1200,5184,Italy,Valle d’Aosta/Vallée d’Aoste,ITC2,Italy,864
Champagne,45.73608678,7.468404775,81,349.92,Italy,Valle d’Aosta/Vallée d’Aoste,ITC2,Italy,58.32
Miseregne,45.7362783,7.512177788,270,1166.4,Italy,Valle d’Aosta/Vallée d’Aoste,ITC2,Italy,194.4
Tillier,45.73952774,7.486164912,200,864,Italy,Valle d’Aosta/Vallée d’Aoste,ITC2,Italy,144
Cretes,45.74513808,7.493199357,50,216,Italy,Valle d’Aosta/Vallée d’Aoste,ITC2,Italy,36
Cimitero,45.74022019,7.486120486,1300,5616,Italy,Valle d’Aosta/Vallée d’Aoste,ITC2,Italy,936
Cort,45.74383675,7.514098051,640,2764.8,Italy,Valle d’Aosta/Vallée d’Aoste,ITC2,Italy,460.8
Pratinuovi,45.58684186,7.798202706,1000,4320,Italy,Valle d’Aosta/Vallée d’Aoste,ITC2,Italy,720
Cascinedora,45.59020583,7.790310804,70,302.4,Italy,Valle d’Aosta/Vallée d’Aoste,ITC2,Italy,50.4
Stazione,45.58970149,7.794539328,1000,4320,Italy,Valle d’Aosta/Vallée d’Aoste,ITC2,Italy,720
Vasca_A,45.59141532,7.786387503,800,3456,Italy,Valle d’Aosta/Vallée d’Aoste,ITC2,Italy,576
Vasca_B,45.59141532,7.786387503,650,2808,Italy,Valle d’Aosta/Vallée d’Aoste,ITC2,Italy,468
Vasca_C,45.59141532,7.786387503,500,2160,Italy,Valle d’Aosta/Vallée d’Aoste,ITC2,Italy,360
Vasca_A3,45.59141532,7.786387503,500,2160,Italy,Valle d’Aosta/Vallée d’Aoste,ITC2,Italy,360
Vasca_A4,45.59141532,7.786387503,1500,6480,Italy,Valle d’Aosta/Vallée d’Aoste,ITC2,Italy,1080
Viaumberto,45.6108907,7.746185716,200,864,Italy,Valle d’Aosta/Vallée d’Aoste,ITC2,Italy,144
Sovey,45.61042037,7.745157417,65,280.8,Italy,Valle d’Aosta/Vallée d’Aoste,ITC2,Italy,46.8
Viastazione_Hone,45.61340324,7.744637723,250,1080,Italy,Valle d’Aosta/Vallée d’Aoste,ITC2,Italy,180
Viachanoux_Hone,45.61068308,7.744406377,750,3240,Italy,Valle d’Aosta/Vallée d’Aoste,ITC2,Italy,540
Plandebrun,45.60433143,7.806036018,150,648,Italy,Valle d’Aosta/Vallée d’Aoste,ITC2,Italy,108
Laffait,45.60138179,7.762310153,20,86.4,Italy,Valle d’Aosta/Vallée d’Aoste,ITC2,Italy,14.4
Clapey,45.5997823,7.772564477,276,1192.32,Italy,Valle d’Aosta/Vallée d’Aoste,ITC2,Italy,198.72
Outrefer,45.60124819,7.757466241,90,388.8,Italy,Valle d’Aosta/Vallée d’Aoste,ITC2,Italy,64.8
Pramotton,45.59019559,7.783413953,140,604.8,Italy,Valle d’Aosta/Vallée d’Aoste,ITC2,Italy,100.8
Grandvert,45.59562461,7.778501546,300,1296,Italy,Valle d’Aosta/Vallée d’Aoste,ITC2,Italy,216
Bedeugaz,45.74553539,7.576812997,120,518.4,Italy,Valle d’Aosta/Vallée d’Aoste,ITC2,Italy,86.4
Equilivaz,45.719559,7.10399,60000,259200,Italy,Valle d’Aosta/Vallée d’Aoste,ITC2,Italy,43200
Ussin,45.85039,7.60562,40000,172800,Italy,Valle d’Aosta/Vallée d’Aoste,ITC2,Italy,28800
Ayas_Corbet,45.7967,7.69644,20000,86400,Italy,Valle d’Aosta/Vallée d’Aoste,ITC2,Italy,14400
Verres,45.64929,7.69726,4000,17280,Italy,Valle d’Aosta/Vallée d’Aoste,ITC2,Italy,2880
Brusson,45.75711,7.72777,4500,19440,Italy,Valle d’Aosta/Vallée d’Aoste,ITC2,Italy,3240
Saint_Vincent,45.74383,7.64449,8000,34560,Italy,Valle d’Aosta/Vallée d’Aoste,ITC2,Italy,5760
Saint_Marcel,45.7389,7.45129,19000,82080,Italy,Valle d’Aosta/Vallée d’Aoste,ITC2,Italy,13680
Bovolone_Via_Valle_Del_Menago,45.248,11.125,18500,79920,Italy,Veneto,ITH3,Italy,13320
Pescantina_Settimo,45.469,10.912,3000,12960,Italy,Veneto,ITH3,Italy,2160
Pescantina_Tremole,45.474,10.877,12000,51840,Italy,Veneto,ITH3,Italy,8640
Bussolengo_Albere,45.477,10.871,18000,77760,Italy,Veneto,ITH3,Italy,12960
San_Martino_Buon_Albergo_Ca_Dell_Aglio,45.411,11.108,20000,86400,Italy,Veneto,ITH3,Italy,14400
Caldiero_Battaiole,45.393,11.158,30000,129600,Italy,Veneto,ITH3,Italy,21600
Caprino_Veronese_Montesei_Pesina,45.587,10.764,10000,43200,Italy,Veneto,ITH3,Italy,7200
Castel_D_Azzano_San_Martino,45.345,10.949,20000,86400,Italy,Veneto,ITH3,Italy,14400
Cologna_Veneta_Via_Traversina,45.291,11.381,45000,194400,Italy,Veneto,ITH3,Italy,32400
Gazzo_Veronese_Morraron,45.129,11.083,4000,17280,Italy,Lombardia,ITC4,Italy,2880
Oppeano_Feniletto,45.313,11.127,3500,15120,Italy,Veneto,ITH3,Italy,2520
Oppeano_Casotton,45.302,11.195,6000,25920,Italy,Veneto,ITH3,Italy,4320
Minerbe_Cavalle,45.24,11.354,2200,9504,Italy,Veneto,ITH3,Italy,1584
Legnago_Porto,45.186,11.334,7000,30240,Italy,Veneto,ITH3,Italy,5040
Legnago_Vangadizza,45.157,11.287,40000,172800,Italy,Veneto,ITH3,Italy,28800
Mozzecane_San_Faustino,45.299,10.819,6500,28080,Italy,Veneto,ITH3,Italy,4680
Nogara_Via_Valle,45.164,11.067,4500,19440,Italy,Lombardia,ITC4,Italy,3240
Castelnuovo_Del_Garda_Ferratella,45.429,10.765,4000,17280,Italy,Veneto,ITH3,Italy,2880
Affi_Costabella,45.549,10.78,9500,41040,Italy,Veneto,ITH3,Italy,6840
Peschiera_Del_Garda_Paradiso,45.424,10.702,422000,1823040,Italy,Veneto,ITH3,Italy,303840
Povegliano_Veronese_Via_Nogarole_Rocca,45.337,10.887,40000,172800,Italy,Veneto,ITH3,Italy,28800
San_Bonifacio_Palu,45.388,11.276,60000,259200,Italy,Veneto,ITH3,Italy,43200
San_Giovanni_Lupatoto_Palustrella,45.371,11.059,30000,129600,Italy,Veneto,ITH3,Italy,21600
San_Pietro_In_Cariano_Nassar,45.484,10.927,20000,86400,Italy,Veneto,ITH3,Italy,14400
Sommacampagna_Via_Dell_Industria,45.392,10.842,36000,155520,Italy,Veneto,ITH3,Italy,25920
Verona_Via_Avesani,45.418,10.996,410000,1771200,Italy,Veneto,ITH3,Italy,295200
Vigasio_Corso_Garibaldi,45.313,10.945,7800,33696,Italy,Veneto,ITH3,Italy,5616
Villabartolomea_Via_Boschetto,45.146,11.358,500,2160,Italy,Veneto,ITH3,Italy,360
Villabartolomea_Carpi,45.133,11.388,1550,6696,Italy,Veneto,ITH3,Italy,1116
Villabartolomea_Spinimbecco,45.14,11.373,1800,7776,Italy,Veneto,ITH3,Italy,1296
Villabartolomea_Brancaglie,45.147,11.347,1800,7776,Italy,Veneto,ITH3,Italy,1296
Castagnaro_Via_Pelosa,45.113,11.409,1600,6912,Italy,Veneto,ITH3,Italy,1152
Ronco_All_Adige_Quadrelli,45.327,11.247,7000,30240,Italy,Veneto,ITH3,Italy,5040
Zevio_Tre_Corone,45.366,11.141,14000,60480,Italy,Veneto,ITH3,Italy,10080
Sant_Ambrogio_Di_Valpolicella_Ponton,45.516,10.805,30000,129600,Italy,Veneto,ITH3,Italy,21600
Arzignano_Via_Altura,45.502,11.377,2360000,10195200,Italy,Veneto,ITH3,Italy,1699200
Barbarano_Vicentino_Ponte,45.378,11.575,7500,32400,Italy,Veneto,ITH3,Italy,5400
Bassano_Del_Grappa_Via_San_Lazzaro,45.739,11.702,96000,414720,Italy,Veneto,ITH3,Italy,69120
Bolzano_Via_Zuccola,45.595,11.624,3500,15120,Italy,Veneto,ITH3,Italy,2520
Grisignano_Di_Zocco_Via_Kennedy,45.461,11.71,43000,185760,Italy,Veneto,ITH3,Italy,30960
Isola_Vicentina_Via_Vicenza,45.601,11.481,40288,174044.16,Italy,Veneto,ITH3,Italy,29007.36
Lonigo_Via_Lore,45.372,11.376,50000,216000,Italy,Veneto,ITH3,Italy,36000
Montebello_Vicentino_Via_Fracanzana,45.438,11.377,472000,2039040,Italy,Veneto,ITH3,Italy,339840
Montecchio_Maggiore_Via_Callesella,45.485,11.434,70000,302400,Italy,Veneto,ITH3,Italy,50400
Castegnero_Via_Frassena,45.432,11.607,5500,23760,Italy,Veneto,ITH3,Italy,3960
Noventa_Vicentina_Via_De_Gasperi,45.281,11.537,9800,42336,Italy,Veneto,ITH3,Italy,7056
Bressanvido_V_Strada_Alta,45.624,11.621,4000,17280,Italy,Veneto,ITH3,Italy,2880
Sandrigo_Via_Albaretto,45.654,11.607,9000,38880,Italy,Veneto,ITH3,Italy,6480
Schio_Via_Ca_Capretta,45.713,11.403,60000,259200,Italy,Veneto,ITH3,Italy,43200
Orgiano_Pilastro,45.326,11.492,500,2160,Italy,Veneto,ITH3,Italy,360
Orgiano_Ca_Losca,45.343,11.462,2500,10800,Italy,Veneto,ITH3,Italy,1800
Sossano_Via_Ronche,45.359,11.517,4000,17280,Italy,Veneto,ITH3,Italy,2880
Tezze_Sul_Brenta_Via_Brenta,45.671,11.692,100000,432000,Italy,Veneto,ITH3,Italy,72000
Asiago_Localita_Mosele,45.857,11.483,35000,151200,Italy,Veneto,ITH3,Italy,25200
Thiene_Santo,45.665,11.488,127000,548640,Italy,Veneto,ITH3,Italy,91440
Trissino_Pranovi,45.542,11.383,127500,550800,Italy,Veneto,ITH3,Italy,91800
Vicenza_Longara,45.506,11.574,3500,15120,Italy,Veneto,ITH3,Italy,2520
Creazzo_Via_Brescia,45.526,11.48,12500,54000,Italy,Veneto,ITH3,Italy,9000
Caldogno_Via_M_T_Di_Calcutta,45.587,11.524,13500,58320,Italy,Veneto,ITH3,Italy,9720
Dueville_Vivaro,45.603,11.549,22000,95040,Italy,Veneto,ITH3,Italy,15840
Vicenza_Sant_Agostino,45.522,11.515,100000,432000,Italy,Veneto,ITH3,Italy,72000
Vicenza_Casale,45.52,11.578,92000,397440,Italy,Veneto,ITH3,Italy,66240
Alano_Di_Piave_Centro_Fener,45.902,11.946,4200,18144,Italy,Veneto,ITH3,Italy,3024
Auronzo_Di_Cadore_Tarlisse,46.535,12.467,17500,75600,Italy,Veneto,ITH3,Italy,12600
Belluno_Marisiga,46.125,12.193,32000,138240,Italy,Veneto,ITH3,Italy,23040
Cortina_Pian_De_Raspinis,46.506,12.145,18500,79920,Italy,Veneto,ITH3,Italy,13320
Feltre_Stazione_Ferroviaria,46.012,11.913,77500,334800,Italy,Veneto,ITH3,Italy,55800
Fonzaso_Fenadora,46.001,11.806,4400,19008,Italy,Veneto,ITH3,Italy,3168
Forno_Di_Zoldo_Scussiei,46.347,12.19,1400,6048,Italy,Veneto,ITH3,Italy,1008
Forno_Di_Zoldo_Soccampo,46.344,12.184,3900,16848,Italy,Veneto,ITH3,Italy,2808
Lentiai_Villaghe,46.03,11.995,3000,12960,Italy,Veneto,ITH3,Italy,2160
Limana_Baorche,46.095,12.176,750,3240,Italy,Veneto,ITH3,Italy,540
Limana_Cesa,46.102,12.154,1000,4320,Italy,Veneto,ITH3,Italy,720
Limana_Sampoi,46.103,12.177,2000,8640,Italy,Veneto,ITH3,Italy,1440
Longarone_Provagna,46.243,12.31,440,1900.8,Italy,Veneto,ITH3,Italy,316.8
Longarone_Villanova_Fae_Zona_Ind,46.249,12.305,1800,7776,Italy,Veneto,ITH3,Italy,1296
Longarone_Rivalta_Capoluogo,46.259,12.307,6000,25920,Italy,Veneto,ITH3,Italy,4320
Pieve_D_Alpago_Z_Ind_Paludi,46.143,12.325,8000,34560,Italy,Veneto,ITH3,Italy,5760
Pieve_Di_Cadore_Rauza,46.424,12.385,4400,19008,Italy,Veneto,ITH3,Italy,3168
Calalzo_Di_Cadore_Col_Dei_Cai,46.444,12.395,6000,25920,Italy,Veneto,ITH3,Italy,4320
Domegge_Di_Cadore_Piani_Di_Vallesella,46.453,12.41,6000,25920,Italy,Veneto,ITH3,Italy,4320
Ponte_Nelle_Alpi_La_Na,46.176,12.278,5000,21600,Italy,Veneto,ITH3,Italy,3600
Santa_Giustina_Formegan,46.066,12.027,5000,21600,Italy,Veneto,ITH3,Italy,3600
Sedico_Mastella_Mas,46.147,12.124,2000,8640,Italy,Veneto,ITH3,Italy,1440
Sedico_Oselete,46.085,12.085,9700,41904,Italy,Veneto,ITH3,Italy,6984
Vigo_Di_Cadore_Pelos,46.488,12.456,3600,15552,Italy,Veneto,ITH3,Italy,2592
Carbonera_Via_Bianchini,45.674,12.292,43300,187056,Italy,Veneto,ITH3,Italy,31176
"Casier_Dosson,_Via_Bigonzo",45.608,12.264,12000,51840,Italy,Veneto,ITH3,Italy,8640
Mussolente_Campo_Aviazione,45.752,11.827,22000,95040,Italy,Veneto,ITH3,Italy,15840
Castelfranco_Borgo_Padova,45.654,11.94,40000,172800,Italy,Veneto,ITH3,Italy,28800
Castelfranco_Salvatronda,45.664,11.979,73300,316656,Italy,Veneto,ITH3,Italy,52776
"Vazzola_Visna_,_Via_Montegrappa",45.832,12.417,4000,17280,Italy,Veneto,ITH3,Italy,2880
Mareno_Di_Piave_Piazza_Vittorio_Emanuele_Iii,45.848,12.357,7000,30240,Italy,Veneto,ITH3,Italy,5040
Conegliano_Via_Ca_Di_Villa_Campolongo,45.866,12.326,70000,302400,Italy,Veneto,ITH3,Italy,50400
Cordignano_Via_Palu,45.935,12.458,30000,129600,Italy,Veneto,ITH3,Italy,21600
"Cornuda_La_Valle,_Via_San_Valentino",45.82,11.993,3000,12960,Italy,Veneto,ITH3,Italy,2160
Crocetta_Del_Montello_Via_Baracca,45.826,12.058,5500,23760,Italy,Veneto,ITH3,Italy,3960
Revine_Lago_Lago,45.977,12.199,5000,21600,Italy,Veneto,ITH3,Italy,3600
"Giavera_Del_Montello_Cusignana,_Via_Toniolo",45.772,12.202,18000,77760,Italy,Veneto,ITH3,Italy,12960
Montebelluna_San_Gaetano,45.743,12.046,32000,138240,Italy,Veneto,ITH3,Italy,23040
Oderzo_Fratta_Sx_Moticano,45.788,12.511,18000,77760,Italy,Veneto,ITH3,Italy,12960
Oderzo_Spine,45.775,12.497,18000,77760,Italy,Veneto,ITH3,Italy,12960
Cimadolmo_Loc_Stabiuzzo_Via_Roncadelle,45.756,12.393,950,4104,Italy,Veneto,ITH3,Italy,684
Pederobba_Via_Feltrina,45.873,11.967,3000,12960,Italy,Veneto,ITH3,Italy,2160
Pederobba_Covolo,45.843,12.034,3500,15120,Italy,Veneto,ITH3,Italy,2520
Ponte_Di_Piave_Via_Risorgimento,45.715,12.458,14000,60480,Italy,Veneto,ITH3,Italy,10080
Preganziol_Via_Schiavonia,45.59,12.242,17112,73923.84,Italy,Veneto,ITH3,Italy,12320.64
Morgano_Via_Molin_Cappello_Sud,45.63,12.092,3000,12960,Italy,Veneto,ITH3,Italy,2160
Quinto_Di_Treviso_Via_Nogare,45.641,12.176,11000,47520,Italy,Veneto,ITH3,Italy,7920
Paese_Via_Brondi,45.667,12.171,45000,194400,Italy,Veneto,ITH3,Italy,32400
Farra_Di_Soligo_Via_Boschet,45.893,12.119,5000,21600,Italy,Veneto,ITH3,Italy,3600
Silea_Via_Sile,45.65,12.298,8000,34560,Italy,Veneto,ITH3,Italy,5760
"Treviso_Sant_Antonino,_Via_Pavese",45.649,12.276,70000,302400,Italy,Veneto,ITH3,Italy,50400
"Valdobbiadene_Bigolino,_Via_Dei_Faveri",45.863,12.027,10000,43200,Italy,Veneto,ITH3,Italy,7200
Vidor_Via_Riva_Alta,45.854,12.069,3000,12960,Italy,Veneto,ITH3,Italy,2160
Zero_Branco_Via_Milan,45.59,12.175,4000,17280,Italy,Veneto,ITH3,Italy,2880
Orsago_Via_G_Mazza,45.925,12.422,3500,15120,Italy,Veneto,ITH3,Italy,2520
Annone_Veneto_Lorenzaga,45.781,12.68,2000,8640,Italy,Veneto,ITH3,Italy,1440
Caorle_San_Giorgio_Di_Livenza,45.651,12.807,3000,12960,Italy,Veneto,ITH3,Italy,2160
Caorle_Palangon,45.614,12.888,120000,518400,Italy,Veneto,ITH3,Italy,86400
Cavallino_Treporti_Cavallino,45.459,12.487,105000,453600,Italy,Veneto,ITH3,Italy,75600
Cavarzere_Cavarzere_Via_Piantazza,45.133,12.097,20000,86400,Italy,Veneto,ITH3,Italy,14400
Ceggia_Capoluogo,45.683,12.629,6750,29160,Italy,Veneto,ITH3,Italy,4860
Chioggia_Brondolo,45.2,12.27,165000,712800,Italy,Veneto,ITH3,Italy,118800
Cona_Pegolotte,45.194,12.031,6000,25920,Italy,Veneto,ITH3,Italy,4320
Eraclea_Ponte_Crepaldo,45.594,12.7,4700,20304,Italy,Veneto,ITH3,Italy,3384
Eraclea_Eraclea_Mare_Via_Dei_Pioppi,45.553,12.741,32000,138240,Italy,Veneto,ITH3,Italy,23040
Fossalta_Di_Portogruaro_Via_Europa,45.783,12.912,3000,12960,Italy,Veneto,ITH3,Italy,2160
Jesolo_Via_Aleardi,45.505,12.617,185000,799200,Italy,Veneto,ITH3,Italy,133200
Meolo_Via_Marteggia,45.609,12.46,9000,38880,Italy,Veneto,ITH3,Italy,6480
Fossalta_Di_Piave_Cadorna,45.642,12.5,3600,15552,Italy,Veneto,ITH3,Italy,2592
"Musile_Via_Rovigo,_13",45.628,12.543,9640,41644.8,Italy,Veneto,ITH3,Italy,6940.8
Concordia_Sagittaria_Lott_Levada,45.75,12.812,200,864,Italy,Veneto,ITH3,Italy,144
Portogruaro_Via_Ettore_Tito,45.777,12.867,200,864,Italy,Veneto,ITH3,Italy,144
Cinto_Caomaggiore_Via_Roma,45.819,12.794,2000,8640,Italy,Friuli-Venezia Giulia,ITH4,Italy,1440
Concordia_Sagittaria_Via_Gabriella,45.748,12.853,3500,15120,Italy,Veneto,ITH3,Italy,2520
Concordia_Sagittaria_Via_Basse,45.754,12.835,4200,18144,Italy,Veneto,ITH3,Italy,3024
Portogruaro_Via_Venezia,45.77,12.827,10000,43200,Italy,Veneto,ITH3,Italy,7200
Pramaggiore_Blessaglia,45.801,12.722,4500,19440,Italy,Friuli-Venezia Giulia,ITH4,Italy,3240
Quarto_D_Altino_Via_Marconi,45.575,12.38,50000,216000,Italy,Veneto,ITH3,Italy,36000
San_Dona_Di_Piave_Via_Tronco,45.622,12.602,62500,270000,Italy,Veneto,ITH3,Italy,45000
San_Michele_Al_Tagliamento_Via_Aldo_Moro,45.756,12.987,8000,34560,Italy,Veneto,ITH3,Italy,5760
San_Michele_Al_Tagliamento_Via_Parenzo,45.642,13.075,150000,648000,Italy,Veneto,ITH3,Italy,108000
Torre_Di_Mosto_Via_Xola,45.68,12.707,3000,12960,Italy,Veneto,ITH3,Italy,2160
Venezia_Lido,45.364,12.335,30000,129600,Italy,Veneto,ITH3,Italy,21600
Venezia_Campalto,45.485,12.307,130000,561600,Italy,Veneto,ITH3,Italy,93600
Venezia_Fusina_Via_Dei_Cantieri,45.431,12.251,400000,1728000,Italy,Veneto,ITH3,Italy,288000
Santo_Stino_Di_Livenza_La_Salute,45.665,12.795,2500,10800,Italy,Veneto,ITH3,Italy,1800
Santo_Stino_Di_Livenza_Canaletta,45.731,12.697,10000,43200,Italy,Veneto,ITH3,Italy,7200
Teglio_Veneto_Loc_Cintello,45.818,12.857,300,1296,Italy,Veneto,ITH3,Italy,216
Teglio_Veneto_Capoluogo,45.813,12.88,800,3456,Italy,Veneto,ITH3,Italy,576
Abano_Via_Montegrotto,45.341,11.771,35000,151200,Italy,Veneto,ITH3,Italy,25200
Agna_Via_Cimitero,45.162,11.966,6200,26784,Italy,Veneto,ITH3,Italy,4464
Anguillara_Veneta_Via_Ponte_Loc_Borgoforte,45.146,11.939,1600,6912,Italy,Veneto,ITH3,Italy,1152
Anguillara_Veneta_Via_Olimpiadi,45.144,11.889,3000,12960,Italy,Veneto,ITH3,Italy,2160
Boara_Pisani_Via_Roma,45.117,11.765,7500,32400,Italy,Veneto,ITH3,Italy,5400
Carmignano_Di_Brenta_Via_Ospitale,45.622,11.724,20000,86400,Italy,Veneto,ITH3,Italy,14400
Casalserugo_Via_L_Da_Vinci,45.308,11.915,5000,21600,Italy,Veneto,ITH3,Italy,3600
Tombolo_Via_Campolongo_Onara,45.617,11.825,12000,51840,Italy,Veneto,ITH3,Italy,8640
Cittadella_Via_Delle_Sansughe,45.639,11.795,75000,324000,Italy,Veneto,ITH3,Italy,54000
Codevigo_Via_Altipiano,45.247,12.107,65000,280800,Italy,Veneto,ITH3,Italy,46800
Conselve_Via_Dell_Industria_Zi,45.203,11.901,46880,202521.6,Italy,Veneto,ITH3,Italy,33753.6
Ospedaletto_Euganeo_Via_Peagnola,45.218,11.624,3000,12960,Italy,Veneto,ITH3,Italy,2160
Este_Via_Pra,45.211,11.647,25000,108000,Italy,Veneto,ITH3,Italy,18000
Grantorto_Via_S_Antonio,45.598,11.736,8000,34560,Italy,Veneto,ITH3,Italy,5760
"Villafranca_Padovana_Via_Firenze,_Loc_Taggi_Di_Sopra",45.473,11.811,12000,51840,Italy,Veneto,ITH3,Italy,8640
Limena_Via_A_Volta,45.466,11.861,20000,86400,Italy,Veneto,ITH3,Italy,14400
Masera_Via_Roma,45.317,11.875,5933,25630.56,Italy,Veneto,ITH3,Italy,4271.76
Casale_Di_Scodosia_Via_Veneto_Z_A,45.184,11.496,2000,8640,Italy,Veneto,ITH3,Italy,1440
Casale_Di_Scodosia_Via_O_De_Luca,45.186,11.463,2100,9072,Italy,Veneto,ITH3,Italy,1512
Merlara_Via_Zurlara,45.164,11.436,4000,17280,Italy,Veneto,ITH3,Italy,2880
Mestrino_Via_Petrarca,45.428,11.767,15000,64800,Italy,Veneto,ITH3,Italy,10800
Monselice_Via_Del_Borgo,45.223,11.764,40000,172800,Italy,Veneto,ITH3,Italy,28800
"Montagnana_Via_Chisogno,_Loc_Chisogno",45.233,11.479,12000,51840,Italy,Veneto,ITH3,Italy,8640
"Padova_Via_Pontedera,_Loc_Guizza",45.378,11.879,13000,56160,Italy,Veneto,ITH3,Italy,9360
Albignasego_Via_Torino,45.347,11.878,40000,172800,Italy,Veneto,ITH3,Italy,28800
"Padova_Via_A_Pedanio,_Localita_Ca_Nordio",45.383,11.914,197000,851040,Italy,Veneto,ITH3,Italy,141840
Pernumia_Via_Bevarara,45.262,11.792,9350,40392,Italy,Veneto,ITH3,Italy,6732
Pontelongo_Via_Dante,45.24,12.031,6000,25920,Italy,Veneto,ITH3,Italy,4320
Pozzonovo_Via_Vallase,45.186,11.796,14700,63504,Italy,Veneto,ITH3,Italy,10584
Selvazzano_Via_Montegrappa,45.38,11.802,27500,118800,Italy,Veneto,ITH3,Italy,19800
Santa_Margherita_D_Adige_Via_Granze,45.206,11.572,19000,82080,Italy,Veneto,ITH3,Italy,13680
Solesino_Via_Tiepolo,45.163,11.752,12250,52920,Italy,Veneto,ITH3,Italy,8820
Vigonza_Via_Barbarigo,45.424,11.992,70000,302400,Italy,Veneto,ITH3,Italy,50400
Torreglia_Via_Boschette,45.333,11.744,5000,21600,Italy,Veneto,ITH3,Italy,3600
Montegrotto_Terme_Via_Fratelli_Bandiera,45.313,11.791,25000,108000,Italy,Veneto,ITH3,Italy,18000
Rubano_Via_Mazzini,45.425,11.825,22000,95040,Italy,Veneto,ITH3,Italy,15840
Cervarese_Santa_Croce_Via_Xx_Settembre_Montemerlo,45.374,11.715,12000,51840,Italy,Veneto,ITH3,Italy,8640
Ponte_San_Nicolo_Via_S_Antonio_Localita_Rio,45.36,11.923,18000,77760,Italy,Veneto,ITH3,Italy,12960
Cadoneghe_Via_Matteotti,45.44,11.914,50000,216000,Italy,Veneto,ITH3,Italy,36000
Ariano_Polesine_Via_Brenta,44.945,12.135,9500,41040,Italy,Emilia-Romagna,ITH5,Italy,6840
Badia_Polesine_Via_Ca_Mignola,45.094,11.51,25000,108000,Italy,Veneto,ITH3,Italy,18000
Bergantino_Via_Vaccaro,45.066,11.251,3000,12960,Italy,Lombardia,ITC4,Italy,2160
Ficarolo_Via_Belfiore,44.961,11.447,4000,17280,Italy,Veneto,ITH3,Italy,2880
Castelmassa_Via_Sarta,45.003,11.333,50000,216000,Italy,Lombardia,ITC4,Italy,36000
Corbola_Via_Nuova,45.002,12.092,2000,8640,Italy,Veneto,ITH3,Italy,1440
Fiesso_Umbertiano_Via_Cerdi,44.969,11.608,4000,17280,Italy,Veneto,ITH3,Italy,2880
Lusia_Via_Gorzon,45.093,11.672,3000,12960,Italy,Veneto,ITH3,Italy,2160
Fratta_Polesine_Via_Palladio,45.025,11.648,4200,18144,Italy,Veneto,ITH3,Italy,3024
Lendinara_Via_Ca_Morosini,45.092,11.602,9000,38880,Italy,Veneto,ITH3,Italy,6480
Stienta_Via_Maffei,44.944,11.543,3000,12960,Italy,Emilia-Romagna,ITH5,Italy,2160
Occhiobello_Viale_Stazione,44.896,11.617,12000,51840,Italy,Emilia-Romagna,ITH5,Italy,8640
Porto_Tolle_Via_Tangenziale_Est,44.942,12.325,6000,25920,Italy,Veneto,ITH3,Italy,4320
Porto_Viro_Ovest_S_S_Romea,45.014,12.244,50000,216000,Italy,Veneto,ITH3,Italy,36000
San_Martino_Di_Venezze_Via_Borgo_Sud,45.125,11.877,3000,12960,Italy,Veneto,ITH3,Italy,2160
Polesella_Via_Del_Gorgo,44.967,11.763,3600,15552,Italy,Veneto,ITH3,Italy,2592
Rovigo_Tangenziale_Est,45.093,11.801,2700,11664,Italy,Veneto,ITH3,Italy,1944
Villadose_Via_Andreotti,45.069,11.9,5000,21600,Italy,Veneto,ITH3,Italy,3600
Rovigo_S_Apollinare,45.042,11.837,74500,321840,Italy,Veneto,ITH3,Italy,53640
Trecenta_Via_Berettare,45.025,11.469,5500,23760,Italy,Veneto,ITH3,Italy,3960
Adria_Via_Dante,45.022,12.077,3000,12960,Italy,Veneto,ITH3,Italy,2160
Adria_Via_Retratto,45.046,12.05,20000,86400,Italy,Veneto,ITH3,Italy,14400
Rosolina_Mare_Via_Foci_Adige,45.15,12.327,30000,129600,Italy,Veneto,ITH3,Italy,21600
San_Vendemiano_Via_Fontane,45.878,12.383,12500,54000,Italy,Veneto,ITH3,Italy,9000
Impianto_Depurazione_Di_Maserada,45.736,12.367,200,864,Italy,Veneto,ITH3,Italy,144
Impianto_Di_Depurazione_Di_Caerano_Via_Vittime_Del_Vajont,45.755,11.991,400,1728,Italy,Veneto,ITH3,Italy,288
Impianto_Di_Fitodepurazione_Via_Dei_Rizzi_Maser,45.794,11.959,95,410.4,Italy,Veneto,ITH3,Italy,68.4
Impianto_Di_Depurazione_Treviso_Via_Pennacchi,45.698,12.259,700,3024,Italy,Veneto,ITH3,Italy,504
Impianto_Di_Depurazione_Treviso_Loc_Monigo,45.678,12.208,200,864,Italy,Veneto,ITH3,Italy,144
Impianto_Di_Depurazione_Treviso_Loc_S_Angelo,45.65,12.211,190,820.8,Italy,Veneto,ITH3,Italy,136.8
Fss_If01_Fitodepurazione,45.798,12.892,330,1425.6,Italy,Veneto,ITH3,Italy,237.6
Depuratore_Di_Roncade_San_Cipriano_Via_Marconi,45.603,12.374,8000,34560,Italy,Veneto,ITH3,Italy,5760
Impianto_Depurazione_Di_Nervesa_Loc_Bidasio_Via_Matteotti,45.812,12.241,250,1080,Italy,Veneto,ITH3,Italy,180
Por_Id05_Portogruaro_Via_Attigliana,45.781,12.853,150,648,Italy,Veneto,ITH3,Italy,108
Por_Id07_Portogruaro_Via_Zanella,45.768,12.869,75,324,Italy,Veneto,ITH3,Italy,54
Por_Id08_Portogruaro_Via_Pirandello,45.767,12.867,50,216,Italy,Veneto,ITH3,Italy,36
Sant_Erasmo_Via_Dei_Forti,45.448,12.392,84,362.88,Italy,Veneto,ITH3,Italy,60.48
Murano_Localita_San_Donato,45.461,12.354,500,2160,Italy,Veneto,ITH3,Italy,360
Murano_Via_Riva,45.457,12.356,325,1404,Italy,Veneto,ITH3,Italy,234
Fitodepurazione_Di_Trevignano_Via_Montebianco,45.751,12.089,170,734.4,Italy,Veneto,ITH3,Italy,122.4
Fitodepurazione_Di_Trevignano_Vicolo_Venezia,45.735,12.069,120,518.4,Italy,Veneto,ITH3,Italy,86.4
Depuratore_Nogarole_Rocca_Loc_Pradelle_Via_Colombare,45.271,10.86,4000,17280,Italy,Lombardia,ITC4,Italy,2880
Depuratore_Di_Villamarzana_Via_Zoccole,45.015,11.703,1200,5184,Italy,Veneto,ITH3,Italy,864
D_Falcade_Loc_Caviola,46.362,11.9,9700,41904,Italy,Veneto,ITH3,Italy,6984
Dep_Isola_Della_Scala_Ca_Magre,45.259,11.003,11250,48600,Italy,Veneto,ITH3,Italy,8100
Dep_Sorga_Torre_Masino,45.208,10.98,1800,7776,Italy,Lombardia,ITC4,Italy,1296
Fossalta_Di_Portogruaro_Loc_Villanova,45.761,12.886,1800,7776,Italy,Veneto,ITH3,Italy,1296
Gruaro,45.809,12.814,3000,12960,Italy,Veneto,ITH3,Italy,2160
Santo_Stino_Di_Livenza_La_Salute_81_Via_Zecchetto,45.667,12.81,300,1296,Italy,Veneto,ITH3,Italy,216
Meduna_Di_Livenza_Via_Del_Passo,45.803,12.613,2600,11232,Italy,Veneto,ITH3,Italy,1872
Alleghe_Coldemies,46.411,12.025,100,432,Italy,Veneto,ITH3,Italy,72
Rocca_Pietore_Masare,46.396,12.008,4000,17280,Italy,Veneto,ITH3,Italy,2880
Borca_Di_Cadore_Villanova,46.435,12.215,600,2592,Italy,Veneto,ITH3,Italy,432
Belluno_Pittanzelle,46.118,12.228,4000,17280,Italy,Veneto,ITH3,Italy,2880
La_Valle_Agordina_Le_Campe,46.259,12.044,7500,32400,Italy,Veneto,ITH3,Italy,5400
San_Vito_Di_Cadore_Loc_Ciampes,46.453,12.205,7850,33912,Italy,Veneto,ITH3,Italy,5652
Trichiana_Pialdier,46.081,12.118,1500,6480,Italy,Veneto,ITH3,Italy,1080
Trichiana_S_Felice,46.087,12.126,1900,8208,Italy,Veneto,ITH3,Italy,1368
Valle_Di_Cadore_Terchie,46.415,12.342,3200,13824,Italy,Veneto,ITH3,Italy,2304
Vigo_Di_Cadore_Palu_Granda,46.509,12.467,500,2160,Italy,Veneto,ITH3,Italy,360
Mossano_Via_Montruglio,45.421,11.561,500,2160,Italy,Veneto,ITH3,Italy,360
Mossano_Via_Ore_Fraz_Ponte,45.408,11.584,700,3024,Italy,Veneto,ITH3,Italy,504
Longare_Ponte_Costozza,45.464,11.607,5400,23328,Italy,Veneto,ITH3,Italy,3888
Cinto_Euganeo_Via_Bomba,45.271,11.66,800,3456,Italy,Veneto,ITH3,Italy,576
"Cinto_Euganeo_Via_Cavalcaressa,_Loc_Crosara",45.289,11.642,1200,5184,Italy,Veneto,ITH3,Italy,864
Lozzo_Atestino_Via_Fontanon,45.282,11.628,4900,21168,Italy,Veneto,ITH3,Italy,3528
Sant_Urbano_Loc_Ca_Brusa,45.138,11.599,6600,28512,Italy,Veneto,ITH3,Italy,4752
Camposampiero_Via_Straelle_Biotrattamento,45.554,11.956,70000,302400,Italy,Veneto,ITH3,Italy,50400
Gazzo_Padovano_Via_Cadorna_Loc_Grossa,45.554,11.702,3500,15120,Italy,Veneto,ITH3,Italy,2520
Rovolon_Via_Ponte_Tezze_Loc_Bastia,45.374,11.641,2750,11880,Italy,Veneto,ITH3,Italy,1980
San_Giorgio_In_Bosco_Via_Lobia,45.588,11.801,2000,8640,Italy,Veneto,ITH3,Italy,1440
Sant_Erasmo_Punta_Vela,45.472,12.427,4000,17280,Italy,Veneto,ITH3,Italy,2880
Mazzorbo,45.485,12.404,950,4104,Italy,Veneto,ITH3,Italy,684
Murano_Agostiniane,45.459,12.358,858,3706.56,Italy,Veneto,ITH3,Italy,617.76
Murano_Fra_Mauro,45.459,12.357,800,3456,Italy,Veneto,ITH3,Italy,576
Impianti_A_Servizio_Del_Centro_Storico_Di_Venezia,45.438,12.335,57125,246780,Italy,Veneto,ITH3,Italy,41130
Arqua_Polesine_Via_Garibaldi,45.009,11.746,3000,12960,Italy,Veneto,ITH3,Italy,2160
Badia_Polesine_Via_Mocenighe,45.108,11.445,700,3024,Italy,Veneto,ITH3,Italy,504
Giacciano_Con_Baruchella_Via_Madonnina,45.061,11.445,1200,5184,Italy,Veneto,ITH3,Italy,864
Castagnaro_Via_S_Anna,45.078,11.431,750,3240,Italy,Veneto,ITH3,Italy,540
Castelnovo_Bariano_Via_D_Alighieri,45.032,11.291,1000,4320,Italy,Lombardia,ITC4,Italy,720
Costa_Di_Rovigo_Via_Dossei,45.044,11.703,2700,11664,Italy,Veneto,ITH3,Italy,1944
Fiesso_Umbertiano_Via_Roncale,44.97,11.63,800,3456,Italy,Veneto,ITH3,Italy,576
Pincara_Via_Varghetto,44.986,11.61,1500,6480,Italy,Veneto,ITH3,Italy,1080
Depuratore_Privato_Dell_Isola_Di_Albarella_Rosolina,45.088,12.335,12600,54432,Italy,Veneto,ITH3,Italy,9072
Villadose_Loc_Cambio_Nord,45.087,11.928,150,648,Italy,Veneto,ITH3,Italy,108
Villadose_Loc_Cambio_Sud,45.084,11.927,60,259.2,Italy,Veneto,ITH3,Italy,43.2
Villanova_Del_Ghebbo_Via_Biganelli,45.064,11.651,1800,7776,Italy,Veneto,ITH3,Italy,1296
Casale_Sul_Sile_Loc_Conscio_Via_Peschiere,45.612,12.282,2500,10800,Italy,Veneto,ITH3,Italy,1800
Casale_Sul_Sile_Via_Della_Ricerca,45.6,12.289,340,1468.8,Italy,Veneto,ITH3,Italy,244.8
Montebelluna_Loc_Busta,45.743,12.01,600,2592,Italy,Veneto,ITH3,Italy,432
Cessalto_Via_Pascoli,45.71,12.621,3000,12960,Italy,Veneto,ITH3,Italy,2160
Crocetta_Del_Montello_Parco_Villa_Ancillotto,45.821,12.037,200,864,Italy,Veneto,ITH3,Italy,144
Crocetta_Del_Montello_Via_Degli_Artigiani_Zona_Pip,45.812,12.024,240,1036.8,Italy,Veneto,ITH3,Italy,172.8
Follina_Via_Gava,45.948,12.122,500,2160,Italy,Veneto,ITH3,Italy,360
Codogne_Zi_Cimavilla,45.867,12.379,300,1296,Italy,Veneto,ITH3,Italy,216
Gaiarine_Frz_Francenigo,45.89,12.503,1020,4406.4,Italy,Veneto,ITH3,Italy,734.4
Mareno_Di_Piave_Loc_Ramera,45.867,12.34,1000,4320,Italy,Veneto,ITH3,Italy,720
Meolo_Marteggia_Via_Dei_Paoli,45.588,12.46,400,1728,Italy,Veneto,ITH3,Italy,288
Miane_Via_Cava,45.938,12.096,2050,8856,Italy,Veneto,ITH3,Italy,1476
Motta_Di_Livenza_Via_Callunga_Zi_Sud,45.742,12.618,31550,136296,Italy,Veneto,ITH3,Italy,22716
Fontanelle_Loc_Lutrano_Via_Bosco,45.813,12.479,700,3024,Italy,Veneto,ITH3,Italy,504
Fontanelle_Via_Dei_Morti,45.81,12.478,400,1728,Italy,Veneto,ITH3,Italy,288
Fontanelle_Via_Roma,45.829,12.475,1000,4320,Italy,Veneto,ITH3,Italy,720
Vedelago_Via_Piave,45.658,12.06,2250,9720,Italy,Veneto,ITH3,Italy,1620
Cavaso_Del_Tomba_Via_Lerina,45.854,11.901,500,2160,Italy,Veneto,ITH3,Italy,360
Possagno_Via_Olivi,45.849,11.887,750,3240,Italy,Veneto,ITH3,Italy,540
Silea_Via_Duca_D_Aosta_Loc_S_Elena,45.623,12.334,1860,8035.2,Italy,Veneto,ITH3,Italy,1339.2
Chiarano_Loc_Fossalta,45.729,12.545,1000,4320,Italy,Veneto,ITH3,Italy,720
Chiarano_Via_Benzona,45.727,12.577,1950,8424,Italy,Veneto,ITH3,Italy,1404
Salgareda_Via_Degli_Alpini_Campo_Di_Pietra,45.709,12.539,1000,4320,Italy,Veneto,ITH3,Italy,720
Salgareda_Via_Guizza,45.705,12.5,3500,15120,Italy,Veneto,ITH3,Italy,2520
Salgareda_Via_Callurbana,45.69,12.539,250,1080,Italy,Veneto,ITH3,Italy,180
Sernaglia_Della_Battaglia_Via_Cal_Del_Soligo,45.86,12.179,9500,41040,Italy,Veneto,ITH3,Italy,6840
Belfiore_Via_S_Rocchetto,45.378,11.216,1500,6480,Italy,Veneto,ITH3,Italy,1080
Arcole_Loc_Gazzolo,45.381,11.309,1500,6480,Italy,Veneto,ITH3,Italy,1080
Erbe_Via_Xxv_Aprile,45.238,10.968,1000,4320,Italy,Veneto,ITH3,Italy,720
Nogara_Loc_Montalto_Via_Olmo,45.182,11.053,400,1728,Italy,Lombardia,ITC4,Italy,288
Nogara_Loc_Campalano,45.167,11.092,400,1728,Italy,Veneto,ITH3,Italy,288
Nogarole_Rocca_Loc_Bagnolo,45.266,10.892,1500,6480,Italy,Veneto,ITH3,Italy,1080
Trevenzuolo_Loc_Fagnano,45.256,10.943,1500,6480,Italy,Veneto,ITH3,Italy,1080
Trevenzuolo_Loc_Roncoleva,45.247,10.911,1100,4752,Italy,Lombardia,ITC4,Italy,792
Palu,45.325,11.163,1000,4320,Italy,Veneto,ITH3,Italy,720
Roverchiara_Loc_Cappafredda,45.271,11.221,60,259.2,Italy,Veneto,ITH3,Italy,43.2
Roverchiara_Loc_Cappafredda_Zona_Produttiva_D2,45.271,11.224,200,864,Italy,Veneto,ITH3,Italy,144
Roverchiara_Loc_Capoluogo,45.268,11.247,200,864,Italy,Veneto,ITH3,Italy,144
San_Pietro_Di_Morubio_Via_Belbrolo,45.242,11.217,6000,25920,Italy,Veneto,ITH3,Italy,4320
Acquappesa - Sciabiche,39.482671,15.959555,13000,56160,Italy,Calabria,ITF6,Italy,9360
Acquappesa - Terme Luigiane,39.475633,15.991715,3000,12960,Italy,Calabria,ITF6,Italy,2160
Acri - Centro,39.489984,16.377224,13000,56160,Italy,Calabria,ITF6,Italy,9360
Acri - Chimento,39.395706,16.464386,1000,4320,Italy,Calabria,ITF6,Italy,720
Acri - Cuta,39.465517,16.361831,1000,4320,Italy,Calabria,ITF6,Italy,720
Acri - Duglia,39.514147,16.380888,2500,10800,Italy,Calabria,ITF6,Italy,1800
Acri - Foresta,39.564116,16.500774,1000,4320,Italy,Calabria,ITF6,Italy,720
Acri - San Giacomo,39.520811,16.465039,2500,10800,Italy,Calabria,ITF6,Italy,1800
Aiello Calabro - Macchia Sottana,39.120531,16.158304,1300,5616,Italy,Calabria,ITF6,Italy,936
Albi - San Giovanni,39.015608,16.598329,5000,21600,Italy,Calabria,ITF6,Italy,3600
Albidona - Fontana Gatta,39.919018,16.476966,3500,15120,Italy,Calabria,ITF6,Italy,2520
Altomonte - Centro S.Elia/Noviziato,39.694345,16.134844,2800,12096,Italy,Calabria,ITF6,Italy,2016
Altomonte - Contrada Corvo/Casello,39.662881,16.144138,600,2592,Italy,Calabria,ITF6,Italy,432
Altomonte - Pantaleo,39.677634,16.171626,5000,21600,Italy,Calabria,ITF6,Italy,3600
Amantea - Belmonte loc. S.Barbara,39.183838,16.074908,1000,4320,Italy,Calabria,ITF6,Italy,720
Amantea - Belmonte loc. Vadi,39.163629,16.101747,1000,4320,Italy,Calabria,ITF6,Italy,720
Amantea - Nocera Terinese,39.030608,16.116549,84000,362880,Italy,Calabria,ITF6,Italy,60480
Amaroni - Argadi,38.798549,16.45697,3000,12960,Italy,Calabria,ITF6,Italy,2160
Aprigliano - Agosto,39.235084,16.340413,1200,5184,Italy,Calabria,ITF6,Italy,864
Bagnara Calabra - Cacili,38.293632,15.813224,15000,64800,Italy,Calabria,ITF6,Italy,10800
Belcastro - Ciavola,39.01684,16.793608,5000,21600,Italy,Calabria,ITF6,Italy,3600
Belvedere Spinello - Chiatrette,39.209551,16.882724,1500,6480,Italy,Calabria,ITF6,Italy,1080
Belvedere Spinello - Chiusa del Pozzo,39.212749,16.883331,2500,10800,Italy,Calabria,ITF6,Italy,1800
Bianco - Consortile Bianco - Benestare - Bovalino parte di Casignana,38.105411,16.138064,40000,172800,Italy,Calabria,ITF6,Italy,28800
Bianco - Crocifisso Centro,38.095097,16.099904,250,1080,Italy,Calabria,ITF6,Italy,180
Bisignano - Duglia,39.551809,16.243005,1500,6480,Italy,Calabria,ITF6,Italy,1080
Bisignano - Macchiatavola,39.510711,16.215151,2000,8640,Italy,Calabria,ITF6,Italy,1440
Bisignano - Mucone,39.476793,16.240382,5000,21600,Italy,Calabria,ITF6,Italy,3600
Bisignano - Pucchio,39.509019,16.294388,100,432,Italy,Calabria,ITF6,Italy,72
Bivongi - Battendieri,38.486957,16.462431,6000,25920,Italy,Calabria,ITF6,Italy,4320
Borgia - Catanzaro Lido,38.819993,16.604857,90000,388800,Italy,Calabria,ITF6,Italy,64800
Borgia - Malaidi,38.833045,16.51392,5000,21600,Italy,Calabria,ITF6,Italy,3600
Botricello - Arango,38.926509,16.875405,20000,86400,Italy,Calabria,ITF6,Italy,14400
Briatico - Conidoni,38.703845,16.040089,6000,25920,Italy,Calabria,ITF6,Italy,4320
Briatico - S.Costantino,38.708987,16.004502,1500,6480,Italy,Calabria,ITF6,Italy,1080
Briatico - S.Giorgio,38.724474,16.039648,3500,15120,Italy,Calabria,ITF6,Italy,2520
Buonvicino - Petraro,39.689667,15.881347,5000,21600,Italy,Calabria,ITF6,Italy,3600
Campana - Convento,39.413814,16.4830973,2600,11232,Italy,Calabria,ITF6,Italy,1872
Caraffa di Catanzaro - Petrelluzzo,38.885791,16.484045,5000,21600,Italy,Calabria,ITF6,Italy,3600
Cardinale - Perara,38.657771,16.396816,4000,17280,Italy,Calabria,ITF6,Italy,2880
Careri - Centro,38.173916,16.116671,2500,10800,Italy,Calabria,ITF6,Italy,1800
Careri - Natile Nuovo,38.182579,16.079702,2000,8640,Italy,Calabria,ITF6,Italy,1440
Careri - Natile Vecchio,38.191464,16.049671,500,2160,Italy,Calabria,ITF6,Italy,360
Cariati - Fiume Nicà - S.Maria,39.476277,17.011884,25000,108000,Italy,Calabria,ITF6,Italy,18000
Cassano allo Ionio - Algheria,39.785076,16.293619,7000,30240,Italy,Calabria,ITF6,Italy,5040
Cassano allo Ionio - Bruscata Grande,39.755622,16.472496,6000,25920,Italy,Calabria,ITF6,Italy,4320
Cassano allo Ionio - Doria,39.727456,16.35591,2500,10800,Italy,Calabria,ITF6,Italy,1800
Cassano allo Ionio - Laghi di Sibari,39.722528,16.51152,10000,43200,Italy,Calabria,ITF6,Italy,7200
Cassano allo Ionio - Lauropoli Ponte della Mennola,39.77276,16.356282,7000,30240,Italy,Calabria,ITF6,Italy,5040
Cassano allo Ionio - Spadella,39.737923,16.464068,15000,64800,Italy,Calabria,ITF6,Italy,10800
Castelsilano - Canalicchio,39.270223,16.770958,1200,5184,Italy,Calabria,ITF6,Italy,864
Castrovillari - SanRocco,39.805327,16.21983,24000,103680,Italy,Calabria,ITF6,Italy,17280
Catanzaro - Varghello,38.820762,16.605973,90000,388800,Italy,Calabria,ITF6,Italy,64800
Celico - Mulinelle,39.6296914,16.327685,2300,9936,Italy,Calabria,ITF6,Italy,1656
Cerchiara di Calabria - Badia,39.860479,16.380011,330,1425.6,Italy,Calabria,ITF6,Italy,237.6
Cerchiara di Calabria - Piana Cerchiara,39.822628,16.40984,3000,12960,Italy,Calabria,ITF6,Italy,2160
Cerisano - Pianetto,39.287589,16.19786,50,216,Italy,Calabria,ITF6,Italy,36
Cerisano - S. Ianni,39.275863,16.18949,2500,10800,Italy,Calabria,ITF6,Italy,1800
Cerisano - Valli,39.286015,16.173676,1000,4320,Italy,Calabria,ITF6,Italy,720
Cerisano - Villizzi,39.271235,16.174063,1000,4320,Italy,Calabria,ITF6,Italy,720
Cetraro - Sant'Angelo,39.535872,15.967973,500,2160,Italy,Calabria,ITF6,Italy,360
Cetraro - S. Maria di Mare,39.519919,15.935058,20000,86400,Italy,Calabria,ITF6,Italy,14400
Cetraro - Sottocastello,39.803593,16.406625,5000,21600,Italy,Calabria,ITF6,Italy,3600
Chiaravalle Centrale - Capoluogo,38.689656,16.393211,10000,43200,Italy,Calabria,ITF6,Italy,7200
Cirò - Paradiso,39.38447,17.065715,5000,21600,Italy,Calabria,ITF6,Italy,3600
Civita - Conicelle,39.848169,16.3107,1000,4320,Italy,Calabria,ITF6,Italy,720
Conflenti - Mozzoni,39.066711,16.288771,2000,8640,Italy,Calabria,ITF6,Italy,1440
Conflenti - San Mazzeo Sciosci,39.031564,16.26215,700,3024,Italy,Calabria,ITF6,Italy,504
Conflenti - San Mazzeo Stranges,39.038166,16.266294,200,864,Italy,Calabria,ITF6,Italy,144
Corigliano Calabro - Apollinara,39.468779,16.144585,1300,5616,Italy,Calabria,ITF6,Italy,936
Corigliano Calabro - Boscarello,39.649371,16.556017,50000,216000,Italy,Calabria,ITF6,Italy,36000
Corigliano Calabro - Cantinella,39.68156,16.460551,4800,20736,Italy,Calabria,ITF6,Italy,3456
Corigliano Calabro - Ciciriello,39.602133,16.521218,16000,69120,Italy,Calabria,ITF6,Italy,11520
Corigliano Calabro - Villaggio Frassa,39.646837,16.487355,1800,7776,Italy,Calabria,ITF6,Italy,1296
Cortale - Amalopate,38.843632,16.423932,5000,21600,Italy,Calabria,ITF6,Italy,3600
Cotronei - C.da Cona,39.159907,16.787999,6000,25920,Italy,Calabria,ITF6,Italy,4320
Cotronei - Trepidò,39.183304,16.698107,5000,21600,Italy,Calabria,ITF6,Italy,3600
Cropani - Casalinello,38.944637,16.972574,2000,8640,Italy,Calabria,ITF6,Italy,1440
Cropani - Crocchio,38.925588,16.874989,14700,63504,Italy,Calabria,ITF6,Italy,10584
Cropani - Cuturella,38.921859,16.820906,400,1728,Italy,Calabria,ITF6,Italy,288
Crosia - Pantano,39.609941,16.76627,15000,64800,Italy,Calabria,ITF6,Italy,10800
Crotone - Papaniciaro,39.082048,17.104267,72000,311040,Italy,Calabria,ITF6,Italy,51840
Crotone - CORAP,39.105594,17.105484,50000,216000,Italy,Calabria,ITF6,Italy,36000
Crucoli - Trascia,39.428236,17.005897,250,1080,Italy,Calabria,ITF6,Italy,180
Cutro - S.Leonardo,39.116135,16.968416,7000,30240,Italy,Calabria,ITF6,Italy,5040
Decollatura - Pantano,39.050218,16.386622,6000,25920,Italy,Calabria,ITF6,Italy,4320
Diamante - Cirella,39.72374,15.818704,55000,237600,Italy,Calabria,ITF6,Italy,39600
Dinami - Cannata,38.537992,16.138193,1000,4320,Italy,Calabria,ITF6,Italy,720
Fagnano Castello - Cafaro,39.559642,16.06896,500,2160,Italy,Calabria,ITF6,Italy,360
Fagnano Castello - Grillo,39.555051,16.048501,500,2160,Italy,Calabria,ITF6,Italy,360
Fagnano Castello - Rondinella,39.555051,16.048501,4500,19440,Italy,Calabria,ITF6,Italy,3240
Falconara Albanese - Torremezzo,39.275084,16.093916,15000,64800,Italy,Calabria,ITF6,Italy,10800
Feroleto Antico - Giacinti,38.954793,16.36849,50,216,Italy,Calabria,ITF6,Italy,36
Feroleto Antico - Capoluogo,38.968677,16.394729,400,1728,Italy,Calabria,ITF6,Italy,288
Feroleto Antico - Baratta,38.911146,16.344279,550,2376,Italy,Calabria,ITF6,Italy,396
Feroleto Antico - Regolizia,38.954189,16.370939,80,345.6,Italy,Calabria,ITF6,Italy,57.6
Feroleto Antico - Ievoli ovest,38.964667,16.403954,200,864,Italy,Calabria,ITF6,Italy,144
Feroleto Antico - Ievoli est,38.971858,16.407505,150,648,Italy,Calabria,ITF6,Italy,108
Feroleto Antico - Polverini,38.973776,16.412777,50,216,Italy,Calabria,ITF6,Italy,36
Feroleto Antico - Marcantoni,38.974799,16.399636,50,216,Italy,Calabria,ITF6,Italy,36
Feroleto Antico - Cropia,38.962647,16.391823,400,1728,Italy,Calabria,ITF6,Italy,288
Feroleto Antico - Galli,38.975392,16.378632,240,1036.8,Italy,Calabria,ITF6,Italy,172.8
Filadelfia - Palermi,38.787648,16.319253,500,2160,Italy,Calabria,ITF6,Italy,360
Firmo - Cerzitello,39.537497,16.867067,500,2160,Italy,Calabria,ITF6,Italy,360
Fiumefreddo Bruzio - Santa Rita,39.239464,16.098663,27500,118800,Italy,Calabria,ITF6,Italy,19800
Francavilla Angitola - Fra Giuseppe,38.791466,16.27,500,2160,Italy,Calabria,ITF6,Italy,360
Francavilla Angitola - Olivara,38.770316,16.218432,2000,8640,Italy,Calabria,ITF6,Italy,1440
Francavilla Angitola - S.Martino,38.773888,16.263333,2000,8640,Italy,Calabria,ITF6,Italy,1440
Francavilla Marittima - Contrada Vigne,39.805264,16.407323,5000,21600,Italy,Calabria,ITF6,Italy,3600
Frascineto - Fontana Botte,39.849999,16.275827,3000,12960,Italy,Calabria,ITF6,Italy,2160
Frascineto - San Leonardo,39.849999,16.275827,500,2160,Italy,Calabria,ITF6,Italy,360
Fuscaldo - Maddalena,39.405728,16.015698,18000,77760,Italy,Calabria,ITF6,Italy,12960
Gerocarne - Bondanzia,38.576639,16.20401,130,561.6,Italy,Calabria,ITF6,Italy,93.6
Gerocarne - Carruso,38.577834,16.213066,40,172.8,Italy,Calabria,ITF6,Italy,28.8
Gerocarne - Fago,38.590556,16.267289,80,345.6,Italy,Calabria,ITF6,Italy,57.6
Gerocarne - Lanzo Domito,38.623306,16.158121,80,345.6,Italy,Calabria,ITF6,Italy,57.6
Gerocarne - Mancuso,38.60625,16.174038,230,993.6,Italy,Calabria,ITF6,Italy,165.6
Gerocarne - Mazzotta1,38.609056,16.171954,190,820.8,Italy,Calabria,ITF6,Italy,136.8
Gerocarne - Mazzotta2,38.612417,16.171816,50,216,Italy,Calabria,ITF6,Italy,36
Gerocarne - Paese,38.589584,16.212344,1300,5616,Italy,Calabria,ITF6,Italy,936
Gerocarne - Perara,38.394634,16.238197,4000,17280,Italy,Calabria,ITF6,Italy,2880
Gerocarne - Pettinaro,38.576584,16.214038,80,345.6,Italy,Calabria,ITF6,Italy,57.6
Gerocarne - S.Antonio,38.564444,16.234444,60,259.2,Italy,Calabria,ITF6,Italy,43.2
Gerocarne - S.Sebastiano1,38.565667,16.248286,110,475.2,Italy,Calabria,ITF6,Italy,79.2
Gerocarne - S.Sebastiano2,38.5675,16.240555,25,108,Italy,Calabria,ITF6,Italy,18
Gerocarne - Sambuco,38.569362,16.236177,100,432,Italy,Calabria,ITF6,Italy,72
Giffone - Centro,38.345213,16.186339,2500,10800,Italy,Calabria,ITF6,Italy,1800
Gimigliano - Cavora,38.956903,16.554501,500,2160,Italy,Calabria,ITF6,Italy,360
Gioia Tauro - Nicotera loc.Filotta,38.57407,15.9328,1000,4320,Italy,Calabria,ITF6,Italy,720
Gioia Tauro - Rizziconi loc. Cirello,38.29933,16.322431,10000,43200,Italy,Calabria,ITF6,Italy,7200
Gioia Tauro CONSORTILE IAM: CINQUEFRONDI - CITTANOVA - POLISTENA - GIOIA TAURO - FEROLETO DELLA CHIESA - GALATRO - LAUREANA DI BORRELLO - MELICUCCO - PALMI - ROSARNO - SAN FERDINANDO - SAN GIORGIO MORGETO - TAURIANOVA - RIZZICONI,38.346439,16.194039,260000,1123200,Italy,Calabria,ITF6,Italy,187200
Gioiosa Ionica - Miccio,38.455066,16.559424,7000,30240,Italy,Calabria,ITF6,Italy,5040
Girifalco - Rena,38.828906,16.446608,9000,38880,Italy,Calabria,ITF6,Italy,6480
Guardavalle - Centro,38.502661,16.510512,3000,12960,Italy,Calabria,ITF6,Italy,2160
Guardavalle - Mare,38.493417,16.572716,10000,43200,Italy,Calabria,ITF6,Italy,7200
Guardia Piemontese - Chiausi,39.464328,16.001408,750,3240,Italy,Calabria,ITF6,Italy,540
Guardia Piemontese - Lavandaia,39.448706,15.991556,20000,86400,Italy,Calabria,ITF6,Italy,14400
Ioppolo - Caroniti,38.590418,15.903489,2000,8640,Italy,Calabria,ITF6,Italy,1440
Ioppolo - La Morte,38.57608,15.901243,6000,25920,Italy,Calabria,ITF6,Italy,4320
Isca sullo Jonio - Lenze Gallipari,38.591813,16.561565,20000,86400,Italy,Calabria,ITF6,Italy,14400
Isola di Capo Rizzuto - Mazzotta,38.942567,17.107402,40000,172800,Italy,Calabria,ITF6,Italy,28800
Lago - Aria dei Lupi,39.156278,16.170724,600,2592,Italy,Calabria,ITF6,Italy,432
Lago - Centro,39.167768,16.141498,1500,6480,Italy,Calabria,ITF6,Italy,1080
Lamezia Terme - SIR,38.854699,16.229379,110000,475200,Italy,Calabria,ITF6,Italy,79200
Lattarico - Borgo,39.467854,16.138858,560,2419.2,Italy,Calabria,ITF6,Italy,403.2
Lattarico - Castelluccio,39.44853,16.136699,350,1512,Italy,Calabria,ITF6,Italy,252
Lattarico - Regina,39.450623,16.176783,350,1512,Italy,Calabria,ITF6,Italy,252
Lattarico - Rupe,39.470456,16.145269,700,3024,Italy,Calabria,ITF6,Italy,504
Lattarico - Zagarellaro,39.455459,16.208127,320,1382.4,Italy,Calabria,ITF6,Italy,230.4
Limbadi - Macrea,38.55766,15.98036,6000,25920,Italy,Calabria,ITF6,Italy,4320
Longobucco - Acqua dei Santi,39.543288,16.862126,3000,12960,Italy,Calabria,ITF6,Italy,2160
Longobucco - Acqua di Maggio,39.450956,16.608199,250,1080,Italy,Calabria,ITF6,Italy,180
Longobucco - Giaquinta,39.488348,16.69937,250,1080,Italy,Calabria,ITF6,Italy,180
Longobucco - Ortiano,39.457853,16.6874,250,1080,Italy,Calabria,ITF6,Italy,180
Longobucco - San Martino,39.483996,16.694361,250,1080,Italy,Calabria,ITF6,Italy,180
Lungro - Lascantino,39.492435,16.706327,2000,8640,Italy,Calabria,ITF6,Italy,1440
Lungro - Sant'Angelo,39.486673,16.698663,2000,8640,Italy,Calabria,ITF6,Italy,1440
Luzzi - Ischia sul Crati,39.483419,16.694433,12000,51840,Italy,Calabria,ITF6,Italy,8640
Maida - Comuni Condomini,38.900331,16.359455,10000,43200,Italy,Calabria,ITF6,Italy,7200
Maida - Vena,38.887523,16.403111,1500,6480,Italy,Calabria,ITF6,Italy,1080
Maierà - Iardino,39.714361,15.838791,1000,4320,Italy,Calabria,ITF6,Italy,720
Maierato - Durisina,38.709498,16.198884,3500,15120,Italy,Calabria,ITF6,Italy,2520
Malvito - Gagliano,39.735344,16.133578,700,3024,Italy,Calabria,ITF6,Italy,504
Malvito - Lessiene,39.607147,16.050763,500,2160,Italy,Calabria,ITF6,Italy,360
Malvito - Trellanze,39.733113,16.14234,500,2160,Italy,Calabria,ITF6,Italy,360
Mammola - Gioia,38.359256,16.239136,8000,34560,Italy,Calabria,ITF6,Italy,5760
Mandatoriccio - Armirò,39.532807,16.860072,20000,86400,Italy,Calabria,ITF6,Italy,14400
Mangone - A.S.I.,39.609208,16.69144,3000,12960,Italy,Calabria,ITF6,Italy,2160
Marcellinara - Dorzano,38.918248,16.495625,1800,7776,Italy,Calabria,ITF6,Italy,1296
Marcellinara - Fiumara,38.924915,16.470624,500,2160,Italy,Calabria,ITF6,Italy,360
Marina di Gioiosa Ionica - Sant'Anna,38.426768,15.961207,14000,60480,Italy,Calabria,ITF6,Italy,10080
Melissa - Umbro,39.308672,17.034655,2000,8640,Italy,Calabria,ITF6,Italy,1440
Melissa - Valle di Case,39.321316,17.103889,5000,21600,Italy,Calabria,ITF6,Italy,3600
Molochio - Gera,38.476762,16.470183,4000,17280,Italy,Calabria,ITF6,Italy,2880
Monasterace - Campo Marzo,38.468969,16.572422,500,2160,Italy,Calabria,ITF6,Italy,360
Montegiordano - Marina,40.030631,16.593896,15000,64800,Italy,Calabria,ITF6,Italy,10800
Montepaone - Montauro Loc. Romanno,38.748007,16.518079,4000,17280,Italy,Calabria,ITF6,Italy,2880
Montepaone - Soverato Loc. Regina Margherita,38.694999,16.517587,40000,172800,Italy,Calabria,ITF6,Italy,28800
Montepaone - Stalettì Loc. Copanello,38.7753194,16.56521288,8600,37152,Italy,Calabria,ITF6,Italy,6192
Monterosso Calabro - Nafro,38.724837,16.276923,3000,12960,Italy,Calabria,ITF6,Italy,2160
Morano Calabro - S.Nicola,39.559725,16.341671,6000,25920,Italy,Calabria,ITF6,Italy,4320
Mormanno - Salviera,39.625415,16.422699,3000,12960,Italy,Calabria,ITF6,Italy,2160
Motta San Giovanni - Castelli,38.027866,15.69646,2000,8640,Italy,Calabria,ITF6,Italy,1440
Oriolo - Falce,40.048227,16.452785,5000,21600,Italy,Calabria,ITF6,Italy,3600
Palermiti - Marincola,38.753805,16.464235,1500,6480,Italy,Calabria,ITF6,Italy,1080
Paola - Pantani,39.351255,16.038252,18000,77760,Italy,Calabria,ITF6,Italy,12960
Parenti - Bocca di Piazza 1,39.163532,16.486267,100,432,Italy,Calabria,ITF6,Italy,72
Parenti - Cannavina,39.156773,16.429092,200,864,Italy,Calabria,ITF6,Italy,144
Parenti - Centro,39.164185,16.412084,1600,6912,Italy,Calabria,ITF6,Italy,1152
Parenti - Favali,39.155047,16.453714,70,302.4,Italy,Calabria,ITF6,Italy,50.4
Parenti - Guglielmo,39.160487,16.44528,70,302.4,Italy,Calabria,ITF6,Italy,50.4
Parenti - La Posta,39.16223,16.421059,200,864,Italy,Calabria,ITF6,Italy,144
Parenti - Bocca di Piazza 2,39.161222,16.47549,100,432,Italy,Calabria,ITF6,Italy,72
Petrona - Arietta,39.050041,16.791592,500,2160,Italy,Calabria,ITF6,Italy,360
Petrona - Piano delle Mele,39.038873,16.761734,7000,30240,Italy,Calabria,ITF6,Italy,5040
Pianopoli - Rizzuto,38.909082,16.382846,200,864,Italy,Calabria,ITF6,Italy,144
Pianopoli - Spranico,38.939359,16.373401,2000,8640,Italy,Calabria,ITF6,Italy,1440
Pietrapaola - Centro,39.489938,16.813422,2500,10800,Italy,Calabria,ITF6,Italy,1800
Pietrapaola - San Giuseppe,39.537118,16.855544,12500,54000,Italy,Calabria,ITF6,Italy,9000
Pizzo Calabro - Marinella,38.755204,16.175609,40000,172800,Italy,Calabria,ITF6,Italy,28800
Pizzoni - Peppe,38.619162,16.250574,1200,5184,Italy,Calabria,ITF6,Italy,864
Platania - Manca,39.004773,16.316773,1100,4752,Italy,Calabria,ITF6,Italy,792
Platania - Mulia,39.002613,16.318296,900,3888,Italy,Calabria,ITF6,Italy,648
Platania - Foresta,38.990473,16.329198,350,1512,Italy,Calabria,ITF6,Italy,252
Platania - Mercuri,39.004712,16.302259,350,1512,Italy,Calabria,ITF6,Italy,252
Plati - Centro Pirari,38.2330939,16.099562,2000,8640,Italy,Calabria,ITF6,Italy,1440
Plati - Cirella,38.001655,16.086234,700,3024,Italy,Calabria,ITF6,Italy,504
Portigliola - Ardore Centro,38.188052,16.173529,2000,8640,Italy,Calabria,ITF6,Italy,1440
Portigliola - Ardore San Nicola,38.199223,16.148717,600,2592,Italy,Calabria,ITF6,Italy,432
Portigliola - Ardore Vescovado,38.191417,16.213417,3500,15120,Italy,Calabria,ITF6,Italy,2520
Portigliola - Centro,38.224515,16.200421,3000,12960,Italy,Calabria,ITF6,Italy,2160
Portigliola - Marina,38.201415,16.230145,650,2808,Italy,Calabria,ITF6,Italy,468
Portigliola - Sant'Ilario dello Jonio loc. Saragona Marina,38.19096,16.218431,2000,8640,Italy,Calabria,ITF6,Italy,1440
Praia a Mare - Lungomare,39.907354,15.771212,46000,198720,Italy,Calabria,ITF6,Italy,33120
Reggio Calabria - Armo,38.07179,15.702763,1000,4320,Italy,Calabria,ITF6,Italy,720
Reggio Calabria - Cataforio,38.087104,15.712038,2000,8640,Italy,Calabria,ITF6,Italy,1440
Reggio Calabria - Oliveto,38.047048,15.715744,2000,8640,Italy,Calabria,ITF6,Italy,1440
Reggio Calabria - Paterriti,38.048594,15.69356,1500,6480,Italy,Calabria,ITF6,Italy,1080
Reggio Calabria - Ravagnese,38.053137,15.650457,120000,518400,Italy,Calabria,ITF6,Italy,86400
Rende - Castrolibero loc. Fontanesi,39.294423,16.191363,280,1209.6,Italy,Calabria,ITF6,Italy,201.6
Rende - Dipignano,39.244741,16.261082,200,864,Italy,Calabria,ITF6,Italy,144
Rende - Dipignano loc. Cappuccini,39.240954,16.2744209,900,3888,Italy,Calabria,ITF6,Italy,648
Rende - Dipignano loc. Petrone,39.24574,16.3247798,600,2592,Italy,Calabria,ITF6,Italy,432
Rende - Loc. Coda di Volpe,39.392834,16.257724,180000,777600,Italy,Calabria,ITF6,Italy,129600
Rende - Mendicino loc. Ferrera,39.271343,16.20824,1500,6480,Italy,Calabria,ITF6,Italy,1080
Rende - Mendicino loc. SantaCroce,39.274992,16.221674,1500,6480,Italy,Calabria,ITF6,Italy,1080
Rende - Mendicino loc. Stilluzzo,39.264292,16.200473,3000,12960,Italy,Calabria,ITF6,Italy,2160
Rende - Montalto Uffugo loc. Taverna,39.438697,16.248653,5000,21600,Italy,Calabria,ITF6,Italy,3600
Rende - San Pietro in Guarano Santa Lucia,39.338415,16.306988,2500,10800,Italy,Calabria,ITF6,Italy,1800
Rocca di Neto - Serrate,39.179767,17.025324,5000,21600,Italy,Calabria,ITF6,Italy,3600
Rocca di Neto - S. Angelo,39.129454,16.860095,5000,21600,Italy,Calabria,ITF6,Italy,3600
Rocca Imperiale - Arena,40.102309,16.620703,10000,43200,Italy,Calabria,ITF6,Italy,7200
Rocca Imperiale - Ravola,40.108774,16.58782,2000,8640,Italy,Basilicata,ITF5,Italy,1440
Roggiano Gravina - Cardoso,39.615184,16.179015,5000,21600,Italy,Calabria,ITF6,Italy,3600
Santa Caterina Albanese - Ricasoli,39.597222,16.095122,2000,8640,Italy,Calabria,ITF6,Italy,1440
Rogliano - Ribuccolo,39.182393,16.313963,3000,12960,Italy,Calabria,ITF6,Italy,2160
Rombiolo - Chiusa,38.591543,16.008516,2500,10800,Italy,Calabria,ITF6,Italy,1800
Rossano - Amica,39.60895,16.691197,7000,30240,Italy,Calabria,ITF6,Italy,5040
Rossano - Piragineti,39.623132,16.607447,15000,64800,Italy,Calabria,ITF6,Italy,10800
Rossano - Sant'Angelo,39.618068,16.635238,20000,86400,Italy,Calabria,ITF6,Italy,14400
San Demetrio Corone - Gurisa,39.594098,16.340684,150,648,Italy,Calabria,ITF6,Italy,108
San Demetrio Corone - Mezzana,39.582716,16.356661,2000,8640,Italy,Calabria,ITF6,Italy,1440
San Demetrio Corone - Mezzana Sepe,39.575506,16.347767,2700,11664,Italy,Calabria,ITF6,Italy,1944
San Demetrio Corone - Mizofate,39.586082,16.339313,150,648,Italy,Calabria,ITF6,Italy,108
San Demetrio Corone - Ortogrande,39.571663,16.350851,500,2160,Italy,Calabria,ITF6,Italy,360
San Demetrio Corone - Piedigallo,39.560043,16.336711,150,648,Italy,Calabria,ITF6,Italy,108
San Demetrio Corone - San Nicola,39.609785,16.399146,100,432,Italy,Calabria,ITF6,Italy,72
San Demetrio Corone - Sant'Agata,39.637554,16.380167,150,648,Italy,Calabria,ITF6,Italy,108
San Demetrio Corone - Sofferenti,39.575482,16.392621,300,1296,Italy,Calabria,ITF6,Italy,216
San Giovanni in Fiore - Lorica,39.243345,16.554782,5000,21600,Italy,Calabria,ITF6,Italy,3600
San Giovanni in Fiore - Ponte Arvo,39.247662,16.692162,35000,151200,Italy,Calabria,ITF6,Italy,25200
San Lorenzo del Vallo - Cavalcante,39.674158,16.2939,300,1296,Italy,Calabria,ITF6,Italy,216
San Lorenzo del Vallo - Ciccarello,39.666133,16.302384,300,1296,Italy,Calabria,ITF6,Italy,216
San Lorenzo del Vallo - Pipana,39.661134,16.2833,2000,8640,Italy,Calabria,ITF6,Italy,1440
San Luca - Polsi,38.406515,16.453917,1000,4320,Italy,Calabria,ITF6,Italy,720
San Lucido - Deuda,39.324516,16.04408,30000,129600,Italy,Calabria,ITF6,Italy,21600
San Marco Argentano - Scalo,39.596501,16.182398,12000,51840,Italy,Calabria,ITF6,Italy,8640
San Marco Argentano - Macchione,39.56918,16.120933,1500,6480,Italy,Calabria,ITF6,Italy,1080
San Mauro Marchesato - Masso Pizzonuovo,39.105074,16.922611,2500,10800,Italy,Calabria,ITF6,Italy,1800
San Nicola Arcella - Canalgrande,39.850988,15.798164,7000,30240,Italy,Calabria,ITF6,Italy,5040
San Nicola Arcella - Olivella,39.83765,15.784102,12500,54000,Italy,Calabria,ITF6,Italy,9000
San Nicola Arcella - Vannefora,39.857394,15.800623,3600,15552,Italy,Calabria,ITF6,Italy,2592
San Pietro a Maida - Guarna,38.854885,16.343224,9000,38880,Italy,Calabria,ITF6,Italy,6480
San Sosti - Capano,39.66671,16.0377,1000,4320,Italy,Calabria,ITF6,Italy,720
San Sosti - Pettoruto,39.665749,16.008429,1000,4320,Italy,Calabria,ITF6,Italy,720
San Sosti - Vallone Miccoli,39.836449,15.783547,250,1080,Italy,Calabria,ITF6,Italy,180
San Vincenzo La Costa - Gesuiti,39.356289,16.134991,400,1728,Italy,Calabria,ITF6,Italy,288
San Vincenzo La Costa - Greco,39.367215,16.129895,100,432,Italy,Calabria,ITF6,Italy,72
San Vincenzo La Costa - Palazzello,39.354369,16.146935,100,432,Italy,Calabria,ITF6,Italy,72
San Vincenzo La Costa - San Sisto,39.374821,16.154181,1000,4320,Italy,Calabria,ITF6,Italy,720
San Vincenzo La Costa - San Vincenzo,39.366917,16.162724,1000,4320,Italy,Calabria,ITF6,Italy,720
San Vito sullo Jonio - Fosso di Picca,38.705984,16.41365,4000,17280,Italy,Calabria,ITF6,Italy,2880
Sangineto - Lido,39.590153,15.875055,20000,86400,Italy,Calabria,ITF6,Italy,14400
Santa Agata d'Esaro - Trapesa,39.615416,15.984258,1500,6480,Italy,Calabria,ITF6,Italy,1080
Santa Caterina dello Jonio - Capuccini,38.502777,16.571667,1000,4320,Italy,Calabria,ITF6,Italy,720
Santa Caterina dello Jonio - Miloti,38.627777,16.567222,4000,17280,Italy,Calabria,ITF6,Italy,2880
Santa Severina - S.Angelo Altilia,39.182903,16.877371,1000,4320,Italy,Calabria,ITF6,Italy,720
Santa Severina - Cocino,39.157515,16.922303,4000,17280,Italy,Calabria,ITF6,Italy,2880
Santa Sofia d'Epiro - Prati Marchianò,39.551712,16.332609,1000,4320,Italy,Calabria,ITF6,Italy,720
Santa Sofia d'Epiro - Cancello,39.55591,16.324402,1000,4320,Italy,Calabria,ITF6,Italy,720
Santa Sofia d'Epiro - Gaudio,39.582457,16.307326,1000,4320,Italy,Calabria,ITF6,Italy,720
Santa Sofia d'Epiro - Mandrie,39.590962,16.263352,1000,4320,Italy,Calabria,ITF6,Italy,720
Santa Sofia d'Epiro - Acci,39.592352,16.316712,500,2160,Italy,Calabria,ITF6,Italy,360
Sant'Onofrio - Scapalegga,38.692002,16.15551,6000,25920,Italy,Calabria,ITF6,Italy,4320
Sarcena - San Vito,39.76934,16.161069,6000,25920,Italy,Calabria,ITF6,Italy,4320
Savelli - Chiusa,39.309664,16.77881,3000,12960,Italy,Calabria,ITF6,Italy,2160
Savelli - Villaggio Pino Grande,39.320737,16.747924,2000,8640,Italy,Calabria,ITF6,Italy,1440
Scalea - Lintiscita,39.790636,15.795377,115000,496800,Italy,Calabria,ITF6,Italy,82800
Scandale - S.Antonio,39.117762,16.958136,1000,4320,Italy,Calabria,ITF6,Italy,720
Scandale - San Leonardo,38.956468,16.961618,1000,4320,Italy,Calabria,ITF6,Italy,720
Scandale - Condoleo,39.124328,16.968874,700,3024,Italy,Calabria,ITF6,Italy,504
Scandale - Corazzo,39.170224,17.033475,500,2160,Italy,Calabria,ITF6,Italy,360
Scilla - Oliveto,38.25492,15.729228,10500,45360,Italy,Calabria,ITF6,Italy,7560
Scilla - Favazzina,38.2566931,15.7566375,1000,4320,Italy,Calabria,ITF6,Italy,720
Sellia Marina - Riva Chiara Uria,38.891739,16.733842,16500,71280,Italy,Calabria,ITF6,Italy,11880
Sellia Marina - Sena,38.910641,16.799182,6500,28080,Italy,Calabria,ITF6,Italy,4680
Serra San Bruno - San Rocco,38.58451,16.33735,8000,34560,Italy,Calabria,ITF6,Italy,5760
Serrastretta - Angoli,38.965641,16.430873,1000,4320,Italy,Calabria,ITF6,Italy,720
Serrastretta - Cancello,38.93394,16.429543,1000,4320,Italy,Calabria,ITF6,Italy,720
Serrastretta - Costa,39.010817,16.423768,1000,4320,Italy,Calabria,ITF6,Italy,720
Serrastretta - Migliuso,38.948525,16.430529,1000,4320,Italy,Calabria,ITF6,Italy,720
Settingiano - Costa,38.881026,16.547014,1500,6480,Italy,Calabria,ITF6,Italy,1080
Siderno - CONSORTILE LOCRI - SIDERNO - ANTONIMINA - GERACE -,38.360448,16.280075,83000,358560,Italy,Calabria,ITF6,Italy,59760
Simeri Crichi - Grecia,38.927878,16.666484,1000,4320,Italy,Calabria,ITF6,Italy,720
Simeri Crichi - Mare,38.868944,16.704329,15000,64800,Italy,Calabria,ITF6,Italy,10800
Simeri Crichi - Parasia,38.946589,16.644469,2300,9936,Italy,Calabria,ITF6,Italy,1656
Sinopoli - Guarnaccia,38.267409,15.882457,3500,15120,Italy,Calabria,ITF6,Italy,2520
Sorbo San Basile - Alli,39.024509,16.563337,2000,8640,Italy,Calabria,ITF6,Italy,1440
Sorbo San Basile - LAGOMAR,39.026186,16.564024,500,2160,Italy,Calabria,ITF6,Italy,360
Sorianello - Fornaci,38.593042,16.229668,2078,8976.96,Italy,Calabria,ITF6,Italy,1496.16
Soriano Calabro - Spinna Curcio,38.601055,16.212132,5000,21600,Italy,Calabria,ITF6,Italy,3600
Soverato - Corvo,38.675939,16.558196,40000,172800,Italy,Calabria,ITF6,Italy,28800
Soveria Mannelli - Scaglioni,39.06964,16.374156,5000,21600,Italy,Calabria,ITF6,Italy,3600
Soveria Simeri - Pirillo,38.935651,16.692381,200,864,Italy,Calabria,ITF6,Italy,144
Soveria Simeri - Colla,38.938448,16.679641,350,1512,Italy,Calabria,ITF6,Italy,252
Spezzano Albanese - Infascinato,39.680416,16.308751,10000,43200,Italy,Calabria,ITF6,Italy,7200
Spezzano Sila - Camigliatello Silano,39.354261,16.451956,15000,64800,Italy,Calabria,ITF6,Italy,10800
Spezzano Sila - Croce di Magara,39.345303,16.481431,1500,6480,Italy,Calabria,ITF6,Italy,1080
Spezzano Sila - Mulinelle,39.297786,16.329051,5000,21600,Italy,Calabria,ITF6,Italy,3600
Squillace - Donna Tolla,38.774918,16.510116,1500,6480,Italy,Calabria,ITF6,Italy,1080
Squillace - Fiasco Baldaja,38.796149,16.575261,500,2160,Italy,Calabria,ITF6,Italy,360
Squillace - Madonna del Ponte,38.781827,16.528726,1500,6480,Italy,Calabria,ITF6,Italy,1080
Squillace - Poveromo,38.780541,16.557834,10000,43200,Italy,Calabria,ITF6,Italy,7200
Stefanaconi - Ruggiero,38.67019,16.136723,6000,25920,Italy,Calabria,ITF6,Italy,4320
Stignano - Scina,38.473592,16.475793,1000,4320,Italy,Calabria,ITF6,Italy,720
Stilo - Centro,38.474276,16.475718,4000,17280,Italy,Calabria,ITF6,Italy,2880
Stilo - PIP,38.463299,16.505912,800,3456,Italy,Calabria,ITF6,Italy,576
Stilo - Bordingiano,38.467641,16.504054,120,518.4,Italy,Calabria,ITF6,Italy,86.4
Stilo - Caldarella,38.424339,16.546648,250,1080,Italy,Calabria,ITF6,Italy,180
Stilo - Gatticella,38.44309,16.530478,40,172.8,Italy,Calabria,ITF6,Italy,28.8
Strongoli - Scannaporcelli,39.245686,17.073708,40000,172800,Italy,Calabria,ITF6,Italy,28800
Tarsia - Vallone San Giovanni,39.612264,16.274227,3000,12960,Italy,Calabria,ITF6,Italy,2160
Tarsia - Mazzolino,39.625549,16.272647,500,2160,Italy,Calabria,ITF6,Italy,360
Taverna - Capoluogo,39.01813,16.580695,10000,43200,Italy,Calabria,ITF6,Italy,7200
Terranova da Sibari - Mortelluzza,39.39056,16.204805,1500,6480,Italy,Calabria,ITF6,Italy,1080
Terranova da Sibari - Varco di Lupo,39.314141,16.20429,1500,6480,Italy,Calabria,ITF6,Italy,1080
Tiriolo - Campo Monaci,38.940122,16.50532,3000,12960,Italy,Calabria,ITF6,Italy,2160
Tiriolo - Cuture,38.955192,16.509236,150,648,Italy,Calabria,ITF6,Italy,108
Tiriolo - Ferrito,38.925748,16.552292,500,2160,Italy,Calabria,ITF6,Italy,360
Tiriolo - Fossa dei Morti,38.902415,16.535069,600,2592,Italy,Calabria,ITF6,Italy,432
Tiriolo - Pratora,38.912137,16.527539,400,1728,Italy,Calabria,ITF6,Italy,288
Tiriolo - San Giovanni,38.904233,16.525515,100,432,Italy,Calabria,ITF6,Italy,72
Tiriolo - Soluri,38.958803,16.536736,250,1080,Italy,Calabria,ITF6,Italy,180
Tiriolo - Telecom,38.902415,16.535069,500,2160,Italy,Calabria,ITF6,Italy,360
Torano Castello - Ariella,39.505098,16.180933,200,864,Italy,Calabria,ITF6,Italy,144
Torano Castello - Cupini,39.497382,16.151392,1500,6480,Italy,Calabria,ITF6,Italy,1080
Torano Castello - Cuturella,39.505098,16.180933,1000,4320,Italy,Calabria,ITF6,Italy,720
Torano Castello - Mastroto,39.505579,16.150643,500,2160,Italy,Calabria,ITF6,Italy,360
Torano Castello - Peritano,39.513216,16.144651,200,864,Italy,Calabria,ITF6,Italy,144
Torano Castello - Varametto,39.527526,16.187276,200,864,Italy,Calabria,ITF6,Italy,144
Trebisacce - Pagliara,39.883081,16.53537,27000,116640,Italy,Calabria,ITF6,Italy,19440
Verbicaro - Iardino,39.754197,15.909508,5000,21600,Italy,Calabria,ITF6,Italy,3600
Verzino - Canal Grande,39.185803,16.512959,2500,10800,Italy,Calabria,ITF6,Italy,1800
Vibo Valentia - Piscopio Nuovo,38.648232,16.135053,15000,64800,Italy,Calabria,ITF6,Italy,10800
Vibo Valentia - Portosalvo,38.720567,16.090878,50000,216000,Italy,Calabria,ITF6,Italy,36000
Vibo Valentia - Silica,38.686736,16.102666,25000,108000,Italy,Calabria,ITF6,Italy,18000
Villapiana - Orto della Signora,39.842893,16.503472,41000,177120,Italy,Calabria,ITF6,Italy,29520
Zambrone - Daffina,38.683024,15.948519,2000,8640,Italy,Calabria,ITF6,Italy,1440
Pedace - Perito,39.271502,16.334278,4000,17280,Italy,Calabria,ITF6,Italy,2880
ACQUALAGNA_AQL_DEP,43.631,12.6855,4000,17280,Italy,Marche,ITI3,Italy,2880
CAPOLUOGO_CGL_DEP,43.5596,12.6603,8000,34560,Italy,Marche,ITI3,Italy,5760
LUCREZIA_LCR_DEP,43.7775,12.9475,9900,42768,Italy,Marche,ITI3,Italy,7128
PIAN_DI_ZUCCA_LCR_DEP,43.7636,12.9789,1900,8208,Italy,Marche,ITI3,Italy,1368
PONTE_METAURO_FNO_DEP,43.82949,13.051328,60000,259200,Italy,Marche,ITI3,Italy,43200
PONTE_SASSO_FNO_DEP,43.78783,13.107587,18000,77760,Italy,Marche,ITI3,Italy,12960
BELLOCCHI_FNO_DEP,43.79213,13.020888,6500,28080,Italy,Marche,ITI3,Italy,4680
CAPOLUOGO_FRM_DEP,43.689,12.6518,7000,30240,Italy,Marche,ITI3,Italy,5040
SAN_MARTINO_DEL_PIANO_FSS_DEP,43.6928,12.8289,6000,25920,Italy,Marche,ITI3,Italy,4320
PIANCERRETO_FSS_DEP,43.6845,12.7988,600,2592,Italy,Marche,ITI3,Italy,432
CAMPO_QUADRO_GBC_DEP,43.9564,12.7503,49600,214272,Italy,Marche,ITI3,Italy,35712
CAPOLUOGO_ORC_DEP,43.6825,12.9724,3330,14385.6,Italy,Marche,ITI3,Italy,2397.6
MAROTTA_MDF_DEP,43.748913,13.167098,18000,77760,Italy,Marche,ITI3,Italy,12960
CAPOLUOGO_MTB_DEP,43.8537,12.7912,4000,17280,Italy,Marche,ITI3,Italy,2880
CASTELVECCHIO_MPR_DEP,43.6956,13.0718,3150,13608,Italy,Marche,ITI3,Italy,2268
PERGOLA_CAPOLUOGO_DEP,43.5644,12.8394,5000,21600,Italy,Marche,ITI3,Italy,3600
PERGOLA_PANTANA_DEP,43.539,12.8371,800,3456,Italy,Marche,ITI3,Italy,576
BORGHERIA_PSR_DEP,43.8984,12.875,116550,503496,Italy,Marche,ITI3,Italy,83916
BORGO_SANTA_MARIA_PSR_DEP,43.8713,12.8117,6000,25920,Italy,Marche,ITI3,Italy,4320
CALCINELLI_SLT_DEP,43.7492,12.928,5500,23760,Italy,Marche,ITI3,Italy,3960
VIA_VOLPELLA_CST_DEP,43.7766,13.0853,3000,12960,Italy,Marche,ITI3,Italy,2160
CAPOLUOGO_SLC_DEP,43.5988,12.9539,2200,9504,Italy,Marche,ITI3,Italy,1584
MONTECCHIO_SAL_DEP,43.8493,12.776,30000,129600,Italy,Marche,ITI3,Italy,21600
CAPOLUOGO_SAV_DEP,43.6711,12.441,3500,15120,Italy,Marche,ITI3,Italy,2520
CAPOLUOGO_SSC_DEP,43.7846,12.4946,3500,15120,Italy,Marche,ITI3,Italy,2520
MERCATALE_SSC_DEP,43.7941,12.4952,500,2160,Italy,Marche,ITI3,Italy,360
ISOLA_URA_DEP,43.6608,12.524,6700,28944,Italy,Marche,ITI3,Italy,4824
CA_ROMBALDONI_URA_DEP,43.6537,12.54,3500,15120,Italy,Marche,ITI3,Italy,2520
EST_SASSO_URB_DEP,43.7405,12.6483,2800,12096,Italy,Marche,ITI3,Italy,2016
OVEST_CONCE_URB_DEP,43.7149,12.6388,2300,9936,Italy,Marche,ITI3,Italy,1656
BRACCONE_URB_DEP,43.7311,12.5977,9900,42768,Italy,Marche,ITI3,Italy,7128
MULINO_RUGGERI_GLC_DEP,43.8323,12.7516,2000,8640,Italy,Marche,ITI3,Italy,1440
CAPOLUOGO_TAV_DEP,43.8942,12.7357,1000,4320,Italy,Marche,ITI3,Italy,720
FALCONARA_DEP,43.6304,13.3773,85000,367200,Italy,Marche,ITI3,Italy,61200
ANCONA_ZIPA_DEP,43.6097,13.4959,100000,432000,Italy,Marche,ITI3,Italy,72000
CAMERANO_DEP,43.5081,13.5405,33000,142560,Italy,Marche,ITI3,Italy,23760
CASTELBELLINO_DEP,43.4967,13.1581,11000,47520,Italy,Marche,ITI3,Italy,7920
MOIE_DEP,43.4994,13.1398,4000,17280,Italy,Marche,ITI3,Italy,2880
CERRETO_D_ESI_MONTERUSTICO_DEP,43.3318,12.9921,3500,15120,Italy,Marche,ITI3,Italy,2520
CERRETO_D_ESI_PIAN_DEL_MORRO_DEP,43.3041,12.9845,500,2160,Italy,Marche,ITI3,Italy,360
FABRIANO_VIA_BACHELET_DEP,43.3559,12.9283,35000,151200,Italy,Marche,ITI3,Italy,25200
JESI_DEP,43.5497,13.3008,60000,259200,Italy,Marche,ITI3,Italy,43200
RIPE_DEP,43.6512,13.1434,16000,69120,Italy,Marche,ITI3,Italy,11520
SANTA_MARIA_NUOVA_DEP,43.4818,13.3136,2500,10800,Italy,Marche,ITI3,Italy,1800
SASSOFERRATO_LOC_FORNACI_DEP,43.4331,12.8712,6000,25920,Italy,Marche,ITI3,Italy,4320
SENIGALLIA_DEP,43.7058,13.2035,100000,432000,Italy,Marche,ITI3,Italy,72000
SERRA_DE_CONTI_DEP,43.5471,13.029,8000,34560,Italy,Marche,ITI3,Italy,5760
MATELICA_DEP,43.2846,12.9968,14400,62208,Italy,Marche,ITI3,Italy,10368
VILLA_POTICCIO_CST_DEP,43.461,13.6019,86000,371520,Italy,Marche,ITI3,Italy,61920
COMUNALE_FILOTTRANO_DEP,43.4145,13.3731,11700,50544,Italy,Marche,ITI3,Italy,8424
C_DA_S_MARIA_IN_POTENZA_PTR_DEP,43.4144,13.6568,70000,302400,Italy,Marche,ITI3,Italy,50400
VERDEFIORE_APP_DEP,43.3669,13.3637,4500,19440,Italy,Marche,ITI3,Italy,3240
PIANDAIELLO_ZONA_NORD_CAM_DEP,43.1432,13.0478,8000,34560,Italy,Marche,ITI3,Italy,5760
SCALETTE_ZONA_SUD_CAM_DEP,43.1241,13.0809,3500,15120,Italy,Marche,ITI3,Italy,2520
CAPOLUOGO_LOCALITA_ELE_CTR_DEP,43.2145,13.0678,6000,25920,Italy,Marche,ITI3,Italy,4320
CERRETE_COLICELLI_CIN_DEP,43.4031,13.2025,5000,21600,Italy,Marche,ITI3,Italy,3600
VIA_FONTANELLE_CVT_DEP,43.2903,13.7264,100000,432000,Italy,Marche,ITI3,Italy,72000
SARROCCIANO_CRD_DEP,43.2631,13.5447,95000,410400,Italy,Marche,ITI3,Italy,68400
VILLA_POTENZA_MCR_DEP,43.3279,13.4308,24000,103680,Italy,Marche,ITI3,Italy,17280
MOSE_MCR_DEP,43.237399,13.53157,2500,10800,Italy,Marche,ITI3,Italy,1800
SAMBUCHETO_MCS_DEP,43.354229,13.491163,9900,42768,Italy,Marche,ITI3,Italy,7128
FOSSO_BACILE_MLP_DEP,43.3497,13.5786,1600,6912,Italy,Marche,ITI3,Italy,1152
FONTEVALLE_MLP_DEP,43.3382,13.563,611,2639.52,Italy,Marche,ITI3,Italy,439.92
ANETO_MLP_DEP,43.3739,13.5851,400,1728,Italy,Marche,ITI3,Italy,288
MORAZZANO_PLL_DEP,43.2617,13.3461,2400,10368,Italy,Marche,ITI3,Italy,1728
SCALO_PLL_DEP,43.2375,13.3724,700,3024,Italy,Marche,ITI3,Italy,504
PELAGALLI_PLL_DEP,43.240254,13.380814,130,561.6,Italy,Marche,ITI3,Italy,93.6
CASE_BIANCHE_PTP_DEP,43.3737,13.6403,5000,21600,Italy,Marche,ITI3,Italy,3600
C_DA_ALVATA_PTP_DEP,43.3762,13.6884,9000,38880,Italy,Marche,ITI3,Italy,6480
SUD_EST_S_AGOSTINO_RCN_DEP,43.3947,13.5754,14000,60480,Italy,Marche,ITI3,Italy,10080
SUD_OVEST_DUOMO_RCN_DEP,43.3836,13.5387,7000,30240,Italy,Marche,ITI3,Italy,5040
PIEVE_SSM_DEP,43.2306,13.1989,20500,88560,Italy,Marche,ITI3,Italy,14760
C_DA_ROTONDO_TLN_DEP,43.2177,13.3411,50000,216000,Italy,Marche,ITI3,Italy,36000
FONTE_VANNAZZA_TRE_DEP,43.3048,13.3048,1500,6480,Italy,Marche,ITI3,Italy,1080
SS_CROCIFISSO_TRE_DEP,43.3184,13.31,1200,5184,Italy,Marche,ITI3,Italy,864
PASSO_DI_TREIA_PTR_DEP,43.2832,13.3354,1700,7344,Italy,Marche,ITI3,Italy,1224
S_MARCO_VECCHIO_PTR_DEP,43.2908,13.3445,250,1080,Italy,Marche,ITI3,Italy,180
URBISAGLIA_MAESTA_UBS_DEP,43.2123,13.3901,16000,69120,Italy,Marche,ITI3,Italy,11520
MOLINO_VECCHIO_FLR_DEP,43.0948,13.516,4000,17280,Italy,Marche,ITI3,Italy,2880
MASSA_FERMANA_TARUCCHIO_DEP,43.1567,13.4874,100,432,Italy,Marche,ITI3,Italy,72
MASSA_FERMANA_VILLA_BERARDE_DEP,43.1562,13.4786,200,864,Italy,Marche,ITI3,Italy,144
MASSA_FERMANA_CAMPO_SPORTIVO_DEP,43.1518,13.4716,150,648,Italy,Marche,ITI3,Italy,108
MASSA_FERMANA_FONTE_CORATA_DEP,43.1435,13.4852,200,864,Italy,Marche,ITI3,Italy,144
MONTAPPONE_SALETTO_SPIAZZI_DEP,43.1333,13.4743,700,3024,Italy,Marche,ITI3,Italy,504
MONTAPPONE_SELVA_DEP,43.134,13.4577,400,1728,Italy,Marche,ITI3,Italy,288
RIO_BERTO_MTG_DEP,43.1141,13.5722,4000,17280,Italy,Marche,ITI3,Italy,2880
SOCCORSO_MTG_DEP,43.1351,13.5298,1000,4320,Italy,Marche,ITI3,Italy,720
CAPPUCCINI_MTG_DEP,43.1198,13.5274,1000,4320,Italy,Marche,ITI3,Italy,720
SANTA_CROCE_MTG_DEP,43.1054,13.5638,1200,5184,Italy,Marche,ITI3,Italy,864
RIO_INFERNO_MTR_DEP,43.2224,13.6193,5000,21600,Italy,Marche,ITI3,Italy,3600
SANTA_LEANDRA_MTR_DEP,43.2193,13.6576,9400,40608,Italy,Marche,ITI3,Italy,6768
GUAZZETTI_MTR_DEP,43.2514,13.6446,9100,39312,Italy,Marche,ITI3,Italy,6552
BUON_CUORE_MSP_DEP,43.204942,13.607032,16000,69120,Italy,Marche,ITI3,Italy,11520
VIA_MAZZINI_PSE_DEP,43.2313,13.765,60000,259200,Italy,Marche,ITI3,Italy,43200
MATTATOIO_SRN_DEP,43.031,13.3024,1000,4320,Italy,Marche,ITI3,Italy,720
MOLINO_CIARROCCHI_SRN_DEP,43.0291,13.3006,50,216,Italy,Marche,ITI3,Italy,36
ROMANI_SRN_DEP,43.0268,13.2952,50,216,Italy,Marche,ITI3,Italy,36
San Vincenzo_ACQ_DEP,42.9435,13.8285,1500,6480,Italy,Marche,ITI3,Italy,1080
Fonte Palanca_ACQ_DEP,42.9415,13.8139,1200,5184,Italy,Marche,ITI3,Italy,864
Pignotto_AMN_DEP,42.9749,13.3556,2000,8640,Italy,Marche,ITI3,Italy,1440
Callugo_AMN_DEP,42.9826,13.3605,500,2160,Italy,Marche,ITI3,Italy,360
Santa Maria a Piè d'Agello_DEP,42.979637,13.364738,100,432,Italy,Marche,ITI3,Italy,72
CAMPOLUNGO_ASC_DEP,42.8538,13.7171,120000,518400,Italy,Marche,ITI3,Italy,86400
Marino_ASC_DEP,42.8462,13.6317,50000,216000,Italy,Marche,ITI3,Italy,36000
S.Maria a Terme_CMN_DEP,42.9622,13.4269,3000,12960,Italy,Marche,ITI3,Italy,2160
Taffetani_CPR_DEP,43.0386,13.8572,15000,64800,Italy,Marche,ITI3,Italy,10800
Lido_FRM_DEP,43.1989,13.7875,50000,216000,Italy,Marche,ITI3,Italy,36000
Salvano_FRM_DEP,43.1468,13.779,40000,172800,Italy,Marche,ITI3,Italy,28800
Basso Tenna_DEP,43.23,13.76,20000,86400,Italy,Marche,ITI3,Italy,14400
San Leonardo_GRT_DEP,42.9771,13.8679,35000,151200,Italy,Marche,ITI3,Italy,25200
Lava-Mezzina_OFF_DEP,42.9268,13.6897,5000,21600,Italy,Marche,ITI3,Italy,3600
Valdaso_PDS_DEP,43.0967,13.8282,5000,21600,Italy,Marche,ITI3,Italy,3600
Brodolini_SBT_DEP,42.8943,13.9014,180000,777600,Italy,Marche,ITI3,Italy,129600
Cretoni_MSP_DEP,42.9008,13.789,300,1296,Italy,Marche,ITI3,Italy,216
ROTONDA_CDA_PARAGALLINE,39.97101923,16.03851908,20000,86400,Italy,Calabria,ITF6,Italy,14400
IMPIANTO C.DA S.ANNA,37.29916,13.57498,55000,237600,Italy,Sicilia,ITG1,Italy,39600
IMPIANTO VILLAGGIO MOSE',37.26581,13.63036,1500,6480,Italy,Sicilia,ITG1,Italy,1080
IMPIANTO C.DA FONTANELLE,37.33153,13.58494,11000,47520,Italy,Sicilia,ITG1,Italy,7920
IMPIANTO C.DA FRETTI,37.57134,13.44634,4000,17280,Italy,Sicilia,ITG1,Italy,2880
IMPIANTO C.DA VALLONE ALONGI,37.41701,13.62031,13200,57024,Italy,Sicilia,ITG1,Italy,9504
IMPIANTO C.DA S. LEO,37.57221,13.22248,6000,25920,Italy,Sicilia,ITG1,Italy,4320
IMPIANTO C.DA FONTANA GRANDE (C.DA COSTA),37.2546,13.79997,3000,12960,Italy,Sicilia,ITG1,Italy,2160
IMPIANTO C.DA S. MARTINO,37.63851,13.64848,18500,79920,Italy,Sicilia,ITG1,Italy,13320
IMPIANTO  N.O.  C.DA CANALE,37.26181,13.91169,9000,38880,Italy,Sicilia,ITG1,Italy,6480
IMPIANTO DI S.E. C.DA MILICI,37.24931,13.93667,7000,30240,Italy,Sicilia,ITG1,Italy,5040
IMPIANTO C.DA PONTE BONAVIA,37.41373,13.73786,40000,172800,Italy,Sicilia,ITG1,Italy,28800
IMPIANTO PONTE CALCARE,37.53458,13.64447,12500,54000,Italy,Sicilia,ITG1,Italy,9000
IMPIANTO C.DA CASTELLACCIO,37.3523,13.7445,4500,19440,Italy,Sicilia,ITG1,Italy,3240
IMPIANTO C.DA ZAGARELLA,37.43561,13.37413,4000,17280,Italy,Sicilia,ITG1,Italy,2880
IMPIANTO C.DA VITELLACCIO,37.51834,13.4427,4000,17280,Italy,Sicilia,ITG1,Italy,2880
IMPIANTO C.DA CANALARO,37.51297,13.41906,2000,8640,Italy,Sicilia,ITG1,Italy,1440
IMPIANTO C.DA BURGIALAMONE-CHIMENTO,37.29695,13.6439,35000,151200,Italy,Sicilia,ITG1,Italy,25200
IMPIANTO C.DA CACCAROLLOLI,37.40477,13.68528,6450,27864,Italy,Sicilia,ITG1,Italy,4644
IMPIANTO C.DA CURIALE (C.DA CACICI),37.38288,13.55515,1500,6480,Italy,Sicilia,ITG1,Italy,1080
IMPIANTO C.DA GIACATO,37.58056,13.30001,3000,12960,Italy,Sicilia,ITG1,Italy,2160
IMPIANTO C/DA TERRANOVA-FIORI PORTO PALO,37.57729,12.94935,15000,64800,Italy,Sicilia,ITG1,Italy,10800
IMPIANTO C.DA STRETTO,37.3888,13.34165,4300,18576,Italy,Sicilia,ITG1,Italy,3096
IMPIANTO C.DA CAPPELLO,37.17992,13.75858,27000,116640,Italy,Sicilia,ITG1,Italy,19440
IMPIANTO VIA MOLO LEVANTE,37.28712,13.53234,33000,142560,Italy,Sicilia,ITG1,Italy,23760
IMPIANTO C.DA BABBALUCIA,37.43831,13.38715,15000,64800,Italy,Sicilia,ITG1,Italy,10800
IMPIANTO C.DA S. VITO,37.27175,13.97921,18000,77760,Italy,Sicilia,ITG1,Italy,12960
IMPIANTO C.DA TORRE-COSTA CONIGLIA,37.48624,13.24113,30000,129600,Italy,Sicilia,ITG1,Italy,21600
IMPIANTO C.DA CASA BIANCA,37.65012,13.10149,9200,39744,Italy,Sicilia,ITG1,Italy,6624
IMPIANTO C:DA PIZZUTA (C.DA PILI),37.49942,13.52547,5000,21600,Italy,Sicilia,ITG1,Italy,3600
IMPIANTO C.DA DON MATTEO (S.G. Gemini),37.61558,13.68029,14200,61344,Italy,Sicilia,ITG1,Italy,10224
IMPIANTO VIA C MARX,37.42594,13.54719,4200,18144,Italy,Sicilia,ITG1,Italy,3024
IMPIANTO VIA CANNITELLO,37.68481,13.00988,6000,25920,Italy,Sicilia,ITG1,Italy,4320
IMPIANTO C.DA BELLANTE,37.51471,13.06275,30000,129600,Italy,Sicilia,ITG1,Italy,21600
IMPIANTO PIETRE CADUTE,37.33705,13.39581,8500,36720,Italy,Sicilia,ITG1,Italy,6120
IMPIANTO_C_DA_CAMMARELLA_CONSORTILE,37.46891,14.04782,76700,331344,Italy,Sicilia,ITG1,Italy,55224
IMPIANTO_DI_C_DA_FONTANA,37.18811,14.17823,5600,24192,Italy,Sicilia,ITG1,Italy,4032
IMPIANTO_C_DA_SPARACI-PARRINI,37.5087,13.69225,4015,17344.8,Italy,Sicilia,ITG1,Italy,2890.8
IMPIANTO_C_DA_MACCHITELLA,37.08314,14.20753,12000,51840,Italy,Sicilia,ITG1,Italy,8640
IMPIANTO_C_DA_NOCE,37.60161,13.90656,2600,11232,Italy,Sicilia,ITG1,Italy,1872
IMPIANTO_C_DA_MINNELLI-CHIMERA,37.2886,14.21632,21400,92448,Italy,Sicilia,ITG1,Italy,15408
IMPIANTO_C_DA_MARGIO_NATALE,37.4694,13.76147,2850,12312,Italy,Sicilia,ITG1,Italy,2052
IMPIANTO_VALLONE_BIANCO_C_DA_CHIAPPARA_DEL_TERRITORIO_DI_SUTERA,37.48095,13.73478,500,2160,Italy,Sicilia,ITG1,Italy,360
IMPIANTO_C_DA_CAPPA_PURGATORIO,37.47395,13.7255,500,2160,Italy,Sicilia,ITG1,Italy,360
IMPIANTO_C_DA_PIRITO-VILLAGGIO_MASANIELLO,37.47165,13.71411,600,2592,Italy,Sicilia,ITG1,Italy,432
IMPIANTO_C_DA_NAVE_MINTINA,37.45026,13.81967,2500,10800,Italy,Sicilia,ITG1,Italy,1800
IMPIANTO_C_DA_POVERONE,37.56651,13.74696,17000,73440,Italy,Sicilia,ITG1,Italy,12240
IMPIANTO_C_DA_CULMA,37.68503,14.04111,3700,15984,Italy,Sicilia,ITG1,Italy,2664
IMPIANTO_PIANO_DI_MARGIO,37.29054,14.07601,14000,60480,Italy,Sicilia,ITG1,Italy,10080
IMPIANTO_C_DA_ARENELLA,37.58273,14.03705,6500,28080,Italy,Sicilia,ITG1,Italy,4680
IMPIANTO_C_DA_MINTINA,37.4477,13.87622,8000,34560,Italy,Sicilia,ITG1,Italy,5760
IMPIANTO_C_DA_CANALE,37.33417,13.98197,8234,35570.88,Italy,Sicilia,ITG1,Italy,5928.48
IMPIANTO_1_C_DA_SOTTO_S_AGATA,37.52487,13.72206,2500,10800,Italy,Sicilia,ITG1,Italy,1800
IMPIANTO_2_C_DA_PIETRAROTTA,37.52593,13.74339,500,2160,Italy,Sicilia,ITG1,Italy,360
IMPIANTO_C_DA_MURLACCHIELLO_S_PAOLINO,37.52034,13.73167,250,1080,Italy,Sicilia,ITG1,Italy,180
IMPIANTO_C_DA_BUFFA,37.68222,13.84406,5000,21600,Italy,Sicilia,ITG1,Italy,3600
IMPIANTO_C_DA_VASCELLI,37.66128,13.84944,4100,17712,Italy,Sicilia,ITG1,Italy,2952
"CONSORTILE_AGIP,_DI_C_DA_BETHLEM",37.05016,14.27219,40000,172800,Italy,Sicilia,ITG1,Italy,28800
IMPIANTO_COMUNALE_C_DA_SERRA,37.65154,14.836,34150,147528,Italy,Sicilia,ITG1,Italy,24588
IMPIANTO_C_DA_POGGIO_ROSSO_SOTTANO,37.63391,14.87043,30000,129600,Italy,Sicilia,ITG1,Italy,21600
IMPIANTO_DI_BRONTE_C_DA_SCIAROTTA,37.7849,14.81106,25000,108000,Italy,Sicilia,ITG1,Italy,18000
IMPIANTO_C_DA_IMPERIO,37.81576,15.2464,7000,30240,Italy,Sicilia,ITG1,Italy,5040
IMPIANTO_FRAZ_POGGIARELLI,37.24891,14.57507,56600,244512,Italy,Sicilia,ITG1,Italy,40752
IMPIANTO_CENTRO_URBANO,37.49359,14.64482,1975,8532,Italy,Sicilia,ITG1,Italy,1422
IMPIANTO_CASTIGLIONE_C_DA_S_FRANCESCO,37.88107,15.11253,2000,8640,Italy,Sicilia,ITG1,Italy,1440
IMPIANTO_GRAMMICHELE_C_DA_GIANDRITTO-ZACCANO,37.21923,14.62175,13550,58536,Italy,Sicilia,ITG1,Italy,9756
IMPIANTO_C_DA_ROCCARO,37.83603,14.85835,5000,21600,Italy,Sicilia,ITG1,Italy,3600
IMPIANTO_BOSCHETTO_VACCHERIA,37.85063,14.79155,5300,22896,Italy,Sicilia,ITG1,Italy,3816
IMPIANTO_VALLONE_CAVA,37.06537,14.55703,5000,21600,Italy,Sicilia,ITG1,Italy,3600
IMPIANTO_C_DA_MULINELLO,37.32711,14.43665,11000,47520,Italy,Sicilia,ITG1,Italy,7920
IMPIANTO_CONSORTILE_DI_MISTERBIANCO,37.4913,15.00775,47500,205200,Italy,Sicilia,ITG1,Italy,34200
IMPIANTO_C_DA_ARDIZZONE,37.5008,14.96181,10000,43200,Italy,Sicilia,ITG1,Italy,7200
IMPIANTO_CONSORTILE_DI_PATERNÒ,37.5552,14.87466,55000,237600,Italy,Sicilia,ITG1,Italy,39600
IMPIANTO_COMUNALE_PIEDIMONTE_ETNEO,37.80496,15.18718,4800,20736,Italy,Sicilia,ITG1,Italy,3456
IMPIANTO_COMUNALE_C_DA_CIARAMBELLA,37.88815,14.99029,11550,49896,Italy,Sicilia,ITG1,Italy,8316
IMPIANTO_C_DA_PIANA,37.28448,14.35724,4170,18014.4,Italy,Sicilia,ITG1,Italy,3002.4
IMPIANTO_C_DA_SERRAORTO,37.6163,14.88071,9000,38880,Italy,Sicilia,ITG1,Italy,6480
IMPIANTO_C_DA_RISATA,37.29026,14.41829,6000,25920,Italy,Sicilia,ITG1,Italy,4320
IMPIANTO_CONSORTILE_DI_MASCALI,37.74053,15.19868,47000,203040,Italy,Sicilia,ITG1,Italy,33840
IMPIANTO_CONSORTILE_DI_CATANIA,37.44184,15.04273,432500,1868400,Italy,Sicilia,ITG1,Italy,311400
ENNA - IMPIANTO C.DA SIRIERI,37.527456,14.256089,30000,129600,Italy,Sicilia,ITG1,Italy,21600
AGIRA - IMPIANTO C.DA CAPO D'ORO,37.6495,14.522858,9500,41040,Italy,Sicilia,ITG1,Italy,6840
CATENANUOVA - IMPIANTO C.DA CUCCO-CUBA,37.561722,14.683263,6000,25920,Italy,Sicilia,ITG1,Italy,4320
CENTURIPE - IMPIANTO C.DA MINIERE,37.617352,14.759965,10000,43200,Italy,Sicilia,ITG1,Italy,7200
GAGLIANO CASTELFERRATO - IMPIANTO C.DA PELLIZZERI,37.710426,14.541574,5000,21600,Italy,Sicilia,ITG1,Italy,3600
NISSORIA - IMPIANTO C.DA GIARDINELLI,37.659846,14.45153,4200,18144,Italy,Sicilia,ITG1,Italy,3024
PIAZZA ARMERINA - IMPIANTO VILLAGGIO SAMMARCO,37.372741,14.376597,500,2160,Italy,Sicilia,ITG1,Italy,360
PIAZZA ARMERINA - IMPIANTO C.DA INDIRIZZO,37.384166,14.368083,22300,96336,Italy,Sicilia,ITG1,Italy,16056
PIETRAPERZIA - IMPIANTO C.DA FAVARA,37.419612,14.128845,4000,17280,Italy,Sicilia,ITG1,Italy,2880
PIETRAPERZIA - IMPIANTO C.DA ROCCHE,37.424096,14.142791,8000,34560,Italy,Sicilia,ITG1,Italy,5760
REGALBUTO - IMPIANTO C.DA PIETRASANTA,37.6614,14.641657,9500,41040,Italy,Sicilia,ITG1,Italy,6840
TROINA - IMPIANTO C.DA SCHIDACI,37.78282,14.58064,7000,30240,Italy,Sicilia,ITG1,Italy,5040
TROINA - IMPIANTO C.DA SAN MICHELE,37.769664,14.614055,7000,30240,Italy,Sicilia,ITG1,Italy,5040
VALGUARNERA - IMPIANTO DI DEPURAZIONE C.DA DITTAINO,37.49513,14.3905,14000,60480,Italy,Sicilia,ITG1,Italy,10080
VILLAROSA - IMPIANTO C.DA VANELLE (C.DA SAN ROCCO),37.58657,14.18081,6500,28080,Italy,Sicilia,ITG1,Italy,4680
LEONFORTE - IMPIANTO CONSORTILE C.DA CASTELLACCIO,37.639517,14.377782,23200,100224,Italy,Sicilia,ITG1,Italy,16704
IMPIANTO_CONSORTILE_CANTONE_GAZZISI_TORRENTE_TERMINI,38.15216,15.17347,114000,492480,Italy,Sicilia,ITG1,Italy,82080
IMPIANTO_C_DA_BIRRUSO,37.84186,14.47212,3800,16416,Italy,Sicilia,ITG1,Italy,2736
IMPIANTO_ZAPPULLA-_TAVOLA_GRANDE,38.12609,14.70696,19870,85838.4,Italy,Sicilia,ITG1,Italy,14306.4
IMPIANTO_DI_MARINA_DI_CARONIA,38.03519,14.42586,7300,31536,Italy,Sicilia,ITG1,Italy,5256
IMPIANTO_FELICIOTTO,38.11815,15.08726,5000,21600,Italy,Sicilia,ITG1,Italy,3600
IMPIANTO_C_DA_S_EUPLIO,37.89627,15.15724,4800,20736,Italy,Sicilia,ITG1,Italy,3456
IMPIANTO_CONSORTILE_FURNARI_-TONNARELLA,38.12681,15.11972,17000,73440,Italy,Sicilia,ITG1,Italy,12240
IMPIANTO_DI_DEPURAZIONE_DI_GAGGI,37.85191,15.21996,3500,15120,Italy,Sicilia,ITG1,Italy,2520
IMPIANTO_C_DA_S_MICHELE,38.16476,14.90006,10000,43200,Italy,Sicilia,ITG1,Italy,7200
IMPIANTO_C_DA_OLIVITELLO,37.88378,15.22218,2100,9072,Italy,Sicilia,ITG1,Italy,1512
IMPIANTO_SAGGIO,38.10484,14.97625,2200,9504,Italy,Sicilia,ITG1,Italy,1584
IMPIANTO_MERI',38.17249,15.24183,2500,10800,Italy,Sicilia,ITG1,Italy,1800
IMPIANTO_S_SABA,38.11455,15.50958,25000,108000,Italy,Calabria,ITF6,Italy,18000
IMPIANTO_C_DA_FOSSAZZO,38.2034,15.22694,40000,172800,Italy,Sicilia,ITG1,Italy,28800
IMPIANTO_COMUNALE,38.04987,14.6822,2600,11232,Italy,Sicilia,ITG1,Italy,1872
IMPIANTO_DI_NIZZA_DI_SICILIA_C_DA_PIANA,37.9977,15.41129,13000,56160,Italy,Sicilia,ITG1,Italy,9360
IMPIANTO_C_DA_FIUME,38.12499,15.0668,12200,52704,Italy,Sicilia,ITG1,Italy,8784
IMPIANTO_PLAYA,38.15032,14.99143,20500,88560,Italy,Sicilia,ITG1,Italy,14760
IMPIANTO_CONSORTILE_GLIACA_LUNGO_MARE_LUIGI_RIZZO,38.16058,14.83978,22000,95040,Italy,Sicilia,ITG1,Italy,15840
IMPIANTO_CONSORTILE_DI_ROCCALUMERA_C_DA_PIANA,37.96767,15.38391,23000,99360,Italy,Sicilia,ITG1,Italy,16560
IMPIANTO_MOLLERINO,38.1056,15.17577,1000,4320,Italy,Sicilia,ITG1,Italy,720
IMPIANTO_COPPOLA,38.12009,15.16311,1200,5184,Italy,Sicilia,ITG1,Italy,864
IMPIANTO_C_DA_BONCODDO,38.22353,15.39655,5000,21600,Italy,Sicilia,ITG1,Italy,3600
IMPIANTO_C_DA_FIUMARELLA_NEL_COMUNE_DI_MILAZZO_C_DA_TORRENTE_FLUORIPOTEMA,38.17118,15.24957,2000,8640,Italy,Sicilia,ITG1,Italy,1440
IMPIANTO_C_DA_STINCO,38.07785,14.68579,2800,12096,Italy,Sicilia,ITG1,Italy,2016
IMPIANTO_ARABITE,38.04961,14.96133,1500,6480,Italy,Sicilia,ITG1,Italy,1080
IMPIANTO_PONTE_MANGANO,38.05205,14.96758,900,3888,Italy,Sicilia,ITG1,Italy,648
IMPIANTO_C_DA_S_MARIA,38.07663,14.78906,1950,8424,Italy,Sicilia,ITG1,Italy,1404
IMPIANTO_CONSORTILE_S_AGATA_C_DA_INGANNO,38.06966,14.61078,28000,120960,Italy,Sicilia,ITG1,Italy,20160
IMPIANTO_CONSORTILE_DI_SANT_ALESSIO_SICULO_C_DA_CASSARINA,37.92434,15.33769,2600,11232,Italy,Sicilia,ITG1,Italy,1872
IMPIANTO_S_LUCIA_DEL_MELA_C_DA_PADURA,38.15796,15.26723,1600,6912,Italy,Sicilia,ITG1,Italy,1152
IMPIANTO_CONSORTILE_C_DA_CATALMO,37.935,15.35023,11340,48988.8,Italy,Sicilia,ITG1,Italy,8164.8
IMPIANTO_C_DA_CIARAMIRELLO,38.01427,14.35801,6500,28080,Italy,Sicilia,ITG1,Italy,4680
IMPIANTO_C_DA_SAPONARA_MARITTIMA,38.24012,15.42253,6000,25920,Italy,Sicilia,ITG1,Italy,4320
IMPIANTO_CONS_SCALETTA_ZANCLEA,38.04267,15.4532,7000,30240,Italy,Sicilia,ITG1,Italy,5040
IMPIANTO_C_DA_MERENDINO_SINAGRA_CENTRO,38.08777,14.84113,5400,23328,Italy,Sicilia,ITG1,Italy,3888
IMPIANTO_FRAZ_MULINAZZO,38.07948,14.84386,300,1296,Italy,Sicilia,ITG1,Italy,216
IMPIANTO_C_DA_BONCODDO,38.22179,15.39612,5000,21600,Italy,Sicilia,ITG1,Italy,3600
IMPIANTO_CONSORTILE_TORREGROTTA,38.21703,15.35349,35000,151200,Italy,Sicilia,ITG1,Italy,25200
IMPIANTO_CONSORTILE_C_DA_ZAPPULLA_DI_TORRENOVA,38.1138,14.69616,4400,19008,Italy,Sicilia,ITG1,Italy,3168
IMPIANTO_C_DA_PRAIA,38.09573,14.67703,4600,19872,Italy,Sicilia,ITG1,Italy,3312
IMPIANTO_C_DA_MOLINO_FERRIERA,38.05238,14.8174,12000,51840,Italy,Sicilia,ITG1,Italy,8640
IMPIANTO_FRAZ_PAGLIARA_TORTORICI,38.04616,14.81964,400,1728,Italy,Sicilia,ITG1,Italy,288
IMPIANTO_C_DA_SOTTOANNUNZIATA_UCRIA_CENTRO,38.04479,14.88445,5000,21600,Italy,Sicilia,ITG1,Italy,3600
IMPIANTO_LUNGOMARE_CRISTOFORO_COLOMBO_LOCALITA'_BARONIA,38.2417,15.42884,13000,56160,Italy,Sicilia,ITG1,Italy,9360
DEPURATORE_SUD_GIARDINI_NAXOS_CONSORTILE,37.80921,15.25691,75000,324000,Italy,Sicilia,ITG1,Italy,54000
IMPIANTO_CONSORTILE_LETOJANNI_C_DA_S_FILIPPO,37.89284,15.31899,40000,172800,Italy,Sicilia,ITG1,Italy,28800
IMPIANTO_CONSORTILE_ASI_GIAMMORO_DI_PACE_DEL_MELA,38.20776,15.31298,65000,280800,Italy,Sicilia,ITG1,Italy,46800
IMPIANTO_C_DA_API_BACUCCO,37.78688,13.70724,1000,4320,Italy,Sicilia,ITG1,Italy,720
IMPIANTO_C_DA_FONTANAZZA,37.69773,14.10428,5174,22351.68,Italy,Sicilia,ITG1,Italy,3725.28
IMPIANTO_C_DA_POZZILLO_ROSSELLI,38.04291,13.554,6000,25920,Italy,Sicilia,ITG1,Italy,4320
IMPIANTO_C_DA_COTOGNI,38.0985,13.49439,88000,380160,Italy,Sicilia,ITG1,Italy,63360
IMPIANTO_VIA_IV_NOVEMBRE,38.0548,13.01153,12000,51840,Italy,Sicilia,ITG1,Italy,8640
IMPIANTO_PIGNATO_CATRINI,37.69924,13.25247,8000,34560,Italy,Sicilia,ITG1,Italy,5760
IMPIANTO_C_DA_S_CARLO,38.04819,13.14459,7430,32097.6,Italy,Sicilia,ITG1,Italy,5349.6
IMPIANTO_C_DA_CANALOTTO_S_BARBARA,37.92947,13.65863,12000,51840,Italy,Sicilia,ITG1,Italy,8640
IMPIANTO_C_DA_ROCCA_GRANDE,37.93305,13.65505,1500,6480,Italy,Sicilia,ITG1,Italy,1080
IMPIANTO_C_DA_BASTONELLA_ACQUACALDA,37.81995,13.88472,6000,25920,Italy,Sicilia,ITG1,Italy,4320
IMPIANTO_C_DA_OLIVAZZO,37.99365,13.88902,20000,86400,Italy,Sicilia,ITG1,Italy,14400
IMPIANTO_C_DA_MANDRANOVA,37.88401,13.10535,6850,29592,Italy,Sicilia,ITG1,Italy,4932
IMPIANTO_CONSORTILE_C_DA_CIACHEA,38.17583,13.22393,114000,492480,Italy,Sicilia,ITG1,Italy,82080
IMPIANTO_C_DA_S_LUCIA,37.94063,14.10313,12900,55728,Italy,Sicilia,ITG1,Italy,9288
IMPIANTO_C_DA_PIRRERA,38.05462,13.54322,22000,95040,Italy,Sicilia,ITG1,Italy,15840
IMPIANTO_C_DA_FANA-AVANELLA,37.77675,14.03645,5000,21600,Italy,Sicilia,ITG1,Italy,3600
IMPIANTO_C_DA_MALTEMPO,37.67956,13.2592,4000,17280,Italy,Sicilia,ITG1,Italy,2880
IMPIANTO_C_DA_SAN_MICHELE,37.89685,13.56978,4700,20304,Italy,Sicilia,ITG1,Italy,3384
IMPIANTO_C_DA_MULINAZZO,38.12901,13.3526,25000,108000,Italy,Sicilia,ITG1,Italy,18000
IMPIANTO_C_DA_GIOPPO,37.92424,13.9336,4600,19872,Italy,Sicilia,ITG1,Italy,3312
IMPIANTO_C_DA_MADDALENA_S_LUCIA,37.81567,13.2922,12000,51840,Italy,Sicilia,ITG1,Italy,8640
IMPIANTO_C_DA_MULINI,37.7781,14.19747,8700,37584,Italy,Sicilia,ITG1,Italy,6264
IMPIANTO_GERACI_SICULO,37.86969,14.15265,3200,13824,Italy,Sicilia,ITG1,Italy,2304
IMPIANTO_C_DA_PARTINIEDDU_SOTTOPAESE,38.08319,13.15578,1800,7776,Italy,Sicilia,ITG1,Italy,1296
IMPIANTO_ISNELLO_C_DA_S_GIUSEPPE,37.94863,14.01197,4300,18576,Italy,Sicilia,ITG1,Italy,3096
IMPIANTO_C_DA_EUFEMIA,38.00556,13.93643,8000,34560,Italy,Sicilia,ITG1,Italy,5760
IMPIANTO_C_DA_PASSO_PALERMO,37.75278,13.60147,8000,34560,Italy,Sicilia,ITG1,Italy,5760
IMPIANTO_C_DA_SOTTOCASTELLO,37.95913,13.41326,8700,37584,Italy,Sicilia,ITG1,Italy,6264
IMPIANTO_C_DA_S_ANTONIO_CANNETAZZO,38.03058,13.45411,20000,86400,Italy,Sicilia,ITG1,Italy,14400
IMPIANTO_C_DA_SANTA_LIBERATA,38.08017,13.29566,39200,169344,Italy,Sicilia,ITG1,Italy,28224
IMPIANTO_C_DA_RANNA,38.08248,13.16485,7000,30240,Italy,Sicilia,ITG1,Italy,5040
IMPIANTO_C_DA_TRE_VALLONI_FIORERA,37.85252,13.75836,6700,28944,Italy,Sicilia,ITG1,Italy,4824
IMPIANTO_C_DA_ZADRAFFI,37.68796,13.3789,4000,17280,Italy,Sicilia,ITG1,Italy,2880
IMPIANTO_VIA_MULINI,38.06623,13.11303,32000,138240,Italy,Sicilia,ITG1,Italy,23040
IMPIANTO_C_DA_SACCU',37.78768,14.09037,4000,17280,Italy,Sicilia,ITG1,Italy,2880
IMPIANTO_C_DA_VURGI,37.78478,14.08053,8800,38016,Italy,Sicilia,ITG1,Italy,6336
C_DA_CAVALLARO,37.9887,13.29222,15100,65232,Italy,Sicilia,ITG1,Italy,10872
IMPIANTO_C_DA_IUNCI_SAN_CALOGERO,37.81391,13.99316,8000,34560,Italy,Sicilia,ITG1,Italy,5760
IMPIANTO_C_DA_ARICELLI,37.99502,14.15035,2500,10800,Italy,Sicilia,ITG1,Italy,1800
IMPIANTO_C_DA_RAIS_GERBA,38.0221,14.15563,9250,39960,Italy,Sicilia,ITG1,Italy,6660
IMPIANTO_C_DA_FONTANA_GRANDE,37.71633,13.42934,7050,30456,Italy,Sicilia,ITG1,Italy,5076
IMPIANTO_S_FILIPPO,37.7934,13.64657,8600,37152,Italy,Sicilia,ITG1,Italy,6192
IMPIANTO_C_DA_COZZO_DI_GIOIA,37.91358,13.7685,4500,19440,Italy,Sicilia,ITG1,Italy,3240
IMPIANTO_C_DA_BARRATINA,37.98233,13.70606,30000,129600,Italy,Sicilia,ITG1,Italy,21600
IMPIIANTO_C_DA_MOLARA_GINESTRE-S_ROSALIA,37.99626,13.65812,5000,21600,Italy,Sicilia,ITG1,Italy,3600
IMPIANTO_S_NICOLA_L'ARENA-SCALO_MARITTIMO,38.01376,13.61408,5000,21600,Italy,Sicilia,ITG1,Italy,3600
IMPIANTO_C_DA_GIARDINI_PIANI,38.00592,13.63601,8000,34560,Italy,Sicilia,ITG1,Italy,5760
IMPIANTO_C_DA_PIANO_TRAPPETO,38.07113,13.04177,2700,11664,Italy,Sicilia,ITG1,Italy,1944
IMPIANTO_C_DA_ACQUA_DELLA_SIGNORA,37.74214,13.82305,5530,23889.6,Italy,Sicilia,ITG1,Italy,3981.6
IMPIANTO_C_DA_PILI,37.9187,13.5726,2700,11664,Italy,Sicilia,ITG1,Italy,1944
IMPIANTO_C_DA_PIANO_COLOSI,37.91146,13.48189,4200,18144,Italy,Sicilia,ITG1,Italy,3024
IMPIANTO_ACQUA_DEI_CORSARI,38.09128,13.43896,440000,1900800,Italy,Sicilia,ITG1,Italy,316800
IMPIANTO_AREA_PORTO_INDUSTRIALE,38.18491,13.31466,500000,2160000,Italy,Sicilia,ITG1,Italy,360000
IMPIANTO_C_DA_CANALE,37.03017,14.49142,7000,30240,Italy,Sicilia,ITG1,Italy,5040
IMPIANTO_C_DA_MORANA,37.04869,14.68335,7000,30240,Italy,Sicilia,ITG1,Italy,5040
IMPIANTO_CONTRADA_BALATELLE,36.94272,14.58658,32000,138240,Italy,Sicilia,ITG1,Italy,23040
IMPIANTO-FRAZIONE_PEDALINO,37.01833,14.57707,3000,12960,Italy,Sicilia,ITG1,Italy,2160
CONTRADA_COZZO_RIPA,37.03955,14.79311,5200,22464,Italy,Sicilia,ITG1,Italy,3744
CONTRADA_NACA,36.77126,14.91219,17780,76809.6,Italy,Sicilia,ITG1,Italy,12801.6
IMPIANTO_S_MARIA_DI_FOCALLO_RIO_FAVARA,36.72844,14.91309,8489,36672.48,Italy,Sicilia,ITG1,Italy,6112.08
IMPIANTO_C_DA_FIUMARA,36.8458,14.74949,50000,216000,Italy,Sicilia,ITG1,Italy,36000
IMPIANTO_C_DA_TRE_PIZZI_CAMPANELLE,36.9176,14.85165,3600,15552,Italy,Sicilia,ITG1,Italy,2592
IMPIANTO_C_DA_MOLINO_NUOVO,37.08483,14.75736,4000,17280,Italy,Sicilia,ITG1,Italy,2880
IMPIANTO_C_DA_LUSIA_COMUNALE,36.9064,14.74402,40000,172800,Italy,Sicilia,ITG1,Italy,28800
IMPIANTO_C_DA_PALAZZO_MARINA_DI_RAGUSA,36.79641,14.59379,25000,108000,Italy,Sicilia,ITG1,Italy,18000
IMPIANTO_C_DA_PESCAZZE,36.7977,14.52149,40829,176381.28,Italy,Sicilia,ITG1,Italy,29396.88
IMPIANTO_C_DA_LODDERI_CENTRO_URBANO,36.78936,14.69539,19741,85281.12,Italy,Sicilia,ITG1,Italy,14213.52
IMPIANTO_C_DA_CANNARELLA,36.76739,14.61648,30000,129600,Italy,Sicilia,ITG1,Italy,21600
CONTRADA_MENDOLILLI,36.92891,14.53193,55000,237600,Italy,Sicilia,ITG1,Italy,39600
FRAZIONE_SCOGLITTI,36.89278,14.42694,15000,64800,Italy,Sicilia,ITG1,Italy,10800
IMPIANTO_C_DA_LUSIA_CONSORZIO_A_S_I,36.92298,14.72259,59400,256608,Italy,Sicilia,ITG1,Italy,42768
IMPIANTO_CONSORTILE_CONTRADA_MAGANUCO_NEL_TERRITORIO_DI_MODICA_POZZALLO-ASI_MODICA-MARINA_DI_MODICA,36.72125,14.82168,38000,164160,Italy,Sicilia,ITG1,Italy,27360
IMPIANTO_DI_DEPURAZIONE_DI_AVOLA,36.89658,15.1427,40000,172800,Italy,Sicilia,ITG1,Italy,28800
IMPIANTO_C_DA_ORTO_PRINCIPE,37.12777,14.84537,3700,15984,Italy,Sicilia,ITG1,Italy,2664
IMPIANTO_C_DA_SCALA_BAGNI,37.03525,15.07101,11750,50760,Italy,Sicilia,ITG1,Italy,8460
IMPIANTO_C_DA_SALTO,37.1149,14.94712,4000,17280,Italy,Sicilia,ITG1,Italy,2880
"IMPIANTO_CONSORTILE_C_DA_RICEPUTO,_C_DA_PONTEROTTO_LENTINI",37.30509,14.98806,55000,237600,Italy,Sicilia,ITG1,Italy,39600
IMPIANTO_C_DA_FONDACAZZO_FRAZ_VILLASMUNDO,37.21836,15.10296,3015,13024.8,Italy,Sicilia,ITG1,Italy,2170.8
IMPIANTO_C_DA_PASSO_ABATE,36.87814,15.08485,10000,43200,Italy,Sicilia,ITG1,Italy,7200
IMPIANTO_FRAZ_CALABERNARDO,36.87426,15.13175,33000,142560,Italy,Sicilia,ITG1,Italy,23760
IMPIANTO_C_DA_FONTANASECCA,37.06237,14.91445,10000,43200,Italy,Sicilia,ITG1,Italy,7200
IMPIANTO_C_DA_TAGLIATI,36.8164,14.96254,27000,116640,Italy,Sicilia,ITG1,Italy,19440
IMPIANTO_C_DA_COSTA_FIUME-IMPRIMO,37.15104,15.03435,12000,51840,Italy,Sicilia,ITG1,Italy,8640
IMPIANTO_CONSORTILE_C_DA_CANALICCHIO,37.0763,15.2565,180000,777600,Italy,Sicilia,ITG1,Italy,129600
IMPIANTO_C_DA_MAGNISI_CASALE_VECCHIE_SALINE_DEPURATORE_IAS_PRIOLO,37.14974,15.208,750000,3240000,Italy,Sicilia,ITG1,Italy,540000
C_DA_VALLENUCCIO,37.99226,12.96758,55000,237600,Italy,Sicilia,ITG1,Italy,39600
C_DA_BADIA,38.03799,12.71506,1800,7776,Italy,Sicilia,ITG1,Italy,1296
C_DA_BATTAGLIA_EST,38.02375,12.73175,500,2160,Italy,Sicilia,ITG1,Italy,360
C_DA_BATTAGLIA_OVEST,38.01558,12.72053,500,2160,Italy,Sicilia,ITG1,Italy,360
CARABONA,37.91495,12.85042,5760,24883.2,Italy,Sicilia,ITG1,Italy,4147.2
VIA_ERRANTE_VECCHIA,37.65588,12.80522,30000,129600,Italy,Sicilia,ITG1,Italy,21600
FRAZ_MARINELLA_DI_SELINUNTE,37.58184,12.84434,12000,51840,Italy,Sicilia,ITG1,Italy,8640
C_DA_ASSIENI,38.0567,12.68219,2700,11664,Italy,Sicilia,ITG1,Italy,1944
C_DA_SANGUIGNO,38.07668,12.64883,7130,30801.6,Italy,Sicilia,ITG1,Italy,5133.6
C_DA_FOGGIA,37.82124,12.87452,4800,20736,Italy,Sicilia,ITG1,Italy,3456
CARTUBOLEO,37.67523,12.58757,3000,12960,Italy,Sicilia,ITG1,Italy,2160
C_DA_BOCCA_ARENA,37.66304,12.58684,69000,298080,Italy,Sicilia,ITG1,Italy,49680
CAMARRO,37.72437,12.87629,8500,36720,Italy,Sicilia,ITG1,Italy,6120
VILLA_RUGGERO,37.69602,12.90527,9200,39744,Italy,Sicilia,ITG1,Italy,6624
C_DA_PIANTO_DELLE_DONNE,37.82491,12.75987,8500,36720,Italy,Sicilia,ITG1,Italy,6120
C_DA_CARBINARUSA,37.81333,12.81404,1500,6480,Italy,Sicilia,ITG1,Italy,1080
C_DA_GORGAZZO,37.82232,12.81533,1500,6480,Italy,Sicilia,ITG1,Italy,1080
C_DA_FAVARELLA,37.81636,12.77288,7000,30240,Italy,Sicilia,ITG1,Italy,5040
C_DA_SCALDATO,37.76273,12.98638,7000,30240,Italy,Sicilia,ITG1,Italy,5040
C_DA_CRETA_FORNAZZO,37.98831,12.53565,115850,500472,Italy,Sicilia,ITG1,Italy,83412
C_DA_MISERICORDIA,38.04965,12.62334,7000,30240,Italy,Sicilia,ITG1,Italy,5040
FRAZ_CROCCI,38.01499,12.62243,5000,21600,Italy,Sicilia,ITG1,Italy,3600
C_DA_ROSALIA,37.86776,12.81901,3000,12960,Italy,Sicilia,ITG1,Italy,2160
C_DA_CAMPANA,37.5985,12.70275,15000,64800,Italy,Sicilia,ITG1,Italy,10800
C_DA_SAN_SILVESTRO,37.78127,12.49007,75000,324000,Italy,Sicilia,ITG1,Italy,54000
Alta Val Venosta,46.727447,10.53490125,30000,129600,Italy,Provincia Autonoma di Bolzano/Bozen,ITH1,Italy,21600
Prader Sand,46.607089,10.56538373,11000,47520,Italy,Provincia Autonoma di Bolzano/Bozen,ITH1,Italy,7920
Solda,46.518727,10.59555384,7500,32400,Italy,Provincia Autonoma di Bolzano/Bozen,ITH1,Italy,5400
Media Val Venosta,46.612188,10.81866474,40300,174096,Italy,Provincia Autonoma di Bolzano/Bozen,ITH1,Italy,29016
Senales,46.737717,10.84603833,4800,20736,Italy,Provincia Autonoma di Bolzano/Bozen,ITH1,Italy,3456
Passiria,46.8146516,11.24570742,16500,71280,Italy,Provincia Autonoma di Bolzano/Bozen,ITH1,Italy,11880
Merano,46.67301,11.14762926,364000,1572480,Italy,Provincia Autonoma di Bolzano/Bozen,ITH1,Italy,262080
Ultimo,46.533391,10.96164473,5000,21600,Italy,Provincia Autonoma di Bolzano/Bozen,ITH1,Italy,3600
Lana,46.60526,11.15624436,26000,112320,Italy,Provincia Autonoma di Bolzano/Bozen,ITH1,Italy,18720
Meltina,46.574994,11.25105191,3000,12960,Italy,Provincia Autonoma di Bolzano/Bozen,ITH1,Italy,2160
Bolzano,46.504155,11.31418783,450000,1944000,Italy,Provincia Autonoma di Bolzano/Bozen,ITH1,Italy,324000
Wipptal,46.908122,11.42376273,45000,194400,Italy,Provincia Autonoma di Bolzano/Bozen,ITH1,Italy,32400
Wasserfeld,46.830205,12.14900031,58000,250560,Italy,Provincia Autonoma di Bolzano/Bozen,ITH1,Italy,41760
Sompunt,46.573713,11.89282898,60000,259200,Italy,Provincia Autonoma di Bolzano/Bozen,ITH1,Italy,43200
Tobl,46.830205,11.94137527,200000,864000,Italy,Provincia Autonoma di Bolzano/Bozen,ITH1,Italy,144000
Bassa Pusteria,46.814552,11.74115637,40000,172800,Italy,Provincia Autonoma di Bolzano/Bozen,ITH1,Italy,28800
Luson,46.744309,11.7650583,2400,10368,Italy,Provincia Autonoma di Bolzano/Bozen,ITH1,Italy,1728
Bressanone,46.739863,11.64872724,65000,280800,Italy,Provincia Autonoma di Bolzano/Bozen,ITH1,Italy,46800
Bassa Valle Isarco,46.630789,11.54917643,45000,194400,Italy,Provincia Autonoma di Bolzano/Bozen,ITH1,Italy,32400
Pontives,46.561995,11.71751805,75000,324000,Italy,Provincia Autonoma di Bolzano/Bozen,ITH1,Italy,54000
Siffiano,46.539318,11.46028312,6000,25920,Italy,Provincia Autonoma di Bolzano/Bozen,ITH1,Italy,4320
Auna di Sotto,46.52842,11.44030944,4000,17280,Italy,Provincia Autonoma di Bolzano/Bozen,ITH1,Italy,2880
Soprabolzano,46.530492,11.40645821,3000,12960,Italy,Provincia Autonoma di Bolzano/Bozen,ITH1,Italy,2160
Sarentino,46.704008,11.37372525,8750,37800,Italy,Provincia Autonoma di Bolzano/Bozen,ITH1,Italy,6300
Bronzolo,46.420603,11.35106984,342000,1477440,Italy,Provincia Autonoma di Bolzano/Bozen,ITH1,Italy,246240
Salorno,46.2429,11.22405814,6000,25920,Italy,Provincia Autonoma di Trento,ITH2,Italy,4320
Termeno,46.35451,11.29508249,138000,596160,Italy,Provincia Autonoma di Bolzano/Bozen,ITH1,Italy,99360
Magrè,46.291188,11.22249414,9000,38880,Italy,Provincia Autonoma di Trento,ITH2,Italy,6480
San Candido-Sesto,46.70664,12.35280289,36000,155520,Italy,Provincia Autonoma di Bolzano/Bozen,ITH1,Italy,25920
DP01200301_Angera,45.76833411,8.58965641,20000,86400,Italy,Piemonte,ITC1,Italy,14400
DP01200401_Arcisate,45.86476533,8.872504198,22000,95040,Italy,Lombardia,ITC4,Italy,15840
DP01201302_Besozzo,45.83842734,8.67558593,21000,90720,Italy,Lombardia,ITC4,Italy,15120
DP01202802_Cadrezzate_Barza,45.79643879,8.626746674,2500,10800,Italy,Lombardia,ITC4,Italy,1800
DP01202901_Cairate,45.68630929,8.879585026,45000,194400,Italy,Lombardia,ITC4,Italy,32400
DP01203001_Cantello,45.81627394,8.903004042,5000,21600,Italy,Lombardia,ITC4,Italy,3600
DP01203401_Caronno_Pertusella,45.58297126,9.041406523,220000,950400,Italy,Lombardia,ITC4,Italy,158400
DP01203601_Casale_Litta,45.75132439,8.732877841,2500,10800,Italy,Lombardia,ITC4,Italy,1800
DP01203702_Casalzuigno,45.89751081,8.707276464,13100,56592,Italy,Lombardia,ITC4,Italy,9432
DP01206401_Daverio,45.76639076,8.761008927,5000,21600,Italy,Lombardia,ITC4,Italy,3600
DP01206901_Ferrera_Di_Varese,45.93649164,8.779529213,16000,69120,Italy,Lombardia,ITC4,Italy,11520
DP01207201_Gavirate_Varese_Lago,45.83924443,8.701296763,110000,475200,Italy,Lombardia,ITC4,Italy,79200
DP01207701_Golasecca_Bizzorra,45.69004543,8.669917656,1000,4320,Italy,Lombardia,ITC4,Italy,720
DP01207702_Golasecca_Persualdo,45.70442188,8.655458451,3500,15120,Italy,Lombardia,ITC4,Italy,2520
DP01208001_Gornate_Olona,45.72419988,8.869120777,82500,356400,Italy,Lombardia,ITC4,Italy,59400
DP01208402_Ispra_C_Na_Antonietta,45.8232899,8.625943484,3000,12960,Italy,Lombardia,ITC4,Italy,2160
DP01208403_Ispra_Ccr,45.81392274,8.623920833,3500,15120,Italy,Lombardia,ITC4,Italy,2520
DP01208702_Laveno_Mombello,45.90202426,8.63377076,30000,129600,Italy,Lombardia,ITC4,Italy,21600
DP01209001_Lonate_Pozzolo,45.57642159,8.761275555,397224,1716007.68,Italy,Lombardia,ITC4,Italy,286001.28
DP01209201_Luino_Voldomino,45.98925928,8.744420395,25000,108000,Italy,Lombardia,ITC4,Italy,18000
DP01209403_Maccagno,46.04385842,8.745689821,7000,30240,Italy,Lombardia,ITC4,Italy,5040
DP01210401_Monvalle,45.84923405,8.624636853,12500,54000,Italy,Lombardia,ITC4,Italy,9000
DP01210601_Mornago,45.724267,8.728431578,7000,30240,Italy,Lombardia,ITC4,Italy,5040
DP01210801_Olgiate_Olona,45.62529889,8.89505739,137000,591840,Italy,Lombardia,ITC4,Italy,98640
DP01210901_Origgio,45.5805307,9.002579335,75000,324000,Italy,Lombardia,ITC4,Italy,54000
DP01211401_Porto_Val_Travaglia_Cave_Del_Trigo,45.97164078,8.701492465,12000,51840,Italy,Lombardia,ITC4,Italy,8640
DP01212001_Sesto_Calende,45.71414643,8.659741632,12000,51840,Italy,Lombardia,ITC4,Italy,8640
DP01212301_Somma_Lombardo_Ca_Bagaggio,45.6742165,8.690412051,20000,86400,Italy,Lombardia,ITC4,Italy,14400
DP01212801_Travedona_Monate,45.80848963,8.691100159,4500,19440,Italy,Lombardia,ITC4,Italy,3240
DP01213301_Varese_Olona,45.81150206,8.858453927,120000,518400,Italy,Lombardia,ITC4,Italy,86400
DP01213802_Vergiate_S_Eurosia,45.71733196,8.708343401,10000,43200,Italy,Lombardia,ITC4,Italy,7200
DP01301901_Bellagio,45.97769184,9.254608946,9000,38880,Italy,Lombardia,ITC4,Italy,6480
DP01303401_Bulgarograsso,45.74233781,9.015174185,96520,416966.4,Italy,Lombardia,ITC4,Italy,69494.4
DP01303801_Cagno,45.8115561,8.924763632,8000,34560,Italy,Lombardia,ITC4,Italy,5760
DP01304601_Carimate,45.68943821,9.122177981,98000,423360,Italy,Lombardia,ITC4,Italy,70560
DP01304701_Carlazzo,46.04182987,9.159019518,5000,21600,Italy,Lombardia,ITC4,Italy,3600
DP01307401_Colonno,45.95326182,9.143616367,30000,129600,Italy,Lombardia,ITC4,Italy,21600
DP01307501_Como,45.80612546,9.078267261,196000,846720,Italy,Lombardia,ITC4,Italy,141120
DP01308301_Cremia,46.07817022,9.277301701,8000,34560,Italy,Lombardia,ITC4,Italy,5760
DP01310201_Fino_Mornasco_Alto_Seveso,45.75053951,9.061525526,140000,604800,Italy,Lombardia,ITC4,Italy,100800
DP01310202_Fino_Mornasco_Livescia,45.73892087,9.038567822,43300,187056,Italy,Lombardia,ITC4,Italy,31176
DP01311201_Gravedona,46.1402614,9.302148867,26000,112320,Italy,Lombardia,ITC4,Italy,18720
DP01312201_Lanzo_D_Intelvi,45.98476318,9.046659311,10000,43200,Italy,Lombardia,ITC4,Italy,7200
DP01312601_Lezzeno,45.94603426,9.192586432,2000,8640,Italy,Lombardia,ITC4,Italy,1440
DP01312801_Limido_Comasco,45.68434336,8.969736702,28800,124416,Italy,Lombardia,ITC4,Italy,20736
DP01314301_Mariano_Comense,45.68703343,9.165772013,60000,259200,Italy,Lombardia,ITC4,Italy,43200
DP01314501_Menaggio,46.03989461,9.245176144,20000,86400,Italy,Lombardia,ITC4,Italy,14400
DP01314701_Merone,45.76809819,9.243088509,125000,540000,Italy,Lombardia,ITC4,Italy,90000
DP01318901_Porlezza,46.03323028,9.134675336,9750,42120,Italy,Lombardia,ITC4,Italy,7020
DP01319901_Ronago,45.82712414,8.99284878,22500,97200,Italy,Lombardia,ITC4,Italy,16200
DP01400401_Aprica,46.14889142,10.12753611,9000,38880,Italy,Lombardia,ITC4,Italy,6480
DP01400501_Ardenno,46.1593226,9.649497124,24000,103680,Italy,Lombardia,ITC4,Italy,17280
DP01402001_Chiuro,46.16322493,9.988939175,10000,43200,Italy,Lombardia,ITC4,Italy,7200
DP01402601_Delebio,46.14110602,9.449830365,3960,17107.2,Italy,Lombardia,ITC4,Italy,2851.2
DP01402702_Dubino_Nuova_Olonio,46.16923581,9.425123827,5000,21600,Italy,Lombardia,ITC4,Italy,3600
DP01403201_Gordona_Area_Ind_Le,46.26998167,9.38436274,25000,108000,Italy,Lombardia,ITC4,Italy,18000
DP01403801_Lovero,46.23210341,10.21872232,21500,92880,Italy,Lombardia,ITC4,Italy,15480
DP01404301_Mese,46.29985259,9.37884614,16500,71280,Italy,Lombardia,ITC4,Italy,11880
DP01404501_Morbegno,46.14408157,9.558474802,18000,77760,Italy,Lombardia,ITC4,Italy,12960
DP01404801_Piantedo,46.14482285,9.426463381,2500,10800,Italy,Lombardia,ITC4,Italy,1800
DP01405601_Rogolo,46.14589188,9.481204428,30000,129600,Italy,Lombardia,ITC4,Italy,21600
DP01405702_Samolaco,46.22594832,9.4216593,8500,36720,Italy,Lombardia,ITC4,Italy,6120
DP01406101_Sondrio,46.16217663,9.854384288,49500,213840,Italy,Lombardia,ITC4,Italy,35640
DP01406504_Teglio,46.15969925,10.01130841,30000,129600,Italy,Lombardia,ITC4,Italy,21600
DP01406701_Torre_S_Maria,46.21318093,9.866103935,20500,88560,Italy,Lombardia,ITC4,Italy,14760
DP01407201_Valdisotto,46.41517177,10.349611,40000,172800,Italy,Lombardia,ITC4,Italy,28800
DP01407401_Val_Masino,46.2064633,9.635275664,5000,21600,Italy,Lombardia,ITC4,Italy,3600
DP01500201_Abbiategrasso,45.3898265,8.898267252,37000,159840,Italy,Lombardia,ITC4,Italy,26640
DP01501101_Assago,45.39915542,9.139310497,160000,691200,Italy,Lombardia,ITC4,Italy,115200
DP01501201_Bareggio,45.46848818,8.999478646,64800,279936,Italy,Lombardia,ITC4,Italy,46656
DP01501501_Basiglio,45.35347526,9.161161738,16300,70416,Italy,Lombardia,ITC4,Italy,11736
DP01502201_Besate,45.30756844,8.966054656,3700,15984,Italy,Lombardia,ITC4,Italy,2664
DP01502401_Binasco,45.32334166,9.091608092,29700,128304,Italy,Lombardia,ITC4,Italy,21384
DP01503201_Bresso_Seveso_Sud,45.52535371,9.196273826,240000,1036800,Italy,Lombardia,ITC4,Italy,172800
DP01504201_Calvignasco,45.32521622,9.027039788,15900,68688,Italy,Lombardia,ITC4,Italy,11448
DP01504601_Canegrate_Olona_Nord,45.57315999,8.943362091,151800,655776,Italy,Lombardia,ITC4,Italy,109296
DP01505902_Cassano_D_Adda,45.51019681,9.500916718,128800,556416,Italy,Lombardia,ITC4,Italy,92736
DP01507801_Cisliano,45.44463784,9.00117706,5000,21600,Italy,Lombardia,ITC4,Italy,3600
DP01510101_Dresano,45.37728929,9.349548211,7700,33264,Italy,Lombardia,ITC4,Italy,5544
DP01510301_Gaggiano,45.3983826,9.037051225,9270,40046.4,Italy,Lombardia,ITC4,Italy,6674.4
DP01510304_Gaggiano_Vigano,45.37414975,9.036618443,2250,9720,Italy,Lombardia,ITC4,Italy,1620
DP01511501_Lacchiarella,45.31744189,9.157821888,25500,110160,Italy,Lombardia,ITC4,Italy,18360
DP01511601_Origgio_Est_Lainate,45.58582881,9.027653788,31660,136771.2,Italy,Lombardia,ITC4,Italy,22795.2
DP01512501_Locate_Di_Triulzi,45.34619135,9.220038144,79300,342576,Italy,Lombardia,ITC4,Italy,57096
DP01514001_Melegnano,45.35030419,9.337246071,30000,129600,Italy,Lombardia,ITC4,Italy,21600
DP01514601_Milano_Nosedo,45.42641368,9.221709439,1250000,5400000,Italy,Lombardia,ITC4,Italy,900000
DP01514602_Milano_S_Rocco,45.39324909,9.183699663,1050000,4536000,Italy,Lombardia,ITC4,Italy,756000
DP01514901_Monza_S_Rocco,45.55984458,9.272055516,600000,2592000,Italy,Lombardia,ITC4,Italy,432000
DP01515101_Motta_Visconti,45.28088637,8.988810797,8000,34560,Italy,Lombardia,ITC4,Italy,5760
DP01515401_Parabiago_Cerro_Maggiore,45.56120012,8.964335203,32600,140832,Italy,Lombardia,ITC4,Italy,23472
DP01516501_Ozzero,45.35882889,8.913997041,2750,11880,Italy,Lombardia,ITC4,Italy,1980
DP01517001_Pero_Olona_Sud,45.49877517,9.088246565,620600,2680992,Italy,Lombardia,ITC4,Italy,446832
DP01517101_Peschiera_Borromeo,45.42119913,9.294601084,436100,1883952,Italy,Lombardia,ITC4,Italy,313992
DP01518101_Rescaldina,45.61204666,8.967452353,17100,73872,Italy,Lombardia,ITC4,Italy,12312
DP01518401_Robecco_Sul_Naviglio,45.41531022,8.874508553,340000,1468800,Italy,Lombardia,ITC4,Italy,244800
DP01518901_Rozzano,45.38772667,9.165604661,122400,528768,Italy,Lombardia,ITC4,Italy,88128
DP01519101_S_Colombano_Al_Lambro,45.18495758,9.500811348,22500,97200,Italy,Lombardia,ITC4,Italy,16200
DP01519501_S_Giuliano_M_Se_Ovest,45.38197989,9.261998721,30000,129600,Italy,Lombardia,ITC4,Italy,21600
DP01519502_S_Giuliano_M_Se_Est,45.39427742,9.308085045,120500,520560,Italy,Lombardia,ITC4,Italy,86760
DP01520901_Sesto_S_Giovanni,45.52172067,9.258022987,138488,598268.16,Italy,Lombardia,ITC4,Italy,99711.36
DP01521001_Settala,45.4326836,9.394534886,56300,243216,Italy,Lombardia,ITC4,Italy,40536
DP01522001_Trezzano_Sul_Naviglio,45.41290975,9.086690961,52000,224640,Italy,Lombardia,ITC4,Italy,37440
DP01522401_Truccazzano,45.47567051,9.432147585,189200,817344,Italy,Lombardia,ITC4,Italy,136224
DP01522601_Turbigo,45.51994616,8.727539016,46600,201312,Italy,Piemonte,ITC1,Italy,33552
DP01523601_Vernate,45.30271817,9.051411037,3950,17064,Italy,Lombardia,ITC4,Italy,2844
DP01524101_Vimercate,45.58960857,9.374103609,104000,449280,Italy,Lombardia,ITC4,Italy,74880
DP01524601_Zelo_Surrigone,45.3814915,8.985980891,8400,36288,Italy,Lombardia,ITC4,Italy,6048
DP01601001_Antegnate,45.47815855,9.790788699,5000,21600,Italy,Lombardia,ITC4,Italy,3600
DP01601801_Bagnatica,45.64829794,9.779563882,120000,518400,Italy,Lombardia,ITC4,Italy,86400
DP01602401_Bergamo,45.67220224,9.637718573,90000,388800,Italy,Lombardia,ITC4,Italy,64800
DP01602801_Bolgare,45.62687072,9.813891046,8500,36720,Italy,Lombardia,ITC4,Italy,6120
DP01602902_Boltiere,45.59538361,9.561855865,26000,112320,Italy,Lombardia,ITC4,Italy,18720
DP01603402_Bottanuco-via_delle_Viti,45.63900713,9.498494861,128,552.96,Italy,Lombardia,ITC4,Italy,92.16
DP01603701_Brembate,45.59698633,9.543139827,185000,799200,Italy,Lombardia,ITC4,Italy,133200
DP01604301_Calcinate,45.6123145,9.797597594,12000,51840,Italy,Lombardia,ITC4,Italy,8640
DP01604401_Calcio,45.50519492,9.858475017,10000,43200,Italy,Lombardia,ITC4,Italy,7200
DP01606001_Casnigo,45.80523147,9.869404854,75000,324000,Italy,Lombardia,ITC4,Italy,54000
DP01607101_Cerete,45.85340998,9.994222276,2500,10800,Italy,Lombardia,ITC4,Italy,1800
DP01607301_Chiuduno,45.64042852,9.8565858,6000,25920,Italy,Lombardia,ITC4,Italy,4320
DP01607402_Cisano_Bergamasco_Torchio,45.73423794,9.459024586,9114,39372.48,Italy,Lombardia,ITC4,Italy,6562.08
DP01607601_Cividate_Al_Piano,45.55009386,9.83508622,8000,34560,Italy,Lombardia,ITC4,Italy,5760
DP01607701_Clusone,45.87452935,9.917338602,20000,86400,Italy,Lombardia,ITC4,Italy,14400
DP01607805_Colere,45.97244461,10.10724588,9800,42336,Italy,Lombardia,ITC4,Italy,7056
DP01607901_Cologno_Al_Serio,45.55662969,9.701099078,107000,462240,Italy,Lombardia,ITC4,Italy,77040
DP01608301_Cortenuova,45.5343194,9.783712096,1700,7344,Italy,Lombardia,ITC4,Italy,1224
DP01608601_Costa_Volpino,45.81604479,10.09972259,65000,280800,Italy,Lombardia,ITC4,Italy,46800
DP01608701_Covo,45.49220248,9.761306846,23320,100742.4,Italy,Lombardia,ITC4,Italy,16790.4
DP01609901_Fino_Del_Monte,45.88871229,9.989787905,4550,19656,Italy,Lombardia,ITC4,Italy,3276
DP01610101_Fontanella,45.46376725,9.798351733,5000,21600,Italy,Lombardia,ITC4,Italy,3600
DP01611301_Ghisalba,45.58606965,9.748191983,12000,51840,Italy,Lombardia,ITC4,Italy,8640
DP01611401_Gorlago,45.66101851,9.819045279,10000,43200,Italy,Lombardia,ITC4,Italy,7200
DP01611701_Grassobbio,45.64848259,9.734058943,13000,56160,Italy,Lombardia,ITC4,Italy,9360
DP01612002_Grumello_Del_Monte_Campagna,45.62904962,9.871127424,10000,43200,Italy,Lombardia,ITC4,Italy,7200
DP01612901_Lurano,45.56114045,9.650708596,91300,394416,Italy,Lombardia,ITC4,Italy,65736
DP01613301_Martinengo,45.56158232,9.769265689,10000,43200,Italy,Lombardia,ITC4,Italy,7200
DP01614201_Mozzanica,45.46236681,9.69596373,145600,628992,Italy,Lombardia,ITC4,Italy,104832
DP01614604_Oltre_Il_Colle,45.89807439,9.76848986,9000,38880,Italy,Lombardia,ITC4,Italy,6480
DP01614901_Onore,45.89048717,10.00094268,16440,71020.8,Italy,Lombardia,ITC4,Italy,11836.8
DP01615701_Palosco,45.58371716,9.831918523,8000,34560,Italy,Lombardia,ITC4,Italy,5760
DP01616401_Piazza_Brembana,45.94623072,9.667604495,2600,11232,Italy,Lombardia,ITC4,Italy,1872
DP01616801_Ponte_Nossa,45.85601712,9.880515088,10000,43200,Italy,Lombardia,ITC4,Italy,7200
DP01617801_Ranica,45.71510348,9.725911484,250000,1080000,Italy,Lombardia,ITC4,Italy,180000
DP01618701_Rovetta,45.86960362,9.972054417,10000,43200,Italy,Lombardia,ITC4,Italy,7200
DP01619701_Selvino,45.79693703,9.749492383,12000,51840,Italy,Lombardia,ITC4,Italy,8640
DP01620101_Songavazzo,45.87869398,9.983630449,1000,4320,Italy,Lombardia,ITC4,Italy,720
DP01620801_Strozza,45.77914221,9.579587244,36000,155520,Italy,Lombardia,ITC4,Italy,25920
DP01621201_Telgate,45.61813273,9.861505177,11000,47520,Italy,Lombardia,ITC4,Italy,7920
DP01621801_Trescore_Balneario,45.68147957,9.843420767,50086,216371.52,Italy,Lombardia,ITC4,Italy,36061.92
DP01622401_Valbrembo,45.72019935,9.59670902,77000,332640,Italy,Lombardia,ITC4,Italy,55440
DP01624101_Villa_D_Ogna,45.89664738,9.922434381,11400,49248,Italy,Lombardia,ITC4,Italy,8208
DP01624601_Zogno,45.78824088,9.643570953,25000,108000,Italy,Lombardia,ITC4,Italy,18000
DP01700401_Alfianello,45.26112759,10.14987331,6000,25920,Italy,Lombardia,ITC4,Italy,4320
DP01700801_Azzano_Mella,45.45053137,10.11322315,5000,21600,Italy,Lombardia,ITC4,Italy,3600
DP01700901_Bagnolo_Mella,45.42014672,10.17976016,20500,88560,Italy,Lombardia,ITC4,Italy,14760
DP01701001_Bagolino,45.81924564,10.4646421,3000,12960,Italy,Lombardia,ITC4,Italy,2160
DP01701002_Bagolino_P_Te_Caffaro,45.81370054,10.52150828,3000,12960,Italy,Lombardia,ITC4,Italy,2160
DP01701101_Barbariga_Zona_Pip,45.39325682,10.06760938,200,864,Italy,Lombardia,ITC4,Italy,144
DP01701104_Barbariga,45.40246076,10.05354899,1500,6480,Italy,Lombardia,ITC4,Italy,1080
DP01701401_Bedizzole_Pontenove,45.49460118,10.40487795,12000,51840,Italy,Lombardia,ITC4,Italy,8640
DP01701501_Berlingo,45.49655209,10.04049592,4000,17280,Italy,Lombardia,ITC4,Italy,2880
DP01702007_Borgo_S_Giacomo_Nuovo,45.34877865,9.993192671,8200,35424,Italy,Lombardia,ITC4,Italy,5904
DP01702008_Borgo_S_Giacomo_Borsellino,45.35031329,9.962593157,50,216,Italy,Lombardia,ITC4,Italy,36
DP01702101_Borgosatollo,45.47037143,10.22845005,10000,43200,Italy,Lombardia,ITC4,Italy,7200
DP01702202_Borno_Piandasso,45.94378568,10.19751218,1050,4536,Italy,Lombardia,ITC4,Italy,756
DP01702203_Borno_Bernina,45.94294498,10.20896313,1250,5400,Italy,Lombardia,ITC4,Italy,900
DP01702301_Botticino_Mattina,45.53571582,10.32370188,4000,17280,Italy,Lombardia,ITC4,Italy,2880
DP01702302_Botticino_Sera,45.52497463,10.29957111,10000,43200,Italy,Lombardia,ITC4,Italy,7200
DP01702901_Brescia_Verziano,45.49756446,10.17714174,296000,1278720,Italy,Lombardia,ITC4,Italy,213120
DP01703101_Caino,45.60383068,10.31080106,2000,8640,Italy,Lombardia,ITC4,Italy,1440
DP01703201_Calcinato_Prati,45.44682766,10.41473923,8260,35683.2,Italy,Lombardia,ITC4,Italy,5947.2
DP01703202_Calcinato_Calcinatello,45.45718105,10.39260308,2000,8640,Italy,Lombardia,ITC4,Italy,1440
DP01703203_Calcinato_Ponte_S_Marco,45.47394322,10.40345586,2000,8640,Italy,Lombardia,ITC4,Italy,1440
DP01703302_Calvagese_Della_Riviera_Mocasina,45.53533486,10.43779669,1000,4320,Italy,Lombardia,ITC4,Italy,720
DP01703303_Calvagese_Della_Riviera_Carzago,45.52272126,10.45792438,1000,4320,Italy,Lombardia,ITC4,Italy,720
DP01703504_Capo_Di_Ponte-Fonderia,46.040802,10.344838,45,194.4,Italy,Lombardia,ITC4,Italy,32.4
DP01703701_Capriano_Del_Colle_Zona_Pip,45.47784341,10.14258275,1000,4320,Italy,Lombardia,ITC4,Italy,720
DP01703702_Capriano_Del_Colle,45.45293297,10.1258249,2000,8640,Italy,Lombardia,ITC4,Italy,1440
DP01703703_Capriano_Del_Colle_Fenili_Belasi,45.47043907,10.12044242,1000,4320,Italy,Lombardia,ITC4,Italy,720
DP01703705_Capriano_Del_Colle_Via_Dalla_Chiesa,45.46424277,10.12446398,100,432,Italy,Lombardia,ITC4,Italy,72
DP01703901_Carpenedolo_Garibaldi,45.35108255,10.42840994,13000,56160,Italy,Lombardia,ITC4,Italy,9360
DP01703902_Carpenedolo_Zona_Nord_Est_Tezze,45.36364908,10.44764976,2500,10800,Italy,Lombardia,ITC4,Italy,1800
DP01704101_Castelcovati,45.49293627,9.936280885,5000,21600,Italy,Lombardia,ITC4,Italy,3600
DP01704301_Castenedolo,45.45516481,10.27795997,14000,60480,Italy,Lombardia,ITC4,Italy,10080
DP01704501_Castrezzato,45.50158594,9.982363037,7129,30797.28,Italy,Lombardia,ITC4,Italy,5132.88
DP01704701_Cedegolo,46.06436416,10.35332326,20,86.4,Italy,Lombardia,ITC4,Italy,14.4
DP01704901_Cerveno,45.99940504,10.33720434,1200,5184,Italy,Lombardia,ITC4,Italy,864
DP01705201_Chiari_Sette_Cantoni,45.52271864,9.937594414,30000,129600,Italy,Lombardia,ITC4,Italy,21600
DP01706001_Comezzano_Cizzago,45.46362632,9.961492802,3000,12960,Italy,Lombardia,ITC4,Italy,2160
DP01706301_Corteno_Golgi_S_Pietro,46.15973331,10.18211533,14000,60480,Italy,Lombardia,ITC4,Italy,10080
DP01706302_Corteno_Golgi_Santicolo,46.16744304,10.26151686,5000,21600,Italy,Lombardia,ITC4,Italy,3600
DP01706306_Corteno_Golgi_Ronco_11,46.17073653,10.25091784,20,86.4,Italy,Lombardia,ITC4,Italy,14.4
DP01706307_Corteno_Golgi_Megno,46.17419164,10.26408082,20,86.4,Italy,Lombardia,ITC4,Italy,14.4
DP01706603_Dello,45.41335143,10.07758352,3500,15120,Italy,Lombardia,ITC4,Italy,2520
DP01706806_Edolo_Mu,46.17680981,10.34198309,50,216,Italy,Lombardia,ITC4,Italy,36
DP01707001_Esine,45.92463706,10.23763462,40000,172800,Italy,Lombardia,ITC4,Italy,28800
DP01707201_Flero,45.4769528,10.17444782,18000,77760,Italy,Lombardia,ITC4,Italy,12960
DP01707301_Gambara,45.25156932,10.30533085,5500,23760,Italy,Lombardia,ITC4,Italy,3960
DP01707501_Gardone_Val_Trompia_Rovedolo,45.69850677,10.19719128,50,216,Italy,Lombardia,ITC4,Italy,36
DP01707703_Gavardo-Intercomunale,45.57073453,10.44472367,36000,155520,Italy,Lombardia,ITC4,Italy,25920
DP01707801_Ghedi,45.39197723,10.28830025,20000,86400,Italy,Lombardia,ITC4,Italy,14400
DP01708001_Gottolengo,45.28631969,10.27224798,6000,25920,Italy,Lombardia,ITC4,Italy,4320
DP01708601_Isorella,45.29708626,10.32669238,2500,10800,Italy,Lombardia,ITC4,Italy,1800
DP01708806_Leno_Terminale_1_51,45.36671759,10.22559066,250,1080,Italy,Lombardia,ITC4,Italy,180
DP01708807_Leno_Capoluogo,45.35747062,10.1978774,5167,22321.44,Italy,Lombardia,ITC4,Italy,3720.24
DP01709002_Lodrino_Ceresa,45.71797399,10.26491257,60,259.2,Italy,Lombardia,ITC4,Italy,43.2
DP01709101_Lograto,45.47805065,10.05760653,3500,15120,Italy,Lombardia,ITC4,Italy,2520
DP01709203_Lonato_Rassica,45.45198134,10.47828764,4000,17280,Italy,Lombardia,ITC4,Italy,2880
DP01709204_Lonato_Campagna,45.4616619,10.47027787,8000,34560,Italy,Lombardia,ITC4,Italy,5760
DP01709701_Maclodio,45.46855104,10.05311773,3500,15120,Italy,Lombardia,ITC4,Italy,2520
DP01709901_Mairano,45.45036407,10.08532474,2500,10800,Italy,Lombardia,ITC4,Italy,1800
DP01710301_Manerbio,45.35362986,10.15304969,40000,172800,Italy,Lombardia,ITC4,Italy,28800
DP01710702_Mazzano_Ciliverghe,45.48512677,10.34324568,10000,43200,Italy,Lombardia,ITC4,Italy,7200
DP01711301_Montichiari,45.3996533,10.38901614,40000,172800,Italy,Lombardia,ITC4,Italy,28800
DP01711401_Montirone,45.43450677,10.24131272,6000,25920,Italy,Lombardia,ITC4,Italy,4320
DP01711601_Muscoline,45.5587825,10.45200257,2600,11232,Italy,Lombardia,ITC4,Italy,1872
DP01711701_Nave,45.58013267,10.27009049,6000,25920,Italy,Lombardia,ITC4,Italy,4320
DP01712001_Nuvolera,45.52014073,10.36859947,26500,114480,Italy,Lombardia,ITC4,Italy,19080
DP01712201_Offlaga,45.37237804,10.12247225,8000,34560,Italy,Lombardia,ITC4,Italy,5760
DP01712504_Orzinuovi_Lame,45.39362748,9.909653412,13000,56160,Italy,Lombardia,ITC4,Italy,9360
DP01712601_Orzivecchi,45.41594387,9.962982627,6000,25920,Italy,Lombardia,ITC4,Italy,4320
DP01713301_Palazzolo_Sull_Oglio,45.58555607,9.87137749,40000,172800,Italy,Lombardia,ITC4,Italy,28800
DP01713401_Paratico,45.65074483,9.938829477,90000,388800,Italy,Lombardia,ITC4,Italy,64800
DP01713701_Pavone_Del_Mella,45.2916136,10.20415322,2500,10800,Italy,Lombardia,ITC4,Italy,1800
DP01713801_S_Paolo,45.358864,10.04120939,6000,25920,Italy,Lombardia,ITC4,Italy,4320
DP01714701_Poncarale,45.45774477,10.17920243,4728,20424.96,Italy,Lombardia,ITC4,Italy,3404.16
DP01714901_Pontevico,45.264629,10.09311963,8000,34560,Italy,Lombardia,ITC4,Italy,5760
DP01715001_Pontoglio,45.56387162,9.854896194,6000,25920,Italy,Lombardia,ITC4,Italy,4320
DP01715101_Pozzolengo,45.39797559,10.64248326,2500,10800,Italy,Veneto,ITH3,Italy,1800
DP01715201_Pralboino,45.26392766,10.21071776,3000,12960,Italy,Lombardia,ITC4,Italy,2160
DP01715901_Quinzano_D_Oglio,45.30731101,10.01279602,6000,25920,Italy,Lombardia,ITC4,Italy,4320
DP01716203_Roccafranca,45.44633978,9.912682716,2860,12355.2,Italy,Lombardia,ITC4,Italy,2059.2
DP01716602_Rovato_Intercomunale,45.53273574,10.03853767,90000,388800,Italy,Lombardia,ITC4,Italy,64800
DP01716702_Rudiano_Nuovo,45.48351899,9.881127154,12000,51840,Italy,Lombardia,ITC4,Italy,8640
DP01716801_Sabbio_Chiese,45.64850437,10.43963895,26000,112320,Italy,Lombardia,ITC4,Italy,18720
DP01717201_S_Gervasio_Bresciano,45.30430961,10.14877011,2700,11664,Italy,Lombardia,ITC4,Italy,1944
DP01718303_Tavernole_Sul_Mella_Pila,45.72848103,10.2348149,70,302.4,Italy,Lombardia,ITC4,Italy,50.4
DP01718501_Tignale-Oldesio,45.7326025,10.72088428,1500,6480,Italy,Lombardia,ITC4,Italy,1080
DP01718503_Tignale-Prabione,45.75446291,10.73942837,1000,4320,Italy,Lombardia,ITC4,Italy,720
DP01718602_Torbole_Casaglia_Intercomunale,45.48640199,10.11635708,93000,401760,Italy,Lombardia,ITC4,Italy,66960
DP01718901_Tremosine_Largo_Dei_Minatori,45.77076413,10.76536447,19200,82944,Italy,Lombardia,ITC4,Italy,13824
DP01719001_Trenzano,45.4713436,10.01108132,5516,23829.12,Italy,Lombardia,ITC4,Italy,3971.52
DP01719503_Verolanuova-Nuovo,45.31881614,10.08482844,12000,51840,Italy,Lombardia,ITC4,Italy,8640
DP01719601_Verolavecchia,45.3302553,10.06005572,4500,19440,Italy,Lombardia,ITC4,Italy,3240
DP01719801_Vezza_D_Oglio,46.23052938,10.37934044,36333,156958.56,Italy,Lombardia,ITC4,Italy,26159.76
DP01720401_Vobarno_Macello,45.64206344,10.50441737,2200,9504,Italy,Lombardia,ITC4,Italy,1584
DP01720402_Vobarno_Isolabella,45.64461673,10.50463977,2200,9504,Italy,Lombardia,ITC4,Italy,1584
DP01720405_Vobarno_Collio,45.63875256,10.50567596,1000,4320,Italy,Lombardia,ITC4,Italy,720
DP01720406_Vobarno_Pompegnino,45.62831248,10.49877644,1000,4320,Italy,Lombardia,ITC4,Italy,720
DP01800405_Albuzzano_Ovest,45.18801161,9.259531185,15000,64800,Italy,Lombardia,ITC4,Italy,10800
DP01800516_Arena_Po_Zappellone,45.08442702,9.415846517,8500,36720,Italy,Lombardia,ITC4,Italy,6120
DP01801301_Belgioioso,45.14977544,9.3171465,5700,24624,Italy,Lombardia,ITC4,Italy,4104
DP01801401_Bereguardo,45.2513094,9.026265493,850,3672,Italy,Lombardia,ITC4,Italy,612
DP01802301_Bressana_Bottarone,45.08145128,9.138111847,14000,60480,Italy,Lombardia,ITC4,Italy,10080
DP01802401_Broni_Capoluogo,45.09349479,9.26728984,52000,224640,Italy,Lombardia,ITC4,Italy,37440
DP01803301_Casei_Gerola,45.00886838,8.917019995,2700,11664,Italy,Lombardia,ITC4,Italy,1944
DP01803402_Casorate_Primo_Trovo,45.28493357,9.024801182,15000,64800,Italy,Lombardia,ITC4,Italy,10800
DP01803501_Cassolnovo,45.36652097,8.826406521,9000,38880,Italy,Lombardia,ITC4,Italy,6480
DP01803701_Casteggio,45.02385104,9.120075762,47000,203040,Italy,Lombardia,ITC4,Italy,33840
DP01803901_Castello_D_Agogna,45.232366,8.682067333,2500,10800,Italy,Lombardia,ITC4,Italy,1800
DP01804101_Cava_Manara,45.14451736,9.112989923,15000,64800,Italy,Lombardia,ITC4,Italy,10800
DP01804201_Cecima_Capoluogo_Fondovalle,44.86025108,9.078649857,2200,9504,Italy,Lombardia,ITC4,Italy,1584
DP01804801_Chignolo_Po,45.14903192,9.474422581,6500,28080,Italy,Lombardia,ITC4,Italy,4680
DP01805001_Cilavegna,45.31274338,8.752656527,9300,40176,Italy,Lombardia,ITC4,Italy,6696
DP01805301_Copiano,45.18589946,9.32641051,3800,16416,Italy,Lombardia,ITC4,Italy,2736
DP01806001_Cura_Carpignano,45.21150606,9.261087706,550,2376,Italy,Lombardia,ITC4,Italy,396
DP01806101_Dorno,45.14580957,8.942897406,5900,25488,Italy,Lombardia,ITC4,Italy,4248
DP01806801_Gambolo_Capoluogo,45.24844197,8.864120985,12000,51840,Italy,Lombardia,ITC4,Italy,8640
DP01806901_Garlasco,45.18040726,8.921257956,20500,88560,Italy,Lombardia,ITC4,Italy,14760
DP01807601_Gropello_Cairoli,45.17813085,9.005390787,4400,19008,Italy,Lombardia,ITC4,Italy,3168
DP01807801_Landriano,45.3050438,9.263074186,6150,26568,Italy,Lombardia,ITC4,Italy,4428
DP01808102_Linarolo,45.14549268,9.26649306,5000,21600,Italy,Lombardia,ITC4,Italy,3600
DP01808401_Lungavilla,45.04821261,9.075022164,1800,7776,Italy,Lombardia,ITC4,Italy,1296
DP01808801_Mede,45.08925278,8.733444798,21250,91800,Italy,Lombardia,ITC4,Italy,15300
DP01809301_Miradolo_Terme,45.16757959,9.45331211,4600,19872,Italy,Lombardia,ITC4,Italy,3312
DP01810201_Mortara,45.24483948,8.751630112,86000,371520,Italy,Lombardia,ITC4,Italy,61920
DP01811001_Pavia,45.17749078,9.179023375,130000,561600,Italy,Lombardia,ITC4,Italy,93600
DP01811401_Pieve_Porto_Morone,45.10594084,9.449800203,4000,17280,Italy,Lombardia,ITC4,Italy,2880
DP01812205_Rivanazzano_Terme_Salice_Terme_Di_Godiasco,44.92076686,9.023501997,8250,35640,Italy,Lombardia,ITC4,Italy,5940
DP01812301_Robbio,45.28389379,8.61203886,23100,99792,Italy,Lombardia,ITC4,Italy,16632
DP01813801_Sannazzaro_De_Burgondi,45.09741509,8.911706875,9000,38880,Italy,Lombardia,ITC4,Italy,6480
DP01813902_S_Cristina_E_Bissone,45.15279911,9.397805218,6000,25920,Italy,Lombardia,ITC4,Italy,4320
DP01815001_Siziano,45.31862528,9.208318256,9500,41040,Italy,Lombardia,ITC4,Italy,6840
DP01815301_Stradella,45.08509656,9.290967297,38500,166320,Italy,Lombardia,ITC4,Italy,27720
DP01816206_Travaco_Siccomario_Rotta,45.16112047,9.141345133,2500,10800,Italy,Lombardia,ITC4,Italy,1800
DP01816301_Trivolzio_Capoluogo_Viale_Dell_Industria,45.25288199,9.043850671,1350,5832,Italy,Lombardia,ITC4,Italy,972
DP01817101_Varzi,44.82277471,9.180130682,2900,12528,Italy,Lombardia,ITC4,Italy,2088
DP01817603_Vidigulfo,45.27921104,9.241740962,14500,62640,Italy,Lombardia,ITC4,Italy,10440
DP01817701_Vigevano,45.32058215,8.894905209,86500,373680,Italy,Lombardia,ITC4,Italy,62280
DP01818001_Villanterio,45.21198777,9.347646957,9300,40176,Italy,Lombardia,ITC4,Italy,6696
DP01818201_Voghera,45.00929384,8.985367369,70000,302400,Italy,Lombardia,ITC4,Italy,50400
DP01900301_Annicco,45.24218137,9.889857739,3350,14472,Italy,Lombardia,ITC4,Italy,2412
DP01900501_Serio_2,45.34762991,9.597119455,49500,213840,Italy,Lombardia,ITC4,Italy,35640
DP01901602_Casalbuttano,45.24174345,9.976466858,16000,69120,Italy,Lombardia,ITC4,Italy,11520
DP01901701_Galbani,45.4234431,9.715374166,4000,17280,Italy,Lombardia,ITC4,Italy,2880
DP01902101_Casalmaggiore_Vicomoscano,44.98534869,10.45135892,48000,207360,Italy,Lombardia,ITC4,Italy,34560
DP01903501_Serio_1,45.34650664,9.693953702,150000,648000,Italy,Lombardia,ITC4,Italy,108000
DP01903601_Cremona,45.1231529,10.02711824,180000,777600,Italy,Lombardia,ITC4,Italy,129600
DP01905901_Montodine,45.27909843,9.700793629,9488,40988.16,Italy,Lombardia,ITC4,Italy,6831.36
DP01906401_Ostiano,45.21331527,10.24638314,3500,15120,Italy,Lombardia,ITC4,Italy,2520
DP01906802_Persico_Dosimo_Persichello,45.16399538,10.0776016,1300,5616,Italy,Lombardia,ITC4,Italy,936
DP01907101_Piadena,45.13095633,10.38194107,7400,31968,Italy,Lombardia,ITC4,Italy,5328
DP01907601_Pizzighettone,45.17953408,9.783712805,8400,36288,Italy,Lombardia,ITC4,Italy,6048
DP01908401_Rivolta_D_Adda,45.46373742,9.503549452,13500,58320,Italy,Lombardia,ITC4,Italy,9720
DP01908501_Robecco_D_Oglio,45.25607839,10.08832896,2000,8640,Italy,Lombardia,ITC4,Italy,1440
DP01908801_S_Bassano,45.24356339,9.816932165,4000,17280,Italy,Lombardia,ITC4,Italy,2880
DP01909001_S_Giovanni_In_Croce,45.06571624,10.37345748,3800,16416,Italy,Lombardia,ITC4,Italy,2736
DP01909701_Soncino,45.39045211,9.873482092,8266,35709.12,Italy,Lombardia,ITC4,Italy,5951.52
DP01909801_Soresina,45.27620667,9.846061074,14000,60480,Italy,Lombardia,ITC4,Italy,10080
DP01909901_Sospiro,45.09994955,10.15663501,6560,28339.2,Italy,Lombardia,ITC4,Italy,4723.2
DP01910201_Spino_D_Adda,45.3957122,9.485608199,9000,38880,Italy,Lombardia,ITC4,Italy,6480
DP01911301_Vescovato,45.15258594,10.15800404,4500,19440,Italy,Lombardia,ITC4,Italy,3240
DP02000102_Acquanegra_Sul_Chiese,45.15945591,10.43226318,2500,10800,Italy,Lombardia,ITC4,Italy,1800
DP02000201_Asola,45.21617218,10.41586945,10000,43200,Italy,Lombardia,ITC4,Italy,7200
DP02000203_Asola_Castelnuovo,45.24547964,10.46170539,3500,15120,Italy,Lombardia,ITC4,Italy,2520
DP02000306_Bagnolo_S_Vito,45.09290904,10.87412203,6000,25920,Italy,Lombardia,ITC4,Italy,4320
DP02000501_Borgoforte_Romanore,45.0705276,10.76477766,1620,6998.4,Italy,Lombardia,ITC4,Italy,1166.4
DP02000503_Borgoforte_Capoluogo,45.05744628,10.75497683,900,3888,Italy,Lombardia,ITC4,Italy,648
DP02000701_Bozzolo,45.10847733,10.48947285,6500,28080,Italy,Lombardia,ITC4,Italy,4680
DP02000802_Canneto_Sull_Oglio_Loc_Breda,45.14505576,10.38688647,5000,21600,Italy,Lombardia,ITC4,Italy,3600
DP02001001_Casalmoro,45.25492156,10.40510751,1800,7776,Italy,Lombardia,ITC4,Italy,1296
DP02001301_Castelbelforte,45.20837648,10.89726867,4000,17280,Italy,Lombardia,ITC4,Italy,2880
DP02001401_Castel_D_Ario,45.18629755,10.98347371,4666,20157.12,Italy,Lombardia,ITC4,Italy,3359.52
DP02001502_Castel_Goffredo_Villa,45.28091152,10.44527517,18000,77760,Italy,Lombardia,ITC4,Italy,12960
DP02001601_Castellucchio,45.14879012,10.65773333,5500,23760,Italy,Lombardia,ITC4,Italy,3960
DP02001701_Castiglione_Delle_Stiviere,45.36766346,10.50135928,70000,302400,Italy,Lombardia,ITC4,Italy,50400
DP02002201_Dosolo,44.95888178,10.62708599,3000,12960,Italy,Lombardia,ITC4,Italy,2160
DP02002501_Gazzuolo,45.06750228,10.57856928,2300,9936,Italy,Lombardia,ITC4,Italy,1656
DP02002601_Goito,45.24169395,10.66585032,8000,34560,Italy,Lombardia,ITC4,Italy,5760
DP02002702_Gonzaga,44.95190271,10.83593689,8500,36720,Italy,Lombardia,ITC4,Italy,6120
DP02002801_Guidizzolo,45.28304625,10.59080079,17500,75600,Italy,Lombardia,ITC4,Italy,12600
DP02003001_Mantova,45.13823273,10.8042577,100000,432000,Italy,Lombardia,ITC4,Italy,72000
DP02003103_Marcaria_Campitello,45.08411596,10.60014444,3000,12960,Italy,Lombardia,ITC4,Italy,2160
DP02003302_Marmirolo_Str_Soave,45.21562023,10.74630155,6600,28512,Italy,Lombardia,ITC4,Italy,4752
DP02003304_Marmirolo_Zona_Ind_Le_Via_Vittorio,45.204021,10.76943828,500,2160,Italy,Lombardia,ITC4,Italy,360
DP02003501_Moglia,44.94350589,10.91336155,11667,50401.44,Italy,Lombardia,ITC4,Italy,8400.24
DP02003601_Monzambano,45.38455536,10.6957199,2500,10800,Italy,Veneto,ITH3,Italy,1800
DP02003801_Ostiglia,45.08349706,11.13822817,6200,26784,Italy,Lombardia,ITC4,Italy,4464
DP02003901_Pegognaga,45.00076283,10.86732009,8000,34560,Italy,Lombardia,ITC4,Italy,5760
DP02004204_Poggio_Rusco_Via_Affittanza,44.97270196,11.13869505,8500,36720,Italy,Lombardia,ITC4,Italy,6120
DP02004302_Pomponesco,44.93668568,10.59761398,9500,41040,Italy,Lombardia,ITC4,Italy,6840
DP02004402_Ponti_Sul_Mincio_Marchino,45.39777838,10.69812171,300,1296,Italy,Veneto,ITH3,Italy,216
DP02004501_Porto_Mantovano_Favorita,45.18421929,10.79527366,11000,47520,Italy,Lombardia,ITC4,Italy,7920
DP02004503_Porto_Mantovano_Mantovanella,45.18687958,10.77308169,7600,32832,Italy,Lombardia,ITC4,Italy,5472
DP02004701_Quistello,44.99724839,10.98442136,7000,30240,Italy,Lombardia,ITC4,Italy,5040
DP02004801_Redondesco,45.15160569,10.52952322,7800,33696,Italy,Lombardia,ITC4,Italy,5616
DP02004901_Revere,45.04067503,11.13206071,3200,13824,Italy,Lombardia,ITC4,Italy,2304
DP02005002_Rivarolo_Mantovano,45.06445286,10.44230982,3000,12960,Italy,Lombardia,ITC4,Italy,2160
DP02005101_Rodigo,45.20027053,10.63586589,2167,9361.44,Italy,Lombardia,ITC4,Italy,1560.24
DP02005102_Rodigo_Rivalta_Sul_Mincio,45.17223504,10.68201994,3000,12960,Italy,Lombardia,ITC4,Italy,2160
DP02005203_Roncoferraro,45.12952137,10.95076785,4000,17280,Italy,Lombardia,ITC4,Italy,2880
DP02005301_Roverbella,45.26209995,10.76875794,4200,18144,Italy,Lombardia,ITC4,Italy,3024
DP02005302_Roverbella_Malavicina,45.29348599,10.78793275,4375,18900,Italy,Lombardia,ITC4,Italy,3150
DP02005501_S_Benedetto_Po,45.04582666,10.94432568,7000,30240,Italy,Lombardia,ITC4,Italy,5040
DP02006101_Sermide,44.9963669,11.28202322,10000,43200,Italy,Lombardia,ITC4,Italy,7200
DP02006501_Suzzara,45.00539117,10.74488431,18000,77760,Italy,Lombardia,ITC4,Italy,12960
DP02006502_Suzzara_Brusatasso,44.98406577,10.77353715,5400,23328,Italy,Lombardia,ITC4,Italy,3888
DP02006602_Viadana,44.93881757,10.50839736,13000,56160,Italy,Lombardia,ITC4,Italy,9360
DP02007001_Volta_Mantovana_Zona_Nord_Est,45.32128714,10.67673218,2450,10584,Italy,Lombardia,ITC4,Italy,1764
DP02007003_Volta_Mantovana_Zona_Sud_Ovest,45.31299294,10.65976262,2500,10800,Italy,Lombardia,ITC4,Italy,1800
DP09700401_Ballabio,45.88559199,9.426120387,13300,57456,Italy,Lombardia,ITC4,Italy,9576
DP09700701_Barzio,45.93316925,9.46044809,24000,103680,Italy,Lombardia,ITC4,Italy,17280
DP09700804_Bellano_Via_Per_Colico,46.050233,9.309128097,8200,35424,Italy,Lombardia,ITC4,Italy,5904
DP09701204_Calco_Toffo,45.72994232,9.445996061,38000,164160,Italy,Lombardia,ITC4,Italy,27360
DP09701301_Calolziocorte,45.78604865,9.435187603,40000,172800,Italy,Lombardia,ITC4,Italy,28800
DP09702301_Colico_Monteggiolo,46.14189292,9.382199232,10000,43200,Italy,Lombardia,ITC4,Italy,7200
DP09703001_Dervio,46.07302405,9.297940366,7800,33696,Italy,Lombardia,ITC4,Italy,5616
DP09703501_Esino_Lario,45.99053679,9.330887722,3000,12960,Italy,Lombardia,ITC4,Italy,2160
DP09703901_Imbersago,45.70212297,9.456975757,4000,17280,Italy,Lombardia,ITC4,Italy,2880
DP09704201_Lecco,45.83985134,9.401496424,67000,289440,Italy,Lombardia,ITC4,Italy,48240
DP09704401_Lomagna,45.66440413,9.366270438,40800,176256,Italy,Lombardia,ITC4,Italy,29376
DP09704601_Mandello_Del_Lario,45.91502112,9.31631747,20000,86400,Italy,Lombardia,ITC4,Italy,14400
DP09705601_Nibionno,45.74659598,9.251183712,30000,129600,Italy,Lombardia,ITC4,Italy,21600
DP09705901_Olginate,45.79355822,9.422392541,29000,125280,Italy,Lombardia,ITC4,Italy,20880
DP09706101_Osnago,45.66402885,9.38191615,36340,156988.8,Italy,Lombardia,ITC4,Italy,26164.8
DP09706901_Premana,46.04964568,9.419589153,3100,13392,Italy,Lombardia,ITC4,Italy,2232
DP09707901_Taceno,46.02073835,9.3586504,26000,112320,Italy,Lombardia,ITC4,Italy,18720
DP09708301_Valmadrera,45.85232099,9.368343068,99303,428988.96,Italy,Lombardia,ITC4,Italy,71498.16
DP09708701_Verderio_Inferiore,45.65858817,9.423941555,20000,86400,Italy,Lombardia,ITC4,Italy,14400
DP09800601_Brembio,45.21206719,9.578187048,2000,8640,Italy,Lombardia,ITC4,Italy,1440
DP09800901_Casalmaiocco,45.34832365,9.369484446,5300,22896,Italy,Lombardia,ITC4,Italy,3816
DP09801001_Casalpusterlengo,45.16652776,9.65649119,30000,129600,Italy,Lombardia,ITC4,Italy,21600
DP09801201_Caselle_Lurani,45.27251024,9.368034392,2500,10800,Italy,Lombardia,ITC4,Italy,1800
DP09801301_Castelnuovo_Bocca_D_Adda,45.11429754,9.872166242,2500,10800,Italy,Emilia-Romagna,ITH5,Italy,1800
DP09801401_Castiglione_D_Adda,45.22390494,9.68984863,5000,21600,Italy,Lombardia,ITC4,Italy,3600
DP09801801_Cervignano_D_Adda,45.36940256,9.424380614,2500,10800,Italy,Lombardia,ITC4,Italy,1800
DP09801901_Codogno,45.15438773,9.711552331,22000,95040,Italy,Lombardia,ITC4,Italy,15840
DP09802501_Crespiatica,45.35529473,9.580488493,1000,4320,Italy,Lombardia,ITC4,Italy,720
DP09802601_Fombio,45.13030179,9.684700218,2500,10800,Italy,Emilia-Romagna,ITH5,Italy,1800
DP09802902_Guardamiglio,45.11175165,9.690325937,5000,21600,Italy,Emilia-Romagna,ITH5,Italy,3600
DP09803102_Lodi,45.30524002,9.520383413,60000,259200,Italy,Lombardia,ITC4,Italy,43200
DP09803501_Maleo,45.16598525,9.770687822,4000,17280,Italy,Lombardia,ITC4,Italy,2880
DP09803701_Massalengo,45.25724469,9.496123719,3000,12960,Italy,Lombardia,ITC4,Italy,2160
DP09803702_Massalengo_Motta_Vigana,45.24768693,9.501901865,1000,4320,Italy,Lombardia,ITC4,Italy,720
DP09804001_Montanaso_Lombardo,45.33241338,9.473160164,3000,12960,Italy,Lombardia,ITC4,Italy,2160
DP09804101_Mulazzano,45.36755217,9.395775146,3500,15120,Italy,Lombardia,ITC4,Italy,2520
DP09804201_Orio_Litta,45.1531449,9.550556426,1500,6480,Italy,Lombardia,ITC4,Italy,1080
DP09804501_Pieve_Fissiraga_Intercomunale,45.25816184,9.468679062,13000,56160,Italy,Lombardia,ITC4,Italy,9360
DP09804601_Salerano_Sul_Lambro,45.30144897,9.381895597,34000,146880,Italy,Lombardia,ITC4,Italy,24480
DP09804801_S_Martino_In_Strada,45.26472274,9.536391292,6500,28080,Italy,Lombardia,ITC4,Italy,4680
DP09804901_S_Rocco_Al_Porto,45.07940736,9.712551489,3500,15120,Italy,Emilia-Romagna,ITH5,Italy,2520
DP09804903_S_Rocco_Al_Porto_Alberelle,45.09150019,9.692941022,200,864,Italy,Emilia-Romagna,ITH5,Italy,144
DP09805001_S_Angelo_Lodigiano,45.24246944,9.420972387,23770,102686.4,Italy,Lombardia,ITC4,Italy,17114.4
DP09805201_Secugnago,45.22326604,9.590299237,2000,8640,Italy,Lombardia,ITC4,Italy,1440
DP09805401_Somaglia,45.14362683,9.637632005,4000,17280,Italy,Lombardia,ITC4,Italy,2880
DP09806101_Zelo_Buon_Persico,45.40564359,9.442797368,8000,34560,Italy,Lombardia,ITC4,Italy,5760
DEPURATORE_STRADA_BAGNI,42.4157,12.0745,30000,129600,Italy,Lazio,ITI4,Italy,21600
DEPURATORE_SELVARELLA,42.3245,12.0556,1500,6480,Italy,Lazio,ITI4,Italy,1080
DEPURATORE_BAGNAIA_EST,42.4359,12.1507,1500,6480,Italy,Lazio,ITI4,Italy,1080
MADONNA_DELLA_VALLE,42.3287,12.2733,2000,8640,Italy,Lazio,ITI4,Italy,1440
DEPURATORE_COMUNALE (PODERINO),42.2496,11.7364,109000,470880,Italy,Lazio,ITI4,Italy,78480
VETRALLA_MAZZOCCHIO,42.3074,12.0575,300,1296,Italy,Lazio,ITI4,Italy,216
VETRALLA_GRIGNANO,42.2978,12.0725,350,1512,Italy,Lazio,ITI4,Italy,252
DEPURATORE_PRATO_DELLA_FONTANA,42.2035,12.3083,2500,10800,Italy,Lazio,ITI4,Italy,1800
DEPURATORE_CROCETTA,42.3076,12.0727,3000,12960,Italy,Lazio,ITI4,Italy,2160
DEPURATORE_SAN_MARTINO_AL_CIMINO,42.3801,12.104,4000,17280,Italy,Lazio,ITI4,Italy,2880
DEPURATORE_CAPRANICA,42.2559,12.1876,3000,12960,Italy,Lazio,ITI4,Italy,2160
DEPURATORE_RIPA,42.7479,11.8656,4000,17280,Italy,Lazio,ITI4,Italy,2880
DEPURATORE_STRADA_DEI_CARRI,42.4581,11.7392,4500,19440,Italy,Lazio,ITI4,Italy,3240
DEPURATORE_MADONNA_DELLA_NEVE,42.64742,12.21238,2000,8640,Italy,Umbria,ITI2,Italy,1440
DEPURATORE_MONTALTO_MARINA,42.32366,11.60459,30000,129600,Italy,Lazio,ITI4,Italy,21600
DEPURATORE_RONCIGLIONE,42.28497,12.22398,10000,43200,Italy,Lazio,ITI4,Italy,7200
DEPURATORE_SUTRI,42.24193,12.22958,5000,21600,Italy,Lazio,ITI4,Italy,3600
DEPURATORE_TUSCANIA,42.40876,11.87252,10000,43200,Italy,Lazio,ITI4,Italy,7200
BAGNAIA OVEST,42.43953,12.1414,1500,6480,Italy,Lazio,ITI4,Italy,1080
RIO CANALE,42.27665,12.0262,1500,6480,Italy,Lazio,ITI4,Italy,1080
LA CONCIA,42.48861,12.24696,1000,4320,Italy,Lazio,ITI4,Italy,720
BRECCIARA,42.29317,12.42926,30000,129600,Italy,Lazio,ITI4,Italy,21600
SAN SAVINO,42.49826,11.91571,38000,164160,Italy,Lazio,ITI4,Italy,27360
POGGIO BARONE,42.26312,11.88117,2000,8640,Italy,Lazio,ITI4,Italy,1440
ORTE SCALO,42.43102,12.41595,4000,17280,Italy,Umbria,ITI2,Italy,2880
MADONNA DEI PRATI,42.57664,11.82078,2500,10800,Italy,Lazio,ITI4,Italy,1800
ACQUA FREDDA,42.55065,12.13363,3200,13824,Italy,Lazio,ITI4,Italy,2304
DEP_COM_CARCHITTI,41.791407,12.828939,1500,6480,Italy,Lazio,ITI4,Italy,1080
DEP_COM_VIA_MOROSINA,41.801798,12.61723,13000,56160,Italy,Lazio,ITI4,Italy,9360
DEPURATORE_COLUBRO,41.717567,12.860843,2500,10800,Italy,Lazio,ITI4,Italy,1800
PONTE_LUCANO,41.954653,12.758302,60775,262548,Italy,Lazio,ITI4,Italy,43758
SETTEVILLE,41.933372,12.658369,10000,43200,Italy,Lazio,ITI4,Italy,7200
MASSIMINA_CASAL_LOMBROSO,41.852451,12.344455,22000,95040,Italy,Lazio,ITI4,Italy,15840
DEP_COM_PAVONA,41.72426,12.54035,45000,194400,Italy,Lazio,ITI4,Italy,32400
DEP_COM_BOLZELLA,42.146692,11.90294,6000,25920,Italy,Lazio,ITI4,Italy,4320
DEP_COM_VALLE_PISCIANA,41.746458,12.935022,8000,34560,Italy,Lazio,ITI4,Italy,5760
DEP_COM_ACQUA_CALDA,41.879273,13.023111,3500,15120,Italy,Lazio,ITI4,Italy,2520
DEP_COM_MURATELLE,41.964502,12.863653,1900,8208,Italy,Lazio,ITI4,Italy,1368
DEP_COM_VIA_S_AGOSTINO,41.971815,12.862758,7000,30240,Italy,Lazio,ITI4,Italy,5040
DEP_COM_PONTE_STORTO,42.091314,12.579093,3500,15120,Italy,Lazio,ITI4,Italy,2520
DEP_COM_VALLE_LINDA,42.113128,12.509436,2500,10800,Italy,Lazio,ITI4,Italy,1800
DEP_COM_COLLEVERDE,42.107837,12.564509,800,3456,Italy,Lazio,ITI4,Italy,576
DEP_COM_MONTE_POZZOLANA,42.121785,12.486344,800,3456,Italy,Lazio,ITI4,Italy,576
DEP_COM_CERENOVA,41.987868,12.043227,30000,129600,Italy,Lazio,ITI4,Italy,21600
VALCANNETO,41.9439,12.159834,7000,30240,Italy,Lazio,ITI4,Italy,5040
DEP_COM_FIUMARETTA,42.10508,11.78881,86400,373248,Italy,Lazio,ITI4,Italy,62208
DEP_COM_VALLE_SETTE_DUE,41.735651,13.016335,25000,108000,Italy,Lazio,ITI4,Italy,18000
DEP_COM_OSTERIA,41.837154,12.758856,4100,17712,Italy,Lazio,ITI4,Italy,2952
DEP_COM_MASCHERONE,42.13957,12.609442,12000,51840,Italy,Lazio,ITI4,Italy,8640
GUANCE_ROSSE,42.178179,12.577854,350,1512,Italy,Lazio,ITI4,Italy,252
DEP_COM_CONTRADA_VALLE_MARCIANA,41.78939,12.652832,30200,130464,Italy,Lazio,ITI4,Italy,21744
MARCO_SIMONE,41.960289,12.624823,35000,151200,Italy,Lazio,ITI4,Italy,25200
DEP_COM_PIETRARA,41.655397,12.689982,6300,27216,Italy,Lazio,ITI4,Italy,4536
DEP_COM_VIA_CASAL_FACENNA,42.021697,12.797485,5000,21600,Italy,Lazio,ITI4,Italy,3600
DEP_COM_FONTE_TONELLO,42.017092,12.801528,2500,10800,Italy,Lazio,ITI4,Italy,1800
DEP_COM_VIA_DELLE_FONTANELLE_VERSANTE_OVEST,41.81207,12.734744,1900,8208,Italy,Lazio,ITI4,Italy,1368
VIA_DELLE_CARRARECCE,41.810893,12.744134,3300,14256,Italy,Lazio,ITI4,Italy,2376
DEP_COM_SEMBLERA,42.066121,12.585916,56000,241920,Italy,Lazio,ITI4,Italy,40320
DEP_COM_SCOPPIO,42.070457,12.622375,19058,82330.56,Italy,Lazio,ITI4,Italy,13721.76
DEP_COM_MONTEBELLONI_OLEVANO_NORD,41.863542,13.029221,1500,6480,Italy,Lazio,ITI4,Italy,1080
DEP_COM_SORVIGLIANO,41.849496,13.028637,6500,28080,Italy,Lazio,ITI4,Italy,4680
DEP_COM_BOCCAPIANA,41.83216,12.855661,10000,43200,Italy,Lazio,ITI4,Italy,7200
DEP_COM_RIO_PEPE,41.830027,12.895536,7000,30240,Italy,Lazio,ITI4,Italy,5040
DEP_COM_VIA_ZARA_TORVAJANICA_SUD,41.629692,12.458408,90000,388800,Italy,Lazio,ITI4,Italy,64800
DEP_COM_VIS_S_PAOLO_TORVAJANICA_NORD,41.645153,12.438479,60000,259200,Italy,Lazio,ITI4,Italy,43200
DEP_COM_SUGHERETO_POMEZIA_CENTRO,41.655938,12.50667,60000,259200,Italy,Lazio,ITI4,Italy,43200
DEP_COM_VIA_PIANA_PERINA,42.085478,12.538225,5000,21600,Italy,Lazio,ITI4,Italy,3600
ROMA_EST,41.920912,12.574226,900000,3888000,Italy,Lazio,ITI4,Italy,648000
CASE_ROSSE_CAPANNACCE,41.924519,12.647815,3500,15120,Italy,Lazio,ITI4,Italy,2520
PALMAROLA_CASAL_DEL_MARMO,41.93304,12.379988,53630,231681.6,Italy,Lazio,ITI4,Italy,38613.6
PISANA_SPALLETTE,41.819032,12.363848,9000,38880,Italy,Lazio,ITI4,Italy,6480
ROMA_NORD,41.965805,12.496186,780000,3369600,Italy,Lazio,ITI4,Italy,561600
TRIGORIA,41.772638,12.427792,9500,41040,Italy,Lazio,ITI4,Italy,6840
ROMA_SUD,41.812614,12.425506,1100000,4752000,Italy,Lazio,ITI4,Italy,792000
SELVOTTA,41.729361,12.512455,3000,12960,Italy,Lazio,ITI4,Italy,2160
DEPURATORE_CO_B_I_S_,42.060394,12.31028,90000,388800,Italy,Lazio,ITI4,Italy,64800
ROMA_SETTECAMINI,41.938506,12.60335,8000,34560,Italy,Lazio,ITI4,Italy,5760
FINOCCHIO,41.866426,12.704278,15000,64800,Italy,Lazio,ITI4,Italy,10800
DEP_COM_ACQUA_GRICCIA,42.098406,12.454494,2700,11664,Italy,Lazio,ITI4,Italy,1944
DEP_COM_MONTE_CAMINETTO,42.062167,12.467319,3200,13824,Italy,Lazio,ITI4,Italy,2304
DEP_COM_CENTRO,42.053031,11.886833,25000,108000,Italy,Lazio,ITI4,Italy,18000
DEP_COM_SUD,42.051557,11.916906,25000,108000,Italy,Lazio,ITI4,Italy,18000
DEP_COM_VALLE_MAGGESE,42.214836,12.516353,6000,25920,Italy,Lazio,ITI4,Italy,4320
DEP_COM_PASTINE,41.880253,12.983433,5500,23760,Italy,Lazio,ITI4,Italy,3960
DEP_COM_POZZO,42.148102,11.944594,1750,7560,Italy,Lazio,ITI4,Italy,1260
DEP_COM_LIZZERA,42.144585,11.936556,2600,11232,Italy,Lazio,ITI4,Italy,1872
DEP_COM_SANTA_SEVERA,42.022381,11.965655,700,3024,Italy,Lazio,ITI4,Italy,504
DEP_COM_REOTULA,42.016674,12.903163,3000,12960,Italy,Lazio,ITI4,Italy,2160
DEP_COM_VIA_PIANA,42.012496,12.891113,1950,8424,Italy,Lazio,ITI4,Italy,1404
DEP_COM_VALLE_GIORDANO,41.85388,12.820326,4000,17280,Italy,Lazio,ITI4,Italy,2880
DEP_COM_VALLE_MAZZONE,41.719238,12.83785,10000,43200,Italy,Lazio,ITI4,Italy,7200
FREGENE,41.867209,12.190245,76000,328320,Italy,Lazio,ITI4,Italy,54720
DEPURATORE_DORIA,42.173262,12.599999,9000,38880,Italy,Lazio,ITI4,Italy,6480
DEPURATORE_PONTE_SODO,42.09015,12.503097,4524,19543.68,Italy,Lazio,ITI4,Italy,3257.28
LE_VIGNOLE,41.808709,12.304488,11300,48816,Italy,Lazio,ITI4,Italy,8136
PARCO_LEONARDO,41.794149,12.284673,32000,138240,Italy,Lazio,ITI4,Italy,23040
LA_VETRICE,41.838397,12.783032,2000,8640,Italy,Lazio,ITI4,Italy,1440
MARCHIGIANA_ROMINDOLA,41.985836,13.020419,10000,43200,Italy,Lazio,ITI4,Italy,7200
PRATOLUNGO_D2,41.660875,13.04256,6000,25920,Italy,Lazio,ITI4,Italy,4320
BOSCHETTO,42.00644,12.83223,6000,25920,Italy,Lazio,ITI4,Italy,4320
VALLE_MACERINA,41.723263,13.048185,12000,51840,Italy,Lazio,ITI4,Italy,8640
CASAL_BIANCO,41.945909,12.633607,4300,18576,Italy,Lazio,ITI4,Italy,3096
CERQUETTA,42.019052,12.370296,1500,6480,Italy,Lazio,ITI4,Italy,1080
GIARDINI_DI_ROMA,41.789511,12.398428,12000,51840,Italy,Lazio,ITI4,Italy,8640
GIUSTINIANELLA,41.991229,12.408622,3000,12960,Italy,Lazio,ITI4,Italy,2160
CONSORZIO_NUOVA_PALOCCO,41.749805,12.331002,1400,6048,Italy,Lazio,ITI4,Italy,1008
V_MUNICIPIO/VIA_TIBURTINA_,41.931804,12.592071,600,2592,Italy,Lazio,ITI4,Italy,432
PARCO_DELLA_TIBURTINA,41.936838,12.627599,900,3888,Italy,Lazio,ITI4,Italy,648
PONTE_GALERIA,41.815405,12.346204,5000,21600,Italy,Lazio,ITI4,Italy,3600
PONTE_GALERIA_COMMERCITY,41.800366,12.318325,18500,79920,Italy,Lazio,ITI4,Italy,13320
SANTA_FUMIA,41.725195,12.57051,3000,12960,Italy,Lazio,ITI4,Italy,2160
CASAL_MONASTERO,41.942662,12.603871,9000,38880,Italy,Lazio,ITI4,Italy,6480
SANT_ANGELO,41.92571,13.080749,20000,86400,Italy,Lazio,ITI4,Italy,14400
DEP_LOC_S_LUCIA,42.10461,12.39988,10000,43200,Italy,Lazio,ITI4,Italy,7200
DEP_COM_VIGNALETTI,42.02658,12.69312,1800,7776,Italy,Lazio,ITI4,Italy,1296
DEP_COM_TAVERNA_CAUZZA,41.81884,12.98857,5000,21600,Italy,Lazio,ITI4,Italy,3600
Depuratore urbano Ardea-MONTAGNANO,41.673556,12.631422,90000,388800,Italy,Lazio,ITI4,Italy,64800
Depuratore urbano Ladispoli-TORRE FLAVIA,41.958184,12.059984,90000,388800,Italy,Lazio,ITI4,Italy,64800
Depuratore urbano Tivoli-PONTE LUCANO,41.951742,12.759439,27335,118087.2,Italy,Lazio,ITI4,Italy,19681.2
Depuratore urbano Velletri-LA CHIUSA/SORBO,41.663104,12.790434,35000,151200,Italy,Lazio,ITI4,Italy,25200
Depuratore urbano Fontenuova-LE CERQUETTE,42.004753,12.607072,30000,129600,Italy,Lazio,ITI4,Italy,21600
Depuratore urbano Marino-S.MARIA DELLE MOLE,41.764762,12.586549,30000,129600,Italy,Lazio,ITI4,Italy,21600
Mentana Botticelli 2,42.053019,12.645583,30000,129600,Italy,Lazio,ITI4,Italy,21600
Vetrice 2,41.836955,12.796064,30000,129600,Italy,Lazio,ITI4,Italy,21600
Depuratore urbano CORECALT/ Ponte Delle Tartare,41.855488,13.223531,18000,77760,Italy,Lazio,ITI4,Italy,12960
Depuratore urbano Cave-FOSSO RIO-VALLI,41.793265,12.948119,10500,45360,Italy,Lazio,ITI4,Italy,7560
Depuratore urbano Marino-VIVALDI,41.775214,12.651963,10000,43200,Italy,Lazio,ITI4,Italy,7200
Depuratore urbano Valmontone-KENNEDY,41.77384,12.934661,10000,43200,Italy,Lazio,ITI4,Italy,7200
Depuratore urbano Formello-PRATO LA CORTE,42.044385,12.402874,8000,34560,Italy,Lazio,ITI4,Italy,5760
Depuratore urbano Marino-PEPERINO,41.768672,12.651028,8000,34560,Italy,Lazio,ITI4,Italy,5760
Depuratore urbano Anticoli Corrado-MOLA RIFOTA,42.017958,12.989464,6000,25920,Italy,Lazio,ITI4,Italy,4320
Depuratore urbano Gallicano nel Lazio-LOC POLLEDRARA,41.874707,12.81574,5000,21600,Italy,Lazio,ITI4,Italy,3600
MENTON,43.77487647,7.507234781,80000,345600,Italy,Liguria,ITC3,Italy,57600
DEP_COM_COLLE_COCCHINO,41.51321,12.57252,75000,324000,Italy,Lazio,ITI4,Italy,54000
DEP_COM_CAVALLO_MORTO,41.46919,12.61267,40000,172800,Italy,Lazio,ITI4,Italy,28800
NETTUNO_LA_PERLA,41.454,12.681,90000,388800,Italy,Lazio,ITI4,Italy,64800
SAN_FELICE_CIRCEO,41.2526,13.1173,25000,108000,Italy,Lazio,ITI4,Italy,18000
CARRARA_PONTENUOVO,41.2526,13.1173,6000,25920,Italy,Lazio,ITI4,Italy,4320
GIANCOS,40.8974,12.9594,2500,10800,Italy,Lazio,ITI4,Italy,1800
LE FORNA,40.9182,12.9583,5000,21600,Italy,Lazio,ITI4,Italy,3600
TERMOLI_PORTO_78A,42.00606322,14.99870089,35000,151200,Italy,Molise,ITF2,Italy,25200
MARTINSICURO FOCE TRONTO,42.893197,13.916943,36000,155520,Italy,Marche,ITI3,Italy,25920
ARIELLI,42.38329689,14.35229779,2000,8640,Italy,Abruzzo,ITF1,Italy,1440
DEP.CONSORTILE PUNTA PENNA,42.16467819,14.71245039,60000,259200,Italy,Abruzzo,ITF1,Italy,43200
PETICCIO,42.36185818,14.3985421,37100,160272,Italy,Abruzzo,ITF1,Italy,26712
TERMINI,42.18697499,14.64562555,12000,51840,Italy,Abruzzo,ITF1,Italy,8640
MASSA_LUBRENSE_IMPIANTO_MASSA_CENTRO,40.616,14.3418,28800,124416,Italy,Campania,ITF3,Italy,20736
MASSA_LUBRENSE_IMPIANTO_DI_MARINA_DEL_CANTONE,40.5822,14.3606,2300,9936,Italy,Campania,ITF3,Italy,1656
SORRENTO_IMPIANTO_MARINA_GRANDE,40.6289,14.3644,30000,129600,Italy,Campania,ITF3,Italy,21600
CAPRI_IMPIANTO_OCCHIO_MARINO,40.5375,14.2428,7500,32400,Italy,Campania,ITF3,Italy,5400
ANACAPRI_LA_SELVA,40.5625,14.2109,7500,32400,Italy,Campania,ITF3,Italy,5400
CAPRI_IMPIANTO_DI_GASTO,40.5601,14.2531,7500,32400,Italy,Campania,ITF3,Italy,5400
CENTOLA_DEPURATORE_FRAZ_COLLA,40.044,15.2927,10000,43200,Italy,Campania,ITF3,Italy,7200
CASTELLABATE_DEPURATORE_DI_OGLIASTRO_MARINA,40.2397,14.9462,724,3127.68,Italy,Campania,ITF3,Italy,521.28
POLLICA_IMPIANTO_DI_DEPURAZIONE_DI_ACCIAROLI,40.1794,15.0276,5000,21600,Italy,Campania,ITF3,Italy,3600
POSITANO_IMPIANTO_DI_DEP_LOC_VIA_DEI_MULINI,40.6304,14.4857,4200,18144,Italy,Campania,ITF3,Italy,3024
PRAIANO_DEPURATORE_VIA_ROMA,40.6121,14.5249,1000,4320,Italy,Campania,ITF3,Italy,720
PRAIANO_DEPURATORE_LOC_PRAIA,40.6102,14.5316,3000,12960,Italy,Campania,ITF3,Italy,2160
GRADO,45.7038,13.4579,40754,176057.28,Italy,Friuli-Venezia Giulia,ITH4,Italy,29342.88
RIVA_LIGURE_PRATI_INFERIORE,43.830926,7.86139,100000,432000,Italy,Liguria,ITC3,Italy,72000
SAN_BARTOLOMEO,43.920522,8.107116,20000,86400,Italy,Liguria,ITC3,Italy,14400
VALLECROSIA,43.783699,7.634377,35000,151200,Italy,Liguria,ITC3,Italy,25200
VENTIMIGLIA_LUNGOMARE_VARALDO,43.78488,7.62385,52934,228674.88,Italy,Liguria,ITC3,Italy,38112.48
BORDIGHERA,43.779855,7.653365,45000,194400,Italy,Liguria,ITC3,Italy,32400
CAPO_VERDE,43.816246,7.833812,130000,561600,Italy,Liguria,ITC3,Italy,93600
CIPRESSA,43.846495,7.948788,15000,64800,Italy,Liguria,ITC3,Italy,10800
IMPERIA,43.884415,8.035236,160000,691200,Italy,Liguria,ITC3,Italy,115200
VILLAFONTANA,43.950915,8.154894,60000,259200,Italy,Liguria,ITC3,Italy,43200
ISOLE_TREMITI,42.1121,15.4791,5000,21600,Italy,Puglia,ITF4,Italy,3600
MATTINATA,41.7057,16.0595,26500,114480,Italy,Puglia,ITF4,Italy,19080
PESCHICI,41.9486,16.0116,18000,77760,Italy,Puglia,ITF4,Italy,12960
RODI_GARGANICO_2_MARINA,41.943039,15.829495,20000,86400,Italy,Puglia,ITF4,Italy,14400
VIESTE_NUOVO,41.8824,16.1855,60000,259200,Italy,Puglia,ITF4,Italy,43200
BRINDISI_FIUME_GRANDE,40.6353,17.9806,129156,557953.92,Italy,Puglia,ITF4,Italy,92992.32
CASTRIGNANO_DEL_CAPO,39.8204,18.3439,32401,139972.32,Italy,Puglia,ITF4,Italy,23328.72
CORSANO,39.8733,18.3792,18500,79920,Italy,Puglia,ITF4,Italy,13320
OTRANTO,40.1528,18.4835,15341,66273.12,Italy,Puglia,ITF4,Italy,11045.52
SANTA_CESAREA_TERME_NUOVO,40.0531,18.4689,9500,41040,Italy,Puglia,ITF4,Italy,6840
STINTINO_LOC_PUNTA_DELLAQUILA,40.93836,8.21321,30000,129600,Italy,Sardegna,ITG2,Italy,21600
VILLASIMIUS_LOC_CUCCUREDDUS,39.14088,9.49945,45000,194400,Italy,Sardegna,ITG2,Italy,32400
TORRE_DEI_CORSARI_ARBUS,39.67618,8.45562,2000,8640,Italy,Sardegna,ITG2,Italy,1440
PORTOSCUSO_AGGLOMERATO_IND_LE_PORTOVESME,39.19022,8.40672,13075,56484,Italy,Sardegna,ITG2,Italy,9414
CARLOFORTE,39.15158,8.30937,8000,34560,Italy,Sardegna,ITG2,Italy,5760
SANTA_MARGHERITA_DI_PULA_HOTEL_COSTA_DEI_FIORI,38.97772,8.9895,300,1296,Italy,Sardegna,ITG2,Italy,216
SANTA_MARGHERITA_DI_PULA_CONDOMINIO_CALAVERDE,38.94431,8.94128,1500,6480,Italy,Sardegna,ITG2,Italy,1080
SANTA_MARGHERITA_DI_PULA_CAMPEGGIO_CALA_DOSTIA,38.95769,8.96815,1000,4320,Italy,Sardegna,ITG2,Italy,720
SANTA_MARGHERITA_DI_PULA_CAMPEGGIO_FLUMENDOSA,38.96693,8.97713,1000,4320,Italy,Sardegna,ITG2,Italy,720
SANTA_MARGHERITA_DI_PULA_BAIA_DELLE_PALME,38.96949,8.98314,250,1080,Italy,Sardegna,ITG2,Italy,180
SANTA_MARGHERITA_DI_PULA_HOTEL_IS_MORUS_RELAIS,38.94556,8.949,250,1080,Italy,Sardegna,ITG2,Italy,180
SANTA_MARGHERITA_DI_PULA_HOTEL_FLAMINGO_E_MARE_PINETA,38.96931,8.98069,1000,4320,Italy,Sardegna,ITG2,Italy,720
SANTA_MARGHERITA_DI_PULA_CAMPEGGIO_PINI_E_MARI,38.95746,8.96837,400,1728,Italy,Sardegna,ITG2,Italy,288
SANTA_MARGHERITA_DI_PULA_HOTEL_NEW_BARCAVELA,38.9304,8.92658,100,432,Italy,Sardegna,ITG2,Italy,72
SANTA_MARGHERITA_DI_PULA_ABAMAR_HOTEL,38.93142,8.92842,250,1080,Italy,Sardegna,ITG2,Italy,180
PERD_E_SALI_SARROCH,39.03663,9.03319,17500,75600,Italy,Sardegna,ITG2,Italy,12600
LA_MADDALENA_LOC_VATICANO,41.21717,9.43634,37000,159840,Italy,Sardegna,ITG2,Italy,26640
PORTO_CERVO,41.1343,9.54082,15000,64800,Italy,Sardegna,ITG2,Italy,10800
SANTA_MARGHERITA_DI_PULA_CONDOMINIO_BAIA_DEGLI_ASFODELI,38.97253,8.98486,140,604.8,Italy,Sardegna,ITG2,Italy,100.8
SANTA_MARGHERITA_DI_PULA_CORTE_NOA,38.96794,8.98165,263,1136.16,Italy,Sardegna,ITG2,Italy,189.36
IDL_LIVORNO_RIVELLINO,43.55724,10.30766,210000,907200,Italy,Toscana,ITI1,Italy,151200
IDL_PIOMBINO_FERRIERA,42.92773,10.53905,35000,151200,Italy,Toscana,ITI1,Italy,25200
IDL_MARINA_DI_PISA,43.67419,10.28231,10000,43200,Italy,Toscana,ITI1,Italy,7200
Africo - Artusa,38.050247,16.141403,2000,8640,Italy,Calabria,ITF6,Italy,1440
Amendolara - Pennino,39.940574,16.586871,7500,32400,Italy,Calabria,ITF6,Italy,5400
Belvedere Marittimo - Praie,39.611241,16.855365,40000,172800,Italy,Calabria,ITF6,Italy,28800
Bonifati - Parise,39.566336,15.871959,20000,86400,Italy,Calabria,ITF6,Italy,14400
Bova Marina - San Pasquale,37.925654,15.937779,400,1728,Italy,Calabria,ITF6,Italy,288
Bova Marina - Vena,37.93094,15.908742,7000,30240,Italy,Calabria,ITF6,Italy,5040
Brancaleone - Pantano Grande,37.980274,16.109521,10000,43200,Italy,Calabria,ITF6,Italy,7200
Cerchiara di Calabria - Calvario,39.66739,15.832637,800,3456,Italy,Calabria,ITF6,Italy,576
Cirò Marina - Lungomare,39.377904,17.137593,15000,64800,Italy,Calabria,ITF6,Italy,10800
Crucoli - Torretta Mortelletto,39.468355,17.031622,2000,8640,Italy,Calabria,ITF6,Italy,1440
Delianuova - Consortile Delianuova - Scido,38.15431,15.56005,7000,30240,Italy,Calabria,ITF6,Italy,5040
Diamante - Sorbo,39.668583,15.833427,22500,97200,Italy,Calabria,ITF6,Italy,16200
Drapia - S. Angelo,38.6389,15.885852,800,3456,Italy,Calabria,ITF6,Italy,576
Ferruzzano - Canalello,38.022357,16.125183,2800,12096,Italy,Calabria,ITF6,Italy,2016
Isola di Capo Rizzuto - Capo Piccolo,38.919962,17.04179,6000,25920,Italy,Calabria,ITF6,Italy,4320
Isola di Capo Rizzuto - Le Castella,38.91289,17.018883,30000,129600,Italy,Calabria,ITF6,Italy,21600
Melito di Porto Salvo - Marina di San Lorenzo,37.92686,15.839817,18000,77760,Italy,Calabria,ITF6,Italy,12960
Melito di Porto Salvo - CONSORTILE MELITO DI PORTOSALVO - ROGHUDI,37.932255,15.747254,18000,77760,Italy,Calabria,ITF6,Italy,12960
Monasterace - Lambrosi Marina,38.427993,16.568222,3000,12960,Italy,Calabria,ITF6,Italy,2160
Montebello Jonico - Saline,37.933658,15.725148,15000,64800,Italy,Calabria,ITF6,Italy,10800
Motta San Giovanni - Oliveto,37.982369,15.662915,14000,60480,Italy,Calabria,ITF6,Italy,10080
Palizzi - Jo,37.922816,15.983863,5000,21600,Italy,Calabria,ITF6,Italy,3600
Parghelia - Le Grazie,38.687791,15.907644,38000,164160,Italy,Calabria,ITF6,Italy,27360
Reggio Calabria - Gallico,38.170448,15.640557,30000,129600,Italy,Calabria,ITF6,Italy,21600
Reggio Calabria - Pellaro,38.02128,15.645786,30000,129600,Italy,Calabria,ITF6,Italy,21600
Riace - Saline,38.403599,16.544053,3000,12960,Italy,Calabria,ITF6,Italy,2160
Ricadi - S.Nicolò1,38.641773,15.848977,6000,25920,Italy,Calabria,ITF6,Italy,4320
Ricadi - S.Nicolò2,38.641847,15.848409,10000,43200,Italy,Calabria,ITF6,Italy,7200
Ricadi - Santa Maria,38.610776,15.858818,18000,77760,Italy,Calabria,ITF6,Italy,12960
Roccella Jonica - loc. Canne,38.427497,16.568214,50000,216000,Italy,Calabria,ITF6,Italy,36000
Roseto Capo Spulico - Piano d'Orlando,39.968701,16.611972,20000,86400,Italy,Calabria,ITF6,Italy,14400
San Luca - Carosello,37.921764,15.984464,5000,21600,Italy,Calabria,ITF6,Italy,3600
San Roberto - CONSORTILE CAMPO CALABRO - SAN ROBERTO - FIUMARA PARTE REGGIO CALABRIA LOC. CONCESSA,38.199,15.6535,20000,86400,Italy,Calabria,ITF6,Italy,14400
Santa Maria del Cedro - Frecciara,39.753575,15.784956,90000,388800,Italy,Calabria,ITF6,Italy,64800
Sant'Eufemia d'Aspromonte - Pendano,38.02066,15.645909,1000,4320,Italy,Calabria,ITF6,Italy,720
Spilinga - Capoluogo,38.63442,15.894264,3000,12960,Italy,Calabria,ITF6,Italy,2160
Stilo - Marone,38.424699,16.557742,50,216,Italy,Calabria,ITF6,Italy,36
Villa San Giovanni - Femia,38.231645,15.641294,23000,99360,Italy,Calabria,ITF6,Italy,16560
Zambrone - Potame,38.720649,15.993455,18000,77760,Italy,Calabria,ITF6,Italy,12960
Marina di Altidona_PDS_DEP,43.1024,13.8392,9000,38880,Italy,Marche,ITI3,Italy,6480
IMPIANTO VIA LUIGI RICCI,37.10176,13.94983,50000,216000,Italy,Sicilia,ITG1,Italy,36000
IMPIANTO C.DA CANALOTTO,37.3033,13.4559,9000,38880,Italy,Sicilia,ITG1,Italy,6480
IMPIANTO_D_CA_ZAPPARDINO,38.17102,14.8871,16000,69120,Italy,Sicilia,ITG1,Italy,11520
IMPIANTO_DI_LIPARI,38.47098,14.95373,10000,43200,Italy,Sicilia,ITG1,Italy,7200
IMPIANTO_MILI_C_DA_BARONE_MILI_MARINA,38.30009,15.53825,340000,1468800,Italy,Sicilia,ITG1,Italy,244800
IMPIANTO_C_DA_S_ANTONIO,38.04082,14.02964,25000,108000,Italy,Sicilia,ITG1,Italy,18000
IMPIANTO_C_DA_PRAIOCA,38.15398,13.07761,10500,45360,Italy,Sicilia,ITG1,Italy,7560
IMPIANTO_FONDO_VERDE_GIARDINI,38.18981,13.3122,105000,453600,Italy,Sicilia,ITG1,Italy,75600
IMPIANTO_C_DA_LETTIERA,36.72553,15.11601,10000,43200,Italy,Sicilia,ITG1,Italy,7200
C_DA_ARENELLA,36.82539,11.93502,3500,15120,Italy,Sicilia,ITG1,Italy,2520
C_DA_GAZZARELLA,37.72014,12.47878,25000,108000,Italy,Sicilia,ITG1,Italy,18000
C_DA_TORRE_DELL'USCERE,38.17376,12.76934,15000,64800,Italy,Sicilia,ITG1,Italy,10800
ROMA_OSTIA_VIA_T_CHIARALUCE,41.746154,12.268851,350000,1512000,Italy,Lazio,ITI4,Italy,252000
DEP_COM_NORD,42.042304,11.833739,37500,162000,Italy,Lazio,ITI4,Italy,27000
ROQUEBRUNE-CAP-MARTIN,43.76431282,7.487386184,32200,139104,Italy,Liguria,ITC3,Italy,23184
BONIFACIO,41.38834997,9.157112389,15000,64800,Italy,Sardegna,ITG2,Italy,10800
