{"type":"FeatureCollection","features":[{"type":"Feature","properties":{"landuse":"farmland"},"geometry":{"type":"Polygon","coordinates":[[[3.3878,45.2754],[3.3911,45.2709],[3.4073,45.2695],[3.4071,45.2765],[3.3997,45.2838],[3.3953,45.2797],[3.3823,45.2794],[3.3878,45.2754]],[[3.3945,45.2723],[3.3927,45.2761],[3.3969,45.2762],[3.3976,45.2722],[3.3945,45.2723]],[[3.3997,45.2745],[3.4011,45.2745],[3.3999,45.2739],[3.3997,45.2745]]]}},{"type":"Feature","properties":{"landuse":"farmland"},"geometry":{"type":"Polygon","coordinates":[[[3.308,45.3791],[3.3115,45.3798],[3.3122,45.3843],[3.3091,45.3845],[3.3067,45.3803],[3.3033,45.383],[3.2945,45.3768],[3.2946,45.3798],[3.3007,45.3808],[3.3003,45.3891],[3.2781,45.3858],[3.2833,45.3788],[3.2886,45.3771],[3.288,45.3749],[3.2996,45.3693],[3.3025,45.3714],[3.3007,45.3688],[3.3079,45.3658],[3.3143,45.3788],[3.308,45.3791]],[[3.31,45.3816],[3.3104,45.381],[3.3081,45.3807],[3.31,45.3816]]]}},{"type":"Feature","properties":{"landuse":"green_public_spaces"},"geometry":{"type":"Polygon","coordinates":[[[3.3265,46.4385],[3.3186,46.4347],[3.3216,46.4241],[3.3173,46.4211],[3.3209,46.416],[3.3161,46.4072],[3.3167,46.4019],[3.3073,46.3878],[3.3071,46.3745],[3.3146,46.3778],[3.3157,46.3683],[3.322,46.3645],[3.334,46.3636],[3.3349,46.3571],[3.3464,46.3487],[3.3398,46.3678],[3.3232,46.3678],[3.3169,46.3706],[3.3242,46.3817],[3.3172,46.3907],[3.3226,46.4005],[3.3194,46.4019],[3.3191,46.409],[3.3372,46.4159],[3.3338,46.4324],[3.3297,46.4345],[3.349,46.4412],[3.3297,46.4469],[3.3368,46.4593],[3.3307,46.4684],[3.3327,46.4793],[3.3286,46.4839],[3.3349,46.4942],[3.3322,46.4994],[3.3418,46.5051],[3.3327,46.5093],[3.3375,46.5133],[3.3357,46.5196],[3.3389,46.5251],[3.3262,46.5276],[3.3243,46.5252],[3.3274,46.5086],[3.3218,46.4959],[3.3271,46.4718],[3.326,46.4602],[3.3306,46.4542],[3.3266,46.4418],[3.3295,46.4402],[3.3265,46.4385]]]}},{"type":"Feature","properties":{"landuse":"green_public_spaces"},"geometry":{"type":"Polygon","coordinates":[[[3.359,46.5724],[3.354,46.5709],[3.3591,46.5709],[3.359,46.5724]],[[3.358,46.5715],[3.3576,46.5715],[3.3579,46.5716],[3.358,46.5715]],[[3.3591,46.5715],[3.3593,46.5713],[3.3587,46.5712],[3.3591,46.5715]]]}},{"type":"Feature","properties":{"landuse":"farmland"},"geometry":{"type":"Polygon","coordinates":[[[3.206,45.7141],[3.2028,45.7168],[3.2085,45.7241],[3.1945,45.7188],[3.1976,45.7156],[3.1958,45.7131],[3.1835,45.7112],[3.1775,45.7149],[3.1821,45.7153],[3.1789,45.7206],[3.171,45.7206],[3.1764,45.7243],[3.169,45.7305],[3.1719,45.7351],[3.1745,45.7302],[3.1769,45.7315],[3.1721,45.7359],[3.1609,45.7374],[3.1547,45.7343],[3.1579,45.7183],[3.1544,45.718],[3.1598,45.7153],[3.1595,45.7104],[3.1739,45.7086],[3.1829,45.7117],[3.1823,45.7082],[3.1904,45.7021],[3.1867,45.7007],[3.1901,45.7009],[3.1972,45.7036],[3.206,45.7141]],[[3.1673,45.7152],[3.1685,45.7166],[3.1707,45.7157],[3.1673,45.7152]],[[3.1692,45.7117],[3.1675,45.7125],[3.1694,45.7122],[3.1692,45.7117]]]}},{"type":"Feature","properties":{"landuse":"farmland"},"geometry":{"type":"Polygon","coordinates":[[[3.2151,45.6544],[3.2187,45.6498],[3.2152,45.6453],[3.2209,45.6444],[3.2179,45.6394],[3.2221,45.6379],[3.2173,45.6344],[3.2294,45.636],[3.2286,45.6341],[3.2336,45.6339],[3.2311,45.6386],[3.2361,45.6415],[3.2255,45.6464],[3.2284,45.6492],[3.2158,45.6591],[3.2151,45.6544]],[[3.2248,45.6361],[3.2249,45.6352],[3.2243,45.6352],[3.2248,45.6361]],[[3.2195,45.6339],[3.2203,45.6347],[3.2206,45.6343],[3.2195,45.6339]]]}},{"type":"Feature","properties":{"landuse":"farmland"},"geometry":{"type":"Polygon","coordinates":[[[2.7248,45.6],[2.7135,45.6038],[2.713,45.6015],[2.7248,45.6]],[[2.7179,45.601],[2.7164,45.6016],[2.7182,45.6015],[2.7179,45.601]]]}},{"type":"Feature","properties":{"landuse":"farmland"},"geometry":{"type":"Polygon","coordinates":[[[3.3703,45.3284],[3.3774,45.3239],[3.3771,45.3198],[3.3737,45.3197],[3.3926,45.3126],[3.3735,45.318],[3.3792,45.3077],[3.3826,45.3086],[3.3805,45.3067],[3.3828,45.3033],[3.3875,45.3017],[3.3851,45.3006],[3.3907,45.2994],[3.3981,45.3016],[3.3974,45.3038],[3.4019,45.3018],[3.404,45.3056],[3.3981,45.3059],[3.4038,45.3071],[3.3979,45.3065],[3.4032,45.3078],[3.4016,45.3137],[3.3951,45.317],[3.3963,45.3214],[3.3894,45.3259],[3.3956,45.3312],[3.3824,45.3304],[3.3851,45.3374],[3.3793,45.3478],[3.3723,45.3474],[3.3641,45.3571],[3.3581,45.3567],[3.3629,45.3378],[3.3659,45.3355],[3.3767,45.3379],[3.3677,45.3341],[3.3724,45.3316],[3.3703,45.3284]],[[3.3941,45.3173],[3.3945,45.3146],[3.3926,45.3175],[3.3941,45.3173]]]}},{"type":"Feature","properties":{"landuse":"green_public_spaces"},"geometry":{"type":"Polygon","coordinates":[[[3.0976,45.8298],[3.0958,45.8316],[3.0898,45.8305],[3.0976,45.8298]]]}},{"type":"Feature","properties":{"landuse":"farmland"},"geometry":{"type":"Polygon","coordinates":[[[3.902,45.0875],[3.8919,45.0905],[3.8933,45.096],[3.8895,45.0956],[3.8805,45.0923],[3.8879,45.0911],[3.888,45.0879],[3.8744,45.0907],[3.8754,45.0885],[3.871,45.0877],[3.8687,45.0818],[3.8745,45.0757],[3.8802,45.0759],[3.8821,45.0708],[3.8913,45.0714],[3.8974,45.0783],[3.8947,45.0799],[3.8912,45.0751],[3.885,45.0754],[3.8911,45.0754],[3.902,45.0875]],[[3.8714,45.086],[3.8744,45.0864],[3.8772,45.0847],[3.8714,45.086]]]}},{"type":"Feature","properties":{"landuse":"farmland"},"geometry":{"type":"Polygon","coordinates":[[[3.0895,45.7361],[3.0923,45.7359],[3.091,45.7371],[3.0895,45.7361]],[[3.0912,45.7358],[3.0921,45.7361],[3.0912,45.7357],[3.0912,45.7358]]]}},{"type":"Feature","properties":{"landuse":"farmland"},"geometry":{"type":"Polygon","coordinates":[[[4.258,45.2333],[4.2611,45.2325],[4.2606,45.2336],[4.258,45.2333]],[[4.2602,45.2334],[4.2605,45.233],[4.2602,45.2332],[4.2602,45.2334]],[[4.2598,45.2334],[4.2599,45.2334],[4.26,45.2333],[4.2598,45.2334]]]}},{"type":"Feature","properties":{"landuse":"farmland"},"geometry":{"type":"Polygon","coordinates":[[[4.218,45.258],[4.222,45.259],[4.2182,45.2599],[4.218,45.258]],[[4.2195,45.2597],[4.2199,45.2596],[4.2196,45.2592],[4.2195,45.2597]]]}},{"type":"Feature","properties":{"landuse":"farmland"},"geometry":{"type":"Polygon","coordinates":[[[4.2377,45.2567],[4.2422,45.2573],[4.2373,45.2615],[4.2377,45.2567]],[[4.2385,45.2591],[4.2397,45.2586],[4.2385,45.2585],[4.2385,45.2591]],[[4.2402,45.2587],[4.2421,45.2579],[4.2418,45.2574],[4.2402,45.2587]]]}},{"type":"Feature","properties":{"landuse":"farmland"},"geometry":{"type":"Polygon","coordinates":[[[4.1996,45.2635],[4.1993,45.2615],[4.2027,45.2618],[4.1996,45.2635]],[[4.2001,45.263],[4.2002,45.2626],[4.1999,45.2628],[4.2001,45.263]],[[4.2011,45.2622],[4.2014,45.262],[4.2012,45.2619],[4.2011,45.2622]]]}},{"type":"Feature","properties":{"landuse":"farmland"},"geometry":{"type":"Polygon","coordinates":[[[4.1673,45.276],[4.1718,45.2715],[4.1762,45.2718],[4.1673,45.276]],[[4.1716,45.2727],[4.1721,45.2724],[4.172,45.2722],[4.1716,45.2727]]]}},{"type":"Feature","properties":{"landuse":"farmland"},"geometry":{"type":"Polygon","coordinates":[[[4.1647,45.2712],[4.1676,45.2674],[4.1683,45.272],[4.1647,45.2712]],[[4.1679,45.2702],[4.1686,45.2708],[4.1688,45.27],[4.1679,45.2702]]]}},{"type":"Feature","properties":{"landuse":"farmland"},"geometry":{"type":"Polygon","coordinates":[[[4.1198,45.207],[4.1209,45.2048],[4.1237,45.2061],[4.1198,45.207]],[[4.1228,45.2054],[4.123,45.2055],[4.1231,45.2052],[4.1228,45.2054]],[[4.121,45.2059],[4.1223,45.2064],[4.1211,45.2057],[4.121,45.2059]]]}},{"type":"Feature","properties":{"landuse":"farmland"},"geometry":{"type":"Polygon","coordinates":[[[4.1487,45.1655],[4.1496,45.171],[4.1433,45.1714],[4.1443,45.1654],[4.1487,45.1655]],[[4.1466,45.1666],[4.147,45.167],[4.1472,45.1662],[4.1466,45.1666]],[[4.1474,45.169],[4.1492,45.1686],[4.1473,45.1682],[4.1474,45.169]]]}},{"type":"Feature","properties":{"landuse":"greenhouse_horticulture"},"geometry":{"type":"Polygon","coordinates":[[[4.1251,45.1619],[4.1271,45.1601],[4.1289,45.1617],[4.1251,45.1619]],[[4.1264,45.1622],[4.1269,45.1623],[4.1271,45.1618],[4.1264,45.1622]]]}},{"type":"Feature","properties":{"landuse":"farmland"},"geometry":{"type":"Polygon","coordinates":[[[3.2298,45.9276],[3.2602,45.9656],[3.2551,45.9663],[3.2572,45.9681],[3.2517,45.9723],[3.2557,45.9735],[3.2555,45.9777],[3.2107,45.9773],[3.2027,45.9804],[3.1913,45.9776],[3.1822,45.9817],[3.171,45.9789],[3.1755,45.9765],[3.1677,45.9737],[3.169,45.9657],[3.1755,45.9625],[3.1785,45.9692],[3.1811,45.9687],[3.1769,45.9582],[3.1792,45.957],[3.174,45.9566],[3.1779,45.9517],[3.164,45.9541],[3.1652,45.9632],[3.16,45.962],[3.1592,45.9655],[3.1547,45.9661],[3.1589,45.9462],[3.1843,45.9435],[3.1835,45.9465],[3.1918,45.9463],[3.2007,45.9421],[3.2008,45.9448],[3.2069,45.9414],[3.2177,45.9426],[3.2268,45.9358],[3.2229,45.9309],[3.2298,45.9276]],[[3.1857,45.9732],[3.1977,45.9734],[3.1909,45.9697],[3.1857,45.9732]]]}},{"type":"Feature","properties":{"landuse":"farmland"},"geometry":{"type":"Polygon","coordinates":[[[4.051,45.0168],[4.056,45.0202],[4.0514,45.0265],[4.0463,45.0173],[4.051,45.0168]],[[4.0532,45.0213],[4.0535,45.0211],[4.0531,45.0209],[4.0532,45.0213]]]}},{"type":"Feature","properties":{"landuse":"farmland"},"geometry":{"type":"Polygon","coordinates":[[[4.04,45.0315],[4.0413,45.0298],[4.0458,45.0333],[4.0461,45.0366],[4.0405,45.0351],[4.043,45.0331],[4.04,45.0315]],[[4.0424,45.0353],[4.0441,45.0354],[4.0433,45.0348],[4.0424,45.0353]]]}},{"type":"Feature","properties":{"landuse":"farmland"},"geometry":{"type":"Polygon","coordinates":[[[4.0279,45.0634],[4.029,45.0612],[4.0355,45.0611],[4.0279,45.0634]],[[4.028,45.0623],[4.0287,45.0623],[4.0286,45.062],[4.0298,45.0617],[4.028,45.0623]]]}},{"type":"Feature","properties":{"landuse":"farmland"},"geometry":{"type":"Polygon","coordinates":[[[3.9992,45.0391],[3.9956,45.0371],[3.9983,45.0365],[3.9975,45.0319],[4.0049,45.0286],[4.0002,45.0327],[4.0044,45.0337],[4.0042,45.0375],[3.9992,45.0391]],[[3.9963,45.037],[3.9974,45.0373],[3.998,45.0367],[3.9963,45.037]]]}},{"type":"Feature","properties":{"landuse":"farmland"},"geometry":{"type":"Polygon","coordinates":[[[4.2419,45.2356],[4.2422,45.2339],[4.2441,45.2338],[4.2419,45.2356]],[[4.2418,45.2344],[4.2421,45.2346],[4.2422,45.2342],[4.2418,45.2344]]]}},{"type":"Feature","properties":{"landuse":"farmland"},"geometry":{"type":"Polygon","coordinates":[[[4.0468,45.2141],[4.0483,45.2123],[4.0496,45.2147],[4.0468,45.2141]],[[4.0489,45.214],[4.0495,45.2141],[4.0495,45.2138],[4.0489,45.214]]]}},{"type":"Feature","properties":{"landuse":"farmland"},"geometry":{"type":"MultiPolygon","coordinates":[[[[3.3635,46.4942],[3.3602,46.4943],[3.3602,46.4929],[3.3635,46.4942]]],[[[3.3679,46.4706],[3.3625,46.4908],[3.3514,46.4907],[3.3324,46.4814],[3.3308,46.4684],[3.3402,46.4599],[3.3304,46.4474],[3.3449,46.4448],[3.349,46.4408],[3.3566,46.4414],[3.3662,46.4516],[3.3763,46.4537],[3.3747,46.4591],[3.362,46.4601],[3.3677,46.4608],[3.3686,46.4665],[3.3662,46.4705],[3.3607,46.4679],[3.3577,46.4714],[3.3679,46.4706]],[[3.35,46.4689],[3.3523,46.4677],[3.3499,46.4678],[3.35,46.4689]],[[3.348,46.4542],[3.3531,46.4549],[3.3477,46.4517],[3.348,46.4542]]]]}},{"type":"Feature","properties":{"landuse":"green_public_spaces"},"geometry":{"type":"MultiPolygon","coordinates":[[[[3.3533,46.5602],[3.3516,46.5612],[3.3502,46.5595],[3.3533,46.5602]]],[[[3.3507,46.5603],[3.3518,46.5617],[3.3503,46.5615],[3.3507,46.5603]]]]}},{"type":"Feature","properties":{"landuse":"farmland"},"geometry":{"type":"Polygon","coordinates":[[[4.1316,45.2055],[4.141,45.2031],[4.1393,45.2094],[4.1261,45.2076],[4.1263,45.204],[4.1316,45.2055]],[[4.1342,45.2064],[4.1349,45.2057],[4.1343,45.2057],[4.1342,45.2064]]]}},{"type":"Feature","properties":{"landuse":"farmland"},"geometry":{"type":"Polygon","coordinates":[[[4.1642,45.2569],[4.1616,45.2617],[4.1582,45.2576],[4.1642,45.2569]],[[4.161,45.2589],[4.1615,45.2589],[4.1611,45.2586],[4.161,45.2589]]]}},{"type":"Feature","properties":{"landuse":"farmland"},"geometry":{"type":"Polygon","coordinates":[[[4.0305,45.1935],[4.0301,45.1904],[4.0322,45.192],[4.0305,45.1935]],[[4.032,45.1919],[4.0321,45.1919],[4.0319,45.1917],[4.032,45.1919]],[[4.0319,45.1916],[4.032,45.1916],[4.032,45.1915],[4.0319,45.1916]]]}},{"type":"Feature","properties":{"landuse":"farmland"},"geometry":{"type":"Polygon","coordinates":[[[3.9183,45.028],[3.9226,45.0279],[3.9206,45.0257],[3.9227,45.0243],[3.9227,45.0322],[3.9318,45.0329],[3.924,45.0405],[3.9146,45.0435],[3.9067,45.0366],[3.913,45.0383],[3.9232,45.03],[3.9083,45.036],[3.91,45.0338],[3.9023,45.0269],[3.9074,45.0251],[3.9033,45.0246],[3.8987,45.0174],[3.9116,45.0153],[3.9063,45.0115],[3.895,45.01],[3.9036,45.0067],[3.9067,45.0107],[3.9158,45.0127],[3.914,45.0147],[3.921,45.0189],[3.9127,45.0238],[3.9183,45.028]],[[3.9105,45.0303],[3.9166,45.0308],[3.9111,45.0296],[3.9132,45.0287],[3.9105,45.0303]]]}},{"type":"Feature","properties":{"landuse":"farmland"},"geometry":{"type":"MultiPolygon","coordinates":[[[[3.4027,45.2953],[3.4046,45.2974],[3.4011,45.3011],[3.4027,45.2953]]],[[[3.4017,45.2952],[3.3979,45.2994],[3.3935,45.2963],[3.3981,45.2927],[3.4017,45.2952]]]]}},{"type":"Feature","properties":{"landuse":"farmland"},"geometry":{"type":"Polygon","coordinates":[[[3.3656,45.293],[3.3729,45.2945],[3.3668,45.2973],[3.3706,45.3007],[3.3679,45.3051],[3.3602,45.3035],[3.3562,45.2987],[3.3544,45.3005],[3.3557,45.2915],[3.3621,45.2913],[3.3608,45.293],[3.365,45.2954],[3.3656,45.293]]]}},{"type":"Feature","properties":{"landuse":"farmland"},"geometry":{"type":"MultiPolygon","coordinates":[[[[3.4027,45.2828],[3.4011,45.2883],[3.3949,45.2901],[3.4027,45.2828]]],[[[3.4057,45.2862],[3.4072,45.2885],[3.404,45.2925],[3.4005,45.2919],[3.4044,45.2839],[3.4057,45.2862]]]]}},{"type":"Feature","properties":{"landuse":"green_public_spaces"},"geometry":{"type":"Polygon","coordinates":[[[3.7343,45.5495],[3.7308,45.5502],[3.7312,45.5468],[3.7346,45.5463],[3.7343,45.5495]]]}},{"type":"Feature","properties":{"landuse":"farmland"},"geometry":{"type":"Polygon","coordinates":[[[3.1719,46.1001],[3.1719,46.0928],[3.1771,46.0945],[3.177,46.1006],[3.1825,46.0998],[3.1656,46.103],[3.1614,46.0999],[3.1719,46.1001]]]}},{"type":"Feature","properties":{"landuse":"green_public_spaces"},"geometry":{"type":"Polygon","coordinates":[[[3.3439,46.5609],[3.3478,46.5607],[3.3465,46.5627],[3.3439,46.5609]]]}},{"type":"Feature","properties":{"landuse":"farmland"},"geometry":{"type":"Polygon","coordinates":[[[3.9779,45.0706],[3.9761,45.0674],[3.9791,45.0661],[3.9779,45.0706]],[[3.9778,45.0668],[3.9781,45.0669],[3.9779,45.0666],[3.9778,45.0668]]]}},{"type":"Feature","properties":{"landuse":"farmland"},"geometry":{"type":"MultiPolygon","coordinates":[[[[3.1712,45.6971],[3.1753,45.6877],[3.1831,45.6906],[3.1836,45.6948],[3.1778,45.6921],[3.1781,45.6961],[3.1742,45.6962],[3.1767,45.6995],[3.1741,45.7008],[3.1712,45.6971]]],[[[3.1694,45.6953],[3.1537,45.6904],[3.1501,45.6944],[3.1494,45.6896],[3.1616,45.6875],[3.1665,45.6931],[3.1663,45.6838],[3.1694,45.6847],[3.1656,45.6792],[3.1725,45.6791],[3.1744,45.6829],[3.1674,45.6928],[3.1723,45.6937],[3.1694,45.6953]]]]}},{"type":"Feature","properties":{"landuse":"farmland"},"geometry":{"type":"MultiPolygon","coordinates":[[[[2.1686,44.6898],[2.1658,44.6887],[2.1707,44.6889],[2.1686,44.6898]]],[[[2.1683,44.6903],[2.1756,44.6932],[2.1659,44.6941],[2.1683,44.6903]]]]}},{"type":"Feature","properties":{"landuse":"farmland"},"geometry":{"type":"Polygon","coordinates":[[[4.2261,45.2389],[4.2277,45.2395],[4.2256,45.24],[4.2261,45.2389]],[[4.2273,45.2396],[4.2274,45.2396],[4.2273,45.2395],[4.2273,45.2396]]]}},{"type":"Feature","properties":{"landuse":"farmland"},"geometry":{"type":"Polygon","coordinates":[[[4.1011,45.1646],[4.1029,45.167],[4.0975,45.1695],[4.0966,45.1737],[4.0956,45.1668],[4.1011,45.1646]],[[4.0949,45.1733],[4.0951,45.1733],[4.0952,45.1731],[4.0949,45.1733]]]}},{"type":"Feature","properties":{"landuse":"farmland"},"geometry":{"type":"MultiPolygon","coordinates":[[[[3.3871,46.1604],[3.3806,46.1618],[3.3812,46.1595],[3.3737,46.155],[3.3816,46.1527],[3.3771,46.1505],[3.3834,46.1536],[3.3879,46.1519],[3.3905,46.157],[3.3851,46.1584],[3.3902,46.1612],[3.3871,46.1604]]],[[[3.3851,46.14],[3.3828,46.1341],[3.3874,46.1332],[3.386,46.1366],[3.3908,46.1391],[3.3877,46.1411],[3.3925,46.1432],[3.3903,46.1457],[3.3851,46.14]]]]}},{"type":"Feature","properties":{"landuse":"farmland"},"geometry":{"type":"MultiPolygon","coordinates":[[[[3.4105,46.1925],[3.412,46.1929],[3.4063,46.1923],[3.4105,46.1925]]],[[[3.4084,46.1872],[3.4123,46.1871],[3.4157,46.192],[3.4059,46.1905],[3.4033,46.1845],[3.4059,46.1881],[3.4084,46.1872]]]]}},{"type":"Feature","properties":{"landuse":"farmland"},"geometry":{"type":"MultiPolygon","coordinates":[[[[3.0943,45.9902],[3.0947,45.9864],[3.0911,45.9855],[3.0993,45.9892],[3.0943,45.9902]]],[[[3.0915,45.9951],[3.0901,45.9936],[3.0972,45.9928],[3.1086,45.9983],[3.1013,46.0018],[3.1022,46.0048],[3.0984,46.004],[3.0941,46.0077],[3.0931,45.999],[3.0962,45.9981],[3.0915,45.9951]]],[[[3.1096,45.9977],[3.1108,45.9963],[3.1128,45.9973],[3.1096,45.9977]]],[[[3.1164,45.9967],[3.1103,45.9929],[3.1134,45.9886],[3.1156,45.9934],[3.1186,45.9928],[3.1164,45.9967]]],[[[3.109,45.9936],[3.1029,45.989],[3.1082,45.9867],[3.109,45.9936]]]]}},{"type":"Feature","properties":{"landuse":"farmland"},"geometry":{"type":"MultiPolygon","coordinates":[[[[3.492,45.8541],[3.4908,45.8551],[3.488,45.8542],[3.492,45.8541]]],[[[3.4932,45.8559],[3.499,45.8484],[3.4962,45.8454],[3.4977,45.8432],[3.5053,45.8428],[3.5077,45.8504],[3.4905,45.8579],[3.4941,45.858],[3.4932,45.8559]]]]}},{"type":"Feature","properties":{"landuse":"farmland"},"geometry":{"type":"MultiPolygon","coordinates":[[[[3.2803,46.3141],[3.2794,46.3126],[3.2829,46.3135],[3.2803,46.3141]]],[[[3.2611,46.3181],[3.2687,46.3142],[3.279,46.3132],[3.2794,46.3161],[3.2858,46.314],[3.2814,46.32],[3.284,46.3197],[3.2861,46.3255],[3.286,46.3219],[3.2896,46.322],[3.2918,46.3172],[3.2972,46.3251],[3.2962,46.3281],[3.2849,46.3288],[3.2957,46.3298],[3.2946,46.3381],[3.3061,46.3375],[3.3177,46.3456],[3.3199,46.3531],[3.314,46.3557],[3.3139,46.3604],[3.3051,46.3537],[3.3075,46.3496],[3.3023,46.3509],[3.3009,46.3479],[3.2936,46.3484],[3.2958,46.3521],[3.2837,46.3515],[3.2847,46.3552],[3.2972,46.3544],[3.2999,46.3577],[3.2984,46.3513],[3.302,46.3512],[3.3102,46.3633],[3.3082,46.3688],[3.2747,46.3526],[3.2789,46.345],[3.2748,46.3456],[3.2755,46.3434],[3.2849,46.3438],[3.2845,46.3463],[3.2801,46.3461],[3.2812,46.3498],[3.2883,46.3472],[3.2849,46.3469],[3.2871,46.3429],[3.2898,46.3435],[3.2857,46.3412],[3.2863,46.3385],[3.2641,46.3424],[3.2597,46.3394],[3.2609,46.3364],[3.2564,46.3376],[3.2527,46.3326],[3.2407,46.3344],[3.2283,46.3303],[3.2346,46.3317],[3.2392,46.3274],[3.2478,46.3291],[3.2448,46.3234],[3.2405,46.3244],[3.25,46.3199],[3.2566,46.3233],[3.2571,46.3277],[3.2539,46.3284],[3.2542,46.3249],[3.2502,46.327],[3.2535,46.3315],[3.2657,46.3315],[3.2719,46.3387],[3.2755,46.3343],[3.2777,46.3383],[3.2808,46.3337],[3.2704,46.3327],[3.2726,46.3309],[3.2665,46.3257],[3.2689,46.3233],[3.2662,46.324],[3.2611,46.3181]],[[3.2802,46.3162],[3.2792,46.3187],[3.2803,46.3185],[3.2802,46.3162]],[[3.2748,46.3163],[3.2704,46.3182],[3.2741,46.3212],[3.2777,46.3166],[3.2748,46.3163]]]]}},{"type":"Feature","properties":{"landuse":"farmland"},"geometry":{"type":"MultiPolygon","coordinates":[[[[3.3043,46.3182],[3.2947,46.3175],[3.3005,46.3122],[3.3011,46.3156],[3.3065,46.3159],[3.3043,46.3182]]],[[[3.3026,46.3197],[3.3115,46.316],[3.315,46.3207],[3.3191,46.3182],[3.3267,46.3221],[3.331,46.3198],[3.3275,46.3167],[3.3386,46.318],[3.3357,46.3198],[3.3364,46.3257],[3.3393,46.327],[3.3337,46.3329],[3.3294,46.3295],[3.3244,46.3329],[3.3332,46.3337],[3.3423,46.3437],[3.3385,46.3479],[3.3303,46.348],[3.3357,46.3497],[3.3358,46.3525],[3.3299,46.3544],[3.3281,46.3584],[3.3254,46.3573],[3.3282,46.3613],[3.325,46.3628],[3.319,46.3573],[3.3271,46.353],[3.3252,46.346],[3.3282,46.3452],[3.3266,46.3407],[3.3236,46.3414],[3.3246,46.3362],[3.322,46.3336],[3.3184,46.3352],[3.3225,46.3357],[3.3226,46.34],[3.3116,46.3379],[3.3104,46.3325],[3.3136,46.3307],[3.3107,46.33],[3.3111,46.3269],[3.2986,46.3238],[3.2954,46.32],[3.3026,46.3197]]]]}},{"type":"Feature","properties":{"landuse":"farmland"},"geometry":{"type":"MultiPolygon","coordinates":[[[[3.3718,45.7437],[3.3727,45.7441],[3.3718,45.7447],[3.3718,45.7437]]],[[[3.3728,45.7425],[3.3702,45.743],[3.371,45.7553],[3.3622,45.7512],[3.3669,45.7498],[3.362,45.7492],[3.3601,45.7478],[3.364,45.7468],[3.3598,45.7455],[3.3548,45.7453],[3.3567,45.75],[3.3533,45.7514],[3.3463,45.7508],[3.3467,45.7442],[3.3448,45.7514],[3.3348,45.7467],[3.3325,45.7501],[3.3245,45.7481],[3.3396,45.7386],[3.3403,45.7307],[3.3531,45.7242],[3.3548,45.7267],[3.3498,45.7313],[3.3491,45.7365],[3.3522,45.7322],[3.3623,45.7347],[3.352,45.7308],[3.3553,45.7266],[3.3658,45.7263],[3.375,45.7322],[3.367,45.7285],[3.3708,45.7326],[3.3681,45.734],[3.3736,45.7353],[3.3728,45.7425]]]]}},{"type":"Feature","properties":{"landuse":"farmland"},"geometry":{"type":"Polygon","coordinates":[[[4.1235,45.2213],[4.1291,45.2204],[4.1216,45.2224],[4.1235,45.2213]],[[4.1281,45.2206],[4.1288,45.2207],[4.1284,45.2205],[4.1281,45.2206]]]}},{"type":"Feature","properties":{"landuse":"farmland"},"geometry":{"type":"Polygon","coordinates":[[[4.2824,45.1072],[4.2848,45.1057],[4.2838,45.1104],[4.2824,45.1072]]]}},{"type":"Feature","properties":{"landuse":"farmland"},"geometry":{"type":"MultiPolygon","coordinates":[[[[3.2171,45.6827],[3.2174,45.682],[3.218,45.682],[3.2171,45.6827]]],[[[3.2172,45.682],[3.2167,45.6843],[3.215,45.6818],[3.2172,45.682]]],[[[3.2137,45.6812],[3.2154,45.6798],[3.2167,45.6807],[3.2137,45.6812]]],[[[3.2131,45.6808],[3.2094,45.6821],[3.209,45.6816],[3.2131,45.6808]]],[[[3.2154,45.6848],[3.2173,45.6878],[3.2128,45.6878],[3.2165,45.6895],[3.2035,45.6892],[3.2031,45.6846],[3.2154,45.6848]]]]}},{"type":"Feature","properties":{"landuse":"green_public_spaces"},"geometry":{"type":"Polygon","coordinates":[[[3.0898,45.7735],[3.0871,45.7737],[3.0871,45.771],[3.0898,45.7735]]]}},{"type":"Feature","properties":{"landuse":"green_public_spaces"},"geometry":{"type":"Polygon","coordinates":[[[3.8843,45.0383],[3.8848,45.0408],[3.882,45.0385],[3.8843,45.0383]]]}},{"type":"Feature","properties":{"landuse":"green_public_spaces"},"geometry":{"type":"Polygon","coordinates":[[[3.1163,45.7662],[3.1121,45.7661],[3.1159,45.7653],[3.1163,45.7662]]]}},{"type":"Feature","properties":{"landuse":"green_public_spaces"},"geometry":{"type":"Polygon","coordinates":[[[3.0991,45.755],[3.097,45.7533],[3.1009,45.7563],[3.0991,45.755]]]}},{"type":"Feature","properties":{"landuse":"farmland"},"geometry":{"type":"Polygon","coordinates":[[[3.8813,45.0194],[3.881,45.0173],[3.8782,45.0253],[3.8713,45.0229],[3.876,45.0123],[3.878,45.0185],[3.8796,45.0137],[3.8668,45.0035],[3.8719,45.0044],[3.8702,45.0029],[3.8576,44.999],[3.8568,44.9949],[3.8483,44.9911],[3.8471,44.9874],[3.8543,44.9867],[3.8556,44.9902],[3.8668,44.9926],[3.8662,44.9989],[3.8701,45.0005],[3.8742,45.0002],[3.8668,44.9947],[3.8755,44.9921],[3.8803,44.994],[3.8806,44.9995],[3.8733,45.0009],[3.8846,45.0149],[3.89,45.0154],[3.8803,45.0057],[3.8965,45.0117],[3.8924,45.0149],[3.8957,45.0161],[3.8945,45.0197],[3.8842,45.0169],[3.8813,45.0194]]]}},{"type":"Feature","properties":{"landuse":"farmland"},"geometry":{"type":"Polygon","coordinates":[[[2.6051,46.5498],[2.6034,46.5541],[2.6001,46.553],[2.6019,46.5498],[2.5937,46.5496],[2.5951,46.5517],[2.5876,46.5488],[2.5936,46.5478],[2.5943,46.5435],[2.6051,46.5498]]]}},{"type":"Feature","properties":{"landuse":"farmland"},"geometry":{"type":"Polygon","coordinates":[[[3.7155,46.6196],[3.711,46.6213],[3.7093,46.6285],[3.7054,46.6242],[3.7083,46.6287],[3.7063,46.6295],[3.7005,46.6205],[3.6953,46.6259],[3.6844,46.6203],[3.6801,46.6212],[3.6845,46.6232],[3.6766,46.6244],[3.6787,46.6169],[3.6901,46.6173],[3.689,46.6136],[3.6964,46.6125],[3.6993,46.6088],[3.7098,46.6123],[3.7155,46.6196]]]}},{"type":"Feature","properties":{"landuse":"farmland"},"geometry":{"type":"Polygon","coordinates":[[[3.744,46.6045],[3.7396,46.6032],[3.7456,46.6016],[3.744,46.6045]]]}},{"type":"Feature","properties":{"landuse":"farmland"},"geometry":{"type":"Polygon","coordinates":[[[3.3699,46.2952],[3.3667,46.2923],[3.3699,46.2906],[3.3676,46.2905],[3.3688,46.2879],[3.3551,46.2872],[3.3443,46.2751],[3.3475,46.2733],[3.3729,46.2825],[3.3694,46.2854],[3.3723,46.2865],[3.376,46.2828],[3.3803,46.2844],[3.3815,46.2816],[3.3774,46.278],[3.3853,46.2807],[3.376,46.2901],[3.3914,46.2871],[3.3813,46.296],[3.3724,46.2939],[3.3747,46.2974],[3.3789,46.2962],[3.3764,46.2976],[3.376,46.3133],[3.3577,46.3193],[3.3497,46.3167],[3.3464,46.3187],[3.345,46.311],[3.349,46.3126],[3.3528,46.3083],[3.3674,46.31],[3.3614,46.3043],[3.3645,46.2989],[3.3685,46.2997],[3.3667,46.2965],[3.3699,46.2952]]]}},{"type":"Feature","properties":{"landuse":"farmland"},"geometry":{"type":"Polygon","coordinates":[[[3.6091,46.2376],[3.6073,46.2444],[3.6052,46.2438],[3.6046,46.2376],[3.5988,46.2337],[3.606,46.233],[3.6055,46.2378],[3.6091,46.2376]]]}},{"type":"Feature","properties":{"landuse":"farmland"},"geometry":{"type":"Polygon","coordinates":[[[3.2845,45.8348],[3.272,45.836],[3.2688,45.8306],[3.2644,45.83],[3.2682,45.832],[3.2634,45.8327],[3.2584,45.8228],[3.2605,45.8205],[3.2624,45.8243],[3.2673,45.823],[3.2676,45.8267],[3.2742,45.8273],[3.2745,45.8224],[3.2796,45.826],[3.2791,45.8294],[3.2864,45.8287],[3.2845,45.8348]]]}},{"type":"Feature","properties":{"landuse":"vineyard"},"geometry":{"type":"Polygon","coordinates":[[[3.1317,45.7362],[3.1263,45.7383],[3.1323,45.7344],[3.1317,45.7362]]]}},{"type":"Feature","properties":{"landuse":"farmland"},"geometry":{"type":"Polygon","coordinates":[[[3.5391,45.7958],[3.5378,45.8021],[3.5306,45.8022],[3.5346,45.7997],[3.5353,45.7951],[3.532,45.7924],[3.5359,45.7897],[3.5438,45.7915],[3.5391,45.7958]]]}},{"type":"Feature","properties":{"landuse":"farmland"},"geometry":{"type":"Polygon","coordinates":[[[3.1437,45.7518],[3.145,45.7487],[3.153,45.7507],[3.1437,45.7518]]]}},{"type":"Feature","properties":{"landuse":"farmland"},"geometry":{"type":"Polygon","coordinates":[[[3.2146,45.6786],[3.2079,45.6794],[3.2094,45.6745],[3.2026,45.6777],[3.2108,45.6692],[3.2216,45.6723],[3.2146,45.6786]]]}},{"type":"Feature","properties":{"landuse":"farmland"},"geometry":{"type":"Polygon","coordinates":[[[3.3503,45.4027],[3.3504,45.4076],[3.3471,45.4085],[3.346,45.4046],[3.3503,45.4027]]]}},{"type":"Feature","properties":{"landuse":"farmland"},"geometry":{"type":"Polygon","coordinates":[[[2.7369,46.2826],[2.7285,46.2833],[2.7333,46.2811],[2.7305,46.2795],[2.7337,46.2755],[2.7418,46.2783],[2.7385,46.2813],[2.7412,46.2817],[2.7369,46.2826]]]}},{"type":"Feature","properties":{"landuse":"farmland"},"geometry":{"type":"Polygon","coordinates":[[[3.4276,46.1806],[3.4295,46.1781],[3.4355,46.1792],[3.4257,46.1817],[3.4276,46.1806]]]}},{"type":"Feature","properties":{"landuse":"farmland"},"geometry":{"type":"Polygon","coordinates":[[[3.1058,46.6506],[3.0886,46.6405],[3.081,46.6405],[3.0795,46.6333],[3.0838,46.6331],[3.0807,46.6309],[3.0851,46.6246],[3.077,46.6239],[3.0751,46.6215],[3.0782,46.6178],[3.0747,46.616],[3.0631,46.6136],[3.0598,46.6096],[3.046,46.6235],[3.0411,46.6246],[3.037,46.62],[3.0378,46.6153],[3.0454,46.6102],[3.0424,46.6086],[3.0473,46.6088],[3.0568,46.6027],[3.0624,46.6045],[3.0636,46.6104],[3.0693,46.6035],[3.0753,46.6099],[3.0697,46.6097],[3.0678,46.6129],[3.0809,46.6161],[3.0836,46.6076],[3.0991,46.6043],[3.0927,46.5974],[3.0985,46.5922],[3.0899,46.5867],[3.097,46.5857],[3.0991,46.5886],[3.1065,46.5861],[3.1079,46.5902],[3.1195,46.5924],[3.1165,46.5857],[3.1191,46.5847],[3.114,46.5853],[3.1085,46.5805],[3.0985,46.581],[3.0935,46.5714],[3.0852,46.5747],[3.0956,46.5662],[3.0931,46.5663],[3.0921,46.5618],[3.0874,46.5615],[3.0847,46.5521],[3.0937,46.554],[3.0929,46.5579],[3.1066,46.5665],[3.1028,46.5688],[3.1095,46.5716],[3.1038,46.5754],[3.1317,46.5882],[3.1177,46.5951],[3.1077,46.596],[3.104,46.6063],[3.1002,46.6046],[3.101,46.6065],[3.091,46.6102],[3.0907,46.6148],[3.0951,46.6195],[3.1066,46.6257],[3.107,46.6285],[3.0924,46.6342],[3.1097,46.6402],[3.0961,46.6436],[3.1023,46.6425],[3.1096,46.651],[3.1058,46.6506]]]}},{"type":"Feature","properties":{"landuse":"farmland"},"geometry":{"type":"Polygon","coordinates":[[[3.2235,45.2703],[3.2201,45.273],[3.2186,45.2637],[3.2165,45.2676],[3.2097,45.26],[3.2162,45.2543],[3.2112,45.2516],[3.2172,45.2508],[3.2244,45.2585],[3.2202,45.2578],[3.219,45.2627],[3.2235,45.2703]]]}},{"type":"Feature","properties":{"landuse":"farmland"},"geometry":{"type":"Polygon","coordinates":[[[2.624,46.3892],[2.6288,46.3904],[2.6271,46.3924],[2.6341,46.4001],[2.623,46.3997],[2.6181,46.4026],[2.6108,46.3981],[2.6101,46.3949],[2.6236,46.3911],[2.6138,46.3873],[2.6155,46.3859],[2.6202,46.3867],[2.6164,46.3854],[2.6247,46.3828],[2.6266,46.3853],[2.624,46.3892]]]}},{"type":"Feature","properties":{"landuse":"farmland"},"geometry":{"type":"Polygon","coordinates":[[[2.7661,46.3195],[2.7623,46.3108],[2.7738,46.3098],[2.7754,46.3118],[2.7703,46.3127],[2.7728,46.316],[2.7661,46.3195]]]}},{"type":"Feature","properties":{"landuse":"farmland"},"geometry":{"type":"Polygon","coordinates":[[[2.7716,46.3033],[2.7726,46.3008],[2.7763,46.304],[2.7717,46.3098],[2.7678,46.3099],[2.7716,46.3033]]]}},{"type":"Feature","properties":{"landuse":"farmland"},"geometry":{"type":"Polygon","coordinates":[[[2.7649,46.3046],[2.7594,46.3018],[2.7636,46.298],[2.7696,46.3023],[2.7649,46.3046]]]}},{"type":"Feature","properties":{"landuse":"farmland"},"geometry":{"type":"Polygon","coordinates":[[[3.297,46.5875],[3.2924,46.5815],[3.2892,46.5837],[3.2945,46.5858],[3.2952,46.5895],[3.2908,46.5927],[3.274,46.5943],[3.2893,46.5794],[3.3005,46.5758],[3.2991,46.5718],[3.3027,46.5704],[3.3041,46.575],[3.297,46.5875]]]}},{"type":"Feature","properties":{"landuse":"farmland"},"geometry":{"type":"Polygon","coordinates":[[[3.4251,46.3026],[3.4092,46.309],[3.4152,46.2984],[3.4252,46.3004],[3.4251,46.3026]]]}},{"type":"Feature","properties":{"landuse":"farmland"},"geometry":{"type":"Polygon","coordinates":[[[3.468,45.9886],[3.4636,45.9816],[3.4673,45.9801],[3.4659,45.9769],[3.4732,45.9748],[3.468,45.9886]]]}},{"type":"Feature","properties":{"landuse":"farmland"},"geometry":{"type":"Polygon","coordinates":[[[3.1022,45.9781],[3.087,45.9768],[3.0985,45.9737],[3.1022,45.9781]]]}},{"type":"Feature","properties":{"landuse":"farmland"},"geometry":{"type":"Polygon","coordinates":[[[3.4849,45.9666],[3.4836,45.9645],[3.4946,45.9624],[3.5015,45.9642],[3.5087,45.9666],[3.5063,45.9712],[3.5092,45.973],[3.5038,45.9746],[3.501,45.9712],[3.5041,45.9691],[3.4973,45.9652],[3.4849,45.9666]]]}},{"type":"Feature","properties":{"landuse":"farmland"},"geometry":{"type":"Polygon","coordinates":[[[3.2158,45.6523],[3.2094,45.6544],[3.2085,45.6516],[3.2045,45.6546],[3.2024,45.6526],[3.2056,45.6573],[3.1991,45.6534],[3.2051,45.6484],[3.2103,45.6496],[3.2072,45.6482],[3.2104,45.6468],[3.2113,45.6394],[3.2163,45.6374],[3.2171,45.6421],[3.2128,45.6414],[3.2122,45.6483],[3.2185,45.6496],[3.2158,45.6523]]]}},{"type":"Feature","properties":{"landuse":"farmland"},"geometry":{"type":"Polygon","coordinates":[[[3.2408,45.6338],[3.2403,45.6299],[3.2464,45.6308],[3.2449,45.6264],[3.2338,45.6238],[3.2378,45.6156],[3.2423,45.6174],[3.238,45.6211],[3.2489,45.6237],[3.2465,45.6289],[3.2517,45.6283],[3.244,45.6414],[3.2397,45.6389],[3.2408,45.6338]]]}},{"type":"Feature","properties":{"landuse":"farmland"},"geometry":{"type":"Polygon","coordinates":[[[3.288,45.536],[3.2827,45.5405],[3.2858,45.5345],[3.288,45.536]]]}},{"type":"Feature","properties":{"landuse":"farmland"},"geometry":{"type":"Polygon","coordinates":[[[3.7864,45.0767],[3.7891,45.0827],[3.7855,45.0822],[3.7829,45.0871],[3.7782,45.0864],[3.7756,45.0819],[3.7789,45.0707],[3.7864,45.0767]]]}},{"type":"Feature","properties":{"landuse":"farmland"},"geometry":{"type":"Polygon","coordinates":[[[3.8685,45.0216],[3.8698,45.0218],[3.8632,45.0216],[3.8685,45.0216]]]}},{"type":"Feature","properties":{"landuse":"farmland"},"geometry":{"type":"Polygon","coordinates":[[[3.7415,46.6167],[3.7422,46.6148],[3.7534,46.6157],[3.7415,46.6167]]]}},{"type":"Feature","properties":{"landuse":"farmland"},"geometry":{"type":"Polygon","coordinates":[[[3.4543,45.9861],[3.4558,45.9885],[3.4508,45.9904],[3.4411,45.9819],[3.4469,45.9862],[3.4543,45.9861]]]}},{"type":"Feature","properties":{"landuse":"farmland"},"geometry":{"type":"Polygon","coordinates":[[[2.749,46.3295],[2.7382,46.3266],[2.7375,46.3301],[2.7303,46.33],[2.7274,46.3271],[2.7415,46.3234],[2.749,46.3295]]]}},{"type":"Feature","properties":{"landuse":"farmland"},"geometry":{"type":"Polygon","coordinates":[[[2.7105,46.2956],[2.7043,46.2922],[2.7073,46.2874],[2.703,46.284],[2.7115,46.2796],[2.7158,46.2827],[2.7132,46.287],[2.7153,46.2886],[2.7094,46.2903],[2.7163,46.2944],[2.7105,46.2956]]]}},{"type":"Feature","properties":{"landuse":"farmland"},"geometry":{"type":"Polygon","coordinates":[[[3.3789,46.3485],[3.3742,46.3536],[3.3778,46.357],[3.3732,46.3583],[3.3662,46.3568],[3.3683,46.3538],[3.3657,46.3504],[3.3556,46.3489],[3.3673,46.3375],[3.3624,46.3345],[3.3684,46.3278],[3.3765,46.3262],[3.3666,46.3227],[3.3831,46.3181],[3.3874,46.3213],[3.3854,46.327],[3.3796,46.3302],[3.3844,46.3319],[3.3789,46.339],[3.3789,46.3485]]]}},{"type":"Feature","properties":{"landuse":"farmland"},"geometry":{"type":"Polygon","coordinates":[[[3.4311,46.2213],[3.4209,46.2201],[3.4216,46.2167],[3.4314,46.2133],[3.4295,46.214],[3.4327,46.2165],[3.4291,46.2162],[3.4318,46.2173],[3.4311,46.2213]]]}},{"type":"Feature","properties":{"landuse":"farmland"},"geometry":{"type":"Polygon","coordinates":[[[3.0819,45.9914],[3.0744,45.9854],[3.0787,45.9879],[3.0851,45.9829],[3.0854,45.9894],[3.09,45.9872],[3.0892,45.9849],[3.0947,45.9864],[3.0944,45.99],[3.0762,45.9945],[3.0819,45.9914]]]}},{"type":"Feature","properties":{"landuse":"farmland"},"geometry":{"type":"Polygon","coordinates":[[[3.0946,45.9149],[3.1013,45.9109],[3.0963,45.9072],[3.1018,45.9078],[3.104,45.9048],[3.1125,45.9059],[3.1133,45.9029],[3.1195,45.9025],[3.1207,45.9078],[3.1241,45.9076],[3.1187,45.9221],[3.1103,45.9257],[3.0912,45.9226],[3.0804,45.9169],[3.0831,45.911],[3.0887,45.9157],[3.0946,45.9149]]]}},{"type":"Feature","properties":{"landuse":"farmland"},"geometry":{"type":"Polygon","coordinates":[[[3.4935,45.8663],[3.4858,45.862],[3.4894,45.8589],[3.4918,45.8622],[3.4921,45.86],[3.4998,45.8614],[3.4935,45.8663]]]}},{"type":"Feature","properties":{"landuse":"farmland"},"geometry":{"type":"Polygon","coordinates":[[[3.0894,45.8232],[3.0854,45.8177],[3.0896,45.8199],[3.0878,45.8167],[3.0922,45.8162],[3.0905,45.8196],[3.0949,45.8204],[3.0926,45.8265],[3.0875,45.8241],[3.0894,45.8232]]]}},{"type":"Feature","properties":{"landuse":"farmland"},"geometry":{"type":"Polygon","coordinates":[[[3.5408,45.7777],[3.5379,45.7695],[3.5436,45.7756],[3.5408,45.7777]]]}},{"type":"Feature","properties":{"landuse":"farmland"},"geometry":{"type":"Polygon","coordinates":[[[3.2336,45.731],[3.2357,45.7348],[3.2324,45.7353],[3.2318,45.7403],[3.2257,45.7375],[3.2261,45.735],[3.2215,45.7361],[3.2224,45.7325],[3.2157,45.7287],[3.2336,45.731]]]}},{"type":"Feature","properties":{"landuse":"farmland"},"geometry":{"type":"Polygon","coordinates":[[[3.3561,45.7153],[3.3501,45.7206],[3.3476,45.7146],[3.3561,45.7153]]]}},{"type":"Feature","properties":{"landuse":"farmland"},"geometry":{"type":"Polygon","coordinates":[[[3.9489,45.0346],[3.9355,45.0407],[3.9386,45.036],[3.9403,45.038],[3.942,45.0326],[3.9484,45.0316],[3.9489,45.0346]]]}},{"type":"Feature","properties":{"landuse":"farmland"},"geometry":{"type":"Polygon","coordinates":[[[3.2956,45.565],[3.2921,45.564],[3.2906,45.5582],[3.2839,45.5604],[3.2875,45.5578],[3.2858,45.5522],[3.2916,45.5441],[3.2861,45.541],[3.2951,45.5377],[3.3028,45.5398],[3.3028,45.5454],[3.3064,45.5448],[3.3109,45.5495],[3.3035,45.5536],[3.3138,45.5572],[3.3121,45.569],[3.3079,45.5706],[3.2956,45.565]]]}},{"type":"Feature","properties":{"landuse":"farmland"},"geometry":{"type":"Polygon","coordinates":[[[3.1876,45.2507],[3.1792,45.2436],[3.1674,45.2405],[3.1718,45.2344],[3.1855,45.2401],[3.1847,45.2428],[3.1896,45.2457],[3.1876,45.2507]]]}},{"type":"Feature","properties":{"landuse":"farmland"},"geometry":{"type":"Polygon","coordinates":[[[3.5051,45.1068],[3.5084,45.1022],[3.5208,45.0971],[3.5205,45.0992],[3.5284,45.0998],[3.5242,45.1055],[3.5169,45.1024],[3.5135,45.1043],[3.5146,45.1067],[3.5051,45.1068]]]}},{"type":"Feature","properties":{"landuse":"farmland"},"geometry":{"type":"Polygon","coordinates":[[[3.3403,45.4044],[3.3447,45.4155],[3.3384,45.4118],[3.3347,45.4045],[3.3373,45.401],[3.3403,45.4044]]]}},{"type":"Feature","properties":{"landuse":"farmland"},"geometry":{"type":"Polygon","coordinates":[[[2.6507,46.5432],[2.6522,46.5473],[2.6428,46.5427],[2.6507,46.5432]]]}},{"type":"Feature","properties":{"landuse":"farmland"},"geometry":{"type":"Polygon","coordinates":[[[2.6445,46.5382],[2.6377,46.5338],[2.6411,46.5335],[2.6448,46.5275],[2.6512,46.5307],[2.6445,46.5382]]]}},{"type":"Feature","properties":{"landuse":"farmland"},"geometry":{"type":"Polygon","coordinates":[[[2.6239,46.3032],[2.6181,46.3064],[2.6131,46.3033],[2.6157,46.2929],[2.6203,46.2886],[2.6233,46.2921],[2.616,46.2992],[2.6226,46.2994],[2.6239,46.3032]]]}},{"type":"Feature","properties":{"landuse":"farmland"},"geometry":{"type":"Polygon","coordinates":[[[3.7194,46.6075],[3.7245,46.6106],[3.7229,46.6126],[3.7269,46.6121],[3.725,46.6107],[3.7282,46.6082],[3.7338,46.6161],[3.7232,46.6195],[3.7208,46.6178],[3.7248,46.6157],[3.7232,46.6132],[3.7186,46.6156],[3.7148,46.6118],[3.7194,46.6075]]]}},{"type":"Feature","properties":{"landuse":"farmland"},"geometry":{"type":"Polygon","coordinates":[[[3.7002,46.5479],[3.7097,46.5511],[3.7062,46.5518],[3.7099,46.5513],[3.7116,46.5553],[3.6967,46.554],[3.6919,46.5592],[3.6923,46.5535],[3.6858,46.5589],[3.6811,46.5574],[3.683,46.5502],[3.6611,46.5512],[3.6641,46.5479],[3.662,46.5449],[3.6557,46.5477],[3.6575,46.5402],[3.6707,46.5373],[3.6678,46.541],[3.6821,46.5403],[3.6853,46.547],[3.6964,46.5451],[3.6994,46.54],[3.7028,46.5431],[3.6982,46.5451],[3.6979,46.5486],[3.7002,46.5479]]]}},{"type":"Feature","properties":{"landuse":"farmland"},"geometry":{"type":"Polygon","coordinates":[[[3.3822,46.5555],[3.3871,46.5579],[3.386,46.5635],[3.3779,46.5596],[3.3802,46.5573],[3.3767,46.556],[3.3822,46.5555]]]}},{"type":"Feature","properties":{"landuse":"farmland"},"geometry":{"type":"Polygon","coordinates":[[[3.3207,46.5529],[3.3167,46.5519],[3.3172,46.5491],[3.307,46.5482],[3.3072,46.5417],[3.3022,46.5372],[3.3109,46.5392],[3.309,46.5432],[3.3124,46.5452],[3.3133,46.5395],[3.3195,46.5387],[3.3207,46.5529]]]}},{"type":"Feature","properties":{"landuse":"farmland"},"geometry":{"type":"Polygon","coordinates":[[[3.4023,46.1588],[3.3966,46.1526],[3.3973,46.1453],[3.4025,46.1421],[3.4066,46.1427],[3.4021,46.1499],[3.4068,46.1526],[3.4023,46.1588]]]}},{"type":"Feature","properties":{"landuse":"farmland"},"geometry":{"type":"Polygon","coordinates":[[[3.447,46.0826],[3.4422,46.0787],[3.4529,46.0766],[3.4495,46.0801],[3.4538,46.081],[3.4529,46.0828],[3.447,46.0826]]]}},{"type":"Feature","properties":{"landuse":"farmland"},"geometry":{"type":"Polygon","coordinates":[[[3.4993,45.9846],[3.5005,45.9872],[3.4967,45.9893],[3.4775,45.9931],[3.4727,45.9887],[3.4741,45.9731],[3.4768,45.9705],[3.4802,45.985],[3.4853,45.985],[3.4871,45.9886],[3.487,45.9863],[3.4993,45.9846]]]}},{"type":"Feature","properties":{"landuse":"farmland"},"geometry":{"type":"Polygon","coordinates":[[[3.3419,45.9034],[3.3341,45.9034],[3.3314,45.8942],[3.3354,45.8929],[3.3347,45.8991],[3.3405,45.8993],[3.3419,45.9034]]]}},{"type":"Feature","properties":{"landuse":"farmland"},"geometry":{"type":"Polygon","coordinates":[[[3.4738,45.8442],[3.4703,45.8524],[3.4723,45.8535],[3.4697,45.8544],[3.47,45.8435],[3.465,45.8445],[3.4649,45.8422],[3.4678,45.8397],[3.4738,45.8442]]]}},{"type":"Feature","properties":{"landuse":"farmland"},"geometry":{"type":"Polygon","coordinates":[[[3.8716,44.9835],[3.8733,44.9854],[3.8789,44.9811],[3.8712,44.9892],[3.8662,44.9889],[3.8719,44.9873],[3.8716,44.9835]]]}},{"type":"Feature","properties":{"landuse":"farmland"},"geometry":{"type":"Polygon","coordinates":[[[3.8501,44.9826],[3.8565,44.9784],[3.8629,44.98],[3.8593,44.9832],[3.8693,44.9821],[3.867,44.987],[3.8617,44.9854],[3.8608,44.9902],[3.8543,44.985],[3.8503,44.9859],[3.8501,44.9826]]]}},{"type":"Feature","properties":{"landuse":"farmland"},"geometry":{"type":"Polygon","coordinates":[[[3.1933,45.6671],[3.1855,45.6667],[3.1792,45.6601],[3.19,45.6655],[3.1873,45.6636],[3.1919,45.6638],[3.1933,45.6671]]]}},{"type":"Feature","properties":{"landuse":"green_public_spaces"},"geometry":{"type":"Polygon","coordinates":[[[2.9347,45.5104],[2.9365,45.5107],[2.9349,45.5115],[2.9347,45.5104]]]}},{"type":"Feature","properties":{"landuse":"green_public_spaces"},"geometry":{"type":"Polygon","coordinates":[[[3.2889,46.5588],[3.287,46.5568],[3.2948,46.5564],[3.2889,46.5588]]]}},{"type":"Feature","properties":{"landuse":"green_public_spaces"},"geometry":{"type":"Polygon","coordinates":[[[3.3108,46.5837],[3.3158,46.5799],[3.3198,46.5813],[3.3108,46.5837]]]}},{"type":"Feature","properties":{"landuse":"green_public_spaces"},"geometry":{"type":"Polygon","coordinates":[[[3.3483,46.5662],[3.3488,46.5646],[3.3503,46.5657],[3.3483,46.5662]]]}},{"type":"Feature","properties":{"landuse":"green_public_spaces"},"geometry":{"type":"Polygon","coordinates":[[[3.3506,46.5498],[3.3564,46.5492],[3.3573,46.5523],[3.3529,46.5546],[3.3548,46.5512],[3.3506,46.5498]]]}},{"type":"Feature","properties":{"landuse":"green_public_spaces"},"geometry":{"type":"Polygon","coordinates":[[[3.3627,46.5517],[3.3644,46.5508],[3.3641,46.5535],[3.3627,46.5517]]]}},{"type":"Feature","properties":{"landuse":"farmland"},"geometry":{"type":"Polygon","coordinates":[[[3.368,46.5461],[3.3721,46.5486],[3.3675,46.5483],[3.368,46.5461]]]}},{"type":"Feature","properties":{"landuse":"green_public_spaces"},"geometry":{"type":"Polygon","coordinates":[[[3.3633,46.562],[3.3558,46.5613],[3.36,46.5596],[3.3633,46.562]]]}},{"type":"Feature","properties":{"landuse":"farmland"},"geometry":{"type":"Polygon","coordinates":[[[3.1166,45.7391],[3.1191,45.7386],[3.1184,45.7396],[3.1166,45.7391]]]}},{"type":"Feature","properties":{"landuse":"farmland"},"geometry":{"type":"Polygon","coordinates":[[[3.4511,46.1943],[3.4541,46.1961],[3.4515,46.1958],[3.4511,46.1943]]]}},{"type":"Feature","properties":{"landuse":"farmland"},"geometry":{"type":"Polygon","coordinates":[[[3.1173,45.7434],[3.1185,45.7406],[3.1199,45.7423],[3.1173,45.7434]]]}},{"type":"Feature","properties":{"landuse":"green_public_spaces"},"geometry":{"type":"Polygon","coordinates":[[[3.1,45.75],[3.1005,45.7532],[3.0979,45.7499],[3.1,45.75]]]}},{"type":"Feature","properties":{"landuse":"farmland"},"geometry":{"type":"Polygon","coordinates":[[[3.2808,45.7936],[3.2823,45.7986],[3.2727,45.8021],[3.2784,45.8034],[3.2758,45.8033],[3.2789,45.8043],[3.2765,45.8082],[3.2718,45.805],[3.2747,45.8068],[3.2724,45.811],[3.2639,45.8086],[3.2686,45.8047],[3.2621,45.802],[3.274,45.8006],[3.2808,45.7936]]]}},{"type":"Feature","properties":{"landuse":"farmland"},"geometry":{"type":"Polygon","coordinates":[[[3.1472,45.7757],[3.1475,45.7786],[3.1415,45.7789],[3.1426,45.7736],[3.1468,45.7723],[3.1472,45.7757]]]}},{"type":"Feature","properties":{"landuse":"vineyard"},"geometry":{"type":"Polygon","coordinates":[[[3.2738,46.3144],[3.2735,46.3135],[3.2746,46.3133],[3.2738,46.3144]]]}},{"type":"Feature","properties":{"landuse":"vineyard"},"geometry":{"type":"Polygon","coordinates":[[[3.2687,46.3142],[3.2714,46.3138],[3.2689,46.3153],[3.2687,46.3142]]]}},{"type":"Feature","properties":{"landuse":"vineyard"},"geometry":{"type":"Polygon","coordinates":[[[3.2765,46.3147],[3.2759,46.313],[3.2773,46.3146],[3.2765,46.3147]]]}},{"type":"Feature","properties":{"landuse":"vineyard"},"geometry":{"type":"Polygon","coordinates":[[[3.275,46.3177],[3.277,46.3166],[3.2769,46.3178],[3.275,46.3177]]]}},{"type":"Feature","properties":{"landuse":"vineyard"},"geometry":{"type":"Polygon","coordinates":[[[3.2892,46.3293],[3.2899,46.3293],[3.2895,46.3307],[3.2892,46.3293]]]}},{"type":"Feature","properties":{"landuse":"vineyard"},"geometry":{"type":"Polygon","coordinates":[[[3.2916,46.3297],[3.2942,46.3337],[3.2907,46.3343],[3.2891,46.3317],[3.2916,46.3297]]]}},{"type":"Feature","properties":{"landuse":"vineyard"},"geometry":{"type":"Polygon","coordinates":[[[3.2964,46.327],[3.2944,46.3263],[3.2969,46.3247],[3.2964,46.327]]]}},{"type":"Feature","properties":{"landuse":"farmland"},"geometry":{"type":"Polygon","coordinates":[[[3.3277,46.4475],[3.3246,46.4568],[3.3207,46.4572],[3.3231,46.4482],[3.3156,46.4317],[3.3198,46.4368],[3.326,46.4385],[3.3277,46.4475]]]}},{"type":"Feature","properties":{"landuse":"green_public_spaces"},"geometry":{"type":"Polygon","coordinates":[[[3.5426,45.8513],[3.5426,45.8506],[3.5443,45.8504],[3.5426,45.8513]]]}},{"type":"Feature","properties":{"landuse":"farmland"},"geometry":{"type":"Polygon","coordinates":[[[3.9549,45.0486],[3.9526,45.0474],[3.9553,45.0438],[3.9516,45.0465],[3.9529,45.0429],[3.9496,45.0399],[3.9557,45.035],[3.9589,45.0458],[3.9549,45.0486]]]}},{"type":"Feature","properties":{"landuse":"green_public_spaces"},"geometry":{"type":"Polygon","coordinates":[[[3.5414,45.8478],[3.5395,45.8486],[3.5402,45.8471],[3.5414,45.8478]]]}},{"type":"Feature","properties":{"landuse":"green_public_spaces"},"geometry":{"type":"Polygon","coordinates":[[[2.7386,45.587],[2.7417,45.5829],[2.7457,45.5816],[2.7386,45.587]]]}},{"type":"Feature","properties":{"landuse":"farmland"},"geometry":{"type":"Polygon","coordinates":[[[3.3748,46.547],[3.383,46.546],[3.3879,46.5492],[3.3748,46.547]]]}},{"type":"Feature","properties":{"landuse":"farmland"},"geometry":{"type":"Polygon","coordinates":[[[3.4265,46.2337],[3.4258,46.2314],[3.4327,46.2299],[3.4321,46.2328],[3.4265,46.2337]]]}},{"type":"Feature","properties":{"landuse":"farmland"},"geometry":{"type":"Polygon","coordinates":[[[3.4342,46.2338],[3.4358,46.2321],[3.436,46.2329],[3.4342,46.2338]]]}},{"type":"Feature","properties":{"landuse":"farmland"},"geometry":{"type":"Polygon","coordinates":[[[3.4339,46.2305],[3.4339,46.2324],[3.4328,46.2304],[3.4339,46.2305]]]}},{"type":"Feature","properties":{"landuse":"greenhouse_horticulture"},"geometry":{"type":"Polygon","coordinates":[[[3.3976,46.1584],[3.3992,46.158],[3.3998,46.1593],[3.3976,46.1584]]]}},{"type":"Feature","properties":{"landuse":"farmland"},"geometry":{"type":"Polygon","coordinates":[[[3.4014,46.1733],[3.3948,46.1655],[3.3993,46.1682],[3.4014,46.1733]]]}},{"type":"Feature","properties":{"landuse":"farmland"},"geometry":{"type":"Polygon","coordinates":[[[3.4066,46.1746],[3.4047,46.164],[3.4078,46.1657],[3.4066,46.1746]]]}},{"type":"Feature","properties":{"landuse":"green_public_spaces"},"geometry":{"type":"Polygon","coordinates":[[[3.6821,46.5187],[3.6818,46.517],[3.6841,46.5189],[3.6821,46.5187]]]}},{"type":"Feature","properties":{"landuse":"green_public_spaces"},"geometry":{"type":"Polygon","coordinates":[[[3.682,46.5169],[3.6787,46.5132],[3.6784,46.5087],[3.682,46.5169]]]}},{"type":"Feature","properties":{"landuse":"orchard"},"geometry":{"type":"Polygon","coordinates":[[[3.361,46.4633],[3.3601,46.4598],[3.3611,46.46],[3.361,46.4633]]]}},{"type":"Feature","properties":{"landuse":"green_public_spaces"},"geometry":{"type":"Polygon","coordinates":[[[3.0523,46.5832],[3.0481,46.5825],[3.0503,46.5814],[3.0485,46.5805],[3.0523,46.5832]]]}},{"type":"Feature","properties":{"landuse":"green_public_spaces"},"geometry":{"type":"Polygon","coordinates":[[[2.6254,44.9773],[2.6224,44.9747],[2.6285,44.9771],[2.6254,44.9773]]]}},{"type":"Feature","properties":{"landuse":"green_public_spaces"},"geometry":{"type":"Polygon","coordinates":[[[3.1032,45.8145],[3.1012,45.8139],[3.1059,45.8122],[3.1032,45.8145]]]}},{"type":"Feature","properties":{"landuse":"green_public_spaces"},"geometry":{"type":"Polygon","coordinates":[[[3.1262,45.8129],[3.1263,45.811],[3.1273,45.813],[3.1262,45.8129]]]}},{"type":"Feature","properties":{"landuse":"green_public_spaces"},"geometry":{"type":"Polygon","coordinates":[[[3.1263,45.8106],[3.1262,45.808],[3.1277,45.809],[3.1263,45.8106]]]}},{"type":"Feature","properties":{"landuse":"green_public_spaces"},"geometry":{"type":"Polygon","coordinates":[[[3.1223,45.8001],[3.1241,45.7993],[3.1253,45.8014],[3.1223,45.8001]]]}},{"type":"Feature","properties":{"landuse":"green_public_spaces"},"geometry":{"type":"Polygon","coordinates":[[[3.1184,45.8085],[3.1191,45.8078],[3.1198,45.81],[3.1184,45.8085]]]}},{"type":"Feature","properties":{"landuse":"green_public_spaces"},"geometry":{"type":"Polygon","coordinates":[[[3.1429,45.8181],[3.1409,45.8171],[3.1425,45.8167],[3.1429,45.8181]]]}},{"type":"Feature","properties":{"landuse":"green_public_spaces"},"geometry":{"type":"Polygon","coordinates":[[[3.1623,45.801],[3.1622,45.8004],[3.164,45.8014],[3.171,45.8014],[3.1623,45.801]]]}},{"type":"Feature","properties":{"landuse":"green_public_spaces"},"geometry":{"type":"Polygon","coordinates":[[[3.1188,45.7643],[3.1201,45.7653],[3.1192,45.7664],[3.1188,45.7643]]]}},{"type":"Feature","properties":{"landuse":"green_public_spaces"},"geometry":{"type":"Polygon","coordinates":[[[3.1328,45.7621],[3.132,45.7617],[3.1353,45.7606],[3.1328,45.7621]]]}},{"type":"Feature","properties":{"landuse":"green_public_spaces"},"geometry":{"type":"Polygon","coordinates":[[[3.0928,45.7673],[3.092,45.7681],[3.0894,45.7661],[3.0928,45.7673]]]}},{"type":"Feature","properties":{"landuse":"green_public_spaces"},"geometry":{"type":"Polygon","coordinates":[[[3.2025,45.7318],[3.2024,45.7312],[3.204,45.7315],[3.2025,45.7318]]]}},{"type":"Feature","properties":{"landuse":"green_public_spaces"},"geometry":{"type":"Polygon","coordinates":[[[3.0912,45.7466],[3.0932,45.7481],[3.089,45.7475],[3.0912,45.7466]]]}},{"type":"Feature","properties":{"landuse":"farmland"},"geometry":{"type":"Polygon","coordinates":[[[3.1887,45.6596],[3.1946,45.6591],[3.1912,45.6618],[3.1887,45.6596]]]}},{"type":"Feature","properties":{"landuse":"vineyard"},"geometry":{"type":"Polygon","coordinates":[[[3.1905,45.6576],[3.1914,45.6575],[3.1908,45.6587],[3.1905,45.6576]]]}},{"type":"Feature","properties":{"landuse":"farmland"},"geometry":{"type":"Polygon","coordinates":[[[3.3576,46.5308],[3.3524,46.5303],[3.353,46.5287],[3.3576,46.5308]]]}},{"type":"Feature","properties":{"landuse":"farmland"},"geometry":{"type":"Polygon","coordinates":[[[3.4227,45.3091],[3.4261,45.3075],[3.4221,45.307],[3.4213,45.3029],[3.4261,45.3025],[3.4208,45.2989],[3.4252,45.2965],[3.4385,45.3003],[3.434,45.306],[3.4406,45.3071],[3.4428,45.3111],[3.44,45.3109],[3.4438,45.3126],[3.4367,45.3149],[3.43,45.3087],[3.4263,45.3115],[3.4227,45.3091]]]}},{"type":"Feature","properties":{"landuse":"vineyard"},"geometry":{"type":"Polygon","coordinates":[[[3.1869,45.6552],[3.1881,45.6546],[3.1886,45.6553],[3.1869,45.6552]]]}},{"type":"Feature","properties":{"landuse":"vineyard"},"geometry":{"type":"Polygon","coordinates":[[[3.1845,45.6507],[3.1871,45.6504],[3.1835,45.6514],[3.1845,45.6507]]]}},{"type":"Feature","properties":{"landuse":"farmland"},"geometry":{"type":"Polygon","coordinates":[[[3.1814,45.6531],[3.185,45.6575],[3.1801,45.6566],[3.1814,45.6531]]]}},{"type":"Feature","properties":{"landuse":"vineyard"},"geometry":{"type":"Polygon","coordinates":[[[3.1784,45.6557],[3.1797,45.6518],[3.1818,45.6547],[3.1784,45.6557]]]}},{"type":"Feature","properties":{"landuse":"vineyard"},"geometry":{"type":"Polygon","coordinates":[[[3.1847,45.6552],[3.1837,45.6548],[3.1851,45.6531],[3.1847,45.6552]]]}},{"type":"Feature","properties":{"landuse":"green_public_spaces"},"geometry":{"type":"Polygon","coordinates":[[[3.6877,46.5192],[3.6863,46.5184],[3.6875,46.5177],[3.6877,46.5192]]]}},{"type":"Feature","properties":{"landuse":"green_public_spaces"},"geometry":{"type":"Polygon","coordinates":[[[3.0084,44.8566],[3.0082,44.8555],[3.0097,44.8555],[3.0084,44.8566]]]}},{"type":"Feature","properties":{"landuse":"green_public_spaces"},"geometry":{"type":"Polygon","coordinates":[[[3.3427,46.566],[3.3417,46.5658],[3.3441,46.5656],[3.3427,46.566]]]}},{"type":"Feature","properties":{"landuse":"farmland"},"geometry":{"type":"Polygon","coordinates":[[[3.1498,45.8304],[3.1499,45.8291],[3.1512,45.8297],[3.1498,45.8304]]]}},{"type":"Feature","properties":{"landuse":"farmland"},"geometry":{"type":"Polygon","coordinates":[[[3.5042,45.8239],[3.5034,45.8232],[3.5058,45.8201],[3.5042,45.8239]]]}},{"type":"Feature","properties":{"landuse":"farmland"},"geometry":{"type":"Polygon","coordinates":[[[3.085,45.7289],[3.0894,45.7298],[3.0869,45.731],[3.085,45.7289]]]}},{"type":"Feature","properties":{"landuse":"farmland"},"geometry":{"type":"Polygon","coordinates":[[[3.2928,46.2872],[3.2892,46.2921],[3.2793,46.2907],[3.2881,46.2883],[3.289,46.2831],[3.2917,46.2824],[3.2928,46.2872]]]}},{"type":"Feature","properties":{"landuse":"farmland"},"geometry":{"type":"Polygon","coordinates":[[[3.2928,46.2816],[3.3001,46.2805],[3.3039,46.2875],[3.2955,46.2908],[3.2928,46.2816]]]}},{"type":"Feature","properties":{"landuse":"farmland"},"geometry":{"type":"Polygon","coordinates":[[[3.4146,46.2357],[3.4034,46.2352],[3.4107,46.2331],[3.4082,46.2276],[3.4061,46.2325],[3.4015,46.2324],[3.4052,46.229],[3.3975,46.2246],[3.3993,46.218],[3.4027,46.2165],[3.3995,46.2125],[3.4154,46.2124],[3.4183,46.2298],[3.414,46.2293],[3.4146,46.2357]]]}},{"type":"Feature","properties":{"landuse":"farmland"},"geometry":{"type":"Polygon","coordinates":[[[3.4099,46.1934],[3.4155,46.1942],[3.412,46.1952],[3.4152,46.2122],[3.3995,46.2125],[3.3994,46.2066],[3.4044,46.2065],[3.4029,46.2121],[3.4063,46.2122],[3.4055,46.2093],[3.4091,46.2073],[3.4051,46.2042],[3.4096,46.1991],[3.4066,46.1943],[3.4099,46.1934]]]}},{"type":"Feature","properties":{"landuse":"farmland"},"geometry":{"type":"Polygon","coordinates":[[[3.3291,45.4459],[3.3265,45.444],[3.3365,45.4378],[3.3336,45.4425],[3.3386,45.4443],[3.3291,45.4459]]]}},{"type":"Feature","properties":{"landuse":"farmland"},"geometry":{"type":"Polygon","coordinates":[[[2.8933,46.1683],[2.8836,46.1693],[2.8839,46.1666],[2.8771,46.1645],[2.8732,46.1701],[2.8685,46.1699],[2.8785,46.163],[2.8933,46.1683]]]}},{"type":"Feature","properties":{"landuse":"farmland"},"geometry":{"type":"Polygon","coordinates":[[[2.8376,46.1765],[2.8377,46.1775],[2.8358,46.1773],[2.8376,46.1765]]]}},{"type":"Feature","properties":{"landuse":"farmland"},"geometry":{"type":"Polygon","coordinates":[[[2.8489,46.1681],[2.8527,46.1726],[2.8482,46.1735],[2.8489,46.1681]]]}},{"type":"Feature","properties":{"landuse":"green_public_spaces"},"geometry":{"type":"Polygon","coordinates":[[[2.4262,44.9182],[2.4282,44.9166],[2.4287,44.9179],[2.4262,44.9182]]]}},{"type":"Feature","properties":{"landuse":"green_public_spaces"},"geometry":{"type":"Polygon","coordinates":[[[2.4324,44.9084],[2.4337,44.9088],[2.432,44.9102],[2.4324,44.9084]]]}},{"type":"Feature","properties":{"landuse":"farmland"},"geometry":{"type":"Polygon","coordinates":[[[3.2165,45.6355],[3.2151,45.6367],[3.2141,45.6354],[3.2165,45.6355]]]}},{"type":"Feature","properties":{"landuse":"farmland"},"geometry":{"type":"Polygon","coordinates":[[[3.1966,45.6761],[3.1945,45.6746],[3.1965,45.6751],[3.1966,45.6761]]]}},{"type":"Feature","properties":{"landuse":"farmland"},"geometry":{"type":"Polygon","coordinates":[[[3.1967,45.6742],[3.2056,45.6708],[3.2008,45.6754],[3.1974,45.6767],[3.1967,45.6742]]]}},{"type":"Feature","properties":{"landuse":"vineyard"},"geometry":{"type":"Polygon","coordinates":[[[3.1909,45.6717],[3.1907,45.6743],[3.1878,45.6743],[3.1909,45.6717]]]}},{"type":"Feature","properties":{"landuse":"farmland"},"geometry":{"type":"Polygon","coordinates":[[[3.1904,45.6709],[3.1995,45.6701],[3.1927,45.6755],[3.1904,45.6709]]]}},{"type":"Feature","properties":{"landuse":"farmland"},"geometry":{"type":"Polygon","coordinates":[[[3.187,45.6702],[3.1891,45.6694],[3.1899,45.6737],[3.1864,45.673],[3.1871,45.675],[3.1934,45.6782],[3.1793,45.6773],[3.1782,45.6713],[3.187,45.6702]]]}},{"type":"Feature","properties":{"landuse":"farmland"},"geometry":{"type":"Polygon","coordinates":[[[2.7049,45.5866],[2.6923,45.5875],[2.6943,45.5841],[2.6856,45.5886],[2.6971,45.58],[2.7077,45.584],[2.7049,45.5866]]]}},{"type":"Feature","properties":{"landuse":"farmland"},"geometry":{"type":"Polygon","coordinates":[[[2.7034,45.5811],[2.6976,45.5801],[2.6982,45.5771],[2.7126,45.5752],[2.7076,45.5791],[2.7118,45.5795],[2.7093,45.5829],[2.7034,45.5811]]]}},{"type":"Feature","properties":{"landuse":"farmland"},"geometry":{"type":"Polygon","coordinates":[[[2.717,45.5671],[2.7263,45.5663],[2.7281,45.5704],[2.7148,45.5702],[2.717,45.5671]]]}},{"type":"Feature","properties":{"landuse":"farmland"},"geometry":{"type":"Polygon","coordinates":[[[2.7222,45.6015],[2.7285,45.5995],[2.7272,45.6035],[2.717,45.6069],[2.7189,45.6017],[2.7222,45.6015]]]}},{"type":"Feature","properties":{"landuse":"farmland"},"geometry":{"type":"Polygon","coordinates":[[[2.7388,45.6039],[2.7507,45.6044],[2.7415,45.6106],[2.7325,45.6106],[2.7388,45.6039]]]}},{"type":"Feature","properties":{"landuse":"farmland"},"geometry":{"type":"Polygon","coordinates":[[[2.9459,45.5442],[2.9565,45.5444],[2.9572,45.5505],[2.9453,45.5484],[2.9482,45.5471],[2.9435,45.5453],[2.9459,45.5442]]]}},{"type":"Feature","properties":{"landuse":"farmland"},"geometry":{"type":"Polygon","coordinates":[[[2.9439,45.546],[2.9451,45.548],[2.9379,45.5479],[2.9387,45.5444],[2.9439,45.546]]]}},{"type":"Feature","properties":{"landuse":"farmland"},"geometry":{"type":"Polygon","coordinates":[[[3.0119,45.5769],[3.0052,45.5779],[3.0128,45.5739],[3.0171,45.579],[3.0119,45.5769]]]}},{"type":"Feature","properties":{"landuse":"green_public_spaces"},"geometry":{"type":"Polygon","coordinates":[[[3.1072,45.7739],[3.1057,45.7736],[3.1113,45.7743],[3.1072,45.7739]]]}},{"type":"Feature","properties":{"landuse":"farmland"},"geometry":{"type":"Polygon","coordinates":[[[2.9937,45.5854],[2.996,45.5852],[2.9945,45.5868],[2.9937,45.5854]]]}},{"type":"Feature","properties":{"landuse":"farmland"},"geometry":{"type":"Polygon","coordinates":[[[3.3656,45.8138],[3.3713,45.8199],[3.3656,45.8182],[3.3676,45.8237],[3.3635,45.8211],[3.364,45.8263],[3.3595,45.8263],[3.3544,45.8155],[3.3503,45.8202],[3.3584,45.8263],[3.3523,45.8259],[3.3536,45.83],[3.3584,45.8359],[3.368,45.8307],[3.3699,45.8333],[3.3758,45.8327],[3.3763,45.8352],[3.3724,45.8357],[3.3729,45.8409],[3.3804,45.8424],[3.382,45.8455],[3.3774,45.8481],[3.3647,45.8462],[3.3652,45.8431],[3.3587,45.8404],[3.3634,45.8448],[3.3448,45.8438],[3.3383,45.8453],[3.3392,45.8485],[3.3344,45.8468],[3.3372,45.8506],[3.3298,45.851],[3.3328,45.8567],[3.3226,45.8493],[3.3326,45.8605],[3.322,45.8603],[3.3188,45.8476],[3.3117,45.8419],[3.3167,45.8461],[3.311,45.8481],[3.3129,45.8446],[3.307,45.8413],[3.311,45.8438],[3.3092,45.8504],[3.3103,45.8473],[3.3188,45.849],[3.3188,45.8514],[3.3127,45.8519],[3.3183,45.8522],[3.3171,45.8585],[3.3096,45.8593],[3.3124,45.853],[3.3066,45.8532],[3.2985,45.8384],[3.2906,45.835],[3.2912,45.833],[3.2986,45.8363],[3.2964,45.8338],[3.2999,45.8294],[3.3053,45.8345],[3.3175,45.8321],[3.3144,45.8281],[3.3188,45.8267],[3.3181,45.8237],[3.3128,45.8246],[3.3119,45.8293],[3.3016,45.8259],[3.301,45.8148],[3.3044,45.8085],[3.3167,45.8084],[3.3146,45.807],[3.3166,45.8058],[3.3372,45.8145],[3.3384,45.8098],[3.3425,45.8097],[3.3402,45.809],[3.3437,45.8054],[3.3418,45.7986],[3.3656,45.8138]]]}},{"type":"Feature","properties":{"landuse":"farmland"},"geometry":{"type":"Polygon","coordinates":[[[3.3214,45.4222],[3.3239,45.4258],[3.3157,45.4382],[3.3089,45.4368],[3.3111,45.4341],[3.3085,45.4334],[3.306,45.4373],[3.3033,45.436],[3.3098,45.4257],[3.3084,45.4207],[3.3059,45.4214],[3.3076,45.4193],[3.3231,45.4191],[3.3116,45.422],[3.3214,45.4222]]]}},{"type":"Feature","properties":{"landuse":"farmland"},"geometry":{"type":"Polygon","coordinates":[[[3.3242,45.425],[3.3278,45.418],[3.3302,45.4217],[3.3335,45.4206],[3.3326,45.4261],[3.3242,45.425]]]}},{"type":"Feature","properties":{"landuse":"farmland"},"geometry":{"type":"Polygon","coordinates":[[[3.3067,45.3913],[3.3047,45.3982],[3.308,45.4009],[3.3083,45.4074],[3.3115,45.4066],[3.3084,45.4086],[3.3091,45.4122],[3.3139,45.4127],[3.311,45.4156],[3.3074,45.4135],[3.306,45.4182],[3.3084,45.419],[3.3002,45.4258],[3.2962,45.4207],[3.2944,45.4056],[3.2843,45.3958],[3.2837,45.3929],[3.2867,45.3923],[3.2841,45.3879],[3.2755,45.389],[3.2774,45.3866],[3.3055,45.3905],[3.3078,45.3882],[3.3067,45.3913]]]}},{"type":"Feature","properties":{"landuse":"farmland"},"geometry":{"type":"Polygon","coordinates":[[[3.8756,45.3199],[3.8725,45.3176],[3.8775,45.3167],[3.8756,45.3199]]]}},{"type":"Feature","properties":{"landuse":"farmland"},"geometry":{"type":"Polygon","coordinates":[[[3.791,45.0599],[3.7795,45.0611],[3.7725,45.0567],[3.7811,45.0533],[3.7807,45.0555],[3.7886,45.0564],[3.791,45.0599]]]}},{"type":"Feature","properties":{"landuse":"green_public_spaces"},"geometry":{"type":"Polygon","coordinates":[[[3.1063,45.8274],[3.1086,45.8255],[3.1095,45.8276],[3.1063,45.8274]]]}},{"type":"Feature","properties":{"landuse":"farmland"},"geometry":{"type":"Polygon","coordinates":[[[3.1119,45.8285],[3.1086,45.8281],[3.1122,45.8266],[3.1119,45.8285]]]}},{"type":"Feature","properties":{"landuse":"farmland"},"geometry":{"type":"Polygon","coordinates":[[[3.1106,45.8364],[3.1092,45.8297],[3.114,45.8292],[3.1174,45.8342],[3.1194,45.8277],[3.1372,45.8276],[3.1321,45.8288],[3.1361,45.8314],[3.1236,45.8302],[3.1258,45.8326],[3.119,45.8372],[3.1147,45.8359],[3.1129,45.8425],[3.1101,45.8425],[3.1106,45.8364]]]}},{"type":"Feature","properties":{"landuse":"farmland"},"geometry":{"type":"Polygon","coordinates":[[[3.4888,45.1289],[3.4915,45.1173],[3.4987,45.1226],[3.4958,45.1321],[3.4889,45.1371],[3.4888,45.1289]]]}},{"type":"Feature","properties":{"landuse":"farmland"},"geometry":{"type":"Polygon","coordinates":[[[3.4904,45.0945],[3.4926,45.0937],[3.4837,45.0988],[3.4869,45.099],[3.4783,45.1001],[3.4787,45.0949],[3.4741,45.0933],[3.4809,45.0918],[3.4825,45.0945],[3.4883,45.0864],[3.4851,45.083],[3.486,45.0791],[3.493,45.0795],[3.4914,45.0824],[3.4953,45.0859],[3.4994,45.0847],[3.4904,45.0945]]]}},{"type":"Feature","properties":{"landuse":"farmland"},"geometry":{"type":"Polygon","coordinates":[[[3.4862,45.1286],[3.4844,45.1361],[3.4869,45.1368],[3.4812,45.14],[3.4807,45.1304],[3.4854,45.1264],[3.4862,45.1286]]]}},{"type":"Feature","properties":{"landuse":"green_public_spaces"},"geometry":{"type":"Polygon","coordinates":[[[3.1373,45.7366],[3.137,45.7355],[3.139,45.7365],[3.1373,45.7366]]]}},{"type":"Feature","properties":{"landuse":"farmland"},"geometry":{"type":"Polygon","coordinates":[[[4.2483,45.2237],[4.2511,45.2239],[4.2498,45.2249],[4.2483,45.2237]]]}},{"type":"Feature","properties":{"landuse":"vineyard"},"geometry":{"type":"Polygon","coordinates":[[[3.1014,45.8029],[3.1014,45.802],[3.1029,45.802],[3.1014,45.8029]]]}},{"type":"Feature","properties":{"landuse":"farmland"},"geometry":{"type":"Polygon","coordinates":[[[4.305,45.1333],[4.3038,45.1328],[4.305,45.1321],[4.305,45.1333]]]}},{"type":"Feature","properties":{"landuse":"green_public_spaces"},"geometry":{"type":"Polygon","coordinates":[[[3.2626,45.5483],[3.264,45.5495],[3.2616,45.5499],[3.2626,45.5483]]]}},{"type":"Feature","properties":{"landuse":"green_public_spaces"},"geometry":{"type":"Polygon","coordinates":[[[3.2499,45.5515],[3.2485,45.5492],[3.2496,45.549],[3.2499,45.5515]]]}},{"type":"Feature","properties":{"landuse":"farmland"},"geometry":{"type":"Polygon","coordinates":[[[3.1773,45.724],[3.1791,45.7208],[3.184,45.7231],[3.1773,45.724]]]}},{"type":"Feature","properties":{"landuse":"farmland"},"geometry":{"type":"Polygon","coordinates":[[[3.1758,45.7228],[3.1716,45.7208],[3.1764,45.7201],[3.1758,45.7228]]]}},{"type":"Feature","properties":{"landuse":"farmland"},"geometry":{"type":"Polygon","coordinates":[[[3.1768,45.7219],[3.1766,45.7201],[3.1788,45.7207],[3.1768,45.7219]]]}},{"type":"Feature","properties":{"landuse":"farmland"},"geometry":{"type":"Polygon","coordinates":[[[3.0206,45.5483],[3.0149,45.5527],[3.001,45.553],[3.002,45.5564],[2.9948,45.5587],[2.9916,45.5525],[2.9847,45.5485],[2.9987,45.5489],[3.0104,45.544],[3.0206,45.5483]]]}},{"type":"Feature","properties":{"landuse":"farmland"},"geometry":{"type":"Polygon","coordinates":[[[3.2579,45.461],[3.2465,45.4551],[3.2537,45.4497],[3.2656,45.4525],[3.2579,45.461]]]}},{"type":"Feature","properties":{"landuse":"farmland"},"geometry":{"type":"Polygon","coordinates":[[[3.2583,45.4615],[3.2687,45.4483],[3.2694,45.4586],[3.2583,45.4615]]]}},{"type":"Feature","properties":{"landuse":"farmland"},"geometry":{"type":"Polygon","coordinates":[[[3.012,45.6002],[2.998,45.5997],[3.0076,45.5904],[3.0084,45.5951],[3.0131,45.5918],[3.0105,45.5957],[3.0197,45.5967],[3.0193,45.6017],[3.012,45.6002]]]}},{"type":"Feature","properties":{"landuse":"farmland"},"geometry":{"type":"Polygon","coordinates":[[[3.2622,45.5651],[3.2607,45.564],[3.2653,45.5643],[3.2622,45.5651]]]}},{"type":"Feature","properties":{"landuse":"green_public_spaces"},"geometry":{"type":"Polygon","coordinates":[[[3.3806,45.2923],[3.3819,45.2927],[3.3811,45.294],[3.3806,45.2923]]]}},{"type":"Feature","properties":{"landuse":"green_public_spaces"},"geometry":{"type":"Polygon","coordinates":[[[3.5416,45.7553],[3.5373,45.7528],[3.5391,45.7529],[3.5416,45.7553]]]}},{"type":"Feature","properties":{"landuse":"farmland"},"geometry":{"type":"Polygon","coordinates":[[[3.1782,45.724],[3.1828,45.7238],[3.1813,45.7268],[3.1782,45.724]]]}},{"type":"Feature","properties":{"landuse":"farmland"},"geometry":{"type":"Polygon","coordinates":[[[3.1445,45.7487],[3.1427,45.7519],[3.1372,45.7475],[3.1383,45.7437],[3.1229,45.7407],[3.1446,45.7443],[3.1445,45.7487]]]}},{"type":"Feature","properties":{"landuse":"farmland"},"geometry":{"type":"Polygon","coordinates":[[[3.1331,45.7414],[3.123,45.7396],[3.1336,45.7348],[3.1331,45.7414]]]}},{"type":"Feature","properties":{"landuse":"farmland"},"geometry":{"type":"Polygon","coordinates":[[[3.24,45.4627],[3.2459,45.4595],[3.2544,45.461],[3.2546,45.4638],[3.24,45.4627]]]}},{"type":"Feature","properties":{"landuse":"farmland"},"geometry":{"type":"Polygon","coordinates":[[[3.1393,45.7423],[3.1447,45.7412],[3.1398,45.7431],[3.1393,45.7423]]]}},{"type":"Feature","properties":{"landuse":"farmland"},"geometry":{"type":"Polygon","coordinates":[[[3.2253,45.7263],[3.2277,45.7295],[3.2252,45.7295],[3.2253,45.7263]]]}},{"type":"Feature","properties":{"landuse":"farmland"},"geometry":{"type":"Polygon","coordinates":[[[3.8972,45.0491],[3.8994,45.0498],[3.8982,45.0503],[3.8972,45.0491]]]}},{"type":"Feature","properties":{"landuse":"green_public_spaces"},"geometry":{"type":"Polygon","coordinates":[[[3.9146,45.0498],[3.9165,45.0499],[3.9164,45.0506],[3.9146,45.0498]]]}},{"type":"Feature","properties":{"landuse":"green_public_spaces"},"geometry":{"type":"Polygon","coordinates":[[[3.8992,45.0514],[3.9022,45.0553],[3.8997,45.0542],[3.8992,45.0514]]]}},{"type":"Feature","properties":{"landuse":"farmland"},"geometry":{"type":"Polygon","coordinates":[[[3.1961,45.7801],[3.1961,45.7822],[3.1949,45.78],[3.1961,45.7801]]]}},{"type":"Feature","properties":{"landuse":"farmland"},"geometry":{"type":"Polygon","coordinates":[[[3.1345,45.7417],[3.1364,45.7411],[3.1366,45.7422],[3.1345,45.7417]]]}},{"type":"Feature","properties":{"landuse":"farmland"},"geometry":{"type":"Polygon","coordinates":[[[2.7113,45.5802],[2.7203,45.5807],[2.7218,45.5858],[2.7132,45.5873],[2.7115,45.5855],[2.7149,45.5841],[2.7083,45.5839],[2.7113,45.5802]]]}},{"type":"Feature","properties":{"landuse":"farmland"},"geometry":{"type":"Polygon","coordinates":[[[2.708,45.584],[2.7148,45.5838],[2.7057,45.5867],[2.708,45.584]]]}},{"type":"Feature","properties":{"landuse":"farmland"},"geometry":{"type":"Polygon","coordinates":[[[3.0244,46.5916],[3.0195,46.5829],[3.0288,46.5756],[3.0319,46.5763],[3.0348,46.5785],[3.027,46.5798],[3.0351,46.5838],[3.0365,46.5879],[3.0288,46.588],[3.03,46.5904],[3.0375,46.5897],[3.0256,46.5936],[3.0244,46.5916]]]}},{"type":"Feature","properties":{"landuse":"farmland"},"geometry":{"type":"Polygon","coordinates":[[[3.134,45.8842],[3.1369,45.8874],[3.1346,45.8875],[3.134,45.8842]]]}},{"type":"Feature","properties":{"landuse":"farmland"},"geometry":{"type":"Polygon","coordinates":[[[3.132,45.9017],[3.1285,45.9041],[3.1254,45.9016],[3.132,45.9017]]]}},{"type":"Feature","properties":{"landuse":"farmland"},"geometry":{"type":"Polygon","coordinates":[[[3.1328,45.9025],[3.1303,45.9034],[3.1322,45.9019],[3.1328,45.9025]]]}},{"type":"Feature","properties":{"landuse":"farmland"},"geometry":{"type":"Polygon","coordinates":[[[3.1312,45.9033],[3.133,45.9025],[3.1328,45.9046],[3.1312,45.9033]]]}},{"type":"Feature","properties":{"landuse":"farmland"},"geometry":{"type":"Polygon","coordinates":[[[3.1538,45.9029],[3.1537,45.9059],[3.144,45.9045],[3.1423,45.9014],[3.1538,45.9029]]]}},{"type":"Feature","properties":{"landuse":"farmland"},"geometry":{"type":"Polygon","coordinates":[[[3.186,45.779],[3.2015,45.7899],[3.1737,45.7849],[3.1704,45.7811],[3.1703,45.7785],[3.1803,45.7793],[3.1815,45.7841],[3.1855,45.7838],[3.1818,45.7803],[3.186,45.779]]]}},{"type":"Feature","properties":{"landuse":"farmland"},"geometry":{"type":"Polygon","coordinates":[[[3.1746,45.8147],[3.1512,45.8053],[3.1491,45.801],[3.158,45.8017],[3.1577,45.7982],[3.1609,45.7982],[3.1625,45.8073],[3.1634,45.8035],[3.1709,45.8046],[3.1742,45.792],[3.1843,45.7911],[3.2018,45.7903],[3.208,45.7969],[3.1994,45.8023],[3.2016,45.8031],[3.1971,45.8076],[3.1872,45.8062],[3.185,45.8081],[3.1873,45.8092],[3.1746,45.8147]]]}},{"type":"Feature","properties":{"landuse":"farmland"},"geometry":{"type":"Polygon","coordinates":[[[3.195,45.784],[3.1867,45.7789],[3.1885,45.7766],[3.195,45.784]]]}},{"type":"Feature","properties":{"landuse":"farmland"},"geometry":{"type":"Polygon","coordinates":[[[3.1252,46.0161],[3.1185,46.0256],[3.109,46.032],[3.1029,46.0307],[3.1067,46.0275],[3.0922,46.0149],[3.1064,46.0047],[3.1041,46.002],[3.1176,45.9977],[3.1256,46],[3.1229,46.0072],[3.1288,46.005],[3.1298,46.0097],[3.1252,46.0161]]]}},{"type":"Feature","properties":{"landuse":"farmland"},"geometry":{"type":"Polygon","coordinates":[[[3.1167,45.9498],[3.126,45.9535],[3.1345,45.949],[3.1581,45.9476],[3.1535,45.9699],[3.1552,45.9766],[3.1421,45.9944],[3.1342,45.9882],[3.1277,45.9892],[3.118,45.9851],[3.1114,45.988],[3.103,45.9772],[3.1026,45.9694],[3.1152,45.9704],[3.1172,45.9665],[3.1125,45.9677],[3.1094,45.964],[3.1148,45.9634],[3.1119,45.9624],[3.1188,45.9583],[3.1137,45.9587],[3.1153,45.9566],[3.1072,45.9538],[3.1167,45.9498]]]}},{"type":"Feature","properties":{"landuse":"farmland"},"geometry":{"type":"Polygon","coordinates":[[[4.3401,45.224],[4.3411,45.2234],[4.3423,45.224],[4.3401,45.224]]]}},{"type":"Feature","properties":{"landuse":"farmland"},"geometry":{"type":"Polygon","coordinates":[[[4.3551,45.2259],[4.3573,45.2248],[4.3569,45.2276],[4.3551,45.2259]]]}},{"type":"Feature","properties":{"landuse":"farmland"},"geometry":{"type":"Polygon","coordinates":[[[3.8855,45.0648],[3.8921,45.0678],[3.887,45.0689],[3.8701,45.0601],[3.8949,45.055],[3.8911,45.0582],[3.8945,45.0604],[3.8951,45.0661],[3.8855,45.0648]]]}},{"type":"Feature","properties":{"landuse":"farmland"},"geometry":{"type":"Polygon","coordinates":[[[3.8697,45.0626],[3.8804,45.0662],[3.8742,45.07],[3.8657,45.0696],[3.872,45.0642],[3.8687,45.0646],[3.8697,45.0626]]]}},{"type":"Feature","properties":{"landuse":"farmland"},"geometry":{"type":"Polygon","coordinates":[[[3.852,45.0656],[3.8612,45.0613],[3.8694,45.0626],[3.8651,45.0683],[3.852,45.0656]]]}},{"type":"Feature","properties":{"landuse":"farmland"},"geometry":{"type":"Polygon","coordinates":[[[3.8558,45.0598],[3.8575,45.0595],[3.8524,45.0621],[3.8558,45.0598]]]}},{"type":"Feature","properties":{"landuse":"farmland"},"geometry":{"type":"Polygon","coordinates":[[[3.8564,45.0608],[3.8738,45.0559],[3.8765,45.0581],[3.8669,45.0631],[3.8616,45.061],[3.852,45.0648],[3.8564,45.0608]]]}},{"type":"Feature","properties":{"landuse":"farmland"},"geometry":{"type":"Polygon","coordinates":[[[3.8836,45.0675],[3.8863,45.0704],[3.8833,45.07],[3.8836,45.0675]]]}},{"type":"Feature","properties":{"landuse":"farmland"},"geometry":{"type":"Polygon","coordinates":[[[3.9109,45.0658],[3.9061,45.0675],[3.9089,45.063],[3.9109,45.0658]]]}},{"type":"Feature","properties":{"landuse":"farmland"},"geometry":{"type":"Polygon","coordinates":[[[3.8983,45.0692],[3.8936,45.0717],[3.8908,45.0694],[3.8983,45.0692]]]}},{"type":"Feature","properties":{"landuse":"farmland"},"geometry":{"type":"Polygon","coordinates":[[[3.1883,45.6362],[3.1788,45.6469],[3.1465,45.664],[3.133,45.6602],[3.1244,45.6655],[3.1244,45.6563],[3.1211,45.6531],[3.1237,45.6461],[3.1141,45.6424],[3.1207,45.6387],[3.1178,45.638],[3.1236,45.6313],[3.1221,45.6225],[3.1341,45.6224],[3.1249,45.6211],[3.1242,45.6154],[3.1409,45.6249],[3.1403,45.6216],[3.1429,45.6222],[3.1412,45.625],[3.1437,45.6261],[3.1503,45.6246],[3.1565,45.6317],[3.1618,45.6292],[3.1642,45.6371],[3.1606,45.6362],[3.1623,45.6415],[3.166,45.6422],[3.163,45.6412],[3.1641,45.639],[3.1653,45.6414],[3.1739,45.6394],[3.1757,45.6417],[3.1745,45.6383],[3.1798,45.6332],[3.185,45.634],[3.1842,45.6377],[3.1883,45.6362]]]}},{"type":"Feature","properties":{"landuse":"farmland"},"geometry":{"type":"Polygon","coordinates":[[[3.3437,45.3759],[3.3546,45.3756],[3.3551,45.384],[3.3257,45.3869],[3.3258,45.3846],[3.3209,45.3841],[3.3212,45.3804],[3.3262,45.3781],[3.3186,45.3757],[3.3218,45.3728],[3.3293,45.3761],[3.3304,45.3707],[3.3437,45.3759]]]}},{"type":"Feature","properties":{"landuse":"farmland"},"geometry":{"type":"Polygon","coordinates":[[[3.3491,45.3891],[3.3369,45.3888],[3.3415,45.3872],[3.3491,45.3891]]]}},{"type":"Feature","properties":{"landuse":"farmland"},"geometry":{"type":"Polygon","coordinates":[[[3.3569,45.3881],[3.3574,45.3865],[3.3596,45.3884],[3.3569,45.3881]]]}},{"type":"Feature","properties":{"landuse":"farmland"},"geometry":{"type":"Polygon","coordinates":[[[3.356,45.3901],[3.3534,45.3952],[3.3492,45.3942],[3.356,45.3901]]]}},{"type":"Feature","properties":{"landuse":"farmland"},"geometry":{"type":"Polygon","coordinates":[[[3.197,45.6238],[3.1998,45.6229],[3.2013,45.6282],[3.1979,45.63],[3.2021,45.6348],[3.2045,45.626],[3.2124,45.6277],[3.2094,45.6381],[3.2057,45.6409],[3.2086,45.6405],[3.2068,45.6456],[3.1897,45.6558],[3.188,45.6483],[3.1843,45.6501],[3.186,45.6553],[3.1821,45.6506],[3.1679,45.6555],[3.1685,45.6584],[3.1761,45.6563],[3.1731,45.659],[3.1787,45.6648],[3.1478,45.664],[3.165,45.6569],[3.1824,45.6442],[3.1863,45.6451],[3.1849,45.64],[3.197,45.6238]]]}},{"type":"Feature","properties":{"landuse":"farmland"},"geometry":{"type":"Polygon","coordinates":[[[3.2029,45.6169],[3.2043,45.6204],[3.1976,45.6223],[3.2029,45.6169]]]}},{"type":"Feature","properties":{"landuse":"farmland"},"geometry":{"type":"Polygon","coordinates":[[[3.2716,45.4629],[3.2809,45.4627],[3.2814,45.4668],[3.2716,45.4629]]]}},{"type":"Feature","properties":{"landuse":"farmland"},"geometry":{"type":"Polygon","coordinates":[[[3.2832,45.4626],[3.2821,45.4674],[3.2812,45.463],[3.2832,45.4626]]]}},{"type":"Feature","properties":{"landuse":"green_public_spaces"},"geometry":{"type":"Polygon","coordinates":[[[3.2131,45.7447],[3.2107,45.7459],[3.2103,45.7435],[3.2131,45.7447]]]}},{"type":"Feature","properties":{"landuse":"vineyard"},"geometry":{"type":"Polygon","coordinates":[[[3.1222,45.7359],[3.123,45.7353],[3.1243,45.7361],[3.1222,45.7359]]]}},{"type":"Feature","properties":{"landuse":"green_public_spaces"},"geometry":{"type":"Polygon","coordinates":[[[3.2177,45.7407],[3.2195,45.7388],[3.2201,45.7411],[3.2177,45.7407]]]}},{"type":"Feature","properties":{"landuse":"green_public_spaces"},"geometry":{"type":"Polygon","coordinates":[[[2.4519,44.9025],[2.4531,44.9019],[2.4533,44.9047],[2.4519,44.9025]]]}},{"type":"Feature","properties":{"landuse":"farmland"},"geometry":{"type":"Polygon","coordinates":[[[3.5581,45.765],[3.5557,45.7646],[3.5609,45.7645],[3.5581,45.765]]]}},{"type":"Feature","properties":{"landuse":"green_public_spaces"},"geometry":{"type":"Polygon","coordinates":[[[3.2212,45.6929],[3.2218,45.6953],[3.2204,45.6952],[3.2212,45.6929]]]}},{"type":"Feature","properties":{"landuse":"green_public_spaces"},"geometry":{"type":"Polygon","coordinates":[[[3.5084,45.1022],[3.501,45.1019],[3.4996,45.0992],[3.511,45.101],[3.5084,45.1022]]]}},{"type":"Feature","properties":{"landuse":"green_public_spaces"},"geometry":{"type":"Polygon","coordinates":[[[3.5008,45.0906],[3.5034,45.0917],[3.4954,45.0916],[3.4939,45.0959],[3.49,45.0941],[3.4947,45.0878],[3.5008,45.0906]]]}},{"type":"Feature","properties":{"landuse":"green_public_spaces"},"geometry":{"type":"Polygon","coordinates":[[[3.7608,46.6211],[3.7637,46.6212],[3.7523,46.6219],[3.7532,46.6196],[3.7608,46.6211]]]}},{"type":"Feature","properties":{"landuse":"green_public_spaces"},"geometry":{"type":"Polygon","coordinates":[[[3.7665,46.6209],[3.7652,46.62],[3.7673,46.6199],[3.7665,46.6209]]]}},{"type":"Feature","properties":{"landuse":"farmland"},"geometry":{"type":"Polygon","coordinates":[[[3.318,45.3772],[3.3198,45.3778],[3.3176,45.379],[3.318,45.3772]]]}},{"type":"Feature","properties":{"landuse":"farmland"},"geometry":{"type":"Polygon","coordinates":[[[3.315,45.3759],[3.3162,45.3757],[3.317,45.3776],[3.315,45.3759]]]}},{"type":"Feature","properties":{"landuse":"farmland"},"geometry":{"type":"Polygon","coordinates":[[[3.3144,45.3759],[3.317,45.3787],[3.3172,45.3832],[3.3144,45.3759]]]}},{"type":"Feature","properties":{"landuse":"green_public_spaces"},"geometry":{"type":"Polygon","coordinates":[[[3.5035,45.8385],[3.5063,45.839],[3.5033,45.8396],[3.5035,45.8385]]]}},{"type":"Feature","properties":{"landuse":"green_public_spaces"},"geometry":{"type":"Polygon","coordinates":[[[3.192,45.7218],[3.1896,45.7214],[3.1881,45.7199],[3.192,45.7218]]]}},{"type":"Feature","properties":{"landuse":"green_public_spaces"},"geometry":{"type":"Polygon","coordinates":[[[3.2118,45.749],[3.2118,45.7467],[3.2135,45.7484],[3.2118,45.749]]]}},{"type":"Feature","properties":{"landuse":"farmland"},"geometry":{"type":"Polygon","coordinates":[[[3.2138,45.7507],[3.2118,45.749],[3.2135,45.7484],[3.2138,45.7507]]]}},{"type":"Feature","properties":{"landuse":"farmland"},"geometry":{"type":"Polygon","coordinates":[[[3.014,45.5698],[3.0191,45.5635],[3.0132,45.5595],[3.0217,45.5613],[3.021,45.57],[3.014,45.5698]]]}},{"type":"Feature","properties":{"landuse":"farmland"},"geometry":{"type":"Polygon","coordinates":[[[3.0148,45.5716],[3.0174,45.5701],[3.0141,45.5718],[3.0148,45.5716]]]}},{"type":"Feature","properties":{"landuse":"farmland"},"geometry":{"type":"Polygon","coordinates":[[[3.0166,45.5718],[3.0175,45.5705],[3.022,45.5711],[3.0166,45.5718]]]}},{"type":"Feature","properties":{"landuse":"farmland"},"geometry":{"type":"Polygon","coordinates":[[[2.2829,45.2275],[2.2846,45.231],[2.2828,45.2294],[2.2829,45.2275]]]}},{"type":"Feature","properties":{"landuse":"farmland"},"geometry":{"type":"Polygon","coordinates":[[[2.304,45.2255],[2.305,45.2231],[2.3071,45.2237],[2.304,45.2255]]]}},{"type":"Feature","properties":{"landuse":"farmland"},"geometry":{"type":"Polygon","coordinates":[[[2.3472,45.2441],[2.3495,45.2429],[2.3485,45.2446],[2.3472,45.2441]]]}},{"type":"Feature","properties":{"landuse":"farmland"},"geometry":{"type":"Polygon","coordinates":[[[2.3445,45.2487],[2.3456,45.2468],[2.3474,45.2476],[2.3445,45.2487]]]}},{"type":"Feature","properties":{"landuse":"farmland"},"geometry":{"type":"Polygon","coordinates":[[[2.3321,45.2473],[2.3341,45.2492],[2.3304,45.2497],[2.3321,45.2473]]]}},{"type":"Feature","properties":{"landuse":"farmland"},"geometry":{"type":"Polygon","coordinates":[[[2.3314,45.2452],[2.3299,45.2443],[2.3324,45.244],[2.3314,45.2452]]]}},{"type":"Feature","properties":{"landuse":"farmland"},"geometry":{"type":"Polygon","coordinates":[[[2.3327,45.245],[2.3366,45.2446],[2.3348,45.2462],[2.3327,45.245]]]}},{"type":"Feature","properties":{"landuse":"farmland"},"geometry":{"type":"Polygon","coordinates":[[[2.349,45.2356],[2.3495,45.2343],[2.3507,45.2356],[2.349,45.2356]]]}},{"type":"Feature","properties":{"landuse":"farmland"},"geometry":{"type":"Polygon","coordinates":[[[2.3489,45.2327],[2.3525,45.2321],[2.3535,45.2342],[2.3489,45.2327]]]}},{"type":"Feature","properties":{"landuse":"farmland"},"geometry":{"type":"Polygon","coordinates":[[[2.3394,45.2379],[2.341,45.2362],[2.344,45.2355],[2.3394,45.2379]]]}},{"type":"Feature","properties":{"landuse":"farmland"},"geometry":{"type":"Polygon","coordinates":[[[2.3794,45.2327],[2.3828,45.2298],[2.3842,45.2307],[2.3794,45.2327]]]}},{"type":"Feature","properties":{"landuse":"farmland"},"geometry":{"type":"Polygon","coordinates":[[[2.3583,45.2235],[2.3592,45.2168],[2.3566,45.2171],[2.3592,45.2149],[2.3615,45.2155],[2.3583,45.2235]]]}},{"type":"Feature","properties":{"landuse":"farmland"},"geometry":{"type":"Polygon","coordinates":[[[3.2434,45.464],[3.2374,45.4638],[3.2444,45.464],[3.2434,45.464]]]}},{"type":"Feature","properties":{"landuse":"farmland"},"geometry":{"type":"Polygon","coordinates":[[[3.2614,45.5029],[3.2591,45.4972],[3.2567,45.4984],[3.2499,45.4907],[3.2566,45.4819],[3.2501,45.4901],[3.2478,45.4881],[3.2464,45.4787],[3.2518,45.476],[3.2529,45.4692],[3.2571,45.4706],[3.2563,45.4735],[3.2586,45.472],[3.2634,45.5099],[3.2614,45.5029]]]}},{"type":"Feature","properties":{"landuse":"farmland"},"geometry":{"type":"Polygon","coordinates":[[[3.2374,45.4632],[3.2263,45.4622],[3.2196,45.4574],[3.2374,45.4632]]]}},{"type":"Feature","properties":{"landuse":"farmland"},"geometry":{"type":"Polygon","coordinates":[[[3.2487,45.4641],[3.2538,45.4644],[3.2508,45.4669],[3.244,45.4651],[3.2487,45.4641]]]}},{"type":"Feature","properties":{"landuse":"farmland"},"geometry":{"type":"Polygon","coordinates":[[[3.2476,45.4965],[3.247,45.4985],[3.2404,45.4965],[3.2476,45.4965]]]}},{"type":"Feature","properties":{"landuse":"farmland"},"geometry":{"type":"Polygon","coordinates":[[[3.2394,45.4823],[3.2339,45.4693],[3.2366,45.466],[3.2401,45.4687],[3.2414,45.4647],[3.2488,45.4667],[3.2458,45.4746],[3.2468,45.4874],[3.2443,45.4879],[3.2505,45.4939],[3.2458,45.495],[3.2451,45.4923],[3.2415,45.4955],[3.2325,45.4957],[3.235,45.4844],[3.2394,45.4823]]]}},{"type":"Feature","properties":{"landuse":"farmland"},"geometry":{"type":"Polygon","coordinates":[[[3.2726,45.5045],[3.2701,45.5096],[3.2769,45.5219],[3.2762,45.5277],[3.2695,45.533],[3.2694,45.5382],[3.2617,45.5317],[3.2688,45.5099],[3.2637,45.5086],[3.2601,45.4772],[3.2629,45.4765],[3.2652,45.466],[3.2699,45.4664],[3.2653,45.4711],[3.2673,45.4734],[3.2652,45.481],[3.2709,45.4875],[3.2712,45.4959],[3.2677,45.4995],[3.2726,45.5045]]]}},{"type":"Feature","properties":{"landuse":"farmland"},"geometry":{"type":"Polygon","coordinates":[[[3.254,45.4975],[3.2477,45.497],[3.2492,45.4947],[3.254,45.4975]]]}},{"type":"Feature","properties":{"landuse":"farmland"},"geometry":{"type":"Polygon","coordinates":[[[3.2495,45.4946],[3.2517,45.4944],[3.2557,45.4981],[3.2495,45.4946]]]}},{"type":"Feature","properties":{"landuse":"farmland"},"geometry":{"type":"Polygon","coordinates":[[[3.2569,45.4993],[3.259,45.5009],[3.2588,45.5017],[3.2569,45.4993]]]}},{"type":"Feature","properties":{"landuse":"farmland"},"geometry":{"type":"Polygon","coordinates":[[[3.2494,45.5025],[3.2459,45.5007],[3.2512,45.5003],[3.2494,45.5025]]]}},{"type":"Feature","properties":{"landuse":"farmland"},"geometry":{"type":"Polygon","coordinates":[[[3.0223,45.5956],[3.0204,45.5972],[3.0172,45.5952],[3.0223,45.5956]]]}},{"type":"Feature","properties":{"landuse":"farmland"},"geometry":{"type":"Polygon","coordinates":[[[3.0225,45.5948],[3.0248,45.5885],[3.0329,45.5887],[3.0275,45.5942],[3.0225,45.5948]]]}},{"type":"Feature","properties":{"landuse":"farmland"},"geometry":{"type":"Polygon","coordinates":[[[2.6625,46.2725],[2.6627,46.271],[2.665,46.2724],[2.6625,46.2725]]]}},{"type":"Feature","properties":{"landuse":"vineyard"},"geometry":{"type":"Polygon","coordinates":[[[3.1035,45.9179],[3.1039,45.9171],[3.1085,45.9186],[3.1035,45.9179]]]}},{"type":"Feature","properties":{"landuse":"vineyard"},"geometry":{"type":"Polygon","coordinates":[[[3.1216,45.9682],[3.1232,45.9667],[3.1238,45.9677],[3.1216,45.9682]]]}},{"type":"Feature","properties":{"landuse":"farmland"},"geometry":{"type":"Polygon","coordinates":[[[3.2107,46.0405],[3.2119,46.0366],[3.2152,46.0378],[3.2147,46.0408],[3.2107,46.0405]]]}},{"type":"Feature","properties":{"landuse":"vineyard"},"geometry":{"type":"Polygon","coordinates":[[[3.0973,45.8352],[3.0981,45.8345],[3.1008,45.8349],[3.0973,45.8352]]]}},{"type":"Feature","properties":{"landuse":"farmland"},"geometry":{"type":"Polygon","coordinates":[[[3.085,45.7394],[3.0844,45.7397],[3.0842,45.738],[3.085,45.7394]]]}},{"type":"Feature","properties":{"landuse":"farmland"},"geometry":{"type":"Polygon","coordinates":[[[3.08,45.7407],[3.0807,45.7421],[3.0782,45.7418],[3.08,45.7407]]]}},{"type":"Feature","properties":{"landuse":"farmland"},"geometry":{"type":"Polygon","coordinates":[[[3.9755,45.0762],[3.9743,45.0752],[3.9758,45.0748],[3.9755,45.0762]]]}},{"type":"Feature","properties":{"landuse":"farmland"},"geometry":{"type":"Polygon","coordinates":[[[3.9735,45.0796],[3.9697,45.0798],[3.9744,45.0777],[3.9735,45.0796]]]}},{"type":"Feature","properties":{"landuse":"farmland"},"geometry":{"type":"Polygon","coordinates":[[[3.9748,45.0785],[3.9766,45.0763],[3.9777,45.0773],[3.9748,45.0785]]]}},{"type":"Feature","properties":{"landuse":"farmland"},"geometry":{"type":"Polygon","coordinates":[[[3.9793,45.0707],[3.9831,45.0746],[3.9794,45.0763],[3.9793,45.0707]]]}},{"type":"Feature","properties":{"landuse":"green_public_spaces"},"geometry":{"type":"Polygon","coordinates":[[[3.1125,45.9042],[3.108,45.9028],[3.1089,45.9002],[3.1132,45.9004],[3.1125,45.9042]]]}},{"type":"Feature","properties":{"landuse":"green_public_spaces"},"geometry":{"type":"Polygon","coordinates":[[[3.1192,45.8956],[3.1192,45.8946],[3.1209,45.8957],[3.1192,45.8956]]]}},{"type":"Feature","properties":{"landuse":"farmland"},"geometry":{"type":"Polygon","coordinates":[[[4.2245,45.2591],[4.2246,45.2581],[4.2263,45.2575],[4.2245,45.2591]]]}},{"type":"Feature","properties":{"landuse":"farmland"},"geometry":{"type":"Polygon","coordinates":[[[4.2561,45.2501],[4.2538,45.2483],[4.2587,45.2497],[4.2561,45.2501]]]}},{"type":"Feature","properties":{"landuse":"farmland"},"geometry":{"type":"Polygon","coordinates":[[[4.2544,45.2485],[4.2544,45.2473],[4.258,45.2468],[4.2544,45.2485]]]}},{"type":"Feature","properties":{"landuse":"farmland"},"geometry":{"type":"Polygon","coordinates":[[[4.2487,45.2432],[4.2502,45.2412],[4.2512,45.2426],[4.2487,45.2432]]]}},{"type":"Feature","properties":{"landuse":"farmland"},"geometry":{"type":"Polygon","coordinates":[[[4.2484,45.2392],[4.251,45.2401],[4.2494,45.241],[4.2484,45.2392]]]}},{"type":"Feature","properties":{"landuse":"farmland"},"geometry":{"type":"Polygon","coordinates":[[[4.2523,45.2573],[4.2516,45.256],[4.2535,45.2567],[4.2523,45.2573]]]}},{"type":"Feature","properties":{"landuse":"farmland"},"geometry":{"type":"Polygon","coordinates":[[[4.2492,45.2593],[4.2524,45.2585],[4.2499,45.2603],[4.2492,45.2593]]]}},{"type":"Feature","properties":{"landuse":"farmland"},"geometry":{"type":"Polygon","coordinates":[[[4.22,45.2182],[4.2219,45.2168],[4.2215,45.2181],[4.22,45.2182]]]}},{"type":"Feature","properties":{"landuse":"farmland"},"geometry":{"type":"Polygon","coordinates":[[[4.2342,45.2336],[4.2343,45.2313],[4.2361,45.2312],[4.2342,45.2336]]]}},{"type":"Feature","properties":{"landuse":"farmland"},"geometry":{"type":"Polygon","coordinates":[[[4.2365,45.2276],[4.2349,45.2268],[4.2365,45.2256],[4.2365,45.2276]]]}},{"type":"Feature","properties":{"landuse":"farmland"},"geometry":{"type":"Polygon","coordinates":[[[4.2329,45.2317],[4.2294,45.2283],[4.2356,45.2284],[4.2329,45.2317]]]}},{"type":"Feature","properties":{"landuse":"farmland"},"geometry":{"type":"Polygon","coordinates":[[[4.256,45.2373],[4.258,45.237],[4.2576,45.2379],[4.256,45.2373]]]}},{"type":"Feature","properties":{"landuse":"farmland"},"geometry":{"type":"Polygon","coordinates":[[[4.2484,45.2327],[4.2495,45.2318],[4.2514,45.232],[4.2484,45.2327]]]}},{"type":"Feature","properties":{"landuse":"farmland"},"geometry":{"type":"Polygon","coordinates":[[[4.2513,45.2346],[4.2506,45.2336],[4.2516,45.2331],[4.2513,45.2346]]]}},{"type":"Feature","properties":{"landuse":"farmland"},"geometry":{"type":"Polygon","coordinates":[[[4.2177,45.2314],[4.2174,45.233],[4.2154,45.2316],[4.2177,45.2314]]]}},{"type":"Feature","properties":{"landuse":"farmland"},"geometry":{"type":"Polygon","coordinates":[[[4.2097,45.2303],[4.2107,45.2296],[4.212,45.232],[4.2097,45.2303]]]}},{"type":"Feature","properties":{"landuse":"farmland"},"geometry":{"type":"Polygon","coordinates":[[[4.2212,45.2239],[4.2219,45.2218],[4.2243,45.2218],[4.2212,45.2239]]]}},{"type":"Feature","properties":{"landuse":"farmland"},"geometry":{"type":"Polygon","coordinates":[[[4.2195,45.2286],[4.2218,45.2281],[4.2205,45.2304],[4.2195,45.2286]]]}},{"type":"Feature","properties":{"landuse":"farmland"},"geometry":{"type":"Polygon","coordinates":[[[4.2232,45.2286],[4.2242,45.2268],[4.2245,45.2286],[4.2232,45.2286]]]}},{"type":"Feature","properties":{"landuse":"farmland"},"geometry":{"type":"Polygon","coordinates":[[[4.2251,45.2296],[4.2268,45.226],[4.2284,45.228],[4.2251,45.2296]]]}},{"type":"Feature","properties":{"landuse":"farmland"},"geometry":{"type":"Polygon","coordinates":[[[4.2387,45.2305],[4.2404,45.2285],[4.2418,45.229],[4.2387,45.2305]]]}},{"type":"Feature","properties":{"landuse":"farmland"},"geometry":{"type":"Polygon","coordinates":[[[4.219,45.2398],[4.2207,45.2401],[4.22,45.2412],[4.219,45.2398]]]}},{"type":"Feature","properties":{"landuse":"farmland"},"geometry":{"type":"Polygon","coordinates":[[[4.2189,45.2397],[4.2203,45.239],[4.22,45.2399],[4.2189,45.2397]]]}},{"type":"Feature","properties":{"landuse":"farmland"},"geometry":{"type":"Polygon","coordinates":[[[4.2242,45.2405],[4.2275,45.2423],[4.2264,45.2429],[4.2242,45.2405]]]}},{"type":"Feature","properties":{"landuse":"farmland"},"geometry":{"type":"Polygon","coordinates":[[[4.2217,45.2383],[4.2223,45.2367],[4.2232,45.2385],[4.2217,45.2383]]]}},{"type":"Feature","properties":{"landuse":"farmland"},"geometry":{"type":"Polygon","coordinates":[[[4.2204,45.2336],[4.2229,45.233],[4.2219,45.2338],[4.2204,45.2336]]]}},{"type":"Feature","properties":{"landuse":"farmland"},"geometry":{"type":"Polygon","coordinates":[[[4.2143,45.2397],[4.2162,45.2394],[4.2159,45.24],[4.2143,45.2397]]]}},{"type":"Feature","properties":{"landuse":"farmland"},"geometry":{"type":"Polygon","coordinates":[[[4.2081,45.2417],[4.2091,45.2404],[4.2103,45.2421],[4.2081,45.2417]]]}},{"type":"Feature","properties":{"landuse":"farmland"},"geometry":{"type":"Polygon","coordinates":[[[4.2054,45.2421],[4.2074,45.2392],[4.2087,45.2409],[4.2054,45.2421]]]}},{"type":"Feature","properties":{"landuse":"farmland"},"geometry":{"type":"Polygon","coordinates":[[[4.2032,45.2329],[4.2034,45.2315],[4.2054,45.2325],[4.2032,45.2329]]]}},{"type":"Feature","properties":{"landuse":"farmland"},"geometry":{"type":"Polygon","coordinates":[[[4.2114,45.2351],[4.2134,45.2336],[4.2134,45.2347],[4.2114,45.2351]]]}},{"type":"Feature","properties":{"landuse":"farmland"},"geometry":{"type":"Polygon","coordinates":[[[4.2112,45.2376],[4.2121,45.2358],[4.2142,45.236],[4.2112,45.2376]]]}},{"type":"Feature","properties":{"landuse":"farmland"},"geometry":{"type":"Polygon","coordinates":[[[4.2145,45.2371],[4.2146,45.236],[4.2151,45.2375],[4.2145,45.2371]]]}},{"type":"Feature","properties":{"landuse":"farmland"},"geometry":{"type":"Polygon","coordinates":[[[4.2073,45.2504],[4.2083,45.2497],[4.2097,45.2518],[4.2073,45.2504]]]}},{"type":"Feature","properties":{"landuse":"farmland"},"geometry":{"type":"Polygon","coordinates":[[[4.2043,45.249],[4.209,45.2477],[4.2057,45.2501],[4.2043,45.249]]]}},{"type":"Feature","properties":{"landuse":"farmland"},"geometry":{"type":"Polygon","coordinates":[[[4.2045,45.2512],[4.2062,45.2504],[4.2081,45.252],[4.2045,45.2512]]]}},{"type":"Feature","properties":{"landuse":"farmland"},"geometry":{"type":"Polygon","coordinates":[[[4.2035,45.2468],[4.2053,45.2463],[4.2063,45.2473],[4.2035,45.2468]]]}},{"type":"Feature","properties":{"landuse":"farmland"},"geometry":{"type":"Polygon","coordinates":[[[4.2185,45.253],[4.2186,45.2516],[4.2196,45.2518],[4.2185,45.253]]]}},{"type":"Feature","properties":{"landuse":"farmland"},"geometry":{"type":"Polygon","coordinates":[[[4.2185,45.2637],[4.2188,45.2613],[4.2198,45.2624],[4.2185,45.2637]]]}},{"type":"Feature","properties":{"landuse":"farmland"},"geometry":{"type":"Polygon","coordinates":[[[4.2057,45.258],[4.2072,45.259],[4.2045,45.2592],[4.2057,45.258]]]}},{"type":"Feature","properties":{"landuse":"farmland"},"geometry":{"type":"Polygon","coordinates":[[[4.2074,45.2574],[4.2068,45.2559],[4.2091,45.2563],[4.2074,45.2574]]]}},{"type":"Feature","properties":{"landuse":"farmland"},"geometry":{"type":"Polygon","coordinates":[[[4.2008,45.2606],[4.2048,45.2595],[4.202,45.2609],[4.2008,45.2606]]]}},{"type":"Feature","properties":{"landuse":"farmland"},"geometry":{"type":"Polygon","coordinates":[[[4.231,45.2599],[4.2303,45.2583],[4.2322,45.2586],[4.231,45.2599]]]}},{"type":"Feature","properties":{"landuse":"farmland"},"geometry":{"type":"Polygon","coordinates":[[[4.2279,45.2582],[4.2266,45.26],[4.2295,45.2552],[4.2279,45.2582]]]}},{"type":"Feature","properties":{"landuse":"farmland"},"geometry":{"type":"Polygon","coordinates":[[[4.1915,45.239],[4.195,45.2385],[4.1944,45.2399],[4.1915,45.239]]]}},{"type":"Feature","properties":{"landuse":"farmland"},"geometry":{"type":"Polygon","coordinates":[[[4.1902,45.2361],[4.1914,45.2349],[4.1919,45.2365],[4.1902,45.2361]]]}},{"type":"Feature","properties":{"landuse":"farmland"},"geometry":{"type":"Polygon","coordinates":[[[4.1925,45.2312],[4.194,45.2297],[4.1942,45.2311],[4.1925,45.2312]]]}},{"type":"Feature","properties":{"landuse":"farmland"},"geometry":{"type":"Polygon","coordinates":[[[4.1969,45.2565],[4.1976,45.2554],[4.1986,45.2561],[4.1969,45.2565]]]}},{"type":"Feature","properties":{"landuse":"farmland"},"geometry":{"type":"Polygon","coordinates":[[[4.1915,45.257],[4.1903,45.2565],[4.1917,45.2544],[4.1915,45.257]]]}},{"type":"Feature","properties":{"landuse":"farmland"},"geometry":{"type":"Polygon","coordinates":[[[4.1878,45.2546],[4.1891,45.2543],[4.1888,45.2553],[4.1878,45.2546]]]}},{"type":"Feature","properties":{"landuse":"farmland"},"geometry":{"type":"Polygon","coordinates":[[[4.1915,45.2462],[4.1926,45.2446],[4.1927,45.2459],[4.1915,45.2462]]]}},{"type":"Feature","properties":{"landuse":"farmland"},"geometry":{"type":"Polygon","coordinates":[[[4.1864,45.2424],[4.1854,45.2399],[4.1897,45.2429],[4.1864,45.2424]]]}},{"type":"Feature","properties":{"landuse":"farmland"},"geometry":{"type":"Polygon","coordinates":[[[4.1899,45.2416],[4.1949,45.2401],[4.1922,45.2439],[4.1899,45.2416]]]}},{"type":"Feature","properties":{"landuse":"farmland"},"geometry":{"type":"Polygon","coordinates":[[[4.2005,45.2406],[4.2024,45.2387],[4.2036,45.2392],[4.2005,45.2406]]]}},{"type":"Feature","properties":{"landuse":"farmland"},"geometry":{"type":"Polygon","coordinates":[[[4.197,45.2452],[4.2004,45.2438],[4.2003,45.2462],[4.197,45.2452]]]}},{"type":"Feature","properties":{"landuse":"farmland"},"geometry":{"type":"Polygon","coordinates":[[[4.1941,45.2466],[4.1954,45.2437],[4.1966,45.2439],[4.1941,45.2466]]]}},{"type":"Feature","properties":{"landuse":"farmland"},"geometry":{"type":"Polygon","coordinates":[[[4.1675,45.2389],[4.1693,45.2392],[4.1691,45.2406],[4.167,45.24],[4.1675,45.2389]]]}},{"type":"Feature","properties":{"landuse":"farmland"},"geometry":{"type":"Polygon","coordinates":[[[4.1723,45.244],[4.1726,45.2429],[4.1745,45.2437],[4.1723,45.244]]]}},{"type":"Feature","properties":{"landuse":"farmland"},"geometry":{"type":"Polygon","coordinates":[[[4.1718,45.2455],[4.165,45.2436],[4.1654,45.2413],[4.1718,45.2455]]]}},{"type":"Feature","properties":{"landuse":"farmland"},"geometry":{"type":"Polygon","coordinates":[[[4.1731,45.2421],[4.1721,45.241],[4.1746,45.2413],[4.1731,45.2421]]]}},{"type":"Feature","properties":{"landuse":"farmland"},"geometry":{"type":"Polygon","coordinates":[[[4.1753,45.2436],[4.1785,45.2412],[4.1764,45.2442],[4.1753,45.2436]]]}},{"type":"Feature","properties":{"landuse":"farmland"},"geometry":{"type":"Polygon","coordinates":[[[4.1746,45.2402],[4.1721,45.2394],[4.1732,45.239],[4.1746,45.2402]]]}},{"type":"Feature","properties":{"landuse":"farmland"},"geometry":{"type":"Polygon","coordinates":[[[4.1755,45.2387],[4.1742,45.2377],[4.1756,45.2366],[4.1755,45.2387]]]}},{"type":"Feature","properties":{"landuse":"farmland"},"geometry":{"type":"Polygon","coordinates":[[[4.1756,45.2359],[4.1751,45.2352],[4.178,45.235],[4.1756,45.2359]]]}},{"type":"Feature","properties":{"landuse":"farmland"},"geometry":{"type":"Polygon","coordinates":[[[4.1745,45.2369],[4.1745,45.2345],[4.1759,45.2365],[4.1745,45.2369]]]}},{"type":"Feature","properties":{"landuse":"farmland"},"geometry":{"type":"Polygon","coordinates":[[[4.1743,45.2341],[4.1752,45.2328],[4.1761,45.2334],[4.1743,45.2341]]]}},{"type":"Feature","properties":{"landuse":"farmland"},"geometry":{"type":"Polygon","coordinates":[[[4.1816,45.2329],[4.1818,45.2315],[4.1826,45.2324],[4.1816,45.2329]]]}},{"type":"Feature","properties":{"landuse":"farmland"},"geometry":{"type":"Polygon","coordinates":[[[4.185,45.2324],[4.1847,45.2314],[4.1866,45.2309],[4.185,45.2324]]]}},{"type":"Feature","properties":{"landuse":"farmland"},"geometry":{"type":"Polygon","coordinates":[[[4.1744,45.2518],[4.1742,45.2509],[4.1764,45.2495],[4.1744,45.2518]]]}},{"type":"Feature","properties":{"landuse":"farmland"},"geometry":{"type":"Polygon","coordinates":[[[4.1723,45.2485],[4.1727,45.2469],[4.175,45.2475],[4.1723,45.2485]]]}},{"type":"Feature","properties":{"landuse":"farmland"},"geometry":{"type":"Polygon","coordinates":[[[4.1765,45.2479],[4.1762,45.246],[4.1778,45.2475],[4.1765,45.2479]]]}},{"type":"Feature","properties":{"landuse":"farmland"},"geometry":{"type":"Polygon","coordinates":[[[4.1816,45.248],[4.1814,45.2471],[4.1827,45.2479],[4.1816,45.248]]]}},{"type":"Feature","properties":{"landuse":"farmland"},"geometry":{"type":"Polygon","coordinates":[[[4.1831,45.248],[4.1829,45.247],[4.1848,45.2471],[4.1831,45.248]]]}},{"type":"Feature","properties":{"landuse":"farmland"},"geometry":{"type":"Polygon","coordinates":[[[4.1843,45.2441],[4.186,45.2456],[4.1842,45.2467],[4.1843,45.2441]]]}},{"type":"Feature","properties":{"landuse":"farmland"},"geometry":{"type":"Polygon","coordinates":[[[4.1845,45.2535],[4.1833,45.2511],[4.1864,45.2503],[4.1845,45.2535]]]}},{"type":"Feature","properties":{"landuse":"farmland"},"geometry":{"type":"Polygon","coordinates":[[[4.1756,45.2637],[4.1762,45.2615],[4.1777,45.2625],[4.1756,45.2637]]]}},{"type":"Feature","properties":{"landuse":"farmland"},"geometry":{"type":"Polygon","coordinates":[[[4.1799,45.2621],[4.1815,45.261],[4.1825,45.2621],[4.1799,45.2621]]]}},{"type":"Feature","properties":{"landuse":"farmland"},"geometry":{"type":"Polygon","coordinates":[[[4.1772,45.2707],[4.1791,45.2687],[4.1838,45.2709],[4.1772,45.2707]]]}},{"type":"Feature","properties":{"landuse":"farmland"},"geometry":{"type":"Polygon","coordinates":[[[4.1795,45.2675],[4.1828,45.2648],[4.183,45.2674],[4.1795,45.2675]]]}},{"type":"Feature","properties":{"landuse":"farmland"},"geometry":{"type":"Polygon","coordinates":[[[4.1796,45.2658],[4.1836,45.2639],[4.1814,45.2662],[4.1796,45.2658]]]}},{"type":"Feature","properties":{"landuse":"farmland"},"geometry":{"type":"Polygon","coordinates":[[[4.1856,45.266],[4.1858,45.2646],[4.1868,45.2656],[4.1856,45.266]]]}},{"type":"Feature","properties":{"landuse":"farmland"},"geometry":{"type":"Polygon","coordinates":[[[4.1845,45.2638],[4.1848,45.2622],[4.1855,45.2633],[4.1845,45.2638]]]}},{"type":"Feature","properties":{"landuse":"farmland"},"geometry":{"type":"Polygon","coordinates":[[[4.1858,45.2588],[4.1866,45.2564],[4.187,45.2581],[4.1858,45.2588]]]}},{"type":"Feature","properties":{"landuse":"farmland"},"geometry":{"type":"Polygon","coordinates":[[[4.1657,45.2578],[4.1663,45.2562],[4.1676,45.257],[4.1657,45.2578]]]}},{"type":"Feature","properties":{"landuse":"farmland"},"geometry":{"type":"Polygon","coordinates":[[[4.1667,45.2561],[4.1674,45.2556],[4.1705,45.2569],[4.1667,45.2561]]]}},{"type":"Feature","properties":{"landuse":"farmland"},"geometry":{"type":"Polygon","coordinates":[[[4.1704,45.2574],[4.1712,45.2556],[4.1741,45.257],[4.1704,45.2574]]]}},{"type":"Feature","properties":{"landuse":"farmland"},"geometry":{"type":"Polygon","coordinates":[[[4.1725,45.2549],[4.1712,45.254],[4.173,45.253],[4.1725,45.2549]]]}},{"type":"Feature","properties":{"landuse":"farmland"},"geometry":{"type":"Polygon","coordinates":[[[4.2263,45.2622],[4.2272,45.2614],[4.229,45.2619],[4.2263,45.2622]]]}},{"type":"Feature","properties":{"landuse":"farmland"},"geometry":{"type":"Polygon","coordinates":[[[4.2268,45.2666],[4.2254,45.2666],[4.227,45.2659],[4.2268,45.2666]]]}},{"type":"Feature","properties":{"landuse":"vineyard"},"geometry":{"type":"Polygon","coordinates":[[[3.2763,45.7907],[3.2768,45.7889],[3.2789,45.789],[3.2784,45.7908],[3.2763,45.7907]]]}},{"type":"Feature","properties":{"landuse":"vineyard"},"geometry":{"type":"Polygon","coordinates":[[[3.2715,45.7912],[3.2736,45.7885],[3.2831,45.7903],[3.2691,45.7943],[3.2715,45.7912]]]}},{"type":"Feature","properties":{"landuse":"vineyard"},"geometry":{"type":"Polygon","coordinates":[[[3.2703,45.791],[3.2686,45.7902],[3.2718,45.7882],[3.2703,45.791]]]}},{"type":"Feature","properties":{"landuse":"vineyard"},"geometry":{"type":"Polygon","coordinates":[[[3.2476,45.8224],[3.2469,45.8219],[3.2485,45.8214],[3.2476,45.8224]]]}},{"type":"Feature","properties":{"landuse":"vineyard"},"geometry":{"type":"Polygon","coordinates":[[[3.2552,45.8239],[3.2546,45.8232],[3.2569,45.8224],[3.2552,45.8239]]]}},{"type":"Feature","properties":{"landuse":"vineyard"},"geometry":{"type":"Polygon","coordinates":[[[3.1938,45.6607],[3.1946,45.6591],[3.195,45.6607],[3.1938,45.6607]]]}},{"type":"Feature","properties":{"landuse":"vineyard"},"geometry":{"type":"Polygon","coordinates":[[[3.1758,45.6855],[3.1772,45.685],[3.1779,45.6866],[3.1758,45.6855]]]}},{"type":"Feature","properties":{"landuse":"vineyard"},"geometry":{"type":"Polygon","coordinates":[[[3.185,45.6879],[3.1861,45.6869],[3.1876,45.6873],[3.185,45.6879]]]}},{"type":"Feature","properties":{"landuse":"vineyard"},"geometry":{"type":"Polygon","coordinates":[[[3.2209,45.6368],[3.2197,45.6365],[3.2219,45.6353],[3.2209,45.6368]]]}},{"type":"Feature","properties":{"landuse":"vineyard"},"geometry":{"type":"Polygon","coordinates":[[[3.3639,45.7491],[3.3667,45.7486],[3.3669,45.7498],[3.3639,45.7491]]]}},{"type":"Feature","properties":{"landuse":"vineyard"},"geometry":{"type":"Polygon","coordinates":[[[3.3597,45.7459],[3.364,45.7468],[3.3633,45.7472],[3.3597,45.7459]]]}},{"type":"Feature","properties":{"landuse":"vineyard"},"geometry":{"type":"Polygon","coordinates":[[[3.1838,45.7011],[3.1848,45.6996],[3.1854,45.7002],[3.1838,45.7011]]]}},{"type":"Feature","properties":{"landuse":"vineyard"},"geometry":{"type":"Polygon","coordinates":[[[3.1928,45.6328],[3.1957,45.6317],[3.1938,45.6327],[3.1961,45.6328],[3.1928,45.6328]]]}},{"type":"Feature","properties":{"landuse":"vineyard"},"geometry":{"type":"Polygon","coordinates":[[[3.1792,45.6233],[3.1797,45.622],[3.18,45.6234],[3.1792,45.6233]]]}},{"type":"Feature","properties":{"landuse":"farmland"},"geometry":{"type":"Polygon","coordinates":[[[2.9931,45.5589],[2.9956,45.5609],[2.9917,45.5646],[2.9925,45.5618],[2.9892,45.5603],[2.9931,45.5589]]]}},{"type":"Feature","properties":{"landuse":"farmland"},"geometry":{"type":"Polygon","coordinates":[[[3.1824,45.7902],[3.1703,45.7895],[3.1711,45.7883],[3.1824,45.7902]]]}},{"type":"Feature","properties":{"landuse":"farmland"},"geometry":{"type":"Polygon","coordinates":[[[3.166,45.789],[3.1615,45.7885],[3.1662,45.7885],[3.166,45.789]]]}},{"type":"Feature","properties":{"landuse":"farmland"},"geometry":{"type":"Polygon","coordinates":[[[3.1825,45.7892],[3.1619,45.7873],[3.1625,45.7866],[3.1825,45.7892]]]}},{"type":"Feature","properties":{"landuse":"farmland"},"geometry":{"type":"Polygon","coordinates":[[[3.1545,45.7876],[3.1604,45.7879],[3.1586,45.7883],[3.1545,45.7876]]]}},{"type":"Feature","properties":{"landuse":"farmland"},"geometry":{"type":"Polygon","coordinates":[[[3.1543,45.7866],[3.1614,45.7866],[3.161,45.7872],[3.1543,45.7866]]]}},{"type":"Feature","properties":{"landuse":"farmland"},"geometry":{"type":"Polygon","coordinates":[[[3.1487,45.7819],[3.1483,45.7793],[3.1512,45.7842],[3.1487,45.7819]]]}},{"type":"Feature","properties":{"landuse":"farmland"},"geometry":{"type":"Polygon","coordinates":[[[3.1506,45.7895],[3.1497,45.7854],[3.1522,45.7894],[3.1506,45.7895]]]}},{"type":"Feature","properties":{"landuse":"farmland"},"geometry":{"type":"Polygon","coordinates":[[[3.1527,45.7819],[3.1542,45.7835],[3.1531,45.7844],[3.1527,45.7819]]]}},{"type":"Feature","properties":{"landuse":"farmland"},"geometry":{"type":"Polygon","coordinates":[[[3.1912,45.789],[3.1979,45.7899],[3.191,45.7904],[3.1912,45.789]]]}},{"type":"Feature","properties":{"landuse":"farmland"},"geometry":{"type":"Polygon","coordinates":[[[3.179,45.7859],[3.1702,45.7849],[3.1856,45.7861],[3.179,45.7859]]]}},{"type":"Feature","properties":{"landuse":"farmland"},"geometry":{"type":"Polygon","coordinates":[[[3.1623,45.7841],[3.1584,45.7833],[3.1617,45.7834],[3.1623,45.7841]]]}},{"type":"Feature","properties":{"landuse":"farmland"},"geometry":{"type":"Polygon","coordinates":[[[3.1694,45.7901],[3.1789,45.7909],[3.1701,45.7913],[3.1694,45.7901]]]}},{"type":"Feature","properties":{"landuse":"farmland"},"geometry":{"type":"Polygon","coordinates":[[[3.1555,45.7838],[3.1623,45.7853],[3.1551,45.7846],[3.1555,45.7838]]]}},{"type":"Feature","properties":{"landuse":"farmland"},"geometry":{"type":"Polygon","coordinates":[[[3.1784,45.7869],[3.1629,45.7853],[3.1701,45.7852],[3.1784,45.7869]]]}},{"type":"Feature","properties":{"landuse":"farmland"},"geometry":{"type":"Polygon","coordinates":[[[3.1161,45.7338],[3.1185,45.7334],[3.1178,45.7345],[3.1161,45.7338]]]}},{"type":"Feature","properties":{"landuse":"farmland"},"geometry":{"type":"Polygon","coordinates":[[[3.1147,45.7358],[3.1178,45.7346],[3.1163,45.7377],[3.1147,45.7358]]]}},{"type":"Feature","properties":{"landuse":"farmland"},"geometry":{"type":"Polygon","coordinates":[[[2.3581,45.2351],[2.3585,45.2337],[2.3611,45.2353],[2.3581,45.2351]]]}},{"type":"Feature","properties":{"landuse":"farmland"},"geometry":{"type":"Polygon","coordinates":[[[2.3574,45.2459],[2.358,45.2428],[2.3618,45.2425],[2.3574,45.2459]]]}},{"type":"Feature","properties":{"landuse":"farmland"},"geometry":{"type":"Polygon","coordinates":[[[2.3534,45.2419],[2.3557,45.2416],[2.3556,45.2423],[2.3534,45.2419]]]}},{"type":"Feature","properties":{"landuse":"farmland"},"geometry":{"type":"Polygon","coordinates":[[[4.2059,45.2671],[4.2067,45.266],[4.2074,45.2669],[4.2059,45.2671]]]}},{"type":"Feature","properties":{"landuse":"farmland"},"geometry":{"type":"Polygon","coordinates":[[[4.2075,45.2701],[4.2064,45.2688],[4.2076,45.2689],[4.2075,45.2701]]]}},{"type":"Feature","properties":{"landuse":"farmland"},"geometry":{"type":"Polygon","coordinates":[[[4.2166,45.2748],[4.2174,45.2723],[4.2185,45.2739],[4.2166,45.2748]]]}},{"type":"Feature","properties":{"landuse":"farmland"},"geometry":{"type":"Polygon","coordinates":[[[4.2102,45.266],[4.2101,45.2692],[4.2078,45.2684],[4.2102,45.266]]]}},{"type":"Feature","properties":{"landuse":"farmland"},"geometry":{"type":"Polygon","coordinates":[[[4.1964,45.2727],[4.1958,45.2715],[4.1988,45.2723],[4.1964,45.2727]]]}},{"type":"Feature","properties":{"landuse":"farmland"},"geometry":{"type":"Polygon","coordinates":[[[4.1927,45.2708],[4.1911,45.2685],[4.1941,45.2695],[4.1927,45.2708]]]}},{"type":"Feature","properties":{"landuse":"farmland"},"geometry":{"type":"Polygon","coordinates":[[[4.2076,45.2717],[4.2081,45.2701],[4.2096,45.2713],[4.2076,45.2717]]]}},{"type":"Feature","properties":{"landuse":"farmland"},"geometry":{"type":"Polygon","coordinates":[[[4.2027,45.2651],[4.2036,45.2643],[4.2063,45.2644],[4.2027,45.2651]]]}},{"type":"Feature","properties":{"landuse":"farmland"},"geometry":{"type":"Polygon","coordinates":[[[4.2013,45.2717],[4.2031,45.2707],[4.2045,45.2713],[4.2013,45.2717]]]}},{"type":"Feature","properties":{"landuse":"farmland"},"geometry":{"type":"Polygon","coordinates":[[[4.2104,45.279],[4.2056,45.2795],[4.2085,45.2756],[4.2064,45.2756],[4.2104,45.279]]]}},{"type":"Feature","properties":{"landuse":"farmland"},"geometry":{"type":"Polygon","coordinates":[[[4.2034,45.2737],[4.2038,45.2726],[4.2059,45.2735],[4.2034,45.2737]]]}},{"type":"Feature","properties":{"landuse":"farmland"},"geometry":{"type":"Polygon","coordinates":[[[4.19,45.2811],[4.1925,45.279],[4.1869,45.2832],[4.19,45.2811]]]}},{"type":"Feature","properties":{"landuse":"farmland"},"geometry":{"type":"Polygon","coordinates":[[[4.1964,45.2798],[4.1942,45.2773],[4.1967,45.2752],[4.201,45.2781],[4.1964,45.2798]]]}},{"type":"Feature","properties":{"landuse":"farmland"},"geometry":{"type":"Polygon","coordinates":[[[4.1709,45.2646],[4.1729,45.2628],[4.1734,45.2633],[4.1709,45.2646]]]}},{"type":"Feature","properties":{"landuse":"farmland"},"geometry":{"type":"Polygon","coordinates":[[[4.1833,45.2755],[4.1817,45.2806],[4.1766,45.2809],[4.1808,45.275],[4.1875,45.273],[4.1833,45.2755]]]}},{"type":"Feature","properties":{"landuse":"farmland"},"geometry":{"type":"Polygon","coordinates":[[[4.1613,45.2709],[4.1641,45.2702],[4.1642,45.2711],[4.1613,45.2709]]]}},{"type":"Feature","properties":{"landuse":"farmland"},"geometry":{"type":"Polygon","coordinates":[[[4.1709,45.2712],[4.1697,45.2726],[4.1704,45.2699],[4.1709,45.2712]]]}},{"type":"Feature","properties":{"landuse":"farmland"},"geometry":{"type":"Polygon","coordinates":[[[4.1636,45.2656],[4.1629,45.2681],[4.1624,45.2656],[4.1636,45.2656]]]}},{"type":"Feature","properties":{"landuse":"farmland"},"geometry":{"type":"Polygon","coordinates":[[[4.1618,45.2641],[4.1622,45.2632],[4.1635,45.2633],[4.1618,45.2641]]]}},{"type":"Feature","properties":{"landuse":"farmland"},"geometry":{"type":"Polygon","coordinates":[[[2.4127,45.3195],[2.41,45.3179],[2.4145,45.3202],[2.4127,45.3195]]]}},{"type":"Feature","properties":{"landuse":"farmland"},"geometry":{"type":"Polygon","coordinates":[[[2.449,45.3648],[2.4497,45.363],[2.4514,45.3649],[2.449,45.3648]]]}},{"type":"Feature","properties":{"landuse":"farmland"},"geometry":{"type":"Polygon","coordinates":[[[2.4713,45.3588],[2.4691,45.3571],[2.4728,45.3564],[2.4713,45.3588]]]}},{"type":"Feature","properties":{"landuse":"farmland"},"geometry":{"type":"Polygon","coordinates":[[[2.4617,45.3576],[2.4623,45.3566],[2.4679,45.358],[2.4617,45.3576]]]}},{"type":"Feature","properties":{"landuse":"farmland"},"geometry":{"type":"Polygon","coordinates":[[[2.4598,45.3628],[2.4639,45.3644],[2.4621,45.3649],[2.4598,45.3628]]]}},{"type":"Feature","properties":{"landuse":"farmland"},"geometry":{"type":"Polygon","coordinates":[[[2.4587,45.3607],[2.4572,45.3577],[2.4599,45.3604],[2.4587,45.3607]]]}},{"type":"Feature","properties":{"landuse":"farmland"},"geometry":{"type":"Polygon","coordinates":[[[2.4479,45.3329],[2.451,45.3307],[2.4537,45.3342],[2.4479,45.3329]]]}},{"type":"Feature","properties":{"landuse":"farmland"},"geometry":{"type":"Polygon","coordinates":[[[2.4536,45.331],[2.4552,45.3327],[2.4535,45.3331],[2.4536,45.331]]]}},{"type":"Feature","properties":{"landuse":"farmland"},"geometry":{"type":"Polygon","coordinates":[[[4.1339,45.2391],[4.1379,45.2343],[4.1363,45.2387],[4.1339,45.2391]]]}},{"type":"Feature","properties":{"landuse":"farmland"},"geometry":{"type":"Polygon","coordinates":[[[4.1342,45.2377],[4.1306,45.2378],[4.1345,45.2364],[4.1342,45.2377]]]}},{"type":"Feature","properties":{"landuse":"farmland"},"geometry":{"type":"Polygon","coordinates":[[[4.1399,45.242],[4.1422,45.2417],[4.1423,45.2425],[4.1399,45.242]]]}},{"type":"Feature","properties":{"landuse":"farmland"},"geometry":{"type":"Polygon","coordinates":[[[4.1356,45.2446],[4.1369,45.2432],[4.1374,45.2446],[4.1356,45.2446]]]}},{"type":"Feature","properties":{"landuse":"farmland"},"geometry":{"type":"Polygon","coordinates":[[[4.1337,45.2438],[4.1322,45.2417],[4.1364,45.2404],[4.1337,45.2438]]]}},{"type":"Feature","properties":{"landuse":"farmland"},"geometry":{"type":"Polygon","coordinates":[[[4.1476,45.2373],[4.1515,45.2358],[4.1493,45.2377],[4.1476,45.2373]]]}},{"type":"Feature","properties":{"landuse":"farmland"},"geometry":{"type":"Polygon","coordinates":[[[4.1508,45.2394],[4.1492,45.2379],[4.1523,45.2374],[4.1508,45.2394]]]}},{"type":"Feature","properties":{"landuse":"farmland"},"geometry":{"type":"Polygon","coordinates":[[[4.1435,45.2361],[4.1417,45.2302],[4.1464,45.2351],[4.1435,45.2361]]]}},{"type":"Feature","properties":{"landuse":"farmland"},"geometry":{"type":"Polygon","coordinates":[[[4.1418,45.2041],[4.1439,45.2013],[4.1461,45.2046],[4.1418,45.2041]]]}},{"type":"Feature","properties":{"landuse":"farmland"},"geometry":{"type":"Polygon","coordinates":[[[4.1455,45.2208],[4.1443,45.2233],[4.1434,45.2229],[4.1455,45.2208]]]}},{"type":"Feature","properties":{"landuse":"farmland"},"geometry":{"type":"Polygon","coordinates":[[[4.1453,45.2227],[4.1463,45.2212],[4.1474,45.2218],[4.1453,45.2227]]]}},{"type":"Feature","properties":{"landuse":"farmland"},"geometry":{"type":"Polygon","coordinates":[[[4.1465,45.2128],[4.1495,45.2135],[4.1482,45.2141],[4.1465,45.2128]]]}},{"type":"Feature","properties":{"landuse":"farmland"},"geometry":{"type":"Polygon","coordinates":[[[4.1319,45.2162],[4.1288,45.2161],[4.1318,45.2139],[4.1319,45.2162]]]}},{"type":"Feature","properties":{"landuse":"farmland"},"geometry":{"type":"Polygon","coordinates":[[[4.1587,45.2162],[4.1581,45.2147],[4.1598,45.2154],[4.1587,45.2162]]]}},{"type":"Feature","properties":{"landuse":"farmland"},"geometry":{"type":"Polygon","coordinates":[[[4.1393,45.2104],[4.1409,45.2088],[4.1418,45.2106],[4.1393,45.2104]]]}},{"type":"Feature","properties":{"landuse":"farmland"},"geometry":{"type":"Polygon","coordinates":[[[4.14,45.2134],[4.14,45.2116],[4.1434,45.2118],[4.14,45.2134]]]}},{"type":"Feature","properties":{"landuse":"farmland"},"geometry":{"type":"Polygon","coordinates":[[[4.1518,45.2113],[4.1543,45.2119],[4.1508,45.2114],[4.1518,45.2113]]]}},{"type":"Feature","properties":{"landuse":"farmland"},"geometry":{"type":"Polygon","coordinates":[[[4.1205,45.2131],[4.1203,45.2104],[4.1237,45.2109],[4.1231,45.2131],[4.1264,45.2107],[4.1286,45.2145],[4.1205,45.2131]]]}},{"type":"Feature","properties":{"landuse":"farmland"},"geometry":{"type":"Polygon","coordinates":[[[4.1222,45.2163],[4.1261,45.2153],[4.1231,45.2176],[4.1222,45.2163]]]}},{"type":"Feature","properties":{"landuse":"farmland"},"geometry":{"type":"Polygon","coordinates":[[[4.1521,45.1988],[4.1558,45.1983],[4.1565,45.1996],[4.1521,45.1988]]]}},{"type":"Feature","properties":{"landuse":"farmland"},"geometry":{"type":"Polygon","coordinates":[[[4.154,45.2022],[4.1493,45.2013],[4.1515,45.1991],[4.154,45.2022]]]}},{"type":"Feature","properties":{"landuse":"farmland"},"geometry":{"type":"Polygon","coordinates":[[[4.1501,45.2054],[4.1574,45.2093],[4.1516,45.2085],[4.1501,45.2054]]]}},{"type":"Feature","properties":{"landuse":"farmland"},"geometry":{"type":"Polygon","coordinates":[[[4.1545,45.2045],[4.1558,45.2051],[4.1545,45.2054],[4.1545,45.2045]]]}},{"type":"Feature","properties":{"landuse":"farmland"},"geometry":{"type":"Polygon","coordinates":[[[4.1576,45.2113],[4.1591,45.2093],[4.1588,45.2112],[4.1576,45.2113]]]}},{"type":"Feature","properties":{"landuse":"farmland"},"geometry":{"type":"Polygon","coordinates":[[[4.1579,45.217],[4.1558,45.2161],[4.157,45.2148],[4.1579,45.217]]]}},{"type":"Feature","properties":{"landuse":"farmland"},"geometry":{"type":"Polygon","coordinates":[[[4.1448,45.2158],[4.1473,45.2168],[4.1463,45.2174],[4.1448,45.2158]]]}},{"type":"Feature","properties":{"landuse":"farmland"},"geometry":{"type":"Polygon","coordinates":[[[2.2746,45.2238],[2.2773,45.2221],[2.2774,45.2236],[2.2746,45.2238]]]}},{"type":"Feature","properties":{"landuse":"farmland"},"geometry":{"type":"Polygon","coordinates":[[[4.1124,45.2232],[4.1134,45.2221],[4.1149,45.2232],[4.1124,45.2232]]]}},{"type":"Feature","properties":{"landuse":"farmland"},"geometry":{"type":"Polygon","coordinates":[[[4.1119,45.2248],[4.1144,45.2233],[4.1134,45.2249],[4.1119,45.2248]]]}},{"type":"Feature","properties":{"landuse":"farmland"},"geometry":{"type":"Polygon","coordinates":[[[4.1244,45.2296],[4.1271,45.2272],[4.1254,45.2284],[4.1291,45.2292],[4.1244,45.2296]]]}},{"type":"Feature","properties":{"landuse":"farmland"},"geometry":{"type":"Polygon","coordinates":[[[4.1167,45.2409],[4.1171,45.2398],[4.1196,45.2406],[4.1167,45.2409]]]}},{"type":"Feature","properties":{"landuse":"farmland"},"geometry":{"type":"Polygon","coordinates":[[[4.1143,45.2397],[4.1141,45.2384],[4.1158,45.2385],[4.1143,45.2397]]]}},{"type":"Feature","properties":{"landuse":"farmland"},"geometry":{"type":"Polygon","coordinates":[[[4.112,45.2408],[4.11,45.2415],[4.1098,45.2399],[4.112,45.2408]]]}},{"type":"Feature","properties":{"landuse":"farmland"},"geometry":{"type":"Polygon","coordinates":[[[4.1209,45.235],[4.1262,45.2343],[4.124,45.2362],[4.1209,45.235]]]}},{"type":"Feature","properties":{"landuse":"farmland"},"geometry":{"type":"Polygon","coordinates":[[[4.1824,45.2216],[4.1822,45.2199],[4.1835,45.2202],[4.1824,45.2216]]]}},{"type":"Feature","properties":{"landuse":"farmland"},"geometry":{"type":"Polygon","coordinates":[[[4.1332,45.1672],[4.1359,45.1596],[4.1363,45.1672],[4.1332,45.1672]]]}},{"type":"Feature","properties":{"landuse":"farmland"},"geometry":{"type":"Polygon","coordinates":[[[4.1317,45.1731],[4.1324,45.1701],[4.134,45.1728],[4.1317,45.1731]]]}},{"type":"Feature","properties":{"landuse":"farmland"},"geometry":{"type":"Polygon","coordinates":[[[4.1314,45.1744],[4.1315,45.1732],[4.1339,45.1732],[4.1314,45.1744]]]}},{"type":"Feature","properties":{"landuse":"farmland"},"geometry":{"type":"Polygon","coordinates":[[[4.1181,45.1692],[4.1185,45.1676],[4.1211,45.1688],[4.1181,45.1692]]]}},{"type":"Feature","properties":{"landuse":"farmland"},"geometry":{"type":"Polygon","coordinates":[[[4.14,45.171],[4.1377,45.1692],[4.1411,45.1705],[4.14,45.171]]]}},{"type":"Feature","properties":{"landuse":"farmland"},"geometry":{"type":"Polygon","coordinates":[[[4.1393,45.168],[4.1402,45.1662],[4.1411,45.1677],[4.1393,45.168]]]}},{"type":"Feature","properties":{"landuse":"farmland"},"geometry":{"type":"Polygon","coordinates":[[[4.1516,45.17],[4.1526,45.1675],[4.154,45.1686],[4.1516,45.17]]]}},{"type":"Feature","properties":{"landuse":"farmland"},"geometry":{"type":"Polygon","coordinates":[[[4.1433,45.1631],[4.1418,45.1612],[4.1456,45.1617],[4.1433,45.1631]]]}},{"type":"Feature","properties":{"landuse":"farmland"},"geometry":{"type":"Polygon","coordinates":[[[4.1446,45.1754],[4.147,45.1722],[4.1524,45.1718],[4.1446,45.1754]]]}},{"type":"Feature","properties":{"landuse":"farmland"},"geometry":{"type":"Polygon","coordinates":[[[4.1495,45.176],[4.1496,45.1749],[4.1513,45.1749],[4.1495,45.176]]]}},{"type":"Feature","properties":{"landuse":"farmland"},"geometry":{"type":"Polygon","coordinates":[[[4.1402,45.1726],[4.1438,45.1725],[4.1439,45.1759],[4.1402,45.1726]]]}},{"type":"Feature","properties":{"landuse":"farmland"},"geometry":{"type":"Polygon","coordinates":[[[4.1186,45.1715],[4.1168,45.1719],[4.1178,45.1708],[4.1186,45.1715]]]}},{"type":"Feature","properties":{"landuse":"farmland"},"geometry":{"type":"Polygon","coordinates":[[[4.1221,45.1768],[4.1235,45.1734],[4.1241,45.1736],[4.1221,45.1768]]]}},{"type":"Feature","properties":{"landuse":"farmland"},"geometry":{"type":"Polygon","coordinates":[[[4.1183,45.1778],[4.119,45.1754],[4.1198,45.1773],[4.1183,45.1778]]]}},{"type":"Feature","properties":{"landuse":"farmland"},"geometry":{"type":"Polygon","coordinates":[[[4.118,45.1554],[4.1185,45.1535],[4.1222,45.1573],[4.118,45.1554]]]}},{"type":"Feature","properties":{"landuse":"farmland"},"geometry":{"type":"Polygon","coordinates":[[[4.1251,45.1579],[4.1291,45.157],[4.1267,45.1595],[4.1251,45.1579]]]}},{"type":"Feature","properties":{"landuse":"farmland"},"geometry":{"type":"Polygon","coordinates":[[[4.1207,45.1524],[4.1213,45.1545],[4.1193,45.1541],[4.1207,45.1524]]]}},{"type":"Feature","properties":{"landuse":"farmland"},"geometry":{"type":"Polygon","coordinates":[[[4.1188,45.1469],[4.1177,45.1456],[4.1198,45.1469],[4.1188,45.1469]]]}},{"type":"Feature","properties":{"landuse":"farmland"},"geometry":{"type":"Polygon","coordinates":[[[4.1157,45.1463],[4.117,45.1455],[4.1183,45.1474],[4.1157,45.1463]]]}},{"type":"Feature","properties":{"landuse":"farmland"},"geometry":{"type":"Polygon","coordinates":[[[4.1226,45.1528],[4.1268,45.1537],[4.1241,45.1554],[4.1226,45.1528]]]}},{"type":"Feature","properties":{"landuse":"farmland"},"geometry":{"type":"Polygon","coordinates":[[[4.1202,45.1482],[4.1221,45.1454],[4.1249,45.1494],[4.1202,45.1482]]]}},{"type":"Feature","properties":{"landuse":"farmland"},"geometry":{"type":"Polygon","coordinates":[[[4.115,45.1636],[4.1177,45.1621],[4.1174,45.1642],[4.115,45.1636]]]}},{"type":"Feature","properties":{"landuse":"farmland"},"geometry":{"type":"Polygon","coordinates":[[[4.1145,45.1597],[4.1132,45.1589],[4.1142,45.1575],[4.1145,45.1597]]]}},{"type":"Feature","properties":{"landuse":"farmland"},"geometry":{"type":"Polygon","coordinates":[[[4.1177,45.1576],[4.1139,45.1556],[4.116,45.1541],[4.1177,45.1576]]]}},{"type":"Feature","properties":{"landuse":"farmland"},"geometry":{"type":"Polygon","coordinates":[[[4.1088,45.1626],[4.1113,45.1621],[4.1085,45.1647],[4.1088,45.1626]]]}},{"type":"Feature","properties":{"landuse":"farmland"},"geometry":{"type":"Polygon","coordinates":[[[4.1166,45.1593],[4.1175,45.158],[4.1187,45.1585],[4.1166,45.1593]]]}},{"type":"Feature","properties":{"landuse":"farmland"},"geometry":{"type":"Polygon","coordinates":[[[4.1134,45.1823],[4.1112,45.1822],[4.1127,45.1806],[4.1134,45.1823]]]}},{"type":"Feature","properties":{"landuse":"farmland"},"geometry":{"type":"Polygon","coordinates":[[[4.1419,45.1549],[4.1455,45.154],[4.1454,45.1575],[4.1419,45.1549]]]}},{"type":"Feature","properties":{"landuse":"farmland"},"geometry":{"type":"Polygon","coordinates":[[[4.1399,45.1568],[4.1417,45.1551],[4.1427,45.1566],[4.1399,45.1568]]]}},{"type":"Feature","properties":{"landuse":"farmland"},"geometry":{"type":"Polygon","coordinates":[[[4.1401,45.1446],[4.1435,45.1426],[4.1423,45.1463],[4.1401,45.1446]]]}},{"type":"Feature","properties":{"landuse":"farmland"},"geometry":{"type":"Polygon","coordinates":[[[4.1313,45.1454],[4.1328,45.1451],[4.1338,45.1461],[4.1313,45.1454]]]}},{"type":"Feature","properties":{"landuse":"farmland"},"geometry":{"type":"Polygon","coordinates":[[[4.1491,45.1629],[4.1551,45.1623],[4.154,45.1654],[4.1491,45.1629]]]}},{"type":"Feature","properties":{"landuse":"farmland"},"geometry":{"type":"Polygon","coordinates":[[[4.1524,45.1605],[4.1547,45.162],[4.1524,45.1625],[4.1524,45.1605]]]}},{"type":"Feature","properties":{"landuse":"farmland"},"geometry":{"type":"Polygon","coordinates":[[[4.1134,45.1366],[4.1148,45.1359],[4.1145,45.1368],[4.1134,45.1366]]]}},{"type":"Feature","properties":{"landuse":"farmland"},"geometry":{"type":"Polygon","coordinates":[[[4.1043,45.1372],[4.104,45.1359],[4.1057,45.1357],[4.1043,45.1372]]]}},{"type":"Feature","properties":{"landuse":"farmland"},"geometry":{"type":"Polygon","coordinates":[[[4.1058,45.1388],[4.108,45.1392],[4.1065,45.1415],[4.1058,45.1388]]]}},{"type":"Feature","properties":{"landuse":"farmland"},"geometry":{"type":"Polygon","coordinates":[[[4.1025,45.2368],[4.106,45.2361],[4.1066,45.2386],[4.1025,45.2368]]]}},{"type":"Feature","properties":{"landuse":"farmland"},"geometry":{"type":"Polygon","coordinates":[[[3.074,45.9824],[3.0738,45.9814],[3.0768,45.9822],[3.074,45.9824]]]}},{"type":"Feature","properties":{"landuse":"farmland"},"geometry":{"type":"Polygon","coordinates":[[[3.0787,45.9809],[3.0761,45.9765],[3.0789,45.9745],[3.0787,45.9809]]]}},{"type":"Feature","properties":{"landuse":"farmland"},"geometry":{"type":"Polygon","coordinates":[[[4.0917,45.151],[4.092,45.1495],[4.0929,45.1505],[4.0917,45.151]]]}},{"type":"Feature","properties":{"landuse":"farmland"},"geometry":{"type":"Polygon","coordinates":[[[3.2756,45.548],[3.2694,45.5453],[3.2758,45.5452],[3.2756,45.548]]]}},{"type":"Feature","properties":{"landuse":"farmland"},"geometry":{"type":"Polygon","coordinates":[[[3.2728,45.5433],[3.2686,45.5416],[3.2694,45.5388],[3.2728,45.5433]]]}},{"type":"Feature","properties":{"landuse":"farmland"},"geometry":{"type":"Polygon","coordinates":[[[3.2688,45.5447],[3.2691,45.5432],[3.2698,45.5443],[3.2688,45.5447]]]}},{"type":"Feature","properties":{"landuse":"green_public_spaces"},"geometry":{"type":"Polygon","coordinates":[[[3.2602,45.5442],[3.2565,45.5434],[3.2592,45.543],[3.2602,45.5442]]]}},{"type":"Feature","properties":{"landuse":"farmland"},"geometry":{"type":"Polygon","coordinates":[[[4.0754,45.2123],[4.0765,45.2107],[4.0795,45.2114],[4.0754,45.2123]]]}},{"type":"Feature","properties":{"landuse":"farmland"},"geometry":{"type":"Polygon","coordinates":[[[4.0753,45.2155],[4.0772,45.2143],[4.0773,45.2158],[4.0753,45.2155]]]}},{"type":"Feature","properties":{"landuse":"farmland"},"geometry":{"type":"Polygon","coordinates":[[[3.1489,45.7788],[3.1473,45.7731],[3.1524,45.7778],[3.1489,45.7788]]]}},{"type":"Feature","properties":{"landuse":"farmland"},"geometry":{"type":"Polygon","coordinates":[[[3.1501,45.7718],[3.152,45.7717],[3.1502,45.7739],[3.1501,45.7718]]]}},{"type":"Feature","properties":{"landuse":"farmland"},"geometry":{"type":"Polygon","coordinates":[[[3.1565,45.7777],[3.1578,45.7728],[3.175,45.7744],[3.1565,45.7777]]]}},{"type":"Feature","properties":{"landuse":"farmland"},"geometry":{"type":"Polygon","coordinates":[[[3.3584,45.9105],[3.3625,45.9098],[3.3627,45.914],[3.3584,45.9105]]]}},{"type":"Feature","properties":{"landuse":"farmland"},"geometry":{"type":"Polygon","coordinates":[[[3.37,45.9338],[3.3608,45.9359],[3.3631,45.9357],[3.3602,45.9302],[3.3501,45.9263],[3.3513,45.9237],[3.3466,45.9192],[3.349,45.9178],[3.3417,45.9168],[3.3439,45.9114],[3.352,45.9127],[3.3493,45.9103],[3.3577,45.9084],[3.362,45.9142],[3.3622,45.9252],[3.3696,45.9274],[3.3735,45.9325],[3.37,45.9338]]]}},{"type":"Feature","properties":{"landuse":"farmland"},"geometry":{"type":"Polygon","coordinates":[[[4.0694,45.1956],[4.072,45.1953],[4.0664,45.194],[4.0723,45.1934],[4.0704,45.1912],[4.0751,45.1982],[4.0694,45.1956]]]}},{"type":"Feature","properties":{"landuse":"farmland"},"geometry":{"type":"Polygon","coordinates":[[[4.0621,45.1904],[4.0625,45.1914],[4.0598,45.1909],[4.0621,45.1904]]]}},{"type":"Feature","properties":{"landuse":"farmland"},"geometry":{"type":"Polygon","coordinates":[[[3.0231,45.5759],[3.0214,45.5746],[3.0247,45.5734],[3.0231,45.5759]]]}},{"type":"Feature","properties":{"landuse":"farmland"},"geometry":{"type":"Polygon","coordinates":[[[4.3383,45.2431],[4.3405,45.2406],[4.3411,45.2416],[4.3383,45.2431]]]}},{"type":"Feature","properties":{"landuse":"farmland"},"geometry":{"type":"Polygon","coordinates":[[[4.3499,45.2389],[4.3482,45.2342],[4.3517,45.237],[4.3499,45.2389]]]}},{"type":"Feature","properties":{"landuse":"farmland"},"geometry":{"type":"Polygon","coordinates":[[[4.343,45.235],[4.3438,45.2335],[4.345,45.2346],[4.343,45.235]]]}},{"type":"Feature","properties":{"landuse":"farmland"},"geometry":{"type":"Polygon","coordinates":[[[4.3397,45.234],[4.3403,45.2327],[4.3424,45.2346],[4.3397,45.234]]]}},{"type":"Feature","properties":{"landuse":"farmland"},"geometry":{"type":"Polygon","coordinates":[[[4.3442,45.2388],[4.3427,45.2386],[4.345,45.2373],[4.3442,45.2388]]]}},{"type":"Feature","properties":{"landuse":"farmland"},"geometry":{"type":"Polygon","coordinates":[[[4.3331,45.2428],[4.3361,45.2424],[4.335,45.2441],[4.3331,45.2428]]]}},{"type":"Feature","properties":{"landuse":"farmland"},"geometry":{"type":"Polygon","coordinates":[[[4.3363,45.2377],[4.3387,45.238],[4.3376,45.2405],[4.3363,45.2377]]]}},{"type":"Feature","properties":{"landuse":"farmland"},"geometry":{"type":"Polygon","coordinates":[[[4.3277,45.2252],[4.3252,45.2267],[4.3245,45.2251],[4.3277,45.2252]]]}},{"type":"Feature","properties":{"landuse":"farmland"},"geometry":{"type":"Polygon","coordinates":[[[4.3289,45.2244],[4.3278,45.2236],[4.3297,45.2232],[4.3289,45.2244]]]}},{"type":"Feature","properties":{"landuse":"farmland"},"geometry":{"type":"Polygon","coordinates":[[[4.3328,45.2318],[4.3349,45.2304],[4.3342,45.232],[4.3328,45.2318]]]}},{"type":"Feature","properties":{"landuse":"farmland"},"geometry":{"type":"Polygon","coordinates":[[[4.3334,45.2305],[4.3317,45.2301],[4.3325,45.2295],[4.3334,45.2305]]]}},{"type":"Feature","properties":{"landuse":"farmland"},"geometry":{"type":"Polygon","coordinates":[[[4.3246,45.236],[4.3279,45.2344],[4.3279,45.2364],[4.3246,45.236]]]}},{"type":"Feature","properties":{"landuse":"farmland"},"geometry":{"type":"Polygon","coordinates":[[[4.3317,45.2385],[4.3304,45.2372],[4.3325,45.2362],[4.3317,45.2385]]]}},{"type":"Feature","properties":{"landuse":"farmland"},"geometry":{"type":"Polygon","coordinates":[[[4.3197,45.2185],[4.3189,45.2173],[4.3234,45.2172],[4.3197,45.2185]]]}},{"type":"Feature","properties":{"landuse":"farmland"},"geometry":{"type":"Polygon","coordinates":[[[4.3118,45.2174],[4.3081,45.2157],[4.3125,45.2166],[4.3118,45.2174]]]}},{"type":"Feature","properties":{"landuse":"farmland"},"geometry":{"type":"Polygon","coordinates":[[[4.3244,45.2194],[4.3264,45.219],[4.3274,45.22],[4.3244,45.2194]]]}},{"type":"Feature","properties":{"landuse":"farmland"},"geometry":{"type":"Polygon","coordinates":[[[4.3188,45.2222],[4.3204,45.2215],[4.3233,45.2217],[4.3188,45.2222]]]}},{"type":"Feature","properties":{"landuse":"farmland"},"geometry":{"type":"Polygon","coordinates":[[[3.3666,46.3379],[3.3725,46.3386],[3.3737,46.3429],[3.3653,46.3443],[3.3688,46.3413],[3.3635,46.3423],[3.3666,46.3379]]]}},{"type":"Feature","properties":{"landuse":"farmland"},"geometry":{"type":"Polygon","coordinates":[[[3.4157,46.2264],[3.4177,46.229],[3.4116,46.2265],[3.4155,46.2235],[3.4157,46.2264]]]}},{"type":"Feature","properties":{"landuse":"farmland"},"geometry":{"type":"Polygon","coordinates":[[[3.4033,46.2175],[3.4117,46.215],[3.4169,46.2204],[3.4075,46.2245],[3.4036,46.2223],[3.4062,46.2195],[3.4033,46.2175]]]}},{"type":"Feature","properties":{"landuse":"farmland"},"geometry":{"type":"Polygon","coordinates":[[[3.3738,46.3058],[3.3762,46.3105],[3.3687,46.3102],[3.3691,46.3068],[3.3738,46.3058]]]}},{"type":"Feature","properties":{"landuse":"farmland"},"geometry":{"type":"Polygon","coordinates":[[[3.3776,46.2909],[3.3826,46.2926],[3.3788,46.2939],[3.3776,46.2909]]]}},{"type":"Feature","properties":{"landuse":"farmland"},"geometry":{"type":"Polygon","coordinates":[[[3.4015,46.3006],[3.3987,46.3036],[3.3951,46.3013],[3.4015,46.3006]]]}},{"type":"Feature","properties":{"landuse":"farmland"},"geometry":{"type":"Polygon","coordinates":[[[3.3897,46.3],[3.391,46.2961],[3.3958,46.298],[3.3897,46.3]]]}},{"type":"Feature","properties":{"landuse":"farmland"},"geometry":{"type":"Polygon","coordinates":[[[3.3825,46.3207],[3.3867,46.3233],[3.3823,46.324],[3.3825,46.3207]]]}},{"type":"Feature","properties":{"landuse":"farmland"},"geometry":{"type":"Polygon","coordinates":[[[3.3378,46.4471],[3.341,46.451],[3.3343,46.4516],[3.3336,46.4488],[3.3377,46.4497],[3.3378,46.4471]]]}},{"type":"Feature","properties":{"landuse":"farmland"},"geometry":{"type":"Polygon","coordinates":[[[3.3393,46.4531],[3.3438,46.4515],[3.3455,46.456],[3.3422,46.4567],[3.3393,46.4531]]]}},{"type":"Feature","properties":{"landuse":"farmland"},"geometry":{"type":"Polygon","coordinates":[[[3.3594,46.4621],[3.3586,46.4697],[3.3555,46.4689],[3.3538,46.4647],[3.3594,46.4621]]]}},{"type":"Feature","properties":{"landuse":"farmland"},"geometry":{"type":"Polygon","coordinates":[[[3.3533,46.4482],[3.3483,46.4517],[3.3428,46.4483],[3.3479,46.4444],[3.3533,46.4482]]]}},{"type":"Feature","properties":{"landuse":"farmland"},"geometry":{"type":"Polygon","coordinates":[[[3.3551,46.4592],[3.3564,46.4561],[3.3599,46.459],[3.3541,46.4625],[3.3551,46.4592]]]}},{"type":"Feature","properties":{"landuse":"farmland"},"geometry":{"type":"Polygon","coordinates":[[[3.3394,46.4449],[3.3436,46.445],[3.3399,46.4478],[3.3354,46.4457],[3.3394,46.4449]]]}},{"type":"Feature","properties":{"landuse":"farmland"},"geometry":{"type":"Polygon","coordinates":[[[3.352,46.4634],[3.3476,46.4654],[3.3443,46.4625],[3.349,46.4601],[3.352,46.4634]]]}},{"type":"Feature","properties":{"landuse":"farmland"},"geometry":{"type":"Polygon","coordinates":[[[4.271,45.2396],[4.269,45.2372],[4.2775,45.2356],[4.271,45.2396]]]}},{"type":"Feature","properties":{"landuse":"farmland"},"geometry":{"type":"Polygon","coordinates":[[[4.267,45.2349],[4.2668,45.2336],[4.2685,45.2334],[4.267,45.2349]]]}},{"type":"Feature","properties":{"landuse":"farmland"},"geometry":{"type":"Polygon","coordinates":[[[4.279,45.2391],[4.2781,45.2374],[4.2794,45.2377],[4.279,45.2391]]]}},{"type":"Feature","properties":{"landuse":"farmland"},"geometry":{"type":"Polygon","coordinates":[[[4.2644,45.2414],[4.2657,45.2412],[4.2674,45.2426],[4.2644,45.2414]]]}},{"type":"Feature","properties":{"landuse":"farmland"},"geometry":{"type":"Polygon","coordinates":[[[4.2717,45.2258],[4.2716,45.2235],[4.2735,45.2247],[4.2717,45.2258]]]}},{"type":"Feature","properties":{"landuse":"farmland"},"geometry":{"type":"Polygon","coordinates":[[[4.2666,45.2281],[4.2674,45.2265],[4.2702,45.2276],[4.2666,45.2281]]]}},{"type":"Feature","properties":{"landuse":"farmland"},"geometry":{"type":"Polygon","coordinates":[[[4.2641,45.2277],[4.2644,45.2257],[4.2656,45.2278],[4.2641,45.2277]]]}},{"type":"Feature","properties":{"landuse":"farmland"},"geometry":{"type":"Polygon","coordinates":[[[4.273,45.2302],[4.2781,45.2298],[4.2793,45.2329],[4.273,45.2302]]]}},{"type":"Feature","properties":{"landuse":"farmland"},"geometry":{"type":"Polygon","coordinates":[[[4.3033,45.2294],[4.3028,45.2315],[4.3001,45.2323],[4.3033,45.2294]]]}},{"type":"Feature","properties":{"landuse":"farmland"},"geometry":{"type":"Polygon","coordinates":[[[4.2822,45.2293],[4.2832,45.2282],[4.2843,45.2293],[4.2822,45.2293]]]}},{"type":"Feature","properties":{"landuse":"farmland"},"geometry":{"type":"Polygon","coordinates":[[[4.3048,45.2391],[4.3047,45.2382],[4.3061,45.238],[4.3048,45.2391]]]}},{"type":"Feature","properties":{"landuse":"farmland"},"geometry":{"type":"Polygon","coordinates":[[[4.3111,45.2323],[4.3114,45.2312],[4.3136,45.2329],[4.3111,45.2323]]]}},{"type":"Feature","properties":{"landuse":"farmland"},"geometry":{"type":"Polygon","coordinates":[[[4.2823,45.2433],[4.2818,45.242],[4.2832,45.2415],[4.2823,45.2433]]]}},{"type":"Feature","properties":{"landuse":"farmland"},"geometry":{"type":"Polygon","coordinates":[[[4.28,45.2447],[4.2797,45.2432],[4.2808,45.2443],[4.28,45.2447]]]}},{"type":"Feature","properties":{"landuse":"farmland"},"geometry":{"type":"Polygon","coordinates":[[[4.2847,45.2496],[4.2804,45.2486],[4.281,45.2456],[4.2847,45.2496]]]}},{"type":"Feature","properties":{"landuse":"farmland"},"geometry":{"type":"Polygon","coordinates":[[[3.213,45.6269],[3.2173,45.6273],[3.2138,45.6282],[3.213,45.6269]]]}},{"type":"Feature","properties":{"landuse":"farmland"},"geometry":{"type":"Polygon","coordinates":[[[3.2008,45.6814],[3.2022,45.6808],[3.1977,45.6861],[3.2008,45.6814]]]}},{"type":"Feature","properties":{"landuse":"farmland"},"geometry":{"type":"Polygon","coordinates":[[[3.2001,45.6874],[3.1984,45.688],[3.1991,45.687],[3.2001,45.6874]]]}},{"type":"Feature","properties":{"landuse":"farmland"},"geometry":{"type":"Polygon","coordinates":[[[3.2171,45.7027],[3.2102,45.7003],[3.2065,45.6951],[3.2097,45.6936],[3.2045,45.6915],[3.2176,45.6924],[3.2171,45.7027]]]}},{"type":"Feature","properties":{"landuse":"farmland"},"geometry":{"type":"Polygon","coordinates":[[[3.9061,45.0354],[3.9009,45.0317],[3.8973,45.0355],[3.8905,45.028],[3.8883,45.0286],[3.8923,45.0313],[3.8891,45.0335],[3.8841,45.0239],[3.8885,45.0218],[3.8856,45.0238],[3.8878,45.0264],[3.9,45.0203],[3.8998,45.0274],[3.9051,45.0297],[3.9061,45.0354]]]}},{"type":"Feature","properties":{"landuse":"green_public_spaces"},"geometry":{"type":"Polygon","coordinates":[[[3.1908,45.7156],[3.1909,45.7143],[3.1928,45.7148],[3.1908,45.7156]]]}},{"type":"Feature","properties":{"landuse":"green_public_spaces"},"geometry":{"type":"Polygon","coordinates":[[[3.1198,45.897],[3.12,45.8957],[3.1213,45.8962],[3.1198,45.897]]]}},{"type":"Feature","properties":{"landuse":"green_public_spaces"},"geometry":{"type":"Polygon","coordinates":[[[3.6383,46.2475],[3.6362,46.2471],[3.6394,46.2454],[3.6383,46.2475]]]}},{"type":"Feature","properties":{"landuse":"farmland"},"geometry":{"type":"Polygon","coordinates":[[[4.2478,45.1355],[4.2484,45.1349],[4.2499,45.1359],[4.2478,45.1355]]]}},{"type":"Feature","properties":{"landuse":"farmland"},"geometry":{"type":"Polygon","coordinates":[[[4.2457,45.1314],[4.2485,45.1322],[4.2446,45.1331],[4.2457,45.1314]]]}},{"type":"Feature","properties":{"landuse":"farmland"},"geometry":{"type":"Polygon","coordinates":[[[4.2603,45.1342],[4.2606,45.1332],[4.2616,45.1331],[4.2603,45.1342]]]}},{"type":"Feature","properties":{"landuse":"farmland"},"geometry":{"type":"Polygon","coordinates":[[[4.2595,45.1378],[4.2588,45.1356],[4.2615,45.1363],[4.2595,45.1378]]]}},{"type":"Feature","properties":{"landuse":"farmland"},"geometry":{"type":"Polygon","coordinates":[[[4.2511,45.1111],[4.2553,45.1097],[4.2518,45.1114],[4.2511,45.1111]]]}},{"type":"Feature","properties":{"landuse":"greenhouse_horticulture"},"geometry":{"type":"Polygon","coordinates":[[[4.2769,45.1311],[4.2799,45.1317],[4.278,45.132],[4.2769,45.1311]]]}},{"type":"Feature","properties":{"landuse":"farmland"},"geometry":{"type":"Polygon","coordinates":[[[4.2855,45.1216],[4.2877,45.1239],[4.2845,45.1254],[4.2872,45.124],[4.2855,45.1216]]]}},{"type":"Feature","properties":{"landuse":"farmland"},"geometry":{"type":"Polygon","coordinates":[[[4.3177,45.1269],[4.3162,45.1269],[4.318,45.1261],[4.3177,45.1269]]]}},{"type":"Feature","properties":{"landuse":"farmland"},"geometry":{"type":"Polygon","coordinates":[[[4.3044,45.1384],[4.3035,45.1383],[4.3057,45.1366],[4.3044,45.1384]]]}},{"type":"Feature","properties":{"landuse":"farmland"},"geometry":{"type":"Polygon","coordinates":[[[4.3224,45.2011],[4.3259,45.1973],[4.326,45.1984],[4.3224,45.2011]]]}},{"type":"Feature","properties":{"landuse":"farmland"},"geometry":{"type":"Polygon","coordinates":[[[4.2696,45.1146],[4.2667,45.1135],[4.27,45.114],[4.2696,45.1146]]]}},{"type":"Feature","properties":{"landuse":"farmland"},"geometry":{"type":"Polygon","coordinates":[[[4.287,45.1117],[4.2854,45.1135],[4.2841,45.1129],[4.287,45.1117]]]}},{"type":"Feature","properties":{"landuse":"farmland"},"geometry":{"type":"Polygon","coordinates":[[[4.2866,45.1084],[4.2878,45.1069],[4.2884,45.1083],[4.2866,45.1084]]]}},{"type":"Feature","properties":{"landuse":"farmland"},"geometry":{"type":"Polygon","coordinates":[[[4.2915,45.1067],[4.2917,45.1056],[4.2957,45.1062],[4.2915,45.1067]]]}},{"type":"Feature","properties":{"landuse":"farmland"},"geometry":{"type":"Polygon","coordinates":[[[4.2751,45.1143],[4.2757,45.1115],[4.2785,45.1114],[4.2751,45.1143]]]}},{"type":"Feature","properties":{"landuse":"green_public_spaces"},"geometry":{"type":"Polygon","coordinates":[[[2.6572,46.2896],[2.6594,46.2887],[2.6583,46.2903],[2.6572,46.2896]]]}},{"type":"Feature","properties":{"landuse":"green_public_spaces"},"geometry":{"type":"Polygon","coordinates":[[[3.3391,46.5632],[3.3367,46.5631],[3.3382,46.5619],[3.3391,46.5632]]]}},{"type":"Feature","properties":{"landuse":"farmland"},"geometry":{"type":"Polygon","coordinates":[[[4.3638,45.2167],[4.3621,45.216],[4.364,45.2152],[4.3638,45.2167]]]}},{"type":"Feature","properties":{"landuse":"farmland"},"geometry":{"type":"Polygon","coordinates":[[[4.3565,45.2135],[4.3584,45.2124],[4.3617,45.2122],[4.3565,45.2135]]]}},{"type":"Feature","properties":{"landuse":"farmland"},"geometry":{"type":"Polygon","coordinates":[[[4.3507,45.2025],[4.3527,45.2034],[4.3499,45.2033],[4.3507,45.2025]]]}},{"type":"Feature","properties":{"landuse":"farmland"},"geometry":{"type":"Polygon","coordinates":[[[4.0673,45.0204],[4.067,45.0194],[4.0692,45.0196],[4.0673,45.0204]]]}},{"type":"Feature","properties":{"landuse":"green_public_spaces"},"geometry":{"type":"Polygon","coordinates":[[[3.8425,45.0553],[3.8436,45.0552],[3.8429,45.0566],[3.8425,45.0553]]]}},{"type":"Feature","properties":{"landuse":"farmland"},"geometry":{"type":"Polygon","coordinates":[[[3.9045,45.0422],[3.9062,45.0436],[3.9009,45.0489],[3.9005,45.0427],[3.9045,45.0422]]]}},{"type":"Feature","properties":{"landuse":"farmland"},"geometry":{"type":"Polygon","coordinates":[[[3.3193,46.5344],[3.3191,46.5323],[3.3202,46.533],[3.3193,46.5344]]]}},{"type":"Feature","properties":{"landuse":"farmland"},"geometry":{"type":"Polygon","coordinates":[[[3.3206,46.5485],[3.3201,46.5425],[3.3215,46.5475],[3.3206,46.5485]]]}},{"type":"Feature","properties":{"landuse":"farmland"},"geometry":{"type":"Polygon","coordinates":[[[3.3223,46.5485],[3.3204,46.5395],[3.3228,46.5273],[3.3273,46.5293],[3.3242,46.5312],[3.3223,46.5485]]]}},{"type":"Feature","properties":{"landuse":"green_public_spaces"},"geometry":{"type":"Polygon","coordinates":[[[3.897,45.0405],[3.8997,45.0384],[3.9001,45.0403],[3.897,45.0405]]]}},{"type":"Feature","properties":{"landuse":"farmland"},"geometry":{"type":"Polygon","coordinates":[[[4.0445,45.0632],[4.046,45.0625],[4.0459,45.0638],[4.0445,45.0632]]]}},{"type":"Feature","properties":{"landuse":"farmland"},"geometry":{"type":"Polygon","coordinates":[[[3.9377,44.9985],[3.937,44.9972],[3.9395,44.9954],[3.9377,44.9985]]]}},{"type":"Feature","properties":{"landuse":"farmland"},"geometry":{"type":"Polygon","coordinates":[[[3.9059,44.9913],[3.907,44.9896],[3.9069,44.9922],[3.9059,44.9913]]]}},{"type":"Feature","properties":{"landuse":"farmland"},"geometry":{"type":"Polygon","coordinates":[[[3.8618,45.0508],[3.8661,45.0542],[3.8576,45.0551],[3.8618,45.0508]]]}},{"type":"Feature","properties":{"landuse":"farmland"},"geometry":{"type":"Polygon","coordinates":[[[4.0609,45.0302],[4.0617,45.024],[4.0643,45.0238],[4.0646,45.0281],[4.0609,45.0302]]]}},{"type":"Feature","properties":{"landuse":"farmland"},"geometry":{"type":"Polygon","coordinates":[[[4.0606,45.0237],[4.061,45.0218],[4.0635,45.0238],[4.0606,45.0237]]]}},{"type":"Feature","properties":{"landuse":"farmland"},"geometry":{"type":"Polygon","coordinates":[[[4.0674,45.0214],[4.0701,45.0206],[4.0696,45.023],[4.0674,45.0214]]]}},{"type":"Feature","properties":{"landuse":"farmland"},"geometry":{"type":"Polygon","coordinates":[[[4.0467,45.0299],[4.0465,45.0287],[4.0482,45.0288],[4.0467,45.0299]]]}},{"type":"Feature","properties":{"landuse":"farmland"},"geometry":{"type":"Polygon","coordinates":[[[4.0553,45.0262],[4.0555,45.0239],[4.0572,45.0246],[4.0553,45.0262]]]}},{"type":"Feature","properties":{"landuse":"farmland"},"geometry":{"type":"Polygon","coordinates":[[[4.052,45.0277],[4.0536,45.0246],[4.0552,45.0261],[4.052,45.0277]]]}},{"type":"Feature","properties":{"landuse":"farmland"},"geometry":{"type":"Polygon","coordinates":[[[4.0549,45.0335],[4.0509,45.0366],[4.0493,45.0344],[4.0571,45.0273],[4.0602,45.0287],[4.0549,45.0335]]]}},{"type":"Feature","properties":{"landuse":"farmland"},"geometry":{"type":"Polygon","coordinates":[[[4.0302,45.0193],[4.0266,45.0212],[4.0285,45.0182],[4.0319,45.0187],[4.0302,45.0193]]]}},{"type":"Feature","properties":{"landuse":"farmland"},"geometry":{"type":"Polygon","coordinates":[[[4.034,45.0201],[4.035,45.0224],[4.0323,45.0212],[4.034,45.0201]]]}},{"type":"Feature","properties":{"landuse":"farmland"},"geometry":{"type":"Polygon","coordinates":[[[4.0446,45.0234],[4.0447,45.0224],[4.0463,45.0233],[4.0446,45.0234]]]}},{"type":"Feature","properties":{"landuse":"farmland"},"geometry":{"type":"Polygon","coordinates":[[[4.0396,45.0227],[4.0416,45.022],[4.0413,45.0234],[4.0396,45.0227]]]}},{"type":"Feature","properties":{"landuse":"farmland"},"geometry":{"type":"Polygon","coordinates":[[[4.0396,45.0234],[4.041,45.0245],[4.039,45.0247],[4.0396,45.0234]]]}},{"type":"Feature","properties":{"landuse":"farmland"},"geometry":{"type":"Polygon","coordinates":[[[4.0385,45.02],[4.0397,45.0184],[4.0422,45.0216],[4.0385,45.02]]]}},{"type":"Feature","properties":{"landuse":"farmland"},"geometry":{"type":"Polygon","coordinates":[[[4.0381,45.0194],[4.037,45.0188],[4.0423,45.0159],[4.0381,45.0194]]]}},{"type":"Feature","properties":{"landuse":"farmland"},"geometry":{"type":"Polygon","coordinates":[[[4.033,45.0189],[4.0346,45.0173],[4.0352,45.0187],[4.033,45.0189]]]}},{"type":"Feature","properties":{"landuse":"farmland"},"geometry":{"type":"Polygon","coordinates":[[[4.0338,45.0306],[4.0409,45.0288],[4.0384,45.0321],[4.0338,45.0306]]]}},{"type":"Feature","properties":{"landuse":"farmland"},"geometry":{"type":"Polygon","coordinates":[[[4.0367,45.0482],[4.0364,45.0469],[4.0375,45.0476],[4.0367,45.0482]]]}},{"type":"Feature","properties":{"landuse":"farmland"},"geometry":{"type":"Polygon","coordinates":[[[4.039,45.0439],[4.038,45.0418],[4.0399,45.0424],[4.039,45.0439]]]}},{"type":"Feature","properties":{"landuse":"farmland"},"geometry":{"type":"Polygon","coordinates":[[[4.0281,45.0415],[4.0294,45.0401],[4.0319,45.0425],[4.0281,45.0415]]]}},{"type":"Feature","properties":{"landuse":"farmland"},"geometry":{"type":"Polygon","coordinates":[[[4.0268,45.0387],[4.0308,45.0402],[4.0274,45.0405],[4.0268,45.0387]]]}},{"type":"Feature","properties":{"landuse":"farmland"},"geometry":{"type":"Polygon","coordinates":[[[4.0311,45.0446],[4.0275,45.0455],[4.0279,45.0436],[4.0311,45.0446]]]}},{"type":"Feature","properties":{"landuse":"farmland"},"geometry":{"type":"Polygon","coordinates":[[[4.0343,45.0378],[4.0318,45.0384],[4.0283,45.0373],[4.0343,45.0378]]]}},{"type":"Feature","properties":{"landuse":"farmland"},"geometry":{"type":"Polygon","coordinates":[[[4.0344,45.0382],[4.0404,45.0388],[4.0399,45.0396],[4.0344,45.0382]]]}},{"type":"Feature","properties":{"landuse":"farmland"},"geometry":{"type":"Polygon","coordinates":[[[4.0365,45.0365],[4.0393,45.0369],[4.0378,45.0377],[4.0365,45.0365]]]}},{"type":"Feature","properties":{"landuse":"farmland"},"geometry":{"type":"Polygon","coordinates":[[[4.0404,45.0374],[4.0465,45.037],[4.0451,45.0393],[4.0404,45.0374]]]}},{"type":"Feature","properties":{"landuse":"farmland"},"geometry":{"type":"Polygon","coordinates":[[[4.0199,45.0569],[4.0229,45.0564],[4.0235,45.0619],[4.0185,45.0615],[4.0228,45.0575],[4.0199,45.0569]]]}},{"type":"Feature","properties":{"landuse":"farmland"},"geometry":{"type":"Polygon","coordinates":[[[4.02,45.0527],[4.0222,45.0549],[4.0213,45.0551],[4.02,45.0527]]]}},{"type":"Feature","properties":{"landuse":"farmland"},"geometry":{"type":"Polygon","coordinates":[[[4.0122,45.0563],[4.0186,45.0498],[4.0162,45.0481],[4.0254,45.0494],[4.0122,45.0563]]]}},{"type":"Feature","properties":{"landuse":"farmland"},"geometry":{"type":"Polygon","coordinates":[[[4.0109,45.0506],[4.0095,45.049],[4.0144,45.0502],[4.0109,45.0506]]]}},{"type":"Feature","properties":{"landuse":"farmland"},"geometry":{"type":"Polygon","coordinates":[[[4.0243,45.0631],[4.0249,45.0612],[4.0268,45.0615],[4.0243,45.0631]]]}},{"type":"Feature","properties":{"landuse":"farmland"},"geometry":{"type":"Polygon","coordinates":[[[4.028,45.0638],[4.0356,45.0635],[4.0348,45.0664],[4.028,45.0638]]]}},{"type":"Feature","properties":{"landuse":"farmland"},"geometry":{"type":"Polygon","coordinates":[[[4.0467,45.068],[4.049,45.0683],[4.0478,45.0692],[4.0467,45.068]]]}},{"type":"Feature","properties":{"landuse":"farmland"},"geometry":{"type":"Polygon","coordinates":[[[4.0395,45.067],[4.0441,45.066],[4.0426,45.0699],[4.0395,45.067]]]}},{"type":"Feature","properties":{"landuse":"farmland"},"geometry":{"type":"Polygon","coordinates":[[[4.044,45.0649],[4.0461,45.0656],[4.046,45.067],[4.044,45.0649]]]}},{"type":"Feature","properties":{"landuse":"farmland"},"geometry":{"type":"Polygon","coordinates":[[[4.0424,45.0652],[4.0423,45.0638],[4.0439,45.0648],[4.0424,45.0652]]]}},{"type":"Feature","properties":{"landuse":"farmland"},"geometry":{"type":"Polygon","coordinates":[[[4.0465,45.0672],[4.047,45.0654],[4.0481,45.0656],[4.0465,45.0672]]]}},{"type":"Feature","properties":{"landuse":"farmland"},"geometry":{"type":"Polygon","coordinates":[[[4.0431,45.0635],[4.0449,45.0636],[4.0459,45.0647],[4.0431,45.0635]]]}},{"type":"Feature","properties":{"landuse":"farmland"},"geometry":{"type":"Polygon","coordinates":[[[4.0388,45.0609],[4.0413,45.0621],[4.0367,45.0634],[4.0388,45.0609]]]}},{"type":"Feature","properties":{"landuse":"farmland"},"geometry":{"type":"Polygon","coordinates":[[[4.0368,45.0654],[4.0374,45.0638],[4.0391,45.0642],[4.0368,45.0654]]]}},{"type":"Feature","properties":{"landuse":"farmland"},"geometry":{"type":"Polygon","coordinates":[[[4.0412,45.0686],[4.0334,45.0675],[4.035,45.065],[4.0412,45.0686]]]}},{"type":"Feature","properties":{"landuse":"farmland"},"geometry":{"type":"Polygon","coordinates":[[[4.0505,45.067],[4.0512,45.0698],[4.0493,45.0683],[4.0505,45.067]]]}},{"type":"Feature","properties":{"landuse":"farmland"},"geometry":{"type":"Polygon","coordinates":[[[3.8615,45.0173],[3.8555,45.0139],[3.8592,45.0116],[3.8583,45.0091],[3.8683,45.0106],[3.8702,45.0149],[3.8723,45.011],[3.8745,45.0125],[3.8722,45.0196],[3.8586,45.0189],[3.8615,45.0173]]]}},{"type":"Feature","properties":{"landuse":"green_public_spaces"},"geometry":{"type":"Polygon","coordinates":[[[3.4612,46.0708],[3.4582,46.0657],[3.4627,46.0685],[3.4612,46.0708]]]}},{"type":"Feature","properties":{"landuse":"farmland"},"geometry":{"type":"Polygon","coordinates":[[[3.3444,46.5204],[3.3416,46.5226],[3.3433,46.5198],[3.3444,46.5204]]]}},{"type":"Feature","properties":{"landuse":"farmland"},"geometry":{"type":"Polygon","coordinates":[[[3.3451,46.5248],[3.3435,46.5197],[3.337,46.522],[3.3359,46.512],[3.3542,46.4971],[3.3563,46.5102],[3.3539,46.5117],[3.356,46.5122],[3.3504,46.5267],[3.3445,46.5358],[3.3375,46.5383],[3.3411,46.5349],[3.3404,46.5278],[3.3451,46.5248]]]}},{"type":"Feature","properties":{"landuse":"farmland"},"geometry":{"type":"Polygon","coordinates":[[[3.3268,46.4489],[3.3305,46.4543],[3.326,46.4598],[3.3268,46.4489]]]}},{"type":"Feature","properties":{"landuse":"farmland"},"geometry":{"type":"Polygon","coordinates":[[[4.0124,45.0409],[4.014,45.0402],[4.0146,45.0418],[4.0124,45.0409]]]}},{"type":"Feature","properties":{"landuse":"green_public_spaces"},"geometry":{"type":"Polygon","coordinates":[[[2.6579,46.2889],[2.6579,46.2869],[2.6596,46.2867],[2.6579,46.2889]]]}},{"type":"Feature","properties":{"landuse":"green_public_spaces"},"geometry":{"type":"Polygon","coordinates":[[[2.6527,46.29],[2.6524,46.2895],[2.6561,46.289],[2.6527,46.29]]]}},{"type":"Feature","properties":{"landuse":"farmland"},"geometry":{"type":"Polygon","coordinates":[[[3.8954,44.9853],[3.8946,44.9896],[3.8927,44.9861],[3.8954,44.9853]]]}},{"type":"Feature","properties":{"landuse":"farmland"},"geometry":{"type":"Polygon","coordinates":[[[3.9759,45.0503],[3.9786,45.0481],[3.9807,45.0497],[3.9759,45.0503]]]}},{"type":"Feature","properties":{"landuse":"farmland"},"geometry":{"type":"Polygon","coordinates":[[[3.9837,45.0508],[3.9868,45.0487],[3.9852,45.0521],[3.9837,45.0508]]]}},{"type":"Feature","properties":{"landuse":"farmland"},"geometry":{"type":"Polygon","coordinates":[[[3.9813,45.0532],[3.9844,45.0518],[3.9859,45.0536],[3.9813,45.0532]]]}},{"type":"Feature","properties":{"landuse":"farmland"},"geometry":{"type":"Polygon","coordinates":[[[3.9941,45.0368],[3.9916,45.0371],[3.9934,45.0343],[3.9941,45.0368]]]}},{"type":"Feature","properties":{"landuse":"green_public_spaces"},"geometry":{"type":"Polygon","coordinates":[[[3.0854,45.754],[3.0868,45.7535],[3.0869,45.7551],[3.0854,45.754]]]}},{"type":"Feature","properties":{"landuse":"farmland"},"geometry":{"type":"Polygon","coordinates":[[[3.705,46.5489],[3.7014,46.5477],[3.7038,46.5459],[3.705,46.5489]]]}},{"type":"Feature","properties":{"landuse":"farmland"},"geometry":{"type":"Polygon","coordinates":[[[3.7073,46.5449],[3.7104,46.5461],[3.7087,46.5469],[3.7073,46.5449]]]}},{"type":"Feature","properties":{"landuse":"farmland"},"geometry":{"type":"Polygon","coordinates":[[[3.7062,46.5464],[3.7076,46.5458],[3.7078,46.5471],[3.7062,46.5464]]]}},{"type":"Feature","properties":{"landuse":"farmland"},"geometry":{"type":"Polygon","coordinates":[[[3.7075,46.5424],[3.7134,46.5472],[3.7121,46.5477],[3.7075,46.5424]]]}},{"type":"Feature","properties":{"landuse":"farmland"},"geometry":{"type":"Polygon","coordinates":[[[3.705,46.5369],[3.7056,46.5382],[3.7023,46.5385],[3.705,46.5369]]]}},{"type":"Feature","properties":{"landuse":"farmland"},"geometry":{"type":"Polygon","coordinates":[[[3.7124,46.5418],[3.7098,46.543],[3.7076,46.5404],[3.7124,46.5418]]]}},{"type":"Feature","properties":{"landuse":"farmland"},"geometry":{"type":"Polygon","coordinates":[[[3.7454,46.5966],[3.7371,46.597],[3.7368,46.5924],[3.7452,46.5924],[3.7454,46.5966]]]}},{"type":"Feature","properties":{"landuse":"farmland"},"geometry":{"type":"Polygon","coordinates":[[[3.7389,46.597],[3.7417,46.5988],[3.7405,46.5992],[3.7389,46.597]]]}},{"type":"Feature","properties":{"landuse":"farmland"},"geometry":{"type":"Polygon","coordinates":[[[3.7401,46.601],[3.7454,46.5984],[3.7456,46.6002],[3.7401,46.601]]]}},{"type":"Feature","properties":{"landuse":"farmland"},"geometry":{"type":"Polygon","coordinates":[[[3.7363,46.5974],[3.7388,46.5999],[3.7367,46.5993],[3.7363,46.5974]]]}},{"type":"Feature","properties":{"landuse":"farmland"},"geometry":{"type":"Polygon","coordinates":[[[3.7455,46.6061],[3.7487,46.6064],[3.7452,46.6068],[3.7455,46.6061]]]}},{"type":"Feature","properties":{"landuse":"farmland"},"geometry":{"type":"Polygon","coordinates":[[[3.7504,46.5991],[3.7492,46.5976],[3.7533,46.5968],[3.7504,46.5991]]]}},{"type":"Feature","properties":{"landuse":"farmland"},"geometry":{"type":"Polygon","coordinates":[[[3.746,46.5996],[3.7508,46.5998],[3.7461,46.6008],[3.746,46.5996]]]}},{"type":"Feature","properties":{"landuse":"farmland"},"geometry":{"type":"Polygon","coordinates":[[[3.7515,46.6025],[3.751,46.6016],[3.7527,46.6021],[3.7515,46.6025]]]}},{"type":"Feature","properties":{"landuse":"farmland"},"geometry":{"type":"Polygon","coordinates":[[[3.753,46.6022],[3.7622,46.6018],[3.756,46.6058],[3.753,46.6022]]]}},{"type":"Feature","properties":{"landuse":"farmland"},"geometry":{"type":"Polygon","coordinates":[[[3.4598,46.102],[3.4575,46.1009],[3.4607,46.1011],[3.4598,46.102]]]}},{"type":"Feature","properties":{"landuse":"farmland"},"geometry":{"type":"Polygon","coordinates":[[[3.4663,46.1006],[3.4643,46.1009],[3.4666,46.0997],[3.4663,46.1006]]]}},{"type":"Feature","properties":{"landuse":"farmland"},"geometry":{"type":"Polygon","coordinates":[[[3.4645,46.1021],[3.4643,46.1009],[3.467,46.1011],[3.4645,46.1021]]]}},{"type":"Feature","properties":{"landuse":"farmland"},"geometry":{"type":"Polygon","coordinates":[[[3.7387,46.6167],[3.7421,46.6137],[3.7409,46.6167],[3.7387,46.6167]]]}},{"type":"Feature","properties":{"landuse":"farmland"},"geometry":{"type":"Polygon","coordinates":[[[3.7525,46.6143],[3.7525,46.613],[3.7538,46.614],[3.7525,46.6143]]]}},{"type":"Feature","properties":{"landuse":"farmland"},"geometry":{"type":"Polygon","coordinates":[[[3.7505,46.6192],[3.7408,46.6182],[3.7529,46.6168],[3.7505,46.6192]]]}},{"type":"Feature","properties":{"landuse":"green_public_spaces"},"geometry":{"type":"Polygon","coordinates":[[[3.7417,46.6217],[3.742,46.6209],[3.745,46.6214],[3.7417,46.6217]]]}},{"type":"Feature","properties":{"landuse":"farmland"},"geometry":{"type":"Polygon","coordinates":[[[3.7349,46.6246],[3.7376,46.6252],[3.7327,46.6267],[3.7349,46.6246]]]}},{"type":"Feature","properties":{"landuse":"farmland"},"geometry":{"type":"Polygon","coordinates":[[[3.7365,46.623],[3.7332,46.6239],[3.7346,46.6225],[3.7365,46.623]]]}},{"type":"Feature","properties":{"landuse":"farmland"},"geometry":{"type":"Polygon","coordinates":[[[3.7297,46.626],[3.7292,46.6233],[3.7347,46.6246],[3.7297,46.626]]]}},{"type":"Feature","properties":{"landuse":"farmland"},"geometry":{"type":"Polygon","coordinates":[[[3.7288,46.6292],[3.7264,46.6282],[3.7275,46.6246],[3.7288,46.6292]]]}},{"type":"Feature","properties":{"landuse":"farmland"},"geometry":{"type":"Polygon","coordinates":[[[3.7355,46.6378],[3.7404,46.6362],[3.74,46.6394],[3.7355,46.6378]]]}},{"type":"Feature","properties":{"landuse":"farmland"},"geometry":{"type":"Polygon","coordinates":[[[3.7217,46.6392],[3.7248,46.6388],[3.7259,46.6415],[3.7217,46.6392]]]}},{"type":"Feature","properties":{"landuse":"farmland"},"geometry":{"type":"Polygon","coordinates":[[[3.7225,46.6386],[3.725,46.6368],[3.7272,46.6382],[3.7225,46.6386]]]}},{"type":"Feature","properties":{"landuse":"farmland"},"geometry":{"type":"Polygon","coordinates":[[[3.7349,46.6375],[3.7396,46.6394],[3.7382,46.6451],[3.733,46.6412],[3.7349,46.6375]]]}},{"type":"Feature","properties":{"landuse":"farmland"},"geometry":{"type":"Polygon","coordinates":[[[3.7257,46.6366],[3.7315,46.6365],[3.7286,46.6397],[3.7257,46.6366]]]}},{"type":"Feature","properties":{"landuse":"farmland"},"geometry":{"type":"Polygon","coordinates":[[[3.7104,46.6403],[3.7131,46.6358],[3.7153,46.6378],[3.7104,46.6403]]]}},{"type":"Feature","properties":{"landuse":"farmland"},"geometry":{"type":"Polygon","coordinates":[[[3.7107,46.6412],[3.7167,46.6399],[3.711,46.6437],[3.7107,46.6412]]]}},{"type":"Feature","properties":{"landuse":"farmland"},"geometry":{"type":"Polygon","coordinates":[[[3.7441,46.6398],[3.7422,46.6377],[3.7463,46.6387],[3.7441,46.6398]]]}},{"type":"Feature","properties":{"landuse":"farmland"},"geometry":{"type":"Polygon","coordinates":[[[3.7512,46.6421],[3.7522,46.6408],[3.7548,46.6425],[3.7512,46.6421]]]}},{"type":"Feature","properties":{"landuse":"farmland"},"geometry":{"type":"Polygon","coordinates":[[[3.7515,46.6301],[3.7545,46.6309],[3.7459,46.6301],[3.7451,46.6273],[3.7515,46.6301]]]}},{"type":"Feature","properties":{"landuse":"farmland"},"geometry":{"type":"Polygon","coordinates":[[[3.7535,46.6315],[3.7572,46.6325],[3.7565,46.6334],[3.7535,46.6315]]]}},{"type":"Feature","properties":{"landuse":"farmland"},"geometry":{"type":"Polygon","coordinates":[[[3.7518,46.6343],[3.7553,46.634],[3.7525,46.635],[3.7518,46.6343]]]}},{"type":"Feature","properties":{"landuse":"farmland"},"geometry":{"type":"Polygon","coordinates":[[[3.7697,45.0869],[3.7712,45.086],[3.7714,45.0871],[3.7697,45.0869]]]}},{"type":"Feature","properties":{"landuse":"farmland"},"geometry":{"type":"Polygon","coordinates":[[[3.7529,45.0866],[3.7562,45.0876],[3.7542,45.0894],[3.7529,45.0866]]]}},{"type":"Feature","properties":{"landuse":"farmland"},"geometry":{"type":"Polygon","coordinates":[[[3.7688,45.0821],[3.769,45.0805],[3.7701,45.0821],[3.7688,45.0821]]]}},{"type":"Feature","properties":{"landuse":"farmland"},"geometry":{"type":"Polygon","coordinates":[[[3.4055,46.1943],[3.406,46.193],[3.4099,46.1934],[3.4055,46.1943]]]}},{"type":"Feature","properties":{"landuse":"farmland"},"geometry":{"type":"Polygon","coordinates":[[[3.1224,45.0359],[3.123,45.037],[3.1217,45.0372],[3.1224,45.0359]]]}},{"type":"Feature","properties":{"landuse":"farmland"},"geometry":{"type":"Polygon","coordinates":[[[3.1176,45.0376],[3.1213,45.0369],[3.1188,45.0403],[3.1176,45.0376]]]}},{"type":"Feature","properties":{"landuse":"farmland"},"geometry":{"type":"Polygon","coordinates":[[[3.1173,45.0376],[3.1222,45.0358],[3.1197,45.0375],[3.1173,45.0376]]]}},{"type":"Feature","properties":{"landuse":"farmland"},"geometry":{"type":"Polygon","coordinates":[[[3.1138,45.0401],[3.115,45.0417],[3.1129,45.0409],[3.1138,45.0401]]]}},{"type":"Feature","properties":{"landuse":"farmland"},"geometry":{"type":"Polygon","coordinates":[[[3.2765,45.8146],[3.2773,45.8135],[3.2791,45.8144],[3.2765,45.8146]]]}},{"type":"Feature","properties":{"landuse":"farmland"},"geometry":{"type":"Polygon","coordinates":[[[3.1957,45.8617],[3.1988,45.8629],[3.1961,45.8631],[3.1957,45.8617]]]}},{"type":"Feature","properties":{"landuse":"farmland"},"geometry":{"type":"Polygon","coordinates":[[[3.1956,45.8616],[3.1935,45.8625],[3.1912,45.861],[3.1956,45.8616]]]}},{"type":"Feature","properties":{"landuse":"green_public_spaces"},"geometry":{"type":"Polygon","coordinates":[[[2.2047,44.7066],[2.2094,44.7075],[2.2035,44.7068],[2.2047,44.7066]]]}},{"type":"Feature","properties":{"landuse":"farmland"},"geometry":{"type":"Polygon","coordinates":[[[3.355,46.5163],[3.3556,46.521],[3.351,46.5249],[3.355,46.5163]]]}},{"type":"Feature","properties":{"landuse":"farmland"},"geometry":{"type":"Polygon","coordinates":[[[3.6168,46.2456],[3.6128,46.243],[3.6128,46.2379],[3.6173,46.2375],[3.6146,46.2388],[3.6188,46.2409],[3.6168,46.2456]]]}},{"type":"Feature","properties":{"landuse":"farmland"},"geometry":{"type":"Polygon","coordinates":[[[3.1078,45.8245],[3.1101,45.8231],[3.1102,45.825],[3.1078,45.8245]]]}},{"type":"Feature","properties":{"landuse":"green_public_spaces"},"geometry":{"type":"Polygon","coordinates":[[[2.4776,44.8849],[2.4778,44.8833],[2.4815,44.8815],[2.4776,44.8849]]]}},{"type":"Feature","properties":{"landuse":"green_public_spaces"},"geometry":{"type":"Polygon","coordinates":[[[3.1172,45.8022],[3.1164,45.8022],[3.1163,45.8001],[3.1172,45.8022]]]}},{"type":"Feature","properties":{"landuse":"farmland"},"geometry":{"type":"Polygon","coordinates":[[[3.2401,46.0979],[3.2416,46.0976],[3.2427,46.0993],[3.2401,46.0979]]]}},{"type":"Feature","properties":{"landuse":"farmland"},"geometry":{"type":"Polygon","coordinates":[[[4.3371,45.2053],[4.3364,45.2036],[4.339,45.2041],[4.3371,45.2053]]]}},{"type":"Feature","properties":{"landuse":"green_public_spaces"},"geometry":{"type":"Polygon","coordinates":[[[2.4434,44.9155],[2.4435,44.9169],[2.4428,44.9167],[2.4434,44.9155]]]}},{"type":"Feature","properties":{"landuse":"green_public_spaces"},"geometry":{"type":"Polygon","coordinates":[[[3.3481,46.5782],[3.3519,46.579],[3.3497,46.5792],[3.3481,46.5782]]]}},{"type":"Feature","properties":{"landuse":"farmland"},"geometry":{"type":"Polygon","coordinates":[[[4.0558,45.2032],[4.0565,45.2006],[4.0587,45.202],[4.0558,45.2032]]]}},{"type":"Feature","properties":{"landuse":"green_public_spaces"},"geometry":{"type":"Polygon","coordinates":[[[2.7546,46.286],[2.7564,46.2868],[2.7552,46.2877],[2.7546,46.286]]]}},{"type":"Feature","properties":{"landuse":"greenhouse_horticulture"},"geometry":{"type":"Polygon","coordinates":[[[2.7523,46.2809],[2.7534,46.2837],[2.7506,46.2841],[2.7496,46.2814],[2.7523,46.2809]]]}},{"type":"Feature","properties":{"landuse":"farmland"},"geometry":{"type":"Polygon","coordinates":[[[4.0505,45.2135],[4.0537,45.2138],[4.0503,45.2146],[4.0505,45.2135]]]}},{"type":"Feature","properties":{"landuse":"farmland"},"geometry":{"type":"Polygon","coordinates":[[[4.046,45.2149],[4.0434,45.2149],[4.0432,45.212],[4.046,45.2149]]]}},{"type":"Feature","properties":{"landuse":"farmland"},"geometry":{"type":"Polygon","coordinates":[[[4.0461,45.2125],[4.047,45.2109],[4.0487,45.2114],[4.0461,45.2125]]]}},{"type":"Feature","properties":{"landuse":"farmland"},"geometry":{"type":"Polygon","coordinates":[[[4.0682,45.215],[4.0661,45.2178],[4.0647,45.2168],[4.0682,45.215]]]}},{"type":"Feature","properties":{"landuse":"farmland"},"geometry":{"type":"Polygon","coordinates":[[[4.0328,45.2094],[4.0385,45.2092],[4.0331,45.2116],[4.0328,45.2094]]]}},{"type":"Feature","properties":{"landuse":"green_public_spaces"},"geometry":{"type":"Polygon","coordinates":[[[2.5861,46.355],[2.5847,46.3543],[2.5856,46.354],[2.5861,46.355]]]}},{"type":"Feature","properties":{"landuse":"farmland"},"geometry":{"type":"Polygon","coordinates":[[[3.1835,45.8118],[3.1875,45.8111],[3.1877,45.8119],[3.1835,45.8118]]]}},{"type":"Feature","properties":{"landuse":"farmland"},"geometry":{"type":"Polygon","coordinates":[[[3.3569,46.3259],[3.3547,46.3236],[3.357,46.3212],[3.3591,46.3233],[3.3569,46.3259]]]}},{"type":"Feature","properties":{"landuse":"farmland"},"geometry":{"type":"Polygon","coordinates":[[[3.3507,46.3194],[3.3489,46.3198],[3.3489,46.3191],[3.3507,46.3194]]]}},{"type":"Feature","properties":{"landuse":"farmland"},"geometry":{"type":"Polygon","coordinates":[[[3.3539,46.3263],[3.3469,46.3254],[3.3503,46.323],[3.3539,46.3263]]]}},{"type":"Feature","properties":{"landuse":"farmland"},"geometry":{"type":"Polygon","coordinates":[[[3.3575,46.3208],[3.3453,46.3258],[3.338,46.3225],[3.343,46.3196],[3.3391,46.318],[3.3575,46.3208]]]}},{"type":"Feature","properties":{"landuse":"farmland"},"geometry":{"type":"Polygon","coordinates":[[[3.3821,46.3041],[3.3801,46.3066],[3.3771,46.3025],[3.3821,46.3041]]]}},{"type":"Feature","properties":{"landuse":"farmland"},"geometry":{"type":"Polygon","coordinates":[[[3.4356,46.215],[3.4337,46.2164],[3.4353,46.2134],[3.4356,46.215]]]}},{"type":"Feature","properties":{"landuse":"farmland"},"geometry":{"type":"Polygon","coordinates":[[[3.4192,46.181],[3.4183,46.1781],[3.4239,46.1767],[3.4252,46.1832],[3.4192,46.181]]]}},{"type":"Feature","properties":{"landuse":"farmland"},"geometry":{"type":"Polygon","coordinates":[[[3.4208,46.1871],[3.4258,46.187],[3.4247,46.1897],[3.4208,46.1871]]]}},{"type":"Feature","properties":{"landuse":"farmland"},"geometry":{"type":"Polygon","coordinates":[[[3.4191,46.1861],[3.4207,46.1854],[3.4218,46.1859],[3.4191,46.1861]]]}},{"type":"Feature","properties":{"landuse":"farmland"},"geometry":{"type":"Polygon","coordinates":[[[3.4272,46.1896],[3.4287,46.1923],[3.4254,46.1902],[3.4272,46.1896]]]}},{"type":"Feature","properties":{"landuse":"farmland"},"geometry":{"type":"Polygon","coordinates":[[[3.4236,46.1991],[3.4262,46.2017],[3.4222,46.2024],[3.4236,46.1991]]]}},{"type":"Feature","properties":{"landuse":"farmland"},"geometry":{"type":"Polygon","coordinates":[[[3.4222,46.2024],[3.4262,46.2017],[3.4203,46.2056],[3.4245,46.2032],[3.4222,46.2024]]]}},{"type":"Feature","properties":{"landuse":"farmland"},"geometry":{"type":"Polygon","coordinates":[[[3.4422,46.1897],[3.4383,46.1894],[3.4403,46.1934],[3.4351,46.1911],[3.4415,46.1877],[3.4422,46.1897]]]}},{"type":"Feature","properties":{"landuse":"farmland"},"geometry":{"type":"Polygon","coordinates":[[[3.4341,46.1901],[3.4339,46.1885],[3.4354,46.1894],[3.4341,46.1901]]]}},{"type":"Feature","properties":{"landuse":"farmland"},"geometry":{"type":"Polygon","coordinates":[[[3.4384,46.1785],[3.4377,46.1759],[3.4424,46.1766],[3.4393,46.181],[3.4418,46.1811],[3.4413,46.1842],[3.4384,46.1785]]]}},{"type":"Feature","properties":{"landuse":"farmland"},"geometry":{"type":"Polygon","coordinates":[[[3.4276,46.1811],[3.4297,46.1812],[3.4304,46.1844],[3.4276,46.1811]]]}},{"type":"Feature","properties":{"landuse":"farmland"},"geometry":{"type":"Polygon","coordinates":[[[3.4366,46.1789],[3.438,46.1787],[3.4371,46.1798],[3.4366,46.1789]]]}},{"type":"Feature","properties":{"landuse":"farmland"},"geometry":{"type":"Polygon","coordinates":[[[3.4304,46.1774],[3.4236,46.175],[3.4241,46.1705],[3.4303,46.1753],[3.4329,46.174],[3.4342,46.176],[3.4317,46.1765],[3.4341,46.1764],[3.4304,46.1774]]]}},{"type":"Feature","properties":{"landuse":"farmland"},"geometry":{"type":"Polygon","coordinates":[[[3.423,46.1893],[3.4256,46.192],[3.4209,46.1903],[3.423,46.1893]]]}},{"type":"Feature","properties":{"landuse":"orchard"},"geometry":{"type":"Polygon","coordinates":[[[3.4221,46.1885],[3.4209,46.1903],[3.42,46.1886],[3.4221,46.1885]]]}},{"type":"Feature","properties":{"landuse":"farmland"},"geometry":{"type":"Polygon","coordinates":[[[3.422,46.2073],[3.427,46.2068],[3.4266,46.21],[3.4212,46.2095],[3.422,46.2073]]]}},{"type":"Feature","properties":{"landuse":"farmland"},"geometry":{"type":"Polygon","coordinates":[[[3.42,46.1939],[3.4265,46.1935],[3.4287,46.1969],[3.4211,46.1971],[3.4261,46.1957],[3.42,46.1939]]]}},{"type":"Feature","properties":{"landuse":"farmland"},"geometry":{"type":"Polygon","coordinates":[[[3.4237,46.1988],[3.4272,46.1983],[3.4273,46.199],[3.4237,46.1988]]]}},{"type":"Feature","properties":{"landuse":"farmland"},"geometry":{"type":"Polygon","coordinates":[[[3.9994,44.9925],[4.0016,44.99],[4.0036,44.9957],[4.0004,44.9974],[3.9994,44.9925]]]}},{"type":"Feature","properties":{"landuse":"farmland"},"geometry":{"type":"Polygon","coordinates":[[[3.4549,46.0796],[3.4565,46.0806],[3.4542,46.0805],[3.4549,46.0796]]]}},{"type":"Feature","properties":{"landuse":"farmland"},"geometry":{"type":"Polygon","coordinates":[[[3.2289,45.2616],[3.2288,45.2607],[3.2302,45.2603],[3.2289,45.2616]]]}},{"type":"Feature","properties":{"landuse":"farmland"},"geometry":{"type":"Polygon","coordinates":[[[3.4487,46.0707],[3.4474,46.0755],[3.4427,46.0765],[3.4458,46.0648],[3.4487,46.0707]]]}},{"type":"Feature","properties":{"landuse":"farmland"},"geometry":{"type":"Polygon","coordinates":[[[3.4474,46.0749],[3.4468,46.0727],[3.4499,46.0724],[3.4474,46.0749]]]}},{"type":"Feature","properties":{"landuse":"farmland"},"geometry":{"type":"Polygon","coordinates":[[[3.4541,46.0594],[3.4571,46.0617],[3.4548,46.0615],[3.4541,46.0594]]]}},{"type":"Feature","properties":{"landuse":"farmland"},"geometry":{"type":"Polygon","coordinates":[[[3.4459,46.0646],[3.4511,46.0537],[3.4556,46.055],[3.4544,46.0581],[3.4521,46.0564],[3.4525,46.0611],[3.4498,46.0608],[3.4556,46.0625],[3.4459,46.0646]]]}},{"type":"Feature","properties":{"landuse":"farmland"},"geometry":{"type":"Polygon","coordinates":[[[3.4741,46.0496],[3.4739,46.0516],[3.4729,46.0499],[3.4741,46.0496]]]}},{"type":"Feature","properties":{"landuse":"green_public_spaces"},"geometry":{"type":"Polygon","coordinates":[[[3.4422,45.96],[3.4437,45.9603],[3.4423,45.9617],[3.4422,45.96]]]}},{"type":"Feature","properties":{"landuse":"farmland"},"geometry":{"type":"Polygon","coordinates":[[[3.3661,45.9124],[3.3723,45.9112],[3.3726,45.9139],[3.367,45.9162],[3.3661,45.9124]]]}},{"type":"Feature","properties":{"landuse":"farmland"},"geometry":{"type":"Polygon","coordinates":[[[3.3434,45.8999],[3.3419,45.897],[3.3475,45.8952],[3.3492,45.898],[3.3434,45.8999]]]}},{"type":"Feature","properties":{"landuse":"farmland"},"geometry":{"type":"Polygon","coordinates":[[[3.3417,45.9075],[3.3427,45.9098],[3.3411,45.9089],[3.3417,45.9075]]]}},{"type":"Feature","properties":{"landuse":"farmland"},"geometry":{"type":"Polygon","coordinates":[[[3.3374,45.9063],[3.3378,45.9079],[3.3341,45.9082],[3.3374,45.9063]]]}},{"type":"Feature","properties":{"landuse":"farmland"},"geometry":{"type":"Polygon","coordinates":[[[3.3442,45.9067],[3.3486,45.9072],[3.3445,45.9091],[3.3442,45.9067]]]}},{"type":"Feature","properties":{"landuse":"farmland"},"geometry":{"type":"Polygon","coordinates":[[[3.3499,45.8923],[3.3628,45.9035],[3.3583,45.9042],[3.3526,45.8997],[3.3499,45.8923]]]}},{"type":"Feature","properties":{"landuse":"farmland"},"geometry":{"type":"Polygon","coordinates":[[[3.2969,45.8073],[3.3022,45.8076],[3.2967,45.8082],[3.2969,45.8073]]]}},{"type":"Feature","properties":{"landuse":"greenhouse_horticulture"},"geometry":{"type":"Polygon","coordinates":[[[3.271,45.7886],[3.2691,45.7898],[3.2686,45.7892],[3.271,45.7886]]]}},{"type":"Feature","properties":{"landuse":"farmland"},"geometry":{"type":"Polygon","coordinates":[[[4.2209,45.2371],[4.2221,45.2348],[4.2217,45.2376],[4.2209,45.2371]]]}},{"type":"Feature","properties":{"landuse":"farmland"},"geometry":{"type":"Polygon","coordinates":[[[3.3434,45.4063],[3.3421,45.4055],[3.3425,45.404],[3.3434,45.4063]]]}},{"type":"Feature","properties":{"landuse":"farmland"},"geometry":{"type":"Polygon","coordinates":[[[3.34,45.4024],[3.3354,45.3982],[3.3422,45.3986],[3.34,45.4024]]]}},{"type":"Feature","properties":{"landuse":"farmland"},"geometry":{"type":"Polygon","coordinates":[[[3.3418,45.4019],[3.3419,45.3991],[3.343,45.4001],[3.3418,45.4019]]]}},{"type":"Feature","properties":{"landuse":"farmland"},"geometry":{"type":"Polygon","coordinates":[[[3.342,45.4014],[3.3462,45.4025],[3.3435,45.4031],[3.342,45.4014]]]}},{"type":"Feature","properties":{"landuse":"farmland"},"geometry":{"type":"Polygon","coordinates":[[[3.3485,45.4003],[3.3471,45.4002],[3.3481,45.3994],[3.3485,45.4003]]]}},{"type":"Feature","properties":{"landuse":"farmland"},"geometry":{"type":"Polygon","coordinates":[[[3.35,45.3999],[3.3381,45.3965],[3.3435,45.397],[3.3412,45.3947],[3.346,45.3924],[3.3459,45.3954],[3.3531,45.3984],[3.35,45.3999]]]}},{"type":"Feature","properties":{"landuse":"green_public_spaces"},"geometry":{"type":"Polygon","coordinates":[[[3.4583,46.0615],[3.4582,46.0607],[3.4614,46.0598],[3.4583,46.0615]]]}},{"type":"Feature","properties":{"landuse":"farmland"},"geometry":{"type":"Polygon","coordinates":[[[2.7467,46.3248],[2.7441,46.3246],[2.7467,46.3225],[2.7467,46.3248]]]}},{"type":"Feature","properties":{"landuse":"farmland"},"geometry":{"type":"Polygon","coordinates":[[[3.3972,46.1452],[3.3971,46.1433],[3.3998,46.1429],[3.3972,46.1452]]]}},{"type":"Feature","properties":{"landuse":"green_public_spaces"},"geometry":{"type":"Polygon","coordinates":[[[3.1975,45.7351],[3.1992,45.735],[3.1997,45.7361],[3.1975,45.7351]]]}},{"type":"Feature","properties":{"landuse":"green_public_spaces"},"geometry":{"type":"Polygon","coordinates":[[[3.3263,45.9228],[3.3243,45.9212],[3.3264,45.9201],[3.3263,45.9228]]]}},{"type":"Feature","properties":{"landuse":"vineyard"},"geometry":{"type":"Polygon","coordinates":[[[3.2911,45.5643],[3.2927,45.5653],[3.2906,45.5657],[3.2911,45.5643]]]}},{"type":"Feature","properties":{"landuse":"vineyard"},"geometry":{"type":"Polygon","coordinates":[[[3.1712,45.6586],[3.1712,45.6574],[3.173,45.6576],[3.1712,45.6586]]]}},{"type":"Feature","properties":{"landuse":"farmland"},"geometry":{"type":"Polygon","coordinates":[[[3.2067,45.6769],[3.2085,45.6771],[3.2068,45.6782],[3.2067,45.6769]]]}},{"type":"Feature","properties":{"landuse":"green_public_spaces"},"geometry":{"type":"Polygon","coordinates":[[[3.7674,46.6213],[3.7713,46.6187],[3.7703,46.6204],[3.7674,46.6213]]]}},{"type":"Feature","properties":{"landuse":"farmland"},"geometry":{"type":"Polygon","coordinates":[[[3.4159,46.3089],[3.4145,46.3106],[3.4121,46.31],[3.4159,46.3089]]]}},{"type":"Feature","properties":{"landuse":"farmland"},"geometry":{"type":"Polygon","coordinates":[[[3.4174,46.3099],[3.4166,46.3116],[3.4152,46.3114],[3.4174,46.3099]]]}},{"type":"Feature","properties":{"landuse":"green_public_spaces"},"geometry":{"type":"Polygon","coordinates":[[[3.422,46.2073],[3.4247,46.2112],[3.4223,46.2126],[3.4168,46.2068],[3.422,46.2073]]]}},{"type":"Feature","properties":{"landuse":"farmland"},"geometry":{"type":"Polygon","coordinates":[[[4.1126,45.2595],[4.1154,45.2576],[4.1154,45.2599],[4.1126,45.2595]]]}},{"type":"Feature","properties":{"landuse":"farmland"},"geometry":{"type":"Polygon","coordinates":[[[4.1275,45.2487],[4.1289,45.2487],[4.1294,45.2508],[4.1275,45.2487]]]}},{"type":"Feature","properties":{"landuse":"farmland"},"geometry":{"type":"Polygon","coordinates":[[[4.1229,45.2486],[4.1274,45.2487],[4.1285,45.2503],[4.1229,45.2486]]]}},{"type":"Feature","properties":{"landuse":"farmland"},"geometry":{"type":"Polygon","coordinates":[[[4.1119,45.2609],[4.1157,45.2617],[4.1113,45.2628],[4.1119,45.2609]]]}},{"type":"Feature","properties":{"landuse":"farmland"},"geometry":{"type":"Polygon","coordinates":[[[4.1041,45.2555],[4.1063,45.2524],[4.1109,45.2543],[4.1041,45.2555]]]}},{"type":"Feature","properties":{"landuse":"farmland"},"geometry":{"type":"Polygon","coordinates":[[[4.1033,45.2504],[4.1045,45.2481],[4.1068,45.2489],[4.1033,45.2504]]]}},{"type":"Feature","properties":{"landuse":"farmland"},"geometry":{"type":"Polygon","coordinates":[[[4.0873,45.2734],[4.0898,45.2731],[4.0882,45.2739],[4.0873,45.2734]]]}},{"type":"Feature","properties":{"landuse":"farmland"},"geometry":{"type":"Polygon","coordinates":[[[4.0808,45.2757],[4.0826,45.2748],[4.0813,45.2761],[4.0808,45.2757]]]}},{"type":"Feature","properties":{"landuse":"farmland"},"geometry":{"type":"Polygon","coordinates":[[[4.0772,45.2775],[4.0812,45.2762],[4.0783,45.2778],[4.0772,45.2775]]]}},{"type":"Feature","properties":{"landuse":"farmland"},"geometry":{"type":"Polygon","coordinates":[[[4.1041,45.2771],[4.1052,45.2761],[4.1064,45.2781],[4.1041,45.2771]]]}},{"type":"Feature","properties":{"landuse":"farmland"},"geometry":{"type":"Polygon","coordinates":[[[4.0966,45.2792],[4.0996,45.2816],[4.0968,45.2807],[4.0966,45.2792]]]}},{"type":"Feature","properties":{"landuse":"farmland"},"geometry":{"type":"Polygon","coordinates":[[[4.0962,45.2793],[4.0963,45.2783],[4.0991,45.2786],[4.0962,45.2793]]]}},{"type":"Feature","properties":{"landuse":"farmland"},"geometry":{"type":"Polygon","coordinates":[[[4.0945,45.2762],[4.098,45.2779],[4.0962,45.2782],[4.0945,45.2762]]]}},{"type":"Feature","properties":{"landuse":"farmland"},"geometry":{"type":"Polygon","coordinates":[[[3.8973,45.0365],[3.9011,45.0348],[3.9046,45.0368],[3.8973,45.0365]]]}},{"type":"Feature","properties":{"landuse":"farmland"},"geometry":{"type":"Polygon","coordinates":[[[3.9228,45.0226],[3.9214,45.0187],[3.9254,45.0199],[3.9228,45.0226]]]}},{"type":"Feature","properties":{"landuse":"farmland"},"geometry":{"type":"Polygon","coordinates":[[[3.8745,44.9824],[3.8685,44.9815],[3.868,44.979],[3.8766,44.9767],[3.8716,44.9798],[3.8745,44.9824]]]}},{"type":"Feature","properties":{"landuse":"farmland"},"geometry":{"type":"Polygon","coordinates":[[[3.8671,45.029],[3.8672,45.0273],[3.8696,45.0285],[3.8671,45.029]]]}},{"type":"Feature","properties":{"landuse":"farmland"},"geometry":{"type":"Polygon","coordinates":[[[3.9406,45.0308],[3.9393,45.0306],[3.9405,45.029],[3.9406,45.0308]]]}},{"type":"Feature","properties":{"landuse":"farmland"},"geometry":{"type":"Polygon","coordinates":[[[3.4583,46.1],[3.4586,46.0992],[3.46,46.0996],[3.4583,46.1]]]}},{"type":"Feature","properties":{"landuse":"farmland"},"geometry":{"type":"Polygon","coordinates":[[[3.3652,45.8292],[3.368,45.8303],[3.3655,45.8316],[3.3652,45.8292]]]}},{"type":"Feature","properties":{"landuse":"farmland"},"geometry":{"type":"Polygon","coordinates":[[[3.3641,45.8292],[3.3651,45.8317],[3.364,45.832],[3.3641,45.8292]]]}},{"type":"Feature","properties":{"landuse":"farmland"},"geometry":{"type":"Polygon","coordinates":[[[3.3638,45.8293],[3.364,45.832],[3.3605,45.8328],[3.3597,45.83],[3.3638,45.8293]]]}},{"type":"Feature","properties":{"landuse":"farmland"},"geometry":{"type":"Polygon","coordinates":[[[3.3595,45.8296],[3.3604,45.8328],[3.3557,45.8341],[3.354,45.8301],[3.3595,45.8296]]]}},{"type":"Feature","properties":{"landuse":"farmland"},"geometry":{"type":"Polygon","coordinates":[[[3.3571,45.8338],[3.3646,45.832],[3.3606,45.8359],[3.3571,45.8338]]]}},{"type":"Feature","properties":{"landuse":"farmland"},"geometry":{"type":"Polygon","coordinates":[[[3.3577,45.8296],[3.357,45.8265],[3.3632,45.8265],[3.364,45.8291],[3.3577,45.8296]]]}},{"type":"Feature","properties":{"landuse":"farmland"},"geometry":{"type":"Polygon","coordinates":[[[3.357,45.8275],[3.3541,45.8299],[3.3537,45.8265],[3.357,45.8275]]]}},{"type":"Feature","properties":{"landuse":"farmland"},"geometry":{"type":"Polygon","coordinates":[[[3.3641,45.8291],[3.3638,45.8281],[3.3669,45.8288],[3.3641,45.8291]]]}},{"type":"Feature","properties":{"landuse":"farmland"},"geometry":{"type":"Polygon","coordinates":[[[4.1293,45.3066],[4.1291,45.306],[4.132,45.3057],[4.1293,45.3066]]]}},{"type":"Feature","properties":{"landuse":"farmland"},"geometry":{"type":"Polygon","coordinates":[[[4.1327,45.3091],[4.1324,45.3071],[4.1348,45.3081],[4.1327,45.3091]]]}},{"type":"Feature","properties":{"landuse":"farmland"},"geometry":{"type":"Polygon","coordinates":[[[4.1393,45.3216],[4.1366,45.3229],[4.1357,45.3213],[4.1393,45.3216]]]}},{"type":"Feature","properties":{"landuse":"farmland"},"geometry":{"type":"Polygon","coordinates":[[[4.1308,45.3177],[4.1457,45.3185],[4.1418,45.3179],[4.1402,45.3206],[4.1308,45.3177]]]}},{"type":"Feature","properties":{"landuse":"farmland"},"geometry":{"type":"Polygon","coordinates":[[[4.116,45.3123],[4.1154,45.31],[4.1182,45.3111],[4.116,45.3123]]]}},{"type":"Feature","properties":{"landuse":"farmland"},"geometry":{"type":"Polygon","coordinates":[[[4.1222,45.3215],[4.1196,45.319],[4.1235,45.3202],[4.1222,45.3215]]]}},{"type":"Feature","properties":{"landuse":"farmland"},"geometry":{"type":"Polygon","coordinates":[[[4.1043,45.3114],[4.1088,45.3116],[4.1051,45.3143],[4.1043,45.3114]]]}},{"type":"Feature","properties":{"landuse":"farmland"},"geometry":{"type":"Polygon","coordinates":[[[4.1223,45.3218],[4.1205,45.3256],[4.1174,45.3225],[4.1223,45.3218]]]}},{"type":"Feature","properties":{"landuse":"farmland"},"geometry":{"type":"Polygon","coordinates":[[[2.6065,44.9635],[2.6068,44.9624],[2.6091,44.9647],[2.6065,44.9635]]]}},{"type":"Feature","properties":{"landuse":"farmland"},"geometry":{"type":"Polygon","coordinates":[[[3.5132,45.8421],[3.5139,45.8403],[3.5144,45.8419],[3.5132,45.8421]]]}},{"type":"Feature","properties":{"landuse":"farmland"},"geometry":{"type":"Polygon","coordinates":[[[3.1428,45.9044],[3.1534,45.9062],[3.15,45.916],[3.1335,45.9024],[3.1428,45.9044]]]}},{"type":"Feature","properties":{"landuse":"farmland"},"geometry":{"type":"Polygon","coordinates":[[[3.1414,45.9002],[3.1438,45.8974],[3.146,45.8994],[3.1414,45.9002]]]}},{"type":"Feature","properties":{"landuse":"farmland"},"geometry":{"type":"Polygon","coordinates":[[[3.1904,45.9397],[3.1991,45.9335],[3.1977,45.9312],[3.1912,45.9358],[3.1938,45.9232],[3.201,45.9177],[3.1935,45.9176],[3.1972,45.9151],[3.1947,45.9125],[3.1878,45.9163],[3.1818,45.9126],[3.1852,45.9113],[3.1845,45.9068],[3.2107,45.9128],[3.2296,45.9274],[3.2212,45.929],[3.215,45.9388],[3.2032,45.9396],[3.2017,45.9447],[3.2007,45.942],[3.1904,45.9397]]]}},{"type":"Feature","properties":{"landuse":"farmland"},"geometry":{"type":"Polygon","coordinates":[[[3.1426,45.9008],[3.1536,45.8984],[3.154,45.9011],[3.1426,45.9008]]]}},{"type":"Feature","properties":{"landuse":"farmland"},"geometry":{"type":"Polygon","coordinates":[[[3.1487,45.9178],[3.1475,45.9163],[3.15,45.9164],[3.1487,45.9178]]]}},{"type":"Feature","properties":{"landuse":"farmland"},"geometry":{"type":"Polygon","coordinates":[[[3.1457,45.915],[3.1444,45.9141],[3.1461,45.9131],[3.1457,45.915]]]}},{"type":"Feature","properties":{"landuse":"farmland"},"geometry":{"type":"Polygon","coordinates":[[[3.4351,46.0929],[3.4313,46.0931],[3.4299,46.0884],[3.4351,46.0929]]]}},{"type":"Feature","properties":{"landuse":"farmland"},"geometry":{"type":"Polygon","coordinates":[[[3.4395,46.0857],[3.4414,46.0829],[3.4426,46.0871],[3.4395,46.0857]]]}},{"type":"Feature","properties":{"landuse":"farmland"},"geometry":{"type":"Polygon","coordinates":[[[3.441,46.0825],[3.4417,46.0806],[3.4422,46.0822],[3.441,46.0825]]]}},{"type":"Feature","properties":{"landuse":"farmland"},"geometry":{"type":"Polygon","coordinates":[[[3.4372,46.0848],[3.4376,46.0838],[3.4391,46.084],[3.4372,46.0848]]]}},{"type":"Feature","properties":{"landuse":"farmland"},"geometry":{"type":"Polygon","coordinates":[[[3.4456,46.0886],[3.4428,46.0884],[3.4451,46.0869],[3.4456,46.0886]]]}},{"type":"Feature","properties":{"landuse":"farmland"},"geometry":{"type":"Polygon","coordinates":[[[4.2149,45.2514],[4.2143,45.2503],[4.2162,45.25],[4.2149,45.2514]]]}},{"type":"Feature","properties":{"landuse":"farmland"},"geometry":{"type":"Polygon","coordinates":[[[2.6021,46.5322],[2.6015,46.5335],[2.6,46.5332],[2.6021,46.5322]]]}},{"type":"Feature","properties":{"landuse":"green_public_spaces"},"geometry":{"type":"Polygon","coordinates":[[[2.6117,46.5342],[2.6089,46.5352],[2.6096,46.533],[2.6117,46.5342]]]}},{"type":"Feature","properties":{"landuse":"farmland"},"geometry":{"type":"Polygon","coordinates":[[[3.1268,45.7717],[3.129,45.771],[3.1283,45.7724],[3.1268,45.7717]]]}},{"type":"Feature","properties":{"landuse":"farmland"},"geometry":{"type":"Polygon","coordinates":[[[3.1313,45.7719],[3.1302,45.77],[3.1335,45.77],[3.1345,45.7741],[3.1313,45.7719]]]}},{"type":"Feature","properties":{"landuse":"green_public_spaces"},"geometry":{"type":"Polygon","coordinates":[[[3.1301,45.8136],[3.1292,45.8125],[3.1314,45.8127],[3.1301,45.8136]]]}},{"type":"Feature","properties":{"landuse":"farmland"},"geometry":{"type":"Polygon","coordinates":[[[3.2158,45.6252],[3.2143,45.6239],[3.2172,45.6252],[3.2158,45.6252]]]}},{"type":"Feature","properties":{"landuse":"farmland"},"geometry":{"type":"Polygon","coordinates":[[[3.9386,44.9935],[3.9406,44.9931],[3.9395,44.9953],[3.9386,44.9935]]]}},{"type":"Feature","properties":{"landuse":"farmland"},"geometry":{"type":"Polygon","coordinates":[[[3.3779,45.2873],[3.3754,45.2839],[3.3796,45.285],[3.3779,45.2873]]]}},{"type":"Feature","properties":{"landuse":"farmland"},"geometry":{"type":"Polygon","coordinates":[[[3.3727,45.2876],[3.371,45.2852],[3.3732,45.2843],[3.3752,45.2879],[3.3727,45.2876]]]}},{"type":"Feature","properties":{"landuse":"farmland"},"geometry":{"type":"Polygon","coordinates":[[[3.3699,45.2933],[3.3688,45.2929],[3.3712,45.2918],[3.3699,45.2933]]]}},{"type":"Feature","properties":{"landuse":"farmland"},"geometry":{"type":"Polygon","coordinates":[[[3.3692,45.2913],[3.3667,45.2922],[3.3686,45.2904],[3.3692,45.2913]]]}},{"type":"Feature","properties":{"landuse":"farmland"},"geometry":{"type":"Polygon","coordinates":[[[3.3936,45.2817],[3.3914,45.2815],[3.3919,45.2806],[3.3936,45.2817]]]}},{"type":"Feature","properties":{"landuse":"farmland"},"geometry":{"type":"Polygon","coordinates":[[[3.4094,45.2892],[3.4081,45.2887],[3.4092,45.2871],[3.4094,45.2892]]]}},{"type":"Feature","properties":{"landuse":"farmland"},"geometry":{"type":"Polygon","coordinates":[[[3.4074,45.2899],[3.4085,45.2903],[3.4078,45.2916],[3.4074,45.2899]]]}},{"type":"Feature","properties":{"landuse":"farmland"},"geometry":{"type":"Polygon","coordinates":[[[3.4046,45.2926],[3.4055,45.2933],[3.403,45.2945],[3.4046,45.2926]]]}},{"type":"Feature","properties":{"landuse":"farmland"},"geometry":{"type":"Polygon","coordinates":[[[3.3976,45.291],[3.3997,45.2914],[3.3978,45.2924],[3.3976,45.291]]]}},{"type":"Feature","properties":{"landuse":"farmland"},"geometry":{"type":"Polygon","coordinates":[[[3.3769,45.312],[3.3777,45.3131],[3.3763,45.3125],[3.3769,45.312]]]}},{"type":"Feature","properties":{"landuse":"farmland"},"geometry":{"type":"Polygon","coordinates":[[[3.4025,45.8339],[3.4043,45.834],[3.4038,45.8358],[3.4025,45.8339]]]}},{"type":"Feature","properties":{"landuse":"green_public_spaces"},"geometry":{"type":"Polygon","coordinates":[[[3.3892,45.2868],[3.3888,45.2876],[3.3878,45.2871],[3.3892,45.2868]]]}},{"type":"Feature","properties":{"landuse":"farmland"},"geometry":{"type":"Polygon","coordinates":[[[3.2497,45.5645],[3.2493,45.5635],[3.2511,45.5635],[3.2497,45.5645]]]}},{"type":"Feature","properties":{"landuse":"farmland"},"geometry":{"type":"Polygon","coordinates":[[[3.2579,45.5301],[3.258,45.5267],[3.2591,45.5264],[3.2579,45.5301]]]}},{"type":"Feature","properties":{"landuse":"farmland"},"geometry":{"type":"Polygon","coordinates":[[[2.9812,45.5175],[2.9774,45.5194],[2.9729,45.5157],[2.9768,45.502],[2.9807,45.502],[2.9835,45.5067],[2.9812,45.5175]]]}},{"type":"Feature","properties":{"landuse":"green_public_spaces"},"geometry":{"type":"Polygon","coordinates":[[[3.2534,45.5495],[3.2519,45.5502],[3.2519,45.5495],[3.2534,45.5495]]]}},{"type":"Feature","properties":{"landuse":"farmland"},"geometry":{"type":"Polygon","coordinates":[[[3.2495,45.8247],[3.2479,45.8244],[3.2489,45.824],[3.2495,45.8247]]]}},{"type":"Feature","properties":{"landuse":"farmland"},"geometry":{"type":"Polygon","coordinates":[[[3.2479,45.8246],[3.2459,45.8237],[3.2466,45.8234],[3.2479,45.8246]]]}},{"type":"Feature","properties":{"landuse":"farmland"},"geometry":{"type":"Polygon","coordinates":[[[3.2483,45.8233],[3.2489,45.824],[3.2471,45.8238],[3.2483,45.8233]]]}},{"type":"Feature","properties":{"landuse":"farmland"},"geometry":{"type":"Polygon","coordinates":[[[3.753,45.5373],[3.7494,45.5374],[3.7499,45.5366],[3.753,45.5373]]]}},{"type":"Feature","properties":{"landuse":"farmland"},"geometry":{"type":"Polygon","coordinates":[[[3.1967,45.9199],[3.1977,45.9215],[3.1938,45.9229],[3.1928,45.9212],[3.1967,45.9199]]]}},{"type":"Feature","properties":{"landuse":"farmland"},"geometry":{"type":"Polygon","coordinates":[[[3.1791,46.1071],[3.1767,46.1087],[3.1764,46.1075],[3.1791,46.1071]]]}},{"type":"Feature","properties":{"landuse":"farmland"},"geometry":{"type":"Polygon","coordinates":[[[3.1759,46.1063],[3.1792,46.1063],[3.1764,46.1071],[3.1759,46.1063]]]}},{"type":"Feature","properties":{"landuse":"farmland"},"geometry":{"type":"Polygon","coordinates":[[[3.1831,46.1056],[3.1854,46.1044],[3.1855,46.1055],[3.1831,46.1056]]]}},{"type":"Feature","properties":{"landuse":"farmland"},"geometry":{"type":"Polygon","coordinates":[[[3.1795,46.1063],[3.1799,46.1045],[3.1843,46.1038],[3.1795,46.1063]]]}},{"type":"Feature","properties":{"landuse":"farmland"},"geometry":{"type":"Polygon","coordinates":[[[3.2205,46.1261],[3.2228,46.1277],[3.2192,46.1291],[3.2205,46.1261]]]}},{"type":"Feature","properties":{"landuse":"farmland"},"geometry":{"type":"Polygon","coordinates":[[[3.2194,46.1284],[3.2183,46.1258],[3.2203,46.1261],[3.2194,46.1284]]]}},{"type":"Feature","properties":{"landuse":"farmland"},"geometry":{"type":"Polygon","coordinates":[[[3.2233,46.1281],[3.2266,46.1283],[3.2257,46.1291],[3.2233,46.1281]]]}},{"type":"Feature","properties":{"landuse":"farmland"},"geometry":{"type":"Polygon","coordinates":[[[3.219,46.1298],[3.2192,46.1292],[3.224,46.1294],[3.219,46.1298]]]}},{"type":"Feature","properties":{"landuse":"farmland"},"geometry":{"type":"Polygon","coordinates":[[[3.3789,46.3449],[3.3806,46.345],[3.38,46.3469],[3.3789,46.3449]]]}},{"type":"Feature","properties":{"landuse":"farmland"},"geometry":{"type":"Polygon","coordinates":[[[3.7195,46.6062],[3.7155,46.6093],[3.7122,46.6072],[3.7148,46.6024],[3.7195,46.6062]]]}},{"type":"Feature","properties":{"landuse":"farmland"},"geometry":{"type":"Polygon","coordinates":[[[3.7197,46.6073],[3.7256,46.6087],[3.7242,46.6103],[3.7197,46.6073]]]}},{"type":"Feature","properties":{"landuse":"farmland"},"geometry":{"type":"Polygon","coordinates":[[[3.7135,46.6251],[3.7171,46.6253],[3.7147,46.6264],[3.7135,46.6251]]]}},{"type":"Feature","properties":{"landuse":"farmland"},"geometry":{"type":"Polygon","coordinates":[[[3.2598,45.4725],[3.2619,45.4722],[3.2609,45.474],[3.2598,45.4725]]]}},{"type":"Feature","properties":{"landuse":"farmland"},"geometry":{"type":"Polygon","coordinates":[[[3.9533,44.998],[3.9551,44.9982],[3.9548,44.9991],[3.9533,44.998]]]}},{"type":"Feature","properties":{"landuse":"greenhouse_horticulture"},"geometry":{"type":"Polygon","coordinates":[[[3.5277,45.8409],[3.5287,45.8394],[3.5294,45.8402],[3.5277,45.8409]]]}},{"type":"Feature","properties":{"landuse":"farmland"},"geometry":{"type":"Polygon","coordinates":[[[3.1798,45.6943],[3.1783,45.6928],[3.1805,45.6929],[3.1798,45.6943]]]}},{"type":"Feature","properties":{"landuse":"farmland"},"geometry":{"type":"Polygon","coordinates":[[[3.1834,45.6959],[3.1814,45.6954],[3.1835,45.695],[3.1834,45.6959]]]}},{"type":"Feature","properties":{"landuse":"farmland"},"geometry":{"type":"Polygon","coordinates":[[[3.1818,45.7034],[3.1839,45.7017],[3.1875,45.7028],[3.1818,45.7034]]]}},{"type":"Feature","properties":{"landuse":"farmland"},"geometry":{"type":"Polygon","coordinates":[[[3.1817,45.7032],[3.1804,45.7021],[3.183,45.7022],[3.1817,45.7032]]]}},{"type":"Feature","properties":{"landuse":"farmland"},"geometry":{"type":"Polygon","coordinates":[[[3.1831,45.7021],[3.1813,45.7011],[3.1828,45.7002],[3.1831,45.7021]]]}},{"type":"Feature","properties":{"landuse":"farmland"},"geometry":{"type":"Polygon","coordinates":[[[3.1808,45.7007],[3.1802,45.6997],[3.1832,45.6993],[3.1808,45.7007]]]}},{"type":"Feature","properties":{"landuse":"farmland"},"geometry":{"type":"Polygon","coordinates":[[[3.1845,45.699],[3.1859,45.6971],[3.1863,45.6995],[3.1845,45.699]]]}},{"type":"Feature","properties":{"landuse":"green_public_spaces"},"geometry":{"type":"Polygon","coordinates":[[[3.1744,45.6294],[3.1725,45.6336],[3.1735,45.6292],[3.1744,45.6294]]]}},{"type":"Feature","properties":{"landuse":"orchard"},"geometry":{"type":"Polygon","coordinates":[[[3.1663,45.6212],[3.1682,45.6204],[3.1681,45.6213],[3.1663,45.6212]]]}},{"type":"Feature","properties":{"landuse":"orchard"},"geometry":{"type":"Polygon","coordinates":[[[3.175,45.637],[3.1797,45.6382],[3.1749,45.6392],[3.175,45.637]]]}},{"type":"Feature","properties":{"landuse":"farmland"},"geometry":{"type":"Polygon","coordinates":[[[3.1776,45.685],[3.1794,45.6845],[3.1803,45.6859],[3.1776,45.685]]]}},{"type":"Feature","properties":{"landuse":"farmland"},"geometry":{"type":"Polygon","coordinates":[[[3.1878,45.6989],[3.1895,45.6944],[3.1906,45.6991],[3.1878,45.6989]]]}},{"type":"Feature","properties":{"landuse":"farmland"},"geometry":{"type":"Polygon","coordinates":[[[3.8789,45.3373],[3.8831,45.3375],[3.8792,45.3388],[3.8789,45.3373]]]}},{"type":"Feature","properties":{"landuse":"farmland"},"geometry":{"type":"Polygon","coordinates":[[[3.8831,45.335],[3.8804,45.3363],[3.881,45.3351],[3.8831,45.335]]]}},{"type":"Feature","properties":{"landuse":"farmland"},"geometry":{"type":"Polygon","coordinates":[[[3.869,45.3425],[3.8705,45.3422],[3.8708,45.3434],[3.869,45.3425]]]}},{"type":"Feature","properties":{"landuse":"farmland"},"geometry":{"type":"Polygon","coordinates":[[[3.8882,45.3245],[3.8873,45.3258],[3.8864,45.3246],[3.8882,45.3245]]]}},{"type":"Feature","properties":{"landuse":"farmland"},"geometry":{"type":"Polygon","coordinates":[[[3.8724,45.3164],[3.8693,45.3159],[3.8717,45.3137],[3.8724,45.3164]]]}},{"type":"Feature","properties":{"landuse":"farmland"},"geometry":{"type":"Polygon","coordinates":[[[3.8735,45.3266],[3.8733,45.3254],[3.8754,45.325],[3.8735,45.3266]]]}},{"type":"Feature","properties":{"landuse":"farmland"},"geometry":{"type":"Polygon","coordinates":[[[3.8817,45.3244],[3.8825,45.3228],[3.8849,45.323],[3.8817,45.3244]]]}},{"type":"Feature","properties":{"landuse":"farmland"},"geometry":{"type":"Polygon","coordinates":[[[3.8669,45.3219],[3.8686,45.3207],[3.8694,45.3213],[3.8669,45.3219]]]}},{"type":"Feature","properties":{"landuse":"farmland"},"geometry":{"type":"Polygon","coordinates":[[[3.8795,45.3276],[3.8838,45.3296],[3.8795,45.3297],[3.8816,45.3292],[3.8795,45.3276]]]}},{"type":"Feature","properties":{"landuse":"farmland"},"geometry":{"type":"Polygon","coordinates":[[[3.8785,45.325],[3.8841,45.3243],[3.8801,45.3267],[3.8785,45.325]]]}},{"type":"Feature","properties":{"landuse":"farmland"},"geometry":{"type":"Polygon","coordinates":[[[3.8852,45.3281],[3.8853,45.3268],[3.8869,45.3262],[3.8852,45.3281]]]}},{"type":"Feature","properties":{"landuse":"farmland"},"geometry":{"type":"Polygon","coordinates":[[[3.8764,45.3119],[3.8762,45.3092],[3.8777,45.3094],[3.8764,45.3119]]]}},{"type":"Feature","properties":{"landuse":"farmland"},"geometry":{"type":"Polygon","coordinates":[[[3.8615,45.3225],[3.8646,45.322],[3.863,45.3238],[3.8615,45.3225]]]}},{"type":"Feature","properties":{"landuse":"farmland"},"geometry":{"type":"Polygon","coordinates":[[[3.8661,45.3326],[3.8676,45.3318],[3.8674,45.3334],[3.8661,45.3326]]]}},{"type":"Feature","properties":{"landuse":"farmland"},"geometry":{"type":"Polygon","coordinates":[[[3.8591,45.3365],[3.8622,45.3366],[3.86,45.338],[3.8591,45.3365]]]}},{"type":"Feature","properties":{"landuse":"farmland"},"geometry":{"type":"Polygon","coordinates":[[[3.8591,45.331],[3.8601,45.3302],[3.8607,45.3314],[3.8591,45.331]]]}},{"type":"Feature","properties":{"landuse":"farmland"},"geometry":{"type":"Polygon","coordinates":[[[3.8863,45.3215],[3.8865,45.319],[3.8887,45.3191],[3.8863,45.3215]]]}},{"type":"Feature","properties":{"landuse":"farmland"},"geometry":{"type":"Polygon","coordinates":[[[3.0586,45.5781],[3.0655,45.5793],[3.0631,45.5804],[3.0586,45.5781]]]}},{"type":"Feature","properties":{"landuse":"farmland"},"geometry":{"type":"Polygon","coordinates":[[[3.2519,45.5705],[3.2511,45.568],[3.2521,45.5672],[3.2519,45.5705]]]}},{"type":"Feature","properties":{"landuse":"farmland"},"geometry":{"type":"Polygon","coordinates":[[[3.8892,45.0017],[3.8897,45.0002],[3.8913,45.0016],[3.8892,45.0017]]]}},{"type":"Feature","properties":{"landuse":"farmland"},"geometry":{"type":"Polygon","coordinates":[[[3.889,45.0019],[3.8919,44.9992],[3.8925,45.0025],[3.889,45.0019]]]}},{"type":"Feature","properties":{"landuse":"farmland"},"geometry":{"type":"Polygon","coordinates":[[[3.8941,45.0051],[3.8951,45.0071],[3.8934,45.007],[3.8941,45.0051]]]}},{"type":"Feature","properties":{"landuse":"farmland"},"geometry":{"type":"Polygon","coordinates":[[[3.8915,45.0001],[3.8902,44.9998],[3.8934,44.9974],[3.8915,45.0001]]]}},{"type":"Feature","properties":{"landuse":"farmland"},"geometry":{"type":"Polygon","coordinates":[[[3.8988,44.9986],[3.8965,44.9985],[3.8978,44.9966],[3.8988,44.9986]]]}},{"type":"Feature","properties":{"landuse":"farmland"},"geometry":{"type":"Polygon","coordinates":[[[3.7578,45.0829],[3.7576,45.0779],[3.7596,45.081],[3.7578,45.0829]]]}},{"type":"Feature","properties":{"landuse":"farmland"},"geometry":{"type":"Polygon","coordinates":[[[3.9386,45.0788],[3.9398,45.0789],[3.9378,45.0799],[3.9386,45.0788]]]}},{"type":"Feature","properties":{"landuse":"farmland"},"geometry":{"type":"Polygon","coordinates":[[[3.3139,45.3755],[3.3129,45.3712],[3.3145,45.3723],[3.3139,45.3755]]]}},{"type":"Feature","properties":{"landuse":"farmland"},"geometry":{"type":"Polygon","coordinates":[[[3.3154,45.3707],[3.3155,45.3725],[3.3141,45.3707],[3.3154,45.3707]]]}},{"type":"Feature","properties":{"landuse":"farmland"},"geometry":{"type":"Polygon","coordinates":[[[3.9955,45.0163],[3.9975,45.0201],[3.99,45.0192],[3.9894,45.025],[3.9704,45.0256],[3.9734,45.0202],[3.9653,45.0188],[3.9697,45.014],[3.9745,45.0181],[3.9791,45.0106],[3.9848,45.0115],[3.9888,45.0085],[3.9809,45.0137],[3.9872,45.0157],[3.9939,45.0115],[3.9955,45.0163]]]}},{"type":"Feature","properties":{"landuse":"farmland"},"geometry":{"type":"Polygon","coordinates":[[[3.9285,45.0884],[3.9282,45.0862],[3.93,45.0859],[3.9285,45.0884]]]}},{"type":"Feature","properties":{"landuse":"farmland"},"geometry":{"type":"Polygon","coordinates":[[[3.9245,45.0872],[3.9262,45.0871],[3.927,45.0894],[3.9245,45.0872]]]}},{"type":"Feature","properties":{"landuse":"farmland"},"geometry":{"type":"Polygon","coordinates":[[[3.9467,45.0842],[3.9474,45.0829],[3.9482,45.0846],[3.9467,45.0842]]]}},{"type":"Feature","properties":{"landuse":"farmland"},"geometry":{"type":"Polygon","coordinates":[[[3.9526,45.0827],[3.9555,45.0828],[3.9557,45.0839],[3.9526,45.0827]]]}},{"type":"Feature","properties":{"landuse":"farmland"},"geometry":{"type":"Polygon","coordinates":[[[3.948,45.0758],[3.948,45.0779],[3.9449,45.0753],[3.948,45.0758]]]}},{"type":"Feature","properties":{"landuse":"farmland"},"geometry":{"type":"Polygon","coordinates":[[[3.9647,45.0789],[3.9664,45.0786],[3.9654,45.0794],[3.9647,45.0789]]]}},{"type":"Feature","properties":{"landuse":"farmland"},"geometry":{"type":"Polygon","coordinates":[[[3.9742,45.0731],[3.9765,45.0721],[3.9747,45.071],[3.9778,45.0721],[3.9742,45.0731]]]}},{"type":"Feature","properties":{"landuse":"farmland"},"geometry":{"type":"Polygon","coordinates":[[[3.968,45.0693],[3.9678,45.0666],[3.97,45.0672],[3.968,45.0693]]]}},{"type":"Feature","properties":{"landuse":"farmland"},"geometry":{"type":"Polygon","coordinates":[[[3.9718,45.0703],[3.9731,45.0689],[3.974,45.0709],[3.9718,45.0703]]]}},{"type":"Feature","properties":{"landuse":"farmland"},"geometry":{"type":"Polygon","coordinates":[[[3.9771,45.062],[3.9787,45.0611],[3.9786,45.0624],[3.9771,45.062]]]}},{"type":"Feature","properties":{"landuse":"farmland"},"geometry":{"type":"Polygon","coordinates":[[[3.9825,45.0611],[3.9822,45.0597],[3.9834,45.0601],[3.9825,45.0611]]]}},{"type":"Feature","properties":{"landuse":"farmland"},"geometry":{"type":"Polygon","coordinates":[[[3.9684,45.065],[3.9661,45.0639],[3.9676,45.0638],[3.9684,45.065]]]}},{"type":"Feature","properties":{"landuse":"farmland"},"geometry":{"type":"Polygon","coordinates":[[[4.0244,45.0181],[4.0204,45.0151],[4.0227,45.0113],[4.0263,45.0119],[4.0238,45.013],[4.0266,45.0151],[4.0244,45.0181]]]}},{"type":"Feature","properties":{"landuse":"farmland"},"geometry":{"type":"Polygon","coordinates":[[[4.0075,45.026],[4.0055,45.0258],[4.0051,45.0243],[4.0075,45.026]]]}},{"type":"Feature","properties":{"landuse":"farmland"},"geometry":{"type":"Polygon","coordinates":[[[4.0008,45.0157],[4.0045,45.0157],[4.0059,45.0172],[4.0008,45.0157]]]}},{"type":"Feature","properties":{"landuse":"farmland"},"geometry":{"type":"Polygon","coordinates":[[[4.0056,45.0273],[4.008,45.0274],[4.0047,45.0278],[4.0056,45.0273]]]}},{"type":"Feature","properties":{"landuse":"farmland"},"geometry":{"type":"Polygon","coordinates":[[[4.0304,45.027],[4.0307,45.023],[4.0322,45.0247],[4.0304,45.027]]]}},{"type":"Feature","properties":{"landuse":"farmland"},"geometry":{"type":"Polygon","coordinates":[[[4.0202,45.0238],[4.0226,45.0216],[4.023,45.0239],[4.0202,45.0238]]]}},{"type":"Feature","properties":{"landuse":"farmland"},"geometry":{"type":"Polygon","coordinates":[[[4.012,45.026],[4.0142,45.0249],[4.0164,45.0259],[4.012,45.026]]]}},{"type":"Feature","properties":{"landuse":"farmland"},"geometry":{"type":"Polygon","coordinates":[[[4.0146,45.0243],[4.0168,45.024],[4.0166,45.0248],[4.0146,45.0243]]]}},{"type":"Feature","properties":{"landuse":"farmland"},"geometry":{"type":"Polygon","coordinates":[[[4.0342,45.0067],[4.0354,45.0054],[4.0359,45.0071],[4.0342,45.0067]]]}},{"type":"Feature","properties":{"landuse":"farmland"},"geometry":{"type":"Polygon","coordinates":[[[4.0298,45.0169],[4.0295,45.0151],[4.0315,45.0161],[4.0298,45.0169]]]}},{"type":"Feature","properties":{"landuse":"farmland"},"geometry":{"type":"Polygon","coordinates":[[[4.0287,45.007],[4.0309,45.0051],[4.0321,45.0079],[4.0287,45.007]]]}},{"type":"Feature","properties":{"landuse":"farmland"},"geometry":{"type":"Polygon","coordinates":[[[3.2237,45.6023],[3.2216,45.601],[3.2251,45.6011],[3.2237,45.6023]]]}},{"type":"Feature","properties":{"landuse":"farmland"},"geometry":{"type":"Polygon","coordinates":[[[3.2269,45.6016],[3.2321,45.6032],[3.2297,45.6063],[3.2269,45.6016]]]}},{"type":"Feature","properties":{"landuse":"farmland"},"geometry":{"type":"Polygon","coordinates":[[[3.2249,45.6054],[3.2201,45.6028],[3.2214,45.6022],[3.2249,45.6054]]]}},{"type":"Feature","properties":{"landuse":"farmland"},"geometry":{"type":"Polygon","coordinates":[[[3.199,45.6168],[3.2,45.6174],[3.1978,45.6209],[3.199,45.6168]]]}},{"type":"Feature","properties":{"landuse":"farmland"},"geometry":{"type":"Polygon","coordinates":[[[3.1921,45.6295],[3.1921,45.6316],[3.1902,45.6309],[3.1921,45.6295]]]}},{"type":"Feature","properties":{"landuse":"farmland"},"geometry":{"type":"Polygon","coordinates":[[[3.189,45.6304],[3.188,45.6298],[3.1891,45.6289],[3.189,45.6304]]]}},{"type":"Feature","properties":{"landuse":"farmland"},"geometry":{"type":"Polygon","coordinates":[[[3.189,45.6311],[3.1849,45.6297],[3.1866,45.629],[3.189,45.6311]]]}},{"type":"Feature","properties":{"landuse":"farmland"},"geometry":{"type":"Polygon","coordinates":[[[3.1891,45.6319],[3.1919,45.6321],[3.1903,45.6337],[3.1891,45.6319]]]}},{"type":"Feature","properties":{"landuse":"farmland"},"geometry":{"type":"Polygon","coordinates":[[[3.191,45.6331],[3.1896,45.6354],[3.1887,45.6351],[3.191,45.6331]]]}},{"type":"Feature","properties":{"landuse":"farmland"},"geometry":{"type":"Polygon","coordinates":[[[3.1793,45.6321],[3.1798,45.6331],[3.1785,45.6333],[3.1793,45.6321]]]}},{"type":"Feature","properties":{"landuse":"farmland"},"geometry":{"type":"Polygon","coordinates":[[[3.2265,45.6174],[3.2294,45.6152],[3.2315,45.6185],[3.2265,45.6174]]]}},{"type":"Feature","properties":{"landuse":"farmland"},"geometry":{"type":"Polygon","coordinates":[[[3.2294,45.6185],[3.2326,45.6195],[3.2305,45.6199],[3.2294,45.6185]]]}},{"type":"Feature","properties":{"landuse":"farmland"},"geometry":{"type":"Polygon","coordinates":[[[4.0103,44.9998],[4.0133,44.9966],[4.0123,44.9992],[4.0103,44.9998]]]}},{"type":"Feature","properties":{"landuse":"farmland"},"geometry":{"type":"Polygon","coordinates":[[[4.0118,44.9973],[4.0131,44.9943],[4.0132,44.9959],[4.0118,44.9973]]]}},{"type":"Feature","properties":{"landuse":"farmland"},"geometry":{"type":"Polygon","coordinates":[[[3.2098,45.6247],[3.2112,45.6248],[3.2107,45.6261],[3.2098,45.6247]]]}},{"type":"Feature","properties":{"landuse":"farmland"},"geometry":{"type":"Polygon","coordinates":[[[3.2083,45.6248],[3.205,45.6248],[3.2073,45.6239],[3.2083,45.6248]]]}},{"type":"Feature","properties":{"landuse":"farmland"},"geometry":{"type":"Polygon","coordinates":[[[3.2091,45.6222],[3.2107,45.6224],[3.209,45.6231],[3.2091,45.6222]]]}},{"type":"Feature","properties":{"landuse":"farmland"},"geometry":{"type":"Polygon","coordinates":[[[3.2091,45.6233],[3.211,45.6238],[3.2088,45.6241],[3.2091,45.6233]]]}},{"type":"Feature","properties":{"landuse":"farmland"},"geometry":{"type":"Polygon","coordinates":[[[3.2492,45.6234],[3.2488,45.6216],[3.2506,45.6215],[3.2492,45.6234]]]}},{"type":"Feature","properties":{"landuse":"farmland"},"geometry":{"type":"Polygon","coordinates":[[[3.2477,45.6184],[3.2484,45.6178],[3.2503,45.6194],[3.2477,45.6184]]]}},{"type":"Feature","properties":{"landuse":"farmland"},"geometry":{"type":"Polygon","coordinates":[[[3.2494,45.6215],[3.2471,45.6207],[3.2492,45.6202],[3.2494,45.6215]]]}},{"type":"Feature","properties":{"landuse":"farmland"},"geometry":{"type":"Polygon","coordinates":[[[3.2492,45.6202],[3.2505,45.6201],[3.2494,45.6215],[3.2492,45.6202]]]}},{"type":"Feature","properties":{"landuse":"farmland"},"geometry":{"type":"Polygon","coordinates":[[[3.2483,45.6237],[3.247,45.6217],[3.2479,45.6216],[3.2483,45.6237]]]}},{"type":"Feature","properties":{"landuse":"farmland"},"geometry":{"type":"Polygon","coordinates":[[[3.1958,45.6833],[3.1967,45.6833],[3.196,45.6847],[3.1958,45.6833]]]}},{"type":"Feature","properties":{"landuse":"farmland"},"geometry":{"type":"Polygon","coordinates":[[[2.7317,45.6179],[2.733,45.6165],[2.7341,45.6178],[2.7317,45.6179]]]}},{"type":"Feature","properties":{"landuse":"farmland"},"geometry":{"type":"Polygon","coordinates":[[[2.733,45.6165],[2.7388,45.6151],[2.7341,45.6178],[2.733,45.6165]]]}},{"type":"Feature","properties":{"landuse":"farmland"},"geometry":{"type":"Polygon","coordinates":[[[2.7334,45.6164],[2.7325,45.6158],[2.734,45.6144],[2.7334,45.6164]]]}},{"type":"Feature","properties":{"landuse":"farmland"},"geometry":{"type":"Polygon","coordinates":[[[2.7344,45.6161],[2.7374,45.6138],[2.7382,45.6152],[2.7344,45.6161]]]}},{"type":"Feature","properties":{"landuse":"farmland"},"geometry":{"type":"Polygon","coordinates":[[[2.7402,45.5925],[2.7417,45.5919],[2.7409,45.5931],[2.7402,45.5925]]]}},{"type":"Feature","properties":{"landuse":"farmland"},"geometry":{"type":"Polygon","coordinates":[[[3.2303,45.6143],[3.2303,45.6134],[3.2338,45.6133],[3.2303,45.6143]]]}},{"type":"Feature","properties":{"landuse":"farmland"},"geometry":{"type":"Polygon","coordinates":[[[3.2307,45.6131],[3.2326,45.6121],[3.2323,45.6131],[3.2307,45.6131]]]}},{"type":"Feature","properties":{"landuse":"farmland"},"geometry":{"type":"Polygon","coordinates":[[[3.2413,45.605],[3.2404,45.6082],[3.2379,45.6073],[3.2413,45.605]]]}},{"type":"Feature","properties":{"landuse":"farmland"},"geometry":{"type":"Polygon","coordinates":[[[3.2404,45.6082],[3.246,45.6084],[3.246,45.6099],[3.2404,45.6082]]]}},{"type":"Feature","properties":{"landuse":"farmland"},"geometry":{"type":"Polygon","coordinates":[[[3.2373,45.6152],[3.2363,45.6167],[3.2298,45.6153],[3.2373,45.6152]]]}},{"type":"Feature","properties":{"landuse":"farmland"},"geometry":{"type":"Polygon","coordinates":[[[3.235,45.6251],[3.2402,45.627],[3.2374,45.6275],[3.235,45.6251]]]}},{"type":"Feature","properties":{"landuse":"farmland"},"geometry":{"type":"Polygon","coordinates":[[[3.2018,45.6988],[3.199,45.6945],[3.2018,45.6942],[3.2018,45.6988]]]}},{"type":"Feature","properties":{"landuse":"farmland"},"geometry":{"type":"Polygon","coordinates":[[[3.1954,45.7013],[3.1912,45.6967],[3.1922,45.6953],[3.1954,45.7013]]]}},{"type":"Feature","properties":{"landuse":"farmland"},"geometry":{"type":"Polygon","coordinates":[[[3.2034,45.6965],[3.2022,45.6943],[3.2034,45.6942],[3.2034,45.6965]]]}},{"type":"Feature","properties":{"landuse":"farmland"},"geometry":{"type":"Polygon","coordinates":[[[3.1998,45.6944],[3.1988,45.6922],[3.2007,45.6901],[3.1998,45.6944]]]}},{"type":"Feature","properties":{"landuse":"farmland"},"geometry":{"type":"Polygon","coordinates":[[[3.2017,45.6933],[3.2012,45.6906],[3.2029,45.6932],[3.2017,45.6933]]]}},{"type":"Feature","properties":{"landuse":"farmland"},"geometry":{"type":"Polygon","coordinates":[[[3.1921,45.6943],[3.1905,45.6947],[3.19,45.6932],[3.1921,45.6943]]]}},{"type":"Feature","properties":{"landuse":"farmland"},"geometry":{"type":"Polygon","coordinates":[[[3.1867,45.6953],[3.1861,45.6942],[3.1898,45.6934],[3.1867,45.6953]]]}},{"type":"Feature","properties":{"landuse":"farmland"},"geometry":{"type":"Polygon","coordinates":[[[3.1887,45.6932],[3.1864,45.6931],[3.1891,45.6906],[3.1887,45.6932]]]}},{"type":"Feature","properties":{"landuse":"farmland"},"geometry":{"type":"Polygon","coordinates":[[[4.0229,44.9909],[4.0228,44.9893],[4.0237,44.9895],[4.0229,44.9909]]]}},{"type":"Feature","properties":{"landuse":"farmland"},"geometry":{"type":"Polygon","coordinates":[[[4.0093,44.9997],[4.0084,44.9993],[4.0098,44.9986],[4.0093,44.9997]]]}},{"type":"Feature","properties":{"landuse":"farmland"},"geometry":{"type":"Polygon","coordinates":[[[4.0145,44.9916],[4.0164,44.9897],[4.0158,44.9916],[4.0145,44.9916]]]}},{"type":"Feature","properties":{"landuse":"farmland"},"geometry":{"type":"Polygon","coordinates":[[[4.012,44.9957],[4.0104,44.9971],[4.0123,44.9947],[4.012,44.9957]]]}},{"type":"Feature","properties":{"landuse":"farmland"},"geometry":{"type":"Polygon","coordinates":[[[3.2474,45.6135],[3.2458,45.6137],[3.2473,45.6125],[3.2474,45.6135]]]}},{"type":"Feature","properties":{"landuse":"farmland"},"geometry":{"type":"Polygon","coordinates":[[[3.115,45.8284],[3.11,45.8197],[3.1334,45.8145],[3.1373,45.8225],[3.115,45.8284]]]}},{"type":"Feature","properties":{"landuse":"farmland"},"geometry":{"type":"Polygon","coordinates":[[[3.239,45.6131],[3.2418,45.6123],[3.2426,45.6135],[3.239,45.6131]]]}},{"type":"Feature","properties":{"landuse":"farmland"},"geometry":{"type":"Polygon","coordinates":[[[3.2442,45.6106],[3.2411,45.6113],[3.2368,45.6076],[3.2442,45.6106]]]}},{"type":"Feature","properties":{"landuse":"farmland"},"geometry":{"type":"Polygon","coordinates":[[[3.9124,45.0803],[3.9119,45.0791],[3.9137,45.0792],[3.9124,45.0803]]]}},{"type":"Feature","properties":{"landuse":"farmland"},"geometry":{"type":"Polygon","coordinates":[[[3.958,44.9947],[3.9596,44.9938],[3.9596,44.9949],[3.958,44.9947]]]}},{"type":"Feature","properties":{"landuse":"farmland"},"geometry":{"type":"Polygon","coordinates":[[[3.193,45.6007],[3.1929,45.6031],[3.188,45.601],[3.193,45.6007]]]}},{"type":"Feature","properties":{"landuse":"farmland"},"geometry":{"type":"Polygon","coordinates":[[[3.2287,45.69],[3.2275,45.6853],[3.2327,45.6863],[3.2303,45.6879],[3.234,45.6894],[3.2287,45.69]]]}},{"type":"Feature","properties":{"landuse":"farmland"},"geometry":{"type":"Polygon","coordinates":[[[3.2267,45.6864],[3.2253,45.6864],[3.2266,45.6855],[3.2267,45.6864]]]}},{"type":"Feature","properties":{"landuse":"farmland"},"geometry":{"type":"Polygon","coordinates":[[[3.2271,45.6874],[3.2272,45.6888],[3.2251,45.688],[3.2271,45.6874]]]}},{"type":"Feature","properties":{"landuse":"farmland"},"geometry":{"type":"Polygon","coordinates":[[[3.2256,45.6874],[3.2247,45.6859],[3.2266,45.685],[3.2256,45.6874]]]}},{"type":"Feature","properties":{"landuse":"farmland"},"geometry":{"type":"Polygon","coordinates":[[[3.197,45.6963],[3.2023,45.7001],[3.198,45.7012],[3.197,45.6963]]]}},{"type":"Feature","properties":{"landuse":"farmland"},"geometry":{"type":"Polygon","coordinates":[[[3.9055,44.9998],[3.908,45],[3.9068,45.001],[3.9055,44.9998]]]}},{"type":"Feature","properties":{"landuse":"farmland"},"geometry":{"type":"Polygon","coordinates":[[[3.9094,45.0007],[3.912,45.0011],[3.9084,45.002],[3.9094,45.0007]]]}},{"type":"Feature","properties":{"landuse":"farmland"},"geometry":{"type":"Polygon","coordinates":[[[3.9012,45.0025],[3.9051,45.0017],[3.9061,45.0024],[3.9012,45.0025]]]}},{"type":"Feature","properties":{"landuse":"green_public_spaces"},"geometry":{"type":"Polygon","coordinates":[[[3.4966,45.1095],[3.5009,45.1084],[3.4987,45.1104],[3.4966,45.1095]]]}},{"type":"Feature","properties":{"landuse":"farmland"},"geometry":{"type":"Polygon","coordinates":[[[3.4967,45.1124],[3.4953,45.1137],[3.4938,45.1134],[3.4967,45.1124]]]}},{"type":"Feature","properties":{"landuse":"farmland"},"geometry":{"type":"Polygon","coordinates":[[[3.4935,45.1137],[3.4941,45.1165],[3.4915,45.1165],[3.4935,45.1137]]]}},{"type":"Feature","properties":{"landuse":"farmland"},"geometry":{"type":"Polygon","coordinates":[[[3.4992,45.1227],[3.5009,45.1208],[3.5015,45.1236],[3.4992,45.1227]]]}},{"type":"Feature","properties":{"landuse":"farmland"},"geometry":{"type":"Polygon","coordinates":[[[3.5017,45.1209],[3.5015,45.1194],[3.5059,45.1173],[3.5017,45.1209]]]}},{"type":"Feature","properties":{"landuse":"green_public_spaces"},"geometry":{"type":"Polygon","coordinates":[[[3.501,45.0983],[3.5032,45.0983],[3.5026,45.0991],[3.501,45.0983]]]}},{"type":"Feature","properties":{"landuse":"farmland"},"geometry":{"type":"Polygon","coordinates":[[[3.5024,45.1005],[3.5027,45.0993],[3.5054,45.1006],[3.5024,45.1005]]]}},{"type":"Feature","properties":{"landuse":"farmland"},"geometry":{"type":"Polygon","coordinates":[[[3.5056,45.1002],[3.5026,45.0992],[3.5046,45.0957],[3.5114,45.0953],[3.5056,45.1002]]]}},{"type":"Feature","properties":{"landuse":"farmland"},"geometry":{"type":"Polygon","coordinates":[[[3.4931,45.1382],[3.495,45.1354],[3.4963,45.1374],[3.4931,45.1382]]]}},{"type":"Feature","properties":{"landuse":"green_public_spaces"},"geometry":{"type":"Polygon","coordinates":[[[3.21,45.6167],[3.209,45.6171],[3.2085,45.6161],[3.21,45.6167]]]}},{"type":"Feature","properties":{"landuse":"green_public_spaces"},"geometry":{"type":"Polygon","coordinates":[[[3.5013,45.0994],[3.5012,45.1009],[3.4996,45.0996],[3.5013,45.0994]]]}},{"type":"Feature","properties":{"landuse":"farmland"},"geometry":{"type":"Polygon","coordinates":[[[3.4821,45.1088],[3.488,45.1079],[3.4886,45.111],[3.4821,45.1088]]]}},{"type":"Feature","properties":{"landuse":"farmland"},"geometry":{"type":"Polygon","coordinates":[[[3.1683,45.6286],[3.1734,45.6292],[3.171,45.6338],[3.1683,45.6286]]]}},{"type":"Feature","properties":{"landuse":"orchard"},"geometry":{"type":"Polygon","coordinates":[[[3.1663,45.6385],[3.1665,45.6373],[3.1693,45.6385],[3.1663,45.6385]]]}},{"type":"Feature","properties":{"landuse":"green_public_spaces"},"geometry":{"type":"Polygon","coordinates":[[[3.1512,45.6211],[3.1522,45.6213],[3.1511,45.6233],[3.1512,45.6211]]]}},{"type":"Feature","properties":{"landuse":"farmland"},"geometry":{"type":"Polygon","coordinates":[[[3.1681,45.6338],[3.1664,45.6339],[3.1664,45.6327],[3.1681,45.6338]]]}},{"type":"Feature","properties":{"landuse":"farmland"},"geometry":{"type":"Polygon","coordinates":[[[3.1641,45.6961],[3.1599,45.6939],[3.1635,45.6944],[3.1641,45.6961]]]}},{"type":"Feature","properties":{"landuse":"farmland"},"geometry":{"type":"Polygon","coordinates":[[[3.1765,45.7065],[3.1792,45.7059],[3.1774,45.7071],[3.1765,45.7065]]]}},{"type":"Feature","properties":{"landuse":"farmland"},"geometry":{"type":"Polygon","coordinates":[[[3.5041,45.1025],[3.5063,45.1017],[3.5064,45.1026],[3.5041,45.1025]]]}},{"type":"Feature","properties":{"landuse":"farmland"},"geometry":{"type":"Polygon","coordinates":[[[3.8466,45.3027],[3.8478,45.3022],[3.8493,45.3028],[3.8466,45.3027]]]}},{"type":"Feature","properties":{"landuse":"farmland"},"geometry":{"type":"Polygon","coordinates":[[[3.8434,45.303],[3.8445,45.303],[3.8442,45.3041],[3.8434,45.303]]]}},{"type":"Feature","properties":{"landuse":"farmland"},"geometry":{"type":"Polygon","coordinates":[[[3.8485,45.3128],[3.8488,45.311],[3.8508,45.3106],[3.8485,45.3128]]]}},{"type":"Feature","properties":{"landuse":"farmland"},"geometry":{"type":"Polygon","coordinates":[[[3.8385,45.3058],[3.8374,45.3053],[3.8395,45.305],[3.8385,45.3058]]]}},{"type":"Feature","properties":{"landuse":"farmland"},"geometry":{"type":"Polygon","coordinates":[[[3.8599,45.3129],[3.8596,45.312],[3.8611,45.3123],[3.8599,45.3129]]]}},{"type":"Feature","properties":{"landuse":"farmland"},"geometry":{"type":"Polygon","coordinates":[[[3.8587,45.3137],[3.859,45.3129],[3.8602,45.3136],[3.8587,45.3137]]]}},{"type":"Feature","properties":{"landuse":"farmland"},"geometry":{"type":"Polygon","coordinates":[[[3.8554,45.309],[3.8573,45.3092],[3.8561,45.3107],[3.8554,45.309]]]}},{"type":"Feature","properties":{"landuse":"farmland"},"geometry":{"type":"Polygon","coordinates":[[[3.8459,45.3177],[3.8479,45.3167],[3.8451,45.3183],[3.8459,45.3177]]]}},{"type":"Feature","properties":{"landuse":"farmland"},"geometry":{"type":"Polygon","coordinates":[[[3.8528,45.3131],[3.8548,45.3129],[3.8543,45.3137],[3.8528,45.3131]]]}},{"type":"Feature","properties":{"landuse":"farmland"},"geometry":{"type":"Polygon","coordinates":[[[3.8582,45.3156],[3.8581,45.3146],[3.86,45.3151],[3.8582,45.3156]]]}},{"type":"Feature","properties":{"landuse":"farmland"},"geometry":{"type":"Polygon","coordinates":[[[3.8574,45.3176],[3.8583,45.3189],[3.8573,45.3197],[3.8574,45.3176]]]}},{"type":"Feature","properties":{"landuse":"farmland"},"geometry":{"type":"Polygon","coordinates":[[[3.8492,45.3197],[3.8519,45.3189],[3.8522,45.3209],[3.8492,45.3197]]]}},{"type":"Feature","properties":{"landuse":"farmland"},"geometry":{"type":"Polygon","coordinates":[[[3.8474,45.3197],[3.8493,45.321],[3.8469,45.3205],[3.8474,45.3197]]]}},{"type":"Feature","properties":{"landuse":"farmland"},"geometry":{"type":"Polygon","coordinates":[[[3.8423,45.3141],[3.8422,45.3124],[3.844,45.314],[3.8423,45.3141]]]}},{"type":"Feature","properties":{"landuse":"farmland"},"geometry":{"type":"Polygon","coordinates":[[[3.8415,45.3222],[3.8368,45.3222],[3.8376,45.3179],[3.8427,45.319],[3.8397,45.3199],[3.8415,45.3222]]]}},{"type":"Feature","properties":{"landuse":"farmland"},"geometry":{"type":"Polygon","coordinates":[[[3.8558,45.308],[3.856,45.307],[3.8574,45.3072],[3.8558,45.308]]]}},{"type":"Feature","properties":{"landuse":"farmland"},"geometry":{"type":"Polygon","coordinates":[[[3.8554,45.312],[3.8567,45.312],[3.855,45.313],[3.8554,45.312]]]}},{"type":"Feature","properties":{"landuse":"greenhouse_horticulture"},"geometry":{"type":"Polygon","coordinates":[[[3.8763,45.3061],[3.8739,45.3049],[3.8771,45.3041],[3.8763,45.3061]]]}},{"type":"Feature","properties":{"landuse":"farmland"},"geometry":{"type":"Polygon","coordinates":[[[3.8571,45.3465],[3.8559,45.3455],[3.8584,45.3456],[3.8571,45.3465]]]}},{"type":"Feature","properties":{"landuse":"farmland"},"geometry":{"type":"Polygon","coordinates":[[[3.8603,45.3428],[3.8615,45.3416],[3.8632,45.3425],[3.8603,45.3428]]]}},{"type":"Feature","properties":{"landuse":"farmland"},"geometry":{"type":"Polygon","coordinates":[[[3.8581,45.3421],[3.8567,45.3406],[3.8594,45.3399],[3.8581,45.3421]]]}},{"type":"Feature","properties":{"landuse":"farmland"},"geometry":{"type":"Polygon","coordinates":[[[3.8648,45.3417],[3.8705,45.3434],[3.8688,45.3447],[3.8648,45.3417]]]}},{"type":"Feature","properties":{"landuse":"vineyard"},"geometry":{"type":"Polygon","coordinates":[[[3.222,45.7139],[3.2215,45.7123],[3.2234,45.7136],[3.222,45.7139]]]}},{"type":"Feature","properties":{"landuse":"farmland"},"geometry":{"type":"Polygon","coordinates":[[[3.1632,45.7034],[3.1661,45.7032],[3.1653,45.7041],[3.1632,45.7034]]]}},{"type":"Feature","properties":{"landuse":"farmland"},"geometry":{"type":"Polygon","coordinates":[[[3.4991,45.1228],[3.502,45.1246],[3.4966,45.1328],[3.4991,45.1228]]]}},{"type":"Feature","properties":{"landuse":"farmland"},"geometry":{"type":"Polygon","coordinates":[[[3.4941,45.1339],[3.4956,45.1325],[3.4967,45.1338],[3.4941,45.1339]]]}},{"type":"Feature","properties":{"landuse":"farmland"},"geometry":{"type":"Polygon","coordinates":[[[3.5022,45.1242],[3.5041,45.1241],[3.5037,45.125],[3.5022,45.1242]]]}},{"type":"Feature","properties":{"landuse":"farmland"},"geometry":{"type":"Polygon","coordinates":[[[3.4996,45.133],[3.5023,45.1321],[3.5024,45.1331],[3.4996,45.133]]]}},{"type":"Feature","properties":{"landuse":"farmland"},"geometry":{"type":"Polygon","coordinates":[[[3.5046,45.13],[3.5054,45.1303],[3.5045,45.1317],[3.5046,45.13]]]}},{"type":"Feature","properties":{"landuse":"farmland"},"geometry":{"type":"Polygon","coordinates":[[[3.5051,45.1312],[3.5074,45.1307],[3.508,45.1323],[3.5051,45.1312]]]}},{"type":"Feature","properties":{"landuse":"farmland"},"geometry":{"type":"Polygon","coordinates":[[[3.517,45.1094],[3.5094,45.1129],[3.5159,45.1077],[3.517,45.1094]]]}},{"type":"Feature","properties":{"landuse":"farmland"},"geometry":{"type":"Polygon","coordinates":[[[3.5102,45.1105],[3.5087,45.1125],[3.5077,45.1117],[3.5102,45.1105]]]}},{"type":"Feature","properties":{"landuse":"farmland"},"geometry":{"type":"Polygon","coordinates":[[[3.5078,45.1125],[3.5054,45.1161],[3.504,45.1155],[3.5078,45.1125]]]}},{"type":"Feature","properties":{"landuse":"farmland"},"geometry":{"type":"Polygon","coordinates":[[[3.5035,45.1161],[3.5049,45.1166],[3.5023,45.1184],[3.5035,45.1161]]]}},{"type":"Feature","properties":{"landuse":"farmland"},"geometry":{"type":"Polygon","coordinates":[[[3.5049,45.1168],[3.5073,45.1143],[3.5094,45.1151],[3.5049,45.1168]]]}},{"type":"Feature","properties":{"landuse":"farmland"},"geometry":{"type":"Polygon","coordinates":[[[3.4239,45.2946],[3.4129,45.2965],[3.415,45.2876],[3.4239,45.2946]]]}},{"type":"Feature","properties":{"landuse":"farmland"},"geometry":{"type":"Polygon","coordinates":[[[3.4131,45.2803],[3.4106,45.2849],[3.4101,45.2801],[3.4131,45.2803]]]}},{"type":"Feature","properties":{"landuse":"farmland"},"geometry":{"type":"Polygon","coordinates":[[[3.4448,45.2908],[3.4315,45.296],[3.4135,45.2978],[3.4448,45.2908]]]}},{"type":"Feature","properties":{"landuse":"farmland"},"geometry":{"type":"Polygon","coordinates":[[[3.7825,45.0645],[3.7884,45.0645],[3.7882,45.0667],[3.784,45.067],[3.7838,45.0704],[3.7791,45.0674],[3.7753,45.0704],[3.7761,45.0752],[3.7716,45.0734],[3.7731,45.0674],[3.7825,45.0645]]]}},{"type":"Feature","properties":{"landuse":"farmland"},"geometry":{"type":"Polygon","coordinates":[[[3.7592,45.0685],[3.7609,45.0692],[3.7609,45.0706],[3.7592,45.0685]]]}},{"type":"Feature","properties":{"landuse":"farmland"},"geometry":{"type":"Polygon","coordinates":[[[3.7632,45.0697],[3.7644,45.072],[3.7614,45.071],[3.7632,45.0697]]]}},{"type":"Feature","properties":{"landuse":"farmland"},"geometry":{"type":"Polygon","coordinates":[[[3.7648,45.0687],[3.7667,45.0671],[3.7663,45.0694],[3.7648,45.0687]]]}},{"type":"Feature","properties":{"landuse":"farmland"},"geometry":{"type":"Polygon","coordinates":[[[3.7644,45.072],[3.768,45.0707],[3.768,45.0731],[3.7644,45.072]]]}},{"type":"Feature","properties":{"landuse":"farmland"},"geometry":{"type":"Polygon","coordinates":[[[3.2062,45.7141],[3.2,45.706],[3.2147,45.7079],[3.2104,45.7132],[3.2097,45.7232],[3.2062,45.7141]]]}},{"type":"Feature","properties":{"landuse":"farmland"},"geometry":{"type":"Polygon","coordinates":[[[3.9076,45.081],[3.9099,45.08],[3.9088,45.0814],[3.9076,45.081]]]}},{"type":"Feature","properties":{"landuse":"farmland"},"geometry":{"type":"Polygon","coordinates":[[[3.9074,45.0792],[3.9096,45.079],[3.9068,45.0808],[3.9074,45.0792]]]}},{"type":"Feature","properties":{"landuse":"farmland"},"geometry":{"type":"Polygon","coordinates":[[[3.9108,45.0777],[3.9105,45.0794],[3.9093,45.0782],[3.9108,45.0777]]]}},{"type":"Feature","properties":{"landuse":"farmland"},"geometry":{"type":"Polygon","coordinates":[[[3.903,45.0831],[3.9051,45.0834],[3.9041,45.0846],[3.903,45.0831]]]}},{"type":"Feature","properties":{"landuse":"farmland"},"geometry":{"type":"Polygon","coordinates":[[[3.7936,45.068],[3.7924,45.0675],[3.7959,45.0651],[3.7936,45.068]]]}},{"type":"Feature","properties":{"landuse":"farmland"},"geometry":{"type":"Polygon","coordinates":[[[3.7898,45.0699],[3.7924,45.0676],[3.7919,45.0706],[3.7898,45.0699]]]}},{"type":"Feature","properties":{"landuse":"farmland"},"geometry":{"type":"Polygon","coordinates":[[[3.7901,45.0668],[3.7914,45.0672],[3.7893,45.0678],[3.7901,45.0668]]]}},{"type":"Feature","properties":{"landuse":"farmland"},"geometry":{"type":"Polygon","coordinates":[[[3.7955,45.0652],[3.7897,45.0698],[3.793,45.0651],[3.7955,45.0652]]]}},{"type":"Feature","properties":{"landuse":"farmland"},"geometry":{"type":"Polygon","coordinates":[[[2.9956,45.1273],[2.9986,45.128],[2.997,45.1285],[2.9956,45.1273]]]}},{"type":"Feature","properties":{"landuse":"farmland"},"geometry":{"type":"Polygon","coordinates":[[[2.9882,45.1208],[2.9882,45.122],[2.9866,45.1215],[2.9882,45.1208]]]}},{"type":"Feature","properties":{"landuse":"farmland"},"geometry":{"type":"Polygon","coordinates":[[[3.2002,46.1078],[3.1981,46.1061],[3.2012,46.1058],[3.2002,46.1078]]]}},{"type":"Feature","properties":{"landuse":"farmland"},"geometry":{"type":"Polygon","coordinates":[[[3.2064,46.1059],[3.2091,46.1083],[3.2047,46.1082],[3.2064,46.1059]]]}},{"type":"Feature","properties":{"landuse":"farmland"},"geometry":{"type":"Polygon","coordinates":[[[3.2092,46.092],[3.2074,46.091],[3.2104,46.0907],[3.2092,46.092]]]}},{"type":"Feature","properties":{"landuse":"farmland"},"geometry":{"type":"Polygon","coordinates":[[[3.1996,46.0918],[3.203,46.0912],[3.202,46.0927],[3.1996,46.0918]]]}},{"type":"Feature","properties":{"landuse":"farmland"},"geometry":{"type":"Polygon","coordinates":[[[3.1988,46.0805],[3.1976,46.0792],[3.2004,46.0791],[3.1988,46.0805]]]}},{"type":"Feature","properties":{"landuse":"farmland"},"geometry":{"type":"Polygon","coordinates":[[[3.7435,46.6402],[3.7407,46.6436],[3.7409,46.6401],[3.7435,46.6402]]]}},{"type":"Feature","properties":{"landuse":"farmland"},"geometry":{"type":"Polygon","coordinates":[[[3.741,46.6472],[3.7392,46.647],[3.7391,46.6445],[3.741,46.6472]]]}},{"type":"Feature","properties":{"landuse":"farmland"},"geometry":{"type":"Polygon","coordinates":[[[2.1679,44.7015],[2.1682,44.6997],[2.1715,44.6994],[2.1679,44.7015]]]}},{"type":"Feature","properties":{"landuse":"farmland"},"geometry":{"type":"Polygon","coordinates":[[[2.164,44.7012],[2.161,44.7001],[2.1624,44.6986],[2.164,44.7012]]]}},{"type":"Feature","properties":{"landuse":"farmland"},"geometry":{"type":"Polygon","coordinates":[[[2.1607,44.7004],[2.1661,44.7006],[2.1646,44.7019],[2.1607,44.7004]]]}},{"type":"Feature","properties":{"landuse":"farmland"},"geometry":{"type":"Polygon","coordinates":[[[2.1598,44.7017],[2.1664,44.7026],[2.1615,44.7027],[2.1598,44.7017]]]}},{"type":"Feature","properties":{"landuse":"farmland"},"geometry":{"type":"Polygon","coordinates":[[[2.1679,44.6994],[2.1657,44.698],[2.1707,44.6989],[2.1679,44.6994]]]}},{"type":"Feature","properties":{"landuse":"farmland"},"geometry":{"type":"Polygon","coordinates":[[[2.1656,44.6959],[2.166,44.6951],[2.1689,44.6959],[2.1656,44.6959]]]}},{"type":"Feature","properties":{"landuse":"farmland"},"geometry":{"type":"Polygon","coordinates":[[[2.1655,44.6904],[2.1638,44.6897],[2.1655,44.6878],[2.1655,44.6904]]]}},{"type":"Feature","properties":{"landuse":"farmland"},"geometry":{"type":"Polygon","coordinates":[[[2.1673,44.6884],[2.1656,44.6877],[2.1668,44.6864],[2.1673,44.6884]]]}},{"type":"Feature","properties":{"landuse":"farmland"},"geometry":{"type":"Polygon","coordinates":[[[2.1676,44.6863],[2.1671,44.6844],[2.1689,44.6858],[2.1676,44.6863]]]}},{"type":"Feature","properties":{"landuse":"farmland"},"geometry":{"type":"Polygon","coordinates":[[[3.4187,46.1571],[3.4183,46.1559],[3.4241,46.1558],[3.4187,46.1571]]]}},{"type":"Feature","properties":{"landuse":"farmland"},"geometry":{"type":"Polygon","coordinates":[[[3.4183,46.1557],[3.4219,46.1547],[3.4211,46.1558],[3.4183,46.1557]]]}},{"type":"Feature","properties":{"landuse":"farmland"},"geometry":{"type":"Polygon","coordinates":[[[2.3368,45.2326],[2.3376,45.2303],[2.3392,45.2321],[2.3368,45.2326]]]}},{"type":"Feature","properties":{"landuse":"farmland"},"geometry":{"type":"Polygon","coordinates":[[[3.3285,45.7201],[3.3275,45.7183],[3.3301,45.7182],[3.3285,45.7201]]]}},{"type":"Feature","properties":{"landuse":"farmland"},"geometry":{"type":"Polygon","coordinates":[[[3.3313,45.7194],[3.3321,45.7187],[3.3329,45.7195],[3.3313,45.7194]]]}},{"type":"Feature","properties":{"landuse":"farmland"},"geometry":{"type":"Polygon","coordinates":[[[3.3258,45.7181],[3.3232,45.715],[3.3263,45.7144],[3.3258,45.7181]]]}},{"type":"Feature","properties":{"landuse":"farmland"},"geometry":{"type":"Polygon","coordinates":[[[3.1254,45.901],[3.1209,45.9024],[3.1214,45.8982],[3.1254,45.901]]]}},{"type":"Feature","properties":{"landuse":"farmland"},"geometry":{"type":"Polygon","coordinates":[[[3.1097,45.9646],[3.1095,45.9674],[3.1004,45.9682],[3.1065,45.9542],[3.1065,45.9616],[3.1097,45.9646]]]}},{"type":"Feature","properties":{"landuse":"farmland"},"geometry":{"type":"Polygon","coordinates":[[[3.0817,45.9651],[3.0938,45.966],[3.0993,45.9681],[3.0996,45.9715],[3.0879,45.9741],[3.0872,45.9688],[3.0817,45.9651]]]}},{"type":"Feature","properties":{"landuse":"farmland"},"geometry":{"type":"Polygon","coordinates":[[[2.2837,45.2093],[2.283,45.2068],[2.2852,45.2073],[2.2837,45.2093]]]}},{"type":"Feature","properties":{"landuse":"farmland"},"geometry":{"type":"Polygon","coordinates":[[[3.3239,45.4393],[3.323,45.4394],[3.3228,45.4381],[3.3239,45.4393]]]}},{"type":"Feature","properties":{"landuse":"farmland"},"geometry":{"type":"Polygon","coordinates":[[[3.3337,45.4327],[3.3326,45.435],[3.3316,45.4351],[3.3337,45.4327]]]}},{"type":"Feature","properties":{"landuse":"farmland"},"geometry":{"type":"Polygon","coordinates":[[[3.2965,45.4284],[3.3011,45.4291],[3.299,45.4307],[3.2965,45.4284]]]}},{"type":"Feature","properties":{"landuse":"farmland"},"geometry":{"type":"Polygon","coordinates":[[[3.1787,45.9119],[3.1871,45.9162],[3.185,45.9171],[3.188,45.9229],[3.1932,45.922],[3.1906,45.9391],[3.1794,45.9406],[3.181,45.9439],[3.1644,45.9425],[3.1609,45.9367],[3.1609,45.9255],[3.1646,45.9251],[3.1597,45.9245],[3.1508,45.9167],[3.155,45.9031],[3.1788,45.906],[3.1764,45.9076],[3.1787,45.9119]]]}},{"type":"Feature","properties":{"landuse":"farmland"},"geometry":{"type":"Polygon","coordinates":[[[3.2334,45.8951],[3.2346,45.9016],[3.2349,45.8953],[3.2407,45.892],[3.2581,45.8927],[3.2852,45.8996],[3.2856,45.9049],[3.2891,45.9052],[3.2846,45.9124],[3.2703,45.9079],[3.2675,45.9111],[3.2493,45.914],[3.2358,45.9203],[3.2303,45.9272],[3.2194,45.9132],[3.2253,45.9016],[3.2333,45.9015],[3.2334,45.8951]]]}},{"type":"Feature","properties":{"landuse":"farmland"},"geometry":{"type":"Polygon","coordinates":[[[3.21,45.8419],[3.1702,45.8485],[3.1633,45.8431],[3.1591,45.8292],[3.1617,45.8311],[3.1621,45.8275],[3.1591,45.8279],[3.1567,45.8182],[3.1603,45.8242],[3.1639,45.8227],[3.1608,45.8197],[3.1654,45.8181],[3.1637,45.813],[3.1554,45.8139],[3.1539,45.8095],[3.1567,45.8078],[3.1722,45.8162],[3.2184,45.8286],[3.21,45.8419]]]}},{"type":"Feature","properties":{"landuse":"farmland"},"geometry":{"type":"Polygon","coordinates":[[[3.1841,45.884],[3.1843,45.8767],[3.1905,45.8747],[3.1901,45.8683],[3.1955,45.8639],[3.2128,45.8658],[3.2188,45.8699],[3.2188,45.8808],[3.2241,45.8911],[3.2185,45.8962],[3.2108,45.8952],[3.2101,45.8976],[3.2239,45.9015],[3.2192,45.9083],[3.2129,45.9088],[3.2145,45.9101],[3.2106,45.9122],[3.1549,45.9026],[3.1538,45.8892],[3.1578,45.8887],[3.1579,45.8917],[3.1769,45.889],[3.179,45.8921],[3.1745,45.8909],[3.1759,45.8937],[3.1794,45.8941],[3.1789,45.8905],[3.1831,45.8892],[3.1942,45.8907],[3.1938,45.8866],[3.1839,45.8871],[3.1841,45.884]]]}},{"type":"Feature","properties":{"landuse":"farmland"},"geometry":{"type":"Polygon","coordinates":[[[3.2627,45.8866],[3.2621,45.8848],[3.2635,45.8852],[3.2627,45.8866]]]}},{"type":"Feature","properties":{"landuse":"farmland"},"geometry":{"type":"Polygon","coordinates":[[[4.2237,45.2495],[4.2248,45.2485],[4.2245,45.2501],[4.2237,45.2495]]]}},{"type":"Feature","properties":{"landuse":"farmland"},"geometry":{"type":"Polygon","coordinates":[[[3.3183,45.9176],[3.3112,45.9125],[3.3279,45.9192],[3.3183,45.9176]]]}},{"type":"Feature","properties":{"landuse":"farmland"},"geometry":{"type":"Polygon","coordinates":[[[3.1255,45.0061],[3.1276,45.0073],[3.1249,45.0079],[3.1255,45.0061]]]}},{"type":"Feature","properties":{"landuse":"farmland"},"geometry":{"type":"Polygon","coordinates":[[[3.2532,45.8175],[3.2554,45.8131],[3.2566,45.8168],[3.2532,45.8175]]]}},{"type":"Feature","properties":{"landuse":"farmland"},"geometry":{"type":"Polygon","coordinates":[[[3.2535,45.8177],[3.2581,45.8205],[3.2544,45.8208],[3.2535,45.8177]]]}},{"type":"Feature","properties":{"landuse":"farmland"},"geometry":{"type":"Polygon","coordinates":[[[3.2543,45.8208],[3.246,45.8172],[3.2534,45.8177],[3.2543,45.8208]]]}},{"type":"Feature","properties":{"landuse":"farmland"},"geometry":{"type":"Polygon","coordinates":[[[3.2482,45.821],[3.2489,45.8199],[3.2496,45.8205],[3.2482,45.821]]]}},{"type":"Feature","properties":{"landuse":"farmland"},"geometry":{"type":"Polygon","coordinates":[[[3.2449,45.8205],[3.2455,45.818],[3.2474,45.8191],[3.2449,45.8205]]]}},{"type":"Feature","properties":{"landuse":"farmland"},"geometry":{"type":"Polygon","coordinates":[[[3.2534,45.821],[3.2558,45.8222],[3.2546,45.8226],[3.2534,45.821]]]}},{"type":"Feature","properties":{"landuse":"farmland"},"geometry":{"type":"Polygon","coordinates":[[[3.2558,45.8222],[3.2548,45.8208],[3.2561,45.8206],[3.2558,45.8222]]]}},{"type":"Feature","properties":{"landuse":"farmland"},"geometry":{"type":"Polygon","coordinates":[[[3.2527,45.8236],[3.256,45.8247],[3.2547,45.8254],[3.2527,45.8236]]]}},{"type":"Feature","properties":{"landuse":"farmland"},"geometry":{"type":"Polygon","coordinates":[[[3.2524,45.8232],[3.2519,45.8227],[3.2538,45.8226],[3.2524,45.8232]]]}},{"type":"Feature","properties":{"landuse":"farmland"},"geometry":{"type":"Polygon","coordinates":[[[3.2519,45.8248],[3.2512,45.8242],[3.2526,45.8236],[3.2519,45.8248]]]}},{"type":"Feature","properties":{"landuse":"farmland"},"geometry":{"type":"Polygon","coordinates":[[[3.2532,45.8168],[3.2532,45.8175],[3.2502,45.8172],[3.2532,45.8168]]]}},{"type":"Feature","properties":{"landuse":"farmland"},"geometry":{"type":"Polygon","coordinates":[[[3.2532,45.8167],[3.2524,45.8133],[3.2532,45.8133],[3.2532,45.8167]]]}},{"type":"Feature","properties":{"landuse":"farmland"},"geometry":{"type":"Polygon","coordinates":[[[3.2453,45.8099],[3.2449,45.8116],[3.2426,45.8118],[3.2453,45.8099]]]}},{"type":"Feature","properties":{"landuse":"farmland"},"geometry":{"type":"Polygon","coordinates":[[[3.2449,45.8118],[3.2437,45.8142],[3.2426,45.8125],[3.2449,45.8118]]]}},{"type":"Feature","properties":{"landuse":"farmland"},"geometry":{"type":"Polygon","coordinates":[[[3.2525,45.806],[3.255,45.8043],[3.2557,45.8049],[3.2525,45.806]]]}},{"type":"Feature","properties":{"landuse":"farmland"},"geometry":{"type":"Polygon","coordinates":[[[3.2521,45.8072],[3.2574,45.8043],[3.2566,45.8085],[3.2521,45.8072]]]}},{"type":"Feature","properties":{"landuse":"farmland"},"geometry":{"type":"Polygon","coordinates":[[[2.2276,44.8614],[2.2266,44.8599],[2.2286,44.8596],[2.2276,44.8614]]]}},{"type":"Feature","properties":{"landuse":"farmland"},"geometry":{"type":"Polygon","coordinates":[[[2.2191,44.857],[2.2184,44.862],[2.2161,44.8585],[2.2191,44.857]]]}},{"type":"Feature","properties":{"landuse":"farmland"},"geometry":{"type":"Polygon","coordinates":[[[3.2372,45.6986],[3.233,45.7017],[3.2328,45.6982],[3.2372,45.6986]]]}},{"type":"Feature","properties":{"landuse":"farmland"},"geometry":{"type":"Polygon","coordinates":[[[3.2327,45.6982],[3.2318,45.7033],[3.2272,45.7033],[3.2274,45.7002],[3.2312,45.7011],[3.2327,45.6982]]]}},{"type":"Feature","properties":{"landuse":"farmland"},"geometry":{"type":"Polygon","coordinates":[[[3.2315,45.6983],[3.2306,45.7002],[3.2297,45.6981],[3.2315,45.6983]]]}},{"type":"Feature","properties":{"landuse":"farmland"},"geometry":{"type":"Polygon","coordinates":[[[3.2297,45.6992],[3.2273,45.6983],[3.2282,45.6972],[3.2297,45.6992]]]}},{"type":"Feature","properties":{"landuse":"farmland"},"geometry":{"type":"Polygon","coordinates":[[[3.2265,45.7011],[3.2262,45.6993],[3.2273,45.7003],[3.2265,45.7011]]]}},{"type":"Feature","properties":{"landuse":"farmland"},"geometry":{"type":"Polygon","coordinates":[[[3.1999,45.7056],[3.1992,45.7027],[3.202,45.7026],[3.1999,45.7056]]]}},{"type":"Feature","properties":{"landuse":"farmland"},"geometry":{"type":"Polygon","coordinates":[[[3.224,45.6848],[3.222,45.6833],[3.2256,45.6824],[3.224,45.6848]]]}},{"type":"Feature","properties":{"landuse":"farmland"},"geometry":{"type":"Polygon","coordinates":[[[3.763,45.5364],[3.7665,45.5378],[3.7607,45.5382],[3.763,45.5364]]]}},{"type":"Feature","properties":{"landuse":"farmland"},"geometry":{"type":"Polygon","coordinates":[[[3.7523,45.5329],[3.7584,45.5331],[3.7504,45.535],[3.7523,45.5329]]]}},{"type":"Feature","properties":{"landuse":"farmland"},"geometry":{"type":"Polygon","coordinates":[[[2.5783,46.3822],[2.5791,46.38],[2.5815,46.3819],[2.5783,46.3822]]]}},{"type":"Feature","properties":{"landuse":"farmland"},"geometry":{"type":"Polygon","coordinates":[[[2.5871,46.3864],[2.5842,46.3919],[2.5831,46.3865],[2.5871,46.3864]]]}},{"type":"Feature","properties":{"landuse":"farmland"},"geometry":{"type":"Polygon","coordinates":[[[2.5927,46.3907],[2.5927,46.3928],[2.5852,46.3944],[2.5927,46.3907]]]}},{"type":"Feature","properties":{"landuse":"farmland"},"geometry":{"type":"Polygon","coordinates":[[[2.6029,46.3963],[2.6002,46.394],[2.6027,46.3936],[2.6029,46.3963]]]}},{"type":"Feature","properties":{"landuse":"farmland"},"geometry":{"type":"Polygon","coordinates":[[[2.5974,46.3877],[2.6017,46.3867],[2.602,46.3892],[2.5974,46.3877]]]}},{"type":"Feature","properties":{"landuse":"farmland"},"geometry":{"type":"Polygon","coordinates":[[[2.5885,46.3782],[2.59,46.3779],[2.5895,46.3793],[2.5885,46.3782]]]}},{"type":"Feature","properties":{"landuse":"farmland"},"geometry":{"type":"Polygon","coordinates":[[[2.6016,46.3781],[2.5978,46.3821],[2.5978,46.3773],[2.6016,46.3781]]]}},{"type":"Feature","properties":{"landuse":"farmland"},"geometry":{"type":"Polygon","coordinates":[[[2.6102,46.3863],[2.6069,46.386],[2.6075,46.385],[2.6102,46.3863]]]}},{"type":"Feature","properties":{"landuse":"farmland"},"geometry":{"type":"Polygon","coordinates":[[[2.5782,46.3753],[2.5739,46.3734],[2.5778,46.3741],[2.5782,46.3753]]]}},{"type":"Feature","properties":{"landuse":"farmland"},"geometry":{"type":"Polygon","coordinates":[[[2.5778,46.3721],[2.5759,46.3717],[2.5772,46.3708],[2.5778,46.3721]]]}},{"type":"Feature","properties":{"landuse":"farmland"},"geometry":{"type":"Polygon","coordinates":[[[2.5778,46.3696],[2.5756,46.3716],[2.574,46.371],[2.5778,46.3696]]]}},{"type":"Feature","properties":{"landuse":"farmland"},"geometry":{"type":"Polygon","coordinates":[[[2.5827,46.3697],[2.5834,46.3685],[2.5845,46.3699],[2.5827,46.3697]]]}},{"type":"Feature","properties":{"landuse":"farmland"},"geometry":{"type":"Polygon","coordinates":[[[2.63,46.3699],[2.6291,46.3728],[2.6286,46.3711],[2.63,46.3699]]]}},{"type":"Feature","properties":{"landuse":"green_public_spaces"},"geometry":{"type":"Polygon","coordinates":[[[2.6279,46.3737],[2.6291,46.3728],[2.629,46.3739],[2.6279,46.3737]]]}},{"type":"Feature","properties":{"landuse":"farmland"},"geometry":{"type":"Polygon","coordinates":[[[2.6285,46.376],[2.6242,46.3779],[2.6241,46.376],[2.6285,46.376]]]}},{"type":"Feature","properties":{"landuse":"farmland"},"geometry":{"type":"Polygon","coordinates":[[[2.6228,46.3774],[2.6242,46.3788],[2.6221,46.3794],[2.6228,46.3774]]]}},{"type":"Feature","properties":{"landuse":"farmland"},"geometry":{"type":"Polygon","coordinates":[[[2.6092,46.3786],[2.6101,46.3768],[2.6119,46.3771],[2.6092,46.3786]]]}},{"type":"Feature","properties":{"landuse":"farmland"},"geometry":{"type":"Polygon","coordinates":[[[3.719,45.5501],[3.7229,45.5498],[3.7225,45.551],[3.719,45.5501]]]}},{"type":"Feature","properties":{"landuse":"farmland"},"geometry":{"type":"Polygon","coordinates":[[[3.7224,45.5511],[3.7276,45.551],[3.7271,45.5532],[3.7224,45.5511]]]}},{"type":"Feature","properties":{"landuse":"farmland"},"geometry":{"type":"Polygon","coordinates":[[[2.6084,46.3627],[2.6083,46.3636],[2.6064,46.3631],[2.6084,46.3627]]]}},{"type":"Feature","properties":{"landuse":"farmland"},"geometry":{"type":"Polygon","coordinates":[[[2.6014,46.3748],[2.5993,46.3728],[2.6034,46.3722],[2.6042,46.3757],[2.6014,46.3748]]]}},{"type":"Feature","properties":{"landuse":"green_public_spaces"},"geometry":{"type":"Polygon","coordinates":[[[3.2032,45.7243],[3.2036,45.7235],[3.2056,45.7253],[3.2032,45.7243]]]}},{"type":"Feature","properties":{"landuse":"green_public_spaces"},"geometry":{"type":"Polygon","coordinates":[[[3.2006,45.7237],[3.2012,45.7217],[3.2032,45.7227],[3.2006,45.7237]]]}},{"type":"Feature","properties":{"landuse":"farmland"},"geometry":{"type":"Polygon","coordinates":[[[2.6047,46.3934],[2.605,46.3918],[2.6058,46.3936],[2.6047,46.3934]]]}},{"type":"Feature","properties":{"landuse":"farmland"},"geometry":{"type":"Polygon","coordinates":[[[3.2324,45.7077],[3.2335,45.7057],[3.2343,45.7086],[3.2324,45.7077]]]}},{"type":"Feature","properties":{"landuse":"farmland"},"geometry":{"type":"Polygon","coordinates":[[[3.2245,45.7053],[3.2238,45.7022],[3.2268,45.7035],[3.2245,45.7053]]]}},{"type":"Feature","properties":{"landuse":"farmland"},"geometry":{"type":"Polygon","coordinates":[[[3.7679,45.544],[3.7692,45.5446],[3.7679,45.5465],[3.7679,45.544]]]}},{"type":"Feature","properties":{"landuse":"farmland"},"geometry":{"type":"Polygon","coordinates":[[[3.7638,45.5413],[3.7625,45.5439],[3.7608,45.5422],[3.7638,45.5413]]]}},{"type":"Feature","properties":{"landuse":"farmland"},"geometry":{"type":"Polygon","coordinates":[[[3.7602,45.5485],[3.7614,45.5461],[3.765,45.549],[3.7602,45.5485]]]}},{"type":"Feature","properties":{"landuse":"farmland"},"geometry":{"type":"Polygon","coordinates":[[[3.1964,46.1108],[3.1977,46.1095],[3.198,46.1104],[3.1964,46.1108]]]}},{"type":"Feature","properties":{"landuse":"farmland"},"geometry":{"type":"Polygon","coordinates":[[[3.1959,46.1142],[3.1943,46.1121],[3.1964,46.1109],[3.1959,46.1142]]]}},{"type":"Feature","properties":{"landuse":"farmland"},"geometry":{"type":"Polygon","coordinates":[[[3.7281,45.537],[3.7311,45.536],[3.7291,45.5377],[3.7281,45.537]]]}},{"type":"Feature","properties":{"landuse":"farmland"},"geometry":{"type":"Polygon","coordinates":[[[3.7293,45.5356],[3.731,45.5349],[3.7311,45.5355],[3.7293,45.5356]]]}},{"type":"Feature","properties":{"landuse":"farmland"},"geometry":{"type":"Polygon","coordinates":[[[3.7295,45.5332],[3.7291,45.5323],[3.7307,45.532],[3.7295,45.5332]]]}},{"type":"Feature","properties":{"landuse":"farmland"},"geometry":{"type":"Polygon","coordinates":[[[3.7359,45.5333],[3.736,45.5322],[3.7372,45.5324],[3.7359,45.5333]]]}},{"type":"Feature","properties":{"landuse":"farmland"},"geometry":{"type":"Polygon","coordinates":[[[3.7356,45.5325],[3.7357,45.5337],[3.7346,45.5337],[3.7356,45.5325]]]}},{"type":"Feature","properties":{"landuse":"green_public_spaces"},"geometry":{"type":"Polygon","coordinates":[[[2.7351,46.2852],[2.7366,46.2853],[2.734,46.2856],[2.7351,46.2852]]]}},{"type":"Feature","properties":{"landuse":"green_public_spaces"},"geometry":{"type":"Polygon","coordinates":[[[2.7379,46.2862],[2.7381,46.285],[2.7394,46.2856],[2.7379,46.2862]]]}},{"type":"Feature","properties":{"landuse":"farmland"},"geometry":{"type":"Polygon","coordinates":[[[2.7586,46.2874],[2.7575,46.2867],[2.758,46.2853],[2.7586,46.2874]]]}},{"type":"Feature","properties":{"landuse":"green_public_spaces"},"geometry":{"type":"Polygon","coordinates":[[[2.7457,46.2857],[2.7422,46.2847],[2.7504,46.286],[2.7457,46.2857]]]}},{"type":"Feature","properties":{"landuse":"farmland"},"geometry":{"type":"Polygon","coordinates":[[[3.2852,45.5752],[3.2834,45.5768],[3.2824,45.5757],[3.2852,45.5752]]]}},{"type":"Feature","properties":{"landuse":"farmland"},"geometry":{"type":"Polygon","coordinates":[[[3.283,45.5766],[3.2801,45.5772],[3.2821,45.5758],[3.283,45.5766]]]}},{"type":"Feature","properties":{"landuse":"farmland"},"geometry":{"type":"Polygon","coordinates":[[[3.2859,45.5732],[3.2825,45.5704],[3.2842,45.5696],[3.2859,45.5732]]]}},{"type":"Feature","properties":{"landuse":"farmland"},"geometry":{"type":"Polygon","coordinates":[[[3.2863,45.569],[3.2871,45.5702],[3.2847,45.5696],[3.2863,45.569]]]}},{"type":"Feature","properties":{"landuse":"farmland"},"geometry":{"type":"Polygon","coordinates":[[[3.2778,45.561],[3.276,45.5606],[3.2756,45.5595],[3.2778,45.561]]]}},{"type":"Feature","properties":{"landuse":"farmland"},"geometry":{"type":"Polygon","coordinates":[[[3.2797,45.5592],[3.2799,45.5568],[3.282,45.5585],[3.2797,45.5592]]]}},{"type":"Feature","properties":{"landuse":"farmland"},"geometry":{"type":"Polygon","coordinates":[[[3.2749,45.5573],[3.2774,45.5568],[3.2767,45.558],[3.2749,45.5573]]]}},{"type":"Feature","properties":{"landuse":"farmland"},"geometry":{"type":"Polygon","coordinates":[[[3.4612,46.0432],[3.463,46.045],[3.4593,46.0542],[3.4519,46.0504],[3.4544,46.043],[3.4612,46.0432]]]}},{"type":"Feature","properties":{"landuse":"farmland"},"geometry":{"type":"Polygon","coordinates":[[[3.4568,46.0554],[3.4525,46.0533],[3.4568,46.0533],[3.4568,46.0554]]]}},{"type":"Feature","properties":{"landuse":"farmland"},"geometry":{"type":"Polygon","coordinates":[[[3.4523,46.0532],[3.4518,46.0508],[3.4531,46.0518],[3.4523,46.0532]]]}},{"type":"Feature","properties":{"landuse":"farmland"},"geometry":{"type":"Polygon","coordinates":[[[3.4374,46.0874],[3.4359,46.0871],[3.4361,46.0858],[3.4374,46.0874]]]}},{"type":"Feature","properties":{"landuse":"farmland"},"geometry":{"type":"Polygon","coordinates":[[[3.4348,46.0866],[3.4322,46.0862],[3.4351,46.0855],[3.4348,46.0866]]]}},{"type":"Feature","properties":{"landuse":"farmland"},"geometry":{"type":"Polygon","coordinates":[[[3.4329,46.0843],[3.4346,46.0829],[3.4363,46.0851],[3.4329,46.0843]]]}},{"type":"Feature","properties":{"landuse":"farmland"},"geometry":{"type":"Polygon","coordinates":[[[3.5067,45.8609],[3.5084,45.8596],[3.5095,45.8609],[3.5067,45.8609]]]}},{"type":"Feature","properties":{"landuse":"farmland"},"geometry":{"type":"Polygon","coordinates":[[[2.2396,44.8614],[2.2435,44.8595],[2.2422,44.8617],[2.2396,44.8614]]]}},{"type":"Feature","properties":{"landuse":"farmland"},"geometry":{"type":"Polygon","coordinates":[[[2.2464,44.866],[2.2429,44.8673],[2.2411,44.8659],[2.2464,44.866]]]}},{"type":"Feature","properties":{"landuse":"farmland"},"geometry":{"type":"Polygon","coordinates":[[[2.2222,44.8686],[2.2229,44.8668],[2.2243,44.8672],[2.2222,44.8686]]]}},{"type":"Feature","properties":{"landuse":"farmland"},"geometry":{"type":"Polygon","coordinates":[[[3.6666,46.5296],[3.6657,46.531],[3.6622,46.5311],[3.6666,46.5296]]]}},{"type":"Feature","properties":{"landuse":"farmland"},"geometry":{"type":"Polygon","coordinates":[[[3.6743,46.5114],[3.6719,46.511],[3.6727,46.5093],[3.6743,46.5114]]]}},{"type":"Feature","properties":{"landuse":"farmland"},"geometry":{"type":"Polygon","coordinates":[[[3.6955,46.5416],[3.6952,46.5424],[3.691,46.5398],[3.6955,46.5416]]]}},{"type":"Feature","properties":{"landuse":"farmland"},"geometry":{"type":"Polygon","coordinates":[[[3.697,46.5407],[3.6987,46.5408],[3.6982,46.5418],[3.697,46.5407]]]}},{"type":"Feature","properties":{"landuse":"farmland"},"geometry":{"type":"Polygon","coordinates":[[[2.2078,44.8617],[2.204,44.8622],[2.2038,44.8587],[2.2083,44.8592],[2.2078,44.8617]]]}},{"type":"Feature","properties":{"landuse":"farmland"},"geometry":{"type":"Polygon","coordinates":[[[2.2041,44.8566],[2.2059,44.8585],[2.2029,44.8586],[2.2041,44.8566]]]}},{"type":"Feature","properties":{"landuse":"farmland"},"geometry":{"type":"Polygon","coordinates":[[[3.4698,46.1012],[3.4692,46.0997],[3.4727,46.0995],[3.4698,46.1012]]]}},{"type":"Feature","properties":{"landuse":"orchard"},"geometry":{"type":"Polygon","coordinates":[[[3.437,46.1827],[3.4382,46.1821],[3.4406,46.1838],[3.437,46.1827]]]}},{"type":"Feature","properties":{"landuse":"farmland"},"geometry":{"type":"Polygon","coordinates":[[[3.4342,46.18],[3.4371,46.1814],[3.4322,46.1819],[3.4342,46.18]]]}},{"type":"Feature","properties":{"landuse":"farmland"},"geometry":{"type":"Polygon","coordinates":[[[3.426,46.1557],[3.4243,46.1561],[3.4235,46.1546],[3.426,46.1557]]]}},{"type":"Feature","properties":{"landuse":"farmland"},"geometry":{"type":"Polygon","coordinates":[[[3.4255,46.1546],[3.4224,46.154],[3.4252,46.1535],[3.4255,46.1546]]]}},{"type":"Feature","properties":{"landuse":"green_public_spaces"},"geometry":{"type":"Polygon","coordinates":[[[3.4343,46.1469],[3.4337,46.1462],[3.435,46.1458],[3.4343,46.1469]]]}},{"type":"Feature","properties":{"landuse":"farmland"},"geometry":{"type":"Polygon","coordinates":[[[3.4384,46.1437],[3.4399,46.1444],[3.4374,46.1451],[3.4384,46.1437]]]}},{"type":"Feature","properties":{"landuse":"farmland"},"geometry":{"type":"Polygon","coordinates":[[[3.4443,46.149],[3.4424,46.1493],[3.443,46.1484],[3.4443,46.149]]]}},{"type":"Feature","properties":{"landuse":"farmland"},"geometry":{"type":"Polygon","coordinates":[[[3.4271,46.1623],[3.4271,46.1638],[3.4257,46.1634],[3.4271,46.1623]]]}},{"type":"Feature","properties":{"landuse":"farmland"},"geometry":{"type":"Polygon","coordinates":[[[3.4313,46.1636],[3.4317,46.1644],[3.4293,46.1649],[3.4313,46.1636]]]}},{"type":"Feature","properties":{"landuse":"orchard"},"geometry":{"type":"Polygon","coordinates":[[[3.235,45.6939],[3.2315,45.6948],[3.2341,45.6931],[3.235,45.6939]]]}},{"type":"Feature","properties":{"landuse":"farmland"},"geometry":{"type":"Polygon","coordinates":[[[3.2869,45.5719],[3.285,45.572],[3.2843,45.5696],[3.2869,45.5719]]]}},{"type":"Feature","properties":{"landuse":"farmland"},"geometry":{"type":"Polygon","coordinates":[[[3.2959,45.5671],[3.2912,45.5712],[3.2888,45.57],[3.2959,45.5671]]]}},{"type":"Feature","properties":{"landuse":"farmland"},"geometry":{"type":"Polygon","coordinates":[[[3.283,45.5701],[3.2815,45.569],[3.2832,45.5683],[3.283,45.5701]]]}},{"type":"Feature","properties":{"landuse":"farmland"},"geometry":{"type":"Polygon","coordinates":[[[3.283,45.5683],[3.2797,45.5657],[3.282,45.5636],[3.283,45.5683]]]}},{"type":"Feature","properties":{"landuse":"farmland"},"geometry":{"type":"Polygon","coordinates":[[[3.2773,45.5665],[3.2791,45.5645],[3.2791,45.5662],[3.2773,45.5665]]]}},{"type":"Feature","properties":{"landuse":"farmland"},"geometry":{"type":"Polygon","coordinates":[[[3.2858,45.5653],[3.2866,45.5663],[3.2832,45.5682],[3.2858,45.5653]]]}},{"type":"Feature","properties":{"landuse":"farmland"},"geometry":{"type":"Polygon","coordinates":[[[3.2797,45.5587],[3.2769,45.5578],[3.2799,45.5568],[3.2797,45.5587]]]}},{"type":"Feature","properties":{"landuse":"farmland"},"geometry":{"type":"Polygon","coordinates":[[[3.2799,45.5567],[3.28,45.5549],[3.2817,45.5567],[3.2799,45.5567]]]}},{"type":"Feature","properties":{"landuse":"farmland"},"geometry":{"type":"Polygon","coordinates":[[[3.3947,46.1649],[3.3954,46.1619],[3.3962,46.1645],[3.3947,46.1649]]]}},{"type":"Feature","properties":{"landuse":"farmland"},"geometry":{"type":"Polygon","coordinates":[[[3.3971,46.1798],[3.4023,46.1813],[3.3948,46.1807],[3.3971,46.1798]]]}},{"type":"Feature","properties":{"landuse":"farmland"},"geometry":{"type":"Polygon","coordinates":[[[3.4842,45.8558],[3.4851,45.8551],[3.4866,45.856],[3.4842,45.8558]]]}},{"type":"Feature","properties":{"landuse":"farmland"},"geometry":{"type":"Polygon","coordinates":[[[3.4847,45.8539],[3.4824,45.8528],[3.4849,45.8502],[3.4847,45.8539]]]}},{"type":"Feature","properties":{"landuse":"farmland"},"geometry":{"type":"Polygon","coordinates":[[[3.4865,45.8519],[3.4857,45.851],[3.4873,45.8512],[3.4865,45.8519]]]}},{"type":"Feature","properties":{"landuse":"farmland"},"geometry":{"type":"Polygon","coordinates":[[[3.4894,45.8684],[3.4888,45.867],[3.4904,45.8677],[3.4894,45.8684]]]}},{"type":"Feature","properties":{"landuse":"farmland"},"geometry":{"type":"Polygon","coordinates":[[[3.4896,45.8329],[3.4912,45.832],[3.4922,45.8327],[3.4896,45.8329]]]}},{"type":"Feature","properties":{"landuse":"farmland"},"geometry":{"type":"Polygon","coordinates":[[[3.2968,45.7907],[3.3155,45.8049],[3.3032,45.8079],[3.2979,45.8059],[3.2947,45.8074],[3.2957,45.8113],[3.2911,45.8111],[3.2931,45.817],[3.2994,45.8151],[3.2991,45.8213],[3.3031,45.8275],[3.3003,45.8278],[3.2859,45.8175],[3.2846,45.8193],[3.2904,45.8229],[3.2844,45.8219],[3.2801,45.8177],[3.2828,45.8149],[3.2776,45.8162],[3.2826,45.8139],[3.2828,45.809],[3.2778,45.8131],[3.2765,45.8115],[3.2881,45.7936],[3.2814,45.7889],[3.2968,45.7907]]]}},{"type":"Feature","properties":{"landuse":"farmland"},"geometry":{"type":"Polygon","coordinates":[[[3.9544,45],[3.9531,44.9986],[3.9547,44.9992],[3.9544,45]]]}},{"type":"Feature","properties":{"landuse":"farmland"},"geometry":{"type":"Polygon","coordinates":[[[3.9531,44.9998],[3.9514,44.9982],[3.9531,44.9986],[3.9531,44.9998]]]}},{"type":"Feature","properties":{"landuse":"farmland"},"geometry":{"type":"Polygon","coordinates":[[[3.9521,44.9995],[3.9494,44.9983],[3.9514,44.9982],[3.9521,44.9995]]]}},{"type":"Feature","properties":{"landuse":"farmland"},"geometry":{"type":"Polygon","coordinates":[[[3.9458,44.9933],[3.9484,44.9936],[3.9458,44.9941],[3.9458,44.9933]]]}},{"type":"Feature","properties":{"landuse":"farmland"},"geometry":{"type":"Polygon","coordinates":[[[3.9481,44.9944],[3.9433,44.995],[3.9453,44.9933],[3.9481,44.9944]]]}},{"type":"Feature","properties":{"landuse":"farmland"},"geometry":{"type":"Polygon","coordinates":[[[2.2303,44.8617],[2.2323,44.8598],[2.2333,44.8603],[2.2303,44.8617]]]}},{"type":"Feature","properties":{"landuse":"farmland"},"geometry":{"type":"Polygon","coordinates":[[[2.2318,44.8645],[2.2301,44.8622],[2.2356,44.8595],[2.2318,44.8645]]]}},{"type":"Feature","properties":{"landuse":"farmland"},"geometry":{"type":"Polygon","coordinates":[[[2.2376,44.8583],[2.2388,44.8568],[2.239,44.8574],[2.2376,44.8583]]]}},{"type":"Feature","properties":{"landuse":"farmland"},"geometry":{"type":"Polygon","coordinates":[[[3.0432,44.8574],[3.0416,44.856],[3.0456,44.8563],[3.0432,44.8574]]]}},{"type":"Feature","properties":{"landuse":"farmland"},"geometry":{"type":"Polygon","coordinates":[[[3.0403,44.8585],[3.0406,44.8577],[3.0427,44.8589],[3.0403,44.8585]]]}},{"type":"Feature","properties":{"landuse":"farmland"},"geometry":{"type":"Polygon","coordinates":[[[3.0292,44.8662],[3.0314,44.8651],[3.031,44.867],[3.0292,44.8662]]]}},{"type":"Feature","properties":{"landuse":"farmland"},"geometry":{"type":"Polygon","coordinates":[[[3.0323,44.8675],[3.0322,44.8664],[3.0334,44.8677],[3.0323,44.8675]]]}},{"type":"Feature","properties":{"landuse":"farmland"},"geometry":{"type":"Polygon","coordinates":[[[3.0418,44.8688],[3.0446,44.8671],[3.0447,44.8688],[3.0418,44.8688]]]}},{"type":"Feature","properties":{"landuse":"orchard"},"geometry":{"type":"Polygon","coordinates":[[[3.2632,46.3178],[3.2611,46.318],[3.2631,46.3168],[3.2632,46.3178]]]}},{"type":"Feature","properties":{"landuse":"farmland"},"geometry":{"type":"Polygon","coordinates":[[[3.3061,46.3081],[3.3061,46.3094],[3.3052,46.3091],[3.3061,46.3081]]]}},{"type":"Feature","properties":{"landuse":"farmland"},"geometry":{"type":"Polygon","coordinates":[[[3.3132,46.3095],[3.3196,46.3119],[3.3167,46.3123],[3.3132,46.3095]]]}},{"type":"Feature","properties":{"landuse":"farmland"},"geometry":{"type":"Polygon","coordinates":[[[3.3177,46.3143],[3.3164,46.3137],[3.3171,46.313],[3.3177,46.3143]]]}},{"type":"Feature","properties":{"landuse":"vineyard"},"geometry":{"type":"Polygon","coordinates":[[[3.3172,46.3069],[3.3144,46.3045],[3.3177,46.3052],[3.3172,46.3069]]]}},{"type":"Feature","properties":{"landuse":"farmland"},"geometry":{"type":"Polygon","coordinates":[[[3.5065,45.8199],[3.5092,45.8188],[3.5082,45.8207],[3.5065,45.8199]]]}},{"type":"Feature","properties":{"landuse":"farmland"},"geometry":{"type":"Polygon","coordinates":[[[3.3268,46.5872],[3.3257,46.5857],[3.3309,46.5855],[3.3268,46.5872]]]}},{"type":"Feature","properties":{"landuse":"farmland"},"geometry":{"type":"Polygon","coordinates":[[[3.3265,46.599],[3.327,46.5965],[3.3307,46.597],[3.3304,46.5994],[3.3265,46.599]]]}},{"type":"Feature","properties":{"landuse":"farmland"},"geometry":{"type":"Polygon","coordinates":[[[3.2786,45.7874],[3.2754,45.7875],[3.2785,45.7865],[3.2786,45.7874]]]}},{"type":"Feature","properties":{"landuse":"farmland"},"geometry":{"type":"Polygon","coordinates":[[[3.3405,45.753],[3.3385,45.7526],[3.3424,45.7504],[3.3405,45.753]]]}},{"type":"Feature","properties":{"landuse":"farmland"},"geometry":{"type":"Polygon","coordinates":[[[2.9474,45.2152],[2.9511,45.2138],[2.9495,45.2161],[2.9474,45.2152]]]}},{"type":"Feature","properties":{"landuse":"farmland"},"geometry":{"type":"Polygon","coordinates":[[[3.5195,45.791],[3.5207,45.792],[3.5189,45.7914],[3.5195,45.791]]]}},{"type":"Feature","properties":{"landuse":"farmland"},"geometry":{"type":"Polygon","coordinates":[[[3.735,45.5624],[3.7399,45.5662],[3.7368,45.5677],[3.735,45.5624]]]}},{"type":"Feature","properties":{"landuse":"farmland"},"geometry":{"type":"Polygon","coordinates":[[[3.7392,45.5629],[3.739,45.5623],[3.7413,45.5625],[3.7392,45.5629]]]}},{"type":"Feature","properties":{"landuse":"farmland"},"geometry":{"type":"Polygon","coordinates":[[[3.7371,45.5705],[3.7347,45.5717],[3.7376,45.5753],[3.734,45.5749],[3.7328,45.5718],[3.7371,45.5705]]]}},{"type":"Feature","properties":{"landuse":"farmland"},"geometry":{"type":"Polygon","coordinates":[[[3.7391,45.5693],[3.7368,45.5691],[3.7387,45.5683],[3.7391,45.5693]]]}},{"type":"Feature","properties":{"landuse":"farmland"},"geometry":{"type":"Polygon","coordinates":[[[3.7317,45.5728],[3.7321,45.5734],[3.7301,45.5734],[3.7317,45.5728]]]}},{"type":"Feature","properties":{"landuse":"farmland"},"geometry":{"type":"Polygon","coordinates":[[[3.7316,45.572],[3.7328,45.5683],[3.7358,45.5678],[3.7316,45.572]]]}},{"type":"Feature","properties":{"landuse":"farmland"},"geometry":{"type":"Polygon","coordinates":[[[3.751,45.5736],[3.7492,45.5734],[3.75,45.5728],[3.751,45.5736]]]}},{"type":"Feature","properties":{"landuse":"farmland"},"geometry":{"type":"Polygon","coordinates":[[[3.5106,45.7708],[3.5043,45.7753],[3.5061,45.7687],[3.5106,45.7708]]]}},{"type":"Feature","properties":{"landuse":"farmland"},"geometry":{"type":"Polygon","coordinates":[[[3.5073,45.7729],[3.5109,45.7718],[3.5119,45.7783],[3.5189,45.7822],[3.5123,45.7849],[3.5073,45.7729]]]}},{"type":"Feature","properties":{"landuse":"farmland"},"geometry":{"type":"Polygon","coordinates":[[[3.54,45.7839],[3.542,45.787],[3.5398,45.7891],[3.5281,45.7896],[3.5325,45.7837],[3.54,45.7839]]]}},{"type":"Feature","properties":{"landuse":"farmland"},"geometry":{"type":"Polygon","coordinates":[[[3.5662,45.7559],[3.5662,45.7572],[3.565,45.7572],[3.5662,45.7559]]]}},{"type":"Feature","properties":{"landuse":"farmland"},"geometry":{"type":"Polygon","coordinates":[[[3.7222,45.5763],[3.7241,45.5758],[3.7226,45.5773],[3.7222,45.5763]]]}},{"type":"Feature","properties":{"landuse":"farmland"},"geometry":{"type":"Polygon","coordinates":[[[3.7218,45.5677],[3.7211,45.5698],[3.7201,45.5695],[3.7218,45.5677]]]}},{"type":"Feature","properties":{"landuse":"farmland"},"geometry":{"type":"Polygon","coordinates":[[[3.727,45.5618],[3.7266,45.5603],[3.7273,45.5603],[3.727,45.5618]]]}},{"type":"Feature","properties":{"landuse":"farmland"},"geometry":{"type":"Polygon","coordinates":[[[3.7302,45.5787],[3.73,45.5815],[3.7278,45.5813],[3.7302,45.5787]]]}},{"type":"Feature","properties":{"landuse":"farmland"},"geometry":{"type":"Polygon","coordinates":[[[3.373,45.7464],[3.3741,45.7474],[3.3721,45.7469],[3.373,45.7464]]]}},{"type":"Feature","properties":{"landuse":"farmland"},"geometry":{"type":"Polygon","coordinates":[[[3.3741,45.7474],[3.373,45.7464],[3.3752,45.7471],[3.3741,45.7474]]]}},{"type":"Feature","properties":{"landuse":"farmland"},"geometry":{"type":"Polygon","coordinates":[[[3.7574,45.5744],[3.7557,45.5762],[3.7543,45.5741],[3.7574,45.5744]]]}},{"type":"Feature","properties":{"landuse":"farmland"},"geometry":{"type":"Polygon","coordinates":[[[3.7729,45.5646],[3.7715,45.5642],[3.7732,45.5634],[3.7729,45.5646]]]}},{"type":"Feature","properties":{"landuse":"farmland"},"geometry":{"type":"Polygon","coordinates":[[[2.4117,44.9397],[2.4091,44.9402],[2.41,44.9378],[2.4117,44.9397]]]}},{"type":"Feature","properties":{"landuse":"farmland"},"geometry":{"type":"Polygon","coordinates":[[[3.265,45.8742],[3.2648,45.873],[3.2672,45.8738],[3.265,45.8742]]]}},{"type":"Feature","properties":{"landuse":"farmland"},"geometry":{"type":"Polygon","coordinates":[[[3.2654,45.876],[3.2651,45.8746],[3.2683,45.8746],[3.2654,45.876]]]}},{"type":"Feature","properties":{"landuse":"farmland"},"geometry":{"type":"Polygon","coordinates":[[[3.362,45.7202],[3.3577,45.7255],[3.3596,45.7207],[3.362,45.7202]]]}},{"type":"Feature","properties":{"landuse":"farmland"},"geometry":{"type":"Polygon","coordinates":[[[3.3083,45.732],[3.3081,45.7303],[3.3114,45.7304],[3.3083,45.732]]]}},{"type":"Feature","properties":{"landuse":"farmland"},"geometry":{"type":"Polygon","coordinates":[[[3.3034,45.746],[3.3009,45.7372],[3.3067,45.7322],[3.3096,45.732],[3.311,45.7385],[3.3151,45.741],[3.322,45.7378],[3.319,45.731],[3.3057,45.73],[3.3078,45.7278],[3.3044,45.7275],[3.3053,45.7202],[3.3184,45.719],[3.3155,45.7235],[3.3186,45.7267],[3.326,45.7252],[3.3266,45.7213],[3.3301,45.7233],[3.3288,45.7291],[3.3358,45.7294],[3.333,45.7402],[3.3182,45.753],[3.3034,45.746]]]}},{"type":"Feature","properties":{"landuse":"farmland"},"geometry":{"type":"Polygon","coordinates":[[[3.333,45.7346],[3.3332,45.7327],[3.3347,45.734],[3.333,45.7346]]]}},{"type":"Feature","properties":{"landuse":"farmland"},"geometry":{"type":"Polygon","coordinates":[[[3.7584,45.5709],[3.7596,45.5687],[3.759,45.5709],[3.7584,45.5709]]]}},{"type":"Feature","properties":{"landuse":"farmland"},"geometry":{"type":"Polygon","coordinates":[[[3.2281,45.7122],[3.2253,45.7125],[3.2265,45.7112],[3.2281,45.7122]]]}},{"type":"Feature","properties":{"landuse":"farmland"},"geometry":{"type":"Polygon","coordinates":[[[3.2426,45.7142],[3.234,45.7267],[3.2351,45.7218],[3.2254,45.725],[3.2291,45.7193],[3.2231,45.7188],[3.2201,45.7106],[3.2274,45.7168],[3.2324,45.713],[3.2343,45.7156],[3.2426,45.7142]]]}},{"type":"Feature","properties":{"landuse":"farmland"},"geometry":{"type":"Polygon","coordinates":[[[4.1335,45.2251],[4.1323,45.2237],[4.1342,45.2248],[4.1335,45.2251]]]}},{"type":"Feature","properties":{"landuse":"farmland"},"geometry":{"type":"Polygon","coordinates":[[[4.1311,45.2254],[4.1282,45.2267],[4.1271,45.225],[4.1311,45.2254]]]}},{"type":"Feature","properties":{"landuse":"farmland"},"geometry":{"type":"Polygon","coordinates":[[[3.2193,45.6223],[3.2175,45.6208],[3.2215,45.6243],[3.2193,45.6223]]]}},{"type":"Feature","properties":{"landuse":"farmland"},"geometry":{"type":"Polygon","coordinates":[[[3.3854,45.818],[3.3877,45.82],[3.3857,45.8202],[3.3854,45.818]]]}},{"type":"Feature","properties":{"landuse":"farmland"},"geometry":{"type":"Polygon","coordinates":[[[3.3879,45.8195],[3.3928,45.8174],[3.3924,45.8197],[3.3879,45.8195]]]}},{"type":"Feature","properties":{"landuse":"farmland"},"geometry":{"type":"Polygon","coordinates":[[[3.3934,45.8159],[3.3907,45.8177],[3.389,45.814],[3.3934,45.8159]]]}},{"type":"Feature","properties":{"landuse":"farmland"},"geometry":{"type":"Polygon","coordinates":[[[3.3895,45.8169],[3.3883,45.8163],[3.3881,45.813],[3.3895,45.8169]]]}},{"type":"Feature","properties":{"landuse":"farmland"},"geometry":{"type":"Polygon","coordinates":[[[2.171,44.9643],[2.1706,44.966],[2.1694,44.9658],[2.171,44.9643]]]}},{"type":"Feature","properties":{"landuse":"farmland"},"geometry":{"type":"Polygon","coordinates":[[[2.1982,44.9703],[2.2002,44.9726],[2.199,44.9729],[2.1982,44.9703]]]}},{"type":"Feature","properties":{"landuse":"farmland"},"geometry":{"type":"Polygon","coordinates":[[[2.2022,44.9749],[2.2031,44.9776],[2.2006,44.9761],[2.2022,44.9749]]]}},{"type":"Feature","properties":{"landuse":"farmland"},"geometry":{"type":"Polygon","coordinates":[[[2.203,44.9777],[2.2049,44.9762],[2.2059,44.9779],[2.203,44.9777]]]}},{"type":"Feature","properties":{"landuse":"green_public_spaces"},"geometry":{"type":"Polygon","coordinates":[[[3.2758,45.4756],[3.2768,45.4738],[3.2778,45.4761],[3.2758,45.4756]]]}},{"type":"Feature","properties":{"landuse":"farmland"},"geometry":{"type":"Polygon","coordinates":[[[3.2792,45.4793],[3.2824,45.4791],[3.2807,45.4817],[3.2792,45.4793]]]}},{"type":"Feature","properties":{"landuse":"farmland"},"geometry":{"type":"Polygon","coordinates":[[[2.1927,44.9771],[2.1952,44.9772],[2.1917,44.9803],[2.1927,44.9771]]]}},{"type":"Feature","properties":{"landuse":"farmland"},"geometry":{"type":"Polygon","coordinates":[[[2.1991,44.9769],[2.199,44.9801],[2.1968,44.9792],[2.1991,44.9769]]]}},{"type":"Feature","properties":{"landuse":"farmland"},"geometry":{"type":"Polygon","coordinates":[[[2.1951,44.9826],[2.1963,44.9832],[2.1948,44.9837],[2.1951,44.9826]]]}},{"type":"Feature","properties":{"landuse":"farmland"},"geometry":{"type":"Polygon","coordinates":[[[2.2038,44.9649],[2.2072,44.9643],[2.2062,44.9656],[2.2038,44.9649]]]}},{"type":"Feature","properties":{"landuse":"farmland"},"geometry":{"type":"Polygon","coordinates":[[[2.2044,44.9713],[2.2045,44.973],[2.202,44.9723],[2.2044,44.9713]]]}},{"type":"Feature","properties":{"landuse":"farmland"},"geometry":{"type":"Polygon","coordinates":[[[2.2148,44.9808],[2.2113,44.983],[2.2125,44.9796],[2.2148,44.9808]]]}},{"type":"Feature","properties":{"landuse":"orchard"},"geometry":{"type":"Polygon","coordinates":[[[3.1016,45.9167],[3.1026,45.9152],[3.1043,45.9157],[3.1016,45.9167]]]}},{"type":"Feature","properties":{"landuse":"orchard"},"geometry":{"type":"Polygon","coordinates":[[[3.1058,45.9176],[3.1062,45.917],[3.1089,45.918],[3.1058,45.9176]]]}},{"type":"Feature","properties":{"landuse":"vineyard"},"geometry":{"type":"Polygon","coordinates":[[[3.1015,45.9128],[3.1026,45.9115],[3.1058,45.9129],[3.1015,45.9128]]]}},{"type":"Feature","properties":{"landuse":"greenhouse_horticulture"},"geometry":{"type":"Polygon","coordinates":[[[3.1461,45.7905],[3.1493,45.7893],[3.1477,45.7924],[3.1461,45.7905]]]}},{"type":"Feature","properties":{"landuse":"farmland"},"geometry":{"type":"Polygon","coordinates":[[[2.2038,44.9742],[2.2068,44.978],[2.2024,44.9749],[2.2038,44.9742]]]}},{"type":"Feature","properties":{"landuse":"farmland"},"geometry":{"type":"Polygon","coordinates":[[[3.3362,45.3994],[3.3348,45.4001],[3.335,45.3986],[3.3362,45.3994]]]}},{"type":"Feature","properties":{"landuse":"farmland"},"geometry":{"type":"Polygon","coordinates":[[[2.2013,44.9873],[2.2044,44.9887],[2.203,44.9893],[2.2013,44.9873]]]}},{"type":"Feature","properties":{"landuse":"farmland"},"geometry":{"type":"Polygon","coordinates":[[[2.2025,44.979],[2.2009,44.9804],[2.2,44.9793],[2.2025,44.979]]]}},{"type":"Feature","properties":{"landuse":"farmland"},"geometry":{"type":"Polygon","coordinates":[[[2.2015,44.9803],[2.203,44.979],[2.203,44.9807],[2.2015,44.9803]]]}},{"type":"Feature","properties":{"landuse":"farmland"},"geometry":{"type":"Polygon","coordinates":[[[3.3059,45.3985],[3.311,45.3963],[3.3078,45.394],[3.3119,45.39],[3.3211,45.3923],[3.315,45.4003],[3.3109,45.3988],[3.3084,45.4013],[3.3059,45.3985]]]}},{"type":"Feature","properties":{"landuse":"greenhouse_horticulture"},"geometry":{"type":"Polygon","coordinates":[[[3.2849,45.7888],[3.2814,45.7889],[3.2839,45.7879],[3.2849,45.7888]]]}},{"type":"Feature","properties":{"landuse":"farmland"},"geometry":{"type":"Polygon","coordinates":[[[2.1827,44.9872],[2.1843,44.9866],[2.1841,44.9883],[2.1827,44.9872]]]}},{"type":"Feature","properties":{"landuse":"farmland"},"geometry":{"type":"Polygon","coordinates":[[[4.2414,45.2362],[4.2432,45.2372],[4.2408,45.2373],[4.2414,45.2362]]]}},{"type":"Feature","properties":{"landuse":"farmland"},"geometry":{"type":"Polygon","coordinates":[[[2.2206,44.9611],[2.2161,44.9593],[2.2173,44.9578],[2.2206,44.9611]]]}},{"type":"Feature","properties":{"landuse":"farmland"},"geometry":{"type":"Polygon","coordinates":[[[2.2192,44.9633],[2.2199,44.9655],[2.2186,44.9656],[2.2192,44.9633]]]}},{"type":"Feature","properties":{"landuse":"farmland"},"geometry":{"type":"Polygon","coordinates":[[[2.6266,44.974],[2.629,44.9765],[2.6276,44.976],[2.6266,44.974]]]}},{"type":"Feature","properties":{"landuse":"green_public_spaces"},"geometry":{"type":"Polygon","coordinates":[[[3.3114,46.588],[3.3119,46.5869],[3.3136,46.5877],[3.3114,46.588]]]}},{"type":"Feature","properties":{"landuse":"farmland"},"geometry":{"type":"Polygon","coordinates":[[[3.1867,45.8474],[3.199,45.8456],[3.2014,45.8489],[3.2023,45.8446],[3.2146,45.842],[3.2179,45.8625],[3.2146,45.8611],[3.2111,45.8652],[3.1872,45.8594],[3.1816,45.8564],[3.1851,45.8543],[3.1837,45.8483],[3.1867,45.8474]]]}},{"type":"Feature","properties":{"landuse":"farmland"},"geometry":{"type":"Polygon","coordinates":[[[3.1551,45.88],[3.1606,45.8789],[3.1601,45.8875],[3.1549,45.8883],[3.1551,45.88]]]}},{"type":"Feature","properties":{"landuse":"farmland"},"geometry":{"type":"Polygon","coordinates":[[[3.1581,45.8794],[3.1552,45.8797],[3.1612,45.8437],[3.1659,45.8466],[3.1633,45.8521],[3.1688,45.8514],[3.1702,45.8553],[3.1774,45.8543],[3.1948,45.8646],[3.189,45.8715],[3.1859,45.8711],[3.1875,45.8746],[3.1843,45.8763],[3.1841,45.8862],[3.1651,45.8859],[3.1614,45.8787],[3.1581,45.8794]]]}},{"type":"Feature","properties":{"landuse":"green_public_spaces"},"geometry":{"type":"Polygon","coordinates":[[[3.1567,45.8181],[3.1604,45.8173],[3.1595,45.8189],[3.1567,45.8181]]]}},{"type":"Feature","properties":{"landuse":"vineyard"},"geometry":{"type":"Polygon","coordinates":[[[3.3378,45.9101],[3.3402,45.9114],[3.3388,45.9117],[3.3378,45.9101]]]}},{"type":"Feature","properties":{"landuse":"vineyard"},"geometry":{"type":"Polygon","coordinates":[[[3.3129,45.7236],[3.3122,45.7219],[3.3155,45.7235],[3.3129,45.7236]]]}},{"type":"Feature","properties":{"landuse":"vineyard"},"geometry":{"type":"Polygon","coordinates":[[[3.3249,45.7382],[3.328,45.7386],[3.3276,45.7392],[3.3249,45.7382]]]}},{"type":"Feature","properties":{"landuse":"farmland"},"geometry":{"type":"Polygon","coordinates":[[[3.4553,45.9508],[3.4604,45.9514],[3.4588,45.9534],[3.4553,45.9508]]]}},{"type":"Feature","properties":{"landuse":"greenhouse_horticulture"},"geometry":{"type":"Polygon","coordinates":[[[3.4999,45.8377],[3.5022,45.8375],[3.5019,45.8383],[3.4999,45.8377]]]}},{"type":"Feature","properties":{"landuse":"greenhouse_horticulture"},"geometry":{"type":"Polygon","coordinates":[[[3.4404,45.9735],[3.4405,45.9726],[3.4425,45.9733],[3.4404,45.9735]]]}},{"type":"Feature","properties":{"landuse":"greenhouse_horticulture"},"geometry":{"type":"Polygon","coordinates":[[[3.5035,45.9551],[3.5052,45.954],[3.5058,45.9563],[3.5035,45.9551]]]}},{"type":"Feature","properties":{"landuse":"greenhouse_horticulture"},"geometry":{"type":"Polygon","coordinates":[[[3.3724,45.8357],[3.3758,45.8327],[3.3763,45.8352],[3.3724,45.8357]]]}},{"type":"Feature","properties":{"landuse":"farmland"},"geometry":{"type":"Polygon","coordinates":[[[3.4281,46.0725],[3.4207,46.0711],[3.427,46.0692],[3.4281,46.0725]]]}},{"type":"Feature","properties":{"landuse":"farmland"},"geometry":{"type":"Polygon","coordinates":[[[3.4283,46.0688],[3.432,46.0699],[3.4284,46.0696],[3.4283,46.0688]]]}},{"type":"Feature","properties":{"landuse":"orchard"},"geometry":{"type":"Polygon","coordinates":[[[3.2115,45.6849],[3.213,45.6809],[3.2154,45.6843],[3.2115,45.6849]]]}},{"type":"Feature","properties":{"landuse":"farmland"},"geometry":{"type":"Polygon","coordinates":[[[3.1893,45.6856],[3.1893,45.687],[3.1877,45.6875],[3.1893,45.6856]]]}},{"type":"Feature","properties":{"landuse":"farmland"},"geometry":{"type":"Polygon","coordinates":[[[3.4248,46.0792],[3.4258,46.0799],[3.425,46.0811],[3.4248,46.0792]]]}},{"type":"Feature","properties":{"landuse":"farmland"},"geometry":{"type":"Polygon","coordinates":[[[3.4317,46.0847],[3.4304,46.0839],[3.432,46.083],[3.4317,46.0847]]]}},{"type":"Feature","properties":{"landuse":"farmland"},"geometry":{"type":"Polygon","coordinates":[[[3.431,46.0785],[3.4327,46.0805],[3.4308,46.0805],[3.431,46.0785]]]}},{"type":"Feature","properties":{"landuse":"farmland"},"geometry":{"type":"Polygon","coordinates":[[[3.4281,46.0727],[3.4285,46.0747],[3.4256,46.0715],[3.4281,46.0727]]]}},{"type":"Feature","properties":{"landuse":"farmland"},"geometry":{"type":"Polygon","coordinates":[[[3.458,46.0723],[3.4558,46.0709],[3.4571,46.0709],[3.458,46.0723]]]}},{"type":"Feature","properties":{"landuse":"farmland"},"geometry":{"type":"Polygon","coordinates":[[[3.4671,46.0879],[3.4675,46.0854],[3.4681,46.0871],[3.4671,46.0879]]]}}]}