{"type":"FeatureCollection","features":[{"type":"Feature","properties":{"landuse":"farmland"},"geometry":{"type":"Polygon","coordinates":[[[7.506,47.5116],[7.5174,47.5131],[7.5154,47.5141],[7.5192,47.5153],[7.5184,47.5189],[7.528,47.5196],[7.5306,47.5263],[7.5383,47.5234],[7.5291,47.5206],[7.5292,47.518],[7.5359,47.5219],[7.5408,47.5196],[7.5294,47.5167],[7.5362,47.5135],[7.5329,47.5114],[7.5402,47.5117],[7.5493,47.5221],[7.5341,47.5259],[7.5458,47.5326],[7.5325,47.5293],[7.5243,47.5317],[7.5194,47.5284],[7.5235,47.5273],[7.5236,47.5241],[7.5279,47.53],[7.5305,47.5294],[7.5253,47.5222],[7.5204,47.5251],[7.5189,47.5198],[7.5066,47.5138],[7.5139,47.5179],[7.5138,47.5228],[7.5054,47.5224],[7.5078,47.5219],[7.5009,47.5197],[7.507,47.5195],[7.5007,47.5152],[7.5044,47.5151],[7.4994,47.512],[7.506,47.5116]],[[7.5268,47.5212],[7.5271,47.5214],[7.5275,47.5196],[7.5268,47.5212]],[[7.5309,47.5286],[7.5313,47.5284],[7.5308,47.5285],[7.5309,47.5286]],[[7.5312,47.5281],[7.5298,47.5289],[7.5309,47.5286],[7.5312,47.5281]],[[7.5172,47.5186],[7.5177,47.5186],[7.5172,47.5184],[7.5172,47.5186]],[[7.5175,47.5177],[7.5171,47.5183],[7.5174,47.5184],[7.5175,47.5177]],[[7.5235,47.5181],[7.5236,47.5176],[7.5222,47.5174],[7.5235,47.5181]],[[7.5072,47.514],[7.5078,47.5127],[7.5076,47.5127],[7.5072,47.514]],[[7.538,47.5153],[7.5386,47.5146],[7.5384,47.5146],[7.538,47.5153]],[[7.5389,47.5139],[7.5413,47.5147],[7.5391,47.5138],[7.5392,47.5136],[7.5389,47.5139]],[[7.5409,47.5135],[7.5412,47.5132],[7.5398,47.5127],[7.5409,47.5135]],[[7.5365,47.517],[7.5392,47.5155],[7.5371,47.5153],[7.5365,47.517]],[[7.5372,47.5144],[7.5382,47.5146],[7.5374,47.514],[7.5372,47.5144]],[[7.5366,47.5128],[7.539,47.5135],[7.5392,47.5132],[7.5366,47.5128]],[[7.5423,47.5172],[7.5436,47.5172],[7.5421,47.5153],[7.5423,47.5172]],[[7.54,47.5189],[7.5409,47.5184],[7.5395,47.5188],[7.54,47.5189]],[[7.541,47.5183],[7.5423,47.5178],[7.5412,47.5179],[7.541,47.5183]],[[7.5258,47.5221],[7.5256,47.5226],[7.5271,47.5217],[7.5258,47.5221]],[[7.5083,47.5189],[7.5089,47.5194],[7.51,47.5197],[7.5083,47.5189]],[[7.5133,47.5198],[7.5133,47.5194],[7.5129,47.5196],[7.5133,47.5198]],[[7.5077,47.5206],[7.5099,47.521],[7.5088,47.5201],[7.5077,47.5206]],[[7.5464,47.5217],[7.546,47.521],[7.5448,47.5217],[7.5464,47.5217]],[[7.5464,47.5217],[7.5467,47.5216],[7.5465,47.5214],[7.5464,47.5217]],[[7.546,47.521],[7.5472,47.5213],[7.5465,47.5207],[7.546,47.521]],[[7.5472,47.5213],[7.5473,47.5203],[7.5465,47.5207],[7.5472,47.5213]],[[7.5383,47.5153],[7.5405,47.5148],[7.5397,47.5155],[7.5383,47.5153]],[[7.5348,47.517],[7.5355,47.5171],[7.536,47.5151],[7.5348,47.517]],[[7.5362,47.5172],[7.539,47.5179],[7.5372,47.5172],[7.5362,47.5172]],[[7.5444,47.517],[7.5449,47.5173],[7.5452,47.5171],[7.5444,47.517]],[[7.5424,47.5169],[7.5433,47.5166],[7.5429,47.5161],[7.5424,47.5169]],[[7.5424,47.5179],[7.5436,47.5188],[7.5448,47.5183],[7.5424,47.5179]],[[7.5225,47.5215],[7.5254,47.5222],[7.5244,47.5198],[7.5225,47.5215]],[[7.5246,47.5199],[7.5243,47.5197],[7.5255,47.5207],[7.5246,47.5199]],[[7.5224,47.518],[7.52,47.5193],[7.5215,47.5206],[7.5224,47.518]],[[7.5232,47.5191],[7.5237,47.5196],[7.5235,47.5187],[7.5232,47.5191]],[[7.5222,47.5183],[7.5231,47.519],[7.5234,47.5187],[7.5222,47.5183]]]}},{"type":"Feature","properties":{"landuse":"green_public_spaces"},"geometry":{"type":"Polygon","coordinates":[[[7.7785,48.5927],[7.7704,48.5925],[7.7815,48.5901],[7.7785,48.5927]],[[7.7754,48.5921],[7.7756,48.592],[7.775,48.5918],[7.7754,48.5921]],[[7.7758,48.5921],[7.7756,48.5922],[7.7759,48.5926],[7.7758,48.5921]],[[7.7778,48.5899],[7.7783,48.5897],[7.7782,48.5896],[7.7778,48.5899]],[[7.7745,48.5903],[7.7736,48.5908],[7.774,48.5911],[7.7745,48.5903]],[[7.7779,48.5913],[7.778,48.5914],[7.7781,48.5913],[7.7779,48.5913]],[[7.779,48.5911],[7.779,48.5908],[7.7783,48.5908],[7.779,48.5911]],[[7.7766,48.5906],[7.779,48.5896],[7.7782,48.5891],[7.7766,48.5906]]]}},{"type":"Feature","properties":{"landuse":"vineyard"},"geometry":{"type":"Polygon","coordinates":[[[7.4733,48.5176],[7.4617,48.5212],[7.4472,48.5111],[7.4483,48.5081],[7.4427,48.5078],[7.4644,48.4997],[7.4656,48.503],[7.4779,48.5019],[7.4798,48.5073],[7.4733,48.5112],[7.4757,48.5125],[7.4733,48.5176]],[[7.4637,48.5147],[7.4643,48.5146],[7.4639,48.5136],[7.4637,48.5147]],[[7.4672,48.5182],[7.4663,48.5174],[7.4651,48.518],[7.4672,48.5182]],[[7.4699,48.5083],[7.4702,48.5084],[7.4701,48.5081],[7.4699,48.5083]],[[7.4706,48.5087],[7.4703,48.5085],[7.4698,48.5085],[7.4706,48.5087]],[[7.4731,48.5061],[7.4743,48.5064],[7.4744,48.5063],[7.4731,48.5061]],[[7.4714,48.5059],[7.471,48.5071],[7.4712,48.5071],[7.4714,48.5059]],[[7.4724,48.5054],[7.4731,48.5056],[7.4732,48.5052],[7.4724,48.5054]],[[7.4707,48.5058],[7.4695,48.5061],[7.4705,48.5065],[7.4707,48.5058]],[[7.4688,48.5081],[7.4691,48.508],[7.4689,48.5077],[7.4688,48.5081]],[[7.4735,48.5081],[7.4742,48.5077],[7.4738,48.5073],[7.4735,48.5081]],[[7.4513,48.5087],[7.4503,48.5092],[7.4512,48.5094],[7.4513,48.5087]],[[7.4507,48.5093],[7.4509,48.5087],[7.4499,48.5089],[7.4507,48.5093]],[[7.4513,48.5087],[7.4525,48.5098],[7.4528,48.509],[7.4513,48.5087]],[[7.4607,48.5099],[7.4629,48.5101],[7.4531,48.5083],[7.4534,48.5105],[7.4607,48.5099]]]}},{"type":"Feature","properties":{"landuse":"farmland"},"geometry":{"type":"Polygon","coordinates":[[[7.5209,48.4514],[7.5452,48.4509],[7.539,48.4523],[7.5479,48.4528],[7.562,48.4746],[7.5473,48.4785],[7.5396,48.4718],[7.544,48.4713],[7.5392,48.4714],[7.5204,48.4579],[7.5184,48.4557],[7.521,48.4559],[7.5209,48.4514]]]}},{"type":"Feature","properties":{"landuse":"vineyard"},"geometry":{"type":"Polygon","coordinates":[[[7.3013,48.1797],[7.3044,48.1796],[7.2985,48.1746],[7.3067,48.1743],[7.2951,48.171],[7.2953,48.1682],[7.3149,48.1667],[7.3233,48.1583],[7.3289,48.1611],[7.3386,48.1594],[7.3449,48.1763],[7.339,48.1836],[7.3421,48.1869],[7.331,48.1872],[7.3268,48.1912],[7.3267,48.187],[7.3231,48.1917],[7.3162,48.1928],[7.3065,48.1888],[7.3013,48.1797]],[[7.3103,48.1738],[7.3133,48.1742],[7.3092,48.1733],[7.3103,48.1738]],[[7.3215,48.1705],[7.322,48.1679],[7.3184,48.1665],[7.3194,48.1692],[7.315,48.171],[7.3246,48.1707],[7.3215,48.1705]],[[7.3357,48.1801],[7.3356,48.1811],[7.3369,48.1814],[7.3357,48.1801]],[[7.3078,48.1864],[7.3079,48.1859],[7.3072,48.1863],[7.3078,48.1864]],[[7.3264,48.1678],[7.3259,48.1678],[7.3264,48.1679],[7.3264,48.1678]],[[7.3276,48.1681],[7.3286,48.1677],[7.3278,48.1676],[7.3276,48.1681]],[[7.3118,48.1823],[7.3342,48.1805],[7.3162,48.1808],[7.3041,48.1762],[7.308,48.1785],[7.3046,48.1794],[7.3118,48.1823]],[[7.3148,48.168],[7.3146,48.1673],[7.3145,48.1681],[7.3148,48.168]],[[7.3115,48.1762],[7.3127,48.1762],[7.3128,48.1757],[7.3115,48.1762]],[[7.3241,48.1872],[7.3224,48.187],[7.323,48.1875],[7.3241,48.1872]],[[7.3386,48.1827],[7.338,48.1828],[7.3385,48.1831],[7.3386,48.1827]],[[7.3392,48.1701],[7.3391,48.1696],[7.339,48.1702],[7.3392,48.1701]],[[7.3354,48.1669],[7.3355,48.1671],[7.3362,48.1669],[7.3354,48.1669]],[[7.3332,48.1608],[7.3331,48.1603],[7.3323,48.1602],[7.3332,48.1608]],[[7.3262,48.1682],[7.326,48.1682],[7.326,48.1685],[7.3262,48.1682]],[[7.3256,48.1691],[7.3261,48.1691],[7.3259,48.1686],[7.3256,48.1691]],[[7.3263,48.1698],[7.3255,48.1698],[7.3255,48.17],[7.3263,48.1698]],[[7.3069,48.1862],[7.306,48.1864],[7.307,48.1862],[7.3069,48.1862]],[[7.3108,48.1898],[7.31,48.1898],[7.3101,48.19],[7.3108,48.1898]],[[7.3129,48.1905],[7.3127,48.1905],[7.3136,48.1917],[7.3129,48.1905]],[[7.3142,48.191],[7.314,48.191],[7.314,48.1915],[7.3142,48.191]]]}},{"type":"Feature","properties":{"landuse":"green_public_spaces"},"geometry":{"type":"MultiPolygon","coordinates":[[[[8.1427,48.9007],[8.1568,48.9167],[8.1403,48.9233],[8.1201,48.9098],[8.1195,48.9002],[8.1137,48.8938],[8.1191,48.8906],[8.1281,48.9051],[8.14,48.8986],[8.1427,48.9007]]],[[[8.1268,48.8847],[8.1314,48.8883],[8.1137,48.8913],[8.1268,48.8847]]]]}},{"type":"Feature","properties":{"landuse":"farmland"},"geometry":{"type":"Polygon","coordinates":[[[7.4613,48.6418],[7.4758,48.6476],[7.4691,48.6447],[7.4746,48.646],[7.4689,48.6374],[7.4775,48.6435],[7.4736,48.6367],[7.489,48.6309],[7.4933,48.6329],[7.4916,48.6359],[7.4979,48.636],[7.4973,48.6402],[7.5192,48.6427],[7.508,48.6476],[7.5102,48.6459],[7.506,48.6431],[7.4886,48.6398],[7.4865,48.6493],[7.4808,48.6501],[7.4808,48.6562],[7.4838,48.6574],[7.4792,48.6623],[7.4683,48.6578],[7.4707,48.6509],[7.4655,48.651],[7.46,48.646],[7.4613,48.6418]],[[7.4833,48.6418],[7.4827,48.6393],[7.4816,48.6406],[7.4833,48.6418]],[[7.4849,48.6364],[7.4853,48.6367],[7.4853,48.6364],[7.4849,48.6364]],[[7.4861,48.6366],[7.4915,48.6359],[7.4894,48.6327],[7.4861,48.6337],[7.4813,48.6385],[7.4816,48.6437],[7.4852,48.6432],[7.4815,48.6407],[7.4861,48.6366]],[[7.4791,48.6479],[7.4739,48.649],[7.4744,48.6562],[7.4786,48.6589],[7.4766,48.6533],[7.4791,48.6479]]]}},{"type":"Feature","properties":{"landuse":"green_public_spaces"},"geometry":{"type":"Polygon","coordinates":[[[7.9539,48.7226],[7.9566,48.722],[7.9622,48.7337],[7.9556,48.735],[7.9539,48.7226]]]}},{"type":"Feature","properties":{"landuse":"green_public_spaces"},"geometry":{"type":"MultiPolygon","coordinates":[[[[7.74,48.3314],[7.7388,48.3248],[7.7416,48.3311],[7.7397,48.333],[7.74,48.3314]]],[[[7.7394,48.3393],[7.7376,48.3356],[7.741,48.3287],[7.7394,48.3393]]],[[[7.7296,48.3498],[7.7273,48.3509],[7.7286,48.345],[7.7313,48.3462],[7.7296,48.3498]]],[[[7.7256,48.352],[7.7258,48.3501],[7.7272,48.3509],[7.7256,48.352]]],[[[7.7375,48.3475],[7.7354,48.3538],[7.7343,48.3463],[7.7378,48.3435],[7.7349,48.3455],[7.7342,48.3435],[7.7401,48.3399],[7.7375,48.3475]]],[[[7.7281,48.3573],[7.7296,48.3559],[7.7225,48.3564],[7.7315,48.3472],[7.7293,48.3437],[7.7315,48.3396],[7.7389,48.3337],[7.7334,48.3464],[7.7347,48.3541],[7.7281,48.3573]],[[7.7305,48.3556],[7.7298,48.3557],[7.733,48.3543],[7.7305,48.3556]]],[[[7.7263,48.3631],[7.7193,48.3628],[7.7209,48.3594],[7.7263,48.3631]]]]}},{"type":"Feature","properties":{"landuse":"green_public_spaces"},"geometry":{"type":"Polygon","coordinates":[[[7.9556,48.735],[7.9623,48.7338],[7.9566,48.722],[7.9539,48.7226],[7.9535,48.7198],[7.9566,48.719],[7.9646,48.7274],[7.9639,48.7434],[7.9556,48.735]]]}},{"type":"Feature","properties":{"landuse":"farmland"},"geometry":{"type":"MultiPolygon","coordinates":[[[[7.7104,48.6349],[7.7196,48.6372],[7.7213,48.6396],[7.7104,48.6349]]],[[[7.7136,48.6338],[7.704,48.6323],[7.7054,48.6392],[7.6933,48.6298],[7.6953,48.6283],[7.6913,48.6219],[7.6985,48.6162],[7.6955,48.6147],[7.7045,48.605],[7.7069,48.6077],[7.7023,48.6118],[7.7208,48.6172],[7.719,48.6285],[7.7154,48.6282],[7.7136,48.6338]],[[7.7043,48.6202],[7.6978,48.6205],[7.6965,48.6235],[7.7024,48.6276],[7.7159,48.6241],[7.707,48.6236],[7.7043,48.6202]],[[7.6937,48.6239],[7.6963,48.6233],[7.6962,48.6232],[7.6937,48.6239]]]]}},{"type":"Feature","properties":{"landuse":"vineyard"},"geometry":{"type":"Polygon","coordinates":[[[7.3924,48.2333],[7.4004,48.2445],[7.3752,48.2383],[7.3774,48.2403],[7.3541,48.2404],[7.3505,48.2377],[7.3594,48.234],[7.3622,48.2264],[7.3573,48.2311],[7.3596,48.2319],[7.3464,48.2336],[7.353,48.2328],[7.3423,48.2292],[7.3462,48.2264],[7.3594,48.2256],[7.3396,48.2166],[7.3372,48.2096],[7.3158,48.1998],[7.3246,48.1946],[7.335,48.1985],[7.346,48.1934],[7.3471,48.1961],[7.3553,48.1956],[7.3561,48.1978],[7.3674,48.1967],[7.3676,48.2001],[7.3722,48.1989],[7.373,48.2013],[7.3726,48.1991],[7.3757,48.2044],[7.3723,48.2046],[7.3743,48.2042],[7.3701,48.1999],[7.3496,48.2055],[7.3506,48.2081],[7.375,48.207],[7.377,48.2092],[7.3711,48.2092],[7.3719,48.2137],[7.3795,48.213],[7.3826,48.2191],[7.3807,48.2213],[7.387,48.2259],[7.3734,48.2289],[7.3742,48.2268],[7.3675,48.232],[7.3619,48.2305],[7.3676,48.2352],[7.3871,48.226],[7.3924,48.2333]],[[7.3688,48.237],[7.3687,48.2369],[7.3686,48.237],[7.3688,48.237]],[[7.3701,48.238],[7.3699,48.2384],[7.3706,48.2385],[7.3701,48.238]],[[7.3242,48.2009],[7.3238,48.2011],[7.3238,48.2011],[7.3242,48.2009]],[[7.3207,48.2022],[7.3206,48.2017],[7.3203,48.2019],[7.3207,48.2022]],[[7.3537,48.2145],[7.3557,48.2151],[7.3547,48.2138],[7.3537,48.2145]],[[7.3573,48.2171],[7.3594,48.2118],[7.3511,48.2112],[7.3578,48.214],[7.3559,48.2189],[7.3644,48.2198],[7.3626,48.2184],[7.3651,48.2152],[7.3573,48.2171]],[[7.3486,48.214],[7.3491,48.2133],[7.3483,48.2132],[7.3486,48.214]],[[7.3919,48.2333],[7.3819,48.2341],[7.3838,48.237],[7.3919,48.2333]],[[7.3852,48.2336],[7.3851,48.2325],[7.3851,48.2336],[7.3852,48.2336]],[[7.3334,48.1998],[7.3322,48.2003],[7.3341,48.2006],[7.3334,48.1998]],[[7.3241,48.1996],[7.3263,48.1997],[7.3257,48.199],[7.3241,48.1996]],[[7.3278,48.1993],[7.3275,48.1994],[7.3278,48.1998],[7.3278,48.1993]],[[7.3271,48.2016],[7.3254,48.2017],[7.3249,48.2019],[7.3271,48.2016]],[[7.3253,48.2026],[7.3282,48.2022],[7.328,48.2019],[7.3253,48.2026]],[[7.3263,48.2028],[7.3259,48.2029],[7.3262,48.2032],[7.3263,48.2028]],[[7.3268,48.2033],[7.3272,48.2042],[7.3279,48.2038],[7.3268,48.2033]],[[7.3276,48.2034],[7.3279,48.2033],[7.3275,48.2029],[7.3276,48.2034]],[[7.3401,48.2092],[7.3403,48.2095],[7.3408,48.2094],[7.3401,48.2092]],[[7.3418,48.2079],[7.3426,48.2088],[7.3408,48.2076],[7.3418,48.2079]],[[7.344,48.2093],[7.3448,48.2096],[7.3452,48.2091],[7.344,48.2093]],[[7.3449,48.2109],[7.3415,48.2125],[7.3452,48.212],[7.3449,48.2109]],[[7.3477,48.2103],[7.3474,48.2127],[7.3481,48.2129],[7.3477,48.2103]]]}},{"type":"Feature","properties":{"landuse":"farmland"},"geometry":{"type":"Polygon","coordinates":[[[7.694,48.4371],[7.6942,48.4393],[7.6907,48.4382],[7.694,48.4371]],[[7.6931,48.4371],[7.6919,48.4377],[7.6923,48.438],[7.6931,48.4371]]]}},{"type":"Feature","properties":{"landuse":"farmland"},"geometry":{"type":"Polygon","coordinates":[[[7.7846,48.4811],[7.7816,48.4815],[7.7863,48.4851],[7.7794,48.4821],[7.784,48.476],[7.7846,48.4811]],[[7.7814,48.481],[7.7835,48.4811],[7.7815,48.4798],[7.7814,48.481]]]}},{"type":"Feature","properties":{"landuse":"farmland"},"geometry":{"type":"Polygon","coordinates":[[[7.7795,48.4594],[7.779,48.4673],[7.7748,48.4617],[7.7795,48.4594]],[[7.7797,48.4636],[7.7802,48.4631],[7.7786,48.4612],[7.7797,48.4636]],[[7.7775,48.4616],[7.778,48.4615],[7.7768,48.4607],[7.7775,48.4616]],[[7.7792,48.4653],[7.7797,48.4647],[7.7795,48.4644],[7.7792,48.4653]]]}},{"type":"Feature","properties":{"landuse":"farmland"},"geometry":{"type":"Polygon","coordinates":[[[7.7771,48.4418],[7.7869,48.4406],[7.7791,48.4484],[7.7816,48.4445],[7.7771,48.4418]],[[7.7803,48.4409],[7.7808,48.4403],[7.7802,48.4401],[7.7803,48.4409]],[[7.7849,48.4423],[7.7859,48.4415],[7.7847,48.4422],[7.7849,48.4423]],[[7.7833,48.4424],[7.7841,48.4418],[7.7831,48.4427],[7.7833,48.4424]],[[7.7835,48.4414],[7.7845,48.4407],[7.7833,48.4413],[7.7835,48.4414]]]}},{"type":"Feature","properties":{"landuse":"farmland"},"geometry":{"type":"Polygon","coordinates":[[[7.7887,48.4858],[7.7859,48.4812],[7.7906,48.4835],[7.7887,48.4858]],[[7.7872,48.4821],[7.7884,48.4821],[7.7865,48.4814],[7.7872,48.4821]]]}},{"type":"Feature","properties":{"landuse":"farmland"},"geometry":{"type":"Polygon","coordinates":[[[7.8013,48.4806],[7.805,48.4862],[7.8002,48.4837],[7.8056,48.4868],[7.8048,48.4895],[7.7989,48.4885],[7.803,48.4906],[7.802,48.4945],[7.7949,48.4934],[7.7973,48.4881],[7.7939,48.4893],[7.8013,48.4806]],[[7.8008,48.4826],[7.8014,48.4823],[7.8005,48.4823],[7.8008,48.4826]],[[7.8022,48.4875],[7.8027,48.4874],[7.8026,48.4869],[7.8022,48.4875]],[[7.7986,48.4874],[7.7992,48.4872],[7.7987,48.4872],[7.7986,48.4874]]]}},{"type":"Feature","properties":{"landuse":"green_public_spaces"},"geometry":{"type":"Polygon","coordinates":[[[7.4518,48.8119],[7.4503,48.8127],[7.4457,48.8075],[7.4518,48.8119]],[[7.4507,48.8115],[7.4494,48.8112],[7.4502,48.812],[7.4507,48.8115]]]}},{"type":"Feature","properties":{"landuse":"farmland"},"geometry":{"type":"Polygon","coordinates":[[[7.4929,48.8322],[7.4927,48.8377],[7.4728,48.8352],[7.4819,48.8457],[7.4789,48.8462],[7.4737,48.8465],[7.4652,48.839],[7.4676,48.8374],[7.4617,48.8369],[7.4723,48.8318],[7.4679,48.8311],[7.4766,48.8337],[7.4929,48.8322]],[[7.4895,48.8368],[7.491,48.8358],[7.4887,48.8356],[7.4895,48.8368]]]}},{"type":"Feature","properties":{"landuse":"farmland"},"geometry":{"type":"Polygon","coordinates":[[[7.5729,48.841],[7.5772,48.8464],[7.5727,48.8465],[7.5731,48.8496],[7.5638,48.8558],[7.5723,48.8592],[7.5598,48.8659],[7.5548,48.8653],[7.5599,48.8685],[7.5537,48.8733],[7.5458,48.89],[7.5279,48.8866],[7.529,48.889],[7.5251,48.8905],[7.5294,48.8894],[7.5361,48.894],[7.5246,48.8924],[7.5265,48.895],[7.521,48.8965],[7.5067,48.8958],[7.5178,48.8884],[7.5177,48.8939],[7.5239,48.8896],[7.5105,48.8828],[7.52,48.8816],[7.5225,48.875],[7.5245,48.8805],[7.5203,48.884],[7.5234,48.8821],[7.528,48.8847],[7.5348,48.8775],[7.5287,48.876],[7.5316,48.8714],[7.5288,48.8689],[7.54,48.8709],[7.5427,48.8661],[7.5339,48.864],[7.5327,48.8583],[7.5294,48.8622],[7.5319,48.8657],[7.5231,48.8665],[7.5136,48.8559],[7.5225,48.8521],[7.5317,48.8532],[7.5383,48.8471],[7.5432,48.8492],[7.5445,48.846],[7.5608,48.8457],[7.5612,48.8429],[7.5653,48.8429],[7.5607,48.842],[7.5729,48.841]],[[7.5452,48.8538],[7.5369,48.8522],[7.5384,48.8558],[7.5473,48.8588],[7.5448,48.862],[7.548,48.8625],[7.5458,48.8613],[7.5477,48.8589],[7.554,48.8594],[7.5524,48.8553],[7.5591,48.8528],[7.5473,48.8497],[7.543,48.8525],[7.5452,48.8538]]]}},{"type":"Feature","properties":{"landuse":"green_public_spaces"},"geometry":{"type":"Polygon","coordinates":[[[7.5315,48.0213],[7.5205,48.0183],[7.5238,48.0134],[7.5314,48.013],[7.5352,48.0143],[7.5292,48.0215],[7.534,48.0192],[7.5315,48.0213]],[[7.5251,48.0163],[7.5262,48.0203],[7.5322,48.0191],[7.5304,48.0154],[7.5251,48.0163]]]}},{"type":"Feature","properties":{"landuse":"farmland"},"geometry":{"type":"Polygon","coordinates":[[[7.5877,48.7492],[7.5746,48.7495],[7.5716,48.7434],[7.5655,48.7472],[7.5662,48.7435],[7.5635,48.7445],[7.5654,48.7426],[7.5602,48.7376],[7.5489,48.7384],[7.5511,48.742],[7.5492,48.7439],[7.5367,48.739],[7.5209,48.7396],[7.5294,48.7312],[7.526,48.7331],[7.522,48.7307],[7.5231,48.7267],[7.5201,48.7263],[7.5449,48.7171],[7.6103,48.7069],[7.6468,48.6948],[7.6949,48.6912],[7.691,48.6981],[7.6828,48.703],[7.6788,48.7159],[7.6743,48.715],[7.6791,48.7178],[7.6764,48.7194],[7.6783,48.7221],[7.6681,48.7252],[7.6652,48.7304],[7.6598,48.7292],[7.6582,48.7252],[7.6511,48.7266],[7.6547,48.7341],[7.6496,48.7362],[7.645,48.7328],[7.6386,48.7375],[7.648,48.7399],[7.6347,48.746],[7.6254,48.7425],[7.6247,48.7448],[7.6245,48.7423],[7.6202,48.7462],[7.609,48.7452],[7.6001,48.7398],[7.5968,48.7431],[7.6019,48.7435],[7.603,48.7466],[7.5877,48.7492]],[[7.549,48.7245],[7.5468,48.725],[7.5523,48.7245],[7.549,48.7245]],[[7.6147,48.7141],[7.6113,48.7152],[7.6179,48.7174],[7.6168,48.7121],[7.6137,48.7118],[7.6147,48.7141]],[[7.5426,48.7335],[7.5392,48.7347],[7.5425,48.7347],[7.5426,48.7335]],[[7.5551,48.7178],[7.5518,48.7165],[7.552,48.7175],[7.5551,48.7178]],[[7.5539,48.7247],[7.5567,48.7252],[7.5531,48.7245],[7.5539,48.7247]],[[7.5963,48.7185],[7.5985,48.7192],[7.5933,48.7146],[7.5819,48.715],[7.5848,48.7185],[7.5963,48.7185]],[[7.6843,48.6952],[7.6687,48.6964],[7.6796,48.6981],[7.6843,48.6952]],[[7.6497,48.7194],[7.6565,48.7182],[7.6518,48.7167],[7.6561,48.7149],[7.6488,48.7164],[7.6474,48.719],[7.6497,48.7194]],[[7.6559,48.7028],[7.6566,48.7007],[7.6491,48.6968],[7.6446,48.7023],[7.6559,48.7028]],[[7.6578,48.7125],[7.6642,48.7093],[7.656,48.7085],[7.6544,48.7102],[7.6578,48.7125]],[[7.6339,48.7103],[7.6357,48.7089],[7.6321,48.7058],[7.6268,48.7072],[7.6305,48.7127],[7.6339,48.7103]],[[7.6078,48.7293],[7.606,48.7283],[7.6006,48.7288],[7.6078,48.7293]],[[7.5681,48.7358],[7.57,48.735],[7.5691,48.7343],[7.5681,48.7358]],[[7.5719,48.7283],[7.5711,48.7267],[7.571,48.7294],[7.5719,48.7283]],[[7.5888,48.7433],[7.5922,48.7423],[7.5915,48.7402],[7.5842,48.7372],[7.5865,48.74],[7.5843,48.7438],[7.5888,48.7433]],[[7.5727,48.7283],[7.5738,48.7326],[7.579,48.7302],[7.5787,48.7277],[7.5727,48.7283]],[[7.5732,48.7427],[7.5771,48.7387],[7.5695,48.7384],[7.5664,48.7415],[7.5732,48.7427]],[[7.5698,48.733],[7.5678,48.7295],[7.5667,48.7322],[7.5651,48.73],[7.5587,48.7318],[7.5621,48.7344],[7.5698,48.733]]]}},{"type":"Feature","properties":{"landuse":"green_public_spaces"},"geometry":{"type":"Polygon","coordinates":[[[7.4462,47.6707],[7.4433,47.67],[7.4492,47.6668],[7.4462,47.6707]],[[7.4442,47.6698],[7.4464,47.6704],[7.4482,47.6677],[7.4442,47.6698]]]}},{"type":"Feature","properties":{"landuse":"farmland"},"geometry":{"type":"MultiPolygon","coordinates":[[[[7.4794,47.6678],[7.4815,47.6652],[7.4826,47.6673],[7.4794,47.6678]]],[[[7.451,47.6649],[7.4554,47.6637],[7.457,47.6586],[7.4674,47.6591],[7.4613,47.6552],[7.4688,47.649],[7.4716,47.6488],[7.4756,47.6586],[7.4823,47.6607],[7.4776,47.6661],[7.4648,47.6694],[7.451,47.6649]],[[7.4646,47.6555],[7.4638,47.655],[7.4636,47.6553],[7.4646,47.6555]],[[7.4656,47.6531],[7.4647,47.6548],[7.4648,47.6548],[7.4656,47.6531]],[[7.4667,47.6576],[7.4675,47.6567],[7.4674,47.6567],[7.4667,47.6576]],[[7.4707,47.663],[7.4696,47.6623],[7.4691,47.6627],[7.4707,47.663]],[[7.4678,47.6603],[7.4689,47.6598],[7.4686,47.6595],[7.4678,47.6603]],[[7.4698,47.6603],[7.4701,47.6605],[7.4705,47.66],[7.4698,47.6603]],[[7.4702,47.6633],[7.4715,47.6639],[7.4707,47.663],[7.4702,47.6633]],[[7.4667,47.6636],[7.4672,47.664],[7.4683,47.6633],[7.4667,47.6636]],[[7.4693,47.6619],[7.4789,47.6651],[7.4705,47.6608],[7.4693,47.6619]]]]}},{"type":"Feature","properties":{"landuse":"green_public_spaces"},"geometry":{"type":"Polygon","coordinates":[[[7.5988,48.0204],[7.5919,48.0244],[7.5839,48.023],[7.5888,48.0184],[7.5988,48.0204]],[[7.5872,48.0226],[7.5883,48.0225],[7.5878,48.0211],[7.5872,48.0226]],[[7.5884,48.0201],[7.5877,48.0209],[7.5884,48.0212],[7.5891,48.0204],[7.5884,48.0201]],[[7.5889,48.0223],[7.5898,48.0222],[7.5896,48.0213],[7.5889,48.0223]],[[7.5888,48.0229],[7.59,48.0229],[7.59,48.0226],[7.5888,48.0229]],[[7.5929,48.0216],[7.5929,48.0217],[7.5931,48.0217],[7.5929,48.0216]],[[7.5922,48.0219],[7.5928,48.0218],[7.5921,48.0217],[7.5922,48.0219]],[[7.5923,48.0217],[7.593,48.0215],[7.5926,48.0214],[7.5923,48.0217]],[[7.5951,48.0205],[7.5893,48.0195],[7.5901,48.0201],[7.5951,48.0205]]]}},{"type":"Feature","properties":{"landuse":"green_public_spaces"},"geometry":{"type":"MultiPolygon","coordinates":[[[[7.5751,48.0327],[7.5724,48.0318],[7.5778,48.0287],[7.5751,48.0327]],[[7.5745,48.0323],[7.5743,48.0328],[7.5751,48.0315],[7.5745,48.0323]]],[[[7.585,48.0236],[7.5783,48.0278],[7.5868,48.0234],[7.585,48.0236]]]]}},{"type":"Feature","properties":{"landuse":"farmland"},"geometry":{"type":"Polygon","coordinates":[[[7.6191,48.341],[7.6231,48.3393],[7.6133,48.333],[7.6164,48.3276],[7.6196,48.3263],[7.6184,48.3338],[7.6214,48.3334],[7.6226,48.328],[7.6282,48.3279],[7.6268,48.3319],[7.6299,48.3322],[7.6304,48.3287],[7.626,48.3263],[7.6314,48.3227],[7.6299,48.3246],[7.6352,48.3277],[7.6364,48.333],[7.6296,48.337],[7.6321,48.3366],[7.6325,48.3439],[7.6207,48.3444],[7.6191,48.341]],[[7.6227,48.3374],[7.6225,48.3375],[7.6231,48.3385],[7.6227,48.3374]],[[7.6199,48.3413],[7.6199,48.3411],[7.6191,48.3411],[7.6199,48.3413]]]}},{"type":"Feature","properties":{"landuse":"orchard"},"geometry":{"type":"MultiPolygon","coordinates":[[[[7.7042,48.4001],[7.7036,48.4006],[7.7034,48.3997],[7.7042,48.4001]],[[7.7037,48.4],[7.7036,48.4002],[7.704,48.4002],[7.7037,48.4]]],[[[7.7042,48.3999],[7.7044,48.3989],[7.705,48.3992],[7.7042,48.3999]]],[[[7.7035,48.4007],[7.7025,48.4014],[7.7023,48.3996],[7.7035,48.4007]],[[7.703,48.4001],[7.7026,48.4003],[7.7031,48.4007],[7.703,48.4001]]]]}},{"type":"Feature","properties":{"landuse":"farmland"},"geometry":{"type":"Polygon","coordinates":[[[7.1068,47.7444],[7.0993,47.744],[7.0874,47.7488],[7.0842,47.7437],[7.0972,47.7437],[7.0916,47.7434],[7.0888,47.7375],[7.0939,47.736],[7.092,47.7371],[7.0951,47.7391],[7.1086,47.7433],[7.1068,47.7444]],[[7.0902,47.7474],[7.0892,47.746],[7.0884,47.7463],[7.0902,47.7474]]]}},{"type":"Feature","properties":{"landuse":"farmland"},"geometry":{"type":"Polygon","coordinates":[[[8.0064,48.8119],[7.9963,48.8154],[7.9991,48.819],[7.9957,48.8197],[7.9896,48.8142],[7.9976,48.8098],[7.9953,48.8052],[7.9874,48.8084],[7.9806,48.807],[7.9619,48.7856],[7.9735,48.7908],[7.9804,48.7847],[7.9949,48.7817],[7.9935,48.7841],[7.9982,48.7827],[8.0165,48.7902],[8.0033,48.7964],[8.0015,48.7943],[8.0073,48.7913],[7.9996,48.7928],[7.9834,48.7874],[7.978,48.7911],[7.9854,48.7956],[7.9807,48.7963],[7.9843,48.7992],[7.98,48.802],[7.9899,48.8046],[7.9974,48.8009],[7.9958,48.7977],[8.0033,48.8005],[8.0039,48.8062],[7.999,48.8074],[8.0046,48.8125],[8.0018,48.8085],[8.0083,48.81],[8.0064,48.8119]],[[7.9793,48.8028],[7.9805,48.8028],[7.9799,48.8023],[7.9793,48.8028]],[[7.9801,48.7976],[7.9822,48.7981],[7.9803,48.7973],[7.9801,48.7976]],[[7.9798,48.796],[7.9834,48.7959],[7.9801,48.7944],[7.9798,48.796]]]}},{"type":"Feature","properties":{"landuse":"vineyard"},"geometry":{"type":"Polygon","coordinates":[[[7.5005,48.5901],[7.5031,48.5914],[7.4913,48.5914],[7.4845,48.5854],[7.4859,48.5765],[7.4958,48.5685],[7.5256,48.5707],[7.5253,48.5753],[7.5152,48.5753],[7.5148,48.5781],[7.5017,48.5819],[7.5045,48.5873],[7.5134,48.5897],[7.5005,48.5901]],[[7.4872,48.5847],[7.4872,48.5839],[7.487,48.5842],[7.4872,48.5847]],[[7.4922,48.5826],[7.4929,48.5826],[7.4923,48.5825],[7.4922,48.5826]],[[7.4878,48.5857],[7.4884,48.5874],[7.4885,48.5873],[7.4878,48.5857]],[[7.4886,48.5831],[7.4905,48.5821],[7.4896,48.5823],[7.4886,48.5831]],[[7.5021,48.5812],[7.5026,48.5811],[7.5019,48.5808],[7.5021,48.5812]],[[7.5009,48.5816],[7.5015,48.5815],[7.5013,48.5813],[7.5009,48.5816]],[[7.4975,48.5857],[7.4977,48.585],[7.4972,48.5857],[7.4975,48.5857]],[[7.4977,48.5846],[7.4975,48.5849],[7.4977,48.585],[7.4977,48.5846]],[[7.4993,48.585],[7.4999,48.585],[7.4999,48.5847],[7.4993,48.585]],[[7.4979,48.5839],[7.4971,48.5839],[7.4978,48.5841],[7.4979,48.5839]],[[7.4871,48.5876],[7.4876,48.5875],[7.487,48.5875],[7.4871,48.5876]],[[7.4901,48.5894],[7.4895,48.5891],[7.49,48.5895],[7.4901,48.5894]],[[7.4951,48.5825],[7.4965,48.5829],[7.4958,48.5818],[7.4951,48.5825]],[[7.507,48.574],[7.5079,48.5742],[7.5075,48.5738],[7.507,48.574]],[[7.5066,48.5736],[7.507,48.574],[7.508,48.5736],[7.5066,48.5736]],[[7.505,48.574],[7.5073,48.5749],[7.5061,48.5734],[7.5061,48.5745],[7.505,48.574]],[[7.4979,48.5785],[7.499,48.579],[7.4993,48.5784],[7.4979,48.5785]],[[7.4981,48.578],[7.498,48.5782],[7.499,48.5785],[7.4981,48.578]],[[7.4927,48.5805],[7.4997,48.5804],[7.4929,48.5784],[7.4927,48.5805]],[[7.4951,48.5789],[7.4946,48.5801],[7.4957,48.5805],[7.4951,48.5789]],[[7.4945,48.5789],[7.4968,48.5788],[7.4941,48.5784],[7.4945,48.5789]],[[7.4898,48.5869],[7.4957,48.5858],[7.4906,48.5837],[7.4898,48.5869]],[[7.4919,48.5891],[7.4915,48.5902],[7.493,48.5898],[7.4919,48.5891]],[[7.4918,48.5802],[7.497,48.5787],[7.492,48.5751],[7.4866,48.5791],[7.4918,48.5802]],[[7.4929,48.579],[7.4912,48.5799],[7.4936,48.5805],[7.4929,48.579]]]}},{"type":"Feature","properties":{"landuse":"vineyard"},"geometry":{"type":"Polygon","coordinates":[[[7.497,48.5627],[7.487,48.5691],[7.4821,48.5678],[7.4796,48.5637],[7.4889,48.563],[7.4818,48.5577],[7.4868,48.5581],[7.4893,48.5541],[7.4805,48.5523],[7.4752,48.5428],[7.4607,48.5445],[7.4602,48.5401],[7.478,48.5384],[7.4835,48.5409],[7.4875,48.5444],[7.4866,48.5471],[7.493,48.5491],[7.4984,48.5586],[7.4952,48.5604],[7.497,48.5627]],[[7.4629,48.5424],[7.4635,48.5428],[7.4655,48.5421],[7.4629,48.5424]],[[7.4938,48.5593],[7.4948,48.56],[7.4947,48.5593],[7.4938,48.5593]],[[7.4831,48.5531],[7.4842,48.553],[7.4839,48.5525],[7.4831,48.5531]],[[7.4827,48.55],[7.4812,48.5511],[7.4839,48.5506],[7.4827,48.55]],[[7.4896,48.5636],[7.4923,48.5645],[7.4934,48.5581],[7.4896,48.5636]]]}},{"type":"Feature","properties":{"landuse":"farmland"},"geometry":{"type":"Polygon","coordinates":[[[7.4808,48.5593],[7.4798,48.5613],[7.4751,48.5582],[7.4818,48.552],[7.4847,48.5539],[7.4818,48.5577],[7.4837,48.56],[7.4808,48.5593]],[[7.4794,48.5587],[7.4776,48.5586],[7.4788,48.5593],[7.4794,48.5587]],[[7.4806,48.5564],[7.4814,48.5545],[7.48,48.556],[7.4806,48.5564]]]}},{"type":"Feature","properties":{"landuse":"farmland"},"geometry":{"type":"Polygon","coordinates":[[[7.4277,48.529],[7.4191,48.5196],[7.4251,48.5181],[7.4277,48.529]],[[7.4221,48.5213],[7.4242,48.5209],[7.4209,48.5205],[7.4221,48.5213]]]}},{"type":"Feature","properties":{"landuse":"orchard"},"geometry":{"type":"MultiPolygon","coordinates":[[[[7.5619,48.8349],[7.5614,48.8356],[7.5612,48.8355],[7.5619,48.8349]]],[[[7.5583,48.8344],[7.558,48.8348],[7.5575,48.8341],[7.5583,48.8344]]],[[[7.5691,48.8333],[7.5686,48.8354],[7.5634,48.8342],[7.5691,48.8333]]],[[[7.5652,48.8309],[7.5688,48.832],[7.5656,48.8329],[7.5652,48.8309]],[[7.5684,48.8322],[7.5685,48.8321],[7.5681,48.832],[7.5684,48.8322]]],[[[7.5585,48.8306],[7.5636,48.831],[7.5639,48.8322],[7.5585,48.8306]]]]}},{"type":"Feature","properties":{"landuse":"farmland"},"geometry":{"type":"Polygon","coordinates":[[[7.6157,48.156],[7.6218,48.1547],[7.6217,48.1559],[7.6157,48.156]],[[7.6184,48.1555],[7.6187,48.1552],[7.6183,48.1552],[7.6184,48.1555]]]}},{"type":"Feature","properties":{"landuse":"farmland"},"geometry":{"type":"Polygon","coordinates":[[[7.6709,48.4544],[7.6748,48.4608],[7.679,48.4609],[7.6753,48.4618],[7.679,48.462],[7.6761,48.4633],[7.6776,48.4648],[7.665,48.4677],[7.664,48.4595],[7.6413,48.4231],[7.6487,48.4216],[7.6562,48.4305],[7.6709,48.4312],[7.6726,48.4368],[7.6776,48.4402],[7.6638,48.4493],[7.6688,48.4502],[7.6709,48.4544]],[[7.6698,48.4545],[7.6699,48.4543],[7.6691,48.4541],[7.6698,48.4545]],[[7.6728,48.443],[7.6713,48.4427],[7.6713,48.4429],[7.6728,48.443]],[[7.6728,48.4433],[7.6713,48.443],[7.6714,48.4433],[7.6728,48.4433]],[[7.6671,48.4456],[7.6715,48.4456],[7.6671,48.4453],[7.6671,48.4456]],[[7.6706,48.458],[7.6698,48.4561],[7.6696,48.4573],[7.6706,48.458]]]}},{"type":"Feature","properties":{"landuse":"farmland"},"geometry":{"type":"Polygon","coordinates":[[[7.7067,48.4871],[7.708,48.4813],[7.712,48.4828],[7.7067,48.4871]]]}},{"type":"Feature","properties":{"landuse":"farmland"},"geometry":{"type":"Polygon","coordinates":[[[7.7205,48.307],[7.7215,48.3048],[7.7255,48.306],[7.7205,48.307]],[[7.7225,48.307],[7.7231,48.3063],[7.7209,48.3066],[7.7225,48.307]]]}},{"type":"Feature","properties":{"landuse":"farmland"},"geometry":{"type":"Polygon","coordinates":[[[7.7251,48.2997],[7.7302,48.3013],[7.723,48.3028],[7.7251,48.2997]],[[7.725,48.3012],[7.7256,48.3011],[7.725,48.301],[7.725,48.3012]],[[7.7286,48.3012],[7.7282,48.2997],[7.7283,48.3012],[7.7286,48.3012]],[[7.7268,48.3025],[7.7275,48.3024],[7.7269,48.3024],[7.7268,48.3025]]]}},{"type":"Feature","properties":{"landuse":"farmland"},"geometry":{"type":"Polygon","coordinates":[[[7.4285,48.7503],[7.4309,48.7514],[7.4295,48.7552],[7.4363,48.7546],[7.4347,48.7484],[7.4285,48.7457],[7.4322,48.7444],[7.4532,48.7503],[7.4431,48.7584],[7.4183,48.764],[7.4209,48.7628],[7.4184,48.7595],[7.4231,48.7595],[7.4285,48.7503]]]}},{"type":"Feature","properties":{"landuse":"farmland"},"geometry":{"type":"Polygon","coordinates":[[[7.3772,48.1762],[7.3749,48.1769],[7.3796,48.1766],[7.3849,48.1816],[7.3805,48.1827],[7.3835,48.1835],[7.3816,48.1867],[7.3743,48.1849],[7.3717,48.1811],[7.3421,48.1869],[7.339,48.1836],[7.3453,48.1813],[7.3423,48.182],[7.3471,48.1773],[7.3441,48.1785],[7.3464,48.1757],[7.343,48.1752],[7.3436,48.1686],[7.3413,48.1692],[7.339,48.1613],[7.367,48.1619],[7.3715,48.1667],[7.3751,48.1663],[7.3772,48.1762]],[[7.3447,48.1836],[7.3446,48.1834],[7.3432,48.1838],[7.3447,48.1836]],[[7.3508,48.1811],[7.349,48.1811],[7.3493,48.1818],[7.3508,48.1811]],[[7.3498,48.1742],[7.3494,48.1735],[7.3492,48.1738],[7.3498,48.1742]],[[7.3494,48.1733],[7.3506,48.1746],[7.3505,48.1741],[7.3494,48.1733]],[[7.3536,48.1787],[7.3553,48.1783],[7.3534,48.1782],[7.3536,48.1787]],[[7.3538,48.1797],[7.3532,48.1781],[7.3527,48.1778],[7.3538,48.1797]],[[7.3598,48.1766],[7.3575,48.1747],[7.3587,48.1769],[7.3598,48.1766]],[[7.3704,48.1744],[7.3723,48.1742],[7.372,48.1732],[7.3704,48.1744]],[[7.3556,48.172],[7.3542,48.1721],[7.3553,48.1731],[7.3556,48.172]],[[7.3567,48.174],[7.3554,48.1731],[7.3553,48.1742],[7.3567,48.174]]]}},{"type":"Feature","properties":{"landuse":"farmland"},"geometry":{"type":"Polygon","coordinates":[[[7.7152,48.4101],[7.7066,48.4067],[7.7061,48.4113],[7.7005,48.407],[7.6944,48.4096],[7.6942,48.4048],[7.6971,48.4046],[7.6935,48.4007],[7.6901,48.4014],[7.6878,48.3969],[7.6835,48.3993],[7.6861,48.3967],[7.6829,48.3976],[7.6849,48.3936],[7.682,48.3935],[7.6843,48.3879],[7.6836,48.3913],[7.6764,48.3905],[7.6661,48.3838],[7.6665,48.3813],[7.6681,48.3836],[7.6792,48.3816],[7.6806,48.3771],[7.6927,48.3786],[7.6978,48.3864],[7.6955,48.3935],[7.7024,48.3944],[7.702,48.3875],[7.7072,48.3864],[7.7075,48.3899],[7.7165,48.3911],[7.7145,48.3848],[7.7099,48.384],[7.7129,48.3823],[7.7076,48.3824],[7.7084,48.3772],[7.7158,48.3811],[7.7162,48.39],[7.7196,48.3911],[7.7222,48.3981],[7.7152,48.4101]],[[7.7119,48.3838],[7.7109,48.3837],[7.7109,48.384],[7.7119,48.3838]],[[7.7128,48.3834],[7.7116,48.384],[7.7133,48.3838],[7.7128,48.3834]],[[7.7157,48.3854],[7.7159,48.3847],[7.7153,48.3854],[7.7157,48.3854]],[[7.6786,48.3863],[7.6803,48.3862],[7.6803,48.3851],[7.6786,48.3863]],[[7.6792,48.3863],[7.6793,48.3875],[7.6803,48.3874],[7.6792,48.3863]],[[7.6895,48.3933],[7.6905,48.392],[7.6899,48.392],[7.6895,48.3933]],[[7.6895,48.3812],[7.6907,48.3812],[7.6906,48.381],[7.6895,48.3812]],[[7.6832,48.3819],[7.6909,48.3821],[7.6906,48.3812],[7.6832,48.3819]],[[7.6907,48.3812],[7.6924,48.3829],[7.6904,48.3798],[7.6907,48.3812]],[[7.6913,48.3829],[7.6871,48.3833],[7.6893,48.3832],[7.6913,48.3829]],[[7.6871,48.3839],[7.6894,48.3838],[7.6916,48.3835],[7.6871,48.3839]],[[7.6901,48.3866],[7.6896,48.3881],[7.6898,48.3881],[7.6901,48.3866]],[[7.6816,48.3859],[7.6854,48.3864],[7.6822,48.3831],[7.6816,48.3859]],[[7.7126,48.3943],[7.7147,48.3931],[7.7142,48.3926],[7.7126,48.3943]],[[7.7029,48.4039],[7.7031,48.4034],[7.7024,48.4036],[7.7029,48.4039]],[[7.6965,48.4006],[7.6944,48.4004],[7.6952,48.4011],[7.6965,48.4006]],[[7.6925,48.3974],[7.6893,48.3972],[7.6923,48.398],[7.6925,48.3974]],[[7.6922,48.3964],[7.6922,48.397],[7.6932,48.3965],[7.6922,48.3964]],[[7.6968,48.3967],[7.6984,48.3968],[7.6985,48.3961],[7.6968,48.3967]],[[7.7009,48.3993],[7.701,48.3988],[7.6997,48.399],[7.7009,48.3993]],[[7.7025,48.4014],[7.7055,48.4042],[7.7074,48.3978],[7.7025,48.4014]],[[7.7033,48.3965],[7.7051,48.3956],[7.7042,48.3953],[7.7033,48.3965]]]}},{"type":"Feature","properties":{"landuse":"farmland"},"geometry":{"type":"Polygon","coordinates":[[[7.7792,48.4257],[7.775,48.4219],[7.7769,48.418],[7.7851,48.4244],[7.7895,48.4226],[7.7917,48.4301],[7.7905,48.4332],[7.7851,48.4331],[7.7861,48.4355],[7.7906,48.4336],[7.7958,48.4368],[7.795,48.4325],[7.7981,48.4337],[7.7973,48.4386],[7.7874,48.4385],[7.777,48.4341],[7.779,48.4298],[7.7849,48.4331],[7.7821,48.4289],[7.7794,48.4298],[7.7792,48.4257]],[[7.7869,48.4382],[7.788,48.4383],[7.7867,48.4381],[7.7869,48.4382]],[[7.7911,48.4363],[7.7884,48.4363],[7.7918,48.4373],[7.7911,48.4363]],[[7.7896,48.4384],[7.7925,48.4384],[7.7894,48.438],[7.7896,48.4384]],[[7.785,48.43],[7.7841,48.4303],[7.7852,48.4306],[7.785,48.43]]]}},{"type":"Feature","properties":{"landuse":"farmland"},"geometry":{"type":"Polygon","coordinates":[[[7.805,48.4307],[7.7993,48.4313],[7.7932,48.4251],[7.8005,48.4193],[7.7971,48.4187],[7.7972,48.4118],[7.8093,48.4292],[7.805,48.4307]],[[7.8079,48.4291],[7.8085,48.4289],[7.8078,48.4289],[7.8079,48.4291]],[[7.8018,48.4225],[7.8018,48.4223],[7.8016,48.4223],[7.8018,48.4225]],[[7.8019,48.4218],[7.8019,48.4219],[7.8023,48.4218],[7.8019,48.4218]],[[7.7991,48.4249],[7.8001,48.4248],[7.8001,48.4247],[7.7991,48.4249]]]}},{"type":"Feature","properties":{"landuse":"farmland"},"geometry":{"type":"Polygon","coordinates":[[[7.8128,48.4072],[7.8215,48.4084],[7.8138,48.4087],[7.8147,48.4144],[7.8197,48.4161],[7.8169,48.4178],[7.8199,48.4225],[7.8122,48.4245],[7.8154,48.4194],[7.813,48.4198],[7.8128,48.4072]],[[7.8168,48.4215],[7.8146,48.422],[7.8169,48.4216],[7.8168,48.4215]]]}},{"type":"Feature","properties":{"landuse":"farmland"},"geometry":{"type":"Polygon","coordinates":[[[7.6528,48.754],[7.6416,48.7555],[7.6407,48.753],[7.656,48.7509],[7.6528,48.754]]]}},{"type":"Feature","properties":{"landuse":"farmland"},"geometry":{"type":"Polygon","coordinates":[[[7.7577,48.4186],[7.7632,48.4197],[7.7587,48.4215],[7.7577,48.4186]],[[7.7593,48.4196],[7.7597,48.4195],[7.7588,48.4192],[7.7593,48.4196]]]}},{"type":"Feature","properties":{"landuse":"farmland"},"geometry":{"type":"Polygon","coordinates":[[[7.7744,48.421],[7.7711,48.4207],[7.7739,48.4188],[7.7744,48.421]],[[7.7726,48.4212],[7.7728,48.421],[7.7727,48.421],[7.7726,48.4212]]]}},{"type":"Feature","properties":{"landuse":"farmland"},"geometry":{"type":"Polygon","coordinates":[[[7.783,48.4133],[7.7876,48.418],[7.78,48.4206],[7.7784,48.418],[7.7822,48.4164],[7.7793,48.4151],[7.783,48.4133]],[[7.7836,48.4148],[7.7833,48.415],[7.7836,48.4149],[7.7836,48.4148]],[[7.7804,48.4176],[7.7804,48.4178],[7.7823,48.4171],[7.7804,48.4176]]]}},{"type":"Feature","properties":{"landuse":"farmland"},"geometry":{"type":"Polygon","coordinates":[[[7.792,48.4119],[7.7931,48.4148],[7.7884,48.4181],[7.7832,48.4134],[7.792,48.4119]],[[7.7837,48.4137],[7.785,48.4131],[7.7837,48.4137],[7.7837,48.4137]],[[7.7852,48.4131],[7.7863,48.4126],[7.7862,48.4126],[7.7852,48.4131]],[[7.788,48.4145],[7.7893,48.4139],[7.788,48.4144],[7.788,48.4145]]]}},{"type":"Feature","properties":{"landuse":"farmland"},"geometry":{"type":"Polygon","coordinates":[[[7.8004,48.4013],[7.8045,48.4039],[7.7918,48.4096],[7.7857,48.403],[7.7948,48.4015],[7.7981,48.4029],[7.7955,48.4059],[7.8004,48.4013]],[[7.7948,48.4074],[7.7956,48.4074],[7.7948,48.4073],[7.7948,48.4074]],[[7.7917,48.4048],[7.7919,48.4046],[7.7918,48.4046],[7.7917,48.4048]],[[7.7915,48.4035],[7.7927,48.4024],[7.7914,48.4035],[7.7915,48.4035]],[[7.7889,48.4071],[7.7907,48.4064],[7.7904,48.406],[7.7889,48.4071]]]}},{"type":"Feature","properties":{"landuse":"farmland"},"geometry":{"type":"Polygon","coordinates":[[[7.7856,48.4023],[7.7727,48.382],[7.7837,48.3859],[7.79,48.4007],[7.7856,48.4023]],[[7.7803,48.3897],[7.7836,48.3885],[7.7809,48.3892],[7.7803,48.3897]]]}},{"type":"Feature","properties":{"landuse":"farmland"},"geometry":{"type":"Polygon","coordinates":[[[7.7838,48.403],[7.7737,48.4067],[7.7751,48.4045],[7.7722,48.4055],[7.7676,48.3978],[7.7727,48.3944],[7.7752,48.3965],[7.7726,48.3951],[7.775,48.3967],[7.7718,48.399],[7.7787,48.4009],[7.7819,48.3982],[7.7838,48.403]],[[7.7738,48.4002],[7.774,48.4003],[7.7742,48.4001],[7.7738,48.4002]],[[7.772,48.3998],[7.7736,48.4007],[7.7737,48.4007],[7.772,48.3998]],[[7.7712,48.4004],[7.7718,48.3999],[7.7704,48.3991],[7.7712,48.4004]],[[7.7731,48.4044],[7.7739,48.4038],[7.7729,48.4043],[7.7731,48.4044]],[[7.772,48.402],[7.7764,48.4041],[7.772,48.4019],[7.772,48.402]],[[7.7811,48.4013],[7.7809,48.4011],[7.7793,48.4018],[7.7811,48.4013]],[[7.7702,48.3979],[7.771,48.398],[7.7705,48.3977],[7.7702,48.3979]],[[7.78,48.4026],[7.7815,48.4018],[7.7796,48.4021],[7.78,48.4026]]]}},{"type":"Feature","properties":{"landuse":"green_public_spaces"},"geometry":{"type":"Polygon","coordinates":[[[7.6367,48.5346],[7.6377,48.5355],[7.6361,48.5366],[7.6367,48.5346]],[[7.6362,48.536],[7.6374,48.5356],[7.6366,48.5349],[7.6362,48.536]]]}},{"type":"Feature","properties":{"landuse":"farmland"},"geometry":{"type":"Polygon","coordinates":[[[7.7552,48.3918],[7.7596,48.3932],[7.7596,48.3975],[7.7581,48.3959],[7.7608,48.3951],[7.7684,48.3992],[7.7655,48.3977],[7.7664,48.4001],[7.759,48.4034],[7.751,48.3951],[7.7552,48.3918]],[[7.7614,48.3954],[7.7622,48.3949],[7.7612,48.3952],[7.7614,48.3954]],[[7.7616,48.3959],[7.7614,48.3956],[7.7601,48.3969],[7.7616,48.3959]],[[7.7636,48.3987],[7.7638,48.3986],[7.7631,48.3975],[7.7636,48.3987]],[[7.7599,48.3978],[7.757,48.3984],[7.7589,48.3992],[7.7599,48.3978]],[[7.7527,48.3953],[7.7547,48.3947],[7.7524,48.3952],[7.7527,48.3953]],[[7.7568,48.3949],[7.7566,48.3948],[7.7559,48.3954],[7.7568,48.3949]],[[7.7569,48.3949],[7.7579,48.3937],[7.7579,48.3937],[7.7569,48.3949]],[[7.7617,48.396],[7.7628,48.396],[7.7624,48.395],[7.7617,48.396]],[[7.7589,48.3992],[7.7593,48.4012],[7.7606,48.4005],[7.7589,48.3992]],[[7.7531,48.3937],[7.7539,48.393],[7.7529,48.3936],[7.7531,48.3937]],[[7.754,48.3931],[7.7532,48.3938],[7.7555,48.3942],[7.754,48.3931]]]}},{"type":"Feature","properties":{"landuse":"farmland"},"geometry":{"type":"Polygon","coordinates":[[[7.7655,48.3805],[7.7752,48.3777],[7.7759,48.3805],[7.7717,48.3822],[7.7744,48.3866],[7.7652,48.3877],[7.7689,48.3865],[7.7629,48.3822],[7.7655,48.3805]],[[7.7702,48.3814],[7.7693,48.3802],[7.7688,48.3804],[7.7702,48.3814]],[[7.7674,48.382],[7.7675,48.382],[7.7673,48.382],[7.7674,48.382]],[[7.7656,48.3823],[7.767,48.3817],[7.7652,48.382],[7.7656,48.3823]],[[7.7693,48.3869],[7.7707,48.3865],[7.7692,48.3866],[7.7693,48.3869]]]}},{"type":"Feature","properties":{"landuse":"farmland"},"geometry":{"type":"Polygon","coordinates":[[[7.7755,48.3868],[7.7782,48.3921],[7.7676,48.3978],[7.7625,48.3902],[7.7755,48.3868]],[[7.7686,48.3938],[7.7701,48.3931],[7.7683,48.3933],[7.7686,48.3938]],[[7.7725,48.3907],[7.7731,48.3916],[7.7727,48.3906],[7.7725,48.3907]],[[7.7743,48.3928],[7.7745,48.3925],[7.7743,48.3925],[7.7743,48.3928]],[[7.7659,48.3907],[7.7681,48.3897],[7.7679,48.3896],[7.7659,48.3907]]]}},{"type":"Feature","properties":{"landuse":"farmland"},"geometry":{"type":"Polygon","coordinates":[[[7.754,48.3677],[7.7569,48.3671],[7.7531,48.3633],[7.7602,48.3564],[7.7625,48.3579],[7.762,48.3557],[7.7636,48.3578],[7.7591,48.3663],[7.7516,48.3713],[7.7592,48.3667],[7.7542,48.3751],[7.7565,48.3742],[7.7565,48.3786],[7.7487,48.3815],[7.7471,48.3773],[7.7514,48.3739],[7.747,48.3772],[7.7487,48.3801],[7.7469,48.3782],[7.7503,48.3695],[7.754,48.3677]],[[7.7609,48.357],[7.761,48.358],[7.761,48.357],[7.7609,48.357]],[[7.7604,48.3592],[7.7608,48.358],[7.7606,48.358],[7.7604,48.3592]],[[7.7598,48.3588],[7.7602,48.358],[7.7598,48.358],[7.7598,48.3588]],[[7.7574,48.3608],[7.7581,48.3607],[7.7574,48.3607],[7.7574,48.3608]],[[7.758,48.3645],[7.7582,48.3645],[7.7579,48.3643],[7.758,48.3645]],[[7.7537,48.3631],[7.7549,48.3625],[7.7536,48.3629],[7.7537,48.3631]],[[7.7526,48.374],[7.7534,48.3737],[7.7525,48.3739],[7.7526,48.374]],[[7.7515,48.3739],[7.7563,48.3698],[7.7533,48.3715],[7.7515,48.3739]],[[7.7518,48.3751],[7.7522,48.3764],[7.753,48.3762],[7.7518,48.3751]],[[7.751,48.3775],[7.7508,48.3766],[7.7507,48.3766],[7.751,48.3775]],[[7.7511,48.3803],[7.7518,48.3802],[7.7508,48.3794],[7.7511,48.3803]]]}},{"type":"Feature","properties":{"landuse":"farmland"},"geometry":{"type":"Polygon","coordinates":[[[7.767,48.379],[7.7626,48.3821],[7.757,48.3772],[7.7592,48.3682],[7.772,48.3676],[7.7718,48.3749],[7.767,48.379]],[[7.7603,48.3776],[7.7624,48.3768],[7.7623,48.3767],[7.7603,48.3776]],[[7.7629,48.3794],[7.7618,48.3779],[7.7615,48.378],[7.7629,48.3794]],[[7.7638,48.3789],[7.7629,48.3774],[7.7625,48.3775],[7.7638,48.3789]],[[7.7602,48.3732],[7.7593,48.3721],[7.76,48.3732],[7.7602,48.3732]],[[7.7627,48.3736],[7.764,48.3731],[7.7627,48.3734],[7.7627,48.3736]],[[7.7603,48.372],[7.7613,48.3718],[7.7595,48.372],[7.7608,48.373],[7.7603,48.372]],[[7.7681,48.3679],[7.7693,48.3677],[7.7677,48.3676],[7.7681,48.3679]],[[7.7686,48.3669],[7.7672,48.3671],[7.7676,48.3675],[7.7686,48.3669]],[[7.7657,48.3696],[7.7688,48.369],[7.7655,48.3694],[7.7657,48.3696]],[[7.7694,48.3712],[7.7684,48.3703],[7.769,48.3714],[7.7694,48.3712]],[[7.7689,48.369],[7.77,48.3686],[7.7683,48.3682],[7.7689,48.369]],[[7.7586,48.3708],[7.7603,48.3705],[7.7603,48.3704],[7.7586,48.3708]],[[7.7671,48.3755],[7.7695,48.3746],[7.7693,48.3744],[7.7671,48.3755]],[[7.7666,48.3748],[7.7668,48.3747],[7.7666,48.3747],[7.7666,48.3748]]]}},{"type":"Feature","properties":{"landuse":"farmland"},"geometry":{"type":"Polygon","coordinates":[[[7.7526,48.3183],[7.7563,48.3254],[7.7519,48.3263],[7.7501,48.3207],[7.7526,48.3183]],[[7.7542,48.3255],[7.7541,48.3254],[7.7541,48.3254],[7.7542,48.3255]]]}},{"type":"Feature","properties":{"landuse":"farmland"},"geometry":{"type":"Polygon","coordinates":[[[7.8348,48.4635],[7.8321,48.4657],[7.828,48.4614],[7.8348,48.4635]],[[7.8312,48.4621],[7.8315,48.4623],[7.8331,48.4619],[7.8312,48.4621]]]}},{"type":"Feature","properties":{"landuse":"farmland"},"geometry":{"type":"Polygon","coordinates":[[[7.8248,48.4572],[7.8331,48.4607],[7.8274,48.4611],[7.8319,48.4657],[7.8189,48.4641],[7.8168,48.4614],[7.8248,48.4572]],[[7.8257,48.4597],[7.8251,48.4598],[7.8255,48.46],[7.8257,48.4597]],[[7.8283,48.4628],[7.8262,48.4613],[7.8269,48.4624],[7.8283,48.4628]],[[7.8287,48.4626],[7.8283,48.4628],[7.8304,48.4633],[7.8287,48.4626]]]}},{"type":"Feature","properties":{"landuse":"orchard"},"geometry":{"type":"Polygon","coordinates":[[[7.8019,48.4755],[7.8015,48.4714],[7.8075,48.4701],[7.8079,48.4728],[7.8019,48.4755]],[[7.8019,48.4729],[7.8029,48.4728],[7.8019,48.4722],[7.8019,48.4729]],[[7.8031,48.4712],[7.8031,48.4728],[7.8038,48.4727],[7.8031,48.4712]]]}},{"type":"Feature","properties":{"landuse":"orchard"},"geometry":{"type":"Polygon","coordinates":[[[7.8058,48.4681],[7.812,48.4669],[7.8076,48.4701],[7.8099,48.4695],[7.8058,48.4681]],[[7.8079,48.4677],[7.809,48.4684],[7.8098,48.4681],[7.8079,48.4677]]]}},{"type":"Feature","properties":{"landuse":"farmland"},"geometry":{"type":"Polygon","coordinates":[[[7.8132,48.4767],[7.8061,48.4822],[7.8063,48.4867],[7.8009,48.4746],[7.7974,48.476],[7.7954,48.4727],[7.8014,48.4708],[7.8019,48.4755],[7.8109,48.4723],[7.8132,48.4767]],[[7.8092,48.477],[7.8108,48.4778],[7.811,48.4776],[7.8092,48.477]],[[7.8083,48.4779],[7.8081,48.478],[7.8097,48.4788],[7.8083,48.4779]],[[7.8071,48.4789],[7.807,48.479],[7.8087,48.4798],[7.8071,48.4789]],[[7.8102,48.4758],[7.8101,48.4759],[7.8119,48.4767],[7.8102,48.4758]],[[7.8105,48.4755],[7.8103,48.4756],[7.8122,48.4765],[7.8105,48.4755]],[[7.8063,48.48],[7.8082,48.4803],[7.8067,48.4794],[7.8063,48.48]],[[7.806,48.4763],[7.8087,48.4774],[7.8063,48.4761],[7.806,48.4763]],[[7.8081,48.4779],[7.8054,48.4771],[7.8059,48.4774],[7.8081,48.4779]],[[7.8095,48.4732],[7.8091,48.4735],[7.8094,48.4738],[7.8095,48.4732]],[[7.8085,48.4739],[7.8076,48.4743],[7.8081,48.4748],[7.8085,48.4739]],[[7.8102,48.4733],[7.8099,48.4735],[7.8111,48.4745],[7.8102,48.4733]]]}},{"type":"Feature","properties":{"landuse":"farmland"},"geometry":{"type":"Polygon","coordinates":[[[7.4183,47.9395],[7.4139,47.9427],[7.3842,47.9469],[7.3798,47.9321],[7.3734,47.9293],[7.3678,47.9194],[7.3699,47.9192],[7.367,47.9184],[7.368,47.9135],[7.3641,47.9137],[7.3759,47.8924],[7.3897,47.8922],[7.3889,47.8898],[7.3958,47.8856],[7.3955,47.8967],[7.4011,47.8979],[7.4015,47.8913],[7.4045,47.8913],[7.4109,47.9043],[7.3833,47.9091],[7.3872,47.9152],[7.3937,47.9147],[7.4022,47.9363],[7.4188,47.9341],[7.4183,47.9395]],[[7.368,47.9117],[7.3679,47.9111],[7.367,47.9114],[7.368,47.9117]],[[7.368,47.9117],[7.3672,47.9115],[7.3672,47.9122],[7.368,47.9117]],[[7.3668,47.9088],[7.3677,47.9106],[7.369,47.9108],[7.3668,47.9088]],[[7.3663,47.9085],[7.367,47.9093],[7.3668,47.9088],[7.3663,47.9085]],[[7.3732,47.9164],[7.3741,47.9163],[7.3733,47.915],[7.3732,47.9164]],[[7.3732,47.9164],[7.3729,47.915],[7.3723,47.9165],[7.3732,47.9164]],[[7.3707,47.9177],[7.3721,47.9151],[7.3697,47.9154],[7.3707,47.9177]],[[7.3699,47.9178],[7.3707,47.9177],[7.3706,47.9163],[7.3699,47.9178]],[[7.3832,47.8923],[7.381,47.8924],[7.3832,47.8924],[7.3833,47.892],[7.3812,47.8922],[7.3832,47.8923]],[[7.378,47.9236],[7.3755,47.9224],[7.3763,47.924],[7.378,47.9236]],[[7.3927,47.9207],[7.3915,47.918],[7.3905,47.9182],[7.3927,47.9207]],[[7.3945,47.9282],[7.394,47.9281],[7.3942,47.9286],[7.3945,47.9282]],[[7.3889,47.9319],[7.389,47.9316],[7.3886,47.9317],[7.3889,47.9319]],[[7.3818,47.8987],[7.3838,47.8992],[7.3831,47.8957],[7.3818,47.8987]],[[7.3848,47.8963],[7.3845,47.8977],[7.3857,47.8994],[7.3848,47.8963]],[[7.3857,47.8964],[7.3859,47.8943],[7.3847,47.8944],[7.3857,47.8964]],[[7.3857,47.8941],[7.3857,47.8924],[7.3848,47.8942],[7.3857,47.8941]],[[7.3879,47.8949],[7.3881,47.8933],[7.3874,47.8933],[7.3879,47.8949]],[[7.3889,47.8979],[7.3894,47.8932],[7.3881,47.8964],[7.3889,47.8979]],[[7.3916,47.895],[7.391,47.895],[7.3909,47.8978],[7.3916,47.895]],[[7.3904,47.8897],[7.3909,47.892],[7.3914,47.8919],[7.3904,47.8897]],[[7.3768,47.9209],[7.3801,47.92],[7.3765,47.9204],[7.3768,47.9209]],[[7.3776,47.9137],[7.3762,47.9127],[7.3747,47.9134],[7.3776,47.9137]]]}},{"type":"Feature","properties":{"landuse":"farmland"},"geometry":{"type":"Polygon","coordinates":[[[7.2849,47.8724],[7.2877,47.8669],[7.2851,47.8586],[7.3007,47.8648],[7.2994,47.862],[7.3082,47.8619],[7.3051,47.8572],[7.3194,47.8592],[7.3232,47.8651],[7.3314,47.8686],[7.3261,47.872],[7.3275,47.8742],[7.3212,47.8708],[7.315,47.8742],[7.3088,47.8721],[7.3081,47.8753],[7.297,47.8725],[7.2974,47.8683],[7.2917,47.8714],[7.3023,47.8767],[7.2975,47.8822],[7.2849,47.8724]],[[7.3163,47.8687],[7.3171,47.8641],[7.3101,47.8607],[7.3097,47.8667],[7.3163,47.8687]],[[7.2952,47.88],[7.2958,47.8802],[7.2963,47.8796],[7.2952,47.88]],[[7.3152,47.8701],[7.3175,47.8715],[7.318,47.8708],[7.3152,47.8701]],[[7.3087,47.8704],[7.3098,47.8706],[7.3097,47.8702],[7.3087,47.8704]],[[7.3215,47.8686],[7.3228,47.8687],[7.3206,47.866],[7.3215,47.8686]],[[7.3077,47.8703],[7.312,47.8688],[7.3078,47.869],[7.3077,47.8703]],[[7.3152,47.8737],[7.316,47.8733],[7.3146,47.8722],[7.3152,47.8737]],[[7.3235,47.8682],[7.3257,47.8703],[7.3248,47.8681],[7.3235,47.8682]]]}},{"type":"Feature","properties":{"landuse":"farmland"},"geometry":{"type":"Polygon","coordinates":[[[7.7397,48.4686],[7.7472,48.4684],[7.7401,48.4738],[7.7397,48.4686]],[[7.7413,48.4706],[7.7422,48.4712],[7.7419,48.4705],[7.7413,48.4706]],[[7.7423,48.4685],[7.7423,48.4697],[7.7425,48.4692],[7.7423,48.4685]],[[7.7405,48.4712],[7.7413,48.4707],[7.7404,48.4712],[7.7405,48.4712]]]}},{"type":"Feature","properties":{"landuse":"orchard"},"geometry":{"type":"Polygon","coordinates":[[[7.6832,48.3819],[7.6905,48.3812],[7.6863,48.3827],[7.6832,48.3819]],[[7.6882,48.3822],[7.6899,48.3819],[7.688,48.3818],[7.6882,48.3822]]]}},{"type":"Feature","properties":{"landuse":"farmland"},"geometry":{"type":"Polygon","coordinates":[[[7.629,48.8586],[7.6177,48.8558],[7.6415,48.8523],[7.629,48.8586]]]}},{"type":"Feature","properties":{"landuse":"farmland"},"geometry":{"type":"Polygon","coordinates":[[[7.5463,47.505],[7.5155,47.5025],[7.5155,47.5046],[7.5078,47.5046],[7.5122,47.5027],[7.5122,47.4991],[7.5015,47.5027],[7.5026,47.5009],[7.4973,47.5014],[7.4934,47.4956],[7.4881,47.4947],[7.5049,47.4912],[7.5238,47.4949],[7.5233,47.4894],[7.5426,47.4851],[7.5407,47.4868],[7.5522,47.4919],[7.5333,47.493],[7.5452,47.4952],[7.5404,47.4969],[7.5448,47.4965],[7.5463,47.505]],[[7.5154,47.495],[7.5168,47.495],[7.5154,47.4943],[7.5154,47.495]],[[7.5401,47.4912],[7.5415,47.4915],[7.5417,47.4908],[7.5401,47.4912]],[[7.5337,47.4886],[7.5324,47.4882],[7.5325,47.4888],[7.5337,47.4886]],[[7.5318,47.4951],[7.5321,47.495],[7.5311,47.4947],[7.5318,47.4951]],[[7.5213,47.4967],[7.5235,47.4968],[7.5235,47.4962],[7.5213,47.4967]],[[7.4995,47.4928],[7.5006,47.4928],[7.5005,47.4921],[7.4995,47.4928]],[[7.5012,47.4935],[7.5016,47.4937],[7.5019,47.4931],[7.5012,47.4935]],[[7.5224,47.501],[7.5235,47.5012],[7.5234,47.4997],[7.5224,47.501]],[[7.5342,47.4956],[7.5337,47.4962],[7.535,47.4963],[7.5342,47.4956]],[[7.5312,47.493],[7.5322,47.493],[7.5312,47.4927],[7.5312,47.493]]]}},{"type":"Feature","properties":{"landuse":"farmland"},"geometry":{"type":"Polygon","coordinates":[[[7.7418,48.3094],[7.7373,48.3029],[7.7438,48.2982],[7.745,48.309],[7.7418,48.3094]],[[7.7396,48.3022],[7.7394,48.3022],[7.7398,48.3031],[7.7396,48.3022]],[[7.7397,48.3025],[7.7401,48.3023],[7.7397,48.3022],[7.7397,48.3025]]]}},{"type":"Feature","properties":{"landuse":"farmland"},"geometry":{"type":"Polygon","coordinates":[[[7.5943,48.0273],[7.6031,48.0198],[7.5994,48.0268],[7.5943,48.0273]],[[7.5991,48.025],[7.5996,48.0244],[7.5993,48.0243],[7.5991,48.025]],[[7.5988,48.0223],[7.5991,48.0221],[7.5994,48.0217],[7.5988,48.0223]]]}},{"type":"Feature","properties":{"landuse":"farmland"},"geometry":{"type":"Polygon","coordinates":[[[7.6761,48.4586],[7.6786,48.4593],[7.675,48.4607],[7.6718,48.4544],[7.675,48.4543],[7.6761,48.4586]],[[7.6735,48.4556],[7.6727,48.4547],[7.6724,48.4554],[7.6735,48.4556]],[[7.6751,48.4582],[7.6744,48.4575],[7.6739,48.4579],[7.6751,48.4582]]]}},{"type":"Feature","properties":{"landuse":"farmland"},"geometry":{"type":"Polygon","coordinates":[[[7.59,47.6123],[7.5855,47.6159],[7.5846,47.6135],[7.59,47.6123]]]}},{"type":"Feature","properties":{"landuse":"farmland"},"geometry":{"type":"Polygon","coordinates":[[[7.7586,48.4852],[7.7603,48.4884],[7.7527,48.4884],[7.7538,48.4835],[7.7586,48.4852]],[[7.7572,48.4865],[7.7543,48.4869],[7.7545,48.4874],[7.7572,48.4865]]]}},{"type":"Feature","properties":{"landuse":"orchard"},"geometry":{"type":"Polygon","coordinates":[[[7.2757,47.8677],[7.2804,47.8684],[7.2792,47.8697],[7.2757,47.8677]],[[7.2774,47.8689],[7.2786,47.8694],[7.278,47.8685],[7.2774,47.8689]]]}},{"type":"Feature","properties":{"landuse":"farmland"},"geometry":{"type":"Polygon","coordinates":[[[7.9654,48.9008],[7.9448,48.8975],[7.9406,48.9003],[7.9497,48.8993],[7.9438,48.9064],[7.9499,48.9066],[7.9529,48.91],[7.9539,48.9079],[7.9568,48.9113],[7.9533,48.9066],[7.9635,48.9044],[7.9623,48.9025],[7.9698,48.9045],[7.9645,48.907],[7.9698,48.9045],[7.9719,48.9114],[7.9662,48.9147],[7.9686,48.9185],[7.9611,48.9183],[7.9637,48.9161],[7.9608,48.9148],[7.9613,48.917],[7.9486,48.921],[7.9406,48.9178],[7.9363,48.9097],[7.9341,48.9102],[7.9336,48.9048],[7.9389,48.9015],[7.934,48.9019],[7.932,48.8946],[7.9549,48.8959],[7.9546,48.8925],[7.9668,48.893],[7.9712,48.8887],[7.9829,48.8917],[7.9798,48.8961],[7.9682,48.896],[7.9692,48.899],[7.9649,48.8988],[7.9654,48.9008]],[[7.9511,48.9186],[7.9515,48.9195],[7.9519,48.919],[7.9511,48.9186]],[[7.9389,48.8955],[7.9374,48.8957],[7.9381,48.8974],[7.9396,48.8972],[7.9389,48.8955]]]}},{"type":"Feature","properties":{"landuse":"farmland"},"geometry":{"type":"Polygon","coordinates":[[[7.2732,47.5658],[7.2745,47.5622],[7.2809,47.5663],[7.272,47.5704],[7.2732,47.5658]],[[7.2734,47.5706],[7.2736,47.5701],[7.2732,47.5702],[7.2734,47.5706]],[[7.2737,47.5698],[7.2736,47.569],[7.2732,47.5691],[7.2737,47.5698]]]}},{"type":"Feature","properties":{"landuse":"farmland"},"geometry":{"type":"Polygon","coordinates":[[[7.2679,47.57],[7.2716,47.5768],[7.2731,47.5709],[7.2789,47.5677],[7.2908,47.5673],[7.2798,47.5735],[7.2823,47.5784],[7.2709,47.577],[7.2701,47.5811],[7.265,47.5837],[7.2549,47.5833],[7.2679,47.5804],[7.2679,47.57]],[[7.2714,47.5766],[7.2712,47.5756],[7.2706,47.5756],[7.2714,47.5766]],[[7.2706,47.5756],[7.2708,47.5754],[7.2704,47.5754],[7.2706,47.5756]]]}},{"type":"Feature","properties":{"landuse":"green_public_spaces"},"geometry":{"type":"MultiPolygon","coordinates":[[[[7.9701,48.7231],[7.9719,48.7217],[7.9684,48.722],[7.9685,48.7196],[7.9722,48.7163],[7.9762,48.7173],[7.9721,48.7217],[7.98,48.7213],[7.9701,48.7231]]],[[[7.99,48.7369],[7.9964,48.7412],[7.9972,48.7457],[7.9945,48.7422],[7.9906,48.7451],[7.9845,48.736],[7.9839,48.7294],[7.9786,48.7333],[7.9719,48.7311],[7.9708,48.7256],[7.9934,48.7242],[7.9966,48.7296],[7.99,48.7369]],[[7.9917,48.7268],[7.9947,48.7262],[7.9932,48.7254],[7.9917,48.7268]],[[7.9924,48.7309],[7.9936,48.7303],[7.9923,48.7301],[7.9924,48.7309]],[[7.9878,48.7368],[7.989,48.7373],[7.9892,48.7368],[7.9878,48.7368]],[[7.9912,48.7388],[7.9899,48.7392],[7.9906,48.7397],[7.9912,48.7388]],[[7.9885,48.7401],[7.9893,48.7395],[7.9877,48.7391],[7.9885,48.7401]]]]}},{"type":"Feature","properties":{"landuse":"farmland"},"geometry":{"type":"Polygon","coordinates":[[[7.8474,48.5959],[7.8476,48.5946],[7.8509,48.5962],[7.8474,48.5959]],[[7.8497,48.5965],[7.8503,48.5965],[7.8499,48.5963],[7.8497,48.5965]]]}},{"type":"Feature","properties":{"landuse":"farmland"},"geometry":{"type":"Polygon","coordinates":[[[7.8564,48.5969],[7.8561,48.5953],[7.8595,48.5969],[7.8564,48.5969]]]}},{"type":"Feature","properties":{"landuse":"farmland"},"geometry":{"type":"Polygon","coordinates":[[[7.8556,48.7399],[7.8548,48.7355],[7.8588,48.7309],[7.8634,48.7316],[7.8712,48.7266],[7.8721,48.7198],[7.9038,48.7401],[7.8977,48.7462],[7.9031,48.7477],[7.8991,48.7498],[7.8938,48.7436],[7.8968,48.7485],[7.8951,48.7507],[7.8939,48.747],[7.8891,48.7507],[7.895,48.7528],[7.888,48.7561],[7.8869,48.7529],[7.8631,48.7529],[7.8588,48.7503],[7.8556,48.7399]],[[7.8845,48.7445],[7.8878,48.7442],[7.8861,48.7422],[7.8845,48.7445]],[[7.8776,48.7345],[7.8731,48.7301],[7.8751,48.7355],[7.8776,48.7345]],[[7.8648,48.7452],[7.8668,48.745],[7.8677,48.7425],[7.8648,48.7452]],[[7.8776,48.727],[7.8795,48.7265],[7.878,48.7259],[7.8776,48.727]]]}},{"type":"Feature","properties":{"landuse":"farmland"},"geometry":{"type":"Polygon","coordinates":[[[7.436,48.2013],[7.4301,48.2022],[7.4312,48.2077],[7.4222,48.2109],[7.4174,48.2058],[7.4147,48.207],[7.4211,48.2103],[7.4104,48.2118],[7.4127,48.2129],[7.4082,48.2152],[7.4178,48.2186],[7.4135,48.2207],[7.4179,48.2271],[7.4158,48.2283],[7.4254,48.2313],[7.4306,48.2395],[7.4281,48.2407],[7.4055,48.2215],[7.3956,48.1934],[7.4185,48.1871],[7.4228,48.1895],[7.4154,48.1876],[7.4172,48.1912],[7.4371,48.193],[7.436,48.2013]],[[7.42,48.2023],[7.4172,48.2022],[7.4196,48.2029],[7.42,48.2023]],[[7.408,48.2073],[7.4094,48.2071],[7.4076,48.2062],[7.408,48.2073]],[[7.4128,48.1986],[7.4057,48.2006],[7.4144,48.2021],[7.4128,48.1986]],[[7.4074,48.1998],[7.4055,48.1997],[7.4056,48.2001],[7.4074,48.1998]],[[7.4147,48.1945],[7.4151,48.1961],[7.4159,48.1944],[7.4147,48.1945]],[[7.4193,48.1927],[7.4202,48.1924],[7.4194,48.1924],[7.4193,48.1927]],[[7.4089,48.221],[7.4092,48.2216],[7.4098,48.2215],[7.4089,48.221]],[[7.411,48.1936],[7.412,48.1936],[7.4115,48.193],[7.411,48.1936]],[[7.4036,48.1951],[7.4046,48.195],[7.4044,48.1948],[7.4036,48.1951]],[[7.4029,48.1963],[7.4052,48.196],[7.4038,48.1954],[7.4029,48.1963]],[[7.4026,48.1913],[7.4028,48.1928],[7.4032,48.1928],[7.4026,48.1913]],[[7.4015,48.1911],[7.4019,48.1912],[7.4019,48.1907],[7.4015,48.1911]],[[7.4002,48.1917],[7.4005,48.1918],[7.4005,48.1911],[7.4002,48.1917]],[[7.3999,48.193],[7.3999,48.1926],[7.3991,48.1927],[7.3999,48.193]],[[7.3984,48.1944],[7.3983,48.1939],[7.3961,48.194],[7.3984,48.1944]],[[7.404,48.21],[7.4017,48.2085],[7.4018,48.2098],[7.404,48.21]],[[7.4061,48.2146],[7.4042,48.2148],[7.4068,48.2156],[7.4061,48.2146]],[[7.4037,48.2167],[7.4091,48.217],[7.4045,48.2156],[7.4089,48.2142],[7.407,48.2117],[7.4124,48.2129],[7.4018,48.2098],[7.4037,48.2167]],[[7.4094,48.2182],[7.4084,48.2172],[7.409,48.2182],[7.4094,48.2182]],[[7.4081,48.2208],[7.4085,48.2215],[7.4084,48.2207],[7.4081,48.2208]],[[7.4072,48.2211],[7.4084,48.2207],[7.4068,48.2205],[7.4072,48.2211]],[[7.427,48.2387],[7.43,48.2378],[7.43,48.2376],[7.427,48.2387]],[[7.4273,48.2388],[7.4262,48.2389],[7.4264,48.2391],[7.4273,48.2388]],[[7.4258,48.2384],[7.4271,48.2379],[7.4248,48.2374],[7.4258,48.2384]],[[7.4219,48.2348],[7.4244,48.2334],[7.4207,48.234],[7.4219,48.2348]]]}},{"type":"Feature","properties":{"landuse":"farmland"},"geometry":{"type":"MultiPolygon","coordinates":[[[[7.5747,48.5569],[7.5687,48.5579],[7.5722,48.5519],[7.5666,48.5516],[7.567,48.549],[7.5766,48.5476],[7.5747,48.5569]]],[[[7.5771,48.5476],[7.5857,48.55],[7.5879,48.5537],[7.5753,48.5566],[7.5771,48.5476]]]]}},{"type":"Feature","properties":{"landuse":"farmland"},"geometry":{"type":"MultiPolygon","coordinates":[[[[7.7171,48.6768],[7.719,48.6744],[7.7244,48.6769],[7.7171,48.6768]]],[[[7.7214,48.678],[7.721,48.6801],[7.7169,48.68],[7.7214,48.678]]],[[[7.7094,48.7004],[7.7144,48.686],[7.7138,48.6948],[7.7094,48.7004]]],[[[7.7088,48.7012],[7.7028,48.6973],[7.7052,48.691],[7.7124,48.6881],[7.7088,48.7012]]],[[[7.7064,48.6885],[7.7082,48.6853],[7.7108,48.6854],[7.7064,48.6885]]],[[[7.7102,48.6852],[7.712,48.6783],[7.7139,48.6822],[7.7102,48.6852]]]]}},{"type":"Feature","properties":{"landuse":"farmland"},"geometry":{"type":"Polygon","coordinates":[[[7.7544,48.6529],[7.7563,48.6513],[7.7552,48.6552],[7.7599,48.6646],[7.7441,48.6649],[7.7476,48.6723],[7.7387,48.6731],[7.7369,48.6692],[7.7317,48.6763],[7.7256,48.6772],[7.7216,48.6683],[7.7404,48.6479],[7.7493,48.6486],[7.75,48.6522],[7.7544,48.6529]]]}},{"type":"Feature","properties":{"landuse":"farmland"},"geometry":{"type":"Polygon","coordinates":[[[7.5699,47.5158],[7.5832,47.5094],[7.57,47.5129],[7.5716,47.5087],[7.5758,47.5082],[7.5732,47.5036],[7.5781,47.5037],[7.5793,47.5076],[7.5875,47.5087],[7.5931,47.5164],[7.5978,47.5176],[7.5833,47.5174],[7.5827,47.5123],[7.5781,47.5177],[7.5699,47.5158]],[[7.5883,47.5123],[7.5885,47.5127],[7.5889,47.5125],[7.5883,47.5123]],[[7.5877,47.511],[7.5883,47.5123],[7.5886,47.5123],[7.5877,47.511]],[[7.5778,47.5088],[7.5757,47.5089],[7.5768,47.5094],[7.5778,47.5088]],[[7.5867,47.5155],[7.5866,47.5151],[7.5854,47.5153],[7.5867,47.5155]],[[7.5756,47.5143],[7.577,47.5147],[7.5772,47.5142],[7.5756,47.5143]]]}},{"type":"Feature","properties":{"landuse":"farmland"},"geometry":{"type":"Polygon","coordinates":[[[7.5575,47.5058],[7.561,47.5079],[7.5583,47.509],[7.5575,47.5058]],[[7.5587,47.5076],[7.5596,47.5075],[7.5586,47.5069],[7.5587,47.5076]]]}},{"type":"Feature","properties":{"landuse":"farmland"},"geometry":{"type":"MultiPolygon","coordinates":[[[[7.7436,48.4759],[7.7406,48.4767],[7.742,48.4741],[7.7436,48.4759]],[[7.7411,48.4751],[7.7413,48.475],[7.7414,48.4748],[7.7411,48.4751]]],[[[7.743,48.4747],[7.7495,48.4736],[7.7492,48.4777],[7.743,48.4747]],[[7.7487,48.477],[7.7477,48.4752],[7.7479,48.4752],[7.7475,48.4752],[7.7487,48.477]]]]}},{"type":"Feature","properties":{"landuse":"farmland"},"geometry":{"type":"Polygon","coordinates":[[[7.7497,48.4834],[7.7434,48.4809],[7.7501,48.4773],[7.7559,48.4836],[7.7497,48.4834]],[[7.7479,48.4821],[7.747,48.4822],[7.7484,48.4824],[7.7479,48.4821]],[[7.7466,48.4812],[7.7459,48.4818],[7.7472,48.4816],[7.7466,48.4812]],[[7.7543,48.4823],[7.7545,48.4826],[7.7545,48.4822],[7.7543,48.4823]]]}},{"type":"Feature","properties":{"landuse":"farmland"},"geometry":{"type":"MultiPolygon","coordinates":[[[[7.7475,48.4958],[7.7374,48.4934],[7.7464,48.4924],[7.7475,48.4958]],[[7.7419,48.4936],[7.742,48.4948],[7.7423,48.4947],[7.7419,48.4936]]],[[[7.7469,48.4924],[7.7576,48.4917],[7.7414,48.4927],[7.7523,48.4886],[7.7596,48.4909],[7.7475,48.4967],[7.7469,48.4924]],[[7.7532,48.4924],[7.7529,48.4927],[7.7534,48.4928],[7.7532,48.4924]],[[7.7541,48.4934],[7.7556,48.4932],[7.7563,48.4921],[7.7541,48.4934]],[[7.7557,48.4899],[7.7562,48.4898],[7.7552,48.4898],[7.7557,48.4899]]]]}},{"type":"Feature","properties":{"landuse":"farmland"},"geometry":{"type":"Polygon","coordinates":[[[7.7604,48.4885],[7.7661,48.4917],[7.7516,48.4961],[7.7601,48.4914],[7.7538,48.489],[7.7626,48.4906],[7.7604,48.4885]],[[7.758,48.4884],[7.7578,48.4888],[7.7581,48.4888],[7.758,48.4884]]]}},{"type":"Feature","properties":{"landuse":"farmland"},"geometry":{"type":"Polygon","coordinates":[[[7.7496,48.4836],[7.7531,48.485],[7.7521,48.4873],[7.7417,48.4909],[7.7409,48.4791],[7.7496,48.4836]],[[7.7426,48.4829],[7.7428,48.4824],[7.7424,48.4825],[7.7426,48.4829]],[[7.7471,48.4878],[7.7479,48.487],[7.7475,48.4869],[7.7471,48.4878]],[[7.7468,48.4866],[7.7463,48.4857],[7.7461,48.4877],[7.7468,48.4866]]]}},{"type":"Feature","properties":{"landuse":"farmland"},"geometry":{"type":"Polygon","coordinates":[[[7.7399,48.4861],[7.7342,48.483],[7.7389,48.4815],[7.7399,48.4861]],[[7.7399,48.4859],[7.7411,48.4861],[7.7395,48.4848],[7.7399,48.4859]]]}},{"type":"Feature","properties":{"landuse":"farmland"},"geometry":{"type":"Polygon","coordinates":[[[7.7444,48.5013],[7.7495,48.4969],[7.7504,48.4992],[7.7444,48.5013]],[[7.7462,48.4997],[7.7469,48.4994],[7.7461,48.4995],[7.7462,48.4997]]]}},{"type":"Feature","properties":{"landuse":"farmland"},"geometry":{"type":"Polygon","coordinates":[[[7.7298,48.4488],[7.7324,48.4477],[7.7332,48.4508],[7.7223,48.4498],[7.7316,48.4452],[7.7275,48.4462],[7.7298,48.4488]],[[7.7315,48.4513],[7.731,48.4511],[7.7305,48.4511],[7.7315,48.4513]]]}},{"type":"Feature","properties":{"landuse":"orchard"},"geometry":{"type":"Polygon","coordinates":[[[7.0638,47.775],[7.0582,47.7809],[7.0599,47.7753],[7.0661,47.7707],[7.0638,47.775]],[[7.0593,47.779],[7.0595,47.7787],[7.059,47.7787],[7.0593,47.779]],[[7.059,47.7787],[7.0595,47.7785],[7.059,47.7784],[7.059,47.7787]]]}},{"type":"Feature","properties":{"landuse":"orchard"},"geometry":{"type":"Polygon","coordinates":[[[7.4694,48.4883],[7.4782,48.4845],[7.4745,48.4842],[7.4764,48.4799],[7.4831,48.4793],[7.4779,48.4808],[7.4812,48.4868],[7.4694,48.4883]],[[7.4788,48.4838],[7.4792,48.4843],[7.48,48.4841],[7.4788,48.4838]],[[7.4787,48.4829],[7.4778,48.4828],[7.4786,48.4832],[7.4787,48.4829]]]}},{"type":"Feature","properties":{"landuse":"green_public_spaces"},"geometry":{"type":"MultiPolygon","coordinates":[[[[7.805,48.6274],[7.8058,48.6385],[7.8165,48.6441],[7.8142,48.6458],[7.8066,48.6457],[7.7994,48.6404],[7.7944,48.6425],[7.7936,48.6355],[7.8002,48.6333],[7.805,48.6274]]],[[[7.8055,48.6287],[7.8045,48.6296],[7.805,48.6275],[7.8055,48.6287]]],[[[7.8127,48.6429],[7.8058,48.6379],[7.8045,48.6297],[7.8092,48.6243],[7.8046,48.6168],[7.8066,48.6097],[7.8013,48.6078],[7.7965,48.5986],[7.8051,48.6062],[7.8114,48.6018],[7.8253,48.6162],[7.8326,48.6311],[7.8283,48.6328],[7.8295,48.6363],[7.8341,48.6357],[7.8402,48.6451],[7.8333,48.6438],[7.8299,48.6393],[7.825,48.6399],[7.8225,48.635],[7.8092,48.6366],[7.8091,48.6407],[7.8127,48.6429]]]]}},{"type":"Feature","properties":{"landuse":"vineyard"},"geometry":{"type":"Polygon","coordinates":[[[7.4947,48.6002],[7.4925,48.5979],[7.498,48.5944],[7.5138,48.5966],[7.5131,48.5992],[7.4997,48.6018],[7.4947,48.6002]],[[7.4969,48.599],[7.4971,48.599],[7.497,48.5988],[7.4969,48.599]],[[7.4962,48.5994],[7.4969,48.599],[7.4959,48.5993],[7.4962,48.5994]],[[7.4974,48.598],[7.4975,48.5982],[7.4977,48.5979],[7.4974,48.598]],[[7.4969,48.5981],[7.4974,48.598],[7.4968,48.598],[7.4969,48.5981]],[[7.4976,48.5985],[7.498,48.5986],[7.4983,48.5978],[7.4976,48.5985]],[[7.4977,48.5968],[7.4982,48.5969],[7.4982,48.5966],[7.4977,48.5968]],[[7.5005,48.5965],[7.4999,48.5966],[7.5005,48.5967],[7.5005,48.5965]],[[7.5018,48.5986],[7.5023,48.5983],[7.5018,48.598],[7.5018,48.5986]]]}},{"type":"Feature","properties":{"landuse":"farmland"},"geometry":{"type":"Polygon","coordinates":[[[7.551,47.4886],[7.5517,47.4884],[7.5531,47.4916],[7.551,47.4886]]]}},{"type":"Feature","properties":{"landuse":"farmland"},"geometry":{"type":"Polygon","coordinates":[[[7.4966,47.4925],[7.4887,47.4924],[7.4971,47.4904],[7.4944,47.4919],[7.4966,47.4925]]]}},{"type":"Feature","properties":{"landuse":"farmland"},"geometry":{"type":"Polygon","coordinates":[[[7.62,48.5817],[7.6302,48.586],[7.6405,48.5825],[7.6335,48.581],[7.6302,48.5778],[7.6323,48.576],[7.6284,48.5764],[7.6179,48.5637],[7.6175,48.5576],[7.6189,48.5592],[7.6229,48.5542],[7.6142,48.5539],[7.6128,48.5513],[7.6194,48.5494],[7.6318,48.5564],[7.6319,48.5639],[7.6462,48.563],[7.6527,48.5709],[7.6554,48.5696],[7.6613,48.5738],[7.6635,48.576],[7.6582,48.5827],[7.6625,48.5828],[7.6597,48.5892],[7.6636,48.5946],[7.6732,48.5953],[7.6827,48.5919],[7.6827,48.5964],[7.6938,48.6024],[7.6812,48.6007],[7.6789,48.6027],[7.6815,48.6046],[7.674,48.609],[7.6741,48.6113],[7.6812,48.6108],[7.6791,48.6155],[7.6853,48.618],[7.6786,48.6202],[7.6772,48.6273],[7.6699,48.625],[7.6656,48.6288],[7.6645,48.6264],[7.6652,48.6325],[7.6628,48.633],[7.6463,48.6315],[7.6282,48.6073],[7.6425,48.6129],[7.6522,48.6117],[7.6438,48.6125],[7.634,48.606],[7.6354,48.6081],[7.6281,48.6063],[7.6236,48.5999],[7.5881,48.5844],[7.5868,48.5825],[7.5905,48.5821],[7.5829,48.5802],[7.5789,48.5749],[7.5773,48.5715],[7.5803,48.5711],[7.5774,48.5703],[7.5758,48.5617],[7.5806,48.5597],[7.5849,48.564],[7.5919,48.5628],[7.5954,48.5614],[7.5943,48.557],[7.5884,48.5589],[7.5931,48.555],[7.6074,48.5556],[7.6095,48.5602],[7.6074,48.5616],[7.6229,48.5706],[7.6196,48.5739],[7.6196,48.5781],[7.6232,48.5784],[7.62,48.5817]],[[7.6556,48.5848],[7.6562,48.5828],[7.644,48.5818],[7.6433,48.5899],[7.6541,48.5903],[7.657,48.5885],[7.6556,48.5848]]]}},{"type":"Feature","properties":{"landuse":"green_public_spaces"},"geometry":{"type":"Polygon","coordinates":[[[7.7772,48.5637],[7.7706,48.56],[7.7783,48.5637],[7.7772,48.5637]]]}},{"type":"Feature","properties":{"landuse":"farmland"},"geometry":{"type":"MultiPolygon","coordinates":[[[[7.5536,47.5278],[7.5591,47.5283],[7.5594,47.533],[7.5536,47.5278]]],[[[7.5488,47.5287],[7.5465,47.5304],[7.5435,47.5278],[7.5469,47.5236],[7.5501,47.5264],[7.5488,47.5287]],[[7.5454,47.526],[7.5458,47.5264],[7.5468,47.5258],[7.5454,47.526]]],[[[7.555,47.5303],[7.5568,47.5324],[7.5541,47.5307],[7.555,47.5303]]],[[[7.5496,47.5239],[7.5532,47.5209],[7.5563,47.5237],[7.5529,47.5261],[7.5496,47.5239]]]]}},{"type":"Feature","properties":{"landuse":"farmland"},"geometry":{"type":"Polygon","coordinates":[[[7.0327,47.7404],[7.0238,47.7377],[7.0391,47.7377],[7.0356,47.7416],[7.0327,47.7404]],[[7.0336,47.7402],[7.034,47.7403],[7.0334,47.74],[7.0336,47.7402]]]}},{"type":"Feature","properties":{"landuse":"farmland"},"geometry":{"type":"Polygon","coordinates":[[[7.3596,48.1596],[7.3456,48.1606],[7.3401,48.156],[7.343,48.154],[7.3404,48.1479],[7.3465,48.1465],[7.3457,48.1426],[7.341,48.1459],[7.3395,48.1412],[7.3476,48.1399],[7.3452,48.1344],[7.3505,48.1332],[7.3476,48.1299],[7.3513,48.1314],[7.3555,48.1445],[7.365,48.152],[7.3596,48.1596]],[[7.349,48.1381],[7.3495,48.1398],[7.3536,48.1379],[7.349,48.1381]],[[7.3593,48.1534],[7.3564,48.1538],[7.3594,48.1535],[7.3593,48.1534]],[[7.3581,48.153],[7.3573,48.1512],[7.3576,48.1531],[7.3581,48.153]],[[7.3529,48.1505],[7.3519,48.148],[7.3527,48.1505],[7.3529,48.1505]]]}},{"type":"Feature","properties":{"landuse":"farmland"},"geometry":{"type":"Polygon","coordinates":[[[7.3481,48.194],[7.3402,48.1906],[7.346,48.1865],[7.3535,48.1878],[7.3504,48.1858],[7.3566,48.1846],[7.3554,48.183],[7.3733,48.1841],[7.3716,48.1884],[7.3644,48.1899],[7.3675,48.1956],[7.3562,48.1979],[7.3489,48.1962],[7.3499,48.1926],[7.3481,48.194]],[[7.3598,48.188],[7.3604,48.1864],[7.3589,48.1867],[7.3598,48.188]],[[7.3673,48.1876],[7.3714,48.1853],[7.3596,48.1881],[7.3673,48.1876]],[[7.3593,48.1889],[7.3599,48.1888],[7.3589,48.1873],[7.3593,48.1889]],[[7.3586,48.1902],[7.3611,48.1901],[7.3581,48.1899],[7.3586,48.1902]],[[7.3623,48.1913],[7.3571,48.1916],[7.3644,48.1952],[7.3623,48.1913]],[[7.3641,48.1895],[7.3666,48.1893],[7.364,48.1894],[7.3641,48.1895]]]}},{"type":"Feature","properties":{"landuse":"farmland"},"geometry":{"type":"Polygon","coordinates":[[[7.4555,48.2764],[7.4595,48.273],[7.4606,48.2748],[7.4555,48.2764]],[[7.4596,48.2751],[7.46,48.275],[7.4597,48.2744],[7.4596,48.2751]]]}},{"type":"Feature","properties":{"landuse":"farmland"},"geometry":{"type":"Polygon","coordinates":[[[7.6702,48.4205],[7.6682,48.4178],[7.6726,48.4191],[7.6702,48.4205]],[[7.669,48.4182],[7.6692,48.4183],[7.67,48.4179],[7.669,48.4182]]]}},{"type":"Feature","properties":{"landuse":"farmland"},"geometry":{"type":"Polygon","coordinates":[[[7.6196,48.5478],[7.6138,48.5496],[7.6024,48.5448],[7.5995,48.548],[7.5913,48.5472],[7.5875,48.5418],[7.5965,48.5373],[7.599,48.5343],[7.5968,48.5317],[7.5997,48.531],[7.5973,48.5264],[7.5884,48.5251],[7.5836,48.527],[7.5936,48.5301],[7.5934,48.5328],[7.5889,48.5386],[7.5858,48.5379],[7.5884,48.5398],[7.5803,48.5373],[7.5821,48.5218],[7.619,48.5258],[7.6351,48.5221],[7.6391,48.5225],[7.6371,48.5255],[7.6393,48.5226],[7.6606,48.5251],[7.6644,48.5283],[7.6681,48.5256],[7.6798,48.5271],[7.6742,48.5362],[7.6681,48.5365],[7.6807,48.5381],[7.6793,48.5398],[7.683,48.5409],[7.6752,48.547],[7.6772,48.5504],[7.6729,48.5511],[7.6742,48.544],[7.6449,48.5362],[7.6527,48.5334],[7.6381,48.5331],[7.6324,48.5298],[7.634,48.5253],[7.6277,48.5306],[7.6333,48.5342],[7.632,48.5373],[7.6361,48.537],[7.6326,48.5391],[7.6101,48.5276],[7.6106,48.5318],[7.603,48.5304],[7.6034,48.5331],[7.6168,48.5366],[7.6145,48.5436],[7.6209,48.5452],[7.617,48.547],[7.6196,48.5478]],[[7.6011,48.5311],[7.5998,48.531],[7.5994,48.532],[7.6011,48.5311]],[[7.6041,48.535],[7.6013,48.5347],[7.6036,48.5356],[7.6041,48.535]],[[7.605,48.5391],[7.6012,48.5383],[7.6062,48.5411],[7.605,48.5391]]]}},{"type":"Feature","properties":{"landuse":"farmland"},"geometry":{"type":"Polygon","coordinates":[[[7.5032,48.4995],[7.4941,48.4991],[7.4969,48.4942],[7.5001,48.4944],[7.4969,48.4925],[7.4982,48.49],[7.5039,48.4904],[7.5043,48.4815],[7.499,48.4821],[7.4998,48.4778],[7.5109,48.4776],[7.5032,48.4995]],[[7.5094,48.4785],[7.5094,48.4775],[7.5085,48.4775],[7.5085,48.4784],[7.5094,48.4785]],[[7.5063,48.4836],[7.5075,48.4821],[7.5065,48.4813],[7.5063,48.4836]]]}},{"type":"Feature","properties":{"landuse":"farmland"},"geometry":{"type":"Polygon","coordinates":[[[7.2557,47.6141],[7.257,47.6122],[7.2527,47.6089],[7.2459,47.6079],[7.2479,47.6061],[7.2455,47.6042],[7.2506,47.6023],[7.2531,47.5965],[7.255,47.5973],[7.2526,47.5993],[7.2602,47.5978],[7.2681,47.5906],[7.2692,47.5924],[7.2611,47.5982],[7.263,47.6008],[7.2547,47.6023],[7.2563,47.6073],[7.2618,47.6084],[7.2672,47.6162],[7.2775,47.6176],[7.271,47.6189],[7.2728,47.6204],[7.2688,47.6185],[7.2718,47.6227],[7.266,47.627],[7.2573,47.6252],[7.2552,47.6208],[7.2479,47.6204],[7.2475,47.618],[7.2427,47.6224],[7.2418,47.615],[7.2441,47.6148],[7.2356,47.6125],[7.2372,47.6097],[7.2326,47.6091],[7.2245,47.6151],[7.2218,47.6128],[7.2278,47.6076],[7.233,47.6077],[7.2557,47.6141]]]}},{"type":"Feature","properties":{"landuse":"farmland"},"geometry":{"type":"Polygon","coordinates":[[[7.702,48.4197],[7.7044,48.4215],[7.7017,48.4213],[7.702,48.4197]],[[7.7018,48.4209],[7.7023,48.4212],[7.7019,48.4208],[7.7018,48.4209]]]}},{"type":"Feature","properties":{"landuse":"farmland"},"geometry":{"type":"Polygon","coordinates":[[[7.6984,48.4095],[7.7043,48.4115],[7.7016,48.4124],[7.7042,48.4129],[7.7024,48.4162],[7.6973,48.4166],[7.6984,48.4095]],[[7.6986,48.4138],[7.7013,48.4136],[7.7009,48.4149],[7.7021,48.4136],[7.6986,48.4138]]]}},{"type":"Feature","properties":{"landuse":"farmland"},"geometry":{"type":"Polygon","coordinates":[[[7.7287,48.4575],[7.7351,48.4541],[7.7319,48.4529],[7.734,48.4489],[7.7401,48.4485],[7.7437,48.4538],[7.7373,48.4611],[7.7271,48.4606],[7.7287,48.4575]],[[7.7382,48.4527],[7.7397,48.4519],[7.7395,48.4517],[7.7382,48.4527]],[[7.7373,48.4522],[7.7381,48.4523],[7.7381,48.4518],[7.7373,48.4522]],[[7.7386,48.4534],[7.7382,48.4528],[7.738,48.4529],[7.7386,48.4534]],[[7.734,48.4574],[7.7341,48.457],[7.7334,48.4568],[7.734,48.4574]],[[7.728,48.4581],[7.7284,48.4581],[7.7278,48.4579],[7.728,48.4581]]]}},{"type":"Feature","properties":{"landuse":"green_public_spaces"},"geometry":{"type":"Polygon","coordinates":[[[7.3608,47.7376],[7.3582,47.737],[7.359,47.7363],[7.3608,47.7376]],[[7.3595,47.7369],[7.3596,47.7368],[7.3592,47.7367],[7.3595,47.7369]],[[7.3603,47.7373],[7.3608,47.7374],[7.3606,47.7372],[7.3603,47.7373]],[[7.3605,47.7376],[7.3606,47.7375],[7.3602,47.7374],[7.3605,47.7376]],[[7.3605,47.7376],[7.3602,47.7374],[7.3605,47.7376],[7.3605,47.7376]],[[7.3597,47.737],[7.3599,47.7372],[7.3599,47.7371],[7.3597,47.737]],[[7.3599,47.7372],[7.3602,47.7374],[7.3602,47.7373],[7.36,47.7372],[7.3599,47.7372]],[[7.3598,47.737],[7.3602,47.7369],[7.3601,47.7368],[7.3598,47.737]],[[7.36,47.7371],[7.36,47.7371],[7.3602,47.737],[7.36,47.7371]],[[7.36,47.7371],[7.3601,47.7371],[7.3603,47.737],[7.36,47.7371]],[[7.36,47.7372],[7.3602,47.7373],[7.3604,47.7371],[7.36,47.7372]],[[7.3601,47.7374],[7.3599,47.7375],[7.3605,47.7377],[7.3601,47.7374]],[[7.3598,47.7375],[7.36,47.7379],[7.3603,47.7378],[7.3598,47.7375]],[[7.3595,47.7372],[7.3599,47.7375],[7.3601,47.7374],[7.3597,47.7371],[7.3595,47.7372]],[[7.3595,47.7373],[7.3592,47.7374],[7.3597,47.7377],[7.3595,47.7373]],[[7.3588,47.7368],[7.3594,47.7372],[7.3596,47.7371],[7.359,47.7367],[7.3588,47.7368]],[[7.3588,47.7369],[7.3588,47.7371],[7.3595,47.7373],[7.3588,47.7369]]]}},{"type":"Feature","properties":{"landuse":"farmland"},"geometry":{"type":"Polygon","coordinates":[[[7.2656,47.6373],[7.2602,47.6303],[7.2618,47.6286],[7.2683,47.6309],[7.2692,47.6364],[7.2656,47.6373]],[[7.2662,47.6385],[7.2668,47.6376],[7.2663,47.6376],[7.2662,47.6385]]]}},{"type":"Feature","properties":{"landuse":"farmland"},"geometry":{"type":"Polygon","coordinates":[[[7.7927,48.4884],[7.7958,48.4906],[7.7937,48.4927],[7.7899,48.4896],[7.7927,48.4884]],[[7.7912,48.4895],[7.7927,48.4898],[7.7923,48.4889],[7.7912,48.4895]]]}},{"type":"Feature","properties":{"landuse":"farmland"},"geometry":{"type":"MultiPolygon","coordinates":[[[[8.0117,48.9104],[8.0148,48.9096],[8.0181,48.9186],[8.0108,48.9222],[8.0086,48.9202],[8.0138,48.9188],[8.008,48.9121],[8.0122,48.9137],[8.0117,48.9104]]],[[[8.0092,48.9092],[8.0113,48.9097],[8.0038,48.9138],[7.9929,48.9121],[7.993,48.9091],[7.9843,48.9042],[7.996,48.9047],[7.9834,48.9],[7.9916,48.8981],[7.9882,48.8935],[7.9844,48.8964],[7.9814,48.89],[7.9899,48.8867],[8.005,48.8914],[7.9897,48.8922],[7.9957,48.8939],[7.997,48.9005],[8.0018,48.8991],[8.0042,48.9082],[8.0099,48.9065],[8.0117,48.9085],[8.0092,48.9092]]]]}},{"type":"Feature","properties":{"landuse":"farmland"},"geometry":{"type":"MultiPolygon","coordinates":[[[[7.992,48.9114],[7.9937,48.9122],[7.9826,48.9125],[7.992,48.9114]]],[[[7.9918,48.9112],[7.9869,48.9121],[7.9856,48.909],[7.9858,48.9121],[7.9831,48.9121],[7.9804,48.904],[7.9918,48.9112]],[[7.9884,48.9115],[7.9888,48.9116],[7.9889,48.9113],[7.9884,48.9115]]],[[[7.9962,48.9138],[7.9951,48.9125],[7.997,48.9132],[7.9962,48.9138]]],[[[7.997,48.9143],[8.0039,48.917],[8.0015,48.9196],[8.0036,48.9212],[7.9961,48.9239],[7.9915,48.9214],[7.9925,48.9241],[7.9853,48.921],[7.9871,48.927],[7.9832,48.9283],[7.9754,48.9253],[7.9759,48.9223],[7.9814,48.9222],[7.9817,48.9248],[7.9845,48.9182],[7.9941,48.9187],[7.9924,48.9157],[7.9984,48.9181],[7.997,48.9143]]]]}},{"type":"Feature","properties":{"landuse":"farmland"},"geometry":{"type":"Polygon","coordinates":[[[7.7195,48.5768],[7.7207,48.5751],[7.7205,48.5771],[7.7195,48.5768]],[[7.7209,48.5766],[7.72,48.5759],[7.7194,48.5764],[7.7209,48.5766]]]}},{"type":"Feature","properties":{"landuse":"green_public_spaces"},"geometry":{"type":"Polygon","coordinates":[[[7.3437,47.7485],[7.3465,47.749],[7.3451,47.7494],[7.3437,47.7485]],[[7.3437,47.7485],[7.344,47.7485],[7.3438,47.7484],[7.3437,47.7485]],[[7.3457,47.7491],[7.3463,47.7492],[7.3458,47.7488],[7.3457,47.7491]],[[7.3459,47.7492],[7.3461,47.7494],[7.3462,47.7493],[7.3459,47.7492]],[[7.3438,47.7486],[7.3443,47.7488],[7.3441,47.7485],[7.3438,47.7486]],[[7.3443,47.7489],[7.3449,47.749],[7.3447,47.7488],[7.3443,47.7489]],[[7.3451,47.7489],[7.345,47.7493],[7.3457,47.7494],[7.3451,47.7489]],[[7.3451,47.7489],[7.3456,47.749],[7.3455,47.7487],[7.3451,47.7489]],[[7.3441,47.7484],[7.3448,47.7486],[7.3445,47.7482],[7.3441,47.7484]],[[7.3438,47.7483],[7.3442,47.7483],[7.3441,47.7481],[7.3438,47.7483]]]}},{"type":"Feature","properties":{"landuse":"farmland"},"geometry":{"type":"Polygon","coordinates":[[[7.5099,47.7841],[7.5017,47.7806],[7.514,47.7775],[7.5139,47.7829],[7.5099,47.7841]],[[7.5049,47.7806],[7.5067,47.7811],[7.5059,47.7793],[7.5049,47.7806]]]}},{"type":"Feature","properties":{"landuse":"farmland"},"geometry":{"type":"Polygon","coordinates":[[[7.2186,47.8128],[7.2201,47.8166],[7.227,47.8182],[7.2247,47.816],[7.2267,47.8147],[7.2287,47.8181],[7.2162,47.8196],[7.2213,47.8263],[7.216,47.8247],[7.2223,47.8277],[7.2224,47.8229],[7.2314,47.8241],[7.2248,47.826],[7.2273,47.83],[7.2225,47.8292],[7.2221,47.8326],[7.1964,47.8144],[7.2066,47.8167],[7.2077,47.8144],[7.2023,47.8101],[7.1952,47.81],[7.2075,47.8071],[7.2186,47.8128]],[[7.2108,47.8216],[7.2129,47.8221],[7.2062,47.8168],[7.2108,47.8216]],[[7.2187,47.8165],[7.2105,47.8131],[7.2091,47.8136],[7.2187,47.8165]]]}},{"type":"Feature","properties":{"landuse":"farmland"},"geometry":{"type":"Polygon","coordinates":[[[7.5085,47.7764],[7.4902,47.7798],[7.4976,47.7748],[7.4969,47.7697],[7.4993,47.77],[7.4962,47.7684],[7.4985,47.7657],[7.4949,47.7616],[7.5163,47.7609],[7.5162,47.7717],[7.5085,47.7764]],[[7.5059,47.7643],[7.5052,47.7639],[7.5052,47.7644],[7.5059,47.7643]],[[7.5087,47.7641],[7.5076,47.7636],[7.5078,47.7642],[7.5087,47.7641]],[[7.5096,47.7641],[7.5117,47.7638],[7.5116,47.7631],[7.5096,47.7641]],[[7.5055,47.7687],[7.5063,47.7681],[7.5053,47.768],[7.5055,47.7687]],[[7.5055,47.7694],[7.5052,47.7682],[7.504,47.7683],[7.5055,47.7694]],[[7.5039,47.7691],[7.5051,47.7677],[7.5031,47.7679],[7.5039,47.7691]]]}},{"type":"Feature","properties":{"landuse":"farmland"},"geometry":{"type":"Polygon","coordinates":[[[7.1654,47.6712],[7.1509,47.6743],[7.1495,47.6684],[7.1414,47.6736],[7.1572,47.665],[7.1304,47.6675],[7.1405,47.6745],[7.1327,47.6761],[7.1312,47.6849],[7.1334,47.686],[7.1215,47.6891],[7.1194,47.6917],[7.1218,47.6924],[7.116,47.6972],[7.1072,47.6942],[7.1038,47.6976],[7.1041,47.6935],[7.1006,47.6923],[7.1075,47.6911],[7.1102,47.6859],[7.0955,47.6924],[7.0848,47.6888],[7.0993,47.6821],[7.0909,47.6778],[7.1039,47.6691],[7.1033,47.6648],[7.1119,47.6663],[7.105,47.6625],[7.1076,47.6573],[7.1036,47.6515],[7.1108,47.6425],[7.1159,47.6412],[7.1207,47.6446],[7.1175,47.6471],[7.1214,47.6511],[7.1186,47.6554],[7.1231,47.6554],[7.1169,47.6568],[7.1175,47.659],[7.1253,47.6633],[7.1324,47.6626],[7.1345,47.661],[7.1304,47.6597],[7.1376,47.6567],[7.1413,47.6592],[7.1537,47.658],[7.1621,47.6617],[7.158,47.6628],[7.1624,47.6657],[7.1602,47.6658],[7.1655,47.6649],[7.1654,47.6712]],[[7.1067,47.6858],[7.1059,47.6862],[7.1063,47.6863],[7.1067,47.6858]],[[7.1052,47.6873],[7.1062,47.6873],[7.1043,47.6867],[7.1052,47.6873]],[[7.1259,47.6826],[7.1264,47.682],[7.1248,47.6816],[7.1259,47.6826]],[[7.1282,47.6795],[7.1272,47.6805],[7.1303,47.6806],[7.1282,47.6795]],[[7.1149,47.6812],[7.1137,47.6827],[7.1162,47.6823],[7.1149,47.6812]],[[7.1196,47.6778],[7.1036,47.681],[7.1182,47.6795],[7.1196,47.6778]],[[7.1153,47.6788],[7.1102,47.6787],[7.1037,47.6804],[7.1153,47.6788]],[[7.1126,47.678],[7.1117,47.6759],[7.1102,47.6772],[7.1001,47.6727],[7.1126,47.678]],[[7.1301,47.6727],[7.1307,47.672],[7.1288,47.672],[7.1301,47.6727]],[[7.122,47.6734],[7.123,47.6744],[7.124,47.6738],[7.122,47.6734]],[[7.1205,47.6726],[7.1217,47.6724],[7.1213,47.672],[7.1205,47.6726]],[[7.1121,47.6713],[7.11,47.6726],[7.1119,47.6741],[7.1121,47.6713]],[[7.1144,47.6679],[7.1143,47.6685],[7.1167,47.6685],[7.1144,47.6679]],[[7.1101,47.664],[7.1123,47.6644],[7.1116,47.6634],[7.1101,47.664]],[[7.1155,47.6658],[7.1155,47.6656],[7.1153,47.6657],[7.1155,47.6658]],[[7.1154,47.6642],[7.1146,47.6645],[7.1151,47.6655],[7.1154,47.6642]],[[7.1148,47.6638],[7.1147,47.6639],[7.1152,47.6639],[7.1148,47.6638]],[[7.1156,47.665],[7.1156,47.664],[7.1151,47.6641],[7.1156,47.665]],[[7.1198,47.6715],[7.126,47.6678],[7.1163,47.6641],[7.1198,47.6715]],[[7.1279,47.6659],[7.1283,47.6676],[7.1304,47.6666],[7.1279,47.6659]],[[7.1186,47.6924],[7.1168,47.6917],[7.1165,47.6923],[7.1186,47.6924]],[[7.11,47.6924],[7.1136,47.6941],[7.1141,47.6934],[7.11,47.6924]],[[7.1152,47.6592],[7.114,47.6587],[7.1149,47.6595],[7.1152,47.6592]],[[7.1534,47.6592],[7.1534,47.659],[7.1529,47.659],[7.1534,47.6592]],[[7.1385,47.6636],[7.1393,47.6621],[7.1379,47.6621],[7.1385,47.6636]],[[7.1233,47.6637],[7.1227,47.6644],[7.1236,47.6638],[7.1233,47.6637]],[[7.1095,47.659],[7.1067,47.6582],[7.1092,47.6593],[7.1095,47.659]],[[7.1184,47.6499],[7.1189,47.6498],[7.1187,47.6492],[7.1184,47.6499]]]}},{"type":"Feature","properties":{"landuse":"farmland"},"geometry":{"type":"Polygon","coordinates":[[[7.367,47.8742],[7.3785,47.8737],[7.3838,47.878],[7.3726,47.8926],[7.3751,47.8926],[7.3643,47.9113],[7.3582,47.9075],[7.3564,47.9023],[7.362,47.8978],[7.3588,47.8962],[7.3663,47.8946],[7.3583,47.8946],[7.3534,47.8793],[7.3671,47.8789],[7.367,47.8742]],[[7.3651,47.9095],[7.3644,47.9083],[7.3649,47.9097],[7.3651,47.9095]],[[7.3594,47.908],[7.3584,47.9077],[7.3589,47.9082],[7.3594,47.908]],[[7.3586,47.9074],[7.3591,47.9072],[7.3588,47.9068],[7.3586,47.9074]],[[7.356,47.8847],[7.356,47.8842],[7.3551,47.8842],[7.3552,47.8848],[7.356,47.8847]]]}},{"type":"Feature","properties":{"landuse":"farmland"},"geometry":{"type":"Polygon","coordinates":[[[7.374,47.8536],[7.3602,47.8432],[7.362,47.8409],[7.3586,47.8382],[7.3609,47.8341],[7.3647,47.8351],[7.3666,47.8268],[7.3602,47.8205],[7.3722,47.8187],[7.3805,47.8214],[7.3759,47.8539],[7.3739,47.8587],[7.3712,47.8583],[7.3691,47.8534],[7.374,47.8536]],[[7.3724,47.8542],[7.3734,47.8537],[7.3726,47.8536],[7.3724,47.8542]],[[7.3658,47.847],[7.3678,47.8476],[7.3673,47.8466],[7.3658,47.847]],[[7.3644,47.8373],[7.3653,47.8357],[7.3636,47.8362],[7.3644,47.8373]]]}},{"type":"Feature","properties":{"landuse":"farmland"},"geometry":{"type":"Polygon","coordinates":[[[7.3614,47.8336],[7.3581,47.8364],[7.3629,47.8459],[7.3571,47.8491],[7.3576,47.8587],[7.3533,47.8595],[7.3332,47.8517],[7.3372,47.8515],[7.3377,47.8481],[7.3274,47.8316],[7.3317,47.8295],[7.3309,47.8316],[7.3406,47.833],[7.3453,47.8322],[7.3403,47.832],[7.3398,47.8277],[7.362,47.8272],[7.3619,47.8295],[7.3648,47.8288],[7.3614,47.8336]],[[7.3424,47.8378],[7.3436,47.8394],[7.3428,47.8376],[7.3424,47.8378]],[[7.3353,47.837],[7.3354,47.8386],[7.3399,47.8383],[7.3353,47.837]],[[7.3355,47.8419],[7.3369,47.8408],[7.3355,47.8404],[7.3355,47.8419]],[[7.3413,47.8458],[7.342,47.8456],[7.3411,47.8454],[7.3413,47.8458]],[[7.3414,47.8528],[7.3442,47.8527],[7.3414,47.8525],[7.3414,47.8528]],[[7.3484,47.8407],[7.3509,47.8386],[7.3482,47.8379],[7.3484,47.8407]],[[7.3546,47.8451],[7.3559,47.8433],[7.3545,47.8443],[7.3546,47.8451]],[[7.3594,47.8406],[7.3573,47.84],[7.3586,47.8421],[7.3594,47.8406]],[[7.3588,47.8402],[7.3601,47.8407],[7.3601,47.8402],[7.3588,47.8402]],[[7.3551,47.8365],[7.3456,47.8319],[7.3461,47.837],[7.3534,47.8364],[7.3566,47.8393],[7.3551,47.8365]],[[7.3509,47.8487],[7.3515,47.8484],[7.3513,47.8467],[7.3509,47.8487]],[[7.3512,47.8487],[7.3525,47.8492],[7.3515,47.8484],[7.3512,47.8487]],[[7.3471,47.8496],[7.3512,47.8492],[7.3491,47.849],[7.3471,47.8496]],[[7.3546,47.8534],[7.3572,47.8537],[7.3566,47.8532],[7.3546,47.8534]],[[7.3596,47.8466],[7.3614,47.8455],[7.3589,47.8461],[7.3596,47.8466]],[[7.361,47.8332],[7.3625,47.833],[7.3624,47.8324],[7.361,47.8332]]]}},{"type":"Feature","properties":{"landuse":"farmland"},"geometry":{"type":"Polygon","coordinates":[[[7.3927,47.8166],[7.3943,47.8511],[7.3879,47.8714],[7.3842,47.8752],[7.3628,47.8697],[7.3612,47.8679],[7.3644,47.8656],[7.3729,47.8633],[7.3816,47.8258],[7.3859,47.8259],[7.3845,47.8213],[7.3883,47.8218],[7.3842,47.8199],[7.3881,47.816],[7.3927,47.8166]],[[7.3884,47.8248],[7.3897,47.8249],[7.3897,47.8246],[7.3884,47.8248]],[[7.3872,47.828],[7.3871,47.8276],[7.3812,47.828],[7.3872,47.828]],[[7.3836,47.8555],[7.3856,47.8559],[7.3861,47.8548],[7.3836,47.8555]],[[7.3764,47.8531],[7.3834,47.8556],[7.385,47.8548],[7.3764,47.8531]],[[7.3906,47.8617],[7.3918,47.8617],[7.3907,47.8607],[7.3906,47.8617]],[[7.3734,47.8619],[7.3737,47.8623],[7.3741,47.8614],[7.3734,47.8619]],[[7.3753,47.8626],[7.3753,47.8632],[7.3763,47.8632],[7.3753,47.8626]],[[7.3761,47.8659],[7.3759,47.8664],[7.3767,47.8664],[7.3761,47.8659]],[[7.3753,47.8632],[7.376,47.8656],[7.3763,47.8632],[7.3753,47.8632]]]}},{"type":"Feature","properties":{"landuse":"green_public_spaces"},"geometry":{"type":"Polygon","coordinates":[[[7.3446,47.8758],[7.345,47.8723],[7.3482,47.8728],[7.3487,47.8758],[7.3446,47.8758]],[[7.3456,47.8732],[7.3458,47.8733],[7.3457,47.8731],[7.3456,47.8732]],[[7.3461,47.8735],[7.3471,47.8738],[7.347,47.8736],[7.3461,47.8735]],[[7.3465,47.8733],[7.3476,47.8733],[7.3474,47.8728],[7.3465,47.8733]],[[7.3452,47.876],[7.3465,47.876],[7.3465,47.8755],[7.3452,47.876]],[[7.3447,47.8738],[7.3453,47.8753],[7.3454,47.8738],[7.3447,47.8738]]]}},{"type":"Feature","properties":{"landuse":"farmland"},"geometry":{"type":"Polygon","coordinates":[[[7.2992,47.8408],[7.3023,47.8388],[7.3096,47.843],[7.3173,47.8428],[7.328,47.8546],[7.3202,47.8513],[7.3184,47.8531],[7.3272,47.8572],[7.3123,47.8512],[7.3152,47.8557],[7.3095,47.8553],[7.2969,47.8469],[7.2991,47.8451],[7.295,47.8413],[7.2992,47.8408]],[[7.296,47.8408],[7.2972,47.8421],[7.2974,47.8401],[7.296,47.8408]]]}},{"type":"Feature","properties":{"landuse":"farmland"},"geometry":{"type":"Polygon","coordinates":[[[7.5299,48.4074],[7.5352,48.4007],[7.5297,48.4074],[7.5223,48.4065],[7.515,48.4006],[7.535,48.3998],[7.5445,48.4047],[7.5471,48.4119],[7.5299,48.4074]],[[7.5275,48.4057],[7.5278,48.4058],[7.5282,48.4051],[7.5275,48.4057]],[[7.529,48.405],[7.5306,48.405],[7.5295,48.4029],[7.529,48.405]]]}},{"type":"Feature","properties":{"landuse":"farmland"},"geometry":{"type":"Polygon","coordinates":[[[7.5455,48.3942],[7.5448,48.3906],[7.5669,48.3838],[7.5686,48.3883],[7.5812,48.3965],[7.5642,48.4035],[7.5607,48.3984],[7.5614,48.3947],[7.5653,48.3943],[7.5638,48.3922],[7.5558,48.3931],[7.5495,48.3953],[7.5462,48.4062],[7.5455,48.3942]],[[7.5769,48.397],[7.576,48.3963],[7.5762,48.3972],[7.5769,48.397]],[[7.5763,48.3962],[7.5766,48.396],[7.5754,48.3954],[7.5763,48.3962]]]}},{"type":"Feature","properties":{"landuse":"farmland"},"geometry":{"type":"Polygon","coordinates":[[[7.5273,48.4076],[7.5254,48.4151],[7.5323,48.4157],[7.5229,48.4199],[7.5109,48.4149],[7.5036,48.4038],[7.5156,48.4013],[7.5217,48.4073],[7.5181,48.4061],[7.5273,48.4076]],[[7.5177,48.4183],[7.5172,48.4174],[7.5169,48.4183],[7.5177,48.4183]],[[7.5195,48.4183],[7.5201,48.4183],[7.5196,48.4173],[7.5195,48.4183]],[[7.5247,48.4182],[7.5237,48.4182],[7.5247,48.4183],[7.5247,48.4182]],[[7.5236,48.4168],[7.5268,48.4167],[7.5263,48.4163],[7.5236,48.4168]]]}},{"type":"Feature","properties":{"landuse":"farmland"},"geometry":{"type":"Polygon","coordinates":[[[7.5725,48.4383],[7.5728,48.4408],[7.5679,48.4408],[7.5622,48.437],[7.5616,48.4342],[7.5664,48.4358],[7.5613,48.4318],[7.573,48.4362],[7.5734,48.4384],[7.5675,48.4369],[7.5725,48.4383]],[[7.5646,48.4338],[7.5643,48.4326],[7.5638,48.4334],[7.5646,48.4338]]]}},{"type":"Feature","properties":{"landuse":"farmland"},"geometry":{"type":"Polygon","coordinates":[[[7.5545,48.4171],[7.5543,48.4138],[7.5583,48.4129],[7.5618,48.4164],[7.5601,48.4189],[7.5545,48.4171]],[[7.5557,48.4143],[7.5565,48.4157],[7.5564,48.4141],[7.5557,48.4143]]]}},{"type":"Feature","properties":{"landuse":"farmland"},"geometry":{"type":"Polygon","coordinates":[[[7.5185,48.4246],[7.5239,48.426],[7.5195,48.4245],[7.5313,48.4227],[7.5448,48.4361],[7.5244,48.4318],[7.5112,48.4361],[7.4992,48.4358],[7.4983,48.433],[7.5019,48.4318],[7.524,48.43],[7.5136,48.4272],[7.5137,48.4243],[7.5185,48.4246]],[[7.5194,48.4282],[7.5196,48.4282],[7.5195,48.428],[7.5194,48.4282]],[[7.5179,48.4289],[7.5183,48.4282],[7.5181,48.4282],[7.5179,48.4289]],[[7.5178,48.4284],[7.5179,48.4281],[7.5169,48.428],[7.5178,48.4284]],[[7.5213,48.4266],[7.5197,48.4264],[7.5197,48.4266],[7.5213,48.4266]],[[7.5147,48.4292],[7.5146,48.4281],[7.5142,48.4277],[7.5147,48.4292]],[[7.5147,48.4279],[7.5145,48.4276],[7.5144,48.4277],[7.5147,48.4279]],[[7.5153,48.4247],[7.515,48.4247],[7.515,48.4252],[7.5153,48.4247]],[[7.5196,48.4277],[7.5208,48.4273],[7.5196,48.4271],[7.5196,48.4277]]]}},{"type":"Feature","properties":{"landuse":"farmland"},"geometry":{"type":"Polygon","coordinates":[[[7.537,48.4279],[7.5322,48.4239],[7.5337,48.4218],[7.5602,48.4217],[7.5449,48.4248],[7.5387,48.4231],[7.537,48.4279]],[[7.5493,48.4233],[7.5489,48.4226],[7.5488,48.4233],[7.5493,48.4233]]]}},{"type":"Feature","properties":{"landuse":"farmland"},"geometry":{"type":"Polygon","coordinates":[[[7.5612,48.4458],[7.5605,48.4482],[7.5528,48.4474],[7.5459,48.4394],[7.5514,48.4381],[7.5612,48.4458]],[[7.5509,48.4414],[7.5513,48.4422],[7.5544,48.4424],[7.5509,48.4414]]]}},{"type":"Feature","properties":{"landuse":"farmland"},"geometry":{"type":"Polygon","coordinates":[[[7.5312,48.4408],[7.5299,48.4387],[7.5346,48.4401],[7.5369,48.4365],[7.54,48.4393],[7.5384,48.4381],[7.5427,48.4364],[7.5398,48.4382],[7.5456,48.4395],[7.5401,48.4398],[7.5465,48.445],[7.5192,48.4482],[7.5199,48.4435],[7.5143,48.4438],[7.5112,48.4483],[7.5077,48.4472],[7.5092,48.443],[7.5221,48.439],[7.5289,48.4382],[7.5312,48.4408]],[[7.5456,48.4454],[7.5445,48.4449],[7.5444,48.4451],[7.5456,48.4454]],[[7.5425,48.4437],[7.542,48.4436],[7.5419,48.4437],[7.5425,48.4437]],[[7.5383,48.4448],[7.5384,48.4441],[7.5383,48.444],[7.5383,48.4448]],[[7.5373,48.4452],[7.5373,48.4447],[7.5369,48.4439],[7.5373,48.4452]],[[7.5374,48.4447],[7.5374,48.4439],[7.537,48.4439],[7.5374,48.4447]],[[7.5366,48.4443],[7.5362,48.4438],[7.5349,48.4443],[7.5366,48.4443]],[[7.5331,48.4438],[7.5354,48.4436],[7.5331,48.4438],[7.5331,48.4438]],[[7.5303,48.445],[7.5334,48.4449],[7.5333,48.4445],[7.5303,48.445]],[[7.52,48.4474],[7.5201,48.4462],[7.5199,48.4474],[7.52,48.4474]],[[7.5229,48.4465],[7.5224,48.4463],[7.5223,48.4479],[7.5229,48.4465]],[[7.5224,48.4462],[7.5227,48.4462],[7.5227,48.4456],[7.5224,48.4456],[7.5224,48.4462]],[[7.5114,48.4472],[7.5116,48.4471],[7.5113,48.4462],[7.5114,48.4472]],[[7.54,48.4393],[7.5415,48.4394],[7.54,48.4391],[7.54,48.4393]],[[7.5341,48.4388],[7.5327,48.4404],[7.534,48.4397],[7.5341,48.4388]]]}},{"type":"Feature","properties":{"landuse":"farmland"},"geometry":{"type":"Polygon","coordinates":[[[7.5792,48.4648],[7.5766,48.4669],[7.5797,48.4651],[7.5857,48.4689],[7.5795,48.4718],[7.5749,48.4697],[7.5741,48.4674],[7.5792,48.4648]],[[7.5792,48.4683],[7.5777,48.469],[7.5779,48.4695],[7.5792,48.4683]],[[7.5803,48.4671],[7.5807,48.4668],[7.5803,48.4668],[7.5803,48.4671]]]}},{"type":"Feature","properties":{"landuse":"farmland"},"geometry":{"type":"Polygon","coordinates":[[[7.5885,48.4804],[7.5817,48.4782],[7.5865,48.4746],[7.5885,48.4804]],[[7.5888,48.4781],[7.589,48.4778],[7.5886,48.4777],[7.5888,48.4781]],[[7.5871,48.4768],[7.5859,48.4761],[7.5879,48.4774],[7.5871,48.4768]]]}},{"type":"Feature","properties":{"landuse":"farmland"},"geometry":{"type":"Polygon","coordinates":[[[7.6398,48.5207],[7.6149,48.5236],[7.5935,48.5118],[7.595,48.5085],[7.6127,48.5145],[7.6118,48.5096],[7.6381,48.5146],[7.6368,48.5188],[7.6389,48.5166],[7.6398,48.5193],[7.6466,48.5193],[7.6398,48.5207]],[[7.6034,48.5123],[7.602,48.5139],[7.6022,48.514],[7.6034,48.5123]],[[7.6155,48.5146],[7.6158,48.514],[7.6154,48.5146],[7.6155,48.5146]],[[7.6171,48.5164],[7.6175,48.5159],[7.6173,48.5158],[7.6171,48.5164]],[[7.6219,48.5209],[7.6219,48.5207],[7.6217,48.5209],[7.6219,48.5209]],[[7.6246,48.518],[7.6253,48.517],[7.6244,48.518],[7.6246,48.518]],[[7.6291,48.5178],[7.6287,48.5178],[7.6281,48.5192],[7.6291,48.5178]],[[7.6373,48.5157],[7.6369,48.516],[7.6372,48.516],[7.6373,48.5157]],[[7.6363,48.5175],[7.6367,48.5162],[7.6361,48.5175],[7.6363,48.5175]],[[7.6322,48.518],[7.6328,48.5163],[7.6318,48.518],[7.6322,48.518]],[[7.6318,48.5187],[7.6323,48.5181],[7.6315,48.5186],[7.6318,48.5187]],[[7.6303,48.5198],[7.6307,48.5194],[7.6302,48.5198],[7.6303,48.5198]],[[7.6314,48.5201],[7.6319,48.5195],[7.6317,48.5195],[7.6314,48.5201]],[[7.6327,48.5205],[7.6331,48.52],[7.6326,48.5205],[7.6327,48.5205]],[[7.6345,48.5204],[7.6339,48.5209],[7.6341,48.5209],[7.6345,48.5204]],[[7.6344,48.5203],[7.6348,48.5197],[7.634,48.5202],[7.6344,48.5203]],[[7.6351,48.5198],[7.6346,48.5204],[7.6347,48.5204],[7.6351,48.5198]],[[7.6396,48.5207],[7.6397,48.5206],[7.64,48.5194],[7.6396,48.5207]],[[7.6356,48.5214],[7.6358,48.5215],[7.6363,48.5209],[7.6356,48.5214]],[[7.6371,48.521],[7.6375,48.5204],[7.6365,48.5209],[7.6371,48.521]],[[7.6373,48.521],[7.6376,48.5211],[7.638,48.5205],[7.6373,48.521]],[[7.6378,48.5211],[7.6387,48.5213],[7.6388,48.5206],[7.6378,48.5211]],[[7.6345,48.5158],[7.6335,48.5183],[7.6352,48.5159],[7.6345,48.5158]]]}},{"type":"Feature","properties":{"landuse":"farmland"},"geometry":{"type":"Polygon","coordinates":[[[7.5714,48.4112],[7.5676,48.4119],[7.5669,48.4059],[7.5634,48.4057],[7.5806,48.397],[7.5843,48.3993],[7.5827,48.3969],[7.5859,48.4007],[7.5714,48.4112]],[[7.5813,48.4029],[7.5814,48.403],[7.5829,48.4024],[7.5813,48.4029]],[[7.5742,48.4032],[7.576,48.4031],[7.5756,48.4026],[7.5742,48.4032]],[[7.5735,48.4027],[7.5751,48.4021],[7.5733,48.4025],[7.5735,48.4027]]]}},{"type":"Feature","properties":{"landuse":"farmland"},"geometry":{"type":"Polygon","coordinates":[[[7.5779,48.3518],[7.5752,48.3503],[7.5904,48.349],[7.5978,48.3567],[7.5938,48.358],[7.6033,48.361],[7.602,48.3645],[7.5966,48.3655],[7.5853,48.3531],[7.5779,48.3518]],[[7.5882,48.3504],[7.5905,48.35],[7.588,48.3501],[7.5882,48.3504]],[[7.5862,48.3528],[7.5865,48.3535],[7.5865,48.3528],[7.5862,48.3528]],[[7.587,48.3526],[7.5879,48.3541],[7.5892,48.3537],[7.587,48.3526]]]}},{"type":"Feature","properties":{"landuse":"farmland"},"geometry":{"type":"Polygon","coordinates":[[[7.6768,48.3052],[7.6814,48.3031],[7.6864,48.3062],[7.6832,48.3071],[7.6867,48.3064],[7.7004,48.3145],[7.6768,48.3052]],[[7.6826,48.3058],[7.6831,48.3056],[7.6825,48.3053],[7.6826,48.3058]]]}},{"type":"Feature","properties":{"landuse":"orchard"},"geometry":{"type":"Polygon","coordinates":[[[7.4941,48.5452],[7.4974,48.5449],[7.4975,48.5464],[7.4941,48.5452]]]}},{"type":"Feature","properties":{"landuse":"farmland"},"geometry":{"type":"Polygon","coordinates":[[[7.8323,48.482],[7.835,48.4786],[7.8368,48.4815],[7.8345,48.4904],[7.8293,48.4828],[7.8323,48.4821],[7.8326,48.4849],[7.8323,48.482]],[[7.8329,48.4836],[7.8354,48.4829],[7.8337,48.4831],[7.8329,48.4836]],[[7.8337,48.4831],[7.8328,48.4834],[7.8356,48.483],[7.8329,48.4836],[7.8337,48.4831]]]}},{"type":"Feature","properties":{"landuse":"farmland"},"geometry":{"type":"Polygon","coordinates":[[[7.815,48.5071],[7.8134,48.5051],[7.8163,48.5047],[7.815,48.5071]],[[7.8154,48.505],[7.8154,48.5049],[7.8152,48.505],[7.8154,48.505]]]}},{"type":"Feature","properties":{"landuse":"farmland"},"geometry":{"type":"Polygon","coordinates":[[[7.2635,47.651],[7.2639,47.6547],[7.2603,47.6562],[7.2634,47.6568],[7.2649,47.6618],[7.2539,47.6591],[7.2586,47.6542],[7.2595,47.6422],[7.2635,47.651]],[[7.2633,47.6515],[7.263,47.6509],[7.261,47.651],[7.2633,47.6515]]]}},{"type":"Feature","properties":{"landuse":"farmland"},"geometry":{"type":"Polygon","coordinates":[[[7.2259,47.6507],[7.2209,47.6522],[7.2215,47.6499],[7.2152,47.6466],[7.221,47.6454],[7.2159,47.6426],[7.2187,47.6301],[7.2361,47.6305],[7.2308,47.6373],[7.2245,47.638],[7.2295,47.6416],[7.2259,47.6507]],[[7.2277,47.6441],[7.2259,47.6437],[7.2255,47.6445],[7.2277,47.6441]]]}},{"type":"Feature","properties":{"landuse":"farmland"},"geometry":{"type":"Polygon","coordinates":[[[7.2319,47.728],[7.2356,47.7263],[7.2279,47.722],[7.2249,47.712],[7.2295,47.712],[7.2262,47.708],[7.2289,47.7049],[7.223,47.7005],[7.2179,47.6863],[7.227,47.6829],[7.2247,47.6786],[7.2327,47.673],[7.2348,47.6768],[7.2337,47.6732],[7.2483,47.672],[7.2439,47.673],[7.2466,47.6785],[7.2449,47.6766],[7.2497,47.6734],[7.2552,47.677],[7.2428,47.6804],[7.2432,47.6841],[7.2464,47.6815],[7.2542,47.6866],[7.2525,47.6853],[7.257,47.682],[7.265,47.6847],[7.2629,47.6889],[7.2671,47.6906],[7.2577,47.691],[7.2672,47.6949],[7.2603,47.6983],[7.2721,47.6925],[7.2772,47.6968],[7.275,47.6993],[7.2683,47.6977],[7.2652,47.7024],[7.2687,47.7031],[7.2649,47.7031],[7.2823,47.7088],[7.2844,47.716],[7.2798,47.7159],[7.2893,47.7216],[7.2809,47.7331],[7.2866,47.7342],[7.2845,47.7364],[7.2733,47.7305],[7.2643,47.733],[7.263,47.7307],[7.2543,47.7352],[7.2335,47.7312],[7.2319,47.728]],[[7.2331,47.7297],[7.2343,47.7299],[7.2343,47.7297],[7.2331,47.7297]],[[7.2331,47.7301],[7.2343,47.7303],[7.2331,47.73],[7.2331,47.7301]],[[7.2733,47.6949],[7.2743,47.6954],[7.2735,47.6948],[7.2733,47.6949]],[[7.2731,47.6975],[7.2744,47.6964],[7.2739,47.696],[7.2731,47.6975]],[[7.2728,47.6969],[7.2733,47.6964],[7.2719,47.6957],[7.2728,47.6969]],[[7.2383,47.6836],[7.241,47.6834],[7.2403,47.6823],[7.2383,47.6836]],[[7.2398,47.683],[7.2403,47.6827],[7.2393,47.6823],[7.2398,47.683]],[[7.2273,47.6803],[7.2278,47.6798],[7.227,47.6793],[7.2273,47.6803]],[[7.2297,47.681],[7.2304,47.6815],[7.2318,47.6802],[7.2297,47.681]],[[7.2316,47.6824],[7.2349,47.6829],[7.2328,47.6817],[7.2316,47.6824]],[[7.2397,47.6862],[7.2402,47.6863],[7.2404,47.686],[7.2397,47.6862]],[[7.2351,47.6854],[7.2412,47.6883],[7.241,47.6864],[7.2351,47.6854]],[[7.2382,47.6886],[7.2385,47.6901],[7.24,47.689],[7.2382,47.6886]],[[7.2349,47.6922],[7.2366,47.6915],[7.2358,47.6909],[7.2349,47.6922]],[[7.2362,47.6916],[7.2384,47.6913],[7.238,47.6909],[7.2362,47.6916]],[[7.2393,47.691],[7.2387,47.6916],[7.2392,47.692],[7.2393,47.691]],[[7.2274,47.6942],[7.2251,47.6943],[7.2266,47.6964],[7.2274,47.6942]],[[7.228,47.6931],[7.2287,47.6927],[7.2276,47.6926],[7.228,47.6931]],[[7.2309,47.7024],[7.2329,47.7024],[7.2316,47.7019],[7.2309,47.7024]],[[7.2309,47.7047],[7.2305,47.7054],[7.2314,47.7056],[7.2309,47.7047]],[[7.2334,47.7139],[7.2327,47.7137],[7.2328,47.7138],[7.2334,47.7139]],[[7.2312,47.7132],[7.2343,47.7139],[7.2316,47.7126],[7.2312,47.7132]],[[7.2312,47.7132],[7.2298,47.7118],[7.2293,47.713],[7.2312,47.7132]],[[7.2379,47.7295],[7.2398,47.7302],[7.239,47.7287],[7.2379,47.7295]],[[7.2375,47.726],[7.2383,47.7274],[7.2387,47.726],[7.2375,47.726]],[[7.2336,47.7241],[7.2349,47.7241],[7.2339,47.7237],[7.2336,47.7241]],[[7.2426,47.6941],[7.2423,47.6967],[7.2442,47.6959],[7.2426,47.6941]],[[7.2348,47.699],[7.2316,47.7033],[7.2453,47.7191],[7.2564,47.7209],[7.2605,47.7158],[7.2656,47.7166],[7.2589,47.7133],[7.2602,47.7104],[7.2559,47.7084],[7.258,47.7082],[7.2519,47.7066],[7.2544,47.7054],[7.2476,47.7031],[7.2515,47.7031],[7.2434,47.6986],[7.2446,47.7011],[7.2408,47.7023],[7.2395,47.6964],[7.2348,47.699]],[[7.2614,47.7103],[7.2602,47.7118],[7.2621,47.7102],[7.2614,47.7103]],[[7.2664,47.7062],[7.2651,47.7071],[7.2677,47.7066],[7.2664,47.7062]],[[7.2668,47.7098],[7.2673,47.7094],[7.2657,47.7092],[7.2668,47.7098]],[[7.2677,47.7092],[7.2687,47.7085],[7.267,47.7085],[7.2677,47.7092]],[[7.2699,47.7083],[7.2708,47.708],[7.2707,47.7078],[7.2699,47.7083]],[[7.2718,47.7094],[7.2721,47.7093],[7.2711,47.7083],[7.2718,47.7094]],[[7.276,47.7092],[7.2766,47.71],[7.277,47.7098],[7.276,47.7092]],[[7.2802,47.7097],[7.2803,47.7098],[7.2815,47.7094],[7.2802,47.7097]],[[7.282,47.7103],[7.2804,47.7109],[7.2814,47.7108],[7.282,47.7103]],[[7.2805,47.7117],[7.2808,47.7123],[7.281,47.7121],[7.2805,47.7117]],[[7.2816,47.7112],[7.2805,47.7117],[7.2809,47.7121],[7.2816,47.7112]],[[7.2828,47.7119],[7.2824,47.7122],[7.2826,47.7123],[7.2828,47.7119]],[[7.2638,47.7247],[7.2754,47.7253],[7.2871,47.7199],[7.2746,47.7233],[7.2637,47.7201],[7.2708,47.7239],[7.2638,47.7247]],[[7.2848,47.7214],[7.2857,47.7226],[7.2871,47.722],[7.2848,47.7214]],[[7.2821,47.7334],[7.2819,47.7343],[7.2824,47.7334],[7.2821,47.7334]],[[7.2724,47.7312],[7.2727,47.7313],[7.2732,47.7295],[7.2724,47.7312]],[[7.2727,47.7296],[7.2726,47.7286],[7.2725,47.7297],[7.2727,47.7296]],[[7.2671,47.7318],[7.2681,47.7307],[7.2683,47.7299],[7.2671,47.7318]],[[7.2641,47.7314],[7.2645,47.7316],[7.266,47.73],[7.2641,47.7314]],[[7.2609,47.7294],[7.2653,47.729],[7.2627,47.7276],[7.2609,47.7294]],[[7.2585,47.7315],[7.2608,47.7303],[7.2605,47.7301],[7.2585,47.7315]],[[7.2571,47.7317],[7.2564,47.732],[7.2574,47.7322],[7.2571,47.7317]],[[7.2584,47.7333],[7.2592,47.733],[7.2588,47.7328],[7.2584,47.7333]],[[7.2573,47.734],[7.2581,47.7338],[7.258,47.7336],[7.2573,47.734]],[[7.2549,47.7347],[7.2552,47.7346],[7.2543,47.7339],[7.2549,47.7347]]]}},{"type":"Feature","properties":{"landuse":"farmland"},"geometry":{"type":"Polygon","coordinates":[[[7.5529,48.0026],[7.5554,48.0072],[7.5354,48.0086],[7.5359,47.9892],[7.5558,47.9923],[7.5572,48.001],[7.5529,48.0026]],[[7.5497,47.9949],[7.5502,47.9928],[7.5498,47.9928],[7.5497,47.9949]],[[7.5508,48.0026],[7.5511,48.0027],[7.551,48.0024],[7.5508,48.0026]],[[7.5497,47.9963],[7.5496,47.9984],[7.5499,47.9997],[7.5497,47.9963]],[[7.5504,47.996],[7.5497,47.9959],[7.5497,47.996],[7.5504,47.996]],[[7.5497,47.9958],[7.5511,47.996],[7.5512,47.9957],[7.5497,47.9958]],[[7.5499,47.9963],[7.5524,47.9962],[7.5499,47.9961],[7.5499,47.9963]],[[7.5513,47.9956],[7.5521,47.996],[7.5523,47.9956],[7.5513,47.9956]],[[7.5523,47.996],[7.5531,47.995],[7.5523,47.9955],[7.5523,47.996]],[[7.5532,47.9942],[7.5561,47.9941],[7.5559,47.9934],[7.5532,47.9942]],[[7.5513,47.9943],[7.5532,47.9942],[7.5513,47.9936],[7.5513,47.9943]],[[7.5366,47.9987],[7.5396,47.9986],[7.5396,47.9983],[7.5366,47.9987]]]}},{"type":"Feature","properties":{"landuse":"farmland"},"geometry":{"type":"Polygon","coordinates":[[[7.5866,48.0009],[7.59,48.0029],[7.5737,48.0097],[7.5913,47.9892],[7.5917,47.9953],[7.5847,47.9996],[7.5866,48.0009]],[[7.5836,48.0026],[7.5843,48.0026],[7.5838,48.0023],[7.5836,48.0026]],[[7.5889,47.9959],[7.5907,47.9959],[7.5896,47.995],[7.5889,47.9959]]]}},{"type":"Feature","properties":{"landuse":"farmland"},"geometry":{"type":"Polygon","coordinates":[[[7.071,47.7765],[7.0687,47.7762],[7.0806,47.7697],[7.0844,47.7723],[7.0776,47.774],[7.0725,47.781],[7.0681,47.7788],[7.071,47.7765]],[[7.0744,47.7756],[7.0748,47.7757],[7.0748,47.7756],[7.0744,47.7756]],[[7.0699,47.7784],[7.0719,47.777],[7.0714,47.7769],[7.0699,47.7784]],[[7.0759,47.7782],[7.0735,47.7765],[7.0732,47.7768],[7.0759,47.7782]]]}},{"type":"Feature","properties":{"landuse":"farmland"},"geometry":{"type":"Polygon","coordinates":[[[7.4401,47.6647],[7.447,47.6608],[7.4451,47.6642],[7.4434,47.6628],[7.4449,47.6645],[7.4401,47.6647]]]}},{"type":"Feature","properties":{"landuse":"farmland"},"geometry":{"type":"Polygon","coordinates":[[[7.6922,48.6396],[7.6963,48.6405],[7.6956,48.6437],[7.679,48.6408],[7.6803,48.6382],[7.6922,48.6396]]]}},{"type":"Feature","properties":{"landuse":"farmland"},"geometry":{"type":"Polygon","coordinates":[[[7.6961,48.6384],[7.6949,48.6403],[7.6903,48.639],[7.6915,48.6371],[7.6961,48.6384]]]}},{"type":"Feature","properties":{"landuse":"farmland"},"geometry":{"type":"Polygon","coordinates":[[[7.7904,48.462],[7.7903,48.4592],[7.785,48.4599],[7.8004,48.4552],[7.8031,48.4485],[7.8041,48.4549],[7.8009,48.4583],[7.8033,48.4613],[7.7961,48.4612],[7.7913,48.4669],[7.7922,48.4639],[7.7871,48.4655],[7.7848,48.4619],[7.7904,48.462]],[[7.7919,48.4631],[7.7932,48.4632],[7.7919,48.4626],[7.7919,48.4631]],[[7.7919,48.4625],[7.7935,48.4626],[7.7921,48.4623],[7.7919,48.4625]],[[7.795,48.4634],[7.7959,48.4622],[7.7953,48.4621],[7.795,48.4634]],[[7.7947,48.4611],[7.7936,48.4603],[7.7929,48.4615],[7.7947,48.4611]],[[7.796,48.4607],[7.7969,48.4601],[7.7955,48.4605],[7.796,48.4607]],[[7.7983,48.4612],[7.7962,48.4606],[7.797,48.4611],[7.7983,48.4612]],[[7.7982,48.4607],[7.7968,48.4602],[7.7975,48.4607],[7.7982,48.4607]]]}},{"type":"Feature","properties":{"landuse":"farmland"},"geometry":{"type":"Polygon","coordinates":[[[7.7887,48.4677],[7.7949,48.4691],[7.7923,48.4739],[7.7859,48.474],[7.7868,48.4713],[7.7828,48.4678],[7.7887,48.4677]],[[7.7872,48.4733],[7.7894,48.4729],[7.788,48.4701],[7.7872,48.4733]]]}},{"type":"Feature","properties":{"landuse":"farmland"},"geometry":{"type":"MultiPolygon","coordinates":[[[[7.3761,48.0728],[7.3772,48.0725],[7.3768,48.073],[7.3761,48.0728]]],[[[7.3793,48.0729],[7.3821,48.0735],[7.3784,48.0766],[7.3758,48.0697],[7.3811,48.0685],[7.3793,48.0729]]]]}},{"type":"Feature","properties":{"landuse":"farmland"},"geometry":{"type":"Polygon","coordinates":[[[7.5597,48.5832],[7.5349,48.5814],[7.5274,48.5734],[7.5339,48.5779],[7.5441,48.5735],[7.5462,48.5765],[7.547,48.5735],[7.5553,48.5728],[7.5542,48.5683],[7.557,48.5698],[7.5571,48.5667],[7.5665,48.5674],[7.5745,48.5616],[7.5765,48.5709],[7.574,48.5713],[7.5826,48.5808],[7.5627,48.5864],[7.5595,48.5865],[7.5597,48.5832]],[[7.564,48.5854],[7.5642,48.5847],[7.5639,48.5846],[7.564,48.5854]],[[7.5702,48.5827],[7.5701,48.5821],[7.5667,48.5824],[7.5702,48.5827]],[[7.5291,48.5752],[7.5306,48.5765],[7.5325,48.5759],[7.5291,48.5752]],[[7.5287,48.5744],[7.5286,48.5733],[7.5283,48.5737],[7.5287,48.5744]]]}},{"type":"Feature","properties":{"landuse":"farmland"},"geometry":{"type":"Polygon","coordinates":[[[7.5272,48.573],[7.5344,48.5811],[7.508,48.5846],[7.5075,48.5786],[7.5272,48.573]],[[7.5273,48.5741],[7.5257,48.5741],[7.5256,48.5743],[7.5273,48.5741]],[[7.5095,48.5822],[7.5125,48.5825],[7.5125,48.5822],[7.5095,48.5822]],[[7.5186,48.5817],[7.5177,48.5811],[7.5182,48.582],[7.5186,48.5817]],[[7.5176,48.5788],[7.5166,48.5791],[7.5183,48.5798],[7.5176,48.5788]],[[7.5197,48.5813],[7.5198,48.5808],[7.519,48.5807],[7.5197,48.5813]]]}},{"type":"Feature","properties":{"landuse":"green_public_spaces"},"geometry":{"type":"Polygon","coordinates":[[[7.767,48.5835],[7.7693,48.583],[7.7693,48.5844],[7.767,48.5835]]]}},{"type":"Feature","properties":{"landuse":"green_public_spaces"},"geometry":{"type":"Polygon","coordinates":[[[7.7717,48.576],[7.7745,48.5743],[7.7782,48.5771],[7.7717,48.576]]]}},{"type":"Feature","properties":{"landuse":"green_public_spaces"},"geometry":{"type":"Polygon","coordinates":[[[7.7505,48.6011],[7.75,48.6024],[7.749,48.6016],[7.7505,48.6011]]]}},{"type":"Feature","properties":{"landuse":"green_public_spaces"},"geometry":{"type":"Polygon","coordinates":[[[7.7537,48.5593],[7.7555,48.557],[7.756,48.559],[7.7537,48.5593]]]}},{"type":"Feature","properties":{"landuse":"green_public_spaces"},"geometry":{"type":"Polygon","coordinates":[[[7.7581,48.551],[7.7583,48.5479],[7.7604,48.5478],[7.7581,48.551]]]}},{"type":"Feature","properties":{"landuse":"farmland"},"geometry":{"type":"Polygon","coordinates":[[[8.1431,48.9762],[8.1535,48.9755],[8.1543,48.9783],[8.152,48.9783],[8.159,48.9809],[8.1451,48.9853],[8.1416,48.984],[8.1458,48.9814],[8.1443,48.9798],[8.1382,48.9806],[8.1431,48.9762]]]}},{"type":"Feature","properties":{"landuse":"green_public_spaces"},"geometry":{"type":"Polygon","coordinates":[[[7.7242,48.5746],[7.7261,48.5749],[7.724,48.5754],[7.7242,48.5746]]]}},{"type":"Feature","properties":{"landuse":"green_public_spaces"},"geometry":{"type":"Polygon","coordinates":[[[7.3512,48.075],[7.3545,48.0751],[7.3548,48.0771],[7.3512,48.075]]]}},{"type":"Feature","properties":{"landuse":"green_public_spaces"},"geometry":{"type":"Polygon","coordinates":[[[7.7277,48.5723],[7.7247,48.5724],[7.7296,48.5725],[7.7277,48.5723]]]}},{"type":"Feature","properties":{"landuse":"green_public_spaces"},"geometry":{"type":"Polygon","coordinates":[[[7.7944,48.6096],[7.7987,48.6073],[7.8065,48.6098],[7.8008,48.6124],[7.7944,48.6096]]]}},{"type":"Feature","properties":{"landuse":"green_public_spaces"},"geometry":{"type":"Polygon","coordinates":[[[7.1788,48.2436],[7.1773,48.2431],[7.1793,48.2428],[7.1788,48.2436]]]}},{"type":"Feature","properties":{"landuse":"green_public_spaces"},"geometry":{"type":"Polygon","coordinates":[[[7.7983,48.6309],[7.7983,48.6288],[7.7995,48.6288],[7.7983,48.6309]]]}},{"type":"Feature","properties":{"landuse":"farmland"},"geometry":{"type":"Polygon","coordinates":[[[7.5212,47.515],[7.5231,47.5155],[7.5208,47.5157],[7.5212,47.515]]]}},{"type":"Feature","properties":{"landuse":"green_public_spaces"},"geometry":{"type":"Polygon","coordinates":[[[7.811,48.5673],[7.8121,48.5665],[7.8126,48.5674],[7.811,48.5673]]]}},{"type":"Feature","properties":{"landuse":"green_public_spaces"},"geometry":{"type":"Polygon","coordinates":[[[7.3392,47.7551],[7.3395,47.7543],[7.3408,47.7546],[7.3392,47.7551]]]}},{"type":"Feature","properties":{"landuse":"green_public_spaces"},"geometry":{"type":"Polygon","coordinates":[[[7.3036,47.7462],[7.3063,47.7466],[7.3056,47.7473],[7.3036,47.7462]]]}},{"type":"Feature","properties":{"landuse":"green_public_spaces"},"geometry":{"type":"Polygon","coordinates":[[[7.3631,48.7429],[7.3643,48.7419],[7.3658,48.7426],[7.3631,48.7429]]]}},{"type":"Feature","properties":{"landuse":"farmland"},"geometry":{"type":"Polygon","coordinates":[[[7.5393,47.5053],[7.5494,47.5059],[7.5527,47.5108],[7.5415,47.5095],[7.5476,47.5079],[7.5393,47.5053]]]}},{"type":"Feature","properties":{"landuse":"farmland"},"geometry":{"type":"Polygon","coordinates":[[[7.5378,47.5051],[7.5372,47.5079],[7.5316,47.5071],[7.5327,47.5045],[7.5378,47.5051]]]}},{"type":"Feature","properties":{"landuse":"farmland"},"geometry":{"type":"Polygon","coordinates":[[[7.5277,47.5041],[7.5266,47.5052],[7.5262,47.5042],[7.5277,47.5041]]]}},{"type":"Feature","properties":{"landuse":"green_public_spaces"},"geometry":{"type":"Polygon","coordinates":[[[7.3375,47.8257],[7.3387,47.8248],[7.3387,47.8257],[7.3375,47.8257]]]}},{"type":"Feature","properties":{"landuse":"green_public_spaces"},"geometry":{"type":"Polygon","coordinates":[[[7.7675,48.5825],[7.7693,48.5814],[7.7693,48.5828],[7.7675,48.5825]]]}},{"type":"Feature","properties":{"landuse":"farmland"},"geometry":{"type":"Polygon","coordinates":[[[7.1478,48.9646],[7.1418,48.9622],[7.1598,48.9563],[7.1882,48.9562],[7.2013,48.9594],[7.203,48.9644],[7.2078,48.9654],[7.2108,48.9704],[7.206,48.971],[7.2059,48.9757],[7.2191,48.9771],[7.2146,48.9877],[7.2038,48.9765],[7.201,48.9772],[7.202,48.9809],[7.197,48.9813],[7.1986,48.9769],[7.1891,48.9706],[7.1899,48.9645],[7.1858,48.9667],[7.1717,48.9624],[7.179,48.9705],[7.1762,48.9752],[7.1719,48.9732],[7.1672,48.9612],[7.1652,48.9626],[7.1688,48.9689],[7.158,48.9681],[7.1594,48.9716],[7.1557,48.9719],[7.1565,48.9675],[7.1478,48.9646]]]}},{"type":"Feature","properties":{"landuse":"farmland"},"geometry":{"type":"Polygon","coordinates":[[[7.2261,47.6509],[7.236,47.6481],[7.2372,47.6432],[7.2417,47.6443],[7.2397,47.6414],[7.2482,47.6407],[7.2482,47.6432],[7.2504,47.6374],[7.2624,47.635],[7.2619,47.6413],[7.2579,47.6406],[7.2584,47.6374],[7.2484,47.6448],[7.2571,47.6443],[7.2578,47.6469],[7.2482,47.6523],[7.2516,47.658],[7.2494,47.6604],[7.2531,47.6628],[7.2484,47.6623],[7.244,47.6539],[7.2383,47.6526],[7.2359,47.6563],[7.2327,47.6529],[7.2238,47.6524],[7.2261,47.6509]]]}},{"type":"Feature","properties":{"landuse":"farmland"},"geometry":{"type":"Polygon","coordinates":[[[7.2785,47.6255],[7.2835,47.6267],[7.2762,47.6319],[7.2785,47.6255]]]}},{"type":"Feature","properties":{"landuse":"farmland"},"geometry":{"type":"Polygon","coordinates":[[[7.2608,48.9299],[7.2512,48.9288],[7.257,48.9243],[7.2675,48.9252],[7.2608,48.9299]]]}},{"type":"Feature","properties":{"landuse":"farmland"},"geometry":{"type":"Polygon","coordinates":[[[7.2667,48.9225],[7.2587,48.9113],[7.2635,48.9112],[7.273,48.9228],[7.2667,48.9225]]]}},{"type":"Feature","properties":{"landuse":"farmland"},"geometry":{"type":"Polygon","coordinates":[[[7.2034,48.9024],[7.1996,48.9],[7.2021,48.8938],[7.1991,48.8925],[7.2055,48.8889],[7.2013,48.888],[7.2033,48.8861],[7.2144,48.8826],[7.2185,48.8844],[7.216,48.8866],[7.222,48.8857],[7.218,48.8949],[7.21,48.8897],[7.2147,48.8957],[7.2043,48.897],[7.2149,48.9043],[7.2034,48.9024]]]}},{"type":"Feature","properties":{"landuse":"orchard"},"geometry":{"type":"Polygon","coordinates":[[[7.5455,48.8242],[7.5507,48.8252],[7.5478,48.8325],[7.5445,48.8303],[7.5455,48.8242]]]}},{"type":"Feature","properties":{"landuse":"orchard"},"geometry":{"type":"Polygon","coordinates":[[[7.4091,48.8064],[7.4039,48.806],[7.4029,48.8018],[7.4138,48.8044],[7.4091,48.8064]]]}},{"type":"Feature","properties":{"landuse":"farmland"},"geometry":{"type":"Polygon","coordinates":[[[7.8294,48.7861],[7.8318,48.7828],[7.8264,48.7824],[7.8309,48.7779],[7.8385,48.779],[7.8422,48.7837],[7.8294,48.7861]]]}},{"type":"Feature","properties":{"landuse":"orchard"},"geometry":{"type":"Polygon","coordinates":[[[7.7034,48.7415],[7.7067,48.7448],[7.6965,48.7473],[7.6995,48.7413],[7.7034,48.7415]]]}},{"type":"Feature","properties":{"landuse":"farmland"},"geometry":{"type":"Polygon","coordinates":[[[7.501,48.6434],[7.5058,48.6438],[7.4999,48.6474],[7.4926,48.644],[7.4965,48.6503],[7.4865,48.6493],[7.4892,48.6468],[7.4883,48.6402],[7.501,48.6434]]]}},{"type":"Feature","properties":{"landuse":"farmland"},"geometry":{"type":"Polygon","coordinates":[[[7.2622,47.8463],[7.2636,47.8482],[7.2602,47.8492],[7.2572,47.8425],[7.2622,47.8463]]]}},{"type":"Feature","properties":{"landuse":"farmland"},"geometry":{"type":"Polygon","coordinates":[[[7.2501,47.834],[7.2597,47.8405],[7.2494,47.8412],[7.2467,47.8334],[7.2421,47.8313],[7.2501,47.834]]]}},{"type":"Feature","properties":{"landuse":"farmland"},"geometry":{"type":"Polygon","coordinates":[[[7.2568,47.8065],[7.2568,47.802],[7.2617,47.802],[7.2633,47.8074],[7.2568,47.8065]]]}},{"type":"Feature","properties":{"landuse":"farmland"},"geometry":{"type":"Polygon","coordinates":[[[7.2695,47.6364],[7.2699,47.6267],[7.2727,47.6359],[7.2695,47.6364]]]}},{"type":"Feature","properties":{"landuse":"farmland"},"geometry":{"type":"Polygon","coordinates":[[[7.0302,47.7027],[7.0286,47.7014],[7.0476,47.6998],[7.0412,47.7012],[7.0417,47.7047],[7.0457,47.7055],[7.0433,47.7069],[7.0302,47.7027]]]}},{"type":"Feature","properties":{"landuse":"farmland"},"geometry":{"type":"Polygon","coordinates":[[[7.2712,47.6511],[7.2669,47.6547],[7.2648,47.6526],[7.2669,47.6539],[7.2648,47.6452],[7.2677,47.6421],[7.2752,47.6505],[7.2712,47.6511]]]}},{"type":"Feature","properties":{"landuse":"orchard"},"geometry":{"type":"Polygon","coordinates":[[[7.2727,47.6284],[7.2704,47.6285],[7.2728,47.6249],[7.2771,47.6255],[7.2727,47.6284]]]}},{"type":"Feature","properties":{"landuse":"farmland"},"geometry":{"type":"Polygon","coordinates":[[[7.185,48.9834],[7.1827,48.9917],[7.1909,48.9926],[7.1878,48.9951],[7.1905,48.9984],[7.2008,48.9958],[7.2006,49.0011],[7.1921,49.0037],[7.1861,48.9986],[7.1793,48.9998],[7.1785,48.9895],[7.1736,48.987],[7.1705,48.9891],[7.1671,48.9843],[7.1647,48.988],[7.1602,48.9846],[7.1571,48.9909],[7.1658,48.9894],[7.1633,48.992],[7.1743,48.991],[7.1774,48.994],[7.1713,49.0032],[7.176,49.005],[7.1695,49.0058],[7.1681,49.0103],[7.1579,49.005],[7.1588,49.0027],[7.162,49.0034],[7.1658,48.9977],[7.1734,48.9969],[7.1673,48.9942],[7.1527,48.9996],[7.1417,48.9963],[7.1462,48.9907],[7.1523,48.9903],[7.1435,48.9882],[7.1449,48.9813],[7.1569,48.9792],[7.1548,48.981],[7.1737,48.9802],[7.185,48.9834]]]}},{"type":"Feature","properties":{"landuse":"orchard"},"geometry":{"type":"Polygon","coordinates":[[[7.5073,48.8059],[7.5106,48.8069],[7.498,48.809],[7.4978,48.8059],[7.5073,48.8059]]]}},{"type":"Feature","properties":{"landuse":"farmland"},"geometry":{"type":"Polygon","coordinates":[[[7.2238,48.9601],[7.224,48.9551],[7.2281,48.9548],[7.2338,48.9609],[7.2238,48.9601]]]}},{"type":"Feature","properties":{"landuse":"orchard"},"geometry":{"type":"Polygon","coordinates":[[[7.6964,48.907],[7.6811,48.9065],[7.6889,48.906],[7.6902,48.9029],[7.6964,48.907]]]}},{"type":"Feature","properties":{"landuse":"orchard"},"geometry":{"type":"Polygon","coordinates":[[[7.2578,48.9242],[7.2522,48.9255],[7.2439,48.9198],[7.2578,48.9242]]]}},{"type":"Feature","properties":{"landuse":"orchard"},"geometry":{"type":"Polygon","coordinates":[[[7.65,48.8943],[7.6476,48.8914],[7.6514,48.8908],[7.6487,48.8904],[7.6522,48.8889],[7.65,48.8867],[7.6607,48.885],[7.65,48.8943]]]}},{"type":"Feature","properties":{"landuse":"orchard"},"geometry":{"type":"Polygon","coordinates":[[[7.624,48.8633],[7.6222,48.8593],[7.6279,48.8584],[7.624,48.8633]]]}},{"type":"Feature","properties":{"landuse":"orchard"},"geometry":{"type":"Polygon","coordinates":[[[7.5303,48.819],[7.5311,48.8211],[7.5212,48.8184],[7.5188,48.8211],[7.5195,48.8178],[7.5303,48.819]]]}},{"type":"Feature","properties":{"landuse":"orchard"},"geometry":{"type":"Polygon","coordinates":[[[7.4875,48.8238],[7.4806,48.8197],[7.4845,48.8168],[7.4933,48.8201],[7.4875,48.8238]]]}},{"type":"Feature","properties":{"landuse":"farmland"},"geometry":{"type":"Polygon","coordinates":[[[7.8264,48.8049],[7.8423,48.7924],[7.8234,48.8119],[7.827,48.809],[7.8284,48.8137],[7.8207,48.815],[7.8169,48.8114],[7.8253,48.8082],[7.8226,48.8075],[7.8264,48.8049]]]}},{"type":"Feature","properties":{"landuse":"orchard"},"geometry":{"type":"Polygon","coordinates":[[[7.4013,48.7702],[7.3974,48.7681],[7.4026,48.7682],[7.4013,48.7702]]]}},{"type":"Feature","properties":{"landuse":"orchard"},"geometry":{"type":"Polygon","coordinates":[[[7.4504,48.5732],[7.4527,48.5754],[7.4467,48.575],[7.4504,48.5732]]]}},{"type":"Feature","properties":{"landuse":"farmland"},"geometry":{"type":"Polygon","coordinates":[[[7.5007,48.5509],[7.5017,48.5571],[7.497,48.5584],[7.4934,48.5503],[7.4965,48.5481],[7.5007,48.5509]]]}},{"type":"Feature","properties":{"landuse":"farmland"},"geometry":{"type":"Polygon","coordinates":[[[7.5527,48.435],[7.5615,48.437],[7.5621,48.4396],[7.5529,48.4375],[7.5527,48.435]]]}},{"type":"Feature","properties":{"landuse":"farmland"},"geometry":{"type":"Polygon","coordinates":[[[7.6192,48.3563],[7.6173,48.3481],[7.6273,48.35],[7.6259,48.3541],[7.6231,48.3519],[7.6238,48.355],[7.6192,48.3563]]]}},{"type":"Feature","properties":{"landuse":"orchard"},"geometry":{"type":"Polygon","coordinates":[[[7.2913,47.6891],[7.2869,47.687],[7.2891,47.6851],[7.292,47.6862],[7.2887,47.6886],[7.2939,47.6871],[7.2948,47.6896],[7.2986,47.6866],[7.294,47.6914],[7.2913,47.6891]]]}},{"type":"Feature","properties":{"landuse":"orchard"},"geometry":{"type":"Polygon","coordinates":[[[7.2397,47.632],[7.2374,47.6329],[7.242,47.6286],[7.2532,47.6273],[7.2397,47.632]]]}},{"type":"Feature","properties":{"landuse":"farmland"},"geometry":{"type":"Polygon","coordinates":[[[7.0246,47.6875],[7.0224,47.6907],[7.0252,47.6933],[7.0206,47.6946],[7.0107,47.6863],[7.0129,47.6862],[7.0114,47.682],[7.0172,47.6821],[7.0246,47.6875]]]}},{"type":"Feature","properties":{"landuse":"farmland"},"geometry":{"type":"Polygon","coordinates":[[[7.1358,48.9889],[7.1315,48.9868],[7.1342,48.9818],[7.1408,48.9814],[7.1358,48.9889]]]}},{"type":"Feature","properties":{"landuse":"orchard"},"geometry":{"type":"Polygon","coordinates":[[[7.618,48.9439],[7.6085,48.9404],[7.6072,48.9371],[7.6216,48.9382],[7.618,48.9439]]]}},{"type":"Feature","properties":{"landuse":"orchard"},"geometry":{"type":"Polygon","coordinates":[[[7.6528,48.9371],[7.6418,48.9369],[7.6471,48.9342],[7.6528,48.9371]]]}},{"type":"Feature","properties":{"landuse":"farmland"},"geometry":{"type":"Polygon","coordinates":[[[7.1633,48.9517],[7.1586,48.9497],[7.1711,48.9477],[7.1711,48.9505],[7.1633,48.9517]]]}},{"type":"Feature","properties":{"landuse":"orchard"},"geometry":{"type":"Polygon","coordinates":[[[7.2566,48.9174],[7.2496,48.9134],[7.2466,48.9156],[7.2436,48.9118],[7.2483,48.9084],[7.2566,48.9174]]]}},{"type":"Feature","properties":{"landuse":"farmland"},"geometry":{"type":"Polygon","coordinates":[[[7.8472,48.788],[7.8569,48.7827],[7.8547,48.7809],[7.864,48.7704],[7.8661,48.7731],[7.8624,48.777],[7.8648,48.7796],[7.8579,48.7854],[7.8472,48.788]]]}},{"type":"Feature","properties":{"landuse":"orchard"},"geometry":{"type":"Polygon","coordinates":[[[7.609,48.7486],[7.6004,48.7452],[7.6107,48.7463],[7.609,48.7486]]]}},{"type":"Feature","properties":{"landuse":"vineyard"},"geometry":{"type":"Polygon","coordinates":[[[7.5065,48.6319],[7.492,48.6359],[7.4934,48.633],[7.4788,48.6278],[7.4816,48.6259],[7.4764,48.6236],[7.485,48.6224],[7.5065,48.6319]]]}},{"type":"Feature","properties":{"landuse":"vineyard"},"geometry":{"type":"Polygon","coordinates":[[[7.4619,48.6159],[7.4632,48.6209],[7.4698,48.62],[7.4678,48.6236],[7.4636,48.6236],[7.4526,48.6146],[7.4525,48.618],[7.4419,48.6152],[7.4411,48.6122],[7.4548,48.6087],[7.4543,48.6115],[7.46,48.6113],[7.4569,48.608],[7.4612,48.6071],[7.4758,48.6093],[7.4752,48.6131],[7.461,48.6115],[7.4636,48.6133],[7.4591,48.6162],[7.4619,48.6159]]]}},{"type":"Feature","properties":{"landuse":"farmland"},"geometry":{"type":"Polygon","coordinates":[[[7.2544,47.8079],[7.2492,47.8098],[7.2431,47.807],[7.2436,47.8039],[7.2483,47.8001],[7.2544,47.8079]]]}},{"type":"Feature","properties":{"landuse":"farmland"},"geometry":{"type":"Polygon","coordinates":[[[7.2867,47.6655],[7.2795,47.6706],[7.2814,47.6671],[7.2788,47.6658],[7.2828,47.6667],[7.2798,47.6654],[7.2817,47.6647],[7.2733,47.6615],[7.2801,47.6618],[7.2789,47.6573],[7.2861,47.6613],[7.2946,47.6599],[7.299,47.6641],[7.2953,47.6656],[7.3,47.6679],[7.2946,47.6713],[7.2927,47.6699],[7.295,47.6685],[7.2867,47.6655]]]}},{"type":"Feature","properties":{"landuse":"farmland"},"geometry":{"type":"Polygon","coordinates":[[[7.2993,47.6862],[7.2932,47.6844],[7.295,47.6861],[7.286,47.6868],[7.287,47.6829],[7.2769,47.6777],[7.2832,47.6758],[7.2801,47.6742],[7.2892,47.6749],[7.2939,47.6774],[7.2883,47.6804],[7.3015,47.6807],[7.3037,47.6881],[7.295,47.6841],[7.2993,47.6862]]]}},{"type":"Feature","properties":{"landuse":"orchard"},"geometry":{"type":"Polygon","coordinates":[[[7.4846,48.8336],[7.4819,48.8335],[7.4861,48.8302],[7.4846,48.8336]]]}},{"type":"Feature","properties":{"landuse":"farmland"},"geometry":{"type":"Polygon","coordinates":[[[7.164,48.9453],[7.1531,48.9482],[7.1528,48.9387],[7.1567,48.9382],[7.1562,48.9419],[7.164,48.9453]]]}},{"type":"Feature","properties":{"landuse":"farmland"},"geometry":{"type":"Polygon","coordinates":[[[7.1375,49.0309],[7.1393,49.027],[7.1479,49.0248],[7.1375,49.0309]]]}},{"type":"Feature","properties":{"landuse":"farmland"},"geometry":{"type":"Polygon","coordinates":[[[7.1352,49.0255],[7.1297,49.0259],[7.1323,49.0222],[7.1281,49.0168],[7.1293,49.012],[7.136,49.0102],[7.1322,49.0079],[7.1335,49.0057],[7.1463,49.0113],[7.1352,49.0255]]]}},{"type":"Feature","properties":{"landuse":"farmland"},"geometry":{"type":"Polygon","coordinates":[[[7.1212,49.024],[7.1062,49.0202],[7.1011,49.011],[7.104,49.01],[7.0909,49.0034],[7.0901,48.9999],[7.1155,48.9969],[7.1123,48.9996],[7.1176,48.9999],[7.1147,49.0014],[7.1179,49.006],[7.1121,49.012],[7.1195,49.0127],[7.1153,49.0139],[7.1203,49.0182],[7.1212,49.024]]]}},{"type":"Feature","properties":{"landuse":"farmland"},"geometry":{"type":"Polygon","coordinates":[[[7.2096,48.9545],[7.2194,48.9594],[7.211,48.9633],[7.2058,48.9613],[7.2039,48.9572],[7.2065,48.9556],[7.1964,48.9541],[7.1994,48.9514],[7.1907,48.9485],[7.2004,48.9429],[7.1957,48.9415],[7.1974,48.9398],[7.1918,48.9313],[7.2023,48.9275],[7.2017,48.9343],[7.2055,48.935],[7.2022,48.9366],[7.2031,48.9452],[7.1978,48.9476],[7.2096,48.9545]]]}},{"type":"Feature","properties":{"landuse":"orchard"},"geometry":{"type":"Polygon","coordinates":[[[7.6747,48.9087],[7.6837,48.9104],[7.6835,48.9126],[7.6765,48.9135],[7.6723,48.9104],[7.6747,48.9087]]]}},{"type":"Feature","properties":{"landuse":"orchard"},"geometry":{"type":"Polygon","coordinates":[[[7.6306,48.8903],[7.6349,48.885],[7.6288,48.8823],[7.6321,48.8821],[7.6363,48.8752],[7.6394,48.8774],[7.6353,48.8759],[7.6378,48.8795],[7.6341,48.8797],[7.6387,48.88],[7.6419,48.8845],[7.6306,48.8903]]]}},{"type":"Feature","properties":{"landuse":"orchard"},"geometry":{"type":"Polygon","coordinates":[[[7.4804,48.8113],[7.4888,48.8139],[7.4767,48.812],[7.4712,48.8144],[7.4702,48.8123],[7.4746,48.8093],[7.4804,48.8113]]]}},{"type":"Feature","properties":{"landuse":"farmland"},"geometry":{"type":"Polygon","coordinates":[[[7.234,48.7797],[7.2369,48.7858],[7.2388,48.7829],[7.2424,48.7844],[7.2394,48.788],[7.2492,48.7875],[7.2462,48.7935],[7.2484,48.7945],[7.2435,48.799],[7.2419,48.7939],[7.2352,48.7951],[7.2257,48.7843],[7.2213,48.7879],[7.2233,48.7917],[7.2166,48.7904],[7.218,48.7875],[7.2139,48.788],[7.2144,48.7909],[7.211,48.7876],[7.2158,48.7854],[7.215,48.7817],[7.2237,48.7833],[7.2253,48.7795],[7.234,48.7797]]]}},{"type":"Feature","properties":{"landuse":"orchard"},"geometry":{"type":"Polygon","coordinates":[[[7.5922,48.7576],[7.5812,48.7579],[7.5866,48.7556],[7.5922,48.7576]]]}},{"type":"Feature","properties":{"landuse":"orchard"},"geometry":{"type":"Polygon","coordinates":[[[7.5219,48.7598],[7.5202,48.7611],[7.5181,48.7587],[7.5219,48.7598]]]}},{"type":"Feature","properties":{"landuse":"farmland"},"geometry":{"type":"Polygon","coordinates":[[[7.7304,48.6268],[7.7355,48.6164],[7.7468,48.6198],[7.7468,48.6236],[7.7437,48.6243],[7.7475,48.6279],[7.7459,48.6306],[7.7326,48.6295],[7.7304,48.6268]]]}},{"type":"Feature","properties":{"landuse":"orchard"},"geometry":{"type":"Polygon","coordinates":[[[7.4697,48.6174],[7.4716,48.617],[7.4735,48.6185],[7.4697,48.6174]]]}},{"type":"Feature","properties":{"landuse":"vineyard"},"geometry":{"type":"Polygon","coordinates":[[[7.4713,48.571],[7.4557,48.5679],[7.453,48.5615],[7.4616,48.565],[7.468,48.563],[7.4818,48.5715],[7.4713,48.571]]]}},{"type":"Feature","properties":{"landuse":"farmland"},"geometry":{"type":"Polygon","coordinates":[[[7.346,47.9953],[7.3499,48.0001],[7.3453,48.0012],[7.3439,47.9955],[7.346,47.9953]]]}},{"type":"Feature","properties":{"landuse":"green_public_spaces"},"geometry":{"type":"Polygon","coordinates":[[[7.7832,48.8133],[7.7834,48.8112],[7.7843,48.8119],[7.7832,48.8133]]]}},{"type":"Feature","properties":{"landuse":"orchard"},"geometry":{"type":"Polygon","coordinates":[[[7.4668,48.8797],[7.465,48.88],[7.4651,48.8774],[7.4668,48.8797]]]}},{"type":"Feature","properties":{"landuse":"orchard"},"geometry":{"type":"Polygon","coordinates":[[[7.4884,48.8725],[7.4839,48.8683],[7.4861,48.867],[7.4884,48.8725]]]}},{"type":"Feature","properties":{"landuse":"orchard"},"geometry":{"type":"Polygon","coordinates":[[[7.6527,48.9499],[7.6563,48.9535],[7.6483,48.9589],[7.645,48.9531],[7.6526,48.9539],[7.6527,48.9499]]]}},{"type":"Feature","properties":{"landuse":"farmland"},"geometry":{"type":"Polygon","coordinates":[[[7.6146,48.9151],[7.6067,48.912],[7.6282,48.9082],[7.6289,48.9105],[7.6146,48.9151]]]}},{"type":"Feature","properties":{"landuse":"orchard"},"geometry":{"type":"Polygon","coordinates":[[[7.3606,48.7611],[7.3729,48.7654],[7.3636,48.7694],[7.3576,48.7674],[7.3599,48.7635],[7.3555,48.7649],[7.3499,48.7615],[7.3606,48.7611]]]}},{"type":"Feature","properties":{"landuse":"farmland"},"geometry":{"type":"Polygon","coordinates":[[[7.5521,47.5061],[7.5536,47.5097],[7.5513,47.5082],[7.5521,47.5061]]]}},{"type":"Feature","properties":{"landuse":"vineyard"},"geometry":{"type":"Polygon","coordinates":[[[7.469,48.582],[7.465,48.5811],[7.4688,48.5773],[7.4754,48.5778],[7.469,48.582]]]}},{"type":"Feature","properties":{"landuse":"farmland"},"geometry":{"type":"Polygon","coordinates":[[[7.4705,48.5955],[7.4833,48.5921],[7.4779,48.5923],[7.478,48.5895],[7.4844,48.5882],[7.4925,48.5979],[7.4582,48.6007],[7.462,48.6049],[7.4526,48.6089],[7.4511,48.6069],[7.4549,48.6063],[7.4478,48.606],[7.4527,48.6039],[7.4473,48.6033],[7.4503,48.6025],[7.4482,48.5991],[7.453,48.5949],[7.4598,48.5963],[7.46,48.6003],[7.462,48.5964],[7.4705,48.5955]]]}},{"type":"Feature","properties":{"landuse":"orchard"},"geometry":{"type":"Polygon","coordinates":[[[7.3309,48.3327],[7.3314,48.3298],[7.3368,48.3304],[7.338,48.3277],[7.3419,48.3318],[7.3359,48.3344],[7.3309,48.3327]]]}},{"type":"Feature","properties":{"landuse":"green_public_spaces"},"geometry":{"type":"Polygon","coordinates":[[[7.7235,48.5721],[7.7224,48.5737],[7.7198,48.5734],[7.7235,48.5721]]]}},{"type":"Feature","properties":{"landuse":"farmland"},"geometry":{"type":"Polygon","coordinates":[[[7.1806,48.9371],[7.1805,48.9416],[7.1829,48.9391],[7.1851,48.9436],[7.1676,48.9409],[7.1743,48.9314],[7.1876,48.9289],[7.1806,48.9371]]]}},{"type":"Feature","properties":{"landuse":"farmland"},"geometry":{"type":"Polygon","coordinates":[[[7.252,48.8974],[7.2537,48.8953],[7.25,48.8921],[7.2552,48.8877],[7.251,48.8861],[7.2576,48.8853],[7.252,48.8974]]]}},{"type":"Feature","properties":{"landuse":"farmland"},"geometry":{"type":"Polygon","coordinates":[[[7.2038,48.9243],[7.1985,48.9229],[7.2004,48.9208],[7.2173,48.9233],[7.2193,48.9189],[7.2237,48.925],[7.2076,48.922],[7.2095,48.9237],[7.2038,48.9243]]]}},{"type":"Feature","properties":{"landuse":"farmland"},"geometry":{"type":"Polygon","coordinates":[[[7.2451,48.9282],[7.225,48.9269],[7.2266,48.9244],[7.2451,48.9282]]]}},{"type":"Feature","properties":{"landuse":"farmland"},"geometry":{"type":"Polygon","coordinates":[[[7.2213,48.9199],[7.2093,48.9191],[7.2186,48.9136],[7.2144,48.9103],[7.2167,48.9084],[7.2321,48.91],[7.2365,48.9136],[7.2336,48.9105],[7.2385,48.9079],[7.2414,48.9147],[7.2506,48.9184],[7.2436,48.9183],[7.2422,48.9218],[7.237,48.9169],[7.2312,48.9202],[7.2256,48.9167],[7.2213,48.9199]]]}},{"type":"Feature","properties":{"landuse":"farmland"},"geometry":{"type":"Polygon","coordinates":[[[7.2437,48.9109],[7.2385,48.9093],[7.2425,48.9056],[7.2517,48.9078],[7.2539,48.9116],[7.2523,48.9134],[7.2485,48.9086],[7.2437,48.9109]]]}},{"type":"Feature","properties":{"landuse":"orchard"},"geometry":{"type":"Polygon","coordinates":[[[7.4271,48.5295],[7.4198,48.5281],[7.4181,48.5216],[7.4244,48.5225],[7.4271,48.5295]]]}},{"type":"Feature","properties":{"landuse":"orchard"},"geometry":{"type":"Polygon","coordinates":[[[7.5612,48.8241],[7.566,48.8283],[7.5566,48.8259],[7.5612,48.8241]]]}},{"type":"Feature","properties":{"landuse":"green_public_spaces"},"geometry":{"type":"Polygon","coordinates":[[[7.7284,48.5616],[7.7228,48.5626],[7.7275,48.5611],[7.7284,48.5616]]]}},{"type":"Feature","properties":{"landuse":"orchard"},"geometry":{"type":"Polygon","coordinates":[[[7.5112,48.8466],[7.513,48.8496],[7.5108,48.8502],[7.5112,48.8466]]]}},{"type":"Feature","properties":{"landuse":"orchard"},"geometry":{"type":"Polygon","coordinates":[[[7.6242,48.7446],[7.6189,48.744],[7.621,48.7454],[7.6232,48.742],[7.6242,48.7446]]]}},{"type":"Feature","properties":{"landuse":"farmland"},"geometry":{"type":"Polygon","coordinates":[[[7.4151,48.7985],[7.4139,48.8005],[7.4114,48.7996],[7.4151,48.7985]]]}},{"type":"Feature","properties":{"landuse":"orchard"},"geometry":{"type":"Polygon","coordinates":[[[7.42,48.7932],[7.4133,48.7903],[7.4196,48.7877],[7.42,48.7932]]]}},{"type":"Feature","properties":{"landuse":"farmland"},"geometry":{"type":"Polygon","coordinates":[[[7.43,48.8138],[7.4208,48.8138],[7.4286,48.8085],[7.4316,48.8106],[7.4265,48.8121],[7.43,48.8138]]]}},{"type":"Feature","properties":{"landuse":"farmland"},"geometry":{"type":"Polygon","coordinates":[[[7.8172,48.9395],[7.7945,48.929],[7.7969,48.9272],[7.7946,48.9227],[7.7883,48.9233],[7.7901,48.9206],[7.7959,48.9212],[7.7994,48.9251],[7.8052,48.9251],[7.8072,48.9291],[7.8123,48.9277],[7.81,48.9313],[7.8119,48.9335],[7.8185,48.9319],[7.8246,48.935],[7.8218,48.9384],[7.8165,48.935],[7.8172,48.9395]]]}},{"type":"Feature","properties":{"landuse":"orchard"},"geometry":{"type":"Polygon","coordinates":[[[7.8238,48.9344],[7.821,48.9331],[7.8265,48.927],[7.8306,48.9274],[7.8309,48.93],[7.8238,48.9344]]]}},{"type":"Feature","properties":{"landuse":"farmland"},"geometry":{"type":"Polygon","coordinates":[[[7.8441,48.9479],[7.8348,48.9513],[7.832,48.9496],[7.8345,48.9458],[7.8322,48.9426],[7.8382,48.9402],[7.8441,48.9479]]]}},{"type":"Feature","properties":{"landuse":"green_public_spaces"},"geometry":{"type":"Polygon","coordinates":[[[7.7476,48.5622],[7.7481,48.5639],[7.7462,48.5641],[7.7476,48.5622]]]}},{"type":"Feature","properties":{"landuse":"farmland"},"geometry":{"type":"Polygon","coordinates":[[[7.7479,48.565],[7.7416,48.5683],[7.7421,48.5642],[7.7479,48.565]]]}},{"type":"Feature","properties":{"landuse":"green_public_spaces"},"geometry":{"type":"Polygon","coordinates":[[[7.7508,48.5724],[7.7533,48.5746],[7.7501,48.5741],[7.7508,48.5724]]]}},{"type":"Feature","properties":{"landuse":"farmland"},"geometry":{"type":"Polygon","coordinates":[[[7.5058,48.7567],[7.5037,48.7551],[7.5122,48.7485],[7.5106,48.7552],[7.5058,48.7567]]]}},{"type":"Feature","properties":{"landuse":"orchard"},"geometry":{"type":"Polygon","coordinates":[[[7.3855,48.7475],[7.3801,48.7442],[7.3873,48.7454],[7.3855,48.7475]]]}},{"type":"Feature","properties":{"landuse":"farmland"},"geometry":{"type":"Polygon","coordinates":[[[7.3846,48.7315],[7.3795,48.7268],[7.3834,48.7265],[7.3846,48.7315]]]}},{"type":"Feature","properties":{"landuse":"farmland"},"geometry":{"type":"Polygon","coordinates":[[[7.374,48.7111],[7.377,48.6953],[7.3892,48.6903],[7.3898,48.6954],[7.3868,48.6946],[7.3927,48.7031],[7.3861,48.7099],[7.3931,48.712],[7.374,48.7111]]]}},{"type":"Feature","properties":{"landuse":"farmland"},"geometry":{"type":"Polygon","coordinates":[[[7.4613,48.6418],[7.4758,48.6476],[7.4691,48.6447],[7.4746,48.646],[7.4689,48.6374],[7.4775,48.6435],[7.4736,48.6367],[7.489,48.6309],[7.4933,48.6329],[7.4916,48.6359],[7.4979,48.636],[7.4973,48.6402],[7.5192,48.6427],[7.508,48.6476],[7.5102,48.6459],[7.506,48.6431],[7.4886,48.6398],[7.4865,48.6493],[7.4808,48.6501],[7.4808,48.6562],[7.4838,48.6574],[7.4792,48.6623],[7.4683,48.6578],[7.4707,48.6509],[7.4655,48.651],[7.46,48.646],[7.4613,48.6418]]]}},{"type":"Feature","properties":{"landuse":"green_public_spaces"},"geometry":{"type":"Polygon","coordinates":[[[7.6611,48.926],[7.6677,48.9286],[7.6626,48.9293],[7.6611,48.926]]]}},{"type":"Feature","properties":{"landuse":"farmland"},"geometry":{"type":"Polygon","coordinates":[[[7.6757,48.9465],[7.6683,48.9471],[7.6705,48.9428],[7.6679,48.9374],[7.6757,48.9465]]]}},{"type":"Feature","properties":{"landuse":"farmland"},"geometry":{"type":"Polygon","coordinates":[[[7.6763,48.9477],[7.665,48.9499],[7.6632,48.9461],[7.6542,48.9471],[7.6512,48.9422],[7.662,48.9384],[7.6668,48.9437],[7.6703,48.9425],[7.6683,48.9471],[7.6763,48.9477]]]}},{"type":"Feature","properties":{"landuse":"orchard"},"geometry":{"type":"Polygon","coordinates":[[[7.6676,48.9396],[7.6707,48.9424],[7.6668,48.9437],[7.662,48.9384],[7.6567,48.942],[7.6521,48.9412],[7.6517,48.938],[7.6605,48.9364],[7.6676,48.9396]]]}},{"type":"Feature","properties":{"landuse":"farmland"},"geometry":{"type":"Polygon","coordinates":[[[7.6566,48.9194],[7.6482,48.9145],[7.6535,48.9132],[7.6549,48.9075],[7.6566,48.9194]]]}},{"type":"Feature","properties":{"landuse":"orchard"},"geometry":{"type":"Polygon","coordinates":[[[7.636,48.9122],[7.6234,48.9123],[7.631,48.9095],[7.636,48.9122]]]}},{"type":"Feature","properties":{"landuse":"farmland"},"geometry":{"type":"Polygon","coordinates":[[[7.6327,48.9466],[7.6358,48.9414],[7.6277,48.9458],[7.6304,48.9474],[7.629,48.9494],[7.6228,48.9478],[7.6314,48.9423],[7.6286,48.9369],[7.6219,48.9357],[7.6362,48.9283],[7.6344,48.9322],[7.6389,48.9294],[7.641,48.9309],[7.639,48.9336],[7.6437,48.9337],[7.6506,48.927],[7.6531,48.9301],[7.6418,48.9369],[7.6442,48.9385],[7.6424,48.9437],[7.6327,48.9466]]]}},{"type":"Feature","properties":{"landuse":"farmland"},"geometry":{"type":"Polygon","coordinates":[[[7.6245,48.9329],[7.6183,48.9327],[7.6361,48.9267],[7.6272,48.9324],[7.6284,48.9343],[7.6245,48.9329]]]}},{"type":"Feature","properties":{"landuse":"farmland"},"geometry":{"type":"Polygon","coordinates":[[[7.5594,48.8671],[7.5554,48.8673],[7.5678,48.8643],[7.5594,48.8671]]]}},{"type":"Feature","properties":{"landuse":"farmland"},"geometry":{"type":"Polygon","coordinates":[[[7.5797,48.8577],[7.5745,48.8564],[7.5774,48.854],[7.5762,48.8509],[7.5963,48.8494],[7.5797,48.8577]]]}},{"type":"Feature","properties":{"landuse":"farmland"},"geometry":{"type":"Polygon","coordinates":[[[7.5813,48.8461],[7.597,48.8435],[7.6088,48.846],[7.6054,48.8512],[7.5912,48.8543],[7.5679,48.865],[7.5738,48.8591],[7.5755,48.8608],[7.5738,48.8581],[7.578,48.8587],[7.6027,48.8467],[7.5929,48.848],[7.5919,48.8454],[7.5855,48.8488],[7.5813,48.8461]]]}},{"type":"Feature","properties":{"landuse":"farmland"},"geometry":{"type":"Polygon","coordinates":[[[7.6751,48.8687],[7.6729,48.879],[7.6685,48.8793],[7.6723,48.8692],[7.6751,48.8687]]]}},{"type":"Feature","properties":{"landuse":"farmland"},"geometry":{"type":"Polygon","coordinates":[[[7.693,48.8733],[7.6976,48.872],[7.707,48.8802],[7.695,48.8791],[7.6893,48.8752],[7.693,48.8733]]]}},{"type":"Feature","properties":{"landuse":"farmland"},"geometry":{"type":"Polygon","coordinates":[[[7.7857,48.9],[7.786,48.8969],[7.7693,48.9],[7.7687,48.8977],[7.7844,48.8947],[7.793,48.8954],[7.7944,48.8981],[7.7857,48.9]]]}},{"type":"Feature","properties":{"landuse":"farmland"},"geometry":{"type":"Polygon","coordinates":[[[8.0276,48.8082],[8.0103,48.8088],[8.0051,48.8043],[8.0133,48.7948],[8.0285,48.7907],[8.0246,48.7923],[8.0263,48.7976],[8.0345,48.8017],[8.0252,48.8011],[8.0229,48.805],[8.0318,48.8072],[8.0276,48.8082]]]}},{"type":"Feature","properties":{"landuse":"farmland"},"geometry":{"type":"Polygon","coordinates":[[[7.7905,48.9168],[7.7735,48.9174],[7.7735,48.9146],[7.7686,48.9147],[7.7659,48.9109],[7.7865,48.9118],[7.7861,48.9142],[7.7924,48.9142],[7.7905,48.9168]]]}},{"type":"Feature","properties":{"landuse":"orchard"},"geometry":{"type":"Polygon","coordinates":[[[7.7553,48.9141],[7.7602,48.9161],[7.7569,48.9165],[7.7579,48.921],[7.7657,48.9221],[7.7688,48.9216],[7.7662,48.9171],[7.7716,48.918],[7.7668,48.9138],[7.7735,48.9146],[7.773,48.9248],[7.7792,48.9265],[7.7677,48.9284],[7.7601,48.9258],[7.7695,48.925],[7.7547,48.9208],[7.7514,48.9178],[7.7545,48.9116],[7.7553,48.9141]]]}},{"type":"Feature","properties":{"landuse":"farmland"},"geometry":{"type":"Polygon","coordinates":[[[7.7524,48.9086],[7.7495,48.9072],[7.7587,48.9053],[7.7603,48.9019],[7.7677,48.9039],[7.7524,48.9086]]]}},{"type":"Feature","properties":{"landuse":"farmland"},"geometry":{"type":"Polygon","coordinates":[[[7.7661,48.9176],[7.7691,48.9208],[7.7657,48.9221],[7.7579,48.921],[7.7568,48.9169],[7.7661,48.9176]]]}},{"type":"Feature","properties":{"landuse":"farmland"},"geometry":{"type":"Polygon","coordinates":[[[7.6463,48.8457],[7.6501,48.8452],[7.635,48.8496],[7.6315,48.8454],[7.6463,48.8457]]]}},{"type":"Feature","properties":{"landuse":"farmland"},"geometry":{"type":"Polygon","coordinates":[[[7.6375,48.8421],[7.637,48.8444],[7.633,48.8438],[7.6353,48.8407],[7.6324,48.8398],[7.6309,48.8433],[7.6318,48.8372],[7.6375,48.8421]]]}},{"type":"Feature","properties":{"landuse":"farmland"},"geometry":{"type":"Polygon","coordinates":[[[7.6378,48.8629],[7.6374,48.8668],[7.6277,48.8649],[7.6305,48.861],[7.6378,48.8629]]]}},{"type":"Feature","properties":{"landuse":"farmland"},"geometry":{"type":"Polygon","coordinates":[[[7.6575,48.8946],[7.657,48.89],[7.6655,48.8821],[7.6672,48.8845],[7.6612,48.8932],[7.6671,48.8969],[7.6575,48.8946]]]}},{"type":"Feature","properties":{"landuse":"farmland"},"geometry":{"type":"Polygon","coordinates":[[[7.6672,48.8845],[7.6711,48.8874],[7.669,48.8891],[7.6759,48.8906],[7.6779,48.8932],[7.6751,48.8928],[7.6838,48.8988],[7.6741,48.9033],[7.6671,48.903],[7.6703,48.9003],[7.6612,48.8932],[7.6672,48.8845]]]}},{"type":"Feature","properties":{"landuse":"farmland"},"geometry":{"type":"Polygon","coordinates":[[[7.6723,48.9197],[7.6592,48.9173],[7.6604,48.9153],[7.6869,48.9191],[7.69,48.9238],[7.6723,48.9197]]]}},{"type":"Feature","properties":{"landuse":"farmland"},"geometry":{"type":"Polygon","coordinates":[[[7.3599,47.8102],[7.3598,47.8058],[7.3652,47.8056],[7.3595,47.805],[7.3613,47.798],[7.3692,47.7965],[7.365,47.7994],[7.3691,47.7992],[7.3726,47.7965],[7.3707,47.8015],[7.3761,47.8031],[7.3809,47.814],[7.3757,47.8142],[7.375,47.8194],[7.3603,47.8195],[7.3599,47.8102]]]}},{"type":"Feature","properties":{"landuse":"farmland"},"geometry":{"type":"Polygon","coordinates":[[[8.1242,48.9735],[8.132,48.9764],[8.1302,48.9794],[8.1264,48.9749],[8.1169,48.9745],[8.1242,48.9735]]]}},{"type":"Feature","properties":{"landuse":"farmland"},"geometry":{"type":"Polygon","coordinates":[[[7.9922,48.8029],[7.9859,48.8045],[7.9855,48.8011],[7.9922,48.8029]]]}},{"type":"Feature","properties":{"landuse":"orchard"},"geometry":{"type":"Polygon","coordinates":[[[7.8335,48.9108],[7.8429,48.9072],[7.8457,48.9097],[7.8335,48.9108]]]}},{"type":"Feature","properties":{"landuse":"orchard"},"geometry":{"type":"Polygon","coordinates":[[[7.837,48.9131],[7.8444,48.9121],[7.8457,48.9143],[7.837,48.9131]]]}},{"type":"Feature","properties":{"landuse":"farmland"},"geometry":{"type":"Polygon","coordinates":[[[7.9222,48.9588],[7.9297,48.9572],[7.9275,48.9587],[7.93,48.9605],[7.9222,48.9669],[7.9194,48.9653],[7.9231,48.9638],[7.9193,48.9644],[7.9222,48.9588]]]}},{"type":"Feature","properties":{"landuse":"farmland"},"geometry":{"type":"Polygon","coordinates":[[[7.8047,48.7648],[7.798,48.7619],[7.8043,48.7646],[7.8045,48.7623],[7.8161,48.7631],[7.8047,48.7648]]]}},{"type":"Feature","properties":{"landuse":"farmland"},"geometry":{"type":"Polygon","coordinates":[[[7.9397,48.7353],[7.946,48.7313],[7.9482,48.7362],[7.9406,48.738],[7.9397,48.7353]]]}},{"type":"Feature","properties":{"landuse":"farmland"},"geometry":{"type":"Polygon","coordinates":[[[7.9581,48.7475],[7.9582,48.7497],[7.952,48.7504],[7.9523,48.746],[7.9552,48.7472],[7.9538,48.7368],[7.9589,48.7412],[7.9607,48.7469],[7.9581,48.7475]]]}},{"type":"Feature","properties":{"landuse":"farmland"},"geometry":{"type":"Polygon","coordinates":[[[7.5397,48.5661],[7.5317,48.5664],[7.5251,48.5626],[7.524,48.567],[7.5141,48.5659],[7.5061,48.5597],[7.5082,48.5577],[7.5036,48.5565],[7.5031,48.5529],[7.5141,48.5504],[7.5228,48.5428],[7.53,48.5432],[7.5321,48.5452],[7.5298,48.5489],[7.5325,48.5503],[7.5296,48.5532],[7.5323,48.5593],[7.53,48.5607],[7.5332,48.5643],[7.5352,48.5547],[7.5326,48.5541],[7.538,48.5511],[7.535,48.5461],[7.5499,48.5458],[7.5351,48.5429],[7.5431,48.5412],[7.5429,48.5384],[7.5559,48.5384],[7.5605,48.5299],[7.5599,48.5343],[7.5665,48.5379],[7.5552,48.5421],[7.5556,48.5446],[7.5665,48.5447],[7.5637,48.545],[7.5661,48.553],[7.5599,48.5545],[7.5646,48.5572],[7.5632,48.5598],[7.5545,48.5569],[7.5517,48.5641],[7.5404,48.5639],[7.5397,48.5661]]]}},{"type":"Feature","properties":{"landuse":"farmland"},"geometry":{"type":"Polygon","coordinates":[[[7.6712,48.7274],[7.6734,48.7337],[7.648,48.7399],[7.6398,48.7389],[7.645,48.7328],[7.6496,48.7362],[7.6544,48.7352],[7.6511,48.7266],[7.6543,48.7255],[7.6562,48.7289],[7.6592,48.727],[7.6639,48.731],[7.6712,48.7274]]]}},{"type":"Feature","properties":{"landuse":"farmland"},"geometry":{"type":"Polygon","coordinates":[[[7.788,48.7944],[7.7899,48.7975],[7.7958,48.7911],[7.7906,48.7904],[7.7931,48.7897],[7.7932,48.7841],[7.8071,48.7862],[7.7962,48.7899],[7.793,48.7942],[7.7991,48.7928],[7.7965,48.7945],[7.7986,48.7998],[7.7958,48.8014],[7.7868,48.8019],[7.7777,48.7951],[7.788,48.7944]]]}},{"type":"Feature","properties":{"landuse":"farmland"},"geometry":{"type":"Polygon","coordinates":[[[8.0079,48.8249],[8.0092,48.8268],[8.0046,48.8277],[7.9957,48.8197],[7.9991,48.819],[7.9973,48.8166],[7.9998,48.8151],[8.0027,48.8199],[8.0003,48.8221],[8.0079,48.8249]]]}},{"type":"Feature","properties":{"landuse":"farmland"},"geometry":{"type":"Polygon","coordinates":[[[7.9689,48.8342],[7.9669,48.8327],[7.9688,48.8319],[7.9689,48.8342]]]}},{"type":"Feature","properties":{"landuse":"farmland"},"geometry":{"type":"Polygon","coordinates":[[[7.8682,48.7853],[7.8554,48.7926],[7.8575,48.7883],[7.8682,48.7853]]]}},{"type":"Feature","properties":{"landuse":"green_public_spaces"},"geometry":{"type":"Polygon","coordinates":[[[7.8047,48.5744],[7.8036,48.5741],[7.807,48.5617],[7.8047,48.5744]]]}},{"type":"Feature","properties":{"landuse":"green_public_spaces"},"geometry":{"type":"Polygon","coordinates":[[[7.7896,48.6022],[7.7894,48.6032],[7.7878,48.6035],[7.7896,48.6022]]]}},{"type":"Feature","properties":{"landuse":"greenhouse_horticulture"},"geometry":{"type":"Polygon","coordinates":[[[7.7938,48.5982],[7.7936,48.5969],[7.7949,48.597],[7.7938,48.5982]]]}},{"type":"Feature","properties":{"landuse":"farmland"},"geometry":{"type":"Polygon","coordinates":[[[7.7845,48.5943],[7.781,48.5958],[7.7835,48.5934],[7.7845,48.5943]]]}},{"type":"Feature","properties":{"landuse":"green_public_spaces"},"geometry":{"type":"Polygon","coordinates":[[[7.7802,48.5952],[7.7794,48.5929],[7.7815,48.5932],[7.7802,48.5952]]]}},{"type":"Feature","properties":{"landuse":"green_public_spaces"},"geometry":{"type":"Polygon","coordinates":[[[7.7796,48.6137],[7.7778,48.6135],[7.7791,48.6123],[7.7796,48.6137]]]}},{"type":"Feature","properties":{"landuse":"farmland"},"geometry":{"type":"Polygon","coordinates":[[[7.7823,48.6152],[7.7843,48.6174],[7.7828,48.6172],[7.7823,48.6152]]]}},{"type":"Feature","properties":{"landuse":"farmland"},"geometry":{"type":"Polygon","coordinates":[[[7.7947,48.6147],[7.8057,48.6116],[7.8012,48.6191],[7.8055,48.6183],[7.8085,48.6219],[7.8027,48.6242],[7.8031,48.6219],[7.7958,48.6194],[7.7947,48.6147]]]}},{"type":"Feature","properties":{"landuse":"green_public_spaces"},"geometry":{"type":"Polygon","coordinates":[[[7.74,48.5506],[7.7387,48.5496],[7.7405,48.5493],[7.74,48.5506]]]}},{"type":"Feature","properties":{"landuse":"green_public_spaces"},"geometry":{"type":"Polygon","coordinates":[[[7.2793,47.8264],[7.2786,47.8278],[7.2782,47.8257],[7.2793,47.8264]]]}},{"type":"Feature","properties":{"landuse":"green_public_spaces"},"geometry":{"type":"Polygon","coordinates":[[[7.353,48.0714],[7.3507,48.0721],[7.353,48.0704],[7.353,48.0714]]]}},{"type":"Feature","properties":{"landuse":"vineyard"},"geometry":{"type":"Polygon","coordinates":[[[7.3431,48.0873],[7.3426,48.0913],[7.3398,48.0911],[7.3401,48.087],[7.3431,48.0873]]]}},{"type":"Feature","properties":{"landuse":"green_public_spaces"},"geometry":{"type":"Polygon","coordinates":[[[7.7852,48.5586],[7.7862,48.5595],[7.7844,48.5603],[7.7852,48.5586]]]}},{"type":"Feature","properties":{"landuse":"green_public_spaces"},"geometry":{"type":"Polygon","coordinates":[[[7.7874,48.56],[7.7861,48.5612],[7.7854,48.5598],[7.7874,48.56]]]}},{"type":"Feature","properties":{"landuse":"green_public_spaces"},"geometry":{"type":"Polygon","coordinates":[[[7.8009,48.5716],[7.7961,48.5681],[7.8032,48.5636],[7.8009,48.5716]]]}},{"type":"Feature","properties":{"landuse":"farmland"},"geometry":{"type":"Polygon","coordinates":[[[7.4986,47.6759],[7.5004,47.6766],[7.4989,47.6768],[7.4986,47.6759]]]}},{"type":"Feature","properties":{"landuse":"farmland"},"geometry":{"type":"Polygon","coordinates":[[[7.4984,47.6671],[7.4921,47.6664],[7.4958,47.6635],[7.4997,47.6642],[7.4984,47.6671]]]}},{"type":"Feature","properties":{"landuse":"farmland"},"geometry":{"type":"Polygon","coordinates":[[[7.5577,47.7467],[7.5575,47.7446],[7.5589,47.7461],[7.5577,47.7467]]]}},{"type":"Feature","properties":{"landuse":"vineyard"},"geometry":{"type":"Polygon","coordinates":[[[7.5658,47.7528],[7.5648,47.7504],[7.5659,47.748],[7.5658,47.7528]]]}},{"type":"Feature","properties":{"landuse":"farmland"},"geometry":{"type":"Polygon","coordinates":[[[7.5021,47.6798],[7.4997,47.6672],[7.5091,47.6611],[7.503,47.6704],[7.5056,47.6792],[7.5021,47.6798]]]}},{"type":"Feature","properties":{"landuse":"farmland"},"geometry":{"type":"Polygon","coordinates":[[[7.764,48.537],[7.761,48.5385],[7.7625,48.5335],[7.7667,48.5351],[7.764,48.537]]]}},{"type":"Feature","properties":{"landuse":"farmland"},"geometry":{"type":"Polygon","coordinates":[[[7.5265,47.6234],[7.5249,47.6192],[7.5188,47.6207],[7.5232,47.6183],[7.5202,47.6162],[7.5244,47.6143],[7.5297,47.6165],[7.5265,47.6234]]]}},{"type":"Feature","properties":{"landuse":"green_public_spaces"},"geometry":{"type":"Polygon","coordinates":[[[7.7249,48.5382],[7.7257,48.5396],[7.7244,48.542],[7.7249,48.5382]]]}},{"type":"Feature","properties":{"landuse":"farmland"},"geometry":{"type":"Polygon","coordinates":[[[7.7276,48.5484],[7.7281,48.5475],[7.7299,48.5487],[7.7276,48.5484]]]}},{"type":"Feature","properties":{"landuse":"farmland"},"geometry":{"type":"Polygon","coordinates":[[[7.7363,48.5425],[7.7352,48.5409],[7.7444,48.538],[7.7363,48.5425]]]}},{"type":"Feature","properties":{"landuse":"green_public_spaces"},"geometry":{"type":"Polygon","coordinates":[[[7.7784,48.5972],[7.7782,48.5979],[7.7771,48.5971],[7.7784,48.5972]]]}},{"type":"Feature","properties":{"landuse":"orchard"},"geometry":{"type":"Polygon","coordinates":[[[7.3666,48.7476],[7.3651,48.7474],[7.3681,48.7479],[7.3666,48.7476]]]}},{"type":"Feature","properties":{"landuse":"green_public_spaces"},"geometry":{"type":"Polygon","coordinates":[[[7.808,48.5643],[7.8101,48.5642],[7.8107,48.568],[7.808,48.5643]]]}},{"type":"Feature","properties":{"landuse":"green_public_spaces"},"geometry":{"type":"Polygon","coordinates":[[[7.9536,48.7226],[7.9557,48.7368],[7.9506,48.7345],[7.9459,48.7241],[7.9536,48.7226]]]}},{"type":"Feature","properties":{"landuse":"green_public_spaces"},"geometry":{"type":"Polygon","coordinates":[[[7.7411,48.4198],[7.75,48.435],[7.7386,48.4393],[7.7293,48.4152],[7.7388,48.4229],[7.7365,48.4159],[7.7411,48.4198]]]}},{"type":"Feature","properties":{"landuse":"green_public_spaces"},"geometry":{"type":"Polygon","coordinates":[[[7.6606,48.2234],[7.6555,48.218],[7.661,48.2166],[7.6676,48.2235],[7.6875,48.2755],[7.6779,48.2734],[7.6687,48.2384],[7.6606,48.2234]]]}},{"type":"Feature","properties":{"landuse":"farmland"},"geometry":{"type":"Polygon","coordinates":[[[7.9703,48.7239],[7.9726,48.7229],[7.9745,48.7236],[7.9703,48.7239]]]}},{"type":"Feature","properties":{"landuse":"farmland"},"geometry":{"type":"Polygon","coordinates":[[[7.9728,48.7222],[7.9769,48.7213],[7.9774,48.7221],[7.9728,48.7222]]]}},{"type":"Feature","properties":{"landuse":"farmland"},"geometry":{"type":"Polygon","coordinates":[[[7.9964,48.7363],[7.9979,48.7381],[7.9966,48.7385],[7.9964,48.7363]]]}},{"type":"Feature","properties":{"landuse":"green_public_spaces"},"geometry":{"type":"Polygon","coordinates":[[[7.3255,48.1937],[7.3253,48.1927],[7.3277,48.1928],[7.3255,48.1937]]]}},{"type":"Feature","properties":{"landuse":"farmland"},"geometry":{"type":"Polygon","coordinates":[[[7.6501,48.4198],[7.6419,48.421],[7.6421,48.4172],[7.6534,48.4126],[7.656,48.4174],[7.6501,48.4198]]]}},{"type":"Feature","properties":{"landuse":"green_public_spaces"},"geometry":{"type":"Polygon","coordinates":[[[7.5208,48.2559],[7.5219,48.2586],[7.5192,48.2576],[7.5208,48.2559]]]}},{"type":"Feature","properties":{"landuse":"green_public_spaces"},"geometry":{"type":"Polygon","coordinates":[[[8.0407,48.8719],[8.039,48.876],[8.0392,48.8704],[8.0432,48.8703],[8.0407,48.8719]]]}},{"type":"Feature","properties":{"landuse":"green_public_spaces"},"geometry":{"type":"Polygon","coordinates":[[[7.3214,48.1805],[7.3214,48.1792],[7.3238,48.1793],[7.3214,48.1805]]]}},{"type":"Feature","properties":{"landuse":"farmland"},"geometry":{"type":"Polygon","coordinates":[[[7.6515,48.5576],[7.6505,48.5597],[7.6475,48.5599],[7.6515,48.5576]]]}},{"type":"Feature","properties":{"landuse":"green_public_spaces"},"geometry":{"type":"Polygon","coordinates":[[[7.7556,48.5725],[7.7549,48.5744],[7.7542,48.5721],[7.7556,48.5725]]]}},{"type":"Feature","properties":{"landuse":"vineyard"},"geometry":{"type":"Polygon","coordinates":[[[7.5849,48.0246],[7.5857,48.0255],[7.5827,48.0267],[7.5849,48.0246]]]}},{"type":"Feature","properties":{"landuse":"green_public_spaces"},"geometry":{"type":"Polygon","coordinates":[[[7.3578,48.1385],[7.3585,48.1333],[7.3658,48.1312],[7.3653,48.1407],[7.3589,48.1412],[7.3578,48.1385]]]}},{"type":"Feature","properties":{"landuse":"green_public_spaces"},"geometry":{"type":"Polygon","coordinates":[[[7.5804,48.0374],[7.5767,48.0361],[7.5798,48.0357],[7.5804,48.0374]]]}},{"type":"Feature","properties":{"landuse":"farmland"},"geometry":{"type":"Polygon","coordinates":[[[7.5804,48.0457],[7.5817,48.0445],[7.5814,48.0461],[7.5804,48.0457]]]}},{"type":"Feature","properties":{"landuse":"farmland"},"geometry":{"type":"Polygon","coordinates":[[[7.9941,48.7371],[7.9963,48.7381],[7.9944,48.7386],[7.9941,48.7371]]]}},{"type":"Feature","properties":{"landuse":"farmland"},"geometry":{"type":"Polygon","coordinates":[[[7.5396,47.616],[7.5376,47.6142],[7.5415,47.6156],[7.5396,47.616]]]}},{"type":"Feature","properties":{"landuse":"green_public_spaces"},"geometry":{"type":"Polygon","coordinates":[[[7.5759,47.4993],[7.5697,47.4968],[7.5698,47.4956],[7.5759,47.4993]]]}},{"type":"Feature","properties":{"landuse":"farmland"},"geometry":{"type":"Polygon","coordinates":[[[7.5839,47.4985],[7.578,47.4984],[7.5808,47.4962],[7.5839,47.4985]]]}},{"type":"Feature","properties":{"landuse":"farmland"},"geometry":{"type":"Polygon","coordinates":[[[7.5843,47.4983],[7.5852,47.5029],[7.5829,47.503],[7.5813,47.5009],[7.5843,47.4983]]]}},{"type":"Feature","properties":{"landuse":"vineyard"},"geometry":{"type":"Polygon","coordinates":[[[7.356,48.1221],[7.3558,48.1185],[7.364,48.1196],[7.3635,48.1237],[7.356,48.1221]]]}},{"type":"Feature","properties":{"landuse":"vineyard"},"geometry":{"type":"Polygon","coordinates":[[[7.3349,48.1061],[7.3415,48.0941],[7.3465,48.0941],[7.3407,48.1074],[7.3349,48.1061]]]}},{"type":"Feature","properties":{"landuse":"farmland"},"geometry":{"type":"Polygon","coordinates":[[[7.5448,47.4957],[7.5492,47.4963],[7.5483,47.4978],[7.5448,47.4957]]]}},{"type":"Feature","properties":{"landuse":"farmland"},"geometry":{"type":"Polygon","coordinates":[[[7.5647,47.4937],[7.5642,47.4951],[7.5633,47.4941],[7.5647,47.4937]]]}},{"type":"Feature","properties":{"landuse":"farmland"},"geometry":{"type":"Polygon","coordinates":[[[7.5686,47.4954],[7.5667,47.4958],[7.5652,47.4942],[7.5686,47.4954]]]}},{"type":"Feature","properties":{"landuse":"farmland"},"geometry":{"type":"Polygon","coordinates":[[[7.5643,47.4938],[7.563,47.4921],[7.5648,47.4918],[7.5643,47.4938]]]}},{"type":"Feature","properties":{"landuse":"farmland"},"geometry":{"type":"Polygon","coordinates":[[[7.5561,47.493],[7.5578,47.4915],[7.5593,47.4933],[7.5561,47.493]]]}},{"type":"Feature","properties":{"landuse":"farmland"},"geometry":{"type":"Polygon","coordinates":[[[7.5537,47.4923],[7.5524,47.4899],[7.5555,47.4921],[7.5537,47.4923]]]}},{"type":"Feature","properties":{"landuse":"farmland"},"geometry":{"type":"Polygon","coordinates":[[[7.5591,47.4923],[7.5584,47.4913],[7.5596,47.4912],[7.5591,47.4923]]]}},{"type":"Feature","properties":{"landuse":"farmland"},"geometry":{"type":"Polygon","coordinates":[[[7.5585,47.4891],[7.5562,47.4884],[7.5575,47.4878],[7.5585,47.4891]]]}},{"type":"Feature","properties":{"landuse":"farmland"},"geometry":{"type":"Polygon","coordinates":[[[7.5595,47.4909],[7.5575,47.4895],[7.5587,47.4891],[7.5595,47.4909]]]}},{"type":"Feature","properties":{"landuse":"farmland"},"geometry":{"type":"Polygon","coordinates":[[[7.5626,47.4902],[7.5645,47.4912],[7.5614,47.4927],[7.5584,47.4885],[7.5666,47.4862],[7.5626,47.4902]]]}},{"type":"Feature","properties":{"landuse":"farmland"},"geometry":{"type":"Polygon","coordinates":[[[7.5539,47.4887],[7.5557,47.485],[7.561,47.486],[7.5539,47.4887]]]}},{"type":"Feature","properties":{"landuse":"farmland"},"geometry":{"type":"Polygon","coordinates":[[[7.5641,47.4897],[7.5662,47.4885],[7.5666,47.49],[7.5641,47.4897]]]}},{"type":"Feature","properties":{"landuse":"farmland"},"geometry":{"type":"Polygon","coordinates":[[[7.5671,47.5012],[7.568,47.5021],[7.5647,47.5022],[7.5671,47.5012]]]}},{"type":"Feature","properties":{"landuse":"farmland"},"geometry":{"type":"Polygon","coordinates":[[[7.5524,47.4913],[7.546,47.4881],[7.5498,47.4871],[7.5524,47.4913]]]}},{"type":"Feature","properties":{"landuse":"farmland"},"geometry":{"type":"Polygon","coordinates":[[[7.5484,47.4931],[7.5498,47.4962],[7.5465,47.4956],[7.5461,47.4924],[7.5484,47.4931]]]}},{"type":"Feature","properties":{"landuse":"farmland"},"geometry":{"type":"Polygon","coordinates":[[[7.7175,48.5869],[7.717,48.5885],[7.7142,48.5888],[7.7139,48.5876],[7.7175,48.5869]]]}},{"type":"Feature","properties":{"landuse":"farmland"},"geometry":{"type":"Polygon","coordinates":[[[7.994,48.7484],[7.9932,48.7446],[7.9947,48.7483],[7.994,48.7484]]]}},{"type":"Feature","properties":{"landuse":"farmland"},"geometry":{"type":"Polygon","coordinates":[[[7.557,47.7637],[7.5551,47.7628],[7.5584,47.7619],[7.557,47.7637]]]}},{"type":"Feature","properties":{"landuse":"farmland"},"geometry":{"type":"Polygon","coordinates":[[[7.5617,47.7578],[7.5648,47.7586],[7.5601,47.763],[7.5617,47.7578]]]}},{"type":"Feature","properties":{"landuse":"farmland"},"geometry":{"type":"Polygon","coordinates":[[[7.5513,47.7583],[7.555,47.7578],[7.5544,47.7591],[7.5513,47.7583]]]}},{"type":"Feature","properties":{"landuse":"farmland"},"geometry":{"type":"Polygon","coordinates":[[[7.5549,47.7611],[7.5512,47.7631],[7.5522,47.7609],[7.5549,47.7611]]]}},{"type":"Feature","properties":{"landuse":"farmland"},"geometry":{"type":"Polygon","coordinates":[[[7.5587,47.7519],[7.5561,47.752],[7.5582,47.747],[7.5613,47.7511],[7.5587,47.7519]]]}},{"type":"Feature","properties":{"landuse":"farmland"},"geometry":{"type":"Polygon","coordinates":[[[7.5604,47.7576],[7.5594,47.7588],[7.558,47.7563],[7.5604,47.7576]]]}},{"type":"Feature","properties":{"landuse":"farmland"},"geometry":{"type":"Polygon","coordinates":[[[7.5549,47.7604],[7.5551,47.7553],[7.5593,47.7587],[7.5549,47.7604]]]}},{"type":"Feature","properties":{"landuse":"farmland"},"geometry":{"type":"Polygon","coordinates":[[[7.5491,47.7645],[7.5444,47.7665],[7.5476,47.7606],[7.5491,47.7645]]]}},{"type":"Feature","properties":{"landuse":"farmland"},"geometry":{"type":"Polygon","coordinates":[[[7.557,47.7537],[7.5634,47.7542],[7.5648,47.758],[7.557,47.7537]]]}},{"type":"Feature","properties":{"landuse":"farmland"},"geometry":{"type":"Polygon","coordinates":[[[7.5584,47.7652],[7.5579,47.764],[7.5592,47.7637],[7.5584,47.7652]]]}},{"type":"Feature","properties":{"landuse":"farmland"},"geometry":{"type":"Polygon","coordinates":[[[7.5618,47.7658],[7.5661,47.7635],[7.5667,47.7644],[7.5618,47.7658]]]}},{"type":"Feature","properties":{"landuse":"farmland"},"geometry":{"type":"Polygon","coordinates":[[[7.555,47.7605],[7.5567,47.7604],[7.5546,47.7621],[7.555,47.7605]]]}},{"type":"Feature","properties":{"landuse":"farmland"},"geometry":{"type":"Polygon","coordinates":[[[7.5497,47.767],[7.5519,47.7665],[7.549,47.7689],[7.5497,47.767]]]}},{"type":"Feature","properties":{"landuse":"farmland"},"geometry":{"type":"Polygon","coordinates":[[[7.5608,47.7634],[7.5652,47.7594],[7.5687,47.7624],[7.5608,47.7634]]]}},{"type":"Feature","properties":{"landuse":"farmland"},"geometry":{"type":"Polygon","coordinates":[[[7.5556,47.7863],[7.5523,47.7836],[7.554,47.7827],[7.5556,47.7863]]]}},{"type":"Feature","properties":{"landuse":"farmland"},"geometry":{"type":"Polygon","coordinates":[[[7.5509,47.7739],[7.5503,47.7732],[7.5513,47.7725],[7.5509,47.7739]]]}},{"type":"Feature","properties":{"landuse":"farmland"},"geometry":{"type":"Polygon","coordinates":[[[7.5571,47.786],[7.5559,47.7845],[7.5575,47.7841],[7.5571,47.786]]]}},{"type":"Feature","properties":{"landuse":"farmland"},"geometry":{"type":"Polygon","coordinates":[[[7.576,47.7704],[7.5737,47.7686],[7.576,47.7683],[7.576,47.7704]]]}},{"type":"Feature","properties":{"landuse":"farmland"},"geometry":{"type":"Polygon","coordinates":[[[7.5478,47.7692],[7.5482,47.7713],[7.5438,47.7706],[7.5478,47.7692]]]}},{"type":"Feature","properties":{"landuse":"farmland"},"geometry":{"type":"Polygon","coordinates":[[[7.5441,47.7681],[7.5479,47.7677],[7.5435,47.7704],[7.5441,47.7681]]]}},{"type":"Feature","properties":{"landuse":"farmland"},"geometry":{"type":"Polygon","coordinates":[[[7.5529,47.7731],[7.5516,47.7713],[7.5529,47.7711],[7.5529,47.7731]]]}},{"type":"Feature","properties":{"landuse":"farmland"},"geometry":{"type":"Polygon","coordinates":[[[7.7107,48.3694],[7.7148,48.3704],[7.7135,48.3776],[7.7189,48.3764],[7.7166,48.3795],[7.7129,48.3794],[7.7107,48.3694]]]}},{"type":"Feature","properties":{"landuse":"farmland"},"geometry":{"type":"Polygon","coordinates":[[[7.9955,48.7353],[7.9979,48.7348],[7.9982,48.7358],[7.9955,48.7353]]]}},{"type":"Feature","properties":{"landuse":"farmland"},"geometry":{"type":"Polygon","coordinates":[[[7.5709,47.825],[7.5694,47.8218],[7.5743,47.8257],[7.5709,47.825]]]}},{"type":"Feature","properties":{"landuse":"green_public_spaces"},"geometry":{"type":"Polygon","coordinates":[[[7.3286,48.0902],[7.3279,48.0893],[7.3299,48.0893],[7.3286,48.0902]]]}},{"type":"Feature","properties":{"landuse":"vineyard"},"geometry":{"type":"Polygon","coordinates":[[[7.4683,48.8203],[7.4691,48.8207],[7.467,48.8213],[7.4683,48.8203]]]}},{"type":"Feature","properties":{"landuse":"vineyard"},"geometry":{"type":"Polygon","coordinates":[[[7.445,48.8064],[7.4463,48.8062],[7.4456,48.8074],[7.445,48.8064]]]}},{"type":"Feature","properties":{"landuse":"farmland"},"geometry":{"type":"Polygon","coordinates":[[[7.4195,48.7939],[7.4189,48.7954],[7.4176,48.7948],[7.4195,48.7939]]]}},{"type":"Feature","properties":{"landuse":"farmland"},"geometry":{"type":"Polygon","coordinates":[[[7.9919,48.7471],[7.9935,48.7463],[7.9936,48.747],[7.9919,48.7471]]]}},{"type":"Feature","properties":{"landuse":"farmland"},"geometry":{"type":"Polygon","coordinates":[[[7.991,48.7469],[7.9905,48.744],[7.9918,48.7468],[7.991,48.7469]]]}},{"type":"Feature","properties":{"landuse":"farmland"},"geometry":{"type":"Polygon","coordinates":[[[7.6957,48.4445],[7.7005,48.4431],[7.7005,48.445],[7.6957,48.4445]]]}},{"type":"Feature","properties":{"landuse":"farmland"},"geometry":{"type":"Polygon","coordinates":[[[7.563,48.1563],[7.5664,48.1547],[7.5654,48.1575],[7.563,48.1563]]]}},{"type":"Feature","properties":{"landuse":"farmland"},"geometry":{"type":"Polygon","coordinates":[[[7.5405,48.2826],[7.5412,48.2773],[7.5268,48.2779],[7.5255,48.2751],[7.5342,48.2756],[7.5311,48.2762],[7.5326,48.2745],[7.5273,48.2697],[7.5307,48.2677],[7.5339,48.2726],[7.5437,48.2727],[7.545,48.2787],[7.5405,48.2826]]]}},{"type":"Feature","properties":{"landuse":"farmland"},"geometry":{"type":"Polygon","coordinates":[[[7.5069,48.3024],[7.503,48.2998],[7.5019,48.2958],[7.5047,48.2948],[7.499,48.2899],[7.5001,48.2847],[7.4953,48.2814],[7.5042,48.276],[7.5005,48.2734],[7.5039,48.2725],[7.4982,48.2724],[7.5007,48.2693],[7.4958,48.2676],[7.5003,48.2594],[7.4946,48.2591],[7.4969,48.2555],[7.5161,48.2523],[7.523,48.2552],[7.5299,48.2637],[7.5261,48.2647],[7.5292,48.2639],[7.5259,48.2673],[7.5283,48.2719],[7.5225,48.2722],[7.5288,48.2747],[7.5206,48.2731],[7.5185,48.2785],[7.524,48.283],[7.5174,48.2869],[7.5186,48.296],[7.521,48.2933],[7.5313,48.2965],[7.5386,48.303],[7.539,48.309],[7.5123,48.3094],[7.5062,48.3058],[7.5069,48.3024]]]}},{"type":"Feature","properties":{"landuse":"orchard"},"geometry":{"type":"Polygon","coordinates":[[[7.5232,48.7687],[7.5251,48.7677],[7.5243,48.7695],[7.5232,48.7687]]]}},{"type":"Feature","properties":{"landuse":"orchard"},"geometry":{"type":"Polygon","coordinates":[[[7.5334,48.7641],[7.5351,48.7673],[7.5332,48.7673],[7.5334,48.7641]]]}},{"type":"Feature","properties":{"landuse":"farmland"},"geometry":{"type":"Polygon","coordinates":[[[7.2703,47.9043],[7.2721,47.9051],[7.2699,47.9051],[7.2703,47.9043]]]}},{"type":"Feature","properties":{"landuse":"farmland"},"geometry":{"type":"Polygon","coordinates":[[[7.8021,48.6884],[7.8163,48.6924],[7.8149,48.6942],[7.8222,48.7022],[7.8163,48.7032],[7.8369,48.7],[7.852,48.7066],[7.8133,48.7101],[7.8124,48.7056],[7.8115,48.7082],[7.8093,48.7063],[7.8133,48.7046],[7.7993,48.7066],[7.8019,48.7047],[7.7932,48.6984],[7.7952,48.6963],[7.7907,48.6926],[7.8012,48.6929],[7.8021,48.6884]]]}},{"type":"Feature","properties":{"landuse":"farmland"},"geometry":{"type":"Polygon","coordinates":[[[7.7097,48.3163],[7.7149,48.3154],[7.7071,48.3205],[7.7097,48.3163]]]}},{"type":"Feature","properties":{"landuse":"green_public_spaces"},"geometry":{"type":"Polygon","coordinates":[[[7.7237,48.5746],[7.7195,48.574],[7.7198,48.5735],[7.7237,48.5746]]]}},{"type":"Feature","properties":{"landuse":"green_public_spaces"},"geometry":{"type":"Polygon","coordinates":[[[7.1824,47.8058],[7.1885,47.805],[7.1889,47.8056],[7.1824,47.8058]]]}},{"type":"Feature","properties":{"landuse":"green_public_spaces"},"geometry":{"type":"Polygon","coordinates":[[[7.178,47.8059],[7.1739,47.8058],[7.189,47.8062],[7.178,47.8059]]]}},{"type":"Feature","properties":{"landuse":"green_public_spaces"},"geometry":{"type":"Polygon","coordinates":[[[7.7601,48.5954],[7.7599,48.5966],[7.7586,48.5951],[7.7601,48.5954]]]}},{"type":"Feature","properties":{"landuse":"farmland"},"geometry":{"type":"Polygon","coordinates":[[[7.9948,48.7483],[7.9939,48.7437],[7.9956,48.7481],[7.9948,48.7483]]]}},{"type":"Feature","properties":{"landuse":"orchard"},"geometry":{"type":"Polygon","coordinates":[[[7.4893,48.8455],[7.4876,48.8459],[7.4887,48.8435],[7.4893,48.8455]]]}},{"type":"Feature","properties":{"landuse":"orchard"},"geometry":{"type":"Polygon","coordinates":[[[7.4928,48.8483],[7.4914,48.8469],[7.4924,48.8452],[7.4928,48.8483]]]}},{"type":"Feature","properties":{"landuse":"orchard"},"geometry":{"type":"Polygon","coordinates":[[[7.5049,48.8411],[7.5036,48.8382],[7.5064,48.8376],[7.5049,48.8411]]]}},{"type":"Feature","properties":{"landuse":"orchard"},"geometry":{"type":"Polygon","coordinates":[[[7.5174,48.8341],[7.5184,48.8343],[7.5179,48.8356],[7.5174,48.8341]]]}},{"type":"Feature","properties":{"landuse":"orchard"},"geometry":{"type":"Polygon","coordinates":[[[7.492,48.8451],[7.4918,48.8434],[7.4929,48.8436],[7.492,48.8451]]]}},{"type":"Feature","properties":{"landuse":"orchard"},"geometry":{"type":"Polygon","coordinates":[[[7.5177,48.8376],[7.5137,48.8368],[7.5175,48.8356],[7.5177,48.8376]]]}},{"type":"Feature","properties":{"landuse":"orchard"},"geometry":{"type":"Polygon","coordinates":[[[7.4998,48.8421],[7.4998,48.843],[7.4954,48.8425],[7.4998,48.8421]]]}},{"type":"Feature","properties":{"landuse":"farmland"},"geometry":{"type":"Polygon","coordinates":[[[7.6921,48.6179],[7.6864,48.6173],[7.6887,48.6186],[7.6815,48.6134],[7.6921,48.6179]]]}},{"type":"Feature","properties":{"landuse":"farmland"},"geometry":{"type":"Polygon","coordinates":[[[7.8325,48.6475],[7.8364,48.649],[7.8359,48.6546],[7.8311,48.651],[7.8325,48.6475]]]}},{"type":"Feature","properties":{"landuse":"orchard"},"geometry":{"type":"Polygon","coordinates":[[[7.5196,48.8099],[7.5167,48.8117],[7.5173,48.8101],[7.5196,48.8099]]]}},{"type":"Feature","properties":{"landuse":"orchard"},"geometry":{"type":"Polygon","coordinates":[[[7.513,48.8064],[7.5115,48.8055],[7.5134,48.8052],[7.513,48.8064]]]}},{"type":"Feature","properties":{"landuse":"farmland"},"geometry":{"type":"Polygon","coordinates":[[[7.5522,47.8416],[7.5499,47.8413],[7.5506,47.8374],[7.5522,47.8416]]]}},{"type":"Feature","properties":{"landuse":"orchard"},"geometry":{"type":"Polygon","coordinates":[[[7.4766,48.8337],[7.475,48.8344],[7.4761,48.8321],[7.4766,48.8337]]]}},{"type":"Feature","properties":{"landuse":"farmland"},"geometry":{"type":"Polygon","coordinates":[[[7.4678,48.8819],[7.4674,48.8825],[7.4612,48.8803],[7.4678,48.8819]]]}},{"type":"Feature","properties":{"landuse":"orchard"},"geometry":{"type":"Polygon","coordinates":[[[7.3771,48.7188],[7.3792,48.7176],[7.3786,48.72],[7.3771,48.7188]]]}},{"type":"Feature","properties":{"landuse":"orchard"},"geometry":{"type":"Polygon","coordinates":[[[7.3907,48.7246],[7.3898,48.7259],[7.389,48.7252],[7.3907,48.7246]]]}},{"type":"Feature","properties":{"landuse":"farmland"},"geometry":{"type":"Polygon","coordinates":[[[7.3903,48.7209],[7.3834,48.7204],[7.3901,48.7161],[7.3864,48.7138],[7.3918,48.7151],[7.3935,48.7124],[7.3867,48.7096],[7.3874,48.7068],[7.395,48.7066],[7.4039,48.7114],[7.4031,48.7136],[7.4109,48.7149],[7.4067,48.7184],[7.4089,48.7192],[7.3903,48.7209]]]}},{"type":"Feature","properties":{"landuse":"orchard"},"geometry":{"type":"Polygon","coordinates":[[[7.3805,48.7215],[7.3817,48.7192],[7.3903,48.721],[7.3918,48.724],[7.3867,48.7235],[7.386,48.7261],[7.3805,48.7215]]]}},{"type":"Feature","properties":{"landuse":"farmland"},"geometry":{"type":"Polygon","coordinates":[[[7.3879,48.7271],[7.389,48.7282],[7.3871,48.7275],[7.3879,48.7271]]]}},{"type":"Feature","properties":{"landuse":"orchard"},"geometry":{"type":"Polygon","coordinates":[[[7.4145,48.7118],[7.4164,48.7114],[7.4161,48.7125],[7.4145,48.7118]]]}},{"type":"Feature","properties":{"landuse":"orchard"},"geometry":{"type":"Polygon","coordinates":[[[7.4174,48.6967],[7.4228,48.6981],[7.4166,48.698],[7.4174,48.6967]]]}},{"type":"Feature","properties":{"landuse":"orchard"},"geometry":{"type":"Polygon","coordinates":[[[7.4478,48.783],[7.4482,48.7816],[7.4494,48.7817],[7.4478,48.783]]]}},{"type":"Feature","properties":{"landuse":"farmland"},"geometry":{"type":"Polygon","coordinates":[[[7.9948,48.7438],[7.9961,48.7436],[7.9963,48.7473],[7.9948,48.7438]]]}},{"type":"Feature","properties":{"landuse":"farmland"},"geometry":{"type":"Polygon","coordinates":[[[7.9918,48.7464],[7.9913,48.7439],[7.9926,48.7463],[7.9918,48.7464]]]}},{"type":"Feature","properties":{"landuse":"farmland"},"geometry":{"type":"Polygon","coordinates":[[[7.9926,48.7463],[7.9922,48.7438],[7.9935,48.7463],[7.9926,48.7463]]]}},{"type":"Feature","properties":{"landuse":"farmland"},"geometry":{"type":"Polygon","coordinates":[[[7.4453,48.8108],[7.4446,48.8097],[7.4455,48.8094],[7.4453,48.8108]]]}},{"type":"Feature","properties":{"landuse":"orchard"},"geometry":{"type":"Polygon","coordinates":[[[7.4796,48.8333],[7.4789,48.8343],[7.4776,48.8325],[7.4796,48.8333]]]}},{"type":"Feature","properties":{"landuse":"orchard"},"geometry":{"type":"Polygon","coordinates":[[[7.5121,48.873],[7.5053,48.8714],[7.5132,48.8708],[7.5121,48.873]]]}},{"type":"Feature","properties":{"landuse":"orchard"},"geometry":{"type":"Polygon","coordinates":[[[7.4872,48.8735],[7.4911,48.8738],[7.4865,48.8749],[7.4872,48.8735]]]}},{"type":"Feature","properties":{"landuse":"farmland"},"geometry":{"type":"Polygon","coordinates":[[[7.4965,48.8776],[7.4971,48.8761],[7.4977,48.8764],[7.4965,48.8776]]]}},{"type":"Feature","properties":{"landuse":"farmland"},"geometry":{"type":"Polygon","coordinates":[[[7.332,47.8189],[7.3337,47.8155],[7.3389,47.8166],[7.338,47.8192],[7.332,47.8189]]]}},{"type":"Feature","properties":{"landuse":"orchard"},"geometry":{"type":"Polygon","coordinates":[[[7.9682,48.7185],[7.9722,48.7163],[7.9707,48.72],[7.9682,48.7185]]]}},{"type":"Feature","properties":{"landuse":"orchard"},"geometry":{"type":"Polygon","coordinates":[[[7.476,48.8574],[7.4748,48.8598],[7.4747,48.8569],[7.476,48.8574]]]}},{"type":"Feature","properties":{"landuse":"farmland"},"geometry":{"type":"Polygon","coordinates":[[[7.9896,48.7288],[7.9901,48.7283],[7.9915,48.7297],[7.9896,48.7288]]]}},{"type":"Feature","properties":{"landuse":"farmland"},"geometry":{"type":"Polygon","coordinates":[[[7.6096,48.9338],[7.612,48.9356],[7.6078,48.9356],[7.6096,48.9338]]]}},{"type":"Feature","properties":{"landuse":"orchard"},"geometry":{"type":"Polygon","coordinates":[[[7.3919,48.2333],[7.3855,48.2371],[7.382,48.2344],[7.3919,48.2333]]]}},{"type":"Feature","properties":{"landuse":"orchard"},"geometry":{"type":"Polygon","coordinates":[[[7.5952,48.836],[7.5978,48.8358],[7.5972,48.8373],[7.5952,48.836]]]}},{"type":"Feature","properties":{"landuse":"orchard"},"geometry":{"type":"Polygon","coordinates":[[[7.435,48.6523],[7.4354,48.6507],[7.4375,48.6493],[7.435,48.6523]]]}},{"type":"Feature","properties":{"landuse":"orchard"},"geometry":{"type":"Polygon","coordinates":[[[7.438,48.6469],[7.4395,48.6447],[7.4417,48.6448],[7.438,48.6469]]]}},{"type":"Feature","properties":{"landuse":"orchard"},"geometry":{"type":"Polygon","coordinates":[[[7.656,48.8338],[7.6595,48.8329],[7.6643,48.8365],[7.656,48.8338]]]}},{"type":"Feature","properties":{"landuse":"farmland"},"geometry":{"type":"Polygon","coordinates":[[[7.668,48.8345],[7.6696,48.8326],[7.6699,48.8343],[7.668,48.8345]]]}},{"type":"Feature","properties":{"landuse":"orchard"},"geometry":{"type":"Polygon","coordinates":[[[7.2313,48.7443],[7.2295,48.7447],[7.2295,48.7441],[7.2313,48.7443]]]}},{"type":"Feature","properties":{"landuse":"green_public_spaces"},"geometry":{"type":"Polygon","coordinates":[[[7.5006,48.5409],[7.4994,48.5413],[7.4998,48.54],[7.5006,48.5409]]]}},{"type":"Feature","properties":{"landuse":"farmland"},"geometry":{"type":"Polygon","coordinates":[[[7.4422,48.8845],[7.4297,48.8805],[7.4381,48.8814],[7.4422,48.8845]]]}},{"type":"Feature","properties":{"landuse":"farmland"},"geometry":{"type":"Polygon","coordinates":[[[7.6805,48.8401],[7.6822,48.8401],[7.6803,48.8409],[7.6805,48.8401]]]}},{"type":"Feature","properties":{"landuse":"farmland"},"geometry":{"type":"Polygon","coordinates":[[[7.6766,48.4133],[7.6743,48.4079],[7.6837,48.4102],[7.682,48.4171],[7.6766,48.4133]]]}},{"type":"Feature","properties":{"landuse":"farmland"},"geometry":{"type":"Polygon","coordinates":[[[7.679,48.429],[7.6756,48.426],[7.6785,48.425],[7.6713,48.4228],[7.6765,48.4168],[7.6827,48.4181],[7.6839,48.4224],[7.6826,48.4278],[7.679,48.429]]]}},{"type":"Feature","properties":{"landuse":"farmland"},"geometry":{"type":"Polygon","coordinates":[[[7.6905,48.4346],[7.6936,48.4331],[7.6937,48.435],[7.6905,48.4346]]]}},{"type":"Feature","properties":{"landuse":"farmland"},"geometry":{"type":"Polygon","coordinates":[[[7.6957,48.4299],[7.6987,48.4343],[7.6942,48.4349],[7.6957,48.4299]]]}},{"type":"Feature","properties":{"landuse":"farmland"},"geometry":{"type":"Polygon","coordinates":[[[7.7,48.4285],[7.6943,48.43],[7.6958,48.4266],[7.6926,48.4241],[7.7,48.4285]]]}},{"type":"Feature","properties":{"landuse":"orchard"},"geometry":{"type":"Polygon","coordinates":[[[7.2896,47.6259],[7.2937,47.6255],[7.2903,47.6299],[7.2896,47.6259]]]}},{"type":"Feature","properties":{"landuse":"green_public_spaces"},"geometry":{"type":"Polygon","coordinates":[[[7.3442,47.7294],[7.343,47.7291],[7.3474,47.7293],[7.3442,47.7294]]]}},{"type":"Feature","properties":{"landuse":"green_public_spaces"},"geometry":{"type":"Polygon","coordinates":[[[7.337,47.7283],[7.3345,47.7278],[7.3369,47.7271],[7.337,47.7283]]]}},{"type":"Feature","properties":{"landuse":"greenhouse_horticulture"},"geometry":{"type":"Polygon","coordinates":[[[7.5065,48.5207],[7.5074,48.5218],[7.5059,48.5224],[7.5065,48.5207]]]}},{"type":"Feature","properties":{"landuse":"greenhouse_horticulture"},"geometry":{"type":"Polygon","coordinates":[[[7.4942,48.5146],[7.4942,48.5134],[7.4951,48.5134],[7.4942,48.5146]]]}},{"type":"Feature","properties":{"landuse":"orchard"},"geometry":{"type":"Polygon","coordinates":[[[7.297,47.7234],[7.2991,47.7209],[7.3011,47.7222],[7.297,47.7234]]]}},{"type":"Feature","properties":{"landuse":"orchard"},"geometry":{"type":"Polygon","coordinates":[[[7.2945,47.7232],[7.2938,47.723],[7.2968,47.7233],[7.2945,47.7232]]]}},{"type":"Feature","properties":{"landuse":"orchard"},"geometry":{"type":"Polygon","coordinates":[[[7.2946,47.7206],[7.296,47.7214],[7.2947,47.7224],[7.2933,47.7213],[7.2946,47.7206]]]}},{"type":"Feature","properties":{"landuse":"farmland"},"geometry":{"type":"Polygon","coordinates":[[[7.0309,47.7406],[7.031,47.7436],[7.0275,47.7438],[7.0262,47.7407],[7.0309,47.7406]]]}},{"type":"Feature","properties":{"landuse":"farmland"},"geometry":{"type":"Polygon","coordinates":[[[7.9758,48.8413],[7.9708,48.8384],[7.9726,48.8378],[7.9758,48.8413]]]}},{"type":"Feature","properties":{"landuse":"farmland"},"geometry":{"type":"Polygon","coordinates":[[[7.957,48.839],[7.9571,48.8405],[7.9561,48.8402],[7.957,48.839]]]}},{"type":"Feature","properties":{"landuse":"farmland"},"geometry":{"type":"Polygon","coordinates":[[[7.8002,48.4794],[7.7976,48.4773],[7.801,48.4786],[7.8002,48.4794]]]}},{"type":"Feature","properties":{"landuse":"farmland"},"geometry":{"type":"Polygon","coordinates":[[[7.778,48.4773],[7.779,48.4752],[7.7786,48.4803],[7.778,48.4773]]]}},{"type":"Feature","properties":{"landuse":"farmland"},"geometry":{"type":"Polygon","coordinates":[[[7.7863,48.4897],[7.7831,48.487],[7.7882,48.4905],[7.7863,48.4897]]]}},{"type":"Feature","properties":{"landuse":"vineyard"},"geometry":{"type":"Polygon","coordinates":[[[7.1753,47.8301],[7.172,47.8281],[7.1804,47.8241],[7.1786,47.8265],[7.181,47.8267],[7.1753,47.8301]]]}},{"type":"Feature","properties":{"landuse":"farmland"},"geometry":{"type":"Polygon","coordinates":[[[7.7757,48.4418],[7.7732,48.4411],[7.7743,48.4405],[7.7757,48.4418]]]}},{"type":"Feature","properties":{"landuse":"farmland"},"geometry":{"type":"Polygon","coordinates":[[[7.781,48.4663],[7.7864,48.4697],[7.7857,48.4722],[7.781,48.4663]]]}},{"type":"Feature","properties":{"landuse":"farmland"},"geometry":{"type":"Polygon","coordinates":[[[7.7876,48.4869],[7.7891,48.4866],[7.7897,48.489],[7.7876,48.4869]]]}},{"type":"Feature","properties":{"landuse":"farmland"},"geometry":{"type":"Polygon","coordinates":[[[7.7944,48.4729],[7.7967,48.4768],[7.7918,48.4757],[7.7944,48.4729]]]}},{"type":"Feature","properties":{"landuse":"farmland"},"geometry":{"type":"Polygon","coordinates":[[[7.7888,48.4796],[7.7857,48.48],[7.7848,48.4767],[7.7895,48.4745],[7.7939,48.4781],[7.79,48.4788],[7.7884,48.476],[7.7888,48.4796]]]}},{"type":"Feature","properties":{"landuse":"farmland"},"geometry":{"type":"Polygon","coordinates":[[[7.8135,48.7602],[7.8113,48.7613],[7.8141,48.7567],[7.817,48.7603],[7.8135,48.7602]]]}},{"type":"Feature","properties":{"landuse":"farmland"},"geometry":{"type":"Polygon","coordinates":[[[7.771,48.4335],[7.7709,48.4364],[7.768,48.4348],[7.771,48.4335]]]}},{"type":"Feature","properties":{"landuse":"farmland"},"geometry":{"type":"Polygon","coordinates":[[[7.7987,48.4793],[7.7941,48.4782],[7.7959,48.4769],[7.7987,48.4793]]]}},{"type":"Feature","properties":{"landuse":"orchard"},"geometry":{"type":"Polygon","coordinates":[[[7.8015,48.462],[7.8011,48.4601],[7.8033,48.4613],[7.8015,48.462]]]}},{"type":"Feature","properties":{"landuse":"orchard"},"geometry":{"type":"Polygon","coordinates":[[[7.7958,48.4696],[7.7926,48.4682],[7.7961,48.4684],[7.7958,48.4696]]]}},{"type":"Feature","properties":{"landuse":"orchard"},"geometry":{"type":"Polygon","coordinates":[[[7.7969,48.462],[7.7986,48.4601],[7.8002,48.4619],[7.7969,48.462]]]}},{"type":"Feature","properties":{"landuse":"orchard"},"geometry":{"type":"Polygon","coordinates":[[[7.7914,48.4656],[7.7898,48.4649],[7.793,48.4633],[7.7914,48.4656]]]}},{"type":"Feature","properties":{"landuse":"farmland"},"geometry":{"type":"Polygon","coordinates":[[[7.7961,48.4684],[7.7894,48.4677],[7.7959,48.4669],[7.7961,48.4684]]]}},{"type":"Feature","properties":{"landuse":"orchard"},"geometry":{"type":"Polygon","coordinates":[[[7.7906,48.4612],[7.792,48.4614],[7.7915,48.4622],[7.7906,48.4612]]]}},{"type":"Feature","properties":{"landuse":"farmland"},"geometry":{"type":"Polygon","coordinates":[[[7.7839,48.461],[7.7822,48.4582],[7.7848,48.4604],[7.783,48.4616],[7.7839,48.461]]]}},{"type":"Feature","properties":{"landuse":"farmland"},"geometry":{"type":"Polygon","coordinates":[[[7.2984,47.6979],[7.3006,47.6972],[7.3031,47.6977],[7.2984,47.6979]]]}},{"type":"Feature","properties":{"landuse":"orchard"},"geometry":{"type":"Polygon","coordinates":[[[7.2998,47.6957],[7.3012,47.6959],[7.3045,47.6983],[7.2998,47.6957]]]}},{"type":"Feature","properties":{"landuse":"farmland"},"geometry":{"type":"Polygon","coordinates":[[[7.2962,47.6907],[7.2992,47.6882],[7.3017,47.692],[7.2962,47.6907]]]}},{"type":"Feature","properties":{"landuse":"farmland"},"geometry":{"type":"Polygon","coordinates":[[[7.2986,47.7023],[7.3006,47.7005],[7.3081,47.705],[7.3028,47.7061],[7.2986,47.7023]]]}},{"type":"Feature","properties":{"landuse":"green_public_spaces"},"geometry":{"type":"Polygon","coordinates":[[[7.3919,47.7688],[7.3906,47.7687],[7.3939,47.7686],[7.3919,47.7688]]]}},{"type":"Feature","properties":{"landuse":"orchard"},"geometry":{"type":"Polygon","coordinates":[[[7.4506,47.6541],[7.4462,47.66],[7.4426,47.6559],[7.4506,47.6541]]]}},{"type":"Feature","properties":{"landuse":"green_public_spaces"},"geometry":{"type":"Polygon","coordinates":[[[7.3689,47.7838],[7.3692,47.7828],[7.3704,47.7836],[7.3689,47.7838]]]}},{"type":"Feature","properties":{"landuse":"green_public_spaces"},"geometry":{"type":"Polygon","coordinates":[[[7.3291,47.7344],[7.3294,47.7337],[7.3311,47.7343],[7.3306,47.735],[7.3329,47.7352],[7.3291,47.7344]]]}},{"type":"Feature","properties":{"landuse":"green_public_spaces"},"geometry":{"type":"Polygon","coordinates":[[[7.311,47.7491],[7.3121,47.7496],[7.31,47.7501],[7.311,47.7491]]]}},{"type":"Feature","properties":{"landuse":"farmland"},"geometry":{"type":"Polygon","coordinates":[[[7.7269,48.5605],[7.7264,48.5596],[7.7287,48.5584],[7.7269,48.5605]]]}},{"type":"Feature","properties":{"landuse":"farmland"},"geometry":{"type":"Polygon","coordinates":[[[7.7297,48.5584],[7.7303,48.5526],[7.7311,48.5553],[7.7297,48.5584]]]}},{"type":"Feature","properties":{"landuse":"farmland"},"geometry":{"type":"Polygon","coordinates":[[[7.7181,48.5622],[7.7259,48.5598],[7.7239,48.5617],[7.7181,48.5622]]]}},{"type":"Feature","properties":{"landuse":"farmland"},"geometry":{"type":"Polygon","coordinates":[[[7.7017,48.4318],[7.7003,48.4282],[7.7068,48.4274],[7.7017,48.4318]]]}},{"type":"Feature","properties":{"landuse":"farmland"},"geometry":{"type":"Polygon","coordinates":[[[7.7056,48.4328],[7.7044,48.4312],[7.7115,48.4329],[7.7149,48.4415],[7.7081,48.4407],[7.7072,48.4433],[7.7036,48.4361],[7.7056,48.4328]]]}},{"type":"Feature","properties":{"landuse":"orchard"},"geometry":{"type":"Polygon","coordinates":[[[7.514,48.4183],[7.5142,48.4211],[7.5093,48.4198],[7.514,48.4183]]]}},{"type":"Feature","properties":{"landuse":"green_public_spaces"},"geometry":{"type":"Polygon","coordinates":[[[7.7621,48.6142],[7.7634,48.6154],[7.7622,48.6167],[7.7621,48.6142]]]}},{"type":"Feature","properties":{"landuse":"farmland"},"geometry":{"type":"Polygon","coordinates":[[[8.0696,48.8431],[8.0639,48.8476],[8.0587,48.8455],[8.0607,48.8381],[8.0646,48.8363],[8.0678,48.8374],[8.0661,48.8417],[8.0714,48.8417],[8.0696,48.8431]]]}},{"type":"Feature","properties":{"landuse":"farmland"},"geometry":{"type":"Polygon","coordinates":[[[8.0882,48.8515],[8.0641,48.851],[8.0649,48.8474],[8.0781,48.8387],[8.0984,48.8346],[8.083,48.8414],[8.0882,48.8515]]]}},{"type":"Feature","properties":{"landuse":"farmland"},"geometry":{"type":"Polygon","coordinates":[[[7.5608,47.5071],[7.5604,47.5061],[7.5682,47.5062],[7.5608,47.5071]]]}},{"type":"Feature","properties":{"landuse":"orchard"},"geometry":{"type":"Polygon","coordinates":[[[7.4968,47.5912],[7.4974,47.5884],[7.5002,47.5891],[7.4968,47.5912]]]}},{"type":"Feature","properties":{"landuse":"orchard"},"geometry":{"type":"Polygon","coordinates":[[[7.2709,47.6392],[7.272,47.6379],[7.2725,47.6397],[7.2709,47.6392]]]}},{"type":"Feature","properties":{"landuse":"farmland"},"geometry":{"type":"Polygon","coordinates":[[[7.8134,48.6394],[7.8126,48.6373],[7.8199,48.6363],[7.8183,48.6381],[7.821,48.6376],[7.8275,48.6482],[7.8229,48.6486],[7.8292,48.6546],[7.8213,48.6539],[7.8177,48.6557],[7.8194,48.6578],[7.8146,48.6577],[7.8095,48.6522],[7.8012,48.652],[7.8045,48.6505],[7.786,48.6406],[7.7893,48.6422],[7.7902,48.6397],[7.78,48.636],[7.7824,48.6381],[7.7798,48.6388],[7.7678,48.6322],[7.778,48.6376],[7.7756,48.63],[7.7807,48.6323],[7.7799,48.6357],[7.7809,48.6334],[7.7888,48.6338],[7.7882,48.63],[7.7825,48.6275],[7.7899,48.629],[7.7942,48.6344],[7.7923,48.6379],[7.8105,48.6464],[7.8165,48.644],[7.809,48.6404],[7.8134,48.6394]]]}},{"type":"Feature","properties":{"landuse":"farmland"},"geometry":{"type":"Polygon","coordinates":[[[7.8155,48.7421],[7.8341,48.7452],[7.8457,48.7413],[7.8454,48.7462],[7.8419,48.7472],[7.8441,48.7484],[7.8393,48.7484],[7.854,48.7505],[7.8559,48.7533],[7.8482,48.7529],[7.8547,48.7612],[7.848,48.7605],[7.8503,48.7652],[7.8334,48.77],[7.8316,48.7657],[7.8445,48.7581],[7.826,48.7503],[7.8292,48.7485],[7.8272,48.7475],[7.8192,48.754],[7.8189,48.7475],[7.8151,48.7462],[7.82,48.7448],[7.8155,48.7421]]]}},{"type":"Feature","properties":{"landuse":"farmland"},"geometry":{"type":"Polygon","coordinates":[[[7.3757,48.7656],[7.378,48.7651],[7.3792,48.7671],[7.3757,48.7656]]]}},{"type":"Feature","properties":{"landuse":"farmland"},"geometry":{"type":"Polygon","coordinates":[[[7.3844,48.761],[7.38,48.763],[7.3785,48.7612],[7.3844,48.761]]]}},{"type":"Feature","properties":{"landuse":"orchard"},"geometry":{"type":"Polygon","coordinates":[[[7.4043,48.7774],[7.4025,48.7771],[7.4033,48.7761],[7.4043,48.7774]]]}},{"type":"Feature","properties":{"landuse":"farmland"},"geometry":{"type":"Polygon","coordinates":[[[7.4034,48.7721],[7.4056,48.7727],[7.4038,48.7732],[7.4034,48.7721]]]}},{"type":"Feature","properties":{"landuse":"farmland"},"geometry":{"type":"Polygon","coordinates":[[[7.401,48.7694],[7.4017,48.7684],[7.4041,48.77],[7.401,48.7694]]]}},{"type":"Feature","properties":{"landuse":"farmland"},"geometry":{"type":"Polygon","coordinates":[[[7.4038,48.7688],[7.405,48.7681],[7.4064,48.769],[7.4038,48.7688]]]}},{"type":"Feature","properties":{"landuse":"farmland"},"geometry":{"type":"Polygon","coordinates":[[[7.4038,48.7733],[7.4069,48.7744],[7.4016,48.7743],[7.4038,48.7733]]]}},{"type":"Feature","properties":{"landuse":"green_public_spaces"},"geometry":{"type":"Polygon","coordinates":[[[7.8622,48.7703],[7.8629,48.7696],[7.8631,48.7711],[7.8622,48.7703]]]}},{"type":"Feature","properties":{"landuse":"farmland"},"geometry":{"type":"Polygon","coordinates":[[[7.9721,48.7249],[7.9718,48.7238],[7.9746,48.7247],[7.9721,48.7249]]]}},{"type":"Feature","properties":{"landuse":"farmland"},"geometry":{"type":"Polygon","coordinates":[[[7.5122,48.8296],[7.5147,48.8288],[7.5144,48.8293],[7.5122,48.8296]]]}},{"type":"Feature","properties":{"landuse":"farmland"},"geometry":{"type":"Polygon","coordinates":[[[7.444,48.8832],[7.4396,48.8819],[7.4439,48.882],[7.444,48.8832]]]}},{"type":"Feature","properties":{"landuse":"farmland"},"geometry":{"type":"Polygon","coordinates":[[[7.4467,48.8828],[7.4485,48.8828],[7.4467,48.8843],[7.4467,48.8828]]]}},{"type":"Feature","properties":{"landuse":"farmland"},"geometry":{"type":"Polygon","coordinates":[[[7.2185,48.7775],[7.2021,48.776],[7.2015,48.7738],[7.2152,48.7763],[7.218,48.7736],[7.2115,48.758],[7.2175,48.7559],[7.2208,48.7581],[7.2209,48.7639],[7.217,48.7639],[7.2185,48.7775]]]}},{"type":"Feature","properties":{"landuse":"farmland"},"geometry":{"type":"Polygon","coordinates":[[[7.2894,48.7679],[7.2979,48.7709],[7.2844,48.7724],[7.2894,48.7679]]]}},{"type":"Feature","properties":{"landuse":"farmland"},"geometry":{"type":"Polygon","coordinates":[[[7.256,48.7901],[7.2597,48.7894],[7.2564,48.7876],[7.2649,48.7805],[7.2662,48.7878],[7.256,48.7901]]]}},{"type":"Feature","properties":{"landuse":"farmland"},"geometry":{"type":"Polygon","coordinates":[[[7.2733,48.7781],[7.2693,48.7764],[7.2726,48.7759],[7.2733,48.7781]]]}},{"type":"Feature","properties":{"landuse":"farmland"},"geometry":{"type":"Polygon","coordinates":[[[7.2708,48.7744],[7.2656,48.7746],[7.2653,48.7738],[7.2708,48.7744]]]}},{"type":"Feature","properties":{"landuse":"orchard"},"geometry":{"type":"Polygon","coordinates":[[[7.3601,48.7601],[7.3535,48.7566],[7.358,48.7545],[7.3534,48.7523],[7.3559,48.7487],[7.3644,48.7495],[7.3559,48.7501],[7.3618,48.7529],[7.3601,48.7601]]]}},{"type":"Feature","properties":{"landuse":"farmland"},"geometry":{"type":"Polygon","coordinates":[[[7.3709,48.7642],[7.3705,48.7626],[7.3748,48.7632],[7.3709,48.7642]]]}},{"type":"Feature","properties":{"landuse":"orchard"},"geometry":{"type":"Polygon","coordinates":[[[7.3757,48.7799],[7.3642,48.7732],[7.3719,48.7719],[7.3753,48.7774],[7.3782,48.7771],[7.3757,48.7799]]]}},{"type":"Feature","properties":{"landuse":"farmland"},"geometry":{"type":"Polygon","coordinates":[[[7.4221,48.7765],[7.4241,48.7742],[7.4254,48.7764],[7.4221,48.7765]]]}},{"type":"Feature","properties":{"landuse":"farmland"},"geometry":{"type":"Polygon","coordinates":[[[7.4184,48.7723],[7.4163,48.7717],[7.4206,48.7683],[7.4249,48.7715],[7.4131,48.7761],[7.4184,48.7723]]]}},{"type":"Feature","properties":{"landuse":"farmland"},"geometry":{"type":"Polygon","coordinates":[[[7.4263,48.7767],[7.43,48.7765],[7.4268,48.7775],[7.4263,48.7767]]]}},{"type":"Feature","properties":{"landuse":"farmland"},"geometry":{"type":"Polygon","coordinates":[[[7.4132,48.7773],[7.4118,48.7765],[7.4143,48.7767],[7.4132,48.7773]]]}},{"type":"Feature","properties":{"landuse":"farmland"},"geometry":{"type":"Polygon","coordinates":[[[7.4229,48.7786],[7.4302,48.7779],[7.4294,48.7823],[7.4325,48.7824],[7.4305,48.7865],[7.4177,48.7896],[7.3983,48.7871],[7.4038,48.7825],[7.4211,48.7866],[7.4252,48.7819],[7.4229,48.7786]]]}},{"type":"Feature","properties":{"landuse":"farmland"},"geometry":{"type":"Polygon","coordinates":[[[7.4537,48.7705],[7.4494,48.7732],[7.4493,48.7712],[7.4537,48.7705]]]}},{"type":"Feature","properties":{"landuse":"farmland"},"geometry":{"type":"Polygon","coordinates":[[[7.4329,48.7738],[7.4313,48.7758],[7.4278,48.7735],[7.4329,48.7738]]]}},{"type":"Feature","properties":{"landuse":"farmland"},"geometry":{"type":"Polygon","coordinates":[[[7.4576,48.771],[7.4542,48.7699],[7.4605,48.7704],[7.4576,48.771]]]}},{"type":"Feature","properties":{"landuse":"farmland"},"geometry":{"type":"Polygon","coordinates":[[[7.4469,48.7707],[7.4338,48.7743],[7.4355,48.7696],[7.444,48.7679],[7.4469,48.7707]]]}},{"type":"Feature","properties":{"landuse":"farmland"},"geometry":{"type":"Polygon","coordinates":[[[7.453,48.7667],[7.458,48.7669],[7.4575,48.7674],[7.453,48.7667]]]}},{"type":"Feature","properties":{"landuse":"farmland"},"geometry":{"type":"Polygon","coordinates":[[[7.6507,48.546],[7.66,48.5488],[7.659,48.5521],[7.6632,48.5553],[7.6543,48.5533],[7.6507,48.546]]]}},{"type":"Feature","properties":{"landuse":"farmland"},"geometry":{"type":"Polygon","coordinates":[[[7.6243,48.5469],[7.6527,48.5523],[7.6558,48.5564],[7.6317,48.5539],[7.6243,48.5469]]]}},{"type":"Feature","properties":{"landuse":"orchard"},"geometry":{"type":"Polygon","coordinates":[[[7.6518,48.5567],[7.6519,48.5552],[7.6528,48.5558],[7.6518,48.5567]]]}},{"type":"Feature","properties":{"landuse":"farmland"},"geometry":{"type":"Polygon","coordinates":[[[7.4494,48.8013],[7.4479,48.803],[7.4549,48.8042],[7.4534,48.8099],[7.4506,48.8107],[7.4434,48.8035],[7.4494,48.8013]]]}},{"type":"Feature","properties":{"landuse":"farmland"},"geometry":{"type":"Polygon","coordinates":[[[7.4292,48.8001],[7.4266,48.7998],[7.4285,48.7979],[7.4292,48.8001]]]}},{"type":"Feature","properties":{"landuse":"farmland"},"geometry":{"type":"Polygon","coordinates":[[[7.4788,48.8631],[7.4778,48.8659],[7.4762,48.8647],[7.4788,48.8631]]]}},{"type":"Feature","properties":{"landuse":"farmland"},"geometry":{"type":"Polygon","coordinates":[[[7.4838,48.8591],[7.4857,48.8622],[7.4745,48.8615],[7.476,48.8574],[7.4804,48.8586],[7.4808,48.8533],[7.4734,48.8519],[7.4767,48.8502],[7.4716,48.8479],[7.486,48.848],[7.4856,48.8539],[7.4896,48.855],[7.492,48.8516],[7.49,48.8527],[7.4901,48.8498],[7.4962,48.8521],[7.4944,48.8538],[7.497,48.8525],[7.4918,48.8579],[7.4838,48.8591]]]}},{"type":"Feature","properties":{"landuse":"farmland"},"geometry":{"type":"Polygon","coordinates":[[[7.4982,48.8522],[7.5011,48.8488],[7.4951,48.8492],[7.4987,48.8447],[7.505,48.8495],[7.4982,48.8522]]]}},{"type":"Feature","properties":{"landuse":"farmland"},"geometry":{"type":"Polygon","coordinates":[[[7.5101,48.8399],[7.5122,48.8404],[7.5084,48.8456],[7.5002,48.842],[7.5101,48.8399]]]}},{"type":"Feature","properties":{"landuse":"farmland"},"geometry":{"type":"Polygon","coordinates":[[[7.4909,48.8593],[7.4908,48.8583],[7.4935,48.8586],[7.4909,48.8593]]]}},{"type":"Feature","properties":{"landuse":"farmland"},"geometry":{"type":"Polygon","coordinates":[[[7.4867,48.8623],[7.4861,48.8603],[7.4883,48.8616],[7.4867,48.8623]]]}},{"type":"Feature","properties":{"landuse":"farmland"},"geometry":{"type":"Polygon","coordinates":[[[7.4927,48.8484],[7.4947,48.8466],[7.4938,48.8489],[7.4927,48.8484]]]}},{"type":"Feature","properties":{"landuse":"farmland"},"geometry":{"type":"Polygon","coordinates":[[[7.5159,48.8505],[7.5194,48.8492],[7.5213,48.8509],[7.5159,48.8505]]]}},{"type":"Feature","properties":{"landuse":"farmland"},"geometry":{"type":"Polygon","coordinates":[[[7.5239,48.8493],[7.5271,48.8458],[7.5293,48.8484],[7.5239,48.8493]]]}},{"type":"Feature","properties":{"landuse":"farmland"},"geometry":{"type":"Polygon","coordinates":[[[7.502,48.8554],[7.5002,48.8538],[7.5061,48.8538],[7.502,48.8554]]]}},{"type":"Feature","properties":{"landuse":"orchard"},"geometry":{"type":"Polygon","coordinates":[[[7.5135,48.8442],[7.5131,48.8417],[7.5187,48.8466],[7.5135,48.8442]]]}},{"type":"Feature","properties":{"landuse":"farmland"},"geometry":{"type":"Polygon","coordinates":[[[7.5164,48.8502],[7.5158,48.8454],[7.5195,48.8463],[7.5169,48.8444],[7.5264,48.8456],[7.5164,48.8502]]]}},{"type":"Feature","properties":{"landuse":"orchard"},"geometry":{"type":"Polygon","coordinates":[[[7.502,48.8554],[7.5002,48.8553],[7.5005,48.8544],[7.502,48.8554]]]}},{"type":"Feature","properties":{"landuse":"farmland"},"geometry":{"type":"Polygon","coordinates":[[[7.5071,48.8528],[7.5097,48.8511],[7.5113,48.8526],[7.5071,48.8528]]]}},{"type":"Feature","properties":{"landuse":"farmland"},"geometry":{"type":"Polygon","coordinates":[[[7.5127,48.8469],[7.5143,48.8495],[7.513,48.8496],[7.5127,48.8469]]]}},{"type":"Feature","properties":{"landuse":"orchard"},"geometry":{"type":"Polygon","coordinates":[[[7.5406,48.8484],[7.5408,48.8471],[7.5431,48.849],[7.5406,48.8484]]]}},{"type":"Feature","properties":{"landuse":"orchard"},"geometry":{"type":"Polygon","coordinates":[[[7.5546,48.8567],[7.554,48.8594],[7.5399,48.8552],[7.5546,48.8567]]]}},{"type":"Feature","properties":{"landuse":"farmland"},"geometry":{"type":"Polygon","coordinates":[[[7.566,48.8407],[7.5673,48.8398],[7.5719,48.8403],[7.566,48.8407]]]}},{"type":"Feature","properties":{"landuse":"orchard"},"geometry":{"type":"Polygon","coordinates":[[[7.6968,48.3967],[7.6969,48.396],[7.6985,48.3961],[7.6968,48.3967]]]}},{"type":"Feature","properties":{"landuse":"vineyard"},"geometry":{"type":"Polygon","coordinates":[[[7.352,48.2238],[7.351,48.2221],[7.3554,48.2235],[7.352,48.2238]]]}},{"type":"Feature","properties":{"landuse":"green_public_spaces"},"geometry":{"type":"Polygon","coordinates":[[[7.3345,47.8258],[7.3345,47.825],[7.3358,47.8249],[7.3358,47.8258],[7.3345,47.8258]]]}},{"type":"Feature","properties":{"landuse":"farmland"},"geometry":{"type":"Polygon","coordinates":[[[7.2762,48.7546],[7.2715,48.7562],[7.2729,48.7539],[7.2762,48.7546]]]}},{"type":"Feature","properties":{"landuse":"farmland"},"geometry":{"type":"Polygon","coordinates":[[[7.2787,48.7585],[7.2842,48.7605],[7.2796,48.7626],[7.2787,48.7585]]]}},{"type":"Feature","properties":{"landuse":"farmland"},"geometry":{"type":"Polygon","coordinates":[[[7.2489,48.7626],[7.2474,48.7604],[7.2555,48.7608],[7.2551,48.7633],[7.2489,48.7626]]]}},{"type":"Feature","properties":{"landuse":"farmland"},"geometry":{"type":"Polygon","coordinates":[[[7.2746,48.7594],[7.2712,48.7613],[7.268,48.7602],[7.2746,48.7594]]]}},{"type":"Feature","properties":{"landuse":"farmland"},"geometry":{"type":"Polygon","coordinates":[[[7.2766,48.7634],[7.2874,48.7635],[7.2792,48.7662],[7.2766,48.7634]]]}},{"type":"Feature","properties":{"landuse":"farmland"},"geometry":{"type":"Polygon","coordinates":[[[7.2486,48.7676],[7.2475,48.7664],[7.25,48.7671],[7.2486,48.7676]]]}},{"type":"Feature","properties":{"landuse":"orchard"},"geometry":{"type":"Polygon","coordinates":[[[7.5565,48.823],[7.5561,48.8244],[7.5535,48.8239],[7.5565,48.823]]]}},{"type":"Feature","properties":{"landuse":"farmland"},"geometry":{"type":"Polygon","coordinates":[[[7.5587,48.8236],[7.5612,48.8228],[7.5608,48.8239],[7.5587,48.8236]]]}},{"type":"Feature","properties":{"landuse":"orchard"},"geometry":{"type":"Polygon","coordinates":[[[7.3072,48.1788],[7.3053,48.1764],[7.3093,48.1784],[7.3072,48.1788]]]}},{"type":"Feature","properties":{"landuse":"orchard"},"geometry":{"type":"Polygon","coordinates":[[[7.3123,48.1732],[7.3133,48.1742],[7.3103,48.1733],[7.3123,48.1732]]]}},{"type":"Feature","properties":{"landuse":"orchard"},"geometry":{"type":"Polygon","coordinates":[[[7.3111,48.1997],[7.3138,48.2003],[7.3121,48.2009],[7.3111,48.1997]]]}},{"type":"Feature","properties":{"landuse":"vineyard"},"geometry":{"type":"Polygon","coordinates":[[[7.3081,48.1988],[7.3089,48.1997],[7.3039,48.2001],[7.3081,48.1988]]]}},{"type":"Feature","properties":{"landuse":"vineyard"},"geometry":{"type":"Polygon","coordinates":[[[7.3097,48.1917],[7.3107,48.1922],[7.309,48.1926],[7.3097,48.1917]]]}},{"type":"Feature","properties":{"landuse":"vineyard"},"geometry":{"type":"Polygon","coordinates":[[[7.309,48.1991],[7.3129,48.197],[7.3148,48.1985],[7.309,48.1991]]]}},{"type":"Feature","properties":{"landuse":"orchard"},"geometry":{"type":"Polygon","coordinates":[[[7.306,48.1916],[7.312,48.1907],[7.31,48.1935],[7.306,48.1916]]]}},{"type":"Feature","properties":{"landuse":"orchard"},"geometry":{"type":"Polygon","coordinates":[[[7.3261,48.2068],[7.3274,48.208],[7.3257,48.2083],[7.3261,48.2068]]]}},{"type":"Feature","properties":{"landuse":"orchard"},"geometry":{"type":"Polygon","coordinates":[[[7.326,48.2048],[7.3289,48.2047],[7.3265,48.2055],[7.326,48.2048]]]}},{"type":"Feature","properties":{"landuse":"orchard"},"geometry":{"type":"Polygon","coordinates":[[[7.3366,48.212],[7.3377,48.2107],[7.338,48.2119],[7.3366,48.212]]]}},{"type":"Feature","properties":{"landuse":"orchard"},"geometry":{"type":"Polygon","coordinates":[[[7.3418,48.2079],[7.3417,48.2071],[7.3434,48.2085],[7.3418,48.2079]]]}},{"type":"Feature","properties":{"landuse":"vineyard"},"geometry":{"type":"Polygon","coordinates":[[[7.3509,48.2219],[7.3471,48.2221],[7.3498,48.2212],[7.3509,48.2219]]]}},{"type":"Feature","properties":{"landuse":"vineyard"},"geometry":{"type":"Polygon","coordinates":[[[7.3417,48.2237],[7.3507,48.2242],[7.3469,48.2259],[7.3417,48.2237]]]}},{"type":"Feature","properties":{"landuse":"orchard"},"geometry":{"type":"Polygon","coordinates":[[[7.2349,48.1545],[7.244,48.1545],[7.2377,48.1576],[7.2349,48.1545]]]}},{"type":"Feature","properties":{"landuse":"orchard"},"geometry":{"type":"Polygon","coordinates":[[[7.4695,48.5924],[7.4688,48.5943],[7.4657,48.5916],[7.4695,48.5924]]]}},{"type":"Feature","properties":{"landuse":"farmland"},"geometry":{"type":"Polygon","coordinates":[[[8.0463,48.9033],[8.0476,48.9042],[8.0433,48.9039],[8.0463,48.9033]]]}},{"type":"Feature","properties":{"landuse":"orchard"},"geometry":{"type":"Polygon","coordinates":[[[7.924,48.9906],[7.9242,48.987],[7.9285,48.9867],[7.924,48.9906]]]}},{"type":"Feature","properties":{"landuse":"farmland"},"geometry":{"type":"Polygon","coordinates":[[[7.9254,48.949],[7.9346,48.948],[7.9273,48.9509],[7.9254,48.949]]]}},{"type":"Feature","properties":{"landuse":"farmland"},"geometry":{"type":"Polygon","coordinates":[[[7.9478,48.9584],[7.945,48.9563],[7.9526,48.957],[7.9478,48.9584]]]}},{"type":"Feature","properties":{"landuse":"farmland"},"geometry":{"type":"Polygon","coordinates":[[[7.9515,48.9551],[7.9502,48.9515],[7.955,48.9498],[7.9555,48.954],[7.9515,48.9551]]]}},{"type":"Feature","properties":{"landuse":"orchard"},"geometry":{"type":"Polygon","coordinates":[[[7.9244,48.9472],[7.9258,48.9447],[7.9276,48.9454],[7.9244,48.9472]]]}},{"type":"Feature","properties":{"landuse":"farmland"},"geometry":{"type":"Polygon","coordinates":[[[7.9517,48.9533],[7.9455,48.9525],[7.9499,48.9512],[7.9517,48.9533]]]}},{"type":"Feature","properties":{"landuse":"farmland"},"geometry":{"type":"Polygon","coordinates":[[[7.9236,48.9466],[7.9262,48.9487],[7.9224,48.9478],[7.9236,48.9466]]]}},{"type":"Feature","properties":{"landuse":"farmland"},"geometry":{"type":"Polygon","coordinates":[[[7.9449,48.9482],[7.9478,48.9469],[7.9499,48.9512],[7.9459,48.9519],[7.9449,48.9482]]]}},{"type":"Feature","properties":{"landuse":"farmland"},"geometry":{"type":"Polygon","coordinates":[[[7.9536,48.9418],[7.9524,48.94],[7.9632,48.9381],[7.9593,48.9399],[7.9622,48.9409],[7.9599,48.9427],[7.9536,48.9418]]]}},{"type":"Feature","properties":{"landuse":"farmland"},"geometry":{"type":"Polygon","coordinates":[[[8.1424,48.9724],[8.1429,48.976],[8.1373,48.9745],[8.1376,48.972],[8.1424,48.9724]]]}},{"type":"Feature","properties":{"landuse":"farmland"},"geometry":{"type":"Polygon","coordinates":[[[8.1505,48.9725],[8.1376,48.9719],[8.1374,48.9694],[8.1505,48.9725]]]}},{"type":"Feature","properties":{"landuse":"farmland"},"geometry":{"type":"Polygon","coordinates":[[[8.1502,48.9751],[8.144,48.9759],[8.1438,48.9737],[8.1505,48.9726],[8.1502,48.9751]]]}},{"type":"Feature","properties":{"landuse":"farmland"},"geometry":{"type":"Polygon","coordinates":[[[8.1374,48.9694],[8.1349,48.9646],[8.1369,48.9639],[8.1483,48.9689],[8.1374,48.9694]]]}},{"type":"Feature","properties":{"landuse":"farmland"},"geometry":{"type":"Polygon","coordinates":[[[8.1264,48.9737],[8.127,48.9724],[8.1291,48.9743],[8.1264,48.9737]]]}},{"type":"Feature","properties":{"landuse":"orchard"},"geometry":{"type":"Polygon","coordinates":[[[7.8963,48.9352],[7.8977,48.9336],[7.8977,48.9372],[7.8963,48.9352]]]}},{"type":"Feature","properties":{"landuse":"farmland"},"geometry":{"type":"Polygon","coordinates":[[[7.8946,48.9347],[7.8977,48.9336],[7.897,48.9351],[7.8946,48.9347]]]}},{"type":"Feature","properties":{"landuse":"farmland"},"geometry":{"type":"Polygon","coordinates":[[[7.8976,48.9352],[7.903,48.9333],[7.9034,48.9356],[7.8976,48.9352]]]}},{"type":"Feature","properties":{"landuse":"farmland"},"geometry":{"type":"Polygon","coordinates":[[[7.8723,48.9286],[7.8786,48.9294],[7.8821,48.9319],[7.8723,48.9286]]]}},{"type":"Feature","properties":{"landuse":"farmland"},"geometry":{"type":"Polygon","coordinates":[[[7.9523,48.9578],[7.9522,48.9563],[7.9547,48.9564],[7.9523,48.9578]]]}},{"type":"Feature","properties":{"landuse":"farmland"},"geometry":{"type":"Polygon","coordinates":[[[7.9478,48.9584],[7.9535,48.9583],[7.953,48.9609],[7.9478,48.9584]]]}},{"type":"Feature","properties":{"landuse":"farmland"},"geometry":{"type":"Polygon","coordinates":[[[7.4639,48.8326],[7.4623,48.8309],[7.4672,48.8322],[7.4639,48.8326]]]}},{"type":"Feature","properties":{"landuse":"farmland"},"geometry":{"type":"Polygon","coordinates":[[[7.9433,48.8937],[7.9388,48.8933],[7.9416,48.885],[7.9433,48.8937]]]}},{"type":"Feature","properties":{"landuse":"farmland"},"geometry":{"type":"Polygon","coordinates":[[[7.9436,48.8937],[7.944,48.8913],[7.9546,48.8917],[7.9543,48.8949],[7.9436,48.8937]]]}},{"type":"Feature","properties":{"landuse":"farmland"},"geometry":{"type":"Polygon","coordinates":[[[7.9727,48.9283],[7.9715,48.9261],[7.9749,48.9253],[7.9768,48.9277],[7.9727,48.9283]]]}},{"type":"Feature","properties":{"landuse":"farmland"},"geometry":{"type":"Polygon","coordinates":[[[7.966,48.9335],[7.964,48.9312],[7.9711,48.9259],[7.9727,48.9283],[7.966,48.9335]]]}},{"type":"Feature","properties":{"landuse":"farmland"},"geometry":{"type":"Polygon","coordinates":[[[7.9668,48.928],[7.9655,48.9234],[7.9689,48.9267],[7.9669,48.9225],[7.9711,48.9258],[7.9668,48.928]]]}},{"type":"Feature","properties":{"landuse":"farmland"},"geometry":{"type":"Polygon","coordinates":[[[7.9631,48.9268],[7.9594,48.9328],[7.957,48.9288],[7.9603,48.9243],[7.9632,48.9239],[7.9651,48.9263],[7.9631,48.9268]]]}},{"type":"Feature","properties":{"landuse":"farmland"},"geometry":{"type":"Polygon","coordinates":[[[7.9521,48.9263],[7.9548,48.9285],[7.9521,48.9275],[7.9521,48.9263]]]}},{"type":"Feature","properties":{"landuse":"farmland"},"geometry":{"type":"Polygon","coordinates":[[[7.9533,48.9341],[7.9489,48.9332],[7.9579,48.9325],[7.9533,48.9341]]]}},{"type":"Feature","properties":{"landuse":"farmland"},"geometry":{"type":"Polygon","coordinates":[[[7.9503,48.9306],[7.9516,48.9277],[7.9548,48.9285],[7.9552,48.9319],[7.9503,48.9306]]]}},{"type":"Feature","properties":{"landuse":"farmland"},"geometry":{"type":"Polygon","coordinates":[[[7.9612,48.9344],[7.9594,48.9328],[7.9619,48.9293],[7.964,48.9312],[7.9612,48.9344]]]}},{"type":"Feature","properties":{"landuse":"farmland"},"geometry":{"type":"Polygon","coordinates":[[[7.9572,48.9288],[7.9564,48.9272],[7.9586,48.9276],[7.9572,48.9288]]]}},{"type":"Feature","properties":{"landuse":"farmland"},"geometry":{"type":"Polygon","coordinates":[[[7.9646,48.9304],[7.9622,48.9278],[7.9648,48.9265],[7.9646,48.9304]]]}},{"type":"Feature","properties":{"landuse":"farmland"},"geometry":{"type":"Polygon","coordinates":[[[7.9697,48.935],[7.9672,48.9317],[7.9727,48.9283],[7.9755,48.9319],[7.9697,48.935]]]}},{"type":"Feature","properties":{"landuse":"farmland"},"geometry":{"type":"Polygon","coordinates":[[[7.9552,48.9319],[7.9547,48.9274],[7.9581,48.9323],[7.9552,48.9319]]]}},{"type":"Feature","properties":{"landuse":"farmland"},"geometry":{"type":"Polygon","coordinates":[[[7.9712,48.9258],[7.9696,48.9224],[7.9747,48.9252],[7.9712,48.9258]]]}},{"type":"Feature","properties":{"landuse":"farmland"},"geometry":{"type":"Polygon","coordinates":[[[7.9314,48.9494],[7.9335,48.9522],[7.9273,48.9509],[7.9314,48.9494]]]}},{"type":"Feature","properties":{"landuse":"farmland"},"geometry":{"type":"Polygon","coordinates":[[[7.9346,48.948],[7.9314,48.9441],[7.9337,48.9428],[7.9372,48.9466],[7.9346,48.948]]]}},{"type":"Feature","properties":{"landuse":"farmland"},"geometry":{"type":"Polygon","coordinates":[[[7.9372,48.9508],[7.9346,48.948],[7.9372,48.9466],[7.9402,48.9493],[7.9372,48.9508]]]}},{"type":"Feature","properties":{"landuse":"farmland"},"geometry":{"type":"Polygon","coordinates":[[[7.9368,48.954],[7.9263,48.9547],[7.9299,48.9523],[7.9368,48.954]]]}},{"type":"Feature","properties":{"landuse":"farmland"},"geometry":{"type":"Polygon","coordinates":[[[7.9307,48.9568],[7.9321,48.9548],[7.9368,48.954],[7.9307,48.9568]]]}},{"type":"Feature","properties":{"landuse":"vineyard"},"geometry":{"type":"Polygon","coordinates":[[[7.9267,48.9459],[7.9276,48.9454],[7.9304,48.9471],[7.9267,48.9459]]]}},{"type":"Feature","properties":{"landuse":"farmland"},"geometry":{"type":"Polygon","coordinates":[[[7.9335,48.9522],[7.9321,48.9508],[7.9357,48.9493],[7.9387,48.9514],[7.9335,48.9522]]]}},{"type":"Feature","properties":{"landuse":"vineyard"},"geometry":{"type":"Polygon","coordinates":[[[7.928,48.948],[7.9257,48.9465],[7.9288,48.9477],[7.928,48.948]]]}},{"type":"Feature","properties":{"landuse":"farmland"},"geometry":{"type":"Polygon","coordinates":[[[7.9245,48.9574],[7.9202,48.9568],[7.9251,48.9536],[7.9245,48.9574]]]}},{"type":"Feature","properties":{"landuse":"farmland"},"geometry":{"type":"Polygon","coordinates":[[[7.9314,48.9494],[7.9357,48.9493],[7.9321,48.9508],[7.9314,48.9494]]]}},{"type":"Feature","properties":{"landuse":"farmland"},"geometry":{"type":"Polygon","coordinates":[[[7.9262,48.9487],[7.9244,48.9472],[7.928,48.948],[7.9262,48.9487]]]}},{"type":"Feature","properties":{"landuse":"farmland"},"geometry":{"type":"Polygon","coordinates":[[[7.9276,48.9454],[7.9314,48.9441],[7.9331,48.9463],[7.9276,48.9454]]]}},{"type":"Feature","properties":{"landuse":"farmland"},"geometry":{"type":"Polygon","coordinates":[[[7.9245,48.9574],[7.926,48.9552],[7.932,48.9548],[7.9245,48.9574]]]}},{"type":"Feature","properties":{"landuse":"farmland"},"geometry":{"type":"Polygon","coordinates":[[[7.926,48.9552],[7.9322,48.9544],[7.9312,48.955],[7.926,48.9552]]]}},{"type":"Feature","properties":{"landuse":"farmland"},"geometry":{"type":"Polygon","coordinates":[[[7.9263,48.9547],[7.9251,48.9536],[7.9299,48.9523],[7.9263,48.9547]]]}},{"type":"Feature","properties":{"landuse":"farmland"},"geometry":{"type":"Polygon","coordinates":[[[7.9287,48.945],[7.9323,48.9392],[7.9335,48.9425],[7.9287,48.945]]]}},{"type":"Feature","properties":{"landuse":"farmland"},"geometry":{"type":"Polygon","coordinates":[[[7.895,48.9505],[7.8902,48.9464],[7.8997,48.9502],[7.895,48.9505]]]}},{"type":"Feature","properties":{"landuse":"farmland"},"geometry":{"type":"Polygon","coordinates":[[[7.8909,48.9422],[7.8929,48.9379],[7.8959,48.9394],[7.8909,48.9422]]]}},{"type":"Feature","properties":{"landuse":"farmland"},"geometry":{"type":"Polygon","coordinates":[[[7.8925,48.9442],[7.896,48.945],[7.895,48.9472],[7.8925,48.9442]]]}},{"type":"Feature","properties":{"landuse":"farmland"},"geometry":{"type":"Polygon","coordinates":[[[7.8925,48.9442],[7.8936,48.9424],[7.901,48.9442],[7.8925,48.9442]]]}},{"type":"Feature","properties":{"landuse":"farmland"},"geometry":{"type":"Polygon","coordinates":[[[7.8967,48.9425],[7.9007,48.9416],[7.8984,48.9433],[7.8967,48.9425]]]}},{"type":"Feature","properties":{"landuse":"farmland"},"geometry":{"type":"Polygon","coordinates":[[[7.8967,48.939],[7.8984,48.9381],[7.9014,48.9411],[7.8967,48.939]]]}},{"type":"Feature","properties":{"landuse":"farmland"},"geometry":{"type":"Polygon","coordinates":[[[7.896,48.9432],[7.8936,48.9424],[7.8967,48.939],[7.8991,48.941],[7.896,48.9432]]]}},{"type":"Feature","properties":{"landuse":"farmland"},"geometry":{"type":"Polygon","coordinates":[[[7.9542,48.9248],[7.9546,48.9223],[7.9638,48.9206],[7.9542,48.9248]]]}},{"type":"Feature","properties":{"landuse":"farmland"},"geometry":{"type":"Polygon","coordinates":[[[7.9586,48.9258],[7.9558,48.9239],[7.962,48.9228],[7.9586,48.9258]]]}},{"type":"Feature","properties":{"landuse":"farmland"},"geometry":{"type":"Polygon","coordinates":[[[7.9139,48.9778],[7.9127,48.9762],[7.9229,48.9735],[7.9254,48.9784],[7.9139,48.9778]]]}},{"type":"Feature","properties":{"landuse":"farmland"},"geometry":{"type":"Polygon","coordinates":[[[7.9198,48.9679],[7.9273,48.964],[7.9289,48.9663],[7.9248,48.9698],[7.9198,48.9679]]]}},{"type":"Feature","properties":{"landuse":"farmland"},"geometry":{"type":"Polygon","coordinates":[[[7.933,48.9689],[7.9307,48.967],[7.9328,48.9658],[7.933,48.9689]]]}},{"type":"Feature","properties":{"landuse":"farmland"},"geometry":{"type":"Polygon","coordinates":[[[7.9314,48.9695],[7.9296,48.9675],[7.933,48.9689],[7.9314,48.9695]]]}},{"type":"Feature","properties":{"landuse":"farmland"},"geometry":{"type":"Polygon","coordinates":[[[7.9337,48.9718],[7.9316,48.9698],[7.9375,48.9711],[7.9337,48.9718]]]}},{"type":"Feature","properties":{"landuse":"farmland"},"geometry":{"type":"Polygon","coordinates":[[[7.916,48.9696],[7.9197,48.9679],[7.9214,48.9702],[7.916,48.9696]]]}},{"type":"Feature","properties":{"landuse":"farmland"},"geometry":{"type":"Polygon","coordinates":[[[7.9344,48.9723],[7.9286,48.9716],[7.9316,48.9698],[7.9344,48.9723]]]}},{"type":"Feature","properties":{"landuse":"farmland"},"geometry":{"type":"Polygon","coordinates":[[[7.9248,48.9735],[7.9295,48.9722],[7.9338,48.976],[7.9317,48.9781],[7.9248,48.9735]]]}},{"type":"Feature","properties":{"landuse":"farmland"},"geometry":{"type":"Polygon","coordinates":[[[7.9291,48.9668],[7.9314,48.9695],[7.9269,48.9721],[7.9291,48.9668]]]}},{"type":"Feature","properties":{"landuse":"orchard"},"geometry":{"type":"Polygon","coordinates":[[[7.4617,48.4997],[7.4535,48.5029],[7.453,48.4997],[7.4617,48.4997]]]}},{"type":"Feature","properties":{"landuse":"farmland"},"geometry":{"type":"Polygon","coordinates":[[[7.463,48.4992],[7.4605,48.4996],[7.4611,48.4984],[7.463,48.4992]]]}},{"type":"Feature","properties":{"landuse":"farmland"},"geometry":{"type":"Polygon","coordinates":[[[7.9966,48.9353],[7.9959,48.9357],[7.9947,48.9342],[7.9966,48.9353]]]}},{"type":"Feature","properties":{"landuse":"farmland"},"geometry":{"type":"Polygon","coordinates":[[[8.078,48.9735],[8.0794,48.9708],[8.083,48.9729],[8.078,48.9735]]]}},{"type":"Feature","properties":{"landuse":"farmland"},"geometry":{"type":"Polygon","coordinates":[[[8.0815,48.9684],[8.0836,48.9663],[8.0948,48.9707],[8.0868,48.9724],[8.0815,48.9684]]]}},{"type":"Feature","properties":{"landuse":"farmland"},"geometry":{"type":"Polygon","coordinates":[[[8.0794,48.9708],[8.0815,48.9684],[8.0868,48.9724],[8.0832,48.9737],[8.0794,48.9708]]]}},{"type":"Feature","properties":{"landuse":"farmland"},"geometry":{"type":"Polygon","coordinates":[[[7.9292,48.9858],[7.9344,48.9821],[7.9336,48.9874],[7.9292,48.9858]]]}},{"type":"Feature","properties":{"landuse":"farmland"},"geometry":{"type":"Polygon","coordinates":[[[7.9351,48.9844],[7.9381,48.9837],[7.9386,48.988],[7.9315,48.9892],[7.9351,48.9844]]]}},{"type":"Feature","properties":{"landuse":"orchard"},"geometry":{"type":"Polygon","coordinates":[[[7.9292,48.9858],[7.9336,48.9874],[7.9289,48.9863],[7.9292,48.9858]]]}},{"type":"Feature","properties":{"landuse":"farmland"},"geometry":{"type":"Polygon","coordinates":[[[7.9257,48.984],[7.9321,48.9815],[7.9285,48.9867],[7.9257,48.984]]]}},{"type":"Feature","properties":{"landuse":"farmland"},"geometry":{"type":"Polygon","coordinates":[[[7.9345,48.9832],[7.9308,48.981],[7.9356,48.9793],[7.9381,48.9837],[7.9345,48.9832]]]}},{"type":"Feature","properties":{"landuse":"farmland"},"geometry":{"type":"Polygon","coordinates":[[[7.9289,48.9863],[7.9333,48.9878],[7.926,48.9903],[7.9289,48.9863]]]}},{"type":"Feature","properties":{"landuse":"farmland"},"geometry":{"type":"Polygon","coordinates":[[[7.934,48.9909],[7.9378,48.9888],[7.9419,48.9929],[7.9384,48.9915],[7.9391,48.9952],[7.934,48.9909]]]}},{"type":"Feature","properties":{"landuse":"farmland"},"geometry":{"type":"Polygon","coordinates":[[[8.0983,48.9796],[8.0966,48.9758],[8.1011,48.9752],[8.1011,48.9795],[8.0983,48.9796]]]}},{"type":"Feature","properties":{"landuse":"farmland"},"geometry":{"type":"Polygon","coordinates":[[[8.1072,48.9746],[8.1204,48.9782],[8.1011,48.9795],[8.1014,48.9752],[8.1072,48.9746]]]}},{"type":"Feature","properties":{"landuse":"farmland"},"geometry":{"type":"Polygon","coordinates":[[[8.1106,48.9752],[8.1222,48.9744],[8.1181,48.9775],[8.1106,48.9752]]]}},{"type":"Feature","properties":{"landuse":"farmland"},"geometry":{"type":"Polygon","coordinates":[[[8.0896,48.8347],[8.0844,48.8311],[8.0884,48.83],[8.0951,48.8344],[8.0896,48.8347]]]}},{"type":"Feature","properties":{"landuse":"farmland"},"geometry":{"type":"Polygon","coordinates":[[[8.0784,48.833],[8.0771,48.8312],[8.0819,48.8279],[8.0844,48.8311],[8.0784,48.833]]]}},{"type":"Feature","properties":{"landuse":"farmland"},"geometry":{"type":"Polygon","coordinates":[[[8.0819,48.8279],[8.0713,48.8311],[8.0732,48.828],[8.0819,48.8279]]]}},{"type":"Feature","properties":{"landuse":"farmland"},"geometry":{"type":"Polygon","coordinates":[[[8.085,48.8356],[8.0803,48.8322],[8.0844,48.8311],[8.0896,48.8347],[8.085,48.8356]]]}},{"type":"Feature","properties":{"landuse":"farmland"},"geometry":{"type":"Polygon","coordinates":[[[8.0732,48.828],[8.0713,48.8311],[8.0675,48.8294],[8.0732,48.828]]]}},{"type":"Feature","properties":{"landuse":"farmland"},"geometry":{"type":"Polygon","coordinates":[[[8.0675,48.8294],[8.0713,48.8311],[8.0675,48.8327],[8.0675,48.8294]]]}},{"type":"Feature","properties":{"landuse":"farmland"},"geometry":{"type":"Polygon","coordinates":[[[8.0267,48.9174],[8.0262,48.9153],[8.0323,48.9142],[8.0334,48.9176],[8.0267,48.9174]]]}},{"type":"Feature","properties":{"landuse":"farmland"},"geometry":{"type":"Polygon","coordinates":[[[8.0294,48.9228],[8.0339,48.9175],[8.0313,48.9228],[8.0294,48.9228]]]}},{"type":"Feature","properties":{"landuse":"farmland"},"geometry":{"type":"Polygon","coordinates":[[[8.0271,48.92],[8.0267,48.9174],[8.0332,48.9178],[8.0271,48.92]]]}},{"type":"Feature","properties":{"landuse":"farmland"},"geometry":{"type":"Polygon","coordinates":[[[8.0108,48.9222],[8.0214,48.9205],[8.0242,48.9243],[8.0144,48.9254],[8.0108,48.9222]]]}},{"type":"Feature","properties":{"landuse":"farmland"},"geometry":{"type":"Polygon","coordinates":[[[8.0234,48.9226],[8.0214,48.9205],[8.0288,48.9221],[8.0234,48.9226]]]}},{"type":"Feature","properties":{"landuse":"farmland"},"geometry":{"type":"Polygon","coordinates":[[[8.0269,48.9151],[8.0284,48.912],[8.0298,48.9142],[8.0269,48.9151]]]}},{"type":"Feature","properties":{"landuse":"farmland"},"geometry":{"type":"Polygon","coordinates":[[[8.0283,48.9214],[8.0271,48.92],[8.0295,48.92],[8.0283,48.9214]]]}},{"type":"Feature","properties":{"landuse":"farmland"},"geometry":{"type":"Polygon","coordinates":[[[8.0214,48.9205],[8.0187,48.9178],[8.0267,48.9185],[8.0214,48.9205]]]}},{"type":"Feature","properties":{"landuse":"farmland"},"geometry":{"type":"Polygon","coordinates":[[[8.0201,48.918],[8.0192,48.915],[8.0262,48.9153],[8.0267,48.9185],[8.0201,48.918]]]}},{"type":"Feature","properties":{"landuse":"farmland"},"geometry":{"type":"Polygon","coordinates":[[[8.0209,48.9149],[8.0161,48.9117],[8.02,48.9122],[8.0209,48.9149]]]}},{"type":"Feature","properties":{"landuse":"orchard"},"geometry":{"type":"Polygon","coordinates":[[[7.5355,48.8422],[7.5372,48.8422],[7.5347,48.8432],[7.5355,48.8422]]]}},{"type":"Feature","properties":{"landuse":"farmland"},"geometry":{"type":"Polygon","coordinates":[[[8.0324,48.9109],[8.0281,48.9064],[8.0342,48.907],[8.0324,48.9109]]]}},{"type":"Feature","properties":{"landuse":"farmland"},"geometry":{"type":"Polygon","coordinates":[[[8.0442,48.9211],[8.0472,48.9184],[8.0529,48.9196],[8.0442,48.9211]]]}},{"type":"Feature","properties":{"landuse":"farmland"},"geometry":{"type":"Polygon","coordinates":[[[8.047,48.9153],[8.0516,48.9148],[8.0529,48.9196],[8.0472,48.9184],[8.047,48.9153]]]}},{"type":"Feature","properties":{"landuse":"farmland"},"geometry":{"type":"Polygon","coordinates":[[[8.0336,48.9129],[8.038,48.915],[8.0363,48.9153],[8.0336,48.9129]]]}},{"type":"Feature","properties":{"landuse":"farmland"},"geometry":{"type":"Polygon","coordinates":[[[8.048,48.9152],[8.0449,48.9111],[8.0488,48.9101],[8.0516,48.9148],[8.048,48.9152]]]}},{"type":"Feature","properties":{"landuse":"farmland"},"geometry":{"type":"Polygon","coordinates":[[[8.0366,48.9078],[8.0389,48.9133],[8.0347,48.9121],[8.0366,48.9078]]]}},{"type":"Feature","properties":{"landuse":"farmland"},"geometry":{"type":"Polygon","coordinates":[[[8.0362,48.9155],[8.0385,48.9158],[8.039,48.9225],[8.0331,48.9205],[8.0362,48.9155]]]}},{"type":"Feature","properties":{"landuse":"farmland"},"geometry":{"type":"Polygon","coordinates":[[[8.0331,48.9125],[8.034,48.9094],[8.0344,48.9119],[8.0331,48.9125]]]}},{"type":"Feature","properties":{"landuse":"farmland"},"geometry":{"type":"Polygon","coordinates":[[[8.0448,48.9109],[8.0433,48.9064],[8.0472,48.9103],[8.0448,48.9109]]]}},{"type":"Feature","properties":{"landuse":"farmland"},"geometry":{"type":"Polygon","coordinates":[[[8.031,48.9245],[8.0348,48.9251],[8.0337,48.9307],[8.0272,48.9274],[8.031,48.9245]]]}},{"type":"Feature","properties":{"landuse":"farmland"},"geometry":{"type":"Polygon","coordinates":[[[8.0424,48.9209],[8.0467,48.9231],[8.0437,48.9246],[8.0448,48.9281],[8.041,48.925],[8.0424,48.9209]]]}},{"type":"Feature","properties":{"landuse":"farmland"},"geometry":{"type":"Polygon","coordinates":[[[8.0389,48.9205],[8.0454,48.9161],[8.0472,48.9184],[8.0389,48.9205]]]}},{"type":"Feature","properties":{"landuse":"farmland"},"geometry":{"type":"Polygon","coordinates":[[[8.0552,48.9153],[8.0491,48.91],[8.0559,48.9091],[8.0587,48.9136],[8.0552,48.9153]]]}},{"type":"Feature","properties":{"landuse":"farmland"},"geometry":{"type":"Polygon","coordinates":[[[8.0373,48.914],[8.0447,48.9112],[8.0468,48.9156],[8.0411,48.9178],[8.0373,48.914]]]}},{"type":"Feature","properties":{"landuse":"farmland"},"geometry":{"type":"Polygon","coordinates":[[[8.0352,48.924],[8.0391,48.9245],[8.0384,48.9312],[8.0335,48.9316],[8.0352,48.924]]]}},{"type":"Feature","properties":{"landuse":"farmland"},"geometry":{"type":"Polygon","coordinates":[[[8.0352,48.924],[8.0353,48.9216],[8.039,48.9225],[8.0352,48.924]]]}},{"type":"Feature","properties":{"landuse":"farmland"},"geometry":{"type":"Polygon","coordinates":[[[8.0374,48.9096],[8.0404,48.9085],[8.0428,48.912],[8.039,48.9133],[8.0374,48.9096]]]}},{"type":"Feature","properties":{"landuse":"farmland"},"geometry":{"type":"Polygon","coordinates":[[[8.0428,48.912],[8.0411,48.9083],[8.0435,48.9079],[8.0428,48.912]]]}},{"type":"Feature","properties":{"landuse":"farmland"},"geometry":{"type":"Polygon","coordinates":[[[8.0353,48.9216],[8.0318,48.9229],[8.0331,48.9205],[8.0353,48.9216]]]}},{"type":"Feature","properties":{"landuse":"farmland"},"geometry":{"type":"Polygon","coordinates":[[[8.0315,48.9234],[8.0352,48.9235],[8.0278,48.9252],[8.0315,48.9234]]]}},{"type":"Feature","properties":{"landuse":"farmland"},"geometry":{"type":"Polygon","coordinates":[[[8.0315,48.9234],[8.0315,48.9222],[8.0331,48.9205],[8.0315,48.9234]]]}},{"type":"Feature","properties":{"landuse":"farmland"},"geometry":{"type":"Polygon","coordinates":[[[8.0535,48.9131],[8.0517,48.9139],[8.05,48.9114],[8.0535,48.9131]]]}},{"type":"Feature","properties":{"landuse":"farmland"},"geometry":{"type":"Polygon","coordinates":[[[8.0346,48.9151],[8.0363,48.9153],[8.035,48.9176],[8.0346,48.9151]]]}},{"type":"Feature","properties":{"landuse":"farmland"},"geometry":{"type":"Polygon","coordinates":[[[8.0346,48.9151],[8.0338,48.9136],[8.0363,48.9153],[8.0346,48.9151]]]}},{"type":"Feature","properties":{"landuse":"farmland"},"geometry":{"type":"Polygon","coordinates":[[[8.039,48.9225],[8.0424,48.9209],[8.0422,48.9236],[8.039,48.9225]]]}},{"type":"Feature","properties":{"landuse":"farmland"},"geometry":{"type":"Polygon","coordinates":[[[8.0392,48.9277],[8.0413,48.9246],[8.0423,48.9278],[8.0392,48.9277]]]}},{"type":"Feature","properties":{"landuse":"farmland"},"geometry":{"type":"Polygon","coordinates":[[[7.9746,48.9775],[7.9791,48.9755],[7.9771,48.9792],[7.9746,48.9775]]]}},{"type":"Feature","properties":{"landuse":"farmland"},"geometry":{"type":"Polygon","coordinates":[[[7.9412,48.9445],[7.937,48.9408],[7.9393,48.9403],[7.9412,48.9445]]]}},{"type":"Feature","properties":{"landuse":"farmland"},"geometry":{"type":"Polygon","coordinates":[[[7.9424,48.9504],[7.9372,48.9466],[7.9431,48.9494],[7.9424,48.9504]]]}},{"type":"Feature","properties":{"landuse":"farmland"},"geometry":{"type":"Polygon","coordinates":[[[7.9386,48.9459],[7.9371,48.944],[7.9385,48.9436],[7.9386,48.9459]]]}},{"type":"Feature","properties":{"landuse":"farmland"},"geometry":{"type":"Polygon","coordinates":[[[7.9526,48.9488],[7.9502,48.9454],[7.9525,48.9451],[7.9526,48.9488]]]}},{"type":"Feature","properties":{"landuse":"farmland"},"geometry":{"type":"Polygon","coordinates":[[[7.9517,48.9439],[7.948,48.9442],[7.947,48.9376],[7.9517,48.9439]]]}},{"type":"Feature","properties":{"landuse":"farmland"},"geometry":{"type":"Polygon","coordinates":[[[7.9412,48.9445],[7.943,48.9424],[7.9434,48.9444],[7.9412,48.9445]]]}},{"type":"Feature","properties":{"landuse":"farmland"},"geometry":{"type":"Polygon","coordinates":[[[7.9454,48.9441],[7.9434,48.9444],[7.9431,48.9425],[7.9454,48.9441]]]}},{"type":"Feature","properties":{"landuse":"farmland"},"geometry":{"type":"Polygon","coordinates":[[[7.9454,48.9441],[7.9475,48.9427],[7.948,48.9442],[7.9454,48.9441]]]}},{"type":"Feature","properties":{"landuse":"farmland"},"geometry":{"type":"Polygon","coordinates":[[[7.952,48.9477],[7.9488,48.9485],[7.948,48.9442],[7.952,48.9477]]]}},{"type":"Feature","properties":{"landuse":"farmland"},"geometry":{"type":"Polygon","coordinates":[[[7.9419,48.9465],[7.9412,48.9445],[7.9434,48.9444],[7.9419,48.9465]]]}},{"type":"Feature","properties":{"landuse":"farmland"},"geometry":{"type":"Polygon","coordinates":[[[7.9416,48.9485],[7.9396,48.947],[7.9436,48.9463],[7.9416,48.9485]]]}},{"type":"Feature","properties":{"landuse":"farmland"},"geometry":{"type":"Polygon","coordinates":[[[7.9478,48.9469],[7.9454,48.9441],[7.948,48.9442],[7.9478,48.9469]]]}},{"type":"Feature","properties":{"landuse":"farmland"},"geometry":{"type":"Polygon","coordinates":[[[7.9371,48.9438],[7.9354,48.9406],[7.9374,48.9413],[7.9371,48.9438]]]}},{"type":"Feature","properties":{"landuse":"farmland"},"geometry":{"type":"Polygon","coordinates":[[[7.9466,48.9472],[7.9441,48.9476],[7.9434,48.9444],[7.9466,48.9472]]]}},{"type":"Feature","properties":{"landuse":"farmland"},"geometry":{"type":"Polygon","coordinates":[[[7.9499,48.9512],[7.9488,48.9485],[7.955,48.9498],[7.9499,48.9512]]]}},{"type":"Feature","properties":{"landuse":"farmland"},"geometry":{"type":"Polygon","coordinates":[[[7.9412,48.9445],[7.9419,48.9465],[7.9369,48.9463],[7.9412,48.9445]]]}},{"type":"Feature","properties":{"landuse":"farmland"},"geometry":{"type":"Polygon","coordinates":[[[7.9361,48.9456],[7.9331,48.9409],[7.9354,48.9406],[7.9381,48.9451],[7.9361,48.9456]]]}},{"type":"Feature","properties":{"landuse":"farmland"},"geometry":{"type":"Polygon","coordinates":[[[7.9459,48.9519],[7.9424,48.9509],[7.9442,48.948],[7.9459,48.9519]]]}},{"type":"Feature","properties":{"landuse":"farmland"},"geometry":{"type":"Polygon","coordinates":[[[7.9785,48.9671],[7.9812,48.9664],[7.9812,48.9673],[7.9785,48.9671]]]}},{"type":"Feature","properties":{"landuse":"farmland"},"geometry":{"type":"Polygon","coordinates":[[[7.9275,48.9587],[7.9338,48.9572],[7.93,48.9605],[7.9275,48.9587]]]}},{"type":"Feature","properties":{"landuse":"farmland"},"geometry":{"type":"Polygon","coordinates":[[[7.9293,48.9663],[7.9263,48.9628],[7.9331,48.9579],[7.9374,48.959],[7.9293,48.9663]]]}},{"type":"Feature","properties":{"landuse":"farmland"},"geometry":{"type":"Polygon","coordinates":[[[7.9497,48.9619],[7.9446,48.965],[7.9394,48.9642],[7.9497,48.9619]]]}},{"type":"Feature","properties":{"landuse":"farmland"},"geometry":{"type":"Polygon","coordinates":[[[7.9421,48.9594],[7.9391,48.9579],[7.9414,48.9558],[7.9478,48.9584],[7.9421,48.9594]]]}},{"type":"Feature","properties":{"landuse":"farmland"},"geometry":{"type":"Polygon","coordinates":[[[7.9484,48.9588],[7.9404,48.9616],[7.9405,48.9592],[7.9484,48.9588]]]}},{"type":"Feature","properties":{"landuse":"farmland"},"geometry":{"type":"Polygon","coordinates":[[[7.9335,48.9643],[7.9367,48.9659],[7.9348,48.9674],[7.9335,48.9643]]]}},{"type":"Feature","properties":{"landuse":"farmland"},"geometry":{"type":"Polygon","coordinates":[[[7.9459,48.9696],[7.9416,48.9718],[7.9386,48.9694],[7.9409,48.9704],[7.939,48.9691],[7.9418,48.9671],[7.9459,48.9696]]]}},{"type":"Feature","properties":{"landuse":"farmland"},"geometry":{"type":"Polygon","coordinates":[[[7.9501,48.9599],[7.9526,48.9637],[7.9482,48.9608],[7.9501,48.9599]]]}},{"type":"Feature","properties":{"landuse":"farmland"},"geometry":{"type":"Polygon","coordinates":[[[7.943,48.9663],[7.9369,48.9677],[7.9394,48.9642],[7.943,48.9663]]]}},{"type":"Feature","properties":{"landuse":"farmland"},"geometry":{"type":"Polygon","coordinates":[[[7.942,48.9625],[7.9369,48.9658],[7.9337,48.9641],[7.937,48.9608],[7.942,48.9625]]]}},{"type":"Feature","properties":{"landuse":"farmland"},"geometry":{"type":"Polygon","coordinates":[[[7.9501,48.9599],[7.9404,48.9616],[7.9484,48.9588],[7.9501,48.9599]]]}},{"type":"Feature","properties":{"landuse":"farmland"},"geometry":{"type":"Polygon","coordinates":[[[7.9461,48.9647],[7.9494,48.967],[7.9459,48.9696],[7.9418,48.9671],[7.9461,48.9647]]]}},{"type":"Feature","properties":{"landuse":"farmland"},"geometry":{"type":"Polygon","coordinates":[[[7.9497,48.9619],[7.9526,48.9637],[7.9514,48.9668],[7.9461,48.9647],[7.9497,48.9619]]]}},{"type":"Feature","properties":{"landuse":"farmland"},"geometry":{"type":"Polygon","coordinates":[[[7.9356,48.9669],[7.939,48.9691],[7.9374,48.9705],[7.933,48.9689],[7.9356,48.9669]]]}},{"type":"Feature","properties":{"landuse":"farmland"},"geometry":{"type":"Polygon","coordinates":[[[8.0928,48.8694],[8.0981,48.8717],[8.0901,48.8694],[8.0928,48.8694]]]}},{"type":"Feature","properties":{"landuse":"farmland"},"geometry":{"type":"Polygon","coordinates":[[[8.0983,48.88],[8.0936,48.8837],[8.0933,48.8818],[8.0983,48.88]]]}},{"type":"Feature","properties":{"landuse":"farmland"},"geometry":{"type":"Polygon","coordinates":[[[8.0967,48.876],[8.0996,48.8765],[8.0967,48.8797],[8.0967,48.876]]]}},{"type":"Feature","properties":{"landuse":"farmland"},"geometry":{"type":"Polygon","coordinates":[[[8.0939,48.8783],[8.096,48.8786],[8.093,48.8823],[8.0895,48.8818],[8.0939,48.8783]]]}},{"type":"Feature","properties":{"landuse":"farmland"},"geometry":{"type":"Polygon","coordinates":[[[8.1042,48.8542],[8.0929,48.8528],[8.1037,48.8502],[8.1042,48.8542]]]}},{"type":"Feature","properties":{"landuse":"farmland"},"geometry":{"type":"Polygon","coordinates":[[[8.0924,48.859],[8.0942,48.8601],[8.0897,48.8619],[8.0924,48.859]]]}},{"type":"Feature","properties":{"landuse":"farmland"},"geometry":{"type":"Polygon","coordinates":[[[8.0869,48.8712],[8.0933,48.8776],[8.0878,48.8784],[8.0869,48.8712]]]}},{"type":"Feature","properties":{"landuse":"farmland"},"geometry":{"type":"Polygon","coordinates":[[[8.0934,48.8781],[8.09,48.8724],[8.0967,48.876],[8.0934,48.8781]]]}},{"type":"Feature","properties":{"landuse":"farmland"},"geometry":{"type":"Polygon","coordinates":[[[8.0937,48.8693],[8.1048,48.8748],[8.0914,48.8717],[8.0977,48.8723],[8.0937,48.8693]]]}},{"type":"Feature","properties":{"landuse":"farmland"},"geometry":{"type":"Polygon","coordinates":[[[8.0923,48.8539],[8.0953,48.8574],[8.0933,48.8579],[8.0923,48.8539]]]}},{"type":"Feature","properties":{"landuse":"farmland"},"geometry":{"type":"Polygon","coordinates":[[[8.0996,48.8765],[8.1029,48.875],[8.1047,48.8762],[8.0996,48.8765]]]}},{"type":"Feature","properties":{"landuse":"farmland"},"geometry":{"type":"Polygon","coordinates":[[[8.1047,48.8762],[8.1076,48.879],[8.1042,48.8811],[8.1009,48.8777],[8.1047,48.8762]]]}},{"type":"Feature","properties":{"landuse":"farmland"},"geometry":{"type":"Polygon","coordinates":[[[8.1029,48.875],[8.0996,48.8765],[8.0943,48.8742],[8.1029,48.875]]]}},{"type":"Feature","properties":{"landuse":"farmland"},"geometry":{"type":"Polygon","coordinates":[[[8.0982,48.8624],[8.1015,48.8635],[8.1012,48.868],[8.0954,48.8666],[8.0982,48.8624]]]}},{"type":"Feature","properties":{"landuse":"farmland"},"geometry":{"type":"Polygon","coordinates":[[[8.0867,48.8835],[8.085,48.8816],[8.088,48.8805],[8.0867,48.8835]]]}},{"type":"Feature","properties":{"landuse":"farmland"},"geometry":{"type":"Polygon","coordinates":[[[8.0996,48.8765],[8.1021,48.8791],[8.099,48.8806],[8.0996,48.8765]]]}},{"type":"Feature","properties":{"landuse":"farmland"},"geometry":{"type":"Polygon","coordinates":[[[8.0962,48.8572],[8.0935,48.8542],[8.0971,48.8542],[8.0986,48.8564],[8.0962,48.8572]]]}},{"type":"Feature","properties":{"landuse":"farmland"},"geometry":{"type":"Polygon","coordinates":[[[8.0953,48.8579],[8.0964,48.8595],[8.0919,48.8588],[8.0953,48.8579]]]}},{"type":"Feature","properties":{"landuse":"farmland"},"geometry":{"type":"Polygon","coordinates":[[[8.0932,48.8779],[8.0886,48.8817],[8.0876,48.8785],[8.0932,48.8779]]]}},{"type":"Feature","properties":{"landuse":"farmland"},"geometry":{"type":"Polygon","coordinates":[[[8.0895,48.8818],[8.0933,48.884],[8.0883,48.8832],[8.0895,48.8818]]]}},{"type":"Feature","properties":{"landuse":"farmland"},"geometry":{"type":"Polygon","coordinates":[[[8.1005,48.8548],[8.0979,48.8568],[8.0978,48.8542],[8.1005,48.8548]]]}},{"type":"Feature","properties":{"landuse":"farmland"},"geometry":{"type":"Polygon","coordinates":[[[8.0277,48.8215],[8.0269,48.8165],[8.0302,48.821],[8.0277,48.8215]]]}},{"type":"Feature","properties":{"landuse":"farmland"},"geometry":{"type":"Polygon","coordinates":[[[8.039,48.8062],[8.0418,48.8023],[8.0467,48.8044],[8.039,48.8062]]]}},{"type":"Feature","properties":{"landuse":"farmland"},"geometry":{"type":"Polygon","coordinates":[[[8.0243,48.8145],[8.0235,48.8185],[8.0191,48.8182],[8.0243,48.8145]]]}},{"type":"Feature","properties":{"landuse":"farmland"},"geometry":{"type":"Polygon","coordinates":[[[8.0224,48.8115],[8.0258,48.8139],[8.0251,48.8193],[8.0224,48.8115]]]}},{"type":"Feature","properties":{"landuse":"farmland"},"geometry":{"type":"Polygon","coordinates":[[[8.028,48.8157],[8.0275,48.8116],[8.03,48.8112],[8.0315,48.815],[8.028,48.8157]]]}},{"type":"Feature","properties":{"landuse":"farmland"},"geometry":{"type":"Polygon","coordinates":[[[8.0374,48.8098],[8.0392,48.8065],[8.0401,48.8098],[8.0374,48.8098]]]}},{"type":"Feature","properties":{"landuse":"farmland"},"geometry":{"type":"Polygon","coordinates":[[[8.0351,48.8143],[8.0327,48.8125],[8.0403,48.8133],[8.0351,48.8143]]]}},{"type":"Feature","properties":{"landuse":"farmland"},"geometry":{"type":"Polygon","coordinates":[[[8.0385,48.8119],[8.0374,48.8098],[8.0401,48.8098],[8.0385,48.8119]]]}},{"type":"Feature","properties":{"landuse":"farmland"},"geometry":{"type":"Polygon","coordinates":[[[8.0281,48.8161],[8.0316,48.8153],[8.0323,48.8186],[8.0281,48.8161]]]}},{"type":"Feature","properties":{"landuse":"farmland"},"geometry":{"type":"Polygon","coordinates":[[[8.042,48.8083],[8.0425,48.8097],[8.0401,48.8098],[8.042,48.8083]]]}},{"type":"Feature","properties":{"landuse":"farmland"},"geometry":{"type":"Polygon","coordinates":[[[8.0397,48.8084],[8.0411,48.8053],[8.042,48.8083],[8.0397,48.8084]]]}},{"type":"Feature","properties":{"landuse":"farmland"},"geometry":{"type":"Polygon","coordinates":[[[8.0266,48.8159],[8.0249,48.8121],[8.0275,48.8116],[8.0266,48.8159]]]}},{"type":"Feature","properties":{"landuse":"farmland"},"geometry":{"type":"Polygon","coordinates":[[[8.0319,48.8109],[8.0348,48.8143],[8.0315,48.815],[8.0319,48.8109]]]}},{"type":"Feature","properties":{"landuse":"farmland"},"geometry":{"type":"Polygon","coordinates":[[[8.0327,48.8125],[8.0315,48.81],[8.0365,48.8083],[8.0385,48.8119],[8.0327,48.8125]]]}},{"type":"Feature","properties":{"landuse":"farmland"},"geometry":{"type":"Polygon","coordinates":[[[8.0249,48.8121],[8.0269,48.8098],[8.0315,48.81],[8.0249,48.8121]]]}},{"type":"Feature","properties":{"landuse":"farmland"},"geometry":{"type":"Polygon","coordinates":[[[8.0208,48.8118],[8.0243,48.8145],[8.021,48.8146],[8.0208,48.8118]]]}},{"type":"Feature","properties":{"landuse":"farmland"},"geometry":{"type":"Polygon","coordinates":[[[8.0616,48.8266],[8.0659,48.8274],[8.0675,48.8327],[8.0623,48.8317],[8.0582,48.8361],[8.0616,48.8266]]]}},{"type":"Feature","properties":{"landuse":"farmland"},"geometry":{"type":"Polygon","coordinates":[[[8.0616,48.8246],[8.0661,48.8251],[8.0659,48.8274],[8.0616,48.8246]]]}},{"type":"Feature","properties":{"landuse":"farmland"},"geometry":{"type":"Polygon","coordinates":[[[8.0532,48.8243],[8.0557,48.8238],[8.0556,48.8272],[8.0531,48.8275],[8.0532,48.8243]]]}},{"type":"Feature","properties":{"landuse":"farmland"},"geometry":{"type":"Polygon","coordinates":[[[8.0557,48.824],[8.0592,48.8238],[8.0591,48.826],[8.0557,48.824]]]}},{"type":"Feature","properties":{"landuse":"farmland"},"geometry":{"type":"Polygon","coordinates":[[[8.0663,48.8235],[8.0701,48.8241],[8.0698,48.8252],[8.0663,48.8235]]]}},{"type":"Feature","properties":{"landuse":"farmland"},"geometry":{"type":"Polygon","coordinates":[[[8.0732,48.828],[8.0699,48.8266],[8.0699,48.8248],[8.0732,48.828]]]}},{"type":"Feature","properties":{"landuse":"farmland"},"geometry":{"type":"Polygon","coordinates":[[[8.0662,48.8247],[8.0698,48.8253],[8.0661,48.8263],[8.0662,48.8247]]]}},{"type":"Feature","properties":{"landuse":"farmland"},"geometry":{"type":"Polygon","coordinates":[[[8.0556,48.8275],[8.0556,48.8311],[8.0529,48.8314],[8.0556,48.8275]]]}},{"type":"Feature","properties":{"landuse":"farmland"},"geometry":{"type":"Polygon","coordinates":[[[8.0591,48.826],[8.0589,48.8303],[8.0556,48.8311],[8.0558,48.8262],[8.0591,48.826]]]}},{"type":"Feature","properties":{"landuse":"farmland"},"geometry":{"type":"Polygon","coordinates":[[[8.0502,48.8297],[8.0473,48.8287],[8.0475,48.8248],[8.0532,48.8243],[8.0528,48.8296],[8.0502,48.8297]]]}},{"type":"Feature","properties":{"landuse":"farmland"},"geometry":{"type":"Polygon","coordinates":[[[8.0592,48.8236],[8.0617,48.823],[8.0617,48.8287],[8.0589,48.8303],[8.0592,48.8236]]]}},{"type":"Feature","properties":{"landuse":"farmland"},"geometry":{"type":"Polygon","coordinates":[[[8.0529,48.8314],[8.0458,48.8296],[8.0528,48.8296],[8.0529,48.8314]]]}},{"type":"Feature","properties":{"landuse":"farmland"},"geometry":{"type":"Polygon","coordinates":[[[8.0675,48.8294],[8.0661,48.8263],[8.0712,48.8272],[8.0675,48.8294]]]}},{"type":"Feature","properties":{"landuse":"farmland"},"geometry":{"type":"Polygon","coordinates":[[[8.073,48.8262],[8.0802,48.8256],[8.0746,48.8284],[8.073,48.8262]]]}},{"type":"Feature","properties":{"landuse":"farmland"},"geometry":{"type":"Polygon","coordinates":[[[8.0702,48.8682],[8.073,48.8738],[8.0659,48.87],[8.0702,48.8682]]]}},{"type":"Feature","properties":{"landuse":"farmland"},"geometry":{"type":"Polygon","coordinates":[[[8.0702,48.8682],[8.0748,48.8678],[8.0769,48.8735],[8.073,48.8738],[8.0702,48.8682]]]}},{"type":"Feature","properties":{"landuse":"farmland"},"geometry":{"type":"Polygon","coordinates":[[[8.0711,48.862],[8.0722,48.8636],[8.0699,48.8635],[8.0711,48.862]]]}},{"type":"Feature","properties":{"landuse":"farmland"},"geometry":{"type":"Polygon","coordinates":[[[8.0752,48.8711],[8.078,48.873],[8.0769,48.8735],[8.0752,48.8711]]]}},{"type":"Feature","properties":{"landuse":"farmland"},"geometry":{"type":"Polygon","coordinates":[[[8.0693,48.8665],[8.0702,48.8682],[8.0658,48.8692],[8.0693,48.8665]]]}},{"type":"Feature","properties":{"landuse":"farmland"},"geometry":{"type":"Polygon","coordinates":[[[8.0788,48.8692],[8.0817,48.8694],[8.0794,48.8724],[8.0788,48.8692]]]}},{"type":"Feature","properties":{"landuse":"farmland"},"geometry":{"type":"Polygon","coordinates":[[[8.0762,48.8628],[8.0775,48.8661],[8.0757,48.8665],[8.0762,48.8628]]]}},{"type":"Feature","properties":{"landuse":"farmland"},"geometry":{"type":"Polygon","coordinates":[[[8.0681,48.8639],[8.0692,48.8663],[8.0673,48.8665],[8.0681,48.8639]]]}},{"type":"Feature","properties":{"landuse":"farmland"},"geometry":{"type":"Polygon","coordinates":[[[8.0552,48.8686],[8.0586,48.8701],[8.0549,48.8704],[8.0552,48.8686]]]}},{"type":"Feature","properties":{"landuse":"farmland"},"geometry":{"type":"Polygon","coordinates":[[[8.0682,48.8637],[8.0697,48.8613],[8.0711,48.862],[8.0682,48.8637]]]}},{"type":"Feature","properties":{"landuse":"farmland"},"geometry":{"type":"Polygon","coordinates":[[[8.0762,48.8628],[8.0787,48.8645],[8.0772,48.8649],[8.0762,48.8628]]]}},{"type":"Feature","properties":{"landuse":"farmland"},"geometry":{"type":"Polygon","coordinates":[[[8.0762,48.8628],[8.0739,48.8645],[8.0724,48.8635],[8.0762,48.8628]]]}},{"type":"Feature","properties":{"landuse":"farmland"},"geometry":{"type":"Polygon","coordinates":[[[8.0785,48.8686],[8.079,48.8725],[8.0761,48.8689],[8.0785,48.8686]]]}},{"type":"Feature","properties":{"landuse":"farmland"},"geometry":{"type":"Polygon","coordinates":[[[8.073,48.8604],[8.075,48.8613],[8.0735,48.8625],[8.073,48.8604]]]}},{"type":"Feature","properties":{"landuse":"farmland"},"geometry":{"type":"Polygon","coordinates":[[[8.0778,48.867],[8.0798,48.8668],[8.076,48.8685],[8.0778,48.867]]]}},{"type":"Feature","properties":{"landuse":"farmland"},"geometry":{"type":"Polygon","coordinates":[[[8.0754,48.8637],[8.0756,48.8662],[8.0736,48.8654],[8.0754,48.8637]]]}},{"type":"Feature","properties":{"landuse":"farmland"},"geometry":{"type":"Polygon","coordinates":[[[8.0554,48.8682],[8.059,48.8672],[8.0605,48.8704],[8.0554,48.8682]]]}},{"type":"Feature","properties":{"landuse":"farmland"},"geometry":{"type":"Polygon","coordinates":[[[8.0742,48.8675],[8.0702,48.8682],[8.0681,48.8639],[8.0723,48.8638],[8.0742,48.8675]]]}},{"type":"Feature","properties":{"landuse":"farmland"},"geometry":{"type":"Polygon","coordinates":[[[8.0547,48.8741],[8.0619,48.873],[8.0562,48.8754],[8.0547,48.8741]]]}},{"type":"Feature","properties":{"landuse":"farmland"},"geometry":{"type":"Polygon","coordinates":[[[8.0559,48.8721],[8.0561,48.8739],[8.0538,48.8741],[8.0559,48.8721]]]}},{"type":"Feature","properties":{"landuse":"farmland"},"geometry":{"type":"Polygon","coordinates":[[[8.0554,48.8682],[8.0608,48.8711],[8.058,48.871],[8.0554,48.8682]]]}},{"type":"Feature","properties":{"landuse":"farmland"},"geometry":{"type":"Polygon","coordinates":[[[8.0567,48.8777],[8.0511,48.8797],[8.0485,48.8775],[8.0521,48.8766],[8.0509,48.8737],[8.0567,48.8777]]]}},{"type":"Feature","properties":{"landuse":"farmland"},"geometry":{"type":"Polygon","coordinates":[[[8.0559,48.8721],[8.0587,48.8719],[8.0561,48.8739],[8.0559,48.8721]]]}},{"type":"Feature","properties":{"landuse":"farmland"},"geometry":{"type":"Polygon","coordinates":[[[8.0562,48.8754],[8.0626,48.8741],[8.0581,48.8773],[8.0562,48.8754]]]}},{"type":"Feature","properties":{"landuse":"farmland"},"geometry":{"type":"Polygon","coordinates":[[[8.0415,48.802],[8.048,48.8009],[8.0457,48.8026],[8.0415,48.802]]]}},{"type":"Feature","properties":{"landuse":"farmland"},"geometry":{"type":"Polygon","coordinates":[[[8.0385,48.8035],[8.0404,48.8004],[8.0438,48.8005],[8.0385,48.8035]]]}},{"type":"Feature","properties":{"landuse":"farmland"},"geometry":{"type":"Polygon","coordinates":[[[7.9163,48.893],[7.9193,48.8931],[7.9144,48.8946],[7.9163,48.893]]]}},{"type":"Feature","properties":{"landuse":"farmland"},"geometry":{"type":"Polygon","coordinates":[[[7.8792,48.946],[7.886,48.9464],[7.8795,48.9478],[7.8792,48.946]]]}},{"type":"Feature","properties":{"landuse":"farmland"},"geometry":{"type":"Polygon","coordinates":[[[7.8815,48.9532],[7.8774,48.9529],[7.8807,48.9514],[7.8815,48.9532]]]}},{"type":"Feature","properties":{"landuse":"farmland"},"geometry":{"type":"Polygon","coordinates":[[[7.8815,48.9547],[7.8764,48.9541],[7.877,48.9518],[7.8815,48.9547]]]}},{"type":"Feature","properties":{"landuse":"farmland"},"geometry":{"type":"Polygon","coordinates":[[[7.8856,48.9497],[7.8876,48.9489],[7.8875,48.9526],[7.8831,48.9516],[7.8856,48.9497]]]}},{"type":"Feature","properties":{"landuse":"farmland"},"geometry":{"type":"Polygon","coordinates":[[[7.8849,48.9518],[7.8867,48.9543],[7.883,48.9521],[7.8849,48.9518]]]}},{"type":"Feature","properties":{"landuse":"farmland"},"geometry":{"type":"Polygon","coordinates":[[[7.8913,48.9507],[7.889,48.9494],[7.8919,48.948],[7.8937,48.9495],[7.8913,48.9507]]]}},{"type":"Feature","properties":{"landuse":"farmland"},"geometry":{"type":"Polygon","coordinates":[[[7.889,48.9494],[7.8902,48.9464],[7.8919,48.9479],[7.889,48.9494]]]}},{"type":"Feature","properties":{"landuse":"farmland"},"geometry":{"type":"Polygon","coordinates":[[[7.8894,48.9503],[7.8907,48.9533],[7.8875,48.9526],[7.8894,48.9503]]]}},{"type":"Feature","properties":{"landuse":"farmland"},"geometry":{"type":"Polygon","coordinates":[[[7.8879,48.9476],[7.8842,48.9451],[7.8904,48.9461],[7.8879,48.9476]]]}},{"type":"Feature","properties":{"landuse":"farmland"},"geometry":{"type":"Polygon","coordinates":[[[7.8847,48.9442],[7.8827,48.9453],[7.8812,48.9436],[7.8847,48.9442]]]}},{"type":"Feature","properties":{"landuse":"farmland"},"geometry":{"type":"Polygon","coordinates":[[[7.942,48.9816],[7.9394,48.9816],[7.9399,48.9775],[7.946,48.9735],[7.9487,48.9752],[7.942,48.9816]]]}},{"type":"Feature","properties":{"landuse":"farmland"},"geometry":{"type":"Polygon","coordinates":[[[7.9455,48.9781],[7.9481,48.9796],[7.9433,48.9855],[7.9401,48.9845],[7.9455,48.9781]]]}},{"type":"Feature","properties":{"landuse":"farmland"},"geometry":{"type":"Polygon","coordinates":[[[7.9454,48.9916],[7.9419,48.9929],[7.9435,48.9912],[7.9454,48.9916]]]}},{"type":"Feature","properties":{"landuse":"farmland"},"geometry":{"type":"Polygon","coordinates":[[[7.9487,48.9752],[7.9504,48.9737],[7.9522,48.9762],[7.9487,48.9752]]]}},{"type":"Feature","properties":{"landuse":"farmland"},"geometry":{"type":"Polygon","coordinates":[[[7.9487,48.9752],[7.9439,48.9722],[7.9466,48.9706],[7.9504,48.9737],[7.9487,48.9752]]]}},{"type":"Feature","properties":{"landuse":"farmland"},"geometry":{"type":"Polygon","coordinates":[[[7.9458,48.9917],[7.9479,48.993],[7.9442,48.9935],[7.9458,48.9917]]]}},{"type":"Feature","properties":{"landuse":"farmland"},"geometry":{"type":"Polygon","coordinates":[[[7.9463,48.9875],[7.9498,48.9895],[7.9407,48.9899],[7.9452,48.9828],[7.9481,48.9841],[7.9463,48.9875]]]}},{"type":"Feature","properties":{"landuse":"farmland"},"geometry":{"type":"Polygon","coordinates":[[[7.9508,48.9856],[7.9543,48.9881],[7.9497,48.9875],[7.9508,48.9856]]]}},{"type":"Feature","properties":{"landuse":"farmland"},"geometry":{"type":"Polygon","coordinates":[[[7.9504,48.9737],[7.9564,48.9785],[7.9509,48.9771],[7.9504,48.9737]]]}},{"type":"Feature","properties":{"landuse":"farmland"},"geometry":{"type":"Polygon","coordinates":[[[7.9481,48.9841],[7.9508,48.9856],[7.947,48.9861],[7.9481,48.9841]]]}},{"type":"Feature","properties":{"landuse":"farmland"},"geometry":{"type":"Polygon","coordinates":[[[7.9495,48.976],[7.9481,48.9796],[7.9455,48.9781],[7.9495,48.976]]]}},{"type":"Feature","properties":{"landuse":"farmland"},"geometry":{"type":"Polygon","coordinates":[[[7.9534,48.9778],[7.9578,48.9813],[7.951,48.9801],[7.9534,48.9778]]]}},{"type":"Feature","properties":{"landuse":"farmland"},"geometry":{"type":"Polygon","coordinates":[[[7.9497,48.9875],[7.9543,48.9881],[7.9539,48.9901],[7.9497,48.9875]]]}},{"type":"Feature","properties":{"landuse":"farmland"},"geometry":{"type":"Polygon","coordinates":[[[7.956,48.9832],[7.956,48.9856],[7.9475,48.9838],[7.956,48.9832]]]}},{"type":"Feature","properties":{"landuse":"farmland"},"geometry":{"type":"Polygon","coordinates":[[[7.95,48.9869],[7.9492,48.9887],[7.9463,48.9875],[7.95,48.9869]]]}},{"type":"Feature","properties":{"landuse":"farmland"},"geometry":{"type":"Polygon","coordinates":[[[7.9526,48.9828],[7.9452,48.9828],[7.9463,48.9815],[7.9526,48.9828]]]}},{"type":"Feature","properties":{"landuse":"farmland"},"geometry":{"type":"Polygon","coordinates":[[[7.9517,48.9802],[7.9573,48.9818],[7.9526,48.9828],[7.9517,48.9802]]]}},{"type":"Feature","properties":{"landuse":"farmland"},"geometry":{"type":"Polygon","coordinates":[[[7.9534,48.9778],[7.9486,48.9805],[7.9506,48.9816],[7.9463,48.9815],[7.9534,48.9778]]]}},{"type":"Feature","properties":{"landuse":"farmland"},"geometry":{"type":"Polygon","coordinates":[[[7.9504,48.9737],[7.9477,48.9704],[7.9511,48.9683],[7.9545,48.9745],[7.9504,48.9737]]]}},{"type":"Feature","properties":{"landuse":"farmland"},"geometry":{"type":"Polygon","coordinates":[[[7.9185,48.9723],[7.912,48.9766],[7.9098,48.9721],[7.9185,48.9723]]]}},{"type":"Feature","properties":{"landuse":"farmland"},"geometry":{"type":"Polygon","coordinates":[[[8.0784,48.985],[8.0746,48.986],[8.0729,48.9805],[8.078,48.9791],[8.0823,48.9853],[8.0784,48.985]]]}},{"type":"Feature","properties":{"landuse":"farmland"},"geometry":{"type":"Polygon","coordinates":[[[8.0144,48.9254],[8.0271,48.9241],[8.0151,48.9271],[8.0144,48.9254]]]}},{"type":"Feature","properties":{"landuse":"farmland"},"geometry":{"type":"Polygon","coordinates":[[[8.0229,48.9315],[8.0264,48.9361],[8.0165,48.933],[8.0229,48.9315]]]}},{"type":"Feature","properties":{"landuse":"farmland"},"geometry":{"type":"Polygon","coordinates":[[[8.0151,48.9271],[8.0263,48.9279],[8.0232,48.9306],[8.0151,48.9271]]]}},{"type":"Feature","properties":{"landuse":"farmland"},"geometry":{"type":"Polygon","coordinates":[[[8.0229,48.9315],[8.0258,48.9303],[8.0291,48.9341],[8.0264,48.9361],[8.0229,48.9315]]]}},{"type":"Feature","properties":{"landuse":"farmland"},"geometry":{"type":"Polygon","coordinates":[[[8.0264,48.9309],[8.03,48.9332],[8.027,48.9363],[8.0264,48.9309]]]}},{"type":"Feature","properties":{"landuse":"farmland"},"geometry":{"type":"Polygon","coordinates":[[[8.0228,48.9263],[8.0271,48.9262],[8.0271,48.9274],[8.0228,48.9263]]]}},{"type":"Feature","properties":{"landuse":"farmland"},"geometry":{"type":"Polygon","coordinates":[[[8.0288,48.9221],[8.0271,48.9241],[8.0234,48.9226],[8.0288,48.9221]]]}},{"type":"Feature","properties":{"landuse":"farmland"},"geometry":{"type":"Polygon","coordinates":[[[8.0208,48.9262],[8.0225,48.9259],[8.0233,48.9273],[8.0208,48.9262]]]}},{"type":"Feature","properties":{"landuse":"farmland"},"geometry":{"type":"Polygon","coordinates":[[[8.0172,48.9371],[8.0153,48.9343],[8.0208,48.9359],[8.0172,48.9371]]]}},{"type":"Feature","properties":{"landuse":"farmland"},"geometry":{"type":"Polygon","coordinates":[[[8.0264,48.9309],[8.0263,48.9279],[8.0291,48.9277],[8.03,48.9303],[8.0264,48.9309]]]}},{"type":"Feature","properties":{"landuse":"farmland"},"geometry":{"type":"Polygon","coordinates":[[[8.0196,48.9291],[8.0228,48.9306],[8.0202,48.9323],[8.0196,48.9291]]]}},{"type":"Feature","properties":{"landuse":"farmland"},"geometry":{"type":"Polygon","coordinates":[[[8.0172,48.9371],[8.0118,48.9379],[8.0151,48.934],[8.0172,48.9371]]]}},{"type":"Feature","properties":{"landuse":"farmland"},"geometry":{"type":"Polygon","coordinates":[[[8.02,48.9317],[8.0166,48.9325],[8.0161,48.93],[8.02,48.9317]]]}},{"type":"Feature","properties":{"landuse":"farmland"},"geometry":{"type":"Polygon","coordinates":[[[8.0228,48.9263],[8.0271,48.9241],[8.0249,48.9257],[8.0275,48.9252],[8.0228,48.9263]]]}},{"type":"Feature","properties":{"landuse":"farmland"},"geometry":{"type":"Polygon","coordinates":[[[8.0076,48.9245],[8.0065,48.9315],[8.0003,48.9297],[8.0076,48.9245]]]}},{"type":"Feature","properties":{"landuse":"farmland"},"geometry":{"type":"Polygon","coordinates":[[[7.9727,48.9283],[7.9876,48.927],[7.9901,48.9305],[7.9874,48.9295],[7.9895,48.9318],[7.9857,48.9327],[7.9864,48.9296],[7.9832,48.9301],[7.9841,48.932],[7.9714,48.9369],[7.9697,48.935],[7.9755,48.9319],[7.9727,48.9283]]]}},{"type":"Feature","properties":{"landuse":"farmland"},"geometry":{"type":"Polygon","coordinates":[[[7.9329,48.8971],[7.9277,48.8982],[7.9228,48.8938],[7.9302,48.8932],[7.9329,48.8971]]]}},{"type":"Feature","properties":{"landuse":"farmland"},"geometry":{"type":"Polygon","coordinates":[[[8.1215,48.9779],[8.1222,48.9744],[8.1282,48.9782],[8.1215,48.9779]]]}},{"type":"Feature","properties":{"landuse":"farmland"},"geometry":{"type":"Polygon","coordinates":[[[8.1293,48.9687],[8.1223,48.9641],[8.1274,48.9617],[8.1316,48.9659],[8.1293,48.9687]]]}},{"type":"Feature","properties":{"landuse":"farmland"},"geometry":{"type":"Polygon","coordinates":[[[8.0987,48.9656],[8.1018,48.9701],[8.0924,48.9654],[8.0987,48.9656]]]}},{"type":"Feature","properties":{"landuse":"farmland"},"geometry":{"type":"Polygon","coordinates":[[[8.1006,48.9581],[8.1074,48.9585],[8.1078,48.9609],[8.1019,48.9631],[8.1006,48.9581]]]}},{"type":"Feature","properties":{"landuse":"farmland"},"geometry":{"type":"Polygon","coordinates":[[[8.108,48.9616],[8.1074,48.9585],[8.1127,48.9583],[8.108,48.9616]]]}},{"type":"Feature","properties":{"landuse":"farmland"},"geometry":{"type":"Polygon","coordinates":[[[8.093,48.9654],[8.0971,48.9619],[8.0987,48.9656],[8.0967,48.9678],[8.093,48.9654]]]}},{"type":"Feature","properties":{"landuse":"farmland"},"geometry":{"type":"Polygon","coordinates":[[[8.0931,48.9653],[8.0903,48.9626],[8.0957,48.9586],[8.0966,48.962],[8.0931,48.9653]]]}},{"type":"Feature","properties":{"landuse":"farmland"},"geometry":{"type":"Polygon","coordinates":[[[8.1149,48.9632],[8.1083,48.9617],[8.1137,48.9581],[8.1187,48.9613],[8.1149,48.9632]]]}},{"type":"Feature","properties":{"landuse":"farmland"},"geometry":{"type":"Polygon","coordinates":[[[8.0948,48.9707],[8.0854,48.9668],[8.0867,48.9628],[8.0961,48.9691],[8.0948,48.9707]]]}},{"type":"Feature","properties":{"landuse":"farmland"},"geometry":{"type":"Polygon","coordinates":[[[8.1047,48.9652],[8.1099,48.9672],[8.1084,48.9714],[8.1024,48.9701],[8.1047,48.9652]]]}},{"type":"Feature","properties":{"landuse":"farmland"},"geometry":{"type":"Polygon","coordinates":[[[8.1187,48.9613],[8.1234,48.9648],[8.1213,48.9669],[8.1174,48.9659],[8.1187,48.9613]]]}},{"type":"Feature","properties":{"landuse":"farmland"},"geometry":{"type":"Polygon","coordinates":[[[8.0999,48.9667],[8.0956,48.96],[8.097,48.9572],[8.1006,48.9581],[8.103,48.9649],[8.0999,48.9667]]]}},{"type":"Feature","properties":{"landuse":"farmland"},"geometry":{"type":"Polygon","coordinates":[[[8.1234,48.9648],[8.1293,48.9687],[8.1278,48.9706],[8.1204,48.9695],[8.1234,48.9648]]]}},{"type":"Feature","properties":{"landuse":"farmland"},"geometry":{"type":"Polygon","coordinates":[[[8.1198,48.9694],[8.1209,48.9718],[8.1233,48.9688],[8.1278,48.9706],[8.1264,48.9737],[8.1183,48.9735],[8.1198,48.9694]]]}},{"type":"Feature","properties":{"landuse":"farmland"},"geometry":{"type":"Polygon","coordinates":[[[8.1094,48.9621],[8.1131,48.9625],[8.1099,48.9672],[8.1065,48.9654],[8.1094,48.9621]]]}},{"type":"Feature","properties":{"landuse":"farmland"},"geometry":{"type":"Polygon","coordinates":[[[8.1198,48.9694],[8.1122,48.9678],[8.1149,48.9632],[8.1212,48.9669],[8.1198,48.9694]]]}},{"type":"Feature","properties":{"landuse":"farmland"},"geometry":{"type":"Polygon","coordinates":[[[8.1131,48.9625],[8.1122,48.9678],[8.1099,48.9672],[8.1131,48.9625]]]}},{"type":"Feature","properties":{"landuse":"farmland"},"geometry":{"type":"Polygon","coordinates":[[[8.1083,48.9617],[8.1085,48.9637],[8.1054,48.9647],[8.1083,48.9617]]]}},{"type":"Feature","properties":{"landuse":"farmland"},"geometry":{"type":"Polygon","coordinates":[[[8.1278,48.9706],[8.1316,48.9659],[8.1375,48.9722],[8.1357,48.9758],[8.1312,48.9752],[8.1315,48.9714],[8.1278,48.9706]]]}},{"type":"Feature","properties":{"landuse":"farmland"},"geometry":{"type":"Polygon","coordinates":[[[8.1165,48.9567],[8.1203,48.9569],[8.119,48.9608],[8.1165,48.9567]]]}},{"type":"Feature","properties":{"landuse":"farmland"},"geometry":{"type":"Polygon","coordinates":[[[8.1198,48.9694],[8.1184,48.9728],[8.1084,48.9707],[8.1099,48.9672],[8.1198,48.9694]]]}},{"type":"Feature","properties":{"landuse":"farmland"},"geometry":{"type":"Polygon","coordinates":[[[8.108,48.9616],[8.1054,48.9647],[8.1047,48.9608],[8.108,48.9616]]]}},{"type":"Feature","properties":{"landuse":"farmland"},"geometry":{"type":"Polygon","coordinates":[[[7.9178,48.9592],[7.9142,48.9577],[7.9206,48.9594],[7.9178,48.9592]]]}},{"type":"Feature","properties":{"landuse":"farmland"},"geometry":{"type":"Polygon","coordinates":[[[7.9255,48.951],[7.9224,48.949],[7.9248,48.9484],[7.9255,48.951]]]}},{"type":"Feature","properties":{"landuse":"farmland"},"geometry":{"type":"Polygon","coordinates":[[[7.9269,48.9505],[7.9283,48.9516],[7.9255,48.951],[7.9269,48.9505]]]}},{"type":"Feature","properties":{"landuse":"farmland"},"geometry":{"type":"Polygon","coordinates":[[[7.9165,48.9508],[7.9188,48.9523],[7.918,48.9528],[7.9165,48.9508]]]}},{"type":"Feature","properties":{"landuse":"farmland"},"geometry":{"type":"Polygon","coordinates":[[[7.9207,48.9499],[7.9197,48.9518],[7.9181,48.9518],[7.9207,48.9499]]]}},{"type":"Feature","properties":{"landuse":"farmland"},"geometry":{"type":"Polygon","coordinates":[[[7.9209,48.9595],[7.9187,48.9582],[7.9208,48.9573],[7.9209,48.9595]]]}},{"type":"Feature","properties":{"landuse":"farmland"},"geometry":{"type":"Polygon","coordinates":[[[7.917,48.9502],[7.9191,48.9511],[7.9181,48.9518],[7.917,48.9502]]]}},{"type":"Feature","properties":{"landuse":"farmland"},"geometry":{"type":"Polygon","coordinates":[[[7.9216,48.9484],[7.9255,48.951],[7.9205,48.9512],[7.9216,48.9484]]]}},{"type":"Feature","properties":{"landuse":"orchard"},"geometry":{"type":"Polygon","coordinates":[[[7.4619,48.5948],[7.4606,48.5957],[7.4618,48.5963],[7.4598,48.5963],[7.4619,48.5948]]]}},{"type":"Feature","properties":{"landuse":"orchard"},"geometry":{"type":"Polygon","coordinates":[[[7.4574,48.5914],[7.4569,48.5927],[7.4559,48.5911],[7.4574,48.5914]]]}},{"type":"Feature","properties":{"landuse":"farmland"},"geometry":{"type":"Polygon","coordinates":[[[7.4559,48.5911],[7.4555,48.5924],[7.4535,48.5921],[7.4559,48.5911]]]}},{"type":"Feature","properties":{"landuse":"orchard"},"geometry":{"type":"Polygon","coordinates":[[[7.4473,48.5793],[7.4478,48.5805],[7.4431,48.5812],[7.4473,48.5793]]]}},{"type":"Feature","properties":{"landuse":"green_public_spaces"},"geometry":{"type":"Polygon","coordinates":[[[7.6356,48.9522],[7.6396,48.9517],[7.6373,48.9528],[7.6356,48.9522]]]}},{"type":"Feature","properties":{"landuse":"farmland"},"geometry":{"type":"Polygon","coordinates":[[[8.0226,48.8616],[8.019,48.8603],[8.021,48.8581],[8.0226,48.8616]]]}},{"type":"Feature","properties":{"landuse":"farmland"},"geometry":{"type":"Polygon","coordinates":[[[8.049,48.8465],[8.059,48.85],[8.0502,48.8506],[8.0474,48.8485],[8.049,48.8465]]]}},{"type":"Feature","properties":{"landuse":"farmland"},"geometry":{"type":"Polygon","coordinates":[[[8.0239,48.8448],[8.0276,48.844],[8.0257,48.8462],[8.0239,48.8448]]]}},{"type":"Feature","properties":{"landuse":"farmland"},"geometry":{"type":"Polygon","coordinates":[[[8.0404,48.8461],[8.027,48.8438],[8.0306,48.8421],[8.0404,48.8461]]]}},{"type":"Feature","properties":{"landuse":"farmland"},"geometry":{"type":"Polygon","coordinates":[[[8.0276,48.844],[8.0299,48.8449],[8.0271,48.8447],[8.0276,48.844]]]}},{"type":"Feature","properties":{"landuse":"farmland"},"geometry":{"type":"Polygon","coordinates":[[[8.0249,48.8496],[8.031,48.8485],[8.0301,48.8508],[8.0249,48.8496]]]}},{"type":"Feature","properties":{"landuse":"farmland"},"geometry":{"type":"Polygon","coordinates":[[[8.029,48.8455],[8.0251,48.8468],[8.0271,48.8447],[8.029,48.8455]]]}},{"type":"Feature","properties":{"landuse":"farmland"},"geometry":{"type":"Polygon","coordinates":[[[8.0299,48.8449],[8.0342,48.8466],[8.0269,48.8472],[8.0299,48.8449]]]}},{"type":"Feature","properties":{"landuse":"farmland"},"geometry":{"type":"Polygon","coordinates":[[[7.982,48.8245],[7.9772,48.8239],[7.9782,48.8212],[7.982,48.8245]]]}},{"type":"Feature","properties":{"landuse":"farmland"},"geometry":{"type":"Polygon","coordinates":[[[7.9617,48.8079],[7.9649,48.8092],[7.9635,48.8129],[7.9617,48.8079]]]}},{"type":"Feature","properties":{"landuse":"farmland"},"geometry":{"type":"Polygon","coordinates":[[[7.9717,48.7994],[7.9781,48.806],[7.9749,48.8079],[7.9717,48.7994]]]}},{"type":"Feature","properties":{"landuse":"farmland"},"geometry":{"type":"Polygon","coordinates":[[[7.9752,48.8088],[7.9786,48.8064],[7.9786,48.8081],[7.9752,48.8088]]]}},{"type":"Feature","properties":{"landuse":"farmland"},"geometry":{"type":"Polygon","coordinates":[[[7.9652,48.8025],[7.9649,48.8091],[7.9613,48.805],[7.9652,48.8025]]]}},{"type":"Feature","properties":{"landuse":"farmland"},"geometry":{"type":"Polygon","coordinates":[[[7.9794,48.8254],[7.9761,48.8265],[7.9758,48.8249],[7.9794,48.8254]]]}},{"type":"Feature","properties":{"landuse":"farmland"},"geometry":{"type":"Polygon","coordinates":[[[7.9841,48.8098],[7.98,48.8069],[7.9874,48.8084],[7.9953,48.8052],[7.9964,48.8076],[7.9841,48.8098]]]}},{"type":"Feature","properties":{"landuse":"farmland"},"geometry":{"type":"Polygon","coordinates":[[[7.9668,48.7999],[7.9714,48.8046],[7.9667,48.8127],[7.9647,48.8048],[7.9668,48.7999]]]}},{"type":"Feature","properties":{"landuse":"farmland"},"geometry":{"type":"Polygon","coordinates":[[[7.9626,48.7987],[7.9591,48.8039],[7.9611,48.8109],[7.9583,48.8123],[7.9542,48.7998],[7.9626,48.7987]]]}},{"type":"Feature","properties":{"landuse":"farmland"},"geometry":{"type":"Polygon","coordinates":[[[7.9649,48.8108],[7.9653,48.8136],[7.9635,48.8129],[7.9649,48.8108]]]}},{"type":"Feature","properties":{"landuse":"farmland"},"geometry":{"type":"Polygon","coordinates":[[[7.9714,48.8005],[7.9715,48.8017],[7.9674,48.8],[7.9714,48.8005]]]}},{"type":"Feature","properties":{"landuse":"farmland"},"geometry":{"type":"Polygon","coordinates":[[[7.9668,48.7999],[7.9632,48.802],[7.9645,48.7993],[7.9668,48.7999]]]}},{"type":"Feature","properties":{"landuse":"farmland"},"geometry":{"type":"Polygon","coordinates":[[[7.9654,48.7957],[7.9668,48.7923],[7.9714,48.8005],[7.9674,48.8],[7.9654,48.7957]]]}},{"type":"Feature","properties":{"landuse":"farmland"},"geometry":{"type":"Polygon","coordinates":[[[7.9747,48.8081],[7.9721,48.8095],[7.97,48.8086],[7.9747,48.8081]]]}},{"type":"Feature","properties":{"landuse":"farmland"},"geometry":{"type":"Polygon","coordinates":[[[7.9701,48.8184],[7.9691,48.8204],[7.9678,48.8202],[7.9701,48.8184]]]}},{"type":"Feature","properties":{"landuse":"farmland"},"geometry":{"type":"Polygon","coordinates":[[[7.9427,48.9395],[7.9423,48.9346],[7.9469,48.9374],[7.9427,48.9395]]]}},{"type":"Feature","properties":{"landuse":"farmland"},"geometry":{"type":"Polygon","coordinates":[[[7.937,48.9408],[7.9342,48.9379],[7.9372,48.9369],[7.9393,48.9403],[7.937,48.9408]]]}},{"type":"Feature","properties":{"landuse":"farmland"},"geometry":{"type":"Polygon","coordinates":[[[7.9393,48.9403],[7.9384,48.9387],[7.9427,48.9395],[7.9393,48.9403]]]}},{"type":"Feature","properties":{"landuse":"farmland"},"geometry":{"type":"Polygon","coordinates":[[[7.9384,48.9387],[7.9404,48.936],[7.9416,48.9379],[7.9384,48.9387]]]}},{"type":"Feature","properties":{"landuse":"farmland"},"geometry":{"type":"Polygon","coordinates":[[[7.941,48.943],[7.9393,48.9403],[7.9435,48.9394],[7.941,48.943]]]}},{"type":"Feature","properties":{"landuse":"farmland"},"geometry":{"type":"Polygon","coordinates":[[[7.943,48.9424],[7.9452,48.9401],[7.9451,48.9425],[7.943,48.9424]]]}},{"type":"Feature","properties":{"landuse":"farmland"},"geometry":{"type":"Polygon","coordinates":[[[7.9451,48.9425],[7.9452,48.9401],[7.9475,48.9427],[7.9451,48.9425]]]}},{"type":"Feature","properties":{"landuse":"farmland"},"geometry":{"type":"Polygon","coordinates":[[[7.9431,48.9401],[7.9458,48.9377],[7.9472,48.9401],[7.9431,48.9401]]]}},{"type":"Feature","properties":{"landuse":"farmland"},"geometry":{"type":"Polygon","coordinates":[[[7.9331,48.9409],[7.9342,48.9379],[7.9365,48.9404],[7.9331,48.9409]]]}},{"type":"Feature","properties":{"landuse":"farmland"},"geometry":{"type":"Polygon","coordinates":[[[8.1247,48.9597],[8.1317,48.9601],[8.1336,48.963],[8.1183,48.9609],[8.1247,48.9597]]]}},{"type":"Feature","properties":{"landuse":"farmland"},"geometry":{"type":"Polygon","coordinates":[[[8.1319,48.9663],[8.1359,48.9664],[8.1369,48.9686],[8.1319,48.9663]]]}},{"type":"Feature","properties":{"landuse":"farmland"},"geometry":{"type":"Polygon","coordinates":[[[8.1323,48.9599],[8.1409,48.9639],[8.1349,48.9646],[8.1323,48.9599]]]}},{"type":"Feature","properties":{"landuse":"farmland"},"geometry":{"type":"Polygon","coordinates":[[[8.1336,48.963],[8.1352,48.9655],[8.1306,48.9637],[8.1336,48.963]]]}},{"type":"Feature","properties":{"landuse":"farmland"},"geometry":{"type":"Polygon","coordinates":[[[7.9217,48.9346],[7.9235,48.9332],[7.9328,48.932],[7.9217,48.9346]]]}},{"type":"Feature","properties":{"landuse":"farmland"},"geometry":{"type":"Polygon","coordinates":[[[7.913,48.9309],[7.933,48.9287],[7.9332,48.931],[7.913,48.9309]]]}},{"type":"Feature","properties":{"landuse":"farmland"},"geometry":{"type":"Polygon","coordinates":[[[7.9212,48.9348],[7.9262,48.9344],[7.9262,48.9361],[7.9212,48.9348]]]}},{"type":"Feature","properties":{"landuse":"farmland"},"geometry":{"type":"Polygon","coordinates":[[[7.9147,48.9324],[7.9233,48.9317],[7.9187,48.9335],[7.9147,48.9324]]]}},{"type":"Feature","properties":{"landuse":"farmland"},"geometry":{"type":"Polygon","coordinates":[[[7.9236,48.9329],[7.9233,48.9317],[7.9335,48.9317],[7.9236,48.9329]]]}},{"type":"Feature","properties":{"landuse":"farmland"},"geometry":{"type":"Polygon","coordinates":[[[7.9212,48.9355],[7.9262,48.9361],[7.9214,48.9379],[7.9212,48.9355]]]}},{"type":"Feature","properties":{"landuse":"farmland"},"geometry":{"type":"Polygon","coordinates":[[[7.9269,48.9395],[7.9266,48.9381],[7.932,48.9371],[7.9269,48.9395]]]}},{"type":"Feature","properties":{"landuse":"farmland"},"geometry":{"type":"Polygon","coordinates":[[[7.9266,48.9381],[7.9262,48.9344],[7.9286,48.9345],[7.9293,48.9377],[7.9266,48.9381]]]}},{"type":"Feature","properties":{"landuse":"farmland"},"geometry":{"type":"Polygon","coordinates":[[[8.0582,48.8611],[8.0557,48.8557],[8.0634,48.8551],[8.0681,48.8595],[8.0649,48.8653],[8.0634,48.8586],[8.0635,48.8644],[8.0582,48.8611]]]}},{"type":"Feature","properties":{"landuse":"farmland"},"geometry":{"type":"Polygon","coordinates":[[[7.8196,48.9187],[7.8212,48.9172],[7.8264,48.9178],[7.8196,48.9187]]]}},{"type":"Feature","properties":{"landuse":"farmland"},"geometry":{"type":"Polygon","coordinates":[[[7.8124,48.9239],[7.8079,48.924],[7.8163,48.9214],[7.8142,48.9265],[7.8124,48.9239]]]}},{"type":"Feature","properties":{"landuse":"farmland"},"geometry":{"type":"Polygon","coordinates":[[[7.8025,48.9067],[7.8164,48.9032],[7.8245,48.9139],[7.808,48.9145],[7.8025,48.9067]]]}},{"type":"Feature","properties":{"landuse":"farmland"},"geometry":{"type":"Polygon","coordinates":[[[7.8267,48.9178],[7.8303,48.9165],[7.8279,48.9194],[7.8267,48.9178]]]}},{"type":"Feature","properties":{"landuse":"farmland"},"geometry":{"type":"Polygon","coordinates":[[[7.8261,48.9078],[7.8268,48.9103],[7.8334,48.9102],[7.8321,48.9127],[7.8253,48.9139],[7.8197,48.9094],[7.8261,48.9078]]]}},{"type":"Feature","properties":{"landuse":"farmland"},"geometry":{"type":"Polygon","coordinates":[[[8.0205,48.9103],[8.0252,48.9068],[8.0279,48.908],[8.0205,48.9103]]]}},{"type":"Feature","properties":{"landuse":"farmland"},"geometry":{"type":"Polygon","coordinates":[[[8.0305,48.9148],[8.0265,48.9087],[8.0323,48.9142],[8.0305,48.9148]]]}},{"type":"Feature","properties":{"landuse":"farmland"},"geometry":{"type":"Polygon","coordinates":[[[8.0259,48.9121],[8.0255,48.9115],[8.0277,48.9108],[8.0259,48.9121]]]}},{"type":"Feature","properties":{"landuse":"farmland"},"geometry":{"type":"Polygon","coordinates":[[[8.0209,48.9149],[8.02,48.9122],[8.0226,48.9118],[8.0235,48.9149],[8.0209,48.9149]]]}},{"type":"Feature","properties":{"landuse":"farmland"},"geometry":{"type":"Polygon","coordinates":[[[8.0348,48.9054],[8.0354,48.9036],[8.0357,48.9053],[8.0348,48.9054]]]}},{"type":"Feature","properties":{"landuse":"farmland"},"geometry":{"type":"Polygon","coordinates":[[[8.0235,48.9149],[8.0255,48.9115],[8.0269,48.9151],[8.0235,48.9149]]]}},{"type":"Feature","properties":{"landuse":"farmland"},"geometry":{"type":"Polygon","coordinates":[[[8.0181,48.9126],[8.0265,48.9087],[8.0277,48.9108],[8.0181,48.9126]]]}},{"type":"Feature","properties":{"landuse":"farmland"},"geometry":{"type":"Polygon","coordinates":[[[8.0375,48.9095],[8.0383,48.9067],[8.0404,48.9085],[8.0375,48.9095]]]}},{"type":"Feature","properties":{"landuse":"farmland"},"geometry":{"type":"Polygon","coordinates":[[[8.0394,48.9051],[8.0359,48.9079],[8.0357,48.9029],[8.0394,48.9051]]]}},{"type":"Feature","properties":{"landuse":"farmland"},"geometry":{"type":"Polygon","coordinates":[[[8.0128,48.935],[8.0132,48.9314],[8.0166,48.9325],[8.0128,48.935]]]}},{"type":"Feature","properties":{"landuse":"farmland"},"geometry":{"type":"Polygon","coordinates":[[[8.0108,48.9222],[8.013,48.9243],[8.0057,48.9294],[8.0108,48.9222]]]}},{"type":"Feature","properties":{"landuse":"farmland"},"geometry":{"type":"Polygon","coordinates":[[[8.0151,48.9271],[8.0166,48.9325],[8.0065,48.9315],[8.013,48.9243],[8.0151,48.9271]]]}},{"type":"Feature","properties":{"landuse":"farmland"},"geometry":{"type":"Polygon","coordinates":[[[8.0029,48.9319],[8.0083,48.9313],[8.0095,48.9351],[8.0029,48.9319]]]}},{"type":"Feature","properties":{"landuse":"farmland"},"geometry":{"type":"Polygon","coordinates":[[[7.9993,48.9326],[8.0021,48.9315],[8.0073,48.9372],[7.9993,48.9326]]]}},{"type":"Feature","properties":{"landuse":"farmland"},"geometry":{"type":"Polygon","coordinates":[[[7.9955,48.9339],[7.9993,48.9326],[8.0038,48.9371],[7.9955,48.9339]]]}},{"type":"Feature","properties":{"landuse":"farmland"},"geometry":{"type":"Polygon","coordinates":[[[8.0056,48.9354],[8.0127,48.9355],[8.0118,48.9379],[8.0056,48.9354]]]}},{"type":"Feature","properties":{"landuse":"farmland"},"geometry":{"type":"Polygon","coordinates":[[[8.0083,48.9313],[8.0132,48.9314],[8.0127,48.9355],[8.0083,48.9313]]]}},{"type":"Feature","properties":{"landuse":"farmland"},"geometry":{"type":"Polygon","coordinates":[[[7.9697,48.935],[7.9664,48.9378],[7.9647,48.9358],[7.9672,48.9317],[7.9697,48.935]]]}},{"type":"Feature","properties":{"landuse":"farmland"},"geometry":{"type":"Polygon","coordinates":[[[7.964,48.9312],[7.966,48.9335],[7.9636,48.938],[7.9605,48.9349],[7.964,48.9312]]]}},{"type":"Feature","properties":{"landuse":"farmland"},"geometry":{"type":"Polygon","coordinates":[[[8.1289,48.9639],[8.1277,48.9618],[8.1309,48.9635],[8.1289,48.9639]]]}},{"type":"Feature","properties":{"landuse":"farmland"},"geometry":{"type":"Polygon","coordinates":[[[7.8611,48.9411],[7.86,48.9388],[7.8659,48.9386],[7.8611,48.9411]]]}},{"type":"Feature","properties":{"landuse":"farmland"},"geometry":{"type":"Polygon","coordinates":[[[7.8669,48.9557],[7.8615,48.9545],[7.8716,48.9526],[7.8669,48.9557]]]}},{"type":"Feature","properties":{"landuse":"farmland"},"geometry":{"type":"Polygon","coordinates":[[[7.8689,48.9578],[7.8661,48.9566],[7.8722,48.9541],[7.8689,48.9578]]]}},{"type":"Feature","properties":{"landuse":"farmland"},"geometry":{"type":"Polygon","coordinates":[[[7.8715,48.9506],[7.8769,48.9493],[7.8727,48.9535],[7.8715,48.9506]]]}},{"type":"Feature","properties":{"landuse":"farmland"},"geometry":{"type":"Polygon","coordinates":[[[7.8614,48.9438],[7.8585,48.9416],[7.8611,48.9411],[7.8614,48.9438]]]}},{"type":"Feature","properties":{"landuse":"farmland"},"geometry":{"type":"Polygon","coordinates":[[[7.8779,48.9558],[7.8815,48.9547],[7.8801,48.9574],[7.8779,48.9558]]]}},{"type":"Feature","properties":{"landuse":"farmland"},"geometry":{"type":"Polygon","coordinates":[[[7.8685,48.9536],[7.8635,48.9508],[7.869,48.9494],[7.8721,48.9524],[7.8685,48.9536]]]}},{"type":"Feature","properties":{"landuse":"farmland"},"geometry":{"type":"Polygon","coordinates":[[[7.8642,48.9353],[7.8667,48.937],[7.86,48.9388],[7.8579,48.9356],[7.8642,48.9353]]]}},{"type":"Feature","properties":{"landuse":"farmland"},"geometry":{"type":"Polygon","coordinates":[[[7.8792,48.946],[7.8811,48.9433],[7.8816,48.9451],[7.8792,48.946]]]}},{"type":"Feature","properties":{"landuse":"farmland"},"geometry":{"type":"Polygon","coordinates":[[[7.8526,48.9393],[7.8567,48.9358],[7.8609,48.9405],[7.8557,48.9416],[7.8551,48.9388],[7.8537,48.9419],[7.8526,48.9393]]]}},{"type":"Feature","properties":{"landuse":"farmland"},"geometry":{"type":"Polygon","coordinates":[[[7.8659,48.9386],[7.872,48.9379],[7.8733,48.9438],[7.8586,48.9517],[7.8615,48.9458],[7.8569,48.944],[7.8614,48.9438],[7.8659,48.9386]]]}},{"type":"Feature","properties":{"landuse":"farmland"},"geometry":{"type":"Polygon","coordinates":[[[7.9323,48.9392],[7.9261,48.9425],[7.9261,48.9399],[7.9323,48.9392]]]}},{"type":"Feature","properties":{"landuse":"farmland"},"geometry":{"type":"Polygon","coordinates":[[[7.9286,48.9345],[7.9415,48.934],[7.9293,48.9377],[7.9286,48.9345]]]}},{"type":"Feature","properties":{"landuse":"farmland"},"geometry":{"type":"Polygon","coordinates":[[[7.9276,48.9341],[7.9368,48.9327],[7.9304,48.935],[7.9276,48.9341]]]}},{"type":"Feature","properties":{"landuse":"farmland"},"geometry":{"type":"Polygon","coordinates":[[[7.8588,48.9066],[7.8618,48.9054],[7.8648,48.9112],[7.8588,48.9066]]]}},{"type":"Feature","properties":{"landuse":"farmland"},"geometry":{"type":"Polygon","coordinates":[[[7.8588,48.9066],[7.8571,48.9041],[7.8618,48.9054],[7.8588,48.9066]]]}},{"type":"Feature","properties":{"landuse":"farmland"},"geometry":{"type":"Polygon","coordinates":[[[7.8527,48.9141],[7.8473,48.9156],[7.8451,48.9131],[7.8527,48.9141]]]}},{"type":"Feature","properties":{"landuse":"farmland"},"geometry":{"type":"Polygon","coordinates":[[[7.8473,48.9156],[7.8544,48.9161],[7.852,48.9153],[7.851,48.919],[7.843,48.9159],[7.8473,48.9156]]]}},{"type":"Feature","properties":{"landuse":"farmland"},"geometry":{"type":"Polygon","coordinates":[[[7.8573,48.9079],[7.8631,48.9114],[7.86,48.9118],[7.8573,48.9079]]]}},{"type":"Feature","properties":{"landuse":"farmland"},"geometry":{"type":"Polygon","coordinates":[[[7.8515,48.9126],[7.8505,48.9104],[7.8552,48.9088],[7.8579,48.9137],[7.8515,48.9126]]]}},{"type":"Feature","properties":{"landuse":"farmland"},"geometry":{"type":"Polygon","coordinates":[[[7.8531,48.9141],[7.8628,48.9161],[7.8581,48.9175],[7.8531,48.9141]]]}},{"type":"Feature","properties":{"landuse":"farmland"},"geometry":{"type":"Polygon","coordinates":[[[8.0675,48.8327],[8.0771,48.8312],[8.0684,48.8351],[8.0675,48.8327]]]}},{"type":"Feature","properties":{"landuse":"farmland"},"geometry":{"type":"Polygon","coordinates":[[[8.0674,48.8396],[8.0744,48.8389],[8.0716,48.8407],[8.0674,48.8396]]]}},{"type":"Feature","properties":{"landuse":"farmland"},"geometry":{"type":"Polygon","coordinates":[[[8.0822,48.8362],[8.0791,48.8345],[8.0803,48.8322],[8.085,48.8356],[8.0822,48.8362]]]}},{"type":"Feature","properties":{"landuse":"farmland"},"geometry":{"type":"Polygon","coordinates":[[[8.0545,48.8325],[8.0542,48.8319],[8.0579,48.8313],[8.0545,48.8325]]]}},{"type":"Feature","properties":{"landuse":"farmland"},"geometry":{"type":"Polygon","coordinates":[[[8.0648,48.8322],[8.0636,48.8344],[8.0601,48.8342],[8.0648,48.8322]]]}},{"type":"Feature","properties":{"landuse":"farmland"},"geometry":{"type":"Polygon","coordinates":[[[8.066,48.8349],[8.0679,48.834],[8.0684,48.8351],[8.066,48.8349]]]}},{"type":"Feature","properties":{"landuse":"farmland"},"geometry":{"type":"Polygon","coordinates":[[[8.0601,48.8342],[8.066,48.8349],[8.0582,48.8361],[8.0601,48.8342]]]}},{"type":"Feature","properties":{"landuse":"farmland"},"geometry":{"type":"Polygon","coordinates":[[[8.0711,48.8385],[8.0738,48.8354],[8.077,48.8373],[8.0711,48.8385]]]}},{"type":"Feature","properties":{"landuse":"farmland"},"geometry":{"type":"Polygon","coordinates":[[[8.0546,48.8327],[8.0577,48.832],[8.0567,48.8348],[8.0546,48.8327]]]}},{"type":"Feature","properties":{"landuse":"farmland"},"geometry":{"type":"Polygon","coordinates":[[[8.0423,48.8321],[8.0444,48.8332],[8.0421,48.8351],[8.0423,48.8321]]]}},{"type":"Feature","properties":{"landuse":"farmland"},"geometry":{"type":"Polygon","coordinates":[[[8.042,48.8387],[8.0419,48.8372],[8.0438,48.8371],[8.042,48.8387]]]}},{"type":"Feature","properties":{"landuse":"farmland"},"geometry":{"type":"Polygon","coordinates":[[[8.0555,48.8342],[8.058,48.8363],[8.0549,48.8378],[8.0555,48.8342]]]}},{"type":"Feature","properties":{"landuse":"farmland"},"geometry":{"type":"Polygon","coordinates":[[[8.0442,48.8334],[8.0476,48.8364],[8.0372,48.8374],[8.0333,48.8348],[8.0442,48.8334]]]}},{"type":"Feature","properties":{"landuse":"farmland"},"geometry":{"type":"Polygon","coordinates":[[[8.0648,48.8322],[8.0675,48.8327],[8.066,48.8349],[8.0636,48.8344],[8.0648,48.8322]]]}},{"type":"Feature","properties":{"landuse":"farmland"},"geometry":{"type":"Polygon","coordinates":[[[8.0466,48.8353],[8.0451,48.8333],[8.0481,48.8321],[8.0496,48.834],[8.0466,48.8353]]]}},{"type":"Feature","properties":{"landuse":"farmland"},"geometry":{"type":"Polygon","coordinates":[[[8.0456,48.8396],[8.0466,48.8375],[8.0497,48.8393],[8.0456,48.8396]]]}},{"type":"Feature","properties":{"landuse":"farmland"},"geometry":{"type":"Polygon","coordinates":[[[8.0482,48.8399],[8.0503,48.8424],[8.0476,48.8426],[8.0482,48.8399]]]}},{"type":"Feature","properties":{"landuse":"farmland"},"geometry":{"type":"Polygon","coordinates":[[[8.0769,48.8346],[8.0751,48.8334],[8.0776,48.832],[8.0769,48.8346]]]}},{"type":"Feature","properties":{"landuse":"farmland"},"geometry":{"type":"Polygon","coordinates":[[[8.0549,48.8337],[8.0496,48.834],[8.0481,48.8321],[8.0549,48.8337]]]}},{"type":"Feature","properties":{"landuse":"farmland"},"geometry":{"type":"Polygon","coordinates":[[[8.0543,48.8362],[8.0534,48.839],[8.0486,48.8369],[8.0543,48.8362]]]}},{"type":"Feature","properties":{"landuse":"farmland"},"geometry":{"type":"Polygon","coordinates":[[[8.0449,48.8334],[8.0434,48.8323],[8.0477,48.8319],[8.0449,48.8334]]]}},{"type":"Feature","properties":{"landuse":"farmland"},"geometry":{"type":"Polygon","coordinates":[[[8.0717,48.8341],[8.0769,48.8346],[8.0749,48.836],[8.0717,48.8341]]]}},{"type":"Feature","properties":{"landuse":"farmland"},"geometry":{"type":"Polygon","coordinates":[[[8.0452,48.8395],[8.0482,48.8399],[8.0476,48.8426],[8.0438,48.8423],[8.0452,48.8395]]]}},{"type":"Feature","properties":{"landuse":"farmland"},"geometry":{"type":"Polygon","coordinates":[[[8.0787,48.8336],[8.0819,48.8362],[8.0749,48.836],[8.0787,48.8336]]]}},{"type":"Feature","properties":{"landuse":"farmland"},"geometry":{"type":"Polygon","coordinates":[[[8.0691,48.8375],[8.0711,48.8385],[8.0674,48.8396],[8.0691,48.8375]]]}},{"type":"Feature","properties":{"landuse":"farmland"},"geometry":{"type":"Polygon","coordinates":[[[8.0749,48.8398],[8.0744,48.8382],[8.0788,48.8378],[8.0749,48.8398]]]}},{"type":"Feature","properties":{"landuse":"farmland"},"geometry":{"type":"Polygon","coordinates":[[[8.0738,48.8354],[8.0711,48.8385],[8.0669,48.8362],[8.0738,48.8354]]]}},{"type":"Feature","properties":{"landuse":"farmland"},"geometry":{"type":"Polygon","coordinates":[[[8.0496,48.834],[8.0534,48.8345],[8.0465,48.8355],[8.0496,48.834]]]}},{"type":"Feature","properties":{"landuse":"farmland"},"geometry":{"type":"Polygon","coordinates":[[[7.9455,48.8147],[7.9457,48.816],[7.9428,48.8162],[7.9455,48.8147]]]}},{"type":"Feature","properties":{"landuse":"farmland"},"geometry":{"type":"Polygon","coordinates":[[[7.9455,48.8147],[7.9475,48.8152],[7.9459,48.8172],[7.9455,48.8147]]]}},{"type":"Feature","properties":{"landuse":"farmland"},"geometry":{"type":"Polygon","coordinates":[[[7.9116,48.9797],[7.9176,48.9772],[7.9214,48.9808],[7.9116,48.9797]]]}},{"type":"Feature","properties":{"landuse":"farmland"},"geometry":{"type":"Polygon","coordinates":[[[7.9265,48.9791],[7.9217,48.9805],[7.9176,48.9772],[7.9265,48.9791]]]}},{"type":"Feature","properties":{"landuse":"farmland"},"geometry":{"type":"Polygon","coordinates":[[[7.9229,48.9552],[7.9187,48.9582],[7.9164,48.9563],[7.9203,48.9516],[7.9229,48.9552]]]}},{"type":"Feature","properties":{"landuse":"orchard"},"geometry":{"type":"Polygon","coordinates":[[[7.9003,48.9052],[7.8998,48.9037],[7.9021,48.9049],[7.9003,48.9052]]]}},{"type":"Feature","properties":{"landuse":"orchard"},"geometry":{"type":"Polygon","coordinates":[[[7.8967,48.904],[7.8957,48.9023],[7.899,48.9018],[7.8967,48.904]]]}},{"type":"Feature","properties":{"landuse":"orchard"},"geometry":{"type":"Polygon","coordinates":[[[7.8979,48.9033],[7.8995,48.904],[7.8987,48.9044],[7.8979,48.9033]]]}},{"type":"Feature","properties":{"landuse":"farmland"},"geometry":{"type":"Polygon","coordinates":[[[8.103,48.8897],[8.1013,48.8879],[8.1042,48.8872],[8.103,48.8897]]]}},{"type":"Feature","properties":{"landuse":"farmland"},"geometry":{"type":"Polygon","coordinates":[[[8.0991,48.8927],[8.1002,48.8878],[8.1046,48.8912],[8.0991,48.8927]]]}},{"type":"Feature","properties":{"landuse":"farmland"},"geometry":{"type":"Polygon","coordinates":[[[8.1052,48.8883],[8.1043,48.8851],[8.1071,48.8849],[8.1052,48.8883]]]}},{"type":"Feature","properties":{"landuse":"farmland"},"geometry":{"type":"Polygon","coordinates":[[[7.8166,48.9032],[7.8243,48.9059],[7.8184,48.9069],[7.8166,48.9032]]]}},{"type":"Feature","properties":{"landuse":"farmland"},"geometry":{"type":"Polygon","coordinates":[[[7.8197,48.9094],[7.8184,48.9069],[7.8261,48.9078],[7.8197,48.9094]]]}},{"type":"Feature","properties":{"landuse":"farmland"},"geometry":{"type":"Polygon","coordinates":[[[7.8243,48.9059],[7.8224,48.9031],[7.8292,48.9053],[7.8243,48.9059]]]}},{"type":"Feature","properties":{"landuse":"farmland"},"geometry":{"type":"Polygon","coordinates":[[[7.8292,48.9053],[7.8282,48.9031],[7.8366,48.904],[7.8292,48.9053]]]}},{"type":"Feature","properties":{"landuse":"farmland"},"geometry":{"type":"Polygon","coordinates":[[[7.8243,48.9059],[7.8292,48.9053],[7.831,48.9098],[7.8243,48.9059]]]}},{"type":"Feature","properties":{"landuse":"farmland"},"geometry":{"type":"Polygon","coordinates":[[[7.8518,48.9284],[7.8525,48.9252],[7.8581,48.9286],[7.8518,48.9284]]]}},{"type":"Feature","properties":{"landuse":"farmland"},"geometry":{"type":"Polygon","coordinates":[[[7.8631,48.9302],[7.8705,48.9335],[7.8686,48.9338],[7.8631,48.9302]]]}},{"type":"Feature","properties":{"landuse":"farmland"},"geometry":{"type":"Polygon","coordinates":[[[7.8518,48.9284],[7.8445,48.9283],[7.8517,48.9267],[7.8518,48.9284]]]}},{"type":"Feature","properties":{"landuse":"farmland"},"geometry":{"type":"Polygon","coordinates":[[[7.8674,48.9317],[7.8686,48.9296],[7.8733,48.9329],[7.8674,48.9317]]]}},{"type":"Feature","properties":{"landuse":"farmland"},"geometry":{"type":"Polygon","coordinates":[[[7.8554,48.9312],[7.8541,48.9288],[7.8581,48.9286],[7.8554,48.9312]]]}},{"type":"Feature","properties":{"landuse":"farmland"},"geometry":{"type":"Polygon","coordinates":[[[7.8378,48.9211],[7.8372,48.9185],[7.8428,48.9198],[7.8378,48.9211]]]}},{"type":"Feature","properties":{"landuse":"farmland"},"geometry":{"type":"Polygon","coordinates":[[[7.8553,48.9252],[7.854,48.9243],[7.8592,48.9228],[7.8553,48.9252]]]}},{"type":"Feature","properties":{"landuse":"farmland"},"geometry":{"type":"Polygon","coordinates":[[[7.8553,48.9252],[7.8631,48.9263],[7.8604,48.9281],[7.8553,48.9252]]]}},{"type":"Feature","properties":{"landuse":"farmland"},"geometry":{"type":"Polygon","coordinates":[[[7.8604,48.9281],[7.8656,48.9286],[7.8639,48.9305],[7.8604,48.9281]]]}},{"type":"Feature","properties":{"landuse":"farmland"},"geometry":{"type":"Polygon","coordinates":[[[7.8719,48.9317],[7.8686,48.9296],[7.8699,48.9272],[7.8759,48.931],[7.8719,48.9317]]]}},{"type":"Feature","properties":{"landuse":"farmland"},"geometry":{"type":"Polygon","coordinates":[[[8.0099,48.8356],[8.0128,48.8367],[8.0117,48.8391],[8.0099,48.8356]]]}},{"type":"Feature","properties":{"landuse":"farmland"},"geometry":{"type":"Polygon","coordinates":[[[8.0234,48.8379],[8.0275,48.8379],[8.0262,48.84],[8.0234,48.8379]]]}},{"type":"Feature","properties":{"landuse":"farmland"},"geometry":{"type":"Polygon","coordinates":[[[8.03,48.8361],[8.0319,48.838],[8.0289,48.8391],[8.03,48.8361]]]}},{"type":"Feature","properties":{"landuse":"farmland"},"geometry":{"type":"Polygon","coordinates":[[[8.0267,48.8402],[8.0273,48.8389],[8.0299,48.8407],[8.0267,48.8402]]]}},{"type":"Feature","properties":{"landuse":"farmland"},"geometry":{"type":"Polygon","coordinates":[[[8.0275,48.8379],[8.0259,48.8383],[8.0279,48.8371],[8.0275,48.8379]]]}},{"type":"Feature","properties":{"landuse":"farmland"},"geometry":{"type":"Polygon","coordinates":[[[8.0312,48.8349],[8.0337,48.8366],[8.0319,48.838],[8.0287,48.8346],[8.0312,48.8349]]]}},{"type":"Feature","properties":{"landuse":"farmland"},"geometry":{"type":"Polygon","coordinates":[[[8.0248,48.8369],[8.0273,48.8354],[8.0283,48.8361],[8.0255,48.8377],[8.0248,48.8369]]]}},{"type":"Feature","properties":{"landuse":"farmland"},"geometry":{"type":"Polygon","coordinates":[[[8.0303,48.8387],[8.0322,48.8399],[8.0285,48.8391],[8.0303,48.8387]]]}},{"type":"Feature","properties":{"landuse":"farmland"},"geometry":{"type":"Polygon","coordinates":[[[8.0364,48.8381],[8.0303,48.8387],[8.0337,48.8366],[8.0364,48.8381]]]}},{"type":"Feature","properties":{"landuse":"farmland"},"geometry":{"type":"Polygon","coordinates":[[[8.0881,48.8533],[8.0774,48.8552],[8.0814,48.8517],[8.0881,48.8533]]]}},{"type":"Feature","properties":{"landuse":"farmland"},"geometry":{"type":"Polygon","coordinates":[[[8.0701,48.8597],[8.0742,48.8567],[8.0732,48.8599],[8.0701,48.8597]]]}},{"type":"Feature","properties":{"landuse":"farmland"},"geometry":{"type":"Polygon","coordinates":[[[8.0792,48.8591],[8.0828,48.8549],[8.0849,48.8575],[8.0792,48.8591]]]}},{"type":"Feature","properties":{"landuse":"farmland"},"geometry":{"type":"Polygon","coordinates":[[[8.0674,48.8526],[8.065,48.8515],[8.0683,48.8516],[8.0674,48.8526]]]}},{"type":"Feature","properties":{"landuse":"farmland"},"geometry":{"type":"Polygon","coordinates":[[[8.0683,48.8516],[8.0725,48.8516],[8.0698,48.854],[8.0683,48.8516]]]}},{"type":"Feature","properties":{"landuse":"farmland"},"geometry":{"type":"Polygon","coordinates":[[[8.0803,48.8566],[8.079,48.8588],[8.0743,48.8554],[8.08,48.8529],[8.0774,48.8552],[8.0803,48.8566]]]}},{"type":"Feature","properties":{"landuse":"farmland"},"geometry":{"type":"Polygon","coordinates":[[[7.8711,48.9497],[7.8673,48.9497],[7.8689,48.9465],[7.8742,48.9494],[7.8711,48.9497]]]}},{"type":"Feature","properties":{"landuse":"farmland"},"geometry":{"type":"Polygon","coordinates":[[[7.8802,48.9434],[7.8789,48.9455],[7.8778,48.9429],[7.8802,48.9434]]]}},{"type":"Feature","properties":{"landuse":"farmland"},"geometry":{"type":"Polygon","coordinates":[[[7.8792,48.9468],[7.8761,48.9462],[7.8792,48.946],[7.8792,48.9468]]]}},{"type":"Feature","properties":{"landuse":"farmland"},"geometry":{"type":"Polygon","coordinates":[[[7.8762,48.9474],[7.8792,48.9468],[7.8795,48.9484],[7.8762,48.9474]]]}},{"type":"Feature","properties":{"landuse":"farmland"},"geometry":{"type":"Polygon","coordinates":[[[7.9336,48.7681],[7.9366,48.7643],[7.9403,48.7656],[7.9336,48.7681]]]}},{"type":"Feature","properties":{"landuse":"farmland"},"geometry":{"type":"Polygon","coordinates":[[[7.9206,48.7682],[7.9234,48.7659],[7.9334,48.7729],[7.925,48.7722],[7.9206,48.7682]]]}},{"type":"Feature","properties":{"landuse":"farmland"},"geometry":{"type":"Polygon","coordinates":[[[7.9295,48.7638],[7.928,48.762],[7.9312,48.761],[7.9416,48.7646],[7.9295,48.7638]]]}},{"type":"Feature","properties":{"landuse":"farmland"},"geometry":{"type":"Polygon","coordinates":[[[7.9617,48.7703],[7.9613,48.768],[7.9636,48.7695],[7.9617,48.7703]]]}},{"type":"Feature","properties":{"landuse":"farmland"},"geometry":{"type":"Polygon","coordinates":[[[7.9578,48.767],[7.9656,48.7684],[7.9613,48.768],[7.9617,48.7703],[7.9578,48.767]]]}},{"type":"Feature","properties":{"landuse":"farmland"},"geometry":{"type":"Polygon","coordinates":[[[7.772,48.8316],[7.7697,48.8277],[7.7792,48.825],[7.779,48.8292],[7.772,48.8316]]]}},{"type":"Feature","properties":{"landuse":"farmland"},"geometry":{"type":"Polygon","coordinates":[[[7.7628,48.8304],[7.7616,48.8287],[7.7636,48.8281],[7.7628,48.8304]]]}},{"type":"Feature","properties":{"landuse":"farmland"},"geometry":{"type":"Polygon","coordinates":[[[7.7861,48.8318],[7.7844,48.8336],[7.7838,48.832],[7.7861,48.8318]]]}},{"type":"Feature","properties":{"landuse":"farmland"},"geometry":{"type":"Polygon","coordinates":[[[7.7832,48.8296],[7.7861,48.8318],[7.7838,48.832],[7.7832,48.8296]]]}},{"type":"Feature","properties":{"landuse":"farmland"},"geometry":{"type":"Polygon","coordinates":[[[7.7646,48.8296],[7.7648,48.8277],[7.7667,48.8302],[7.7646,48.8296]]]}},{"type":"Feature","properties":{"landuse":"farmland"},"geometry":{"type":"Polygon","coordinates":[[[7.8115,48.8282],[7.8088,48.8308],[7.8046,48.8282],[7.8115,48.8282]]]}},{"type":"Feature","properties":{"landuse":"farmland"},"geometry":{"type":"Polygon","coordinates":[[[7.8122,48.8315],[7.8209,48.8301],[7.8159,48.8328],[7.8122,48.8315]]]}},{"type":"Feature","properties":{"landuse":"farmland"},"geometry":{"type":"Polygon","coordinates":[[[7.7893,48.8328],[7.7856,48.8293],[7.7892,48.8294],[7.7893,48.8328]]]}},{"type":"Feature","properties":{"landuse":"farmland"},"geometry":{"type":"Polygon","coordinates":[[[7.7699,48.8347],[7.7738,48.8336],[7.7771,48.8342],[7.7699,48.8347]]]}},{"type":"Feature","properties":{"landuse":"farmland"},"geometry":{"type":"Polygon","coordinates":[[[7.789,48.8318],[7.7913,48.8317],[7.7878,48.834],[7.789,48.8318]]]}},{"type":"Feature","properties":{"landuse":"farmland"},"geometry":{"type":"Polygon","coordinates":[[[7.789,48.8318],[7.7884,48.83],[7.7922,48.8291],[7.789,48.8318]]]}},{"type":"Feature","properties":{"landuse":"farmland"},"geometry":{"type":"Polygon","coordinates":[[[8.0008,48.7735],[8.004,48.7719],[8.0049,48.7729],[8.0008,48.7735]]]}},{"type":"Feature","properties":{"landuse":"farmland"},"geometry":{"type":"Polygon","coordinates":[[[7.3562,48.1271],[7.356,48.1261],[7.3601,48.1262],[7.3562,48.1271]]]}},{"type":"Feature","properties":{"landuse":"farmland"},"geometry":{"type":"Polygon","coordinates":[[[7.5633,47.5977],[7.5656,47.597],[7.5655,47.5981],[7.5633,47.5977]]]}},{"type":"Feature","properties":{"landuse":"farmland"},"geometry":{"type":"Polygon","coordinates":[[[7.5649,47.5965],[7.5623,47.5952],[7.5671,47.5912],[7.5663,47.5954],[7.5688,47.5966],[7.5649,47.5965]]]}},{"type":"Feature","properties":{"landuse":"farmland"},"geometry":{"type":"Polygon","coordinates":[[[7.5517,47.6004],[7.5529,47.6014],[7.5482,47.6025],[7.5517,47.6004]]]}},{"type":"Feature","properties":{"landuse":"farmland"},"geometry":{"type":"Polygon","coordinates":[[[7.5676,47.5989],[7.5655,47.5981],[7.568,47.5976],[7.5676,47.5989]]]}},{"type":"Feature","properties":{"landuse":"green_public_spaces"},"geometry":{"type":"Polygon","coordinates":[[[7.7839,48.8104],[7.7857,48.8105],[7.7849,48.8115],[7.7839,48.8104]]]}},{"type":"Feature","properties":{"landuse":"farmland"},"geometry":{"type":"Polygon","coordinates":[[[7.3721,48.7071],[7.3741,48.7072],[7.3737,48.7088],[7.3721,48.7071]]]}},{"type":"Feature","properties":{"landuse":"farmland"},"geometry":{"type":"Polygon","coordinates":[[[7.3724,48.7135],[7.37,48.7087],[7.3734,48.7119],[7.3724,48.7135]]]}},{"type":"Feature","properties":{"landuse":"farmland"},"geometry":{"type":"Polygon","coordinates":[[[7.301,48.9484],[7.3038,48.9481],[7.2981,48.9519],[7.2936,48.951],[7.301,48.9484]]]}},{"type":"Feature","properties":{"landuse":"orchard"},"geometry":{"type":"Polygon","coordinates":[[[7.322,47.5567],[7.3209,47.5547],[7.3232,47.5554],[7.322,47.5567]]]}},{"type":"Feature","properties":{"landuse":"farmland"},"geometry":{"type":"Polygon","coordinates":[[[7.3044,47.5469],[7.3099,47.5475],[7.3035,47.5481],[7.3044,47.5469]]]}},{"type":"Feature","properties":{"landuse":"farmland"},"geometry":{"type":"Polygon","coordinates":[[[7.3103,47.5468],[7.3108,47.5455],[7.312,47.5461],[7.3103,47.5468]]]}},{"type":"Feature","properties":{"landuse":"farmland"},"geometry":{"type":"Polygon","coordinates":[[[7.3115,47.5453],[7.3136,47.5441],[7.3129,47.5456],[7.3115,47.5453]]]}},{"type":"Feature","properties":{"landuse":"orchard"},"geometry":{"type":"Polygon","coordinates":[[[7.5523,48.8534],[7.5536,48.8538],[7.5524,48.8553],[7.5523,48.8534]]]}},{"type":"Feature","properties":{"landuse":"farmland"},"geometry":{"type":"Polygon","coordinates":[[[7.7191,48.3054],[7.7105,48.3042],[7.7198,48.3037],[7.7191,48.3054]]]}},{"type":"Feature","properties":{"landuse":"green_public_spaces"},"geometry":{"type":"Polygon","coordinates":[[[7.3332,48.09],[7.3354,48.0896],[7.3356,48.0915],[7.3332,48.09]]]}},{"type":"Feature","properties":{"landuse":"orchard"},"geometry":{"type":"Polygon","coordinates":[[[7.3384,48.3043],[7.3376,48.3021],[7.3402,48.3012],[7.3384,48.3043]]]}},{"type":"Feature","properties":{"landuse":"green_public_spaces"},"geometry":{"type":"Polygon","coordinates":[[[7.2737,47.8259],[7.2757,47.8272],[7.2745,47.8274],[7.2737,47.8259]]]}},{"type":"Feature","properties":{"landuse":"farmland"},"geometry":{"type":"Polygon","coordinates":[[[7.8219,48.7582],[7.8256,48.7595],[7.8207,48.7586],[7.8219,48.7582]]]}},{"type":"Feature","properties":{"landuse":"farmland"},"geometry":{"type":"Polygon","coordinates":[[[7.8264,48.7776],[7.8283,48.7768],[7.8294,48.7781],[7.8264,48.7776]]]}},{"type":"Feature","properties":{"landuse":"orchard"},"geometry":{"type":"Polygon","coordinates":[[[7.4965,48.5481],[7.4929,48.5485],[7.4932,48.5471],[7.4965,48.5481]]]}},{"type":"Feature","properties":{"landuse":"green_public_spaces"},"geometry":{"type":"Polygon","coordinates":[[[7.3091,48.0475],[7.3086,48.0463],[7.3106,48.0472],[7.3091,48.0475]]]}},{"type":"Feature","properties":{"landuse":"orchard"},"geometry":{"type":"Polygon","coordinates":[[[7.5262,48.7575],[7.5266,48.7613],[7.523,48.7593],[7.5262,48.7575]]]}},{"type":"Feature","properties":{"landuse":"orchard"},"geometry":{"type":"Polygon","coordinates":[[[7.5279,48.7567],[7.5251,48.7557],[7.5269,48.7537],[7.5279,48.7567]]]}},{"type":"Feature","properties":{"landuse":"farmland"},"geometry":{"type":"Polygon","coordinates":[[[7.7975,48.6039],[7.7982,48.6027],[7.7989,48.6038],[7.7975,48.6039]]]}},{"type":"Feature","properties":{"landuse":"farmland"},"geometry":{"type":"Polygon","coordinates":[[[7.7914,48.6068],[7.7925,48.6047],[7.7925,48.6067],[7.7914,48.6068]]]}},{"type":"Feature","properties":{"landuse":"farmland"},"geometry":{"type":"Polygon","coordinates":[[[7.7955,48.6048],[7.7944,48.6068],[7.7926,48.6063],[7.7955,48.6048]]]}},{"type":"Feature","properties":{"landuse":"farmland"},"geometry":{"type":"Polygon","coordinates":[[[7.7944,48.6086],[7.7978,48.6042],[7.799,48.6058],[7.7944,48.6086]]]}},{"type":"Feature","properties":{"landuse":"farmland"},"geometry":{"type":"Polygon","coordinates":[[[7.7912,48.6077],[7.7916,48.6068],[7.7926,48.6074],[7.7912,48.6077]]]}},{"type":"Feature","properties":{"landuse":"farmland"},"geometry":{"type":"Polygon","coordinates":[[[7.7984,48.6017],[7.7938,48.6025],[7.7963,48.5987],[7.7984,48.6017]]]}},{"type":"Feature","properties":{"landuse":"farmland"},"geometry":{"type":"Polygon","coordinates":[[[7.8049,48.6244],[7.807,48.6243],[7.8072,48.6258],[7.8049,48.6244]]]}},{"type":"Feature","properties":{"landuse":"green_public_spaces"},"geometry":{"type":"Polygon","coordinates":[[[7.2793,47.6558],[7.2783,47.6577],[7.2768,47.6568],[7.2793,47.6558]]]}},{"type":"Feature","properties":{"landuse":"farmland"},"geometry":{"type":"Polygon","coordinates":[[[7.5426,47.6084],[7.5431,47.6103],[7.5416,47.6092],[7.5426,47.6084]]]}},{"type":"Feature","properties":{"landuse":"farmland"},"geometry":{"type":"Polygon","coordinates":[[[7.1874,47.7992],[7.1888,47.798],[7.1896,47.7997],[7.1874,47.7992]]]}},{"type":"Feature","properties":{"landuse":"farmland"},"geometry":{"type":"Polygon","coordinates":[[[7.4187,48.5298],[7.4179,48.5318],[7.4144,48.5304],[7.4187,48.5298]]]}},{"type":"Feature","properties":{"landuse":"orchard"},"geometry":{"type":"Polygon","coordinates":[[[7.4145,48.5256],[7.4171,48.529],[7.414,48.5306],[7.4114,48.5268],[7.4145,48.5256]]]}},{"type":"Feature","properties":{"landuse":"farmland"},"geometry":{"type":"Polygon","coordinates":[[[7.4171,48.5255],[7.4169,48.5268],[7.414,48.5264],[7.4171,48.5255]]]}},{"type":"Feature","properties":{"landuse":"farmland"},"geometry":{"type":"Polygon","coordinates":[[[7.6208,48.8426],[7.6182,48.8425],[7.6192,48.841],[7.6208,48.8426]]]}},{"type":"Feature","properties":{"landuse":"farmland"},"geometry":{"type":"Polygon","coordinates":[[[7.6211,48.8435],[7.6192,48.841],[7.622,48.8412],[7.6211,48.8435]]]}},{"type":"Feature","properties":{"landuse":"farmland"},"geometry":{"type":"Polygon","coordinates":[[[7.6236,48.8359],[7.6216,48.8361],[7.6235,48.8351],[7.6236,48.8359]]]}},{"type":"Feature","properties":{"landuse":"farmland"},"geometry":{"type":"Polygon","coordinates":[[[7.6205,48.8406],[7.6189,48.8406],[7.6209,48.8397],[7.6205,48.8406]]]}},{"type":"Feature","properties":{"landuse":"farmland"},"geometry":{"type":"Polygon","coordinates":[[[7.6386,48.8392],[7.6383,48.8397],[7.6364,48.8389],[7.6386,48.8392]]]}},{"type":"Feature","properties":{"landuse":"farmland"},"geometry":{"type":"Polygon","coordinates":[[[7.6982,48.8742],[7.6951,48.8755],[7.6955,48.8736],[7.6982,48.8742]]]}},{"type":"Feature","properties":{"landuse":"orchard"},"geometry":{"type":"Polygon","coordinates":[[[7.5182,48.8657],[7.517,48.8624],[7.5193,48.8637],[7.5182,48.8657]]]}},{"type":"Feature","properties":{"landuse":"farmland"},"geometry":{"type":"Polygon","coordinates":[[[7.2218,48.936],[7.2263,48.936],[7.2255,48.937],[7.2218,48.936]]]}},{"type":"Feature","properties":{"landuse":"farmland"},"geometry":{"type":"Polygon","coordinates":[[[7.2155,48.9539],[7.2122,48.9525],[7.2135,48.9512],[7.2155,48.9539]]]}},{"type":"Feature","properties":{"landuse":"farmland"},"geometry":{"type":"Polygon","coordinates":[[[7.2167,48.9317],[7.2189,48.9326],[7.2144,48.9337],[7.2167,48.9317]]]}},{"type":"Feature","properties":{"landuse":"orchard"},"geometry":{"type":"Polygon","coordinates":[[[7.2048,48.9548],[7.2065,48.9556],[7.2036,48.9564],[7.2048,48.9548]]]}},{"type":"Feature","properties":{"landuse":"orchard"},"geometry":{"type":"Polygon","coordinates":[[[7.1263,48.9979],[7.127,49],[7.1253,49.0004],[7.1263,48.9979]]]}},{"type":"Feature","properties":{"landuse":"farmland"},"geometry":{"type":"Polygon","coordinates":[[[7.3987,48.7945],[7.3974,48.7948],[7.3954,48.7927],[7.3987,48.7945]]]}},{"type":"Feature","properties":{"landuse":"farmland"},"geometry":{"type":"Polygon","coordinates":[[[7.4053,48.7948],[7.4068,48.793],[7.4101,48.7944],[7.4053,48.7948]]]}},{"type":"Feature","properties":{"landuse":"orchard"},"geometry":{"type":"Polygon","coordinates":[[[7.2744,47.6403],[7.2767,47.6418],[7.273,47.6417],[7.2744,47.6403]]]}},{"type":"Feature","properties":{"landuse":"farmland"},"geometry":{"type":"Polygon","coordinates":[[[7.3217,47.7154],[7.3235,47.7122],[7.3253,47.7138],[7.3217,47.7154]]]}},{"type":"Feature","properties":{"landuse":"farmland"},"geometry":{"type":"Polygon","coordinates":[[[7.3315,47.7159],[7.3369,47.7104],[7.3504,47.7174],[7.342,47.7196],[7.3449,47.7215],[7.3318,47.7239],[7.335,47.7197],[7.3315,47.7159]]]}},{"type":"Feature","properties":{"landuse":"farmland"},"geometry":{"type":"Polygon","coordinates":[[[7.3239,47.717],[7.3276,47.7162],[7.3241,47.7179],[7.3239,47.717]]]}},{"type":"Feature","properties":{"landuse":"farmland"},"geometry":{"type":"Polygon","coordinates":[[[7.3537,47.7244],[7.3465,47.7218],[7.3471,47.7197],[7.3537,47.7244]]]}},{"type":"Feature","properties":{"landuse":"farmland"},"geometry":{"type":"Polygon","coordinates":[[[7.4115,47.7539],[7.4185,47.7592],[7.4066,47.7554],[7.4066,47.7529],[7.4115,47.7539]]]}},{"type":"Feature","properties":{"landuse":"orchard"},"geometry":{"type":"Polygon","coordinates":[[[7.2669,47.6937],[7.2706,47.6932],[7.2691,47.6959],[7.2669,47.6937]]]}},{"type":"Feature","properties":{"landuse":"farmland"},"geometry":{"type":"Polygon","coordinates":[[[7.2691,47.6959],[7.2648,47.6968],[7.268,47.6946],[7.2691,47.6959]]]}},{"type":"Feature","properties":{"landuse":"orchard"},"geometry":{"type":"Polygon","coordinates":[[[7.2771,47.6991],[7.2801,47.6999],[7.2771,47.7001],[7.2771,47.6991]]]}},{"type":"Feature","properties":{"landuse":"farmland"},"geometry":{"type":"Polygon","coordinates":[[[7.2826,47.6908],[7.2849,47.6913],[7.2838,47.6919],[7.2826,47.6908]]]}},{"type":"Feature","properties":{"landuse":"farmland"},"geometry":{"type":"Polygon","coordinates":[[[7.2849,47.6901],[7.2841,47.6907],[7.2824,47.6884],[7.2849,47.6901]]]}},{"type":"Feature","properties":{"landuse":"farmland"},"geometry":{"type":"Polygon","coordinates":[[[7.2812,47.7067],[7.2828,47.7083],[7.282,47.7087],[7.2812,47.7067]]]}},{"type":"Feature","properties":{"landuse":"farmland"},"geometry":{"type":"Polygon","coordinates":[[[7.2603,47.6747],[7.2588,47.6757],[7.2531,47.6717],[7.2603,47.6747]]]}},{"type":"Feature","properties":{"landuse":"farmland"},"geometry":{"type":"Polygon","coordinates":[[[7.2795,47.6514],[7.283,47.6518],[7.2826,47.6529],[7.2795,47.6514]]]}},{"type":"Feature","properties":{"landuse":"orchard"},"geometry":{"type":"Polygon","coordinates":[[[7.2734,47.6452],[7.2755,47.6481],[7.274,47.6484],[7.2734,47.6452]]]}},{"type":"Feature","properties":{"landuse":"orchard"},"geometry":{"type":"Polygon","coordinates":[[[7.2795,47.6514],[7.2834,47.6536],[7.2811,47.6541],[7.2795,47.6514]]]}},{"type":"Feature","properties":{"landuse":"farmland"},"geometry":{"type":"Polygon","coordinates":[[[7.2769,47.6509],[7.2808,47.6532],[7.2763,47.6541],[7.2769,47.6509]]]}},{"type":"Feature","properties":{"landuse":"orchard"},"geometry":{"type":"Polygon","coordinates":[[[7.2577,47.64],[7.2584,47.642],[7.2536,47.6405],[7.2577,47.64]]]}},{"type":"Feature","properties":{"landuse":"farmland"},"geometry":{"type":"Polygon","coordinates":[[[7.2563,47.6419],[7.2581,47.6421],[7.2563,47.643],[7.2563,47.6419]]]}},{"type":"Feature","properties":{"landuse":"orchard"},"geometry":{"type":"Polygon","coordinates":[[[7.2617,47.6446],[7.2603,47.6444],[7.2618,47.6427],[7.2617,47.6446]]]}},{"type":"Feature","properties":{"landuse":"orchard"},"geometry":{"type":"Polygon","coordinates":[[[7.2708,47.6438],[7.2728,47.6442],[7.2707,47.6457],[7.2708,47.6438]]]}},{"type":"Feature","properties":{"landuse":"farmland"},"geometry":{"type":"Polygon","coordinates":[[[7.4312,47.6575],[7.437,47.654],[7.4373,47.6493],[7.4423,47.6532],[7.4379,47.6539],[7.4445,47.6572],[7.4393,47.6589],[7.4425,47.6608],[7.4361,47.6615],[7.4312,47.6575]]]}},{"type":"Feature","properties":{"landuse":"farmland"},"geometry":{"type":"Polygon","coordinates":[[[7.4415,47.6593],[7.4427,47.6576],[7.4435,47.6591],[7.4415,47.6593]]]}},{"type":"Feature","properties":{"landuse":"orchard"},"geometry":{"type":"Polygon","coordinates":[[[7.2884,47.7063],[7.2856,47.7077],[7.284,47.706],[7.2884,47.7063]]]}},{"type":"Feature","properties":{"landuse":"farmland"},"geometry":{"type":"Polygon","coordinates":[[[7.288,47.7095],[7.2955,47.7084],[7.2928,47.7076],[7.2954,47.7115],[7.288,47.7095]]]}},{"type":"Feature","properties":{"landuse":"farmland"},"geometry":{"type":"Polygon","coordinates":[[[7.2961,47.7056],[7.3008,47.7074],[7.3002,47.7094],[7.2961,47.7056]]]}},{"type":"Feature","properties":{"landuse":"farmland"},"geometry":{"type":"Polygon","coordinates":[[[7.298,47.7103],[7.2945,47.707],[7.2958,47.7058],[7.298,47.7103]]]}},{"type":"Feature","properties":{"landuse":"farmland"},"geometry":{"type":"Polygon","coordinates":[[[7.2491,47.6817],[7.2505,47.6793],[7.2557,47.6821],[7.2525,47.6853],[7.2491,47.6817]]]}},{"type":"Feature","properties":{"landuse":"farmland"},"geometry":{"type":"Polygon","coordinates":[[[7.2991,47.7209],[7.3021,47.7218],[7.3011,47.7222],[7.2991,47.7209]]]}},{"type":"Feature","properties":{"landuse":"farmland"},"geometry":{"type":"Polygon","coordinates":[[[7.3115,47.7208],[7.3124,47.7188],[7.3145,47.7219],[7.3115,47.7208]]]}},{"type":"Feature","properties":{"landuse":"farmland"},"geometry":{"type":"Polygon","coordinates":[[[7.2609,47.6661],[7.2584,47.6676],[7.2604,47.672],[7.2573,47.6719],[7.2452,47.6641],[7.252,47.6664],[7.2561,47.6624],[7.2609,47.6661]]]}},{"type":"Feature","properties":{"landuse":"farmland"},"geometry":{"type":"Polygon","coordinates":[[[7.2605,47.6633],[7.2561,47.6624],[7.2573,47.6612],[7.2605,47.6633]]]}},{"type":"Feature","properties":{"landuse":"farmland"},"geometry":{"type":"Polygon","coordinates":[[[7.2655,47.6581],[7.2667,47.6608],[7.2655,47.6615],[7.2655,47.6581]]]}},{"type":"Feature","properties":{"landuse":"orchard"},"geometry":{"type":"Polygon","coordinates":[[[7.29,47.6942],[7.2865,47.6934],[7.2893,47.6934],[7.29,47.6942]]]}},{"type":"Feature","properties":{"landuse":"farmland"},"geometry":{"type":"Polygon","coordinates":[[[7.3128,47.7226],[7.3172,47.7244],[7.3154,47.725],[7.3128,47.7226]]]}},{"type":"Feature","properties":{"landuse":"orchard"},"geometry":{"type":"Polygon","coordinates":[[[7.3142,47.7153],[7.3162,47.7184],[7.3143,47.7183],[7.3142,47.7153]]]}},{"type":"Feature","properties":{"landuse":"farmland"},"geometry":{"type":"Polygon","coordinates":[[[7.2657,47.6292],[7.265,47.6276],[7.2675,47.6264],[7.2657,47.6292]]]}},{"type":"Feature","properties":{"landuse":"orchard"},"geometry":{"type":"Polygon","coordinates":[[[7.2752,47.622],[7.2784,47.6207],[7.2771,47.621],[7.2776,47.6217],[7.2752,47.622]]]}},{"type":"Feature","properties":{"landuse":"orchard"},"geometry":{"type":"Polygon","coordinates":[[[7.2388,47.6399],[7.2393,47.6411],[7.2376,47.6408],[7.2388,47.6399]]]}},{"type":"Feature","properties":{"landuse":"orchard"},"geometry":{"type":"Polygon","coordinates":[[[7.2323,47.637],[7.2325,47.6394],[7.2307,47.638],[7.2323,47.637]]]}},{"type":"Feature","properties":{"landuse":"farmland"},"geometry":{"type":"Polygon","coordinates":[[[7.2345,47.6377],[7.2364,47.6374],[7.2354,47.6401],[7.2345,47.6377]]]}},{"type":"Feature","properties":{"landuse":"orchard"},"geometry":{"type":"Polygon","coordinates":[[[7.2407,47.6413],[7.2432,47.6412],[7.2425,47.642],[7.2407,47.6413]]]}},{"type":"Feature","properties":{"landuse":"farmland"},"geometry":{"type":"Polygon","coordinates":[[[7.2356,47.6334],[7.2374,47.6329],[7.2366,47.6362],[7.2356,47.6334]]]}},{"type":"Feature","properties":{"landuse":"farmland"},"geometry":{"type":"Polygon","coordinates":[[[7.2923,47.6217],[7.2894,47.6227],[7.2859,47.6218],[7.2923,47.6217]]]}},{"type":"Feature","properties":{"landuse":"farmland"},"geometry":{"type":"Polygon","coordinates":[[[7.2952,47.6228],[7.2932,47.6231],[7.2952,47.6209],[7.2952,47.6228]]]}},{"type":"Feature","properties":{"landuse":"farmland"},"geometry":{"type":"Polygon","coordinates":[[[7.4471,47.6507],[7.4508,47.6515],[7.4468,47.6525],[7.4471,47.6507]]]}},{"type":"Feature","properties":{"landuse":"farmland"},"geometry":{"type":"Polygon","coordinates":[[[7.4488,47.6481],[7.4533,47.6461],[7.4532,47.6482],[7.4488,47.6481]]]}},{"type":"Feature","properties":{"landuse":"orchard"},"geometry":{"type":"Polygon","coordinates":[[[7.4567,47.6461],[7.4569,47.645],[7.4596,47.6461],[7.4567,47.6461]]]}},{"type":"Feature","properties":{"landuse":"orchard"},"geometry":{"type":"Polygon","coordinates":[[[7.4488,47.6481],[7.4514,47.6467],[7.449,47.6461],[7.4568,47.6466],[7.4488,47.6481]]]}},{"type":"Feature","properties":{"landuse":"orchard"},"geometry":{"type":"Polygon","coordinates":[[[7.2981,47.6213],[7.3004,47.6219],[7.2971,47.6219],[7.2981,47.6213]]]}},{"type":"Feature","properties":{"landuse":"green_public_spaces"},"geometry":{"type":"Polygon","coordinates":[[[7.4156,47.7571],[7.4185,47.757],[7.4181,47.7588],[7.4156,47.7571]]]}},{"type":"Feature","properties":{"landuse":"farmland"},"geometry":{"type":"Polygon","coordinates":[[[7.4041,47.7918],[7.4031,47.7902],[7.4058,47.7928],[7.4041,47.7918]]]}},{"type":"Feature","properties":{"landuse":"farmland"},"geometry":{"type":"Polygon","coordinates":[[[7.3994,47.7899],[7.4021,47.7904],[7.399,47.7925],[7.3994,47.7899]]]}},{"type":"Feature","properties":{"landuse":"orchard"},"geometry":{"type":"Polygon","coordinates":[[[7.2945,47.6193],[7.2927,47.6156],[7.2968,47.6177],[7.2945,47.6193]]]}},{"type":"Feature","properties":{"landuse":"orchard"},"geometry":{"type":"Polygon","coordinates":[[[7.2834,47.6176],[7.2864,47.6166],[7.281,47.618],[7.2834,47.6176]]]}},{"type":"Feature","properties":{"landuse":"farmland"},"geometry":{"type":"Polygon","coordinates":[[[7.2822,47.6205],[7.2825,47.6191],[7.2879,47.6193],[7.2822,47.6205]]]}},{"type":"Feature","properties":{"landuse":"orchard"},"geometry":{"type":"Polygon","coordinates":[[[7.2998,47.8238],[7.2992,47.8224],[7.3021,47.8225],[7.2998,47.8238]]]}},{"type":"Feature","properties":{"landuse":"farmland"},"geometry":{"type":"Polygon","coordinates":[[[7.2915,47.8214],[7.2984,47.8221],[7.3009,47.8265],[7.2915,47.8214]]]}},{"type":"Feature","properties":{"landuse":"farmland"},"geometry":{"type":"Polygon","coordinates":[[[7.5006,47.5924],[7.5051,47.5915],[7.5003,47.5945],[7.5006,47.5924]]]}},{"type":"Feature","properties":{"landuse":"orchard"},"geometry":{"type":"Polygon","coordinates":[[[7.4971,47.5981],[7.4865,47.5954],[7.4964,47.5948],[7.4971,47.5981]]]}},{"type":"Feature","properties":{"landuse":"orchard"},"geometry":{"type":"Polygon","coordinates":[[[7.3644,47.851],[7.3681,47.8505],[7.3696,47.8548],[7.3672,47.8548],[7.3739,47.8587],[7.3704,47.8628],[7.3673,47.8606],[7.3621,47.8635],[7.3672,47.8545],[7.3644,47.851]]]}},{"type":"Feature","properties":{"landuse":"farmland"},"geometry":{"type":"Polygon","coordinates":[[[7.4968,47.5912],[7.4959,47.5906],[7.497,47.5885],[7.4968,47.5912]]]}},{"type":"Feature","properties":{"landuse":"farmland"},"geometry":{"type":"Polygon","coordinates":[[[7.5037,47.5878],[7.5078,47.5882],[7.5051,47.5915],[7.5037,47.5878]]]}},{"type":"Feature","properties":{"landuse":"farmland"},"geometry":{"type":"Polygon","coordinates":[[[7.4946,47.5852],[7.5025,47.587],[7.4996,47.5881],[7.4946,47.5852]]]}},{"type":"Feature","properties":{"landuse":"orchard"},"geometry":{"type":"Polygon","coordinates":[[[7.5094,47.5819],[7.5061,47.58],[7.5103,47.5812],[7.5094,47.5819]]]}},{"type":"Feature","properties":{"landuse":"farmland"},"geometry":{"type":"Polygon","coordinates":[[[7.5072,47.5868],[7.5112,47.583],[7.5103,47.586],[7.52,47.5862],[7.5072,47.5868]]]}},{"type":"Feature","properties":{"landuse":"farmland"},"geometry":{"type":"Polygon","coordinates":[[[7.5063,47.5931],[7.5038,47.5933],[7.5128,47.5871],[7.5219,47.5938],[7.516,47.5978],[7.505,47.596],[7.5063,47.5931]]]}},{"type":"Feature","properties":{"landuse":"farmland"},"geometry":{"type":"Polygon","coordinates":[[[7.5197,47.597],[7.5158,47.6026],[7.5109,47.6028],[7.5168,47.6001],[7.5116,47.5984],[7.5197,47.597]]]}},{"type":"Feature","properties":{"landuse":"farmland"},"geometry":{"type":"Polygon","coordinates":[[[7.5207,47.6128],[7.5269,47.6083],[7.5261,47.612],[7.5207,47.6128]]]}},{"type":"Feature","properties":{"landuse":"orchard"},"geometry":{"type":"Polygon","coordinates":[[[7.5234,47.5808],[7.5239,47.5787],[7.5266,47.5794],[7.5234,47.5808]]]}},{"type":"Feature","properties":{"landuse":"orchard"},"geometry":{"type":"Polygon","coordinates":[[[7.5085,47.5774],[7.5137,47.5776],[7.5088,47.5799],[7.5085,47.5774]]]}},{"type":"Feature","properties":{"landuse":"farmland"},"geometry":{"type":"Polygon","coordinates":[[[7.5088,47.5799],[7.5067,47.5787],[7.5083,47.5774],[7.5088,47.5799]]]}},{"type":"Feature","properties":{"landuse":"farmland"},"geometry":{"type":"Polygon","coordinates":[[[7.5177,47.5821],[7.5141,47.5808],[7.5181,47.5812],[7.5177,47.5821]]]}},{"type":"Feature","properties":{"landuse":"orchard"},"geometry":{"type":"Polygon","coordinates":[[[7.5141,47.5808],[7.5167,47.5823],[7.5143,47.582],[7.5141,47.5808]]]}},{"type":"Feature","properties":{"landuse":"farmland"},"geometry":{"type":"Polygon","coordinates":[[[7.5201,47.6114],[7.5233,47.6085],[7.5257,47.608],[7.5201,47.6114]]]}},{"type":"Feature","properties":{"landuse":"farmland"},"geometry":{"type":"Polygon","coordinates":[[[7.5451,47.583],[7.5413,47.5846],[7.5372,47.5821],[7.5451,47.583]]]}},{"type":"Feature","properties":{"landuse":"farmland"},"geometry":{"type":"Polygon","coordinates":[[[7.5489,47.5885],[7.5544,47.5859],[7.5513,47.5892],[7.5531,47.591],[7.5489,47.5885]]]}},{"type":"Feature","properties":{"landuse":"orchard"},"geometry":{"type":"Polygon","coordinates":[[[7.5391,47.5793],[7.5418,47.5795],[7.5409,47.5817],[7.5391,47.5793]]]}},{"type":"Feature","properties":{"landuse":"farmland"},"geometry":{"type":"Polygon","coordinates":[[[7.54,47.5779],[7.5446,47.5818],[7.5409,47.5817],[7.54,47.5779]]]}},{"type":"Feature","properties":{"landuse":"farmland"},"geometry":{"type":"Polygon","coordinates":[[[7.5359,47.5786],[7.5413,47.5801],[7.5308,47.5805],[7.5359,47.5786]]]}},{"type":"Feature","properties":{"landuse":"farmland"},"geometry":{"type":"Polygon","coordinates":[[[7.1263,47.7478],[7.1359,47.7445],[7.1367,47.7467],[7.1244,47.7501],[7.1263,47.7478]]]}},{"type":"Feature","properties":{"landuse":"farmland"},"geometry":{"type":"Polygon","coordinates":[[[7.14,47.7484],[7.1385,47.7494],[7.1387,47.7478],[7.14,47.7484]]]}},{"type":"Feature","properties":{"landuse":"farmland"},"geometry":{"type":"Polygon","coordinates":[[[7.1378,47.7449],[7.1408,47.7453],[7.1394,47.7472],[7.1378,47.7449]]]}},{"type":"Feature","properties":{"landuse":"farmland"},"geometry":{"type":"Polygon","coordinates":[[[7.3149,47.5827],[7.3165,47.5858],[7.3142,47.5877],[7.3149,47.5827]]]}},{"type":"Feature","properties":{"landuse":"orchard"},"geometry":{"type":"Polygon","coordinates":[[[7.3161,47.5804],[7.3148,47.586],[7.3169,47.5838],[7.3136,47.5821],[7.3161,47.5804]]]}},{"type":"Feature","properties":{"landuse":"orchard"},"geometry":{"type":"Polygon","coordinates":[[[7.2926,47.8356],[7.2973,47.8376],[7.2933,47.8376],[7.2926,47.8356]]]}},{"type":"Feature","properties":{"landuse":"farmland"},"geometry":{"type":"Polygon","coordinates":[[[7.2992,47.8332],[7.2961,47.8349],[7.2985,47.8367],[7.2929,47.8338],[7.2954,47.8304],[7.2992,47.8332]]]}},{"type":"Feature","properties":{"landuse":"farmland"},"geometry":{"type":"Polygon","coordinates":[[[7.2918,47.83],[7.2885,47.8288],[7.2923,47.8296],[7.2918,47.83]]]}},{"type":"Feature","properties":{"landuse":"orchard"},"geometry":{"type":"Polygon","coordinates":[[[7.2905,47.582],[7.2909,47.5807],[7.2937,47.5815],[7.2905,47.582]]]}},{"type":"Feature","properties":{"landuse":"farmland"},"geometry":{"type":"Polygon","coordinates":[[[7.2412,47.8271],[7.2419,47.8262],[7.2422,47.8276],[7.2412,47.8271]]]}},{"type":"Feature","properties":{"landuse":"farmland"},"geometry":{"type":"Polygon","coordinates":[[[7.2399,47.8241],[7.2467,47.8252],[7.2448,47.8273],[7.2399,47.8241]]]}},{"type":"Feature","properties":{"landuse":"farmland"},"geometry":{"type":"Polygon","coordinates":[[[7.2403,47.8277],[7.2416,47.8281],[7.2385,47.8273],[7.2403,47.8277]]]}},{"type":"Feature","properties":{"landuse":"orchard"},"geometry":{"type":"Polygon","coordinates":[[[7.1786,47.8265],[7.1804,47.8252],[7.1702,47.8247],[7.1797,47.823],[7.1835,47.8283],[7.1779,47.8327],[7.1753,47.8306],[7.1805,47.8288],[7.1786,47.8265]]]}},{"type":"Feature","properties":{"landuse":"orchard"},"geometry":{"type":"Polygon","coordinates":[[[7.1719,47.816],[7.1712,47.8187],[7.1667,47.8173],[7.1719,47.816]]]}},{"type":"Feature","properties":{"landuse":"vineyard"},"geometry":{"type":"Polygon","coordinates":[[[7.1636,47.8164],[7.1658,47.8183],[7.1612,47.8194],[7.1636,47.8164]]]}},{"type":"Feature","properties":{"landuse":"vineyard"},"geometry":{"type":"Polygon","coordinates":[[[7.1704,47.8193],[7.1682,47.8189],[7.1727,47.8181],[7.1704,47.8193]]]}},{"type":"Feature","properties":{"landuse":"orchard"},"geometry":{"type":"Polygon","coordinates":[[[7.1669,47.8224],[7.1734,47.8193],[7.1728,47.8168],[7.174,47.8192],[7.1669,47.8224]]]}},{"type":"Feature","properties":{"landuse":"orchard"},"geometry":{"type":"Polygon","coordinates":[[[7.1636,47.8164],[7.1625,47.8175],[7.1615,47.8163],[7.1636,47.8164]]]}},{"type":"Feature","properties":{"landuse":"farmland"},"geometry":{"type":"Polygon","coordinates":[[[7.1719,47.816],[7.1732,47.8162],[7.1721,47.8181],[7.1719,47.816]]]}},{"type":"Feature","properties":{"landuse":"orchard"},"geometry":{"type":"Polygon","coordinates":[[[7.1659,47.8171],[7.1659,47.816],[7.1672,47.8169],[7.1659,47.8171]]]}},{"type":"Feature","properties":{"landuse":"farmland"},"geometry":{"type":"Polygon","coordinates":[[[7.1794,47.7932],[7.1752,47.793],[7.18,47.7903],[7.1837,47.7932],[7.1794,47.7932]]]}},{"type":"Feature","properties":{"landuse":"farmland"},"geometry":{"type":"Polygon","coordinates":[[[7.1828,47.7943],[7.1798,47.7947],[7.1796,47.7937],[7.1828,47.7943]]]}},{"type":"Feature","properties":{"landuse":"farmland"},"geometry":{"type":"Polygon","coordinates":[[[7.1589,47.8115],[7.1595,47.8093],[7.1563,47.8094],[7.1652,47.8078],[7.1643,47.8108],[7.1589,47.8115]]]}},{"type":"Feature","properties":{"landuse":"orchard"},"geometry":{"type":"Polygon","coordinates":[[[7.1083,47.7632],[7.1099,47.7612],[7.1119,47.7633],[7.1083,47.7632]]]}},{"type":"Feature","properties":{"landuse":"farmland"},"geometry":{"type":"Polygon","coordinates":[[[7.2537,47.8553],[7.2568,47.8523],[7.26,47.8564],[7.2537,47.8553]]]}},{"type":"Feature","properties":{"landuse":"orchard"},"geometry":{"type":"Polygon","coordinates":[[[7.2584,47.8557],[7.2601,47.8546],[7.26,47.8564],[7.2584,47.8557]]]}},{"type":"Feature","properties":{"landuse":"orchard"},"geometry":{"type":"Polygon","coordinates":[[[7.2577,47.8559],[7.2577,47.8575],[7.2551,47.8556],[7.2577,47.8559]]]}},{"type":"Feature","properties":{"landuse":"farmland"},"geometry":{"type":"Polygon","coordinates":[[[7.3212,47.8741],[7.322,47.8752],[7.3201,47.8748],[7.3212,47.8741]]]}},{"type":"Feature","properties":{"landuse":"orchard"},"geometry":{"type":"Polygon","coordinates":[[[7.0925,47.777],[7.0947,47.7775],[7.0893,47.7761],[7.0925,47.777]]]}},{"type":"Feature","properties":{"landuse":"farmland"},"geometry":{"type":"Polygon","coordinates":[[[7.6526,48.9625],[7.6495,48.9608],[7.6548,48.9623],[7.6526,48.9625]]]}},{"type":"Feature","properties":{"landuse":"farmland"},"geometry":{"type":"Polygon","coordinates":[[[7.8452,48.94],[7.849,48.9455],[7.8458,48.946],[7.8429,48.9409],[7.8452,48.94]]]}},{"type":"Feature","properties":{"landuse":"orchard"},"geometry":{"type":"Polygon","coordinates":[[[7.8305,48.9363],[7.8358,48.9355],[7.8295,48.9376],[7.8305,48.9363]]]}},{"type":"Feature","properties":{"landuse":"farmland"},"geometry":{"type":"Polygon","coordinates":[[[7.2418,47.8999],[7.2414,47.8982],[7.2449,47.8996],[7.2418,47.8999]]]}},{"type":"Feature","properties":{"landuse":"orchard"},"geometry":{"type":"Polygon","coordinates":[[[7.0421,47.7368],[7.0387,47.7383],[7.0365,47.7361],[7.0421,47.7368]]]}},{"type":"Feature","properties":{"landuse":"orchard"},"geometry":{"type":"Polygon","coordinates":[[[7.0437,47.7394],[7.0427,47.7384],[7.0462,47.7377],[7.0437,47.7394]]]}},{"type":"Feature","properties":{"landuse":"orchard"},"geometry":{"type":"Polygon","coordinates":[[[7.2485,47.9202],[7.25,47.921],[7.2479,47.9207],[7.2485,47.9202]]]}},{"type":"Feature","properties":{"landuse":"farmland"},"geometry":{"type":"Polygon","coordinates":[[[7.5586,48.0083],[7.5573,48.0074],[7.5597,48.0072],[7.5586,48.0083]]]}},{"type":"Feature","properties":{"landuse":"farmland"},"geometry":{"type":"Polygon","coordinates":[[[7.5482,48.0143],[7.5523,48.0145],[7.5522,48.0159],[7.5482,48.0143]]]}},{"type":"Feature","properties":{"landuse":"farmland"},"geometry":{"type":"Polygon","coordinates":[[[7.5679,48.013],[7.5704,48.0105],[7.5687,48.0134],[7.5679,48.013]]]}},{"type":"Feature","properties":{"landuse":"farmland"},"geometry":{"type":"Polygon","coordinates":[[[7.1133,47.6319],[7.11,47.633],[7.1126,47.6316],[7.1133,47.6319]]]}},{"type":"Feature","properties":{"landuse":"farmland"},"geometry":{"type":"Polygon","coordinates":[[[7.1217,47.6392],[7.1172,47.6366],[7.1257,47.6367],[7.1217,47.6392]]]}},{"type":"Feature","properties":{"landuse":"farmland"},"geometry":{"type":"Polygon","coordinates":[[[7.1094,47.6284],[7.1069,47.6227],[7.1144,47.6255],[7.1094,47.6284]]]}},{"type":"Feature","properties":{"landuse":"farmland"},"geometry":{"type":"Polygon","coordinates":[[[7.1381,47.6291],[7.1463,47.6309],[7.1473,47.6349],[7.1446,47.6389],[7.1397,47.639],[7.1419,47.6407],[7.1398,47.6421],[7.1347,47.6434],[7.1346,47.6388],[7.1238,47.6338],[7.1381,47.6291]]]}},{"type":"Feature","properties":{"landuse":"orchard"},"geometry":{"type":"Polygon","coordinates":[[[7.0285,47.7622],[7.025,47.7639],[7.024,47.7607],[7.0285,47.7622]]]}},{"type":"Feature","properties":{"landuse":"farmland"},"geometry":{"type":"Polygon","coordinates":[[[7.3597,48.0563],[7.3528,48.0559],[7.3592,48.0524],[7.3597,48.0563]]]}},{"type":"Feature","properties":{"landuse":"orchard"},"geometry":{"type":"Polygon","coordinates":[[[7.0004,47.7688],[6.9968,47.7668],[7.0012,47.7668],[7.0004,47.7688]]]}},{"type":"Feature","properties":{"landuse":"farmland"},"geometry":{"type":"Polygon","coordinates":[[[7.3469,48.0559],[7.3487,48.0575],[7.3467,48.0592],[7.3469,48.0559]]]}},{"type":"Feature","properties":{"landuse":"farmland"},"geometry":{"type":"Polygon","coordinates":[[[7.3413,48.0551],[7.3446,48.0567],[7.3435,48.0572],[7.3413,48.0551]]]}},{"type":"Feature","properties":{"landuse":"farmland"},"geometry":{"type":"Polygon","coordinates":[[[7.3788,48.0656],[7.3784,48.064],[7.3796,48.067],[7.3788,48.0656]]]}},{"type":"Feature","properties":{"landuse":"farmland"},"geometry":{"type":"Polygon","coordinates":[[[7.378,48.0864],[7.3793,48.0818],[7.3831,48.0861],[7.3822,48.0932],[7.378,48.0864]]]}},{"type":"Feature","properties":{"landuse":"farmland"},"geometry":{"type":"Polygon","coordinates":[[[7.3218,48.1076],[7.327,48.1087],[7.3242,48.1099],[7.3261,48.1146],[7.3218,48.1076]]]}},{"type":"Feature","properties":{"landuse":"farmland"},"geometry":{"type":"Polygon","coordinates":[[[7.3226,48.1046],[7.3251,48.1036],[7.3276,48.1056],[7.3226,48.1046]]]}},{"type":"Feature","properties":{"landuse":"farmland"},"geometry":{"type":"Polygon","coordinates":[[[7.694,48.6945],[7.6957,48.6911],[7.7046,48.691],[7.7017,48.6962],[7.6982,48.6946],[7.7015,48.6966],[7.694,48.6945]]]}},{"type":"Feature","properties":{"landuse":"farmland"},"geometry":{"type":"Polygon","coordinates":[[[7.3733,48.0768],[7.3759,48.0784],[7.3726,48.0781],[7.3733,48.0768]]]}},{"type":"Feature","properties":{"landuse":"orchard"},"geometry":{"type":"Polygon","coordinates":[[[7.3901,48.5152],[7.3846,48.5135],[7.3888,48.5054],[7.3853,48.498],[7.3913,48.5054],[7.3901,48.5152]]]}},{"type":"Feature","properties":{"landuse":"orchard"},"geometry":{"type":"Polygon","coordinates":[[[7.3288,48.1272],[7.3341,48.1248],[7.3427,48.1301],[7.3288,48.1272]]]}},{"type":"Feature","properties":{"landuse":"farmland"},"geometry":{"type":"Polygon","coordinates":[[[7.3356,48.1248],[7.3349,48.1266],[7.3341,48.1248],[7.3356,48.1248]]]}},{"type":"Feature","properties":{"landuse":"farmland"},"geometry":{"type":"Polygon","coordinates":[[[7.3277,48.1216],[7.3247,48.1219],[7.3243,48.1207],[7.3277,48.1216]]]}},{"type":"Feature","properties":{"landuse":"orchard"},"geometry":{"type":"Polygon","coordinates":[[[7.3421,48.1583],[7.3448,48.1598],[7.3413,48.1611],[7.3383,48.1581],[7.3421,48.1583]]]}},{"type":"Feature","properties":{"landuse":"farmland"},"geometry":{"type":"Polygon","coordinates":[[[7.3346,48.1593],[7.3383,48.1581],[7.3386,48.1592],[7.3346,48.1593]]]}},{"type":"Feature","properties":{"landuse":"farmland"},"geometry":{"type":"Polygon","coordinates":[[[7.3447,48.1236],[7.3486,48.1261],[7.3441,48.1253],[7.3447,48.1236]]]}},{"type":"Feature","properties":{"landuse":"orchard"},"geometry":{"type":"Polygon","coordinates":[[[7.3439,48.1203],[7.3478,48.1212],[7.3478,48.1238],[7.3439,48.1203]]]}},{"type":"Feature","properties":{"landuse":"farmland"},"geometry":{"type":"Polygon","coordinates":[[[7.3377,48.1194],[7.3308,48.1178],[7.334,48.1159],[7.3409,48.1182],[7.3377,48.1194]]]}},{"type":"Feature","properties":{"landuse":"vineyard"},"geometry":{"type":"Polygon","coordinates":[[[7.3351,48.111],[7.3365,48.1109],[7.3366,48.1125],[7.3351,48.111]]]}},{"type":"Feature","properties":{"landuse":"farmland"},"geometry":{"type":"Polygon","coordinates":[[[7.3395,48.1142],[7.3391,48.1165],[7.3318,48.1155],[7.3291,48.1203],[7.3246,48.1163],[7.3291,48.1142],[7.3256,48.1099],[7.3274,48.1088],[7.3317,48.1138],[7.3303,48.1112],[7.3395,48.1142]]]}},{"type":"Feature","properties":{"landuse":"farmland"},"geometry":{"type":"Polygon","coordinates":[[[7.5574,48.0339],[7.5607,48.0331],[7.56,48.0363],[7.555,48.0347],[7.5574,48.0339]]]}},{"type":"Feature","properties":{"landuse":"farmland"},"geometry":{"type":"Polygon","coordinates":[[[7.5516,48.0363],[7.5584,48.0366],[7.5563,48.0409],[7.5516,48.0363]]]}},{"type":"Feature","properties":{"landuse":"farmland"},"geometry":{"type":"Polygon","coordinates":[[[7.3599,48.1229],[7.3558,48.124],[7.356,48.1221],[7.3599,48.1229]]]}},{"type":"Feature","properties":{"landuse":"farmland"},"geometry":{"type":"Polygon","coordinates":[[[7.3583,48.1327],[7.3585,48.13],[7.3658,48.1312],[7.3583,48.1327]]]}},{"type":"Feature","properties":{"landuse":"farmland"},"geometry":{"type":"Polygon","coordinates":[[[7.3613,48.1249],[7.3608,48.127],[7.3603,48.1251],[7.3613,48.1249]]]}},{"type":"Feature","properties":{"landuse":"green_public_spaces"},"geometry":{"type":"Polygon","coordinates":[[[7.8457,48.7783],[7.843,48.7787],[7.8453,48.777],[7.8457,48.7783]]]}},{"type":"Feature","properties":{"landuse":"orchard"},"geometry":{"type":"Polygon","coordinates":[[[7.284,47.5837],[7.29,47.5835],[7.2856,47.5845],[7.284,47.5837]]]}},{"type":"Feature","properties":{"landuse":"orchard"},"geometry":{"type":"Polygon","coordinates":[[[7.2728,47.5855],[7.2737,47.5869],[7.2712,47.5877],[7.2728,47.5855]]]}},{"type":"Feature","properties":{"landuse":"farmland"},"geometry":{"type":"Polygon","coordinates":[[[7.2554,47.59],[7.2701,47.5811],[7.277,47.5817],[7.2664,47.5878],[7.2668,47.5904],[7.2554,47.59]]]}},{"type":"Feature","properties":{"landuse":"orchard"},"geometry":{"type":"Polygon","coordinates":[[[7.2888,47.5754],[7.2874,47.579],[7.2846,47.5774],[7.2888,47.5754]]]}},{"type":"Feature","properties":{"landuse":"orchard"},"geometry":{"type":"Polygon","coordinates":[[[7.2935,47.5638],[7.2947,47.5641],[7.2922,47.5637],[7.2929,47.5625],[7.2935,47.5638]]]}},{"type":"Feature","properties":{"landuse":"orchard"},"geometry":{"type":"Polygon","coordinates":[[[7.2657,47.5639],[7.2674,47.5628],[7.2686,47.5636],[7.2657,47.5639]]]}},{"type":"Feature","properties":{"landuse":"farmland"},"geometry":{"type":"Polygon","coordinates":[[[7.2593,47.5517],[7.2636,47.5517],[7.2638,47.5473],[7.2606,47.5465],[7.2622,47.5401],[7.2662,47.5424],[7.267,47.5389],[7.2707,47.5384],[7.2679,47.5371],[7.2814,47.54],[7.285,47.5426],[7.2825,47.5484],[7.2853,47.5488],[7.282,47.5537],[7.2929,47.5598],[7.2862,47.5604],[7.2935,47.5644],[7.2807,47.5644],[7.2649,47.556],[7.2611,47.5568],[7.2627,47.5596],[7.2597,47.5591],[7.2667,47.5625],[7.2651,47.5645],[7.2687,47.5675],[7.2665,47.5714],[7.2616,47.568],[7.2608,47.5712],[7.2654,47.5765],[7.2562,47.5821],[7.2534,47.5804],[7.2561,47.5765],[7.2528,47.5753],[7.2509,47.5672],[7.2499,47.5713],[7.2454,47.5673],[7.2493,47.5665],[7.2443,47.5653],[7.2547,47.558],[7.2561,47.5512],[7.2593,47.5517]]]}},{"type":"Feature","properties":{"landuse":"orchard"},"geometry":{"type":"Polygon","coordinates":[[[7.2672,47.5662],[7.2689,47.5656],[7.2687,47.5675],[7.2672,47.5662]]]}},{"type":"Feature","properties":{"landuse":"orchard"},"geometry":{"type":"Polygon","coordinates":[[[7.2673,47.5615],[7.265,47.5609],[7.2675,47.5607],[7.2673,47.5615]]]}},{"type":"Feature","properties":{"landuse":"orchard"},"geometry":{"type":"Polygon","coordinates":[[[7.2887,47.5638],[7.2884,47.5626],[7.2907,47.5624],[7.2887,47.5638]]]}},{"type":"Feature","properties":{"landuse":"orchard"},"geometry":{"type":"Polygon","coordinates":[[[7.2851,47.649],[7.2878,47.6469],[7.2879,47.6497],[7.2851,47.649]]]}},{"type":"Feature","properties":{"landuse":"green_public_spaces"},"geometry":{"type":"Polygon","coordinates":[[[7.7586,48.6023],[7.7608,48.6022],[7.7598,48.6032],[7.7586,48.6023]]]}},{"type":"Feature","properties":{"landuse":"farmland"},"geometry":{"type":"Polygon","coordinates":[[[7.788,48.591],[7.7893,48.5913],[7.7871,48.5928],[7.788,48.591]]]}},{"type":"Feature","properties":{"landuse":"orchard"},"geometry":{"type":"Polygon","coordinates":[[[7.3895,48.788],[7.3903,48.7862],[7.3912,48.7872],[7.3895,48.788]]]}},{"type":"Feature","properties":{"landuse":"orchard"},"geometry":{"type":"Polygon","coordinates":[[[7.3927,48.785],[7.3934,48.7859],[7.3915,48.7864],[7.3927,48.785]]]}},{"type":"Feature","properties":{"landuse":"orchard"},"geometry":{"type":"Polygon","coordinates":[[[7.5553,48.7556],[7.5553,48.7585],[7.5545,48.7584],[7.5553,48.7556]]]}},{"type":"Feature","properties":{"landuse":"orchard"},"geometry":{"type":"Polygon","coordinates":[[[7.6027,48.7602],[7.5992,48.7622],[7.5979,48.7602],[7.6027,48.7602]]]}},{"type":"Feature","properties":{"landuse":"orchard"},"geometry":{"type":"Polygon","coordinates":[[[7.6097,48.7568],[7.6114,48.757],[7.6095,48.7576],[7.6097,48.7568]]]}},{"type":"Feature","properties":{"landuse":"orchard"},"geometry":{"type":"Polygon","coordinates":[[[7.2372,48.7448],[7.2358,48.7441],[7.2391,48.7441],[7.2372,48.7448]]]}},{"type":"Feature","properties":{"landuse":"orchard"},"geometry":{"type":"Polygon","coordinates":[[[7.2318,48.743],[7.2293,48.7427],[7.2292,48.742],[7.2318,48.743]]]}},{"type":"Feature","properties":{"landuse":"farmland"},"geometry":{"type":"Polygon","coordinates":[[[7.2438,48.7395],[7.2473,48.7407],[7.2413,48.7399],[7.2438,48.7395]]]}},{"type":"Feature","properties":{"landuse":"orchard"},"geometry":{"type":"Polygon","coordinates":[[[7.2312,48.7414],[7.2294,48.741],[7.2314,48.7401],[7.2312,48.7414]]]}},{"type":"Feature","properties":{"landuse":"farmland"},"geometry":{"type":"Polygon","coordinates":[[[7.2353,48.7461],[7.2393,48.7496],[7.2366,48.7518],[7.2234,48.7454],[7.2284,48.7437],[7.2287,48.746],[7.2353,48.7461]]]}},{"type":"Feature","properties":{"landuse":"farmland"},"geometry":{"type":"Polygon","coordinates":[[[7.2334,48.762],[7.2384,48.7609],[7.2381,48.7624],[7.2334,48.762]]]}},{"type":"Feature","properties":{"landuse":"orchard"},"geometry":{"type":"Polygon","coordinates":[[[7.24,48.7414],[7.2396,48.7434],[7.2378,48.743],[7.24,48.7414]]]}},{"type":"Feature","properties":{"landuse":"farmland"},"geometry":{"type":"Polygon","coordinates":[[[7.2441,48.7579],[7.2367,48.7601],[7.2387,48.7544],[7.2441,48.7579]]]}},{"type":"Feature","properties":{"landuse":"farmland"},"geometry":{"type":"Polygon","coordinates":[[[7.2336,48.7652],[7.2398,48.7642],[7.2415,48.7676],[7.2336,48.7652]]]}},{"type":"Feature","properties":{"landuse":"farmland"},"geometry":{"type":"Polygon","coordinates":[[[7.233,48.7631],[7.2226,48.7645],[7.2273,48.7598],[7.233,48.7631]]]}},{"type":"Feature","properties":{"landuse":"farmland"},"geometry":{"type":"Polygon","coordinates":[[[7.2477,48.7422],[7.2391,48.7441],[7.2402,48.7402],[7.2477,48.7422]]]}},{"type":"Feature","properties":{"landuse":"orchard"},"geometry":{"type":"Polygon","coordinates":[[[7.2603,47.5499],[7.2618,47.5495],[7.2629,47.5505],[7.2603,47.5499]]]}},{"type":"Feature","properties":{"landuse":"orchard"},"geometry":{"type":"Polygon","coordinates":[[[7.2994,47.5657],[7.3002,47.5643],[7.3006,47.566],[7.2994,47.5657]]]}},{"type":"Feature","properties":{"landuse":"farmland"},"geometry":{"type":"Polygon","coordinates":[[[7.3039,47.5695],[7.3019,47.5719],[7.2988,47.5689],[7.3013,47.5662],[7.3039,47.5695]]]}},{"type":"Feature","properties":{"landuse":"orchard"},"geometry":{"type":"Polygon","coordinates":[[[7.3043,47.5701],[7.3066,47.5702],[7.3052,47.5715],[7.3043,47.5701]]]}},{"type":"Feature","properties":{"landuse":"orchard"},"geometry":{"type":"Polygon","coordinates":[[[7.3036,47.566],[7.3018,47.5661],[7.302,47.5652],[7.3036,47.566]]]}},{"type":"Feature","properties":{"landuse":"orchard"},"geometry":{"type":"Polygon","coordinates":[[[7.3076,47.5625],[7.3093,47.5632],[7.3038,47.565],[7.3023,47.5634],[7.3067,47.5608],[7.3076,47.5625]]]}},{"type":"Feature","properties":{"landuse":"farmland"},"geometry":{"type":"Polygon","coordinates":[[[7.2978,47.5564],[7.2914,47.5504],[7.2988,47.5455],[7.3096,47.5498],[7.3054,47.5568],[7.2978,47.5564]]]}},{"type":"Feature","properties":{"landuse":"orchard"},"geometry":{"type":"Polygon","coordinates":[[[7.3271,47.5546],[7.3236,47.5529],[7.325,47.5529],[7.3271,47.5546]]]}},{"type":"Feature","properties":{"landuse":"orchard"},"geometry":{"type":"Polygon","coordinates":[[[7.3149,47.5602],[7.3148,47.5616],[7.3128,47.5609],[7.3149,47.5602]]]}},{"type":"Feature","properties":{"landuse":"farmland"},"geometry":{"type":"Polygon","coordinates":[[[7.7292,48.344],[7.7261,48.3431],[7.7296,48.3396],[7.7292,48.344]]]}},{"type":"Feature","properties":{"landuse":"farmland"},"geometry":{"type":"Polygon","coordinates":[[[7.2965,47.5619],[7.2952,47.5598],[7.2985,47.5607],[7.2965,47.5619]]]}},{"type":"Feature","properties":{"landuse":"orchard"},"geometry":{"type":"Polygon","coordinates":[[[7.3165,47.5564],[7.3157,47.5552],[7.3174,47.5552],[7.3165,47.5564]]]}},{"type":"Feature","properties":{"landuse":"farmland"},"geometry":{"type":"Polygon","coordinates":[[[7.3106,47.5575],[7.313,47.555],[7.3149,47.5558],[7.3106,47.5575]]]}},{"type":"Feature","properties":{"landuse":"orchard"},"geometry":{"type":"Polygon","coordinates":[[[7.3219,47.5511],[7.3213,47.5522],[7.3189,47.5509],[7.3219,47.5511]]]}},{"type":"Feature","properties":{"landuse":"farmland"},"geometry":{"type":"Polygon","coordinates":[[[7.2993,47.5596],[7.3012,47.5602],[7.3003,47.5609],[7.2993,47.5596]]]}},{"type":"Feature","properties":{"landuse":"farmland"},"geometry":{"type":"Polygon","coordinates":[[[7.0647,47.8508],[7.066,47.8495],[7.0688,47.8502],[7.0665,47.8516],[7.0647,47.8508]]]}},{"type":"Feature","properties":{"landuse":"orchard"},"geometry":{"type":"Polygon","coordinates":[[[7.407,47.4646],[7.404,47.463],[7.4057,47.4632],[7.407,47.4646]]]}},{"type":"Feature","properties":{"landuse":"orchard"},"geometry":{"type":"Polygon","coordinates":[[[7.4157,47.4624],[7.4146,47.4659],[7.4122,47.4651],[7.4157,47.4624]]]}},{"type":"Feature","properties":{"landuse":"farmland"},"geometry":{"type":"Polygon","coordinates":[[[7.4105,47.4595],[7.4116,47.456],[7.4175,47.4568],[7.4105,47.4595]]]}},{"type":"Feature","properties":{"landuse":"farmland"},"geometry":{"type":"Polygon","coordinates":[[[7.4068,47.4558],[7.4091,47.4571],[7.406,47.4581],[7.4068,47.4558]]]}},{"type":"Feature","properties":{"landuse":"farmland"},"geometry":{"type":"Polygon","coordinates":[[[7.4154,47.4632],[7.4166,47.4616],[7.4176,47.4624],[7.4154,47.4643],[7.4154,47.4632]]]}},{"type":"Feature","properties":{"landuse":"orchard"},"geometry":{"type":"Polygon","coordinates":[[[7.4364,47.465],[7.4387,47.4655],[7.4371,47.4661],[7.4364,47.465]]]}},{"type":"Feature","properties":{"landuse":"farmland"},"geometry":{"type":"Polygon","coordinates":[[[7.4382,47.4641],[7.4439,47.465],[7.4447,47.4697],[7.4396,47.4694],[7.4422,47.4676],[7.4382,47.4641]]]}},{"type":"Feature","properties":{"landuse":"farmland"},"geometry":{"type":"Polygon","coordinates":[[[7.4333,47.4652],[7.4343,47.4649],[7.4365,47.4671],[7.4333,47.4652]]]}},{"type":"Feature","properties":{"landuse":"orchard"},"geometry":{"type":"Polygon","coordinates":[[[7.443,47.4653],[7.4452,47.4661],[7.4431,47.466],[7.443,47.4653]]]}},{"type":"Feature","properties":{"landuse":"farmland"},"geometry":{"type":"Polygon","coordinates":[[[7.4542,47.4737],[7.4532,47.4743],[7.4507,47.4723],[7.4542,47.4737]]]}},{"type":"Feature","properties":{"landuse":"orchard"},"geometry":{"type":"Polygon","coordinates":[[[7.4582,47.5146],[7.4628,47.5154],[7.4618,47.5168],[7.4582,47.5146]]]}},{"type":"Feature","properties":{"landuse":"vineyard"},"geometry":{"type":"Polygon","coordinates":[[[7.5578,47.4783],[7.5585,47.4792],[7.554,47.4801],[7.5578,47.4783]]]}},{"type":"Feature","properties":{"landuse":"farmland"},"geometry":{"type":"Polygon","coordinates":[[[7.4897,47.4865],[7.4914,47.4848],[7.4926,47.4863],[7.4897,47.4865]]]}},{"type":"Feature","properties":{"landuse":"farmland"},"geometry":{"type":"Polygon","coordinates":[[[7.4873,47.4833],[7.4797,47.483],[7.4763,47.481],[7.4873,47.4833]]]}},{"type":"Feature","properties":{"landuse":"farmland"},"geometry":{"type":"Polygon","coordinates":[[[7.488,47.4868],[7.4887,47.4878],[7.4856,47.4879],[7.488,47.4868]]]}},{"type":"Feature","properties":{"landuse":"orchard"},"geometry":{"type":"Polygon","coordinates":[[[7.4753,47.4877],[7.4792,47.4885],[7.479,47.4893],[7.4753,47.4877]]]}},{"type":"Feature","properties":{"landuse":"farmland"},"geometry":{"type":"Polygon","coordinates":[[[7.4958,47.4934],[7.4902,47.4938],[7.4921,47.493],[7.4958,47.4934]]]}},{"type":"Feature","properties":{"landuse":"orchard"},"geometry":{"type":"Polygon","coordinates":[[[7.4095,47.4642],[7.4114,47.4644],[7.4086,47.4642],[7.4095,47.4642]]]}},{"type":"Feature","properties":{"landuse":"farmland"},"geometry":{"type":"Polygon","coordinates":[[[7.5576,47.4846],[7.5525,47.4817],[7.5587,47.4793],[7.5517,47.4795],[7.5657,47.4756],[7.5678,47.4837],[7.5732,47.4864],[7.5576,47.4846]]]}},{"type":"Feature","properties":{"landuse":"farmland"},"geometry":{"type":"Polygon","coordinates":[[[7.5659,47.479],[7.5777,47.478],[7.5813,47.484],[7.5713,47.4854],[7.5659,47.479]]]}},{"type":"Feature","properties":{"landuse":"farmland"},"geometry":{"type":"Polygon","coordinates":[[[7.4485,47.4999],[7.4504,47.4987],[7.4501,47.4999],[7.4521,47.4995],[7.4485,47.4999]]]}},{"type":"Feature","properties":{"landuse":"farmland"},"geometry":{"type":"Polygon","coordinates":[[[7.4492,47.4996],[7.446,47.499],[7.4498,47.4984],[7.4492,47.4996]]]}},{"type":"Feature","properties":{"landuse":"farmland"},"geometry":{"type":"Polygon","coordinates":[[[7.4553,47.4904],[7.462,47.4918],[7.4485,47.4969],[7.4507,47.4979],[7.4451,47.4972],[7.4491,47.4882],[7.4526,47.4929],[7.4553,47.4904]]]}},{"type":"Feature","properties":{"landuse":"orchard"},"geometry":{"type":"Polygon","coordinates":[[[7.4561,47.499],[7.4555,47.5006],[7.4535,47.5007],[7.4561,47.499]]]}},{"type":"Feature","properties":{"landuse":"farmland"},"geometry":{"type":"Polygon","coordinates":[[[7.4607,47.4972],[7.4667,47.493],[7.4633,47.4918],[7.4712,47.4946],[7.4607,47.4972]]]}},{"type":"Feature","properties":{"landuse":"orchard"},"geometry":{"type":"Polygon","coordinates":[[[7.4596,47.5037],[7.4578,47.5027],[7.4593,47.5013],[7.4596,47.5037]]]}},{"type":"Feature","properties":{"landuse":"farmland"},"geometry":{"type":"Polygon","coordinates":[[[7.4576,47.5067],[7.4553,47.502],[7.4596,47.5037],[7.4694,47.4977],[7.4576,47.5067]]]}},{"type":"Feature","properties":{"landuse":"farmland"},"geometry":{"type":"Polygon","coordinates":[[[7.538,48.0344],[7.5343,48.0248],[7.5504,48.0339],[7.5428,48.0365],[7.538,48.0344]]]}},{"type":"Feature","properties":{"landuse":"farmland"},"geometry":{"type":"Polygon","coordinates":[[[7.458,47.4889],[7.4661,47.4907],[7.4601,47.4914],[7.458,47.4889]]]}},{"type":"Feature","properties":{"landuse":"farmland"},"geometry":{"type":"Polygon","coordinates":[[[7.4624,47.4891],[7.4658,47.4852],[7.4777,47.4885],[7.4744,47.4907],[7.4763,47.492],[7.4624,47.4891]]]}},{"type":"Feature","properties":{"landuse":"farmland"},"geometry":{"type":"Polygon","coordinates":[[[7.475,47.4933],[7.479,47.493],[7.4772,47.4961],[7.475,47.4933]]]}},{"type":"Feature","properties":{"landuse":"farmland"},"geometry":{"type":"Polygon","coordinates":[[[7.5338,47.5742],[7.5424,47.5742],[7.5433,47.5716],[7.546,47.5749],[7.5403,47.5771],[7.5338,47.5742]]]}},{"type":"Feature","properties":{"landuse":"farmland"},"geometry":{"type":"Polygon","coordinates":[[[7.5367,47.5763],[7.5357,47.578],[7.5337,47.5767],[7.5367,47.5763]]]}},{"type":"Feature","properties":{"landuse":"farmland"},"geometry":{"type":"Polygon","coordinates":[[[7.5633,47.5991],[7.5668,47.5996],[7.5619,47.6035],[7.5588,47.6007],[7.5608,47.5975],[7.5633,47.5991]]]}},{"type":"Feature","properties":{"landuse":"farmland"},"geometry":{"type":"Polygon","coordinates":[[[7.5684,47.6019],[7.5763,47.5965],[7.5735,47.6028],[7.5684,47.6019]]]}},{"type":"Feature","properties":{"landuse":"farmland"},"geometry":{"type":"Polygon","coordinates":[[[7.3831,48.1064],[7.3857,48.1063],[7.3832,48.1073],[7.3831,48.1064]]]}},{"type":"Feature","properties":{"landuse":"farmland"},"geometry":{"type":"Polygon","coordinates":[[[7.3267,48.1803],[7.3288,48.1802],[7.3253,48.1817],[7.3267,48.1803]]]}},{"type":"Feature","properties":{"landuse":"orchard"},"geometry":{"type":"Polygon","coordinates":[[[7.3202,48.1798],[7.3156,48.1792],[7.3191,48.1787],[7.3202,48.1798]]]}},{"type":"Feature","properties":{"landuse":"orchard"},"geometry":{"type":"Polygon","coordinates":[[[7.3216,48.1813],[7.3247,48.1808],[7.3243,48.1818],[7.3216,48.1813]]]}},{"type":"Feature","properties":{"landuse":"orchard"},"geometry":{"type":"Polygon","coordinates":[[[7.3335,48.181],[7.3305,48.1811],[7.333,48.18],[7.3335,48.181]]]}},{"type":"Feature","properties":{"landuse":"orchard"},"geometry":{"type":"Polygon","coordinates":[[[7.3374,48.1956],[7.3458,48.193],[7.3436,48.1954],[7.3374,48.1956]]]}},{"type":"Feature","properties":{"landuse":"farmland"},"geometry":{"type":"Polygon","coordinates":[[[7.2223,48.7562],[7.2213,48.7578],[7.2188,48.7571],[7.2223,48.7562]]]}},{"type":"Feature","properties":{"landuse":"vineyard"},"geometry":{"type":"Polygon","coordinates":[[[7.3647,48.2036],[7.3677,48.2044],[7.3685,48.2033],[7.3693,48.2044],[7.3647,48.2036]]]}},{"type":"Feature","properties":{"landuse":"orchard"},"geometry":{"type":"Polygon","coordinates":[[[7.3532,48.2056],[7.3494,48.2059],[7.3522,48.2051],[7.3532,48.2056]]]}},{"type":"Feature","properties":{"landuse":"orchard"},"geometry":{"type":"Polygon","coordinates":[[[7.3814,48.1854],[7.3829,48.1868],[7.3809,48.187],[7.3814,48.1854]]]}},{"type":"Feature","properties":{"landuse":"farmland"},"geometry":{"type":"Polygon","coordinates":[[[7.2386,48.7755],[7.236,48.7757],[7.2394,48.7748],[7.2386,48.7755]]]}},{"type":"Feature","properties":{"landuse":"farmland"},"geometry":{"type":"Polygon","coordinates":[[[7.2291,48.7734],[7.2251,48.7746],[7.2285,48.7727],[7.2291,48.7734]]]}},{"type":"Feature","properties":{"landuse":"farmland"},"geometry":{"type":"Polygon","coordinates":[[[7.2307,48.7756],[7.2351,48.7741],[7.2309,48.7769],[7.2307,48.7756]]]}},{"type":"Feature","properties":{"landuse":"orchard"},"geometry":{"type":"Polygon","coordinates":[[[7.2247,48.7746],[7.2217,48.7736],[7.2245,48.773],[7.2247,48.7746]]]}},{"type":"Feature","properties":{"landuse":"farmland"},"geometry":{"type":"Polygon","coordinates":[[[7.234,48.7728],[7.2324,48.7714],[7.2375,48.7704],[7.234,48.7728]]]}},{"type":"Feature","properties":{"landuse":"orchard"},"geometry":{"type":"Polygon","coordinates":[[[7.2273,48.772],[7.2356,48.7705],[7.2332,48.7723],[7.2273,48.772]]]}},{"type":"Feature","properties":{"landuse":"orchard"},"geometry":{"type":"Polygon","coordinates":[[[7.2271,48.7721],[7.2255,48.7729],[7.2262,48.7716],[7.2271,48.7721]]]}},{"type":"Feature","properties":{"landuse":"farmland"},"geometry":{"type":"Polygon","coordinates":[[[7.5784,47.6018],[7.5838,47.6004],[7.5791,47.6051],[7.5784,47.6018]]]}},{"type":"Feature","properties":{"landuse":"farmland"},"geometry":{"type":"Polygon","coordinates":[[[7.4348,47.4888],[7.4358,47.4871],[7.4375,47.488],[7.4348,47.4888]]]}},{"type":"Feature","properties":{"landuse":"farmland"},"geometry":{"type":"Polygon","coordinates":[[[7.4446,47.4912],[7.4463,47.4894],[7.4453,47.4915],[7.4446,47.4912]]]}},{"type":"Feature","properties":{"landuse":"farmland"},"geometry":{"type":"Polygon","coordinates":[[[7.445,47.4888],[7.4404,47.4894],[7.4424,47.4877],[7.445,47.4888]]]}},{"type":"Feature","properties":{"landuse":"farmland"},"geometry":{"type":"Polygon","coordinates":[[[7.4488,47.4878],[7.4497,47.4871],[7.4532,47.4884],[7.4488,47.4878]]]}},{"type":"Feature","properties":{"landuse":"farmland"},"geometry":{"type":"Polygon","coordinates":[[[7.4427,47.4918],[7.4438,47.4908],[7.4451,47.4916],[7.4427,47.4918]]]}},{"type":"Feature","properties":{"landuse":"farmland"},"geometry":{"type":"Polygon","coordinates":[[[7.4356,47.4918],[7.4331,47.4915],[7.4341,47.4903],[7.4356,47.4918]]]}},{"type":"Feature","properties":{"landuse":"farmland"},"geometry":{"type":"Polygon","coordinates":[[[7.4363,47.4932],[7.4313,47.4923],[7.4327,47.4915],[7.4363,47.4932]]]}},{"type":"Feature","properties":{"landuse":"farmland"},"geometry":{"type":"Polygon","coordinates":[[[7.4389,47.4914],[7.4378,47.4919],[7.4398,47.4894],[7.4389,47.4914]]]}},{"type":"Feature","properties":{"landuse":"farmland"},"geometry":{"type":"Polygon","coordinates":[[[7.4425,47.4876],[7.447,47.4864],[7.4446,47.4885],[7.4425,47.4876]]]}},{"type":"Feature","properties":{"landuse":"farmland"},"geometry":{"type":"Polygon","coordinates":[[[7.4424,47.4827],[7.4444,47.4842],[7.4386,47.4848],[7.4424,47.4827]]]}},{"type":"Feature","properties":{"landuse":"farmland"},"geometry":{"type":"Polygon","coordinates":[[[7.4324,47.4863],[7.4359,47.4845],[7.4397,47.485],[7.4324,47.4863]]]}},{"type":"Feature","properties":{"landuse":"farmland"},"geometry":{"type":"Polygon","coordinates":[[[7.4343,47.4901],[7.4413,47.487],[7.4383,47.4912],[7.4343,47.4901]]]}},{"type":"Feature","properties":{"landuse":"farmland"},"geometry":{"type":"Polygon","coordinates":[[[7.4319,47.4883],[7.4312,47.4857],[7.4349,47.4866],[7.4319,47.4883]]]}},{"type":"Feature","properties":{"landuse":"farmland"},"geometry":{"type":"Polygon","coordinates":[[[7.4357,47.4918],[7.4382,47.4913],[7.4374,47.4924],[7.4357,47.4918]]]}},{"type":"Feature","properties":{"landuse":"farmland"},"geometry":{"type":"Polygon","coordinates":[[[7.4484,47.4797],[7.4506,47.4819],[7.4473,47.482],[7.4484,47.4797]]]}},{"type":"Feature","properties":{"landuse":"farmland"},"geometry":{"type":"Polygon","coordinates":[[[7.4472,47.4834],[7.45,47.4846],[7.4479,47.4858],[7.4472,47.4834]]]}},{"type":"Feature","properties":{"landuse":"farmland"},"geometry":{"type":"Polygon","coordinates":[[[7.4461,47.4835],[7.4464,47.4815],[7.4481,47.483],[7.4461,47.4835]]]}},{"type":"Feature","properties":{"landuse":"farmland"},"geometry":{"type":"Polygon","coordinates":[[[7.4522,47.4865],[7.4552,47.488],[7.4529,47.4879],[7.4522,47.4865]]]}},{"type":"Feature","properties":{"landuse":"farmland"},"geometry":{"type":"Polygon","coordinates":[[[7.4416,47.4781],[7.4406,47.4811],[7.4389,47.4794],[7.4416,47.4781]]]}},{"type":"Feature","properties":{"landuse":"farmland"},"geometry":{"type":"Polygon","coordinates":[[[7.4472,47.4762],[7.4479,47.4768],[7.4442,47.4783],[7.4472,47.4762]]]}},{"type":"Feature","properties":{"landuse":"farmland"},"geometry":{"type":"Polygon","coordinates":[[[7.4501,47.4847],[7.4521,47.4864],[7.4476,47.486],[7.4501,47.4847]]]}},{"type":"Feature","properties":{"landuse":"farmland"},"geometry":{"type":"Polygon","coordinates":[[[7.4507,47.4786],[7.4519,47.4797],[7.4497,47.479],[7.4507,47.4786]]]}},{"type":"Feature","properties":{"landuse":"farmland"},"geometry":{"type":"Polygon","coordinates":[[[7.4614,47.4875],[7.4584,47.4858],[7.4628,47.4866],[7.4614,47.4875]]]}},{"type":"Feature","properties":{"landuse":"farmland"},"geometry":{"type":"Polygon","coordinates":[[[7.4499,47.4842],[7.4489,47.4833],[7.4523,47.4831],[7.4499,47.4842]]]}},{"type":"Feature","properties":{"landuse":"farmland"},"geometry":{"type":"Polygon","coordinates":[[[7.4579,47.4886],[7.451,47.4852],[7.4614,47.4876],[7.4579,47.4886]]]}},{"type":"Feature","properties":{"landuse":"farmland"},"geometry":{"type":"Polygon","coordinates":[[[7.4472,47.4771],[7.4515,47.4781],[7.4494,47.4791],[7.4472,47.4771]]]}},{"type":"Feature","properties":{"landuse":"farmland"},"geometry":{"type":"Polygon","coordinates":[[[7.4476,47.4745],[7.4484,47.4738],[7.4506,47.4757],[7.4476,47.4745]]]}},{"type":"Feature","properties":{"landuse":"farmland"},"geometry":{"type":"Polygon","coordinates":[[[7.4542,47.4849],[7.4555,47.484],[7.4543,47.4856],[7.4542,47.4849]]]}},{"type":"Feature","properties":{"landuse":"farmland"},"geometry":{"type":"Polygon","coordinates":[[[7.4531,47.476],[7.455,47.4743],[7.456,47.4752],[7.4531,47.476]]]}},{"type":"Feature","properties":{"landuse":"farmland"},"geometry":{"type":"Polygon","coordinates":[[[7.4475,47.4746],[7.4495,47.4761],[7.4479,47.4768],[7.4475,47.4746]]]}},{"type":"Feature","properties":{"landuse":"farmland"},"geometry":{"type":"Polygon","coordinates":[[[7.4442,47.4813],[7.4431,47.4794],[7.4456,47.4806],[7.4442,47.4813]]]}},{"type":"Feature","properties":{"landuse":"farmland"},"geometry":{"type":"Polygon","coordinates":[[[7.4467,47.4773],[7.4489,47.4794],[7.4461,47.4808],[7.4442,47.4784],[7.4467,47.4773]]]}},{"type":"Feature","properties":{"landuse":"farmland"},"geometry":{"type":"Polygon","coordinates":[[[7.4582,47.4857],[7.4575,47.4853],[7.4608,47.4838],[7.4582,47.4857]]]}},{"type":"Feature","properties":{"landuse":"farmland"},"geometry":{"type":"Polygon","coordinates":[[[7.5649,47.5965],[7.5652,47.5958],[7.5676,47.5968],[7.5649,47.5965]]]}},{"type":"Feature","properties":{"landuse":"farmland"},"geometry":{"type":"Polygon","coordinates":[[[7.5608,47.5983],[7.5619,47.5972],[7.5676,47.5989],[7.5608,47.5983]]]}},{"type":"Feature","properties":{"landuse":"farmland"},"geometry":{"type":"Polygon","coordinates":[[[7.5461,47.6063],[7.5482,47.6025],[7.5552,47.6004],[7.5607,47.6048],[7.5581,47.6075],[7.5461,47.6063]]]}},{"type":"Feature","properties":{"landuse":"farmland"},"geometry":{"type":"Polygon","coordinates":[[[7.5444,47.6123],[7.5557,47.6097],[7.5525,47.6129],[7.5444,47.6123]]]}},{"type":"Feature","properties":{"landuse":"farmland"},"geometry":{"type":"Polygon","coordinates":[[[7.5451,47.6064],[7.5554,47.6082],[7.5442,47.6115],[7.5451,47.6064]]]}},{"type":"Feature","properties":{"landuse":"orchard"},"geometry":{"type":"Polygon","coordinates":[[[7.5684,47.6103],[7.5688,47.6119],[7.5674,47.6116],[7.5684,47.6103]]]}},{"type":"Feature","properties":{"landuse":"farmland"},"geometry":{"type":"Polygon","coordinates":[[[7.5733,47.6125],[7.5714,47.6138],[7.5732,47.61],[7.5733,47.6125]]]}},{"type":"Feature","properties":{"landuse":"farmland"},"geometry":{"type":"Polygon","coordinates":[[[7.5485,47.6188],[7.5527,47.6212],[7.5501,47.6226],[7.5485,47.6188]]]}},{"type":"Feature","properties":{"landuse":"farmland"},"geometry":{"type":"Polygon","coordinates":[[[7.5684,47.6103],[7.5707,47.6096],[7.5692,47.6114],[7.5684,47.6103]]]}},{"type":"Feature","properties":{"landuse":"farmland"},"geometry":{"type":"Polygon","coordinates":[[[7.542,47.6304],[7.5477,47.63],[7.5455,47.6324],[7.542,47.6304]]]}},{"type":"Feature","properties":{"landuse":"orchard"},"geometry":{"type":"Polygon","coordinates":[[[7.3758,48.2017],[7.3762,48.2032],[7.3754,48.2033],[7.3758,48.2017]]]}},{"type":"Feature","properties":{"landuse":"orchard"},"geometry":{"type":"Polygon","coordinates":[[[7.4127,48.2129],[7.4104,48.2118],[7.4198,48.212],[7.4127,48.2129]]]}},{"type":"Feature","properties":{"landuse":"orchard"},"geometry":{"type":"Polygon","coordinates":[[[7.4087,48.2161],[7.4145,48.2152],[7.4157,48.2188],[7.4087,48.2161]]]}},{"type":"Feature","properties":{"landuse":"orchard"},"geometry":{"type":"Polygon","coordinates":[[[7.4037,48.2167],[7.4018,48.2098],[7.4124,48.2129],[7.407,48.2117],[7.4042,48.2148],[7.4091,48.217],[7.4037,48.2167]]]}},{"type":"Feature","properties":{"landuse":"farmland"},"geometry":{"type":"Polygon","coordinates":[[[7.5733,47.6331],[7.5785,47.6275],[7.5835,47.6305],[7.5829,47.6337],[7.5733,47.6331]]]}},{"type":"Feature","properties":{"landuse":"farmland"},"geometry":{"type":"Polygon","coordinates":[[[7.5688,47.6341],[7.5711,47.6315],[7.5752,47.634],[7.5767,47.6402],[7.5664,47.6419],[7.57,47.6392],[7.5688,47.6341]]]}},{"type":"Feature","properties":{"landuse":"farmland"},"geometry":{"type":"Polygon","coordinates":[[[7.5691,47.6355],[7.5642,47.6408],[7.5622,47.6401],[7.5691,47.6355]]]}},{"type":"Feature","properties":{"landuse":"farmland"},"geometry":{"type":"Polygon","coordinates":[[[7.5663,47.6385],[7.5675,47.6402],[7.566,47.641],[7.5663,47.6385]]]}},{"type":"Feature","properties":{"landuse":"farmland"},"geometry":{"type":"Polygon","coordinates":[[[7.5652,47.6403],[7.5649,47.6461],[7.5623,47.6432],[7.5652,47.6403]]]}},{"type":"Feature","properties":{"landuse":"farmland"},"geometry":{"type":"Polygon","coordinates":[[[7.5723,47.6423],[7.5748,47.6453],[7.5659,47.6442],[7.5723,47.6423]]]}},{"type":"Feature","properties":{"landuse":"farmland"},"geometry":{"type":"Polygon","coordinates":[[[7.5755,47.6344],[7.578,47.6334],[7.5799,47.6356],[7.5755,47.6344]]]}},{"type":"Feature","properties":{"landuse":"farmland"},"geometry":{"type":"Polygon","coordinates":[[[7.5728,47.6299],[7.5786,47.6247],[7.5771,47.6261],[7.5784,47.6266],[7.5728,47.6299]]]}},{"type":"Feature","properties":{"landuse":"farmland"},"geometry":{"type":"Polygon","coordinates":[[[7.5792,47.6239],[7.578,47.6229],[7.5808,47.6209],[7.5792,47.6239]]]}},{"type":"Feature","properties":{"landuse":"farmland"},"geometry":{"type":"Polygon","coordinates":[[[7.5849,47.6223],[7.5857,47.6206],[7.5873,47.622],[7.5849,47.6223]]]}},{"type":"Feature","properties":{"landuse":"farmland"},"geometry":{"type":"Polygon","coordinates":[[[7.5864,47.6352],[7.5849,47.6334],[7.5875,47.6337],[7.5864,47.6352]]]}},{"type":"Feature","properties":{"landuse":"farmland"},"geometry":{"type":"Polygon","coordinates":[[[7.5871,47.6172],[7.5909,47.6131],[7.5935,47.6163],[7.5871,47.6172]]]}},{"type":"Feature","properties":{"landuse":"farmland"},"geometry":{"type":"Polygon","coordinates":[[[7.5977,47.6081],[7.6018,47.6075],[7.5979,47.6094],[7.5977,47.6081]]]}},{"type":"Feature","properties":{"landuse":"farmland"},"geometry":{"type":"Polygon","coordinates":[[[7.5791,47.7736],[7.5701,47.7628],[7.5779,47.7644],[7.5791,47.7736]]]}},{"type":"Feature","properties":{"landuse":"farmland"},"geometry":{"type":"Polygon","coordinates":[[[8.1111,48.8831],[8.1156,48.8842],[8.1108,48.8857],[8.1111,48.8831]]]}},{"type":"Feature","properties":{"landuse":"farmland"},"geometry":{"type":"Polygon","coordinates":[[[8.1198,48.8861],[8.1169,48.8885],[8.1144,48.8822],[8.1197,48.8821],[8.1176,48.8833],[8.1198,48.8861]]]}},{"type":"Feature","properties":{"landuse":"farmland"},"geometry":{"type":"Polygon","coordinates":[[[8.0091,48.8415],[8.0128,48.8367],[8.015,48.8383],[8.013,48.8427],[8.0091,48.8415]]]}},{"type":"Feature","properties":{"landuse":"orchard"},"geometry":{"type":"Polygon","coordinates":[[[7.9433,48.9557],[7.9441,48.9542],[7.9486,48.9545],[7.9433,48.9557]]]}},{"type":"Feature","properties":{"landuse":"orchard"},"geometry":{"type":"Polygon","coordinates":[[[7.9404,48.9564],[7.9383,48.9549],[7.9404,48.9537],[7.9404,48.9564]]]}},{"type":"Feature","properties":{"landuse":"green_public_spaces"},"geometry":{"type":"Polygon","coordinates":[[[7.2285,48.2616],[7.232,48.2623],[7.2285,48.2629],[7.2285,48.2616]]]}},{"type":"Feature","properties":{"landuse":"green_public_spaces"},"geometry":{"type":"Polygon","coordinates":[[[7.5803,48.0221],[7.5731,48.028],[7.578,48.0204],[7.5819,48.0205],[7.5803,48.0221]]]}},{"type":"Feature","properties":{"landuse":"farmland"},"geometry":{"type":"Polygon","coordinates":[[[7.3812,48.0513],[7.3809,48.0495],[7.3828,48.0504],[7.3812,48.0513]]]}},{"type":"Feature","properties":{"landuse":"farmland"},"geometry":{"type":"Polygon","coordinates":[[[7.6929,48.4619],[7.6834,48.4594],[7.6797,48.4505],[7.6888,48.4488],[7.687,48.4516],[7.6898,48.4552],[7.6945,48.4517],[7.6962,48.4599],[7.6929,48.4619]]]}},{"type":"Feature","properties":{"landuse":"farmland"},"geometry":{"type":"Polygon","coordinates":[[[7.6567,48.368],[7.649,48.3678],[7.6552,48.3648],[7.6567,48.368]]]}},{"type":"Feature","properties":{"landuse":"farmland"},"geometry":{"type":"Polygon","coordinates":[[[7.6371,48.3686],[7.649,48.3659],[7.6523,48.3694],[7.6468,48.3711],[7.6574,48.3738],[7.6576,48.3761],[7.6483,48.3784],[7.6401,48.3735],[7.64,48.371],[7.6449,48.3706],[7.6371,48.3686]]]}},{"type":"Feature","properties":{"landuse":"farmland"},"geometry":{"type":"Polygon","coordinates":[[[7.6351,48.3818],[7.6302,48.3801],[7.6367,48.3798],[7.6351,48.3818]]]}},{"type":"Feature","properties":{"landuse":"farmland"},"geometry":{"type":"Polygon","coordinates":[[[7.6682,48.3861],[7.669,48.3877],[7.6672,48.388],[7.6682,48.3861]]]}},{"type":"Feature","properties":{"landuse":"farmland"},"geometry":{"type":"Polygon","coordinates":[[[7.6788,48.433],[7.6891,48.4309],[7.6864,48.4352],[7.6788,48.433]]]}},{"type":"Feature","properties":{"landuse":"farmland"},"geometry":{"type":"Polygon","coordinates":[[[7.6791,48.4447],[7.676,48.4432],[7.6814,48.4426],[7.6791,48.4447]]]}},{"type":"Feature","properties":{"landuse":"farmland"},"geometry":{"type":"Polygon","coordinates":[[[7.6942,48.4349],[7.6953,48.4303],[7.6983,48.4312],[7.6987,48.4343],[7.6942,48.4349]]]}},{"type":"Feature","properties":{"landuse":"farmland"},"geometry":{"type":"Polygon","coordinates":[[[7.676,48.4354],[7.6801,48.4382],[7.6787,48.4403],[7.6732,48.4361],[7.676,48.4354]]]}},{"type":"Feature","properties":{"landuse":"farmland"},"geometry":{"type":"Polygon","coordinates":[[[7.6929,48.4333],[7.6929,48.4347],[7.6905,48.4346],[7.6929,48.4333]]]}},{"type":"Feature","properties":{"landuse":"farmland"},"geometry":{"type":"Polygon","coordinates":[[[7.4223,48.5264],[7.4216,48.5249],[7.4247,48.5248],[7.4223,48.5264]]]}},{"type":"Feature","properties":{"landuse":"orchard"},"geometry":{"type":"Polygon","coordinates":[[[7.4221,48.5213],[7.4209,48.5205],[7.4236,48.5196],[7.4221,48.5213]]]}},{"type":"Feature","properties":{"landuse":"farmland"},"geometry":{"type":"Polygon","coordinates":[[[7.6054,48.3547],[7.6028,48.3553],[7.6006,48.3494],[7.6054,48.3547]]]}},{"type":"Feature","properties":{"landuse":"farmland"},"geometry":{"type":"Polygon","coordinates":[[[7.4978,48.6041],[7.4965,48.6066],[7.4896,48.6052],[7.4928,48.6114],[7.4798,48.6174],[7.4743,48.6142],[7.4758,48.6093],[7.4632,48.6065],[7.4648,48.6032],[7.4806,48.5991],[7.481,48.6022],[7.4978,48.6041]]]}},{"type":"Feature","properties":{"landuse":"vineyard"},"geometry":{"type":"Polygon","coordinates":[[[7.313,48.1664],[7.3147,48.1656],[7.3149,48.1666],[7.313,48.1664]]]}},{"type":"Feature","properties":{"landuse":"vineyard"},"geometry":{"type":"Polygon","coordinates":[[[7.3099,48.1659],[7.31,48.1666],[7.3085,48.1661],[7.3099,48.1659]]]}},{"type":"Feature","properties":{"landuse":"farmland"},"geometry":{"type":"Polygon","coordinates":[[[7.5008,48.5494],[7.5026,48.5456],[7.502,48.5492],[7.5008,48.5494]]]}},{"type":"Feature","properties":{"landuse":"orchard"},"geometry":{"type":"Polygon","coordinates":[[[7.4987,48.5492],[7.4967,48.5492],[7.4986,48.5485],[7.4987,48.5492]]]}},{"type":"Feature","properties":{"landuse":"vineyard"},"geometry":{"type":"Polygon","coordinates":[[[7.4766,48.567],[7.4677,48.561],[7.4715,48.5584],[7.4766,48.567]]]}},{"type":"Feature","properties":{"landuse":"orchard"},"geometry":{"type":"Polygon","coordinates":[[[7.4847,48.5691],[7.4772,48.5659],[7.486,48.5689],[7.4847,48.5691]]]}},{"type":"Feature","properties":{"landuse":"farmland"},"geometry":{"type":"Polygon","coordinates":[[[7.4688,48.5582],[7.4712,48.5609],[7.4649,48.5595],[7.4616,48.5538],[7.4634,48.5519],[7.4688,48.5582]]]}},{"type":"Feature","properties":{"landuse":"farmland"},"geometry":{"type":"Polygon","coordinates":[[[7.4773,48.567],[7.4742,48.5644],[7.4836,48.5694],[7.4779,48.5701],[7.4773,48.567]]]}},{"type":"Feature","properties":{"landuse":"farmland"},"geometry":{"type":"Polygon","coordinates":[[[7.3461,48.3312],[7.3496,48.327],[7.3532,48.3276],[7.3539,48.331],[7.3461,48.3312]]]}},{"type":"Feature","properties":{"landuse":"orchard"},"geometry":{"type":"Polygon","coordinates":[[[7.2094,48.7554],[7.2078,48.7567],[7.2074,48.7552],[7.2094,48.7554]]]}},{"type":"Feature","properties":{"landuse":"farmland"},"geometry":{"type":"Polygon","coordinates":[[[7.3548,48.2842],[7.3679,48.2881],[7.3601,48.2911],[7.3548,48.2842]]]}},{"type":"Feature","properties":{"landuse":"orchard"},"geometry":{"type":"Polygon","coordinates":[[[7.3588,48.3161],[7.3574,48.315],[7.3617,48.3168],[7.3588,48.3161]]]}},{"type":"Feature","properties":{"landuse":"farmland"},"geometry":{"type":"Polygon","coordinates":[[[7.3574,48.315],[7.3588,48.3181],[7.3564,48.317],[7.3574,48.315]]]}},{"type":"Feature","properties":{"landuse":"orchard"},"geometry":{"type":"Polygon","coordinates":[[[7.3588,48.3161],[7.368,48.3188],[7.3579,48.3186],[7.3588,48.3161]]]}},{"type":"Feature","properties":{"landuse":"farmland"},"geometry":{"type":"Polygon","coordinates":[[[7.3596,48.3154],[7.3576,48.3148],[7.358,48.3142],[7.3596,48.3154]]]}},{"type":"Feature","properties":{"landuse":"orchard"},"geometry":{"type":"Polygon","coordinates":[[[7.3559,48.319],[7.3629,48.3204],[7.361,48.3233],[7.3541,48.3213],[7.3559,48.319]]]}},{"type":"Feature","properties":{"landuse":"farmland"},"geometry":{"type":"Polygon","coordinates":[[[7.2954,47.6878],[7.2948,47.6896],[7.2937,47.6888],[7.2954,47.6878]]]}},{"type":"Feature","properties":{"landuse":"orchard"},"geometry":{"type":"Polygon","coordinates":[[[7.3612,48.3253],[7.3625,48.3234],[7.365,48.3255],[7.3612,48.3253]]]}},{"type":"Feature","properties":{"landuse":"farmland"},"geometry":{"type":"Polygon","coordinates":[[[7.5705,48.473],[7.5736,48.4738],[7.571,48.4742],[7.5705,48.473]]]}},{"type":"Feature","properties":{"landuse":"vineyard"},"geometry":{"type":"Polygon","coordinates":[[[7.4677,48.4902],[7.469,48.4882],[7.4668,48.4913],[7.4677,48.4902]]]}},{"type":"Feature","properties":{"landuse":"orchard"},"geometry":{"type":"Polygon","coordinates":[[[7.477,48.4924],[7.484,48.4856],[7.4847,48.4919],[7.4801,48.49],[7.477,48.4924]]]}},{"type":"Feature","properties":{"landuse":"orchard"},"geometry":{"type":"Polygon","coordinates":[[[7.4734,48.4939],[7.4692,48.4917],[7.4694,48.4883],[7.4741,48.4891],[7.4734,48.4939]]]}},{"type":"Feature","properties":{"landuse":"orchard"},"geometry":{"type":"Polygon","coordinates":[[[7.4605,48.4894],[7.457,48.4885],[7.4581,48.4847],[7.4675,48.4888],[7.467,48.491],[7.4605,48.4894]]]}},{"type":"Feature","properties":{"landuse":"vineyard"},"geometry":{"type":"Polygon","coordinates":[[[7.4771,48.4931],[7.4734,48.4939],[7.4741,48.4891],[7.4838,48.4876],[7.4771,48.4931]]]}},{"type":"Feature","properties":{"landuse":"farmland"},"geometry":{"type":"Polygon","coordinates":[[[7.218,48.7642],[7.2208,48.7655],[7.2182,48.7664],[7.218,48.7642]]]}},{"type":"Feature","properties":{"landuse":"orchard"},"geometry":{"type":"Polygon","coordinates":[[[7.2307,48.7701],[7.2307,48.7692],[7.2342,48.7696],[7.2307,48.7701]]]}},{"type":"Feature","properties":{"landuse":"farmland"},"geometry":{"type":"Polygon","coordinates":[[[7.2192,48.7699],[7.2175,48.7658],[7.2212,48.7657],[7.2192,48.7699]]]}},{"type":"Feature","properties":{"landuse":"orchard"},"geometry":{"type":"Polygon","coordinates":[[[7.4946,48.498],[7.4959,48.4934],[7.4938,48.4933],[7.4963,48.4926],[7.4946,48.498]]]}},{"type":"Feature","properties":{"landuse":"farmland"},"geometry":{"type":"Polygon","coordinates":[[[7.7361,48.8268],[7.7339,48.8265],[7.7372,48.8244],[7.7361,48.8268]]]}},{"type":"Feature","properties":{"landuse":"farmland"},"geometry":{"type":"Polygon","coordinates":[[[7.7373,48.8256],[7.7372,48.8244],[7.7392,48.8243],[7.7373,48.8256]]]}},{"type":"Feature","properties":{"landuse":"farmland"},"geometry":{"type":"Polygon","coordinates":[[[7.7235,48.8287],[7.7262,48.8256],[7.7283,48.8267],[7.7235,48.8287]]]}},{"type":"Feature","properties":{"landuse":"farmland"},"geometry":{"type":"Polygon","coordinates":[[[7.7219,48.8296],[7.7174,48.8315],[7.7209,48.8289],[7.7219,48.8296]]]}},{"type":"Feature","properties":{"landuse":"vineyard"},"geometry":{"type":"Polygon","coordinates":[[[7.4948,48.4959],[7.4918,48.4957],[7.4959,48.4934],[7.4948,48.4959]]]}},{"type":"Feature","properties":{"landuse":"farmland"},"geometry":{"type":"Polygon","coordinates":[[[7.492,48.4918],[7.494,48.4915],[7.4926,48.4943],[7.492,48.4918]]]}},{"type":"Feature","properties":{"landuse":"vineyard"},"geometry":{"type":"Polygon","coordinates":[[[7.4894,48.4957],[7.4879,48.4953],[7.4888,48.4936],[7.4894,48.4957]]]}},{"type":"Feature","properties":{"landuse":"orchard"},"geometry":{"type":"Polygon","coordinates":[[[7.4998,48.4899],[7.4978,48.4912],[7.4977,48.4886],[7.4998,48.4899]]]}},{"type":"Feature","properties":{"landuse":"farmland"},"geometry":{"type":"Polygon","coordinates":[[[7.4946,48.4911],[7.4966,48.4916],[7.494,48.4917],[7.4946,48.4911]]]}},{"type":"Feature","properties":{"landuse":"orchard"},"geometry":{"type":"Polygon","coordinates":[[[7.4771,48.4774],[7.4832,48.4742],[7.4806,48.4782],[7.4771,48.4774]]]}},{"type":"Feature","properties":{"landuse":"vineyard"},"geometry":{"type":"Polygon","coordinates":[[[7.4798,48.4932],[7.4804,48.4904],[7.4842,48.4914],[7.4798,48.4932]]]}},{"type":"Feature","properties":{"landuse":"orchard"},"geometry":{"type":"Polygon","coordinates":[[[7.4911,48.4756],[7.4944,48.4765],[7.4961,48.4735],[7.4993,48.481],[7.4892,48.4802],[7.4918,48.4804],[7.4911,48.4756]]]}},{"type":"Feature","properties":{"landuse":"vineyard"},"geometry":{"type":"Polygon","coordinates":[[[7.4871,48.4787],[7.4911,48.4756],[7.493,48.4773],[7.4871,48.4787]]]}},{"type":"Feature","properties":{"landuse":"orchard"},"geometry":{"type":"Polygon","coordinates":[[[7.4823,48.4763],[7.4891,48.4797],[7.4853,48.48],[7.4823,48.4763]]]}},{"type":"Feature","properties":{"landuse":"farmland"},"geometry":{"type":"Polygon","coordinates":[[[7.4939,48.4727],[7.4929,48.474],[7.4925,48.4724],[7.4939,48.4727]]]}},{"type":"Feature","properties":{"landuse":"vineyard"},"geometry":{"type":"Polygon","coordinates":[[[7.4859,48.4736],[7.4948,48.4739],[7.4901,48.4783],[7.4806,48.4782],[7.4882,48.4742],[7.4839,48.4739],[7.4859,48.4736]]]}},{"type":"Feature","properties":{"landuse":"orchard"},"geometry":{"type":"Polygon","coordinates":[[[7.269,47.7061],[7.2644,47.7036],[7.2736,47.7057],[7.269,47.7061]]]}},{"type":"Feature","properties":{"landuse":"farmland"},"geometry":{"type":"Polygon","coordinates":[[[7.7803,48.6184],[7.7802,48.6209],[7.7769,48.6199],[7.7803,48.6184]]]}},{"type":"Feature","properties":{"landuse":"orchard"},"geometry":{"type":"Polygon","coordinates":[[[7.7811,48.6199],[7.7804,48.6176],[7.7836,48.6181],[7.7811,48.6199]]]}},{"type":"Feature","properties":{"landuse":"farmland"},"geometry":{"type":"Polygon","coordinates":[[[7.7842,48.6165],[7.7862,48.6171],[7.7849,48.6175],[7.7842,48.6165]]]}},{"type":"Feature","properties":{"landuse":"orchard"},"geometry":{"type":"Polygon","coordinates":[[[7.5357,48.5404],[7.5388,48.5406],[7.5383,48.5416],[7.5357,48.5404]]]}},{"type":"Feature","properties":{"landuse":"farmland"},"geometry":{"type":"Polygon","coordinates":[[[7.5262,48.5382],[7.5163,48.5316],[7.5354,48.5302],[7.5308,48.5301],[7.5358,48.531],[7.5353,48.5348],[7.5403,48.538],[7.5388,48.5406],[7.5254,48.5361],[7.5262,48.5382]]]}},{"type":"Feature","properties":{"landuse":"vineyard"},"geometry":{"type":"Polygon","coordinates":[[[7.4634,48.4866],[7.4677,48.4877],[7.466,48.4886],[7.4634,48.4866]]]}},{"type":"Feature","properties":{"landuse":"vineyard"},"geometry":{"type":"Polygon","coordinates":[[[7.4747,48.4842],[7.4782,48.4845],[7.4776,48.4856],[7.4747,48.4842]]]}},{"type":"Feature","properties":{"landuse":"vineyard"},"geometry":{"type":"Polygon","coordinates":[[[7.4844,48.481],[7.4814,48.4808],[7.4823,48.48],[7.4844,48.481]]]}},{"type":"Feature","properties":{"landuse":"orchard"},"geometry":{"type":"Polygon","coordinates":[[[7.4657,48.4851],[7.4681,48.4878],[7.4621,48.485],[7.4657,48.4851]]]}},{"type":"Feature","properties":{"landuse":"vineyard"},"geometry":{"type":"Polygon","coordinates":[[[7.4814,48.48],[7.4799,48.4821],[7.4781,48.4812],[7.4814,48.48]]]}},{"type":"Feature","properties":{"landuse":"orchard"},"geometry":{"type":"Polygon","coordinates":[[[7.4801,48.4831],[7.4841,48.4814],[7.4822,48.4803],[7.4861,48.4829],[7.4801,48.4831]]]}},{"type":"Feature","properties":{"landuse":"vineyard"},"geometry":{"type":"Polygon","coordinates":[[[7.482,48.4863],[7.483,48.4852],[7.483,48.4868],[7.482,48.4863]]]}},{"type":"Feature","properties":{"landuse":"vineyard"},"geometry":{"type":"Polygon","coordinates":[[[7.4918,48.4807],[7.4919,48.4818],[7.489,48.4805],[7.4918,48.4807]]]}},{"type":"Feature","properties":{"landuse":"orchard"},"geometry":{"type":"Polygon","coordinates":[[[7.4993,48.481],[7.4986,48.4843],[7.4907,48.4818],[7.4993,48.481]]]}},{"type":"Feature","properties":{"landuse":"farmland"},"geometry":{"type":"Polygon","coordinates":[[[7.4948,48.4739],[7.4959,48.4741],[7.4944,48.4765],[7.4948,48.4739]]]}},{"type":"Feature","properties":{"landuse":"farmland"},"geometry":{"type":"Polygon","coordinates":[[[7.4977,48.4769],[7.4954,48.4758],[7.4969,48.4735],[7.4977,48.4769]]]}},{"type":"Feature","properties":{"landuse":"orchard"},"geometry":{"type":"Polygon","coordinates":[[[7.4994,48.4758],[7.4991,48.4773],[7.4987,48.4746],[7.4994,48.4758]]]}},{"type":"Feature","properties":{"landuse":"orchard"},"geometry":{"type":"Polygon","coordinates":[[[7.4883,48.4933],[7.4868,48.4916],[7.4901,48.4924],[7.4883,48.4933]]]}},{"type":"Feature","properties":{"landuse":"farmland"},"geometry":{"type":"Polygon","coordinates":[[[7.488,48.4921],[7.4871,48.4929],[7.4859,48.4924],[7.488,48.4921]]]}},{"type":"Feature","properties":{"landuse":"orchard"},"geometry":{"type":"Polygon","coordinates":[[[7.3832,48.4978],[7.3826,48.499],[7.3821,48.4972],[7.3832,48.4978]]]}},{"type":"Feature","properties":{"landuse":"orchard"},"geometry":{"type":"Polygon","coordinates":[[[7.3839,48.5109],[7.384,48.5079],[7.3849,48.5098],[7.3839,48.5109]]]}},{"type":"Feature","properties":{"landuse":"farmland"},"geometry":{"type":"Polygon","coordinates":[[[7.72,48.463],[7.7182,48.4591],[7.7211,48.4563],[7.7158,48.45],[7.7312,48.4524],[7.731,48.4555],[7.7248,48.4588],[7.7293,48.4613],[7.72,48.463]]]}},{"type":"Feature","properties":{"landuse":"farmland"},"geometry":{"type":"Polygon","coordinates":[[[7.7174,48.4698],[7.713,48.4605],[7.7181,48.4597],[7.7202,48.4651],[7.7176,48.4655],[7.7222,48.4673],[7.7174,48.4698]]]}},{"type":"Feature","properties":{"landuse":"farmland"},"geometry":{"type":"Polygon","coordinates":[[[7.7082,48.4511],[7.7117,48.4588],[7.7092,48.4571],[7.7094,48.4617],[7.7124,48.4607],[7.7159,48.4695],[7.7033,48.4745],[7.697,48.4678],[7.7082,48.4511]]]}},{"type":"Feature","properties":{"landuse":"farmland"},"geometry":{"type":"Polygon","coordinates":[[[7.7114,48.4559],[7.7155,48.4514],[7.718,48.4583],[7.7125,48.4592],[7.7114,48.4559]]]}},{"type":"Feature","properties":{"landuse":"farmland"},"geometry":{"type":"Polygon","coordinates":[[[7.4933,48.5255],[7.4946,48.5311],[7.4897,48.5303],[7.488,48.5281],[7.4933,48.5255]]]}},{"type":"Feature","properties":{"landuse":"farmland"},"geometry":{"type":"Polygon","coordinates":[[[7.6132,48.3588],[7.6154,48.3583],[7.6108,48.3611],[7.6132,48.3588]]]}},{"type":"Feature","properties":{"landuse":"farmland"},"geometry":{"type":"Polygon","coordinates":[[[7.6158,48.361],[7.62,48.3597],[7.6194,48.3652],[7.6136,48.3638],[7.6158,48.361]]]}},{"type":"Feature","properties":{"landuse":"orchard"},"geometry":{"type":"Polygon","coordinates":[[[7.0433,47.8601],[7.0456,47.8589],[7.0448,47.8604],[7.0433,47.8601]]]}},{"type":"Feature","properties":{"landuse":"orchard"},"geometry":{"type":"Polygon","coordinates":[[[7.0529,47.8508],[7.0544,47.8515],[7.052,47.8498],[7.0529,47.8508]]]}},{"type":"Feature","properties":{"landuse":"orchard"},"geometry":{"type":"Polygon","coordinates":[[[7.398,48.7716],[7.3993,48.7722],[7.3984,48.7732],[7.398,48.7716]]]}},{"type":"Feature","properties":{"landuse":"farmland"},"geometry":{"type":"Polygon","coordinates":[[[7.5793,48.1475],[7.5825,48.1469],[7.5862,48.1533],[7.5822,48.1533],[7.5793,48.1475]]]}},{"type":"Feature","properties":{"landuse":"orchard"},"geometry":{"type":"Polygon","coordinates":[[[7.5432,48.6961],[7.5429,48.6943],[7.5444,48.6952],[7.5432,48.6961]]]}},{"type":"Feature","properties":{"landuse":"orchard"},"geometry":{"type":"Polygon","coordinates":[[[7.5585,48.6864],[7.5585,48.6852],[7.5598,48.6851],[7.5585,48.6864]]]}},{"type":"Feature","properties":{"landuse":"orchard"},"geometry":{"type":"Polygon","coordinates":[[[7.5362,48.7004],[7.5295,48.6995],[7.537,48.6982],[7.5362,48.7004]]]}},{"type":"Feature","properties":{"landuse":"orchard"},"geometry":{"type":"Polygon","coordinates":[[[7.4678,48.6115],[7.4705,48.6116],[7.4675,48.6126],[7.4678,48.6115]]]}},{"type":"Feature","properties":{"landuse":"farmland"},"geometry":{"type":"Polygon","coordinates":[[[7.592,48.4725],[7.5886,48.473],[7.5904,48.4716],[7.592,48.4725]]]}},{"type":"Feature","properties":{"landuse":"farmland"},"geometry":{"type":"Polygon","coordinates":[[[7.8103,48.7113],[7.8133,48.7138],[7.8151,48.7109],[7.8216,48.7124],[7.8198,48.7101],[7.8227,48.7086],[7.8529,48.708],[7.8578,48.7172],[7.8624,48.7163],[7.8606,48.723],[7.8549,48.7224],[7.8404,48.7111],[7.8409,48.7244],[7.8373,48.7235],[7.8464,48.7272],[7.8383,48.7315],[7.8292,48.7317],[7.8274,48.7291],[7.8336,48.7303],[7.817,48.7259],[7.8223,48.7273],[7.8186,48.7304],[7.822,48.7306],[7.8231,48.7345],[7.8159,48.7355],[7.8151,48.7331],[7.8105,48.7343],[7.8105,48.7313],[7.8144,48.7314],[7.8096,48.7241],[7.8103,48.7113]]]}},{"type":"Feature","properties":{"landuse":"farmland"},"geometry":{"type":"Polygon","coordinates":[[[7.5664,48.4441],[7.5678,48.4425],[7.5684,48.4436],[7.5664,48.4441]]]}},{"type":"Feature","properties":{"landuse":"farmland"},"geometry":{"type":"Polygon","coordinates":[[[7.5684,48.4457],[7.5644,48.4452],[7.5686,48.4439],[7.5684,48.4457]]]}},{"type":"Feature","properties":{"landuse":"farmland"},"geometry":{"type":"Polygon","coordinates":[[[7.7007,48.4382],[7.7017,48.4365],[7.7036,48.4379],[7.7007,48.4382]]]}},{"type":"Feature","properties":{"landuse":"farmland"},"geometry":{"type":"Polygon","coordinates":[[[7.8007,48.6289],[7.8024,48.6291],[7.8015,48.631],[7.8007,48.6289]]]}},{"type":"Feature","properties":{"landuse":"farmland"},"geometry":{"type":"Polygon","coordinates":[[[7.7977,48.6369],[7.7987,48.6344],[7.7992,48.6368],[7.7977,48.6369]]]}},{"type":"Feature","properties":{"landuse":"farmland"},"geometry":{"type":"Polygon","coordinates":[[[7.7932,48.6373],[7.7966,48.6349],[7.7971,48.6371],[7.7932,48.6373]]]}},{"type":"Feature","properties":{"landuse":"farmland"},"geometry":{"type":"Polygon","coordinates":[[[7.6781,48.4416],[7.6765,48.4423],[7.6762,48.4417],[7.6781,48.4416]]]}},{"type":"Feature","properties":{"landuse":"orchard"},"geometry":{"type":"Polygon","coordinates":[[[7.2686,47.6751],[7.2699,47.6745],[7.2714,47.6769],[7.2686,47.6751]]]}},{"type":"Feature","properties":{"landuse":"farmland"},"geometry":{"type":"Polygon","coordinates":[[[7.6786,48.4482],[7.6803,48.4474],[7.6803,48.4481],[7.6786,48.4482]]]}},{"type":"Feature","properties":{"landuse":"farmland"},"geometry":{"type":"Polygon","coordinates":[[[7.676,48.4527],[7.6775,48.4531],[7.6762,48.4538],[7.676,48.4527]]]}},{"type":"Feature","properties":{"landuse":"orchard"},"geometry":{"type":"Polygon","coordinates":[[[7.7015,48.4415],[7.7008,48.4409],[7.7026,48.44],[7.7015,48.4415]]]}},{"type":"Feature","properties":{"landuse":"farmland"},"geometry":{"type":"Polygon","coordinates":[[[7.7026,48.4397],[7.7055,48.4423],[7.7024,48.4452],[7.6988,48.4411],[7.7026,48.4397]]]}},{"type":"Feature","properties":{"landuse":"farmland"},"geometry":{"type":"Polygon","coordinates":[[[7.2893,47.6286],[7.2871,47.6314],[7.2881,47.6283],[7.2893,47.6286]]]}},{"type":"Feature","properties":{"landuse":"orchard"},"geometry":{"type":"Polygon","coordinates":[[[7.2739,47.6321],[7.2748,47.6352],[7.2727,47.6359],[7.2739,47.6321]]]}},{"type":"Feature","properties":{"landuse":"orchard"},"geometry":{"type":"Polygon","coordinates":[[[7.3533,48.9902],[7.353,48.9908],[7.3469,48.9891],[7.3533,48.9902]]]}},{"type":"Feature","properties":{"landuse":"vineyard"},"geometry":{"type":"Polygon","coordinates":[[[7.3552,48.2063],[7.3545,48.2053],[7.3556,48.2052],[7.3552,48.2063]]]}},{"type":"Feature","properties":{"landuse":"orchard"},"geometry":{"type":"Polygon","coordinates":[[[7.375,48.207],[7.3725,48.207],[7.3723,48.2055],[7.375,48.207]]]}},{"type":"Feature","properties":{"landuse":"farmland"},"geometry":{"type":"Polygon","coordinates":[[[8.0203,48.8136],[8.0191,48.8182],[8.0148,48.8159],[8.0203,48.8136]]]}},{"type":"Feature","properties":{"landuse":"orchard"},"geometry":{"type":"Polygon","coordinates":[[[7.3802,48.9707],[7.3833,48.9698],[7.3833,48.972],[7.3805,48.9732],[7.3802,48.9707]]]}},{"type":"Feature","properties":{"landuse":"orchard"},"geometry":{"type":"Polygon","coordinates":[[[7.3288,48.1799],[7.3305,48.1811],[7.328,48.1813],[7.3288,48.1799]]]}},{"type":"Feature","properties":{"landuse":"farmland"},"geometry":{"type":"Polygon","coordinates":[[[7.3316,48.1793],[7.333,48.18],[7.3319,48.1805],[7.3316,48.1793]]]}},{"type":"Feature","properties":{"landuse":"orchard"},"geometry":{"type":"Polygon","coordinates":[[[7.3018,48.9915],[7.3005,48.9903],[7.3025,48.9906],[7.3018,48.9915]]]}},{"type":"Feature","properties":{"landuse":"orchard"},"geometry":{"type":"Polygon","coordinates":[[[7.3005,48.9925],[7.2974,48.9936],[7.2978,48.9917],[7.3005,48.9925]]]}},{"type":"Feature","properties":{"landuse":"farmland"},"geometry":{"type":"Polygon","coordinates":[[[7.8282,48.5016],[7.8256,48.5018],[7.8278,48.5],[7.8282,48.5016]]]}},{"type":"Feature","properties":{"landuse":"green_public_spaces"},"geometry":{"type":"Polygon","coordinates":[[[7.742,48.5737],[7.7414,48.5721],[7.749,48.5738],[7.742,48.5737]]]}},{"type":"Feature","properties":{"landuse":"orchard"},"geometry":{"type":"Polygon","coordinates":[[[7.2322,47.808],[7.2349,47.8075],[7.2337,47.8089],[7.2322,47.808]]]}},{"type":"Feature","properties":{"landuse":"farmland"},"geometry":{"type":"Polygon","coordinates":[[[7.3462,48.3324],[7.3487,48.3339],[7.3472,48.3361],[7.3462,48.3324]]]}},{"type":"Feature","properties":{"landuse":"orchard"},"geometry":{"type":"Polygon","coordinates":[[[7.3559,48.3266],[7.3514,48.327],[7.3518,48.3259],[7.3559,48.3266]]]}},{"type":"Feature","properties":{"landuse":"green_public_spaces"},"geometry":{"type":"Polygon","coordinates":[[[7.512,48.7474],[7.5122,48.7462],[7.5137,48.7463],[7.512,48.7474]]]}},{"type":"Feature","properties":{"landuse":"orchard"},"geometry":{"type":"Polygon","coordinates":[[[7.4643,48.5925],[7.4658,48.5935],[7.4627,48.5935],[7.4643,48.5925]]]}},{"type":"Feature","properties":{"landuse":"orchard"},"geometry":{"type":"Polygon","coordinates":[[[7.3848,48.4948],[7.3846,48.4963],[7.3837,48.4936],[7.3848,48.4948]]]}},{"type":"Feature","properties":{"landuse":"orchard"},"geometry":{"type":"Polygon","coordinates":[[[7.3546,47.8933],[7.3561,47.8931],[7.3565,47.8945],[7.3546,47.8933]]]}},{"type":"Feature","properties":{"landuse":"farmland"},"geometry":{"type":"Polygon","coordinates":[[[7.3565,47.8945],[7.357,47.8933],[7.3579,47.8953],[7.3565,47.8945]]]}},{"type":"Feature","properties":{"landuse":"orchard"},"geometry":{"type":"Polygon","coordinates":[[[7.4993,48.5579],[7.5017,48.5573],[7.5012,48.559],[7.4993,48.5579]]]}},{"type":"Feature","properties":{"landuse":"orchard"},"geometry":{"type":"Polygon","coordinates":[[[7.5076,48.5667],[7.5107,48.5662],[7.5088,48.5674],[7.5076,48.5667]]]}},{"type":"Feature","properties":{"landuse":"farmland"},"geometry":{"type":"Polygon","coordinates":[[[7.5483,47.5966],[7.5434,47.6013],[7.5445,47.599],[7.5483,47.5966]]]}},{"type":"Feature","properties":{"landuse":"orchard"},"geometry":{"type":"Polygon","coordinates":[[[7.334,48.3045],[7.3357,48.3062],[7.3328,48.3055],[7.334,48.3045]]]}},{"type":"Feature","properties":{"landuse":"farmland"},"geometry":{"type":"Polygon","coordinates":[[[7.2319,47.6456],[7.2332,47.6433],[7.2345,47.6439],[7.2319,47.6456]]]}},{"type":"Feature","properties":{"landuse":"orchard"},"geometry":{"type":"Polygon","coordinates":[[[7.3353,48.3101],[7.3392,48.3112],[7.3354,48.3127],[7.3353,48.3101]]]}},{"type":"Feature","properties":{"landuse":"orchard"},"geometry":{"type":"Polygon","coordinates":[[[7.3275,48.3117],[7.3328,48.3125],[7.3288,48.3137],[7.3275,48.3117]]]}},{"type":"Feature","properties":{"landuse":"orchard"},"geometry":{"type":"Polygon","coordinates":[[[7.3324,48.3074],[7.3341,48.3067],[7.3351,48.3091],[7.3324,48.3074]]]}},{"type":"Feature","properties":{"landuse":"orchard"},"geometry":{"type":"Polygon","coordinates":[[[7.3363,48.3072],[7.3431,48.3116],[7.3394,48.312],[7.3363,48.3072]]]}},{"type":"Feature","properties":{"landuse":"orchard"},"geometry":{"type":"Polygon","coordinates":[[[7.3513,48.3207],[7.3527,48.3207],[7.3534,48.3218],[7.3513,48.3207]]]}},{"type":"Feature","properties":{"landuse":"farmland"},"geometry":{"type":"Polygon","coordinates":[[[7.5749,48.7651],[7.5751,48.7639],[7.5763,48.765],[7.5749,48.7651]]]}},{"type":"Feature","properties":{"landuse":"farmland"},"geometry":{"type":"Polygon","coordinates":[[[7.5763,48.7622],[7.5773,48.7606],[7.5784,48.7606],[7.5763,48.7622]]]}},{"type":"Feature","properties":{"landuse":"farmland"},"geometry":{"type":"Polygon","coordinates":[[[7.5231,48.5407],[7.5268,48.542],[7.5229,48.5419],[7.5231,48.5407]]]}},{"type":"Feature","properties":{"landuse":"farmland"},"geometry":{"type":"Polygon","coordinates":[[[7.5943,47.6137],[7.5932,47.6118],[7.5948,47.6121],[7.5943,47.6137]]]}},{"type":"Feature","properties":{"landuse":"vineyard"},"geometry":{"type":"Polygon","coordinates":[[[7.5702,47.7551],[7.5681,47.7541],[7.5712,47.7544],[7.5702,47.7551]]]}},{"type":"Feature","properties":{"landuse":"orchard"},"geometry":{"type":"Polygon","coordinates":[[[7.57,47.7562],[7.5653,47.7549],[7.5677,47.7537],[7.57,47.7562]]]}},{"type":"Feature","properties":{"landuse":"green_public_spaces"},"geometry":{"type":"Polygon","coordinates":[[[7.7011,48.5838],[7.7029,48.584],[7.7014,48.5853],[7.7011,48.5838]]]}},{"type":"Feature","properties":{"landuse":"farmland"},"geometry":{"type":"Polygon","coordinates":[[[7.5656,47.8203],[7.5675,47.8205],[7.5649,47.822],[7.5656,47.8203]]]}},{"type":"Feature","properties":{"landuse":"farmland"},"geometry":{"type":"Polygon","coordinates":[[[7.502,48.5634],[7.5035,48.5629],[7.5045,48.5646],[7.502,48.5634]]]}},{"type":"Feature","properties":{"landuse":"farmland"},"geometry":{"type":"Polygon","coordinates":[[[7.7213,48.5447],[7.7225,48.5471],[7.7196,48.5466],[7.7213,48.5447]]]}},{"type":"Feature","properties":{"landuse":"farmland"},"geometry":{"type":"Polygon","coordinates":[[[7.7235,48.5459],[7.7233,48.5445],[7.7244,48.5444],[7.7235,48.5459]]]}},{"type":"Feature","properties":{"landuse":"orchard"},"geometry":{"type":"Polygon","coordinates":[[[7.4541,48.5984],[7.4549,48.5996],[7.4511,48.5988],[7.4541,48.5984]]]}},{"type":"Feature","properties":{"landuse":"farmland"},"geometry":{"type":"Polygon","coordinates":[[[7.7328,48.5644],[7.7308,48.5642],[7.7331,48.5634],[7.7328,48.5644]]]}},{"type":"Feature","properties":{"landuse":"vineyard"},"geometry":{"type":"Polygon","coordinates":[[[7.5947,48.6959],[7.5938,48.6959],[7.5942,48.6946],[7.5947,48.6959]]]}},{"type":"Feature","properties":{"landuse":"orchard"},"geometry":{"type":"Polygon","coordinates":[[[7.4799,48.5111],[7.4767,48.5113],[7.4766,48.5094],[7.4799,48.5111]]]}},{"type":"Feature","properties":{"landuse":"farmland"},"geometry":{"type":"Polygon","coordinates":[[[7.4043,48.7635],[7.3981,48.7604],[7.4047,48.7632],[7.4043,48.7635]]]}},{"type":"Feature","properties":{"landuse":"farmland"},"geometry":{"type":"Polygon","coordinates":[[[7.4036,48.7644],[7.3978,48.7613],[7.3978,48.7608],[7.4036,48.7644]]]}},{"type":"Feature","properties":{"landuse":"orchard"},"geometry":{"type":"Polygon","coordinates":[[[7.3692,48.7086],[7.3683,48.7105],[7.3665,48.7084],[7.3692,48.7086]]]}},{"type":"Feature","properties":{"landuse":"orchard"},"geometry":{"type":"Polygon","coordinates":[[[7.3708,48.7196],[7.3724,48.7196],[7.3712,48.7212],[7.3708,48.7196]]]}},{"type":"Feature","properties":{"landuse":"farmland"},"geometry":{"type":"Polygon","coordinates":[[[7.373,48.7144],[7.3727,48.717],[7.3684,48.7137],[7.373,48.7144]]]}},{"type":"Feature","properties":{"landuse":"farmland"},"geometry":{"type":"Polygon","coordinates":[[[7.3801,48.7174],[7.378,48.717],[7.3861,48.7164],[7.3801,48.7174]]]}},{"type":"Feature","properties":{"landuse":"orchard"},"geometry":{"type":"Polygon","coordinates":[[[7.3831,48.7263],[7.3803,48.7271],[7.3796,48.7266],[7.3831,48.7263]]]}},{"type":"Feature","properties":{"landuse":"farmland"},"geometry":{"type":"Polygon","coordinates":[[[7.3827,48.7255],[7.3819,48.7247],[7.3832,48.7242],[7.3827,48.7255]]]}},{"type":"Feature","properties":{"landuse":"farmland"},"geometry":{"type":"Polygon","coordinates":[[[7.5236,48.7409],[7.529,48.7403],[7.5294,48.7423],[7.5247,48.7431],[7.5236,48.7409]]]}},{"type":"Feature","properties":{"landuse":"farmland"},"geometry":{"type":"Polygon","coordinates":[[[7.5631,48.7435],[7.5603,48.7455],[7.5618,48.743],[7.5631,48.7435]]]}},{"type":"Feature","properties":{"landuse":"farmland"},"geometry":{"type":"Polygon","coordinates":[[[7.5613,48.7394],[7.5583,48.743],[7.5594,48.7405],[7.5613,48.7394]]]}},{"type":"Feature","properties":{"landuse":"farmland"},"geometry":{"type":"Polygon","coordinates":[[[7.7511,48.8151],[7.7493,48.8159],[7.7486,48.8147],[7.7511,48.8151]]]}},{"type":"Feature","properties":{"landuse":"orchard"},"geometry":{"type":"Polygon","coordinates":[[[7.3211,48.3164],[7.3224,48.3167],[7.3219,48.3177],[7.3211,48.3164]]]}},{"type":"Feature","properties":{"landuse":"farmland"},"geometry":{"type":"Polygon","coordinates":[[[7.5933,48.1735],[7.591,48.1741],[7.587,48.1615],[7.5933,48.1735]]]}},{"type":"Feature","properties":{"landuse":"green_public_spaces"},"geometry":{"type":"Polygon","coordinates":[[[7.2401,47.6182],[7.2417,47.6196],[7.2402,47.6208],[7.2401,47.6182]]]}},{"type":"Feature","properties":{"landuse":"orchard"},"geometry":{"type":"Polygon","coordinates":[[[7.033,47.8667],[7.0245,47.8647],[7.0276,47.8633],[7.033,47.8667]]]}},{"type":"Feature","properties":{"landuse":"orchard"},"geometry":{"type":"Polygon","coordinates":[[[7.0405,47.8625],[7.0417,47.8622],[7.043,47.8646],[7.0405,47.8625]]]}},{"type":"Feature","properties":{"landuse":"farmland"},"geometry":{"type":"Polygon","coordinates":[[[7.0333,47.8672],[7.0329,47.8689],[7.0322,47.8677],[7.0333,47.8672]]]}},{"type":"Feature","properties":{"landuse":"orchard"},"geometry":{"type":"Polygon","coordinates":[[[7.0657,47.8464],[7.0644,47.8494],[7.0616,47.8504],[7.0657,47.8464]]]}},{"type":"Feature","properties":{"landuse":"farmland"},"geometry":{"type":"Polygon","coordinates":[[[7.7758,48.4344],[7.7778,48.4361],[7.7751,48.435],[7.7758,48.4344]]]}},{"type":"Feature","properties":{"landuse":"orchard"},"geometry":{"type":"Polygon","coordinates":[[[7.3293,48.5282],[7.3292,48.5271],[7.3319,48.5268],[7.3293,48.5282]]]}},{"type":"Feature","properties":{"landuse":"orchard"},"geometry":{"type":"Polygon","coordinates":[[[7.6948,48.3823],[7.6935,48.3827],[7.6921,48.3812],[7.6948,48.3823]]]}},{"type":"Feature","properties":{"landuse":"farmland"},"geometry":{"type":"Polygon","coordinates":[[[7.6736,48.4081],[7.6719,48.4086],[7.6704,48.4074],[7.6736,48.4081]]]}},{"type":"Feature","properties":{"landuse":"farmland"},"geometry":{"type":"Polygon","coordinates":[[[7.6713,48.4094],[7.6608,48.4089],[7.6612,48.4066],[7.6713,48.4094]]]}},{"type":"Feature","properties":{"landuse":"orchard"},"geometry":{"type":"Polygon","coordinates":[[[7.4489,48.7986],[7.4506,48.7969],[7.4519,48.7969],[7.4489,48.7986]]]}},{"type":"Feature","properties":{"landuse":"orchard"},"geometry":{"type":"Polygon","coordinates":[[[7.4304,48.7941],[7.4298,48.7931],[7.4323,48.7921],[7.4304,48.7941]]]}},{"type":"Feature","properties":{"landuse":"orchard"},"geometry":{"type":"Polygon","coordinates":[[[7.492,48.8252],[7.4913,48.828],[7.4886,48.8276],[7.492,48.8252]]]}},{"type":"Feature","properties":{"landuse":"orchard"},"geometry":{"type":"Polygon","coordinates":[[[7.4431,48.7951],[7.4434,48.7929],[7.4481,48.7933],[7.4431,48.7951]]]}},{"type":"Feature","properties":{"landuse":"orchard"},"geometry":{"type":"Polygon","coordinates":[[[7.4378,48.7916],[7.4367,48.7916],[7.4375,48.789],[7.4378,48.7916]]]}},{"type":"Feature","properties":{"landuse":"farmland"},"geometry":{"type":"Polygon","coordinates":[[[7.4383,48.8019],[7.4345,48.8024],[7.4347,48.8003],[7.4383,48.8019]]]}},{"type":"Feature","properties":{"landuse":"vineyard"},"geometry":{"type":"Polygon","coordinates":[[[7.6073,48.1524],[7.6085,48.1509],[7.611,48.155],[7.6073,48.1524]]]}},{"type":"Feature","properties":{"landuse":"orchard"},"geometry":{"type":"Polygon","coordinates":[[[7.6249,48.1662],[7.6208,48.1668],[7.6213,48.1654],[7.6249,48.1662]]]}},{"type":"Feature","properties":{"landuse":"orchard"},"geometry":{"type":"Polygon","coordinates":[[[7.3646,48.3331],[7.3672,48.3349],[7.3643,48.3361],[7.3646,48.3331]]]}},{"type":"Feature","properties":{"landuse":"orchard"},"geometry":{"type":"Polygon","coordinates":[[[7.3618,48.3346],[7.3533,48.337],[7.3598,48.3316],[7.3618,48.3346]]]}},{"type":"Feature","properties":{"landuse":"farmland"},"geometry":{"type":"Polygon","coordinates":[[[7.5377,47.6362],[7.5377,47.638],[7.5361,47.6371],[7.5377,47.6362]]]}},{"type":"Feature","properties":{"landuse":"orchard"},"geometry":{"type":"Polygon","coordinates":[[[7.3148,48.5304],[7.312,48.5295],[7.3156,48.53],[7.3148,48.5304]]]}},{"type":"Feature","properties":{"landuse":"orchard"},"geometry":{"type":"Polygon","coordinates":[[[7.6305,48.823],[7.6298,48.8259],[7.6253,48.824],[7.6305,48.823]]]}},{"type":"Feature","properties":{"landuse":"orchard"},"geometry":{"type":"Polygon","coordinates":[[[7.6332,48.8193],[7.6331,48.8246],[7.6277,48.8198],[7.6332,48.8193]]]}},{"type":"Feature","properties":{"landuse":"orchard"},"geometry":{"type":"Polygon","coordinates":[[[7.5915,48.8607],[7.5925,48.8593],[7.5942,48.8608],[7.5915,48.8607]]]}},{"type":"Feature","properties":{"landuse":"farmland"},"geometry":{"type":"Polygon","coordinates":[[[7.063,47.738],[7.0663,47.7395],[7.0622,47.7385],[7.063,47.738]]]}},{"type":"Feature","properties":{"landuse":"farmland"},"geometry":{"type":"Polygon","coordinates":[[[7.645,48.4336],[7.6458,48.4333],[7.6467,48.4349],[7.645,48.4336]]]}},{"type":"Feature","properties":{"landuse":"farmland"},"geometry":{"type":"Polygon","coordinates":[[[7.6438,48.4315],[7.6446,48.4313],[7.6457,48.4331],[7.6438,48.4315]]]}},{"type":"Feature","properties":{"landuse":"farmland"},"geometry":{"type":"Polygon","coordinates":[[[7.6493,48.4406],[7.6523,48.4443],[7.6517,48.4445],[7.6493,48.4406]]]}},{"type":"Feature","properties":{"landuse":"farmland"},"geometry":{"type":"Polygon","coordinates":[[[7.6468,48.4351],[7.6487,48.4383],[7.6461,48.4353],[7.6468,48.4351]]]}},{"type":"Feature","properties":{"landuse":"farmland"},"geometry":{"type":"Polygon","coordinates":[[[7.6597,48.4602],[7.6561,48.4517],[7.6609,48.4592],[7.6597,48.4602]]]}},{"type":"Feature","properties":{"landuse":"farmland"},"geometry":{"type":"Polygon","coordinates":[[[7.6423,48.4292],[7.6431,48.4289],[7.6439,48.4301],[7.6431,48.4304],[7.6423,48.4292]]]}},{"type":"Feature","properties":{"landuse":"farmland"},"geometry":{"type":"Polygon","coordinates":[[[7.7039,48.4829],[7.7018,48.4831],[7.7058,48.4814],[7.7039,48.4829]]]}},{"type":"Feature","properties":{"landuse":"farmland"},"geometry":{"type":"Polygon","coordinates":[[[7.707,48.487],[7.7102,48.4863],[7.7083,48.4877],[7.707,48.487]]]}},{"type":"Feature","properties":{"landuse":"farmland"},"geometry":{"type":"Polygon","coordinates":[[[7.7027,48.4841],[7.7066,48.4827],[7.706,48.4871],[7.7039,48.4883],[7.7027,48.4841]]]}},{"type":"Feature","properties":{"landuse":"farmland"},"geometry":{"type":"Polygon","coordinates":[[[7.8089,48.4567],[7.8071,48.4559],[7.809,48.4558],[7.8089,48.4567]]]}},{"type":"Feature","properties":{"landuse":"farmland"},"geometry":{"type":"Polygon","coordinates":[[[7.9765,48.7176],[7.9774,48.7221],[7.9733,48.722],[7.9765,48.7176]]]}},{"type":"Feature","properties":{"landuse":"farmland"},"geometry":{"type":"Polygon","coordinates":[[[7.9682,48.7186],[7.9697,48.7184],[7.9693,48.7196],[7.9682,48.7186]]]}},{"type":"Feature","properties":{"landuse":"farmland"},"geometry":{"type":"Polygon","coordinates":[[[7.9768,48.7225],[7.9775,48.7249],[7.9712,48.7255],[7.9768,48.7225]]]}},{"type":"Feature","properties":{"landuse":"farmland"},"geometry":{"type":"Polygon","coordinates":[[[7.9824,48.7239],[7.9822,48.7217],[7.9847,48.7213],[7.9824,48.7239]]]}},{"type":"Feature","properties":{"landuse":"farmland"},"geometry":{"type":"Polygon","coordinates":[[[7.8624,48.6469],[7.8609,48.6458],[7.8636,48.6454],[7.8624,48.6469]]]}},{"type":"Feature","properties":{"landuse":"farmland"},"geometry":{"type":"Polygon","coordinates":[[[7.8612,48.6454],[7.8621,48.6439],[7.8633,48.6449],[7.8612,48.6454]]]}},{"type":"Feature","properties":{"landuse":"farmland"},"geometry":{"type":"Polygon","coordinates":[[[7.8662,48.6462],[7.864,48.6446],[7.8662,48.644],[7.8662,48.6462]]]}},{"type":"Feature","properties":{"landuse":"farmland"},"geometry":{"type":"Polygon","coordinates":[[[7.8677,48.6423],[7.8685,48.6423],[7.8679,48.6443],[7.8677,48.6423]]]}},{"type":"Feature","properties":{"landuse":"farmland"},"geometry":{"type":"Polygon","coordinates":[[[7.8659,48.6432],[7.8675,48.6423],[7.8672,48.6444],[7.8659,48.6432]]]}},{"type":"Feature","properties":{"landuse":"orchard"},"geometry":{"type":"Polygon","coordinates":[[[7.8672,48.6402],[7.8677,48.6419],[7.8659,48.6419],[7.8672,48.6402]]]}},{"type":"Feature","properties":{"landuse":"farmland"},"geometry":{"type":"Polygon","coordinates":[[[7.866,48.6424],[7.868,48.6401],[7.8702,48.6416],[7.866,48.6424]]]}},{"type":"Feature","properties":{"landuse":"farmland"},"geometry":{"type":"Polygon","coordinates":[[[7.8658,48.6424],[7.8651,48.6414],[7.8663,48.6403],[7.8658,48.6424]]]}},{"type":"Feature","properties":{"landuse":"farmland"},"geometry":{"type":"Polygon","coordinates":[[[7.8623,48.6421],[7.8642,48.6429],[7.8621,48.6431],[7.8623,48.6421]]]}},{"type":"Feature","properties":{"landuse":"farmland"},"geometry":{"type":"Polygon","coordinates":[[[7.8651,48.6417],[7.8636,48.6412],[7.8635,48.6397],[7.8651,48.6417]]]}},{"type":"Feature","properties":{"landuse":"farmland"},"geometry":{"type":"Polygon","coordinates":[[[7.8649,48.6391],[7.8716,48.6363],[7.8737,48.6373],[7.8649,48.6391]]]}},{"type":"Feature","properties":{"landuse":"farmland"},"geometry":{"type":"Polygon","coordinates":[[[7.8674,48.636],[7.864,48.6327],[7.8693,48.6351],[7.8674,48.636]]]}},{"type":"Feature","properties":{"landuse":"farmland"},"geometry":{"type":"Polygon","coordinates":[[[7.8673,48.6327],[7.8643,48.6311],[7.8683,48.6288],[7.8723,48.6307],[7.8673,48.6327]]]}},{"type":"Feature","properties":{"landuse":"farmland"},"geometry":{"type":"Polygon","coordinates":[[[7.8705,48.6283],[7.8766,48.6308],[7.8706,48.6302],[7.8705,48.6283]]]}},{"type":"Feature","properties":{"landuse":"farmland"},"geometry":{"type":"Polygon","coordinates":[[[7.8726,48.629],[7.8705,48.6283],[7.8694,48.6248],[7.8726,48.629]]]}},{"type":"Feature","properties":{"landuse":"farmland"},"geometry":{"type":"Polygon","coordinates":[[[7.8645,48.6287],[7.8658,48.6264],[7.8632,48.6268],[7.8682,48.625],[7.8704,48.6281],[7.8645,48.6287]]]}},{"type":"Feature","properties":{"landuse":"farmland"},"geometry":{"type":"Polygon","coordinates":[[[7.8614,48.6257],[7.869,48.6225],[7.8666,48.6259],[7.8614,48.6257]]]}},{"type":"Feature","properties":{"landuse":"farmland"},"geometry":{"type":"Polygon","coordinates":[[[7.8644,48.6211],[7.8672,48.6208],[7.8662,48.6233],[7.8644,48.6211]]]}},{"type":"Feature","properties":{"landuse":"farmland"},"geometry":{"type":"Polygon","coordinates":[[[7.3589,48.2971],[7.36,48.2954],[7.3607,48.2974],[7.3589,48.2971]]]}},{"type":"Feature","properties":{"landuse":"farmland"},"geometry":{"type":"Polygon","coordinates":[[[7.3563,48.3026],[7.3552,48.3045],[7.3547,48.3025],[7.3563,48.3026]]]}},{"type":"Feature","properties":{"landuse":"farmland"},"geometry":{"type":"Polygon","coordinates":[[[7.3586,48.305],[7.3545,48.306],[7.3563,48.3027],[7.3586,48.305]]]}},{"type":"Feature","properties":{"landuse":"orchard"},"geometry":{"type":"Polygon","coordinates":[[[7.4882,48.5888],[7.487,48.5892],[7.4862,48.5883],[7.4882,48.5888]]]}},{"type":"Feature","properties":{"landuse":"orchard"},"geometry":{"type":"Polygon","coordinates":[[[7.4972,48.5916],[7.4946,48.5927],[7.4936,48.5921],[7.4972,48.5916]]]}},{"type":"Feature","properties":{"landuse":"orchard"},"geometry":{"type":"Polygon","coordinates":[[[7.4844,48.5878],[7.4827,48.5856],[7.4852,48.5898],[7.4844,48.5878]]]}},{"type":"Feature","properties":{"landuse":"farmland"},"geometry":{"type":"Polygon","coordinates":[[[7.8781,48.6313],[7.8753,48.6286],[7.8778,48.6275],[7.8813,48.6312],[7.8781,48.6313]]]}},{"type":"Feature","properties":{"landuse":"farmland"},"geometry":{"type":"Polygon","coordinates":[[[7.8814,48.6289],[7.8789,48.6279],[7.8801,48.6269],[7.8814,48.6289]]]}},{"type":"Feature","properties":{"landuse":"farmland"},"geometry":{"type":"Polygon","coordinates":[[[7.8755,48.6248],[7.8777,48.6275],[7.8738,48.6272],[7.8755,48.6248]]]}},{"type":"Feature","properties":{"landuse":"farmland"},"geometry":{"type":"Polygon","coordinates":[[[7.8728,48.6273],[7.8696,48.6247],[7.8731,48.6239],[7.8728,48.6273]]]}},{"type":"Feature","properties":{"landuse":"farmland"},"geometry":{"type":"Polygon","coordinates":[[[7.8781,48.6274],[7.8764,48.6251],[7.8788,48.6222],[7.8811,48.6258],[7.8781,48.6274]]]}},{"type":"Feature","properties":{"landuse":"farmland"},"geometry":{"type":"Polygon","coordinates":[[[7.8696,48.6246],[7.8691,48.6219],[7.8719,48.6235],[7.8696,48.6246]]]}},{"type":"Feature","properties":{"landuse":"farmland"},"geometry":{"type":"Polygon","coordinates":[[[7.876,48.6195],[7.8772,48.619],[7.8784,48.6203],[7.876,48.6195]]]}},{"type":"Feature","properties":{"landuse":"farmland"},"geometry":{"type":"Polygon","coordinates":[[[7.8699,48.6189],[7.8742,48.6216],[7.8691,48.6218],[7.8699,48.6189]]]}},{"type":"Feature","properties":{"landuse":"farmland"},"geometry":{"type":"Polygon","coordinates":[[[7.8695,48.6183],[7.8698,48.6189],[7.8681,48.6193],[7.8695,48.6183]]]}},{"type":"Feature","properties":{"landuse":"farmland"},"geometry":{"type":"Polygon","coordinates":[[[7.8672,48.6138],[7.8717,48.6172],[7.868,48.6185],[7.8647,48.6158],[7.8672,48.6138]]]}},{"type":"Feature","properties":{"landuse":"farmland"},"geometry":{"type":"Polygon","coordinates":[[[7.8709,48.618],[7.8718,48.6175],[7.8739,48.6193],[7.8709,48.618]]]}},{"type":"Feature","properties":{"landuse":"farmland"},"geometry":{"type":"Polygon","coordinates":[[[7.872,48.6174],[7.8729,48.6154],[7.8754,48.6175],[7.872,48.6174]]]}},{"type":"Feature","properties":{"landuse":"orchard"},"geometry":{"type":"Polygon","coordinates":[[[7.8576,48.6206],[7.8583,48.6221],[7.8568,48.6212],[7.8576,48.6206]]]}},{"type":"Feature","properties":{"landuse":"farmland"},"geometry":{"type":"Polygon","coordinates":[[[7.8558,48.6206],[7.8576,48.6195],[7.8587,48.6211],[7.8558,48.6206]]]}},{"type":"Feature","properties":{"landuse":"farmland"},"geometry":{"type":"Polygon","coordinates":[[[7.8648,48.6389],[7.8629,48.6377],[7.8632,48.6349],[7.8648,48.6389]]]}},{"type":"Feature","properties":{"landuse":"farmland"},"geometry":{"type":"Polygon","coordinates":[[[7.8633,48.6348],[7.8637,48.6322],[7.864,48.6347],[7.8633,48.6348]]]}},{"type":"Feature","properties":{"landuse":"farmland"},"geometry":{"type":"Polygon","coordinates":[[[7.8617,48.6317],[7.8635,48.6318],[7.8627,48.6325],[7.8617,48.6317]]]}},{"type":"Feature","properties":{"landuse":"farmland"},"geometry":{"type":"Polygon","coordinates":[[[7.8615,48.6314],[7.8611,48.6288],[7.8637,48.63],[7.8615,48.6314]]]}},{"type":"Feature","properties":{"landuse":"farmland"},"geometry":{"type":"Polygon","coordinates":[[[7.8593,48.6388],[7.8626,48.6385],[7.8609,48.6411],[7.8593,48.6388]]]}},{"type":"Feature","properties":{"landuse":"farmland"},"geometry":{"type":"Polygon","coordinates":[[[7.8611,48.6372],[7.8587,48.6373],[7.8604,48.636],[7.8611,48.6372]]]}},{"type":"Feature","properties":{"landuse":"farmland"},"geometry":{"type":"Polygon","coordinates":[[[7.8586,48.6363],[7.86,48.6349],[7.8604,48.636],[7.8586,48.6363]]]}},{"type":"Feature","properties":{"landuse":"farmland"},"geometry":{"type":"Polygon","coordinates":[[[7.86,48.6349],[7.8615,48.6348],[7.8616,48.6365],[7.86,48.6349]]]}},{"type":"Feature","properties":{"landuse":"orchard"},"geometry":{"type":"Polygon","coordinates":[[[7.861,48.6329],[7.8602,48.6347],[7.8608,48.6337],[7.8598,48.6336],[7.861,48.6329]]]}},{"type":"Feature","properties":{"landuse":"farmland"},"geometry":{"type":"Polygon","coordinates":[[[7.8581,48.6358],[7.8568,48.6334],[7.8611,48.632],[7.8581,48.6358]]]}},{"type":"Feature","properties":{"landuse":"farmland"},"geometry":{"type":"Polygon","coordinates":[[[7.8585,48.6321],[7.8609,48.6308],[7.8611,48.632],[7.8585,48.6321]]]}},{"type":"Feature","properties":{"landuse":"farmland"},"geometry":{"type":"Polygon","coordinates":[[[7.8572,48.6332],[7.8546,48.6319],[7.859,48.6292],[7.8572,48.6332]]]}},{"type":"Feature","properties":{"landuse":"farmland"},"geometry":{"type":"Polygon","coordinates":[[[7.858,48.6302],[7.8594,48.6302],[7.859,48.6315],[7.858,48.6302]]]}},{"type":"Feature","properties":{"landuse":"farmland"},"geometry":{"type":"Polygon","coordinates":[[[7.8577,48.627],[7.8601,48.6295],[7.857,48.6283],[7.8577,48.627]]]}},{"type":"Feature","properties":{"landuse":"farmland"},"geometry":{"type":"Polygon","coordinates":[[[7.8561,48.6382],[7.8574,48.6348],[7.8577,48.6375],[7.8561,48.6382]]]}},{"type":"Feature","properties":{"landuse":"farmland"},"geometry":{"type":"Polygon","coordinates":[[[7.8547,48.6376],[7.8526,48.634],[7.8555,48.6336],[7.8547,48.6376]]]}},{"type":"Feature","properties":{"landuse":"orchard"},"geometry":{"type":"Polygon","coordinates":[[[7.854,48.6312],[7.8569,48.6336],[7.8537,48.6317],[7.854,48.6312]]]}},{"type":"Feature","properties":{"landuse":"farmland"},"geometry":{"type":"Polygon","coordinates":[[[7.8566,48.6338],[7.8514,48.6319],[7.8539,48.6313],[7.8566,48.6338]]]}},{"type":"Feature","properties":{"landuse":"farmland"},"geometry":{"type":"Polygon","coordinates":[[[7.8506,48.6336],[7.8508,48.6326],[7.8532,48.633],[7.8506,48.6336]]]}},{"type":"Feature","properties":{"landuse":"farmland"},"geometry":{"type":"Polygon","coordinates":[[[7.8491,48.6358],[7.8447,48.6322],[7.8481,48.6311],[7.8509,48.6343],[7.8491,48.6358]]]}},{"type":"Feature","properties":{"landuse":"farmland"},"geometry":{"type":"Polygon","coordinates":[[[7.8444,48.6289],[7.8419,48.6242],[7.8467,48.6286],[7.8444,48.6289]]]}},{"type":"Feature","properties":{"landuse":"orchard"},"geometry":{"type":"Polygon","coordinates":[[[7.8503,48.6272],[7.8488,48.6244],[7.851,48.6247],[7.8503,48.6272]]]}},{"type":"Feature","properties":{"landuse":"orchard"},"geometry":{"type":"Polygon","coordinates":[[[7.851,48.6244],[7.8522,48.6244],[7.8521,48.6268],[7.851,48.6244]]]}},{"type":"Feature","properties":{"landuse":"farmland"},"geometry":{"type":"Polygon","coordinates":[[[7.0243,47.7359],[7.0266,47.7356],[7.0253,47.7365],[7.0243,47.7359]]]}},{"type":"Feature","properties":{"landuse":"farmland"},"geometry":{"type":"Polygon","coordinates":[[[7.971,48.7252],[7.9703,48.7239],[7.9718,48.7238],[7.971,48.7252]]]}},{"type":"Feature","properties":{"landuse":"farmland"},"geometry":{"type":"Polygon","coordinates":[[[8.0105,48.8192],[8.0094,48.8195],[8.0085,48.8184],[8.0105,48.8192]]]}},{"type":"Feature","properties":{"landuse":"farmland"},"geometry":{"type":"Polygon","coordinates":[[[7.9966,48.7298],[7.9999,48.7307],[7.9907,48.7364],[7.9966,48.7298]]]}},{"type":"Feature","properties":{"landuse":"orchard"},"geometry":{"type":"Polygon","coordinates":[[[7.4089,48.7161],[7.4078,48.7153],[7.4109,48.7149],[7.4089,48.7161]]]}},{"type":"Feature","properties":{"landuse":"orchard"},"geometry":{"type":"Polygon","coordinates":[[[7.4331,48.7183],[7.434,48.7186],[7.433,48.7198],[7.4331,48.7183]]]}},{"type":"Feature","properties":{"landuse":"orchard"},"geometry":{"type":"Polygon","coordinates":[[[7.3788,48.9867],[7.3779,48.9861],[7.3804,48.9849],[7.3788,48.9867]]]}},{"type":"Feature","properties":{"landuse":"farmland"},"geometry":{"type":"Polygon","coordinates":[[[7.9971,48.7327],[7.9989,48.7343],[7.9941,48.7357],[7.9971,48.7327]]]}},{"type":"Feature","properties":{"landuse":"farmland"},"geometry":{"type":"Polygon","coordinates":[[[7.9937,48.7359],[7.9912,48.7375],[7.9934,48.7347],[7.9937,48.7359]]]}},{"type":"Feature","properties":{"landuse":"farmland"},"geometry":{"type":"Polygon","coordinates":[[[7.9917,48.7374],[7.9955,48.7353],[7.9961,48.7363],[7.9917,48.7374]]]}},{"type":"Feature","properties":{"landuse":"orchard"},"geometry":{"type":"Polygon","coordinates":[[[7.371,48.9997],[7.3763,48.9993],[7.3713,49.0011],[7.371,48.9997]]]}},{"type":"Feature","properties":{"landuse":"farmland"},"geometry":{"type":"Polygon","coordinates":[[[7.3699,48.9986],[7.3614,49.0007],[7.3615,48.9975],[7.3699,48.9986]]]}},{"type":"Feature","properties":{"landuse":"farmland"},"geometry":{"type":"Polygon","coordinates":[[[7.9758,48.7375],[7.9785,48.737],[7.9775,48.7387],[7.9758,48.7375]]]}},{"type":"Feature","properties":{"landuse":"orchard"},"geometry":{"type":"Polygon","coordinates":[[[7.9809,48.7372],[7.9837,48.7378],[7.9829,48.7384],[7.9809,48.7372]]]}},{"type":"Feature","properties":{"landuse":"farmland"},"geometry":{"type":"Polygon","coordinates":[[[7.9861,48.7387],[7.9851,48.7393],[7.9832,48.7385],[7.9861,48.7387]]]}},{"type":"Feature","properties":{"landuse":"farmland"},"geometry":{"type":"Polygon","coordinates":[[[7.9823,48.73],[7.984,48.7296],[7.9845,48.7311],[7.9823,48.73]]]}},{"type":"Feature","properties":{"landuse":"orchard"},"geometry":{"type":"Polygon","coordinates":[[[7.9829,48.7314],[7.9853,48.7324],[7.9835,48.7328],[7.9829,48.7314]]]}},{"type":"Feature","properties":{"landuse":"farmland"},"geometry":{"type":"Polygon","coordinates":[[[7.9835,48.7328],[7.9853,48.7324],[7.9855,48.7336],[7.9835,48.7328]]]}},{"type":"Feature","properties":{"landuse":"farmland"},"geometry":{"type":"Polygon","coordinates":[[[7.9808,48.7312],[7.9824,48.7305],[7.983,48.7319],[7.9808,48.7312]]]}},{"type":"Feature","properties":{"landuse":"farmland"},"geometry":{"type":"Polygon","coordinates":[[[7.9915,48.738],[7.9989,48.7401],[7.9978,48.7421],[7.9915,48.738]]]}},{"type":"Feature","properties":{"landuse":"orchard"},"geometry":{"type":"Polygon","coordinates":[[[7.9882,48.7479],[7.9896,48.7472],[7.9892,48.7486],[7.9882,48.7479]]]}},{"type":"Feature","properties":{"landuse":"orchard"},"geometry":{"type":"Polygon","coordinates":[[[7.2131,48.483],[7.2142,48.4823],[7.2143,48.4843],[7.2131,48.483]]]}},{"type":"Feature","properties":{"landuse":"green_public_spaces"},"geometry":{"type":"Polygon","coordinates":[[[7.773,48.8079],[7.7741,48.8063],[7.7756,48.8072],[7.773,48.8079]]]}},{"type":"Feature","properties":{"landuse":"orchard"},"geometry":{"type":"Polygon","coordinates":[[[7.7,48.6797],[7.7007,48.6799],[7.6981,48.6806],[7.7,48.6797]]]}},{"type":"Feature","properties":{"landuse":"orchard"},"geometry":{"type":"Polygon","coordinates":[[[7.2398,48.8871],[7.2419,48.8875],[7.2393,48.8879],[7.2398,48.8871]]]}},{"type":"Feature","properties":{"landuse":"farmland"},"geometry":{"type":"Polygon","coordinates":[[[7.2459,48.8847],[7.2438,48.8862],[7.2435,48.8855],[7.2459,48.8847]]]}},{"type":"Feature","properties":{"landuse":"orchard"},"geometry":{"type":"Polygon","coordinates":[[[7.3147,48.9942],[7.3113,48.994],[7.3103,48.9929],[7.3147,48.9942]]]}},{"type":"Feature","properties":{"landuse":"farmland"},"geometry":{"type":"Polygon","coordinates":[[[7.3047,48.9868],[7.2944,48.9866],[7.2947,48.982],[7.306,48.9825],[7.3047,48.9868]]]}},{"type":"Feature","properties":{"landuse":"orchard"},"geometry":{"type":"Polygon","coordinates":[[[7.3595,48.7259],[7.3576,48.7253],[7.3602,48.725],[7.3595,48.7259]]]}},{"type":"Feature","properties":{"landuse":"farmland"},"geometry":{"type":"Polygon","coordinates":[[[7.1367,48.9912],[7.1381,48.9919],[7.1362,48.9929],[7.1367,48.9912]]]}},{"type":"Feature","properties":{"landuse":"farmland"},"geometry":{"type":"Polygon","coordinates":[[[7.9998,48.7733],[7.9957,48.776],[7.9952,48.7749],[7.9998,48.7733]]]}},{"type":"Feature","properties":{"landuse":"farmland"},"geometry":{"type":"Polygon","coordinates":[[[7.9689,48.9201],[7.9701,48.9182],[7.9709,48.9207],[7.9689,48.9201]]]}},{"type":"Feature","properties":{"landuse":"farmland"},"geometry":{"type":"Polygon","coordinates":[[[7.9808,48.9372],[7.9802,48.9361],[7.9828,48.9358],[7.9808,48.9372]]]}},{"type":"Feature","properties":{"landuse":"green_public_spaces"},"geometry":{"type":"Polygon","coordinates":[[[7.7961,48.8191],[7.7963,48.8216],[7.7938,48.8218],[7.7961,48.8191]]]}},{"type":"Feature","properties":{"landuse":"farmland"},"geometry":{"type":"Polygon","coordinates":[[[7.7884,48.8279],[7.7901,48.8279],[7.7896,48.8293],[7.7884,48.8279]]]}},{"type":"Feature","properties":{"landuse":"green_public_spaces"},"geometry":{"type":"Polygon","coordinates":[[[7.7987,48.8143],[7.7989,48.8134],[7.801,48.8137],[7.7987,48.8143]]]}},{"type":"Feature","properties":{"landuse":"farmland"},"geometry":{"type":"Polygon","coordinates":[[[7.7633,48.8048],[7.7623,48.8065],[7.7605,48.806],[7.7633,48.8048]]]}},{"type":"Feature","properties":{"landuse":"orchard"},"geometry":{"type":"Polygon","coordinates":[[[7.6461,48.8795],[7.6449,48.8785],[7.647,48.8777],[7.6461,48.8795]]]}},{"type":"Feature","properties":{"landuse":"orchard"},"geometry":{"type":"Polygon","coordinates":[[[7.9158,48.7266],[7.9112,48.7234],[7.9151,48.724],[7.9158,48.7266]]]}},{"type":"Feature","properties":{"landuse":"orchard"},"geometry":{"type":"Polygon","coordinates":[[[7.7886,48.616],[7.7898,48.6155],[7.7899,48.6165],[7.7886,48.616]]]}},{"type":"Feature","properties":{"landuse":"farmland"},"geometry":{"type":"Polygon","coordinates":[[[7.7919,48.6147],[7.7937,48.6176],[7.7915,48.618],[7.7919,48.6147]]]}},{"type":"Feature","properties":{"landuse":"farmland"},"geometry":{"type":"Polygon","coordinates":[[[7.9589,48.7555],[7.9529,48.753],[7.9618,48.7528],[7.9589,48.7555]]]}},{"type":"Feature","properties":{"landuse":"farmland"},"geometry":{"type":"Polygon","coordinates":[[[7.2223,48.7643],[7.2214,48.7584],[7.2236,48.7579],[7.2253,48.7612],[7.2223,48.7643]]]}},{"type":"Feature","properties":{"landuse":"orchard"},"geometry":{"type":"Polygon","coordinates":[[[7.6315,48.7478],[7.6327,48.7464],[7.6341,48.7468],[7.6315,48.7478]]]}},{"type":"Feature","properties":{"landuse":"farmland"},"geometry":{"type":"Polygon","coordinates":[[[7.7002,48.7413],[7.7036,48.7413],[7.7001,48.7433],[7.7002,48.7413]]]}},{"type":"Feature","properties":{"landuse":"orchard"},"geometry":{"type":"Polygon","coordinates":[[[7.7081,48.7415],[7.7055,48.7412],[7.7083,48.7404],[7.7081,48.7415]]]}},{"type":"Feature","properties":{"landuse":"orchard"},"geometry":{"type":"Polygon","coordinates":[[[8.0926,48.8666],[8.1026,48.8693],[8.1012,48.8707],[8.0926,48.8666]]]}},{"type":"Feature","properties":{"landuse":"farmland"},"geometry":{"type":"Polygon","coordinates":[[[7.7594,48.7231],[7.7587,48.7217],[7.761,48.7227],[7.7594,48.7231]]]}},{"type":"Feature","properties":{"landuse":"orchard"},"geometry":{"type":"Polygon","coordinates":[[[7.6159,48.6446],[7.6145,48.6444],[7.6147,48.6433],[7.6159,48.6446]]]}},{"type":"Feature","properties":{"landuse":"farmland"},"geometry":{"type":"Polygon","coordinates":[[[7.7437,48.8221],[7.7428,48.8203],[7.7476,48.8215],[7.7437,48.8221]]]}},{"type":"Feature","properties":{"landuse":"farmland"},"geometry":{"type":"Polygon","coordinates":[[[7.718,48.8226],[7.7152,48.8218],[7.7182,48.8213],[7.718,48.8226]]]}},{"type":"Feature","properties":{"landuse":"farmland"},"geometry":{"type":"Polygon","coordinates":[[[7.7165,48.8186],[7.7146,48.8191],[7.7147,48.818],[7.7165,48.8186]]]}},{"type":"Feature","properties":{"landuse":"farmland"},"geometry":{"type":"Polygon","coordinates":[[[7.7883,48.8365],[7.7838,48.8371],[7.7876,48.8348],[7.7883,48.8365]]]}},{"type":"Feature","properties":{"landuse":"farmland"},"geometry":{"type":"Polygon","coordinates":[[[7.3692,48.713],[7.3682,48.7135],[7.3674,48.7126],[7.3692,48.713]]]}},{"type":"Feature","properties":{"landuse":"farmland"},"geometry":{"type":"Polygon","coordinates":[[[7.3689,48.7241],[7.3671,48.7243],[7.3679,48.7236],[7.3689,48.7241]]]}},{"type":"Feature","properties":{"landuse":"farmland"},"geometry":{"type":"Polygon","coordinates":[[[7.8102,48.7862],[7.8114,48.7867],[7.8097,48.787],[7.8102,48.7862]]]}},{"type":"Feature","properties":{"landuse":"orchard"},"geometry":{"type":"Polygon","coordinates":[[[7.8255,48.7815],[7.8261,48.7825],[7.8248,48.7829],[7.8255,48.7815]]]}},{"type":"Feature","properties":{"landuse":"orchard"},"geometry":{"type":"Polygon","coordinates":[[[7.8183,48.7777],[7.8185,48.7782],[7.8155,48.7787],[7.8183,48.7777]]]}},{"type":"Feature","properties":{"landuse":"farmland"},"geometry":{"type":"Polygon","coordinates":[[[7.8295,48.7877],[7.8266,48.7866],[7.8273,48.7859],[7.8295,48.7877]]]}},{"type":"Feature","properties":{"landuse":"orchard"},"geometry":{"type":"Polygon","coordinates":[[[7.6738,48.8883],[7.6752,48.889],[7.6727,48.8891],[7.6738,48.8883]]]}},{"type":"Feature","properties":{"landuse":"orchard"},"geometry":{"type":"Polygon","coordinates":[[[7.6921,48.6784],[7.693,48.6801],[7.6912,48.6784],[7.6921,48.6784]]]}},{"type":"Feature","properties":{"landuse":"farmland"},"geometry":{"type":"Polygon","coordinates":[[[7.7573,48.8162],[7.7583,48.8148],[7.758,48.8164],[7.7573,48.8162]]]}},{"type":"Feature","properties":{"landuse":"farmland"},"geometry":{"type":"Polygon","coordinates":[[[7.7579,48.8171],[7.7582,48.8151],[7.7613,48.8168],[7.7579,48.8171]]]}},{"type":"Feature","properties":{"landuse":"farmland"},"geometry":{"type":"Polygon","coordinates":[[[7.7723,48.8116],[7.7689,48.8128],[7.7688,48.8121],[7.7723,48.8116]]]}},{"type":"Feature","properties":{"landuse":"farmland"},"geometry":{"type":"Polygon","coordinates":[[[7.7611,48.8133],[7.7668,48.8097],[7.7671,48.8111],[7.7611,48.8133]]]}},{"type":"Feature","properties":{"landuse":"farmland"},"geometry":{"type":"Polygon","coordinates":[[[7.7668,48.8097],[7.7689,48.8094],[7.767,48.8105],[7.7668,48.8097]]]}},{"type":"Feature","properties":{"landuse":"farmland"},"geometry":{"type":"Polygon","coordinates":[[[7.3509,48.0626],[7.3503,48.0613],[7.3526,48.0626],[7.3509,48.0626]]]}},{"type":"Feature","properties":{"landuse":"farmland"},"geometry":{"type":"Polygon","coordinates":[[[7.3674,48.0576],[7.3667,48.056],[7.3697,48.0566],[7.3674,48.0576]]]}},{"type":"Feature","properties":{"landuse":"farmland"},"geometry":{"type":"Polygon","coordinates":[[[7.3708,48.0615],[7.3683,48.0577],[7.3724,48.0613],[7.3708,48.0615]]]}},{"type":"Feature","properties":{"landuse":"orchard"},"geometry":{"type":"Polygon","coordinates":[[[7.3155,48.9927],[7.3133,48.9924],[7.3144,48.9911],[7.3155,48.9927]]]}},{"type":"Feature","properties":{"landuse":"farmland"},"geometry":{"type":"Polygon","coordinates":[[[7.3122,48.9875],[7.3171,48.9901],[7.3138,48.9893],[7.3122,48.9875]]]}},{"type":"Feature","properties":{"landuse":"orchard"},"geometry":{"type":"Polygon","coordinates":[[[7.3193,48.9961],[7.3166,48.995],[7.3178,48.9944],[7.3193,48.9961]]]}},{"type":"Feature","properties":{"landuse":"farmland"},"geometry":{"type":"Polygon","coordinates":[[[7.3163,48.9883],[7.3157,48.9835],[7.3203,48.9843],[7.3227,48.992],[7.3163,48.9883]]]}},{"type":"Feature","properties":{"landuse":"farmland"},"geometry":{"type":"Polygon","coordinates":[[[7.2983,47.8589],[7.2978,47.8576],[7.2994,47.8572],[7.2983,47.8589]]]}},{"type":"Feature","properties":{"landuse":"farmland"},"geometry":{"type":"Polygon","coordinates":[[[7.2955,47.854],[7.3061,47.8561],[7.299,47.8568],[7.2955,47.854]]]}},{"type":"Feature","properties":{"landuse":"orchard"},"geometry":{"type":"Polygon","coordinates":[[[7.6968,48.3865],[7.6937,48.3869],[7.6948,48.3848],[7.6968,48.3865]]]}},{"type":"Feature","properties":{"landuse":"orchard"},"geometry":{"type":"Polygon","coordinates":[[[7.2929,47.6858],[7.2899,47.6855],[7.2926,47.6846],[7.2929,47.6858]]]}},{"type":"Feature","properties":{"landuse":"orchard"},"geometry":{"type":"Polygon","coordinates":[[[7.6367,48.5306],[7.634,48.5309],[7.6337,48.5301],[7.6367,48.5306]]]}},{"type":"Feature","properties":{"landuse":"green_public_spaces"},"geometry":{"type":"Polygon","coordinates":[[[7.5347,48.5618],[7.5329,48.5593],[7.5345,48.5599],[7.5347,48.5618]]]}},{"type":"Feature","properties":{"landuse":"farmland"},"geometry":{"type":"Polygon","coordinates":[[[7.6493,48.5626],[7.6573,48.5641],[7.655,48.5679],[7.6492,48.5657],[7.6493,48.5626]]]}},{"type":"Feature","properties":{"landuse":"orchard"},"geometry":{"type":"Polygon","coordinates":[[[7.698,48.6561],[7.6972,48.6552],[7.6984,48.655],[7.698,48.6561]]]}},{"type":"Feature","properties":{"landuse":"green_public_spaces"},"geometry":{"type":"Polygon","coordinates":[[[7.7084,48.6336],[7.7137,48.6343],[7.7095,48.6348],[7.7084,48.6336]]]}},{"type":"Feature","properties":{"landuse":"orchard"},"geometry":{"type":"Polygon","coordinates":[[[7.5216,48.8726],[7.5188,48.8718],[7.5199,48.8704],[7.5216,48.8726]]]}},{"type":"Feature","properties":{"landuse":"orchard"},"geometry":{"type":"Polygon","coordinates":[[[7.5152,48.8671],[7.5143,48.869],[7.5136,48.8678],[7.5152,48.8671]]]}},{"type":"Feature","properties":{"landuse":"orchard"},"geometry":{"type":"Polygon","coordinates":[[[7.648,48.8889],[7.6492,48.8878],[7.6476,48.8902],[7.648,48.8889]]]}},{"type":"Feature","properties":{"landuse":"orchard"},"geometry":{"type":"Polygon","coordinates":[[[7.6452,48.8894],[7.6404,48.8924],[7.6375,48.891],[7.6452,48.8894]]]}},{"type":"Feature","properties":{"landuse":"orchard"},"geometry":{"type":"Polygon","coordinates":[[[7.6297,48.8935],[7.6313,48.8938],[7.6295,48.895],[7.6297,48.8935]]]}},{"type":"Feature","properties":{"landuse":"orchard"},"geometry":{"type":"Polygon","coordinates":[[[7.6517,48.8932],[7.6493,48.8928],[7.6506,48.8922],[7.6517,48.8932]]]}},{"type":"Feature","properties":{"landuse":"farmland"},"geometry":{"type":"Polygon","coordinates":[[[7.6472,48.6997],[7.6453,48.7002],[7.6456,48.6975],[7.6472,48.6997]]]}},{"type":"Feature","properties":{"landuse":"farmland"},"geometry":{"type":"Polygon","coordinates":[[[7.6532,48.6933],[7.65,48.6929],[7.6506,48.6902],[7.6548,48.6889],[7.6532,48.6933]]]}},{"type":"Feature","properties":{"landuse":"farmland"},"geometry":{"type":"Polygon","coordinates":[[[7.6622,48.6962],[7.6643,48.6942],[7.6652,48.6967],[7.6622,48.6962]]]}},{"type":"Feature","properties":{"landuse":"farmland"},"geometry":{"type":"Polygon","coordinates":[[[7.6491,48.6968],[7.6464,48.6963],[7.6497,48.6942],[7.6614,48.6968],[7.6572,48.699],[7.6491,48.6968]]]}},{"type":"Feature","properties":{"landuse":"farmland"},"geometry":{"type":"Polygon","coordinates":[[[7.6505,48.702],[7.6515,48.704],[7.6493,48.7041],[7.6505,48.702]]]}},{"type":"Feature","properties":{"landuse":"farmland"},"geometry":{"type":"Polygon","coordinates":[[[7.6631,48.6518],[7.6657,48.6469],[7.6868,48.6471],[7.6856,48.6505],[7.6886,48.6497],[7.707,48.6602],[7.7009,48.6646],[7.7014,48.6684],[7.7051,48.6688],[7.7004,48.6718],[7.708,48.6757],[7.7092,48.6723],[7.7146,48.6714],[7.714,48.6735],[7.7121,48.6772],[7.6871,48.6705],[7.6697,48.6609],[7.6631,48.6518]]]}},{"type":"Feature","properties":{"landuse":"orchard"},"geometry":{"type":"Polygon","coordinates":[[[7.9444,48.7611],[7.9439,48.7623],[7.9435,48.7607],[7.9444,48.7611]]]}},{"type":"Feature","properties":{"landuse":"farmland"},"geometry":{"type":"Polygon","coordinates":[[[7.8453,48.6519],[7.8519,48.6554],[7.8465,48.6542],[7.8453,48.6519]]]}},{"type":"Feature","properties":{"landuse":"green_public_spaces"},"geometry":{"type":"Polygon","coordinates":[[[7.8453,48.6318],[7.8494,48.625],[7.8497,48.6299],[7.8453,48.6318]]]}},{"type":"Feature","properties":{"landuse":"farmland"},"geometry":{"type":"Polygon","coordinates":[[[7.5912,48.1802],[7.5896,48.181],[7.5905,48.1796],[7.5912,48.1802]]]}},{"type":"Feature","properties":{"landuse":"orchard"},"geometry":{"type":"Polygon","coordinates":[[[7.3195,48.1809],[7.3214,48.1805],[7.3216,48.1813],[7.3195,48.1809]]]}},{"type":"Feature","properties":{"landuse":"farmland"},"geometry":{"type":"Polygon","coordinates":[[[7.6143,48.3713],[7.6134,48.3679],[7.6155,48.3709],[7.6143,48.3713]]]}},{"type":"Feature","properties":{"landuse":"farmland"},"geometry":{"type":"Polygon","coordinates":[[[7.61,48.3676],[7.6123,48.3693],[7.6107,48.3694],[7.61,48.3676]]]}},{"type":"Feature","properties":{"landuse":"farmland"},"geometry":{"type":"Polygon","coordinates":[[[7.6061,48.3693],[7.6084,48.3697],[7.6071,48.371],[7.6061,48.3693]]]}},{"type":"Feature","properties":{"landuse":"farmland"},"geometry":{"type":"Polygon","coordinates":[[[7.6027,48.3674],[7.6055,48.3677],[7.6039,48.3686],[7.6027,48.3674]]]}},{"type":"Feature","properties":{"landuse":"orchard"},"geometry":{"type":"Polygon","coordinates":[[[7.6544,48.4193],[7.6566,48.4184],[7.6571,48.4196],[7.6544,48.4193]]]}},{"type":"Feature","properties":{"landuse":"orchard"},"geometry":{"type":"Polygon","coordinates":[[[7.4047,48.7046],[7.4073,48.7035],[7.4079,48.7043],[7.4047,48.7046]]]}},{"type":"Feature","properties":{"landuse":"orchard"},"geometry":{"type":"Polygon","coordinates":[[[7.3292,48.322],[7.3301,48.3231],[7.3281,48.3222],[7.3292,48.322]]]}},{"type":"Feature","properties":{"landuse":"orchard"},"geometry":{"type":"Polygon","coordinates":[[[7.3302,48.3199],[7.333,48.3214],[7.3308,48.3232],[7.3275,48.3207],[7.3302,48.3199]]]}},{"type":"Feature","properties":{"landuse":"orchard"},"geometry":{"type":"Polygon","coordinates":[[[7.3289,48.3188],[7.3294,48.3205],[7.3264,48.32],[7.3289,48.3188]]]}},{"type":"Feature","properties":{"landuse":"orchard"},"geometry":{"type":"Polygon","coordinates":[[[7.7065,48.713],[7.7055,48.7163],[7.7059,48.7129],[7.7065,48.713]]]}},{"type":"Feature","properties":{"landuse":"farmland"},"geometry":{"type":"Polygon","coordinates":[[[7.7135,48.7155],[7.7155,48.716],[7.7128,48.7169],[7.7135,48.7155]]]}},{"type":"Feature","properties":{"landuse":"orchard"},"geometry":{"type":"Polygon","coordinates":[[[7.649,48.9319],[7.6522,48.9317],[7.6522,48.9306],[7.6503,48.9324],[7.649,48.9319]]]}},{"type":"Feature","properties":{"landuse":"orchard"},"geometry":{"type":"Polygon","coordinates":[[[7.6597,48.9304],[7.6602,48.9293],[7.6618,48.9304],[7.6597,48.9304]]]}},{"type":"Feature","properties":{"landuse":"orchard"},"geometry":{"type":"Polygon","coordinates":[[[7.4768,48.832],[7.4757,48.8309],[7.477,48.8294],[7.4768,48.832]]]}},{"type":"Feature","properties":{"landuse":"orchard"},"geometry":{"type":"Polygon","coordinates":[[[7.5754,48.6805],[7.5742,48.6802],[7.5775,48.6807],[7.5754,48.6805]]]}},{"type":"Feature","properties":{"landuse":"orchard"},"geometry":{"type":"Polygon","coordinates":[[[7.5695,48.6815],[7.5713,48.6792],[7.5719,48.682],[7.5695,48.6815]]]}},{"type":"Feature","properties":{"landuse":"orchard"},"geometry":{"type":"Polygon","coordinates":[[[7.6531,48.6814],[7.6528,48.6801],[7.6537,48.6801],[7.6531,48.6814]]]}},{"type":"Feature","properties":{"landuse":"orchard"},"geometry":{"type":"Polygon","coordinates":[[[7.7644,48.9162],[7.7621,48.9162],[7.7627,48.9154],[7.7644,48.9162]]]}},{"type":"Feature","properties":{"landuse":"orchard"},"geometry":{"type":"Polygon","coordinates":[[[7.7571,48.9128],[7.7633,48.9106],[7.7631,48.9129],[7.7571,48.9128]]]}},{"type":"Feature","properties":{"landuse":"orchard"},"geometry":{"type":"Polygon","coordinates":[[[7.7656,48.9089],[7.7649,48.9105],[7.7639,48.9095],[7.7656,48.9089]]]}},{"type":"Feature","properties":{"landuse":"orchard"},"geometry":{"type":"Polygon","coordinates":[[[7.5676,48.4119],[7.5714,48.4112],[7.5712,48.4118],[7.5676,48.4119]]]}},{"type":"Feature","properties":{"landuse":"greenhouse_horticulture"},"geometry":{"type":"Polygon","coordinates":[[[7.6739,48.4429],[7.6729,48.4427],[7.6734,48.4416],[7.6744,48.4418],[7.6739,48.4429]]]}},{"type":"Feature","properties":{"landuse":"orchard"},"geometry":{"type":"Polygon","coordinates":[[[7.6714,48.4459],[7.6698,48.4466],[7.6671,48.446],[7.6714,48.4459]]]}},{"type":"Feature","properties":{"landuse":"orchard"},"geometry":{"type":"Polygon","coordinates":[[[8.0295,48.8514],[8.0316,48.8523],[8.0298,48.8536],[8.0295,48.8514]]]}},{"type":"Feature","properties":{"landuse":"orchard"},"geometry":{"type":"Polygon","coordinates":[[[7.9381,48.9306],[7.9384,48.9292],[7.9398,48.9304],[7.9381,48.9306]]]}},{"type":"Feature","properties":{"landuse":"orchard"},"geometry":{"type":"Polygon","coordinates":[[[7.9424,48.9312],[7.9416,48.9331],[7.9403,48.9313],[7.9424,48.9312]]]}},{"type":"Feature","properties":{"landuse":"orchard"},"geometry":{"type":"Polygon","coordinates":[[[7.9438,48.9273],[7.9461,48.9271],[7.9469,48.9314],[7.9438,48.9273]]]}},{"type":"Feature","properties":{"landuse":"farmland"},"geometry":{"type":"Polygon","coordinates":[[[8.0976,48.974],[8.0976,48.9728],[8.1019,48.9743],[8.0976,48.974]]]}},{"type":"Feature","properties":{"landuse":"orchard"},"geometry":{"type":"Polygon","coordinates":[[[7.5216,48.8696],[7.5239,48.8697],[7.5228,48.8712],[7.5216,48.8696]]]}},{"type":"Feature","properties":{"landuse":"orchard"},"geometry":{"type":"Polygon","coordinates":[[[7.4264,48.7869],[7.428,48.7882],[7.4256,48.7874],[7.4264,48.7869]]]}},{"type":"Feature","properties":{"landuse":"orchard"},"geometry":{"type":"Polygon","coordinates":[[[7.3237,48.3211],[7.3266,48.3219],[7.3241,48.3224],[7.3237,48.3211]]]}},{"type":"Feature","properties":{"landuse":"orchard"},"geometry":{"type":"Polygon","coordinates":[[[7.3293,48.3311],[7.3327,48.3279],[7.3307,48.3316],[7.3293,48.3311]]]}},{"type":"Feature","properties":{"landuse":"orchard"},"geometry":{"type":"Polygon","coordinates":[[[7.8473,48.937],[7.8544,48.9341],[7.8519,48.9368],[7.8473,48.937]]]}},{"type":"Feature","properties":{"landuse":"orchard"},"geometry":{"type":"Polygon","coordinates":[[[7.8512,48.9338],[7.8535,48.9317],[7.8546,48.9332],[7.8512,48.9338]]]}},{"type":"Feature","properties":{"landuse":"orchard"},"geometry":{"type":"Polygon","coordinates":[[[7.8506,48.9293],[7.8541,48.9288],[7.852,48.9305],[7.8506,48.9293]]]}},{"type":"Feature","properties":{"landuse":"farmland"},"geometry":{"type":"Polygon","coordinates":[[[7.8504,48.9304],[7.8359,48.9361],[7.832,48.9351],[7.837,48.9344],[7.8318,48.9335],[7.8306,48.9278],[7.8328,48.929],[7.8369,48.9222],[7.8448,48.9202],[7.8517,48.9267],[7.8445,48.9273],[7.8518,48.9284],[7.8504,48.9304]]]}},{"type":"Feature","properties":{"landuse":"orchard"},"geometry":{"type":"Polygon","coordinates":[[[7.9712,48.9041],[7.9713,48.9031],[7.9744,48.9028],[7.9712,48.9041]]]}},{"type":"Feature","properties":{"landuse":"farmland"},"geometry":{"type":"Polygon","coordinates":[[[7.6626,48.5555],[7.6568,48.5565],[7.6545,48.5535],[7.6626,48.5555]]]}},{"type":"Feature","properties":{"landuse":"farmland"},"geometry":{"type":"Polygon","coordinates":[[[7.9751,48.9011],[7.9735,48.9013],[7.9746,48.8996],[7.9751,48.9011]]]}},{"type":"Feature","properties":{"landuse":"orchard"},"geometry":{"type":"Polygon","coordinates":[[[7.6497,48.2226],[7.6517,48.2231],[7.6496,48.2249],[7.6517,48.2263],[7.6497,48.2226]]]}},{"type":"Feature","properties":{"landuse":"orchard"},"geometry":{"type":"Polygon","coordinates":[[[7.5216,48.4839],[7.5218,48.4826],[7.5227,48.4829],[7.5216,48.4839]]]}},{"type":"Feature","properties":{"landuse":"farmland"},"geometry":{"type":"Polygon","coordinates":[[[7.5225,48.484],[7.5214,48.4849],[7.5217,48.4826],[7.5225,48.484]]]}},{"type":"Feature","properties":{"landuse":"orchard"},"geometry":{"type":"Polygon","coordinates":[[[7.4814,48.5025],[7.4773,48.5017],[7.4824,48.5024],[7.4814,48.5025]]]}},{"type":"Feature","properties":{"landuse":"orchard"},"geometry":{"type":"Polygon","coordinates":[[[7.4735,48.5018],[7.4776,48.5012],[7.4762,48.5028],[7.4735,48.5018]]]}},{"type":"Feature","properties":{"landuse":"farmland"},"geometry":{"type":"Polygon","coordinates":[[[7.6259,48.9421],[7.6281,48.9432],[7.6251,48.9431],[7.6259,48.9421]]]}},{"type":"Feature","properties":{"landuse":"farmland"},"geometry":{"type":"Polygon","coordinates":[[[7.5376,47.6291],[7.5397,47.6273],[7.5409,47.6285],[7.5376,47.6291]]]}},{"type":"Feature","properties":{"landuse":"orchard"},"geometry":{"type":"Polygon","coordinates":[[[7.5459,47.633],[7.5457,47.632],[7.5475,47.6313],[7.5459,47.633]]]}},{"type":"Feature","properties":{"landuse":"orchard"},"geometry":{"type":"Polygon","coordinates":[[[7.5409,47.6285],[7.5397,47.6273],[7.5424,47.628],[7.5409,47.6285]]]}},{"type":"Feature","properties":{"landuse":"farmland"},"geometry":{"type":"Polygon","coordinates":[[[7.5462,47.6203],[7.5466,47.6244],[7.5398,47.6272],[7.5462,47.6203]]]}},{"type":"Feature","properties":{"landuse":"farmland"},"geometry":{"type":"Polygon","coordinates":[[[7.5411,48.0425],[7.5408,48.0414],[7.5425,48.0416],[7.5411,48.0425]]]}},{"type":"Feature","properties":{"landuse":"orchard"},"geometry":{"type":"Polygon","coordinates":[[[7.3166,48.1419],[7.3164,48.1384],[7.3171,48.1381],[7.3166,48.1419]]]}},{"type":"Feature","properties":{"landuse":"orchard"},"geometry":{"type":"Polygon","coordinates":[[[7.3647,48.1605],[7.3667,48.1604],[7.3634,48.163],[7.3647,48.1605]]]}},{"type":"Feature","properties":{"landuse":"orchard"},"geometry":{"type":"Polygon","coordinates":[[[7.5352,48.2697],[7.5345,48.2686],[7.5363,48.2686],[7.5352,48.2697]]]}},{"type":"Feature","properties":{"landuse":"farmland"},"geometry":{"type":"Polygon","coordinates":[[[7.8125,48.4079],[7.8127,48.4174],[7.8094,48.4178],[7.8127,48.418],[7.8014,48.4185],[7.7972,48.4114],[7.8104,48.396],[7.8125,48.4075],[7.8073,48.4081],[7.805,48.4137],[7.812,48.4135],[7.8125,48.4079]]]}},{"type":"Feature","properties":{"landuse":"farmland"},"geometry":{"type":"Polygon","coordinates":[[[7.7287,48.4664],[7.7314,48.4646],[7.7301,48.4614],[7.7379,48.4622],[7.7287,48.4664]]]}},{"type":"Feature","properties":{"landuse":"orchard"},"geometry":{"type":"Polygon","coordinates":[[[7.5799,48.1859],[7.5814,48.1868],[7.5766,48.1869],[7.5799,48.1859]]]}},{"type":"Feature","properties":{"landuse":"orchard"},"geometry":{"type":"Polygon","coordinates":[[[7.7121,48.4936],[7.7139,48.4929],[7.7148,48.4941],[7.7121,48.4936]]]}},{"type":"Feature","properties":{"landuse":"farmland"},"geometry":{"type":"Polygon","coordinates":[[[7.7045,48.4218],[7.7067,48.4232],[7.7036,48.422],[7.7045,48.4218]]]}},{"type":"Feature","properties":{"landuse":"orchard"},"geometry":{"type":"Polygon","coordinates":[[[7.5585,48.8331],[7.559,48.8325],[7.5604,48.8331],[7.5585,48.8331]]]}},{"type":"Feature","properties":{"landuse":"farmland"},"geometry":{"type":"Polygon","coordinates":[[[7.721,48.3087],[7.7264,48.3087],[7.7262,48.3094],[7.721,48.3087]]]}},{"type":"Feature","properties":{"landuse":"farmland"},"geometry":{"type":"Polygon","coordinates":[[[7.7275,48.308],[7.7301,48.3092],[7.726,48.3079],[7.7275,48.308]]]}},{"type":"Feature","properties":{"landuse":"farmland"},"geometry":{"type":"Polygon","coordinates":[[[7.7314,48.3016],[7.7328,48.302],[7.7315,48.3028],[7.7314,48.3016]]]}},{"type":"Feature","properties":{"landuse":"farmland"},"geometry":{"type":"Polygon","coordinates":[[[7.709,48.3009],[7.7169,48.3026],[7.7123,48.3039],[7.709,48.3009]]]}},{"type":"Feature","properties":{"landuse":"green_public_spaces"},"geometry":{"type":"Polygon","coordinates":[[[7.5838,48.5609],[7.5811,48.5602],[7.5848,48.5594],[7.5838,48.5609]]]}},{"type":"Feature","properties":{"landuse":"orchard"},"geometry":{"type":"Polygon","coordinates":[[[7.5973,48.5547],[7.5849,48.5595],[7.5938,48.5537],[7.5973,48.5547]]]}},{"type":"Feature","properties":{"landuse":"farmland"},"geometry":{"type":"Polygon","coordinates":[[[7.606,48.5484],[7.604,48.5518],[7.5948,48.5521],[7.606,48.5484]]]}},{"type":"Feature","properties":{"landuse":"farmland"},"geometry":{"type":"Polygon","coordinates":[[[7.5864,48.4745],[7.5815,48.4781],[7.5765,48.4754],[7.5864,48.4745]]]}},{"type":"Feature","properties":{"landuse":"green_public_spaces"},"geometry":{"type":"Polygon","coordinates":[[[7.3417,47.8073],[7.3438,47.8049],[7.3452,47.8096],[7.3417,47.8073]]]}},{"type":"Feature","properties":{"landuse":"farmland"},"geometry":{"type":"Polygon","coordinates":[[[7.3358,48.3207],[7.3318,48.3193],[7.3332,48.3174],[7.3358,48.3207]]]}},{"type":"Feature","properties":{"landuse":"orchard"},"geometry":{"type":"Polygon","coordinates":[[[7.4301,48.5128],[7.4277,48.5145],[7.4273,48.5128],[7.4301,48.5128]]]}},{"type":"Feature","properties":{"landuse":"orchard"},"geometry":{"type":"Polygon","coordinates":[[[7.5799,48.7333],[7.5775,48.7334],[7.5782,48.7303],[7.5799,48.7333]]]}},{"type":"Feature","properties":{"landuse":"green_public_spaces"},"geometry":{"type":"Polygon","coordinates":[[[7.5573,47.5249],[7.5566,47.5238],[7.5576,47.5235],[7.5573,47.5249]]]}},{"type":"Feature","properties":{"landuse":"green_public_spaces"},"geometry":{"type":"Polygon","coordinates":[[[7.5589,47.5244],[7.5583,47.5235],[7.5598,47.5241],[7.5589,47.5244]]]}},{"type":"Feature","properties":{"landuse":"farmland"},"geometry":{"type":"Polygon","coordinates":[[[7.5566,47.5238],[7.556,47.523],[7.5576,47.5235],[7.5566,47.5238]]]}},{"type":"Feature","properties":{"landuse":"farmland"},"geometry":{"type":"Polygon","coordinates":[[[7.6073,48.5532],[7.6074,48.5518],[7.6091,48.5519],[7.6073,48.5532]]]}},{"type":"Feature","properties":{"landuse":"farmland"},"geometry":{"type":"Polygon","coordinates":[[[7.7776,48.4297],[7.7781,48.4305],[7.7758,48.4322],[7.7776,48.4297]]]}},{"type":"Feature","properties":{"landuse":"farmland"},"geometry":{"type":"Polygon","coordinates":[[[7.7777,48.4343],[7.7815,48.4359],[7.7803,48.4365],[7.7777,48.4343]]]}},{"type":"Feature","properties":{"landuse":"farmland"},"geometry":{"type":"Polygon","coordinates":[[[7.7783,48.427],[7.7792,48.4284],[7.7783,48.4303],[7.7783,48.427]]]}},{"type":"Feature","properties":{"landuse":"farmland"},"geometry":{"type":"Polygon","coordinates":[[[7.7758,48.4324],[7.7754,48.4342],[7.7732,48.4331],[7.7758,48.4324]]]}},{"type":"Feature","properties":{"landuse":"orchard"},"geometry":{"type":"Polygon","coordinates":[[[7.3872,47.828],[7.3812,47.828],[7.3871,47.8276],[7.3872,47.828]]]}},{"type":"Feature","properties":{"landuse":"orchard"},"geometry":{"type":"Polygon","coordinates":[[[7.3714,47.8209],[7.3683,47.821],[7.3682,47.8205],[7.3714,47.8209]]]}},{"type":"Feature","properties":{"landuse":"farmland"},"geometry":{"type":"Polygon","coordinates":[[[7.8095,48.4252],[7.8109,48.4252],[7.8103,48.4264],[7.8095,48.4252]]]}},{"type":"Feature","properties":{"landuse":"farmland"},"geometry":{"type":"Polygon","coordinates":[[[7.8073,48.4254],[7.8096,48.4266],[7.8083,48.427],[7.8073,48.4254]]]}},{"type":"Feature","properties":{"landuse":"farmland"},"geometry":{"type":"Polygon","coordinates":[[[7.8071,48.4253],[7.8031,48.419],[7.8125,48.4185],[7.8119,48.425],[7.8071,48.4253]]]}},{"type":"Feature","properties":{"landuse":"farmland"},"geometry":{"type":"Polygon","coordinates":[[[7.8031,48.431],[7.8051,48.4367],[7.8011,48.4374],[7.7976,48.4326],[7.8031,48.431]]]}},{"type":"Feature","properties":{"landuse":"farmland"},"geometry":{"type":"Polygon","coordinates":[[[7.397,48.7846],[7.3929,48.7833],[7.3978,48.7839],[7.397,48.7846]]]}},{"type":"Feature","properties":{"landuse":"orchard"},"geometry":{"type":"Polygon","coordinates":[[[7.4025,48.7951],[7.4007,48.7944],[7.4023,48.7937],[7.4025,48.7951]]]}},{"type":"Feature","properties":{"landuse":"farmland"},"geometry":{"type":"Polygon","coordinates":[[[7.3881,48.7827],[7.3855,48.7804],[7.3926,48.7803],[7.3881,48.7827]]]}},{"type":"Feature","properties":{"landuse":"farmland"},"geometry":{"type":"Polygon","coordinates":[[[7.3901,48.7844],[7.3913,48.7817],[7.3931,48.7823],[7.3901,48.7844]]]}},{"type":"Feature","properties":{"landuse":"farmland"},"geometry":{"type":"Polygon","coordinates":[[[7.406,48.7817],[7.4039,48.7814],[7.4071,48.7803],[7.406,48.7817]]]}},{"type":"Feature","properties":{"landuse":"orchard"},"geometry":{"type":"Polygon","coordinates":[[[7.4246,48.7834],[7.4267,48.782],[7.4262,48.7836],[7.4246,48.7834]]]}},{"type":"Feature","properties":{"landuse":"green_public_spaces"},"geometry":{"type":"Polygon","coordinates":[[[7.5623,47.5167],[7.5663,47.5189],[7.5626,47.5181],[7.5623,47.5167]]]}},{"type":"Feature","properties":{"landuse":"green_public_spaces"},"geometry":{"type":"Polygon","coordinates":[[[7.5773,47.5221],[7.5784,47.5228],[7.5768,47.5237],[7.5773,47.5221]]]}},{"type":"Feature","properties":{"landuse":"farmland"},"geometry":{"type":"Polygon","coordinates":[[[6.9837,47.6973],[6.9866,47.6982],[6.982,47.6992],[6.9837,47.6973]]]}},{"type":"Feature","properties":{"landuse":"farmland"},"geometry":{"type":"Polygon","coordinates":[[[6.987,47.6996],[6.9868,47.7012],[6.9809,47.7006],[6.987,47.6996]]]}},{"type":"Feature","properties":{"landuse":"farmland"},"geometry":{"type":"Polygon","coordinates":[[[6.9803,47.702],[6.9809,47.7006],[6.9868,47.7012],[6.9803,47.702]]]}},{"type":"Feature","properties":{"landuse":"farmland"},"geometry":{"type":"Polygon","coordinates":[[[6.9856,47.7025],[6.9802,47.7024],[6.9803,47.702],[6.9856,47.7025]]]}},{"type":"Feature","properties":{"landuse":"farmland"},"geometry":{"type":"Polygon","coordinates":[[[6.9856,47.7108],[6.9818,47.7083],[6.9865,47.7085],[6.9856,47.7108]]]}},{"type":"Feature","properties":{"landuse":"farmland"},"geometry":{"type":"Polygon","coordinates":[[[6.9787,47.7061],[6.982,47.706],[6.9819,47.7067],[6.9787,47.7061]]]}},{"type":"Feature","properties":{"landuse":"farmland"},"geometry":{"type":"Polygon","coordinates":[[[6.9779,47.7081],[6.978,47.7075],[6.9817,47.7079],[6.9779,47.7081]]]}},{"type":"Feature","properties":{"landuse":"farmland"},"geometry":{"type":"Polygon","coordinates":[[[6.9793,47.7166],[6.9795,47.7155],[6.9826,47.7163],[6.9793,47.7166]]]}},{"type":"Feature","properties":{"landuse":"farmland"},"geometry":{"type":"Polygon","coordinates":[[[6.9763,47.717],[6.9795,47.7149],[6.9788,47.7173],[6.9763,47.717]]]}},{"type":"Feature","properties":{"landuse":"farmland"},"geometry":{"type":"Polygon","coordinates":[[[6.981,47.7207],[6.9825,47.7179],[6.9847,47.7185],[6.981,47.7207]]]}},{"type":"Feature","properties":{"landuse":"farmland"},"geometry":{"type":"Polygon","coordinates":[[[6.9848,47.7155],[6.9888,47.716],[6.989,47.7166],[6.9848,47.7155]]]}},{"type":"Feature","properties":{"landuse":"farmland"},"geometry":{"type":"Polygon","coordinates":[[[6.9884,47.7173],[6.988,47.7184],[6.9836,47.717],[6.9884,47.7173]]]}},{"type":"Feature","properties":{"landuse":"farmland"},"geometry":{"type":"Polygon","coordinates":[[[6.988,47.7184],[6.9877,47.719],[6.9828,47.7175],[6.988,47.7184]]]}},{"type":"Feature","properties":{"landuse":"farmland"},"geometry":{"type":"Polygon","coordinates":[[[6.9877,47.719],[6.9871,47.7202],[6.9825,47.7179],[6.9877,47.719]]]}},{"type":"Feature","properties":{"landuse":"farmland"},"geometry":{"type":"Polygon","coordinates":[[[6.9871,47.7202],[6.9868,47.7212],[6.9835,47.7203],[6.9871,47.7202]]]}},{"type":"Feature","properties":{"landuse":"farmland"},"geometry":{"type":"Polygon","coordinates":[[[6.9955,47.7224],[6.987,47.7211],[6.9876,47.7194],[6.9955,47.7224]]]}},{"type":"Feature","properties":{"landuse":"farmland"},"geometry":{"type":"Polygon","coordinates":[[[6.9845,47.7242],[6.9815,47.723],[6.9835,47.7203],[6.9868,47.7212],[6.9845,47.7242]]]}},{"type":"Feature","properties":{"landuse":"farmland"},"geometry":{"type":"Polygon","coordinates":[[[6.9818,47.7083],[6.9819,47.7077],[6.9868,47.7079],[6.9818,47.7083]]]}},{"type":"Feature","properties":{"landuse":"farmland"},"geometry":{"type":"Polygon","coordinates":[[[6.9862,47.7273],[6.9877,47.7262],[6.9889,47.7273],[6.9862,47.7273]]]}},{"type":"Feature","properties":{"landuse":"farmland"},"geometry":{"type":"Polygon","coordinates":[[[7.2381,48.779],[7.2372,48.7766],[7.2412,48.7759],[7.2381,48.779]]]}},{"type":"Feature","properties":{"landuse":"farmland"},"geometry":{"type":"Polygon","coordinates":[[[7.239,48.7799],[7.2375,48.7808],[7.2354,48.7798],[7.239,48.7799]]]}},{"type":"Feature","properties":{"landuse":"farmland"},"geometry":{"type":"Polygon","coordinates":[[[7.0011,47.723],[6.9957,47.7212],[7.0025,47.7223],[6.997,47.7209],[7.0011,47.723]]]}},{"type":"Feature","properties":{"landuse":"farmland"},"geometry":{"type":"Polygon","coordinates":[[[7.0012,47.7229],[6.9967,47.7213],[7.0022,47.7224],[7.0012,47.7229]]]}},{"type":"Feature","properties":{"landuse":"farmland"},"geometry":{"type":"Polygon","coordinates":[[[7.0029,47.7221],[6.9976,47.7205],[7.0035,47.7217],[7.0029,47.7221]]]}},{"type":"Feature","properties":{"landuse":"farmland"},"geometry":{"type":"Polygon","coordinates":[[[7.0039,47.7215],[6.9989,47.7202],[7.0048,47.7207],[7.0039,47.7215]]]}},{"type":"Feature","properties":{"landuse":"farmland"},"geometry":{"type":"Polygon","coordinates":[[[7.0001,47.7197],[7.0054,47.7204],[7.0048,47.7207],[7.0001,47.7197]]]}},{"type":"Feature","properties":{"landuse":"farmland"},"geometry":{"type":"Polygon","coordinates":[[[7.0065,47.7205],[7.0057,47.7195],[7.0073,47.7191],[7.0065,47.7205]]]}},{"type":"Feature","properties":{"landuse":"farmland"},"geometry":{"type":"Polygon","coordinates":[[[7.0007,47.7285],[7.0023,47.7271],[7.0033,47.7278],[7.0007,47.7285]]]}},{"type":"Feature","properties":{"landuse":"farmland"},"geometry":{"type":"Polygon","coordinates":[[[6.9899,47.7294],[6.9888,47.7285],[6.9907,47.7287],[6.9899,47.7294]]]}},{"type":"Feature","properties":{"landuse":"farmland"},"geometry":{"type":"Polygon","coordinates":[[[7.7626,48.4154],[7.7609,48.4161],[7.7603,48.4153],[7.7626,48.4154]]]}},{"type":"Feature","properties":{"landuse":"farmland"},"geometry":{"type":"Polygon","coordinates":[[[7.7711,48.4062],[7.7728,48.408],[7.7687,48.4077],[7.7711,48.4062]]]}},{"type":"Feature","properties":{"landuse":"farmland"},"geometry":{"type":"Polygon","coordinates":[[[7.7742,48.4156],[7.7704,48.4204],[7.7679,48.4194],[7.7698,48.4158],[7.7742,48.4156]]]}},{"type":"Feature","properties":{"landuse":"farmland"},"geometry":{"type":"Polygon","coordinates":[[[7.7639,48.4185],[7.7609,48.4173],[7.7636,48.4159],[7.7639,48.4185]]]}},{"type":"Feature","properties":{"landuse":"farmland"},"geometry":{"type":"Polygon","coordinates":[[[7.7574,48.4163],[7.7635,48.4186],[7.7561,48.4174],[7.7574,48.4163]]]}},{"type":"Feature","properties":{"landuse":"farmland"},"geometry":{"type":"Polygon","coordinates":[[[7.78,48.4157],[7.7786,48.4162],[7.777,48.4149],[7.78,48.4157]]]}},{"type":"Feature","properties":{"landuse":"farmland"},"geometry":{"type":"Polygon","coordinates":[[[7.7819,48.4137],[7.7784,48.4143],[7.78,48.4133],[7.7819,48.4137]]]}},{"type":"Feature","properties":{"landuse":"farmland"},"geometry":{"type":"Polygon","coordinates":[[[7.7824,48.4135],[7.7807,48.4117],[7.7819,48.412],[7.7824,48.4135]]]}},{"type":"Feature","properties":{"landuse":"orchard"},"geometry":{"type":"Polygon","coordinates":[[[7.7889,48.4115],[7.7918,48.4118],[7.7901,48.413],[7.7889,48.4115]]]}},{"type":"Feature","properties":{"landuse":"farmland"},"geometry":{"type":"Polygon","coordinates":[[[7.7679,48.4229],[7.7616,48.4228],[7.7677,48.4224],[7.7679,48.4229]]]}},{"type":"Feature","properties":{"landuse":"farmland"},"geometry":{"type":"Polygon","coordinates":[[[7.7739,48.4217],[7.7737,48.4228],[7.7727,48.4223],[7.7739,48.4217]]]}},{"type":"Feature","properties":{"landuse":"farmland"},"geometry":{"type":"Polygon","coordinates":[[[7.7673,48.4202],[7.7709,48.4212],[7.7681,48.4228],[7.7673,48.4202]]]}},{"type":"Feature","properties":{"landuse":"farmland"},"geometry":{"type":"Polygon","coordinates":[[[7.7635,48.4233],[7.7654,48.4234],[7.7607,48.4239],[7.7635,48.4233]]]}},{"type":"Feature","properties":{"landuse":"farmland"},"geometry":{"type":"Polygon","coordinates":[[[7.7826,48.4127],[7.7853,48.4107],[7.7877,48.4113],[7.7826,48.4127]]]}},{"type":"Feature","properties":{"landuse":"farmland"},"geometry":{"type":"Polygon","coordinates":[[[7.7588,48.4215],[7.7646,48.4196],[7.7673,48.4211],[7.7588,48.4215]]]}},{"type":"Feature","properties":{"landuse":"farmland"},"geometry":{"type":"Polygon","coordinates":[[[7.7682,48.4181],[7.7647,48.4159],[7.7685,48.4147],[7.7682,48.4181]]]}},{"type":"Feature","properties":{"landuse":"farmland"},"geometry":{"type":"Polygon","coordinates":[[[7.7639,48.4098],[7.7596,48.4092],[7.7624,48.409],[7.7639,48.4098]]]}},{"type":"Feature","properties":{"landuse":"farmland"},"geometry":{"type":"Polygon","coordinates":[[[7.7629,48.4097],[7.7584,48.4112],[7.7591,48.4091],[7.7629,48.4097]]]}},{"type":"Feature","properties":{"landuse":"green_public_spaces"},"geometry":{"type":"Polygon","coordinates":[[[7.7642,48.4078],[7.7627,48.4071],[7.7647,48.4069],[7.7642,48.4078]]]}},{"type":"Feature","properties":{"landuse":"farmland"},"geometry":{"type":"Polygon","coordinates":[[[7.7626,48.408],[7.7604,48.4082],[7.7605,48.4073],[7.7626,48.408]]]}},{"type":"Feature","properties":{"landuse":"orchard"},"geometry":{"type":"Polygon","coordinates":[[[7.7626,48.4071],[7.7641,48.4052],[7.765,48.407],[7.7626,48.4071]]]}},{"type":"Feature","properties":{"landuse":"farmland"},"geometry":{"type":"Polygon","coordinates":[[[7.7633,48.4125],[7.7596,48.4124],[7.7637,48.4104],[7.7633,48.4125]]]}},{"type":"Feature","properties":{"landuse":"farmland"},"geometry":{"type":"Polygon","coordinates":[[[7.7889,48.4106],[7.7916,48.4097],[7.7919,48.4106],[7.7889,48.4106]]]}},{"type":"Feature","properties":{"landuse":"orchard"},"geometry":{"type":"Polygon","coordinates":[[[7.7816,48.404],[7.7828,48.4049],[7.7806,48.4061],[7.7816,48.404]]]}},{"type":"Feature","properties":{"landuse":"farmland"},"geometry":{"type":"Polygon","coordinates":[[[7.786,48.4086],[7.7881,48.4076],[7.7889,48.409],[7.786,48.4086]]]}},{"type":"Feature","properties":{"landuse":"farmland"},"geometry":{"type":"Polygon","coordinates":[[[7.7826,48.4102],[7.7851,48.4088],[7.7876,48.4102],[7.7826,48.4102]]]}},{"type":"Feature","properties":{"landuse":"farmland"},"geometry":{"type":"Polygon","coordinates":[[[7.7815,48.4041],[7.7825,48.4049],[7.7806,48.4045],[7.7815,48.4041]]]}},{"type":"Feature","properties":{"landuse":"farmland"},"geometry":{"type":"Polygon","coordinates":[[[7.7795,48.4066],[7.7851,48.4027],[7.784,48.4085],[7.7795,48.4066]]]}},{"type":"Feature","properties":{"landuse":"farmland"},"geometry":{"type":"Polygon","coordinates":[[[7.787,48.4065],[7.788,48.4075],[7.7847,48.408],[7.787,48.4065]]]}},{"type":"Feature","properties":{"landuse":"farmland"},"geometry":{"type":"Polygon","coordinates":[[[7.7607,48.4027],[7.7625,48.4054],[7.7598,48.4053],[7.7607,48.4027]]]}},{"type":"Feature","properties":{"landuse":"orchard"},"geometry":{"type":"Polygon","coordinates":[[[7.7712,48.4004],[7.7698,48.3996],[7.7718,48.3999],[7.7712,48.4004]]]}},{"type":"Feature","properties":{"landuse":"farmland"},"geometry":{"type":"Polygon","coordinates":[[[7.7628,48.4054],[7.7612,48.4024],[7.7684,48.3992],[7.7705,48.4026],[7.7676,48.4041],[7.7717,48.4049],[7.7628,48.4054]]]}},{"type":"Feature","properties":{"landuse":"farmland"},"geometry":{"type":"Polygon","coordinates":[[[7.7778,48.3769],[7.7778,48.3787],[7.7756,48.379],[7.7778,48.3769]]]}},{"type":"Feature","properties":{"landuse":"green_public_spaces"},"geometry":{"type":"Polygon","coordinates":[[[7.5494,47.522],[7.5474,47.5203],[7.5495,47.519],[7.5516,47.5204],[7.5494,47.522]]]}},{"type":"Feature","properties":{"landuse":"green_public_spaces"},"geometry":{"type":"Polygon","coordinates":[[[7.5607,47.523],[7.5596,47.5216],[7.5621,47.5225],[7.5607,47.523]]]}},{"type":"Feature","properties":{"landuse":"green_public_spaces"},"geometry":{"type":"Polygon","coordinates":[[[7.5523,47.5189],[7.5509,47.5184],[7.5529,47.5155],[7.5523,47.5189]]]}},{"type":"Feature","properties":{"landuse":"green_public_spaces"},"geometry":{"type":"Polygon","coordinates":[[[7.5528,47.5181],[7.5541,47.5173],[7.5543,47.5181],[7.5528,47.5181]]]}},{"type":"Feature","properties":{"landuse":"green_public_spaces"},"geometry":{"type":"Polygon","coordinates":[[[7.5453,47.5074],[7.5448,47.5065],[7.5477,47.5073],[7.5453,47.5074]]]}},{"type":"Feature","properties":{"landuse":"green_public_spaces"},"geometry":{"type":"Polygon","coordinates":[[[7.5402,47.5118],[7.5439,47.5133],[7.5418,47.5133],[7.5402,47.5118]]]}},{"type":"Feature","properties":{"landuse":"green_public_spaces"},"geometry":{"type":"Polygon","coordinates":[[[7.5416,47.5112],[7.5446,47.513],[7.5421,47.5125],[7.5416,47.5112]]]}},{"type":"Feature","properties":{"landuse":"green_public_spaces"},"geometry":{"type":"Polygon","coordinates":[[[7.5436,47.5122],[7.5457,47.512],[7.5456,47.5126],[7.5436,47.5122]]]}},{"type":"Feature","properties":{"landuse":"green_public_spaces"},"geometry":{"type":"Polygon","coordinates":[[[7.547,47.5135],[7.5466,47.5122],[7.5482,47.5124],[7.547,47.5135]]]}},{"type":"Feature","properties":{"landuse":"green_public_spaces"},"geometry":{"type":"Polygon","coordinates":[[[7.5461,47.5159],[7.5455,47.5151],[7.5465,47.5148],[7.5461,47.5159]]]}},{"type":"Feature","properties":{"landuse":"green_public_spaces"},"geometry":{"type":"Polygon","coordinates":[[[7.5462,47.5161],[7.5471,47.5157],[7.548,47.5165],[7.5462,47.5161]]]}},{"type":"Feature","properties":{"landuse":"green_public_spaces"},"geometry":{"type":"Polygon","coordinates":[[[7.5494,47.5171],[7.5473,47.5157],[7.5483,47.5154],[7.5494,47.5171]]]}},{"type":"Feature","properties":{"landuse":"green_public_spaces"},"geometry":{"type":"Polygon","coordinates":[[[7.5472,47.5155],[7.5476,47.5142],[7.5483,47.5153],[7.5472,47.5155]]]}},{"type":"Feature","properties":{"landuse":"green_public_spaces"},"geometry":{"type":"Polygon","coordinates":[[[7.5501,47.5168],[7.5491,47.516],[7.5509,47.5162],[7.5501,47.5168]]]}},{"type":"Feature","properties":{"landuse":"green_public_spaces"},"geometry":{"type":"Polygon","coordinates":[[[7.5483,47.5133],[7.5483,47.5124],[7.5515,47.5128],[7.5483,47.5133]]]}},{"type":"Feature","properties":{"landuse":"green_public_spaces"},"geometry":{"type":"Polygon","coordinates":[[[7.5571,47.5217],[7.556,47.5206],[7.5581,47.5211],[7.5571,47.5217]]]}},{"type":"Feature","properties":{"landuse":"green_public_spaces"},"geometry":{"type":"Polygon","coordinates":[[[7.5601,47.5095],[7.5613,47.5083],[7.5617,47.5093],[7.5601,47.5095]]]}},{"type":"Feature","properties":{"landuse":"green_public_spaces"},"geometry":{"type":"Polygon","coordinates":[[[7.5607,47.5118],[7.5611,47.5099],[7.5617,47.5117],[7.5607,47.5118]]]}},{"type":"Feature","properties":{"landuse":"green_public_spaces"},"geometry":{"type":"Polygon","coordinates":[[[7.7595,48.6093],[7.7619,48.6102],[7.7609,48.6109],[7.7595,48.6093]]]}},{"type":"Feature","properties":{"landuse":"farmland"},"geometry":{"type":"Polygon","coordinates":[[[7.5654,47.513],[7.5658,47.5116],[7.5669,47.5127],[7.5654,47.513]]]}},{"type":"Feature","properties":{"landuse":"farmland"},"geometry":{"type":"Polygon","coordinates":[[[7.528,47.5048],[7.5278,47.5041],[7.5307,47.5037],[7.528,47.5048]]]}},{"type":"Feature","properties":{"landuse":"farmland"},"geometry":{"type":"Polygon","coordinates":[[[7.5275,47.5102],[7.5286,47.5077],[7.5289,47.5101],[7.5275,47.5102]]]}},{"type":"Feature","properties":{"landuse":"farmland"},"geometry":{"type":"Polygon","coordinates":[[[7.5277,47.5116],[7.5283,47.5104],[7.5304,47.5103],[7.5277,47.5116]]]}},{"type":"Feature","properties":{"landuse":"farmland"},"geometry":{"type":"Polygon","coordinates":[[[7.5247,47.5126],[7.5273,47.5127],[7.5272,47.5136],[7.5247,47.5126]]]}},{"type":"Feature","properties":{"landuse":"vineyard"},"geometry":{"type":"Polygon","coordinates":[[[7.5212,47.5121],[7.5214,47.5111],[7.5226,47.5115],[7.5212,47.5121]]]}},{"type":"Feature","properties":{"landuse":"farmland"},"geometry":{"type":"Polygon","coordinates":[[[7.5218,47.5088],[7.5237,47.5081],[7.5235,47.5092],[7.5218,47.5088]]]}},{"type":"Feature","properties":{"landuse":"farmland"},"geometry":{"type":"Polygon","coordinates":[[[7.5188,47.5057],[7.5243,47.5043],[7.5225,47.5054],[7.5188,47.5057]]]}},{"type":"Feature","properties":{"landuse":"farmland"},"geometry":{"type":"Polygon","coordinates":[[[7.6492,48.4573],[7.6479,48.4543],[7.6562,48.4537],[7.6549,48.4576],[7.6492,48.4573]]]}},{"type":"Feature","properties":{"landuse":"farmland"},"geometry":{"type":"Polygon","coordinates":[[[7.3186,47.5593],[7.3227,47.5602],[7.3128,47.5609],[7.3193,47.5651],[7.3087,47.5606],[7.3189,47.5586],[7.315,47.5572],[7.3174,47.5561],[7.3203,47.5578],[7.3186,47.5593]]]}},{"type":"Feature","properties":{"landuse":"orchard"},"geometry":{"type":"Polygon","coordinates":[[[7.6974,48.6779],[7.6973,48.6766],[7.6983,48.6777],[7.6974,48.6779]]]}},{"type":"Feature","properties":{"landuse":"orchard"},"geometry":{"type":"Polygon","coordinates":[[[7.0149,47.7142],[7.0171,47.7143],[7.017,47.7149],[7.0149,47.7142]]]}},{"type":"Feature","properties":{"landuse":"farmland"},"geometry":{"type":"Polygon","coordinates":[[[7.2954,47.6228],[7.299,47.62],[7.2987,47.6233],[7.2954,47.6228]]]}},{"type":"Feature","properties":{"landuse":"farmland"},"geometry":{"type":"Polygon","coordinates":[[[7.7406,48.3886],[7.7425,48.3881],[7.7433,48.3897],[7.7406,48.3886]]]}},{"type":"Feature","properties":{"landuse":"farmland"},"geometry":{"type":"Polygon","coordinates":[[[7.751,48.3956],[7.7546,48.3986],[7.7511,48.398],[7.751,48.3956]]]}},{"type":"Feature","properties":{"landuse":"farmland"},"geometry":{"type":"Polygon","coordinates":[[[7.7527,48.3969],[7.7553,48.3957],[7.7578,48.4],[7.7527,48.3969]]]}},{"type":"Feature","properties":{"landuse":"farmland"},"geometry":{"type":"Polygon","coordinates":[[[7.7521,48.3896],[7.7517,48.3913],[7.7525,48.3903],[7.7506,48.3902],[7.7521,48.3896]]]}},{"type":"Feature","properties":{"landuse":"farmland"},"geometry":{"type":"Polygon","coordinates":[[[7.7585,48.3907],[7.7584,48.3917],[7.7568,48.3905],[7.7585,48.3907]]]}},{"type":"Feature","properties":{"landuse":"farmland"},"geometry":{"type":"Polygon","coordinates":[[[7.7467,48.3907],[7.7492,48.3933],[7.746,48.3959],[7.7429,48.392],[7.7467,48.3907]]]}},{"type":"Feature","properties":{"landuse":"orchard"},"geometry":{"type":"Polygon","coordinates":[[[7.7599,48.3941],[7.7625,48.3924],[7.7631,48.3935],[7.7599,48.3941]]]}},{"type":"Feature","properties":{"landuse":"farmland"},"geometry":{"type":"Polygon","coordinates":[[[7.773,48.374],[7.7795,48.37],[7.7758,48.3754],[7.773,48.374]]]}},{"type":"Feature","properties":{"landuse":"farmland"},"geometry":{"type":"Polygon","coordinates":[[[7.7729,48.3741],[7.775,48.3762],[7.769,48.3792],[7.7729,48.3741]]]}},{"type":"Feature","properties":{"landuse":"farmland"},"geometry":{"type":"Polygon","coordinates":[[[7.7745,48.3866],[7.7749,48.3853],[7.7756,48.3863],[7.7745,48.3866]]]}},{"type":"Feature","properties":{"landuse":"orchard"},"geometry":{"type":"Polygon","coordinates":[[[7.3158,48.0374],[7.3157,48.0369],[7.3195,48.0371],[7.3158,48.0374]]]}},{"type":"Feature","properties":{"landuse":"orchard"},"geometry":{"type":"Polygon","coordinates":[[[7.3189,48.0405],[7.3175,48.038],[7.3196,48.0404],[7.3189,48.0405]]]}},{"type":"Feature","properties":{"landuse":"orchard"},"geometry":{"type":"Polygon","coordinates":[[[7.7569,48.3793],[7.7566,48.3771],[7.7585,48.3786],[7.7569,48.3793]]]}},{"type":"Feature","properties":{"landuse":"farmland"},"geometry":{"type":"Polygon","coordinates":[[[7.7454,48.3789],[7.7476,48.38],[7.7467,48.3827],[7.7454,48.3789]]]}},{"type":"Feature","properties":{"landuse":"farmland"},"geometry":{"type":"Polygon","coordinates":[[[7.7486,48.3714],[7.7502,48.3732],[7.7469,48.3763],[7.7486,48.3714]]]}},{"type":"Feature","properties":{"landuse":"farmland"},"geometry":{"type":"Polygon","coordinates":[[[7.7455,48.3772],[7.7442,48.3797],[7.7422,48.3798],[7.7455,48.3772]]]}},{"type":"Feature","properties":{"landuse":"farmland"},"geometry":{"type":"Polygon","coordinates":[[[7.7456,48.3762],[7.7422,48.3798],[7.7409,48.3788],[7.7456,48.3762]]]}},{"type":"Feature","properties":{"landuse":"farmland"},"geometry":{"type":"Polygon","coordinates":[[[7.7454,48.378],[7.745,48.3819],[7.7431,48.3805],[7.7454,48.378]]]}},{"type":"Feature","properties":{"landuse":"farmland"},"geometry":{"type":"Polygon","coordinates":[[[7.7461,48.3738],[7.7455,48.3761],[7.7442,48.3758],[7.7461,48.3738]]]}},{"type":"Feature","properties":{"landuse":"farmland"},"geometry":{"type":"Polygon","coordinates":[[[7.76,48.3816],[7.7625,48.3822],[7.7615,48.3829],[7.76,48.3816]]]}},{"type":"Feature","properties":{"landuse":"farmland"},"geometry":{"type":"Polygon","coordinates":[[[7.775,48.3721],[7.7716,48.3728],[7.774,48.3706],[7.7719,48.3708],[7.775,48.3721]]]}},{"type":"Feature","properties":{"landuse":"orchard"},"geometry":{"type":"Polygon","coordinates":[[[7.53,48.2611],[7.5324,48.2635],[7.5293,48.263],[7.53,48.2611]]]}},{"type":"Feature","properties":{"landuse":"farmland"},"geometry":{"type":"Polygon","coordinates":[[[8.119,48.9664],[8.1217,48.9652],[8.1203,48.9668],[8.119,48.9664]]]}},{"type":"Feature","properties":{"landuse":"farmland"},"geometry":{"type":"Polygon","coordinates":[[[8.1164,48.9803],[8.1193,48.9793],[8.1184,48.9818],[8.1164,48.9803]]]}},{"type":"Feature","properties":{"landuse":"farmland"},"geometry":{"type":"Polygon","coordinates":[[[7.7081,48.6252],[7.7064,48.6244],[7.7092,48.6243],[7.7081,48.6252]]]}},{"type":"Feature","properties":{"landuse":"orchard"},"geometry":{"type":"Polygon","coordinates":[[[8.0772,48.9748],[8.0765,48.9758],[8.0742,48.9757],[8.0772,48.9748]]]}},{"type":"Feature","properties":{"landuse":"farmland"},"geometry":{"type":"Polygon","coordinates":[[[8.0943,48.9765],[8.085,48.9764],[8.0865,48.9787],[8.0808,48.9818],[8.0827,48.9855],[8.0791,48.9808],[8.0813,48.9805],[8.0797,48.9747],[8.0858,48.9725],[8.0941,48.9721],[8.0943,48.9765]]]}},{"type":"Feature","properties":{"landuse":"orchard"},"geometry":{"type":"Polygon","coordinates":[[[8.1047,48.9652],[8.1054,48.9647],[8.1072,48.9659],[8.1047,48.9652]]]}},{"type":"Feature","properties":{"landuse":"orchard"},"geometry":{"type":"Polygon","coordinates":[[[8.1169,48.9745],[8.1134,48.9747],[8.1141,48.9738],[8.1169,48.9745]]]}},{"type":"Feature","properties":{"landuse":"orchard"},"geometry":{"type":"Polygon","coordinates":[[[8.1092,48.9724],[8.1052,48.9712],[8.1093,48.9712],[8.1092,48.9724]]]}},{"type":"Feature","properties":{"landuse":"farmland"},"geometry":{"type":"Polygon","coordinates":[[[8.1047,48.9736],[8.1043,48.9744],[8.1025,48.9743],[8.1047,48.9736]]]}},{"type":"Feature","properties":{"landuse":"orchard"},"geometry":{"type":"Polygon","coordinates":[[[8.1077,48.9737],[8.1032,48.9737],[8.103,48.9731],[8.1077,48.9737]]]}},{"type":"Feature","properties":{"landuse":"orchard"},"geometry":{"type":"Polygon","coordinates":[[[8.0793,48.9764],[8.0806,48.9765],[8.0803,48.9782],[8.0793,48.9764]]]}},{"type":"Feature","properties":{"landuse":"farmland"},"geometry":{"type":"Polygon","coordinates":[[[7.7526,48.3363],[7.7541,48.3384],[7.7523,48.3389],[7.7526,48.3363]]]}},{"type":"Feature","properties":{"landuse":"farmland"},"geometry":{"type":"Polygon","coordinates":[[[7.7533,48.3274],[7.7522,48.3276],[7.7527,48.3262],[7.7533,48.3274]]]}},{"type":"Feature","properties":{"landuse":"farmland"},"geometry":{"type":"Polygon","coordinates":[[[7.753,48.3261],[7.7545,48.3258],[7.755,48.327],[7.753,48.3261]]]}},{"type":"Feature","properties":{"landuse":"farmland"},"geometry":{"type":"Polygon","coordinates":[[[7.7355,48.3026],[7.737,48.3026],[7.737,48.3035],[7.7355,48.3026]]]}},{"type":"Feature","properties":{"landuse":"orchard"},"geometry":{"type":"Polygon","coordinates":[[[7.5819,48.7224],[7.5798,48.7235],[7.5777,48.7228],[7.5819,48.7224]]]}},{"type":"Feature","properties":{"landuse":"orchard"},"geometry":{"type":"Polygon","coordinates":[[[7.5902,48.7389],[7.5886,48.7396],[7.588,48.7385],[7.5902,48.7389]]]}},{"type":"Feature","properties":{"landuse":"orchard"},"geometry":{"type":"Polygon","coordinates":[[[8.1162,48.9648],[8.1179,48.9652],[8.1174,48.9659],[8.1162,48.9648]]]}},{"type":"Feature","properties":{"landuse":"orchard"},"geometry":{"type":"Polygon","coordinates":[[[8.0308,48.9095],[8.0329,48.9108],[8.0318,48.9126],[8.0308,48.9095]]]}},{"type":"Feature","properties":{"landuse":"orchard"},"geometry":{"type":"Polygon","coordinates":[[[8.0346,48.904],[8.0348,48.9054],[8.0335,48.9045],[8.0346,48.904]]]}},{"type":"Feature","properties":{"landuse":"orchard"},"geometry":{"type":"Polygon","coordinates":[[[7.9867,48.9647],[7.987,48.9665],[7.9857,48.9656],[7.9867,48.9647]]]}},{"type":"Feature","properties":{"landuse":"orchard"},"geometry":{"type":"Polygon","coordinates":[[[7.9856,48.9635],[7.9875,48.9634],[7.9875,48.9642],[7.9856,48.9635]]]}},{"type":"Feature","properties":{"landuse":"farmland"},"geometry":{"type":"Polygon","coordinates":[[[7.9746,48.9775],[7.9599,48.9704],[7.9595,48.9658],[7.982,48.9683],[7.983,48.972],[7.9737,48.9747],[7.9779,48.9762],[7.9746,48.9775]]]}},{"type":"Feature","properties":{"landuse":"farmland"},"geometry":{"type":"Polygon","coordinates":[[[7.971,48.9051],[7.9765,48.9048],[7.9806,48.9118],[7.9742,48.913],[7.971,48.9051]]]}},{"type":"Feature","properties":{"landuse":"orchard"},"geometry":{"type":"Polygon","coordinates":[[[7.9855,48.9059],[7.9823,48.9037],[7.9845,48.9041],[7.9855,48.9059]]]}},{"type":"Feature","properties":{"landuse":"orchard"},"geometry":{"type":"Polygon","coordinates":[[[7.996,48.9047],[7.995,48.9045],[7.9955,48.9029],[7.996,48.9047]]]}},{"type":"Feature","properties":{"landuse":"orchard"},"geometry":{"type":"Polygon","coordinates":[[[7.9533,48.9066],[7.954,48.905],[7.9559,48.9048],[7.9533,48.9066]]]}},{"type":"Feature","properties":{"landuse":"orchard"},"geometry":{"type":"Polygon","coordinates":[[[7.9547,48.9081],[7.9568,48.9113],[7.9548,48.91],[7.9547,48.9081]]]}},{"type":"Feature","properties":{"landuse":"orchard"},"geometry":{"type":"Polygon","coordinates":[[[7.9507,48.9072],[7.9533,48.9066],[7.9519,48.9092],[7.9507,48.9072]]]}},{"type":"Feature","properties":{"landuse":"orchard"},"geometry":{"type":"Polygon","coordinates":[[[7.9452,48.9051],[7.9442,48.9043],[7.9502,48.9025],[7.9452,48.9051]]]}},{"type":"Feature","properties":{"landuse":"orchard"},"geometry":{"type":"Polygon","coordinates":[[[7.9461,48.9067],[7.9495,48.9046],[7.9497,48.9063],[7.9461,48.9067]]]}},{"type":"Feature","properties":{"landuse":"orchard"},"geometry":{"type":"Polygon","coordinates":[[[7.9425,48.8995],[7.943,48.8971],[7.9444,48.8997],[7.9425,48.8995]]]}},{"type":"Feature","properties":{"landuse":"orchard"},"geometry":{"type":"Polygon","coordinates":[[[7.9467,48.8984],[7.9442,48.8983],[7.9516,48.8991],[7.9489,48.901],[7.9467,48.8984]]]}},{"type":"Feature","properties":{"landuse":"farmland"},"geometry":{"type":"Polygon","coordinates":[[[7.9658,48.9039],[7.9649,48.8988],[7.969,48.902],[7.9658,48.9039]]]}},{"type":"Feature","properties":{"landuse":"orchard"},"geometry":{"type":"Polygon","coordinates":[[[7.9546,48.8998],[7.9557,48.8985],[7.9561,48.9004],[7.9546,48.8998]]]}},{"type":"Feature","properties":{"landuse":"orchard"},"geometry":{"type":"Polygon","coordinates":[[[7.9529,48.8995],[7.9539,48.9017],[7.951,48.9006],[7.9529,48.8995]]]}},{"type":"Feature","properties":{"landuse":"orchard"},"geometry":{"type":"Polygon","coordinates":[[[8.0064,48.9153],[8.0071,48.9143],[8.0081,48.9157],[8.0064,48.9153]]]}},{"type":"Feature","properties":{"landuse":"farmland"},"geometry":{"type":"Polygon","coordinates":[[[7.9928,48.9259],[8.01,48.9225],[8.0006,48.9295],[7.9967,48.9272],[8.0021,48.9315],[7.9947,48.9342],[7.9905,48.9293],[7.9929,48.9268],[7.9972,48.9283],[7.9928,48.9259]]]}},{"type":"Feature","properties":{"landuse":"orchard"},"geometry":{"type":"Polygon","coordinates":[[[7.9929,48.9268],[7.9931,48.9262],[7.9972,48.9283],[7.9929,48.9268]]]}},{"type":"Feature","properties":{"landuse":"orchard"},"geometry":{"type":"Polygon","coordinates":[[[8.0092,48.9179],[8.0095,48.9166],[8.0118,48.919],[8.0092,48.9179]]]}},{"type":"Feature","properties":{"landuse":"orchard"},"geometry":{"type":"Polygon","coordinates":[[[8.0046,48.9208],[8.0058,48.9199],[8.0053,48.9214],[8.0046,48.9208]]]}},{"type":"Feature","properties":{"landuse":"orchard"},"geometry":{"type":"Polygon","coordinates":[[[7.9828,48.9164],[7.9762,48.9175],[7.9742,48.9154],[7.9828,48.9164]]]}},{"type":"Feature","properties":{"landuse":"orchard"},"geometry":{"type":"Polygon","coordinates":[[[7.6764,48.6984],[7.6752,48.6982],[7.6767,48.6975],[7.6764,48.6984]]]}},{"type":"Feature","properties":{"landuse":"orchard"},"geometry":{"type":"Polygon","coordinates":[[[7.6706,48.6975],[7.6748,48.6974],[7.6706,48.6985],[7.6706,48.6975]]]}},{"type":"Feature","properties":{"landuse":"orchard"},"geometry":{"type":"Polygon","coordinates":[[[7.9797,48.9331],[7.9814,48.9325],[7.9806,48.9319],[7.9824,48.9325],[7.9797,48.9331]]]}},{"type":"Feature","properties":{"landuse":"orchard"},"geometry":{"type":"Polygon","coordinates":[[[7.9833,48.9711],[7.9857,48.9705],[7.9849,48.9724],[7.9833,48.9711]]]}},{"type":"Feature","properties":{"landuse":"farmland"},"geometry":{"type":"Polygon","coordinates":[[[7.9749,48.9151],[7.9799,48.9141],[7.9759,48.9167],[7.9749,48.9151]]]}},{"type":"Feature","properties":{"landuse":"orchard"},"geometry":{"type":"Polygon","coordinates":[[[7.9617,48.9713],[7.9598,48.971],[7.9612,48.97],[7.9617,48.9713]]]}},{"type":"Feature","properties":{"landuse":"orchard"},"geometry":{"type":"Polygon","coordinates":[[[7.9615,48.9719],[7.9652,48.9719],[7.9643,48.9735],[7.9615,48.9719]]]}},{"type":"Feature","properties":{"landuse":"orchard"},"geometry":{"type":"Polygon","coordinates":[[[7.9852,48.9746],[7.9863,48.9757],[7.9847,48.9751],[7.9852,48.9746]]]}},{"type":"Feature","properties":{"landuse":"farmland"},"geometry":{"type":"Polygon","coordinates":[[[7.9636,48.9877],[7.9596,48.986],[7.9615,48.9815],[7.9648,48.9831],[7.9636,48.9877]]]}},{"type":"Feature","properties":{"landuse":"farmland"},"geometry":{"type":"Polygon","coordinates":[[[7.9712,48.9791],[7.9803,48.9763],[7.9916,48.9781],[7.9858,48.9872],[7.9834,48.9858],[7.9871,48.9812],[7.9848,48.9788],[7.9716,48.9908],[7.9635,48.9879],[7.9691,48.9868],[7.9654,48.9846],[7.9685,48.9813],[7.9615,48.9804],[7.9622,48.9758],[7.9667,48.9751],[7.9712,48.9791]]]}},{"type":"Feature","properties":{"landuse":"orchard"},"geometry":{"type":"Polygon","coordinates":[[[7.962,48.9589],[7.9644,48.9584],[7.9643,48.9595],[7.962,48.9589]]]}},{"type":"Feature","properties":{"landuse":"farmland"},"geometry":{"type":"Polygon","coordinates":[[[7.9667,48.9609],[7.9632,48.9596],[7.9682,48.9586],[7.9667,48.9609]]]}},{"type":"Feature","properties":{"landuse":"orchard"},"geometry":{"type":"Polygon","coordinates":[[[7.9653,48.9626],[7.9628,48.9605],[7.9704,48.9621],[7.9653,48.9626]]]}},{"type":"Feature","properties":{"landuse":"farmland"},"geometry":{"type":"Polygon","coordinates":[[[7.9575,48.9646],[7.9594,48.9541],[7.9612,48.9563],[7.9579,48.9667],[7.9575,48.9646]]]}},{"type":"Feature","properties":{"landuse":"farmland"},"geometry":{"type":"Polygon","coordinates":[[[7.9603,48.9694],[7.9576,48.9683],[7.9604,48.967],[7.9603,48.9694]]]}},{"type":"Feature","properties":{"landuse":"farmland"},"geometry":{"type":"Polygon","coordinates":[[[7.8634,48.9211],[7.87,48.9269],[7.8587,48.9249],[7.8634,48.9211]]]}},{"type":"Feature","properties":{"landuse":"farmland"},"geometry":{"type":"Polygon","coordinates":[[[7.8893,48.9014],[7.8907,48.9],[7.8905,48.9014],[7.8893,48.9014]]]}},{"type":"Feature","properties":{"landuse":"farmland"},"geometry":{"type":"Polygon","coordinates":[[[7.8881,48.9007],[7.892,48.9003],[7.887,48.9031],[7.8881,48.9007]]]}},{"type":"Feature","properties":{"landuse":"farmland"},"geometry":{"type":"Polygon","coordinates":[[[7.8865,48.9012],[7.8855,48.8993],[7.8863,48.8993],[7.8865,48.9012]]]}},{"type":"Feature","properties":{"landuse":"farmland"},"geometry":{"type":"Polygon","coordinates":[[[7.8824,48.9017],[7.8847,48.8993],[7.8852,48.9014],[7.8824,48.9017]]]}},{"type":"Feature","properties":{"landuse":"farmland"},"geometry":{"type":"Polygon","coordinates":[[[7.9155,48.8904],[7.907,48.8958],[7.9009,48.8931],[7.9187,48.885],[7.9153,48.8878],[7.9182,48.8885],[7.9133,48.8891],[7.9155,48.8904]]]}},{"type":"Feature","properties":{"landuse":"farmland"},"geometry":{"type":"Polygon","coordinates":[[[7.8808,48.9165],[7.8832,48.9145],[7.8841,48.9183],[7.8808,48.9165]]]}},{"type":"Feature","properties":{"landuse":"farmland"},"geometry":{"type":"Polygon","coordinates":[[[7.8746,48.9119],[7.8809,48.9096],[7.8816,48.9116],[7.8782,48.9154],[7.8746,48.9119]]]}},{"type":"Feature","properties":{"landuse":"farmland"},"geometry":{"type":"Polygon","coordinates":[[[7.8941,48.9161],[7.9059,48.9225],[7.9,48.9241],[7.9021,48.9256],[7.8997,48.927],[7.8841,48.9183],[7.8941,48.9161]]]}},{"type":"Feature","properties":{"landuse":"farmland"},"geometry":{"type":"Polygon","coordinates":[[[7.86,48.9118],[7.8734,48.9118],[7.8971,48.9261],[7.8886,48.9302],[7.8835,48.9288],[7.8828,48.9314],[7.8717,48.9276],[7.8581,48.9175],[7.8629,48.9162],[7.86,48.9118]]]}},{"type":"Feature","properties":{"landuse":"farmland"},"geometry":{"type":"Polygon","coordinates":[[[7.9109,48.9216],[7.9363,48.9097],[7.9406,48.9178],[7.9437,48.9172],[7.9479,48.923],[7.945,48.9221],[7.9427,48.9255],[7.9337,48.923],[7.9392,48.926],[7.9369,48.9303],[7.9328,48.928],[7.9279,48.9298],[7.9189,48.9254],[7.9154,48.92],[7.9165,48.9245],[7.9109,48.9216]]]}},{"type":"Feature","properties":{"landuse":"farmland"},"geometry":{"type":"Polygon","coordinates":[[[7.923,48.9117],[7.9165,48.9013],[7.9329,48.8971],[7.9339,48.9018],[7.9378,48.9024],[7.9327,48.9046],[7.9341,48.9102],[7.9252,48.9137],[7.923,48.9117]]]}},{"type":"Feature","properties":{"landuse":"farmland"},"geometry":{"type":"Polygon","coordinates":[[[7.8964,48.9014],[7.8985,48.9009],[7.8957,48.9023],[7.8972,48.9047],[7.9029,48.9048],[7.9047,48.9005],[7.9082,48.9055],[7.9155,48.901],[7.9178,48.9023],[7.9159,48.9036],[7.9195,48.9036],[7.9227,48.9126],[7.9166,48.9126],[7.9199,48.9161],[7.9085,48.9225],[7.895,48.9156],[7.891,48.918],[7.8849,48.9152],[7.8868,48.9144],[7.8818,48.9092],[7.887,48.9031],[7.8964,48.9014]]]}},{"type":"Feature","properties":{"landuse":"farmland"},"geometry":{"type":"Polygon","coordinates":[[[7.8618,48.9054],[7.8865,48.9012],[7.887,48.9054],[7.8746,48.9119],[7.8648,48.9112],[7.8618,48.9054]]]}},{"type":"Feature","properties":{"landuse":"farmland"},"geometry":{"type":"Polygon","coordinates":[[[7.8736,48.8936],[7.8977,48.8919],[7.8975,48.8944],[7.8901,48.8962],[7.8985,48.8965],[7.8772,48.8999],[7.8733,48.8952],[7.8703,48.8979],[7.8713,48.902],[7.8626,48.9037],[7.8621,48.9003],[7.8673,48.8999],[7.8668,48.8954],[7.8736,48.8936]]]}},{"type":"Feature","properties":{"landuse":"orchard"},"geometry":{"type":"Polygon","coordinates":[[[7.9185,48.9009],[7.9175,48.9008],[7.9208,48.9008],[7.9185,48.9009]]]}},{"type":"Feature","properties":{"landuse":"orchard"},"geometry":{"type":"Polygon","coordinates":[[[7.8893,48.9014],[7.8886,48.8991],[7.891,48.8997],[7.8893,48.9014]]]}},{"type":"Feature","properties":{"landuse":"orchard"},"geometry":{"type":"Polygon","coordinates":[[[7.9025,48.9001],[7.903,48.8993],[7.9078,48.8996],[7.9025,48.9001]]]}},{"type":"Feature","properties":{"landuse":"orchard"},"geometry":{"type":"Polygon","coordinates":[[[7.9113,48.8993],[7.9142,48.9008],[7.912,48.9005],[7.9113,48.8993]]]}},{"type":"Feature","properties":{"landuse":"orchard"},"geometry":{"type":"Polygon","coordinates":[[[7.9234,48.8992],[7.9229,48.9005],[7.9201,48.9001],[7.9234,48.8992]]]}},{"type":"Feature","properties":{"landuse":"orchard"},"geometry":{"type":"Polygon","coordinates":[[[7.9262,48.8897],[7.9253,48.8912],[7.9246,48.8904],[7.9262,48.8897]]]}},{"type":"Feature","properties":{"landuse":"orchard"},"geometry":{"type":"Polygon","coordinates":[[[7.9061,48.8902],[7.9052,48.8891],[7.9061,48.8889],[7.9061,48.8902]]]}},{"type":"Feature","properties":{"landuse":"orchard"},"geometry":{"type":"Polygon","coordinates":[[[7.9195,48.913],[7.9212,48.9138],[7.9162,48.9131],[7.9195,48.913]]]}},{"type":"Feature","properties":{"landuse":"farmland"},"geometry":{"type":"Polygon","coordinates":[[[7.896,48.9],[7.8952,48.8993],[7.8978,48.8992],[7.896,48.9]]]}},{"type":"Feature","properties":{"landuse":"orchard"},"geometry":{"type":"Polygon","coordinates":[[[7.8977,48.8965],[7.9006,48.8965],[7.8986,48.8973],[7.8977,48.8965]]]}},{"type":"Feature","properties":{"landuse":"orchard"},"geometry":{"type":"Polygon","coordinates":[[[7.8832,48.9161],[7.8847,48.9161],[7.8842,48.9177],[7.8832,48.9161]]]}},{"type":"Feature","properties":{"landuse":"farmland"},"geometry":{"type":"Polygon","coordinates":[[[7.956,48.9553],[7.9571,48.9476],[7.9606,48.9505],[7.956,48.9553]]]}},{"type":"Feature","properties":{"landuse":"farmland"},"geometry":{"type":"Polygon","coordinates":[[[7.9594,48.954],[7.96,48.9488],[7.9565,48.9476],[7.9595,48.9468],[7.9622,48.9527],[7.9594,48.954]]]}},{"type":"Feature","properties":{"landuse":"farmland"},"geometry":{"type":"Polygon","coordinates":[[[7.9545,48.9474],[7.953,48.9449],[7.9556,48.9471],[7.9545,48.9474]]]}},{"type":"Feature","properties":{"landuse":"farmland"},"geometry":{"type":"Polygon","coordinates":[[[7.9501,48.9404],[7.9464,48.9358],[7.948,48.9329],[7.9538,48.9379],[7.9501,48.9404]]]}},{"type":"Feature","properties":{"landuse":"farmland"},"geometry":{"type":"Polygon","coordinates":[[[7.9544,48.9615],[7.9575,48.9577],[7.9578,48.961],[7.9544,48.9615]]]}},{"type":"Feature","properties":{"landuse":"farmland"},"geometry":{"type":"Polygon","coordinates":[[[7.9469,48.9314],[7.9461,48.9295],[7.9498,48.93],[7.9469,48.9314]]]}},{"type":"Feature","properties":{"landuse":"orchard"},"geometry":{"type":"Polygon","coordinates":[[[7.9218,48.9269],[7.9224,48.9259],[7.9243,48.9277],[7.9218,48.9269]]]}},{"type":"Feature","properties":{"landuse":"farmland"},"geometry":{"type":"Polygon","coordinates":[[[6.9818,47.7075],[6.9785,47.707],[6.9814,47.7066],[6.9818,47.7075]]]}},{"type":"Feature","properties":{"landuse":"farmland"},"geometry":{"type":"Polygon","coordinates":[[[6.9786,47.7066],[6.9788,47.7061],[6.9814,47.7066],[6.9786,47.7066]]]}},{"type":"Feature","properties":{"landuse":"farmland"},"geometry":{"type":"Polygon","coordinates":[[[7.8929,48.9379],[7.9012,48.9356],[7.8959,48.9394],[7.8929,48.9379]]]}},{"type":"Feature","properties":{"landuse":"orchard"},"geometry":{"type":"Polygon","coordinates":[[[7.8742,48.9494],[7.872,48.9483],[7.8743,48.9472],[7.8742,48.9494]]]}},{"type":"Feature","properties":{"landuse":"orchard"},"geometry":{"type":"Polygon","coordinates":[[[7.956,48.9532],[7.9554,48.9496],[7.9563,48.9513],[7.956,48.9532]]]}},{"type":"Feature","properties":{"landuse":"orchard"},"geometry":{"type":"Polygon","coordinates":[[[7.9508,48.9951],[7.9485,48.9939],[7.9508,48.9941],[7.9495,48.9943],[7.9508,48.9951]]]}},{"type":"Feature","properties":{"landuse":"orchard"},"geometry":{"type":"Polygon","coordinates":[[[7.9513,48.9898],[7.9547,48.9902],[7.9531,48.9917],[7.9513,48.9898]]]}},{"type":"Feature","properties":{"landuse":"orchard"},"geometry":{"type":"Polygon","coordinates":[[[7.9564,48.9871],[7.9591,48.9883],[7.9565,48.9892],[7.9564,48.9871]]]}},{"type":"Feature","properties":{"landuse":"orchard"},"geometry":{"type":"Polygon","coordinates":[[[7.96,48.9832],[7.9582,48.9855],[7.958,48.9826],[7.96,48.9832]]]}},{"type":"Feature","properties":{"landuse":"orchard"},"geometry":{"type":"Polygon","coordinates":[[[7.9369,48.9677],[7.9356,48.9669],[7.9379,48.9672],[7.9369,48.9677]]]}},{"type":"Feature","properties":{"landuse":"farmland"},"geometry":{"type":"Polygon","coordinates":[[[7.9265,48.9791],[7.9236,48.9746],[7.9307,48.9776],[7.9265,48.9791]]]}},{"type":"Feature","properties":{"landuse":"farmland"},"geometry":{"type":"Polygon","coordinates":[[[7.9322,48.9784],[7.9313,48.9802],[7.9279,48.9811],[7.9322,48.9784]]]}},{"type":"Feature","properties":{"landuse":"orchard"},"geometry":{"type":"Polygon","coordinates":[[[7.9336,48.9729],[7.9344,48.9723],[7.9358,48.9732],[7.9336,48.9729]]]}},{"type":"Feature","properties":{"landuse":"green_public_spaces"},"geometry":{"type":"Polygon","coordinates":[[[7.8759,48.9357],[7.8787,48.9355],[7.8761,48.937],[7.8759,48.9357]]]}},{"type":"Feature","properties":{"landuse":"orchard"},"geometry":{"type":"Polygon","coordinates":[[[7.837,48.9147],[7.85,48.9168],[7.841,48.9172],[7.837,48.9147]]]}},{"type":"Feature","properties":{"landuse":"orchard"},"geometry":{"type":"Polygon","coordinates":[[[7.8297,48.9175],[7.8308,48.9172],[7.8294,48.9191],[7.8297,48.9175]]]}},{"type":"Feature","properties":{"landuse":"farmland"},"geometry":{"type":"Polygon","coordinates":[[[7.8322,48.9209],[7.8346,48.9172],[7.8378,48.9211],[7.8322,48.9209]]]}},{"type":"Feature","properties":{"landuse":"farmland"},"geometry":{"type":"Polygon","coordinates":[[[7.8308,48.9159],[7.8253,48.9139],[7.8314,48.9123],[7.8289,48.914],[7.8308,48.9159]]]}},{"type":"Feature","properties":{"landuse":"farmland"},"geometry":{"type":"Polygon","coordinates":[[[7.8177,48.916],[7.8264,48.9148],[7.8173,48.9181],[7.8177,48.916]]]}},{"type":"Feature","properties":{"landuse":"farmland"},"geometry":{"type":"Polygon","coordinates":[[[7.8118,48.9153],[7.8158,48.9158],[7.8133,48.9179],[7.8118,48.9153]]]}},{"type":"Feature","properties":{"landuse":"farmland"},"geometry":{"type":"Polygon","coordinates":[[[7.8239,48.9188],[7.8296,48.9218],[7.8131,48.9192],[7.8239,48.9188]]]}},{"type":"Feature","properties":{"landuse":"orchard"},"geometry":{"type":"Polygon","coordinates":[[[7.8149,48.9187],[7.8164,48.9168],[7.8173,48.9181],[7.8149,48.9187]]]}},{"type":"Feature","properties":{"landuse":"orchard"},"geometry":{"type":"Polygon","coordinates":[[[7.8239,48.9188],[7.8272,48.9186],[7.8284,48.92],[7.8239,48.9188]]]}},{"type":"Feature","properties":{"landuse":"farmland"},"geometry":{"type":"Polygon","coordinates":[[[7.8583,48.9137],[7.86,48.9118],[7.861,48.9157],[7.8583,48.9137]]]}},{"type":"Feature","properties":{"landuse":"farmland"},"geometry":{"type":"Polygon","coordinates":[[[7.8468,48.9397],[7.8456,48.9372],[7.8498,48.9395],[7.8468,48.9397]]]}},{"type":"Feature","properties":{"landuse":"orchard"},"geometry":{"type":"Polygon","coordinates":[[[7.8652,48.9594],[7.8623,48.9568],[7.8662,48.9553],[7.8652,48.9594]]]}},{"type":"Feature","properties":{"landuse":"farmland"},"geometry":{"type":"Polygon","coordinates":[[[7.8373,48.9138],[7.845,48.9135],[7.843,48.9159],[7.8373,48.9138]]]}},{"type":"Feature","properties":{"landuse":"farmland"},"geometry":{"type":"Polygon","coordinates":[[[7.8329,48.9165],[7.837,48.9139],[7.8369,48.9163],[7.8329,48.9165]]]}},{"type":"Feature","properties":{"landuse":"farmland"},"geometry":{"type":"Polygon","coordinates":[[[7.8329,48.9158],[7.8362,48.912],[7.837,48.9139],[7.8329,48.9158]]]}},{"type":"Feature","properties":{"landuse":"farmland"},"geometry":{"type":"Polygon","coordinates":[[[7.854,48.9243],[7.858,48.9214],[7.8525,48.925],[7.838,48.9176],[7.8621,48.9199],[7.854,48.9243]]]}},{"type":"Feature","properties":{"landuse":"orchard"},"geometry":{"type":"Polygon","coordinates":[[[7.8775,48.9383],[7.8803,48.9369],[7.8793,48.9383],[7.8775,48.9383]]]}},{"type":"Feature","properties":{"landuse":"orchard"},"geometry":{"type":"Polygon","coordinates":[[[7.888,48.942],[7.8859,48.9417],[7.8875,48.9412],[7.888,48.942]]]}},{"type":"Feature","properties":{"landuse":"orchard"},"geometry":{"type":"Polygon","coordinates":[[[7.8905,48.9421],[7.8864,48.9405],[7.8915,48.9388],[7.8905,48.9421]]]}},{"type":"Feature","properties":{"landuse":"farmland"},"geometry":{"type":"Polygon","coordinates":[[[7.8905,48.9421],[7.8874,48.9422],[7.8875,48.9412],[7.8905,48.9421]]]}},{"type":"Feature","properties":{"landuse":"farmland"},"geometry":{"type":"Polygon","coordinates":[[[7.897,48.9323],[7.892,48.9324],[7.895,48.9305],[7.897,48.9323]]]}},{"type":"Feature","properties":{"landuse":"orchard"},"geometry":{"type":"Polygon","coordinates":[[[7.8535,48.9138],[7.8545,48.9135],[7.8552,48.9145],[7.8535,48.9138]]]}},{"type":"Feature","properties":{"landuse":"orchard"},"geometry":{"type":"Polygon","coordinates":[[[7.8522,48.9173],[7.8512,48.9155],[7.8532,48.918],[7.8522,48.9173]]]}},{"type":"Feature","properties":{"landuse":"farmland"},"geometry":{"type":"Polygon","coordinates":[[[7.8439,48.9344],[7.8468,48.9339],[7.8409,48.9366],[7.8439,48.9344]]]}},{"type":"Feature","properties":{"landuse":"farmland"},"geometry":{"type":"Polygon","coordinates":[[[7.8478,48.9361],[7.8475,48.9351],[7.8489,48.9359],[7.8478,48.9361]]]}},{"type":"Feature","properties":{"landuse":"farmland"},"geometry":{"type":"Polygon","coordinates":[[[7.8463,48.9371],[7.847,48.9352],[7.8473,48.937],[7.8463,48.9371]]]}},{"type":"Feature","properties":{"landuse":"orchard"},"geometry":{"type":"Polygon","coordinates":[[[7.856,48.9371],[7.8551,48.9359],[7.8587,48.9348],[7.856,48.9371]]]}},{"type":"Feature","properties":{"landuse":"farmland"},"geometry":{"type":"Polygon","coordinates":[[[7.8579,48.9439],[7.8562,48.944],[7.8557,48.9416],[7.8579,48.9439]]]}},{"type":"Feature","properties":{"landuse":"farmland"},"geometry":{"type":"Polygon","coordinates":[[[7.8568,48.9322],[7.8607,48.9311],[7.8622,48.9332],[7.8568,48.9322]]]}},{"type":"Feature","properties":{"landuse":"orchard"},"geometry":{"type":"Polygon","coordinates":[[[7.8769,48.9491],[7.8771,48.9482],[7.8794,48.9486],[7.8769,48.9491]]]}},{"type":"Feature","properties":{"landuse":"orchard"},"geometry":{"type":"Polygon","coordinates":[[[7.8794,48.9444],[7.8792,48.946],[7.8767,48.9458],[7.8794,48.9444]]]}},{"type":"Feature","properties":{"landuse":"orchard"},"geometry":{"type":"Polygon","coordinates":[[[7.8802,48.9483],[7.8825,48.9482],[7.8797,48.9494],[7.8802,48.9483]]]}},{"type":"Feature","properties":{"landuse":"orchard"},"geometry":{"type":"Polygon","coordinates":[[[7.8452,48.7956],[7.8461,48.7925],[7.8538,48.7937],[7.8452,48.7956]]]}},{"type":"Feature","properties":{"landuse":"orchard"},"geometry":{"type":"Polygon","coordinates":[[[7.8455,48.7896],[7.8596,48.7845],[7.8526,48.7892],[7.8455,48.7896]]]}},{"type":"Feature","properties":{"landuse":"orchard"},"geometry":{"type":"Polygon","coordinates":[[[7.9375,48.9725],[7.9351,48.9701],[7.9383,48.9713],[7.9375,48.9725]]]}},{"type":"Feature","properties":{"landuse":"farmland"},"geometry":{"type":"Polygon","coordinates":[[[7.9376,48.9599],[7.9398,48.9586],[7.9387,48.9607],[7.9376,48.9599]]]}},{"type":"Feature","properties":{"landuse":"orchard"},"geometry":{"type":"Polygon","coordinates":[[[7.9251,48.9536],[7.923,48.9519],[7.9271,48.9523],[7.9251,48.9536]]]}},{"type":"Feature","properties":{"landuse":"farmland"},"geometry":{"type":"Polygon","coordinates":[[[7.9184,48.9657],[7.9117,48.9636],[7.9222,48.9669],[7.9169,48.9682],[7.9184,48.9657]]]}},{"type":"Feature","properties":{"landuse":"farmland"},"geometry":{"type":"Polygon","coordinates":[[[7.863,48.9585],[7.8627,48.955],[7.8655,48.9553],[7.863,48.9585]]]}},{"type":"Feature","properties":{"landuse":"farmland"},"geometry":{"type":"Polygon","coordinates":[[[7.8641,48.958],[7.8661,48.9566],[7.8682,48.9586],[7.8641,48.958]]]}},{"type":"Feature","properties":{"landuse":"orchard"},"geometry":{"type":"Polygon","coordinates":[[[7.9253,48.9634],[7.9338,48.9572],[7.9301,48.9607],[7.9253,48.9634]]]}},{"type":"Feature","properties":{"landuse":"orchard"},"geometry":{"type":"Polygon","coordinates":[[[7.94,48.9731],[7.9424,48.9735],[7.9415,48.9741],[7.94,48.9731]]]}},{"type":"Feature","properties":{"landuse":"orchard"},"geometry":{"type":"Polygon","coordinates":[[[7.8627,48.9503],[7.8662,48.948],[7.8662,48.9499],[7.8627,48.9503]]]}},{"type":"Feature","properties":{"landuse":"farmland"},"geometry":{"type":"Polygon","coordinates":[[[7.8627,48.9503],[7.8612,48.9512],[7.863,48.9494],[7.8627,48.9503]]]}},{"type":"Feature","properties":{"landuse":"orchard"},"geometry":{"type":"Polygon","coordinates":[[[7.8866,48.9357],[7.8852,48.9363],[7.8859,48.9349],[7.8866,48.9357]]]}},{"type":"Feature","properties":{"landuse":"orchard"},"geometry":{"type":"Polygon","coordinates":[[[7.886,48.9307],[7.8838,48.9305],[7.8842,48.9295],[7.886,48.9307]]]}},{"type":"Feature","properties":{"landuse":"orchard"},"geometry":{"type":"Polygon","coordinates":[[[7.9444,48.9528],[7.9412,48.9519],[7.9455,48.9522],[7.9444,48.9528]]]}},{"type":"Feature","properties":{"landuse":"farmland"},"geometry":{"type":"Polygon","coordinates":[[[7.9401,48.9571],[7.9392,48.9571],[7.9383,48.9553],[7.9401,48.9571]]]}},{"type":"Feature","properties":{"landuse":"orchard"},"geometry":{"type":"Polygon","coordinates":[[[7.8253,48.9464],[7.8235,48.9427],[7.8268,48.9447],[7.8253,48.9464]]]}},{"type":"Feature","properties":{"landuse":"farmland"},"geometry":{"type":"Polygon","coordinates":[[[7.9305,48.9899],[7.9357,48.9899],[7.9338,48.9908],[7.9305,48.9899]]]}},{"type":"Feature","properties":{"landuse":"orchard"},"geometry":{"type":"Polygon","coordinates":[[[7.9373,48.9923],[7.9384,48.9915],[7.9416,48.9931],[7.9373,48.9923]]]}},{"type":"Feature","properties":{"landuse":"green_public_spaces"},"geometry":{"type":"Polygon","coordinates":[[[7.8273,48.6474],[7.8307,48.6453],[7.8314,48.6473],[7.8273,48.6474]]]}},{"type":"Feature","properties":{"landuse":"farmland"},"geometry":{"type":"Polygon","coordinates":[[[8.1062,48.8985],[8.107,48.8979],[8.1089,48.8992],[8.1062,48.8985]]]}},{"type":"Feature","properties":{"landuse":"farmland"},"geometry":{"type":"Polygon","coordinates":[[[7.5005,47.5987],[7.5012,47.5977],[7.5035,47.5986],[7.5005,47.5987]]]}},{"type":"Feature","properties":{"landuse":"farmland"},"geometry":{"type":"Polygon","coordinates":[[[7.7017,48.5762],[7.7004,48.573],[7.7027,48.5733],[7.7017,48.5762]]]}},{"type":"Feature","properties":{"landuse":"farmland"},"geometry":{"type":"Polygon","coordinates":[[[7.7005,48.5721],[7.704,48.5714],[7.6967,48.5757],[7.6942,48.5741],[7.7005,48.5721]]]}},{"type":"Feature","properties":{"landuse":"farmland"},"geometry":{"type":"Polygon","coordinates":[[[7.6913,48.5724],[7.6877,48.5729],[7.6881,48.5695],[7.6945,48.5719],[7.6913,48.5724]]]}},{"type":"Feature","properties":{"landuse":"farmland"},"geometry":{"type":"Polygon","coordinates":[[[8.1207,48.8872],[8.1218,48.8861],[8.1217,48.8876],[8.1207,48.8872]]]}},{"type":"Feature","properties":{"landuse":"farmland"},"geometry":{"type":"Polygon","coordinates":[[[8.1195,48.8847],[8.1177,48.8834],[8.1212,48.8814],[8.1225,48.8867],[8.1195,48.8847]]]}},{"type":"Feature","properties":{"landuse":"farmland"},"geometry":{"type":"Polygon","coordinates":[[[8.1229,48.8861],[8.1214,48.8815],[8.1252,48.8799],[8.1268,48.8825],[8.1229,48.8861]]]}},{"type":"Feature","properties":{"landuse":"orchard"},"geometry":{"type":"Polygon","coordinates":[[[8.0956,48.8922],[8.0927,48.8884],[8.0988,48.8898],[8.0987,48.8932],[8.0956,48.8922]]]}},{"type":"Feature","properties":{"landuse":"orchard"},"geometry":{"type":"Polygon","coordinates":[[[8.0933,48.884],[8.0918,48.8853],[8.0885,48.8842],[8.0933,48.884]]]}},{"type":"Feature","properties":{"landuse":"farmland"},"geometry":{"type":"Polygon","coordinates":[[[7.7088,48.5721],[7.7082,48.5715],[7.7101,48.5712],[7.7088,48.5721]]]}},{"type":"Feature","properties":{"landuse":"farmland"},"geometry":{"type":"Polygon","coordinates":[[[7.5675,47.7588],[7.5663,47.757],[7.568,47.757],[7.5675,47.7588]]]}},{"type":"Feature","properties":{"landuse":"orchard"},"geometry":{"type":"Polygon","coordinates":[[[7.8732,48.9368],[7.8761,48.937],[7.8755,48.9383],[7.8732,48.9368]]]}},{"type":"Feature","properties":{"landuse":"farmland"},"geometry":{"type":"Polygon","coordinates":[[[8.1111,48.8969],[8.1127,48.8963],[8.114,48.8976],[8.1111,48.8969]]]}},{"type":"Feature","properties":{"landuse":"farmland"},"geometry":{"type":"Polygon","coordinates":[[[8.1006,48.8846],[8.1076,48.8795],[8.1037,48.8836],[8.1068,48.8829],[8.1006,48.8846]]]}},{"type":"Feature","properties":{"landuse":"farmland"},"geometry":{"type":"Polygon","coordinates":[[[6.9776,47.7143],[6.9797,47.714],[6.9797,47.7145],[6.9776,47.7143]]]}},{"type":"Feature","properties":{"landuse":"farmland"},"geometry":{"type":"Polygon","coordinates":[[[6.9774,47.7136],[6.9798,47.7128],[6.9797,47.714],[6.9774,47.7136]]]}},{"type":"Feature","properties":{"landuse":"farmland"},"geometry":{"type":"Polygon","coordinates":[[[6.9775,47.7124],[6.9799,47.7113],[6.9798,47.7128],[6.9775,47.7124]]]}},{"type":"Feature","properties":{"landuse":"farmland"},"geometry":{"type":"Polygon","coordinates":[[[6.9798,47.7138],[6.9799,47.713],[6.9815,47.7132],[6.9798,47.7138]]]}},{"type":"Feature","properties":{"landuse":"farmland"},"geometry":{"type":"Polygon","coordinates":[[[7.6784,48.5709],[7.6678,48.576],[7.666,48.5724],[7.6703,48.5693],[7.6784,48.5687],[7.6761,48.5704],[7.6784,48.5709]]]}},{"type":"Feature","properties":{"landuse":"orchard"},"geometry":{"type":"Polygon","coordinates":[[[7.6756,48.5763],[7.6767,48.5771],[7.6729,48.5779],[7.6756,48.5763]]]}},{"type":"Feature","properties":{"landuse":"farmland"},"geometry":{"type":"Polygon","coordinates":[[[7.6585,48.5669],[7.6599,48.564],[7.6645,48.565],[7.6585,48.5669]]]}},{"type":"Feature","properties":{"landuse":"farmland"},"geometry":{"type":"Polygon","coordinates":[[[7.6649,48.5724],[7.6605,48.5681],[7.6641,48.5657],[7.6667,48.57],[7.6649,48.5724]]]}},{"type":"Feature","properties":{"landuse":"farmland"},"geometry":{"type":"Polygon","coordinates":[[[6.9921,47.7023],[6.9894,47.7],[6.9953,47.7022],[6.9921,47.7023]]]}},{"type":"Feature","properties":{"landuse":"farmland"},"geometry":{"type":"Polygon","coordinates":[[[6.995,47.7033],[6.9949,47.7041],[6.9904,47.7027],[6.995,47.7033]]]}},{"type":"Feature","properties":{"landuse":"farmland"},"geometry":{"type":"Polygon","coordinates":[[[6.9908,47.7049],[6.9904,47.7027],[6.9949,47.7041],[6.9908,47.7049]]]}},{"type":"Feature","properties":{"landuse":"farmland"},"geometry":{"type":"Polygon","coordinates":[[[7.0002,47.7052],[6.995,47.704],[6.9951,47.7032],[7.0002,47.7052]]]}},{"type":"Feature","properties":{"landuse":"farmland"},"geometry":{"type":"Polygon","coordinates":[[[7.0003,47.7051],[6.9951,47.7032],[6.9954,47.7022],[7.0003,47.7051]]]}},{"type":"Feature","properties":{"landuse":"farmland"},"geometry":{"type":"Polygon","coordinates":[[[7,47.7056],[6.9944,47.7059],[6.9949,47.7045],[7,47.7056]]]}},{"type":"Feature","properties":{"landuse":"farmland"},"geometry":{"type":"Polygon","coordinates":[[[6.9927,47.7064],[6.9923,47.7058],[6.9989,47.7071],[6.9927,47.7064]]]}},{"type":"Feature","properties":{"landuse":"farmland"},"geometry":{"type":"Polygon","coordinates":[[[6.9923,47.7058],[6.9922,47.7055],[6.999,47.7069],[6.9923,47.7058]]]}},{"type":"Feature","properties":{"landuse":"farmland"},"geometry":{"type":"Polygon","coordinates":[[[6.9982,47.708],[6.9938,47.7078],[6.9928,47.707],[6.9982,47.708]]]}},{"type":"Feature","properties":{"landuse":"farmland"},"geometry":{"type":"Polygon","coordinates":[[[7.6681,48.5707],[7.666,48.5684],[7.6676,48.5619],[7.6681,48.5707]]]}},{"type":"Feature","properties":{"landuse":"orchard"},"geometry":{"type":"Polygon","coordinates":[[[7.6677,48.5728],[7.6657,48.5684],[7.6674,48.562],[7.6677,48.5728]]]}},{"type":"Feature","properties":{"landuse":"farmland"},"geometry":{"type":"Polygon","coordinates":[[[7.569,47.6452],[7.5649,47.6461],[7.5683,47.6445],[7.569,47.6452]]]}},{"type":"Feature","properties":{"landuse":"orchard"},"geometry":{"type":"Polygon","coordinates":[[[7.8385,48.4637],[7.8346,48.4646],[7.8344,48.4635],[7.8385,48.4637]]]}},{"type":"Feature","properties":{"landuse":"orchard"},"geometry":{"type":"Polygon","coordinates":[[[7.3761,47.8022],[7.3761,47.8031],[7.3734,47.8036],[7.3761,47.8022]]]}},{"type":"Feature","properties":{"landuse":"green_public_spaces"},"geometry":{"type":"Polygon","coordinates":[[[7.7991,48.5716],[7.8005,48.5717],[7.8001,48.5732],[7.7991,48.5716]]]}},{"type":"Feature","properties":{"landuse":"farmland"},"geometry":{"type":"Polygon","coordinates":[[[7.006,47.7168],[7.004,47.7165],[7.0067,47.716],[7.006,47.7168]]]}},{"type":"Feature","properties":{"landuse":"farmland"},"geometry":{"type":"Polygon","coordinates":[[[7.0061,47.7156],[7.0048,47.7127],[7.0086,47.7131],[7.0061,47.7156]]]}},{"type":"Feature","properties":{"landuse":"farmland"},"geometry":{"type":"Polygon","coordinates":[[[7.0086,47.7131],[7.0048,47.7127],[7.0085,47.7122],[7.0086,47.7131]]]}},{"type":"Feature","properties":{"landuse":"farmland"},"geometry":{"type":"Polygon","coordinates":[[[7.005,47.712],[7.0046,47.7098],[7.0091,47.7101],[7.005,47.712]]]}},{"type":"Feature","properties":{"landuse":"farmland"},"geometry":{"type":"Polygon","coordinates":[[[7.0046,47.7098],[7.0039,47.7078],[7.0085,47.709],[7.0046,47.7098]]]}},{"type":"Feature","properties":{"landuse":"farmland"},"geometry":{"type":"Polygon","coordinates":[[[7.8231,48.4524],[7.8248,48.4571],[7.8194,48.4578],[7.8178,48.4537],[7.8231,48.4524]]]}},{"type":"Feature","properties":{"landuse":"farmland"},"geometry":{"type":"Polygon","coordinates":[[[7.8156,48.4602],[7.8117,48.4588],[7.8183,48.4584],[7.8156,48.4602]]]}},{"type":"Feature","properties":{"landuse":"farmland"},"geometry":{"type":"Polygon","coordinates":[[[7.8099,48.4695],[7.8068,48.4694],[7.8091,48.4685],[7.8099,48.4695]]]}},{"type":"Feature","properties":{"landuse":"farmland"},"geometry":{"type":"Polygon","coordinates":[[[7.8037,48.4694],[7.8021,48.4685],[7.804,48.4679],[7.8037,48.4694]]]}},{"type":"Feature","properties":{"landuse":"orchard"},"geometry":{"type":"Polygon","coordinates":[[[7.8081,48.4722],[7.811,48.4706],[7.8111,48.4723],[7.8081,48.4722]]]}},{"type":"Feature","properties":{"landuse":"farmland"},"geometry":{"type":"Polygon","coordinates":[[[6.9993,47.7039],[7.0034,47.7037],[7.003,47.7044],[6.9993,47.7039]]]}},{"type":"Feature","properties":{"landuse":"farmland"},"geometry":{"type":"Polygon","coordinates":[[[7.01,47.706],[7.0097,47.7064],[7.005,47.7054],[7.01,47.706]]]}},{"type":"Feature","properties":{"landuse":"farmland"},"geometry":{"type":"Polygon","coordinates":[[[7.0097,47.7064],[7.0122,47.7065],[7.0048,47.7058],[7.0097,47.7064]]]}},{"type":"Feature","properties":{"landuse":"farmland"},"geometry":{"type":"Polygon","coordinates":[[[7.0061,47.7076],[7.004,47.7062],[7.01,47.7069],[7.0061,47.7076]]]}},{"type":"Feature","properties":{"landuse":"orchard"},"geometry":{"type":"Polygon","coordinates":[[[7.4104,48.6935],[7.4106,48.6955],[7.4092,48.6954],[7.4104,48.6935]]]}},{"type":"Feature","properties":{"landuse":"farmland"},"geometry":{"type":"Polygon","coordinates":[[[7.7147,48.5685],[7.714,48.5667],[7.7161,48.5677],[7.7147,48.5685]]]}},{"type":"Feature","properties":{"landuse":"orchard"},"geometry":{"type":"Polygon","coordinates":[[[7.6565,48.5675],[7.6576,48.5667],[7.6577,48.5683],[7.6565,48.5675]]]}},{"type":"Feature","properties":{"landuse":"orchard"},"geometry":{"type":"Polygon","coordinates":[[[7.651,48.5697],[7.6537,48.5704],[7.6521,48.5709],[7.651,48.5697]]]}},{"type":"Feature","properties":{"landuse":"farmland"},"geometry":{"type":"Polygon","coordinates":[[[7.7299,48.5477],[7.7309,48.5469],[7.7319,48.5481],[7.7299,48.5477]]]}},{"type":"Feature","properties":{"landuse":"farmland"},"geometry":{"type":"Polygon","coordinates":[[[7.6194,48.6302],[7.6213,48.6296],[7.6212,48.6304],[7.6194,48.6302]]]}},{"type":"Feature","properties":{"landuse":"farmland"},"geometry":{"type":"Polygon","coordinates":[[[7.6205,48.6295],[7.6199,48.6285],[7.6213,48.6281],[7.6205,48.6295]]]}},{"type":"Feature","properties":{"landuse":"farmland"},"geometry":{"type":"Polygon","coordinates":[[[7.7425,48.825],[7.7419,48.823],[7.7557,48.8203],[7.7425,48.825]]]}},{"type":"Feature","properties":{"landuse":"farmland"},"geometry":{"type":"Polygon","coordinates":[[[7.01,47.7054],[7.0094,47.7037],[7.0144,47.703],[7.01,47.7054]]]}},{"type":"Feature","properties":{"landuse":"farmland"},"geometry":{"type":"Polygon","coordinates":[[[7.0187,47.7035],[7.0177,47.7032],[7.0184,47.7004],[7.0187,47.7035]]]}},{"type":"Feature","properties":{"landuse":"farmland"},"geometry":{"type":"Polygon","coordinates":[[[7.0216,47.7049],[7.0217,47.7025],[7.0274,47.7035],[7.0216,47.7049]]]}},{"type":"Feature","properties":{"landuse":"farmland"},"geometry":{"type":"Polygon","coordinates":[[[7.0274,47.7051],[7.0276,47.7056],[7.0218,47.7056],[7.0274,47.7051]]]}},{"type":"Feature","properties":{"landuse":"farmland"},"geometry":{"type":"Polygon","coordinates":[[[7.0211,47.7068],[7.0192,47.7062],[7.0255,47.7058],[7.0254,47.7082],[7.0211,47.7068]]]}},{"type":"Feature","properties":{"landuse":"farmland"},"geometry":{"type":"Polygon","coordinates":[[[7.0254,47.7082],[7.0199,47.709],[7.0207,47.7079],[7.0254,47.7082]]]}},{"type":"Feature","properties":{"landuse":"farmland"},"geometry":{"type":"Polygon","coordinates":[[[7.0282,47.7064],[7.0256,47.7072],[7.0256,47.7066],[7.0282,47.7064]]]}},{"type":"Feature","properties":{"landuse":"farmland"},"geometry":{"type":"Polygon","coordinates":[[[7.0261,47.7079],[7.0284,47.7066],[7.0287,47.7072],[7.0261,47.7079]]]}},{"type":"Feature","properties":{"landuse":"farmland"},"geometry":{"type":"Polygon","coordinates":[[[7.0437,47.7192],[7.04,47.7187],[7.0448,47.717],[7.0437,47.7192]]]}},{"type":"Feature","properties":{"landuse":"farmland"},"geometry":{"type":"Polygon","coordinates":[[[7.0418,47.7212],[7.0392,47.7213],[7.04,47.7187],[7.0437,47.7192],[7.0418,47.7212]]]}},{"type":"Feature","properties":{"landuse":"farmland"},"geometry":{"type":"Polygon","coordinates":[[[7.0455,47.7151],[7.0433,47.7159],[7.0381,47.7136],[7.0455,47.7151]]]}},{"type":"Feature","properties":{"landuse":"farmland"},"geometry":{"type":"Polygon","coordinates":[[[7.0433,47.7159],[7.0413,47.7166],[7.0375,47.7143],[7.0433,47.7159]]]}},{"type":"Feature","properties":{"landuse":"farmland"},"geometry":{"type":"Polygon","coordinates":[[[7.0346,47.7146],[7.036,47.713],[7.037,47.7139],[7.0346,47.7146]]]}},{"type":"Feature","properties":{"landuse":"farmland"},"geometry":{"type":"Polygon","coordinates":[[[7.0402,47.7184],[7.0348,47.7147],[7.037,47.7139],[7.0402,47.7184]]]}},{"type":"Feature","properties":{"landuse":"farmland"},"geometry":{"type":"Polygon","coordinates":[[[7.0331,47.7196],[7.0315,47.7184],[7.036,47.72],[7.0331,47.7196]]]}},{"type":"Feature","properties":{"landuse":"farmland"},"geometry":{"type":"Polygon","coordinates":[[[7.032,47.716],[7.0274,47.7162],[7.0276,47.7153],[7.032,47.716]]]}},{"type":"Feature","properties":{"landuse":"farmland"},"geometry":{"type":"Polygon","coordinates":[[[7.0272,47.7167],[7.031,47.7168],[7.0302,47.7173],[7.0272,47.7167]]]}},{"type":"Feature","properties":{"landuse":"farmland"},"geometry":{"type":"Polygon","coordinates":[[[7.6498,48.9234],[7.6384,48.924],[7.636,48.9212],[7.6403,48.9141],[7.6364,48.9131],[7.6337,48.9061],[7.6467,48.9082],[7.6463,48.914],[7.6565,48.9242],[7.6498,48.9234]]]}},{"type":"Feature","properties":{"landuse":"farmland"},"geometry":{"type":"Polygon","coordinates":[[[7.0262,47.7086],[7.0281,47.7074],[7.0284,47.7081],[7.0262,47.7086]]]}},{"type":"Feature","properties":{"landuse":"orchard"},"geometry":{"type":"Polygon","coordinates":[[[7.36,48.7223],[7.3596,48.7206],[7.3615,48.7212],[7.36,48.7223]]]}},{"type":"Feature","properties":{"landuse":"farmland"},"geometry":{"type":"Polygon","coordinates":[[[7.6086,48.7717],[7.6067,48.7732],[7.604,48.7703],[7.6086,48.7717]]]}},{"type":"Feature","properties":{"landuse":"farmland"},"geometry":{"type":"Polygon","coordinates":[[[7.0214,47.7114],[7.0213,47.713],[7.016,47.7116],[7.0214,47.7114]]]}},{"type":"Feature","properties":{"landuse":"farmland"},"geometry":{"type":"Polygon","coordinates":[[[7.7118,48.4788],[7.7184,48.4764],[7.7198,48.4794],[7.7153,48.4827],[7.7118,48.4788]]]}},{"type":"Feature","properties":{"landuse":"farmland"},"geometry":{"type":"Polygon","coordinates":[[[7.7112,48.4739],[7.7165,48.4712],[7.7184,48.4764],[7.7091,48.4786],[7.7119,48.4776],[7.7112,48.4739]]]}},{"type":"Feature","properties":{"landuse":"farmland"},"geometry":{"type":"Polygon","coordinates":[[[7.7304,48.4634],[7.7286,48.4651],[7.73,48.4638],[7.7278,48.4635],[7.7304,48.4634]]]}},{"type":"Feature","properties":{"landuse":"farmland"},"geometry":{"type":"Polygon","coordinates":[[[7.0288,47.7197],[7.0262,47.719],[7.0299,47.7188],[7.0288,47.7197]]]}},{"type":"Feature","properties":{"landuse":"farmland"},"geometry":{"type":"Polygon","coordinates":[[[7.0283,47.7225],[7.0281,47.7207],[7.0293,47.721],[7.0283,47.7225]]]}},{"type":"Feature","properties":{"landuse":"farmland"},"geometry":{"type":"Polygon","coordinates":[[[7.0281,47.7207],[7.0254,47.7206],[7.0262,47.719],[7.0281,47.7207]]]}},{"type":"Feature","properties":{"landuse":"farmland"},"geometry":{"type":"Polygon","coordinates":[[[7.0279,47.7222],[7.025,47.7215],[7.028,47.7213],[7.0279,47.7222]]]}},{"type":"Feature","properties":{"landuse":"farmland"},"geometry":{"type":"Polygon","coordinates":[[[7.0328,47.7255],[7.0248,47.7225],[7.0337,47.7242],[7.0328,47.7255]]]}},{"type":"Feature","properties":{"landuse":"farmland"},"geometry":{"type":"Polygon","coordinates":[[[7.0317,47.7269],[7.0266,47.7249],[7.0328,47.7255],[7.0317,47.7269]]]}},{"type":"Feature","properties":{"landuse":"farmland"},"geometry":{"type":"Polygon","coordinates":[[[7.0306,47.7278],[7.0252,47.7258],[7.0317,47.7269],[7.0306,47.7278]]]}},{"type":"Feature","properties":{"landuse":"farmland"},"geometry":{"type":"Polygon","coordinates":[[[7.7207,48.4802],[7.7193,48.4731],[7.7233,48.4727],[7.7291,48.478],[7.7207,48.4802]]]}},{"type":"Feature","properties":{"landuse":"farmland"},"geometry":{"type":"Polygon","coordinates":[[[7.7184,48.4709],[7.7209,48.4717],[7.7193,48.4731],[7.7184,48.4709]]]}},{"type":"Feature","properties":{"landuse":"farmland"},"geometry":{"type":"Polygon","coordinates":[[[7.7739,48.8189],[7.7715,48.819],[7.7741,48.8182],[7.7739,48.8189]]]}},{"type":"Feature","properties":{"landuse":"farmland"},"geometry":{"type":"Polygon","coordinates":[[[7.7607,48.8024],[7.7576,48.8017],[7.7595,48.8014],[7.7607,48.8024]]]}},{"type":"Feature","properties":{"landuse":"farmland"},"geometry":{"type":"Polygon","coordinates":[[[8.0345,48.863],[8.032,48.8607],[8.0348,48.8619],[8.0345,48.863]]]}},{"type":"Feature","properties":{"landuse":"farmland"},"geometry":{"type":"Polygon","coordinates":[[[8.0256,48.8581],[8.0235,48.8573],[8.0327,48.8563],[8.0285,48.8597],[8.0256,48.8581]]]}},{"type":"Feature","properties":{"landuse":"orchard"},"geometry":{"type":"Polygon","coordinates":[[[7.2497,48.7684],[7.2524,48.768],[7.2521,48.7695],[7.2497,48.7684]]]}},{"type":"Feature","properties":{"landuse":"orchard"},"geometry":{"type":"Polygon","coordinates":[[[7.2596,48.7774],[7.2567,48.7767],[7.2593,48.7764],[7.2596,48.7774]]]}},{"type":"Feature","properties":{"landuse":"farmland"},"geometry":{"type":"Polygon","coordinates":[[[7.2627,48.7725],[7.2624,48.7736],[7.2601,48.7734],[7.2601,48.7724],[7.2627,48.7725]]]}},{"type":"Feature","properties":{"landuse":"orchard"},"geometry":{"type":"Polygon","coordinates":[[[8.0636,48.8703],[8.0682,48.8722],[8.0668,48.8732],[8.0636,48.8703]]]}},{"type":"Feature","properties":{"landuse":"orchard"},"geometry":{"type":"Polygon","coordinates":[[[8.0411,48.8678],[8.046,48.8698],[8.0445,48.871],[8.0411,48.8678]]]}},{"type":"Feature","properties":{"landuse":"farmland"},"geometry":{"type":"Polygon","coordinates":[[[8.0415,48.8679],[8.0419,48.8672],[8.0448,48.8674],[8.0415,48.8679]]]}},{"type":"Feature","properties":{"landuse":"farmland"},"geometry":{"type":"Polygon","coordinates":[[[8.0385,48.8646],[8.0428,48.8635],[8.0458,48.8658],[8.041,48.8668],[8.0385,48.8646]]]}},{"type":"Feature","properties":{"landuse":"farmland"},"geometry":{"type":"Polygon","coordinates":[[[8.0645,48.8531],[8.063,48.8515],[8.0673,48.8529],[8.0689,48.8592],[8.0645,48.8531]]]}},{"type":"Feature","properties":{"landuse":"orchard"},"geometry":{"type":"Polygon","coordinates":[[[7.3262,47.8313],[7.3286,47.8305],[7.3274,47.8316],[7.3262,47.8313]]]}},{"type":"Feature","properties":{"landuse":"farmland"},"geometry":{"type":"Polygon","coordinates":[[[8.0478,48.8456],[8.0442,48.8466],[8.0431,48.8425],[8.0494,48.8437],[8.0453,48.8435],[8.0478,48.8456]]]}},{"type":"Feature","properties":{"landuse":"farmland"},"geometry":{"type":"Polygon","coordinates":[[[8.0369,48.8473],[8.0444,48.8474],[8.0506,48.8516],[8.0369,48.8473]]]}},{"type":"Feature","properties":{"landuse":"farmland"},"geometry":{"type":"Polygon","coordinates":[[[7.0263,47.7185],[7.0231,47.7189],[7.0231,47.7178],[7.0263,47.7185]]]}},{"type":"Feature","properties":{"landuse":"farmland"},"geometry":{"type":"Polygon","coordinates":[[[7.0217,47.7197],[7.0196,47.7167],[7.0213,47.7173],[7.0217,47.7197]]]}},{"type":"Feature","properties":{"landuse":"farmland"},"geometry":{"type":"Polygon","coordinates":[[[8.0684,48.8569],[8.0677,48.8557],[8.0704,48.8547],[8.0684,48.8569]]]}},{"type":"Feature","properties":{"landuse":"farmland"},"geometry":{"type":"Polygon","coordinates":[[[8.0593,48.8522],[8.061,48.8507],[8.0635,48.852],[8.0593,48.8522]]]}},{"type":"Feature","properties":{"landuse":"farmland"},"geometry":{"type":"Polygon","coordinates":[[[7.2715,47.8697],[7.2798,47.8758],[7.2747,47.8779],[7.2715,47.8697]]]}},{"type":"Feature","properties":{"landuse":"farmland"},"geometry":{"type":"Polygon","coordinates":[[[7.0242,47.7264],[7.0223,47.7225],[7.028,47.7238],[7.0242,47.7264]]]}},{"type":"Feature","properties":{"landuse":"farmland"},"geometry":{"type":"Polygon","coordinates":[[[7.0264,47.7299],[7.0254,47.7304],[7.0226,47.729],[7.0264,47.7299]]]}},{"type":"Feature","properties":{"landuse":"orchard"},"geometry":{"type":"Polygon","coordinates":[[[7.4507,47.654],[7.4529,47.654],[7.4518,47.6549],[7.4507,47.654]]]}},{"type":"Feature","properties":{"landuse":"orchard"},"geometry":{"type":"Polygon","coordinates":[[[7.6199,48.6603],[7.6189,48.6585],[7.6196,48.6583],[7.6199,48.6603]]]}},{"type":"Feature","properties":{"landuse":"farmland"},"geometry":{"type":"Polygon","coordinates":[[[7.0179,47.7171],[7.0132,47.7162],[7.0133,47.7157],[7.0179,47.7171]]]}},{"type":"Feature","properties":{"landuse":"farmland"},"geometry":{"type":"Polygon","coordinates":[[[7.0135,47.7189],[7.0129,47.7169],[7.0179,47.7176],[7.0135,47.7189]]]}},{"type":"Feature","properties":{"landuse":"farmland"},"geometry":{"type":"Polygon","coordinates":[[[7.0206,47.7174],[7.0179,47.7177],[7.0183,47.7171],[7.0206,47.7174]]]}},{"type":"Feature","properties":{"landuse":"farmland"},"geometry":{"type":"Polygon","coordinates":[[[7.021,47.7183],[7.0173,47.7185],[7.0179,47.7177],[7.021,47.7183]]]}},{"type":"Feature","properties":{"landuse":"farmland"},"geometry":{"type":"Polygon","coordinates":[[[7.0222,47.723],[7.0217,47.7253],[7.019,47.7246],[7.0222,47.723]]]}},{"type":"Feature","properties":{"landuse":"farmland"},"geometry":{"type":"Polygon","coordinates":[[[7.0236,47.7262],[7.023,47.727],[7.0211,47.7263],[7.0236,47.7262]]]}},{"type":"Feature","properties":{"landuse":"farmland"},"geometry":{"type":"Polygon","coordinates":[[[7.0094,47.7143],[7.0097,47.7134],[7.0117,47.7133],[7.0094,47.7143]]]}},{"type":"Feature","properties":{"landuse":"farmland"},"geometry":{"type":"Polygon","coordinates":[[[6.9995,47.7032],[6.9995,47.7021],[7.0056,47.7024],[6.9995,47.7032]]]}},{"type":"Feature","properties":{"landuse":"farmland"},"geometry":{"type":"Polygon","coordinates":[[[6.9898,47.6994],[6.9864,47.6958],[6.9986,47.7008],[6.9977,47.7031],[6.9898,47.6994]]]}},{"type":"Feature","properties":{"landuse":"farmland"},"geometry":{"type":"Polygon","coordinates":[[[7.2686,47.8602],[7.2689,47.8558],[7.2729,47.8539],[7.2727,47.8578],[7.2821,47.8565],[7.287,47.8641],[7.2799,47.8592],[7.2782,47.8649],[7.2836,47.868],[7.287,47.8642],[7.2865,47.8685],[7.2845,47.8718],[7.2809,47.8706],[7.2757,47.8652],[7.2805,47.8626],[7.2738,47.8603],[7.2691,47.8625],[7.2686,47.8602]]]}},{"type":"Feature","properties":{"landuse":"farmland"},"geometry":{"type":"Polygon","coordinates":[[[7.2239,47.8078],[7.2024,47.8042],[7.2038,47.7985],[7.201,47.7975],[7.2038,47.7949],[7.2155,47.8001],[7.2234,47.7981],[7.2275,47.8078],[7.2239,47.8078]]]}},{"type":"Feature","properties":{"landuse":"farmland"},"geometry":{"type":"Polygon","coordinates":[[[7.0097,47.7242],[7.012,47.7248],[7.0083,47.7254],[7.0097,47.7242]]]}},{"type":"Feature","properties":{"landuse":"orchard"},"geometry":{"type":"Polygon","coordinates":[[[7.5292,48.2639],[7.5261,48.2649],[7.5272,48.2628],[7.5292,48.2639]]]}},{"type":"Feature","properties":{"landuse":"farmland"},"geometry":{"type":"Polygon","coordinates":[[[7.0119,47.7265],[7.0119,47.7272],[7.008,47.7259],[7.0119,47.7265]]]}},{"type":"Feature","properties":{"landuse":"farmland"},"geometry":{"type":"Polygon","coordinates":[[[7.0121,47.728],[7.012,47.7288],[7.0072,47.7271],[7.0121,47.728]]]}},{"type":"Feature","properties":{"landuse":"farmland"},"geometry":{"type":"Polygon","coordinates":[[[6.9993,47.7246],[6.9971,47.7247],[6.9973,47.7238],[6.9993,47.7246]]]}},{"type":"Feature","properties":{"landuse":"farmland"},"geometry":{"type":"Polygon","coordinates":[[[6.9986,47.7281],[6.9938,47.7274],[6.9958,47.7259],[6.9986,47.7281]]]}},{"type":"Feature","properties":{"landuse":"orchard"},"geometry":{"type":"Polygon","coordinates":[[[7.5304,48.2761],[7.5339,48.2755],[7.5314,48.277],[7.5304,48.2761]]]}},{"type":"Feature","properties":{"landuse":"orchard"},"geometry":{"type":"Polygon","coordinates":[[[7.533,48.271],[7.5321,48.2717],[7.5312,48.2698],[7.533,48.271]]]}},{"type":"Feature","properties":{"landuse":"farmland"},"geometry":{"type":"Polygon","coordinates":[[[7.0098,47.7317],[7.0065,47.7302],[7.0098,47.731],[7.0098,47.7317]]]}},{"type":"Feature","properties":{"landuse":"farmland"},"geometry":{"type":"Polygon","coordinates":[[[7.0098,47.7327],[7.0068,47.731],[7.0101,47.732],[7.0098,47.7327]]]}},{"type":"Feature","properties":{"landuse":"farmland"},"geometry":{"type":"Polygon","coordinates":[[[7.0067,47.7309],[7.0036,47.729],[7.0037,47.7284],[7.0067,47.7309]]]}},{"type":"Feature","properties":{"landuse":"farmland"},"geometry":{"type":"Polygon","coordinates":[[[7.0153,47.7333],[7.013,47.7339],[7.0127,47.7325],[7.0153,47.7333]]]}},{"type":"Feature","properties":{"landuse":"farmland"},"geometry":{"type":"Polygon","coordinates":[[[7.0067,47.7323],[7.0032,47.7315],[7.0034,47.7305],[7.0067,47.7323]]]}},{"type":"Feature","properties":{"landuse":"farmland"},"geometry":{"type":"Polygon","coordinates":[[[7.0069,47.7315],[7.0036,47.7296],[7.0036,47.729],[7.0069,47.7315]]]}},{"type":"Feature","properties":{"landuse":"farmland"},"geometry":{"type":"Polygon","coordinates":[[[7.0009,47.7277],[6.9999,47.7269],[7.0023,47.727],[7.0009,47.7277]]]}},{"type":"Feature","properties":{"landuse":"orchard"},"geometry":{"type":"Polygon","coordinates":[[[7.7377,48.4742],[7.7368,48.4739],[7.7366,48.4727],[7.7377,48.4742]]]}},{"type":"Feature","properties":{"landuse":"orchard"},"geometry":{"type":"Polygon","coordinates":[[[7.7267,48.4752],[7.7286,48.4746],[7.7282,48.4755],[7.7267,48.4752]]]}},{"type":"Feature","properties":{"landuse":"farmland"},"geometry":{"type":"Polygon","coordinates":[[[7.7295,48.4818],[7.7329,48.4805],[7.734,48.4826],[7.7295,48.4818]]]}},{"type":"Feature","properties":{"landuse":"orchard"},"geometry":{"type":"Polygon","coordinates":[[[7.7151,48.4822],[7.714,48.4829],[7.7129,48.4808],[7.7151,48.4822]]]}},{"type":"Feature","properties":{"landuse":"orchard"},"geometry":{"type":"Polygon","coordinates":[[[7.6837,48.3283],[7.6842,48.3295],[7.6815,48.329],[7.6837,48.3283]]]}},{"type":"Feature","properties":{"landuse":"farmland"},"geometry":{"type":"Polygon","coordinates":[[[7.7213,48.4936],[7.7227,48.4903],[7.7248,48.4941],[7.7204,48.495],[7.7186,48.4924],[7.7213,48.4936]]]}},{"type":"Feature","properties":{"landuse":"orchard"},"geometry":{"type":"Polygon","coordinates":[[[7.6986,48.385],[7.6983,48.3835],[7.7005,48.3833],[7.6986,48.385]]]}},{"type":"Feature","properties":{"landuse":"farmland"},"geometry":{"type":"Polygon","coordinates":[[[7.7747,48.5386],[7.7728,48.537],[7.7748,48.537],[7.7747,48.5386]]]}},{"type":"Feature","properties":{"landuse":"farmland"},"geometry":{"type":"Polygon","coordinates":[[[7.354,47.7249],[7.3532,47.7258],[7.3519,47.7253],[7.354,47.7249]]]}},{"type":"Feature","properties":{"landuse":"orchard"},"geometry":{"type":"Polygon","coordinates":[[[7.8401,48.6117],[7.8373,48.6094],[7.8385,48.609],[7.8401,48.6117]]]}},{"type":"Feature","properties":{"landuse":"farmland"},"geometry":{"type":"Polygon","coordinates":[[[7.8367,48.6118],[7.8375,48.6113],[7.8419,48.6129],[7.8367,48.6118]]]}},{"type":"Feature","properties":{"landuse":"orchard"},"geometry":{"type":"Polygon","coordinates":[[[7.8368,48.6105],[7.8367,48.6118],[7.8357,48.611],[7.8368,48.6105]]]}},{"type":"Feature","properties":{"landuse":"farmland"},"geometry":{"type":"Polygon","coordinates":[[[7.8427,48.6145],[7.8438,48.6137],[7.8433,48.6152],[7.8436,48.614],[7.8427,48.6145]]]}},{"type":"Feature","properties":{"landuse":"farmland"},"geometry":{"type":"Polygon","coordinates":[[[7.8439,48.6162],[7.8445,48.6146],[7.8452,48.6158],[7.8439,48.6162]]]}},{"type":"Feature","properties":{"landuse":"farmland"},"geometry":{"type":"Polygon","coordinates":[[[7.845,48.619],[7.8456,48.6173],[7.8473,48.6192],[7.845,48.619]]]}},{"type":"Feature","properties":{"landuse":"farmland"},"geometry":{"type":"Polygon","coordinates":[[[7.8474,48.6218],[7.8465,48.6206],[7.8486,48.6214],[7.8474,48.6218]]]}},{"type":"Feature","properties":{"landuse":"farmland"},"geometry":{"type":"Polygon","coordinates":[[[7.8488,48.6214],[7.85,48.6237],[7.8477,48.6221],[7.8488,48.6214]]]}},{"type":"Feature","properties":{"landuse":"orchard"},"geometry":{"type":"Polygon","coordinates":[[[7.8451,48.6214],[7.8441,48.6201],[7.8503,48.6242],[7.8451,48.6214]]]}},{"type":"Feature","properties":{"landuse":"farmland"},"geometry":{"type":"Polygon","coordinates":[[[7.8583,48.618],[7.8554,48.6147],[7.8575,48.6145],[7.8583,48.618]]]}},{"type":"Feature","properties":{"landuse":"farmland"},"geometry":{"type":"Polygon","coordinates":[[[7.854,48.6113],[7.8563,48.6116],[7.8551,48.6142],[7.854,48.6113]]]}},{"type":"Feature","properties":{"landuse":"farmland"},"geometry":{"type":"Polygon","coordinates":[[[7.8507,48.6122],[7.8536,48.6128],[7.8482,48.6129],[7.8507,48.6122]]]}},{"type":"Feature","properties":{"landuse":"farmland"},"geometry":{"type":"Polygon","coordinates":[[[7.8555,48.6173],[7.8524,48.6167],[7.8543,48.6152],[7.8523,48.6141],[7.8555,48.6173]]]}},{"type":"Feature","properties":{"landuse":"farmland"},"geometry":{"type":"Polygon","coordinates":[[[7.8467,48.6145],[7.8484,48.6133],[7.8493,48.6139],[7.8467,48.6145]]]}},{"type":"Feature","properties":{"landuse":"farmland"},"geometry":{"type":"Polygon","coordinates":[[[7.8467,48.6145],[7.8502,48.6143],[7.8475,48.6153],[7.8467,48.6145]]]}},{"type":"Feature","properties":{"landuse":"farmland"},"geometry":{"type":"Polygon","coordinates":[[[7.8488,48.6156],[7.8502,48.6145],[7.8525,48.6152],[7.8488,48.6156]]]}},{"type":"Feature","properties":{"landuse":"farmland"},"geometry":{"type":"Polygon","coordinates":[[[7.8477,48.6156],[7.8513,48.616],[7.849,48.6166],[7.8477,48.6156]]]}},{"type":"Feature","properties":{"landuse":"farmland"},"geometry":{"type":"Polygon","coordinates":[[[7.849,48.6166],[7.8523,48.616],[7.8509,48.6178],[7.8526,48.6179],[7.849,48.6166]]]}},{"type":"Feature","properties":{"landuse":"farmland"},"geometry":{"type":"Polygon","coordinates":[[[7.8446,48.6142],[7.8462,48.6139],[7.8457,48.6157],[7.8446,48.6142]]]}},{"type":"Feature","properties":{"landuse":"farmland"},"geometry":{"type":"Polygon","coordinates":[[[7.8457,48.616],[7.8466,48.6156],[7.8478,48.6177],[7.8457,48.616]]]}},{"type":"Feature","properties":{"landuse":"farmland"},"geometry":{"type":"Polygon","coordinates":[[[7.8473,48.6184],[7.8466,48.6156],[7.8494,48.6173],[7.8473,48.6184]]]}},{"type":"Feature","properties":{"landuse":"orchard"},"geometry":{"type":"Polygon","coordinates":[[[7.8535,48.6209],[7.8553,48.6206],[7.8538,48.6221],[7.8535,48.6209]]]}},{"type":"Feature","properties":{"landuse":"farmland"},"geometry":{"type":"Polygon","coordinates":[[[7.8507,48.6181],[7.854,48.6186],[7.8522,48.6205],[7.8507,48.6181]]]}},{"type":"Feature","properties":{"landuse":"farmland"},"geometry":{"type":"Polygon","coordinates":[[[7.8487,48.6204],[7.8493,48.6177],[7.8513,48.6207],[7.8487,48.6204]]]}},{"type":"Feature","properties":{"landuse":"farmland"},"geometry":{"type":"Polygon","coordinates":[[[7.8496,48.6211],[7.8529,48.6204],[7.8518,48.6225],[7.8496,48.6211]]]}},{"type":"Feature","properties":{"landuse":"farmland"},"geometry":{"type":"Polygon","coordinates":[[[7.8498,48.6076],[7.8553,48.6083],[7.858,48.6107],[7.8498,48.6076]]]}},{"type":"Feature","properties":{"landuse":"farmland"},"geometry":{"type":"Polygon","coordinates":[[[7.8518,48.6094],[7.8545,48.6099],[7.8544,48.6108],[7.8518,48.6094]]]}},{"type":"Feature","properties":{"landuse":"farmland"},"geometry":{"type":"Polygon","coordinates":[[[7.8513,48.6106],[7.8529,48.6102],[7.8519,48.6118],[7.8513,48.6106]]]}},{"type":"Feature","properties":{"landuse":"farmland"},"geometry":{"type":"Polygon","coordinates":[[[7.8469,48.6081],[7.8497,48.6081],[7.8471,48.609],[7.8469,48.6081]]]}},{"type":"Feature","properties":{"landuse":"farmland"},"geometry":{"type":"Polygon","coordinates":[[[7.8503,48.6093],[7.8481,48.6101],[7.8471,48.609],[7.8503,48.6093]]]}},{"type":"Feature","properties":{"landuse":"farmland"},"geometry":{"type":"Polygon","coordinates":[[[7.8503,48.6093],[7.8517,48.6114],[7.8492,48.6122],[7.8503,48.6093]]]}},{"type":"Feature","properties":{"landuse":"farmland"},"geometry":{"type":"Polygon","coordinates":[[[7.8413,48.6089],[7.8409,48.6084],[7.845,48.6079],[7.8413,48.6089]]]}},{"type":"Feature","properties":{"landuse":"farmland"},"geometry":{"type":"Polygon","coordinates":[[[7.8418,48.6094],[7.8413,48.6089],[7.8451,48.6081],[7.8418,48.6094]]]}},{"type":"Feature","properties":{"landuse":"farmland"},"geometry":{"type":"Polygon","coordinates":[[[7.8434,48.6109],[7.8466,48.6085],[7.8478,48.6099],[7.8434,48.6109]]]}},{"type":"Feature","properties":{"landuse":"farmland"},"geometry":{"type":"Polygon","coordinates":[[[7.844,48.6114],[7.8478,48.6099],[7.8484,48.6103],[7.844,48.6114]]]}},{"type":"Feature","properties":{"landuse":"farmland"},"geometry":{"type":"Polygon","coordinates":[[[7.8447,48.6124],[7.8443,48.6117],[7.8489,48.6106],[7.8447,48.6124]]]}},{"type":"Feature","properties":{"landuse":"farmland"},"geometry":{"type":"Polygon","coordinates":[[[7.845,48.6128],[7.849,48.6111],[7.849,48.6121],[7.845,48.6128]]]}},{"type":"Feature","properties":{"landuse":"farmland"},"geometry":{"type":"Polygon","coordinates":[[[7.845,48.6128],[7.849,48.6121],[7.8457,48.6132],[7.845,48.6128]]]}},{"type":"Feature","properties":{"landuse":"farmland"},"geometry":{"type":"Polygon","coordinates":[[[7.842,48.6111],[7.8394,48.6097],[7.8399,48.6086],[7.842,48.6111]]]}},{"type":"Feature","properties":{"landuse":"farmland"},"geometry":{"type":"Polygon","coordinates":[[[7.8442,48.6136],[7.843,48.6125],[7.8457,48.6133],[7.8442,48.6136]]]}},{"type":"Feature","properties":{"landuse":"farmland"},"geometry":{"type":"Polygon","coordinates":[[[7.8458,48.6046],[7.847,48.6049],[7.8467,48.6066],[7.8458,48.6046]]]}},{"type":"Feature","properties":{"landuse":"vineyard"},"geometry":{"type":"Polygon","coordinates":[[[7.2387,48.1567],[7.2439,48.1548],[7.2415,48.1568],[7.2387,48.1567]]]}},{"type":"Feature","properties":{"landuse":"orchard"},"geometry":{"type":"Polygon","coordinates":[[[7.2733,47.6192],[7.272,47.6183],[7.2744,47.6177],[7.2733,47.6192]]]}},{"type":"Feature","properties":{"landuse":"farmland"},"geometry":{"type":"Polygon","coordinates":[[[7.8592,48.6087],[7.8627,48.6099],[7.8638,48.6113],[7.8592,48.6087]]]}},{"type":"Feature","properties":{"landuse":"farmland"},"geometry":{"type":"Polygon","coordinates":[[[7.8637,48.6123],[7.8645,48.6141],[7.8636,48.6141],[7.8637,48.6123]]]}},{"type":"Feature","properties":{"landuse":"farmland"},"geometry":{"type":"Polygon","coordinates":[[[7.861,48.6137],[7.8633,48.6133],[7.8633,48.6141],[7.861,48.6137]]]}},{"type":"Feature","properties":{"landuse":"farmland"},"geometry":{"type":"Polygon","coordinates":[[[7.8606,48.6129],[7.8607,48.6114],[7.863,48.6123],[7.8606,48.6129]]]}},{"type":"Feature","properties":{"landuse":"farmland"},"geometry":{"type":"Polygon","coordinates":[[[7.8593,48.6111],[7.8606,48.6129],[7.8591,48.6129],[7.8593,48.6111]]]}},{"type":"Feature","properties":{"landuse":"farmland"},"geometry":{"type":"Polygon","coordinates":[[[7.8579,48.6115],[7.8596,48.6129],[7.8581,48.6133],[7.8579,48.6115]]]}},{"type":"Feature","properties":{"landuse":"farmland"},"geometry":{"type":"Polygon","coordinates":[[[7.858,48.6133],[7.8632,48.6141],[7.859,48.615],[7.858,48.6133]]]}},{"type":"Feature","properties":{"landuse":"farmland"},"geometry":{"type":"Polygon","coordinates":[[[7.8589,48.615],[7.8629,48.6143],[7.8615,48.6162],[7.8589,48.615]]]}},{"type":"Feature","properties":{"landuse":"farmland"},"geometry":{"type":"Polygon","coordinates":[[[7.8609,48.6165],[7.8573,48.6168],[7.8586,48.6147],[7.8609,48.6165]]]}},{"type":"Feature","properties":{"landuse":"farmland"},"geometry":{"type":"Polygon","coordinates":[[[7.8288,48.6047],[7.8276,48.6044],[7.8288,48.6034],[7.8288,48.6047]]]}},{"type":"Feature","properties":{"landuse":"farmland"},"geometry":{"type":"Polygon","coordinates":[[[7.8108,48.507],[7.8102,48.5037],[7.8119,48.5055],[7.8108,48.507]]]}},{"type":"Feature","properties":{"landuse":"green_public_spaces"},"geometry":{"type":"Polygon","coordinates":[[[7.5739,48.0328],[7.5734,48.0318],[7.575,48.0308],[7.5739,48.0328]]]}},{"type":"Feature","properties":{"landuse":"farmland"},"geometry":{"type":"Polygon","coordinates":[[[7.4705,48.6631],[7.4611,48.6635],[7.4438,48.6706],[7.4348,48.6683],[7.4174,48.6701],[7.4128,48.6665],[7.4108,48.6701],[7.4081,48.665],[7.4044,48.6693],[7.3938,48.6672],[7.4376,48.6476],[7.4354,48.6532],[7.4438,48.6444],[7.4365,48.6519],[7.4376,48.6539],[7.4443,48.651],[7.4445,48.6482],[7.4555,48.6474],[7.4493,48.6434],[7.452,48.6412],[7.4578,48.6446],[7.4624,48.6429],[7.46,48.646],[7.4661,48.6534],[7.4675,48.6495],[7.4707,48.6509],[7.4699,48.6568],[7.467,48.6576],[7.4705,48.6631]]]}},{"type":"Feature","properties":{"landuse":"farmland"},"geometry":{"type":"Polygon","coordinates":[[[7.7307,48.415],[7.7354,48.4144],[7.7369,48.4172],[7.7307,48.415]]]}},{"type":"Feature","properties":{"landuse":"farmland"},"geometry":{"type":"Polygon","coordinates":[[[7.6,48.377],[7.6079,48.3749],[7.6117,48.3793],[7.6046,48.3831],[7.5968,48.3766],[7.6,48.377]]]}},{"type":"Feature","properties":{"landuse":"farmland"},"geometry":{"type":"Polygon","coordinates":[[[8.1564,48.8672],[8.1559,48.8695],[8.1545,48.8698],[8.1564,48.8672]]]}},{"type":"Feature","properties":{"landuse":"farmland"},"geometry":{"type":"Polygon","coordinates":[[[8.1519,48.8658],[8.1521,48.8649],[8.1548,48.8655],[8.1519,48.8658]]]}},{"type":"Feature","properties":{"landuse":"farmland"},"geometry":{"type":"Polygon","coordinates":[[[8.1584,48.8736],[8.1601,48.8737],[8.1585,48.8746],[8.1584,48.8736]]]}},{"type":"Feature","properties":{"landuse":"farmland"},"geometry":{"type":"Polygon","coordinates":[[[8.1619,48.8732],[8.1663,48.8713],[8.1668,48.8727],[8.1619,48.8732]]]}},{"type":"Feature","properties":{"landuse":"farmland"},"geometry":{"type":"Polygon","coordinates":[[[8.1606,48.8722],[8.1624,48.872],[8.1606,48.8733],[8.1606,48.8722]]]}},{"type":"Feature","properties":{"landuse":"farmland"},"geometry":{"type":"Polygon","coordinates":[[[8.159,48.8722],[8.1606,48.8733],[8.159,48.8733],[8.159,48.8722]]]}},{"type":"Feature","properties":{"landuse":"farmland"},"geometry":{"type":"Polygon","coordinates":[[[8.1541,48.8715],[8.1539,48.8729],[8.1521,48.8724],[8.1541,48.8715]]]}},{"type":"Feature","properties":{"landuse":"farmland"},"geometry":{"type":"Polygon","coordinates":[[[8.1516,48.8699],[8.1529,48.8714],[8.1504,48.8713],[8.1516,48.8699]]]}},{"type":"Feature","properties":{"landuse":"farmland"},"geometry":{"type":"Polygon","coordinates":[[[8.1512,48.8676],[8.1529,48.8677],[8.1514,48.8698],[8.1512,48.8676]]]}},{"type":"Feature","properties":{"landuse":"farmland"},"geometry":{"type":"Polygon","coordinates":[[[8.1491,48.8665],[8.1503,48.865],[8.1482,48.8677],[8.1491,48.8665]]]}},{"type":"Feature","properties":{"landuse":"green_public_spaces"},"geometry":{"type":"Polygon","coordinates":[[[7.2278,47.799],[7.2278,47.7979],[7.2315,47.7974],[7.2278,47.799]]]}},{"type":"Feature","properties":{"landuse":"farmland"},"geometry":{"type":"Polygon","coordinates":[[[6.9995,47.7017],[6.9994,47.7037],[6.9977,47.7031],[6.9995,47.7017]]]}},{"type":"Feature","properties":{"landuse":"farmland"},"geometry":{"type":"Polygon","coordinates":[[[7.0023,47.6952],[6.9967,47.6832],[6.9997,47.682],[7.01,47.6915],[7.0053,47.6935],[7.0097,47.6968],[7.0052,47.6983],[7.0023,47.6952]]]}},{"type":"Feature","properties":{"landuse":"farmland"},"geometry":{"type":"Polygon","coordinates":[[[7.0172,47.7004],[7.0153,47.6951],[7.0201,47.6965],[7.0172,47.7004]]]}},{"type":"Feature","properties":{"landuse":"farmland"},"geometry":{"type":"Polygon","coordinates":[[[7.009,47.7033],[7.0058,47.702],[7.0143,47.7001],[7.009,47.7033]]]}},{"type":"Feature","properties":{"landuse":"farmland"},"geometry":{"type":"Polygon","coordinates":[[[6.998,47.6929],[6.995,47.69],[6.9968,47.6888],[6.9999,47.6899],[6.998,47.6929]]]}},{"type":"Feature","properties":{"landuse":"farmland"},"geometry":{"type":"Polygon","coordinates":[[[6.9955,47.6951],[7.0007,47.6937],[7.0003,47.696],[6.9955,47.6951]]]}},{"type":"Feature","properties":{"landuse":"farmland"},"geometry":{"type":"Polygon","coordinates":[[[7.008,47.6881],[7.0032,47.6839],[7.006,47.6843],[7.008,47.6881]]]}},{"type":"Feature","properties":{"landuse":"farmland"},"geometry":{"type":"Polygon","coordinates":[[[7.0086,47.6856],[7.0128,47.6882],[7.0104,47.6883],[7.0086,47.6856]]]}},{"type":"Feature","properties":{"landuse":"farmland"},"geometry":{"type":"Polygon","coordinates":[[[7.0112,47.6899],[7.0133,47.6903],[7.0117,47.691],[7.0112,47.6899]]]}},{"type":"Feature","properties":{"landuse":"farmland"},"geometry":{"type":"Polygon","coordinates":[[[7.0122,47.6931],[7.0136,47.6907],[7.0155,47.6919],[7.0122,47.6931]]]}},{"type":"Feature","properties":{"landuse":"farmland"},"geometry":{"type":"Polygon","coordinates":[[[6.9904,47.6887],[6.9959,47.6894],[6.9952,47.6907],[6.9904,47.6887]]]}},{"type":"Feature","properties":{"landuse":"farmland"},"geometry":{"type":"Polygon","coordinates":[[[6.9955,47.6951],[6.9929,47.6977],[6.9864,47.6958],[6.9858,47.6904],[6.998,47.6929],[6.9955,47.6951]]]}},{"type":"Feature","properties":{"landuse":"farmland"},"geometry":{"type":"Polygon","coordinates":[[[6.9984,47.7304],[6.9999,47.7313],[6.9968,47.7309],[6.9984,47.7304]]]}},{"type":"Feature","properties":{"landuse":"farmland"},"geometry":{"type":"Polygon","coordinates":[[[7.594,48.0238],[7.5984,48.0214],[7.5969,48.025],[7.594,48.0238]]]}},{"type":"Feature","properties":{"landuse":"farmland"},"geometry":{"type":"Polygon","coordinates":[[[7.5958,48.0285],[7.595,48.0283],[7.5984,48.027],[7.5958,48.0285]]]}},{"type":"Feature","properties":{"landuse":"orchard"},"geometry":{"type":"Polygon","coordinates":[[[7.0414,47.8533],[7.0386,47.8534],[7.0398,47.8525],[7.0414,47.8533]]]}},{"type":"Feature","properties":{"landuse":"orchard"},"geometry":{"type":"Polygon","coordinates":[[[7.0427,47.8555],[7.0424,47.8531],[7.0449,47.8531],[7.0427,47.8555]]]}},{"type":"Feature","properties":{"landuse":"farmland"},"geometry":{"type":"Polygon","coordinates":[[[7.2269,47.8222],[7.2281,47.8207],[7.2302,47.8211],[7.2269,47.8222]]]}},{"type":"Feature","properties":{"landuse":"orchard"},"geometry":{"type":"Polygon","coordinates":[[[7.2782,47.7041],[7.2806,47.7027],[7.2801,47.7044],[7.2782,47.7041]]]}},{"type":"Feature","properties":{"landuse":"orchard"},"geometry":{"type":"Polygon","coordinates":[[[7.2724,47.6206],[7.2733,47.6215],[7.2705,47.622],[7.2724,47.6206]]]}},{"type":"Feature","properties":{"landuse":"orchard"},"geometry":{"type":"Polygon","coordinates":[[[7.269,47.6162],[7.2705,47.615],[7.2681,47.617],[7.269,47.6162]]]}},{"type":"Feature","properties":{"landuse":"farmland"},"geometry":{"type":"Polygon","coordinates":[[[7.9721,48.8233],[7.9773,48.8224],[7.9745,48.8246],[7.9721,48.8233]]]}},{"type":"Feature","properties":{"landuse":"orchard"},"geometry":{"type":"Polygon","coordinates":[[[7.9686,48.8223],[7.9747,48.8235],[7.9742,48.824],[7.9686,48.8223]]]}},{"type":"Feature","properties":{"landuse":"farmland"},"geometry":{"type":"Polygon","coordinates":[[[7.9697,48.8237],[7.9684,48.8217],[7.972,48.8255],[7.9697,48.8237]]]}},{"type":"Feature","properties":{"landuse":"orchard"},"geometry":{"type":"Polygon","coordinates":[[[7.9685,48.8215],[7.9729,48.8219],[7.9716,48.8227],[7.9685,48.8215]]]}},{"type":"Feature","properties":{"landuse":"farmland"},"geometry":{"type":"Polygon","coordinates":[[[7.9707,48.8184],[7.9782,48.8212],[7.9686,48.8215],[7.9707,48.8184]]]}},{"type":"Feature","properties":{"landuse":"farmland"},"geometry":{"type":"Polygon","coordinates":[[[7.9741,48.7671],[7.9758,48.7708],[7.9664,48.7656],[7.9741,48.7671]]]}},{"type":"Feature","properties":{"landuse":"farmland"},"geometry":{"type":"Polygon","coordinates":[[[8.0094,48.7752],[8.0129,48.7762],[8.013,48.7806],[8.0094,48.7752]]]}},{"type":"Feature","properties":{"landuse":"orchard"},"geometry":{"type":"Polygon","coordinates":[[[8.0093,48.7742],[8.017,48.7771],[8.0094,48.7752],[8.0093,48.7742]]]}},{"type":"Feature","properties":{"landuse":"farmland"},"geometry":{"type":"Polygon","coordinates":[[[8.0087,48.7691],[8.0164,48.7766],[8.0095,48.7747],[8.0087,48.7691]]]}},{"type":"Feature","properties":{"landuse":"orchard"},"geometry":{"type":"Polygon","coordinates":[[[7.9835,48.7778],[7.9846,48.7782],[7.981,48.7796],[7.9835,48.7778]]]}},{"type":"Feature","properties":{"landuse":"farmland"},"geometry":{"type":"Polygon","coordinates":[[[7.9849,48.7773],[7.9846,48.7791],[7.9827,48.7786],[7.9849,48.7773]]]}},{"type":"Feature","properties":{"landuse":"orchard"},"geometry":{"type":"Polygon","coordinates":[[[7.9862,48.7778],[7.988,48.779],[7.9842,48.7795],[7.9862,48.7778]]]}},{"type":"Feature","properties":{"landuse":"farmland"},"geometry":{"type":"Polygon","coordinates":[[[7.9862,48.7778],[7.9869,48.7762],[7.9878,48.778],[7.9862,48.7778]]]}},{"type":"Feature","properties":{"landuse":"farmland"},"geometry":{"type":"Polygon","coordinates":[[[7.9847,48.7771],[7.9844,48.7756],[7.9861,48.7769],[7.9847,48.7771]]]}},{"type":"Feature","properties":{"landuse":"farmland"},"geometry":{"type":"Polygon","coordinates":[[[7.9753,48.7798],[7.9728,48.7767],[7.9748,48.7737],[7.9825,48.7765],[7.9809,48.7795],[7.9867,48.7793],[7.9753,48.7798]]]}},{"type":"Feature","properties":{"landuse":"farmland"},"geometry":{"type":"Polygon","coordinates":[[[7.9753,48.8281],[7.9788,48.828],[7.9766,48.8283],[7.978,48.829],[7.9753,48.8281]]]}},{"type":"Feature","properties":{"landuse":"farmland"},"geometry":{"type":"Polygon","coordinates":[[[7.9755,48.8295],[7.9746,48.829],[7.9764,48.8289],[7.9755,48.8295]]]}},{"type":"Feature","properties":{"landuse":"farmland"},"geometry":{"type":"Polygon","coordinates":[[[7.9764,48.8298],[7.9787,48.8296],[7.9797,48.8307],[7.9764,48.8298]]]}},{"type":"Feature","properties":{"landuse":"orchard"},"geometry":{"type":"Polygon","coordinates":[[[8.0354,48.845],[8.0357,48.8438],[8.0375,48.8444],[8.0354,48.845]]]}},{"type":"Feature","properties":{"landuse":"farmland"},"geometry":{"type":"Polygon","coordinates":[[[8.0296,48.8535],[8.0352,48.856],[8.0306,48.8562],[8.0296,48.8535]]]}},{"type":"Feature","properties":{"landuse":"farmland"},"geometry":{"type":"Polygon","coordinates":[[[8.0313,48.8485],[8.0419,48.851],[8.0401,48.8548],[8.0355,48.8537],[8.0367,48.8559],[8.0323,48.8544],[8.0313,48.8485]]]}},{"type":"Feature","properties":{"landuse":"farmland"},"geometry":{"type":"Polygon","coordinates":[[[8.027,48.842],[8.0286,48.8422],[8.0248,48.8429],[8.027,48.842]]]}},{"type":"Feature","properties":{"landuse":"orchard"},"geometry":{"type":"Polygon","coordinates":[[[8.0205,48.8485],[8.0223,48.8472],[8.0242,48.8499],[8.0205,48.8485]]]}},{"type":"Feature","properties":{"landuse":"farmland"},"geometry":{"type":"Polygon","coordinates":[[[7.9618,48.8242],[7.9609,48.8265],[7.9588,48.8226],[7.9618,48.8242]]]}},{"type":"Feature","properties":{"landuse":"orchard"},"geometry":{"type":"Polygon","coordinates":[[[7.9694,48.8349],[7.9709,48.8334],[7.9751,48.8351],[7.9694,48.8349]]]}},{"type":"Feature","properties":{"landuse":"orchard"},"geometry":{"type":"Polygon","coordinates":[[[8.0552,48.8615],[8.0563,48.8613],[8.0579,48.864],[8.0552,48.8615]]]}},{"type":"Feature","properties":{"landuse":"orchard"},"geometry":{"type":"Polygon","coordinates":[[[8.0524,48.8588],[8.0525,48.8599],[8.0507,48.8589],[8.0524,48.8588]]]}},{"type":"Feature","properties":{"landuse":"farmland"},"geometry":{"type":"Polygon","coordinates":[[[8.0579,48.864],[8.0563,48.8613],[8.0574,48.8612],[8.0579,48.864]]]}},{"type":"Feature","properties":{"landuse":"farmland"},"geometry":{"type":"Polygon","coordinates":[[[8.0424,48.8542],[8.0419,48.8513],[8.0509,48.8521],[8.0424,48.8542]]]}},{"type":"Feature","properties":{"landuse":"orchard"},"geometry":{"type":"Polygon","coordinates":[[[8.0419,48.8513],[8.0443,48.8533],[8.0434,48.8538],[8.0419,48.8513]]]}},{"type":"Feature","properties":{"landuse":"orchard"},"geometry":{"type":"Polygon","coordinates":[[[8.0454,48.856],[8.0465,48.855],[8.0522,48.8531],[8.0454,48.856]]]}},{"type":"Feature","properties":{"landuse":"farmland"},"geometry":{"type":"Polygon","coordinates":[[[8.0468,48.865],[8.0487,48.8628],[8.0438,48.8611],[8.0444,48.8569],[8.05,48.8559],[8.0584,48.8663],[8.0468,48.865]]]}},{"type":"Feature","properties":{"landuse":"farmland"},"geometry":{"type":"Polygon","coordinates":[[[8.0464,48.8621],[8.0487,48.8628],[8.0458,48.8658],[8.0428,48.8635],[8.0464,48.8621]]]}},{"type":"Feature","properties":{"landuse":"farmland"},"geometry":{"type":"Polygon","coordinates":[[[8.0618,48.8711],[8.0608,48.8694],[8.0635,48.8711],[8.0618,48.8711]]]}},{"type":"Feature","properties":{"landuse":"farmland"},"geometry":{"type":"Polygon","coordinates":[[[7.9764,48.833],[7.981,48.8311],[7.9772,48.8334],[7.9764,48.833]]]}},{"type":"Feature","properties":{"landuse":"orchard"},"geometry":{"type":"Polygon","coordinates":[[[7.9745,48.8304],[7.972,48.8297],[7.9753,48.8298],[7.9745,48.8304]]]}},{"type":"Feature","properties":{"landuse":"farmland"},"geometry":{"type":"Polygon","coordinates":[[[7.9766,48.8324],[7.976,48.8318],[7.9789,48.8312],[7.9766,48.8324]]]}},{"type":"Feature","properties":{"landuse":"farmland"},"geometry":{"type":"Polygon","coordinates":[[[7.9711,48.833],[7.9776,48.8307],[7.9726,48.8344],[7.9711,48.833]]]}},{"type":"Feature","properties":{"landuse":"orchard"},"geometry":{"type":"Polygon","coordinates":[[[8.0369,48.8553],[8.0355,48.8537],[8.0376,48.8533],[8.0369,48.8553]]]}},{"type":"Feature","properties":{"landuse":"farmland"},"geometry":{"type":"Polygon","coordinates":[[[8.0321,48.8587],[8.0226,48.8616],[8.0224,48.8584],[8.0321,48.8587]]]}},{"type":"Feature","properties":{"landuse":"orchard"},"geometry":{"type":"Polygon","coordinates":[[[8.0768,48.862],[8.0785,48.8625],[8.0786,48.8639],[8.0768,48.862]]]}},{"type":"Feature","properties":{"landuse":"farmland"},"geometry":{"type":"Polygon","coordinates":[[[8.0736,48.859],[8.0771,48.8584],[8.0743,48.8608],[8.0736,48.859]]]}},{"type":"Feature","properties":{"landuse":"orchard"},"geometry":{"type":"Polygon","coordinates":[[[8.0698,48.854],[8.0814,48.8516],[8.0747,48.8522],[8.0741,48.8563],[8.0698,48.854]]]}},{"type":"Feature","properties":{"landuse":"farmland"},"geometry":{"type":"Polygon","coordinates":[[[8.0753,48.8539],[8.0751,48.8522],[8.0808,48.8518],[8.0753,48.8539]]]}},{"type":"Feature","properties":{"landuse":"farmland"},"geometry":{"type":"Polygon","coordinates":[[[8.0468,48.8691],[8.046,48.8696],[8.0443,48.8681],[8.0468,48.8691]]]}},{"type":"Feature","properties":{"landuse":"orchard"},"geometry":{"type":"Polygon","coordinates":[[[8.0468,48.8691],[8.0452,48.8678],[8.0484,48.8673],[8.0468,48.8691]]]}},{"type":"Feature","properties":{"landuse":"farmland"},"geometry":{"type":"Polygon","coordinates":[[[7.9239,48.7491],[7.9271,48.7519],[7.9224,48.7501],[7.9239,48.7491]]]}},{"type":"Feature","properties":{"landuse":"farmland"},"geometry":{"type":"Polygon","coordinates":[[[7.9252,48.7655],[7.9296,48.7648],[7.9325,48.7721],[7.9252,48.7655]]]}},{"type":"Feature","properties":{"landuse":"farmland"},"geometry":{"type":"Polygon","coordinates":[[[7.9232,48.7655],[7.9256,48.7627],[7.9292,48.7644],[7.9252,48.7655],[7.9268,48.7681],[7.9232,48.7655]]]}},{"type":"Feature","properties":{"landuse":"farmland"},"geometry":{"type":"Polygon","coordinates":[[[7.9207,48.7664],[7.9204,48.7654],[7.9235,48.7646],[7.9207,48.7664]]]}},{"type":"Feature","properties":{"landuse":"farmland"},"geometry":{"type":"Polygon","coordinates":[[[7.9126,48.7644],[7.9142,48.7625],[7.9154,48.764],[7.9126,48.7644]]]}},{"type":"Feature","properties":{"landuse":"farmland"},"geometry":{"type":"Polygon","coordinates":[[[7.9245,48.777],[7.9262,48.7759],[7.9272,48.7779],[7.9245,48.777]]]}},{"type":"Feature","properties":{"landuse":"farmland"},"geometry":{"type":"Polygon","coordinates":[[[7.9578,48.7649],[7.9615,48.766],[7.9607,48.767],[7.9578,48.7649]]]}},{"type":"Feature","properties":{"landuse":"farmland"},"geometry":{"type":"Polygon","coordinates":[[[7.9489,48.8155],[7.9514,48.815],[7.9515,48.8168],[7.9489,48.8155]]]}},{"type":"Feature","properties":{"landuse":"farmland"},"geometry":{"type":"Polygon","coordinates":[[[7.948,48.8154],[7.9519,48.8172],[7.9488,48.8164],[7.948,48.8154]]]}},{"type":"Feature","properties":{"landuse":"farmland"},"geometry":{"type":"Polygon","coordinates":[[[7.9529,48.8174],[7.9598,48.8172],[7.9574,48.8192],[7.9529,48.8174]]]}},{"type":"Feature","properties":{"landuse":"orchard"},"geometry":{"type":"Polygon","coordinates":[[[7.4473,48.6238],[7.4465,48.6216],[7.4475,48.6222],[7.4473,48.6238]]]}},{"type":"Feature","properties":{"landuse":"orchard"},"geometry":{"type":"Polygon","coordinates":[[[7.9092,48.7398],[7.9109,48.741],[7.9099,48.741],[7.9092,48.7398]]]}},{"type":"Feature","properties":{"landuse":"farmland"},"geometry":{"type":"Polygon","coordinates":[[[7.9454,48.7576],[7.9416,48.7551],[7.945,48.7558],[7.9454,48.7576]]]}},{"type":"Feature","properties":{"landuse":"farmland"},"geometry":{"type":"Polygon","coordinates":[[[7.9426,48.7584],[7.9464,48.7593],[7.9461,48.7619],[7.9426,48.7584]]]}},{"type":"Feature","properties":{"landuse":"farmland"},"geometry":{"type":"Polygon","coordinates":[[[7.9391,48.7586],[7.9426,48.7584],[7.943,48.762],[7.9391,48.7586]]]}},{"type":"Feature","properties":{"landuse":"farmland"},"geometry":{"type":"Polygon","coordinates":[[[7.9268,48.7512],[7.9254,48.7498],[7.9277,48.7494],[7.9268,48.7512]]]}},{"type":"Feature","properties":{"landuse":"orchard"},"geometry":{"type":"Polygon","coordinates":[[[7.9549,48.7651],[7.9592,48.7653],[7.9581,48.7662],[7.9549,48.7651]]]}},{"type":"Feature","properties":{"landuse":"orchard"},"geometry":{"type":"Polygon","coordinates":[[[7.3718,48.1983],[7.3692,48.1983],[7.3715,48.1977],[7.3718,48.1983]]]}},{"type":"Feature","properties":{"landuse":"orchard"},"geometry":{"type":"Polygon","coordinates":[[[7.35,48.1593],[7.3505,48.1604],[7.3451,48.1607],[7.35,48.1593]]]}},{"type":"Feature","properties":{"landuse":"orchard"},"geometry":{"type":"Polygon","coordinates":[[[7.4002,48.2297],[7.3967,48.2302],[7.3997,48.2286],[7.4002,48.2297]]]}},{"type":"Feature","properties":{"landuse":"orchard"},"geometry":{"type":"Polygon","coordinates":[[[7.3977,48.2015],[7.3979,48.2019],[7.3925,48.2016],[7.3977,48.2015]]]}},{"type":"Feature","properties":{"landuse":"farmland"},"geometry":{"type":"Polygon","coordinates":[[[7.9302,48.7647],[7.9331,48.7642],[7.9325,48.7667],[7.9302,48.7647]]]}},{"type":"Feature","properties":{"landuse":"farmland"},"geometry":{"type":"Polygon","coordinates":[[[7.9429,48.7668],[7.9452,48.7675],[7.9438,48.7684],[7.9429,48.7668]]]}},{"type":"Feature","properties":{"landuse":"farmland"},"geometry":{"type":"Polygon","coordinates":[[[7.9407,48.7671],[7.9487,48.7683],[7.9495,48.7734],[7.9529,48.7749],[7.9504,48.7771],[7.9371,48.7705],[7.9379,48.7679],[7.9336,48.7681],[7.9407,48.7671]]]}},{"type":"Feature","properties":{"landuse":"orchard"},"geometry":{"type":"Polygon","coordinates":[[[7.9371,48.7729],[7.9334,48.7729],[7.9325,48.7721],[7.9371,48.7729]]]}},{"type":"Feature","properties":{"landuse":"orchard"},"geometry":{"type":"Polygon","coordinates":[[[7.9317,48.7707],[7.9286,48.7679],[7.9312,48.7686],[7.9317,48.7707]]]}},{"type":"Feature","properties":{"landuse":"farmland"},"geometry":{"type":"Polygon","coordinates":[[[7.9317,48.7707],[7.9316,48.7671],[7.9376,48.7726],[7.9317,48.7707]]]}},{"type":"Feature","properties":{"landuse":"farmland"},"geometry":{"type":"Polygon","coordinates":[[[7.9628,48.7662],[7.9682,48.7665],[7.9685,48.7688],[7.9628,48.7662]]]}},{"type":"Feature","properties":{"landuse":"farmland"},"geometry":{"type":"Polygon","coordinates":[[[7.9545,48.7693],[7.9547,48.7675],[7.9568,48.7684],[7.9545,48.7693]]]}},{"type":"Feature","properties":{"landuse":"farmland"},"geometry":{"type":"Polygon","coordinates":[[[7.9486,48.7704],[7.9509,48.769],[7.9497,48.7708],[7.9486,48.7704]]]}},{"type":"Feature","properties":{"landuse":"farmland"},"geometry":{"type":"Polygon","coordinates":[[[7.9495,48.7687],[7.951,48.7688],[7.9493,48.7704],[7.9495,48.7687]]]}},{"type":"Feature","properties":{"landuse":"orchard"},"geometry":{"type":"Polygon","coordinates":[[[7.9494,48.7683],[7.9538,48.7705],[7.9488,48.7703],[7.9494,48.7683]]]}},{"type":"Feature","properties":{"landuse":"farmland"},"geometry":{"type":"Polygon","coordinates":[[[7.9396,48.7617],[7.9405,48.7628],[7.9383,48.7627],[7.9396,48.7617]]]}},{"type":"Feature","properties":{"landuse":"farmland"},"geometry":{"type":"Polygon","coordinates":[[[7.969,48.8166],[7.9694,48.8136],[7.9732,48.8164],[7.969,48.8166]]]}},{"type":"Feature","properties":{"landuse":"farmland"},"geometry":{"type":"Polygon","coordinates":[[[7.9698,48.8129],[7.9665,48.811],[7.97,48.8086],[7.9721,48.8095],[7.9698,48.8129]]]}},{"type":"Feature","properties":{"landuse":"orchard"},"geometry":{"type":"Polygon","coordinates":[[[7.9791,48.8212],[7.9752,48.8187],[7.9835,48.8217],[7.9791,48.8212]]]}},{"type":"Feature","properties":{"landuse":"orchard"},"geometry":{"type":"Polygon","coordinates":[[[7.9848,48.828],[7.9887,48.8291],[7.9869,48.8313],[7.9848,48.828]]]}},{"type":"Feature","properties":{"landuse":"farmland"},"geometry":{"type":"Polygon","coordinates":[[[7.3347,47.9011],[7.3321,47.9023],[7.3318,47.9017],[7.3347,47.9011]]]}},{"type":"Feature","properties":{"landuse":"farmland"},"geometry":{"type":"Polygon","coordinates":[[[7.3339,47.9043],[7.3326,47.9043],[7.331,47.9013],[7.3339,47.9043]]]}},{"type":"Feature","properties":{"landuse":"farmland"},"geometry":{"type":"Polygon","coordinates":[[[7.9944,48.8232],[8.0032,48.8271],[7.9996,48.8283],[7.9944,48.8232]]]}},{"type":"Feature","properties":{"landuse":"farmland"},"geometry":{"type":"Polygon","coordinates":[[[8.0057,48.8311],[8.0045,48.829],[8.0069,48.8306],[8.0057,48.8311]]]}},{"type":"Feature","properties":{"landuse":"orchard"},"geometry":{"type":"Polygon","coordinates":[[[8.0057,48.8311],[8.0043,48.8313],[8.0045,48.829],[8.0057,48.8311]]]}},{"type":"Feature","properties":{"landuse":"farmland"},"geometry":{"type":"Polygon","coordinates":[[[7.999,48.8296],[8.0032,48.8303],[8.0034,48.8343],[7.9983,48.8346],[7.999,48.8296]]]}},{"type":"Feature","properties":{"landuse":"farmland"},"geometry":{"type":"Polygon","coordinates":[[[8.0933,48.861],[8.0967,48.8614],[8.0928,48.8648],[8.0933,48.861]]]}},{"type":"Feature","properties":{"landuse":"farmland"},"geometry":{"type":"Polygon","coordinates":[[[8.1052,48.8633],[8.1032,48.8643],[8.1075,48.8631],[8.1052,48.8633]]]}},{"type":"Feature","properties":{"landuse":"farmland"},"geometry":{"type":"Polygon","coordinates":[[[8.1053,48.8664],[8.1055,48.8682],[8.1038,48.8682],[8.1053,48.8664]]]}},{"type":"Feature","properties":{"landuse":"farmland"},"geometry":{"type":"Polygon","coordinates":[[[8.1047,48.8666],[8.109,48.8725],[8.1025,48.8683],[8.1047,48.8666]]]}},{"type":"Feature","properties":{"landuse":"farmland"},"geometry":{"type":"Polygon","coordinates":[[[8.1061,48.8728],[8.1037,48.8738],[8.1008,48.8712],[8.1061,48.8728]]]}},{"type":"Feature","properties":{"landuse":"farmland"},"geometry":{"type":"Polygon","coordinates":[[[8.1063,48.876],[8.1041,48.8741],[8.1062,48.8729],[8.1063,48.876]]]}},{"type":"Feature","properties":{"landuse":"farmland"},"geometry":{"type":"Polygon","coordinates":[[[8.1033,48.8702],[8.1042,48.871],[8.1023,48.8714],[8.1033,48.8702]]]}},{"type":"Feature","properties":{"landuse":"farmland"},"geometry":{"type":"Polygon","coordinates":[[[8.1026,48.8693],[8.102,48.8713],[8.1012,48.8707],[8.1026,48.8693]]]}},{"type":"Feature","properties":{"landuse":"farmland"},"geometry":{"type":"Polygon","coordinates":[[[8.1188,48.8812],[8.1233,48.8769],[8.1234,48.8796],[8.1188,48.8812]]]}},{"type":"Feature","properties":{"landuse":"orchard"},"geometry":{"type":"Polygon","coordinates":[[[8.122,48.8839],[8.1229,48.8856],[8.1209,48.8855],[8.122,48.8839]]]}},{"type":"Feature","properties":{"landuse":"orchard"},"geometry":{"type":"Polygon","coordinates":[[[8.0837,48.8695],[8.0851,48.8687],[8.0859,48.8701],[8.0837,48.8695]]]}},{"type":"Feature","properties":{"landuse":"farmland"},"geometry":{"type":"Polygon","coordinates":[[[8.0881,48.8712],[8.0905,48.8705],[8.0919,48.8716],[8.0881,48.8712]]]}},{"type":"Feature","properties":{"landuse":"farmland"},"geometry":{"type":"Polygon","coordinates":[[[8.0104,48.8259],[8.0121,48.8229],[8.0155,48.825],[8.0104,48.8259]]]}},{"type":"Feature","properties":{"landuse":"farmland"},"geometry":{"type":"Polygon","coordinates":[[[8.0062,48.8286],[8.0106,48.8283],[8.0077,48.8303],[8.0062,48.8286]]]}},{"type":"Feature","properties":{"landuse":"farmland"},"geometry":{"type":"Polygon","coordinates":[[[7.6807,48.4578],[7.6786,48.4573],[7.6793,48.4569],[7.6807,48.4578]]]}},{"type":"Feature","properties":{"landuse":"farmland"},"geometry":{"type":"Polygon","coordinates":[[[7.6785,48.4587],[7.6825,48.4591],[7.6824,48.4611],[7.6785,48.4587]]]}},{"type":"Feature","properties":{"landuse":"farmland"},"geometry":{"type":"Polygon","coordinates":[[[7.6768,48.4576],[7.6764,48.4561],[7.6793,48.4555],[7.6768,48.4576]]]}},{"type":"Feature","properties":{"landuse":"green_public_spaces"},"geometry":{"type":"Polygon","coordinates":[[[7.4959,48.5393],[7.4943,48.5407],[7.4934,48.5402],[7.4959,48.5393]]]}},{"type":"Feature","properties":{"landuse":"farmland"},"geometry":{"type":"Polygon","coordinates":[[[8.0437,48.8304],[8.0497,48.8315],[8.0407,48.8311],[8.0437,48.8304]]]}},{"type":"Feature","properties":{"landuse":"farmland"},"geometry":{"type":"Polygon","coordinates":[[[8.0376,48.8319],[8.0408,48.8318],[8.0407,48.8325],[8.0376,48.8319]]]}},{"type":"Feature","properties":{"landuse":"farmland"},"geometry":{"type":"Polygon","coordinates":[[[8.0546,48.8398],[8.057,48.8397],[8.0555,48.8408],[8.0546,48.8398]]]}},{"type":"Feature","properties":{"landuse":"farmland"},"geometry":{"type":"Polygon","coordinates":[[[8.0535,48.8394],[8.0611,48.8371],[8.0579,48.8371],[8.0601,48.8377],[8.0586,48.8403],[8.0535,48.8394]]]}},{"type":"Feature","properties":{"landuse":"farmland"},"geometry":{"type":"Polygon","coordinates":[[[8.0413,48.8257],[8.0475,48.8248],[8.0473,48.8287],[8.0413,48.8257]]]}},{"type":"Feature","properties":{"landuse":"orchard"},"geometry":{"type":"Polygon","coordinates":[[[8.1121,48.8902],[8.1145,48.8895],[8.1136,48.8907],[8.1121,48.8902]]]}},{"type":"Feature","properties":{"landuse":"orchard"},"geometry":{"type":"Polygon","coordinates":[[[8.0593,48.8409],[8.0586,48.8403],[8.0597,48.8397],[8.0593,48.8409]]]}},{"type":"Feature","properties":{"landuse":"orchard"},"geometry":{"type":"Polygon","coordinates":[[[8.0536,48.8396],[8.0562,48.8386],[8.0548,48.8409],[8.0536,48.8396]]]}},{"type":"Feature","properties":{"landuse":"farmland"},"geometry":{"type":"Polygon","coordinates":[[[8.0943,48.8512],[8.0969,48.8502],[8.0978,48.8509],[8.0943,48.8512]]]}},{"type":"Feature","properties":{"landuse":"orchard"},"geometry":{"type":"Polygon","coordinates":[[[7.297,47.8397],[7.2985,47.8391],[7.2988,47.8404],[7.297,47.8397]]]}},{"type":"Feature","properties":{"landuse":"farmland"},"geometry":{"type":"Polygon","coordinates":[[[7.2968,47.8394],[7.2939,47.8409],[7.2931,47.8399],[7.2968,47.8394]]]}},{"type":"Feature","properties":{"landuse":"farmland"},"geometry":{"type":"Polygon","coordinates":[[[7.5247,47.5788],[7.5254,47.579],[7.5245,47.5803],[7.5247,47.5788]]]}},{"type":"Feature","properties":{"landuse":"green_public_spaces"},"geometry":{"type":"Polygon","coordinates":[[[7.6483,48.3423],[7.6471,48.3401],[7.65,48.3416],[7.6483,48.3423]]]}},{"type":"Feature","properties":{"landuse":"farmland"},"geometry":{"type":"Polygon","coordinates":[[[7.8066,48.7158],[7.8089,48.7161],[7.8089,48.7171],[7.8066,48.7158]]]}},{"type":"Feature","properties":{"landuse":"farmland"},"geometry":{"type":"Polygon","coordinates":[[[7.8065,48.7169],[7.808,48.7171],[7.8074,48.7179],[7.8065,48.7169]]]}},{"type":"Feature","properties":{"landuse":"farmland"},"geometry":{"type":"Polygon","coordinates":[[[7.9822,48.8121],[7.9779,48.8089],[7.9835,48.8104],[7.9822,48.8121]]]}},{"type":"Feature","properties":{"landuse":"orchard"},"geometry":{"type":"Polygon","coordinates":[[[8.0104,48.8204],[8.009,48.8198],[8.0102,48.8193],[8.0104,48.8204]]]}},{"type":"Feature","properties":{"landuse":"farmland"},"geometry":{"type":"Polygon","coordinates":[[[8.1135,48.8759],[8.1233,48.8769],[8.116,48.8777],[8.1135,48.8759]]]}},{"type":"Feature","properties":{"landuse":"farmland"},"geometry":{"type":"Polygon","coordinates":[[[8.1109,48.8739],[8.1186,48.8791],[8.1123,48.8808],[8.1089,48.8777],[8.1109,48.8739]]]}},{"type":"Feature","properties":{"landuse":"orchard"},"geometry":{"type":"Polygon","coordinates":[[[8.1027,48.8727],[8.0986,48.8698],[8.099,48.8695],[8.1027,48.8727]]]}},{"type":"Feature","properties":{"landuse":"orchard"},"geometry":{"type":"Polygon","coordinates":[[[8.113,48.8825],[8.1144,48.8822],[8.1154,48.8833],[8.113,48.8825]]]}},{"type":"Feature","properties":{"landuse":"farmland"},"geometry":{"type":"Polygon","coordinates":[[[7.7784,48.8312],[7.7791,48.8333],[7.7758,48.8335],[7.7784,48.8312]]]}},{"type":"Feature","properties":{"landuse":"farmland"},"geometry":{"type":"Polygon","coordinates":[[[7.7795,48.8333],[7.7832,48.8296],[7.7844,48.8336],[7.7795,48.8333]]]}},{"type":"Feature","properties":{"landuse":"farmland"},"geometry":{"type":"Polygon","coordinates":[[[7.7833,48.828],[7.781,48.8266],[7.7842,48.8271],[7.7833,48.828]]]}},{"type":"Feature","properties":{"landuse":"farmland"},"geometry":{"type":"Polygon","coordinates":[[[7.7642,48.8313],[7.7677,48.8316],[7.7648,48.8277],[7.7686,48.8264],[7.772,48.8316],[7.7655,48.8343],[7.7642,48.8313]]]}},{"type":"Feature","properties":{"landuse":"farmland"},"geometry":{"type":"Polygon","coordinates":[[[7.8422,48.7825],[7.8495,48.7828],[7.8476,48.7841],[7.8422,48.7825]]]}},{"type":"Feature","properties":{"landuse":"farmland"},"geometry":{"type":"Polygon","coordinates":[[[7.8085,48.7236],[7.8064,48.722],[7.8096,48.7203],[7.8109,48.7228],[7.8085,48.7236]]]}},{"type":"Feature","properties":{"landuse":"orchard"},"geometry":{"type":"Polygon","coordinates":[[[7.799,48.7295],[7.7968,48.7293],[7.8012,48.7245],[7.799,48.7295]]]}},{"type":"Feature","properties":{"landuse":"farmland"},"geometry":{"type":"Polygon","coordinates":[[[7.8058,48.7291],[7.8116,48.7291],[7.8114,48.7313],[7.8058,48.7291]]]}},{"type":"Feature","properties":{"landuse":"farmland"},"geometry":{"type":"Polygon","coordinates":[[[7.8026,48.7261],[7.8036,48.7263],[7.8068,48.7313],[7.8026,48.7261]]]}},{"type":"Feature","properties":{"landuse":"farmland"},"geometry":{"type":"Polygon","coordinates":[[[7.8054,48.7272],[7.8107,48.7282],[7.8058,48.729],[7.8054,48.7272]]]}},{"type":"Feature","properties":{"landuse":"farmland"},"geometry":{"type":"Polygon","coordinates":[[[7.8087,48.7237],[7.8085,48.7257],[7.8071,48.7233],[7.8087,48.7237]]]}},{"type":"Feature","properties":{"landuse":"farmland"},"geometry":{"type":"Polygon","coordinates":[[[7.809,48.7237],[7.8104,48.7261],[7.8088,48.7258],[7.809,48.7237]]]}},{"type":"Feature","properties":{"landuse":"orchard"},"geometry":{"type":"Polygon","coordinates":[[[7.7944,48.8038],[7.7931,48.8038],[7.7952,48.8034],[7.7944,48.8038]]]}},{"type":"Feature","properties":{"landuse":"farmland"},"geometry":{"type":"Polygon","coordinates":[[[7.7867,48.7865],[7.7896,48.7855],[7.79,48.7868],[7.7867,48.7865]]]}},{"type":"Feature","properties":{"landuse":"farmland"},"geometry":{"type":"Polygon","coordinates":[[[7.7569,48.8196],[7.7569,48.8173],[7.7664,48.8173],[7.7569,48.8196]]]}},{"type":"Feature","properties":{"landuse":"farmland"},"geometry":{"type":"Polygon","coordinates":[[[7.7668,48.8202],[7.7661,48.8187],[7.7702,48.8184],[7.7668,48.8202]]]}},{"type":"Feature","properties":{"landuse":"greenhouse_horticulture"},"geometry":{"type":"Polygon","coordinates":[[[7.7286,48.7097],[7.7284,48.7079],[7.7309,48.7078],[7.7286,48.7097]]]}},{"type":"Feature","properties":{"landuse":"farmland"},"geometry":{"type":"Polygon","coordinates":[[[7.7232,48.6736],[7.7188,48.6728],[7.7201,48.6703],[7.7232,48.6736]]]}},{"type":"Feature","properties":{"landuse":"farmland"},"geometry":{"type":"Polygon","coordinates":[[[7.72,48.6745],[7.718,48.6742],[7.7219,48.6748],[7.72,48.6745]]]}},{"type":"Feature","properties":{"landuse":"farmland"},"geometry":{"type":"Polygon","coordinates":[[[7.2865,47.6595],[7.2857,47.6602],[7.2843,47.6594],[7.2865,47.6595]]]}},{"type":"Feature","properties":{"landuse":"farmland"},"geometry":{"type":"Polygon","coordinates":[[[7.4289,47.6755],[7.4324,47.6753],[7.4311,47.6763],[7.4289,47.6755]]]}},{"type":"Feature","properties":{"landuse":"green_public_spaces"},"geometry":{"type":"Polygon","coordinates":[[[7.3521,47.8977],[7.3381,47.8777],[7.35,47.8807],[7.3521,47.8977]]]}},{"type":"Feature","properties":{"landuse":"farmland"},"geometry":{"type":"Polygon","coordinates":[[[7.5945,47.6234],[7.598,47.625],[7.5899,47.6272],[7.5945,47.6234]]]}},{"type":"Feature","properties":{"landuse":"orchard"},"geometry":{"type":"Polygon","coordinates":[[[7.2824,47.623],[7.2808,47.6228],[7.2807,47.6219],[7.2824,47.623]]]}},{"type":"Feature","properties":{"landuse":"orchard"},"geometry":{"type":"Polygon","coordinates":[[[7.2767,47.6242],[7.2785,47.6255],[7.2775,47.6258],[7.2767,47.6242]]]}},{"type":"Feature","properties":{"landuse":"orchard"},"geometry":{"type":"Polygon","coordinates":[[[7.2783,47.6236],[7.2811,47.6233],[7.2787,47.6241],[7.2783,47.6236]]]}},{"type":"Feature","properties":{"landuse":"farmland"},"geometry":{"type":"Polygon","coordinates":[[[7.2673,47.6296],[7.269,47.6268],[7.2685,47.6298],[7.2673,47.6296]]]}},{"type":"Feature","properties":{"landuse":"green_public_spaces"},"geometry":{"type":"Polygon","coordinates":[[[7.6836,48.9509],[7.6862,48.9522],[7.673,48.9483],[7.6836,48.9509]]]}},{"type":"Feature","properties":{"landuse":"orchard"},"geometry":{"type":"Polygon","coordinates":[[[7.4834,47.5077],[7.4839,47.5056],[7.4863,47.5067],[7.4834,47.5077]]]}},{"type":"Feature","properties":{"landuse":"farmland"},"geometry":{"type":"Polygon","coordinates":[[[7.3546,48.0593],[7.3554,48.0579],[7.358,48.0602],[7.3546,48.0593]]]}},{"type":"Feature","properties":{"landuse":"farmland"},"geometry":{"type":"Polygon","coordinates":[[[7.357,48.0575],[7.3598,48.058],[7.3586,48.0597],[7.357,48.0575]]]}},{"type":"Feature","properties":{"landuse":"farmland"},"geometry":{"type":"Polygon","coordinates":[[[7.3709,48.0685],[7.3698,48.0671],[7.3713,48.0664],[7.3722,48.0685],[7.3709,48.0685]]]}},{"type":"Feature","properties":{"landuse":"green_public_spaces"},"geometry":{"type":"Polygon","coordinates":[[[7.7046,48.7162],[7.7022,48.7144],[7.7054,48.713],[7.7046,48.7162]]]}},{"type":"Feature","properties":{"landuse":"vineyard"},"geometry":{"type":"Polygon","coordinates":[[[7.4932,47.4874],[7.4927,47.4863],[7.4938,47.4862],[7.4932,47.4874]]]}},{"type":"Feature","properties":{"landuse":"farmland"},"geometry":{"type":"Polygon","coordinates":[[[7.7655,48.6044],[7.7692,48.6045],[7.7666,48.6057],[7.7655,48.6044]]]}},{"type":"Feature","properties":{"landuse":"farmland"},"geometry":{"type":"Polygon","coordinates":[[[7.8494,48.6039],[7.8498,48.605],[7.8482,48.6052],[7.8494,48.6039]]]}},{"type":"Feature","properties":{"landuse":"farmland"},"geometry":{"type":"Polygon","coordinates":[[[7.85,48.6045],[7.8506,48.6035],[7.8524,48.6042],[7.85,48.6045]]]}},{"type":"Feature","properties":{"landuse":"farmland"},"geometry":{"type":"Polygon","coordinates":[[[7.8526,48.6044],[7.8521,48.6057],[7.8494,48.6059],[7.8526,48.6044]]]}},{"type":"Feature","properties":{"landuse":"farmland"},"geometry":{"type":"Polygon","coordinates":[[[7.8508,48.606],[7.8526,48.6045],[7.8552,48.605],[7.8508,48.606]]]}},{"type":"Feature","properties":{"landuse":"farmland"},"geometry":{"type":"Polygon","coordinates":[[[7.8558,48.6027],[7.8564,48.6046],[7.8528,48.6039],[7.8558,48.6027]]]}},{"type":"Feature","properties":{"landuse":"farmland"},"geometry":{"type":"Polygon","coordinates":[[[7.8576,48.6036],[7.8571,48.6047],[7.8563,48.6037],[7.8576,48.6036]]]}},{"type":"Feature","properties":{"landuse":"farmland"},"geometry":{"type":"Polygon","coordinates":[[[7.8558,48.6059],[7.8574,48.6084],[7.856,48.6079],[7.8558,48.6059]]]}},{"type":"Feature","properties":{"landuse":"farmland"},"geometry":{"type":"Polygon","coordinates":[[[7.849,48.6059],[7.8538,48.6069],[7.8499,48.6073],[7.849,48.6059]]]}},{"type":"Feature","properties":{"landuse":"orchard"},"geometry":{"type":"Polygon","coordinates":[[[7.8343,48.5953],[7.8366,48.5973],[7.8358,48.6007],[7.8343,48.5953]]]}},{"type":"Feature","properties":{"landuse":"farmland"},"geometry":{"type":"Polygon","coordinates":[[[7.8338,48.5983],[7.8352,48.5976],[7.8346,48.5995],[7.8338,48.5983]]]}},{"type":"Feature","properties":{"landuse":"farmland"},"geometry":{"type":"Polygon","coordinates":[[[7.8315,48.5961],[7.8321,48.5961],[7.8314,48.6021],[7.8315,48.5961]]]}},{"type":"Feature","properties":{"landuse":"farmland"},"geometry":{"type":"Polygon","coordinates":[[[7.8315,48.5961],[7.8313,48.5979],[7.8299,48.5969],[7.8315,48.5961]]]}},{"type":"Feature","properties":{"landuse":"farmland"},"geometry":{"type":"Polygon","coordinates":[[[7.8284,48.5975],[7.8305,48.5975],[7.8311,48.5992],[7.8284,48.5975]]]}},{"type":"Feature","properties":{"landuse":"farmland"},"geometry":{"type":"Polygon","coordinates":[[[7.828,48.5988],[7.8289,48.5985],[7.8299,48.6001],[7.828,48.5988]]]}},{"type":"Feature","properties":{"landuse":"farmland"},"geometry":{"type":"Polygon","coordinates":[[[6.9819,47.7077],[6.9821,47.7064],[6.9875,47.7067],[6.9819,47.7077]]]}},{"type":"Feature","properties":{"landuse":"farmland"},"geometry":{"type":"Polygon","coordinates":[[[6.9875,47.7067],[6.9821,47.7064],[6.9823,47.7054],[6.9875,47.7067]]]}},{"type":"Feature","properties":{"landuse":"green_public_spaces"},"geometry":{"type":"Polygon","coordinates":[[[7.7114,48.5702],[7.7183,48.5703],[7.7164,48.5722],[7.7114,48.5702]]]}},{"type":"Feature","properties":{"landuse":"farmland"},"geometry":{"type":"Polygon","coordinates":[[[7.9409,48.7324],[7.9435,48.7311],[7.9439,48.7327],[7.9409,48.7324]]]}},{"type":"Feature","properties":{"landuse":"farmland"},"geometry":{"type":"Polygon","coordinates":[[[7.9404,48.7333],[7.9388,48.7348],[7.9372,48.7331],[7.9404,48.7333]]]}},{"type":"Feature","properties":{"landuse":"farmland"},"geometry":{"type":"Polygon","coordinates":[[[7.9512,48.7437],[7.9493,48.7438],[7.9511,48.7422],[7.9512,48.7437]]]}},{"type":"Feature","properties":{"landuse":"farmland"},"geometry":{"type":"Polygon","coordinates":[[[7.9496,48.7408],[7.9509,48.7417],[7.9489,48.7433],[7.9496,48.7408]]]}},{"type":"Feature","properties":{"landuse":"farmland"},"geometry":{"type":"Polygon","coordinates":[[[7.9459,48.742],[7.9493,48.7405],[7.9469,48.7425],[7.9459,48.742]]]}},{"type":"Feature","properties":{"landuse":"farmland"},"geometry":{"type":"Polygon","coordinates":[[[7.9275,48.7459],[7.9368,48.751],[7.9307,48.7508],[7.9275,48.7459]]]}},{"type":"Feature","properties":{"landuse":"farmland"},"geometry":{"type":"Polygon","coordinates":[[[7.9301,48.7542],[7.9312,48.7536],[7.932,48.7541],[7.9301,48.7542]]]}},{"type":"Feature","properties":{"landuse":"farmland"},"geometry":{"type":"Polygon","coordinates":[[[7.929,48.7503],[7.9315,48.7534],[7.9293,48.7546],[7.929,48.7503]]]}},{"type":"Feature","properties":{"landuse":"farmland"},"geometry":{"type":"Polygon","coordinates":[[[7.0266,47.7018],[7.024,47.7016],[7.0252,47.7003],[7.0266,47.7018]]]}},{"type":"Feature","properties":{"landuse":"farmland"},"geometry":{"type":"Polygon","coordinates":[[[7.0264,47.7026],[7.0239,47.7027],[7.024,47.7016],[7.0264,47.7026]]]}},{"type":"Feature","properties":{"landuse":"farmland"},"geometry":{"type":"Polygon","coordinates":[[[7.0237,47.7029],[7.0219,47.7024],[7.0236,47.7001],[7.0237,47.7029]]]}},{"type":"Feature","properties":{"landuse":"farmland"},"geometry":{"type":"Polygon","coordinates":[[[6.9962,47.7004],[6.9971,47.6984],[6.9996,47.6991],[6.9962,47.7004]]]}},{"type":"Feature","properties":{"landuse":"farmland"},"geometry":{"type":"Polygon","coordinates":[[[7.4579,48.0777],[7.4613,48.0766],[7.4622,48.0783],[7.4579,48.0777]]]}},{"type":"Feature","properties":{"landuse":"orchard"},"geometry":{"type":"Polygon","coordinates":[[[7.4522,48.5958],[7.453,48.5949],[7.456,48.5966],[7.4522,48.5958]]]}},{"type":"Feature","properties":{"landuse":"orchard"},"geometry":{"type":"Polygon","coordinates":[[[7.4476,48.5949],[7.4508,48.5953],[7.4468,48.5976],[7.4476,48.5949]]]}},{"type":"Feature","properties":{"landuse":"orchard"},"geometry":{"type":"Polygon","coordinates":[[[7.4479,48.5946],[7.4486,48.5935],[7.4518,48.5946],[7.4479,48.5946]]]}},{"type":"Feature","properties":{"landuse":"orchard"},"geometry":{"type":"Polygon","coordinates":[[[7.4942,48.5876],[7.4906,48.5865],[7.4914,48.5862],[7.4942,48.5876]]]}},{"type":"Feature","properties":{"landuse":"orchard"},"geometry":{"type":"Polygon","coordinates":[[[7.4852,48.5873],[7.4829,48.5855],[7.4844,48.5854],[7.4852,48.5873]]]}},{"type":"Feature","properties":{"landuse":"orchard"},"geometry":{"type":"Polygon","coordinates":[[[7.2984,47.9098],[7.301,47.9115],[7.2981,47.9109],[7.2984,47.9098]]]}},{"type":"Feature","properties":{"landuse":"green_public_spaces"},"geometry":{"type":"Polygon","coordinates":[[[7.6064,48.6534],[7.5986,48.6636],[7.6013,48.6567],[7.6064,48.6534]]]}},{"type":"Feature","properties":{"landuse":"farmland"},"geometry":{"type":"Polygon","coordinates":[[[7.2448,47.6376],[7.2426,47.6369],[7.2457,47.6361],[7.2448,47.6376]]]}},{"type":"Feature","properties":{"landuse":"farmland"},"geometry":{"type":"Polygon","coordinates":[[[7.2284,47.8081],[7.2285,47.8062],[7.2303,47.8087],[7.2284,47.8081]]]}},{"type":"Feature","properties":{"landuse":"farmland"},"geometry":{"type":"Polygon","coordinates":[[[7.5705,48.1628],[7.5694,48.1632],[7.5643,48.1599],[7.5705,48.1628]]]}},{"type":"Feature","properties":{"landuse":"farmland"},"geometry":{"type":"Polygon","coordinates":[[[7.5651,48.1594],[7.5643,48.1598],[7.5639,48.1581],[7.5651,48.1594]]]}},{"type":"Feature","properties":{"landuse":"orchard"},"geometry":{"type":"Polygon","coordinates":[[[7.4659,47.6583],[7.4661,47.6574],[7.4678,47.6587],[7.4659,47.6583]]]}},{"type":"Feature","properties":{"landuse":"orchard"},"geometry":{"type":"Polygon","coordinates":[[[7.4693,47.6619],[7.4718,47.6615],[7.479,47.665],[7.4693,47.6619]]]}},{"type":"Feature","properties":{"landuse":"farmland"},"geometry":{"type":"Polygon","coordinates":[[[7.8028,48.7081],[7.8027,48.7069],[7.8035,48.7068],[7.8036,48.7081],[7.8028,48.7081]]]}},{"type":"Feature","properties":{"landuse":"orchard"},"geometry":{"type":"Polygon","coordinates":[[[7.2416,47.8203],[7.2458,47.8206],[7.2438,47.8217],[7.2416,47.8203]]]}},{"type":"Feature","properties":{"landuse":"orchard"},"geometry":{"type":"Polygon","coordinates":[[[7.2455,47.8105],[7.2453,47.8112],[7.2422,47.8109],[7.2455,47.8105]]]}},{"type":"Feature","properties":{"landuse":"farmland"},"geometry":{"type":"Polygon","coordinates":[[[7.23,47.8145],[7.2196,47.8118],[7.2216,47.8083],[7.2352,47.8143],[7.23,47.8145]]]}},{"type":"Feature","properties":{"landuse":"farmland"},"geometry":{"type":"Polygon","coordinates":[[[7.2325,47.8182],[7.2375,47.8168],[7.2411,47.8196],[7.2325,47.8182]]]}},{"type":"Feature","properties":{"landuse":"farmland"},"geometry":{"type":"Polygon","coordinates":[[[7.2519,47.8341],[7.2542,47.8279],[7.2609,47.8302],[7.2605,47.8332],[7.2582,47.8302],[7.2519,47.8341]]]}},{"type":"Feature","properties":{"landuse":"farmland"},"geometry":{"type":"Polygon","coordinates":[[[7.212,47.8093],[7.2068,47.8061],[7.2136,47.808],[7.212,47.8093]]]}},{"type":"Feature","properties":{"landuse":"orchard"},"geometry":{"type":"Polygon","coordinates":[[[7.2684,47.8604],[7.2683,47.8556],[7.2696,47.8594],[7.2684,47.8604]]]}},{"type":"Feature","properties":{"landuse":"farmland"},"geometry":{"type":"Polygon","coordinates":[[[7.5741,47.8194],[7.5798,47.8178],[7.5707,47.8214],[7.5741,47.8194]]]}},{"type":"Feature","properties":{"landuse":"farmland"},"geometry":{"type":"Polygon","coordinates":[[[7.5706,47.8219],[7.5731,47.8229],[7.5746,47.8249],[7.5706,47.8219]]]}},{"type":"Feature","properties":{"landuse":"orchard"},"geometry":{"type":"Polygon","coordinates":[[[7.3654,47.8496],[7.364,47.8488],[7.3655,47.8476],[7.3654,47.8496]]]}},{"type":"Feature","properties":{"landuse":"green_public_spaces"},"geometry":{"type":"Polygon","coordinates":[[[7.3501,47.8669],[7.3526,47.8675],[7.351,47.8682],[7.3501,47.8669]]]}},{"type":"Feature","properties":{"landuse":"orchard"},"geometry":{"type":"Polygon","coordinates":[[[7.3471,47.8108],[7.3463,47.8124],[7.345,47.8124],[7.3471,47.8108]]]}},{"type":"Feature","properties":{"landuse":"orchard"},"geometry":{"type":"Polygon","coordinates":[[[7.353,47.8205],[7.3529,47.8191],[7.354,47.8203],[7.353,47.8205]]]}},{"type":"Feature","properties":{"landuse":"farmland"},"geometry":{"type":"Polygon","coordinates":[[[7.7435,48.4644],[7.7483,48.4654],[7.7486,48.4683],[7.7411,48.4669],[7.74,48.4638],[7.7435,48.4644]]]}},{"type":"Feature","properties":{"landuse":"farmland"},"geometry":{"type":"Polygon","coordinates":[[[7.4994,47.5883],[7.5004,47.587],[7.5016,47.5881],[7.4994,47.5883]]]}},{"type":"Feature","properties":{"landuse":"orchard"},"geometry":{"type":"Polygon","coordinates":[[[7.0957,47.6707],[7.0944,47.6698],[7.0975,47.6711],[7.0957,47.6707]]]}},{"type":"Feature","properties":{"landuse":"farmland"},"geometry":{"type":"Polygon","coordinates":[[[7.1521,49.0096],[7.1583,49.0117],[7.1573,49.0129],[7.1521,49.0096]]]}},{"type":"Feature","properties":{"landuse":"farmland"},"geometry":{"type":"Polygon","coordinates":[[[7.1676,49.0192],[7.1619,49.0148],[7.1725,49.0158],[7.1676,49.0192]]]}},{"type":"Feature","properties":{"landuse":"orchard"},"geometry":{"type":"Polygon","coordinates":[[[7.4929,47.4774],[7.4916,47.4776],[7.4927,47.4765],[7.4929,47.4774]]]}},{"type":"Feature","properties":{"landuse":"orchard"},"geometry":{"type":"Polygon","coordinates":[[[7.582,47.6022],[7.5835,47.6008],[7.5839,47.6017],[7.582,47.6022]]]}},{"type":"Feature","properties":{"landuse":"farmland"},"geometry":{"type":"Polygon","coordinates":[[[7.444,47.478],[7.4414,47.4757],[7.4458,47.4762],[7.444,47.478]]]}},{"type":"Feature","properties":{"landuse":"farmland"},"geometry":{"type":"Polygon","coordinates":[[[7.441,47.4755],[7.4342,47.4706],[7.4431,47.4741],[7.441,47.4755]]]}},{"type":"Feature","properties":{"landuse":"farmland"},"geometry":{"type":"Polygon","coordinates":[[[7.4327,47.4765],[7.4348,47.4719],[7.4406,47.4754],[7.4327,47.4765]]]}},{"type":"Feature","properties":{"landuse":"green_public_spaces"},"geometry":{"type":"Polygon","coordinates":[[[7.7848,48.574],[7.7859,48.5724],[7.7875,48.5738],[7.7848,48.574]]]}},{"type":"Feature","properties":{"landuse":"green_public_spaces"},"geometry":{"type":"Polygon","coordinates":[[[7.0572,47.7559],[7.0592,47.7563],[7.0574,47.7572],[7.0572,47.7559]]]}},{"type":"Feature","properties":{"landuse":"farmland"},"geometry":{"type":"Polygon","coordinates":[[[7.3807,48.1195],[7.3716,48.1221],[7.3731,48.1244],[7.3664,48.1218],[7.3763,48.1172],[7.3807,48.1195]]]}},{"type":"Feature","properties":{"landuse":"orchard"},"geometry":{"type":"Polygon","coordinates":[[[7.4,48.2224],[7.3986,48.2226],[7.4015,48.2207],[7.4024,48.2221],[7.4,48.2224]]]}},{"type":"Feature","properties":{"landuse":"orchard"},"geometry":{"type":"Polygon","coordinates":[[[7.3859,48.2214],[7.3939,48.2226],[7.3935,48.2229],[7.3859,48.2214]]]}},{"type":"Feature","properties":{"landuse":"farmland"},"geometry":{"type":"Polygon","coordinates":[[[7.4306,47.4697],[7.4282,47.4685],[7.4302,47.4663],[7.4306,47.4697]]]}},{"type":"Feature","properties":{"landuse":"farmland"},"geometry":{"type":"Polygon","coordinates":[[[7.5983,47.6153],[7.5972,47.6127],[7.6034,47.6118],[7.604,47.6195],[7.5983,47.6153]]]}},{"type":"Feature","properties":{"landuse":"farmland"},"geometry":{"type":"Polygon","coordinates":[[[7.8673,48.7129],[7.8567,48.7068],[7.8596,48.7063],[7.8528,48.705],[7.8589,48.7016],[7.8683,48.7029],[7.8618,48.7093],[7.8673,48.7129]]]}},{"type":"Feature","properties":{"landuse":"farmland"},"geometry":{"type":"Polygon","coordinates":[[[7.9126,48.7376],[7.9172,48.7365],[7.9211,48.7409],[7.9159,48.7465],[7.898,48.7334],[7.9034,48.733],[7.902,48.736],[7.9116,48.7415],[7.9092,48.7396],[7.9146,48.7389],[7.9126,48.7376]]]}},{"type":"Feature","properties":{"landuse":"farmland"},"geometry":{"type":"Polygon","coordinates":[[[7.914,48.719],[7.9193,48.7172],[7.9313,48.7204],[7.9423,48.7285],[7.9334,48.7338],[7.931,48.7389],[7.9219,48.7414],[7.9172,48.7358],[7.9207,48.7335],[7.9188,48.7253],[7.9111,48.7231],[7.914,48.719]]]}},{"type":"Feature","properties":{"landuse":"farmland"},"geometry":{"type":"Polygon","coordinates":[[[7.1646,47.7957],[7.1663,47.7964],[7.1654,47.7968],[7.1646,47.7957]]]}},{"type":"Feature","properties":{"landuse":"farmland"},"geometry":{"type":"Polygon","coordinates":[[[7.4232,48.7552],[7.4221,48.7549],[7.4268,48.7499],[7.4232,48.7552]]]}},{"type":"Feature","properties":{"landuse":"orchard"},"geometry":{"type":"Polygon","coordinates":[[[7.4979,47.5972],[7.4978,47.5962],[7.5001,47.5953],[7.4979,47.5972]]]}},{"type":"Feature","properties":{"landuse":"orchard"},"geometry":{"type":"Polygon","coordinates":[[[7.4978,47.5934],[7.4954,47.5914],[7.4988,47.5919],[7.4978,47.5934]]]}},{"type":"Feature","properties":{"landuse":"farmland"},"geometry":{"type":"Polygon","coordinates":[[[7.8591,48.6028],[7.8575,48.6021],[7.8595,48.6015],[7.8591,48.6028]]]}},{"type":"Feature","properties":{"landuse":"farmland"},"geometry":{"type":"Polygon","coordinates":[[[7.8619,48.607],[7.8605,48.6072],[7.8607,48.6059],[7.8619,48.607]]]}},{"type":"Feature","properties":{"landuse":"farmland"},"geometry":{"type":"Polygon","coordinates":[[[7.8592,48.6086],[7.8596,48.606],[7.8629,48.6081],[7.8592,48.6086]]]}},{"type":"Feature","properties":{"landuse":"farmland"},"geometry":{"type":"Polygon","coordinates":[[[7.8585,48.6041],[7.8592,48.6082],[7.8566,48.6062],[7.8585,48.6041]]]}},{"type":"Feature","properties":{"landuse":"farmland"},"geometry":{"type":"Polygon","coordinates":[[[7.8591,48.604],[7.8624,48.6034],[7.862,48.6057],[7.8591,48.604]]]}},{"type":"Feature","properties":{"landuse":"farmland"},"geometry":{"type":"Polygon","coordinates":[[[7.8692,48.6135],[7.8703,48.6076],[7.8705,48.6133],[7.8692,48.6135]]]}},{"type":"Feature","properties":{"landuse":"farmland"},"geometry":{"type":"Polygon","coordinates":[[[7.8687,48.6074],[7.8701,48.6073],[7.869,48.6135],[7.8687,48.6074]]]}},{"type":"Feature","properties":{"landuse":"farmland"},"geometry":{"type":"Polygon","coordinates":[[[7.8681,48.6117],[7.8681,48.6132],[7.8668,48.6118],[7.8681,48.6117]]]}},{"type":"Feature","properties":{"landuse":"farmland"},"geometry":{"type":"Polygon","coordinates":[[[7.8663,48.614],[7.8658,48.6119],[7.8668,48.6118],[7.8663,48.614]]]}},{"type":"Feature","properties":{"landuse":"farmland"},"geometry":{"type":"Polygon","coordinates":[[[7.8646,48.6132],[7.8658,48.6119],[7.866,48.613],[7.8646,48.6132]]]}},{"type":"Feature","properties":{"landuse":"farmland"},"geometry":{"type":"Polygon","coordinates":[[[7.8666,48.6082],[7.8683,48.6081],[7.8681,48.6117],[7.8666,48.6082]]]}},{"type":"Feature","properties":{"landuse":"farmland"},"geometry":{"type":"Polygon","coordinates":[[[7.8646,48.612],[7.8647,48.6083],[7.8667,48.6118],[7.8646,48.612]]]}},{"type":"Feature","properties":{"landuse":"orchard"},"geometry":{"type":"Polygon","coordinates":[[[7.5296,48.8817],[7.529,48.8801],[7.5304,48.88],[7.5296,48.8817]]]}},{"type":"Feature","properties":{"landuse":"farmland"},"geometry":{"type":"Polygon","coordinates":[[[7.4915,48.7417],[7.4896,48.7409],[7.4951,48.7413],[7.4915,48.7417]]]}},{"type":"Feature","properties":{"landuse":"orchard"},"geometry":{"type":"Polygon","coordinates":[[[7.2349,48.2737],[7.2352,48.2711],[7.2377,48.2728],[7.2349,48.2737]]]}},{"type":"Feature","properties":{"landuse":"orchard"},"geometry":{"type":"Polygon","coordinates":[[[7.6729,48.4453],[7.6693,48.4448],[7.6732,48.4447],[7.6729,48.4453]]]}},{"type":"Feature","properties":{"landuse":"farmland"},"geometry":{"type":"Polygon","coordinates":[[[7.8601,48.6003],[7.8614,48.5995],[7.8626,48.6003],[7.8601,48.6003]]]}},{"type":"Feature","properties":{"landuse":"farmland"},"geometry":{"type":"Polygon","coordinates":[[[7.8591,48.5996],[7.8613,48.5994],[7.8601,48.6003],[7.8591,48.5996]]]}},{"type":"Feature","properties":{"landuse":"farmland"},"geometry":{"type":"Polygon","coordinates":[[[7.8577,48.5994],[7.8589,48.5983],[7.8603,48.5988],[7.8577,48.5994]]]}},{"type":"Feature","properties":{"landuse":"farmland"},"geometry":{"type":"Polygon","coordinates":[[[7.8571,48.5995],[7.86,48.6003],[7.8575,48.601],[7.8571,48.5995]]]}},{"type":"Feature","properties":{"landuse":"farmland"},"geometry":{"type":"Polygon","coordinates":[[[7.8598,48.5978],[7.8606,48.5974],[7.8621,48.5993],[7.8598,48.5978]]]}},{"type":"Feature","properties":{"landuse":"farmland"},"geometry":{"type":"Polygon","coordinates":[[[7.8384,48.6012],[7.8378,48.6001],[7.8411,48.5998],[7.8384,48.6012]]]}},{"type":"Feature","properties":{"landuse":"orchard"},"geometry":{"type":"Polygon","coordinates":[[[7.8479,48.5997],[7.8444,48.5987],[7.8461,48.5978],[7.8479,48.5997]]]}},{"type":"Feature","properties":{"landuse":"farmland"},"geometry":{"type":"Polygon","coordinates":[[[7.846,48.602],[7.8435,48.6022],[7.8475,48.6014],[7.846,48.602]]]}},{"type":"Feature","properties":{"landuse":"farmland"},"geometry":{"type":"Polygon","coordinates":[[[7.8494,48.6012],[7.8474,48.5981],[7.8516,48.6019],[7.8494,48.6012]]]}},{"type":"Feature","properties":{"landuse":"farmland"},"geometry":{"type":"Polygon","coordinates":[[[7.8541,48.6015],[7.8515,48.5968],[7.8553,48.5966],[7.8573,48.601],[7.8541,48.6015]]]}},{"type":"Feature","properties":{"landuse":"farmland"},"geometry":{"type":"Polygon","coordinates":[[[7.8536,48.5949],[7.8542,48.594],[7.8561,48.5948],[7.8536,48.5949]]]}},{"type":"Feature","properties":{"landuse":"farmland"},"geometry":{"type":"Polygon","coordinates":[[[7.8461,48.597],[7.8465,48.5958],[7.8487,48.5969],[7.8461,48.597]]]}},{"type":"Feature","properties":{"landuse":"farmland"},"geometry":{"type":"Polygon","coordinates":[[[7.8511,48.5984],[7.8534,48.5997],[7.8478,48.598],[7.8511,48.5984]]]}},{"type":"Feature","properties":{"landuse":"farmland"},"geometry":{"type":"Polygon","coordinates":[[[7.8467,48.6004],[7.8436,48.6013],[7.8444,48.5987],[7.8467,48.6004]]]}},{"type":"Feature","properties":{"landuse":"farmland"},"geometry":{"type":"Polygon","coordinates":[[[7.8468,48.5954],[7.8456,48.5951],[7.8477,48.5944],[7.8468,48.5954]]]}},{"type":"Feature","properties":{"landuse":"farmland"},"geometry":{"type":"Polygon","coordinates":[[[7.8435,48.5987],[7.8423,48.6001],[7.8415,48.5985],[7.8435,48.5987]]]}},{"type":"Feature","properties":{"landuse":"farmland"},"geometry":{"type":"Polygon","coordinates":[[[7.8418,48.5978],[7.8423,48.5972],[7.845,48.5982],[7.8418,48.5978]]]}},{"type":"Feature","properties":{"landuse":"farmland"},"geometry":{"type":"Polygon","coordinates":[[[7.8434,48.5952],[7.8464,48.5958],[7.846,48.5968],[7.8434,48.5952]]]}},{"type":"Feature","properties":{"landuse":"farmland"},"geometry":{"type":"Polygon","coordinates":[[[7.8641,48.5977],[7.8614,48.5974],[7.8613,48.5961],[7.8641,48.5977]]]}},{"type":"Feature","properties":{"landuse":"farmland"},"geometry":{"type":"Polygon","coordinates":[[[7.8432,48.5935],[7.8414,48.5936],[7.8416,48.5921],[7.8432,48.5935]]]}},{"type":"Feature","properties":{"landuse":"vineyard"},"geometry":{"type":"Polygon","coordinates":[[[7.5877,48.6908],[7.5906,48.692],[7.5861,48.6922],[7.5877,48.6908]]]}},{"type":"Feature","properties":{"landuse":"orchard"},"geometry":{"type":"Polygon","coordinates":[[[7.5763,48.6895],[7.5781,48.6895],[7.5743,48.6914],[7.5763,48.6895]]]}},{"type":"Feature","properties":{"landuse":"orchard"},"geometry":{"type":"Polygon","coordinates":[[[7.5741,48.6879],[7.5727,48.6876],[7.5746,48.6872],[7.5741,48.6879]]]}},{"type":"Feature","properties":{"landuse":"farmland"},"geometry":{"type":"Polygon","coordinates":[[[7.8604,48.5962],[7.8585,48.5961],[7.8597,48.595],[7.8604,48.5962]]]}},{"type":"Feature","properties":{"landuse":"vineyard"},"geometry":{"type":"Polygon","coordinates":[[[7.5173,48.5848],[7.5142,48.5854],[7.5146,48.5831],[7.5184,48.5827],[7.5173,48.5848]]]}},{"type":"Feature","properties":{"landuse":"orchard"},"geometry":{"type":"Polygon","coordinates":[[[7.4522,48.5646],[7.4531,48.5633],[7.4541,48.564],[7.4522,48.5646]]]}},{"type":"Feature","properties":{"landuse":"orchard"},"geometry":{"type":"Polygon","coordinates":[[[7.4502,48.5658],[7.4512,48.565],[7.4527,48.5658],[7.4502,48.5658]]]}},{"type":"Feature","properties":{"landuse":"farmland"},"geometry":{"type":"Polygon","coordinates":[[[7.8412,48.5942],[7.844,48.5961],[7.8415,48.597],[7.8412,48.5942]]]}},{"type":"Feature","properties":{"landuse":"farmland"},"geometry":{"type":"Polygon","coordinates":[[[7.8356,48.5948],[7.8402,48.5927],[7.841,48.5936],[7.8356,48.5948]]]}},{"type":"Feature","properties":{"landuse":"farmland"},"geometry":{"type":"Polygon","coordinates":[[[7.8415,48.592],[7.8431,48.5911],[7.8458,48.5932],[7.8415,48.592]]]}},{"type":"Feature","properties":{"landuse":"farmland"},"geometry":{"type":"Polygon","coordinates":[[[7.8364,48.5995],[7.8397,48.5988],[7.8385,48.5995],[7.8415,48.5999],[7.8364,48.5995]]]}},{"type":"Feature","properties":{"landuse":"farmland"},"geometry":{"type":"Polygon","coordinates":[[[7.8372,48.5962],[7.8398,48.5945],[7.8413,48.5981],[7.8364,48.5992],[7.8372,48.5962]]]}},{"type":"Feature","properties":{"landuse":"orchard"},"geometry":{"type":"Polygon","coordinates":[[[7.2101,48.4747],[7.2085,48.477],[7.2091,48.4748],[7.2101,48.4747]]]}},{"type":"Feature","properties":{"landuse":"farmland"},"geometry":{"type":"Polygon","coordinates":[[[7.8435,48.5914],[7.8488,48.593],[7.847,48.5941],[7.8435,48.5914]]]}},{"type":"Feature","properties":{"landuse":"farmland"},"geometry":{"type":"Polygon","coordinates":[[[7.8353,48.5938],[7.8371,48.5932],[7.8373,48.5938],[7.8353,48.5938]]]}},{"type":"Feature","properties":{"landuse":"orchard"},"geometry":{"type":"Polygon","coordinates":[[[7.5308,48.7039],[7.5314,48.7048],[7.5297,48.7048],[7.5308,48.7039]]]}},{"type":"Feature","properties":{"landuse":"orchard"},"geometry":{"type":"Polygon","coordinates":[[[7.5315,48.7057],[7.5359,48.7036],[7.5357,48.7062],[7.5315,48.7057]]]}},{"type":"Feature","properties":{"landuse":"orchard"},"geometry":{"type":"Polygon","coordinates":[[[7.5122,48.4299],[7.5124,48.4269],[7.5146,48.4298],[7.5122,48.4299]]]}},{"type":"Feature","properties":{"landuse":"orchard"},"geometry":{"type":"Polygon","coordinates":[[[7.5152,48.4298],[7.5151,48.4283],[7.516,48.428],[7.5152,48.4298]]]}},{"type":"Feature","properties":{"landuse":"orchard"},"geometry":{"type":"Polygon","coordinates":[[[7.5282,48.423],[7.5266,48.424],[7.525,48.4228],[7.5282,48.423]]]}},{"type":"Feature","properties":{"landuse":"farmland"},"geometry":{"type":"Polygon","coordinates":[[[7.8363,48.5915],[7.8367,48.5931],[7.8333,48.5927],[7.8363,48.5915]]]}},{"type":"Feature","properties":{"landuse":"orchard"},"geometry":{"type":"Polygon","coordinates":[[[7.4462,48.6394],[7.4466,48.6386],[7.4478,48.639],[7.4462,48.6394]]]}},{"type":"Feature","properties":{"landuse":"farmland"},"geometry":{"type":"Polygon","coordinates":[[[7.9166,48.7612],[7.9118,48.7592],[7.9125,48.7538],[7.9209,48.752],[7.9141,48.7573],[7.9166,48.7612]]]}},{"type":"Feature","properties":{"landuse":"farmland"},"geometry":{"type":"Polygon","coordinates":[[[7.9083,48.7636],[7.9109,48.7642],[7.9079,48.7664],[7.898,48.7575],[7.9083,48.7636]]]}},{"type":"Feature","properties":{"landuse":"farmland"},"geometry":{"type":"Polygon","coordinates":[[[7.8973,48.755],[7.901,48.7547],[7.898,48.7575],[7.8973,48.755]]]}},{"type":"Feature","properties":{"landuse":"farmland"},"geometry":{"type":"Polygon","coordinates":[[[7.8805,48.7524],[7.878,48.7564],[7.8858,48.7571],[7.879,48.7624],[7.8644,48.7629],[7.8633,48.7531],[7.8805,48.7524]]]}},{"type":"Feature","properties":{"landuse":"farmland"},"geometry":{"type":"Polygon","coordinates":[[[7.8755,48.7671],[7.8947,48.7535],[7.9013,48.7712],[7.8754,48.7798],[7.8704,48.7747],[7.8755,48.7671]]]}},{"type":"Feature","properties":{"landuse":"farmland"},"geometry":{"type":"Polygon","coordinates":[[[7.8754,48.7798],[7.9047,48.77],[7.9079,48.7664],[7.9242,48.7777],[7.8991,48.7869],[7.8899,48.783],[7.8871,48.7866],[7.8754,48.7798]]]}},{"type":"Feature","properties":{"landuse":"orchard"},"geometry":{"type":"Polygon","coordinates":[[[7.905,48.7544],[7.9065,48.755],[7.9046,48.7548],[7.905,48.7544]]]}},{"type":"Feature","properties":{"landuse":"farmland"},"geometry":{"type":"Polygon","coordinates":[[[7.8963,48.7521],[7.8976,48.7506],[7.9023,48.7521],[7.8963,48.7521]]]}},{"type":"Feature","properties":{"landuse":"farmland"},"geometry":{"type":"Polygon","coordinates":[[[7.9093,48.7496],[7.8988,48.7469],[7.903,48.7414],[7.9093,48.7496]]]}},{"type":"Feature","properties":{"landuse":"farmland"},"geometry":{"type":"Polygon","coordinates":[[[7.915,48.7517],[7.9131,48.7526],[7.9116,48.7509],[7.915,48.7517]]]}},{"type":"Feature","properties":{"landuse":"farmland"},"geometry":{"type":"Polygon","coordinates":[[[7.915,48.7481],[7.9206,48.7516],[7.9146,48.7513],[7.915,48.7481]]]}},{"type":"Feature","properties":{"landuse":"orchard"},"geometry":{"type":"Polygon","coordinates":[[[7.7306,48.7369],[7.7334,48.7383],[7.7314,48.7394],[7.7306,48.7369]]]}},{"type":"Feature","properties":{"landuse":"orchard"},"geometry":{"type":"Polygon","coordinates":[[[7.7286,48.7404],[7.7254,48.7429],[7.7249,48.74],[7.7286,48.7404]]]}},{"type":"Feature","properties":{"landuse":"orchard"},"geometry":{"type":"Polygon","coordinates":[[[7.7276,48.7442],[7.722,48.7473],[7.7234,48.7498],[7.72,48.7488],[7.7276,48.7442]]]}},{"type":"Feature","properties":{"landuse":"farmland"},"geometry":{"type":"Polygon","coordinates":[[[7.7218,48.7374],[7.7233,48.7345],[7.7321,48.7365],[7.7218,48.7374]]]}},{"type":"Feature","properties":{"landuse":"greenhouse_horticulture"},"geometry":{"type":"Polygon","coordinates":[[[7.7265,48.7258],[7.7288,48.7263],[7.7269,48.7268],[7.7265,48.7258]]]}},{"type":"Feature","properties":{"landuse":"farmland"},"geometry":{"type":"Polygon","coordinates":[[[7.7321,48.7301],[7.7249,48.7288],[7.722,48.7251],[7.7277,48.7208],[7.7292,48.7234],[7.7397,48.7223],[7.7385,48.7267],[7.74,48.7237],[7.7438,48.7273],[7.7492,48.7232],[7.7543,48.7292],[7.7569,48.7404],[7.7558,48.7424],[7.7432,48.7387],[7.7429,48.7343],[7.7314,48.7335],[7.7337,48.7333],[7.7321,48.7301]]]}},{"type":"Feature","properties":{"landuse":"farmland"},"geometry":{"type":"Polygon","coordinates":[[[7.7232,48.7306],[7.7321,48.7301],[7.7284,48.7321],[7.7362,48.7362],[7.7243,48.735],[7.7232,48.7306]]]}},{"type":"Feature","properties":{"landuse":"farmland"},"geometry":{"type":"Polygon","coordinates":[[[7.7368,48.7365],[7.7367,48.7341],[7.7403,48.7345],[7.7432,48.7387],[7.7368,48.7365]]]}},{"type":"Feature","properties":{"landuse":"farmland"},"geometry":{"type":"Polygon","coordinates":[[[7.7321,48.7365],[7.7346,48.737],[7.7334,48.7383],[7.7321,48.7365]]]}},{"type":"Feature","properties":{"landuse":"orchard"},"geometry":{"type":"Polygon","coordinates":[[[7.7253,48.7388],[7.7292,48.7373],[7.7272,48.7399],[7.7253,48.7388]]]}},{"type":"Feature","properties":{"landuse":"orchard"},"geometry":{"type":"Polygon","coordinates":[[[7.7293,48.7379],[7.7299,48.7389],[7.7278,48.7395],[7.7293,48.7379]]]}},{"type":"Feature","properties":{"landuse":"orchard"},"geometry":{"type":"Polygon","coordinates":[[[7.729,48.7407],[7.7309,48.7424],[7.7287,48.7426],[7.729,48.7407]]]}},{"type":"Feature","properties":{"landuse":"orchard"},"geometry":{"type":"Polygon","coordinates":[[[7.7235,48.7412],[7.7225,48.7396],[7.7237,48.7385],[7.7235,48.7412]]]}},{"type":"Feature","properties":{"landuse":"orchard"},"geometry":{"type":"Polygon","coordinates":[[[7.7427,48.7233],[7.7417,48.7223],[7.7427,48.7222],[7.7427,48.7233]]]}},{"type":"Feature","properties":{"landuse":"farmland"},"geometry":{"type":"Polygon","coordinates":[[[7.7348,48.7233],[7.7417,48.721],[7.7427,48.7247],[7.7348,48.7233]]]}},{"type":"Feature","properties":{"landuse":"farmland"},"geometry":{"type":"Polygon","coordinates":[[[7.7457,48.7255],[7.7444,48.726],[7.745,48.7245],[7.7457,48.7255]]]}},{"type":"Feature","properties":{"landuse":"orchard"},"geometry":{"type":"Polygon","coordinates":[[[7.7457,48.7255],[7.7486,48.7232],[7.7473,48.7276],[7.7457,48.7255]]]}},{"type":"Feature","properties":{"landuse":"orchard"},"geometry":{"type":"Polygon","coordinates":[[[7.7417,48.726],[7.7413,48.7235],[7.745,48.7245],[7.7441,48.7273],[7.7417,48.726]]]}},{"type":"Feature","properties":{"landuse":"orchard"},"geometry":{"type":"Polygon","coordinates":[[[7.7379,48.7248],[7.74,48.7237],[7.7409,48.7261],[7.7379,48.7248]]]}},{"type":"Feature","properties":{"landuse":"farmland"},"geometry":{"type":"Polygon","coordinates":[[[7.7229,48.7312],[7.7221,48.7334],[7.7212,48.7327],[7.7229,48.7312]]]}},{"type":"Feature","properties":{"landuse":"orchard"},"geometry":{"type":"Polygon","coordinates":[[[7.7367,48.7341],[7.742,48.7383],[7.7363,48.7372],[7.7367,48.7341]]]}},{"type":"Feature","properties":{"landuse":"orchard"},"geometry":{"type":"Polygon","coordinates":[[[7.7375,48.7348],[7.7403,48.7343],[7.7392,48.7361],[7.7375,48.7348]]]}},{"type":"Feature","properties":{"landuse":"farmland"},"geometry":{"type":"Polygon","coordinates":[[[7.8039,48.7244],[7.8062,48.7231],[7.8066,48.7254],[7.8039,48.7244]]]}},{"type":"Feature","properties":{"landuse":"farmland"},"geometry":{"type":"Polygon","coordinates":[[[7.7555,48.7102],[7.7567,48.7141],[7.749,48.7143],[7.7494,48.7166],[7.7321,48.7152],[7.7134,48.7204],[7.7121,48.7177],[7.7191,48.7155],[7.7264,48.7171],[7.7263,48.7143],[7.7386,48.7138],[7.7383,48.7105],[7.7311,48.7098],[7.7135,48.7155],[7.7092,48.7139],[7.7121,48.7074],[7.7099,48.7071],[7.7242,48.7086],[7.7239,48.7054],[7.7444,48.7037],[7.7468,48.6981],[7.7503,48.6982],[7.7555,48.7102]]]}},{"type":"Feature","properties":{"landuse":"farmland"},"geometry":{"type":"Polygon","coordinates":[[[7.758,48.7149],[7.7569,48.7119],[7.7603,48.7106],[7.7607,48.715],[7.758,48.7149]]]}},{"type":"Feature","properties":{"landuse":"orchard"},"geometry":{"type":"Polygon","coordinates":[[[7.6984,48.7312],[7.7005,48.7314],[7.6987,48.7322],[7.6984,48.7312]]]}},{"type":"Feature","properties":{"landuse":"orchard"},"geometry":{"type":"Polygon","coordinates":[[[7.7416,48.7359],[7.7416,48.734],[7.7429,48.7343],[7.7416,48.7359]]]}},{"type":"Feature","properties":{"landuse":"orchard"},"geometry":{"type":"Polygon","coordinates":[[[7.8234,48.7255],[7.8241,48.724],[7.8249,48.7241],[7.8234,48.7255]]]}},{"type":"Feature","properties":{"landuse":"orchard"},"geometry":{"type":"Polygon","coordinates":[[[7.8408,48.717],[7.839,48.7176],[7.839,48.7161],[7.8408,48.717]]]}},{"type":"Feature","properties":{"landuse":"orchard"},"geometry":{"type":"Polygon","coordinates":[[[7.8461,48.7156],[7.8427,48.7149],[7.8456,48.7149],[7.8461,48.7156]]]}},{"type":"Feature","properties":{"landuse":"farmland"},"geometry":{"type":"Polygon","coordinates":[[[7.8383,48.7315],[7.8502,48.7264],[7.8588,48.7257],[7.8602,48.7286],[7.8517,48.7355],[7.8383,48.7315]]]}},{"type":"Feature","properties":{"landuse":"farmland"},"geometry":{"type":"Polygon","coordinates":[[[7.8387,48.7344],[7.836,48.7322],[7.8445,48.7341],[7.8387,48.7344]]]}},{"type":"Feature","properties":{"landuse":"farmland"},"geometry":{"type":"Polygon","coordinates":[[[7.8148,48.677],[7.8138,48.6797],[7.8204,48.6808],[7.8178,48.6823],[7.8207,48.6811],[7.826,48.6876],[7.8299,48.6805],[7.8374,48.6859],[7.8335,48.6881],[7.8345,48.6864],[7.8292,48.6859],[7.8347,48.6888],[7.8295,48.693],[7.8263,48.6877],[7.8269,48.6908],[7.8206,48.6888],[7.8218,48.6854],[7.8184,48.6871],[7.8097,48.6799],[7.8148,48.677]]]}},{"type":"Feature","properties":{"landuse":"farmland"},"geometry":{"type":"Polygon","coordinates":[[[7.8476,48.69],[7.8522,48.6909],[7.8446,48.6922],[7.8482,48.6934],[7.8411,48.6979],[7.8357,48.6957],[7.8381,48.6941],[7.8315,48.693],[7.835,48.6889],[7.8476,48.69]]]}},{"type":"Feature","properties":{"landuse":"farmland"},"geometry":{"type":"Polygon","coordinates":[[[7.8479,48.6893],[7.8358,48.689],[7.8383,48.6859],[7.8479,48.6893]]]}},{"type":"Feature","properties":{"landuse":"farmland"},"geometry":{"type":"Polygon","coordinates":[[[7.8034,48.728],[7.8051,48.7304],[7.8025,48.7298],[7.8034,48.728]]]}},{"type":"Feature","properties":{"landuse":"orchard"},"geometry":{"type":"Polygon","coordinates":[[[7.8047,48.7268],[7.8022,48.7255],[7.8059,48.726],[7.8047,48.7268]]]}},{"type":"Feature","properties":{"landuse":"farmland"},"geometry":{"type":"Polygon","coordinates":[[[7.8997,48.7501],[7.9026,48.7497],[7.9027,48.7518],[7.8997,48.7501]]]}},{"type":"Feature","properties":{"landuse":"farmland"},"geometry":{"type":"Polygon","coordinates":[[[7.903,48.7518],[7.9028,48.7508],[7.9048,48.7512],[7.903,48.7518]]]}},{"type":"Feature","properties":{"landuse":"orchard"},"geometry":{"type":"Polygon","coordinates":[[[7.9053,48.7602],[7.9065,48.7597],[7.9088,48.7615],[7.9053,48.7602]]]}},{"type":"Feature","properties":{"landuse":"farmland"},"geometry":{"type":"Polygon","coordinates":[[[7.8579,48.7532],[7.8615,48.7531],[7.8608,48.7542],[7.8579,48.7532]]]}},{"type":"Feature","properties":{"landuse":"orchard"},"geometry":{"type":"Polygon","coordinates":[[[7.8665,48.7526],[7.8662,48.7513],[7.867,48.7512],[7.8665,48.7526]]]}},{"type":"Feature","properties":{"landuse":"orchard"},"geometry":{"type":"Polygon","coordinates":[[[7.8733,48.752],[7.8748,48.752],[7.8741,48.7534],[7.8733,48.752]]]}},{"type":"Feature","properties":{"landuse":"farmland"},"geometry":{"type":"Polygon","coordinates":[[[7.7531,48.8153],[7.7554,48.8152],[7.7558,48.8199],[7.7502,48.8211],[7.7494,48.8162],[7.7531,48.8153]]]}},{"type":"Feature","properties":{"landuse":"orchard"},"geometry":{"type":"Polygon","coordinates":[[[7.0836,47.8416],[7.0859,47.8413],[7.0849,47.8422],[7.0836,47.8416]]]}},{"type":"Feature","properties":{"landuse":"orchard"},"geometry":{"type":"Polygon","coordinates":[[[8.0757,48.851],[8.0761,48.8498],[8.077,48.85],[8.0757,48.851]]]}},{"type":"Feature","properties":{"landuse":"farmland"},"geometry":{"type":"Polygon","coordinates":[[[7.5574,48.0123],[7.5546,48.0126],[7.5552,48.0117],[7.5574,48.0123]]]}},{"type":"Feature","properties":{"landuse":"orchard"},"geometry":{"type":"Polygon","coordinates":[[[7.6495,48.7546],[7.6487,48.7524],[7.6497,48.7522],[7.6495,48.7546]]]}},{"type":"Feature","properties":{"landuse":"orchard"},"geometry":{"type":"Polygon","coordinates":[[[7.3465,48.1465],[7.3451,48.1463],[7.3451,48.1427],[7.3465,48.1465]]]}},{"type":"Feature","properties":{"landuse":"orchard"},"geometry":{"type":"Polygon","coordinates":[[[7.349,48.1381],[7.3536,48.1379],[7.3495,48.1398],[7.349,48.1381]]]}},{"type":"Feature","properties":{"landuse":"orchard"},"geometry":{"type":"Polygon","coordinates":[[[7.3534,48.1603],[7.3568,48.1584],[7.357,48.16],[7.3534,48.1603]]]}},{"type":"Feature","properties":{"landuse":"orchard"},"geometry":{"type":"Polygon","coordinates":[[[7.3623,48.1531],[7.3607,48.1536],[7.3632,48.1535],[7.3616,48.1543],[7.3604,48.1534],[7.3623,48.1531]]]}},{"type":"Feature","properties":{"landuse":"farmland"},"geometry":{"type":"Polygon","coordinates":[[[7.3605,48.1575],[7.3624,48.1553],[7.3627,48.1573],[7.3605,48.1575]]]}},{"type":"Feature","properties":{"landuse":"orchard"},"geometry":{"type":"Polygon","coordinates":[[[7.3775,48.1595],[7.372,48.1576],[7.3783,48.1575],[7.3756,48.158],[7.3775,48.1595]]]}},{"type":"Feature","properties":{"landuse":"farmland"},"geometry":{"type":"Polygon","coordinates":[[[7.3605,48.1174],[7.3642,48.1175],[7.3645,48.1196],[7.3605,48.1174]]]}},{"type":"Feature","properties":{"landuse":"farmland"},"geometry":{"type":"Polygon","coordinates":[[[7.6296,48.3687],[7.6334,48.3691],[7.6302,48.3709],[7.6296,48.3687]]]}},{"type":"Feature","properties":{"landuse":"farmland"},"geometry":{"type":"Polygon","coordinates":[[[7.6319,48.3745],[7.6264,48.3743],[7.628,48.3728],[7.6319,48.3745]]]}},{"type":"Feature","properties":{"landuse":"farmland"},"geometry":{"type":"Polygon","coordinates":[[[7.6301,48.371],[7.628,48.3726],[7.6232,48.3672],[7.6258,48.3661],[7.6301,48.371]]]}},{"type":"Feature","properties":{"landuse":"farmland"},"geometry":{"type":"Polygon","coordinates":[[[7.7369,48.6767],[7.7466,48.6742],[7.7469,48.6773],[7.7369,48.6767]]]}},{"type":"Feature","properties":{"landuse":"green_public_spaces"},"geometry":{"type":"Polygon","coordinates":[[[7.5716,47.5087],[7.572,47.5067],[7.5754,47.5069],[7.5716,47.5087]]]}},{"type":"Feature","properties":{"landuse":"vineyard"},"geometry":{"type":"Polygon","coordinates":[[[7.5608,47.5071],[7.5654,47.5066],[7.5668,47.5077],[7.5608,47.5071]]]}},{"type":"Feature","properties":{"landuse":"green_public_spaces"},"geometry":{"type":"Polygon","coordinates":[[[7.564,47.5175],[7.5649,47.5171],[7.5663,47.5189],[7.564,47.5175]]]}},{"type":"Feature","properties":{"landuse":"farmland"},"geometry":{"type":"Polygon","coordinates":[[[7.1393,47.6269],[7.1376,47.6274],[7.1367,47.6264],[7.1393,47.6269]]]}},{"type":"Feature","properties":{"landuse":"farmland"},"geometry":{"type":"Polygon","coordinates":[[[7.1261,47.6288],[7.1283,47.6284],[7.1284,47.6293],[7.1261,47.6288]]]}},{"type":"Feature","properties":{"landuse":"farmland"},"geometry":{"type":"Polygon","coordinates":[[[7.7899,48.4391],[7.793,48.4392],[7.7907,48.4411],[7.7899,48.4391]]]}},{"type":"Feature","properties":{"landuse":"farmland"},"geometry":{"type":"Polygon","coordinates":[[[7.7904,48.4421],[7.7874,48.4389],[7.7898,48.4391],[7.7904,48.4421]]]}},{"type":"Feature","properties":{"landuse":"farmland"},"geometry":{"type":"Polygon","coordinates":[[[7.7902,48.4435],[7.7909,48.4416],[7.7915,48.4433],[7.7902,48.4435]]]}},{"type":"Feature","properties":{"landuse":"farmland"},"geometry":{"type":"Polygon","coordinates":[[[7.7316,48.4794],[7.7296,48.4798],[7.7296,48.478],[7.7316,48.4794]]]}},{"type":"Feature","properties":{"landuse":"farmland"},"geometry":{"type":"Polygon","coordinates":[[[7.7347,48.4841],[7.7392,48.4858],[7.7363,48.4877],[7.7347,48.4841]]]}},{"type":"Feature","properties":{"landuse":"farmland"},"geometry":{"type":"Polygon","coordinates":[[[7.7339,48.4831],[7.7367,48.4905],[7.7295,48.4861],[7.7295,48.4831],[7.7339,48.4831]]]}},{"type":"Feature","properties":{"landuse":"farmland"},"geometry":{"type":"Polygon","coordinates":[[[7.7408,48.4922],[7.7365,48.488],[7.741,48.4883],[7.7408,48.4922]]]}},{"type":"Feature","properties":{"landuse":"farmland"},"geometry":{"type":"Polygon","coordinates":[[[7.7331,48.4917],[7.7348,48.4926],[7.7313,48.4922],[7.7331,48.4917]]]}},{"type":"Feature","properties":{"landuse":"farmland"},"geometry":{"type":"Polygon","coordinates":[[[7.7384,48.4982],[7.7472,48.4961],[7.7359,48.4997],[7.7384,48.4982]]]}},{"type":"Feature","properties":{"landuse":"farmland"},"geometry":{"type":"Polygon","coordinates":[[[7.7552,48.496],[7.7541,48.4973],[7.7523,48.4971],[7.7552,48.496]]]}},{"type":"Feature","properties":{"landuse":"farmland"},"geometry":{"type":"Polygon","coordinates":[[[7.7566,48.4957],[7.762,48.4954],[7.7592,48.4978],[7.7566,48.4957]]]}},{"type":"Feature","properties":{"landuse":"farmland"},"geometry":{"type":"Polygon","coordinates":[[[7.7631,48.495],[7.7618,48.4936],[7.7661,48.4918],[7.7631,48.495]]]}},{"type":"Feature","properties":{"landuse":"farmland"},"geometry":{"type":"Polygon","coordinates":[[[7.7604,48.4884],[7.7618,48.4876],[7.7628,48.4885],[7.7604,48.4884]]]}},{"type":"Feature","properties":{"landuse":"farmland"},"geometry":{"type":"Polygon","coordinates":[[[7.7334,48.4913],[7.7408,48.4923],[7.7367,48.4933],[7.7334,48.4913]]]}},{"type":"Feature","properties":{"landuse":"farmland"},"geometry":{"type":"Polygon","coordinates":[[[7.734,48.4784],[7.7389,48.4759],[7.7408,48.4779],[7.7343,48.4829],[7.7377,48.4797],[7.7319,48.4794],[7.734,48.4784]]]}},{"type":"Feature","properties":{"landuse":"farmland"},"geometry":{"type":"Polygon","coordinates":[[[7.7183,48.4831],[7.721,48.4826],[7.7188,48.484],[7.7183,48.4831]]]}},{"type":"Feature","properties":{"landuse":"farmland"},"geometry":{"type":"Polygon","coordinates":[[[7.7395,48.4991],[7.7396,48.5009],[7.7356,48.5003],[7.7395,48.4991]]]}},{"type":"Feature","properties":{"landuse":"farmland"},"geometry":{"type":"Polygon","coordinates":[[[7.7505,48.4993],[7.7497,48.497],[7.7527,48.4986],[7.7505,48.4993]]]}},{"type":"Feature","properties":{"landuse":"farmland"},"geometry":{"type":"Polygon","coordinates":[[[7.7412,48.4984],[7.7466,48.4976],[7.7444,48.4993],[7.7412,48.4984]]]}},{"type":"Feature","properties":{"landuse":"farmland"},"geometry":{"type":"Polygon","coordinates":[[[7.7399,48.5006],[7.7414,48.4987],[7.7442,48.5015],[7.7399,48.5006]]]}},{"type":"Feature","properties":{"landuse":"farmland"},"geometry":{"type":"Polygon","coordinates":[[[7.7338,48.4485],[7.7348,48.4473],[7.7352,48.4482],[7.7338,48.4485]]]}},{"type":"Feature","properties":{"landuse":"farmland"},"geometry":{"type":"Polygon","coordinates":[[[7.7428,48.4685],[7.7383,48.4679],[7.7379,48.4653],[7.7428,48.4685]]]}},{"type":"Feature","properties":{"landuse":"farmland"},"geometry":{"type":"Polygon","coordinates":[[[7.7441,48.4687],[7.7457,48.4678],[7.7457,48.469],[7.7441,48.4687]]]}},{"type":"Feature","properties":{"landuse":"farmland"},"geometry":{"type":"Polygon","coordinates":[[[7.7324,48.4703],[7.7342,48.4705],[7.7356,48.4719],[7.7324,48.4703]]]}},{"type":"Feature","properties":{"landuse":"farmland"},"geometry":{"type":"Polygon","coordinates":[[[7.7401,48.4743],[7.7378,48.4756],[7.7376,48.4735],[7.7401,48.4743]]]}},{"type":"Feature","properties":{"landuse":"farmland"},"geometry":{"type":"Polygon","coordinates":[[[7.7355,48.47],[7.7367,48.4683],[7.7356,48.4693],[7.7383,48.4691],[7.7355,48.47]]]}},{"type":"Feature","properties":{"landuse":"orchard"},"geometry":{"type":"Polygon","coordinates":[[[7.7362,48.4714],[7.7353,48.4701],[7.737,48.4707],[7.7362,48.4714]]]}},{"type":"Feature","properties":{"landuse":"farmland"},"geometry":{"type":"Polygon","coordinates":[[[7.7355,48.4719],[7.7344,48.4742],[7.7307,48.472],[7.7355,48.4719]]]}},{"type":"Feature","properties":{"landuse":"greenhouse_horticulture"},"geometry":{"type":"Polygon","coordinates":[[[7.5419,47.5266],[7.5409,47.5258],[7.5434,47.5243],[7.5419,47.5266]]]}},{"type":"Feature","properties":{"landuse":"orchard"},"geometry":{"type":"Polygon","coordinates":[[[7.0901,47.7578],[7.0876,47.7591],[7.0873,47.7583],[7.0901,47.7578]]]}},{"type":"Feature","properties":{"landuse":"orchard"},"geometry":{"type":"Polygon","coordinates":[[[7.3208,47.711],[7.3217,47.7106],[7.3229,47.7115],[7.3208,47.711]]]}},{"type":"Feature","properties":{"landuse":"orchard"},"geometry":{"type":"Polygon","coordinates":[[[7.297,47.928],[7.2974,47.9311],[7.2965,47.9306],[7.297,47.928]]]}},{"type":"Feature","properties":{"landuse":"farmland"},"geometry":{"type":"Polygon","coordinates":[[[7.3652,47.8259],[7.3627,47.828],[7.3621,47.8259],[7.3652,47.8259]]]}},{"type":"Feature","properties":{"landuse":"orchard"},"geometry":{"type":"Polygon","coordinates":[[[7.7151,48.6716],[7.7126,48.6721],[7.7104,48.671],[7.7151,48.6716]]]}},{"type":"Feature","properties":{"landuse":"farmland"},"geometry":{"type":"Polygon","coordinates":[[[7.6658,48.6768],[7.6853,48.6723],[7.7005,48.6758],[7.6936,48.6788],[7.6908,48.6764],[7.6905,48.6802],[7.6831,48.6815],[7.6949,48.6863],[7.6918,48.6893],[7.6951,48.6907],[7.6695,48.6921],[7.6617,48.683],[7.6658,48.6768]]]}},{"type":"Feature","properties":{"landuse":"orchard"},"geometry":{"type":"Polygon","coordinates":[[[7.4467,48.6076],[7.4422,48.6076],[7.4485,48.6097],[7.4364,48.6147],[7.4359,48.6115],[7.4415,48.6086],[7.439,48.6085],[7.4467,48.6076]]]}},{"type":"Feature","properties":{"landuse":"farmland"},"geometry":{"type":"Polygon","coordinates":[[[7.4498,48.6094],[7.4419,48.6082],[7.4486,48.6074],[7.4498,48.6094]]]}},{"type":"Feature","properties":{"landuse":"farmland"},"geometry":{"type":"Polygon","coordinates":[[[7.4449,48.5882],[7.4417,48.587],[7.4425,48.5862],[7.4449,48.5882]]]}},{"type":"Feature","properties":{"landuse":"farmland"},"geometry":{"type":"Polygon","coordinates":[[[7.4452,48.5883],[7.4498,48.5882],[7.4488,48.5898],[7.4452,48.5883]]]}},{"type":"Feature","properties":{"landuse":"farmland"},"geometry":{"type":"Polygon","coordinates":[[[7.2522,48.7783],[7.2537,48.7768],[7.2593,48.7774],[7.2522,48.7783]]]}},{"type":"Feature","properties":{"landuse":"farmland"},"geometry":{"type":"Polygon","coordinates":[[[7.2418,48.7711],[7.2444,48.7702],[7.2455,48.7709],[7.2418,48.7711]]]}},{"type":"Feature","properties":{"landuse":"farmland"},"geometry":{"type":"Polygon","coordinates":[[[7.634,48.6914],[7.6323,48.6845],[7.6423,48.685],[7.6329,48.6842],[7.622,48.6788],[7.6219,48.676],[7.6358,48.67],[7.6406,48.6623],[7.65,48.6639],[7.6566,48.6689],[7.6574,48.6745],[7.6486,48.6717],[7.6464,48.6741],[7.6572,48.6748],[7.6479,48.679],[7.654,48.6829],[7.644,48.6895],[7.6377,48.6884],[7.634,48.6914]]]}},{"type":"Feature","properties":{"landuse":"farmland"},"geometry":{"type":"Polygon","coordinates":[[[7.4099,48.7198],[7.4083,48.7282],[7.3972,48.7352],[7.4024,48.7393],[7.3905,48.7421],[7.3904,48.7376],[7.3843,48.7302],[7.3946,48.7283],[7.391,48.7246],[7.3962,48.7216],[7.4099,48.7198]]]}},{"type":"Feature","properties":{"landuse":"orchard"},"geometry":{"type":"Polygon","coordinates":[[[7.4119,48.7168],[7.4126,48.7153],[7.4128,48.7168],[7.4157,48.7161],[7.4119,48.7168]]]}},{"type":"Feature","properties":{"landuse":"orchard"},"geometry":{"type":"Polygon","coordinates":[[[7.426,48.6328],[7.4238,48.6336],[7.4235,48.6322],[7.426,48.6328]]]}},{"type":"Feature","properties":{"landuse":"orchard"},"geometry":{"type":"Polygon","coordinates":[[[7.5173,48.7353],[7.5165,48.7334],[7.5193,48.7342],[7.5173,48.7353]]]}},{"type":"Feature","properties":{"landuse":"farmland"},"geometry":{"type":"Polygon","coordinates":[[[7.5033,48.7406],[7.5127,48.7314],[7.5191,48.7311],[7.5153,48.7314],[7.5172,48.7377],[7.5198,48.737],[7.5113,48.7405],[7.5135,48.741],[7.5033,48.7406]]]}},{"type":"Feature","properties":{"landuse":"green_public_spaces"},"geometry":{"type":"Polygon","coordinates":[[[7.2179,48.4802],[7.2174,48.4793],[7.2211,48.4812],[7.2179,48.4802]]]}},{"type":"Feature","properties":{"landuse":"farmland"},"geometry":{"type":"Polygon","coordinates":[[[7.3992,48.71],[7.3927,48.706],[7.3913,48.7016],[7.4015,48.705],[7.3892,48.6958],[7.4101,48.6954],[7.41,48.6986],[7.4347,48.7034],[7.4281,48.7153],[7.42,48.7139],[7.4246,48.7124],[7.4226,48.7112],[7.4184,48.7129],[7.4099,48.7087],[7.3992,48.71]]]}},{"type":"Feature","properties":{"landuse":"orchard"},"geometry":{"type":"Polygon","coordinates":[[[7.6924,48.6309],[7.6898,48.6301],[7.6946,48.6294],[7.6924,48.6309]]]}},{"type":"Feature","properties":{"landuse":"farmland"},"geometry":{"type":"Polygon","coordinates":[[[7.6912,48.6252],[7.6945,48.6292],[7.6898,48.6295],[7.696,48.6329],[7.6747,48.6324],[7.6813,48.6299],[7.6789,48.6299],[7.6795,48.6222],[7.6853,48.618],[7.6905,48.6201],[7.6888,48.6222],[7.6912,48.6252]]]}},{"type":"Feature","properties":{"landuse":"orchard"},"geometry":{"type":"Polygon","coordinates":[[[7.6669,48.6277],[7.6674,48.6269],[7.6692,48.6272],[7.6669,48.6277]]]}},{"type":"Feature","properties":{"landuse":"green_public_spaces"},"geometry":{"type":"Polygon","coordinates":[[[7.7757,48.4267],[7.7663,48.4196],[7.7589,48.4204],[7.7704,48.4204],[7.7747,48.416],[7.7717,48.4211],[7.7783,48.427],[7.7681,48.4348],[7.7762,48.4372],[7.773,48.4395],[7.7777,48.4444],[7.7757,48.4501],[7.7653,48.4494],[7.7605,48.4409],[7.7654,48.4404],[7.7636,48.4367],[7.7757,48.4267]]]}},{"type":"Feature","properties":{"landuse":"farmland"},"geometry":{"type":"Polygon","coordinates":[[[7.4092,48.687],[7.4146,48.6954],[7.411,48.6929],[7.4092,48.6954],[7.3967,48.6935],[7.4042,48.6855],[7.4092,48.687]]]}},{"type":"Feature","properties":{"landuse":"orchard"},"geometry":{"type":"Polygon","coordinates":[[[7.6919,48.6475],[7.6946,48.6468],[7.696,48.6484],[7.6919,48.6475]]]}},{"type":"Feature","properties":{"landuse":"orchard"},"geometry":{"type":"Polygon","coordinates":[[[7.6667,48.6448],[7.6629,48.6452],[7.6628,48.6445],[7.6667,48.6448]]]}},{"type":"Feature","properties":{"landuse":"farmland"},"geometry":{"type":"Polygon","coordinates":[[[7.6628,48.6518],[7.6524,48.6431],[7.649,48.6389],[7.6543,48.6394],[7.6473,48.6365],[7.645,48.6315],[7.6652,48.633],[7.6609,48.6349],[7.6677,48.6374],[7.6677,48.6433],[7.6629,48.6452],[7.6667,48.6448],[7.6629,48.6462],[7.6653,48.6468],[7.6628,48.6518]]]}},{"type":"Feature","properties":{"landuse":"orchard"},"geometry":{"type":"Polygon","coordinates":[[[7.7131,48.6481],[7.7146,48.647],[7.7148,48.6487],[7.7131,48.6481]]]}},{"type":"Feature","properties":{"landuse":"farmland"},"geometry":{"type":"Polygon","coordinates":[[[7.7176,48.6478],[7.7206,48.6477],[7.7181,48.6622],[7.7018,48.6573],[7.7055,48.6554],[7.7053,48.6458],[7.7176,48.6478]]]}},{"type":"Feature","properties":{"landuse":"orchard"},"geometry":{"type":"Polygon","coordinates":[[[7.6564,48.6761],[7.6551,48.6751],[7.6567,48.6755],[7.6564,48.6761]]]}},{"type":"Feature","properties":{"landuse":"orchard"},"geometry":{"type":"Polygon","coordinates":[[[7.6583,48.6767],[7.6596,48.6758],[7.6594,48.6775],[7.6583,48.6767]]]}},{"type":"Feature","properties":{"landuse":"orchard"},"geometry":{"type":"Polygon","coordinates":[[[7.6845,48.6818],[7.6886,48.6824],[7.683,48.6816],[7.6845,48.6818]]]}},{"type":"Feature","properties":{"landuse":"orchard"},"geometry":{"type":"Polygon","coordinates":[[[7.7101,48.6785],[7.7112,48.6787],[7.7089,48.683],[7.7101,48.6785]]]}},{"type":"Feature","properties":{"landuse":"farmland"},"geometry":{"type":"Polygon","coordinates":[[[7.7101,48.6785],[7.7053,48.6895],[7.6961,48.6906],[7.6978,48.6867],[7.7021,48.6884],[7.6993,48.6787],[7.7023,48.675],[7.7101,48.6785]]]}},{"type":"Feature","properties":{"landuse":"orchard"},"geometry":{"type":"Polygon","coordinates":[[[7.4717,48.6573],[7.4735,48.6587],[7.4723,48.6585],[7.4717,48.6573]]]}},{"type":"Feature","properties":{"landuse":"farmland"},"geometry":{"type":"Polygon","coordinates":[[[7.657,48.6833],[7.6558,48.6805],[7.6619,48.6813],[7.6678,48.6916],[7.6392,48.6936],[7.6549,48.6838],[7.6571,48.6848],[7.655,48.6886],[7.6576,48.689],[7.6592,48.6847],[7.657,48.6833]]]}},{"type":"Feature","properties":{"landuse":"farmland"},"geometry":{"type":"Polygon","coordinates":[[[7.6257,48.6323],[7.6236,48.6322],[7.6437,48.6314],[7.6474,48.6378],[7.6448,48.6378],[7.6519,48.6432],[7.6456,48.6475],[7.6211,48.6499],[7.6257,48.6473],[7.6097,48.6418],[7.6119,48.6415],[7.609,48.6371],[7.6116,48.6346],[7.6198,48.6348],[7.6226,48.6321],[7.6249,48.6349],[7.6257,48.6323]]]}},{"type":"Feature","properties":{"landuse":"farmland"},"geometry":{"type":"Polygon","coordinates":[[[7.5421,48.6832],[7.5382,48.6824],[7.5408,48.6791],[7.5438,48.6803],[7.5421,48.6832]]]}},{"type":"Feature","properties":{"landuse":"orchard"},"geometry":{"type":"Polygon","coordinates":[[[7.6574,48.6745],[7.6465,48.6741],[7.6476,48.6718],[7.6574,48.6745]]]}},{"type":"Feature","properties":{"landuse":"farmland"},"geometry":{"type":"Polygon","coordinates":[[[7.6613,48.6556],[7.6883,48.6713],[7.6567,48.6769],[7.6566,48.6689],[7.6485,48.6619],[7.6613,48.6556]]]}},{"type":"Feature","properties":{"landuse":"orchard"},"geometry":{"type":"Polygon","coordinates":[[[7.6072,48.6525],[7.6178,48.6511],[7.6123,48.6522],[7.6072,48.6525]]]}},{"type":"Feature","properties":{"landuse":"farmland"},"geometry":{"type":"Polygon","coordinates":[[[7.5988,48.6444],[7.6089,48.6411],[7.6141,48.648],[7.62,48.6489],[7.6036,48.6517],[7.5983,48.6636],[7.5869,48.6628],[7.5958,48.6588],[7.5889,48.6602],[7.5831,48.656],[7.5828,48.6589],[7.5736,48.6593],[7.5769,48.6545],[7.5988,48.6444]]]}},{"type":"Feature","properties":{"landuse":"farmland"},"geometry":{"type":"Polygon","coordinates":[[[7.6097,48.666],[7.6187,48.6606],[7.624,48.6632],[7.6196,48.6583],[7.6093,48.6608],[7.6108,48.6574],[7.608,48.6525],[7.6466,48.6491],[7.6531,48.6448],[7.6622,48.6539],[7.6491,48.6588],[7.6383,48.6587],[7.6389,48.6637],[7.6345,48.6687],[7.6271,48.669],[7.633,48.6684],[7.6297,48.6693],[7.6327,48.6691],[7.6285,48.6742],[7.6261,48.6697],[7.6259,48.6734],[7.6172,48.6739],[7.6095,48.6698],[7.6079,48.6664],[7.6154,48.6686],[7.6097,48.666]]]}},{"type":"Feature","properties":{"landuse":"farmland"},"geometry":{"type":"Polygon","coordinates":[[[7.5625,48.7134],[7.5578,48.7049],[7.5727,48.7032],[7.5697,48.7026],[7.5742,48.7002],[7.5639,48.6977],[7.5696,48.6944],[7.5849,48.6943],[7.5883,48.6915],[7.599,48.6969],[7.5972,48.698],[7.613,48.701],[7.6156,48.7045],[7.5625,48.7134]]]}},{"type":"Feature","properties":{"landuse":"farmland"},"geometry":{"type":"Polygon","coordinates":[[[7.5787,48.6871],[7.5792,48.6859],[7.5798,48.6873],[7.5787,48.6871]]]}},{"type":"Feature","properties":{"landuse":"orchard"},"geometry":{"type":"Polygon","coordinates":[[[7.5834,48.6861],[7.5825,48.6852],[7.5848,48.6858],[7.5834,48.6861]]]}},{"type":"Feature","properties":{"landuse":"orchard"},"geometry":{"type":"Polygon","coordinates":[[[7.5458,48.7139],[7.5426,48.7126],[7.5443,48.7124],[7.5458,48.7139]]]}},{"type":"Feature","properties":{"landuse":"orchard"},"geometry":{"type":"Polygon","coordinates":[[[7.536,48.7149],[7.5366,48.7132],[7.5393,48.713],[7.536,48.7149]]]}},{"type":"Feature","properties":{"landuse":"farmland"},"geometry":{"type":"Polygon","coordinates":[[[7.5344,48.7085],[7.5365,48.7088],[7.5359,48.7097],[7.5344,48.7085]]]}},{"type":"Feature","properties":{"landuse":"farmland"},"geometry":{"type":"Polygon","coordinates":[[[7.5355,48.7182],[7.5377,48.7133],[7.5456,48.714],[7.5386,48.7096],[7.5415,48.7044],[7.5568,48.7043],[7.5625,48.7134],[7.5355,48.7182]]]}},{"type":"Feature","properties":{"landuse":"green_public_spaces"},"geometry":{"type":"Polygon","coordinates":[[[7.5633,48.6849],[7.5659,48.6847],[7.5667,48.6856],[7.5633,48.6849]]]}},{"type":"Feature","properties":{"landuse":"orchard"},"geometry":{"type":"Polygon","coordinates":[[[7.6589,48.7073],[7.6611,48.7069],[7.6599,48.708],[7.6589,48.7073]]]}},{"type":"Feature","properties":{"landuse":"orchard"},"geometry":{"type":"Polygon","coordinates":[[[7.6619,48.7114],[7.6616,48.7096],[7.6625,48.7114],[7.6619,48.7114]]]}},{"type":"Feature","properties":{"landuse":"orchard"},"geometry":{"type":"Polygon","coordinates":[[[7.4089,48.7139],[7.4102,48.7128],[7.4121,48.7137],[7.4089,48.7139]]]}},{"type":"Feature","properties":{"landuse":"orchard"},"geometry":{"type":"Polygon","coordinates":[[[7.4178,48.7143],[7.415,48.7143],[7.4163,48.7136],[7.4178,48.7143]]]}},{"type":"Feature","properties":{"landuse":"orchard"},"geometry":{"type":"Polygon","coordinates":[[[7.4212,48.6941],[7.4206,48.6952],[7.4175,48.6946],[7.4212,48.6941]]]}},{"type":"Feature","properties":{"landuse":"orchard"},"geometry":{"type":"Polygon","coordinates":[[[7.3817,48.7815],[7.384,48.783],[7.3765,48.785],[7.376,48.7812],[7.3817,48.7815]]]}},{"type":"Feature","properties":{"landuse":"farmland"},"geometry":{"type":"Polygon","coordinates":[[[7.4586,48.5974],[7.4556,48.5975],[7.456,48.5966],[7.4586,48.5974]]]}},{"type":"Feature","properties":{"landuse":"orchard"},"geometry":{"type":"Polygon","coordinates":[[[7.462,48.6158],[7.4587,48.6166],[7.4601,48.617],[7.459,48.6163],[7.4612,48.6151],[7.462,48.6158]]]}},{"type":"Feature","properties":{"landuse":"farmland"},"geometry":{"type":"Polygon","coordinates":[[[7.4622,48.612],[7.4605,48.6127],[7.461,48.6115],[7.4622,48.612]]]}},{"type":"Feature","properties":{"landuse":"orchard"},"geometry":{"type":"Polygon","coordinates":[[[7.4565,48.6095],[7.4554,48.6114],[7.4549,48.609],[7.4565,48.6095]]]}},{"type":"Feature","properties":{"landuse":"orchard"},"geometry":{"type":"Polygon","coordinates":[[[7.4665,48.6077],[7.4648,48.6067],[7.4682,48.606],[7.4665,48.6077]]]}},{"type":"Feature","properties":{"landuse":"farmland"},"geometry":{"type":"Polygon","coordinates":[[[7.4735,48.617],[7.4754,48.6171],[7.4735,48.6185],[7.4735,48.617]]]}},{"type":"Feature","properties":{"landuse":"orchard"},"geometry":{"type":"Polygon","coordinates":[[[7.4716,48.6157],[7.4691,48.6165],[7.4703,48.6151],[7.4716,48.6157]]]}},{"type":"Feature","properties":{"landuse":"farmland"},"geometry":{"type":"Polygon","coordinates":[[[7.4653,48.6124],[7.4668,48.6125],[7.4661,48.6136],[7.4653,48.6124]]]}},{"type":"Feature","properties":{"landuse":"orchard"},"geometry":{"type":"Polygon","coordinates":[[[7.4641,48.6144],[7.4623,48.613],[7.4665,48.6148],[7.4641,48.6144]]]}},{"type":"Feature","properties":{"landuse":"orchard"},"geometry":{"type":"Polygon","coordinates":[[[7.4664,48.6155],[7.4668,48.6125],[7.4701,48.6143],[7.4664,48.6155]]]}},{"type":"Feature","properties":{"landuse":"orchard"},"geometry":{"type":"Polygon","coordinates":[[[7.4596,48.6385],[7.4604,48.6373],[7.4639,48.6385],[7.4596,48.6385]]]}},{"type":"Feature","properties":{"landuse":"farmland"},"geometry":{"type":"Polygon","coordinates":[[[7.4693,48.5932],[7.4708,48.5926],[7.4688,48.5945],[7.4693,48.5932]]]}},{"type":"Feature","properties":{"landuse":"orchard"},"geometry":{"type":"Polygon","coordinates":[[[7.4831,48.5737],[7.4834,48.5721],[7.4848,48.5731],[7.4831,48.5737]]]}},{"type":"Feature","properties":{"landuse":"farmland"},"geometry":{"type":"Polygon","coordinates":[[[7.4792,48.5718],[7.4762,48.573],[7.4713,48.5713],[7.4792,48.5718]]]}},{"type":"Feature","properties":{"landuse":"orchard"},"geometry":{"type":"Polygon","coordinates":[[[7.4713,48.571],[7.4727,48.5714],[7.4693,48.5714],[7.4713,48.571]]]}},{"type":"Feature","properties":{"landuse":"vineyard"},"geometry":{"type":"Polygon","coordinates":[[[7.5013,48.5911],[7.5015,48.5904],[7.5034,48.5906],[7.5013,48.5911]]]}},{"type":"Feature","properties":{"landuse":"orchard"},"geometry":{"type":"Polygon","coordinates":[[[7.5061,48.5597],[7.5094,48.5596],[7.5072,48.5606],[7.5061,48.5597]]]}},{"type":"Feature","properties":{"landuse":"farmland"},"geometry":{"type":"Polygon","coordinates":[[[7.5055,48.5581],[7.5041,48.5594],[7.5032,48.5577],[7.5055,48.5581]]]}},{"type":"Feature","properties":{"landuse":"orchard"},"geometry":{"type":"Polygon","coordinates":[[[7.5073,48.5639],[7.5086,48.5655],[7.5029,48.5645],[7.5073,48.5639]]]}},{"type":"Feature","properties":{"landuse":"orchard"},"geometry":{"type":"Polygon","coordinates":[[[7.4936,48.5642],[7.4943,48.5631],[7.4962,48.5636],[7.4936,48.5642]]]}},{"type":"Feature","properties":{"landuse":"orchard"},"geometry":{"type":"Polygon","coordinates":[[[7.4919,48.5668],[7.4879,48.5673],[7.4939,48.5654],[7.4919,48.5668]]]}},{"type":"Feature","properties":{"landuse":"orchard"},"geometry":{"type":"Polygon","coordinates":[[[7.6236,48.5514],[7.6249,48.5502],[7.6262,48.5519],[7.6236,48.5514]]]}},{"type":"Feature","properties":{"landuse":"orchard"},"geometry":{"type":"Polygon","coordinates":[[[7.5577,48.565],[7.5593,48.564],[7.5591,48.5654],[7.5577,48.565]]]}},{"type":"Feature","properties":{"landuse":"orchard"},"geometry":{"type":"Polygon","coordinates":[[[7.5548,48.5682],[7.5586,48.5665],[7.5585,48.5692],[7.5548,48.5682]]]}},{"type":"Feature","properties":{"landuse":"orchard"},"geometry":{"type":"Polygon","coordinates":[[[7.5515,48.5684],[7.5545,48.5689],[7.5526,48.5694],[7.5515,48.5684]]]}},{"type":"Feature","properties":{"landuse":"farmland"},"geometry":{"type":"Polygon","coordinates":[[[7.553,48.5657],[7.5511,48.5665],[7.5562,48.5665],[7.5494,48.5684],[7.553,48.5657]]]}},{"type":"Feature","properties":{"landuse":"green_public_spaces"},"geometry":{"type":"Polygon","coordinates":[[[7.5307,48.562],[7.5331,48.5623],[7.5331,48.5643],[7.5307,48.562]]]}},{"type":"Feature","properties":{"landuse":"orchard"},"geometry":{"type":"Polygon","coordinates":[[[7.5584,48.5672],[7.5597,48.5653],[7.5606,48.5667],[7.5584,48.5672]]]}},{"type":"Feature","properties":{"landuse":"farmland"},"geometry":{"type":"Polygon","coordinates":[[[7.6349,48.7554],[7.6331,48.7536],[7.6346,48.7532],[7.6349,48.7554]]]}},{"type":"Feature","properties":{"landuse":"farmland"},"geometry":{"type":"Polygon","coordinates":[[[7.6349,48.7558],[7.6331,48.7561],[7.633,48.7543],[7.6349,48.7558]]]}},{"type":"Feature","properties":{"landuse":"orchard"},"geometry":{"type":"Polygon","coordinates":[[[7.6251,48.7444],[7.6254,48.7425],[7.6323,48.743],[7.6251,48.7444]]]}},{"type":"Feature","properties":{"landuse":"orchard"},"geometry":{"type":"Polygon","coordinates":[[[7.614,48.7482],[7.6103,48.7486],[7.6107,48.7477],[7.614,48.7482]]]}},{"type":"Feature","properties":{"landuse":"orchard"},"geometry":{"type":"Polygon","coordinates":[[[7.6239,48.7496],[7.6153,48.7482],[7.6288,48.7493],[7.6239,48.7496]]]}},{"type":"Feature","properties":{"landuse":"orchard"},"geometry":{"type":"Polygon","coordinates":[[[7.4712,48.6464],[7.4738,48.6469],[7.4724,48.6483],[7.4712,48.6464]]]}},{"type":"Feature","properties":{"landuse":"orchard"},"geometry":{"type":"Polygon","coordinates":[[[7.4623,48.6397],[7.4632,48.6407],[7.461,48.6396],[7.4623,48.6397]]]}},{"type":"Feature","properties":{"landuse":"farmland"},"geometry":{"type":"Polygon","coordinates":[[[7.466,48.6434],[7.4645,48.6413],[7.4669,48.6408],[7.466,48.6434]]]}},{"type":"Feature","properties":{"landuse":"orchard"},"geometry":{"type":"Polygon","coordinates":[[[7.5773,48.8451],[7.5774,48.8435],[7.58,48.8432],[7.5773,48.8451]]]}},{"type":"Feature","properties":{"landuse":"orchard"},"geometry":{"type":"Polygon","coordinates":[[[7.6152,48.8389],[7.6201,48.8353],[7.6286,48.8381],[7.6242,48.8433],[7.6152,48.8389]]]}},{"type":"Feature","properties":{"landuse":"orchard"},"geometry":{"type":"Polygon","coordinates":[[[7.6114,48.8428],[7.6108,48.8415],[7.612,48.8414],[7.6114,48.8428]]]}},{"type":"Feature","properties":{"landuse":"orchard"},"geometry":{"type":"Polygon","coordinates":[[[7.5907,48.8464],[7.5929,48.848],[7.5906,48.8474],[7.5907,48.8464]]]}},{"type":"Feature","properties":{"landuse":"farmland"},"geometry":{"type":"Polygon","coordinates":[[[7.3507,48.0178],[7.3512,48.0163],[7.354,48.0208],[7.3507,48.0178]]]}},{"type":"Feature","properties":{"landuse":"farmland"},"geometry":{"type":"Polygon","coordinates":[[[7.3494,48.0165],[7.3496,48.0188],[7.347,48.0173],[7.3494,48.0165]]]}},{"type":"Feature","properties":{"landuse":"farmland"},"geometry":{"type":"Polygon","coordinates":[[[7.3521,48.0147],[7.3558,48.014],[7.3559,48.0159],[7.3521,48.0147]]]}},{"type":"Feature","properties":{"landuse":"farmland"},"geometry":{"type":"Polygon","coordinates":[[[7.4248,48.1159],[7.4259,48.1148],[7.4267,48.1159],[7.4248,48.1159]]]}},{"type":"Feature","properties":{"landuse":"farmland"},"geometry":{"type":"Polygon","coordinates":[[[7.4232,48.1222],[7.42,48.1167],[7.425,48.1215],[7.4232,48.1222]]]}},{"type":"Feature","properties":{"landuse":"farmland"},"geometry":{"type":"Polygon","coordinates":[[[7.4182,48.121],[7.4191,48.1189],[7.4229,48.1223],[7.4182,48.121]]]}},{"type":"Feature","properties":{"landuse":"orchard"},"geometry":{"type":"Polygon","coordinates":[[[7.4217,48.1206],[7.4207,48.1207],[7.4209,48.1177],[7.4217,48.1206]]]}},{"type":"Feature","properties":{"landuse":"farmland"},"geometry":{"type":"Polygon","coordinates":[[[7.4677,48.0779],[7.4687,48.079],[7.4678,48.0798],[7.4677,48.0779]]]}},{"type":"Feature","properties":{"landuse":"orchard"},"geometry":{"type":"Polygon","coordinates":[[[7.47,48.1014],[7.4698,48.0993],[7.4704,48.0992],[7.47,48.1014]]]}},{"type":"Feature","properties":{"landuse":"orchard"},"geometry":{"type":"Polygon","coordinates":[[[7.5118,48.1006],[7.5145,48.1012],[7.5139,48.1022],[7.5118,48.1006]]]}},{"type":"Feature","properties":{"landuse":"orchard"},"geometry":{"type":"Polygon","coordinates":[[[7.4942,48.1047],[7.5009,48.1028],[7.5011,48.1035],[7.4942,48.1047]]]}},{"type":"Feature","properties":{"landuse":"orchard"},"geometry":{"type":"Polygon","coordinates":[[[7.4881,48.1063],[7.4909,48.1057],[7.4968,48.1067],[7.4881,48.1063]]]}},{"type":"Feature","properties":{"landuse":"green_public_spaces"},"geometry":{"type":"Polygon","coordinates":[[[7.3085,48.1937],[7.3097,48.194],[7.3074,48.1941],[7.3085,48.1937]]]}},{"type":"Feature","properties":{"landuse":"farmland"},"geometry":{"type":"Polygon","coordinates":[[[7.0685,47.767],[7.0655,47.7639],[7.0677,47.7617],[7.067,47.7642],[7.0737,47.7611],[7.079,47.7633],[7.0714,47.7691],[7.0685,47.767]]]}},{"type":"Feature","properties":{"landuse":"orchard"},"geometry":{"type":"Polygon","coordinates":[[[7.3731,48.2124],[7.372,48.2118],[7.3742,48.2106],[7.3731,48.2124]]]}},{"type":"Feature","properties":{"landuse":"farmland"},"geometry":{"type":"Polygon","coordinates":[[[7.3686,48.0609],[7.3695,48.0608],[7.369,48.0623],[7.3686,48.0609]]]}},{"type":"Feature","properties":{"landuse":"green_public_spaces"},"geometry":{"type":"Polygon","coordinates":[[[7.7432,48.3928],[7.7493,48.3967],[7.7467,48.3908],[7.7505,48.3935],[7.7511,48.3984],[7.7602,48.407],[7.7485,48.4095],[7.7459,48.4164],[7.7372,48.4002],[7.7432,48.3928]]]}},{"type":"Feature","properties":{"landuse":"farmland"},"geometry":{"type":"Polygon","coordinates":[[[7.3528,48.0624],[7.3536,48.0613],[7.356,48.062],[7.3528,48.0624]]]}},{"type":"Feature","properties":{"landuse":"orchard"},"geometry":{"type":"Polygon","coordinates":[[[7.3739,48.0675],[7.3756,48.0668],[7.3752,48.0677],[7.3739,48.0675]]]}},{"type":"Feature","properties":{"landuse":"orchard"},"geometry":{"type":"Polygon","coordinates":[[[7.371,48.0585],[7.3698,48.0592],[7.3699,48.0578],[7.371,48.0585]]]}},{"type":"Feature","properties":{"landuse":"farmland"},"geometry":{"type":"Polygon","coordinates":[[[7.3635,48.0591],[7.3624,48.0576],[7.3638,48.0571],[7.3635,48.0591]]]}},{"type":"Feature","properties":{"landuse":"orchard"},"geometry":{"type":"Polygon","coordinates":[[[7.3653,48.0617],[7.364,48.0615],[7.3654,48.0604],[7.3653,48.0617]]]}},{"type":"Feature","properties":{"landuse":"orchard"},"geometry":{"type":"Polygon","coordinates":[[[7.3705,48.0629],[7.3701,48.0615],[7.3719,48.0629],[7.3705,48.0629]]]}},{"type":"Feature","properties":{"landuse":"farmland"},"geometry":{"type":"Polygon","coordinates":[[[7.0489,47.7752],[7.0454,47.7729],[7.0514,47.7734],[7.0551,47.7685],[7.0581,47.77],[7.0551,47.7716],[7.0565,47.7732],[7.0489,47.7752]]]}},{"type":"Feature","properties":{"landuse":"farmland"},"geometry":{"type":"Polygon","coordinates":[[[7.3406,48.1604],[7.3389,48.1606],[7.3406,48.1589],[7.3406,48.1604]]]}},{"type":"Feature","properties":{"landuse":"orchard"},"geometry":{"type":"Polygon","coordinates":[[[7.3307,48.0486],[7.3309,48.0503],[7.3278,48.0491],[7.3307,48.0486]]]}},{"type":"Feature","properties":{"landuse":"orchard"},"geometry":{"type":"Polygon","coordinates":[[[7.3442,48.5285],[7.3444,48.5308],[7.3434,48.5304],[7.3442,48.5285]]]}},{"type":"Feature","properties":{"landuse":"orchard"},"geometry":{"type":"Polygon","coordinates":[[[7.3393,48.5355],[7.3365,48.5338],[7.3392,48.5327],[7.3393,48.5355]]]}},{"type":"Feature","properties":{"landuse":"orchard"},"geometry":{"type":"Polygon","coordinates":[[[7.3387,48.537],[7.3406,48.5334],[7.3427,48.5348],[7.3387,48.537]]]}},{"type":"Feature","properties":{"landuse":"orchard"},"geometry":{"type":"Polygon","coordinates":[[[7.3321,48.5484],[7.3349,48.5461],[7.3343,48.5481],[7.3321,48.5484]]]}},{"type":"Feature","properties":{"landuse":"orchard"},"geometry":{"type":"Polygon","coordinates":[[[7.3366,48.5408],[7.3396,48.5409],[7.3371,48.542],[7.3361,48.5412],[7.3382,48.5409],[7.3366,48.5408]]]}},{"type":"Feature","properties":{"landuse":"orchard"},"geometry":{"type":"Polygon","coordinates":[[[7.3325,48.5425],[7.3327,48.5404],[7.3374,48.5426],[7.3325,48.5425]]]}},{"type":"Feature","properties":{"landuse":"orchard"},"geometry":{"type":"Polygon","coordinates":[[[7.3332,48.5347],[7.3339,48.5334],[7.3365,48.5344],[7.3332,48.5347]]]}},{"type":"Feature","properties":{"landuse":"orchard"},"geometry":{"type":"Polygon","coordinates":[[[7.3342,48.5371],[7.3348,48.5353],[7.3375,48.5362],[7.3342,48.5371]]]}},{"type":"Feature","properties":{"landuse":"orchard"},"geometry":{"type":"Polygon","coordinates":[[[7.334,48.5369],[7.3361,48.5394],[7.3382,48.5371],[7.3373,48.5393],[7.334,48.5369]]]}},{"type":"Feature","properties":{"landuse":"farmland"},"geometry":{"type":"Polygon","coordinates":[[[7.3382,48.5334],[7.339,48.5306],[7.3452,48.5311],[7.3382,48.5334]]]}},{"type":"Feature","properties":{"landuse":"orchard"},"geometry":{"type":"Polygon","coordinates":[[[7.3258,48.531],[7.3298,48.5309],[7.3257,48.5347],[7.3258,48.531]]]}},{"type":"Feature","properties":{"landuse":"orchard"},"geometry":{"type":"Polygon","coordinates":[[[7.3332,48.5327],[7.3377,48.5318],[7.3374,48.5332],[7.3332,48.5327]]]}},{"type":"Feature","properties":{"landuse":"orchard"},"geometry":{"type":"Polygon","coordinates":[[[7.3393,48.5294],[7.3415,48.5285],[7.3414,48.5306],[7.3393,48.5294]]]}},{"type":"Feature","properties":{"landuse":"green_public_spaces"},"geometry":{"type":"Polygon","coordinates":[[[7.3406,48.3239],[7.3456,48.3217],[7.3471,48.3234],[7.3442,48.3255],[7.3406,48.3239]]]}},{"type":"Feature","properties":{"landuse":"green_public_spaces"},"geometry":{"type":"Polygon","coordinates":[[[7.3443,47.7567],[7.3456,47.7562],[7.3468,47.757],[7.3443,47.7567]]]}},{"type":"Feature","properties":{"landuse":"green_public_spaces"},"geometry":{"type":"Polygon","coordinates":[[[8.1759,48.9021],[8.1653,48.9104],[8.1642,48.9186],[8.1335,48.8824],[8.1185,48.8554],[8.1172,48.8472],[8.132,48.8441],[8.1297,48.8505],[8.137,48.8539],[8.1329,48.862],[8.137,48.8693],[8.1492,48.8775],[8.1513,48.8854],[8.1494,48.8911],[8.1649,48.8999],[8.1703,48.8985],[8.1759,48.9021]]]}},{"type":"Feature","properties":{"landuse":"farmland"},"geometry":{"type":"Polygon","coordinates":[[[7.6213,48.9056],[7.6239,48.905],[7.6227,48.907],[7.6213,48.9056]]]}},{"type":"Feature","properties":{"landuse":"orchard"},"geometry":{"type":"Polygon","coordinates":[[[7.6208,48.9086],[7.6229,48.9076],[7.6246,48.908],[7.6208,48.9086]]]}},{"type":"Feature","properties":{"landuse":"orchard"},"geometry":{"type":"Polygon","coordinates":[[[7.4613,48.6362],[7.4616,48.6353],[7.4646,48.6347],[7.4613,48.6362]]]}},{"type":"Feature","properties":{"landuse":"orchard"},"geometry":{"type":"Polygon","coordinates":[[[7.4818,48.8688],[7.4807,48.8676],[7.4821,48.8676],[7.4818,48.8688]]]}},{"type":"Feature","properties":{"landuse":"orchard"},"geometry":{"type":"Polygon","coordinates":[[[7.9278,48.7355],[7.9288,48.734],[7.9286,48.7355],[7.9278,48.7355]]]}},{"type":"Feature","properties":{"landuse":"orchard"},"geometry":{"type":"Polygon","coordinates":[[[7.6332,48.9494],[7.6348,48.9485],[7.6362,48.9507],[7.6332,48.9494]]]}},{"type":"Feature","properties":{"landuse":"orchard"},"geometry":{"type":"Polygon","coordinates":[[[7.7001,48.5758],[7.7028,48.5759],[7.7019,48.5768],[7.7001,48.5758]]]}},{"type":"Feature","properties":{"landuse":"orchard"},"geometry":{"type":"Polygon","coordinates":[[[7.3539,48.9694],[7.3535,48.9684],[7.358,48.9692],[7.3539,48.9694]]]}},{"type":"Feature","properties":{"landuse":"farmland"},"geometry":{"type":"Polygon","coordinates":[[[7.2795,48.9904],[7.2851,48.9811],[7.2892,48.9877],[7.2837,48.9921],[7.2795,48.9904]]]}},{"type":"Feature","properties":{"landuse":"orchard"},"geometry":{"type":"Polygon","coordinates":[[[7.3029,48.9915],[7.3043,48.9913],[7.3037,48.9925],[7.3029,48.9915]]]}},{"type":"Feature","properties":{"landuse":"farmland"},"geometry":{"type":"Polygon","coordinates":[[[7.3207,48.9926],[7.3238,48.9932],[7.3205,48.9932],[7.3207,48.9926]]]}},{"type":"Feature","properties":{"landuse":"orchard"},"geometry":{"type":"Polygon","coordinates":[[[7.3202,48.9938],[7.3179,48.9932],[7.3208,48.9921],[7.3202,48.9938]]]}},{"type":"Feature","properties":{"landuse":"farmland"},"geometry":{"type":"Polygon","coordinates":[[[7.6444,48.5505],[7.6397,48.5491],[7.6456,48.5504],[7.6492,48.5469],[7.645,48.5462],[7.649,48.5448],[7.6517,48.5514],[7.6444,48.5505]]]}},{"type":"Feature","properties":{"landuse":"farmland"},"geometry":{"type":"Polygon","coordinates":[[[7.581,48.04],[7.5814,48.0417],[7.5778,48.0405],[7.581,48.04]]]}},{"type":"Feature","properties":{"landuse":"orchard"},"geometry":{"type":"Polygon","coordinates":[[[7.4441,48.8751],[7.4573,48.8786],[7.455,48.8801],[7.4441,48.8751]]]}},{"type":"Feature","properties":{"landuse":"farmland"},"geometry":{"type":"Polygon","coordinates":[[[7.4751,48.1164],[7.4759,48.1172],[7.4744,48.1175],[7.4751,48.1164]]]}},{"type":"Feature","properties":{"landuse":"green_public_spaces"},"geometry":{"type":"Polygon","coordinates":[[[7.3289,47.759],[7.3285,47.7562],[7.3295,47.7573],[7.3289,47.759]]]}},{"type":"Feature","properties":{"landuse":"farmland"},"geometry":{"type":"Polygon","coordinates":[[[7.661,48.5617],[7.6566,48.5573],[7.659,48.5566],[7.661,48.5617]]]}},{"type":"Feature","properties":{"landuse":"orchard"},"geometry":{"type":"Polygon","coordinates":[[[7.5239,48.8408],[7.5206,48.843],[7.5188,48.8426],[7.5239,48.8408]]]}},{"type":"Feature","properties":{"landuse":"orchard"},"geometry":{"type":"Polygon","coordinates":[[[7.4662,48.6198],[7.4635,48.6211],[7.4646,48.619],[7.4662,48.6198]]]}},{"type":"Feature","properties":{"landuse":"orchard"},"geometry":{"type":"Polygon","coordinates":[[[7.3113,47.5476],[7.3135,47.5478],[7.3128,47.5487],[7.3113,47.5476]]]}},{"type":"Feature","properties":{"landuse":"farmland"},"geometry":{"type":"Polygon","coordinates":[[[7.1382,47.7631],[7.1357,47.7633],[7.1374,47.7588],[7.1382,47.7631]]]}},{"type":"Feature","properties":{"landuse":"farmland"},"geometry":{"type":"Polygon","coordinates":[[[7.3449,47.8762],[7.3466,47.8783],[7.3438,47.8776],[7.3449,47.8762]]]}},{"type":"Feature","properties":{"landuse":"orchard"},"geometry":{"type":"Polygon","coordinates":[[[7.5364,47.5767],[7.5375,47.5766],[7.5378,47.5777],[7.5364,47.5767]]]}},{"type":"Feature","properties":{"landuse":"farmland"},"geometry":{"type":"Polygon","coordinates":[[[7.5379,47.5777],[7.5381,47.5767],[7.5395,47.5776],[7.5379,47.5777]]]}},{"type":"Feature","properties":{"landuse":"farmland"},"geometry":{"type":"Polygon","coordinates":[[[7.7615,48.8098],[7.7638,48.8088],[7.764,48.8098],[7.7615,48.8098]]]}},{"type":"Feature","properties":{"landuse":"farmland"},"geometry":{"type":"Polygon","coordinates":[[[7.2536,47.6405],[7.2574,47.6415],[7.2533,47.6411],[7.2536,47.6405]]]}},{"type":"Feature","properties":{"landuse":"farmland"},"geometry":{"type":"Polygon","coordinates":[[[7.3505,48.1604],[7.35,48.1593],[7.3532,48.1588],[7.3505,48.1604]]]}},{"type":"Feature","properties":{"landuse":"orchard"},"geometry":{"type":"Polygon","coordinates":[[[7.3873,48.1016],[7.3869,48.1034],[7.3856,48.1023],[7.3873,48.1016]]]}},{"type":"Feature","properties":{"landuse":"farmland"},"geometry":{"type":"Polygon","coordinates":[[[7.5492,48.3357],[7.5412,48.3312],[7.5385,48.3349],[7.5332,48.3334],[7.5134,48.3209],[7.4903,48.3211],[7.4815,48.316],[7.4825,48.3133],[7.4788,48.3124],[7.4585,48.2853],[7.4597,48.2826],[7.4629,48.2873],[7.4696,48.2864],[7.4723,48.2901],[7.4768,48.2888],[7.4765,48.2793],[7.4814,48.2792],[7.4644,48.2725],[7.4662,48.2646],[7.4792,48.2681],[7.4715,48.2646],[7.4831,48.2614],[7.4725,48.259],[7.4669,48.2537],[7.4982,48.2615],[7.4891,48.2646],[7.4896,48.2674],[7.4928,48.2668],[7.4954,48.2736],[7.4935,48.279],[7.4966,48.2795],[7.5009,48.2894],[7.4972,48.2878],[7.4939,48.2906],[7.4928,48.2948],[7.5013,48.2992],[7.4935,48.2985],[7.4951,48.3104],[7.5065,48.3065],[7.5117,48.3098],[7.5214,48.308],[7.5202,48.3105],[7.5265,48.3143],[7.5258,48.3168],[7.5302,48.3125],[7.529,48.3095],[7.539,48.309],[7.5467,48.3021],[7.5523,48.3046],[7.5503,48.3128],[7.5541,48.3153],[7.5515,48.3157],[7.5534,48.3198],[7.5503,48.3217],[7.5497,48.3277],[7.5527,48.3298],[7.5557,48.3271],[7.5638,48.3277],[7.561,48.3354],[7.5582,48.3344],[7.5541,48.3389],[7.5492,48.3357]]]}},{"type":"Feature","properties":{"landuse":"farmland"},"geometry":{"type":"Polygon","coordinates":[[[7.4679,48.2758],[7.4639,48.273],[7.466,48.2736],[7.4679,48.2758]]]}},{"type":"Feature","properties":{"landuse":"farmland"},"geometry":{"type":"Polygon","coordinates":[[[7.4781,48.2627],[7.4772,48.2628],[7.4776,48.261],[7.4781,48.2627]]]}},{"type":"Feature","properties":{"landuse":"orchard"},"geometry":{"type":"Polygon","coordinates":[[[7.4764,48.2611],[7.4769,48.2632],[7.4755,48.2635],[7.4764,48.2611]]]}},{"type":"Feature","properties":{"landuse":"orchard"},"geometry":{"type":"Polygon","coordinates":[[[7.4741,48.2617],[7.4744,48.26],[7.4746,48.2635],[7.4741,48.2617]]]}},{"type":"Feature","properties":{"landuse":"orchard"},"geometry":{"type":"Polygon","coordinates":[[[7.4685,48.2597],[7.4688,48.2615],[7.4668,48.2613],[7.4685,48.2597]]]}},{"type":"Feature","properties":{"landuse":"farmland"},"geometry":{"type":"Polygon","coordinates":[[[7.4714,48.2597],[7.4736,48.26],[7.4736,48.2617],[7.4714,48.2597]]]}},{"type":"Feature","properties":{"landuse":"orchard"},"geometry":{"type":"Polygon","coordinates":[[[7.47,48.2609],[7.4703,48.2598],[7.4709,48.2618],[7.47,48.2609]]]}},{"type":"Feature","properties":{"landuse":"farmland"},"geometry":{"type":"Polygon","coordinates":[[[7.4709,48.2584],[7.4736,48.2619],[7.4714,48.2626],[7.4708,48.2598],[7.47,48.262],[7.4709,48.2584]]]}},{"type":"Feature","properties":{"landuse":"orchard"},"geometry":{"type":"Polygon","coordinates":[[[7.4693,48.2574],[7.4737,48.2594],[7.4727,48.2612],[7.4693,48.2574]]]}},{"type":"Feature","properties":{"landuse":"orchard"},"geometry":{"type":"Polygon","coordinates":[[[7.4682,48.2568],[7.4705,48.2583],[7.4684,48.2585],[7.4682,48.2568]]]}},{"type":"Feature","properties":{"landuse":"orchard"},"geometry":{"type":"Polygon","coordinates":[[[7.5087,48.4254],[7.5093,48.4237],[7.5114,48.4276],[7.5087,48.4254]]]}},{"type":"Feature","properties":{"landuse":"orchard"},"geometry":{"type":"Polygon","coordinates":[[[7.529,48.4227],[7.5295,48.4215],[7.531,48.4222],[7.529,48.4227]]]}},{"type":"Feature","properties":{"landuse":"orchard"},"geometry":{"type":"Polygon","coordinates":[[[7.4769,48.5088],[7.4773,48.5079],[7.4819,48.5086],[7.4769,48.5088]]]}},{"type":"Feature","properties":{"landuse":"farmland"},"geometry":{"type":"Polygon","coordinates":[[[7.477,48.5205],[7.4777,48.5219],[7.4767,48.5215],[7.477,48.5205]]]}},{"type":"Feature","properties":{"landuse":"orchard"},"geometry":{"type":"Polygon","coordinates":[[[7.4805,48.5205],[7.4789,48.5203],[7.4805,48.5195],[7.4805,48.5205]]]}},{"type":"Feature","properties":{"landuse":"greenhouse_horticulture"},"geometry":{"type":"Polygon","coordinates":[[[7.5054,48.0903],[7.5055,48.0893],[7.5096,48.0891],[7.5054,48.0903]]]}},{"type":"Feature","properties":{"landuse":"orchard"},"geometry":{"type":"Polygon","coordinates":[[[7.631,48.5292],[7.634,48.5253],[7.6317,48.5293],[7.631,48.5292]]]}},{"type":"Feature","properties":{"landuse":"green_public_spaces"},"geometry":{"type":"Polygon","coordinates":[[[7.4126,48.7607],[7.4135,48.7596],[7.4137,48.7611],[7.4126,48.7607]]]}},{"type":"Feature","properties":{"landuse":"orchard"},"geometry":{"type":"Polygon","coordinates":[[[7.4186,48.7647],[7.4206,48.7649],[7.4192,48.7658],[7.4186,48.7647]]]}},{"type":"Feature","properties":{"landuse":"farmland"},"geometry":{"type":"Polygon","coordinates":[[[8.1565,48.8941],[8.1592,48.8914],[8.1607,48.8922],[8.1565,48.8941]]]}},{"type":"Feature","properties":{"landuse":"farmland"},"geometry":{"type":"Polygon","coordinates":[[[8.1588,48.8957],[8.16,48.8948],[8.1619,48.8952],[8.1588,48.8957]]]}},{"type":"Feature","properties":{"landuse":"farmland"},"geometry":{"type":"Polygon","coordinates":[[[8.1618,48.8926],[8.1601,48.8918],[8.1614,48.8911],[8.1618,48.8926]]]}},{"type":"Feature","properties":{"landuse":"farmland"},"geometry":{"type":"Polygon","coordinates":[[[8.1314,48.8631],[8.1341,48.8639],[8.1345,48.8664],[8.1314,48.8631]]]}},{"type":"Feature","properties":{"landuse":"farmland"},"geometry":{"type":"Polygon","coordinates":[[[8.1368,48.868],[8.1366,48.8664],[8.1395,48.8668],[8.1368,48.868]]]}},{"type":"Feature","properties":{"landuse":"farmland"},"geometry":{"type":"Polygon","coordinates":[[[8.1354,48.8651],[8.1345,48.864],[8.137,48.8632],[8.1354,48.8651]]]}},{"type":"Feature","properties":{"landuse":"orchard"},"geometry":{"type":"Polygon","coordinates":[[[7.5391,47.5279],[7.537,47.5261],[7.54,47.5275],[7.5391,47.5279]]]}},{"type":"Feature","properties":{"landuse":"orchard"},"geometry":{"type":"Polygon","coordinates":[[[7.5365,47.517],[7.5371,47.5153],[7.5392,47.5155],[7.5365,47.517]]]}},{"type":"Feature","properties":{"landuse":"orchard"},"geometry":{"type":"Polygon","coordinates":[[[7.5574,47.5264],[7.5563,47.5277],[7.5586,47.5272],[7.5554,47.528],[7.5574,47.5264]]]}},{"type":"Feature","properties":{"landuse":"farmland"},"geometry":{"type":"Polygon","coordinates":[[[7.5519,47.53],[7.5539,47.5292],[7.5531,47.531],[7.5519,47.53]]]}},{"type":"Feature","properties":{"landuse":"green_public_spaces"},"geometry":{"type":"Polygon","coordinates":[[[7.7239,48.591],[7.7229,48.5902],[7.7231,48.5886],[7.7239,48.591]]]}},{"type":"Feature","properties":{"landuse":"green_public_spaces"},"geometry":{"type":"Polygon","coordinates":[[[7.5808,48.037],[7.5834,48.0355],[7.583,48.0378],[7.5808,48.037]]]}},{"type":"Feature","properties":{"landuse":"green_public_spaces"},"geometry":{"type":"Polygon","coordinates":[[[7.2959,47.7362],[7.2996,47.7349],[7.2953,47.7369],[7.2944,47.7327],[7.3,47.7329],[7.2942,47.7349],[7.2959,47.7362]]]}},{"type":"Feature","properties":{"landuse":"farmland"},"geometry":{"type":"Polygon","coordinates":[[[7.0729,47.7581],[7.0708,47.7577],[7.0747,47.7559],[7.0729,47.7581]]]}},{"type":"Feature","properties":{"landuse":"orchard"},"geometry":{"type":"Polygon","coordinates":[[[7.4708,48.5176],[7.4733,48.5176],[7.4719,48.5192],[7.4708,48.5176]]]}},{"type":"Feature","properties":{"landuse":"green_public_spaces"},"geometry":{"type":"Polygon","coordinates":[[[7.7564,48.5899],[7.7602,48.5913],[7.7584,48.5923],[7.7564,48.5899]]]}},{"type":"Feature","properties":{"landuse":"farmland"},"geometry":{"type":"Polygon","coordinates":[[[7.2467,47.6783],[7.2487,47.6774],[7.2511,47.6789],[7.2467,47.6783]]]}},{"type":"Feature","properties":{"landuse":"farmland"},"geometry":{"type":"Polygon","coordinates":[[[7.4241,48.7406],[7.4157,48.7413],[7.4204,48.7361],[7.4241,48.7406]]]}},{"type":"Feature","properties":{"landuse":"orchard"},"geometry":{"type":"Polygon","coordinates":[[[7.2538,48.7882],[7.2515,48.7897],[7.2518,48.7883],[7.2538,48.7882]]]}},{"type":"Feature","properties":{"landuse":"farmland"},"geometry":{"type":"Polygon","coordinates":[[[7.5292,48.0586],[7.5272,48.0622],[7.5261,48.0587],[7.5292,48.0586]]]}},{"type":"Feature","properties":{"landuse":"farmland"},"geometry":{"type":"Polygon","coordinates":[[[7.9388,48.7238],[7.9339,48.7214],[7.9358,48.7201],[7.9388,48.7238]]]}},{"type":"Feature","properties":{"landuse":"farmland"},"geometry":{"type":"Polygon","coordinates":[[[7.7135,48.6757],[7.7162,48.674],[7.7153,48.6773],[7.7135,48.6757]]]}},{"type":"Feature","properties":{"landuse":"orchard"},"geometry":{"type":"Polygon","coordinates":[[[7.2936,48.9875],[7.2964,48.9881],[7.295,48.9888],[7.2936,48.9875]]]}},{"type":"Feature","properties":{"landuse":"farmland"},"geometry":{"type":"Polygon","coordinates":[[[7.9133,48.7486],[7.9056,48.7423],[7.9138,48.7467],[7.9133,48.7486]]]}},{"type":"Feature","properties":{"landuse":"farmland"},"geometry":{"type":"Polygon","coordinates":[[[7.9114,48.7496],[7.9098,48.7515],[7.9131,48.7526],[7.9107,48.7539],[7.9029,48.7502],[7.9114,48.7496]]]}},{"type":"Feature","properties":{"landuse":"farmland"},"geometry":{"type":"Polygon","coordinates":[[[7.858,48.7084],[7.8668,48.713],[7.859,48.7121],[7.8556,48.7076],[7.858,48.7084]]]}},{"type":"Feature","properties":{"landuse":"farmland"},"geometry":{"type":"Polygon","coordinates":[[[7.7935,48.6356],[7.7921,48.6326],[7.7982,48.6279],[7.795,48.63],[7.8012,48.6313],[7.7935,48.6356]]]}},{"type":"Feature","properties":{"landuse":"farmland"},"geometry":{"type":"Polygon","coordinates":[[[7.5086,47.6094],[7.5107,47.6029],[7.5162,47.6035],[7.5126,47.6098],[7.5086,47.6094]]]}},{"type":"Feature","properties":{"landuse":"orchard"},"geometry":{"type":"Polygon","coordinates":[[[7.3638,48.7696],[7.3667,48.77],[7.3654,48.7706],[7.3638,48.7696]]]}},{"type":"Feature","properties":{"landuse":"farmland"},"geometry":{"type":"Polygon","coordinates":[[[7.6545,48.7062],[7.6575,48.7078],[7.6531,48.7064],[7.6545,48.7062]]]}},{"type":"Feature","properties":{"landuse":"farmland"},"geometry":{"type":"Polygon","coordinates":[[[7.6635,48.7052],[7.6635,48.7021],[7.6649,48.7019],[7.6635,48.7052]]]}},{"type":"Feature","properties":{"landuse":"farmland"},"geometry":{"type":"Polygon","coordinates":[[[7.6605,48.7055],[7.6605,48.7029],[7.6612,48.7027],[7.6605,48.7055]]]}},{"type":"Feature","properties":{"landuse":"farmland"},"geometry":{"type":"Polygon","coordinates":[[[7.6624,48.7069],[7.6664,48.7051],[7.6641,48.7076],[7.6624,48.7069]]]}},{"type":"Feature","properties":{"landuse":"farmland"},"geometry":{"type":"Polygon","coordinates":[[[7.6608,48.6987],[7.661,48.7007],[7.6599,48.701],[7.6608,48.6987]]]}},{"type":"Feature","properties":{"landuse":"farmland"},"geometry":{"type":"Polygon","coordinates":[[[7.6228,48.7266],[7.6225,48.725],[7.6258,48.7246],[7.6228,48.7266]]]}},{"type":"Feature","properties":{"landuse":"farmland"},"geometry":{"type":"Polygon","coordinates":[[[7.6226,48.7264],[7.623,48.7279],[7.6215,48.7279],[7.6226,48.7264]]]}},{"type":"Feature","properties":{"landuse":"farmland"},"geometry":{"type":"Polygon","coordinates":[[[7.6661,48.7136],[7.6671,48.7134],[7.6677,48.7146],[7.6661,48.7136]]]}},{"type":"Feature","properties":{"landuse":"farmland"},"geometry":{"type":"Polygon","coordinates":[[[7.6734,48.7106],[7.6741,48.7135],[7.6727,48.7132],[7.6734,48.7106]]]}},{"type":"Feature","properties":{"landuse":"farmland"},"geometry":{"type":"Polygon","coordinates":[[[7.6707,48.7051],[7.6726,48.7042],[7.6726,48.7056],[7.6707,48.7051]]]}},{"type":"Feature","properties":{"landuse":"farmland"},"geometry":{"type":"Polygon","coordinates":[[[7.6673,48.7074],[7.6726,48.7063],[7.671,48.7093],[7.6673,48.7074]]]}},{"type":"Feature","properties":{"landuse":"farmland"},"geometry":{"type":"Polygon","coordinates":[[[7.662,48.7093],[7.6632,48.7114],[7.6625,48.7114],[7.662,48.7093]]]}},{"type":"Feature","properties":{"landuse":"farmland"},"geometry":{"type":"Polygon","coordinates":[[[7.6357,48.742],[7.639,48.7424],[7.6381,48.7429],[7.6357,48.742]]]}},{"type":"Feature","properties":{"landuse":"farmland"},"geometry":{"type":"Polygon","coordinates":[[[7.6256,48.7408],[7.6252,48.7424],[7.6226,48.7418],[7.6256,48.7408]]]}},{"type":"Feature","properties":{"landuse":"farmland"},"geometry":{"type":"Polygon","coordinates":[[[7.6297,48.7296],[7.6313,48.7319],[7.6302,48.7318],[7.6297,48.7296]]]}},{"type":"Feature","properties":{"landuse":"farmland"},"geometry":{"type":"Polygon","coordinates":[[[7.6282,48.7321],[7.6299,48.7345],[7.6278,48.7352],[7.6282,48.7321]]]}},{"type":"Feature","properties":{"landuse":"farmland"},"geometry":{"type":"Polygon","coordinates":[[[7.6277,48.7266],[7.6284,48.7293],[7.6264,48.7264],[7.6277,48.7266]]]}},{"type":"Feature","properties":{"landuse":"farmland"},"geometry":{"type":"Polygon","coordinates":[[[7.6291,48.7273],[7.6315,48.729],[7.6296,48.7294],[7.6291,48.7273]]]}},{"type":"Feature","properties":{"landuse":"farmland"},"geometry":{"type":"Polygon","coordinates":[[[7.6339,48.7286],[7.6346,48.7319],[7.6328,48.7319],[7.6339,48.7286]]]}},{"type":"Feature","properties":{"landuse":"farmland"},"geometry":{"type":"Polygon","coordinates":[[[7.6339,48.7286],[7.6366,48.732],[7.6346,48.7319],[7.6339,48.7286]]]}},{"type":"Feature","properties":{"landuse":"farmland"},"geometry":{"type":"Polygon","coordinates":[[[7.6398,48.7295],[7.6415,48.7306],[7.6386,48.7321],[7.6398,48.7295]]]}},{"type":"Feature","properties":{"landuse":"farmland"},"geometry":{"type":"Polygon","coordinates":[[[7.6428,48.731],[7.6449,48.7327],[7.6419,48.7314],[7.6428,48.731]]]}},{"type":"Feature","properties":{"landuse":"farmland"},"geometry":{"type":"Polygon","coordinates":[[[7.6436,48.7314],[7.6478,48.7309],[7.6451,48.7326],[7.6436,48.7314]]]}},{"type":"Feature","properties":{"landuse":"farmland"},"geometry":{"type":"Polygon","coordinates":[[[7.5352,48.7235],[7.5356,48.7215],[7.5377,48.7218],[7.5352,48.7235]]]}},{"type":"Feature","properties":{"landuse":"farmland"},"geometry":{"type":"Polygon","coordinates":[[[7.5367,48.7238],[7.5383,48.7241],[7.5368,48.7271],[7.5367,48.7238]]]}},{"type":"Feature","properties":{"landuse":"farmland"},"geometry":{"type":"Polygon","coordinates":[[[7.6057,48.7736],[7.6072,48.7748],[7.6047,48.774],[7.6057,48.7736]]]}},{"type":"Feature","properties":{"landuse":"farmland"},"geometry":{"type":"Polygon","coordinates":[[[7.6121,48.773],[7.6148,48.775],[7.6124,48.7768],[7.6092,48.7742],[7.6121,48.773]]]}},{"type":"Feature","properties":{"landuse":"farmland"},"geometry":{"type":"Polygon","coordinates":[[[7.614,48.7701],[7.6146,48.7676],[7.617,48.7678],[7.614,48.7701]]]}},{"type":"Feature","properties":{"landuse":"farmland"},"geometry":{"type":"Polygon","coordinates":[[[7.6777,48.7539],[7.6789,48.7533],[7.6794,48.7566],[7.6777,48.7539]]]}},{"type":"Feature","properties":{"landuse":"farmland"},"geometry":{"type":"Polygon","coordinates":[[[7.68,48.7568],[7.6808,48.7569],[7.6798,48.7595],[7.68,48.7568]]]}},{"type":"Feature","properties":{"landuse":"farmland"},"geometry":{"type":"Polygon","coordinates":[[[7.6753,48.7562],[7.6764,48.7588],[7.6744,48.7586],[7.6753,48.7562]]]}},{"type":"Feature","properties":{"landuse":"orchard"},"geometry":{"type":"Polygon","coordinates":[[[7.7084,48.7483],[7.7111,48.7464],[7.7112,48.7489],[7.7084,48.7483]]]}},{"type":"Feature","properties":{"landuse":"orchard"},"geometry":{"type":"Polygon","coordinates":[[[7.7274,48.7482],[7.7265,48.7468],[7.7279,48.7462],[7.7274,48.7482]]]}},{"type":"Feature","properties":{"landuse":"orchard"},"geometry":{"type":"Polygon","coordinates":[[[7.6942,48.7483],[7.6955,48.7503],[7.6935,48.7487],[7.6942,48.7483]]]}},{"type":"Feature","properties":{"landuse":"farmland"},"geometry":{"type":"Polygon","coordinates":[[[7.6704,48.7128],[7.6766,48.7141],[7.6712,48.7141],[7.6704,48.7128]]]}},{"type":"Feature","properties":{"landuse":"orchard"},"geometry":{"type":"Polygon","coordinates":[[[7.3028,48.1788],[7.3044,48.1794],[7.3013,48.1797],[7.3028,48.1788]]]}},{"type":"Feature","properties":{"landuse":"orchard"},"geometry":{"type":"Polygon","coordinates":[[[7.5837,48.8246],[7.5844,48.8236],[7.5861,48.8242],[7.5837,48.8246]]]}},{"type":"Feature","properties":{"landuse":"farmland"},"geometry":{"type":"Polygon","coordinates":[[[7.9964,48.7972],[7.9974,48.8009],[7.9948,48.802],[7.9922,48.7993],[7.9964,48.7972]]]}},{"type":"Feature","properties":{"landuse":"farmland"},"geometry":{"type":"Polygon","coordinates":[[[6.9815,47.7579],[6.9842,47.7583],[6.9844,47.7592],[6.9815,47.7579]]]}},{"type":"Feature","properties":{"landuse":"orchard"},"geometry":{"type":"Polygon","coordinates":[[[7.5919,47.6166],[7.5903,47.6166],[7.5903,47.6154],[7.5919,47.6166]]]}},{"type":"Feature","properties":{"landuse":"orchard"},"geometry":{"type":"Polygon","coordinates":[[[7.5896,47.6164],[7.5885,47.6156],[7.5898,47.6147],[7.5896,47.6164]]]}},{"type":"Feature","properties":{"landuse":"orchard"},"geometry":{"type":"Polygon","coordinates":[[[7.6027,47.6109],[7.601,47.6106],[7.6013,47.61],[7.6027,47.6109]]]}},{"type":"Feature","properties":{"landuse":"farmland"},"geometry":{"type":"Polygon","coordinates":[[[7.7333,48.5439],[7.732,48.5442],[7.7318,48.5427],[7.7333,48.5439]]]}},{"type":"Feature","properties":{"landuse":"farmland"},"geometry":{"type":"Polygon","coordinates":[[[7.5166,48.4853],[7.5171,48.4817],[7.5217,48.4826],[7.5166,48.4853]]]}},{"type":"Feature","properties":{"landuse":"farmland"},"geometry":{"type":"Polygon","coordinates":[[[7.4528,48.2747],[7.4579,48.2733],[7.4564,48.2748],[7.4528,48.2747]]]}},{"type":"Feature","properties":{"landuse":"farmland"},"geometry":{"type":"Polygon","coordinates":[[[7.5851,48.3691],[7.5813,48.3663],[7.5865,48.3662],[7.5851,48.3691]]]}},{"type":"Feature","properties":{"landuse":"farmland"},"geometry":{"type":"Polygon","coordinates":[[[7.6746,48.4171],[7.6723,48.4165],[7.6736,48.412],[7.6784,48.416],[7.6746,48.4171]]]}},{"type":"Feature","properties":{"landuse":"farmland"},"geometry":{"type":"Polygon","coordinates":[[[7.6575,48.4144],[7.6544,48.4132],[7.6597,48.4111],[7.6575,48.4144]]]}},{"type":"Feature","properties":{"landuse":"farmland"},"geometry":{"type":"Polygon","coordinates":[[[7.6109,48.363],[7.6107,48.3616],[7.6143,48.3625],[7.6109,48.363]]]}},{"type":"Feature","properties":{"landuse":"farmland"},"geometry":{"type":"Polygon","coordinates":[[[7.489,47.4742],[7.4813,47.4721],[7.4867,47.47],[7.489,47.4742]]]}},{"type":"Feature","properties":{"landuse":"orchard"},"geometry":{"type":"Polygon","coordinates":[[[7.5431,47.524],[7.5456,47.5227],[7.5443,47.525],[7.5431,47.524]]]}},{"type":"Feature","properties":{"landuse":"farmland"},"geometry":{"type":"Polygon","coordinates":[[[7.1279,47.6467],[7.1599,47.6539],[7.1758,47.6646],[7.1667,47.6668],[7.1649,47.6624],[7.1497,47.655],[7.1292,47.6581],[7.1207,47.6483],[7.1229,47.644],[7.1279,47.6467]]]}},{"type":"Feature","properties":{"landuse":"farmland"},"geometry":{"type":"Polygon","coordinates":[[[7.1427,47.65],[7.1285,47.6464],[7.1301,47.6426],[7.1381,47.643],[7.1428,47.6448],[7.1427,47.65]]]}},{"type":"Feature","properties":{"landuse":"farmland"},"geometry":{"type":"Polygon","coordinates":[[[7.1537,47.6521],[7.1434,47.6501],[7.1476,47.6482],[7.1537,47.6521]]]}},{"type":"Feature","properties":{"landuse":"farmland"},"geometry":{"type":"Polygon","coordinates":[[[7.1538,47.6519],[7.157,47.6508],[7.1579,47.6529],[7.1538,47.6519]]]}},{"type":"Feature","properties":{"landuse":"farmland"},"geometry":{"type":"Polygon","coordinates":[[[7.2716,47.8892],[7.2587,47.8981],[7.2578,47.8871],[7.2668,47.8842],[7.2736,47.8858],[7.2722,47.8881],[7.2674,47.8871],[7.2715,47.8892],[7.263,47.8897],[7.2716,47.8892]]]}},{"type":"Feature","properties":{"landuse":"green_public_spaces"},"geometry":{"type":"Polygon","coordinates":[[[7.7216,48.5826],[7.7225,48.585],[7.7196,48.5853],[7.7216,48.5826]]]}},{"type":"Feature","properties":{"landuse":"farmland"},"geometry":{"type":"Polygon","coordinates":[[[7.8248,48.6367],[7.8285,48.6376],[7.8273,48.6397],[7.8248,48.6367]]]}},{"type":"Feature","properties":{"landuse":"farmland"},"geometry":{"type":"Polygon","coordinates":[[[7.8223,48.638],[7.8266,48.642],[7.824,48.6411],[7.8223,48.638]]]}},{"type":"Feature","properties":{"landuse":"farmland"},"geometry":{"type":"Polygon","coordinates":[[[7.8287,48.6421],[7.8295,48.6393],[7.8311,48.6413],[7.8287,48.6421]]]}},{"type":"Feature","properties":{"landuse":"farmland"},"geometry":{"type":"Polygon","coordinates":[[[7.8253,48.6427],[7.8258,48.6422],[7.8273,48.6434],[7.8253,48.6427]]]}},{"type":"Feature","properties":{"landuse":"farmland"},"geometry":{"type":"Polygon","coordinates":[[[7.8284,48.6443],[7.8254,48.6402],[7.8271,48.6404],[7.8284,48.6443]]]}},{"type":"Feature","properties":{"landuse":"farmland"},"geometry":{"type":"Polygon","coordinates":[[[7.8312,48.6416],[7.8329,48.6435],[7.8306,48.6447],[7.8312,48.6416]]]}},{"type":"Feature","properties":{"landuse":"farmland"},"geometry":{"type":"Polygon","coordinates":[[[7.6682,48.8675],[7.6704,48.8663],[7.6738,48.8667],[7.6682,48.8675]]]}},{"type":"Feature","properties":{"landuse":"farmland"},"geometry":{"type":"Polygon","coordinates":[[[7.6792,48.866],[7.6741,48.8672],[7.674,48.8661],[7.6792,48.866]]]}},{"type":"Feature","properties":{"landuse":"farmland"},"geometry":{"type":"Polygon","coordinates":[[[7.0025,47.7008],[7.0054,47.7013],[6.9995,47.7017],[7.0025,47.7008]]]}},{"type":"Feature","properties":{"landuse":"farmland"},"geometry":{"type":"Polygon","coordinates":[[[6.9994,47.7006],[7.0021,47.6994],[7.0025,47.7008],[6.9994,47.7006]]]}},{"type":"Feature","properties":{"landuse":"farmland"},"geometry":{"type":"Polygon","coordinates":[[[7.0055,47.702],[6.9995,47.7021],[6.9995,47.7017],[7.0055,47.702]]]}},{"type":"Feature","properties":{"landuse":"farmland"},"geometry":{"type":"Polygon","coordinates":[[[7.0021,47.6994],[7.0054,47.7013],[7.0027,47.7013],[7.0021,47.6994]]]}},{"type":"Feature","properties":{"landuse":"farmland"},"geometry":{"type":"Polygon","coordinates":[[[7.0095,47.6988],[7.0124,47.6984],[7.0062,47.7],[7.0095,47.6988]]]}},{"type":"Feature","properties":{"landuse":"farmland"},"geometry":{"type":"Polygon","coordinates":[[[7.0124,47.6984],[7.0143,47.6997],[7.0133,47.6998],[7.0124,47.6984]]]}},{"type":"Feature","properties":{"landuse":"farmland"},"geometry":{"type":"Polygon","coordinates":[[[7.0143,47.6997],[7.0063,47.7014],[7.0062,47.7],[7.0143,47.6997]]]}},{"type":"Feature","properties":{"landuse":"farmland"},"geometry":{"type":"Polygon","coordinates":[[[7.0135,47.702],[7.0116,47.7029],[7.0115,47.7022],[7.0135,47.702]]]}},{"type":"Feature","properties":{"landuse":"farmland"},"geometry":{"type":"Polygon","coordinates":[[[7.6736,48.6382],[7.6803,48.6382],[7.6782,48.6418],[7.6721,48.6413],[7.6736,48.6382]]]}},{"type":"Feature","properties":{"landuse":"farmland"},"geometry":{"type":"Polygon","coordinates":[[[7.6765,48.635],[7.6818,48.6356],[7.6803,48.6382],[7.6736,48.6381],[7.6765,48.635]]]}},{"type":"Feature","properties":{"landuse":"farmland"},"geometry":{"type":"Polygon","coordinates":[[[7.6905,48.6369],[7.6804,48.6382],[7.6819,48.6357],[7.6905,48.6369]]]}},{"type":"Feature","properties":{"landuse":"farmland"},"geometry":{"type":"Polygon","coordinates":[[[7.6908,48.6368],[7.682,48.6357],[7.6927,48.6334],[7.6908,48.6368]]]}},{"type":"Feature","properties":{"landuse":"farmland"},"geometry":{"type":"Polygon","coordinates":[[[7.6977,48.6358],[7.6962,48.6383],[7.6909,48.6369],[7.6929,48.6336],[7.6977,48.6358]]]}},{"type":"Feature","properties":{"landuse":"farmland"},"geometry":{"type":"Polygon","coordinates":[[[7.677,48.6435],[7.6817,48.6439],[7.6804,48.6464],[7.677,48.6435]]]}},{"type":"Feature","properties":{"landuse":"farmland"},"geometry":{"type":"Polygon","coordinates":[[[7.6816,48.6434],[7.6757,48.6433],[7.6831,48.6411],[7.6816,48.6434]]]}},{"type":"Feature","properties":{"landuse":"farmland"},"geometry":{"type":"Polygon","coordinates":[[[7.6761,48.634],[7.6827,48.6337],[7.6819,48.6356],[7.6761,48.634]]]}},{"type":"Feature","properties":{"landuse":"farmland"},"geometry":{"type":"Polygon","coordinates":[[[7.6817,48.6338],[7.6763,48.634],[7.6764,48.6336],[7.6817,48.6338]]]}},{"type":"Feature","properties":{"landuse":"farmland"},"geometry":{"type":"Polygon","coordinates":[[[7.7008,48.6397],[7.695,48.6404],[7.698,48.6354],[7.6871,48.6331],[7.6983,48.6341],[7.7028,48.6378],[7.7008,48.6397]]]}},{"type":"Feature","properties":{"landuse":"farmland"},"geometry":{"type":"Polygon","coordinates":[[[7.7018,48.6413],[7.7045,48.6423],[7.7028,48.6425],[7.7018,48.6413]]]}},{"type":"Feature","properties":{"landuse":"farmland"},"geometry":{"type":"Polygon","coordinates":[[[7.6956,48.6437],[7.6968,48.6405],[7.7038,48.6435],[7.6956,48.6437]]]}},{"type":"Feature","properties":{"landuse":"farmland"},"geometry":{"type":"Polygon","coordinates":[[[7.6817,48.6434],[7.6832,48.6412],[7.6955,48.6437],[7.6817,48.6434]]]}},{"type":"Feature","properties":{"landuse":"farmland"},"geometry":{"type":"Polygon","coordinates":[[[7.6805,48.6464],[7.6816,48.6443],[7.6911,48.6453],[7.6805,48.6464]]]}},{"type":"Feature","properties":{"landuse":"farmland"},"geometry":{"type":"Polygon","coordinates":[[[7.6957,48.6453],[7.7025,48.644],[7.7023,48.6469],[7.6957,48.6453]]]}},{"type":"Feature","properties":{"landuse":"farmland"},"geometry":{"type":"Polygon","coordinates":[[[7.7025,48.6445],[7.7054,48.643],[7.7056,48.6452],[7.7025,48.6445]]]}},{"type":"Feature","properties":{"landuse":"farmland"},"geometry":{"type":"Polygon","coordinates":[[[7.6912,48.6454],[7.6975,48.6464],[7.6952,48.6478],[7.6912,48.6454]]]}},{"type":"Feature","properties":{"landuse":"orchard"},"geometry":{"type":"Polygon","coordinates":[[[8.1596,48.8883],[8.1585,48.8856],[8.16,48.8859],[8.1596,48.8883]]]}},{"type":"Feature","properties":{"landuse":"farmland"},"geometry":{"type":"Polygon","coordinates":[[[8.1623,48.8774],[8.1665,48.8744],[8.1671,48.8757],[8.1623,48.8774]]]}},{"type":"Feature","properties":{"landuse":"farmland"},"geometry":{"type":"Polygon","coordinates":[[[8.1608,48.8764],[8.1607,48.875],[8.1622,48.8759],[8.1608,48.8764]]]}},{"type":"Feature","properties":{"landuse":"farmland"},"geometry":{"type":"Polygon","coordinates":[[[8.1627,48.8757],[8.162,48.8745],[8.1668,48.8727],[8.1627,48.8757]]]}},{"type":"Feature","properties":{"landuse":"farmland"},"geometry":{"type":"Polygon","coordinates":[[[8.1599,48.8763],[8.157,48.8745],[8.1599,48.8749],[8.1599,48.8763]]]}},{"type":"Feature","properties":{"landuse":"farmland"},"geometry":{"type":"Polygon","coordinates":[[[8.1544,48.8685],[8.1562,48.8658],[8.1563,48.8669],[8.1544,48.8685]]]}},{"type":"Feature","properties":{"landuse":"farmland"},"geometry":{"type":"Polygon","coordinates":[[[8.1558,48.872],[8.1548,48.8699],[8.158,48.8717],[8.1558,48.872]]]}},{"type":"Feature","properties":{"landuse":"farmland"},"geometry":{"type":"Polygon","coordinates":[[[8.1563,48.8759],[8.1547,48.875],[8.1563,48.8751],[8.1563,48.8759]]]}},{"type":"Feature","properties":{"landuse":"farmland"},"geometry":{"type":"Polygon","coordinates":[[[8.1575,48.8745],[8.1557,48.8743],[8.1575,48.8734],[8.1575,48.8745]]]}},{"type":"Feature","properties":{"landuse":"orchard"},"geometry":{"type":"Polygon","coordinates":[[[8.1529,48.8798],[8.1545,48.8793],[8.1547,48.88],[8.1529,48.8798]]]}},{"type":"Feature","properties":{"landuse":"orchard"},"geometry":{"type":"Polygon","coordinates":[[[8.1533,48.8794],[8.1545,48.8778],[8.1566,48.8781],[8.1533,48.8794]]]}},{"type":"Feature","properties":{"landuse":"farmland"},"geometry":{"type":"Polygon","coordinates":[[[8.1549,48.8772],[8.1548,48.8757],[8.1562,48.8759],[8.1562,48.8774],[8.1549,48.8772]]]}},{"type":"Feature","properties":{"landuse":"farmland"},"geometry":{"type":"Polygon","coordinates":[[[8.157,48.8774],[8.1568,48.876],[8.1585,48.8762],[8.157,48.8774]]]}},{"type":"Feature","properties":{"landuse":"farmland"},"geometry":{"type":"Polygon","coordinates":[[[8.1525,48.8769],[8.1525,48.8754],[8.1547,48.8757],[8.1525,48.8769]]]}},{"type":"Feature","properties":{"landuse":"farmland"},"geometry":{"type":"Polygon","coordinates":[[[8.1512,48.8752],[8.1544,48.8741],[8.1545,48.8756],[8.1512,48.8752]]]}},{"type":"Feature","properties":{"landuse":"orchard"},"geometry":{"type":"Polygon","coordinates":[[[8.1499,48.8687],[8.1508,48.8671],[8.1519,48.8669],[8.1499,48.8687]]]}},{"type":"Feature","properties":{"landuse":"farmland"},"geometry":{"type":"Polygon","coordinates":[[[8.144,48.869],[8.1448,48.8673],[8.1453,48.8689],[8.147,48.8675],[8.144,48.869]]]}},{"type":"Feature","properties":{"landuse":"farmland"},"geometry":{"type":"Polygon","coordinates":[[[8.1452,48.8663],[8.1484,48.866],[8.1474,48.867],[8.1452,48.8663]]]}},{"type":"Feature","properties":{"landuse":"farmland"},"geometry":{"type":"Polygon","coordinates":[[[8.1605,48.8963],[8.1611,48.8959],[8.1624,48.8968],[8.1605,48.8963]]]}},{"type":"Feature","properties":{"landuse":"farmland"},"geometry":{"type":"Polygon","coordinates":[[[8.1311,48.8625],[8.1335,48.8591],[8.1331,48.8618],[8.1311,48.8625]]]}},{"type":"Feature","properties":{"landuse":"farmland"},"geometry":{"type":"Polygon","coordinates":[[[8.1413,48.8653],[8.1452,48.8648],[8.1449,48.8659],[8.1413,48.8653]]]}},{"type":"Feature","properties":{"landuse":"orchard"},"geometry":{"type":"Polygon","coordinates":[[[8.1467,48.8632],[8.1467,48.8616],[8.1486,48.8619],[8.1467,48.8632]]]}},{"type":"Feature","properties":{"landuse":"farmland"},"geometry":{"type":"Polygon","coordinates":[[[8.1416,48.8627],[8.1434,48.8616],[8.1428,48.8631],[8.1416,48.8627]]]}},{"type":"Feature","properties":{"landuse":"orchard"},"geometry":{"type":"Polygon","coordinates":[[[8.143,48.8687],[8.1436,48.8675],[8.144,48.869],[8.143,48.8687]]]}},{"type":"Feature","properties":{"landuse":"farmland"},"geometry":{"type":"Polygon","coordinates":[[[8.1342,48.8652],[8.1342,48.8642],[8.1357,48.8665],[8.1342,48.8652]]]}},{"type":"Feature","properties":{"landuse":"farmland"},"geometry":{"type":"Polygon","coordinates":[[[7.4006,48.7662],[7.4012,48.7681],[7.3973,48.768],[7.4006,48.7662]]]}},{"type":"Feature","properties":{"landuse":"farmland"},"geometry":{"type":"Polygon","coordinates":[[[7.4931,48.4998],[7.4915,48.5043],[7.4841,48.5003],[7.4866,48.4999],[7.4801,48.4976],[7.4832,48.495],[7.4811,48.4923],[7.4918,48.4919],[7.4883,48.494],[7.4948,48.4959],[7.4931,48.4998]]]}},{"type":"Feature","properties":{"landuse":"farmland"},"geometry":{"type":"Polygon","coordinates":[[[7.497,48.5102],[7.4971,48.5157],[7.4918,48.5192],[7.4973,48.5237],[7.4865,48.5234],[7.4866,48.5205],[7.4781,48.5193],[7.476,48.5203],[7.4787,48.5223],[7.4713,48.5241],[7.4868,48.5279],[7.4864,48.5309],[7.4745,48.5302],[7.4738,48.5334],[7.4838,48.533],[7.479,48.5363],[7.4629,48.5373],[7.4726,48.5332],[7.4712,48.5298],[7.4612,48.5287],[7.463,48.5271],[7.4579,48.5239],[7.4646,48.5245],[7.4693,48.5182],[7.4719,48.5192],[7.479,48.5115],[7.4828,48.5116],[7.4769,48.5088],[7.4819,48.5088],[7.4786,48.5082],[7.4802,48.5023],[7.4859,48.5031],[7.4881,48.5066],[7.4887,48.5046],[7.4905,48.5102],[7.497,48.5102]]]}},{"type":"Feature","properties":{"landuse":"farmland"},"geometry":{"type":"Polygon","coordinates":[[[7.5126,48.4732],[7.5142,48.4673],[7.5173,48.4672],[7.5141,48.4668],[7.5172,48.4659],[7.5137,48.4655],[7.5126,48.459],[7.5184,48.4592],[7.5288,48.4637],[7.5375,48.4709],[7.5341,48.4716],[7.5377,48.4711],[7.5449,48.479],[7.5327,48.4837],[7.5123,48.4834],[7.5126,48.4732]]]}},{"type":"Feature","properties":{"landuse":"farmland"},"geometry":{"type":"Polygon","coordinates":[[[7.5602,48.497],[7.5427,48.5032],[7.5278,48.4984],[7.519,48.505],[7.512,48.5017],[7.5109,48.5045],[7.5019,48.5032],[7.5102,48.4863],[7.5334,48.4838],[7.5451,48.4794],[7.5602,48.497]]]}},{"type":"Feature","properties":{"landuse":"farmland"},"geometry":{"type":"Polygon","coordinates":[[[7.5669,48.48],[7.5682,48.4861],[7.5634,48.4855],[7.5682,48.4865],[7.5689,48.4903],[7.5619,48.4969],[7.5472,48.479],[7.5589,48.4765],[7.5669,48.48]]]}},{"type":"Feature","properties":{"landuse":"farmland"},"geometry":{"type":"Polygon","coordinates":[[[7.4865,48.8425],[7.4866,48.844],[7.4845,48.8431],[7.4865,48.8425]]]}},{"type":"Feature","properties":{"landuse":"farmland"},"geometry":{"type":"Polygon","coordinates":[[[7.6484,48.843],[7.6444,48.842],[7.6511,48.8428],[7.6484,48.843]]]}},{"type":"Feature","properties":{"landuse":"farmland"},"geometry":{"type":"Polygon","coordinates":[[[7.162,48.9538],[7.1616,48.9524],[7.1655,48.9529],[7.162,48.9538]]]}},{"type":"Feature","properties":{"landuse":"farmland"},"geometry":{"type":"Polygon","coordinates":[[[7.1634,48.9519],[7.166,48.9515],[7.1657,48.9527],[7.1634,48.9519]]]}},{"type":"Feature","properties":{"landuse":"farmland"},"geometry":{"type":"Polygon","coordinates":[[[7.1972,48.9045],[7.1965,48.9032],[7.1973,48.903],[7.1972,48.9045]]]}},{"type":"Feature","properties":{"landuse":"farmland"},"geometry":{"type":"Polygon","coordinates":[[[7.1977,48.9065],[7.1965,48.9059],[7.1981,48.9051],[7.1977,48.9065]]]}},{"type":"Feature","properties":{"landuse":"farmland"},"geometry":{"type":"Polygon","coordinates":[[[7.188,48.9074],[7.2037,48.9082],[7.2046,48.9134],[7.1982,48.9097],[7.1891,48.9102],[7.188,48.9074]]]}},{"type":"Feature","properties":{"landuse":"farmland"},"geometry":{"type":"Polygon","coordinates":[[[7.5014,48.8621],[7.5017,48.8636],[7.5007,48.8634],[7.5014,48.8621]]]}},{"type":"Feature","properties":{"landuse":"farmland"},"geometry":{"type":"Polygon","coordinates":[[[7.5013,48.8636],[7.5063,48.8597],[7.5052,48.8561],[7.5112,48.8572],[7.5082,48.8595],[7.5092,48.8681],[7.5049,48.8671],[7.5046,48.8713],[7.4976,48.8738],[7.495,48.8734],[7.4962,48.8712],[7.4936,48.8744],[7.4864,48.8676],[7.4941,48.8624],[7.5013,48.8636]]]}},{"type":"Feature","properties":{"landuse":"farmland"},"geometry":{"type":"Polygon","coordinates":[[[7.5213,48.8659],[7.523,48.8673],[7.5185,48.8717],[7.5143,48.869],[7.5193,48.8637],[7.5213,48.8659]]]}},{"type":"Feature","properties":{"landuse":"farmland"},"geometry":{"type":"Polygon","coordinates":[[[7.5146,48.8691],[7.517,48.8696],[7.5142,48.8736],[7.5146,48.8691]]]}},{"type":"Feature","properties":{"landuse":"farmland"},"geometry":{"type":"Polygon","coordinates":[[[7.6771,48.8427],[7.6782,48.8448],[7.6754,48.8432],[7.6771,48.8427]]]}},{"type":"Feature","properties":{"landuse":"farmland"},"geometry":{"type":"Polygon","coordinates":[[[7.5051,48.5485],[7.5077,48.5502],[7.5035,48.5507],[7.5051,48.5485]]]}},{"type":"Feature","properties":{"landuse":"farmland"},"geometry":{"type":"Polygon","coordinates":[[[7.5047,48.5474],[7.5013,48.5416],[7.5135,48.5485],[7.508,48.5502],[7.5047,48.5474]]]}},{"type":"Feature","properties":{"landuse":"farmland"},"geometry":{"type":"Polygon","coordinates":[[[7.5203,48.5421],[7.5189,48.5465],[7.5119,48.5469],[7.5203,48.5421]]]}},{"type":"Feature","properties":{"landuse":"farmland"},"geometry":{"type":"Polygon","coordinates":[[[7.6133,48.6384],[7.6157,48.637],[7.6169,48.6385],[7.6133,48.6384]]]}},{"type":"Feature","properties":{"landuse":"farmland"},"geometry":{"type":"Polygon","coordinates":[[[7.8014,48.8157],[7.7996,48.8177],[7.7987,48.8159],[7.8014,48.8157]]]}},{"type":"Feature","properties":{"landuse":"farmland"},"geometry":{"type":"Polygon","coordinates":[[[7.8053,48.8139],[7.8056,48.8145],[7.799,48.8158],[7.8053,48.8139]]]}},{"type":"Feature","properties":{"landuse":"farmland"},"geometry":{"type":"Polygon","coordinates":[[[7.8146,48.8041],[7.8167,48.8059],[7.812,48.8054],[7.8146,48.8041]]]}},{"type":"Feature","properties":{"landuse":"farmland"},"geometry":{"type":"Polygon","coordinates":[[[7.8205,48.808],[7.8187,48.8097],[7.8176,48.8095],[7.8205,48.808]]]}},{"type":"Feature","properties":{"landuse":"farmland"},"geometry":{"type":"Polygon","coordinates":[[[7.8245,48.8038],[7.8266,48.8007],[7.8288,48.8025],[7.8245,48.8038]]]}},{"type":"Feature","properties":{"landuse":"orchard"},"geometry":{"type":"Polygon","coordinates":[[[7.8627,48.7766],[7.8635,48.7755],[7.8638,48.7766],[7.8627,48.7766]]]}},{"type":"Feature","properties":{"landuse":"green_public_spaces"},"geometry":{"type":"Polygon","coordinates":[[[7.7079,48.6648],[7.7082,48.6666],[7.7058,48.6658],[7.7079,48.6648]]]}},{"type":"Feature","properties":{"landuse":"green_public_spaces"},"geometry":{"type":"Polygon","coordinates":[[[7.8477,48.7715],[7.85,48.7715],[7.8475,48.7727],[7.8477,48.7715]]]}},{"type":"Feature","properties":{"landuse":"farmland"},"geometry":{"type":"Polygon","coordinates":[[[7.7128,48.4177],[7.7098,48.418],[7.7111,48.4141],[7.7083,48.4129],[7.7143,48.4111],[7.7164,48.4154],[7.7128,48.4177]]]}},{"type":"Feature","properties":{"landuse":"farmland"},"geometry":{"type":"Polygon","coordinates":[[[7.7026,48.4197],[7.7145,48.4211],[7.7112,48.4249],[7.7026,48.4197]]]}},{"type":"Feature","properties":{"landuse":"farmland"},"geometry":{"type":"Polygon","coordinates":[[[7.7075,48.4159],[7.7092,48.4165],[7.708,48.4187],[7.7075,48.4159]]]}},{"type":"Feature","properties":{"landuse":"farmland"},"geometry":{"type":"Polygon","coordinates":[[[7.6573,48.522],[7.6586,48.5244],[7.6413,48.5225],[7.6493,48.5191],[7.6573,48.522]]]}},{"type":"Feature","properties":{"landuse":"green_public_spaces"},"geometry":{"type":"Polygon","coordinates":[[[7.3169,47.7576],[7.3168,47.7564],[7.3194,47.757],[7.3169,47.7576]]]}},{"type":"Feature","properties":{"landuse":"farmland"},"geometry":{"type":"Polygon","coordinates":[[[7.5422,47.7759],[7.5442,47.7808],[7.5413,47.781],[7.5422,47.7759]]]}},{"type":"Feature","properties":{"landuse":"farmland"},"geometry":{"type":"Polygon","coordinates":[[[7.5429,47.7847],[7.5402,47.782],[7.5442,47.781],[7.5429,47.7847]]]}},{"type":"Feature","properties":{"landuse":"farmland"},"geometry":{"type":"Polygon","coordinates":[[[7.5403,47.7849],[7.5411,47.7876],[7.5375,47.787],[7.5403,47.7849]]]}},{"type":"Feature","properties":{"landuse":"farmland"},"geometry":{"type":"Polygon","coordinates":[[[7.5415,47.7847],[7.5401,47.7827],[7.542,47.7831],[7.5415,47.7847]]]}},{"type":"Feature","properties":{"landuse":"farmland"},"geometry":{"type":"Polygon","coordinates":[[[7.5424,47.7748],[7.543,47.7732],[7.5456,47.7761],[7.5424,47.7748]]]}},{"type":"Feature","properties":{"landuse":"farmland"},"geometry":{"type":"Polygon","coordinates":[[[7.5389,47.7789],[7.5415,47.7773],[7.5412,47.781],[7.5389,47.7789]]]}},{"type":"Feature","properties":{"landuse":"farmland"},"geometry":{"type":"Polygon","coordinates":[[[7.537,47.7849],[7.5411,47.7811],[7.5403,47.7848],[7.537,47.7849]]]}},{"type":"Feature","properties":{"landuse":"farmland"},"geometry":{"type":"Polygon","coordinates":[[[7.5472,47.7851],[7.5478,47.7875],[7.5449,47.7847],[7.5472,47.7851]]]}},{"type":"Feature","properties":{"landuse":"farmland"},"geometry":{"type":"Polygon","coordinates":[[[7.5427,47.7868],[7.5455,47.7866],[7.5459,47.7879],[7.5427,47.7868]]]}},{"type":"Feature","properties":{"landuse":"farmland"},"geometry":{"type":"Polygon","coordinates":[[[7.5405,47.7856],[7.5416,47.7856],[7.5412,47.7881],[7.5405,47.7856]]]}},{"type":"Feature","properties":{"landuse":"farmland"},"geometry":{"type":"Polygon","coordinates":[[[7.5494,47.777],[7.5515,47.7753],[7.5508,47.7797],[7.5494,47.777]]]}},{"type":"Feature","properties":{"landuse":"farmland"},"geometry":{"type":"Polygon","coordinates":[[[7.5475,47.7794],[7.5478,47.7772],[7.5493,47.7771],[7.5475,47.7794]]]}},{"type":"Feature","properties":{"landuse":"farmland"},"geometry":{"type":"Polygon","coordinates":[[[7.5472,47.7821],[7.5475,47.7795],[7.5508,47.7798],[7.5472,47.7821]]]}},{"type":"Feature","properties":{"landuse":"farmland"},"geometry":{"type":"Polygon","coordinates":[[[7.5504,47.7843],[7.5472,47.7845],[7.5501,47.7827],[7.5504,47.7843]]]}},{"type":"Feature","properties":{"landuse":"farmland"},"geometry":{"type":"Polygon","coordinates":[[[7.546,47.7828],[7.5449,47.7846],[7.5442,47.781],[7.5471,47.7809],[7.546,47.7828]]]}},{"type":"Feature","properties":{"landuse":"farmland"},"geometry":{"type":"Polygon","coordinates":[[[7.5507,47.7804],[7.5514,47.7777],[7.553,47.7798],[7.5507,47.7804]]]}},{"type":"Feature","properties":{"landuse":"farmland"},"geometry":{"type":"Polygon","coordinates":[[[7.5513,47.7811],[7.5518,47.7827],[7.5502,47.7827],[7.5513,47.7811]]]}},{"type":"Feature","properties":{"landuse":"farmland"},"geometry":{"type":"Polygon","coordinates":[[[7.5505,47.7844],[7.5518,47.7827],[7.5526,47.7842],[7.5505,47.7844]]]}},{"type":"Feature","properties":{"landuse":"farmland"},"geometry":{"type":"Polygon","coordinates":[[[7.5489,47.7734],[7.5506,47.7741],[7.5484,47.7749],[7.5489,47.7734]]]}},{"type":"Feature","properties":{"landuse":"farmland"},"geometry":{"type":"Polygon","coordinates":[[[7.5498,47.7878],[7.5498,47.7872],[7.5522,47.7876],[7.5498,47.7878]]]}},{"type":"Feature","properties":{"landuse":"farmland"},"geometry":{"type":"Polygon","coordinates":[[[7.5544,47.7874],[7.5531,47.7886],[7.551,47.7857],[7.5544,47.7874]]]}},{"type":"Feature","properties":{"landuse":"farmland"},"geometry":{"type":"Polygon","coordinates":[[[7.554,47.7855],[7.551,47.7856],[7.5505,47.7845],[7.554,47.7855]]]}},{"type":"Feature","properties":{"landuse":"farmland"},"geometry":{"type":"Polygon","coordinates":[[[7.5481,47.7884],[7.5507,47.7878],[7.5515,47.7915],[7.5481,47.7884]]]}},{"type":"Feature","properties":{"landuse":"farmland"},"geometry":{"type":"Polygon","coordinates":[[[7.546,47.7885],[7.5487,47.7915],[7.5459,47.7915],[7.546,47.7885]]]}},{"type":"Feature","properties":{"landuse":"farmland"},"geometry":{"type":"Polygon","coordinates":[[[7.543,47.7897],[7.5407,47.7887],[7.5458,47.7883],[7.5455,47.791],[7.543,47.7897]]]}},{"type":"Feature","properties":{"landuse":"farmland"},"geometry":{"type":"Polygon","coordinates":[[[7.5673,47.8276],[7.5664,47.8265],[7.5689,47.8272],[7.5673,47.8276]]]}},{"type":"Feature","properties":{"landuse":"farmland"},"geometry":{"type":"Polygon","coordinates":[[[7.5648,47.8268],[7.5664,47.8266],[7.5682,47.8293],[7.5648,47.8268]]]}},{"type":"Feature","properties":{"landuse":"farmland"},"geometry":{"type":"Polygon","coordinates":[[[7.5691,47.8292],[7.5693,47.831],[7.5673,47.8296],[7.5691,47.8292]]]}},{"type":"Feature","properties":{"landuse":"farmland"},"geometry":{"type":"Polygon","coordinates":[[[7.5637,47.8259],[7.5616,47.8256],[7.5634,47.8253],[7.5637,47.8259]]]}},{"type":"Feature","properties":{"landuse":"farmland"},"geometry":{"type":"Polygon","coordinates":[[[7.5522,47.793],[7.5493,47.7927],[7.5518,47.7916],[7.5522,47.793]]]}},{"type":"Feature","properties":{"landuse":"farmland"},"geometry":{"type":"Polygon","coordinates":[[[7.5477,47.7945],[7.546,47.7918],[7.5488,47.7917],[7.55,47.795],[7.5477,47.7945]]]}},{"type":"Feature","properties":{"landuse":"orchard"},"geometry":{"type":"Polygon","coordinates":[[[7.5733,47.7778],[7.5706,47.7785],[7.5694,47.7766],[7.5721,47.7759],[7.5733,47.7778]]]}},{"type":"Feature","properties":{"landuse":"farmland"},"geometry":{"type":"Polygon","coordinates":[[[7.686,48.4468],[7.6845,48.4473],[7.6835,48.4461],[7.686,48.4468]]]}},{"type":"Feature","properties":{"landuse":"farmland"},"geometry":{"type":"Polygon","coordinates":[[[7.553,47.7758],[7.553,47.7737],[7.5559,47.7754],[7.553,47.7758]]]}},{"type":"Feature","properties":{"landuse":"farmland"},"geometry":{"type":"Polygon","coordinates":[[[7.5591,47.7727],[7.566,47.7714],[7.5675,47.7738],[7.5591,47.7727]]]}},{"type":"Feature","properties":{"landuse":"farmland"},"geometry":{"type":"Polygon","coordinates":[[[7.5539,47.7785],[7.553,47.7762],[7.5561,47.7782],[7.5539,47.7785]]]}},{"type":"Feature","properties":{"landuse":"farmland"},"geometry":{"type":"Polygon","coordinates":[[[7.5602,47.7748],[7.5618,47.7774],[7.5562,47.7782],[7.5546,47.7757],[7.5602,47.7748]]]}},{"type":"Feature","properties":{"landuse":"farmland"},"geometry":{"type":"Polygon","coordinates":[[[7.556,47.7753],[7.5547,47.7733],[7.5601,47.7746],[7.556,47.7753]]]}},{"type":"Feature","properties":{"landuse":"farmland"},"geometry":{"type":"Polygon","coordinates":[[[7.5573,47.7698],[7.5566,47.7686],[7.5608,47.7676],[7.5573,47.7698]]]}},{"type":"Feature","properties":{"landuse":"farmland"},"geometry":{"type":"Polygon","coordinates":[[[7.5581,47.771],[7.5573,47.7698],[7.564,47.7682],[7.5581,47.771]]]}},{"type":"Feature","properties":{"landuse":"farmland"},"geometry":{"type":"Polygon","coordinates":[[[7.5589,47.7724],[7.5647,47.7693],[7.5659,47.7713],[7.5589,47.7724]]]}},{"type":"Feature","properties":{"landuse":"farmland"},"geometry":{"type":"Polygon","coordinates":[[[7.5653,47.777],[7.5606,47.7752],[7.5676,47.7739],[7.5692,47.7764],[7.5653,47.777]]]}},{"type":"Feature","properties":{"landuse":"farmland"},"geometry":{"type":"Polygon","coordinates":[[[7.563,47.7793],[7.5693,47.7766],[7.5707,47.7786],[7.563,47.7793]]]}},{"type":"Feature","properties":{"landuse":"farmland"},"geometry":{"type":"Polygon","coordinates":[[[7.5648,47.7692],[7.5636,47.7674],[7.5725,47.768],[7.5648,47.7692]]]}},{"type":"Feature","properties":{"landuse":"farmland"},"geometry":{"type":"Polygon","coordinates":[[[7.5661,47.7713],[7.5648,47.7693],[7.5737,47.7699],[7.5661,47.7713]]]}},{"type":"Feature","properties":{"landuse":"farmland"},"geometry":{"type":"Polygon","coordinates":[[[7.5677,47.7738],[7.5661,47.7714],[7.5737,47.7701],[7.5752,47.7725],[7.5677,47.7738]]]}},{"type":"Feature","properties":{"landuse":"farmland"},"geometry":{"type":"Polygon","coordinates":[[[7.5694,47.7765],[7.5677,47.7739],[7.5766,47.7746],[7.5694,47.7765]]]}},{"type":"Feature","properties":{"landuse":"farmland"},"geometry":{"type":"Polygon","coordinates":[[[7.5649,47.7671],[7.5666,47.7645],[7.5675,47.7667],[7.5649,47.7671]]]}},{"type":"Feature","properties":{"landuse":"farmland"},"geometry":{"type":"Polygon","coordinates":[[[7.5677,47.7667],[7.569,47.7633],[7.5712,47.766],[7.5677,47.7667]]]}},{"type":"Feature","properties":{"landuse":"farmland"},"geometry":{"type":"Polygon","coordinates":[[[7.5574,47.7837],[7.5554,47.7785],[7.5582,47.7781],[7.5601,47.7831],[7.5574,47.7837]]]}},{"type":"Feature","properties":{"landuse":"farmland"},"geometry":{"type":"Polygon","coordinates":[[[7.5539,47.7787],[7.556,47.7802],[7.5545,47.7803],[7.5539,47.7787]]]}},{"type":"Feature","properties":{"landuse":"farmland"},"geometry":{"type":"Polygon","coordinates":[[[7.5622,47.7862],[7.5581,47.7874],[7.5573,47.786],[7.5622,47.7862]]]}},{"type":"Feature","properties":{"landuse":"farmland"},"geometry":{"type":"Polygon","coordinates":[[[7.5588,47.7792],[7.5583,47.7781],[7.5619,47.7776],[7.5588,47.7792]]]}},{"type":"Feature","properties":{"landuse":"farmland"},"geometry":{"type":"Polygon","coordinates":[[[7.5637,47.7807],[7.5634,47.7801],[7.5677,47.7795],[7.5637,47.7807]]]}},{"type":"Feature","properties":{"landuse":"farmland"},"geometry":{"type":"Polygon","coordinates":[[[7.5638,47.785],[7.5623,47.7862],[7.5608,47.784],[7.5638,47.785]]]}},{"type":"Feature","properties":{"landuse":"farmland"},"geometry":{"type":"Polygon","coordinates":[[[7.5599,47.7827],[7.565,47.7834],[7.5608,47.784],[7.5599,47.7827]]]}},{"type":"Feature","properties":{"landuse":"farmland"},"geometry":{"type":"Polygon","coordinates":[[[7.5576,47.7842],[7.5602,47.7833],[7.5585,47.7857],[7.5576,47.7842]]]}},{"type":"Feature","properties":{"landuse":"farmland"},"geometry":{"type":"Polygon","coordinates":[[[7.3123,47.7226],[7.3105,47.7231],[7.3111,47.7208],[7.3123,47.7226]]]}},{"type":"Feature","properties":{"landuse":"farmland"},"geometry":{"type":"Polygon","coordinates":[[[7.3099,47.7187],[7.3051,47.7146],[7.3109,47.7109],[7.3131,47.7178],[7.3099,47.7187]]]}},{"type":"Feature","properties":{"landuse":"farmland"},"geometry":{"type":"Polygon","coordinates":[[[7.5735,47.8284],[7.5714,47.8288],[7.5743,47.826],[7.5735,47.8284]]]}},{"type":"Feature","properties":{"landuse":"farmland"},"geometry":{"type":"Polygon","coordinates":[[[7.5718,47.8324],[7.5702,47.8325],[7.5698,47.8291],[7.5718,47.8324]]]}},{"type":"Feature","properties":{"landuse":"farmland"},"geometry":{"type":"Polygon","coordinates":[[[7.5713,47.829],[7.573,47.8286],[7.5736,47.8299],[7.5713,47.829]]]}},{"type":"Feature","properties":{"landuse":"vineyard"},"geometry":{"type":"Polygon","coordinates":[[[7.5656,47.7529],[7.5662,47.7539],[7.5637,47.7511],[7.5656,47.7529]]]}},{"type":"Feature","properties":{"landuse":"vineyard"},"geometry":{"type":"Polygon","coordinates":[[[7.5667,47.7476],[7.5677,47.7504],[7.5659,47.7506],[7.5667,47.7476]]]}},{"type":"Feature","properties":{"landuse":"vineyard"},"geometry":{"type":"Polygon","coordinates":[[[7.566,47.7543],[7.5641,47.7533],[7.5628,47.751],[7.566,47.7543]]]}},{"type":"Feature","properties":{"landuse":"vineyard"},"geometry":{"type":"Polygon","coordinates":[[[7.562,47.7491],[7.5635,47.749],[7.5636,47.7505],[7.562,47.7491]]]}},{"type":"Feature","properties":{"landuse":"vineyard"},"geometry":{"type":"Polygon","coordinates":[[[7.565,47.7481],[7.5646,47.7509],[7.5637,47.7509],[7.565,47.7481]]]}},{"type":"Feature","properties":{"landuse":"vineyard"},"geometry":{"type":"Polygon","coordinates":[[[7.5638,47.7458],[7.5645,47.7477],[7.5627,47.7463],[7.5638,47.7458]]]}},{"type":"Feature","properties":{"landuse":"farmland"},"geometry":{"type":"Polygon","coordinates":[[[7.2435,47.8129],[7.2422,47.8109],[7.2453,47.8112],[7.2435,47.8129]]]}},{"type":"Feature","properties":{"landuse":"farmland"},"geometry":{"type":"Polygon","coordinates":[[[7.2413,47.8154],[7.2577,47.815],[7.253,47.8213],[7.2569,47.8167],[7.2644,47.8188],[7.2646,47.8221],[7.2623,47.8211],[7.2646,47.8229],[7.2512,47.8228],[7.2359,47.8155],[7.2413,47.8154]]]}},{"type":"Feature","properties":{"landuse":"farmland"},"geometry":{"type":"Polygon","coordinates":[[[7.2538,47.8138],[7.2499,47.8154],[7.2491,47.813],[7.2538,47.8138]]]}},{"type":"Feature","properties":{"landuse":"farmland"},"geometry":{"type":"Polygon","coordinates":[[[7.7947,48.4819],[7.7903,48.4803],[7.794,48.4783],[7.8012,48.4805],[7.7947,48.4819]]]}},{"type":"Feature","properties":{"landuse":"farmland"},"geometry":{"type":"Polygon","coordinates":[[[7.7928,48.4856],[7.7975,48.4818],[7.7983,48.4841],[7.796,48.4834],[7.7933,48.488],[7.7928,48.4856]]]}},{"type":"Feature","properties":{"landuse":"farmland"},"geometry":{"type":"Polygon","coordinates":[[[7.7915,48.4852],[7.7926,48.4884],[7.7903,48.4856],[7.7915,48.4852]]]}},{"type":"Feature","properties":{"landuse":"green_public_spaces"},"geometry":{"type":"Polygon","coordinates":[[[7.5407,48.0134],[7.5424,48.0122],[7.5419,48.0134],[7.5407,48.0134]]]}},{"type":"Feature","properties":{"landuse":"farmland"},"geometry":{"type":"Polygon","coordinates":[[[7.5313,48.0112],[7.5298,48.0102],[7.5339,48.0101],[7.5313,48.0112]]]}},{"type":"Feature","properties":{"landuse":"farmland"},"geometry":{"type":"Polygon","coordinates":[[[7.559,48.0186],[7.5596,48.0175],[7.5607,48.0181],[7.559,48.0186]]]}},{"type":"Feature","properties":{"landuse":"farmland"},"geometry":{"type":"Polygon","coordinates":[[[7.5669,48.0186],[7.5676,48.0174],[7.5697,48.0171],[7.5669,48.0186]]]}},{"type":"Feature","properties":{"landuse":"farmland"},"geometry":{"type":"Polygon","coordinates":[[[7.5614,48.0188],[7.5623,48.0177],[7.5637,48.0181],[7.5614,48.0188]]]}},{"type":"Feature","properties":{"landuse":"farmland"},"geometry":{"type":"Polygon","coordinates":[[[7.5656,48.0156],[7.5667,48.0178],[7.5641,48.0182],[7.5656,48.0156]]]}},{"type":"Feature","properties":{"landuse":"farmland"},"geometry":{"type":"Polygon","coordinates":[[[7.5666,48.0173],[7.5662,48.0165],[7.5684,48.0161],[7.5666,48.0173]]]}},{"type":"Feature","properties":{"landuse":"farmland"},"geometry":{"type":"Polygon","coordinates":[[[7.5582,48.0121],[7.56,48.011],[7.5627,48.0135],[7.5582,48.0121]]]}},{"type":"Feature","properties":{"landuse":"farmland"},"geometry":{"type":"Polygon","coordinates":[[[8.0095,48.9091],[8.0151,48.9087],[8.0125,48.9099],[8.0095,48.9091]]]}},{"type":"Feature","properties":{"landuse":"farmland"},"geometry":{"type":"Polygon","coordinates":[[[8.0147,48.9092],[8.0192,48.9088],[8.0162,48.9117],[8.0147,48.9092]]]}},{"type":"Feature","properties":{"landuse":"farmland"},"geometry":{"type":"Polygon","coordinates":[[[8.0031,48.9189],[8.0045,48.9195],[8.0037,48.92],[8.0031,48.9189]]]}},{"type":"Feature","properties":{"landuse":"farmland"},"geometry":{"type":"Polygon","coordinates":[[[7.8875,48.9338],[7.8867,48.9326],[7.8897,48.9324],[7.8875,48.9338]]]}},{"type":"Feature","properties":{"landuse":"green_public_spaces"},"geometry":{"type":"Polygon","coordinates":[[[7.8829,48.9394],[7.8841,48.9384],[7.8845,48.939],[7.8829,48.9394]]]}},{"type":"Feature","properties":{"landuse":"farmland"},"geometry":{"type":"Polygon","coordinates":[[[7.8618,48.9347],[7.8616,48.9335],[7.8643,48.9342],[7.8618,48.9347]]]}},{"type":"Feature","properties":{"landuse":"farmland"},"geometry":{"type":"Polygon","coordinates":[[[7.8875,48.9451],[7.8897,48.9437],[7.8917,48.9451],[7.8875,48.9451]]]}},{"type":"Feature","properties":{"landuse":"farmland"},"geometry":{"type":"Polygon","coordinates":[[[7.5584,48.0323],[7.5604,48.0314],[7.5604,48.0323],[7.5584,48.0323]]]}},{"type":"Feature","properties":{"landuse":"farmland"},"geometry":{"type":"Polygon","coordinates":[[[7.5661,48.0217],[7.566,48.0206],[7.5676,48.0204],[7.5661,48.0217]]]}},{"type":"Feature","properties":{"landuse":"farmland"},"geometry":{"type":"Polygon","coordinates":[[[7.5524,48.0418],[7.5555,48.0416],[7.554,48.0428],[7.5524,48.0418]]]}},{"type":"Feature","properties":{"landuse":"orchard"},"geometry":{"type":"Polygon","coordinates":[[[7.5541,48.0428],[7.5558,48.042],[7.5556,48.0435],[7.5541,48.0428]]]}},{"type":"Feature","properties":{"landuse":"farmland"},"geometry":{"type":"Polygon","coordinates":[[[7.5616,48.0465],[7.5621,48.0412],[7.5672,48.0411],[7.5616,48.0465]]]}},{"type":"Feature","properties":{"landuse":"farmland"},"geometry":{"type":"Polygon","coordinates":[[[7.559,48.0453],[7.5601,48.0459],[7.5583,48.0468],[7.559,48.0453]]]}},{"type":"Feature","properties":{"landuse":"farmland"},"geometry":{"type":"Polygon","coordinates":[[[7.5586,48.0646],[7.5577,48.0604],[7.5596,48.0628],[7.5586,48.0646]]]}},{"type":"Feature","properties":{"landuse":"farmland"},"geometry":{"type":"Polygon","coordinates":[[[7.5589,48.0603],[7.5612,48.0603],[7.5598,48.0628],[7.5589,48.0603]]]}},{"type":"Feature","properties":{"landuse":"farmland"},"geometry":{"type":"Polygon","coordinates":[[[8.0192,48.9075],[8.0211,48.9074],[8.0201,48.909],[8.0192,48.9075]]]}},{"type":"Feature","properties":{"landuse":"farmland"},"geometry":{"type":"Polygon","coordinates":[[[7.9799,48.9061],[7.9807,48.9069],[7.979,48.9064],[7.9799,48.9061]]]}},{"type":"Feature","properties":{"landuse":"farmland"},"geometry":{"type":"Polygon","coordinates":[[[7.9771,48.9139],[7.9763,48.9127],[7.9805,48.9122],[7.9771,48.9139]]]}},{"type":"Feature","properties":{"landuse":"farmland"},"geometry":{"type":"Polygon","coordinates":[[[7.9833,48.9136],[7.9813,48.9142],[7.9809,48.9133],[7.9833,48.9136]]]}},{"type":"Feature","properties":{"landuse":"farmland"},"geometry":{"type":"Polygon","coordinates":[[[7.9737,48.9209],[7.9719,48.9192],[7.9725,48.9189],[7.9737,48.9209]]]}},{"type":"Feature","properties":{"landuse":"farmland"},"geometry":{"type":"Polygon","coordinates":[[[7.9728,48.9186],[7.9714,48.9163],[7.9741,48.9153],[7.9728,48.9186]]]}},{"type":"Feature","properties":{"landuse":"farmland"},"geometry":{"type":"Polygon","coordinates":[[[7.9693,48.9172],[7.9687,48.9162],[7.9717,48.9139],[7.9723,48.9149],[7.9693,48.9172]]]}},{"type":"Feature","properties":{"landuse":"farmland"},"geometry":{"type":"Polygon","coordinates":[[[7.9561,48.9201],[7.9555,48.9193],[7.9574,48.9185],[7.9561,48.9201]]]}},{"type":"Feature","properties":{"landuse":"farmland"},"geometry":{"type":"Polygon","coordinates":[[[8.0322,48.9055],[8.0327,48.9045],[8.0338,48.9054],[8.0322,48.9055]]]}},{"type":"Feature","properties":{"landuse":"farmland"},"geometry":{"type":"Polygon","coordinates":[[[7.9794,48.9745],[7.9828,48.9745],[7.9816,48.9756],[7.9794,48.9745]]]}},{"type":"Feature","properties":{"landuse":"orchard"},"geometry":{"type":"Polygon","coordinates":[[[7.9825,48.9696],[7.9818,48.968],[7.9862,48.9696],[7.9825,48.9696]]]}},{"type":"Feature","properties":{"landuse":"farmland"},"geometry":{"type":"Polygon","coordinates":[[[7.3927,47.8026],[7.3854,47.7952],[7.3769,47.7956],[7.3826,47.7937],[7.3812,47.7832],[7.3694,47.7811],[7.3704,47.7738],[7.3681,47.7732],[7.3721,47.7727],[7.3733,47.7788],[7.3855,47.7801],[7.384,47.7834],[7.3865,47.7833],[7.3819,47.7849],[7.3925,47.7891],[7.3906,47.796],[7.3936,47.7956],[7.3927,47.8026]]]}},{"type":"Feature","properties":{"landuse":"farmland"},"geometry":{"type":"Polygon","coordinates":[[[7.3932,47.8116],[7.4049,47.8083],[7.4123,47.8189],[7.4091,47.8294],[7.3957,47.8383],[7.3932,47.8116]]]}},{"type":"Feature","properties":{"landuse":"farmland"},"geometry":{"type":"Polygon","coordinates":[[[7.394,47.801],[7.3988,47.793],[7.3972,47.7973],[7.4051,47.7957],[7.4025,47.8035],[7.394,47.801]]]}},{"type":"Feature","properties":{"landuse":"farmland"},"geometry":{"type":"Polygon","coordinates":[[[7.3791,48.1925],[7.3897,48.2077],[7.387,48.2086],[7.3973,48.2168],[7.3908,48.2181],[7.3923,48.2167],[7.3859,48.2146],[7.3859,48.2179],[7.3996,48.2189],[7.4015,48.2207],[7.3988,48.2217],[7.4044,48.2241],[7.4062,48.2297],[7.402,48.232],[7.4069,48.2342],[7.4088,48.2433],[7.4037,48.2455],[7.4089,48.2442],[7.413,48.2548],[7.3971,48.2428],[7.3943,48.233],[7.3841,48.221],[7.3807,48.2213],[7.3814,48.2146],[7.3725,48.2145],[7.3707,48.2093],[7.377,48.2092],[7.375,48.2063],[7.3792,48.2063],[7.3788,48.2042],[7.3734,48.1988],[7.3738,48.201],[7.3676,48.2001],[7.3676,48.195],[7.3791,48.1925]]]}},{"type":"Feature","properties":{"landuse":"farmland"},"geometry":{"type":"Polygon","coordinates":[[[7.3783,48.188],[7.3876,48.1849],[7.3912,48.1874],[7.389,48.1889],[7.3916,48.1878],[7.4007,48.208],[7.3988,48.2179],[7.3938,48.2129],[7.3982,48.2102],[7.3933,48.2122],[7.3913,48.2095],[7.3968,48.2087],[7.3908,48.2082],[7.3783,48.188]]]}},{"type":"Feature","properties":{"landuse":"farmland"},"geometry":{"type":"Polygon","coordinates":[[[7.4153,48.2331],[7.404,48.2209],[7.4218,48.2353],[7.4153,48.2331]]]}},{"type":"Feature","properties":{"landuse":"farmland"},"geometry":{"type":"Polygon","coordinates":[[[7.3777,48.1905],[7.3693,48.1906],[7.3762,48.1882],[7.3777,48.1905]]]}},{"type":"Feature","properties":{"landuse":"farmland"},"geometry":{"type":"Polygon","coordinates":[[[7.4023,48.2177],[7.4018,48.2146],[7.403,48.2168],[7.4023,48.2177]]]}},{"type":"Feature","properties":{"landuse":"farmland"},"geometry":{"type":"Polygon","coordinates":[[[7.1109,47.6418],[7.1016,47.653],[7.087,47.649],[7.0907,47.6447],[7.089,47.6426],[7.0927,47.6425],[7.0874,47.6372],[7.0948,47.6355],[7.101,47.6396],[7.1059,47.6347],[7.1104,47.6384],[7.1062,47.6392],[7.1131,47.6406],[7.1109,47.6418]]]}},{"type":"Feature","properties":{"landuse":"farmland"},"geometry":{"type":"Polygon","coordinates":[[[7.0959,47.6524],[7.0995,47.6534],[7.0982,47.6566],[7.0929,47.6544],[7.0954,47.6566],[7.0933,47.6592],[7.0977,47.6616],[7.0842,47.6684],[7.0772,47.666],[7.082,47.6634],[7.0828,47.6603],[7.08,47.6591],[7.0849,47.6603],[7.0858,47.6505],[7.0959,47.6524]]]}},{"type":"Feature","properties":{"landuse":"farmland"},"geometry":{"type":"Polygon","coordinates":[[[7.13,47.7341],[7.1245,47.734],[7.1243,47.7313],[7.1332,47.7336],[7.13,47.7341]]]}},{"type":"Feature","properties":{"landuse":"farmland"},"geometry":{"type":"Polygon","coordinates":[[[7.2664,47.6838],[7.268,47.6825],[7.2604,47.6799],[7.262,47.6775],[7.2912,47.697],[7.2803,47.6986],[7.2664,47.6838]]]}},{"type":"Feature","properties":{"landuse":"farmland"},"geometry":{"type":"Polygon","coordinates":[[[7.2943,47.7008],[7.2983,47.7029],[7.2906,47.7058],[7.2849,47.703],[7.2886,47.6983],[7.2943,47.7008]]]}},{"type":"Feature","properties":{"landuse":"farmland"},"geometry":{"type":"Polygon","coordinates":[[[7.2848,47.6996],[7.2814,47.7001],[7.2835,47.6984],[7.2848,47.6996]]]}},{"type":"Feature","properties":{"landuse":"farmland"},"geometry":{"type":"Polygon","coordinates":[[[7.4935,47.781],[7.4952,47.7814],[7.4916,47.7824],[7.4935,47.781]]]}},{"type":"Feature","properties":{"landuse":"farmland"},"geometry":{"type":"Polygon","coordinates":[[[7.4982,47.7907],[7.4974,47.782],[7.5022,47.7913],[7.4982,47.7907]]]}},{"type":"Feature","properties":{"landuse":"farmland"},"geometry":{"type":"Polygon","coordinates":[[[7.5195,47.7554],[7.524,47.758],[7.5227,47.76],[7.5188,47.7582],[7.5195,47.7554]]]}},{"type":"Feature","properties":{"landuse":"farmland"},"geometry":{"type":"Polygon","coordinates":[[[7.5211,47.8067],[7.5213,47.8115],[7.5065,47.8118],[7.5086,47.811],[7.5052,47.8047],[7.4993,47.8074],[7.4971,47.7971],[7.4916,47.7941],[7.493,47.79],[7.5104,47.7917],[7.515,47.7893],[7.5251,47.8037],[7.5211,47.8067]]]}},{"type":"Feature","properties":{"landuse":"farmland"},"geometry":{"type":"Polygon","coordinates":[[[7.4963,47.7818],[7.4978,47.7906],[7.4894,47.7887],[7.4963,47.7818]]]}},{"type":"Feature","properties":{"landuse":"farmland"},"geometry":{"type":"Polygon","coordinates":[[[7.4969,47.7802],[7.4971,47.7814],[7.4934,47.7809],[7.4969,47.7802]]]}},{"type":"Feature","properties":{"landuse":"farmland"},"geometry":{"type":"Polygon","coordinates":[[[7.4979,47.7538],[7.5007,47.7529],[7.5023,47.757],[7.4996,47.7614],[7.496,47.7615],[7.4979,47.7538]]]}},{"type":"Feature","properties":{"landuse":"farmland"},"geometry":{"type":"Polygon","coordinates":[[[7.4976,47.7802],[7.501,47.7793],[7.4975,47.7817],[7.4976,47.7802]]]}},{"type":"Feature","properties":{"landuse":"farmland"},"geometry":{"type":"Polygon","coordinates":[[[7.2787,47.8735],[7.2725,47.8697],[7.2746,47.8677],[7.2843,47.8719],[7.2799,47.8757],[7.2787,47.8735]]]}},{"type":"Feature","properties":{"landuse":"farmland"},"geometry":{"type":"Polygon","coordinates":[[[7.296,47.8826],[7.2838,47.8844],[7.2752,47.8786],[7.2847,47.8725],[7.296,47.8826]]]}},{"type":"Feature","properties":{"landuse":"farmland"},"geometry":{"type":"Polygon","coordinates":[[[7.2799,47.8938],[7.2842,47.8987],[7.2703,47.8998],[7.267,47.8949],[7.2721,47.889],[7.2795,47.8895],[7.2799,47.8938]]]}},{"type":"Feature","properties":{"landuse":"farmland"},"geometry":{"type":"Polygon","coordinates":[[[7.2738,47.8857],[7.2656,47.8836],[7.2747,47.8788],[7.2814,47.8848],[7.2738,47.8857]]]}},{"type":"Feature","properties":{"landuse":"farmland"},"geometry":{"type":"Polygon","coordinates":[[[7.2879,47.8904],[7.301,47.9103],[7.2868,47.9025],[7.2835,47.8972],[7.2879,47.8904]]]}},{"type":"Feature","properties":{"landuse":"farmland"},"geometry":{"type":"Polygon","coordinates":[[[7.2423,47.8904],[7.2353,47.888],[7.2423,47.8859],[7.2397,47.8811],[7.2361,47.8818],[7.2497,47.8779],[7.2541,47.8881],[7.2423,47.8904]]]}},{"type":"Feature","properties":{"landuse":"farmland"},"geometry":{"type":"Polygon","coordinates":[[[7.2866,47.9025],[7.2822,47.9096],[7.2851,47.9098],[7.2813,47.911],[7.2605,47.9045],[7.2593,47.8991],[7.2774,47.9024],[7.2774,47.8999],[7.2848,47.8998],[7.2866,47.9025]]]}},{"type":"Feature","properties":{"landuse":"farmland"},"geometry":{"type":"Polygon","coordinates":[[[7.2687,47.8661],[7.2683,47.8636],[7.272,47.8655],[7.2715,47.8694],[7.2687,47.8661]]]}},{"type":"Feature","properties":{"landuse":"farmland"},"geometry":{"type":"Polygon","coordinates":[[[7.2545,47.8669],[7.2486,47.8717],[7.2435,47.8592],[7.253,47.8592],[7.2516,47.8628],[7.2554,47.8647],[7.2545,47.8669]]]}},{"type":"Feature","properties":{"landuse":"farmland"},"geometry":{"type":"Polygon","coordinates":[[[7.2437,47.894],[7.2556,47.8897],[7.2564,47.8943],[7.2437,47.894]]]}},{"type":"Feature","properties":{"landuse":"farmland"},"geometry":{"type":"Polygon","coordinates":[[[7.2682,47.8661],[7.2665,47.8701],[7.2741,47.8776],[7.2676,47.8775],[7.2743,47.8779],[7.2642,47.8833],[7.2527,47.8817],[7.2488,47.8719],[7.2639,47.8641],[7.2612,47.8631],[7.2682,47.8661]]]}},{"type":"Feature","properties":{"landuse":"farmland"},"geometry":{"type":"Polygon","coordinates":[[[7.2533,47.8827],[7.262,47.884],[7.2556,47.8863],[7.2533,47.8827]]]}},{"type":"Feature","properties":{"landuse":"farmland"},"geometry":{"type":"Polygon","coordinates":[[[7.1939,47.8125],[7.1951,47.8132],[7.1945,47.8145],[7.1939,47.8125]]]}},{"type":"Feature","properties":{"landuse":"farmland"},"geometry":{"type":"Polygon","coordinates":[[[7.1946,47.8102],[7.197,47.8108],[7.1955,47.8125],[7.1946,47.8102]]]}},{"type":"Feature","properties":{"landuse":"farmland"},"geometry":{"type":"Polygon","coordinates":[[[7.233,47.8124],[7.2364,47.8114],[7.2352,47.8136],[7.233,47.8124]]]}},{"type":"Feature","properties":{"landuse":"farmland"},"geometry":{"type":"Polygon","coordinates":[[[7.2648,47.8175],[7.2651,47.8153],[7.2732,47.8192],[7.2648,47.8175]]]}},{"type":"Feature","properties":{"landuse":"green_public_spaces"},"geometry":{"type":"Polygon","coordinates":[[[7.5795,48.0206],[7.5824,48.0177],[7.5821,48.0199],[7.5795,48.0206]]]}},{"type":"Feature","properties":{"landuse":"green_public_spaces"},"geometry":{"type":"Polygon","coordinates":[[[7.3362,48.0751],[7.3381,48.0747],[7.338,48.0755],[7.3362,48.0751]]]}},{"type":"Feature","properties":{"landuse":"farmland"},"geometry":{"type":"Polygon","coordinates":[[[7.3493,47.8253],[7.3402,47.8169],[7.3451,47.81],[7.3442,47.8054],[7.3499,47.8058],[7.3479,47.801],[7.3453,47.804],[7.3447,47.798],[7.358,47.7973],[7.3595,47.8019],[7.3553,47.8037],[7.3584,47.8063],[7.3548,47.8078],[7.3591,47.8106],[7.359,47.8175],[7.3529,47.8191],[7.3535,47.8246],[7.3493,47.8253]]]}},{"type":"Feature","properties":{"landuse":"farmland"},"geometry":{"type":"Polygon","coordinates":[[[7.3486,47.8249],[7.3481,47.8265],[7.3448,47.8254],[7.3486,47.8249]]]}},{"type":"Feature","properties":{"landuse":"farmland"},"geometry":{"type":"Polygon","coordinates":[[[7.3622,47.8564],[7.3582,47.8488],[7.3631,47.8482],[7.3648,47.8623],[7.3609,47.8614],[7.3622,47.8564]]]}},{"type":"Feature","properties":{"landuse":"farmland"},"geometry":{"type":"Polygon","coordinates":[[[7.3653,47.8649],[7.3687,47.8606],[7.3689,47.8631],[7.3653,47.8649]]]}},{"type":"Feature","properties":{"landuse":"farmland"},"geometry":{"type":"Polygon","coordinates":[[[7.357,47.9056],[7.3576,47.9077],[7.3558,47.9078],[7.357,47.9056]]]}},{"type":"Feature","properties":{"landuse":"farmland"},"geometry":{"type":"Polygon","coordinates":[[[7.3533,47.8824],[7.3506,47.879],[7.3532,47.8783],[7.3533,47.8824]]]}},{"type":"Feature","properties":{"landuse":"farmland"},"geometry":{"type":"Polygon","coordinates":[[[7.3812,47.8135],[7.3809,47.8082],[7.3847,47.8056],[7.3831,47.8147],[7.3812,47.8135]]]}},{"type":"Feature","properties":{"landuse":"farmland"},"geometry":{"type":"Polygon","coordinates":[[[7.3849,47.8053],[7.3927,47.8026],[7.3926,47.8158],[7.3874,47.816],[7.3838,47.8123],[7.3849,47.8053]]]}},{"type":"Feature","properties":{"landuse":"farmland"},"geometry":{"type":"Polygon","coordinates":[[[7.3299,47.855],[7.3283,47.8534],[7.3314,47.8533],[7.3299,47.855]]]}},{"type":"Feature","properties":{"landuse":"farmland"},"geometry":{"type":"Polygon","coordinates":[[[7.3516,47.9026],[7.3556,47.9068],[7.3515,47.9069],[7.3516,47.9026]]]}},{"type":"Feature","properties":{"landuse":"farmland"},"geometry":{"type":"Polygon","coordinates":[[[7.3133,47.9126],[7.303,47.9131],[7.2963,47.8992],[7.2861,47.8882],[7.2881,47.886],[7.2975,47.8826],[7.3059,47.8872],[7.2993,47.8836],[7.3285,47.8741],[7.3342,47.8789],[7.328,47.8782],[7.3286,47.8816],[7.3232,47.88],[7.3227,47.8829],[7.3284,47.8818],[7.332,47.8905],[7.3467,47.8878],[7.3485,47.8897],[7.3456,47.8908],[7.3472,47.894],[7.3427,47.8941],[7.3506,47.9007],[7.3477,47.9067],[7.3486,47.9107],[7.3514,47.9105],[7.3441,47.9142],[7.3504,47.9175],[7.3516,47.9152],[7.3545,47.9197],[7.3486,47.9204],[7.3519,47.9279],[7.3448,47.9272],[7.3453,47.9246],[7.3322,47.9285],[7.3316,47.9223],[7.3212,47.9229],[7.3198,47.9167],[7.3249,47.9158],[7.3194,47.9086],[7.3209,47.9044],[7.3106,47.8984],[7.3133,47.9017],[7.3111,47.9037],[7.3133,47.9126]]]}},{"type":"Feature","properties":{"landuse":"farmland"},"geometry":{"type":"Polygon","coordinates":[[[7.3409,47.8736],[7.3428,47.8736],[7.3425,47.8744],[7.3409,47.8736]]]}},{"type":"Feature","properties":{"landuse":"orchard"},"geometry":{"type":"Polygon","coordinates":[[[7.2894,47.8506],[7.2901,47.8517],[7.2875,47.8496],[7.2894,47.8506]]]}},{"type":"Feature","properties":{"landuse":"farmland"},"geometry":{"type":"Polygon","coordinates":[[[7.8448,48.4844],[7.84,48.4761],[7.8472,48.4843],[7.8448,48.4844]]]}},{"type":"Feature","properties":{"landuse":"farmland"},"geometry":{"type":"Polygon","coordinates":[[[7.8402,48.4767],[7.8388,48.4793],[7.8381,48.477],[7.8402,48.4767]]]}},{"type":"Feature","properties":{"landuse":"farmland"},"geometry":{"type":"Polygon","coordinates":[[[7.8363,48.4781],[7.8415,48.4802],[7.8393,48.4815],[7.8363,48.4781]]]}},{"type":"Feature","properties":{"landuse":"farmland"},"geometry":{"type":"Polygon","coordinates":[[[7.8443,48.4883],[7.8403,48.4808],[7.8444,48.4836],[7.8443,48.4883]]]}},{"type":"Feature","properties":{"landuse":"farmland"},"geometry":{"type":"Polygon","coordinates":[[[7.8382,48.4769],[7.8376,48.4737],[7.8397,48.4735],[7.8382,48.4769]]]}},{"type":"Feature","properties":{"landuse":"farmland"},"geometry":{"type":"Polygon","coordinates":[[[7.8376,48.476],[7.8354,48.4753],[7.8397,48.4727],[7.8376,48.476]]]}},{"type":"Feature","properties":{"landuse":"farmland"},"geometry":{"type":"Polygon","coordinates":[[[7.842,48.4878],[7.8392,48.4817],[7.8437,48.4874],[7.842,48.4878]]]}},{"type":"Feature","properties":{"landuse":"vineyard"},"geometry":{"type":"Polygon","coordinates":[[[7.3425,48.1355],[7.3434,48.1384],[7.3316,48.1416],[7.3188,48.1333],[7.3425,48.1355]]]}},{"type":"Feature","properties":{"landuse":"vineyard"},"geometry":{"type":"Polygon","coordinates":[[[7.3328,48.1427],[7.3438,48.1392],[7.3447,48.1346],[7.3476,48.1395],[7.3395,48.1412],[7.341,48.1459],[7.345,48.1451],[7.3446,48.1481],[7.3404,48.1479],[7.343,48.154],[7.3401,48.156],[7.3337,48.1584],[7.329,48.1549],[7.3214,48.1566],[7.3254,48.1497],[7.3228,48.15],[7.3328,48.1427]]]}},{"type":"Feature","properties":{"landuse":"vineyard"},"geometry":{"type":"Polygon","coordinates":[[[7.3041,48.1653],[7.3037,48.1633],[7.308,48.1626],[7.3041,48.1653]]]}},{"type":"Feature","properties":{"landuse":"vineyard"},"geometry":{"type":"Polygon","coordinates":[[[7.308,48.1625],[7.2978,48.1627],[7.3035,48.1551],[7.3163,48.1527],[7.3107,48.156],[7.308,48.1625]]]}},{"type":"Feature","properties":{"landuse":"vineyard"},"geometry":{"type":"Polygon","coordinates":[[[7.3166,48.1527],[7.3192,48.153],[7.3181,48.1592],[7.3109,48.1605],[7.3112,48.1562],[7.3166,48.1527]]]}},{"type":"Feature","properties":{"landuse":"vineyard"},"geometry":{"type":"Polygon","coordinates":[[[7.3065,48.1638],[7.3178,48.1595],[7.3121,48.1647],[7.3065,48.1638]]]}},{"type":"Feature","properties":{"landuse":"vineyard"},"geometry":{"type":"Polygon","coordinates":[[[7.3373,48.1224],[7.3367,48.1214],[7.3382,48.1222],[7.3373,48.1224]]]}},{"type":"Feature","properties":{"landuse":"vineyard"},"geometry":{"type":"Polygon","coordinates":[[[7.3402,48.1245],[7.34,48.1239],[7.3419,48.1241],[7.3402,48.1245]]]}},{"type":"Feature","properties":{"landuse":"orchard"},"geometry":{"type":"Polygon","coordinates":[[[7.3422,48.1248],[7.3443,48.1243],[7.3441,48.125],[7.3422,48.1248]]]}},{"type":"Feature","properties":{"landuse":"vineyard"},"geometry":{"type":"Polygon","coordinates":[[[7.3392,48.1165],[7.3395,48.1143],[7.3423,48.1154],[7.3392,48.1165]]]}},{"type":"Feature","properties":{"landuse":"vineyard"},"geometry":{"type":"Polygon","coordinates":[[[7.3474,48.12],[7.3467,48.1166],[7.3497,48.1173],[7.3474,48.12]]]}},{"type":"Feature","properties":{"landuse":"vineyard"},"geometry":{"type":"Polygon","coordinates":[[[7.3459,48.12],[7.3428,48.1156],[7.3466,48.1166],[7.3459,48.12]]]}},{"type":"Feature","properties":{"landuse":"vineyard"},"geometry":{"type":"Polygon","coordinates":[[[7.3438,48.1197],[7.3455,48.1184],[7.3457,48.12],[7.3438,48.1197]]]}},{"type":"Feature","properties":{"landuse":"vineyard"},"geometry":{"type":"Polygon","coordinates":[[[7.341,48.1195],[7.3436,48.1168],[7.3436,48.1194],[7.341,48.1195]]]}},{"type":"Feature","properties":{"landuse":"vineyard"},"geometry":{"type":"Polygon","coordinates":[[[7.3428,48.1212],[7.3408,48.1202],[7.3435,48.1203],[7.3428,48.1212]]]}},{"type":"Feature","properties":{"landuse":"vineyard"},"geometry":{"type":"Polygon","coordinates":[[[7.3407,48.1221],[7.3412,48.1208],[7.3436,48.122],[7.3407,48.1221]]]}},{"type":"Feature","properties":{"landuse":"farmland"},"geometry":{"type":"Polygon","coordinates":[[[7.3848,48.0715],[7.3846,48.0737],[7.3823,48.0733],[7.3848,48.0715]]]}},{"type":"Feature","properties":{"landuse":"farmland"},"geometry":{"type":"Polygon","coordinates":[[[7.3856,48.0696],[7.3871,48.0683],[7.3868,48.0697],[7.3856,48.0696]]]}},{"type":"Feature","properties":{"landuse":"farmland"},"geometry":{"type":"Polygon","coordinates":[[[7.3857,48.0707],[7.3868,48.0697],[7.3867,48.0709],[7.3857,48.0707]]]}},{"type":"Feature","properties":{"landuse":"farmland"},"geometry":{"type":"Polygon","coordinates":[[[7.3865,48.0673],[7.3838,48.0654],[7.3841,48.0641],[7.3865,48.0673]]]}},{"type":"Feature","properties":{"landuse":"farmland"},"geometry":{"type":"Polygon","coordinates":[[[7.3827,48.0707],[7.3817,48.0685],[7.3848,48.0714],[7.3827,48.0707]]]}},{"type":"Feature","properties":{"landuse":"farmland"},"geometry":{"type":"Polygon","coordinates":[[[7.3213,48.1192],[7.3205,48.1182],[7.3232,48.1187],[7.3213,48.1192]]]}},{"type":"Feature","properties":{"landuse":"vineyard"},"geometry":{"type":"Polygon","coordinates":[[[7.2743,47.9368],[7.2699,47.9352],[7.2761,47.9358],[7.2743,47.9368]]]}},{"type":"Feature","properties":{"landuse":"vineyard"},"geometry":{"type":"Polygon","coordinates":[[[7.2664,47.9324],[7.2677,47.9332],[7.2652,47.9331],[7.2664,47.9324]]]}},{"type":"Feature","properties":{"landuse":"vineyard"},"geometry":{"type":"Polygon","coordinates":[[[7.268,47.9335],[7.2695,47.934],[7.2684,47.9348],[7.268,47.9335]]]}},{"type":"Feature","properties":{"landuse":"vineyard"},"geometry":{"type":"Polygon","coordinates":[[[7.3354,48.1079],[7.3352,48.1063],[7.3364,48.1063],[7.3354,48.1079]]]}},{"type":"Feature","properties":{"landuse":"vineyard"},"geometry":{"type":"Polygon","coordinates":[[[7.3381,48.0975],[7.339,48.096],[7.3394,48.0976],[7.3381,48.0975]]]}},{"type":"Feature","properties":{"landuse":"vineyard"},"geometry":{"type":"Polygon","coordinates":[[[7.3414,48.0929],[7.3341,48.0982],[7.3379,48.0985],[7.3336,48.1072],[7.3326,48.1043],[7.3131,48.0978],[7.3203,48.0922],[7.3414,48.0929]]]}},{"type":"Feature","properties":{"landuse":"vineyard"},"geometry":{"type":"Polygon","coordinates":[[[7.3415,48.0937],[7.3415,48.0965],[7.3382,48.0959],[7.3415,48.0937]]]}},{"type":"Feature","properties":{"landuse":"vineyard"},"geometry":{"type":"Polygon","coordinates":[[[7.3449,48.099],[7.347,48.0954],[7.3516,48.0963],[7.3449,48.099]]]}},{"type":"Feature","properties":{"landuse":"vineyard"},"geometry":{"type":"Polygon","coordinates":[[[7.3444,48.094],[7.3446,48.092],[7.3477,48.0923],[7.3444,48.094]]]}},{"type":"Feature","properties":{"landuse":"vineyard"},"geometry":{"type":"Polygon","coordinates":[[[7.3454,48.1165],[7.3423,48.1111],[7.3454,48.1126],[7.3404,48.1082],[7.3426,48.1023],[7.3515,48.0965],[7.3454,48.1165]]]}},{"type":"Feature","properties":{"landuse":"vineyard"},"geometry":{"type":"Polygon","coordinates":[[[7.352,48.0987],[7.3523,48.1009],[7.3511,48.1008],[7.352,48.0987]]]}},{"type":"Feature","properties":{"landuse":"vineyard"},"geometry":{"type":"Polygon","coordinates":[[[7.3523,48.101],[7.3545,48.1172],[7.3456,48.1165],[7.3523,48.101]]]}},{"type":"Feature","properties":{"landuse":"orchard"},"geometry":{"type":"Polygon","coordinates":[[[7.3719,48.7284],[7.3709,48.7302],[7.3729,48.7274],[7.3719,48.7284]]]}},{"type":"Feature","properties":{"landuse":"farmland"},"geometry":{"type":"Polygon","coordinates":[[[7.5073,48.3998],[7.5144,48.4005],[7.5086,48.4015],[7.5073,48.3998]]]}},{"type":"Feature","properties":{"landuse":"farmland"},"geometry":{"type":"Polygon","coordinates":[[[7.5175,48.3947],[7.522,48.3957],[7.5183,48.3978],[7.5175,48.3947]]]}},{"type":"Feature","properties":{"landuse":"farmland"},"geometry":{"type":"Polygon","coordinates":[[[7.5449,48.4068],[7.5511,48.4088],[7.5468,48.4099],[7.5449,48.4068]]]}},{"type":"Feature","properties":{"landuse":"farmland"},"geometry":{"type":"Polygon","coordinates":[[[7.5471,48.412],[7.5471,48.4135],[7.5455,48.4128],[7.5471,48.412]]]}},{"type":"Feature","properties":{"landuse":"farmland"},"geometry":{"type":"Polygon","coordinates":[[[7.5477,48.414],[7.5477,48.4128],[7.5498,48.4125],[7.5477,48.414]]]}},{"type":"Feature","properties":{"landuse":"orchard"},"geometry":{"type":"Polygon","coordinates":[[[7.5164,48.4232],[7.5161,48.4251],[7.5154,48.4229],[7.5164,48.4232]]]}},{"type":"Feature","properties":{"landuse":"farmland"},"geometry":{"type":"Polygon","coordinates":[[[7.5347,48.4164],[7.5454,48.4196],[7.5316,48.419],[7.5347,48.4164]]]}},{"type":"Feature","properties":{"landuse":"orchard"},"geometry":{"type":"Polygon","coordinates":[[[7.507,48.4225],[7.5055,48.4208],[7.5083,48.4217],[7.5058,48.4215],[7.507,48.4225]]]}},{"type":"Feature","properties":{"landuse":"farmland"},"geometry":{"type":"Polygon","coordinates":[[[7.5092,48.4198],[7.5125,48.4206],[7.5085,48.4215],[7.5092,48.4198]]]}},{"type":"Feature","properties":{"landuse":"farmland"},"geometry":{"type":"Polygon","coordinates":[[[7.5619,48.4231],[7.5626,48.4238],[7.5593,48.4242],[7.5619,48.4231]]]}},{"type":"Feature","properties":{"landuse":"farmland"},"geometry":{"type":"Polygon","coordinates":[[[7.5582,48.4273],[7.5546,48.4243],[7.5587,48.4241],[7.5607,48.4271],[7.5582,48.4273]]]}},{"type":"Feature","properties":{"landuse":"farmland"},"geometry":{"type":"Polygon","coordinates":[[[7.5794,48.4409],[7.577,48.4406],[7.5761,48.4376],[7.5794,48.4409]]]}},{"type":"Feature","properties":{"landuse":"farmland"},"geometry":{"type":"Polygon","coordinates":[[[7.5615,48.4344],[7.5617,48.4368],[7.559,48.4357],[7.5615,48.4344]]]}},{"type":"Feature","properties":{"landuse":"farmland"},"geometry":{"type":"Polygon","coordinates":[[[7.5608,48.4314],[7.559,48.4347],[7.5555,48.4347],[7.5608,48.4314]]]}},{"type":"Feature","properties":{"landuse":"farmland"},"geometry":{"type":"Polygon","coordinates":[[[7.562,48.4375],[7.5675,48.441],[7.5629,48.4397],[7.5641,48.4389],[7.562,48.4375]]]}},{"type":"Feature","properties":{"landuse":"farmland"},"geometry":{"type":"Polygon","coordinates":[[[7.5657,48.4193],[7.5757,48.4236],[7.5697,48.4222],[7.5741,48.4252],[7.5657,48.4193]]]}},{"type":"Feature","properties":{"landuse":"farmland"},"geometry":{"type":"Polygon","coordinates":[[[7.5607,48.4176],[7.5653,48.4193],[7.5609,48.4191],[7.5607,48.4176]]]}},{"type":"Feature","properties":{"landuse":"farmland"},"geometry":{"type":"Polygon","coordinates":[[[7.5665,48.4181],[7.5609,48.4175],[7.5653,48.4177],[7.5601,48.4148],[7.5665,48.4181]]]}},{"type":"Feature","properties":{"landuse":"farmland"},"geometry":{"type":"Polygon","coordinates":[[[7.5675,48.4171],[7.5777,48.4221],[7.5759,48.4235],[7.5675,48.4171]]]}},{"type":"Feature","properties":{"landuse":"farmland"},"geometry":{"type":"Polygon","coordinates":[[[7.552,48.4195],[7.5506,48.4185],[7.5542,48.4172],[7.552,48.4195]]]}},{"type":"Feature","properties":{"landuse":"farmland"},"geometry":{"type":"Polygon","coordinates":[[[7.5517,48.4297],[7.558,48.4276],[7.5585,48.4309],[7.5517,48.4297]]]}},{"type":"Feature","properties":{"landuse":"farmland"},"geometry":{"type":"Polygon","coordinates":[[[7.5438,48.4227],[7.5448,48.4249],[7.5391,48.4235],[7.5438,48.4227]]]}},{"type":"Feature","properties":{"landuse":"farmland"},"geometry":{"type":"Polygon","coordinates":[[[7.5396,48.4294],[7.5478,48.4284],[7.5425,48.4315],[7.5396,48.4294]]]}},{"type":"Feature","properties":{"landuse":"farmland"},"geometry":{"type":"Polygon","coordinates":[[[7.5475,48.4299],[7.5462,48.4346],[7.5522,48.4345],[7.5452,48.4361],[7.5427,48.432],[7.5475,48.4299]]]}},{"type":"Feature","properties":{"landuse":"farmland"},"geometry":{"type":"Polygon","coordinates":[[[7.5524,48.4491],[7.5506,48.4496],[7.5519,48.4484],[7.5524,48.4491]]]}},{"type":"Feature","properties":{"landuse":"farmland"},"geometry":{"type":"Polygon","coordinates":[[[7.5594,48.4488],[7.5646,48.4576],[7.5566,48.4535],[7.555,48.4567],[7.5506,48.4497],[7.5594,48.4488]]]}},{"type":"Feature","properties":{"landuse":"farmland"},"geometry":{"type":"Polygon","coordinates":[[[7.5653,48.4629],[7.5587,48.462],[7.5531,48.4572],[7.5653,48.4629]]]}},{"type":"Feature","properties":{"landuse":"farmland"},"geometry":{"type":"Polygon","coordinates":[[[7.5648,48.4586],[7.5556,48.4571],[7.5551,48.4544],[7.5648,48.4586]]]}},{"type":"Feature","properties":{"landuse":"farmland"},"geometry":{"type":"Polygon","coordinates":[[[7.565,48.4586],[7.5662,48.4579],[7.568,48.4591],[7.565,48.4586]]]}},{"type":"Feature","properties":{"landuse":"farmland"},"geometry":{"type":"Polygon","coordinates":[[[7.5743,48.457],[7.5751,48.4594],[7.5711,48.4598],[7.5706,48.4575],[7.5743,48.457]]]}},{"type":"Feature","properties":{"landuse":"farmland"},"geometry":{"type":"Polygon","coordinates":[[[7.5799,48.4554],[7.5761,48.452],[7.5792,48.4518],[7.5799,48.4554]]]}},{"type":"Feature","properties":{"landuse":"farmland"},"geometry":{"type":"Polygon","coordinates":[[[7.58,48.4557],[7.5806,48.459],[7.5776,48.4592],[7.577,48.4562],[7.58,48.4557]]]}},{"type":"Feature","properties":{"landuse":"farmland"},"geometry":{"type":"Polygon","coordinates":[[[7.5784,48.4638],[7.5778,48.4597],[7.5806,48.4594],[7.5784,48.4638]]]}},{"type":"Feature","properties":{"landuse":"farmland"},"geometry":{"type":"Polygon","coordinates":[[[7.5651,48.4587],[7.5752,48.4597],[7.5758,48.4629],[7.567,48.4618],[7.5651,48.4587]]]}},{"type":"Feature","properties":{"landuse":"farmland"},"geometry":{"type":"Polygon","coordinates":[[[7.5775,48.4596],[7.5782,48.463],[7.5753,48.4597],[7.5775,48.4596]]]}},{"type":"Feature","properties":{"landuse":"farmland"},"geometry":{"type":"Polygon","coordinates":[[[7.5753,48.4528],[7.5774,48.4592],[7.5722,48.4503],[7.5753,48.4528]]]}},{"type":"Feature","properties":{"landuse":"farmland"},"geometry":{"type":"Polygon","coordinates":[[[7.5719,48.45],[7.5738,48.4557],[7.5709,48.4559],[7.5719,48.45]]]}},{"type":"Feature","properties":{"landuse":"farmland"},"geometry":{"type":"Polygon","coordinates":[[[7.5701,48.4499],[7.5709,48.4581],[7.5652,48.4578],[7.5637,48.4494],[7.5701,48.4499]]]}},{"type":"Feature","properties":{"landuse":"farmland"},"geometry":{"type":"Polygon","coordinates":[[[7.5637,48.4456],[7.5715,48.4469],[7.5717,48.4494],[7.5637,48.449],[7.5637,48.4456]]]}},{"type":"Feature","properties":{"landuse":"farmland"},"geometry":{"type":"Polygon","coordinates":[[[7.5526,48.448],[7.5528,48.4474],[7.5605,48.4483],[7.5526,48.448]]]}},{"type":"Feature","properties":{"landuse":"farmland"},"geometry":{"type":"Polygon","coordinates":[[[7.545,48.4425],[7.5468,48.4439],[7.5441,48.4442],[7.545,48.4425]]]}},{"type":"Feature","properties":{"landuse":"farmland"},"geometry":{"type":"Polygon","coordinates":[[[7.5478,48.4463],[7.5461,48.4466],[7.547,48.4452],[7.5478,48.4463]]]}},{"type":"Feature","properties":{"landuse":"farmland"},"geometry":{"type":"Polygon","coordinates":[[[7.5622,48.4631],[7.5655,48.4647],[7.5664,48.4716],[7.5622,48.4631]]]}},{"type":"Feature","properties":{"landuse":"farmland"},"geometry":{"type":"Polygon","coordinates":[[[7.5627,48.4716],[7.5581,48.466],[7.5609,48.4656],[7.5554,48.4632],[7.5625,48.4636],[7.5627,48.4716]]]}},{"type":"Feature","properties":{"landuse":"orchard"},"geometry":{"type":"Polygon","coordinates":[[[7.5645,48.4718],[7.5648,48.4729],[7.562,48.4722],[7.5645,48.4718]]]}},{"type":"Feature","properties":{"landuse":"farmland"},"geometry":{"type":"Polygon","coordinates":[[[7.57,48.4718],[7.5718,48.4727],[7.5683,48.472],[7.57,48.4718]]]}},{"type":"Feature","properties":{"landuse":"farmland"},"geometry":{"type":"Polygon","coordinates":[[[7.5538,48.4618],[7.5489,48.4536],[7.5522,48.453],[7.5569,48.4609],[7.5538,48.4618]]]}},{"type":"Feature","properties":{"landuse":"farmland"},"geometry":{"type":"Polygon","coordinates":[[[7.5195,48.4505],[7.521,48.4497],[7.5212,48.4511],[7.5195,48.4505]]]}},{"type":"Feature","properties":{"landuse":"farmland"},"geometry":{"type":"Polygon","coordinates":[[[7.531,48.4499],[7.5213,48.4511],[7.5217,48.4483],[7.534,48.4478],[7.531,48.4499]]]}},{"type":"Feature","properties":{"landuse":"farmland"},"geometry":{"type":"Polygon","coordinates":[[[7.5933,48.4616],[7.5924,48.4595],[7.5979,48.4604],[7.5933,48.4616]]]}},{"type":"Feature","properties":{"landuse":"farmland"},"geometry":{"type":"Polygon","coordinates":[[[7.5903,48.456],[7.5918,48.4544],[7.5951,48.4548],[7.5903,48.456]]]}},{"type":"Feature","properties":{"landuse":"farmland"},"geometry":{"type":"Polygon","coordinates":[[[7.5679,48.4704],[7.5699,48.469],[7.5692,48.4707],[7.5679,48.4704]]]}},{"type":"Feature","properties":{"landuse":"farmland"},"geometry":{"type":"Polygon","coordinates":[[[7.5663,48.4681],[7.5691,48.4673],[7.5664,48.469],[7.5663,48.4681]]]}},{"type":"Feature","properties":{"landuse":"farmland"},"geometry":{"type":"Polygon","coordinates":[[[7.5687,48.4666],[7.5663,48.468],[7.5661,48.4671],[7.5687,48.4666]]]}},{"type":"Feature","properties":{"landuse":"farmland"},"geometry":{"type":"Polygon","coordinates":[[[7.566,48.4657],[7.5682,48.4656],[7.5661,48.4666],[7.566,48.4657]]]}},{"type":"Feature","properties":{"landuse":"farmland"},"geometry":{"type":"Polygon","coordinates":[[[7.5718,48.4665],[7.57,48.4689],[7.5695,48.4678],[7.5718,48.4665]]]}},{"type":"Feature","properties":{"landuse":"farmland"},"geometry":{"type":"Polygon","coordinates":[[[7.5687,48.4663],[7.5716,48.4663],[7.569,48.4669],[7.5687,48.4663]]]}},{"type":"Feature","properties":{"landuse":"farmland"},"geometry":{"type":"Polygon","coordinates":[[[7.5715,48.466],[7.5741,48.4646],[7.5748,48.4659],[7.5715,48.466]]]}},{"type":"Feature","properties":{"landuse":"farmland"},"geometry":{"type":"Polygon","coordinates":[[[7.5753,48.4663],[7.5746,48.4649],[7.5765,48.4644],[7.5753,48.4663]]]}},{"type":"Feature","properties":{"landuse":"farmland"},"geometry":{"type":"Polygon","coordinates":[[[7.5744,48.4832],[7.5767,48.4848],[7.5738,48.4856],[7.5806,48.488],[7.569,48.4893],[7.568,48.4843],[7.5744,48.4832]]]}},{"type":"Feature","properties":{"landuse":"farmland"},"geometry":{"type":"Polygon","coordinates":[[[7.5759,48.4812],[7.5749,48.483],[7.5739,48.4823],[7.5759,48.4812]]]}},{"type":"Feature","properties":{"landuse":"farmland"},"geometry":{"type":"Polygon","coordinates":[[[7.5785,48.4766],[7.5812,48.4783],[7.5778,48.4809],[7.5759,48.4782],[7.5785,48.4766]]]}},{"type":"Feature","properties":{"landuse":"farmland"},"geometry":{"type":"Polygon","coordinates":[[[7.5704,48.4811],[7.5702,48.4801],[7.5717,48.48],[7.5704,48.4811]]]}},{"type":"Feature","properties":{"landuse":"farmland"},"geometry":{"type":"Polygon","coordinates":[[[7.5692,48.4808],[7.5682,48.482],[7.5671,48.4802],[7.5692,48.4808]]]}},{"type":"Feature","properties":{"landuse":"farmland"},"geometry":{"type":"Polygon","coordinates":[[[7.6109,48.5216],[7.6117,48.5241],[7.6063,48.5245],[7.592,48.5215],[7.5732,48.5028],[7.6109,48.5216]]]}},{"type":"Feature","properties":{"landuse":"farmland"},"geometry":{"type":"Polygon","coordinates":[[[7.5695,48.4678],[7.569,48.4669],[7.5716,48.4663],[7.5695,48.4678]]]}},{"type":"Feature","properties":{"landuse":"farmland"},"geometry":{"type":"Polygon","coordinates":[[[7.5785,48.4737],[7.5707,48.4695],[7.5786,48.4712],[7.5785,48.4737]]]}},{"type":"Feature","properties":{"landuse":"farmland"},"geometry":{"type":"Polygon","coordinates":[[[7.6479,48.4535],[7.6531,48.4523],[7.6483,48.454],[7.6479,48.4535]]]}},{"type":"Feature","properties":{"landuse":"orchard"},"geometry":{"type":"Polygon","coordinates":[[[7.6544,48.4487],[7.6562,48.4503],[7.6553,48.4503],[7.6544,48.4487]]]}},{"type":"Feature","properties":{"landuse":"farmland"},"geometry":{"type":"Polygon","coordinates":[[[7.6391,48.4319],[7.6383,48.4311],[7.6421,48.4303],[7.6391,48.4319]]]}},{"type":"Feature","properties":{"landuse":"farmland"},"geometry":{"type":"Polygon","coordinates":[[[7.6357,48.4314],[7.6348,48.43],[7.637,48.4294],[7.6379,48.4308],[7.6357,48.4314]]]}},{"type":"Feature","properties":{"landuse":"farmland"},"geometry":{"type":"Polygon","coordinates":[[[7.6363,48.4325],[7.636,48.4319],[7.6388,48.4318],[7.6363,48.4325]]]}},{"type":"Feature","properties":{"landuse":"farmland"},"geometry":{"type":"Polygon","coordinates":[[[7.8312,48.4667],[7.8336,48.466],[7.8333,48.467],[7.8312,48.4667]]]}},{"type":"Feature","properties":{"landuse":"farmland"},"geometry":{"type":"Polygon","coordinates":[[[7.6138,48.3738],[7.6124,48.372],[7.6143,48.3725],[7.6138,48.3738]]]}},{"type":"Feature","properties":{"landuse":"farmland"},"geometry":{"type":"Polygon","coordinates":[[[7.6112,48.3762],[7.61,48.3739],[7.6132,48.3748],[7.6112,48.3762]]]}},{"type":"Feature","properties":{"landuse":"farmland"},"geometry":{"type":"Polygon","coordinates":[[[7.6226,48.3826],[7.6249,48.3808],[7.6223,48.3825],[7.6183,48.379],[7.6236,48.3774],[7.6291,48.3811],[7.6226,48.3826]]]}},{"type":"Feature","properties":{"landuse":"farmland"},"geometry":{"type":"Polygon","coordinates":[[[7.6119,48.3777],[7.6145,48.3761],[7.6168,48.3785],[7.6119,48.3777]]]}},{"type":"Feature","properties":{"landuse":"farmland"},"geometry":{"type":"Polygon","coordinates":[[[7.625,48.3761],[7.6193,48.3772],[7.618,48.3733],[7.6227,48.3706],[7.625,48.3761]]]}},{"type":"Feature","properties":{"landuse":"farmland"},"geometry":{"type":"Polygon","coordinates":[[[7.605,48.3667],[7.605,48.3637],[7.607,48.3647],[7.605,48.3667]]]}},{"type":"Feature","properties":{"landuse":"orchard"},"geometry":{"type":"Polygon","coordinates":[[[7.6009,48.3682],[7.5979,48.3679],[7.5984,48.3672],[7.6009,48.3682]]]}},{"type":"Feature","properties":{"landuse":"farmland"},"geometry":{"type":"Polygon","coordinates":[[[7.5978,48.3386],[7.5956,48.3411],[7.5948,48.337],[7.5978,48.3386]]]}},{"type":"Feature","properties":{"landuse":"farmland"},"geometry":{"type":"Polygon","coordinates":[[[7.5932,48.3408],[7.5945,48.3488],[7.5908,48.3447],[7.5932,48.3408]]]}},{"type":"Feature","properties":{"landuse":"farmland"},"geometry":{"type":"Polygon","coordinates":[[[7.6007,48.3458],[7.5964,48.3426],[7.599,48.3414],[7.6007,48.3458]]]}},{"type":"Feature","properties":{"landuse":"farmland"},"geometry":{"type":"Polygon","coordinates":[[[7.6193,48.358],[7.6202,48.3565],[7.6226,48.358],[7.6193,48.358]]]}},{"type":"Feature","properties":{"landuse":"farmland"},"geometry":{"type":"Polygon","coordinates":[[[7.6175,48.3469],[7.6181,48.3443],[7.6268,48.3474],[7.6175,48.3469]]]}},{"type":"Feature","properties":{"landuse":"farmland"},"geometry":{"type":"Polygon","coordinates":[[[7.5964,48.3244],[7.6112,48.3283],[7.6136,48.3361],[7.6106,48.3378],[7.6155,48.3441],[7.6081,48.3472],[7.6086,48.3421],[7.604,48.3373],[7.6012,48.3466],[7.5988,48.34],[7.6004,48.3412],[7.6053,48.3326],[7.5964,48.3244]]]}},{"type":"Feature","properties":{"landuse":"farmland"},"geometry":{"type":"Polygon","coordinates":[[[7.5114,48.4834],[7.5103,48.4834],[7.5109,48.4816],[7.5114,48.4834]]]}},{"type":"Feature","properties":{"landuse":"farmland"},"geometry":{"type":"Polygon","coordinates":[[[7.5114,48.4854],[7.5104,48.4835],[7.5115,48.4835],[7.5114,48.4854]]]}},{"type":"Feature","properties":{"landuse":"farmland"},"geometry":{"type":"Polygon","coordinates":[[[7.4101,48.7199],[7.4148,48.7205],[7.4108,48.7192],[7.4141,48.7158],[7.4281,48.7153],[7.4168,48.7254],[7.4088,48.7283],[7.4101,48.7199]]]}},{"type":"Feature","properties":{"landuse":"farmland"},"geometry":{"type":"Polygon","coordinates":[[[7.6991,48.3139],[7.6952,48.3102],[7.7012,48.3116],[7.7022,48.3138],[7.6991,48.3139]]]}},{"type":"Feature","properties":{"landuse":"farmland"},"geometry":{"type":"Polygon","coordinates":[[[7.6895,48.3185],[7.6879,48.3227],[7.6838,48.3192],[7.6895,48.3185]]]}},{"type":"Feature","properties":{"landuse":"farmland"},"geometry":{"type":"Polygon","coordinates":[[[7.6951,48.3155],[7.6902,48.3148],[7.6896,48.3185],[7.6837,48.3192],[7.6843,48.3142],[7.6811,48.3124],[7.6854,48.3094],[7.6951,48.3155]]]}},{"type":"Feature","properties":{"landuse":"farmland"},"geometry":{"type":"Polygon","coordinates":[[[7.6976,48.3169],[7.6996,48.3163],[7.6996,48.3192],[7.6976,48.3169]]]}},{"type":"Feature","properties":{"landuse":"farmland"},"geometry":{"type":"Polygon","coordinates":[[[7.6952,48.324],[7.6904,48.3223],[7.6916,48.3156],[7.6953,48.3173],[7.6957,48.3204],[7.693,48.3205],[7.6952,48.324]]]}},{"type":"Feature","properties":{"landuse":"farmland"},"geometry":{"type":"Polygon","coordinates":[[[7.6945,48.3266],[7.6793,48.3295],[7.6738,48.3214],[7.6779,48.3209],[7.6808,48.3268],[7.6844,48.3241],[7.683,48.3215],[7.6894,48.3233],[7.6884,48.3267],[7.6906,48.323],[7.6945,48.3266]]]}},{"type":"Feature","properties":{"landuse":"farmland"},"geometry":{"type":"Polygon","coordinates":[[[7.647,48.3409],[7.6438,48.3399],[7.6465,48.3392],[7.647,48.3409]]]}},{"type":"Feature","properties":{"landuse":"orchard"},"geometry":{"type":"Polygon","coordinates":[[[7.4001,48.496],[7.4007,48.4979],[7.3966,48.4971],[7.4001,48.496]]]}},{"type":"Feature","properties":{"landuse":"green_public_spaces"},"geometry":{"type":"Polygon","coordinates":[[[7.5788,48.0392],[7.5759,48.0383],[7.5782,48.038],[7.5788,48.0392]]]}},{"type":"Feature","properties":{"landuse":"farmland"},"geometry":{"type":"Polygon","coordinates":[[[7.5916,48.0409],[7.5904,48.0424],[7.5897,48.0409],[7.5916,48.0409]]]}},{"type":"Feature","properties":{"landuse":"farmland"},"geometry":{"type":"Polygon","coordinates":[[[7.5818,48.0445],[7.583,48.044],[7.5835,48.0448],[7.5818,48.0445]]]}},{"type":"Feature","properties":{"landuse":"farmland"},"geometry":{"type":"Polygon","coordinates":[[[7.5911,48.0373],[7.5969,48.0344],[7.5939,48.0381],[7.5911,48.0373]]]}},{"type":"Feature","properties":{"landuse":"farmland"},"geometry":{"type":"Polygon","coordinates":[[[7.5891,48.0435],[7.5918,48.0459],[7.5902,48.0484],[7.5891,48.0435]]]}},{"type":"Feature","properties":{"landuse":"farmland"},"geometry":{"type":"Polygon","coordinates":[[[7.5914,48.0509],[7.5925,48.0502],[7.5923,48.0525],[7.5914,48.0509]]]}},{"type":"Feature","properties":{"landuse":"farmland"},"geometry":{"type":"Polygon","coordinates":[[[7.5911,48.0595],[7.5908,48.0557],[7.5937,48.0595],[7.5911,48.0595]]]}},{"type":"Feature","properties":{"landuse":"farmland"},"geometry":{"type":"Polygon","coordinates":[[[7.5908,48.059],[7.5874,48.0561],[7.5905,48.0557],[7.5908,48.059]]]}},{"type":"Feature","properties":{"landuse":"orchard"},"geometry":{"type":"Polygon","coordinates":[[[7.5909,48.0621],[7.5886,48.0603],[7.5906,48.0602],[7.5909,48.0621]]]}},{"type":"Feature","properties":{"landuse":"farmland"},"geometry":{"type":"Polygon","coordinates":[[[7.5909,48.0556],[7.5899,48.0538],[7.5916,48.053],[7.5909,48.0556]]]}},{"type":"Feature","properties":{"landuse":"farmland"},"geometry":{"type":"Polygon","coordinates":[[[7.5906,48.0556],[7.5874,48.0559],[7.5843,48.0478],[7.5883,48.0473],[7.5906,48.0556]]]}},{"type":"Feature","properties":{"landuse":"farmland"},"geometry":{"type":"Polygon","coordinates":[[[7.5947,48.0583],[7.5921,48.0533],[7.5974,48.056],[7.5947,48.0583]]]}},{"type":"Feature","properties":{"landuse":"farmland"},"geometry":{"type":"Polygon","coordinates":[[[7.5915,48.0488],[7.5916,48.0474],[7.5925,48.0479],[7.5915,48.0488]]]}},{"type":"Feature","properties":{"landuse":"farmland"},"geometry":{"type":"Polygon","coordinates":[[[7.5917,48.0473],[7.5944,48.0448],[7.5938,48.0488],[7.5917,48.0473]]]}},{"type":"Feature","properties":{"landuse":"farmland"},"geometry":{"type":"Polygon","coordinates":[[[7.5943,48.0447],[7.5921,48.0468],[7.591,48.0446],[7.5943,48.0447]]]}},{"type":"Feature","properties":{"landuse":"farmland"},"geometry":{"type":"Polygon","coordinates":[[[7.5934,48.0438],[7.5983,48.0371],[7.6011,48.0389],[7.596,48.0457],[7.5934,48.0438]]]}},{"type":"Feature","properties":{"landuse":"farmland"},"geometry":{"type":"Polygon","coordinates":[[[7.5975,48.0439],[7.6,48.0405],[7.6035,48.0418],[7.601,48.0452],[7.5975,48.0439]]]}},{"type":"Feature","properties":{"landuse":"farmland"},"geometry":{"type":"Polygon","coordinates":[[[7.6001,48.0513],[7.5977,48.0546],[7.5947,48.0536],[7.5977,48.0496],[7.6001,48.0513]]]}},{"type":"Feature","properties":{"landuse":"farmland"},"geometry":{"type":"Polygon","coordinates":[[[7.5928,48.0523],[7.5972,48.0443],[7.6007,48.0455],[7.595,48.0531],[7.5928,48.0523]]]}},{"type":"Feature","properties":{"landuse":"farmland"},"geometry":{"type":"Polygon","coordinates":[[[7.5791,48.0512],[7.5805,48.0494],[7.5822,48.0509],[7.5791,48.0512]]]}},{"type":"Feature","properties":{"landuse":"farmland"},"geometry":{"type":"Polygon","coordinates":[[[7.5984,48.037],[7.5933,48.0438],[7.5905,48.0426],[7.597,48.0344],[7.5984,48.037]]]}},{"type":"Feature","properties":{"landuse":"farmland"},"geometry":{"type":"Polygon","coordinates":[[[7.5903,48.0484],[7.5925,48.0502],[7.5916,48.0508],[7.5903,48.0484]]]}},{"type":"Feature","properties":{"landuse":"farmland"},"geometry":{"type":"Polygon","coordinates":[[[7.5898,48.0406],[7.591,48.0373],[7.5937,48.0381],[7.5898,48.0406]]]}},{"type":"Feature","properties":{"landuse":"farmland"},"geometry":{"type":"Polygon","coordinates":[[[7.5819,48.057],[7.5795,48.0528],[7.5824,48.0524],[7.5843,48.0566],[7.5819,48.057]]]}},{"type":"Feature","properties":{"landuse":"farmland"},"geometry":{"type":"Polygon","coordinates":[[[7.5842,48.0461],[7.5831,48.044],[7.5868,48.0441],[7.5883,48.0472],[7.5842,48.0461]]]}},{"type":"Feature","properties":{"landuse":"farmland"},"geometry":{"type":"Polygon","coordinates":[[[7.5813,48.0483],[7.5836,48.0468],[7.5874,48.0563],[7.5845,48.0568],[7.5813,48.0483]]]}},{"type":"Feature","properties":{"landuse":"farmland"},"geometry":{"type":"Polygon","coordinates":[[[7.5829,48.0593],[7.5873,48.0565],[7.589,48.062],[7.5834,48.063],[7.586,48.0607],[7.5829,48.0593]]]}},{"type":"Feature","properties":{"landuse":"farmland"},"geometry":{"type":"Polygon","coordinates":[[[7.8173,48.4699],[7.8157,48.4679],[7.8184,48.4691],[7.8173,48.4699]]]}},{"type":"Feature","properties":{"landuse":"farmland"},"geometry":{"type":"Polygon","coordinates":[[[7.8142,48.469],[7.817,48.47],[7.8158,48.4705],[7.8142,48.469]]]}},{"type":"Feature","properties":{"landuse":"farmland"},"geometry":{"type":"Polygon","coordinates":[[[7.8161,48.4708],[7.8185,48.4692],[7.8216,48.473],[7.8161,48.4708]]]}},{"type":"Feature","properties":{"landuse":"farmland"},"geometry":{"type":"Polygon","coordinates":[[[7.821,48.4767],[7.8194,48.4757],[7.8213,48.4746],[7.821,48.4767]]]}},{"type":"Feature","properties":{"landuse":"green_public_spaces"},"geometry":{"type":"Polygon","coordinates":[[[7.3305,48.0154],[7.3286,48.0141],[7.3309,48.0138],[7.3305,48.0154]]]}},{"type":"Feature","properties":{"landuse":"green_public_spaces"},"geometry":{"type":"Polygon","coordinates":[[[7.8123,48.4693],[7.8136,48.4693],[7.8141,48.4703],[7.8123,48.4693]]]}},{"type":"Feature","properties":{"landuse":"orchard"},"geometry":{"type":"Polygon","coordinates":[[[7.8131,48.4707],[7.8139,48.4691],[7.8157,48.4705],[7.8131,48.4707]]]}},{"type":"Feature","properties":{"landuse":"farmland"},"geometry":{"type":"Polygon","coordinates":[[[7.8163,48.4732],[7.812,48.4725],[7.8138,48.4706],[7.8163,48.4732]]]}},{"type":"Feature","properties":{"landuse":"farmland"},"geometry":{"type":"Polygon","coordinates":[[[7.8275,48.472],[7.8216,48.4733],[7.8241,48.473],[7.8168,48.4678],[7.8275,48.472]]]}},{"type":"Feature","properties":{"landuse":"farmland"},"geometry":{"type":"Polygon","coordinates":[[[7.8184,48.4669],[7.8252,48.467],[7.8281,48.4716],[7.8184,48.4669]]]}},{"type":"Feature","properties":{"landuse":"farmland"},"geometry":{"type":"Polygon","coordinates":[[[7.8229,48.4819],[7.8211,48.4764],[7.8241,48.4758],[7.8229,48.4819]]]}},{"type":"Feature","properties":{"landuse":"farmland"},"geometry":{"type":"Polygon","coordinates":[[[7.821,48.4774],[7.8218,48.484],[7.8198,48.4839],[7.821,48.4774]]]}},{"type":"Feature","properties":{"landuse":"farmland"},"geometry":{"type":"Polygon","coordinates":[[[7.8196,48.4838],[7.8171,48.4794],[7.8203,48.4746],[7.8196,48.4838]]]}},{"type":"Feature","properties":{"landuse":"farmland"},"geometry":{"type":"Polygon","coordinates":[[[7.8196,48.4839],[7.8186,48.4881],[7.8175,48.4836],[7.8196,48.4839]]]}},{"type":"Feature","properties":{"landuse":"farmland"},"geometry":{"type":"Polygon","coordinates":[[[7.8126,48.4726],[7.8193,48.474],[7.8137,48.475],[7.8126,48.4726]]]}},{"type":"Feature","properties":{"landuse":"farmland"},"geometry":{"type":"Polygon","coordinates":[[[7.8138,48.4752],[7.819,48.4787],[7.8171,48.4791],[7.817,48.4764],[7.8138,48.4752]]]}},{"type":"Feature","properties":{"landuse":"farmland"},"geometry":{"type":"Polygon","coordinates":[[[7.8222,48.4843],[7.825,48.4756],[7.8301,48.4731],[7.8256,48.4787],[7.8263,48.4829],[7.8222,48.4843]]]}},{"type":"Feature","properties":{"landuse":"farmland"},"geometry":{"type":"Polygon","coordinates":[[[7.8289,48.4708],[7.8269,48.468],[7.8301,48.4687],[7.8289,48.4708]]]}},{"type":"Feature","properties":{"landuse":"farmland"},"geometry":{"type":"Polygon","coordinates":[[[7.8288,48.4671],[7.8309,48.4672],[7.8297,48.4682],[7.8288,48.4671]]]}},{"type":"Feature","properties":{"landuse":"farmland"},"geometry":{"type":"Polygon","coordinates":[[[7.8313,48.4668],[7.8346,48.4681],[7.8341,48.4703],[7.8313,48.4668]]]}},{"type":"Feature","properties":{"landuse":"farmland"},"geometry":{"type":"Polygon","coordinates":[[[7.8188,48.4897],[7.8222,48.4844],[7.8241,48.485],[7.8188,48.4897]]]}},{"type":"Feature","properties":{"landuse":"farmland"},"geometry":{"type":"Polygon","coordinates":[[[7.8198,48.4839],[7.8219,48.4843],[7.8195,48.4873],[7.8198,48.4839]]]}},{"type":"Feature","properties":{"landuse":"farmland"},"geometry":{"type":"Polygon","coordinates":[[[7.8189,48.4898],[7.8242,48.4854],[7.8251,48.4916],[7.8189,48.4898]]]}},{"type":"Feature","properties":{"landuse":"farmland"},"geometry":{"type":"Polygon","coordinates":[[[7.8267,48.4919],[7.8243,48.4895],[7.8267,48.4856],[7.8267,48.4919]]]}},{"type":"Feature","properties":{"landuse":"farmland"},"geometry":{"type":"Polygon","coordinates":[[[7.8302,48.4927],[7.8336,48.4924],[7.8326,48.4936],[7.8302,48.4927]]]}},{"type":"Feature","properties":{"landuse":"farmland"},"geometry":{"type":"Polygon","coordinates":[[[7.8268,48.492],[7.827,48.4858],[7.8303,48.4856],[7.8268,48.492]]]}},{"type":"Feature","properties":{"landuse":"farmland"},"geometry":{"type":"Polygon","coordinates":[[[7.833,48.4896],[7.8307,48.4893],[7.831,48.4864],[7.833,48.4896]]]}},{"type":"Feature","properties":{"landuse":"farmland"},"geometry":{"type":"Polygon","coordinates":[[[7.8335,48.4922],[7.8304,48.4916],[7.8324,48.4899],[7.8335,48.4922]]]}},{"type":"Feature","properties":{"landuse":"farmland"},"geometry":{"type":"Polygon","coordinates":[[[7.8206,48.4926],[7.8197,48.4908],[7.8254,48.4923],[7.8206,48.4926]]]}},{"type":"Feature","properties":{"landuse":"farmland"},"geometry":{"type":"Polygon","coordinates":[[[7.8416,48.4927],[7.8337,48.4918],[7.8362,48.4864],[7.8416,48.4903],[7.8373,48.4916],[7.8416,48.4927]]]}},{"type":"Feature","properties":{"landuse":"farmland"},"geometry":{"type":"Polygon","coordinates":[[[7.8258,48.4796],[7.829,48.4803],[7.8268,48.4824],[7.8258,48.4796]]]}},{"type":"Feature","properties":{"landuse":"farmland"},"geometry":{"type":"Polygon","coordinates":[[[7.8257,48.4792],[7.8312,48.4745],[7.8341,48.4767],[7.8257,48.4792]]]}},{"type":"Feature","properties":{"landuse":"farmland"},"geometry":{"type":"Polygon","coordinates":[[[7.8293,48.4795],[7.8324,48.4783],[7.8317,48.4799],[7.8293,48.4795]]]}},{"type":"Feature","properties":{"landuse":"farmland"},"geometry":{"type":"Polygon","coordinates":[[[7.8312,48.48],[7.832,48.4798],[7.8322,48.4818],[7.8312,48.48]]]}},{"type":"Feature","properties":{"landuse":"orchard"},"geometry":{"type":"Polygon","coordinates":[[[7.8286,48.4847],[7.8268,48.4825],[7.8293,48.4803],[7.8311,48.4823],[7.8286,48.4847]]]}},{"type":"Feature","properties":{"landuse":"farmland"},"geometry":{"type":"Polygon","coordinates":[[[7.8258,48.4846],[7.8265,48.4828],[7.8286,48.4847],[7.8258,48.4846]]]}},{"type":"Feature","properties":{"landuse":"farmland"},"geometry":{"type":"Polygon","coordinates":[[[7.8257,48.4855],[7.8258,48.4849],[7.8303,48.4851],[7.8257,48.4855]]]}},{"type":"Feature","properties":{"landuse":"farmland"},"geometry":{"type":"Polygon","coordinates":[[[7.8374,48.4806],[7.8347,48.4783],[7.8357,48.4779],[7.8374,48.4806]]]}},{"type":"Feature","properties":{"landuse":"farmland"},"geometry":{"type":"Polygon","coordinates":[[[7.8291,48.4708],[7.831,48.4672],[7.8336,48.4702],[7.8291,48.4708]]]}},{"type":"Feature","properties":{"landuse":"orchard"},"geometry":{"type":"Polygon","coordinates":[[[7.8367,48.4717],[7.8343,48.4709],[7.8355,48.4703],[7.8367,48.4717]]]}},{"type":"Feature","properties":{"landuse":"farmland"},"geometry":{"type":"Polygon","coordinates":[[[7.8283,48.472],[7.8305,48.4707],[7.8309,48.4714],[7.8283,48.472]]]}},{"type":"Feature","properties":{"landuse":"farmland"},"geometry":{"type":"Polygon","coordinates":[[[7.8292,48.4726],[7.8347,48.4719],[7.8358,48.4778],[7.8292,48.4726]]]}},{"type":"Feature","properties":{"landuse":"farmland"},"geometry":{"type":"Polygon","coordinates":[[[7.8405,48.4942],[7.83,48.4942],[7.8292,48.493],[7.8405,48.4942]]]}},{"type":"Feature","properties":{"landuse":"farmland"},"geometry":{"type":"Polygon","coordinates":[[[7.8372,48.4806],[7.843,48.4899],[7.8382,48.4886],[7.8372,48.4806]]]}},{"type":"Feature","properties":{"landuse":"orchard"},"geometry":{"type":"Polygon","coordinates":[[[7.262,47.6556],[7.2603,47.6562],[7.2613,47.6552],[7.262,47.6556]]]}},{"type":"Feature","properties":{"landuse":"orchard"},"geometry":{"type":"Polygon","coordinates":[[[7.2632,47.6457],[7.2633,47.6473],[7.2619,47.6456],[7.2632,47.6457]]]}},{"type":"Feature","properties":{"landuse":"farmland"},"geometry":{"type":"Polygon","coordinates":[[[7.8205,48.505],[7.8193,48.5058],[7.82,48.5028],[7.8205,48.505]]]}},{"type":"Feature","properties":{"landuse":"farmland"},"geometry":{"type":"Polygon","coordinates":[[[7.8156,48.5],[7.819,48.5015],[7.8177,48.5031],[7.8156,48.5]]]}},{"type":"Feature","properties":{"landuse":"farmland"},"geometry":{"type":"Polygon","coordinates":[[[7.8189,48.5031],[7.8182,48.5021],[7.8192,48.5017],[7.8189,48.5031]]]}},{"type":"Feature","properties":{"landuse":"farmland"},"geometry":{"type":"Polygon","coordinates":[[[7.814,48.5003],[7.8172,48.5027],[7.8154,48.5025],[7.814,48.5003]]]}},{"type":"Feature","properties":{"landuse":"farmland"},"geometry":{"type":"Polygon","coordinates":[[[7.8128,48.5023],[7.814,48.5003],[7.8154,48.5025],[7.8128,48.5023]]]}},{"type":"Feature","properties":{"landuse":"farmland"},"geometry":{"type":"Polygon","coordinates":[[[7.8122,48.504],[7.8116,48.5022],[7.8133,48.504],[7.8122,48.504]]]}},{"type":"Feature","properties":{"landuse":"farmland"},"geometry":{"type":"Polygon","coordinates":[[[7.8113,48.5007],[7.8126,48.502],[7.81,48.5024],[7.8113,48.5007]]]}},{"type":"Feature","properties":{"landuse":"farmland"},"geometry":{"type":"Polygon","coordinates":[[[7.8142,48.4977],[7.8152,48.4976],[7.8151,48.4998],[7.8142,48.4977]]]}},{"type":"Feature","properties":{"landuse":"farmland"},"geometry":{"type":"Polygon","coordinates":[[[7.8133,48.5],[7.8142,48.4977],[7.8143,48.4995],[7.8133,48.5]]]}},{"type":"Feature","properties":{"landuse":"farmland"},"geometry":{"type":"Polygon","coordinates":[[[7.827,48.4993],[7.8241,48.5004],[7.8237,48.4983],[7.827,48.4993]]]}},{"type":"Feature","properties":{"landuse":"farmland"},"geometry":{"type":"Polygon","coordinates":[[[7.8285,48.4956],[7.83,48.4945],[7.8351,48.4947],[7.8285,48.4956]]]}},{"type":"Feature","properties":{"landuse":"farmland"},"geometry":{"type":"Polygon","coordinates":[[[7.8288,48.4993],[7.8282,48.4963],[7.8385,48.4951],[7.8288,48.4993]]]}},{"type":"Feature","properties":{"landuse":"farmland"},"geometry":{"type":"Polygon","coordinates":[[[7.8217,48.4951],[7.8248,48.4951],[7.8218,48.496],[7.8217,48.4951]]]}},{"type":"Feature","properties":{"landuse":"orchard"},"geometry":{"type":"Polygon","coordinates":[[[7.5197,48.4254],[7.5195,48.4246],[7.5238,48.4252],[7.5197,48.4254]]]}},{"type":"Feature","properties":{"landuse":"orchard"},"geometry":{"type":"Polygon","coordinates":[[[7.5184,48.4712],[7.5206,48.4714],[7.5181,48.4728],[7.5184,48.4712]]]}},{"type":"Feature","properties":{"landuse":"orchard"},"geometry":{"type":"Polygon","coordinates":[[[7.6035,48.5925],[7.6037,48.5941],[7.603,48.5939],[7.6035,48.5925]]]}},{"type":"Feature","properties":{"landuse":"orchard"},"geometry":{"type":"Polygon","coordinates":[[[7.6049,48.5936],[7.6074,48.5943],[7.6068,48.5949],[7.6049,48.5936]]]}},{"type":"Feature","properties":{"landuse":"orchard"},"geometry":{"type":"Polygon","coordinates":[[[7.6236,48.6324],[7.6257,48.6323],[7.6249,48.6349],[7.6236,48.6324]]]}},{"type":"Feature","properties":{"landuse":"orchard"},"geometry":{"type":"Polygon","coordinates":[[[7.6207,48.6631],[7.6196,48.6605],[7.6228,48.6604],[7.6239,48.6631],[7.6207,48.6631]]]}},{"type":"Feature","properties":{"landuse":"orchard"},"geometry":{"type":"Polygon","coordinates":[[[7.6144,48.6629],[7.6153,48.663],[7.6135,48.6647],[7.6144,48.6629]]]}},{"type":"Feature","properties":{"landuse":"orchard"},"geometry":{"type":"Polygon","coordinates":[[[7.6143,48.66],[7.6151,48.6597],[7.6153,48.6612],[7.6143,48.66]]]}},{"type":"Feature","properties":{"landuse":"farmland"},"geometry":{"type":"Polygon","coordinates":[[[7.6143,48.6616],[7.6149,48.6629],[7.6135,48.6628],[7.6143,48.6616]]]}},{"type":"Feature","properties":{"landuse":"orchard"},"geometry":{"type":"Polygon","coordinates":[[[7.6103,48.6682],[7.6097,48.6661],[7.6149,48.6668],[7.6103,48.6682]]]}},{"type":"Feature","properties":{"landuse":"farmland"},"geometry":{"type":"Polygon","coordinates":[[[7.6571,48.6851],[7.6571,48.6843],[7.6591,48.6853],[7.6571,48.6851]]]}},{"type":"Feature","properties":{"landuse":"orchard"},"geometry":{"type":"Polygon","coordinates":[[[7.6552,48.6885],[7.6571,48.6852],[7.659,48.6861],[7.6552,48.6885]]]}},{"type":"Feature","properties":{"landuse":"orchard"},"geometry":{"type":"Polygon","coordinates":[[[7.6537,48.6947],[7.6549,48.6937],[7.658,48.6954],[7.6537,48.6947]]]}},{"type":"Feature","properties":{"landuse":"orchard"},"geometry":{"type":"Polygon","coordinates":[[[7.645,48.7232],[7.6428,48.7258],[7.6421,48.7233],[7.645,48.7232]]]}},{"type":"Feature","properties":{"landuse":"orchard"},"geometry":{"type":"Polygon","coordinates":[[[7.6248,48.7269],[7.6254,48.7266],[7.626,48.7293],[7.6248,48.7269]]]}},{"type":"Feature","properties":{"landuse":"orchard"},"geometry":{"type":"Polygon","coordinates":[[[7.5481,48.7135],[7.5499,48.7137],[7.5496,48.7154],[7.5481,48.7135]]]}},{"type":"Feature","properties":{"landuse":"orchard"},"geometry":{"type":"Polygon","coordinates":[[[7.5484,48.7119],[7.5503,48.7111],[7.5499,48.7136],[7.5484,48.7119]]]}},{"type":"Feature","properties":{"landuse":"orchard"},"geometry":{"type":"Polygon","coordinates":[[[7.5277,48.7308],[7.5293,48.7312],[7.5261,48.7331],[7.5277,48.7308]]]}},{"type":"Feature","properties":{"landuse":"orchard"},"geometry":{"type":"Polygon","coordinates":[[[7.898,48.9136],[7.9001,48.9149],[7.8981,48.9159],[7.898,48.9136]]]}},{"type":"Feature","properties":{"landuse":"orchard"},"geometry":{"type":"Polygon","coordinates":[[[7.8936,48.9047],[7.895,48.9045],[7.896,48.9061],[7.8947,48.9064],[7.8936,48.9047]]]}},{"type":"Feature","properties":{"landuse":"orchard"},"geometry":{"type":"Polygon","coordinates":[[[7.8926,48.9028],[7.8933,48.9027],[7.8942,48.9045],[7.8926,48.9028]]]}},{"type":"Feature","properties":{"landuse":"farmland"},"geometry":{"type":"Polygon","coordinates":[[[7.978,48.985],[7.979,48.9855],[7.9774,48.9869],[7.978,48.985]]]}},{"type":"Feature","properties":{"landuse":"farmland"},"geometry":{"type":"Polygon","coordinates":[[[7.3143,47.8266],[7.3087,47.8292],[7.3011,47.826],[7.3143,47.8266]]]}},{"type":"Feature","properties":{"landuse":"farmland"},"geometry":{"type":"Polygon","coordinates":[[[7.3031,47.8228],[7.3245,47.8213],[7.3266,47.8263],[7.3247,47.8287],[7.3031,47.8228]]]}},{"type":"Feature","properties":{"landuse":"farmland"},"geometry":{"type":"Polygon","coordinates":[[[7.3058,47.812],[7.303,47.8114],[7.3061,47.8101],[7.3058,47.812]]]}},{"type":"Feature","properties":{"landuse":"farmland"},"geometry":{"type":"Polygon","coordinates":[[[7.8325,48.777],[7.8333,48.7766],[7.835,48.7783],[7.8325,48.777]]]}},{"type":"Feature","properties":{"landuse":"green_public_spaces"},"geometry":{"type":"Polygon","coordinates":[[[7.8459,48.7783],[7.8457,48.7771],[7.8499,48.778],[7.8459,48.7783]]]}},{"type":"Feature","properties":{"landuse":"farmland"},"geometry":{"type":"Polygon","coordinates":[[[7.4264,47.6865],[7.4338,47.6772],[7.4284,47.6874],[7.4264,47.6865]]]}},{"type":"Feature","properties":{"landuse":"farmland"},"geometry":{"type":"Polygon","coordinates":[[[7.439,47.6715],[7.4397,47.6704],[7.4398,47.6718],[7.439,47.6715]]]}},{"type":"Feature","properties":{"landuse":"farmland"},"geometry":{"type":"Polygon","coordinates":[[[7.4363,47.6699],[7.4387,47.6713],[7.4368,47.6734],[7.4363,47.6699]]]}},{"type":"Feature","properties":{"landuse":"farmland"},"geometry":{"type":"Polygon","coordinates":[[[7.4587,47.6694],[7.4628,47.6726],[7.4574,47.6716],[7.4587,47.6694]]]}},{"type":"Feature","properties":{"landuse":"farmland"},"geometry":{"type":"Polygon","coordinates":[[[7.467,47.6746],[7.4624,47.67],[7.4663,47.6691],[7.467,47.6746]]]}},{"type":"Feature","properties":{"landuse":"farmland"},"geometry":{"type":"Polygon","coordinates":[[[7.3518,47.9306],[7.3556,47.9303],[7.3642,47.9482],[7.3569,47.9551],[7.347,47.9537],[7.35,47.9464],[7.3448,47.9466],[7.3512,47.9369],[7.347,47.936],[7.3513,47.9318],[7.3483,47.9339],[7.3468,47.9309],[7.3518,47.9306]]]}},{"type":"Feature","properties":{"landuse":"farmland"},"geometry":{"type":"Polygon","coordinates":[[[7.358,47.9187],[7.3605,47.9182],[7.3595,47.9242],[7.3571,47.9233],[7.358,47.9187]]]}},{"type":"Feature","properties":{"landuse":"farmland"},"geometry":{"type":"Polygon","coordinates":[[[7.3616,47.9178],[7.3573,47.9183],[7.3598,47.9136],[7.3626,47.915],[7.3616,47.9178]]]}},{"type":"Feature","properties":{"landuse":"farmland"},"geometry":{"type":"Polygon","coordinates":[[[7.359,48.0158],[7.3646,48.012],[7.3597,48.0127],[7.3615,48.006],[7.358,48.0003],[7.379,47.9947],[7.3753,48.0134],[7.359,48.0158]]]}},{"type":"Feature","properties":{"landuse":"farmland"},"geometry":{"type":"Polygon","coordinates":[[[7.3589,47.9289],[7.3573,47.9243],[7.359,47.9243],[7.3589,47.9289]]]}},{"type":"Feature","properties":{"landuse":"farmland"},"geometry":{"type":"Polygon","coordinates":[[[7.3629,47.9162],[7.364,47.9214],[7.3695,47.924],[7.3665,47.9273],[7.3685,47.9311],[7.3765,47.9331],[7.3791,47.9391],[7.3683,47.9412],[7.3725,47.9471],[7.3789,47.9479],[7.3737,47.948],[7.3746,47.9509],[7.3672,47.9517],[7.364,47.9453],[7.3617,47.9383],[7.3649,47.9393],[7.3617,47.9374],[7.3599,47.9289],[7.3629,47.9162]]]}},{"type":"Feature","properties":{"landuse":"farmland"},"geometry":{"type":"Polygon","coordinates":[[[7.3514,47.9305],[7.3486,47.9204],[7.3558,47.9195],[7.3582,47.9282],[7.3514,47.9305]]]}},{"type":"Feature","properties":{"landuse":"farmland"},"geometry":{"type":"Polygon","coordinates":[[[7.3595,47.9329],[7.3607,47.9371],[7.3556,47.9293],[7.3582,47.9283],[7.3595,47.9329]]]}},{"type":"Feature","properties":{"landuse":"farmland"},"geometry":{"type":"Polygon","coordinates":[[[7.3722,48.0245],[7.3678,48.0266],[7.362,48.0223],[7.3591,48.0236],[7.359,48.0158],[7.3692,48.0143],[7.3738,48.0182],[7.3722,48.0245]]]}},{"type":"Feature","properties":{"landuse":"farmland"},"geometry":{"type":"Polygon","coordinates":[[[7.5368,48.0251],[7.5352,48.0238],[7.539,48.0214],[7.5465,48.0196],[7.5515,48.0198],[7.5512,48.0219],[7.5524,48.0194],[7.5637,48.0192],[7.5653,48.0217],[7.5617,48.0226],[7.5611,48.0313],[7.5525,48.0333],[7.5368,48.0251]]]}},{"type":"Feature","properties":{"landuse":"farmland"},"geometry":{"type":"Polygon","coordinates":[[[7.558,48.0125],[7.5656,48.0149],[7.5621,48.0175],[7.5579,48.0158],[7.558,48.0125]]]}},{"type":"Feature","properties":{"landuse":"farmland"},"geometry":{"type":"Polygon","coordinates":[[[7.5545,48.0127],[7.5468,48.0136],[7.547,48.0105],[7.5545,48.0127]]]}},{"type":"Feature","properties":{"landuse":"farmland"},"geometry":{"type":"Polygon","coordinates":[[[7.4696,48.0776],[7.4615,48.0732],[7.4624,48.0661],[7.4595,48.0653],[7.4739,48.0606],[7.4732,48.0648],[7.4792,48.0641],[7.477,48.0661],[7.4805,48.0691],[7.4696,48.0776]]]}},{"type":"Feature","properties":{"landuse":"farmland"},"geometry":{"type":"Polygon","coordinates":[[[7.4429,48.0941],[7.4384,48.0946],[7.4328,48.0852],[7.4508,48.0762],[7.4503,48.0835],[7.4452,48.0845],[7.445,48.0871],[7.4494,48.087],[7.4429,48.0941]]]}},{"type":"Feature","properties":{"landuse":"farmland"},"geometry":{"type":"Polygon","coordinates":[[[7.5346,48.0679],[7.5386,48.0453],[7.5539,48.0438],[7.5551,48.0479],[7.551,48.049],[7.5474,48.0592],[7.5346,48.0679]]]}},{"type":"Feature","properties":{"landuse":"farmland"},"geometry":{"type":"Polygon","coordinates":[[[7.5177,48.0879],[7.513,48.0907],[7.5089,48.0884],[7.492,48.0893],[7.4814,48.07],[7.4851,48.0603],[7.506,48.0561],[7.5043,48.0726],[7.5114,48.0838],[7.519,48.085],[7.5177,48.0879]]]}},{"type":"Feature","properties":{"landuse":"farmland"},"geometry":{"type":"Polygon","coordinates":[[[7.5293,48.0338],[7.5379,48.0344],[7.5395,48.0376],[7.5352,48.0376],[7.5376,48.0389],[7.5298,48.0456],[7.532,48.0419],[7.5293,48.0338]]]}},{"type":"Feature","properties":{"landuse":"farmland"},"geometry":{"type":"Polygon","coordinates":[[[7.5221,48.0518],[7.5291,48.0464],[7.5295,48.0546],[7.5233,48.0546],[7.5221,48.0518]]]}},{"type":"Feature","properties":{"landuse":"farmland"},"geometry":{"type":"Polygon","coordinates":[[[7.5441,48.071],[7.5405,48.0669],[7.5507,48.0544],[7.5541,48.0599],[7.5515,48.061],[7.5506,48.0684],[7.5441,48.071]]]}},{"type":"Feature","properties":{"landuse":"farmland"},"geometry":{"type":"Polygon","coordinates":[[[7.4838,48.1],[7.5189,48.091],[7.5145,48.1012],[7.5118,48.1006],[7.512,48.1053],[7.5059,48.107],[7.4776,48.1061],[7.4765,48.1032],[7.4838,48.1]]]}},{"type":"Feature","properties":{"landuse":"farmland"},"geometry":{"type":"Polygon","coordinates":[[[7.5384,48.0457],[7.5376,48.0609],[7.5311,48.0711],[7.5308,48.0665],[7.5333,48.0666],[7.5299,48.0462],[7.5345,48.0431],[7.5384,48.0457]]]}},{"type":"Feature","properties":{"landuse":"farmland"},"geometry":{"type":"Polygon","coordinates":[[[7.5516,48.0537],[7.5553,48.0489],[7.5569,48.0562],[7.5516,48.0537]]]}},{"type":"Feature","properties":{"landuse":"farmland"},"geometry":{"type":"Polygon","coordinates":[[[7.441,48.0968],[7.4637,48.1002],[7.464,48.1055],[7.4385,48.1046],[7.441,48.0968]]]}},{"type":"Feature","properties":{"landuse":"farmland"},"geometry":{"type":"Polygon","coordinates":[[[7.4653,48.081],[7.4696,48.0776],[7.4783,48.083],[7.4777,48.0858],[7.4549,48.0891],[7.4485,48.0791],[7.4659,48.0758],[7.4653,48.081]]]}},{"type":"Feature","properties":{"landuse":"farmland"},"geometry":{"type":"Polygon","coordinates":[[[7.4476,48.093],[7.4698,48.0866],[7.4771,48.0863],[7.4781,48.0898],[7.487,48.0884],[7.4889,48.0913],[7.4831,48.0997],[7.4784,48.0999],[7.4753,48.0962],[7.4753,48.0997],[7.473,48.0965],[7.47,48.1014],[7.4443,48.0965],[7.4436,48.094],[7.4476,48.093]]]}},{"type":"Feature","properties":{"landuse":"farmland"},"geometry":{"type":"Polygon","coordinates":[[[7.4833,48.0998],[7.4888,48.0901],[7.5002,48.0928],[7.4833,48.0998]]]}},{"type":"Feature","properties":{"landuse":"green_public_spaces"},"geometry":{"type":"Polygon","coordinates":[[[7.5753,47.5044],[7.5754,47.5056],[7.5742,47.5043],[7.5753,47.5044]]]}},{"type":"Feature","properties":{"landuse":"farmland"},"geometry":{"type":"Polygon","coordinates":[[[7.586,48.0012],[7.5852,47.9998],[7.5868,47.9986],[7.586,48.0012]]]}},{"type":"Feature","properties":{"landuse":"farmland"},"geometry":{"type":"Polygon","coordinates":[[[7.5707,48.0039],[7.5742,48.0044],[7.5724,48.0006],[7.5794,48.0012],[7.5747,48.0061],[7.5707,48.0039]]]}},{"type":"Feature","properties":{"landuse":"farmland"},"geometry":{"type":"Polygon","coordinates":[[[7.574,48.0143],[7.5761,48.0158],[7.5723,48.0165],[7.574,48.0143]]]}},{"type":"Feature","properties":{"landuse":"farmland"},"geometry":{"type":"Polygon","coordinates":[[[7.5705,48.0101],[7.572,48.0077],[7.5736,48.0086],[7.5705,48.0101]]]}},{"type":"Feature","properties":{"landuse":"farmland"},"geometry":{"type":"Polygon","coordinates":[[[7.5801,48.008],[7.5885,48.0041],[7.5898,48.0061],[7.5769,48.0158],[7.574,48.0142],[7.5827,48.01],[7.5801,48.008]]]}},{"type":"Feature","properties":{"landuse":"farmland"},"geometry":{"type":"Polygon","coordinates":[[[7.5724,48.0062],[7.5678,48.0046],[7.5615,47.9932],[7.5875,47.9861],[7.5862,47.9954],[7.5701,48.0005],[7.5724,48.0062]]]}},{"type":"Feature","properties":{"landuse":"farmland"},"geometry":{"type":"Polygon","coordinates":[[[7.5574,48.0016],[7.556,47.9927],[7.5597,47.9923],[7.5647,48.0033],[7.5574,48.0016]]]}},{"type":"Feature","properties":{"landuse":"farmland"},"geometry":{"type":"Polygon","coordinates":[[[7.5683,48.0049],[7.5711,48.0067],[7.5703,48.0103],[7.5661,48.0147],[7.5592,48.01],[7.5683,48.0049]]]}},{"type":"Feature","properties":{"landuse":"farmland"},"geometry":{"type":"Polygon","coordinates":[[[7.0773,47.7441],[7.0665,47.7369],[7.0765,47.7277],[7.0761,47.7333],[7.0817,47.7358],[7.0768,47.7399],[7.0796,47.7441],[7.0773,47.7441]]]}},{"type":"Feature","properties":{"landuse":"orchard"},"geometry":{"type":"Polygon","coordinates":[[[7.0919,47.7593],[7.0967,47.758],[7.0965,47.7587],[7.0919,47.7593]]]}},{"type":"Feature","properties":{"landuse":"farmland"},"geometry":{"type":"Polygon","coordinates":[[[7.0586,47.7596],[7.0618,47.7592],[7.0646,47.7599],[7.0586,47.7596]]]}},{"type":"Feature","properties":{"landuse":"farmland"},"geometry":{"type":"Polygon","coordinates":[[[7.0829,47.7688],[7.0917,47.7642],[7.0909,47.7683],[7.103,47.7696],[7.1018,47.7715],[7.0829,47.7688]]]}},{"type":"Feature","properties":{"landuse":"farmland"},"geometry":{"type":"Polygon","coordinates":[[[7.1138,47.7473],[7.1154,47.7492],[7.1089,47.7506],[7.0968,47.7479],[7.1104,47.7447],[7.1138,47.7473]]]}},{"type":"Feature","properties":{"landuse":"farmland"},"geometry":{"type":"Polygon","coordinates":[[[7.1,47.7509],[7.1084,47.7507],[7.1011,47.7523],[7.1,47.7509]]]}},{"type":"Feature","properties":{"landuse":"farmland"},"geometry":{"type":"Polygon","coordinates":[[[7.1128,47.7499],[7.1196,47.7479],[7.1215,47.7502],[7.1166,47.7526],[7.1111,47.7511],[7.1128,47.7499]]]}},{"type":"Feature","properties":{"landuse":"farmland"},"geometry":{"type":"Polygon","coordinates":[[[7.0805,47.7509],[7.0571,47.7521],[7.0532,47.7506],[7.0532,47.7472],[7.0805,47.7509]]]}},{"type":"Feature","properties":{"landuse":"farmland"},"geometry":{"type":"Polygon","coordinates":[[[7.0423,47.7607],[7.031,47.7581],[7.0383,47.7578],[7.0376,47.7598],[7.0423,47.7607]]]}},{"type":"Feature","properties":{"landuse":"farmland"},"geometry":{"type":"Polygon","coordinates":[[[7.0488,47.7513],[7.0498,47.7464],[7.0457,47.7455],[7.0545,47.742],[7.0533,47.7509],[7.0488,47.7513]]]}},{"type":"Feature","properties":{"landuse":"farmland"},"geometry":{"type":"Polygon","coordinates":[[[7.0546,47.7465],[7.0546,47.7415],[7.0585,47.7402],[7.0546,47.7465]]]}},{"type":"Feature","properties":{"landuse":"farmland"},"geometry":{"type":"Polygon","coordinates":[[[7.059,47.755],[7.0613,47.7521],[7.0844,47.7502],[7.0705,47.7559],[7.059,47.755]]]}},{"type":"Feature","properties":{"landuse":"farmland"},"geometry":{"type":"Polygon","coordinates":[[[7.0674,47.7561],[7.0701,47.7561],[7.0682,47.7581],[7.0674,47.7561]]]}},{"type":"Feature","properties":{"landuse":"farmland"},"geometry":{"type":"Polygon","coordinates":[[[7.0719,47.7557],[7.0761,47.7551],[7.0722,47.7564],[7.0719,47.7557]]]}},{"type":"Feature","properties":{"landuse":"farmland"},"geometry":{"type":"Polygon","coordinates":[[[7.0526,47.7126],[7.0571,47.7129],[7.0529,47.7143],[7.0526,47.7126]]]}},{"type":"Feature","properties":{"landuse":"farmland"},"geometry":{"type":"Polygon","coordinates":[[[7.0276,47.7127],[7.0335,47.7146],[7.0208,47.7141],[7.0254,47.7131],[7.0231,47.7094],[7.0258,47.7079],[7.0289,47.7088],[7.0276,47.7127]]]}},{"type":"Feature","properties":{"landuse":"farmland"},"geometry":{"type":"Polygon","coordinates":[[[7.0123,47.7242],[7.0132,47.7193],[7.0226,47.7211],[7.0178,47.7245],[7.0211,47.7282],[7.0121,47.7269],[7.0123,47.7242]]]}},{"type":"Feature","properties":{"landuse":"farmland"},"geometry":{"type":"Polygon","coordinates":[[[7.0147,47.73],[7.0127,47.7289],[7.0217,47.7312],[7.0155,47.7331],[7.0147,47.73]]]}},{"type":"Feature","properties":{"landuse":"green_public_spaces"},"geometry":{"type":"Polygon","coordinates":[[[7.6968,48.7386],[7.6958,48.7383],[7.6971,48.7373],[7.6968,48.7386]]]}},{"type":"Feature","properties":{"landuse":"farmland"},"geometry":{"type":"Polygon","coordinates":[[[7.6398,48.4329],[7.6395,48.4323],[7.6433,48.4318],[7.6398,48.4329]]]}},{"type":"Feature","properties":{"landuse":"farmland"},"geometry":{"type":"Polygon","coordinates":[[[7.43,47.6653],[7.4311,47.6609],[7.4362,47.6633],[7.4357,47.6687],[7.4333,47.668],[7.4349,47.6718],[7.4267,47.669],[7.43,47.6653]]]}},{"type":"Feature","properties":{"landuse":"farmland"},"geometry":{"type":"Polygon","coordinates":[[[7.6316,48.7565],[7.6352,48.7582],[7.6341,48.7589],[7.6316,48.7565]]]}},{"type":"Feature","properties":{"landuse":"green_public_spaces"},"geometry":{"type":"Polygon","coordinates":[[[7.7849,48.5742],[7.7862,48.5742],[7.7859,48.5754],[7.7849,48.5742]]]}},{"type":"Feature","properties":{"landuse":"green_public_spaces"},"geometry":{"type":"Polygon","coordinates":[[[7.32,47.7452],[7.3219,47.745],[7.3192,47.7465],[7.32,47.7452]]]}},{"type":"Feature","properties":{"landuse":"farmland"},"geometry":{"type":"Polygon","coordinates":[[[7.374,48.2321],[7.3761,48.2316],[7.3746,48.2325],[7.374,48.2321]]]}},{"type":"Feature","properties":{"landuse":"farmland"},"geometry":{"type":"Polygon","coordinates":[[[7.3676,48.2275],[7.3671,48.2269],[7.3693,48.2261],[7.3676,48.2275]]]}},{"type":"Feature","properties":{"landuse":"orchard"},"geometry":{"type":"Polygon","coordinates":[[[7.3701,48.696],[7.3701,48.7009],[7.3595,48.6965],[7.3701,48.696]]]}},{"type":"Feature","properties":{"landuse":"farmland"},"geometry":{"type":"Polygon","coordinates":[[[7.0455,47.7518],[7.0482,47.7498],[7.0491,47.7519],[7.0455,47.7518]]]}},{"type":"Feature","properties":{"landuse":"farmland"},"geometry":{"type":"Polygon","coordinates":[[[7.3877,47.7612],[7.3894,47.763],[7.3788,47.7573],[7.3847,47.756],[7.3821,47.7574],[7.388,47.7584],[7.3877,47.7612]]]}},{"type":"Feature","properties":{"landuse":"farmland"},"geometry":{"type":"Polygon","coordinates":[[[7.4228,47.7552],[7.4202,47.7599],[7.4203,47.7546],[7.4228,47.7552]]]}},{"type":"Feature","properties":{"landuse":"farmland"},"geometry":{"type":"Polygon","coordinates":[[[7.5293,47.629],[7.5322,47.6262],[7.5319,47.6294],[7.5293,47.629]]]}},{"type":"Feature","properties":{"landuse":"farmland"},"geometry":{"type":"Polygon","coordinates":[[[7.5486,47.6255],[7.5569,47.6169],[7.5664,47.6139],[7.5613,47.6169],[7.5641,47.6159],[7.5637,47.6183],[7.5486,47.6255]]]}},{"type":"Feature","properties":{"landuse":"farmland"},"geometry":{"type":"Polygon","coordinates":[[[7.5484,47.6217],[7.5497,47.6225],[7.5471,47.6241],[7.5484,47.6217]]]}},{"type":"Feature","properties":{"landuse":"farmland"},"geometry":{"type":"Polygon","coordinates":[[[7.5437,47.6277],[7.5425,47.6267],[7.55,47.6227],[7.5437,47.6277]]]}},{"type":"Feature","properties":{"landuse":"farmland"},"geometry":{"type":"Polygon","coordinates":[[[7.5486,47.6256],[7.5486,47.6288],[7.5459,47.6278],[7.5486,47.6256]]]}},{"type":"Feature","properties":{"landuse":"farmland"},"geometry":{"type":"Polygon","coordinates":[[[7.3003,47.7272],[7.2955,47.7245],[7.3042,47.7269],[7.3003,47.7272]]]}},{"type":"Feature","properties":{"landuse":"farmland"},"geometry":{"type":"Polygon","coordinates":[[[7.2855,47.7147],[7.2926,47.7162],[7.2903,47.7162],[7.2933,47.7213],[7.2987,47.7216],[7.2907,47.7228],[7.2855,47.7147]]]}},{"type":"Feature","properties":{"landuse":"farmland"},"geometry":{"type":"Polygon","coordinates":[[[7.1815,47.8247],[7.1833,47.8225],[7.1839,47.8253],[7.1815,47.8247]]]}},{"type":"Feature","properties":{"landuse":"farmland"},"geometry":{"type":"Polygon","coordinates":[[[7.664,48.6549],[7.6767,48.6516],[7.665,48.6564],[7.664,48.6549]]]}},{"type":"Feature","properties":{"landuse":"green_public_spaces"},"geometry":{"type":"Polygon","coordinates":[[[7.5519,47.7441],[7.5555,47.7415],[7.5575,47.7448],[7.5519,47.7441]]]}},{"type":"Feature","properties":{"landuse":"orchard"},"geometry":{"type":"Polygon","coordinates":[[[7.3787,48.9751],[7.3775,48.9734],[7.3791,48.9727],[7.3787,48.9751]]]}},{"type":"Feature","properties":{"landuse":"farmland"},"geometry":{"type":"Polygon","coordinates":[[[7.8032,48.4606],[7.8033,48.459],[7.8063,48.46],[7.8032,48.4606]]]}},{"type":"Feature","properties":{"landuse":"farmland"},"geometry":{"type":"Polygon","coordinates":[[[7.5492,47.7845],[7.5506,47.7863],[7.55,47.7863],[7.5492,47.7845]]]}},{"type":"Feature","properties":{"landuse":"farmland"},"geometry":{"type":"Polygon","coordinates":[[[7.5511,47.7656],[7.554,47.7642],[7.5523,47.7661],[7.5511,47.7656]]]}},{"type":"Feature","properties":{"landuse":"farmland"},"geometry":{"type":"Polygon","coordinates":[[[7.5514,47.7632],[7.554,47.7627],[7.5512,47.7651],[7.5514,47.7632]]]}},{"type":"Feature","properties":{"landuse":"farmland"},"geometry":{"type":"Polygon","coordinates":[[[7.5497,47.766],[7.5493,47.7646],[7.5511,47.7634],[7.5497,47.766]]]}},{"type":"Feature","properties":{"landuse":"farmland"},"geometry":{"type":"Polygon","coordinates":[[[7.5438,47.7675],[7.5489,47.7662],[7.5493,47.7671],[7.5438,47.7675]]]}},{"type":"Feature","properties":{"landuse":"farmland"},"geometry":{"type":"Polygon","coordinates":[[[7.5499,47.7731],[7.5484,47.7722],[7.549,47.7715],[7.5499,47.7731]]]}},{"type":"Feature","properties":{"landuse":"orchard"},"geometry":{"type":"Polygon","coordinates":[[[7.0613,47.7723],[7.0614,47.7707],[7.0632,47.7717],[7.0613,47.7723]]]}},{"type":"Feature","properties":{"landuse":"farmland"},"geometry":{"type":"Polygon","coordinates":[[[7.9781,48.7641],[7.9788,48.763],[7.9799,48.7632],[7.9781,48.7641]]]}},{"type":"Feature","properties":{"landuse":"farmland"},"geometry":{"type":"Polygon","coordinates":[[[7.7892,48.4669],[7.7814,48.4663],[7.7841,48.464],[7.7892,48.4669]]]}},{"type":"Feature","properties":{"landuse":"farmland"},"geometry":{"type":"Polygon","coordinates":[[[7.5869,48.5766],[7.5874,48.5757],[7.5889,48.5762],[7.5869,48.5766]]]}},{"type":"Feature","properties":{"landuse":"green_public_spaces"},"geometry":{"type":"Polygon","coordinates":[[[7.4481,47.6517],[7.4523,47.6518],[7.4481,47.6522],[7.4481,47.6517]]]}},{"type":"Feature","properties":{"landuse":"farmland"},"geometry":{"type":"Polygon","coordinates":[[[7.9779,48.724],[7.9768,48.7225],[7.9819,48.7213],[7.9779,48.724]]]}},{"type":"Feature","properties":{"landuse":"green_public_spaces"},"geometry":{"type":"Polygon","coordinates":[[[7.3794,47.7906],[7.3799,47.7913],[7.3781,47.7921],[7.3794,47.7906]]]}},{"type":"Feature","properties":{"landuse":"farmland"},"geometry":{"type":"Polygon","coordinates":[[[7.2156,48.4859],[7.2173,48.4851],[7.2172,48.487],[7.2156,48.4859]]]}},{"type":"Feature","properties":{"landuse":"farmland"},"geometry":{"type":"Polygon","coordinates":[[[7.2672,47.6612],[7.2676,47.6635],[7.2654,47.662],[7.2672,47.6612]]]}},{"type":"Feature","properties":{"landuse":"farmland"},"geometry":{"type":"Polygon","coordinates":[[[7.5957,47.6231],[7.5937,47.6222],[7.5958,47.6224],[7.5957,47.6231]]]}},{"type":"Feature","properties":{"landuse":"farmland"},"geometry":{"type":"Polygon","coordinates":[[[7.598,47.6235],[7.5995,47.624],[7.5989,47.6246],[7.598,47.6235]]]}},{"type":"Feature","properties":{"landuse":"farmland"},"geometry":{"type":"Polygon","coordinates":[[[7.5368,47.8163],[7.527,47.8175],[7.5097,47.8151],[7.5092,47.8129],[7.5368,47.8163]]]}},{"type":"Feature","properties":{"landuse":"farmland"},"geometry":{"type":"Polygon","coordinates":[[[7.4995,47.8271],[7.4981,47.8257],[7.5011,47.8253],[7.4995,47.8271]]]}},{"type":"Feature","properties":{"landuse":"farmland"},"geometry":{"type":"Polygon","coordinates":[[[7.5315,47.8176],[7.533,47.8183],[7.5317,47.8191],[7.5315,47.8176]]]}},{"type":"Feature","properties":{"landuse":"farmland"},"geometry":{"type":"Polygon","coordinates":[[[7.5354,47.818],[7.5335,47.818],[7.5363,47.8166],[7.5354,47.818]]]}},{"type":"Feature","properties":{"landuse":"farmland"},"geometry":{"type":"Polygon","coordinates":[[[7.5242,47.8143],[7.5089,47.8127],[7.5215,47.812],[7.5242,47.8143]]]}},{"type":"Feature","properties":{"landuse":"farmland"},"geometry":{"type":"Polygon","coordinates":[[[7.5378,47.8208],[7.5312,47.8206],[7.5348,47.8181],[7.5378,47.8208]]]}},{"type":"Feature","properties":{"landuse":"farmland"},"geometry":{"type":"Polygon","coordinates":[[[7.5022,47.8319],[7.5023,47.8255],[7.5078,47.8256],[7.5141,47.8311],[7.5022,47.8319]]]}},{"type":"Feature","properties":{"landuse":"farmland"},"geometry":{"type":"Polygon","coordinates":[[[7.5063,47.8531],[7.5,47.8455],[7.5046,47.8448],[7.5014,47.8342],[7.5045,47.8325],[7.5026,47.8318],[7.5135,47.8317],[7.5155,47.8525],[7.5063,47.8531]]]}},{"type":"Feature","properties":{"landuse":"farmland"},"geometry":{"type":"Polygon","coordinates":[[[7.5297,47.8182],[7.524,47.8229],[7.5086,47.821],[7.5106,47.8156],[7.5297,47.8182]]]}},{"type":"Feature","properties":{"landuse":"farmland"},"geometry":{"type":"Polygon","coordinates":[[[7.4945,47.8255],[7.4941,47.8221],[7.4989,47.8213],[7.5009,47.8142],[7.5046,47.8137],[7.5081,47.8231],[7.4945,47.8255]]]}},{"type":"Feature","properties":{"landuse":"farmland"},"geometry":{"type":"Polygon","coordinates":[[[7.5472,47.8372],[7.5423,47.8433],[7.5464,47.8393],[7.5521,47.8419],[7.5492,47.8468],[7.5446,47.8466],[7.5473,47.8497],[7.5314,47.8514],[7.5165,47.8465],[7.5187,47.8461],[7.5129,47.8372],[7.5145,47.8318],[7.5187,47.8325],[7.5191,47.8243],[7.5302,47.8199],[7.5444,47.8255],[7.5424,47.8289],[7.5477,47.8313],[7.5472,47.8372]]]}},{"type":"Feature","properties":{"landuse":"green_public_spaces"},"geometry":{"type":"Polygon","coordinates":[[[7.5712,47.5239],[7.5699,47.5243],[7.5692,47.5233],[7.5712,47.5239]]]}}]}