{"type":"FeatureCollection","features":[{"type":"Feature","properties":{"landuse":"farmland"},"geometry":{"type":"MultiPolygon","coordinates":[[[[17.4759,45.949],[17.4847,45.9521],[17.4846,45.9569],[17.4738,45.9532],[17.4759,45.949]]],[[[17.4678,45.9509],[17.4731,45.9524],[17.474,45.9534],[17.4678,45.9509]]],[[[17.4672,45.9566],[17.4634,45.9551],[17.4643,45.9503],[17.4834,45.9579],[17.4777,45.9599],[17.4669,45.9588],[17.4672,45.9566]]]]}},{"type":"Feature","properties":{"landuse":"farmland"},"geometry":{"type":"Polygon","coordinates":[[[17.4886,45.954],[17.4881,45.9472],[17.4973,45.9475],[17.5012,45.9439],[17.5055,45.9577],[17.5033,45.9606],[17.4961,45.9597],[17.5016,45.9613],[17.4984,45.9614],[17.4916,45.9561],[17.4934,45.9532],[17.491,45.956],[17.4886,45.954]]]}},{"type":"Feature","properties":{"landuse":"farmland"},"geometry":{"type":"Polygon","coordinates":[[[17.5038,45.9427],[17.5219,45.9413],[17.5176,45.9517],[17.5152,45.9516],[17.5206,45.9416],[17.5118,45.9489],[17.513,45.952],[17.505,45.9506],[17.5038,45.9427]]]}},{"type":"Feature","properties":{"landuse":"farmland"},"geometry":{"type":"Polygon","coordinates":[[[17.4822,45.9652],[17.494,45.9627],[17.5013,45.9661],[17.4966,45.9814],[17.4993,45.9778],[17.5014,45.9825],[17.506,45.9834],[17.5057,45.9914],[17.5014,45.9863],[17.4983,45.9857],[17.4979,45.989],[17.4916,45.9823],[17.4911,45.9845],[17.4799,45.9791],[17.4822,45.9652]],[[17.4929,45.9626],[17.4912,45.9644],[17.4956,45.9651],[17.4929,45.9626]],[[17.4964,45.9651],[17.498,45.9652],[17.498,45.965],[17.4964,45.9651]]]}},{"type":"Feature","properties":{"landuse":"farmland"},"geometry":{"type":"MultiPolygon","coordinates":[[[[17.2799,46.2293],[17.2818,46.2237],[17.2911,46.2241],[17.2924,46.2204],[17.2848,46.217],[17.2898,46.2101],[17.3046,46.2104],[17.304,46.2141],[17.3105,46.2118],[17.3116,46.2151],[17.3164,46.2144],[17.3199,46.2243],[17.316,46.2243],[17.3156,46.2295],[17.3093,46.2329],[17.312,46.2346],[17.3065,46.2406],[17.3053,46.2552],[17.3112,46.2578],[17.3098,46.2668],[17.3136,46.2668],[17.3093,46.2682],[17.3051,46.2794],[17.3083,46.2805],[17.3055,46.2881],[17.293,46.2855],[17.294,46.2781],[17.2895,46.2684],[17.2905,46.2776],[17.2877,46.2779],[17.2878,46.2812],[17.2896,46.2844],[17.2907,46.2818],[17.2903,46.2863],[17.2638,46.2774],[17.2689,46.2636],[17.2624,46.267],[17.2591,46.2631],[17.2689,46.262],[17.2741,46.2475],[17.2817,46.2581],[17.2885,46.2611],[17.2886,46.2658],[17.2908,46.2651],[17.2902,46.2595],[17.2826,46.257],[17.2754,46.2455],[17.2786,46.2435],[17.2768,46.2392],[17.2822,46.2398],[17.2764,46.2366],[17.2799,46.2293]],[[17.269,46.2704],[17.2699,46.2705],[17.269,46.2702],[17.269,46.2704]],[[17.302,46.2607],[17.3035,46.2608],[17.3036,46.2595],[17.302,46.2595],[17.302,46.2607]],[[17.3029,46.256],[17.3029,46.2535],[17.3005,46.2533],[17.3029,46.256]],[[17.3002,46.2818],[17.3017,46.2804],[17.3006,46.2802],[17.3002,46.2818]],[[17.3042,46.2211],[17.3018,46.2314],[17.3043,46.2264],[17.3112,46.2267],[17.3113,46.2216],[17.3042,46.2211]],[[17.273,46.2623],[17.2674,46.27],[17.2709,46.2689],[17.2722,46.2636],[17.2798,46.2632],[17.2769,46.2589],[17.273,46.2623]],[[17.303,46.2651],[17.2964,46.2614],[17.2954,46.2663],[17.3061,46.2691],[17.303,46.2651]]],[[[17.3237,46.2927],[17.3168,46.2905],[17.322,46.2892],[17.3237,46.2927]],[[17.3239,46.2925],[17.3229,46.2913],[17.3234,46.2925],[17.3239,46.2925]]],[[[17.3182,46.2882],[17.3188,46.2855],[17.3218,46.2886],[17.3182,46.2882]]],[[[17.3128,46.294],[17.3238,46.2942],[17.3238,46.3037],[17.3222,46.302],[17.3173,46.3067],[17.3169,46.3015],[17.3128,46.3012],[17.3114,46.3064],[17.3043,46.3047],[17.3068,46.3019],[17.304,46.3015],[17.3042,46.2947],[17.3128,46.294]],[[17.3034,46.2994],[17.3043,46.2999],[17.304,46.2989],[17.3034,46.2994]],[[17.3192,46.302],[17.3203,46.3005],[17.3199,46.298],[17.3192,46.302]],[[17.3102,46.2962],[17.3099,46.2948],[17.3113,46.3035],[17.3102,46.2962]]],[[[17.3199,46.2697],[17.3243,46.2702],[17.324,46.2742],[17.317,46.2714],[17.3199,46.2697]]],[[[17.3139,46.2894],[17.3129,46.2871],[17.3168,46.2872],[17.3139,46.2894]]],[[[17.3106,46.2913],[17.3121,46.2902],[17.3156,46.2914],[17.3106,46.2913]]],[[[17.2903,46.2864],[17.2883,46.2888],[17.2802,46.2846],[17.2787,46.2932],[17.2811,46.2958],[17.2906,46.2944],[17.2909,46.297],[17.2884,46.2967],[17.2924,46.2984],[17.2955,46.2942],[17.2954,46.2971],[17.3003,46.2981],[17.2968,46.3154],[17.2848,46.3195],[17.2831,46.3371],[17.2704,46.336],[17.2733,46.3289],[17.2697,46.3282],[17.2681,46.321],[17.2661,46.2954],[17.2691,46.2947],[17.2691,46.2908],[17.2653,46.2873],[17.2639,46.2923],[17.2654,46.2793],[17.2903,46.2864]],[[17.2955,46.2949],[17.2969,46.2947],[17.2954,46.2945],[17.2955,46.2949]]]]}},{"type":"Feature","properties":{"landuse":"farmland"},"geometry":{"type":"MultiPolygon","coordinates":[[[[17.3737,46.3014],[17.3582,46.2931],[17.3616,46.2886],[17.3672,46.2913],[17.3656,46.2882],[17.3692,46.2859],[17.3681,46.2836],[17.3651,46.2869],[17.3662,46.2806],[17.3581,46.2828],[17.3571,46.2771],[17.3481,46.2768],[17.3469,46.289],[17.3383,46.2854],[17.3419,46.2858],[17.3345,46.2917],[17.327,46.2939],[17.3247,46.2904],[17.3255,46.281],[17.332,46.2852],[17.3317,46.2757],[17.339,46.2808],[17.3385,46.2686],[17.328,46.2679],[17.3313,46.2624],[17.3453,46.2644],[17.3467,46.2617],[17.3459,46.2552],[17.3408,46.2507],[17.3251,46.2558],[17.3176,46.2521],[17.3191,46.2488],[17.3242,46.2501],[17.3228,46.2391],[17.32,46.2392],[17.3175,46.2331],[17.3154,46.2377],[17.3198,46.2263],[17.3236,46.2283],[17.3224,46.2203],[17.331,46.2198],[17.3279,46.2269],[17.3416,46.2285],[17.3421,46.2215],[17.3525,46.2205],[17.3535,46.2223],[17.3477,46.2242],[17.3463,46.2374],[17.3533,46.2372],[17.3511,46.2401],[17.3663,46.2394],[17.3652,46.2352],[17.3708,46.2393],[17.3692,46.2409],[17.3777,46.2431],[17.3838,46.2544],[17.3766,46.2653],[17.3825,46.2704],[17.3803,46.2854],[17.373,46.2844],[17.3803,46.2868],[17.3822,46.2915],[17.3787,46.2924],[17.3737,46.3014]],[[17.334,46.2803],[17.3351,46.2794],[17.3337,46.2788],[17.334,46.2803]],[[17.341,46.2833],[17.3411,46.2827],[17.3404,46.2826],[17.341,46.2833]],[[17.3354,46.2819],[17.3362,46.2811],[17.3355,46.281],[17.3354,46.2819]],[[17.3691,46.239],[17.3691,46.2391],[17.3694,46.2391],[17.3693,46.2389],[17.3691,46.239]],[[17.3531,46.2452],[17.3554,46.2422],[17.3492,46.2428],[17.3486,46.2461],[17.3531,46.2452]]],[[[17.3373,46.4068],[17.3152,46.41],[17.3157,46.4047],[17.3348,46.4002],[17.3342,46.3976],[17.3371,46.3996],[17.3508,46.3966],[17.3479,46.3908],[17.3546,46.3882],[17.3608,46.3703],[17.359,46.369],[17.3669,46.3636],[17.3691,46.3531],[17.3657,46.3514],[17.3654,46.3599],[17.3549,46.3733],[17.3527,46.3731],[17.3529,46.3643],[17.3468,46.3614],[17.3416,46.3839],[17.3509,46.3795],[17.3493,46.3858],[17.342,46.3894],[17.336,46.3831],[17.337,46.3782],[17.3248,46.3735],[17.3249,46.3624],[17.3277,46.3625],[17.3323,46.3454],[17.3255,46.3447],[17.3255,46.3379],[17.3295,46.3336],[17.3258,46.3191],[17.335,46.3227],[17.3365,46.3082],[17.3342,46.3049],[17.3262,46.3054],[17.3256,46.2967],[17.3384,46.2979],[17.3388,46.3037],[17.348,46.2917],[17.356,46.2914],[17.3484,46.2957],[17.348,46.2981],[17.3525,46.2985],[17.3568,46.2917],[17.3533,46.3155],[17.3472,46.3215],[17.3379,46.3199],[17.3373,46.3235],[17.3467,46.3244],[17.341,46.3308],[17.3385,46.3282],[17.3396,46.3327],[17.3346,46.3341],[17.3437,46.3398],[17.3417,46.3356],[17.3468,46.3359],[17.3469,46.3399],[17.3437,46.34],[17.3463,46.342],[17.344,46.3494],[17.3365,46.3514],[17.3343,46.359],[17.3434,46.3598],[17.3434,46.3557],[17.3482,46.3575],[17.3521,46.3545],[17.3547,46.3562],[17.3554,46.3518],[17.3612,46.352],[17.3495,46.3513],[17.3515,46.3431],[17.3549,46.3434],[17.3561,46.3397],[17.3514,46.3363],[17.3536,46.3333],[17.3653,46.334],[17.3617,46.3422],[17.3726,46.3443],[17.3718,46.338],[17.376,46.3319],[17.3753,46.3375],[17.3799,46.3375],[17.3798,46.3315],[17.3903,46.3312],[17.3911,46.3373],[17.4072,46.3404],[17.4071,46.3384],[17.4094,46.3477],[17.4072,46.356],[17.3976,46.3547],[17.3979,46.3602],[17.4033,46.3608],[17.4016,46.3653],[17.4108,46.3617],[17.4124,46.3915],[17.4174,46.3714],[17.4263,46.3723],[17.4279,46.38],[17.4308,46.3648],[17.4239,46.3632],[17.4242,46.3678],[17.4175,46.3645],[17.4236,46.3626],[17.4234,46.3587],[17.4122,46.3606],[17.4118,46.3394],[17.4027,46.3305],[17.408,46.3249],[17.4124,46.3313],[17.4236,46.3373],[17.4254,46.3518],[17.4322,46.3489],[17.4319,46.3375],[17.4249,46.3377],[17.4222,46.3324],[17.413,46.3297],[17.4038,46.3201],[17.4072,46.313],[17.403,46.3121],[17.4157,46.3154],[17.4094,46.3137],[17.4094,46.323],[17.411,46.3161],[17.4487,46.3247],[17.441,46.3265],[17.4471,46.3274],[17.4465,46.3355],[17.449,46.327],[17.4521,46.3274],[17.4499,46.3302],[17.452,46.3339],[17.4508,46.361],[17.4403,46.3619],[17.4372,46.3676],[17.4407,46.3674],[17.4382,46.3812],[17.434,46.3867],[17.4353,46.4007],[17.4275,46.4155],[17.4322,46.4211],[17.4324,46.4299],[17.4387,46.4312],[17.4372,46.4443],[17.4323,46.4384],[17.4322,46.4422],[17.4228,46.4424],[17.4118,46.4342],[17.4086,46.4338],[17.4076,46.4368],[17.3995,46.4355],[17.395,46.4367],[17.3818,46.4523],[17.3669,46.4539],[17.3676,46.4632],[17.3649,46.4605],[17.3548,46.4616],[17.3589,46.4468],[17.3702,46.4402],[17.3688,46.4367],[17.3735,46.4296],[17.3761,46.4165],[17.379,46.417],[17.3773,46.4228],[17.3878,46.425],[17.3939,46.419],[17.4043,46.4185],[17.4042,46.4128],[17.3865,46.4192],[17.3835,46.4144],[17.3947,46.4158],[17.3988,46.4079],[17.4087,46.4125],[17.4257,46.4103],[17.426,46.4074],[17.4139,46.3994],[17.4108,46.4018],[17.4162,46.4029],[17.4143,46.4062],[17.3953,46.406],[17.3954,46.4011],[17.3911,46.4005],[17.3913,46.3968],[17.3873,46.3967],[17.387,46.4011],[17.3711,46.3997],[17.3696,46.4047],[17.3545,46.4083],[17.3606,46.4143],[17.3602,46.4122],[17.3649,46.4131],[17.3656,46.416],[17.3734,46.4131],[17.3717,46.4222],[17.3673,46.4228],[17.3709,46.4247],[17.3699,46.429],[17.3551,46.429],[17.3556,46.4324],[17.3669,46.4351],[17.3569,46.4374],[17.3627,46.4416],[17.3561,46.4403],[17.3532,46.4442],[17.3529,46.44],[17.3504,46.4397],[17.3532,46.432],[17.3486,46.4318],[17.3488,46.4361],[17.3389,46.438],[17.3358,46.4432],[17.3276,46.4419],[17.3339,46.4447],[17.3307,46.4562],[17.3246,46.4564],[17.3236,46.4532],[17.322,46.4552],[17.3221,46.4605],[17.3284,46.4597],[17.3305,46.4638],[17.3253,46.4771],[17.3196,46.4773],[17.3186,46.4726],[17.3174,46.4795],[17.3048,46.4765],[17.3063,46.4711],[17.3144,46.4717],[17.3095,46.4684],[17.3144,46.4622],[17.3078,46.4625],[17.3087,46.4562],[17.3184,46.4548],[17.3109,46.4533],[17.3115,46.429],[17.3192,46.4319],[17.3199,46.4276],[17.3251,46.4295],[17.3205,46.4265],[17.3223,46.4211],[17.3259,46.4208],[17.3247,46.4253],[17.3271,46.427],[17.3299,46.4175],[17.3323,46.4207],[17.3347,46.4179],[17.3402,46.4186],[17.3386,46.4126],[17.3451,46.4117],[17.3425,46.4042],[17.3373,46.4068]],[[17.39,46.3493],[17.3929,46.3488],[17.3926,46.3451],[17.39,46.3493]],[[17.4136,46.318],[17.416,46.3177],[17.4135,46.3176],[17.4136,46.318]],[[17.3892,46.3591],[17.388,46.3616],[17.3928,46.3639],[17.3968,46.3608],[17.3934,46.3573],[17.3892,46.3591]],[[17.3818,46.3744],[17.3779,46.3792],[17.3824,46.3829],[17.3851,46.3751],[17.3818,46.3744]],[[17.3956,46.3842],[17.3959,46.3967],[17.4045,46.3965],[17.4073,46.3846],[17.3956,46.3842]]]]}},{"type":"Feature","properties":{"landuse":"farmland"},"geometry":{"type":"Polygon","coordinates":[[[18.5917,46.5488],[18.5926,46.5425],[18.5988,46.5428],[18.5994,46.5474],[18.5917,46.5488]]]}},{"type":"Feature","properties":{"landuse":"farmland"},"geometry":{"type":"MultiPolygon","coordinates":[[[[18.5581,46.4758],[18.5581,46.4758],[18.5582,46.4761],[18.5581,46.4758]]],[[[18.5858,46.5745],[18.5845,46.5803],[18.5744,46.5774],[18.576,46.576],[18.5667,46.5817],[18.5735,46.5737],[18.5745,46.563],[18.5675,46.571],[18.5704,46.5662],[18.5681,46.565],[18.5655,46.5706],[18.5664,46.5598],[18.558,46.5549],[18.5613,46.5471],[18.5509,46.5372],[18.5579,46.5275],[18.555,46.5243],[18.5589,46.5153],[18.5679,46.5051],[18.5785,46.5034],[18.5779,46.506],[18.582,46.5081],[18.5738,46.5222],[18.565,46.5279],[18.5668,46.5305],[18.563,46.535],[18.5776,46.5207],[18.5781,46.5249],[18.5807,46.5185],[18.5817,46.5214],[18.5879,46.5113],[18.5897,46.5124],[18.5859,46.5188],[18.5881,46.5195],[18.5819,46.5263],[18.5895,46.5203],[18.5828,46.5302],[18.5897,46.5209],[18.5849,46.5298],[18.588,46.5241],[18.5906,46.5334],[18.588,46.5336],[18.5902,46.5384],[18.583,46.5591],[18.5862,46.559],[18.5836,46.5641],[18.5856,46.5676],[18.5793,46.5676],[18.5811,46.5688],[18.5772,46.5727],[18.5827,46.5702],[18.5798,46.5741],[18.5816,46.5765],[18.5858,46.5745]],[[18.5586,46.5219],[18.5594,46.521],[18.5584,46.5206],[18.5586,46.5219]],[[18.5618,46.5184],[18.5623,46.518],[18.5605,46.5176],[18.5618,46.5184]],[[18.5757,46.5145],[18.5763,46.5138],[18.5704,46.5139],[18.5757,46.5145]],[[18.5659,46.5143],[18.5661,46.5132],[18.564,46.5126],[18.5659,46.5143]],[[18.5679,46.5138],[18.5647,46.5164],[18.5675,46.5159],[18.5679,46.5138]],[[18.5704,46.5174],[18.5744,46.515],[18.5694,46.5149],[18.5704,46.5174]],[[18.5694,46.5199],[18.5719,46.5179],[18.5681,46.5189],[18.5694,46.5199]],[[18.5764,46.5473],[18.5691,46.5578],[18.5743,46.5527],[18.5752,46.5593],[18.5786,46.5559],[18.5778,46.559],[18.5806,46.5535],[18.5775,46.5513],[18.5815,46.5455],[18.5786,46.5462],[18.5803,46.5361],[18.5704,46.5455],[18.5784,46.5385],[18.5764,46.5473]]],[[[18.565,46.5082],[18.5592,46.5132],[18.55,46.5131],[18.5577,46.5138],[18.5537,46.5225],[18.551,46.5095],[18.5451,46.5059],[18.5594,46.4808],[18.5647,46.4998],[18.5581,46.5067],[18.5649,46.503],[18.567,46.5056],[18.565,46.5082]]]]}},{"type":"Feature","properties":{"landuse":"farmland"},"geometry":{"type":"Polygon","coordinates":[[[18.6253,46.4997],[18.6381,46.4908],[18.6441,46.4813],[18.6479,46.4793],[18.6566,46.4826],[18.6483,46.4888],[18.6461,46.4959],[18.6419,46.4972],[18.6402,46.4948],[18.6253,46.4997]]]}},{"type":"Feature","properties":{"landuse":"farmland"},"geometry":{"type":"Polygon","coordinates":[[[18.5935,46.5334],[18.5915,46.5163],[18.6084,46.5068],[18.6001,46.5131],[18.5981,46.5314],[18.5951,46.5302],[18.5935,46.5334]]]}},{"type":"Feature","properties":{"landuse":"farmland"},"geometry":{"type":"Polygon","coordinates":[[[18.6667,46.4786],[18.6597,46.4805],[18.6574,46.477],[18.6525,46.4774],[18.6642,46.4561],[18.6797,46.4606],[18.6762,46.4677],[18.679,46.4697],[18.6672,46.4743],[18.6697,46.4751],[18.6667,46.4786]],[[18.6624,46.479],[18.6626,46.4787],[18.6623,46.4785],[18.6624,46.479]],[[18.6619,46.4784],[18.6627,46.4779],[18.6622,46.4776],[18.6619,46.4784]],[[18.6622,46.4774],[18.6625,46.4773],[18.6622,46.4769],[18.6619,46.4771],[18.6622,46.4774]],[[18.6677,46.4676],[18.6681,46.4618],[18.6727,46.4634],[18.6685,46.4604],[18.6669,46.4645],[18.6583,46.4679],[18.6658,46.4704],[18.6648,46.468],[18.6677,46.4676]]]}},{"type":"Feature","properties":{"landuse":"vineyard"},"geometry":{"type":"Polygon","coordinates":[[[18.6562,46.3797],[18.6586,46.3821],[18.6692,46.3799],[18.6635,46.3864],[18.6463,46.3829],[18.6459,46.3807],[18.6562,46.3797]]]}},{"type":"Feature","properties":{"landuse":"vineyard"},"geometry":{"type":"Polygon","coordinates":[[[18.1583,46.0645],[18.1625,46.0678],[18.1569,46.0737],[18.1536,46.0721],[18.1548,46.0683],[18.159,46.0695],[18.1562,46.0657],[18.1583,46.0645]]]}},{"type":"Feature","properties":{"landuse":"farmland"},"geometry":{"type":"Polygon","coordinates":[[[18.1527,46.3919],[18.1568,46.3945],[18.1517,46.3972],[18.147,46.3918],[18.1527,46.3919]]]}},{"type":"Feature","properties":{"landuse":"green_public_spaces"},"geometry":{"type":"Polygon","coordinates":[[[18.141,46.3799],[18.1425,46.3802],[18.141,46.383],[18.141,46.3799]]]}},{"type":"Feature","properties":{"landuse":"farmland"},"geometry":{"type":"MultiPolygon","coordinates":[[[[17.6717,46.0194],[17.6775,46.0152],[17.707,46.0236],[17.706,46.0279],[17.6934,46.0279],[17.7069,46.0293],[17.7089,46.0323],[17.7003,46.0309],[17.6991,46.0335],[17.7019,46.0341],[17.7038,46.0408],[17.6991,46.0459],[17.7012,46.0482],[17.6993,46.0541],[17.6966,46.0539],[17.7002,46.056],[17.6931,46.0566],[17.6929,46.0604],[17.6991,46.0605],[17.6952,46.0661],[17.6701,46.0623],[17.6702,46.0598],[17.6693,46.0622],[17.6565,46.0607],[17.6605,46.0525],[17.6552,46.056],[17.6569,46.0423],[17.6595,46.0427],[17.6582,46.0484],[17.6638,46.0344],[17.6612,46.0292],[17.6654,46.0263],[17.6669,46.0179],[17.671,46.0216],[17.6717,46.0194]],[[17.667,46.0326],[17.6683,46.0344],[17.6684,46.0329],[17.667,46.0326]]],[[[17.7085,46.0348],[17.7065,46.0342],[17.7089,46.0339],[17.7085,46.0348]]],[[[17.7046,46.0323],[17.7055,46.0324],[17.704,46.0347],[17.7046,46.0323]]],[[[17.6739,46.0142],[17.6674,46.0179],[17.6707,46.0134],[17.6739,46.0142]]]]}},{"type":"Feature","properties":{"landuse":"orchard"},"geometry":{"type":"Polygon","coordinates":[[[17.85,46.3684],[17.8467,46.3684],[17.851,46.3662],[17.85,46.3684]]]}},{"type":"Feature","properties":{"landuse":"farmland"},"geometry":{"type":"Polygon","coordinates":[[[17.1423,46.2804],[17.1378,46.2777],[17.132,46.2797],[17.1324,46.2755],[17.1511,46.2748],[17.1577,46.2866],[17.1476,46.2887],[17.1474,46.2809],[17.1402,46.2834],[17.1423,46.2804]]]}},{"type":"Feature","properties":{"landuse":"farmland"},"geometry":{"type":"Polygon","coordinates":[[[16.9431,46.3359],[16.9407,46.3297],[16.9443,46.3319],[16.9431,46.3359]]]}},{"type":"Feature","properties":{"landuse":"farmland"},"geometry":{"type":"Polygon","coordinates":[[[17.179,46.4548],[17.176,46.4551],[17.1703,46.4462],[17.1746,46.4457],[17.1744,46.4402],[17.1691,46.4384],[17.1693,46.4319],[17.1756,46.4318],[17.1779,46.4381],[17.181,46.4383],[17.1829,46.4475],[17.179,46.4548]]]}},{"type":"Feature","properties":{"landuse":"farmland"},"geometry":{"type":"Polygon","coordinates":[[[16.9203,46.3353],[16.9225,46.3348],[16.9229,46.3366],[16.9203,46.3353]]]}},{"type":"Feature","properties":{"landuse":"farmland"},"geometry":{"type":"MultiPolygon","coordinates":[[[[17.2833,46.409],[17.2795,46.4059],[17.2792,46.4022],[17.2833,46.409]]],[[[17.2732,46.3706],[17.2707,46.3493],[17.2846,46.3481],[17.2873,46.355],[17.3036,46.3554],[17.3031,46.3578],[17.2892,46.3583],[17.2885,46.363],[17.2791,46.3645],[17.2777,46.3681],[17.2889,46.3643],[17.2936,46.3683],[17.3042,46.3669],[17.3042,46.3711],[17.3002,46.3689],[17.2981,46.3788],[17.2946,46.3788],[17.295,46.3856],[17.2975,46.3857],[17.2962,46.4082],[17.29,46.4075],[17.2905,46.4008],[17.2897,46.4069],[17.2891,46.4044],[17.289,46.4068],[17.2833,46.4063],[17.2878,46.3872],[17.2858,46.3853],[17.2818,46.3946],[17.2791,46.385],[17.2808,46.3778],[17.278,46.3785],[17.2732,46.3706]]]]}},{"type":"Feature","properties":{"landuse":"farmland"},"geometry":{"type":"Polygon","coordinates":[[[17.469,45.9485],[17.4736,45.9465],[17.4754,45.9487],[17.4669,45.9478],[17.469,45.9485]]]}},{"type":"Feature","properties":{"landuse":"farmland"},"geometry":{"type":"Polygon","coordinates":[[[17.4877,45.9583],[17.4917,45.9588],[17.4908,45.9599],[17.4877,45.9583]]]}},{"type":"Feature","properties":{"landuse":"farmland"},"geometry":{"type":"Polygon","coordinates":[[[17.2131,46.416],[17.2107,46.4277],[17.2134,46.4264],[17.2133,46.4294],[17.2105,46.4291],[17.2096,46.4359],[17.2118,46.436],[17.2056,46.4372],[17.2049,46.441],[17.2091,46.4388],[17.2072,46.49],[17.1981,46.4817],[17.1934,46.4867],[17.1907,46.4853],[17.1915,46.475],[17.1961,46.4687],[17.1993,46.4686],[17.201,46.4733],[17.1999,46.48],[17.2021,46.4762],[17.2034,46.4613],[17.1936,46.4453],[17.2006,46.424],[17.207,46.4249],[17.2083,46.422],[17.2077,46.3944],[17.2048,46.3943],[17.2058,46.3903],[17.2027,46.3895],[17.2047,46.3876],[17.212,46.3872],[17.2131,46.3973],[17.2147,46.3891],[17.2237,46.3941],[17.2226,46.4033],[17.2131,46.416]]]}},{"type":"Feature","properties":{"landuse":"farmland"},"geometry":{"type":"Polygon","coordinates":[[[17.1345,46.3052],[17.1335,46.3006],[17.145,46.3011],[17.1442,46.3046],[17.1398,46.3049],[17.1407,46.3023],[17.1345,46.3052]]]}},{"type":"Feature","properties":{"landuse":"farmland"},"geometry":{"type":"Polygon","coordinates":[[[17.1534,46.32],[17.1535,46.3178],[17.1591,46.3238],[17.1587,46.3149],[17.1647,46.3152],[17.1658,46.3242],[17.1636,46.3182],[17.16,46.3177],[17.1622,46.3284],[17.1547,46.3253],[17.1572,46.3274],[17.1522,46.3321],[17.1541,46.3363],[17.1441,46.3331],[17.1531,46.3297],[17.1534,46.32]]]}},{"type":"Feature","properties":{"landuse":"farmland"},"geometry":{"type":"Polygon","coordinates":[[[17.2982,46.4093],[17.2967,46.3979],[17.304,46.4018],[17.3048,46.4099],[17.3022,46.4106],[17.2996,46.4061],[17.2982,46.4093]]]}},{"type":"Feature","properties":{"landuse":"farmland"},"geometry":{"type":"Polygon","coordinates":[[[16.9145,46.3156],[16.9162,46.3222],[16.9124,46.3189],[16.9145,46.3156]]]}},{"type":"Feature","properties":{"landuse":"farmland"},"geometry":{"type":"Polygon","coordinates":[[[17.1873,46.4351],[17.1935,46.4447],[17.1872,46.4553],[17.1835,46.4497],[17.1845,46.4401],[17.1868,46.44],[17.1848,46.436],[17.1873,46.4351]]]}},{"type":"Feature","properties":{"landuse":"farmland"},"geometry":{"type":"Polygon","coordinates":[[[17.194,46.4193],[17.1961,46.4035],[17.1995,46.4037],[17.1998,46.3998],[17.2006,46.4102],[17.1987,46.4092],[17.1975,46.419],[17.194,46.4193]]]}},{"type":"Feature","properties":{"landuse":"farmland"},"geometry":{"type":"Polygon","coordinates":[[[17.1454,46.3235],[17.1488,46.3135],[17.154,46.3126],[17.1518,46.3243],[17.1454,46.3235]]]}},{"type":"Feature","properties":{"landuse":"farmland"},"geometry":{"type":"Polygon","coordinates":[[[16.9742,46.3313],[16.9743,46.3246],[16.98,46.3355],[16.9875,46.3364],[16.9908,46.3421],[16.9867,46.3454],[16.9885,46.3465],[16.9804,46.3491],[16.9845,46.3431],[16.9793,46.3442],[16.9742,46.3313]]]}},{"type":"Feature","properties":{"landuse":"farmland"},"geometry":{"type":"MultiPolygon","coordinates":[[[[17.0997,46.246],[17.0986,46.2479],[17.0943,46.2457],[17.0997,46.246]]],[[[17.0958,46.248],[17.0963,46.2473],[17.0985,46.2481],[17.0958,46.248]]],[[[17.1003,46.2459],[17.0964,46.2423],[17.1018,46.2403],[17.095,46.2413],[17.0902,46.2295],[17.0869,46.2313],[17.0856,46.2278],[17.0896,46.2237],[17.101,46.2229],[17.1051,46.2255],[17.1037,46.2302],[17.1068,46.2297],[17.1063,46.2244],[17.1107,46.228],[17.1093,46.2237],[17.1174,46.2198],[17.1185,46.2228],[17.1221,46.2218],[17.1223,46.2265],[17.1193,46.2265],[17.1224,46.2284],[17.1232,46.2367],[17.1183,46.2374],[17.1166,46.2344],[17.1114,46.2385],[17.1087,46.2358],[17.1016,46.2371],[17.102,46.2423],[17.1066,46.2417],[17.1003,46.2459]],[[17.111,46.2281],[17.1116,46.2326],[17.1112,46.2295],[17.112,46.2296],[17.111,46.2281]]],[[[17.0841,46.2324],[17.0895,46.2323],[17.0948,46.2475],[17.0832,46.2543],[17.0799,46.2487],[17.0842,46.2427],[17.0841,46.2324]],[[17.0847,46.2337],[17.085,46.2338],[17.0849,46.2337],[17.0847,46.2337]],[[17.0846,46.2329],[17.0853,46.233],[17.0851,46.2328],[17.0846,46.2329]],[[17.0863,46.2332],[17.087,46.2338],[17.0878,46.2331],[17.0863,46.2332]]]]}},{"type":"Feature","properties":{"landuse":"farmland"},"geometry":{"type":"Polygon","coordinates":[[[17.2412,46.3963],[17.2456,46.3955],[17.248,46.3996],[17.2477,46.3936],[17.2506,46.3934],[17.2494,46.4033],[17.2558,46.4034],[17.2539,46.4265],[17.2607,46.4155],[17.2598,46.4296],[17.262,46.4314],[17.2591,46.4357],[17.2559,46.4357],[17.2556,46.4313],[17.2418,46.426],[17.2427,46.4228],[17.2467,46.4256],[17.2492,46.4168],[17.2486,46.4069],[17.2469,46.4033],[17.2415,46.4038],[17.2412,46.3963]]]}},{"type":"Feature","properties":{"landuse":"orchard"},"geometry":{"type":"Polygon","coordinates":[[[17.2645,46.4085],[17.2627,46.4052],[17.2603,46.4135],[17.2564,46.4111],[17.2579,46.3998],[17.2525,46.4],[17.2517,46.3929],[17.2595,46.397],[17.2609,46.3934],[17.264,46.3935],[17.2651,46.3974],[17.274,46.3942],[17.2698,46.4103],[17.2645,46.4085]]]}},{"type":"Feature","properties":{"landuse":"orchard"},"geometry":{"type":"Polygon","coordinates":[[[16.9152,46.3307],[16.9181,46.3355],[16.9129,46.3357],[16.9112,46.3324],[16.9152,46.3307]]]}},{"type":"Feature","properties":{"landuse":"vineyard"},"geometry":{"type":"Polygon","coordinates":[[[16.9106,46.3374],[16.9046,46.3335],[16.9107,46.3422],[16.9048,46.3457],[16.9037,46.3422],[16.9064,46.341],[16.901,46.3338],[16.9057,46.3349],[16.9011,46.3272],[16.9092,46.3269],[16.913,46.3354],[16.9106,46.3374]]]}},{"type":"Feature","properties":{"landuse":"farmland"},"geometry":{"type":"Polygon","coordinates":[[[17.1442,46.5469],[17.1365,46.5456],[17.1445,46.5448],[17.1442,46.5469]]]}},{"type":"Feature","properties":{"landuse":"farmland"},"geometry":{"type":"Polygon","coordinates":[[[17.1514,46.5479],[17.159,46.5469],[17.1607,46.5493],[17.1544,46.5518],[17.1494,46.5495],[17.1541,46.5576],[17.1494,46.5514],[17.1559,46.5544],[17.156,46.5585],[17.1408,46.5514],[17.1425,46.547],[17.1456,46.5516],[17.1447,46.5475],[17.1514,46.5479]]]}},{"type":"Feature","properties":{"landuse":"farmland"},"geometry":{"type":"Polygon","coordinates":[[[17.1386,46.539],[17.136,46.5458],[17.1304,46.5393],[17.1413,46.5334],[17.1524,46.5407],[17.1386,46.539]]]}},{"type":"Feature","properties":{"landuse":"farmland"},"geometry":{"type":"Polygon","coordinates":[[[17.1278,46.5342],[17.1276,46.5242],[17.1356,46.5343],[17.1338,46.5278],[17.1399,46.5312],[17.1329,46.539],[17.1278,46.5342]]]}},{"type":"Feature","properties":{"landuse":"green_public_spaces"},"geometry":{"type":"Polygon","coordinates":[[[18.0488,46.911],[18.0445,46.9112],[18.0452,46.9101],[18.0488,46.911]]]}},{"type":"Feature","properties":{"landuse":"orchard"},"geometry":{"type":"Polygon","coordinates":[[[17.5108,46.3603],[17.5137,46.3609],[17.5143,46.3666],[17.5076,46.3656],[17.5108,46.3603]]]}},{"type":"Feature","properties":{"landuse":"farmland"},"geometry":{"type":"Polygon","coordinates":[[[18.1331,46.3857],[18.1369,46.3884],[18.1338,46.3884],[18.1331,46.3857]]]}},{"type":"Feature","properties":{"landuse":"farmland"},"geometry":{"type":"MultiPolygon","coordinates":[[[[18.0424,46.726],[18.0418,46.7258],[18.0423,46.7254],[18.0424,46.726]]],[[[18.0392,46.7247],[18.0401,46.7232],[18.0434,46.7241],[18.0392,46.7247]]]]}},{"type":"Feature","properties":{"landuse":"vineyard"},"geometry":{"type":"MultiPolygon","coordinates":[[[[18.0513,46.7211],[18.048,46.7212],[18.0505,46.7225],[18.047,46.7281],[18.0449,46.7266],[18.0401,46.7304],[18.0456,46.7178],[18.0513,46.7211]],[[18.0437,46.7251],[18.0446,46.7254],[18.0451,46.7246],[18.0437,46.7251]]],[[[18.0395,46.7255],[18.0403,46.7269],[18.0378,46.7261],[18.0395,46.7255]]]]}},{"type":"Feature","properties":{"landuse":"vineyard"},"geometry":{"type":"MultiPolygon","coordinates":[[[[18.0404,46.7211],[18.0403,46.7195],[18.041,46.7211],[18.0404,46.7211]]],[[[18.0392,46.7192],[18.039,46.7191],[18.0395,46.7188],[18.0392,46.7192]]],[[[18.0442,46.7203],[18.0427,46.7201],[18.0428,46.7199],[18.0442,46.7203]]],[[[18.0429,46.7189],[18.0442,46.7191],[18.0441,46.7192],[18.0429,46.7189]]],[[[18.043,46.7193],[18.043,46.7191],[18.0445,46.7195],[18.043,46.7193]]],[[[18.0429,46.7185],[18.0411,46.7166],[18.045,46.7185],[18.0429,46.7185]]]]}},{"type":"Feature","properties":{"landuse":"farmland"},"geometry":{"type":"Polygon","coordinates":[[[18.0729,46.7557],[18.0702,46.7595],[18.0531,46.757],[18.057,46.7498],[18.0643,46.7489],[18.0691,46.7512],[18.0672,46.7538],[18.0729,46.7557]]]}},{"type":"Feature","properties":{"landuse":"farmland"},"geometry":{"type":"Polygon","coordinates":[[[18.1559,46.8844],[18.1559,46.8829],[18.1589,46.8827],[18.1559,46.8844]]]}},{"type":"Feature","properties":{"landuse":"farmland"},"geometry":{"type":"Polygon","coordinates":[[[18.1614,46.8854],[18.1621,46.8871],[18.1585,46.8855],[18.1614,46.8854]]]}},{"type":"Feature","properties":{"landuse":"farmland"},"geometry":{"type":"Polygon","coordinates":[[[17.9929,46.087],[17.992,46.0837],[17.9956,46.0853],[17.9929,46.087]]]}},{"type":"Feature","properties":{"landuse":"farmland"},"geometry":{"type":"Polygon","coordinates":[[[18.1277,46.0724],[18.1344,46.0727],[18.1302,46.075],[18.1277,46.0724]]]}},{"type":"Feature","properties":{"landuse":"farmland"},"geometry":{"type":"Polygon","coordinates":[[[18.1164,46.0612],[18.1151,46.0627],[18.1146,46.0607],[18.1164,46.0612]]]}},{"type":"Feature","properties":{"landuse":"farmland"},"geometry":{"type":"Polygon","coordinates":[[[18.1442,46.0618],[18.1376,46.0613],[18.1432,46.0602],[18.1442,46.0618]]]}},{"type":"Feature","properties":{"landuse":"farmland"},"geometry":{"type":"Polygon","coordinates":[[[18.1291,46.0542],[18.1333,46.0515],[18.1426,46.0582],[18.1291,46.0542]]]}},{"type":"Feature","properties":{"landuse":"farmland"},"geometry":{"type":"Polygon","coordinates":[[[18.1301,46.0634],[18.1335,46.0615],[18.1329,46.0645],[18.1301,46.0634]]]}},{"type":"Feature","properties":{"landuse":"green_public_spaces"},"geometry":{"type":"Polygon","coordinates":[[[18.183,46.0626],[18.181,46.06],[18.1863,46.0638],[18.183,46.0626]]]}},{"type":"Feature","properties":{"landuse":"farmland"},"geometry":{"type":"Polygon","coordinates":[[[18.1864,46.0444],[18.1981,46.0494],[18.1981,46.0583],[18.1757,46.0564],[18.1648,46.0609],[18.1682,46.0593],[18.1631,46.0535],[18.1687,46.0498],[18.1665,46.0458],[18.1828,46.0433],[18.1885,46.046],[18.1864,46.0444]],[[18.1844,46.0559],[18.1843,46.0578],[18.1876,46.0578],[18.1844,46.0559]],[[18.1885,46.0566],[18.1895,46.0575],[18.1897,46.0567],[18.1885,46.0566]],[[18.1745,46.0459],[18.1754,46.0473],[18.1776,46.0467],[18.1745,46.0459]]]}},{"type":"Feature","properties":{"landuse":"farmland"},"geometry":{"type":"Polygon","coordinates":[[[18.1815,46.0612],[18.1756,46.0626],[18.1769,46.0602],[18.1815,46.0612]]]}},{"type":"Feature","properties":{"landuse":"farmland"},"geometry":{"type":"MultiPolygon","coordinates":[[[[18.2074,46.0544],[18.2027,46.0538],[18.1994,46.0475],[18.2037,46.0481],[18.2074,46.0544]]],[[[18.21,46.0504],[18.2033,46.0476],[18.2082,46.047],[18.21,46.0504]]]]}},{"type":"Feature","properties":{"landuse":"green_public_spaces"},"geometry":{"type":"Polygon","coordinates":[[[18.2119,46.0442],[18.2131,46.0465],[18.2115,46.0459],[18.2119,46.0442]]]}},{"type":"Feature","properties":{"landuse":"farmland"},"geometry":{"type":"Polygon","coordinates":[[[18.0884,46.9098],[18.0886,46.9079],[18.0908,46.9094],[18.0884,46.9098]]]}},{"type":"Feature","properties":{"landuse":"farmland"},"geometry":{"type":"Polygon","coordinates":[[[18.0925,46.91],[18.1081,46.9173],[18.0999,46.9224],[18.0911,46.9165],[18.0942,46.9133],[18.0925,46.91]]]}},{"type":"Feature","properties":{"landuse":"orchard"},"geometry":{"type":"Polygon","coordinates":[[[18.1059,46.9185],[18.1037,46.9188],[18.1051,46.9178],[18.1059,46.9185]]]}},{"type":"Feature","properties":{"landuse":"green_public_spaces"},"geometry":{"type":"Polygon","coordinates":[[[18.2459,46.0749],[18.2471,46.0756],[18.2449,46.0763],[18.2459,46.0749]]]}},{"type":"Feature","properties":{"landuse":"farmland"},"geometry":{"type":"Polygon","coordinates":[[[18.2633,46.0725],[18.2635,46.0705],[18.2645,46.0723],[18.2633,46.0725]]]}},{"type":"Feature","properties":{"landuse":"green_public_spaces"},"geometry":{"type":"Polygon","coordinates":[[[18.2488,46.0766],[18.2465,46.0768],[18.2471,46.0756],[18.2488,46.0766]]]}},{"type":"Feature","properties":{"landuse":"farmland"},"geometry":{"type":"Polygon","coordinates":[[[17.4156,46.6439],[17.4194,46.6436],[17.42,46.648],[17.4156,46.6475],[17.4156,46.6439]],[[17.4175,46.6477],[17.4186,46.6479],[17.4184,46.6476],[17.4175,46.6477]]]}},{"type":"Feature","properties":{"landuse":"vineyard"},"geometry":{"type":"Polygon","coordinates":[[[18.6867,46.3403],[18.6858,46.3391],[18.6876,46.339],[18.6867,46.3403]]]}},{"type":"Feature","properties":{"landuse":"vineyard"},"geometry":{"type":"Polygon","coordinates":[[[18.6862,46.3411],[18.6834,46.3414],[18.6845,46.3396],[18.6862,46.3411]]]}},{"type":"Feature","properties":{"landuse":"vineyard"},"geometry":{"type":"Polygon","coordinates":[[[18.6876,46.339],[18.6923,46.342],[18.6863,46.3412],[18.6876,46.339]]]}},{"type":"Feature","properties":{"landuse":"vineyard"},"geometry":{"type":"Polygon","coordinates":[[[18.2409,46.087],[18.2424,46.0883],[18.2411,46.0884],[18.2409,46.087]]]}},{"type":"Feature","properties":{"landuse":"farmland"},"geometry":{"type":"Polygon","coordinates":[[[18.2474,46.0052],[18.2433,46.0082],[18.2482,45.9991],[18.2514,45.9999],[18.2495,46.0098],[18.2474,46.0052]]]}},{"type":"Feature","properties":{"landuse":"orchard"},"geometry":{"type":"Polygon","coordinates":[[[18.2474,46.0052],[18.245,46.0109],[18.2391,46.0095],[18.2413,46.0013],[18.2456,46.0025],[18.2422,46.008],[18.2474,46.0052]]]}},{"type":"Feature","properties":{"landuse":"orchard"},"geometry":{"type":"Polygon","coordinates":[[[18.2474,46.0052],[18.2483,46.0113],[18.2459,46.0111],[18.2474,46.0052]]]}},{"type":"Feature","properties":{"landuse":"farmland"},"geometry":{"type":"Polygon","coordinates":[[[18.3662,46.3434],[18.3684,46.3446],[18.3637,46.3446],[18.3662,46.3434]]]}},{"type":"Feature","properties":{"landuse":"farmland"},"geometry":{"type":"Polygon","coordinates":[[[18.3743,46.3525],[18.3755,46.3558],[18.3673,46.355],[18.3681,46.3524],[18.3664,46.3563],[18.3515,46.3601],[18.3562,46.3459],[18.3595,46.3465],[18.355,46.3571],[18.3617,46.3454],[18.3679,46.3456],[18.3594,46.3524],[18.3597,46.3566],[18.3674,46.3521],[18.3699,46.3451],[18.372,46.3484],[18.3693,46.3473],[18.3677,46.3517],[18.3714,46.3489],[18.3743,46.3525]],[[18.3727,46.3496],[18.3725,46.3494],[18.3723,46.3496],[18.3727,46.3496]]]}},{"type":"Feature","properties":{"landuse":"farmland"},"geometry":{"type":"Polygon","coordinates":[[[18.3674,46.349],[18.3658,46.3508],[18.364,46.3507],[18.3674,46.349]]]}},{"type":"Feature","properties":{"landuse":"farmland"},"geometry":{"type":"Polygon","coordinates":[[[18.366,46.3431],[18.3616,46.3416],[18.3672,46.3356],[18.3701,46.3436],[18.366,46.3431]]]}},{"type":"Feature","properties":{"landuse":"green_public_spaces"},"geometry":{"type":"Polygon","coordinates":[[[17.3635,46.2281],[17.3662,46.2288],[17.3629,46.2293],[17.3635,46.2281]]]}},{"type":"Feature","properties":{"landuse":"farmland"},"geometry":{"type":"Polygon","coordinates":[[[18.3479,46.1559],[18.3508,46.1556],[18.3499,46.1599],[18.3479,46.1559]],[[18.3501,46.1565],[18.3505,46.1566],[18.3507,46.1561],[18.3501,46.1565]]]}},{"type":"Feature","properties":{"landuse":"farmland"},"geometry":{"type":"MultiPolygon","coordinates":[[[[18.3121,46.0982],[18.307,46.0944],[18.3121,46.0877],[18.3231,46.0859],[18.3185,46.0896],[18.3252,46.0898],[18.3234,46.093],[18.3273,46.0905],[18.3379,46.0914],[18.3367,46.0942],[18.3469,46.0993],[18.3517,46.0895],[18.3473,46.0862],[18.3448,46.0947],[18.3419,46.0938],[18.3428,46.0893],[18.3549,46.0757],[18.3522,46.0761],[18.353,46.0725],[18.3621,46.0616],[18.3625,46.0552],[18.3709,46.0512],[18.3719,46.0617],[18.3621,46.0734],[18.3677,46.0699],[18.363,46.0842],[18.365,46.092],[18.3567,46.1097],[18.3591,46.1107],[18.3529,46.1175],[18.3618,46.1186],[18.3598,46.1291],[18.3487,46.1261],[18.3502,46.1153],[18.3449,46.1043],[18.3292,46.106],[18.3292,46.1088],[18.3333,46.1094],[18.3416,46.1067],[18.3374,46.11],[18.3412,46.1121],[18.334,46.112],[18.33,46.1171],[18.3325,46.1186],[18.3244,46.1208],[18.3318,46.1259],[18.3367,46.1202],[18.3393,46.1206],[18.3371,46.1229],[18.3412,46.1226],[18.3423,46.1314],[18.3408,46.1334],[18.3414,46.1283],[18.3365,46.1428],[18.3374,46.1493],[18.3325,46.1488],[18.3358,46.1358],[18.3338,46.1295],[18.3301,46.1292],[18.3317,46.1265],[18.3285,46.1292],[18.3225,46.1247],[18.3199,46.1267],[18.3148,46.124],[18.3175,46.1201],[18.3218,46.1229],[18.3244,46.1114],[18.3183,46.1091],[18.3218,46.1009],[18.3182,46.1043],[18.3125,46.1042],[18.309,46.1022],[18.3121,46.0982]]],[[[18.367,46.1321],[18.3693,46.1355],[18.3657,46.1344],[18.367,46.1321]]],[[[18.3679,46.132],[18.3663,46.1316],[18.3674,46.1293],[18.3679,46.132]]],[[[18.361,46.1299],[18.3642,46.125],[18.3675,46.128],[18.366,46.1315],[18.361,46.1299]]],[[[18.3673,46.0906],[18.3679,46.0887],[18.3687,46.091],[18.3673,46.0906]]],[[[18.3608,46.1302],[18.3657,46.1318],[18.3652,46.1343],[18.3611,46.1342],[18.3608,46.1302]]],[[[18.3585,46.1324],[18.3594,46.1343],[18.3566,46.1338],[18.3585,46.1324]]],[[[18.3523,46.1434],[18.3503,46.1429],[18.3539,46.135],[18.3596,46.1351],[18.3599,46.1405],[18.3523,46.1434]]],[[[18.3487,46.1242],[18.3484,46.1207],[18.3505,46.1216],[18.3487,46.1242]]],[[[18.3481,46.1205],[18.3485,46.1257],[18.3455,46.1228],[18.3481,46.1205]]],[[[18.3464,46.1268],[18.3449,46.1251],[18.3477,46.1259],[18.3464,46.1268]]],[[[18.3477,46.1453],[18.3467,46.142],[18.3487,46.1437],[18.3477,46.1453]]],[[[18.3269,46.1287],[18.3257,46.1293],[18.3255,46.1283],[18.3269,46.1287]]],[[[18.3351,46.1585],[18.3393,46.1645],[18.3341,46.1632],[18.3351,46.1585]]],[[[18.3355,46.1542],[18.3349,46.1515],[18.3374,46.1505],[18.3355,46.1542]]],[[[18.3348,46.155],[18.3341,46.1548],[18.3353,46.1547],[18.3348,46.155]]],[[[18.3352,46.1555],[18.3347,46.1577],[18.3329,46.1555],[18.3352,46.1555]]],[[[18.3409,46.1694],[18.3418,46.1671],[18.3433,46.1689],[18.3409,46.1694]]],[[[18.3364,46.1544],[18.3373,46.1549],[18.3364,46.1561],[18.3364,46.1544]]],[[[18.3421,46.162],[18.3418,46.1657],[18.3398,46.1619],[18.3421,46.162]]],[[[18.3426,46.1631],[18.3447,46.1633],[18.3429,46.1646],[18.3426,46.1631]]],[[[18.3446,46.1652],[18.3433,46.166],[18.3426,46.1649],[18.3446,46.1652]]],[[[18.3421,46.1615],[18.3363,46.1597],[18.3381,46.1547],[18.343,46.1543],[18.3421,46.1615]],[[18.3414,46.1608],[18.3414,46.1611],[18.3421,46.1608],[18.3414,46.1608]]],[[[18.3413,46.1519],[18.3389,46.1526],[18.3402,46.1493],[18.3413,46.1519]]],[[[18.3385,46.1488],[18.3397,46.1485],[18.3383,46.1495],[18.3385,46.1488]]],[[[18.3547,46.1283],[18.3584,46.1294],[18.3566,46.1323],[18.3547,46.1283]]],[[[18.3541,46.1281],[18.3549,46.132],[18.3489,46.1375],[18.3496,46.1442],[18.3486,46.1264],[18.3541,46.1281]]],[[[18.3472,46.1394],[18.3454,46.1405],[18.3431,46.1351],[18.3467,46.1272],[18.3472,46.1394]]]]}},{"type":"Feature","properties":{"landuse":"farmland"},"geometry":{"type":"MultiPolygon","coordinates":[[[[18.3443,46.1552],[18.3451,46.1545],[18.3449,46.157],[18.3443,46.1552]]],[[[18.3461,46.146],[18.3441,46.1505],[18.3428,46.1442],[18.3461,46.146]]],[[[18.3465,46.1523],[18.3443,46.1511],[18.3466,46.1476],[18.3465,46.1523]]]]}},{"type":"Feature","properties":{"landuse":"orchard"},"geometry":{"type":"Polygon","coordinates":[[[18.3759,46.0125],[18.3856,46.0065],[18.3893,46.0121],[18.3819,46.0172],[18.3759,46.0125]]]}},{"type":"Feature","properties":{"landuse":"farmland"},"geometry":{"type":"MultiPolygon","coordinates":[[[[18.4079,45.9948],[18.412,45.9946],[18.4112,45.9955],[18.4079,45.9948]]],[[[18.4144,45.9981],[18.4142,46.0047],[18.4161,45.9988],[18.4171,46.0011],[18.4133,46.0069],[18.4053,46.0069],[18.4085,46.0036],[18.405,46.0052],[18.4028,46.0026],[18.4012,46.0073],[18.3981,46.009],[18.3972,46.0069],[18.3936,46.0108],[18.3884,46.0049],[18.4024,45.9963],[18.4144,45.9981]]],[[[18.419,46.0044],[18.4139,46.0068],[18.4174,45.9987],[18.419,46.0044]]]]}},{"type":"Feature","properties":{"landuse":"farmland"},"geometry":{"type":"MultiPolygon","coordinates":[[[[18.4072,46.0131],[18.4048,46.0133],[18.4069,46.0107],[18.405,46.0095],[18.412,46.0069],[18.4071,46.0082],[18.4072,46.0131]]],[[[18.4076,46.0168],[18.4091,46.0091],[18.4108,46.0107],[18.4076,46.0168]]],[[[18.3759,46.0125],[18.3819,46.0172],[18.375,46.0164],[18.3732,46.0143],[18.3759,46.0125]]],[[[18.3413,46.0391],[18.3389,46.0376],[18.344,46.0325],[18.348,46.0352],[18.3413,46.0391]]],[[[18.4023,46.0135],[18.3989,46.0151],[18.4047,46.0141],[18.4038,46.0182],[18.3907,46.0222],[18.3895,46.0199],[18.3709,46.0362],[18.3708,46.0323],[18.3672,46.037],[18.3683,46.0337],[18.3571,46.0329],[18.3502,46.0389],[18.3498,46.035],[18.3446,46.0326],[18.372,46.0149],[18.3742,46.0173],[18.3706,46.0207],[18.3775,46.0192],[18.3767,46.0239],[18.3791,46.0239],[18.39,46.0162],[18.3887,46.0197],[18.3918,46.0132],[18.3906,46.0193],[18.3931,46.013],[18.4031,46.0112],[18.4023,46.0135]],[[18.3914,46.0195],[18.3964,46.0182],[18.3931,46.019],[18.3965,46.0143],[18.3914,46.0195]]]]}},{"type":"Feature","properties":{"landuse":"farmland"},"geometry":{"type":"MultiPolygon","coordinates":[[[[18.3944,46.0274],[18.3931,46.0278],[18.3985,46.0253],[18.3944,46.0274]]],[[[18.4061,46.0207],[18.3986,46.0226],[18.4067,46.019],[18.4061,46.0207]]],[[[18.4047,46.0219],[18.3992,46.0249],[18.3985,46.0233],[18.4047,46.0219]]]]}},{"type":"Feature","properties":{"landuse":"farmland"},"geometry":{"type":"Polygon","coordinates":[[[18.0267,46.739],[18.0209,46.7472],[18.0185,46.746],[18.0223,46.7397],[18.0267,46.739]]]}},{"type":"Feature","properties":{"landuse":"orchard"},"geometry":{"type":"Polygon","coordinates":[[[16.9619,46.3222],[16.9649,46.3216],[16.9613,46.3241],[16.9619,46.3222]]]}},{"type":"Feature","properties":{"landuse":"green_public_spaces"},"geometry":{"type":"Polygon","coordinates":[[[18.2786,46.6166],[18.2772,46.6173],[18.2769,46.6127],[18.2786,46.6166]]]}},{"type":"Feature","properties":{"landuse":"green_public_spaces"},"geometry":{"type":"Polygon","coordinates":[[[18.297,45.8527],[18.2944,45.8546],[18.2937,45.8524],[18.297,45.8527]],[[18.2951,45.852],[18.2951,45.8526],[18.2961,45.8524],[18.2951,45.852]]]}},{"type":"Feature","properties":{"landuse":"farmland"},"geometry":{"type":"Polygon","coordinates":[[[17.7389,46.3582],[17.7403,46.3568],[17.7397,46.3596],[17.7389,46.3582]]]}},{"type":"Feature","properties":{"landuse":"farmland"},"geometry":{"type":"Polygon","coordinates":[[[17.7464,46.3531],[17.7403,46.3606],[17.7423,46.3488],[17.7501,46.3472],[17.7464,46.3531]]]}},{"type":"Feature","properties":{"landuse":"farmland"},"geometry":{"type":"Polygon","coordinates":[[[17.73,46.3574],[17.7332,46.3477],[17.7298,46.3428],[17.7408,46.3465],[17.7394,46.3513],[17.7347,46.3509],[17.73,46.3574]]]}},{"type":"Feature","properties":{"landuse":"farmland"},"geometry":{"type":"Polygon","coordinates":[[[17.7333,46.3558],[17.7347,46.3515],[17.742,46.3498],[17.7405,46.356],[17.7333,46.3558]]]}},{"type":"Feature","properties":{"landuse":"farmland"},"geometry":{"type":"Polygon","coordinates":[[[17.6933,46.3494],[17.696,46.3499],[17.6912,46.3506],[17.6933,46.3494]]]}},{"type":"Feature","properties":{"landuse":"farmland"},"geometry":{"type":"Polygon","coordinates":[[[17.7407,46.3322],[17.7403,46.3462],[17.7244,46.3416],[17.7232,46.3381],[17.7281,46.3297],[17.7401,46.3265],[17.7336,46.3308],[17.7407,46.3322]],[[17.7285,46.3316],[17.7334,46.3309],[17.7334,46.3308],[17.7285,46.3316]]]}},{"type":"Feature","properties":{"landuse":"farmland"},"geometry":{"type":"Polygon","coordinates":[[[17.6953,46.3329],[17.6969,46.3335],[17.6971,46.3347],[17.6953,46.3329]]]}},{"type":"Feature","properties":{"landuse":"farmland"},"geometry":{"type":"Polygon","coordinates":[[[17.7073,46.3318],[17.7036,46.3333],[17.7097,46.3286],[17.7175,46.3335],[17.724,46.3292],[17.7248,46.3499],[17.7198,46.348],[17.719,46.3392],[17.7157,46.3385],[17.7149,46.3435],[17.7137,46.3392],[17.705,46.3493],[17.7052,46.3433],[17.6991,46.3419],[17.6999,46.3389],[17.7033,46.3421],[17.7081,46.3406],[17.7084,46.3439],[17.7135,46.3365],[17.7119,46.3332],[17.7141,46.3342],[17.709,46.3297],[17.7073,46.3318]],[[17.7217,46.3374],[17.7167,46.3352],[17.721,46.3373],[17.7217,46.3374]],[[17.7197,46.3452],[17.7201,46.3452],[17.7201,46.3444],[17.7197,46.3452]]]}},{"type":"Feature","properties":{"landuse":"farmland"},"geometry":{"type":"Polygon","coordinates":[[[17.7103,46.3363],[17.7094,46.3381],[17.7084,46.3347],[17.7103,46.3363]]]}},{"type":"Feature","properties":{"landuse":"farmland"},"geometry":{"type":"Polygon","coordinates":[[[17.7073,46.3381],[17.7038,46.3376],[17.7068,46.3363],[17.7073,46.3381]]]}},{"type":"Feature","properties":{"landuse":"farmland"},"geometry":{"type":"Polygon","coordinates":[[[17.7042,46.3339],[17.7065,46.3362],[17.7016,46.3346],[17.7042,46.3339]]]}},{"type":"Feature","properties":{"landuse":"farmland"},"geometry":{"type":"Polygon","coordinates":[[[18.5334,46.3026],[18.5312,46.3027],[18.5334,46.302],[18.5334,46.3026]]]}},{"type":"Feature","properties":{"landuse":"farmland"},"geometry":{"type":"Polygon","coordinates":[[[18.093,46.9095],[18.113,46.9059],[18.122,46.912],[18.1138,46.9192],[18.093,46.9095]],[[18.1086,46.9151],[18.1096,46.9149],[18.1092,46.9147],[18.1086,46.9151]]]}},{"type":"Feature","properties":{"landuse":"farmland"},"geometry":{"type":"Polygon","coordinates":[[[18.2006,46.8282],[18.2047,46.8378],[18.1971,46.8645],[18.2052,46.8669],[18.2003,46.8699],[18.182,46.868],[18.1763,46.8603],[18.185,46.855],[18.1765,46.8546],[18.1855,46.8492],[18.1873,46.8338],[18.1935,46.8269],[18.2006,46.8282]],[[18.1947,46.8624],[18.1882,46.8587],[18.1877,46.8596],[18.1947,46.8624]]]}},{"type":"Feature","properties":{"landuse":"farmland"},"geometry":{"type":"Polygon","coordinates":[[[18.5667,46.7568],[18.5612,46.7547],[18.5762,46.7494],[18.5667,46.7568]]]}},{"type":"Feature","properties":{"landuse":"farmland"},"geometry":{"type":"Polygon","coordinates":[[[18.551,46.7597],[18.5544,46.759],[18.5553,46.7602],[18.5599,46.7603],[18.551,46.7597]]]}},{"type":"Feature","properties":{"landuse":"farmland"},"geometry":{"type":"MultiPolygon","coordinates":[[[[18.5774,46.756],[18.5777,46.7539],[18.5799,46.7547],[18.5774,46.756]]],[[[18.5968,46.7762],[18.5982,46.7686],[18.5956,46.7684],[18.5918,46.7791],[18.587,46.7829],[18.5898,46.785],[18.5727,46.7828],[18.5879,46.7874],[18.5773,46.8034],[18.5496,46.7966],[18.5576,46.7917],[18.5551,46.791],[18.5708,46.7659],[18.5796,46.7678],[18.5576,46.7641],[18.5816,46.7606],[18.5718,46.7586],[18.5774,46.7564],[18.588,46.7601],[18.5776,46.7562],[18.5843,46.7566],[18.5811,46.7549],[18.5877,46.752],[18.5715,46.757],[18.5763,46.7522],[18.5881,46.7505],[18.5922,46.7454],[18.5964,46.746],[18.5903,46.7501],[18.5993,46.7475],[18.5898,46.7532],[18.6074,46.7468],[18.6192,46.7492],[18.6145,46.7482],[18.6178,46.7424],[18.6148,46.7415],[18.62,46.739],[18.6242,46.7485],[18.6198,46.7595],[18.6089,46.7687],[18.6097,46.7664],[18.6038,46.7648],[18.6069,46.7689],[18.605,46.7731],[18.5974,46.7786],[18.5968,46.7762]],[[18.604,46.7703],[18.6044,46.7696],[18.6018,46.7696],[18.604,46.7703]]]]}},{"type":"Feature","properties":{"landuse":"farmland"},"geometry":{"type":"Polygon","coordinates":[[[18.5826,46.7515],[18.5776,46.7496],[18.5846,46.7506],[18.5826,46.7515]]]}},{"type":"Feature","properties":{"landuse":"farmland"},"geometry":{"type":"Polygon","coordinates":[[[18.1221,46.1392],[18.1367,46.14],[18.1297,46.1419],[18.1245,46.1501],[18.1169,46.145],[18.1253,46.149],[18.1198,46.1432],[18.1221,46.1392]]]}},{"type":"Feature","properties":{"landuse":"farmland"},"geometry":{"type":"Polygon","coordinates":[[[18.1154,46.1463],[18.1167,46.1454],[18.1158,46.1472],[18.1154,46.1463]]]}},{"type":"Feature","properties":{"landuse":"farmland"},"geometry":{"type":"Polygon","coordinates":[[[18.0944,46.1404],[18.096,46.138],[18.0991,46.1392],[18.0944,46.1404]]]}},{"type":"Feature","properties":{"landuse":"farmland"},"geometry":{"type":"Polygon","coordinates":[[[18.1054,46.1585],[18.1117,46.158],[18.1041,46.1638],[18.1054,46.1585]]]}},{"type":"Feature","properties":{"landuse":"farmland"},"geometry":{"type":"Polygon","coordinates":[[[18.1156,46.1568],[18.1107,46.1549],[18.1142,46.1558],[18.1131,46.1523],[18.1174,46.1553],[18.1155,46.1482],[18.1183,46.1477],[18.1219,46.1528],[18.1191,46.1576],[18.1156,46.1568]],[[18.1121,46.1556],[18.113,46.1559],[18.1125,46.1557],[18.1121,46.1556]]]}},{"type":"Feature","properties":{"landuse":"farmland"},"geometry":{"type":"Polygon","coordinates":[[[18.1556,46.1724],[18.1548,46.1697],[18.1584,46.1691],[18.1556,46.1724]]]}},{"type":"Feature","properties":{"landuse":"orchard"},"geometry":{"type":"Polygon","coordinates":[[[18.1705,46.167],[18.1696,46.1662],[18.1718,46.1654],[18.1705,46.167]]]}},{"type":"Feature","properties":{"landuse":"farmland"},"geometry":{"type":"Polygon","coordinates":[[[18.1721,46.1676],[18.1684,46.1649],[18.1736,46.1629],[18.1721,46.1676]]]}},{"type":"Feature","properties":{"landuse":"farmland"},"geometry":{"type":"Polygon","coordinates":[[[18.1655,46.165],[18.1691,46.1636],[18.1692,46.1641],[18.1655,46.165]]]}},{"type":"Feature","properties":{"landuse":"farmland"},"geometry":{"type":"Polygon","coordinates":[[[18.1559,46.1657],[18.1537,46.1638],[18.155,46.1636],[18.1559,46.1657]]]}},{"type":"Feature","properties":{"landuse":"farmland"},"geometry":{"type":"Polygon","coordinates":[[[18.1559,46.1635],[18.1607,46.1632],[18.1577,46.1652],[18.1559,46.1635]]]}},{"type":"Feature","properties":{"landuse":"farmland"},"geometry":{"type":"Polygon","coordinates":[[[18.155,46.1837],[18.1453,46.1858],[18.1497,46.1816],[18.155,46.1837]]]}},{"type":"Feature","properties":{"landuse":"farmland"},"geometry":{"type":"Polygon","coordinates":[[[18.1379,46.1803],[18.1358,46.1777],[18.1392,46.1779],[18.1342,46.1769],[18.1445,46.1766],[18.146,46.1729],[18.1443,46.1776],[18.1379,46.1803]]]}},{"type":"Feature","properties":{"landuse":"farmland"},"geometry":{"type":"Polygon","coordinates":[[[18.1245,46.1684],[18.1278,46.1688],[18.1278,46.1727],[18.1241,46.1729],[18.1245,46.1684]]]}},{"type":"Feature","properties":{"landuse":"farmland"},"geometry":{"type":"Polygon","coordinates":[[[18.1565,46.1762],[18.1594,46.1749],[18.156,46.1727],[18.1596,46.1717],[18.1565,46.1762]]]}},{"type":"Feature","properties":{"landuse":"green_public_spaces"},"geometry":{"type":"MultiPolygon","coordinates":[[[[17.1008,46.2572],[17.1049,46.2552],[17.1046,46.2583],[17.1008,46.2572]]],[[[17.0964,46.2545],[17.0975,46.2547],[17.0963,46.255],[17.0964,46.2545]]],[[[17.0976,46.2558],[17.0994,46.2549],[17.099,46.2562],[17.0976,46.2558]]]]}},{"type":"Feature","properties":{"landuse":"farmland"},"geometry":{"type":"Polygon","coordinates":[[[18.6185,46.2807],[18.6102,46.2778],[18.6071,46.273],[18.6013,46.2753],[18.6048,46.2682],[18.6004,46.2676],[18.6013,46.2649],[18.6063,46.2672],[18.6089,46.2649],[18.6045,46.2706],[18.6119,46.2688],[18.613,46.2653],[18.615,46.2671],[18.6127,46.2708],[18.6178,46.2771],[18.6238,46.2708],[18.6274,46.2726],[18.621,46.2778],[18.6232,46.2839],[18.6265,46.2844],[18.6277,46.2783],[18.6283,46.2804],[18.6324,46.2749],[18.6271,46.2864],[18.6211,46.2839],[18.6043,46.2875],[18.5996,46.2851],[18.6021,46.2834],[18.5998,46.2818],[18.6037,46.2805],[18.6098,46.2841],[18.6044,46.2802],[18.5953,46.2828],[18.5916,46.279],[18.5975,46.2758],[18.5955,46.2787],[18.6061,46.2767],[18.6047,46.2788],[18.612,46.2832],[18.6185,46.2807]]]}},{"type":"Feature","properties":{"landuse":"vineyard"},"geometry":{"type":"Polygon","coordinates":[[[18.6762,46.3758],[18.6736,46.3754],[18.6769,46.3737],[18.6762,46.3758]]]}},{"type":"Feature","properties":{"landuse":"farmland"},"geometry":{"type":"Polygon","coordinates":[[[17.7358,46.3692],[17.7455,46.3687],[17.7402,46.3791],[17.7361,46.3775],[17.7358,46.3692]]]}},{"type":"Feature","properties":{"landuse":"farmland"},"geometry":{"type":"Polygon","coordinates":[[[17.7377,46.3666],[17.7419,46.3666],[17.7422,46.3677],[17.7377,46.3666]]]}},{"type":"Feature","properties":{"landuse":"farmland"},"geometry":{"type":"MultiPolygon","coordinates":[[[[18.6089,46.6173],[18.6089,46.617],[18.6099,46.6172],[18.6089,46.6173]]],[[[18.6094,46.6175],[18.612,46.6304],[18.6078,46.623],[18.6094,46.6175]]]]}},{"type":"Feature","properties":{"landuse":"farmland"},"geometry":{"type":"MultiPolygon","coordinates":[[[[18.4649,46.698],[18.4692,46.6966],[18.4705,46.6994],[18.4649,46.698]]],[[[18.468,46.7017],[18.4675,46.7009],[18.4686,46.7007],[18.468,46.7017]]]]}},{"type":"Feature","properties":{"landuse":"farmland"},"geometry":{"type":"Polygon","coordinates":[[[18.4676,46.6932],[18.4638,46.695],[18.4668,46.6949],[18.464,46.6972],[18.4666,46.6999],[18.4598,46.6985],[18.4676,46.6932]]]}},{"type":"Feature","properties":{"landuse":"farmland"},"geometry":{"type":"Polygon","coordinates":[[[18.449,46.683],[18.4526,46.682],[18.4525,46.6836],[18.449,46.683]]]}},{"type":"Feature","properties":{"landuse":"farmland"},"geometry":{"type":"Polygon","coordinates":[[[18.4542,46.6888],[18.453,46.6904],[18.4529,46.6881],[18.4542,46.6888]]]}},{"type":"Feature","properties":{"landuse":"farmland"},"geometry":{"type":"Polygon","coordinates":[[[18.4667,46.6851],[18.4627,46.6861],[18.4634,46.6844],[18.4667,46.6851]]]}},{"type":"Feature","properties":{"landuse":"farmland"},"geometry":{"type":"Polygon","coordinates":[[[18.4589,46.6916],[18.4571,46.6926],[18.4625,46.6834],[18.4589,46.6916]]]}},{"type":"Feature","properties":{"landuse":"farmland"},"geometry":{"type":"Polygon","coordinates":[[[18.4668,46.6923],[18.4642,46.6944],[18.4645,46.6926],[18.4668,46.6923]]]}},{"type":"Feature","properties":{"landuse":"farmland"},"geometry":{"type":"Polygon","coordinates":[[[18.4898,46.6978],[18.4879,46.7033],[18.4858,46.7031],[18.4898,46.6978]]]}},{"type":"Feature","properties":{"landuse":"farmland"},"geometry":{"type":"Polygon","coordinates":[[[18.4881,46.7143],[18.4803,46.7164],[18.4847,46.7127],[18.4881,46.7143]]]}},{"type":"Feature","properties":{"landuse":"farmland"},"geometry":{"type":"Polygon","coordinates":[[[18.4848,46.7043],[18.4843,46.7082],[18.4801,46.7067],[18.4848,46.7043]]]}},{"type":"Feature","properties":{"landuse":"farmland"},"geometry":{"type":"Polygon","coordinates":[[[18.4483,46.6902],[18.4595,46.6972],[18.4483,46.6989],[18.4393,46.6901],[18.4456,46.6876],[18.4463,46.6961],[18.4483,46.6902]]]}},{"type":"Feature","properties":{"landuse":"farmland"},"geometry":{"type":"Polygon","coordinates":[[[18.4341,46.6855],[18.4416,46.6842],[18.4388,46.6906],[18.4426,46.6961],[18.4328,46.6879],[18.4358,46.6869],[18.4341,46.6855]]]}},{"type":"Feature","properties":{"landuse":"farmland"},"geometry":{"type":"Polygon","coordinates":[[[18.4671,46.7021],[18.468,46.7017],[18.4689,46.7033],[18.4671,46.7021]]]}},{"type":"Feature","properties":{"landuse":"farmland"},"geometry":{"type":"Polygon","coordinates":[[[18.4705,46.7085],[18.4693,46.7045],[18.4701,46.7054],[18.4705,46.7085]]]}},{"type":"Feature","properties":{"landuse":"farmland"},"geometry":{"type":"Polygon","coordinates":[[[18.4693,46.7134],[18.4701,46.7112],[18.4715,46.7122],[18.4693,46.7134]]]}},{"type":"Feature","properties":{"landuse":"green_public_spaces"},"geometry":{"type":"Polygon","coordinates":[[[18.1965,46.6879],[18.1931,46.6923],[18.1879,46.69],[18.1965,46.6879]]]}},{"type":"Feature","properties":{"landuse":"farmland"},"geometry":{"type":"Polygon","coordinates":[[[18.1952,46.685],[18.1965,46.6874],[18.1897,46.6859],[18.1952,46.685]]]}},{"type":"Feature","properties":{"landuse":"farmland"},"geometry":{"type":"Polygon","coordinates":[[[18.1965,46.6879],[18.2014,46.6858],[18.1947,46.6829],[18.2004,46.677],[18.2147,46.6746],[18.2225,46.6627],[18.2367,46.6563],[18.2353,46.6546],[18.2426,46.6493],[18.2476,46.6526],[18.2446,46.6565],[18.239,46.6569],[18.2502,46.6593],[18.2448,46.668],[18.2399,46.6702],[18.2422,46.6718],[18.2391,46.6764],[18.2265,46.682],[18.2243,46.6796],[18.2262,46.6824],[18.2205,46.6862],[18.2169,46.6824],[18.2196,46.6865],[18.2172,46.6884],[18.2198,46.6873],[18.2145,46.695],[18.2224,46.6862],[18.2374,46.6795],[18.2278,46.7001],[18.2108,46.7175],[18.2036,46.7152],[18.2102,46.701],[18.1969,46.7073],[18.2025,46.7077],[18.2059,46.7043],[18.2005,46.7197],[18.1827,46.7154],[18.1965,46.6879]]]}},{"type":"Feature","properties":{"landuse":"farmland"},"geometry":{"type":"Polygon","coordinates":[[[18.276,46.6682],[18.2574,46.6578],[18.2607,46.6482],[18.2711,46.639],[18.2727,46.6499],[18.2855,46.6476],[18.2865,46.6525],[18.276,46.6682]],[[18.2739,46.6589],[18.2751,46.6582],[18.2742,46.658],[18.2739,46.6589]]]}},{"type":"Feature","properties":{"landuse":"farmland"},"geometry":{"type":"Polygon","coordinates":[[[18.293,46.6464],[18.2988,46.6407],[18.3042,46.6445],[18.2934,46.673],[18.2777,46.6686],[18.2835,46.6555],[18.293,46.6464]]]}},{"type":"Feature","properties":{"landuse":"farmland"},"geometry":{"type":"Polygon","coordinates":[[[18.2903,46.6441],[18.2937,46.6434],[18.2871,46.652],[18.2852,46.6439],[18.2903,46.6441]]]}},{"type":"Feature","properties":{"landuse":"farmland"},"geometry":{"type":"Polygon","coordinates":[[[18.3066,46.6404],[18.3047,46.6445],[18.2998,46.642],[18.3017,46.6369],[18.3085,46.635],[18.3066,46.6404]]]}},{"type":"Feature","properties":{"landuse":"farmland"},"geometry":{"type":"Polygon","coordinates":[[[18.2873,46.641],[18.2957,46.6417],[18.2939,46.6428],[18.2873,46.641]]]}},{"type":"Feature","properties":{"landuse":"farmland"},"geometry":{"type":"Polygon","coordinates":[[[18.3073,46.6349],[18.3025,46.6364],[18.3038,46.6328],[18.3073,46.6349]]]}},{"type":"Feature","properties":{"landuse":"farmland"},"geometry":{"type":"Polygon","coordinates":[[[18.308,46.6345],[18.3165,46.6328],[18.3089,46.6364],[18.308,46.6345]]]}},{"type":"Feature","properties":{"landuse":"farmland"},"geometry":{"type":"Polygon","coordinates":[[[18.3165,46.6328],[18.3171,46.6393],[18.3131,46.6391],[18.3165,46.6328]]]}},{"type":"Feature","properties":{"landuse":"farmland"},"geometry":{"type":"Polygon","coordinates":[[[18.3057,46.6297],[18.3104,46.6242],[18.3086,46.6291],[18.312,46.6294],[18.2977,46.6322],[18.3057,46.6297]]]}},{"type":"Feature","properties":{"landuse":"farmland"},"geometry":{"type":"Polygon","coordinates":[[[18.3041,46.6271],[18.3073,46.6262],[18.3002,46.6304],[18.3041,46.6271]]]}},{"type":"Feature","properties":{"landuse":"orchard"},"geometry":{"type":"Polygon","coordinates":[[[18.3068,46.626],[18.3057,46.6297],[18.3071,46.6278],[18.3041,46.6271],[18.3068,46.626]]]}},{"type":"Feature","properties":{"landuse":"orchard"},"geometry":{"type":"Polygon","coordinates":[[[18.3247,46.6217],[18.32,46.6221],[18.3219,46.6188],[18.3262,46.6193],[18.3247,46.6217]]]}},{"type":"Feature","properties":{"landuse":"farmland"},"geometry":{"type":"Polygon","coordinates":[[[18.3099,46.611],[18.2949,46.6226],[18.2968,46.617],[18.3067,46.6121],[18.3016,46.6119],[18.3029,46.6085],[18.3099,46.611]]]}},{"type":"Feature","properties":{"landuse":"farmland"},"geometry":{"type":"Polygon","coordinates":[[[18.3217,46.6099],[18.3239,46.6107],[18.3221,46.6148],[18.3201,46.6131],[18.3174,46.6165],[18.3113,46.61],[18.3217,46.6099]]]}},{"type":"Feature","properties":{"landuse":"farmland"},"geometry":{"type":"Polygon","coordinates":[[[18.3116,46.6078],[18.3103,46.6096],[18.3101,46.6074],[18.3116,46.6078]]]}},{"type":"Feature","properties":{"landuse":"farmland"},"geometry":{"type":"Polygon","coordinates":[[[18.4788,46.6165],[18.4777,46.6112],[18.481,46.6092],[18.4811,46.6151],[18.4872,46.6035],[18.4945,46.5971],[18.4812,46.6168],[18.484,46.6222],[18.4887,46.6223],[18.4884,46.6175],[18.4914,46.6166],[18.497,46.6185],[18.4936,46.6228],[18.4928,46.6202],[18.4818,46.6267],[18.4811,46.6205],[18.4754,46.6255],[18.4753,46.6185],[18.4788,46.6193],[18.4788,46.6165]]]}},{"type":"Feature","properties":{"landuse":"farmland"},"geometry":{"type":"Polygon","coordinates":[[[18.465,46.6227],[18.4711,46.6235],[18.4679,46.6272],[18.4704,46.6267],[18.4633,46.625],[18.465,46.6227]]]}},{"type":"Feature","properties":{"landuse":"farmland"},"geometry":{"type":"Polygon","coordinates":[[[18.4616,46.6281],[18.4639,46.6256],[18.4679,46.6279],[18.4633,46.63],[18.4641,46.6352],[18.4616,46.6281]],[[18.4639,46.6279],[18.4633,46.6298],[18.4648,46.6274],[18.4639,46.6279]]]}},{"type":"Feature","properties":{"landuse":"farmland"},"geometry":{"type":"Polygon","coordinates":[[[18.4735,46.6318],[18.4753,46.6339],[18.4725,46.635],[18.4708,46.6329],[18.4735,46.6318]]]}},{"type":"Feature","properties":{"landuse":"farmland"},"geometry":{"type":"Polygon","coordinates":[[[18.4592,46.629],[18.4555,46.6311],[18.4586,46.6284],[18.4592,46.629]]]}},{"type":"Feature","properties":{"landuse":"farmland"},"geometry":{"type":"Polygon","coordinates":[[[18.4722,46.637],[18.4707,46.6373],[18.4713,46.6356],[18.4722,46.637]]]}},{"type":"Feature","properties":{"landuse":"farmland"},"geometry":{"type":"Polygon","coordinates":[[[18.4725,46.6374],[18.4827,46.6346],[18.4791,46.6423],[18.4793,46.6373],[18.4681,46.6437],[18.4725,46.6374]]]}},{"type":"Feature","properties":{"landuse":"farmland"},"geometry":{"type":"Polygon","coordinates":[[[18.4661,46.6555],[18.4732,46.6485],[18.4731,46.6545],[18.4724,46.6495],[18.4694,46.656],[18.4671,46.6559],[18.4681,46.6533],[18.4661,46.6555]]]}},{"type":"Feature","properties":{"landuse":"farmland"},"geometry":{"type":"MultiPolygon","coordinates":[[[[18.4809,46.649],[18.4764,46.6575],[18.4746,46.657],[18.4809,46.649]]],[[[18.4743,46.6569],[18.4743,46.649],[18.4792,46.6446],[18.4801,46.6494],[18.4743,46.6569]]]]}},{"type":"Feature","properties":{"landuse":"farmland"},"geometry":{"type":"Polygon","coordinates":[[[18.4885,46.637],[18.4865,46.6413],[18.4772,46.6435],[18.4885,46.637]]]}},{"type":"Feature","properties":{"landuse":"farmland"},"geometry":{"type":"Polygon","coordinates":[[[18.5035,46.6343],[18.5016,46.6474],[18.5004,46.6444],[18.5035,46.6343]]]}},{"type":"Feature","properties":{"landuse":"farmland"},"geometry":{"type":"Polygon","coordinates":[[[18.4832,46.6436],[18.4855,46.6494],[18.483,46.6494],[18.4832,46.6436]]]}},{"type":"Feature","properties":{"landuse":"farmland"},"geometry":{"type":"Polygon","coordinates":[[[18.4743,46.6569],[18.4764,46.6575],[18.4702,46.6675],[18.4754,46.6748],[18.4707,46.678],[18.4722,46.6737],[18.4678,46.674],[18.4699,46.6736],[18.4667,46.6662],[18.4691,46.6591],[18.4743,46.6569]]]}},{"type":"Feature","properties":{"landuse":"farmland"},"geometry":{"type":"Polygon","coordinates":[[[18.455,46.6805],[18.4529,46.68],[18.4551,46.6798],[18.455,46.6805]]]}},{"type":"Feature","properties":{"landuse":"farmland"},"geometry":{"type":"Polygon","coordinates":[[[18.461,46.6803],[18.4559,46.6829],[18.456,46.6813],[18.461,46.6803]]]}},{"type":"Feature","properties":{"landuse":"farmland"},"geometry":{"type":"Polygon","coordinates":[[[18.4608,46.6941],[18.463,46.695],[18.4601,46.6973],[18.4608,46.6941]]]}},{"type":"Feature","properties":{"landuse":"farmland"},"geometry":{"type":"Polygon","coordinates":[[[18.4836,46.6971],[18.481,46.6996],[18.4794,46.6992],[18.4836,46.6971]]]}},{"type":"Feature","properties":{"landuse":"farmland"},"geometry":{"type":"Polygon","coordinates":[[[18.4707,46.6933],[18.4722,46.6955],[18.4698,46.6949],[18.4707,46.6933]]]}},{"type":"Feature","properties":{"landuse":"farmland"},"geometry":{"type":"Polygon","coordinates":[[[18.494,46.6369],[18.4952,46.6297],[18.4847,46.6295],[18.4927,46.6249],[18.4895,46.6267],[18.4927,46.6286],[18.4953,46.6259],[18.5,46.6323],[18.494,46.6369]]]}},{"type":"Feature","properties":{"landuse":"farmland"},"geometry":{"type":"Polygon","coordinates":[[[18.4862,46.6268],[18.4897,46.6233],[18.4882,46.6263],[18.4862,46.6268]]]}},{"type":"Feature","properties":{"landuse":"farmland"},"geometry":{"type":"Polygon","coordinates":[[[18.5244,46.628],[18.5219,46.6378],[18.5164,46.6427],[18.5244,46.628]]]}},{"type":"Feature","properties":{"landuse":"farmland"},"geometry":{"type":"Polygon","coordinates":[[[18.5303,46.6457],[18.5304,46.6466],[18.5286,46.6457],[18.5303,46.6457]]]}},{"type":"Feature","properties":{"landuse":"farmland"},"geometry":{"type":"Polygon","coordinates":[[[18.5283,46.6325],[18.5292,46.628],[18.526,46.6251],[18.5289,46.6279],[18.5278,46.6231],[18.5331,46.6216],[18.5283,46.6325]]]}},{"type":"Feature","properties":{"landuse":"farmland"},"geometry":{"type":"Polygon","coordinates":[[[18.5281,46.6382],[18.527,46.6446],[18.524,46.6447],[18.5268,46.6438],[18.5228,46.6373],[18.5254,46.6386],[18.525,46.6329],[18.5281,46.6382]]]}},{"type":"Feature","properties":{"landuse":"farmland"},"geometry":{"type":"Polygon","coordinates":[[[18.5206,46.6212],[18.5203,46.6248],[18.5117,46.626],[18.5036,46.6318],[18.4983,46.6286],[18.5029,46.6226],[18.5011,46.6294],[18.5206,46.6212]]]}},{"type":"Feature","properties":{"landuse":"farmland"},"geometry":{"type":"Polygon","coordinates":[[[18.5055,46.6319],[18.5123,46.6279],[18.507,46.6323],[18.5055,46.6319]]]}},{"type":"Feature","properties":{"landuse":"farmland"},"geometry":{"type":"Polygon","coordinates":[[[18.5075,46.6503],[18.5182,46.6318],[18.5173,46.629],[18.5239,46.6241],[18.5141,46.6437],[18.5205,46.6395],[18.5258,46.6412],[18.5112,46.651],[18.5075,46.6503]]]}},{"type":"Feature","properties":{"landuse":"farmland"},"geometry":{"type":"Polygon","coordinates":[[[18.4939,46.6589],[18.4981,46.6499],[18.506,46.6519],[18.5004,46.6538],[18.4934,46.6642],[18.4939,46.6589]]]}},{"type":"Feature","properties":{"landuse":"farmland"},"geometry":{"type":"Polygon","coordinates":[[[18.5063,46.6501],[18.502,46.6511],[18.5085,46.6323],[18.5148,46.6283],[18.5061,46.6427],[18.5063,46.6501]]]}},{"type":"Feature","properties":{"landuse":"farmland"},"geometry":{"type":"Polygon","coordinates":[[[18.5169,46.6569],[18.5166,46.6595],[18.5151,46.6544],[18.5179,46.6549],[18.5223,46.6477],[18.5262,46.6481],[18.5169,46.6569]]]}},{"type":"Feature","properties":{"landuse":"vineyard"},"geometry":{"type":"Polygon","coordinates":[[[18.5182,46.6509],[18.5202,46.6492],[18.5162,46.6518],[18.5182,46.6509]]]}},{"type":"Feature","properties":{"landuse":"farmland"},"geometry":{"type":"Polygon","coordinates":[[[18.5035,46.6609],[18.5088,46.6542],[18.5053,46.6614],[18.5035,46.6609]]]}},{"type":"Feature","properties":{"landuse":"farmland"},"geometry":{"type":"Polygon","coordinates":[[[18.5076,46.6481],[18.5072,46.6428],[18.5149,46.6312],[18.5076,46.6481]]]}},{"type":"Feature","properties":{"landuse":"farmland"},"geometry":{"type":"Polygon","coordinates":[[[18.3148,46.6293],[18.3334,46.6269],[18.3245,46.6304],[18.3148,46.6293]]]}},{"type":"Feature","properties":{"landuse":"farmland"},"geometry":{"type":"Polygon","coordinates":[[[18.4446,46.6751],[18.4434,46.6828],[18.4431,46.6756],[18.4393,46.674],[18.4446,46.6751]]]}},{"type":"Feature","properties":{"landuse":"farmland"},"geometry":{"type":"Polygon","coordinates":[[[18.4559,46.6676],[18.4553,46.6657],[18.4566,46.6715],[18.4559,46.6676]]]}},{"type":"Feature","properties":{"landuse":"farmland"},"geometry":{"type":"Polygon","coordinates":[[[18.4302,46.6727],[18.4419,46.6756],[18.4295,46.675],[18.4302,46.6727]]]}},{"type":"Feature","properties":{"landuse":"farmland"},"geometry":{"type":"Polygon","coordinates":[[[18.7021,46.5191],[18.6989,46.5181],[18.7017,46.5152],[18.7021,46.5191]]]}},{"type":"Feature","properties":{"landuse":"farmland"},"geometry":{"type":"Polygon","coordinates":[[[18.4776,46.5425],[18.4763,46.5447],[18.4751,46.5395],[18.4776,46.5425]]]}},{"type":"Feature","properties":{"landuse":"farmland"},"geometry":{"type":"MultiPolygon","coordinates":[[[[18.5263,46.5428],[18.5228,46.5432],[18.5204,46.5419],[18.5263,46.5428]]],[[[18.5181,46.5497],[18.5194,46.5478],[18.5152,46.546],[18.5224,46.5434],[18.5181,46.5497]]],[[[18.517,46.5511],[18.5159,46.5559],[18.5225,46.5437],[18.5266,46.5437],[18.5168,46.5564],[18.514,46.5555],[18.5174,46.5569],[18.5168,46.5598],[18.5114,46.5662],[18.5155,46.5631],[18.5137,46.5663],[18.5157,46.5638],[18.516,46.5678],[18.5204,46.5518],[18.5178,46.5765],[18.5113,46.5731],[18.509,46.5748],[18.5107,46.5715],[18.502,46.5714],[18.5091,46.5719],[18.5085,46.5747],[18.499,46.5774],[18.5004,46.5712],[18.4969,46.5791],[18.4942,46.5802],[18.4974,46.5719],[18.4907,46.58],[18.4911,46.576],[18.4869,46.5793],[18.488,46.5746],[18.486,46.5805],[18.4863,46.5766],[18.4764,46.581],[18.4758,46.5722],[18.4792,46.5706],[18.4767,46.5686],[18.4812,46.5636],[18.4793,46.5622],[18.4837,46.5514],[18.4826,46.5586],[18.4847,46.5587],[18.4857,46.5499],[18.4909,46.5507],[18.4984,46.537],[18.4993,46.5464],[18.5018,46.5355],[18.514,46.5427],[18.5108,46.5463],[18.5005,46.5464],[18.5103,46.5477],[18.5055,46.558],[18.5143,46.5469],[18.5123,46.5499],[18.517,46.5511]],[[18.4808,46.567],[18.4812,46.5672],[18.4813,46.567],[18.4808,46.567]],[[18.4839,46.567],[18.4796,46.5746],[18.487,46.5699],[18.4916,46.572],[18.4926,46.5524],[18.4888,46.5684],[18.4865,46.5672],[18.4884,46.5512],[18.4839,46.567]],[[18.5063,46.5718],[18.5128,46.5626],[18.5045,46.5709],[18.5074,46.5699],[18.5063,46.5718]],[[18.5025,46.5608],[18.4993,46.564],[18.5006,46.5637],[18.5025,46.5608]],[[18.5082,46.5477],[18.4986,46.5523],[18.4954,46.5611],[18.5082,46.5477]],[[18.5138,46.5579],[18.5109,46.5603],[18.5137,46.5612],[18.5138,46.5579]],[[18.5089,46.5556],[18.5081,46.5616],[18.5047,46.5648],[18.508,46.5567],[18.5028,46.5657],[18.508,46.5629],[18.5089,46.5556]],[[18.5091,46.5512],[18.494,46.5684],[18.4993,46.568],[18.5032,46.5628],[18.4961,46.5679],[18.5091,46.5512]],[[18.5117,46.5516],[18.5094,46.5544],[18.5111,46.5554],[18.5117,46.5516]]]]}},{"type":"Feature","properties":{"landuse":"farmland"},"geometry":{"type":"Polygon","coordinates":[[[18.537,46.5482],[18.5287,46.5521],[18.5229,46.5494],[18.5274,46.5438],[18.5447,46.5483],[18.537,46.5482]]]}},{"type":"Feature","properties":{"landuse":"farmland"},"geometry":{"type":"Polygon","coordinates":[[[18.5037,46.5339],[18.5063,46.5351],[18.5047,46.5366],[18.5037,46.5339]]]}},{"type":"Feature","properties":{"landuse":"farmland"},"geometry":{"type":"MultiPolygon","coordinates":[[[[18.4685,46.5613],[18.4706,46.5605],[18.4652,46.5668],[18.4685,46.5613]]],[[[18.4945,46.5384],[18.4892,46.5456],[18.4903,46.5407],[18.4659,46.5543],[18.4694,46.5561],[18.4677,46.555],[18.4545,46.5793],[18.4576,46.5746],[18.4541,46.5777],[18.4566,46.567],[18.4539,46.5673],[18.4574,46.5666],[18.4618,46.5544],[18.4697,46.5473],[18.4719,46.5486],[18.4718,46.5418],[18.477,46.5456],[18.4799,46.5439],[18.4774,46.5392],[18.4846,46.5333],[18.4873,46.5349],[18.4861,46.5395],[18.4945,46.5384]]]]}},{"type":"Feature","properties":{"landuse":"farmland"},"geometry":{"type":"MultiPolygon","coordinates":[[[[18.4843,46.5473],[18.4875,46.5454],[18.4885,46.5458],[18.4843,46.5473]]],[[[18.4822,46.547],[18.4834,46.5478],[18.4817,46.5473],[18.4822,46.547]]]]}},{"type":"Feature","properties":{"landuse":"farmland"},"geometry":{"type":"Polygon","coordinates":[[[18.495,46.5341],[18.4916,46.5357],[18.494,46.5285],[18.495,46.5341]]]}},{"type":"Feature","properties":{"landuse":"farmland"},"geometry":{"type":"Polygon","coordinates":[[[18.4844,46.5305],[18.4854,46.5295],[18.4893,46.5283],[18.4844,46.5305]]]}},{"type":"Feature","properties":{"landuse":"farmland"},"geometry":{"type":"MultiPolygon","coordinates":[[[[18.4442,46.527],[18.4438,46.5269],[18.4444,46.5266],[18.4442,46.527]]],[[[18.4439,46.5246],[18.4432,46.5244],[18.4435,46.5237],[18.4439,46.5246]]],[[[18.4397,46.5183],[18.4463,46.5082],[18.4529,46.5093],[18.4452,46.5266],[18.4484,46.5197],[18.4447,46.5264],[18.4479,46.5203],[18.4414,46.5264],[18.4325,46.5267],[18.4397,46.5183]],[[18.4418,46.5223],[18.442,46.5225],[18.4427,46.5227],[18.4418,46.5223]],[[18.4438,46.5214],[18.4448,46.5205],[18.4442,46.5202],[18.4438,46.5214]],[[18.449,46.5146],[18.4509,46.5123],[18.4485,46.5136],[18.449,46.5146]]]]}},{"type":"Feature","properties":{"landuse":"farmland"},"geometry":{"type":"Polygon","coordinates":[[[18.4229,46.5034],[18.4211,46.4974],[18.4234,46.4971],[18.4278,46.5024],[18.4196,46.5092],[18.4229,46.5034]]]}},{"type":"Feature","properties":{"landuse":"farmland"},"geometry":{"type":"Polygon","coordinates":[[[18.4382,46.4932],[18.4349,46.4922],[18.4286,46.4995],[18.4266,46.4953],[18.4372,46.4906],[18.4382,46.4932]]]}},{"type":"Feature","properties":{"landuse":"farmland"},"geometry":{"type":"MultiPolygon","coordinates":[[[[18.4312,46.4913],[18.4322,46.4905],[18.4337,46.491],[18.4312,46.4913]]],[[[18.4351,46.4882],[18.4404,46.4921],[18.4386,46.4922],[18.4351,46.4882]]]]}},{"type":"Feature","properties":{"landuse":"farmland"},"geometry":{"type":"Polygon","coordinates":[[[18.4669,46.5444],[18.4627,46.5483],[18.4558,46.5495],[18.4669,46.5444]]]}},{"type":"Feature","properties":{"landuse":"farmland"},"geometry":{"type":"MultiPolygon","coordinates":[[[[18.4434,46.5343],[18.4443,46.5357],[18.4404,46.535],[18.4434,46.5343]]],[[[18.4462,46.5342],[18.4475,46.5344],[18.4462,46.5352],[18.4462,46.5342]]],[[[18.4243,46.5682],[18.421,46.565],[18.4188,46.5697],[18.4165,46.5619],[18.4171,46.5589],[18.4222,46.5618],[18.4213,46.5597],[18.4257,46.5588],[18.4222,46.5574],[18.4262,46.5499],[18.4212,46.5501],[18.4245,46.5433],[18.4388,46.535],[18.4481,46.5398],[18.4475,46.5363],[18.4531,46.5325],[18.4472,46.5326],[18.4495,46.5226],[18.4461,46.5271],[18.456,46.5094],[18.4599,46.5075],[18.4601,46.5207],[18.4618,46.5082],[18.4667,46.5018],[18.4806,46.5025],[18.4702,46.5184],[18.4751,46.5144],[18.4842,46.5199],[18.4784,46.5255],[18.4847,46.5202],[18.4819,46.5279],[18.4752,46.531],[18.4788,46.5316],[18.4765,46.5358],[18.4774,46.5324],[18.4722,46.5357],[18.4712,46.5297],[18.4696,46.5365],[18.4704,46.5333],[18.4672,46.5357],[18.4633,46.5339],[18.4629,46.5363],[18.4664,46.5366],[18.46,46.5348],[18.4583,46.5394],[18.4674,46.5415],[18.4633,46.5462],[18.4514,46.5492],[18.4534,46.5485],[18.4505,46.554],[18.4562,46.5501],[18.4578,46.5521],[18.4389,46.5665],[18.4397,46.5608],[18.4316,46.5638],[18.4321,46.5585],[18.4243,46.5682]],[[18.473,46.5287],[18.4776,46.5254],[18.4748,46.5267],[18.473,46.5287]],[[18.4744,46.5324],[18.473,46.5315],[18.4732,46.5318],[18.4744,46.5324]],[[18.475,46.5323],[18.4749,46.5323],[18.4754,46.5326],[18.475,46.5323]],[[18.4754,46.5322],[18.4765,46.5327],[18.4756,46.5322],[18.4754,46.5322]],[[18.4329,46.5398],[18.4332,46.5392],[18.4325,46.539],[18.4329,46.5398]],[[18.4368,46.537],[18.4314,46.5412],[18.4326,46.5417],[18.4368,46.537]],[[18.4444,46.5528],[18.4467,46.55],[18.4499,46.5516],[18.4525,46.5459],[18.4507,46.5418],[18.4444,46.5528]]]]}},{"type":"Feature","properties":{"landuse":"farmland"},"geometry":{"type":"Polygon","coordinates":[[[18.4887,46.5267],[18.484,46.5274],[18.4895,46.5233],[18.4912,46.5174],[18.4887,46.5267]]]}},{"type":"Feature","properties":{"landuse":"farmland"},"geometry":{"type":"Polygon","coordinates":[[[18.4666,46.5015],[18.459,46.5002],[18.4544,46.4956],[18.4635,46.5025],[18.456,46.508],[18.4492,46.5052],[18.4537,46.4958],[18.4579,46.5004],[18.4538,46.4958],[18.4483,46.4996],[18.4406,46.4974],[18.4408,46.4948],[18.449,46.4927],[18.4636,46.5011],[18.4668,46.5001],[18.4653,46.4928],[18.4677,46.4949],[18.473,46.4874],[18.4735,46.4915],[18.4666,46.5015]],[[18.443,46.4953],[18.4433,46.4942],[18.4428,46.4951],[18.443,46.4953]],[[18.4499,46.496],[18.4501,46.4959],[18.4499,46.4958],[18.4499,46.496]],[[18.4499,46.4951],[18.4513,46.4943],[18.4509,46.4939],[18.4499,46.4951]],[[18.4439,46.4929],[18.4481,46.4945],[18.4475,46.4938],[18.4439,46.4929]]]}},{"type":"Feature","properties":{"landuse":"farmland"},"geometry":{"type":"MultiPolygon","coordinates":[[[[18.4385,46.5026],[18.4448,46.5044],[18.4396,46.5054],[18.4385,46.5026]]],[[[18.4316,46.5096],[18.4268,46.5122],[18.4257,46.5193],[18.4205,46.5243],[18.4266,46.5108],[18.4342,46.5026],[18.4382,46.5026],[18.4362,46.5089],[18.4365,46.5031],[18.4316,46.5096]]]]}},{"type":"Feature","properties":{"landuse":"orchard"},"geometry":{"type":"MultiPolygon","coordinates":[[[[18.4352,46.4994],[18.4406,46.4974],[18.4503,46.4996],[18.4472,46.5047],[18.4352,46.4994]]],[[[18.4384,46.5056],[18.4452,46.5059],[18.438,46.5073],[18.4384,46.5056]]]]}},{"type":"Feature","properties":{"landuse":"farmland"},"geometry":{"type":"MultiPolygon","coordinates":[[[[18.4212,46.5118],[18.4196,46.5113],[18.4225,46.5101],[18.4212,46.5118]]],[[[18.4374,46.4987],[18.4386,46.4963],[18.4382,46.4989],[18.4374,46.4987]]],[[[18.4175,46.5214],[18.4292,46.5017],[18.4388,46.4945],[18.4175,46.5214]]]]}},{"type":"Feature","properties":{"landuse":"farmland"},"geometry":{"type":"Polygon","coordinates":[[[18.4648,46.5376],[18.467,46.5382],[18.4662,46.5392],[18.4648,46.5376]]]}},{"type":"Feature","properties":{"landuse":"farmland"},"geometry":{"type":"Polygon","coordinates":[[[18.533,46.5442],[18.5404,46.5444],[18.5447,46.5478],[18.533,46.5442]]]}},{"type":"Feature","properties":{"landuse":"farmland"},"geometry":{"type":"Polygon","coordinates":[[[18.465,46.5002],[18.4591,46.4994],[18.4563,46.4961],[18.465,46.5002]]]}},{"type":"Feature","properties":{"landuse":"farmland"},"geometry":{"type":"MultiPolygon","coordinates":[[[[18.5318,46.5302],[18.5252,46.5392],[18.5292,46.5322],[18.5318,46.5302]]],[[[18.5496,46.5122],[18.5434,46.5203],[18.55,46.514],[18.5532,46.5221],[18.5481,46.5252],[18.5489,46.5208],[18.5482,46.5242],[18.5443,46.5229],[18.5384,46.5279],[18.5529,46.5234],[18.5512,46.5268],[18.5548,46.53],[18.5558,46.5277],[18.5489,46.5462],[18.5515,46.5406],[18.5468,46.5449],[18.5491,46.5383],[18.5427,46.5379],[18.5447,46.535],[18.5417,46.5348],[18.5402,46.5413],[18.5408,46.5351],[18.5382,46.5423],[18.5343,46.5422],[18.5406,46.5318],[18.5369,46.5367],[18.5381,46.5307],[18.5448,46.532],[18.5411,46.53],[18.5343,46.5324],[18.5296,46.5389],[18.5332,46.5321],[18.5299,46.5292],[18.5315,46.5257],[18.5281,46.5247],[18.5299,46.5207],[18.5349,46.5234],[18.5496,46.5122]]]]}},{"type":"Feature","properties":{"landuse":"farmland"},"geometry":{"type":"Polygon","coordinates":[[[18.5662,46.5037],[18.5661,46.502],[18.5685,46.5039],[18.5662,46.5037]]]}},{"type":"Feature","properties":{"landuse":"farmland"},"geometry":{"type":"Polygon","coordinates":[[[18.5481,46.4879],[18.5466,46.4898],[18.5567,46.4817],[18.5451,46.5056],[18.5507,46.511],[18.543,46.5157],[18.5417,46.5135],[18.5349,46.5234],[18.5313,46.5166],[18.5409,46.5125],[18.5343,46.5139],[18.5386,46.5025],[18.534,46.5087],[18.5315,46.508],[18.5377,46.4999],[18.535,46.5029],[18.5306,46.4977],[18.522,46.5039],[18.5256,46.5066],[18.5334,46.5027],[18.5299,46.5098],[18.5316,46.5136],[18.528,46.5148],[18.5301,46.5162],[18.5269,46.5176],[18.5256,46.5139],[18.5177,46.5232],[18.5098,46.5202],[18.5089,46.5111],[18.5106,46.5139],[18.5144,46.5129],[18.5111,46.5169],[18.5159,46.5227],[18.5206,46.5195],[18.5214,46.5069],[18.5173,46.5103],[18.518,46.5167],[18.5143,46.5155],[18.5169,46.5111],[18.5127,46.5102],[18.5115,46.5126],[18.5066,46.509],[18.5045,46.5128],[18.5079,46.5212],[18.5051,46.5208],[18.5025,46.5127],[18.5081,46.4987],[18.5074,46.5046],[18.5113,46.5006],[18.5177,46.506],[18.5201,46.4929],[18.5187,46.5017],[18.5288,46.484],[18.5414,46.4812],[18.5491,46.484],[18.5455,46.4903],[18.5481,46.4879]]]}},{"type":"Feature","properties":{"landuse":"farmland"},"geometry":{"type":"Polygon","coordinates":[[[18.5025,46.5085],[18.5002,46.5076],[18.5015,46.5062],[18.5025,46.5085]]]}},{"type":"Feature","properties":{"landuse":"farmland"},"geometry":{"type":"Polygon","coordinates":[[[18.5212,46.5379],[18.5282,46.5267],[18.5226,46.5321],[18.5253,46.5264],[18.5166,46.532],[18.5217,46.5279],[18.5186,46.5265],[18.5291,46.5258],[18.5253,46.5357],[18.5212,46.5379]]]}},{"type":"Feature","properties":{"landuse":"farmland"},"geometry":{"type":"Polygon","coordinates":[[[18.5229,46.5202],[18.5243,46.5192],[18.5254,46.5202],[18.5229,46.5202]]]}},{"type":"Feature","properties":{"landuse":"farmland"},"geometry":{"type":"MultiPolygon","coordinates":[[[[18.5281,46.5229],[18.5262,46.5252],[18.5255,46.5227],[18.5281,46.5229]]],[[[18.5224,46.5237],[18.5242,46.5248],[18.5216,46.5244],[18.5224,46.5237]]]]}},{"type":"Feature","properties":{"landuse":"farmland"},"geometry":{"type":"Polygon","coordinates":[[[18.5118,46.5253],[18.5138,46.5259],[18.5085,46.5266],[18.5083,46.522],[18.5118,46.5253]]]}},{"type":"Feature","properties":{"landuse":"farmland"},"geometry":{"type":"Polygon","coordinates":[[[18.8782,46.6498],[18.8798,46.6489],[18.8805,46.6509],[18.8782,46.6498]]]}},{"type":"Feature","properties":{"landuse":"vineyard"},"geometry":{"type":"Polygon","coordinates":[[[18.8773,46.652],[18.8782,46.6503],[18.8803,46.6511],[18.8773,46.652]]]}},{"type":"Feature","properties":{"landuse":"farmland"},"geometry":{"type":"Polygon","coordinates":[[[18.8803,46.6511],[18.8806,46.6535],[18.8768,46.6532],[18.8803,46.6511]]]}},{"type":"Feature","properties":{"landuse":"farmland"},"geometry":{"type":"MultiPolygon","coordinates":[[[[18.8281,46.6434],[18.8306,46.6421],[18.8298,46.6444],[18.8281,46.6434]]],[[[18.8535,46.636],[18.8588,46.6336],[18.844,46.6521],[18.8541,46.6562],[18.8468,46.6623],[18.8447,46.6624],[18.8459,46.6596],[18.8407,46.6628],[18.8366,46.668],[18.8359,46.6652],[18.8352,46.6703],[18.8256,46.6789],[18.8236,46.6713],[18.8224,46.6792],[18.8137,46.6646],[18.8241,46.6557],[18.8204,46.6538],[18.8154,46.6581],[18.8158,46.6494],[18.8196,46.651],[18.8168,46.6487],[18.82,46.6448],[18.8173,46.6419],[18.8231,46.6395],[18.8198,46.6377],[18.8258,46.6296],[18.8401,46.6335],[18.8308,46.6417],[18.8237,46.6432],[18.8303,46.646],[18.8317,46.6413],[18.8435,46.6319],[18.8535,46.636]],[[18.8249,46.6716],[18.8299,46.6726],[18.83,46.6678],[18.827,46.6667],[18.8249,46.6716]],[[18.8444,46.6466],[18.8448,46.6458],[18.8438,46.6456],[18.8444,46.6466]],[[18.8334,46.6575],[18.8394,46.6597],[18.8368,46.657],[18.8334,46.6575]],[[18.8489,46.6365],[18.8493,46.6355],[18.8483,46.6353],[18.8479,46.6363],[18.8489,46.6365]]]]}},{"type":"Feature","properties":{"landuse":"vineyard"},"geometry":{"type":"Polygon","coordinates":[[[18.873,46.6498],[18.8626,46.657],[18.8438,46.6523],[18.8547,46.6391],[18.8643,46.6482],[18.873,46.6498]]]}},{"type":"Feature","properties":{"landuse":"farmland"},"geometry":{"type":"Polygon","coordinates":[[[18.8535,46.6333],[18.8557,46.6345],[18.8527,46.6343],[18.8535,46.6333]]]}},{"type":"Feature","properties":{"landuse":"vineyard"},"geometry":{"type":"Polygon","coordinates":[[[18.8638,46.6405],[18.86,46.6415],[18.8605,46.639],[18.8638,46.6405]]]}},{"type":"Feature","properties":{"landuse":"vineyard"},"geometry":{"type":"Polygon","coordinates":[[[18.872,46.6413],[18.8743,46.6437],[18.8686,46.6415],[18.872,46.6413]]]}},{"type":"Feature","properties":{"landuse":"farmland"},"geometry":{"type":"MultiPolygon","coordinates":[[[[18.861,46.6383],[18.862,46.6359],[18.8631,46.6385],[18.861,46.6383]]],[[[18.8617,46.6419],[18.865,46.6366],[18.869,46.6375],[18.8737,46.6326],[18.872,46.6413],[18.8689,46.6401],[18.8743,46.6437],[18.873,46.6498],[18.8662,46.6473],[18.8672,46.6445],[18.8611,46.6442],[18.8617,46.6419]]]]}},{"type":"Feature","properties":{"landuse":"farmland"},"geometry":{"type":"Polygon","coordinates":[[[18.826,46.59],[18.8268,46.5928],[18.8186,46.5898],[18.8211,46.5873],[18.826,46.59]]]}},{"type":"Feature","properties":{"landuse":"farmland"},"geometry":{"type":"Polygon","coordinates":[[[18.7532,46.3985],[18.7568,46.3986],[18.7476,46.4018],[18.7537,46.403],[18.7482,46.4131],[18.7445,46.4143],[18.7487,46.4184],[18.7613,46.4188],[18.7577,46.419],[18.7665,46.4269],[18.7641,46.4309],[18.7358,46.4154],[18.7379,46.4108],[18.7422,46.4115],[18.7408,46.4081],[18.7487,46.3996],[18.7532,46.3985]],[[18.7527,46.424],[18.7551,46.4217],[18.7537,46.421],[18.7527,46.424]],[[18.7559,46.4257],[18.7572,46.4245],[18.7544,46.425],[18.7559,46.4257]],[[18.7479,46.41],[18.748,46.4103],[18.7491,46.4099],[18.7479,46.41]]]}},{"type":"Feature","properties":{"landuse":"farmland"},"geometry":{"type":"MultiPolygon","coordinates":[[[[18.7776,46.3759],[18.7711,46.3769],[18.7715,46.3762],[18.7776,46.3759]]],[[[18.7598,46.3794],[18.7574,46.3798],[18.7552,46.3789],[18.7598,46.3794]]],[[[18.7601,46.3793],[18.7548,46.3787],[18.7514,46.3694],[18.7701,46.3764],[18.7601,46.3793]]],[[[18.7794,46.4184],[18.7726,46.4202],[18.7605,46.4089],[18.7601,46.3998],[18.7508,46.3977],[18.7577,46.3807],[18.7672,46.3823],[18.7672,46.38],[18.7618,46.382],[18.7802,46.3764],[18.7781,46.3991],[18.7684,46.4033],[18.7662,46.408],[18.77,46.4137],[18.7699,46.4064],[18.7765,46.3994],[18.7755,46.4075],[18.786,46.4168],[18.7794,46.4184]]],[[[18.782,46.3769],[18.781,46.3776],[18.781,46.3763],[18.782,46.3769]]]]}},{"type":"Feature","properties":{"landuse":"farmland"},"geometry":{"type":"Polygon","coordinates":[[[18.8437,46.6309],[18.8291,46.6306],[18.8369,46.6208],[18.8401,46.6241],[18.8475,46.622],[18.8411,46.6274],[18.8446,46.6282],[18.8437,46.6309]]]}},{"type":"Feature","properties":{"landuse":"vineyard"},"geometry":{"type":"Polygon","coordinates":[[[18.8721,46.6526],[18.8749,46.645],[18.8794,46.6451],[18.8775,46.6512],[18.8721,46.6526]]]}},{"type":"Feature","properties":{"landuse":"vineyard"},"geometry":{"type":"Polygon","coordinates":[[[18.877,46.6409],[18.8747,46.6439],[18.875,46.64],[18.877,46.6409]]]}},{"type":"Feature","properties":{"landuse":"orchard"},"geometry":{"type":"Polygon","coordinates":[[[18.7898,46.4034],[18.7921,46.4061],[18.7904,46.4062],[18.7898,46.4034]]]}},{"type":"Feature","properties":{"landuse":"farmland"},"geometry":{"type":"Polygon","coordinates":[[[18.1578,46.8196],[18.1513,46.8319],[18.1511,46.8274],[18.1371,46.8246],[18.1426,46.8166],[18.146,46.8169],[18.1418,46.8225],[18.1484,46.8158],[18.1446,46.8153],[18.146,46.8097],[18.1488,46.8101],[18.1529,46.8005],[18.1581,46.8019],[18.1572,46.8075],[18.166,46.8052],[18.1578,46.8196]],[[18.1483,46.8228],[18.1513,46.8235],[18.1515,46.8235],[18.1483,46.8228]]]}},{"type":"Feature","properties":{"landuse":"farmland"},"geometry":{"type":"Polygon","coordinates":[[[18.1685,46.7933],[18.1673,46.7904],[18.1714,46.7831],[18.1685,46.7933]]]}},{"type":"Feature","properties":{"landuse":"farmland"},"geometry":{"type":"Polygon","coordinates":[[[18.1743,46.7941],[18.1699,46.7937],[18.1755,46.7915],[18.1765,46.797],[18.1722,46.7963],[18.1743,46.7941]]]}},{"type":"Feature","properties":{"landuse":"orchard"},"geometry":{"type":"Polygon","coordinates":[[[18.452,46.2301],[18.4534,46.2306],[18.4511,46.231],[18.452,46.2301]]]}},{"type":"Feature","properties":{"landuse":"farmland"},"geometry":{"type":"Polygon","coordinates":[[[18.4738,46.2255],[18.4745,46.223],[18.48,46.2237],[18.4738,46.2255]]]}},{"type":"Feature","properties":{"landuse":"farmland"},"geometry":{"type":"Polygon","coordinates":[[[18.4685,46.2104],[18.4721,46.2109],[18.4695,46.2152],[18.4698,46.2129],[18.4664,46.2152],[18.4645,46.2108],[18.4618,46.2124],[18.4619,46.2086],[18.4685,46.2104]]]}},{"type":"Feature","properties":{"landuse":"farmland"},"geometry":{"type":"Polygon","coordinates":[[[18.4662,46.2325],[18.4727,46.229],[18.4688,46.234],[18.4662,46.2325]]]}},{"type":"Feature","properties":{"landuse":"vineyard"},"geometry":{"type":"Polygon","coordinates":[[[18.471,46.2352],[18.4695,46.2336],[18.4732,46.2313],[18.4773,46.2383],[18.4756,46.2403],[18.471,46.2352]]]}},{"type":"Feature","properties":{"landuse":"farmland"},"geometry":{"type":"Polygon","coordinates":[[[18.4825,46.2346],[18.4821,46.2456],[18.4732,46.2313],[18.4767,46.2341],[18.4821,46.23],[18.4825,46.2346]]]}},{"type":"Feature","properties":{"landuse":"farmland"},"geometry":{"type":"Polygon","coordinates":[[[18.4695,46.2336],[18.4727,46.2374],[18.4679,46.2358],[18.4695,46.2336]]]}},{"type":"Feature","properties":{"landuse":"farmland"},"geometry":{"type":"Polygon","coordinates":[[[18.4654,46.232],[18.4656,46.2331],[18.4602,46.2322],[18.4654,46.232]]]}},{"type":"Feature","properties":{"landuse":"farmland"},"geometry":{"type":"Polygon","coordinates":[[[18.4721,46.2467],[18.4692,46.2482],[18.4727,46.2427],[18.4778,46.2418],[18.4721,46.2467]]]}},{"type":"Feature","properties":{"landuse":"vineyard"},"geometry":{"type":"Polygon","coordinates":[[[18.495,46.2342],[18.4987,46.2363],[18.5027,46.2339],[18.4983,46.2384],[18.495,46.2342]]]}},{"type":"Feature","properties":{"landuse":"vineyard"},"geometry":{"type":"Polygon","coordinates":[[[18.4931,46.2352],[18.4867,46.2281],[18.4934,46.2299],[18.4931,46.2352]]]}},{"type":"Feature","properties":{"landuse":"farmland"},"geometry":{"type":"MultiPolygon","coordinates":[[[[18.4536,46.1511],[18.4523,46.1542],[18.4487,46.1516],[18.4543,46.1451],[18.4536,46.1511]]],[[[18.4345,46.1636],[18.4382,46.1565],[18.4477,46.1513],[18.4515,46.1543],[18.4455,46.1647],[18.4345,46.1636]]],[[[18.444,46.1126],[18.4537,46.1102],[18.4528,46.124],[18.4568,46.1217],[18.4469,46.136],[18.4498,46.1377],[18.4473,46.1426],[18.4503,46.1322],[18.4563,46.1336],[18.4547,46.1429],[18.4478,46.1429],[18.4509,46.1434],[18.4499,46.1501],[18.4371,46.1492],[18.4374,46.1449],[18.4312,46.1391],[18.444,46.1126]]],[[[18.4468,46.1649],[18.4483,46.1667],[18.4542,46.1551],[18.4578,46.158],[18.4621,46.1565],[18.4576,46.1549],[18.4594,46.151],[18.4685,46.1522],[18.4597,46.167],[18.4522,46.1686],[18.4468,46.1649]]]]}},{"type":"Feature","properties":{"landuse":"farmland"},"geometry":{"type":"Polygon","coordinates":[[[18.3976,46.1634],[18.3906,46.1651],[18.3941,46.1584],[18.3976,46.1634]]]}},{"type":"Feature","properties":{"landuse":"vineyard"},"geometry":{"type":"Polygon","coordinates":[[[18.3786,46.1466],[18.3798,46.148],[18.3769,46.1486],[18.3786,46.1466]]]}},{"type":"Feature","properties":{"landuse":"farmland"},"geometry":{"type":"Polygon","coordinates":[[[18.3573,46.1632],[18.3668,46.16],[18.3699,46.1624],[18.3573,46.1632]]]}},{"type":"Feature","properties":{"landuse":"farmland"},"geometry":{"type":"Polygon","coordinates":[[[18.3803,46.1579],[18.383,46.1665],[18.3736,46.168],[18.3727,46.1645],[18.3754,46.1643],[18.3592,46.1564],[18.3611,46.1582],[18.3566,46.1593],[18.3593,46.1545],[18.3668,46.1568],[18.374,46.1559],[18.3745,46.153],[18.3803,46.1579]]]}},{"type":"Feature","properties":{"landuse":"farmland"},"geometry":{"type":"Polygon","coordinates":[[[18.6216,46.2294],[18.6294,46.2222],[18.6266,46.2259],[18.6285,46.2287],[18.626,46.2284],[18.6274,46.2328],[18.6216,46.2294]]]}},{"type":"Feature","properties":{"landuse":"vineyard"},"geometry":{"type":"Polygon","coordinates":[[[18.6074,46.2298],[18.5945,46.2344],[18.5924,46.2387],[18.5917,46.2336],[18.6016,46.2262],[18.5985,46.2307],[18.6074,46.2298]]]}},{"type":"Feature","properties":{"landuse":"farmland"},"geometry":{"type":"Polygon","coordinates":[[[18.609,46.2259],[18.6126,46.232],[18.6017,46.2231],[18.609,46.2259]]]}},{"type":"Feature","properties":{"landuse":"vineyard"},"geometry":{"type":"Polygon","coordinates":[[[18.5985,46.2568],[18.5972,46.2466],[18.6015,46.2505],[18.5985,46.2568]]]}},{"type":"Feature","properties":{"landuse":"farmland"},"geometry":{"type":"Polygon","coordinates":[[[18.5921,46.2558],[18.5912,46.2522],[18.5925,46.2525],[18.5921,46.2558]]]}},{"type":"Feature","properties":{"landuse":"farmland"},"geometry":{"type":"Polygon","coordinates":[[[18.5789,46.2433],[18.5789,46.2492],[18.5778,46.2443],[18.5789,46.2433]]]}},{"type":"Feature","properties":{"landuse":"farmland"},"geometry":{"type":"Polygon","coordinates":[[[18.5825,46.242],[18.5853,46.2537],[18.5822,46.2542],[18.5825,46.242]]]}},{"type":"Feature","properties":{"landuse":"vineyard"},"geometry":{"type":"Polygon","coordinates":[[[18.6091,46.2408],[18.5984,46.2434],[18.597,46.2464],[18.5924,46.2399],[18.5972,46.2431],[18.6087,46.234],[18.6032,46.2404],[18.6091,46.2408]]]}},{"type":"Feature","properties":{"landuse":"vineyard"},"geometry":{"type":"Polygon","coordinates":[[[18.6059,46.2473],[18.6048,46.2516],[18.6032,46.2493],[18.6059,46.2473]]]}},{"type":"Feature","properties":{"landuse":"farmland"},"geometry":{"type":"Polygon","coordinates":[[[18.5905,46.238],[18.5871,46.2537],[18.589,46.2554],[18.5865,46.2547],[18.5834,46.239],[18.5905,46.238]],[[18.5862,46.2397],[18.5862,46.2411],[18.588,46.241],[18.5862,46.2397]]]}},{"type":"Feature","properties":{"landuse":"vineyard"},"geometry":{"type":"Polygon","coordinates":[[[18.6762,46.1834],[18.6869,46.1858],[18.6919,46.1901],[18.693,46.1972],[18.6905,46.1947],[18.6889,46.1973],[18.6867,46.1926],[18.6888,46.1907],[18.679,46.1837],[18.6744,46.1849],[18.6762,46.1834]],[[18.6896,46.1899],[18.6892,46.1902],[18.6902,46.1905],[18.6896,46.1899]],[[18.6901,46.1894],[18.6894,46.1893],[18.6896,46.1899],[18.6901,46.1894]]]}},{"type":"Feature","properties":{"landuse":"farmland"},"geometry":{"type":"Polygon","coordinates":[[[18.4397,46.2573],[18.4372,46.2589],[18.4357,46.2583],[18.4397,46.2573]]]}},{"type":"Feature","properties":{"landuse":"farmland"},"geometry":{"type":"Polygon","coordinates":[[[18.4398,46.2561],[18.4369,46.2565],[18.4373,46.2551],[18.4398,46.2561]]]}},{"type":"Feature","properties":{"landuse":"farmland"},"geometry":{"type":"Polygon","coordinates":[[[18.4835,46.2581],[18.4713,46.2512],[18.4863,46.2551],[18.4835,46.2581]]]}},{"type":"Feature","properties":{"landuse":"farmland"},"geometry":{"type":"Polygon","coordinates":[[[18.4771,46.2484],[18.4784,46.2468],[18.4804,46.2498],[18.4771,46.2484]]]}},{"type":"Feature","properties":{"landuse":"farmland"},"geometry":{"type":"Polygon","coordinates":[[[18.4813,46.2547],[18.4822,46.2534],[18.4865,46.2531],[18.4842,46.2547],[18.4813,46.2547]]]}},{"type":"Feature","properties":{"landuse":"farmland"},"geometry":{"type":"Polygon","coordinates":[[[18.4392,46.2701],[18.4361,46.2714],[18.439,46.2688],[18.4362,46.266],[18.444,46.2672],[18.4445,46.2705],[18.4392,46.2701]]]}},{"type":"Feature","properties":{"landuse":"farmland"},"geometry":{"type":"Polygon","coordinates":[[[18.4489,46.2668],[18.4505,46.2709],[18.4411,46.2624],[18.4463,46.2627],[18.4489,46.2668]]]}},{"type":"Feature","properties":{"landuse":"farmland"},"geometry":{"type":"Polygon","coordinates":[[[18.4079,46.2654],[18.4048,46.2667],[18.408,46.2625],[18.4079,46.2654]]]}},{"type":"Feature","properties":{"landuse":"farmland"},"geometry":{"type":"Polygon","coordinates":[[[18.4198,46.2703],[18.4176,46.2645],[18.4134,46.2619],[18.4142,46.2658],[18.4117,46.2625],[18.416,46.2621],[18.4249,46.2687],[18.4241,46.2714],[18.4211,46.2683],[18.4208,46.2721],[18.4198,46.2703]]]}},{"type":"Feature","properties":{"landuse":"farmland"},"geometry":{"type":"Polygon","coordinates":[[[18.4017,46.268],[18.3986,46.267],[18.4026,46.2671],[18.4017,46.268]]]}},{"type":"Feature","properties":{"landuse":"farmland"},"geometry":{"type":"Polygon","coordinates":[[[18.3985,46.2624],[18.3977,46.2595],[18.3999,46.2604],[18.3985,46.2624]]]}},{"type":"Feature","properties":{"landuse":"farmland"},"geometry":{"type":"Polygon","coordinates":[[[18.4038,46.2628],[18.3988,46.2641],[18.4004,46.2608],[18.4038,46.2628]]]}},{"type":"Feature","properties":{"landuse":"farmland"},"geometry":{"type":"Polygon","coordinates":[[[18.3839,46.2685],[18.3851,46.2706],[18.3795,46.2661],[18.3839,46.2685]]]}},{"type":"Feature","properties":{"landuse":"farmland"},"geometry":{"type":"Polygon","coordinates":[[[18.3908,46.2663],[18.3911,46.2639],[18.3923,46.2651],[18.3908,46.2663]]]}},{"type":"Feature","properties":{"landuse":"orchard"},"geometry":{"type":"Polygon","coordinates":[[[18.3832,46.2671],[18.3845,46.2672],[18.3839,46.2685],[18.3832,46.2671]]]}},{"type":"Feature","properties":{"landuse":"farmland"},"geometry":{"type":"Polygon","coordinates":[[[18.2723,46.2332],[18.2777,46.2377],[18.2689,46.2333],[18.2711,46.231],[18.2723,46.2332]]]}},{"type":"Feature","properties":{"landuse":"farmland"},"geometry":{"type":"Polygon","coordinates":[[[18.2737,46.227],[18.2716,46.227],[18.2745,46.2245],[18.2737,46.227]]]}},{"type":"Feature","properties":{"landuse":"farmland"},"geometry":{"type":"Polygon","coordinates":[[[18.2668,46.226],[18.2698,46.2246],[18.2707,46.2267],[18.2668,46.226]]]}},{"type":"Feature","properties":{"landuse":"farmland"},"geometry":{"type":"Polygon","coordinates":[[[18.2621,46.2388],[18.2609,46.2382],[18.2678,46.2338],[18.2621,46.2388]]]}},{"type":"Feature","properties":{"landuse":"farmland"},"geometry":{"type":"Polygon","coordinates":[[[18.2712,46.2169],[18.2741,46.2161],[18.277,46.2211],[18.2699,46.2206],[18.2712,46.2169]]]}},{"type":"Feature","properties":{"landuse":"farmland"},"geometry":{"type":"Polygon","coordinates":[[[18.2659,46.2309],[18.2659,46.2289],[18.2695,46.2302],[18.2659,46.2309]]]}},{"type":"Feature","properties":{"landuse":"farmland"},"geometry":{"type":"Polygon","coordinates":[[[18.2752,46.2122],[18.2698,46.2129],[18.2706,46.209],[18.2753,46.2083],[18.2752,46.2122]]]}},{"type":"Feature","properties":{"landuse":"farmland"},"geometry":{"type":"Polygon","coordinates":[[[18.2142,46.3013],[18.2113,46.3],[18.2226,46.2975],[18.2142,46.3013]]]}},{"type":"Feature","properties":{"landuse":"farmland"},"geometry":{"type":"Polygon","coordinates":[[[18.2203,46.2973],[18.2226,46.2936],[18.2236,46.297],[18.2203,46.2973]]]}},{"type":"Feature","properties":{"landuse":"farmland"},"geometry":{"type":"Polygon","coordinates":[[[18.2146,46.2987],[18.2159,46.2955],[18.2195,46.2974],[18.2146,46.2987]]]}},{"type":"Feature","properties":{"landuse":"farmland"},"geometry":{"type":"Polygon","coordinates":[[[18.211,46.2997],[18.2117,46.2955],[18.2141,46.2984],[18.211,46.2997]]]}},{"type":"Feature","properties":{"landuse":"farmland"},"geometry":{"type":"Polygon","coordinates":[[[18.2115,46.3184],[18.21,46.3164],[18.214,46.3135],[18.2179,46.3155],[18.2115,46.3184]]]}},{"type":"Feature","properties":{"landuse":"farmland"},"geometry":{"type":"Polygon","coordinates":[[[18.2222,46.3094],[18.2182,46.3095],[18.2184,46.3073],[18.2222,46.3094]]]}},{"type":"Feature","properties":{"landuse":"farmland"},"geometry":{"type":"Polygon","coordinates":[[[18.2163,46.3023],[18.223,46.3026],[18.223,46.3056],[18.2155,46.3068],[18.2139,46.3036],[18.2163,46.3023]]]}},{"type":"Feature","properties":{"landuse":"farmland"},"geometry":{"type":"Polygon","coordinates":[[[18.1809,46.3257],[18.1785,46.326],[18.1795,46.3238],[18.1809,46.3257]]]}},{"type":"Feature","properties":{"landuse":"farmland"},"geometry":{"type":"Polygon","coordinates":[[[18.1808,46.3259],[18.1849,46.3284],[18.1827,46.3307],[18.1797,46.3285],[18.1808,46.3259]]]}},{"type":"Feature","properties":{"landuse":"vineyard"},"geometry":{"type":"Polygon","coordinates":[[[17.3856,46.6432],[17.3908,46.6446],[17.388,46.6493],[17.3852,46.6487],[17.3831,46.6551],[17.383,46.6485],[17.3796,46.6474],[17.3856,46.6432]]]}},{"type":"Feature","properties":{"landuse":"farmland"},"geometry":{"type":"MultiPolygon","coordinates":[[[[17.3933,46.5725],[17.3934,46.5713],[17.3947,46.571],[17.3933,46.5725]]],[[[17.3971,46.5769],[17.391,46.5734],[17.3987,46.5723],[17.3971,46.5769]]]]}},{"type":"Feature","properties":{"landuse":"farmland"},"geometry":{"type":"Polygon","coordinates":[[[17.3938,46.5764],[17.3857,46.5771],[17.3907,46.5737],[17.3944,46.5741],[17.3938,46.5764]]]}},{"type":"Feature","properties":{"landuse":"vineyard"},"geometry":{"type":"Polygon","coordinates":[[[17.3957,46.5877],[17.3948,46.5904],[17.3927,46.5902],[17.3957,46.5877]]]}},{"type":"Feature","properties":{"landuse":"farmland"},"geometry":{"type":"MultiPolygon","coordinates":[[[[17.3963,46.5877],[17.3947,46.5875],[17.3966,46.5869],[17.3963,46.5877]]],[[[17.3965,46.5905],[17.3957,46.5904],[17.3961,46.5895],[17.3969,46.5895],[17.3965,46.5905]]]]}},{"type":"Feature","properties":{"landuse":"farmland"},"geometry":{"type":"Polygon","coordinates":[[[17.4041,46.5694],[17.4051,46.5734],[17.401,46.5712],[17.4041,46.5694]]]}},{"type":"Feature","properties":{"landuse":"farmland"},"geometry":{"type":"Polygon","coordinates":[[[17.3879,46.5726],[17.3921,46.5701],[17.3918,46.5723],[17.3879,46.5726]]]}},{"type":"Feature","properties":{"landuse":"farmland"},"geometry":{"type":"Polygon","coordinates":[[[17.4133,46.6585],[17.4088,46.6575],[17.4134,46.6556],[17.4133,46.6585]]]}},{"type":"Feature","properties":{"landuse":"farmland"},"geometry":{"type":"Polygon","coordinates":[[[17.431,46.6411],[17.4353,46.645],[17.4252,46.6554],[17.4174,46.6561],[17.4168,46.6531],[17.4252,46.6497],[17.4201,46.6497],[17.4234,46.6492],[17.419,46.6454],[17.4314,46.6458],[17.431,46.6411]]]}},{"type":"Feature","properties":{"landuse":"farmland"},"geometry":{"type":"Polygon","coordinates":[[[17.4167,46.5904],[17.4162,46.5956],[17.4201,46.5907],[17.4333,46.5882],[17.4289,46.5948],[17.4311,46.5938],[17.4328,46.6014],[17.4125,46.5995],[17.4129,46.5912],[17.4167,46.5904]],[[17.4242,46.5914],[17.4239,46.592],[17.4252,46.5922],[17.4254,46.5916],[17.4242,46.5914]]]}},{"type":"Feature","properties":{"landuse":"green_public_spaces"},"geometry":{"type":"Polygon","coordinates":[[[18.1604,46.0358],[18.1565,46.035],[18.1604,46.034],[18.1604,46.0358]]]}},{"type":"Feature","properties":{"landuse":"farmland"},"geometry":{"type":"MultiPolygon","coordinates":[[[[18.7251,46.1447],[18.7473,46.1499],[18.7232,46.164],[18.722,46.1526],[18.7251,46.1447]]],[[[18.7201,46.1758],[18.7229,46.1646],[18.7263,46.1627],[18.7246,46.1759],[18.7201,46.1758]]],[[[18.7623,46.1263],[18.7656,46.1256],[18.7651,46.1276],[18.7623,46.1263]]],[[[18.7662,46.1288],[18.764,46.1287],[18.7618,46.1268],[18.7662,46.1288]]],[[[18.7557,46.1407],[18.748,46.1498],[18.7361,46.146],[18.7366,46.1404],[18.7442,46.1349],[18.7487,46.1372],[18.7442,46.14],[18.7495,46.1376],[18.7557,46.1407]]],[[[18.7355,46.1301],[18.7414,46.126],[18.7371,46.1312],[18.7435,46.1267],[18.7394,46.1301],[18.7448,46.1274],[18.7473,46.1297],[18.7612,46.1264],[18.7635,46.1285],[18.7567,46.13],[18.7493,46.1372],[18.7439,46.1347],[18.7335,46.1406],[18.7483,46.1321],[18.7281,46.1425],[18.7355,46.1301]]],[[[18.7362,46.1425],[18.736,46.1459],[18.7296,46.1438],[18.7328,46.1411],[18.7362,46.1425]]],[[[18.7768,46.1328],[18.7749,46.1345],[18.7752,46.1334],[18.7768,46.1328]]],[[[18.7748,46.1328],[18.7672,46.1372],[18.7634,46.1362],[18.7634,46.1299],[18.7748,46.1328]],[[18.7697,46.1319],[18.7699,46.1319],[18.7699,46.1317],[18.7697,46.1317],[18.7697,46.1319]]],[[[18.7559,46.1405],[18.7493,46.1373],[18.7568,46.1301],[18.7635,46.1286],[18.7628,46.1362],[18.7559,46.1405]]],[[[18.7694,46.1438],[18.7644,46.145],[18.7644,46.1482],[18.7572,46.1536],[18.7534,46.1462],[18.7486,46.1495],[18.7509,46.1441],[18.7626,46.1377],[18.7705,46.1372],[18.7694,46.1438]],[[18.7516,46.1446],[18.7551,46.144],[18.7539,46.1428],[18.7547,46.1443],[18.7516,46.1446]],[[18.7513,46.1445],[18.7514,46.1445],[18.7515,46.1444],[18.7513,46.1445]]],[[[18.8044,46.1717],[18.7944,46.1655],[18.7917,46.1571],[18.7929,46.1642],[18.7739,46.155],[18.7769,46.1513],[18.7755,46.1477],[18.7805,46.1508],[18.79,46.149],[18.798,46.1666],[18.8226,46.1817],[18.7961,46.1765],[18.7912,46.165],[18.8125,46.1777],[18.8044,46.1717]],[[18.8109,46.1748],[18.8092,46.1745],[18.8118,46.1753],[18.8109,46.1748]]],[[[18.7803,46.138],[18.7896,46.148],[18.7773,46.1469],[18.7819,46.1443],[18.7803,46.138]],[[18.7815,46.1448],[18.782,46.1456],[18.7825,46.1451],[18.7815,46.1448]]],[[[18.7804,46.1434],[18.7799,46.1416],[18.781,46.1433],[18.7804,46.1434]]],[[[18.7596,46.1867],[18.7614,46.1883],[18.7555,46.1894],[18.7596,46.1867]]],[[[18.7675,46.1894],[18.7562,46.1943],[18.7554,46.1897],[18.77,46.1872],[18.7675,46.1894]]],[[[18.8249,46.1924],[18.8099,46.1899],[18.8101,46.1879],[18.8249,46.1924]]],[[[18.8313,46.1941],[18.8101,46.1878],[18.8164,46.1821],[18.8226,46.1818],[18.8313,46.1941]]],[[[18.7851,46.162],[18.7766,46.1666],[18.7747,46.1708],[18.7854,46.1621],[18.7908,46.1647],[18.7836,46.168],[18.7908,46.1662],[18.7946,46.1756],[18.785,46.1792],[18.7951,46.176],[18.8155,46.1795],[18.818,46.1811],[18.8099,46.1877],[18.8027,46.1857],[18.8099,46.1878],[18.8094,46.19],[18.8263,46.1928],[18.8184,46.199],[18.7679,46.1955],[18.7703,46.1875],[18.7607,46.1871],[18.759,46.1843],[18.7617,46.1825],[18.7609,46.1746],[18.7686,46.1811],[18.7616,46.1742],[18.7663,46.1734],[18.7647,46.1677],[18.7682,46.1681],[18.7754,46.1813],[18.7817,46.1823],[18.7763,46.1918],[18.7773,46.1958],[18.7833,46.1957],[18.7778,46.1953],[18.7767,46.1922],[18.7828,46.1874],[18.7825,46.1824],[18.7742,46.1786],[18.7915,46.1832],[18.7741,46.1781],[18.7685,46.1683],[18.7617,46.1634],[18.7736,46.1551],[18.7754,46.1563],[18.7728,46.1594],[18.7655,46.1627],[18.7731,46.1601],[18.7697,46.1632],[18.7766,46.1571],[18.7851,46.162]],[[18.8082,46.1912],[18.8088,46.1907],[18.8086,46.1906],[18.8082,46.1912]],[[18.7685,46.1948],[18.7691,46.1946],[18.7688,46.1944],[18.7685,46.1948]]],[[[18.7581,46.1994],[18.7545,46.1995],[18.754,46.1945],[18.7619,46.1945],[18.7581,46.1994]]],[[[18.7558,46.1938],[18.754,46.194],[18.7538,46.1926],[18.7558,46.1938]]],[[[18.7393,46.1992],[18.7519,46.1946],[18.7542,46.1994],[18.7393,46.1992]]],[[[18.7423,46.1934],[18.7465,46.1938],[18.7464,46.1905],[18.7506,46.1893],[18.7554,46.1907],[18.7409,46.1948],[18.7423,46.1934]],[[18.7507,46.1925],[18.7517,46.1924],[18.7495,46.1919],[18.7507,46.1925]]],[[[18.7408,46.1952],[18.7367,46.1931],[18.7424,46.1887],[18.7476,46.1924],[18.7408,46.1952]],[[18.7446,46.192],[18.7449,46.1919],[18.7448,46.1917],[18.7446,46.192]]],[[[18.738,46.1955],[18.7414,46.1954],[18.736,46.199],[18.738,46.1955]],[[18.7379,46.1971],[18.738,46.1971],[18.738,46.1971],[18.7379,46.1971]],[[18.7373,46.1974],[18.7375,46.1971],[18.7369,46.1971],[18.7373,46.1974]]],[[[18.7681,46.1944],[18.7626,46.1943],[18.7632,46.1929],[18.7681,46.1944]]],[[[18.776,46.1979],[18.767,46.1986],[18.7678,46.1957],[18.776,46.1979]]],[[[18.7588,46.1994],[18.7624,46.1946],[18.7675,46.1956],[18.7668,46.1986],[18.7588,46.1994]]],[[[18.7317,46.1799],[18.7311,46.1833],[18.7286,46.1823],[18.7317,46.1799]],[[18.732,46.1804],[18.732,46.1803],[18.732,46.1804],[18.732,46.1804]]],[[[18.725,46.1791],[18.7253,46.1747],[18.7288,46.1773],[18.725,46.1791]]],[[[18.7409,46.1798],[18.7448,46.1638],[18.7519,46.161],[18.7503,46.1594],[18.7702,46.1445],[18.7731,46.1457],[18.7765,46.1518],[18.7686,46.1604],[18.7595,46.1642],[18.7544,46.1621],[18.7583,46.1676],[18.7469,46.1649],[18.7446,46.1738],[18.7467,46.1652],[18.7545,46.1681],[18.7535,46.1724],[18.7399,46.1769],[18.7437,46.177],[18.7409,46.1798]],[[18.7651,46.1495],[18.7649,46.1496],[18.765,46.1497],[18.7651,46.1495]],[[18.776,46.1509],[18.7762,46.151],[18.7763,46.1509],[18.776,46.1509]]],[[[18.7704,46.1442],[18.7785,46.1384],[18.7787,46.1457],[18.7704,46.1442]]],[[[18.7702,46.144],[18.7684,46.1412],[18.7709,46.1372],[18.7781,46.1368],[18.7702,46.144]]],[[[18.753,46.1549],[18.755,46.1525],[18.7568,46.1539],[18.753,46.1549]]],[[[18.7456,46.1535],[18.7466,46.1521],[18.7522,46.1539],[18.7456,46.1535]],[[18.7467,46.1523],[18.7467,46.1523],[18.7465,46.1523],[18.7467,46.1523]],[[18.7462,46.1525],[18.7463,46.1526],[18.7463,46.1525],[18.7462,46.1525]],[[18.7459,46.153],[18.7471,46.1534],[18.746,46.1527],[18.7459,46.153]]],[[[18.751,46.1483],[18.7532,46.1467],[18.7566,46.1498],[18.7531,46.1516],[18.751,46.1483]],[[18.7521,46.1502],[18.7524,46.1502],[18.7523,46.1501],[18.7521,46.1502]]],[[[18.735,46.1662],[18.7278,46.1654],[18.7274,46.1628],[18.7369,46.1637],[18.7276,46.1606],[18.7388,46.1545],[18.7375,46.1589],[18.741,46.1601],[18.7382,46.159],[18.742,46.1531],[18.7417,46.1592],[18.7434,46.1531],[18.7547,46.1555],[18.7418,46.1666],[18.735,46.1662]]],[[[18.7547,46.1681],[18.7626,46.1668],[18.7657,46.1724],[18.7536,46.1726],[18.7547,46.1681]],[[18.7598,46.1687],[18.7599,46.1688],[18.7605,46.1689],[18.7598,46.1687]]],[[[18.734,46.1977],[18.7342,46.1974],[18.7344,46.1977],[18.734,46.1977]]],[[[18.744,46.164],[18.7448,46.166],[18.7421,46.1668],[18.744,46.164]]],[[[18.7586,46.1768],[18.7527,46.1783],[18.7535,46.1732],[18.7613,46.1733],[18.7586,46.1768]]],[[[18.7372,46.1667],[18.7416,46.1669],[18.7389,46.18],[18.7343,46.1778],[18.7324,46.1798],[18.7262,46.1743],[18.7373,46.1754],[18.7246,46.1712],[18.7335,46.1701],[18.7257,46.1693],[18.7271,46.1657],[18.7372,46.1667]]],[[[18.7488,46.1788],[18.7435,46.1795],[18.7513,46.1733],[18.7521,46.1783],[18.7488,46.1788]]],[[[18.7519,46.1786],[18.7502,46.1815],[18.7491,46.179],[18.7519,46.1786]]],[[[18.7572,46.178],[18.7549,46.1778],[18.7568,46.1772],[18.7572,46.178]]],[[[18.7334,46.1979],[18.7319,46.1983],[18.7321,46.1972],[18.7334,46.1979]]],[[[18.7438,46.189],[18.738,46.191],[18.7376,46.1875],[18.7505,46.1859],[18.7516,46.1884],[18.7438,46.189]]],[[[18.7327,46.1986],[18.7345,46.1989],[18.732,46.1994],[18.7327,46.1986]]],[[[18.7504,46.1831],[18.7554,46.1783],[18.7615,46.1799],[18.7611,46.1826],[18.7541,46.1839],[18.7593,46.1865],[18.7523,46.1887],[18.7504,46.1831]],[[18.7529,46.1813],[18.7536,46.1838],[18.7527,46.18],[18.7529,46.1813]]],[[[18.7377,46.1874],[18.7391,46.1804],[18.7491,46.1793],[18.7509,46.1858],[18.7449,46.1866],[18.744,46.1841],[18.7442,46.1866],[18.7377,46.1874]],[[18.744,46.1836],[18.7476,46.183],[18.747,46.1829],[18.744,46.1836]],[[18.7414,46.1841],[18.7386,46.1844],[18.7435,46.1837],[18.7414,46.1841]]],[[[18.7369,46.1844],[18.7383,46.1803],[18.7369,46.1888],[18.7346,46.1871],[18.7369,46.1844]]],[[[18.7338,46.1975],[18.7326,46.196],[18.7339,46.1961],[18.7338,46.1975]]],[[[18.7329,46.1935],[18.7335,46.1954],[18.7319,46.1956],[18.7316,46.1982],[18.7329,46.1935]]],[[[18.7357,46.1971],[18.7351,46.1989],[18.7345,46.1972],[18.7357,46.1971]],[[18.7355,46.1984],[18.7355,46.1984],[18.7355,46.1983],[18.7355,46.1984]]],[[[18.7357,46.1971],[18.7356,46.1959],[18.7377,46.1959],[18.7357,46.1971]]],[[[18.7312,46.199],[18.7308,46.1986],[18.7321,46.1985],[18.7312,46.199]]]]}},{"type":"Feature","properties":{"landuse":"green_public_spaces"},"geometry":{"type":"MultiPolygon","coordinates":[[[[18.4187,46.4971],[18.4188,46.4972],[18.4187,46.4972],[18.4187,46.4971]]],[[[18.4176,46.5005],[18.4156,46.5015],[18.4167,46.4977],[18.4196,46.4975],[18.4176,46.5005]],[[18.4175,46.4992],[18.4168,46.5002],[18.4177,46.4993],[18.4175,46.4992]],[[18.4187,46.4971],[18.4185,46.4971],[18.4188,46.4973],[18.4187,46.4971]]]]}},{"type":"Feature","properties":{"landuse":"green_public_spaces"},"geometry":{"type":"Polygon","coordinates":[[[18.6456,46.4685],[18.6486,46.4686],[18.6464,46.4694],[18.6456,46.4685]]]}},{"type":"Feature","properties":{"landuse":"farmland"},"geometry":{"type":"Polygon","coordinates":[[[18.6227,46.4045],[18.6198,46.4056],[18.626,46.4019],[18.626,46.4045],[18.6227,46.4045]]]}},{"type":"Feature","properties":{"landuse":"farmland"},"geometry":{"type":"Polygon","coordinates":[[[18.6306,46.4112],[18.6343,46.4136],[18.6326,46.4152],[18.6358,46.413],[18.6414,46.4163],[18.633,46.4231],[18.6191,46.423],[18.6279,46.4171],[18.6306,46.4112]]]}},{"type":"Feature","properties":{"landuse":"vineyard"},"geometry":{"type":"MultiPolygon","coordinates":[[[[18.6277,46.4149],[18.6267,46.4182],[18.6232,46.4189],[18.6277,46.4149]]],[[[18.6306,46.4112],[18.6273,46.414],[18.6292,46.4089],[18.6306,46.4112]]]]}},{"type":"Feature","properties":{"landuse":"farmland"},"geometry":{"type":"Polygon","coordinates":[[[18.0799,46.8282],[18.0791,46.8306],[18.0829,46.8329],[18.0687,46.8283],[18.0799,46.8282]]]}},{"type":"Feature","properties":{"landuse":"farmland"},"geometry":{"type":"MultiPolygon","coordinates":[[[[18.1089,46.8298],[18.1038,46.8283],[18.1087,46.8277],[18.1089,46.8298]]],[[[18.0972,46.8318],[18.0947,46.8295],[18.0979,46.8287],[18.0972,46.8318]]],[[[18.0776,46.8329],[18.094,46.8328],[18.0943,46.8302],[18.0932,46.8347],[18.082,46.8341],[18.0841,46.8351],[18.0806,46.8387],[18.0819,46.8344],[18.0796,46.8368],[18.0776,46.8329]]]]}},{"type":"Feature","properties":{"landuse":"farmland"},"geometry":{"type":"MultiPolygon","coordinates":[[[[18.1281,46.8139],[18.1294,46.8146],[18.1247,46.8139],[18.1281,46.8139]]],[[[18.1233,46.8135],[18.1273,46.8148],[18.1229,46.818],[18.1194,46.8154],[18.1212,46.8099],[18.1233,46.8135]]],[[[18.1122,46.8271],[18.1118,46.8227],[18.1075,46.8245],[18.1084,46.817],[18.1171,46.8081],[18.1168,46.817],[18.1216,46.8174],[18.1182,46.8202],[18.1149,46.8188],[18.1301,46.8308],[18.1215,46.8347],[18.124,46.8285],[18.12,46.8347],[18.1209,46.8296],[18.1145,46.8379],[18.11,46.8329],[18.115,46.8254],[18.1122,46.8271]],[[18.1134,46.8174],[18.1113,46.8172],[18.1113,46.8207],[18.1134,46.8174]]]]}},{"type":"Feature","properties":{"landuse":"farmland"},"geometry":{"type":"MultiPolygon","coordinates":[[[[18.112,46.7929],[18.1189,46.7954],[18.1113,46.7955],[18.112,46.7929]]],[[[18.1203,46.7994],[18.1181,46.806],[18.1168,46.7986],[18.1227,46.7955],[18.1203,46.7994]]]]}},{"type":"Feature","properties":{"landuse":"farmland"},"geometry":{"type":"Polygon","coordinates":[[[18.112,46.805],[18.1159,46.8057],[18.113,46.8063],[18.112,46.805]]]}},{"type":"Feature","properties":{"landuse":"farmland"},"geometry":{"type":"MultiPolygon","coordinates":[[[[18.1063,46.81],[18.1085,46.8102],[18.1083,46.8116],[18.1063,46.81]]],[[[18.108,46.8119],[18.1069,46.8165],[18.1044,46.8142],[18.108,46.8119]]]]}},{"type":"Feature","properties":{"landuse":"farmland"},"geometry":{"type":"Polygon","coordinates":[[[18.1301,46.8218],[18.1236,46.8186],[18.1276,46.8165],[18.1382,46.8197],[18.1332,46.8238],[18.1347,46.8275],[18.1318,46.8332],[18.1346,46.8197],[18.1301,46.8218]]]}},{"type":"Feature","properties":{"landuse":"farmland"},"geometry":{"type":"MultiPolygon","coordinates":[[[[18.1387,46.8114],[18.1392,46.81],[18.1394,46.8114],[18.1387,46.8114]]],[[[18.14,46.8102],[18.1429,46.8096],[18.1396,46.8114],[18.14,46.8102]]]]}},{"type":"Feature","properties":{"landuse":"farmland"},"geometry":{"type":"Polygon","coordinates":[[[18.1451,46.8084],[18.1409,46.8069],[18.1428,46.805],[18.1451,46.8084]]]}},{"type":"Feature","properties":{"landuse":"farmland"},"geometry":{"type":"MultiPolygon","coordinates":[[[[18.1511,46.7931],[18.15,46.7914],[18.1506,46.7889],[18.1511,46.7931]]],[[[18.1471,46.7898],[18.1495,46.7884],[18.1493,46.7948],[18.1449,46.7979],[18.1471,46.7898]]]]}},{"type":"Feature","properties":{"landuse":"farmland"},"geometry":{"type":"Polygon","coordinates":[[[18.1448,46.7985],[18.1463,46.801],[18.1423,46.8017],[18.1473,46.8029],[18.1393,46.802],[18.135,46.7904],[18.1395,46.7876],[18.147,46.7892],[18.1448,46.7985]]]}},{"type":"Feature","properties":{"landuse":"farmland"},"geometry":{"type":"Polygon","coordinates":[[[18.1253,46.8249],[18.1185,46.8205],[18.1231,46.8186],[18.13,46.822],[18.1281,46.827],[18.1312,46.8251],[18.1302,46.8221],[18.1327,46.8226],[18.1312,46.8283],[18.1253,46.8249]]]}},{"type":"Feature","properties":{"landuse":"farmland"},"geometry":{"type":"MultiPolygon","coordinates":[[[[18.1199,46.7951],[18.1172,46.7943],[18.1187,46.7919],[18.1215,46.7926],[18.1199,46.7951]]],[[[18.1246,46.7944],[18.1255,46.791],[18.1318,46.7928],[18.1246,46.7944]]]]}},{"type":"Feature","properties":{"landuse":"orchard"},"geometry":{"type":"Polygon","coordinates":[[[18.1246,46.8113],[18.1288,46.8132],[18.1281,46.8139],[18.1246,46.8113]]]}},{"type":"Feature","properties":{"landuse":"farmland"},"geometry":{"type":"MultiPolygon","coordinates":[[[[18.1529,46.7933],[18.1544,46.7934],[18.1537,46.795],[18.1529,46.7933]]],[[[18.1547,46.7954],[18.1553,46.7964],[18.1531,46.7955],[18.1547,46.7954]]],[[[18.154,46.7967],[18.1535,46.7985],[18.1514,46.797],[18.154,46.7967]]]]}},{"type":"Feature","properties":{"landuse":"orchard"},"geometry":{"type":"Polygon","coordinates":[[[18.1514,46.797],[18.1531,46.7987],[18.1505,46.7983],[18.1514,46.797]]]}},{"type":"Feature","properties":{"landuse":"farmland"},"geometry":{"type":"Polygon","coordinates":[[[18.1517,46.7877],[18.1513,46.7811],[18.1514,46.7874],[18.1488,46.7873],[18.1501,46.7827],[18.1482,46.7876],[18.1358,46.7874],[18.1372,46.7825],[18.1286,46.7912],[18.1345,46.7827],[18.1317,46.7804],[18.1334,46.7776],[18.1459,46.7731],[18.1458,46.7674],[18.1493,46.7687],[18.1517,46.7786],[18.1509,46.7701],[18.1553,46.7747],[18.1517,46.7877]],[[18.1473,46.7737],[18.1429,46.7744],[18.1476,46.7749],[18.1473,46.7737]],[[18.1468,46.7689],[18.1477,46.7688],[18.1475,46.7683],[18.1468,46.7689]]]}},{"type":"Feature","properties":{"landuse":"farmland"},"geometry":{"type":"MultiPolygon","coordinates":[[[[18.1405,46.8128],[18.1424,46.8147],[18.1384,46.8121],[18.1405,46.8128]]],[[[18.1403,46.8155],[18.1358,46.8185],[18.1381,46.8134],[18.1403,46.8155]]],[[[18.1347,46.8186],[18.1309,46.8156],[18.1379,46.8124],[18.1347,46.8186]]],[[[18.1288,46.8132],[18.121,46.8081],[18.1245,46.8027],[18.1235,46.8055],[18.1363,46.7967],[18.1373,46.8108],[18.1285,46.8069],[18.1368,46.8119],[18.1323,46.8147],[18.1288,46.8132]]]]}},{"type":"Feature","properties":{"landuse":"farmland"},"geometry":{"type":"Polygon","coordinates":[[[18.0474,46.7418],[18.0565,46.7341],[18.0584,46.7364],[18.0546,46.7445],[18.0603,46.7354],[18.0767,46.7412],[18.0693,46.7511],[18.0679,46.7457],[18.0626,46.7502],[18.0669,46.7409],[18.0608,46.7468],[18.0519,46.7446],[18.0468,46.7501],[18.0451,46.7447],[18.0474,46.7418]]]}},{"type":"Feature","properties":{"landuse":"farmland"},"geometry":{"type":"Polygon","coordinates":[[[18.0113,46.7448],[18.0187,46.7354],[18.0224,46.7365],[18.0163,46.7472],[18.0113,46.7448]]]}},{"type":"Feature","properties":{"landuse":"farmland"},"geometry":{"type":"Polygon","coordinates":[[[18.0291,46.7701],[18.0282,46.7737],[18.0255,46.7684],[18.0323,46.7458],[18.0347,46.741],[18.0391,46.7399],[18.0462,46.7499],[18.0291,46.7701]],[[18.0308,46.765],[18.0299,46.7648],[18.0301,46.7652],[18.0308,46.765]],[[18.0346,46.7486],[18.0358,46.7484],[18.0354,46.7477],[18.0346,46.7486]],[[18.0346,46.7492],[18.0349,46.749],[18.0345,46.7488],[18.0346,46.7492]],[[18.0342,46.7497],[18.034,46.7499],[18.0343,46.75],[18.0342,46.7497]],[[18.0325,46.7508],[18.0333,46.7511],[18.0336,46.7505],[18.0325,46.7508]],[[18.0347,46.7437],[18.0363,46.7447],[18.0366,46.7443],[18.0347,46.7437]],[[18.0461,46.7499],[18.0452,46.7495],[18.0445,46.7502],[18.0461,46.7499]],[[18.034,46.7585],[18.0361,46.7589],[18.0345,46.7581],[18.034,46.7585]]]}},{"type":"Feature","properties":{"landuse":"farmland"},"geometry":{"type":"Polygon","coordinates":[[[18.4246,46.1331],[18.4296,46.127],[18.4309,46.132],[18.4217,46.1497],[18.4229,46.1525],[18.4193,46.1516],[18.4189,46.1407],[18.4246,46.1331]]]}},{"type":"Feature","properties":{"landuse":"farmland"},"geometry":{"type":"MultiPolygon","coordinates":[[[[18.4208,46.1217],[18.4186,46.1232],[18.4193,46.1212],[18.4208,46.1217]]],[[[18.4134,46.1408],[18.4103,46.1417],[18.412,46.1369],[18.408,46.1352],[18.4126,46.1293],[18.4121,46.1246],[18.4219,46.1217],[18.4279,46.1251],[18.4134,46.1408]]]]}},{"type":"Feature","properties":{"landuse":"farmland"},"geometry":{"type":"Polygon","coordinates":[[[18.4196,46.1448],[18.4181,46.1507],[18.4097,46.1436],[18.4182,46.1405],[18.4196,46.1448]]]}},{"type":"Feature","properties":{"landuse":"farmland"},"geometry":{"type":"MultiPolygon","coordinates":[[[[18.5197,46.1171],[18.5198,46.1161],[18.5207,46.116],[18.5197,46.1171]]],[[[18.4812,46.114],[18.492,46.1084],[18.5085,46.1097],[18.507,46.1125],[18.5112,46.1086],[18.5173,46.1099],[18.5204,46.1222],[18.5274,46.113],[18.5261,46.1158],[18.523,46.1139],[18.5302,46.1064],[18.533,46.1069],[18.531,46.114],[18.528,46.1148],[18.5308,46.1143],[18.5269,46.1239],[18.5345,46.1142],[18.5309,46.1245],[18.535,46.1153],[18.5372,46.116],[18.5344,46.1133],[18.5382,46.1138],[18.5321,46.1261],[18.5215,46.1276],[18.5167,46.1351],[18.5163,46.1307],[18.5075,46.1343],[18.5078,46.128],[18.5037,46.1314],[18.5018,46.1282],[18.4953,46.1307],[18.4983,46.1229],[18.5044,46.124],[18.5048,46.1268],[18.507,46.1239],[18.5124,46.1252],[18.5151,46.1292],[18.518,46.1233],[18.5136,46.1226],[18.5149,46.1199],[18.507,46.1204],[18.5027,46.1138],[18.4965,46.1159],[18.4932,46.112],[18.4906,46.12],[18.4871,46.1195],[18.4865,46.1146],[18.4837,46.1171],[18.4812,46.114]],[[18.5165,46.11],[18.5168,46.1099],[18.5165,46.1098],[18.5165,46.11]],[[18.5304,46.1093],[18.5312,46.1096],[18.5317,46.1091],[18.5304,46.1093]],[[18.5286,46.1108],[18.5296,46.1113],[18.5301,46.1098],[18.5286,46.1108]],[[18.4827,46.1115],[18.4831,46.1114],[18.4829,46.1113],[18.4827,46.1115]]]]}},{"type":"Feature","properties":{"landuse":"farmland"},"geometry":{"type":"MultiPolygon","coordinates":[[[[18.5855,46.0905],[18.5885,46.0896],[18.5831,46.0945],[18.5855,46.0905]]],[[[18.5649,46.0901],[18.5693,46.0916],[18.5741,46.0848],[18.5735,46.088],[18.5793,46.0835],[18.5765,46.0838],[18.576,46.0791],[18.5889,46.0737],[18.5884,46.0881],[18.5862,46.087],[18.5814,46.0917],[18.578,46.0902],[18.5747,46.0958],[18.5742,46.0908],[18.5748,46.0938],[18.5655,46.1037],[18.5544,46.1127],[18.5486,46.1136],[18.5463,46.1166],[18.5483,46.1194],[18.5373,46.1226],[18.5395,46.1127],[18.5363,46.1071],[18.5431,46.104],[18.5418,46.1087],[18.5443,46.1029],[18.5428,46.1088],[18.5458,46.1011],[18.5623,46.0951],[18.5649,46.0901]],[[18.5753,46.0894],[18.5733,46.0898],[18.5739,46.0904],[18.5753,46.0894]],[[18.5733,46.0884],[18.5721,46.0881],[18.5741,46.0893],[18.5733,46.0884]],[[18.5396,46.1146],[18.5425,46.1096],[18.5393,46.1136],[18.5396,46.1146]]]]}},{"type":"Feature","properties":{"landuse":"farmland"},"geometry":{"type":"Polygon","coordinates":[[[18.4597,46.1404],[18.4572,46.1441],[18.4577,46.1407],[18.4597,46.1404]]]}},{"type":"Feature","properties":{"landuse":"farmland"},"geometry":{"type":"Polygon","coordinates":[[[18.5729,46.0773],[18.5626,46.0919],[18.5429,46.1032],[18.5344,46.1051],[18.541,46.0933],[18.5488,46.0925],[18.5445,46.1],[18.555,46.089],[18.5382,46.0924],[18.5335,46.1059],[18.5279,46.1067],[18.5276,46.1011],[18.5269,46.1075],[18.5185,46.1034],[18.5142,46.1089],[18.5153,46.0904],[18.523,46.081],[18.5211,46.0844],[18.5252,46.0831],[18.527,46.0775],[18.5236,46.0811],[18.5291,46.0731],[18.5323,46.0762],[18.5261,46.0924],[18.5306,46.0888],[18.5336,46.0788],[18.531,46.0886],[18.5341,46.089],[18.5362,46.0799],[18.5395,46.0833],[18.5428,46.0776],[18.5459,46.0778],[18.5447,46.0813],[18.554,46.0842],[18.5729,46.0773]],[[18.5626,46.0857],[18.5624,46.0848],[18.562,46.0852],[18.5626,46.0857]],[[18.5439,46.0853],[18.5474,46.0864],[18.5476,46.0862],[18.5439,46.0853]],[[18.5527,46.088],[18.5525,46.0877],[18.5492,46.0868],[18.5527,46.088]],[[18.527,46.1007],[18.5271,46.0999],[18.5266,46.0981],[18.527,46.1007]],[[18.5252,46.1048],[18.5269,46.1039],[18.5265,46.1035],[18.5252,46.1048]]]}},{"type":"Feature","properties":{"landuse":"vineyard"},"geometry":{"type":"Polygon","coordinates":[[[17.7126,46.7395],[17.7102,46.7362],[17.7177,46.7377],[17.7198,46.7326],[17.7188,46.7379],[17.723,46.7404],[17.7296,46.7381],[17.726,46.7471],[17.7217,46.7475],[17.724,46.743],[17.7126,46.7395]]]}},{"type":"Feature","properties":{"landuse":"vineyard"},"geometry":{"type":"Polygon","coordinates":[[[17.6819,46.7699],[17.6774,46.7689],[17.678,46.7664],[17.673,46.7656],[17.6724,46.7685],[17.6663,46.7655],[17.6838,46.7656],[17.6819,46.7699]]]}},{"type":"Feature","properties":{"landuse":"farmland"},"geometry":{"type":"Polygon","coordinates":[[[17.679,46.7703],[17.6795,46.7694],[17.6819,46.7699],[17.679,46.7703]]]}},{"type":"Feature","properties":{"landuse":"farmland"},"geometry":{"type":"Polygon","coordinates":[[[17.6815,46.7716],[17.6867,46.7691],[17.6847,46.772],[17.6815,46.7716]]]}},{"type":"Feature","properties":{"landuse":"farmland"},"geometry":{"type":"Polygon","coordinates":[[[17.6819,46.7699],[17.6838,46.7656],[17.6791,46.7647],[17.6895,46.7648],[17.6873,46.7688],[17.6819,46.7699]]]}},{"type":"Feature","properties":{"landuse":"farmland"},"geometry":{"type":"Polygon","coordinates":[[[17.6783,46.7737],[17.6755,46.7716],[17.6844,46.7721],[17.6783,46.7737]]]}},{"type":"Feature","properties":{"landuse":"farmland"},"geometry":{"type":"Polygon","coordinates":[[[17.7338,46.7671],[17.7371,46.7594],[17.7397,46.7603],[17.7338,46.7671]]]}},{"type":"Feature","properties":{"landuse":"vineyard"},"geometry":{"type":"Polygon","coordinates":[[[17.7338,46.7671],[17.7276,46.7657],[17.7342,46.7585],[17.7371,46.7594],[17.7338,46.7671]]]}},{"type":"Feature","properties":{"landuse":"vineyard"},"geometry":{"type":"Polygon","coordinates":[[[17.7332,46.7685],[17.7287,46.7731],[17.7246,46.772],[17.7269,46.767],[17.7332,46.7685]]]}},{"type":"Feature","properties":{"landuse":"orchard"},"geometry":{"type":"Polygon","coordinates":[[[17.7228,46.7652],[17.7312,46.7598],[17.7276,46.7657],[17.7338,46.7671],[17.7269,46.767],[17.7246,46.772],[17.7209,46.771],[17.7248,46.7676],[17.7228,46.7652]]]}},{"type":"Feature","properties":{"landuse":"farmland"},"geometry":{"type":"Polygon","coordinates":[[[17.4935,45.9287],[17.4968,45.9241],[17.5009,45.9271],[17.4935,45.9287]],[[17.4981,45.9278],[17.4992,45.9282],[17.4984,45.9275],[17.4981,45.9278]]]}},{"type":"Feature","properties":{"landuse":"farmland"},"geometry":{"type":"Polygon","coordinates":[[[18.4363,46.4612],[18.4384,46.4636],[18.4361,46.4665],[18.4339,46.4659],[18.4363,46.4612]]]}},{"type":"Feature","properties":{"landuse":"farmland"},"geometry":{"type":"Polygon","coordinates":[[[18.4012,46.4888],[18.407,46.4833],[18.4075,46.4865],[18.4137,46.4897],[18.4086,46.4925],[18.4012,46.4888]],[[18.4074,46.4886],[18.4076,46.4882],[18.4065,46.4883],[18.4074,46.4886]]]}},{"type":"Feature","properties":{"landuse":"farmland"},"geometry":{"type":"Polygon","coordinates":[[[18.4227,46.4759],[18.4309,46.4652],[18.4283,46.4753],[18.4153,46.4839],[18.4286,46.4762],[18.424,46.4851],[18.4292,46.4776],[18.4285,46.4857],[18.4215,46.494],[18.4246,46.489],[18.4126,46.4891],[18.411,46.4863],[18.417,46.4792],[18.4098,46.485],[18.4076,46.4829],[18.4097,46.4804],[18.4057,46.4794],[18.4082,46.4772],[18.4055,46.4722],[18.412,46.4713],[18.4088,46.473],[18.4123,46.4786],[18.4227,46.4759]]]}},{"type":"Feature","properties":{"landuse":"farmland"},"geometry":{"type":"Polygon","coordinates":[[[18.4344,46.4838],[18.4334,46.4852],[18.4352,46.4847],[18.4333,46.4859],[18.4344,46.4838]]]}},{"type":"Feature","properties":{"landuse":"farmland"},"geometry":{"type":"Polygon","coordinates":[[[18.4054,46.4988],[18.405,46.4968],[18.4081,46.4985],[18.406,46.4957],[18.409,46.4927],[18.4113,46.4923],[18.408,46.4958],[18.4155,46.4959],[18.4094,46.5012],[18.4054,46.4988]]]}},{"type":"Feature","properties":{"landuse":"vineyard"},"geometry":{"type":"Polygon","coordinates":[[[18.4074,46.5078],[18.4053,46.5069],[18.4068,46.5004],[18.4101,46.5025],[18.4074,46.5078]]]}},{"type":"Feature","properties":{"landuse":"vineyard"},"geometry":{"type":"Polygon","coordinates":[[[18.4029,46.4942],[18.4031,46.49],[18.4085,46.4929],[18.406,46.4957],[18.4091,46.4974],[18.4029,46.4942]]]}},{"type":"Feature","properties":{"landuse":"farmland"},"geometry":{"type":"Polygon","coordinates":[[[18.4252,46.4752],[18.4225,46.4752],[18.4229,46.4742],[18.4252,46.4752]]]}},{"type":"Feature","properties":{"landuse":"farmland"},"geometry":{"type":"Polygon","coordinates":[[[18.4496,46.4628],[18.442,46.4712],[18.4392,46.4644],[18.4387,46.4678],[18.4368,46.4666],[18.4406,46.4644],[18.4398,46.4696],[18.4458,46.4624],[18.4496,46.4628]]]}},{"type":"Feature","properties":{"landuse":"farmland"},"geometry":{"type":"Polygon","coordinates":[[[18.5084,46.4119],[18.5092,46.41],[18.5106,46.41],[18.5084,46.4119]]]}},{"type":"Feature","properties":{"landuse":"farmland"},"geometry":{"type":"Polygon","coordinates":[[[18.4551,46.491],[18.453,46.4894],[18.4589,46.4802],[18.4551,46.491]]]}},{"type":"Feature","properties":{"landuse":"farmland"},"geometry":{"type":"Polygon","coordinates":[[[18.4693,46.487],[18.4641,46.4907],[18.4638,46.4877],[18.4693,46.487]]]}},{"type":"Feature","properties":{"landuse":"farmland"},"geometry":{"type":"Polygon","coordinates":[[[18.4427,46.4795],[18.4385,46.4831],[18.4413,46.4788],[18.4427,46.4795]]]}},{"type":"Feature","properties":{"landuse":"farmland"},"geometry":{"type":"MultiPolygon","coordinates":[[[[18.4565,46.472],[18.4541,46.4737],[18.453,46.4733],[18.4565,46.472]]],[[[18.4506,46.4726],[18.4481,46.4733],[18.4513,46.4709],[18.4506,46.4726]]],[[[18.4507,46.4702],[18.4471,46.4731],[18.4496,46.47],[18.4507,46.4702]]]]}},{"type":"Feature","properties":{"landuse":"green_public_spaces"},"geometry":{"type":"Polygon","coordinates":[[[18.8318,46.6171],[18.8327,46.6217],[18.83,46.6211],[18.8318,46.6171]]]}},{"type":"Feature","properties":{"landuse":"farmland"},"geometry":{"type":"Polygon","coordinates":[[[17.6724,46.7685],[17.6723,46.769],[17.6679,46.7685],[17.6724,46.7685]]]}},{"type":"Feature","properties":{"landuse":"farmland"},"geometry":{"type":"Polygon","coordinates":[[[18.0598,46.7071],[18.0572,46.7139],[18.0516,46.7161],[18.0575,46.7143],[18.0596,46.7166],[18.059,46.7119],[18.0628,46.712],[18.0597,46.7111],[18.07,46.7119],[18.0678,46.7183],[18.0541,46.7205],[18.0458,46.7159],[18.0426,46.7125],[18.0456,46.7023],[18.041,46.7058],[18.0442,46.7061],[18.0422,46.7123],[18.0371,46.7086],[18.0437,46.6867],[18.0504,46.6881],[18.0463,46.7015],[18.0507,46.6882],[18.0637,46.6919],[18.0541,46.7038],[18.0602,46.7014],[18.0565,46.7056],[18.0598,46.7071]],[[18.0387,46.7056],[18.0402,46.7014],[18.0451,46.7013],[18.04,46.7009],[18.0387,46.7056]],[[18.0462,46.715],[18.0465,46.7143],[18.0463,46.7146],[18.0462,46.715]],[[18.0501,46.715],[18.0502,46.7149],[18.0501,46.7148],[18.0501,46.715]],[[18.0522,46.713],[18.0528,46.7124],[18.0522,46.713],[18.0522,46.713]],[[18.0505,46.7144],[18.0503,46.7143],[18.0503,46.7143],[18.0505,46.7144]],[[18.05,46.7122],[18.0503,46.712],[18.0501,46.7119],[18.05,46.7122]],[[18.0467,46.7134],[18.0491,46.7133],[18.0471,46.7125],[18.0467,46.7134]],[[18.0507,46.7145],[18.0519,46.7134],[18.0505,46.7138],[18.0507,46.7145]],[[18.0517,46.7125],[18.0515,46.7123],[18.0514,46.7124],[18.0517,46.7125]],[[18.0521,46.7116],[18.0509,46.7107],[18.0517,46.7115],[18.0521,46.7116]],[[18.0538,46.7097],[18.0533,46.7094],[18.0526,46.7092],[18.0538,46.7097]],[[18.0499,46.7115],[18.0481,46.7105],[18.0471,46.7118],[18.0499,46.7115]],[[18.0482,46.7094],[18.0484,46.7091],[18.0483,46.7089],[18.0482,46.7094]],[[18.0522,46.7083],[18.053,46.7061],[18.0478,46.7065],[18.0522,46.7083]],[[18.0517,46.7049],[18.0519,46.7046],[18.0511,46.7044],[18.0517,46.7049]]]}},{"type":"Feature","properties":{"landuse":"farmland"},"geometry":{"type":"MultiPolygon","coordinates":[[[[18.0361,46.7128],[18.0373,46.7114],[18.0395,46.7118],[18.0361,46.7128]]],[[[18.0356,46.7137],[18.036,46.7132],[18.0371,46.7146],[18.0356,46.7137]]]]}},{"type":"Feature","properties":{"landuse":"orchard"},"geometry":{"type":"Polygon","coordinates":[[[18.0533,46.7234],[18.0537,46.7207],[18.0615,46.7192],[18.0555,46.7276],[18.0533,46.7234]],[[18.056,46.726],[18.0547,46.7248],[18.0553,46.7259],[18.056,46.726]]]}},{"type":"Feature","properties":{"landuse":"farmland"},"geometry":{"type":"Polygon","coordinates":[[[18.069,46.7374],[18.0566,46.733],[18.067,46.7341],[18.069,46.7374]],[[18.0687,46.7375],[18.0632,46.7353],[18.066,46.7369],[18.0687,46.7375]]]}},{"type":"Feature","properties":{"landuse":"farmland"},"geometry":{"type":"Polygon","coordinates":[[[18.0482,46.7311],[18.0595,46.7307],[18.0505,46.7339],[18.0482,46.7311]]]}},{"type":"Feature","properties":{"landuse":"farmland"},"geometry":{"type":"Polygon","coordinates":[[[18.1804,46.6875],[18.1837,46.6886],[18.1817,46.6907],[18.1771,46.6885],[18.1804,46.6875]]]}},{"type":"Feature","properties":{"landuse":"farmland"},"geometry":{"type":"Polygon","coordinates":[[[18.1936,46.6825],[18.1873,46.6832],[18.1814,46.6759],[18.1828,46.671],[18.1881,46.6725],[18.1822,46.6706],[18.1805,46.6756],[18.1683,46.6756],[18.1783,46.6757],[18.1706,46.6794],[18.1682,46.6769],[18.1702,46.6794],[18.1678,46.6804],[18.1623,46.6789],[18.1678,46.6623],[18.1789,46.6649],[18.1772,46.6625],[18.1799,46.6574],[18.1872,46.6578],[18.187,46.6635],[18.2001,46.6692],[18.1999,46.6754],[18.1953,46.6798],[18.1955,46.6757],[18.1935,46.6781],[18.1926,46.6746],[18.1953,46.6753],[18.1924,46.6744],[18.1936,46.6825]],[[18.1685,46.6625],[18.1762,46.6676],[18.1827,46.6692],[18.1685,46.6625]]]}},{"type":"Feature","properties":{"landuse":"farmland"},"geometry":{"type":"Polygon","coordinates":[[[18.182,46.6836],[18.1833,46.6859],[18.1806,46.6872],[18.1718,46.6807],[18.1748,46.6794],[18.1747,46.6836],[18.1796,46.6805],[18.182,46.6836]]]}},{"type":"Feature","properties":{"landuse":"orchard"},"geometry":{"type":"Polygon","coordinates":[[[18.182,46.6836],[18.1796,46.6805],[18.1747,46.6836],[18.1731,46.6817],[18.1758,46.6807],[18.1718,46.6807],[18.1806,46.6757],[18.187,46.6832],[18.182,46.6836]]]}},{"type":"Feature","properties":{"landuse":"farmland"},"geometry":{"type":"MultiPolygon","coordinates":[[[[18.1684,46.6906],[18.1612,46.6919],[18.1617,46.6882],[18.1684,46.6906]]],[[[18.1554,46.6866],[18.1593,46.6875],[18.1598,46.6918],[18.1488,46.6928],[18.1554,46.6866]]],[[[18.1558,46.6861],[18.1599,46.6811],[18.1598,46.6871],[18.1558,46.6861]]],[[[18.1706,46.6795],[18.1759,46.6856],[18.1721,46.6907],[18.1613,46.6875],[18.1623,46.683],[18.1665,46.6825],[18.1736,46.6874],[18.1673,46.6824],[18.1706,46.6795]]]]}},{"type":"Feature","properties":{"landuse":"farmland"},"geometry":{"type":"Polygon","coordinates":[[[18.079,46.8738],[18.0717,46.8723],[18.074,46.869],[18.079,46.8738]]]}},{"type":"Feature","properties":{"landuse":"farmland"},"geometry":{"type":"MultiPolygon","coordinates":[[[[18.0729,46.8885],[18.0737,46.8906],[18.0789,46.8884],[18.0803,46.8928],[18.0885,46.8939],[18.0898,46.8901],[18.1024,46.888],[18.099,46.893],[18.0914,46.8949],[18.0737,46.8936],[18.0729,46.8885]]],[[[18.102,46.8925],[18.0998,46.8928],[18.1031,46.8892],[18.102,46.8925]]]]}},{"type":"Feature","properties":{"landuse":"farmland"},"geometry":{"type":"Polygon","coordinates":[[[18.1031,46.8924],[18.1037,46.8899],[18.1138,46.8897],[18.1031,46.8924]]]}},{"type":"Feature","properties":{"landuse":"orchard"},"geometry":{"type":"Polygon","coordinates":[[[18.0888,46.8814],[18.087,46.8806],[18.0887,46.879],[18.0905,46.8799],[18.0888,46.8814]]]}},{"type":"Feature","properties":{"landuse":"farmland"},"geometry":{"type":"Polygon","coordinates":[[[18.1369,46.8723],[18.1352,46.8761],[18.1378,46.8772],[18.1351,46.8792],[18.1284,46.8779],[18.132,46.8716],[18.1369,46.8723]]]}},{"type":"Feature","properties":{"landuse":"farmland"},"geometry":{"type":"Polygon","coordinates":[[[18.1827,46.8451],[18.181,46.8447],[18.1841,46.8396],[18.1827,46.8451]]]}},{"type":"Feature","properties":{"landuse":"farmland"},"geometry":{"type":"Polygon","coordinates":[[[18.142,46.8842],[18.1524,46.8784],[18.1602,46.8787],[18.1444,46.8856],[18.142,46.8842]]]}},{"type":"Feature","properties":{"landuse":"farmland"},"geometry":{"type":"MultiPolygon","coordinates":[[[[18.0798,46.9008],[18.0782,46.9026],[18.0762,46.9001],[18.0794,46.8973],[18.0798,46.9008]]],[[[18.0819,46.9031],[18.0824,46.9041],[18.0812,46.9041],[18.0819,46.9031]]]]}},{"type":"Feature","properties":{"landuse":"farmland"},"geometry":{"type":"Polygon","coordinates":[[[18.1412,46.8844],[18.1343,46.8894],[18.1318,46.8881],[18.125,46.897],[18.1196,46.8954],[18.1226,46.8977],[18.1186,46.8971],[18.1183,46.9014],[18.1121,46.9003],[18.1149,46.904],[18.1126,46.9054],[18.1076,46.902],[18.1129,46.9058],[18.0924,46.9091],[18.0828,46.9047],[18.0928,46.8968],[18.1331,46.8836],[18.1412,46.8844]]]}},{"type":"Feature","properties":{"landuse":"farmland"},"geometry":{"type":"Polygon","coordinates":[[[18.0803,46.9011],[18.08,46.8966],[18.0715,46.8948],[18.0914,46.896],[18.1013,46.8936],[18.0901,46.8981],[18.0843,46.8963],[18.0845,46.9015],[18.0803,46.9011]]]}},{"type":"Feature","properties":{"landuse":"farmland"},"geometry":{"type":"Polygon","coordinates":[[[18.1388,46.8606],[18.1463,46.8602],[18.1363,46.8745],[18.1388,46.8606]]]}},{"type":"Feature","properties":{"landuse":"farmland"},"geometry":{"type":"Polygon","coordinates":[[[18.1529,46.8758],[18.1539,46.8737],[18.1408,46.8768],[18.1384,46.8749],[18.1496,46.8573],[18.1609,46.8646],[18.1554,46.871],[18.158,46.8718],[18.1653,46.8648],[18.1684,46.8663],[18.1642,46.8758],[18.1508,46.8777],[18.1619,46.8764],[18.1529,46.8758]]]}},{"type":"Feature","properties":{"landuse":"farmland"},"geometry":{"type":"MultiPolygon","coordinates":[[[[18.1469,46.8772],[18.1493,46.8767],[18.1477,46.8783],[18.1469,46.8772]]],[[[18.1467,46.8784],[18.1444,46.8788],[18.1464,46.8782],[18.1467,46.8784]]],[[[18.1495,46.8768],[18.1483,46.8796],[18.1408,46.8816],[18.1495,46.8768]]]]}},{"type":"Feature","properties":{"landuse":"farmland"},"geometry":{"type":"MultiPolygon","coordinates":[[[[18.1416,46.8788],[18.1407,46.8807],[18.14,46.8795],[18.1416,46.8788]]],[[[18.1464,46.8782],[18.1396,46.8792],[18.1409,46.8776],[18.1464,46.8782]]]]}},{"type":"Feature","properties":{"landuse":"farmland"},"geometry":{"type":"Polygon","coordinates":[[[18.1604,46.8464],[18.1638,46.8481],[18.1602,46.8524],[18.1575,46.8476],[18.1604,46.8464]]]}},{"type":"Feature","properties":{"landuse":"farmland"},"geometry":{"type":"Polygon","coordinates":[[[18.1561,46.8526],[18.1532,46.8521],[18.1549,46.8512],[18.1561,46.8526]]]}},{"type":"Feature","properties":{"landuse":"orchard"},"geometry":{"type":"Polygon","coordinates":[[[18.1369,46.8503],[18.1353,46.8495],[18.1369,46.846],[18.1369,46.8503]]]}},{"type":"Feature","properties":{"landuse":"farmland"},"geometry":{"type":"Polygon","coordinates":[[[18.1294,46.837],[18.1243,46.8439],[18.115,46.8416],[18.1217,46.8367],[18.1294,46.837]]]}},{"type":"Feature","properties":{"landuse":"farmland"},"geometry":{"type":"MultiPolygon","coordinates":[[[[18.1432,46.8406],[18.155,46.8508],[18.1494,46.8527],[18.1438,46.8491],[18.1432,46.8406]]],[[[18.1422,46.8402],[18.1443,46.8465],[18.1421,46.8519],[18.1369,46.8503],[18.1378,46.8438],[18.1338,46.8463],[18.1365,46.8469],[18.1356,46.8493],[18.1242,46.8439],[18.1339,46.8335],[18.1401,46.8356],[18.1422,46.8402]]]]}},{"type":"Feature","properties":{"landuse":"farmland"},"geometry":{"type":"Polygon","coordinates":[[[18.1722,46.8736],[18.1684,46.8699],[18.1804,46.8695],[18.165,46.8636],[18.1678,46.8553],[18.1762,46.867],[18.1979,46.8701],[18.1821,46.876],[18.1722,46.8736]]]}},{"type":"Feature","properties":{"landuse":"farmland"},"geometry":{"type":"MultiPolygon","coordinates":[[[[18.1507,46.803],[18.1506,46.8013],[18.1529,46.8005],[18.1507,46.803]]],[[[18.1548,46.7996],[18.1546,46.8006],[18.1538,46.8006],[18.1548,46.7996]]]]}},{"type":"Feature","properties":{"landuse":"farmland"},"geometry":{"type":"Polygon","coordinates":[[[18.1512,46.7934],[18.1479,46.8008],[18.1499,46.7903],[18.1512,46.7934]]]}},{"type":"Feature","properties":{"landuse":"farmland"},"geometry":{"type":"Polygon","coordinates":[[[18.153,46.7848],[18.154,46.7828],[18.1584,46.7821],[18.153,46.7848]]]}},{"type":"Feature","properties":{"landuse":"farmland"},"geometry":{"type":"Polygon","coordinates":[[[18.2731,46.6177],[18.2718,46.6144],[18.2708,46.617],[18.2684,46.6157],[18.2701,46.611],[18.2771,46.6195],[18.2731,46.6177]]]}},{"type":"Feature","properties":{"landuse":"green_public_spaces"},"geometry":{"type":"Polygon","coordinates":[[[18.2802,46.6247],[18.2824,46.6244],[18.2811,46.6255],[18.2802,46.6247]]]}},{"type":"Feature","properties":{"landuse":"farmland"},"geometry":{"type":"Polygon","coordinates":[[[18.0615,46.8916],[18.0656,46.8896],[18.0691,46.8912],[18.0615,46.8916]]]}},{"type":"Feature","properties":{"landuse":"farmland"},"geometry":{"type":"Polygon","coordinates":[[[18.0818,46.8789],[18.0792,46.8795],[18.0797,46.8773],[18.0818,46.8789]]]}},{"type":"Feature","properties":{"landuse":"farmland"},"geometry":{"type":"Polygon","coordinates":[[[18.0566,46.882],[18.0539,46.8865],[18.0528,46.8835],[18.0566,46.882]]]}},{"type":"Feature","properties":{"landuse":"farmland"},"geometry":{"type":"Polygon","coordinates":[[[18.1682,46.8552],[18.1753,46.857],[18.1801,46.8671],[18.1768,46.8667],[18.1682,46.8552]]]}},{"type":"Feature","properties":{"landuse":"farmland"},"geometry":{"type":"Polygon","coordinates":[[[18.1447,46.8809],[18.1508,46.8779],[18.1485,46.8801],[18.1447,46.8809]]]}},{"type":"Feature","properties":{"landuse":"farmland"},"geometry":{"type":"MultiPolygon","coordinates":[[[[18.3447,46.4695],[18.3417,46.4685],[18.3447,46.4688],[18.3447,46.4695]]],[[[18.3502,46.4703],[18.3461,46.47],[18.3451,46.469],[18.3502,46.4703]]],[[[18.3459,46.4668],[18.351,46.4682],[18.3453,46.4688],[18.3459,46.4668]]],[[[18.3456,46.4669],[18.3451,46.4685],[18.3434,46.4682],[18.3456,46.4669]]],[[[18.3429,46.4677],[18.3429,46.4681],[18.3419,46.4679],[18.3429,46.4677]]],[[[18.3422,46.4671],[18.3417,46.4677],[18.3427,46.4661],[18.3422,46.4671]]],[[[18.3384,46.4668],[18.3419,46.4658],[18.341,46.4675],[18.3384,46.4668]]],[[[18.3356,46.4665],[18.3503,46.4708],[18.3488,46.4748],[18.3411,46.4749],[18.3425,46.4725],[18.3351,46.4742],[18.3349,46.4707],[18.3309,46.4751],[18.313,46.4667],[18.3175,46.4494],[18.3192,46.4594],[18.3266,46.4651],[18.3356,46.4665]]]]}},{"type":"Feature","properties":{"landuse":"farmland"},"geometry":{"type":"MultiPolygon","coordinates":[[[[18.3251,46.4633],[18.3185,46.4566],[18.3213,46.4574],[18.3251,46.4633]]],[[[18.3334,46.4658],[18.3344,46.466],[18.3257,46.464],[18.3334,46.4658]]]]}},{"type":"Feature","properties":{"landuse":"orchard"},"geometry":{"type":"Polygon","coordinates":[[[18.3074,46.4722],[18.3047,46.475],[18.3032,46.4735],[18.3074,46.4722]]]}},{"type":"Feature","properties":{"landuse":"farmland"},"geometry":{"type":"MultiPolygon","coordinates":[[[[18.2719,46.4427],[18.2692,46.4465],[18.2628,46.4461],[18.2719,46.4427]]],[[[18.2779,46.4476],[18.2694,46.4466],[18.2722,46.4427],[18.3094,46.438],[18.3184,46.4409],[18.3185,46.4436],[18.3098,46.4415],[18.3055,46.4474],[18.2946,46.4456],[18.3093,46.4395],[18.2779,46.4476]]]]}},{"type":"Feature","properties":{"landuse":"farmland"},"geometry":{"type":"MultiPolygon","coordinates":[[[[18.3204,46.4394],[18.3206,46.4416],[18.3103,46.4373],[18.3204,46.4394]]],[[[18.3199,46.43],[18.3257,46.4365],[18.3216,46.4407],[18.316,46.4346],[18.3199,46.43]]],[[[18.3046,46.436],[18.2919,46.44],[18.2939,46.4357],[18.3046,46.436]]]]}},{"type":"Feature","properties":{"landuse":"farmland"},"geometry":{"type":"Polygon","coordinates":[[[18.3448,46.4606],[18.3507,46.4564],[18.35,46.4529],[18.3466,46.4525],[18.3462,46.4426],[18.3488,46.4431],[18.3491,46.4524],[18.3549,46.4548],[18.3605,46.4546],[18.3613,46.4473],[18.3633,46.4517],[18.3664,46.4477],[18.3588,46.4589],[18.3518,46.4575],[18.3471,46.463],[18.3448,46.4606]]]}},{"type":"Feature","properties":{"landuse":"farmland"},"geometry":{"type":"Polygon","coordinates":[[[18.1691,46.398],[18.1743,46.3951],[18.1787,46.3992],[18.1599,46.3996],[18.1691,46.398]]]}},{"type":"Feature","properties":{"landuse":"farmland"},"geometry":{"type":"MultiPolygon","coordinates":[[[[18.1571,46.3952],[18.1568,46.3929],[18.1634,46.3919],[18.1617,46.3962],[18.1571,46.3952]]],[[[18.1713,46.3919],[18.1765,46.3938],[18.1629,46.3936],[18.1671,46.3885],[18.1713,46.3919]]],[[[18.1682,46.3886],[18.1678,46.3859],[18.1715,46.3877],[18.1682,46.3886]]],[[[18.1697,46.3843],[18.1684,46.3827],[18.1713,46.3836],[18.1697,46.3843]]],[[[18.1773,46.3933],[18.1704,46.3847],[18.1832,46.3915],[18.185,46.4027],[18.1773,46.3933]]],[[[18.1741,46.3848],[18.1849,46.381],[18.1808,46.3892],[18.1741,46.3848]]]]}},{"type":"Feature","properties":{"landuse":"farmland"},"geometry":{"type":"Polygon","coordinates":[[[18.3107,46.4532],[18.3138,46.4552],[18.3119,46.4657],[18.3066,46.461],[18.3046,46.4685],[18.3177,46.4699],[18.3032,46.4735],[18.28,46.4492],[18.2944,46.4457],[18.3021,46.4513],[18.3028,46.4486],[18.3081,46.4485],[18.3044,46.4527],[18.3107,46.4532]],[[18.3059,46.46],[18.306,46.4599],[18.3058,46.4599],[18.3059,46.46]],[[18.3049,46.4599],[18.3044,46.4599],[18.3045,46.4601],[18.3049,46.4599]],[[18.296,46.4606],[18.2968,46.46],[18.2949,46.46],[18.296,46.4606]]]}},{"type":"Feature","properties":{"landuse":"farmland"},"geometry":{"type":"Polygon","coordinates":[[[18.3228,46.477],[18.3182,46.479],[18.3076,46.4725],[18.3182,46.4702],[18.3225,46.4721],[18.3228,46.477]]]}},{"type":"Feature","properties":{"landuse":"farmland"},"geometry":{"type":"Polygon","coordinates":[[[17.4068,46.6611],[17.4088,46.6575],[17.4133,46.6585],[17.4129,46.6625],[17.4068,46.6611]]]}},{"type":"Feature","properties":{"landuse":"farmland"},"geometry":{"type":"Polygon","coordinates":[[[17.4172,46.6616],[17.4146,46.6617],[17.4174,46.6564],[17.4172,46.6616]]]}},{"type":"Feature","properties":{"landuse":"farmland"},"geometry":{"type":"Polygon","coordinates":[[[18.5739,46.406],[18.5772,46.392],[18.5759,46.3937],[18.5874,46.3799],[18.592,46.3793],[18.593,46.3831],[18.5926,46.3792],[18.5936,46.3834],[18.5931,46.3793],[18.6005,46.3732],[18.6058,46.373],[18.605,46.3686],[18.6154,46.3638],[18.6229,46.3641],[18.617,46.3691],[18.6231,46.3642],[18.639,46.3716],[18.6543,46.3743],[18.6636,46.3717],[18.6725,46.3784],[18.6462,46.3801],[18.6414,46.3784],[18.6473,46.376],[18.6433,46.374],[18.6354,46.3756],[18.6207,46.3723],[18.6174,46.3738],[18.621,46.3747],[18.6158,46.3813],[18.6304,46.3781],[18.6275,46.3809],[18.6367,46.3832],[18.6274,46.3887],[18.6223,46.4],[18.6188,46.3975],[18.5959,46.4097],[18.5871,46.4088],[18.5878,46.4064],[18.5824,46.405],[18.5802,46.4079],[18.5739,46.406]],[[18.5935,46.3954],[18.5978,46.3897],[18.5948,46.3894],[18.5905,46.3955],[18.5935,46.3954]],[[18.6,46.4001],[18.5994,46.3975],[18.6008,46.4057],[18.6032,46.405],[18.6,46.4001]]]}},{"type":"Feature","properties":{"landuse":"farmland"},"geometry":{"type":"MultiPolygon","coordinates":[[[[18.6746,46.3784],[18.6949,46.3805],[18.6834,46.3849],[18.6746,46.3784]]],[[[18.6643,46.3804],[18.6565,46.382],[18.6566,46.3798],[18.6643,46.3804]]],[[[18.6736,46.3791],[18.6711,46.3827],[18.6744,46.3863],[18.6663,46.3856],[18.6692,46.3799],[18.6736,46.3791]]],[[[18.6807,46.3849],[18.6812,46.3853],[18.6795,46.3859],[18.6807,46.3849]]],[[[18.6803,46.3846],[18.6786,46.3861],[18.6748,46.3863],[18.6803,46.3846]]],[[[18.6747,46.38],[18.6798,46.3847],[18.67,46.3834],[18.6747,46.38]]]]}},{"type":"Feature","properties":{"landuse":"vineyard"},"geometry":{"type":"Polygon","coordinates":[[[18.6207,46.3723],[18.6251,46.3727],[18.6251,46.379],[18.6158,46.3813],[18.6155,46.3785],[18.6196,46.3787],[18.6207,46.3723]]]}},{"type":"Feature","properties":{"landuse":"vineyard"},"geometry":{"type":"Polygon","coordinates":[[[18.629,46.3874],[18.6368,46.3834],[18.6273,46.3813],[18.6439,46.3745],[18.6473,46.376],[18.6414,46.3784],[18.6563,46.3793],[18.6459,46.3807],[18.6471,46.3848],[18.629,46.3874]]]}},{"type":"Feature","properties":{"landuse":"farmland"},"geometry":{"type":"MultiPolygon","coordinates":[[[[18.6754,46.3764],[18.6741,46.3778],[18.6727,46.3766],[18.6754,46.3764]]],[[[18.668,46.3705],[18.6737,46.3733],[18.6729,46.3759],[18.668,46.3705]]],[[[18.6623,46.3684],[18.6676,46.3702],[18.6613,46.3712],[18.6623,46.3684]]],[[[18.6562,46.3674],[18.6614,46.3683],[18.6556,46.3738],[18.6382,46.3711],[18.6139,46.359],[18.6416,46.3618],[18.6399,46.3636],[18.6562,46.3674]]]]}},{"type":"Feature","properties":{"landuse":"farmland"},"geometry":{"type":"Polygon","coordinates":[[[18.5835,46.3851],[18.575,46.3914],[18.5736,46.4016],[18.5694,46.4057],[18.5714,46.3997],[18.5671,46.4022],[18.5634,46.3908],[18.5571,46.3954],[18.5512,46.3916],[18.5529,46.3872],[18.5576,46.3887],[18.5536,46.385],[18.5558,46.38],[18.5622,46.384],[18.5629,46.3805],[18.558,46.3785],[18.5616,46.3737],[18.5583,46.374],[18.5645,46.3707],[18.5694,46.3716],[18.5675,46.3765],[18.5861,46.381],[18.5835,46.3851]],[[18.5669,46.3893],[18.5653,46.3911],[18.5705,46.3928],[18.5669,46.3893]]]}},{"type":"Feature","properties":{"landuse":"farmland"},"geometry":{"type":"Polygon","coordinates":[[[18.5415,46.4172],[18.53,46.4127],[18.5472,46.3865],[18.5461,46.3812],[18.5503,46.3804],[18.5451,46.3775],[18.558,46.3712],[18.5484,46.3759],[18.5583,46.3725],[18.541,46.4074],[18.5505,46.3926],[18.5528,46.3971],[18.5645,46.3947],[18.5664,46.4025],[18.5632,46.4042],[18.5672,46.4063],[18.5415,46.4172]]]}},{"type":"Feature","properties":{"landuse":"farmland"},"geometry":{"type":"Polygon","coordinates":[[[18.5322,46.3837],[18.5428,46.3799],[18.5467,46.3869],[18.5295,46.4125],[18.5189,46.4094],[18.5274,46.396],[18.5296,46.3961],[18.5302,46.405],[18.5319,46.3969],[18.5345,46.3977],[18.5299,46.3953],[18.5322,46.3837]],[[18.5363,46.3894],[18.5379,46.3883],[18.5362,46.3873],[18.5363,46.3894]]]}},{"type":"Feature","properties":{"landuse":"farmland"},"geometry":{"type":"Polygon","coordinates":[[[18.5192,46.3984],[18.5193,46.3924],[18.5275,46.3947],[18.5184,46.392],[18.5302,46.3848],[18.5187,46.4093],[18.5104,46.407],[18.5105,46.3933],[18.518,46.3923],[18.5124,46.4024],[18.5156,46.403],[18.5164,46.3986],[18.5194,46.4007],[18.5192,46.3984]]]}},{"type":"Feature","properties":{"landuse":"farmland"},"geometry":{"type":"Polygon","coordinates":[[[18.4986,46.4101],[18.5026,46.4027],[18.5041,46.4058],[18.5082,46.4022],[18.5078,46.4055],[18.5114,46.3976],[18.5103,46.407],[18.4986,46.4101]]]}},{"type":"Feature","properties":{"landuse":"farmland"},"geometry":{"type":"Polygon","coordinates":[[[18.4642,46.4249],[18.4652,46.4216],[18.4626,46.4212],[18.4631,46.4238],[18.4576,46.4273],[18.4606,46.4255],[18.4593,46.4296],[18.4549,46.4273],[18.4606,46.4186],[18.4648,46.402],[18.4629,46.4116],[18.4657,46.408],[18.468,46.397],[18.4642,46.4028],[18.4603,46.4034],[18.4638,46.4031],[18.4633,46.4058],[18.4571,46.4055],[18.4576,46.4029],[18.4715,46.3945],[18.4753,46.3971],[18.4844,46.3912],[18.4969,46.3899],[18.4937,46.4023],[18.4973,46.3979],[18.502,46.3992],[18.4979,46.4103],[18.4993,46.4082],[18.49,46.4094],[18.4909,46.4052],[18.4864,46.4048],[18.4857,46.4103],[18.4788,46.4107],[18.4725,46.4158],[18.4809,46.413],[18.4872,46.4163],[18.4739,46.4253],[18.4677,46.4253],[18.4801,46.4146],[18.4769,46.4158],[18.4642,46.4249]],[[18.4692,46.4113],[18.4733,46.4054],[18.4747,46.4126],[18.4768,46.4041],[18.4743,46.3963],[18.4657,46.4097],[18.4661,46.4155],[18.4692,46.4113]],[[18.474,46.4115],[18.473,46.4099],[18.4735,46.4116],[18.474,46.4115]]]}},{"type":"Feature","properties":{"landuse":"vineyard"},"geometry":{"type":"Polygon","coordinates":[[[18.4981,46.3952],[18.4984,46.3922],[18.499,46.3992],[18.4981,46.3952]]]}},{"type":"Feature","properties":{"landuse":"farmland"},"geometry":{"type":"Polygon","coordinates":[[[18.4975,46.4102],[18.4823,46.412],[18.4925,46.4083],[18.4986,46.4082],[18.4975,46.4102]]]}},{"type":"Feature","properties":{"landuse":"farmland"},"geometry":{"type":"Polygon","coordinates":[[[18.5164,46.415],[18.514,46.4142],[18.5169,46.412],[18.5125,46.4109],[18.514,46.4078],[18.5293,46.4127],[18.5269,46.4176],[18.5284,46.4158],[18.5204,46.415],[18.5207,46.4126],[18.5193,46.4152],[18.5206,46.4117],[18.5164,46.415]]]}},{"type":"Feature","properties":{"landuse":"farmland"},"geometry":{"type":"Polygon","coordinates":[[[18.5079,46.3935],[18.5012,46.3991],[18.5022,46.3933],[18.5079,46.3935]]]}},{"type":"Feature","properties":{"landuse":"farmland"},"geometry":{"type":"MultiPolygon","coordinates":[[[[18.4604,46.4114],[18.4586,46.4109],[18.4601,46.41],[18.4604,46.4114]]],[[[18.4605,46.4118],[18.4594,46.4143],[18.4577,46.4128],[18.4605,46.4118]]]]}},{"type":"Feature","properties":{"landuse":"farmland"},"geometry":{"type":"Polygon","coordinates":[[[18.4522,46.4117],[18.4526,46.4088],[18.4541,46.4088],[18.4522,46.4117]]]}},{"type":"Feature","properties":{"landuse":"farmland"},"geometry":{"type":"Polygon","coordinates":[[[18.4511,46.4126],[18.4532,46.4141],[18.4514,46.4198],[18.4475,46.4221],[18.4518,46.4104],[18.4511,46.4126]]]}},{"type":"Feature","properties":{"landuse":"farmland"},"geometry":{"type":"Polygon","coordinates":[[[18.4453,46.4216],[18.4428,46.421],[18.4498,46.4033],[18.4435,46.4188],[18.4395,46.4213],[18.4452,46.4048],[18.4505,46.4018],[18.4495,46.4151],[18.4453,46.4216]]]}},{"type":"Feature","properties":{"landuse":"farmland"},"geometry":{"type":"Polygon","coordinates":[[[18.4327,46.4034],[18.4352,46.4005],[18.4195,46.3971],[18.4203,46.395],[18.4308,46.3923],[18.4303,46.3953],[18.4327,46.3952],[18.4295,46.3958],[18.4396,46.3987],[18.4327,46.4034]],[[18.4262,46.3945],[18.4259,46.3951],[18.4274,46.3949],[18.4262,46.3945]],[[18.4272,46.394],[18.4266,46.3945],[18.4287,46.3945],[18.4272,46.394]]]}},{"type":"Feature","properties":{"landuse":"farmland"},"geometry":{"type":"MultiPolygon","coordinates":[[[[18.4205,46.3985],[18.422,46.3988],[18.42,46.4041],[18.4205,46.3985]]],[[[18.4164,46.4021],[18.4098,46.401],[18.4096,46.3965],[18.4201,46.3986],[18.4195,46.4027],[18.4156,46.4043],[18.4164,46.4021]]]]}},{"type":"Feature","properties":{"landuse":"orchard"},"geometry":{"type":"MultiPolygon","coordinates":[[[[18.4205,46.3985],[18.4229,46.3949],[18.4297,46.4007],[18.4216,46.4023],[18.4205,46.3985]]],[[[18.4204,46.3978],[18.418,46.3983],[18.4182,46.3974],[18.4204,46.3978]]]]}},{"type":"Feature","properties":{"landuse":"farmland"},"geometry":{"type":"Polygon","coordinates":[[[18.4297,46.4007],[18.4319,46.4035],[18.4264,46.4061],[18.422,46.4073],[18.4202,46.4048],[18.4297,46.4007]]]}},{"type":"Feature","properties":{"landuse":"farmland"},"geometry":{"type":"Polygon","coordinates":[[[18.415,46.4042],[18.4207,46.4072],[18.4062,46.4048],[18.415,46.4042]]]}},{"type":"Feature","properties":{"landuse":"farmland"},"geometry":{"type":"Polygon","coordinates":[[[18.3495,46.3787],[18.3425,46.3834],[18.3353,46.3819],[18.3415,46.3834],[18.3455,46.3803],[18.348,46.3769],[18.3439,46.3745],[18.344,46.3709],[18.3468,46.3691],[18.3522,46.3709],[18.3495,46.3787]]]}},{"type":"Feature","properties":{"landuse":"farmland"},"geometry":{"type":"Polygon","coordinates":[[[18.4246,46.3819],[18.433,46.38],[18.4303,46.3839],[18.4374,46.3846],[18.4271,46.3842],[18.4343,46.3866],[18.4328,46.3908],[18.4167,46.3828],[18.4246,46.3819]]]}},{"type":"Feature","properties":{"landuse":"farmland"},"geometry":{"type":"Polygon","coordinates":[[[18.4335,46.3938],[18.4323,46.3919],[18.4346,46.391],[18.4335,46.3938]]]}},{"type":"Feature","properties":{"landuse":"farmland"},"geometry":{"type":"Polygon","coordinates":[[[18.4232,46.3803],[18.4258,46.3774],[18.4264,46.3823],[18.4232,46.3803]]]}},{"type":"Feature","properties":{"landuse":"farmland"},"geometry":{"type":"Polygon","coordinates":[[[18.4169,46.3738],[18.4147,46.3798],[18.4064,46.3723],[18.4027,46.3726],[18.4039,46.3683],[18.3982,46.3678],[18.4077,46.3681],[18.4169,46.3738]]]}},{"type":"Feature","properties":{"landuse":"orchard"},"geometry":{"type":"Polygon","coordinates":[[[18.4107,46.3833],[18.4114,46.3841],[18.4095,46.3815],[18.4107,46.3833]]]}},{"type":"Feature","properties":{"landuse":"farmland"},"geometry":{"type":"Polygon","coordinates":[[[18.3734,46.3851],[18.3688,46.3819],[18.3702,46.3803],[18.375,46.3828],[18.3734,46.3851]]]}},{"type":"Feature","properties":{"landuse":"farmland"},"geometry":{"type":"Polygon","coordinates":[[[18.3688,46.3875],[18.362,46.3852],[18.3682,46.3819],[18.3714,46.3837],[18.3688,46.3875]]]}},{"type":"Feature","properties":{"landuse":"farmland"},"geometry":{"type":"Polygon","coordinates":[[[18.3612,46.3869],[18.3667,46.3907],[18.3626,46.3902],[18.3612,46.3869]]]}},{"type":"Feature","properties":{"landuse":"farmland"},"geometry":{"type":"Polygon","coordinates":[[[18.4335,46.3741],[18.4366,46.374],[18.4385,46.3795],[18.4329,46.3823],[18.4348,46.3787],[18.4297,46.3806],[18.4289,46.3784],[18.4338,46.3768],[18.4335,46.3741]]]}},{"type":"Feature","properties":{"landuse":"farmland"},"geometry":{"type":"Polygon","coordinates":[[[18.4202,46.3754],[18.4211,46.3723],[18.4232,46.3768],[18.4202,46.3754]]]}},{"type":"Feature","properties":{"landuse":"orchard"},"geometry":{"type":"Polygon","coordinates":[[[18.4264,46.3823],[18.4263,46.3773],[18.4246,46.38],[18.4201,46.3793],[18.4199,46.3765],[18.4226,46.3789],[18.4266,46.3744],[18.4287,46.3815],[18.4264,46.3823]]]}},{"type":"Feature","properties":{"landuse":"orchard"},"geometry":{"type":"Polygon","coordinates":[[[18.4292,46.3782],[18.426,46.3728],[18.4244,46.3762],[18.4226,46.3741],[18.4247,46.3587],[18.4271,46.3592],[18.4252,46.368],[18.4309,46.3632],[18.4292,46.3687],[18.4326,46.3698],[18.4343,46.3759],[18.4292,46.3782]]]}},{"type":"Feature","properties":{"landuse":"orchard"},"geometry":{"type":"Polygon","coordinates":[[[18.4146,46.3834],[18.418,46.3831],[18.4183,46.3841],[18.4146,46.3834]]]}},{"type":"Feature","properties":{"landuse":"orchard"},"geometry":{"type":"Polygon","coordinates":[[[18.4202,46.3913],[18.4219,46.3883],[18.4182,46.3874],[18.4191,46.383],[18.4315,46.3907],[18.4202,46.3913]]]}},{"type":"Feature","properties":{"landuse":"farmland"},"geometry":{"type":"Polygon","coordinates":[[[18.4182,46.3874],[18.4219,46.3883],[18.4135,46.3895],[18.4135,46.3872],[18.4182,46.3874]]]}},{"type":"Feature","properties":{"landuse":"farmland"},"geometry":{"type":"Polygon","coordinates":[[[18.4057,46.3988],[18.3992,46.397],[18.3973,46.4002],[18.3988,46.397],[18.3931,46.4009],[18.3947,46.3967],[18.3916,46.3934],[18.3877,46.4004],[18.3849,46.3885],[18.3798,46.3915],[18.3768,46.3857],[18.3809,46.3829],[18.3978,46.3831],[18.3964,46.3889],[18.3911,46.3854],[18.389,46.3905],[18.3907,46.3875],[18.3912,46.393],[18.4126,46.3936],[18.4031,46.3948],[18.4092,46.3964],[18.4057,46.3988]]]}},{"type":"Feature","properties":{"landuse":"orchard"},"geometry":{"type":"Polygon","coordinates":[[[18.4089,46.3918],[18.4084,46.3932],[18.4073,46.3924],[18.4089,46.3918]]]}},{"type":"Feature","properties":{"landuse":"orchard"},"geometry":{"type":"Polygon","coordinates":[[[18.398,46.3831],[18.3993,46.3837],[18.3976,46.3858],[18.398,46.3831]]]}},{"type":"Feature","properties":{"landuse":"orchard"},"geometry":{"type":"Polygon","coordinates":[[[18.3785,46.3826],[18.3808,46.385],[18.3761,46.3855],[18.3785,46.3826]]]}},{"type":"Feature","properties":{"landuse":"orchard"},"geometry":{"type":"Polygon","coordinates":[[[18.3745,46.3794],[18.3761,46.38],[18.3731,46.3814],[18.3745,46.3794]]]}},{"type":"Feature","properties":{"landuse":"orchard"},"geometry":{"type":"Polygon","coordinates":[[[18.3746,46.3818],[18.3734,46.3851],[18.375,46.3828],[18.3728,46.3818],[18.3746,46.3818]]]}},{"type":"Feature","properties":{"landuse":"orchard"},"geometry":{"type":"Polygon","coordinates":[[[18.3564,46.3919],[18.3536,46.39],[18.3551,46.3859],[18.3484,46.3833],[18.3528,46.3796],[18.352,46.3829],[18.3567,46.3796],[18.3564,46.3919]]]}},{"type":"Feature","properties":{"landuse":"green_public_spaces"},"geometry":{"type":"Polygon","coordinates":[[[18.3687,46.3791],[18.3702,46.3757],[18.3755,46.3779],[18.3731,46.3814],[18.3687,46.3791]]]}},{"type":"Feature","properties":{"landuse":"orchard"},"geometry":{"type":"MultiPolygon","coordinates":[[[[18.3467,46.369],[18.3538,46.3692],[18.3522,46.3709],[18.3467,46.369]]],[[[18.3512,46.3601],[18.362,46.3593],[18.3676,46.3625],[18.3512,46.3601]]],[[[18.3573,46.3682],[18.3501,46.3673],[18.3506,46.3635],[18.3595,46.3655],[18.3573,46.3682]]]]}},{"type":"Feature","properties":{"landuse":"orchard"},"geometry":{"type":"Polygon","coordinates":[[[18.3557,46.3763],[18.3581,46.3719],[18.3589,46.3734],[18.3557,46.3763]]]}},{"type":"Feature","properties":{"landuse":"farmland"},"geometry":{"type":"Polygon","coordinates":[[[18.3385,46.3459],[18.3394,46.3386],[18.3544,46.3434],[18.3511,46.3496],[18.3406,46.3523],[18.339,46.3505],[18.3472,46.3466],[18.339,46.3487],[18.3454,46.3445],[18.3435,46.3422],[18.3385,46.3459]]]}},{"type":"Feature","properties":{"landuse":"farmland"},"geometry":{"type":"Polygon","coordinates":[[[18.3296,46.3455],[18.3266,46.347],[18.3238,46.3429],[18.3369,46.3466],[18.3387,46.3565],[18.3327,46.356],[18.3346,46.3467],[18.3296,46.3455]]]}},{"type":"Feature","properties":{"landuse":"farmland"},"geometry":{"type":"Polygon","coordinates":[[[18.4123,46.3896],[18.4047,46.3908],[18.4051,46.3885],[18.411,46.389],[18.4113,46.3863],[18.4033,46.3845],[18.3997,46.3877],[18.3989,46.3832],[18.4063,46.3819],[18.411,46.385],[18.4134,46.3828],[18.4123,46.3896]]]}},{"type":"Feature","properties":{"landuse":"orchard"},"geometry":{"type":"Polygon","coordinates":[[[18.4109,46.3871],[18.4022,46.3871],[18.4033,46.3845],[18.4109,46.3871]]]}},{"type":"Feature","properties":{"landuse":"farmland"},"geometry":{"type":"Polygon","coordinates":[[[18.4841,46.3498],[18.4935,46.3561],[18.4884,46.3589],[18.4835,46.3572],[18.4849,46.3588],[18.4782,46.362],[18.4821,46.3595],[18.4795,46.3616],[18.4827,46.3598],[18.4843,46.3643],[18.4744,46.3682],[18.4722,46.3726],[18.4625,46.3664],[18.4453,46.3647],[18.45,46.3575],[18.4551,46.3597],[18.4532,46.3632],[18.468,46.3511],[18.4795,46.3491],[18.4751,46.3534],[18.4841,46.3498]]]}},{"type":"Feature","properties":{"landuse":"orchard"},"geometry":{"type":"Polygon","coordinates":[[[18.45,46.3575],[18.4512,46.3566],[18.4549,46.3582],[18.45,46.3575]]]}},{"type":"Feature","properties":{"landuse":"farmland"},"geometry":{"type":"Polygon","coordinates":[[[18.471,46.3724],[18.4756,46.3748],[18.4679,46.3761],[18.471,46.3724]]]}},{"type":"Feature","properties":{"landuse":"farmland"},"geometry":{"type":"Polygon","coordinates":[[[18.4607,46.37],[18.4592,46.3824],[18.452,46.3831],[18.4562,46.3821],[18.4607,46.37]]]}},{"type":"Feature","properties":{"landuse":"farmland"},"geometry":{"type":"Polygon","coordinates":[[[18.4608,46.3698],[18.4619,46.368],[18.4581,46.3693],[18.4551,46.3763],[18.4519,46.3706],[18.447,46.3759],[18.4511,46.3692],[18.4469,46.3731],[18.4473,46.3667],[18.4624,46.3665],[18.4608,46.3698]]]}},{"type":"Feature","properties":{"landuse":"orchard"},"geometry":{"type":"Polygon","coordinates":[[[18.471,46.3724],[18.4666,46.3749],[18.4639,46.3672],[18.471,46.3724]]]}},{"type":"Feature","properties":{"landuse":"farmland"},"geometry":{"type":"Polygon","coordinates":[[[18.4612,46.3807],[18.4649,46.3804],[18.4634,46.3824],[18.4612,46.3807]]]}},{"type":"Feature","properties":{"landuse":"farmland"},"geometry":{"type":"Polygon","coordinates":[[[18.4542,46.384],[18.4624,46.3839],[18.4574,46.3843],[18.4542,46.384]]]}},{"type":"Feature","properties":{"landuse":"farmland"},"geometry":{"type":"Polygon","coordinates":[[[18.4784,46.3724],[18.4811,46.3704],[18.4843,46.3726],[18.4876,46.3662],[18.4924,46.3645],[18.4923,46.3599],[18.4958,46.3591],[18.4866,46.364],[18.488,46.361],[18.4826,46.3588],[18.489,46.3601],[18.4968,46.3553],[18.5045,46.362],[18.5022,46.3636],[18.5057,46.3635],[18.4993,46.3824],[18.494,46.3792],[18.4893,46.3854],[18.49,46.3817],[18.4839,46.3782],[18.4795,46.3796],[18.4812,46.3765],[18.4785,46.3768],[18.4775,46.3795],[18.483,46.3774],[18.4793,46.3803],[18.4845,46.3859],[18.4816,46.3852],[18.4758,46.3786],[18.4784,46.3724]],[[18.5017,46.3613],[18.4992,46.3583],[18.4932,46.364],[18.5017,46.3613]]]}},{"type":"Feature","properties":{"landuse":"farmland"},"geometry":{"type":"Polygon","coordinates":[[[18.5057,46.387],[18.5052,46.3886],[18.5042,46.3873],[18.5057,46.387]]]}},{"type":"Feature","properties":{"landuse":"farmland"},"geometry":{"type":"Polygon","coordinates":[[[18.4381,46.3842],[18.4398,46.3806],[18.4369,46.3729],[18.4404,46.3737],[18.4458,46.3833],[18.4381,46.3842]]]}},{"type":"Feature","properties":{"landuse":"farmland"},"geometry":{"type":"Polygon","coordinates":[[[18.4434,46.3722],[18.4459,46.3685],[18.4444,46.3717],[18.446,46.3694],[18.4457,46.3707],[18.4434,46.3722]]]}},{"type":"Feature","properties":{"landuse":"orchard"},"geometry":{"type":"Polygon","coordinates":[[[18.4423,46.3753],[18.441,46.373],[18.4441,46.3725],[18.4423,46.3753]]]}},{"type":"Feature","properties":{"landuse":"farmland"},"geometry":{"type":"MultiPolygon","coordinates":[[[[18.4481,46.3797],[18.4492,46.3778],[18.4494,46.3821],[18.4481,46.3797]]],[[[18.4458,46.376],[18.4474,46.3778],[18.4465,46.379],[18.4458,46.376]]]]}},{"type":"Feature","properties":{"landuse":"farmland"},"geometry":{"type":"Polygon","coordinates":[[[18.4853,46.3661],[18.4858,46.3697],[18.4815,46.3701],[18.4853,46.3661]]]}},{"type":"Feature","properties":{"landuse":"farmland"},"geometry":{"type":"Polygon","coordinates":[[[18.443,46.3999],[18.4478,46.399],[18.453,46.3915],[18.4494,46.4002],[18.4404,46.403],[18.4401,46.3943],[18.4328,46.3908],[18.4343,46.3866],[18.4483,46.3843],[18.4469,46.39],[18.4485,46.3843],[18.4516,46.3854],[18.4511,46.3911],[18.4452,46.3913],[18.443,46.3999]]]}},{"type":"Feature","properties":{"landuse":"orchard"},"geometry":{"type":"Polygon","coordinates":[[[18.4335,46.3938],[18.4346,46.391],[18.4366,46.3913],[18.4335,46.3938]]]}},{"type":"Feature","properties":{"landuse":"orchard"},"geometry":{"type":"Polygon","coordinates":[[[18.4513,46.3932],[18.443,46.3999],[18.4452,46.3913],[18.453,46.3911],[18.4513,46.3932]]]}},{"type":"Feature","properties":{"landuse":"farmland"},"geometry":{"type":"Polygon","coordinates":[[[18.459,46.3847],[18.4585,46.3887],[18.4605,46.3847],[18.4769,46.3831],[18.4815,46.3876],[18.4588,46.3994],[18.4609,46.3928],[18.4531,46.3954],[18.4549,46.391],[18.4514,46.3913],[18.4514,46.3888],[18.4535,46.3909],[18.4516,46.3857],[18.459,46.3847]]]}},{"type":"Feature","properties":{"landuse":"vineyard"},"geometry":{"type":"Polygon","coordinates":[[[18.7191,46.1527],[18.7153,46.1569],[18.713,46.1563],[18.7191,46.1527]]]}},{"type":"Feature","properties":{"landuse":"green_public_spaces"},"geometry":{"type":"MultiPolygon","coordinates":[[[[18.0367,46.732],[18.037,46.7323],[18.0367,46.7323],[18.0367,46.732]]],[[[18.0364,46.7317],[18.0361,46.7314],[18.0365,46.7313],[18.0364,46.7317]]],[[[18.0355,46.7306],[18.0368,46.7304],[18.0375,46.7327],[18.0355,46.7306]],[[18.0362,46.7307],[18.0366,46.7302],[18.036,46.731],[18.0369,46.7325],[18.0362,46.7307]]]]}},{"type":"Feature","properties":{"landuse":"farmland"},"geometry":{"type":"Polygon","coordinates":[[[17.4595,46.579],[17.4641,46.5743],[17.4637,46.5798],[17.4563,46.5834],[17.4595,46.579]]]}},{"type":"Feature","properties":{"landuse":"farmland"},"geometry":{"type":"Polygon","coordinates":[[[17.4582,46.5827],[17.4666,46.5833],[17.4656,46.5867],[17.4557,46.5862],[17.4582,46.5827]]]}},{"type":"Feature","properties":{"landuse":"farmland"},"geometry":{"type":"Polygon","coordinates":[[[17.4579,46.5707],[17.4616,46.5683],[17.4656,46.5711],[17.4595,46.5786],[17.4579,46.5707]]]}},{"type":"Feature","properties":{"landuse":"farmland"},"geometry":{"type":"Polygon","coordinates":[[[17.9203,46.5354],[17.9207,46.5324],[17.925,46.5331],[17.9244,46.5361],[17.9203,46.5354]],[[17.9218,46.5348],[17.9225,46.5349],[17.9215,46.5347],[17.9218,46.5348]]]}},{"type":"Feature","properties":{"landuse":"farmland"},"geometry":{"type":"Polygon","coordinates":[[[17.9312,46.5372],[17.9296,46.5416],[17.9233,46.5415],[17.9243,46.5369],[17.9312,46.5372]],[[17.929,46.5376],[17.9292,46.5374],[17.9289,46.5374],[17.929,46.5376]],[[17.9285,46.5374],[17.9282,46.5373],[17.9281,46.5375],[17.9285,46.5374]]]}},{"type":"Feature","properties":{"landuse":"farmland"},"geometry":{"type":"Polygon","coordinates":[[[17.9312,46.5372],[17.9244,46.5365],[17.9255,46.5315],[17.9322,46.5304],[17.9295,46.532],[17.9323,46.5329],[17.928,46.5334],[17.9323,46.5353],[17.9312,46.5372]],[[17.9274,46.5332],[17.9275,46.5331],[17.9274,46.5331],[17.9274,46.5332]]]}},{"type":"Feature","properties":{"landuse":"farmland"},"geometry":{"type":"Polygon","coordinates":[[[18.5192,46.2894],[18.5146,46.2899],[18.5152,46.2987],[18.5089,46.299],[18.5131,46.2893],[18.5192,46.2894]],[[18.5123,46.2963],[18.5114,46.2963],[18.5111,46.2972],[18.5123,46.2963]],[[18.5131,46.2954],[18.5138,46.2945],[18.513,46.2945],[18.5131,46.2954]]]}},{"type":"Feature","properties":{"landuse":"green_public_spaces"},"geometry":{"type":"Polygon","coordinates":[[[18.7943,46.4211],[18.7909,46.4188],[18.7924,46.4183],[18.7943,46.4211]]]}},{"type":"Feature","properties":{"landuse":"farmland"},"geometry":{"type":"MultiPolygon","coordinates":[[[[18.167,46.3825],[18.1662,46.383],[18.1641,46.3818],[18.167,46.3825]]],[[[18.1647,46.3791],[18.167,46.382],[18.1613,46.3799],[18.1647,46.3791]]],[[[18.153,46.3377],[18.1598,46.3571],[18.1642,46.3521],[18.1687,46.3537],[18.1697,46.3627],[18.1655,46.3613],[18.1757,46.3705],[18.1724,46.3693],[18.1809,46.3745],[18.1773,46.3719],[18.1878,46.3685],[18.1874,46.3732],[18.1844,46.3715],[18.1873,46.3736],[18.1857,46.3803],[18.1741,46.3832],[18.1676,46.3816],[18.1526,46.3627],[18.1423,46.3602],[18.153,46.3377]],[[18.155,46.3493],[18.1558,46.3482],[18.1552,46.3479],[18.155,46.3493]]]]}},{"type":"Feature","properties":{"landuse":"farmland"},"geometry":{"type":"Polygon","coordinates":[[[18.2545,46.344],[18.2526,46.3451],[18.2532,46.3395],[18.2522,46.3454],[18.2449,46.3462],[18.2479,46.3286],[18.2536,46.3259],[18.259,46.328],[18.2605,46.3383],[18.2545,46.344]]]}},{"type":"Feature","properties":{"landuse":"farmland"},"geometry":{"type":"Polygon","coordinates":[[[18.2442,46.3428],[18.2441,46.3462],[18.2433,46.3462],[18.2442,46.3428]]]}},{"type":"Feature","properties":{"landuse":"farmland"},"geometry":{"type":"MultiPolygon","coordinates":[[[[18.2709,46.325],[18.2671,46.3233],[18.2705,46.3226],[18.2709,46.325]]],[[[18.2712,46.325],[18.2724,46.3213],[18.2799,46.3248],[18.2834,46.323],[18.2818,46.3197],[18.276,46.3192],[18.281,46.3174],[18.2798,46.3142],[18.2859,46.3239],[18.2786,46.3269],[18.2712,46.325]]]]}},{"type":"Feature","properties":{"landuse":"farmland"},"geometry":{"type":"Polygon","coordinates":[[[18.163,46.3418],[18.1666,46.3391],[18.1602,46.3298],[18.1621,46.3265],[18.1586,46.3306],[18.1609,46.3347],[18.1541,46.3373],[18.1596,46.3247],[18.165,46.323],[18.1728,46.3272],[18.1701,46.3303],[18.1732,46.3337],[18.1741,46.3313],[18.1691,46.3393],[18.1766,46.3332],[18.1806,46.3343],[18.1775,46.3416],[18.181,46.3395],[18.1829,46.3416],[18.1786,46.3506],[18.1695,46.347],[18.1805,46.3516],[18.1841,46.343],[18.1873,46.3508],[18.1818,46.3552],[18.1872,46.3552],[18.1896,46.3521],[18.1808,46.3652],[18.1769,46.3608],[18.1748,46.3689],[18.1741,46.3596],[18.1698,46.3594],[18.1714,46.356],[18.1601,46.3508],[18.1571,46.3449],[18.1639,46.3446],[18.163,46.3418]]]}},{"type":"Feature","properties":{"landuse":"farmland"},"geometry":{"type":"Polygon","coordinates":[[[18.2022,46.3516],[18.1848,46.3622],[18.1886,46.3642],[18.1882,46.3681],[18.1799,46.3704],[18.1811,46.3653],[18.1846,46.368],[18.1837,46.3619],[18.1901,46.3524],[18.2022,46.3516]]]}},{"type":"Feature","properties":{"landuse":"farmland"},"geometry":{"type":"Polygon","coordinates":[[[18.1933,46.3438],[18.1861,46.344],[18.1876,46.3414],[18.1818,46.3344],[18.1963,46.3327],[18.1904,46.334],[18.1933,46.3438]]]}},{"type":"Feature","properties":{"landuse":"farmland"},"geometry":{"type":"Polygon","coordinates":[[[18.2252,46.3181],[18.2298,46.3228],[18.2211,46.3231],[18.2169,46.332],[18.2206,46.3287],[18.2274,46.3478],[18.2076,46.3533],[18.2082,46.3557],[18.2025,46.3525],[18.2041,46.3394],[18.1997,46.3326],[18.2085,46.3301],[18.2145,46.3187],[18.2214,46.3161],[18.221,46.3203],[18.2252,46.3181]]]}},{"type":"Feature","properties":{"landuse":"farmland"},"geometry":{"type":"Polygon","coordinates":[[[18.2463,46.3318],[18.246,46.3396],[18.2356,46.34],[18.2356,46.3451],[18.2307,46.3455],[18.2212,46.3265],[18.227,46.3267],[18.231,46.3213],[18.2294,46.3166],[18.2371,46.3141],[18.247,46.3287],[18.2463,46.3318]]]}},{"type":"Feature","properties":{"landuse":"farmland"},"geometry":{"type":"Polygon","coordinates":[[[18.19,46.3522],[18.1874,46.3519],[18.1872,46.3471],[18.1901,46.3501],[18.1922,46.3475],[18.1884,46.3441],[18.1953,46.3448],[18.1921,46.334],[18.1984,46.3334],[18.1972,46.3407],[18.2007,46.3381],[18.2018,46.3515],[18.19,46.3522]],[[18.1981,46.3366],[18.1984,46.3358],[18.1976,46.3344],[18.1981,46.3366]]]}},{"type":"Feature","properties":{"landuse":"farmland"},"geometry":{"type":"Polygon","coordinates":[[[18.163,46.3381],[18.1668,46.339],[18.1587,46.3414],[18.163,46.3381]]]}},{"type":"Feature","properties":{"landuse":"farmland"},"geometry":{"type":"Polygon","coordinates":[[[18.3269,46.3228],[18.3181,46.3216],[18.32,46.3258],[18.3282,46.3229],[18.3255,46.3273],[18.3169,46.3268],[18.3154,46.3307],[18.3081,46.3334],[18.3159,46.3203],[18.3362,46.3134],[18.3431,46.314],[18.3524,46.2967],[18.3653,46.2975],[18.3611,46.3066],[18.354,46.3078],[18.3551,46.3096],[18.3474,46.3156],[18.3308,46.3191],[18.3269,46.3228]]]}},{"type":"Feature","properties":{"landuse":"farmland"},"geometry":{"type":"Polygon","coordinates":[[[18.3477,46.3047],[18.3429,46.312],[18.3376,46.3136],[18.3484,46.2958],[18.3504,46.2966],[18.3477,46.3047]]]}},{"type":"Feature","properties":{"landuse":"farmland"},"geometry":{"type":"Polygon","coordinates":[[[18.3214,46.3049],[18.3347,46.313],[18.3285,46.3153],[18.3264,46.3079],[18.325,46.316],[18.3219,46.3167],[18.3207,46.312],[18.3186,46.3171],[18.3192,46.3125],[18.3161,46.315],[18.317,46.3083],[18.3214,46.3049]]]}},{"type":"Feature","properties":{"landuse":"farmland"},"geometry":{"type":"Polygon","coordinates":[[[18.314,46.3019],[18.3074,46.319],[18.3037,46.3124],[18.3069,46.3119],[18.3049,46.3068],[18.3074,46.303],[18.314,46.3019]]]}},{"type":"Feature","properties":{"landuse":"farmland"},"geometry":{"type":"Polygon","coordinates":[[[18.2519,46.3191],[18.2685,46.3143],[18.2682,46.3039],[18.2762,46.3102],[18.2725,46.3115],[18.276,46.3108],[18.2763,46.3019],[18.2795,46.3015],[18.2833,46.308],[18.2807,46.3081],[18.2763,46.3173],[18.2749,46.3158],[18.282,46.3224],[18.2705,46.318],[18.2578,46.3216],[18.2519,46.3191]],[[18.2716,46.3064],[18.272,46.3083],[18.2728,46.3095],[18.2716,46.3064]],[[18.2813,46.3043],[18.2818,46.3062],[18.2819,46.3061],[18.2813,46.3043]]]}},{"type":"Feature","properties":{"landuse":"farmland"},"geometry":{"type":"Polygon","coordinates":[[[18.2987,46.3134],[18.3025,46.3181],[18.3012,46.3214],[18.2987,46.3134]]]}},{"type":"Feature","properties":{"landuse":"farmland"},"geometry":{"type":"Polygon","coordinates":[[[18.3024,46.3299],[18.2998,46.3294],[18.3036,46.3209],[18.3061,46.3202],[18.3054,46.3229],[18.3107,46.317],[18.313,46.3184],[18.3024,46.3299]]]}},{"type":"Feature","properties":{"landuse":"farmland"},"geometry":{"type":"Polygon","coordinates":[[[18.2918,46.3181],[18.2925,46.3234],[18.2929,46.3203],[18.2989,46.3226],[18.2866,46.3241],[18.2835,46.317],[18.2879,46.3187],[18.2867,46.323],[18.2918,46.3181]]]}},{"type":"Feature","properties":{"landuse":"farmland"},"geometry":{"type":"MultiPolygon","coordinates":[[[[18.2836,46.3262],[18.2837,46.3256],[18.2851,46.326],[18.2836,46.3262]]],[[[18.2978,46.3292],[18.2874,46.3272],[18.3009,46.3224],[18.2978,46.3292]]]]}},{"type":"Feature","properties":{"landuse":"farmland"},"geometry":{"type":"MultiPolygon","coordinates":[[[[18.3016,46.3325],[18.3037,46.3314],[18.3056,46.3328],[18.3016,46.3325]]],[[[18.3008,46.331],[18.3004,46.3332],[18.298,46.3323],[18.3008,46.331]]]]}},{"type":"Feature","properties":{"landuse":"farmland"},"geometry":{"type":"Polygon","coordinates":[[[18.2891,46.3296],[18.2943,46.3299],[18.2949,46.3307],[18.2891,46.3296]]]}},{"type":"Feature","properties":{"landuse":"farmland"},"geometry":{"type":"Polygon","coordinates":[[[18.3054,46.346],[18.299,46.345],[18.2999,46.3358],[18.3143,46.3409],[18.311,46.3455],[18.3133,46.3428],[18.3126,46.3499],[18.3054,46.346]]]}},{"type":"Feature","properties":{"landuse":"farmland"},"geometry":{"type":"Polygon","coordinates":[[[18.3072,46.3351],[18.3065,46.3372],[18.3008,46.3353],[18.3072,46.3351]]]}},{"type":"Feature","properties":{"landuse":"farmland"},"geometry":{"type":"Polygon","coordinates":[[[18.3658,46.3313],[18.3677,46.3337],[18.3549,46.3431],[18.351,46.3366],[18.3517,46.3435],[18.3446,46.3395],[18.3473,46.3346],[18.3411,46.3391],[18.3413,46.3325],[18.337,46.3434],[18.3185,46.338],[18.3275,46.3283],[18.3438,46.3251],[18.3611,46.3267],[18.3658,46.3313]],[[18.3527,46.3363],[18.3509,46.3311],[18.3495,46.3309],[18.3527,46.3363]]]}},{"type":"Feature","properties":{"landuse":"farmland"},"geometry":{"type":"Polygon","coordinates":[[[18.3229,46.3338],[18.3214,46.3359],[18.3203,46.3336],[18.3229,46.3338]]]}},{"type":"Feature","properties":{"landuse":"farmland"},"geometry":{"type":"Polygon","coordinates":[[[18.3214,46.331],[18.3194,46.3315],[18.3246,46.3286],[18.3214,46.331]]]}},{"type":"Feature","properties":{"landuse":"farmland"},"geometry":{"type":"Polygon","coordinates":[[[18.3199,46.3349],[18.3185,46.3355],[18.3182,46.3338],[18.3199,46.3349]]]}},{"type":"Feature","properties":{"landuse":"farmland"},"geometry":{"type":"Polygon","coordinates":[[[18.3642,46.3804],[18.3679,46.3815],[18.3674,46.3826],[18.3642,46.3804]]]}},{"type":"Feature","properties":{"landuse":"farmland"},"geometry":{"type":"Polygon","coordinates":[[[18.3483,46.361],[18.3618,46.3636],[18.3506,46.3635],[18.3501,46.3673],[18.3566,46.3691],[18.3664,46.3631],[18.3653,46.3674],[18.3693,46.3634],[18.3707,46.3664],[18.3673,46.3722],[18.3672,46.3683],[18.3642,46.3707],[18.3575,46.3688],[18.3643,46.3715],[18.3629,46.3737],[18.3585,46.372],[18.3557,46.3763],[18.3556,46.3706],[18.3492,46.3679],[18.3399,46.3755],[18.3413,46.3805],[18.3366,46.3745],[18.3331,46.3761],[18.3355,46.3791],[18.3291,46.3728],[18.3302,46.3696],[18.3324,46.3698],[18.3311,46.374],[18.335,46.3703],[18.3379,46.362],[18.3444,46.3666],[18.3383,46.3637],[18.3444,46.3607],[18.347,46.3636],[18.3483,46.361]]]}},{"type":"Feature","properties":{"landuse":"orchard"},"geometry":{"type":"Polygon","coordinates":[[[18.3625,46.3708],[18.3563,46.3703],[18.3575,46.3688],[18.3625,46.3708]]]}},{"type":"Feature","properties":{"landuse":"orchard"},"geometry":{"type":"Polygon","coordinates":[[[18.3654,46.3716],[18.3662,46.3678],[18.3672,46.3683],[18.3654,46.3716]]]}},{"type":"Feature","properties":{"landuse":"farmland"},"geometry":{"type":"Polygon","coordinates":[[[18.2443,46.3176],[18.2516,46.3155],[18.2553,46.3174],[18.2506,46.319],[18.2612,46.3245],[18.2486,46.3236],[18.2443,46.3176]]]}},{"type":"Feature","properties":{"landuse":"farmland"},"geometry":{"type":"Polygon","coordinates":[[[18.2716,46.3272],[18.2781,46.3288],[18.2718,46.3288],[18.2716,46.3272]]]}},{"type":"Feature","properties":{"landuse":"farmland"},"geometry":{"type":"Polygon","coordinates":[[[18.2488,46.3118],[18.2547,46.3088],[18.2467,46.3096],[18.2499,46.3069],[18.2468,46.3057],[18.2383,46.3096],[18.2328,46.3048],[18.2335,46.3006],[18.2494,46.3018],[18.2492,46.2918],[18.2507,46.2899],[18.2532,46.2915],[18.2506,46.2948],[18.2566,46.2958],[18.2563,46.2899],[18.2592,46.289],[18.262,46.2928],[18.2619,46.2966],[18.2593,46.2966],[18.2602,46.3054],[18.2637,46.2939],[18.2674,46.3126],[18.2621,46.3105],[18.264,46.3115],[18.2581,46.3125],[18.2556,46.3167],[18.2533,46.3144],[18.2577,46.312],[18.2552,46.3091],[18.2488,46.3118]]]}},{"type":"Feature","properties":{"landuse":"farmland"},"geometry":{"type":"Polygon","coordinates":[[[18.2309,46.3082],[18.2272,46.3116],[18.2273,46.3091],[18.2252,46.3101],[18.2263,46.3044],[18.2314,46.3034],[18.2347,46.3063],[18.2309,46.3082]]]}},{"type":"Feature","properties":{"landuse":"green_public_spaces"},"geometry":{"type":"Polygon","coordinates":[[[18.2439,46.3111],[18.2457,46.3089],[18.2487,46.3094],[18.2439,46.3111]]]}},{"type":"Feature","properties":{"landuse":"farmland"},"geometry":{"type":"Polygon","coordinates":[[[18.2529,46.312],[18.2547,46.3107],[18.254,46.3122],[18.2529,46.312]]]}},{"type":"Feature","properties":{"landuse":"farmland"},"geometry":{"type":"Polygon","coordinates":[[[18.2763,46.3019],[18.2679,46.3015],[18.2656,46.2944],[18.2786,46.2893],[18.2804,46.2998],[18.2798,46.2969],[18.2763,46.3019]],[[18.2662,46.2943],[18.2677,46.3005],[18.2712,46.299],[18.2662,46.2943]]]}},{"type":"Feature","properties":{"landuse":"orchard"},"geometry":{"type":"Polygon","coordinates":[[[18.4474,46.2799],[18.449,46.2806],[18.4435,46.2822],[18.4474,46.2799]]]}},{"type":"Feature","properties":{"landuse":"orchard"},"geometry":{"type":"Polygon","coordinates":[[[18.442,46.2772],[18.4385,46.2809],[18.4377,46.279],[18.442,46.2772]]]}},{"type":"Feature","properties":{"landuse":"farmland"},"geometry":{"type":"Polygon","coordinates":[[[18.3891,46.2737],[18.3886,46.2726],[18.4009,46.2752],[18.3891,46.2737]]]}},{"type":"Feature","properties":{"landuse":"farmland"},"geometry":{"type":"MultiPolygon","coordinates":[[[[18.3799,46.274],[18.3876,46.274],[18.3859,46.2765],[18.3799,46.274]]],[[[18.3885,46.276],[18.3885,46.2741],[18.3988,46.2757],[18.3885,46.276]]]]}},{"type":"Feature","properties":{"landuse":"farmland"},"geometry":{"type":"Polygon","coordinates":[[[18.3795,46.2764],[18.3932,46.2789],[18.3886,46.2766],[18.401,46.2764],[18.3947,46.2778],[18.4074,46.28],[18.4037,46.2844],[18.406,46.2867],[18.4115,46.2821],[18.4365,46.2821],[18.4381,46.2843],[18.416,46.2996],[18.4027,46.2987],[18.4048,46.2944],[18.3954,46.2914],[18.3966,46.2878],[18.3906,46.2907],[18.3969,46.2997],[18.3771,46.2998],[18.3686,46.2947],[18.368,46.289],[18.3775,46.286],[18.3702,46.2872],[18.3735,46.2836],[18.3801,46.2828],[18.3817,46.2794],[18.3776,46.2777],[18.3795,46.2764]],[[18.3713,46.2858],[18.3732,46.2858],[18.3723,46.2852],[18.3713,46.2858]]]}},{"type":"Feature","properties":{"landuse":"orchard"},"geometry":{"type":"Polygon","coordinates":[[[18.3944,46.2923],[18.3906,46.2907],[18.3954,46.2868],[18.3944,46.2923]]]}},{"type":"Feature","properties":{"landuse":"farmland"},"geometry":{"type":"Polygon","coordinates":[[[18.4253,46.2727],[18.4256,46.2683],[18.4281,46.2686],[18.4339,46.2787],[18.4368,46.2787],[18.4272,46.278],[18.4364,46.2815],[18.4013,46.276],[18.4288,46.2741],[18.4253,46.2727]]]}},{"type":"Feature","properties":{"landuse":"farmland"},"geometry":{"type":"Polygon","coordinates":[[[18.4003,46.2739],[18.4016,46.2692],[18.4071,46.2673],[18.413,46.2699],[18.4106,46.2663],[18.4142,46.2686],[18.4151,46.2655],[18.4156,46.2711],[18.4188,46.272],[18.4067,46.2709],[18.4063,46.2738],[18.4003,46.2739]]]}},{"type":"Feature","properties":{"landuse":"farmland"},"geometry":{"type":"Polygon","coordinates":[[[18.4402,46.2842],[18.4374,46.2822],[18.449,46.2806],[18.4373,46.2817],[18.4374,46.2792],[18.4504,46.2806],[18.4402,46.2842]]]}},{"type":"Feature","properties":{"landuse":"vineyard"},"geometry":{"type":"Polygon","coordinates":[[[18.6313,46.2583],[18.6287,46.2505],[18.6307,46.2491],[18.6329,46.2521],[18.6373,46.2472],[18.6313,46.2583]]]}},{"type":"Feature","properties":{"landuse":"orchard"},"geometry":{"type":"Polygon","coordinates":[[[18.6308,46.2425],[18.6284,46.2501],[18.6255,46.2473],[18.6308,46.2425]]]}},{"type":"Feature","properties":{"landuse":"vineyard"},"geometry":{"type":"Polygon","coordinates":[[[18.6251,46.2446],[18.6284,46.2505],[18.6234,46.2472],[18.6251,46.2446]]]}},{"type":"Feature","properties":{"landuse":"farmland"},"geometry":{"type":"Polygon","coordinates":[[[18.6251,46.2446],[18.6234,46.2472],[18.6173,46.2451],[18.6211,46.2387],[18.632,46.2382],[18.6286,46.2412],[18.6246,46.2383],[18.6251,46.2446]]]}},{"type":"Feature","properties":{"landuse":"orchard"},"geometry":{"type":"MultiPolygon","coordinates":[[[[17.5693,46.3581],[17.572,46.3577],[17.5717,46.3598],[17.5693,46.3581]]],[[[17.5752,46.3679],[17.5691,46.3732],[17.5683,46.3582],[17.5753,46.3629],[17.5752,46.3679]]],[[[17.5713,46.3746],[17.5691,46.376],[17.5695,46.3733],[17.5713,46.3746]]]]}},{"type":"Feature","properties":{"landuse":"farmland"},"geometry":{"type":"MultiPolygon","coordinates":[[[[18.036,46.738],[18.0358,46.7376],[18.037,46.7381],[18.036,46.738]]],[[[18.0361,46.7383],[18.0368,46.7386],[18.0358,46.7386],[18.0361,46.7383]]],[[[18.0351,46.7394],[18.0364,46.7391],[18.0345,46.7405],[18.0351,46.7394]],[[18.0355,46.74],[18.0356,46.7399],[18.0352,46.7397],[18.0355,46.74]]],[[[18.0376,46.7357],[18.0377,46.7363],[18.0369,46.7363],[18.0376,46.7357]]]]}},{"type":"Feature","properties":{"landuse":"farmland"},"geometry":{"type":"Polygon","coordinates":[[[18.0223,46.7279],[18.0193,46.7265],[18.0221,46.726],[18.0223,46.7279]]]}},{"type":"Feature","properties":{"landuse":"farmland"},"geometry":{"type":"MultiPolygon","coordinates":[[[[18.0312,46.7486],[18.0313,46.7488],[18.0298,46.7483],[18.0312,46.7486]]],[[[18.0291,46.747],[18.029,46.7475],[18.0281,46.7472],[18.0291,46.747]]],[[[18.0308,46.7447],[18.0326,46.7441],[18.0318,46.7466],[18.0308,46.7447]]],[[[18.0294,46.7446],[18.0301,46.7449],[18.0289,46.7446],[18.0294,46.7446]]],[[[18.029,46.7501],[18.0278,46.7479],[18.0312,46.7489],[18.029,46.7501]],[[18.0287,46.7501],[18.0287,46.75],[18.0286,46.75],[18.0287,46.7501]],[[18.0291,46.75],[18.0299,46.7494],[18.0286,46.7484],[18.0291,46.75]]],[[[18.0313,46.7484],[18.0299,46.7479],[18.0317,46.7472],[18.0313,46.7484]]]]}},{"type":"Feature","properties":{"landuse":"vineyard"},"geometry":{"type":"MultiPolygon","coordinates":[[[[18.0293,46.7498],[18.0285,46.7494],[18.0293,46.7493],[18.0293,46.7498]]],[[[18.0313,46.7464],[18.0312,46.7466],[18.0307,46.7465],[18.0313,46.7464]]],[[[18.033,46.7432],[18.0318,46.7437],[18.0341,46.7405],[18.033,46.7432]]],[[[18.0316,46.7439],[18.0308,46.7447],[18.0311,46.7437],[18.0316,46.7439]]],[[[18.0298,46.7483],[18.0279,46.7474],[18.0313,46.7484],[18.0298,46.7483]]]]}},{"type":"Feature","properties":{"landuse":"farmland"},"geometry":{"type":"MultiPolygon","coordinates":[[[[18.0313,46.7258],[18.0306,46.7257],[18.0311,46.7253],[18.0313,46.7258]]],[[[18.0352,46.7244],[18.0351,46.7239],[18.0356,46.724],[18.0352,46.7244]]],[[[18.0343,46.7268],[18.0329,46.7256],[18.0344,46.7242],[18.0343,46.7268]],[[18.0346,46.726],[18.0353,46.7261],[18.0347,46.7256],[18.0346,46.726]],[[18.0345,46.7267],[18.035,46.7268],[18.0349,46.7262],[18.0345,46.7267]],[[18.0341,46.7264],[18.0343,46.7264],[18.0342,46.7262],[18.0341,46.7264]]],[[[18.0344,46.725],[18.0345,46.7247],[18.0355,46.725],[18.0344,46.725]]]]}},{"type":"Feature","properties":{"landuse":"farmland"},"geometry":{"type":"MultiPolygon","coordinates":[[[[18.0395,46.7255],[18.0405,46.7254],[18.0404,46.7258],[18.0395,46.7255]]],[[[18.0433,46.7284],[18.0451,46.7278],[18.043,46.7293],[18.0433,46.7284]]],[[[18.0464,46.7289],[18.0459,46.7279],[18.047,46.7281],[18.0464,46.7289]]],[[[18.0403,46.7269],[18.0396,46.7286],[18.038,46.728],[18.0403,46.7269]]]]}},{"type":"Feature","properties":{"landuse":"farmland"},"geometry":{"type":"MultiPolygon","coordinates":[[[[18.0495,46.7232],[18.0511,46.7229],[18.0505,46.7238],[18.0495,46.7232]]],[[[18.0494,46.725],[18.0506,46.7253],[18.0491,46.7264],[18.0494,46.725]]],[[[18.0518,46.7214],[18.0504,46.7226],[18.048,46.7211],[18.0518,46.7214]]],[[[18.0469,46.7179],[18.0534,46.7205],[18.0481,46.7199],[18.0497,46.7199],[18.0469,46.7179]],[[18.0487,46.7184],[18.0489,46.7184],[18.0487,46.7182],[18.0487,46.7184]]],[[[18.0426,46.7162],[18.0401,46.7157],[18.0431,46.7134],[18.047,46.7168],[18.0426,46.7162]]],[[[18.0427,46.7164],[18.0453,46.7178],[18.0425,46.7177],[18.0427,46.7164]]],[[[18.0428,46.7206],[18.0437,46.7209],[18.0416,46.7213],[18.0428,46.7206]]],[[[18.043,46.7193],[18.0444,46.7197],[18.0442,46.7203],[18.043,46.7193]]],[[[18.043,46.7191],[18.0448,46.719],[18.0445,46.7195],[18.043,46.7191]]]]}},{"type":"Feature","properties":{"landuse":"farmland"},"geometry":{"type":"MultiPolygon","coordinates":[[[[18.0318,46.7213],[18.033,46.7216],[18.0328,46.7218],[18.0318,46.7213]]],[[[18.032,46.7242],[18.0316,46.7245],[18.0318,46.7236],[18.032,46.7242]]],[[[18.0331,46.724],[18.0328,46.7239],[18.0327,46.7232],[18.0331,46.724]]],[[[18.0307,46.7222],[18.0313,46.7239],[18.0303,46.7238],[18.0307,46.7222]]]]}},{"type":"Feature","properties":{"landuse":"vineyard"},"geometry":{"type":"MultiPolygon","coordinates":[[[[18.0285,46.7219],[18.0294,46.7216],[18.0295,46.722],[18.0285,46.7219]]],[[[18.0258,46.7198],[18.024,46.7203],[18.0239,46.7201],[18.0258,46.7198]]],[[[18.0236,46.7197],[18.0238,46.7201],[18.0227,46.72],[18.0236,46.7197]]],[[[18.0246,46.7207],[18.0249,46.7211],[18.0237,46.7214],[18.0246,46.7207]]],[[[18.0266,46.7234],[18.0266,46.722],[18.0273,46.7225],[18.0266,46.7234]]],[[[18.0278,46.7231],[18.0284,46.7221],[18.0285,46.7233],[18.0278,46.7231]]],[[[18.0286,46.7236],[18.0291,46.7221],[18.0289,46.7236],[18.0286,46.7236]]]]}},{"type":"Feature","properties":{"landuse":"farmland"},"geometry":{"type":"MultiPolygon","coordinates":[[[[18.0318,46.7172],[18.0317,46.7179],[18.0311,46.7179],[18.0318,46.7172]]],[[[18.0318,46.7185],[18.0337,46.719],[18.0328,46.7207],[18.0318,46.7185]]],[[[18.029,46.7136],[18.0282,46.7145],[18.0266,46.7132],[18.029,46.7136]],[[18.0277,46.7142],[18.028,46.7138],[18.0278,46.7138],[18.0277,46.7142]]],[[[18.0317,46.7132],[18.0266,46.7128],[18.0296,46.7107],[18.035,46.7128],[18.0317,46.7132]]],[[[18.0333,46.7173],[18.0347,46.7168],[18.0345,46.7176],[18.0333,46.7173]]],[[[18.032,46.7184],[18.0344,46.7179],[18.0342,46.7185],[18.032,46.7184]]],[[[18.0315,46.7187],[18.0304,46.7186],[18.0314,46.718],[18.0315,46.7187]]],[[[18.0258,46.7194],[18.0286,46.7199],[18.0259,46.7197],[18.0258,46.7194]]],[[[18.0263,46.7187],[18.0283,46.7188],[18.0283,46.7189],[18.0263,46.7187]]],[[[18.0273,46.7178],[18.0291,46.7183],[18.0272,46.718],[18.0273,46.7178]]],[[[18.0299,46.7172],[18.0275,46.7172],[18.0277,46.7166],[18.0299,46.7172]]],[[[18.0287,46.7163],[18.0282,46.7155],[18.0301,46.7156],[18.0287,46.7163]]],[[[18.0308,46.7149],[18.0326,46.7151],[18.0308,46.7169],[18.0308,46.7149]]]]}},{"type":"Feature","properties":{"landuse":"vineyard"},"geometry":{"type":"MultiPolygon","coordinates":[[[[18.0296,46.7177],[18.0287,46.7174],[18.0298,46.7174],[18.0296,46.7177]]],[[[18.036,46.7132],[18.0349,46.7136],[18.035,46.7128],[18.036,46.7132]]],[[[18.0261,46.72],[18.0303,46.721],[18.0281,46.7211],[18.0261,46.72]]],[[[18.0309,46.7206],[18.0314,46.7199],[18.0327,46.7208],[18.0309,46.7206]]],[[[18.0371,46.7194],[18.0318,46.7185],[18.0329,46.7172],[18.0371,46.7194]],[[18.032,46.7184],[18.0334,46.7188],[18.0344,46.7179],[18.032,46.7184]]],[[[18.0318,46.7131],[18.0287,46.7112],[18.0345,46.7117],[18.0318,46.7131]]],[[[18.028,46.7131],[18.0317,46.7132],[18.0288,46.7139],[18.028,46.7131]]],[[[18.0308,46.7149],[18.0282,46.7151],[18.0346,46.714],[18.0348,46.7166],[18.0308,46.7149]],[[18.0341,46.7151],[18.0312,46.7143],[18.0311,46.7145],[18.0341,46.7151]],[[18.0313,46.7142],[18.0342,46.7148],[18.0342,46.7147],[18.0313,46.7142]]],[[[18.0314,46.7166],[18.0308,46.7159],[18.0317,46.7159],[18.0314,46.7166]]],[[[18.0293,46.7178],[18.0323,46.7196],[18.0243,46.7195],[18.0283,46.7189],[18.0251,46.7171],[18.0272,46.716],[18.0293,46.7178]]]]}},{"type":"Feature","properties":{"landuse":"farmland"},"geometry":{"type":"Polygon","coordinates":[[[18.3323,46.4626],[18.3362,46.4643],[18.3312,46.4649],[18.3323,46.4626]]]}},{"type":"Feature","properties":{"landuse":"farmland"},"geometry":{"type":"Polygon","coordinates":[[[18.5046,46.2996],[18.5117,46.2993],[18.5132,46.3032],[18.5074,46.3044],[18.5118,46.3068],[18.5006,46.3097],[18.5016,46.3064],[18.4936,46.3042],[18.5046,46.2996]],[[18.5011,46.304],[18.4981,46.303],[18.4981,46.304],[18.5011,46.304]],[[18.5019,46.306],[18.5063,46.305],[18.5045,46.305],[18.5019,46.306]]]}},{"type":"Feature","properties":{"landuse":"vineyard"},"geometry":{"type":"Polygon","coordinates":[[[18.4185,45.9812],[18.4195,45.9826],[18.418,45.9823],[18.4185,45.9812]]]}},{"type":"Feature","properties":{"landuse":"vineyard"},"geometry":{"type":"Polygon","coordinates":[[[18.6914,46.1864],[18.691,46.1876],[18.6888,46.186],[18.6914,46.1864]]]}},{"type":"Feature","properties":{"landuse":"orchard"},"geometry":{"type":"Polygon","coordinates":[[[18.6944,46.1856],[18.6948,46.1875],[18.6938,46.1873],[18.6944,46.1856]]]}},{"type":"Feature","properties":{"landuse":"farmland"},"geometry":{"type":"MultiPolygon","coordinates":[[[[18.6876,46.1844],[18.6874,46.1791],[18.6902,46.1781],[18.6907,46.1853],[18.69,46.1812],[18.6876,46.1844]]],[[[18.722,46.1543],[18.7187,46.1807],[18.7048,46.1737],[18.7139,46.1585],[18.7186,46.1537],[18.722,46.1543]]],[[[18.7164,46.1803],[18.7137,46.1829],[18.7177,46.1865],[18.7137,46.1887],[18.7134,46.1947],[18.697,46.1968],[18.6935,46.1879],[18.6994,46.1878],[18.6944,46.1856],[18.7011,46.1749],[18.7164,46.1803]],[[18.7076,46.1808],[18.7074,46.1802],[18.7071,46.1806],[18.7076,46.1808]],[[18.7067,46.1897],[18.7069,46.1899],[18.707,46.1897],[18.7067,46.1897]],[[18.7141,46.1913],[18.7143,46.1906],[18.712,46.1903],[18.7141,46.1913]],[[18.7094,46.1899],[18.7092,46.1905],[18.7098,46.1906],[18.71,46.19],[18.7094,46.1899]]]]}},{"type":"Feature","properties":{"landuse":"orchard"},"geometry":{"type":"Polygon","coordinates":[[[18.7011,46.1749],[18.7022,46.1732],[18.7035,46.1737],[18.7011,46.1749]]]}},{"type":"Feature","properties":{"landuse":"vineyard"},"geometry":{"type":"MultiPolygon","coordinates":[[[[18.6739,46.168],[18.6719,46.1761],[18.6687,46.1747],[18.6739,46.168]]],[[[18.6932,46.1797],[18.6982,46.1703],[18.6874,46.1778],[18.6897,46.1678],[18.6987,46.1673],[18.7028,46.172],[18.698,46.1794],[18.6932,46.1797]]]]}},{"type":"Feature","properties":{"landuse":"farmland"},"geometry":{"type":"MultiPolygon","coordinates":[[[[18.6784,45.9853],[18.6793,45.9844],[18.6794,45.9853],[18.6784,45.9853]]],[[[18.6716,45.9869],[18.6741,45.9848],[18.6744,45.9868],[18.6716,45.9869]]],[[[18.6748,45.9827],[18.6704,45.9772],[18.672,45.9805],[18.6676,45.9855],[18.6593,45.9857],[18.6646,45.9754],[18.6694,45.973],[18.6739,45.9724],[18.6772,45.9815],[18.6748,45.9827]]],[[[18.6568,45.9897],[18.6587,45.9859],[18.6619,45.9866],[18.6642,45.9929],[18.6568,45.9897]],[[18.662,45.9867],[18.6599,45.9876],[18.6584,45.9891],[18.662,45.9867]],[[18.658,45.9884],[18.6584,45.9888],[18.6588,45.9883],[18.658,45.9884]]]]}},{"type":"Feature","properties":{"landuse":"farmland"},"geometry":{"type":"Polygon","coordinates":[[[18.0359,46.8916],[18.0454,46.8929],[18.0412,46.895],[18.0356,46.8939],[18.0377,46.894],[18.0359,46.8916]]]}},{"type":"Feature","properties":{"landuse":"vineyard"},"geometry":{"type":"Polygon","coordinates":[[[17.707,46.7718],[17.703,46.7714],[17.703,46.7709],[17.707,46.7718]]]}},{"type":"Feature","properties":{"landuse":"farmland"},"geometry":{"type":"Polygon","coordinates":[[[17.7051,46.7755],[17.697,46.7745],[17.6976,46.7705],[17.7063,46.7734],[17.7051,46.7755]]]}},{"type":"Feature","properties":{"landuse":"orchard"},"geometry":{"type":"Polygon","coordinates":[[[17.7015,46.7758],[17.701,46.7741],[17.7016,46.7743],[17.7015,46.7758]]]}},{"type":"Feature","properties":{"landuse":"vineyard"},"geometry":{"type":"Polygon","coordinates":[[[17.6912,46.7644],[17.6976,46.7646],[17.6974,46.7672],[17.6925,46.768],[17.6912,46.7644]]]}},{"type":"Feature","properties":{"landuse":"vineyard"},"geometry":{"type":"Polygon","coordinates":[[[17.6972,46.771],[17.6924,46.7724],[17.6979,46.7648],[17.7033,46.7657],[17.7032,46.7686],[17.6972,46.771]]]}},{"type":"Feature","properties":{"landuse":"vineyard"},"geometry":{"type":"Polygon","coordinates":[[[17.6972,46.7723],[17.6953,46.7719],[17.6972,46.7716],[17.6972,46.7723]]]}},{"type":"Feature","properties":{"landuse":"farmland"},"geometry":{"type":"Polygon","coordinates":[[[17.6921,46.7774],[17.6887,46.7762],[17.6899,46.7648],[17.6939,46.77],[17.6924,46.7724],[17.6972,46.771],[17.694,46.7759],[17.6909,46.7751],[17.6921,46.7774]]]}},{"type":"Feature","properties":{"landuse":"farmland"},"geometry":{"type":"Polygon","coordinates":[[[17.7228,46.7756],[17.7197,46.7731],[17.7236,46.7743],[17.7228,46.7756]]]}},{"type":"Feature","properties":{"landuse":"farmland"},"geometry":{"type":"Polygon","coordinates":[[[17.4242,46.5799],[17.4228,46.5816],[17.4235,46.5797],[17.4242,46.5799]]]}},{"type":"Feature","properties":{"landuse":"farmland"},"geometry":{"type":"Polygon","coordinates":[[[17.4251,46.5686],[17.4355,46.5665],[17.4402,46.5732],[17.4364,46.5727],[17.4395,46.5745],[17.4332,46.5775],[17.4427,46.5814],[17.4423,46.5853],[17.4348,46.5852],[17.4347,46.5825],[17.4273,46.58],[17.43,46.5782],[17.4213,46.5762],[17.4251,46.5686]]]}},{"type":"Feature","properties":{"landuse":"farmland"},"geometry":{"type":"Polygon","coordinates":[[[17.708,46.7696],[17.7132,46.7702],[17.7058,46.7766],[17.708,46.7696]]]}},{"type":"Feature","properties":{"landuse":"vineyard"},"geometry":{"type":"Polygon","coordinates":[[[17.7003,46.7709],[17.7004,46.7699],[17.7031,46.77],[17.7003,46.7709]]]}},{"type":"Feature","properties":{"landuse":"orchard"},"geometry":{"type":"Polygon","coordinates":[[[17.7003,46.7709],[17.6976,46.7705],[17.7031,46.7696],[17.7003,46.7709]]]}},{"type":"Feature","properties":{"landuse":"orchard"},"geometry":{"type":"Polygon","coordinates":[[[17.7085,46.7688],[17.7033,46.7687],[17.7034,46.7676],[17.7085,46.7688]]]}},{"type":"Feature","properties":{"landuse":"farmland"},"geometry":{"type":"Polygon","coordinates":[[[17.7164,46.7732],[17.7179,46.7761],[17.7129,46.7751],[17.7164,46.7732]]]}},{"type":"Feature","properties":{"landuse":"farmland"},"geometry":{"type":"Polygon","coordinates":[[[17.7165,46.7824],[17.7142,46.7807],[17.7179,46.777],[17.7232,46.7795],[17.7202,46.7835],[17.7165,46.7824]]]}},{"type":"Feature","properties":{"landuse":"farmland"},"geometry":{"type":"Polygon","coordinates":[[[17.707,46.7718],[17.7003,46.7696],[17.7033,46.7665],[17.7084,46.7674],[17.7034,46.7676],[17.707,46.7718]]]}},{"type":"Feature","properties":{"landuse":"vineyard"},"geometry":{"type":"Polygon","coordinates":[[[17.7199,46.7603],[17.7127,46.7614],[17.7135,46.7646],[17.7106,46.765],[17.699,46.7636],[17.6991,46.7615],[17.6944,46.7637],[17.695,46.76],[17.7072,46.7616],[17.7055,46.7592],[17.7113,46.7597],[17.7171,46.7547],[17.7201,46.7593],[17.7157,46.7579],[17.7199,46.7603]]]}},{"type":"Feature","properties":{"landuse":"farmland"},"geometry":{"type":"Polygon","coordinates":[[[17.717,46.7598],[17.7148,46.7594],[17.7157,46.7579],[17.717,46.7598]]]}},{"type":"Feature","properties":{"landuse":"orchard"},"geometry":{"type":"Polygon","coordinates":[[[17.7201,46.7593],[17.7199,46.7603],[17.717,46.7598],[17.7201,46.7593]]]}},{"type":"Feature","properties":{"landuse":"vineyard"},"geometry":{"type":"Polygon","coordinates":[[[17.7213,46.7527],[17.7237,46.748],[17.7292,46.7505],[17.728,46.7562],[17.7313,46.7572],[17.733,46.7543],[17.7373,46.7565],[17.7226,46.7625],[17.7242,46.759],[17.7213,46.7527]]]}},{"type":"Feature","properties":{"landuse":"orchard"},"geometry":{"type":"Polygon","coordinates":[[[17.7234,46.7588],[17.7222,46.7626],[17.7221,46.7588],[17.7234,46.7588]]]}},{"type":"Feature","properties":{"landuse":"vineyard"},"geometry":{"type":"Polygon","coordinates":[[[17.7198,46.7532],[17.72,46.7549],[17.7192,46.7532],[17.7198,46.7532]]]}},{"type":"Feature","properties":{"landuse":"farmland"},"geometry":{"type":"Polygon","coordinates":[[[17.7199,46.7603],[17.7195,46.7549],[17.7208,46.7633],[17.7199,46.7603]]]}},{"type":"Feature","properties":{"landuse":"vineyard"},"geometry":{"type":"Polygon","coordinates":[[[17.7164,46.7643],[17.7148,46.762],[17.7192,46.7627],[17.7164,46.7643]]]}},{"type":"Feature","properties":{"landuse":"orchard"},"geometry":{"type":"Polygon","coordinates":[[[17.7138,46.7635],[17.7124,46.7617],[17.7193,46.762],[17.7138,46.7635]]]}},{"type":"Feature","properties":{"landuse":"orchard"},"geometry":{"type":"Polygon","coordinates":[[[17.7283,46.7556],[17.7294,46.7506],[17.7319,46.7551],[17.7283,46.7556]]]}},{"type":"Feature","properties":{"landuse":"farmland"},"geometry":{"type":"Polygon","coordinates":[[[17.7283,46.7556],[17.7317,46.7565],[17.7313,46.7572],[17.7283,46.7556]]]}},{"type":"Feature","properties":{"landuse":"farmland"},"geometry":{"type":"Polygon","coordinates":[[[18.0458,46.739],[18.0445,46.7386],[18.0459,46.7378],[18.0458,46.739]]]}},{"type":"Feature","properties":{"landuse":"farmland"},"geometry":{"type":"Polygon","coordinates":[[[18.0493,46.7381],[18.0458,46.739],[18.0471,46.7374],[18.0493,46.7381]]]}},{"type":"Feature","properties":{"landuse":"farmland"},"geometry":{"type":"Polygon","coordinates":[[[18.0435,46.7424],[18.0458,46.739],[18.0424,46.738],[18.0493,46.7381],[18.045,46.7445],[18.0435,46.7424]]]}},{"type":"Feature","properties":{"landuse":"farmland"},"geometry":{"type":"Polygon","coordinates":[[[18.0415,46.7393],[18.0458,46.739],[18.0435,46.7424],[18.0415,46.7393]]]}},{"type":"Feature","properties":{"landuse":"farmland"},"geometry":{"type":"Polygon","coordinates":[[[18.6107,46.1264],[18.5989,46.1181],[18.5985,46.1145],[18.6055,46.0969],[18.6172,46.101],[18.6053,46.0958],[18.6099,46.0872],[18.6183,46.0814],[18.6162,46.0918],[18.6236,46.0774],[18.6285,46.0826],[18.6292,46.0933],[18.6107,46.1264]],[[18.6195,46.081],[18.6225,46.0791],[18.6215,46.0794],[18.6195,46.081]]]}},{"type":"Feature","properties":{"landuse":"farmland"},"geometry":{"type":"MultiPolygon","coordinates":[[[[18.0759,45.8388],[18.0724,45.8406],[18.0712,45.8353],[18.0759,45.8388]]],[[[18.0438,45.8451],[18.0478,45.8504],[18.0429,45.8539],[18.039,45.8505],[18.041,45.8443],[18.0438,45.8451]]],[[[18.0383,45.8308],[18.0389,45.8354],[18.0334,45.8378],[18.0369,45.8401],[18.0347,45.8403],[18.032,45.8358],[18.0383,45.8308]]],[[[18.0855,45.829],[18.073,45.8344],[18.0585,45.8361],[18.065,45.8323],[18.0621,45.8318],[18.0667,45.8266],[18.0801,45.827],[18.0776,45.8241],[18.0813,45.8221],[18.0831,45.8291],[18.0836,45.8231],[18.0855,45.829]],[[18.0744,45.8331],[18.0747,45.8329],[18.0744,45.8328],[18.0744,45.8331]],[[18.0653,45.8327],[18.066,45.8329],[18.0658,45.8326],[18.0653,45.8327]],[[18.0643,45.8317],[18.0645,45.8316],[18.0638,45.8315],[18.0643,45.8317]],[[18.0594,45.8349],[18.0593,45.8351],[18.0605,45.8352],[18.0594,45.8349]],[[18.0607,45.836],[18.0621,45.8355],[18.061,45.8352],[18.0607,45.836]]],[[[18.0405,45.8362],[18.0405,45.8398],[18.0382,45.8394],[18.0405,45.8362]]],[[[18.04,45.846],[18.0399,45.8454],[18.0402,45.8455],[18.04,45.846]]],[[[18.0394,45.8322],[18.0405,45.8359],[18.0392,45.8353],[18.0394,45.8322]]],[[[18.0743,45.8237],[18.0715,45.8248],[18.0699,45.8239],[18.0743,45.8237]]],[[[18.0629,45.8419],[18.0519,45.8441],[18.0559,45.8403],[18.0629,45.8419]],[[18.056,45.8425],[18.0553,45.8412],[18.0555,45.8425],[18.056,45.8425]]],[[[18.059,45.8395],[18.0614,45.8411],[18.0552,45.8399],[18.059,45.8395]]],[[[18.0448,45.8422],[18.0413,45.8433],[18.0404,45.8303],[18.0481,45.8273],[18.0521,45.8395],[18.0448,45.8422]]],[[[18.0329,45.8583],[18.026,45.8543],[18.0242,45.8574],[18.0164,45.8569],[18.0238,45.8506],[18.04,45.8462],[18.0368,45.8513],[18.0283,45.8513],[18.0351,45.8527],[18.0329,45.8583]],[[18.0347,45.8478],[18.0332,45.8475],[18.034,45.8481],[18.0347,45.8478]]],[[[18.0303,45.8451],[18.0356,45.8443],[18.0248,45.8499],[18.0303,45.8451]]]]}},{"type":"Feature","properties":{"landuse":"farmland"},"geometry":{"type":"Polygon","coordinates":[[[17.1173,46.2637],[17.1243,46.2623],[17.124,46.2643],[17.1173,46.2637]]]}},{"type":"Feature","properties":{"landuse":"farmland"},"geometry":{"type":"Polygon","coordinates":[[[17.1325,46.3145],[17.1356,46.3153],[17.1344,46.3171],[17.1325,46.3145]]]}},{"type":"Feature","properties":{"landuse":"farmland"},"geometry":{"type":"Polygon","coordinates":[[[17.1352,46.3112],[17.139,46.313],[17.1371,46.3157],[17.1336,46.3143],[17.1352,46.3112]]]}},{"type":"Feature","properties":{"landuse":"farmland"},"geometry":{"type":"Polygon","coordinates":[[[17.1192,46.3183],[17.1129,46.32],[17.1136,46.3185],[17.1192,46.3183]]]}},{"type":"Feature","properties":{"landuse":"farmland"},"geometry":{"type":"Polygon","coordinates":[[[17.1221,46.3222],[17.1219,46.3184],[17.125,46.3158],[17.1221,46.3222]]]}},{"type":"Feature","properties":{"landuse":"farmland"},"geometry":{"type":"Polygon","coordinates":[[[17.1012,46.2962],[17.103,46.3009],[17.1005,46.3014],[17.0973,46.2996],[17.0978,46.2933],[17.1012,46.2962]]]}},{"type":"Feature","properties":{"landuse":"farmland"},"geometry":{"type":"Polygon","coordinates":[[[17.1144,46.2643],[17.1124,46.2657],[17.1147,46.2658],[17.1126,46.2675],[17.1147,46.2757],[17.1071,46.2761],[17.1044,46.2683],[17.1144,46.2643]]]}},{"type":"Feature","properties":{"landuse":"farmland"},"geometry":{"type":"Polygon","coordinates":[[[17.1319,46.3066],[17.1279,46.3146],[17.123,46.3167],[17.1023,46.3187],[17.1051,46.309],[17.101,46.3108],[17.1008,46.3062],[17.1062,46.3033],[17.1053,46.2949],[17.1017,46.2959],[17.0977,46.2918],[17.0997,46.2896],[17.0938,46.2846],[17.0915,46.2774],[17.1148,46.2762],[17.1129,46.2786],[17.1166,46.2953],[17.1157,46.2762],[17.1212,46.2759],[17.1203,46.2891],[17.126,46.3088],[17.1276,46.3054],[17.1235,46.2972],[17.1319,46.3066]]]}},{"type":"Feature","properties":{"landuse":"farmland"},"geometry":{"type":"Polygon","coordinates":[[[17.3005,46.4119],[17.313,46.4083],[17.313,46.4177],[17.3069,46.4223],[17.3098,46.4272],[17.2986,46.4269],[17.2938,46.4183],[17.3005,46.4119]]]}},{"type":"Feature","properties":{"landuse":"farmland"},"geometry":{"type":"Polygon","coordinates":[[[18.6791,46.5534],[18.6782,46.5548],[18.6756,46.5531],[18.6791,46.5534]]]}},{"type":"Feature","properties":{"landuse":"farmland"},"geometry":{"type":"Polygon","coordinates":[[[18.5904,46.604],[18.5958,46.6069],[18.5953,46.6015],[18.6017,46.6018],[18.6006,46.6056],[18.6054,46.6019],[18.6071,46.605],[18.6043,46.6061],[18.6095,46.6107],[18.6025,46.6203],[18.5967,46.6181],[18.6013,46.6215],[18.5886,46.6439],[18.5848,46.6444],[18.5724,46.64],[18.5768,46.639],[18.5739,46.6358],[18.5767,46.6309],[18.5734,46.6299],[18.5784,46.6288],[18.5811,46.6236],[18.573,46.6231],[18.5746,46.6045],[18.5754,46.6019],[18.5904,46.604]],[[18.5815,46.6082],[18.5834,46.6164],[18.5866,46.6169],[18.5829,46.6234],[18.5905,46.6253],[18.5925,46.6182],[18.5894,46.6075],[18.5815,46.6082]],[[18.606,46.6155],[18.6061,46.6156],[18.6062,46.6155],[18.6061,46.6155],[18.606,46.6155]]]}},{"type":"Feature","properties":{"landuse":"farmland"},"geometry":{"type":"Polygon","coordinates":[[[16.9387,46.3285],[16.9337,46.3295],[16.9337,46.3284],[16.9387,46.3285]]]}},{"type":"Feature","properties":{"landuse":"farmland"},"geometry":{"type":"Polygon","coordinates":[[[16.9375,46.3304],[16.9347,46.3305],[16.9333,46.3299],[16.9375,46.3304]]]}},{"type":"Feature","properties":{"landuse":"farmland"},"geometry":{"type":"Polygon","coordinates":[[[16.9354,46.3227],[16.9351,46.3242],[16.9337,46.3232],[16.9354,46.3227]]]}},{"type":"Feature","properties":{"landuse":"farmland"},"geometry":{"type":"Polygon","coordinates":[[[16.9328,46.3199],[16.9284,46.3185],[16.9337,46.3174],[16.9328,46.3199]]]}},{"type":"Feature","properties":{"landuse":"farmland"},"geometry":{"type":"Polygon","coordinates":[[[16.9272,46.3195],[16.9306,46.3244],[16.9283,46.3248],[16.9272,46.3195]]]}},{"type":"Feature","properties":{"landuse":"farmland"},"geometry":{"type":"Polygon","coordinates":[[[16.9253,46.3273],[16.9242,46.3255],[16.9267,46.3272],[16.9253,46.3273]]]}},{"type":"Feature","properties":{"landuse":"farmland"},"geometry":{"type":"Polygon","coordinates":[[[16.9281,46.3271],[16.9304,46.3259],[16.932,46.3282],[16.9281,46.3271]]]}},{"type":"Feature","properties":{"landuse":"farmland"},"geometry":{"type":"Polygon","coordinates":[[[16.9297,46.331],[16.9374,46.3313],[16.9331,46.3336],[16.9297,46.331]]]}},{"type":"Feature","properties":{"landuse":"farmland"},"geometry":{"type":"Polygon","coordinates":[[[16.9395,46.3354],[16.9377,46.3359],[16.9394,46.3338],[16.9395,46.3354]]]}},{"type":"Feature","properties":{"landuse":"farmland"},"geometry":{"type":"Polygon","coordinates":[[[16.9375,46.3336],[16.939,46.3318],[16.9394,46.3332],[16.9375,46.3336]]]}},{"type":"Feature","properties":{"landuse":"farmland"},"geometry":{"type":"Polygon","coordinates":[[[16.9339,46.3386],[16.9323,46.3387],[16.9336,46.3371],[16.9339,46.3386]]]}},{"type":"Feature","properties":{"landuse":"farmland"},"geometry":{"type":"Polygon","coordinates":[[[16.9213,46.3156],[16.9231,46.3203],[16.9198,46.3186],[16.9213,46.3156]]]}},{"type":"Feature","properties":{"landuse":"farmland"},"geometry":{"type":"Polygon","coordinates":[[[18.2143,46.01],[18.214,46.0084],[18.2151,46.0103],[18.2143,46.01]]]}},{"type":"Feature","properties":{"landuse":"farmland"},"geometry":{"type":"Polygon","coordinates":[[[16.9384,46.3164],[16.9382,46.319],[16.9363,46.3166],[16.9384,46.3164]]]}},{"type":"Feature","properties":{"landuse":"farmland"},"geometry":{"type":"Polygon","coordinates":[[[16.9106,46.3374],[16.9081,46.3386],[16.9079,46.338],[16.9106,46.3374]]]}},{"type":"Feature","properties":{"landuse":"farmland"},"geometry":{"type":"Polygon","coordinates":[[[16.9151,46.3306],[16.9112,46.3324],[16.909,46.3262],[16.9129,46.3262],[16.9151,46.3306]]]}},{"type":"Feature","properties":{"landuse":"farmland"},"geometry":{"type":"Polygon","coordinates":[[[18.0472,46.7509],[18.0512,46.747],[18.0547,46.7478],[18.0506,46.7589],[18.0481,46.7582],[18.0472,46.7509]],[[18.0482,46.7512],[18.0501,46.7488],[18.0488,46.75],[18.0482,46.7512]]]}},{"type":"Feature","properties":{"landuse":"farmland"},"geometry":{"type":"Polygon","coordinates":[[[18.5612,46.4231],[18.563,46.4232],[18.5601,46.424],[18.5612,46.4231]]]}},{"type":"Feature","properties":{"landuse":"farmland"},"geometry":{"type":"Polygon","coordinates":[[[18.0537,46.894],[18.0534,46.8923],[18.0555,46.8926],[18.0537,46.894]]]}},{"type":"Feature","properties":{"landuse":"farmland"},"geometry":{"type":"Polygon","coordinates":[[[18.0537,46.8899],[18.0525,46.8919],[18.0486,46.8892],[18.0529,46.8895],[18.0524,46.8845],[18.0537,46.8899]]]}},{"type":"Feature","properties":{"landuse":"farmland"},"geometry":{"type":"Polygon","coordinates":[[[18.066,46.8989],[18.065,46.9002],[18.0642,46.8999],[18.066,46.8989]]]}},{"type":"Feature","properties":{"landuse":"farmland"},"geometry":{"type":"MultiPolygon","coordinates":[[[[18.2781,45.9971],[18.2795,45.9921],[18.2807,45.9924],[18.2781,45.9971]]],[[[18.2777,46.0003],[18.2786,46.0019],[18.2773,46.0034],[18.2777,46.0003]]],[[[18.2957,46.0183],[18.2884,46.0176],[18.2964,46.0157],[18.2957,46.0183]]],[[[18.3128,45.9746],[18.309,45.9732],[18.3087,45.9615],[18.3138,45.9692],[18.3154,45.9746],[18.3128,45.9746]]],[[[18.2854,45.975],[18.2847,45.976],[18.2855,45.9709],[18.2854,45.975]]],[[[18.3002,45.9859],[18.3,45.983],[18.2969,45.9829],[18.2985,45.99],[18.2945,45.9895],[18.2956,45.9915],[18.2915,45.9857],[18.2964,45.9768],[18.2876,45.9791],[18.2877,45.9705],[18.2937,45.9711],[18.2917,45.9685],[18.298,45.9589],[18.3044,45.9619],[18.3074,45.9602],[18.3071,45.9755],[18.3032,45.9749],[18.3034,45.9842],[18.3002,45.9859]],[[18.2981,45.9754],[18.3003,45.9735],[18.2981,45.9727],[18.3002,45.9748],[18.2981,45.9754]],[[18.2919,45.976],[18.2934,45.9758],[18.2919,45.9758],[18.2919,45.976]],[[18.2954,45.9711],[18.2978,45.9711],[18.2986,45.9659],[18.2957,45.9662],[18.2954,45.9711]],[[18.3013,45.9786],[18.2997,45.9799],[18.3012,45.9802],[18.3013,45.9786]]],[[[18.3141,45.9929],[18.3087,45.9924],[18.3129,45.986],[18.3179,45.9851],[18.3165,45.98],[18.3204,45.9803],[18.3177,45.9773],[18.3209,45.9775],[18.3172,45.9759],[18.3176,45.9687],[18.3139,45.9596],[18.3108,45.9594],[18.3117,45.9537],[18.3276,45.9581],[18.3341,45.9555],[18.3332,45.9607],[18.3274,45.9586],[18.3266,45.9622],[18.3307,45.9629],[18.3281,45.9697],[18.3309,45.9704],[18.3276,45.9814],[18.3311,45.9821],[18.3338,45.9758],[18.3322,45.9708],[18.3353,45.9718],[18.3317,45.9681],[18.3341,45.9653],[18.3382,45.972],[18.342,45.9724],[18.3183,45.9987],[18.3141,45.9929]],[[18.3243,45.9744],[18.3256,45.9735],[18.3244,45.9734],[18.3243,45.9744]],[[18.3329,45.9828],[18.3322,45.9818],[18.332,45.9827],[18.3329,45.9828]]],[[[18.3029,45.9906],[18.3047,45.9968],[18.3086,45.9947],[18.3179,45.9988],[18.3037,46.0163],[18.2968,46.0156],[18.2989,46.0087],[18.2965,46.0156],[18.2777,46.0151],[18.2817,46.0062],[18.2777,46.0063],[18.2806,45.9933],[18.2799,45.9964],[18.2813,45.9938],[18.2862,46.0043],[18.2841,46.0055],[18.2931,46.0055],[18.2897,46.0056],[18.2825,45.9905],[18.284,45.9839],[18.2942,45.992],[18.2972,46.004],[18.3004,46.004],[18.2976,46.0033],[18.2955,45.9934],[18.3029,45.9906]],[[18.2853,45.9942],[18.2856,45.9931],[18.285,45.9933],[18.2853,45.9942]],[[18.297,46.0049],[18.2972,46.0052],[18.2973,46.0048],[18.297,46.0049]],[[18.2811,46.0111],[18.2829,46.0123],[18.2832,46.0113],[18.2811,46.0111]],[[18.2838,46.009],[18.2867,46.0092],[18.2837,46.0087],[18.2838,46.009]],[[18.2803,46.0018],[18.2805,45.9998],[18.2797,46.0012],[18.2803,46.0018]],[[18.288,45.9931],[18.2883,45.9931],[18.2878,45.9926],[18.288,45.9931]],[[18.2904,45.995],[18.2905,45.9901],[18.2896,45.9943],[18.2904,45.995]],[[18.292,46.01],[18.2935,46.0089],[18.2924,46.0094],[18.292,46.01]],[[18.289,46.0123],[18.2909,46.011],[18.2906,46.0107],[18.289,46.0123]],[[18.2982,45.9947],[18.2988,45.9936],[18.297,45.9935],[18.2982,45.9947]],[[18.2995,45.9995],[18.2996,45.999],[18.2986,45.9989],[18.2985,45.9994],[18.2995,45.9995]],[[18.2902,46.0087],[18.2908,46.0086],[18.2887,46.0066],[18.2902,46.0087]]],[[[18.2959,46.0181],[18.2967,46.0159],[18.303,46.0176],[18.2959,46.0181]]],[[[18.265,46.0178],[18.2703,46.0192],[18.2657,46.0196],[18.265,46.0178]]],[[[18.2658,46.0149],[18.2751,46.0165],[18.2741,46.0189],[18.2652,46.0171],[18.2658,46.0149]]],[[[18.2868,46.0175],[18.279,46.0195],[18.2793,46.0165],[18.2879,46.0152],[18.2868,46.0175]]]]}},{"type":"Feature","properties":{"landuse":"vineyard"},"geometry":{"type":"Polygon","coordinates":[[[18.5555,46.2892],[18.5538,46.2898],[18.5518,46.2844],[18.5555,46.2892]]]}},{"type":"Feature","properties":{"landuse":"farmland"},"geometry":{"type":"Polygon","coordinates":[[[17.406,46.6613],[17.402,46.6673],[17.3921,46.6653],[17.3976,46.6596],[17.406,46.6613]]]}},{"type":"Feature","properties":{"landuse":"farmland"},"geometry":{"type":"Polygon","coordinates":[[[17.3975,46.6507],[17.3992,46.6461],[17.402,46.6465],[17.4004,46.6519],[17.3975,46.6507]]]}},{"type":"Feature","properties":{"landuse":"farmland"},"geometry":{"type":"Polygon","coordinates":[[[17.4032,46.644],[17.411,46.6468],[17.4109,46.6503],[17.402,46.646],[17.4032,46.644]]]}},{"type":"Feature","properties":{"landuse":"farmland"},"geometry":{"type":"Polygon","coordinates":[[[17.4108,46.653],[17.406,46.6534],[17.4068,46.65],[17.4117,46.6507],[17.4108,46.653]]]}},{"type":"Feature","properties":{"landuse":"farmland"},"geometry":{"type":"Polygon","coordinates":[[[17.3968,46.654],[17.4098,46.6548],[17.4063,46.661],[17.4019,46.6578],[17.4056,46.6589],[17.3952,46.6589],[17.3968,46.654]]]}},{"type":"Feature","properties":{"landuse":"farmland"},"geometry":{"type":"Polygon","coordinates":[[[17.3957,46.6468],[17.3956,46.6447],[17.3987,46.6453],[17.3957,46.6468]]]}},{"type":"Feature","properties":{"landuse":"orchard"},"geometry":{"type":"Polygon","coordinates":[[[18.4965,45.9572],[18.4982,45.9541],[18.5037,45.9585],[18.4965,45.9572]]]}},{"type":"Feature","properties":{"landuse":"farmland"},"geometry":{"type":"Polygon","coordinates":[[[18.4278,45.8893],[18.4259,45.8874],[18.4325,45.8803],[18.4265,45.8799],[18.4384,45.8781],[18.4278,45.8893]]]}},{"type":"Feature","properties":{"landuse":"vineyard"},"geometry":{"type":"Polygon","coordinates":[[[18.4492,45.8748],[18.4556,45.8757],[18.4541,45.8761],[18.4492,45.8748]]]}},{"type":"Feature","properties":{"landuse":"farmland"},"geometry":{"type":"Polygon","coordinates":[[[18.2117,46.2177],[18.21,46.216],[18.2145,46.2149],[18.2117,46.2177]]]}},{"type":"Feature","properties":{"landuse":"orchard"},"geometry":{"type":"Polygon","coordinates":[[[18.5975,46.2758],[18.5988,46.2791],[18.5955,46.2787],[18.5975,46.2758]]]}},{"type":"Feature","properties":{"landuse":"vineyard"},"geometry":{"type":"Polygon","coordinates":[[[18.603,46.2716],[18.5957,46.2706],[18.5953,46.2627],[18.6004,46.2628],[18.6048,46.2552],[18.6054,46.2628],[18.6004,46.2676],[18.6048,46.2682],[18.603,46.2716]]]}},{"type":"Feature","properties":{"landuse":"farmland"},"geometry":{"type":"MultiPolygon","coordinates":[[[[18.4251,46.1524],[18.427,46.1528],[18.4245,46.1529],[18.4251,46.1524]]],[[[18.4283,46.154],[18.4241,46.1535],[18.4243,46.153],[18.4283,46.154]]]]}},{"type":"Feature","properties":{"landuse":"green_public_spaces"},"geometry":{"type":"Polygon","coordinates":[[[17.4133,46.5779],[17.4098,46.5784],[17.4099,46.5775],[17.4133,46.5779]]]}},{"type":"Feature","properties":{"landuse":"green_public_spaces"},"geometry":{"type":"Polygon","coordinates":[[[17.4104,46.5976],[17.4106,46.5963],[17.4114,46.5978],[17.4104,46.5976]]]}},{"type":"Feature","properties":{"landuse":"green_public_spaces"},"geometry":{"type":"Polygon","coordinates":[[[17.4089,46.5939],[17.4097,46.5941],[17.4098,46.5957],[17.4089,46.5939]]]}},{"type":"Feature","properties":{"landuse":"orchard"},"geometry":{"type":"Polygon","coordinates":[[[17.8619,45.8706],[17.8637,45.8696],[17.8624,45.8731],[17.8619,45.8706]]]}},{"type":"Feature","properties":{"landuse":"green_public_spaces"},"geometry":{"type":"Polygon","coordinates":[[[17.4624,45.9611],[17.4642,45.9603],[17.4642,45.9611],[17.4624,45.9611]]]}},{"type":"Feature","properties":{"landuse":"green_public_spaces"},"geometry":{"type":"Polygon","coordinates":[[[18.2378,46.0746],[18.2378,46.0737],[18.2397,46.0737],[18.2378,46.0746]]]}},{"type":"Feature","properties":{"landuse":"green_public_spaces"},"geometry":{"type":"Polygon","coordinates":[[[17.9907,46.1045],[17.9922,46.106],[17.9902,46.1059],[17.9907,46.1045]]]}},{"type":"Feature","properties":{"landuse":"green_public_spaces"},"geometry":{"type":"Polygon","coordinates":[[[17.9902,46.1059],[17.9926,46.1064],[17.9891,46.1117],[17.9902,46.1059]]]}},{"type":"Feature","properties":{"landuse":"vineyard"},"geometry":{"type":"Polygon","coordinates":[[[18.1866,46.0687],[18.1862,46.0714],[18.1838,46.0715],[18.1866,46.0687]]]}},{"type":"Feature","properties":{"landuse":"farmland"},"geometry":{"type":"Polygon","coordinates":[[[17.727,46.3436],[17.7262,46.3421],[17.73,46.3434],[17.727,46.3436]]]}},{"type":"Feature","properties":{"landuse":"green_public_spaces"},"geometry":{"type":"Polygon","coordinates":[[[18.2192,46.094],[18.2193,46.0928],[18.2219,46.0934],[18.2192,46.094]]]}},{"type":"Feature","properties":{"landuse":"green_public_spaces"},"geometry":{"type":"Polygon","coordinates":[[[18.685,45.9889],[18.686,45.9897],[18.6839,45.9906],[18.685,45.9889]]]}},{"type":"Feature","properties":{"landuse":"farmland"},"geometry":{"type":"Polygon","coordinates":[[[17.4686,45.9636],[17.4687,45.9616],[17.4709,45.9617],[17.4686,45.9636]]]}},{"type":"Feature","properties":{"landuse":"farmland"},"geometry":{"type":"Polygon","coordinates":[[[17.4836,45.9447],[17.4884,45.9462],[17.4814,45.9454],[17.4836,45.9447]]]}},{"type":"Feature","properties":{"landuse":"farmland"},"geometry":{"type":"Polygon","coordinates":[[[17.491,45.9455],[17.4961,45.9456],[17.4895,45.9469],[17.491,45.9455]]]}},{"type":"Feature","properties":{"landuse":"farmland"},"geometry":{"type":"Polygon","coordinates":[[[17.4746,45.944],[17.4843,45.9436],[17.4887,45.9459],[17.4746,45.944]]]}},{"type":"Feature","properties":{"landuse":"green_public_spaces"},"geometry":{"type":"Polygon","coordinates":[[[17.4623,45.947],[17.4651,45.9453],[17.4664,45.9479],[17.4623,45.947]]]}},{"type":"Feature","properties":{"landuse":"green_public_spaces"},"geometry":{"type":"Polygon","coordinates":[[[17.4419,45.9512],[17.4599,45.9469],[17.4511,45.9506],[17.4419,45.9512]]]}},{"type":"Feature","properties":{"landuse":"farmland"},"geometry":{"type":"Polygon","coordinates":[[[17.6186,46.1898],[17.6078,46.1896],[17.6074,46.187],[17.6112,46.1892],[17.6113,46.1847],[17.6171,46.1824],[17.617,46.1865],[17.6142,46.1865],[17.6186,46.1898]]]}},{"type":"Feature","properties":{"landuse":"green_public_spaces"},"geometry":{"type":"Polygon","coordinates":[[[18.6707,45.989],[18.6661,45.9893],[18.672,45.988],[18.6707,45.989]]]}},{"type":"Feature","properties":{"landuse":"green_public_spaces"},"geometry":{"type":"Polygon","coordinates":[[[17.8553,45.8753],[17.8558,45.8766],[17.8547,45.8764],[17.8553,45.8753]]]}},{"type":"Feature","properties":{"landuse":"farmland"},"geometry":{"type":"Polygon","coordinates":[[[17.1838,46.4032],[17.1874,46.417],[17.1837,46.4193],[17.1744,46.4125],[17.1666,46.4011],[17.1785,46.3984],[17.1794,46.4035],[17.1838,46.4032]]]}},{"type":"Feature","properties":{"landuse":"green_public_spaces"},"geometry":{"type":"Polygon","coordinates":[[[18.6796,45.9945],[18.6809,45.9943],[18.6813,45.9968],[18.6796,45.9945]]]}},{"type":"Feature","properties":{"landuse":"vineyard"},"geometry":{"type":"Polygon","coordinates":[[[18.3243,46.4483],[18.3244,46.4469],[18.3261,46.4476],[18.3243,46.4483]]]}},{"type":"Feature","properties":{"landuse":"farmland"},"geometry":{"type":"Polygon","coordinates":[[[18.3237,46.4612],[18.3226,46.4596],[18.3254,46.4598],[18.3237,46.4612]]]}},{"type":"Feature","properties":{"landuse":"farmland"},"geometry":{"type":"Polygon","coordinates":[[[18.3364,46.464],[18.3297,46.4613],[18.3311,46.459],[18.3367,46.4613],[18.3364,46.464]]]}},{"type":"Feature","properties":{"landuse":"green_public_spaces"},"geometry":{"type":"Polygon","coordinates":[[[18.1348,45.9701],[18.1363,45.9732],[18.1306,45.9739],[18.1302,45.9699],[18.1348,45.9701]]]}},{"type":"Feature","properties":{"landuse":"farmland"},"geometry":{"type":"Polygon","coordinates":[[[17.1416,46.5495],[17.1399,46.5459],[17.142,46.5461],[17.1416,46.5495]]]}},{"type":"Feature","properties":{"landuse":"green_public_spaces"},"geometry":{"type":"Polygon","coordinates":[[[17.8467,45.8711],[17.8446,45.8705],[17.8497,45.8698],[17.8467,45.8711]]]}},{"type":"Feature","properties":{"landuse":"green_public_spaces"},"geometry":{"type":"Polygon","coordinates":[[[17.4101,46.58],[17.4092,46.5809],[17.4069,46.5792],[17.4101,46.58]]]}},{"type":"Feature","properties":{"landuse":"green_public_spaces"},"geometry":{"type":"Polygon","coordinates":[[[18.0538,46.9064],[18.0551,46.907],[18.0527,46.9068],[18.0538,46.9064]]]}},{"type":"Feature","properties":{"landuse":"green_public_spaces"},"geometry":{"type":"Polygon","coordinates":[[[18.2207,46.0876],[18.2216,46.0859],[18.2234,46.0874],[18.2207,46.0876]]]}},{"type":"Feature","properties":{"landuse":"green_public_spaces"},"geometry":{"type":"Polygon","coordinates":[[[18.2343,46.0878],[18.2318,46.0891],[18.2325,46.0878],[18.2343,46.0878]]]}},{"type":"Feature","properties":{"landuse":"orchard"},"geometry":{"type":"Polygon","coordinates":[[[17.7548,46.3821],[17.7553,46.3814],[17.759,46.3823],[17.7548,46.3821]]]}},{"type":"Feature","properties":{"landuse":"green_public_spaces"},"geometry":{"type":"Polygon","coordinates":[[[17.463,45.9545],[17.4616,45.9574],[17.4564,45.9574],[17.463,45.9545]]]}},{"type":"Feature","properties":{"landuse":"farmland"},"geometry":{"type":"Polygon","coordinates":[[[18.6145,46.2368],[18.629,46.2354],[18.629,46.2323],[18.6367,46.2359],[18.6477,46.2324],[18.6373,46.2453],[18.6393,46.2402],[18.6309,46.2424],[18.6327,46.2394],[18.6276,46.2368],[18.6213,46.2387],[18.6109,46.2501],[18.618,46.2406],[18.6133,46.2396],[18.6145,46.2368]]]}},{"type":"Feature","properties":{"landuse":"farmland"},"geometry":{"type":"Polygon","coordinates":[[[18.8835,46.6294],[18.8785,46.6245],[18.882,46.6223],[18.8784,46.6244],[18.8755,46.6194],[18.8843,46.6211],[18.8855,46.6258],[18.8882,46.6241],[18.8835,46.6294]]]}},{"type":"Feature","properties":{"landuse":"farmland"},"geometry":{"type":"Polygon","coordinates":[[[18.6195,46.2572],[18.615,46.2526],[18.6114,46.2539],[18.6151,46.2455],[18.6186,46.2519],[18.622,46.2507],[18.6186,46.2537],[18.6219,46.2564],[18.6195,46.2572]]]}},{"type":"Feature","properties":{"landuse":"farmland"},"geometry":{"type":"Polygon","coordinates":[[[18.8501,46.5999],[18.854,46.5923],[18.8588,46.5943],[18.8548,46.5963],[18.8543,46.6015],[18.8537,46.5995],[18.8484,46.6024],[18.8501,46.5999]]]}},{"type":"Feature","properties":{"landuse":"farmland"},"geometry":{"type":"Polygon","coordinates":[[[18.6371,46.2412],[18.6341,46.2455],[18.6363,46.2472],[18.6307,46.2478],[18.6318,46.2429],[18.6371,46.2412]]]}},{"type":"Feature","properties":{"landuse":"farmland"},"geometry":{"type":"Polygon","coordinates":[[[18.6405,46.2568],[18.6378,46.26],[18.6375,46.2526],[18.64,46.2529],[18.6392,46.2557],[18.6461,46.2425],[18.6482,46.243],[18.6479,46.2492],[18.6405,46.2568]]]}},{"type":"Feature","properties":{"landuse":"farmland"},"geometry":{"type":"Polygon","coordinates":[[[17.6001,46.175],[17.6015,46.1719],[17.606,46.1738],[17.602,46.1853],[17.6045,46.1895],[17.6029,46.194],[17.5976,46.1934],[17.6001,46.175]]]}},{"type":"Feature","properties":{"landuse":"farmland"},"geometry":{"type":"Polygon","coordinates":[[[18.2632,46.0145],[18.2553,46.0141],[18.2573,46.0101],[18.2626,46.0115],[18.2632,46.0145]]]}},{"type":"Feature","properties":{"landuse":"farmland"},"geometry":{"type":"Polygon","coordinates":[[[18.2565,45.9953],[18.2487,45.9956],[18.2494,45.9928],[18.2547,45.9943],[18.2649,45.9787],[18.2722,45.9754],[18.269,45.9832],[18.2621,45.9862],[18.2565,45.9953]]]}},{"type":"Feature","properties":{"landuse":"farmland"},"geometry":{"type":"Polygon","coordinates":[[[18.3282,46.4642],[18.3239,46.4614],[18.3297,46.4616],[18.3282,46.4642]]]}},{"type":"Feature","properties":{"landuse":"farmland"},"geometry":{"type":"Polygon","coordinates":[[[18.3282,46.4642],[18.3297,46.4616],[18.3323,46.4626],[18.3282,46.4642]]]}},{"type":"Feature","properties":{"landuse":"farmland"},"geometry":{"type":"Polygon","coordinates":[[[18.3258,46.4596],[18.3241,46.4589],[18.3279,46.4568],[18.3258,46.4596]]]}},{"type":"Feature","properties":{"landuse":"farmland"},"geometry":{"type":"Polygon","coordinates":[[[18.2567,46.0047],[18.252,46.0033],[18.2521,45.9984],[18.2568,45.9991],[18.2563,45.9958],[18.2589,45.9966],[18.2567,46.0047]]]}},{"type":"Feature","properties":{"landuse":"farmland"},"geometry":{"type":"Polygon","coordinates":[[[18.2607,45.9909],[18.2642,45.986],[18.2657,45.9963],[18.2596,45.9948],[18.2607,45.9909]]]}},{"type":"Feature","properties":{"landuse":"farmland"},"geometry":{"type":"Polygon","coordinates":[[[18.3275,46.4576],[18.3309,46.4589],[18.3295,46.4612],[18.3259,46.4596],[18.3275,46.4576]]]}},{"type":"Feature","properties":{"landuse":"farmland"},"geometry":{"type":"Polygon","coordinates":[[[18.2503,45.823],[18.2404,45.8198],[18.2442,45.8176],[18.2503,45.823]]]}},{"type":"Feature","properties":{"landuse":"vineyard"},"geometry":{"type":"Polygon","coordinates":[[[18.1287,45.9763],[18.1331,45.9819],[18.1298,45.9871],[18.1234,45.9844],[18.1287,45.9763]]]}},{"type":"Feature","properties":{"landuse":"farmland"},"geometry":{"type":"Polygon","coordinates":[[[18.2817,45.9636],[18.2821,45.9666],[18.2788,45.9668],[18.277,45.9547],[18.2817,45.9636]]]}},{"type":"Feature","properties":{"landuse":"green_public_spaces"},"geometry":{"type":"Polygon","coordinates":[[[18.2283,46.0805],[18.2277,46.0825],[18.2266,46.0811],[18.2283,46.0805]]]}},{"type":"Feature","properties":{"landuse":"vineyard"},"geometry":{"type":"Polygon","coordinates":[[[18.1701,45.9789],[18.1669,45.9871],[18.1612,45.9873],[18.1587,45.9834],[18.1585,45.9795],[18.1701,45.9789]]]}},{"type":"Feature","properties":{"landuse":"vineyard"},"geometry":{"type":"Polygon","coordinates":[[[17.993,46.1082],[17.994,46.1194],[17.9909,46.1134],[17.993,46.1082]]]}},{"type":"Feature","properties":{"landuse":"farmland"},"geometry":{"type":"Polygon","coordinates":[[[18.2645,46.2042],[18.261,46.2087],[18.2584,46.2077],[18.2645,46.2042]]]}},{"type":"Feature","properties":{"landuse":"farmland"},"geometry":{"type":"Polygon","coordinates":[[[18.2619,46.2149],[18.2691,46.215],[18.2653,46.2183],[18.2619,46.2149]]]}},{"type":"Feature","properties":{"landuse":"farmland"},"geometry":{"type":"Polygon","coordinates":[[[18.2271,46.2197],[18.2261,46.2192],[18.2272,46.2183],[18.2271,46.2197]]]}},{"type":"Feature","properties":{"landuse":"farmland"},"geometry":{"type":"Polygon","coordinates":[[[18.2256,46.1989],[18.2274,46.2023],[18.2217,46.201],[18.2256,46.1989]]]}},{"type":"Feature","properties":{"landuse":"farmland"},"geometry":{"type":"Polygon","coordinates":[[[18.2193,46.1963],[18.2178,46.1984],[18.2228,46.2031],[18.2175,46.2044],[18.219,46.2109],[18.2137,46.2138],[18.2158,46.2074],[18.2129,46.2054],[18.2194,46.2007],[18.2159,46.1954],[18.2193,46.1963]]]}},{"type":"Feature","properties":{"landuse":"farmland"},"geometry":{"type":"Polygon","coordinates":[[[18.2131,46.1997],[18.2167,46.2012],[18.2143,46.2021],[18.2131,46.1997]]]}},{"type":"Feature","properties":{"landuse":"farmland"},"geometry":{"type":"Polygon","coordinates":[[[18.258,46.2075],[18.2542,46.2136],[18.2533,46.208],[18.258,46.2075]]]}},{"type":"Feature","properties":{"landuse":"farmland"},"geometry":{"type":"Polygon","coordinates":[[[18.2334,46.2157],[18.2382,46.2144],[18.2381,46.2184],[18.2334,46.2157]]]}},{"type":"Feature","properties":{"landuse":"green_public_spaces"},"geometry":{"type":"Polygon","coordinates":[[[18.2124,46.0857],[18.2112,46.0852],[18.2132,46.0844],[18.2124,46.0857]]]}},{"type":"Feature","properties":{"landuse":"orchard"},"geometry":{"type":"Polygon","coordinates":[[[18.1155,46.914],[18.1175,46.912],[18.1181,46.9131],[18.1155,46.914]]]}},{"type":"Feature","properties":{"landuse":"farmland"},"geometry":{"type":"Polygon","coordinates":[[[17.7424,46.359],[17.745,46.3576],[17.7443,46.3598],[17.7424,46.359]]]}},{"type":"Feature","properties":{"landuse":"green_public_spaces"},"geometry":{"type":"Polygon","coordinates":[[[18.1603,46.384],[18.1607,46.3829],[18.1623,46.3832],[18.1603,46.384]]]}},{"type":"Feature","properties":{"landuse":"farmland"},"geometry":{"type":"Polygon","coordinates":[[[18.1341,46.0613],[18.1364,46.06],[18.1364,46.0612],[18.1341,46.0613]]]}},{"type":"Feature","properties":{"landuse":"farmland"},"geometry":{"type":"Polygon","coordinates":[[[18.1722,46.0607],[18.1746,46.062],[18.1713,46.0635],[18.1722,46.0607]]]}},{"type":"Feature","properties":{"landuse":"green_public_spaces"},"geometry":{"type":"Polygon","coordinates":[[[18.5115,45.9653],[18.5175,45.9678],[18.508,45.9683],[18.5115,45.9653]]]}},{"type":"Feature","properties":{"landuse":"farmland"},"geometry":{"type":"Polygon","coordinates":[[[17.4435,46.6698],[17.4427,46.666],[17.4495,46.6656],[17.4499,46.6693],[17.4435,46.6698]]]}},{"type":"Feature","properties":{"landuse":"farmland"},"geometry":{"type":"Polygon","coordinates":[[[17.4353,46.6712],[17.4351,46.6676],[17.442,46.6676],[17.4428,46.6711],[17.4353,46.6712]]]}},{"type":"Feature","properties":{"landuse":"farmland"},"geometry":{"type":"Polygon","coordinates":[[[17.4359,46.6784],[17.4356,46.6751],[17.4431,46.6751],[17.4437,46.678],[17.4359,46.6784]]]}},{"type":"Feature","properties":{"landuse":"farmland"},"geometry":{"type":"Polygon","coordinates":[[[17.4439,46.674],[17.4432,46.6702],[17.4499,46.6698],[17.4505,46.6736],[17.4439,46.674]]]}},{"type":"Feature","properties":{"landuse":"farmland"},"geometry":{"type":"Polygon","coordinates":[[[17.4351,46.6672],[17.4349,46.6636],[17.4399,46.6634],[17.4403,46.6671],[17.4351,46.6672]]]}},{"type":"Feature","properties":{"landuse":"farmland"},"geometry":{"type":"Polygon","coordinates":[[[17.4283,46.6747],[17.4282,46.6717],[17.4352,46.6716],[17.4354,46.6747],[17.4283,46.6747]]]}},{"type":"Feature","properties":{"landuse":"farmland"},"geometry":{"type":"Polygon","coordinates":[[[17.428,46.671],[17.4279,46.6678],[17.435,46.6676],[17.4351,46.6711],[17.428,46.671]]]}},{"type":"Feature","properties":{"landuse":"farmland"},"geometry":{"type":"Polygon","coordinates":[[[17.4356,46.6747],[17.4354,46.6715],[17.4425,46.6715],[17.4433,46.6746],[17.4356,46.6747]]]}},{"type":"Feature","properties":{"landuse":"farmland"},"geometry":{"type":"Polygon","coordinates":[[[17.3913,46.6669],[17.4011,46.6687],[17.3914,46.6673],[17.3913,46.6669]]]}},{"type":"Feature","properties":{"landuse":"farmland"},"geometry":{"type":"Polygon","coordinates":[[[17.403,46.6671],[17.4068,46.6655],[17.4048,46.6681],[17.403,46.6671]]]}},{"type":"Feature","properties":{"landuse":"farmland"},"geometry":{"type":"Polygon","coordinates":[[[17.3912,46.6673],[17.4009,46.669],[17.3911,46.6684],[17.3912,46.6673]]]}},{"type":"Feature","properties":{"landuse":"vineyard"},"geometry":{"type":"Polygon","coordinates":[[[18.4474,45.8621],[18.4464,45.8614],[18.4491,45.8607],[18.4474,45.8621]]]}},{"type":"Feature","properties":{"landuse":"vineyard"},"geometry":{"type":"Polygon","coordinates":[[[18.4498,45.8575],[18.452,45.8553],[18.4427,45.86],[18.4318,45.8534],[18.4346,45.8493],[18.4538,45.8529],[18.4498,45.8575]]]}},{"type":"Feature","properties":{"landuse":"vineyard"},"geometry":{"type":"Polygon","coordinates":[[[18.4552,45.8521],[18.4555,45.8505],[18.4593,45.8513],[18.4552,45.8521]]]}},{"type":"Feature","properties":{"landuse":"vineyard"},"geometry":{"type":"Polygon","coordinates":[[[18.4666,45.8764],[18.4678,45.8741],[18.4696,45.8768],[18.4666,45.8764]]]}},{"type":"Feature","properties":{"landuse":"green_public_spaces"},"geometry":{"type":"Polygon","coordinates":[[[18.1274,46.3842],[18.1257,46.3843],[18.1272,46.3828],[18.1274,46.3842]]]}},{"type":"Feature","properties":{"landuse":"green_public_spaces"},"geometry":{"type":"Polygon","coordinates":[[[18.6452,45.9427],[18.6458,45.9401],[18.649,45.9404],[18.6484,45.9431],[18.6452,45.9427]]]}},{"type":"Feature","properties":{"landuse":"farmland"},"geometry":{"type":"Polygon","coordinates":[[[18.3273,46.1404],[18.3294,46.1421],[18.3276,46.143],[18.3273,46.1404]]]}},{"type":"Feature","properties":{"landuse":"vineyard"},"geometry":{"type":"Polygon","coordinates":[[[18.5599,46.2979],[18.5566,46.2971],[18.5576,46.2957],[18.5599,46.2979]]]}},{"type":"Feature","properties":{"landuse":"vineyard"},"geometry":{"type":"Polygon","coordinates":[[[18.5508,46.2993],[18.5519,46.2976],[18.5558,46.2989],[18.5508,46.2993]]]}},{"type":"Feature","properties":{"landuse":"vineyard"},"geometry":{"type":"Polygon","coordinates":[[[18.5593,46.2971],[18.5666,46.2904],[18.5674,46.2945],[18.5629,46.2996],[18.5593,46.2971]]]}},{"type":"Feature","properties":{"landuse":"vineyard"},"geometry":{"type":"Polygon","coordinates":[[[18.5519,46.2976],[18.5582,46.2976],[18.5571,46.2993],[18.5519,46.2976]]]}},{"type":"Feature","properties":{"landuse":"vineyard"},"geometry":{"type":"Polygon","coordinates":[[[18.5498,46.3011],[18.5535,46.3023],[18.5525,46.3041],[18.5498,46.3011]]]}},{"type":"Feature","properties":{"landuse":"vineyard"},"geometry":{"type":"Polygon","coordinates":[[[18.5539,46.3046],[18.5569,46.3034],[18.5557,46.3052],[18.5539,46.3046]]]}},{"type":"Feature","properties":{"landuse":"vineyard"},"geometry":{"type":"Polygon","coordinates":[[[18.5517,46.3018],[18.5529,46.3],[18.554,46.3004],[18.5517,46.3018]]]}},{"type":"Feature","properties":{"landuse":"vineyard"},"geometry":{"type":"Polygon","coordinates":[[[18.5501,46.3012],[18.5512,46.2995],[18.5526,46.2999],[18.5514,46.3017],[18.5501,46.3012]]]}},{"type":"Feature","properties":{"landuse":"vineyard"},"geometry":{"type":"Polygon","coordinates":[[[18.5447,46.302],[18.5502,46.292],[18.5545,46.2938],[18.5499,46.2942],[18.5481,46.3019],[18.5447,46.302]]]}},{"type":"Feature","properties":{"landuse":"vineyard"},"geometry":{"type":"Polygon","coordinates":[[[18.5549,46.3007],[18.5569,46.2992],[18.5557,46.3009],[18.5549,46.3007]]]}},{"type":"Feature","properties":{"landuse":"vineyard"},"geometry":{"type":"Polygon","coordinates":[[[18.5582,46.2996],[18.5594,46.2979],[18.5608,46.2984],[18.5582,46.2996]]]}},{"type":"Feature","properties":{"landuse":"vineyard"},"geometry":{"type":"Polygon","coordinates":[[[18.5551,46.3028],[18.5559,46.301],[18.5591,46.302],[18.5551,46.3028]]]}},{"type":"Feature","properties":{"landuse":"vineyard"},"geometry":{"type":"Polygon","coordinates":[[[18.5537,46.2961],[18.555,46.2943],[18.5554,46.2966],[18.5537,46.2961]]]}},{"type":"Feature","properties":{"landuse":"vineyard"},"geometry":{"type":"Polygon","coordinates":[[[18.5591,46.302],[18.5574,46.2994],[18.5604,46.3004],[18.5591,46.302]]]}},{"type":"Feature","properties":{"landuse":"green_public_spaces"},"geometry":{"type":"Polygon","coordinates":[[[18.1448,46.3744],[18.1434,46.3742],[18.1444,46.373],[18.1448,46.3744]]]}},{"type":"Feature","properties":{"landuse":"farmland"},"geometry":{"type":"Polygon","coordinates":[[[18.2236,46.009],[18.2231,46.0065],[18.2242,46.0064],[18.2236,46.009]]]}},{"type":"Feature","properties":{"landuse":"green_public_spaces"},"geometry":{"type":"Polygon","coordinates":[[[18.0481,46.9075],[18.0506,46.9088],[18.047,46.9094],[18.0481,46.9075]]]}},{"type":"Feature","properties":{"landuse":"green_public_spaces"},"geometry":{"type":"Polygon","coordinates":[[[17.3566,46.2257],[17.3588,46.2258],[17.357,46.2278],[17.3566,46.2257]]]}},{"type":"Feature","properties":{"landuse":"vineyard"},"geometry":{"type":"Polygon","coordinates":[[[18.2651,45.8752],[18.2647,45.8742],[18.2662,45.874],[18.2651,45.8752]]]}},{"type":"Feature","properties":{"landuse":"vineyard"},"geometry":{"type":"Polygon","coordinates":[[[18.2647,45.8742],[18.2642,45.8728],[18.2662,45.8725],[18.2647,45.8742]]]}},{"type":"Feature","properties":{"landuse":"vineyard"},"geometry":{"type":"Polygon","coordinates":[[[18.2654,45.8762],[18.2651,45.8753],[18.2662,45.8751],[18.2654,45.8762]]]}},{"type":"Feature","properties":{"landuse":"vineyard"},"geometry":{"type":"Polygon","coordinates":[[[18.2615,45.8767],[18.261,45.8734],[18.2641,45.8728],[18.2652,45.8763],[18.2615,45.8767]]]}},{"type":"Feature","properties":{"landuse":"green_public_spaces"},"geometry":{"type":"Polygon","coordinates":[[[18.5164,46.295],[18.5183,46.2939],[18.5186,46.2951],[18.5164,46.295]]]}},{"type":"Feature","properties":{"landuse":"vineyard"},"geometry":{"type":"Polygon","coordinates":[[[17.6722,46.4252],[17.676,46.4203],[17.68,46.4212],[17.6769,46.4252],[17.6722,46.4252]]]}},{"type":"Feature","properties":{"landuse":"green_public_spaces"},"geometry":{"type":"Polygon","coordinates":[[[17.3777,46.217],[17.3742,46.2176],[17.3739,46.2147],[17.3777,46.217]]]}},{"type":"Feature","properties":{"landuse":"farmland"},"geometry":{"type":"Polygon","coordinates":[[[17.3831,46.6864],[17.387,46.686],[17.3854,46.6893],[17.3808,46.6883],[17.3831,46.6864]]]}},{"type":"Feature","properties":{"landuse":"vineyard"},"geometry":{"type":"Polygon","coordinates":[[[18.4026,46.3413],[18.4029,46.3432],[18.392,46.3468],[18.4026,46.3413]]]}},{"type":"Feature","properties":{"landuse":"vineyard"},"geometry":{"type":"Polygon","coordinates":[[[18.3928,46.3489],[18.3925,46.3467],[18.4029,46.3433],[18.4033,46.3455],[18.3928,46.3489]]]}},{"type":"Feature","properties":{"landuse":"orchard"},"geometry":{"type":"Polygon","coordinates":[[[18.2144,46.0066],[18.2218,46.0066],[18.2224,46.0099],[18.2152,46.0103],[18.2144,46.0066]]]}},{"type":"Feature","properties":{"landuse":"farmland"},"geometry":{"type":"Polygon","coordinates":[[[18.2388,45.8143],[18.2437,45.8121],[18.2386,45.8186],[18.2367,45.8155],[18.2388,45.8143]]]}},{"type":"Feature","properties":{"landuse":"farmland"},"geometry":{"type":"Polygon","coordinates":[[[18.8467,46.5852],[18.8433,46.5855],[18.8433,46.5832],[18.8467,46.5852]]]}},{"type":"Feature","properties":{"landuse":"green_public_spaces"},"geometry":{"type":"Polygon","coordinates":[[[17.4026,46.5881],[17.4024,46.5863],[17.4038,46.5882],[17.4026,46.5881]]]}},{"type":"Feature","properties":{"landuse":"green_public_spaces"},"geometry":{"type":"Polygon","coordinates":[[[17.3988,46.5948],[17.3989,46.5942],[17.4033,46.5951],[17.3988,46.5948]]]}},{"type":"Feature","properties":{"landuse":"green_public_spaces"},"geometry":{"type":"Polygon","coordinates":[[[18.2426,45.8499],[18.2415,45.8514],[18.2389,45.8497],[18.2426,45.8499]]]}},{"type":"Feature","properties":{"landuse":"green_public_spaces"},"geometry":{"type":"Polygon","coordinates":[[[18.2451,45.8523],[18.2539,45.8527],[18.2523,45.8547],[18.2451,45.8523]]]}},{"type":"Feature","properties":{"landuse":"green_public_spaces"},"geometry":{"type":"Polygon","coordinates":[[[17.9653,46.1017],[17.9667,46.1065],[17.964,46.1063],[17.9632,46.1018],[17.9653,46.1017]]]}},{"type":"Feature","properties":{"landuse":"green_public_spaces"},"geometry":{"type":"Polygon","coordinates":[[[17.101,46.2529],[17.1003,46.2516],[17.1018,46.252],[17.101,46.2529]]]}},{"type":"Feature","properties":{"landuse":"farmland"},"geometry":{"type":"Polygon","coordinates":[[[18.0386,45.8198],[18.0421,45.8237],[18.0361,45.8226],[18.0386,45.8198]]]}},{"type":"Feature","properties":{"landuse":"green_public_spaces"},"geometry":{"type":"Polygon","coordinates":[[[18.8549,46.6218],[18.8545,46.6201],[18.8574,46.6206],[18.8549,46.6218]]]}},{"type":"Feature","properties":{"landuse":"farmland"},"geometry":{"type":"Polygon","coordinates":[[[17.7335,46.3691],[17.7326,46.3682],[17.7346,46.3677],[17.7335,46.3691]]]}},{"type":"Feature","properties":{"landuse":"farmland"},"geometry":{"type":"Polygon","coordinates":[[[17.7347,46.3689],[17.735,46.3677],[17.742,46.3679],[17.7347,46.3689]]]}},{"type":"Feature","properties":{"landuse":"farmland"},"geometry":{"type":"Polygon","coordinates":[[[17.7351,46.3661],[17.7341,46.3673],[17.7325,46.3656],[17.7351,46.3661]]]}},{"type":"Feature","properties":{"landuse":"farmland"},"geometry":{"type":"Polygon","coordinates":[[[18.4769,46.6805],[18.4747,46.6795],[18.477,46.6791],[18.4769,46.6805]]]}},{"type":"Feature","properties":{"landuse":"green_public_spaces"},"geometry":{"type":"Polygon","coordinates":[[[18.2104,45.8597],[18.2152,45.8616],[18.2106,45.8608],[18.2104,45.8597]]]}},{"type":"Feature","properties":{"landuse":"farmland"},"geometry":{"type":"Polygon","coordinates":[[[18.4477,46.5484],[18.449,46.5448],[18.4508,46.5458],[18.4477,46.5484]]]}},{"type":"Feature","properties":{"landuse":"farmland"},"geometry":{"type":"Polygon","coordinates":[[[18.7793,46.4128],[18.778,46.411],[18.7826,46.4123],[18.7793,46.4128]]]}},{"type":"Feature","properties":{"landuse":"farmland"},"geometry":{"type":"Polygon","coordinates":[[[18.7833,46.4122],[18.7762,46.4072],[18.7807,46.3949],[18.7833,46.4122]]]}},{"type":"Feature","properties":{"landuse":"orchard"},"geometry":{"type":"Polygon","coordinates":[[[18.6892,45.9768],[18.694,45.9725],[18.6945,45.9729],[18.6892,45.9768]]]}},{"type":"Feature","properties":{"landuse":"green_public_spaces"},"geometry":{"type":"Polygon","coordinates":[[[18.2427,46.0759],[18.24,46.0762],[18.2402,46.0752],[18.2427,46.0759]]]}},{"type":"Feature","properties":{"landuse":"green_public_spaces"},"geometry":{"type":"Polygon","coordinates":[[[17.4126,46.5814],[17.4164,46.5816],[17.4161,46.5828],[17.4126,46.5814]]]}},{"type":"Feature","properties":{"landuse":"farmland"},"geometry":{"type":"Polygon","coordinates":[[[18.4605,46.2156],[18.4642,46.2171],[18.4616,46.2177],[18.4605,46.2156]]]}},{"type":"Feature","properties":{"landuse":"farmland"},"geometry":{"type":"Polygon","coordinates":[[[18.4557,46.213],[18.4594,46.2152],[18.4577,46.2184],[18.4547,46.2169],[18.4557,46.213]]]}},{"type":"Feature","properties":{"landuse":"farmland"},"geometry":{"type":"Polygon","coordinates":[[[18.3897,46.157],[18.3919,46.1573],[18.3909,46.1592],[18.3897,46.157]]]}},{"type":"Feature","properties":{"landuse":"farmland"},"geometry":{"type":"Polygon","coordinates":[[[18.3906,46.1605],[18.3872,46.1628],[18.3888,46.1602],[18.3906,46.1605]]]}},{"type":"Feature","properties":{"landuse":"farmland"},"geometry":{"type":"Polygon","coordinates":[[[18.5859,46.2558],[18.5928,46.2579],[18.5818,46.2604],[18.5859,46.2558]]]}},{"type":"Feature","properties":{"landuse":"green_public_spaces"},"geometry":{"type":"Polygon","coordinates":[[[18.2399,46.056],[18.2461,46.051],[18.2492,46.0525],[18.2474,46.0556],[18.2399,46.056]]]}},{"type":"Feature","properties":{"landuse":"green_public_spaces"},"geometry":{"type":"Polygon","coordinates":[[[18.6726,45.9922],[18.6743,45.992],[18.674,45.9936],[18.6726,45.9922]]]}},{"type":"Feature","properties":{"landuse":"farmland"},"geometry":{"type":"Polygon","coordinates":[[[18.2443,46.2464],[18.2413,46.2452],[18.2447,46.2458],[18.2443,46.2464]]]}},{"type":"Feature","properties":{"landuse":"farmland"},"geometry":{"type":"Polygon","coordinates":[[[18.227,46.2974],[18.2318,46.297],[18.2263,46.299],[18.227,46.2974]]]}},{"type":"Feature","properties":{"landuse":"farmland"},"geometry":{"type":"Polygon","coordinates":[[[18.2248,46.302],[18.2259,46.3029],[18.2241,46.3029],[18.2248,46.302]]]}},{"type":"Feature","properties":{"landuse":"farmland"},"geometry":{"type":"Polygon","coordinates":[[[18.226,46.2996],[18.2312,46.2995],[18.227,46.3033],[18.2215,46.301],[18.226,46.2996]]]}},{"type":"Feature","properties":{"landuse":"farmland"},"geometry":{"type":"Polygon","coordinates":[[[18.2084,46.3161],[18.2176,46.3099],[18.2211,46.3106],[18.2202,46.3134],[18.2155,46.3134],[18.2168,46.3115],[18.2084,46.3161]]]}},{"type":"Feature","properties":{"landuse":"farmland"},"geometry":{"type":"Polygon","coordinates":[[[18.216,46.3078],[18.2174,46.3062],[18.2177,46.3091],[18.216,46.3078]]]}},{"type":"Feature","properties":{"landuse":"farmland"},"geometry":{"type":"Polygon","coordinates":[[[18.1782,46.3239],[18.1781,46.326],[18.1755,46.3229],[18.1782,46.3239]]]}},{"type":"Feature","properties":{"landuse":"farmland"},"geometry":{"type":"Polygon","coordinates":[[[18.2111,46.3189],[18.206,46.3202],[18.2098,46.3202],[18.2068,46.3187],[18.208,46.3166],[18.2111,46.3189]]]}},{"type":"Feature","properties":{"landuse":"green_public_spaces"},"geometry":{"type":"Polygon","coordinates":[[[18.0462,46.902],[18.0465,46.9003],[18.0481,46.9016],[18.0462,46.902]]]}},{"type":"Feature","properties":{"landuse":"green_public_spaces"},"geometry":{"type":"Polygon","coordinates":[[[18.8417,46.6138],[18.8436,46.6136],[18.8419,46.6149],[18.8417,46.6138]]]}},{"type":"Feature","properties":{"landuse":"green_public_spaces"},"geometry":{"type":"Polygon","coordinates":[[[18.8415,46.6145],[18.8418,46.6162],[18.8409,46.6148],[18.8415,46.6145]]]}},{"type":"Feature","properties":{"landuse":"green_public_spaces"},"geometry":{"type":"Polygon","coordinates":[[[18.2835,46.6403],[18.281,46.6373],[18.2846,46.6375],[18.2835,46.6403]]]}},{"type":"Feature","properties":{"landuse":"green_public_spaces"},"geometry":{"type":"Polygon","coordinates":[[[17.3934,46.6437],[17.3945,46.6427],[17.3942,46.6446],[17.3934,46.6437]]]}},{"type":"Feature","properties":{"landuse":"farmland"},"geometry":{"type":"Polygon","coordinates":[[[17.1312,46.5253],[17.1303,46.5236],[17.1351,46.525],[17.1312,46.5253]]]}},{"type":"Feature","properties":{"landuse":"farmland"},"geometry":{"type":"Polygon","coordinates":[[[17.4924,45.9342],[17.4987,45.9394],[17.4659,45.9415],[17.4634,45.9355],[17.4854,45.9275],[17.4924,45.9342]]]}},{"type":"Feature","properties":{"landuse":"vineyard"},"geometry":{"type":"Polygon","coordinates":[[[17.7996,46.7037],[17.8069,46.7063],[17.8051,46.7144],[17.7973,46.7128],[17.7996,46.7037]]]}},{"type":"Feature","properties":{"landuse":"vineyard"},"geometry":{"type":"Polygon","coordinates":[[[17.7967,46.7032],[17.7971,46.7062],[17.7882,46.7108],[17.7967,46.7032]]]}},{"type":"Feature","properties":{"landuse":"vineyard"},"geometry":{"type":"Polygon","coordinates":[[[17.6682,46.7484],[17.677,46.7485],[17.6825,46.7538],[17.666,46.7578],[17.6682,46.7484]]]}},{"type":"Feature","properties":{"landuse":"vineyard"},"geometry":{"type":"Polygon","coordinates":[[[17.682,46.7565],[17.6791,46.7635],[17.6682,46.7631],[17.6691,46.7603],[17.682,46.7565]]]}},{"type":"Feature","properties":{"landuse":"vineyard"},"geometry":{"type":"Polygon","coordinates":[[[17.6807,46.745],[17.6935,46.7474],[17.6884,46.7617],[17.6786,46.7497],[17.6807,46.745]]]}},{"type":"Feature","properties":{"landuse":"vineyard"},"geometry":{"type":"Polygon","coordinates":[[[17.6829,46.7545],[17.6866,46.7596],[17.6849,46.7635],[17.6798,46.7624],[17.6829,46.7545]]]}},{"type":"Feature","properties":{"landuse":"farmland"},"geometry":{"type":"Polygon","coordinates":[[[18.8477,46.59],[18.8518,46.593],[18.8497,46.5996],[18.8477,46.59]]]}},{"type":"Feature","properties":{"landuse":"green_public_spaces"},"geometry":{"type":"Polygon","coordinates":[[[17.1015,46.2574],[17.1017,46.2561],[17.1034,46.2566],[17.1015,46.2574]]]}},{"type":"Feature","properties":{"landuse":"green_public_spaces"},"geometry":{"type":"Polygon","coordinates":[[[18.7212,46.2011],[18.7199,46.2002],[18.7227,46.2005],[18.7212,46.2011]]]}},{"type":"Feature","properties":{"landuse":"orchard"},"geometry":{"type":"Polygon","coordinates":[[[18.3663,46.1528],[18.363,46.1555],[18.3592,46.1543],[18.3663,46.1528]]]}},{"type":"Feature","properties":{"landuse":"farmland"},"geometry":{"type":"Polygon","coordinates":[[[18.6691,46.4026],[18.6662,46.3979],[18.6717,46.4029],[18.6691,46.4026]]]}},{"type":"Feature","properties":{"landuse":"farmland"},"geometry":{"type":"Polygon","coordinates":[[[18.6604,46.3968],[18.6629,46.3953],[18.6661,46.3974],[18.6604,46.3968]]]}},{"type":"Feature","properties":{"landuse":"green_public_spaces"},"geometry":{"type":"Polygon","coordinates":[[[18.6608,46.083],[18.6603,46.0857],[18.6585,46.0844],[18.6608,46.083]]]}},{"type":"Feature","properties":{"landuse":"vineyard"},"geometry":{"type":"Polygon","coordinates":[[[18.1521,46.3089],[18.1541,46.3081],[18.154,46.3117],[18.1521,46.3089]]]}},{"type":"Feature","properties":{"landuse":"vineyard"},"geometry":{"type":"Polygon","coordinates":[[[18.1578,46.3063],[18.16,46.3062],[18.1577,46.3076],[18.1578,46.3063]]]}},{"type":"Feature","properties":{"landuse":"green_public_spaces"},"geometry":{"type":"Polygon","coordinates":[[[18.4558,46.146],[18.4561,46.1443],[18.4569,46.1444],[18.4558,46.146]]]}},{"type":"Feature","properties":{"landuse":"green_public_spaces"},"geometry":{"type":"Polygon","coordinates":[[[18.2413,46.0559],[18.2421,46.055],[18.2434,46.0555],[18.2413,46.0559]]]}},{"type":"Feature","properties":{"landuse":"farmland"},"geometry":{"type":"Polygon","coordinates":[[[18.7997,46.4258],[18.8019,46.4251],[18.8054,46.4304],[18.7997,46.4258]]]}},{"type":"Feature","properties":{"landuse":"farmland"},"geometry":{"type":"Polygon","coordinates":[[[18.8023,46.4248],[18.798,46.4234],[18.8009,46.4225],[18.8023,46.4248]]]}},{"type":"Feature","properties":{"landuse":"farmland"},"geometry":{"type":"Polygon","coordinates":[[[18.7963,46.4174],[18.7989,46.4194],[18.7961,46.4204],[18.7963,46.4174]]]}},{"type":"Feature","properties":{"landuse":"farmland"},"geometry":{"type":"Polygon","coordinates":[[[18.7973,46.4202],[18.8007,46.4222],[18.7979,46.4232],[18.7973,46.4202]]]}},{"type":"Feature","properties":{"landuse":"farmland"},"geometry":{"type":"Polygon","coordinates":[[[18.7905,46.4145],[18.7846,46.4105],[18.7861,46.407],[18.7891,46.4064],[18.7905,46.4145]]]}},{"type":"Feature","properties":{"landuse":"farmland"},"geometry":{"type":"Polygon","coordinates":[[[17.7095,46.7534],[17.7103,46.7519],[17.7125,46.7528],[17.7095,46.7534]]]}},{"type":"Feature","properties":{"landuse":"farmland"},"geometry":{"type":"Polygon","coordinates":[[[17.5833,46.1959],[17.5849,46.1977],[17.5835,46.1976],[17.5833,46.1959]]]}},{"type":"Feature","properties":{"landuse":"farmland"},"geometry":{"type":"Polygon","coordinates":[[[17.1243,46.2388],[17.1235,46.2373],[17.1247,46.2372],[17.1243,46.2388]]]}},{"type":"Feature","properties":{"landuse":"vineyard"},"geometry":{"type":"Polygon","coordinates":[[[17.7151,46.7702],[17.716,46.7683],[17.7104,46.7672],[17.7177,46.765],[17.7151,46.7702]]]}},{"type":"Feature","properties":{"landuse":"vineyard"},"geometry":{"type":"Polygon","coordinates":[[[17.7338,46.7521],[17.7368,46.7535],[17.7358,46.7536],[17.7338,46.7521]]]}},{"type":"Feature","properties":{"landuse":"orchard"},"geometry":{"type":"Polygon","coordinates":[[[17.7311,46.7514],[17.7339,46.7506],[17.7335,46.752],[17.7311,46.7514]]]}},{"type":"Feature","properties":{"landuse":"orchard"},"geometry":{"type":"Polygon","coordinates":[[[17.7262,46.7476],[17.7306,46.7491],[17.7264,46.7491],[17.7262,46.7476]]]}},{"type":"Feature","properties":{"landuse":"farmland"},"geometry":{"type":"Polygon","coordinates":[[[17.7345,46.7539],[17.7375,46.7547],[17.7367,46.7557],[17.7345,46.7539]]]}},{"type":"Feature","properties":{"landuse":"farmland"},"geometry":{"type":"Polygon","coordinates":[[[18.0751,46.8798],[18.0752,46.8788],[18.0772,46.8793],[18.0751,46.8798]]]}},{"type":"Feature","properties":{"landuse":"farmland"},"geometry":{"type":"Polygon","coordinates":[[[17.4981,45.9382],[17.5093,45.9323],[17.5169,45.936],[17.4981,45.9382]]]}},{"type":"Feature","properties":{"landuse":"farmland"},"geometry":{"type":"Polygon","coordinates":[[[17.4987,45.9396],[17.5029,45.9368],[17.5054,45.9372],[17.4987,45.9396]]]}},{"type":"Feature","properties":{"landuse":"farmland"},"geometry":{"type":"Polygon","coordinates":[[[17.5019,45.9276],[17.4968,45.9241],[17.5084,45.9266],[17.5019,45.9276]]]}},{"type":"Feature","properties":{"landuse":"farmland"},"geometry":{"type":"Polygon","coordinates":[[[17.4941,45.9297],[17.497,45.9279],[17.4973,45.9296],[17.4941,45.9297]]]}},{"type":"Feature","properties":{"landuse":"farmland"},"geometry":{"type":"Polygon","coordinates":[[[17.4863,45.9245],[17.4952,45.9244],[17.4899,45.929],[17.4863,45.9245]]]}},{"type":"Feature","properties":{"landuse":"farmland"},"geometry":{"type":"Polygon","coordinates":[[[17.4901,45.9304],[17.4929,45.9282],[17.4941,45.9297],[17.4901,45.9304]]]}},{"type":"Feature","properties":{"landuse":"farmland"},"geometry":{"type":"Polygon","coordinates":[[[17.4916,45.9304],[17.4973,45.9297],[17.4978,45.9365],[17.4916,45.9304]]]}},{"type":"Feature","properties":{"landuse":"farmland"},"geometry":{"type":"Polygon","coordinates":[[[17.4981,45.9365],[17.4977,45.9297],[17.5101,45.9262],[17.5208,45.9187],[17.5225,45.9302],[17.5159,45.929],[17.5178,45.9302],[17.4981,45.9365]]]}},{"type":"Feature","properties":{"landuse":"farmland"},"geometry":{"type":"Polygon","coordinates":[[[17.6729,46.7669],[17.6779,46.7665],[17.6775,46.7676],[17.6729,46.7669]]]}},{"type":"Feature","properties":{"landuse":"farmland"},"geometry":{"type":"Polygon","coordinates":[[[17.6686,46.7671],[17.6706,46.7661],[17.6703,46.7673],[17.6686,46.7671]]]}},{"type":"Feature","properties":{"landuse":"farmland"},"geometry":{"type":"Polygon","coordinates":[[[17.3964,46.6786],[17.3978,46.6754],[17.4016,46.676],[17.3964,46.6786]]]}},{"type":"Feature","properties":{"landuse":"farmland"},"geometry":{"type":"Polygon","coordinates":[[[18.4518,46.4074],[18.4503,46.4071],[18.4523,46.4047],[18.4518,46.4074]]]}},{"type":"Feature","properties":{"landuse":"green_public_spaces"},"geometry":{"type":"Polygon","coordinates":[[[18.2033,46.2241],[18.2061,46.2248],[18.2045,46.2263],[18.2033,46.2241]]]}},{"type":"Feature","properties":{"landuse":"farmland"},"geometry":{"type":"Polygon","coordinates":[[[18.4865,46.3625],[18.4852,46.3606],[18.4875,46.3611],[18.4865,46.3625]]]}},{"type":"Feature","properties":{"landuse":"farmland"},"geometry":{"type":"Polygon","coordinates":[[[18.2133,46.2186],[18.2138,46.2174],[18.2164,46.2179],[18.2133,46.2186]]]}},{"type":"Feature","properties":{"landuse":"farmland"},"geometry":{"type":"Polygon","coordinates":[[[17.3777,46.683],[17.3869,46.6801],[17.3839,46.6845],[17.3777,46.683]]]}},{"type":"Feature","properties":{"landuse":"farmland"},"geometry":{"type":"Polygon","coordinates":[[[17.387,46.6805],[17.3903,46.674],[17.3971,46.6752],[17.392,46.6804],[17.387,46.6805]]]}},{"type":"Feature","properties":{"landuse":"green_public_spaces"},"geometry":{"type":"Polygon","coordinates":[[[18.2758,46.2177],[18.2742,46.2158],[18.2766,46.217],[18.2758,46.2177]]]}},{"type":"Feature","properties":{"landuse":"vineyard"},"geometry":{"type":"Polygon","coordinates":[[[18.6914,46.1666],[18.698,46.1616],[18.6956,46.1666],[18.6914,46.1666]]]}},{"type":"Feature","properties":{"landuse":"vineyard"},"geometry":{"type":"Polygon","coordinates":[[[18.7047,46.1736],[18.6994,46.167],[18.717,46.1489],[18.7047,46.1736]]]}},{"type":"Feature","properties":{"landuse":"farmland"},"geometry":{"type":"Polygon","coordinates":[[[17.448,46.604],[17.4428,46.5957],[17.4468,46.5934],[17.4467,46.5957],[17.4524,46.5966],[17.4517,46.6054],[17.448,46.604]]]}},{"type":"Feature","properties":{"landuse":"farmland"},"geometry":{"type":"Polygon","coordinates":[[[18.308,45.8613],[18.3074,45.8603],[18.3091,45.8598],[18.308,45.8613]]]}},{"type":"Feature","properties":{"landuse":"farmland"},"geometry":{"type":"Polygon","coordinates":[[[17.9203,46.5354],[17.9244,46.5361],[17.923,46.5418],[17.9196,46.5413],[17.9203,46.5354]]]}},{"type":"Feature","properties":{"landuse":"farmland"},"geometry":{"type":"Polygon","coordinates":[[[17.9295,46.5421],[17.9295,46.5432],[17.9232,46.5419],[17.9295,46.5421]]]}},{"type":"Feature","properties":{"landuse":"farmland"},"geometry":{"type":"Polygon","coordinates":[[[17.928,46.53],[17.9302,46.5289],[17.9325,46.5297],[17.928,46.53]]]}},{"type":"Feature","properties":{"landuse":"farmland"},"geometry":{"type":"Polygon","coordinates":[[[17.9262,46.5285],[17.9264,46.5279],[17.9297,46.5287],[17.9262,46.5285]]]}},{"type":"Feature","properties":{"landuse":"farmland"},"geometry":{"type":"Polygon","coordinates":[[[17.9262,46.5285],[17.9287,46.5292],[17.9255,46.5315],[17.9262,46.5285]]]}},{"type":"Feature","properties":{"landuse":"farmland"},"geometry":{"type":"Polygon","coordinates":[[[17.9207,46.5304],[17.9254,46.5312],[17.925,46.5331],[17.9207,46.5304]]]}},{"type":"Feature","properties":{"landuse":"farmland"},"geometry":{"type":"Polygon","coordinates":[[[17.9207,46.5304],[17.9211,46.5271],[17.9259,46.5279],[17.9255,46.5309],[17.9207,46.5304]]]}},{"type":"Feature","properties":{"landuse":"farmland"},"geometry":{"type":"Polygon","coordinates":[[[17.9281,46.5239],[17.9324,46.5276],[17.9264,46.5279],[17.9281,46.5239]]]}},{"type":"Feature","properties":{"landuse":"farmland"},"geometry":{"type":"Polygon","coordinates":[[[17.9342,46.5263],[17.933,46.5277],[17.9321,46.5259],[17.9342,46.5263]]]}},{"type":"Feature","properties":{"landuse":"farmland"},"geometry":{"type":"Polygon","coordinates":[[[17.9343,46.5264],[17.9371,46.5252],[17.9356,46.5272],[17.9343,46.5264]]]}},{"type":"Feature","properties":{"landuse":"farmland"},"geometry":{"type":"Polygon","coordinates":[[[17.947,46.5246],[17.9491,46.5248],[17.9461,46.526],[17.947,46.5246]]]}},{"type":"Feature","properties":{"landuse":"farmland"},"geometry":{"type":"Polygon","coordinates":[[[17.9489,46.5246],[17.9474,46.5242],[17.9491,46.5227],[17.9489,46.5246]]]}},{"type":"Feature","properties":{"landuse":"farmland"},"geometry":{"type":"Polygon","coordinates":[[[17.9443,46.5255],[17.9419,46.525],[17.9425,46.5147],[17.9483,46.5222],[17.9443,46.5255]]]}},{"type":"Feature","properties":{"landuse":"farmland"},"geometry":{"type":"Polygon","coordinates":[[[17.9475,46.5303],[17.9503,46.5304],[17.9504,46.5317],[17.9475,46.5303]]]}},{"type":"Feature","properties":{"landuse":"farmland"},"geometry":{"type":"Polygon","coordinates":[[[17.9473,46.5281],[17.945,46.5278],[17.9471,46.5262],[17.9473,46.5281]]]}},{"type":"Feature","properties":{"landuse":"farmland"},"geometry":{"type":"Polygon","coordinates":[[[17.9471,46.5262],[17.9503,46.5304],[17.9475,46.5303],[17.9471,46.5262]]]}},{"type":"Feature","properties":{"landuse":"farmland"},"geometry":{"type":"Polygon","coordinates":[[[17.8614,46.3609],[17.8561,46.3624],[17.8593,46.3603],[17.8614,46.3609]]]}},{"type":"Feature","properties":{"landuse":"farmland"},"geometry":{"type":"Polygon","coordinates":[[[17.8631,46.362],[17.8589,46.3635],[17.8606,46.3612],[17.8631,46.362]]]}},{"type":"Feature","properties":{"landuse":"green_public_spaces"},"geometry":{"type":"Polygon","coordinates":[[[18.7561,46.4152],[18.7563,46.4134],[18.7571,46.4142],[18.7561,46.4152]]]}},{"type":"Feature","properties":{"landuse":"orchard"},"geometry":{"type":"Polygon","coordinates":[[[18.2852,45.8678],[18.2874,45.8654],[18.2879,45.8676],[18.2852,45.8678]]]}},{"type":"Feature","properties":{"landuse":"farmland"},"geometry":{"type":"Polygon","coordinates":[[[17.9368,46.5472],[17.937,46.546],[17.9388,46.5462],[17.9368,46.5472]]]}},{"type":"Feature","properties":{"landuse":"farmland"},"geometry":{"type":"Polygon","coordinates":[[[18.6367,45.9275],[18.632,45.9239],[18.6379,45.9205],[18.6367,45.9275]]]}},{"type":"Feature","properties":{"landuse":"farmland"},"geometry":{"type":"Polygon","coordinates":[[[18.6363,45.9317],[18.642,45.9285],[18.646,45.9319],[18.6403,45.9352],[18.6363,45.9317]]]}},{"type":"Feature","properties":{"landuse":"farmland"},"geometry":{"type":"Polygon","coordinates":[[[18.626,45.9305],[18.6316,45.9274],[18.6356,45.9308],[18.63,45.9339],[18.626,45.9305]]]}},{"type":"Feature","properties":{"landuse":"farmland"},"geometry":{"type":"Polygon","coordinates":[[[18.6307,45.9557],[18.6363,45.9525],[18.6396,45.9541],[18.6385,45.9584],[18.6347,45.959],[18.6307,45.9557]]]}},{"type":"Feature","properties":{"landuse":"farmland"},"geometry":{"type":"Polygon","coordinates":[[[18.6415,45.9546],[18.6432,45.9521],[18.6504,45.953],[18.6493,45.9573],[18.6415,45.9546]]]}},{"type":"Feature","properties":{"landuse":"farmland"},"geometry":{"type":"Polygon","coordinates":[[[18.6323,45.9487],[18.6366,45.9455],[18.6419,45.949],[18.6376,45.9522],[18.6323,45.9487]]]}},{"type":"Feature","properties":{"landuse":"farmland"},"geometry":{"type":"Polygon","coordinates":[[[18.6441,45.95],[18.646,45.9447],[18.6526,45.947],[18.6504,45.9507],[18.6441,45.95]]]}},{"type":"Feature","properties":{"landuse":"farmland"},"geometry":{"type":"Polygon","coordinates":[[[18.6562,45.9357],[18.6608,45.9396],[18.6543,45.9433],[18.6562,45.9357]]]}},{"type":"Feature","properties":{"landuse":"farmland"},"geometry":{"type":"Polygon","coordinates":[[[18.6465,45.933],[18.6508,45.9297],[18.6563,45.9329],[18.6519,45.9365],[18.6465,45.933]]]}},{"type":"Feature","properties":{"landuse":"farmland"},"geometry":{"type":"Polygon","coordinates":[[[18.6459,45.9399],[18.6541,45.9384],[18.6531,45.9424],[18.6459,45.9399]]]}},{"type":"Feature","properties":{"landuse":"farmland"},"geometry":{"type":"Polygon","coordinates":[[[18.6367,45.94],[18.6395,45.9359],[18.6462,45.9382],[18.6433,45.9422],[18.6367,45.94]]]}},{"type":"Feature","properties":{"landuse":"farmland"},"geometry":{"type":"Polygon","coordinates":[[[18.6473,45.9191],[18.6538,45.9179],[18.6502,45.9216],[18.6473,45.9191]]]}},{"type":"Feature","properties":{"landuse":"farmland"},"geometry":{"type":"Polygon","coordinates":[[[18.65,45.9218],[18.6521,45.9268],[18.6486,45.9288],[18.6417,45.9261],[18.6436,45.9221],[18.65,45.9218]]]}},{"type":"Feature","properties":{"landuse":"vineyard"},"geometry":{"type":"Polygon","coordinates":[[[17.7809,46.733],[17.7828,46.7323],[17.7827,46.7349],[17.7809,46.733]]]}},{"type":"Feature","properties":{"landuse":"farmland"},"geometry":{"type":"Polygon","coordinates":[[[17.8043,46.7264],[17.8062,46.7237],[17.8064,46.7268],[17.8043,46.7264]]]}},{"type":"Feature","properties":{"landuse":"farmland"},"geometry":{"type":"Polygon","coordinates":[[[17.7834,46.7334],[17.7824,46.7289],[17.7844,46.7297],[17.7834,46.7334]]]}},{"type":"Feature","properties":{"landuse":"farmland"},"geometry":{"type":"Polygon","coordinates":[[[17.7864,46.7333],[17.7845,46.7293],[17.7875,46.7307],[17.7864,46.7333]]]}},{"type":"Feature","properties":{"landuse":"farmland"},"geometry":{"type":"Polygon","coordinates":[[[17.778,46.7274],[17.7807,46.7295],[17.7761,46.7366],[17.778,46.7274]]]}},{"type":"Feature","properties":{"landuse":"vineyard"},"geometry":{"type":"Polygon","coordinates":[[[17.7792,46.7353],[17.7819,46.7355],[17.7815,46.7361],[17.7792,46.7353]]]}},{"type":"Feature","properties":{"landuse":"farmland"},"geometry":{"type":"Polygon","coordinates":[[[17.7772,46.7362],[17.7797,46.7327],[17.7809,46.7326],[17.7772,46.7362]]]}},{"type":"Feature","properties":{"landuse":"orchard"},"geometry":{"type":"Polygon","coordinates":[[[17.691,46.7457],[17.6939,46.7463],[17.6902,46.7463],[17.691,46.7457]]]}},{"type":"Feature","properties":{"landuse":"farmland"},"geometry":{"type":"Polygon","coordinates":[[[17.8903,46.366],[17.8879,46.3655],[17.8896,46.3639],[17.8903,46.366]]]}},{"type":"Feature","properties":{"landuse":"farmland"},"geometry":{"type":"Polygon","coordinates":[[[17.7676,46.4195],[17.7613,46.4183],[17.7597,46.415],[17.7694,46.4136],[17.7676,46.4195]]]}},{"type":"Feature","properties":{"landuse":"farmland"},"geometry":{"type":"Polygon","coordinates":[[[18.2752,45.8701],[18.2745,45.8655],[18.282,45.864],[18.2819,45.8678],[18.2752,45.8701]]]}},{"type":"Feature","properties":{"landuse":"farmland"},"geometry":{"type":"Polygon","coordinates":[[[18.5373,46.3016],[18.5371,46.3004],[18.5409,46.3004],[18.5373,46.3016]]]}},{"type":"Feature","properties":{"landuse":"farmland"},"geometry":{"type":"Polygon","coordinates":[[[18.2972,45.8455],[18.2923,45.8454],[18.2973,45.8427],[18.2972,45.8455]]]}},{"type":"Feature","properties":{"landuse":"farmland"},"geometry":{"type":"Polygon","coordinates":[[[18.2919,45.8475],[18.2941,45.8458],[18.2941,45.8475],[18.2919,45.8475]]]}},{"type":"Feature","properties":{"landuse":"farmland"},"geometry":{"type":"Polygon","coordinates":[[[18.2952,45.8469],[18.2951,45.8456],[18.2958,45.8456],[18.2952,45.8469]]]}},{"type":"Feature","properties":{"landuse":"farmland"},"geometry":{"type":"Polygon","coordinates":[[[18.4384,46.0268],[18.4376,46.0261],[18.4436,46.0245],[18.4384,46.0268]]]}},{"type":"Feature","properties":{"landuse":"green_public_spaces"},"geometry":{"type":"Polygon","coordinates":[[[18.711,45.9822],[18.709,45.9839],[18.707,45.9835],[18.711,45.9822]]]}},{"type":"Feature","properties":{"landuse":"farmland"},"geometry":{"type":"Polygon","coordinates":[[[17.5112,46.338],[17.5092,46.3374],[17.5134,46.3368],[17.5112,46.338]]]}},{"type":"Feature","properties":{"landuse":"farmland"},"geometry":{"type":"Polygon","coordinates":[[[18.198,46.213],[18.2061,46.2139],[18.2008,46.215],[18.198,46.213]]]}},{"type":"Feature","properties":{"landuse":"farmland"},"geometry":{"type":"Polygon","coordinates":[[[18.2038,46.2186],[18.2051,46.2165],[18.2053,46.2194],[18.2038,46.2186]]]}},{"type":"Feature","properties":{"landuse":"farmland"},"geometry":{"type":"Polygon","coordinates":[[[18.2072,46.2189],[18.2119,46.2099],[18.2083,46.2168],[18.2105,46.2197],[18.2072,46.2189]]]}},{"type":"Feature","properties":{"landuse":"farmland"},"geometry":{"type":"Polygon","coordinates":[[[17.1242,46.3206],[17.1248,46.323],[17.1219,46.3228],[17.1242,46.3206]]]}},{"type":"Feature","properties":{"landuse":"farmland"},"geometry":{"type":"Polygon","coordinates":[[[17.1263,46.3157],[17.1292,46.3161],[17.126,46.3185],[17.1263,46.3157]]]}},{"type":"Feature","properties":{"landuse":"farmland"},"geometry":{"type":"Polygon","coordinates":[[[17.1186,46.3254],[17.1215,46.3229],[17.1241,46.3237],[17.1186,46.3254]]]}},{"type":"Feature","properties":{"landuse":"farmland"},"geometry":{"type":"Polygon","coordinates":[[[17.1263,46.3155],[17.1301,46.3145],[17.1295,46.3153],[17.1263,46.3155]]]}},{"type":"Feature","properties":{"landuse":"green_public_spaces"},"geometry":{"type":"Polygon","coordinates":[[[18.8484,46.5738],[18.8484,46.5729],[18.8497,46.5731],[18.8484,46.5738]]]}},{"type":"Feature","properties":{"landuse":"vineyard"},"geometry":{"type":"Polygon","coordinates":[[[18.4496,45.86],[18.45,45.8579],[18.4519,45.8581],[18.4496,45.86]]]}},{"type":"Feature","properties":{"landuse":"vineyard"},"geometry":{"type":"Polygon","coordinates":[[[18.4519,45.8586],[18.4535,45.858],[18.4532,45.8589],[18.4519,45.8586]]]}},{"type":"Feature","properties":{"landuse":"vineyard"},"geometry":{"type":"Polygon","coordinates":[[[18.4533,45.8588],[18.4536,45.858],[18.4549,45.8582],[18.4533,45.8588]]]}},{"type":"Feature","properties":{"landuse":"green_public_spaces"},"geometry":{"type":"Polygon","coordinates":[[[18.113,46.1424],[18.1136,46.1415],[18.1156,46.142],[18.113,46.1424]]]}},{"type":"Feature","properties":{"landuse":"farmland"},"geometry":{"type":"Polygon","coordinates":[[[18.0628,46.1446],[18.059,46.1398],[18.0623,46.1417],[18.0628,46.1446]]]}},{"type":"Feature","properties":{"landuse":"farmland"},"geometry":{"type":"Polygon","coordinates":[[[18.0906,46.7278],[18.0908,46.7264],[18.0931,46.7269],[18.0906,46.7278]]]}},{"type":"Feature","properties":{"landuse":"farmland"},"geometry":{"type":"Polygon","coordinates":[[[18.0885,46.725],[18.0859,46.7247],[18.0886,46.7227],[18.0885,46.725]]]}},{"type":"Feature","properties":{"landuse":"green_public_spaces"},"geometry":{"type":"Polygon","coordinates":[[[18.1171,46.1389],[18.1155,46.1379],[18.1176,46.1368],[18.1171,46.1389]]]}},{"type":"Feature","properties":{"landuse":"green_public_spaces"},"geometry":{"type":"Polygon","coordinates":[[[18.114,46.1398],[18.1157,46.1383],[18.116,46.1403],[18.114,46.1398]]]}},{"type":"Feature","properties":{"landuse":"green_public_spaces"},"geometry":{"type":"Polygon","coordinates":[[[18.2138,46.0894],[18.2171,46.088],[18.2161,46.0896],[18.2138,46.0894]]]}},{"type":"Feature","properties":{"landuse":"vineyard"},"geometry":{"type":"Polygon","coordinates":[[[18.8573,46.6437],[18.8525,46.6441],[18.8563,46.6402],[18.8573,46.6437]]]}},{"type":"Feature","properties":{"landuse":"vineyard"},"geometry":{"type":"Polygon","coordinates":[[[18.8421,46.6536],[18.8394,46.6522],[18.8435,46.6525],[18.8421,46.6536]]]}},{"type":"Feature","properties":{"landuse":"vineyard"},"geometry":{"type":"Polygon","coordinates":[[[18.8719,46.6352],[18.8737,46.6326],[18.8746,46.6341],[18.8719,46.6352]]]}},{"type":"Feature","properties":{"landuse":"vineyard"},"geometry":{"type":"Polygon","coordinates":[[[18.8671,46.6449],[18.8673,46.6445],[18.8747,46.6478],[18.8671,46.6449]]]}},{"type":"Feature","properties":{"landuse":"orchard"},"geometry":{"type":"Polygon","coordinates":[[[18.5011,46.304],[18.4981,46.304],[18.501,46.3031],[18.5011,46.304]]]}},{"type":"Feature","properties":{"landuse":"vineyard"},"geometry":{"type":"Polygon","coordinates":[[[18.3282,46.4387],[18.3269,46.4398],[18.3271,46.438],[18.3282,46.4387]]]}},{"type":"Feature","properties":{"landuse":"green_public_spaces"},"geometry":{"type":"Polygon","coordinates":[[[18.1617,46.8585],[18.1591,46.8574],[18.1628,46.8576],[18.1617,46.8585]]]}},{"type":"Feature","properties":{"landuse":"farmland"},"geometry":{"type":"Polygon","coordinates":[[[16.9429,46.346],[16.9452,46.3457],[16.9449,46.3481],[16.9429,46.346]]]}},{"type":"Feature","properties":{"landuse":"farmland"},"geometry":{"type":"Polygon","coordinates":[[[16.929,46.331],[16.9252,46.3314],[16.9264,46.3289],[16.929,46.331]]]}},{"type":"Feature","properties":{"landuse":"farmland"},"geometry":{"type":"Polygon","coordinates":[[[18.8813,46.6171],[18.8799,46.6134],[18.882,46.6129],[18.8839,46.6181],[18.8813,46.6171]]]}},{"type":"Feature","properties":{"landuse":"farmland"},"geometry":{"type":"Polygon","coordinates":[[[17.3874,46.6652],[17.3886,46.6621],[17.3943,46.6629],[17.3874,46.6652]]]}},{"type":"Feature","properties":{"landuse":"green_public_spaces"},"geometry":{"type":"Polygon","coordinates":[[[18.2066,46.0749],[18.204,46.0747],[18.206,46.0738],[18.2066,46.0749]]]}},{"type":"Feature","properties":{"landuse":"farmland"},"geometry":{"type":"Polygon","coordinates":[[[17.3093,46.2937],[17.3154,46.2918],[17.3161,46.2939],[17.3093,46.2937]]]}},{"type":"Feature","properties":{"landuse":"farmland"},"geometry":{"type":"Polygon","coordinates":[[[18.7255,46.0763],[18.7281,46.0781],[18.7245,46.0798],[18.7255,46.0763]]]}},{"type":"Feature","properties":{"landuse":"green_public_spaces"},"geometry":{"type":"Polygon","coordinates":[[[17.9815,45.9823],[17.9809,45.9838],[17.9765,45.9827],[17.9815,45.9823]]]}},{"type":"Feature","properties":{"landuse":"farmland"},"geometry":{"type":"Polygon","coordinates":[[[18.125,46.3609],[18.123,46.3604],[18.1254,46.3593],[18.125,46.3609]]]}},{"type":"Feature","properties":{"landuse":"green_public_spaces"},"geometry":{"type":"Polygon","coordinates":[[[17.4102,46.5811],[17.4088,46.5824],[17.4108,46.5793],[17.4102,46.5811]]]}},{"type":"Feature","properties":{"landuse":"farmland"},"geometry":{"type":"Polygon","coordinates":[[[17.429,46.5827],[17.4324,46.5815],[17.4335,46.5849],[17.429,46.5827]]]}},{"type":"Feature","properties":{"landuse":"farmland"},"geometry":{"type":"Polygon","coordinates":[[[17.3995,46.5915],[17.3973,46.5928],[17.3961,46.592],[17.3995,46.5915]]]}},{"type":"Feature","properties":{"landuse":"farmland"},"geometry":{"type":"Polygon","coordinates":[[[17.4187,46.5703],[17.421,46.5761],[17.4165,46.5768],[17.4187,46.5703]]]}},{"type":"Feature","properties":{"landuse":"green_public_spaces"},"geometry":{"type":"Polygon","coordinates":[[[17.2195,46.3184],[17.2191,46.3172],[17.2213,46.3169],[17.2195,46.3184]]]}}]}