{"type":"FeatureCollection","features":[{"type":"Feature","properties":{"landuse":"farmland"},"geometry":{"type":"MultiPolygon","coordinates":[[[[16.5704,46.5577],[16.573,46.5627],[16.5685,46.5627],[16.5754,46.563],[16.5763,46.5686],[16.568,46.5676],[16.5669,46.5724],[16.5719,46.581],[16.5847,46.5845],[16.5647,46.5896],[16.5519,46.5699],[16.5471,46.5699],[16.5451,46.5626],[16.5677,46.5664],[16.567,46.5629],[16.5592,46.5626],[16.5683,46.5618],[16.5657,46.5598],[16.5704,46.5577]],[[16.5714,46.5829],[16.5722,46.5818],[16.5714,46.5818],[16.5714,46.5829]],[[16.5633,46.5654],[16.5636,46.5653],[16.5636,46.5652],[16.5633,46.5654]],[[16.565,46.5619],[16.5654,46.561],[16.5649,46.5611],[16.565,46.5619]]],[[[16.5643,46.5947],[16.5608,46.5891],[16.5804,46.589],[16.5801,46.5929],[16.5643,46.5947]],[[16.5646,46.593],[16.5653,46.5927],[16.5639,46.5923],[16.5646,46.593]]]]}},{"type":"Feature","properties":{"landuse":"farmland"},"geometry":{"type":"MultiPolygon","coordinates":[[[[16.903,46.3785],[16.8959,46.3792],[16.8977,46.3823],[16.8941,46.3825],[16.8915,46.3744],[16.8856,46.372],[16.8921,46.3721],[16.8951,46.3686],[16.9015,46.3715],[16.903,46.3785]],[[16.8942,46.3799],[16.8948,46.3796],[16.8942,46.3793],[16.8942,46.3799]]],[[[16.8617,46.363],[16.8527,46.3686],[16.8514,46.3639],[16.854,46.3615],[16.8617,46.363]]],[[[16.864,46.3626],[16.8657,46.3638],[16.8619,46.363],[16.864,46.3626]]],[[[16.8507,46.3661],[16.8488,46.366],[16.8504,46.3646],[16.8507,46.3661]]],[[[16.8329,46.3766],[16.8313,46.3768],[16.832,46.3763],[16.8329,46.3766]]],[[[16.839,46.3816],[16.8373,46.3825],[16.8369,46.3822],[16.839,46.3816]]],[[[16.8399,46.3812],[16.8411,46.3817],[16.8394,46.3815],[16.8399,46.3812]]],[[[16.8423,46.3819],[16.8485,46.3827],[16.8444,46.384],[16.8423,46.3819]]],[[[16.8393,46.3796],[16.8445,46.3776],[16.8416,46.3807],[16.8393,46.3796]]],[[[16.8341,46.3776],[16.8341,46.3771],[16.835,46.3768],[16.8341,46.3776]]],[[[16.8316,46.3789],[16.8319,46.3781],[16.8339,46.3781],[16.8316,46.3789]]],[[[16.8361,46.3767],[16.8375,46.3781],[16.8348,46.3794],[16.8361,46.3767]]],[[[16.837,46.3793],[16.8385,46.3809],[16.8351,46.3801],[16.837,46.3793]]],[[[16.8394,46.381],[16.8378,46.3785],[16.8387,46.3757],[16.8394,46.381]],[[16.8386,46.3805],[16.8386,46.3796],[16.8383,46.3796],[16.8386,46.3805]]],[[[16.8706,46.3632],[16.8681,46.3652],[16.8668,46.3636],[16.8706,46.3632]]],[[[16.8422,46.3725],[16.8413,46.3721],[16.8413,46.3711],[16.8422,46.3725]]],[[[16.859,46.3663],[16.8626,46.3636],[16.8673,46.3653],[16.8622,46.3685],[16.859,46.3663]]],[[[16.8424,46.3742],[16.8441,46.3774],[16.8392,46.3793],[16.841,46.3724],[16.8424,46.3742]]],[[[16.8443,46.372],[16.847,46.3727],[16.8469,46.3753],[16.8443,46.372]]],[[[16.8439,46.3715],[16.842,46.3686],[16.849,46.3671],[16.8439,46.3715]]],[[[16.8488,46.3709],[16.8499,46.3684],[16.8514,46.3707],[16.8488,46.3709]]],[[[16.852,46.3717],[16.8515,46.3697],[16.8597,46.3637],[16.852,46.3717]]],[[[16.885,46.3717],[16.8848,46.3739],[16.8833,46.3718],[16.885,46.3717]]],[[[16.8735,46.3779],[16.8748,46.3774],[16.8748,46.3782],[16.8735,46.3779]]],[[[16.902,46.3708],[16.9024,46.3697],[16.9028,46.371],[16.902,46.3708]]],[[[16.8993,46.3688],[16.8996,46.3703],[16.8955,46.368],[16.8993,46.3688]]],[[[16.8879,46.3671],[16.89,46.3667],[16.8899,46.3673],[16.8879,46.3671]]],[[[16.8874,46.3703],[16.8878,46.3673],[16.8952,46.3683],[16.8874,46.3703]]],[[[16.883,46.3704],[16.8777,46.3661],[16.8875,46.3672],[16.883,46.3704]]],[[[16.8813,46.3658],[16.8824,46.3657],[16.8825,46.3664],[16.8813,46.3658]]],[[[16.8778,46.3658],[16.8789,46.3653],[16.8809,46.3662],[16.8778,46.3658]]],[[[16.8752,46.3665],[16.871,46.3658],[16.8754,46.3656],[16.8752,46.3665]]],[[[16.8755,46.3652],[16.8717,46.3647],[16.8748,46.3643],[16.8755,46.3652]]],[[[16.8719,46.3638],[16.8725,46.3634],[16.8729,46.3638],[16.8719,46.3638]]]]}},{"type":"Feature","properties":{"landuse":"green_public_spaces"},"geometry":{"type":"Polygon","coordinates":[[[17.6346,47.6781],[17.635,47.6771],[17.6375,47.6778],[17.6346,47.6781]],[[17.6349,47.6778],[17.6352,47.6779],[17.6354,47.6775],[17.6349,47.6778]]]}},{"type":"Feature","properties":{"landuse":"vineyard"},"geometry":{"type":"MultiPolygon","coordinates":[[[[16.6648,47.6552],[16.6649,47.6556],[16.6639,47.6558],[16.6648,47.6552]]],[[[16.6645,47.6569],[16.6652,47.6559],[16.6652,47.6576],[16.6645,47.6569]]],[[[16.6632,47.6688],[16.6649,47.6672],[16.6653,47.6686],[16.6632,47.6688]]],[[[16.6608,47.6695],[16.6627,47.6683],[16.663,47.6687],[16.6608,47.6695]]],[[[16.6695,47.6754],[16.6727,47.6732],[16.6748,47.6768],[16.6695,47.6754]]],[[[16.6675,47.6773],[16.6689,47.6779],[16.6684,47.6783],[16.6675,47.6773]]],[[[16.6632,47.6903],[16.6615,47.6901],[16.6619,47.6893],[16.6632,47.6903]]],[[[16.6637,47.6707],[16.6627,47.6711],[16.6624,47.6708],[16.6637,47.6707]]],[[[16.6573,47.6682],[16.6568,47.6669],[16.6578,47.6671],[16.6573,47.6682]]],[[[16.6649,47.6619],[16.6637,47.6623],[16.6645,47.6617],[16.6649,47.6619]]],[[[16.6637,47.6531],[16.6621,47.6558],[16.6617,47.6536],[16.6637,47.6531]]],[[[16.6637,47.653],[16.6617,47.6533],[16.6641,47.6527],[16.6637,47.653]]],[[[16.6725,47.6649],[16.6743,47.669],[16.6678,47.6693],[16.6669,47.6737],[16.6701,47.6761],[16.6647,47.6763],[16.6733,47.6797],[16.6653,47.6832],[16.6637,47.6891],[16.6604,47.6846],[16.6568,47.6876],[16.6596,47.6886],[16.6446,47.6883],[16.6535,47.6799],[16.6478,47.6739],[16.6348,47.675],[16.6334,47.672],[16.6229,47.6704],[16.6292,47.6671],[16.6378,47.6681],[16.6458,47.6571],[16.6415,47.6662],[16.6434,47.6676],[16.6481,47.6651],[16.6482,47.6554],[16.6516,47.6541],[16.6507,47.6571],[16.6549,47.6596],[16.6524,47.6588],[16.6534,47.6539],[16.6635,47.6565],[16.6601,47.6615],[16.6666,47.6586],[16.6616,47.663],[16.6574,47.6606],[16.6555,47.665],[16.6693,47.6583],[16.6676,47.6599],[16.6712,47.6625],[16.669,47.6631],[16.6725,47.6649]],[[16.6499,47.659],[16.6496,47.6592],[16.6522,47.6597],[16.6499,47.659]],[[16.6612,47.6608],[16.6634,47.6614],[16.6641,47.6604],[16.6612,47.6608]],[[16.6645,47.6752],[16.6655,47.6746],[16.6632,47.6743],[16.6645,47.6752]],[[16.662,47.6673],[16.6625,47.6661],[16.6617,47.6673],[16.662,47.6673]],[[16.6612,47.6672],[16.6618,47.6659],[16.66,47.6656],[16.6612,47.6672]],[[16.6661,47.681],[16.6677,47.68],[16.6637,47.6797],[16.6661,47.681]],[[16.6644,47.6701],[16.6665,47.6635],[16.6574,47.6713],[16.6584,47.6658],[16.6561,47.6655],[16.6543,47.6732],[16.6677,47.6731],[16.6644,47.6701]]],[[[16.6702,47.6762],[16.6716,47.6776],[16.669,47.6769],[16.6702,47.6762]]]]}},{"type":"Feature","properties":{"landuse":"farmland"},"geometry":{"type":"MultiPolygon","coordinates":[[[[16.9803,46.5281],[16.9813,46.5589],[16.9777,46.555],[16.9752,46.5614],[16.9661,46.5613],[16.9647,46.5688],[16.9707,46.5626],[16.978,46.5615],[16.9773,46.5723],[16.9751,46.5721],[16.9756,46.5663],[16.9673,46.5692],[16.9732,46.5694],[16.9729,46.5729],[16.9701,46.5731],[16.9638,46.5943],[16.9683,46.5943],[16.9637,46.5965],[16.964,46.6035],[16.971,46.6026],[16.971,46.6104],[16.9663,46.6121],[16.9646,46.6232],[16.9705,46.6744],[16.9589,46.6813],[16.9519,46.6792],[16.9544,46.6717],[16.9515,46.6711],[16.9483,46.6863],[16.9508,46.6866],[16.9517,46.6804],[16.9584,46.6817],[16.9509,46.6959],[16.948,46.6955],[16.9474,46.6864],[16.9414,46.6862],[16.9453,46.6719],[16.9398,46.6701],[16.9457,46.6631],[16.9477,46.6527],[16.9468,46.6264],[16.9396,46.6247],[16.9445,46.628],[16.942,46.6305],[16.9319,46.6287],[16.9341,46.6304],[16.9286,46.6371],[16.9246,46.6335],[16.9229,46.6246],[16.918,46.6243],[16.9176,46.6338],[16.9204,46.6349],[16.9209,46.6402],[16.9182,46.6417],[16.9237,46.6433],[16.9202,46.6435],[16.9175,46.6555],[16.9102,46.6514],[16.9106,46.6457],[16.9126,46.647],[16.9163,46.641],[16.9109,46.6418],[16.9167,46.631],[16.9163,46.6283],[16.9105,46.6281],[16.9182,46.6119],[16.9175,46.6019],[16.9132,46.6028],[16.9132,46.6057],[16.9094,46.6031],[16.9166,46.5978],[16.9188,46.6019],[16.9226,46.5905],[16.9192,46.5884],[16.9255,46.5817],[16.9203,46.582],[16.9175,46.577],[16.9172,46.5659],[16.9136,46.568],[16.9168,46.5702],[16.9109,46.5719],[16.9144,46.5722],[16.9158,46.5771],[16.9035,46.5775],[16.9129,46.5774],[16.9069,46.5808],[16.9095,46.5813],[16.9161,46.5778],[16.9173,46.5842],[16.9145,46.5856],[16.917,46.5869],[16.9122,46.5881],[16.9137,46.591],[16.9063,46.5906],[16.9131,46.5917],[16.9071,46.5945],[16.9122,46.5948],[16.9071,46.5982],[16.9155,46.5946],[16.9149,46.5976],[16.902,46.6008],[16.906,46.5857],[16.9007,46.576],[16.9048,46.5755],[16.909,46.5602],[16.913,46.5565],[16.9179,46.5624],[16.9178,46.5546],[16.9239,46.5591],[16.9167,46.5495],[16.9205,46.5462],[16.9172,46.5455],[16.9161,46.5394],[16.9262,46.5433],[16.9291,46.517],[16.9216,46.5218],[16.9208,46.5139],[16.9161,46.5138],[16.9202,46.5077],[16.9177,46.5019],[16.924,46.4934],[16.9273,46.4921],[16.9292,46.4967],[16.9301,46.4931],[16.9311,46.4953],[16.9232,46.5087],[16.925,46.5138],[16.9343,46.5171],[16.9373,46.5153],[16.9369,46.5114],[16.9398,46.5113],[16.9399,46.5061],[16.943,46.5081],[16.9433,46.5158],[16.9378,46.5154],[16.9466,46.5165],[16.9461,46.5197],[16.9376,46.5182],[16.9385,46.5261],[16.9427,46.5263],[16.9407,46.5209],[16.9437,46.5206],[16.9446,46.526],[16.9479,46.5264],[16.941,46.5324],[16.9407,46.5375],[16.9382,46.5371],[16.9398,46.5344],[16.935,46.5369],[16.9336,46.5341],[16.9305,46.535],[16.9366,46.5432],[16.9441,46.543],[16.9437,46.5486],[16.9377,46.5495],[16.9272,46.5447],[16.9276,46.5537],[16.9466,46.5575],[16.9459,46.5597],[16.9649,46.5421],[16.9577,46.5403],[16.9492,46.5263],[16.953,46.5258],[16.9529,46.5231],[16.957,46.526],[16.9593,46.5178],[16.9541,46.4928],[16.9579,46.4906],[16.9572,46.4849],[16.9603,46.4847],[16.9622,46.4937],[16.9629,46.5164],[16.9799,46.5159],[16.9764,46.5274],[16.9803,46.5281]],[[16.9578,46.4966],[16.957,46.4914],[16.9546,46.4927],[16.9578,46.4966]],[[16.9768,46.5384],[16.98,46.5384],[16.98,46.5372],[16.9767,46.5373],[16.9768,46.5384]],[[16.9082,46.5726],[16.9083,46.5729],[16.9098,46.5728],[16.9082,46.5726]],[[16.9184,46.5759],[16.9198,46.5747],[16.9183,46.5747],[16.9184,46.5759]],[[16.9354,46.6262],[16.9331,46.6257],[16.9333,46.6264],[16.9354,46.6262]],[[16.962,46.5188],[16.9619,46.5177],[16.9578,46.5188],[16.962,46.5188]],[[16.9475,46.5265],[16.9477,46.5265],[16.9475,46.5264],[16.9475,46.5265]],[[16.9704,46.5177],[16.9656,46.519],[16.9665,46.5225],[16.9629,46.5256],[16.9623,46.531],[16.9644,46.5331],[16.9648,46.5297],[16.9679,46.5309],[16.966,46.5358],[16.9721,46.5341],[16.9704,46.5177]],[[16.9372,46.5655],[16.9368,46.5692],[16.9433,46.5733],[16.9441,46.5669],[16.9372,46.5655]],[[16.9541,46.5803],[16.9655,46.5785],[16.957,46.5777],[16.9593,46.5705],[16.9462,46.5734],[16.9539,46.5769],[16.9502,46.5819],[16.9541,46.5803]],[[16.9242,46.5954],[16.9289,46.596],[16.9318,46.593],[16.9307,46.5893],[16.9229,46.5881],[16.9242,46.5954]],[[16.9462,46.6098],[16.9504,46.5944],[16.9482,46.5941],[16.9458,46.6028],[16.9342,46.608],[16.9339,46.6168],[16.9434,46.617],[16.9443,46.6202],[16.9462,46.6098]],[[16.957,46.6563],[16.9491,46.6571],[16.9487,46.6607],[16.957,46.661],[16.957,46.6563]],[[16.9227,46.6268],[16.9237,46.6277],[16.9238,46.6269],[16.9227,46.6268]],[[16.924,46.627],[16.9239,46.6277],[16.9251,46.6278],[16.924,46.627]],[[16.9252,46.6279],[16.9264,46.6279],[16.9264,46.6271],[16.9252,46.6279]],[[16.9265,46.628],[16.9276,46.628],[16.9265,46.6272],[16.9265,46.628]]],[[[16.9803,46.5281],[16.982,46.5264],[16.9841,46.5376],[16.9815,46.5438],[16.9803,46.5281]]],[[[16.9811,46.5531],[16.9812,46.5451],[16.9895,46.5553],[16.9951,46.5551],[17.007,46.5686],[17.0147,46.5724],[17.0092,46.5759],[16.9991,46.5638],[16.9999,46.5769],[16.9938,46.5747],[16.9961,46.5765],[16.9918,46.5771],[16.9985,46.5856],[16.9942,46.5887],[16.9971,46.5888],[16.9953,46.5901],[17.0001,46.5927],[17,46.5958],[16.9978,46.5934],[16.9839,46.5936],[16.9887,46.5959],[16.9884,46.6015],[16.9829,46.603],[16.9823,46.5885],[16.9851,46.5836],[16.982,46.5803],[16.9811,46.5531]],[[16.9907,46.581],[16.9931,46.5782],[16.9908,46.5782],[16.9907,46.581]],[[16.9903,46.5618],[16.9876,46.5621],[16.9868,46.5699],[16.9897,46.5704],[16.9924,46.5634],[16.9903,46.5618]]],[[[16.982,46.5803],[16.9817,46.577],[16.9785,46.5768],[16.9807,46.5684],[16.982,46.5803]]],[[[16.9824,46.5931],[16.9789,46.5887],[16.9814,46.5862],[16.9824,46.5931]]],[[[16.977,46.5988],[16.9779,46.5947],[16.9825,46.5947],[16.9804,46.604],[16.9828,46.6037],[16.9829,46.6075],[16.9737,46.6046],[16.977,46.5988]]],[[[16.9841,46.6546],[16.9843,46.6633],[16.9811,46.6679],[16.9801,46.6614],[16.9841,46.6546]]],[[[16.9895,46.6079],[16.9874,46.6045],[16.983,46.6085],[16.9828,46.6037],[16.9881,46.6026],[16.9895,46.6079]]],[[[16.9706,46.6746],[16.9716,46.6786],[16.9688,46.6786],[16.9679,46.684],[16.9729,46.6883],[16.9758,46.7089],[16.9682,46.7296],[16.9755,46.7372],[16.9782,46.7648],[16.9761,46.7693],[16.9791,46.7658],[16.9858,46.7712],[16.9854,46.7752],[16.983,46.775],[16.9849,46.7853],[16.9824,46.7826],[16.9744,46.7834],[16.9742,46.7648],[16.9693,46.7605],[16.9659,46.7481],[16.9636,46.7521],[16.9553,46.7328],[16.9596,46.7332],[16.9627,46.7269],[16.9562,46.7283],[16.9527,46.7192],[16.9514,46.6975],[16.9676,46.6978],[16.9601,46.6973],[16.9598,46.6925],[16.9651,46.6843],[16.9597,46.692],[16.9523,46.6925],[16.9529,46.6898],[16.9605,46.6815],[16.9585,46.6817],[16.9706,46.6746]]],[[[16.949,46.7],[16.9516,46.7209],[16.9429,46.7173],[16.9459,46.6994],[16.949,46.7]]],[[[16.9851,46.7904],[16.9872,46.7897],[16.9874,46.7905],[16.9851,46.7904]]],[[[16.9849,46.7897],[16.9848,46.7885],[16.9871,46.789],[16.9849,46.7897]]],[[[16.9755,46.8031],[16.9744,46.8053],[16.9737,46.8052],[16.9755,46.8031]]],[[[17.0214,46.6203],[17.0136,46.6203],[17.0178,46.6173],[17.0184,46.6205],[17.0214,46.6203]]],[[[17.0021,46.6509],[17.0159,46.6628],[17.02,46.6526],[17.0219,46.6536],[17.0163,46.6516],[17.0221,46.6492],[17.0227,46.666],[17.016,46.6669],[17.0085,46.6609],[17.0027,46.6622],[17.0173,46.6727],[17.0133,46.6724],[17.016,46.6768],[17.01,46.6768],[17.0103,46.6807],[17.0146,46.6821],[17.0106,46.6821],[17.0146,46.6878],[17.0103,46.684],[17.0124,46.693],[17.0071,46.6932],[17.0061,46.6993],[16.9973,46.6996],[16.9982,46.7056],[16.9809,46.7023],[16.9798,46.6979],[16.9835,46.6984],[16.9887,46.6846],[17.0014,46.6907],[17.0061,46.6826],[17.0026,46.6811],[17.0028,46.6863],[17.0029,46.6836],[16.9971,46.683],[16.9962,46.6762],[16.9932,46.6773],[16.9934,46.6702],[16.9882,46.6708],[16.9835,46.6671],[16.9842,46.6382],[16.9879,46.6358],[16.9839,46.636],[16.9834,46.61],[16.9938,46.6105],[16.9955,46.6075],[16.9906,46.6026],[16.9937,46.6026],[16.9907,46.6013],[16.9937,46.5971],[17.0079,46.6021],[17.0086,46.6081],[17.0046,46.6081],[17.0008,46.6165],[17.0093,46.6237],[17.0115,46.6211],[17.0216,46.6246],[17.0248,46.6351],[17.0306,46.634],[17.031,46.6378],[17.0346,46.6369],[17.0258,46.6449],[17.0108,46.6424],[17.0105,46.6482],[17.0021,46.6509]],[[16.9958,46.6333],[16.9965,46.6298],[16.9963,46.643],[16.9958,46.6333]],[[16.9914,46.6537],[16.9932,46.6447],[16.9907,46.6404],[16.9866,46.6426],[16.9907,46.6531],[16.9871,46.6538],[16.9883,46.665],[16.9894,46.6555],[16.9958,46.655],[16.9952,46.6609],[17.0005,46.6539],[16.9985,46.649],[16.9944,46.6479],[16.9914,46.6537]]],[[[16.9842,46.6499],[16.9837,46.6469],[16.9841,46.6469],[16.9842,46.6499]]],[[[16.9768,46.6276],[16.983,46.6275],[16.9808,46.6294],[16.9835,46.6281],[16.9839,46.636],[16.9778,46.6358],[16.9768,46.6276]]],[[[16.9834,46.6219],[16.9827,46.6247],[16.9777,46.6247],[16.9764,46.6139],[16.9829,46.6164],[16.9834,46.6219]]],[[[16.985,46.5437],[16.9826,46.5451],[16.9818,46.5438],[16.985,46.5437]]],[[[16.9819,46.5431],[16.9818,46.5427],[16.9841,46.5427],[16.9819,46.5431]]],[[[16.9778,46.8047],[16.9754,46.8049],[16.9791,46.7985],[16.9844,46.7975],[16.9778,46.8047]]],[[[16.9854,46.7962],[16.9896,46.7982],[16.9905,46.7937],[16.9935,46.794],[16.991,46.7885],[16.9948,46.7891],[16.9975,46.7969],[16.9925,46.8017],[17.0046,46.8065],[16.9936,46.8016],[17.0026,46.7946],[17.0115,46.796],[17.0006,46.8038],[17.0127,46.8059],[17.0173,46.812],[16.9959,46.8145],[16.9976,46.8084],[16.9931,46.8077],[16.9914,46.8162],[16.988,46.8159],[16.9869,46.8069],[16.9892,46.8132],[16.9887,46.8093],[16.9912,46.8095],[16.9886,46.8069],[16.992,46.8062],[16.987,46.8021],[16.9892,46.801],[16.9843,46.8019],[16.9854,46.7962]]],[[[16.9847,46.7955],[16.98,46.7954],[16.9796,46.7927],[16.9841,46.7902],[16.9832,46.7863],[16.9847,46.7955]]]]}},{"type":"Feature","properties":{"landuse":"farmland"},"geometry":{"type":"MultiPolygon","coordinates":[[[[17.1052,47.0023],[17.1092,47.0039],[17.1071,46.9921],[17.1105,46.9896],[17.1061,46.9896],[17.1065,46.9861],[17.1141,46.9888],[17.1165,46.9811],[17.1133,46.9808],[17.1253,46.9806],[17.1193,46.9816],[17.1196,46.9908],[17.1228,46.9957],[17.1271,46.9957],[17.1272,47.0127],[17.1175,47.0071],[17.1171,47.0016],[17.1223,47.0014],[17.113,46.9995],[17.1168,47.0146],[17.1121,47.0144],[17.1117,47.0085],[17.1162,47.0086],[17.1115,47.0059],[17.1078,47.0083],[17.1115,47.0084],[17.1115,47.0157],[17.1086,47.0159],[17.1078,47.0089],[17.1081,47.015],[17.1063,47.0115],[17.0989,47.0111],[17.1077,47.0175],[17.0975,47.0251],[17.0918,47.0211],[17.0895,47.0243],[17.0774,47.0241],[17.0842,47.0187],[17.0798,47.0129],[17.0813,47.0097],[17.0927,47.0026],[17.0981,47.0047],[17.0978,47.0113],[17.0995,47.0055],[17.1052,47.0023]]],[[[17.1042,47.0012],[17.1024,47.0033],[17.0903,46.9996],[17.0822,47.0079],[17.0745,47.0104],[17.0727,47.0094],[17.0785,47.0048],[17.0762,47.0011],[17.066,47.0028],[17.0668,46.9943],[17.0767,46.9912],[17.0749,46.9889],[17.0786,46.9877],[17.0802,47.0001],[17.0764,47.0008],[17.0806,47.0003],[17.079,46.9877],[17.0847,46.9873],[17.0972,46.9874],[17.0943,46.9947],[17.0963,46.9957],[17.0997,46.9868],[17.1024,46.9867],[17.1059,46.9942],[17.1041,46.9993],[17.1014,46.9992],[17.1042,47.0012]]],[[[17.1074,47.0019],[17.1053,47.0008],[17.1057,46.9984],[17.1074,47.0019]]],[[[17.0377,46.9611],[17.0383,46.9667],[17.0382,46.9645],[17.0427,46.967],[17.0311,46.9654],[17.0331,46.9657],[17.0302,46.9675],[17.0352,46.9401],[17.0338,46.931],[17.0373,46.9298],[17.0377,46.9611]],[[17.0361,46.9598],[17.036,46.9603],[17.037,46.9604],[17.0361,46.9598]],[[17.0347,46.9598],[17.0347,46.959],[17.0342,46.9589],[17.0347,46.9598]]],[[[17.0439,46.9707],[17.0416,46.9711],[17.0429,46.9694],[17.0439,46.9707]]],[[[17.04,46.9708],[17.0403,46.9698],[17.0418,46.97],[17.04,46.9708]]],[[[17.0463,46.9712],[17.0455,46.9754],[17.0393,46.973],[17.0463,46.9712]]]]}},{"type":"Feature","properties":{"landuse":"farmland"},"geometry":{"type":"MultiPolygon","coordinates":[[[[17.6257,47.7239],[17.6159,47.7232],[17.6189,47.7199],[17.6173,47.7172],[17.6203,47.7154],[17.6275,47.718],[17.6332,47.7083],[17.636,47.713],[17.6326,47.7192],[17.6169,47.7226],[17.6257,47.7239]],[[17.6206,47.7215],[17.6203,47.7207],[17.6193,47.7201],[17.6206,47.7215]],[[17.6359,47.7122],[17.6297,47.7128],[17.6328,47.7132],[17.6359,47.7122]]],[[[17.6551,47.7318],[17.6668,47.7333],[17.6773,47.7279],[17.6846,47.7326],[17.6957,47.7287],[17.7024,47.7308],[17.6953,47.7359],[17.6789,47.7404],[17.6725,47.7478],[17.6546,47.7415],[17.6525,47.7343],[17.6379,47.7295],[17.6458,47.7203],[17.6488,47.7215],[17.6463,47.7238],[17.6579,47.7265],[17.6489,47.7291],[17.6551,47.7318]],[[17.672,47.7328],[17.6739,47.7348],[17.6722,47.7327],[17.672,47.7328]],[[17.6766,47.7383],[17.6784,47.7405],[17.6786,47.7404],[17.6766,47.7383]],[[17.6773,47.7301],[17.6775,47.7307],[17.678,47.7305],[17.6773,47.7301]],[[17.6763,47.7283],[17.6756,47.7285],[17.6768,47.7297],[17.6763,47.7283]],[[17.6798,47.7328],[17.6783,47.7305],[17.679,47.7325],[17.6798,47.7328]],[[17.6721,47.738],[17.6747,47.7372],[17.6741,47.737],[17.6721,47.738]],[[17.6717,47.7381],[17.6701,47.7388],[17.6721,47.7383],[17.6717,47.7381]]]]}},{"type":"Feature","properties":{"landuse":"farmland"},"geometry":{"type":"Polygon","coordinates":[[[17.6602,47.7091],[17.6637,47.7032],[17.6665,47.7143],[17.6579,47.7162],[17.6602,47.7091]]]}},{"type":"Feature","properties":{"landuse":"farmland"},"geometry":{"type":"Polygon","coordinates":[[[17.6928,47.5432],[17.6876,47.5509],[17.6889,47.5531],[17.6837,47.5535],[17.687,47.5507],[17.6846,47.5494],[17.6928,47.5432]]]}},{"type":"Feature","properties":{"landuse":"farmland"},"geometry":{"type":"Polygon","coordinates":[[[17.6936,47.5523],[17.6959,47.5494],[17.6998,47.554],[17.688,47.5566],[17.6936,47.5523]]]}},{"type":"Feature","properties":{"landuse":"farmland"},"geometry":{"type":"MultiPolygon","coordinates":[[[[16.8554,46.8358],[16.8553,46.8347],[16.8564,46.8357],[16.8554,46.8358]]],[[[16.8558,46.8239],[16.8572,46.8298],[16.8534,46.8302],[16.8532,46.8274],[16.8563,46.8274],[16.8536,46.824],[16.8558,46.8239]]]]}},{"type":"Feature","properties":{"landuse":"vineyard"},"geometry":{"type":"Polygon","coordinates":[[[17.786,47.4547],[17.7885,47.4555],[17.784,47.453],[17.7847,47.4475],[17.7946,47.4543],[17.7896,47.4589],[17.786,47.4547]]]}},{"type":"Feature","properties":{"landuse":"farmland"},"geometry":{"type":"Polygon","coordinates":[[[17.8287,47.3804],[17.8216,47.3879],[17.816,47.3878],[17.8227,47.3843],[17.8237,47.3802],[17.8287,47.3804]],[[17.8228,47.3844],[17.8236,47.3844],[17.823,47.3842],[17.8228,47.3844]],[[17.825,47.3826],[17.8239,47.3823],[17.823,47.383],[17.8238,47.3834],[17.825,47.3826]]]}},{"type":"Feature","properties":{"landuse":"farmland"},"geometry":{"type":"Polygon","coordinates":[[[17.7828,47.3803],[17.7805,47.3797],[17.782,47.3847],[17.7758,47.3818],[17.7821,47.3854],[17.78,47.3881],[17.769,47.3824],[17.7643,47.3836],[17.7658,47.3772],[17.7692,47.3772],[17.7708,47.3727],[17.7763,47.3802],[17.782,47.3782],[17.7828,47.3803]]]}},{"type":"Feature","properties":{"landuse":"farmland"},"geometry":{"type":"Polygon","coordinates":[[[17.8295,47.395],[17.8193,47.3981],[17.8172,47.3917],[17.8301,47.3875],[17.8295,47.395]]]}},{"type":"Feature","properties":{"landuse":"farmland"},"geometry":{"type":"Polygon","coordinates":[[[17.7959,47.3762],[17.798,47.3797],[17.7944,47.3825],[17.7958,47.379],[17.7894,47.3761],[17.7935,47.3731],[17.7959,47.3762]]]}},{"type":"Feature","properties":{"landuse":"farmland"},"geometry":{"type":"Polygon","coordinates":[[[17.8132,47.3871],[17.8138,47.3813],[17.8206,47.3796],[17.8159,47.3873],[17.8132,47.3871]]]}},{"type":"Feature","properties":{"landuse":"farmland"},"geometry":{"type":"MultiPolygon","coordinates":[[[[17.8317,47.4611],[17.8303,47.4626],[17.8293,47.4621],[17.8317,47.4611]]],[[[17.8389,47.4661],[17.8379,47.4653],[17.8383,47.465],[17.8389,47.4661]]],[[[17.8336,47.4618],[17.8378,47.4642],[17.8355,47.4656],[17.8336,47.4618]]],[[[17.8386,47.4649],[17.8397,47.4656],[17.8393,47.466],[17.8386,47.4649]]],[[[17.8613,47.4605],[17.8612,47.4574],[17.865,47.456],[17.8613,47.4605]]],[[[17.767,47.4334],[17.7707,47.4348],[17.7656,47.434],[17.767,47.4334]]],[[[17.767,47.432],[17.7697,47.4329],[17.771,47.4343],[17.767,47.432]]],[[[17.8116,47.4379],[17.8147,47.4354],[17.817,47.438],[17.8116,47.4379]]],[[[17.9006,47.4463],[17.8975,47.4429],[17.9047,47.4341],[17.9054,47.4437],[17.9136,47.4484],[17.9006,47.4463]]],[[[17.8969,47.4397],[17.8972,47.439],[17.898,47.4394],[17.8969,47.4397]]],[[[17.9283,47.3799],[17.9278,47.3796],[17.93,47.3786],[17.9283,47.3799]]],[[[17.9209,47.3815],[17.9044,47.3907],[17.9016,47.3894],[17.9124,47.3826],[17.9082,47.3842],[17.9063,47.3806],[17.9125,47.3809],[17.9129,47.3845],[17.9159,47.3832],[17.913,47.3801],[17.915,47.375],[17.91,47.3722],[17.9166,47.3716],[17.9174,47.378],[17.9185,47.3726],[17.9196,47.3808],[17.9296,47.3739],[17.9385,47.3732],[17.9209,47.3815]],[[17.9188,47.3792],[17.9184,47.3806],[17.9198,47.3793],[17.9188,47.3792]]],[[[17.9257,47.3846],[17.9218,47.3892],[17.9152,47.3893],[17.9182,47.3879],[17.9169,47.3858],[17.9082,47.3886],[17.9279,47.382],[17.9257,47.3846]],[[17.9216,47.3855],[17.9198,47.3882],[17.922,47.3884],[17.9216,47.3855]]],[[[17.8483,47.3817],[17.8437,47.3807],[17.8515,47.378],[17.8609,47.3848],[17.869,47.3834],[17.8621,47.3873],[17.8483,47.3817]]],[[[17.763,47.5116],[17.7749,47.5063],[17.7718,47.5034],[17.7744,47.5],[17.7712,47.5014],[17.7731,47.4993],[17.7699,47.4973],[17.775,47.4929],[17.7738,47.4981],[17.7876,47.4986],[17.78,47.506],[17.7845,47.5087],[17.7802,47.5146],[17.7768,47.5176],[17.7667,47.5136],[17.7598,47.5249],[17.7548,47.5196],[17.7594,47.5211],[17.763,47.5175],[17.7608,47.5143],[17.763,47.5116]]],[[[17.7757,47.4369],[17.7875,47.4399],[17.7818,47.4403],[17.7757,47.4369]]],[[[17.7942,47.458],[17.7975,47.4623],[17.7926,47.4663],[17.7952,47.4675],[17.793,47.4711],[17.7982,47.47],[17.7998,47.4772],[17.8019,47.4764],[17.8006,47.471],[17.8037,47.4713],[17.8067,47.4793],[17.8112,47.4785],[17.8157,47.4837],[17.8047,47.4714],[17.8135,47.4661],[17.805,47.4683],[17.8002,47.4658],[17.7997,47.4633],[17.8084,47.4608],[17.7986,47.4609],[17.7948,47.4571],[17.7978,47.4521],[17.8142,47.4473],[17.813,47.4493],[17.8221,47.4519],[17.8172,47.4475],[17.8268,47.4456],[17.825,47.4438],[17.8284,47.4411],[17.819,47.4461],[17.8285,47.4322],[17.8328,47.4305],[17.8331,47.435],[17.8368,47.4317],[17.844,47.4359],[17.8465,47.4328],[17.844,47.4314],[17.8549,47.4246],[17.8689,47.4213],[17.8712,47.4226],[17.8684,47.4262],[17.874,47.4259],[17.8714,47.4296],[17.8745,47.4308],[17.88,47.4256],[17.8853,47.4289],[17.8734,47.4341],[17.8835,47.4405],[17.8892,47.4348],[17.8945,47.4367],[17.8919,47.4387],[17.8955,47.4405],[17.8935,47.4454],[17.8996,47.4463],[17.9007,47.4563],[17.8939,47.458],[17.9031,47.4584],[17.8956,47.4665],[17.8907,47.4657],[17.9054,47.4696],[17.8962,47.4776],[17.8882,47.4778],[17.8934,47.4794],[17.8916,47.4822],[17.8857,47.4822],[17.8907,47.4844],[17.8968,47.4777],[17.9032,47.4822],[17.904,47.4786],[17.8992,47.4768],[17.9047,47.4708],[17.9082,47.4707],[17.908,47.4752],[17.9097,47.4697],[17.9143,47.4722],[17.91,47.4859],[17.9165,47.4895],[17.9018,47.5085],[17.8962,47.5076],[17.8968,47.5119],[17.8905,47.5194],[17.889,47.5268],[17.8824,47.5248],[17.8802,47.527],[17.8895,47.5292],[17.8974,47.5141],[17.9078,47.5079],[17.9097,47.5124],[17.8933,47.5288],[17.8998,47.532],[17.9052,47.528],[17.9027,47.5334],[17.9086,47.5353],[17.9109,47.5406],[17.9003,47.5386],[17.8993,47.5349],[17.8891,47.5341],[17.8883,47.538],[17.8949,47.5367],[17.8934,47.5404],[17.8821,47.541],[17.8843,47.5493],[17.8911,47.5571],[17.8822,47.5592],[17.8362,47.5395],[17.8297,47.5394],[17.8207,47.5334],[17.8232,47.5311],[17.8143,47.5264],[17.8148,47.524],[17.816,47.5222],[17.829,47.5281],[17.8311,47.5255],[17.8238,47.5222],[17.8339,47.5193],[17.8387,47.5095],[17.8344,47.5088],[17.8339,47.5121],[17.8289,47.5132],[17.8207,47.5119],[17.8128,47.5197],[17.8067,47.5198],[17.8058,47.5163],[17.8099,47.519],[17.8071,47.5167],[17.8168,47.5059],[17.815,47.5036],[17.8082,47.5109],[17.8033,47.508],[17.7985,47.5105],[17.79,47.528],[17.7815,47.524],[17.7866,47.5184],[17.7827,47.5163],[17.7847,47.5125],[17.7874,47.5133],[17.7882,47.5084],[17.7922,47.5061],[17.7859,47.5009],[17.7883,47.4987],[17.7834,47.4971],[17.7855,47.4958],[17.7963,47.5025],[17.7976,47.4966],[17.8072,47.5001],[17.8156,47.4946],[17.8099,47.4912],[17.7989,47.4952],[17.7872,47.4853],[17.779,47.4852],[17.7828,47.4806],[17.771,47.4722],[17.7738,47.4693],[17.7704,47.4673],[17.7688,47.4703],[17.7666,47.4648],[17.7785,47.4597],[17.7782,47.4573],[17.7818,47.4576],[17.7819,47.4645],[17.7836,47.4537],[17.7895,47.4609],[17.7942,47.458]],[[17.7819,47.4694],[17.7887,47.4674],[17.7924,47.4638],[17.7819,47.4694]],[[17.7773,47.4713],[17.7786,47.4717],[17.7813,47.4685],[17.7773,47.4713]],[[17.8277,47.5357],[17.8316,47.5343],[17.8294,47.5334],[17.8277,47.5357]],[[17.8238,47.5308],[17.8277,47.5322],[17.8291,47.5306],[17.8238,47.5308]],[[17.8203,47.499],[17.8177,47.4991],[17.8188,47.5002],[17.8203,47.499]],[[17.8307,47.4576],[17.8316,47.4574],[17.8312,47.457],[17.8307,47.4576]],[[17.9066,47.4699],[17.9056,47.4707],[17.9051,47.4724],[17.9066,47.4699]],[[17.8939,47.4683],[17.8942,47.4684],[17.8943,47.4682],[17.894,47.4681],[17.8939,47.4683]],[[17.8533,47.476],[17.8549,47.4743],[17.8518,47.4755],[17.8533,47.476]],[[17.8345,47.4731],[17.8339,47.4737],[17.8363,47.4754],[17.8345,47.4731]],[[17.8279,47.4681],[17.828,47.468],[17.8274,47.4678],[17.8279,47.4681]],[[17.8265,47.4684],[17.8262,47.4685],[17.8274,47.469],[17.8265,47.4684]],[[17.8786,47.464],[17.8749,47.4655],[17.881,47.4649],[17.8786,47.464]],[[17.8409,47.4574],[17.8421,47.4566],[17.8402,47.4569],[17.8409,47.4574]],[[17.8413,47.459],[17.8457,47.4539],[17.8389,47.457],[17.8406,47.4513],[17.8347,47.459],[17.8266,47.4612],[17.8247,47.4587],[17.8284,47.4563],[17.8222,47.4606],[17.8307,47.4667],[17.8278,47.4676],[17.8362,47.4716],[17.8374,47.4682],[17.8426,47.4697],[17.8402,47.4649],[17.8491,47.4604],[17.8418,47.4613],[17.8413,47.459]],[[17.8693,47.457],[17.8698,47.4568],[17.8688,47.4563],[17.8693,47.457]],[[17.8816,47.4729],[17.8732,47.4776],[17.8667,47.4759],[17.8668,47.4844],[17.8714,47.4844],[17.8816,47.4729]],[[17.8543,47.4323],[17.8446,47.4391],[17.8498,47.4414],[17.8562,47.4383],[17.8572,47.4338],[17.8543,47.4323]],[[17.8545,47.4702],[17.8621,47.4679],[17.8635,47.4644],[17.8581,47.4646],[17.8687,47.4549],[17.8662,47.4536],[17.8555,47.4621],[17.8576,47.4631],[17.8513,47.4708],[17.8545,47.4702]],[[17.9013,47.4977],[17.9061,47.4948],[17.8992,47.494],[17.8975,47.4958],[17.9013,47.4977]],[[17.8826,47.4993],[17.8731,47.5098],[17.8819,47.5046],[17.885,47.5004],[17.8826,47.4993]],[[17.8446,47.5002],[17.8526,47.4979],[17.8679,47.5042],[17.8628,47.5003],[17.8642,47.4974],[17.8577,47.4958],[17.8617,47.491],[17.8588,47.4879],[17.8516,47.4868],[17.8449,47.4947],[17.8328,47.4902],[17.838,47.4875],[17.8268,47.4879],[17.8398,47.4951],[17.8348,47.4962],[17.8397,47.4985],[17.8402,47.5062],[17.8446,47.5002]],[[17.831,47.5081],[17.8388,47.5042],[17.8257,47.5075],[17.831,47.5081]],[[17.8929,47.4853],[17.892,47.487],[17.8961,47.4865],[17.8929,47.4853]],[[17.8702,47.5421],[17.8693,47.5393],[17.8665,47.5416],[17.8702,47.5421]]],[[[17.7932,47.3874],[17.7871,47.3884],[17.787,47.3858],[17.7932,47.3874]]],[[[17.7909,47.4431],[17.7901,47.4456],[17.7884,47.4435],[17.7909,47.4431]]],[[[17.7936,47.4399],[17.793,47.4412],[17.789,47.4399],[17.7936,47.4399]]],[[[17.7789,47.4209],[17.7836,47.4217],[17.7859,47.419],[17.7827,47.4176],[17.7896,47.4019],[17.783,47.4025],[17.7784,47.3986],[17.7855,47.389],[17.7936,47.3898],[17.7917,47.3931],[17.7963,47.3945],[17.799,47.3918],[17.803,47.3953],[17.8043,47.3916],[17.8198,47.4001],[17.8093,47.4044],[17.8146,47.4055],[17.7996,47.4197],[17.804,47.4219],[17.8131,47.4139],[17.8222,47.4227],[17.8191,47.4247],[17.8204,47.4304],[17.8246,47.4327],[17.8197,47.4391],[17.8153,47.4351],[17.8176,47.4334],[17.8109,47.4329],[17.8146,47.4349],[17.8081,47.4384],[17.8102,47.4305],[17.8072,47.4385],[17.7857,47.4392],[17.7783,47.4368],[17.7878,47.4304],[17.7965,47.4329],[17.7888,47.4284],[17.7711,47.4284],[17.7789,47.4209]],[[17.798,47.4312],[17.7975,47.4323],[17.7976,47.4323],[17.798,47.4312]],[[17.7963,47.4307],[17.797,47.431],[17.7971,47.4299],[17.7963,47.4307]],[[17.7977,47.4325],[17.8021,47.4319],[17.7989,47.4307],[17.7977,47.4325]],[[17.7967,47.4331],[17.7969,47.4332],[17.7973,47.4321],[17.7967,47.4331]],[[17.7937,47.3969],[17.7972,47.399],[17.7986,47.3947],[17.7937,47.3969]],[[17.7881,47.4241],[17.794,47.4175],[17.7809,47.4246],[17.7881,47.4241]]]]}},{"type":"Feature","properties":{"landuse":"farmland"},"geometry":{"type":"Polygon","coordinates":[[[17.6961,47.7619],[17.6848,47.7604],[17.6815,47.756],[17.6846,47.7525],[17.6833,47.7541],[17.697,47.7505],[17.6911,47.7535],[17.6941,47.7547],[17.6993,47.751],[17.6946,47.7569],[17.6993,47.7586],[17.6961,47.7619]],[[17.6959,47.7588],[17.6968,47.7589],[17.6967,47.7584],[17.6959,47.7588]],[[17.6948,47.7577],[17.6956,47.7578],[17.6957,47.7574],[17.6948,47.7577]],[[17.6971,47.7592],[17.6979,47.7591],[17.6975,47.7589],[17.6971,47.7592]],[[17.6949,47.7589],[17.6957,47.7591],[17.6956,47.7587],[17.6949,47.7589]]]}},{"type":"Feature","properties":{"landuse":"farmland"},"geometry":{"type":"Polygon","coordinates":[[[17.2927,47.8702],[17.2898,47.8644],[17.2985,47.862],[17.295,47.8558],[17.2923,47.8565],[17.2923,47.8527],[17.2876,47.8507],[17.2882,47.8481],[17.2962,47.8492],[17.293,47.8539],[17.3008,47.8543],[17.2991,47.8507],[17.3014,47.8496],[17.3047,47.8545],[17.3173,47.8591],[17.3169,47.8656],[17.3241,47.8732],[17.3198,47.8785],[17.3108,47.8742],[17.2994,47.876],[17.2979,47.8715],[17.2927,47.8702]],[[17.3082,47.8676],[17.3096,47.8669],[17.3093,47.8665],[17.3082,47.8676]],[[17.3073,47.8685],[17.3093,47.8696],[17.3089,47.868],[17.3073,47.8685]]]}},{"type":"Feature","properties":{"landuse":"green_public_spaces"},"geometry":{"type":"Polygon","coordinates":[[[17.6461,47.673],[17.6449,47.6719],[17.6462,47.6705],[17.6461,47.673]]]}},{"type":"Feature","properties":{"landuse":"vineyard"},"geometry":{"type":"MultiPolygon","coordinates":[[[[16.6406,47.6541],[16.6418,47.6542],[16.6399,47.6556],[16.6406,47.6541]]],[[[16.6358,47.6472],[16.6433,47.648],[16.6411,47.6522],[16.6432,47.6523],[16.6391,47.6554],[16.6332,47.6536],[16.6358,47.6472]]]]}},{"type":"Feature","properties":{"landuse":"farmland"},"geometry":{"type":"MultiPolygon","coordinates":[[[[17.4563,47.5162],[17.4639,47.517],[17.455,47.5174],[17.4563,47.5162]]],[[[17.4384,47.5123],[17.4417,47.5089],[17.4362,47.5096],[17.4475,47.4957],[17.4509,47.4974],[17.4593,47.4897],[17.4695,47.4956],[17.4561,47.5087],[17.4611,47.5103],[17.4564,47.5144],[17.4531,47.5123],[17.4471,47.519],[17.4458,47.5209],[17.4498,47.5222],[17.4474,47.5244],[17.4361,47.5228],[17.4415,47.5254],[17.4377,47.5291],[17.4345,47.5275],[17.4326,47.5319],[17.4298,47.5305],[17.4326,47.5322],[17.4275,47.5368],[17.4147,47.5375],[17.4197,47.5292],[17.4296,47.5306],[17.4246,47.5275],[17.427,47.5242],[17.4297,47.5254],[17.4272,47.524],[17.4365,47.5123],[17.4417,47.5129],[17.4384,47.5123]],[[17.4485,47.5109],[17.4489,47.5103],[17.4477,47.5097],[17.4485,47.5109]],[[17.4543,47.5105],[17.4553,47.5096],[17.4502,47.5072],[17.4543,47.5105]],[[17.4208,47.5337],[17.4231,47.5348],[17.4238,47.534],[17.4208,47.5337]],[[17.4326,47.5268],[17.4299,47.5253],[17.4298,47.5255],[17.4326,47.5268]],[[17.4342,47.5276],[17.4329,47.5267],[17.4327,47.5269],[17.4342,47.5276]]],[[[17.4417,47.5271],[17.445,47.5239],[17.4498,47.5268],[17.4417,47.5271]]]]}},{"type":"Feature","properties":{"landuse":"farmland"},"geometry":{"type":"Polygon","coordinates":[[[17.6262,47.5006],[17.6209,47.5139],[17.6168,47.5133],[17.6033,47.5264],[17.6031,47.5203],[17.6095,47.5191],[17.6078,47.5212],[17.6104,47.5182],[17.6037,47.5157],[17.6056,47.5138],[17.6119,47.5165],[17.6149,47.513],[17.6105,47.5109],[17.6155,47.5122],[17.6115,47.51],[17.6136,47.5079],[17.6176,47.5098],[17.6141,47.5075],[17.618,47.5038],[17.6217,47.5052],[17.6151,47.5027],[17.6021,47.511],[17.5997,47.5181],[17.5894,47.5226],[17.5889,47.5254],[17.5937,47.5249],[17.5757,47.5407],[17.5823,47.5437],[17.5857,47.5398],[17.5934,47.5432],[17.5874,47.5468],[17.5854,47.5513],[17.5894,47.5526],[17.5872,47.5552],[17.5789,47.5532],[17.5708,47.5348],[17.5697,47.5422],[17.5619,47.5408],[17.5624,47.5375],[17.5584,47.5363],[17.5481,47.5382],[17.551,47.53],[17.5481,47.531],[17.5471,47.5383],[17.5344,47.5497],[17.5292,47.5476],[17.5229,47.5539],[17.5277,47.5568],[17.5164,47.5672],[17.5107,47.5592],[17.5045,47.5649],[17.5074,47.5666],[17.5038,47.5699],[17.4994,47.5661],[17.5117,47.5466],[17.498,47.5442],[17.5026,47.5378],[17.4998,47.5363],[17.503,47.5373],[17.4993,47.5354],[17.4846,47.5498],[17.4767,47.5481],[17.4811,47.5428],[17.4857,47.5443],[17.4896,47.5408],[17.4803,47.5381],[17.4848,47.5326],[17.49,47.5318],[17.4851,47.5322],[17.4741,47.5436],[17.4709,47.5394],[17.4689,47.5412],[17.473,47.5445],[17.47,47.5473],[17.462,47.5393],[17.4655,47.5366],[17.4632,47.5332],[17.4596,47.5367],[17.4565,47.5291],[17.4694,47.5115],[17.4895,47.5057],[17.4816,47.5017],[17.4891,47.4959],[17.4971,47.4999],[17.503,47.4961],[17.4981,47.4877],[17.4948,47.4874],[17.5024,47.4869],[17.5121,47.4798],[17.5194,47.4847],[17.5219,47.4832],[17.5149,47.4785],[17.5178,47.4763],[17.5148,47.4741],[17.5249,47.4817],[17.5304,47.4748],[17.5266,47.4723],[17.529,47.4716],[17.5397,47.4775],[17.5429,47.4718],[17.5463,47.4757],[17.5436,47.474],[17.5465,47.469],[17.5297,47.4685],[17.5284,47.4637],[17.5399,47.4529],[17.5422,47.455],[17.5513,47.4505],[17.5492,47.4487],[17.5586,47.4415],[17.5819,47.452],[17.5777,47.4599],[17.5887,47.4692],[17.5996,47.4625],[17.6033,47.4563],[17.6152,47.4625],[17.6097,47.4671],[17.6163,47.4688],[17.6301,47.4558],[17.6346,47.4542],[17.6424,47.4577],[17.6414,47.4516],[17.6569,47.4573],[17.6451,47.4564],[17.6541,47.4602],[17.6492,47.4602],[17.6514,47.4616],[17.6357,47.4808],[17.6399,47.4804],[17.6267,47.4889],[17.6236,47.4876],[17.6227,47.4922],[17.6172,47.4899],[17.62,47.4915],[17.6167,47.492],[17.6178,47.494],[17.6262,47.5006]],[[17.567,47.4576],[17.5673,47.4573],[17.5661,47.4572],[17.567,47.4576]],[[17.5766,47.482],[17.5833,47.4857],[17.5774,47.4805],[17.5854,47.4845],[17.5881,47.4825],[17.5864,47.4841],[17.5896,47.4862],[17.5911,47.4837],[17.5854,47.4797],[17.589,47.481],[17.5879,47.4784],[17.5736,47.4758],[17.5783,47.4785],[17.5725,47.4769],[17.5771,47.4801],[17.5725,47.4812],[17.5715,47.4852],[17.5595,47.4876],[17.572,47.4881],[17.5766,47.482]],[[17.518,47.5375],[17.5184,47.5375],[17.518,47.5372],[17.518,47.5375]],[[17.5194,47.5377],[17.5261,47.5407],[17.5305,47.5356],[17.524,47.5326],[17.5194,47.5377]],[[17.5195,47.5371],[17.5222,47.5341],[17.5167,47.5316],[17.5135,47.5344],[17.5195,47.5371]],[[17.5178,47.5396],[17.5191,47.5402],[17.5186,47.5384],[17.5178,47.5396]],[[17.5107,47.5356],[17.5158,47.531],[17.5145,47.5304],[17.5107,47.5356]],[[17.5153,47.5413],[17.5171,47.5395],[17.5111,47.5367],[17.5153,47.5413]],[[17.4891,47.5365],[17.4945,47.5357],[17.4908,47.5337],[17.4891,47.5365]],[[17.5291,47.5245],[17.53,47.5235],[17.5289,47.5237],[17.5291,47.5245]],[[17.5238,47.5298],[17.5267,47.5291],[17.5253,47.5281],[17.5238,47.5298]],[[17.5477,47.5354],[17.5471,47.5357],[17.5475,47.536],[17.5477,47.5354]],[[17.5379,47.4986],[17.5461,47.4946],[17.538,47.4967],[17.5402,47.4921],[17.5323,47.4988],[17.5379,47.4986]],[[17.6226,47.4852],[17.621,47.4845],[17.6203,47.4861],[17.6226,47.4852]],[[17.5579,47.5285],[17.558,47.534],[17.5634,47.5359],[17.5666,47.5327],[17.5579,47.5285]],[[17.5257,47.5128],[17.5314,47.5123],[17.5281,47.5102],[17.5257,47.5128]],[[17.544,47.4861],[17.5483,47.4846],[17.5516,47.4872],[17.5544,47.4778],[17.5576,47.4781],[17.558,47.4831],[17.5548,47.4854],[17.5574,47.4874],[17.5544,47.4893],[17.5593,47.4927],[17.5566,47.4724],[17.5453,47.4825],[17.5401,47.479],[17.5318,47.4829],[17.5364,47.4863],[17.5355,47.4886],[17.544,47.4861]],[[17.5506,47.5018],[17.5509,47.504],[17.5455,47.5048],[17.5455,47.5095],[17.5417,47.505],[17.5329,47.5073],[17.5407,47.5143],[17.5434,47.5115],[17.5581,47.5137],[17.56,47.5054],[17.5641,47.5027],[17.5704,47.504],[17.57,47.4964],[17.5751,47.4936],[17.5659,47.4911],[17.5641,47.4952],[17.5606,47.4926],[17.5612,47.4996],[17.5506,47.5018]],[[17.6057,47.4921],[17.5967,47.5008],[17.5932,47.4994],[17.5965,47.5012],[17.5883,47.5111],[17.5856,47.51],[17.5882,47.5113],[17.584,47.5157],[17.5783,47.5148],[17.5834,47.5166],[17.5819,47.5184],[17.5879,47.5126],[17.5937,47.5149],[17.5886,47.5119],[17.611,47.4905],[17.6071,47.4882],[17.6057,47.4921]],[[17.553,47.4583],[17.5549,47.4563],[17.5526,47.4556],[17.555,47.4563],[17.5498,47.4521],[17.5479,47.4533],[17.5512,47.4561],[17.5453,47.4573],[17.5488,47.4646],[17.5463,47.4674],[17.5507,47.4706],[17.5557,47.4692],[17.5571,47.4715],[17.559,47.4673],[17.5628,47.4701],[17.5646,47.4669],[17.5594,47.4671],[17.5607,47.4639],[17.5693,47.4629],[17.5608,47.4594],[17.5643,47.4554],[17.5594,47.4545],[17.553,47.4583]],[[17.5234,47.5239],[17.5304,47.5219],[17.5284,47.5205],[17.5307,47.5158],[17.5187,47.5105],[17.5236,47.5116],[17.5331,47.5017],[17.5252,47.4956],[17.5136,47.5039],[17.5179,47.5035],[17.5209,47.5072],[17.5107,47.5042],[17.5155,47.5119],[17.5078,47.5156],[17.4991,47.5151],[17.4881,47.5263],[17.4962,47.5303],[17.5021,47.5229],[17.5068,47.5229],[17.5038,47.5267],[17.5093,47.5283],[17.4972,47.5344],[17.5051,47.532],[17.5059,47.535],[17.5007,47.5356],[17.506,47.5383],[17.5133,47.5236],[17.5234,47.5239]]]}},{"type":"Feature","properties":{"landuse":"farmland"},"geometry":{"type":"Polygon","coordinates":[[[17.4603,47.6146],[17.453,47.6106],[17.4574,47.6073],[17.4629,47.6117],[17.4603,47.6146]]]}},{"type":"Feature","properties":{"landuse":"farmland"},"geometry":{"type":"Polygon","coordinates":[[[17.4718,47.4759],[17.478,47.4793],[17.4841,47.4747],[17.4864,47.4772],[17.4948,47.4747],[17.4886,47.4731],[17.4935,47.4708],[17.4859,47.4702],[17.4919,47.4675],[17.4953,47.4754],[17.4876,47.4784],[17.4958,47.4767],[17.4961,47.48],[17.4776,47.4793],[17.4709,47.4825],[17.4669,47.4782],[17.4718,47.4759]]]}},{"type":"Feature","properties":{"landuse":"farmland"},"geometry":{"type":"Polygon","coordinates":[[[17.416,47.5406],[17.4268,47.542],[17.4302,47.5382],[17.4374,47.541],[17.4313,47.5412],[17.4353,47.544],[17.4391,47.5412],[17.4346,47.5376],[17.4392,47.5347],[17.4448,47.5375],[17.4393,47.5387],[17.4448,47.5469],[17.439,47.5526],[17.4404,47.5491],[17.4378,47.5477],[17.416,47.5457],[17.416,47.5406]]]}},{"type":"Feature","properties":{"landuse":"vineyard"},"geometry":{"type":"Polygon","coordinates":[[[17.5548,47.5035],[17.5546,47.501],[17.5614,47.5024],[17.5593,47.5108],[17.5542,47.5108],[17.5548,47.5035]]]}},{"type":"Feature","properties":{"landuse":"vineyard"},"geometry":{"type":"Polygon","coordinates":[[[17.5001,47.4649],[17.4979,47.4624],[17.5022,47.4608],[17.5006,47.458],[17.5066,47.4557],[17.5112,47.4606],[17.5001,47.4649]]]}},{"type":"Feature","properties":{"landuse":"vineyard"},"geometry":{"type":"Polygon","coordinates":[[[17.4266,47.5155],[17.4278,47.5118],[17.4356,47.5133],[17.4323,47.517],[17.4266,47.5155]]]}},{"type":"Feature","properties":{"landuse":"farmland"},"geometry":{"type":"Polygon","coordinates":[[[17.3278,47.441],[17.3255,47.4429],[17.3123,47.4391],[17.3127,47.4369],[17.299,47.4343],[17.3007,47.4332],[17.2969,47.4306],[17.3039,47.4305],[17.3102,47.4357],[17.3278,47.441]]]}},{"type":"Feature","properties":{"landuse":"farmland"},"geometry":{"type":"MultiPolygon","coordinates":[[[[17.2525,47.432],[17.2524,47.4305],[17.2565,47.4304],[17.2525,47.432]]],[[[17.1903,47.4403],[17.1914,47.4328],[17.2029,47.4368],[17.2393,47.4303],[17.2041,47.4408],[17.1903,47.4403]],[[17.2156,47.4337],[17.2163,47.4335],[17.2159,47.4333],[17.2156,47.4337]],[[17.1943,47.4346],[17.1942,47.4341],[17.1938,47.4344],[17.1943,47.4346]]],[[[17.1786,47.4302],[17.1793,47.4202],[17.1925,47.4222],[17.1932,47.4194],[17.1984,47.4201],[17.1977,47.4232],[17.2147,47.426],[17.2145,47.4318],[17.2029,47.433],[17.2031,47.4286],[17.1916,47.4278],[17.1907,47.4326],[17.181,47.4322],[17.1886,47.4327],[17.1884,47.44],[17.1821,47.4376],[17.1786,47.4302]]],[[[17.2157,47.4224],[17.204,47.4209],[17.2076,47.4091],[17.2165,47.4104],[17.2189,47.4012],[17.2376,47.408],[17.2354,47.4105],[17.2408,47.4111],[17.239,47.4173],[17.2527,47.4193],[17.2499,47.4239],[17.2542,47.4254],[17.2304,47.4213],[17.2278,47.4254],[17.2157,47.4224]]],[[[17.2068,47.4411],[17.1999,47.4417],[17.2126,47.4384],[17.2068,47.4411]]]]}},{"type":"Feature","properties":{"landuse":"farmland"},"geometry":{"type":"MultiPolygon","coordinates":[[[[17.1601,47.9065],[17.1666,47.9031],[17.1599,47.9064],[17.1564,47.9039],[17.1665,47.9029],[17.1807,47.8922],[17.1816,47.9105],[17.1711,47.9294],[17.167,47.9326],[17.145,47.9243],[17.1391,47.9266],[17.1509,47.9249],[17.1406,47.9194],[17.1485,47.9174],[17.1545,47.9204],[17.1556,47.9171],[17.1613,47.9172],[17.1739,47.9106],[17.1638,47.9049],[17.1601,47.9065]],[[17.1719,47.9099],[17.1732,47.9097],[17.1716,47.9096],[17.1719,47.9099]],[[17.1556,47.9171],[17.1546,47.9201],[17.1573,47.9191],[17.1556,47.9171]],[[17.1551,47.9202],[17.1635,47.9163],[17.1579,47.9181],[17.1551,47.9202]],[[17.168,47.9166],[17.1708,47.9154],[17.1647,47.9156],[17.168,47.9166]],[[17.1654,47.9151],[17.1714,47.9156],[17.1679,47.9138],[17.1654,47.9151]]],[[[17.1391,47.9263],[17.1385,47.9223],[17.1438,47.9239],[17.1391,47.9263]]],[[[17.1464,47.9237],[17.1446,47.924],[17.1422,47.9223],[17.1464,47.9237]]]]}},{"type":"Feature","properties":{"landuse":"farmland"},"geometry":{"type":"Polygon","coordinates":[[[17.8253,47.3992],[17.8205,47.4002],[17.8245,47.3973],[17.8253,47.3992]]]}},{"type":"Feature","properties":{"landuse":"farmland"},"geometry":{"type":"Polygon","coordinates":[[[17.8289,47.4232],[17.8303,47.4209],[17.8304,47.4232],[17.8289,47.4232]]]}},{"type":"Feature","properties":{"landuse":"farmland"},"geometry":{"type":"Polygon","coordinates":[[[17.8018,47.3845],[17.8051,47.3845],[17.8025,47.3862],[17.8018,47.3845]]]}},{"type":"Feature","properties":{"landuse":"farmland"},"geometry":{"type":"Polygon","coordinates":[[[17.8313,47.3971],[17.8334,47.3981],[17.8265,47.4055],[17.8313,47.3971]]]}},{"type":"Feature","properties":{"landuse":"farmland"},"geometry":{"type":"Polygon","coordinates":[[[17.8146,47.4055],[17.8171,47.4052],[17.8169,47.407],[17.8146,47.4055]]]}},{"type":"Feature","properties":{"landuse":"orchard"},"geometry":{"type":"Polygon","coordinates":[[[17.8169,47.407],[17.8092,47.4141],[17.8058,47.4157],[17.8042,47.4133],[17.8126,47.4066],[17.8169,47.407]]]}},{"type":"Feature","properties":{"landuse":"orchard"},"geometry":{"type":"Polygon","coordinates":[[[17.8342,47.3982],[17.8446,47.4],[17.8424,47.4026],[17.8448,47.4066],[17.8329,47.4104],[17.8258,47.4081],[17.8342,47.3982]]]}},{"type":"Feature","properties":{"landuse":"orchard"},"geometry":{"type":"Polygon","coordinates":[[[17.8152,47.4151],[17.8125,47.4136],[17.8212,47.4075],[17.8251,47.4103],[17.8229,47.4142],[17.8183,47.4162],[17.8175,47.4117],[17.8152,47.4151]]]}},{"type":"Feature","properties":{"landuse":"farmland"},"geometry":{"type":"Polygon","coordinates":[[[17.1486,46.695],[17.1454,46.6947],[17.1472,46.6793],[17.15,46.6722],[17.1542,46.6718],[17.1564,46.6736],[17.1486,46.695]]]}},{"type":"Feature","properties":{"landuse":"farmland"},"geometry":{"type":"Polygon","coordinates":[[[17.6364,47.709],[17.6357,47.708],[17.6388,47.7083],[17.6364,47.709]]]}},{"type":"Feature","properties":{"landuse":"farmland"},"geometry":{"type":"Polygon","coordinates":[[[17.1303,47.2996],[17.1336,47.2997],[17.1266,47.3052],[17.1303,47.2996]]]}},{"type":"Feature","properties":{"landuse":"farmland"},"geometry":{"type":"Polygon","coordinates":[[[17.1246,47.293],[17.1317,47.297],[17.1207,47.3014],[17.1241,47.2964],[17.1193,47.2968],[17.1141,47.2876],[17.1246,47.293]]]}},{"type":"Feature","properties":{"landuse":"vineyard"},"geometry":{"type":"Polygon","coordinates":[[[17.1125,47.2868],[17.1154,47.2939],[17.1241,47.2964],[17.1201,47.301],[17.1274,47.2979],[17.1303,47.2996],[17.1237,47.308],[17.1097,47.2959],[17.0951,47.2928],[17.0921,47.2895],[17.1074,47.2845],[17.108,47.2884],[17.1125,47.2868]]]}},{"type":"Feature","properties":{"landuse":"farmland"},"geometry":{"type":"Polygon","coordinates":[[[17.7277,47.57],[17.7226,47.5689],[17.7215,47.5631],[17.728,47.5612],[17.7276,47.5565],[17.7312,47.5537],[17.734,47.5549],[17.7312,47.5545],[17.7315,47.5579],[17.737,47.5531],[17.7337,47.5513],[17.7308,47.5534],[17.7313,47.5495],[17.7245,47.5601],[17.7212,47.5601],[17.7203,47.5552],[17.7239,47.5504],[17.7184,47.5496],[17.7221,47.5439],[17.7299,47.5436],[17.7259,47.5405],[17.7312,47.5424],[17.7468,47.5277],[17.7497,47.5331],[17.7478,47.5346],[17.7567,47.5367],[17.7542,47.5419],[17.7486,47.542],[17.7522,47.5446],[17.7385,47.547],[17.7436,47.5479],[17.7368,47.5554],[17.7534,47.5586],[17.7528,47.5636],[17.7572,47.5649],[17.7568,47.5672],[17.7524,47.5664],[17.7511,47.5698],[17.7454,47.5679],[17.7416,47.573],[17.7333,47.568],[17.7363,47.5645],[17.7326,47.5633],[17.7277,47.57]]]}},{"type":"Feature","properties":{"landuse":"farmland"},"geometry":{"type":"Polygon","coordinates":[[[17.7017,47.5432],[17.7061,47.5338],[17.7099,47.5371],[17.7129,47.5337],[17.723,47.5381],[17.7132,47.5416],[17.7213,47.5415],[17.7193,47.543],[17.7017,47.5432]]]}},{"type":"Feature","properties":{"landuse":"vineyard"},"geometry":{"type":"Polygon","coordinates":[[[17.7381,47.5714],[17.7355,47.5744],[17.7324,47.5734],[17.7343,47.5708],[17.7277,47.57],[17.7326,47.5633],[17.7363,47.5645],[17.7333,47.568],[17.7381,47.5714]]]}},{"type":"Feature","properties":{"landuse":"vineyard"},"geometry":{"type":"Polygon","coordinates":[[[17.7253,47.5382],[17.7211,47.5364],[17.7265,47.535],[17.7253,47.5382]]]}},{"type":"Feature","properties":{"landuse":"orchard"},"geometry":{"type":"Polygon","coordinates":[[[17.3372,47.433],[17.334,47.436],[17.3294,47.4329],[17.3372,47.433]]]}},{"type":"Feature","properties":{"landuse":"farmland"},"geometry":{"type":"MultiPolygon","coordinates":[[[[16.9106,46.4559],[16.8982,46.456],[16.8919,46.4332],[16.9094,46.4382],[16.9093,46.4275],[16.9049,46.4247],[16.9045,46.4191],[16.9076,46.4181],[16.9116,46.4181],[16.9155,46.4279],[16.9198,46.4297],[16.9209,46.4401],[16.9249,46.442],[16.9219,46.4451],[16.9221,46.4573],[16.9244,46.4584],[16.9188,46.4602],[16.9206,46.4553],[16.9094,46.4512],[16.9106,46.4559]],[[16.9141,46.445],[16.9108,46.4428],[16.9107,46.4466],[16.9141,46.445]],[[16.8984,46.4543],[16.9011,46.4542],[16.8988,46.4541],[16.8984,46.4543]]],[[[16.9206,46.4607],[16.9257,46.4676],[16.9186,46.4674],[16.9206,46.4607]]]]}},{"type":"Feature","properties":{"landuse":"farmland"},"geometry":{"type":"Polygon","coordinates":[[[16.9784,46.4323],[16.9737,46.4201],[16.9791,46.4255],[16.9784,46.4323]]]}},{"type":"Feature","properties":{"landuse":"farmland"},"geometry":{"type":"Polygon","coordinates":[[[16.9822,46.4193],[16.9843,46.431],[16.9803,46.4206],[16.9822,46.4193]]]}},{"type":"Feature","properties":{"landuse":"farmland"},"geometry":{"type":"MultiPolygon","coordinates":[[[[16.8772,46.3267],[16.8766,46.3281],[16.874,46.3252],[16.8772,46.3267]]],[[[16.8777,46.3292],[16.8784,46.3287],[16.8798,46.3313],[16.8777,46.3292]]],[[[16.8759,46.3436],[16.877,46.3429],[16.8768,46.3437],[16.8759,46.3436]]],[[[16.8718,46.3512],[16.8726,46.3492],[16.8728,46.3502],[16.8718,46.3512]]],[[[16.8798,46.3376],[16.8786,46.3389],[16.8748,46.339],[16.8798,46.3376]]],[[[16.8768,46.3424],[16.8787,46.3397],[16.8799,46.3421],[16.8768,46.3424]]],[[[16.8726,46.347],[16.8757,46.3391],[16.8783,46.3394],[16.8726,46.347]]],[[[16.8553,46.3595],[16.8566,46.3566],[16.8596,46.3594],[16.8553,46.3595]]],[[[16.8775,46.3505],[16.8748,46.3517],[16.873,46.3484],[16.8807,46.3417],[16.8812,46.3321],[16.8874,46.3326],[16.8899,46.3434],[16.8829,46.3474],[16.8769,46.346],[16.8775,46.3505]]],[[[16.8633,46.3558],[16.8717,46.3481],[16.867,46.3603],[16.8633,46.3558]]],[[[16.8692,46.3579],[16.871,46.353],[16.8775,46.3517],[16.8727,46.3621],[16.8692,46.3579]],[[16.8713,46.3594],[16.8715,46.3595],[16.8716,46.3594],[16.8713,46.3593],[16.8713,46.3594]]]]}},{"type":"Feature","properties":{"landuse":"farmland"},"geometry":{"type":"Polygon","coordinates":[[[16.9991,46.4404],[17,46.4369],[16.99,46.4344],[16.9901,46.4251],[16.9855,46.4195],[16.9932,46.4235],[16.9995,46.4332],[17.014,46.4442],[16.9977,46.4497],[17.0043,46.4428],[16.9991,46.4404]]]}},{"type":"Feature","properties":{"landuse":"farmland"},"geometry":{"type":"MultiPolygon","coordinates":[[[[16.8263,46.4564],[16.8359,46.4581],[16.8325,46.4729],[16.8256,46.4716],[16.8245,46.463],[16.8282,46.4649],[16.8263,46.4564]],[[16.8284,46.4652],[16.829,46.4685],[16.8314,46.4694],[16.8284,46.4652]]],[[[16.8379,46.4533],[16.8364,46.4577],[16.8216,46.4551],[16.8183,46.4478],[16.8372,46.4492],[16.8379,46.4533]],[[16.835,46.4501],[16.8245,46.447],[16.8251,46.45],[16.8249,46.4476],[16.835,46.4501]],[[16.8256,46.4546],[16.8259,46.4546],[16.8257,46.4529],[16.8256,46.4546]]],[[[16.845,46.4498],[16.8399,46.45],[16.8388,46.4546],[16.8389,46.4497],[16.845,46.4498]]],[[[16.8166,46.4446],[16.818,46.4466],[16.8167,46.4475],[16.8166,46.4446]]]]}},{"type":"Feature","properties":{"landuse":"farmland"},"geometry":{"type":"MultiPolygon","coordinates":[[[[16.9486,46.4516],[16.9484,46.4493],[16.9496,46.4493],[16.9486,46.4516]]],[[[16.9547,46.4478],[16.9549,46.4525],[16.9504,46.4525],[16.9481,46.4459],[16.9547,46.4478]],[[16.9522,46.452],[16.9524,46.4508],[16.9518,46.451],[16.9522,46.452]],[[16.9507,46.448],[16.9513,46.45],[16.9521,46.4485],[16.9507,46.448]],[[16.9532,46.4496],[16.9536,46.4485],[16.9532,46.4482],[16.9532,46.4496]]],[[[16.9563,46.4407],[16.9543,46.4386],[16.9577,46.4386],[16.9563,46.4407]]],[[[16.9524,46.4218],[16.9561,46.4314],[16.9537,46.4324],[16.9524,46.4218]]],[[[16.9551,46.4324],[16.9561,46.4347],[16.9541,46.435],[16.9551,46.4324]]],[[[16.9591,46.4384],[16.9543,46.4385],[16.954,46.4352],[16.9591,46.4384]]],[[[16.9508,46.4429],[16.9529,46.443],[16.9523,46.4464],[16.9508,46.4429]]],[[[16.9556,46.4471],[16.9546,46.4415],[16.9584,46.4411],[16.9592,46.4457],[16.9556,46.4471]]],[[[16.9505,46.4204],[16.9539,46.4358],[16.949,46.436],[16.9426,46.4246],[16.9452,46.4195],[16.9505,46.4204]]]]}},{"type":"Feature","properties":{"landuse":"farmland"},"geometry":{"type":"MultiPolygon","coordinates":[[[[16.9642,46.4192],[16.9698,46.4273],[16.97,46.4405],[16.9622,46.4166],[16.9642,46.4192]]],[[[16.9652,46.4306],[16.9625,46.4221],[16.9669,46.427],[16.9652,46.4306]]],[[[16.9624,46.4393],[16.9609,46.4381],[16.9638,46.4381],[16.9624,46.4393]]],[[[16.9716,46.4274],[16.9726,46.452],[16.9702,46.4272],[16.9646,46.4192],[16.9681,46.4184],[16.9716,46.4274]]],[[[16.9786,46.4336],[16.9804,46.4319],[16.9816,46.4378],[16.9786,46.4336]]],[[[16.9738,46.448],[16.9738,46.4388],[16.98,46.4389],[16.9761,46.4405],[16.978,46.4453],[16.9738,46.448]]]]}},{"type":"Feature","properties":{"landuse":"farmland"},"geometry":{"type":"Polygon","coordinates":[[[17.0251,46.4767],[17.0244,46.481],[17.0286,46.479],[17.0274,46.4771],[17.0502,46.4778],[17.0448,46.4923],[17.0566,46.496],[17.0523,46.4996],[17.0552,46.5004],[17.054,46.506],[17.0465,46.5052],[17.0437,46.5154],[17.0395,46.515],[17.0336,46.4873],[17.0263,46.4839],[17.0245,46.488],[17.0029,46.488],[16.9952,46.4803],[17.012,46.4764],[17.0202,46.4823],[17.015,46.4775],[17.0251,46.4767]],[[17.0543,46.5022],[17.052,46.5014],[17.0506,46.5018],[17.0543,46.5022]],[[17.0408,46.5032],[17.0409,46.5027],[17.0407,46.5027],[17.0408,46.5032]],[[17.0394,46.5037],[17.0406,46.5041],[17.0406,46.5036],[17.0394,46.5037]]]}},{"type":"Feature","properties":{"landuse":"farmland"},"geometry":{"type":"MultiPolygon","coordinates":[[[[16.899,46.4838],[16.9,46.4781],[16.9037,46.4765],[16.9049,46.4814],[16.905,46.4772],[16.9099,46.4786],[16.9075,46.4875],[16.8973,46.4892],[16.899,46.4838]]],[[[16.9102,46.478],[16.906,46.4765],[16.9108,46.4767],[16.9102,46.478]]]]}},{"type":"Feature","properties":{"landuse":"farmland"},"geometry":{"type":"Polygon","coordinates":[[[16.6954,46.7305],[16.6933,46.7212],[16.6871,46.7215],[16.6878,46.7191],[16.6895,46.7167],[16.6931,46.7199],[16.6928,46.7178],[16.7062,46.7186],[16.706,46.7152],[16.7006,46.7138],[16.6983,46.7097],[16.7058,46.7039],[16.7114,46.7127],[16.7086,46.7133],[16.7122,46.7213],[16.7097,46.7216],[16.7064,46.7321],[16.7053,46.729],[16.6954,46.7305]],[[16.7063,46.714],[16.7061,46.7137],[16.7059,46.7138],[16.7063,46.714]],[[16.7022,46.7127],[16.7033,46.7131],[16.7033,46.7126],[16.7022,46.7127]],[[16.7006,46.7081],[16.7009,46.7079],[16.7001,46.7076],[16.7006,46.7081]]]}},{"type":"Feature","properties":{"landuse":"farmland"},"geometry":{"type":"Polygon","coordinates":[[[16.7914,46.978],[16.7884,46.9713],[16.7813,46.9691],[16.7827,46.963],[16.7871,46.9615],[16.7824,46.9613],[16.7855,46.9525],[16.7783,46.9561],[16.7777,46.952],[16.7728,46.9489],[16.7722,46.9385],[16.7656,46.9346],[16.7684,46.9316],[16.7733,46.9312],[16.7815,46.9396],[16.7863,46.9402],[16.7872,46.9595],[16.7889,46.9648],[16.7941,46.9681],[16.7942,46.9767],[16.7914,46.978]]]}},{"type":"Feature","properties":{"landuse":"farmland"},"geometry":{"type":"Polygon","coordinates":[[[16.675,46.6162],[16.6663,46.5967],[16.6634,46.5982],[16.6647,46.6051],[16.6586,46.6019],[16.6613,46.6001],[16.6563,46.5989],[16.6541,46.6025],[16.653,46.5995],[16.6562,46.5993],[16.6525,46.5968],[16.6583,46.5964],[16.6551,46.5888],[16.6714,46.587],[16.675,46.5839],[16.6772,46.5856],[16.6847,46.5958],[16.6826,46.5984],[16.6852,46.597],[16.6886,46.601],[16.688,46.61],[16.6938,46.6058],[16.6968,46.6121],[16.6931,46.6121],[16.6936,46.6153],[16.6844,46.616],[16.6842,46.6196],[16.7005,46.6236],[16.7007,46.6269],[16.6908,46.6273],[16.6931,46.626],[16.6803,46.6216],[16.675,46.6162]]]}},{"type":"Feature","properties":{"landuse":"farmland"},"geometry":{"type":"MultiPolygon","coordinates":[[[[16.7507,46.7503],[16.7518,46.7504],[16.7506,46.7514],[16.7507,46.7503]]],[[[16.7718,46.7686],[16.7717,46.768],[16.773,46.768],[16.7718,46.7686]]],[[[16.7834,46.7664],[16.7813,46.7672],[16.7812,46.7661],[16.7834,46.7664]]],[[[16.7807,46.7659],[16.7821,46.7646],[16.7823,46.7652],[16.7807,46.7659]]],[[[16.7844,46.7694],[16.784,46.7686],[16.7852,46.7685],[16.7844,46.7694]]],[[[16.7797,46.7744],[16.7864,46.7725],[16.7846,46.7743],[16.7797,46.7744]]],[[[16.7678,46.7585],[16.7548,46.759],[16.7607,46.7579],[16.759,46.7547],[16.755,46.7572],[16.7514,46.7484],[16.7555,46.7412],[16.7756,46.7482],[16.7691,46.7429],[16.7843,46.742],[16.7877,46.7492],[16.7834,46.7522],[16.7778,46.7496],[16.7811,46.7504],[16.7777,46.7575],[16.7814,46.7623],[16.7718,46.7667],[16.7685,46.7647],[16.7686,46.7676],[16.78,46.7733],[16.759,46.7705],[16.7624,46.7806],[16.7577,46.7776],[16.7555,46.7652],[16.7678,46.7585]],[[16.7634,46.7461],[16.7638,46.746],[16.7637,46.7458],[16.7634,46.7461]],[[16.7586,46.7761],[16.7592,46.7755],[16.758,46.7755],[16.7586,46.7761]],[[16.7625,46.7703],[16.7641,46.7707],[16.7652,46.7702],[16.7625,46.7703]],[[16.7657,46.7715],[16.7686,46.7697],[16.7658,46.7699],[16.7657,46.7715]],[[16.766,46.7717],[16.7678,46.7716],[16.7669,46.7712],[16.766,46.7717]],[[16.7774,46.7484],[16.7764,46.7482],[16.7771,46.7503],[16.7774,46.7484]],[[16.7779,46.7484],[16.7801,46.7482],[16.7801,46.7479],[16.7779,46.7484]],[[16.7836,46.7477],[16.7806,46.7454],[16.7805,46.7469],[16.7836,46.7477]],[[16.7766,46.7463],[16.7785,46.7477],[16.777,46.745],[16.7766,46.7463]],[[16.7734,46.7431],[16.7751,46.7427],[16.773,46.7426],[16.7734,46.7431]],[[16.7762,46.7619],[16.7786,46.7616],[16.7784,46.7614],[16.7762,46.7619]]],[[[16.7804,46.7687],[16.7843,46.7696],[16.776,46.7695],[16.7804,46.7687]],[[16.7793,46.7692],[16.7796,46.769],[16.7792,46.769],[16.7793,46.7692]]]]}},{"type":"Feature","properties":{"landuse":"farmland"},"geometry":{"type":"MultiPolygon","coordinates":[[[[16.6825,46.6847],[16.6829,46.6856],[16.6824,46.686],[16.6825,46.6847]]],[[[16.6899,46.6651],[16.6893,46.6768],[16.6855,46.6782],[16.6899,46.6651]]],[[[16.7084,46.6968],[16.7097,46.6986],[16.704,46.6951],[16.6976,46.6964],[16.6984,46.7025],[16.6803,46.7093],[16.678,46.697],[16.6705,46.6971],[16.6674,46.69],[16.6769,46.6869],[16.6892,46.6883],[16.6893,46.6828],[16.6803,46.6803],[16.6895,46.6778],[16.6903,46.6638],[16.6969,46.6617],[16.6944,46.6673],[16.701,46.6926],[16.7082,46.6933],[16.7084,46.6968]],[[16.6942,46.6815],[16.6956,46.6815],[16.6955,46.6803],[16.6942,46.6815]]],[[[16.6808,46.679],[16.6782,46.6768],[16.6847,46.673],[16.6861,46.6756],[16.6813,46.6759],[16.6808,46.679]],[[16.6801,46.6752],[16.6803,46.6753],[16.6804,46.6751],[16.6802,46.6751],[16.6801,46.6752]],[[16.6795,46.6766],[16.68,46.6767],[16.6796,46.6762],[16.6795,46.6766]]]]}},{"type":"Feature","properties":{"landuse":"farmland"},"geometry":{"type":"Polygon","coordinates":[[[16.5875,46.9492],[16.589,46.9463],[16.6013,46.9452],[16.6016,46.9551],[16.5991,46.9566],[16.6026,46.9648],[16.5949,46.9658],[16.6029,46.9683],[16.6033,46.9711],[16.5938,46.9713],[16.6031,46.9716],[16.6133,46.9836],[16.6039,46.9819],[16.6054,46.988],[16.5975,46.986],[16.5996,46.9805],[16.6029,46.9798],[16.6004,46.9793],[16.6025,46.9738],[16.597,46.9766],[16.5941,46.9731],[16.5935,46.9759],[16.589,46.9749],[16.5895,46.9614],[16.5825,46.9598],[16.5818,46.9569],[16.5886,46.9542],[16.5875,46.9492]]]}},{"type":"Feature","properties":{"landuse":"farmland"},"geometry":{"type":"MultiPolygon","coordinates":[[[[16.7913,47.0757],[16.7788,47.0741],[16.784,47.0702],[16.7944,47.0748],[16.7913,47.0757]]],[[[16.7891,47.0628],[16.7777,47.06],[16.7736,47.0672],[16.7813,47.0707],[16.7763,47.0763],[16.7698,47.0761],[16.7581,47.0689],[16.7588,47.0633],[16.7623,47.0669],[16.7595,47.0635],[16.768,47.064],[16.7559,47.0601],[16.7624,47.0592],[16.7526,47.0603],[16.7592,47.0606],[16.7543,47.061],[16.7574,47.0623],[16.7515,47.0654],[16.7517,47.0627],[16.7429,47.0599],[16.7342,47.0599],[16.7369,47.0623],[16.7348,47.064],[16.7311,47.0603],[16.7249,47.0625],[16.7227,47.0551],[16.7193,47.0561],[16.7185,47.0515],[16.7097,47.0476],[16.7184,47.0437],[16.7205,47.0459],[16.7131,47.0462],[16.7209,47.0474],[16.7168,47.0485],[16.7259,47.0534],[16.7361,47.0537],[16.7349,47.0503],[16.7381,47.0485],[16.7541,47.058],[16.756,47.0555],[16.7551,47.0581],[16.7617,47.0569],[16.758,47.0542],[16.7592,47.0507],[16.7652,47.0574],[16.7625,47.0592],[16.7689,47.0618],[16.7657,47.0584],[16.7707,47.0548],[16.7726,47.0565],[16.7771,47.0535],[16.7816,47.0573],[16.7782,47.0523],[16.7839,47.0534],[16.7891,47.0628]],[[16.7665,47.0735],[16.7667,47.0724],[16.7656,47.0727],[16.7665,47.0735]]]]}},{"type":"Feature","properties":{"landuse":"farmland"},"geometry":{"type":"MultiPolygon","coordinates":[[[[16.9939,47.0113],[17.0019,47.0113],[17.0009,47.0132],[16.9939,47.0113]]],[[[16.9889,47.0099],[16.9883,47.0084],[16.9928,47.0093],[16.9889,47.0099]]],[[[16.9325,47.0427],[16.932,47.037],[16.939,47.0339],[16.9468,47.0217],[16.9433,47.017],[16.9478,47.0094],[16.9573,47.0145],[16.9518,47.0283],[16.9664,47.0243],[16.97,47.0191],[16.9804,47.0156],[16.9782,47.014],[16.9804,47.0126],[17.0011,47.0157],[17.0164,47.0018],[17.0083,47.0188],[17.002,47.0182],[16.9987,47.0248],[16.9889,47.0273],[16.991,47.0295],[16.9889,47.0324],[16.9842,47.0312],[16.9895,47.0228],[16.9856,47.022],[16.9807,47.0303],[16.9647,47.029],[16.9664,47.0307],[16.9607,47.0379],[16.95,47.0409],[16.9458,47.0505],[16.9424,47.0491],[16.9442,47.0448],[16.9325,47.0427]],[[16.9771,47.03],[16.978,47.0298],[16.9775,47.0293],[16.9771,47.03]],[[16.9741,47.0276],[16.975,47.0277],[16.975,47.0274],[16.9741,47.0276]]]]}},{"type":"Feature","properties":{"landuse":"farmland"},"geometry":{"type":"Polygon","coordinates":[[[16.7191,46.6615],[16.7147,46.6562],[16.711,46.6566],[16.715,46.6588],[16.7168,46.6686],[16.7114,46.6712],[16.7135,46.6752],[16.7198,46.6726],[16.7177,46.6702],[16.7211,46.6687],[16.7245,46.6791],[16.7194,46.6783],[16.7179,46.686],[16.7069,46.6846],[16.7157,46.6832],[16.716,46.6799],[16.7025,46.6799],[16.6997,46.6617],[16.7035,46.6638],[16.7026,46.6688],[16.7053,46.6654],[16.7118,46.6673],[16.7117,46.6627],[16.7042,46.6622],[16.7061,46.6529],[16.6993,46.6534],[16.697,46.6399],[16.6924,46.6389],[16.7002,46.6354],[16.6832,46.6313],[16.6848,46.6267],[16.6885,46.6263],[16.6885,46.6308],[16.6998,46.6323],[16.7025,46.6359],[16.7141,46.6395],[16.7023,46.6388],[16.7055,46.6442],[16.7126,46.6428],[16.7315,46.6466],[16.7301,46.6572],[16.7342,46.6663],[16.7251,46.667],[16.7223,46.6615],[16.7191,46.6615]],[[16.7209,46.6487],[16.7254,46.6462],[16.7217,46.6465],[16.7209,46.6487]],[[16.7214,46.6491],[16.7215,46.6491],[16.7215,46.649],[16.7214,46.6491]],[[16.7144,46.6489],[16.7185,46.6489],[16.7172,46.648],[16.7144,46.6489]],[[16.7234,46.6494],[16.7231,46.6511],[16.725,46.649],[16.7218,46.649],[16.7234,46.6494]],[[16.7091,46.6616],[16.7107,46.6615],[16.7089,46.6608],[16.7091,46.6616]],[[16.7144,46.6518],[16.7091,46.6533],[16.7143,46.6538],[16.7144,46.6518]]]}},{"type":"Feature","properties":{"landuse":"farmland"},"geometry":{"type":"MultiPolygon","coordinates":[[[[16.7752,46.6419],[16.7802,46.6436],[16.7704,46.6441],[16.7752,46.6419]]],[[[16.7633,46.6402],[16.7711,46.6387],[16.7656,46.6412],[16.7633,46.6402]]]]}},{"type":"Feature","properties":{"landuse":"farmland"},"geometry":{"type":"Polygon","coordinates":[[[16.6859,46.9239],[16.6819,46.9267],[16.6836,46.9244],[16.6781,46.9215],[16.6859,46.9239]]]}},{"type":"Feature","properties":{"landuse":"farmland"},"geometry":{"type":"Polygon","coordinates":[[[16.9327,46.5509],[16.948,46.5544],[16.942,46.5558],[16.9295,46.5515],[16.9327,46.5509]]]}},{"type":"Feature","properties":{"landuse":"farmland"},"geometry":{"type":"Polygon","coordinates":[[[16.7122,46.5332],[16.7061,46.5382],[16.7077,46.5365],[16.7039,46.5348],[16.7108,46.5304],[16.7122,46.5332]]]}},{"type":"Feature","properties":{"landuse":"farmland"},"geometry":{"type":"Polygon","coordinates":[[[16.7336,46.6701],[16.7387,46.6708],[16.7416,46.6786],[16.7295,46.6793],[16.7351,46.6772],[16.7336,46.6701]]]}},{"type":"Feature","properties":{"landuse":"farmland"},"geometry":{"type":"Polygon","coordinates":[[[16.8916,46.6597],[16.886,46.6511],[16.8864,46.6456],[16.8951,46.6529],[16.8933,46.6472],[16.8974,46.644],[16.8947,46.6409],[16.8972,46.6409],[16.8957,46.6489],[16.9039,46.6506],[16.904,46.653],[16.897,46.6522],[16.8916,46.6597]]]}},{"type":"Feature","properties":{"landuse":"farmland"},"geometry":{"type":"Polygon","coordinates":[[[16.8504,47.1235],[16.8478,47.122],[16.851,47.1211],[16.8474,47.1218],[16.8497,47.1187],[16.8585,47.1218],[16.8545,47.1251],[16.8504,47.1235]]]}},{"type":"Feature","properties":{"landuse":"farmland"},"geometry":{"type":"Polygon","coordinates":[[[16.8991,47.1702],[16.9007,47.1739],[16.8914,47.1741],[16.8908,47.1676],[16.894,47.1668],[16.8883,47.1676],[16.8867,47.1654],[16.8902,47.1635],[16.8862,47.1625],[16.8872,47.1595],[16.8932,47.1585],[16.8991,47.1702]]]}},{"type":"Feature","properties":{"landuse":"farmland"},"geometry":{"type":"MultiPolygon","coordinates":[[[[16.6809,46.669],[16.6829,46.6675],[16.6843,46.669],[16.6809,46.669]]],[[[16.6765,46.6665],[16.6846,46.6636],[16.6874,46.6663],[16.6765,46.6665]]]]}},{"type":"Feature","properties":{"landuse":"farmland"},"geometry":{"type":"MultiPolygon","coordinates":[[[[16.7703,46.7748],[16.7695,46.7744],[16.7727,46.7736],[16.7703,46.7748]]],[[[16.7733,46.7833],[16.7706,46.7844],[16.7724,46.7821],[16.7733,46.7833]]],[[[16.7744,46.783],[16.7755,46.7825],[16.7734,46.7835],[16.7744,46.783]]],[[[16.7791,46.7816],[16.776,46.7822],[16.778,46.7798],[16.7791,46.7816]]],[[[16.7728,46.7807],[16.7702,46.7763],[16.7715,46.7789],[16.767,46.7786],[16.77,46.7822],[16.7668,46.7808],[16.7625,46.7736],[16.7801,46.7758],[16.7728,46.7807]],[[16.7672,46.7766],[16.7692,46.7755],[16.7687,46.7754],[16.7672,46.7766]]],[[[16.7726,46.7808],[16.771,46.7799],[16.7716,46.7796],[16.7726,46.7808]]]]}},{"type":"Feature","properties":{"landuse":"farmland"},"geometry":{"type":"Polygon","coordinates":[[[16.763,46.9504],[16.7581,46.9509],[16.7533,46.9452],[16.7552,46.9434],[16.7638,46.9462],[16.763,46.9504]]]}},{"type":"Feature","properties":{"landuse":"farmland"},"geometry":{"type":"Polygon","coordinates":[[[16.9064,47.0144],[16.904,47.0176],[16.8943,47.0168],[16.9062,47.0108],[16.9064,47.0144]],[[16.8954,47.0168],[16.8997,47.0182],[16.898,47.0169],[16.8954,47.0168]]]}},{"type":"Feature","properties":{"landuse":"farmland"},"geometry":{"type":"Polygon","coordinates":[[[16.6912,46.5656],[16.693,46.5786],[16.6829,46.5764],[16.6824,46.569],[16.6912,46.5656]],[[16.6826,46.5727],[16.6833,46.5728],[16.6835,46.5722],[16.6826,46.5727]]]}},{"type":"Feature","properties":{"landuse":"farmland"},"geometry":{"type":"Polygon","coordinates":[[[16.7538,46.9869],[16.7588,46.9837],[16.7613,46.9746],[16.765,46.9748],[16.7686,46.963],[16.7737,46.9613],[16.7722,46.9656],[16.7776,46.9666],[16.777,46.9734],[16.7825,46.974],[16.7707,46.9758],[16.7701,46.9801],[16.7726,46.977],[16.7848,46.9769],[16.7803,46.9778],[16.775,46.9869],[16.7773,46.988],[16.7617,46.9862],[16.7635,46.9796],[16.7602,46.9796],[16.7608,46.9887],[16.7538,46.9869]]]}},{"type":"Feature","properties":{"landuse":"farmland"},"geometry":{"type":"Polygon","coordinates":[[[16.7949,46.4918],[16.7958,46.4975],[16.7857,46.4948],[16.7915,46.486],[16.7949,46.4918]]]}},{"type":"Feature","properties":{"landuse":"farmland"},"geometry":{"type":"Polygon","coordinates":[[[16.7768,46.5068],[16.7755,46.5028],[16.7825,46.5006],[16.7789,46.5108],[16.7768,46.5068]]]}},{"type":"Feature","properties":{"landuse":"farmland"},"geometry":{"type":"Polygon","coordinates":[[[16.7114,46.5439],[16.7077,46.5472],[16.6963,46.5456],[16.7114,46.5439]]]}},{"type":"Feature","properties":{"landuse":"farmland"},"geometry":{"type":"Polygon","coordinates":[[[16.7804,46.4945],[16.7782,46.4966],[16.7739,46.4946],[16.7799,46.4868],[16.7804,46.4945]]]}},{"type":"Feature","properties":{"landuse":"farmland"},"geometry":{"type":"Polygon","coordinates":[[[16.7267,46.7231],[16.7262,46.7302],[16.7202,46.7284],[16.7198,46.7223],[16.7226,46.7226],[16.7204,46.7215],[16.7267,46.7231]]]}},{"type":"Feature","properties":{"landuse":"farmland"},"geometry":{"type":"Polygon","coordinates":[[[16.9265,46.6494],[16.9289,46.6493],[16.9236,46.6477],[16.9251,46.6425],[16.9324,46.6427],[16.9331,46.6496],[16.9265,46.6494]],[[16.9293,46.6432],[16.9298,46.643],[16.9296,46.6427],[16.9293,46.6432]],[[16.9282,46.6498],[16.929,46.6495],[16.9282,46.6494],[16.9282,46.6498]],[[16.9281,46.6495],[16.9275,46.6491],[16.9271,46.6494],[16.9281,46.6495]],[[16.9276,46.6479],[16.9276,46.6478],[16.9268,46.6476],[16.9276,46.6479]]]}},{"type":"Feature","properties":{"landuse":"farmland"},"geometry":{"type":"Polygon","coordinates":[[[16.7802,46.5263],[16.7807,46.516],[16.7829,46.5154],[16.7826,46.5292],[16.7802,46.5263]]]}},{"type":"Feature","properties":{"landuse":"farmland"},"geometry":{"type":"MultiPolygon","coordinates":[[[[16.4381,46.8471],[16.4328,46.8477],[16.4316,46.843],[16.4402,46.842],[16.4412,46.8468],[16.4381,46.8471]]],[[[16.4409,46.8674],[16.44,46.8668],[16.441,46.8672],[16.4409,46.8674]]],[[[16.4383,46.8665],[16.4351,46.8679],[16.4356,46.8659],[16.4383,46.8665]]],[[[16.4635,46.8514],[16.4617,46.8532],[16.4614,46.8512],[16.4635,46.8514]]],[[[16.4368,46.8704],[16.4407,46.8687],[16.4406,46.8706],[16.4368,46.8704]]],[[[16.4582,46.8632],[16.4598,46.8696],[16.4496,46.8711],[16.4523,46.8721],[16.4441,46.877],[16.4435,46.8688],[16.4561,46.8674],[16.4449,46.8685],[16.4448,46.8625],[16.4593,46.8615],[16.4582,46.8632]]],[[[16.4433,46.8606],[16.4404,46.8556],[16.4511,46.8597],[16.4433,46.8606]]],[[[16.4484,46.8563],[16.4502,46.8568],[16.4475,46.8581],[16.4484,46.8563]]],[[[16.4481,46.8364],[16.447,46.8384],[16.4503,46.8381],[16.455,46.8465],[16.4531,46.8493],[16.4493,46.8496],[16.452,46.8443],[16.446,46.8419],[16.4457,46.8353],[16.4481,46.8364]]],[[[16.4516,46.8355],[16.4586,46.835],[16.4613,46.8487],[16.4567,46.849],[16.4564,46.8409],[16.4516,46.8355]]]]}},{"type":"Feature","properties":{"landuse":"farmland"},"geometry":{"type":"Polygon","coordinates":[[[16.8957,47.1],[16.8947,47.1026],[16.8925,47.0983],[16.8881,47.0992],[16.8899,47.0931],[16.8878,47.0917],[16.8933,47.092],[16.8966,47.0847],[16.9041,47.0867],[16.8995,47.089],[16.9035,47.0892],[16.9026,47.093],[16.8985,47.0935],[16.8996,47.0892],[16.8978,47.0902],[16.8957,47.1]]]}},{"type":"Feature","properties":{"landuse":"farmland"},"geometry":{"type":"Polygon","coordinates":[[[16.7451,46.5293],[16.757,46.5296],[16.7578,46.5323],[16.7571,46.5281],[16.7609,46.5298],[16.7538,46.537],[16.7451,46.5293]]]}},{"type":"Feature","properties":{"landuse":"farmland"},"geometry":{"type":"Polygon","coordinates":[[[16.7537,46.9636],[16.7666,46.963],[16.7608,46.9639],[16.7605,46.9758],[16.7535,46.9802],[16.7514,46.9854],[16.7475,46.975],[16.7537,46.9636]]]}},{"type":"Feature","properties":{"landuse":"farmland"},"geometry":{"type":"Polygon","coordinates":[[[16.6791,46.7755],[16.693,46.7776],[16.6861,46.7823],[16.6796,46.7793],[16.6791,46.7755]]]}},{"type":"Feature","properties":{"landuse":"farmland"},"geometry":{"type":"Polygon","coordinates":[[[16.8109,47.0364],[16.8236,47.0345],[16.8186,47.0347],[16.8194,47.0395],[16.8239,47.0406],[16.8306,47.0529],[16.8259,47.054],[16.8233,47.047],[16.8117,47.047],[16.8138,47.0417],[16.8109,47.0364]]]}},{"type":"Feature","properties":{"landuse":"farmland"},"geometry":{"type":"MultiPolygon","coordinates":[[[[16.4151,46.777],[16.4164,46.7773],[16.4154,46.7777],[16.4151,46.777]]],[[[16.4133,46.7775],[16.4152,46.779],[16.4146,46.7792],[16.4133,46.7775]]],[[[16.4156,46.7777],[16.4159,46.7781],[16.4152,46.7782],[16.4156,46.7777]]],[[[16.4144,46.7748],[16.4174,46.7685],[16.4235,46.7687],[16.4197,46.775],[16.4144,46.7748]]],[[[16.4261,46.7808],[16.4283,46.7812],[16.4246,46.7838],[16.4261,46.7808]]]]}},{"type":"Feature","properties":{"landuse":"farmland"},"geometry":{"type":"Polygon","coordinates":[[[16.7369,47.0429],[16.7431,47.0378],[16.7442,47.0491],[16.7413,47.0486],[16.7415,47.0437],[16.7369,47.0429]]]}},{"type":"Feature","properties":{"landuse":"farmland"},"geometry":{"type":"Polygon","coordinates":[[[16.7343,46.5397],[16.7309,46.5291],[16.7353,46.5299],[16.7403,46.5421],[16.7343,46.5397]],[[16.7369,46.5385],[16.7373,46.5384],[16.7367,46.5375],[16.7369,46.5385]]]}},{"type":"Feature","properties":{"landuse":"farmland"},"geometry":{"type":"Polygon","coordinates":[[[16.6581,46.5818],[16.6609,46.5801],[16.6655,46.5836],[16.6581,46.5818]]]}},{"type":"Feature","properties":{"landuse":"farmland"},"geometry":{"type":"Polygon","coordinates":[[[16.7431,46.9478],[16.7444,46.9445],[16.7444,46.9511],[16.7492,46.9499],[16.7544,46.9525],[16.7533,46.9547],[16.7603,46.956],[16.7594,46.9581],[16.7467,46.957],[16.7431,46.9478]],[[16.758,46.9565],[16.7582,46.9563],[16.7575,46.9559],[16.758,46.9565]]]}},{"type":"Feature","properties":{"landuse":"farmland"},"geometry":{"type":"Polygon","coordinates":[[[16.7726,46.4946],[16.7694,46.4903],[16.7733,46.4911],[16.7726,46.4946]]]}},{"type":"Feature","properties":{"landuse":"farmland"},"geometry":{"type":"Polygon","coordinates":[[[16.7878,47.0706],[16.7938,47.0736],[16.7874,47.0714],[16.7872,47.0661],[16.7935,47.0595],[16.8,47.059],[16.8019,47.0602],[16.795,47.0625],[16.8092,47.0707],[16.8167,47.0712],[16.8173,47.0742],[16.8156,47.0767],[16.7893,47.067],[16.8008,47.0731],[16.7878,47.0706]],[[16.8023,47.0694],[16.8034,47.0697],[16.8019,47.0688],[16.8023,47.0694]]]}},{"type":"Feature","properties":{"landuse":"farmland"},"geometry":{"type":"Polygon","coordinates":[[[16.3333,46.7685],[16.3391,46.7621],[16.3419,46.7642],[16.3425,46.761],[16.3522,46.759],[16.3539,46.7547],[16.3583,46.7551],[16.3604,46.7501],[16.3578,46.7489],[16.3603,46.7497],[16.3619,46.7584],[16.3579,46.7556],[16.3618,46.7592],[16.3586,46.7615],[16.3599,46.7657],[16.356,46.7635],[16.358,46.7664],[16.3526,46.7649],[16.355,46.7675],[16.351,46.7677],[16.3465,46.7611],[16.3504,46.7691],[16.3435,46.7742],[16.3338,46.7736],[16.3327,46.7712],[16.3371,46.7735],[16.3369,46.7705],[16.3333,46.7685]],[[16.3428,46.7705],[16.3423,46.7681],[16.341,46.7665],[16.3428,46.7705]],[[16.3397,46.7717],[16.3404,46.7686],[16.338,46.7657],[16.3397,46.7717]]]}},{"type":"Feature","properties":{"landuse":"farmland"},"geometry":{"type":"Polygon","coordinates":[[[16.7115,46.7074],[16.7105,46.701],[16.7154,46.7121],[16.7115,46.7074]]]}},{"type":"Feature","properties":{"landuse":"farmland"},"geometry":{"type":"Polygon","coordinates":[[[16.6923,46.7458],[16.6872,46.7465],[16.6876,46.7437],[16.6919,46.7438],[16.6909,46.7403],[16.6955,46.741],[16.7041,46.7358],[16.7018,46.7425],[16.6923,46.7458]]]}},{"type":"Feature","properties":{"landuse":"farmland"},"geometry":{"type":"Polygon","coordinates":[[[16.7282,46.5352],[16.7307,46.5349],[16.7313,46.5399],[16.728,46.5455],[16.7207,46.5545],[16.7159,46.5519],[16.7141,46.549],[16.7216,46.5488],[16.7282,46.5352]]]}},{"type":"Feature","properties":{"landuse":"farmland"},"geometry":{"type":"MultiPolygon","coordinates":[[[[16.7839,46.5047],[16.7834,46.5059],[16.7821,46.5056],[16.7839,46.5047]]],[[[16.7872,46.5066],[16.7841,46.5061],[16.7877,46.4959],[16.7918,46.4978],[16.7898,46.5031],[16.7961,46.5094],[16.7921,46.5125],[16.7909,46.5102],[16.7917,46.5126],[16.7872,46.5066]]],[[[16.7838,46.5079],[16.7858,46.5067],[16.787,46.509],[16.7838,46.5079]]]]}},{"type":"Feature","properties":{"landuse":"farmland"},"geometry":{"type":"Polygon","coordinates":[[[16.7971,47.0399],[16.7965,47.0265],[16.8034,47.0276],[16.8033,47.0319],[16.8066,47.032],[16.8059,47.0379],[16.7971,47.0399]]]}},{"type":"Feature","properties":{"landuse":"farmland"},"geometry":{"type":"Polygon","coordinates":[[[16.768,47.0451],[16.7593,47.0412],[16.7724,47.0395],[16.7704,47.0368],[16.7734,47.0302],[16.7781,47.0311],[16.7791,47.0393],[16.768,47.0451]]]}},{"type":"Feature","properties":{"landuse":"farmland"},"geometry":{"type":"MultiPolygon","coordinates":[[[[16.7063,46.5855],[16.7057,46.5848],[16.707,46.5845],[16.7063,46.5855]]],[[[16.7039,46.578],[16.7148,46.5811],[16.7227,46.59],[16.7059,46.5826],[16.7039,46.578]],[[16.7161,46.5858],[16.7161,46.5849],[16.7152,46.5843],[16.7161,46.5858]]]]}},{"type":"Feature","properties":{"landuse":"farmland"},"geometry":{"type":"Polygon","coordinates":[[[16.9834,46.5239],[16.9823,46.5191],[16.9909,46.5259],[16.9856,46.529],[16.9834,46.5239]]]}},{"type":"Feature","properties":{"landuse":"farmland"},"geometry":{"type":"Polygon","coordinates":[[[16.8831,46.853],[16.8816,46.8502],[16.8844,46.8501],[16.8848,46.8456],[16.8805,46.8365],[16.8831,46.8347],[16.8888,46.8356],[16.8858,46.84],[16.8906,46.8415],[16.8864,46.8424],[16.8921,46.845],[16.885,46.8458],[16.8876,46.8519],[16.8831,46.853]],[[16.8823,46.8502],[16.8818,46.8502],[16.8823,46.8513],[16.8823,46.8502]]]}},{"type":"Feature","properties":{"landuse":"farmland"},"geometry":{"type":"Polygon","coordinates":[[[16.7392,46.6397],[16.7416,46.64],[16.7387,46.6364],[16.744,46.6341],[16.7633,46.6402],[16.7545,46.6397],[16.7551,46.6436],[16.7487,46.6451],[16.7392,46.6397]],[[16.743,46.6401],[16.7449,46.6398],[16.7415,46.6389],[16.743,46.6401]],[[16.7543,46.6393],[16.7549,46.6393],[16.7541,46.6385],[16.7543,46.6393]]]}},{"type":"Feature","properties":{"landuse":"farmland"},"geometry":{"type":"MultiPolygon","coordinates":[[[[16.6226,46.8499],[16.6223,46.8503],[16.619,46.8493],[16.6226,46.8499]]],[[[16.6124,46.8354],[16.6155,46.8392],[16.6204,46.8391],[16.623,46.8422],[16.6205,46.8442],[16.6266,46.8493],[16.6208,46.8496],[16.6125,46.8434],[16.6142,46.8402],[16.6083,46.8372],[16.6102,46.8334],[16.6124,46.8354]],[[16.6143,46.8386],[16.615,46.8387],[16.6148,46.8384],[16.6143,46.8386]]]]}},{"type":"Feature","properties":{"landuse":"farmland"},"geometry":{"type":"Polygon","coordinates":[[[16.7776,47.043],[16.7818,47.0373],[16.789,47.0385],[16.7899,47.0349],[16.7958,47.0382],[16.7903,47.0394],[16.7928,47.0402],[16.7881,47.0438],[16.7941,47.0439],[16.7944,47.0487],[16.7776,47.043]]]}},{"type":"Feature","properties":{"landuse":"farmland"},"geometry":{"type":"MultiPolygon","coordinates":[[[[16.6397,46.855],[16.6346,46.8549],[16.6394,46.8528],[16.6397,46.855]],[[16.6388,46.8529],[16.6383,46.8538],[16.6385,46.8541],[16.6388,46.8529]]],[[[16.6282,46.8525],[16.627,46.8521],[16.6272,46.8515],[16.6282,46.8525]]],[[[16.6272,46.8503],[16.6277,46.8511],[16.6266,46.8517],[16.6272,46.8503]]],[[[16.6281,46.8511],[16.6289,46.852],[16.6273,46.8515],[16.6281,46.8511]]],[[[16.6332,46.8542],[16.629,46.853],[16.6358,46.8529],[16.6332,46.8542]]],[[[16.6415,46.8442],[16.64,46.8481],[16.6449,46.8486],[16.6486,46.8451],[16.65,46.8481],[16.6469,46.8517],[16.6506,46.8517],[16.6374,46.8528],[16.6336,46.8501],[16.6374,46.8482],[16.6384,46.8432],[16.6415,46.8442]]]]}},{"type":"Feature","properties":{"landuse":"farmland"},"geometry":{"type":"Polygon","coordinates":[[[16.6561,46.6974],[16.6521,46.6882],[16.6585,46.6906],[16.665,46.689],[16.663,46.6977],[16.6561,46.6974]]]}},{"type":"Feature","properties":{"landuse":"farmland"},"geometry":{"type":"Polygon","coordinates":[[[16.7587,46.509],[16.7625,46.5135],[16.7602,46.5151],[16.7673,46.5206],[16.771,46.5171],[16.7689,46.516],[16.7708,46.5111],[16.7766,46.5134],[16.7791,46.5222],[16.7733,46.5237],[16.7633,46.5206],[16.7578,46.5146],[16.7576,46.5186],[16.7508,46.5072],[16.7554,46.5062],[16.7578,46.511],[16.7587,46.509]],[[16.7709,46.5213],[16.7771,46.5203],[16.7718,46.5193],[16.7709,46.5213]]]}},{"type":"Feature","properties":{"landuse":"farmland"},"geometry":{"type":"Polygon","coordinates":[[[16.7168,46.7382],[16.7186,46.7358],[16.7227,46.7532],[16.7167,46.7553],[16.7181,46.7614],[16.7096,46.7479],[16.7124,46.7439],[16.7103,46.7424],[16.7182,46.7415],[16.7168,46.7382]]]}},{"type":"Feature","properties":{"landuse":"farmland"},"geometry":{"type":"Polygon","coordinates":[[[16.3959,46.7302],[16.4044,46.7396],[16.4001,46.7415],[16.4019,46.7448],[16.3935,46.7429],[16.3914,46.7478],[16.3854,46.7431],[16.388,46.7457],[16.384,46.7462],[16.3856,46.7373],[16.3863,46.7404],[16.3815,46.7447],[16.3826,46.7489],[16.3702,46.7543],[16.368,46.7527],[16.3726,46.7582],[16.3707,46.7592],[16.3589,46.7483],[16.3704,46.7394],[16.3775,46.7409],[16.3842,46.7343],[16.3898,46.7353],[16.3885,46.7316],[16.3959,46.7302]],[[16.3865,46.7414],[16.3864,46.7416],[16.3866,46.7417],[16.3865,46.7414]]]}},{"type":"Feature","properties":{"landuse":"farmland"},"geometry":{"type":"Polygon","coordinates":[[[16.8068,46.9792],[16.8004,46.9755],[16.7999,46.9598],[16.7975,46.9583],[16.7956,46.9623],[16.7923,46.9622],[16.7909,46.9418],[16.7998,46.9424],[16.7988,46.9463],[16.8033,46.9469],[16.7984,46.9481],[16.8034,46.9499],[16.8019,46.9557],[16.813,46.9527],[16.8107,46.9602],[16.8154,46.9611],[16.8166,46.9695],[16.821,46.9712],[16.8207,46.9746],[16.8173,46.9719],[16.8086,46.9735],[16.8068,46.9792]]]}},{"type":"Feature","properties":{"landuse":"farmland"},"geometry":{"type":"MultiPolygon","coordinates":[[[[16.5527,46.6184],[16.5479,46.6196],[16.5476,46.6182],[16.5527,46.6184]]],[[[16.528,46.6133],[16.5296,46.615],[16.5268,46.616],[16.5233,46.6143],[16.5238,46.6175],[16.518,46.6133],[16.528,46.6133]]],[[[16.5185,46.6208],[16.5177,46.6176],[16.5199,46.6208],[16.5185,46.6208]]],[[[16.5457,46.6033],[16.5556,46.6022],[16.5595,46.599],[16.56,46.5926],[16.5682,46.6011],[16.5604,46.6076],[16.5531,46.607],[16.5569,46.6088],[16.5559,46.6155],[16.5512,46.6155],[16.5548,46.6166],[16.5371,46.6198],[16.5376,46.6176],[16.5499,46.617],[16.5391,46.6168],[16.5367,46.6128],[16.546,46.61],[16.5444,46.6078],[16.5481,46.6067],[16.5457,46.6033]],[[16.5527,46.6154],[16.553,46.6154],[16.5527,46.6151],[16.5527,46.6154]],[[16.5495,46.6176],[16.5502,46.6175],[16.5489,46.6173],[16.5495,46.6176]]],[[[16.5369,46.6148],[16.5368,46.6167],[16.5327,46.6146],[16.5369,46.6148]]]]}},{"type":"Feature","properties":{"landuse":"farmland"},"geometry":{"type":"MultiPolygon","coordinates":[[[[16.8063,46.7714],[16.8007,46.7722],[16.7929,46.7634],[16.7915,46.7702],[16.7959,46.7734],[16.7893,46.773],[16.7867,46.7702],[16.7891,46.7622],[16.783,46.7567],[16.7924,46.7575],[16.7977,46.7674],[16.8022,46.7695],[16.8064,46.7656],[16.8009,46.7639],[16.8015,46.7613],[16.8047,46.7638],[16.8038,46.7608],[16.8084,46.7699],[16.8063,46.7714]],[[16.8035,46.7683],[16.8035,46.7681],[16.8033,46.7682],[16.8035,46.7683]],[[16.8066,46.7693],[16.8062,46.768],[16.8058,46.7681],[16.8066,46.7693]],[[16.7885,46.7601],[16.7891,46.7607],[16.789,46.7601],[16.7885,46.7601]],[[16.786,46.7571],[16.7864,46.757],[16.7862,46.7568],[16.786,46.7571]]],[[[16.7926,46.758],[16.7933,46.7578],[16.793,46.758],[16.7926,46.758]]],[[[16.8015,46.7608],[16.8,46.7618],[16.8005,46.7602],[16.8015,46.7608]]]]}},{"type":"Feature","properties":{"landuse":"farmland"},"geometry":{"type":"Polygon","coordinates":[[[16.676,46.5835],[16.6762,46.5775],[16.68,46.5753],[16.6938,46.5841],[16.6938,46.5817],[16.6962,46.5847],[16.7034,46.583],[16.7041,46.5867],[16.698,46.5906],[16.6969,46.5854],[16.6979,46.5908],[16.7074,46.5897],[16.6893,46.594],[16.6861,46.5878],[16.6883,46.5897],[16.6876,46.5877],[16.6943,46.5867],[16.686,46.5859],[16.6886,46.5846],[16.6827,46.5823],[16.6844,46.586],[16.6805,46.5869],[16.676,46.5835]]]}},{"type":"Feature","properties":{"landuse":"farmland"},"geometry":{"type":"MultiPolygon","coordinates":[[[[16.8169,46.7252],[16.8193,46.7251],[16.819,46.731],[16.8114,46.7313],[16.8132,46.7248],[16.8169,46.7252]]],[[[16.8113,46.7445],[16.8121,46.7427],[16.8119,46.7457],[16.8113,46.7445]]],[[[16.8352,46.6342],[16.8336,46.6405],[16.8287,46.643],[16.8271,46.632],[16.8352,46.6342]]],[[[16.8254,46.6284],[16.8267,46.6266],[16.8267,46.6285],[16.8254,46.6284]]],[[[16.7956,46.6587],[16.7972,46.6592],[16.7953,46.659],[16.7956,46.6587]]],[[[16.815,46.6803],[16.8116,46.6772],[16.816,46.6807],[16.815,46.6803]]],[[[16.8177,46.6845],[16.82,46.6859],[16.8194,46.6864],[16.8177,46.6845]]],[[[16.8112,46.6775],[16.8174,46.6844],[16.8162,46.687],[16.7988,46.6895],[16.7945,46.6867],[16.799,46.6825],[16.7954,46.6805],[16.7952,46.683],[16.7955,46.6749],[16.7921,46.6745],[16.7856,46.6623],[16.7979,46.671],[16.7957,46.6754],[16.8049,46.6751],[16.8158,46.6831],[16.8112,46.6775]]],[[[16.8156,46.6813],[16.8182,46.6842],[16.8177,46.6844],[16.8156,46.6813]]],[[[16.8036,46.672],[16.8007,46.6698],[16.8053,46.6701],[16.8036,46.672]]],[[[16.8053,46.6731],[16.8044,46.6725],[16.8066,46.6731],[16.8053,46.6731]]],[[[16.8164,46.6925],[16.8165,46.692],[16.817,46.692],[16.8164,46.6925]]],[[[16.8169,46.6947],[16.8161,46.6947],[16.8162,46.6942],[16.8169,46.6947]]],[[[16.808,46.7192],[16.8201,46.7164],[16.8197,46.7227],[16.8141,46.7207],[16.8139,46.7236],[16.8086,46.7235],[16.808,46.7192]],[[16.8195,46.7171],[16.8197,46.7171],[16.8196,46.7167],[16.8194,46.7167],[16.8195,46.7171]],[[16.8133,46.7221],[16.8126,46.7213],[16.8121,46.7221],[16.8133,46.7221]]],[[[16.8154,46.6929],[16.808,46.694],[16.812,46.6872],[16.8161,46.6876],[16.8154,46.6929]]],[[[16.838,46.7299],[16.8357,46.7297],[16.8358,46.7286],[16.838,46.7299]]],[[[16.8341,46.7307],[16.8345,46.7293],[16.8351,46.7306],[16.8341,46.7307]]],[[[16.8262,46.7185],[16.8271,46.7204],[16.8252,46.7259],[16.8262,46.7185]]],[[[16.8243,46.73],[16.8196,46.7315],[16.8196,46.7274],[16.8246,46.7276],[16.8243,46.73]]],[[[16.8195,46.7415],[16.8237,46.7407],[16.8186,46.7388],[16.822,46.7337],[16.8346,46.731],[16.8249,46.7396],[16.8284,46.7439],[16.8229,46.7573],[16.8141,46.7572],[16.8129,46.7431],[16.818,46.739],[16.8195,46.7415]]],[[[16.8356,46.7274],[16.8296,46.7292],[16.8294,46.732],[16.8245,46.7317],[16.8274,46.7178],[16.8365,46.7231],[16.8356,46.7274]]],[[[16.817,46.6849],[16.8252,46.6914],[16.8367,46.6833],[16.8378,46.7056],[16.8399,46.7057],[16.8359,46.7176],[16.8436,46.7134],[16.8441,46.7243],[16.829,46.7185],[16.8344,46.7051],[16.8305,46.7045],[16.8291,46.7101],[16.8292,46.7064],[16.8363,46.6916],[16.8314,46.6876],[16.8316,46.697],[16.8213,46.7159],[16.808,46.7172],[16.8058,46.7085],[16.8101,46.6954],[16.8149,46.6949],[16.8172,46.7069],[16.8219,46.7069],[16.8208,46.6978],[16.8175,46.6975],[16.8196,46.6931],[16.817,46.6849]],[[16.8229,46.6969],[16.8211,46.6959],[16.8218,46.6988],[16.8229,46.6969]],[[16.8194,46.7088],[16.8223,46.7084],[16.8193,46.7077],[16.8194,46.7088]]],[[[16.8105,46.6203],[16.8103,46.6227],[16.8144,46.6132],[16.812,46.6131],[16.8122,46.6078],[16.8182,46.6051],[16.8254,46.6071],[16.8219,46.6093],[16.8274,46.6263],[16.8218,46.6267],[16.8228,46.6309],[16.8196,46.6308],[16.8245,46.6325],[16.8186,46.6321],[16.8189,46.6368],[16.8217,46.6377],[16.8259,46.6339],[16.8272,46.6396],[16.8225,46.6377],[16.8219,46.6398],[16.8273,46.6401],[16.8248,46.6427],[16.8274,46.6438],[16.8235,46.6455],[16.8234,46.6424],[16.823,46.6455],[16.8292,46.6456],[16.8311,46.6493],[16.8436,46.6471],[16.8452,46.6433],[16.8491,46.6499],[16.8431,46.6512],[16.8471,46.6511],[16.8513,46.657],[16.8496,46.6602],[16.8445,46.6574],[16.8453,46.6644],[16.8371,46.6594],[16.8332,46.6609],[16.8359,46.6801],[16.8204,46.6859],[16.8163,46.681],[16.8152,46.6727],[16.8119,46.6715],[16.8165,46.6806],[16.8072,46.6715],[16.8118,46.6747],[16.806,46.6666],[16.8084,46.6664],[16.8064,46.6608],[16.8014,46.6659],[16.797,46.6588],[16.8034,46.6605],[16.7986,46.6523],[16.7977,46.6561],[16.7916,46.6527],[16.795,46.6484],[16.8061,46.6584],[16.8066,46.6538],[16.8012,46.6477],[16.7941,46.6455],[16.8014,46.6457],[16.8005,46.6426],[16.8054,46.6408],[16.8154,46.6409],[16.819,46.6477],[16.8215,46.6432],[16.8143,46.6311],[16.817,46.6299],[16.8161,46.6218],[16.818,46.6232],[16.8158,46.6209],[16.8144,46.6287],[16.8057,46.6208],[16.8105,46.6203]],[[16.7928,46.6538],[16.7929,46.6537],[16.7926,46.6537],[16.7928,46.6538]],[[16.7939,46.6528],[16.795,46.6532],[16.794,46.6526],[16.7939,46.6528]],[[16.822,46.6585],[16.8234,46.6632],[16.8294,46.6605],[16.8293,46.6538],[16.8148,46.6547],[16.815,46.6595],[16.822,46.6585]],[[16.8287,46.6506],[16.8188,46.652],[16.8199,46.6543],[16.8287,46.6506]],[[16.8238,46.6493],[16.8278,46.6487],[16.8234,46.6476],[16.8238,46.6493]],[[16.8227,46.6472],[16.8245,46.6477],[16.8236,46.6469],[16.8227,46.6472]],[[16.8057,46.6484],[16.8109,46.6547],[16.8056,46.6441],[16.8057,46.6484]],[[16.801,46.6425],[16.8039,46.6485],[16.8035,46.645],[16.801,46.6425]],[[16.807,46.6457],[16.8057,46.6415],[16.8054,46.6423],[16.807,46.6457]],[[16.8102,46.6436],[16.8106,46.6447],[16.814,46.6448],[16.8102,46.6436]],[[16.8152,46.6513],[16.8172,46.6479],[16.8121,46.6464],[16.8109,46.6486],[16.8152,46.6513]],[[16.8445,46.6573],[16.8453,46.6571],[16.8452,46.6569],[16.8445,46.6573]],[[16.8214,46.6414],[16.8242,46.6418],[16.8267,46.6411],[16.8214,46.6414]],[[16.8232,46.6255],[16.8235,46.6256],[16.8234,46.6253],[16.8232,46.6255]],[[16.821,46.6258],[16.824,46.6246],[16.8228,46.6243],[16.821,46.6258]],[[16.8176,46.6284],[16.8178,46.6273],[16.8162,46.6261],[16.8176,46.6284]],[[16.8286,46.6779],[16.8306,46.6779],[16.8296,46.6777],[16.8286,46.6779]]],[[[16.8611,46.6382],[16.8502,46.6365],[16.8492,46.6315],[16.8469,46.6323],[16.8406,46.6246],[16.8371,46.6254],[16.8337,46.6304],[16.8358,46.6313],[16.8273,46.6316],[16.8308,46.6305],[16.8275,46.6248],[16.8289,46.6169],[16.8348,46.6199],[16.8351,46.6168],[16.8286,46.6143],[16.8275,46.6074],[16.8306,46.6105],[16.835,46.6106],[16.8349,46.6075],[16.8405,46.6083],[16.8423,46.6167],[16.8478,46.6164],[16.8464,46.6194],[16.852,46.6214],[16.8545,46.6183],[16.8561,46.62],[16.8549,46.6158],[16.8571,46.6152],[16.8621,46.6202],[16.8575,46.6219],[16.8633,46.6268],[16.8578,46.631],[16.8513,46.626],[16.8502,46.6299],[16.8516,46.6347],[16.856,46.6315],[16.8611,46.6382]],[[16.8465,46.6308],[16.8466,46.6262],[16.8492,46.6261],[16.847,46.6252],[16.8443,46.6257],[16.8465,46.6308]],[[16.85,46.6347],[16.85,46.6349],[16.8502,46.6348],[16.85,46.6347]]]]}},{"type":"Feature","properties":{"landuse":"farmland"},"geometry":{"type":"Polygon","coordinates":[[[17.1375,46.5661],[17.1351,46.5665],[17.135,46.5633],[17.1375,46.5661]]]}},{"type":"Feature","properties":{"landuse":"farmland"},"geometry":{"type":"Polygon","coordinates":[[[17.1113,46.5258],[17.1137,46.5267],[17.116,46.5224],[17.1244,46.5244],[17.1109,46.5287],[17.1113,46.5258]]]}},{"type":"Feature","properties":{"landuse":"farmland"},"geometry":{"type":"Polygon","coordinates":[[[17.1254,46.5309],[17.1224,46.5301],[17.1252,46.5295],[17.1254,46.5309]]]}},{"type":"Feature","properties":{"landuse":"farmland"},"geometry":{"type":"Polygon","coordinates":[[[17.136,46.552],[17.1327,46.5578],[17.1301,46.5517],[17.136,46.552]]]}},{"type":"Feature","properties":{"landuse":"farmland"},"geometry":{"type":"Polygon","coordinates":[[[17.1442,46.5469],[17.1365,46.5456],[17.1445,46.5448],[17.1442,46.5469]]]}},{"type":"Feature","properties":{"landuse":"farmland"},"geometry":{"type":"Polygon","coordinates":[[[17.1451,46.5578],[17.1456,46.5611],[17.136,46.5578],[17.1403,46.5548],[17.1424,46.5559],[17.1376,46.5564],[17.1451,46.5578]]]}},{"type":"Feature","properties":{"landuse":"farmland"},"geometry":{"type":"Polygon","coordinates":[[[17.1514,46.5479],[17.159,46.5469],[17.1607,46.5493],[17.1544,46.5518],[17.1494,46.5495],[17.1541,46.5576],[17.1494,46.5514],[17.1559,46.5544],[17.156,46.5585],[17.1408,46.5514],[17.1425,46.547],[17.1456,46.5516],[17.1447,46.5475],[17.1514,46.5479]]]}},{"type":"Feature","properties":{"landuse":"farmland"},"geometry":{"type":"Polygon","coordinates":[[[17.119,46.529],[17.1212,46.5299],[17.121,46.5282],[17.122,46.5299],[17.119,46.529]]]}},{"type":"Feature","properties":{"landuse":"farmland"},"geometry":{"type":"Polygon","coordinates":[[[17.1386,46.539],[17.136,46.5458],[17.1304,46.5393],[17.1413,46.5334],[17.1524,46.5407],[17.1386,46.539]]]}},{"type":"Feature","properties":{"landuse":"farmland"},"geometry":{"type":"Polygon","coordinates":[[[17.1278,46.5342],[17.1276,46.5242],[17.1356,46.5343],[17.1338,46.5278],[17.1399,46.5312],[17.1329,46.539],[17.1278,46.5342]]]}},{"type":"Feature","properties":{"landuse":"farmland"},"geometry":{"type":"Polygon","coordinates":[[[17.1486,46.5555],[17.1528,46.5589],[17.1596,46.5587],[17.1503,46.5575],[17.1483,46.5615],[17.1432,46.5551],[17.1484,46.5556],[17.1478,46.5582],[17.1486,46.5555]]]}},{"type":"Feature","properties":{"landuse":"farmland"},"geometry":{"type":"Polygon","coordinates":[[[16.646,47.0291],[16.6525,47.0315],[16.6504,47.0341],[16.6472,47.0301],[16.6385,47.0305],[16.6442,47.0248],[16.6432,47.0284],[16.646,47.0291]]]}},{"type":"Feature","properties":{"landuse":"orchard"},"geometry":{"type":"MultiPolygon","coordinates":[[[[16.7489,46.6502],[16.7481,46.6524],[16.7422,46.6502],[16.7489,46.6502]]],[[[16.7419,46.6557],[16.7403,46.6538],[16.7491,46.6541],[16.7498,46.6606],[16.7419,46.6557]]],[[[16.741,46.6581],[16.7398,46.6551],[16.745,46.6581],[16.741,46.6581]]]]}},{"type":"Feature","properties":{"landuse":"orchard"},"geometry":{"type":"Polygon","coordinates":[[[16.7227,46.5266],[16.7288,46.5295],[16.7284,46.5327],[16.7218,46.532],[16.7227,46.5266]],[[16.7237,46.5287],[16.7247,46.529],[16.7247,46.5287],[16.7237,46.5287]]]}},{"type":"Feature","properties":{"landuse":"orchard"},"geometry":{"type":"Polygon","coordinates":[[[16.4769,47.1735],[16.4663,47.1715],[16.4648,47.1614],[16.4787,47.1635],[16.4769,47.1735]]]}},{"type":"Feature","properties":{"landuse":"orchard"},"geometry":{"type":"Polygon","coordinates":[[[16.7342,46.6664],[16.7301,46.6563],[16.7316,46.6468],[16.7365,46.6488],[16.7383,46.6541],[16.7337,46.6568],[16.7401,46.6616],[16.7379,46.662],[16.7422,46.6688],[16.7342,46.6664]]]}},{"type":"Feature","properties":{"landuse":"orchard"},"geometry":{"type":"Polygon","coordinates":[[[16.8882,47.0538],[16.8811,47.0558],[16.8809,47.0599],[16.8758,47.06],[16.8768,47.0532],[16.8882,47.0538]]]}},{"type":"Feature","properties":{"landuse":"orchard"},"geometry":{"type":"Polygon","coordinates":[[[16.9346,46.6674],[16.9241,46.6611],[16.9255,46.6582],[16.9326,46.6551],[16.9374,46.6564],[16.9346,46.6674]]]}},{"type":"Feature","properties":{"landuse":"orchard"},"geometry":{"type":"Polygon","coordinates":[[[16.8872,47.1595],[16.884,47.1477],[16.8865,47.1469],[16.8931,47.1584],[16.9025,47.1567],[16.9053,47.1605],[16.9012,47.1626],[16.9022,47.1648],[16.9075,47.1672],[16.8991,47.1702],[16.8932,47.1585],[16.8872,47.1595]]]}},{"type":"Feature","properties":{"landuse":"orchard"},"geometry":{"type":"Polygon","coordinates":[[[16.7249,46.6745],[16.719,46.6618],[16.7222,46.6611],[16.7256,46.6689],[16.7333,46.6676],[16.7351,46.6772],[16.7269,46.6798],[16.7249,46.6745]]]}},{"type":"Feature","properties":{"landuse":"vineyard"},"geometry":{"type":"Polygon","coordinates":[[[16.9434,47.0701],[16.942,47.0653],[16.9495,47.0597],[16.9478,47.0671],[16.9434,47.0701]]]}},{"type":"Feature","properties":{"landuse":"vineyard"},"geometry":{"type":"Polygon","coordinates":[[[17.1159,46.5409],[17.1152,46.5367],[17.1166,46.5377],[17.1159,46.5409]]]}},{"type":"Feature","properties":{"landuse":"vineyard"},"geometry":{"type":"Polygon","coordinates":[[[16.6755,46.6775],[16.6705,46.672],[16.6714,46.6678],[16.6762,46.6704],[16.6755,46.6775]]]}},{"type":"Feature","properties":{"landuse":"vineyard"},"geometry":{"type":"Polygon","coordinates":[[[16.936,47.0267],[16.9329,47.0267],[16.9325,47.0222],[16.9391,47.0217],[16.9427,47.0171],[16.9472,47.0189],[16.9446,47.0252],[16.9405,47.0234],[16.936,47.0267]]]}},{"type":"Feature","properties":{"landuse":"farmland"},"geometry":{"type":"Polygon","coordinates":[[[17.1219,46.5384],[17.1201,46.5351],[17.1254,46.5325],[17.1251,46.5452],[17.1217,46.5451],[17.1219,46.5384]]]}},{"type":"Feature","properties":{"landuse":"farmland"},"geometry":{"type":"Polygon","coordinates":[[[16.7648,46.7396],[16.768,46.7373],[16.7677,46.7404],[16.7648,46.7396]]]}},{"type":"Feature","properties":{"landuse":"farmland"},"geometry":{"type":"Polygon","coordinates":[[[16.7939,46.6431],[16.793,46.6387],[16.7962,46.6386],[16.7939,46.6431]]]}},{"type":"Feature","properties":{"landuse":"orchard"},"geometry":{"type":"Polygon","coordinates":[[[16.8631,46.4444],[16.8613,46.4428],[16.8632,46.4427],[16.8631,46.4444]]]}},{"type":"Feature","properties":{"landuse":"orchard"},"geometry":{"type":"MultiPolygon","coordinates":[[[[16.875,46.4337],[16.8572,46.4251],[16.8685,46.4212],[16.875,46.4337]]],[[[16.8709,46.4348],[16.8705,46.4335],[16.8722,46.4336],[16.8709,46.4348]]]]}},{"type":"Feature","properties":{"landuse":"farmland"},"geometry":{"type":"MultiPolygon","coordinates":[[[[16.5951,47.0057],[16.5945,47.0079],[16.5866,47.0061],[16.5951,47.0057]]],[[[16.5937,47.0041],[16.5928,47.0041],[16.5969,47.0031],[16.5937,47.0041]]]]}},{"type":"Feature","properties":{"landuse":"green_public_spaces"},"geometry":{"type":"Polygon","coordinates":[[[16.6131,47.0148],[16.6069,47.0112],[16.6116,47.0079],[16.617,47.0095],[16.6131,47.0148]],[[16.6075,47.0111],[16.6078,47.0115],[16.6082,47.0112],[16.6075,47.0111]]]}},{"type":"Feature","properties":{"landuse":"farmland"},"geometry":{"type":"Polygon","coordinates":[[[16.6195,47.1618],[16.6196,47.1596],[16.6209,47.1626],[16.6195,47.1618]]]}},{"type":"Feature","properties":{"landuse":"farmland"},"geometry":{"type":"Polygon","coordinates":[[[16.4642,47.1682],[16.4609,47.1718],[16.4613,47.1676],[16.4642,47.1682]]]}},{"type":"Feature","properties":{"landuse":"farmland"},"geometry":{"type":"Polygon","coordinates":[[[16.5717,47.2279],[16.5746,47.2331],[16.5685,47.2359],[16.562,47.2342],[16.5612,47.2295],[16.5717,47.2279]],[[16.5688,47.2298],[16.5689,47.2304],[16.573,47.2308],[16.5688,47.2298]]]}},{"type":"Feature","properties":{"landuse":"farmland"},"geometry":{"type":"Polygon","coordinates":[[[16.5908,47.2467],[16.5994,47.2459],[16.5898,47.2496],[16.5908,47.2467]]]}},{"type":"Feature","properties":{"landuse":"farmland"},"geometry":{"type":"Polygon","coordinates":[[[16.574,47.2285],[16.5717,47.2278],[16.572,47.2238],[16.574,47.2285]]]}},{"type":"Feature","properties":{"landuse":"farmland"},"geometry":{"type":"Polygon","coordinates":[[[16.5795,47.2307],[16.5749,47.2282],[16.5758,47.2252],[16.5807,47.2263],[16.5796,47.2307],[16.5835,47.2301],[16.5795,47.2307]]]}},{"type":"Feature","properties":{"landuse":"farmland"},"geometry":{"type":"Polygon","coordinates":[[[16.614,47.2091],[16.6017,47.2104],[16.605,47.2069],[16.614,47.2091]]]}},{"type":"Feature","properties":{"landuse":"farmland"},"geometry":{"type":"Polygon","coordinates":[[[16.6423,47.2094],[16.6419,47.2078],[16.6443,47.2069],[16.6423,47.2094]]]}},{"type":"Feature","properties":{"landuse":"green_public_spaces"},"geometry":{"type":"MultiPolygon","coordinates":[[[[16.6084,47.2543],[16.608,47.2546],[16.6082,47.2541],[16.6084,47.2543]]],[[[16.6084,47.2559],[16.6085,47.2559],[16.6086,47.2559],[16.6084,47.2559]]],[[[16.6069,47.2607],[16.6038,47.2567],[16.6092,47.2509],[16.6069,47.2607]],[[16.6097,47.252],[16.6096,47.2518],[16.6092,47.2523],[16.6097,47.252]],[[16.6086,47.2545],[16.6083,47.2541],[16.6079,47.2547],[16.6086,47.2545]],[[16.608,47.2554],[16.6082,47.2561],[16.6086,47.256],[16.608,47.2554]],[[16.6074,47.2558],[16.6076,47.2558],[16.6075,47.2557],[16.6074,47.2558]]]]}},{"type":"Feature","properties":{"landuse":"farmland"},"geometry":{"type":"MultiPolygon","coordinates":[[[[16.5872,47.2444],[16.5947,47.2445],[16.5908,47.2461],[16.5872,47.2444]]],[[[16.5941,47.2458],[16.5953,47.2449],[16.5959,47.2453],[16.5941,47.2458]]]]}},{"type":"Feature","properties":{"landuse":"farmland"},"geometry":{"type":"Polygon","coordinates":[[[17.2212,46.7485],[17.219,46.7482],[17.2205,46.7436],[17.2226,46.744],[17.2364,46.7134],[17.2439,46.7137],[17.2374,46.724],[17.2401,46.7244],[17.2408,46.7445],[17.2368,46.7445],[17.2393,46.7349],[17.2349,46.7344],[17.2337,46.7442],[17.2363,46.7492],[17.2277,46.7463],[17.2212,46.7485]]]}},{"type":"Feature","properties":{"landuse":"farmland"},"geometry":{"type":"Polygon","coordinates":[[[16.7471,46.9718],[16.7454,46.9722],[16.7472,46.9705],[16.7471,46.9718]]]}},{"type":"Feature","properties":{"landuse":"farmland"},"geometry":{"type":"Polygon","coordinates":[[[16.7633,46.9431],[16.7593,46.9456],[16.7576,46.9412],[16.7633,46.9431]]]}},{"type":"Feature","properties":{"landuse":"farmland"},"geometry":{"type":"MultiPolygon","coordinates":[[[[17.5132,47.7589],[17.5164,47.7602],[17.5134,47.7606],[17.5161,47.7651],[17.5062,47.7578],[17.5132,47.7589]]],[[[17.5081,47.7829],[17.4767,47.7823],[17.4705,47.7801],[17.4685,47.7739],[17.4869,47.7663],[17.4809,47.7721],[17.4801,47.7823],[17.4829,47.7697],[17.4959,47.7606],[17.5044,47.7584],[17.5006,47.7593],[17.5166,47.7662],[17.5128,47.7668],[17.5171,47.7672],[17.5265,47.7795],[17.5159,47.7912],[17.5094,47.7809],[17.5144,47.7794],[17.5124,47.7762],[17.4969,47.7729],[17.4994,47.7809],[17.5067,47.7781],[17.5081,47.7829]],[[17.5035,47.7613],[17.5058,47.7608],[17.5056,47.7603],[17.5035,47.7613]],[[17.5044,47.7736],[17.5062,47.7734],[17.5045,47.7729],[17.5044,47.7736]]]]}},{"type":"Feature","properties":{"landuse":"farmland"},"geometry":{"type":"Polygon","coordinates":[[[17.2387,47.4374],[17.2419,47.4382],[17.2381,47.4387],[17.2387,47.4374]]]}},{"type":"Feature","properties":{"landuse":"farmland"},"geometry":{"type":"Polygon","coordinates":[[[17.0108,46.5895],[17.0109,46.5964],[17.0079,46.5894],[17.0108,46.5895]]]}},{"type":"Feature","properties":{"landuse":"farmland"},"geometry":{"type":"Polygon","coordinates":[[[17.3476,47.4422],[17.35,47.4399],[17.3597,47.4433],[17.3476,47.4422]],[[17.3566,47.443],[17.3573,47.4428],[17.3567,47.4424],[17.3566,47.443]]]}},{"type":"Feature","properties":{"landuse":"farmland"},"geometry":{"type":"Polygon","coordinates":[[[17.341,47.4404],[17.3366,47.4405],[17.3376,47.4392],[17.341,47.4404]]]}},{"type":"Feature","properties":{"landuse":"farmland"},"geometry":{"type":"Polygon","coordinates":[[[17.3313,47.4386],[17.3366,47.439],[17.3261,47.4393],[17.3313,47.4386]]]}},{"type":"Feature","properties":{"landuse":"farmland"},"geometry":{"type":"Polygon","coordinates":[[[17.3353,47.4377],[17.3387,47.4373],[17.3374,47.4383],[17.3353,47.4377]]]}},{"type":"Feature","properties":{"landuse":"farmland"},"geometry":{"type":"Polygon","coordinates":[[[17.3411,47.4402],[17.3381,47.4389],[17.339,47.4375],[17.3411,47.4402]]]}},{"type":"Feature","properties":{"landuse":"farmland"},"geometry":{"type":"Polygon","coordinates":[[[16.7501,47.0688],[16.746,47.0669],[16.7495,47.0662],[16.7501,47.0688]]]}},{"type":"Feature","properties":{"landuse":"orchard"},"geometry":{"type":"Polygon","coordinates":[[[17.094,47.268],[17.0895,47.2676],[17.0918,47.266],[17.094,47.268]]]}},{"type":"Feature","properties":{"landuse":"orchard"},"geometry":{"type":"Polygon","coordinates":[[[17.0884,47.2768],[17.0933,47.2713],[17.096,47.2722],[17.0884,47.2768]]]}},{"type":"Feature","properties":{"landuse":"farmland"},"geometry":{"type":"Polygon","coordinates":[[[16.5586,47.0474],[16.5622,47.0473],[16.5565,47.0488],[16.5586,47.0474]]]}},{"type":"Feature","properties":{"landuse":"farmland"},"geometry":{"type":"MultiPolygon","coordinates":[[[[17.049,47.2284],[17.0486,47.2283],[17.0489,47.2276],[17.049,47.2284]]],[[[17.0515,47.2269],[17.0511,47.2267],[17.0528,47.2263],[17.0515,47.2269]]],[[[17.0518,47.2263],[17.0503,47.2258],[17.0522,47.2259],[17.0518,47.2263]]],[[[17.0498,47.2386],[17.0466,47.2394],[17.0482,47.238],[17.0498,47.2386]]],[[[17.0535,47.2383],[17.0518,47.2378],[17.0533,47.2366],[17.0535,47.2383]]],[[[17.0377,47.2213],[17.0357,47.2199],[17.0408,47.2215],[17.0377,47.2213]]],[[[17.1176,47.2402],[17.1323,47.2343],[17.1311,47.2372],[17.1368,47.2378],[17.1356,47.247],[17.1316,47.2491],[17.1387,47.2513],[17.1375,47.2578],[17.1319,47.2694],[17.1245,47.2663],[17.126,47.2646],[17.1186,47.2724],[17.1243,47.2665],[17.1302,47.2693],[17.1151,47.2762],[17.1307,47.2705],[17.1222,47.2831],[17.1109,47.2827],[17.1091,47.2793],[17.105,47.2863],[17.0969,47.2829],[17.1088,47.2793],[17.09,47.2807],[17.0993,47.2718],[17.1045,47.2738],[17.1065,47.2701],[17.1042,47.2684],[17.0957,47.2648],[17.0895,47.2676],[17.0968,47.2692],[17.0867,47.2761],[17.0847,47.2747],[17.0861,47.2768],[17.0703,47.2694],[17.072,47.2641],[17.0691,47.2631],[17.0728,47.2557],[17.0646,47.2615],[17.0505,47.2581],[17.0538,47.2537],[17.0501,47.2579],[17.0471,47.257],[17.0357,47.2515],[17.0357,47.2456],[17.0251,47.2425],[17.02,47.2355],[17.03,47.2309],[17.0332,47.2344],[17.0455,47.2368],[17.0504,47.2331],[17.0457,47.2298],[17.0526,47.2294],[17.0456,47.2393],[17.0548,47.2387],[17.0533,47.234],[17.0586,47.2333],[17.0563,47.2238],[17.0877,47.2316],[17.088,47.2353],[17.1176,47.2402]],[[17.0253,47.2396],[17.0251,47.2385],[17.0242,47.2394],[17.0253,47.2396]],[[17.0255,47.2376],[17.0257,47.2373],[17.0251,47.2374],[17.0255,47.2376]],[[17.116,47.2661],[17.1186,47.2657],[17.1165,47.2644],[17.116,47.2661]],[[17.1188,47.2673],[17.1204,47.2671],[17.12,47.2657],[17.1188,47.2673]],[[17.0868,47.2504],[17.0875,47.2501],[17.0869,47.25],[17.0868,47.2504]],[[17.0846,47.2539],[17.0864,47.2522],[17.0827,47.2496],[17.081,47.2513],[17.0846,47.2539]],[[17.0678,47.2335],[17.0671,47.2324],[17.0664,47.2329],[17.0678,47.2335]],[[17.1292,47.2525],[17.1285,47.2525],[17.1308,47.2537],[17.1292,47.2525]],[[17.1282,47.2491],[17.1247,47.2506],[17.1239,47.2527],[17.1282,47.2491]],[[17.1202,47.2496],[17.1219,47.2451],[17.1181,47.2535],[17.1202,47.2496]],[[17.1235,47.2493],[17.127,47.248],[17.1231,47.2474],[17.1235,47.2493]]],[[[17.0355,47.2213],[17.0331,47.2258],[17.0377,47.2254],[17.0364,47.2287],[17.0311,47.2286],[17.0392,47.2337],[17.0378,47.236],[17.0288,47.2284],[17.032,47.221],[17.0355,47.2213]],[[17.0324,47.2313],[17.0327,47.2311],[17.0322,47.2309],[17.0324,47.2313]]],[[[17.0234,47.2429],[17.0239,47.2424],[17.0241,47.243],[17.0234,47.2429]]],[[[17.0252,47.2431],[17.026,47.2435],[17.0248,47.2433],[17.0252,47.2431]]],[[[17.0636,47.2815],[17.0653,47.2784],[17.0684,47.2795],[17.0636,47.2815]],[[17.0658,47.2799],[17.0651,47.2806],[17.0659,47.2801],[17.0658,47.2799]]],[[[17.0588,47.2788],[17.0641,47.2822],[17.0617,47.2861],[17.057,47.2844],[17.0588,47.2788]],[[17.0593,47.2843],[17.0596,47.2835],[17.0592,47.284],[17.0593,47.2843]]],[[[17.0574,47.285],[17.0624,47.2869],[17.0602,47.2904],[17.0553,47.2889],[17.0574,47.285]]],[[[17.0872,47.2805],[17.0945,47.2824],[17.0857,47.2823],[17.0872,47.2805]]],[[[17.0238,47.2436],[17.0136,47.2489],[17.0091,47.2459],[17.0127,47.24],[17.0238,47.2436]],[[17.0136,47.2434],[17.014,47.2427],[17.0133,47.2429],[17.0136,47.2434]]],[[[17.0236,47.2482],[17.0213,47.2476],[17.0319,47.2464],[17.0307,47.2482],[17.036,47.2519],[17.0569,47.2607],[17.0547,47.2661],[17.0499,47.2627],[17.0507,47.2659],[17.0423,47.2695],[17.0432,47.2597],[17.0399,47.2593],[17.0403,47.2563],[17.0325,47.2513],[17.0283,47.2533],[17.0304,47.2484],[17.0273,47.2475],[17.03,47.2488],[17.0278,47.2525],[17.0253,47.2514],[17.0271,47.2478],[17.0236,47.2482]]],[[[17.0847,47.2877],[17.0854,47.2826],[17.0985,47.2839],[17.0909,47.2887],[17.0847,47.2877]]],[[[17.0961,47.2859],[17.0988,47.2841],[17.1048,47.2866],[17.0961,47.2859]]],[[[17.0255,47.2323],[17.024,47.2235],[17.0264,47.2232],[17.0164,47.2226],[17.0152,47.2281],[17.02,47.228],[17.0179,47.232],[17.0144,47.2302],[17.01,47.2352],[17.0121,47.2299],[17.0162,47.23],[17.0092,47.2267],[17.0104,47.2218],[17.0158,47.2219],[17.0185,47.2168],[17.0266,47.2199],[17.0293,47.2248],[17.0255,47.2323]],[[17.0125,47.2257],[17.0137,47.2252],[17.0126,47.2249],[17.0125,47.2257]],[[17.011,47.2242],[17.013,47.2244],[17.0156,47.2225],[17.011,47.2242]],[[17.0197,47.2219],[17.0188,47.2214],[17.0192,47.2225],[17.0197,47.2219]]],[[[17.1453,47.2442],[17.1427,47.2475],[17.1342,47.245],[17.1378,47.239],[17.1453,47.2442]],[[17.1354,47.2432],[17.1353,47.2436],[17.1356,47.2437],[17.1354,47.2432]]],[[[17.144,47.2483],[17.1416,47.2512],[17.1345,47.2498],[17.1356,47.2475],[17.144,47.2483]]],[[[17.137,47.2378],[17.138,47.2382],[17.1358,47.2408],[17.137,47.2378]]]]}},{"type":"Feature","properties":{"landuse":"green_public_spaces"},"geometry":{"type":"Polygon","coordinates":[[[17.2335,47.6141],[17.2354,47.6103],[17.2397,47.6109],[17.2392,47.6134],[17.2335,47.6141]]]}},{"type":"Feature","properties":{"landuse":"vineyard"},"geometry":{"type":"Polygon","coordinates":[[[17.3392,46.8579],[17.3321,46.8604],[17.3355,46.861],[17.3266,46.8584],[17.3241,46.8608],[17.328,46.8626],[17.3142,46.8585],[17.33,46.8543],[17.3293,46.8487],[17.3347,46.8444],[17.3434,46.8459],[17.3358,46.8497],[17.344,46.8462],[17.3538,46.8489],[17.3601,46.8585],[17.3571,46.8636],[17.3556,46.8591],[17.349,46.8569],[17.3392,46.8579]],[[17.3425,46.8493],[17.3442,46.8492],[17.3429,46.8492],[17.3432,46.8488],[17.3425,46.8493]],[[17.3426,46.8507],[17.344,46.85],[17.3428,46.8497],[17.3426,46.8507]],[[17.3418,46.8501],[17.342,46.8502],[17.3425,46.8499],[17.3424,46.8498],[17.3418,46.8501]],[[17.3188,46.8596],[17.3205,46.8603],[17.3214,46.8579],[17.3188,46.8596]],[[17.3305,46.8544],[17.3316,46.8548],[17.3319,46.8543],[17.3305,46.8544]],[[17.326,46.858],[17.3256,46.8562],[17.3253,46.8564],[17.326,46.858]],[[17.328,46.8583],[17.3296,46.858],[17.3276,46.8572],[17.328,46.8583]],[[17.3245,46.8594],[17.3255,46.8596],[17.325,46.859],[17.3245,46.8594]],[[17.322,46.8601],[17.3237,46.8608],[17.3245,46.8599],[17.322,46.8601]],[[17.3289,46.859],[17.3292,46.8591],[17.3289,46.8587],[17.3289,46.859]]]}},{"type":"Feature","properties":{"landuse":"vineyard"},"geometry":{"type":"Polygon","coordinates":[[[17.3047,46.8699],[17.302,46.871],[17.3088,46.8696],[17.314,46.862],[17.3235,46.8632],[17.322,46.8658],[17.3192,46.864],[17.3197,46.8675],[17.3142,46.8732],[17.3047,46.8699]],[[17.3139,46.8654],[17.314,46.8656],[17.3143,46.8658],[17.3139,46.8654]],[[17.3151,46.8653],[17.3144,46.8655],[17.3147,46.8658],[17.3151,46.8653]],[[17.3155,46.8656],[17.317,46.8665],[17.317,46.8658],[17.3155,46.8656]],[[17.3153,46.8649],[17.3154,46.8652],[17.3159,46.8652],[17.3153,46.8649]],[[17.3159,46.8649],[17.3171,46.8651],[17.3157,46.8639],[17.3159,46.8649]],[[17.3024,46.8709],[17.304,46.871],[17.3033,46.8704],[17.3024,46.8709]],[[17.3137,46.8725],[17.3157,46.8715],[17.3127,46.871],[17.3137,46.8725]],[[17.3122,46.8678],[17.3134,46.8687],[17.3137,46.8683],[17.3122,46.8678]],[[17.3118,46.8682],[17.3119,46.8684],[17.3123,46.8682],[17.3118,46.8682]],[[17.3105,46.8689],[17.3108,46.8691],[17.3107,46.8688],[17.3105,46.8689]],[[17.3094,46.8692],[17.3106,46.8696],[17.3108,46.8694],[17.3094,46.8692]],[[17.3123,46.8707],[17.3128,46.8708],[17.3124,46.87],[17.3123,46.8707]],[[17.3115,46.8706],[17.3112,46.8709],[17.312,46.8702],[17.3116,46.8698],[17.3115,46.8706]],[[17.3107,46.8719],[17.3134,46.8727],[17.3123,46.8713],[17.3107,46.8719]],[[17.3118,46.8687],[17.3123,46.8687],[17.312,46.8686],[17.3118,46.8687]],[[17.3144,46.8686],[17.3173,46.8671],[17.3141,46.8674],[17.3144,46.8686]],[[17.3135,46.8675],[17.314,46.8673],[17.3128,46.8663],[17.3135,46.8675]],[[17.3115,46.8678],[17.3114,46.8658],[17.3096,46.8666],[17.3115,46.8678]],[[17.3092,46.8695],[17.3112,46.8703],[17.3102,46.8696],[17.3092,46.8695]],[[17.3084,46.8706],[17.3103,46.8706],[17.3091,46.8702],[17.3084,46.8706]]]}},{"type":"Feature","properties":{"landuse":"farmland"},"geometry":{"type":"Polygon","coordinates":[[[17.3082,46.8566],[17.3075,46.8495],[17.3114,46.8484],[17.3184,46.8524],[17.3202,46.8569],[17.3187,46.8594],[17.3082,46.8566]],[[17.3152,46.8578],[17.3167,46.8574],[17.3167,46.8573],[17.3152,46.8578]]]}},{"type":"Feature","properties":{"landuse":"farmland"},"geometry":{"type":"Polygon","coordinates":[[[17.313,46.8648],[17.3088,46.8696],[17.3047,46.8694],[17.3011,46.8687],[17.3064,46.8612],[17.2934,46.8631],[17.2905,46.855],[17.2824,46.8523],[17.2855,46.8414],[17.2877,46.8411],[17.2866,46.8465],[17.2955,46.8541],[17.3005,46.8526],[17.2987,46.8499],[17.3013,46.8462],[17.3063,46.8483],[17.3078,46.8618],[17.3103,46.8583],[17.3173,46.8616],[17.3114,46.863],[17.313,46.8648]],[[17.2941,46.857],[17.2944,46.8564],[17.2938,46.8573],[17.2947,46.8578],[17.2941,46.857]],[[17.2961,46.8542],[17.2973,46.8551],[17.2993,46.8553],[17.2961,46.8542]],[[17.3091,46.8624],[17.3095,46.8627],[17.3093,46.8623],[17.3091,46.8624]],[[17.3068,46.863],[17.3085,46.8632],[17.3085,46.8632],[17.3068,46.863]],[[17.3068,46.8689],[17.3078,46.869],[17.307,46.8684],[17.3068,46.8689]],[[17.301,46.8664],[17.3036,46.8668],[17.304,46.8656],[17.301,46.8664]]]}},{"type":"Feature","properties":{"landuse":"farmland"},"geometry":{"type":"Polygon","coordinates":[[[17.3052,46.8466],[17.3105,46.8445],[17.3097,46.8468],[17.3052,46.8466]]]}},{"type":"Feature","properties":{"landuse":"farmland"},"geometry":{"type":"Polygon","coordinates":[[[17.2995,46.8413],[17.3004,46.8387],[17.3045,46.8386],[17.3035,46.8413],[17.2995,46.8413]]]}},{"type":"Feature","properties":{"landuse":"farmland"},"geometry":{"type":"Polygon","coordinates":[[[17.3221,46.8573],[17.3191,46.8524],[17.3266,46.8544],[17.3158,46.8511],[17.3294,46.8496],[17.33,46.8543],[17.3221,46.8573]],[[17.3264,46.8552],[17.3278,46.8547],[17.327,46.855],[17.3264,46.8552]]]}},{"type":"Feature","properties":{"landuse":"farmland"},"geometry":{"type":"Polygon","coordinates":[[[17.1326,46.7875],[17.1351,46.7919],[17.1337,46.8095],[17.1373,46.8099],[17.1358,46.8188],[17.1398,46.818],[17.1401,46.822],[17.1376,46.8222],[17.1399,46.8346],[17.1468,46.8333],[17.1469,46.8408],[17.1423,46.8386],[17.1459,46.836],[17.1373,46.8379],[17.135,46.8346],[17.1193,46.8333],[17.1256,46.8309],[17.1219,46.8259],[17.1171,46.8254],[17.1187,46.8205],[17.1146,46.8199],[17.1142,46.8161],[17.1182,46.816],[17.1207,46.811],[17.1261,46.815],[17.1266,46.8118],[17.1185,46.8098],[17.1223,46.801],[17.1282,46.7997],[17.1247,46.8077],[17.1318,46.8048],[17.1314,46.7958],[17.129,46.7965],[17.1326,46.7875]]]}},{"type":"Feature","properties":{"landuse":"farmland"},"geometry":{"type":"Polygon","coordinates":[[[17.0949,46.8387],[17.097,46.8382],[17.0905,46.8349],[17.0909,46.828],[17.0998,46.8295],[17.0968,46.8332],[17.0994,46.8382],[17.0949,46.8387]]]}},{"type":"Feature","properties":{"landuse":"farmland"},"geometry":{"type":"Polygon","coordinates":[[[17.0971,46.8099],[17.1032,46.8098],[17.1029,46.812],[17.0971,46.8099]]]}},{"type":"Feature","properties":{"landuse":"farmland"},"geometry":{"type":"Polygon","coordinates":[[[17.0934,46.8223],[17.0923,46.8278],[17.0882,46.8225],[17.0934,46.8223]]]}},{"type":"Feature","properties":{"landuse":"farmland"},"geometry":{"type":"Polygon","coordinates":[[[17.0965,46.7449],[17.0959,46.7394],[17.0803,46.7458],[17.0985,46.731],[17.1,46.7344],[17.1001,46.7284],[17.104,46.7311],[17.1032,46.7368],[17.0972,46.7395],[17.0965,46.7449]],[[17.0979,46.732],[17.0954,46.737],[17.097,46.7378],[17.0979,46.732]]]}},{"type":"Feature","properties":{"landuse":"farmland"},"geometry":{"type":"Polygon","coordinates":[[[17.176,46.6902],[17.1686,46.6954],[17.1713,46.6789],[17.1661,46.6778],[17.1673,46.671],[17.1786,46.6745],[17.1728,46.6748],[17.1756,46.6758],[17.1743,46.6825],[17.1762,46.6765],[17.1769,46.6789],[17.1771,46.6858],[17.1742,46.6849],[17.1736,46.6873],[17.1783,46.6861],[17.176,46.6902]]]}},{"type":"Feature","properties":{"landuse":"farmland"},"geometry":{"type":"Polygon","coordinates":[[[17.0955,46.7171],[17.0981,46.7102],[17.1085,46.7095],[17.1109,46.7009],[17.1241,46.7004],[17.1248,46.6959],[17.1485,46.6953],[17.1469,46.7001],[17.1532,46.7008],[17.1511,46.7064],[17.1546,46.701],[17.161,46.7019],[17.1592,46.7067],[17.1521,46.7089],[17.1654,46.7121],[17.1636,46.719],[17.1693,46.7197],[17.1695,46.7244],[17.1658,46.7261],[17.1743,46.7308],[17.1684,46.7033],[17.1688,46.6947],[17.1731,46.6919],[17.1869,46.6861],[17.2348,46.6923],[17.2305,46.7215],[17.2218,46.7343],[17.2159,46.7526],[17.1988,46.7661],[17.1897,46.7679],[17.187,46.7621],[17.1831,46.7619],[17.1831,46.7581],[17.1797,46.7581],[17.1797,46.7618],[17.175,46.7615],[17.1764,46.7509],[17.172,46.7507],[17.1718,46.7548],[17.1624,46.7548],[17.1615,46.76],[17.1533,46.7594],[17.1522,46.7437],[17.1564,46.7436],[17.159,46.736],[17.1538,46.734],[17.1478,46.7449],[17.1375,46.7342],[17.1345,46.7387],[17.1336,46.7466],[17.1452,46.7463],[17.1489,46.7576],[17.1374,46.751],[17.1368,46.7537],[17.129,46.7535],[17.1286,46.7564],[17.1224,46.7551],[17.1218,46.7603],[17.107,46.7597],[17.1101,46.7323],[17.1114,46.7289],[17.117,46.7274],[17.111,46.7235],[17.1087,46.7254],[17.1059,46.7211],[17.0953,46.7257],[17.0955,46.7171]],[[17.1113,46.7014],[17.1117,46.7014],[17.1117,46.7011],[17.1113,46.7011],[17.1113,46.7014]],[[17.1569,46.7587],[17.1569,46.7592],[17.1572,46.7592],[17.1569,46.7587]],[[17.1221,46.7122],[17.1288,46.7131],[17.1302,46.7084],[17.1226,46.7072],[17.1221,46.7122]],[[17.1296,46.7346],[17.1317,46.7349],[17.1338,46.7303],[17.1296,46.7346]],[[17.1228,46.7541],[17.1246,46.7458],[17.1303,46.7469],[17.1316,46.7379],[17.1222,46.7403],[17.1228,46.7541]],[[17.1849,46.7542],[17.19,46.7551],[17.1916,46.7523],[17.1862,46.7513],[17.1849,46.7542]],[[17.0953,46.7257],[17.0974,46.7251],[17.0961,46.7248],[17.0953,46.7257]]]}},{"type":"Feature","properties":{"landuse":"farmland"},"geometry":{"type":"Polygon","coordinates":[[[17.0118,47.4331],[17.0064,47.435],[17.0076,47.4368],[16.9947,47.4481],[16.9868,47.4447],[16.9922,47.4388],[16.9753,47.431],[16.9796,47.4246],[16.9771,47.423],[16.9929,47.4244],[16.9992,47.4283],[17.0103,47.4241],[17.0136,47.4286],[17.0276,47.4258],[17.017,47.4326],[17.0171,47.4352],[17.0118,47.4331]],[[16.9897,47.4419],[16.9903,47.4415],[16.9901,47.4414],[16.9897,47.4419]],[[16.9898,47.4439],[16.9905,47.4442],[16.9918,47.4428],[16.9911,47.4425],[16.9898,47.4439]],[[16.9941,47.4464],[16.9957,47.4455],[16.9951,47.4453],[16.9941,47.4464]],[[17.011,47.4297],[17.0127,47.4281],[17.0078,47.4279],[17.0084,47.434],[17.011,47.4297]]]}},{"type":"Feature","properties":{"landuse":"green_public_spaces"},"geometry":{"type":"Polygon","coordinates":[[[16.606,47.0108],[16.6058,47.0094],[16.6074,47.0089],[16.606,47.0108]],[[16.6058,47.0106],[16.6062,47.01],[16.6061,47.0099],[16.6058,47.0106]],[[16.606,47.0106],[16.6061,47.0107],[16.6065,47.01],[16.606,47.0106]]]}},{"type":"Feature","properties":{"landuse":"farmland"},"geometry":{"type":"Polygon","coordinates":[[[16.7237,47.0459],[16.7254,47.0472],[16.7211,47.0505],[16.7237,47.0459]]]}},{"type":"Feature","properties":{"landuse":"farmland"},"geometry":{"type":"Polygon","coordinates":[[[16.6556,47.0228],[16.6568,47.0241],[16.6544,47.0241],[16.6556,47.0228]]]}},{"type":"Feature","properties":{"landuse":"farmland"},"geometry":{"type":"Polygon","coordinates":[[[16.6562,47.0216],[16.6613,47.0207],[16.6602,47.0222],[16.6562,47.0216]]]}},{"type":"Feature","properties":{"landuse":"green_public_spaces"},"geometry":{"type":"Polygon","coordinates":[[[16.6036,47.2305],[16.5991,47.2299],[16.6019,47.2292],[16.6036,47.2305]]]}},{"type":"Feature","properties":{"landuse":"farmland"},"geometry":{"type":"Polygon","coordinates":[[[16.5828,47.2471],[16.5844,47.2484],[16.5828,47.2493],[16.5828,47.2471]]]}},{"type":"Feature","properties":{"landuse":"farmland"},"geometry":{"type":"Polygon","coordinates":[[[17.6678,47.7109],[17.6712,47.7109],[17.6716,47.7152],[17.6678,47.7109]],[[17.6691,47.7119],[17.6695,47.7117],[17.6689,47.7115],[17.6691,47.7119]]]}},{"type":"Feature","properties":{"landuse":"orchard"},"geometry":{"type":"Polygon","coordinates":[[[17.6829,47.7189],[17.6796,47.7179],[17.6819,47.7164],[17.6829,47.7189]]]}},{"type":"Feature","properties":{"landuse":"orchard"},"geometry":{"type":"Polygon","coordinates":[[[16.619,47.2033],[16.6227,47.204],[16.6187,47.2048],[16.619,47.2033]]]}},{"type":"Feature","properties":{"landuse":"farmland"},"geometry":{"type":"Polygon","coordinates":[[[16.4185,46.8296],[16.4245,46.8335],[16.4206,46.8332],[16.4185,46.8296]]]}},{"type":"Feature","properties":{"landuse":"farmland"},"geometry":{"type":"Polygon","coordinates":[[[16.5804,46.8494],[16.5792,46.849],[16.5803,46.8479],[16.5804,46.8494]]]}},{"type":"Feature","properties":{"landuse":"farmland"},"geometry":{"type":"Polygon","coordinates":[[[16.5666,46.8881],[16.5607,46.8886],[16.5543,46.8802],[16.5672,46.8798],[16.5618,46.8848],[16.5666,46.8881]]]}},{"type":"Feature","properties":{"landuse":"farmland"},"geometry":{"type":"Polygon","coordinates":[[[16.5892,46.8542],[16.5798,46.8512],[16.5838,46.8525],[16.588,46.8494],[16.5892,46.8542]]]}},{"type":"Feature","properties":{"landuse":"farmland"},"geometry":{"type":"Polygon","coordinates":[[[16.5802,46.843],[16.5837,46.8429],[16.5808,46.8445],[16.5802,46.843]]]}},{"type":"Feature","properties":{"landuse":"farmland"},"geometry":{"type":"Polygon","coordinates":[[[16.5944,46.8456],[16.6002,46.8469],[16.5942,46.8467],[16.5944,46.8456]]]}},{"type":"Feature","properties":{"landuse":"farmland"},"geometry":{"type":"Polygon","coordinates":[[[16.6012,46.8436],[16.5888,46.845],[16.5939,46.8425],[16.6012,46.8436]]]}},{"type":"Feature","properties":{"landuse":"farmland"},"geometry":{"type":"Polygon","coordinates":[[[16.5888,46.8436],[16.5861,46.8437],[16.5954,46.8418],[16.5888,46.8436]]]}},{"type":"Feature","properties":{"landuse":"farmland"},"geometry":{"type":"Polygon","coordinates":[[[16.6105,46.8432],[16.5958,46.8421],[16.6126,46.8412],[16.6105,46.8432]],[[16.6036,46.8426],[16.6036,46.8421],[16.603,46.8421],[16.6036,46.8426]],[[16.6039,46.8417],[16.6043,46.841],[16.6038,46.841],[16.6039,46.8417]],[[16.6045,46.8426],[16.6057,46.8425],[16.6047,46.8419],[16.6045,46.8426]]]}},{"type":"Feature","properties":{"landuse":"farmland"},"geometry":{"type":"Polygon","coordinates":[[[16.5659,46.7565],[16.567,46.7557],[16.5671,46.757],[16.5659,46.7565]]]}},{"type":"Feature","properties":{"landuse":"farmland"},"geometry":{"type":"Polygon","coordinates":[[[16.5639,46.7455],[16.5699,46.7453],[16.5671,46.747],[16.5727,46.7511],[16.5639,46.7455]]]}},{"type":"Feature","properties":{"landuse":"farmland"},"geometry":{"type":"Polygon","coordinates":[[[16.5652,46.7616],[16.5635,46.7569],[16.566,46.7573],[16.5652,46.7616]]]}},{"type":"Feature","properties":{"landuse":"farmland"},"geometry":{"type":"Polygon","coordinates":[[[16.5729,46.7586],[16.5729,46.7577],[16.5746,46.7582],[16.5729,46.7586]]]}},{"type":"Feature","properties":{"landuse":"vineyard"},"geometry":{"type":"Polygon","coordinates":[[[17.0066,47.2435],[17.009,47.2392],[17.0127,47.24],[17.0101,47.2442],[17.0066,47.2435]]]}},{"type":"Feature","properties":{"landuse":"farmland"},"geometry":{"type":"Polygon","coordinates":[[[16.3454,46.7291],[16.3353,46.726],[16.3386,46.726],[16.3368,46.7239],[16.3397,46.7245],[16.339,46.722],[16.3459,46.7244],[16.3454,46.7291]],[[16.3465,46.7262],[16.3451,46.7257],[16.345,46.7257],[16.3465,46.7262]],[[16.3449,46.7245],[16.3444,46.7242],[16.3443,46.7243],[16.3449,46.7245]],[[16.345,46.7284],[16.3446,46.7282],[16.3446,46.7282],[16.345,46.7284]],[[16.3406,46.7278],[16.3408,46.7276],[16.3381,46.7267],[16.3406,46.7278]]]}},{"type":"Feature","properties":{"landuse":"farmland"},"geometry":{"type":"Polygon","coordinates":[[[16.3285,46.7494],[16.3222,46.7448],[16.3249,46.7436],[16.3285,46.7494]],[[16.3275,46.7467],[16.3277,46.7467],[16.3249,46.744],[16.3275,46.7467]],[[16.3257,46.7455],[16.3259,46.7454],[16.3246,46.7442],[16.3257,46.7455]]]}},{"type":"Feature","properties":{"landuse":"farmland"},"geometry":{"type":"MultiPolygon","coordinates":[[[[17.5682,47.6411],[17.5728,47.6406],[17.5742,47.6429],[17.5682,47.6411]]],[[[17.5755,47.6436],[17.5799,47.6412],[17.5753,47.6432],[17.5683,47.6379],[17.5877,47.6412],[17.5948,47.6456],[17.5755,47.6436]]]]}},{"type":"Feature","properties":{"landuse":"farmland"},"geometry":{"type":"MultiPolygon","coordinates":[[[[16.4518,47.3057],[16.4547,47.3001],[16.4461,47.2994],[16.4481,47.2983],[16.4438,47.2861],[16.4488,47.2814],[16.4432,47.2806],[16.4427,47.2738],[16.468,47.2846],[16.4792,47.2777],[16.489,47.2802],[16.4827,47.2901],[16.4757,47.2949],[16.4782,47.2961],[16.475,47.2991],[16.4806,47.2929],[16.4817,47.2977],[16.4702,47.3168],[16.4537,47.309],[16.4608,47.3077],[16.4518,47.3057]],[[16.467,47.3096],[16.4638,47.3074],[16.4634,47.3077],[16.467,47.3096]],[[16.451,47.2914],[16.4545,47.2924],[16.4525,47.2912],[16.451,47.2914]],[[16.4441,47.2903],[16.4482,47.2879],[16.4439,47.2879],[16.4441,47.2903]],[[16.4439,47.2864],[16.4538,47.2864],[16.4439,47.2862],[16.4439,47.2864]],[[16.4632,47.3085],[16.4604,47.3091],[16.4641,47.311],[16.4632,47.3085]],[[16.4683,47.3161],[16.4731,47.3111],[16.4676,47.3094],[16.467,47.3121],[16.473,47.3111],[16.4683,47.3161]],[[16.4513,47.2977],[16.4509,47.2974],[16.4478,47.2966],[16.4513,47.2977]],[[16.4525,47.2983],[16.4526,47.2978],[16.4516,47.2981],[16.4525,47.2983]],[[16.4567,47.2969],[16.4601,47.2978],[16.4568,47.2968],[16.4567,47.2969]],[[16.4567,47.2969],[16.4564,47.2973],[16.4601,47.2978],[16.4567,47.2969]],[[16.4675,47.2946],[16.4695,47.2948],[16.4684,47.2942],[16.4675,47.2946]]],[[[16.4524,47.2982],[16.4517,47.298],[16.4524,47.2978],[16.4524,47.2982]]]]}},{"type":"Feature","properties":{"landuse":"farmland"},"geometry":{"type":"Polygon","coordinates":[[[16.4428,47.2944],[16.4328,47.2964],[16.4349,47.2991],[16.4319,47.302],[16.4205,47.2959],[16.41,47.2946],[16.4143,47.2763],[16.4423,47.277],[16.4431,47.2813],[16.4389,47.2809],[16.4391,47.2849],[16.4435,47.2849],[16.4439,47.2921],[16.4388,47.2925],[16.4428,47.2944]],[[16.4134,47.2884],[16.4157,47.2889],[16.4183,47.289],[16.4134,47.2884]],[[16.4148,47.2864],[16.4175,47.2865],[16.4174,47.2861],[16.4148,47.2864]],[[16.4231,47.2925],[16.4223,47.2894],[16.4222,47.2898],[16.4231,47.2925]],[[16.4186,47.2884],[16.4216,47.2876],[16.4178,47.287],[16.4204,47.2926],[16.4186,47.2884]],[[16.4203,47.2869],[16.4208,47.2869],[16.4206,47.2856],[16.4203,47.2869]],[[16.4181,47.2869],[16.4191,47.2842],[16.4174,47.282],[16.4178,47.2869],[16.416,47.2812],[16.4181,47.2869]],[[16.4285,47.2861],[16.4297,47.2851],[16.4291,47.2835],[16.4285,47.2861]],[[16.4297,47.2925],[16.4292,47.2877],[16.4255,47.2874],[16.4289,47.2876],[16.4297,47.2925]],[[16.4247,47.2967],[16.4233,47.2926],[16.4246,47.2968],[16.4247,47.2967]],[[16.4267,47.3003],[16.4248,47.2968],[16.426,47.3],[16.4267,47.3003]],[[16.4344,47.2921],[16.4379,47.2921],[16.4345,47.292],[16.4344,47.2921]],[[16.4224,47.2892],[16.4227,47.2888],[16.4219,47.2878],[16.4224,47.2892]],[[16.4218,47.2876],[16.4222,47.2882],[16.4221,47.2876],[16.4218,47.2876]],[[16.4231,47.298],[16.4236,47.2969],[16.4233,47.2966],[16.4231,47.298]],[[16.4232,47.2982],[16.4237,47.2968],[16.4234,47.2965],[16.4232,47.2982]],[[16.4229,47.2958],[16.4228,47.2956],[16.4227,47.2956],[16.4229,47.2958]],[[16.4216,47.2939],[16.4218,47.2937],[16.4217,47.2937],[16.4215,47.2939],[16.4216,47.2939]],[[16.4226,47.2956],[16.4229,47.296],[16.4231,47.2957],[16.4226,47.2956]],[[16.4224,47.2952],[16.4225,47.2951],[16.4222,47.2949],[16.4224,47.2952]],[[16.4223,47.2951],[16.4221,47.2949],[16.4221,47.2949],[16.4223,47.2951]],[[16.4217,47.294],[16.4219,47.2939],[16.4217,47.2938],[16.4217,47.294]],[[16.4217,47.294],[16.4217,47.2941],[16.4219,47.294],[16.4219,47.294],[16.4217,47.294]],[[16.4317,47.2948],[16.4317,47.2949],[16.4355,47.2949],[16.4317,47.2948]],[[16.4256,47.2771],[16.4273,47.2771],[16.4273,47.2768],[16.4256,47.2768],[16.4256,47.2771]],[[16.4157,47.281],[16.4159,47.281],[16.4156,47.2807],[16.4157,47.281]],[[16.4388,47.2808],[16.4388,47.2807],[16.4346,47.2807],[16.4388,47.2808]],[[16.4299,47.2838],[16.4343,47.2838],[16.4297,47.2837],[16.4299,47.2838]],[[16.4274,47.2808],[16.4284,47.2808],[16.4284,47.2808],[16.4274,47.2808],[16.4274,47.2808]],[[16.4236,47.2809],[16.4254,47.2808],[16.4236,47.2808],[16.4236,47.2809]],[[16.421,47.281],[16.4229,47.2809],[16.421,47.2809],[16.421,47.281]],[[16.4203,47.281],[16.4208,47.281],[16.4203,47.281],[16.4203,47.281]],[[16.4208,47.2817],[16.4208,47.2811],[16.4204,47.2811],[16.4208,47.2817]]]}},{"type":"Feature","properties":{"landuse":"farmland"},"geometry":{"type":"Polygon","coordinates":[[[16.6676,47.4722],[16.6704,47.4742],[16.6668,47.4807],[16.6511,47.4876],[16.6213,47.4789],[16.6359,47.4651],[16.6399,47.4657],[16.6388,47.4689],[16.6502,47.4658],[16.6502,47.4682],[16.6676,47.4722]],[[16.653,47.4848],[16.655,47.4793],[16.6529,47.4836],[16.653,47.4848]],[[16.6535,47.4847],[16.6538,47.4843],[16.6536,47.4843],[16.6535,47.4847]],[[16.6448,47.4821],[16.6418,47.4863],[16.6438,47.4846],[16.6448,47.4821]],[[16.6568,47.4799],[16.6569,47.4797],[16.6506,47.4778],[16.6568,47.4799]],[[16.6484,47.4773],[16.6504,47.4778],[16.6497,47.4776],[16.6484,47.4773]],[[16.6449,47.4819],[16.6467,47.4785],[16.6462,47.4768],[16.6449,47.4819]],[[16.6462,47.4767],[16.6481,47.4772],[16.6481,47.4772],[16.6462,47.4767]],[[16.6334,47.4807],[16.6361,47.4742],[16.6339,47.4767],[16.6334,47.4807]],[[16.657,47.48],[16.6609,47.4814],[16.659,47.4806],[16.657,47.48]],[[16.6611,47.4815],[16.6629,47.4823],[16.6619,47.4817],[16.6611,47.4815]],[[16.6521,47.4719],[16.6546,47.4709],[16.6527,47.4705],[16.6521,47.4719]],[[16.6457,47.474],[16.6462,47.4741],[16.6463,47.4737],[16.6457,47.474]],[[16.6457,47.4734],[16.6465,47.4722],[16.6454,47.4721],[16.6457,47.4734]],[[16.6454,47.4733],[16.6455,47.4733],[16.6455,47.473],[16.6454,47.4733]],[[16.6455,47.4728],[16.6459,47.4725],[16.6457,47.4724],[16.6455,47.4728]],[[16.6459,47.4736],[16.646,47.4764],[16.6485,47.4682],[16.6459,47.4736]],[[16.6456,47.4741],[16.6452,47.4738],[16.6452,47.474],[16.6456,47.4741]],[[16.6453,47.4738],[16.6458,47.4736],[16.6454,47.4735],[16.6453,47.4738]],[[16.6339,47.4677],[16.6346,47.4679],[16.6359,47.4651],[16.6339,47.4677]],[[16.6324,47.4685],[16.6341,47.4689],[16.6331,47.4674],[16.6324,47.4685]],[[16.6388,47.469],[16.6422,47.4697],[16.6422,47.4696],[16.6388,47.469]],[[16.6399,47.4658],[16.638,47.4699],[16.6392,47.4678],[16.6399,47.4658]],[[16.6361,47.474],[16.6362,47.474],[16.6381,47.47],[16.6379,47.47],[16.6361,47.474]],[[16.632,47.4764],[16.6309,47.4756],[16.6304,47.4761],[16.632,47.4764]]]}},{"type":"Feature","properties":{"landuse":"green_public_spaces"},"geometry":{"type":"Polygon","coordinates":[[[17.2446,47.4354],[17.2448,47.4375],[17.242,47.4367],[17.2446,47.4354]]]}},{"type":"Feature","properties":{"landuse":"farmland"},"geometry":{"type":"Polygon","coordinates":[[[16.9189,47.2726],[16.9253,47.2655],[16.9341,47.2681],[16.9331,47.2724],[16.928,47.2746],[16.9189,47.2726]],[[16.9286,47.2688],[16.9293,47.269],[16.9293,47.2689],[16.9286,47.2688]],[[16.9288,47.2693],[16.9293,47.2694],[16.9293,47.2693],[16.9288,47.2693]],[[16.9269,47.269],[16.9272,47.2689],[16.9268,47.2688],[16.9269,47.269]],[[16.9263,47.2696],[16.9269,47.269],[16.9267,47.2689],[16.9263,47.2696]]]}},{"type":"Feature","properties":{"landuse":"farmland"},"geometry":{"type":"MultiPolygon","coordinates":[[[[16.956,47.2529],[16.9589,47.2529],[16.9567,47.2535],[16.956,47.2529]]],[[[16.9592,47.2453],[16.9637,47.2465],[16.9675,47.254],[16.9655,47.2555],[16.9597,47.2515],[16.9592,47.2453]]],[[[16.9533,47.2516],[16.9592,47.2513],[16.9558,47.2528],[16.9533,47.2516]]]]}},{"type":"Feature","properties":{"landuse":"farmland"},"geometry":{"type":"Polygon","coordinates":[[[17.2598,47.6026],[17.2546,47.6035],[17.2519,47.5997],[17.2595,47.5976],[17.2598,47.6026]],[[17.2545,47.6027],[17.2545,47.6025],[17.254,47.6027],[17.2545,47.6027]]]}},{"type":"Feature","properties":{"landuse":"vineyard"},"geometry":{"type":"Polygon","coordinates":[[[16.8994,47.045],[16.9055,47.0445],[16.9047,47.0531],[16.897,47.0562],[16.8952,47.0499],[16.8983,47.0499],[16.896,47.0495],[16.8994,47.045]]]}},{"type":"Feature","properties":{"landuse":"farmland"},"geometry":{"type":"MultiPolygon","coordinates":[[[[16.9558,47.2612],[16.9497,47.262],[16.9543,47.2605],[16.9558,47.2612]]],[[[16.9512,47.2624],[16.9558,47.2619],[16.9514,47.2643],[16.9512,47.2624]]],[[[16.9531,47.2675],[16.9514,47.2647],[16.9594,47.2643],[16.9531,47.2675]]]]}},{"type":"Feature","properties":{"landuse":"farmland"},"geometry":{"type":"MultiPolygon","coordinates":[[[[16.946,47.261],[16.9465,47.2612],[16.9461,47.2615],[16.946,47.261]]],[[[16.9428,47.2617],[16.9435,47.2608],[16.9458,47.261],[16.9428,47.2617]]],[[[16.9493,47.2598],[16.9483,47.2595],[16.9493,47.2585],[16.9493,47.2598]]],[[[16.9429,47.2633],[16.9505,47.2644],[16.9449,47.2664],[16.9429,47.2633]]],[[[16.9495,47.2622],[16.9465,47.2623],[16.9499,47.26],[16.9495,47.2622]]]]}},{"type":"Feature","properties":{"landuse":"farmland"},"geometry":{"type":"MultiPolygon","coordinates":[[[[16.9434,47.2657],[16.9425,47.2636],[16.9444,47.2664],[16.9434,47.2657]]],[[[16.9409,47.2681],[16.9435,47.2672],[16.9442,47.2713],[16.9409,47.2681]]],[[[16.9392,47.2635],[16.9417,47.2622],[16.9433,47.2668],[16.9408,47.2677],[16.9392,47.2635]]]]}},{"type":"Feature","properties":{"landuse":"farmland"},"geometry":{"type":"MultiPolygon","coordinates":[[[[16.9396,47.2742],[16.9388,47.271],[16.9419,47.2712],[16.9396,47.2742]],[[16.9396,47.2722],[16.9398,47.2723],[16.9398,47.2721],[16.9396,47.2722]]],[[[16.9417,47.2703],[16.9389,47.2706],[16.9409,47.2681],[16.9417,47.2703]]],[[[16.9366,47.2666],[16.9384,47.2636],[16.9408,47.2677],[16.9366,47.2666]]],[[[16.9373,47.2634],[16.9365,47.266],[16.9329,47.2612],[16.9373,47.2634]]]]}},{"type":"Feature","properties":{"landuse":"farmland"},"geometry":{"type":"Polygon","coordinates":[[[16.9355,47.2679],[16.934,47.2696],[16.933,47.2692],[16.9355,47.2679]],[[16.9338,47.2694],[16.9339,47.2695],[16.9339,47.2693],[16.9338,47.2694]],[[16.9342,47.269],[16.9346,47.2685],[16.9345,47.2685],[16.9342,47.269]]]}},{"type":"Feature","properties":{"landuse":"farmland"},"geometry":{"type":"Polygon","coordinates":[[[16.9301,47.2643],[16.9305,47.2608],[16.9358,47.2649],[16.9301,47.2643]],[[16.9302,47.2643],[16.9311,47.2641],[16.9303,47.2639],[16.9302,47.2643]]]}},{"type":"Feature","properties":{"landuse":"farmland"},"geometry":{"type":"Polygon","coordinates":[[[16.9272,47.2628],[16.9298,47.2632],[16.9258,47.2638],[16.9272,47.2628]],[[16.9279,47.2635],[16.9284,47.2637],[16.9283,47.2635],[16.9279,47.2635]]]}},{"type":"Feature","properties":{"landuse":"farmland"},"geometry":{"type":"Polygon","coordinates":[[[16.944,47.2671],[16.9478,47.2728],[16.9447,47.2718],[16.944,47.2671]]]}},{"type":"Feature","properties":{"landuse":"farmland"},"geometry":{"type":"Polygon","coordinates":[[[16.7499,46.6354],[16.7544,46.6364],[16.748,46.6356],[16.7499,46.6354]]]}},{"type":"Feature","properties":{"landuse":"farmland"},"geometry":{"type":"Polygon","coordinates":[[[16.7804,46.6348],[16.7792,46.6388],[16.7761,46.6346],[16.7804,46.6348]]]}},{"type":"Feature","properties":{"landuse":"farmland"},"geometry":{"type":"Polygon","coordinates":[[[16.5459,46.5448],[16.5513,46.5452],[16.5451,46.5453],[16.5459,46.5448]]]}},{"type":"Feature","properties":{"landuse":"farmland"},"geometry":{"type":"Polygon","coordinates":[[[16.545,46.5456],[16.5508,46.5456],[16.5499,46.5467],[16.545,46.5456]]]}},{"type":"Feature","properties":{"landuse":"farmland"},"geometry":{"type":"Polygon","coordinates":[[[16.5473,46.5332],[16.5463,46.5334],[16.5456,46.5311],[16.5473,46.5332]]]}},{"type":"Feature","properties":{"landuse":"farmland"},"geometry":{"type":"MultiPolygon","coordinates":[[[[16.5605,46.5641],[16.5578,46.5644],[16.5588,46.563],[16.5605,46.5641]]],[[[16.5534,46.561],[16.5545,46.5628],[16.5523,46.5644],[16.5534,46.561]]]]}},{"type":"Feature","properties":{"landuse":"farmland"},"geometry":{"type":"Polygon","coordinates":[[[16.567,46.5503],[16.5572,46.5502],[16.5565,46.5455],[16.5496,46.5507],[16.5458,46.5471],[16.5515,46.5452],[16.5456,46.5441],[16.5534,46.5443],[16.5459,46.5423],[16.555,46.5441],[16.5633,46.5402],[16.5602,46.5466],[16.5627,46.5488],[16.5677,46.547],[16.567,46.5503]]]}},{"type":"Feature","properties":{"landuse":"green_public_spaces"},"geometry":{"type":"Polygon","coordinates":[[[16.5786,47.6815],[16.5717,47.6804],[16.5748,47.6776],[16.5786,47.6815]],[[16.5742,47.6808],[16.5744,47.681],[16.5746,47.681],[16.5745,47.6808],[16.5742,47.6808]],[[16.5761,47.6817],[16.5765,47.6814],[16.5761,47.6814],[16.5761,47.6817]],[[16.5776,47.6809],[16.578,47.6812],[16.5778,47.6808],[16.5776,47.6809]],[[16.5762,47.681],[16.5763,47.6806],[16.5761,47.6806],[16.5762,47.681]],[[16.5768,47.68],[16.577,47.6808],[16.5775,47.6807],[16.5768,47.68]],[[16.5769,47.6793],[16.5773,47.6796],[16.5771,47.6792],[16.5769,47.6793]],[[16.5763,47.6798],[16.5762,47.6796],[16.5758,47.6797],[16.5758,47.6799],[16.5763,47.6798]],[[16.5751,47.68],[16.5757,47.68],[16.5756,47.6798],[16.5751,47.68]],[[16.5747,47.68],[16.5754,47.6796],[16.5746,47.6799],[16.5747,47.68]],[[16.5749,47.6797],[16.5753,47.6795],[16.5748,47.6796],[16.5749,47.6797]],[[16.5761,47.6792],[16.5763,47.6786],[16.5756,47.6788],[16.5761,47.6792]]]}},{"type":"Feature","properties":{"landuse":"farmland"},"geometry":{"type":"Polygon","coordinates":[[[16.9429,47.2633],[16.9426,47.2621],[16.9492,47.263],[16.9429,47.2633]]]}},{"type":"Feature","properties":{"landuse":"farmland"},"geometry":{"type":"Polygon","coordinates":[[[16.5949,46.7631],[16.5943,46.7662],[16.5806,46.7641],[16.5743,46.7588],[16.5824,46.7537],[16.5858,46.7584],[16.5842,46.7639],[16.5949,46.7631]],[[16.592,46.7632],[16.5914,46.7632],[16.5914,46.7639],[16.592,46.7632]]]}},{"type":"Feature","properties":{"landuse":"green_public_spaces"},"geometry":{"type":"Polygon","coordinates":[[[16.6566,47.2067],[16.6578,47.2068],[16.6567,47.2083],[16.6566,47.2067]]]}},{"type":"Feature","properties":{"landuse":"farmland"},"geometry":{"type":"Polygon","coordinates":[[[16.5925,47.0037],[16.5904,47.0014],[16.5923,47.0018],[16.5925,47.0037]]]}},{"type":"Feature","properties":{"landuse":"farmland"},"geometry":{"type":"Polygon","coordinates":[[[16.6042,47.0012],[16.6077,47.0018],[16.6043,47.0027],[16.6042,47.0012]]]}},{"type":"Feature","properties":{"landuse":"farmland"},"geometry":{"type":"Polygon","coordinates":[[[16.6827,46.948],[16.6845,46.9512],[16.6818,46.9505],[16.6827,46.948]]]}},{"type":"Feature","properties":{"landuse":"farmland"},"geometry":{"type":"Polygon","coordinates":[[[16.6629,46.9329],[16.6678,46.9354],[16.6632,46.9357],[16.665,46.9388],[16.6601,46.938],[16.6629,46.9329]]]}},{"type":"Feature","properties":{"landuse":"farmland"},"geometry":{"type":"Polygon","coordinates":[[[16.6428,46.9961],[16.647,46.9964],[16.6467,46.9983],[16.6428,46.9961]]]}},{"type":"Feature","properties":{"landuse":"farmland"},"geometry":{"type":"Polygon","coordinates":[[[16.5469,46.8842],[16.5416,46.8824],[16.5423,46.8814],[16.5469,46.8842]]]}},{"type":"Feature","properties":{"landuse":"farmland"},"geometry":{"type":"Polygon","coordinates":[[[16.4873,46.9406],[16.4836,46.9408],[16.4836,46.9357],[16.4877,46.9377],[16.4873,46.9406]]]}},{"type":"Feature","properties":{"landuse":"green_public_spaces"},"geometry":{"type":"Polygon","coordinates":[[[16.6071,47.0096],[16.6092,47.0088],[16.6085,47.0102],[16.6071,47.0096]]]}},{"type":"Feature","properties":{"landuse":"farmland"},"geometry":{"type":"Polygon","coordinates":[[[16.6552,47.0227],[16.6513,47.0276],[16.644,47.0244],[16.6487,47.021],[16.6552,47.0227]],[[16.6488,47.0256],[16.6487,47.0241],[16.6475,47.025],[16.6488,47.0256]],[[16.6511,47.0242],[16.6511,47.0242],[16.651,47.0242],[16.6511,47.0242]],[[16.6506,47.024],[16.6506,47.0239],[16.6497,47.0237],[16.6506,47.024]],[[16.6502,47.0237],[16.6497,47.0234],[16.6497,47.0235],[16.6502,47.0237]],[[16.6505,47.0223],[16.6502,47.022],[16.6501,47.0222],[16.6505,47.0223]]]}},{"type":"Feature","properties":{"landuse":"farmland"},"geometry":{"type":"Polygon","coordinates":[[[16.6395,47.0155],[16.6427,47.0144],[16.6461,47.0178],[16.6416,47.0219],[16.632,47.02],[16.6395,47.0155]],[[16.6415,47.0185],[16.6415,47.0183],[16.641,47.0184],[16.6415,47.0185]]]}},{"type":"Feature","properties":{"landuse":"farmland"},"geometry":{"type":"Polygon","coordinates":[[[16.6365,47.0149],[16.6312,47.0197],[16.6229,47.0168],[16.6278,47.0105],[16.6365,47.0149]]]}},{"type":"Feature","properties":{"landuse":"farmland"},"geometry":{"type":"MultiPolygon","coordinates":[[[[16.5686,46.8478],[16.5666,46.8482],[16.5656,46.8458],[16.5686,46.8478]]],[[[16.5615,46.8492],[16.5649,46.846],[16.5661,46.8484],[16.5643,46.8598],[16.5604,46.8606],[16.5646,46.8668],[16.5579,46.8668],[16.5625,46.8726],[16.5556,46.8767],[16.5504,46.8664],[16.5576,46.8644],[16.5525,46.8637],[16.5551,46.8631],[16.5548,46.8584],[16.5582,46.857],[16.5596,46.8598],[16.5582,46.8566],[16.5633,46.8541],[16.5576,46.8545],[16.5619,46.8535],[16.5615,46.8492]]]]}},{"type":"Feature","properties":{"landuse":"farmland"},"geometry":{"type":"Polygon","coordinates":[[[16.5486,46.8465],[16.5466,46.8447],[16.5489,46.8431],[16.551,46.847],[16.5486,46.8465]]]}},{"type":"Feature","properties":{"landuse":"farmland"},"geometry":{"type":"Polygon","coordinates":[[[16.5536,46.8495],[16.5511,46.8438],[16.5539,46.8462],[16.5536,46.8495]],[[16.552,46.8458],[16.5526,46.8457],[16.5518,46.8457],[16.552,46.8458]]]}},{"type":"Feature","properties":{"landuse":"farmland"},"geometry":{"type":"Polygon","coordinates":[[[16.5371,46.8555],[16.5396,46.8452],[16.5453,46.8442],[16.5423,46.8498],[16.5465,46.8506],[16.546,46.8528],[16.5371,46.8535],[16.5469,46.8548],[16.545,46.8571],[16.5485,46.8576],[16.5407,46.8586],[16.5413,46.8612],[16.5371,46.8555]],[[16.5415,46.8491],[16.5416,46.8459],[16.5406,46.8481],[16.5415,46.8491]]]}},{"type":"Feature","properties":{"landuse":"farmland"},"geometry":{"type":"Polygon","coordinates":[[[16.5983,47.0233],[16.5955,47.0226],[16.5974,47.019],[16.6,47.02],[16.5983,47.0233]]]}},{"type":"Feature","properties":{"landuse":"farmland"},"geometry":{"type":"Polygon","coordinates":[[[16.593,47.0195],[16.5952,47.0225],[16.5918,47.0218],[16.593,47.0195]]]}},{"type":"Feature","properties":{"landuse":"farmland"},"geometry":{"type":"Polygon","coordinates":[[[16.6052,47.0252],[16.6031,47.026],[16.6038,47.0248],[16.6052,47.0252]],[[16.604,47.0261],[16.6045,47.0252],[16.6044,47.0251],[16.604,47.0261]]]}},{"type":"Feature","properties":{"landuse":"farmland"},"geometry":{"type":"Polygon","coordinates":[[[16.6131,47.0204],[16.6152,47.0219],[16.6123,47.0237],[16.609,47.0199],[16.6131,47.0204]]]}},{"type":"Feature","properties":{"landuse":"farmland"},"geometry":{"type":"Polygon","coordinates":[[[16.613,47.0253],[16.6108,47.0276],[16.6105,47.0249],[16.613,47.0253]]]}},{"type":"Feature","properties":{"landuse":"farmland"},"geometry":{"type":"Polygon","coordinates":[[[16.6138,47.0253],[16.6161,47.0211],[16.6198,47.0223],[16.6175,47.0266],[16.6138,47.0253]]]}},{"type":"Feature","properties":{"landuse":"farmland"},"geometry":{"type":"Polygon","coordinates":[[[16.6211,47.0192],[16.6205,47.0214],[16.6173,47.0196],[16.6211,47.0192]]]}},{"type":"Feature","properties":{"landuse":"farmland"},"geometry":{"type":"Polygon","coordinates":[[[16.6198,47.0108],[16.6206,47.0097],[16.6227,47.0102],[16.6198,47.0108]]]}},{"type":"Feature","properties":{"landuse":"farmland"},"geometry":{"type":"Polygon","coordinates":[[[16.6221,47.0112],[16.625,47.0123],[16.6226,47.0166],[16.6183,47.0151],[16.6176,47.0113],[16.6221,47.0112]],[[16.6226,47.0161],[16.6227,47.016],[16.6225,47.0161],[16.6226,47.0161]]]}},{"type":"Feature","properties":{"landuse":"farmland"},"geometry":{"type":"Polygon","coordinates":[[[16.6167,47.012],[16.6177,47.0149],[16.6158,47.0143],[16.6167,47.012]]]}},{"type":"Feature","properties":{"landuse":"farmland"},"geometry":{"type":"Polygon","coordinates":[[[16.6162,47.0157],[16.6172,47.015],[16.6178,47.0162],[16.6162,47.0157]]]}},{"type":"Feature","properties":{"landuse":"orchard"},"geometry":{"type":"Polygon","coordinates":[[[16.6137,46.9857],[16.6098,46.9862],[16.6135,46.985],[16.6137,46.9857]]]}},{"type":"Feature","properties":{"landuse":"farmland"},"geometry":{"type":"Polygon","coordinates":[[[16.5734,46.7698],[16.5754,46.7645],[16.5686,46.7638],[16.5675,46.7599],[16.5708,46.7581],[16.5804,46.7662],[16.5803,46.7708],[16.5734,46.7698]],[[16.5731,46.7608],[16.5727,46.7605],[16.5706,46.7613],[16.5731,46.7608]],[[16.5779,46.7686],[16.5777,46.7689],[16.5797,46.7689],[16.5779,46.7686]],[[16.5791,46.7657],[16.5777,46.7658],[16.5793,46.7663],[16.5791,46.7657]]]}},{"type":"Feature","properties":{"landuse":"farmland"},"geometry":{"type":"Polygon","coordinates":[[[16.582,46.9906],[16.5677,46.9869],[16.5708,46.9844],[16.5829,46.9894],[16.5877,46.9882],[16.5868,46.9918],[16.582,46.9906]]]}},{"type":"Feature","properties":{"landuse":"farmland"},"geometry":{"type":"Polygon","coordinates":[[[16.5801,46.9858],[16.5859,46.9883],[16.5816,46.9889],[16.5801,46.9858]]]}},{"type":"Feature","properties":{"landuse":"farmland"},"geometry":{"type":"Polygon","coordinates":[[[16.6156,46.9671],[16.6151,46.9696],[16.6135,46.9689],[16.6156,46.9671]]]}},{"type":"Feature","properties":{"landuse":"farmland"},"geometry":{"type":"Polygon","coordinates":[[[16.6266,47.0254],[16.631,47.0204],[16.6395,47.0236],[16.6356,47.0271],[16.6301,47.0268],[16.634,47.0286],[16.6266,47.0254]]]}},{"type":"Feature","properties":{"landuse":"farmland"},"geometry":{"type":"Polygon","coordinates":[[[16.6439,47.0245],[16.6379,47.0274],[16.6424,47.0232],[16.6439,47.0245]]]}},{"type":"Feature","properties":{"landuse":"farmland"},"geometry":{"type":"Polygon","coordinates":[[[16.7462,46.9687],[16.7446,46.966],[16.7502,46.9666],[16.7462,46.9687]]]}},{"type":"Feature","properties":{"landuse":"farmland"},"geometry":{"type":"Polygon","coordinates":[[[16.7728,46.949],[16.777,46.9532],[16.7719,46.9516],[16.7706,46.956],[16.7642,46.9548],[16.7667,46.9534],[16.7643,46.9511],[16.766,46.9476],[16.7728,46.949]]]}},{"type":"Feature","properties":{"landuse":"farmland"},"geometry":{"type":"Polygon","coordinates":[[[16.6908,46.9467],[16.6942,46.9488],[16.6923,46.9536],[16.6871,46.9511],[16.6908,46.9467]]]}},{"type":"Feature","properties":{"landuse":"farmland"},"geometry":{"type":"MultiPolygon","coordinates":[[[[16.6968,46.9462],[16.6927,46.9396],[16.7037,46.94],[16.6992,46.9468],[16.6968,46.9462]],[[16.6965,46.9448],[16.6986,46.945],[16.6969,46.9447],[16.6965,46.9448]]],[[[16.6966,46.9462],[16.6909,46.9464],[16.6902,46.9403],[16.6966,46.9462]]]]}},{"type":"Feature","properties":{"landuse":"farmland"},"geometry":{"type":"Polygon","coordinates":[[[16.68,46.9426],[16.6833,46.9471],[16.6763,46.95],[16.68,46.9426]]]}},{"type":"Feature","properties":{"landuse":"farmland"},"geometry":{"type":"Polygon","coordinates":[[[16.6844,46.9384],[16.6871,46.9407],[16.6829,46.9453],[16.6844,46.9384]]]}},{"type":"Feature","properties":{"landuse":"farmland"},"geometry":{"type":"Polygon","coordinates":[[[16.6883,46.9378],[16.6924,46.9337],[16.7009,46.9349],[16.6991,46.9384],[16.6964,46.9353],[16.6923,46.9366],[16.6965,46.935],[16.6883,46.9378]]]}},{"type":"Feature","properties":{"landuse":"farmland"},"geometry":{"type":"Polygon","coordinates":[[[16.6843,46.9478],[16.6861,46.9469],[16.685,46.9485],[16.6843,46.9478]]]}},{"type":"Feature","properties":{"landuse":"farmland"},"geometry":{"type":"Polygon","coordinates":[[[16.6147,46.9979],[16.6129,46.9985],[16.614,46.9964],[16.6147,46.9979]]]}},{"type":"Feature","properties":{"landuse":"farmland"},"geometry":{"type":"Polygon","coordinates":[[[16.6157,46.9939],[16.6198,46.9917],[16.6186,46.9937],[16.6314,46.9961],[16.6322,46.9991],[16.6153,46.9967],[16.6157,46.9939]],[[16.6262,46.998],[16.6272,46.998],[16.6276,46.9977],[16.6262,46.998]]]}},{"type":"Feature","properties":{"landuse":"farmland"},"geometry":{"type":"MultiPolygon","coordinates":[[[[16.6285,47.0085],[16.6291,47.0074],[16.633,47.0081],[16.6285,47.0085]]],[[[16.6169,47.0074],[16.6163,47.0044],[16.6282,47.0072],[16.6169,47.0074]],[[16.617,47.0049],[16.6174,47.0048],[16.6169,47.0045],[16.617,47.0049]]]]}},{"type":"Feature","properties":{"landuse":"farmland"},"geometry":{"type":"Polygon","coordinates":[[[16.633,47.0081],[16.6159,47.004],[16.6351,47.0065],[16.633,47.0081]],[[16.6195,47.0041],[16.6208,47.003],[16.6196,47.0037],[16.6195,47.0041]],[[16.6209,47.0052],[16.6213,47.0052],[16.6221,47.0037],[16.6216,47.0037],[16.6209,47.0052]],[[16.6294,47.0052],[16.6292,47.0056],[16.6298,47.0053],[16.6294,47.0052]]]}},{"type":"Feature","properties":{"landuse":"farmland"},"geometry":{"type":"MultiPolygon","coordinates":[[[[16.6266,47.0045],[16.6361,47.0046],[16.6351,47.0065],[16.6266,47.0045]]],[[[16.6232,47.0035],[16.6158,47.0017],[16.6167,46.9996],[16.62,47.0027],[16.6244,47.0015],[16.6232,47.0035]]]]}},{"type":"Feature","properties":{"landuse":"farmland"},"geometry":{"type":"Polygon","coordinates":[[[16.6314,47.0008],[16.6206,47.0017],[16.6219,46.9994],[16.6157,46.9993],[16.6153,46.9967],[16.6314,47.0008]]]}},{"type":"Feature","properties":{"landuse":"farmland"},"geometry":{"type":"Polygon","coordinates":[[[16.6148,46.9698],[16.6172,46.9669],[16.6227,46.9679],[16.6248,46.9787],[16.6222,46.9775],[16.6211,46.9836],[16.6104,46.9749],[16.6148,46.9698]],[[16.6195,46.9706],[16.6191,46.9692],[16.6171,46.9727],[16.6195,46.9706]],[[16.6144,46.9749],[16.6142,46.9758],[16.6153,46.9764],[16.6144,46.9749]]]}},{"type":"Feature","properties":{"landuse":"farmland"},"geometry":{"type":"Polygon","coordinates":[[[16.6264,46.9814],[16.634,46.9867],[16.629,46.9874],[16.6286,46.9833],[16.6291,46.9865],[16.6249,46.9841],[16.6284,46.9829],[16.6264,46.9814]]]}},{"type":"Feature","properties":{"landuse":"farmland"},"geometry":{"type":"Polygon","coordinates":[[[16.604,46.959],[16.6031,46.9525],[16.6061,46.9524],[16.6069,46.9588],[16.604,46.959]]]}},{"type":"Feature","properties":{"landuse":"farmland"},"geometry":{"type":"Polygon","coordinates":[[[16.6155,46.96],[16.6084,46.9603],[16.6063,46.9479],[16.6136,46.9476],[16.6155,46.96]]]}},{"type":"Feature","properties":{"landuse":"farmland"},"geometry":{"type":"Polygon","coordinates":[[[16.6093,46.9643],[16.6045,46.9639],[16.6101,46.9602],[16.6114,46.964],[16.6093,46.9643]]]}},{"type":"Feature","properties":{"landuse":"farmland"},"geometry":{"type":"Polygon","coordinates":[[[16.6234,46.9548],[16.6245,46.9619],[16.6207,46.9675],[16.6207,46.9599],[16.6159,46.962],[16.6136,46.9476],[16.6213,46.9491],[16.6226,46.9511],[16.6187,46.9513],[16.6226,46.9513],[16.6234,46.9548]]]}},{"type":"Feature","properties":{"landuse":"farmland"},"geometry":{"type":"Polygon","coordinates":[[[16.6133,46.9836],[16.607,46.9764],[16.6097,46.9761],[16.6155,46.9846],[16.6133,46.9836]]]}},{"type":"Feature","properties":{"landuse":"farmland"},"geometry":{"type":"Polygon","coordinates":[[[16.6482,46.9416],[16.638,46.9341],[16.6488,46.9279],[16.6541,46.9283],[16.6482,46.9416]]]}},{"type":"Feature","properties":{"landuse":"green_public_spaces"},"geometry":{"type":"Polygon","coordinates":[[[17.1556,47.9171],[17.1579,47.9178],[17.1545,47.9204],[17.1556,47.9171]],[[17.1556,47.9192],[17.1572,47.9189],[17.1562,47.9177],[17.1556,47.9192]]]}},{"type":"Feature","properties":{"landuse":"farmland"},"geometry":{"type":"Polygon","coordinates":[[[16.5079,46.9674],[16.5016,46.9691],[16.4934,46.9568],[16.5115,46.9625],[16.5079,46.9674]]]}},{"type":"Feature","properties":{"landuse":"farmland"},"geometry":{"type":"Polygon","coordinates":[[[16.5102,46.9619],[16.4934,46.9568],[16.4926,46.9516],[16.5094,46.9563],[16.5102,46.9619]]]}},{"type":"Feature","properties":{"landuse":"farmland"},"geometry":{"type":"Polygon","coordinates":[[[16.5156,46.9715],[16.5089,46.9671],[16.5109,46.964],[16.5156,46.9715]]]}},{"type":"Feature","properties":{"landuse":"farmland"},"geometry":{"type":"Polygon","coordinates":[[[16.5147,46.9748],[16.5056,46.9733],[16.5094,46.9706],[16.5079,46.9674],[16.5147,46.9748]],[[16.507,46.9725],[16.5082,46.9713],[16.5076,46.9713],[16.507,46.9725]]]}},{"type":"Feature","properties":{"landuse":"green_public_spaces"},"geometry":{"type":"Polygon","coordinates":[[[16.4962,46.9697],[16.4982,46.9698],[16.4973,46.9708],[16.4962,46.9697]]]}},{"type":"Feature","properties":{"landuse":"farmland"},"geometry":{"type":"Polygon","coordinates":[[[16.8242,46.8675],[16.8211,46.8692],[16.8209,46.8674],[16.8242,46.8675]]]}},{"type":"Feature","properties":{"landuse":"farmland"},"geometry":{"type":"Polygon","coordinates":[[[16.5454,46.9474],[16.5402,46.9497],[16.5379,46.9437],[16.5467,46.9426],[16.5454,46.9474]]]}},{"type":"Feature","properties":{"landuse":"farmland"},"geometry":{"type":"Polygon","coordinates":[[[16.4934,46.9568],[16.4948,46.9617],[16.4895,46.9635],[16.4769,46.9596],[16.4811,46.9603],[16.4739,46.9644],[16.4819,46.9527],[16.4773,46.9504],[16.4925,46.9526],[16.4934,46.9568]]]}},{"type":"Feature","properties":{"landuse":"farmland"},"geometry":{"type":"Polygon","coordinates":[[[16.493,46.9487],[16.4922,46.9523],[16.4815,46.9507],[16.4826,46.9474],[16.4812,46.9506],[16.4711,46.9503],[16.4733,46.9439],[16.4793,46.9438],[16.4793,46.9464],[16.4839,46.9477],[16.4915,46.9462],[16.493,46.9487]],[[16.4813,46.9468],[16.4825,46.9468],[16.4827,46.9463],[16.4813,46.9468]]]}},{"type":"Feature","properties":{"landuse":"farmland"},"geometry":{"type":"Polygon","coordinates":[[[16.4955,46.9341],[16.4949,46.9304],[16.4965,46.933],[16.4955,46.9341]]]}},{"type":"Feature","properties":{"landuse":"farmland"},"geometry":{"type":"Polygon","coordinates":[[[16.5003,46.9253],[16.5014,46.9278],[16.4983,46.9282],[16.5014,46.9304],[16.4977,46.9317],[16.4962,46.9251],[16.5003,46.9253]]]}},{"type":"Feature","properties":{"landuse":"farmland"},"geometry":{"type":"Polygon","coordinates":[[[16.5087,46.9256],[16.5125,46.9321],[16.5007,46.9338],[16.5027,46.9315],[16.5005,46.9255],[16.5087,46.9256]]]}},{"type":"Feature","properties":{"landuse":"farmland"},"geometry":{"type":"Polygon","coordinates":[[[16.5151,46.9462],[16.5122,46.9476],[16.511,46.941],[16.5111,46.9437],[16.5049,46.9406],[16.5106,46.9389],[16.5054,46.9394],[16.5056,46.9349],[16.5029,46.9353],[16.5136,46.9326],[16.5186,46.9495],[16.5151,46.9462]]]}},{"type":"Feature","properties":{"landuse":"farmland"},"geometry":{"type":"Polygon","coordinates":[[[16.5486,46.9489],[16.5487,46.9559],[16.5459,46.9492],[16.5486,46.9489]]]}},{"type":"Feature","properties":{"landuse":"farmland"},"geometry":{"type":"Polygon","coordinates":[[[16.5409,46.9315],[16.5385,46.9316],[16.5404,46.9388],[16.5442,46.9428],[16.5365,46.9434],[16.5352,46.9387],[16.5374,46.9385],[16.5351,46.9385],[16.5303,46.9242],[16.54,46.9236],[16.5409,46.9315]],[[16.5362,46.9325],[16.5371,46.9325],[16.5363,46.9313],[16.5362,46.9325]]]}},{"type":"Feature","properties":{"landuse":"farmland"},"geometry":{"type":"Polygon","coordinates":[[[16.54,46.9497],[16.5373,46.9515],[16.5316,46.9475],[16.5354,46.9499],[16.5323,46.9502],[16.5286,46.9449],[16.5303,46.9508],[16.5272,46.9538],[16.5293,46.9485],[16.5243,46.9425],[16.5362,46.9423],[16.54,46.9497]]]}},{"type":"Feature","properties":{"landuse":"farmland"},"geometry":{"type":"Polygon","coordinates":[[[16.5362,46.9423],[16.5251,46.9423],[16.5235,46.9339],[16.5326,46.9316],[16.5321,46.9372],[16.5362,46.9423]]]}},{"type":"Feature","properties":{"landuse":"farmland"},"geometry":{"type":"Polygon","coordinates":[[[16.5213,46.9298],[16.5203,46.9259],[16.5303,46.9242],[16.5326,46.9316],[16.5213,46.9298]]]}},{"type":"Feature","properties":{"landuse":"green_public_spaces"},"geometry":{"type":"Polygon","coordinates":[[[16.5225,46.9441],[16.5243,46.9425],[16.5255,46.9439],[16.5225,46.9441]]]}},{"type":"Feature","properties":{"landuse":"farmland"},"geometry":{"type":"Polygon","coordinates":[[[16.5225,46.9441],[16.5263,46.9463],[16.5247,46.9517],[16.5237,46.949],[16.5225,46.9519],[16.5225,46.9441]]]}},{"type":"Feature","properties":{"landuse":"farmland"},"geometry":{"type":"Polygon","coordinates":[[[16.5208,46.9412],[16.5223,46.9429],[16.5209,46.9432],[16.5208,46.9412]]]}},{"type":"Feature","properties":{"landuse":"farmland"},"geometry":{"type":"Polygon","coordinates":[[[16.4865,46.964],[16.483,46.9641],[16.4847,46.9622],[16.4865,46.964]]]}},{"type":"Feature","properties":{"landuse":"farmland"},"geometry":{"type":"Polygon","coordinates":[[[16.4896,46.9357],[16.4873,46.9291],[16.493,46.9278],[16.4944,46.9347],[16.4896,46.9357]]]}},{"type":"Feature","properties":{"landuse":"farmland"},"geometry":{"type":"Polygon","coordinates":[[[16.481,46.9324],[16.4842,46.9313],[16.4847,46.9343],[16.481,46.9324]],[[16.4834,46.9338],[16.4837,46.9331],[16.4833,46.9332],[16.4834,46.9338]]]}},{"type":"Feature","properties":{"landuse":"farmland"},"geometry":{"type":"Polygon","coordinates":[[[16.6566,47.0202],[16.656,47.0216],[16.6545,47.0205],[16.6566,47.0202]]]}},{"type":"Feature","properties":{"landuse":"farmland"},"geometry":{"type":"Polygon","coordinates":[[[16.8675,47.1014],[16.8708,47.1041],[16.8703,47.1091],[16.862,47.1127],[16.8674,47.1178],[16.8638,47.1205],[16.8466,47.1099],[16.8465,47.1072],[16.8548,47.1033],[16.8604,47.1052],[16.8606,47.0965],[16.865,47.0945],[16.8675,47.1014]]]}},{"type":"Feature","properties":{"landuse":"farmland"},"geometry":{"type":"Polygon","coordinates":[[[16.8611,47.1258],[16.8666,47.1274],[16.8604,47.1247],[16.8611,47.1226],[16.8642,47.1246],[16.8595,47.1212],[16.8561,47.1273],[16.8488,47.1261],[16.8575,47.1223],[16.8553,47.1204],[16.8571,47.1175],[16.8723,47.1247],[16.8763,47.1304],[16.8715,47.1352],[16.8669,47.134],[16.8691,47.1362],[16.8644,47.1384],[16.8648,47.1334],[16.8582,47.1338],[16.8611,47.1258]]]}},{"type":"Feature","properties":{"landuse":"farmland"},"geometry":{"type":"Polygon","coordinates":[[[16.9108,47.1749],[16.9159,47.1777],[16.9118,47.1794],[16.9183,47.2045],[16.8972,47.2035],[16.9009,47.1981],[16.8951,47.1978],[16.8952,47.1907],[16.8997,47.1932],[16.8927,47.1867],[16.904,47.1895],[16.9026,47.1838],[16.9099,47.18],[16.9108,47.1749]]]}},{"type":"Feature","properties":{"landuse":"farmland"},"geometry":{"type":"Polygon","coordinates":[[[16.8795,47.1559],[16.8785,47.1536],[16.8829,47.1509],[16.8869,47.1592],[16.8795,47.1559]]]}},{"type":"Feature","properties":{"landuse":"farmland"},"geometry":{"type":"Polygon","coordinates":[[[16.6226,47.029],[16.6249,47.0245],[16.6347,47.0298],[16.6226,47.029]]]}},{"type":"Feature","properties":{"landuse":"farmland"},"geometry":{"type":"Polygon","coordinates":[[[16.6247,47.0245],[16.6223,47.0288],[16.6175,47.0276],[16.6204,47.0221],[16.6247,47.0245]]]}},{"type":"Feature","properties":{"landuse":"farmland"},"geometry":{"type":"Polygon","coordinates":[[[16.6257,47.0246],[16.6233,47.0231],[16.6252,47.0214],[16.6281,47.0225],[16.6257,47.0246]]]}},{"type":"Feature","properties":{"landuse":"farmland"},"geometry":{"type":"Polygon","coordinates":[[[16.6283,47.0224],[16.6215,47.0193],[16.6225,47.0174],[16.6305,47.0204],[16.6283,47.0224]]]}},{"type":"Feature","properties":{"landuse":"farmland"},"geometry":{"type":"Polygon","coordinates":[[[16.8956,47.1999],[16.8949,47.1988],[16.8967,47.201],[16.8956,47.1999]]]}},{"type":"Feature","properties":{"landuse":"farmland"},"geometry":{"type":"Polygon","coordinates":[[[16.6242,47.0445],[16.6217,47.0439],[16.6375,47.0305],[16.6242,47.0445]]]}},{"type":"Feature","properties":{"landuse":"farmland"},"geometry":{"type":"Polygon","coordinates":[[[16.6392,47.032],[16.6369,47.0316],[16.6411,47.0313],[16.6392,47.032]]]}},{"type":"Feature","properties":{"landuse":"farmland"},"geometry":{"type":"Polygon","coordinates":[[[16.646,47.0291],[16.6467,47.0268],[16.6511,47.0279],[16.646,47.0291]]]}},{"type":"Feature","properties":{"landuse":"farmland"},"geometry":{"type":"Polygon","coordinates":[[[16.6483,47.0208],[16.6442,47.0244],[16.6416,47.0224],[16.6457,47.0186],[16.6483,47.0208]]]}},{"type":"Feature","properties":{"landuse":"farmland"},"geometry":{"type":"Polygon","coordinates":[[[16.57,47.0464],[16.5719,47.0462],[16.5728,47.0503],[16.57,47.0464]]]}},{"type":"Feature","properties":{"landuse":"farmland"},"geometry":{"type":"Polygon","coordinates":[[[16.573,47.0503],[16.5724,47.047],[16.5757,47.0466],[16.5765,47.0506],[16.5852,47.0499],[16.5837,47.0545],[16.5739,47.0539],[16.573,47.0503]]]}},{"type":"Feature","properties":{"landuse":"farmland"},"geometry":{"type":"Polygon","coordinates":[[[16.5856,47.0499],[16.5888,47.0479],[16.5871,47.0553],[16.5839,47.0547],[16.5856,47.0499]]]}},{"type":"Feature","properties":{"landuse":"farmland"},"geometry":{"type":"Polygon","coordinates":[[[16.5888,47.0545],[16.589,47.048],[16.5903,47.049],[16.5888,47.0545]]]}},{"type":"Feature","properties":{"landuse":"farmland"},"geometry":{"type":"Polygon","coordinates":[[[16.5892,47.0546],[16.5902,47.05],[16.5948,47.0549],[16.5892,47.0546]]]}},{"type":"Feature","properties":{"landuse":"farmland"},"geometry":{"type":"Polygon","coordinates":[[[16.6047,47.0265],[16.6081,47.0264],[16.6039,47.0344],[16.5949,47.0323],[16.6039,47.0345],[16.602,47.0378],[16.5932,47.0358],[16.599,47.0239],[16.6036,47.0248],[16.5994,47.0329],[16.6047,47.0265]],[[16.5985,47.0301],[16.5986,47.0297],[16.598,47.0299],[16.5985,47.0301]],[[16.6031,47.0254],[16.599,47.0243],[16.599,47.0244],[16.6031,47.0254]]]}},{"type":"Feature","properties":{"landuse":"farmland"},"geometry":{"type":"Polygon","coordinates":[[[16.5959,47.0484],[16.5955,47.0547],[16.5897,47.047],[16.5978,47.0453],[16.5959,47.0484]]]}},{"type":"Feature","properties":{"landuse":"farmland"},"geometry":{"type":"Polygon","coordinates":[[[16.5892,47.0468],[16.5869,47.0472],[16.5879,47.0447],[16.5892,47.0468]]]}},{"type":"Feature","properties":{"landuse":"farmland"},"geometry":{"type":"Polygon","coordinates":[[[16.5999,47.0418],[16.598,47.0452],[16.5893,47.0465],[16.5907,47.0397],[16.5999,47.0418]]]}},{"type":"Feature","properties":{"landuse":"farmland"},"geometry":{"type":"Polygon","coordinates":[[[16.5958,47.0633],[16.5901,47.0668],[16.5872,47.0582],[16.5966,47.058],[16.5966,47.0606],[16.5901,47.0606],[16.5958,47.0633]]]}},{"type":"Feature","properties":{"landuse":"farmland"},"geometry":{"type":"Polygon","coordinates":[[[16.5383,47.057],[16.5417,47.0531],[16.542,47.0576],[16.5383,47.057]]]}},{"type":"Feature","properties":{"landuse":"farmland"},"geometry":{"type":"Polygon","coordinates":[[[16.5519,47.0567],[16.5421,47.0577],[16.542,47.0543],[16.5495,47.0556],[16.5433,47.0526],[16.5487,47.0495],[16.5519,47.0567]]]}},{"type":"Feature","properties":{"landuse":"farmland"},"geometry":{"type":"Polygon","coordinates":[[[16.5419,47.053],[16.5391,47.0528],[16.5398,47.0484],[16.5457,47.0484],[16.5419,47.053]]]}},{"type":"Feature","properties":{"landuse":"farmland"},"geometry":{"type":"Polygon","coordinates":[[[16.5502,47.0485],[16.5457,47.0493],[16.5459,47.0484],[16.5502,47.0485]]]}},{"type":"Feature","properties":{"landuse":"farmland"},"geometry":{"type":"Polygon","coordinates":[[[16.5728,47.0378],[16.5729,47.0347],[16.5752,47.0352],[16.5728,47.0378]]]}},{"type":"Feature","properties":{"landuse":"farmland"},"geometry":{"type":"MultiPolygon","coordinates":[[[[16.5722,47.046],[16.5718,47.0444],[16.5747,47.0458],[16.5722,47.046]]],[[[16.5569,47.0476],[16.5598,47.043],[16.571,47.0411],[16.572,47.046],[16.5569,47.0476]]]]}},{"type":"Feature","properties":{"landuse":"farmland"},"geometry":{"type":"Polygon","coordinates":[[[16.5638,47.0352],[16.5621,47.0392],[16.5707,47.0392],[16.557,47.0451],[16.558,47.0373],[16.5621,47.0365],[16.559,47.0368],[16.5595,47.0343],[16.5638,47.0352]]]}},{"type":"Feature","properties":{"landuse":"farmland"},"geometry":{"type":"Polygon","coordinates":[[[16.5838,47.0441],[16.5797,47.0443],[16.5831,47.0379],[16.5867,47.0387],[16.5838,47.0441]]]}},{"type":"Feature","properties":{"landuse":"farmland"},"geometry":{"type":"Polygon","coordinates":[[[16.584,47.0442],[16.5862,47.04],[16.5897,47.0408],[16.5864,47.0473],[16.584,47.0442]]]}},{"type":"Feature","properties":{"landuse":"farmland"},"geometry":{"type":"Polygon","coordinates":[[[16.5966,47.0244],[16.5982,47.0248],[16.5924,47.0356],[16.5966,47.0244]]]}},{"type":"Feature","properties":{"landuse":"farmland"},"geometry":{"type":"Polygon","coordinates":[[[16.5706,47.0336],[16.5699,47.0389],[16.5662,47.0385],[16.5706,47.0336]]]}},{"type":"Feature","properties":{"landuse":"farmland"},"geometry":{"type":"Polygon","coordinates":[[[16.6522,47.0564],[16.6574,47.058],[16.652,47.0656],[16.6483,47.0625],[16.6522,47.0564]]]}},{"type":"Feature","properties":{"landuse":"farmland"},"geometry":{"type":"Polygon","coordinates":[[[16.6412,47.062],[16.6369,47.0605],[16.6378,47.0591],[16.6412,47.062]]]}},{"type":"Feature","properties":{"landuse":"farmland"},"geometry":{"type":"Polygon","coordinates":[[[16.6408,47.0569],[16.6384,47.0585],[16.6424,47.0602],[16.6379,47.059],[16.6408,47.0569]]]}},{"type":"Feature","properties":{"landuse":"farmland"},"geometry":{"type":"Polygon","coordinates":[[[16.641,47.057],[16.6456,47.0551],[16.6426,47.0601],[16.641,47.057]]]}},{"type":"Feature","properties":{"landuse":"farmland"},"geometry":{"type":"Polygon","coordinates":[[[16.6403,47.0545],[16.6425,47.0546],[16.6427,47.0557],[16.6403,47.0545]]]}},{"type":"Feature","properties":{"landuse":"farmland"},"geometry":{"type":"Polygon","coordinates":[[[16.643,47.0485],[16.6454,47.0492],[16.643,47.0546],[16.6395,47.0542],[16.643,47.0485]]]}},{"type":"Feature","properties":{"landuse":"farmland"},"geometry":{"type":"Polygon","coordinates":[[[16.6553,47.0433],[16.6609,47.0409],[16.6414,47.0624],[16.6553,47.0433]]]}},{"type":"Feature","properties":{"landuse":"farmland"},"geometry":{"type":"Polygon","coordinates":[[[16.6532,47.0287],[16.6525,47.0315],[16.6494,47.0302],[16.6532,47.0287]]]}},{"type":"Feature","properties":{"landuse":"farmland"},"geometry":{"type":"Polygon","coordinates":[[[16.742,46.9607],[16.743,46.9636],[16.7366,46.9618],[16.742,46.9607]]]}},{"type":"Feature","properties":{"landuse":"farmland"},"geometry":{"type":"Polygon","coordinates":[[[16.7391,46.9729],[16.732,46.9699],[16.734,46.9639],[16.7429,46.9639],[16.7437,46.9672],[16.7391,46.9729]]]}},{"type":"Feature","properties":{"landuse":"farmland"},"geometry":{"type":"Polygon","coordinates":[[[16.7344,46.9574],[16.732,46.9699],[16.7285,46.9714],[16.7273,46.9656],[16.7318,46.9547],[16.7344,46.9574]],[[16.7309,46.9649],[16.7315,46.9635],[16.7309,46.9636],[16.7309,46.9649]]]}},{"type":"Feature","properties":{"landuse":"farmland"},"geometry":{"type":"Polygon","coordinates":[[[16.6137,46.9857],[16.6111,46.9883],[16.6098,46.9863],[16.6137,46.9857]]]}},{"type":"Feature","properties":{"landuse":"farmland"},"geometry":{"type":"Polygon","coordinates":[[[16.6063,46.9861],[16.6121,46.9839],[16.6135,46.985],[16.6063,46.9861]]]}},{"type":"Feature","properties":{"landuse":"farmland"},"geometry":{"type":"Polygon","coordinates":[[[17.0458,47.5871],[17.0476,47.5895],[17.0526,47.5826],[17.0991,47.5871],[17.0452,47.5911],[17.0458,47.5871]]]}},{"type":"Feature","properties":{"landuse":"farmland"},"geometry":{"type":"Polygon","coordinates":[[[16.5115,46.951],[16.5124,46.9522],[16.5109,46.9534],[16.5115,46.951]]]}},{"type":"Feature","properties":{"landuse":"farmland"},"geometry":{"type":"Polygon","coordinates":[[[16.5116,46.9507],[16.5208,46.9521],[16.5247,46.9563],[16.5129,46.9601],[16.5116,46.9507]]]}},{"type":"Feature","properties":{"landuse":"farmland"},"geometry":{"type":"Polygon","coordinates":[[[16.5401,46.9695],[16.5361,46.9732],[16.5181,46.9653],[16.5217,46.9638],[16.5401,46.9695]]]}},{"type":"Feature","properties":{"landuse":"farmland"},"geometry":{"type":"Polygon","coordinates":[[[16.5186,46.9667],[16.522,46.968],[16.5186,46.9715],[16.5126,46.9621],[16.5224,46.9675],[16.5186,46.9667]]]}},{"type":"Feature","properties":{"landuse":"farmland"},"geometry":{"type":"Polygon","coordinates":[[[16.5499,46.9677],[16.5456,46.971],[16.5132,46.9617],[16.5252,46.9562],[16.5499,46.9677]]]}},{"type":"Feature","properties":{"landuse":"farmland"},"geometry":{"type":"Polygon","coordinates":[[[16.6596,46.9463],[16.6613,46.9437],[16.6671,46.9448],[16.6675,46.9378],[16.6725,46.9404],[16.6705,46.9451],[16.6745,46.9417],[16.6707,46.9378],[16.6795,46.9367],[16.6773,46.9441],[16.6735,46.9463],[16.675,46.9489],[16.6596,46.9463]]]}},{"type":"Feature","properties":{"landuse":"farmland"},"geometry":{"type":"Polygon","coordinates":[[[16.6704,46.9325],[16.6665,46.9325],[16.6671,46.9266],[16.6717,46.9273],[16.6704,46.9325]]]}},{"type":"Feature","properties":{"landuse":"farmland"},"geometry":{"type":"Polygon","coordinates":[[[16.6701,46.9312],[16.6775,46.9303],[16.6756,46.9326],[16.6701,46.9312]]]}},{"type":"Feature","properties":{"landuse":"farmland"},"geometry":{"type":"Polygon","coordinates":[[[16.6723,46.9279],[16.6783,46.9285],[16.6705,46.93],[16.6723,46.9279]]]}},{"type":"Feature","properties":{"landuse":"farmland"},"geometry":{"type":"Polygon","coordinates":[[[16.6729,46.9258],[16.6799,46.9282],[16.6723,46.9279],[16.6729,46.9258]]]}},{"type":"Feature","properties":{"landuse":"farmland"},"geometry":{"type":"Polygon","coordinates":[[[16.6749,46.92],[16.6784,46.9259],[16.6724,46.9235],[16.6749,46.92]]]}},{"type":"Feature","properties":{"landuse":"farmland"},"geometry":{"type":"Polygon","coordinates":[[[16.6795,46.9367],[16.6694,46.936],[16.6798,46.9311],[16.6818,46.9342],[16.6795,46.9367]],[[16.6742,46.9336],[16.676,46.9338],[16.6751,46.9336],[16.6742,46.9336]]]}},{"type":"Feature","properties":{"landuse":"farmland"},"geometry":{"type":"Polygon","coordinates":[[[16.6342,46.9755],[16.642,46.9722],[16.6454,46.9802],[16.6347,46.9808],[16.637,46.9773],[16.634,46.976],[16.6392,46.9751],[16.6342,46.9755]]]}},{"type":"Feature","properties":{"landuse":"farmland"},"geometry":{"type":"Polygon","coordinates":[[[16.636,46.9848],[16.6384,46.9849],[16.6372,46.987],[16.636,46.9848]]]}},{"type":"Feature","properties":{"landuse":"farmland"},"geometry":{"type":"Polygon","coordinates":[[[16.6439,46.964],[16.6493,46.9629],[16.6448,46.9629],[16.6474,46.9617],[16.6432,46.9601],[16.6484,46.9591],[16.6447,46.9588],[16.6512,46.9583],[16.6476,46.9604],[16.6518,46.9608],[16.6505,46.9725],[16.6439,46.964]]]}},{"type":"Feature","properties":{"landuse":"farmland"},"geometry":{"type":"Polygon","coordinates":[[[16.6287,46.9613],[16.6267,46.9482],[16.6307,46.9492],[16.633,46.9577],[16.6328,46.9619],[16.6287,46.9613]]]}},{"type":"Feature","properties":{"landuse":"farmland"},"geometry":{"type":"Polygon","coordinates":[[[16.6331,46.9587],[16.64,46.9616],[16.6361,46.9626],[16.6391,46.9626],[16.639,46.9671],[16.6322,46.9742],[16.63,46.9732],[16.6337,46.9631],[16.6374,46.9621],[16.633,46.9611],[16.6331,46.9587]]]}},{"type":"Feature","properties":{"landuse":"farmland"},"geometry":{"type":"Polygon","coordinates":[[[16.642,46.9574],[16.6397,46.9576],[16.6435,46.9567],[16.642,46.9574]]]}},{"type":"Feature","properties":{"landuse":"farmland"},"geometry":{"type":"Polygon","coordinates":[[[16.6331,46.9587],[16.6324,46.9525],[16.6383,46.9544],[16.6395,46.9583],[16.6331,46.9587]]]}},{"type":"Feature","properties":{"landuse":"farmland"},"geometry":{"type":"Polygon","coordinates":[[[16.6798,46.9539],[16.6751,46.9543],[16.6757,46.9504],[16.6792,46.9509],[16.6788,46.9538],[16.6795,46.951],[16.6842,46.9533],[16.6798,46.9539]]]}},{"type":"Feature","properties":{"landuse":"farmland"},"geometry":{"type":"Polygon","coordinates":[[[16.6637,46.9603],[16.6575,46.9599],[16.6576,46.9551],[16.6521,46.9597],[16.6506,46.9551],[16.6472,46.9552],[16.6576,46.9464],[16.6577,46.955],[16.6656,46.9548],[16.6665,46.9489],[16.6744,46.9507],[16.6715,46.9502],[16.6707,46.9538],[16.6749,46.9543],[16.6746,46.9607],[16.6637,46.9603]]]}},{"type":"Feature","properties":{"landuse":"farmland"},"geometry":{"type":"Polygon","coordinates":[[[16.6547,46.9474],[16.6495,46.9397],[16.6573,46.9415],[16.6576,46.9464],[16.6547,46.9474]]]}},{"type":"Feature","properties":{"landuse":"farmland"},"geometry":{"type":"Polygon","coordinates":[[[16.6459,46.9547],[16.6395,46.9564],[16.6382,46.9529],[16.6468,46.9483],[16.6471,46.9521],[16.6433,46.9524],[16.6469,46.9523],[16.6459,46.9547]]]}},{"type":"Feature","properties":{"landuse":"farmland"},"geometry":{"type":"Polygon","coordinates":[[[16.7003,46.9232],[16.6946,46.9258],[16.6922,46.9233],[16.6901,46.9257],[16.6858,46.9243],[16.6896,46.9167],[16.6812,46.917],[16.6844,46.9103],[16.6899,46.9081],[16.6936,46.914],[16.7018,46.911],[16.7003,46.9232]],[[16.6994,46.9128],[16.6982,46.9184],[16.6997,46.921],[16.6994,46.9128]]]}},{"type":"Feature","properties":{"landuse":"farmland"},"geometry":{"type":"Polygon","coordinates":[[[16.686,46.9349],[16.6877,46.9328],[16.681,46.9306],[16.6809,46.928],[16.6939,46.9283],[16.688,46.9369],[16.686,46.9349]]]}},{"type":"Feature","properties":{"landuse":"farmland"},"geometry":{"type":"Polygon","coordinates":[[[16.6842,46.9348],[16.6811,46.931],[16.6849,46.9306],[16.6842,46.9348]]]}},{"type":"Feature","properties":{"landuse":"farmland"},"geometry":{"type":"Polygon","coordinates":[[[16.6912,46.932],[16.6968,46.9288],[16.6946,46.9258],[16.7003,46.9232],[16.6991,46.9313],[16.6912,46.932]]]}},{"type":"Feature","properties":{"landuse":"farmland"},"geometry":{"type":"Polygon","coordinates":[[[16.6371,46.9699],[16.6391,46.9673],[16.6415,46.971],[16.6349,46.9726],[16.6371,46.9699]]]}},{"type":"Feature","properties":{"landuse":"farmland"},"geometry":{"type":"Polygon","coordinates":[[[16.6292,46.963],[16.6329,46.9625],[16.6297,46.963],[16.632,46.9632],[16.6313,46.9633],[16.6292,46.963]]]}},{"type":"Feature","properties":{"landuse":"orchard"},"geometry":{"type":"Polygon","coordinates":[[[16.6386,46.9685],[16.6387,46.9699],[16.6371,46.9699],[16.6386,46.9685]]]}},{"type":"Feature","properties":{"landuse":"farmland"},"geometry":{"type":"Polygon","coordinates":[[[16.6249,46.979],[16.6239,46.9826],[16.6239,46.9785],[16.6249,46.979]]]}},{"type":"Feature","properties":{"landuse":"farmland"},"geometry":{"type":"Polygon","coordinates":[[[16.6279,46.9748],[16.6254,46.979],[16.6242,46.9728],[16.6279,46.9748]]]}},{"type":"Feature","properties":{"landuse":"farmland"},"geometry":{"type":"Polygon","coordinates":[[[16.6237,46.9705],[16.6256,46.9715],[16.6246,46.9724],[16.6237,46.9705]]]}},{"type":"Feature","properties":{"landuse":"farmland"},"geometry":{"type":"Polygon","coordinates":[[[16.6365,46.9828],[16.6347,46.9816],[16.6409,46.9818],[16.6397,46.9845],[16.6365,46.9828]]]}},{"type":"Feature","properties":{"landuse":"farmland"},"geometry":{"type":"Polygon","coordinates":[[[16.7456,46.9749],[16.7474,46.9729],[16.747,46.9753],[16.7456,46.9749]]]}},{"type":"Feature","properties":{"landuse":"farmland"},"geometry":{"type":"Polygon","coordinates":[[[16.6831,46.9465],[16.6857,46.9435],[16.6855,46.9468],[16.6831,46.9465]]]}},{"type":"Feature","properties":{"landuse":"farmland"},"geometry":{"type":"Polygon","coordinates":[[[16.8736,46.836],[16.8733,46.8326],[16.8789,46.8274],[16.8769,46.8382],[16.8791,46.8382],[16.8755,46.8404],[16.8736,46.836]]]}},{"type":"Feature","properties":{"landuse":"green_public_spaces"},"geometry":{"type":"MultiPolygon","coordinates":[[[[16.6582,46.9363],[16.6592,46.9375],[16.6574,46.9374],[16.6582,46.9363]]],[[[16.6554,46.9394],[16.657,46.9375],[16.6594,46.9379],[16.6554,46.9394]]]]}},{"type":"Feature","properties":{"landuse":"vineyard"},"geometry":{"type":"Polygon","coordinates":[[[16.6621,46.9438],[16.6599,46.9431],[16.6623,46.9393],[16.6652,46.9426],[16.6621,46.9438]]]}},{"type":"Feature","properties":{"landuse":"farmland"},"geometry":{"type":"Polygon","coordinates":[[[16.6546,46.9117],[16.6574,46.9041],[16.6586,46.9084],[16.6592,46.902],[16.6612,46.9085],[16.6628,46.9043],[16.6685,46.9056],[16.6647,46.91],[16.6674,46.9103],[16.6668,46.9139],[16.6716,46.9107],[16.669,46.9157],[16.6642,46.9155],[16.6648,46.9179],[16.6553,46.9167],[16.6546,46.9117]]]}},{"type":"Feature","properties":{"landuse":"farmland"},"geometry":{"type":"Polygon","coordinates":[[[16.6495,46.9061],[16.6538,46.9084],[16.6549,46.9062],[16.6567,46.911],[16.6503,46.9117],[16.6495,46.9061]]]}},{"type":"Feature","properties":{"landuse":"farmland"},"geometry":{"type":"Polygon","coordinates":[[[16.6478,46.9099],[16.6492,46.9125],[16.6412,46.915],[16.6478,46.9099]]]}},{"type":"Feature","properties":{"landuse":"farmland"},"geometry":{"type":"Polygon","coordinates":[[[16.647,46.9193],[16.6519,46.9227],[16.6487,46.9232],[16.647,46.9193]]]}},{"type":"Feature","properties":{"landuse":"farmland"},"geometry":{"type":"Polygon","coordinates":[[[16.6606,46.9203],[16.6579,46.9234],[16.651,46.9207],[16.6548,46.9174],[16.6547,46.9197],[16.6606,46.9203]]]}},{"type":"Feature","properties":{"landuse":"farmland"},"geometry":{"type":"Polygon","coordinates":[[[16.6468,46.9182],[16.6467,46.9215],[16.645,46.9195],[16.6468,46.9182]]]}},{"type":"Feature","properties":{"landuse":"farmland"},"geometry":{"type":"Polygon","coordinates":[[[16.6447,46.9196],[16.6455,46.9215],[16.6315,46.925],[16.6257,46.9177],[16.6325,46.914],[16.6365,46.9166],[16.6365,46.9207],[16.6447,46.9196]]]}},{"type":"Feature","properties":{"landuse":"green_public_spaces"},"geometry":{"type":"Polygon","coordinates":[[[16.6772,47.4546],[16.68,47.4557],[16.6749,47.4572],[16.6772,47.4546]]]}},{"type":"Feature","properties":{"landuse":"farmland"},"geometry":{"type":"Polygon","coordinates":[[[16.7156,46.4329],[16.7186,46.4297],[16.7169,46.4274],[16.7214,46.4273],[16.7194,46.4329],[16.7156,46.4329]]]}},{"type":"Feature","properties":{"landuse":"farmland"},"geometry":{"type":"Polygon","coordinates":[[[16.7223,46.4272],[16.7173,46.4255],[16.7222,46.4262],[16.7223,46.4272]]]}},{"type":"Feature","properties":{"landuse":"farmland"},"geometry":{"type":"MultiPolygon","coordinates":[[[[17.5898,47.6236],[17.5933,47.6219],[17.5903,47.6252],[17.5898,47.6236]]],[[[17.5837,47.6242],[17.5857,47.6202],[17.5885,47.6208],[17.5837,47.6242]]],[[[17.5861,47.624],[17.5899,47.6263],[17.5883,47.6329],[17.593,47.6343],[17.5842,47.6362],[17.5789,47.6332],[17.5804,47.6308],[17.5717,47.6268],[17.5755,47.629],[17.5707,47.6312],[17.5665,47.6275],[17.5648,47.6304],[17.5534,47.626],[17.5412,47.632],[17.5399,47.6297],[17.5521,47.6205],[17.5593,47.6239],[17.5622,47.6221],[17.5595,47.6207],[17.5625,47.6163],[17.5556,47.6219],[17.5525,47.6204],[17.5663,47.6126],[17.5523,47.6202],[17.5608,47.6119],[17.5555,47.6117],[17.5495,47.6165],[17.5523,47.6181],[17.5506,47.6194],[17.5432,47.6159],[17.5979,47.5931],[17.6115,47.5945],[17.6137,47.5908],[17.6085,47.5921],[17.6094,47.5865],[17.616,47.5819],[17.6107,47.5963],[17.6164,47.5962],[17.6154,47.5916],[17.6223,47.5927],[17.6205,47.5907],[17.627,47.5851],[17.6254,47.5953],[17.6359,47.5938],[17.6192,47.5974],[17.6217,47.5983],[17.6168,47.6027],[17.6191,47.6048],[17.6136,47.6058],[17.6169,47.5986],[17.6089,47.5978],[17.6095,47.6067],[17.6041,47.6126],[17.6002,47.6094],[17.6019,47.6119],[17.5978,47.6145],[17.5887,47.6101],[17.5868,47.612],[17.594,47.6133],[17.5939,47.6157],[17.5821,47.6231],[17.5786,47.6206],[17.5861,47.624]],[[17.6055,47.6058],[17.6066,47.6064],[17.6069,47.606],[17.6055,47.6058]],[[17.5695,47.6112],[17.5671,47.6078],[17.5656,47.6093],[17.5695,47.6112]],[[17.6114,47.5976],[17.6133,47.5976],[17.6114,47.5969],[17.6114,47.5976]],[[17.6078,47.5976],[17.6107,47.5977],[17.6105,47.597],[17.6078,47.5976]],[[17.606,47.5975],[17.6069,47.5976],[17.6055,47.5942],[17.606,47.5975]],[[17.6137,47.5901],[17.6147,47.5893],[17.6127,47.5889],[17.6137,47.5901]],[[17.5999,47.5972],[17.5982,47.5941],[17.5955,47.5958],[17.5918,47.5989],[17.5929,47.6029],[17.5999,47.5972]]]]}},{"type":"Feature","properties":{"landuse":"vineyard"},"geometry":{"type":"Polygon","coordinates":[[[16.6087,46.8387],[16.6018,46.8365],[16.5971,46.8391],[16.5985,46.8367],[16.5963,46.8366],[16.6042,46.8338],[16.6087,46.8387]],[[16.6066,46.8373],[16.6065,46.8373],[16.6075,46.8376],[16.6066,46.8373]],[[16.6083,46.8384],[16.6079,46.8376],[16.6063,46.8375],[16.6083,46.8384]]]}},{"type":"Feature","properties":{"landuse":"vineyard"},"geometry":{"type":"Polygon","coordinates":[[[16.6428,46.8389],[16.6452,46.84],[16.644,46.8435],[16.641,46.8362],[16.6434,46.8361],[16.6428,46.8389]]]}},{"type":"Feature","properties":{"landuse":"farmland"},"geometry":{"type":"Polygon","coordinates":[[[16.6438,46.8394],[16.6455,46.8391],[16.6455,46.8406],[16.6438,46.8394]]]}},{"type":"Feature","properties":{"landuse":"green_public_spaces"},"geometry":{"type":"Polygon","coordinates":[[[16.7374,46.4235],[16.7361,46.4223],[16.7377,46.4221],[16.7374,46.4235]]]}},{"type":"Feature","properties":{"landuse":"orchard"},"geometry":{"type":"Polygon","coordinates":[[[16.7169,46.4463],[16.7166,46.4449],[16.7173,46.445],[16.7169,46.4463]]]}},{"type":"Feature","properties":{"landuse":"farmland"},"geometry":{"type":"Polygon","coordinates":[[[16.7165,46.4446],[16.7207,46.4406],[16.7261,46.4447],[16.7165,46.4446]]]}},{"type":"Feature","properties":{"landuse":"farmland"},"geometry":{"type":"Polygon","coordinates":[[[16.7259,46.4415],[16.729,46.4457],[16.7234,46.4416],[16.7259,46.4415]]]}},{"type":"Feature","properties":{"landuse":"farmland"},"geometry":{"type":"Polygon","coordinates":[[[16.7234,46.4416],[16.7221,46.4404],[16.7258,46.4412],[16.7234,46.4416]]]}},{"type":"Feature","properties":{"landuse":"farmland"},"geometry":{"type":"Polygon","coordinates":[[[16.7209,46.4384],[16.7174,46.4367],[16.7216,46.4346],[16.7209,46.4384]],[[16.7198,46.4364],[16.7208,46.435],[16.7205,46.4347],[16.7198,46.4364]],[[16.7197,46.4347],[16.7188,46.4355],[16.719,46.437],[16.7197,46.4347]]]}},{"type":"Feature","properties":{"landuse":"farmland"},"geometry":{"type":"Polygon","coordinates":[[[16.7467,46.4543],[16.7377,46.4507],[16.7316,46.4437],[16.7335,46.4373],[16.7342,46.4401],[16.7371,46.4366],[16.7429,46.4384],[16.7437,46.4512],[16.7467,46.4543]],[[16.737,46.4414],[16.7377,46.441],[16.7381,46.4382],[16.737,46.4414]]]}},{"type":"Feature","properties":{"landuse":"farmland"},"geometry":{"type":"Polygon","coordinates":[[[16.7435,46.437],[16.7438,46.4341],[16.7399,46.433],[16.7387,46.4362],[16.735,46.4355],[16.738,46.4299],[16.7336,46.4291],[16.74,46.4217],[16.7498,46.4212],[16.7517,46.4366],[16.7435,46.437]],[[16.7477,46.4367],[16.7513,46.4382],[16.7504,46.4333],[16.7477,46.4367]]]}},{"type":"Feature","properties":{"landuse":"farmland"},"geometry":{"type":"Polygon","coordinates":[[[16.7505,46.4228],[16.7655,46.4188],[16.7736,46.4225],[16.7602,46.4309],[16.7593,46.4396],[16.7513,46.4384],[16.7533,46.4369],[16.7505,46.4228]],[[16.7605,46.4241],[16.763,46.4238],[16.7617,46.4212],[16.7605,46.4241]]]}},{"type":"Feature","properties":{"landuse":"farmland"},"geometry":{"type":"MultiPolygon","coordinates":[[[[16.7644,46.4184],[16.7608,46.419],[16.7635,46.4182],[16.7644,46.4184]]],[[[16.7537,46.4162],[16.7632,46.4181],[16.7546,46.4197],[16.7537,46.4162]]],[[[16.7534,46.4175],[16.7529,46.4178],[16.7522,46.4162],[16.7534,46.4175]]]]}},{"type":"Feature","properties":{"landuse":"farmland"},"geometry":{"type":"MultiPolygon","coordinates":[[[[16.7487,46.4166],[16.7503,46.4179],[16.7492,46.418],[16.7487,46.4166]]],[[[16.7471,46.4159],[16.7524,46.4183],[16.7421,46.4198],[16.7471,46.4159]]]]}},{"type":"Feature","properties":{"landuse":"farmland"},"geometry":{"type":"Polygon","coordinates":[[[16.7646,46.4179],[16.7596,46.4166],[16.7708,46.408],[16.776,46.4154],[16.7646,46.4179]]]}},{"type":"Feature","properties":{"landuse":"farmland"},"geometry":{"type":"MultiPolygon","coordinates":[[[[16.7405,46.4162],[16.7412,46.4156],[16.7432,46.4155],[16.7405,46.4162]]],[[[16.7377,46.4168],[16.7392,46.4151],[16.7402,46.4152],[16.7377,46.4168]]],[[[16.7214,46.422],[16.7208,46.4209],[16.7247,46.4204],[16.7214,46.422]]],[[[16.73,46.4183],[16.744,46.4156],[16.7383,46.4219],[16.7239,46.4252],[16.7288,46.4227],[16.7243,46.4221],[16.7254,46.4194],[16.73,46.4183]],[[16.7292,46.4223],[16.7294,46.4222],[16.7294,46.4221],[16.7291,46.4221],[16.7292,46.4223]]],[[[16.7208,46.4228],[16.7205,46.4223],[16.7227,46.423],[16.7208,46.4228]]]]}},{"type":"Feature","properties":{"landuse":"farmland"},"geometry":{"type":"MultiPolygon","coordinates":[[[[16.7722,46.3876],[16.7776,46.3841],[16.7887,46.3873],[16.7722,46.3876]]],[[[16.7608,46.3879],[16.778,46.3887],[16.7769,46.3916],[16.7608,46.3879]]]]}},{"type":"Feature","properties":{"landuse":"farmland"},"geometry":{"type":"MultiPolygon","coordinates":[[[[16.7845,46.3902],[16.7864,46.392],[16.7825,46.3925],[16.78,46.3895],[16.7845,46.3902]]],[[[16.7738,46.3997],[16.7691,46.3973],[16.7679,46.3918],[16.7802,46.3907],[16.7823,46.3928],[16.7799,46.3943],[16.7742,46.3943],[16.78,46.3947],[16.7753,46.3992],[16.7813,46.3995],[16.7802,46.4013],[16.7738,46.3997]]],[[[16.7793,46.3993],[16.7772,46.3992],[16.7799,46.3972],[16.7793,46.3993]]],[[[16.7801,46.3971],[16.7814,46.3948],[16.7819,46.3985],[16.7801,46.3971]]],[[[16.7862,46.3924],[16.7869,46.3974],[16.7825,46.4003],[16.7812,46.394],[16.7862,46.3924]]]]}},{"type":"Feature","properties":{"landuse":"farmland"},"geometry":{"type":"Polygon","coordinates":[[[16.7584,46.3888],[16.7679,46.3918],[16.7691,46.3973],[16.765,46.3978],[16.7629,46.4027],[16.7561,46.4013],[16.7539,46.3918],[16.7584,46.3888]]]}},{"type":"Feature","properties":{"landuse":"farmland"},"geometry":{"type":"MultiPolygon","coordinates":[[[[16.6955,46.4226],[16.7069,46.4198],[16.7052,46.4219],[16.6955,46.4226]]],[[[16.7003,46.4341],[16.6957,46.4392],[16.6909,46.428],[16.6952,46.4231],[16.7051,46.4221],[16.701,46.4269],[16.7003,46.4341]]]]}},{"type":"Feature","properties":{"landuse":"farmland"},"geometry":{"type":"MultiPolygon","coordinates":[[[[16.7115,46.4382],[16.705,46.4398],[16.7038,46.437],[16.7137,46.4322],[16.7115,46.4382]]],[[[16.7144,46.4199],[16.7166,46.4197],[16.7156,46.429],[16.7037,46.4368],[16.7025,46.434],[16.7144,46.4199]]],[[[16.7085,46.4199],[16.7096,46.4225],[16.7066,46.4222],[16.7085,46.4199]]],[[[16.7169,46.4182],[16.7195,46.417],[16.7175,46.4191],[16.7169,46.4182]]],[[[16.7008,46.4339],[16.7023,46.4258],[16.7054,46.4221],[16.7096,46.4226],[16.7008,46.4339]]]]}},{"type":"Feature","properties":{"landuse":"farmland"},"geometry":{"type":"MultiPolygon","coordinates":[[[[16.7059,46.4196],[16.7032,46.4166],[16.7063,46.4143],[16.7194,46.4125],[16.7184,46.4166],[16.7133,46.4146],[16.7132,46.4181],[16.7083,46.417],[16.7059,46.4196]]],[[[16.7212,46.4126],[16.7244,46.4128],[16.7203,46.4159],[16.7212,46.4126]]]]}},{"type":"Feature","properties":{"landuse":"farmland"},"geometry":{"type":"MultiPolygon","coordinates":[[[[16.7264,46.4175],[16.7306,46.4147],[16.7305,46.418],[16.7264,46.4175]]],[[[16.724,46.4155],[16.7292,46.4148],[16.7253,46.4193],[16.7185,46.4201],[16.724,46.4155]]],[[[16.7191,46.4217],[16.7171,46.4237],[16.7177,46.4201],[16.7191,46.4217]]]]}},{"type":"Feature","properties":{"landuse":"farmland"},"geometry":{"type":"Polygon","coordinates":[[[16.7196,46.4119],[16.7107,46.4118],[16.7251,46.4034],[16.7196,46.4119]]]}},{"type":"Feature","properties":{"landuse":"farmland"},"geometry":{"type":"Polygon","coordinates":[[[16.7265,46.403],[16.7416,46.4075],[16.7487,46.4061],[16.7414,46.4144],[16.7214,46.4118],[16.7265,46.403]]]}},{"type":"Feature","properties":{"landuse":"farmland"},"geometry":{"type":"MultiPolygon","coordinates":[[[[16.7462,46.4038],[16.7432,46.4019],[16.7455,46.3988],[16.7488,46.4003],[16.7462,46.4038]]],[[[16.7545,46.3944],[16.7483,46.3905],[16.7545,46.3898],[16.7545,46.3944]]],[[[16.7552,46.3899],[16.7569,46.3882],[16.7579,46.3888],[16.7552,46.3899]]],[[[16.7487,46.4061],[16.7462,46.4052],[16.7483,46.4025],[16.7561,46.4013],[16.7693,46.4065],[16.756,46.4107],[16.7667,46.4082],[16.759,46.4164],[16.752,46.4128],[16.7422,46.4145],[16.7489,46.4064],[16.7541,46.4071],[16.7487,46.4061]],[[16.7537,46.4124],[16.755,46.4121],[16.7543,46.4121],[16.7537,46.4124]]]]}},{"type":"Feature","properties":{"landuse":"farmland"},"geometry":{"type":"Polygon","coordinates":[[[16.7711,46.4083],[16.7813,46.4091],[16.7771,46.4138],[16.7711,46.4083]]]}},{"type":"Feature","properties":{"landuse":"farmland"},"geometry":{"type":"Polygon","coordinates":[[[16.781,46.409],[16.7852,46.4073],[16.7883,46.4108],[16.776,46.4154],[16.781,46.409]]]}},{"type":"Feature","properties":{"landuse":"farmland"},"geometry":{"type":"Polygon","coordinates":[[[16.8,46.4185],[16.7798,46.4164],[16.7997,46.4148],[16.8,46.4185]]]}},{"type":"Feature","properties":{"landuse":"farmland"},"geometry":{"type":"Polygon","coordinates":[[[16.7997,46.4148],[16.7803,46.4156],[16.7849,46.412],[16.7999,46.4093],[16.7997,46.4148]]]}},{"type":"Feature","properties":{"landuse":"farmland"},"geometry":{"type":"Polygon","coordinates":[[[16.7883,46.4038],[16.7975,46.4039],[16.7999,46.4093],[16.7886,46.411],[16.7824,46.4083],[16.7808,46.403],[16.7883,46.4038]],[[16.7913,46.404],[16.7915,46.4051],[16.7914,46.404],[16.7913,46.404]]]}},{"type":"Feature","properties":{"landuse":"farmland"},"geometry":{"type":"MultiPolygon","coordinates":[[[[16.7928,46.3958],[16.7885,46.3984],[16.7935,46.3965],[16.7927,46.398],[16.7879,46.398],[16.7928,46.3958]]],[[[16.7887,46.3902],[16.7878,46.3905],[16.7874,46.3901],[16.7887,46.3902]]],[[[16.7874,46.3944],[16.7908,46.3938],[16.7873,46.3955],[16.7874,46.3944]]],[[[16.7907,46.3934],[16.79,46.3926],[16.7922,46.3915],[16.7907,46.3934]]],[[[16.7941,46.3932],[16.7926,46.3951],[16.7913,46.3938],[16.7941,46.3932]]],[[[16.7963,46.3895],[16.7992,46.3936],[16.7944,46.3966],[16.7934,46.3898],[16.7963,46.3895]]]]}},{"type":"Feature","properties":{"landuse":"farmland"},"geometry":{"type":"MultiPolygon","coordinates":[[[[16.8,46.3932],[16.8035,46.3931],[16.8009,46.3939],[16.8,46.3932]]],[[[16.7977,46.3877],[16.8158,46.3811],[16.818,46.3865],[16.8247,46.387],[16.8079,46.3932],[16.7999,46.393],[16.7968,46.3885],[16.8026,46.3907],[16.7977,46.3877]]]]}},{"type":"Feature","properties":{"landuse":"farmland"},"geometry":{"type":"MultiPolygon","coordinates":[[[[16.8252,46.3845],[16.818,46.3865],[16.817,46.3817],[16.813,46.3814],[16.8136,46.3778],[16.8236,46.3749],[16.8313,46.3774],[16.8225,46.3796],[16.8245,46.3831],[16.8204,46.3859],[16.8252,46.3845]]],[[[16.8285,46.381],[16.8293,46.3802],[16.8296,46.3806],[16.8285,46.381]]],[[[16.8252,46.3825],[16.8279,46.381],[16.8293,46.3826],[16.8252,46.3825]]],[[[16.8252,46.3816],[16.8254,46.3796],[16.8292,46.3793],[16.8252,46.3816]]]]}},{"type":"Feature","properties":{"landuse":"farmland"},"geometry":{"type":"Polygon","coordinates":[[[16.8012,46.4496],[16.7975,46.448],[16.8048,46.4406],[16.8126,46.4433],[16.812,46.4468],[16.8047,46.4453],[16.8012,46.4496]]]}},{"type":"Feature","properties":{"landuse":"farmland"},"geometry":{"type":"MultiPolygon","coordinates":[[[[16.8088,46.4335],[16.8113,46.4307],[16.8123,46.432],[16.8088,46.4335]]],[[[16.8006,46.4271],[16.8012,46.4256],[16.8023,46.4272],[16.8,46.4284],[16.8006,46.4271]]],[[[16.8084,46.4269],[16.8099,46.4316],[16.7984,46.4324],[16.8027,46.4257],[16.8084,46.4269]]]]}},{"type":"Feature","properties":{"landuse":"farmland"},"geometry":{"type":"MultiPolygon","coordinates":[[[[16.802,46.4369],[16.7975,46.4344],[16.8057,46.4333],[16.8049,46.4383],[16.802,46.4369]]],[[[16.8088,46.4402],[16.8051,46.4385],[16.8063,46.4335],[16.8104,46.4338],[16.8088,46.4402]]],[[[16.811,46.4411],[16.8109,46.4383],[16.8126,46.4417],[16.811,46.4411]]]]}},{"type":"Feature","properties":{"landuse":"farmland"},"geometry":{"type":"Polygon","coordinates":[[[16.8123,46.4226],[16.8125,46.4249],[16.8136,46.4228],[16.8245,46.424],[16.8285,46.4328],[16.8128,46.4314],[16.8091,46.4257],[16.8123,46.4226]]]}},{"type":"Feature","properties":{"landuse":"farmland"},"geometry":{"type":"MultiPolygon","coordinates":[[[[16.8421,46.4329],[16.8362,46.4481],[16.8251,46.4463],[16.8243,46.4423],[16.824,46.4449],[16.8164,46.4437],[16.8138,46.4356],[16.818,46.4327],[16.8213,46.435],[16.8211,46.4324],[16.8291,46.4333],[16.829,46.4415],[16.8304,46.4292],[16.8271,46.4293],[16.826,46.4241],[16.8317,46.424],[16.8319,46.4273],[16.8325,46.4239],[16.8364,46.4255],[16.8366,46.43],[16.8387,46.4263],[16.8431,46.4275],[16.8421,46.4329]],[[16.8344,46.4389],[16.8336,46.4411],[16.8347,46.4389],[16.8344,46.4389]],[[16.8335,46.4412],[16.8319,46.445],[16.8323,46.445],[16.8335,46.4412]],[[16.8368,46.431],[16.8402,46.4315],[16.8403,46.4313],[16.8368,46.431]],[[16.8366,46.4301],[16.8365,46.431],[16.8368,46.4309],[16.8366,46.4301]],[[16.8366,46.4338],[16.8349,46.4377],[16.8347,46.4388],[16.8366,46.4338]],[[16.8365,46.4312],[16.8363,46.4338],[16.8367,46.4337],[16.8365,46.4312]],[[16.8408,46.4283],[16.8411,46.4287],[16.8413,46.4284],[16.8408,46.4283]],[[16.8428,46.4317],[16.8434,46.4317],[16.8407,46.4313],[16.8428,46.4317]],[[16.8305,46.4283],[16.8361,46.4287],[16.8335,46.4282],[16.8305,46.4283]],[[16.833,46.4306],[16.8328,46.4307],[16.8362,46.4311],[16.833,46.4306]]],[[[16.8365,46.4482],[16.8373,46.4444],[16.8398,46.4451],[16.8365,46.4482]]],[[[16.8444,46.4283],[16.845,46.433],[16.8432,46.4339],[16.8444,46.4283]]]]}},{"type":"Feature","properties":{"landuse":"farmland"},"geometry":{"type":"Polygon","coordinates":[[[16.8373,46.4249],[16.8378,46.4167],[16.8411,46.4161],[16.8425,46.4226],[16.8373,46.4249]]]}},{"type":"Feature","properties":{"landuse":"farmland"},"geometry":{"type":"Polygon","coordinates":[[[16.8347,46.4193],[16.8375,46.4163],[16.8369,46.4252],[16.8335,46.4239],[16.8347,46.4193]]]}},{"type":"Feature","properties":{"landuse":"farmland"},"geometry":{"type":"Polygon","coordinates":[[[16.8259,46.4239],[16.8278,46.4159],[16.835,46.418],[16.8323,46.4237],[16.8259,46.4239]]]}},{"type":"Feature","properties":{"landuse":"farmland"},"geometry":{"type":"Polygon","coordinates":[[[16.8277,46.4159],[16.8321,46.4109],[16.8406,46.4153],[16.835,46.418],[16.8277,46.4159]]]}},{"type":"Feature","properties":{"landuse":"farmland"},"geometry":{"type":"Polygon","coordinates":[[[16.8443,46.4028],[16.8453,46.4176],[16.8402,46.4129],[16.8428,46.408],[16.8404,46.403],[16.8443,46.4028]]]}},{"type":"Feature","properties":{"landuse":"farmland"},"geometry":{"type":"Polygon","coordinates":[[[16.8176,46.4202],[16.8244,46.4175],[16.8245,46.424],[16.8131,46.4218],[16.8176,46.4202]]]}},{"type":"Feature","properties":{"landuse":"farmland"},"geometry":{"type":"Polygon","coordinates":[[[16.8151,46.4205],[16.8121,46.4221],[16.8119,46.4147],[16.8191,46.415],[16.8151,46.4205]]]}},{"type":"Feature","properties":{"landuse":"farmland"},"geometry":{"type":"MultiPolygon","coordinates":[[[[16.8115,46.4101],[16.8068,46.3957],[16.8171,46.3922],[16.8141,46.395],[16.8187,46.3993],[16.8195,46.4084],[16.8115,46.4101]],[[16.8088,46.3971],[16.8089,46.397],[16.8089,46.3969],[16.8088,46.397],[16.8088,46.3971]],[[16.8115,46.3965],[16.8124,46.3963],[16.8112,46.396],[16.8115,46.3965]]],[[[16.8058,46.3962],[16.8084,46.4045],[16.8039,46.4053],[16.8026,46.3966],[16.8058,46.3962]],[[16.8045,46.3985],[16.8052,46.3983],[16.8052,46.3976],[16.8045,46.3985]],[[16.8039,46.3976],[16.8039,46.3984],[16.8045,46.3968],[16.8039,46.3976]]],[[[16.8061,46.3934],[16.8166,46.392],[16.8069,46.395],[16.8061,46.3934]]]]}},{"type":"Feature","properties":{"landuse":"farmland"},"geometry":{"type":"MultiPolygon","coordinates":[[[[16.8327,46.4026],[16.8201,46.404],[16.8161,46.3977],[16.8193,46.3912],[16.829,46.3884],[16.8297,46.3913],[16.8311,46.3873],[16.8349,46.3943],[16.8342,46.3909],[16.8385,46.3907],[16.8393,46.396],[16.8427,46.3963],[16.8403,46.4025],[16.8441,46.4027],[16.8327,46.4026]],[[16.8299,46.4004],[16.83,46.3998],[16.8293,46.3997],[16.8299,46.4004]],[[16.8209,46.3981],[16.8217,46.398],[16.8214,46.3976],[16.8209,46.3981]],[[16.8221,46.4037],[16.8221,46.403],[16.8215,46.4023],[16.8221,46.4037]],[[16.8429,46.4019],[16.842,46.4023],[16.8429,46.4024],[16.8429,46.4019]]],[[[16.8205,46.4043],[16.8238,46.4035],[16.8244,46.4046],[16.8205,46.4043]]],[[[16.8352,46.3907],[16.8341,46.3908],[16.8338,46.3895],[16.8352,46.3907]]]]}},{"type":"Feature","properties":{"landuse":"farmland"},"geometry":{"type":"Polygon","coordinates":[[[16.8394,46.4487],[16.84,46.4451],[16.8449,46.4442],[16.8447,46.449],[16.8394,46.4487]]]}},{"type":"Feature","properties":{"landuse":"farmland"},"geometry":{"type":"Polygon","coordinates":[[[16.8491,46.4372],[16.8494,46.4439],[16.8511,46.4373],[16.8543,46.4368],[16.854,46.4488],[16.8497,46.446],[16.8509,46.4488],[16.8473,46.4492],[16.8491,46.4372]],[[16.8496,46.445],[16.8498,46.4446],[16.8496,46.4443],[16.8496,46.445]]]}},{"type":"Feature","properties":{"landuse":"farmland"},"geometry":{"type":"Polygon","coordinates":[[[16.8584,46.4469],[16.8554,46.449],[16.8544,46.4311],[16.8587,46.4323],[16.8584,46.4469]]]}},{"type":"Feature","properties":{"landuse":"farmland"},"geometry":{"type":"Polygon","coordinates":[[[16.8553,46.4221],[16.8573,46.4318],[16.8537,46.4305],[16.8505,46.4201],[16.8533,46.4303],[16.8466,46.4284],[16.8457,46.42],[16.8553,46.4221]]]}},{"type":"Feature","properties":{"landuse":"farmland"},"geometry":{"type":"MultiPolygon","coordinates":[[[[16.8658,46.4304],[16.8667,46.4329],[16.8608,46.4323],[16.8592,46.4288],[16.8658,46.4304]]],[[[16.8686,46.4325],[16.8702,46.4333],[16.8687,46.4331],[16.8686,46.4325]]],[[[16.8714,46.4319],[16.8698,46.4302],[16.8709,46.4301],[16.8714,46.4319]]]]}},{"type":"Feature","properties":{"landuse":"farmland"},"geometry":{"type":"Polygon","coordinates":[[[16.8586,46.4469],[16.8588,46.4435],[16.8669,46.4489],[16.8586,46.4469]]]}},{"type":"Feature","properties":{"landuse":"farmland"},"geometry":{"type":"MultiPolygon","coordinates":[[[[16.8874,46.431],[16.8799,46.4333],[16.8776,46.4254],[16.8812,46.423],[16.8867,46.4278],[16.8816,46.4283],[16.8824,46.431],[16.8874,46.431]],[[16.8867,46.4318],[16.8869,46.4318],[16.8867,46.4317],[16.8867,46.4318]]],[[[16.8798,46.4332],[16.8752,46.4336],[16.8726,46.4249],[16.8775,46.4254],[16.8798,46.4332]]],[[[16.8718,46.4213],[16.8758,46.4251],[16.8744,46.425],[16.8718,46.4213]]]]}},{"type":"Feature","properties":{"landuse":"farmland"},"geometry":{"type":"Polygon","coordinates":[[[16.8814,46.4499],[16.8841,46.4526],[16.8863,46.4476],[16.8934,46.4438],[16.8964,46.4572],[16.895,46.4593],[16.8861,46.4564],[16.8814,46.4499]]]}},{"type":"Feature","properties":{"landuse":"farmland"},"geometry":{"type":"Polygon","coordinates":[[[16.8631,46.4444],[16.8613,46.4428],[16.8721,46.4393],[16.8746,46.4475],[16.8775,46.4475],[16.8765,46.4396],[16.8788,46.4397],[16.8812,46.4515],[16.8671,46.4488],[16.8636,46.4448],[16.8677,46.4441],[16.8631,46.4444]]]}},{"type":"Feature","properties":{"landuse":"farmland"},"geometry":{"type":"Polygon","coordinates":[[[16.8763,46.4387],[16.8613,46.4412],[16.8604,46.4365],[16.8645,46.4385],[16.8607,46.433],[16.8749,46.4339],[16.8763,46.4387]]]}},{"type":"Feature","properties":{"landuse":"orchard"},"geometry":{"type":"Polygon","coordinates":[[[16.8765,46.4396],[16.8788,46.4467],[16.8746,46.4475],[16.8726,46.4404],[16.8765,46.4396]]]}},{"type":"Feature","properties":{"landuse":"farmland"},"geometry":{"type":"Polygon","coordinates":[[[16.8883,46.3803],[16.8859,46.3802],[16.8853,46.3722],[16.8912,46.3744],[16.8883,46.3803]]]}},{"type":"Feature","properties":{"landuse":"farmland"},"geometry":{"type":"MultiPolygon","coordinates":[[[[16.8615,46.3812],[16.8677,46.3804],[16.8622,46.3834],[16.8615,46.3812]]],[[[16.8457,46.3803],[16.8588,46.3711],[16.86,46.3768],[16.8672,46.376],[16.8678,46.3801],[16.849,46.3828],[16.8457,46.3803]],[[16.855,46.3751],[16.8554,46.375],[16.8549,46.3747],[16.855,46.3751]]],[[[16.8615,46.3689],[16.8486,46.3765],[16.8494,46.3728],[16.8615,46.3689]]]]}},{"type":"Feature","properties":{"landuse":"farmland"},"geometry":{"type":"Polygon","coordinates":[[[16.837,46.3882],[16.8435,46.3853],[16.8461,46.3895],[16.8433,46.3959],[16.837,46.3882]]]}},{"type":"Feature","properties":{"landuse":"farmland"},"geometry":{"type":"MultiPolygon","coordinates":[[[[16.8506,46.3913],[16.8491,46.3902],[16.8494,46.388],[16.8506,46.3913]]],[[[16.8474,46.3954],[16.8484,46.3951],[16.8483,46.3968],[16.8474,46.3954]]],[[[16.845,46.3871],[16.8447,46.3847],[16.8493,46.3857],[16.8489,46.3945],[16.8461,46.3964],[16.8435,46.3962],[16.845,46.3871]]]]}},{"type":"Feature","properties":{"landuse":"farmland"},"geometry":{"type":"Polygon","coordinates":[[[16.8558,46.3894],[16.8621,46.3872],[16.8646,46.3918],[16.8578,46.3941],[16.8558,46.3894]]]}},{"type":"Feature","properties":{"landuse":"green_public_spaces"},"geometry":{"type":"Polygon","coordinates":[[[16.7244,46.4336],[16.7246,46.4307],[16.7254,46.4338],[16.7244,46.4336]]]}},{"type":"Feature","properties":{"landuse":"farmland"},"geometry":{"type":"Polygon","coordinates":[[[16.4922,47.0171],[16.484,47.019],[16.4926,47.0107],[16.5056,47.0127],[16.4952,47.0191],[16.4917,47.0195],[16.4922,47.0171]]]}},{"type":"Feature","properties":{"landuse":"farmland"},"geometry":{"type":"Polygon","coordinates":[[[16.4824,47.0341],[16.4777,47.0324],[16.4839,47.0253],[16.4826,47.0217],[16.4925,47.022],[16.488,47.0272],[16.4901,47.0288],[16.4824,47.0341]]]}},{"type":"Feature","properties":{"landuse":"farmland"},"geometry":{"type":"Polygon","coordinates":[[[16.7274,46.4356],[16.7294,46.4394],[16.7263,46.4364],[16.7274,46.4356]]]}},{"type":"Feature","properties":{"landuse":"farmland"},"geometry":{"type":"Polygon","coordinates":[[[16.7311,46.4403],[16.7312,46.4423],[16.7291,46.44],[16.7311,46.4403]]]}},{"type":"Feature","properties":{"landuse":"vineyard"},"geometry":{"type":"Polygon","coordinates":[[[16.3485,46.7519],[16.3491,46.7532],[16.3444,46.7544],[16.3485,46.7519]]]}},{"type":"Feature","properties":{"landuse":"farmland"},"geometry":{"type":"Polygon","coordinates":[[[16.3652,46.7406],[16.3642,46.7418],[16.363,46.7412],[16.3652,46.7406]]]}},{"type":"Feature","properties":{"landuse":"farmland"},"geometry":{"type":"Polygon","coordinates":[[[16.6493,46.5907],[16.6513,46.5886],[16.6502,46.5915],[16.6493,46.5907]]]}},{"type":"Feature","properties":{"landuse":"farmland"},"geometry":{"type":"Polygon","coordinates":[[[16.6526,46.5895],[16.6511,46.5902],[16.6538,46.5887],[16.6526,46.5895]]]}},{"type":"Feature","properties":{"landuse":"farmland"},"geometry":{"type":"Polygon","coordinates":[[[16.6483,46.5877],[16.6477,46.5849],[16.6545,46.5861],[16.6483,46.5877]]]}},{"type":"Feature","properties":{"landuse":"farmland"},"geometry":{"type":"Polygon","coordinates":[[[16.6538,46.5855],[16.6539,46.5825],[16.6581,46.5818],[16.6538,46.5855]]]}},{"type":"Feature","properties":{"landuse":"farmland"},"geometry":{"type":"Polygon","coordinates":[[[16.5664,46.5303],[16.5623,46.5301],[16.5629,46.5261],[16.5657,46.5262],[16.5664,46.5303]]]}},{"type":"Feature","properties":{"landuse":"farmland"},"geometry":{"type":"Polygon","coordinates":[[[16.5893,46.5365],[16.5668,46.5338],[16.5664,46.5379],[16.561,46.5316],[16.5843,46.5313],[16.5893,46.5365]]]}},{"type":"Feature","properties":{"landuse":"farmland"},"geometry":{"type":"Polygon","coordinates":[[[16.5709,46.5356],[16.5898,46.537],[16.5914,46.5409],[16.5745,46.5408],[16.5709,46.5356]]]}},{"type":"Feature","properties":{"landuse":"farmland"},"geometry":{"type":"Polygon","coordinates":[[[16.572,46.5438],[16.5664,46.5403],[16.5744,46.541],[16.5775,46.5446],[16.572,46.5438]]]}},{"type":"Feature","properties":{"landuse":"farmland"},"geometry":{"type":"Polygon","coordinates":[[[16.5907,46.5408],[16.5901,46.5518],[16.5847,46.5493],[16.5907,46.5408]]]}},{"type":"Feature","properties":{"landuse":"farmland"},"geometry":{"type":"Polygon","coordinates":[[[16.5892,46.5424],[16.5815,46.5449],[16.5744,46.541],[16.5892,46.5424]]]}},{"type":"Feature","properties":{"landuse":"farmland"},"geometry":{"type":"Polygon","coordinates":[[[16.7768,46.4986],[16.7771,46.4999],[16.7749,46.5],[16.7768,46.4986]]]}},{"type":"Feature","properties":{"landuse":"farmland"},"geometry":{"type":"Polygon","coordinates":[[[16.5549,46.5272],[16.5612,46.5275],[16.5615,46.53],[16.5549,46.5272]],[[16.5588,46.5283],[16.5592,46.5279],[16.5589,46.5278],[16.5588,46.5283]],[[16.5565,46.5275],[16.5563,46.5274],[16.5565,46.5276],[16.5565,46.5275]],[[16.5577,46.5283],[16.5583,46.5278],[16.5578,46.5277],[16.5577,46.5283]]]}},{"type":"Feature","properties":{"landuse":"farmland"},"geometry":{"type":"Polygon","coordinates":[[[16.5508,46.5312],[16.5454,46.5295],[16.547,46.5269],[16.5508,46.5312]]]}},{"type":"Feature","properties":{"landuse":"farmland"},"geometry":{"type":"Polygon","coordinates":[[[16.5482,46.5411],[16.5481,46.5325],[16.5508,46.5312],[16.5526,46.5416],[16.5482,46.5411]]]}},{"type":"Feature","properties":{"landuse":"farmland"},"geometry":{"type":"Polygon","coordinates":[[[16.5547,46.5293],[16.5567,46.5421],[16.5528,46.5421],[16.5501,46.5276],[16.5547,46.5293]]]}},{"type":"Feature","properties":{"landuse":"farmland"},"geometry":{"type":"Polygon","coordinates":[[[16.5547,46.5289],[16.5615,46.53],[16.5619,46.535],[16.5559,46.535],[16.5547,46.5289]]]}},{"type":"Feature","properties":{"landuse":"farmland"},"geometry":{"type":"Polygon","coordinates":[[[16.5613,46.5352],[16.5643,46.5397],[16.5569,46.5409],[16.5559,46.535],[16.5613,46.5352]]]}},{"type":"Feature","properties":{"landuse":"farmland"},"geometry":{"type":"Polygon","coordinates":[[[16.5709,46.5512],[16.5709,46.5449],[16.5741,46.5471],[16.5709,46.5512]]]}},{"type":"Feature","properties":{"landuse":"farmland"},"geometry":{"type":"Polygon","coordinates":[[[16.5681,46.5551],[16.5645,46.553],[16.5679,46.5509],[16.5704,46.5553],[16.5681,46.5551]]]}},{"type":"Feature","properties":{"landuse":"farmland"},"geometry":{"type":"Polygon","coordinates":[[[16.7813,46.4919],[16.7844,46.4923],[16.7835,46.4958],[16.7801,46.4954],[16.7813,46.4919]]]}},{"type":"Feature","properties":{"landuse":"farmland"},"geometry":{"type":"Polygon","coordinates":[[[16.5244,46.954],[16.5239,46.9547],[16.5219,46.9529],[16.5244,46.954]]]}},{"type":"Feature","properties":{"landuse":"farmland"},"geometry":{"type":"Polygon","coordinates":[[[16.7072,46.5378],[16.7088,46.5408],[16.6965,46.5403],[16.6989,46.5373],[16.7072,46.5378]],[[16.7041,46.5394],[16.7053,46.5389],[16.704,46.5392],[16.7041,46.5394]],[[16.6976,46.5386],[16.6976,46.5383],[16.6974,46.5383],[16.6976,46.5386]]]}},{"type":"Feature","properties":{"landuse":"farmland"},"geometry":{"type":"Polygon","coordinates":[[[16.541,46.8833],[16.5426,46.8859],[16.5399,46.8845],[16.541,46.8833]]]}},{"type":"Feature","properties":{"landuse":"farmland"},"geometry":{"type":"Polygon","coordinates":[[[16.5355,46.8845],[16.5273,46.8836],[16.529,46.8803],[16.5344,46.8797],[16.5315,46.879],[16.5354,46.8658],[16.5409,46.8701],[16.5363,46.8715],[16.5436,46.8728],[16.5422,46.8688],[16.5469,46.8722],[16.5476,46.8701],[16.5415,46.8799],[16.5389,46.8789],[16.5413,46.8803],[16.5382,46.8798],[16.54,46.8824],[16.5355,46.8845]]]}},{"type":"Feature","properties":{"landuse":"farmland"},"geometry":{"type":"Polygon","coordinates":[[[16.5311,46.8647],[16.5269,46.8728],[16.5315,46.8697],[16.5319,46.8743],[16.5298,46.8742],[16.531,46.8778],[16.5262,46.8792],[16.5264,46.8831],[16.5284,46.8799],[16.5268,46.8835],[16.5131,46.882],[16.5119,46.8752],[16.5176,46.8752],[16.5187,46.8616],[16.521,46.8619],[16.5206,46.867],[16.5215,46.8647],[16.5215,46.867],[16.5258,46.8651],[16.5264,46.8671],[16.5311,46.8647]]]}},{"type":"Feature","properties":{"landuse":"farmland"},"geometry":{"type":"Polygon","coordinates":[[[16.5732,46.8809],[16.5735,46.8779],[16.5706,46.878],[16.5772,46.8775],[16.5799,46.8811],[16.5732,46.8809]]]}},{"type":"Feature","properties":{"landuse":"farmland"},"geometry":{"type":"Polygon","coordinates":[[[16.5141,46.8489],[16.5205,46.8474],[16.5232,46.8516],[16.5368,46.851],[16.5371,46.8555],[16.5247,46.857],[16.5244,46.8541],[16.5301,46.8538],[16.5202,46.8532],[16.5027,46.8559],[16.5141,46.8489]]]}},{"type":"Feature","properties":{"landuse":"farmland"},"geometry":{"type":"Polygon","coordinates":[[[16.4609,46.8314],[16.4673,46.8331],[16.4685,46.8364],[16.4758,46.835],[16.4751,46.8382],[16.4795,46.8384],[16.4785,46.8421],[16.4811,46.8431],[16.4762,46.845],[16.4777,46.8494],[16.4696,46.8494],[16.4609,46.8314]]]}},{"type":"Feature","properties":{"landuse":"farmland"},"geometry":{"type":"Polygon","coordinates":[[[16.445,46.8336],[16.4493,46.8328],[16.4511,46.8348],[16.445,46.8336]]]}},{"type":"Feature","properties":{"landuse":"green_public_spaces"},"geometry":{"type":"MultiPolygon","coordinates":[[[[16.4209,46.839],[16.4211,46.8409],[16.4178,46.8419],[16.4209,46.839]],[[16.4193,46.8414],[16.4195,46.8416],[16.4199,46.8414],[16.4193,46.8414]]],[[[16.4198,46.8417],[16.4219,46.8401],[16.424,46.8417],[16.4198,46.8417]],[[16.4218,46.841],[16.4222,46.8413],[16.4222,46.8409],[16.4218,46.841]]]]}},{"type":"Feature","properties":{"landuse":"farmland"},"geometry":{"type":"Polygon","coordinates":[[[16.4082,46.8545],[16.4104,46.8531],[16.4092,46.8552],[16.4082,46.8545]]]}},{"type":"Feature","properties":{"landuse":"farmland"},"geometry":{"type":"Polygon","coordinates":[[[16.4197,46.8494],[16.421,46.8465],[16.4225,46.8494],[16.4197,46.8494]]]}},{"type":"Feature","properties":{"landuse":"farmland"},"geometry":{"type":"Polygon","coordinates":[[[16.4174,46.853],[16.4202,46.8551],[16.419,46.8551],[16.4174,46.853]]]}},{"type":"Feature","properties":{"landuse":"farmland"},"geometry":{"type":"Polygon","coordinates":[[[16.4271,46.85],[16.4271,46.8527],[16.4232,46.8526],[16.4271,46.85]]]}},{"type":"Feature","properties":{"landuse":"farmland"},"geometry":{"type":"Polygon","coordinates":[[[16.4293,46.8576],[16.4265,46.8574],[16.4272,46.8489],[16.4303,46.8481],[16.4293,46.8576]]]}},{"type":"Feature","properties":{"landuse":"farmland"},"geometry":{"type":"Polygon","coordinates":[[[16.4295,46.8576],[16.4338,46.8525],[16.4332,46.8578],[16.4295,46.8576]]]}},{"type":"Feature","properties":{"landuse":"farmland"},"geometry":{"type":"Polygon","coordinates":[[[16.4288,46.8641],[16.4264,46.8575],[16.4302,46.8606],[16.4295,46.8578],[16.4334,46.858],[16.4288,46.8641]]]}},{"type":"Feature","properties":{"landuse":"farmland"},"geometry":{"type":"Polygon","coordinates":[[[16.4209,46.8601],[16.4194,46.8613],[16.4176,46.856],[16.4209,46.8601]]]}},{"type":"Feature","properties":{"landuse":"farmland"},"geometry":{"type":"Polygon","coordinates":[[[16.4196,46.8246],[16.4222,46.8244],[16.4215,46.8293],[16.4189,46.829],[16.4196,46.8246]]]}},{"type":"Feature","properties":{"landuse":"farmland"},"geometry":{"type":"Polygon","coordinates":[[[16.4271,46.8241],[16.4307,46.8239],[16.4298,46.8298],[16.4224,46.8288],[16.4231,46.8244],[16.4271,46.8241]]]}},{"type":"Feature","properties":{"landuse":"farmland"},"geometry":{"type":"Polygon","coordinates":[[[16.4174,46.8289],[16.4143,46.828],[16.418,46.8261],[16.4174,46.8289]]]}},{"type":"Feature","properties":{"landuse":"farmland"},"geometry":{"type":"Polygon","coordinates":[[[16.4152,46.8296],[16.4175,46.8295],[16.4146,46.8317],[16.4152,46.8296]]]}},{"type":"Feature","properties":{"landuse":"farmland"},"geometry":{"type":"Polygon","coordinates":[[[16.4093,46.8286],[16.4107,46.8321],[16.4048,46.8311],[16.4093,46.8286]]]}},{"type":"Feature","properties":{"landuse":"farmland"},"geometry":{"type":"Polygon","coordinates":[[[16.446,46.8225],[16.4442,46.8186],[16.4477,46.818],[16.4542,46.8218],[16.446,46.8225]]]}},{"type":"Feature","properties":{"landuse":"farmland"},"geometry":{"type":"Polygon","coordinates":[[[16.4546,46.8256],[16.4528,46.8221],[16.4542,46.822],[16.4546,46.8256]]]}},{"type":"Feature","properties":{"landuse":"farmland"},"geometry":{"type":"Polygon","coordinates":[[[16.46,46.8227],[16.457,46.8229],[16.4591,46.8204],[16.46,46.8227]]]}},{"type":"Feature","properties":{"landuse":"farmland"},"geometry":{"type":"Polygon","coordinates":[[[16.4599,46.8202],[16.4745,46.8194],[16.4736,46.823],[16.4684,46.8235],[16.4599,46.8202]]]}},{"type":"Feature","properties":{"landuse":"farmland"},"geometry":{"type":"Polygon","coordinates":[[[16.4564,46.8212],[16.4528,46.8171],[16.4556,46.816],[16.4548,46.8119],[16.4642,46.8143],[16.4642,46.818],[16.4702,46.816],[16.4564,46.8212]]]}},{"type":"Feature","properties":{"landuse":"green_public_spaces"},"geometry":{"type":"Polygon","coordinates":[[[16.7225,46.4332],[16.727,46.4341],[16.7258,46.4365],[16.7229,46.4365],[16.7225,46.4332]]]}},{"type":"Feature","properties":{"landuse":"farmland"},"geometry":{"type":"Polygon","coordinates":[[[17.5511,47.6322],[17.5596,47.6306],[17.5588,47.6337],[17.5568,47.631],[17.5546,47.6325],[17.5582,47.6368],[17.5531,47.6364],[17.5551,47.6345],[17.5511,47.6322]]]}},{"type":"Feature","properties":{"landuse":"farmland"},"geometry":{"type":"Polygon","coordinates":[[[16.5553,46.8447],[16.5538,46.8427],[16.5564,46.8426],[16.5553,46.8447]]]}},{"type":"Feature","properties":{"landuse":"farmland"},"geometry":{"type":"Polygon","coordinates":[[[16.5564,46.8426],[16.5543,46.8426],[16.5564,46.8417],[16.5564,46.8426]]]}},{"type":"Feature","properties":{"landuse":"farmland"},"geometry":{"type":"Polygon","coordinates":[[[16.5556,46.8447],[16.5598,46.8443],[16.5595,46.8466],[16.5639,46.8443],[16.5615,46.8479],[16.5551,46.8477],[16.5556,46.8447]]]}},{"type":"Feature","properties":{"landuse":"farmland"},"geometry":{"type":"Polygon","coordinates":[[[16.5566,46.8418],[16.5624,46.843],[16.5577,46.8439],[16.5566,46.8418]]]}},{"type":"Feature","properties":{"landuse":"farmland"},"geometry":{"type":"Polygon","coordinates":[[[16.5604,46.8394],[16.5624,46.8408],[16.5563,46.8389],[16.5604,46.8394]]]}},{"type":"Feature","properties":{"landuse":"farmland"},"geometry":{"type":"Polygon","coordinates":[[[16.5675,46.8434],[16.5639,46.842],[16.5636,46.8391],[16.5675,46.8434]]]}},{"type":"Feature","properties":{"landuse":"green_public_spaces"},"geometry":{"type":"Polygon","coordinates":[[[16.5755,46.8405],[16.5783,46.8422],[16.5754,46.8412],[16.5755,46.8405]]]}},{"type":"Feature","properties":{"landuse":"farmland"},"geometry":{"type":"Polygon","coordinates":[[[16.5528,46.851],[16.553,46.8525],[16.5518,46.8522],[16.5528,46.851]]]}},{"type":"Feature","properties":{"landuse":"farmland"},"geometry":{"type":"Polygon","coordinates":[[[16.5558,46.8523],[16.5539,46.8488],[16.5614,46.8481],[16.5611,46.8513],[16.5558,46.8523]]]}},{"type":"Feature","properties":{"landuse":"farmland"},"geometry":{"type":"Polygon","coordinates":[[[16.5372,46.8387],[16.5375,46.8401],[16.5349,46.8398],[16.5372,46.8387]]]}},{"type":"Feature","properties":{"landuse":"farmland"},"geometry":{"type":"Polygon","coordinates":[[[16.5028,46.9422],[16.5044,46.9418],[16.5031,46.943],[16.5028,46.9422]]]}},{"type":"Feature","properties":{"landuse":"farmland"},"geometry":{"type":"Polygon","coordinates":[[[16.4976,46.9331],[16.501,46.9316],[16.4995,46.934],[16.4976,46.9331]]]}},{"type":"Feature","properties":{"landuse":"farmland"},"geometry":{"type":"Polygon","coordinates":[[[16.4923,46.9363],[16.4908,46.9389],[16.4897,46.9365],[16.4923,46.9363]]]}},{"type":"Feature","properties":{"landuse":"farmland"},"geometry":{"type":"Polygon","coordinates":[[[16.4929,46.9363],[16.4945,46.9363],[16.4935,46.9392],[16.4929,46.9363]]]}},{"type":"Feature","properties":{"landuse":"farmland"},"geometry":{"type":"Polygon","coordinates":[[[16.4932,46.9389],[16.4935,46.9399],[16.491,46.94],[16.4932,46.9389]]]}},{"type":"Feature","properties":{"landuse":"farmland"},"geometry":{"type":"Polygon","coordinates":[[[16.4924,46.9429],[16.4905,46.9417],[16.4935,46.9399],[16.4924,46.9429]]]}},{"type":"Feature","properties":{"landuse":"farmland"},"geometry":{"type":"Polygon","coordinates":[[[16.496,46.9407],[16.4969,46.9446],[16.4945,46.9409],[16.496,46.9407]]]}},{"type":"Feature","properties":{"landuse":"farmland"},"geometry":{"type":"Polygon","coordinates":[[[16.3804,46.8075],[16.3819,46.8082],[16.3797,46.8082],[16.3804,46.8075]]]}},{"type":"Feature","properties":{"landuse":"farmland"},"geometry":{"type":"Polygon","coordinates":[[[16.3962,46.8136],[16.3947,46.8124],[16.3981,46.8121],[16.3962,46.8136]]]}},{"type":"Feature","properties":{"landuse":"farmland"},"geometry":{"type":"Polygon","coordinates":[[[16.3865,46.8146],[16.3814,46.8096],[16.3867,46.8041],[16.3944,46.8128],[16.3865,46.8146]]]}},{"type":"Feature","properties":{"landuse":"farmland"},"geometry":{"type":"Polygon","coordinates":[[[16.3859,46.8025],[16.3879,46.8029],[16.3872,46.8035],[16.3859,46.8025]]]}},{"type":"Feature","properties":{"landuse":"farmland"},"geometry":{"type":"Polygon","coordinates":[[[16.3922,46.8092],[16.3905,46.8074],[16.3956,46.803],[16.3987,46.8065],[16.3922,46.8092]]]}},{"type":"Feature","properties":{"landuse":"farmland"},"geometry":{"type":"Polygon","coordinates":[[[16.4016,46.81],[16.3945,46.8123],[16.3924,46.8094],[16.3991,46.8068],[16.4016,46.81]]]}},{"type":"Feature","properties":{"landuse":"farmland"},"geometry":{"type":"Polygon","coordinates":[[[16.4087,46.8025],[16.4099,46.8043],[16.4063,46.8054],[16.4081,46.8072],[16.4029,46.8084],[16.4048,46.8097],[16.396,46.8032],[16.4087,46.8025]]]}},{"type":"Feature","properties":{"landuse":"farmland"},"geometry":{"type":"Polygon","coordinates":[[[16.3908,46.8004],[16.3895,46.7975],[16.3914,46.7998],[16.3908,46.8004]]]}},{"type":"Feature","properties":{"landuse":"farmland"},"geometry":{"type":"Polygon","coordinates":[[[16.3926,46.7973],[16.3932,46.7999],[16.3912,46.7978],[16.3926,46.7973]]]}},{"type":"Feature","properties":{"landuse":"farmland"},"geometry":{"type":"Polygon","coordinates":[[[16.391,46.8025],[16.3932,46.7999],[16.3954,46.8028],[16.391,46.8025]]]}},{"type":"Feature","properties":{"landuse":"farmland"},"geometry":{"type":"Polygon","coordinates":[[[16.3935,46.7999],[16.4,46.7986],[16.4021,46.8016],[16.3956,46.8028],[16.3935,46.7999]]]}},{"type":"Feature","properties":{"landuse":"farmland"},"geometry":{"type":"Polygon","coordinates":[[[16.401,46.7984],[16.4063,46.7975],[16.408,46.8005],[16.4021,46.8016],[16.401,46.7984]]]}},{"type":"Feature","properties":{"landuse":"farmland"},"geometry":{"type":"Polygon","coordinates":[[[16.4037,46.7945],[16.4058,46.7974],[16.4029,46.7981],[16.4011,46.7957],[16.4037,46.7945]]]}},{"type":"Feature","properties":{"landuse":"farmland"},"geometry":{"type":"Polygon","coordinates":[[[16.401,46.7984],[16.3935,46.7999],[16.3929,46.7968],[16.401,46.7984]]]}},{"type":"Feature","properties":{"landuse":"farmland"},"geometry":{"type":"Polygon","coordinates":[[[16.4043,46.7908],[16.4077,46.7934],[16.4054,46.7942],[16.4043,46.7908]]]}},{"type":"Feature","properties":{"landuse":"farmland"},"geometry":{"type":"Polygon","coordinates":[[[16.4021,46.7868],[16.4034,46.7908],[16.3915,46.794],[16.3948,46.7884],[16.4021,46.7868]]]}},{"type":"Feature","properties":{"landuse":"farmland"},"geometry":{"type":"Polygon","coordinates":[[[16.4127,46.7879],[16.4036,46.7907],[16.4026,46.7867],[16.4105,46.784],[16.4127,46.7879]]]}},{"type":"Feature","properties":{"landuse":"farmland"},"geometry":{"type":"Polygon","coordinates":[[[16.4154,46.7838],[16.4176,46.7852],[16.4129,46.7873],[16.4108,46.7839],[16.4154,46.7838]]]}},{"type":"Feature","properties":{"landuse":"farmland"},"geometry":{"type":"Polygon","coordinates":[[[16.4149,46.7918],[16.4113,46.789],[16.413,46.7879],[16.4149,46.7918]]]}},{"type":"Feature","properties":{"landuse":"farmland"},"geometry":{"type":"Polygon","coordinates":[[[16.4077,46.7937],[16.4115,46.7929],[16.4119,46.7963],[16.4066,46.7967],[16.4077,46.7937]]]}},{"type":"Feature","properties":{"landuse":"farmland"},"geometry":{"type":"Polygon","coordinates":[[[16.4121,46.7963],[16.4118,46.7928],[16.415,46.792],[16.4153,46.7957],[16.4121,46.7963]]]}},{"type":"Feature","properties":{"landuse":"farmland"},"geometry":{"type":"Polygon","coordinates":[[[16.3809,46.798],[16.3849,46.7957],[16.3866,46.7958],[16.3809,46.798]]]}},{"type":"Feature","properties":{"landuse":"farmland"},"geometry":{"type":"Polygon","coordinates":[[[16.3946,46.788],[16.3894,46.7933],[16.3912,46.7879],[16.3946,46.788]]]}},{"type":"Feature","properties":{"landuse":"farmland"},"geometry":{"type":"Polygon","coordinates":[[[16.3895,46.7887],[16.3869,46.7955],[16.3827,46.7946],[16.3895,46.7887]]]}},{"type":"Feature","properties":{"landuse":"farmland"},"geometry":{"type":"Polygon","coordinates":[[[16.384,46.7904],[16.3792,46.7881],[16.3891,46.7886],[16.384,46.7904]]]}},{"type":"Feature","properties":{"landuse":"farmland"},"geometry":{"type":"Polygon","coordinates":[[[16.3794,46.79],[16.3737,46.7924],[16.371,46.7884],[16.3794,46.79]]]}},{"type":"Feature","properties":{"landuse":"farmland"},"geometry":{"type":"Polygon","coordinates":[[[16.3761,46.7952],[16.3794,46.7916],[16.3851,46.7954],[16.3803,46.7974],[16.3761,46.7952]]]}},{"type":"Feature","properties":{"landuse":"farmland"},"geometry":{"type":"Polygon","coordinates":[[[16.3715,46.7869],[16.3756,46.7857],[16.3791,46.7878],[16.3715,46.7869]]]}},{"type":"Feature","properties":{"landuse":"farmland"},"geometry":{"type":"Polygon","coordinates":[[[16.431,46.7874],[16.4287,46.7872],[16.4295,46.7853],[16.431,46.7874]]]}},{"type":"Feature","properties":{"landuse":"farmland"},"geometry":{"type":"Polygon","coordinates":[[[16.4277,46.7888],[16.4246,46.7878],[16.4266,46.7871],[16.4277,46.7888]]]}},{"type":"Feature","properties":{"landuse":"farmland"},"geometry":{"type":"Polygon","coordinates":[[[16.4238,46.7886],[16.4256,46.7897],[16.4248,46.79],[16.4238,46.7886]]]}},{"type":"Feature","properties":{"landuse":"farmland"},"geometry":{"type":"Polygon","coordinates":[[[16.4213,46.7882],[16.4243,46.7902],[16.4233,46.7907],[16.4213,46.7882]]]}},{"type":"Feature","properties":{"landuse":"farmland"},"geometry":{"type":"Polygon","coordinates":[[[16.4218,46.7897],[16.4209,46.7916],[16.4201,46.7895],[16.4218,46.7897]]]}},{"type":"Feature","properties":{"landuse":"farmland"},"geometry":{"type":"Polygon","coordinates":[[[16.4223,46.7913],[16.4255,46.7933],[16.422,46.7947],[16.4223,46.7913]]]}},{"type":"Feature","properties":{"landuse":"farmland"},"geometry":{"type":"Polygon","coordinates":[[[16.4207,46.7918],[16.4221,46.7951],[16.4165,46.7958],[16.4187,46.7893],[16.4207,46.7918]]]}},{"type":"Feature","properties":{"landuse":"farmland"},"geometry":{"type":"Polygon","coordinates":[[[16.4168,46.7906],[16.4162,46.7885],[16.4185,46.7877],[16.4168,46.7906]]]}},{"type":"Feature","properties":{"landuse":"farmland"},"geometry":{"type":"Polygon","coordinates":[[[16.4167,46.7966],[16.4221,46.7951],[16.4241,46.8003],[16.4149,46.7993],[16.4178,46.7992],[16.4167,46.7966]]]}},{"type":"Feature","properties":{"landuse":"farmland"},"geometry":{"type":"Polygon","coordinates":[[[16.4249,46.8024],[16.4168,46.8043],[16.4174,46.8001],[16.4249,46.8024]]]}},{"type":"Feature","properties":{"landuse":"farmland"},"geometry":{"type":"Polygon","coordinates":[[[16.4248,46.79],[16.4277,46.7888],[16.4291,46.7917],[16.4262,46.7929],[16.4248,46.79]]]}},{"type":"Feature","properties":{"landuse":"farmland"},"geometry":{"type":"Polygon","coordinates":[[[16.4282,46.7886],[16.4331,46.7867],[16.4351,46.7892],[16.4291,46.7917],[16.4282,46.7886]]]}},{"type":"Feature","properties":{"landuse":"farmland"},"geometry":{"type":"Polygon","coordinates":[[[16.4455,46.7993],[16.4428,46.799],[16.4452,46.7981],[16.4455,46.7993]]]}},{"type":"Feature","properties":{"landuse":"farmland"},"geometry":{"type":"Polygon","coordinates":[[[16.443,46.7998],[16.4399,46.8027],[16.44,46.8006],[16.4262,46.8037],[16.4247,46.8012],[16.4416,46.7978],[16.443,46.7998]]]}},{"type":"Feature","properties":{"landuse":"farmland"},"geometry":{"type":"Polygon","coordinates":[[[16.441,46.7948],[16.4367,46.7907],[16.4438,46.7854],[16.4457,46.7935],[16.441,46.7948]]]}},{"type":"Feature","properties":{"landuse":"farmland"},"geometry":{"type":"Polygon","coordinates":[[[16.4425,46.7854],[16.4365,46.7905],[16.434,46.7872],[16.4414,46.7833],[16.4425,46.7854]]]}},{"type":"Feature","properties":{"landuse":"farmland"},"geometry":{"type":"Polygon","coordinates":[[[16.4334,46.7864],[16.4331,46.7837],[16.4414,46.783],[16.4334,46.7864]]]}},{"type":"Feature","properties":{"landuse":"farmland"},"geometry":{"type":"Polygon","coordinates":[[[16.4362,46.7813],[16.4386,46.7807],[16.4367,46.7824],[16.4362,46.7813]]]}},{"type":"Feature","properties":{"landuse":"farmland"},"geometry":{"type":"Polygon","coordinates":[[[16.4465,46.7939],[16.4428,46.7989],[16.44,46.7953],[16.4465,46.7939]]]}},{"type":"Feature","properties":{"landuse":"farmland"},"geometry":{"type":"Polygon","coordinates":[[[16.3844,46.8061],[16.3818,46.8054],[16.3825,46.8047],[16.3844,46.8061]]]}},{"type":"Feature","properties":{"landuse":"farmland"},"geometry":{"type":"Polygon","coordinates":[[[16.6183,47.0784],[16.6181,47.0853],[16.6171,47.08],[16.6183,47.0784]]]}},{"type":"Feature","properties":{"landuse":"farmland"},"geometry":{"type":"Polygon","coordinates":[[[16.6164,47.0859],[16.6167,47.0804],[16.6172,47.086],[16.6164,47.0859]]]}},{"type":"Feature","properties":{"landuse":"farmland"},"geometry":{"type":"Polygon","coordinates":[[[16.6173,47.0865],[16.6151,47.0869],[16.6158,47.0855],[16.6173,47.0865]]]}},{"type":"Feature","properties":{"landuse":"farmland"},"geometry":{"type":"Polygon","coordinates":[[[16.6262,47.0925],[16.6239,47.0921],[16.6255,47.091],[16.6262,47.0925]]]}},{"type":"Feature","properties":{"landuse":"farmland"},"geometry":{"type":"Polygon","coordinates":[[[16.6249,47.0905],[16.6258,47.0889],[16.6264,47.0893],[16.6249,47.0905]]]}},{"type":"Feature","properties":{"landuse":"farmland"},"geometry":{"type":"Polygon","coordinates":[[[16.6269,47.0926],[16.6255,47.091],[16.6292,47.0907],[16.6269,47.0926]]]}},{"type":"Feature","properties":{"landuse":"farmland"},"geometry":{"type":"Polygon","coordinates":[[[16.6274,47.0932],[16.6295,47.0909],[16.631,47.0913],[16.6274,47.0932]]]}},{"type":"Feature","properties":{"landuse":"farmland"},"geometry":{"type":"Polygon","coordinates":[[[16.6167,47.0787],[16.6163,47.081],[16.6137,47.0802],[16.6167,47.0787]]]}},{"type":"Feature","properties":{"landuse":"farmland"},"geometry":{"type":"Polygon","coordinates":[[[16.6094,47.0794],[16.6147,47.0788],[16.6101,47.0831],[16.6094,47.0794]]]}},{"type":"Feature","properties":{"landuse":"farmland"},"geometry":{"type":"Polygon","coordinates":[[[16.6065,47.0797],[16.6057,47.0817],[16.6045,47.0805],[16.6065,47.0797]]]}},{"type":"Feature","properties":{"landuse":"farmland"},"geometry":{"type":"Polygon","coordinates":[[[16.6061,47.0856],[16.6077,47.0843],[16.606,47.0876],[16.6061,47.0856]]]}},{"type":"Feature","properties":{"landuse":"farmland"},"geometry":{"type":"Polygon","coordinates":[[[16.6322,47.0986],[16.63,47.1001],[16.6257,47.0968],[16.6284,47.095],[16.6322,47.0986]]]}},{"type":"Feature","properties":{"landuse":"farmland"},"geometry":{"type":"Polygon","coordinates":[[[16.6078,47.0597],[16.6145,47.06],[16.6162,47.0765],[16.6093,47.0713],[16.6078,47.0597]],[[16.6116,47.0661],[16.6116,47.0664],[16.613,47.0663],[16.6116,47.0661]]]}},{"type":"Feature","properties":{"landuse":"farmland"},"geometry":{"type":"Polygon","coordinates":[[[16.609,47.0774],[16.6093,47.0736],[16.613,47.0763],[16.609,47.0774]]]}},{"type":"Feature","properties":{"landuse":"farmland"},"geometry":{"type":"Polygon","coordinates":[[[16.6076,47.0603],[16.6092,47.0731],[16.6004,47.0694],[16.6024,47.0652],[16.5993,47.0589],[16.6076,47.0603]]]}},{"type":"Feature","properties":{"landuse":"farmland"},"geometry":{"type":"Polygon","coordinates":[[[16.5976,47.0549],[16.6139,47.0567],[16.6142,47.059],[16.5983,47.0578],[16.5976,47.0549]]]}},{"type":"Feature","properties":{"landuse":"farmland"},"geometry":{"type":"Polygon","coordinates":[[[16.6024,47.0652],[16.5958,47.0633],[16.601,47.062],[16.5972,47.0628],[16.6024,47.0652]]]}},{"type":"Feature","properties":{"landuse":"farmland"},"geometry":{"type":"Polygon","coordinates":[[[16.5937,47.0692],[16.6002,47.0666],[16.6003,47.0695],[16.5937,47.0692]]]}},{"type":"Feature","properties":{"landuse":"farmland"},"geometry":{"type":"Polygon","coordinates":[[[16.6008,47.0726],[16.6013,47.075],[16.5967,47.0742],[16.5938,47.0695],[16.6011,47.0696],[16.6008,47.0726]]]}},{"type":"Feature","properties":{"landuse":"farmland"},"geometry":{"type":"MultiPolygon","coordinates":[[[[16.608,47.0758],[16.6058,47.0732],[16.609,47.0732],[16.608,47.0758]]],[[[16.6018,47.0792],[16.6036,47.0754],[16.6078,47.0762],[16.6018,47.0792]]]]}},{"type":"Feature","properties":{"landuse":"farmland"},"geometry":{"type":"Polygon","coordinates":[[[16.6013,47.075],[16.6008,47.0726],[16.6053,47.0723],[16.6055,47.0753],[16.6013,47.075]]]}},{"type":"Feature","properties":{"landuse":"farmland"},"geometry":{"type":"Polygon","coordinates":[[[16.6017,47.0792],[16.5966,47.0743],[16.6036,47.0753],[16.6017,47.0792]]]}},{"type":"Feature","properties":{"landuse":"farmland"},"geometry":{"type":"Polygon","coordinates":[[[16.5896,47.0758],[16.5891,47.0771],[16.5883,47.0762],[16.5896,47.0758]]]}},{"type":"Feature","properties":{"landuse":"farmland"},"geometry":{"type":"Polygon","coordinates":[[[16.5905,47.0733],[16.5937,47.0741],[16.5929,47.0765],[16.5896,47.0758],[16.5905,47.0733]]]}},{"type":"Feature","properties":{"landuse":"farmland"},"geometry":{"type":"Polygon","coordinates":[[[16.5948,47.0771],[16.5937,47.0741],[16.5957,47.0745],[16.5948,47.0771]]]}},{"type":"Feature","properties":{"landuse":"farmland"},"geometry":{"type":"Polygon","coordinates":[[[16.595,47.0772],[16.596,47.0745],[16.5984,47.0773],[16.595,47.0772]]]}},{"type":"Feature","properties":{"landuse":"farmland"},"geometry":{"type":"Polygon","coordinates":[[[16.5957,47.0745],[16.5862,47.0721],[16.5876,47.068],[16.5933,47.0696],[16.5957,47.0745]]]}},{"type":"Feature","properties":{"landuse":"farmland"},"geometry":{"type":"Polygon","coordinates":[[[16.584,47.069],[16.5871,47.0686],[16.5851,47.0749],[16.5822,47.0748],[16.584,47.069]]]}},{"type":"Feature","properties":{"landuse":"farmland"},"geometry":{"type":"Polygon","coordinates":[[[16.5818,47.069],[16.584,47.069],[16.5822,47.0748],[16.5818,47.069]]]}},{"type":"Feature","properties":{"landuse":"farmland"},"geometry":{"type":"Polygon","coordinates":[[[16.5866,47.0636],[16.5863,47.0677],[16.581,47.068],[16.5818,47.0631],[16.5866,47.0636]]]}},{"type":"Feature","properties":{"landuse":"farmland"},"geometry":{"type":"Polygon","coordinates":[[[16.5867,47.0613],[16.5866,47.0635],[16.5818,47.063],[16.5825,47.0592],[16.5867,47.0613]]]}},{"type":"Feature","properties":{"landuse":"farmland"},"geometry":{"type":"Polygon","coordinates":[[[16.5829,47.0567],[16.5868,47.0557],[16.5867,47.0594],[16.5829,47.0593],[16.5829,47.0567]]]}},{"type":"Feature","properties":{"landuse":"farmland"},"geometry":{"type":"Polygon","coordinates":[[[16.5824,47.0548],[16.5817,47.0623],[16.5731,47.0613],[16.5733,47.0587],[16.5824,47.0548]]]}},{"type":"Feature","properties":{"landuse":"farmland"},"geometry":{"type":"Polygon","coordinates":[[[16.5678,47.0683],[16.5731,47.0615],[16.5817,47.0624],[16.5807,47.0679],[16.578,47.0667],[16.581,47.0685],[16.5678,47.0683]]]}},{"type":"Feature","properties":{"landuse":"farmland"},"geometry":{"type":"Polygon","coordinates":[[[16.5905,47.0733],[16.5852,47.0749],[16.5862,47.0721],[16.5905,47.0733]]]}},{"type":"Feature","properties":{"landuse":"farmland"},"geometry":{"type":"Polygon","coordinates":[[[16.5675,47.0682],[16.5641,47.0676],[16.5658,47.0653],[16.5675,47.0682]]]}},{"type":"Feature","properties":{"landuse":"farmland"},"geometry":{"type":"Polygon","coordinates":[[[16.5544,47.0645],[16.5545,47.0613],[16.5669,47.0629],[16.5641,47.0676],[16.5544,47.0645]]]}},{"type":"Feature","properties":{"landuse":"farmland"},"geometry":{"type":"Polygon","coordinates":[[[16.5641,47.0588],[16.5676,47.0585],[16.567,47.0621],[16.5525,47.0613],[16.5525,47.0591],[16.5641,47.0588]]]}},{"type":"Feature","properties":{"landuse":"farmland"},"geometry":{"type":"Polygon","coordinates":[[[16.5523,47.0583],[16.5516,47.0554],[16.5561,47.055],[16.5568,47.0579],[16.5523,47.0583]]]}},{"type":"Feature","properties":{"landuse":"farmland"},"geometry":{"type":"Polygon","coordinates":[[[16.5525,47.0617],[16.5492,47.0615],[16.5486,47.0655],[16.5407,47.0653],[16.542,47.0578],[16.5525,47.0591],[16.5525,47.0617]]]}},{"type":"Feature","properties":{"landuse":"farmland"},"geometry":{"type":"Polygon","coordinates":[[[16.5486,47.0655],[16.5492,47.0615],[16.5517,47.0652],[16.5486,47.0655]]]}},{"type":"Feature","properties":{"landuse":"farmland"},"geometry":{"type":"Polygon","coordinates":[[[16.5382,47.0572],[16.542,47.0578],[16.5407,47.0653],[16.5369,47.0652],[16.5382,47.0572]]]}},{"type":"Feature","properties":{"landuse":"farmland"},"geometry":{"type":"Polygon","coordinates":[[[16.5382,47.0572],[16.5369,47.0652],[16.5333,47.0651],[16.531,47.0562],[16.5382,47.0572]]]}},{"type":"Feature","properties":{"landuse":"farmland"},"geometry":{"type":"Polygon","coordinates":[[[16.5315,47.0651],[16.5289,47.0595],[16.5321,47.0604],[16.5315,47.0651]]]}},{"type":"Feature","properties":{"landuse":"farmland"},"geometry":{"type":"Polygon","coordinates":[[[16.5546,47.0493],[16.5648,47.0504],[16.5645,47.0469],[16.569,47.0476],[16.5701,47.0535],[16.553,47.0549],[16.5546,47.0493]]]}},{"type":"Feature","properties":{"landuse":"farmland"},"geometry":{"type":"Polygon","coordinates":[[[16.5533,47.0467],[16.5514,47.0483],[16.5507,47.0466],[16.5533,47.0467]]]}},{"type":"Feature","properties":{"landuse":"farmland"},"geometry":{"type":"Polygon","coordinates":[[[16.5299,47.0782],[16.5295,47.073],[16.532,47.0728],[16.5293,47.0651],[16.5369,47.0652],[16.5348,47.0771],[16.5299,47.0782]]]}},{"type":"Feature","properties":{"landuse":"farmland"},"geometry":{"type":"Polygon","coordinates":[[[16.5356,47.0731],[16.5369,47.0652],[16.5405,47.0653],[16.5407,47.0765],[16.5354,47.0772],[16.5356,47.0731]]]}},{"type":"Feature","properties":{"landuse":"farmland"},"geometry":{"type":"Polygon","coordinates":[[[16.5481,47.0655],[16.5517,47.075],[16.5408,47.0764],[16.5407,47.0653],[16.5481,47.0655]]]}},{"type":"Feature","properties":{"landuse":"farmland"},"geometry":{"type":"Polygon","coordinates":[[[16.5639,47.0543],[16.5661,47.0541],[16.5643,47.0564],[16.5639,47.0543]]]}},{"type":"Feature","properties":{"landuse":"farmland"},"geometry":{"type":"Polygon","coordinates":[[[16.5665,47.0541],[16.5701,47.0538],[16.5705,47.0555],[16.5665,47.0541]]]}},{"type":"Feature","properties":{"landuse":"farmland"},"geometry":{"type":"MultiPolygon","coordinates":[[[[16.6056,47.0837],[16.6033,47.0858],[16.6043,47.0832],[16.6056,47.0837]]],[[[16.6003,47.0803],[16.6046,47.082],[16.6026,47.0877],[16.5971,47.0863],[16.6003,47.0803]]]]}},{"type":"Feature","properties":{"landuse":"farmland"},"geometry":{"type":"Polygon","coordinates":[[[16.5971,47.0863],[16.5958,47.0888],[16.5909,47.0877],[16.5926,47.0794],[16.6003,47.0803],[16.5971,47.0863]]]}},{"type":"Feature","properties":{"landuse":"farmland"},"geometry":{"type":"Polygon","coordinates":[[[16.5899,47.0788],[16.5926,47.0794],[16.5901,47.0848],[16.5871,47.0841],[16.5899,47.0788]]]}},{"type":"Feature","properties":{"landuse":"farmland"},"geometry":{"type":"Polygon","coordinates":[[[16.5971,47.0863],[16.6026,47.0877],[16.6023,47.09],[16.5958,47.0888],[16.5971,47.0863]]]}},{"type":"Feature","properties":{"landuse":"farmland"},"geometry":{"type":"Polygon","coordinates":[[[16.5755,47.0816],[16.5866,47.084],[16.586,47.0868],[16.5741,47.085],[16.5755,47.0816]]]}},{"type":"Feature","properties":{"landuse":"farmland"},"geometry":{"type":"Polygon","coordinates":[[[16.5879,47.0783],[16.5883,47.0808],[16.5834,47.0796],[16.5879,47.0783]]]}},{"type":"Feature","properties":{"landuse":"farmland"},"geometry":{"type":"Polygon","coordinates":[[[16.5755,47.0816],[16.5766,47.0781],[16.5883,47.0809],[16.5868,47.0839],[16.5755,47.0816]]]}},{"type":"Feature","properties":{"landuse":"farmland"},"geometry":{"type":"Polygon","coordinates":[[[16.5631,47.0836],[16.5668,47.0776],[16.5714,47.0774],[16.5735,47.0714],[16.578,47.0728],[16.5755,47.0816],[16.5631,47.0836]]]}},{"type":"Feature","properties":{"landuse":"farmland"},"geometry":{"type":"Polygon","coordinates":[[[16.5808,47.0787],[16.5771,47.077],[16.5778,47.0733],[16.5842,47.077],[16.5808,47.0787]]]}},{"type":"Feature","properties":{"landuse":"farmland"},"geometry":{"type":"Polygon","coordinates":[[[16.5656,47.0772],[16.5627,47.0769],[16.5676,47.0682],[16.5734,47.0699],[16.5718,47.0772],[16.5656,47.0772]]]}},{"type":"Feature","properties":{"landuse":"farmland"},"geometry":{"type":"Polygon","coordinates":[[[16.565,47.0798],[16.5631,47.0836],[16.5518,47.082],[16.5517,47.075],[16.5617,47.0728],[16.5618,47.0762],[16.5661,47.0775],[16.565,47.0798]]]}},{"type":"Feature","properties":{"landuse":"farmland"},"geometry":{"type":"Polygon","coordinates":[[[16.5639,47.0888],[16.5627,47.0855],[16.5755,47.0816],[16.5722,47.089],[16.5639,47.0888]],[[16.5662,47.0872],[16.5669,47.0872],[16.5668,47.0855],[16.5662,47.0872]]]}},{"type":"Feature","properties":{"landuse":"farmland"},"geometry":{"type":"Polygon","coordinates":[[[16.5634,47.0879],[16.5533,47.0902],[16.555,47.0879],[16.5516,47.0869],[16.5518,47.0822],[16.5622,47.0837],[16.5634,47.0879]]]}},{"type":"Feature","properties":{"landuse":"farmland"},"geometry":{"type":"Polygon","coordinates":[[[16.5423,47.0762],[16.5517,47.075],[16.5519,47.0794],[16.5401,47.0811],[16.5423,47.0762]]]}},{"type":"Feature","properties":{"landuse":"farmland"},"geometry":{"type":"Polygon","coordinates":[[[16.5641,47.0676],[16.5675,47.0682],[16.5614,47.0691],[16.5641,47.0676]]]}},{"type":"Feature","properties":{"landuse":"farmland"},"geometry":{"type":"Polygon","coordinates":[[[16.5625,47.0694],[16.5617,47.0723],[16.5551,47.0721],[16.5568,47.067],[16.5625,47.0694]]]}},{"type":"Feature","properties":{"landuse":"farmland"},"geometry":{"type":"Polygon","coordinates":[[[16.6359,47.1018],[16.632,47.0975],[16.6404,47.0988],[16.6359,47.1018]]]}},{"type":"Feature","properties":{"landuse":"farmland"},"geometry":{"type":"Polygon","coordinates":[[[16.509,47.0813],[16.5088,47.0868],[16.5017,47.0864],[16.5045,47.0776],[16.509,47.0813]]]}},{"type":"Feature","properties":{"landuse":"farmland"},"geometry":{"type":"Polygon","coordinates":[[[16.5043,47.0769],[16.5009,47.0849],[16.4931,47.0725],[16.5054,47.075],[16.5043,47.0769]]]}},{"type":"Feature","properties":{"landuse":"farmland"},"geometry":{"type":"Polygon","coordinates":[[[16.4939,47.0785],[16.4982,47.0801],[16.4987,47.0868],[16.4902,47.0873],[16.4939,47.0785]]]}},{"type":"Feature","properties":{"landuse":"farmland"},"geometry":{"type":"Polygon","coordinates":[[[16.4828,47.0861],[16.4796,47.0866],[16.4777,47.0802],[16.485,47.0812],[16.4828,47.0861]]]}},{"type":"Feature","properties":{"landuse":"farmland"},"geometry":{"type":"Polygon","coordinates":[[[16.4856,47.0876],[16.4834,47.0873],[16.4854,47.0813],[16.4919,47.0823],[16.4898,47.0873],[16.4856,47.0876]]]}},{"type":"Feature","properties":{"landuse":"farmland"},"geometry":{"type":"Polygon","coordinates":[[[16.4827,47.0752],[16.4872,47.0759],[16.485,47.081],[16.4778,47.0801],[16.4766,47.0744],[16.4827,47.0752]]]}},{"type":"Feature","properties":{"landuse":"farmland"},"geometry":{"type":"Polygon","coordinates":[[[16.4903,47.0705],[16.4944,47.0767],[16.4877,47.0757],[16.4903,47.0705]]]}},{"type":"Feature","properties":{"landuse":"farmland"},"geometry":{"type":"Polygon","coordinates":[[[16.4919,47.0708],[16.5038,47.069],[16.5057,47.0741],[16.4919,47.0708]]]}},{"type":"Feature","properties":{"landuse":"farmland"},"geometry":{"type":"Polygon","coordinates":[[[16.4897,47.0702],[16.4874,47.0757],[16.4828,47.075],[16.4848,47.0702],[16.4897,47.0702]]]}},{"type":"Feature","properties":{"landuse":"farmland"},"geometry":{"type":"Polygon","coordinates":[[[16.4871,47.0879],[16.4891,47.0927],[16.4848,47.0925],[16.4825,47.0884],[16.4871,47.0879]]]}},{"type":"Feature","properties":{"landuse":"farmland"},"geometry":{"type":"Polygon","coordinates":[[[16.4851,47.0951],[16.4845,47.0924],[16.4871,47.0942],[16.4851,47.0951]]]}},{"type":"Feature","properties":{"landuse":"vineyard"},"geometry":{"type":"Polygon","coordinates":[[[16.4861,47.0977],[16.4845,47.0975],[16.4846,47.0969],[16.4861,47.0977]]]}},{"type":"Feature","properties":{"landuse":"farmland"},"geometry":{"type":"Polygon","coordinates":[[[16.4847,47.102],[16.4841,47.0954],[16.4866,47.0962],[16.4847,47.102]]]}},{"type":"Feature","properties":{"landuse":"farmland"},"geometry":{"type":"Polygon","coordinates":[[[16.4878,47.0996],[16.4889,47.1023],[16.485,47.102],[16.4878,47.0996]]]}},{"type":"Feature","properties":{"landuse":"farmland"},"geometry":{"type":"Polygon","coordinates":[[[16.4847,47.1038],[16.4888,47.1025],[16.4941,47.109],[16.4883,47.1085],[16.4847,47.1038]]]}},{"type":"Feature","properties":{"landuse":"farmland"},"geometry":{"type":"Polygon","coordinates":[[[16.4902,47.0971],[16.4998,47.0964],[16.4993,47.1029],[16.4895,47.1024],[16.4902,47.0971]]]}},{"type":"Feature","properties":{"landuse":"farmland"},"geometry":{"type":"Polygon","coordinates":[[[16.4744,47.0962],[16.4727,47.1004],[16.465,47.0988],[16.4744,47.0962]]]}},{"type":"Feature","properties":{"landuse":"farmland"},"geometry":{"type":"Polygon","coordinates":[[[16.4713,47.0872],[16.4739,47.092],[16.4675,47.0922],[16.4662,47.0897],[16.4713,47.0872]]]}},{"type":"Feature","properties":{"landuse":"farmland"},"geometry":{"type":"Polygon","coordinates":[[[16.4871,47.0879],[16.4986,47.0878],[16.503,47.0964],[16.4903,47.0955],[16.4871,47.0879]]]}},{"type":"Feature","properties":{"landuse":"farmland"},"geometry":{"type":"Polygon","coordinates":[[[16.4771,47.0843],[16.4739,47.0861],[16.4742,47.083],[16.4771,47.0843]]]}},{"type":"Feature","properties":{"landuse":"farmland"},"geometry":{"type":"Polygon","coordinates":[[[16.478,47.0829],[16.472,47.08],[16.4769,47.0801],[16.478,47.0829]]]}},{"type":"Feature","properties":{"landuse":"farmland"},"geometry":{"type":"Polygon","coordinates":[[[16.4718,47.0796],[16.473,47.0738],[16.4759,47.0743],[16.4773,47.0796],[16.4718,47.0796]]]}},{"type":"Feature","properties":{"landuse":"farmland"},"geometry":{"type":"Polygon","coordinates":[[[16.5991,47.0061],[16.599,47.0073],[16.5965,47.0068],[16.5991,47.0061]]]}},{"type":"Feature","properties":{"landuse":"farmland"},"geometry":{"type":"Polygon","coordinates":[[[16.4616,47.149],[16.4601,47.149],[16.4607,47.1422],[16.4616,47.149]]]}},{"type":"Feature","properties":{"landuse":"farmland"},"geometry":{"type":"Polygon","coordinates":[[[16.4571,47.1428],[16.4598,47.1468],[16.4574,47.1468],[16.4571,47.1428]]]}},{"type":"Feature","properties":{"landuse":"farmland"},"geometry":{"type":"Polygon","coordinates":[[[16.4601,47.149],[16.4625,47.1514],[16.4579,47.1519],[16.4601,47.149]]]}},{"type":"Feature","properties":{"landuse":"farmland"},"geometry":{"type":"Polygon","coordinates":[[[16.4545,47.1426],[16.4571,47.1428],[16.4578,47.1549],[16.4554,47.1545],[16.4545,47.1426]]]}},{"type":"Feature","properties":{"landuse":"farmland"},"geometry":{"type":"MultiPolygon","coordinates":[[[[16.453,47.155],[16.4554,47.1568],[16.4537,47.1573],[16.453,47.155]]],[[[16.4529,47.1538],[16.4506,47.1454],[16.4541,47.1431],[16.4552,47.1545],[16.4529,47.1538]]]]}},{"type":"Feature","properties":{"landuse":"farmland"},"geometry":{"type":"Polygon","coordinates":[[[16.4692,47.1544],[16.4707,47.1558],[16.4689,47.1558],[16.4692,47.1544]]]}},{"type":"Feature","properties":{"landuse":"farmland"},"geometry":{"type":"Polygon","coordinates":[[[16.4648,47.1524],[16.4671,47.1527],[16.4658,47.1538],[16.4648,47.1524]]]}},{"type":"Feature","properties":{"landuse":"farmland"},"geometry":{"type":"Polygon","coordinates":[[[16.4681,47.1512],[16.468,47.1535],[16.4651,47.1519],[16.4681,47.1512]]]}},{"type":"Feature","properties":{"landuse":"farmland"},"geometry":{"type":"Polygon","coordinates":[[[16.4687,47.1429],[16.4789,47.1456],[16.48,47.1515],[16.4687,47.1429]]]}},{"type":"Feature","properties":{"landuse":"farmland"},"geometry":{"type":"Polygon","coordinates":[[[16.4648,47.1498],[16.4647,47.1429],[16.4683,47.1431],[16.4766,47.1527],[16.4648,47.1498]]]}},{"type":"Feature","properties":{"landuse":"farmland"},"geometry":{"type":"Polygon","coordinates":[[[16.462,47.1481],[16.462,47.1426],[16.4643,47.1426],[16.4648,47.1493],[16.462,47.1481]]]}},{"type":"Feature","properties":{"landuse":"farmland"},"geometry":{"type":"Polygon","coordinates":[[[16.4649,47.1586],[16.4725,47.1587],[16.4746,47.162],[16.4701,47.1626],[16.4649,47.1586]]]}},{"type":"Feature","properties":{"landuse":"farmland"},"geometry":{"type":"MultiPolygon","coordinates":[[[[16.4635,47.1765],[16.4635,47.1713],[16.4696,47.172],[16.4686,47.1775],[16.4635,47.1765]]],[[[16.4739,47.1734],[16.4778,47.1743],[16.4773,47.1782],[16.4693,47.1775],[16.4697,47.172],[16.4739,47.1734]]]]}},{"type":"Feature","properties":{"landuse":"farmland"},"geometry":{"type":"Polygon","coordinates":[[[16.4647,47.1683],[16.4671,47.1688],[16.4663,47.1715],[16.4647,47.1683]]]}},{"type":"Feature","properties":{"landuse":"farmland"},"geometry":{"type":"Polygon","coordinates":[[[16.4779,47.0215],[16.4832,47.0243],[16.4813,47.0287],[16.4707,47.0369],[16.4687,47.0326],[16.4757,47.0275],[16.4779,47.0215]]]}},{"type":"Feature","properties":{"landuse":"farmland"},"geometry":{"type":"Polygon","coordinates":[[[16.4779,47.0215],[16.4832,47.0243],[16.4813,47.0287],[16.4707,47.0369],[16.4687,47.0326],[16.4757,47.0275],[16.4779,47.0215]]]}},{"type":"Feature","properties":{"landuse":"farmland"},"geometry":{"type":"MultiPolygon","coordinates":[[[[16.6391,46.8421],[16.6418,46.8403],[16.6412,46.8415],[16.6391,46.8421]]],[[[16.6386,46.8405],[16.6406,46.8383],[16.6409,46.8402],[16.6386,46.8405]]]]}},{"type":"Feature","properties":{"landuse":"farmland"},"geometry":{"type":"Polygon","coordinates":[[[16.6688,46.7769],[16.6685,46.772],[16.6646,46.7716],[16.673,46.7694],[16.6734,46.7749],[16.6688,46.7769]]]}},{"type":"Feature","properties":{"landuse":"farmland"},"geometry":{"type":"Polygon","coordinates":[[[16.6818,46.7631],[16.6776,46.7639],[16.6774,46.7672],[16.6701,46.767],[16.6729,46.7632],[16.6818,46.7631]]]}},{"type":"Feature","properties":{"landuse":"vineyard"},"geometry":{"type":"Polygon","coordinates":[[[16.6889,46.7601],[16.6934,46.7606],[16.6916,46.7628],[16.6889,46.7601]]]}},{"type":"Feature","properties":{"landuse":"farmland"},"geometry":{"type":"Polygon","coordinates":[[[16.6747,46.7599],[16.6734,46.7566],[16.6776,46.7605],[16.6747,46.7599]]]}},{"type":"Feature","properties":{"landuse":"farmland"},"geometry":{"type":"Polygon","coordinates":[[[16.676,46.761],[16.671,46.7613],[16.6714,46.7593],[16.676,46.761]]]}},{"type":"Feature","properties":{"landuse":"farmland"},"geometry":{"type":"Polygon","coordinates":[[[16.6775,46.7564],[16.6715,46.7542],[16.6766,46.7523],[16.6775,46.7564]]]}},{"type":"Feature","properties":{"landuse":"farmland"},"geometry":{"type":"Polygon","coordinates":[[[16.6854,46.7468],[16.688,46.7497],[16.6818,46.7534],[16.684,46.756],[16.6807,46.7559],[16.6763,46.744],[16.6854,46.7468]]]}},{"type":"Feature","properties":{"landuse":"vineyard"},"geometry":{"type":"Polygon","coordinates":[[[16.6923,46.7458],[16.6947,46.7491],[16.6936,46.7497],[16.6923,46.7458]]]}},{"type":"Feature","properties":{"landuse":"farmland"},"geometry":{"type":"Polygon","coordinates":[[[16.7186,46.7333],[16.7154,46.7329],[16.7173,46.7308],[16.7186,46.7333]]]}},{"type":"Feature","properties":{"landuse":"vineyard"},"geometry":{"type":"Polygon","coordinates":[[[16.6734,46.7209],[16.6754,46.7199],[16.6733,46.7173],[16.677,46.7171],[16.6797,46.7233],[16.677,46.7255],[16.6734,46.7209]]]}},{"type":"Feature","properties":{"landuse":"vineyard"},"geometry":{"type":"Polygon","coordinates":[[[16.6669,46.7194],[16.6761,46.7287],[16.6737,46.7295],[16.6669,46.7194]]]}},{"type":"Feature","properties":{"landuse":"farmland"},"geometry":{"type":"Polygon","coordinates":[[[16.7234,46.6394],[16.7235,46.6308],[16.7244,46.6384],[16.7234,46.6394]]]}},{"type":"Feature","properties":{"landuse":"green_public_spaces"},"geometry":{"type":"Polygon","coordinates":[[[16.6608,46.7153],[16.658,46.7128],[16.6606,46.7123],[16.6608,46.7153]]]}},{"type":"Feature","properties":{"landuse":"farmland"},"geometry":{"type":"Polygon","coordinates":[[[16.6544,47.0914],[16.6556,47.0884],[16.6627,47.0884],[16.6544,47.0914]]]}},{"type":"Feature","properties":{"landuse":"farmland"},"geometry":{"type":"Polygon","coordinates":[[[16.6543,47.0913],[16.6496,47.0881],[16.6555,47.0884],[16.6543,47.0913]]]}},{"type":"Feature","properties":{"landuse":"farmland"},"geometry":{"type":"Polygon","coordinates":[[[16.6531,47.0881],[16.6548,47.0851],[16.6569,47.0856],[16.6531,47.0881]]]}},{"type":"Feature","properties":{"landuse":"farmland"},"geometry":{"type":"Polygon","coordinates":[[[16.6628,47.0882],[16.6557,47.0883],[16.6573,47.0853],[16.6641,47.0864],[16.6628,47.0882]]]}},{"type":"Feature","properties":{"landuse":"farmland"},"geometry":{"type":"Polygon","coordinates":[[[16.6501,47.0828],[16.6558,47.0832],[16.6575,47.085],[16.6501,47.0828]]]}},{"type":"Feature","properties":{"landuse":"farmland"},"geometry":{"type":"Polygon","coordinates":[[[16.6528,47.0847],[16.6501,47.0873],[16.6467,47.0871],[16.6496,47.0845],[16.6528,47.0847]]]}},{"type":"Feature","properties":{"landuse":"farmland"},"geometry":{"type":"Polygon","coordinates":[[[16.6292,47.0705],[16.6218,47.0715],[16.6215,47.068],[16.6227,47.0714],[16.6229,47.0664],[16.629,47.0671],[16.6292,47.0705]]]}},{"type":"Feature","properties":{"landuse":"farmland"},"geometry":{"type":"Polygon","coordinates":[[[16.6294,47.0738],[16.6294,47.0706],[16.641,47.0699],[16.6439,47.0765],[16.6455,47.071],[16.6488,47.0717],[16.6446,47.0781],[16.6294,47.0738]]]}},{"type":"Feature","properties":{"landuse":"farmland"},"geometry":{"type":"Polygon","coordinates":[[[16.6491,47.0718],[16.6561,47.0735],[16.6535,47.0769],[16.6468,47.0752],[16.6491,47.0718]]]}},{"type":"Feature","properties":{"landuse":"farmland"},"geometry":{"type":"Polygon","coordinates":[[[16.6534,47.077],[16.6558,47.0776],[16.6547,47.0799],[16.6534,47.077]]]}},{"type":"Feature","properties":{"landuse":"farmland"},"geometry":{"type":"Polygon","coordinates":[[[16.4436,46.7804],[16.451,46.7818],[16.4532,46.7893],[16.4454,46.7904],[16.4436,46.7804]]]}},{"type":"Feature","properties":{"landuse":"farmland"},"geometry":{"type":"Polygon","coordinates":[[[16.5755,46.8346],[16.5845,46.8336],[16.5844,46.8371],[16.5794,46.838],[16.5755,46.8346]]]}},{"type":"Feature","properties":{"landuse":"farmland"},"geometry":{"type":"Polygon","coordinates":[[[16.6335,47.0967],[16.628,47.0934],[16.631,47.0913],[16.637,47.0951],[16.6335,47.0967]]]}},{"type":"Feature","properties":{"landuse":"farmland"},"geometry":{"type":"Polygon","coordinates":[[[16.6544,47.0983],[16.655,47.1005],[16.6518,47.1006],[16.6335,47.0967],[16.6544,47.0983]]]}},{"type":"Feature","properties":{"landuse":"farmland"},"geometry":{"type":"Polygon","coordinates":[[[16.6507,47.0937],[16.6545,47.0952],[16.6534,47.098],[16.6494,47.0972],[16.6507,47.0937]]]}},{"type":"Feature","properties":{"landuse":"farmland"},"geometry":{"type":"Polygon","coordinates":[[[16.6551,47.0947],[16.6536,47.0919],[16.6577,47.0909],[16.6626,47.0939],[16.6551,47.0947]]]}},{"type":"Feature","properties":{"landuse":"farmland"},"geometry":{"type":"Polygon","coordinates":[[[16.6458,47.0897],[16.6364,47.088],[16.6368,47.0858],[16.6499,47.0874],[16.6458,47.0897]]]}},{"type":"Feature","properties":{"landuse":"farmland"},"geometry":{"type":"Polygon","coordinates":[[[16.6496,47.0881],[16.6522,47.09],[16.6494,47.0972],[16.6413,47.0957],[16.6496,47.0881]]]}},{"type":"Feature","properties":{"landuse":"farmland"},"geometry":{"type":"Polygon","coordinates":[[[16.6347,47.0893],[16.6444,47.091],[16.641,47.0956],[16.6348,47.0942],[16.6396,47.0938],[16.6347,47.0893]]]}},{"type":"Feature","properties":{"landuse":"farmland"},"geometry":{"type":"Polygon","coordinates":[[[16.6343,47.0851],[16.629,47.0872],[16.6294,47.074],[16.6445,47.0783],[16.6409,47.0838],[16.6343,47.0851]]]}},{"type":"Feature","properties":{"landuse":"farmland"},"geometry":{"type":"Polygon","coordinates":[[[16.6344,47.085],[16.6408,47.0839],[16.6394,47.0861],[16.6344,47.085]]]}},{"type":"Feature","properties":{"landuse":"farmland"},"geometry":{"type":"Polygon","coordinates":[[[16.6508,47.0793],[16.6494,47.0843],[16.6412,47.0838],[16.6448,47.0782],[16.6508,47.0793]]]}},{"type":"Feature","properties":{"landuse":"farmland"},"geometry":{"type":"Polygon","coordinates":[[[16.6193,47.0839],[16.6233,47.0778],[16.6289,47.0782],[16.6269,47.0854],[16.6193,47.0839]]]}},{"type":"Feature","properties":{"landuse":"farmland"},"geometry":{"type":"Polygon","coordinates":[[[16.6196,47.083],[16.6186,47.0781],[16.6232,47.0775],[16.6196,47.083]]]}},{"type":"Feature","properties":{"landuse":"farmland"},"geometry":{"type":"Polygon","coordinates":[[[16.6218,47.0715],[16.6292,47.0717],[16.6292,47.0739],[16.6183,47.0759],[16.6218,47.0715]]]}},{"type":"Feature","properties":{"landuse":"farmland"},"geometry":{"type":"Polygon","coordinates":[[[16.7752,46.5447],[16.7745,46.5473],[16.7725,46.5472],[16.7752,46.5447]]]}},{"type":"Feature","properties":{"landuse":"farmland"},"geometry":{"type":"Polygon","coordinates":[[[16.7803,46.5438],[16.7819,46.5459],[16.7785,46.5467],[16.7803,46.5438]]]}},{"type":"Feature","properties":{"landuse":"farmland"},"geometry":{"type":"Polygon","coordinates":[[[16.8057,46.4981],[16.8036,46.4982],[16.8043,46.4963],[16.8057,46.4981]]]}},{"type":"Feature","properties":{"landuse":"farmland"},"geometry":{"type":"Polygon","coordinates":[[[16.8057,46.4981],[16.8052,46.4994],[16.8034,46.4992],[16.8057,46.4981]]]}},{"type":"Feature","properties":{"landuse":"farmland"},"geometry":{"type":"Polygon","coordinates":[[[16.8126,46.5012],[16.8166,46.5014],[16.8144,46.5024],[16.8162,46.5091],[16.8138,46.5091],[16.8126,46.5012]]]}},{"type":"Feature","properties":{"landuse":"vineyard"},"geometry":{"type":"MultiPolygon","coordinates":[[[[17.048,47.2248],[17.0475,47.2246],[17.0484,47.2243],[17.048,47.2248]]],[[[17.0476,47.2256],[17.0491,47.2241],[17.0319,47.223],[17.0401,47.2219],[17.0406,47.2178],[17.0541,47.2244],[17.0502,47.2286],[17.0469,47.228],[17.0476,47.2256]],[[17.049,47.2284],[17.0492,47.2277],[17.0486,47.2283],[17.049,47.2284]],[[17.0518,47.2263],[17.0522,47.2259],[17.0505,47.2255],[17.0518,47.2263]],[[17.0515,47.2269],[17.0528,47.2263],[17.0511,47.2267],[17.0515,47.2269]],[[17.045,47.2239],[17.0461,47.2234],[17.0428,47.2233],[17.045,47.2239]]]]}},{"type":"Feature","properties":{"landuse":"farmland"},"geometry":{"type":"Polygon","coordinates":[[[17.2423,46.8806],[17.2348,46.8813],[17.2376,46.8769],[17.2423,46.8806]]]}},{"type":"Feature","properties":{"landuse":"farmland"},"geometry":{"type":"Polygon","coordinates":[[[17.2384,46.8822],[17.2377,46.8812],[17.2433,46.8807],[17.2384,46.8822]]]}},{"type":"Feature","properties":{"landuse":"farmland"},"geometry":{"type":"Polygon","coordinates":[[[17.2283,46.879],[17.2306,46.8813],[17.2255,46.8813],[17.2259,46.8782],[17.2283,46.879]]]}},{"type":"Feature","properties":{"landuse":"farmland"},"geometry":{"type":"Polygon","coordinates":[[[17.2331,46.8758],[17.23,46.8801],[17.2258,46.8739],[17.2331,46.8758]]]}},{"type":"Feature","properties":{"landuse":"vineyard"},"geometry":{"type":"Polygon","coordinates":[[[17.0432,46.5327],[17.0393,46.5263],[17.0402,46.5175],[17.045,46.5134],[17.0462,46.5061],[17.0501,46.5047],[17.0492,46.5134],[17.0463,46.5136],[17.0487,46.515],[17.0443,46.5205],[17.0463,46.5286],[17.0432,46.5327]]]}},{"type":"Feature","properties":{"landuse":"farmland"},"geometry":{"type":"Polygon","coordinates":[[[16.9886,46.5504],[16.9879,46.5469],[16.9923,46.5472],[16.9886,46.5504]]]}},{"type":"Feature","properties":{"landuse":"farmland"},"geometry":{"type":"Polygon","coordinates":[[[16.9854,46.5444],[16.9881,46.545],[16.9876,46.5492],[16.9854,46.5444]]]}},{"type":"Feature","properties":{"landuse":"farmland"},"geometry":{"type":"Polygon","coordinates":[[[17.0005,46.5392],[17.0024,46.5383],[17.0043,46.5415],[17.0005,46.5392]]]}},{"type":"Feature","properties":{"landuse":"farmland"},"geometry":{"type":"Polygon","coordinates":[[[17.045,47.797],[17.0484,47.7907],[17.0527,47.7966],[17.0495,47.7994],[17.045,47.797]],[[17.0484,47.7955],[17.0491,47.7949],[17.0486,47.7947],[17.0484,47.7955]]]}},{"type":"Feature","properties":{"landuse":"farmland"},"geometry":{"type":"Polygon","coordinates":[[[17.0534,47.7976],[17.0612,47.802],[17.0557,47.8067],[17.0421,47.7996],[17.0534,47.7976]],[[17.0551,47.8031],[17.0555,47.8027],[17.0546,47.8029],[17.0551,47.8031]],[[17.0514,47.7996],[17.052,47.7991],[17.051,47.7993],[17.0514,47.7996]]]}},{"type":"Feature","properties":{"landuse":"green_public_spaces"},"geometry":{"type":"Polygon","coordinates":[[[17.4892,47.4563],[17.4897,47.4571],[17.4881,47.4576],[17.4892,47.4563]]]}},{"type":"Feature","properties":{"landuse":"farmland"},"geometry":{"type":"Polygon","coordinates":[[[16.6617,46.5534],[16.6591,46.5512],[16.6645,46.5514],[16.6617,46.5534]]]}},{"type":"Feature","properties":{"landuse":"vineyard"},"geometry":{"type":"Polygon","coordinates":[[[16.6009,47.6543],[16.5942,47.6625],[16.5916,47.6611],[16.5989,47.6463],[16.594,47.6436],[16.5949,47.6411],[16.5928,47.6433],[16.5923,47.6399],[16.599,47.6416],[16.604,47.6394],[16.611,47.6484],[16.6054,47.6578],[16.6009,47.6543]],[[16.5988,47.6479],[16.5996,47.6484],[16.5997,47.6479],[16.5988,47.6479]],[[16.6013,47.6441],[16.6025,47.6426],[16.6014,47.6423],[16.6013,47.6441]],[[16.6018,47.652],[16.6027,47.6536],[16.6042,47.6521],[16.6018,47.652]],[[16.5976,47.6569],[16.5991,47.6556],[16.5952,47.6569],[16.5976,47.6569]],[[16.6009,47.6477],[16.6059,47.6478],[16.6049,47.6435],[16.6009,47.6477]]]}},{"type":"Feature","properties":{"landuse":"farmland"},"geometry":{"type":"Polygon","coordinates":[[[16.9469,47.6041],[16.9447,47.602],[16.937,47.6072],[16.9223,47.6008],[16.9206,47.5972],[16.9119,47.6014],[16.9099,47.5996],[16.9036,47.6053],[16.8994,47.6021],[16.9076,47.5955],[16.9039,47.5942],[16.9395,47.5887],[16.9398,47.5949],[16.9537,47.597],[16.9469,47.6041]]]}},{"type":"Feature","properties":{"landuse":"farmland"},"geometry":{"type":"Polygon","coordinates":[[[17.09,46.9437],[17.0929,46.9442],[17.0907,46.9447],[17.09,46.9437]]]}},{"type":"Feature","properties":{"landuse":"farmland"},"geometry":{"type":"Polygon","coordinates":[[[17.0958,46.9393],[17.094,46.9438],[17.0874,46.9413],[17.0958,46.9393]]]}},{"type":"Feature","properties":{"landuse":"farmland"},"geometry":{"type":"Polygon","coordinates":[[[17.0589,46.959],[17.0617,46.9586],[17.0615,46.9614],[17.0589,46.959]]]}},{"type":"Feature","properties":{"landuse":"green_public_spaces"},"geometry":{"type":"Polygon","coordinates":[[[16.9917,46.4488],[16.9963,46.4484],[16.9966,46.4498],[16.9917,46.4488]]]}},{"type":"Feature","properties":{"landuse":"farmland"},"geometry":{"type":"Polygon","coordinates":[[[17.1282,46.9718],[17.1231,46.9629],[17.1269,46.9646],[17.1282,46.9718]]]}},{"type":"Feature","properties":{"landuse":"farmland"},"geometry":{"type":"Polygon","coordinates":[[[17.0968,46.9565],[17.1124,46.9597],[17.1136,46.9576],[17.1093,46.9569],[17.1154,46.9439],[17.11,46.9539],[17.1068,46.9535],[17.1101,46.9442],[17.1022,46.9556],[17.097,46.9544],[17.0952,46.9459],[17.1001,46.9451],[17.1018,46.9402],[17.1181,46.9429],[17.1197,46.9578],[17.1175,46.9584],[17.121,46.96],[17.1138,46.9609],[17.118,46.9627],[17.1172,46.9707],[17.1221,46.9758],[17.113,46.9803],[17.0983,46.9782],[17.0972,46.9752],[17.1009,46.9755],[17.0979,46.9738],[17.1035,46.9733],[17.101,46.9723],[17.1025,46.9697],[17.0975,46.969],[17.0968,46.9565]],[[17.1175,46.9657],[17.1175,46.9641],[17.1144,46.9651],[17.1175,46.9657]],[[17.1135,46.9555],[17.1144,46.9557],[17.1146,46.955],[17.1135,46.9555]],[[17.115,46.9588],[17.1159,46.9588],[17.116,46.9583],[17.115,46.9588]]]}},{"type":"Feature","properties":{"landuse":"orchard"},"geometry":{"type":"Polygon","coordinates":[[[17.1209,46.9611],[17.1191,46.9651],[17.1137,46.9626],[17.1209,46.9611]]]}},{"type":"Feature","properties":{"landuse":"orchard"},"geometry":{"type":"Polygon","coordinates":[[[17.0972,46.9752],[17.1009,46.9741],[17.1009,46.9755],[17.0972,46.9752]]]}},{"type":"Feature","properties":{"landuse":"farmland"},"geometry":{"type":"Polygon","coordinates":[[[17.0993,46.9721],[17.0978,46.9699],[17.099,46.9698],[17.0993,46.9721]]]}},{"type":"Feature","properties":{"landuse":"farmland"},"geometry":{"type":"Polygon","coordinates":[[[17.0767,46.97],[17.0708,46.9671],[17.0716,46.9632],[17.0679,46.9614],[17.0685,46.9593],[17.0701,46.9613],[17.0716,46.9537],[17.0762,46.9543],[17.0718,46.9534],[17.0724,46.9509],[17.0777,46.9519],[17.0759,46.9561],[17.0801,46.9567],[17.0932,46.9504],[17.096,46.9688],[17.0926,46.9691],[17.096,46.9691],[17.0825,46.9706],[17.0809,46.9748],[17.0776,46.9747],[17.0796,46.9639],[17.0767,46.97]],[[17.0785,46.9701],[17.0793,46.9714],[17.0901,46.9694],[17.0785,46.9701]],[[17.0825,46.9631],[17.0846,46.9629],[17.0843,46.9623],[17.0825,46.9631]],[[17.0879,46.9708],[17.0894,46.9708],[17.0893,46.97],[17.0879,46.9708]],[[17.072,46.96],[17.0701,46.9617],[17.072,46.9626],[17.072,46.96]]]}},{"type":"Feature","properties":{"landuse":"farmland"},"geometry":{"type":"Polygon","coordinates":[[[17.0747,46.9799],[17.0724,46.98],[17.0758,46.9774],[17.0747,46.9799]]]}},{"type":"Feature","properties":{"landuse":"farmland"},"geometry":{"type":"Polygon","coordinates":[[[17.0962,46.9697],[17.0962,46.977],[17.0918,46.9765],[17.0958,46.9773],[17.0993,46.9838],[17.0965,46.9844],[17.1,46.9847],[17.0855,46.9845],[17.0813,46.9812],[17.0834,46.9709],[17.0962,46.9697]]]}},{"type":"Feature","properties":{"landuse":"farmland"},"geometry":{"type":"Polygon","coordinates":[[[17.0771,46.9852],[17.0745,46.9854],[17.0759,46.9832],[17.0771,46.9852]]]}},{"type":"Feature","properties":{"landuse":"farmland"},"geometry":{"type":"Polygon","coordinates":[[[17.0671,46.9837],[17.0688,46.9798],[17.0663,46.9787],[17.0706,46.9712],[17.0772,46.9706],[17.0671,46.9837]]]}},{"type":"Feature","properties":{"landuse":"farmland"},"geometry":{"type":"Polygon","coordinates":[[[17.1024,46.92],[17.0943,46.9222],[17.095,46.9253],[17.0971,46.9231],[17.0945,46.9271],[17.102,46.9209],[17.1103,46.9191],[17.1183,46.9221],[17.1169,46.9289],[17.1351,46.9425],[17.1272,46.942],[17.1297,46.9471],[17.1274,46.9463],[17.1242,46.9443],[17.1262,46.9438],[17.1225,46.9352],[17.1198,46.9351],[17.1181,46.9429],[17.0968,46.9395],[17.0958,46.9344],[17.0884,46.936],[17.0891,46.9325],[17.0918,46.9328],[17.0859,46.9313],[17.0857,46.9252],[17.0802,46.9232],[17.0821,46.9198],[17.0788,46.9168],[17.0798,46.9121],[17.0828,46.9121],[17.08,46.9115],[17.0817,46.9075],[17.0849,46.9071],[17.0822,46.9066],[17.0847,46.9021],[17.0864,46.907],[17.09,46.9077],[17.0893,46.9114],[17.0871,46.9107],[17.0928,46.9079],[17.0907,46.9127],[17.0914,46.9024],[17.0922,46.9056],[17.0967,46.9029],[17.0944,46.9131],[17.097,46.903],[17.0998,46.9039],[17.0981,46.9153],[17.1013,46.9089],[17.1005,46.9137],[17.1024,46.9097],[17.1053,46.9116],[17.1024,46.92]],[[17.1038,46.9276],[17.1136,46.9302],[17.114,46.928],[17.1038,46.9276]],[[17.114,46.9258],[17.1161,46.9243],[17.1148,46.9231],[17.114,46.9258]],[[17.0865,46.9181],[17.0908,46.9199],[17.0923,46.9148],[17.0865,46.9181]],[[17.083,46.9137],[17.0897,46.9144],[17.0899,46.9138],[17.083,46.9137]]]}},{"type":"Feature","properties":{"landuse":"farmland"},"geometry":{"type":"Polygon","coordinates":[[[17.0711,46.9163],[17.0758,46.913],[17.0766,46.9222],[17.0711,46.9203],[17.0706,46.9233],[17.0647,46.9229],[17.0711,46.9163]]]}},{"type":"Feature","properties":{"landuse":"farmland"},"geometry":{"type":"Polygon","coordinates":[[[17.0828,46.9248],[17.082,46.9302],[17.0802,46.9246],[17.0828,46.9248]]]}},{"type":"Feature","properties":{"landuse":"farmland"},"geometry":{"type":"Polygon","coordinates":[[[17.0806,46.9327],[17.0816,46.9305],[17.0815,46.9328],[17.0806,46.9327]]]}},{"type":"Feature","properties":{"landuse":"farmland"},"geometry":{"type":"Polygon","coordinates":[[[17.0815,46.937],[17.0792,46.9347],[17.0806,46.9334],[17.0815,46.937]]]}},{"type":"Feature","properties":{"landuse":"green_public_spaces"},"geometry":{"type":"Polygon","coordinates":[[[17.0735,46.9428],[17.0721,46.9472],[17.0714,46.9438],[17.0735,46.9428]]]}},{"type":"Feature","properties":{"landuse":"farmland"},"geometry":{"type":"Polygon","coordinates":[[[17.0642,46.9401],[17.0637,46.9305],[17.0568,46.9315],[17.0674,46.9288],[17.0672,46.9348],[17.0715,46.9372],[17.0642,46.9401]]]}},{"type":"Feature","properties":{"landuse":"farmland"},"geometry":{"type":"Polygon","coordinates":[[[17.056,46.935],[17.0532,46.9361],[17.0522,46.9353],[17.056,46.935]]]}},{"type":"Feature","properties":{"landuse":"farmland"},"geometry":{"type":"Polygon","coordinates":[[[17.0608,46.9491],[17.0593,46.9493],[17.0605,46.9462],[17.0608,46.9491]]]}},{"type":"Feature","properties":{"landuse":"farmland"},"geometry":{"type":"Polygon","coordinates":[[[17.0969,46.8451],[17.096,46.8465],[17.0936,46.8457],[17.0969,46.8451]]]}},{"type":"Feature","properties":{"landuse":"farmland"},"geometry":{"type":"Polygon","coordinates":[[[17.0905,46.8494],[17.0876,46.8485],[17.0885,46.8455],[17.1,46.8466],[17.0972,46.851],[17.0943,46.8506],[17.0955,46.8485],[17.0942,46.8505],[17.095,46.848],[17.0905,46.8494]]]}},{"type":"Feature","properties":{"landuse":"farmland"},"geometry":{"type":"Polygon","coordinates":[[[17.1306,46.8464],[17.1245,46.8483],[17.1264,46.8455],[17.1196,46.8512],[17.1143,46.8508],[17.1182,46.8369],[17.1306,46.8464]],[[17.1216,46.8415],[17.1212,46.8406],[17.1207,46.8412],[17.1216,46.8415]]]}},{"type":"Feature","properties":{"landuse":"farmland"},"geometry":{"type":"Polygon","coordinates":[[[17.1037,46.8271],[17.1045,46.8298],[17.1001,46.8295],[17.1037,46.8271]]]}},{"type":"Feature","properties":{"landuse":"farmland"},"geometry":{"type":"Polygon","coordinates":[[[17.0856,46.8211],[17.0794,46.8218],[17.0837,46.8169],[17.091,46.8151],[17.0909,46.8121],[17.0946,46.8126],[17.0921,46.8186],[17.0906,46.8157],[17.0856,46.8211]]]}},{"type":"Feature","properties":{"landuse":"farmland"},"geometry":{"type":"Polygon","coordinates":[[[17.0848,46.8277],[17.0824,46.8277],[17.0869,46.8264],[17.0848,46.8277]]]}},{"type":"Feature","properties":{"landuse":"farmland"},"geometry":{"type":"Polygon","coordinates":[[[17.0837,46.8376],[17.0797,46.8371],[17.0799,46.8318],[17.0847,46.8318],[17.0816,46.832],[17.0803,46.836],[17.0837,46.8376]]]}},{"type":"Feature","properties":{"landuse":"farmland"},"geometry":{"type":"Polygon","coordinates":[[[17.0766,46.8297],[17.0746,46.8324],[17.0799,46.8253],[17.0766,46.8297]]]}},{"type":"Feature","properties":{"landuse":"farmland"},"geometry":{"type":"Polygon","coordinates":[[[17.0721,46.8376],[17.0741,46.8403],[17.0774,46.8362],[17.0821,46.8416],[17.0762,46.8417],[17.0791,46.8374],[17.0721,46.8442],[17.0693,46.8383],[17.0707,46.8401],[17.0721,46.8376]]]}},{"type":"Feature","properties":{"landuse":"farmland"},"geometry":{"type":"Polygon","coordinates":[[[17.3005,46.8667],[17.302,46.871],[17.3091,46.871],[17.3016,46.8728],[17.3061,46.8734],[17.3015,46.8785],[17.2962,46.8771],[17.2976,46.8732],[17.3009,46.8734],[17.2981,46.8697],[17.3023,46.8699],[17.2986,46.8695],[17.3005,46.8667]],[[17.3012,46.8735],[17.3026,46.8742],[17.3021,46.8737],[17.3012,46.8735]],[[17.3031,46.8741],[17.3046,46.8747],[17.3037,46.8738],[17.3031,46.8741]],[[17.2954,46.8756],[17.2968,46.876],[17.2971,46.8757],[17.2954,46.8756]],[[17.301,46.8733],[17.303,46.8741],[17.3033,46.8739],[17.301,46.8733]],[[17.3017,46.8714],[17.302,46.8709],[17.3009,46.8703],[17.3017,46.8714]]]}},{"type":"Feature","properties":{"landuse":"farmland"},"geometry":{"type":"Polygon","coordinates":[[[17.2895,46.8872],[17.2945,46.8844],[17.295,46.89],[17.2886,46.8914],[17.2895,46.8872]]]}},{"type":"Feature","properties":{"landuse":"farmland"},"geometry":{"type":"Polygon","coordinates":[[[17.2954,46.8664],[17.2918,46.8747],[17.2938,46.8782],[17.2823,46.8733],[17.2839,46.8699],[17.2916,46.8706],[17.2937,46.8643],[17.2954,46.8664]],[[17.2946,46.8653],[17.2942,46.8649],[17.2935,46.8656],[17.2946,46.8653]],[[17.2827,46.8732],[17.2831,46.8732],[17.2873,46.8711],[17.2827,46.8732]],[[17.284,46.8734],[17.2845,46.8735],[17.2872,46.8721],[17.284,46.8734]]]}},{"type":"Feature","properties":{"landuse":"farmland"},"geometry":{"type":"Polygon","coordinates":[[[16.6376,46.5904],[16.641,46.5892],[16.6389,46.5916],[16.6376,46.5904]]]}},{"type":"Feature","properties":{"landuse":"farmland"},"geometry":{"type":"Polygon","coordinates":[[[16.6425,46.5857],[16.6424,46.5872],[16.6401,46.5869],[16.6425,46.5857]]]}},{"type":"Feature","properties":{"landuse":"farmland"},"geometry":{"type":"Polygon","coordinates":[[[16.645,46.5904],[16.6432,46.5884],[16.6446,46.5879],[16.645,46.5904]]]}},{"type":"Feature","properties":{"landuse":"farmland"},"geometry":{"type":"Polygon","coordinates":[[[16.8846,46.4808],[16.8872,46.4647],[16.8918,46.4638],[16.8955,46.4685],[16.8933,46.4692],[16.8984,46.4721],[16.8892,46.4919],[16.8862,46.4922],[16.8875,46.488],[16.8846,46.484],[16.8879,46.4856],[16.8875,46.4813],[16.8846,46.4808]]]}},{"type":"Feature","properties":{"landuse":"farmland"},"geometry":{"type":"Polygon","coordinates":[[[16.8988,46.4712],[16.8966,46.4686],[16.9052,46.4689],[16.8967,46.4681],[16.8921,46.4624],[16.9141,46.4606],[16.9061,46.469],[16.9045,46.4756],[16.8988,46.4712]]]}},{"type":"Feature","properties":{"landuse":"farmland"},"geometry":{"type":"Polygon","coordinates":[[[16.9114,46.4604],[16.8997,46.4598],[16.8996,46.4575],[16.909,46.4559],[16.9114,46.4604]]]}},{"type":"Feature","properties":{"landuse":"green_public_spaces"},"geometry":{"type":"Polygon","coordinates":[[[17.6598,47.7258],[17.657,47.7285],[17.6559,47.7286],[17.6598,47.7258]]]}},{"type":"Feature","properties":{"landuse":"green_public_spaces"},"geometry":{"type":"MultiPolygon","coordinates":[[[[16.5906,47.6791],[16.5915,47.6795],[16.591,47.6796],[16.5906,47.6791]]],[[[16.5889,47.6802],[16.5905,47.6793],[16.5908,47.6796],[16.5889,47.6802]]],[[[16.5867,47.6809],[16.5865,47.6806],[16.5888,47.6802],[16.5867,47.6809]]],[[[16.5824,47.6823],[16.5822,47.682],[16.5864,47.6806],[16.5824,47.6823]]]]}},{"type":"Feature","properties":{"landuse":"green_public_spaces"},"geometry":{"type":"Polygon","coordinates":[[[16.7443,47.3896],[16.743,47.3905],[16.7402,47.3881],[16.7443,47.3896]]]}},{"type":"Feature","properties":{"landuse":"farmland"},"geometry":{"type":"Polygon","coordinates":[[[17.2599,47.6037],[17.2644,47.603],[17.2657,47.607],[17.2708,47.6086],[17.2612,47.6104],[17.2608,47.6133],[17.2569,47.6103],[17.2599,47.6037]],[[17.2573,47.608],[17.2582,47.6078],[17.2573,47.6078],[17.2573,47.608]],[[17.2574,47.6088],[17.2582,47.6088],[17.2582,47.6086],[17.2574,47.6086],[17.2574,47.6088]],[[17.2576,47.6096],[17.2582,47.609],[17.2576,47.609],[17.2576,47.6096]]]}},{"type":"Feature","properties":{"landuse":"farmland"},"geometry":{"type":"Polygon","coordinates":[[[16.5542,46.8401],[16.556,46.8392],[16.556,46.8408],[16.5542,46.8401]]]}},{"type":"Feature","properties":{"landuse":"farmland"},"geometry":{"type":"Polygon","coordinates":[[[16.4336,46.8576],[16.434,46.8525],[16.437,46.8538],[16.4363,46.858],[16.4336,46.8576]]]}},{"type":"Feature","properties":{"landuse":"vineyard"},"geometry":{"type":"Polygon","coordinates":[[[16.586,47.718],[16.5859,47.7155],[16.5868,47.7156],[16.586,47.718]]]}},{"type":"Feature","properties":{"landuse":"vineyard"},"geometry":{"type":"Polygon","coordinates":[[[16.5872,47.7156],[16.5861,47.7128],[16.588,47.7133],[16.5872,47.7156]]]}},{"type":"Feature","properties":{"landuse":"farmland"},"geometry":{"type":"Polygon","coordinates":[[[16.5872,47.7156],[16.588,47.7133],[16.5945,47.7151],[16.5885,47.7184],[16.586,47.718],[16.5872,47.7156]]]}},{"type":"Feature","properties":{"landuse":"vineyard"},"geometry":{"type":"Polygon","coordinates":[[[16.5853,47.7083],[16.5875,47.7094],[16.5838,47.7099],[16.5853,47.7083]]]}},{"type":"Feature","properties":{"landuse":"vineyard"},"geometry":{"type":"Polygon","coordinates":[[[16.5875,47.7052],[16.5858,47.7086],[16.5836,47.7073],[16.5875,47.7052]]]}},{"type":"Feature","properties":{"landuse":"vineyard"},"geometry":{"type":"Polygon","coordinates":[[[16.5956,47.7101],[16.5877,47.7104],[16.593,47.7047],[16.5956,47.7101]]]}},{"type":"Feature","properties":{"landuse":"farmland"},"geometry":{"type":"Polygon","coordinates":[[[16.5442,46.5615],[16.5402,46.5597],[16.5433,46.5596],[16.5442,46.5615]]]}},{"type":"Feature","properties":{"landuse":"farmland"},"geometry":{"type":"Polygon","coordinates":[[[16.7817,46.5365],[16.7804,46.54],[16.7776,46.5365],[16.7817,46.5365]]]}},{"type":"Feature","properties":{"landuse":"orchard"},"geometry":{"type":"Polygon","coordinates":[[[17.0985,46.4907],[17.0905,46.4954],[17.0887,46.5005],[17.0844,46.4967],[17.0889,46.4839],[17.0962,46.4857],[17.0985,46.4907]],[[17.0889,46.4891],[17.0899,46.4892],[17.0901,46.4887],[17.0889,46.4891]]]}},{"type":"Feature","properties":{"landuse":"green_public_spaces"},"geometry":{"type":"Polygon","coordinates":[[[16.802,46.4052],[16.8038,46.4049],[16.8047,46.4086],[16.802,46.4052]],[[16.8026,46.4068],[16.8037,46.4055],[16.8025,46.4059],[16.8026,46.4068]],[[16.8027,46.4071],[16.8031,46.4086],[16.8038,46.4067],[16.8027,46.4071]]]}},{"type":"Feature","properties":{"landuse":"farmland"},"geometry":{"type":"Polygon","coordinates":[[[17.0362,47.3794],[17.0338,47.3726],[17.0352,47.3718],[17.0362,47.3794]]]}},{"type":"Feature","properties":{"landuse":"farmland"},"geometry":{"type":"Polygon","coordinates":[[[16.9764,47.2616],[16.9855,47.2579],[16.992,47.2644],[16.9843,47.2631],[16.9805,47.2656],[16.9764,47.2616]]]}},{"type":"Feature","properties":{"landuse":"farmland"},"geometry":{"type":"Polygon","coordinates":[[[17.0199,47.3608],[17.0168,47.3603],[17.0187,47.3594],[17.0199,47.3608]]]}},{"type":"Feature","properties":{"landuse":"farmland"},"geometry":{"type":"Polygon","coordinates":[[[17.1513,47.4356],[17.1456,47.4345],[17.1532,47.4348],[17.1513,47.4356]],[[17.1512,47.4353],[17.1516,47.4353],[17.1514,47.435],[17.1512,47.4353]]]}},{"type":"Feature","properties":{"landuse":"farmland"},"geometry":{"type":"Polygon","coordinates":[[[17.191,47.4449],[17.1887,47.4444],[17.1951,47.4431],[17.191,47.4449]]]}},{"type":"Feature","properties":{"landuse":"farmland"},"geometry":{"type":"Polygon","coordinates":[[[17.4321,47.5823],[17.4337,47.581],[17.4342,47.5819],[17.4321,47.5823]]]}},{"type":"Feature","properties":{"landuse":"farmland"},"geometry":{"type":"Polygon","coordinates":[[[17.4592,47.6239],[17.4642,47.62],[17.4606,47.6257],[17.4575,47.6257],[17.4592,47.6239]],[[17.4621,47.6219],[17.4618,47.6221],[17.4623,47.6223],[17.4621,47.6219]]]}},{"type":"Feature","properties":{"landuse":"farmland"},"geometry":{"type":"Polygon","coordinates":[[[17.4705,47.6167],[17.4687,47.6189],[17.469,47.6161],[17.4644,47.6168],[17.4659,47.6146],[17.4705,47.6167]]]}},{"type":"Feature","properties":{"landuse":"farmland"},"geometry":{"type":"Polygon","coordinates":[[[17.4374,47.5979],[17.4262,47.609],[17.4309,47.6117],[17.4293,47.6088],[17.4353,47.6034],[17.4408,47.6045],[17.4352,47.6117],[17.4379,47.613],[17.4363,47.6206],[17.427,47.6167],[17.4109,47.6252],[17.407,47.6252],[17.4007,47.6099],[17.3941,47.6056],[17.4044,47.5903],[17.4117,47.5939],[17.4083,47.5973],[17.417,47.6016],[17.4295,47.5871],[17.4301,47.5909],[17.4431,47.5989],[17.4374,47.5979]]]}},{"type":"Feature","properties":{"landuse":"farmland"},"geometry":{"type":"Polygon","coordinates":[[[17.5902,47.6577],[17.5862,47.6572],[17.5864,47.6557],[17.5902,47.6577]]]}},{"type":"Feature","properties":{"landuse":"farmland"},"geometry":{"type":"Polygon","coordinates":[[[17.584,47.6607],[17.5831,47.6569],[17.5857,47.6599],[17.584,47.6607]]]}},{"type":"Feature","properties":{"landuse":"farmland"},"geometry":{"type":"Polygon","coordinates":[[[17.5987,47.6561],[17.5945,47.66],[17.5918,47.6577],[17.5987,47.6561]]]}},{"type":"Feature","properties":{"landuse":"farmland"},"geometry":{"type":"Polygon","coordinates":[[[17.5814,47.6558],[17.581,47.658],[17.5795,47.6572],[17.5814,47.6558]]]}},{"type":"Feature","properties":{"landuse":"green_public_spaces"},"geometry":{"type":"Polygon","coordinates":[[[17.5866,47.6393],[17.5841,47.6381],[17.5872,47.6378],[17.5866,47.6393]]]}},{"type":"Feature","properties":{"landuse":"farmland"},"geometry":{"type":"Polygon","coordinates":[[[17.5865,47.6389],[17.5865,47.6382],[17.5897,47.6386],[17.5865,47.6389]]]}},{"type":"Feature","properties":{"landuse":"green_public_spaces"},"geometry":{"type":"Polygon","coordinates":[[[17.2406,46.7402],[17.2421,46.7402],[17.2426,46.7419],[17.2406,46.7402]]]}},{"type":"Feature","properties":{"landuse":"farmland"},"geometry":{"type":"Polygon","coordinates":[[[16.825,46.4165],[16.8272,46.4165],[16.8256,46.4176],[16.825,46.4165]]]}},{"type":"Feature","properties":{"landuse":"farmland"},"geometry":{"type":"MultiPolygon","coordinates":[[[[16.8447,46.449],[16.8413,46.4391],[16.8451,46.4331],[16.8476,46.4373],[16.8445,46.4379],[16.8476,46.4381],[16.8447,46.449]],[[16.8459,46.4419],[16.8466,46.4412],[16.846,46.4415],[16.8459,46.4419]]],[[[16.8544,46.431],[16.8545,46.4365],[16.848,46.4375],[16.8447,46.4281],[16.8483,46.4365],[16.8466,46.4289],[16.8544,46.431]]],[[[16.8395,46.4413],[16.8402,46.4414],[16.8396,46.4423],[16.8395,46.4413]]]]}},{"type":"Feature","properties":{"landuse":"farmland"},"geometry":{"type":"MultiPolygon","coordinates":[[[[16.8904,46.4593],[16.8896,46.4599],[16.8893,46.4593],[16.8904,46.4593]]],[[[16.8893,46.4591],[16.8906,46.4586],[16.894,46.4594],[16.8893,46.4591]]]]}},{"type":"Feature","properties":{"landuse":"farmland"},"geometry":{"type":"Polygon","coordinates":[[[16.8474,46.3834],[16.8531,46.3824],[16.8533,46.3909],[16.8451,46.3845],[16.8474,46.3834]]]}},{"type":"Feature","properties":{"landuse":"farmland"},"geometry":{"type":"Polygon","coordinates":[[[16.8429,46.3843],[16.8413,46.3862],[16.8385,46.3824],[16.8429,46.3843]]]}},{"type":"Feature","properties":{"landuse":"green_public_spaces"},"geometry":{"type":"Polygon","coordinates":[[[16.8574,46.8481],[16.8565,46.8456],[16.863,46.8467],[16.8574,46.8481]],[[16.8608,46.8491],[16.8618,46.8494],[16.8624,46.8486],[16.8612,46.8483],[16.8608,46.8491]],[[16.8626,46.8466],[16.8628,46.8465],[16.8625,46.8465],[16.8626,46.8466]],[[16.8623,46.8464],[16.8621,46.8461],[16.8617,46.8462],[16.8619,46.8465],[16.8623,46.8464]],[[16.8592,46.8481],[16.8607,46.8484],[16.8602,46.8478],[16.8592,46.8481]]]}},{"type":"Feature","properties":{"landuse":"farmland"},"geometry":{"type":"Polygon","coordinates":[[[17.0109,47.4082],[17.0174,47.4121],[17.0169,47.4153],[17.0052,47.4128],[17.0059,47.4093],[17.0109,47.4082]],[[17.013,47.4118],[17.0142,47.4107],[17.0127,47.4103],[17.013,47.4118]]]}},{"type":"Feature","properties":{"landuse":"farmland"},"geometry":{"type":"Polygon","coordinates":[[[17.0081,47.4064],[17.0107,47.408],[17.0068,47.4081],[17.0081,47.4064]]]}},{"type":"Feature","properties":{"landuse":"farmland"},"geometry":{"type":"Polygon","coordinates":[[[17.0304,47.4232],[17.0397,47.4221],[17.0601,47.4267],[17.0446,47.4275],[17.0291,47.4252],[17.0304,47.4232]]]}},{"type":"Feature","properties":{"landuse":"farmland"},"geometry":{"type":"Polygon","coordinates":[[[17.0615,47.4256],[17.061,47.4226],[17.0655,47.4251],[17.0615,47.4256]]]}},{"type":"Feature","properties":{"landuse":"farmland"},"geometry":{"type":"Polygon","coordinates":[[[17.0181,47.415],[17.019,47.4112],[17.0553,47.4201],[17.0612,47.4242],[17.0302,47.4219],[17.0278,47.4192],[17.0302,47.4168],[17.0181,47.415]]]}},{"type":"Feature","properties":{"landuse":"farmland"},"geometry":{"type":"Polygon","coordinates":[[[16.9893,47.3615],[17.01,47.3499],[17.0167,47.3573],[17.0077,47.3613],[17.0169,47.3575],[17.0159,47.3598],[17.0238,47.3652],[17.0203,47.3684],[17.0202,47.3747],[17.03,47.3733],[17.0324,47.3882],[17.0489,47.3989],[17.053,47.4121],[17.0606,47.4202],[17.0134,47.4086],[16.9957,47.3935],[16.9604,47.378],[16.9594,47.3742],[16.9664,47.3716],[16.9873,47.3749],[16.9908,47.3686],[16.9868,47.3689],[16.9852,47.3652],[16.9893,47.3615]],[[17.0227,47.4105],[17.0248,47.4111],[17.023,47.4092],[17.0227,47.4105]],[[17.0107,47.3992],[17.0069,47.4016],[17.0152,47.4031],[17.0149,47.4082],[17.0237,47.4037],[17.0226,47.4005],[17.0107,47.3992]],[[17.0574,47.4192],[17.0581,47.4192],[17.0569,47.4178],[17.0574,47.4192]],[[17.0519,47.4088],[17.0525,47.4113],[17.0528,47.4097],[17.0519,47.4088]]]}},{"type":"Feature","properties":{"landuse":"farmland"},"geometry":{"type":"Polygon","coordinates":[[[16.8916,47.3573],[16.8894,47.3563],[16.8937,47.356],[16.8916,47.3573]]]}},{"type":"Feature","properties":{"landuse":"farmland"},"geometry":{"type":"Polygon","coordinates":[[[16.8961,47.3618],[16.8932,47.3597],[16.8971,47.3604],[16.8961,47.3618]]]}},{"type":"Feature","properties":{"landuse":"farmland"},"geometry":{"type":"Polygon","coordinates":[[[16.8933,47.349],[16.9026,47.3564],[16.9004,47.3581],[16.8868,47.3515],[16.8933,47.349]]]}},{"type":"Feature","properties":{"landuse":"farmland"},"geometry":{"type":"Polygon","coordinates":[[[16.9342,47.2681],[16.9292,47.2681],[16.9295,47.2666],[16.9342,47.2681]]]}},{"type":"Feature","properties":{"landuse":"farmland"},"geometry":{"type":"Polygon","coordinates":[[[16.8919,47.3475],[16.8855,47.3505],[16.8793,47.3473],[16.8735,47.3497],[16.8745,47.3538],[16.8689,47.3565],[16.8702,47.3521],[16.8675,47.351],[16.8633,47.3545],[16.8668,47.3558],[16.8648,47.3579],[16.8536,47.3585],[16.848,47.3559],[16.8512,47.349],[16.8306,47.3472],[16.8221,47.343],[16.8224,47.3406],[16.8213,47.3427],[16.8097,47.3387],[16.8076,47.3367],[16.8101,47.3319],[16.8036,47.3302],[16.8158,47.3253],[16.8142,47.3237],[16.7971,47.3254],[16.7978,47.3224],[16.8077,47.3137],[16.8226,47.3143],[16.8109,47.3205],[16.8247,47.3203],[16.8252,47.3263],[16.8309,47.315],[16.8333,47.3154],[16.8312,47.3144],[16.8373,47.3029],[16.8429,47.3172],[16.8725,47.3293],[16.8919,47.3475]],[[16.8654,47.3504],[16.8679,47.3474],[16.8665,47.3472],[16.8654,47.3504]]]}},{"type":"Feature","properties":{"landuse":"green_public_spaces"},"geometry":{"type":"Polygon","coordinates":[[[16.8252,46.8511],[16.8319,46.8501],[16.8319,46.8512],[16.8252,46.8511]]]}},{"type":"Feature","properties":{"landuse":"farmland"},"geometry":{"type":"Polygon","coordinates":[[[17.684,47.7504],[17.6832,47.7486],[17.6857,47.7497],[17.684,47.7504]]]}},{"type":"Feature","properties":{"landuse":"farmland"},"geometry":{"type":"Polygon","coordinates":[[[16.8254,46.408],[16.8201,46.4085],[16.818,46.4047],[16.8242,46.4064],[16.8264,46.4032],[16.8243,46.4034],[16.8284,46.4025],[16.8293,46.4059],[16.8399,46.4027],[16.8414,46.407],[16.8393,46.4134],[16.8366,46.4101],[16.8396,46.4061],[16.8348,46.4119],[16.8254,46.408]],[[16.8395,46.4048],[16.8369,46.4048],[16.8339,46.4084],[16.8395,46.4048]],[[16.8399,46.4034],[16.8395,46.4034],[16.8394,46.404],[16.8399,46.4034]],[[16.8308,46.4072],[16.8318,46.407],[16.8317,46.4062],[16.8308,46.4072]]]}},{"type":"Feature","properties":{"landuse":"farmland"},"geometry":{"type":"Polygon","coordinates":[[[16.8413,46.4269],[16.8387,46.4253],[16.8429,46.4236],[16.8436,46.4268],[16.8413,46.4269]],[[16.8416,46.4269],[16.8419,46.427],[16.8421,46.4264],[16.8416,46.4269]]]}},{"type":"Feature","properties":{"landuse":"farmland"},"geometry":{"type":"Polygon","coordinates":[[[16.8456,46.4282],[16.8431,46.4193],[16.8454,46.4192],[16.8456,46.4282]]]}},{"type":"Feature","properties":{"landuse":"farmland"},"geometry":{"type":"Polygon","coordinates":[[[17.489,47.7958],[17.4793,47.7925],[17.4805,47.7893],[17.476,47.7894],[17.4658,47.7963],[17.4705,47.7988],[17.4628,47.8011],[17.466,47.8029],[17.4655,47.8095],[17.4597,47.8175],[17.445,47.8177],[17.451,47.8201],[17.4431,47.8166],[17.4379,47.8061],[17.4403,47.7989],[17.4182,47.7946],[17.4097,47.7963],[17.4048,47.8029],[17.4033,47.7988],[17.4104,47.7867],[17.416,47.7891],[17.4391,47.773],[17.4313,47.7683],[17.4487,47.7545],[17.4495,47.748],[17.4609,47.7421],[17.4594,47.7371],[17.4725,47.7295],[17.4857,47.7361],[17.4914,47.7352],[17.4885,47.7319],[17.4925,47.7303],[17.5052,47.7357],[17.5116,47.7422],[17.5115,47.7401],[17.5235,47.7437],[17.5266,47.7404],[17.5344,47.741],[17.5441,47.7503],[17.5448,47.7559],[17.5376,47.7591],[17.5268,47.7581],[17.5298,47.7599],[17.5294,47.7646],[17.5013,47.7512],[17.4837,47.7653],[17.4778,47.765],[17.4657,47.7721],[17.4637,47.7773],[17.4657,47.783],[17.5008,47.7887],[17.5055,47.792],[17.502,47.796],[17.4922,47.7938],[17.489,47.7958]]]}},{"type":"Feature","properties":{"landuse":"farmland"},"geometry":{"type":"Polygon","coordinates":[[[17.1416,47.913],[17.1411,47.9114],[17.1428,47.9126],[17.1416,47.913]]]}},{"type":"Feature","properties":{"landuse":"green_public_spaces"},"geometry":{"type":"MultiPolygon","coordinates":[[[[17.1217,46.5514],[17.1219,46.551],[17.1221,46.5515],[17.1217,46.5514]]],[[[17.1218,46.5525],[17.1192,46.5542],[17.1208,46.5508],[17.1218,46.5525]],[[17.1215,46.5514],[17.122,46.5516],[17.1225,46.551],[17.1215,46.5514]]]]}},{"type":"Feature","properties":{"landuse":"farmland"},"geometry":{"type":"MultiPolygon","coordinates":[[[[16.6349,46.8558],[16.6342,46.8556],[16.6376,46.8557],[16.6349,46.8558]]],[[[16.652,46.8572],[16.6483,46.8578],[16.6469,46.8573],[16.652,46.8572]]],[[[16.6437,46.857],[16.6451,46.8563],[16.6466,46.8572],[16.6437,46.857]]]]}},{"type":"Feature","properties":{"landuse":"farmland"},"geometry":{"type":"Polygon","coordinates":[[[17.4055,47.7097],[17.4011,47.7065],[17.4116,47.7057],[17.417,47.7099],[17.4133,47.7131],[17.4055,47.7097]]]}},{"type":"Feature","properties":{"landuse":"farmland"},"geometry":{"type":"Polygon","coordinates":[[[17.4015,47.7107],[17.3877,47.7094],[17.4008,47.7065],[17.4035,47.7095],[17.4015,47.7107]]]}},{"type":"Feature","properties":{"landuse":"farmland"},"geometry":{"type":"Polygon","coordinates":[[[17.3986,47.712],[17.4046,47.7132],[17.4064,47.7172],[17.3993,47.7137],[17.3972,47.7179],[17.3914,47.7119],[17.3986,47.712]]]}},{"type":"Feature","properties":{"landuse":"farmland"},"geometry":{"type":"Polygon","coordinates":[[[17.387,47.7226],[17.3802,47.7219],[17.3831,47.7111],[17.3871,47.7144],[17.39,47.7125],[17.3917,47.7168],[17.387,47.7226]]]}},{"type":"Feature","properties":{"landuse":"farmland"},"geometry":{"type":"Polygon","coordinates":[[[17.3785,47.71],[17.3809,47.7094],[17.381,47.7135],[17.3785,47.71]]]}},{"type":"Feature","properties":{"landuse":"farmland"},"geometry":{"type":"Polygon","coordinates":[[[17.3888,47.7297],[17.3905,47.7265],[17.3874,47.7233],[17.401,47.7185],[17.4001,47.7213],[17.4036,47.7224],[17.3915,47.726],[17.3973,47.7242],[17.4005,47.7292],[17.3888,47.7297]]]}},{"type":"Feature","properties":{"landuse":"farmland"},"geometry":{"type":"Polygon","coordinates":[[[17.3825,47.7272],[17.3838,47.7276],[17.3824,47.7289],[17.3825,47.7272]]]}},{"type":"Feature","properties":{"landuse":"farmland"},"geometry":{"type":"Polygon","coordinates":[[[17.7224,47.5517],[17.7211,47.5537],[17.7195,47.5537],[17.7216,47.5513],[17.7224,47.5517]]]}},{"type":"Feature","properties":{"landuse":"farmland"},"geometry":{"type":"Polygon","coordinates":[[[17.7058,47.5481],[17.7092,47.5467],[17.7067,47.5492],[17.7058,47.5481]]]}},{"type":"Feature","properties":{"landuse":"farmland"},"geometry":{"type":"Polygon","coordinates":[[[16.8998,47.0991],[16.9027,47.0961],[16.9115,47.0954],[16.9055,47.0934],[16.9108,47.0834],[16.9174,47.0815],[16.929,47.085],[16.925,47.0864],[16.9192,47.1019],[16.8998,47.0991]],[[16.9109,47.0925],[16.9124,47.0927],[16.9135,47.0897],[16.9109,47.0925]]]}},{"type":"Feature","properties":{"landuse":"farmland"},"geometry":{"type":"Polygon","coordinates":[[[16.8974,47.1007],[16.8958,47.1],[16.8978,47.1],[16.8974,47.1007]]]}},{"type":"Feature","properties":{"landuse":"farmland"},"geometry":{"type":"Polygon","coordinates":[[[16.8786,47.096],[16.8753,47.0964],[16.8767,47.0946],[16.8786,47.096]]]}},{"type":"Feature","properties":{"landuse":"orchard"},"geometry":{"type":"Polygon","coordinates":[[[16.9899,46.5223],[16.9881,46.5192],[16.9937,46.5185],[16.9949,46.5213],[16.9899,46.5223]]]}},{"type":"Feature","properties":{"landuse":"farmland"},"geometry":{"type":"Polygon","coordinates":[[[17.1417,46.6693],[17.1376,46.6719],[17.1389,46.6686],[17.1417,46.6693]]]}},{"type":"Feature","properties":{"landuse":"farmland"},"geometry":{"type":"Polygon","coordinates":[[[17.1409,46.6723],[17.144,46.6647],[17.1488,46.6654],[17.147,46.6705],[17.1409,46.6723]]]}},{"type":"Feature","properties":{"landuse":"farmland"},"geometry":{"type":"Polygon","coordinates":[[[17.495,47.4859],[17.4927,47.4866],[17.4938,47.4843],[17.495,47.4859]]]}},{"type":"Feature","properties":{"landuse":"farmland"},"geometry":{"type":"Polygon","coordinates":[[[17.4516,47.4746],[17.4505,47.4724],[17.4557,47.4695],[17.4583,47.4714],[17.4516,47.4746]]]}},{"type":"Feature","properties":{"landuse":"farmland"},"geometry":{"type":"Polygon","coordinates":[[[17.517,47.5141],[17.5166,47.513],[17.5182,47.5134],[17.517,47.5141]]]}},{"type":"Feature","properties":{"landuse":"farmland"},"geometry":{"type":"Polygon","coordinates":[[[16.7084,46.3994],[16.7077,46.3999],[16.7077,46.3982],[16.7084,46.3994]]]}},{"type":"Feature","properties":{"landuse":"farmland"},"geometry":{"type":"Polygon","coordinates":[[[16.7128,46.3952],[16.7086,46.3993],[16.7094,46.3963],[16.7128,46.3952]]]}},{"type":"Feature","properties":{"landuse":"farmland"},"geometry":{"type":"Polygon","coordinates":[[[16.7016,46.4022],[16.6965,46.4108],[16.6893,46.4079],[16.6977,46.4042],[16.6948,46.4052],[16.6949,46.403],[16.7016,46.4022]]]}},{"type":"Feature","properties":{"landuse":"farmland"},"geometry":{"type":"Polygon","coordinates":[[[16.6937,46.403],[16.6934,46.4051],[16.6922,46.4036],[16.6937,46.403]]]}},{"type":"Feature","properties":{"landuse":"farmland"},"geometry":{"type":"MultiPolygon","coordinates":[[[[17.2842,47.6229],[17.274,47.6269],[17.2722,47.6252],[17.28,47.6205],[17.2842,47.6229]]],[[[17.283,47.6167],[17.2871,47.6173],[17.2856,47.621],[17.2825,47.6198],[17.283,47.6167]]],[[[17.2762,47.6159],[17.2774,47.62],[17.2719,47.6249],[17.2652,47.6192],[17.2699,47.6147],[17.2762,47.6159]]]]}},{"type":"Feature","properties":{"landuse":"farmland"},"geometry":{"type":"MultiPolygon","coordinates":[[[[17.2787,47.6087],[17.2862,47.6103],[17.2847,47.6129],[17.2787,47.6087]]],[[[17.2777,47.6088],[17.278,47.6154],[17.2699,47.6147],[17.2654,47.6105],[17.2777,47.6088]]]]}},{"type":"Feature","properties":{"landuse":"green_public_spaces"},"geometry":{"type":"Polygon","coordinates":[[[16.8481,46.8372],[16.8501,46.8393],[16.8479,46.8393],[16.8481,46.8372]]]}},{"type":"Feature","properties":{"landuse":"farmland"},"geometry":{"type":"Polygon","coordinates":[[[17.1322,46.5579],[17.1334,46.5646],[17.1267,46.5645],[17.1243,46.5608],[17.1263,46.5623],[17.1322,46.5579]]]}},{"type":"Feature","properties":{"landuse":"farmland"},"geometry":{"type":"Polygon","coordinates":[[[17.1325,46.5579],[17.1371,46.5589],[17.1332,46.5625],[17.1325,46.5579]]]}},{"type":"Feature","properties":{"landuse":"farmland"},"geometry":{"type":"Polygon","coordinates":[[[17.1695,46.5591],[17.1687,46.5566],[17.1721,46.5567],[17.1695,46.5591]]]}},{"type":"Feature","properties":{"landuse":"vineyard"},"geometry":{"type":"Polygon","coordinates":[[[17.0889,46.5009],[17.0905,46.4954],[17.0961,46.4952],[17.0938,46.5039],[17.0889,46.5009]]]}},{"type":"Feature","properties":{"landuse":"orchard"},"geometry":{"type":"Polygon","coordinates":[[[17.0879,46.5043],[17.0945,46.5071],[17.0875,46.5072],[17.0879,46.5043]]]}},{"type":"Feature","properties":{"landuse":"farmland"},"geometry":{"type":"Polygon","coordinates":[[[16.6182,47.4009],[16.6233,47.4013],[16.6276,47.4067],[16.6185,47.4076],[16.6242,47.4155],[16.6326,47.4129],[16.633,47.409],[16.6425,47.4129],[16.6443,47.4108],[16.6411,47.4098],[16.6647,47.4049],[16.6667,47.4079],[16.6496,47.4098],[16.6512,47.4125],[16.6463,47.4179],[16.6412,47.4162],[16.6318,47.4233],[16.6317,47.4276],[16.6371,47.4282],[16.6432,47.4244],[16.6497,47.429],[16.6557,47.4229],[16.6594,47.4243],[16.6578,47.4218],[16.661,47.4194],[16.6579,47.4191],[16.6636,47.4119],[16.6818,47.4015],[16.687,47.3927],[16.6938,47.3891],[16.7048,47.3953],[16.6932,47.4051],[16.7034,47.4105],[16.6911,47.4237],[16.6926,47.4282],[16.6895,47.4331],[16.681,47.4416],[16.6674,47.4322],[16.6756,47.4354],[16.6724,47.4362],[16.6725,47.4394],[16.6688,47.4385],[16.6712,47.4404],[16.6693,47.442],[16.6597,47.4431],[16.6689,47.4426],[16.6641,47.4446],[16.6668,47.4463],[16.6623,47.4503],[16.6571,47.45],[16.6607,47.451],[16.6587,47.4537],[16.6506,47.4513],[16.6517,47.449],[16.6476,47.445],[16.6285,47.4364],[16.622,47.4319],[16.6212,47.4274],[16.6064,47.4213],[16.6011,47.4177],[16.6003,47.4112],[16.5951,47.4105],[16.6017,47.4081],[16.6023,47.4114],[16.6057,47.4118],[16.6056,47.4072],[16.6083,47.4069],[16.6061,47.4055],[16.6182,47.4009]]]}},{"type":"Feature","properties":{"landuse":"farmland"},"geometry":{"type":"Polygon","coordinates":[[[17.1329,47.9208],[17.1358,47.9194],[17.1362,47.92],[17.1329,47.9208]]]}},{"type":"Feature","properties":{"landuse":"farmland"},"geometry":{"type":"Polygon","coordinates":[[[16.7028,46.4158],[16.7009,46.4141],[16.7048,46.4129],[16.7028,46.4158]]]}},{"type":"Feature","properties":{"landuse":"farmland"},"geometry":{"type":"Polygon","coordinates":[[[16.751,46.3696],[16.763,46.3579],[16.7929,46.3554],[16.7948,46.3594],[16.7936,46.3554],[16.7982,46.3573],[16.8021,46.3548],[16.8133,46.361],[16.8098,46.3637],[16.7931,46.3627],[16.801,46.3626],[16.794,46.3659],[16.7933,46.3705],[16.7855,46.3701],[16.7886,46.3733],[16.7877,46.3799],[16.7759,46.376],[16.7743,46.3668],[16.751,46.3696]]]}},{"type":"Feature","properties":{"landuse":"farmland"},"geometry":{"type":"Polygon","coordinates":[[[16.8023,46.3771],[16.7909,46.383],[16.7877,46.3799],[16.7972,46.3793],[16.7886,46.3784],[16.7878,46.3706],[16.8022,46.3709],[16.8023,46.3771]]]}},{"type":"Feature","properties":{"landuse":"farmland"},"geometry":{"type":"Polygon","coordinates":[[[16.8237,46.367],[16.8036,46.3739],[16.8054,46.372],[16.798,46.3686],[16.8021,46.3665],[16.8082,46.3706],[16.8039,46.3646],[16.8129,46.366],[16.8164,46.3616],[16.8346,46.3621],[16.8336,46.3656],[16.8237,46.367]],[[16.8244,46.3662],[16.8281,46.3647],[16.8251,46.3652],[16.8244,46.3662]],[[16.8151,46.3645],[16.8182,46.3653],[16.8179,46.3639],[16.8151,46.3645]],[[16.8143,46.3686],[16.8178,46.368],[16.8091,46.3692],[16.8143,46.3686]]]}},{"type":"Feature","properties":{"landuse":"farmland"},"geometry":{"type":"Polygon","coordinates":[[[16.8455,46.359],[16.8496,46.3594],[16.8418,46.3615],[16.8391,46.3578],[16.8455,46.359]],[[16.8454,46.359],[16.844,46.3587],[16.8436,46.3596],[16.8454,46.359]]]}},{"type":"Feature","properties":{"landuse":"farmland"},"geometry":{"type":"Polygon","coordinates":[[[16.8884,46.3497],[16.8856,46.3498],[16.8895,46.3477],[16.8884,46.3497]]]}},{"type":"Feature","properties":{"landuse":"farmland"},"geometry":{"type":"Polygon","coordinates":[[[16.8882,46.3527],[16.8871,46.3539],[16.8849,46.3517],[16.8882,46.3527]]]}},{"type":"Feature","properties":{"landuse":"farmland"},"geometry":{"type":"Polygon","coordinates":[[[16.8904,46.3546],[16.8949,46.3602],[16.8891,46.3566],[16.8904,46.3546]]]}},{"type":"Feature","properties":{"landuse":"farmland"},"geometry":{"type":"Polygon","coordinates":[[[16.882,46.3526],[16.8851,46.3559],[16.8779,46.3559],[16.8794,46.352],[16.882,46.3526]]]}},{"type":"Feature","properties":{"landuse":"farmland"},"geometry":{"type":"Polygon","coordinates":[[[16.8777,46.358],[16.8829,46.3578],[16.8835,46.36],[16.8777,46.358]]]}},{"type":"Feature","properties":{"landuse":"farmland"},"geometry":{"type":"Polygon","coordinates":[[[16.8851,46.3544],[16.8954,46.361],[16.8953,46.3669],[16.891,46.366],[16.8926,46.3618],[16.8842,46.3567],[16.8851,46.3544]]]}},{"type":"Feature","properties":{"landuse":"farmland"},"geometry":{"type":"Polygon","coordinates":[[[16.9004,46.366],[16.8958,46.3674],[16.8966,46.3634],[16.9004,46.366]]]}},{"type":"Feature","properties":{"landuse":"green_public_spaces"},"geometry":{"type":"Polygon","coordinates":[[[16.9447,47.2471],[16.943,47.2487],[16.941,47.2483],[16.9447,47.2471]]]}},{"type":"Feature","properties":{"landuse":"green_public_spaces"},"geometry":{"type":"MultiPolygon","coordinates":[[[[16.5956,47.6843],[16.5945,47.6831],[16.5959,47.6836],[16.5956,47.6843]]],[[[16.5945,47.683],[16.5967,47.6829],[16.5962,47.6836],[16.5945,47.683]]]]}},{"type":"Feature","properties":{"landuse":"green_public_spaces"},"geometry":{"type":"Polygon","coordinates":[[[16.9161,46.4605],[16.9167,46.4628],[16.9157,46.4627],[16.9161,46.4605]]]}},{"type":"Feature","properties":{"landuse":"farmland"},"geometry":{"type":"Polygon","coordinates":[[[16.6209,47.0184],[16.6181,47.0177],[16.6219,47.017],[16.6209,47.0184]]]}},{"type":"Feature","properties":{"landuse":"farmland"},"geometry":{"type":"Polygon","coordinates":[[[17.0476,47.2256],[17.0447,47.2329],[17.0361,47.2309],[17.0398,47.2246],[17.0476,47.2256]]]}},{"type":"Feature","properties":{"landuse":"orchard"},"geometry":{"type":"Polygon","coordinates":[[[16.6964,46.5266],[16.697,46.5288],[16.6939,46.5274],[16.6964,46.5266]]]}},{"type":"Feature","properties":{"landuse":"farmland"},"geometry":{"type":"Polygon","coordinates":[[[17.4311,47.5061],[17.4307,47.5069],[17.4276,47.5058],[17.4311,47.5061]]]}},{"type":"Feature","properties":{"landuse":"farmland"},"geometry":{"type":"Polygon","coordinates":[[[17.4332,47.5061],[17.4271,47.504],[17.4335,47.5054],[17.4332,47.5061]]]}},{"type":"Feature","properties":{"landuse":"farmland"},"geometry":{"type":"Polygon","coordinates":[[[17.4881,47.4576],[17.49,47.4591],[17.4869,47.4599],[17.4881,47.4576]]]}},{"type":"Feature","properties":{"landuse":"farmland"},"geometry":{"type":"Polygon","coordinates":[[[17.1121,46.6838],[17.1096,46.686],[17.1109,46.6931],[17.1149,46.6936],[17.1115,46.6947],[17.1163,46.6995],[17.1111,46.7],[17.1098,46.6934],[17.1072,46.6982],[17.0964,46.6871],[17.1048,46.6829],[17.1056,46.6772],[17.1116,46.6765],[17.1124,46.6808],[17.1131,46.6782],[17.1278,46.676],[17.1239,46.6832],[17.1121,46.6838]]]}},{"type":"Feature","properties":{"landuse":"farmland"},"geometry":{"type":"Polygon","coordinates":[[[16.8249,46.4123],[16.8259,46.4134],[16.8239,46.4128],[16.8249,46.4123]]]}},{"type":"Feature","properties":{"landuse":"farmland"},"geometry":{"type":"Polygon","coordinates":[[[16.8312,46.412],[16.8269,46.4124],[16.8282,46.4114],[16.8312,46.412]]]}},{"type":"Feature","properties":{"landuse":"farmland"},"geometry":{"type":"Polygon","coordinates":[[[16.8282,46.4112],[16.8286,46.4096],[16.8326,46.4095],[16.8282,46.4112]]]}},{"type":"Feature","properties":{"landuse":"farmland"},"geometry":{"type":"Polygon","coordinates":[[[16.8277,46.4128],[16.83,46.4129],[16.8261,46.4144],[16.8277,46.4128]]]}},{"type":"Feature","properties":{"landuse":"farmland"},"geometry":{"type":"Polygon","coordinates":[[[17.0483,46.4711],[17.0463,46.4728],[17.0448,46.4675],[17.0483,46.4711]]]}},{"type":"Feature","properties":{"landuse":"farmland"},"geometry":{"type":"Polygon","coordinates":[[[17.0485,46.4757],[17.0491,46.477],[17.0413,46.477],[17.0485,46.4757]]]}},{"type":"Feature","properties":{"landuse":"farmland"},"geometry":{"type":"Polygon","coordinates":[[[17.7864,47.4441],[17.7794,47.4477],[17.7796,47.452],[17.7674,47.4528],[17.7597,47.4492],[17.7613,47.4433],[17.7582,47.4365],[17.7608,47.4333],[17.7706,47.4349],[17.7707,47.4381],[17.7864,47.4441]],[[17.7827,47.445],[17.7817,47.4461],[17.784,47.446],[17.7827,47.445]],[[17.7644,47.4514],[17.7705,47.4426],[17.7695,47.4392],[17.7644,47.4514]]]}},{"type":"Feature","properties":{"landuse":"farmland"},"geometry":{"type":"Polygon","coordinates":[[[17.8002,47.4431],[17.8005,47.4422],[17.8021,47.4423],[17.8002,47.4431]]]}},{"type":"Feature","properties":{"landuse":"farmland"},"geometry":{"type":"Polygon","coordinates":[[[17.8161,47.4383],[17.8192,47.4392],[17.8115,47.4479],[17.7964,47.4514],[17.7965,47.4467],[17.7927,47.4448],[17.794,47.4422],[17.8019,47.4434],[17.7997,47.4449],[17.8129,47.4426],[17.8161,47.4383]]]}},{"type":"Feature","properties":{"landuse":"farmland"},"geometry":{"type":"Polygon","coordinates":[[[17.7953,47.4523],[17.7959,47.4544],[17.7905,47.4519],[17.7953,47.4523]]]}},{"type":"Feature","properties":{"landuse":"farmland"},"geometry":{"type":"Polygon","coordinates":[[[17.077,46.5547],[17.0743,46.5539],[17.0757,46.55],[17.0776,46.5538],[17.0766,46.5436],[17.0817,46.543],[17.0835,46.5528],[17.077,46.5547]],[[17.0804,46.5473],[17.0815,46.5471],[17.0798,46.5469],[17.0804,46.5473]],[[17.0803,46.5483],[17.0811,46.5488],[17.0818,46.5484],[17.0803,46.5483]]]}},{"type":"Feature","properties":{"landuse":"farmland"},"geometry":{"type":"Polygon","coordinates":[[[16.8877,47.1027],[16.8841,47.1047],[16.8823,47.1036],[16.8877,47.1027]]]}},{"type":"Feature","properties":{"landuse":"farmland"},"geometry":{"type":"Polygon","coordinates":[[[16.8919,47.1048],[16.8899,47.1037],[16.8923,47.1039],[16.8919,47.1048]]]}},{"type":"Feature","properties":{"landuse":"farmland"},"geometry":{"type":"Polygon","coordinates":[[[16.8911,47.1053],[16.8939,47.1049],[16.893,47.1059],[16.8911,47.1053]]]}},{"type":"Feature","properties":{"landuse":"farmland"},"geometry":{"type":"Polygon","coordinates":[[[16.8961,47.1049],[16.8954,47.1107],[16.894,47.1058],[16.8961,47.1049]]]}},{"type":"Feature","properties":{"landuse":"farmland"},"geometry":{"type":"Polygon","coordinates":[[[16.8945,47.6025],[16.9029,47.6059],[16.8893,47.6145],[16.8945,47.6025]],[[16.8937,47.6111],[16.8955,47.609],[16.8931,47.6081],[16.8915,47.6103],[16.8937,47.6111]]]}},{"type":"Feature","properties":{"landuse":"farmland"},"geometry":{"type":"Polygon","coordinates":[[[17.1429,47.9287],[17.1371,47.9296],[17.1396,47.9275],[17.1429,47.9287]]]}},{"type":"Feature","properties":{"landuse":"farmland"},"geometry":{"type":"Polygon","coordinates":[[[17.1417,47.9332],[17.1421,47.9303],[17.145,47.9301],[17.1417,47.9332]]]}},{"type":"Feature","properties":{"landuse":"farmland"},"geometry":{"type":"Polygon","coordinates":[[[17.14,47.9082],[17.1357,47.91],[17.1398,47.9104],[17.1405,47.9138],[17.1207,47.9247],[17.1292,47.9133],[17.1347,47.9166],[17.1295,47.9131],[17.14,47.9082]]]}},{"type":"Feature","properties":{"landuse":"green_public_spaces"},"geometry":{"type":"Polygon","coordinates":[[[16.4197,47.299],[16.4172,47.2965],[16.4218,47.2973],[16.4197,47.299]],[[16.4191,47.2966],[16.4179,47.2963],[16.4205,47.2969],[16.4191,47.2966]]]}},{"type":"Feature","properties":{"landuse":"farmland"},"geometry":{"type":"Polygon","coordinates":[[[16.4272,47.3044],[16.4279,47.3013],[16.4297,47.3015],[16.4272,47.3044]],[[16.4282,47.303],[16.4283,47.303],[16.4284,47.3026],[16.4284,47.3026],[16.4282,47.303]],[[16.4275,47.303],[16.4278,47.3021],[16.4275,47.3026],[16.4275,47.303]]]}},{"type":"Feature","properties":{"landuse":"farmland"},"geometry":{"type":"Polygon","coordinates":[[[16.5925,47.1486],[16.5949,47.1464],[16.6005,47.1492],[16.5968,47.1522],[16.6012,47.1496],[16.6068,47.1524],[16.6035,47.1577],[16.5925,47.1486]],[[16.6047,47.1542],[16.6048,47.1541],[16.6046,47.154],[16.6047,47.1542]],[[16.6034,47.1551],[16.6035,47.155],[16.6026,47.1545],[16.6034,47.1551]]]}},{"type":"Feature","properties":{"landuse":"farmland"},"geometry":{"type":"Polygon","coordinates":[[[16.578,47.1478],[16.579,47.1493],[16.5763,47.149],[16.578,47.1478]]]}},{"type":"Feature","properties":{"landuse":"farmland"},"geometry":{"type":"Polygon","coordinates":[[[16.5569,47.1439],[16.5613,47.141],[16.5686,47.1426],[16.5569,47.1439]],[[16.5675,47.1438],[16.5662,47.1435],[16.5662,47.1438],[16.5675,47.1438]]]}},{"type":"Feature","properties":{"landuse":"farmland"},"geometry":{"type":"Polygon","coordinates":[[[16.611,47.1538],[16.6075,47.1525],[16.6123,47.1523],[16.611,47.1538]]]}},{"type":"Feature","properties":{"landuse":"farmland"},"geometry":{"type":"Polygon","coordinates":[[[16.6177,47.1562],[16.6144,47.1601],[16.6093,47.1559],[16.6177,47.1562]]]}},{"type":"Feature","properties":{"landuse":"farmland"},"geometry":{"type":"Polygon","coordinates":[[[16.5931,47.1442],[16.595,47.1462],[16.5925,47.1447],[16.5931,47.1442]]]}},{"type":"Feature","properties":{"landuse":"farmland"},"geometry":{"type":"Polygon","coordinates":[[[16.5955,47.1459],[16.6023,47.1478],[16.6008,47.1492],[16.5955,47.1459]]]}},{"type":"Feature","properties":{"landuse":"farmland"},"geometry":{"type":"Polygon","coordinates":[[[16.6032,47.1492],[16.602,47.1496],[16.6025,47.148],[16.6032,47.1492]]]}},{"type":"Feature","properties":{"landuse":"farmland"},"geometry":{"type":"Polygon","coordinates":[[[16.6034,47.1492],[16.6082,47.1517],[16.6025,47.15],[16.6034,47.1492]]]}},{"type":"Feature","properties":{"landuse":"farmland"},"geometry":{"type":"Polygon","coordinates":[[[16.6086,47.1547],[16.6067,47.1531],[16.6092,47.1533],[16.6086,47.1547]]]}},{"type":"Feature","properties":{"landuse":"farmland"},"geometry":{"type":"Polygon","coordinates":[[[16.6199,47.153],[16.6238,47.1533],[16.6207,47.1564],[16.6112,47.1539],[16.6199,47.153]],[[16.6199,47.1562],[16.6209,47.1554],[16.6207,47.1553],[16.6199,47.1562]]]}},{"type":"Feature","properties":{"landuse":"green_public_spaces"},"geometry":{"type":"Polygon","coordinates":[[[16.5974,47.679],[16.5969,47.6808],[16.5955,47.6799],[16.5974,47.679]]]}},{"type":"Feature","properties":{"landuse":"farmland"},"geometry":{"type":"Polygon","coordinates":[[[16.4402,46.9882],[16.4407,46.9871],[16.4433,46.9876],[16.4402,46.9882]]]}},{"type":"Feature","properties":{"landuse":"green_public_spaces"},"geometry":{"type":"Polygon","coordinates":[[[17.4583,47.833],[17.4557,47.8346],[17.4513,47.8328],[17.4583,47.833]]]}},{"type":"Feature","properties":{"landuse":"green_public_spaces"},"geometry":{"type":"Polygon","coordinates":[[[16.6114,47.2521],[16.613,47.2524],[16.6108,47.2531],[16.6114,47.2521]]]}},{"type":"Feature","properties":{"landuse":"green_public_spaces"},"geometry":{"type":"Polygon","coordinates":[[[17.6397,47.6853],[17.6363,47.684],[17.64,47.6848],[17.6397,47.6853]]]}},{"type":"Feature","properties":{"landuse":"farmland"},"geometry":{"type":"Polygon","coordinates":[[[16.896,46.6267],[16.8965,46.6339],[16.9,46.6344],[16.8974,46.6367],[16.891,46.6313],[16.896,46.6267]]]}},{"type":"Feature","properties":{"landuse":"green_public_spaces"},"geometry":{"type":"Polygon","coordinates":[[[16.4492,47.3067],[16.4509,47.3041],[16.4523,47.3033],[16.4492,47.3067]]]}},{"type":"Feature","properties":{"landuse":"vineyard"},"geometry":{"type":"Polygon","coordinates":[[[17.0379,47.7788],[17.0413,47.7812],[17.0365,47.7787],[17.0379,47.7788]]]}},{"type":"Feature","properties":{"landuse":"vineyard"},"geometry":{"type":"Polygon","coordinates":[[[17.0421,47.7901],[17.0459,47.7868],[17.0469,47.7873],[17.0421,47.7901]]]}},{"type":"Feature","properties":{"landuse":"vineyard"},"geometry":{"type":"Polygon","coordinates":[[[17.0429,47.7907],[17.0391,47.7939],[17.0371,47.7928],[17.0408,47.7896],[17.0429,47.7907]]]}},{"type":"Feature","properties":{"landuse":"vineyard"},"geometry":{"type":"Polygon","coordinates":[[[17.0315,47.7867],[17.0275,47.7846],[17.0321,47.7863],[17.0315,47.7867]]]}},{"type":"Feature","properties":{"landuse":"vineyard"},"geometry":{"type":"Polygon","coordinates":[[[17.0382,47.7774],[17.0425,47.7802],[17.042,47.7807],[17.0382,47.7774]]]}},{"type":"Feature","properties":{"landuse":"vineyard"},"geometry":{"type":"Polygon","coordinates":[[[17.0393,47.7774],[17.0432,47.7797],[17.0425,47.7801],[17.0393,47.7774]]]}},{"type":"Feature","properties":{"landuse":"vineyard"},"geometry":{"type":"Polygon","coordinates":[[[17.0341,47.8043],[17.0375,47.8015],[17.0386,47.8021],[17.0341,47.8043]]]}},{"type":"Feature","properties":{"landuse":"vineyard"},"geometry":{"type":"Polygon","coordinates":[[[17.0431,47.7907],[17.0495,47.7887],[17.0456,47.792],[17.0431,47.7907]]]}},{"type":"Feature","properties":{"landuse":"vineyard"},"geometry":{"type":"Polygon","coordinates":[[[17.0373,47.8013],[17.0337,47.7993],[17.036,47.7967],[17.0403,47.7988],[17.0373,47.8013]]]}},{"type":"Feature","properties":{"landuse":"vineyard"},"geometry":{"type":"Polygon","coordinates":[[[17.0269,47.7853],[17.0273,47.7849],[17.0312,47.787],[17.0269,47.7853]]]}},{"type":"Feature","properties":{"landuse":"vineyard"},"geometry":{"type":"Polygon","coordinates":[[[17.0373,47.8013],[17.0421,47.7996],[17.0392,47.8023],[17.0373,47.8013]]]}},{"type":"Feature","properties":{"landuse":"vineyard"},"geometry":{"type":"Polygon","coordinates":[[[17.0394,47.7938],[17.0417,47.7918],[17.0478,47.7947],[17.045,47.797],[17.0394,47.7938]]]}},{"type":"Feature","properties":{"landuse":"vineyard"},"geometry":{"type":"Polygon","coordinates":[[[17.0363,47.7965],[17.039,47.7942],[17.043,47.796],[17.0401,47.7985],[17.0363,47.7965]]]}},{"type":"Feature","properties":{"landuse":"vineyard"},"geometry":{"type":"Polygon","coordinates":[[[17.031,47.8026],[17.03,47.8021],[17.0342,47.7997],[17.031,47.8026]]]}},{"type":"Feature","properties":{"landuse":"vineyard"},"geometry":{"type":"Polygon","coordinates":[[[17.0282,47.8011],[17.0328,47.799],[17.0298,47.8017],[17.0282,47.8011]]]}},{"type":"Feature","properties":{"landuse":"vineyard"},"geometry":{"type":"Polygon","coordinates":[[[17.0279,47.801],[17.0272,47.8006],[17.0312,47.7982],[17.0279,47.801]]]}},{"type":"Feature","properties":{"landuse":"vineyard"},"geometry":{"type":"Polygon","coordinates":[[[17.0351,47.7798],[17.0393,47.7828],[17.0346,47.7805],[17.0351,47.7798]]]}},{"type":"Feature","properties":{"landuse":"vineyard"},"geometry":{"type":"Polygon","coordinates":[[[17.0315,47.794],[17.036,47.7965],[17.0333,47.7989],[17.0286,47.7966],[17.0315,47.794]]]}},{"type":"Feature","properties":{"landuse":"vineyard"},"geometry":{"type":"Polygon","coordinates":[[[17.0425,47.7805],[17.0453,47.7803],[17.045,47.7813],[17.0425,47.7805]]]}},{"type":"Feature","properties":{"landuse":"vineyard"},"geometry":{"type":"Polygon","coordinates":[[[17.0359,47.7792],[17.0401,47.7823],[17.0353,47.7798],[17.0359,47.7792]]]}},{"type":"Feature","properties":{"landuse":"vineyard"},"geometry":{"type":"Polygon","coordinates":[[[17.0348,47.7958],[17.0378,47.7933],[17.0391,47.794],[17.0348,47.7958]]]}},{"type":"Feature","properties":{"landuse":"vineyard"},"geometry":{"type":"Polygon","coordinates":[[[17.0336,47.7909],[17.0374,47.7878],[17.0344,47.7914],[17.0336,47.7909]]]}},{"type":"Feature","properties":{"landuse":"vineyard"},"geometry":{"type":"Polygon","coordinates":[[[17.0215,47.79],[17.0255,47.7867],[17.0292,47.7887],[17.0252,47.792],[17.0215,47.79]]]}},{"type":"Feature","properties":{"landuse":"vineyard"},"geometry":{"type":"Polygon","coordinates":[[[17.0256,47.7866],[17.0267,47.7855],[17.0306,47.7875],[17.0256,47.7866]]]}},{"type":"Feature","properties":{"landuse":"vineyard"},"geometry":{"type":"Polygon","coordinates":[[[17.044,47.7776],[17.0455,47.7779],[17.0448,47.7797],[17.044,47.7776]]]}},{"type":"Feature","properties":{"landuse":"vineyard"},"geometry":{"type":"Polygon","coordinates":[[[17.0348,47.7848],[17.0318,47.7826],[17.0353,47.7845],[17.0348,47.7848]]]}},{"type":"Feature","properties":{"landuse":"vineyard"},"geometry":{"type":"Polygon","coordinates":[[[17.0478,47.7876],[17.049,47.7866],[17.0515,47.7879],[17.0478,47.7876]]]}},{"type":"Feature","properties":{"landuse":"vineyard"},"geometry":{"type":"Polygon","coordinates":[[[17.0353,47.7845],[17.0322,47.7823],[17.0327,47.7819],[17.0353,47.7845]]]}},{"type":"Feature","properties":{"landuse":"vineyard"},"geometry":{"type":"Polygon","coordinates":[[[17.0374,47.7836],[17.0327,47.7819],[17.0337,47.781],[17.0374,47.7836]]]}},{"type":"Feature","properties":{"landuse":"vineyard"},"geometry":{"type":"Polygon","coordinates":[[[17.0134,47.7915],[17.0187,47.7886],[17.0145,47.7921],[17.0134,47.7915]]]}},{"type":"Feature","properties":{"landuse":"vineyard"},"geometry":{"type":"Polygon","coordinates":[[[17.0234,47.794],[17.0212,47.7974],[17.0183,47.7958],[17.0234,47.794]]]}},{"type":"Feature","properties":{"landuse":"vineyard"},"geometry":{"type":"Polygon","coordinates":[[[17.0128,47.7911],[17.0108,47.7896],[17.0169,47.7877],[17.0128,47.7911]]]}},{"type":"Feature","properties":{"landuse":"vineyard"},"geometry":{"type":"Polygon","coordinates":[[[17.017,47.7935],[17.0149,47.7923],[17.0191,47.7888],[17.017,47.7935]]]}},{"type":"Feature","properties":{"landuse":"vineyard"},"geometry":{"type":"Polygon","coordinates":[[[17.015,47.7729],[17.0142,47.7727],[17.0158,47.7706],[17.015,47.7729]]]}},{"type":"Feature","properties":{"landuse":"vineyard"},"geometry":{"type":"Polygon","coordinates":[[[17.0207,47.7664],[17.0243,47.7664],[17.0229,47.7675],[17.0207,47.7664]]]}},{"type":"Feature","properties":{"landuse":"vineyard"},"geometry":{"type":"Polygon","coordinates":[[[17.022,47.771],[17.0225,47.7705],[17.0265,47.7732],[17.022,47.771]]]}},{"type":"Feature","properties":{"landuse":"vineyard"},"geometry":{"type":"Polygon","coordinates":[[[17.0215,47.7646],[17.0235,47.761],[17.0245,47.7614],[17.0215,47.7646]]]}},{"type":"Feature","properties":{"landuse":"vineyard"},"geometry":{"type":"Polygon","coordinates":[[[17.0104,47.7826],[17.0118,47.7837],[17.0113,47.7844],[17.01,47.7834],[17.0104,47.7826]]]}},{"type":"Feature","properties":{"landuse":"vineyard"},"geometry":{"type":"Polygon","coordinates":[[[17.0132,47.7856],[17.0093,47.7889],[17.0114,47.7846],[17.0132,47.7856]]]}},{"type":"Feature","properties":{"landuse":"vineyard"},"geometry":{"type":"Polygon","coordinates":[[[17.0165,47.7829],[17.0194,47.7806],[17.0174,47.784],[17.0165,47.7829]]]}},{"type":"Feature","properties":{"landuse":"vineyard"},"geometry":{"type":"Polygon","coordinates":[[[17.016,47.7752],[17.0174,47.7764],[17.0118,47.7837],[17.016,47.7752]]]}},{"type":"Feature","properties":{"landuse":"vineyard"},"geometry":{"type":"Polygon","coordinates":[[[17.02,47.7819],[17.0211,47.782],[17.0154,47.7867],[17.02,47.7819]]]}},{"type":"Feature","properties":{"landuse":"vineyard"},"geometry":{"type":"Polygon","coordinates":[[[17.0142,47.7802],[17.0177,47.7767],[17.0192,47.7788],[17.0142,47.7802]]]}},{"type":"Feature","properties":{"landuse":"vineyard"},"geometry":{"type":"Polygon","coordinates":[[[17.0281,47.7835],[17.0275,47.784],[17.0238,47.782],[17.0281,47.7835]]]}},{"type":"Feature","properties":{"landuse":"vineyard"},"geometry":{"type":"Polygon","coordinates":[[[17.0229,47.7861],[17.0202,47.7893],[17.0195,47.7889],[17.0229,47.7861]]]}},{"type":"Feature","properties":{"landuse":"vineyard"},"geometry":{"type":"Polygon","coordinates":[[[17.0091,47.7779],[17.013,47.7789],[17.0102,47.7828],[17.0066,47.7819],[17.0091,47.7779]]]}},{"type":"Feature","properties":{"landuse":"vineyard"},"geometry":{"type":"Polygon","coordinates":[[[17.0252,47.7835],[17.0272,47.7846],[17.0254,47.7844],[17.0252,47.7835]]]}},{"type":"Feature","properties":{"landuse":"vineyard"},"geometry":{"type":"Polygon","coordinates":[[[17.0212,47.782],[17.0177,47.788],[17.0154,47.7867],[17.0212,47.782]]]}},{"type":"Feature","properties":{"landuse":"vineyard"},"geometry":{"type":"Polygon","coordinates":[[[17.0155,47.7819],[17.012,47.7848],[17.0142,47.7803],[17.0155,47.7819]]]}},{"type":"Feature","properties":{"landuse":"vineyard"},"geometry":{"type":"Polygon","coordinates":[[[17.0165,47.7831],[17.0146,47.7863],[17.0135,47.7856],[17.0165,47.7831]]]}},{"type":"Feature","properties":{"landuse":"vineyard"},"geometry":{"type":"Polygon","coordinates":[[[17.0092,47.7848],[17.01,47.7835],[17.0112,47.7844],[17.0092,47.7848]]]}},{"type":"Feature","properties":{"landuse":"vineyard"},"geometry":{"type":"Polygon","coordinates":[[[17.0159,47.7823],[17.012,47.7848],[17.0155,47.7819],[17.0159,47.7823]]]}},{"type":"Feature","properties":{"landuse":"farmland"},"geometry":{"type":"Polygon","coordinates":[[[17.1416,46.5495],[17.1399,46.5459],[17.142,46.5461],[17.1416,46.5495]]]}},{"type":"Feature","properties":{"landuse":"farmland"},"geometry":{"type":"Polygon","coordinates":[[[16.9755,47.2623],[16.9746,47.2639],[16.972,47.2611],[16.9755,47.2623]]]}},{"type":"Feature","properties":{"landuse":"vineyard"},"geometry":{"type":"Polygon","coordinates":[[[17.0059,47.0849],[17.0108,47.0852],[17.01,47.0915],[17.0017,47.094],[17.0059,47.0849]]]}},{"type":"Feature","properties":{"landuse":"vineyard"},"geometry":{"type":"Polygon","coordinates":[[[16.6824,47.4294],[16.6747,47.4283],[16.6775,47.4258],[16.6742,47.4245],[16.6789,47.4198],[16.686,47.4217],[16.6824,47.4294]]]}},{"type":"Feature","properties":{"landuse":"farmland"},"geometry":{"type":"Polygon","coordinates":[[[16.8203,46.4964],[16.817,46.4981],[16.8148,46.4943],[16.8066,46.4954],[16.8068,46.4922],[16.8151,46.4865],[16.8163,46.4943],[16.8203,46.4964]]]}},{"type":"Feature","properties":{"landuse":"farmland"},"geometry":{"type":"Polygon","coordinates":[[[16.7428,47.3496],[16.7513,47.3547],[16.7494,47.3569],[16.7402,47.3528],[16.7428,47.3496]]]}},{"type":"Feature","properties":{"landuse":"farmland"},"geometry":{"type":"Polygon","coordinates":[[[17.6098,47.6481],[17.6081,47.6425],[17.6073,47.6444],[17.6147,47.6441],[17.6098,47.6481]]]}},{"type":"Feature","properties":{"landuse":"green_public_spaces"},"geometry":{"type":"Polygon","coordinates":[[[17.6298,47.687],[17.6286,47.687],[17.6286,47.6852],[17.6298,47.687]]]}},{"type":"Feature","properties":{"landuse":"green_public_spaces"},"geometry":{"type":"Polygon","coordinates":[[[16.5877,47.6681],[16.5887,47.6692],[16.5879,47.6701],[16.5877,47.6681]]]}},{"type":"Feature","properties":{"landuse":"vineyard"},"geometry":{"type":"Polygon","coordinates":[[[16.446,47.3082],[16.4507,47.3112],[16.4542,47.3094],[16.4675,47.318],[16.4622,47.3227],[16.4573,47.318],[16.4556,47.3207],[16.4473,47.3192],[16.4401,47.3148],[16.4426,47.3089],[16.446,47.3082]]]}},{"type":"Feature","properties":{"landuse":"green_public_spaces"},"geometry":{"type":"Polygon","coordinates":[[[17.0053,46.4574],[17.0049,46.4565],[17.0066,46.4561],[17.0053,46.4574]]]}},{"type":"Feature","properties":{"landuse":"green_public_spaces"},"geometry":{"type":"Polygon","coordinates":[[[16.7864,47.3831],[16.7863,47.385],[16.7843,47.3832],[16.7864,47.3831]]]}},{"type":"Feature","properties":{"landuse":"green_public_spaces"},"geometry":{"type":"Polygon","coordinates":[[[16.4413,47.3038],[16.4392,47.3033],[16.4414,47.3027],[16.4413,47.3038]]]}},{"type":"Feature","properties":{"landuse":"green_public_spaces"},"geometry":{"type":"Polygon","coordinates":[[[16.8355,46.8394],[16.8371,46.838],[16.841,46.8425],[16.8355,46.8394]]]}},{"type":"Feature","properties":{"landuse":"green_public_spaces"},"geometry":{"type":"Polygon","coordinates":[[[16.8434,46.8363],[16.8422,46.8362],[16.8419,46.834],[16.8434,46.8363]]]}},{"type":"Feature","properties":{"landuse":"green_public_spaces"},"geometry":{"type":"Polygon","coordinates":[[[16.4403,47.3013],[16.4389,47.2993],[16.4408,47.2993],[16.4403,47.3013]]]}},{"type":"Feature","properties":{"landuse":"green_public_spaces"},"geometry":{"type":"Polygon","coordinates":[[[16.6261,47.2278],[16.6282,47.2296],[16.6261,47.2294],[16.6261,47.2278]]]}},{"type":"Feature","properties":{"landuse":"green_public_spaces"},"geometry":{"type":"Polygon","coordinates":[[[16.9524,46.456],[16.9522,46.4546],[16.954,46.4554],[16.9524,46.456]]]}},{"type":"Feature","properties":{"landuse":"green_public_spaces"},"geometry":{"type":"Polygon","coordinates":[[[17.6538,47.6755],[17.6548,47.673],[17.6544,47.6757],[17.6538,47.6755]]]}},{"type":"Feature","properties":{"landuse":"green_public_spaces"},"geometry":{"type":"Polygon","coordinates":[[[17.2501,46.7602],[17.2457,46.7625],[17.246,46.7595],[17.2501,46.7602]]]}},{"type":"Feature","properties":{"landuse":"green_public_spaces"},"geometry":{"type":"Polygon","coordinates":[[[17.2409,46.7514],[17.2408,46.7527],[17.2392,46.7531],[17.2409,46.7514]]]}},{"type":"Feature","properties":{"landuse":"green_public_spaces"},"geometry":{"type":"Polygon","coordinates":[[[16.6261,47.2277],[16.6269,47.2261],[16.6285,47.2265],[16.6261,47.2277]]]}},{"type":"Feature","properties":{"landuse":"green_public_spaces"},"geometry":{"type":"Polygon","coordinates":[[[17.6404,47.6891],[17.6387,47.6885],[17.6412,47.6882],[17.6404,47.6891]]]}},{"type":"Feature","properties":{"landuse":"farmland"},"geometry":{"type":"Polygon","coordinates":[[[17.155,47.4397],[17.1496,47.4401],[17.1385,47.436],[17.1405,47.4348],[17.155,47.4397]]]}},{"type":"Feature","properties":{"landuse":"farmland"},"geometry":{"type":"Polygon","coordinates":[[[17.2262,47.4408],[17.2238,47.4405],[17.2322,47.439],[17.2262,47.4408]]]}},{"type":"Feature","properties":{"landuse":"farmland"},"geometry":{"type":"Polygon","coordinates":[[[17.0903,47.4065],[17.0854,47.4068],[17.0892,47.4061],[17.0903,47.4065]]]}},{"type":"Feature","properties":{"landuse":"farmland"},"geometry":{"type":"Polygon","coordinates":[[[16.7758,46.3767],[16.7678,46.3799],[16.7683,46.377],[16.7523,46.3709],[16.7488,46.3734],[16.7529,46.3712],[16.7623,46.3744],[16.751,46.3749],[16.7531,46.3754],[16.7512,46.381],[16.7415,46.3828],[16.751,46.3696],[16.7743,46.3668],[16.7758,46.3767]]]}},{"type":"Feature","properties":{"landuse":"farmland"},"geometry":{"type":"Polygon","coordinates":[[[16.8914,47.1029],[16.8886,47.1026],[16.8895,47.1017],[16.8914,47.1029]]]}},{"type":"Feature","properties":{"landuse":"farmland"},"geometry":{"type":"Polygon","coordinates":[[[16.9179,47.4919],[16.913,47.4952],[16.9129,47.4916],[16.8707,47.4885],[16.8633,47.4858],[16.8634,47.4834],[16.8879,47.4791],[16.8916,47.4809],[16.8907,47.4891],[16.8957,47.4863],[16.9026,47.4887],[16.9075,47.4858],[16.9052,47.4809],[16.8965,47.4826],[16.8933,47.4806],[16.8948,47.4772],[16.91,47.4734],[16.9129,47.4749],[16.9117,47.4776],[16.9141,47.4753],[16.9186,47.4769],[16.9179,47.4804],[16.9125,47.4789],[16.9108,47.4829],[16.9267,47.4885],[16.9248,47.4945],[16.9179,47.4919]]]}},{"type":"Feature","properties":{"landuse":"farmland"},"geometry":{"type":"Polygon","coordinates":[[[16.8844,47.3571],[16.8897,47.3603],[16.8847,47.3642],[16.8809,47.3608],[16.8844,47.3571]]]}},{"type":"Feature","properties":{"landuse":"farmland"},"geometry":{"type":"Polygon","coordinates":[[[16.9161,47.5062],[16.9194,47.5055],[16.919,47.5025],[16.928,47.5069],[16.9232,47.5125],[16.9161,47.5062]]]}},{"type":"Feature","properties":{"landuse":"farmland"},"geometry":{"type":"Polygon","coordinates":[[[16.9894,47.2495],[16.9928,47.2463],[16.9913,47.2529],[16.9936,47.252],[16.99,47.2585],[16.9857,47.2571],[16.99,47.2535],[16.9894,47.2495]]]}},{"type":"Feature","properties":{"landuse":"farmland"},"geometry":{"type":"Polygon","coordinates":[[[16.9175,47.1769],[16.9208,47.1772],[16.9205,47.1893],[16.9157,47.189],[16.9175,47.1769]]]}},{"type":"Feature","properties":{"landuse":"farmland"},"geometry":{"type":"Polygon","coordinates":[[[17.0033,47.2489],[17.0164,47.2517],[17.0146,47.2541],[17.0104,47.253],[17.0079,47.257],[17.0155,47.2604],[17.017,47.2546],[17.0223,47.2618],[17.0156,47.264],[17.0125,47.26],[16.999,47.2553],[17.0033,47.2489]]]}},{"type":"Feature","properties":{"landuse":"vineyard"},"geometry":{"type":"Polygon","coordinates":[[[16.6731,47.4031],[16.672,47.4051],[16.6652,47.4019],[16.6662,47.3984],[16.6723,47.3988],[16.6705,47.3967],[16.6735,47.3956],[16.6755,47.3977],[16.6785,47.3887],[16.6866,47.3909],[16.6731,47.4031]]]}},{"type":"Feature","properties":{"landuse":"orchard"},"geometry":{"type":"Polygon","coordinates":[[[16.7055,47.3902],[16.7013,47.3936],[16.6938,47.3892],[16.7002,47.3816],[16.7074,47.3853],[16.7055,47.3902]]]}},{"type":"Feature","properties":{"landuse":"vineyard"},"geometry":{"type":"Polygon","coordinates":[[[16.9713,47.2457],[16.9682,47.2491],[16.9649,47.2471],[16.973,47.24],[16.9713,47.2457]]]}},{"type":"Feature","properties":{"landuse":"orchard"},"geometry":{"type":"Polygon","coordinates":[[[16.6657,47.4084],[16.6529,47.4149],[16.6495,47.413],[16.6496,47.4098],[16.6657,47.4084]]]}},{"type":"Feature","properties":{"landuse":"vineyard"},"geometry":{"type":"Polygon","coordinates":[[[16.6929,47.3868],[16.6853,47.3886],[16.693,47.3813],[16.6953,47.3836],[16.6929,47.3868]]]}},{"type":"Feature","properties":{"landuse":"green_public_spaces"},"geometry":{"type":"Polygon","coordinates":[[[16.6082,47.2306],[16.6074,47.2313],[16.604,47.2306],[16.6082,47.2306]]]}},{"type":"Feature","properties":{"landuse":"green_public_spaces"},"geometry":{"type":"Polygon","coordinates":[[[16.6067,47.2398],[16.6069,47.2411],[16.6028,47.2402],[16.6067,47.2398]]]}},{"type":"Feature","properties":{"landuse":"green_public_spaces"},"geometry":{"type":"Polygon","coordinates":[[[16.6061,47.2258],[16.604,47.23],[16.6047,47.2255],[16.6061,47.2258]]]}},{"type":"Feature","properties":{"landuse":"green_public_spaces"},"geometry":{"type":"Polygon","coordinates":[[[16.6228,47.2363],[16.6241,47.2375],[16.6218,47.237],[16.6228,47.2363]]]}},{"type":"Feature","properties":{"landuse":"green_public_spaces"},"geometry":{"type":"Polygon","coordinates":[[[16.7127,47.3991],[16.7125,47.3975],[16.7137,47.3976],[16.7127,47.3991]]]}},{"type":"Feature","properties":{"landuse":"farmland"},"geometry":{"type":"Polygon","coordinates":[[[17.3036,47.4218],[17.304,47.423],[17.3017,47.4225],[17.3036,47.4218]]]}},{"type":"Feature","properties":{"landuse":"greenhouse_horticulture"},"geometry":{"type":"Polygon","coordinates":[[[17.0354,47.5984],[17.0348,47.5992],[17.0336,47.5988],[17.0342,47.598],[17.0354,47.5984]]]}},{"type":"Feature","properties":{"landuse":"green_public_spaces"},"geometry":{"type":"Polygon","coordinates":[[[16.6751,46.6794],[16.674,46.683],[16.6718,46.6818],[16.6751,46.6794]]]}},{"type":"Feature","properties":{"landuse":"green_public_spaces"},"geometry":{"type":"Polygon","coordinates":[[[17.6528,47.6711],[17.6538,47.6731],[17.652,47.6728],[17.6528,47.6711]]]}},{"type":"Feature","properties":{"landuse":"green_public_spaces"},"geometry":{"type":"Polygon","coordinates":[[[17.6544,47.6774],[17.6547,47.6765],[17.6576,47.6769],[17.6544,47.6774]]]}},{"type":"Feature","properties":{"landuse":"green_public_spaces"},"geometry":{"type":"Polygon","coordinates":[[[17.6554,47.6745],[17.6554,47.6726],[17.6587,47.6743],[17.6554,47.6745]]]}},{"type":"Feature","properties":{"landuse":"greenhouse_horticulture"},"geometry":{"type":"Polygon","coordinates":[[[16.6309,47.6523],[16.6292,47.6507],[16.6315,47.6512],[16.6309,47.6523]]]}},{"type":"Feature","properties":{"landuse":"farmland"},"geometry":{"type":"Polygon","coordinates":[[[17.1534,46.6931],[17.1558,46.6866],[17.1523,46.6859],[17.1559,46.676],[17.1593,46.6766],[17.1534,46.6931]]]}},{"type":"Feature","properties":{"landuse":"green_public_spaces"},"geometry":{"type":"Polygon","coordinates":[[[16.5318,46.6224],[16.5333,46.6216],[16.5337,46.6223],[16.5318,46.6224]]]}},{"type":"Feature","properties":{"landuse":"green_public_spaces"},"geometry":{"type":"Polygon","coordinates":[[[16.5517,46.626],[16.5595,46.6282],[16.5535,46.6321],[16.5517,46.626]]]}},{"type":"Feature","properties":{"landuse":"farmland"},"geometry":{"type":"Polygon","coordinates":[[[17.2365,47.4339],[17.2376,47.433],[17.241,47.4326],[17.2365,47.4339]]]}},{"type":"Feature","properties":{"landuse":"farmland"},"geometry":{"type":"Polygon","coordinates":[[[17.2431,47.4327],[17.2512,47.4325],[17.2513,47.4332],[17.2431,47.4327]]]}},{"type":"Feature","properties":{"landuse":"farmland"},"geometry":{"type":"Polygon","coordinates":[[[17.0146,46.581],[17.0172,46.5821],[17.0139,46.5817],[17.0146,46.581]]]}},{"type":"Feature","properties":{"landuse":"farmland"},"geometry":{"type":"Polygon","coordinates":[[[17.3459,47.4406],[17.3457,47.4394],[17.3485,47.4404],[17.3459,47.4406]]]}},{"type":"Feature","properties":{"landuse":"farmland"},"geometry":{"type":"Polygon","coordinates":[[[17.0899,47.2775],[17.0907,47.2765],[17.0926,47.2779],[17.0899,47.2775]]]}},{"type":"Feature","properties":{"landuse":"farmland"},"geometry":{"type":"Polygon","coordinates":[[[17.0516,47.1129],[17.0482,47.1111],[17.0503,47.1095],[17.0425,47.1074],[17.0425,47.0949],[17.0496,47.0983],[17.0506,47.0949],[17.0681,47.0977],[17.0562,47.1153],[17.0516,47.1129]]]}},{"type":"Feature","properties":{"landuse":"farmland"},"geometry":{"type":"Polygon","coordinates":[[[16.912,47.1207],[16.91,47.1249],[16.9069,47.1231],[16.912,47.1207]]]}},{"type":"Feature","properties":{"landuse":"farmland"},"geometry":{"type":"Polygon","coordinates":[[[16.9114,47.1146],[16.9122,47.1097],[16.9166,47.1088],[16.9114,47.1146]]]}},{"type":"Feature","properties":{"landuse":"vineyard"},"geometry":{"type":"Polygon","coordinates":[[[16.9085,47.116],[16.9049,47.1137],[16.9062,47.1084],[16.9085,47.116]]]}},{"type":"Feature","properties":{"landuse":"vineyard"},"geometry":{"type":"Polygon","coordinates":[[[16.9025,47.1244],[16.8952,47.1142],[16.8962,47.1045],[16.9061,47.1042],[16.9066,47.1155],[16.9025,47.1244]]]}},{"type":"Feature","properties":{"landuse":"farmland"},"geometry":{"type":"Polygon","coordinates":[[[16.8986,47.104],[16.899,47.102],[16.9051,47.1038],[16.8986,47.104]]]}},{"type":"Feature","properties":{"landuse":"farmland"},"geometry":{"type":"Polygon","coordinates":[[[17.0479,47.0787],[17.0394,47.0843],[17.0436,47.0891],[17.0484,47.0895],[17.0461,47.0943],[17.0369,47.095],[17.0325,47.103],[17.0257,47.1007],[17.0305,47.0949],[17.0245,47.0935],[17.029,47.0866],[17.0255,47.0829],[17.0296,47.0682],[17.0345,47.0738],[17.0298,47.0682],[17.0522,47.0727],[17.0536,47.0695],[17.0479,47.0787]]]}},{"type":"Feature","properties":{"landuse":"farmland"},"geometry":{"type":"Polygon","coordinates":[[[17.0404,47.1168],[17.0335,47.1167],[17.0318,47.1137],[17.0306,47.1191],[17.0166,47.1177],[17.0255,47.1009],[17.0357,47.1048],[17.0369,47.095],[17.0425,47.0949],[17.0433,47.1084],[17.0404,47.1168]]]}},{"type":"Feature","properties":{"landuse":"vineyard"},"geometry":{"type":"Polygon","coordinates":[[[17.0115,47.2132],[17.0155,47.2141],[17.0104,47.2187],[17.0115,47.2132]]]}},{"type":"Feature","properties":{"landuse":"farmland"},"geometry":{"type":"Polygon","coordinates":[[[17.002,47.2161],[17.0059,47.2086],[17.0131,47.2106],[17.0092,47.2177],[17.002,47.2161]]]}},{"type":"Feature","properties":{"landuse":"farmland"},"geometry":{"type":"Polygon","coordinates":[[[17.0202,47.2117],[17.038,47.2149],[17.0315,47.2214],[17.0185,47.2168],[17.0202,47.2117]]]}},{"type":"Feature","properties":{"landuse":"vineyard"},"geometry":{"type":"Polygon","coordinates":[[[17.0457,47.2298],[17.0505,47.2329],[17.0455,47.2368],[17.0412,47.2358],[17.0453,47.2338],[17.0457,47.2298]]]}},{"type":"Feature","properties":{"landuse":"vineyard"},"geometry":{"type":"Polygon","coordinates":[[[17.0737,47.2734],[17.08,47.2746],[17.0777,47.277],[17.0817,47.2773],[17.0843,47.2815],[17.078,47.2855],[17.0723,47.2832],[17.0685,47.2795],[17.0737,47.2734]]]}},{"type":"Feature","properties":{"landuse":"vineyard"},"geometry":{"type":"Polygon","coordinates":[[[17.0568,47.2669],[17.0628,47.2669],[17.0737,47.2734],[17.0685,47.2774],[17.0614,47.2757],[17.0612,47.2722],[17.0568,47.274],[17.0568,47.2669]]]}},{"type":"Feature","properties":{"landuse":"vineyard"},"geometry":{"type":"Polygon","coordinates":[[[16.6519,47.4615],[16.6529,47.4614],[16.6532,47.4626],[16.6519,47.4615]]]}},{"type":"Feature","properties":{"landuse":"vineyard"},"geometry":{"type":"Polygon","coordinates":[[[16.6339,47.4677],[16.6359,47.4651],[16.6346,47.4679],[16.6339,47.4677]]]}},{"type":"Feature","properties":{"landuse":"vineyard"},"geometry":{"type":"Polygon","coordinates":[[[16.6504,47.4501],[16.6458,47.4482],[16.6515,47.449],[16.6504,47.4501]]]}},{"type":"Feature","properties":{"landuse":"vineyard"},"geometry":{"type":"Polygon","coordinates":[[[16.6503,47.4501],[16.6463,47.4502],[16.6473,47.449],[16.6503,47.4501]]]}},{"type":"Feature","properties":{"landuse":"vineyard"},"geometry":{"type":"Polygon","coordinates":[[[16.645,47.4496],[16.6473,47.4489],[16.6462,47.4501],[16.645,47.4496]]]}},{"type":"Feature","properties":{"landuse":"vineyard"},"geometry":{"type":"Polygon","coordinates":[[[16.6474,47.4579],[16.6488,47.4569],[16.6499,47.4582],[16.6474,47.4579]]]}},{"type":"Feature","properties":{"landuse":"vineyard"},"geometry":{"type":"Polygon","coordinates":[[[16.6509,47.4582],[16.6517,47.4569],[16.6523,47.4587],[16.6509,47.4582]]]}},{"type":"Feature","properties":{"landuse":"vineyard"},"geometry":{"type":"Polygon","coordinates":[[[16.6526,47.4586],[16.6537,47.4567],[16.6558,47.4579],[16.6526,47.4586]]]}},{"type":"Feature","properties":{"landuse":"vineyard"},"geometry":{"type":"Polygon","coordinates":[[[16.654,47.4561],[16.6552,47.4542],[16.6577,47.4556],[16.654,47.4561]]]}},{"type":"Feature","properties":{"landuse":"vineyard"},"geometry":{"type":"Polygon","coordinates":[[[16.6553,47.4542],[16.6572,47.4544],[16.6578,47.4555],[16.6553,47.4542]]]}},{"type":"Feature","properties":{"landuse":"vineyard"},"geometry":{"type":"Polygon","coordinates":[[[16.6497,47.4578],[16.6509,47.4562],[16.651,47.4577],[16.6497,47.4578]]]}},{"type":"Feature","properties":{"landuse":"vineyard"},"geometry":{"type":"Polygon","coordinates":[[[16.6491,47.4569],[16.6479,47.4571],[16.6486,47.4552],[16.6491,47.4569]]]}},{"type":"Feature","properties":{"landuse":"orchard"},"geometry":{"type":"Polygon","coordinates":[[[17.2657,47.607],[17.2644,47.603],[17.2704,47.6049],[17.2708,47.6086],[17.2657,47.607]]]}},{"type":"Feature","properties":{"landuse":"vineyard"},"geometry":{"type":"Polygon","coordinates":[[[16.643,47.4579],[16.6418,47.4574],[16.6422,47.4563],[16.643,47.4579]]]}},{"type":"Feature","properties":{"landuse":"vineyard"},"geometry":{"type":"Polygon","coordinates":[[[16.6393,47.4552],[16.6408,47.4555],[16.6389,47.4563],[16.6393,47.4552]]]}},{"type":"Feature","properties":{"landuse":"vineyard"},"geometry":{"type":"Polygon","coordinates":[[[16.6419,47.4557],[16.6428,47.4545],[16.6436,47.4546],[16.6425,47.456],[16.6419,47.4557]]]}},{"type":"Feature","properties":{"landuse":"vineyard"},"geometry":{"type":"Polygon","coordinates":[[[16.6462,47.4574],[16.6445,47.4569],[16.6447,47.4557],[16.6462,47.4574]]]}},{"type":"Feature","properties":{"landuse":"vineyard"},"geometry":{"type":"Polygon","coordinates":[[[16.6464,47.4564],[16.6467,47.4548],[16.6482,47.4551],[16.6464,47.4564]]]}},{"type":"Feature","properties":{"landuse":"vineyard"},"geometry":{"type":"Polygon","coordinates":[[[17.0152,47.2281],[17.0164,47.2226],[17.0218,47.2221],[17.0249,47.2266],[17.0222,47.2353],[17.0119,47.2364],[17.0144,47.2306],[17.02,47.228],[17.0152,47.2281]]]}},{"type":"Feature","properties":{"landuse":"vineyard"},"geometry":{"type":"Polygon","coordinates":[[[17.0163,47.2518],[17.0192,47.2485],[17.0276,47.2525],[17.0302,47.2483],[17.0272,47.2476],[17.0304,47.2482],[17.0283,47.2533],[17.0319,47.2513],[17.0403,47.2563],[17.0436,47.2621],[17.0391,47.278],[17.0368,47.2782],[17.0368,47.2628],[17.0297,47.2556],[17.0163,47.2518]]]}},{"type":"Feature","properties":{"landuse":"farmland"},"geometry":{"type":"Polygon","coordinates":[[[17.1256,46.8064],[17.127,46.8076],[17.126,46.8076],[17.1256,46.8064]]]}},{"type":"Feature","properties":{"landuse":"vineyard"},"geometry":{"type":"Polygon","coordinates":[[[16.6484,47.4551],[16.6506,47.4519],[16.6554,47.4532],[16.6533,47.4572],[16.6484,47.4551]]]}},{"type":"Feature","properties":{"landuse":"vineyard"},"geometry":{"type":"Polygon","coordinates":[[[16.6463,47.4523],[16.6468,47.4504],[16.6485,47.4511],[16.6463,47.4523]]]}},{"type":"Feature","properties":{"landuse":"vineyard"},"geometry":{"type":"Polygon","coordinates":[[[16.6421,47.4543],[16.6494,47.4529],[16.6482,47.4551],[16.6421,47.4543]]]}},{"type":"Feature","properties":{"landuse":"vineyard"},"geometry":{"type":"Polygon","coordinates":[[[16.6431,47.4524],[16.6439,47.4495],[16.6462,47.4502],[16.6431,47.4524]]]}},{"type":"Feature","properties":{"landuse":"vineyard"},"geometry":{"type":"Polygon","coordinates":[[[16.6391,47.4549],[16.6413,47.454],[16.6409,47.4552],[16.6391,47.4549]]]}},{"type":"Feature","properties":{"landuse":"vineyard"},"geometry":{"type":"Polygon","coordinates":[[[16.6406,47.4506],[16.6416,47.4486],[16.6432,47.4514],[16.6406,47.4506]]]}},{"type":"Feature","properties":{"landuse":"vineyard"},"geometry":{"type":"Polygon","coordinates":[[[16.6422,47.4512],[16.6431,47.4515],[16.6421,47.4539],[16.6422,47.4512]]]}},{"type":"Feature","properties":{"landuse":"farmland"},"geometry":{"type":"Polygon","coordinates":[[[17.0092,47.4292],[17.0112,47.4302],[17.0101,47.4309],[17.0092,47.4292]]]}},{"type":"Feature","properties":{"landuse":"vineyard"},"geometry":{"type":"Polygon","coordinates":[[[16.6362,47.4553],[16.6366,47.4537],[16.6395,47.4537],[16.6362,47.4553]]]}},{"type":"Feature","properties":{"landuse":"vineyard"},"geometry":{"type":"Polygon","coordinates":[[[16.6322,47.454],[16.6339,47.4546],[16.6336,47.4558],[16.6318,47.4552],[16.6322,47.454]]]}},{"type":"Feature","properties":{"landuse":"vineyard"},"geometry":{"type":"Polygon","coordinates":[[[16.6324,47.4534],[16.6327,47.4525],[16.6343,47.4531],[16.6324,47.4534]]]}},{"type":"Feature","properties":{"landuse":"vineyard"},"geometry":{"type":"Polygon","coordinates":[[[16.6402,47.4505],[16.6379,47.4506],[16.6378,47.4485],[16.6402,47.4505]]]}},{"type":"Feature","properties":{"landuse":"vineyard"},"geometry":{"type":"Polygon","coordinates":[[[16.6376,47.4486],[16.6355,47.451],[16.635,47.4489],[16.6376,47.4486]]]}},{"type":"Feature","properties":{"landuse":"vineyard"},"geometry":{"type":"Polygon","coordinates":[[[16.6422,47.4511],[16.6409,47.4539],[16.6338,47.4526],[16.6422,47.4511]]]}},{"type":"Feature","properties":{"landuse":"vineyard"},"geometry":{"type":"Polygon","coordinates":[[[16.6298,47.4497],[16.6311,47.4529],[16.6282,47.4515],[16.6298,47.4497]]]}},{"type":"Feature","properties":{"landuse":"vineyard"},"geometry":{"type":"Polygon","coordinates":[[[16.6247,47.4482],[16.6252,47.4478],[16.6273,47.4489],[16.6247,47.4482]]]}},{"type":"Feature","properties":{"landuse":"vineyard"},"geometry":{"type":"Polygon","coordinates":[[[16.6242,47.4518],[16.6254,47.451],[16.6249,47.4524],[16.6242,47.4518]]]}},{"type":"Feature","properties":{"landuse":"orchard"},"geometry":{"type":"Polygon","coordinates":[[[16.6581,47.4592],[16.6596,47.4602],[16.6584,47.4607],[16.6581,47.4592]]]}},{"type":"Feature","properties":{"landuse":"green_public_spaces"},"geometry":{"type":"Polygon","coordinates":[[[16.7523,47.3863],[16.7513,47.3854],[16.7534,47.3857],[16.7523,47.3863]]]}},{"type":"Feature","properties":{"landuse":"green_public_spaces"},"geometry":{"type":"Polygon","coordinates":[[[16.8772,47.3493],[16.879,47.3509],[16.8762,47.3529],[16.8772,47.3493]]]}},{"type":"Feature","properties":{"landuse":"green_public_spaces"},"geometry":{"type":"Polygon","coordinates":[[[16.5742,47.6826],[16.5703,47.6842],[16.5703,47.6825],[16.5742,47.6826]]]}},{"type":"Feature","properties":{"landuse":"green_public_spaces"},"geometry":{"type":"Polygon","coordinates":[[[16.943,47.2521],[16.9424,47.2555],[16.9391,47.2533],[16.943,47.2521]]]}},{"type":"Feature","properties":{"landuse":"orchard"},"geometry":{"type":"Polygon","coordinates":[[[16.7922,46.9701],[16.7943,46.9755],[16.7919,46.9781],[16.7921,46.9737],[16.7885,46.9713],[16.7922,46.9701]]]}},{"type":"Feature","properties":{"landuse":"vineyard"},"geometry":{"type":"Polygon","coordinates":[[[16.4522,47.0735],[16.4543,47.0727],[16.455,47.0734],[16.4522,47.0735]]]}},{"type":"Feature","properties":{"landuse":"green_public_spaces"},"geometry":{"type":"Polygon","coordinates":[[[17.6554,47.7235],[17.6532,47.7226],[17.6566,47.7211],[17.6554,47.7235]]]}},{"type":"Feature","properties":{"landuse":"vineyard"},"geometry":{"type":"Polygon","coordinates":[[[16.4634,47.316],[16.4658,47.3155],[16.4652,47.3165],[16.4634,47.316]]]}},{"type":"Feature","properties":{"landuse":"farmland"},"geometry":{"type":"Polygon","coordinates":[[[16.9113,47.1301],[16.904,47.1274],[16.9072,47.125],[16.9144,47.1295],[16.9129,47.1322],[16.9113,47.1301]]]}},{"type":"Feature","properties":{"landuse":"farmland"},"geometry":{"type":"Polygon","coordinates":[[[16.8935,47.1141],[16.9034,47.1246],[16.8965,47.1337],[16.8883,47.1204],[16.8881,47.117],[16.8935,47.1141]]]}},{"type":"Feature","properties":{"landuse":"farmland"},"geometry":{"type":"Polygon","coordinates":[[[16.8793,47.1306],[16.8701,47.1233],[16.8703,47.1179],[16.862,47.1127],[16.8652,47.1091],[16.8703,47.1091],[16.871,47.1054],[16.8807,47.1122],[16.8747,47.1122],[16.8853,47.1226],[16.8854,47.1285],[16.8793,47.1306]]]}},{"type":"Feature","properties":{"landuse":"farmland"},"geometry":{"type":"Polygon","coordinates":[[[16.8778,47.1103],[16.8775,47.1064],[16.8816,47.1049],[16.8825,47.107],[16.8905,47.1051],[16.8881,47.1089],[16.8918,47.111],[16.8923,47.1066],[16.894,47.1098],[16.892,47.1158],[16.8869,47.1152],[16.884,47.1102],[16.8778,47.1103]]]}},{"type":"Feature","properties":{"landuse":"farmland"},"geometry":{"type":"Polygon","coordinates":[[[16.5839,46.7675],[16.5852,46.7655],[16.5917,46.7677],[16.5839,46.7675]]]}},{"type":"Feature","properties":{"landuse":"farmland"},"geometry":{"type":"Polygon","coordinates":[[[16.5737,46.7574],[16.5781,46.7567],[16.5746,46.7578],[16.5737,46.7574]]]}},{"type":"Feature","properties":{"landuse":"green_public_spaces"},"geometry":{"type":"Polygon","coordinates":[[[17.0157,47.2377],[17.0161,47.2365],[17.0181,47.2358],[17.0157,47.2377]]]}},{"type":"Feature","properties":{"landuse":"farmland"},"geometry":{"type":"Polygon","coordinates":[[[16.3459,46.7293],[16.3477,46.7296],[16.3455,46.7307],[16.3459,46.7293]]]}},{"type":"Feature","properties":{"landuse":"farmland"},"geometry":{"type":"Polygon","coordinates":[[[16.3406,46.7279],[16.3442,46.7291],[16.3363,46.7273],[16.3406,46.7279]]]}},{"type":"Feature","properties":{"landuse":"farmland"},"geometry":{"type":"Polygon","coordinates":[[[16.3435,46.7319],[16.3453,46.7322],[16.3429,46.7327],[16.3435,46.7319]]]}},{"type":"Feature","properties":{"landuse":"farmland"},"geometry":{"type":"Polygon","coordinates":[[[16.3295,46.7393],[16.3321,46.7423],[16.328,46.741],[16.3295,46.7393]]]}},{"type":"Feature","properties":{"landuse":"farmland"},"geometry":{"type":"Polygon","coordinates":[[[16.3251,46.7357],[16.3234,46.7365],[16.3242,46.7349],[16.3251,46.7357]]]}},{"type":"Feature","properties":{"landuse":"farmland"},"geometry":{"type":"Polygon","coordinates":[[[16.328,46.7369],[16.3254,46.7435],[16.3218,46.7401],[16.325,46.7372],[16.3278,46.74],[16.3249,46.7371],[16.328,46.7369]]]}},{"type":"Feature","properties":{"landuse":"farmland"},"geometry":{"type":"Polygon","coordinates":[[[16.3304,46.7326],[16.3315,46.731],[16.3338,46.733],[16.3304,46.7326]]]}},{"type":"Feature","properties":{"landuse":"farmland"},"geometry":{"type":"Polygon","coordinates":[[[16.3236,46.7465],[16.3236,46.7475],[16.3218,46.7459],[16.3236,46.7465]]]}},{"type":"Feature","properties":{"landuse":"farmland"},"geometry":{"type":"Polygon","coordinates":[[[16.3301,46.7327],[16.3281,46.7359],[16.3258,46.7337],[16.3322,46.7262],[16.3301,46.7327]]]}},{"type":"Feature","properties":{"landuse":"farmland"},"geometry":{"type":"Polygon","coordinates":[[[16.3273,46.7433],[16.3266,46.7446],[16.3254,46.7438],[16.3273,46.7433]]]}},{"type":"Feature","properties":{"landuse":"farmland"},"geometry":{"type":"Polygon","coordinates":[[[16.3288,46.736],[16.3316,46.7374],[16.3283,46.7371],[16.3288,46.736]]]}},{"type":"Feature","properties":{"landuse":"farmland"},"geometry":{"type":"Polygon","coordinates":[[[16.3316,46.7345],[16.3284,46.7358],[16.3302,46.733],[16.3316,46.7345]]]}},{"type":"Feature","properties":{"landuse":"farmland"},"geometry":{"type":"Polygon","coordinates":[[[16.3202,46.7426],[16.3249,46.7434],[16.3222,46.7448],[16.3202,46.7426]]]}},{"type":"Feature","properties":{"landuse":"farmland"},"geometry":{"type":"Polygon","coordinates":[[[16.3206,46.7383],[16.3227,46.7373],[16.3233,46.7393],[16.3206,46.7383]]]}},{"type":"Feature","properties":{"landuse":"farmland"},"geometry":{"type":"Polygon","coordinates":[[[16.3228,46.7504],[16.3211,46.751],[16.3217,46.7494],[16.3228,46.7504]]]}},{"type":"Feature","properties":{"landuse":"farmland"},"geometry":{"type":"Polygon","coordinates":[[[16.3213,46.7456],[16.3231,46.7475],[16.3199,46.7446],[16.3213,46.7456]]]}},{"type":"Feature","properties":{"landuse":"farmland"},"geometry":{"type":"Polygon","coordinates":[[[16.3324,46.73],[16.3327,46.7319],[16.3316,46.731],[16.3324,46.73]]]}},{"type":"Feature","properties":{"landuse":"farmland"},"geometry":{"type":"Polygon","coordinates":[[[16.3343,46.727],[16.3333,46.7286],[16.3332,46.7266],[16.3343,46.727]]]}},{"type":"Feature","properties":{"landuse":"vineyard"},"geometry":{"type":"Polygon","coordinates":[[[16.5931,47.6478],[16.5924,47.6445],[16.5963,47.6458],[16.5931,47.6478]]]}},{"type":"Feature","properties":{"landuse":"vineyard"},"geometry":{"type":"Polygon","coordinates":[[[16.6082,47.6986],[16.6091,47.6997],[16.6072,47.6998],[16.6082,47.6986]]]}},{"type":"Feature","properties":{"landuse":"vineyard"},"geometry":{"type":"Polygon","coordinates":[[[16.6115,47.6934],[16.614,47.6948],[16.6127,47.6949],[16.6115,47.6934]]]}},{"type":"Feature","properties":{"landuse":"vineyard"},"geometry":{"type":"Polygon","coordinates":[[[16.6107,47.6938],[16.6138,47.6958],[16.613,47.6961],[16.6107,47.6938]]]}},{"type":"Feature","properties":{"landuse":"farmland"},"geometry":{"type":"Polygon","coordinates":[[[17.4666,47.8275],[17.4623,47.8286],[17.4646,47.8267],[17.4666,47.8275]]]}},{"type":"Feature","properties":{"landuse":"farmland"},"geometry":{"type":"Polygon","coordinates":[[[17.4646,47.8237],[17.4602,47.8216],[17.4664,47.8237],[17.4646,47.8237]]]}},{"type":"Feature","properties":{"landuse":"green_public_spaces"},"geometry":{"type":"Polygon","coordinates":[[[17.0521,46.4894],[17.0523,46.4902],[17.0465,46.4903],[17.0521,46.4894]]]}},{"type":"Feature","properties":{"landuse":"farmland"},"geometry":{"type":"Polygon","coordinates":[[[17.4767,47.8088],[17.4753,47.8067],[17.482,47.8085],[17.4767,47.8088]]]}},{"type":"Feature","properties":{"landuse":"farmland"},"geometry":{"type":"Polygon","coordinates":[[[16.6379,47.4602],[16.6387,47.459],[16.6425,47.4596],[16.6379,47.4602]]]}},{"type":"Feature","properties":{"landuse":"farmland"},"geometry":{"type":"Polygon","coordinates":[[[16.6334,47.4598],[16.6339,47.459],[16.6375,47.4601],[16.6334,47.4598]]]}},{"type":"Feature","properties":{"landuse":"farmland"},"geometry":{"type":"Polygon","coordinates":[[[16.5325,46.6232],[16.5345,46.6243],[16.5327,46.6252],[16.5325,46.6232]]]}},{"type":"Feature","properties":{"landuse":"farmland"},"geometry":{"type":"Polygon","coordinates":[[[16.5317,46.6267],[16.5308,46.6249],[16.5321,46.6254],[16.5317,46.6267]]]}},{"type":"Feature","properties":{"landuse":"farmland"},"geometry":{"type":"Polygon","coordinates":[[[17.4971,47.7536],[17.5023,47.7518],[17.5143,47.7576],[17.4983,47.7571],[17.4971,47.7536]]]}},{"type":"Feature","properties":{"landuse":"farmland"},"geometry":{"type":"Polygon","coordinates":[[[17.0512,47.0749],[17.0488,47.0788],[17.0483,47.0768],[17.0512,47.0749]]]}},{"type":"Feature","properties":{"landuse":"farmland"},"geometry":{"type":"Polygon","coordinates":[[[17.0728,47.0769],[17.0693,47.0769],[17.069,47.0741],[17.0726,47.074],[17.0728,47.0769]]]}},{"type":"Feature","properties":{"landuse":"farmland"},"geometry":{"type":"Polygon","coordinates":[[[16.9893,47.2494],[16.9861,47.2543],[16.9873,47.2471],[16.9907,47.2475],[16.9893,47.2494]]]}},{"type":"Feature","properties":{"landuse":"green_public_spaces"},"geometry":{"type":"Polygon","coordinates":[[[17.2501,47.6132],[17.251,47.6125],[17.2534,47.6136],[17.2501,47.6132]]]}},{"type":"Feature","properties":{"landuse":"farmland"},"geometry":{"type":"Polygon","coordinates":[[[16.623,47.461],[16.6237,47.4588],[16.6328,47.4589],[16.6294,47.4625],[16.623,47.461]]]}},{"type":"Feature","properties":{"landuse":"farmland"},"geometry":{"type":"Polygon","coordinates":[[[16.643,47.4615],[16.6606,47.4578],[16.6616,47.4628],[16.6512,47.4641],[16.643,47.4615]]]}},{"type":"Feature","properties":{"landuse":"farmland"},"geometry":{"type":"Polygon","coordinates":[[[16.6576,47.4585],[16.6602,47.4559],[16.661,47.457],[16.6576,47.4585]]]}},{"type":"Feature","properties":{"landuse":"farmland"},"geometry":{"type":"Polygon","coordinates":[[[16.6232,47.4495],[16.6214,47.4482],[16.626,47.4405],[16.6362,47.4458],[16.6462,47.4466],[16.6442,47.4493],[16.635,47.4489],[16.6355,47.451],[16.6252,47.4478],[16.6242,47.4518],[16.6232,47.4495]]]}},{"type":"Feature","properties":{"landuse":"farmland"},"geometry":{"type":"Polygon","coordinates":[[[16.8941,47.2012],[16.896,47.2014],[16.8961,47.2024],[16.8941,47.2012]]]}},{"type":"Feature","properties":{"landuse":"farmland"},"geometry":{"type":"Polygon","coordinates":[[[17.2529,47.6255],[17.248,47.6248],[17.2494,47.6211],[17.2541,47.6216],[17.2529,47.6255]]]}},{"type":"Feature","properties":{"landuse":"farmland"},"geometry":{"type":"Polygon","coordinates":[[[17.2416,47.625],[17.2489,47.6223],[17.2477,47.6258],[17.2416,47.625]]]}},{"type":"Feature","properties":{"landuse":"farmland"},"geometry":{"type":"Polygon","coordinates":[[[17.2396,47.63],[17.2416,47.625],[17.2475,47.6258],[17.246,47.6308],[17.2396,47.63]]]}},{"type":"Feature","properties":{"landuse":"farmland"},"geometry":{"type":"Polygon","coordinates":[[[17.2387,47.634],[17.2396,47.63],[17.246,47.6308],[17.2427,47.6394],[17.2371,47.6389],[17.2387,47.634]]]}},{"type":"Feature","properties":{"landuse":"farmland"},"geometry":{"type":"Polygon","coordinates":[[[17.2504,47.6316],[17.2504,47.6342],[17.245,47.6334],[17.2459,47.631],[17.2504,47.6316]]]}},{"type":"Feature","properties":{"landuse":"farmland"},"geometry":{"type":"Polygon","coordinates":[[[17.2504,47.6342],[17.2486,47.6402],[17.2427,47.6394],[17.245,47.6334],[17.2504,47.6342]]]}},{"type":"Feature","properties":{"landuse":"farmland"},"geometry":{"type":"Polygon","coordinates":[[[17.2516,47.6332],[17.2566,47.6344],[17.251,47.6468],[17.2468,47.6463],[17.2516,47.6332]]]}},{"type":"Feature","properties":{"landuse":"farmland"},"geometry":{"type":"Polygon","coordinates":[[[17.2527,47.6433],[17.2596,47.6278],[17.2641,47.6285],[17.2527,47.6433]]]}},{"type":"Feature","properties":{"landuse":"farmland"},"geometry":{"type":"Polygon","coordinates":[[[17.2639,47.6457],[17.2599,47.6391],[17.2672,47.6345],[17.2704,47.6396],[17.2639,47.6457]]]}},{"type":"Feature","properties":{"landuse":"farmland"},"geometry":{"type":"Polygon","coordinates":[[[17.2609,47.6344],[17.2645,47.6297],[17.2671,47.6344],[17.2609,47.6344]]]}},{"type":"Feature","properties":{"landuse":"farmland"},"geometry":{"type":"Polygon","coordinates":[[[17.2814,47.6332],[17.2782,47.6372],[17.2722,47.6405],[17.2814,47.6332]]]}},{"type":"Feature","properties":{"landuse":"farmland"},"geometry":{"type":"Polygon","coordinates":[[[17.2727,47.6263],[17.2806,47.6325],[17.2764,47.6363],[17.2727,47.6263]]]}},{"type":"Feature","properties":{"landuse":"farmland"},"geometry":{"type":"Polygon","coordinates":[[[17.2655,47.6281],[17.2695,47.6231],[17.2731,47.626],[17.2701,47.6297],[17.2655,47.6281]]]}},{"type":"Feature","properties":{"landuse":"farmland"},"geometry":{"type":"Polygon","coordinates":[[[17.2596,47.6278],[17.261,47.6209],[17.2652,47.6192],[17.2695,47.6231],[17.2644,47.6294],[17.2596,47.6278]]]}},{"type":"Feature","properties":{"landuse":"farmland"},"geometry":{"type":"Polygon","coordinates":[[[17.2517,47.6305],[17.2558,47.6277],[17.2527,47.6273],[17.2595,47.6278],[17.2567,47.6341],[17.2513,47.633],[17.2517,47.6305]]]}},{"type":"Feature","properties":{"landuse":"farmland"},"geometry":{"type":"Polygon","coordinates":[[[17.2541,47.6216],[17.2608,47.6225],[17.2595,47.6278],[17.2527,47.6269],[17.2541,47.6216]]]}},{"type":"Feature","properties":{"landuse":"farmland"},"geometry":{"type":"Polygon","coordinates":[[[17.2326,47.6297],[17.2392,47.6217],[17.2442,47.6232],[17.2363,47.6309],[17.2326,47.6297]]]}},{"type":"Feature","properties":{"landuse":"farmland"},"geometry":{"type":"Polygon","coordinates":[[[17.2595,47.591],[17.2646,47.5914],[17.2644,47.603],[17.2599,47.6037],[17.2595,47.591]]]}},{"type":"Feature","properties":{"landuse":"farmland"},"geometry":{"type":"Polygon","coordinates":[[[17.2708,47.6097],[17.2704,47.6049],[17.2644,47.603],[17.2645,47.597],[17.2789,47.5976],[17.2813,47.6084],[17.2708,47.6097]]]}},{"type":"Feature","properties":{"landuse":"farmland"},"geometry":{"type":"Polygon","coordinates":[[[17.2646,47.5914],[17.2794,47.5918],[17.2789,47.5976],[17.2645,47.597],[17.2646,47.5914]]]}},{"type":"Feature","properties":{"landuse":"farmland"},"geometry":{"type":"Polygon","coordinates":[[[17.284,47.6352],[17.274,47.6269],[17.2987,47.6218],[17.3003,47.625],[17.284,47.6352]]]}},{"type":"Feature","properties":{"landuse":"farmland"},"geometry":{"type":"Polygon","coordinates":[[[17.2987,47.6218],[17.2863,47.6226],[17.2913,47.6179],[17.2987,47.6218]]]}},{"type":"Feature","properties":{"landuse":"farmland"},"geometry":{"type":"Polygon","coordinates":[[[17.298,47.6194],[17.2831,47.6164],[17.2862,47.6103],[17.2998,47.6148],[17.298,47.6194]]]}},{"type":"Feature","properties":{"landuse":"farmland"},"geometry":{"type":"Polygon","coordinates":[[[17.2998,47.6148],[17.2813,47.6084],[17.2794,47.6001],[17.287,47.6004],[17.2934,47.6058],[17.2965,47.6021],[17.3059,47.6082],[17.2998,47.6148]]]}},{"type":"Feature","properties":{"landuse":"farmland"},"geometry":{"type":"Polygon","coordinates":[[[17.284,47.6352],[17.3003,47.625],[17.3029,47.6362],[17.2926,47.6434],[17.2881,47.6419],[17.284,47.6352]]]}},{"type":"Feature","properties":{"landuse":"farmland"},"geometry":{"type":"Polygon","coordinates":[[[17.2739,47.6464],[17.2778,47.643],[17.2766,47.6403],[17.284,47.6352],[17.2935,47.6464],[17.2874,47.656],[17.2739,47.6464]]]}},{"type":"Feature","properties":{"landuse":"farmland"},"geometry":{"type":"Polygon","coordinates":[[[17.3213,47.6231],[17.3065,47.6377],[17.3029,47.6362],[17.298,47.6194],[17.2998,47.6175],[17.3213,47.6231]]]}},{"type":"Feature","properties":{"landuse":"farmland"},"geometry":{"type":"Polygon","coordinates":[[[17.3213,47.6231],[17.2998,47.6175],[17.2998,47.6148],[17.3059,47.6082],[17.323,47.6213],[17.3213,47.6231]]]}},{"type":"Feature","properties":{"landuse":"farmland"},"geometry":{"type":"Polygon","coordinates":[[[17.2915,47.5977],[17.2914,47.6011],[17.2965,47.6021],[17.2934,47.6058],[17.2869,47.6028],[17.2915,47.5977]]]}},{"type":"Feature","properties":{"landuse":"farmland"},"geometry":{"type":"Polygon","coordinates":[[[17.2164,47.6074],[17.203,47.6029],[17.1993,47.5976],[17.2236,47.5987],[17.2164,47.6074]]]}},{"type":"Feature","properties":{"landuse":"farmland"},"geometry":{"type":"Polygon","coordinates":[[[17.1904,47.6075],[17.1825,47.606],[17.1857,47.5952],[17.2004,47.5965],[17.1904,47.6075]]]}},{"type":"Feature","properties":{"landuse":"farmland"},"geometry":{"type":"Polygon","coordinates":[[[17.1825,47.606],[17.1947,47.6087],[17.1902,47.6122],[17.1945,47.6137],[17.1996,47.6109],[17.2124,47.6174],[17.2084,47.6219],[17.176,47.6123],[17.1825,47.606]]]}},{"type":"Feature","properties":{"landuse":"farmland"},"geometry":{"type":"Polygon","coordinates":[[[17.1702,47.61],[17.1196,47.6055],[17.1246,47.5929],[17.1828,47.6014],[17.1825,47.606],[17.1764,47.6116],[17.1702,47.61]]]}},{"type":"Feature","properties":{"landuse":"farmland"},"geometry":{"type":"Polygon","coordinates":[[[17.1982,47.6188],[17.194,47.6236],[17.084,47.606],[17.1166,47.6046],[17.1702,47.61],[17.1982,47.6188]]]}},{"type":"Feature","properties":{"landuse":"farmland"},"geometry":{"type":"Polygon","coordinates":[[[17.1828,47.6014],[17.1621,47.5977],[17.169,47.5912],[17.178,47.5936],[17.1803,47.5806],[17.1841,47.5813],[17.189,47.5879],[17.1828,47.6014]]]}},{"type":"Feature","properties":{"landuse":"farmland"},"geometry":{"type":"Polygon","coordinates":[[[17.224,47.5934],[17.2236,47.5987],[17.1857,47.5952],[17.1918,47.5831],[17.1909,47.5775],[17.2287,47.5779],[17.2284,47.5869],[17.224,47.5934]]]}},{"type":"Feature","properties":{"landuse":"farmland"},"geometry":{"type":"Polygon","coordinates":[[[17.1909,47.5775],[17.1888,47.5774],[17.1908,47.5737],[17.1836,47.5789],[17.1841,47.5813],[17.1803,47.5806],[17.1806,47.5711],[17.1989,47.5717],[17.1984,47.5776],[17.1909,47.5775]]]}},{"type":"Feature","properties":{"landuse":"farmland"},"geometry":{"type":"Polygon","coordinates":[[[17.1806,47.5711],[17.1793,47.5869],[17.1665,47.5825],[17.1615,47.5889],[17.1675,47.5931],[17.1639,47.5933],[17.1621,47.5977],[17.1504,47.5958],[17.1529,47.5705],[17.1806,47.5711]]]}},{"type":"Feature","properties":{"landuse":"farmland"},"geometry":{"type":"Polygon","coordinates":[[[17.0692,46.9846],[17.068,46.984],[17.0703,46.9859],[17.0692,46.9846]]]}},{"type":"Feature","properties":{"landuse":"farmland"},"geometry":{"type":"Polygon","coordinates":[[[17.3909,47.5445],[17.3746,47.5433],[17.3796,47.5274],[17.3782,47.5226],[17.3882,47.5164],[17.3916,47.5177],[17.3848,47.5212],[17.3904,47.5252],[17.3883,47.5262],[17.3933,47.5366],[17.3909,47.5445]]]}},{"type":"Feature","properties":{"landuse":"farmland"},"geometry":{"type":"Polygon","coordinates":[[[17.3849,47.6391],[17.389,47.631],[17.3891,47.6193],[17.3835,47.607],[17.3947,47.6033],[17.4028,47.6137],[17.4059,47.6244],[17.4109,47.6252],[17.4147,47.6306],[17.4096,47.6317],[17.4095,47.6359],[17.403,47.6414],[17.3849,47.6391]]]}},{"type":"Feature","properties":{"landuse":"farmland"},"geometry":{"type":"Polygon","coordinates":[[[17.403,47.6414],[17.4095,47.6359],[17.4096,47.6317],[17.4147,47.6306],[17.4109,47.6256],[17.4173,47.6196],[17.4201,47.621],[17.427,47.6167],[17.4363,47.6206],[17.4349,47.6274],[17.4238,47.6397],[17.415,47.6403],[17.4154,47.6427],[17.403,47.6414]]]}},{"type":"Feature","properties":{"landuse":"farmland"},"geometry":{"type":"Polygon","coordinates":[[[17.4348,47.6454],[17.4237,47.6439],[17.4291,47.6421],[17.4238,47.6397],[17.4344,47.6279],[17.4473,47.6261],[17.44,47.6314],[17.4531,47.646],[17.4348,47.6454]]]}},{"type":"Feature","properties":{"landuse":"farmland"},"geometry":{"type":"Polygon","coordinates":[[[17.4479,47.5994],[17.4564,47.6061],[17.4413,47.6184],[17.4528,47.6251],[17.4431,47.6243],[17.435,47.6282],[17.4381,47.6134],[17.4352,47.6117],[17.4479,47.5994]]]}},{"type":"Feature","properties":{"landuse":"farmland"},"geometry":{"type":"Polygon","coordinates":[[[17.348,47.681],[17.3502,47.6766],[17.3629,47.6759],[17.3712,47.6845],[17.3716,47.6907],[17.3686,47.6896],[17.371,47.6864],[17.3626,47.6869],[17.3675,47.69],[17.3607,47.6927],[17.348,47.681]]]}},{"type":"Feature","properties":{"landuse":"farmland"},"geometry":{"type":"Polygon","coordinates":[[[17.3676,47.6903],[17.3648,47.6921],[17.3698,47.6978],[17.3634,47.6991],[17.3631,47.6928],[17.3676,47.6903]]]}},{"type":"Feature","properties":{"landuse":"farmland"},"geometry":{"type":"Polygon","coordinates":[[[17.3711,47.6982],[17.3732,47.7008],[17.3669,47.7023],[17.3655,47.6988],[17.3711,47.6982]]]}},{"type":"Feature","properties":{"landuse":"farmland"},"geometry":{"type":"Polygon","coordinates":[[[17.3733,47.7012],[17.3739,47.7063],[17.3767,47.7062],[17.363,47.7054],[17.3733,47.7012]]]}},{"type":"Feature","properties":{"landuse":"farmland"},"geometry":{"type":"Polygon","coordinates":[[[16.9105,47.5137],[16.9161,47.5064],[16.9194,47.508],[16.9182,47.5106],[16.9135,47.511],[16.9157,47.5096],[16.9214,47.5162],[16.9105,47.5137]]]}},{"type":"Feature","properties":{"landuse":"farmland"},"geometry":{"type":"Polygon","coordinates":[[[17.0653,47.6183],[17.0494,47.63],[17.0423,47.6303],[17.0425,47.6409],[17.0366,47.6407],[17.0371,47.6381],[17.0289,47.6326],[17.0366,47.6235],[17.0346,47.6064],[17.0653,47.6183]]]}},{"type":"Feature","properties":{"landuse":"farmland"},"geometry":{"type":"Polygon","coordinates":[[[17.0653,47.6183],[17.0349,47.6064],[17.0337,47.6034],[17.0379,47.6034],[17.0436,47.5914],[17.0976,47.5876],[17.0895,47.5953],[17.0849,47.5932],[17.0734,47.621],[17.0653,47.6183]]]}},{"type":"Feature","properties":{"landuse":"farmland"},"geometry":{"type":"Polygon","coordinates":[[[17.0118,47.5901],[17.0114,47.5923],[17.0166,47.592],[17.0164,47.6003],[17.0207,47.5996],[17.0221,47.6032],[17.0189,47.6318],[16.9923,47.6297],[16.994,47.6238],[16.9988,47.624],[17.0008,47.6182],[16.9963,47.6168],[17.0072,47.5898],[17.0118,47.5901]]]}},{"type":"Feature","properties":{"landuse":"farmland"},"geometry":{"type":"Polygon","coordinates":[[[16.8229,47.4828],[16.8278,47.4819],[16.8257,47.4842],[16.8229,47.4828]]]}},{"type":"Feature","properties":{"landuse":"farmland"},"geometry":{"type":"Polygon","coordinates":[[[16.8215,47.4951],[16.8315,47.4904],[16.826,47.4982],[16.8155,47.4949],[16.8215,47.4951]]]}},{"type":"Feature","properties":{"landuse":"farmland"},"geometry":{"type":"Polygon","coordinates":[[[16.9167,47.6356],[16.9206,47.6309],[16.9244,47.6321],[16.9242,47.6381],[16.9167,47.6356]]]}},{"type":"Feature","properties":{"landuse":"farmland"},"geometry":{"type":"Polygon","coordinates":[[[16.9022,47.6308],[16.9058,47.6253],[16.9059,47.6161],[16.9153,47.6166],[16.9229,47.6198],[16.9323,47.6403],[16.925,47.6386],[16.9257,47.6294],[16.9235,47.6308],[16.9205,47.627],[16.9144,47.6349],[16.9022,47.6308]]]}},{"type":"Feature","properties":{"landuse":"farmland"},"geometry":{"type":"Polygon","coordinates":[[[16.9044,47.6077],[16.9203,47.615],[16.9229,47.6198],[16.9075,47.6155],[16.9063,47.6226],[16.8891,47.6172],[16.9044,47.6077]]]}},{"type":"Feature","properties":{"landuse":"farmland"},"geometry":{"type":"Polygon","coordinates":[[[16.9018,47.6308],[16.893,47.63],[16.8951,47.6275],[16.8928,47.6252],[16.8893,47.6306],[16.8777,47.6275],[16.8808,47.6235],[16.8881,47.6255],[16.8926,47.6215],[16.9038,47.6286],[16.9018,47.6308]]]}},{"type":"Feature","properties":{"landuse":"farmland"},"geometry":{"type":"Polygon","coordinates":[[[16.6469,47.6419],[16.6451,47.6407],[16.6476,47.6396],[16.6507,47.6415],[16.6469,47.6419]]]}},{"type":"Feature","properties":{"landuse":"vineyard"},"geometry":{"type":"Polygon","coordinates":[[[16.5916,47.6471],[16.5913,47.6454],[16.5924,47.6445],[16.5916,47.6471]]]}},{"type":"Feature","properties":{"landuse":"farmland"},"geometry":{"type":"Polygon","coordinates":[[[17.2384,46.7117],[17.2392,46.7098],[17.2421,46.7105],[17.2384,46.7117]]]}},{"type":"Feature","properties":{"landuse":"orchard"},"geometry":{"type":"Polygon","coordinates":[[[17.471,47.8309],[17.4688,47.8315],[17.4697,47.8292],[17.471,47.8309]]]}},{"type":"Feature","properties":{"landuse":"orchard"},"geometry":{"type":"Polygon","coordinates":[[[17.4725,47.8305],[17.4716,47.8266],[17.4741,47.8301],[17.4725,47.8305]]]}},{"type":"Feature","properties":{"landuse":"orchard"},"geometry":{"type":"Polygon","coordinates":[[[16.7334,47.3725],[16.7316,47.3715],[16.738,47.3724],[16.7334,47.3725]]]}},{"type":"Feature","properties":{"landuse":"green_public_spaces"},"geometry":{"type":"Polygon","coordinates":[[[17.6068,47.626],[17.6039,47.6245],[17.6063,47.624],[17.6068,47.626]]]}},{"type":"Feature","properties":{"landuse":"farmland"},"geometry":{"type":"Polygon","coordinates":[[[17.6949,47.6908],[17.7044,47.6928],[17.6948,47.6922],[17.6949,47.6908]]]}},{"type":"Feature","properties":{"landuse":"green_public_spaces"},"geometry":{"type":"Polygon","coordinates":[[[16.6224,47.2425],[16.6244,47.2409],[16.6225,47.2441],[16.6224,47.2425]]]}},{"type":"Feature","properties":{"landuse":"farmland"},"geometry":{"type":"Polygon","coordinates":[[[16.9428,47.2617],[16.9435,47.2608],[16.9458,47.261],[16.9428,47.2617]]]}},{"type":"Feature","properties":{"landuse":"farmland"},"geometry":{"type":"Polygon","coordinates":[[[16.9421,47.2594],[16.9441,47.2582],[16.9438,47.2606],[16.9421,47.2594]]]}},{"type":"Feature","properties":{"landuse":"green_public_spaces"},"geometry":{"type":"Polygon","coordinates":[[[17.0385,47.5938],[17.0402,47.5964],[17.0377,47.5956],[17.0385,47.5938]]]}},{"type":"Feature","properties":{"landuse":"green_public_spaces"},"geometry":{"type":"Polygon","coordinates":[[[16.9287,47.2457],[16.9348,47.2424],[16.9442,47.2444],[16.935,47.2426],[16.9287,47.2457]]]}},{"type":"Feature","properties":{"landuse":"farmland"},"geometry":{"type":"Polygon","coordinates":[[[16.9832,47.2587],[16.9826,47.2575],[16.9848,47.2577],[16.9832,47.2587]]]}},{"type":"Feature","properties":{"landuse":"farmland"},"geometry":{"type":"Polygon","coordinates":[[[17.4375,47.8414],[17.4354,47.8407],[17.4399,47.8413],[17.4375,47.8414]]]}},{"type":"Feature","properties":{"landuse":"farmland"},"geometry":{"type":"Polygon","coordinates":[[[17.4343,47.8421],[17.433,47.8397],[17.4385,47.8418],[17.4343,47.8421]]]}},{"type":"Feature","properties":{"landuse":"farmland"},"geometry":{"type":"Polygon","coordinates":[[[16.928,47.2653],[16.9293,47.2645],[16.929,47.2663],[16.928,47.2653]]]}},{"type":"Feature","properties":{"landuse":"farmland"},"geometry":{"type":"Polygon","coordinates":[[[16.9255,47.2639],[16.9279,47.2659],[16.9254,47.2654],[16.9255,47.2639]]]}},{"type":"Feature","properties":{"landuse":"farmland"},"geometry":{"type":"Polygon","coordinates":[[[16.9363,47.267],[16.9378,47.2686],[16.9354,47.2685],[16.9363,47.267]]]}},{"type":"Feature","properties":{"landuse":"farmland"},"geometry":{"type":"Polygon","coordinates":[[[16.93,47.2648],[16.9363,47.2662],[16.9303,47.2662],[16.93,47.2648]]]}},{"type":"Feature","properties":{"landuse":"farmland"},"geometry":{"type":"Polygon","coordinates":[[[16.9298,47.2662],[16.9355,47.2672],[16.934,47.2679],[16.9298,47.2662]]]}},{"type":"Feature","properties":{"landuse":"farmland"},"geometry":{"type":"Polygon","coordinates":[[[16.9579,47.2749],[16.9536,47.2772],[16.9535,47.2746],[16.9579,47.2749]]]}},{"type":"Feature","properties":{"landuse":"farmland"},"geometry":{"type":"Polygon","coordinates":[[[16.9535,47.2746],[16.9532,47.2772],[16.9523,47.2746],[16.9535,47.2746]]]}},{"type":"Feature","properties":{"landuse":"farmland"},"geometry":{"type":"Polygon","coordinates":[[[16.9523,47.2742],[16.9517,47.2771],[16.95,47.277],[16.9523,47.2742]]]}},{"type":"Feature","properties":{"landuse":"farmland"},"geometry":{"type":"Polygon","coordinates":[[[16.9579,47.2749],[16.959,47.2774],[16.9576,47.2774],[16.9579,47.2749]]]}},{"type":"Feature","properties":{"landuse":"farmland"},"geometry":{"type":"Polygon","coordinates":[[[16.9301,47.2644],[16.9356,47.2651],[16.936,47.2656],[16.9301,47.2644]]]}},{"type":"Feature","properties":{"landuse":"farmland"},"geometry":{"type":"Polygon","coordinates":[[[16.9302,47.2609],[16.9299,47.2627],[16.9288,47.2609],[16.9302,47.2609]]]}},{"type":"Feature","properties":{"landuse":"farmland"},"geometry":{"type":"Polygon","coordinates":[[[16.9727,47.2756],[16.9738,47.2756],[16.9736,47.2767],[16.9727,47.2756]]]}},{"type":"Feature","properties":{"landuse":"farmland"},"geometry":{"type":"Polygon","coordinates":[[[16.9502,47.2736],[16.9518,47.2741],[16.9496,47.2764],[16.9502,47.2736]]]}},{"type":"Feature","properties":{"landuse":"farmland"},"geometry":{"type":"Polygon","coordinates":[[[16.9498,47.2734],[16.945,47.267],[16.951,47.2648],[16.9554,47.2737],[16.9498,47.2734]]]}},{"type":"Feature","properties":{"landuse":"farmland"},"geometry":{"type":"Polygon","coordinates":[[[16.95,47.2736],[16.9499,47.2766],[16.9457,47.2759],[16.95,47.2736]]]}},{"type":"Feature","properties":{"landuse":"farmland"},"geometry":{"type":"Polygon","coordinates":[[[16.942,47.2713],[16.9449,47.2727],[16.9426,47.2729],[16.942,47.2713]]]}},{"type":"Feature","properties":{"landuse":"farmland"},"geometry":{"type":"Polygon","coordinates":[[[16.9471,47.2736],[16.9457,47.2759],[16.9409,47.2746],[16.9471,47.2736]]]}},{"type":"Feature","properties":{"landuse":"farmland"},"geometry":{"type":"Polygon","coordinates":[[[17.2505,47.9926],[17.2595,47.9881],[17.2546,47.9935],[17.2505,47.9926]]]}},{"type":"Feature","properties":{"landuse":"farmland"},"geometry":{"type":"Polygon","coordinates":[[[16.9206,47.269],[16.9216,47.269],[16.9202,47.2701],[16.9206,47.269]]]}},{"type":"Feature","properties":{"landuse":"farmland"},"geometry":{"type":"Polygon","coordinates":[[[16.92,47.2689],[16.9196,47.2676],[16.9236,47.2675],[16.92,47.2689]]]}},{"type":"Feature","properties":{"landuse":"farmland"},"geometry":{"type":"Polygon","coordinates":[[[16.9643,47.2823],[16.9646,47.2828],[16.9605,47.2824],[16.9643,47.2823]]]}},{"type":"Feature","properties":{"landuse":"farmland"},"geometry":{"type":"Polygon","coordinates":[[[16.9381,47.2699],[16.9352,47.27],[16.938,47.2689],[16.9381,47.2699]]]}},{"type":"Feature","properties":{"landuse":"farmland"},"geometry":{"type":"Polygon","coordinates":[[[16.9385,47.2702],[16.9382,47.2725],[16.9334,47.2726],[16.9385,47.2702]]]}},{"type":"Feature","properties":{"landuse":"farmland"},"geometry":{"type":"Polygon","coordinates":[[[16.9333,47.2727],[16.9384,47.2725],[16.9393,47.274],[16.9333,47.2727]]]}},{"type":"Feature","properties":{"landuse":"vineyard"},"geometry":{"type":"Polygon","coordinates":[[[16.6568,46.9414],[16.6576,46.9402],[16.6595,46.9401],[16.6568,46.9414]]]}},{"type":"Feature","properties":{"landuse":"farmland"},"geometry":{"type":"Polygon","coordinates":[[[16.5467,47.7048],[16.5513,47.7023],[16.5531,47.7048],[16.5467,47.7048]]]}},{"type":"Feature","properties":{"landuse":"farmland"},"geometry":{"type":"Polygon","coordinates":[[[17.1312,46.5253],[17.1303,46.5236],[17.1351,46.525],[17.1312,46.5253]]]}},{"type":"Feature","properties":{"landuse":"vineyard"},"geometry":{"type":"Polygon","coordinates":[[[16.4485,47.0876],[16.4488,47.0856],[16.4514,47.0871],[16.4485,47.0876]]]}},{"type":"Feature","properties":{"landuse":"green_public_spaces"},"geometry":{"type":"Polygon","coordinates":[[[17.5285,47.5189],[17.5272,47.518],[17.5291,47.5186],[17.5285,47.5189]]]}},{"type":"Feature","properties":{"landuse":"green_public_spaces"},"geometry":{"type":"Polygon","coordinates":[[[16.8766,46.3588],[16.877,46.3602],[16.8729,46.3628],[16.8766,46.3588]]]}},{"type":"Feature","properties":{"landuse":"green_public_spaces"},"geometry":{"type":"Polygon","coordinates":[[[16.7219,46.4291],[16.7227,46.4272],[16.7243,46.4283],[16.7219,46.4291]]]}},{"type":"Feature","properties":{"landuse":"green_public_spaces"},"geometry":{"type":"Polygon","coordinates":[[[16.7279,46.4268],[16.7275,46.4255],[16.7286,46.4267],[16.7279,46.4268]]]}},{"type":"Feature","properties":{"landuse":"farmland"},"geometry":{"type":"Polygon","coordinates":[[[16.6262,47.0038],[16.6296,47.0029],[16.6242,47.0056],[16.6262,47.0038]]]}},{"type":"Feature","properties":{"landuse":"farmland"},"geometry":{"type":"Polygon","coordinates":[[[17.5433,47.5102],[17.5436,47.5067],[17.5459,47.5066],[17.5433,47.5102]]]}},{"type":"Feature","properties":{"landuse":"farmland"},"geometry":{"type":"Polygon","coordinates":[[[17.5484,47.5179],[17.5494,47.5148],[17.5567,47.5174],[17.5484,47.5179]]]}},{"type":"Feature","properties":{"landuse":"farmland"},"geometry":{"type":"Polygon","coordinates":[[[16.6309,47.0504],[16.6299,47.0502],[16.6308,47.0477],[16.6309,47.0504]]]}},{"type":"Feature","properties":{"landuse":"vineyard"},"geometry":{"type":"Polygon","coordinates":[[[16.4136,47.0234],[16.4187,47.0203],[16.4208,47.0218],[16.4136,47.0234]]]}},{"type":"Feature","properties":{"landuse":"farmland"},"geometry":{"type":"Polygon","coordinates":[[[16.5689,46.7732],[16.577,46.7748],[16.5663,46.7771],[16.5663,46.7735],[16.5466,46.7691],[16.5674,46.767],[16.5663,46.7639],[16.569,46.764],[16.5722,46.7651],[16.5689,46.7732]]]}},{"type":"Feature","properties":{"landuse":"farmland"},"geometry":{"type":"Polygon","coordinates":[[[16.547,46.7671],[16.5439,46.7671],[16.5417,46.7647],[16.5442,46.7628],[16.5361,46.757],[16.5538,46.7574],[16.5484,46.7471],[16.5548,46.7456],[16.5644,46.7648],[16.547,46.7671]]]}},{"type":"Feature","properties":{"landuse":"farmland"},"geometry":{"type":"Polygon","coordinates":[[[16.4913,46.9735],[16.4935,46.97],[16.4936,46.9731],[16.4913,46.9735]]]}},{"type":"Feature","properties":{"landuse":"green_public_spaces"},"geometry":{"type":"Polygon","coordinates":[[[16.4987,46.9698],[16.4986,46.9685],[16.4996,46.9693],[16.4987,46.9698]]]}},{"type":"Feature","properties":{"landuse":"green_public_spaces"},"geometry":{"type":"Polygon","coordinates":[[[17.015,47.4195],[17.016,47.4201],[17.0144,47.4211],[17.015,47.4195]]]}},{"type":"Feature","properties":{"landuse":"farmland"},"geometry":{"type":"Polygon","coordinates":[[[16.6018,47.0018],[16.6032,47.0006],[16.604,47.0013],[16.6018,47.0018]]]}},{"type":"Feature","properties":{"landuse":"green_public_spaces"},"geometry":{"type":"Polygon","coordinates":[[[17.2361,46.7177],[17.2377,46.7128],[17.2383,46.7129],[17.2361,46.7177]]]}},{"type":"Feature","properties":{"landuse":"green_public_spaces"},"geometry":{"type":"Polygon","coordinates":[[[17.2275,46.7463],[17.2307,46.7342],[17.2362,46.7194],[17.2275,46.7463]]]}},{"type":"Feature","properties":{"landuse":"green_public_spaces"},"geometry":{"type":"Polygon","coordinates":[[[17.2238,46.7656],[17.2265,46.75],[17.2244,46.7657],[17.2238,46.7656]]]}},{"type":"Feature","properties":{"landuse":"farmland"},"geometry":{"type":"Polygon","coordinates":[[[16.6396,47.0566],[16.638,47.0585],[16.6357,47.0578],[16.6396,47.0566]]]}},{"type":"Feature","properties":{"landuse":"farmland"},"geometry":{"type":"Polygon","coordinates":[[[16.6352,47.0575],[16.6336,47.0567],[16.6373,47.0552],[16.6352,47.0575]]]}},{"type":"Feature","properties":{"landuse":"farmland"},"geometry":{"type":"Polygon","coordinates":[[[16.6343,47.0495],[16.6312,47.0504],[16.6317,47.0479],[16.6343,47.0495]]]}},{"type":"Feature","properties":{"landuse":"farmland"},"geometry":{"type":"Polygon","coordinates":[[[16.6345,47.0496],[16.6348,47.0484],[16.6386,47.0494],[16.6345,47.0496]]]}},{"type":"Feature","properties":{"landuse":"farmland"},"geometry":{"type":"Polygon","coordinates":[[[16.4317,47.0292],[16.4333,47.028],[16.4328,47.03],[16.4317,47.0292]]]}},{"type":"Feature","properties":{"landuse":"farmland"},"geometry":{"type":"Polygon","coordinates":[[[16.4328,47.03],[16.4357,47.0287],[16.4333,47.0305],[16.4328,47.03]]]}},{"type":"Feature","properties":{"landuse":"farmland"},"geometry":{"type":"Polygon","coordinates":[[[16.4287,47.0339],[16.4275,47.033],[16.4296,47.0332],[16.4287,47.0339]]]}},{"type":"Feature","properties":{"landuse":"farmland"},"geometry":{"type":"Polygon","coordinates":[[[16.4227,47.0027],[16.4241,47.0014],[16.4238,47.0029],[16.4227,47.0027]]]}},{"type":"Feature","properties":{"landuse":"farmland"},"geometry":{"type":"Polygon","coordinates":[[[16.4231,47.0012],[16.4234,46.9996],[16.4241,47.0014],[16.4231,47.0012]]]}},{"type":"Feature","properties":{"landuse":"farmland"},"geometry":{"type":"Polygon","coordinates":[[[16.4336,47.0102],[16.4357,47.0079],[16.4362,47.0108],[16.4336,47.0102]]]}},{"type":"Feature","properties":{"landuse":"farmland"},"geometry":{"type":"Polygon","coordinates":[[[16.44,47.0063],[16.4427,47.0071],[16.4421,47.0075],[16.44,47.0063]]]}},{"type":"Feature","properties":{"landuse":"farmland"},"geometry":{"type":"Polygon","coordinates":[[[16.4407,47.0075],[16.4395,47.0069],[16.4413,47.007],[16.4407,47.0075]]]}},{"type":"Feature","properties":{"landuse":"farmland"},"geometry":{"type":"Polygon","coordinates":[[[16.4376,47.0072],[16.4407,47.0056],[16.4387,47.0075],[16.4376,47.0072]]]}},{"type":"Feature","properties":{"landuse":"farmland"},"geometry":{"type":"Polygon","coordinates":[[[16.4327,47.0086],[16.4336,47.0067],[16.4357,47.0071],[16.4327,47.0086]]]}},{"type":"Feature","properties":{"landuse":"farmland"},"geometry":{"type":"Polygon","coordinates":[[[16.4473,47.0125],[16.4504,47.0135],[16.4489,47.0143],[16.4473,47.0125]]]}},{"type":"Feature","properties":{"landuse":"farmland"},"geometry":{"type":"Polygon","coordinates":[[[16.4617,47.0545],[16.4621,47.0594],[16.4609,47.0553],[16.4617,47.0545]]]}},{"type":"Feature","properties":{"landuse":"farmland"},"geometry":{"type":"Polygon","coordinates":[[[16.4689,47.0598],[16.4707,47.0626],[16.4692,47.0624],[16.4689,47.0598]]]}},{"type":"Feature","properties":{"landuse":"farmland"},"geometry":{"type":"Polygon","coordinates":[[[16.5088,46.9492],[16.5096,46.9507],[16.5039,46.9522],[16.5088,46.9492]]]}},{"type":"Feature","properties":{"landuse":"farmland"},"geometry":{"type":"Polygon","coordinates":[[[16.6441,47.0022],[16.6357,47.0019],[16.6375,47.0001],[16.6441,47.0022]]]}},{"type":"Feature","properties":{"landuse":"farmland"},"geometry":{"type":"Polygon","coordinates":[[[16.6409,46.9838],[16.6463,46.9838],[16.6435,46.9847],[16.647,46.9851],[16.6436,46.9856],[16.644,46.9896],[16.6417,46.9897],[16.6409,46.9838]]]}},{"type":"Feature","properties":{"landuse":"green_public_spaces"},"geometry":{"type":"Polygon","coordinates":[[[17.6083,47.6266],[17.6071,47.6242],[17.6093,47.6253],[17.6083,47.6266]]]}},{"type":"Feature","properties":{"landuse":"vineyard"},"geometry":{"type":"Polygon","coordinates":[[[16.6791,46.9188],[16.678,46.9183],[16.6792,46.9176],[16.6791,46.9188]]]}},{"type":"Feature","properties":{"landuse":"vineyard"},"geometry":{"type":"Polygon","coordinates":[[[16.6419,46.9674],[16.6426,46.9687],[16.6413,46.9691],[16.6419,46.9674]]]}},{"type":"Feature","properties":{"landuse":"vineyard"},"geometry":{"type":"Polygon","coordinates":[[[16.6445,46.9708],[16.6424,46.9726],[16.6419,46.9707],[16.6445,46.9708]]]}},{"type":"Feature","properties":{"landuse":"green_public_spaces"},"geometry":{"type":"Polygon","coordinates":[[[17.6611,47.6677],[17.6635,47.6689],[17.6617,47.6703],[17.6611,47.6677]]]}},{"type":"Feature","properties":{"landuse":"green_public_spaces"},"geometry":{"type":"Polygon","coordinates":[[[17.6636,47.6689],[17.6653,47.6699],[17.6624,47.6718],[17.6636,47.6689]]]}},{"type":"Feature","properties":{"landuse":"green_public_spaces"},"geometry":{"type":"Polygon","coordinates":[[[17.6565,47.6706],[17.6556,47.6702],[17.6607,47.6736],[17.6565,47.6706]]]}},{"type":"Feature","properties":{"landuse":"farmland"},"geometry":{"type":"Polygon","coordinates":[[[17.6188,47.6516],[17.6159,47.6508],[17.6185,47.6464],[17.6298,47.6526],[17.6224,47.6497],[17.6188,47.6516]]]}},{"type":"Feature","properties":{"landuse":"farmland"},"geometry":{"type":"Polygon","coordinates":[[[17.2054,47.986],[17.2134,47.9757],[17.2321,47.9823],[17.2237,47.9844],[17.2233,47.9888],[17.2166,47.9866],[17.2107,47.9907],[17.2054,47.986]]]}},{"type":"Feature","properties":{"landuse":"farmland"},"geometry":{"type":"Polygon","coordinates":[[[17.2254,47.99],[17.2261,47.9842],[17.2306,47.9869],[17.2254,47.99]]]}},{"type":"Feature","properties":{"landuse":"farmland"},"geometry":{"type":"Polygon","coordinates":[[[17.2293,47.9914],[17.2316,47.9876],[17.2287,47.9849],[17.2325,47.9839],[17.2336,47.9904],[17.2293,47.9914]]]}},{"type":"Feature","properties":{"landuse":"farmland"},"geometry":{"type":"Polygon","coordinates":[[[17.234,47.9912],[17.2326,47.984],[17.2423,47.9851],[17.234,47.9912]]]}},{"type":"Feature","properties":{"landuse":"farmland"},"geometry":{"type":"Polygon","coordinates":[[[17.2518,47.9849],[17.2645,47.978],[17.254,47.9859],[17.2518,47.9849]]]}},{"type":"Feature","properties":{"landuse":"farmland"},"geometry":{"type":"Polygon","coordinates":[[[17.266,47.9792],[17.2795,47.9728],[17.275,47.9781],[17.266,47.9792]]]}},{"type":"Feature","properties":{"landuse":"farmland"},"geometry":{"type":"Polygon","coordinates":[[[17.283,47.9717],[17.2864,47.9725],[17.2803,47.9738],[17.283,47.9717]]]}},{"type":"Feature","properties":{"landuse":"farmland"},"geometry":{"type":"Polygon","coordinates":[[[17.248,47.9906],[17.2437,47.9885],[17.2534,47.9861],[17.248,47.9906]]]}},{"type":"Feature","properties":{"landuse":"farmland"},"geometry":{"type":"Polygon","coordinates":[[[17.2424,47.9881],[17.2452,47.9841],[17.2507,47.9852],[17.2424,47.9881]]]}},{"type":"Feature","properties":{"landuse":"orchard"},"geometry":{"type":"Polygon","coordinates":[[[17.2393,47.9755],[17.2421,47.9757],[17.2446,47.9806],[17.2393,47.9755]]]}},{"type":"Feature","properties":{"landuse":"farmland"},"geometry":{"type":"Polygon","coordinates":[[[17.2324,47.9821],[17.2137,47.9754],[17.2206,47.9668],[17.2456,47.9819],[17.2423,47.984],[17.2324,47.9821]]]}},{"type":"Feature","properties":{"landuse":"farmland"},"geometry":{"type":"Polygon","coordinates":[[[17.2404,47.9774],[17.2276,47.973],[17.2313,47.9674],[17.226,47.9623],[17.2434,47.9696],[17.2406,47.9738],[17.2337,47.971],[17.2402,47.9741],[17.2404,47.9774]]]}},{"type":"Feature","properties":{"landuse":"farmland"},"geometry":{"type":"Polygon","coordinates":[[[17.2459,47.9833],[17.2423,47.9733],[17.2497,47.9681],[17.2491,47.9635],[17.2416,47.9576],[17.2434,47.9556],[17.2679,47.9698],[17.2753,47.9656],[17.2738,47.9543],[17.2842,47.9494],[17.2805,47.9544],[17.2821,47.9642],[17.2759,47.9673],[17.2792,47.9727],[17.2511,47.9851],[17.2459,47.9833]]]}},{"type":"Feature","properties":{"landuse":"farmland"},"geometry":{"type":"Polygon","coordinates":[[[17.26,47.9472],[17.2627,47.9474],[17.2581,47.9529],[17.2491,47.9417],[17.2541,47.943],[17.234,47.9363],[17.2348,47.9344],[17.2567,47.9424],[17.26,47.9472]]]}},{"type":"Feature","properties":{"landuse":"farmland"},"geometry":{"type":"Polygon","coordinates":[[[17.2638,47.9474],[17.2706,47.951],[17.265,47.9548],[17.2658,47.962],[17.2712,47.9639],[17.2679,47.9667],[17.2535,47.9579],[17.2638,47.9474]]]}},{"type":"Feature","properties":{"landuse":"farmland"},"geometry":{"type":"Polygon","coordinates":[[[17.2532,47.9575],[17.2416,47.9532],[17.2479,47.9451],[17.2579,47.9529],[17.2532,47.9575]]]}},{"type":"Feature","properties":{"landuse":"farmland"},"geometry":{"type":"Polygon","coordinates":[[[17.2143,47.9684],[17.2162,47.9657],[17.2197,47.9676],[17.2176,47.9707],[17.2143,47.9684]]]}},{"type":"Feature","properties":{"landuse":"farmland"},"geometry":{"type":"Polygon","coordinates":[[[17.2119,47.968],[17.2095,47.9702],[17.2024,47.9654],[17.2097,47.9631],[17.2119,47.968]]]}},{"type":"Feature","properties":{"landuse":"farmland"},"geometry":{"type":"Polygon","coordinates":[[[17.2218,47.963],[17.2201,47.9659],[17.2203,47.9624],[17.2218,47.963]]]}},{"type":"Feature","properties":{"landuse":"farmland"},"geometry":{"type":"Polygon","coordinates":[[[17.2235,47.9618],[17.231,47.9677],[17.2274,47.9728],[17.2204,47.9663],[17.2235,47.9618]]]}},{"type":"Feature","properties":{"landuse":"farmland"},"geometry":{"type":"Polygon","coordinates":[[[17.2295,47.9621],[17.2284,47.9603],[17.2322,47.9598],[17.2447,47.9624],[17.2489,47.9662],[17.244,47.9694],[17.2295,47.9621]]]}},{"type":"Feature","properties":{"landuse":"farmland"},"geometry":{"type":"Polygon","coordinates":[[[17.2337,47.96],[17.2395,47.9576],[17.2433,47.962],[17.2337,47.96]]]}},{"type":"Feature","properties":{"landuse":"farmland"},"geometry":{"type":"Polygon","coordinates":[[[17.2275,47.959],[17.2404,47.9558],[17.2338,47.9594],[17.2275,47.959]]]}},{"type":"Feature","properties":{"landuse":"farmland"},"geometry":{"type":"Polygon","coordinates":[[[17.227,47.9581],[17.2268,47.9552],[17.2211,47.9546],[17.2238,47.9523],[17.2307,47.9544],[17.227,47.9581]]]}},{"type":"Feature","properties":{"landuse":"farmland"},"geometry":{"type":"Polygon","coordinates":[[[17.2113,47.957],[17.2167,47.9515],[17.2191,47.9522],[17.2113,47.957]]]}},{"type":"Feature","properties":{"landuse":"farmland"},"geometry":{"type":"Polygon","coordinates":[[[17.2131,47.9566],[17.2166,47.9558],[17.2186,47.9571],[17.2131,47.9566]]]}},{"type":"Feature","properties":{"landuse":"farmland"},"geometry":{"type":"Polygon","coordinates":[[[17.2336,47.9365],[17.2506,47.9436],[17.241,47.9531],[17.226,47.9482],[17.2336,47.9365]]]}},{"type":"Feature","properties":{"landuse":"farmland"},"geometry":{"type":"Polygon","coordinates":[[[17.2258,47.9484],[17.2407,47.9531],[17.2383,47.9569],[17.2287,47.958],[17.2309,47.9545],[17.2231,47.9519],[17.2258,47.9484]]]}},{"type":"Feature","properties":{"landuse":"orchard"},"geometry":{"type":"Polygon","coordinates":[[[16.8748,47.0302],[16.88,47.0292],[16.8799,47.0307],[16.8748,47.0302]]]}},{"type":"Feature","properties":{"landuse":"orchard"},"geometry":{"type":"Polygon","coordinates":[[[16.881,47.032],[16.8846,47.0292],[16.8846,47.0321],[16.881,47.032]]]}},{"type":"Feature","properties":{"landuse":"farmland"},"geometry":{"type":"Polygon","coordinates":[[[17.0668,47.621],[17.0619,47.6209],[17.0653,47.6183],[17.0764,47.6225],[17.0748,47.6245],[17.0668,47.621]]]}},{"type":"Feature","properties":{"landuse":"green_public_spaces"},"geometry":{"type":"Polygon","coordinates":[[[16.7721,47.5632],[16.7712,47.5654],[16.769,47.564],[16.7721,47.5632]]]}},{"type":"Feature","properties":{"landuse":"farmland"},"geometry":{"type":"Polygon","coordinates":[[[16.565,47.7101],[16.5723,47.7103],[16.5651,47.7115],[16.565,47.7101]]]}},{"type":"Feature","properties":{"landuse":"farmland"},"geometry":{"type":"Polygon","coordinates":[[[16.6366,46.9244],[16.6392,46.9231],[16.6399,46.9235],[16.6366,46.9244]]]}},{"type":"Feature","properties":{"landuse":"farmland"},"geometry":{"type":"Polygon","coordinates":[[[16.9462,47.6115],[16.9483,47.6099],[16.9518,47.6144],[16.9541,47.6126],[16.9493,47.6074],[16.9545,47.6014],[16.9616,47.604],[16.9639,47.6008],[16.9725,47.6065],[16.9666,47.6138],[16.9617,47.6161],[16.9562,47.6136],[16.9614,47.6163],[16.9438,47.6246],[16.9408,47.6231],[16.9453,47.6192],[16.9365,47.6212],[16.9433,47.6248],[16.9407,47.6286],[16.9281,47.6228],[16.9406,47.6289],[16.9369,47.6334],[16.9282,47.6296],[16.924,47.6207],[16.9277,47.6148],[16.9341,47.6124],[16.9356,47.616],[16.9424,47.61],[16.9462,47.6115]]]}},{"type":"Feature","properties":{"landuse":"farmland"},"geometry":{"type":"Polygon","coordinates":[[[16.924,47.6207],[16.9209,47.6147],[16.9097,47.6117],[16.9164,47.6041],[16.9115,47.6016],[16.9173,47.5974],[16.9362,47.6066],[16.924,47.6207]]]}},{"type":"Feature","properties":{"landuse":"orchard"},"geometry":{"type":"Polygon","coordinates":[[[16.911,47.6099],[16.9088,47.6114],[16.9104,47.6096],[16.911,47.6099]]]}},{"type":"Feature","properties":{"landuse":"farmland"},"geometry":{"type":"Polygon","coordinates":[[[17.7387,47.5471],[17.7395,47.5461],[17.7413,47.5465],[17.7387,47.5471]]]}},{"type":"Feature","properties":{"landuse":"farmland"},"geometry":{"type":"Polygon","coordinates":[[[16.8946,47.6024],[16.8976,47.6011],[16.906,47.6085],[16.8946,47.6024]]]}},{"type":"Feature","properties":{"landuse":"farmland"},"geometry":{"type":"Polygon","coordinates":[[[17.6148,47.6506],[17.6107,47.6487],[17.6179,47.6464],[17.6148,47.6506]]]}},{"type":"Feature","properties":{"landuse":"farmland"},"geometry":{"type":"Polygon","coordinates":[[[17.6013,47.64],[17.6027,47.6383],[17.5977,47.6341],[17.6079,47.6425],[17.6038,47.6463],[17.6006,47.6449],[17.6029,47.6455],[17.6013,47.64]]]}},{"type":"Feature","properties":{"landuse":"farmland"},"geometry":{"type":"Polygon","coordinates":[[[16.4656,47.0319],[16.4706,47.0297],[16.4691,47.0321],[16.4656,47.0319]]]}},{"type":"Feature","properties":{"landuse":"farmland"},"geometry":{"type":"Polygon","coordinates":[[[16.4592,47.0327],[16.4626,47.0347],[16.4596,47.0348],[16.4592,47.0327]]]}},{"type":"Feature","properties":{"landuse":"farmland"},"geometry":{"type":"Polygon","coordinates":[[[16.4557,47.0326],[16.4589,47.0321],[16.4594,47.0346],[16.4557,47.0326]]]}},{"type":"Feature","properties":{"landuse":"farmland"},"geometry":{"type":"Polygon","coordinates":[[[16.4893,47.0094],[16.4902,47.0089],[16.492,47.0108],[16.4893,47.0094]]]}},{"type":"Feature","properties":{"landuse":"farmland"},"geometry":{"type":"Polygon","coordinates":[[[16.4879,47.0106],[16.492,47.0108],[16.4911,47.0122],[16.4879,47.0106]]]}},{"type":"Feature","properties":{"landuse":"farmland"},"geometry":{"type":"Polygon","coordinates":[[[16.4871,47.0113],[16.4879,47.0106],[16.491,47.0123],[16.4871,47.0113]]]}},{"type":"Feature","properties":{"landuse":"farmland"},"geometry":{"type":"Polygon","coordinates":[[[16.4855,47.0127],[16.4895,47.0126],[16.4885,47.0143],[16.4855,47.0127]]]}},{"type":"Feature","properties":{"landuse":"farmland"},"geometry":{"type":"Polygon","coordinates":[[[16.486,47.0159],[16.4859,47.0167],[16.4828,47.0151],[16.486,47.0159]]]}},{"type":"Feature","properties":{"landuse":"farmland"},"geometry":{"type":"Polygon","coordinates":[[[16.4776,47.0195],[16.4797,47.0182],[16.4799,47.0202],[16.4776,47.0195]]]}},{"type":"Feature","properties":{"landuse":"farmland"},"geometry":{"type":"Polygon","coordinates":[[[16.4835,47.0145],[16.4851,47.0131],[16.4879,47.0146],[16.4835,47.0145]]]}},{"type":"Feature","properties":{"landuse":"farmland"},"geometry":{"type":"Polygon","coordinates":[[[16.4815,47.0162],[16.4822,47.0156],[16.485,47.0172],[16.4815,47.0162]]]}},{"type":"Feature","properties":{"landuse":"farmland"},"geometry":{"type":"Polygon","coordinates":[[[16.4796,47.0156],[16.4823,47.0147],[16.4808,47.016],[16.4796,47.0156]]]}},{"type":"Feature","properties":{"landuse":"farmland"},"geometry":{"type":"Polygon","coordinates":[[[16.4756,47.0186],[16.4768,47.0179],[16.4783,47.0186],[16.4756,47.0186]]]}},{"type":"Feature","properties":{"landuse":"farmland"},"geometry":{"type":"Polygon","coordinates":[[[16.4691,47.0186],[16.4723,47.0192],[16.4692,47.0196],[16.4691,47.0186]]]}},{"type":"Feature","properties":{"landuse":"farmland"},"geometry":{"type":"Polygon","coordinates":[[[16.4712,47.0181],[16.4735,47.0185],[16.4691,47.0186],[16.4712,47.0181]]]}},{"type":"Feature","properties":{"landuse":"farmland"},"geometry":{"type":"Polygon","coordinates":[[[16.4759,47.0172],[16.4791,47.0177],[16.4782,47.0185],[16.4759,47.0172]]]}},{"type":"Feature","properties":{"landuse":"farmland"},"geometry":{"type":"Polygon","coordinates":[[[16.4717,47.0176],[16.472,47.0169],[16.4754,47.0175],[16.4717,47.0176]]]}},{"type":"Feature","properties":{"landuse":"farmland"},"geometry":{"type":"Polygon","coordinates":[[[16.4434,47.0317],[16.4522,47.0298],[16.4547,47.0318],[16.4434,47.0317]]]}},{"type":"Feature","properties":{"landuse":"farmland"},"geometry":{"type":"Polygon","coordinates":[[[16.4419,47.0322],[16.4434,47.0317],[16.4457,47.0338],[16.4419,47.0322]]]}},{"type":"Feature","properties":{"landuse":"farmland"},"geometry":{"type":"Polygon","coordinates":[[[16.4293,47.0336],[16.4305,47.0327],[16.4325,47.0343],[16.4293,47.0336]]]}},{"type":"Feature","properties":{"landuse":"farmland"},"geometry":{"type":"Polygon","coordinates":[[[16.4593,47.0151],[16.4638,47.0171],[16.4631,47.0175],[16.4593,47.0151]]]}},{"type":"Feature","properties":{"landuse":"farmland"},"geometry":{"type":"Polygon","coordinates":[[[16.4504,47.0135],[16.4489,47.0119],[16.4507,47.0108],[16.4504,47.0135]]]}},{"type":"Feature","properties":{"landuse":"farmland"},"geometry":{"type":"Polygon","coordinates":[[[16.4576,47.0119],[16.4576,47.0103],[16.459,47.0115],[16.4576,47.0119]]]}},{"type":"Feature","properties":{"landuse":"farmland"},"geometry":{"type":"Polygon","coordinates":[[[16.453,47.0128],[16.4552,47.0133],[16.4542,47.0138],[16.453,47.0128]]]}},{"type":"Feature","properties":{"landuse":"farmland"},"geometry":{"type":"Polygon","coordinates":[[[16.4609,47.0147],[16.4595,47.015],[16.4601,47.013],[16.4609,47.0147]]]}},{"type":"Feature","properties":{"landuse":"farmland"},"geometry":{"type":"Polygon","coordinates":[[[16.4609,47.0147],[16.4628,47.0122],[16.4634,47.0141],[16.4609,47.0147]]]}},{"type":"Feature","properties":{"landuse":"farmland"},"geometry":{"type":"Polygon","coordinates":[[[16.4645,47.0169],[16.4668,47.0158],[16.4666,47.0181],[16.4645,47.0169]]]}},{"type":"Feature","properties":{"landuse":"farmland"},"geometry":{"type":"Polygon","coordinates":[[[16.4634,47.0143],[16.4673,47.0148],[16.4667,47.0157],[16.4634,47.0143]]]}},{"type":"Feature","properties":{"landuse":"farmland"},"geometry":{"type":"Polygon","coordinates":[[[16.4562,47.0178],[16.4611,47.0182],[16.4594,47.0197],[16.4562,47.0178]]]}},{"type":"Feature","properties":{"landuse":"farmland"},"geometry":{"type":"Polygon","coordinates":[[[16.459,47.0164],[16.4603,47.016],[16.4624,47.0172],[16.459,47.0164]]]}},{"type":"Feature","properties":{"landuse":"farmland"},"geometry":{"type":"Polygon","coordinates":[[[16.4613,47.0181],[16.4624,47.0172],[16.4648,47.0186],[16.4613,47.0181]]]}},{"type":"Feature","properties":{"landuse":"farmland"},"geometry":{"type":"Polygon","coordinates":[[[16.4632,47.0176],[16.4665,47.018],[16.4658,47.0191],[16.4632,47.0176]]]}},{"type":"Feature","properties":{"landuse":"farmland"},"geometry":{"type":"Polygon","coordinates":[[[16.4639,47.0146],[16.4664,47.0159],[16.4631,47.0155],[16.4639,47.0146]]]}},{"type":"Feature","properties":{"landuse":"farmland"},"geometry":{"type":"Polygon","coordinates":[[[16.4623,47.0158],[16.4644,47.0162],[16.4641,47.0168],[16.4623,47.0158]]]}},{"type":"Feature","properties":{"landuse":"farmland"},"geometry":{"type":"Polygon","coordinates":[[[16.464,47.0194],[16.4649,47.0186],[16.4673,47.02],[16.4664,47.0207],[16.464,47.0194]]]}},{"type":"Feature","properties":{"landuse":"farmland"},"geometry":{"type":"Polygon","coordinates":[[[16.4634,47.0141],[16.4628,47.0122],[16.4644,47.0139],[16.4634,47.0141]]]}},{"type":"Feature","properties":{"landuse":"farmland"},"geometry":{"type":"Polygon","coordinates":[[[16.463,47.0103],[16.4642,47.0118],[16.4632,47.012],[16.463,47.0103]]]}},{"type":"Feature","properties":{"landuse":"farmland"},"geometry":{"type":"Polygon","coordinates":[[[16.462,47.0103],[16.4632,47.012],[16.4623,47.0123],[16.462,47.0103]]]}},{"type":"Feature","properties":{"landuse":"farmland"},"geometry":{"type":"Polygon","coordinates":[[[16.4612,47.0103],[16.461,47.0084],[16.4622,47.0078],[16.4612,47.0103]]]}},{"type":"Feature","properties":{"landuse":"farmland"},"geometry":{"type":"Polygon","coordinates":[[[16.4588,47.0101],[16.4586,47.0085],[16.4597,47.0096],[16.4588,47.0101]]]}},{"type":"Feature","properties":{"landuse":"farmland"},"geometry":{"type":"Polygon","coordinates":[[[16.4594,47.0112],[16.4588,47.0101],[16.4606,47.0105],[16.4594,47.0112]]]}},{"type":"Feature","properties":{"landuse":"farmland"},"geometry":{"type":"Polygon","coordinates":[[[16.447,47.0159],[16.4487,47.0165],[16.4481,47.0171],[16.447,47.0159]]]}},{"type":"Feature","properties":{"landuse":"farmland"},"geometry":{"type":"Polygon","coordinates":[[[16.4535,47.018],[16.4547,47.0189],[16.4529,47.0183],[16.4535,47.018]]]}},{"type":"Feature","properties":{"landuse":"farmland"},"geometry":{"type":"Polygon","coordinates":[[[16.4601,47.0123],[16.461,47.0104],[16.4618,47.0124],[16.4601,47.0123]]]}},{"type":"Feature","properties":{"landuse":"farmland"},"geometry":{"type":"Polygon","coordinates":[[[16.4509,47.0155],[16.4499,47.0144],[16.4517,47.0151],[16.4509,47.0155]]]}},{"type":"Feature","properties":{"landuse":"farmland"},"geometry":{"type":"Polygon","coordinates":[[[16.447,47.0159],[16.4481,47.0171],[16.4447,47.0174],[16.447,47.0159]]]}},{"type":"Feature","properties":{"landuse":"farmland"},"geometry":{"type":"Polygon","coordinates":[[[16.4505,47.0192],[16.4513,47.0178],[16.4537,47.0197],[16.4505,47.0192]]]}},{"type":"Feature","properties":{"landuse":"farmland"},"geometry":{"type":"Polygon","coordinates":[[[16.4638,47.0119],[16.4668,47.0117],[16.4644,47.0139],[16.4638,47.0119]]]}},{"type":"Feature","properties":{"landuse":"farmland"},"geometry":{"type":"Polygon","coordinates":[[[16.4642,47.0114],[16.4641,47.0105],[16.4659,47.0103],[16.4642,47.0114]]]}},{"type":"Feature","properties":{"landuse":"farmland"},"geometry":{"type":"Polygon","coordinates":[[[16.4635,47.0102],[16.4636,47.0077],[16.4642,47.01],[16.4635,47.0102]]]}},{"type":"Feature","properties":{"landuse":"farmland"},"geometry":{"type":"Polygon","coordinates":[[[16.4631,47.0055],[16.4637,47.005],[16.4651,47.0063],[16.4631,47.0055]]]}},{"type":"Feature","properties":{"landuse":"farmland"},"geometry":{"type":"Polygon","coordinates":[[[16.4624,47.0076],[16.4628,47.0058],[16.4639,47.0069],[16.4624,47.0076]]]}},{"type":"Feature","properties":{"landuse":"farmland"},"geometry":{"type":"Polygon","coordinates":[[[16.4666,47.0082],[16.4694,47.0079],[16.4677,47.0093],[16.4666,47.0082]]]}},{"type":"Feature","properties":{"landuse":"farmland"},"geometry":{"type":"Polygon","coordinates":[[[16.4666,47.0082],[16.4677,47.0093],[16.4661,47.01],[16.4666,47.0082]]]}},{"type":"Feature","properties":{"landuse":"farmland"},"geometry":{"type":"Polygon","coordinates":[[[16.4631,47.0074],[16.4665,47.0082],[16.466,47.0087],[16.4631,47.0074]]]}},{"type":"Feature","properties":{"landuse":"farmland"},"geometry":{"type":"Polygon","coordinates":[[[16.4443,47.0136],[16.4455,47.0132],[16.4462,47.0139],[16.4443,47.0136]]]}},{"type":"Feature","properties":{"landuse":"farmland"},"geometry":{"type":"Polygon","coordinates":[[[16.4444,47.0176],[16.4475,47.0188],[16.4467,47.0192],[16.4444,47.0176]]]}},{"type":"Feature","properties":{"landuse":"farmland"},"geometry":{"type":"Polygon","coordinates":[[[16.4454,47.0174],[16.4486,47.0182],[16.4478,47.0188],[16.4454,47.0174]]]}},{"type":"Feature","properties":{"landuse":"farmland"},"geometry":{"type":"Polygon","coordinates":[[[16.4473,47.0173],[16.4497,47.0173],[16.4486,47.0182],[16.4473,47.0173]]]}},{"type":"Feature","properties":{"landuse":"farmland"},"geometry":{"type":"Polygon","coordinates":[[[16.478,47.0089],[16.4806,47.0076],[16.4797,47.0092],[16.478,47.0089]]]}},{"type":"Feature","properties":{"landuse":"farmland"},"geometry":{"type":"Polygon","coordinates":[[[16.4808,47.0095],[16.4832,47.0071],[16.4818,47.0094],[16.4808,47.0095]]]}},{"type":"Feature","properties":{"landuse":"farmland"},"geometry":{"type":"Polygon","coordinates":[[[16.48,47.0112],[16.4867,47.0109],[16.4825,47.0115],[16.48,47.0112]]]}},{"type":"Feature","properties":{"landuse":"farmland"},"geometry":{"type":"Polygon","coordinates":[[[16.4863,47.0109],[16.4861,47.0087],[16.4895,47.0086],[16.4863,47.0109]]]}},{"type":"Feature","properties":{"landuse":"farmland"},"geometry":{"type":"Polygon","coordinates":[[[16.4851,47.0109],[16.4849,47.0089],[16.4863,47.0109],[16.4851,47.0109]]]}},{"type":"Feature","properties":{"landuse":"farmland"},"geometry":{"type":"Polygon","coordinates":[[[16.4837,47.011],[16.4849,47.0089],[16.4851,47.0109],[16.4837,47.011]]]}},{"type":"Feature","properties":{"landuse":"farmland"},"geometry":{"type":"Polygon","coordinates":[[[16.483,47.0093],[16.4836,47.0092],[16.4837,47.011],[16.483,47.0093]]]}},{"type":"Feature","properties":{"landuse":"farmland"},"geometry":{"type":"Polygon","coordinates":[[[16.4823,47.011],[16.483,47.0093],[16.4832,47.011],[16.4823,47.011]]]}},{"type":"Feature","properties":{"landuse":"farmland"},"geometry":{"type":"Polygon","coordinates":[[[16.481,47.0123],[16.4803,47.0116],[16.4862,47.0113],[16.481,47.0123]]]}},{"type":"Feature","properties":{"landuse":"farmland"},"geometry":{"type":"Polygon","coordinates":[[[16.4729,47.0118],[16.4734,47.0115],[16.4781,47.0127],[16.4729,47.0118]]]}},{"type":"Feature","properties":{"landuse":"farmland"},"geometry":{"type":"Polygon","coordinates":[[[16.4779,47.0122],[16.4734,47.0115],[16.4777,47.0116],[16.4779,47.0122]]]}},{"type":"Feature","properties":{"landuse":"farmland"},"geometry":{"type":"Polygon","coordinates":[[[16.4753,47.0103],[16.4762,47.0087],[16.4797,47.0093],[16.4753,47.0103]]]}},{"type":"Feature","properties":{"landuse":"farmland"},"geometry":{"type":"Polygon","coordinates":[[[16.4843,47.0068],[16.4829,47.0092],[16.4818,47.0094],[16.4843,47.0068]]]}},{"type":"Feature","properties":{"landuse":"farmland"},"geometry":{"type":"Polygon","coordinates":[[[16.4869,47.0085],[16.4892,47.0058],[16.4877,47.0083],[16.4869,47.0085]]]}},{"type":"Feature","properties":{"landuse":"farmland"},"geometry":{"type":"Polygon","coordinates":[[[16.4846,47.0089],[16.4883,47.006],[16.4869,47.0085],[16.4846,47.0089]]]}},{"type":"Feature","properties":{"landuse":"farmland"},"geometry":{"type":"Polygon","coordinates":[[[16.4838,47.009],[16.486,47.0064],[16.4846,47.0089],[16.4838,47.009]]]}},{"type":"Feature","properties":{"landuse":"farmland"},"geometry":{"type":"Polygon","coordinates":[[[16.4829,47.0092],[16.4852,47.0066],[16.4838,47.009],[16.4829,47.0092]]]}},{"type":"Feature","properties":{"landuse":"farmland"},"geometry":{"type":"Polygon","coordinates":[[[16.4725,47.0118],[16.4718,47.0092],[16.4732,47.0114],[16.4725,47.0118]]]}},{"type":"Feature","properties":{"landuse":"farmland"},"geometry":{"type":"Polygon","coordinates":[[[16.4725,47.0118],[16.4707,47.0098],[16.4718,47.0092],[16.4725,47.0118]]]}},{"type":"Feature","properties":{"landuse":"farmland"},"geometry":{"type":"Polygon","coordinates":[[[16.4693,47.0129],[16.4697,47.0103],[16.4704,47.0127],[16.4693,47.0129]]]}},{"type":"Feature","properties":{"landuse":"farmland"},"geometry":{"type":"Polygon","coordinates":[[[16.4669,47.0116],[16.4674,47.0096],[16.4692,47.0104],[16.4669,47.0116]]]}},{"type":"Feature","properties":{"landuse":"farmland"},"geometry":{"type":"Polygon","coordinates":[[[16.468,47.0132],[16.4669,47.0117],[16.4674,47.0114],[16.468,47.0132]]]}},{"type":"Feature","properties":{"landuse":"farmland"},"geometry":{"type":"Polygon","coordinates":[[[16.4669,47.0136],[16.4697,47.0152],[16.4672,47.0149],[16.4669,47.0136]]]}},{"type":"Feature","properties":{"landuse":"farmland"},"geometry":{"type":"Polygon","coordinates":[[[16.4707,47.0133],[16.4739,47.0139],[16.472,47.0167],[16.4696,47.0163],[16.4707,47.0133]]]}},{"type":"Feature","properties":{"landuse":"farmland"},"geometry":{"type":"Polygon","coordinates":[[[16.478,47.0208],[16.4816,47.0223],[16.4778,47.0213],[16.478,47.0208]]]}},{"type":"Feature","properties":{"landuse":"farmland"},"geometry":{"type":"Polygon","coordinates":[[[16.4831,47.0203],[16.4802,47.0182],[16.4835,47.0199],[16.4831,47.0203]]]}},{"type":"Feature","properties":{"landuse":"farmland"},"geometry":{"type":"Polygon","coordinates":[[[16.4813,47.0164],[16.4837,47.0177],[16.4802,47.0182],[16.4813,47.0164]]]}},{"type":"Feature","properties":{"landuse":"farmland"},"geometry":{"type":"Polygon","coordinates":[[[16.4725,47.0161],[16.4729,47.0156],[16.4765,47.0162],[16.4761,47.0168],[16.4725,47.0161]]]}},{"type":"Feature","properties":{"landuse":"farmland"},"geometry":{"type":"Polygon","coordinates":[[[16.4734,47.0147],[16.4775,47.0154],[16.473,47.0153],[16.4734,47.0147]]]}},{"type":"Feature","properties":{"landuse":"farmland"},"geometry":{"type":"Polygon","coordinates":[[[16.4734,47.0147],[16.4743,47.0133],[16.478,47.0139],[16.4734,47.0147]]]}},{"type":"Feature","properties":{"landuse":"farmland"},"geometry":{"type":"Polygon","coordinates":[[[16.4707,47.0133],[16.4742,47.0133],[16.4739,47.0139],[16.4707,47.0133]]]}},{"type":"Feature","properties":{"landuse":"farmland"},"geometry":{"type":"Polygon","coordinates":[[[16.4712,47.0127],[16.4722,47.0122],[16.4782,47.0138],[16.4712,47.0127]]]}},{"type":"Feature","properties":{"landuse":"farmland"},"geometry":{"type":"Polygon","coordinates":[[[16.4722,47.0122],[16.4727,47.0119],[16.4784,47.0133],[16.4722,47.0122]]]}},{"type":"Feature","properties":{"landuse":"farmland"},"geometry":{"type":"Polygon","coordinates":[[[16.4689,47.0235],[16.4703,47.024],[16.4685,47.0241],[16.4689,47.0235]]]}},{"type":"Feature","properties":{"landuse":"farmland"},"geometry":{"type":"Polygon","coordinates":[[[16.4659,47.0191],[16.4663,47.0186],[16.469,47.0206],[16.4659,47.0191]]]}},{"type":"Feature","properties":{"landuse":"farmland"},"geometry":{"type":"Polygon","coordinates":[[[16.4664,47.0207],[16.4653,47.0216],[16.4629,47.0202],[16.4664,47.0207]]]}},{"type":"Feature","properties":{"landuse":"farmland"},"geometry":{"type":"Polygon","coordinates":[[[16.466,47.0211],[16.468,47.0223],[16.4655,47.0215],[16.466,47.0211]]]}},{"type":"Feature","properties":{"landuse":"farmland"},"geometry":{"type":"Polygon","coordinates":[[[16.4668,47.0205],[16.4686,47.0215],[16.466,47.0211],[16.4668,47.0205]]]}},{"type":"Feature","properties":{"landuse":"farmland"},"geometry":{"type":"Polygon","coordinates":[[[16.4696,47.0163],[16.472,47.0167],[16.4694,47.0172],[16.4696,47.0163]]]}},{"type":"Feature","properties":{"landuse":"farmland"},"geometry":{"type":"Polygon","coordinates":[[[16.4671,47.0176],[16.4692,47.0179],[16.4689,47.0186],[16.4671,47.0176]]]}},{"type":"Feature","properties":{"landuse":"farmland"},"geometry":{"type":"Polygon","coordinates":[[[16.4666,47.0182],[16.4671,47.0176],[16.469,47.0196],[16.4666,47.0182]]]}},{"type":"Feature","properties":{"landuse":"farmland"},"geometry":{"type":"Polygon","coordinates":[[[16.4668,47.0205],[16.4689,47.0209],[16.4686,47.0215],[16.4668,47.0205]]]}},{"type":"Feature","properties":{"landuse":"farmland"},"geometry":{"type":"Polygon","coordinates":[[[16.4689,47.0213],[16.4699,47.0218],[16.4693,47.0227],[16.4683,47.0222],[16.4689,47.0213]]]}},{"type":"Feature","properties":{"landuse":"farmland"},"geometry":{"type":"Polygon","coordinates":[[[16.4696,47.0224],[16.4704,47.0235],[16.4689,47.0235],[16.4696,47.0224]]]}},{"type":"Feature","properties":{"landuse":"farmland"},"geometry":{"type":"Polygon","coordinates":[[[16.4628,47.032],[16.464,47.03],[16.4663,47.0309],[16.4628,47.032]]]}},{"type":"Feature","properties":{"landuse":"farmland"},"geometry":{"type":"Polygon","coordinates":[[[16.4618,47.0299],[16.4636,47.0305],[16.4603,47.0307],[16.4618,47.0299]]]}},{"type":"Feature","properties":{"landuse":"farmland"},"geometry":{"type":"Polygon","coordinates":[[[16.4618,47.0299],[16.4622,47.0294],[16.4636,47.0305],[16.4618,47.0299]]]}},{"type":"Feature","properties":{"landuse":"farmland"},"geometry":{"type":"Polygon","coordinates":[[[16.4529,47.0217],[16.4534,47.0213],[16.4558,47.0227],[16.4553,47.0231],[16.4529,47.0217]]]}},{"type":"Feature","properties":{"landuse":"farmland"},"geometry":{"type":"Polygon","coordinates":[[[16.4549,47.0234],[16.4558,47.0227],[16.4582,47.0241],[16.4549,47.0234]]]}},{"type":"Feature","properties":{"landuse":"farmland"},"geometry":{"type":"Polygon","coordinates":[[[16.4362,47.0062],[16.4377,47.0049],[16.4391,47.0052],[16.4362,47.0062]]]}},{"type":"Feature","properties":{"landuse":"farmland"},"geometry":{"type":"Polygon","coordinates":[[[16.442,47.0098],[16.4453,47.0086],[16.4427,47.0104],[16.442,47.0098]]]}},{"type":"Feature","properties":{"landuse":"farmland"},"geometry":{"type":"Polygon","coordinates":[[[16.4455,47.0087],[16.446,47.0071],[16.4474,47.0077],[16.4455,47.0087]]]}},{"type":"Feature","properties":{"landuse":"farmland"},"geometry":{"type":"Polygon","coordinates":[[[16.4433,47.0066],[16.445,47.0076],[16.4422,47.0075],[16.4433,47.0066]]]}},{"type":"Feature","properties":{"landuse":"farmland"},"geometry":{"type":"Polygon","coordinates":[[[16.4435,47.0064],[16.4441,47.006],[16.446,47.007],[16.4435,47.0064]]]}},{"type":"Feature","properties":{"landuse":"farmland"},"geometry":{"type":"Polygon","coordinates":[[[16.4342,47.0138],[16.4352,47.0133],[16.438,47.014],[16.4342,47.0138]]]}},{"type":"Feature","properties":{"landuse":"farmland"},"geometry":{"type":"Polygon","coordinates":[[[16.4346,47.0147],[16.44,47.0149],[16.436,47.0156],[16.4346,47.0147]]]}},{"type":"Feature","properties":{"landuse":"farmland"},"geometry":{"type":"Polygon","coordinates":[[[16.431,47.0171],[16.4307,47.0178],[16.4295,47.0168],[16.431,47.0171]]]}},{"type":"Feature","properties":{"landuse":"farmland"},"geometry":{"type":"Polygon","coordinates":[[[16.4295,47.0167],[16.4306,47.0179],[16.4301,47.0153],[16.4295,47.0167]]]}},{"type":"Feature","properties":{"landuse":"farmland"},"geometry":{"type":"Polygon","coordinates":[[[16.439,47.0106],[16.4412,47.0118],[16.4388,47.0113],[16.439,47.0106]]]}},{"type":"Feature","properties":{"landuse":"farmland"},"geometry":{"type":"Polygon","coordinates":[[[16.4391,47.0072],[16.4412,47.0083],[16.4407,47.0088],[16.4391,47.0072]]]}},{"type":"Feature","properties":{"landuse":"farmland"},"geometry":{"type":"Polygon","coordinates":[[[16.429,47.0166],[16.4295,47.0174],[16.4276,47.0171],[16.429,47.0166]]]}},{"type":"Feature","properties":{"landuse":"farmland"},"geometry":{"type":"Polygon","coordinates":[[[16.4361,47.0128],[16.4382,47.0133],[16.4354,47.0133],[16.4361,47.0128]]]}},{"type":"Feature","properties":{"landuse":"farmland"},"geometry":{"type":"Polygon","coordinates":[[[16.4407,47.0125],[16.4412,47.0119],[16.443,47.0129],[16.4407,47.0125]]]}},{"type":"Feature","properties":{"landuse":"farmland"},"geometry":{"type":"Polygon","coordinates":[[[16.4414,47.0113],[16.4442,47.0128],[16.4432,47.013],[16.4414,47.0113]]]}},{"type":"Feature","properties":{"landuse":"farmland"},"geometry":{"type":"Polygon","coordinates":[[[16.4363,47.0109],[16.4387,47.0115],[16.4385,47.0123],[16.4363,47.0109]]]}},{"type":"Feature","properties":{"landuse":"farmland"},"geometry":{"type":"Polygon","coordinates":[[[16.4363,47.0102],[16.4389,47.0108],[16.4363,47.0109],[16.4363,47.0102]]]}},{"type":"Feature","properties":{"landuse":"farmland"},"geometry":{"type":"Polygon","coordinates":[[[16.4346,47.0158],[16.438,47.0186],[16.4359,47.0187],[16.4346,47.0158]]]}},{"type":"Feature","properties":{"landuse":"farmland"},"geometry":{"type":"Polygon","coordinates":[[[16.4203,47.0121],[16.4213,47.012],[16.4215,47.0141],[16.4203,47.0121]]]}},{"type":"Feature","properties":{"landuse":"farmland"},"geometry":{"type":"Polygon","coordinates":[[[16.4192,47.0076],[16.4191,47.0093],[16.4183,47.0091],[16.4192,47.0076]]]}},{"type":"Feature","properties":{"landuse":"farmland"},"geometry":{"type":"Polygon","coordinates":[[[16.4199,47.008],[16.4221,47.008],[16.4211,47.0105],[16.4199,47.008]]]}},{"type":"Feature","properties":{"landuse":"farmland"},"geometry":{"type":"Polygon","coordinates":[[[16.4221,47.0062],[16.422,47.0079],[16.4212,47.0076],[16.4221,47.0062]]]}},{"type":"Feature","properties":{"landuse":"farmland"},"geometry":{"type":"Polygon","coordinates":[[[16.4239,47.0029],[16.4241,47.0014],[16.4248,47.0027],[16.4239,47.0029]]]}},{"type":"Feature","properties":{"landuse":"farmland"},"geometry":{"type":"Polygon","coordinates":[[[16.4227,47.0039],[16.4261,47.0031],[16.4242,47.0048],[16.4227,47.0039]]]}},{"type":"Feature","properties":{"landuse":"farmland"},"geometry":{"type":"Polygon","coordinates":[[[16.4195,47.0056],[16.4201,47.0039],[16.4207,47.0041],[16.4195,47.0056]]]}},{"type":"Feature","properties":{"landuse":"farmland"},"geometry":{"type":"Polygon","coordinates":[[[16.4259,47.0016],[16.4256,47.0029],[16.4249,47.0015],[16.4259,47.0016]]]}},{"type":"Feature","properties":{"landuse":"farmland"},"geometry":{"type":"Polygon","coordinates":[[[16.4243,46.9997],[16.4253,46.9999],[16.4242,47.0014],[16.4243,46.9997]]]}},{"type":"Feature","properties":{"landuse":"farmland"},"geometry":{"type":"Polygon","coordinates":[[[16.4199,47.0058],[16.4199,47.0078],[16.4187,47.0074],[16.4199,47.0058]]]}},{"type":"Feature","properties":{"landuse":"farmland"},"geometry":{"type":"Polygon","coordinates":[[[16.4211,47.0057],[16.4226,47.004],[16.4239,47.0047],[16.4211,47.0057]]]}},{"type":"Feature","properties":{"landuse":"farmland"},"geometry":{"type":"Polygon","coordinates":[[[16.4203,47.0072],[16.4211,47.0058],[16.4221,47.0062],[16.4203,47.0072]]]}},{"type":"Feature","properties":{"landuse":"farmland"},"geometry":{"type":"Polygon","coordinates":[[[16.4159,47.011],[16.417,47.0098],[16.4191,47.0109],[16.4159,47.011]]]}},{"type":"Feature","properties":{"landuse":"farmland"},"geometry":{"type":"Polygon","coordinates":[[[16.4152,47.0125],[16.4159,47.0111],[16.4168,47.0115],[16.4152,47.0125]]]}},{"type":"Feature","properties":{"landuse":"farmland"},"geometry":{"type":"Polygon","coordinates":[[[16.418,47.014],[16.4203,47.0163],[16.4196,47.0165],[16.418,47.014]]]}},{"type":"Feature","properties":{"landuse":"farmland"},"geometry":{"type":"Polygon","coordinates":[[[16.4151,47.0126],[16.4164,47.0142],[16.4154,47.0144],[16.4151,47.0126]]]}},{"type":"Feature","properties":{"landuse":"orchard"},"geometry":{"type":"Polygon","coordinates":[[[16.4217,47.0119],[16.4232,47.0118],[16.4221,47.0132],[16.4217,47.0119]]]}},{"type":"Feature","properties":{"landuse":"farmland"},"geometry":{"type":"Polygon","coordinates":[[[16.4217,47.0106],[16.4229,47.0107],[16.4222,47.0118],[16.4217,47.0106]]]}},{"type":"Feature","properties":{"landuse":"farmland"},"geometry":{"type":"Polygon","coordinates":[[[16.4327,47.0197],[16.4333,47.0179],[16.4341,47.0188],[16.4327,47.0197]]]}},{"type":"Feature","properties":{"landuse":"farmland"},"geometry":{"type":"Polygon","coordinates":[[[16.4392,47.014],[16.4429,47.014],[16.4405,47.0149],[16.4392,47.014]]]}},{"type":"Feature","properties":{"landuse":"farmland"},"geometry":{"type":"Polygon","coordinates":[[[16.4319,47.0205],[16.4286,47.0192],[16.4315,47.0192],[16.4319,47.0205]]]}},{"type":"Feature","properties":{"landuse":"farmland"},"geometry":{"type":"Polygon","coordinates":[[[16.4364,47.0153],[16.4382,47.0158],[16.4378,47.0162],[16.4364,47.0153]]]}},{"type":"Feature","properties":{"landuse":"farmland"},"geometry":{"type":"Polygon","coordinates":[[[16.4231,47.027],[16.4263,47.0275],[16.423,47.0277],[16.4231,47.027]]]}},{"type":"Feature","properties":{"landuse":"farmland"},"geometry":{"type":"Polygon","coordinates":[[[16.4267,47.0283],[16.428,47.0296],[16.4256,47.0294],[16.4267,47.0283]]]}},{"type":"Feature","properties":{"landuse":"farmland"},"geometry":{"type":"Polygon","coordinates":[[[16.4308,47.0284],[16.4331,47.0267],[16.4332,47.0278],[16.4308,47.0284]]]}},{"type":"Feature","properties":{"landuse":"farmland"},"geometry":{"type":"Polygon","coordinates":[[[16.4303,47.028],[16.4333,47.0258],[16.4333,47.0266],[16.4303,47.028]]]}},{"type":"Feature","properties":{"landuse":"farmland"},"geometry":{"type":"Polygon","coordinates":[[[16.4299,47.0251],[16.4331,47.0259],[16.4323,47.0265],[16.4299,47.0251]]]}},{"type":"Feature","properties":{"landuse":"farmland"},"geometry":{"type":"Polygon","coordinates":[[[16.4288,47.0262],[16.4299,47.0252],[16.4322,47.0266],[16.4288,47.0262]]]}},{"type":"Feature","properties":{"landuse":"farmland"},"geometry":{"type":"Polygon","coordinates":[[[16.423,47.0277],[16.4261,47.0282],[16.4251,47.0293],[16.423,47.0277]]]}},{"type":"Feature","properties":{"landuse":"farmland"},"geometry":{"type":"Polygon","coordinates":[[[16.4252,47.0265],[16.4235,47.0261],[16.4237,47.0242],[16.4252,47.0265]]]}},{"type":"Feature","properties":{"landuse":"farmland"},"geometry":{"type":"Polygon","coordinates":[[[16.4245,47.0227],[16.425,47.0221],[16.4301,47.024],[16.4296,47.0247],[16.4245,47.0227]]]}},{"type":"Feature","properties":{"landuse":"farmland"},"geometry":{"type":"Polygon","coordinates":[[[16.4243,47.023],[16.4295,47.0247],[16.4293,47.025],[16.4243,47.023]]]}},{"type":"Feature","properties":{"landuse":"farmland"},"geometry":{"type":"Polygon","coordinates":[[[16.4275,47.0194],[16.4318,47.0206],[16.4316,47.021],[16.4275,47.0194]]]}},{"type":"Feature","properties":{"landuse":"farmland"},"geometry":{"type":"Polygon","coordinates":[[[16.4189,47.0141],[16.4214,47.0157],[16.4203,47.0163],[16.4189,47.0141]]]}},{"type":"Feature","properties":{"landuse":"farmland"},"geometry":{"type":"Polygon","coordinates":[[[16.4601,47.006],[16.4617,47.0051],[16.4612,47.0072],[16.4601,47.006]]]}},{"type":"Feature","properties":{"landuse":"farmland"},"geometry":{"type":"Polygon","coordinates":[[[16.4504,47.0039],[16.4553,47.0052],[16.4538,47.0058],[16.4504,47.0039]]]}},{"type":"Feature","properties":{"landuse":"farmland"},"geometry":{"type":"Polygon","coordinates":[[[16.4548,47.0056],[16.4567,47.0073],[16.4529,47.0063],[16.4548,47.0056]]]}},{"type":"Feature","properties":{"landuse":"farmland"},"geometry":{"type":"Polygon","coordinates":[[[16.4552,47.0054],[16.459,47.0061],[16.4571,47.0071],[16.4552,47.0054]]]}},{"type":"Feature","properties":{"landuse":"farmland"},"geometry":{"type":"Polygon","coordinates":[[[16.4584,47.0039],[16.4604,47.0027],[16.4621,47.0042],[16.4584,47.0039]]]}},{"type":"Feature","properties":{"landuse":"farmland"},"geometry":{"type":"Polygon","coordinates":[[[16.4582,47.0038],[16.4568,47.0046],[16.455,47.0035],[16.4582,47.0038]]]}},{"type":"Feature","properties":{"landuse":"farmland"},"geometry":{"type":"Polygon","coordinates":[[[16.4704,47.0074],[16.4744,47.0078],[16.4729,47.0086],[16.4704,47.0074]]]}},{"type":"Feature","properties":{"landuse":"farmland"},"geometry":{"type":"Polygon","coordinates":[[[16.4696,47.0079],[16.4728,47.0086],[16.472,47.0091],[16.4696,47.0079]]]}},{"type":"Feature","properties":{"landuse":"farmland"},"geometry":{"type":"Polygon","coordinates":[[[16.4749,47.0076],[16.4765,47.0083],[16.4736,47.0083],[16.4749,47.0076]]]}},{"type":"Feature","properties":{"landuse":"farmland"},"geometry":{"type":"Polygon","coordinates":[[[16.4775,47.0061],[16.48,47.0073],[16.4754,47.0072],[16.4775,47.0061]]]}},{"type":"Feature","properties":{"landuse":"farmland"},"geometry":{"type":"Polygon","coordinates":[[[16.4786,47.0054],[16.4808,47.0074],[16.4775,47.0061],[16.4786,47.0054]]]}},{"type":"Feature","properties":{"landuse":"farmland"},"geometry":{"type":"Polygon","coordinates":[[[16.483,47.006],[16.4808,47.0074],[16.4806,47.0067],[16.483,47.006]]]}},{"type":"Feature","properties":{"landuse":"farmland"},"geometry":{"type":"Polygon","coordinates":[[[16.4805,47.006],[16.4831,47.0053],[16.483,47.006],[16.4805,47.006]]]}},{"type":"Feature","properties":{"landuse":"farmland"},"geometry":{"type":"Polygon","coordinates":[[[16.4771,47.0037],[16.48,47.002],[16.4797,47.0034],[16.4771,47.0037]]]}},{"type":"Feature","properties":{"landuse":"farmland"},"geometry":{"type":"Polygon","coordinates":[[[16.4795,47.0039],[16.4821,47.0013],[16.4823,47.0031],[16.4795,47.0039]]]}},{"type":"Feature","properties":{"landuse":"farmland"},"geometry":{"type":"Polygon","coordinates":[[[16.4745,47.0042],[16.4755,47.0025],[16.48,47.0019],[16.4745,47.0042]]]}},{"type":"Feature","properties":{"landuse":"farmland"},"geometry":{"type":"Polygon","coordinates":[[[16.4484,47.0053],[16.4479,47.0057],[16.4448,47.004],[16.4484,47.0053]]]}},{"type":"Feature","properties":{"landuse":"farmland"},"geometry":{"type":"Polygon","coordinates":[[[16.4496,47.0045],[16.4527,47.0062],[16.4486,47.0054],[16.4496,47.0045]]]}},{"type":"Feature","properties":{"landuse":"farmland"},"geometry":{"type":"Polygon","coordinates":[[[16.4487,47.0051],[16.4466,47.0034],[16.4493,47.0047],[16.4487,47.0051]]]}},{"type":"Feature","properties":{"landuse":"farmland"},"geometry":{"type":"Polygon","coordinates":[[[16.4282,47.0065],[16.4293,47.0047],[16.4295,47.0067],[16.4282,47.0065]]]}},{"type":"Feature","properties":{"landuse":"farmland"},"geometry":{"type":"Polygon","coordinates":[[[16.4232,47.0083],[16.4239,47.0085],[16.4219,47.0106],[16.4232,47.0083]]]}},{"type":"Feature","properties":{"landuse":"farmland"},"geometry":{"type":"Polygon","coordinates":[[[16.4251,47.0077],[16.4264,47.0058],[16.4262,47.008],[16.4251,47.0077]]]}},{"type":"Feature","properties":{"landuse":"farmland"},"geometry":{"type":"Polygon","coordinates":[[[16.4262,47.008],[16.4274,47.0062],[16.4279,47.0064],[16.4262,47.008]]]}},{"type":"Feature","properties":{"landuse":"farmland"},"geometry":{"type":"Polygon","coordinates":[[[16.425,47.0052],[16.4251,47.0077],[16.4238,47.0072],[16.425,47.0052]]]}},{"type":"Feature","properties":{"landuse":"farmland"},"geometry":{"type":"Polygon","coordinates":[[[16.4275,47.0036],[16.4275,47.005],[16.426,47.0056],[16.4275,47.0036]]]}},{"type":"Feature","properties":{"landuse":"farmland"},"geometry":{"type":"Polygon","coordinates":[[[16.4255,47.0054],[16.4271,47.0033],[16.4275,47.0036],[16.4255,47.0054]]]}},{"type":"Feature","properties":{"landuse":"farmland"},"geometry":{"type":"Polygon","coordinates":[[[16.4448,47.0047],[16.4474,47.006],[16.4466,47.0065],[16.4448,47.0047]]]}},{"type":"Feature","properties":{"landuse":"farmland"},"geometry":{"type":"Polygon","coordinates":[[[16.4467,47.0066],[16.4474,47.0061],[16.4499,47.0076],[16.4467,47.0066]]]}},{"type":"Feature","properties":{"landuse":"farmland"},"geometry":{"type":"Polygon","coordinates":[[[16.4462,47.0069],[16.4492,47.0079],[16.4487,47.0083],[16.4462,47.0069]]]}},{"type":"Feature","properties":{"landuse":"farmland"},"geometry":{"type":"Polygon","coordinates":[[[16.4606,47.0085],[16.4593,47.0072],[16.4607,47.0075],[16.4606,47.0085]]]}},{"type":"Feature","properties":{"landuse":"farmland"},"geometry":{"type":"Polygon","coordinates":[[[16.4725,47.0021],[16.4769,47.0018],[16.4751,47.0031],[16.4725,47.0021]]]}},{"type":"Feature","properties":{"landuse":"farmland"},"geometry":{"type":"Polygon","coordinates":[[[16.4789,47.0013],[16.4823,47.001],[16.4802,47.002],[16.4789,47.0013]]]}},{"type":"Feature","properties":{"landuse":"farmland"},"geometry":{"type":"Polygon","coordinates":[[[16.4815,46.9981],[16.4831,46.9962],[16.4841,46.9966],[16.4815,46.9981]]]}},{"type":"Feature","properties":{"landuse":"farmland"},"geometry":{"type":"Polygon","coordinates":[[[16.477,47.0018],[16.4753,47.0012],[16.4805,47.0001],[16.477,47.0018]]]}},{"type":"Feature","properties":{"landuse":"farmland"},"geometry":{"type":"Polygon","coordinates":[[[16.4721,47.003],[16.475,47.0032],[16.4744,47.0042],[16.4721,47.003]]]}},{"type":"Feature","properties":{"landuse":"farmland"},"geometry":{"type":"Polygon","coordinates":[[[16.4702,47.01],[16.4707,47.0098],[16.4714,47.0124],[16.4702,47.01]]]}},{"type":"Feature","properties":{"landuse":"farmland"},"geometry":{"type":"Polygon","coordinates":[[[16.4643,47.008],[16.466,47.0087],[16.4642,47.0101],[16.4643,47.008]]]}},{"type":"Feature","properties":{"landuse":"farmland"},"geometry":{"type":"Polygon","coordinates":[[[16.4395,47.0257],[16.4408,47.0247],[16.4435,47.0265],[16.4395,47.0257]]]}},{"type":"Feature","properties":{"landuse":"farmland"},"geometry":{"type":"Polygon","coordinates":[[[16.4409,47.0275],[16.439,47.0261],[16.4419,47.0275],[16.4409,47.0275]]]}},{"type":"Feature","properties":{"landuse":"farmland"},"geometry":{"type":"Polygon","coordinates":[[[16.4376,47.0271],[16.4406,47.0285],[16.4395,47.0292],[16.4376,47.0271]]]}},{"type":"Feature","properties":{"landuse":"farmland"},"geometry":{"type":"Polygon","coordinates":[[[16.431,47.0287],[16.4332,47.0306],[16.4304,47.0292],[16.431,47.0287]]]}},{"type":"Feature","properties":{"landuse":"farmland"},"geometry":{"type":"Polygon","coordinates":[[[16.4261,47.0211],[16.4266,47.0205],[16.431,47.0222],[16.4261,47.0211]]]}},{"type":"Feature","properties":{"landuse":"farmland"},"geometry":{"type":"Polygon","coordinates":[[[16.4313,47.0232],[16.4334,47.0248],[16.4311,47.0237],[16.4313,47.0232]]]}},{"type":"Feature","properties":{"landuse":"farmland"},"geometry":{"type":"Polygon","coordinates":[[[16.4362,47.0204],[16.4337,47.0208],[16.4334,47.0201],[16.4358,47.0198],[16.4362,47.0204]]]}},{"type":"Feature","properties":{"landuse":"farmland"},"geometry":{"type":"Polygon","coordinates":[[[16.4401,47.0221],[16.4409,47.0214],[16.443,47.0228],[16.4401,47.0221]]]}},{"type":"Feature","properties":{"landuse":"farmland"},"geometry":{"type":"Polygon","coordinates":[[[16.4361,47.0312],[16.4382,47.0298],[16.4387,47.0301],[16.4361,47.0312]]]}},{"type":"Feature","properties":{"landuse":"farmland"},"geometry":{"type":"Polygon","coordinates":[[[16.4415,47.0323],[16.444,47.0344],[16.4402,47.033],[16.4415,47.0323]]]}},{"type":"Feature","properties":{"landuse":"farmland"},"geometry":{"type":"Polygon","coordinates":[[[16.4358,47.0287],[16.4361,47.0312],[16.4335,47.0305],[16.4358,47.0287]]]}},{"type":"Feature","properties":{"landuse":"farmland"},"geometry":{"type":"Polygon","coordinates":[[[16.4567,47.0254],[16.4591,47.0268],[16.4561,47.0259],[16.4567,47.0254]]]}},{"type":"Feature","properties":{"landuse":"farmland"},"geometry":{"type":"Polygon","coordinates":[[[16.4532,47.0249],[16.4537,47.0244],[16.4562,47.0258],[16.4532,47.0249]]]}},{"type":"Feature","properties":{"landuse":"farmland"},"geometry":{"type":"Polygon","coordinates":[[[16.4484,47.0217],[16.4487,47.0212],[16.4511,47.0231],[16.4484,47.0217]]]}},{"type":"Feature","properties":{"landuse":"farmland"},"geometry":{"type":"Polygon","coordinates":[[[16.4501,47.0239],[16.4478,47.0222],[16.4507,47.0235],[16.4501,47.0239]]]}},{"type":"Feature","properties":{"landuse":"farmland"},"geometry":{"type":"Polygon","coordinates":[[[16.4525,47.0255],[16.4554,47.0264],[16.4549,47.0268],[16.4525,47.0255]]]}},{"type":"Feature","properties":{"landuse":"farmland"},"geometry":{"type":"Polygon","coordinates":[[[16.4506,47.0236],[16.453,47.025],[16.4501,47.0241],[16.4506,47.0236]]]}},{"type":"Feature","properties":{"landuse":"farmland"},"geometry":{"type":"Polygon","coordinates":[[[16.4573,47.0249],[16.4583,47.0241],[16.4607,47.0254],[16.4573,47.0249]]]}},{"type":"Feature","properties":{"landuse":"farmland"},"geometry":{"type":"Polygon","coordinates":[[[16.4607,47.0254],[16.4583,47.024],[16.4613,47.0249],[16.4607,47.0254]]]}},{"type":"Feature","properties":{"landuse":"farmland"},"geometry":{"type":"Polygon","coordinates":[[[16.4615,47.0248],[16.4639,47.0261],[16.4608,47.0254],[16.4615,47.0248]]]}},{"type":"Feature","properties":{"landuse":"farmland"},"geometry":{"type":"Polygon","coordinates":[[[16.4631,47.0235],[16.4637,47.023],[16.4658,47.0241],[16.4631,47.0235]]]}},{"type":"Feature","properties":{"landuse":"farmland"},"geometry":{"type":"Polygon","coordinates":[[[16.4625,47.024],[16.4631,47.0235],[16.4654,47.0248],[16.4625,47.024]]]}},{"type":"Feature","properties":{"landuse":"farmland"},"geometry":{"type":"Polygon","coordinates":[[[16.4593,47.0233],[16.4624,47.0241],[16.4616,47.0246],[16.4593,47.0233]]]}},{"type":"Feature","properties":{"landuse":"farmland"},"geometry":{"type":"Polygon","coordinates":[[[16.4599,47.0226],[16.4575,47.0213],[16.4609,47.0218],[16.4599,47.0226]]]}},{"type":"Feature","properties":{"landuse":"farmland"},"geometry":{"type":"Polygon","coordinates":[[[16.4592,47.0232],[16.4568,47.0219],[16.4599,47.0226],[16.4592,47.0232]]]}},{"type":"Feature","properties":{"landuse":"farmland"},"geometry":{"type":"Polygon","coordinates":[[[16.4561,47.0225],[16.4592,47.0232],[16.4585,47.0238],[16.4561,47.0225]]]}},{"type":"Feature","properties":{"landuse":"farmland"},"geometry":{"type":"Polygon","coordinates":[[[16.4509,47.0234],[16.4519,47.0226],[16.4542,47.0239],[16.4533,47.0248],[16.4509,47.0234]]]}},{"type":"Feature","properties":{"landuse":"farmland"},"geometry":{"type":"Polygon","coordinates":[[[16.4516,47.0227],[16.4487,47.0212],[16.4489,47.0206],[16.4516,47.0227]]]}},{"type":"Feature","properties":{"landuse":"farmland"},"geometry":{"type":"Polygon","coordinates":[[[16.4519,47.0226],[16.4524,47.0222],[16.4548,47.0235],[16.4519,47.0226]]]}},{"type":"Feature","properties":{"landuse":"farmland"},"geometry":{"type":"Polygon","coordinates":[[[16.4537,47.0229],[16.4524,47.0222],[16.4553,47.0231],[16.4537,47.0229]]]}},{"type":"Feature","properties":{"landuse":"farmland"},"geometry":{"type":"Polygon","coordinates":[[[16.4504,47.0192],[16.4524,47.0208],[16.4495,47.0198],[16.4504,47.0192]]]}},{"type":"Feature","properties":{"landuse":"farmland"},"geometry":{"type":"Polygon","coordinates":[[[16.4536,47.0199],[16.4573,47.0214],[16.4569,47.0217],[16.4536,47.0199]]]}},{"type":"Feature","properties":{"landuse":"farmland"},"geometry":{"type":"Polygon","coordinates":[[[16.4547,47.0189],[16.458,47.0208],[16.4543,47.0193],[16.4547,47.0189]]]}},{"type":"Feature","properties":{"landuse":"farmland"},"geometry":{"type":"Polygon","coordinates":[[[16.4313,47.0321],[16.4319,47.0317],[16.434,47.0333],[16.4313,47.0321]]]}},{"type":"Feature","properties":{"landuse":"farmland"},"geometry":{"type":"Polygon","coordinates":[[[16.4306,47.0327],[16.4313,47.0321],[16.4334,47.0337],[16.4326,47.0342],[16.4306,47.0327]]]}},{"type":"Feature","properties":{"landuse":"farmland"},"geometry":{"type":"Polygon","coordinates":[[[16.4305,47.0326],[16.4298,47.0331],[16.4273,47.0313],[16.4305,47.0326]]]}},{"type":"Feature","properties":{"landuse":"farmland"},"geometry":{"type":"Polygon","coordinates":[[[16.4282,47.0313],[16.428,47.0303],[16.4311,47.0321],[16.4282,47.0313]]]}},{"type":"Feature","properties":{"landuse":"farmland"},"geometry":{"type":"Polygon","coordinates":[[[16.4286,47.0305],[16.4295,47.0298],[16.4321,47.0314],[16.4286,47.0305]]]}},{"type":"Feature","properties":{"landuse":"farmland"},"geometry":{"type":"Polygon","coordinates":[[[16.4503,47.0108],[16.447,47.01],[16.4489,47.0087],[16.4503,47.0108]]]}},{"type":"Feature","properties":{"landuse":"farmland"},"geometry":{"type":"Polygon","coordinates":[[[16.4416,47.0161],[16.4446,47.0168],[16.4434,47.0178],[16.4416,47.0161]]]}},{"type":"Feature","properties":{"landuse":"farmland"},"geometry":{"type":"Polygon","coordinates":[[[16.4432,47.0154],[16.4457,47.0161],[16.4447,47.0167],[16.4432,47.0154]]]}},{"type":"Feature","properties":{"landuse":"farmland"},"geometry":{"type":"Polygon","coordinates":[[[16.4406,47.015],[16.4426,47.0156],[16.4416,47.0161],[16.4406,47.015]]]}},{"type":"Feature","properties":{"landuse":"farmland"},"geometry":{"type":"Polygon","coordinates":[[[16.44,47.0183],[16.4425,47.0172],[16.4431,47.0178],[16.44,47.0183]]]}},{"type":"Feature","properties":{"landuse":"farmland"},"geometry":{"type":"Polygon","coordinates":[[[16.4424,47.0201],[16.4451,47.0209],[16.4445,47.0215],[16.4424,47.0201]]]}},{"type":"Feature","properties":{"landuse":"farmland"},"geometry":{"type":"Polygon","coordinates":[[[16.4413,47.021],[16.4421,47.0203],[16.4442,47.0217],[16.4413,47.021]]]}},{"type":"Feature","properties":{"landuse":"farmland"},"geometry":{"type":"Polygon","coordinates":[[[16.4381,47.0223],[16.4366,47.0208],[16.4389,47.0214],[16.4381,47.0223]]]}},{"type":"Feature","properties":{"landuse":"farmland"},"geometry":{"type":"Polygon","coordinates":[[[16.4387,47.0218],[16.4408,47.0232],[16.4383,47.0224],[16.4387,47.0218]]]}},{"type":"Feature","properties":{"landuse":"farmland"},"geometry":{"type":"Polygon","coordinates":[[[16.4346,47.0238],[16.4338,47.0209],[16.4381,47.0223],[16.4358,47.0257],[16.4346,47.0238]]]}},{"type":"Feature","properties":{"landuse":"farmland"},"geometry":{"type":"Polygon","coordinates":[[[16.4329,47.0211],[16.4351,47.0222],[16.4343,47.0234],[16.4329,47.0211]]]}},{"type":"Feature","properties":{"landuse":"farmland"},"geometry":{"type":"Polygon","coordinates":[[[16.4461,47.0094],[16.4466,47.0098],[16.4437,47.011],[16.4461,47.0094]]]}},{"type":"Feature","properties":{"landuse":"farmland"},"geometry":{"type":"Polygon","coordinates":[[[16.4452,47.0087],[16.4437,47.011],[16.4427,47.0104],[16.4452,47.0087]]]}},{"type":"Feature","properties":{"landuse":"farmland"},"geometry":{"type":"Polygon","coordinates":[[[16.4467,47.0122],[16.4459,47.0113],[16.4476,47.012],[16.4467,47.0122]]]}},{"type":"Feature","properties":{"landuse":"farmland"},"geometry":{"type":"Polygon","coordinates":[[[16.4496,47.0078],[16.4502,47.0075],[16.4526,47.0096],[16.4496,47.0078]]]}},{"type":"Feature","properties":{"landuse":"farmland"},"geometry":{"type":"Polygon","coordinates":[[[16.4462,47.0093],[16.4489,47.0087],[16.4468,47.0099],[16.4462,47.0093]]]}},{"type":"Feature","properties":{"landuse":"farmland"},"geometry":{"type":"Polygon","coordinates":[[[16.4392,47.0363],[16.4374,47.0345],[16.44,47.0359],[16.4392,47.0363]]]}},{"type":"Feature","properties":{"landuse":"farmland"},"geometry":{"type":"Polygon","coordinates":[[[16.4355,47.0355],[16.4374,47.0345],[16.4392,47.0363],[16.4355,47.0355]]]}},{"type":"Feature","properties":{"landuse":"farmland"},"geometry":{"type":"Polygon","coordinates":[[[16.4347,47.036],[16.4374,47.0372],[16.4364,47.0376],[16.4347,47.036]]]}},{"type":"Feature","properties":{"landuse":"farmland"},"geometry":{"type":"Polygon","coordinates":[[[16.4604,47.0257],[16.4633,47.0273],[16.4598,47.0262],[16.4604,47.0257]]]}},{"type":"Feature","properties":{"landuse":"farmland"},"geometry":{"type":"Polygon","coordinates":[[[16.4599,47.0227],[16.4629,47.0236],[16.4624,47.0241],[16.4599,47.0227]]]}},{"type":"Feature","properties":{"landuse":"farmland"},"geometry":{"type":"Polygon","coordinates":[[[16.461,47.0218],[16.4617,47.0213],[16.4641,47.0226],[16.461,47.0218]]]}},{"type":"Feature","properties":{"landuse":"farmland"},"geometry":{"type":"Polygon","coordinates":[[[16.4674,47.023],[16.4692,47.0229],[16.4686,47.0237],[16.4674,47.023]]]}},{"type":"Feature","properties":{"landuse":"farmland"},"geometry":{"type":"Polygon","coordinates":[[[16.4663,47.0237],[16.4686,47.0237],[16.468,47.0246],[16.4663,47.0237]]]}},{"type":"Feature","properties":{"landuse":"farmland"},"geometry":{"type":"Polygon","coordinates":[[[16.4645,47.0224],[16.4651,47.0219],[16.4671,47.023],[16.4645,47.0224]]]}},{"type":"Feature","properties":{"landuse":"farmland"},"geometry":{"type":"Polygon","coordinates":[[[16.4618,47.0212],[16.4624,47.0207],[16.4648,47.0221],[16.4618,47.0212]]]}},{"type":"Feature","properties":{"landuse":"farmland"},"geometry":{"type":"Polygon","coordinates":[[[16.4601,47.0192],[16.4608,47.0186],[16.4633,47.0199],[16.4601,47.0192]]]}},{"type":"Feature","properties":{"landuse":"farmland"},"geometry":{"type":"Polygon","coordinates":[[[16.4593,47.0198],[16.4598,47.0194],[16.4623,47.0207],[16.4617,47.0212],[16.4593,47.0198]]]}},{"type":"Feature","properties":{"landuse":"farmland"},"geometry":{"type":"Polygon","coordinates":[[[16.4587,47.0203],[16.4593,47.0199],[16.4616,47.0212],[16.4587,47.0203]]]}},{"type":"Feature","properties":{"landuse":"farmland"},"geometry":{"type":"Polygon","coordinates":[[[16.4662,47.0238],[16.4668,47.0264],[16.4647,47.0253],[16.4662,47.0238]]]}},{"type":"Feature","properties":{"landuse":"farmland"},"geometry":{"type":"Polygon","coordinates":[[[16.4637,47.027],[16.464,47.0262],[16.466,47.0273],[16.4637,47.027]]]}},{"type":"Feature","properties":{"landuse":"farmland"},"geometry":{"type":"Polygon","coordinates":[[[16.4594,47.0266],[16.4624,47.0284],[16.4587,47.0272],[16.4594,47.0266]]]}},{"type":"Feature","properties":{"landuse":"farmland"},"geometry":{"type":"Polygon","coordinates":[[[16.4598,47.0262],[16.4628,47.0279],[16.4594,47.0266],[16.4598,47.0262]]]}},{"type":"Feature","properties":{"landuse":"farmland"},"geometry":{"type":"Polygon","coordinates":[[[16.4423,47.0236],[16.4431,47.0229],[16.4447,47.0239],[16.4423,47.0236]]]}},{"type":"Feature","properties":{"landuse":"farmland"},"geometry":{"type":"Polygon","coordinates":[[[16.4408,47.0247],[16.4416,47.0241],[16.4443,47.0259],[16.4408,47.0247]]]}},{"type":"Feature","properties":{"landuse":"farmland"},"geometry":{"type":"Polygon","coordinates":[[[16.4397,47.0254],[16.4374,47.0237],[16.4421,47.0236],[16.4397,47.0254]]]}},{"type":"Feature","properties":{"landuse":"farmland"},"geometry":{"type":"Polygon","coordinates":[[[16.4358,47.0258],[16.4374,47.0237],[16.4397,47.0254],[16.4358,47.0258]]]}},{"type":"Feature","properties":{"landuse":"farmland"},"geometry":{"type":"Polygon","coordinates":[[[16.4252,47.0215],[16.4306,47.0229],[16.4304,47.0234],[16.4252,47.0215]]]}},{"type":"Feature","properties":{"landuse":"farmland"},"geometry":{"type":"Polygon","coordinates":[[[16.4251,47.0216],[16.4304,47.0237],[16.4301,47.024],[16.4251,47.0216]]]}},{"type":"Feature","properties":{"landuse":"farmland"},"geometry":{"type":"Polygon","coordinates":[[[16.4378,47.031],[16.4391,47.0302],[16.4414,47.0323],[16.4378,47.031]]]}},{"type":"Feature","properties":{"landuse":"farmland"},"geometry":{"type":"Polygon","coordinates":[[[16.4383,47.034],[16.4393,47.0335],[16.4415,47.0353],[16.4383,47.034]]]}},{"type":"Feature","properties":{"landuse":"farmland"},"geometry":{"type":"Polygon","coordinates":[[[16.4345,47.033],[16.4323,47.0313],[16.4355,47.0324],[16.4345,47.033]]]}},{"type":"Feature","properties":{"landuse":"farmland"},"geometry":{"type":"Polygon","coordinates":[[[16.4336,47.0337],[16.4344,47.0332],[16.4365,47.0349],[16.4356,47.0354],[16.4336,47.0337]]]}},{"type":"Feature","properties":{"landuse":"farmland"},"geometry":{"type":"Polygon","coordinates":[[[16.4487,47.0117],[16.4475,47.0104],[16.4493,47.0114],[16.4487,47.0117]]]}},{"type":"Feature","properties":{"landuse":"farmland"},"geometry":{"type":"Polygon","coordinates":[[[16.4456,47.0131],[16.448,47.0148],[16.4473,47.015],[16.4456,47.0131]]]}},{"type":"Feature","properties":{"landuse":"farmland"},"geometry":{"type":"Polygon","coordinates":[[[16.448,47.0188],[16.4489,47.018],[16.4503,47.0191],[16.448,47.0188]]]}},{"type":"Feature","properties":{"landuse":"farmland"},"geometry":{"type":"Polygon","coordinates":[[[16.4462,47.0202],[16.4469,47.0196],[16.4487,47.0208],[16.4462,47.0202]]]}},{"type":"Feature","properties":{"landuse":"farmland"},"geometry":{"type":"Polygon","coordinates":[[[16.4439,47.0222],[16.4453,47.0209],[16.4477,47.0221],[16.4439,47.0222]]]}},{"type":"Feature","properties":{"landuse":"farmland"},"geometry":{"type":"Polygon","coordinates":[[[16.4431,47.0229],[16.4439,47.0222],[16.4456,47.0233],[16.4431,47.0229]]]}},{"type":"Feature","properties":{"landuse":"farmland"},"geometry":{"type":"Polygon","coordinates":[[[16.4188,47.014],[16.4199,47.0121],[16.4201,47.0141],[16.4188,47.014]]]}},{"type":"Feature","properties":{"landuse":"farmland"},"geometry":{"type":"Polygon","coordinates":[[[16.5473,47.6912],[16.5544,47.6923],[16.5536,47.6952],[16.5469,47.6949],[16.5473,47.6912]]]}},{"type":"Feature","properties":{"landuse":"farmland"},"geometry":{"type":"Polygon","coordinates":[[[16.3634,46.7611],[16.3625,46.7567],[16.3652,46.7587],[16.3634,46.7611]]]}},{"type":"Feature","properties":{"landuse":"vineyard"},"geometry":{"type":"Polygon","coordinates":[[[16.3376,46.7562],[16.3357,46.7553],[16.3385,46.7545],[16.3376,46.7562]]]}},{"type":"Feature","properties":{"landuse":"vineyard"},"geometry":{"type":"Polygon","coordinates":[[[16.3351,46.7564],[16.3289,46.7557],[16.3348,46.7552],[16.3351,46.7564]]]}},{"type":"Feature","properties":{"landuse":"vineyard"},"geometry":{"type":"Polygon","coordinates":[[[16.3283,46.7532],[16.3334,46.7536],[16.3266,46.7545],[16.3283,46.7532]]]}},{"type":"Feature","properties":{"landuse":"farmland"},"geometry":{"type":"Polygon","coordinates":[[[16.3767,46.7324],[16.3796,46.7336],[16.3782,46.734],[16.3767,46.7324]]]}},{"type":"Feature","properties":{"landuse":"farmland"},"geometry":{"type":"Polygon","coordinates":[[[16.7739,46.4975],[16.7734,46.4958],[16.7752,46.495],[16.7739,46.4975]]]}},{"type":"Feature","properties":{"landuse":"green_public_spaces"},"geometry":{"type":"Polygon","coordinates":[[[16.5837,47.6819],[16.5831,47.6832],[16.5825,47.6823],[16.5837,47.6819]]]}},{"type":"Feature","properties":{"landuse":"farmland"},"geometry":{"type":"Polygon","coordinates":[[[17.0316,47.085],[17.0286,47.0857],[17.0294,47.0846],[17.0316,47.085]]]}},{"type":"Feature","properties":{"landuse":"farmland"},"geometry":{"type":"Polygon","coordinates":[[[17.0329,47.083],[17.0293,47.0839],[17.0303,47.0826],[17.0329,47.083]]]}},{"type":"Feature","properties":{"landuse":"farmland"},"geometry":{"type":"Polygon","coordinates":[[[17.0477,47.1136],[17.0485,47.1114],[17.049,47.1142],[17.0477,47.1136]]]}},{"type":"Feature","properties":{"landuse":"farmland"},"geometry":{"type":"Polygon","coordinates":[[[16.7895,46.7657],[16.7907,46.7649],[16.7909,46.7662],[16.7895,46.7657]]]}},{"type":"Feature","properties":{"landuse":"green_public_spaces"},"geometry":{"type":"Polygon","coordinates":[[[16.5744,47.6833],[16.5764,47.6833],[16.5744,47.6841],[16.5744,47.6833]]]}},{"type":"Feature","properties":{"landuse":"farmland"},"geometry":{"type":"Polygon","coordinates":[[[16.6674,47.4536],[16.6798,47.4435],[16.6846,47.4469],[16.6852,47.4494],[16.6709,47.4607],[16.6663,47.46],[16.6703,47.4564],[16.6674,47.4536]]]}},{"type":"Feature","properties":{"landuse":"farmland"},"geometry":{"type":"Polygon","coordinates":[[[16.6821,47.4433],[16.6832,47.4405],[16.6877,47.4421],[16.6821,47.4433]]]}},{"type":"Feature","properties":{"landuse":"farmland"},"geometry":{"type":"Polygon","coordinates":[[[16.4318,47.1591],[16.4312,47.1577],[16.4328,47.1598],[16.4318,47.1591]]]}},{"type":"Feature","properties":{"landuse":"farmland"},"geometry":{"type":"Polygon","coordinates":[[[16.5996,47.711],[16.5987,47.7137],[16.6055,47.7092],[16.6099,47.7154],[16.6027,47.7144],[16.5928,47.7208],[16.5967,47.7156],[16.5961,47.7106],[16.5996,47.711]]]}},{"type":"Feature","properties":{"landuse":"farmland"},"geometry":{"type":"Polygon","coordinates":[[[16.6151,47.7089],[16.6103,47.7069],[16.6147,47.7067],[16.6151,47.7089]]]}},{"type":"Feature","properties":{"landuse":"farmland"},"geometry":{"type":"Polygon","coordinates":[[[16.5628,47.7083],[16.5598,47.7041],[16.5722,47.6985],[16.5742,47.7005],[16.5628,47.7083]]]}},{"type":"Feature","properties":{"landuse":"farmland"},"geometry":{"type":"Polygon","coordinates":[[[16.4173,46.8499],[16.4155,46.85],[16.417,46.8492],[16.4173,46.8499]]]}},{"type":"Feature","properties":{"landuse":"farmland"},"geometry":{"type":"Polygon","coordinates":[[[16.4115,46.8316],[16.412,46.8293],[16.4145,46.8294],[16.4115,46.8316]]]}},{"type":"Feature","properties":{"landuse":"farmland"},"geometry":{"type":"Polygon","coordinates":[[[16.5721,47.7035],[16.576,47.7053],[16.5738,47.7091],[16.5661,47.7089],[16.5721,47.7035]]]}},{"type":"Feature","properties":{"landuse":"farmland"},"geometry":{"type":"Polygon","coordinates":[[[16.5551,47.697],[16.5641,47.6979],[16.5585,47.7009],[16.5551,47.697]]]}},{"type":"Feature","properties":{"landuse":"farmland"},"geometry":{"type":"Polygon","coordinates":[[[16.5597,47.7115],[16.5592,47.7088],[16.5635,47.7101],[16.5597,47.7115]]]}},{"type":"Feature","properties":{"landuse":"farmland"},"geometry":{"type":"Polygon","coordinates":[[[16.5535,47.705],[16.5522,47.701],[16.5561,47.7034],[16.5535,47.705]]]}},{"type":"Feature","properties":{"landuse":"vineyard"},"geometry":{"type":"Polygon","coordinates":[[[16.5828,47.7182],[16.5852,47.7176],[16.5851,47.7184],[16.5828,47.7182]]]}},{"type":"Feature","properties":{"landuse":"farmland"},"geometry":{"type":"Polygon","coordinates":[[[16.5883,47.7096],[16.5894,47.7078],[16.5908,47.7079],[16.5883,47.7096]]]}},{"type":"Feature","properties":{"landuse":"vineyard"},"geometry":{"type":"Polygon","coordinates":[[[16.5992,47.7043],[16.601,47.7065],[16.6005,47.7069],[16.5992,47.7043]]]}},{"type":"Feature","properties":{"landuse":"vineyard"},"geometry":{"type":"Polygon","coordinates":[[[16.5838,47.7111],[16.5868,47.711],[16.5856,47.7131],[16.5838,47.7111]]]}},{"type":"Feature","properties":{"landuse":"vineyard"},"geometry":{"type":"Polygon","coordinates":[[[16.5993,47.7109],[16.6017,47.7093],[16.6011,47.7112],[16.5993,47.7109]]]}},{"type":"Feature","properties":{"landuse":"vineyard"},"geometry":{"type":"Polygon","coordinates":[[[16.5998,47.7039],[16.6023,47.7053],[16.6018,47.7057],[16.5998,47.7039]]]}},{"type":"Feature","properties":{"landuse":"vineyard"},"geometry":{"type":"Polygon","coordinates":[[[16.5997,47.7027],[16.6021,47.7013],[16.6003,47.7033],[16.5997,47.7027]]]}},{"type":"Feature","properties":{"landuse":"vineyard"},"geometry":{"type":"Polygon","coordinates":[[[16.5972,47.7007],[16.5995,47.7033],[16.5981,47.7038],[16.5972,47.7007]]]}},{"type":"Feature","properties":{"landuse":"vineyard"},"geometry":{"type":"Polygon","coordinates":[[[16.5986,47.6999],[16.6019,47.701],[16.6,47.7021],[16.5986,47.6999]]]}},{"type":"Feature","properties":{"landuse":"vineyard"},"geometry":{"type":"Polygon","coordinates":[[[16.3971,46.7812],[16.3908,46.7807],[16.3962,46.7794],[16.3971,46.7812]]]}},{"type":"Feature","properties":{"landuse":"farmland"},"geometry":{"type":"Polygon","coordinates":[[[16.4086,46.8022],[16.4085,46.8005],[16.4116,46.8],[16.4086,46.8022]]]}},{"type":"Feature","properties":{"landuse":"farmland"},"geometry":{"type":"Polygon","coordinates":[[[16.4085,46.8004],[16.4075,46.7976],[16.4119,46.7965],[16.4121,46.7999],[16.4085,46.8004]]]}},{"type":"Feature","properties":{"landuse":"farmland"},"geometry":{"type":"Polygon","coordinates":[[[16.4111,46.7889],[16.4115,46.7922],[16.4079,46.793],[16.4069,46.7904],[16.4111,46.7889]]]}},{"type":"Feature","properties":{"landuse":"farmland"},"geometry":{"type":"Polygon","coordinates":[[[16.4413,46.7976],[16.4247,46.801],[16.4234,46.798],[16.4382,46.7937],[16.4413,46.7976]]]}},{"type":"Feature","properties":{"landuse":"farmland"},"geometry":{"type":"Polygon","coordinates":[[[16.4233,46.7977],[16.4221,46.7947],[16.4352,46.7893],[16.4301,46.7937],[16.4363,46.7908],[16.4382,46.7934],[16.4233,46.7977]]]}},{"type":"Feature","properties":{"landuse":"farmland"},"geometry":{"type":"Polygon","coordinates":[[[16.6125,47.0782],[16.6161,47.0767],[16.6159,47.0789],[16.6125,47.0782]]]}},{"type":"Feature","properties":{"landuse":"farmland"},"geometry":{"type":"Polygon","coordinates":[[[16.6094,47.0718],[16.6111,47.0717],[16.6109,47.0732],[16.6094,47.0718]]]}},{"type":"Feature","properties":{"landuse":"farmland"},"geometry":{"type":"Polygon","coordinates":[[[16.5524,47.0739],[16.5529,47.0717],[16.5549,47.0719],[16.5524,47.0739]]]}},{"type":"Feature","properties":{"landuse":"farmland"},"geometry":{"type":"Polygon","coordinates":[[[16.492,47.0822],[16.4855,47.0811],[16.4878,47.0759],[16.4943,47.0768],[16.492,47.0822]]]}},{"type":"Feature","properties":{"landuse":"farmland"},"geometry":{"type":"Polygon","coordinates":[[[16.4658,47.0921],[16.4666,47.0907],[16.4676,47.0915],[16.4658,47.0921]]]}},{"type":"Feature","properties":{"landuse":"farmland"},"geometry":{"type":"Polygon","coordinates":[[[16.4642,47.1645],[16.4642,47.1677],[16.4616,47.1673],[16.4619,47.1636],[16.4642,47.1645]]]}},{"type":"Feature","properties":{"landuse":"farmland"},"geometry":{"type":"Polygon","coordinates":[[[16.9284,47.6301],[16.9365,47.6336],[16.9337,47.6407],[16.9284,47.6301]]]}},{"type":"Feature","properties":{"landuse":"vineyard"},"geometry":{"type":"Polygon","coordinates":[[[17.0151,47.2283],[17.0175,47.2289],[17.0141,47.2298],[17.0151,47.2283]]]}},{"type":"Feature","properties":{"landuse":"orchard"},"geometry":{"type":"Polygon","coordinates":[[[17.0708,47.2681],[17.0736,47.2691],[17.0704,47.2685],[17.0708,47.2681]]]}},{"type":"Feature","properties":{"landuse":"orchard"},"geometry":{"type":"Polygon","coordinates":[[[17.0697,47.2682],[17.0689,47.2679],[17.0704,47.2661],[17.0697,47.2682]]]}},{"type":"Feature","properties":{"landuse":"farmland"},"geometry":{"type":"Polygon","coordinates":[[[16.6642,47.4523],[16.6613,47.455],[16.6665,47.4476],[16.6732,47.444],[16.6768,47.4457],[16.6622,47.4568],[16.6642,47.4523]]]}},{"type":"Feature","properties":{"landuse":"farmland"},"geometry":{"type":"Polygon","coordinates":[[[16.6738,47.4436],[16.6775,47.4445],[16.6771,47.4455],[16.6738,47.4436]]]}},{"type":"Feature","properties":{"landuse":"farmland"},"geometry":{"type":"Polygon","coordinates":[[[16.6261,47.6522],[16.6256,47.6539],[16.6237,47.654],[16.6261,47.6522]]]}},{"type":"Feature","properties":{"landuse":"farmland"},"geometry":{"type":"Polygon","coordinates":[[[16.624,47.656],[16.6227,47.6608],[16.6208,47.6585],[16.624,47.656]]]}},{"type":"Feature","properties":{"landuse":"farmland"},"geometry":{"type":"Polygon","coordinates":[[[16.6295,47.6549],[16.6272,47.6581],[16.628,47.6553],[16.6295,47.6549]]]}},{"type":"Feature","properties":{"landuse":"vineyard"},"geometry":{"type":"Polygon","coordinates":[[[16.7094,46.7729],[16.7089,46.7705],[16.7111,46.7728],[16.7094,46.7729]]]}},{"type":"Feature","properties":{"landuse":"vineyard"},"geometry":{"type":"Polygon","coordinates":[[[16.706,46.7637],[16.7046,46.7616],[16.7074,46.7632],[16.706,46.7637]]]}},{"type":"Feature","properties":{"landuse":"farmland"},"geometry":{"type":"Polygon","coordinates":[[[16.6817,46.7664],[16.681,46.7659],[16.6834,46.7647],[16.6817,46.7664]]]}},{"type":"Feature","properties":{"landuse":"farmland"},"geometry":{"type":"Polygon","coordinates":[[[16.6822,46.7668],[16.6839,46.7659],[16.6832,46.7674],[16.6822,46.7668]]]}},{"type":"Feature","properties":{"landuse":"farmland"},"geometry":{"type":"Polygon","coordinates":[[[16.6965,46.7601],[16.6941,46.7602],[16.6944,46.7597],[16.6965,46.7601]]]}},{"type":"Feature","properties":{"landuse":"farmland"},"geometry":{"type":"Polygon","coordinates":[[[16.6888,46.7595],[16.6893,46.7589],[16.6913,46.7608],[16.6888,46.7595]]]}},{"type":"Feature","properties":{"landuse":"farmland"},"geometry":{"type":"Polygon","coordinates":[[[16.6958,46.7679],[16.6941,46.7676],[16.6946,46.7657],[16.6958,46.7679]]]}},{"type":"Feature","properties":{"landuse":"vineyard"},"geometry":{"type":"Polygon","coordinates":[[[16.6985,46.7438],[16.7013,46.7473],[16.698,46.7449],[16.6985,46.7438]]]}},{"type":"Feature","properties":{"landuse":"farmland"},"geometry":{"type":"Polygon","coordinates":[[[16.685,46.7515],[16.685,46.751],[16.6892,46.7511],[16.685,46.7515]]]}},{"type":"Feature","properties":{"landuse":"farmland"},"geometry":{"type":"Polygon","coordinates":[[[16.6882,46.7526],[16.6851,46.7522],[16.6884,46.752],[16.6882,46.7526]]]}},{"type":"Feature","properties":{"landuse":"farmland"},"geometry":{"type":"Polygon","coordinates":[[[16.6615,46.7138],[16.6607,46.7121],[16.6627,46.7115],[16.6615,46.7138]]]}},{"type":"Feature","properties":{"landuse":"farmland"},"geometry":{"type":"Polygon","coordinates":[[[16.6576,46.7102],[16.6611,46.7119],[16.659,46.7124],[16.6576,46.7102]]]}},{"type":"Feature","properties":{"landuse":"farmland"},"geometry":{"type":"Polygon","coordinates":[[[16.6523,47.0792],[16.6453,47.0781],[16.6467,47.0754],[16.6528,47.0768],[16.6523,47.0792]]]}},{"type":"Feature","properties":{"landuse":"farmland"},"geometry":{"type":"Polygon","coordinates":[[[16.6451,47.0897],[16.6416,47.0906],[16.6352,47.088],[16.6451,47.0897]]]}},{"type":"Feature","properties":{"landuse":"farmland"},"geometry":{"type":"Polygon","coordinates":[[[16.6326,47.0885],[16.6331,47.0876],[16.6351,47.0883],[16.6326,47.0885]]]}},{"type":"Feature","properties":{"landuse":"farmland"},"geometry":{"type":"Polygon","coordinates":[[[16.6396,47.0861],[16.6411,47.084],[16.6476,47.0855],[16.6396,47.0861]]]}},{"type":"Feature","properties":{"landuse":"farmland"},"geometry":{"type":"Polygon","coordinates":[[[16.6185,47.0779],[16.6183,47.0762],[16.6248,47.0749],[16.6185,47.0779]]]}},{"type":"Feature","properties":{"landuse":"farmland"},"geometry":{"type":"Polygon","coordinates":[[[16.6233,47.0776],[16.6283,47.0742],[16.6289,47.0781],[16.6233,47.0776]]]}},{"type":"Feature","properties":{"landuse":"farmland"},"geometry":{"type":"Polygon","coordinates":[[[16.7939,46.5055],[16.7971,46.5027],[16.7972,46.5049],[16.7939,46.5055]]]}},{"type":"Feature","properties":{"landuse":"farmland"},"geometry":{"type":"Polygon","coordinates":[[[16.7954,46.502],[16.7957,46.5007],[16.7986,46.5013],[16.7954,46.502]]]}},{"type":"Feature","properties":{"landuse":"green_public_spaces"},"geometry":{"type":"Polygon","coordinates":[[[17.6501,47.6762],[17.6505,47.6751],[17.6523,47.6757],[17.6501,47.6762]]]}},{"type":"Feature","properties":{"landuse":"green_public_spaces"},"geometry":{"type":"Polygon","coordinates":[[[17.651,47.6792],[17.6469,47.6777],[17.6505,47.6771],[17.651,47.6792]]]}},{"type":"Feature","properties":{"landuse":"green_public_spaces"},"geometry":{"type":"Polygon","coordinates":[[[17.6625,47.677],[17.6588,47.6764],[17.6596,47.6735],[17.6625,47.677]]]}},{"type":"Feature","properties":{"landuse":"green_public_spaces"},"geometry":{"type":"Polygon","coordinates":[[[17.2459,46.7558],[17.2449,46.7548],[17.2445,46.7515],[17.2459,46.7558]]]}},{"type":"Feature","properties":{"landuse":"farmland"},"geometry":{"type":"Polygon","coordinates":[[[17.022,47.7647],[17.0251,47.7619],[17.0268,47.7646],[17.022,47.7647]]]}},{"type":"Feature","properties":{"landuse":"farmland"},"geometry":{"type":"Polygon","coordinates":[[[17.0256,47.7672],[17.0242,47.7683],[17.0229,47.7675],[17.0243,47.7664],[17.0256,47.7672]]]}},{"type":"Feature","properties":{"landuse":"farmland"},"geometry":{"type":"Polygon","coordinates":[[[17.0212,47.7714],[17.018,47.7688],[17.0207,47.7664],[17.0248,47.7686],[17.0212,47.7714]]]}},{"type":"Feature","properties":{"landuse":"vineyard"},"geometry":{"type":"Polygon","coordinates":[[[17.0271,47.7726],[17.0227,47.7703],[17.0233,47.7698],[17.0271,47.7726]]]}},{"type":"Feature","properties":{"landuse":"farmland"},"geometry":{"type":"Polygon","coordinates":[[[17.0215,47.7646],[17.0193,47.7636],[17.0213,47.76],[17.0235,47.761],[17.0215,47.7646]]]}},{"type":"Feature","properties":{"landuse":"farmland"},"geometry":{"type":"Polygon","coordinates":[[[17.0218,47.7655],[17.0147,47.7687],[17.0175,47.763],[17.0218,47.7655]]]}},{"type":"Feature","properties":{"landuse":"farmland"},"geometry":{"type":"Polygon","coordinates":[[[17.0326,47.7534],[17.0251,47.7613],[17.0223,47.7604],[17.0285,47.7516],[17.0326,47.7534]]]}},{"type":"Feature","properties":{"landuse":"farmland"},"geometry":{"type":"Polygon","coordinates":[[[17.0289,47.7578],[17.0368,47.76],[17.0345,47.7673],[17.028,47.7666],[17.0256,47.7611],[17.0289,47.7578]]]}},{"type":"Feature","properties":{"landuse":"vineyard"},"geometry":{"type":"Polygon","coordinates":[[[17.0133,47.7785],[17.0095,47.7775],[17.0126,47.7777],[17.0133,47.7785]]]}},{"type":"Feature","properties":{"landuse":"farmland"},"geometry":{"type":"Polygon","coordinates":[[[17.0145,47.7693],[17.0158,47.7706],[17.0127,47.7724],[17.0145,47.7693]]]}},{"type":"Feature","properties":{"landuse":"farmland"},"geometry":{"type":"Polygon","coordinates":[[[17.0055,47.7702],[17.0129,47.7614],[17.016,47.7625],[17.0128,47.7722],[17.0055,47.7702]]]}},{"type":"Feature","properties":{"landuse":"farmland"},"geometry":{"type":"Polygon","coordinates":[[[17.0485,47.766],[17.0526,47.7667],[17.0516,47.7697],[17.0402,47.767],[17.042,47.7612],[17.0494,47.7633],[17.0485,47.766]]]}},{"type":"Feature","properties":{"landuse":"farmland"},"geometry":{"type":"Polygon","coordinates":[[[17.0488,47.7653],[17.049,47.7647],[17.0529,47.7658],[17.0527,47.7664],[17.0488,47.7653]]]}},{"type":"Feature","properties":{"landuse":"farmland"},"geometry":{"type":"Polygon","coordinates":[[[17.0497,47.7645],[17.0532,47.7648],[17.053,47.7654],[17.0497,47.7645]]]}},{"type":"Feature","properties":{"landuse":"farmland"},"geometry":{"type":"Polygon","coordinates":[[[17.0486,47.766],[17.0488,47.7653],[17.0527,47.7664],[17.0486,47.766]]]}},{"type":"Feature","properties":{"landuse":"farmland"},"geometry":{"type":"Polygon","coordinates":[[[17.05,47.7633],[17.0565,47.7566],[17.0632,47.7584],[17.0599,47.7616],[17.0664,47.7635],[17.0625,47.7666],[17.05,47.7633]]]}},{"type":"Feature","properties":{"landuse":"farmland"},"geometry":{"type":"Polygon","coordinates":[[[17.0535,47.7645],[17.0586,47.7659],[17.055,47.7775],[17.0494,47.7783],[17.0535,47.7645]]]}},{"type":"Feature","properties":{"landuse":"farmland"},"geometry":{"type":"Polygon","coordinates":[[[17.068,47.7585],[17.0666,47.7635],[17.0601,47.7617],[17.0661,47.7567],[17.068,47.7585]]]}},{"type":"Feature","properties":{"landuse":"farmland"},"geometry":{"type":"Polygon","coordinates":[[[17.0672,47.7669],[17.0638,47.7777],[17.0611,47.7776],[17.0644,47.7669],[17.0672,47.7669]]]}},{"type":"Feature","properties":{"landuse":"farmland"},"geometry":{"type":"Polygon","coordinates":[[[17.0638,47.7679],[17.0608,47.7773],[17.0553,47.7775],[17.0589,47.766],[17.0638,47.7679]]]}},{"type":"Feature","properties":{"landuse":"farmland"},"geometry":{"type":"Polygon","coordinates":[[[17.0564,47.7564],[17.0526,47.7593],[17.0491,47.7547],[17.0564,47.7564]]]}},{"type":"Feature","properties":{"landuse":"farmland"},"geometry":{"type":"Polygon","coordinates":[[[17.0425,47.757],[17.0477,47.7542],[17.0503,47.7586],[17.0425,47.757]]]}},{"type":"Feature","properties":{"landuse":"farmland"},"geometry":{"type":"Polygon","coordinates":[[[17.0495,47.7545],[17.0511,47.7506],[17.0587,47.7526],[17.0565,47.7563],[17.0495,47.7545]]]}},{"type":"Feature","properties":{"landuse":"farmland"},"geometry":{"type":"Polygon","coordinates":[[[17.0621,47.758],[17.0566,47.7565],[17.0589,47.7527],[17.0666,47.7548],[17.0621,47.758]]]}},{"type":"Feature","properties":{"landuse":"farmland"},"geometry":{"type":"Polygon","coordinates":[[[17.0347,47.7591],[17.0411,47.7524],[17.0447,47.7534],[17.0423,47.7569],[17.0506,47.7592],[17.0486,47.7629],[17.0347,47.7591]]]}},{"type":"Feature","properties":{"landuse":"farmland"},"geometry":{"type":"Polygon","coordinates":[[[17.015,47.7697],[17.0207,47.7703],[17.0178,47.7726],[17.015,47.7697]]]}},{"type":"Feature","properties":{"landuse":"farmland"},"geometry":{"type":"Polygon","coordinates":[[[17.026,47.7669],[17.0273,47.7658],[17.0268,47.7673],[17.026,47.7669]]]}},{"type":"Feature","properties":{"landuse":"farmland"},"geometry":{"type":"Polygon","coordinates":[[[17.037,47.7598],[17.0419,47.7612],[17.0394,47.7693],[17.0342,47.7686],[17.037,47.7598]]]}},{"type":"Feature","properties":{"landuse":"farmland"},"geometry":{"type":"Polygon","coordinates":[[[17.0394,47.7693],[17.0402,47.7671],[17.0475,47.7692],[17.0463,47.7731],[17.0394,47.7693]]]}},{"type":"Feature","properties":{"landuse":"farmland"},"geometry":{"type":"Polygon","coordinates":[[[17.0453,47.7765],[17.0476,47.7692],[17.0515,47.7703],[17.0495,47.7767],[17.0453,47.7765]]]}},{"type":"Feature","properties":{"landuse":"greenhouse_horticulture"},"geometry":{"type":"Polygon","coordinates":[[[17.045,47.7777],[17.0462,47.7766],[17.0458,47.7778],[17.045,47.7777]]]}},{"type":"Feature","properties":{"landuse":"farmland"},"geometry":{"type":"Polygon","coordinates":[[[17.0553,47.7777],[17.0604,47.7777],[17.0546,47.7903],[17.0505,47.7891],[17.0553,47.7777]]]}},{"type":"Feature","properties":{"landuse":"farmland"},"geometry":{"type":"Polygon","coordinates":[[[17.0477,47.7858],[17.05,47.7787],[17.0531,47.7788],[17.0516,47.7879],[17.0477,47.7858]]]}},{"type":"Feature","properties":{"landuse":"vineyard"},"geometry":{"type":"Polygon","coordinates":[[[17.0443,47.7858],[17.0473,47.7856],[17.046,47.7867],[17.0443,47.7858]]]}},{"type":"Feature","properties":{"landuse":"farmland"},"geometry":{"type":"Polygon","coordinates":[[[17.0414,47.7814],[17.0419,47.7809],[17.0448,47.7819],[17.0414,47.7814]]]}},{"type":"Feature","properties":{"landuse":"farmland"},"geometry":{"type":"Polygon","coordinates":[[[17.047,47.778],[17.0462,47.7766],[17.0477,47.7768],[17.047,47.778]]]}},{"type":"Feature","properties":{"landuse":"farmland"},"geometry":{"type":"Polygon","coordinates":[[[17.0496,47.7799],[17.0472,47.7855],[17.0398,47.783],[17.0496,47.7799]]]}},{"type":"Feature","properties":{"landuse":"farmland"},"geometry":{"type":"Polygon","coordinates":[[[17.0401,47.7823],[17.0369,47.78],[17.0405,47.7819],[17.0401,47.7823]]]}},{"type":"Feature","properties":{"landuse":"farmland"},"geometry":{"type":"Polygon","coordinates":[[[17.0383,47.7845],[17.0459,47.7868],[17.0421,47.7901],[17.0332,47.7855],[17.0383,47.7845]]]}},{"type":"Feature","properties":{"landuse":"farmland"},"geometry":{"type":"Polygon","coordinates":[[[17.0343,47.7999],[17.0361,47.8008],[17.0278,47.8054],[17.0343,47.7999]]]}},{"type":"Feature","properties":{"landuse":"farmland"},"geometry":{"type":"Polygon","coordinates":[[[17.0305,47.7978],[17.0272,47.8006],[17.0219,47.7978],[17.0253,47.795],[17.0305,47.7978]]]}},{"type":"Feature","properties":{"landuse":"farmland"},"geometry":{"type":"Polygon","coordinates":[[[17.0212,47.7974],[17.0246,47.7946],[17.0253,47.795],[17.0212,47.7974]]]}},{"type":"Feature","properties":{"landuse":"farmland"},"geometry":{"type":"Polygon","coordinates":[[[17.0315,47.794],[17.0286,47.7966],[17.0233,47.7938],[17.0263,47.7912],[17.0315,47.794]]]}},{"type":"Feature","properties":{"landuse":"farmland"},"geometry":{"type":"Polygon","coordinates":[[[17.0263,47.7912],[17.0332,47.7855],[17.037,47.7876],[17.0324,47.7945],[17.0263,47.7912]]]}},{"type":"Feature","properties":{"landuse":"farmland"},"geometry":{"type":"Polygon","coordinates":[[[17.0378,47.7933],[17.0348,47.7958],[17.0333,47.795],[17.0363,47.7924],[17.0378,47.7933]]]}},{"type":"Feature","properties":{"landuse":"vineyard"},"geometry":{"type":"Polygon","coordinates":[[[17.0324,47.7945],[17.0354,47.7919],[17.0363,47.7924],[17.0324,47.7945]]]}},{"type":"Feature","properties":{"landuse":"farmland"},"geometry":{"type":"Polygon","coordinates":[[[17.0382,47.7882],[17.0408,47.7896],[17.0371,47.7928],[17.0344,47.7914],[17.0382,47.7882]]]}},{"type":"Feature","properties":{"landuse":"vineyard"},"geometry":{"type":"Polygon","coordinates":[[[17.03,47.7817],[17.0328,47.7817],[17.0316,47.7826],[17.03,47.7817]]]}},{"type":"Feature","properties":{"landuse":"farmland"},"geometry":{"type":"Polygon","coordinates":[[[17.0158,47.7821],[17.0195,47.779],[17.0165,47.7829],[17.0158,47.7821]]]}},{"type":"Feature","properties":{"landuse":"farmland"},"geometry":{"type":"Polygon","coordinates":[[[17.0596,47.8048],[17.0623,47.8025],[17.0603,47.8052],[17.0596,47.8048]]]}},{"type":"Feature","properties":{"landuse":"farmland"},"geometry":{"type":"Polygon","coordinates":[[[17.4236,47.5921],[17.421,47.5908],[17.4243,47.5911],[17.4236,47.5921]]]}},{"type":"Feature","properties":{"landuse":"farmland"},"geometry":{"type":"Polygon","coordinates":[[[16.5865,46.5595],[16.5883,46.5581],[16.5886,46.5596],[16.5865,46.5595]]]}},{"type":"Feature","properties":{"landuse":"farmland"},"geometry":{"type":"Polygon","coordinates":[[[17.5094,47.5282],[17.5102,47.5275],[17.5094,47.5297],[17.5094,47.5282]]]}},{"type":"Feature","properties":{"landuse":"green_public_spaces"},"geometry":{"type":"Polygon","coordinates":[[[17.0296,47.5995],[17.0299,47.5978],[17.0313,47.5991],[17.0296,47.5995]]]}},{"type":"Feature","properties":{"landuse":"green_public_spaces"},"geometry":{"type":"Polygon","coordinates":[[[16.8328,47.5582],[16.8349,47.5584],[16.8334,47.5609],[16.8307,47.5604],[16.8328,47.5582]]]}},{"type":"Feature","properties":{"landuse":"vineyard"},"geometry":{"type":"Polygon","coordinates":[[[16.5926,47.7108],[16.5956,47.7106],[16.595,47.7115],[16.5926,47.7108]]]}},{"type":"Feature","properties":{"landuse":"orchard"},"geometry":{"type":"Polygon","coordinates":[[[16.8518,47.565],[16.8495,47.5674],[16.8497,47.5655],[16.8518,47.565]]]}},{"type":"Feature","properties":{"landuse":"green_public_spaces"},"geometry":{"type":"Polygon","coordinates":[[[17.2497,46.7595],[17.248,46.7578],[17.2546,46.7605],[17.2497,46.7595]]]}},{"type":"Feature","properties":{"landuse":"vineyard"},"geometry":{"type":"Polygon","coordinates":[[[17.7472,47.5659],[17.749,47.5639],[17.7509,47.5637],[17.7472,47.5659]]]}},{"type":"Feature","properties":{"landuse":"vineyard"},"geometry":{"type":"Polygon","coordinates":[[[17.7513,47.5635],[17.7466,47.5624],[17.751,47.5598],[17.7513,47.5635]]]}},{"type":"Feature","properties":{"landuse":"farmland"},"geometry":{"type":"Polygon","coordinates":[[[16.8175,46.3918],[16.8168,46.3914],[16.8223,46.3905],[16.8175,46.3918]]]}},{"type":"Feature","properties":{"landuse":"farmland"},"geometry":{"type":"Polygon","coordinates":[[[16.4562,47.1366],[16.4539,47.136],[16.4596,47.1321],[16.4601,47.1363],[16.4562,47.1366]]]}},{"type":"Feature","properties":{"landuse":"farmland"},"geometry":{"type":"Polygon","coordinates":[[[16.4562,47.1366],[16.4602,47.1368],[16.459,47.143],[16.4564,47.1424],[16.4562,47.1366]]]}},{"type":"Feature","properties":{"landuse":"farmland"},"geometry":{"type":"Polygon","coordinates":[[[16.4513,47.1448],[16.4519,47.1396],[16.4541,47.1426],[16.4513,47.1448]]]}},{"type":"Feature","properties":{"landuse":"farmland"},"geometry":{"type":"Polygon","coordinates":[[[16.4503,47.1388],[16.4561,47.1367],[16.4563,47.1421],[16.4503,47.1388]]]}},{"type":"Feature","properties":{"landuse":"farmland"},"geometry":{"type":"Polygon","coordinates":[[[16.4465,47.1413],[16.4502,47.1388],[16.4513,47.1436],[16.4465,47.1413]]]}},{"type":"Feature","properties":{"landuse":"green_public_spaces"},"geometry":{"type":"Polygon","coordinates":[[[17.2454,46.8525],[17.2533,46.8537],[17.2503,46.8569],[17.2538,46.8626],[17.2454,46.8667],[17.2414,46.8604],[17.2454,46.8525]]]}},{"type":"Feature","properties":{"landuse":"green_public_spaces"},"geometry":{"type":"Polygon","coordinates":[[[17.2568,46.8501],[17.2629,46.8512],[17.2619,46.8551],[17.256,46.8541],[17.2568,46.8501]]]}},{"type":"Feature","properties":{"landuse":"green_public_spaces"},"geometry":{"type":"Polygon","coordinates":[[[17.2512,46.8493],[17.2547,46.847],[17.2541,46.8497],[17.2512,46.8493]]]}},{"type":"Feature","properties":{"landuse":"farmland"},"geometry":{"type":"Polygon","coordinates":[[[16.5738,47.7101],[16.5726,47.7099],[16.5747,47.7083],[16.5738,47.7101]]]}},{"type":"Feature","properties":{"landuse":"farmland"},"geometry":{"type":"Polygon","coordinates":[[[16.5733,47.711],[16.5705,47.714],[16.5661,47.7127],[16.5733,47.711]]]}},{"type":"Feature","properties":{"landuse":"farmland"},"geometry":{"type":"Polygon","coordinates":[[[17.0629,47.4043],[17.0631,47.4034],[17.0706,47.4054],[17.0629,47.4043]]]}},{"type":"Feature","properties":{"landuse":"farmland"},"geometry":{"type":"Polygon","coordinates":[[[17.0512,47.3957],[17.0574,47.4],[17.0554,47.4008],[17.0512,47.3957]]]}},{"type":"Feature","properties":{"landuse":"farmland"},"geometry":{"type":"Polygon","coordinates":[[[17.2576,47.4322],[17.2599,47.4308],[17.2599,47.4325],[17.2576,47.4322]]]}},{"type":"Feature","properties":{"landuse":"farmland"},"geometry":{"type":"Polygon","coordinates":[[[17.3973,47.5344],[17.4006,47.5366],[17.3978,47.5375],[17.3973,47.5344]]]}},{"type":"Feature","properties":{"landuse":"farmland"},"geometry":{"type":"Polygon","coordinates":[[[17.3976,47.529],[17.3979,47.5266],[17.3993,47.5289],[17.3976,47.529]]]}},{"type":"Feature","properties":{"landuse":"farmland"},"geometry":{"type":"Polygon","coordinates":[[[16.7934,46.7845],[16.7951,46.7832],[16.7957,46.7841],[16.7934,46.7845]]]}},{"type":"Feature","properties":{"landuse":"farmland"},"geometry":{"type":"Polygon","coordinates":[[[16.8974,47.0946],[16.8995,47.094],[16.9019,47.0953],[16.8974,47.0946]]]}},{"type":"Feature","properties":{"landuse":"green_public_spaces"},"geometry":{"type":"Polygon","coordinates":[[[17.6556,47.6702],[17.6562,47.6713],[17.6547,47.6709],[17.6556,47.6702]]]}},{"type":"Feature","properties":{"landuse":"farmland"},"geometry":{"type":"Polygon","coordinates":[[[16.4526,47.1686],[16.4569,47.1666],[16.4552,47.1687],[16.4526,47.1686]]]}},{"type":"Feature","properties":{"landuse":"farmland"},"geometry":{"type":"Polygon","coordinates":[[[16.4485,47.1713],[16.4555,47.1687],[16.4545,47.1716],[16.4485,47.1713]]]}},{"type":"Feature","properties":{"landuse":"farmland"},"geometry":{"type":"Polygon","coordinates":[[[16.4548,47.1713],[16.4585,47.1643],[16.4607,47.168],[16.4548,47.1713]]]}},{"type":"Feature","properties":{"landuse":"farmland"},"geometry":{"type":"Polygon","coordinates":[[[16.4545,47.1722],[16.4585,47.1715],[16.4584,47.1738],[16.4545,47.1722]]]}},{"type":"Feature","properties":{"landuse":"farmland"},"geometry":{"type":"Polygon","coordinates":[[[16.4383,47.1447],[16.439,47.1473],[16.4374,47.1473],[16.4383,47.1447]]]}},{"type":"Feature","properties":{"landuse":"farmland"},"geometry":{"type":"Polygon","coordinates":[[[16.4358,47.1448],[16.4372,47.1449],[16.4354,47.1464],[16.4358,47.1448]]]}},{"type":"Feature","properties":{"landuse":"farmland"},"geometry":{"type":"Polygon","coordinates":[[[16.439,47.1446],[16.4405,47.1444],[16.441,47.1462],[16.439,47.1446]]]}},{"type":"Feature","properties":{"landuse":"farmland"},"geometry":{"type":"Polygon","coordinates":[[[16.4403,47.1433],[16.443,47.1442],[16.441,47.1459],[16.4403,47.1433]]]}},{"type":"Feature","properties":{"landuse":"farmland"},"geometry":{"type":"Polygon","coordinates":[[[16.4413,47.1468],[16.442,47.1509],[16.4386,47.1507],[16.4413,47.1468]]]}},{"type":"Feature","properties":{"landuse":"farmland"},"geometry":{"type":"Polygon","coordinates":[[[16.4375,47.1531],[16.4374,47.154],[16.4357,47.1536],[16.4375,47.1531]]]}},{"type":"Feature","properties":{"landuse":"farmland"},"geometry":{"type":"Polygon","coordinates":[[[16.4758,47.1048],[16.477,47.1026],[16.477,47.105],[16.4758,47.1048]]]}},{"type":"Feature","properties":{"landuse":"farmland"},"geometry":{"type":"Polygon","coordinates":[[[16.4678,47.107],[16.4715,47.1027],[16.4745,47.1051],[16.4678,47.107]]]}},{"type":"Feature","properties":{"landuse":"farmland"},"geometry":{"type":"Polygon","coordinates":[[[16.4843,47.1037],[16.4778,47.1026],[16.4847,47.1027],[16.4843,47.1037]]]}},{"type":"Feature","properties":{"landuse":"farmland"},"geometry":{"type":"Polygon","coordinates":[[[16.4649,47.1063],[16.463,47.1048],[16.4691,47.1013],[16.4641,47.1002],[16.4721,47.1005],[16.4691,47.1056],[16.4649,47.1063]]]}},{"type":"Feature","properties":{"landuse":"farmland"},"geometry":{"type":"Polygon","coordinates":[[[16.4584,47.1013],[16.459,47.1002],[16.4608,47.1002],[16.4584,47.1013]]]}},{"type":"Feature","properties":{"landuse":"farmland"},"geometry":{"type":"Polygon","coordinates":[[[16.4579,47.1035],[16.4584,47.1015],[16.46,47.1022],[16.4579,47.1035]]]}},{"type":"Feature","properties":{"landuse":"farmland"},"geometry":{"type":"Polygon","coordinates":[[[16.4596,47.1017],[16.4633,47.1002],[16.4624,47.1015],[16.4596,47.1017]]]}},{"type":"Feature","properties":{"landuse":"farmland"},"geometry":{"type":"Polygon","coordinates":[[[16.4591,47.1001],[16.4634,47.0951],[16.4661,47.0959],[16.4638,47.1001],[16.4591,47.1001]]]}},{"type":"Feature","properties":{"landuse":"farmland"},"geometry":{"type":"Polygon","coordinates":[[[16.4647,47.1024],[16.4627,47.1017],[16.4669,47.1008],[16.4647,47.1024]]]}},{"type":"Feature","properties":{"landuse":"farmland"},"geometry":{"type":"Polygon","coordinates":[[[16.4634,47.1045],[16.4669,47.1009],[16.4691,47.1012],[16.4634,47.1045]]]}},{"type":"Feature","properties":{"landuse":"farmland"},"geometry":{"type":"Polygon","coordinates":[[[16.4885,47.132],[16.4877,47.1287],[16.4888,47.1304],[16.4885,47.132]]]}},{"type":"Feature","properties":{"landuse":"green_public_spaces"},"geometry":{"type":"Polygon","coordinates":[[[16.8303,46.8347],[16.8283,46.8331],[16.8297,46.8317],[16.8303,46.8347]]]}},{"type":"Feature","properties":{"landuse":"green_public_spaces"},"geometry":{"type":"Polygon","coordinates":[[[16.6366,47.2212],[16.6345,47.2203],[16.6364,47.2186],[16.6397,47.2196],[16.6366,47.2212]]]}},{"type":"Feature","properties":{"landuse":"farmland"},"geometry":{"type":"Polygon","coordinates":[[[16.6391,47.2194],[16.6364,47.2186],[16.637,47.2163],[16.6391,47.2194]]]}},{"type":"Feature","properties":{"landuse":"farmland"},"geometry":{"type":"Polygon","coordinates":[[[16.6994,46.4093],[16.7013,46.4095],[16.7006,46.41],[16.6994,46.4093]]]}},{"type":"Feature","properties":{"landuse":"green_public_spaces"},"geometry":{"type":"Polygon","coordinates":[[[17.2443,46.7594],[17.2462,46.7586],[17.249,46.7598],[17.2443,46.7594]]]}},{"type":"Feature","properties":{"landuse":"green_public_spaces"},"geometry":{"type":"Polygon","coordinates":[[[17.2477,46.7575],[17.2463,46.7541],[17.2476,46.7541],[17.2477,46.7575]]]}},{"type":"Feature","properties":{"landuse":"orchard"},"geometry":{"type":"Polygon","coordinates":[[[17.2381,46.7463],[17.238,46.7446],[17.2405,46.7448],[17.2381,46.7463]]]}},{"type":"Feature","properties":{"landuse":"farmland"},"geometry":{"type":"Polygon","coordinates":[[[17.2395,46.7491],[17.2385,46.7476],[17.2407,46.747],[17.2395,46.7491]]]}},{"type":"Feature","properties":{"landuse":"green_public_spaces"},"geometry":{"type":"Polygon","coordinates":[[[17.2461,46.7571],[17.2447,46.7566],[17.2446,46.7548],[17.2461,46.7571]]]}},{"type":"Feature","properties":{"landuse":"farmland"},"geometry":{"type":"Polygon","coordinates":[[[16.4647,47.1418],[16.4658,47.1372],[16.4715,47.1372],[16.4704,47.1425],[16.4647,47.1418]]]}},{"type":"Feature","properties":{"landuse":"farmland"},"geometry":{"type":"Polygon","coordinates":[[[16.4733,47.1423],[16.4733,47.1437],[16.4703,47.143],[16.4733,47.1423]]]}},{"type":"Feature","properties":{"landuse":"farmland"},"geometry":{"type":"Polygon","coordinates":[[[16.4734,47.1437],[16.4746,47.1425],[16.479,47.1454],[16.4734,47.1437]]]}},{"type":"Feature","properties":{"landuse":"farmland"},"geometry":{"type":"Polygon","coordinates":[[[16.4721,47.1372],[16.4775,47.1385],[16.4753,47.1423],[16.4716,47.142],[16.4721,47.1372]]]}},{"type":"Feature","properties":{"landuse":"farmland"},"geometry":{"type":"Polygon","coordinates":[[[16.4613,47.142],[16.4611,47.14],[16.4648,47.1403],[16.4613,47.142]]]}},{"type":"Feature","properties":{"landuse":"farmland"},"geometry":{"type":"Polygon","coordinates":[[[16.4788,47.1389],[16.4811,47.1397],[16.4785,47.1394],[16.4788,47.1389]]]}},{"type":"Feature","properties":{"landuse":"farmland"},"geometry":{"type":"Polygon","coordinates":[[[16.4816,47.1453],[16.4792,47.144],[16.4812,47.1397],[16.4853,47.1408],[16.4816,47.1453]]]}},{"type":"Feature","properties":{"landuse":"farmland"},"geometry":{"type":"Polygon","coordinates":[[[16.4753,47.1426],[16.4776,47.1395],[16.4806,47.1408],[16.4791,47.1439],[16.4753,47.1426]]]}},{"type":"Feature","properties":{"landuse":"farmland"},"geometry":{"type":"Polygon","coordinates":[[[16.4835,47.1403],[16.4845,47.1359],[16.4883,47.1357],[16.4896,47.1408],[16.4835,47.1403]]]}},{"type":"Feature","properties":{"landuse":"farmland"},"geometry":{"type":"Polygon","coordinates":[[[16.4852,47.1341],[16.4854,47.1325],[16.4887,47.1329],[16.4852,47.1341]]]}},{"type":"Feature","properties":{"landuse":"farmland"},"geometry":{"type":"Polygon","coordinates":[[[16.4782,47.1386],[16.4774,47.1317],[16.4853,47.1328],[16.4834,47.1402],[16.4782,47.1386]]]}},{"type":"Feature","properties":{"landuse":"farmland"},"geometry":{"type":"Polygon","coordinates":[[[16.4886,47.134],[16.4891,47.1324],[16.5009,47.1329],[16.4886,47.134]]]}},{"type":"Feature","properties":{"landuse":"farmland"},"geometry":{"type":"Polygon","coordinates":[[[16.4897,47.1408],[16.4886,47.134],[16.496,47.1343],[16.4956,47.1409],[16.4897,47.1408]]]}},{"type":"Feature","properties":{"landuse":"farmland"},"geometry":{"type":"Polygon","coordinates":[[[16.4962,47.1344],[16.5009,47.1345],[16.5007,47.1373],[16.496,47.1379],[16.4962,47.1344]]]}},{"type":"Feature","properties":{"landuse":"farmland"},"geometry":{"type":"Polygon","coordinates":[[[16.4979,47.1409],[16.5007,47.1374],[16.5005,47.141],[16.4979,47.1409]]]}},{"type":"Feature","properties":{"landuse":"farmland"},"geometry":{"type":"Polygon","coordinates":[[[16.4855,47.1422],[16.4856,47.1409],[16.4903,47.1421],[16.4855,47.1422]]]}},{"type":"Feature","properties":{"landuse":"farmland"},"geometry":{"type":"Polygon","coordinates":[[[16.463,47.1221],[16.4664,47.1195],[16.4645,47.1257],[16.463,47.1221]]]}},{"type":"Feature","properties":{"landuse":"farmland"},"geometry":{"type":"Polygon","coordinates":[[[16.4645,47.1257],[16.466,47.1222],[16.4697,47.1228],[16.4645,47.1257]]]}},{"type":"Feature","properties":{"landuse":"farmland"},"geometry":{"type":"Polygon","coordinates":[[[16.4686,47.1254],[16.4713,47.1248],[16.4707,47.1264],[16.4686,47.1254]]]}},{"type":"Feature","properties":{"landuse":"farmland"},"geometry":{"type":"Polygon","coordinates":[[[16.481,47.1258],[16.4833,47.126],[16.4829,47.1277],[16.481,47.1258]]]}},{"type":"Feature","properties":{"landuse":"farmland"},"geometry":{"type":"Polygon","coordinates":[[[16.4702,47.1302],[16.4714,47.1248],[16.477,47.1254],[16.4757,47.1311],[16.4702,47.1302]]]}},{"type":"Feature","properties":{"landuse":"farmland"},"geometry":{"type":"Polygon","coordinates":[[[16.4819,47.1318],[16.4758,47.1312],[16.4771,47.1254],[16.481,47.1258],[16.4819,47.1318]]]}},{"type":"Feature","properties":{"landuse":"farmland"},"geometry":{"type":"Polygon","coordinates":[[[16.4834,47.126],[16.4873,47.1265],[16.4884,47.1319],[16.4821,47.1318],[16.4834,47.126]]]}},{"type":"Feature","properties":{"landuse":"farmland"},"geometry":{"type":"Polygon","coordinates":[[[16.4495,47.1233],[16.4547,47.1235],[16.453,47.1297],[16.4499,47.1289],[16.4495,47.1233]]]}},{"type":"Feature","properties":{"landuse":"farmland"},"geometry":{"type":"Polygon","coordinates":[[[16.4378,47.1643],[16.4377,47.162],[16.4408,47.1625],[16.4378,47.1643]]]}},{"type":"Feature","properties":{"landuse":"farmland"},"geometry":{"type":"Polygon","coordinates":[[[16.4405,47.1645],[16.4416,47.1596],[16.4471,47.1601],[16.4463,47.1649],[16.4405,47.1645]]]}},{"type":"Feature","properties":{"landuse":"farmland"},"geometry":{"type":"Polygon","coordinates":[[[16.4377,47.1619],[16.4375,47.1595],[16.4414,47.1595],[16.4408,47.1624],[16.4377,47.1619]]]}},{"type":"Feature","properties":{"landuse":"farmland"},"geometry":{"type":"Polygon","coordinates":[[[16.4414,47.1595],[16.4362,47.1585],[16.4417,47.1581],[16.4414,47.1595]]]}},{"type":"Feature","properties":{"landuse":"farmland"},"geometry":{"type":"Polygon","coordinates":[[[16.438,47.1519],[16.4386,47.1507],[16.4421,47.1522],[16.438,47.1519]]]}},{"type":"Feature","properties":{"landuse":"farmland"},"geometry":{"type":"Polygon","coordinates":[[[16.4377,47.1531],[16.4421,47.1523],[16.4423,47.1534],[16.4377,47.1531]]]}},{"type":"Feature","properties":{"landuse":"farmland"},"geometry":{"type":"Polygon","coordinates":[[[16.4416,47.1594],[16.4423,47.1523],[16.4457,47.1527],[16.4455,47.1599],[16.4416,47.1594]]]}},{"type":"Feature","properties":{"landuse":"farmland"},"geometry":{"type":"Polygon","coordinates":[[[16.4713,47.0494],[16.4752,47.0503],[16.4735,47.0559],[16.4697,47.0549],[16.4713,47.0494]]]}},{"type":"Feature","properties":{"landuse":"farmland"},"geometry":{"type":"Polygon","coordinates":[[[16.4437,47.1444],[16.4462,47.1413],[16.4489,47.1425],[16.4437,47.1444]]]}},{"type":"Feature","properties":{"landuse":"farmland"},"geometry":{"type":"Polygon","coordinates":[[[16.4513,47.1353],[16.4536,47.1359],[16.4512,47.1379],[16.4513,47.1353]]]}},{"type":"Feature","properties":{"landuse":"farmland"},"geometry":{"type":"Polygon","coordinates":[[[16.4517,47.1339],[16.4531,47.1303],[16.4591,47.1316],[16.4517,47.1339]]]}},{"type":"Feature","properties":{"landuse":"farmland"},"geometry":{"type":"Polygon","coordinates":[[[16.4496,47.1297],[16.4499,47.1291],[16.4528,47.1298],[16.4496,47.1297]]]}},{"type":"Feature","properties":{"landuse":"farmland"},"geometry":{"type":"Polygon","coordinates":[[[16.446,47.1525],[16.4437,47.1448],[16.4508,47.1528],[16.446,47.1525]]]}},{"type":"Feature","properties":{"landuse":"farmland"},"geometry":{"type":"Polygon","coordinates":[[[16.4416,47.1481],[16.4458,47.1526],[16.4425,47.1523],[16.4416,47.1481]]]}},{"type":"Feature","properties":{"landuse":"farmland"},"geometry":{"type":"Polygon","coordinates":[[[16.4464,47.1465],[16.4502,47.1465],[16.4492,47.1508],[16.4464,47.1465]]]}},{"type":"Feature","properties":{"landuse":"farmland"},"geometry":{"type":"Polygon","coordinates":[[[16.449,47.1426],[16.45,47.146],[16.4463,47.1465],[16.449,47.1426]]]}},{"type":"Feature","properties":{"landuse":"farmland"},"geometry":{"type":"Polygon","coordinates":[[[16.4459,47.1413],[16.4435,47.1441],[16.442,47.1436],[16.4459,47.1413]]]}},{"type":"Feature","properties":{"landuse":"farmland"},"geometry":{"type":"Polygon","coordinates":[[[16.4466,47.1403],[16.4479,47.136],[16.451,47.1357],[16.4466,47.1403]]]}},{"type":"Feature","properties":{"landuse":"farmland"},"geometry":{"type":"Polygon","coordinates":[[[16.4455,47.1711],[16.4481,47.1714],[16.4472,47.1746],[16.4455,47.1711]]]}},{"type":"Feature","properties":{"landuse":"farmland"},"geometry":{"type":"Polygon","coordinates":[[[16.4477,47.1748],[16.4485,47.1715],[16.4542,47.1722],[16.4538,47.1752],[16.4477,47.1748]]]}},{"type":"Feature","properties":{"landuse":"farmland"},"geometry":{"type":"Polygon","coordinates":[[[16.4415,47.1727],[16.4453,47.1711],[16.4447,47.1731],[16.4415,47.1727]]]}},{"type":"Feature","properties":{"landuse":"farmland"},"geometry":{"type":"Polygon","coordinates":[[[16.4462,47.1686],[16.4426,47.1707],[16.4429,47.1682],[16.4462,47.1686]]]}},{"type":"Feature","properties":{"landuse":"farmland"},"geometry":{"type":"Polygon","coordinates":[[[16.4392,47.1703],[16.4431,47.1673],[16.442,47.1706],[16.4392,47.1703]]]}},{"type":"Feature","properties":{"landuse":"farmland"},"geometry":{"type":"Polygon","coordinates":[[[16.4401,47.167],[16.4404,47.1648],[16.4457,47.1653],[16.4401,47.167]]]}},{"type":"Feature","properties":{"landuse":"farmland"},"geometry":{"type":"Polygon","coordinates":[[[17.082,46.4909],[17.0837,46.4879],[17.0844,46.4917],[17.082,46.4909]]]}},{"type":"Feature","properties":{"landuse":"farmland"},"geometry":{"type":"Polygon","coordinates":[[[16.4611,47.1394],[16.4608,47.1364],[16.4644,47.1365],[16.4639,47.1388],[16.4644,47.1365],[16.465,47.1399],[16.4611,47.1394]]]}},{"type":"Feature","properties":{"landuse":"farmland"},"geometry":{"type":"Polygon","coordinates":[[[16.4461,47.1352],[16.4495,47.1299],[16.4528,47.1305],[16.4461,47.1352]]]}},{"type":"Feature","properties":{"landuse":"farmland"},"geometry":{"type":"Polygon","coordinates":[[[16.4537,47.1283],[16.4544,47.1256],[16.4583,47.1267],[16.4537,47.1283]]]}},{"type":"Feature","properties":{"landuse":"farmland"},"geometry":{"type":"Polygon","coordinates":[[[16.4544,47.1254],[16.4549,47.1234],[16.459,47.1251],[16.4544,47.1254]]]}},{"type":"Feature","properties":{"landuse":"farmland"},"geometry":{"type":"Polygon","coordinates":[[[16.4467,47.1276],[16.4512,47.1249],[16.45,47.1284],[16.4467,47.1276]]]}},{"type":"Feature","properties":{"landuse":"farmland"},"geometry":{"type":"Polygon","coordinates":[[[16.4465,47.1372],[16.4433,47.1369],[16.448,47.1357],[16.4465,47.1372]]]}},{"type":"Feature","properties":{"landuse":"farmland"},"geometry":{"type":"Polygon","coordinates":[[[16.4432,47.137],[16.4472,47.1374],[16.4461,47.1411],[16.4422,47.1415],[16.4432,47.137]]]}},{"type":"Feature","properties":{"landuse":"farmland"},"geometry":{"type":"Polygon","coordinates":[[[16.4388,47.1327],[16.4415,47.1336],[16.4371,47.1356],[16.4388,47.1327]]]}},{"type":"Feature","properties":{"landuse":"farmland"},"geometry":{"type":"Polygon","coordinates":[[[16.4389,47.1326],[16.4449,47.1293],[16.4417,47.1335],[16.4389,47.1326]]]}},{"type":"Feature","properties":{"landuse":"farmland"},"geometry":{"type":"Polygon","coordinates":[[[16.4417,47.1338],[16.4461,47.1283],[16.4446,47.1347],[16.4417,47.1338]]]}},{"type":"Feature","properties":{"landuse":"farmland"},"geometry":{"type":"Polygon","coordinates":[[[16.4402,47.1365],[16.4415,47.1339],[16.4446,47.1347],[16.4402,47.1365]]]}},{"type":"Feature","properties":{"landuse":"farmland"},"geometry":{"type":"Polygon","coordinates":[[[16.4375,47.1363],[16.4409,47.1345],[16.4397,47.1367],[16.4375,47.1363]]]}},{"type":"Feature","properties":{"landuse":"farmland"},"geometry":{"type":"Polygon","coordinates":[[[16.4421,47.1415],[16.4404,47.1366],[16.4431,47.1369],[16.4421,47.1415]]]}},{"type":"Feature","properties":{"landuse":"farmland"},"geometry":{"type":"Polygon","coordinates":[[[16.4398,47.1412],[16.4368,47.1413],[16.4375,47.1398],[16.4398,47.1412]]]}},{"type":"Feature","properties":{"landuse":"farmland"},"geometry":{"type":"Polygon","coordinates":[[[16.4375,47.1398],[16.437,47.1365],[16.4394,47.1367],[16.4399,47.1401],[16.4375,47.1398]]]}},{"type":"Feature","properties":{"landuse":"farmland"},"geometry":{"type":"Polygon","coordinates":[[[16.4337,47.1387],[16.4369,47.1376],[16.4374,47.1393],[16.4337,47.1387]]]}},{"type":"Feature","properties":{"landuse":"farmland"},"geometry":{"type":"Polygon","coordinates":[[[16.427,47.1386],[16.4286,47.1378],[16.4291,47.139],[16.427,47.1386]]]}},{"type":"Feature","properties":{"landuse":"farmland"},"geometry":{"type":"Polygon","coordinates":[[[16.4347,47.1362],[16.4351,47.1382],[16.4311,47.1387],[16.4347,47.1362]]]}},{"type":"Feature","properties":{"landuse":"vineyard"},"geometry":{"type":"Polygon","coordinates":[[[16.4351,47.1366],[16.4369,47.1366],[16.4351,47.1382],[16.4351,47.1366]]]}},{"type":"Feature","properties":{"landuse":"farmland"},"geometry":{"type":"Polygon","coordinates":[[[16.4706,47.131],[16.4771,47.1317],[16.4776,47.1341],[16.4706,47.131]]]}},{"type":"Feature","properties":{"landuse":"farmland"},"geometry":{"type":"Polygon","coordinates":[[[16.4767,47.0741],[16.4764,47.0718],[16.4798,47.0724],[16.4767,47.0741]]]}},{"type":"Feature","properties":{"landuse":"farmland"},"geometry":{"type":"Polygon","coordinates":[[[16.473,47.0713],[16.4763,47.0741],[16.4723,47.0735],[16.473,47.0713]]]}},{"type":"Feature","properties":{"landuse":"farmland"},"geometry":{"type":"Polygon","coordinates":[[[16.4706,47.0726],[16.4729,47.0713],[16.472,47.0728],[16.4706,47.0726]]]}},{"type":"Feature","properties":{"landuse":"farmland"},"geometry":{"type":"Polygon","coordinates":[[[16.4764,47.0717],[16.4764,47.0693],[16.4803,47.0705],[16.4764,47.0717]]]}},{"type":"Feature","properties":{"landuse":"farmland"},"geometry":{"type":"Polygon","coordinates":[[[16.4764,47.0692],[16.4764,47.0681],[16.4805,47.0694],[16.4764,47.0692]]]}},{"type":"Feature","properties":{"landuse":"farmland"},"geometry":{"type":"Polygon","coordinates":[[[16.4804,47.0705],[16.4843,47.0706],[16.4838,47.0715],[16.4804,47.0705]]]}},{"type":"Feature","properties":{"landuse":"farmland"},"geometry":{"type":"Polygon","coordinates":[[[16.4802,47.0713],[16.4803,47.0708],[16.4842,47.072],[16.4802,47.0713]]]}},{"type":"Feature","properties":{"landuse":"farmland"},"geometry":{"type":"Polygon","coordinates":[[[16.4863,47.0703],[16.4855,47.0702],[16.4862,47.0687],[16.4863,47.0703]]]}},{"type":"Feature","properties":{"landuse":"farmland"},"geometry":{"type":"Polygon","coordinates":[[[16.4842,47.0705],[16.4781,47.0686],[16.4794,47.0663],[16.4858,47.0686],[16.4842,47.0705]]]}},{"type":"Feature","properties":{"landuse":"farmland"},"geometry":{"type":"Polygon","coordinates":[[[16.4732,47.0711],[16.4734,47.0689],[16.4762,47.0693],[16.4732,47.0711]]]}},{"type":"Feature","properties":{"landuse":"farmland"},"geometry":{"type":"Polygon","coordinates":[[[16.4734,47.0689],[16.4742,47.0636],[16.4762,47.0692],[16.4734,47.0689]]]}},{"type":"Feature","properties":{"landuse":"farmland"},"geometry":{"type":"Polygon","coordinates":[[[16.4763,47.0645],[16.4793,47.0662],[16.4781,47.0686],[16.4763,47.0645]]]}},{"type":"Feature","properties":{"landuse":"farmland"},"geometry":{"type":"Polygon","coordinates":[[[16.4764,47.0643],[16.4851,47.066],[16.4841,47.0681],[16.4764,47.0643]]]}},{"type":"Feature","properties":{"landuse":"farmland"},"geometry":{"type":"Polygon","coordinates":[[[16.4892,47.0696],[16.4842,47.0681],[16.4894,47.0677],[16.4892,47.0696]]]}},{"type":"Feature","properties":{"landuse":"farmland"},"geometry":{"type":"Polygon","coordinates":[[[16.4709,47.06],[16.4717,47.059],[16.4728,47.0602],[16.4709,47.06]]]}},{"type":"Feature","properties":{"landuse":"farmland"},"geometry":{"type":"Polygon","coordinates":[[[16.4707,47.0626],[16.4697,47.0603],[16.474,47.063],[16.4707,47.0626]]]}},{"type":"Feature","properties":{"landuse":"farmland"},"geometry":{"type":"Polygon","coordinates":[[[16.4648,47.0617],[16.4627,47.0615],[16.4675,47.0595],[16.468,47.0622],[16.4648,47.0617]]]}},{"type":"Feature","properties":{"landuse":"farmland"},"geometry":{"type":"Polygon","coordinates":[[[16.4683,47.0704],[16.4693,47.0632],[16.4739,47.0638],[16.4692,47.0648],[16.4737,47.0654],[16.473,47.0708],[16.4683,47.0704]]]}},{"type":"Feature","properties":{"landuse":"farmland"},"geometry":{"type":"Polygon","coordinates":[[[16.4658,47.0701],[16.4649,47.0619],[16.4692,47.0624],[16.4682,47.0704],[16.4658,47.0701]]]}},{"type":"Feature","properties":{"landuse":"farmland"},"geometry":{"type":"Polygon","coordinates":[[[16.4659,47.0702],[16.4713,47.071],[16.4659,47.0786],[16.4659,47.0702]]]}},{"type":"Feature","properties":{"landuse":"farmland"},"geometry":{"type":"Polygon","coordinates":[[[16.4707,47.0727],[16.4728,47.0736],[16.47,47.0771],[16.4707,47.0727]]]}},{"type":"Feature","properties":{"landuse":"farmland"},"geometry":{"type":"Polygon","coordinates":[[[16.47,47.0771],[16.4713,47.0793],[16.4697,47.0794],[16.47,47.0771]]]}},{"type":"Feature","properties":{"landuse":"farmland"},"geometry":{"type":"Polygon","coordinates":[[[16.4675,47.0775],[16.4702,47.0732],[16.4698,47.0777],[16.4675,47.0775]]]}},{"type":"Feature","properties":{"landuse":"farmland"},"geometry":{"type":"Polygon","coordinates":[[[16.4675,47.0775],[16.4698,47.0777],[16.4664,47.079],[16.4675,47.0775]]]}},{"type":"Feature","properties":{"landuse":"farmland"},"geometry":{"type":"Polygon","coordinates":[[[16.4701,47.0811],[16.4693,47.0795],[16.4714,47.0797],[16.4701,47.0811]]]}},{"type":"Feature","properties":{"landuse":"farmland"},"geometry":{"type":"Polygon","coordinates":[[[16.4621,47.0594],[16.4617,47.0545],[16.4658,47.0592],[16.4621,47.0594]]]}},{"type":"Feature","properties":{"landuse":"farmland"},"geometry":{"type":"Polygon","coordinates":[[[16.4617,47.0539],[16.465,47.0539],[16.4643,47.0551],[16.4617,47.0539]]]}},{"type":"Feature","properties":{"landuse":"farmland"},"geometry":{"type":"Polygon","coordinates":[[[16.4851,47.0668],[16.4855,47.0632],[16.4899,47.0639],[16.4895,47.0677],[16.4851,47.0668]]]}},{"type":"Feature","properties":{"landuse":"farmland"},"geometry":{"type":"Polygon","coordinates":[[[16.477,47.0627],[16.4854,47.0631],[16.4851,47.0659],[16.477,47.0627]]]}},{"type":"Feature","properties":{"landuse":"farmland"},"geometry":{"type":"Polygon","coordinates":[[[16.4895,47.0677],[16.49,47.0639],[16.4937,47.0646],[16.4933,47.0683],[16.4895,47.0677]]]}},{"type":"Feature","properties":{"landuse":"farmland"},"geometry":{"type":"Polygon","coordinates":[[[16.4938,47.0646],[16.4966,47.0651],[16.4961,47.0688],[16.4933,47.0683],[16.4938,47.0646]]]}},{"type":"Feature","properties":{"landuse":"farmland"},"geometry":{"type":"Polygon","coordinates":[[[16.4961,47.0699],[16.4962,47.0689],[16.5001,47.0696],[16.4961,47.0699]]]}},{"type":"Feature","properties":{"landuse":"farmland"},"geometry":{"type":"Polygon","coordinates":[[[16.4892,47.0697],[16.4895,47.0677],[16.4961,47.0689],[16.4892,47.0697]]]}},{"type":"Feature","properties":{"landuse":"farmland"},"geometry":{"type":"Polygon","coordinates":[[[16.4963,47.0682],[16.4967,47.0651],[16.5006,47.0657],[16.5002,47.0688],[16.4963,47.0682]]]}},{"type":"Feature","properties":{"landuse":"farmland"},"geometry":{"type":"Polygon","coordinates":[[[16.4838,47.0608],[16.4879,47.0596],[16.4876,47.0615],[16.4838,47.0608]]]}},{"type":"Feature","properties":{"landuse":"farmland"},"geometry":{"type":"Polygon","coordinates":[[[16.4838,47.0609],[16.4879,47.0615],[16.4877,47.0634],[16.4836,47.0627],[16.4838,47.0609]]]}},{"type":"Feature","properties":{"landuse":"farmland"},"geometry":{"type":"Polygon","coordinates":[[[16.479,47.0616],[16.4805,47.0583],[16.4839,47.0589],[16.4834,47.0627],[16.479,47.0616]]]}},{"type":"Feature","properties":{"landuse":"farmland"},"geometry":{"type":"Polygon","coordinates":[[[16.4877,47.0634],[16.488,47.0615],[16.4902,47.0619],[16.4899,47.0638],[16.4877,47.0634]]]}},{"type":"Feature","properties":{"landuse":"farmland"},"geometry":{"type":"Polygon","coordinates":[[[16.4902,47.0619],[16.4929,47.0624],[16.4926,47.0643],[16.49,47.0638],[16.4902,47.0619]]]}},{"type":"Feature","properties":{"landuse":"farmland"},"geometry":{"type":"Polygon","coordinates":[[[16.4927,47.0643],[16.4968,47.0631],[16.4966,47.0649],[16.4927,47.0643]]]}},{"type":"Feature","properties":{"landuse":"farmland"},"geometry":{"type":"Polygon","coordinates":[[[16.4924,47.0623],[16.4926,47.0604],[16.4971,47.0612],[16.4968,47.063],[16.4924,47.0623]]]}},{"type":"Feature","properties":{"landuse":"farmland"},"geometry":{"type":"Polygon","coordinates":[[[16.497,47.063],[16.4972,47.0612],[16.5011,47.0618],[16.5009,47.0637],[16.497,47.063]]]}},{"type":"Feature","properties":{"landuse":"farmland"},"geometry":{"type":"Polygon","coordinates":[[[16.4915,47.06],[16.492,47.0569],[16.4959,47.0576],[16.4971,47.061],[16.4915,47.06]]]}},{"type":"Feature","properties":{"landuse":"farmland"},"geometry":{"type":"Polygon","coordinates":[[[16.5016,47.0586],[16.5049,47.0591],[16.5044,47.0623],[16.5012,47.0617],[16.5016,47.0586]]]}},{"type":"Feature","properties":{"landuse":"farmland"},"geometry":{"type":"Polygon","coordinates":[[[16.5007,47.0657],[16.5012,47.0619],[16.5076,47.063],[16.5071,47.0668],[16.5007,47.0657]]]}},{"type":"Feature","properties":{"landuse":"farmland"},"geometry":{"type":"Polygon","coordinates":[[[16.4452,47.129],[16.4427,47.1282],[16.4459,47.1281],[16.4452,47.129]]]}},{"type":"Feature","properties":{"landuse":"farmland"},"geometry":{"type":"Polygon","coordinates":[[[16.439,47.1323],[16.4403,47.1273],[16.443,47.1276],[16.439,47.1323]]]}},{"type":"Feature","properties":{"landuse":"farmland"},"geometry":{"type":"Polygon","coordinates":[[[16.4455,47.1262],[16.4474,47.1229],[16.4491,47.1234],[16.4455,47.1262]]]}},{"type":"Feature","properties":{"landuse":"farmland"},"geometry":{"type":"Polygon","coordinates":[[[16.4615,47.07],[16.4609,47.0653],[16.4637,47.0645],[16.4654,47.0704],[16.4615,47.07]]]}},{"type":"Feature","properties":{"landuse":"farmland"},"geometry":{"type":"Polygon","coordinates":[[[16.4567,47.0692],[16.4567,47.0657],[16.4609,47.0658],[16.4612,47.0699],[16.4567,47.0692]]]}},{"type":"Feature","properties":{"landuse":"farmland"},"geometry":{"type":"Polygon","coordinates":[[[16.4638,47.0786],[16.4602,47.0781],[16.4615,47.0702],[16.4657,47.0707],[16.4638,47.0786]]]}},{"type":"Feature","properties":{"landuse":"farmland"},"geometry":{"type":"Polygon","coordinates":[[[16.4563,47.0776],[16.4607,47.0751],[16.46,47.0781],[16.4563,47.0776]]]}},{"type":"Feature","properties":{"landuse":"farmland"},"geometry":{"type":"Polygon","coordinates":[[[16.4576,47.1768],[16.4601,47.1718],[16.4593,47.1765],[16.4576,47.1768]]]}},{"type":"Feature","properties":{"landuse":"farmland"},"geometry":{"type":"Polygon","coordinates":[[[16.4429,47.1682],[16.4432,47.1673],[16.4468,47.1678],[16.4429,47.1682]]]}},{"type":"Feature","properties":{"landuse":"farmland"},"geometry":{"type":"Polygon","coordinates":[[[16.4455,47.171],[16.4463,47.1687],[16.4483,47.1712],[16.4455,47.171]]]}},{"type":"Feature","properties":{"landuse":"farmland"},"geometry":{"type":"Polygon","coordinates":[[[16.4342,47.1698],[16.4398,47.1673],[16.4391,47.1703],[16.4342,47.1698]]]}},{"type":"Feature","properties":{"landuse":"farmland"},"geometry":{"type":"Polygon","coordinates":[[[16.4552,47.032],[16.4525,47.0296],[16.4546,47.0278],[16.4596,47.0309],[16.4552,47.032]]]}},{"type":"Feature","properties":{"landuse":"farmland"},"geometry":{"type":"Polygon","coordinates":[[[16.4641,47.0298],[16.4626,47.0293],[16.4651,47.0285],[16.4641,47.0298]]]}},{"type":"Feature","properties":{"landuse":"farmland"},"geometry":{"type":"Polygon","coordinates":[[[16.4807,47.0527],[16.4847,47.052],[16.4843,47.0555],[16.4807,47.0527]]]}},{"type":"Feature","properties":{"landuse":"farmland"},"geometry":{"type":"Polygon","coordinates":[[[16.4877,47.0615],[16.4879,47.0596],[16.4926,47.0604],[16.4923,47.0623],[16.4877,47.0615]]]}},{"type":"Feature","properties":{"landuse":"farmland"},"geometry":{"type":"Polygon","coordinates":[[[16.4841,47.0588],[16.4845,47.0557],[16.4919,47.0569],[16.4915,47.06],[16.4841,47.0588]]]}},{"type":"Feature","properties":{"landuse":"farmland"},"geometry":{"type":"Polygon","coordinates":[[[16.4803,47.0579],[16.4843,47.0556],[16.484,47.0586],[16.4803,47.0579]]]}},{"type":"Feature","properties":{"landuse":"farmland"},"geometry":{"type":"Polygon","coordinates":[[[16.4968,47.065],[16.5008,47.0638],[16.5006,47.0656],[16.4968,47.065]]]}},{"type":"Feature","properties":{"landuse":"farmland"},"geometry":{"type":"Polygon","coordinates":[[[16.4973,47.061],[16.4977,47.0579],[16.5009,47.0584],[16.5011,47.0617],[16.4973,47.061]]]}},{"type":"Feature","properties":{"landuse":"farmland"},"geometry":{"type":"Polygon","coordinates":[[[16.4567,47.0707],[16.4612,47.0699],[16.4583,47.0707],[16.4611,47.0711],[16.4567,47.0707]]]}},{"type":"Feature","properties":{"landuse":"farmland"},"geometry":{"type":"Polygon","coordinates":[[[16.4587,47.0732],[16.461,47.0724],[16.4608,47.0734],[16.4587,47.0732]]]}},{"type":"Feature","properties":{"landuse":"farmland"},"geometry":{"type":"Polygon","coordinates":[[[16.4557,47.0789],[16.4559,47.0784],[16.4594,47.0789],[16.4557,47.0789]]]}},{"type":"Feature","properties":{"landuse":"farmland"},"geometry":{"type":"Polygon","coordinates":[[[16.4556,47.0788],[16.4519,47.0795],[16.4512,47.0774],[16.4556,47.0788]]]}},{"type":"Feature","properties":{"landuse":"farmland"},"geometry":{"type":"Polygon","coordinates":[[[16.4517,47.08],[16.455,47.08],[16.4543,47.0826],[16.4517,47.08]]]}},{"type":"Feature","properties":{"landuse":"farmland"},"geometry":{"type":"Polygon","coordinates":[[[16.4549,47.0807],[16.4556,47.079],[16.459,47.0795],[16.4549,47.0807]]]}},{"type":"Feature","properties":{"landuse":"farmland"},"geometry":{"type":"Polygon","coordinates":[[[16.4715,47.0845],[16.4712,47.0836],[16.4742,47.0839],[16.4715,47.0845]]]}},{"type":"Feature","properties":{"landuse":"farmland"},"geometry":{"type":"Polygon","coordinates":[[[16.47,47.0843],[16.4745,47.0853],[16.4721,47.0872],[16.47,47.0843]]]}},{"type":"Feature","properties":{"landuse":"farmland"},"geometry":{"type":"Polygon","coordinates":[[[16.4699,47.0841],[16.468,47.0793],[16.4713,47.0842],[16.4699,47.0841]]]}},{"type":"Feature","properties":{"landuse":"farmland"},"geometry":{"type":"Polygon","coordinates":[[[16.4667,47.0817],[16.4695,47.0841],[16.4671,47.0838],[16.4667,47.0817]]]}},{"type":"Feature","properties":{"landuse":"farmland"},"geometry":{"type":"Polygon","coordinates":[[[16.4668,47.0853],[16.4671,47.0838],[16.4703,47.0858],[16.4668,47.0853]]]}},{"type":"Feature","properties":{"landuse":"farmland"},"geometry":{"type":"Polygon","coordinates":[[[16.4668,47.0853],[16.4702,47.0858],[16.466,47.0878],[16.4668,47.0853]]]}},{"type":"Feature","properties":{"landuse":"farmland"},"geometry":{"type":"Polygon","coordinates":[[[16.4644,47.0873],[16.4667,47.0845],[16.4658,47.0875],[16.4644,47.0873]]]}},{"type":"Feature","properties":{"landuse":"farmland"},"geometry":{"type":"Polygon","coordinates":[[[16.4607,47.0896],[16.4644,47.0873],[16.4655,47.09],[16.4607,47.0896]]]}},{"type":"Feature","properties":{"landuse":"farmland"},"geometry":{"type":"Polygon","coordinates":[[[16.4569,47.0953],[16.4583,47.0911],[16.4648,47.0922],[16.4622,47.0962],[16.4569,47.0953]]]}},{"type":"Feature","properties":{"landuse":"farmland"},"geometry":{"type":"Polygon","coordinates":[[[16.4613,47.0971],[16.4567,47.0963],[16.4622,47.0962],[16.4613,47.0971]]]}},{"type":"Feature","properties":{"landuse":"farmland"},"geometry":{"type":"Polygon","coordinates":[[[16.4651,47.0916],[16.4594,47.0907],[16.4654,47.0904],[16.4651,47.0916]]]}},{"type":"Feature","properties":{"landuse":"farmland"},"geometry":{"type":"Polygon","coordinates":[[[16.4583,47.091],[16.4591,47.0894],[16.4604,47.0896],[16.4583,47.091]]]}},{"type":"Feature","properties":{"landuse":"farmland"},"geometry":{"type":"Polygon","coordinates":[[[16.4594,47.0893],[16.4604,47.0875],[16.4625,47.0878],[16.4594,47.0893]]]}},{"type":"Feature","properties":{"landuse":"farmland"},"geometry":{"type":"Polygon","coordinates":[[[16.4627,47.0878],[16.4604,47.0875],[16.4645,47.0867],[16.4627,47.0878]]]}},{"type":"Feature","properties":{"landuse":"farmland"},"geometry":{"type":"Polygon","coordinates":[[[16.464,47.0846],[16.4646,47.0833],[16.4657,47.0845],[16.464,47.0846]]]}},{"type":"Feature","properties":{"landuse":"farmland"},"geometry":{"type":"Polygon","coordinates":[[[16.435,47.0328],[16.4378,47.0342],[16.4371,47.0346],[16.435,47.0328]]]}},{"type":"Feature","properties":{"landuse":"farmland"},"geometry":{"type":"Polygon","coordinates":[[[16.4379,47.0341],[16.4357,47.0324],[16.4398,47.0332],[16.4379,47.0341]]]}},{"type":"Feature","properties":{"landuse":"farmland"},"geometry":{"type":"Polygon","coordinates":[[[16.4545,47.0272],[16.4558,47.0262],[16.4582,47.0275],[16.4545,47.0272]]]}},{"type":"Feature","properties":{"landuse":"farmland"},"geometry":{"type":"Polygon","coordinates":[[[16.4764,47.0086],[16.4785,47.0078],[16.478,47.0089],[16.4764,47.0086]]]}},{"type":"Feature","properties":{"landuse":"farmland"},"geometry":{"type":"Polygon","coordinates":[[[16.4709,47.1326],[16.4776,47.1341],[16.4779,47.1383],[16.4721,47.1371],[16.4709,47.1326]]]}},{"type":"Feature","properties":{"landuse":"farmland"},"geometry":{"type":"Polygon","coordinates":[[[16.4702,47.1317],[16.4714,47.1338],[16.4676,47.1344],[16.4702,47.1317]]]}},{"type":"Feature","properties":{"landuse":"farmland"},"geometry":{"type":"Polygon","coordinates":[[[16.4667,47.1372],[16.4715,47.1343],[16.4716,47.137],[16.4667,47.1372]]]}},{"type":"Feature","properties":{"landuse":"farmland"},"geometry":{"type":"Polygon","coordinates":[[[16.4532,47.1298],[16.4535,47.1287],[16.4568,47.1296],[16.4532,47.1298]]]}},{"type":"Feature","properties":{"landuse":"farmland"},"geometry":{"type":"Polygon","coordinates":[[[16.4619,47.1307],[16.4611,47.1292],[16.4632,47.1296],[16.4619,47.1307]]]}},{"type":"Feature","properties":{"landuse":"farmland"},"geometry":{"type":"Polygon","coordinates":[[[16.463,47.1306],[16.465,47.1298],[16.4647,47.1306],[16.463,47.1306]]]}},{"type":"Feature","properties":{"landuse":"farmland"},"geometry":{"type":"Polygon","coordinates":[[[16.445,47.1341],[16.4462,47.1318],[16.4486,47.1323],[16.445,47.1341]]]}},{"type":"Feature","properties":{"landuse":"farmland"},"geometry":{"type":"Polygon","coordinates":[[[16.4464,47.1314],[16.4479,47.1287],[16.4488,47.1317],[16.4464,47.1314]]]}},{"type":"Feature","properties":{"landuse":"farmland"},"geometry":{"type":"Polygon","coordinates":[[[16.8092,46.3649],[16.8134,46.3629],[16.8119,46.3662],[16.8092,46.3649]]]}},{"type":"Feature","properties":{"landuse":"orchard"},"geometry":{"type":"Polygon","coordinates":[[[16.8454,46.359],[16.8436,46.3596],[16.844,46.3587],[16.8454,46.359]]]}},{"type":"Feature","properties":{"landuse":"farmland"},"geometry":{"type":"Polygon","coordinates":[[[16.8308,46.3598],[16.8305,46.3556],[16.8382,46.3565],[16.8405,46.362],[16.8308,46.3598]]]}},{"type":"Feature","properties":{"landuse":"farmland"},"geometry":{"type":"Polygon","coordinates":[[[16.8777,46.3574],[16.8779,46.3565],[16.8802,46.3569],[16.8777,46.3574]]]}},{"type":"Feature","properties":{"landuse":"vineyard"},"geometry":{"type":"Polygon","coordinates":[[[16.4522,47.069],[16.4538,47.0696],[16.4516,47.07],[16.4522,47.069]]]}},{"type":"Feature","properties":{"landuse":"farmland"},"geometry":{"type":"Polygon","coordinates":[[[16.4563,47.1008],[16.4564,47.0999],[16.4584,47.1001],[16.4563,47.1008]]]}},{"type":"Feature","properties":{"landuse":"farmland"},"geometry":{"type":"Polygon","coordinates":[[[16.4552,47.1021],[16.458,47.1009],[16.4573,47.1028],[16.4552,47.1021]]]}},{"type":"Feature","properties":{"landuse":"farmland"},"geometry":{"type":"Polygon","coordinates":[[[16.4565,47.0974],[16.4611,47.0975],[16.4587,47.0999],[16.4565,47.0974]]]}},{"type":"Feature","properties":{"landuse":"farmland"},"geometry":{"type":"Polygon","coordinates":[[[16.4562,47.0997],[16.4527,47.0991],[16.453,47.0955],[16.4565,47.0959],[16.4562,47.0997]]]}},{"type":"Feature","properties":{"landuse":"vineyard"},"geometry":{"type":"Polygon","coordinates":[[[16.4498,47.098],[16.4494,47.0966],[16.4527,47.097],[16.4498,47.098]]]}},{"type":"Feature","properties":{"landuse":"farmland"},"geometry":{"type":"Polygon","coordinates":[[[16.453,47.0955],[16.4538,47.0914],[16.4572,47.0917],[16.4565,47.0958],[16.453,47.0955]]]}},{"type":"Feature","properties":{"landuse":"farmland"},"geometry":{"type":"Polygon","coordinates":[[[16.4603,47.0867],[16.4578,47.0916],[16.4539,47.0913],[16.4558,47.0864],[16.4603,47.0867]]]}},{"type":"Feature","properties":{"landuse":"farmland"},"geometry":{"type":"Polygon","coordinates":[[[16.4639,47.0858],[16.464,47.0846],[16.4655,47.0849],[16.4639,47.0858]]]}},{"type":"Feature","properties":{"landuse":"farmland"},"geometry":{"type":"Polygon","coordinates":[[[16.4667,47.0844],[16.4654,47.0826],[16.4662,47.0818],[16.4667,47.0844]]]}},{"type":"Feature","properties":{"landuse":"farmland"},"geometry":{"type":"Polygon","coordinates":[[[16.452,47.0908],[16.4514,47.0881],[16.4551,47.0885],[16.452,47.0908]]]}},{"type":"Feature","properties":{"landuse":"farmland"},"geometry":{"type":"Polygon","coordinates":[[[16.4543,47.0868],[16.4557,47.0861],[16.4553,47.0878],[16.4543,47.0868]]]}},{"type":"Feature","properties":{"landuse":"farmland"},"geometry":{"type":"Polygon","coordinates":[[[16.4507,47.0915],[16.4536,47.0916],[16.4533,47.0921],[16.4507,47.0915]]]}},{"type":"Feature","properties":{"landuse":"farmland"},"geometry":{"type":"Polygon","coordinates":[[[16.4505,47.0919],[16.4529,47.0947],[16.4492,47.096],[16.4505,47.0919]]]}},{"type":"Feature","properties":{"landuse":"farmland"},"geometry":{"type":"Polygon","coordinates":[[[17.0375,47.7837],[17.0402,47.7836],[17.0382,47.7844],[17.0375,47.7837]]]}},{"type":"Feature","properties":{"landuse":"farmland"},"geometry":{"type":"Polygon","coordinates":[[[17.023,47.786],[17.021,47.7836],[17.023,47.7832],[17.023,47.786]]]}},{"type":"Feature","properties":{"landuse":"farmland"},"geometry":{"type":"Polygon","coordinates":[[[17.0456,47.792],[17.0502,47.7891],[17.0463,47.7924],[17.0456,47.792]]]}},{"type":"Feature","properties":{"landuse":"farmland"},"geometry":{"type":"Polygon","coordinates":[[[17.0509,47.7939],[17.0503,47.7891],[17.0545,47.7903],[17.0509,47.7939]]]}},{"type":"Feature","properties":{"landuse":"farmland"},"geometry":{"type":"Polygon","coordinates":[[[17.0187,47.7885],[17.0223,47.7855],[17.0195,47.7889],[17.0187,47.7885]]]}},{"type":"Feature","properties":{"landuse":"vineyard"},"geometry":{"type":"Polygon","coordinates":[[[17.0223,47.7855],[17.0177,47.788],[17.0217,47.7847],[17.0223,47.7855]]]}},{"type":"Feature","properties":{"landuse":"farmland"},"geometry":{"type":"Polygon","coordinates":[[[17.0145,47.7921],[17.0187,47.7886],[17.0191,47.7888],[17.0145,47.7921]]]}},{"type":"Feature","properties":{"landuse":"farmland"},"geometry":{"type":"Polygon","coordinates":[[[17.0169,47.7877],[17.0176,47.788],[17.0134,47.7915],[17.0169,47.7877]]]}},{"type":"Feature","properties":{"landuse":"farmland"},"geometry":{"type":"Polygon","coordinates":[[[17.0126,47.7851],[17.0159,47.7823],[17.0165,47.7831],[17.0126,47.7851]]]}},{"type":"Feature","properties":{"landuse":"farmland"},"geometry":{"type":"Polygon","coordinates":[[[17.02,47.7916],[17.0214,47.7904],[17.0249,47.7923],[17.02,47.7916]]]}},{"type":"Feature","properties":{"landuse":"farmland"},"geometry":{"type":"Polygon","coordinates":[[[17.016,47.7946],[17.0216,47.793],[17.0183,47.7958],[17.016,47.7946]]]}},{"type":"Feature","properties":{"landuse":"vineyard"},"geometry":{"type":"Polygon","coordinates":[[[17.036,47.8053],[17.0393,47.8025],[17.0402,47.8029],[17.0368,47.8057],[17.036,47.8053]]]}},{"type":"Feature","properties":{"landuse":"farmland"},"geometry":{"type":"Polygon","coordinates":[[[17.0409,47.8033],[17.0376,47.8061],[17.0368,47.8057],[17.0409,47.8033]]]}},{"type":"Feature","properties":{"landuse":"farmland"},"geometry":{"type":"Polygon","coordinates":[[[17.0291,47.7574],[17.0328,47.7535],[17.0378,47.7557],[17.0346,47.759],[17.0291,47.7574]]]}},{"type":"Feature","properties":{"landuse":"farmland"},"geometry":{"type":"Polygon","coordinates":[[[16.6519,47.4629],[16.6552,47.4626],[16.6544,47.4659],[16.6508,47.4657],[16.6519,47.4629]]]}},{"type":"Feature","properties":{"landuse":"farmland"},"geometry":{"type":"Polygon","coordinates":[[[16.6477,47.4672],[16.6488,47.4653],[16.6487,47.4674],[16.6477,47.4672]]]}},{"type":"Feature","properties":{"landuse":"farmland"},"geometry":{"type":"Polygon","coordinates":[[[16.6558,47.4663],[16.6582,47.468],[16.6617,47.4654],[16.6666,47.4711],[16.6503,47.4678],[16.6558,47.4663]]]}},{"type":"Feature","properties":{"landuse":"farmland"},"geometry":{"type":"Polygon","coordinates":[[[16.5901,47.7075],[16.5904,47.7055],[16.5912,47.7058],[16.5901,47.7075]]]}},{"type":"Feature","properties":{"landuse":"farmland"},"geometry":{"type":"Polygon","coordinates":[[[16.7791,47.5707],[16.7779,47.5688],[16.783,47.5696],[16.7791,47.5707]]]}},{"type":"Feature","properties":{"landuse":"farmland"},"geometry":{"type":"Polygon","coordinates":[[[16.4542,47.1649],[16.4583,47.1644],[16.4575,47.1659],[16.4542,47.1649]]]}},{"type":"Feature","properties":{"landuse":"farmland"},"geometry":{"type":"Polygon","coordinates":[[[16.4507,47.1638],[16.4504,47.163],[16.4547,47.1634],[16.4507,47.1638]]]}},{"type":"Feature","properties":{"landuse":"farmland"},"geometry":{"type":"Polygon","coordinates":[[[16.4498,47.1604],[16.4511,47.1541],[16.4528,47.1607],[16.4498,47.1604]]]}},{"type":"Feature","properties":{"landuse":"farmland"},"geometry":{"type":"Polygon","coordinates":[[[16.4504,47.1613],[16.4506,47.1607],[16.4556,47.1613],[16.4504,47.1613]]]}},{"type":"Feature","properties":{"landuse":"farmland"},"geometry":{"type":"Polygon","coordinates":[[[16.446,47.1585],[16.446,47.1527],[16.451,47.1532],[16.4497,47.1595],[16.446,47.1585]]]}},{"type":"Feature","properties":{"landuse":"farmland"},"geometry":{"type":"Polygon","coordinates":[[[16.435,47.1658],[16.4403,47.1648],[16.44,47.1671],[16.435,47.1658]]]}},{"type":"Feature","properties":{"landuse":"farmland"},"geometry":{"type":"Polygon","coordinates":[[[16.4344,47.1599],[16.4373,47.1594],[16.4367,47.1604],[16.4344,47.1599]]]}},{"type":"Feature","properties":{"landuse":"farmland"},"geometry":{"type":"Polygon","coordinates":[[[16.4329,47.1597],[16.4345,47.1591],[16.4343,47.1599],[16.4329,47.1597]]]}},{"type":"Feature","properties":{"landuse":"farmland"},"geometry":{"type":"Polygon","coordinates":[[[16.4373,47.155],[16.4423,47.1535],[16.4423,47.1554],[16.4373,47.155]]]}},{"type":"Feature","properties":{"landuse":"farmland"},"geometry":{"type":"Polygon","coordinates":[[[16.4367,47.1577],[16.4365,47.157],[16.4419,47.1574],[16.4367,47.1577]]]}},{"type":"Feature","properties":{"landuse":"farmland"},"geometry":{"type":"Polygon","coordinates":[[[16.4365,47.157],[16.4367,47.156],[16.4421,47.1564],[16.4419,47.1574],[16.4365,47.157]]]}},{"type":"Feature","properties":{"landuse":"farmland"},"geometry":{"type":"Polygon","coordinates":[[[16.4625,47.1255],[16.4664,47.1263],[16.4661,47.1269],[16.4625,47.1255]]]}},{"type":"Feature","properties":{"landuse":"farmland"},"geometry":{"type":"Polygon","coordinates":[[[16.5824,47.1476],[16.5796,47.1469],[16.5802,47.146],[16.5824,47.1476]]]}},{"type":"Feature","properties":{"landuse":"farmland"},"geometry":{"type":"Polygon","coordinates":[[[16.4673,47.316],[16.4684,47.3164],[16.4677,47.3177],[16.4673,47.316]]]}},{"type":"Feature","properties":{"landuse":"farmland"},"geometry":{"type":"Polygon","coordinates":[[[16.4687,47.3164],[16.4695,47.3167],[16.4677,47.3202],[16.4687,47.3164]]]}},{"type":"Feature","properties":{"landuse":"farmland"},"geometry":{"type":"Polygon","coordinates":[[[16.4621,47.315],[16.4638,47.3147],[16.4629,47.3158],[16.4621,47.315]]]}},{"type":"Feature","properties":{"landuse":"farmland"},"geometry":{"type":"Polygon","coordinates":[[[16.4518,47.1027],[16.4526,47.0994],[16.4539,47.0994],[16.4518,47.1027]]]}},{"type":"Feature","properties":{"landuse":"farmland"},"geometry":{"type":"Polygon","coordinates":[[[17.0806,46.4913],[17.0777,46.4897],[17.0811,46.4898],[17.0806,46.4913]]]}},{"type":"Feature","properties":{"landuse":"green_public_spaces"},"geometry":{"type":"Polygon","coordinates":[[[17.2373,46.7532],[17.2356,46.7532],[17.2362,46.7497],[17.2373,46.7532]]]}},{"type":"Feature","properties":{"landuse":"farmland"},"geometry":{"type":"Polygon","coordinates":[[[17.2337,46.7557],[17.2345,46.7495],[17.2359,46.7496],[17.2337,46.7557]]]}},{"type":"Feature","properties":{"landuse":"farmland"},"geometry":{"type":"Polygon","coordinates":[[[17.2314,46.7491],[17.2342,46.7494],[17.2335,46.7557],[17.2279,46.7552],[17.2314,46.7491]]]}},{"type":"Feature","properties":{"landuse":"farmland"},"geometry":{"type":"Polygon","coordinates":[[[17.2238,46.7655],[17.2152,46.7619],[17.2174,46.7536],[17.2256,46.7549],[17.2238,46.7655]]]}},{"type":"Feature","properties":{"landuse":"farmland"},"geometry":{"type":"Polygon","coordinates":[[[17.2258,46.7548],[17.2175,46.7534],[17.2191,46.7484],[17.2223,46.7488],[17.222,46.7518],[17.2267,46.7499],[17.2258,46.7548]]]}},{"type":"Feature","properties":{"landuse":"farmland"},"geometry":{"type":"Polygon","coordinates":[[[16.8659,46.8563],[16.8621,46.854],[16.8648,46.8557],[16.8596,46.856],[16.8613,46.8529],[16.8659,46.8563]]]}},{"type":"Feature","properties":{"landuse":"farmland"},"geometry":{"type":"Polygon","coordinates":[[[17.0504,46.4719],[17.0544,46.4739],[17.052,46.4746],[17.0504,46.4719]]]}},{"type":"Feature","properties":{"landuse":"green_public_spaces"},"geometry":{"type":"Polygon","coordinates":[[[16.6094,47.6911],[16.6077,47.6912],[16.6093,47.6901],[16.6094,47.6911]]]}},{"type":"Feature","properties":{"landuse":"farmland"},"geometry":{"type":"Polygon","coordinates":[[[16.453,47.0771],[16.4565,47.0762],[16.4561,47.0775],[16.453,47.0771]]]}},{"type":"Feature","properties":{"landuse":"farmland"},"geometry":{"type":"Polygon","coordinates":[[[16.456,47.074],[16.4565,47.0718],[16.4593,47.0718],[16.456,47.074]]]}},{"type":"Feature","properties":{"landuse":"farmland"},"geometry":{"type":"Polygon","coordinates":[[[16.895,47.601],[16.8931,47.6047],[16.8905,47.6024],[16.8929,47.6049],[16.8891,47.6138],[16.8851,47.6125],[16.8853,47.6093],[16.8795,47.6088],[16.8855,47.6075],[16.8862,47.6026],[16.89,47.6006],[16.895,47.601]]]}},{"type":"Feature","properties":{"landuse":"farmland"},"geometry":{"type":"Polygon","coordinates":[[[17.0879,46.7248],[17.0877,46.7216],[17.0901,46.7217],[17.0911,46.7243],[17.0879,46.7248]]]}},{"type":"Feature","properties":{"landuse":"green_public_spaces"},"geometry":{"type":"Polygon","coordinates":[[[16.442,47.2994],[16.439,47.2991],[16.4425,47.2982],[16.442,47.2994]]]}},{"type":"Feature","properties":{"landuse":"green_public_spaces"},"geometry":{"type":"Polygon","coordinates":[[[16.4409,47.298],[16.439,47.298],[16.4412,47.2974],[16.4409,47.298]]]}},{"type":"Feature","properties":{"landuse":"farmland"},"geometry":{"type":"Polygon","coordinates":[[[16.455,47.1629],[16.4562,47.1601],[16.4582,47.1636],[16.455,47.1629]]]}},{"type":"Feature","properties":{"landuse":"farmland"},"geometry":{"type":"Polygon","coordinates":[[[16.4562,47.1601],[16.4572,47.1575],[16.4606,47.1591],[16.4562,47.1601]]]}},{"type":"Feature","properties":{"landuse":"farmland"},"geometry":{"type":"Polygon","coordinates":[[[16.4529,47.161],[16.4531,47.1578],[16.4568,47.1583],[16.4529,47.161]]]}},{"type":"Feature","properties":{"landuse":"farmland"},"geometry":{"type":"Polygon","coordinates":[[[16.4514,47.1629],[16.4505,47.1615],[16.4552,47.1621],[16.4514,47.1629]]]}},{"type":"Feature","properties":{"landuse":"farmland"},"geometry":{"type":"Polygon","coordinates":[[[16.4584,47.1641],[16.4601,47.1595],[16.462,47.1617],[16.4584,47.1641]]]}},{"type":"Feature","properties":{"landuse":"farmland"},"geometry":{"type":"Polygon","coordinates":[[[16.7863,47.0463],[16.7877,47.0439],[16.7892,47.0442],[16.7863,47.0463]]]}},{"type":"Feature","properties":{"landuse":"farmland"},"geometry":{"type":"Polygon","coordinates":[[[16.7852,47.0463],[16.7856,47.0447],[16.7873,47.0437],[16.7852,47.0463]]]}},{"type":"Feature","properties":{"landuse":"farmland"},"geometry":{"type":"Polygon","coordinates":[[[16.7889,47.0454],[16.7895,47.0443],[16.791,47.0447],[16.7889,47.0454]]]}},{"type":"Feature","properties":{"landuse":"farmland"},"geometry":{"type":"Polygon","coordinates":[[[16.4674,47.0921],[16.4664,47.0954],[16.4635,47.095],[16.4674,47.0921]]]}}]}