{"type":"FeatureCollection","features":[{"type":"Feature","properties":{"landuse":"green_public_spaces"},"geometry":{"type":"Polygon","coordinates":[[[16.6019,40.6693],[16.601,40.672],[16.5983,40.6713],[16.6019,40.6693]],[[16.6003,40.6698],[16.6004,40.6712],[16.6013,40.6707],[16.6003,40.6698]]]}},{"type":"Feature","properties":{"landuse":"farmland"},"geometry":{"type":"MultiPolygon","coordinates":[[[[16.5542,40.6575],[16.5543,40.658],[16.5533,40.6578],[16.5542,40.6575]]],[[[16.5555,40.6573],[16.5566,40.658],[16.5547,40.6582],[16.5555,40.6573]]]]}},{"type":"Feature","properties":{"landuse":"farmland"},"geometry":{"type":"Polygon","coordinates":[[[16.1457,40.6165],[16.147,40.6158],[16.1469,40.6171],[16.1457,40.6165]]]}},{"type":"Feature","properties":{"landuse":"farmland"},"geometry":{"type":"Polygon","coordinates":[[[16.3914,40.5901],[16.3874,40.5853],[16.3899,40.5858],[16.3886,40.5835],[16.3906,40.5865],[16.3894,40.5823],[16.3967,40.5801],[16.3981,40.5874],[16.3996,40.5799],[16.4013,40.5887],[16.3911,40.5814],[16.3914,40.5901]],[[16.3894,40.5828],[16.3902,40.5821],[16.3896,40.5824],[16.3894,40.5828]],[[16.3993,40.5886],[16.401,40.588],[16.3998,40.5877],[16.3993,40.5886]],[[16.39,40.5826],[16.3903,40.5827],[16.3903,40.5824],[16.39,40.5826]]]}},{"type":"Feature","properties":{"landuse":"orchard"},"geometry":{"type":"Polygon","coordinates":[[[15.6388,40.6397],[15.6375,40.6389],[15.6373,40.6367],[15.6388,40.6397]],[[15.6382,40.6384],[15.6383,40.6384],[15.6382,40.6383],[15.6382,40.6384]]]}},{"type":"Feature","properties":{"landuse":"orchard"},"geometry":{"type":"Polygon","coordinates":[[[15.6404,40.6426],[15.6382,40.6403],[15.6403,40.6411],[15.6404,40.6426]],[[15.6391,40.6407],[15.6391,40.6408],[15.6392,40.6408],[15.6391,40.6407]]]}},{"type":"Feature","properties":{"landuse":"orchard"},"geometry":{"type":"Polygon","coordinates":[[[15.6438,40.6556],[15.6432,40.6543],[15.6445,40.6537],[15.6438,40.6556]],[[15.6438,40.6548],[15.6438,40.6547],[15.6438,40.6548],[15.6438,40.6548]],[[15.644,40.6548],[15.6441,40.6548],[15.644,40.6548],[15.644,40.6548]],[[15.644,40.6546],[15.644,40.6546],[15.644,40.6546],[15.644,40.6546]],[[15.6439,40.6546],[15.644,40.6544],[15.6439,40.6546],[15.6439,40.6546]],[[15.6443,40.6541],[15.6443,40.654],[15.6442,40.654],[15.6443,40.6541]]]}},{"type":"Feature","properties":{"landuse":"orchard"},"geometry":{"type":"Polygon","coordinates":[[[15.631,40.6524],[15.6299,40.6538],[15.6293,40.6531],[15.631,40.6524]],[[15.6313,40.653],[15.6313,40.653],[15.6313,40.653],[15.6313,40.653]],[[15.6303,40.6535],[15.6304,40.6534],[15.6303,40.6534],[15.6303,40.6535]]]}},{"type":"Feature","properties":{"landuse":"farmland"},"geometry":{"type":"Polygon","coordinates":[[[15.6542,40.5958],[15.6518,40.5961],[15.6532,40.595],[15.6542,40.5958]],[[15.6525,40.5958],[15.653,40.5963],[15.6529,40.5958],[15.6525,40.5958]],[[15.6518,40.5959],[15.6519,40.596],[15.6519,40.596],[15.6519,40.5959],[15.6518,40.5959]]]}},{"type":"Feature","properties":{"landuse":"farmland"},"geometry":{"type":"Polygon","coordinates":[[[15.6564,40.5943],[15.6575,40.5947],[15.6561,40.5954],[15.6564,40.5943]],[[15.6563,40.595],[15.6561,40.595],[15.6563,40.595],[15.6563,40.595]]]}},{"type":"Feature","properties":{"landuse":"farmland"},"geometry":{"type":"Polygon","coordinates":[[[15.656,40.5946],[15.6544,40.5956],[15.6534,40.595],[15.656,40.5946]],[[15.6551,40.5949],[15.6552,40.5948],[15.6552,40.5948],[15.6551,40.5949]],[[15.6552,40.5948],[15.6552,40.5948],[15.6553,40.5947],[15.6552,40.5948]]]}},{"type":"Feature","properties":{"landuse":"farmland"},"geometry":{"type":"Polygon","coordinates":[[[15.6434,40.604],[15.6439,40.6062],[15.6395,40.6055],[15.6434,40.604]],[[15.6428,40.6051],[15.643,40.6051],[15.6428,40.6051],[15.6428,40.6051]]]}},{"type":"Feature","properties":{"landuse":"farmland"},"geometry":{"type":"Polygon","coordinates":[[[15.6513,40.5968],[15.6524,40.5977],[15.6505,40.5977],[15.6513,40.5968]],[[15.6518,40.5984],[15.6518,40.5984],[15.6517,40.5984],[15.6518,40.5984]],[[15.6511,40.5975],[15.6518,40.5976],[15.6514,40.5973],[15.6511,40.5975]],[[15.6517,40.5978],[15.6518,40.5977],[15.6517,40.5977],[15.6517,40.5978]],[[15.6522,40.5978],[15.6522,40.5978],[15.6522,40.5978],[15.6522,40.5978]],[[15.6521,40.5976],[15.6522,40.5976],[15.6522,40.5975],[15.6521,40.5976]]]}},{"type":"Feature","properties":{"landuse":"farmland"},"geometry":{"type":"Polygon","coordinates":[[[15.6559,40.5954],[15.6595,40.5955],[15.6572,40.5981],[15.6559,40.5954]],[[15.6595,40.5963],[15.6595,40.5963],[15.6595,40.5963],[15.6595,40.5963]],[[15.6572,40.5973],[15.6576,40.5969],[15.6572,40.5968],[15.6572,40.5973]]]}},{"type":"Feature","properties":{"landuse":"farmland"},"geometry":{"type":"Polygon","coordinates":[[[15.6457,40.6049],[15.6495,40.6009],[15.6529,40.6049],[15.6494,40.6029],[15.6457,40.6049]],[[15.6466,40.6052],[15.6467,40.6052],[15.6467,40.6051],[15.6466,40.6052]],[[15.6461,40.6051],[15.6462,40.6051],[15.6462,40.6051],[15.6461,40.6051]],[[15.646,40.6054],[15.6461,40.6053],[15.646,40.6053],[15.646,40.6054]]]}},{"type":"Feature","properties":{"landuse":"farmland"},"geometry":{"type":"Polygon","coordinates":[[[15.6438,40.6071],[15.6432,40.6051],[15.6455,40.6045],[15.6438,40.6071]],[[15.644,40.6068],[15.6442,40.6068],[15.6442,40.6068],[15.6441,40.6067],[15.644,40.6068]],[[15.6442,40.6064],[15.6443,40.6064],[15.6442,40.6064],[15.6442,40.6064]]]}},{"type":"Feature","properties":{"landuse":"farmland"},"geometry":{"type":"Polygon","coordinates":[[[15.6525,40.601],[15.6548,40.6001],[15.6555,40.602],[15.6525,40.601]],[[15.655,40.6023],[15.6549,40.6022],[15.6548,40.6022],[15.655,40.6023]],[[15.6546,40.6023],[15.6547,40.6023],[15.6546,40.6022],[15.6546,40.6023]],[[15.655,40.6013],[15.6549,40.6013],[15.6548,40.6014],[15.6549,40.6015],[15.655,40.6013]],[[15.6549,40.6013],[15.6548,40.6012],[15.6548,40.6013],[15.6548,40.6013],[15.6549,40.6013]],[[15.6547,40.6013],[15.6548,40.6013],[15.6548,40.6013],[15.6548,40.6013],[15.6547,40.6013]],[[15.6549,40.6011],[15.6549,40.6011],[15.6549,40.601],[15.6549,40.601],[15.6549,40.6011]],[[15.6536,40.6009],[15.6536,40.6009],[15.6535,40.6009],[15.6535,40.6009],[15.6536,40.6009]],[[15.6535,40.6011],[15.6534,40.6011],[15.6534,40.6011],[15.6534,40.6011],[15.6535,40.6011]]]}},{"type":"Feature","properties":{"landuse":"farmland"},"geometry":{"type":"Polygon","coordinates":[[[15.657,40.5983],[15.6591,40.5983],[15.6583,40.6026],[15.6552,40.6011],[15.657,40.5983]],[[15.6566,40.5987],[15.6567,40.5987],[15.6567,40.5986],[15.6566,40.5986],[15.6566,40.5987]],[[15.6589,40.5984],[15.6588,40.5985],[15.6589,40.5985],[15.6589,40.5984]],[[15.6558,40.6017],[15.6558,40.6017],[15.6558,40.6017],[15.6558,40.6017]]]}},{"type":"Feature","properties":{"landuse":"farmland"},"geometry":{"type":"Polygon","coordinates":[[[15.6468,40.6103],[15.6506,40.6085],[15.6535,40.6119],[15.6468,40.6103]],[[15.6517,40.6113],[15.6519,40.6112],[15.6518,40.6111],[15.6517,40.6113]]]}},{"type":"Feature","properties":{"landuse":"farmland"},"geometry":{"type":"Polygon","coordinates":[[[15.6596,40.5982],[15.6623,40.5982],[15.6616,40.6013],[15.6596,40.5982]],[[15.6608,40.5989],[15.6609,40.5989],[15.6609,40.5989],[15.6608,40.5988],[15.6608,40.5989]],[[15.6609,40.5988],[15.6609,40.5988],[15.6609,40.5987],[15.6609,40.5988]],[[15.6614,40.6003],[15.6615,40.6003],[15.6615,40.6003],[15.6614,40.6003],[15.6614,40.6003]],[[15.6611,40.6013],[15.6612,40.6013],[15.6611,40.6013],[15.6611,40.6013]]]}},{"type":"Feature","properties":{"landuse":"farmland"},"geometry":{"type":"Polygon","coordinates":[[[15.6557,40.6109],[15.6581,40.6057],[15.6612,40.6062],[15.6593,40.6033],[15.6639,40.6064],[15.6612,40.6082],[15.6665,40.6086],[15.6557,40.6109]],[[15.656,40.6108],[15.6558,40.6108],[15.656,40.6108],[15.656,40.6108]],[[15.6577,40.6102],[15.6579,40.6102],[15.6578,40.6101],[15.6577,40.6102]],[[15.6612,40.6063],[15.6613,40.6063],[15.6613,40.6063],[15.6612,40.6063],[15.6612,40.6063]],[[15.6578,40.6082],[15.6578,40.6082],[15.6578,40.6082],[15.6578,40.6082]],[[15.6609,40.6088],[15.6609,40.6086],[15.6603,40.6085],[15.6609,40.6088]],[[15.6583,40.607],[15.6585,40.6079],[15.6589,40.6077],[15.6583,40.607]],[[15.6619,40.607],[15.6613,40.6065],[15.6616,40.6068],[15.6619,40.607]]]}},{"type":"Feature","properties":{"landuse":"farmland"},"geometry":{"type":"Polygon","coordinates":[[[15.6736,40.6093],[15.6699,40.6041],[15.6776,40.6083],[15.6736,40.6093]],[[15.6739,40.6083],[15.6739,40.6083],[15.6739,40.6082],[15.6739,40.6082],[15.6739,40.6083]],[[15.6764,40.6083],[15.6764,40.6083],[15.6764,40.6082],[15.6764,40.6083]],[[15.6732,40.6054],[15.6733,40.6054],[15.6732,40.6053],[15.6732,40.6054]]]}},{"type":"Feature","properties":{"landuse":"farmland"},"geometry":{"type":"Polygon","coordinates":[[[15.6768,40.6112],[15.6778,40.61],[15.6783,40.6105],[15.6768,40.6112]],[[15.677,40.6111],[15.6771,40.6111],[15.677,40.6111],[15.677,40.6111]]]}},{"type":"Feature","properties":{"landuse":"farmland"},"geometry":{"type":"Polygon","coordinates":[[[15.6647,40.5965],[15.6656,40.5982],[15.6634,40.5974],[15.6647,40.5965]],[[15.6645,40.5978],[15.6645,40.5978],[15.6645,40.5978],[15.6645,40.5978]],[[15.6639,40.5974],[15.6642,40.5975],[15.6641,40.5972],[15.6639,40.5974]],[[15.6634,40.5973],[15.6634,40.5973],[15.6634,40.5973],[15.6634,40.5973]]]}},{"type":"Feature","properties":{"landuse":"farmland"},"geometry":{"type":"Polygon","coordinates":[[[15.6768,40.6056],[15.6725,40.6028],[15.6748,40.6026],[15.6768,40.6056]],[[15.6741,40.6031],[15.6741,40.6031],[15.674,40.6031],[15.6741,40.6031]]]}},{"type":"Feature","properties":{"landuse":"farmland"},"geometry":{"type":"Polygon","coordinates":[[[15.6777,40.603],[15.6801,40.6043],[15.6791,40.6068],[15.6777,40.603]],[[15.6773,40.603],[15.6774,40.603],[15.6773,40.6029],[15.6773,40.603]]]}},{"type":"Feature","properties":{"landuse":"farmland"},"geometry":{"type":"Polygon","coordinates":[[[15.6718,40.5999],[15.6748,40.6003],[15.6688,40.6004],[15.6718,40.5999]],[[15.6711,40.5995],[15.6709,40.5994],[15.6709,40.5994],[15.6711,40.5995],[15.6711,40.5995]],[[15.6711,40.5996],[15.671,40.5996],[15.671,40.5996],[15.6711,40.5996],[15.6711,40.5996]],[[15.671,40.5997],[15.6711,40.5996],[15.671,40.5996],[15.671,40.5997]],[[15.6712,40.5997],[15.6712,40.5997],[15.6711,40.5997],[15.6712,40.5997]]]}},{"type":"Feature","properties":{"landuse":"farmland"},"geometry":{"type":"Polygon","coordinates":[[[15.6732,40.6233],[15.6724,40.6223],[15.6739,40.6208],[15.6732,40.6233]],[[15.6733,40.6227],[15.6735,40.6225],[15.6733,40.6225],[15.6733,40.6227]],[[15.6736,40.6229],[15.6737,40.6229],[15.6737,40.6229],[15.6736,40.6229]]]}},{"type":"Feature","properties":{"landuse":"farmland"},"geometry":{"type":"Polygon","coordinates":[[[15.6708,40.622],[15.673,40.6232],[15.668,40.6244],[15.6708,40.622]],[[15.6722,40.623],[15.6722,40.623],[15.6722,40.623],[15.6722,40.623]]]}},{"type":"Feature","properties":{"landuse":"farmland"},"geometry":{"type":"Polygon","coordinates":[[[15.6716,40.6245],[15.6742,40.6253],[15.6682,40.6243],[15.6716,40.6245]],[[15.6727,40.6255],[15.6728,40.6255],[15.6727,40.6255],[15.6727,40.6255]]]}},{"type":"Feature","properties":{"landuse":"farmland"},"geometry":{"type":"Polygon","coordinates":[[[15.6626,40.6143],[15.6666,40.6147],[15.6646,40.6165],[15.6626,40.6143]],[[15.6629,40.6149],[15.6629,40.6149],[15.6629,40.6148],[15.6629,40.6148],[15.6629,40.6149]]]}},{"type":"Feature","properties":{"landuse":"farmland"},"geometry":{"type":"Polygon","coordinates":[[[15.6655,40.6102],[15.6682,40.6111],[15.6649,40.6136],[15.6655,40.6102]],[[15.6658,40.6109],[15.6659,40.6109],[15.6658,40.6109],[15.6658,40.6109]]]}},{"type":"Feature","properties":{"landuse":"farmland"},"geometry":{"type":"Polygon","coordinates":[[[15.6607,40.6172],[15.6638,40.6165],[15.6642,40.6224],[15.656,40.62],[15.6607,40.6172]],[[15.6606,40.6179],[15.6607,40.6178],[15.6606,40.6179],[15.6606,40.6179]]]}},{"type":"Feature","properties":{"landuse":"farmland"},"geometry":{"type":"Polygon","coordinates":[[[15.6668,40.6244],[15.6655,40.6259],[15.6631,40.625],[15.6668,40.6244]],[[15.6638,40.6243],[15.6638,40.6241],[15.6637,40.6242],[15.6638,40.6243]]]}},{"type":"Feature","properties":{"landuse":"farmland"},"geometry":{"type":"Polygon","coordinates":[[[15.6734,40.6316],[15.6769,40.6335],[15.6713,40.6336],[15.6734,40.6316]],[[15.6756,40.6319],[15.6755,40.6317],[15.6755,40.6318],[15.6756,40.6319]]]}},{"type":"Feature","properties":{"landuse":"farmland"},"geometry":{"type":"Polygon","coordinates":[[[15.6568,40.6331],[15.6555,40.6347],[15.6554,40.6334],[15.6568,40.6331]],[[15.6566,40.6334],[15.6567,40.6335],[15.6567,40.6334],[15.6566,40.6334]],[[15.6565,40.6335],[15.6566,40.6335],[15.6566,40.6335],[15.6565,40.6335],[15.6565,40.6335]]]}},{"type":"Feature","properties":{"landuse":"farmland"},"geometry":{"type":"Polygon","coordinates":[[[15.6535,40.6287],[15.6507,40.6323],[15.6501,40.6281],[15.6535,40.6287]],[[15.6527,40.6299],[15.6527,40.6299],[15.6528,40.6299],[15.6527,40.6299],[15.6527,40.6299]]]}},{"type":"Feature","properties":{"landuse":"farmland"},"geometry":{"type":"Polygon","coordinates":[[[15.6529,40.6219],[15.6553,40.621],[15.6567,40.6251],[15.6515,40.624],[15.6529,40.6219]],[[15.6557,40.6208],[15.6557,40.6208],[15.6557,40.6208],[15.6556,40.6208],[15.6557,40.6208]],[[15.6555,40.6206],[15.6555,40.6207],[15.6556,40.6206],[15.6555,40.6206]],[[15.6543,40.6215],[15.6544,40.6215],[15.6543,40.6214],[15.6543,40.6215]],[[15.6543,40.6216],[15.6543,40.6216],[15.6543,40.6215],[15.6543,40.6215],[15.6543,40.6216]],[[15.6544,40.6216],[15.6545,40.6216],[15.6545,40.6216],[15.6544,40.6216],[15.6544,40.6216]]]}},{"type":"Feature","properties":{"landuse":"farmland"},"geometry":{"type":"Polygon","coordinates":[[[15.6508,40.6148],[15.6492,40.6171],[15.6469,40.6157],[15.6508,40.6148]],[[15.6498,40.616],[15.6499,40.616],[15.6498,40.616],[15.6498,40.616]],[[15.6508,40.6159],[15.6509,40.6159],[15.6508,40.6159],[15.6508,40.6159]]]}},{"type":"Feature","properties":{"landuse":"farmland"},"geometry":{"type":"Polygon","coordinates":[[[15.6526,40.6135],[15.6515,40.6146],[15.6512,40.614],[15.6526,40.6135]],[[15.6518,40.614],[15.6518,40.614],[15.6518,40.6139],[15.6517,40.6139],[15.6518,40.614]],[[15.6513,40.6142],[15.6514,40.6142],[15.6514,40.6142],[15.6514,40.6142],[15.6513,40.6142]]]}},{"type":"Feature","properties":{"landuse":"farmland"},"geometry":{"type":"Polygon","coordinates":[[[15.6534,40.6189],[15.6505,40.6187],[15.6533,40.6168],[15.6534,40.6189]],[[15.6528,40.6185],[15.6529,40.6182],[15.6526,40.6182],[15.6528,40.6185]]]}},{"type":"Feature","properties":{"landuse":"farmland"},"geometry":{"type":"Polygon","coordinates":[[[15.6538,40.6185],[15.6561,40.618],[15.6549,40.6192],[15.6538,40.6185]],[[15.6548,40.618],[15.6548,40.618],[15.6547,40.6181],[15.6548,40.618]]]}},{"type":"Feature","properties":{"landuse":"farmland"},"geometry":{"type":"Polygon","coordinates":[[[15.6482,40.6262],[15.651,40.6247],[15.6491,40.627],[15.6482,40.6262]],[[15.6503,40.6253],[15.6502,40.6253],[15.6503,40.6254],[15.6503,40.6253]]]}},{"type":"Feature","properties":{"landuse":"farmland"},"geometry":{"type":"Polygon","coordinates":[[[15.649,40.6234],[15.6496,40.6217],[15.6516,40.623],[15.649,40.6234]],[[15.6486,40.6225],[15.6488,40.6225],[15.6487,40.6224],[15.6486,40.6225]]]}},{"type":"Feature","properties":{"landuse":"farmland"},"geometry":{"type":"Polygon","coordinates":[[[15.6498,40.6217],[15.6478,40.6215],[15.6495,40.6211],[15.6498,40.6217]],[[15.6485,40.6218],[15.6486,40.6217],[15.6482,40.6213],[15.6485,40.6218]]]}},{"type":"Feature","properties":{"landuse":"farmland"},"geometry":{"type":"Polygon","coordinates":[[[15.6523,40.6378],[15.6536,40.6385],[15.6508,40.6381],[15.6523,40.6378]],[[15.6527,40.6382],[15.6527,40.638],[15.6526,40.6381],[15.6527,40.6382]]]}},{"type":"Feature","properties":{"landuse":"farmland"},"geometry":{"type":"Polygon","coordinates":[[[15.6559,40.6392],[15.6575,40.6406],[15.6536,40.6383],[15.6559,40.6392]],[[15.6553,40.6395],[15.6554,40.6395],[15.6554,40.6394],[15.6553,40.6395]]]}},{"type":"Feature","properties":{"landuse":"farmland"},"geometry":{"type":"Polygon","coordinates":[[[15.6504,40.6342],[15.6471,40.6331],[15.6484,40.6316],[15.6504,40.6342]],[[15.6482,40.6324],[15.6476,40.6324],[15.6477,40.6328],[15.6482,40.6324]]]}},{"type":"Feature","properties":{"landuse":"farmland"},"geometry":{"type":"Polygon","coordinates":[[[15.6569,40.65],[15.6582,40.6519],[15.6542,40.6529],[15.6581,40.6516],[15.6569,40.65]],[[15.6568,40.652],[15.6569,40.652],[15.6568,40.652],[15.6568,40.652]]]}},{"type":"Feature","properties":{"landuse":"farmland"},"geometry":{"type":"Polygon","coordinates":[[[15.6508,40.6574],[15.6529,40.6579],[15.6494,40.6576],[15.6508,40.6574]],[[15.6499,40.6573],[15.6499,40.6573],[15.6499,40.6572],[15.6499,40.6573]]]}},{"type":"Feature","properties":{"landuse":"farmland"},"geometry":{"type":"Polygon","coordinates":[[[15.6431,40.6606],[15.6417,40.6613],[15.6435,40.6592],[15.6431,40.6606]],[[15.6421,40.6602],[15.6424,40.6603],[15.6424,40.6602],[15.6421,40.6602]]]}},{"type":"Feature","properties":{"landuse":"farmland"},"geometry":{"type":"Polygon","coordinates":[[[15.6406,40.6562],[15.6442,40.6573],[15.6407,40.6583],[15.6406,40.6562]],[[15.6404,40.658],[15.6411,40.6572],[15.6401,40.6576],[15.6404,40.658]]]}},{"type":"Feature","properties":{"landuse":"farmland"},"geometry":{"type":"Polygon","coordinates":[[[15.6415,40.6561],[15.6392,40.6542],[15.6435,40.6559],[15.6415,40.6561]],[[15.6405,40.6544],[15.64,40.6545],[15.6403,40.6547],[15.6405,40.6544]]]}},{"type":"Feature","properties":{"landuse":"farmland"},"geometry":{"type":"Polygon","coordinates":[[[15.6364,40.6555],[15.6383,40.6567],[15.6365,40.657],[15.6364,40.6555]],[[15.6379,40.6564],[15.6379,40.6564],[15.6379,40.6564],[15.6379,40.6564],[15.6379,40.6564]],[[15.6376,40.6567],[15.6371,40.6566],[15.6371,40.6568],[15.6376,40.6567]],[[15.6362,40.6563],[15.6363,40.6563],[15.6362,40.6563],[15.6362,40.6563]],[[15.6363,40.6563],[15.6366,40.6562],[15.6364,40.656],[15.6363,40.6563]]]}},{"type":"Feature","properties":{"landuse":"farmland"},"geometry":{"type":"Polygon","coordinates":[[[15.6084,40.6269],[15.6075,40.6253],[15.6095,40.6257],[15.6084,40.6269]],[[15.6087,40.6267],[15.6088,40.6265],[15.6087,40.6265],[15.6087,40.6267]]]}},{"type":"Feature","properties":{"landuse":"farmland"},"geometry":{"type":"Polygon","coordinates":[[[15.6178,40.6246],[15.6189,40.6249],[15.6181,40.6263],[15.6178,40.6246]],[[15.6176,40.6255],[15.6177,40.6255],[15.6176,40.6255],[15.6176,40.6255]],[[15.6177,40.6256],[15.6177,40.6255],[15.6177,40.6255],[15.6177,40.6256]],[[15.6177,40.6258],[15.6178,40.6257],[15.6177,40.6257],[15.6177,40.6258]]]}},{"type":"Feature","properties":{"landuse":"farmland"},"geometry":{"type":"Polygon","coordinates":[[[15.6064,40.631],[15.6106,40.6308],[15.6092,40.6321],[15.6064,40.631]],[[15.6095,40.6314],[15.6095,40.6314],[15.6096,40.6314],[15.6095,40.6314],[15.6095,40.6314]]]}},{"type":"Feature","properties":{"landuse":"farmland"},"geometry":{"type":"Polygon","coordinates":[[[15.6068,40.6419],[15.6081,40.64],[15.6131,40.6443],[15.6068,40.6419]],[[15.6104,40.6429],[15.6108,40.6429],[15.6105,40.6428],[15.6104,40.6429]]]}},{"type":"Feature","properties":{"landuse":"farmland"},"geometry":{"type":"Polygon","coordinates":[[[15.6328,40.6517],[15.6313,40.6525],[15.6313,40.6514],[15.6328,40.6517]],[[15.6311,40.6522],[15.6319,40.6523],[15.6313,40.652],[15.6311,40.6522]]]}},{"type":"Feature","properties":{"landuse":"farmland"},"geometry":{"type":"Polygon","coordinates":[[[15.6201,40.6308],[15.6245,40.6292],[15.6242,40.6314],[15.6201,40.6308]],[[15.6201,40.631],[15.6201,40.6309],[15.6201,40.6309],[15.62,40.631],[15.6201,40.631]],[[15.6237,40.6302],[15.624,40.6303],[15.6239,40.6301],[15.6237,40.6302]]]}},{"type":"Feature","properties":{"landuse":"farmland"},"geometry":{"type":"Polygon","coordinates":[[[15.619,40.63],[15.6195,40.6319],[15.6155,40.6325],[15.619,40.63]],[[15.6182,40.6309],[15.6186,40.6309],[15.6182,40.6308],[15.6182,40.6309]]]}},{"type":"Feature","properties":{"landuse":"farmland"},"geometry":{"type":"Polygon","coordinates":[[[15.6358,40.6282],[15.6387,40.6295],[15.6365,40.6299],[15.6358,40.6282]],[[15.6367,40.6296],[15.6372,40.6295],[15.637,40.6292],[15.6367,40.6296]]]}},{"type":"Feature","properties":{"landuse":"farmland"},"geometry":{"type":"Polygon","coordinates":[[[15.57,40.7089],[15.5744,40.7202],[15.5728,40.7237],[15.5641,40.7238],[15.5679,40.7177],[15.5723,40.7197],[15.563,40.7041],[15.5659,40.7029],[15.57,40.7089]],[[15.5707,40.7216],[15.5708,40.7216],[15.5708,40.7215],[15.5707,40.7216]],[[15.5704,40.7219],[15.5702,40.7221],[15.5705,40.7222],[15.5704,40.7219]],[[15.5661,40.7215],[15.5671,40.7214],[15.5669,40.7209],[15.5661,40.7215]],[[15.5682,40.718],[15.5672,40.7189],[15.5682,40.719],[15.5682,40.718]],[[15.5686,40.7127],[15.5688,40.7127],[15.5687,40.7126],[15.5686,40.7127]]]}},{"type":"Feature","properties":{"landuse":"farmland"},"geometry":{"type":"Polygon","coordinates":[[[15.5609,40.7225],[15.5568,40.7068],[15.5618,40.7151],[15.563,40.7228],[15.5609,40.7225]],[[15.5607,40.7125],[15.5608,40.7125],[15.5607,40.7124],[15.5607,40.7125]],[[15.5602,40.7142],[15.5603,40.7142],[15.5602,40.7142],[15.5602,40.7142],[15.5602,40.7142]],[[15.5612,40.7166],[15.5613,40.7166],[15.5612,40.7166],[15.5612,40.7166]]]}},{"type":"Feature","properties":{"landuse":"farmland"},"geometry":{"type":"Polygon","coordinates":[[[15.5659,40.7193],[15.5622,40.7195],[15.5618,40.7155],[15.5659,40.7193]],[[15.564,40.7185],[15.5641,40.7186],[15.5642,40.7185],[15.5641,40.7185],[15.564,40.7185]]]}},{"type":"Feature","properties":{"landuse":"farmland"},"geometry":{"type":"Polygon","coordinates":[[[15.5647,40.7173],[15.5575,40.708],[15.5579,40.706],[15.5607,40.7109],[15.5591,40.7057],[15.5628,40.704],[15.5692,40.7172],[15.5647,40.7173]],[[15.5624,40.7091],[15.5627,40.7089],[15.5623,40.709],[15.5624,40.7091]],[[15.5657,40.7143],[15.5661,40.7141],[15.5657,40.714],[15.5657,40.7143]],[[15.5643,40.7144],[15.5644,40.7144],[15.5643,40.7143],[15.5643,40.7144]]]}},{"type":"Feature","properties":{"landuse":"farmland"},"geometry":{"type":"Polygon","coordinates":[[[15.5538,40.6988],[15.5576,40.6977],[15.56,40.6987],[15.5538,40.6988]],[[15.5596,40.6986],[15.5597,40.6986],[15.5596,40.6986],[15.5596,40.6986],[15.5596,40.6986]]]}},{"type":"Feature","properties":{"landuse":"farmland"},"geometry":{"type":"Polygon","coordinates":[[[15.5768,40.72],[15.5776,40.7148],[15.5826,40.7181],[15.5768,40.72]],[[15.5761,40.716],[15.5763,40.716],[15.5762,40.7156],[15.5761,40.716]]]}},{"type":"Feature","properties":{"landuse":"farmland"},"geometry":{"type":"Polygon","coordinates":[[[15.5595,40.6983],[15.5578,40.6976],[15.5672,40.6957],[15.5595,40.6983]],[[15.5597,40.6976],[15.5597,40.6976],[15.5597,40.6975],[15.5597,40.6976],[15.5597,40.6976]],[[15.5619,40.6983],[15.5619,40.6982],[15.5619,40.6982],[15.5619,40.6983]]]}},{"type":"Feature","properties":{"landuse":"farmland"},"geometry":{"type":"Polygon","coordinates":[[[15.6009,40.713],[15.5939,40.7112],[15.6008,40.71],[15.6009,40.713]],[[15.5977,40.7114],[15.5981,40.7109],[15.5975,40.7106],[15.5977,40.7114]],[[15.5969,40.7108],[15.597,40.7107],[15.5969,40.7107],[15.5969,40.7107],[15.5969,40.7108]],[[15.5969,40.7107],[15.5966,40.7109],[15.5971,40.7106],[15.5969,40.7107]]]}},{"type":"Feature","properties":{"landuse":"farmland"},"geometry":{"type":"Polygon","coordinates":[[[15.5934,40.7073],[15.59,40.7101],[15.5849,40.7077],[15.5927,40.7048],[15.5934,40.7073]],[[15.5875,40.7083],[15.5931,40.7061],[15.5902,40.706],[15.5875,40.7083]],[[15.587,40.7079],[15.5881,40.7067],[15.5871,40.7069],[15.587,40.7079]]]}},{"type":"Feature","properties":{"landuse":"farmland"},"geometry":{"type":"Polygon","coordinates":[[[15.595,40.7068],[15.5953,40.7082],[15.5926,40.7084],[15.595,40.7068]],[[15.5942,40.7076],[15.595,40.7073],[15.5946,40.7072],[15.5942,40.7076]],[[15.5933,40.708],[15.594,40.7078],[15.594,40.7076],[15.5933,40.708]]]}},{"type":"Feature","properties":{"landuse":"farmland"},"geometry":{"type":"Polygon","coordinates":[[[15.5732,40.6997],[15.5704,40.698],[15.5744,40.696],[15.5732,40.6997]],[[15.5741,40.6969],[15.5741,40.6968],[15.5741,40.6968],[15.5741,40.6969]],[[15.5713,40.6985],[15.5721,40.6977],[15.5719,40.6976],[15.5713,40.6985]],[[15.5721,40.6983],[15.5722,40.6983],[15.5722,40.6982],[15.5721,40.6983],[15.5721,40.6983]]]}},{"type":"Feature","properties":{"landuse":"farmland"},"geometry":{"type":"Polygon","coordinates":[[[15.5645,40.6996],[15.5672,40.6983],[15.5683,40.7011],[15.5645,40.6996]],[[15.5663,40.7001],[15.5663,40.7001],[15.5663,40.7001],[15.5663,40.7001]]]}},{"type":"Feature","properties":{"landuse":"farmland"},"geometry":{"type":"Polygon","coordinates":[[[15.5704,40.6994],[15.5682,40.6989],[15.5731,40.7],[15.5704,40.6994]],[[15.5697,40.699],[15.5697,40.6989],[15.5696,40.6989],[15.5696,40.699],[15.5697,40.699]],[[15.5705,40.6989],[15.5707,40.699],[15.5711,40.6988],[15.5705,40.6989]]]}},{"type":"Feature","properties":{"landuse":"farmland"},"geometry":{"type":"Polygon","coordinates":[[[15.58,40.6955],[15.579,40.6968],[15.5786,40.6948],[15.58,40.6955]],[[15.5798,40.6958],[15.5798,40.6958],[15.5798,40.6958],[15.5798,40.6958]]]}},{"type":"Feature","properties":{"landuse":"farmland"},"geometry":{"type":"Polygon","coordinates":[[[15.5998,40.7088],[15.5985,40.7064],[15.6019,40.7047],[15.6047,40.7087],[15.5998,40.7088]],[[15.6035,40.71],[15.6036,40.71],[15.6035,40.71],[15.6035,40.71]],[[15.6005,40.7066],[15.6012,40.7068],[15.6009,40.7064],[15.6005,40.7066]],[[15.6011,40.7074],[15.6012,40.7077],[15.602,40.7075],[15.6011,40.7074]],[[15.6021,40.7094],[15.6024,40.7097],[15.6018,40.7091],[15.6021,40.7094]],[[15.6015,40.7091],[15.6019,40.7095],[15.6021,40.7094],[15.6015,40.7091]]]}},{"type":"Feature","properties":{"landuse":"farmland"},"geometry":{"type":"Polygon","coordinates":[[[15.6106,40.7104],[15.6119,40.7035],[15.6138,40.7091],[15.6106,40.7104]],[[15.6109,40.7078],[15.6124,40.7082],[15.6123,40.7077],[15.6109,40.7078]]]}},{"type":"Feature","properties":{"landuse":"farmland"},"geometry":{"type":"Polygon","coordinates":[[[15.6229,40.7036],[15.6208,40.703],[15.6249,40.7018],[15.6252,40.7061],[15.6229,40.7036]],[[15.6241,40.7052],[15.6248,40.7056],[15.6243,40.705],[15.6241,40.7052]],[[15.6224,40.7024],[15.6223,40.7025],[15.6226,40.7024],[15.6224,40.7024]]]}},{"type":"Feature","properties":{"landuse":"farmland"},"geometry":{"type":"Polygon","coordinates":[[[16.2322,40.7613],[16.2337,40.7589],[16.2375,40.7604],[16.2322,40.7613]],[[16.2335,40.7606],[16.2335,40.7606],[16.2335,40.7606],[16.2334,40.7606],[16.2335,40.7606]],[[16.2334,40.7609],[16.2334,40.7608],[16.2334,40.7608],[16.2334,40.7609]],[[16.2325,40.7604],[16.2325,40.7604],[16.2325,40.7604],[16.2325,40.7604]],[[16.2344,40.7595],[16.2343,40.7593],[16.2342,40.7594],[16.2344,40.7595]],[[16.2352,40.7602],[16.2355,40.7604],[16.2357,40.7601],[16.2352,40.7602]]]}},{"type":"Feature","properties":{"landuse":"farmland"},"geometry":{"type":"Polygon","coordinates":[[[16.2287,40.7604],[16.2273,40.7591],[16.231,40.7593],[16.2287,40.7604]],[[16.2297,40.7593],[16.2297,40.7593],[16.2297,40.7592],[16.2297,40.7592],[16.2297,40.7593]],[[16.2308,40.7594],[16.2308,40.7594],[16.2308,40.7594],[16.2308,40.7594],[16.2308,40.7594]],[[16.2288,40.7589],[16.2287,40.7588],[16.2287,40.7589],[16.2288,40.7589]],[[16.2285,40.7593],[16.2285,40.7592],[16.2284,40.7592],[16.2285,40.7593]],[[16.2282,40.7598],[16.2284,40.7599],[16.2284,40.7597],[16.2282,40.7598]]]}},{"type":"Feature","properties":{"landuse":"farmland"},"geometry":{"type":"Polygon","coordinates":[[[16.2181,40.7427],[16.2241,40.7421],[16.2221,40.7448],[16.2263,40.746],[16.2201,40.7471],[16.2234,40.7475],[16.2181,40.7427]],[[16.2221,40.7424],[16.2222,40.7424],[16.2221,40.7423],[16.2221,40.7424]],[[16.2221,40.7459],[16.2224,40.7459],[16.2222,40.7456],[16.2221,40.7459]],[[16.2227,40.7457],[16.2233,40.7462],[16.2233,40.7458],[16.2227,40.7457]],[[16.2238,40.7466],[16.2238,40.7466],[16.2237,40.7466],[16.2238,40.7466]]]}},{"type":"Feature","properties":{"landuse":"farmland"},"geometry":{"type":"Polygon","coordinates":[[[16.2206,40.738],[16.2148,40.7408],[16.2134,40.7381],[16.2107,40.7404],[16.2076,40.7384],[16.2142,40.7317],[16.2197,40.7349],[16.2164,40.7391],[16.2206,40.738]],[[16.2086,40.7392],[16.2087,40.7391],[16.2086,40.7391],[16.2086,40.7392]],[[16.2084,40.738],[16.2084,40.738],[16.2084,40.738],[16.2084,40.738],[16.2084,40.738]],[[16.2141,40.7327],[16.2141,40.7327],[16.2141,40.7327],[16.2141,40.7327],[16.2141,40.7327]],[[16.215,40.7348],[16.2157,40.7358],[16.2167,40.7363],[16.215,40.7348]],[[16.2131,40.7371],[16.2154,40.7383],[16.215,40.7379],[16.2131,40.7371]]]}},{"type":"Feature","properties":{"landuse":"orchard"},"geometry":{"type":"Polygon","coordinates":[[[16.2599,40.7557],[16.2566,40.7592],[16.2545,40.7576],[16.2599,40.7557]],[[16.2568,40.7568],[16.2568,40.7568],[16.2568,40.7568],[16.2568,40.7567],[16.2568,40.7568]],[[16.2562,40.7568],[16.2563,40.7567],[16.2562,40.7567],[16.2562,40.7568]],[[16.256,40.7571],[16.256,40.7571],[16.2559,40.7571],[16.256,40.7571]],[[16.257,40.7572],[16.257,40.7572],[16.257,40.7571],[16.257,40.7572]],[[16.2571,40.7573],[16.2572,40.7573],[16.2572,40.7573],[16.2571,40.7573]],[[16.2553,40.7576],[16.2553,40.7576],[16.2553,40.7576],[16.2553,40.7576]],[[16.2551,40.7578],[16.2552,40.7577],[16.2551,40.7577],[16.2551,40.7578]]]}},{"type":"Feature","properties":{"landuse":"farmland"},"geometry":{"type":"Polygon","coordinates":[[[16.2617,40.7609],[16.264,40.7522],[16.2651,40.7584],[16.2617,40.7609]],[[16.2623,40.7609],[16.2624,40.761],[16.2624,40.7609],[16.2623,40.7609],[16.2623,40.7609]],[[16.2619,40.7604],[16.2619,40.7604],[16.2618,40.7604],[16.2618,40.7604],[16.2619,40.7604]]]}},{"type":"Feature","properties":{"landuse":"farmland"},"geometry":{"type":"Polygon","coordinates":[[[16.2623,40.7573],[16.2603,40.7601],[16.258,40.7575],[16.2637,40.7531],[16.2623,40.7573]],[[16.2599,40.7575],[16.2599,40.7574],[16.2599,40.7574],[16.2599,40.7575],[16.2599,40.7575]]]}},{"type":"Feature","properties":{"landuse":"orchard"},"geometry":{"type":"Polygon","coordinates":[[[16.2554,40.7525],[16.2571,40.7521],[16.2561,40.7535],[16.2554,40.7525]],[[16.2575,40.7528],[16.2575,40.7528],[16.2574,40.7528],[16.2575,40.7528]]]}},{"type":"Feature","properties":{"landuse":"orchard"},"geometry":{"type":"Polygon","coordinates":[[[16.2394,40.7588],[16.2387,40.7573],[16.2407,40.7572],[16.2394,40.7588]],[[16.24,40.7574],[16.2399,40.7573],[16.2399,40.7574],[16.24,40.7574]]]}},{"type":"Feature","properties":{"landuse":"farmland"},"geometry":{"type":"Polygon","coordinates":[[[16.2376,40.7604],[16.2325,40.7569],[16.2372,40.7564],[16.2376,40.7604]],[[16.2378,40.7595],[16.2384,40.7589],[16.2383,40.7588],[16.2378,40.7595]],[[16.2371,40.759],[16.2372,40.759],[16.2372,40.7589],[16.2371,40.759]],[[16.2375,40.7589],[16.2376,40.7589],[16.2375,40.7588],[16.2375,40.7589]],[[16.2375,40.7591],[16.2375,40.759],[16.2375,40.759],[16.2374,40.7591],[16.2375,40.7591]]]}},{"type":"Feature","properties":{"landuse":"farmland"},"geometry":{"type":"Polygon","coordinates":[[[16.2324,40.7567],[16.2304,40.7562],[16.2337,40.7555],[16.2324,40.7567]],[[16.2309,40.7562],[16.2309,40.7562],[16.2309,40.7561],[16.2309,40.7562]]]}},{"type":"Feature","properties":{"landuse":"orchard"},"geometry":{"type":"Polygon","coordinates":[[[16.2316,40.7572],[16.2298,40.7572],[16.2306,40.7552],[16.2316,40.7572]],[[16.2307,40.7573],[16.2306,40.7573],[16.2306,40.7573],[16.2307,40.7573]]]}},{"type":"Feature","properties":{"landuse":"orchard"},"geometry":{"type":"Polygon","coordinates":[[[16.2286,40.7587],[16.2269,40.7583],[16.2279,40.7577],[16.2286,40.7587]],[[16.227,40.7589],[16.227,40.7589],[16.227,40.7588],[16.227,40.7589]],[[16.2283,40.7581],[16.2283,40.7581],[16.2283,40.758],[16.2283,40.758],[16.2283,40.7581]],[[16.2275,40.7583],[16.2276,40.7583],[16.2275,40.7583],[16.2275,40.7583]]]}},{"type":"Feature","properties":{"landuse":"farmland"},"geometry":{"type":"Polygon","coordinates":[[[16.2263,40.7576],[16.2289,40.7544],[16.2298,40.757],[16.2263,40.7576]],[[16.2289,40.7546],[16.2289,40.7546],[16.2288,40.7546],[16.2289,40.7546]],[[16.2285,40.7552],[16.2285,40.7552],[16.2285,40.7552],[16.2285,40.7552]],[[16.2286,40.7553],[16.2286,40.7553],[16.2285,40.7553],[16.2286,40.7553]],[[16.2295,40.7552],[16.2295,40.7552],[16.2295,40.7552],[16.2295,40.7552]],[[16.2284,40.7577],[16.2284,40.7576],[16.2284,40.7576],[16.2283,40.7576],[16.2284,40.7577]],[[16.229,40.7572],[16.2289,40.7572],[16.2289,40.7573],[16.229,40.7572]]]}},{"type":"Feature","properties":{"landuse":"farmland"},"geometry":{"type":"Polygon","coordinates":[[[16.2313,40.7533],[16.2303,40.7543],[16.229,40.7538],[16.2313,40.7533]],[[16.2311,40.7537],[16.231,40.7536],[16.231,40.7536],[16.2311,40.7537]],[[16.2299,40.7534],[16.23,40.7534],[16.23,40.7534],[16.2299,40.7534]],[[16.2291,40.7538],[16.2291,40.7538],[16.229,40.7538],[16.2291,40.7538]],[[16.2296,40.754],[16.2296,40.754],[16.2295,40.754],[16.2295,40.754],[16.2296,40.754]]]}},{"type":"Feature","properties":{"landuse":"farmland"},"geometry":{"type":"Polygon","coordinates":[[[16.232,40.7532],[16.2292,40.7521],[16.2317,40.7509],[16.232,40.7532]],[[16.2297,40.7518],[16.2298,40.7518],[16.2297,40.7518],[16.2297,40.7518]],[[16.2317,40.7526],[16.2318,40.7525],[16.2318,40.7525],[16.2317,40.7526]]]}},{"type":"Feature","properties":{"landuse":"farmland"},"geometry":{"type":"Polygon","coordinates":[[[16.2392,40.7561],[16.24,40.7549],[16.2409,40.7559],[16.2392,40.7561]],[[16.2395,40.7561],[16.2395,40.7561],[16.2395,40.756],[16.2395,40.7561],[16.2395,40.7561]]]}},{"type":"Feature","properties":{"landuse":"farmland"},"geometry":{"type":"Polygon","coordinates":[[[16.2461,40.7563],[16.2451,40.758],[16.2434,40.7573],[16.2461,40.7563]],[[16.2441,40.757],[16.2442,40.757],[16.2442,40.7569],[16.2442,40.7569],[16.2441,40.757]]]}},{"type":"Feature","properties":{"landuse":"orchard"},"geometry":{"type":"Polygon","coordinates":[[[16.2511,40.7546],[16.249,40.7545],[16.248,40.7523],[16.2511,40.7546]],[[16.2506,40.7546],[16.2507,40.7546],[16.2506,40.7545],[16.2506,40.7546]],[[16.2484,40.7525],[16.2483,40.7524],[16.2483,40.7524],[16.2483,40.7525],[16.2484,40.7525]],[[16.2487,40.7526],[16.2487,40.7526],[16.2487,40.7526],[16.2487,40.7526],[16.2487,40.7526]],[[16.2486,40.7528],[16.2487,40.7528],[16.2486,40.7527],[16.2486,40.7528]]]}},{"type":"Feature","properties":{"landuse":"farmland"},"geometry":{"type":"Polygon","coordinates":[[[16.243,40.7517],[16.2437,40.7527],[16.2413,40.7521],[16.243,40.7517]],[[16.2431,40.7525],[16.2431,40.7525],[16.2431,40.7525],[16.2431,40.7525],[16.2431,40.7525]],[[16.2431,40.7524],[16.2428,40.7522],[16.2428,40.7523],[16.243,40.7525],[16.2431,40.7524]],[[16.2421,40.7522],[16.2421,40.7522],[16.2421,40.7521],[16.2421,40.7522]]]}},{"type":"Feature","properties":{"landuse":"orchard"},"geometry":{"type":"Polygon","coordinates":[[[16.2446,40.7431],[16.2497,40.7449],[16.2452,40.7457],[16.2446,40.7431]],[[16.2465,40.7452],[16.2466,40.7451],[16.2464,40.7451],[16.2465,40.7452]],[[16.2449,40.7444],[16.2448,40.7443],[16.2449,40.7444],[16.2449,40.7444]]]}},{"type":"Feature","properties":{"landuse":"orchard"},"geometry":{"type":"Polygon","coordinates":[[[16.2512,40.746],[16.2501,40.7454],[16.2545,40.7455],[16.2512,40.746]],[[16.2527,40.7454],[16.2528,40.7455],[16.2528,40.7454],[16.2527,40.7454],[16.2527,40.7454]]]}},{"type":"Feature","properties":{"landuse":"orchard"},"geometry":{"type":"Polygon","coordinates":[[[16.2533,40.7542],[16.2499,40.7524],[16.2541,40.7515],[16.2533,40.7542]],[[16.2507,40.7524],[16.2508,40.7524],[16.2507,40.7524],[16.2507,40.7524]],[[16.2508,40.7523],[16.2505,40.7523],[16.2507,40.7523],[16.2508,40.7523]]]}},{"type":"Feature","properties":{"landuse":"farmland"},"geometry":{"type":"Polygon","coordinates":[[[16.2503,40.7524],[16.2494,40.7504],[16.2633,40.7468],[16.2503,40.7524]],[[16.25,40.7509],[16.2501,40.7509],[16.25,40.7509],[16.25,40.7509]]]}},{"type":"Feature","properties":{"landuse":"orchard"},"geometry":{"type":"Polygon","coordinates":[[[16.2474,40.7509],[16.2464,40.749],[16.2497,40.7492],[16.2474,40.7509]],[[16.2474,40.7492],[16.2475,40.7492],[16.2473,40.7492],[16.2474,40.7492]],[[16.2471,40.7499],[16.2472,40.7499],[16.2471,40.7498],[16.2471,40.7499]]]}},{"type":"Feature","properties":{"landuse":"orchard"},"geometry":{"type":"Polygon","coordinates":[[[16.2485,40.7407],[16.2463,40.7414],[16.2492,40.7383],[16.2485,40.7407]],[[16.249,40.7398],[16.249,40.7397],[16.249,40.7397],[16.249,40.7398]]]}},{"type":"Feature","properties":{"landuse":"farmland"},"geometry":{"type":"Polygon","coordinates":[[[16.2584,40.7394],[16.2607,40.7407],[16.2621,40.7365],[16.2633,40.739],[16.2612,40.7423],[16.2539,40.7429],[16.2584,40.7394]],[[16.2606,40.7402],[16.2607,40.7402],[16.2607,40.7401],[16.2606,40.7401],[16.2606,40.7402]],[[16.2561,40.7424],[16.2571,40.7425],[16.2581,40.7423],[16.2561,40.7424]],[[16.2555,40.7433],[16.2558,40.7432],[16.2558,40.7431],[16.2555,40.7433]]]}},{"type":"Feature","properties":{"landuse":"orchard"},"geometry":{"type":"Polygon","coordinates":[[[16.2505,40.7396],[16.2521,40.7412],[16.2492,40.7406],[16.2505,40.7396]],[[16.2507,40.7401],[16.2507,40.7401],[16.2507,40.74],[16.2507,40.7401]]]}},{"type":"Feature","properties":{"landuse":"farmland"},"geometry":{"type":"Polygon","coordinates":[[[16.249,40.7372],[16.2541,40.7397],[16.2528,40.7425],[16.249,40.7372]],[[16.2529,40.7404],[16.2518,40.7404],[16.2524,40.741],[16.2529,40.7404]],[[16.251,40.7385],[16.2511,40.7385],[16.2511,40.7385],[16.251,40.7385]]]}},{"type":"Feature","properties":{"landuse":"orchard"},"geometry":{"type":"Polygon","coordinates":[[[16.2535,40.7368],[16.2518,40.7382],[16.2505,40.7366],[16.2535,40.7368]],[[16.2516,40.7365],[16.2515,40.7364],[16.2515,40.7364],[16.2516,40.7365]],[[16.2516,40.7364],[16.2516,40.7364],[16.2516,40.7364],[16.2516,40.7364]],[[16.2518,40.737],[16.2521,40.7369],[16.2516,40.7365],[16.2518,40.737]],[[16.2521,40.7363],[16.2524,40.7361],[16.252,40.7361],[16.2521,40.7363]]]}},{"type":"Feature","properties":{"landuse":"farmland"},"geometry":{"type":"Polygon","coordinates":[[[16.2449,40.7337],[16.2484,40.732],[16.2476,40.7342],[16.2449,40.7337]],[[16.2472,40.7332],[16.2478,40.7333],[16.248,40.7324],[16.2472,40.7332]]]}},{"type":"Feature","properties":{"landuse":"orchard"},"geometry":{"type":"Polygon","coordinates":[[[16.2422,40.7386],[16.2432,40.7371],[16.2443,40.7383],[16.2422,40.7386]],[[16.2435,40.7377],[16.2435,40.7376],[16.2435,40.7376],[16.2434,40.7376],[16.2435,40.7377]]]}},{"type":"Feature","properties":{"landuse":"farmland"},"geometry":{"type":"Polygon","coordinates":[[[16.2354,40.7481],[16.2364,40.7464],[16.2369,40.7487],[16.2354,40.7481]],[[16.2362,40.7472],[16.2362,40.7471],[16.2362,40.7472],[16.2362,40.7472]]]}},{"type":"Feature","properties":{"landuse":"farmland"},"geometry":{"type":"Polygon","coordinates":[[[16.2348,40.7481],[16.2344,40.7456],[16.2362,40.7464],[16.2348,40.7481]],[[16.2349,40.7464],[16.2354,40.7464],[16.2346,40.746],[16.2349,40.7464]],[[16.235,40.7473],[16.2351,40.7465],[16.2344,40.7468],[16.235,40.7473]],[[16.2345,40.747],[16.2346,40.7469],[16.2341,40.7466],[16.2345,40.747]],[[16.235,40.7476],[16.2351,40.7475],[16.2344,40.7472],[16.235,40.7476]]]}},{"type":"Feature","properties":{"landuse":"orchard"},"geometry":{"type":"Polygon","coordinates":[[[16.2322,40.7464],[16.2311,40.7461],[16.2317,40.7444],[16.2322,40.7464]],[[16.2313,40.7458],[16.2313,40.7458],[16.2313,40.7457],[16.2313,40.7458]]]}},{"type":"Feature","properties":{"landuse":"farmland"},"geometry":{"type":"Polygon","coordinates":[[[16.2344,40.7443],[16.2325,40.7484],[16.2312,40.7475],[16.2344,40.7443]],[[16.2332,40.7466],[16.2332,40.7465],[16.2331,40.7465],[16.2332,40.7466]],[[16.233,40.7457],[16.233,40.7456],[16.2329,40.7456],[16.233,40.7457]],[[16.2342,40.7453],[16.2342,40.7452],[16.2341,40.7452],[16.2342,40.7453]],[[16.2347,40.7446],[16.2348,40.7445],[16.2346,40.7445],[16.2347,40.7446]]]}},{"type":"Feature","properties":{"landuse":"farmland"},"geometry":{"type":"Polygon","coordinates":[[[16.2395,40.7367],[16.2392,40.7379],[16.2385,40.7369],[16.2395,40.7367]],[[16.2392,40.7374],[16.2393,40.7374],[16.2392,40.7373],[16.2392,40.7374]],[[16.2392,40.7374],[16.2395,40.7374],[16.2394,40.7371],[16.2392,40.7374]]]}},{"type":"Feature","properties":{"landuse":"farmland"},"geometry":{"type":"Polygon","coordinates":[[[16.2306,40.7407],[16.2262,40.7459],[16.2259,40.7404],[16.2194,40.7386],[16.2272,40.7379],[16.2306,40.7407]],[[16.2217,40.7389],[16.2217,40.7388],[16.2216,40.7388],[16.2216,40.7388],[16.2217,40.7389]],[[16.2268,40.7434],[16.2268,40.7434],[16.2268,40.7433],[16.2267,40.7433],[16.2268,40.7434]],[[16.2286,40.7442],[16.2286,40.7442],[16.2286,40.7442],[16.2286,40.7442]],[[16.2278,40.7441],[16.2278,40.7434],[16.2275,40.7434],[16.2278,40.7441]],[[16.2275,40.7442],[16.2278,40.7439],[16.2275,40.7434],[16.2275,40.7442]]]}},{"type":"Feature","properties":{"landuse":"farmland"},"geometry":{"type":"Polygon","coordinates":[[[16.232,40.7417],[16.2349,40.738],[16.235,40.7404],[16.2304,40.7417],[16.232,40.7417]],[[16.2338,40.7392],[16.235,40.7388],[16.2339,40.7386],[16.2338,40.7392]]]}},{"type":"Feature","properties":{"landuse":"farmland"},"geometry":{"type":"Polygon","coordinates":[[[16.2312,40.7349],[16.2303,40.7378],[16.2278,40.738],[16.2312,40.7349]],[[16.2314,40.735],[16.2318,40.7348],[16.2312,40.7349],[16.2314,40.735]]]}},{"type":"Feature","properties":{"landuse":"orchard"},"geometry":{"type":"Polygon","coordinates":[[[16.2361,40.7385],[16.2349,40.738],[16.2377,40.737],[16.2361,40.7385]],[[16.2371,40.7372],[16.2371,40.7372],[16.2371,40.7372],[16.2371,40.7372]],[[16.2371,40.7373],[16.2371,40.7372],[16.237,40.7372],[16.2371,40.7373]],[[16.2369,40.7373],[16.237,40.7373],[16.2369,40.7372],[16.2368,40.7372],[16.2369,40.7373]],[[16.236,40.7379],[16.2361,40.7379],[16.236,40.7378],[16.236,40.7379]]]}},{"type":"Feature","properties":{"landuse":"farmland"},"geometry":{"type":"Polygon","coordinates":[[[16.2345,40.7335],[16.2298,40.735],[16.2311,40.7323],[16.2345,40.7335]],[[16.2305,40.7333],[16.2306,40.7333],[16.2311,40.7333],[16.2305,40.7333]],[[16.231,40.7332],[16.2305,40.7336],[16.2315,40.7332],[16.231,40.7332]]]}},{"type":"Feature","properties":{"landuse":"farmland"},"geometry":{"type":"Polygon","coordinates":[[[16.2282,40.7339],[16.2279,40.7371],[16.2227,40.738],[16.2282,40.7339]],[[16.2282,40.7348],[16.2281,40.7347],[16.228,40.7348],[16.2282,40.7348]]]}},{"type":"Feature","properties":{"landuse":"orchard"},"geometry":{"type":"Polygon","coordinates":[[[16.2545,40.7232],[16.2575,40.7225],[16.2542,40.7254],[16.2545,40.7232]],[[16.2546,40.725],[16.2546,40.725],[16.2546,40.725],[16.2546,40.725]]]}},{"type":"Feature","properties":{"landuse":"orchard"},"geometry":{"type":"Polygon","coordinates":[[[16.2469,40.7305],[16.2457,40.73],[16.2475,40.7293],[16.2469,40.7305]],[[16.2461,40.7297],[16.2461,40.7297],[16.2461,40.7297],[16.2461,40.7297]]]}},{"type":"Feature","properties":{"landuse":"farmland"},"geometry":{"type":"Polygon","coordinates":[[[16.2419,40.7301],[16.245,40.7294],[16.2441,40.7303],[16.2419,40.7301]],[[16.2423,40.7298],[16.2424,40.7297],[16.2423,40.7297],[16.2423,40.7298]]]}},{"type":"Feature","properties":{"landuse":"orchard"},"geometry":{"type":"Polygon","coordinates":[[[16.2438,40.7336],[16.2413,40.7336],[16.2425,40.7318],[16.2438,40.7336]],[[16.2406,40.7336],[16.2407,40.7336],[16.2406,40.7335],[16.2406,40.7336]],[[16.2407,40.7336],[16.2408,40.7335],[16.2407,40.7335],[16.2407,40.7336]]]}},{"type":"Feature","properties":{"landuse":"farmland"},"geometry":{"type":"Polygon","coordinates":[[[16.2377,40.7338],[16.2366,40.7327],[16.2388,40.7302],[16.2377,40.7338]],[[16.2366,40.7333],[16.237,40.7335],[16.2371,40.7333],[16.2366,40.7333]]]}},{"type":"Feature","properties":{"landuse":"farmland"},"geometry":{"type":"Polygon","coordinates":[[[16.2397,40.7316],[16.2411,40.7308],[16.2409,40.7318],[16.2397,40.7316]],[[16.2406,40.7315],[16.2406,40.7315],[16.2406,40.7315],[16.2406,40.7315]]]}},{"type":"Feature","properties":{"landuse":"orchard"},"geometry":{"type":"Polygon","coordinates":[[[16.24,40.7307],[16.2401,40.7325],[16.2387,40.7324],[16.24,40.7307]],[[16.239,40.7323],[16.2391,40.7323],[16.2391,40.7323],[16.2391,40.7323],[16.239,40.7323]]]}},{"type":"Feature","properties":{"landuse":"farmland"},"geometry":{"type":"Polygon","coordinates":[[[16.2301,40.7245],[16.2321,40.7255],[16.2321,40.7275],[16.2301,40.7245]],[[16.2304,40.7249],[16.2304,40.7249],[16.2304,40.7248],[16.2304,40.7249]]]}},{"type":"Feature","properties":{"landuse":"farmland"},"geometry":{"type":"Polygon","coordinates":[[[16.2141,40.7264],[16.2175,40.7285],[16.2129,40.728],[16.2141,40.7264]],[[16.2147,40.7277],[16.2157,40.728],[16.2147,40.7267],[16.2147,40.7277]]]}},{"type":"Feature","properties":{"landuse":"farmland"},"geometry":{"type":"Polygon","coordinates":[[[16.238,40.7169],[16.2459,40.7182],[16.2401,40.7164],[16.2437,40.7099],[16.2497,40.7112],[16.2479,40.7169],[16.25,40.7165],[16.248,40.7143],[16.2534,40.7141],[16.2482,40.72],[16.244,40.7189],[16.2454,40.7226],[16.251,40.7231],[16.2407,40.7284],[16.2435,40.7267],[16.2408,40.7266],[16.2415,40.7184],[16.2382,40.7239],[16.2353,40.7195],[16.238,40.7169]],[[16.2474,40.7118],[16.2481,40.711],[16.2475,40.7114],[16.2474,40.7118]],[[16.2471,40.7119],[16.2474,40.7117],[16.2469,40.7117],[16.2471,40.7119]],[[16.2428,40.7121],[16.244,40.7103],[16.2423,40.7113],[16.2428,40.7121]],[[16.2446,40.7171],[16.247,40.7157],[16.2456,40.7163],[16.2446,40.7171]],[[16.2454,40.7171],[16.2467,40.7168],[16.2463,40.7164],[16.2454,40.7171]],[[16.2425,40.7211],[16.243,40.7216],[16.2429,40.721],[16.2425,40.7211]],[[16.2454,40.7252],[16.2464,40.7241],[16.245,40.7247],[16.2454,40.7252]],[[16.2423,40.725],[16.2434,40.7246],[16.2429,40.7243],[16.2423,40.725]]]}},{"type":"Feature","properties":{"landuse":"orchard"},"geometry":{"type":"Polygon","coordinates":[[[16.2491,40.7256],[16.2495,40.724],[16.2507,40.7246],[16.2491,40.7256]],[[16.2495,40.7252],[16.2496,40.7251],[16.2495,40.7251],[16.2495,40.7252]]]}},{"type":"Feature","properties":{"landuse":"farmland"},"geometry":{"type":"Polygon","coordinates":[[[16.2577,40.7384],[16.2534,40.7381],[16.2559,40.7371],[16.2535,40.7356],[16.2615,40.7359],[16.2577,40.7384]],[[16.2567,40.7366],[16.2567,40.7367],[16.2574,40.7364],[16.2567,40.7366]],[[16.259,40.7371],[16.2589,40.7368],[16.2588,40.7369],[16.259,40.7371]]]}},{"type":"Feature","properties":{"landuse":"farmland"},"geometry":{"type":"Polygon","coordinates":[[[16.2773,40.7194],[16.2647,40.73],[16.2545,40.7292],[16.2625,40.7303],[16.2522,40.7324],[16.2547,40.7331],[16.2467,40.7369],[16.2508,40.7283],[16.2773,40.7194]],[[16.2731,40.7208],[16.2738,40.7204],[16.2731,40.7205],[16.2731,40.7208]],[[16.2686,40.7233],[16.2697,40.723],[16.27,40.7225],[16.2686,40.7233]],[[16.2701,40.7234],[16.2709,40.7241],[16.2724,40.7238],[16.2701,40.7234]],[[16.2656,40.725],[16.2668,40.724],[16.2661,40.7243],[16.2656,40.725]],[[16.2664,40.7246],[16.2665,40.7246],[16.2664,40.7246],[16.2664,40.7246]],[[16.2608,40.7261],[16.2609,40.7261],[16.2608,40.7261],[16.2608,40.7261]],[[16.2615,40.7273],[16.2616,40.7273],[16.2616,40.7273],[16.2615,40.7273]],[[16.2595,40.7275],[16.2626,40.7281],[16.2631,40.7271],[16.2595,40.7275]],[[16.2587,40.7271],[16.2588,40.727],[16.2587,40.727],[16.2587,40.7271]],[[16.2569,40.727],[16.2578,40.7266],[16.2572,40.7265],[16.2569,40.727]],[[16.2562,40.7275],[16.2562,40.7275],[16.2562,40.7275],[16.2562,40.7275]],[[16.2538,40.7319],[16.256,40.7318],[16.2565,40.7313],[16.2538,40.7319]],[[16.2494,40.7312],[16.2499,40.7312],[16.2497,40.7311],[16.2494,40.7312]],[[16.2484,40.7367],[16.2484,40.7366],[16.2484,40.7366],[16.2484,40.7366],[16.2484,40.7367]]]}},{"type":"Feature","properties":{"landuse":"farmland"},"geometry":{"type":"Polygon","coordinates":[[[16.2605,40.7189],[16.2583,40.7166],[16.261,40.7167],[16.2605,40.7189]],[[16.2602,40.718],[16.2603,40.7177],[16.2602,40.7178],[16.2602,40.718]],[[16.2601,40.719],[16.2606,40.7176],[16.2611,40.7179],[16.2601,40.719]]]}},{"type":"Feature","properties":{"landuse":"farmland"},"geometry":{"type":"Polygon","coordinates":[[[16.2601,40.7434],[16.2633,40.7367],[16.2695,40.7355],[16.2654,40.7337],[16.2654,40.729],[16.2775,40.72],[16.2771,40.7069],[16.2852,40.7183],[16.2905,40.7203],[16.2853,40.7374],[16.2822,40.7412],[16.2655,40.7459],[16.2601,40.7434]],[[16.2803,40.7364],[16.2804,40.7363],[16.2802,40.7362],[16.2801,40.7363],[16.2803,40.7364]],[[16.2852,40.7363],[16.2851,40.7362],[16.2851,40.7362],[16.2852,40.7363]],[[16.2887,40.7237],[16.2895,40.7228],[16.288,40.7231],[16.2887,40.7237]],[[16.2727,40.7273],[16.2742,40.7279],[16.2737,40.7267],[16.2727,40.7273]],[[16.2763,40.7317],[16.2765,40.7313],[16.2754,40.7313],[16.2763,40.7317]],[[16.2687,40.7358],[16.2696,40.7358],[16.27,40.7355],[16.2687,40.7358]],[[16.2636,40.7372],[16.2644,40.738],[16.2645,40.7372],[16.2636,40.7372]],[[16.2649,40.7385],[16.265,40.7384],[16.2649,40.7384],[16.2649,40.7385]],[[16.2669,40.7383],[16.267,40.7382],[16.2669,40.7382],[16.2668,40.7382],[16.2669,40.7383]],[[16.2661,40.744],[16.2661,40.744],[16.2661,40.744],[16.266,40.744],[16.2661,40.744]],[[16.2652,40.7445],[16.2653,40.7444],[16.2652,40.7444],[16.2652,40.7445]],[[16.2604,40.7448],[16.2602,40.7448],[16.2603,40.7449],[16.2604,40.7448]],[[16.2816,40.719],[16.2813,40.7207],[16.2822,40.7194],[16.2816,40.719]]]}},{"type":"Feature","properties":{"landuse":"farmland"},"geometry":{"type":"Polygon","coordinates":[[[15.6958,40.7395],[15.7027,40.7418],[15.6982,40.7433],[15.6958,40.7395]],[[15.7001,40.7414],[15.7001,40.7414],[15.7001,40.7414],[15.7001,40.7414]],[[15.7002,40.7413],[15.7002,40.7412],[15.7002,40.7413],[15.7002,40.7413]],[[15.6984,40.7424],[15.699,40.7421],[15.6984,40.742],[15.6984,40.7424]]]}},{"type":"Feature","properties":{"landuse":"farmland"},"geometry":{"type":"Polygon","coordinates":[[[15.6863,40.7458],[15.6849,40.7451],[15.6882,40.7466],[15.6863,40.7458]],[[15.6856,40.745],[15.6856,40.745],[15.6857,40.745],[15.6856,40.745]],[[15.6869,40.7456],[15.687,40.7456],[15.687,40.7456],[15.6869,40.7456]],[[15.6868,40.7455],[15.6869,40.7454],[15.6868,40.7454],[15.6868,40.7455]]]}},{"type":"Feature","properties":{"landuse":"farmland"},"geometry":{"type":"Polygon","coordinates":[[[15.6855,40.7374],[15.688,40.7391],[15.6863,40.7409],[15.6855,40.7374]],[[15.6867,40.7398],[15.6864,40.7395],[15.6863,40.7397],[15.6867,40.7398]],[[15.6871,40.7383],[15.6872,40.7383],[15.6871,40.7382],[15.6871,40.7383]],[[15.6856,40.7383],[15.6856,40.7382],[15.6855,40.7381],[15.6856,40.7383]]]}},{"type":"Feature","properties":{"landuse":"farmland"},"geometry":{"type":"Polygon","coordinates":[[[15.6887,40.7383],[15.6873,40.7383],[15.6876,40.7362],[15.6887,40.7383]],[[15.6873,40.7382],[15.6873,40.7381],[15.6871,40.7381],[15.6873,40.7382]]]}},{"type":"Feature","properties":{"landuse":"farmland"},"geometry":{"type":"Polygon","coordinates":[[[15.6995,40.7354],[15.7007,40.7358],[15.6983,40.7359],[15.6995,40.7354]],[[15.6987,40.7353],[15.6988,40.7353],[15.6987,40.7353],[15.6987,40.7353]],[[15.6989,40.7359],[15.6989,40.7358],[15.6989,40.7358],[15.6989,40.7359]],[[15.6988,40.7359],[15.6989,40.7359],[15.6988,40.7359],[15.6988,40.7359]],[[15.699,40.7362],[15.699,40.7362],[15.699,40.7362],[15.699,40.7362]],[[15.6994,40.7358],[15.6994,40.7358],[15.6994,40.7358],[15.6994,40.7358]]]}},{"type":"Feature","properties":{"landuse":"farmland"},"geometry":{"type":"Polygon","coordinates":[[[15.6937,40.7312],[15.698,40.733],[15.6955,40.7339],[15.6937,40.7312]],[[15.6949,40.7316],[15.695,40.7334],[15.6959,40.7319],[15.6949,40.7316]]]}},{"type":"Feature","properties":{"landuse":"farmland"},"geometry":{"type":"Polygon","coordinates":[[[15.6077,40.9219],[15.6035,40.9148],[15.6099,40.9204],[15.6077,40.9219]],[[15.6058,40.9201],[15.6063,40.9202],[15.6053,40.9195],[15.6058,40.9201]],[[15.6084,40.9216],[15.6085,40.9208],[15.6076,40.9204],[15.6084,40.9216]]]}},{"type":"Feature","properties":{"landuse":"farmland"},"geometry":{"type":"Polygon","coordinates":[[[15.6892,40.7299],[15.6901,40.7313],[15.6864,40.7291],[15.6892,40.7299]],[[15.6887,40.7308],[15.6888,40.7308],[15.6888,40.7307],[15.6887,40.7308],[15.6887,40.7308]]]}},{"type":"Feature","properties":{"landuse":"farmland"},"geometry":{"type":"Polygon","coordinates":[[[15.6718,40.7375],[15.6707,40.7376],[15.6745,40.7373],[15.6718,40.7375]],[[15.6735,40.7373],[15.6737,40.7371],[15.6732,40.7367],[15.6735,40.7373]]]}},{"type":"Feature","properties":{"landuse":"farmland"},"geometry":{"type":"Polygon","coordinates":[[[15.6664,40.7256],[15.6681,40.7277],[15.6634,40.7231],[15.6664,40.7256]],[[15.6678,40.7276],[15.6678,40.7276],[15.6678,40.7276],[15.6677,40.7276],[15.6678,40.7276]]]}},{"type":"Feature","properties":{"landuse":"farmland"},"geometry":{"type":"Polygon","coordinates":[[[15.6686,40.7236],[15.6664,40.7234],[15.6702,40.7216],[15.6686,40.7236]],[[15.6699,40.7226],[15.6699,40.7226],[15.6699,40.7226],[15.6699,40.7226]],[[15.6674,40.7233],[15.6673,40.7233],[15.6673,40.7234],[15.6674,40.7233]],[[15.6675,40.7234],[15.6675,40.7233],[15.6674,40.7233],[15.6675,40.7234]]]}},{"type":"Feature","properties":{"landuse":"farmland"},"geometry":{"type":"Polygon","coordinates":[[[15.6747,40.721],[15.6713,40.7248],[15.6742,40.7193],[15.6768,40.7215],[15.6747,40.721]],[[15.6724,40.7218],[15.6724,40.7218],[15.6724,40.7217],[15.6724,40.7218],[15.6724,40.7218]]]}},{"type":"Feature","properties":{"landuse":"farmland"},"geometry":{"type":"Polygon","coordinates":[[[15.6781,40.7235],[15.6801,40.7239],[15.6787,40.7256],[15.6781,40.7235]],[[15.679,40.7254],[15.6789,40.7253],[15.6788,40.7254],[15.679,40.7254]]]}},{"type":"Feature","properties":{"landuse":"farmland"},"geometry":{"type":"Polygon","coordinates":[[[15.6834,40.7254],[15.684,40.7236],[15.6856,40.725],[15.6834,40.7254]],[[15.6845,40.7253],[15.6848,40.7253],[15.6845,40.7249],[15.6845,40.7253]]]}},{"type":"Feature","properties":{"landuse":"farmland"},"geometry":{"type":"Polygon","coordinates":[[[15.6629,40.7189],[15.6681,40.717],[15.666,40.7197],[15.6629,40.7189]],[[15.6673,40.7187],[15.6672,40.7186],[15.6672,40.7187],[15.6673,40.7187]],[[15.6676,40.7177],[15.6676,40.7177],[15.6676,40.7177],[15.6676,40.7177]]]}},{"type":"Feature","properties":{"landuse":"farmland"},"geometry":{"type":"Polygon","coordinates":[[[15.6737,40.7181],[15.6724,40.7181],[15.6734,40.7169],[15.6741,40.7185],[15.6725,40.7183],[15.6737,40.7181]],[[15.673,40.718],[15.6729,40.7181],[15.673,40.718],[15.673,40.718]],[[15.6739,40.7175],[15.6739,40.7175],[15.6739,40.7174],[15.6739,40.7175]],[[15.6735,40.7177],[15.6739,40.7175],[15.6736,40.7174],[15.6735,40.7177]]]}},{"type":"Feature","properties":{"landuse":"farmland"},"geometry":{"type":"Polygon","coordinates":[[[15.69,40.7229],[15.6877,40.7229],[15.6892,40.7208],[15.69,40.7229]],[[15.6899,40.7221],[15.69,40.7221],[15.69,40.722],[15.6899,40.7221]],[[15.6901,40.7222],[15.6902,40.7221],[15.6901,40.722],[15.6901,40.7222]]]}},{"type":"Feature","properties":{"landuse":"farmland"},"geometry":{"type":"Polygon","coordinates":[[[15.6905,40.7209],[15.6896,40.7195],[15.6918,40.7195],[15.6905,40.7209]],[[15.6901,40.7198],[15.6903,40.7195],[15.69,40.7193],[15.6901,40.7198]]]}},{"type":"Feature","properties":{"landuse":"farmland"},"geometry":{"type":"Polygon","coordinates":[[[15.6871,40.717],[15.6856,40.7171],[15.6861,40.7159],[15.6871,40.717]],[[15.6857,40.7172],[15.6857,40.7172],[15.6857,40.7172],[15.6857,40.7172]]]}},{"type":"Feature","properties":{"landuse":"farmland"},"geometry":{"type":"Polygon","coordinates":[[[15.698,40.7202],[15.6965,40.7208],[15.6974,40.7191],[15.698,40.7202]],[[15.6976,40.7211],[15.6976,40.7211],[15.6975,40.7211],[15.6976,40.7211]],[[15.6976,40.7206],[15.6976,40.7209],[15.6981,40.7206],[15.6976,40.7206]]]}},{"type":"Feature","properties":{"landuse":"farmland"},"geometry":{"type":"Polygon","coordinates":[[[15.6959,40.7186],[15.6952,40.7198],[15.6941,40.7189],[15.6959,40.7186]],[[15.695,40.7197],[15.6951,40.7195],[15.6949,40.7195],[15.695,40.7197]]]}},{"type":"Feature","properties":{"landuse":"farmland"},"geometry":{"type":"Polygon","coordinates":[[[15.6939,40.7199],[15.692,40.7195],[15.6938,40.7191],[15.6939,40.7199]],[[15.6929,40.72],[15.693,40.72],[15.6929,40.72],[15.6929,40.72],[15.6929,40.72]]]}},{"type":"Feature","properties":{"landuse":"farmland"},"geometry":{"type":"Polygon","coordinates":[[[15.6942,40.7161],[15.6963,40.7166],[15.694,40.7183],[15.6942,40.7161]],[[15.6937,40.7171],[15.6937,40.7171],[15.6937,40.7171],[15.6937,40.7171]]]}},{"type":"Feature","properties":{"landuse":"farmland"},"geometry":{"type":"Polygon","coordinates":[[[15.7111,40.7147],[15.7125,40.7141],[15.7089,40.7157],[15.7111,40.7147]],[[15.7103,40.7156],[15.7106,40.7155],[15.7108,40.7151],[15.7103,40.7156]]]}},{"type":"Feature","properties":{"landuse":"farmland"},"geometry":{"type":"Polygon","coordinates":[[[15.7115,40.7171],[15.7106,40.7165],[15.7116,40.7161],[15.7115,40.7171]],[[15.7117,40.7164],[15.7118,40.7163],[15.7117,40.7163],[15.7117,40.7164]]]}},{"type":"Feature","properties":{"landuse":"farmland"},"geometry":{"type":"Polygon","coordinates":[[[15.7125,40.7168],[15.7135,40.7151],[15.7139,40.7164],[15.7125,40.7168]],[[15.7131,40.7159],[15.7131,40.7159],[15.7131,40.7158],[15.713,40.7159],[15.7131,40.7159]],[[15.7129,40.7162],[15.7129,40.7161],[15.7129,40.7161],[15.7129,40.7162]],[[15.7128,40.716],[15.7128,40.716],[15.7128,40.716],[15.7127,40.716],[15.7128,40.716]]]}},{"type":"Feature","properties":{"landuse":"farmland"},"geometry":{"type":"Polygon","coordinates":[[[15.7211,40.7123],[15.721,40.7101],[15.7231,40.7112],[15.7217,40.715],[15.7211,40.7123]],[[15.7209,40.7116],[15.721,40.7116],[15.721,40.7115],[15.7209,40.7115],[15.7209,40.7116]],[[15.7218,40.7125],[15.7219,40.7125],[15.7219,40.7124],[15.7218,40.7125]],[[15.722,40.7101],[15.7223,40.7097],[15.7221,40.7096],[15.722,40.7101]],[[15.7223,40.7112],[15.7224,40.7111],[15.7221,40.7108],[15.7223,40.7112]]]}},{"type":"Feature","properties":{"landuse":"farmland"},"geometry":{"type":"Polygon","coordinates":[[[15.7203,40.7111],[15.7205,40.7131],[15.7181,40.7104],[15.7203,40.7111]],[[15.7202,40.7115],[15.7203,40.7115],[15.7203,40.7115],[15.7202,40.7115]]]}},{"type":"Feature","properties":{"landuse":"farmland"},"geometry":{"type":"Polygon","coordinates":[[[15.7122,40.7176],[15.7112,40.7186],[15.7102,40.7176],[15.7122,40.7176]],[[15.7123,40.7174],[15.7123,40.7174],[15.7123,40.7173],[15.7123,40.7173],[15.7123,40.7174]]]}},{"type":"Feature","properties":{"landuse":"farmland"},"geometry":{"type":"Polygon","coordinates":[[[15.7154,40.7119],[15.7216,40.7075],[15.722,40.709],[15.7154,40.7119]],[[15.7153,40.7131],[15.7154,40.7131],[15.7154,40.7131],[15.7153,40.7131],[15.7153,40.7131]]]}},{"type":"Feature","properties":{"landuse":"farmland"},"geometry":{"type":"Polygon","coordinates":[[[15.7273,40.7084],[15.7261,40.7084],[15.7272,40.7065],[15.7273,40.7084]],[[15.7278,40.7078],[15.7279,40.7078],[15.7279,40.7078],[15.7278,40.7078]]]}},{"type":"Feature","properties":{"landuse":"farmland"},"geometry":{"type":"Polygon","coordinates":[[[15.7333,40.7075],[15.7308,40.709],[15.7326,40.7071],[15.7333,40.7075]],[[15.7325,40.7077],[15.7325,40.7077],[15.7324,40.7077],[15.7325,40.7077]]]}},{"type":"Feature","properties":{"landuse":"farmland"},"geometry":{"type":"Polygon","coordinates":[[[15.7296,40.7081],[15.7288,40.7071],[15.73,40.706],[15.7296,40.7081]],[[15.7295,40.7069],[15.7296,40.7068],[15.7295,40.7068],[15.7295,40.7069]]]}},{"type":"Feature","properties":{"landuse":"farmland"},"geometry":{"type":"Polygon","coordinates":[[[15.7312,40.7077],[15.7305,40.7051],[15.7337,40.706],[15.7312,40.7077]],[[15.7312,40.7074],[15.7312,40.7074],[15.7313,40.7073],[15.7312,40.7073],[15.7312,40.7074]],[[15.7332,40.7067],[15.7333,40.7066],[15.7333,40.7066],[15.7332,40.7066],[15.7332,40.7067]]]}},{"type":"Feature","properties":{"landuse":"farmland"},"geometry":{"type":"Polygon","coordinates":[[[15.7358,40.7062],[15.7329,40.7052],[15.7353,40.7036],[15.7358,40.7062]],[[15.7357,40.7052],[15.7357,40.7052],[15.7356,40.7052],[15.7357,40.7052]]]}},{"type":"Feature","properties":{"landuse":"farmland"},"geometry":{"type":"Polygon","coordinates":[[[15.7325,40.7032],[15.7328,40.7012],[15.7364,40.7004],[15.7325,40.7032]],[[15.7342,40.7028],[15.7343,40.7027],[15.7342,40.7028],[15.7342,40.7028]],[[15.7342,40.7025],[15.7341,40.7025],[15.7342,40.7026],[15.7342,40.7025]]]}},{"type":"Feature","properties":{"landuse":"farmland"},"geometry":{"type":"Polygon","coordinates":[[[15.7377,40.6962],[15.7367,40.698],[15.7306,40.6962],[15.7377,40.6962]],[[15.734,40.6966],[15.734,40.6961],[15.7338,40.6962],[15.734,40.6966]]]}},{"type":"Feature","properties":{"landuse":"farmland"},"geometry":{"type":"Polygon","coordinates":[[[15.7103,40.7105],[15.7096,40.7075],[15.7128,40.7086],[15.7103,40.7105]],[[15.711,40.7088],[15.7111,40.7088],[15.711,40.7088],[15.711,40.7088]]]}},{"type":"Feature","properties":{"landuse":"farmland"},"geometry":{"type":"Polygon","coordinates":[[[15.7063,40.7077],[15.7071,40.7065],[15.7093,40.7068],[15.7063,40.7077]],[[15.7083,40.7073],[15.7083,40.7072],[15.7083,40.7072],[15.7083,40.7073]]]}},{"type":"Feature","properties":{"landuse":"farmland"},"geometry":{"type":"Polygon","coordinates":[[[15.7014,40.71],[15.7078,40.7125],[15.7008,40.7114],[15.7014,40.71]],[[15.7024,40.7108],[15.7023,40.7109],[15.7024,40.7109],[15.7024,40.7108]]]}},{"type":"Feature","properties":{"landuse":"farmland"},"geometry":{"type":"Polygon","coordinates":[[[15.6973,40.7098],[15.6954,40.7115],[15.6964,40.7091],[15.6973,40.7098]],[[15.6966,40.7093],[15.6966,40.7093],[15.6966,40.7093],[15.6965,40.7093],[15.6966,40.7093]]]}},{"type":"Feature","properties":{"landuse":"farmland"},"geometry":{"type":"Polygon","coordinates":[[[15.7151,40.6994],[15.7145,40.702],[15.7127,40.7016],[15.7151,40.6994]],[[15.7143,40.7018],[15.7145,40.7017],[15.7142,40.7017],[15.7143,40.7018]],[[15.7131,40.7018],[15.7137,40.7015],[15.7133,40.7014],[15.7131,40.7018]]]}},{"type":"Feature","properties":{"landuse":"farmland"},"geometry":{"type":"Polygon","coordinates":[[[15.7131,40.7005],[15.7101,40.6989],[15.7136,40.6975],[15.7131,40.7005]],[[15.7123,40.698],[15.7123,40.698],[15.7124,40.698],[15.7123,40.698]],[[15.7136,40.6981],[15.7137,40.6981],[15.7137,40.6981],[15.7136,40.6981]],[[15.7126,40.6989],[15.7132,40.6986],[15.7125,40.6987],[15.7126,40.6989]]]}},{"type":"Feature","properties":{"landuse":"farmland"},"geometry":{"type":"Polygon","coordinates":[[[15.7104,40.7039],[15.7069,40.7039],[15.7105,40.7015],[15.7104,40.7039]],[[15.7104,40.7018],[15.7104,40.7017],[15.7104,40.7017],[15.7104,40.7018]]]}},{"type":"Feature","properties":{"landuse":"farmland"},"geometry":{"type":"Polygon","coordinates":[[[15.6963,40.7028],[15.6989,40.7005],[15.6991,40.704],[15.6963,40.7028]],[[15.6992,40.7022],[15.6992,40.7023],[15.6992,40.7022],[15.6992,40.7022],[15.6992,40.7022]],[[15.698,40.7036],[15.6985,40.7035],[15.6984,40.7031],[15.698,40.7036]]]}},{"type":"Feature","properties":{"landuse":"farmland"},"geometry":{"type":"Polygon","coordinates":[[[15.6897,40.7077],[15.6919,40.7072],[15.6908,40.709],[15.6897,40.7077]],[[15.692,40.7085],[15.692,40.7085],[15.6919,40.7085],[15.6919,40.7085],[15.692,40.7085]]]}},{"type":"Feature","properties":{"landuse":"farmland"},"geometry":{"type":"Polygon","coordinates":[[[15.6932,40.7092],[15.6952,40.708],[15.6954,40.7095],[15.6932,40.7092]],[[15.6948,40.7096],[15.6948,40.7096],[15.6949,40.7096],[15.6948,40.7095],[15.6948,40.7096]]]}},{"type":"Feature","properties":{"landuse":"farmland"},"geometry":{"type":"Polygon","coordinates":[[[15.6893,40.7116],[15.6887,40.7105],[15.69,40.7106],[15.6893,40.7116]],[[15.6894,40.7108],[15.6894,40.7108],[15.6894,40.7108],[15.6894,40.7108],[15.6894,40.7108]],[[15.6892,40.7113],[15.6893,40.7113],[15.689,40.7109],[15.6892,40.7113]]]}},{"type":"Feature","properties":{"landuse":"farmland"},"geometry":{"type":"Polygon","coordinates":[[[15.6832,40.7133],[15.6828,40.7152],[15.6804,40.7134],[15.6832,40.7133]],[[15.6814,40.7137],[15.6816,40.7137],[15.6815,40.7136],[15.6814,40.7137]]]}},{"type":"Feature","properties":{"landuse":"farmland"},"geometry":{"type":"Polygon","coordinates":[[[15.683,40.7109],[15.6805,40.7109],[15.6807,40.7085],[15.683,40.7109]],[[15.682,40.7101],[15.6827,40.7106],[15.6825,40.71],[15.682,40.7101]],[[15.6811,40.7104],[15.6812,40.7103],[15.6811,40.7103],[15.6811,40.7104]]]}},{"type":"Feature","properties":{"landuse":"farmland"},"geometry":{"type":"Polygon","coordinates":[[[15.6753,40.7132],[15.6732,40.7141],[15.6733,40.7131],[15.6753,40.7132]],[[15.6734,40.7138],[15.6734,40.7138],[15.6733,40.7138],[15.6734,40.7138]],[[15.6736,40.7136],[15.6735,40.7136],[15.6734,40.7137],[15.6736,40.7136]]]}},{"type":"Feature","properties":{"landuse":"farmland"},"geometry":{"type":"Polygon","coordinates":[[[15.6986,40.6934],[15.7017,40.6931],[15.6987,40.6957],[15.6986,40.6934]],[[15.6997,40.6935],[15.6998,40.6935],[15.6998,40.6935],[15.6997,40.6935],[15.6997,40.6935]],[[15.699,40.6935],[15.6991,40.6935],[15.6991,40.6935],[15.699,40.6935],[15.699,40.6935]],[[15.699,40.6935],[15.6991,40.6935],[15.699,40.6935],[15.699,40.6935]],[[15.6995,40.6956],[15.6998,40.6947],[15.6994,40.6947],[15.6995,40.6956]]]}},{"type":"Feature","properties":{"landuse":"farmland"},"geometry":{"type":"Polygon","coordinates":[[[15.6914,40.7012],[15.6949,40.6989],[15.6933,40.7024],[15.6914,40.7012]],[[15.6947,40.6991],[15.6955,40.6993],[15.6957,40.6991],[15.6947,40.6991]]]}},{"type":"Feature","properties":{"landuse":"farmland"},"geometry":{"type":"Polygon","coordinates":[[[15.6986,40.6934],[15.6961,40.6929],[15.6993,40.6925],[15.6986,40.6934]],[[15.6972,40.6932],[15.6973,40.6932],[15.6973,40.6932],[15.6972,40.6932]],[[15.698,40.6933],[15.698,40.6928],[15.6976,40.693],[15.698,40.6933]]]}},{"type":"Feature","properties":{"landuse":"farmland"},"geometry":{"type":"Polygon","coordinates":[[[15.6939,40.6978],[15.6926,40.6942],[15.6976,40.6939],[15.6939,40.6978]],[[15.6962,40.6954],[15.6962,40.6954],[15.6963,40.6954],[15.6962,40.6953],[15.6962,40.6954]],[[15.6964,40.6939],[15.6963,40.6938],[15.6963,40.6938],[15.6964,40.6939]],[[15.6932,40.6945],[15.6944,40.6948],[15.6948,40.6941],[15.6932,40.6945]],[[15.6937,40.6956],[15.6933,40.6947],[15.6927,40.6948],[15.6937,40.6956]],[[15.6946,40.6966],[15.6946,40.696],[15.6943,40.6966],[15.6946,40.6966]]]}},{"type":"Feature","properties":{"landuse":"farmland"},"geometry":{"type":"Polygon","coordinates":[[[15.6913,40.6974],[15.6922,40.6983],[15.6914,40.699],[15.6906,40.6979],[15.6913,40.6974]],[[15.6913,40.6979],[15.6919,40.698],[15.6918,40.6977],[15.6913,40.6979]]]}},{"type":"Feature","properties":{"landuse":"farmland"},"geometry":{"type":"Polygon","coordinates":[[[15.6939,40.6893],[15.6937,40.6914],[15.6915,40.691],[15.6939,40.6893]],[[15.6942,40.6903],[15.6944,40.6902],[15.6941,40.6901],[15.6942,40.6903]]]}},{"type":"Feature","properties":{"landuse":"farmland"},"geometry":{"type":"Polygon","coordinates":[[[15.6896,40.6875],[15.6874,40.6873],[15.6912,40.6869],[15.6896,40.6875]],[[15.6899,40.6879],[15.6904,40.6881],[15.6903,40.6878],[15.6899,40.6879]]]}},{"type":"Feature","properties":{"landuse":"farmland"},"geometry":{"type":"Polygon","coordinates":[[[15.6849,40.704],[15.6846,40.703],[15.6858,40.7036],[15.6849,40.704]],[[15.6854,40.7043],[15.6855,40.7042],[15.6853,40.7042],[15.6854,40.7043]]]}},{"type":"Feature","properties":{"landuse":"farmland"},"geometry":{"type":"Polygon","coordinates":[[[15.6878,40.695],[15.6856,40.6948],[15.6888,40.6936],[15.6878,40.695]],[[15.6861,40.6937],[15.6861,40.6935],[15.6857,40.6935],[15.6861,40.6937]],[[15.6865,40.6945],[15.687,40.695],[15.6871,40.6946],[15.6865,40.6945]]]}},{"type":"Feature","properties":{"landuse":"farmland"},"geometry":{"type":"Polygon","coordinates":[[[15.6765,40.6887],[15.6752,40.6909],[15.6739,40.6888],[15.6781,40.6844],[15.6798,40.6859],[15.6765,40.6887]],[[15.6765,40.6862],[15.6771,40.6861],[15.677,40.6858],[15.6765,40.6862]],[[15.6757,40.6901],[15.676,40.69],[15.6757,40.6898],[15.6757,40.6901]],[[15.6748,40.6901],[15.6757,40.6901],[15.6756,40.69],[15.6748,40.6901]]]}},{"type":"Feature","properties":{"landuse":"farmland"},"geometry":{"type":"Polygon","coordinates":[[[15.6519,40.7013],[15.6529,40.7017],[15.6516,40.7023],[15.6519,40.7013]],[[15.6511,40.7007],[15.6512,40.7006],[15.6511,40.7006],[15.6511,40.7007]],[[15.6516,40.7022],[15.6518,40.7021],[15.6517,40.7021],[15.6516,40.7021],[15.6516,40.7022]]]}},{"type":"Feature","properties":{"landuse":"farmland"},"geometry":{"type":"Polygon","coordinates":[[[15.6521,40.7044],[15.6513,40.7034],[15.6539,40.7037],[15.6521,40.7044]],[[15.6529,40.7041],[15.653,40.7043],[15.6531,40.7041],[15.6529,40.7041]]]}},{"type":"Feature","properties":{"landuse":"farmland"},"geometry":{"type":"Polygon","coordinates":[[[15.6835,40.6998],[15.6848,40.6977],[15.6874,40.6998],[15.686,40.7026],[15.6835,40.6998]],[[15.6844,40.6998],[15.685,40.6997],[15.685,40.6994],[15.6844,40.6998]],[[15.6866,40.7],[15.6867,40.7],[15.6867,40.6999],[15.6866,40.7]],[[15.6843,40.7004],[15.6844,40.7004],[15.6843,40.7004],[15.6843,40.7004],[15.6843,40.7004]],[[15.6858,40.7009],[15.6857,40.7009],[15.6858,40.701],[15.6858,40.7009]],[[15.6852,40.7019],[15.6853,40.7019],[15.6853,40.7018],[15.6853,40.7018],[15.6852,40.7019]],[[15.6855,40.702],[15.6856,40.702],[15.6855,40.7019],[15.6855,40.702]],[[15.6857,40.7019],[15.6861,40.7021],[15.6862,40.7018],[15.6857,40.7019]]]}},{"type":"Feature","properties":{"landuse":"farmland"},"geometry":{"type":"Polygon","coordinates":[[[15.6827,40.7001],[15.6838,40.7032],[15.6817,40.6984],[15.6827,40.7001]],[[15.6827,40.701],[15.6827,40.7009],[15.6827,40.701],[15.6827,40.701]]]}},{"type":"Feature","properties":{"landuse":"farmland"},"geometry":{"type":"Polygon","coordinates":[[[15.6626,40.7],[15.6646,40.7011],[15.6602,40.7027],[15.6626,40.7]],[[15.6629,40.7012],[15.6626,40.7006],[15.6626,40.7012],[15.6629,40.7012]],[[15.663,40.7012],[15.6634,40.7012],[15.6632,40.7009],[15.663,40.7012]],[[15.6629,40.701],[15.6632,40.7008],[15.6628,40.7008],[15.6629,40.701]]]}},{"type":"Feature","properties":{"landuse":"farmland"},"geometry":{"type":"Polygon","coordinates":[[[15.6728,40.7085],[15.6759,40.7073],[15.6757,40.7104],[15.6698,40.7073],[15.6728,40.7085]],[[15.674,40.7098],[15.6744,40.71],[15.6744,40.7099],[15.674,40.7098]]]}},{"type":"Feature","properties":{"landuse":"farmland"},"geometry":{"type":"Polygon","coordinates":[[[15.6717,40.7026],[15.6771,40.704],[15.6764,40.7063],[15.6733,40.7072],[15.6717,40.7026]],[[15.6746,40.7053],[15.6753,40.7053],[15.675,40.7049],[15.6746,40.7053]],[[15.6735,40.7061],[15.6739,40.7062],[15.6731,40.7061],[15.6735,40.7061]],[[15.6747,40.706],[15.6756,40.7059],[15.6746,40.7058],[15.6747,40.706]],[[15.6743,40.7062],[15.6748,40.7061],[15.6743,40.7061],[15.6743,40.7062]],[[15.6753,40.7065],[15.6757,40.7062],[15.6755,40.7061],[15.6753,40.7065]],[[15.6745,40.7066],[15.675,40.7068],[15.6749,40.7063],[15.6745,40.7066]]]}},{"type":"Feature","properties":{"landuse":"farmland"},"geometry":{"type":"Polygon","coordinates":[[[15.6774,40.7065],[15.6809,40.7035],[15.6811,40.7066],[15.6774,40.7065]],[[15.6771,40.7057],[15.677,40.7055],[15.677,40.7056],[15.6771,40.7057]],[[15.6773,40.7062],[15.6773,40.7062],[15.6773,40.7062],[15.6773,40.7062]],[[15.6792,40.7057],[15.6793,40.7057],[15.6793,40.7056],[15.6792,40.7057]],[[15.6794,40.706],[15.6794,40.7059],[15.6794,40.7059],[15.6794,40.706]],[[15.6795,40.7055],[15.6793,40.7056],[15.6795,40.706],[15.6795,40.7055]],[[15.679,40.7058],[15.6795,40.7063],[15.6792,40.7057],[15.679,40.7058]],[[15.6793,40.7065],[15.6787,40.7065],[15.6795,40.7064],[15.679,40.7059],[15.6793,40.7065]],[[15.6787,40.7065],[15.6792,40.7067],[15.6789,40.7064],[15.6787,40.7065]]]}},{"type":"Feature","properties":{"landuse":"farmland"},"geometry":{"type":"Polygon","coordinates":[[[15.6756,40.6943],[15.6781,40.6944],[15.6742,40.6954],[15.6756,40.6943]],[[15.6763,40.6944],[15.6763,40.6944],[15.6763,40.6944],[15.6763,40.6944]]]}},{"type":"Feature","properties":{"landuse":"farmland"},"geometry":{"type":"Polygon","coordinates":[[[15.6756,40.6982],[15.6765,40.6969],[15.6779,40.6979],[15.6756,40.6982]],[[15.6768,40.6979],[15.6772,40.6978],[15.6771,40.6974],[15.6768,40.6979]]]}},{"type":"Feature","properties":{"landuse":"farmland"},"geometry":{"type":"Polygon","coordinates":[[[15.6647,40.692],[15.6645,40.694],[15.663,40.6919],[15.6647,40.692]],[[15.6634,40.692],[15.6636,40.6918],[15.6636,40.6917],[15.6634,40.692]],[[15.6643,40.6926],[15.6645,40.6925],[15.6642,40.6922],[15.6643,40.6926]]]}},{"type":"Feature","properties":{"landuse":"farmland"},"geometry":{"type":"Polygon","coordinates":[[[15.6662,40.6952],[15.6662,40.6942],[15.6673,40.6961],[15.6662,40.6952]],[[15.6661,40.695],[15.6658,40.6949],[15.6656,40.6951],[15.6661,40.695]],[[15.6658,40.6947],[15.6661,40.695],[15.6663,40.6946],[15.6658,40.6947]]]}},{"type":"Feature","properties":{"landuse":"farmland"},"geometry":{"type":"Polygon","coordinates":[[[15.6638,40.6974],[15.6649,40.6973],[15.6632,40.699],[15.6638,40.6974]],[[15.6638,40.6981],[15.6639,40.6981],[15.6639,40.698],[15.6638,40.6981]]]}},{"type":"Feature","properties":{"landuse":"farmland"},"geometry":{"type":"Polygon","coordinates":[[[15.6672,40.6969],[15.6654,40.6975],[15.6655,40.6963],[15.6672,40.6969]],[[15.6678,40.6967],[15.6678,40.6967],[15.6679,40.6967],[15.6678,40.6966],[15.6678,40.6967]],[[15.6667,40.6965],[15.6667,40.6965],[15.6667,40.6965],[15.6667,40.6965]]]}},{"type":"Feature","properties":{"landuse":"farmland"},"geometry":{"type":"Polygon","coordinates":[[[15.6743,40.6975],[15.6773,40.6993],[15.6729,40.6989],[15.6743,40.6975]],[[15.6733,40.6981],[15.6732,40.6981],[15.6732,40.6982],[15.6733,40.6981]],[[15.6734,40.698],[15.6734,40.698],[15.6732,40.698],[15.6734,40.698]]]}},{"type":"Feature","properties":{"landuse":"farmland"},"geometry":{"type":"Polygon","coordinates":[[[15.6205,40.7121],[15.6194,40.7132],[15.617,40.7099],[15.6205,40.7121]],[[15.6195,40.7123],[15.6195,40.7123],[15.6195,40.7123],[15.6195,40.7123]],[[15.6195,40.7119],[15.6195,40.712],[15.6195,40.7119],[15.6195,40.7119]],[[15.6198,40.7121],[15.6199,40.7121],[15.6198,40.7121],[15.6198,40.7121]]]}},{"type":"Feature","properties":{"landuse":"farmland"},"geometry":{"type":"Polygon","coordinates":[[[15.6209,40.7121],[15.6182,40.7099],[15.6229,40.7118],[15.6209,40.7121]],[[15.6185,40.7101],[15.6186,40.71],[15.6185,40.71],[15.6185,40.71],[15.6185,40.7101]],[[15.6186,40.7101],[15.6187,40.7101],[15.6186,40.71],[15.6186,40.7101]]]}},{"type":"Feature","properties":{"landuse":"farmland"},"geometry":{"type":"Polygon","coordinates":[[[15.6168,40.7128],[15.6147,40.7139],[15.6137,40.7099],[15.6164,40.7088],[15.6192,40.7131],[15.6168,40.7128]],[[15.6148,40.7115],[15.6154,40.7111],[15.6149,40.7103],[15.6148,40.7115]],[[15.617,40.7123],[15.6171,40.7123],[15.617,40.7123],[15.617,40.7123]],[[15.6173,40.7121],[15.6174,40.7121],[15.6173,40.7121],[15.6173,40.7121]],[[15.6183,40.7128],[15.6182,40.7127],[15.618,40.7128],[15.6183,40.7128]],[[15.618,40.7134],[15.6181,40.7133],[15.618,40.7133],[15.618,40.7134]]]}},{"type":"Feature","properties":{"landuse":"farmland"},"geometry":{"type":"Polygon","coordinates":[[[15.6733,40.7689],[15.6755,40.7662],[15.6802,40.7683],[15.6743,40.7724],[15.6733,40.7689]],[[15.6764,40.7674],[15.6765,40.7673],[15.6764,40.7673],[15.6764,40.7673],[15.6764,40.7674]],[[15.6762,40.7674],[15.6763,40.7673],[15.6762,40.7673],[15.6762,40.7674]],[[15.6762,40.7673],[15.6762,40.7673],[15.6762,40.7672],[15.6762,40.7673]],[[15.6758,40.769],[15.6753,40.7702],[15.6768,40.7698],[15.6758,40.769]],[[15.6762,40.7687],[15.6762,40.7687],[15.6761,40.7687],[15.6762,40.7687]]]}},{"type":"Feature","properties":{"landuse":"farmland"},"geometry":{"type":"Polygon","coordinates":[[[15.6821,40.7603],[15.6814,40.7582],[15.6833,40.7592],[15.6821,40.7603]],[[15.6826,40.7595],[15.6827,40.7595],[15.6826,40.7594],[15.6826,40.7595]],[[15.6827,40.7595],[15.683,40.7595],[15.6829,40.7593],[15.6827,40.7595]]]}},{"type":"Feature","properties":{"landuse":"farmland"},"geometry":{"type":"Polygon","coordinates":[[[15.6812,40.7539],[15.6733,40.7494],[15.6809,40.7512],[15.6812,40.7539]],[[15.6796,40.7528],[15.6801,40.7527],[15.68,40.7525],[15.6796,40.7528]],[[15.681,40.7543],[15.681,40.7543],[15.681,40.7543],[15.681,40.7543]]]}},{"type":"Feature","properties":{"landuse":"farmland"},"geometry":{"type":"Polygon","coordinates":[[[15.667,40.7474],[15.669,40.7476],[15.6654,40.7477],[15.667,40.7474]],[[15.6676,40.7472],[15.6676,40.7472],[15.6676,40.7471],[15.6676,40.7472]],[[15.6685,40.7477],[15.6686,40.7477],[15.6685,40.7477],[15.6685,40.7477]],[[15.6684,40.7477],[15.6685,40.7477],[15.6685,40.7477],[15.6684,40.7477]],[[15.6677,40.7478],[15.6677,40.7477],[15.6677,40.7477],[15.6677,40.7478]],[[15.6673,40.7478],[15.6673,40.7478],[15.6673,40.7477],[15.6673,40.7477],[15.6673,40.7478]]]}},{"type":"Feature","properties":{"landuse":"farmland"},"geometry":{"type":"Polygon","coordinates":[[[15.6616,40.7435],[15.6597,40.743],[15.6606,40.7424],[15.6616,40.7435]],[[15.6604,40.7429],[15.6606,40.743],[15.6605,40.7429],[15.6604,40.7429]]]}},{"type":"Feature","properties":{"landuse":"farmland"},"geometry":{"type":"Polygon","coordinates":[[[15.6608,40.7393],[15.6636,40.7373],[15.6624,40.74],[15.6608,40.7393]],[[15.6621,40.74],[15.6621,40.74],[15.6621,40.7399],[15.6621,40.7399],[15.6621,40.74]],[[15.6621,40.74],[15.6621,40.74],[15.6621,40.74],[15.6621,40.74]]]}},{"type":"Feature","properties":{"landuse":"farmland"},"geometry":{"type":"Polygon","coordinates":[[[15.6351,40.7218],[15.639,40.72],[15.6458,40.722],[15.6351,40.7218]],[[15.6383,40.7207],[15.6383,40.7207],[15.6383,40.7206],[15.6382,40.7207],[15.6383,40.7207]],[[15.638,40.7211],[15.6387,40.7212],[15.6385,40.7208],[15.638,40.7211]],[[15.6404,40.7213],[15.6404,40.7213],[15.6404,40.7213],[15.6404,40.7213]]]}},{"type":"Feature","properties":{"landuse":"farmland"},"geometry":{"type":"Polygon","coordinates":[[[15.6332,40.7218],[15.6319,40.7201],[15.6347,40.7234],[15.6332,40.7218]],[[15.6344,40.7222],[15.6345,40.7222],[15.6345,40.7222],[15.6344,40.7222],[15.6344,40.7222]]]}},{"type":"Feature","properties":{"landuse":"farmland"},"geometry":{"type":"Polygon","coordinates":[[[15.6494,40.7171],[15.6505,40.719],[15.6477,40.7194],[15.6494,40.7171]],[[15.6499,40.7177],[15.6503,40.7173],[15.65,40.7173],[15.6499,40.7177]]]}},{"type":"Feature","properties":{"landuse":"farmland"},"geometry":{"type":"Polygon","coordinates":[[[15.6435,40.7197],[15.6458,40.7216],[15.6424,40.721],[15.6435,40.7197]],[[15.6432,40.7202],[15.6432,40.7201],[15.6431,40.7201],[15.6432,40.7202]]]}},{"type":"Feature","properties":{"landuse":"farmland"},"geometry":{"type":"Polygon","coordinates":[[[15.6311,40.719],[15.6355,40.7168],[15.639,40.7199],[15.6311,40.719]],[[15.6378,40.7203],[15.6378,40.7202],[15.6377,40.7202],[15.6378,40.7203]]]}},{"type":"Feature","properties":{"landuse":"farmland"},"geometry":{"type":"Polygon","coordinates":[[[15.6437,40.7154],[15.6425,40.714],[15.6474,40.7114],[15.6437,40.7154]],[[15.6421,40.7154],[15.6422,40.7153],[15.6421,40.7153],[15.6421,40.7153],[15.6421,40.7154]],[[15.6459,40.7136],[15.646,40.7135],[15.6459,40.7135],[15.6459,40.7136]],[[15.6463,40.7133],[15.6462,40.7133],[15.6463,40.7133],[15.6463,40.7133]],[[15.6463,40.7132],[15.6463,40.7133],[15.6464,40.7133],[15.6463,40.7132]]]}},{"type":"Feature","properties":{"landuse":"farmland"},"geometry":{"type":"Polygon","coordinates":[[[15.6393,40.7158],[15.6406,40.7171],[15.6385,40.7172],[15.6393,40.7158]],[[15.6396,40.7161],[15.6396,40.7161],[15.6396,40.7161],[15.6396,40.7161],[15.6396,40.7161]],[[15.6378,40.7163],[15.638,40.7162],[15.6378,40.7162],[15.6378,40.7163]]]}},{"type":"Feature","properties":{"landuse":"farmland"},"geometry":{"type":"Polygon","coordinates":[[[15.6473,40.7079],[15.6469,40.7064],[15.6491,40.7074],[15.6473,40.7079]],[[15.6485,40.7081],[15.6486,40.7082],[15.6486,40.708],[15.6485,40.7081]]]}},{"type":"Feature","properties":{"landuse":"farmland"},"geometry":{"type":"Polygon","coordinates":[[[15.6296,40.7054],[15.6319,40.7063],[15.6299,40.7081],[15.6296,40.7054]],[[15.6287,40.7068],[15.6292,40.7065],[15.629,40.7064],[15.6287,40.7068]]]}},{"type":"Feature","properties":{"landuse":"farmland"},"geometry":{"type":"Polygon","coordinates":[[[15.6306,40.7135],[15.627,40.7174],[15.6303,40.7183],[15.6224,40.7167],[15.6306,40.7135]],[[15.6281,40.7146],[15.6281,40.7146],[15.6281,40.7146],[15.6281,40.7146],[15.6281,40.7146]],[[15.6272,40.7152],[15.6274,40.7152],[15.6274,40.7152],[15.6272,40.7152]]]}},{"type":"Feature","properties":{"landuse":"farmland"},"geometry":{"type":"Polygon","coordinates":[[[15.6199,40.7137],[15.621,40.7155],[15.6238,40.7131],[15.6222,40.7176],[15.6199,40.7137]],[[15.6216,40.7153],[15.6221,40.7153],[15.622,40.7151],[15.6216,40.7153]],[[15.6202,40.7161],[15.6213,40.7165],[15.6205,40.7159],[15.6202,40.7161]]]}},{"type":"Feature","properties":{"landuse":"farmland"},"geometry":{"type":"Polygon","coordinates":[[[15.6147,40.719],[15.6131,40.7162],[15.6189,40.7133],[15.6187,40.7177],[15.6147,40.719]],[[15.6152,40.7146],[15.6156,40.7148],[15.6156,40.7145],[15.6152,40.7146]],[[15.6161,40.719],[15.6164,40.7189],[15.6162,40.7187],[15.6161,40.719]]]}},{"type":"Feature","properties":{"landuse":"farmland"},"geometry":{"type":"Polygon","coordinates":[[[15.6181,40.7229],[15.6156,40.7235],[15.6158,40.7202],[15.6212,40.7214],[15.6209,40.7246],[15.6181,40.7229]],[[15.621,40.7216],[15.621,40.7217],[15.6211,40.7216],[15.621,40.7216]],[[15.6205,40.722],[15.6206,40.722],[15.6206,40.722],[15.6205,40.722]],[[15.6178,40.7241],[15.6181,40.7244],[15.618,40.7238],[15.6178,40.7241]],[[15.62,40.724],[15.6205,40.7244],[15.6206,40.7239],[15.62,40.724]],[[15.621,40.723],[15.6214,40.7229],[15.6211,40.7225],[15.621,40.723]],[[15.6186,40.7229],[15.6191,40.723],[15.6198,40.723],[15.6186,40.7229]],[[15.6174,40.7226],[15.6174,40.7228],[15.6178,40.7226],[15.6174,40.7226]]]}},{"type":"Feature","properties":{"landuse":"farmland"},"geometry":{"type":"Polygon","coordinates":[[[15.606,40.7115],[15.6073,40.7125],[15.6033,40.7137],[15.606,40.7115]],[[15.6063,40.7119],[15.6064,40.7119],[15.6063,40.7118],[15.6063,40.7119]],[[15.6063,40.7121],[15.6065,40.712],[15.6064,40.7119],[15.6063,40.7121]]]}},{"type":"Feature","properties":{"landuse":"farmland"},"geometry":{"type":"Polygon","coordinates":[[[15.6093,40.7108],[15.6119,40.7144],[15.6068,40.7114],[15.6093,40.7108]],[[15.6098,40.7122],[15.6099,40.7122],[15.6099,40.7121],[15.6098,40.7122],[15.6098,40.7122]],[[15.6086,40.7122],[15.6086,40.7122],[15.6086,40.7121],[15.6086,40.7122],[15.6086,40.7122]]]}},{"type":"Feature","properties":{"landuse":"farmland"},"geometry":{"type":"Polygon","coordinates":[[[15.6089,40.7147],[15.6108,40.7146],[15.6055,40.7147],[15.6089,40.7147]],[[15.6085,40.715],[15.6085,40.715],[15.6085,40.715],[15.6085,40.715]],[[15.6085,40.715],[15.6085,40.715],[15.6085,40.715],[15.6085,40.715]],[[15.6087,40.7152],[15.6087,40.7152],[15.6087,40.7152],[15.6087,40.7152]]]}},{"type":"Feature","properties":{"landuse":"farmland"},"geometry":{"type":"Polygon","coordinates":[[[15.6052,40.7151],[15.609,40.7159],[15.6062,40.7157],[15.6081,40.7169],[15.6037,40.7212],[15.6052,40.7151]],[[15.6061,40.7198],[15.6063,40.7199],[15.6063,40.7196],[15.6061,40.7198]],[[15.604,40.7185],[15.6042,40.7188],[15.6043,40.7185],[15.604,40.7185]]]}},{"type":"Feature","properties":{"landuse":"farmland"},"geometry":{"type":"Polygon","coordinates":[[[15.6102,40.7186],[15.6127,40.7208],[15.6077,40.7176],[15.6102,40.7186]],[[15.6095,40.719],[15.6096,40.719],[15.6095,40.719],[15.6095,40.719]],[[15.608,40.7178],[15.6084,40.718],[15.6087,40.7178],[15.608,40.7178]]]}},{"type":"Feature","properties":{"landuse":"farmland"},"geometry":{"type":"Polygon","coordinates":[[[15.6095,40.7197],[15.6122,40.721],[15.6091,40.7234],[15.6031,40.7218],[15.6095,40.7197]],[[15.6072,40.7215],[15.6072,40.7215],[15.6072,40.7215],[15.6072,40.7215]],[[15.6081,40.7219],[15.6083,40.7217],[15.6079,40.7217],[15.6081,40.7219]],[[15.6087,40.7215],[15.6089,40.7214],[15.6086,40.7212],[15.6087,40.7215]]]}},{"type":"Feature","properties":{"landuse":"farmland"},"geometry":{"type":"Polygon","coordinates":[[[15.6001,40.7177],[15.6011,40.7161],[15.6031,40.7184],[15.6001,40.7177]],[[15.6018,40.7183],[15.602,40.7181],[15.6017,40.718],[15.6018,40.7183]],[[15.6015,40.7188],[15.6016,40.7188],[15.6016,40.7187],[15.6015,40.7188]],[[15.6008,40.7191],[15.6011,40.7192],[15.6015,40.7186],[15.6008,40.7191]]]}},{"type":"Feature","properties":{"landuse":"farmland"},"geometry":{"type":"Polygon","coordinates":[[[15.598,40.7168],[15.6021,40.7203],[15.5956,40.7237],[15.5974,40.719],[15.5919,40.7173],[15.5981,40.7142],[15.6007,40.716],[15.598,40.7168]],[[15.5931,40.7161],[15.5941,40.7162],[15.5936,40.7159],[15.5931,40.7161]],[[15.596,40.7166],[15.5964,40.7168],[15.5962,40.7165],[15.596,40.7166]],[[15.5955,40.7171],[15.5961,40.7169],[15.5959,40.7167],[15.5955,40.7171]],[[15.5966,40.717],[15.5973,40.7181],[15.5981,40.7182],[15.5966,40.717]],[[15.5973,40.7195],[15.5975,40.7194],[15.5975,40.7194],[15.5973,40.7195]],[[15.5979,40.7196],[15.5982,40.7199],[15.5985,40.7195],[15.5979,40.7196]],[[15.5989,40.721],[15.5989,40.7214],[15.5994,40.7213],[15.5989,40.721]],[[15.5986,40.7226],[15.5985,40.723],[15.5989,40.7229],[15.5986,40.7226]],[[15.5965,40.7233],[15.5965,40.7233],[15.5965,40.7232],[15.5965,40.7233]],[[15.5964,40.7234],[15.5963,40.7236],[15.5965,40.7236],[15.5964,40.7234]]]}},{"type":"Feature","properties":{"landuse":"farmland"},"geometry":{"type":"Polygon","coordinates":[[[15.5969,40.721],[15.5929,40.7224],[15.5886,40.7165],[15.5969,40.721]],[[15.592,40.7206],[15.5927,40.7209],[15.5926,40.7205],[15.592,40.7206]]]}},{"type":"Feature","properties":{"landuse":"farmland"},"geometry":{"type":"Polygon","coordinates":[[[15.5872,40.7235],[15.5911,40.7254],[15.585,40.7263],[15.5872,40.7235]],[[15.5886,40.7244],[15.5889,40.7243],[15.5886,40.7243],[15.5886,40.7244]]]}},{"type":"Feature","properties":{"landuse":"farmland"},"geometry":{"type":"Polygon","coordinates":[[[15.6038,40.7247],[15.6006,40.723],[15.6076,40.7236],[15.6038,40.7247]],[[15.6022,40.7235],[15.6022,40.7235],[15.6021,40.7235],[15.6022,40.7235]],[[15.6029,40.7238],[15.603,40.7234],[15.6026,40.7234],[15.6029,40.7238]],[[15.6056,40.723],[15.6054,40.7229],[15.6054,40.7231],[15.6056,40.723]],[[15.6057,40.7227],[15.6053,40.7226],[15.6051,40.723],[15.6057,40.7227]]]}},{"type":"Feature","properties":{"landuse":"farmland"},"geometry":{"type":"Polygon","coordinates":[[[15.6323,40.7275],[15.6412,40.7278],[15.6417,40.7295],[15.6323,40.7275]],[[15.6389,40.7285],[15.639,40.7284],[15.6389,40.7283],[15.6389,40.7285]]]}},{"type":"Feature","properties":{"landuse":"farmland"},"geometry":{"type":"Polygon","coordinates":[[[15.6192,40.7249],[15.6214,40.7266],[15.6193,40.7265],[15.6192,40.7249]],[[15.62,40.7249],[15.62,40.7248],[15.6199,40.7249],[15.62,40.7249]]]}},{"type":"Feature","properties":{"landuse":"orchard"},"geometry":{"type":"Polygon","coordinates":[[[15.6071,40.7285],[15.6093,40.7275],[15.6089,40.7292],[15.6071,40.7285]],[[15.6085,40.7286],[15.6085,40.7286],[15.6084,40.7285],[15.6085,40.7286]],[[15.6086,40.7287],[15.6087,40.7287],[15.6086,40.7286],[15.6086,40.7287],[15.6086,40.7287]],[[15.6085,40.7289],[15.6085,40.7289],[15.6087,40.7288],[15.6085,40.7289]]]}},{"type":"Feature","properties":{"landuse":"farmland"},"geometry":{"type":"Polygon","coordinates":[[[15.6082,40.727],[15.6038,40.7272],[15.6143,40.7231],[15.614,40.7268],[15.6093,40.729],[15.6106,40.7268],[15.6082,40.727]],[[15.6116,40.7246],[15.6126,40.7243],[15.6125,40.7241],[15.6116,40.7246]],[[15.6124,40.7235],[15.6127,40.7236],[15.6126,40.7235],[15.6124,40.7235]],[[15.6109,40.7242],[15.6109,40.7242],[15.6108,40.7242],[15.6109,40.7242]],[[15.6122,40.7255],[15.6123,40.7254],[15.6122,40.7253],[15.6122,40.7255]],[[15.6072,40.7246],[15.6072,40.7246],[15.6073,40.7246],[15.6072,40.7246],[15.6072,40.7246]],[[15.6084,40.726],[15.6086,40.7259],[15.6082,40.7255],[15.608,40.7257],[15.6084,40.726]],[[15.6059,40.7257],[15.6059,40.7257],[15.606,40.7257],[15.6059,40.7257]],[[15.6059,40.7257],[15.6059,40.7256],[15.6058,40.7256],[15.6059,40.7257]],[[15.6043,40.7271],[15.6045,40.7271],[15.6045,40.727],[15.6043,40.7271]]]}},{"type":"Feature","properties":{"landuse":"farmland"},"geometry":{"type":"Polygon","coordinates":[[[15.6035,40.7264],[15.5992,40.7298],[15.5964,40.7248],[15.6035,40.7264]],[[15.6036,40.7263],[15.6036,40.7263],[15.6037,40.7263],[15.6036,40.7262],[15.6036,40.7263]],[[15.6014,40.7262],[15.6015,40.7261],[15.6014,40.7262],[15.6014,40.7262]],[[15.6016,40.7261],[15.6015,40.7262],[15.6016,40.7262],[15.6016,40.7261]],[[15.6017,40.7262],[15.6019,40.7261],[15.6017,40.726],[15.6016,40.7261],[15.6017,40.7262]],[[15.6018,40.7264],[15.6023,40.7266],[15.6026,40.7264],[15.6018,40.7264]],[[15.6013,40.7282],[15.6017,40.728],[15.6015,40.7277],[15.6013,40.7282]],[[15.5966,40.726],[15.5971,40.7261],[15.597,40.7258],[15.5966,40.726]]]}},{"type":"Feature","properties":{"landuse":"farmland"},"geometry":{"type":"Polygon","coordinates":[[[15.5891,40.7297],[15.5852,40.7263],[15.5963,40.7248],[15.5969,40.7285],[15.5891,40.7297]],[[15.5926,40.7278],[15.5931,40.7274],[15.5928,40.7272],[15.5926,40.7278]],[[15.5892,40.7276],[15.5896,40.7273],[15.5892,40.7271],[15.5892,40.7276]],[[15.5901,40.728],[15.5891,40.7281],[15.5893,40.7284],[15.5901,40.728]]]}},{"type":"Feature","properties":{"landuse":"farmland"},"geometry":{"type":"Polygon","coordinates":[[[15.5959,40.7314],[15.5938,40.7298],[15.5978,40.7303],[15.5959,40.7314]],[[15.5945,40.7311],[15.5949,40.7312],[15.595,40.731],[15.5945,40.7311]],[[15.594,40.7305],[15.5943,40.7305],[15.5942,40.7303],[15.594,40.7305]]]}},{"type":"Feature","properties":{"landuse":"farmland"},"geometry":{"type":"Polygon","coordinates":[[[15.6228,40.728],[15.6288,40.7278],[15.624,40.7296],[15.6228,40.728]],[[15.6235,40.7292],[15.6236,40.7292],[15.6235,40.7292],[15.6235,40.7292]]]}},{"type":"Feature","properties":{"landuse":"farmland"},"geometry":{"type":"Polygon","coordinates":[[[15.6163,40.7283],[15.6143,40.7274],[15.6209,40.7276],[15.6163,40.7283]],[[15.6148,40.7283],[15.615,40.7283],[15.6149,40.7282],[15.6148,40.7283]],[[15.6154,40.7289],[15.616,40.7285],[15.6155,40.7286],[15.6154,40.7289]]]}},{"type":"Feature","properties":{"landuse":"farmland"},"geometry":{"type":"Polygon","coordinates":[[[15.6238,40.7337],[15.6222,40.7349],[15.6253,40.7314],[15.6238,40.7337]],[[15.6221,40.7341],[15.6225,40.7341],[15.6225,40.7336],[15.6221,40.7336],[15.6221,40.7341]],[[15.6233,40.7327],[15.6235,40.7327],[15.6235,40.732],[15.6233,40.7327]]]}},{"type":"Feature","properties":{"landuse":"farmland"},"geometry":{"type":"Polygon","coordinates":[[[15.6185,40.7301],[15.615,40.7303],[15.6221,40.7278],[15.6222,40.7306],[15.6185,40.7301]],[[15.6222,40.7307],[15.6222,40.7307],[15.6221,40.7307],[15.6222,40.7307]],[[15.6161,40.7305],[15.6163,40.7303],[15.6159,40.7304],[15.6161,40.7305]],[[15.6169,40.7303],[15.617,40.7304],[15.6171,40.7301],[15.6169,40.7303]]]}},{"type":"Feature","properties":{"landuse":"farmland"},"geometry":{"type":"Polygon","coordinates":[[[15.6198,40.7341],[15.6183,40.7361],[15.6163,40.7325],[15.6223,40.7319],[15.618,40.7371],[15.6198,40.7341]],[[15.6181,40.7365],[15.6189,40.7367],[15.6189,40.7362],[15.6181,40.7365]],[[15.6172,40.7319],[15.6175,40.7318],[15.6174,40.7316],[15.6172,40.7319]]]}},{"type":"Feature","properties":{"landuse":"farmland"},"geometry":{"type":"Polygon","coordinates":[[[15.6165,40.7364],[15.615,40.7351],[15.6171,40.734],[15.6165,40.7364]],[[15.6172,40.7345],[15.6173,40.7345],[15.6173,40.7344],[15.6172,40.7345]]]}},{"type":"Feature","properties":{"landuse":"farmland"},"geometry":{"type":"Polygon","coordinates":[[[15.6155,40.7318],[15.6144,40.732],[15.6147,40.7305],[15.6155,40.7318]],[[15.6152,40.7311],[15.6152,40.731],[15.6152,40.731],[15.6152,40.7311]],[[15.6153,40.7316],[15.6153,40.7316],[15.6153,40.7315],[15.6153,40.7316]]]}},{"type":"Feature","properties":{"landuse":"farmland"},"geometry":{"type":"Polygon","coordinates":[[[15.6134,40.7323],[15.609,40.7317],[15.614,40.7272],[15.6134,40.7323]],[[15.6101,40.73],[15.6112,40.7298],[15.6106,40.7297],[15.6101,40.73]],[[15.6113,40.7317],[15.6121,40.732],[15.6121,40.7316],[15.6113,40.7317]],[[15.6112,40.7325],[15.6114,40.7326],[15.6116,40.7323],[15.6112,40.7325]]]}},{"type":"Feature","properties":{"landuse":"farmland"},"geometry":{"type":"Polygon","coordinates":[[[15.5844,40.7325],[15.5925,40.7295],[15.5888,40.7337],[15.5844,40.7325]],[[15.5903,40.7321],[15.5904,40.7321],[15.5904,40.7321],[15.5903,40.7321],[15.5903,40.7321]],[[15.5916,40.7312],[15.5915,40.7315],[15.592,40.7313],[15.5916,40.7312]],[[15.5844,40.7329],[15.5845,40.7329],[15.5845,40.7328],[15.5844,40.7329]],[[15.5842,40.7341],[15.5843,40.7341],[15.5843,40.734],[15.5842,40.7341]]]}},{"type":"Feature","properties":{"landuse":"farmland"},"geometry":{"type":"Polygon","coordinates":[[[15.5855,40.7298],[15.5844,40.7302],[15.5838,40.7281],[15.5855,40.7298]],[[15.5851,40.7289],[15.5851,40.7289],[15.5851,40.7289],[15.5851,40.7289],[15.5851,40.7289]],[[15.5852,40.7289],[15.5852,40.7288],[15.5852,40.7288],[15.5852,40.7289],[15.5852,40.7289]]]}},{"type":"Feature","properties":{"landuse":"farmland"},"geometry":{"type":"Polygon","coordinates":[[[15.5757,40.7259],[15.5751,40.7239],[15.5827,40.7264],[15.5771,40.7321],[15.5724,40.7269],[15.5732,40.7242],[15.5757,40.7259]],[[15.574,40.7241],[15.5741,40.7241],[15.574,40.724],[15.574,40.7241]],[[15.5736,40.7241],[15.5738,40.7241],[15.5736,40.724],[15.5736,40.7241]],[[15.5732,40.7251],[15.5735,40.725],[15.5732,40.725],[15.5732,40.7251]],[[15.573,40.7251],[15.573,40.7251],[15.573,40.725],[15.573,40.7251]],[[15.574,40.7262],[15.5741,40.7262],[15.5741,40.7262],[15.574,40.7262]],[[15.5745,40.7265],[15.5748,40.7265],[15.5747,40.7263],[15.5745,40.7265]],[[15.5764,40.7297],[15.5764,40.7297],[15.5764,40.7297],[15.5764,40.7297]],[[15.576,40.7294],[15.5756,40.7291],[15.5756,40.7295],[15.576,40.7294]],[[15.5782,40.7277],[15.5785,40.7296],[15.5789,40.7292],[15.5782,40.7277]],[[15.5822,40.7273],[15.5824,40.7272],[15.5822,40.7272],[15.5822,40.7273]]]}},{"type":"Feature","properties":{"landuse":"farmland"},"geometry":{"type":"Polygon","coordinates":[[[15.579,40.7344],[15.5763,40.7327],[15.5841,40.7292],[15.5815,40.7299],[15.5836,40.7331],[15.579,40.7344]],[[15.5824,40.7309],[15.5827,40.7309],[15.5826,40.7308],[15.5824,40.7309]],[[15.5835,40.7335],[15.5833,40.7334],[15.5833,40.7336],[15.5835,40.7335]],[[15.5808,40.7336],[15.5813,40.7332],[15.5798,40.7322],[15.5808,40.7336]],[[15.5783,40.733],[15.5779,40.7338],[15.5789,40.7333],[15.5783,40.733]]]}},{"type":"Feature","properties":{"landuse":"farmland"},"geometry":{"type":"Polygon","coordinates":[[[15.5578,40.7251],[15.5566,40.7068],[15.5592,40.7219],[15.5621,40.7238],[15.5578,40.7251]],[[15.5607,40.7243],[15.5611,40.7243],[15.5611,40.7241],[15.5607,40.7243]]]}},{"type":"Feature","properties":{"landuse":"farmland"},"geometry":{"type":"Polygon","coordinates":[[[15.5595,40.7343],[15.5622,40.7324],[15.5627,40.7373],[15.5571,40.7371],[15.5581,40.732],[15.5595,40.7343]],[[15.5611,40.7341],[15.5615,40.7339],[15.5612,40.7336],[15.5611,40.7341]]]}},{"type":"Feature","properties":{"landuse":"farmland"},"geometry":{"type":"Polygon","coordinates":[[[15.5733,40.7027],[15.5711,40.7015],[15.5762,40.7016],[15.5733,40.7027]],[[15.572,40.7016],[15.5723,40.7015],[15.572,40.7012],[15.572,40.7016]]]}},{"type":"Feature","properties":{"landuse":"farmland"},"geometry":{"type":"Polygon","coordinates":[[[15.5565,40.7317],[15.5521,40.7368],[15.5499,40.7308],[15.5565,40.7317]],[[15.5514,40.7312],[15.5511,40.7314],[15.5511,40.7319],[15.5514,40.7312]]]}},{"type":"Feature","properties":{"landuse":"farmland"},"geometry":{"type":"Polygon","coordinates":[[[15.5501,40.7341],[15.5497,40.7357],[15.5483,40.7293],[15.5501,40.7341]],[[15.5493,40.7322],[15.5493,40.7322],[15.5493,40.7322],[15.5493,40.7322],[15.5493,40.7322]],[[15.5493,40.7323],[15.5495,40.7323],[15.5494,40.7322],[15.5493,40.7323],[15.5493,40.7323]]]}},{"type":"Feature","properties":{"landuse":"farmland"},"geometry":{"type":"Polygon","coordinates":[[[15.5607,40.7404],[15.5565,40.74],[15.5597,40.7367],[15.5629,40.7375],[15.5616,40.7422],[15.5607,40.7404]],[[15.5613,40.7388],[15.5615,40.7389],[15.5615,40.7388],[15.5613,40.7388]],[[15.5612,40.7388],[15.5613,40.7388],[15.5613,40.7387],[15.5612,40.7388]],[[15.5592,40.7382],[15.5593,40.7382],[15.5592,40.7382],[15.5592,40.7382]],[[15.5565,40.7391],[15.5573,40.7393],[15.5571,40.7389],[15.5565,40.7391]]]}},{"type":"Feature","properties":{"landuse":"farmland"},"geometry":{"type":"Polygon","coordinates":[[[15.5556,40.7387],[15.554,40.7413],[15.5534,40.7396],[15.5556,40.7387]],[[15.5545,40.7406],[15.5546,40.7406],[15.5546,40.7406],[15.5545,40.7406]]]}},{"type":"Feature","properties":{"landuse":"farmland"},"geometry":{"type":"Polygon","coordinates":[[[15.5491,40.7435],[15.5467,40.7426],[15.5518,40.7414],[15.5491,40.7435]],[[15.5487,40.7414],[15.5487,40.7414],[15.5487,40.7414],[15.5487,40.7414],[15.5487,40.7414]],[[15.5489,40.7415],[15.549,40.7415],[15.549,40.7414],[15.5488,40.7415],[15.5489,40.7415]]]}},{"type":"Feature","properties":{"landuse":"farmland"},"geometry":{"type":"Polygon","coordinates":[[[15.5522,40.741],[15.5507,40.74],[15.5531,40.7395],[15.5522,40.741]],[[15.5522,40.7409],[15.5522,40.7409],[15.5522,40.7409],[15.5522,40.7409]],[[15.5513,40.7407],[15.5513,40.7407],[15.5513,40.7407],[15.5513,40.7407]],[[15.5511,40.7404],[15.5509,40.7403],[15.551,40.7404],[15.5511,40.7404]]]}},{"type":"Feature","properties":{"landuse":"farmland"},"geometry":{"type":"Polygon","coordinates":[[[15.5427,40.7442],[15.5413,40.7453],[15.545,40.7397],[15.5427,40.7442]],[[15.5432,40.7435],[15.5433,40.7435],[15.5433,40.7435],[15.5433,40.7435],[15.5432,40.7435]],[[15.5423,40.7447],[15.5424,40.7447],[15.5423,40.7447],[15.5423,40.7447]]]}},{"type":"Feature","properties":{"landuse":"farmland"},"geometry":{"type":"Polygon","coordinates":[[[15.5387,40.7456],[15.5404,40.7413],[15.5414,40.7448],[15.5387,40.7456]],[[15.5389,40.7422],[15.5388,40.7421],[15.5388,40.7422],[15.5389,40.7422]],[[15.5395,40.7425],[15.5394,40.7424],[15.5394,40.7425],[15.5395,40.7425]],[[15.5397,40.7426],[15.5403,40.7424],[15.5401,40.7423],[15.5397,40.7426]],[[15.5392,40.743],[15.5408,40.7434],[15.541,40.7426],[15.5392,40.743]],[[15.5413,40.7426],[15.5413,40.7426],[15.5413,40.7427],[15.5413,40.7426]]]}},{"type":"Feature","properties":{"landuse":"farmland"},"geometry":{"type":"Polygon","coordinates":[[[15.5408,40.7414],[15.541,40.7402],[15.543,40.7417],[15.5408,40.7414]],[[15.5422,40.7419],[15.5421,40.7419],[15.5421,40.7419],[15.5422,40.7419]]]}},{"type":"Feature","properties":{"landuse":"farmland"},"geometry":{"type":"Polygon","coordinates":[[[15.5418,40.7395],[15.5406,40.74],[15.5416,40.7387],[15.5418,40.7395]],[[15.5421,40.7389],[15.5422,40.7389],[15.5422,40.7388],[15.5421,40.7389]]]}},{"type":"Feature","properties":{"landuse":"farmland"},"geometry":{"type":"Polygon","coordinates":[[[15.544,40.7362],[15.5448,40.7345],[15.5466,40.7364],[15.544,40.7362]],[[15.5447,40.7354],[15.5446,40.7354],[15.5447,40.7354],[15.5447,40.7354]],[[15.5446,40.7358],[15.5445,40.7359],[15.5446,40.7359],[15.5446,40.7358]],[[15.5435,40.7369],[15.5438,40.7371],[15.5439,40.737],[15.5435,40.7369]]]}},{"type":"Feature","properties":{"landuse":"farmland"},"geometry":{"type":"Polygon","coordinates":[[[15.5376,40.7355],[15.5404,40.7372],[15.5359,40.7352],[15.5376,40.7355]],[[15.5379,40.7365],[15.5382,40.7366],[15.5381,40.7364],[15.5379,40.7365]],[[15.5365,40.7352],[15.5367,40.7354],[15.5366,40.735],[15.5365,40.7352]]]}},{"type":"Feature","properties":{"landuse":"farmland"},"geometry":{"type":"Polygon","coordinates":[[[15.5372,40.731],[15.5368,40.7287],[15.541,40.7299],[15.5372,40.731]],[[15.5375,40.7308],[15.538,40.7306],[15.5379,40.7305],[15.5375,40.7308]]]}},{"type":"Feature","properties":{"landuse":"farmland"},"geometry":{"type":"Polygon","coordinates":[[[15.5363,40.7337],[15.5375,40.7332],[15.5359,40.7349],[15.5363,40.7337]],[[15.5371,40.7333],[15.5371,40.7334],[15.5371,40.7333],[15.5371,40.7333]]]}},{"type":"Feature","properties":{"landuse":"farmland"},"geometry":{"type":"Polygon","coordinates":[[[15.5428,40.7222],[15.5475,40.7214],[15.5453,40.7249],[15.5484,40.7281],[15.5418,40.7291],[15.5362,40.7235],[15.5359,40.7256],[15.5367,40.7227],[15.5402,40.7223],[15.54,40.7254],[15.5428,40.7222]],[[15.5446,40.722],[15.5451,40.722],[15.5446,40.7219],[15.5446,40.722]],[[15.5459,40.7255],[15.5445,40.7252],[15.5465,40.7266],[15.5459,40.7255]],[[15.541,40.7235],[15.541,40.7235],[15.541,40.7235],[15.541,40.7235],[15.541,40.7235]],[[15.5399,40.7227],[15.5399,40.7227],[15.5399,40.7227],[15.5399,40.7227],[15.5399,40.7227]]]}},{"type":"Feature","properties":{"landuse":"farmland"},"geometry":{"type":"Polygon","coordinates":[[[15.5349,40.7217],[15.5358,40.7186],[15.536,40.7224],[15.5349,40.7217]],[[15.5355,40.7208],[15.5355,40.7207],[15.5354,40.7207],[15.5355,40.7208]]]}},{"type":"Feature","properties":{"landuse":"farmland"},"geometry":{"type":"Polygon","coordinates":[[[15.5452,40.7167],[15.5406,40.7162],[15.5426,40.7101],[15.549,40.7181],[15.5439,40.7125],[15.5473,40.7161],[15.5452,40.7167]],[[15.5432,40.7101],[15.5432,40.7102],[15.5436,40.7102],[15.5432,40.7101]],[[15.5419,40.7122],[15.5424,40.7124],[15.5424,40.7121],[15.5419,40.7122]]]}},{"type":"Feature","properties":{"landuse":"farmland"},"geometry":{"type":"Polygon","coordinates":[[[15.5487,40.7138],[15.5497,40.7158],[15.5447,40.7105],[15.5482,40.7085],[15.551,40.7148],[15.5487,40.7138]],[[15.549,40.7093],[15.549,40.7093],[15.549,40.7093],[15.549,40.7093]]]}},{"type":"Feature","properties":{"landuse":"farmland"},"geometry":{"type":"Polygon","coordinates":[[[15.5484,40.7058],[15.5524,40.7012],[15.5513,40.7072],[15.5484,40.7058]],[[15.5505,40.7061],[15.5513,40.706],[15.5505,40.706],[15.5505,40.7061]],[[15.5504,40.7056],[15.5511,40.7055],[15.551,40.7055],[15.5504,40.7056]]]}},{"type":"Feature","properties":{"landuse":"farmland"},"geometry":{"type":"Polygon","coordinates":[[[15.5341,40.7364],[15.5326,40.7356],[15.5364,40.7382],[15.5341,40.7364]],[[15.5342,40.7376],[15.5345,40.7375],[15.5344,40.7373],[15.5342,40.7376]],[[15.5356,40.7378],[15.5352,40.7375],[15.5352,40.7379],[15.5356,40.7378]]]}},{"type":"Feature","properties":{"landuse":"farmland"},"geometry":{"type":"Polygon","coordinates":[[[15.5331,40.733],[15.5304,40.7312],[15.5335,40.73],[15.535,40.7338],[15.5331,40.733]],[[15.5327,40.7323],[15.5327,40.7325],[15.5332,40.7325],[15.5327,40.7323]],[[15.5336,40.7316],[15.5336,40.7316],[15.5336,40.7316],[15.5336,40.7316]],[[15.532,40.731],[15.5321,40.7315],[15.5323,40.731],[15.532,40.731]],[[15.5309,40.733],[15.5309,40.7329],[15.5309,40.733],[15.5309,40.733]]]}},{"type":"Feature","properties":{"landuse":"farmland"},"geometry":{"type":"Polygon","coordinates":[[[15.5207,40.7348],[15.5259,40.7361],[15.5235,40.7377],[15.5207,40.7348]],[[15.521,40.7355],[15.521,40.7355],[15.521,40.7355],[15.521,40.7355]],[[15.5236,40.7368],[15.5237,40.7368],[15.5237,40.7368],[15.5236,40.7368]],[[15.5255,40.736],[15.5257,40.7357],[15.5255,40.7356],[15.5255,40.736]]]}},{"type":"Feature","properties":{"landuse":"farmland"},"geometry":{"type":"Polygon","coordinates":[[[15.5211,40.7435],[15.5222,40.7423],[15.5227,40.7442],[15.5211,40.7435]],[[15.5207,40.7433],[15.5207,40.7433],[15.5206,40.7433],[15.5207,40.7433]],[[15.5204,40.7431],[15.5205,40.7431],[15.5205,40.743],[15.5204,40.7431]]]}},{"type":"Feature","properties":{"landuse":"farmland"},"geometry":{"type":"Polygon","coordinates":[[[15.5234,40.7523],[15.524,40.7496],[15.5279,40.753],[15.5234,40.7523]],[[15.5262,40.7532],[15.5268,40.7532],[15.5263,40.753],[15.5262,40.7532]]]}},{"type":"Feature","properties":{"landuse":"farmland"},"geometry":{"type":"Polygon","coordinates":[[[15.5273,40.7457],[15.5232,40.7447],[15.5286,40.7436],[15.5273,40.7457]],[[15.5252,40.7439],[15.5252,40.7439],[15.5252,40.7439],[15.5252,40.7439]],[[15.5247,40.7467],[15.5247,40.7467],[15.5247,40.7467],[15.5247,40.7467]],[[15.5254,40.7469],[15.5254,40.7468],[15.5254,40.7468],[15.5254,40.7469]]]}},{"type":"Feature","properties":{"landuse":"farmland"},"geometry":{"type":"Polygon","coordinates":[[[15.5299,40.7465],[15.5261,40.7469],[15.5289,40.7442],[15.5299,40.7465]],[[15.5297,40.7483],[15.5304,40.7479],[15.5302,40.7479],[15.5297,40.7483]],[[15.53,40.7485],[15.5306,40.7481],[15.5305,40.748],[15.53,40.7485]],[[15.5281,40.7465],[15.528,40.7467],[15.5282,40.7467],[15.5281,40.7465]],[[15.5288,40.7465],[15.5286,40.746],[15.5281,40.7462],[15.5288,40.7465]]]}},{"type":"Feature","properties":{"landuse":"farmland"},"geometry":{"type":"Polygon","coordinates":[[[15.5269,40.7485],[15.53,40.7498],[15.5265,40.7507],[15.5277,40.7527],[15.5239,40.7488],[15.5269,40.7485]],[[15.5278,40.7489],[15.5283,40.7488],[15.5281,40.7487],[15.5278,40.7489]],[[15.5273,40.749],[15.5276,40.7489],[15.5275,40.7486],[15.5273,40.749]]]}},{"type":"Feature","properties":{"landuse":"farmland"},"geometry":{"type":"Polygon","coordinates":[[[15.5363,40.7406],[15.5386,40.7412],[15.5371,40.7464],[15.5305,40.7382],[15.5363,40.7406]],[[15.534,40.7401],[15.5341,40.7401],[15.5341,40.74],[15.534,40.7401]],[[15.5352,40.7412],[15.5353,40.7412],[15.5354,40.7412],[15.5353,40.7411],[15.5352,40.7412]]]}},{"type":"Feature","properties":{"landuse":"farmland"},"geometry":{"type":"Polygon","coordinates":[[[15.5459,40.746],[15.5467,40.7458],[15.5474,40.7471],[15.5459,40.746]],[[15.5463,40.7467],[15.5465,40.7467],[15.5465,40.7466],[15.5463,40.7467]]]}},{"type":"Feature","properties":{"landuse":"farmland"},"geometry":{"type":"Polygon","coordinates":[[[15.5464,40.7482],[15.5505,40.7482],[15.5454,40.7506],[15.5464,40.7482]],[[15.5459,40.7496],[15.5459,40.7495],[15.5459,40.7495],[15.5458,40.7496],[15.5459,40.7496]],[[15.5465,40.7484],[15.5466,40.7487],[15.5468,40.7487],[15.5465,40.7484]]]}},{"type":"Feature","properties":{"landuse":"farmland"},"geometry":{"type":"Polygon","coordinates":[[[15.5496,40.7446],[15.5529,40.7414],[15.5577,40.7455],[15.5567,40.7475],[15.5496,40.7446]],[[15.5507,40.7433],[15.5509,40.7433],[15.5509,40.7432],[15.5507,40.7433]],[[15.5509,40.7443],[15.5513,40.7437],[15.551,40.7437],[15.5509,40.7443]],[[15.558,40.747],[15.5583,40.7471],[15.5583,40.7471],[15.558,40.747]]]}},{"type":"Feature","properties":{"landuse":"farmland"},"geometry":{"type":"Polygon","coordinates":[[[15.5601,40.7432],[15.5623,40.7438],[15.5589,40.747],[15.5601,40.7432]],[[15.5608,40.7427],[15.5609,40.7427],[15.5608,40.7427],[15.5607,40.7427],[15.5608,40.7427]]]}},{"type":"Feature","properties":{"landuse":"farmland"},"geometry":{"type":"Polygon","coordinates":[[[15.5579,40.7418],[15.5592,40.7413],[15.5579,40.7428],[15.5579,40.7418]],[[15.5582,40.742],[15.5582,40.742],[15.5582,40.7421],[15.5583,40.7421],[15.5582,40.742]]]}},{"type":"Feature","properties":{"landuse":"farmland"},"geometry":{"type":"Polygon","coordinates":[[[15.5655,40.7513],[15.5612,40.75],[15.5612,40.752],[15.5596,40.748],[15.5675,40.748],[15.5655,40.7513]],[[15.5638,40.7478],[15.5639,40.7478],[15.5638,40.7478],[15.5638,40.7478],[15.5638,40.7478]],[[15.5637,40.7476],[15.5638,40.7477],[15.5639,40.7476],[15.5637,40.7476]],[[15.5639,40.7475],[15.564,40.7475],[15.5639,40.7475],[15.5639,40.7475]]]}},{"type":"Feature","properties":{"landuse":"farmland"},"geometry":{"type":"Polygon","coordinates":[[[15.5531,40.7485],[15.5543,40.7483],[15.5535,40.7497],[15.5531,40.7485]],[[15.5536,40.7483],[15.554,40.7485],[15.554,40.7481],[15.5536,40.7483]]]}},{"type":"Feature","properties":{"landuse":"farmland"},"geometry":{"type":"Polygon","coordinates":[[[15.568,40.7433],[15.5719,40.7398],[15.5771,40.749],[15.5757,40.7473],[15.5713,40.752],[15.5664,40.7505],[15.5715,40.7477],[15.5682,40.7485],[15.5668,40.7464],[15.5709,40.7451],[15.568,40.7433]],[[15.5732,40.7465],[15.5732,40.7465],[15.5732,40.7465],[15.5732,40.7465]],[[15.567,40.7501],[15.5676,40.7502],[15.5674,40.7499],[15.567,40.7501]],[[15.5708,40.7487],[15.5709,40.7486],[15.5708,40.7486],[15.5708,40.7486],[15.5708,40.7487]],[[15.5689,40.7453],[15.569,40.7453],[15.5689,40.7453],[15.5689,40.7453]],[[15.5711,40.7449],[15.571,40.7452],[15.5714,40.7448],[15.5711,40.7449]],[[15.5719,40.7445],[15.572,40.7445],[15.5719,40.7445],[15.5719,40.7445]],[[15.5718,40.743],[15.5731,40.7427],[15.5719,40.7426],[15.5718,40.743]],[[15.5731,40.7408],[15.5731,40.7408],[15.573,40.7408],[15.5731,40.7408]],[[15.5714,40.743],[15.5717,40.743],[15.5716,40.7429],[15.5714,40.743]],[[15.5714,40.7426],[15.5715,40.7426],[15.5714,40.7425],[15.5714,40.7426]]]}},{"type":"Feature","properties":{"landuse":"farmland"},"geometry":{"type":"Polygon","coordinates":[[[15.5924,40.7325],[15.5793,40.7422],[15.5812,40.74],[15.5785,40.7373],[15.5828,40.7343],[15.5848,40.738],[15.5831,40.7351],[15.5924,40.7325]],[[15.5824,40.7355],[15.5825,40.7355],[15.5824,40.7355],[15.5824,40.7355]],[[15.5815,40.7381],[15.5811,40.7378],[15.5812,40.7384],[15.5815,40.7381]]]}},{"type":"Feature","properties":{"landuse":"farmland"},"geometry":{"type":"Polygon","coordinates":[[[15.5983,40.734],[15.6012,40.735],[15.5934,40.7399],[15.5983,40.734]],[[15.5987,40.7355],[15.5987,40.7348],[15.5977,40.7349],[15.5987,40.7355]]]}},{"type":"Feature","properties":{"landuse":"farmland"},"geometry":{"type":"Polygon","coordinates":[[[15.6018,40.7425],[15.5994,40.738],[15.602,40.7395],[15.6079,40.7342],[15.6051,40.7439],[15.6018,40.7425]],[[15.6049,40.7386],[15.6055,40.7383],[15.6045,40.7372],[15.6049,40.7386]],[[15.6054,40.7401],[15.606,40.7404],[15.6058,40.7401],[15.6054,40.7401]],[[15.6043,40.7426],[15.6044,40.7428],[15.6047,40.7429],[15.6043,40.7426]]]}},{"type":"Feature","properties":{"landuse":"farmland"},"geometry":{"type":"Polygon","coordinates":[[[15.6102,40.7376],[15.6066,40.7412],[15.6083,40.7336],[15.6102,40.7376]],[[15.6094,40.7353],[15.6095,40.7353],[15.6095,40.7353],[15.6094,40.7353],[15.6094,40.7353]]]}},{"type":"Feature","properties":{"landuse":"farmland"},"geometry":{"type":"Polygon","coordinates":[[[15.6092,40.7461],[15.6124,40.7379],[15.6155,40.7488],[15.6133,40.7501],[15.6105,40.7478],[15.6135,40.7465],[15.6092,40.7461]],[[15.6129,40.7461],[15.6128,40.7461],[15.6128,40.7461],[15.6129,40.7461]],[[15.6139,40.747],[15.614,40.7469],[15.6139,40.7468],[15.6139,40.747]]]}},{"type":"Feature","properties":{"landuse":"farmland"},"geometry":{"type":"Polygon","coordinates":[[[15.5985,40.745],[15.6051,40.7446],[15.605,40.7475],[15.5988,40.7496],[15.5985,40.745]],[[15.6011,40.7476],[15.6008,40.7479],[15.6008,40.7483],[15.6011,40.7476]]]}},{"type":"Feature","properties":{"landuse":"farmland"},"geometry":{"type":"Polygon","coordinates":[[[15.6093,40.7504],[15.601,40.7558],[15.5975,40.7514],[15.6033,40.7487],[15.6066,40.7518],[15.607,40.7484],[15.6093,40.7504]],[[15.6029,40.7503],[15.6033,40.7505],[15.6034,40.75],[15.6029,40.7503]],[[15.6039,40.7504],[15.6029,40.7503],[15.6035,40.7508],[15.6039,40.7504]],[[15.6043,40.7533],[15.6036,40.7549],[15.6047,40.7524],[15.6043,40.7533]],[[15.5985,40.7508],[15.5993,40.7511],[15.599,40.7507],[15.5985,40.7508]]]}},{"type":"Feature","properties":{"landuse":"farmland"},"geometry":{"type":"Polygon","coordinates":[[[15.595,40.742],[15.5969,40.7394],[15.6001,40.7423],[15.595,40.742]],[[15.5977,40.7417],[15.5982,40.7418],[15.5983,40.7415],[15.5977,40.7417]],[[15.5985,40.7414],[15.5977,40.741],[15.5973,40.7417],[15.5985,40.7414]],[[15.5962,40.7405],[15.5972,40.7402],[15.597,40.7398],[15.5962,40.7405]]]}},{"type":"Feature","properties":{"landuse":"farmland"},"geometry":{"type":"Polygon","coordinates":[[[15.5895,40.752],[15.5884,40.7543],[15.5855,40.7491],[15.5913,40.7468],[15.5926,40.7497],[15.5895,40.752]],[[15.5911,40.7497],[15.5918,40.75],[15.5913,40.7493],[15.5911,40.7497]],[[15.5892,40.7502],[15.59,40.7499],[15.5895,40.7498],[15.5892,40.7502]],[[15.5903,40.7519],[15.5903,40.7519],[15.5903,40.7519],[15.5903,40.7519]]]}},{"type":"Feature","properties":{"landuse":"farmland"},"geometry":{"type":"Polygon","coordinates":[[[15.5926,40.7354],[15.5986,40.7303],[15.5949,40.737],[15.5884,40.7387],[15.5926,40.7354]],[[15.5939,40.734],[15.5943,40.7342],[15.5942,40.7338],[15.5939,40.734]],[[15.5943,40.7363],[15.596,40.7355],[15.5944,40.735],[15.5943,40.7363]]]}},{"type":"Feature","properties":{"landuse":"farmland"},"geometry":{"type":"Polygon","coordinates":[[[15.5847,40.7398],[15.5853,40.7418],[15.5783,40.7429],[15.5847,40.7398]],[[15.5837,40.7414],[15.5838,40.7414],[15.5835,40.7412],[15.5837,40.7414]],[[15.5838,40.7414],[15.5833,40.7413],[15.5835,40.7415],[15.5838,40.7414]]]}},{"type":"Feature","properties":{"landuse":"farmland"},"geometry":{"type":"Polygon","coordinates":[[[15.572,40.7588],[15.5763,40.7545],[15.581,40.7562],[15.572,40.7588]],[[15.5769,40.7563],[15.5769,40.7563],[15.5769,40.7562],[15.5769,40.7563],[15.5769,40.7563]],[[15.5759,40.7572],[15.5766,40.7566],[15.5763,40.7567],[15.5759,40.7572]]]}},{"type":"Feature","properties":{"landuse":"farmland"},"geometry":{"type":"Polygon","coordinates":[[[15.5704,40.7569],[15.5709,40.7591],[15.5659,40.7605],[15.5696,40.753],[15.5755,40.7537],[15.5726,40.758],[15.5704,40.7569]],[[15.5714,40.756],[15.5721,40.7564],[15.5726,40.7564],[15.5714,40.756]],[[15.567,40.7589],[15.5679,40.7595],[15.5676,40.7585],[15.567,40.7589]]]}},{"type":"Feature","properties":{"landuse":"farmland"},"geometry":{"type":"Polygon","coordinates":[[[15.5626,40.7535],[15.5595,40.7523],[15.5676,40.7515],[15.5648,40.7551],[15.5626,40.7535]],[[15.561,40.7523],[15.5612,40.7523],[15.5612,40.7522],[15.561,40.7523]],[[15.5638,40.7524],[15.5637,40.7536],[15.5641,40.7535],[15.5638,40.7524]]]}},{"type":"Feature","properties":{"landuse":"farmland"},"geometry":{"type":"Polygon","coordinates":[[[15.5552,40.7522],[15.5531,40.7515],[15.5599,40.7518],[15.5552,40.7522]],[[15.5537,40.7515],[15.5544,40.7513],[15.5545,40.7512],[15.5537,40.7515]]]}},{"type":"Feature","properties":{"landuse":"farmland"},"geometry":{"type":"Polygon","coordinates":[[[15.5234,40.7562],[15.5222,40.7543],[15.5257,40.7532],[15.525,40.7562],[15.5283,40.7538],[15.5268,40.7585],[15.5204,40.76],[15.5193,40.7568],[15.5234,40.7562]],[[15.5273,40.7544],[15.5275,40.7544],[15.5273,40.7543],[15.5273,40.7544]],[[15.5249,40.755],[15.5253,40.7553],[15.5254,40.7552],[15.5249,40.755]],[[15.5249,40.7552],[15.5251,40.7555],[15.5252,40.7554],[15.5249,40.7552]],[[15.5242,40.7581],[15.525,40.7578],[15.5248,40.7577],[15.5242,40.7581]],[[15.5233,40.7581],[15.5235,40.7582],[15.5234,40.7581],[15.5233,40.7581]],[[15.5238,40.7575],[15.5232,40.7578],[15.5225,40.7584],[15.5238,40.7575]],[[15.522,40.7583],[15.5223,40.7582],[15.5222,40.758],[15.522,40.7583]]]}},{"type":"Feature","properties":{"landuse":"farmland"},"geometry":{"type":"Polygon","coordinates":[[[15.526,40.7624],[15.5281,40.7598],[15.5331,40.763],[15.526,40.7624]],[[15.5293,40.7613],[15.5296,40.7615],[15.5295,40.7612],[15.5293,40.7613]]]}},{"type":"Feature","properties":{"landuse":"farmland"},"geometry":{"type":"Polygon","coordinates":[[[15.5304,40.7645],[15.5293,40.7644],[15.5301,40.7633],[15.5304,40.7645]],[[15.5311,40.7644],[15.5312,40.7644],[15.5312,40.7644],[15.5311,40.7644],[15.5311,40.7644]]]}},{"type":"Feature","properties":{"landuse":"farmland"},"geometry":{"type":"Polygon","coordinates":[[[15.5309,40.7676],[15.5292,40.7673],[15.5297,40.7655],[15.5309,40.7676]],[[15.5307,40.7685],[15.531,40.7684],[15.5309,40.7683],[15.5307,40.7685]]]}},{"type":"Feature","properties":{"landuse":"farmland"},"geometry":{"type":"Polygon","coordinates":[[[15.5322,40.7698],[15.5305,40.7707],[15.5286,40.7693],[15.5322,40.7698]],[[15.5314,40.7703],[15.5321,40.7702],[15.532,40.77],[15.5314,40.7703]],[[15.5308,40.7695],[15.5309,40.7698],[15.5311,40.7693],[15.5308,40.7695]]]}},{"type":"Feature","properties":{"landuse":"farmland"},"geometry":{"type":"Polygon","coordinates":[[[15.5331,40.776],[15.5335,40.7773],[15.5294,40.7803],[15.5331,40.776]],[[15.5338,40.7755],[15.5338,40.7755],[15.5336,40.7755],[15.5336,40.7755],[15.5338,40.7755]]]}},{"type":"Feature","properties":{"landuse":"farmland"},"geometry":{"type":"Polygon","coordinates":[[[15.5347,40.7727],[15.5338,40.7712],[15.536,40.7731],[15.5341,40.7745],[15.5347,40.7727]],[[15.5352,40.7735],[15.5356,40.7737],[15.5358,40.7735],[15.5352,40.7735]]]}},{"type":"Feature","properties":{"landuse":"farmland"},"geometry":{"type":"Polygon","coordinates":[[[15.5372,40.7701],[15.536,40.7691],[15.5377,40.7697],[15.5372,40.7701]],[[15.536,40.7696],[15.536,40.7695],[15.536,40.7695],[15.536,40.7696],[15.536,40.7696]],[[15.5372,40.77],[15.5372,40.77],[15.5371,40.77],[15.5371,40.77],[15.5372,40.77]]]}},{"type":"Feature","properties":{"landuse":"farmland"},"geometry":{"type":"Polygon","coordinates":[[[15.5352,40.7651],[15.5368,40.7662],[15.5341,40.767],[15.5352,40.7651]],[[15.5351,40.7659],[15.536,40.7658],[15.5356,40.7654],[15.5351,40.7659]]]}},{"type":"Feature","properties":{"landuse":"orchard"},"geometry":{"type":"Polygon","coordinates":[[[15.5459,40.7592],[15.547,40.7593],[15.5444,40.7603],[15.5459,40.7592]],[[15.5461,40.7598],[15.5463,40.7599],[15.5465,40.7596],[15.5461,40.7598]],[[15.5458,40.7599],[15.546,40.7599],[15.546,40.7598],[15.5458,40.7599]]]}},{"type":"Feature","properties":{"landuse":"farmland"},"geometry":{"type":"Polygon","coordinates":[[[15.5558,40.7726],[15.5573,40.7719],[15.5575,40.7733],[15.5558,40.7726]],[[15.5569,40.7728],[15.557,40.7728],[15.557,40.7728],[15.5569,40.7727],[15.5569,40.7728]]]}},{"type":"Feature","properties":{"landuse":"farmland"},"geometry":{"type":"Polygon","coordinates":[[[15.5533,40.7725],[15.5534,40.7711],[15.5552,40.7726],[15.5533,40.7725]],[[15.5547,40.7728],[15.5549,40.7727],[15.5548,40.7726],[15.5547,40.7727],[15.5547,40.7728]]]}},{"type":"Feature","properties":{"landuse":"farmland"},"geometry":{"type":"Polygon","coordinates":[[[15.563,40.7618],[15.5588,40.7691],[15.5558,40.7686],[15.563,40.7618]],[[15.562,40.7651],[15.562,40.7651],[15.562,40.7651],[15.562,40.7651]],[[15.5613,40.7647],[15.5613,40.7647],[15.5613,40.7647],[15.5613,40.7647],[15.5613,40.7647]],[[15.5615,40.7648],[15.5616,40.7649],[15.5617,40.7648],[15.5615,40.7648]],[[15.5592,40.7641],[15.5593,40.7641],[15.5592,40.764],[15.5592,40.7641]],[[15.5589,40.7683],[15.5589,40.7683],[15.5588,40.7683],[15.5589,40.7683]]]}},{"type":"Feature","properties":{"landuse":"farmland"},"geometry":{"type":"Polygon","coordinates":[[[15.5685,40.6906],[15.564,40.691],[15.5606,40.6874],[15.5685,40.6906]]]}},{"type":"Feature","properties":{"landuse":"farmland"},"geometry":{"type":"Polygon","coordinates":[[[15.5638,40.6865],[15.559,40.6864],[15.5615,40.6841],[15.5638,40.6865]]]}},{"type":"Feature","properties":{"landuse":"farmland"},"geometry":{"type":"Polygon","coordinates":[[[15.5619,40.6916],[15.5597,40.6922],[15.5585,40.691],[15.5619,40.6916]]]}},{"type":"Feature","properties":{"landuse":"farmland"},"geometry":{"type":"Polygon","coordinates":[[[15.5586,40.6803],[15.5605,40.6823],[15.5583,40.6822],[15.5586,40.6803]],[[15.5589,40.6817],[15.5589,40.6817],[15.559,40.6817],[15.5589,40.6817]],[[15.5598,40.6819],[15.5599,40.682],[15.5599,40.6819],[15.5598,40.6819]]]}},{"type":"Feature","properties":{"landuse":"farmland"},"geometry":{"type":"Polygon","coordinates":[[[15.5565,40.6867],[15.5581,40.6838],[15.5582,40.6878],[15.5565,40.6867]],[[15.5574,40.6866],[15.5574,40.6866],[15.5575,40.6865],[15.5574,40.6866]]]}},{"type":"Feature","properties":{"landuse":"farmland"},"geometry":{"type":"Polygon","coordinates":[[[15.5584,40.691],[15.5592,40.6921],[15.5579,40.6927],[15.5584,40.691]]]}},{"type":"Feature","properties":{"landuse":"farmland"},"geometry":{"type":"Polygon","coordinates":[[[15.5582,40.68],[15.5569,40.6823],[15.5563,40.6821],[15.5582,40.68]]]}},{"type":"Feature","properties":{"landuse":"farmland"},"geometry":{"type":"Polygon","coordinates":[[[15.5522,40.6831],[15.5514,40.6843],[15.5512,40.6825],[15.5522,40.6831]]]}},{"type":"Feature","properties":{"landuse":"farmland"},"geometry":{"type":"Polygon","coordinates":[[[15.5522,40.6814],[15.5522,40.679],[15.5531,40.6807],[15.5522,40.6814]]]}},{"type":"Feature","properties":{"landuse":"farmland"},"geometry":{"type":"Polygon","coordinates":[[[15.5543,40.6886],[15.5557,40.6909],[15.5531,40.6881],[15.5543,40.6886]]]}},{"type":"Feature","properties":{"landuse":"farmland"},"geometry":{"type":"Polygon","coordinates":[[[15.5551,40.6878],[15.5571,40.6897],[15.5521,40.6874],[15.5551,40.6878]],[[15.5534,40.6875],[15.5535,40.6876],[15.5535,40.6875],[15.5534,40.6875]],[[15.5537,40.6872],[15.5539,40.6872],[15.5538,40.6871],[15.5537,40.6872]],[[15.5548,40.6894],[15.5551,40.6894],[15.5551,40.6892],[15.5548,40.6894]]]}},{"type":"Feature","properties":{"landuse":"farmland"},"geometry":{"type":"Polygon","coordinates":[[[15.5556,40.6924],[15.5522,40.6946],[15.5522,40.6908],[15.5556,40.6924]]]}},{"type":"Feature","properties":{"landuse":"farmland"},"geometry":{"type":"Polygon","coordinates":[[[15.5513,40.6892],[15.5459,40.6911],[15.5472,40.6883],[15.5513,40.6892]],[[15.546,40.6902],[15.5462,40.6901],[15.5461,40.69],[15.546,40.6902]],[[15.5463,40.6901],[15.5463,40.6902],[15.5463,40.6901],[15.5463,40.6901]],[[15.5472,40.6899],[15.5474,40.6901],[15.5473,40.6899],[15.5472,40.6899]],[[15.547,40.6906],[15.5472,40.6907],[15.5472,40.6905],[15.547,40.6906]],[[15.5485,40.6913],[15.5487,40.6913],[15.5486,40.6912],[15.5485,40.6913]],[[15.5485,40.6918],[15.5486,40.6918],[15.5477,40.6907],[15.5485,40.6918]]]}},{"type":"Feature","properties":{"landuse":"farmland"},"geometry":{"type":"Polygon","coordinates":[[[15.5452,40.6868],[15.5441,40.6855],[15.5466,40.6864],[15.5452,40.6868]]]}},{"type":"Feature","properties":{"landuse":"farmland"},"geometry":{"type":"Polygon","coordinates":[[[15.5454,40.6879],[15.5433,40.6899],[15.5439,40.6872],[15.5454,40.6879]]]}},{"type":"Feature","properties":{"landuse":"farmland"},"geometry":{"type":"Polygon","coordinates":[[[15.5468,40.6936],[15.5391,40.6945],[15.545,40.6896],[15.5468,40.6936]],[[15.5457,40.6918],[15.5455,40.6917],[15.5458,40.6922],[15.5457,40.6918]],[[15.5443,40.6906],[15.5446,40.6908],[15.5446,40.6908],[15.5443,40.6906]],[[15.5451,40.6912],[15.5453,40.6914],[15.5452,40.6913],[15.5451,40.6912]],[[15.5443,40.6911],[15.5445,40.6913],[15.5445,40.6912],[15.5443,40.6911]],[[15.5442,40.6915],[15.5443,40.6915],[15.5442,40.6914],[15.5442,40.6915]],[[15.544,40.6916],[15.5442,40.6917],[15.5441,40.6915],[15.544,40.6916]],[[15.5461,40.692],[15.5463,40.6923],[15.5464,40.6922],[15.5461,40.692]],[[15.5452,40.6924],[15.5452,40.6924],[15.5451,40.6923],[15.5452,40.6924]],[[15.544,40.6923],[15.544,40.692],[15.5439,40.692],[15.544,40.6923]]]}},{"type":"Feature","properties":{"landuse":"farmland"},"geometry":{"type":"Polygon","coordinates":[[[15.5482,40.695],[15.5438,40.6956],[15.5496,40.6944],[15.5482,40.695]],[[15.5478,40.6937],[15.5479,40.6939],[15.5479,40.6938],[15.5478,40.6937]]]}},{"type":"Feature","properties":{"landuse":"farmland"},"geometry":{"type":"Polygon","coordinates":[[[15.5557,40.6913],[15.5579,40.6921],[15.5531,40.6908],[15.5557,40.6913]],[[15.5557,40.6913],[15.5558,40.6915],[15.5559,40.6915],[15.5557,40.6913]],[[15.5561,40.6923],[15.5566,40.6923],[15.5561,40.6921],[15.5561,40.6923]]]}},{"type":"Feature","properties":{"landuse":"farmland"},"geometry":{"type":"Polygon","coordinates":[[[15.5377,40.6942],[15.5387,40.6928],[15.5395,40.6936],[15.5377,40.6942]]]}},{"type":"Feature","properties":{"landuse":"farmland"},"geometry":{"type":"Polygon","coordinates":[[[15.5406,40.6921],[15.5375,40.6908],[15.5415,40.689],[15.5406,40.6921]],[[15.5401,40.6904],[15.5403,40.6905],[15.5404,40.6903],[15.5401,40.6904]],[[15.538,40.6912],[15.539,40.691],[15.5382,40.691],[15.538,40.6912]]]}},{"type":"Feature","properties":{"landuse":"farmland"},"geometry":{"type":"Polygon","coordinates":[[[15.5367,40.691],[15.5348,40.6941],[15.5299,40.6919],[15.5357,40.69],[15.5367,40.6835],[15.5391,40.6857],[15.5367,40.691]],[[15.5363,40.6883],[15.5371,40.688],[15.537,40.688],[15.5363,40.6883]],[[15.5371,40.688],[15.5374,40.6882],[15.5374,40.6881],[15.5371,40.688]],[[15.536,40.6892],[15.5361,40.6887],[15.536,40.6891],[15.536,40.6892]],[[15.5351,40.6899],[15.5353,40.69],[15.5353,40.6899],[15.5351,40.6899]],[[15.5347,40.6898],[15.5349,40.6897],[15.5348,40.6897],[15.5347,40.6898]],[[15.5346,40.6902],[15.5344,40.6905],[15.535,40.6901],[15.5346,40.6902]],[[15.534,40.6903],[15.5345,40.69],[15.5344,40.6899],[15.534,40.6903]],[[15.5322,40.6922],[15.5322,40.6913],[15.5321,40.6914],[15.5322,40.6922]],[[15.532,40.6928],[15.5322,40.6926],[15.532,40.6926],[15.532,40.6928]]]}},{"type":"Feature","properties":{"landuse":"farmland"},"geometry":{"type":"Polygon","coordinates":[[[15.5323,40.6904],[15.5312,40.6889],[15.5327,40.6888],[15.5323,40.6904]]]}},{"type":"Feature","properties":{"landuse":"farmland"},"geometry":{"type":"Polygon","coordinates":[[[15.542,40.6823],[15.5439,40.6868],[15.5412,40.6859],[15.542,40.6823]]]}},{"type":"Feature","properties":{"landuse":"farmland"},"geometry":{"type":"Polygon","coordinates":[[[15.5446,40.6839],[15.545,40.6831],[15.5461,40.6841],[15.5446,40.6839]]]}},{"type":"Feature","properties":{"landuse":"farmland"},"geometry":{"type":"Polygon","coordinates":[[[15.5402,40.6835],[15.5413,40.6816],[15.5411,40.6839],[15.5402,40.6835]]]}},{"type":"Feature","properties":{"landuse":"farmland"},"geometry":{"type":"Polygon","coordinates":[[[15.5403,40.6818],[15.5399,40.6836],[15.5391,40.6819],[15.5403,40.6818]]]}},{"type":"Feature","properties":{"landuse":"farmland"},"geometry":{"type":"Polygon","coordinates":[[[15.5344,40.6864],[15.5345,40.6889],[15.533,40.686],[15.5344,40.6864]],[[15.5345,40.6877],[15.5345,40.6878],[15.5346,40.6877],[15.5345,40.6877]],[[15.5336,40.6865],[15.5337,40.6866],[15.5336,40.6865],[15.5336,40.6865]],[[15.5344,40.6869],[15.5346,40.6869],[15.5345,40.6868],[15.5344,40.6869]]]}},{"type":"Feature","properties":{"landuse":"farmland"},"geometry":{"type":"Polygon","coordinates":[[[15.5425,40.6821],[15.5418,40.6809],[15.5436,40.6822],[15.5425,40.6821]]]}},{"type":"Feature","properties":{"landuse":"farmland"},"geometry":{"type":"Polygon","coordinates":[[[15.5408,40.681],[15.5393,40.6806],[15.5412,40.68],[15.5408,40.681]]]}},{"type":"Feature","properties":{"landuse":"farmland"},"geometry":{"type":"Polygon","coordinates":[[[15.5428,40.6787],[15.54,40.6797],[15.5408,40.6775],[15.5428,40.6787]],[[15.5421,40.6777],[15.5421,40.6778],[15.5423,40.6777],[15.5421,40.6777]],[[15.5405,40.6784],[15.5411,40.6784],[15.5411,40.6782],[15.5405,40.6784]]]}},{"type":"Feature","properties":{"landuse":"farmland"},"geometry":{"type":"Polygon","coordinates":[[[15.5383,40.6802],[15.5361,40.6832],[15.54,40.6785],[15.5359,40.6799],[15.5383,40.6802]],[[15.5384,40.6794],[15.5388,40.6794],[15.5384,40.6793],[15.5384,40.6794]],[[15.538,40.6803],[15.5379,40.6805],[15.538,40.6806],[15.538,40.6803]]]}},{"type":"Feature","properties":{"landuse":"farmland"},"geometry":{"type":"Polygon","coordinates":[[[15.5358,40.6831],[15.5331,40.6853],[15.5322,40.6825],[15.5358,40.6831]]]}},{"type":"Feature","properties":{"landuse":"farmland"},"geometry":{"type":"Polygon","coordinates":[[[15.5268,40.6894],[15.5288,40.6892],[15.529,40.6903],[15.5268,40.6894]]]}},{"type":"Feature","properties":{"landuse":"farmland"},"geometry":{"type":"Polygon","coordinates":[[[15.527,40.6862],[15.5284,40.6852],[15.5285,40.687],[15.527,40.6862]]]}},{"type":"Feature","properties":{"landuse":"farmland"},"geometry":{"type":"Polygon","coordinates":[[[15.5251,40.687],[15.5277,40.6875],[15.5248,40.6883],[15.5251,40.687]]]}},{"type":"Feature","properties":{"landuse":"farmland"},"geometry":{"type":"Polygon","coordinates":[[[15.5258,40.6848],[15.5268,40.684],[15.5265,40.6861],[15.5258,40.6848]]]}},{"type":"Feature","properties":{"landuse":"farmland"},"geometry":{"type":"Polygon","coordinates":[[[15.5302,40.6852],[15.5286,40.6871],[15.5286,40.6853],[15.5302,40.6852]]]}},{"type":"Feature","properties":{"landuse":"farmland"},"geometry":{"type":"Polygon","coordinates":[[[15.5283,40.6828],[15.53,40.6819],[15.5289,40.6835],[15.5283,40.6828]],[[15.5285,40.6824],[15.5287,40.6823],[15.5285,40.6824],[15.5285,40.6824]]]}},{"type":"Feature","properties":{"landuse":"farmland"},"geometry":{"type":"Polygon","coordinates":[[[15.5326,40.6792],[15.5346,40.6786],[15.5339,40.6802],[15.5326,40.6792]]]}},{"type":"Feature","properties":{"landuse":"farmland"},"geometry":{"type":"Polygon","coordinates":[[[15.5357,40.6765],[15.5327,40.6771],[15.5331,40.6753],[15.5357,40.6765]],[[15.5346,40.6763],[15.5343,40.6765],[15.5347,40.6763],[15.5346,40.6763]]]}},{"type":"Feature","properties":{"landuse":"farmland"},"geometry":{"type":"Polygon","coordinates":[[[15.5312,40.678],[15.5309,40.6765],[15.532,40.6756],[15.5312,40.678]]]}},{"type":"Feature","properties":{"landuse":"farmland"},"geometry":{"type":"Polygon","coordinates":[[[15.5235,40.6743],[15.5247,40.6739],[15.5261,40.6763],[15.5235,40.6743]]]}},{"type":"Feature","properties":{"landuse":"farmland"},"geometry":{"type":"Polygon","coordinates":[[[15.526,40.6765],[15.523,40.6764],[15.5233,40.6746],[15.526,40.6765]]]}},{"type":"Feature","properties":{"landuse":"farmland"},"geometry":{"type":"Polygon","coordinates":[[[15.5282,40.6818],[15.5291,40.6797],[15.5304,40.6813],[15.5282,40.6818]]]}},{"type":"Feature","properties":{"landuse":"farmland"},"geometry":{"type":"Polygon","coordinates":[[[15.5308,40.6766],[15.5279,40.6755],[15.5288,40.6748],[15.5308,40.6766]]]}},{"type":"Feature","properties":{"landuse":"farmland"},"geometry":{"type":"Polygon","coordinates":[[[15.5354,40.6714],[15.5371,40.6701],[15.5376,40.6725],[15.5354,40.6714]]]}},{"type":"Feature","properties":{"landuse":"farmland"},"geometry":{"type":"Polygon","coordinates":[[[15.5387,40.6742],[15.5367,40.6739],[15.5385,40.6726],[15.5387,40.6742]]]}},{"type":"Feature","properties":{"landuse":"farmland"},"geometry":{"type":"Polygon","coordinates":[[[15.5377,40.6758],[15.5385,40.6748],[15.5408,40.6772],[15.5377,40.6758]]]}},{"type":"Feature","properties":{"landuse":"farmland"},"geometry":{"type":"Polygon","coordinates":[[[15.5377,40.6775],[15.5352,40.6788],[15.5363,40.6766],[15.5377,40.6775]],[[15.5371,40.6772],[15.5372,40.6772],[15.5373,40.677],[15.5371,40.6772]]]}},{"type":"Feature","properties":{"landuse":"farmland"},"geometry":{"type":"Polygon","coordinates":[[[15.5402,40.6749],[15.5407,40.6767],[15.5393,40.6752],[15.5402,40.6749]]]}},{"type":"Feature","properties":{"landuse":"farmland"},"geometry":{"type":"Polygon","coordinates":[[[15.5408,40.6731],[15.5395,40.6741],[15.5397,40.6726],[15.5408,40.6731]]]}},{"type":"Feature","properties":{"landuse":"farmland"},"geometry":{"type":"Polygon","coordinates":[[[15.55,40.6859],[15.5502,40.6876],[15.5479,40.6871],[15.55,40.6859]]]}},{"type":"Feature","properties":{"landuse":"farmland"},"geometry":{"type":"Polygon","coordinates":[[[15.5467,40.6865],[15.5484,40.6854],[15.5478,40.6868],[15.5467,40.6865]]]}},{"type":"Feature","properties":{"landuse":"farmland"},"geometry":{"type":"Polygon","coordinates":[[[15.5458,40.6801],[15.5496,40.6816],[15.5463,40.6841],[15.5438,40.6815],[15.5458,40.6801]]]}},{"type":"Feature","properties":{"landuse":"farmland"},"geometry":{"type":"Polygon","coordinates":[[[15.5514,40.68],[15.5505,40.6821],[15.5483,40.6795],[15.5514,40.68]]]}},{"type":"Feature","properties":{"landuse":"farmland"},"geometry":{"type":"Polygon","coordinates":[[[15.5509,40.6768],[15.5497,40.6783],[15.5475,40.6773],[15.5509,40.6768]]]}},{"type":"Feature","properties":{"landuse":"farmland"},"geometry":{"type":"Polygon","coordinates":[[[15.5444,40.6772],[15.5478,40.6782],[15.5463,40.6785],[15.5444,40.6772]]]}},{"type":"Feature","properties":{"landuse":"farmland"},"geometry":{"type":"Polygon","coordinates":[[[15.5538,40.6758],[15.5555,40.6719],[15.5572,40.6752],[15.5538,40.6758]]]}},{"type":"Feature","properties":{"landuse":"farmland"},"geometry":{"type":"Polygon","coordinates":[[[15.5521,40.6724],[15.5537,40.6703],[15.555,40.6717],[15.5521,40.6724]],[[15.554,40.672],[15.5542,40.672],[15.5542,40.6719],[15.554,40.672]]]}},{"type":"Feature","properties":{"landuse":"farmland"},"geometry":{"type":"Polygon","coordinates":[[[15.5426,40.6774],[15.5415,40.6719],[15.5443,40.672],[15.5465,40.6746],[15.5426,40.6774]],[[15.5428,40.6726],[15.5429,40.6728],[15.5429,40.6726],[15.5428,40.6726]],[[15.5429,40.6716],[15.5431,40.6717],[15.5432,40.6716],[15.5429,40.6716]],[[15.5421,40.6735],[15.5424,40.6735],[15.5423,40.6735],[15.5421,40.6735]],[[15.5425,40.6751],[15.5425,40.6752],[15.5429,40.6752],[15.5425,40.6751]],[[15.5432,40.6753],[15.5433,40.6754],[15.5434,40.6753],[15.5432,40.6753]],[[15.5426,40.6757],[15.5427,40.6758],[15.5428,40.6757],[15.5426,40.6757]],[[15.5449,40.6751],[15.545,40.675],[15.5451,40.6747],[15.5449,40.6751]],[[15.5453,40.6752],[15.5449,40.6755],[15.5459,40.6755],[15.5453,40.6752]],[[15.5441,40.6765],[15.5443,40.6763],[15.5442,40.6763],[15.5441,40.6765]]]}},{"type":"Feature","properties":{"landuse":"farmland"},"geometry":{"type":"Polygon","coordinates":[[[15.5472,40.6745],[15.544,40.6728],[15.5479,40.6709],[15.5457,40.6705],[15.5481,40.6706],[15.5489,40.6732],[15.545,40.6725],[15.5472,40.6745]],[[15.5461,40.6729],[15.5464,40.6728],[15.5462,40.6728],[15.5461,40.6729]]]}},{"type":"Feature","properties":{"landuse":"farmland"},"geometry":{"type":"Polygon","coordinates":[[[15.5598,40.677],[15.5592,40.6759],[15.5609,40.6759],[15.5598,40.677]]]}},{"type":"Feature","properties":{"landuse":"farmland"},"geometry":{"type":"Polygon","coordinates":[[[15.561,40.6761],[15.5621,40.6772],[15.5599,40.6776],[15.561,40.6761]]]}},{"type":"Feature","properties":{"landuse":"farmland"},"geometry":{"type":"Polygon","coordinates":[[[15.5585,40.675],[15.5572,40.6735],[15.559,40.6733],[15.5585,40.675]]]}},{"type":"Feature","properties":{"landuse":"farmland"},"geometry":{"type":"Polygon","coordinates":[[[15.5423,40.6714],[15.5411,40.6705],[15.5436,40.671],[15.5423,40.6714]]]}},{"type":"Feature","properties":{"landuse":"farmland"},"geometry":{"type":"Polygon","coordinates":[[[15.6662,40.6359],[15.6641,40.6353],[15.6692,40.635],[15.6662,40.6359]],[[15.6678,40.6357],[15.6681,40.6358],[15.668,40.6356],[15.6678,40.6357]]]}},{"type":"Feature","properties":{"landuse":"farmland"},"geometry":{"type":"Polygon","coordinates":[[[15.6558,40.6052],[15.6547,40.6071],[15.6513,40.6014],[15.6558,40.6052]],[[15.6517,40.6021],[15.6518,40.6021],[15.6517,40.6021],[15.6517,40.6021]],[[15.652,40.6025],[15.6521,40.6024],[15.652,40.6024],[15.652,40.6025]],[[15.6531,40.6024],[15.6531,40.6025],[15.6531,40.6024],[15.6531,40.6024]],[[15.6547,40.6058],[15.6547,40.6058],[15.6547,40.6057],[15.6546,40.6057],[15.6547,40.6058]]]}},{"type":"Feature","properties":{"landuse":"orchard"},"geometry":{"type":"Polygon","coordinates":[[[16.698,40.3364],[16.6957,40.3363],[16.6989,40.3283],[16.698,40.3364]]]}},{"type":"Feature","properties":{"landuse":"orchard"},"geometry":{"type":"Polygon","coordinates":[[[16.6983,40.3346],[16.6995,40.3276],[16.705,40.3229],[16.7005,40.3276],[16.704,40.3341],[16.6983,40.3346]]]}},{"type":"Feature","properties":{"landuse":"farmland"},"geometry":{"type":"Polygon","coordinates":[[[16.6968,40.3408],[16.6979,40.337],[16.7002,40.3355],[16.6968,40.3408]]]}},{"type":"Feature","properties":{"landuse":"farmland"},"geometry":{"type":"Polygon","coordinates":[[[15.5155,40.8287],[15.5168,40.8285],[15.5165,40.8309],[15.5155,40.8287]]]}},{"type":"Feature","properties":{"landuse":"farmland"},"geometry":{"type":"Polygon","coordinates":[[[15.5141,40.8316],[15.5132,40.8323],[15.5118,40.8309],[15.5141,40.8316]]]}},{"type":"Feature","properties":{"landuse":"farmland"},"geometry":{"type":"Polygon","coordinates":[[[15.5173,40.8322],[15.5168,40.831],[15.5186,40.8317],[15.5173,40.8322]]]}},{"type":"Feature","properties":{"landuse":"farmland"},"geometry":{"type":"Polygon","coordinates":[[[15.4949,40.8888],[15.4949,40.8907],[15.4933,40.8904],[15.4949,40.8888]]]}},{"type":"Feature","properties":{"landuse":"farmland"},"geometry":{"type":"Polygon","coordinates":[[[15.4887,40.8912],[15.4891,40.8877],[15.4955,40.8869],[15.4887,40.8912]],[[15.4902,40.8893],[15.4914,40.8902],[15.491,40.8887],[15.4902,40.8893]],[[15.4914,40.8873],[15.4916,40.8872],[15.4913,40.8871],[15.4914,40.8873]],[[15.491,40.8876],[15.4907,40.8872],[15.4907,40.8874],[15.491,40.8876]]]}},{"type":"Feature","properties":{"landuse":"farmland"},"geometry":{"type":"Polygon","coordinates":[[[15.4844,40.8866],[15.4866,40.8861],[15.4859,40.8876],[15.4844,40.8866]]]}},{"type":"Feature","properties":{"landuse":"farmland"},"geometry":{"type":"Polygon","coordinates":[[[15.4874,40.8864],[15.4894,40.8864],[15.4884,40.8884],[15.4874,40.8864]]]}},{"type":"Feature","properties":{"landuse":"farmland"},"geometry":{"type":"Polygon","coordinates":[[[15.4843,40.8864],[15.4806,40.8863],[15.484,40.8851],[15.4843,40.8864]]]}},{"type":"Feature","properties":{"landuse":"farmland"},"geometry":{"type":"Polygon","coordinates":[[[15.4854,40.8946],[15.4874,40.8915],[15.4928,40.8963],[15.4884,40.8958],[15.4885,40.8924],[15.4854,40.8946]]]}},{"type":"Feature","properties":{"landuse":"farmland"},"geometry":{"type":"Polygon","coordinates":[[[15.519,40.8359],[15.5204,40.837],[15.5184,40.8377],[15.519,40.8359]]]}},{"type":"Feature","properties":{"landuse":"farmland"},"geometry":{"type":"Polygon","coordinates":[[[15.5165,40.8365],[15.5168,40.8382],[15.5156,40.8373],[15.5165,40.8365]]]}},{"type":"Feature","properties":{"landuse":"farmland"},"geometry":{"type":"Polygon","coordinates":[[[15.4811,40.8906],[15.4774,40.8904],[15.4813,40.8891],[15.4811,40.8906]]]}},{"type":"Feature","properties":{"landuse":"farmland"},"geometry":{"type":"Polygon","coordinates":[[[15.47,40.8877],[15.4713,40.8887],[15.4693,40.8888],[15.47,40.8877]]]}},{"type":"Feature","properties":{"landuse":"farmland"},"geometry":{"type":"Polygon","coordinates":[[[15.4714,40.8894],[15.4702,40.8898],[15.4684,40.8889],[15.4714,40.8894]]]}},{"type":"Feature","properties":{"landuse":"farmland"},"geometry":{"type":"Polygon","coordinates":[[[15.4688,40.8858],[15.4714,40.8837],[15.4726,40.8867],[15.4688,40.8858]]]}},{"type":"Feature","properties":{"landuse":"farmland"},"geometry":{"type":"Polygon","coordinates":[[[15.4756,40.8841],[15.4744,40.8858],[15.4741,40.883],[15.4756,40.8841]]]}},{"type":"Feature","properties":{"landuse":"farmland"},"geometry":{"type":"Polygon","coordinates":[[[15.4712,40.8837],[15.4698,40.8838],[15.471,40.8828],[15.4712,40.8837]]]}},{"type":"Feature","properties":{"landuse":"farmland"},"geometry":{"type":"Polygon","coordinates":[[[15.4766,40.8775],[15.4744,40.8819],[15.4688,40.882],[15.4698,40.8789],[15.4741,40.8794],[15.4713,40.878],[15.4766,40.8775]],[[15.4749,40.8788],[15.4754,40.8789],[15.474,40.8784],[15.4749,40.8788]],[[15.4691,40.8806],[15.4699,40.8805],[15.4697,40.8801],[15.4691,40.8806]],[[15.4735,40.8819],[15.4736,40.8806],[15.4731,40.8806],[15.4735,40.8819]]]}},{"type":"Feature","properties":{"landuse":"farmland"},"geometry":{"type":"Polygon","coordinates":[[[15.4796,40.8766],[15.4834,40.8764],[15.4776,40.8789],[15.481,40.8734],[15.4796,40.8766]]]}},{"type":"Feature","properties":{"landuse":"farmland"},"geometry":{"type":"Polygon","coordinates":[[[15.4785,40.8725],[15.4776,40.8738],[15.4771,40.8725],[15.4785,40.8725]]]}},{"type":"Feature","properties":{"landuse":"farmland"},"geometry":{"type":"Polygon","coordinates":[[[15.477,40.8722],[15.4752,40.8726],[15.4784,40.871],[15.477,40.8722]]]}},{"type":"Feature","properties":{"landuse":"farmland"},"geometry":{"type":"Polygon","coordinates":[[[15.4769,40.8853],[15.4743,40.8827],[15.4775,40.8792],[15.4775,40.882],[15.4745,40.8821],[15.4782,40.8823],[15.4769,40.8853]],[[15.4757,40.8814],[15.4763,40.8816],[15.4763,40.8814],[15.4757,40.8814]],[[15.4752,40.8835],[15.4753,40.8835],[15.4753,40.8834],[15.4752,40.8835]]]}},{"type":"Feature","properties":{"landuse":"farmland"},"geometry":{"type":"Polygon","coordinates":[[[15.4793,40.8852],[15.4775,40.8804],[15.4806,40.878],[15.4808,40.8834],[15.4836,40.8848],[15.4793,40.8852]],[[15.4788,40.8796],[15.4789,40.8796],[15.4789,40.8795],[15.4788,40.8796]],[[15.4791,40.8798],[15.4793,40.8798],[15.4792,40.8797],[15.4791,40.8798]],[[15.4785,40.8802],[15.4783,40.8806],[15.4788,40.8802],[15.4785,40.8802]],[[15.478,40.8813],[15.4786,40.8815],[15.4786,40.8812],[15.478,40.8813]],[[15.4788,40.8834],[15.4792,40.8835],[15.4791,40.8829],[15.4788,40.8834]],[[15.4793,40.8848],[15.4797,40.8849],[15.4799,40.8848],[15.4793,40.8848]]]}},{"type":"Feature","properties":{"landuse":"farmland"},"geometry":{"type":"Polygon","coordinates":[[[15.4823,40.8779],[15.4877,40.8767],[15.4885,40.8733],[15.4866,40.8785],[15.4851,40.8768],[15.4874,40.8806],[15.4822,40.8814],[15.4823,40.8779]],[[15.4873,40.8757],[15.487,40.8751],[15.4868,40.8753],[15.4873,40.8757]],[[15.489,40.8767],[15.489,40.8766],[15.4888,40.8764],[15.489,40.8767]],[[15.4849,40.8797],[15.4852,40.8796],[15.485,40.8796],[15.4849,40.8797]],[[15.4875,40.8797],[15.4877,40.8794],[15.4873,40.8794],[15.4875,40.8797]],[[15.4876,40.8803],[15.4876,40.8798],[15.4875,40.8798],[15.4876,40.8803]],[[15.4836,40.8809],[15.484,40.8808],[15.4838,40.8805],[15.4836,40.8809]]]}},{"type":"Feature","properties":{"landuse":"farmland"},"geometry":{"type":"Polygon","coordinates":[[[15.4888,40.8734],[15.4925,40.8744],[15.4901,40.8761],[15.4888,40.8734]],[[15.4905,40.8755],[15.4908,40.8748],[15.4904,40.8748],[15.4905,40.8755]]]}},{"type":"Feature","properties":{"landuse":"farmland"},"geometry":{"type":"Polygon","coordinates":[[[15.488,40.8914],[15.4931,40.8912],[15.4925,40.8926],[15.488,40.8914]]]}},{"type":"Feature","properties":{"landuse":"farmland"},"geometry":{"type":"Polygon","coordinates":[[[15.4887,40.8821],[15.4881,40.8849],[15.4815,40.8814],[15.4918,40.8797],[15.4966,40.8836],[15.4935,40.8854],[15.4887,40.8821]],[[15.4946,40.884],[15.4942,40.8843],[15.4948,40.8843],[15.4946,40.884]],[[15.4941,40.8839],[15.4949,40.8838],[15.494,40.8836],[15.4941,40.8839]]]}},{"type":"Feature","properties":{"landuse":"farmland"},"geometry":{"type":"Polygon","coordinates":[[[15.4919,40.8729],[15.4915,40.872],[15.4944,40.8705],[15.4919,40.8729]],[[15.4931,40.871],[15.4934,40.8712],[15.4936,40.8709],[15.4931,40.871]]]}},{"type":"Feature","properties":{"landuse":"farmland"},"geometry":{"type":"Polygon","coordinates":[[[15.492,40.8795],[15.4885,40.88],[15.4882,40.8777],[15.492,40.8795]]]}},{"type":"Feature","properties":{"landuse":"farmland"},"geometry":{"type":"Polygon","coordinates":[[[15.4927,40.8753],[15.4968,40.8761],[15.4923,40.8777],[15.4927,40.8753]]]}},{"type":"Feature","properties":{"landuse":"farmland"},"geometry":{"type":"Polygon","coordinates":[[[15.4933,40.8795],[15.4993,40.8754],[15.498,40.8828],[15.4933,40.8795]],[[15.4977,40.8775],[15.4967,40.877],[15.4975,40.8776],[15.4977,40.8775]],[[15.4954,40.8791],[15.4968,40.881],[15.4973,40.8784],[15.4954,40.8791]],[[15.4961,40.877],[15.4965,40.877],[15.4962,40.8769],[15.4961,40.877]],[[15.4968,40.8819],[15.4972,40.8818],[15.4971,40.8817],[15.4968,40.8819]],[[15.4984,40.8813],[15.4983,40.8807],[15.498,40.8808],[15.4984,40.8813]]]}},{"type":"Feature","properties":{"landuse":"farmland"},"geometry":{"type":"Polygon","coordinates":[[[15.5236,40.8532],[15.522,40.8519],[15.5247,40.8519],[15.5236,40.8532]],[[15.5227,40.8527],[15.5229,40.8528],[15.5229,40.8526],[15.5227,40.8527]],[[15.5232,40.8523],[15.5245,40.8526],[15.5236,40.852],[15.5232,40.8523]]]}},{"type":"Feature","properties":{"landuse":"farmland"},"geometry":{"type":"Polygon","coordinates":[[[15.4891,40.8695],[15.4924,40.8687],[15.4918,40.8647],[15.4957,40.8684],[15.4891,40.8695]],[[15.4938,40.8683],[15.4936,40.868],[15.4936,40.8681],[15.4938,40.8683]],[[15.491,40.8692],[15.4913,40.8691],[15.4911,40.8691],[15.491,40.8692]],[[15.4918,40.8697],[15.4919,40.8696],[15.4917,40.8696],[15.4918,40.8697]],[[15.4917,40.8694],[15.492,40.8695],[15.492,40.8694],[15.4917,40.8694]]]}},{"type":"Feature","properties":{"landuse":"farmland"},"geometry":{"type":"Polygon","coordinates":[[[15.4999,40.8813],[15.5009,40.8803],[15.497,40.8857],[15.4999,40.8813]]]}},{"type":"Feature","properties":{"landuse":"farmland"},"geometry":{"type":"Polygon","coordinates":[[[15.5012,40.8838],[15.4995,40.8852],[15.4995,40.884],[15.5012,40.8838]]]}},{"type":"Feature","properties":{"landuse":"farmland"},"geometry":{"type":"Polygon","coordinates":[[[15.4999,40.88],[15.4991,40.8809],[15.4993,40.8787],[15.4999,40.88]]]}},{"type":"Feature","properties":{"landuse":"farmland"},"geometry":{"type":"Polygon","coordinates":[[[15.4938,40.8716],[15.4948,40.8699],[15.4964,40.872],[15.4938,40.8716]]]}},{"type":"Feature","properties":{"landuse":"farmland"},"geometry":{"type":"Polygon","coordinates":[[[15.487,40.8709],[15.4872,40.8687],[15.4888,40.8713],[15.487,40.8709]],[[15.4873,40.8695],[15.4875,40.8694],[15.4873,40.8693],[15.4873,40.8695]],[[15.4877,40.8694],[15.4877,40.8693],[15.4877,40.8693],[15.4877,40.8694]],[[15.4875,40.8715],[15.4874,40.8714],[15.4872,40.8712],[15.4875,40.8715]],[[15.4875,40.8713],[15.4875,40.8712],[15.4874,40.8712],[15.4875,40.8713]],[[15.4876,40.8713],[15.4877,40.8713],[15.4876,40.8712],[15.4876,40.8713]],[[15.4879,40.8712],[15.4879,40.8712],[15.4879,40.8711],[15.4879,40.8712]],[[15.488,40.8713],[15.4886,40.8718],[15.4881,40.8711],[15.488,40.8713]],[[15.4882,40.872],[15.4883,40.872],[15.4882,40.872],[15.4882,40.872]],[[15.4878,40.872],[15.4878,40.8715],[15.4875,40.8716],[15.4878,40.872]],[[15.488,40.8722],[15.4884,40.8723],[15.488,40.8721],[15.488,40.8722]]]}},{"type":"Feature","properties":{"landuse":"farmland"},"geometry":{"type":"Polygon","coordinates":[[[15.4872,40.8669],[15.4877,40.8681],[15.4858,40.867],[15.4872,40.8669]]]}},{"type":"Feature","properties":{"landuse":"farmland"},"geometry":{"type":"Polygon","coordinates":[[[15.5267,40.8389],[15.523,40.8393],[15.5236,40.8352],[15.5267,40.8389]],[[15.5249,40.838],[15.5251,40.8381],[15.525,40.838],[15.5249,40.838]],[[15.5239,40.8389],[15.5242,40.8389],[15.5237,40.8385],[15.5239,40.8389]]]}},{"type":"Feature","properties":{"landuse":"farmland"},"geometry":{"type":"Polygon","coordinates":[[[15.5263,40.8361],[15.5269,40.8379],[15.525,40.8365],[15.5263,40.8361]]]}},{"type":"Feature","properties":{"landuse":"farmland"},"geometry":{"type":"Polygon","coordinates":[[[15.518,40.8299],[15.5171,40.8287],[15.5191,40.8293],[15.518,40.8299]]]}},{"type":"Feature","properties":{"landuse":"farmland"},"geometry":{"type":"Polygon","coordinates":[[[15.5318,40.7049],[15.5316,40.7059],[15.5341,40.7034],[15.5318,40.7049]]]}},{"type":"Feature","properties":{"landuse":"farmland"},"geometry":{"type":"Polygon","coordinates":[[[15.5199,40.8747],[15.5197,40.8773],[15.5145,40.8744],[15.5199,40.8747]],[[15.5156,40.8748],[15.5159,40.8748],[15.5159,40.8746],[15.5156,40.8748]]]}},{"type":"Feature","properties":{"landuse":"farmland"},"geometry":{"type":"Polygon","coordinates":[[[15.5156,40.8757],[15.5178,40.8786],[15.5143,40.8772],[15.5156,40.8757]]]}},{"type":"Feature","properties":{"landuse":"farmland"},"geometry":{"type":"Polygon","coordinates":[[[15.5205,40.8309],[15.5208,40.8319],[15.5193,40.831],[15.5205,40.8309]]]}},{"type":"Feature","properties":{"landuse":"farmland"},"geometry":{"type":"Polygon","coordinates":[[[15.5205,40.8335],[15.5185,40.8337],[15.5193,40.8317],[15.5205,40.8335]]]}},{"type":"Feature","properties":{"landuse":"farmland"},"geometry":{"type":"Polygon","coordinates":[[[15.5022,40.882],[15.5025,40.8801],[15.5052,40.8818],[15.5022,40.882]]]}},{"type":"Feature","properties":{"landuse":"farmland"},"geometry":{"type":"Polygon","coordinates":[[[15.4955,40.8969],[15.4931,40.8951],[15.4963,40.894],[15.4955,40.8969]],[[15.4946,40.8946],[15.4941,40.8948],[15.4944,40.8948],[15.4946,40.8946]]]}},{"type":"Feature","properties":{"landuse":"orchard"},"geometry":{"type":"Polygon","coordinates":[[[15.5291,40.8356],[15.5276,40.8362],[15.5271,40.8347],[15.5291,40.8356]]]}},{"type":"Feature","properties":{"landuse":"farmland"},"geometry":{"type":"Polygon","coordinates":[[[15.535,40.8372],[15.5366,40.8396],[15.5332,40.839],[15.535,40.8372]]]}},{"type":"Feature","properties":{"landuse":"farmland"},"geometry":{"type":"Polygon","coordinates":[[[15.5255,40.8406],[15.5253,40.8394],[15.529,40.8397],[15.5255,40.8406]]]}},{"type":"Feature","properties":{"landuse":"farmland"},"geometry":{"type":"Polygon","coordinates":[[[15.5636,40.8548],[15.5613,40.8545],[15.5647,40.853],[15.5636,40.8548]]]}},{"type":"Feature","properties":{"landuse":"farmland"},"geometry":{"type":"Polygon","coordinates":[[[15.5566,40.841],[15.5585,40.8416],[15.5546,40.8425],[15.5566,40.841]]]}},{"type":"Feature","properties":{"landuse":"farmland"},"geometry":{"type":"Polygon","coordinates":[[[15.5106,40.8756],[15.5145,40.8757],[15.5117,40.8757],[15.5134,40.8776],[15.5106,40.8756]]]}},{"type":"Feature","properties":{"landuse":"farmland"},"geometry":{"type":"Polygon","coordinates":[[[15.4957,40.897],[15.4962,40.8954],[15.499,40.8982],[15.4957,40.897]]]}},{"type":"Feature","properties":{"landuse":"farmland"},"geometry":{"type":"Polygon","coordinates":[[[15.5675,40.8483],[15.563,40.8467],[15.5663,40.8456],[15.5675,40.8483]],[[15.5641,40.8471],[15.5649,40.8477],[15.5655,40.847],[15.5641,40.8471]]]}},{"type":"Feature","properties":{"landuse":"farmland"},"geometry":{"type":"Polygon","coordinates":[[[15.5616,40.8466],[15.5606,40.8457],[15.5618,40.845],[15.5616,40.8466]]]}},{"type":"Feature","properties":{"landuse":"farmland"},"geometry":{"type":"Polygon","coordinates":[[[15.5647,40.8495],[15.5655,40.8513],[15.5639,40.851],[15.5647,40.8495]]]}},{"type":"Feature","properties":{"landuse":"farmland"},"geometry":{"type":"Polygon","coordinates":[[[15.5147,40.8849],[15.5163,40.8851],[15.516,40.8867],[15.5147,40.8849]]]}},{"type":"Feature","properties":{"landuse":"farmland"},"geometry":{"type":"Polygon","coordinates":[[[15.5569,40.845],[15.5554,40.8434],[15.561,40.8436],[15.5569,40.845]]]}},{"type":"Feature","properties":{"landuse":"farmland"},"geometry":{"type":"Polygon","coordinates":[[[15.5468,40.8582],[15.5439,40.8599],[15.5455,40.8578],[15.5468,40.8582]]]}},{"type":"Feature","properties":{"landuse":"farmland"},"geometry":{"type":"Polygon","coordinates":[[[15.5121,40.8803],[15.5155,40.8802],[15.513,40.8811],[15.5121,40.8803]]]}},{"type":"Feature","properties":{"landuse":"farmland"},"geometry":{"type":"Polygon","coordinates":[[[15.5116,40.8825],[15.5112,40.8809],[15.5124,40.8812],[15.5116,40.8825]]]}},{"type":"Feature","properties":{"landuse":"farmland"},"geometry":{"type":"Polygon","coordinates":[[[15.5094,40.8778],[15.5115,40.878],[15.5105,40.8793],[15.5094,40.8778]]]}},{"type":"Feature","properties":{"landuse":"farmland"},"geometry":{"type":"Polygon","coordinates":[[[15.5072,40.8778],[15.5102,40.8808],[15.5055,40.879],[15.5072,40.8778]]]}},{"type":"Feature","properties":{"landuse":"farmland"},"geometry":{"type":"Polygon","coordinates":[[[15.5585,40.8388],[15.5606,40.8416],[15.5596,40.8422],[15.5585,40.8388]]]}},{"type":"Feature","properties":{"landuse":"farmland"},"geometry":{"type":"Polygon","coordinates":[[[15.5579,40.8474],[15.5592,40.8491],[15.5564,40.8496],[15.5579,40.8474]],[[15.5572,40.8491],[15.5578,40.849],[15.5574,40.8486],[15.5572,40.8491]]]}},{"type":"Feature","properties":{"landuse":"farmland"},"geometry":{"type":"Polygon","coordinates":[[[15.5072,40.8898],[15.5097,40.8888],[15.5085,40.8924],[15.5072,40.8898]]]}},{"type":"Feature","properties":{"landuse":"farmland"},"geometry":{"type":"Polygon","coordinates":[[[15.5135,40.8835],[15.5109,40.8867],[15.5143,40.8858],[15.5146,40.8894],[15.5077,40.8881],[15.5135,40.8835]],[[15.5082,40.8876],[15.5091,40.8873],[15.5082,40.8873],[15.5082,40.8876]]]}},{"type":"Feature","properties":{"landuse":"farmland"},"geometry":{"type":"Polygon","coordinates":[[[15.5117,40.8894],[15.5135,40.8905],[15.5098,40.8899],[15.5141,40.8901],[15.5117,40.8894]]]}},{"type":"Feature","properties":{"landuse":"farmland"},"geometry":{"type":"Polygon","coordinates":[[[15.5079,40.8775],[15.5053,40.8785],[15.5076,40.8761],[15.5079,40.8775]],[[15.5072,40.8772],[15.5075,40.8774],[15.5073,40.8772],[15.5072,40.8772]]]}},{"type":"Feature","properties":{"landuse":"farmland"},"geometry":{"type":"Polygon","coordinates":[[[15.4968,40.8881],[15.4935,40.8928],[15.4961,40.8879],[15.4968,40.8881]],[[15.4962,40.8894],[15.4964,40.8891],[15.4957,40.8889],[15.4962,40.8894]]]}},{"type":"Feature","properties":{"landuse":"farmland"},"geometry":{"type":"Polygon","coordinates":[[[15.5696,40.8415],[15.5691,40.839],[15.5718,40.8389],[15.5731,40.8422],[15.5696,40.8415]],[[15.5691,40.8391],[15.5692,40.839],[15.5692,40.839],[15.5691,40.8391]],[[15.5692,40.8393],[15.5692,40.8393],[15.5692,40.8392],[15.5692,40.8393]],[[15.5694,40.8392],[15.5694,40.8392],[15.5694,40.8391],[15.5694,40.8392]],[[15.5695,40.8392],[15.5696,40.8392],[15.5696,40.8391],[15.5695,40.8392]],[[15.5703,40.8394],[15.5703,40.8394],[15.5703,40.8393],[15.5703,40.8394]],[[15.5701,40.8395],[15.5702,40.8395],[15.5702,40.8394],[15.5701,40.8395]],[[15.5703,40.8397],[15.5703,40.8398],[15.5703,40.8397],[15.5703,40.8397]],[[15.571,40.8389],[15.571,40.8388],[15.571,40.8388],[15.571,40.8389]],[[15.5711,40.8388],[15.5712,40.8389],[15.5712,40.8388],[15.5711,40.8388]],[[15.5701,40.8413],[15.5701,40.8413],[15.5701,40.8412],[15.5701,40.8413]],[[15.5706,40.841],[15.5706,40.8411],[15.5707,40.841],[15.5706,40.841]],[[15.572,40.8416],[15.5721,40.8417],[15.5721,40.8416],[15.572,40.8416]],[[15.5713,40.8419],[15.5714,40.8418],[15.5713,40.8418],[15.5713,40.8419]],[[15.5705,40.8417],[15.5706,40.8417],[15.5705,40.8416],[15.5705,40.8417]],[[15.5708,40.842],[15.5714,40.8421],[15.5716,40.8411],[15.5708,40.842]]]}},{"type":"Feature","properties":{"landuse":"farmland"},"geometry":{"type":"Polygon","coordinates":[[[15.5599,40.8538],[15.5571,40.8547],[15.5559,40.8517],[15.5599,40.8538]]]}},{"type":"Feature","properties":{"landuse":"farmland"},"geometry":{"type":"Polygon","coordinates":[[[15.5099,40.8847],[15.5119,40.8842],[15.5081,40.8851],[15.5099,40.8847]]]}},{"type":"Feature","properties":{"landuse":"farmland"},"geometry":{"type":"Polygon","coordinates":[[[15.5012,40.8893],[15.4984,40.8929],[15.4969,40.8862],[15.5012,40.8893]],[[15.4995,40.8876],[15.4997,40.888],[15.4998,40.888],[15.4995,40.8876]],[[15.4972,40.8866],[15.4994,40.8876],[15.4987,40.8871],[15.4972,40.8866]],[[15.4973,40.8889],[15.4989,40.8896],[15.4991,40.8894],[15.4973,40.8889]]]}},{"type":"Feature","properties":{"landuse":"farmland"},"geometry":{"type":"Polygon","coordinates":[[[15.5226,40.9051],[15.5184,40.9047],[15.5213,40.9042],[15.5226,40.9051]]]}},{"type":"Feature","properties":{"landuse":"farmland"},"geometry":{"type":"Polygon","coordinates":[[[15.52,40.904],[15.517,40.9019],[15.523,40.9036],[15.52,40.904]],[[15.5223,40.9039],[15.5226,40.9038],[15.5225,40.9037],[15.5223,40.9039]]]}},{"type":"Feature","properties":{"landuse":"farmland"},"geometry":{"type":"Polygon","coordinates":[[[15.516,40.9005],[15.5179,40.9006],[15.5164,40.9013],[15.516,40.9005]]]}},{"type":"Feature","properties":{"landuse":"farmland"},"geometry":{"type":"Polygon","coordinates":[[[15.5071,40.9023],[15.5117,40.9033],[15.5044,40.9026],[15.5071,40.9023]],[[15.5075,40.9034],[15.5074,40.9038],[15.508,40.9034],[15.5075,40.9034]]]}},{"type":"Feature","properties":{"landuse":"farmland"},"geometry":{"type":"Polygon","coordinates":[[[15.5038,40.9012],[15.5038,40.8954],[15.5053,40.8979],[15.5038,40.9012]],[[15.5044,40.8986],[15.5048,40.8983],[15.5045,40.8981],[15.5044,40.8986]]]}},{"type":"Feature","properties":{"landuse":"farmland"},"geometry":{"type":"Polygon","coordinates":[[[15.5058,40.9019],[15.504,40.9017],[15.5044,40.9002],[15.5058,40.9019]],[[15.5049,40.9012],[15.5054,40.9013],[15.5054,40.9013],[15.5049,40.9012]]]}},{"type":"Feature","properties":{"landuse":"farmland"},"geometry":{"type":"Polygon","coordinates":[[[15.5137,40.9008],[15.5156,40.9004],[15.515,40.9015],[15.5137,40.9008]]]}},{"type":"Feature","properties":{"landuse":"farmland"},"geometry":{"type":"Polygon","coordinates":[[[15.499,40.8965],[15.5004,40.8961],[15.5013,40.8971],[15.499,40.8965]]]}},{"type":"Feature","properties":{"landuse":"farmland"},"geometry":{"type":"Polygon","coordinates":[[[15.4994,40.8958],[15.5001,40.8919],[15.5014,40.894],[15.4994,40.8958]]]}},{"type":"Feature","properties":{"landuse":"farmland"},"geometry":{"type":"Polygon","coordinates":[[[16.0107,40.7835],[16.0225,40.7863],[16.027,40.7954],[16.0204,40.7966],[16.0218,40.7948],[16.0139,40.793],[16.0109,40.7882],[16.006,40.7902],[15.9982,40.7813],[16.0004,40.7868],[15.9982,40.7879],[16.004,40.7912],[15.9926,40.7907],[15.9933,40.7877],[15.9885,40.7842],[15.9923,40.7831],[15.9963,40.7874],[15.9938,40.7858],[15.9963,40.7794],[16.0007,40.7792],[16.0024,40.7847],[16.0066,40.7828],[16.0003,40.782],[15.9978,40.7749],[16.0031,40.7762],[16.0021,40.7719],[16.0078,40.7749],[16.0053,40.7802],[16.0107,40.7835]],[[15.9994,40.7814],[15.9996,40.7821],[16.0001,40.782],[15.9994,40.7814]],[[15.9987,40.7812],[15.9993,40.7813],[15.9989,40.7811],[15.9987,40.7812]],[[16.0081,40.7858],[16.0083,40.7856],[16.0082,40.7856],[16.0081,40.7858]],[[16.0078,40.7865],[16.009,40.7883],[16.0086,40.7864],[16.0078,40.7865]],[[16.0123,40.7858],[16.0126,40.7861],[16.0125,40.7856],[16.0123,40.7858]],[[16.0054,40.7762],[16.0057,40.776],[16.0054,40.776],[16.0054,40.7762]],[[15.9996,40.776],[15.9998,40.7761],[15.9997,40.7759],[15.9996,40.776]],[[16.0032,40.778],[16.0039,40.7781],[16.0038,40.7778],[16.0032,40.778]],[[16.0025,40.7783],[16.0028,40.7786],[16.003,40.7783],[16.0025,40.7783]],[[16.0019,40.7776],[16.0023,40.7774],[16.0019,40.7772],[16.0019,40.7776]],[[15.9953,40.7831],[15.9947,40.7829],[15.9958,40.7833],[15.9953,40.7831]],[[15.9968,40.782],[15.9975,40.7822],[15.9974,40.7818],[15.9968,40.782]],[[15.9911,40.7858],[15.9914,40.7858],[15.9914,40.7856],[15.9911,40.7858]],[[15.9986,40.7879],[15.9987,40.7881],[15.9989,40.788],[15.9986,40.7879]],[[15.9953,40.7885],[15.9953,40.7883],[15.9951,40.7886],[15.9953,40.7885]]]}},{"type":"Feature","properties":{"landuse":"orchard"},"geometry":{"type":"Polygon","coordinates":[[[16.3951,40.1159],[16.3895,40.1131],[16.3965,40.1156],[16.3951,40.1159]]]}},{"type":"Feature","properties":{"landuse":"orchard"},"geometry":{"type":"Polygon","coordinates":[[[16.3892,40.1153],[16.3883,40.1156],[16.3879,40.1146],[16.3892,40.1153]]]}},{"type":"Feature","properties":{"landuse":"orchard"},"geometry":{"type":"Polygon","coordinates":[[[16.3867,40.1096],[16.3852,40.1089],[16.3865,40.1082],[16.3867,40.1096]]]}},{"type":"Feature","properties":{"landuse":"farmland"},"geometry":{"type":"Polygon","coordinates":[[[16.3867,40.1096],[16.3846,40.1105],[16.3837,40.1095],[16.3867,40.1096]]]}},{"type":"Feature","properties":{"landuse":"orchard"},"geometry":{"type":"Polygon","coordinates":[[[16.3816,40.1144],[16.3815,40.1127],[16.3857,40.1122],[16.3816,40.1144]]]}},{"type":"Feature","properties":{"landuse":"orchard"},"geometry":{"type":"Polygon","coordinates":[[[16.6322,40.1313],[16.6341,40.1329],[16.6313,40.134],[16.6322,40.1313]]]}},{"type":"Feature","properties":{"landuse":"orchard"},"geometry":{"type":"Polygon","coordinates":[[[16.628,40.1393],[16.6265,40.14],[16.6268,40.1386],[16.628,40.1393]]]}},{"type":"Feature","properties":{"landuse":"vineyard"},"geometry":{"type":"Polygon","coordinates":[[[15.7093,40.9315],[15.7084,40.9333],[15.7052,40.9306],[15.7093,40.9315]],[[15.708,40.932],[15.7085,40.9314],[15.7073,40.931],[15.708,40.932]]]}},{"type":"Feature","properties":{"landuse":"orchard"},"geometry":{"type":"Polygon","coordinates":[[[15.7091,40.9326],[15.7113,40.9309],[15.7085,40.9333],[15.7091,40.9326]]]}},{"type":"Feature","properties":{"landuse":"farmland"},"geometry":{"type":"Polygon","coordinates":[[[15.7096,40.9305],[15.7117,40.929],[15.7114,40.9302],[15.7096,40.9305]]]}},{"type":"Feature","properties":{"landuse":"farmland"},"geometry":{"type":"Polygon","coordinates":[[[15.8704,40.646],[15.8671,40.6483],[15.8706,40.6461],[15.8745,40.6534],[15.8641,40.645],[15.867,40.6433],[15.8646,40.6451],[15.8704,40.646]],[[15.8708,40.6502],[15.8709,40.6503],[15.8714,40.6495],[15.8708,40.6502]]]}},{"type":"Feature","properties":{"landuse":"farmland"},"geometry":{"type":"Polygon","coordinates":[[[15.9017,40.6481],[15.902,40.6407],[15.9019,40.6469],[15.9056,40.6488],[15.9017,40.6481]]]}},{"type":"Feature","properties":{"landuse":"farmland"},"geometry":{"type":"Polygon","coordinates":[[[15.9018,40.6394],[15.9017,40.6423],[15.9011,40.6393],[15.9018,40.6394]]]}},{"type":"Feature","properties":{"landuse":"farmland"},"geometry":{"type":"Polygon","coordinates":[[[15.8997,40.6406],[15.9008,40.6394],[15.9011,40.6411],[15.8997,40.6406]]]}},{"type":"Feature","properties":{"landuse":"farmland"},"geometry":{"type":"Polygon","coordinates":[[[15.8793,40.6452],[15.8864,40.6523],[15.8761,40.6532],[15.8798,40.6502],[15.8793,40.6452]]]}},{"type":"Feature","properties":{"landuse":"farmland"},"geometry":{"type":"Polygon","coordinates":[[[15.8582,40.6433],[15.8545,40.6423],[15.8571,40.6417],[15.8582,40.6433]]]}},{"type":"Feature","properties":{"landuse":"farmland"},"geometry":{"type":"Polygon","coordinates":[[[15.8039,41.083],[15.8012,41.0674],[15.8171,41.0666],[15.8051,41.0756],[15.8039,41.083]]]}},{"type":"Feature","properties":{"landuse":"orchard"},"geometry":{"type":"Polygon","coordinates":[[[15.8065,41.0665],[15.8067,41.069],[15.8012,41.0672],[15.8065,41.0665]]]}},{"type":"Feature","properties":{"landuse":"orchard"},"geometry":{"type":"Polygon","coordinates":[[[15.8067,41.0665],[15.8086,41.0664],[15.8074,41.0691],[15.8067,41.0665]]]}},{"type":"Feature","properties":{"landuse":"orchard"},"geometry":{"type":"Polygon","coordinates":[[[16.4621,40.4915],[16.4611,40.4888],[16.4667,40.4849],[16.4795,40.4814],[16.4793,40.4902],[16.4621,40.4915]],[[16.4675,40.4861],[16.4676,40.4861],[16.4676,40.4859],[16.4675,40.4861]]]}},{"type":"Feature","properties":{"landuse":"orchard"},"geometry":{"type":"Polygon","coordinates":[[[16.5247,40.1784],[16.5266,40.1775],[16.5268,40.1781],[16.5247,40.1784]],[[16.5254,40.178],[16.5256,40.178],[16.5256,40.1778],[16.5254,40.178]]]}},{"type":"Feature","properties":{"landuse":"farmland"},"geometry":{"type":"Polygon","coordinates":[[[15.8029,41.0802],[15.7952,41.0812],[15.7842,41.0703],[15.7954,41.0667],[15.8015,41.0691],[15.8029,41.0796],[15.7963,41.0774],[15.8029,41.0802]]]}},{"type":"Feature","properties":{"landuse":"vineyard"},"geometry":{"type":"Polygon","coordinates":[[[15.7994,41.0662],[15.8012,41.0674],[15.7979,41.0691],[15.7994,41.0662]]]}},{"type":"Feature","properties":{"landuse":"orchard"},"geometry":{"type":"Polygon","coordinates":[[[15.7978,41.068],[15.7976,41.0661],[15.7995,41.0675],[15.7978,41.068]]]}},{"type":"Feature","properties":{"landuse":"vineyard"},"geometry":{"type":"Polygon","coordinates":[[[15.8028,41.0813],[15.8002,41.0812],[15.8003,41.0805],[15.8028,41.0813]]]}},{"type":"Feature","properties":{"landuse":"orchard"},"geometry":{"type":"Polygon","coordinates":[[[15.8029,41.0802],[15.796,41.078],[15.7963,41.0774],[15.8029,41.0802]]]}},{"type":"Feature","properties":{"landuse":"orchard"},"geometry":{"type":"Polygon","coordinates":[[[15.8012,41.0861],[15.7977,41.0859],[15.7983,41.084],[15.8012,41.0861]]]}},{"type":"Feature","properties":{"landuse":"farmland"},"geometry":{"type":"Polygon","coordinates":[[[15.658,40.5793],[15.6577,40.5765],[15.6603,40.5791],[15.658,40.5793]]]}},{"type":"Feature","properties":{"landuse":"orchard"},"geometry":{"type":"Polygon","coordinates":[[[15.658,40.5807],[15.6569,40.5807],[15.6568,40.5796],[15.6583,40.5798],[15.658,40.5807]]]}},{"type":"Feature","properties":{"landuse":"farmland"},"geometry":{"type":"Polygon","coordinates":[[[15.8263,41.0485],[15.8056,41.0374],[15.8099,41.032],[15.84,41.0499],[15.8407,41.0529],[15.838,41.0567],[15.8337,41.0567],[15.8325,41.0518],[15.8299,41.0534],[15.8319,41.0579],[15.8273,41.0569],[15.8263,41.0485]],[[15.8309,41.0568],[15.8311,41.0543],[15.8293,41.0545],[15.8309,41.0568]],[[15.829,41.0523],[15.8291,41.0525],[15.8316,41.051],[15.829,41.0523]],[[15.8293,41.0526],[15.8297,41.053],[15.8321,41.0515],[15.8293,41.0526]],[[15.8383,41.0535],[15.836,41.055],[15.8396,41.0531],[15.8383,41.0535]],[[15.8356,41.0547],[15.8366,41.0543],[15.8364,41.0542],[15.8356,41.0547]],[[15.8215,41.0435],[15.8222,41.0437],[15.8216,41.0429],[15.8215,41.0435]]]}},{"type":"Feature","properties":{"landuse":"orchard"},"geometry":{"type":"Polygon","coordinates":[[[15.8197,41.0393],[15.8169,41.039],[15.8176,41.0381],[15.8197,41.0393]]]}},{"type":"Feature","properties":{"landuse":"farmland"},"geometry":{"type":"Polygon","coordinates":[[[15.7827,41.0561],[15.7822,41.0546],[15.7832,41.0548],[15.7827,41.0561]]]}},{"type":"Feature","properties":{"landuse":"orchard"},"geometry":{"type":"Polygon","coordinates":[[[15.7833,41.0598],[15.7843,41.0586],[15.7853,41.0595],[15.7833,41.0598]],[[15.7844,41.0591],[15.7845,41.0594],[15.7844,41.0588],[15.7844,41.0591]]]}},{"type":"Feature","properties":{"landuse":"farmland"},"geometry":{"type":"Polygon","coordinates":[[[15.7834,41.0599],[15.7845,41.0607],[15.7817,41.0603],[15.7834,41.0599]]]}},{"type":"Feature","properties":{"landuse":"farmland"},"geometry":{"type":"Polygon","coordinates":[[[15.8081,41.0748],[15.817,41.0683],[15.8111,41.076],[15.8081,41.0748]]]}},{"type":"Feature","properties":{"landuse":"farmland"},"geometry":{"type":"Polygon","coordinates":[[[15.8088,41.078],[15.8051,41.0841],[15.8056,41.0767],[15.8088,41.078]]]}},{"type":"Feature","properties":{"landuse":"orchard"},"geometry":{"type":"Polygon","coordinates":[[[15.8109,41.0764],[15.8125,41.0801],[15.8097,41.0789],[15.8109,41.0764]]]}},{"type":"Feature","properties":{"landuse":"orchard"},"geometry":{"type":"Polygon","coordinates":[[[15.8197,41.0703],[15.8181,41.0713],[15.8172,41.0703],[15.8197,41.0703]]]}},{"type":"Feature","properties":{"landuse":"farmland"},"geometry":{"type":"Polygon","coordinates":[[[15.8239,41.078],[15.8201,41.0708],[15.827,41.076],[15.8239,41.078]]]}},{"type":"Feature","properties":{"landuse":"orchard"},"geometry":{"type":"Polygon","coordinates":[[[15.8244,41.079],[15.8239,41.078],[15.827,41.076],[15.8244,41.079]]]}},{"type":"Feature","properties":{"landuse":"orchard"},"geometry":{"type":"Polygon","coordinates":[[[15.8413,41.0719],[15.841,41.0727],[15.8382,41.0721],[15.8413,41.0719]]]}},{"type":"Feature","properties":{"landuse":"farmland"},"geometry":{"type":"Polygon","coordinates":[[[15.8201,41.0683],[15.8306,41.0695],[15.8258,41.0735],[15.8275,41.0748],[15.8201,41.0683]]]}},{"type":"Feature","properties":{"landuse":"orchard"},"geometry":{"type":"Polygon","coordinates":[[[15.8277,41.0764],[15.8258,41.0735],[15.8307,41.0695],[15.8366,41.0709],[15.8277,41.0764]],[[15.8314,41.0728],[15.8337,41.0711],[15.8326,41.0709],[15.8314,41.0728]]]}},{"type":"Feature","properties":{"landuse":"orchard"},"geometry":{"type":"Polygon","coordinates":[[[15.8185,41.0684],[15.8198,41.0675],[15.8192,41.0693],[15.8185,41.0684]]]}},{"type":"Feature","properties":{"landuse":"orchard"},"geometry":{"type":"Polygon","coordinates":[[[15.8446,41.0715],[15.8443,41.0724],[15.8341,41.0702],[15.8446,41.0715]]]}},{"type":"Feature","properties":{"landuse":"farmland"},"geometry":{"type":"Polygon","coordinates":[[[15.8467,41.058],[15.8447,41.0574],[15.8458,41.0567],[15.8467,41.058]]]}},{"type":"Feature","properties":{"landuse":"farmland"},"geometry":{"type":"Polygon","coordinates":[[[15.8499,41.0563],[15.8481,41.0573],[15.8476,41.0568],[15.8499,41.0563]]]}},{"type":"Feature","properties":{"landuse":"farmland"},"geometry":{"type":"Polygon","coordinates":[[[15.8508,41.0573],[15.8516,41.058],[15.8489,41.0593],[15.8508,41.0573]]]}},{"type":"Feature","properties":{"landuse":"orchard"},"geometry":{"type":"Polygon","coordinates":[[[15.848,41.0619],[15.8461,41.0647],[15.8466,41.0602],[15.8506,41.0618],[15.8454,41.059],[15.843,41.0557],[15.845,41.0543],[15.8545,41.0609],[15.852,41.0665],[15.848,41.0619]],[[15.8503,41.0642],[15.8506,41.0643],[15.8513,41.0631],[15.8503,41.0642]],[[15.853,41.0621],[15.8547,41.0617],[15.8544,41.0614],[15.853,41.0621]]]}},{"type":"Feature","properties":{"landuse":"farmland"},"geometry":{"type":"Polygon","coordinates":[[[15.8461,41.0647],[15.848,41.0619],[15.8468,41.0649],[15.8461,41.0647]]]}},{"type":"Feature","properties":{"landuse":"farmland"},"geometry":{"type":"Polygon","coordinates":[[[15.8461,41.061],[15.8449,41.0607],[15.8465,41.0599],[15.8461,41.061]]]}},{"type":"Feature","properties":{"landuse":"farmland"},"geometry":{"type":"Polygon","coordinates":[[[15.8459,41.0612],[15.8449,41.0644],[15.8446,41.0627],[15.8434,41.0639],[15.8459,41.0612]]]}},{"type":"Feature","properties":{"landuse":"farmland"},"geometry":{"type":"Polygon","coordinates":[[[15.8374,41.0621],[15.838,41.0587],[15.8445,41.0582],[15.8374,41.0621]]]}},{"type":"Feature","properties":{"landuse":"orchard"},"geometry":{"type":"Polygon","coordinates":[[[15.8448,41.0608],[15.8434,41.0639],[15.8401,41.0629],[15.8433,41.0588],[15.8448,41.0608]]]}},{"type":"Feature","properties":{"landuse":"farmland"},"geometry":{"type":"Polygon","coordinates":[[[15.8419,41.0564],[15.8389,41.0572],[15.8416,41.0552],[15.8419,41.0564]]]}},{"type":"Feature","properties":{"landuse":"farmland"},"geometry":{"type":"Polygon","coordinates":[[[15.8421,41.0566],[15.8411,41.0585],[15.8396,41.0581],[15.8421,41.0566]]]}},{"type":"Feature","properties":{"landuse":"orchard"},"geometry":{"type":"Polygon","coordinates":[[[15.8321,41.0605],[15.8347,41.0577],[15.832,41.0542],[15.8315,41.0603],[15.8262,41.0583],[15.8317,41.0581],[15.8325,41.0517],[15.8337,41.0567],[15.8412,41.0547],[15.8387,41.057],[15.8439,41.0574],[15.8368,41.0619],[15.8343,41.0611],[15.8356,41.058],[15.8321,41.0605]],[[15.8362,41.0599],[15.8378,41.058],[15.8367,41.0563],[15.8362,41.0599]]]}},{"type":"Feature","properties":{"landuse":"farmland"},"geometry":{"type":"Polygon","coordinates":[[[15.8315,41.0603],[15.8318,41.0541],[15.8347,41.0577],[15.8315,41.0603]]]}},{"type":"Feature","properties":{"landuse":"orchard"},"geometry":{"type":"Polygon","coordinates":[[[15.821,41.0363],[15.823,41.0363],[15.8219,41.0372],[15.821,41.0363]]]}},{"type":"Feature","properties":{"landuse":"orchard"},"geometry":{"type":"Polygon","coordinates":[[[15.8238,41.0392],[15.8227,41.0381],[15.8246,41.0382],[15.8238,41.0392]]]}},{"type":"Feature","properties":{"landuse":"farmland"},"geometry":{"type":"Polygon","coordinates":[[[15.8256,41.0382],[15.8172,41.0311],[15.831,41.0377],[15.8284,41.0404],[15.8279,41.0374],[15.8256,41.0382]],[[15.8277,41.0379],[15.8287,41.0389],[15.8298,41.0382],[15.8277,41.0379]]]}},{"type":"Feature","properties":{"landuse":"orchard"},"geometry":{"type":"Polygon","coordinates":[[[15.8264,41.0387],[15.8326,41.0393],[15.8281,41.042],[15.8264,41.0387]]]}},{"type":"Feature","properties":{"landuse":"farmland"},"geometry":{"type":"Polygon","coordinates":[[[15.83,41.0412],[15.8326,41.0393],[15.8342,41.0409],[15.8307,41.0429],[15.8321,41.0415],[15.83,41.0412]]]}},{"type":"Feature","properties":{"landuse":"orchard"},"geometry":{"type":"Polygon","coordinates":[[[15.8297,41.0419],[15.8315,41.0409],[15.8321,41.0415],[15.8297,41.0419]]]}},{"type":"Feature","properties":{"landuse":"farmland"},"geometry":{"type":"Polygon","coordinates":[[[15.8369,41.0436],[15.8324,41.0446],[15.835,41.0416],[15.8369,41.0436]]]}},{"type":"Feature","properties":{"landuse":"orchard"},"geometry":{"type":"Polygon","coordinates":[[[15.833,41.0424],[15.8306,41.0439],[15.8342,41.0409],[15.833,41.0424]]]}},{"type":"Feature","properties":{"landuse":"orchard"},"geometry":{"type":"Polygon","coordinates":[[[15.8371,41.0437],[15.8397,41.0469],[15.8304,41.0444],[15.8371,41.0437]]]}},{"type":"Feature","properties":{"landuse":"orchard"},"geometry":{"type":"Polygon","coordinates":[[[15.8422,41.0514],[15.8403,41.0489],[15.8441,41.0506],[15.8422,41.0514]]]}},{"type":"Feature","properties":{"landuse":"farmland"},"geometry":{"type":"Polygon","coordinates":[[[15.8451,41.0516],[15.8434,41.0526],[15.8453,41.0518],[15.8441,41.0533],[15.8427,41.053],[15.8451,41.0516]]]}},{"type":"Feature","properties":{"landuse":"orchard"},"geometry":{"type":"Polygon","coordinates":[[[15.8431,41.0535],[15.8458,41.0523],[15.8434,41.0545],[15.8431,41.0535]]]}},{"type":"Feature","properties":{"landuse":"farmland"},"geometry":{"type":"Polygon","coordinates":[[[15.8452,41.0545],[15.847,41.0535],[15.8488,41.0553],[15.8452,41.0545]]]}},{"type":"Feature","properties":{"landuse":"orchard"},"geometry":{"type":"Polygon","coordinates":[[[15.8215,41.0396],[15.8202,41.0376],[15.8225,41.0387],[15.8215,41.0396]]]}},{"type":"Feature","properties":{"landuse":"orchard"},"geometry":{"type":"Polygon","coordinates":[[[15.8187,41.0364],[15.8197,41.0376],[15.8169,41.0362],[15.8187,41.0364]]]}},{"type":"Feature","properties":{"landuse":"orchard"},"geometry":{"type":"Polygon","coordinates":[[[15.8245,41.0477],[15.8263,41.0485],[15.8235,41.0483],[15.8245,41.0477]]]}},{"type":"Feature","properties":{"landuse":"vineyard"},"geometry":{"type":"Polygon","coordinates":[[[15.8239,41.0492],[15.8275,41.051],[15.8258,41.0515],[15.8239,41.0492]]]}},{"type":"Feature","properties":{"landuse":"orchard"},"geometry":{"type":"Polygon","coordinates":[[[15.853,41.0706],[15.8452,41.0716],[15.8452,41.0682],[15.8429,41.071],[15.8326,41.0699],[15.8182,41.0632],[15.8278,41.0592],[15.8249,41.0646],[15.8282,41.0593],[15.8557,41.0677],[15.853,41.0706]],[[15.8366,41.0685],[15.8372,41.0657],[15.8346,41.0684],[15.8366,41.0685]],[[15.8419,41.0688],[15.8431,41.0692],[15.8435,41.0687],[15.8419,41.0688]],[[15.844,41.0675],[15.8439,41.0682],[15.8443,41.0679],[15.844,41.0675]],[[15.828,41.061],[15.8272,41.0625],[15.828,41.0627],[15.828,41.061]],[[15.8297,41.0652],[15.8316,41.0621],[15.8307,41.0619],[15.8297,41.0652]],[[15.8267,41.0606],[15.8243,41.0635],[15.8249,41.0637],[15.8267,41.0606]],[[15.8325,41.0625],[15.8318,41.0638],[15.8329,41.0626],[15.8325,41.0625]],[[15.8398,41.0647],[15.8389,41.0661],[15.8403,41.0666],[15.8398,41.0647]]]}},{"type":"Feature","properties":{"landuse":"farmland"},"geometry":{"type":"Polygon","coordinates":[[[15.8199,41.0647],[15.8217,41.0643],[15.8206,41.0653],[15.8199,41.0647]]]}},{"type":"Feature","properties":{"landuse":"farmland"},"geometry":{"type":"Polygon","coordinates":[[[15.8282,41.0593],[15.8252,41.0647],[15.8252,41.0634],[15.8282,41.0593]]]}},{"type":"Feature","properties":{"landuse":"farmland"},"geometry":{"type":"Polygon","coordinates":[[[15.8346,41.0612],[15.833,41.0626],[15.8339,41.061],[15.8346,41.0612]]]}},{"type":"Feature","properties":{"landuse":"farmland"},"geometry":{"type":"Polygon","coordinates":[[[15.8362,41.0671],[15.8363,41.0689],[15.8346,41.0684],[15.8362,41.0671]]]}},{"type":"Feature","properties":{"landuse":"farmland"},"geometry":{"type":"Polygon","coordinates":[[[15.8418,41.0712],[15.8448,41.0681],[15.8437,41.0712],[15.8418,41.0712]]]}},{"type":"Feature","properties":{"landuse":"farmland"},"geometry":{"type":"Polygon","coordinates":[[[15.8452,41.0716],[15.8471,41.0687],[15.8484,41.0709],[15.8452,41.0716]]]}},{"type":"Feature","properties":{"landuse":"farmland"},"geometry":{"type":"Polygon","coordinates":[[[15.8183,41.0665],[15.8202,41.0652],[15.8202,41.0675],[15.8183,41.0665]]]}},{"type":"Feature","properties":{"landuse":"orchard"},"geometry":{"type":"Polygon","coordinates":[[[15.8156,41.0646],[15.8155,41.0624],[15.818,41.0662],[15.8156,41.0646]]]}},{"type":"Feature","properties":{"landuse":"farmland"},"geometry":{"type":"Polygon","coordinates":[[[15.8172,41.0629],[15.8194,41.0644],[15.818,41.0655],[15.8172,41.0629]]]}},{"type":"Feature","properties":{"landuse":"orchard"},"geometry":{"type":"Polygon","coordinates":[[[15.8181,41.0657],[15.8194,41.0644],[15.8192,41.0658],[15.8181,41.0657]]]}},{"type":"Feature","properties":{"landuse":"farmland"},"geometry":{"type":"Polygon","coordinates":[[[15.8173,41.0628],[15.8202,41.0602],[15.8218,41.0606],[15.8173,41.0628]],[[15.8194,41.0617],[15.8197,41.0618],[15.8199,41.0617],[15.8196,41.0615],[15.8194,41.0617]]]}},{"type":"Feature","properties":{"landuse":"farmland"},"geometry":{"type":"Polygon","coordinates":[[[15.8171,41.0627],[15.8169,41.0579],[15.8204,41.0598],[15.8171,41.0627]]]}},{"type":"Feature","properties":{"landuse":"farmland"},"geometry":{"type":"Polygon","coordinates":[[[15.8054,41.0664],[15.8075,41.0659],[15.8053,41.0615],[15.8085,41.0663],[15.8054,41.0664]]]}},{"type":"Feature","properties":{"landuse":"orchard"},"geometry":{"type":"Polygon","coordinates":[[[15.8082,41.0629],[15.8093,41.0663],[15.8075,41.0629],[15.8082,41.0629]]]}},{"type":"Feature","properties":{"landuse":"farmland"},"geometry":{"type":"Polygon","coordinates":[[[15.812,41.0642],[15.8095,41.0663],[15.8082,41.0629],[15.812,41.0642]]]}},{"type":"Feature","properties":{"landuse":"farmland"},"geometry":{"type":"Polygon","coordinates":[[[15.8135,41.0659],[15.8148,41.0642],[15.8166,41.0662],[15.8135,41.0659]]]}},{"type":"Feature","properties":{"landuse":"orchard"},"geometry":{"type":"Polygon","coordinates":[[[15.8005,41.0636],[15.8033,41.0633],[15.8003,41.0627],[15.8027,41.061],[15.8015,41.0562],[15.8012,41.0589],[15.8044,41.0567],[15.8073,41.0653],[15.8029,41.0664],[15.8005,41.0636]]]}},{"type":"Feature","properties":{"landuse":"farmland"},"geometry":{"type":"Polygon","coordinates":[[[15.8011,41.0626],[15.8031,41.0624],[15.8005,41.0636],[15.8011,41.0626]]]}},{"type":"Feature","properties":{"landuse":"farmland"},"geometry":{"type":"Polygon","coordinates":[[[15.8018,41.0649],[15.8035,41.0643],[15.8022,41.0664],[15.8018,41.0649]]]}},{"type":"Feature","properties":{"landuse":"farmland"},"geometry":{"type":"Polygon","coordinates":[[[15.7985,41.0631],[15.8008,41.0576],[15.801,41.0662],[15.7985,41.0631]]]}},{"type":"Feature","properties":{"landuse":"orchard"},"geometry":{"type":"Polygon","coordinates":[[[15.7985,41.0566],[15.7976,41.0605],[15.7966,41.0598],[15.7985,41.0566]]]}},{"type":"Feature","properties":{"landuse":"vineyard"},"geometry":{"type":"Polygon","coordinates":[[[15.796,41.0583],[15.7966,41.0598],[15.7955,41.0592],[15.796,41.0583]]]}},{"type":"Feature","properties":{"landuse":"farmland"},"geometry":{"type":"Polygon","coordinates":[[[15.7836,41.0609],[15.7862,41.0609],[15.7893,41.068],[15.784,41.07],[15.7804,41.0671],[15.7836,41.0609]]]}},{"type":"Feature","properties":{"landuse":"farmland"},"geometry":{"type":"Polygon","coordinates":[[[15.7796,41.0664],[15.7807,41.0633],[15.7801,41.0668],[15.7796,41.0664]]]}},{"type":"Feature","properties":{"landuse":"orchard"},"geometry":{"type":"Polygon","coordinates":[[[15.7888,41.0667],[15.7891,41.0677],[15.7871,41.0672],[15.7888,41.0667]]]}},{"type":"Feature","properties":{"landuse":"farmland"},"geometry":{"type":"Polygon","coordinates":[[[15.7911,41.0679],[15.7883,41.065],[15.7927,41.0658],[15.7974,41.0606],[15.7979,41.066],[15.7911,41.0679]],[[15.792,41.067],[15.7923,41.0666],[15.7903,41.0662],[15.792,41.067]]]}},{"type":"Feature","properties":{"landuse":"vineyard"},"geometry":{"type":"Polygon","coordinates":[[[15.7967,41.0599],[15.7971,41.0631],[15.7956,41.0634],[15.7967,41.0599]]]}},{"type":"Feature","properties":{"landuse":"orchard"},"geometry":{"type":"Polygon","coordinates":[[[15.7956,41.0634],[15.794,41.0626],[15.7967,41.0599],[15.7956,41.0634]]]}},{"type":"Feature","properties":{"landuse":"orchard"},"geometry":{"type":"Polygon","coordinates":[[[15.79,41.0654],[15.7941,41.0623],[15.7927,41.0657],[15.79,41.0654]]]}},{"type":"Feature","properties":{"landuse":"farmland"},"geometry":{"type":"Polygon","coordinates":[[[15.7893,41.0652],[15.7905,41.0624],[15.7941,41.0623],[15.7893,41.0652]]]}},{"type":"Feature","properties":{"landuse":"farmland"},"geometry":{"type":"Polygon","coordinates":[[[15.823,41.0582],[15.8203,41.0595],[15.8189,41.0586],[15.823,41.0582]]]}},{"type":"Feature","properties":{"landuse":"orchard"},"geometry":{"type":"Polygon","coordinates":[[[15.8258,41.0515],[15.8272,41.0568],[15.8222,41.0603],[15.8258,41.0515]]]}},{"type":"Feature","properties":{"landuse":"farmland"},"geometry":{"type":"Polygon","coordinates":[[[15.8136,41.0611],[15.8157,41.0645],[15.8133,41.0638],[15.8136,41.0611]]]}},{"type":"Feature","properties":{"landuse":"orchard"},"geometry":{"type":"Polygon","coordinates":[[[15.8132,41.0618],[15.8127,41.064],[15.8082,41.0627],[15.8132,41.0618]]]}},{"type":"Feature","properties":{"landuse":"orchard"},"geometry":{"type":"Polygon","coordinates":[[[15.8116,41.06],[15.8138,41.0604],[15.8103,41.0604],[15.8116,41.06]]]}},{"type":"Feature","properties":{"landuse":"vineyard"},"geometry":{"type":"Polygon","coordinates":[[[15.8167,41.0605],[15.8149,41.0587],[15.8161,41.0586],[15.8167,41.0605]]]}},{"type":"Feature","properties":{"landuse":"farmland"},"geometry":{"type":"Polygon","coordinates":[[[15.8239,41.0548],[15.824,41.0564],[15.8227,41.0549],[15.8239,41.0548]]]}},{"type":"Feature","properties":{"landuse":"farmland"},"geometry":{"type":"Polygon","coordinates":[[[15.8119,41.0586],[15.8151,41.0596],[15.8151,41.0612],[15.8119,41.0586]]]}},{"type":"Feature","properties":{"landuse":"orchard"},"geometry":{"type":"Polygon","coordinates":[[[15.7898,41.0584],[15.7958,41.0582],[15.7893,41.0652],[15.7856,41.0606],[15.7874,41.059],[15.7837,41.0578],[15.786,41.0557],[15.7898,41.0584]],[[15.7896,41.0609],[15.7899,41.061],[15.7897,41.0606],[15.7896,41.0609]],[[15.7878,41.0629],[15.7885,41.064],[15.7889,41.0632],[15.7878,41.0629]],[[15.7921,41.0622],[15.7931,41.0615],[15.7916,41.0616],[15.7921,41.0622]],[[15.7904,41.0615],[15.7909,41.0616],[15.7903,41.0609],[15.7904,41.0615]],[[15.7897,41.063],[15.7895,41.0622],[15.7881,41.0622],[15.7897,41.063]]]}},{"type":"Feature","properties":{"landuse":"orchard"},"geometry":{"type":"Polygon","coordinates":[[[15.8142,41.0421],[15.8126,41.0419],[15.8128,41.0403],[15.8142,41.0421]]]}},{"type":"Feature","properties":{"landuse":"orchard"},"geometry":{"type":"Polygon","coordinates":[[[15.8076,41.04],[15.8071,41.0386],[15.8089,41.0399],[15.8076,41.04]]]}},{"type":"Feature","properties":{"landuse":"orchard"},"geometry":{"type":"Polygon","coordinates":[[[15.8176,41.0424],[15.8196,41.0428],[15.817,41.0436],[15.8176,41.0424]]]}},{"type":"Feature","properties":{"landuse":"orchard"},"geometry":{"type":"Polygon","coordinates":[[[15.8172,41.057],[15.8165,41.058],[15.8118,41.0559],[15.8172,41.057]]]}},{"type":"Feature","properties":{"landuse":"farmland"},"geometry":{"type":"Polygon","coordinates":[[[15.8436,40.5927],[15.8461,40.5947],[15.8427,40.5953],[15.8436,40.5927]]]}},{"type":"Feature","properties":{"landuse":"farmland"},"geometry":{"type":"Polygon","coordinates":[[[15.8268,40.6035],[15.8238,40.6041],[15.826,40.6022],[15.8268,40.6035]]]}},{"type":"Feature","properties":{"landuse":"farmland"},"geometry":{"type":"Polygon","coordinates":[[[15.8217,40.6025],[15.8239,40.602],[15.8234,40.6034],[15.8217,40.6025]]]}},{"type":"Feature","properties":{"landuse":"farmland"},"geometry":{"type":"Polygon","coordinates":[[[15.8245,40.6003],[15.8167,40.5986],[15.8267,40.5982],[15.8269,40.6008],[15.8245,40.6003]]]}},{"type":"Feature","properties":{"landuse":"farmland"},"geometry":{"type":"Polygon","coordinates":[[[15.8811,40.6341],[15.8769,40.6292],[15.883,40.625],[15.8785,40.6272],[15.8823,40.6296],[15.8811,40.6341]]]}},{"type":"Feature","properties":{"landuse":"farmland"},"geometry":{"type":"Polygon","coordinates":[[[15.8205,40.6143],[15.8145,40.6185],[15.8147,40.6127],[15.8214,40.6121],[15.8205,40.6143]],[[15.8136,40.6168],[15.8142,40.6172],[15.8138,40.6165],[15.8136,40.6168]]]}},{"type":"Feature","properties":{"landuse":"farmland"},"geometry":{"type":"Polygon","coordinates":[[[15.8207,40.6188],[15.8182,40.618],[15.8206,40.6178],[15.8207,40.6188]]]}},{"type":"Feature","properties":{"landuse":"farmland"},"geometry":{"type":"Polygon","coordinates":[[[15.8197,40.616],[15.8211,40.6173],[15.8185,40.6171],[15.8197,40.616]]]}},{"type":"Feature","properties":{"landuse":"farmland"},"geometry":{"type":"Polygon","coordinates":[[[15.8213,40.6131],[15.8222,40.6122],[15.8242,40.6128],[15.8213,40.6131]]]}},{"type":"Feature","properties":{"landuse":"orchard"},"geometry":{"type":"Polygon","coordinates":[[[15.814,40.6144],[15.814,40.6107],[15.8155,40.6118],[15.814,40.6144]]]}},{"type":"Feature","properties":{"landuse":"farmland"},"geometry":{"type":"Polygon","coordinates":[[[15.8168,40.6061],[15.8204,40.609],[15.8199,40.6057],[15.824,40.6078],[15.8242,40.6104],[15.8157,40.6103],[15.8168,40.6061]],[[15.8193,40.6104],[15.8197,40.6102],[15.8201,40.6095],[15.8193,40.6104]]]}},{"type":"Feature","properties":{"landuse":"farmland"},"geometry":{"type":"Polygon","coordinates":[[[15.8185,40.6077],[15.8139,40.6044],[15.8188,40.6037],[15.8225,40.6082],[15.8199,40.6057],[15.8185,40.6077]]]}},{"type":"Feature","properties":{"landuse":"farmland"},"geometry":{"type":"Polygon","coordinates":[[[15.8831,40.6327],[15.8822,40.6304],[15.8841,40.6291],[15.8831,40.6327]]]}},{"type":"Feature","properties":{"landuse":"farmland"},"geometry":{"type":"Polygon","coordinates":[[[15.8693,40.6273],[15.8779,40.6352],[15.8724,40.6374],[15.8708,40.6345],[15.8743,40.6331],[15.871,40.633],[15.8693,40.6273]],[[15.8729,40.6359],[15.8734,40.6352],[15.8729,40.6351],[15.8729,40.6359]],[[15.8753,40.6358],[15.877,40.6349],[15.8757,40.6354],[15.8753,40.6358]]]}},{"type":"Feature","properties":{"landuse":"farmland"},"geometry":{"type":"Polygon","coordinates":[[[15.8623,40.6381],[15.8683,40.6367],[15.861,40.6403],[15.8623,40.6381]]]}},{"type":"Feature","properties":{"landuse":"farmland"},"geometry":{"type":"Polygon","coordinates":[[[15.8682,40.6289],[15.8635,40.6358],[15.8654,40.6284],[15.8672,40.6292],[15.8631,40.6235],[15.8671,40.6245],[15.8655,40.627],[15.8682,40.6289]],[[15.8661,40.6253],[15.8665,40.6252],[15.8662,40.6249],[15.8661,40.6253]],[[15.8649,40.625],[15.8658,40.6257],[15.8657,40.6254],[15.8649,40.625]],[[15.8656,40.6292],[15.8661,40.6293],[15.866,40.6291],[15.8656,40.6292]],[[15.8649,40.6352],[15.865,40.6351],[15.8648,40.6351],[15.8649,40.6352]],[[15.8646,40.6348],[15.8647,40.6347],[15.8646,40.6347],[15.8646,40.6348]],[[15.8649,40.634],[15.8658,40.6338],[15.865,40.6336],[15.8649,40.634]],[[15.8665,40.6325],[15.8668,40.6328],[15.867,40.6322],[15.8665,40.6325]],[[15.8673,40.6331],[15.8673,40.6329],[15.8672,40.633],[15.8673,40.6331]],[[15.8666,40.6314],[15.8666,40.6311],[15.8665,40.6312],[15.8666,40.6314]],[[15.866,40.632],[15.866,40.6318],[15.8659,40.6318],[15.866,40.632]],[[15.8658,40.6328],[15.8665,40.6329],[15.866,40.6326],[15.8658,40.6328]],[[15.866,40.6311],[15.8661,40.6309],[15.8659,40.6309],[15.866,40.6311]]]}},{"type":"Feature","properties":{"landuse":"farmland"},"geometry":{"type":"Polygon","coordinates":[[[15.8615,40.6367],[15.857,40.6367],[15.8608,40.6349],[15.8615,40.6367]],[[15.859,40.6354],[15.8593,40.6355],[15.8591,40.6352],[15.859,40.6354]],[[15.8586,40.6354],[15.8585,40.6352],[15.8584,40.6354],[15.8586,40.6354]],[[15.8612,40.6356],[15.861,40.6352],[15.8609,40.6354],[15.8612,40.6356]],[[15.8586,40.6359],[15.8587,40.6358],[15.8585,40.6357],[15.8586,40.6359]],[[15.8599,40.6359],[15.86,40.6353],[15.8596,40.6353],[15.8599,40.6359]],[[15.8595,40.6352],[15.8596,40.6351],[15.8595,40.6351],[15.8595,40.6352]]]}},{"type":"Feature","properties":{"landuse":"farmland"},"geometry":{"type":"Polygon","coordinates":[[[15.8583,40.6397],[15.8569,40.6369],[15.8596,40.6362],[15.8583,40.6397]]]}},{"type":"Feature","properties":{"landuse":"farmland"},"geometry":{"type":"Polygon","coordinates":[[[15.8632,40.6336],[15.8589,40.6341],[15.8586,40.6334],[15.8632,40.6336]]]}},{"type":"Feature","properties":{"landuse":"farmland"},"geometry":{"type":"Polygon","coordinates":[[[15.8874,40.6313],[15.888,40.6319],[15.8867,40.6321],[15.8874,40.6313]]]}},{"type":"Feature","properties":{"landuse":"farmland"},"geometry":{"type":"Polygon","coordinates":[[[15.8875,40.6313],[15.8865,40.6298],[15.8884,40.6273],[15.8875,40.6313]],[[15.8867,40.6286],[15.8871,40.629],[15.8869,40.6286],[15.8867,40.6286]]]}},{"type":"Feature","properties":{"landuse":"farmland"},"geometry":{"type":"Polygon","coordinates":[[[15.8843,40.6317],[15.885,40.6325],[15.8835,40.6334],[15.8843,40.6317]]]}},{"type":"Feature","properties":{"landuse":"farmland"},"geometry":{"type":"Polygon","coordinates":[[[15.8827,40.6413],[15.8789,40.6456],[15.8753,40.6447],[15.8814,40.6399],[15.878,40.6371],[15.8728,40.642],[15.864,40.642],[15.8841,40.6342],[15.8827,40.6413]],[[15.8811,40.636],[15.8818,40.6374],[15.8802,40.6355],[15.8811,40.636]],[[15.8718,40.64],[15.8747,40.6391],[15.8732,40.6378],[15.8718,40.64]],[[15.8813,40.6349],[15.8812,40.635],[15.8818,40.6355],[15.8813,40.6349]],[[15.8829,40.6358],[15.8829,40.6359],[15.884,40.6359],[15.8829,40.6358]]]}},{"type":"Feature","properties":{"landuse":"farmland"},"geometry":{"type":"Polygon","coordinates":[[[15.8786,40.6393],[15.8751,40.6402],[15.8785,40.6383],[15.8786,40.6393]]]}},{"type":"Feature","properties":{"landuse":"farmland"},"geometry":{"type":"Polygon","coordinates":[[[15.89,40.6513],[15.8855,40.6442],[15.887,40.6471],[15.8812,40.6449],[15.8835,40.6454],[15.8872,40.6354],[15.8872,40.6449],[15.8925,40.6497],[15.89,40.6513]],[[15.8815,40.645],[15.8817,40.6451],[15.8816,40.6448],[15.8815,40.645]],[[15.886,40.6447],[15.8863,40.6451],[15.8864,40.6439],[15.886,40.6447]],[[15.8867,40.6461],[15.8871,40.6465],[15.8873,40.6459],[15.8867,40.6461]],[[15.886,40.6431],[15.8862,40.6431],[15.8861,40.6429],[15.886,40.6431]],[[15.8888,40.6484],[15.8898,40.6488],[15.8899,40.6482],[15.8888,40.6484]],[[15.8864,40.6456],[15.8868,40.6456],[15.8868,40.6448],[15.8864,40.6456]],[[15.8868,40.6384],[15.8872,40.6385],[15.8872,40.6382],[15.8868,40.6384]]]}},{"type":"Feature","properties":{"landuse":"farmland"},"geometry":{"type":"Polygon","coordinates":[[[15.887,40.6347],[15.8906,40.6375],[15.8891,40.6377],[15.887,40.6347]]]}},{"type":"Feature","properties":{"landuse":"farmland"},"geometry":{"type":"Polygon","coordinates":[[[15.8736,40.6504],[15.871,40.6458],[15.8764,40.6495],[15.8755,40.6528],[15.8736,40.6504]],[[15.8741,40.6514],[15.8743,40.6513],[15.8742,40.6512],[15.8741,40.6514]],[[15.8746,40.6515],[15.8748,40.6514],[15.8748,40.6513],[15.8746,40.6515]],[[15.8745,40.6491],[15.8751,40.65],[15.8752,40.6499],[15.8745,40.6491]],[[15.8751,40.6496],[15.8752,40.6495],[15.8751,40.6495],[15.8751,40.6496]],[[15.875,40.6513],[15.8753,40.6508],[15.8749,40.651],[15.875,40.6513]],[[15.8759,40.6507],[15.8762,40.651],[15.8763,40.6508],[15.8759,40.6507]],[[15.8749,40.6488],[15.8751,40.649],[15.875,40.6486],[15.8749,40.6488]]]}},{"type":"Feature","properties":{"landuse":"farmland"},"geometry":{"type":"Polygon","coordinates":[[[15.8894,40.6359],[15.8964,40.6381],[15.8941,40.641],[15.8894,40.6359]]]}},{"type":"Feature","properties":{"landuse":"farmland"},"geometry":{"type":"Polygon","coordinates":[[[15.8715,40.6701],[15.8704,40.6735],[15.863,40.6713],[15.8715,40.6701]]]}},{"type":"Feature","properties":{"landuse":"farmland"},"geometry":{"type":"Polygon","coordinates":[[[15.8698,40.6662],[15.8707,40.6673],[15.8651,40.6688],[15.8698,40.6662]]]}},{"type":"Feature","properties":{"landuse":"farmland"},"geometry":{"type":"Polygon","coordinates":[[[15.8598,40.6754],[15.8575,40.6734],[15.8594,40.6718],[15.8686,40.6741],[15.8678,40.6763],[15.8598,40.6754]],[[15.8649,40.674],[15.8652,40.6744],[15.8655,40.6743],[15.8649,40.674]],[[15.8665,40.6744],[15.866,40.6753],[15.8674,40.6758],[15.8665,40.6744]]]}},{"type":"Feature","properties":{"landuse":"farmland"},"geometry":{"type":"Polygon","coordinates":[[[15.8895,40.6381],[15.8937,40.6427],[15.8975,40.6395],[15.9012,40.6436],[15.897,40.6464],[15.8948,40.6443],[15.8968,40.6441],[15.8932,40.6447],[15.8895,40.6381]],[[15.8976,40.6432],[15.8985,40.6435],[15.8996,40.6427],[15.8976,40.6432]],[[15.8923,40.6434],[15.8936,40.6445],[15.8935,40.6435],[15.8923,40.6434]]]}},{"type":"Feature","properties":{"landuse":"farmland"},"geometry":{"type":"Polygon","coordinates":[[[15.8875,40.6419],[15.8901,40.6468],[15.8878,40.6455],[15.8875,40.6419]]]}},{"type":"Feature","properties":{"landuse":"farmland"},"geometry":{"type":"Polygon","coordinates":[[[15.8892,40.6428],[15.8883,40.6407],[15.8909,40.6422],[15.8892,40.6428]]]}},{"type":"Feature","properties":{"landuse":"farmland"},"geometry":{"type":"Polygon","coordinates":[[[15.8892,40.6432],[15.8903,40.6439],[15.8896,40.6453],[15.8892,40.6432]]]}},{"type":"Feature","properties":{"landuse":"farmland"},"geometry":{"type":"Polygon","coordinates":[[[15.893,40.6475],[15.8908,40.6467],[15.8934,40.6465],[15.893,40.6475]]]}},{"type":"Feature","properties":{"landuse":"farmland"},"geometry":{"type":"Polygon","coordinates":[[[15.8669,40.6388],[15.8639,40.6412],[15.8618,40.6402],[15.8669,40.6388]]]}},{"type":"Feature","properties":{"landuse":"farmland"},"geometry":{"type":"Polygon","coordinates":[[[15.7789,40.7383],[15.7802,40.7364],[15.7827,40.7357],[15.7789,40.7383]]]}},{"type":"Feature","properties":{"landuse":"farmland"},"geometry":{"type":"Polygon","coordinates":[[[15.7754,40.7318],[15.7781,40.7372],[15.7695,40.74],[15.7712,40.7334],[15.7754,40.7318]],[[15.776,40.7385],[15.7766,40.7385],[15.7762,40.7382],[15.776,40.7385]]]}},{"type":"Feature","properties":{"landuse":"farmland"},"geometry":{"type":"Polygon","coordinates":[[[15.7658,40.7339],[15.7736,40.7254],[15.7736,40.7287],[15.7775,40.7293],[15.7706,40.7387],[15.7648,40.7391],[15.7658,40.7339]],[[15.7686,40.732],[15.7677,40.7324],[15.77,40.7327],[15.7686,40.732]],[[15.7706,40.7347],[15.7682,40.734],[15.7684,40.7345],[15.7706,40.7347]],[[15.7685,40.7306],[15.7697,40.73],[15.7666,40.7313],[15.7685,40.7306]],[[15.7686,40.7312],[15.7674,40.7319],[15.7693,40.7313],[15.7686,40.7312]],[[15.7731,40.73],[15.773,40.7303],[15.7732,40.7306],[15.7731,40.73]],[[15.7728,40.7298],[15.7728,40.729],[15.7723,40.7285],[15.7728,40.7298]]]}},{"type":"Feature","properties":{"landuse":"farmland"},"geometry":{"type":"Polygon","coordinates":[[[15.7753,40.7243],[15.7704,40.7265],[15.7721,40.7233],[15.7753,40.7243]]]}},{"type":"Feature","properties":{"landuse":"farmland"},"geometry":{"type":"Polygon","coordinates":[[[15.7748,40.7224],[15.7713,40.7236],[15.7767,40.7196],[15.7748,40.7224]]]}},{"type":"Feature","properties":{"landuse":"farmland"},"geometry":{"type":"Polygon","coordinates":[[[15.7642,40.7273],[15.7628,40.7322],[15.7612,40.7315],[15.7642,40.7273]]]}},{"type":"Feature","properties":{"landuse":"farmland"},"geometry":{"type":"Polygon","coordinates":[[[15.762,40.7371],[15.7613,40.7379],[15.7607,40.736],[15.762,40.7371]]]}},{"type":"Feature","properties":{"landuse":"farmland"},"geometry":{"type":"Polygon","coordinates":[[[15.7629,40.7373],[15.7641,40.7372],[15.7642,40.7388],[15.7629,40.7373]]]}},{"type":"Feature","properties":{"landuse":"farmland"},"geometry":{"type":"Polygon","coordinates":[[[15.7645,40.7352],[15.7627,40.733],[15.7671,40.7271],[15.7645,40.7352]]]}},{"type":"Feature","properties":{"landuse":"farmland"},"geometry":{"type":"Polygon","coordinates":[[[15.7672,40.7264],[15.7651,40.7279],[15.7657,40.7262],[15.7672,40.7264]]]}},{"type":"Feature","properties":{"landuse":"farmland"},"geometry":{"type":"Polygon","coordinates":[[[15.7697,40.7248],[15.7691,40.7235],[15.7706,40.7229],[15.7697,40.7248]]]}},{"type":"Feature","properties":{"landuse":"farmland"},"geometry":{"type":"Polygon","coordinates":[[[15.7815,40.7326],[15.7792,40.7363],[15.7778,40.7335],[15.7815,40.7326]]]}},{"type":"Feature","properties":{"landuse":"farmland"},"geometry":{"type":"Polygon","coordinates":[[[15.7821,40.7316],[15.7803,40.7262],[15.7838,40.7304],[15.7821,40.7358],[15.7821,40.7316]],[[15.7814,40.7347],[15.7816,40.7346],[15.7815,40.7345],[15.7814,40.7347]],[[15.7818,40.7342],[15.7818,40.7344],[15.7821,40.7346],[15.7818,40.7342]],[[15.7827,40.7355],[15.7829,40.7355],[15.7824,40.7351],[15.7827,40.7355]]]}},{"type":"Feature","properties":{"landuse":"farmland"},"geometry":{"type":"Polygon","coordinates":[[[15.7802,40.7247],[15.78,40.724],[15.7821,40.724],[15.7802,40.7247]]]}},{"type":"Feature","properties":{"landuse":"farmland"},"geometry":{"type":"Polygon","coordinates":[[[15.7771,40.729],[15.7737,40.7289],[15.777,40.7272],[15.7771,40.729]]]}},{"type":"Feature","properties":{"landuse":"farmland"},"geometry":{"type":"Polygon","coordinates":[[[15.7794,40.7292],[15.7777,40.73],[15.778,40.7292],[15.7794,40.7292]]]}},{"type":"Feature","properties":{"landuse":"farmland"},"geometry":{"type":"Polygon","coordinates":[[[15.7777,40.7231],[15.7775,40.7246],[15.7771,40.7238],[15.7777,40.7231]]]}},{"type":"Feature","properties":{"landuse":"farmland"},"geometry":{"type":"Polygon","coordinates":[[[15.7734,40.7174],[15.7737,40.7205],[15.7675,40.719],[15.7665,40.7123],[15.7734,40.7174]],[[15.768,40.7168],[15.7691,40.7168],[15.7693,40.7157],[15.768,40.7168]],[[15.7691,40.7193],[15.7707,40.7191],[15.7705,40.7178],[15.7691,40.7193]]]}},{"type":"Feature","properties":{"landuse":"farmland"},"geometry":{"type":"Polygon","coordinates":[[[15.7621,40.7117],[15.7642,40.7118],[15.7624,40.7144],[15.7621,40.7117]]]}},{"type":"Feature","properties":{"landuse":"farmland"},"geometry":{"type":"Polygon","coordinates":[[[15.7655,40.7115],[15.7665,40.7121],[15.7647,40.7166],[15.7655,40.7115]]]}},{"type":"Feature","properties":{"landuse":"farmland"},"geometry":{"type":"Polygon","coordinates":[[[15.7816,40.7172],[15.7709,40.7077],[15.7778,40.7174],[15.7745,40.7199],[15.7662,40.7091],[15.7562,40.7102],[15.7498,40.7067],[15.7558,40.7084],[15.7556,40.7063],[15.7662,40.7054],[15.7795,40.708],[15.7756,40.7108],[15.7779,40.7147],[15.7829,40.7138],[15.7816,40.7172]],[[15.7589,40.7084],[15.7595,40.7085],[15.7585,40.708],[15.7589,40.7084]],[[15.7633,40.7075],[15.7648,40.7082],[15.7652,40.7074],[15.7633,40.7075]],[[15.761,40.7087],[15.7612,40.7096],[15.7614,40.7091],[15.761,40.7087]],[[15.7566,40.7089],[15.757,40.709],[15.7569,40.7087],[15.7566,40.7089]],[[15.776,40.7171],[15.7765,40.7173],[15.7764,40.7171],[15.776,40.7171]],[[15.7715,40.7132],[15.772,40.7133],[15.7715,40.7132],[15.7715,40.7132]],[[15.7566,40.7059],[15.7565,40.7067],[15.757,40.7064],[15.7566,40.7059]],[[15.7668,40.7088],[15.7674,40.7088],[15.7671,40.7083],[15.7668,40.7088]],[[15.7756,40.7164],[15.776,40.7165],[15.776,40.7162],[15.7756,40.7164]],[[15.7621,40.7082],[15.7627,40.7081],[15.7623,40.7077],[15.7621,40.7082]],[[15.7685,40.7104],[15.769,40.7106],[15.7687,40.7102],[15.7685,40.7104]],[[15.77,40.7113],[15.7714,40.7114],[15.7713,40.7102],[15.77,40.7113]],[[15.7568,40.7072],[15.7568,40.7068],[15.7565,40.707],[15.7568,40.7072]]]}},{"type":"Feature","properties":{"landuse":"farmland"},"geometry":{"type":"Polygon","coordinates":[[[15.7639,40.7101],[15.7643,40.7114],[15.7625,40.7118],[15.7639,40.7101]]]}},{"type":"Feature","properties":{"landuse":"farmland"},"geometry":{"type":"Polygon","coordinates":[[[15.9594,40.2705],[15.9586,40.27],[15.9594,40.2682],[15.9594,40.2705]],[[15.9594,40.2704],[15.9595,40.2702],[15.9593,40.2703],[15.9594,40.2704]]]}},{"type":"Feature","properties":{"landuse":"farmland"},"geometry":{"type":"Polygon","coordinates":[[[15.8682,40.2344],[15.8687,40.2358],[15.8667,40.2386],[15.8682,40.2344]],[[15.8682,40.2354],[15.8681,40.2354],[15.8681,40.2355],[15.8682,40.2355],[15.8682,40.2354]]]}},{"type":"Feature","properties":{"landuse":"farmland"},"geometry":{"type":"Polygon","coordinates":[[[15.8328,40.9604],[15.8347,40.9612],[15.834,40.9626],[15.8328,40.9604]],[[15.8342,40.9624],[15.8341,40.9615],[15.8339,40.9622],[15.8342,40.9624]]]}},{"type":"Feature","properties":{"landuse":"green_public_spaces"},"geometry":{"type":"Polygon","coordinates":[[[15.8295,40.6468],[15.8309,40.6512],[15.8282,40.6518],[15.8295,40.6468]]]}},{"type":"Feature","properties":{"landuse":"green_public_spaces"},"geometry":{"type":"Polygon","coordinates":[[[15.6541,40.9945],[15.6542,40.9934],[15.6579,40.9931],[15.6541,40.9945]]]}},{"type":"Feature","properties":{"landuse":"green_public_spaces"},"geometry":{"type":"Polygon","coordinates":[[[15.7996,40.6321],[15.799,40.6346],[15.798,40.6332],[15.7996,40.6321]]]}},{"type":"Feature","properties":{"landuse":"farmland"},"geometry":{"type":"Polygon","coordinates":[[[15.6744,40.7745],[15.6731,40.7754],[15.6706,40.7742],[15.6744,40.7745]]]}},{"type":"Feature","properties":{"landuse":"green_public_spaces"},"geometry":{"type":"Polygon","coordinates":[[[15.7888,41.045],[15.7906,41.0474],[15.7883,41.0463],[15.7888,41.045]]]}},{"type":"Feature","properties":{"landuse":"green_public_spaces"},"geometry":{"type":"Polygon","coordinates":[[[16.5909,40.6662],[16.5913,40.6697],[16.5897,40.6698],[16.5909,40.6662]]]}},{"type":"Feature","properties":{"landuse":"farmland"},"geometry":{"type":"Polygon","coordinates":[[[16.584,40.6849],[16.5853,40.6864],[16.5831,40.6885],[16.584,40.6849]]]}},{"type":"Feature","properties":{"landuse":"green_public_spaces"},"geometry":{"type":"Polygon","coordinates":[[[16.5946,40.6693],[16.5981,40.6673],[16.5968,40.67],[16.5946,40.6693]]]}},{"type":"Feature","properties":{"landuse":"green_public_spaces"},"geometry":{"type":"Polygon","coordinates":[[[16.5769,40.6761],[16.5774,40.6753],[16.5796,40.6761],[16.5769,40.6761]]]}},{"type":"Feature","properties":{"landuse":"farmland"},"geometry":{"type":"Polygon","coordinates":[[[16.5781,40.7001],[16.58,40.7003],[16.5775,40.7017],[16.5781,40.7001]]]}},{"type":"Feature","properties":{"landuse":"farmland"},"geometry":{"type":"Polygon","coordinates":[[[16.5763,40.7013],[16.5645,40.6961],[16.5733,40.6962],[16.5713,40.6962],[16.5763,40.7013]]]}},{"type":"Feature","properties":{"landuse":"farmland"},"geometry":{"type":"Polygon","coordinates":[[[16.6355,40.6324],[16.6366,40.6279],[16.6412,40.6296],[16.6355,40.6324]]]}},{"type":"Feature","properties":{"landuse":"farmland"},"geometry":{"type":"Polygon","coordinates":[[[16.6343,40.67],[16.6367,40.6719],[16.6311,40.6708],[16.6343,40.67]]]}},{"type":"Feature","properties":{"landuse":"green_public_spaces"},"geometry":{"type":"Polygon","coordinates":[[[16.6045,40.6798],[16.6069,40.6804],[16.6049,40.6812],[16.6045,40.6798]]]}},{"type":"Feature","properties":{"landuse":"farmland"},"geometry":{"type":"Polygon","coordinates":[[[16.249,40.4849],[16.2504,40.4832],[16.251,40.4844],[16.249,40.4849]]]}},{"type":"Feature","properties":{"landuse":"orchard"},"geometry":{"type":"Polygon","coordinates":[[[16.2534,40.4855],[16.2545,40.4845],[16.2564,40.4862],[16.2534,40.4855]]]}},{"type":"Feature","properties":{"landuse":"green_public_spaces"},"geometry":{"type":"Polygon","coordinates":[[[15.6175,40.4676],[15.6327,40.4672],[15.6242,40.4706],[15.6175,40.4676]]]}},{"type":"Feature","properties":{"landuse":"farmland"},"geometry":{"type":"Polygon","coordinates":[[[16.5566,40.6586],[16.5633,40.6618],[16.5701,40.66],[16.5667,40.6641],[16.5577,40.6637],[16.5566,40.6586]]]}},{"type":"Feature","properties":{"landuse":"farmland"},"geometry":{"type":"Polygon","coordinates":[[[16.5601,40.6659],[16.5612,40.6645],[16.5628,40.6652],[16.5601,40.6659]]]}},{"type":"Feature","properties":{"landuse":"farmland"},"geometry":{"type":"Polygon","coordinates":[[[16.5601,40.6658],[16.558,40.6648],[16.5613,40.6645],[16.5601,40.6658]]]}},{"type":"Feature","properties":{"landuse":"farmland"},"geometry":{"type":"Polygon","coordinates":[[[16.5568,40.6582],[16.5602,40.6575],[16.5615,40.6588],[16.5568,40.6582]]]}},{"type":"Feature","properties":{"landuse":"farmland"},"geometry":{"type":"Polygon","coordinates":[[[16.5537,40.6596],[16.5565,40.6588],[16.5556,40.6615],[16.5537,40.6596]]]}},{"type":"Feature","properties":{"landuse":"farmland"},"geometry":{"type":"Polygon","coordinates":[[[16.5622,40.6589],[16.5635,40.6582],[16.5643,40.6599],[16.5622,40.6589]]]}},{"type":"Feature","properties":{"landuse":"farmland"},"geometry":{"type":"Polygon","coordinates":[[[16.5661,40.6677],[16.5656,40.6659],[16.5679,40.666],[16.5661,40.6677]]]}},{"type":"Feature","properties":{"landuse":"farmland"},"geometry":{"type":"Polygon","coordinates":[[[16.565,40.6531],[16.5658,40.6513],[16.5674,40.6519],[16.565,40.6531]]]}},{"type":"Feature","properties":{"landuse":"farmland"},"geometry":{"type":"Polygon","coordinates":[[[16.5669,40.6593],[16.5667,40.6573],[16.5685,40.657],[16.5669,40.6593]]]}},{"type":"Feature","properties":{"landuse":"farmland"},"geometry":{"type":"Polygon","coordinates":[[[16.5643,40.6583],[16.5657,40.6576],[16.5666,40.6594],[16.5643,40.6583]]]}},{"type":"Feature","properties":{"landuse":"farmland"},"geometry":{"type":"Polygon","coordinates":[[[16.5659,40.6549],[16.5696,40.652],[16.5722,40.6555],[16.5659,40.6549]]]}},{"type":"Feature","properties":{"landuse":"farmland"},"geometry":{"type":"Polygon","coordinates":[[[16.5796,40.6581],[16.5811,40.6573],[16.5825,40.6592],[16.5796,40.6581]]]}},{"type":"Feature","properties":{"landuse":"farmland"},"geometry":{"type":"Polygon","coordinates":[[[16.5616,40.6588],[16.5623,40.6572],[16.5632,40.6578],[16.5616,40.6588]]]}},{"type":"Feature","properties":{"landuse":"farmland"},"geometry":{"type":"Polygon","coordinates":[[[16.5619,40.6571],[16.5639,40.6544],[16.5633,40.6567],[16.5619,40.6571]]]}},{"type":"Feature","properties":{"landuse":"green_public_spaces"},"geometry":{"type":"Polygon","coordinates":[[[16.0958,40.965],[16.0973,40.9647],[16.0965,40.9658],[16.0958,40.965]]]}},{"type":"Feature","properties":{"landuse":"farmland"},"geometry":{"type":"Polygon","coordinates":[[[16.4477,40.7942],[16.4469,40.789],[16.4605,40.7869],[16.4477,40.7942]]]}},{"type":"Feature","properties":{"landuse":"farmland"},"geometry":{"type":"Polygon","coordinates":[[[16.4518,40.7784],[16.4628,40.7836],[16.4555,40.7851],[16.4518,40.7784]]]}},{"type":"Feature","properties":{"landuse":"green_public_spaces"},"geometry":{"type":"Polygon","coordinates":[[[16.286,40.1498],[16.2849,40.1499],[16.2845,40.1488],[16.286,40.1498]]]}},{"type":"Feature","properties":{"landuse":"farmland"},"geometry":{"type":"Polygon","coordinates":[[[15.7081,40.0675],[15.7197,40.0761],[15.7144,40.077],[15.7032,40.0709],[15.7081,40.0675]]]}},{"type":"Feature","properties":{"landuse":"farmland"},"geometry":{"type":"Polygon","coordinates":[[[15.7205,40.0824],[15.7227,40.0841],[15.7183,40.0835],[15.7205,40.0824]]]}},{"type":"Feature","properties":{"landuse":"orchard"},"geometry":{"type":"Polygon","coordinates":[[[15.6907,40.0704],[15.6915,40.0688],[15.6929,40.0692],[15.6907,40.0704]]]}},{"type":"Feature","properties":{"landuse":"green_public_spaces"},"geometry":{"type":"Polygon","coordinates":[[[16.6792,40.2144],[16.6783,40.2155],[16.6773,40.2146],[16.6792,40.2144]]]}},{"type":"Feature","properties":{"landuse":"green_public_spaces"},"geometry":{"type":"Polygon","coordinates":[[[16.6766,40.2099],[16.6782,40.2093],[16.6786,40.2099],[16.6766,40.2099]]]}},{"type":"Feature","properties":{"landuse":"green_public_spaces"},"geometry":{"type":"Polygon","coordinates":[[[16.6697,40.2068],[16.6716,40.2094],[16.6704,40.209],[16.6697,40.2068]]]}},{"type":"Feature","properties":{"landuse":"farmland"},"geometry":{"type":"Polygon","coordinates":[[[15.9861,40.2893],[15.988,40.2887],[15.9876,40.2912],[15.9861,40.2893]]]}},{"type":"Feature","properties":{"landuse":"green_public_spaces"},"geometry":{"type":"Polygon","coordinates":[[[16.6069,40.6646],[16.6041,40.6635],[16.6059,40.663],[16.6069,40.6646]]]}},{"type":"Feature","properties":{"landuse":"green_public_spaces"},"geometry":{"type":"Polygon","coordinates":[[[15.8038,40.6361],[15.8051,40.6358],[15.803,40.6349],[15.8038,40.6361]]]}},{"type":"Feature","properties":{"landuse":"green_public_spaces"},"geometry":{"type":"Polygon","coordinates":[[[15.8048,40.6431],[15.8041,40.645],[15.8032,40.6448],[15.8048,40.6431]]]}},{"type":"Feature","properties":{"landuse":"green_public_spaces"},"geometry":{"type":"Polygon","coordinates":[[[15.7891,40.6468],[15.7892,40.6431],[15.7899,40.6431],[15.7891,40.6468]]]}},{"type":"Feature","properties":{"landuse":"green_public_spaces"},"geometry":{"type":"Polygon","coordinates":[[[15.7964,40.6493],[15.7968,40.6487],[15.7986,40.6498],[15.7977,40.6503],[15.7964,40.6493]]]}},{"type":"Feature","properties":{"landuse":"green_public_spaces"},"geometry":{"type":"Polygon","coordinates":[[[15.8057,40.6581],[15.808,40.6536],[15.8094,40.6558],[15.8057,40.6581]]]}},{"type":"Feature","properties":{"landuse":"farmland"},"geometry":{"type":"Polygon","coordinates":[[[16.6517,40.6121],[16.6496,40.6112],[16.6508,40.6105],[16.6517,40.6121]]]}},{"type":"Feature","properties":{"landuse":"farmland"},"geometry":{"type":"Polygon","coordinates":[[[15.6628,40.9254],[15.6654,40.9221],[15.6642,40.9265],[15.6628,40.9254]]]}},{"type":"Feature","properties":{"landuse":"farmland"},"geometry":{"type":"Polygon","coordinates":[[[15.669,40.9283],[15.6713,40.9298],[15.6685,40.9332],[15.666,40.9312],[15.6695,40.931],[15.669,40.9283]]]}},{"type":"Feature","properties":{"landuse":"farmland"},"geometry":{"type":"Polygon","coordinates":[[[15.6704,40.9341],[15.6746,40.9345],[15.6724,40.937],[15.6704,40.9341]]]}},{"type":"Feature","properties":{"landuse":"orchard"},"geometry":{"type":"Polygon","coordinates":[[[16.0952,40.9705],[16.0949,40.9693],[16.096,40.9697],[16.0952,40.9705]]]}},{"type":"Feature","properties":{"landuse":"farmland"},"geometry":{"type":"Polygon","coordinates":[[[16.0953,40.9684],[16.0929,40.9689],[16.0939,40.9676],[16.0953,40.9684]]]}},{"type":"Feature","properties":{"landuse":"farmland"},"geometry":{"type":"Polygon","coordinates":[[[16.0895,40.9711],[16.0917,40.9688],[16.0932,40.9696],[16.0895,40.9711]]]}},{"type":"Feature","properties":{"landuse":"farmland"},"geometry":{"type":"Polygon","coordinates":[[[16.1458,40.6184],[16.146,40.617],[16.147,40.6172],[16.1458,40.6184]]]}},{"type":"Feature","properties":{"landuse":"orchard"},"geometry":{"type":"Polygon","coordinates":[[[15.6863,40.0588],[15.688,40.06],[15.6852,40.0619],[15.6863,40.0588]]]}},{"type":"Feature","properties":{"landuse":"orchard"},"geometry":{"type":"Polygon","coordinates":[[[15.6473,40.069],[15.648,40.0642],[15.6518,40.0655],[15.6473,40.069]]]}},{"type":"Feature","properties":{"landuse":"orchard"},"geometry":{"type":"Polygon","coordinates":[[[15.6632,40.0676],[15.6665,40.0649],[15.6681,40.0663],[15.6632,40.0676]]]}},{"type":"Feature","properties":{"landuse":"orchard"},"geometry":{"type":"Polygon","coordinates":[[[16.5688,40.6749],[16.5691,40.6766],[16.5678,40.6757],[16.5688,40.6749]]]}},{"type":"Feature","properties":{"landuse":"farmland"},"geometry":{"type":"Polygon","coordinates":[[[15.4772,40.8879],[15.4757,40.8888],[15.4749,40.8875],[15.4772,40.8879]]]}},{"type":"Feature","properties":{"landuse":"farmland"},"geometry":{"type":"Polygon","coordinates":[[[15.4783,40.8859],[15.4802,40.8864],[15.4796,40.8885],[15.4783,40.8859]]]}},{"type":"Feature","properties":{"landuse":"farmland"},"geometry":{"type":"Polygon","coordinates":[[[16.1317,40.0446],[16.1317,40.0431],[16.1328,40.0429],[16.1317,40.0446]]]}},{"type":"Feature","properties":{"landuse":"farmland"},"geometry":{"type":"Polygon","coordinates":[[[16.6159,40.6248],[16.6099,40.6229],[16.6111,40.6207],[16.6199,40.6228],[16.6159,40.6248]]]}},{"type":"Feature","properties":{"landuse":"farmland"},"geometry":{"type":"Polygon","coordinates":[[[16.6264,40.6267],[16.6205,40.631],[16.6088,40.6275],[16.6213,40.6224],[16.6274,40.6243],[16.6279,40.6191],[16.6329,40.6199],[16.6318,40.6249],[16.6264,40.6267]]]}},{"type":"Feature","properties":{"landuse":"farmland"},"geometry":{"type":"Polygon","coordinates":[[[15.7706,40.6338],[15.7717,40.6314],[15.7727,40.6318],[15.7706,40.6338]]]}},{"type":"Feature","properties":{"landuse":"farmland"},"geometry":{"type":"Polygon","coordinates":[[[15.7706,40.6341],[15.7742,40.6312],[15.7731,40.6366],[15.7706,40.6341]]]}},{"type":"Feature","properties":{"landuse":"greenhouse_horticulture"},"geometry":{"type":"Polygon","coordinates":[[[16.6451,40.2065],[16.6456,40.2047],[16.6464,40.2067],[16.6451,40.2065]]]}},{"type":"Feature","properties":{"landuse":"greenhouse_horticulture"},"geometry":{"type":"Polygon","coordinates":[[[16.6371,40.202],[16.6372,40.2011],[16.639,40.2013],[16.6371,40.202]]]}},{"type":"Feature","properties":{"landuse":"greenhouse_horticulture"},"geometry":{"type":"Polygon","coordinates":[[[16.6462,40.2099],[16.6468,40.2068],[16.6482,40.207],[16.6476,40.21],[16.6462,40.2099]]]}},{"type":"Feature","properties":{"landuse":"greenhouse_horticulture"},"geometry":{"type":"Polygon","coordinates":[[[16.633,40.1997],[16.6331,40.1988],[16.6346,40.199],[16.633,40.1997]]]}},{"type":"Feature","properties":{"landuse":"greenhouse_horticulture"},"geometry":{"type":"Polygon","coordinates":[[[16.6328,40.208],[16.6332,40.2062],[16.6353,40.2064],[16.6328,40.208]]]}},{"type":"Feature","properties":{"landuse":"greenhouse_horticulture"},"geometry":{"type":"Polygon","coordinates":[[[16.6375,40.1985],[16.6368,40.2001],[16.6358,40.2],[16.6375,40.1985]]]}},{"type":"Feature","properties":{"landuse":"greenhouse_horticulture"},"geometry":{"type":"Polygon","coordinates":[[[16.628,40.1903],[16.6275,40.1899],[16.629,40.1889],[16.628,40.1903]]]}},{"type":"Feature","properties":{"landuse":"greenhouse_horticulture"},"geometry":{"type":"Polygon","coordinates":[[[16.6382,40.2057],[16.643,40.2044],[16.6427,40.2063],[16.6382,40.2057]]]}},{"type":"Feature","properties":{"landuse":"greenhouse_horticulture"},"geometry":{"type":"Polygon","coordinates":[[[16.6368,40.1962],[16.6372,40.195],[16.6394,40.1955],[16.6368,40.1962]]]}},{"type":"Feature","properties":{"landuse":"greenhouse_horticulture"},"geometry":{"type":"Polygon","coordinates":[[[16.6314,40.2022],[16.6338,40.2026],[16.6322,40.2042],[16.6314,40.2022]]]}},{"type":"Feature","properties":{"landuse":"greenhouse_horticulture"},"geometry":{"type":"Polygon","coordinates":[[[16.6373,40.1974],[16.6375,40.1965],[16.6384,40.1966],[16.6373,40.1974]]]}},{"type":"Feature","properties":{"landuse":"greenhouse_horticulture"},"geometry":{"type":"Polygon","coordinates":[[[16.6433,40.2097],[16.6437,40.2074],[16.6444,40.2075],[16.6433,40.2097]]]}},{"type":"Feature","properties":{"landuse":"greenhouse_horticulture"},"geometry":{"type":"Polygon","coordinates":[[[16.632,40.1904],[16.6334,40.1895],[16.634,40.1901],[16.6326,40.191],[16.632,40.1904]]]}},{"type":"Feature","properties":{"landuse":"greenhouse_horticulture"},"geometry":{"type":"Polygon","coordinates":[[[16.6404,40.1962],[16.6386,40.1942],[16.64,40.1947],[16.6404,40.1962]]]}},{"type":"Feature","properties":{"landuse":"greenhouse_horticulture"},"geometry":{"type":"Polygon","coordinates":[[[16.6171,40.192],[16.6191,40.1905],[16.6192,40.1919],[16.6171,40.192]]]}},{"type":"Feature","properties":{"landuse":"greenhouse_horticulture"},"geometry":{"type":"Polygon","coordinates":[[[16.6225,40.1902],[16.6211,40.189],[16.6231,40.1877],[16.6245,40.1889],[16.6225,40.1902]]]}},{"type":"Feature","properties":{"landuse":"farmland"},"geometry":{"type":"Polygon","coordinates":[[[16.6243,40.6594],[16.6251,40.6555],[16.6287,40.6591],[16.6283,40.6612],[16.6243,40.6594]]]}},{"type":"Feature","properties":{"landuse":"farmland"},"geometry":{"type":"Polygon","coordinates":[[[16.6286,40.663],[16.6232,40.6618],[16.6231,40.6595],[16.6286,40.663]]]}},{"type":"Feature","properties":{"landuse":"farmland"},"geometry":{"type":"Polygon","coordinates":[[[16.6211,40.6659],[16.6286,40.6656],[16.628,40.6704],[16.6211,40.6659]]]}},{"type":"Feature","properties":{"landuse":"farmland"},"geometry":{"type":"Polygon","coordinates":[[[16.6194,40.667],[16.6206,40.6658],[16.6215,40.6664],[16.6194,40.667]]]}},{"type":"Feature","properties":{"landuse":"farmland"},"geometry":{"type":"Polygon","coordinates":[[[16.6218,40.6578],[16.6226,40.6568],[16.6236,40.6576],[16.6218,40.6578]]]}},{"type":"Feature","properties":{"landuse":"farmland"},"geometry":{"type":"Polygon","coordinates":[[[16.6054,40.656],[16.6033,40.6576],[16.5973,40.6542],[16.5986,40.6518],[16.5943,40.6505],[16.595,40.6481],[16.6015,40.6524],[16.6041,40.6482],[16.6064,40.6491],[16.6055,40.6514],[16.6022,40.6499],[16.6054,40.656]]]}},{"type":"Feature","properties":{"landuse":"farmland"},"geometry":{"type":"Polygon","coordinates":[[[16.6065,40.6545],[16.608,40.6536],[16.6088,40.6549],[16.6065,40.6545]]]}},{"type":"Feature","properties":{"landuse":"farmland"},"geometry":{"type":"Polygon","coordinates":[[[16.6061,40.6563],[16.6064,40.6546],[16.6075,40.6558],[16.6061,40.6563]]]}},{"type":"Feature","properties":{"landuse":"farmland"},"geometry":{"type":"Polygon","coordinates":[[[16.6042,40.6522],[16.6075,40.6535],[16.6053,40.6541],[16.6042,40.6522]]]}},{"type":"Feature","properties":{"landuse":"farmland"},"geometry":{"type":"Polygon","coordinates":[[[16.6119,40.6501],[16.6131,40.6498],[16.6144,40.6525],[16.6119,40.6501]]]}},{"type":"Feature","properties":{"landuse":"orchard"},"geometry":{"type":"Polygon","coordinates":[[[16.6091,40.6524],[16.6109,40.6483],[16.6127,40.6511],[16.6091,40.6524]]]}},{"type":"Feature","properties":{"landuse":"farmland"},"geometry":{"type":"Polygon","coordinates":[[[16.5988,40.6495],[16.5999,40.647],[16.6015,40.6487],[16.5988,40.6495]]]}},{"type":"Feature","properties":{"landuse":"farmland"},"geometry":{"type":"Polygon","coordinates":[[[16.6051,40.6459],[16.6052,40.6424],[16.6094,40.6441],[16.6096,40.6464],[16.6051,40.6459]]]}},{"type":"Feature","properties":{"landuse":"farmland"},"geometry":{"type":"Polygon","coordinates":[[[16.5925,40.6584],[16.5961,40.6561],[16.5947,40.6587],[16.5925,40.6584]]]}},{"type":"Feature","properties":{"landuse":"farmland"},"geometry":{"type":"Polygon","coordinates":[[[16.6522,40.6117],[16.653,40.6095],[16.6547,40.6118],[16.6522,40.6117]]]}},{"type":"Feature","properties":{"landuse":"green_public_spaces"},"geometry":{"type":"Polygon","coordinates":[[[15.7372,40.8543],[15.722,40.8528],[15.7235,40.8505],[15.7335,40.8511],[15.7372,40.8543]]]}},{"type":"Feature","properties":{"landuse":"orchard"},"geometry":{"type":"Polygon","coordinates":[[[15.6553,40.073],[15.6647,40.0675],[15.667,40.0707],[15.6553,40.073]]]}},{"type":"Feature","properties":{"landuse":"orchard"},"geometry":{"type":"Polygon","coordinates":[[[15.6534,40.0737],[15.6552,40.0741],[15.6538,40.0761],[15.6534,40.0737]]]}},{"type":"Feature","properties":{"landuse":"orchard"},"geometry":{"type":"Polygon","coordinates":[[[15.6558,40.0675],[15.6649,40.0629],[15.6625,40.0674],[15.6558,40.0675]]]}},{"type":"Feature","properties":{"landuse":"orchard"},"geometry":{"type":"Polygon","coordinates":[[[15.6589,40.0636],[15.6608,40.0621],[15.6608,40.0637],[15.6589,40.0636]]]}},{"type":"Feature","properties":{"landuse":"orchard"},"geometry":{"type":"Polygon","coordinates":[[[15.6561,40.0625],[15.657,40.0639],[15.6557,40.0653],[15.6561,40.0625]]]}},{"type":"Feature","properties":{"landuse":"farmland"},"geometry":{"type":"Polygon","coordinates":[[[15.7092,40.0683],[15.7133,40.07],[15.7129,40.0711],[15.7092,40.0683]]]}},{"type":"Feature","properties":{"landuse":"farmland"},"geometry":{"type":"Polygon","coordinates":[[[15.7084,40.0664],[15.7032,40.0691],[15.7046,40.0662],[15.7084,40.0664]]]}},{"type":"Feature","properties":{"landuse":"farmland"},"geometry":{"type":"Polygon","coordinates":[[[16.148,40.6168],[16.1467,40.615],[16.1478,40.6151],[16.148,40.6168]]]}},{"type":"Feature","properties":{"landuse":"farmland"},"geometry":{"type":"Polygon","coordinates":[[[16.1585,40.6227],[16.1582,40.6208],[16.1594,40.6215],[16.1585,40.6227]]]}},{"type":"Feature","properties":{"landuse":"farmland"},"geometry":{"type":"Polygon","coordinates":[[[16.1486,40.6262],[16.1502,40.6226],[16.151,40.6262],[16.1486,40.6262]]]}},{"type":"Feature","properties":{"landuse":"orchard"},"geometry":{"type":"Polygon","coordinates":[[[15.7521,40.1147],[15.7507,40.1088],[15.7526,40.1094],[15.7521,40.1147]]]}},{"type":"Feature","properties":{"landuse":"orchard"},"geometry":{"type":"Polygon","coordinates":[[[15.765,40.1175],[15.7655,40.1169],[15.7659,40.1181],[15.765,40.1175]]]}},{"type":"Feature","properties":{"landuse":"orchard"},"geometry":{"type":"Polygon","coordinates":[[[15.7599,40.1188],[15.7641,40.1196],[15.7642,40.1207],[15.7599,40.1188]]]}},{"type":"Feature","properties":{"landuse":"farmland"},"geometry":{"type":"Polygon","coordinates":[[[15.8511,40.0733],[15.853,40.0721],[15.8528,40.0735],[15.8511,40.0733]]]}},{"type":"Feature","properties":{"landuse":"farmland"},"geometry":{"type":"Polygon","coordinates":[[[15.7782,40.105],[15.7775,40.104],[15.7795,40.1052],[15.7782,40.105]]]}},{"type":"Feature","properties":{"landuse":"farmland"},"geometry":{"type":"Polygon","coordinates":[[[15.8193,40.622],[15.8207,40.6229],[15.8196,40.624],[15.8193,40.622]]]}},{"type":"Feature","properties":{"landuse":"farmland"},"geometry":{"type":"Polygon","coordinates":[[[15.8214,40.6288],[15.8207,40.6242],[15.8229,40.6249],[15.8214,40.6288]]]}},{"type":"Feature","properties":{"landuse":"farmland"},"geometry":{"type":"Polygon","coordinates":[[[15.818,40.6231],[15.8174,40.6219],[15.8189,40.6229],[15.818,40.6231]]]}},{"type":"Feature","properties":{"landuse":"farmland"},"geometry":{"type":"Polygon","coordinates":[[[15.8215,40.6219],[15.821,40.6206],[15.8232,40.6219],[15.8215,40.6219]]]}},{"type":"Feature","properties":{"landuse":"farmland"},"geometry":{"type":"Polygon","coordinates":[[[15.8251,40.6299],[15.8287,40.6301],[15.8243,40.631],[15.8251,40.6299]]]}},{"type":"Feature","properties":{"landuse":"farmland"},"geometry":{"type":"Polygon","coordinates":[[[15.8321,40.6296],[15.8312,40.6301],[15.8304,40.6269],[15.8321,40.6296]]]}},{"type":"Feature","properties":{"landuse":"farmland"},"geometry":{"type":"Polygon","coordinates":[[[15.8314,40.6221],[15.8347,40.62],[15.8376,40.622],[15.8347,40.623],[15.8386,40.6231],[15.8336,40.6254],[15.8314,40.6221]]]}},{"type":"Feature","properties":{"landuse":"farmland"},"geometry":{"type":"Polygon","coordinates":[[[15.8261,40.6315],[15.8289,40.6305],[15.8263,40.6305],[15.8286,40.6255],[15.83,40.6304],[15.8261,40.6315]]]}},{"type":"Feature","properties":{"landuse":"farmland"},"geometry":{"type":"Polygon","coordinates":[[[15.8313,40.6235],[15.8331,40.6267],[15.8275,40.6251],[15.827,40.6208],[15.8313,40.6235]]]}},{"type":"Feature","properties":{"landuse":"farmland"},"geometry":{"type":"Polygon","coordinates":[[[15.8251,40.6208],[15.8265,40.6205],[15.8262,40.622],[15.8251,40.6208]]]}},{"type":"Feature","properties":{"landuse":"farmland"},"geometry":{"type":"Polygon","coordinates":[[[15.8256,40.6232],[15.827,40.627],[15.8254,40.6301],[15.8256,40.6232]]]}},{"type":"Feature","properties":{"landuse":"farmland"},"geometry":{"type":"Polygon","coordinates":[[[15.8243,40.6315],[15.824,40.6325],[15.8227,40.6317],[15.8243,40.6315]]]}},{"type":"Feature","properties":{"landuse":"farmland"},"geometry":{"type":"Polygon","coordinates":[[[15.825,40.6246],[15.8241,40.6306],[15.8217,40.631],[15.825,40.6246]]]}},{"type":"Feature","properties":{"landuse":"farmland"},"geometry":{"type":"Polygon","coordinates":[[[15.8314,40.6204],[15.8314,40.622],[15.8299,40.6214],[15.8314,40.6204]]]}},{"type":"Feature","properties":{"landuse":"farmland"},"geometry":{"type":"Polygon","coordinates":[[[16.3123,40.1349],[16.3112,40.1361],[16.3108,40.1356],[16.3123,40.1349]]]}},{"type":"Feature","properties":{"landuse":"green_public_spaces"},"geometry":{"type":"Polygon","coordinates":[[[16.5666,40.2874],[16.5652,40.289],[16.565,40.2876],[16.5666,40.2874]]]}},{"type":"Feature","properties":{"landuse":"orchard"},"geometry":{"type":"Polygon","coordinates":[[[16.5656,40.7457],[16.5607,40.7445],[16.5611,40.7441],[16.5656,40.7457]]]}},{"type":"Feature","properties":{"landuse":"farmland"},"geometry":{"type":"Polygon","coordinates":[[[15.6305,40.5164],[15.6409,40.5207],[15.631,40.5201],[15.6333,40.5179],[15.6302,40.5171],[15.623,40.519],[15.6305,40.5164]]]}},{"type":"Feature","properties":{"landuse":"farmland"},"geometry":{"type":"Polygon","coordinates":[[[15.5085,40.8991],[15.5094,40.8998],[15.5079,40.9005],[15.5085,40.8991]]]}},{"type":"Feature","properties":{"landuse":"farmland"},"geometry":{"type":"Polygon","coordinates":[[[15.775,40.6294],[15.7733,40.63],[15.7726,40.6282],[15.775,40.6294]]]}},{"type":"Feature","properties":{"landuse":"farmland"},"geometry":{"type":"Polygon","coordinates":[[[15.6261,40.7046],[15.6256,40.7062],[15.6269,40.7031],[15.6261,40.7046]]]}},{"type":"Feature","properties":{"landuse":"farmland"},"geometry":{"type":"Polygon","coordinates":[[[15.6622,40.6944],[15.6629,40.693],[15.6638,40.6933],[15.6622,40.6944]]]}},{"type":"Feature","properties":{"landuse":"farmland"},"geometry":{"type":"Polygon","coordinates":[[[15.6685,40.643],[15.6705,40.644],[15.6693,40.6444],[15.6685,40.643]]]}},{"type":"Feature","properties":{"landuse":"orchard"},"geometry":{"type":"Polygon","coordinates":[[[15.9972,40.7659],[15.9968,40.7674],[15.9963,40.7658],[15.9972,40.7659]]]}},{"type":"Feature","properties":{"landuse":"farmland"},"geometry":{"type":"Polygon","coordinates":[[[15.948,40.7515],[15.9481,40.7525],[15.9457,40.7526],[15.948,40.7515]]]}},{"type":"Feature","properties":{"landuse":"farmland"},"geometry":{"type":"Polygon","coordinates":[[[15.9594,40.749],[15.9614,40.749],[15.9604,40.7516],[15.9594,40.749]]]}},{"type":"Feature","properties":{"landuse":"farmland"},"geometry":{"type":"Polygon","coordinates":[[[15.9755,40.7441],[15.9758,40.743],[15.9763,40.7447],[15.9755,40.7441]]]}},{"type":"Feature","properties":{"landuse":"farmland"},"geometry":{"type":"Polygon","coordinates":[[[15.9905,40.7385],[15.9917,40.7379],[15.992,40.7401],[15.9905,40.7385]]]}},{"type":"Feature","properties":{"landuse":"farmland"},"geometry":{"type":"Polygon","coordinates":[[[15.8927,40.4697],[15.8913,40.4696],[15.8942,40.4696],[15.8927,40.4697]]]}},{"type":"Feature","properties":{"landuse":"farmland"},"geometry":{"type":"Polygon","coordinates":[[[15.9393,40.4516],[15.9461,40.4524],[15.9423,40.4546],[15.9393,40.4516]]]}},{"type":"Feature","properties":{"landuse":"farmland"},"geometry":{"type":"Polygon","coordinates":[[[15.6922,40.5904],[15.6932,40.5892],[15.6945,40.5903],[15.6922,40.5904]]]}},{"type":"Feature","properties":{"landuse":"farmland"},"geometry":{"type":"Polygon","coordinates":[[[15.6659,40.5382],[15.6682,40.5383],[15.6643,40.538],[15.6659,40.5382]]]}},{"type":"Feature","properties":{"landuse":"farmland"},"geometry":{"type":"Polygon","coordinates":[[[15.6566,40.5422],[15.6585,40.5422],[15.6549,40.5426],[15.6566,40.5422]]]}},{"type":"Feature","properties":{"landuse":"farmland"},"geometry":{"type":"Polygon","coordinates":[[[15.7971,40.575],[15.796,40.5741],[15.7977,40.5732],[15.7971,40.575]]]}},{"type":"Feature","properties":{"landuse":"farmland"},"geometry":{"type":"Polygon","coordinates":[[[15.9503,40.7473],[15.9526,40.7483],[15.9489,40.7489],[15.9503,40.7473]]]}},{"type":"Feature","properties":{"landuse":"farmland"},"geometry":{"type":"Polygon","coordinates":[[[15.9728,40.7405],[15.9748,40.743],[15.972,40.7449],[15.9632,40.7433],[15.9682,40.7361],[15.9703,40.7394],[15.9679,40.7438],[15.9728,40.7405]]]}},{"type":"Feature","properties":{"landuse":"farmland"},"geometry":{"type":"Polygon","coordinates":[[[15.9765,40.7463],[15.9745,40.7462],[15.9765,40.7453],[15.9765,40.7463]]]}},{"type":"Feature","properties":{"landuse":"farmland"},"geometry":{"type":"Polygon","coordinates":[[[16.1218,40.6319],[16.1248,40.6283],[16.1286,40.6282],[16.1218,40.6319]]]}},{"type":"Feature","properties":{"landuse":"farmland"},"geometry":{"type":"Polygon","coordinates":[[[16.1141,40.6436],[16.1217,40.6467],[16.1144,40.6476],[16.1141,40.6436]]]}},{"type":"Feature","properties":{"landuse":"farmland"},"geometry":{"type":"Polygon","coordinates":[[[15.5828,40.8061],[15.5883,40.8029],[15.5862,40.8036],[15.5937,40.8076],[15.5828,40.8061]]]}},{"type":"Feature","properties":{"landuse":"farmland"},"geometry":{"type":"Polygon","coordinates":[[[16.6843,40.5486],[16.6932,40.5462],[16.7058,40.5481],[16.6998,40.5476],[16.6942,40.5527],[16.6843,40.5486]]]}},{"type":"Feature","properties":{"landuse":"farmland"},"geometry":{"type":"Polygon","coordinates":[[[15.6535,40.4724],[15.6511,40.4729],[15.6606,40.4722],[15.6535,40.4724]]]}},{"type":"Feature","properties":{"landuse":"farmland"},"geometry":{"type":"Polygon","coordinates":[[[16.5822,40.5328],[16.579,40.5315],[16.5809,40.5303],[16.5822,40.5328]]]}},{"type":"Feature","properties":{"landuse":"farmland"},"geometry":{"type":"Polygon","coordinates":[[[15.9552,40.4766],[15.9549,40.4759],[15.9565,40.476],[15.9552,40.4766]]]}},{"type":"Feature","properties":{"landuse":"farmland"},"geometry":{"type":"Polygon","coordinates":[[[15.9569,40.4519],[15.9605,40.4536],[15.9589,40.4548],[15.9569,40.4519]]]}},{"type":"Feature","properties":{"landuse":"farmland"},"geometry":{"type":"Polygon","coordinates":[[[16.1376,40.6216],[16.1374,40.6228],[16.136,40.6219],[16.1376,40.6216]]]}},{"type":"Feature","properties":{"landuse":"farmland"},"geometry":{"type":"Polygon","coordinates":[[[16.3061,40.1356],[16.3062,40.1341],[16.3071,40.1351],[16.3061,40.1356]]]}},{"type":"Feature","properties":{"landuse":"farmland"},"geometry":{"type":"Polygon","coordinates":[[[16.308,40.1354],[16.3064,40.1341],[16.3088,40.1347],[16.308,40.1354]]]}},{"type":"Feature","properties":{"landuse":"orchard"},"geometry":{"type":"Polygon","coordinates":[[[16.3075,40.1312],[16.3115,40.13],[16.3083,40.1333],[16.3075,40.1312]]]}},{"type":"Feature","properties":{"landuse":"orchard"},"geometry":{"type":"Polygon","coordinates":[[[16.3199,40.1347],[16.3182,40.1359],[16.3146,40.1324],[16.3199,40.1347]]]}},{"type":"Feature","properties":{"landuse":"farmland"},"geometry":{"type":"Polygon","coordinates":[[[16.3117,40.14],[16.3153,40.1411],[16.3141,40.1422],[16.3117,40.14]]]}},{"type":"Feature","properties":{"landuse":"farmland"},"geometry":{"type":"Polygon","coordinates":[[[16.3514,40.1159],[16.3505,40.1136],[16.3533,40.1152],[16.3514,40.1159]]]}},{"type":"Feature","properties":{"landuse":"farmland"},"geometry":{"type":"Polygon","coordinates":[[[16.3351,40.1055],[16.3356,40.1025],[16.338,40.1026],[16.3351,40.1055]]]}},{"type":"Feature","properties":{"landuse":"farmland"},"geometry":{"type":"Polygon","coordinates":[[[16.468,40.1728],[16.4672,40.1709],[16.4692,40.1725],[16.468,40.1728]]]}},{"type":"Feature","properties":{"landuse":"farmland"},"geometry":{"type":"Polygon","coordinates":[[[16.5244,40.1896],[16.5249,40.188],[16.5262,40.1886],[16.5244,40.1896]]]}},{"type":"Feature","properties":{"landuse":"farmland"},"geometry":{"type":"Polygon","coordinates":[[[16.4423,40.1487],[16.4426,40.1508],[16.4382,40.1512],[16.4423,40.1487]]]}},{"type":"Feature","properties":{"landuse":"farmland"},"geometry":{"type":"Polygon","coordinates":[[[16.52,40.1903],[16.5177,40.1901],[16.5209,40.1897],[16.52,40.1903]]]}},{"type":"Feature","properties":{"landuse":"farmland"},"geometry":{"type":"Polygon","coordinates":[[[16.5505,40.1292],[16.5488,40.129],[16.5493,40.1277],[16.5505,40.1292]]]}},{"type":"Feature","properties":{"landuse":"farmland"},"geometry":{"type":"Polygon","coordinates":[[[16.5542,40.1415],[16.5529,40.1402],[16.5561,40.1378],[16.5542,40.1415]]]}},{"type":"Feature","properties":{"landuse":"farmland"},"geometry":{"type":"Polygon","coordinates":[[[16.5388,40.1572],[16.537,40.1574],[16.5392,40.1554],[16.5388,40.1572]]]}},{"type":"Feature","properties":{"landuse":"farmland"},"geometry":{"type":"Polygon","coordinates":[[[16.5407,40.1532],[16.5367,40.1537],[16.5397,40.1525],[16.5407,40.1532]]]}},{"type":"Feature","properties":{"landuse":"farmland"},"geometry":{"type":"Polygon","coordinates":[[[16.5744,40.1516],[16.5771,40.1503],[16.5771,40.1513],[16.5744,40.1516]]]}},{"type":"Feature","properties":{"landuse":"orchard"},"geometry":{"type":"Polygon","coordinates":[[[16.5754,40.1501],[16.5741,40.1489],[16.5767,40.1493],[16.5754,40.1501]]]}},{"type":"Feature","properties":{"landuse":"farmland"},"geometry":{"type":"Polygon","coordinates":[[[16.5732,40.1493],[16.5712,40.1501],[16.5723,40.1487],[16.5719,40.1496],[16.5732,40.1493]]]}},{"type":"Feature","properties":{"landuse":"farmland"},"geometry":{"type":"Polygon","coordinates":[[[16.5273,40.1843],[16.5301,40.1858],[16.5251,40.1867],[16.5273,40.1843]]]}},{"type":"Feature","properties":{"landuse":"farmland"},"geometry":{"type":"Polygon","coordinates":[[[16.4242,40.1646],[16.4226,40.1631],[16.4247,40.1621],[16.4242,40.1646]]]}},{"type":"Feature","properties":{"landuse":"farmland"},"geometry":{"type":"Polygon","coordinates":[[[16.4687,40.1786],[16.4659,40.1782],[16.4675,40.1776],[16.4687,40.1786]]]}},{"type":"Feature","properties":{"landuse":"farmland"},"geometry":{"type":"Polygon","coordinates":[[[16.4099,40.1766],[16.4099,40.1752],[16.411,40.175],[16.4099,40.1766]]]}},{"type":"Feature","properties":{"landuse":"farmland"},"geometry":{"type":"Polygon","coordinates":[[[16.5342,40.1551],[16.5333,40.154],[16.5364,40.1532],[16.5342,40.1551]]]}},{"type":"Feature","properties":{"landuse":"farmland"},"geometry":{"type":"Polygon","coordinates":[[[16.535,40.1521],[16.5345,40.1507],[16.5355,40.1504],[16.535,40.1521]]]}},{"type":"Feature","properties":{"landuse":"farmland"},"geometry":{"type":"Polygon","coordinates":[[[16.5429,40.1593],[16.5408,40.1587],[16.5427,40.1583],[16.5429,40.1593]]]}},{"type":"Feature","properties":{"landuse":"farmland"},"geometry":{"type":"Polygon","coordinates":[[[16.5375,40.1581],[16.539,40.1579],[16.5387,40.1597],[16.5375,40.1581]]]}},{"type":"Feature","properties":{"landuse":"farmland"},"geometry":{"type":"Polygon","coordinates":[[[16.5586,40.1368],[16.5577,40.1377],[16.5563,40.1372],[16.5586,40.1368]]]}},{"type":"Feature","properties":{"landuse":"farmland"},"geometry":{"type":"Polygon","coordinates":[[[16.5568,40.1394],[16.5596,40.1364],[16.5589,40.1394],[16.5568,40.1394]]]}},{"type":"Feature","properties":{"landuse":"farmland"},"geometry":{"type":"Polygon","coordinates":[[[16.5517,40.1294],[16.5506,40.1284],[16.5527,40.1275],[16.5517,40.1294]]]}},{"type":"Feature","properties":{"landuse":"farmland"},"geometry":{"type":"Polygon","coordinates":[[[16.5801,40.1514],[16.5784,40.1502],[16.58,40.1498],[16.5801,40.1514]]]}},{"type":"Feature","properties":{"landuse":"farmland"},"geometry":{"type":"Polygon","coordinates":[[[16.565,40.1474],[16.5675,40.1485],[16.5654,40.1491],[16.565,40.1474]]]}},{"type":"Feature","properties":{"landuse":"farmland"},"geometry":{"type":"Polygon","coordinates":[[[16.5214,40.1877],[16.5234,40.187],[16.5222,40.1893],[16.5214,40.1877]]]}},{"type":"Feature","properties":{"landuse":"orchard"},"geometry":{"type":"Polygon","coordinates":[[[16.3904,40.1303],[16.3856,40.1308],[16.381,40.1219],[16.3904,40.1303]]]}},{"type":"Feature","properties":{"landuse":"farmland"},"geometry":{"type":"Polygon","coordinates":[[[16.3504,40.1159],[16.3609,40.1191],[16.352,40.1177],[16.3504,40.1159]]]}},{"type":"Feature","properties":{"landuse":"farmland"},"geometry":{"type":"Polygon","coordinates":[[[16.3452,40.117],[16.3452,40.1159],[16.3475,40.1169],[16.3452,40.117]]]}},{"type":"Feature","properties":{"landuse":"farmland"},"geometry":{"type":"Polygon","coordinates":[[[16.3475,40.1156],[16.3417,40.1144],[16.3445,40.1135],[16.3428,40.114],[16.3475,40.1156]]]}},{"type":"Feature","properties":{"landuse":"orchard"},"geometry":{"type":"Polygon","coordinates":[[[16.7178,40.2829],[16.7167,40.2808],[16.7207,40.2822],[16.7178,40.2829]]]}},{"type":"Feature","properties":{"landuse":"farmland"},"geometry":{"type":"Polygon","coordinates":[[[16.5094,40.1476],[16.5072,40.1491],[16.5081,40.147],[16.5094,40.1476]]]}},{"type":"Feature","properties":{"landuse":"farmland"},"geometry":{"type":"Polygon","coordinates":[[[16.3501,40.5595],[16.3482,40.5599],[16.3484,40.5586],[16.3501,40.5595]]]}},{"type":"Feature","properties":{"landuse":"farmland"},"geometry":{"type":"Polygon","coordinates":[[[16.3522,40.5633],[16.3517,40.5624],[16.3546,40.5647],[16.3522,40.5633]]]}},{"type":"Feature","properties":{"landuse":"farmland"},"geometry":{"type":"Polygon","coordinates":[[[16.3557,40.5576],[16.3563,40.5598],[16.3527,40.5607],[16.3557,40.5576]]]}},{"type":"Feature","properties":{"landuse":"farmland"},"geometry":{"type":"Polygon","coordinates":[[[16.4135,40.5884],[16.4114,40.589],[16.414,40.5887],[16.4126,40.5901],[16.4059,40.5899],[16.4135,40.5884]]]}},{"type":"Feature","properties":{"landuse":"farmland"},"geometry":{"type":"Polygon","coordinates":[[[16.3968,40.5799],[16.3986,40.5815],[16.3961,40.5803],[16.3968,40.5799]]]}},{"type":"Feature","properties":{"landuse":"farmland"},"geometry":{"type":"Polygon","coordinates":[[[16.4046,40.5917],[16.4039,40.5937],[16.401,40.5943],[16.4046,40.5917]]]}},{"type":"Feature","properties":{"landuse":"farmland"},"geometry":{"type":"Polygon","coordinates":[[[16.412,40.5938],[16.4047,40.5958],[16.406,40.5929],[16.412,40.5938]]]}},{"type":"Feature","properties":{"landuse":"orchard"},"geometry":{"type":"Polygon","coordinates":[[[16.3916,40.5903],[16.3917,40.5895],[16.3931,40.5906],[16.3916,40.5903]]]}},{"type":"Feature","properties":{"landuse":"farmland"},"geometry":{"type":"Polygon","coordinates":[[[16.394,40.5988],[16.3916,40.5986],[16.3934,40.5976],[16.394,40.5988]]]}},{"type":"Feature","properties":{"landuse":"orchard"},"geometry":{"type":"Polygon","coordinates":[[[16.3923,40.5969],[16.3996,40.5972],[16.3944,40.5986],[16.3923,40.5969]]]}},{"type":"Feature","properties":{"landuse":"farmland"},"geometry":{"type":"Polygon","coordinates":[[[16.4,40.5929],[16.4011,40.5929],[16.3981,40.5945],[16.4,40.5929]]]}},{"type":"Feature","properties":{"landuse":"farmland"},"geometry":{"type":"Polygon","coordinates":[[[16.1561,40.4985],[16.1564,40.5001],[16.152,40.5001],[16.1561,40.4985]]]}},{"type":"Feature","properties":{"landuse":"farmland"},"geometry":{"type":"Polygon","coordinates":[[[16.1473,40.5017],[16.1449,40.5022],[16.1464,40.5001],[16.1473,40.5017]]]}},{"type":"Feature","properties":{"landuse":"farmland"},"geometry":{"type":"Polygon","coordinates":[[[16.1387,40.488],[16.1389,40.489],[16.1374,40.4892],[16.1387,40.488]]]}},{"type":"Feature","properties":{"landuse":"farmland"},"geometry":{"type":"Polygon","coordinates":[[[16.1478,40.4947],[16.1444,40.4963],[16.1428,40.494],[16.1478,40.4947]]]}},{"type":"Feature","properties":{"landuse":"farmland"},"geometry":{"type":"Polygon","coordinates":[[[16.1525,40.5044],[16.1547,40.5037],[16.1531,40.5052],[16.1525,40.5044]]]}},{"type":"Feature","properties":{"landuse":"farmland"},"geometry":{"type":"Polygon","coordinates":[[[16.1727,40.4942],[16.1701,40.4962],[16.1702,40.4951],[16.1727,40.4942]]]}},{"type":"Feature","properties":{"landuse":"farmland"},"geometry":{"type":"Polygon","coordinates":[[[16.1783,40.5028],[16.1748,40.5008],[16.1791,40.5003],[16.1783,40.5028]]]}},{"type":"Feature","properties":{"landuse":"farmland"},"geometry":{"type":"Polygon","coordinates":[[[16.2621,40.467],[16.2533,40.4712],[16.2621,40.465],[16.2621,40.467]]]}},{"type":"Feature","properties":{"landuse":"farmland"},"geometry":{"type":"Polygon","coordinates":[[[16.2642,40.448],[16.2715,40.447],[16.2666,40.4506],[16.2642,40.448]]]}},{"type":"Feature","properties":{"landuse":"farmland"},"geometry":{"type":"Polygon","coordinates":[[[16.2512,40.4372],[16.2511,40.436],[16.2528,40.4365],[16.2512,40.4372]]]}},{"type":"Feature","properties":{"landuse":"farmland"},"geometry":{"type":"Polygon","coordinates":[[[16.253,40.4425],[16.2531,40.4405],[16.2552,40.4428],[16.253,40.4425]]]}},{"type":"Feature","properties":{"landuse":"farmland"},"geometry":{"type":"Polygon","coordinates":[[[16.2607,40.4332],[16.26,40.4324],[16.2635,40.4332],[16.2607,40.4332]]]}},{"type":"Feature","properties":{"landuse":"farmland"},"geometry":{"type":"Polygon","coordinates":[[[16.2559,40.434],[16.2612,40.434],[16.2584,40.4363],[16.2559,40.434]]]}},{"type":"Feature","properties":{"landuse":"farmland"},"geometry":{"type":"Polygon","coordinates":[[[16.5766,40.7026],[16.5671,40.7009],[16.5603,40.7039],[16.5671,40.6994],[16.5766,40.7026]]]}},{"type":"Feature","properties":{"landuse":"farmland"},"geometry":{"type":"Polygon","coordinates":[[[16.5767,40.7014],[16.5781,40.7017],[16.5775,40.7028],[16.5767,40.7014]]]}},{"type":"Feature","properties":{"landuse":"farmland"},"geometry":{"type":"Polygon","coordinates":[[[15.803,40.0448],[15.8018,40.0434],[15.8031,40.0436],[15.803,40.0448]]]}},{"type":"Feature","properties":{"landuse":"farmland"},"geometry":{"type":"Polygon","coordinates":[[[15.7639,40.132],[15.7649,40.1334],[15.7631,40.1326],[15.7639,40.132]]]}},{"type":"Feature","properties":{"landuse":"farmland"},"geometry":{"type":"Polygon","coordinates":[[[15.8471,40.0669],[15.8439,40.0662],[15.8451,40.0655],[15.8471,40.0669]]]}},{"type":"Feature","properties":{"landuse":"farmland"},"geometry":{"type":"Polygon","coordinates":[[[15.84,40.0741],[15.8388,40.0766],[15.8376,40.0755],[15.84,40.0741]]]}},{"type":"Feature","properties":{"landuse":"farmland"},"geometry":{"type":"Polygon","coordinates":[[[15.8195,40.0892],[15.8202,40.091],[15.8166,40.0914],[15.8195,40.0892]]]}},{"type":"Feature","properties":{"landuse":"farmland"},"geometry":{"type":"Polygon","coordinates":[[[15.7163,40.084],[15.7114,40.0824],[15.714,40.0783],[15.7182,40.083],[15.7163,40.084]]]}},{"type":"Feature","properties":{"landuse":"farmland"},"geometry":{"type":"Polygon","coordinates":[[[15.7115,40.0852],[15.7142,40.0841],[15.7125,40.0857],[15.7115,40.0852]]]}},{"type":"Feature","properties":{"landuse":"orchard"},"geometry":{"type":"Polygon","coordinates":[[[16.7178,40.3211],[16.7105,40.3122],[16.7126,40.3078],[16.7183,40.312],[16.7152,40.3134],[16.7172,40.3164],[16.7193,40.3151],[16.7212,40.321],[16.7178,40.3211]]]}},{"type":"Feature","properties":{"landuse":"farmland"},"geometry":{"type":"Polygon","coordinates":[[[15.6444,40.6022],[15.6455,40.6026],[15.6444,40.6034],[15.6444,40.6022]]]}},{"type":"Feature","properties":{"landuse":"farmland"},"geometry":{"type":"Polygon","coordinates":[[[15.6515,40.5988],[15.6468,40.6025],[15.6496,40.5975],[15.6515,40.5988]]]}},{"type":"Feature","properties":{"landuse":"farmland"},"geometry":{"type":"Polygon","coordinates":[[[15.6504,40.6014],[15.6504,40.6001],[15.6513,40.6014],[15.6504,40.6014]]]}},{"type":"Feature","properties":{"landuse":"farmland"},"geometry":{"type":"Polygon","coordinates":[[[15.6509,40.6084],[15.6498,40.605],[15.6543,40.6067],[15.6537,40.6097],[15.6509,40.6084]]]}},{"type":"Feature","properties":{"landuse":"farmland"},"geometry":{"type":"Polygon","coordinates":[[[15.6464,40.6101],[15.6442,40.6113],[15.6435,40.6106],[15.6464,40.6101]]]}},{"type":"Feature","properties":{"landuse":"farmland"},"geometry":{"type":"Polygon","coordinates":[[[15.6496,40.6064],[15.651,40.608],[15.6486,40.6087],[15.6496,40.6064]]]}},{"type":"Feature","properties":{"landuse":"farmland"},"geometry":{"type":"Polygon","coordinates":[[[15.6579,40.6063],[15.6558,40.6098],[15.6542,40.6076],[15.6579,40.6063]]]}},{"type":"Feature","properties":{"landuse":"farmland"},"geometry":{"type":"Polygon","coordinates":[[[15.6621,40.5989],[15.6647,40.5992],[15.6632,40.6017],[15.6621,40.5989]]]}},{"type":"Feature","properties":{"landuse":"farmland"},"geometry":{"type":"Polygon","coordinates":[[[15.6614,40.6096],[15.6621,40.6087],[15.6622,40.6099],[15.6614,40.6096]]]}},{"type":"Feature","properties":{"landuse":"farmland"},"geometry":{"type":"Polygon","coordinates":[[[15.666,40.6028],[15.6689,40.6026],[15.6677,40.6026],[15.6682,40.6036],[15.666,40.6028]]]}},{"type":"Feature","properties":{"landuse":"farmland"},"geometry":{"type":"Polygon","coordinates":[[[15.6661,40.6084],[15.6692,40.6063],[15.6712,40.6087],[15.6696,40.611],[15.6661,40.6084]]]}},{"type":"Feature","properties":{"landuse":"farmland"},"geometry":{"type":"Polygon","coordinates":[[[15.6693,40.6111],[15.6736,40.6101],[15.6738,40.6122],[15.6693,40.6111]]]}},{"type":"Feature","properties":{"landuse":"farmland"},"geometry":{"type":"Polygon","coordinates":[[[15.6715,40.6109],[15.6712,40.6088],[15.6736,40.6098],[15.6715,40.6109]]]}},{"type":"Feature","properties":{"landuse":"farmland"},"geometry":{"type":"Polygon","coordinates":[[[15.6632,40.6044],[15.6643,40.6028],[15.6653,40.6054],[15.6632,40.6044]]]}},{"type":"Feature","properties":{"landuse":"farmland"},"geometry":{"type":"Polygon","coordinates":[[[15.6779,40.6083],[15.6744,40.6053],[15.6797,40.6074],[15.6779,40.6083]]]}},{"type":"Feature","properties":{"landuse":"farmland"},"geometry":{"type":"Polygon","coordinates":[[[15.679,40.6088],[15.6802,40.6078],[15.6813,40.6084],[15.679,40.6088]]]}},{"type":"Feature","properties":{"landuse":"farmland"},"geometry":{"type":"Polygon","coordinates":[[[15.675,40.6101],[15.678,40.6088],[15.6764,40.6105],[15.675,40.6101]]]}},{"type":"Feature","properties":{"landuse":"farmland"},"geometry":{"type":"Polygon","coordinates":[[[15.67,40.6014],[15.6684,40.6018],[15.6651,40.5994],[15.67,40.6014]]]}},{"type":"Feature","properties":{"landuse":"farmland"},"geometry":{"type":"Polygon","coordinates":[[[15.6707,40.6018],[15.6705,40.6033],[15.6692,40.6024],[15.6707,40.6018]]]}},{"type":"Feature","properties":{"landuse":"farmland"},"geometry":{"type":"Polygon","coordinates":[[[15.6739,40.6036],[15.6719,40.6043],[15.6728,40.6029],[15.6739,40.6036]]]}},{"type":"Feature","properties":{"landuse":"farmland"},"geometry":{"type":"Polygon","coordinates":[[[15.6821,40.6088],[15.6833,40.6075],[15.6849,40.6076],[15.6821,40.6088]]]}},{"type":"Feature","properties":{"landuse":"farmland"},"geometry":{"type":"Polygon","coordinates":[[[16.0564,40.3798],[16.0557,40.3813],[16.0539,40.3798],[16.0564,40.3798]]]}},{"type":"Feature","properties":{"landuse":"farmland"},"geometry":{"type":"Polygon","coordinates":[[[16.0544,40.3791],[16.0556,40.381],[16.0527,40.3813],[16.0544,40.3791]]]}},{"type":"Feature","properties":{"landuse":"farmland"},"geometry":{"type":"Polygon","coordinates":[[[16.0558,40.3767],[16.0575,40.3775],[16.0551,40.3776],[16.0558,40.3767]]]}},{"type":"Feature","properties":{"landuse":"orchard"},"geometry":{"type":"Polygon","coordinates":[[[16.0556,40.3865],[16.0546,40.3872],[16.0538,40.3867],[16.0556,40.3865]]]}},{"type":"Feature","properties":{"landuse":"orchard"},"geometry":{"type":"Polygon","coordinates":[[[16.055,40.3851],[16.0528,40.3865],[16.0532,40.3851],[16.055,40.3851]]]}},{"type":"Feature","properties":{"landuse":"farmland"},"geometry":{"type":"Polygon","coordinates":[[[16.0533,40.3887],[16.0522,40.3903],[16.0522,40.3882],[16.0533,40.3887]]]}},{"type":"Feature","properties":{"landuse":"farmland"},"geometry":{"type":"Polygon","coordinates":[[[16.0596,40.3817],[16.0535,40.3831],[16.062,40.3777],[16.0596,40.3817]]]}},{"type":"Feature","properties":{"landuse":"farmland"},"geometry":{"type":"Polygon","coordinates":[[[15.6693,40.6258],[15.6686,40.6287],[15.6659,40.6276],[15.6693,40.6258]]]}},{"type":"Feature","properties":{"landuse":"farmland"},"geometry":{"type":"Polygon","coordinates":[[[15.6707,40.6251],[15.6697,40.626],[15.6677,40.6248],[15.6707,40.6251]]]}},{"type":"Feature","properties":{"landuse":"farmland"},"geometry":{"type":"Polygon","coordinates":[[[15.6733,40.6286],[15.6772,40.6296],[15.6743,40.63],[15.6733,40.6286]]]}},{"type":"Feature","properties":{"landuse":"farmland"},"geometry":{"type":"Polygon","coordinates":[[[15.6686,40.63],[15.6666,40.6296],[15.6669,40.6291],[15.6686,40.63]]]}},{"type":"Feature","properties":{"landuse":"farmland"},"geometry":{"type":"Polygon","coordinates":[[[15.6592,40.6323],[15.6584,40.6317],[15.661,40.632],[15.6592,40.6323]]]}},{"type":"Feature","properties":{"landuse":"farmland"},"geometry":{"type":"Polygon","coordinates":[[[15.6616,40.6318],[15.663,40.6308],[15.6652,40.6324],[15.6616,40.6318]]]}},{"type":"Feature","properties":{"landuse":"farmland"},"geometry":{"type":"Polygon","coordinates":[[[15.6638,40.6292],[15.6692,40.6308],[15.6676,40.6314],[15.6638,40.6292]]]}},{"type":"Feature","properties":{"landuse":"farmland"},"geometry":{"type":"Polygon","coordinates":[[[15.6868,40.579],[15.6886,40.576],[15.6896,40.5782],[15.6868,40.579]]]}},{"type":"Feature","properties":{"landuse":"farmland"},"geometry":{"type":"Polygon","coordinates":[[[15.6692,40.6199],[15.6643,40.6168],[15.6707,40.617],[15.6692,40.6199]]]}},{"type":"Feature","properties":{"landuse":"farmland"},"geometry":{"type":"Polygon","coordinates":[[[15.6578,40.6137],[15.6611,40.6131],[15.6555,40.614],[15.6578,40.6137]]]}},{"type":"Feature","properties":{"landuse":"farmland"},"geometry":{"type":"Polygon","coordinates":[[[15.6779,40.638],[15.6669,40.6392],[15.6769,40.6337],[15.6757,40.6375],[15.6779,40.638]]]}},{"type":"Feature","properties":{"landuse":"farmland"},"geometry":{"type":"Polygon","coordinates":[[[15.6767,40.6347],[15.6774,40.6378],[15.6758,40.6371],[15.6767,40.6347]]]}},{"type":"Feature","properties":{"landuse":"farmland"},"geometry":{"type":"Polygon","coordinates":[[[15.666,40.6226],[15.6652,40.6237],[15.6643,40.6223],[15.666,40.6226]]]}},{"type":"Feature","properties":{"landuse":"farmland"},"geometry":{"type":"Polygon","coordinates":[[[15.6652,40.6224],[15.6682,40.6206],[15.6682,40.6224],[15.6652,40.6224]]]}},{"type":"Feature","properties":{"landuse":"farmland"},"geometry":{"type":"Polygon","coordinates":[[[15.6647,40.6368],[15.6663,40.6386],[15.6628,40.6398],[15.6647,40.6368]]]}},{"type":"Feature","properties":{"landuse":"farmland"},"geometry":{"type":"Polygon","coordinates":[[[15.6703,40.6338],[15.6689,40.635],[15.6684,40.634],[15.6703,40.6338]]]}},{"type":"Feature","properties":{"landuse":"farmland"},"geometry":{"type":"Polygon","coordinates":[[[15.6705,40.6319],[15.6689,40.6331],[15.669,40.6314],[15.6705,40.6319]]]}},{"type":"Feature","properties":{"landuse":"farmland"},"geometry":{"type":"Polygon","coordinates":[[[15.6716,40.6302],[15.6724,40.6308],[15.6704,40.6332],[15.6716,40.6302]]]}},{"type":"Feature","properties":{"landuse":"farmland"},"geometry":{"type":"Polygon","coordinates":[[[15.6589,40.6217],[15.6573,40.6229],[15.6563,40.6207],[15.6589,40.6217]]]}},{"type":"Feature","properties":{"landuse":"farmland"},"geometry":{"type":"Polygon","coordinates":[[[15.6587,40.6321],[15.6595,40.6327],[15.6571,40.633],[15.6587,40.6321]]]}},{"type":"Feature","properties":{"landuse":"farmland"},"geometry":{"type":"Polygon","coordinates":[[[15.6563,40.6327],[15.6569,40.6302],[15.658,40.6308],[15.6563,40.6327]]]}},{"type":"Feature","properties":{"landuse":"farmland"},"geometry":{"type":"Polygon","coordinates":[[[15.6579,40.6307],[15.6601,40.6278],[15.6609,40.6301],[15.6579,40.6307]]]}},{"type":"Feature","properties":{"landuse":"farmland"},"geometry":{"type":"Polygon","coordinates":[[[15.6546,40.6299],[15.6575,40.6276],[15.6567,40.6301],[15.6546,40.6299]]]}},{"type":"Feature","properties":{"landuse":"farmland"},"geometry":{"type":"Polygon","coordinates":[[[15.6521,40.6243],[15.6572,40.6268],[15.6546,40.6298],[15.6521,40.6243]]]}},{"type":"Feature","properties":{"landuse":"farmland"},"geometry":{"type":"Polygon","coordinates":[[[15.6532,40.6154],[15.6532,40.6137],[15.6543,40.6139],[15.6532,40.6154]]]}},{"type":"Feature","properties":{"landuse":"farmland"},"geometry":{"type":"Polygon","coordinates":[[[15.6434,40.6146],[15.6407,40.618],[15.6417,40.6131],[15.6415,40.616],[15.6434,40.6146]]]}},{"type":"Feature","properties":{"landuse":"farmland"},"geometry":{"type":"Polygon","coordinates":[[[15.6459,40.6147],[15.6474,40.6152],[15.6444,40.6158],[15.6459,40.6147]]]}},{"type":"Feature","properties":{"landuse":"farmland"},"geometry":{"type":"Polygon","coordinates":[[[15.649,40.6136],[15.6487,40.6148],[15.644,40.6136],[15.649,40.6136]]]}},{"type":"Feature","properties":{"landuse":"farmland"},"geometry":{"type":"Polygon","coordinates":[[[15.6507,40.6135],[15.6524,40.6135],[15.6499,40.6143],[15.6507,40.6135]]]}},{"type":"Feature","properties":{"landuse":"farmland"},"geometry":{"type":"Polygon","coordinates":[[[15.6458,40.6157],[15.6416,40.6202],[15.6406,40.6182],[15.6458,40.6157]]]}},{"type":"Feature","properties":{"landuse":"farmland"},"geometry":{"type":"Polygon","coordinates":[[[15.6533,40.6198],[15.6505,40.6199],[15.6517,40.6189],[15.6533,40.6198]]]}},{"type":"Feature","properties":{"landuse":"farmland"},"geometry":{"type":"Polygon","coordinates":[[[15.6465,40.6219],[15.6484,40.6227],[15.6469,40.6259],[15.6465,40.6219]]]}},{"type":"Feature","properties":{"landuse":"farmland"},"geometry":{"type":"Polygon","coordinates":[[[15.6513,40.6228],[15.6506,40.6216],[15.6519,40.6206],[15.6513,40.6228]]]}},{"type":"Feature","properties":{"landuse":"farmland"},"geometry":{"type":"Polygon","coordinates":[[[15.669,40.6425],[15.6668,40.6429],[15.6706,40.6402],[15.669,40.6425]]]}},{"type":"Feature","properties":{"landuse":"farmland"},"geometry":{"type":"Polygon","coordinates":[[[15.9579,40.2988],[15.9544,40.2961],[15.9593,40.2988],[15.9579,40.2988]]]}},{"type":"Feature","properties":{"landuse":"farmland"},"geometry":{"type":"Polygon","coordinates":[[[15.6532,40.6305],[15.6548,40.6309],[15.6517,40.6318],[15.6532,40.6305]]]}},{"type":"Feature","properties":{"landuse":"farmland"},"geometry":{"type":"Polygon","coordinates":[[[15.6436,40.6251],[15.6424,40.6258],[15.6411,40.6252],[15.6436,40.6251]]]}},{"type":"Feature","properties":{"landuse":"farmland"},"geometry":{"type":"Polygon","coordinates":[[[15.6486,40.6284],[15.647,40.627],[15.6495,40.6272],[15.6486,40.6284]]]}},{"type":"Feature","properties":{"landuse":"farmland"},"geometry":{"type":"Polygon","coordinates":[[[15.644,40.6301],[15.6465,40.6299],[15.6457,40.6307],[15.644,40.6301]]]}},{"type":"Feature","properties":{"landuse":"farmland"},"geometry":{"type":"Polygon","coordinates":[[[15.6443,40.6313],[15.645,40.6324],[15.6438,40.6326],[15.6443,40.6313]]]}},{"type":"Feature","properties":{"landuse":"farmland"},"geometry":{"type":"Polygon","coordinates":[[[15.6595,40.6554],[15.6554,40.6537],[15.6596,40.6546],[15.6595,40.6554]]]}},{"type":"Feature","properties":{"landuse":"farmland"},"geometry":{"type":"Polygon","coordinates":[[[15.6666,40.651],[15.6656,40.6469],[15.6679,40.6473],[15.6666,40.651]]]}},{"type":"Feature","properties":{"landuse":"farmland"},"geometry":{"type":"Polygon","coordinates":[[[15.6619,40.6529],[15.6638,40.6525],[15.6645,40.6537],[15.6619,40.6529]]]}},{"type":"Feature","properties":{"landuse":"farmland"},"geometry":{"type":"Polygon","coordinates":[[[15.6616,40.6543],[15.6588,40.6517],[15.6618,40.6527],[15.6616,40.6543]]]}},{"type":"Feature","properties":{"landuse":"farmland"},"geometry":{"type":"Polygon","coordinates":[[[15.6588,40.6504],[15.6612,40.6499],[15.6591,40.6513],[15.6588,40.6504]]]}},{"type":"Feature","properties":{"landuse":"farmland"},"geometry":{"type":"Polygon","coordinates":[[[15.6598,40.648],[15.6609,40.6478],[15.6621,40.6502],[15.6598,40.648]]]}},{"type":"Feature","properties":{"landuse":"farmland"},"geometry":{"type":"Polygon","coordinates":[[[15.6566,40.6484],[15.6571,40.6474],[15.6555,40.6494],[15.6566,40.6484]]]}},{"type":"Feature","properties":{"landuse":"farmland"},"geometry":{"type":"Polygon","coordinates":[[[15.6613,40.648],[15.658,40.6443],[15.6646,40.6488],[15.6613,40.648]]]}},{"type":"Feature","properties":{"landuse":"farmland"},"geometry":{"type":"Polygon","coordinates":[[[15.6557,40.654],[15.6559,40.6555],[15.6526,40.6555],[15.6557,40.654]]]}},{"type":"Feature","properties":{"landuse":"farmland"},"geometry":{"type":"Polygon","coordinates":[[[15.651,40.6568],[15.6496,40.6566],[15.6531,40.6562],[15.651,40.6568]]]}},{"type":"Feature","properties":{"landuse":"farmland"},"geometry":{"type":"Polygon","coordinates":[[[15.6519,40.6572],[15.6535,40.6572],[15.6504,40.6572],[15.6519,40.6572]]]}},{"type":"Feature","properties":{"landuse":"farmland"},"geometry":{"type":"Polygon","coordinates":[[[15.6423,40.6592],[15.6408,40.6587],[15.6436,40.6589],[15.6423,40.6592]]]}},{"type":"Feature","properties":{"landuse":"farmland"},"geometry":{"type":"Polygon","coordinates":[[[15.6438,40.6556],[15.6417,40.6546],[15.6434,40.654],[15.6438,40.6556]]]}},{"type":"Feature","properties":{"landuse":"farmland"},"geometry":{"type":"Polygon","coordinates":[[[15.6425,40.6537],[15.6398,40.6529],[15.6408,40.6519],[15.6425,40.6537]]]}},{"type":"Feature","properties":{"landuse":"farmland"},"geometry":{"type":"Polygon","coordinates":[[[15.911,40.2568],[15.9147,40.2583],[15.913,40.2588],[15.911,40.2568]]]}},{"type":"Feature","properties":{"landuse":"farmland"},"geometry":{"type":"Polygon","coordinates":[[[15.9171,40.247],[15.9175,40.2481],[15.9165,40.2484],[15.9171,40.247]]]}},{"type":"Feature","properties":{"landuse":"farmland"},"geometry":{"type":"Polygon","coordinates":[[[15.6356,40.6559],[15.636,40.6571],[15.6357,40.654],[15.6356,40.6559]]]}},{"type":"Feature","properties":{"landuse":"farmland"},"geometry":{"type":"Polygon","coordinates":[[[15.6383,40.6531],[15.6387,40.6539],[15.636,40.6539],[15.6383,40.6531]]]}},{"type":"Feature","properties":{"landuse":"farmland"},"geometry":{"type":"Polygon","coordinates":[[[15.6326,40.6571],[15.6343,40.6575],[15.6324,40.6586],[15.6326,40.6571]]]}},{"type":"Feature","properties":{"landuse":"farmland"},"geometry":{"type":"Polygon","coordinates":[[[15.6283,40.6578],[15.6295,40.6572],[15.6292,40.6586],[15.6283,40.6578]]]}},{"type":"Feature","properties":{"landuse":"farmland"},"geometry":{"type":"Polygon","coordinates":[[[15.6651,40.6501],[15.6645,40.652],[15.6642,40.6491],[15.6651,40.6501]]]}},{"type":"Feature","properties":{"landuse":"farmland"},"geometry":{"type":"Polygon","coordinates":[[[15.6583,40.6468],[15.6581,40.6458],[15.6608,40.6476],[15.6583,40.6468]]]}},{"type":"Feature","properties":{"landuse":"farmland"},"geometry":{"type":"Polygon","coordinates":[[[15.6502,40.6412],[15.6545,40.6432],[15.6505,40.6424],[15.6502,40.6412]]]}},{"type":"Feature","properties":{"landuse":"farmland"},"geometry":{"type":"Polygon","coordinates":[[[15.6554,40.6453],[15.6552,40.6439],[15.6565,40.6448],[15.6554,40.6453]]]}},{"type":"Feature","properties":{"landuse":"farmland"},"geometry":{"type":"Polygon","coordinates":[[[15.6511,40.643],[15.6481,40.6434],[15.6471,40.642],[15.6511,40.643]]]}},{"type":"Feature","properties":{"landuse":"farmland"},"geometry":{"type":"Polygon","coordinates":[[[15.6468,40.6403],[15.6467,40.6394],[15.6481,40.6401],[15.6468,40.6403]]]}},{"type":"Feature","properties":{"landuse":"farmland"},"geometry":{"type":"Polygon","coordinates":[[[15.6513,40.6414],[15.6488,40.6408],[15.6503,40.6401],[15.6513,40.6414]]]}},{"type":"Feature","properties":{"landuse":"farmland"},"geometry":{"type":"Polygon","coordinates":[[[15.6501,40.6346],[15.6518,40.6358],[15.6492,40.6349],[15.6501,40.6346]]]}},{"type":"Feature","properties":{"landuse":"farmland"},"geometry":{"type":"Polygon","coordinates":[[[15.6466,40.6358],[15.6473,40.634],[15.6486,40.6349],[15.6466,40.6358]]]}},{"type":"Feature","properties":{"landuse":"farmland"},"geometry":{"type":"Polygon","coordinates":[[[15.6422,40.6344],[15.6423,40.6381],[15.641,40.636],[15.6422,40.6344]]]}},{"type":"Feature","properties":{"landuse":"farmland"},"geometry":{"type":"Polygon","coordinates":[[[15.6443,40.6358],[15.6431,40.634],[15.6462,40.6336],[15.6443,40.6358]]]}},{"type":"Feature","properties":{"landuse":"farmland"},"geometry":{"type":"Polygon","coordinates":[[[15.6425,40.631],[15.641,40.6324],[15.6403,40.6316],[15.6425,40.631]]]}},{"type":"Feature","properties":{"landuse":"farmland"},"geometry":{"type":"Polygon","coordinates":[[[15.6397,40.6342],[15.6386,40.6322],[15.6403,40.6334],[15.6397,40.6342]]]}},{"type":"Feature","properties":{"landuse":"farmland"},"geometry":{"type":"Polygon","coordinates":[[[15.6322,40.6237],[15.6306,40.6239],[15.6304,40.6226],[15.6322,40.6237]]]}},{"type":"Feature","properties":{"landuse":"farmland"},"geometry":{"type":"Polygon","coordinates":[[[15.6108,40.6259],[15.6136,40.6265],[15.6127,40.6284],[15.6099,40.6277],[15.6108,40.6259]]]}},{"type":"Feature","properties":{"landuse":"farmland"},"geometry":{"type":"Polygon","coordinates":[[[15.6095,40.6277],[15.6127,40.6284],[15.6093,40.6299],[15.6095,40.6277]]]}},{"type":"Feature","properties":{"landuse":"farmland"},"geometry":{"type":"Polygon","coordinates":[[[15.6072,40.6272],[15.6092,40.6298],[15.6053,40.6296],[15.6072,40.6272]]]}},{"type":"Feature","properties":{"landuse":"farmland"},"geometry":{"type":"Polygon","coordinates":[[[15.6609,40.634],[15.6622,40.6341],[15.6608,40.6354],[15.6609,40.634]]]}},{"type":"Feature","properties":{"landuse":"farmland"},"geometry":{"type":"Polygon","coordinates":[[[15.6642,40.6365],[15.6651,40.6379],[15.6619,40.6363],[15.6642,40.6365]]]}},{"type":"Feature","properties":{"landuse":"farmland"},"geometry":{"type":"Polygon","coordinates":[[[15.663,40.6308],[15.6619,40.6304],[15.6666,40.6323],[15.663,40.6308]]]}},{"type":"Feature","properties":{"landuse":"farmland"},"geometry":{"type":"Polygon","coordinates":[[[15.6156,40.629],[15.6183,40.6273],[15.6201,40.6278],[15.6156,40.629]]]}},{"type":"Feature","properties":{"landuse":"farmland"},"geometry":{"type":"Polygon","coordinates":[[[15.6125,40.6306],[15.6137,40.6287],[15.6146,40.6317],[15.6125,40.6306]]]}},{"type":"Feature","properties":{"landuse":"farmland"},"geometry":{"type":"Polygon","coordinates":[[[15.6064,40.6409],[15.6062,40.6379],[15.6095,40.6388],[15.6064,40.6409]]]}},{"type":"Feature","properties":{"landuse":"farmland"},"geometry":{"type":"Polygon","coordinates":[[[15.6084,40.64],[15.6116,40.6393],[15.612,40.6404],[15.6084,40.64]]]}},{"type":"Feature","properties":{"landuse":"farmland"},"geometry":{"type":"Polygon","coordinates":[[[15.6182,40.6487],[15.6151,40.6504],[15.6193,40.6476],[15.6182,40.6487]]]}},{"type":"Feature","properties":{"landuse":"farmland"},"geometry":{"type":"Polygon","coordinates":[[[15.611,40.6446],[15.6163,40.6445],[15.6153,40.6472],[15.611,40.6446]]]}},{"type":"Feature","properties":{"landuse":"farmland"},"geometry":{"type":"Polygon","coordinates":[[[15.614,40.648],[15.6143,40.6473],[15.6154,40.6483],[15.614,40.648]]]}},{"type":"Feature","properties":{"landuse":"farmland"},"geometry":{"type":"Polygon","coordinates":[[[15.6215,40.6512],[15.622,40.65],[15.6244,40.6513],[15.6215,40.6512]]]}},{"type":"Feature","properties":{"landuse":"farmland"},"geometry":{"type":"Polygon","coordinates":[[[15.6201,40.6422],[15.6203,40.6443],[15.6184,40.6435],[15.6201,40.6422]]]}},{"type":"Feature","properties":{"landuse":"farmland"},"geometry":{"type":"Polygon","coordinates":[[[15.6173,40.6451],[15.6182,40.6434],[15.6198,40.6442],[15.6173,40.6451]]]}},{"type":"Feature","properties":{"landuse":"farmland"},"geometry":{"type":"Polygon","coordinates":[[[15.6219,40.6438],[15.6216,40.642],[15.6231,40.6434],[15.6219,40.6438]]]}},{"type":"Feature","properties":{"landuse":"farmland"},"geometry":{"type":"Polygon","coordinates":[[[15.6142,40.6413],[15.6155,40.64],[15.616,40.6415],[15.6142,40.6413]]]}},{"type":"Feature","properties":{"landuse":"farmland"},"geometry":{"type":"Polygon","coordinates":[[[15.613,40.6423],[15.6196,40.641],[15.6165,40.6441],[15.613,40.6423]]]}},{"type":"Feature","properties":{"landuse":"orchard"},"geometry":{"type":"Polygon","coordinates":[[[15.6162,40.6398],[15.6133,40.6405],[15.6157,40.6394],[15.6162,40.6398]]]}},{"type":"Feature","properties":{"landuse":"farmland"},"geometry":{"type":"Polygon","coordinates":[[[15.632,40.6549],[15.634,40.6536],[15.6343,40.6557],[15.632,40.6549]]]}},{"type":"Feature","properties":{"landuse":"farmland"},"geometry":{"type":"Polygon","coordinates":[[[15.6289,40.6496],[15.6304,40.6496],[15.6292,40.6506],[15.6289,40.6496]]]}},{"type":"Feature","properties":{"landuse":"farmland"},"geometry":{"type":"Polygon","coordinates":[[[15.6222,40.6398],[15.6208,40.6401],[15.6196,40.6392],[15.6222,40.6398]]]}},{"type":"Feature","properties":{"landuse":"farmland"},"geometry":{"type":"Polygon","coordinates":[[[15.6231,40.6412],[15.6256,40.6421],[15.6236,40.6429],[15.6231,40.6412]]]}},{"type":"Feature","properties":{"landuse":"farmland"},"geometry":{"type":"Polygon","coordinates":[[[15.6384,40.6499],[15.6389,40.6511],[15.6373,40.6504],[15.6384,40.6499]]]}},{"type":"Feature","properties":{"landuse":"farmland"},"geometry":{"type":"Polygon","coordinates":[[[15.6364,40.651],[15.6382,40.6516],[15.6366,40.6521],[15.6364,40.651]]]}},{"type":"Feature","properties":{"landuse":"farmland"},"geometry":{"type":"Polygon","coordinates":[[[15.626,40.6396],[15.6266,40.6397],[15.6262,40.6389],[15.6279,40.6393],[15.626,40.6396]]]}},{"type":"Feature","properties":{"landuse":"farmland"},"geometry":{"type":"Polygon","coordinates":[[[15.6299,40.6368],[15.6312,40.6355],[15.6322,40.6356],[15.6299,40.6368]]]}},{"type":"Feature","properties":{"landuse":"farmland"},"geometry":{"type":"Polygon","coordinates":[[[15.6239,40.6357],[15.6257,40.636],[15.6245,40.6381],[15.6239,40.6357]]]}},{"type":"Feature","properties":{"landuse":"farmland"},"geometry":{"type":"Polygon","coordinates":[[[15.6209,40.6391],[15.6206,40.6366],[15.6233,40.6372],[15.6209,40.6391]]]}},{"type":"Feature","properties":{"landuse":"farmland"},"geometry":{"type":"Polygon","coordinates":[[[15.6276,40.6352],[15.6252,40.6359],[15.6255,40.6335],[15.6276,40.6352]]]}},{"type":"Feature","properties":{"landuse":"farmland"},"geometry":{"type":"Polygon","coordinates":[[[15.6225,40.6353],[15.6241,40.6342],[15.6237,40.6356],[15.6225,40.6353]]]}},{"type":"Feature","properties":{"landuse":"farmland"},"geometry":{"type":"Polygon","coordinates":[[[15.6222,40.6344],[15.6237,40.6332],[15.624,40.6343],[15.6222,40.6344]]]}},{"type":"Feature","properties":{"landuse":"farmland"},"geometry":{"type":"Polygon","coordinates":[[[15.6197,40.6355],[15.6214,40.6352],[15.6231,40.6366],[15.6197,40.6355]]]}},{"type":"Feature","properties":{"landuse":"farmland"},"geometry":{"type":"Polygon","coordinates":[[[15.6195,40.6321],[15.6187,40.6343],[15.616,40.6343],[15.6195,40.6321]]]}},{"type":"Feature","properties":{"landuse":"farmland"},"geometry":{"type":"Polygon","coordinates":[[[15.6304,40.6344],[15.6292,40.6345],[15.6297,40.6336],[15.6304,40.6344]]]}},{"type":"Feature","properties":{"landuse":"farmland"},"geometry":{"type":"Polygon","coordinates":[[[15.6325,40.6328],[15.6338,40.6323],[15.6325,40.6339],[15.6311,40.6328],[15.6325,40.6328]]]}},{"type":"Feature","properties":{"landuse":"farmland"},"geometry":{"type":"Polygon","coordinates":[[[15.6358,40.6299],[15.6336,40.6287],[15.6357,40.6286],[15.6358,40.6299]]]}},{"type":"Feature","properties":{"landuse":"farmland"},"geometry":{"type":"Polygon","coordinates":[[[15.6379,40.6315],[15.6368,40.6309],[15.6397,40.6301],[15.6379,40.6315]]]}},{"type":"Feature","properties":{"landuse":"farmland"},"geometry":{"type":"Polygon","coordinates":[[[15.6219,40.6302],[15.6205,40.6305],[15.6219,40.6282],[15.6219,40.6302]]]}},{"type":"Feature","properties":{"landuse":"farmland"},"geometry":{"type":"Polygon","coordinates":[[[15.6378,40.6274],[15.638,40.6259],[15.6388,40.627],[15.6378,40.6274]]]}},{"type":"Feature","properties":{"landuse":"farmland"},"geometry":{"type":"Polygon","coordinates":[[[15.6401,40.6273],[15.6411,40.6273],[15.6412,40.6284],[15.6401,40.6273]]]}},{"type":"Feature","properties":{"landuse":"farmland"},"geometry":{"type":"Polygon","coordinates":[[[15.6414,40.6308],[15.6411,40.6297],[15.6424,40.6307],[15.6414,40.6308]]]}},{"type":"Feature","properties":{"landuse":"farmland"},"geometry":{"type":"Polygon","coordinates":[[[15.574,40.693],[15.5744,40.6912],[15.5783,40.6906],[15.574,40.693]]]}},{"type":"Feature","properties":{"landuse":"farmland"},"geometry":{"type":"Polygon","coordinates":[[[15.5756,40.6892],[15.5777,40.6888],[15.5773,40.6905],[15.5756,40.6892]]]}},{"type":"Feature","properties":{"landuse":"orchard"},"geometry":{"type":"Polygon","coordinates":[[[15.5686,40.7013],[15.5681,40.703],[15.5671,40.7019],[15.5686,40.7013]]]}},{"type":"Feature","properties":{"landuse":"farmland"},"geometry":{"type":"Polygon","coordinates":[[[16.1577,40.6063],[16.1578,40.6044],[16.159,40.6061],[16.1577,40.6063]]]}},{"type":"Feature","properties":{"landuse":"farmland"},"geometry":{"type":"Polygon","coordinates":[[[16.2566,40.2428],[16.2547,40.2427],[16.2557,40.2388],[16.2566,40.2428]]]}},{"type":"Feature","properties":{"landuse":"farmland"},"geometry":{"type":"Polygon","coordinates":[[[15.9869,40.3103],[15.9876,40.3111],[15.9861,40.3119],[15.9869,40.3103]]]}},{"type":"Feature","properties":{"landuse":"farmland"},"geometry":{"type":"Polygon","coordinates":[[[15.5564,40.7073],[15.5538,40.7044],[15.5552,40.7022],[15.5564,40.7073]]]}},{"type":"Feature","properties":{"landuse":"farmland"},"geometry":{"type":"Polygon","coordinates":[[[15.561,40.7049],[15.558,40.7047],[15.5584,40.7033],[15.561,40.7049]]]}},{"type":"Feature","properties":{"landuse":"farmland"},"geometry":{"type":"Polygon","coordinates":[[[15.5576,40.7062],[15.5564,40.7046],[15.558,40.7041],[15.5576,40.7062]]]}},{"type":"Feature","properties":{"landuse":"farmland"},"geometry":{"type":"Polygon","coordinates":[[[15.5632,40.7033],[15.5618,40.7017],[15.5655,40.7013],[15.5632,40.7033]]]}},{"type":"Feature","properties":{"landuse":"farmland"},"geometry":{"type":"Polygon","coordinates":[[[15.57,40.7088],[15.5669,40.7035],[15.5698,40.705],[15.57,40.7088]]]}},{"type":"Feature","properties":{"landuse":"farmland"},"geometry":{"type":"Polygon","coordinates":[[[15.5532,40.7008],[15.5545,40.6998],[15.5554,40.7006],[15.5532,40.7008]]]}},{"type":"Feature","properties":{"landuse":"farmland"},"geometry":{"type":"Polygon","coordinates":[[[15.5559,40.7004],[15.5573,40.7001],[15.5579,40.7018],[15.5559,40.7004]]]}},{"type":"Feature","properties":{"landuse":"farmland"},"geometry":{"type":"Polygon","coordinates":[[[15.5596,40.7033],[15.558,40.7002],[15.5629,40.7039],[15.5596,40.7033]]]}},{"type":"Feature","properties":{"landuse":"farmland"},"geometry":{"type":"Polygon","coordinates":[[[15.5733,40.708],[15.5702,40.7088],[15.5702,40.7066],[15.5733,40.708]]]}},{"type":"Feature","properties":{"landuse":"farmland"},"geometry":{"type":"Polygon","coordinates":[[[15.5604,40.6999],[15.5643,40.6997],[15.5618,40.7017],[15.5604,40.6999]]]}},{"type":"Feature","properties":{"landuse":"farmland"},"geometry":{"type":"Polygon","coordinates":[[[16.2285,40.1945],[16.2276,40.1926],[16.2292,40.1947],[16.2285,40.1945]]]}},{"type":"Feature","properties":{"landuse":"farmland"},"geometry":{"type":"Polygon","coordinates":[[[15.5714,40.7026],[15.5731,40.7032],[15.5719,40.704],[15.5714,40.7026]]]}},{"type":"Feature","properties":{"landuse":"farmland"},"geometry":{"type":"Polygon","coordinates":[[[15.5751,40.7051],[15.5731,40.705],[15.5742,40.7043],[15.5751,40.7051]]]}},{"type":"Feature","properties":{"landuse":"farmland"},"geometry":{"type":"Polygon","coordinates":[[[15.5752,40.6992],[15.5736,40.6982],[15.5785,40.6976],[15.5752,40.6992]]]}},{"type":"Feature","properties":{"landuse":"farmland"},"geometry":{"type":"Polygon","coordinates":[[[15.5615,40.6996],[15.561,40.6988],[15.5631,40.6981],[15.5615,40.6996]]]}},{"type":"Feature","properties":{"landuse":"farmland"},"geometry":{"type":"Polygon","coordinates":[[[15.5751,40.696],[15.5774,40.6956],[15.5769,40.697],[15.5751,40.696]]]}},{"type":"Feature","properties":{"landuse":"farmland"},"geometry":{"type":"Polygon","coordinates":[[[15.6061,40.7103],[15.6067,40.7114],[15.6009,40.7123],[15.6061,40.7103]]]}},{"type":"Feature","properties":{"landuse":"farmland"},"geometry":{"type":"Polygon","coordinates":[[[15.5976,40.7076],[15.595,40.7056],[15.5984,40.7079],[15.5964,40.7085],[15.5976,40.7076]]]}},{"type":"Feature","properties":{"landuse":"orchard"},"geometry":{"type":"Polygon","coordinates":[[[16.2396,40.5082],[16.2391,40.5043],[16.2417,40.5108],[16.2396,40.5082]]]}},{"type":"Feature","properties":{"landuse":"orchard"},"geometry":{"type":"Polygon","coordinates":[[[16.2351,40.5059],[16.2381,40.5074],[16.2373,40.5107],[16.2339,40.5099],[16.2318,40.504],[16.2351,40.5059]]]}},{"type":"Feature","properties":{"landuse":"orchard"},"geometry":{"type":"Polygon","coordinates":[[[16.2385,40.5045],[16.238,40.5067],[16.2368,40.5036],[16.2385,40.5045]]]}},{"type":"Feature","properties":{"landuse":"farmland"},"geometry":{"type":"Polygon","coordinates":[[[15.5948,40.7042],[15.5971,40.705],[15.5952,40.7053],[15.5948,40.7042]]]}},{"type":"Feature","properties":{"landuse":"farmland"},"geometry":{"type":"Polygon","coordinates":[[[15.5969,40.7059],[15.6002,40.7078],[15.5987,40.7083],[15.5969,40.7059]]]}},{"type":"Feature","properties":{"landuse":"farmland"},"geometry":{"type":"Polygon","coordinates":[[[15.6002,40.7056],[15.5986,40.7044],[15.6022,40.7028],[15.6002,40.7056]]]}},{"type":"Feature","properties":{"landuse":"farmland"},"geometry":{"type":"Polygon","coordinates":[[[15.6099,40.7027],[15.6097,40.7016],[15.611,40.701],[15.6099,40.7027]]]}},{"type":"Feature","properties":{"landuse":"farmland"},"geometry":{"type":"Polygon","coordinates":[[[16.139,40.4844],[16.1399,40.4848],[16.1378,40.4862],[16.139,40.4844]]]}},{"type":"Feature","properties":{"landuse":"farmland"},"geometry":{"type":"Polygon","coordinates":[[[15.6056,40.7092],[15.6029,40.7071],[15.6088,40.7034],[15.6056,40.7092]]]}},{"type":"Feature","properties":{"landuse":"farmland"},"geometry":{"type":"Polygon","coordinates":[[[15.6063,40.7105],[15.6059,40.7098],[15.6086,40.7097],[15.6063,40.7105]]]}},{"type":"Feature","properties":{"landuse":"farmland"},"geometry":{"type":"Polygon","coordinates":[[[15.6145,40.7028],[15.6138,40.7039],[15.6113,40.7029],[15.6145,40.7028]]]}},{"type":"Feature","properties":{"landuse":"farmland"},"geometry":{"type":"Polygon","coordinates":[[[15.6149,40.708],[15.6135,40.707],[15.6147,40.7065],[15.6149,40.708]]]}},{"type":"Feature","properties":{"landuse":"farmland"},"geometry":{"type":"Polygon","coordinates":[[[15.6149,40.707],[15.6155,40.7047],[15.6162,40.7078],[15.6149,40.707]]]}},{"type":"Feature","properties":{"landuse":"farmland"},"geometry":{"type":"Polygon","coordinates":[[[15.6231,40.7046],[15.6242,40.7065],[15.6198,40.7078],[15.6197,40.7045],[15.6231,40.7046]]]}},{"type":"Feature","properties":{"landuse":"farmland"},"geometry":{"type":"Polygon","coordinates":[[[15.572,40.6922],[15.5734,40.691],[15.5731,40.6924],[15.572,40.6922]]]}},{"type":"Feature","properties":{"landuse":"farmland"},"geometry":{"type":"Polygon","coordinates":[[[15.5698,40.6944],[15.5679,40.6952],[15.5697,40.6934],[15.5698,40.6944]]]}},{"type":"Feature","properties":{"landuse":"farmland"},"geometry":{"type":"Polygon","coordinates":[[[15.6131,40.7123],[15.6096,40.7108],[15.6136,40.7095],[15.6146,40.7138],[15.6131,40.7123]]]}},{"type":"Feature","properties":{"landuse":"farmland"},"geometry":{"type":"Polygon","coordinates":[[[15.6024,40.7132],[15.6007,40.7151],[15.599,40.7137],[15.6024,40.7132]]]}},{"type":"Feature","properties":{"landuse":"farmland"},"geometry":{"type":"Polygon","coordinates":[[[15.5877,40.7159],[15.5898,40.7186],[15.588,40.7202],[15.5877,40.7159]]]}},{"type":"Feature","properties":{"landuse":"farmland"},"geometry":{"type":"Polygon","coordinates":[[[15.5828,40.7182],[15.5878,40.7215],[15.5859,40.723],[15.5828,40.7182]]]}},{"type":"Feature","properties":{"landuse":"vineyard"},"geometry":{"type":"Polygon","coordinates":[[[15.586,40.7239],[15.5872,40.7225],[15.5869,40.7244],[15.586,40.7239]]]}},{"type":"Feature","properties":{"landuse":"orchard"},"geometry":{"type":"Polygon","coordinates":[[[15.5836,40.7198],[15.5818,40.7187],[15.5827,40.7183],[15.5836,40.7198]]]}},{"type":"Feature","properties":{"landuse":"orchard"},"geometry":{"type":"Polygon","coordinates":[[[15.5788,40.7209],[15.5778,40.7204],[15.5815,40.7197],[15.5788,40.7209]]]}},{"type":"Feature","properties":{"landuse":"farmland"},"geometry":{"type":"Polygon","coordinates":[[[15.5819,40.7202],[15.5778,40.7209],[15.5817,40.7185],[15.5819,40.7202]]]}},{"type":"Feature","properties":{"landuse":"farmland"},"geometry":{"type":"Polygon","coordinates":[[[15.5786,40.721],[15.5836,40.7198],[15.5852,40.7213],[15.5786,40.721]]]}},{"type":"Feature","properties":{"landuse":"farmland"},"geometry":{"type":"Polygon","coordinates":[[[15.5741,40.721],[15.5842,40.7223],[15.578,40.727],[15.5733,40.7237],[15.5741,40.721]]]}},{"type":"Feature","properties":{"landuse":"farmland"},"geometry":{"type":"Polygon","coordinates":[[[15.621,40.7101],[15.6201,40.7082],[15.6263,40.7063],[15.6264,40.7099],[15.621,40.7101]]]}},{"type":"Feature","properties":{"landuse":"farmland"},"geometry":{"type":"Polygon","coordinates":[[[15.6177,40.7091],[15.617,40.7077],[15.6192,40.7081],[15.6177,40.7091]]]}},{"type":"Feature","properties":{"landuse":"farmland"},"geometry":{"type":"Polygon","coordinates":[[[15.6165,40.7129],[15.6177,40.7129],[15.6163,40.7141],[15.6165,40.7129]]]}},{"type":"Feature","properties":{"landuse":"farmland"},"geometry":{"type":"Polygon","coordinates":[[[15.7608,40.7008],[15.7604,40.7046],[15.7506,40.7059],[15.7521,40.7009],[15.7608,40.7008]]]}},{"type":"Feature","properties":{"landuse":"farmland"},"geometry":{"type":"Polygon","coordinates":[[[15.7506,40.6974],[15.7515,40.7001],[15.7487,40.7011],[15.7506,40.6974]]]}},{"type":"Feature","properties":{"landuse":"farmland"},"geometry":{"type":"Polygon","coordinates":[[[15.7474,40.6949],[15.7483,40.6977],[15.7465,40.6989],[15.7474,40.6949]]]}},{"type":"Feature","properties":{"landuse":"farmland"},"geometry":{"type":"Polygon","coordinates":[[[15.743,40.6964],[15.7454,40.6979],[15.7431,40.6984],[15.743,40.6964]]]}},{"type":"Feature","properties":{"landuse":"farmland"},"geometry":{"type":"Polygon","coordinates":[[[15.8413,40.0567],[15.8441,40.0557],[15.8451,40.0585],[15.8413,40.0567]]]}},{"type":"Feature","properties":{"landuse":"farmland"},"geometry":{"type":"Polygon","coordinates":[[[15.8484,40.0621],[15.8506,40.0621],[15.8508,40.0631],[15.8484,40.0621]]]}},{"type":"Feature","properties":{"landuse":"farmland"},"geometry":{"type":"Polygon","coordinates":[[[16.1604,40.2344],[16.1588,40.2277],[16.1667,40.2359],[16.1604,40.2344]]]}},{"type":"Feature","properties":{"landuse":"farmland"},"geometry":{"type":"Polygon","coordinates":[[[16.1757,40.2265],[16.1778,40.2274],[16.1764,40.228],[16.1757,40.2265]]]}},{"type":"Feature","properties":{"landuse":"farmland"},"geometry":{"type":"Polygon","coordinates":[[[15.9893,40.2828],[15.9909,40.2816],[15.9913,40.2838],[15.9893,40.2828]]]}},{"type":"Feature","properties":{"landuse":"farmland"},"geometry":{"type":"Polygon","coordinates":[[[15.9908,40.2956],[15.9917,40.295],[15.9938,40.2958],[15.9908,40.2956]]]}},{"type":"Feature","properties":{"landuse":"farmland"},"geometry":{"type":"Polygon","coordinates":[[[15.9794,40.2951],[15.9824,40.2954],[15.9825,40.2971],[15.9794,40.2951]]]}},{"type":"Feature","properties":{"landuse":"farmland"},"geometry":{"type":"Polygon","coordinates":[[[15.9825,40.2978],[15.9811,40.2979],[15.9782,40.2965],[15.9825,40.2978]]]}},{"type":"Feature","properties":{"landuse":"farmland"},"geometry":{"type":"Polygon","coordinates":[[[15.984,40.0084],[15.9816,40.0103],[15.9825,40.0071],[15.984,40.0084]]]}},{"type":"Feature","properties":{"landuse":"farmland"},"geometry":{"type":"Polygon","coordinates":[[[15.9799,39.9988],[15.9791,40.0008],[15.9785,39.999],[15.9799,39.9988]]]}},{"type":"Feature","properties":{"landuse":"farmland"},"geometry":{"type":"Polygon","coordinates":[[[15.979,39.9932],[15.9824,39.9977],[15.9785,39.9968],[15.979,39.9932]]]}},{"type":"Feature","properties":{"landuse":"farmland"},"geometry":{"type":"Polygon","coordinates":[[[15.9762,39.9963],[15.9777,39.9936],[15.9775,39.9961],[15.9762,39.9963]]]}},{"type":"Feature","properties":{"landuse":"farmland"},"geometry":{"type":"Polygon","coordinates":[[[15.9768,39.9982],[15.9768,39.9967],[15.9783,39.9971],[15.9768,39.9982]]]}},{"type":"Feature","properties":{"landuse":"farmland"},"geometry":{"type":"Polygon","coordinates":[[[15.9086,40.1066],[15.9069,40.1061],[15.9085,40.1051],[15.9086,40.1066]]]}},{"type":"Feature","properties":{"landuse":"farmland"},"geometry":{"type":"Polygon","coordinates":[[[15.9061,40.1059],[15.9041,40.1069],[15.9018,40.1056],[15.9061,40.1059]]]}},{"type":"Feature","properties":{"landuse":"farmland"},"geometry":{"type":"Polygon","coordinates":[[[15.9187,40.1174],[15.9148,40.1182],[15.9164,40.1167],[15.9187,40.1174]]]}},{"type":"Feature","properties":{"landuse":"farmland"},"geometry":{"type":"Polygon","coordinates":[[[15.9976,40.0925],[15.9961,40.0904],[15.9985,40.0912],[15.9976,40.0925]]]}},{"type":"Feature","properties":{"landuse":"green_public_spaces"},"geometry":{"type":"Polygon","coordinates":[[[16.006,40.0903],[16.009,40.0892],[16.0094,40.0907],[16.006,40.0903]]]}},{"type":"Feature","properties":{"landuse":"farmland"},"geometry":{"type":"Polygon","coordinates":[[[15.9154,40.4741],[15.9258,40.4782],[15.9258,40.482],[15.915,40.4782],[15.9183,40.477],[15.9154,40.4741]]]}},{"type":"Feature","properties":{"landuse":"farmland"},"geometry":{"type":"Polygon","coordinates":[[[15.9175,40.4707],[15.921,40.4723],[15.9183,40.4753],[15.9175,40.4707]]]}},{"type":"Feature","properties":{"landuse":"farmland"},"geometry":{"type":"Polygon","coordinates":[[[15.9243,40.4693],[15.9305,40.4703],[15.9237,40.4742],[15.9243,40.4693]]]}},{"type":"Feature","properties":{"landuse":"farmland"},"geometry":{"type":"Polygon","coordinates":[[[15.9077,40.4688],[15.9061,40.4701],[15.9047,40.4688],[15.9077,40.4688]]]}},{"type":"Feature","properties":{"landuse":"farmland"},"geometry":{"type":"Polygon","coordinates":[[[15.9075,40.4693],[15.9053,40.4731],[15.9055,40.4701],[15.9075,40.4693]]]}},{"type":"Feature","properties":{"landuse":"farmland"},"geometry":{"type":"Polygon","coordinates":[[[15.9043,40.4638],[15.9048,40.4651],[15.902,40.4669],[15.9043,40.4638]]]}},{"type":"Feature","properties":{"landuse":"farmland"},"geometry":{"type":"Polygon","coordinates":[[[15.9168,40.4761],[15.9086,40.4765],[15.906,40.4721],[15.9131,40.4663],[15.9131,40.4746],[15.9131,40.4677],[15.9243,40.4665],[15.9256,40.4681],[15.9174,40.4698],[15.9148,40.4751],[15.9168,40.4761]]]}},{"type":"Feature","properties":{"landuse":"farmland"},"geometry":{"type":"Polygon","coordinates":[[[15.8934,40.4723],[15.8908,40.472],[15.8929,40.4716],[15.8934,40.4723]]]}},{"type":"Feature","properties":{"landuse":"farmland"},"geometry":{"type":"Polygon","coordinates":[[[15.9629,40.3021],[15.9633,40.3009],[15.9647,40.3009],[15.9629,40.3021]]]}},{"type":"Feature","properties":{"landuse":"farmland"},"geometry":{"type":"Polygon","coordinates":[[[15.6678,40.4224],[15.6667,40.4219],[15.668,40.4212],[15.6678,40.4224]]]}},{"type":"Feature","properties":{"landuse":"farmland"},"geometry":{"type":"Polygon","coordinates":[[[15.6687,40.4224],[15.6688,40.424],[15.6668,40.4237],[15.6687,40.4224]]]}},{"type":"Feature","properties":{"landuse":"farmland"},"geometry":{"type":"Polygon","coordinates":[[[15.6693,40.4237],[15.6708,40.4252],[15.6681,40.4299],[15.6693,40.4237]]]}},{"type":"Feature","properties":{"landuse":"farmland"},"geometry":{"type":"Polygon","coordinates":[[[15.6672,40.4295],[15.6632,40.4231],[15.6651,40.4213],[15.6672,40.4295]]]}},{"type":"Feature","properties":{"landuse":"farmland"},"geometry":{"type":"Polygon","coordinates":[[[15.6616,40.4915],[15.6598,40.4951],[15.6543,40.4966],[15.6616,40.4915]]]}},{"type":"Feature","properties":{"landuse":"farmland"},"geometry":{"type":"Polygon","coordinates":[[[16.2244,40.7552],[16.2244,40.7577],[16.2198,40.7566],[16.2244,40.7552]]]}},{"type":"Feature","properties":{"landuse":"orchard"},"geometry":{"type":"Polygon","coordinates":[[[16.2212,40.7576],[16.2211,40.7567],[16.2231,40.7558],[16.2212,40.7576]]]}},{"type":"Feature","properties":{"landuse":"orchard"},"geometry":{"type":"Polygon","coordinates":[[[16.2205,40.7565],[16.2198,40.7552],[16.2222,40.7551],[16.2205,40.7565]]]}},{"type":"Feature","properties":{"landuse":"farmland"},"geometry":{"type":"Polygon","coordinates":[[[16.2142,40.7443],[16.218,40.7472],[16.2152,40.7493],[16.2142,40.7443]]]}},{"type":"Feature","properties":{"landuse":"farmland"},"geometry":{"type":"Polygon","coordinates":[[[16.2144,40.7497],[16.2172,40.7499],[16.2155,40.7527],[16.2144,40.7497]]]}},{"type":"Feature","properties":{"landuse":"farmland"},"geometry":{"type":"Polygon","coordinates":[[[16.2123,40.7441],[16.2128,40.7425],[16.2164,40.7443],[16.2123,40.7441]]]}},{"type":"Feature","properties":{"landuse":"farmland"},"geometry":{"type":"Polygon","coordinates":[[[16.2091,40.7424],[16.2102,40.7425],[16.21,40.7437],[16.2091,40.7424]]]}},{"type":"Feature","properties":{"landuse":"farmland"},"geometry":{"type":"Polygon","coordinates":[[[16.2185,40.7441],[16.2075,40.74],[16.2186,40.7418],[16.2185,40.7441]]]}},{"type":"Feature","properties":{"landuse":"farmland"},"geometry":{"type":"Polygon","coordinates":[[[16.2513,40.7617],[16.2485,40.7635],[16.2457,40.7601],[16.2513,40.7617]]]}},{"type":"Feature","properties":{"landuse":"farmland"},"geometry":{"type":"Polygon","coordinates":[[[16.2531,40.7573],[16.2536,40.7533],[16.2649,40.7502],[16.2531,40.7573]]]}},{"type":"Feature","properties":{"landuse":"farmland"},"geometry":{"type":"Polygon","coordinates":[[[16.2568,40.7519],[16.2536,40.7528],[16.2551,40.7512],[16.2568,40.7519]]]}},{"type":"Feature","properties":{"landuse":"farmland"},"geometry":{"type":"Polygon","coordinates":[[[16.2534,40.761],[16.2526,40.7602],[16.2542,40.7591],[16.2534,40.761]]]}},{"type":"Feature","properties":{"landuse":"farmland"},"geometry":{"type":"Polygon","coordinates":[[[16.2492,40.76],[16.2516,40.7586],[16.2512,40.7606],[16.2492,40.76]]]}},{"type":"Feature","properties":{"landuse":"orchard"},"geometry":{"type":"Polygon","coordinates":[[[16.2529,40.7592],[16.2513,40.7598],[16.2519,40.7582],[16.2529,40.7592]]]}},{"type":"Feature","properties":{"landuse":"farmland"},"geometry":{"type":"Polygon","coordinates":[[[16.2446,40.7626],[16.2438,40.7615],[16.2452,40.7606],[16.2446,40.7626]]]}},{"type":"Feature","properties":{"landuse":"vineyard"},"geometry":{"type":"Polygon","coordinates":[[[16.239,40.7604],[16.2422,40.7596],[16.2447,40.7624],[16.239,40.7604]]]}},{"type":"Feature","properties":{"landuse":"farmland"},"geometry":{"type":"Polygon","coordinates":[[[16.2383,40.7606],[16.2388,40.7585],[16.2413,40.7589],[16.2383,40.7606]]]}},{"type":"Feature","properties":{"landuse":"farmland"},"geometry":{"type":"Polygon","coordinates":[[[16.2274,40.7525],[16.2271,40.7507],[16.2292,40.7521],[16.2274,40.7525]]]}},{"type":"Feature","properties":{"landuse":"farmland"},"geometry":{"type":"Polygon","coordinates":[[[16.2317,40.7506],[16.2298,40.7494],[16.2327,40.7486],[16.2317,40.7506]]]}},{"type":"Feature","properties":{"landuse":"farmland"},"geometry":{"type":"Polygon","coordinates":[[[16.2319,40.7483],[16.2293,40.7481],[16.2309,40.747],[16.2319,40.7483]]]}},{"type":"Feature","properties":{"landuse":"farmland"},"geometry":{"type":"Polygon","coordinates":[[[16.2265,40.7478],[16.2276,40.7482],[16.2266,40.7465],[16.2265,40.7478]]]}},{"type":"Feature","properties":{"landuse":"farmland"},"geometry":{"type":"Polygon","coordinates":[[[16.25,40.7585],[16.2477,40.7582],[16.2513,40.7561],[16.25,40.7585]]]}},{"type":"Feature","properties":{"landuse":"orchard"},"geometry":{"type":"Polygon","coordinates":[[[16.2482,40.7567],[16.2479,40.7553],[16.249,40.7555],[16.2482,40.7567]]]}},{"type":"Feature","properties":{"landuse":"farmland"},"geometry":{"type":"Polygon","coordinates":[[[16.2449,40.7533],[16.2428,40.7543],[16.2433,40.7533],[16.2449,40.7533]]]}},{"type":"Feature","properties":{"landuse":"orchard"},"geometry":{"type":"Polygon","coordinates":[[[16.2437,40.7527],[16.2435,40.7504],[16.2448,40.75],[16.2437,40.7527]]]}},{"type":"Feature","properties":{"landuse":"farmland"},"geometry":{"type":"Polygon","coordinates":[[[16.2452,40.7492],[16.2466,40.7509],[16.2451,40.7508],[16.2452,40.7492]]]}},{"type":"Feature","properties":{"landuse":"farmland"},"geometry":{"type":"Polygon","coordinates":[[[16.245,40.7463],[16.2487,40.7462],[16.2472,40.747],[16.245,40.7463]]]}},{"type":"Feature","properties":{"landuse":"farmland"},"geometry":{"type":"Polygon","coordinates":[[[16.2634,40.7501],[16.2651,40.7492],[16.2645,40.7502],[16.2634,40.7501]]]}},{"type":"Feature","properties":{"landuse":"orchard"},"geometry":{"type":"Polygon","coordinates":[[[16.2508,40.7499],[16.2503,40.7488],[16.2535,40.7469],[16.2508,40.7499]]]}},{"type":"Feature","properties":{"landuse":"farmland"},"geometry":{"type":"Polygon","coordinates":[[[16.2556,40.7464],[16.2567,40.7467],[16.2536,40.7471],[16.2556,40.7464]]]}},{"type":"Feature","properties":{"landuse":"farmland"},"geometry":{"type":"Polygon","coordinates":[[[16.2515,40.7446],[16.2534,40.7438],[16.2545,40.7449],[16.2515,40.7446]]]}},{"type":"Feature","properties":{"landuse":"farmland"},"geometry":{"type":"Polygon","coordinates":[[[16.26,40.7431],[16.2605,40.7458],[16.2555,40.7453],[16.26,40.7431]]]}},{"type":"Feature","properties":{"landuse":"orchard"},"geometry":{"type":"Polygon","coordinates":[[[16.2497,40.7413],[16.2517,40.7417],[16.2494,40.7424],[16.2497,40.7413]]]}},{"type":"Feature","properties":{"landuse":"orchard"},"geometry":{"type":"Polygon","coordinates":[[[16.2543,40.7401],[16.2549,40.7418],[16.2531,40.7426],[16.2543,40.7401]]]}},{"type":"Feature","properties":{"landuse":"farmland"},"geometry":{"type":"Polygon","coordinates":[[[16.2474,40.7373],[16.2492,40.7383],[16.2476,40.7394],[16.2474,40.7373]]]}},{"type":"Feature","properties":{"landuse":"orchard"},"geometry":{"type":"Polygon","coordinates":[[[16.2453,40.7376],[16.2453,40.7366],[16.2464,40.7364],[16.2453,40.7376]]]}},{"type":"Feature","properties":{"landuse":"orchard"},"geometry":{"type":"Polygon","coordinates":[[[16.2475,40.7343],[16.2443,40.7356],[16.2462,40.7331],[16.2475,40.7343]]]}},{"type":"Feature","properties":{"landuse":"farmland"},"geometry":{"type":"Polygon","coordinates":[[[16.2395,40.7438],[16.2386,40.7435],[16.2405,40.742],[16.2395,40.7438]]]}},{"type":"Feature","properties":{"landuse":"farmland"},"geometry":{"type":"Polygon","coordinates":[[[16.2343,40.7417],[16.2332,40.744],[16.2325,40.7413],[16.2343,40.7417]]]}},{"type":"Feature","properties":{"landuse":"farmland"},"geometry":{"type":"Polygon","coordinates":[[[16.2407,40.7402],[16.24,40.7398],[16.2408,40.7387],[16.2407,40.7402]]]}},{"type":"Feature","properties":{"landuse":"orchard"},"geometry":{"type":"Polygon","coordinates":[[[16.2399,40.7397],[16.2389,40.7385],[16.2411,40.7386],[16.2399,40.7397]]]}},{"type":"Feature","properties":{"landuse":"farmland"},"geometry":{"type":"Polygon","coordinates":[[[16.2369,40.7357],[16.2374,40.7344],[16.2382,40.7362],[16.2369,40.7357]]]}},{"type":"Feature","properties":{"landuse":"farmland"},"geometry":{"type":"Polygon","coordinates":[[[16.2329,40.737],[16.2345,40.7347],[16.2373,40.734],[16.2329,40.737]]]}},{"type":"Feature","properties":{"landuse":"farmland"},"geometry":{"type":"Polygon","coordinates":[[[16.2345,40.7308],[16.2322,40.7308],[16.2336,40.7298],[16.2345,40.7308]]]}},{"type":"Feature","properties":{"landuse":"farmland"},"geometry":{"type":"Polygon","coordinates":[[[16.2307,40.7315],[16.2262,40.73],[16.2291,40.7278],[16.2307,40.7315]]]}},{"type":"Feature","properties":{"landuse":"farmland"},"geometry":{"type":"Polygon","coordinates":[[[16.2354,40.7335],[16.2336,40.7325],[16.236,40.7311],[16.2354,40.7335]]]}},{"type":"Feature","properties":{"landuse":"farmland"},"geometry":{"type":"Polygon","coordinates":[[[16.2293,40.7332],[16.2238,40.733],[16.228,40.7332],[16.225,40.7316],[16.2274,40.7306],[16.2293,40.7332]]]}},{"type":"Feature","properties":{"landuse":"orchard"},"geometry":{"type":"Polygon","coordinates":[[[16.2595,40.7241],[16.2587,40.7254],[16.2566,40.7248],[16.2595,40.7241]]]}},{"type":"Feature","properties":{"landuse":"orchard"},"geometry":{"type":"Polygon","coordinates":[[[16.2609,40.7237],[16.259,40.7234],[16.26,40.7226],[16.2609,40.7237]]]}},{"type":"Feature","properties":{"landuse":"farmland"},"geometry":{"type":"Polygon","coordinates":[[[16.2607,40.723],[16.2628,40.7229],[16.2617,40.7239],[16.2607,40.723]]]}},{"type":"Feature","properties":{"landuse":"orchard"},"geometry":{"type":"Polygon","coordinates":[[[16.2656,40.723],[16.2632,40.7237],[16.2627,40.7225],[16.2656,40.723]]]}},{"type":"Feature","properties":{"landuse":"farmland"},"geometry":{"type":"Polygon","coordinates":[[[16.2548,40.7231],[16.2582,40.7208],[16.2599,40.7222],[16.2548,40.7231]]]}},{"type":"Feature","properties":{"landuse":"farmland"},"geometry":{"type":"Polygon","coordinates":[[[16.2539,40.7239],[16.2542,40.7254],[16.2455,40.729],[16.2539,40.7239]]]}},{"type":"Feature","properties":{"landuse":"orchard"},"geometry":{"type":"Polygon","coordinates":[[[16.2449,40.7287],[16.2422,40.7296],[16.2442,40.7282],[16.2449,40.7287]]]}},{"type":"Feature","properties":{"landuse":"farmland"},"geometry":{"type":"Polygon","coordinates":[[[16.2396,40.729],[16.2379,40.7267],[16.2396,40.7279],[16.2396,40.729]]]}},{"type":"Feature","properties":{"landuse":"orchard"},"geometry":{"type":"Polygon","coordinates":[[[16.2435,40.7307],[16.2413,40.7315],[16.2418,40.7302],[16.2435,40.7307]]]}},{"type":"Feature","properties":{"landuse":"farmland"},"geometry":{"type":"Polygon","coordinates":[[[16.2264,40.7239],[16.2203,40.7264],[16.2293,40.7194],[16.2264,40.7239]]]}},{"type":"Feature","properties":{"landuse":"farmland"},"geometry":{"type":"Polygon","coordinates":[[[16.22,40.7265],[16.2215,40.7275],[16.2204,40.7284],[16.22,40.7265]]]}},{"type":"Feature","properties":{"landuse":"farmland"},"geometry":{"type":"Polygon","coordinates":[[[16.2191,40.7292],[16.2178,40.7286],[16.2191,40.7273],[16.2191,40.7292]]]}},{"type":"Feature","properties":{"landuse":"farmland"},"geometry":{"type":"Polygon","coordinates":[[[16.2144,40.7316],[16.2176,40.7286],[16.2203,40.7331],[16.2144,40.7316]]]}},{"type":"Feature","properties":{"landuse":"farmland"},"geometry":{"type":"Polygon","coordinates":[[[16.2326,40.7212],[16.2346,40.7241],[16.2313,40.7214],[16.2326,40.7212]]]}},{"type":"Feature","properties":{"landuse":"farmland"},"geometry":{"type":"Polygon","coordinates":[[[16.2334,40.7281],[16.2352,40.7271],[16.2366,40.7309],[16.2334,40.7281]]]}},{"type":"Feature","properties":{"landuse":"farmland"},"geometry":{"type":"Polygon","coordinates":[[[16.2381,40.7288],[16.2364,40.7281],[16.2355,40.7254],[16.2381,40.7288]]]}},{"type":"Feature","properties":{"landuse":"farmland"},"geometry":{"type":"Polygon","coordinates":[[[16.2377,40.7259],[16.2399,40.7261],[16.2394,40.7271],[16.2377,40.7259]]]}},{"type":"Feature","properties":{"landuse":"farmland"},"geometry":{"type":"Polygon","coordinates":[[[16.2124,40.7308],[16.2114,40.7338],[16.2093,40.7329],[16.2124,40.7308]]]}},{"type":"Feature","properties":{"landuse":"farmland"},"geometry":{"type":"Polygon","coordinates":[[[16.2081,40.7341],[16.2113,40.7338],[16.2097,40.7356],[16.2081,40.7341]]]}},{"type":"Feature","properties":{"landuse":"farmland"},"geometry":{"type":"Polygon","coordinates":[[[16.2095,40.7357],[16.2075,40.7367],[16.2074,40.7351],[16.2095,40.7357]]]}},{"type":"Feature","properties":{"landuse":"farmland"},"geometry":{"type":"Polygon","coordinates":[[[16.2162,40.7296],[16.2126,40.729],[16.2129,40.7281],[16.2162,40.7296]]]}},{"type":"Feature","properties":{"landuse":"farmland"},"geometry":{"type":"Polygon","coordinates":[[[16.2143,40.7299],[16.2143,40.7315],[16.2114,40.7304],[16.2143,40.7299]]]}},{"type":"Feature","properties":{"landuse":"farmland"},"geometry":{"type":"Polygon","coordinates":[[[16.2197,40.7234],[16.2218,40.725],[16.2201,40.7263],[16.2197,40.7234]]]}},{"type":"Feature","properties":{"landuse":"farmland"},"geometry":{"type":"Polygon","coordinates":[[[16.2192,40.727],[16.2176,40.7249],[16.2199,40.7261],[16.2192,40.727]]]}},{"type":"Feature","properties":{"landuse":"farmland"},"geometry":{"type":"Polygon","coordinates":[[[16.2182,40.728],[16.2158,40.7254],[16.2174,40.7249],[16.2182,40.728]]]}},{"type":"Feature","properties":{"landuse":"farmland"},"geometry":{"type":"Polygon","coordinates":[[[16.2145,40.7251],[16.2181,40.728],[16.2177,40.7284],[16.2145,40.7251]]]}},{"type":"Feature","properties":{"landuse":"farmland"},"geometry":{"type":"Polygon","coordinates":[[[16.2305,40.7185],[16.2276,40.7155],[16.2298,40.7149],[16.2305,40.7185]]]}},{"type":"Feature","properties":{"landuse":"farmland"},"geometry":{"type":"Polygon","coordinates":[[[16.2304,40.7186],[16.2294,40.7193],[16.2267,40.7157],[16.2304,40.7186]]]}},{"type":"Feature","properties":{"landuse":"farmland"},"geometry":{"type":"Polygon","coordinates":[[[16.2286,40.7198],[16.2254,40.7165],[16.2293,40.7193],[16.2286,40.7198]]]}},{"type":"Feature","properties":{"landuse":"farmland"},"geometry":{"type":"Polygon","coordinates":[[[16.2263,40.7212],[16.2232,40.7176],[16.2252,40.7165],[16.2285,40.7199],[16.2263,40.7212]]]}},{"type":"Feature","properties":{"landuse":"farmland"},"geometry":{"type":"Polygon","coordinates":[[[16.2219,40.7209],[16.2233,40.7181],[16.2262,40.7212],[16.2219,40.7209]]]}},{"type":"Feature","properties":{"landuse":"farmland"},"geometry":{"type":"Polygon","coordinates":[[[16.2217,40.7249],[16.2192,40.7228],[16.2214,40.7208],[16.2241,40.7231],[16.2217,40.7249]]]}},{"type":"Feature","properties":{"landuse":"farmland"},"geometry":{"type":"Polygon","coordinates":[[[16.2343,40.7138],[16.2366,40.7123],[16.2377,40.7151],[16.2348,40.7162],[16.2343,40.7138]]]}},{"type":"Feature","properties":{"landuse":"farmland"},"geometry":{"type":"Polygon","coordinates":[[[16.2323,40.7171],[16.2316,40.7146],[16.2347,40.7163],[16.2323,40.7171]]]}},{"type":"Feature","properties":{"landuse":"farmland"},"geometry":{"type":"Polygon","coordinates":[[[16.2322,40.7172],[16.2318,40.7177],[16.2303,40.7154],[16.2322,40.7172]]]}},{"type":"Feature","properties":{"landuse":"farmland"},"geometry":{"type":"Polygon","coordinates":[[[16.2401,40.7135],[16.2382,40.7149],[16.2372,40.712],[16.2401,40.7135]]]}},{"type":"Feature","properties":{"landuse":"farmland"},"geometry":{"type":"Polygon","coordinates":[[[16.2499,40.7092],[16.2473,40.7086],[16.2482,40.7079],[16.2499,40.7092]]]}},{"type":"Feature","properties":{"landuse":"farmland"},"geometry":{"type":"Polygon","coordinates":[[[16.2435,40.7098],[16.2466,40.7086],[16.2476,40.709],[16.2435,40.7098]]]}},{"type":"Feature","properties":{"landuse":"farmland"},"geometry":{"type":"Polygon","coordinates":[[[16.2429,40.71],[16.2402,40.7133],[16.2392,40.7111],[16.2429,40.71]]]}},{"type":"Feature","properties":{"landuse":"farmland"},"geometry":{"type":"Polygon","coordinates":[[[16.233,40.718],[16.2387,40.7148],[16.2394,40.716],[16.233,40.718]]]}},{"type":"Feature","properties":{"landuse":"farmland"},"geometry":{"type":"Polygon","coordinates":[[[16.2319,40.7195],[16.2295,40.7193],[16.2316,40.7179],[16.2319,40.7195]]]}},{"type":"Feature","properties":{"landuse":"farmland"},"geometry":{"type":"Polygon","coordinates":[[[16.2395,40.7159],[16.2389,40.7149],[16.2406,40.7143],[16.2395,40.7159]]]}},{"type":"Feature","properties":{"landuse":"orchard"},"geometry":{"type":"Polygon","coordinates":[[[16.2407,40.7184],[16.2398,40.7229],[16.2395,40.7186],[16.2407,40.7184]]]}},{"type":"Feature","properties":{"landuse":"vineyard"},"geometry":{"type":"Polygon","coordinates":[[[16.2507,40.7122],[16.2516,40.7132],[16.2495,40.7139],[16.2507,40.7122]]]}},{"type":"Feature","properties":{"landuse":"farmland"},"geometry":{"type":"Polygon","coordinates":[[[16.26,40.7339],[16.2556,40.735],[16.2638,40.7303],[16.2631,40.7361],[16.2583,40.7353],[16.26,40.7339]]]}},{"type":"Feature","properties":{"landuse":"orchard"},"geometry":{"type":"Polygon","coordinates":[[[16.2499,40.7289],[16.2508,40.7283],[16.2524,40.7297],[16.2499,40.7289]]]}},{"type":"Feature","properties":{"landuse":"farmland"},"geometry":{"type":"Polygon","coordinates":[[[16.2516,40.7241],[16.2531,40.7156],[16.2547,40.7198],[16.2566,40.7177],[16.2576,40.7206],[16.2603,40.7199],[16.2603,40.7221],[16.2516,40.7241]]]}},{"type":"Feature","properties":{"landuse":"farmland"},"geometry":{"type":"Polygon","coordinates":[[[16.2563,40.7155],[16.254,40.7136],[16.2584,40.7156],[16.2563,40.7155]]]}},{"type":"Feature","properties":{"landuse":"farmland"},"geometry":{"type":"Polygon","coordinates":[[[16.25,40.7114],[16.2484,40.7097],[16.2508,40.7097],[16.25,40.7114]]]}},{"type":"Feature","properties":{"landuse":"farmland"},"geometry":{"type":"Polygon","coordinates":[[[16.2544,40.7122],[16.2521,40.7093],[16.2551,40.7087],[16.2544,40.7122]]]}},{"type":"Feature","properties":{"landuse":"orchard"},"geometry":{"type":"Polygon","coordinates":[[[16.2651,40.7207],[16.2628,40.7194],[16.2658,40.7175],[16.2678,40.7209],[16.2651,40.7207]]]}},{"type":"Feature","properties":{"landuse":"farmland"},"geometry":{"type":"Polygon","coordinates":[[[16.2619,40.7211],[16.2619,40.719],[16.2664,40.7213],[16.2619,40.7211]]]}},{"type":"Feature","properties":{"landuse":"farmland"},"geometry":{"type":"Polygon","coordinates":[[[16.2648,40.7468],[16.2603,40.7524],[16.2592,40.7507],[16.2648,40.7468]]]}},{"type":"Feature","properties":{"landuse":"farmland"},"geometry":{"type":"Polygon","coordinates":[[[16.2693,40.7504],[16.2655,40.75],[16.2694,40.744],[16.282,40.7414],[16.2762,40.7498],[16.2693,40.7504]]]}},{"type":"Feature","properties":{"landuse":"farmland"},"geometry":{"type":"Polygon","coordinates":[[[15.8242,40.0532],[15.8232,40.0539],[15.8233,40.0528],[15.8242,40.0532]]]}},{"type":"Feature","properties":{"landuse":"orchard"},"geometry":{"type":"Polygon","coordinates":[[[16.461,40.4884],[16.4575,40.4844],[16.4769,40.4802],[16.461,40.4884]]]}},{"type":"Feature","properties":{"landuse":"orchard"},"geometry":{"type":"Polygon","coordinates":[[[16.4669,40.4896],[16.4773,40.4908],[16.4754,40.4924],[16.4669,40.4896]]]}},{"type":"Feature","properties":{"landuse":"orchard"},"geometry":{"type":"Polygon","coordinates":[[[16.4649,40.493],[16.4653,40.4907],[16.4742,40.4932],[16.4649,40.493]]]}},{"type":"Feature","properties":{"landuse":"orchard"},"geometry":{"type":"Polygon","coordinates":[[[16.4624,40.4924],[16.4641,40.4929],[16.4615,40.4931],[16.4624,40.4924]]]}},{"type":"Feature","properties":{"landuse":"orchard"},"geometry":{"type":"Polygon","coordinates":[[[16.4537,40.4875],[16.4566,40.4888],[16.453,40.4891],[16.4537,40.4875]]]}},{"type":"Feature","properties":{"landuse":"orchard"},"geometry":{"type":"Polygon","coordinates":[[[16.458,40.4824],[16.4569,40.4852],[16.453,40.4828],[16.458,40.4824]]]}},{"type":"Feature","properties":{"landuse":"orchard"},"geometry":{"type":"Polygon","coordinates":[[[16.4613,40.4978],[16.4737,40.4937],[16.4716,40.4983],[16.4613,40.4978]]]}},{"type":"Feature","properties":{"landuse":"orchard"},"geometry":{"type":"Polygon","coordinates":[[[16.4658,40.4945],[16.4632,40.4954],[16.4613,40.4936],[16.4658,40.4945]]]}},{"type":"Feature","properties":{"landuse":"orchard"},"geometry":{"type":"Polygon","coordinates":[[[16.4475,40.4842],[16.451,40.4847],[16.4401,40.4847],[16.444,40.4807],[16.4475,40.4842]]]}},{"type":"Feature","properties":{"landuse":"orchard"},"geometry":{"type":"Polygon","coordinates":[[[16.4497,40.4837],[16.4485,40.4819],[16.4507,40.4809],[16.4497,40.4837]]]}},{"type":"Feature","properties":{"landuse":"orchard"},"geometry":{"type":"Polygon","coordinates":[[[16.4587,40.5182],[16.4545,40.5067],[16.4568,40.5026],[16.4744,40.4973],[16.4709,40.4996],[16.4733,40.503],[16.4652,40.5033],[16.4734,40.5104],[16.4706,40.5116],[16.4722,40.5147],[16.4652,40.5122],[16.4697,40.5158],[16.4633,40.5163],[16.458,40.5121],[16.4636,40.5196],[16.4595,40.5211],[16.4587,40.5182]]]}},{"type":"Feature","properties":{"landuse":"orchard"},"geometry":{"type":"Polygon","coordinates":[[[16.4535,40.5124],[16.4547,40.5141],[16.4521,40.5141],[16.4514,40.5108],[16.4535,40.5124]]]}},{"type":"Feature","properties":{"landuse":"orchard"},"geometry":{"type":"Polygon","coordinates":[[[16.4496,40.4913],[16.4512,40.4888],[16.4529,40.4903],[16.4496,40.4913]]]}},{"type":"Feature","properties":{"landuse":"orchard"},"geometry":{"type":"Polygon","coordinates":[[[16.4569,40.4874],[16.4562,40.4884],[16.4558,40.4876],[16.4569,40.4874]]]}},{"type":"Feature","properties":{"landuse":"orchard"},"geometry":{"type":"Polygon","coordinates":[[[16.4489,40.5096],[16.4421,40.5129],[16.4437,40.5097],[16.4489,40.5096]]]}},{"type":"Feature","properties":{"landuse":"orchard"},"geometry":{"type":"Polygon","coordinates":[[[16.4486,40.5163],[16.4508,40.5126],[16.4539,40.5193],[16.4476,40.5183],[16.4521,40.522],[16.4458,40.5205],[16.4486,40.5163]]]}},{"type":"Feature","properties":{"landuse":"orchard"},"geometry":{"type":"Polygon","coordinates":[[[16.4948,40.5674],[16.4943,40.567],[16.4952,40.5656],[16.4954,40.5676],[16.4948,40.5674]]]}},{"type":"Feature","properties":{"landuse":"orchard"},"geometry":{"type":"Polygon","coordinates":[[[16.4991,40.5663],[16.4984,40.5676],[16.4959,40.5651],[16.4991,40.5663]]]}},{"type":"Feature","properties":{"landuse":"orchard"},"geometry":{"type":"Polygon","coordinates":[[[16.493,40.5717],[16.4941,40.5721],[16.4925,40.5739],[16.493,40.5717]]]}},{"type":"Feature","properties":{"landuse":"farmland"},"geometry":{"type":"Polygon","coordinates":[[[16.4926,40.5746],[16.4964,40.5716],[16.4948,40.5761],[16.4926,40.5746]]]}},{"type":"Feature","properties":{"landuse":"orchard"},"geometry":{"type":"Polygon","coordinates":[[[16.4913,40.5812],[16.4896,40.578],[16.4905,40.5739],[16.4913,40.5812]]]}},{"type":"Feature","properties":{"landuse":"farmland"},"geometry":{"type":"Polygon","coordinates":[[[15.7001,40.7445],[15.7051,40.7469],[15.7044,40.7501],[15.7001,40.7445]]]}},{"type":"Feature","properties":{"landuse":"farmland"},"geometry":{"type":"Polygon","coordinates":[[[15.6973,40.7446],[15.6977,40.7462],[15.6941,40.7411],[15.6973,40.7446]]]}},{"type":"Feature","properties":{"landuse":"farmland"},"geometry":{"type":"Polygon","coordinates":[[[16.6589,40.618],[16.6523,40.6123],[16.6593,40.6161],[16.6589,40.618]]]}},{"type":"Feature","properties":{"landuse":"farmland"},"geometry":{"type":"Polygon","coordinates":[[[15.7009,40.7475],[15.7038,40.75],[15.7003,40.7491],[15.7009,40.7475]]]}},{"type":"Feature","properties":{"landuse":"farmland"},"geometry":{"type":"Polygon","coordinates":[[[15.6946,40.7482],[15.6928,40.7498],[15.6932,40.7479],[15.6946,40.7482]]]}},{"type":"Feature","properties":{"landuse":"farmland"},"geometry":{"type":"Polygon","coordinates":[[[15.6939,40.7406],[15.6934,40.7391],[15.6951,40.7406],[15.6939,40.7406]]]}},{"type":"Feature","properties":{"landuse":"farmland"},"geometry":{"type":"Polygon","coordinates":[[[15.6852,40.749],[15.6885,40.7478],[15.6895,40.7484],[15.6852,40.749]]]}},{"type":"Feature","properties":{"landuse":"farmland"},"geometry":{"type":"Polygon","coordinates":[[[15.6905,40.747],[15.6919,40.7473],[15.6908,40.7481],[15.6905,40.747]]]}},{"type":"Feature","properties":{"landuse":"farmland"},"geometry":{"type":"Polygon","coordinates":[[[15.6859,40.747],[15.6843,40.7467],[15.6861,40.7458],[15.6859,40.747]]]}},{"type":"Feature","properties":{"landuse":"farmland"},"geometry":{"type":"Polygon","coordinates":[[[15.6946,40.7463],[15.6936,40.7423],[15.6959,40.7464],[15.6946,40.7463]]]}},{"type":"Feature","properties":{"landuse":"farmland"},"geometry":{"type":"Polygon","coordinates":[[[15.685,40.7443],[15.6836,40.7417],[15.6856,40.7417],[15.685,40.7443]]]}},{"type":"Feature","properties":{"landuse":"farmland"},"geometry":{"type":"Polygon","coordinates":[[[15.6871,40.7408],[15.6886,40.7417],[15.6861,40.7417],[15.6871,40.7408]]]}},{"type":"Feature","properties":{"landuse":"farmland"},"geometry":{"type":"Polygon","coordinates":[[[15.6844,40.7413],[15.685,40.7388],[15.6858,40.7402],[15.6844,40.7413]]]}},{"type":"Feature","properties":{"landuse":"farmland"},"geometry":{"type":"Polygon","coordinates":[[[15.6918,40.7453],[15.6919,40.7423],[15.694,40.7438],[15.6918,40.7453]]]}},{"type":"Feature","properties":{"landuse":"farmland"},"geometry":{"type":"Polygon","coordinates":[[[15.6893,40.7423],[15.6895,40.7433],[15.6887,40.7441],[15.6893,40.7423]]]}},{"type":"Feature","properties":{"landuse":"farmland"},"geometry":{"type":"Polygon","coordinates":[[[16.5213,40.5776],[16.5227,40.5753],[16.5242,40.5771],[16.5213,40.5776]]]}},{"type":"Feature","properties":{"landuse":"orchard"},"geometry":{"type":"Polygon","coordinates":[[[16.5235,40.5568],[16.5242,40.5548],[16.5252,40.5554],[16.5235,40.5568]]]}},{"type":"Feature","properties":{"landuse":"orchard"},"geometry":{"type":"Polygon","coordinates":[[[16.5234,40.5575],[16.5167,40.5552],[16.5204,40.5563],[16.5189,40.5536],[16.522,40.5536],[16.5228,40.5562],[16.5239,40.5513],[16.5269,40.556],[16.5234,40.5575]]]}},{"type":"Feature","properties":{"landuse":"farmland"},"geometry":{"type":"Polygon","coordinates":[[[15.6893,40.7408],[15.6903,40.7386],[15.6904,40.7409],[15.6893,40.7408]]]}},{"type":"Feature","properties":{"landuse":"farmland"},"geometry":{"type":"Polygon","coordinates":[[[15.6864,40.7365],[15.6869,40.7357],[15.687,40.7374],[15.6864,40.7365]]]}},{"type":"Feature","properties":{"landuse":"farmland"},"geometry":{"type":"Polygon","coordinates":[[[15.6987,40.7363],[15.6953,40.7367],[15.6965,40.7351],[15.6987,40.7363]]]}},{"type":"Feature","properties":{"landuse":"farmland"},"geometry":{"type":"Polygon","coordinates":[[[15.6948,40.7357],[15.6926,40.7353],[15.6946,40.7338],[15.6948,40.7357]]]}},{"type":"Feature","properties":{"landuse":"farmland"},"geometry":{"type":"Polygon","coordinates":[[[15.6909,40.7309],[15.6918,40.732],[15.6898,40.733],[15.6909,40.7309]]]}},{"type":"Feature","properties":{"landuse":"farmland"},"geometry":{"type":"Polygon","coordinates":[[[15.6816,40.7328],[15.6805,40.7323],[15.6819,40.7314],[15.6816,40.7328]]]}},{"type":"Feature","properties":{"landuse":"farmland"},"geometry":{"type":"Polygon","coordinates":[[[15.6739,40.7422],[15.675,40.7432],[15.6725,40.7438],[15.6739,40.7422]]]}},{"type":"Feature","properties":{"landuse":"farmland"},"geometry":{"type":"Polygon","coordinates":[[[15.6716,40.7417],[15.6712,40.7435],[15.6684,40.7423],[15.6716,40.7417]]]}},{"type":"Feature","properties":{"landuse":"farmland"},"geometry":{"type":"Polygon","coordinates":[[[15.6775,40.7387],[15.6768,40.7363],[15.6788,40.7363],[15.6775,40.7387]]]}},{"type":"Feature","properties":{"landuse":"farmland"},"geometry":{"type":"Polygon","coordinates":[[[15.667,40.736],[15.6665,40.7387],[15.6648,40.7365],[15.667,40.736]]]}},{"type":"Feature","properties":{"landuse":"farmland"},"geometry":{"type":"Polygon","coordinates":[[[15.674,40.7337],[15.6747,40.7342],[15.6737,40.7353],[15.674,40.7337]]]}},{"type":"Feature","properties":{"landuse":"orchard"},"geometry":{"type":"Polygon","coordinates":[[[16.4497,40.5012],[16.4488,40.4971],[16.4527,40.4938],[16.4497,40.5012]]]}},{"type":"Feature","properties":{"landuse":"orchard"},"geometry":{"type":"Polygon","coordinates":[[[16.4523,40.4982],[16.4522,40.5005],[16.4506,40.5007],[16.4523,40.4982]]]}},{"type":"Feature","properties":{"landuse":"farmland"},"geometry":{"type":"Polygon","coordinates":[[[16.4382,40.5125],[16.4397,40.5102],[16.4401,40.5115],[16.4382,40.5125]]]}},{"type":"Feature","properties":{"landuse":"green_public_spaces"},"geometry":{"type":"Polygon","coordinates":[[[15.9802,40.0807],[15.9836,40.0795],[15.9853,40.0815],[15.9802,40.0807]]]}},{"type":"Feature","properties":{"landuse":"farmland"},"geometry":{"type":"Polygon","coordinates":[[[15.6935,40.7313],[15.6921,40.7293],[15.6948,40.7301],[15.6935,40.7313]]]}},{"type":"Feature","properties":{"landuse":"farmland"},"geometry":{"type":"Polygon","coordinates":[[[15.6047,40.9196],[15.6011,40.915],[15.6023,40.915],[15.6047,40.9196]]]}},{"type":"Feature","properties":{"landuse":"orchard"},"geometry":{"type":"Polygon","coordinates":[[[16.6238,40.6691],[16.6228,40.6686],[16.6245,40.6686],[16.6238,40.6691]]]}},{"type":"Feature","properties":{"landuse":"farmland"},"geometry":{"type":"Polygon","coordinates":[[[15.6907,40.7282],[15.6893,40.7278],[15.6915,40.7281],[15.6907,40.7292],[15.6907,40.7282]]]}},{"type":"Feature","properties":{"landuse":"farmland"},"geometry":{"type":"Polygon","coordinates":[[[15.6709,40.7388],[15.6723,40.7382],[15.6724,40.7389],[15.6709,40.7388]]]}},{"type":"Feature","properties":{"landuse":"farmland"},"geometry":{"type":"Polygon","coordinates":[[[15.6776,40.7301],[15.6798,40.7301],[15.6781,40.7306],[15.6776,40.7301]]]}},{"type":"Feature","properties":{"landuse":"farmland"},"geometry":{"type":"Polygon","coordinates":[[[15.6746,40.7292],[15.6743,40.7303],[15.6728,40.7299],[15.6746,40.7292]]]}},{"type":"Feature","properties":{"landuse":"farmland"},"geometry":{"type":"Polygon","coordinates":[[[15.669,40.7356],[15.6733,40.7339],[15.6709,40.737],[15.669,40.7356]]]}},{"type":"Feature","properties":{"landuse":"farmland"},"geometry":{"type":"Polygon","coordinates":[[[15.8254,40.97],[15.8248,40.9696],[15.826,40.9687],[15.8254,40.97]]]}},{"type":"Feature","properties":{"landuse":"orchard"},"geometry":{"type":"Polygon","coordinates":[[[15.8276,40.9699],[15.8287,40.9671],[15.8309,40.9696],[15.8276,40.9699]]]}},{"type":"Feature","properties":{"landuse":"orchard"},"geometry":{"type":"Polygon","coordinates":[[[16.4469,40.5109],[16.4513,40.5085],[16.4511,40.5107],[16.4469,40.5109]]]}},{"type":"Feature","properties":{"landuse":"orchard"},"geometry":{"type":"Polygon","coordinates":[[[16.4425,40.5079],[16.4424,40.5091],[16.4413,40.5082],[16.4425,40.5079]]]}},{"type":"Feature","properties":{"landuse":"orchard"},"geometry":{"type":"Polygon","coordinates":[[[16.4482,40.5036],[16.4458,40.5049],[16.4493,40.5003],[16.4482,40.5036]]]}},{"type":"Feature","properties":{"landuse":"orchard"},"geometry":{"type":"Polygon","coordinates":[[[16.4555,40.4869],[16.4512,40.4876],[16.4529,40.4834],[16.4555,40.4869]]]}},{"type":"Feature","properties":{"landuse":"farmland"},"geometry":{"type":"Polygon","coordinates":[[[16.5306,40.5754],[16.5324,40.5782],[16.5245,40.5804],[16.5306,40.5754]]]}},{"type":"Feature","properties":{"landuse":"orchard"},"geometry":{"type":"Polygon","coordinates":[[[16.4654,40.5041],[16.4783,40.504],[16.4761,40.5051],[16.4779,40.5075],[16.4654,40.5041]]]}},{"type":"Feature","properties":{"landuse":"farmland"},"geometry":{"type":"Polygon","coordinates":[[[16.6931,40.4227],[16.6912,40.4233],[16.6923,40.4212],[16.6931,40.4227]]]}},{"type":"Feature","properties":{"landuse":"orchard"},"geometry":{"type":"Polygon","coordinates":[[[16.6912,40.4248],[16.6852,40.4252],[16.6844,40.4225],[16.692,40.4221],[16.6912,40.4248]]]}},{"type":"Feature","properties":{"landuse":"farmland"},"geometry":{"type":"Polygon","coordinates":[[[15.6662,40.7319],[15.6653,40.7305],[15.6678,40.7312],[15.6662,40.7319]]]}},{"type":"Feature","properties":{"landuse":"farmland"},"geometry":{"type":"Polygon","coordinates":[[[15.6589,40.7271],[15.6611,40.7252],[15.66,40.7279],[15.6589,40.7271]]]}},{"type":"Feature","properties":{"landuse":"farmland"},"geometry":{"type":"Polygon","coordinates":[[[15.6701,40.7235],[15.6706,40.7257],[15.6693,40.7246],[15.6701,40.7235]]]}},{"type":"Feature","properties":{"landuse":"farmland"},"geometry":{"type":"Polygon","coordinates":[[[15.6722,40.7261],[15.6727,40.7246],[15.6734,40.7259],[15.6722,40.7261]]]}},{"type":"Feature","properties":{"landuse":"farmland"},"geometry":{"type":"Polygon","coordinates":[[[15.6755,40.7239],[15.6739,40.7235],[15.6748,40.723],[15.6755,40.7239]]]}},{"type":"Feature","properties":{"landuse":"farmland"},"geometry":{"type":"Polygon","coordinates":[[[15.6682,40.7253],[15.6678,40.7243],[15.6696,40.724],[15.6682,40.7253]]]}},{"type":"Feature","properties":{"landuse":"farmland"},"geometry":{"type":"Polygon","coordinates":[[[15.6833,40.7228],[15.6841,40.7234],[15.6818,40.7256],[15.6833,40.7228]]]}},{"type":"Feature","properties":{"landuse":"farmland"},"geometry":{"type":"Polygon","coordinates":[[[15.6837,40.722],[15.6822,40.7196],[15.6845,40.7201],[15.6837,40.722]]]}},{"type":"Feature","properties":{"landuse":"farmland"},"geometry":{"type":"Polygon","coordinates":[[[15.6845,40.7191],[15.6844,40.7164],[15.6856,40.7167],[15.6845,40.7191]]]}},{"type":"Feature","properties":{"landuse":"farmland"},"geometry":{"type":"Polygon","coordinates":[[[15.6774,40.7201],[15.677,40.721],[15.6766,40.7189],[15.6774,40.7201]]]}},{"type":"Feature","properties":{"landuse":"farmland"},"geometry":{"type":"Polygon","coordinates":[[[15.6594,40.714],[15.6623,40.7146],[15.6597,40.7155],[15.6594,40.714]]]}},{"type":"Feature","properties":{"landuse":"farmland"},"geometry":{"type":"Polygon","coordinates":[[[15.6668,40.7151],[15.6669,40.7136],[15.6677,40.7148],[15.6668,40.7151]]]}},{"type":"Feature","properties":{"landuse":"farmland"},"geometry":{"type":"Polygon","coordinates":[[[15.6627,40.7106],[15.6635,40.7119],[15.662,40.7112],[15.6627,40.7106]]]}},{"type":"Feature","properties":{"landuse":"farmland"},"geometry":{"type":"Polygon","coordinates":[[[15.6881,40.7193],[15.6873,40.7211],[15.6865,40.7186],[15.6881,40.7193]]]}},{"type":"Feature","properties":{"landuse":"farmland"},"geometry":{"type":"Polygon","coordinates":[[[15.688,40.7184],[15.6863,40.7176],[15.6876,40.7173],[15.688,40.7184]]]}},{"type":"Feature","properties":{"landuse":"farmland"},"geometry":{"type":"Polygon","coordinates":[[[15.6933,40.7221],[15.6933,40.721],[15.695,40.722],[15.6933,40.7221]]]}},{"type":"Feature","properties":{"landuse":"farmland"},"geometry":{"type":"Polygon","coordinates":[[[15.696,40.7198],[15.695,40.7218],[15.6928,40.7204],[15.696,40.7198]]]}},{"type":"Feature","properties":{"landuse":"farmland"},"geometry":{"type":"Polygon","coordinates":[[[15.6977,40.7175],[15.6974,40.7152],[15.6996,40.7194],[15.6977,40.7175]]]}},{"type":"Feature","properties":{"landuse":"farmland"},"geometry":{"type":"Polygon","coordinates":[[[15.6925,40.7148],[15.6952,40.7148],[15.6913,40.7166],[15.6925,40.7148]]]}},{"type":"Feature","properties":{"landuse":"farmland"},"geometry":{"type":"Polygon","coordinates":[[[15.6896,40.7158],[15.6901,40.7145],[15.691,40.7161],[15.6896,40.7158]]]}},{"type":"Feature","properties":{"landuse":"farmland"},"geometry":{"type":"Polygon","coordinates":[[[15.6909,40.7136],[15.6926,40.713],[15.6917,40.7139],[15.6909,40.7136]]]}},{"type":"Feature","properties":{"landuse":"farmland"},"geometry":{"type":"Polygon","coordinates":[[[15.7076,40.7187],[15.7082,40.7198],[15.7031,40.7207],[15.7076,40.7187]]]}},{"type":"Feature","properties":{"landuse":"farmland"},"geometry":{"type":"Polygon","coordinates":[[[15.7131,40.7177],[15.7142,40.7184],[15.7123,40.7189],[15.7131,40.7177]]]}},{"type":"Feature","properties":{"landuse":"farmland"},"geometry":{"type":"Polygon","coordinates":[[[15.7048,40.7189],[15.7054,40.7193],[15.7026,40.7205],[15.7048,40.7189]]]}},{"type":"Feature","properties":{"landuse":"farmland"},"geometry":{"type":"Polygon","coordinates":[[[15.707,40.7188],[15.7052,40.7189],[15.707,40.7174],[15.707,40.7188]]]}},{"type":"Feature","properties":{"landuse":"farmland"},"geometry":{"type":"Polygon","coordinates":[[[15.7049,40.7129],[15.7038,40.7161],[15.704,40.7131],[15.702,40.7138],[15.7049,40.7129]]]}},{"type":"Feature","properties":{"landuse":"farmland"},"geometry":{"type":"Polygon","coordinates":[[[15.7014,40.7157],[15.6992,40.7157],[15.7014,40.7138],[15.705,40.7185],[15.703,40.7197],[15.7014,40.7157]]]}},{"type":"Feature","properties":{"landuse":"farmland"},"geometry":{"type":"Polygon","coordinates":[[[15.7194,40.7165],[15.7186,40.7181],[15.7178,40.7154],[15.7194,40.7165]]]}},{"type":"Feature","properties":{"landuse":"farmland"},"geometry":{"type":"Polygon","coordinates":[[[15.7185,40.7179],[15.7164,40.7177],[15.7183,40.7164],[15.7185,40.7179]]]}},{"type":"Feature","properties":{"landuse":"farmland"},"geometry":{"type":"Polygon","coordinates":[[[15.7163,40.7149],[15.7151,40.7139],[15.7178,40.7139],[15.7163,40.7149]]]}},{"type":"Feature","properties":{"landuse":"farmland"},"geometry":{"type":"Polygon","coordinates":[[[15.715,40.7139],[15.7162,40.7148],[15.7147,40.7155],[15.715,40.7139]]]}},{"type":"Feature","properties":{"landuse":"farmland"},"geometry":{"type":"Polygon","coordinates":[[[15.721,40.7181],[15.7196,40.7194],[15.7219,40.7175],[15.721,40.7181]]]}},{"type":"Feature","properties":{"landuse":"farmland"},"geometry":{"type":"Polygon","coordinates":[[[15.7248,40.7137],[15.7248,40.715],[15.7234,40.7142],[15.7248,40.7137]]]}},{"type":"Feature","properties":{"landuse":"farmland"},"geometry":{"type":"Polygon","coordinates":[[[15.719,40.7131],[15.7166,40.7137],[15.7184,40.7121],[15.719,40.7131]]]}},{"type":"Feature","properties":{"landuse":"farmland"},"geometry":{"type":"Polygon","coordinates":[[[15.7231,40.7074],[15.7217,40.7077],[15.7228,40.7056],[15.7231,40.7074]]]}},{"type":"Feature","properties":{"landuse":"farmland"},"geometry":{"type":"Polygon","coordinates":[[[15.7272,40.7117],[15.7292,40.7109],[15.729,40.712],[15.7272,40.7117]]]}},{"type":"Feature","properties":{"landuse":"farmland"},"geometry":{"type":"Polygon","coordinates":[[[15.7357,40.707],[15.7368,40.7079],[15.7351,40.7079],[15.7357,40.707]]]}},{"type":"Feature","properties":{"landuse":"farmland"},"geometry":{"type":"Polygon","coordinates":[[[15.7429,40.7032],[15.7405,40.7063],[15.7383,40.7051],[15.7429,40.7032]]]}},{"type":"Feature","properties":{"landuse":"farmland"},"geometry":{"type":"Polygon","coordinates":[[[15.7336,40.7001],[15.7322,40.7014],[15.7321,40.7],[15.7336,40.7001]]]}},{"type":"Feature","properties":{"landuse":"farmland"},"geometry":{"type":"Polygon","coordinates":[[[15.7405,40.6988],[15.7393,40.6978],[15.7431,40.6984],[15.7405,40.6988]]]}},{"type":"Feature","properties":{"landuse":"farmland"},"geometry":{"type":"Polygon","coordinates":[[[15.7205,40.7002],[15.7189,40.7008],[15.7207,40.6988],[15.7205,40.7002]]]}},{"type":"Feature","properties":{"landuse":"farmland"},"geometry":{"type":"Polygon","coordinates":[[[15.7221,40.704],[15.7202,40.7029],[15.7223,40.702],[15.7221,40.704]]]}},{"type":"Feature","properties":{"landuse":"farmland"},"geometry":{"type":"Polygon","coordinates":[[[15.719,40.7048],[15.7133,40.7046],[15.719,40.7024],[15.719,40.7048]]]}},{"type":"Feature","properties":{"landuse":"farmland"},"geometry":{"type":"Polygon","coordinates":[[[15.7143,40.7079],[15.7131,40.7091],[15.7144,40.7054],[15.7143,40.7079]]]}},{"type":"Feature","properties":{"landuse":"farmland"},"geometry":{"type":"Polygon","coordinates":[[[15.7134,40.7021],[15.7136,40.7037],[15.7122,40.703],[15.7134,40.7021]]]}},{"type":"Feature","properties":{"landuse":"farmland"},"geometry":{"type":"Polygon","coordinates":[[[15.7079,40.7092],[15.7076,40.7079],[15.7091,40.7077],[15.7079,40.7092]]]}},{"type":"Feature","properties":{"landuse":"farmland"},"geometry":{"type":"Polygon","coordinates":[[[15.7059,40.7076],[15.7062,40.7093],[15.7024,40.7098],[15.7059,40.7076]]]}},{"type":"Feature","properties":{"landuse":"farmland"},"geometry":{"type":"Polygon","coordinates":[[[15.7017,40.7081],[15.7026,40.7071],[15.7042,40.7079],[15.7017,40.7081]]]}},{"type":"Feature","properties":{"landuse":"farmland"},"geometry":{"type":"Polygon","coordinates":[[[15.7012,40.7097],[15.7006,40.7087],[15.7021,40.709],[15.7012,40.7097]]]}},{"type":"Feature","properties":{"landuse":"farmland"},"geometry":{"type":"Polygon","coordinates":[[[15.6945,40.7143],[15.6923,40.7138],[15.6963,40.7126],[15.6945,40.7143]]]}},{"type":"Feature","properties":{"landuse":"farmland"},"geometry":{"type":"Polygon","coordinates":[[[15.7021,40.7128],[15.7006,40.714],[15.6988,40.7111],[15.7021,40.7128]]]}},{"type":"Feature","properties":{"landuse":"farmland"},"geometry":{"type":"Polygon","coordinates":[[[15.7172,40.6994],[15.715,40.6966],[15.7195,40.6995],[15.7166,40.7017],[15.7142,40.6982],[15.7172,40.6994]]]}},{"type":"Feature","properties":{"landuse":"farmland"},"geometry":{"type":"Polygon","coordinates":[[[15.7078,40.7029],[15.7063,40.7024],[15.7081,40.7015],[15.7078,40.7029]]]}},{"type":"Feature","properties":{"landuse":"farmland"},"geometry":{"type":"Polygon","coordinates":[[[15.7019,40.7049],[15.7022,40.7037],[15.7033,40.7041],[15.7019,40.7049]]]}},{"type":"Feature","properties":{"landuse":"farmland"},"geometry":{"type":"Polygon","coordinates":[[[15.6975,40.7089],[15.6966,40.7085],[15.6987,40.7088],[15.6975,40.7089]]]}},{"type":"Feature","properties":{"landuse":"farmland"},"geometry":{"type":"Polygon","coordinates":[[[15.7009,40.7059],[15.6994,40.7058],[15.7008,40.7052],[15.7009,40.7059]]]}},{"type":"Feature","properties":{"landuse":"farmland"},"geometry":{"type":"Polygon","coordinates":[[[15.7085,40.6996],[15.7011,40.7027],[15.7046,40.6968],[15.7085,40.6996]]]}},{"type":"Feature","properties":{"landuse":"farmland"},"geometry":{"type":"Polygon","coordinates":[[[15.7054,40.6963],[15.7035,40.6964],[15.7071,40.6949],[15.7054,40.6963]]]}},{"type":"Feature","properties":{"landuse":"farmland"},"geometry":{"type":"Polygon","coordinates":[[[15.7019,40.6966],[15.7039,40.6966],[15.7013,40.6972],[15.7019,40.6966]]]}},{"type":"Feature","properties":{"landuse":"farmland"},"geometry":{"type":"Polygon","coordinates":[[[15.7013,40.6957],[15.7026,40.6962],[15.6997,40.6973],[15.7013,40.6957]]]}},{"type":"Feature","properties":{"landuse":"farmland"},"geometry":{"type":"Polygon","coordinates":[[[15.7011,40.7016],[15.6998,40.7032],[15.6999,40.7013],[15.7011,40.7016]]]}},{"type":"Feature","properties":{"landuse":"farmland"},"geometry":{"type":"Polygon","coordinates":[[[15.6944,40.7067],[15.6978,40.7063],[15.6922,40.7068],[15.6944,40.7067]]]}},{"type":"Feature","properties":{"landuse":"farmland"},"geometry":{"type":"Polygon","coordinates":[[[15.6877,40.7116],[15.6865,40.7105],[15.6887,40.7108],[15.6877,40.7116]]]}},{"type":"Feature","properties":{"landuse":"farmland"},"geometry":{"type":"Polygon","coordinates":[[[15.6816,40.7141],[15.6826,40.7152],[15.6792,40.714],[15.6816,40.7141]]]}},{"type":"Feature","properties":{"landuse":"farmland"},"geometry":{"type":"Polygon","coordinates":[[[15.6775,40.713],[15.6767,40.7116],[15.679,40.7124],[15.6775,40.713]]]}},{"type":"Feature","properties":{"landuse":"farmland"},"geometry":{"type":"Polygon","coordinates":[[[15.6752,40.7133],[15.6757,40.7109],[15.6762,40.7132],[15.6752,40.7133]]]}},{"type":"Feature","properties":{"landuse":"farmland"},"geometry":{"type":"Polygon","coordinates":[[[15.7033,40.6916],[15.7042,40.692],[15.702,40.6933],[15.7033,40.6916]]]}},{"type":"Feature","properties":{"landuse":"farmland"},"geometry":{"type":"Polygon","coordinates":[[[15.6939,40.699],[15.6954,40.697],[15.6968,40.6981],[15.6939,40.699]]]}},{"type":"Feature","properties":{"landuse":"farmland"},"geometry":{"type":"Polygon","coordinates":[[[15.698,40.6961],[15.6965,40.6971],[15.6975,40.6942],[15.698,40.6961]]]}},{"type":"Feature","properties":{"landuse":"farmland"},"geometry":{"type":"Polygon","coordinates":[[[15.6926,40.6994],[15.6915,40.7005],[15.6928,40.6986],[15.6926,40.6994]]]}},{"type":"Feature","properties":{"landuse":"farmland"},"geometry":{"type":"Polygon","coordinates":[[[15.701,40.6921],[15.7027,40.6915],[15.7004,40.6929],[15.701,40.6921]]]}},{"type":"Feature","properties":{"landuse":"farmland"},"geometry":{"type":"Polygon","coordinates":[[[15.6909,40.699],[15.6898,40.7002],[15.6869,40.6981],[15.6909,40.699]]]}},{"type":"Feature","properties":{"landuse":"farmland"},"geometry":{"type":"Polygon","coordinates":[[[15.6914,40.6928],[15.6939,40.6915],[15.6937,40.6932],[15.6914,40.6928]]]}},{"type":"Feature","properties":{"landuse":"farmland"},"geometry":{"type":"Polygon","coordinates":[[[15.6927,40.6955],[15.6932,40.6972],[15.6897,40.6964],[15.6927,40.6955]]]}},{"type":"Feature","properties":{"landuse":"farmland"},"geometry":{"type":"Polygon","coordinates":[[[15.6885,40.6971],[15.6891,40.6959],[15.6899,40.697],[15.6885,40.6971]]]}},{"type":"Feature","properties":{"landuse":"farmland"},"geometry":{"type":"Polygon","coordinates":[[[15.696,40.6895],[15.6966,40.6913],[15.6951,40.6904],[15.696,40.6895]]]}},{"type":"Feature","properties":{"landuse":"farmland"},"geometry":{"type":"Polygon","coordinates":[[[15.684,40.6858],[15.6853,40.6872],[15.6834,40.6882],[15.684,40.6858]]]}},{"type":"Feature","properties":{"landuse":"farmland"},"geometry":{"type":"Polygon","coordinates":[[[15.6844,40.6883],[15.6858,40.6874],[15.6849,40.6894],[15.6844,40.6883]]]}},{"type":"Feature","properties":{"landuse":"farmland"},"geometry":{"type":"Polygon","coordinates":[[[15.6893,40.6931],[15.6878,40.6929],[15.6889,40.6912],[15.6893,40.6931]]]}},{"type":"Feature","properties":{"landuse":"farmland"},"geometry":{"type":"Polygon","coordinates":[[[15.6879,40.6913],[15.6877,40.6923],[15.6869,40.6883],[15.6879,40.6913]]]}},{"type":"Feature","properties":{"landuse":"farmland"},"geometry":{"type":"Polygon","coordinates":[[[15.6874,40.6934],[15.6863,40.6927],[15.6882,40.6933],[15.6874,40.6934]]]}},{"type":"Feature","properties":{"landuse":"farmland"},"geometry":{"type":"Polygon","coordinates":[[[15.6905,40.6904],[15.691,40.6895],[15.6902,40.6921],[15.6905,40.6904]]]}},{"type":"Feature","properties":{"landuse":"farmland"},"geometry":{"type":"Polygon","coordinates":[[[15.6865,40.6895],[15.6864,40.6935],[15.6857,40.6905],[15.6865,40.6895]]]}},{"type":"Feature","properties":{"landuse":"farmland"},"geometry":{"type":"Polygon","coordinates":[[[15.6707,40.6869],[15.67,40.6886],[15.6693,40.6868],[15.6707,40.6869]]]}},{"type":"Feature","properties":{"landuse":"farmland"},"geometry":{"type":"Polygon","coordinates":[[[15.6685,40.6927],[15.6691,40.6944],[15.6676,40.6944],[15.6685,40.6927]]]}},{"type":"Feature","properties":{"landuse":"farmland"},"geometry":{"type":"Polygon","coordinates":[[[15.6826,40.6977],[15.6847,40.6979],[15.6831,40.6992],[15.6826,40.6977]]]}},{"type":"Feature","properties":{"landuse":"farmland"},"geometry":{"type":"Polygon","coordinates":[[[15.6834,40.6937],[15.6851,40.6962],[15.6821,40.6959],[15.6834,40.6937]]]}},{"type":"Feature","properties":{"landuse":"farmland"},"geometry":{"type":"Polygon","coordinates":[[[15.6814,40.69],[15.682,40.6884],[15.6827,40.6895],[15.6814,40.69]]]}},{"type":"Feature","properties":{"landuse":"farmland"},"geometry":{"type":"Polygon","coordinates":[[[15.68,40.6913],[15.6819,40.6916],[15.6806,40.694],[15.68,40.6913]]]}},{"type":"Feature","properties":{"landuse":"farmland"},"geometry":{"type":"Polygon","coordinates":[[[15.6786,40.6944],[15.6802,40.6943],[15.6793,40.6966],[15.6786,40.6944]]]}},{"type":"Feature","properties":{"landuse":"farmland"},"geometry":{"type":"Polygon","coordinates":[[[15.677,40.6934],[15.6732,40.6925],[15.6784,40.693],[15.677,40.6934]]]}},{"type":"Feature","properties":{"landuse":"farmland"},"geometry":{"type":"Polygon","coordinates":[[[15.6534,40.698],[15.6545,40.6984],[15.6532,40.6996],[15.6534,40.698]]]}},{"type":"Feature","properties":{"landuse":"farmland"},"geometry":{"type":"Polygon","coordinates":[[[15.6529,40.6982],[15.6519,40.6969],[15.653,40.696],[15.6529,40.6982]]]}},{"type":"Feature","properties":{"landuse":"farmland"},"geometry":{"type":"Polygon","coordinates":[[[15.6717,40.6912],[15.6719,40.6945],[15.6708,40.6942],[15.6717,40.6912]]]}},{"type":"Feature","properties":{"landuse":"farmland"},"geometry":{"type":"Polygon","coordinates":[[[15.6593,40.6915],[15.6565,40.6941],[15.6583,40.6903],[15.6611,40.6924],[15.6593,40.6915]]]}},{"type":"Feature","properties":{"landuse":"farmland"},"geometry":{"type":"Polygon","coordinates":[[[15.6538,40.6972],[15.6557,40.6942],[15.6558,40.6966],[15.6538,40.6972]]]}},{"type":"Feature","properties":{"landuse":"farmland"},"geometry":{"type":"Polygon","coordinates":[[[16.0474,40.3837],[16.0471,40.3822],[16.0487,40.3835],[16.0474,40.3837]]]}},{"type":"Feature","properties":{"landuse":"farmland"},"geometry":{"type":"Polygon","coordinates":[[[16.0457,40.3842],[16.0465,40.3825],[16.0467,40.384],[16.0457,40.3842]]]}},{"type":"Feature","properties":{"landuse":"farmland"},"geometry":{"type":"Polygon","coordinates":[[[15.657,40.7051],[15.6586,40.7034],[15.656,40.7075],[15.657,40.7051]]]}},{"type":"Feature","properties":{"landuse":"farmland"},"geometry":{"type":"Polygon","coordinates":[[[15.659,40.7032],[15.6583,40.7032],[15.6593,40.7019],[15.659,40.7032]]]}},{"type":"Feature","properties":{"landuse":"farmland"},"geometry":{"type":"Polygon","coordinates":[[[15.6766,40.7071],[15.6787,40.7083],[15.6761,40.7101],[15.6766,40.7071]]]}},{"type":"Feature","properties":{"landuse":"farmland"},"geometry":{"type":"Polygon","coordinates":[[[15.6727,40.6998],[15.6713,40.7007],[15.6706,40.6989],[15.6727,40.6998]]]}},{"type":"Feature","properties":{"landuse":"farmland"},"geometry":{"type":"Polygon","coordinates":[[[15.6706,40.6979],[15.6697,40.6963],[15.6718,40.6976],[15.6706,40.6979]]]}},{"type":"Feature","properties":{"landuse":"farmland"},"geometry":{"type":"Polygon","coordinates":[[[15.6752,40.7029],[15.6772,40.7036],[15.674,40.7042],[15.6752,40.7029]]]}},{"type":"Feature","properties":{"landuse":"farmland"},"geometry":{"type":"Polygon","coordinates":[[[15.6691,40.688],[15.668,40.6893],[15.6672,40.6878],[15.6691,40.688]]]}},{"type":"Feature","properties":{"landuse":"farmland"},"geometry":{"type":"Polygon","coordinates":[[[15.6739,40.6877],[15.6722,40.6899],[15.6739,40.69],[15.6698,40.6902],[15.6739,40.6877]]]}},{"type":"Feature","properties":{"landuse":"farmland"},"geometry":{"type":"Polygon","coordinates":[[[15.6698,40.6902],[15.6681,40.6912],[15.669,40.6895],[15.6698,40.6902]]]}},{"type":"Feature","properties":{"landuse":"farmland"},"geometry":{"type":"Polygon","coordinates":[[[15.6731,40.7023],[15.6717,40.7019],[15.6734,40.7011],[15.6731,40.7023]]]}},{"type":"Feature","properties":{"landuse":"orchard"},"geometry":{"type":"Polygon","coordinates":[[[16.2473,40.4935],[16.2476,40.4926],[16.2494,40.4933],[16.2473,40.4935]]]}},{"type":"Feature","properties":{"landuse":"orchard"},"geometry":{"type":"Polygon","coordinates":[[[16.2481,40.4915],[16.2464,40.4909],[16.2481,40.4888],[16.2481,40.4915]]]}},{"type":"Feature","properties":{"landuse":"orchard"},"geometry":{"type":"Polygon","coordinates":[[[16.2502,40.4919],[16.2493,40.4899],[16.2514,40.4905],[16.2502,40.4919]]]}},{"type":"Feature","properties":{"landuse":"orchard"},"geometry":{"type":"Polygon","coordinates":[[[16.2529,40.4897],[16.2545,40.4888],[16.2536,40.4906],[16.2529,40.4897]]]}},{"type":"Feature","properties":{"landuse":"orchard"},"geometry":{"type":"Polygon","coordinates":[[[16.2457,40.4921],[16.2444,40.4913],[16.2466,40.4913],[16.2457,40.4921]]]}},{"type":"Feature","properties":{"landuse":"orchard"},"geometry":{"type":"Polygon","coordinates":[[[16.2425,40.4907],[16.2448,40.4887],[16.2464,40.4892],[16.2425,40.4907]]]}},{"type":"Feature","properties":{"landuse":"orchard"},"geometry":{"type":"Polygon","coordinates":[[[16.2393,40.4922],[16.2451,40.4919],[16.2411,40.4937],[16.2393,40.4922]]]}},{"type":"Feature","properties":{"landuse":"orchard"},"geometry":{"type":"Polygon","coordinates":[[[16.2472,40.4865],[16.245,40.4858],[16.2488,40.4853],[16.2472,40.4865]]]}},{"type":"Feature","properties":{"landuse":"orchard"},"geometry":{"type":"Polygon","coordinates":[[[16.2492,40.4833],[16.2484,40.4849],[16.2461,40.4843],[16.2492,40.4833]]]}},{"type":"Feature","properties":{"landuse":"orchard"},"geometry":{"type":"Polygon","coordinates":[[[16.2689,40.2497],[16.2699,40.2511],[16.2677,40.2509],[16.2689,40.2497]]]}},{"type":"Feature","properties":{"landuse":"orchard"},"geometry":{"type":"Polygon","coordinates":[[[16.27,40.2498],[16.2711,40.2494],[16.2706,40.2511],[16.27,40.2498]]]}},{"type":"Feature","properties":{"landuse":"orchard"},"geometry":{"type":"Polygon","coordinates":[[[16.2702,40.2535],[16.269,40.2517],[16.2711,40.2521],[16.2702,40.2535]]]}},{"type":"Feature","properties":{"landuse":"orchard"},"geometry":{"type":"Polygon","coordinates":[[[16.2668,40.2508],[16.2673,40.2497],[16.2682,40.2496],[16.2668,40.2508]]]}},{"type":"Feature","properties":{"landuse":"orchard"},"geometry":{"type":"Polygon","coordinates":[[[16.265,40.2507],[16.2633,40.2503],[16.2685,40.2489],[16.265,40.2507]]]}},{"type":"Feature","properties":{"landuse":"orchard"},"geometry":{"type":"Polygon","coordinates":[[[16.2621,40.25],[16.2656,40.2523],[16.2639,40.2518],[16.2621,40.25]]]}},{"type":"Feature","properties":{"landuse":"farmland"},"geometry":{"type":"Polygon","coordinates":[[[15.5282,40.7532],[15.53,40.7506],[15.5307,40.7532],[15.5282,40.7532]]]}},{"type":"Feature","properties":{"landuse":"farmland"},"geometry":{"type":"Polygon","coordinates":[[[15.6313,40.7126],[15.6254,40.7141],[15.6285,40.7108],[15.6313,40.7126]]]}},{"type":"Feature","properties":{"landuse":"farmland"},"geometry":{"type":"Polygon","coordinates":[[[15.6309,40.7141],[15.6315,40.7125],[15.6345,40.7119],[15.6309,40.7141]]]}},{"type":"Feature","properties":{"landuse":"farmland"},"geometry":{"type":"Polygon","coordinates":[[[15.6496,40.7763],[15.6541,40.7768],[15.6514,40.7809],[15.6471,40.7767],[15.6496,40.7763]]]}},{"type":"Feature","properties":{"landuse":"farmland"},"geometry":{"type":"Polygon","coordinates":[[[15.6465,40.7751],[15.648,40.775],[15.6469,40.7758],[15.6465,40.7751]]]}},{"type":"Feature","properties":{"landuse":"farmland"},"geometry":{"type":"Polygon","coordinates":[[[15.6703,40.7792],[15.6696,40.7799],[15.6693,40.7787],[15.6703,40.7792]]]}},{"type":"Feature","properties":{"landuse":"farmland"},"geometry":{"type":"Polygon","coordinates":[[[15.6849,40.7677],[15.6801,40.773],[15.6783,40.7723],[15.6849,40.7677]]]}},{"type":"Feature","properties":{"landuse":"farmland"},"geometry":{"type":"Polygon","coordinates":[[[15.6788,40.773],[15.6778,40.7725],[15.68,40.773],[15.6788,40.773]]]}},{"type":"Feature","properties":{"landuse":"farmland"},"geometry":{"type":"Polygon","coordinates":[[[15.6751,40.7638],[15.6764,40.7598],[15.6784,40.761],[15.6751,40.7638]]]}},{"type":"Feature","properties":{"landuse":"farmland"},"geometry":{"type":"Polygon","coordinates":[[[15.6756,40.7652],[15.6798,40.7642],[15.6817,40.7671],[15.6756,40.7652]]]}},{"type":"Feature","properties":{"landuse":"farmland"},"geometry":{"type":"Polygon","coordinates":[[[15.675,40.7589],[15.6773,40.7581],[15.6743,40.7601],[15.675,40.7589]]]}},{"type":"Feature","properties":{"landuse":"farmland"},"geometry":{"type":"Polygon","coordinates":[[[15.6801,40.7597],[15.6779,40.76],[15.6792,40.759],[15.6801,40.7597]]]}},{"type":"Feature","properties":{"landuse":"farmland"},"geometry":{"type":"Polygon","coordinates":[[[15.6927,40.7582],[15.691,40.7572],[15.6927,40.7565],[15.6927,40.7582]]]}},{"type":"Feature","properties":{"landuse":"farmland"},"geometry":{"type":"Polygon","coordinates":[[[15.6744,40.7523],[15.6796,40.7552],[15.6773,40.7569],[15.6744,40.7523]]]}},{"type":"Feature","properties":{"landuse":"farmland"},"geometry":{"type":"Polygon","coordinates":[[[15.6715,40.7503],[15.6712,40.7491],[15.6742,40.7498],[15.6715,40.7503]]]}},{"type":"Feature","properties":{"landuse":"farmland"},"geometry":{"type":"Polygon","coordinates":[[[15.6712,40.7488],[15.6709,40.7479],[15.6728,40.7489],[15.6712,40.7488]]]}},{"type":"Feature","properties":{"landuse":"farmland"},"geometry":{"type":"Polygon","coordinates":[[[15.6442,40.7491],[15.6456,40.7483],[15.6469,40.7491],[15.6442,40.7491]]]}},{"type":"Feature","properties":{"landuse":"farmland"},"geometry":{"type":"Polygon","coordinates":[[[15.6435,40.7472],[15.6437,40.749],[15.6412,40.7475],[15.6435,40.7472]]]}},{"type":"Feature","properties":{"landuse":"farmland"},"geometry":{"type":"Polygon","coordinates":[[[15.6466,40.739],[15.6464,40.7366],[15.6492,40.7398],[15.6466,40.739]]]}},{"type":"Feature","properties":{"landuse":"farmland"},"geometry":{"type":"Polygon","coordinates":[[[15.6487,40.7353],[15.6511,40.7354],[15.6501,40.7391],[15.6487,40.7353]]]}},{"type":"Feature","properties":{"landuse":"farmland"},"geometry":{"type":"Polygon","coordinates":[[[15.6442,40.7438],[15.6419,40.7448],[15.6428,40.7421],[15.6442,40.7438]]]}},{"type":"Feature","properties":{"landuse":"farmland"},"geometry":{"type":"Polygon","coordinates":[[[15.6503,40.7484],[15.6506,40.7413],[15.6519,40.7436],[15.6518,40.7405],[15.6571,40.7422],[15.658,40.7444],[15.6503,40.7484]]]}},{"type":"Feature","properties":{"landuse":"farmland"},"geometry":{"type":"Polygon","coordinates":[[[15.6579,40.7476],[15.6597,40.7468],[15.6588,40.7481],[15.6579,40.7476]]]}},{"type":"Feature","properties":{"landuse":"farmland"},"geometry":{"type":"Polygon","coordinates":[[[15.6668,40.7425],[15.6657,40.7415],[15.6673,40.7412],[15.6668,40.7425]]]}},{"type":"Feature","properties":{"landuse":"farmland"},"geometry":{"type":"Polygon","coordinates":[[[15.6528,40.7304],[15.6578,40.7278],[15.6534,40.7328],[15.6528,40.7304]]]}},{"type":"Feature","properties":{"landuse":"farmland"},"geometry":{"type":"Polygon","coordinates":[[[15.6607,40.7422],[15.6614,40.7398],[15.6626,40.7409],[15.6607,40.7422]]]}},{"type":"Feature","properties":{"landuse":"farmland"},"geometry":{"type":"Polygon","coordinates":[[[15.6622,40.7331],[15.6619,40.7326],[15.6633,40.7321],[15.6622,40.7331]]]}},{"type":"Feature","properties":{"landuse":"farmland"},"geometry":{"type":"Polygon","coordinates":[[[15.6511,40.7293],[15.6523,40.7325],[15.6494,40.7326],[15.6478,40.7294],[15.6511,40.7293]]]}},{"type":"Feature","properties":{"landuse":"farmland"},"geometry":{"type":"Polygon","coordinates":[[[15.6546,40.7274],[15.6567,40.7275],[15.6507,40.7287],[15.6546,40.7274]]]}},{"type":"Feature","properties":{"landuse":"farmland"},"geometry":{"type":"Polygon","coordinates":[[[15.6473,40.7196],[15.6463,40.7217],[15.6452,40.7197],[15.6473,40.7196]]]}},{"type":"Feature","properties":{"landuse":"farmland"},"geometry":{"type":"Polygon","coordinates":[[[15.6295,40.7207],[15.6312,40.7191],[15.6316,40.72],[15.6295,40.7207]]]}},{"type":"Feature","properties":{"landuse":"farmland"},"geometry":{"type":"Polygon","coordinates":[[[15.6442,40.719],[15.6461,40.718],[15.6456,40.7195],[15.6442,40.719]]]}},{"type":"Feature","properties":{"landuse":"farmland"},"geometry":{"type":"Polygon","coordinates":[[[15.6425,40.7189],[15.6426,40.7167],[15.6457,40.7167],[15.6425,40.7189]]]}},{"type":"Feature","properties":{"landuse":"farmland"},"geometry":{"type":"Polygon","coordinates":[[[15.6417,40.7205],[15.6396,40.7201],[15.6414,40.7196],[15.6417,40.7205]]]}},{"type":"Feature","properties":{"landuse":"farmland"},"geometry":{"type":"Polygon","coordinates":[[[15.6304,40.7173],[15.6298,40.7161],[15.6324,40.7181],[15.6304,40.7173]]]}},{"type":"Feature","properties":{"landuse":"orchard"},"geometry":{"type":"Polygon","coordinates":[[[15.6473,40.7128],[15.6462,40.7121],[15.6478,40.7113],[15.6473,40.7128]]]}},{"type":"Feature","properties":{"landuse":"farmland"},"geometry":{"type":"Polygon","coordinates":[[[15.6412,40.7134],[15.6398,40.716],[15.6383,40.7132],[15.6412,40.7134]]]}},{"type":"Feature","properties":{"landuse":"farmland"},"geometry":{"type":"Polygon","coordinates":[[[15.6436,40.7131],[15.6432,40.7113],[15.6448,40.7114],[15.6436,40.7131]]]}},{"type":"Feature","properties":{"landuse":"farmland"},"geometry":{"type":"Polygon","coordinates":[[[15.6464,40.7089],[15.6456,40.7077],[15.6485,40.7086],[15.6464,40.7089]]]}},{"type":"Feature","properties":{"landuse":"farmland"},"geometry":{"type":"Polygon","coordinates":[[[15.6399,40.7102],[15.6395,40.7112],[15.6384,40.7101],[15.6399,40.7102]]]}},{"type":"Feature","properties":{"landuse":"farmland"},"geometry":{"type":"Polygon","coordinates":[[[15.6303,40.7107],[15.628,40.7084],[15.6306,40.708],[15.6303,40.7107]]]}},{"type":"Feature","properties":{"landuse":"farmland"},"geometry":{"type":"Polygon","coordinates":[[[15.624,40.7107],[15.6253,40.7101],[15.6252,40.7121],[15.624,40.7107]]]}},{"type":"Feature","properties":{"landuse":"farmland"},"geometry":{"type":"Polygon","coordinates":[[[15.6202,40.7181],[15.6182,40.717],[15.6218,40.7182],[15.6202,40.7181]]]}},{"type":"Feature","properties":{"landuse":"farmland"},"geometry":{"type":"Polygon","coordinates":[[[15.6165,40.7199],[15.6172,40.7187],[15.6189,40.7188],[15.6165,40.7199]]]}},{"type":"Feature","properties":{"landuse":"farmland"},"geometry":{"type":"Polygon","coordinates":[[[15.6292,40.7225],[15.6231,40.7248],[15.6245,40.7217],[15.6292,40.7225]]]}},{"type":"Feature","properties":{"landuse":"farmland"},"geometry":{"type":"Polygon","coordinates":[[[15.6219,40.7242],[15.6224,40.7216],[15.6239,40.7216],[15.6219,40.7242]]]}},{"type":"Feature","properties":{"landuse":"farmland"},"geometry":{"type":"Polygon","coordinates":[[[15.6023,40.7171],[15.6016,40.7154],[15.6034,40.7157],[15.6023,40.7171]]]}},{"type":"Feature","properties":{"landuse":"farmland"},"geometry":{"type":"Polygon","coordinates":[[[15.6124,40.718],[15.6144,40.7201],[15.6084,40.7168],[15.6124,40.718]]]}},{"type":"Feature","properties":{"landuse":"farmland"},"geometry":{"type":"Polygon","coordinates":[[[15.6123,40.7179],[15.6108,40.7173],[15.6136,40.717],[15.6123,40.7179]]]}},{"type":"Feature","properties":{"landuse":"farmland"},"geometry":{"type":"Polygon","coordinates":[[[15.597,40.7196],[15.5957,40.7196],[15.5964,40.7186],[15.597,40.7196]]]}},{"type":"Feature","properties":{"landuse":"farmland"},"geometry":{"type":"Polygon","coordinates":[[[15.5881,40.715],[15.5891,40.7162],[15.5872,40.7155],[15.5881,40.715]]]}},{"type":"Feature","properties":{"landuse":"farmland"},"geometry":{"type":"Polygon","coordinates":[[[15.5832,40.7247],[15.5849,40.7266],[15.582,40.7249],[15.5839,40.7225],[15.5832,40.7247]]]}},{"type":"Feature","properties":{"landuse":"farmland"},"geometry":{"type":"Polygon","coordinates":[[[15.5971,40.7242],[15.595,40.7252],[15.5957,40.7237],[15.5971,40.7242]]]}},{"type":"Feature","properties":{"landuse":"farmland"},"geometry":{"type":"Polygon","coordinates":[[[15.5911,40.7235],[15.5905,40.7211],[15.5943,40.7256],[15.5911,40.7235]]]}},{"type":"Feature","properties":{"landuse":"farmland"},"geometry":{"type":"Polygon","coordinates":[[[15.6442,40.7301],[15.6431,40.7295],[15.6471,40.7291],[15.6442,40.7301]]]}},{"type":"Feature","properties":{"landuse":"farmland"},"geometry":{"type":"Polygon","coordinates":[[[15.6311,40.726],[15.6286,40.7258],[15.6306,40.725],[15.6311,40.726]]]}},{"type":"Feature","properties":{"landuse":"farmland"},"geometry":{"type":"Polygon","coordinates":[[[15.6313,40.7279],[15.6297,40.7278],[15.631,40.727],[15.6313,40.7279]]]}},{"type":"Feature","properties":{"landuse":"farmland"},"geometry":{"type":"Polygon","coordinates":[[[15.6261,40.7274],[15.6223,40.7274],[15.6231,40.7252],[15.6261,40.7274]]]}},{"type":"Feature","properties":{"landuse":"farmland"},"geometry":{"type":"Polygon","coordinates":[[[15.6163,40.7252],[15.619,40.7244],[15.6144,40.7267],[15.6153,40.7235],[15.6163,40.7252]]]}},{"type":"Feature","properties":{"landuse":"farmland"},"geometry":{"type":"Polygon","coordinates":[[[15.5994,40.7239],[15.5975,40.7242],[15.6005,40.7229],[15.5994,40.7239]]]}},{"type":"Feature","properties":{"landuse":"farmland"},"geometry":{"type":"Polygon","coordinates":[[[15.624,40.7296],[15.6256,40.7311],[15.6234,40.7309],[15.624,40.7296]]]}},{"type":"Feature","properties":{"landuse":"farmland"},"geometry":{"type":"Polygon","coordinates":[[[15.6176,40.738],[15.6165,40.7374],[15.6189,40.7373],[15.6176,40.738]]]}},{"type":"Feature","properties":{"landuse":"farmland"},"geometry":{"type":"Polygon","coordinates":[[[15.6159,40.7325],[15.6168,40.7332],[15.6146,40.7339],[15.6159,40.7325]]]}},{"type":"Feature","properties":{"landuse":"farmland"},"geometry":{"type":"Polygon","coordinates":[[[15.613,40.7346],[15.6136,40.7336],[15.6137,40.7352],[15.613,40.7346]]]}},{"type":"Feature","properties":{"landuse":"farmland"},"geometry":{"type":"Polygon","coordinates":[[[15.563,40.7369],[15.5621,40.7346],[15.5635,40.7339],[15.563,40.7369]]]}},{"type":"Feature","properties":{"landuse":"farmland"},"geometry":{"type":"Polygon","coordinates":[[[15.5557,40.7382],[15.5547,40.7365],[15.5571,40.7378],[15.5557,40.7382]]]}},{"type":"Feature","properties":{"landuse":"farmland"},"geometry":{"type":"Polygon","coordinates":[[[15.5534,40.7383],[15.555,40.7382],[15.5532,40.7394],[15.5534,40.7383]]]}},{"type":"Feature","properties":{"landuse":"farmland"},"geometry":{"type":"Polygon","coordinates":[[[15.5533,40.7368],[15.5545,40.7338],[15.5573,40.7319],[15.5533,40.7368]]]}},{"type":"Feature","properties":{"landuse":"farmland"},"geometry":{"type":"Polygon","coordinates":[[[15.5529,40.7391],[15.5511,40.7399],[15.5504,40.7387],[15.5529,40.7391]]]}},{"type":"Feature","properties":{"landuse":"farmland"},"geometry":{"type":"Polygon","coordinates":[[[15.5474,40.74],[15.5496,40.7398],[15.5478,40.7411],[15.5474,40.74]]]}},{"type":"Feature","properties":{"landuse":"farmland"},"geometry":{"type":"Polygon","coordinates":[[[15.5515,40.7369],[15.5518,40.7383],[15.5497,40.7378],[15.5515,40.7369]]]}},{"type":"Feature","properties":{"landuse":"farmland"},"geometry":{"type":"Polygon","coordinates":[[[15.5469,40.7416],[15.5445,40.7435],[15.5439,40.7422],[15.5469,40.7416]]]}},{"type":"Feature","properties":{"landuse":"farmland"},"geometry":{"type":"Polygon","coordinates":[[[15.5663,40.7378],[15.567,40.7423],[15.5642,40.737],[15.5679,40.7392],[15.5663,40.7378]]]}},{"type":"Feature","properties":{"landuse":"farmland"},"geometry":{"type":"Polygon","coordinates":[[[15.5647,40.74],[15.5669,40.7424],[15.562,40.7418],[15.5619,40.7392],[15.5647,40.74]]]}},{"type":"Feature","properties":{"landuse":"farmland"},"geometry":{"type":"Polygon","coordinates":[[[15.5557,40.7409],[15.5567,40.7418],[15.5541,40.7417],[15.5557,40.7409]]]}},{"type":"Feature","properties":{"landuse":"farmland"},"geometry":{"type":"Polygon","coordinates":[[[15.54,40.7468],[15.5379,40.7481],[15.5394,40.7462],[15.54,40.7468]]]}},{"type":"Feature","properties":{"landuse":"farmland"},"geometry":{"type":"Polygon","coordinates":[[[15.5456,40.7392],[15.5463,40.7368],[15.5481,40.7382],[15.5456,40.7392]]]}},{"type":"Feature","properties":{"landuse":"farmland"},"geometry":{"type":"Polygon","coordinates":[[[15.5486,40.7359],[15.5479,40.7332],[15.5501,40.7361],[15.5486,40.7359]]]}},{"type":"Feature","properties":{"landuse":"farmland"},"geometry":{"type":"Polygon","coordinates":[[[15.5459,40.7332],[15.544,40.7325],[15.5455,40.7321],[15.5459,40.7332]]]}},{"type":"Feature","properties":{"landuse":"farmland"},"geometry":{"type":"Polygon","coordinates":[[[15.5475,40.7354],[15.5466,40.7361],[15.5462,40.7345],[15.5475,40.7354]]]}},{"type":"Feature","properties":{"landuse":"farmland"},"geometry":{"type":"Polygon","coordinates":[[[15.5392,40.7398],[15.5388,40.7402],[15.5377,40.7386],[15.5392,40.7398]]]}},{"type":"Feature","properties":{"landuse":"farmland"},"geometry":{"type":"Polygon","coordinates":[[[15.5431,40.7355],[15.5418,40.735],[15.5437,40.7349],[15.5436,40.7364],[15.5431,40.7355]]]}},{"type":"Feature","properties":{"landuse":"farmland"},"geometry":{"type":"Polygon","coordinates":[[[15.5389,40.7353],[15.5414,40.7355],[15.5398,40.7365],[15.5389,40.7353]]]}},{"type":"Feature","properties":{"landuse":"farmland"},"geometry":{"type":"Polygon","coordinates":[[[15.5382,40.738],[15.5365,40.737],[15.5389,40.7378],[15.5382,40.738]]]}},{"type":"Feature","properties":{"landuse":"farmland"},"geometry":{"type":"Polygon","coordinates":[[[15.5368,40.7318],[15.5349,40.7325],[15.5363,40.7302],[15.5382,40.7321],[15.5354,40.7335],[15.5368,40.7318]]]}},{"type":"Feature","properties":{"landuse":"farmland"},"geometry":{"type":"Polygon","coordinates":[[[15.546,40.7321],[15.5444,40.7308],[15.5472,40.7291],[15.546,40.7321]]]}},{"type":"Feature","properties":{"landuse":"orchard"},"geometry":{"type":"Polygon","coordinates":[[[15.5454,40.7297],[15.5441,40.7307],[15.5438,40.7295],[15.5454,40.7297]]]}},{"type":"Feature","properties":{"landuse":"farmland"},"geometry":{"type":"Polygon","coordinates":[[[15.5315,40.7296],[15.5322,40.7304],[15.5309,40.7301],[15.5315,40.7296]]]}},{"type":"Feature","properties":{"landuse":"farmland"},"geometry":{"type":"Polygon","coordinates":[[[15.5334,40.7267],[15.5346,40.7281],[15.5332,40.7287],[15.5334,40.7267]]]}},{"type":"Feature","properties":{"landuse":"farmland"},"geometry":{"type":"Polygon","coordinates":[[[15.5344,40.7268],[15.5354,40.7251],[15.5356,40.7278],[15.5344,40.7268]]]}},{"type":"Feature","properties":{"landuse":"farmland"},"geometry":{"type":"Polygon","coordinates":[[[15.5386,40.7287],[15.5356,40.7282],[15.5396,40.7277],[15.5386,40.7287]]]}},{"type":"Feature","properties":{"landuse":"farmland"},"geometry":{"type":"Polygon","coordinates":[[[15.5481,40.7267],[15.5494,40.7258],[15.5494,40.7272],[15.5481,40.7267]]]}},{"type":"Feature","properties":{"landuse":"farmland"},"geometry":{"type":"Polygon","coordinates":[[[15.5499,40.7196],[15.5511,40.7194],[15.5489,40.7208],[15.5499,40.7196]]]}},{"type":"Feature","properties":{"landuse":"farmland"},"geometry":{"type":"Polygon","coordinates":[[[15.5481,40.7227],[15.5509,40.7197],[15.5493,40.7254],[15.5481,40.7227]]]}},{"type":"Feature","properties":{"landuse":"farmland"},"geometry":{"type":"Polygon","coordinates":[[[15.5397,40.7222],[15.5359,40.7206],[15.5406,40.7166],[15.5454,40.72],[15.5396,40.7192],[15.5397,40.7222]]]}},{"type":"Feature","properties":{"landuse":"farmland"},"geometry":{"type":"Polygon","coordinates":[[[15.5456,40.7203],[15.543,40.7177],[15.5449,40.7176],[15.5456,40.7203]]]}},{"type":"Feature","properties":{"landuse":"farmland"},"geometry":{"type":"Polygon","coordinates":[[[15.5474,40.7162],[15.5498,40.7194],[15.5462,40.7179],[15.5474,40.7162]]]}},{"type":"Feature","properties":{"landuse":"farmland"},"geometry":{"type":"Polygon","coordinates":[[[15.5503,40.7186],[15.5493,40.716],[15.5515,40.719],[15.5503,40.7186]]]}},{"type":"Feature","properties":{"landuse":"farmland"},"geometry":{"type":"Polygon","coordinates":[[[15.5516,40.7145],[15.5511,40.7151],[15.5503,40.7122],[15.5516,40.7145]]]}},{"type":"Feature","properties":{"landuse":"farmland"},"geometry":{"type":"Polygon","coordinates":[[[15.5498,40.716],[15.5508,40.7151],[15.5516,40.7179],[15.5498,40.716]]]}},{"type":"Feature","properties":{"landuse":"farmland"},"geometry":{"type":"Polygon","coordinates":[[[15.556,40.7103],[15.5566,40.7217],[15.5507,40.7266],[15.55,40.7222],[15.5525,40.7206],[15.5528,40.7227],[15.5515,40.7196],[15.5546,40.7161],[15.5523,40.7131],[15.5559,40.7079],[15.556,40.7103]]]}},{"type":"Feature","properties":{"landuse":"farmland"},"geometry":{"type":"Polygon","coordinates":[[[15.5505,40.7096],[15.5533,40.7028],[15.5559,40.7072],[15.5518,40.7142],[15.5505,40.7096]]]}},{"type":"Feature","properties":{"landuse":"farmland"},"geometry":{"type":"Polygon","coordinates":[[[15.5489,40.7074],[15.5458,40.7066],[15.5464,40.7035],[15.5489,40.7074]]]}},{"type":"Feature","properties":{"landuse":"farmland"},"geometry":{"type":"Polygon","coordinates":[[[15.549,40.703],[15.5498,40.7029],[15.548,40.7052],[15.549,40.703]]]}},{"type":"Feature","properties":{"landuse":"farmland"},"geometry":{"type":"Polygon","coordinates":[[[15.5506,40.7025],[15.5501,40.7029],[15.5498,40.7011],[15.5506,40.7025]]]}},{"type":"Feature","properties":{"landuse":"farmland"},"geometry":{"type":"Polygon","coordinates":[[[15.5515,40.6991],[15.5524,40.6997],[15.5511,40.7001],[15.5515,40.6991]]]}},{"type":"Feature","properties":{"landuse":"farmland"},"geometry":{"type":"Polygon","coordinates":[[[15.545,40.6998],[15.5505,40.7],[15.5446,40.7006],[15.545,40.6998]]]}},{"type":"Feature","properties":{"landuse":"farmland"},"geometry":{"type":"Polygon","coordinates":[[[15.538,40.7005],[15.5417,40.699],[15.5445,40.7006],[15.538,40.7005]]]}},{"type":"Feature","properties":{"landuse":"farmland"},"geometry":{"type":"Polygon","coordinates":[[[15.5369,40.7004],[15.5349,40.6997],[15.5362,40.6983],[15.5369,40.7004]]]}},{"type":"Feature","properties":{"landuse":"farmland"},"geometry":{"type":"Polygon","coordinates":[[[15.5409,40.7032],[15.5441,40.7022],[15.5442,40.7046],[15.5409,40.7032]]]}},{"type":"Feature","properties":{"landuse":"farmland"},"geometry":{"type":"Polygon","coordinates":[[[15.5322,40.7352],[15.5311,40.7353],[15.5325,40.7337],[15.5322,40.7352]]]}},{"type":"Feature","properties":{"landuse":"farmland"},"geometry":{"type":"Polygon","coordinates":[[[15.5294,40.7337],[15.5265,40.7335],[15.5274,40.7311],[15.5294,40.7337]]]}},{"type":"Feature","properties":{"landuse":"farmland"},"geometry":{"type":"Polygon","coordinates":[[[15.5298,40.7327],[15.5278,40.7308],[15.5302,40.7304],[15.5298,40.7327]]]}},{"type":"Feature","properties":{"landuse":"farmland"},"geometry":{"type":"Polygon","coordinates":[[[15.5253,40.7343],[15.5254,40.7354],[15.5234,40.735],[15.5253,40.7343]]]}},{"type":"Feature","properties":{"landuse":"farmland"},"geometry":{"type":"Polygon","coordinates":[[[15.5249,40.7382],[15.5262,40.738],[15.524,40.7388],[15.5218,40.7369],[15.5249,40.7382]]]}},{"type":"Feature","properties":{"landuse":"farmland"},"geometry":{"type":"Polygon","coordinates":[[[15.5228,40.745],[15.5233,40.7459],[15.5208,40.7474],[15.5228,40.745]]]}},{"type":"Feature","properties":{"landuse":"farmland"},"geometry":{"type":"Polygon","coordinates":[[[15.5228,40.7481],[15.5239,40.7469],[15.5235,40.7495],[15.5228,40.7481]]]}},{"type":"Feature","properties":{"landuse":"farmland"},"geometry":{"type":"Polygon","coordinates":[[[15.5211,40.7495],[15.5217,40.752],[15.5205,40.752],[15.5211,40.7495]]]}},{"type":"Feature","properties":{"landuse":"farmland"},"geometry":{"type":"Polygon","coordinates":[[[15.5281,40.7403],[15.529,40.7402],[15.5264,40.7409],[15.5281,40.7403]]]}},{"type":"Feature","properties":{"landuse":"farmland"},"geometry":{"type":"Polygon","coordinates":[[[15.5262,40.7424],[15.5271,40.743],[15.5239,40.7429],[15.5262,40.7424]]]}},{"type":"Feature","properties":{"landuse":"farmland"},"geometry":{"type":"Polygon","coordinates":[[[15.5335,40.7498],[15.532,40.7517],[15.532,40.7501],[15.5335,40.7498]]]}},{"type":"Feature","properties":{"landuse":"orchard"},"geometry":{"type":"Polygon","coordinates":[[[15.5348,40.75],[15.5337,40.7494],[15.5344,40.7479],[15.5348,40.75]]]}},{"type":"Feature","properties":{"landuse":"orchard"},"geometry":{"type":"Polygon","coordinates":[[[15.545,40.7476],[15.5457,40.7463],[15.5461,40.7474],[15.545,40.7476]]]}},{"type":"Feature","properties":{"landuse":"farmland"},"geometry":{"type":"Polygon","coordinates":[[[15.5524,40.7499],[15.5514,40.75],[15.5523,40.7485],[15.5524,40.7499]]]}},{"type":"Feature","properties":{"landuse":"farmland"},"geometry":{"type":"Polygon","coordinates":[[[15.555,40.7471],[15.5529,40.7487],[15.5533,40.7458],[15.555,40.7471]]]}},{"type":"Feature","properties":{"landuse":"farmland"},"geometry":{"type":"Polygon","coordinates":[[[15.557,40.743],[15.5547,40.7432],[15.5557,40.7415],[15.557,40.743]]]}},{"type":"Feature","properties":{"landuse":"farmland"},"geometry":{"type":"Polygon","coordinates":[[[15.563,40.7438],[15.5637,40.742],[15.5678,40.7444],[15.563,40.7438]]]}},{"type":"Feature","properties":{"landuse":"farmland"},"geometry":{"type":"Polygon","coordinates":[[[15.5566,40.7492],[15.56,40.7516],[15.5527,40.7516],[15.5566,40.7492]]]}},{"type":"Feature","properties":{"landuse":"farmland"},"geometry":{"type":"Polygon","coordinates":[[[15.5484,40.753],[15.5491,40.7516],[15.5516,40.7516],[15.5484,40.753]]]}},{"type":"Feature","properties":{"landuse":"farmland"},"geometry":{"type":"Polygon","coordinates":[[[15.5647,40.7482],[15.5619,40.7465],[15.5654,40.7446],[15.5647,40.7482]]]}},{"type":"Feature","properties":{"landuse":"farmland"},"geometry":{"type":"Polygon","coordinates":[[[15.5669,40.7454],[15.5662,40.7463],[15.5662,40.7446],[15.5669,40.7454]]]}},{"type":"Feature","properties":{"landuse":"farmland"},"geometry":{"type":"Polygon","coordinates":[[[15.6032,40.7351],[15.6055,40.7347],[15.6027,40.736],[15.6032,40.7351]]]}},{"type":"Feature","properties":{"landuse":"farmland"},"geometry":{"type":"Polygon","coordinates":[[[15.6082,40.7301],[15.6061,40.7346],[15.6034,40.7343],[15.6082,40.7301]]]}},{"type":"Feature","properties":{"landuse":"farmland"},"geometry":{"type":"Polygon","coordinates":[[[15.6041,40.7316],[15.6023,40.7346],[15.5985,40.7312],[15.6021,40.7287],[15.6068,40.7302],[15.6041,40.7316]]]}},{"type":"Feature","properties":{"landuse":"farmland"},"geometry":{"type":"Polygon","coordinates":[[[15.6062,40.7442],[15.6096,40.7434],[15.6068,40.747],[15.6062,40.7442]]]}},{"type":"Feature","properties":{"landuse":"farmland"},"geometry":{"type":"Polygon","coordinates":[[[15.5996,40.7401],[15.6026,40.7439],[15.5977,40.7392],[15.5996,40.7401]]]}},{"type":"Feature","properties":{"landuse":"farmland"},"geometry":{"type":"Polygon","coordinates":[[[15.6129,40.7514],[15.6105,40.7519],[15.6097,40.7499],[15.6129,40.7514]]]}},{"type":"Feature","properties":{"landuse":"farmland"},"geometry":{"type":"Polygon","coordinates":[[[15.6052,40.7496],[15.6034,40.7488],[15.6043,40.7481],[15.6052,40.7496]]]}},{"type":"Feature","properties":{"landuse":"farmland"},"geometry":{"type":"Polygon","coordinates":[[[15.6052,40.7458],[15.6066,40.7467],[15.6059,40.7481],[15.6052,40.7458]]]}},{"type":"Feature","properties":{"landuse":"farmland"},"geometry":{"type":"Polygon","coordinates":[[[15.596,40.7506],[15.5977,40.7459],[15.5982,40.7504],[15.596,40.7506]]]}},{"type":"Feature","properties":{"landuse":"farmland"},"geometry":{"type":"Polygon","coordinates":[[[15.5952,40.7525],[15.5954,40.7513],[15.5971,40.7519],[15.5952,40.7525]]]}},{"type":"Feature","properties":{"landuse":"farmland"},"geometry":{"type":"Polygon","coordinates":[[[15.5913,40.7465],[15.59,40.7458],[15.5901,40.7447],[15.5913,40.7465]]]}},{"type":"Feature","properties":{"landuse":"farmland"},"geometry":{"type":"Polygon","coordinates":[[[15.597,40.7453],[15.5978,40.7449],[15.5975,40.7461],[15.5952,40.7484],[15.597,40.7453]]]}},{"type":"Feature","properties":{"landuse":"farmland"},"geometry":{"type":"Polygon","coordinates":[[[15.5927,40.746],[15.5935,40.7479],[15.5923,40.7428],[15.5953,40.7445],[15.5927,40.746]]]}},{"type":"Feature","properties":{"landuse":"farmland"},"geometry":{"type":"Polygon","coordinates":[[[15.5874,40.7396],[15.5852,40.7389],[15.5878,40.7374],[15.5874,40.7396]]]}},{"type":"Feature","properties":{"landuse":"farmland"},"geometry":{"type":"Polygon","coordinates":[[[15.5933,40.7412],[15.5902,40.7441],[15.5874,40.744],[15.5933,40.7412]]]}},{"type":"Feature","properties":{"landuse":"farmland"},"geometry":{"type":"Polygon","coordinates":[[[15.5785,40.7439],[15.5844,40.7447],[15.5832,40.742],[15.5883,40.7409],[15.5843,40.7464],[15.5785,40.7439]]]}},{"type":"Feature","properties":{"landuse":"farmland"},"geometry":{"type":"Polygon","coordinates":[[[15.586,40.7469],[15.5869,40.7461],[15.5863,40.7479],[15.586,40.7469]]]}},{"type":"Feature","properties":{"landuse":"farmland"},"geometry":{"type":"Polygon","coordinates":[[[15.574,40.7507],[15.5759,40.7511],[15.5715,40.7521],[15.574,40.7507]]]}},{"type":"Feature","properties":{"landuse":"farmland"},"geometry":{"type":"Polygon","coordinates":[[[15.5529,40.7544],[15.5507,40.7533],[15.5543,40.7522],[15.5529,40.7544]]]}},{"type":"Feature","properties":{"landuse":"farmland"},"geometry":{"type":"Polygon","coordinates":[[[15.5301,40.7547],[15.5288,40.7538],[15.5306,40.7532],[15.5301,40.7547]]]}},{"type":"Feature","properties":{"landuse":"farmland"},"geometry":{"type":"Polygon","coordinates":[[[15.5202,40.7567],[15.5203,40.7552],[15.5217,40.7557],[15.5202,40.7567]]]}},{"type":"Feature","properties":{"landuse":"farmland"},"geometry":{"type":"Polygon","coordinates":[[[15.5256,40.7627],[15.5244,40.7621],[15.5257,40.7612],[15.5256,40.7627]]]}},{"type":"Feature","properties":{"landuse":"farmland"},"geometry":{"type":"Polygon","coordinates":[[[15.5344,40.7612],[15.5349,40.7623],[15.5334,40.7623],[15.5344,40.7612]]]}},{"type":"Feature","properties":{"landuse":"farmland"},"geometry":{"type":"Polygon","coordinates":[[[15.5274,40.7633],[15.5294,40.7636],[15.5272,40.7652],[15.5274,40.7633]]]}},{"type":"Feature","properties":{"landuse":"farmland"},"geometry":{"type":"Polygon","coordinates":[[[15.5297,40.7653],[15.5291,40.7672],[15.5278,40.7675],[15.5297,40.7653]]]}},{"type":"Feature","properties":{"landuse":"farmland"},"geometry":{"type":"Polygon","coordinates":[[[15.5275,40.7661],[15.5286,40.7658],[15.5266,40.7671],[15.5275,40.7661]]]}},{"type":"Feature","properties":{"landuse":"farmland"},"geometry":{"type":"Polygon","coordinates":[[[15.5353,40.7617],[15.5346,40.7648],[15.5329,40.7627],[15.5353,40.7617]]]}},{"type":"Feature","properties":{"landuse":"farmland"},"geometry":{"type":"Polygon","coordinates":[[[15.5278,40.7742],[15.5289,40.775],[15.5275,40.7758],[15.5278,40.7742]]]}},{"type":"Feature","properties":{"landuse":"farmland"},"geometry":{"type":"Polygon","coordinates":[[[15.54,40.7758],[15.5384,40.7747],[15.5403,40.7744],[15.54,40.7758]]]}},{"type":"Feature","properties":{"landuse":"farmland"},"geometry":{"type":"Polygon","coordinates":[[[15.5365,40.771],[15.5357,40.7708],[15.5372,40.7705],[15.537,40.7719],[15.5365,40.771]]]}},{"type":"Feature","properties":{"landuse":"orchard"},"geometry":{"type":"Polygon","coordinates":[[[15.5374,40.7723],[15.5371,40.7707],[15.5388,40.7722],[15.5374,40.7723]]]}},{"type":"Feature","properties":{"landuse":"farmland"},"geometry":{"type":"Polygon","coordinates":[[[15.5347,40.769],[15.5337,40.7703],[15.5334,40.7683],[15.5347,40.769]]]}},{"type":"Feature","properties":{"landuse":"farmland"},"geometry":{"type":"Polygon","coordinates":[[[15.5438,40.7696],[15.5411,40.769],[15.5431,40.7679],[15.5438,40.7696]]]}},{"type":"Feature","properties":{"landuse":"farmland"},"geometry":{"type":"Polygon","coordinates":[[[15.5443,40.7645],[15.5461,40.7673],[15.544,40.7677],[15.5443,40.7645]]]}},{"type":"Feature","properties":{"landuse":"farmland"},"geometry":{"type":"Polygon","coordinates":[[[15.5477,40.7742],[15.5485,40.7737],[15.5488,40.7749],[15.5477,40.7742]]]}},{"type":"Feature","properties":{"landuse":"farmland"},"geometry":{"type":"Polygon","coordinates":[[[15.5466,40.774],[15.5454,40.7718],[15.5477,40.7725],[15.5466,40.774]]]}},{"type":"Feature","properties":{"landuse":"farmland"},"geometry":{"type":"Polygon","coordinates":[[[15.5573,40.7773],[15.5554,40.7774],[15.5584,40.7762],[15.5573,40.7773]]]}},{"type":"Feature","properties":{"landuse":"farmland"},"geometry":{"type":"Polygon","coordinates":[[[15.5561,40.7741],[15.5536,40.7761],[15.5486,40.774],[15.5561,40.7741]]]}},{"type":"Feature","properties":{"landuse":"farmland"},"geometry":{"type":"Polygon","coordinates":[[[15.5496,40.7613],[15.5499,40.7587],[15.5515,40.7601],[15.5496,40.7613]]]}},{"type":"Feature","properties":{"landuse":"farmland"},"geometry":{"type":"Polygon","coordinates":[[[15.5513,40.7627],[15.5525,40.762],[15.5507,40.764],[15.5513,40.7627]]]}},{"type":"Feature","properties":{"landuse":"farmland"},"geometry":{"type":"Polygon","coordinates":[[[15.5456,40.7608],[15.5438,40.7621],[15.5469,40.7598],[15.5456,40.7608]]]}},{"type":"Feature","properties":{"landuse":"farmland"},"geometry":{"type":"Polygon","coordinates":[[[15.5498,40.7716],[15.5521,40.7711],[15.5507,40.7724],[15.5498,40.7716]]]}},{"type":"Feature","properties":{"landuse":"farmland"},"geometry":{"type":"Polygon","coordinates":[[[15.5628,40.7675],[15.5608,40.7686],[15.5629,40.7658],[15.5628,40.7675]]]}},{"type":"Feature","properties":{"landuse":"farmland"},"geometry":{"type":"Polygon","coordinates":[[[15.558,40.7721],[15.5587,40.7708],[15.5589,40.7734],[15.558,40.7721]]]}},{"type":"Feature","properties":{"landuse":"farmland"},"geometry":{"type":"Polygon","coordinates":[[[15.5555,40.7702],[15.5587,40.7691],[15.5578,40.7708],[15.5555,40.7702]]]}},{"type":"Feature","properties":{"landuse":"farmland"},"geometry":{"type":"Polygon","coordinates":[[[15.5497,40.693],[15.5488,40.6922],[15.5509,40.6938],[15.5497,40.693]]]}},{"type":"Feature","properties":{"landuse":"green_public_spaces"},"geometry":{"type":"Polygon","coordinates":[[[16.5807,40.6851],[16.5798,40.6866],[16.5794,40.6854],[16.5807,40.6851]]]}},{"type":"Feature","properties":{"landuse":"green_public_spaces"},"geometry":{"type":"Polygon","coordinates":[[[16.6269,40.6423],[16.6278,40.6397],[16.6277,40.6423],[16.6269,40.6423]]]}},{"type":"Feature","properties":{"landuse":"farmland"},"geometry":{"type":"Polygon","coordinates":[[[15.6737,40.6314],[15.67,40.6306],[15.6705,40.6276],[15.6737,40.6314]]]}},{"type":"Feature","properties":{"landuse":"farmland"},"geometry":{"type":"Polygon","coordinates":[[[15.6641,40.6346],[15.6625,40.6361],[15.6625,40.6343],[15.6641,40.6346]]]}},{"type":"Feature","properties":{"landuse":"farmland"},"geometry":{"type":"Polygon","coordinates":[[[15.6555,40.6045],[15.6574,40.6039],[15.6578,40.606],[15.6555,40.6045]]]}},{"type":"Feature","properties":{"landuse":"orchard"},"geometry":{"type":"Polygon","coordinates":[[[16.1653,40.6172],[16.1643,40.6172],[16.1641,40.6161],[16.1653,40.6172]]]}},{"type":"Feature","properties":{"landuse":"orchard"},"geometry":{"type":"Polygon","coordinates":[[[16.6778,40.3645],[16.673,40.3655],[16.6765,40.3633],[16.6742,40.3608],[16.6778,40.3645]]]}},{"type":"Feature","properties":{"landuse":"orchard"},"geometry":{"type":"Polygon","coordinates":[[[16.6853,40.3593],[16.684,40.3575],[16.6867,40.358],[16.6853,40.3593]]]}},{"type":"Feature","properties":{"landuse":"vineyard"},"geometry":{"type":"Polygon","coordinates":[[[16.682,40.3554],[16.6813,40.3557],[16.6804,40.3546],[16.682,40.3554]]]}},{"type":"Feature","properties":{"landuse":"orchard"},"geometry":{"type":"Polygon","coordinates":[[[16.6878,40.3545],[16.6862,40.3564],[16.6855,40.3556],[16.6878,40.3545]]]}},{"type":"Feature","properties":{"landuse":"orchard"},"geometry":{"type":"Polygon","coordinates":[[[16.6884,40.358],[16.6862,40.3568],[16.6874,40.356],[16.6884,40.358]]]}},{"type":"Feature","properties":{"landuse":"farmland"},"geometry":{"type":"Polygon","coordinates":[[[16.6889,40.3713],[16.6914,40.3715],[16.6891,40.3725],[16.6889,40.3713]]]}},{"type":"Feature","properties":{"landuse":"orchard"},"geometry":{"type":"Polygon","coordinates":[[[16.695,40.3732],[16.6927,40.3742],[16.6941,40.3725],[16.695,40.3732]]]}},{"type":"Feature","properties":{"landuse":"orchard"},"geometry":{"type":"Polygon","coordinates":[[[16.5358,40.2492],[16.5351,40.2465],[16.5359,40.2468],[16.5358,40.2492]]]}},{"type":"Feature","properties":{"landuse":"farmland"},"geometry":{"type":"Polygon","coordinates":[[[15.5094,40.8356],[15.5112,40.8346],[15.5119,40.8354],[15.5094,40.8356]]]}},{"type":"Feature","properties":{"landuse":"farmland"},"geometry":{"type":"Polygon","coordinates":[[[15.5351,40.857],[15.5382,40.8562],[15.5376,40.857],[15.5351,40.857]]]}},{"type":"Feature","properties":{"landuse":"farmland"},"geometry":{"type":"Polygon","coordinates":[[[16.5417,40.7066],[16.5464,40.7072],[16.5458,40.7095],[16.5415,40.7095],[16.5417,40.7066]]]}},{"type":"Feature","properties":{"landuse":"orchard"},"geometry":{"type":"Polygon","coordinates":[[[16.6366,40.2286],[16.6369,40.2251],[16.6402,40.225],[16.6366,40.2286]]]}},{"type":"Feature","properties":{"landuse":"farmland"},"geometry":{"type":"Polygon","coordinates":[[[16.4251,40.8092],[16.4235,40.8104],[16.4244,40.8076],[16.4251,40.8092]]]}},{"type":"Feature","properties":{"landuse":"farmland"},"geometry":{"type":"Polygon","coordinates":[[[16.0967,40.9556],[16.0948,40.9548],[16.0958,40.9537],[16.0967,40.9556]]]}},{"type":"Feature","properties":{"landuse":"farmland"},"geometry":{"type":"Polygon","coordinates":[[[16.0939,40.9576],[16.0905,40.959],[16.0881,40.9553],[16.0962,40.9556],[16.0934,40.9609],[16.0939,40.9576]]]}},{"type":"Feature","properties":{"landuse":"farmland"},"geometry":{"type":"Polygon","coordinates":[[[16.0947,40.9679],[16.0964,40.9662],[16.0955,40.9683],[16.0947,40.9679]]]}},{"type":"Feature","properties":{"landuse":"farmland"},"geometry":{"type":"Polygon","coordinates":[[[16.5785,40.7201],[16.579,40.7212],[16.5775,40.7213],[16.5785,40.7201]]]}},{"type":"Feature","properties":{"landuse":"orchard"},"geometry":{"type":"Polygon","coordinates":[[[16.5104,40.2447],[16.5117,40.243],[16.5114,40.245],[16.5104,40.2447]]]}},{"type":"Feature","properties":{"landuse":"orchard"},"geometry":{"type":"Polygon","coordinates":[[[16.5078,40.2491],[16.5078,40.2457],[16.5111,40.245],[16.5078,40.2491]]]}},{"type":"Feature","properties":{"landuse":"orchard"},"geometry":{"type":"Polygon","coordinates":[[[16.507,40.2498],[16.5087,40.2487],[16.5087,40.2498],[16.507,40.2498]]]}},{"type":"Feature","properties":{"landuse":"orchard"},"geometry":{"type":"Polygon","coordinates":[[[16.6258,40.2277],[16.6316,40.2286],[16.6276,40.2287],[16.6258,40.2277]]]}},{"type":"Feature","properties":{"landuse":"orchard"},"geometry":{"type":"Polygon","coordinates":[[[16.7044,40.2515],[16.7077,40.2493],[16.7106,40.2521],[16.7044,40.2515]]]}},{"type":"Feature","properties":{"landuse":"orchard"},"geometry":{"type":"Polygon","coordinates":[[[16.6977,40.2419],[16.6967,40.2404],[16.6992,40.2393],[16.6977,40.2419]]]}},{"type":"Feature","properties":{"landuse":"orchard"},"geometry":{"type":"Polygon","coordinates":[[[16.6977,40.2422],[16.7002,40.2455],[16.6997,40.2457],[16.6977,40.2422]]]}},{"type":"Feature","properties":{"landuse":"orchard"},"geometry":{"type":"Polygon","coordinates":[[[16.6103,40.2317],[16.6125,40.2317],[16.6123,40.2339],[16.6103,40.2317]]]}},{"type":"Feature","properties":{"landuse":"farmland"},"geometry":{"type":"Polygon","coordinates":[[[16.3839,40.1114],[16.3857,40.1105],[16.3869,40.1109],[16.3839,40.1114]]]}},{"type":"Feature","properties":{"landuse":"orchard"},"geometry":{"type":"Polygon","coordinates":[[[16.4007,40.1057],[16.3999,40.1043],[16.4008,40.1039],[16.4007,40.1057]]]}},{"type":"Feature","properties":{"landuse":"farmland"},"geometry":{"type":"Polygon","coordinates":[[[16.6802,40.2083],[16.6826,40.2061],[16.6831,40.2071],[16.6802,40.2083]]]}},{"type":"Feature","properties":{"landuse":"farmland"},"geometry":{"type":"Polygon","coordinates":[[[16.69,40.2076],[16.6899,40.2051],[16.6924,40.2072],[16.69,40.2076]]]}},{"type":"Feature","properties":{"landuse":"orchard"},"geometry":{"type":"Polygon","coordinates":[[[16.5689,40.119],[16.5685,40.1182],[16.5697,40.1179],[16.5689,40.119]]]}},{"type":"Feature","properties":{"landuse":"orchard"},"geometry":{"type":"Polygon","coordinates":[[[16.5722,40.1193],[16.5721,40.1181],[16.5735,40.1192],[16.5722,40.1193]]]}},{"type":"Feature","properties":{"landuse":"orchard"},"geometry":{"type":"Polygon","coordinates":[[[16.5711,40.1191],[16.5711,40.1181],[16.5721,40.1192],[16.5711,40.1191]]]}},{"type":"Feature","properties":{"landuse":"farmland"},"geometry":{"type":"Polygon","coordinates":[[[16.5417,40.1758],[16.5371,40.1757],[16.54,40.1739],[16.5417,40.1758]]]}},{"type":"Feature","properties":{"landuse":"farmland"},"geometry":{"type":"Polygon","coordinates":[[[16.5371,40.1756],[16.5356,40.176],[16.5371,40.1742],[16.5371,40.1756]]]}},{"type":"Feature","properties":{"landuse":"farmland"},"geometry":{"type":"Polygon","coordinates":[[[16.531,40.1769],[16.5298,40.176],[16.5318,40.1755],[16.531,40.1769]]]}},{"type":"Feature","properties":{"landuse":"farmland"},"geometry":{"type":"Polygon","coordinates":[[[16.5298,40.178],[16.5291,40.1763],[16.5311,40.1777],[16.5298,40.178]]]}},{"type":"Feature","properties":{"landuse":"orchard"},"geometry":{"type":"Polygon","coordinates":[[[16.5339,40.1757],[16.534,40.1769],[16.5314,40.1777],[16.5339,40.1757]]]}},{"type":"Feature","properties":{"landuse":"orchard"},"geometry":{"type":"Polygon","coordinates":[[[16.5209,40.1796],[16.5195,40.1794],[16.5207,40.1788],[16.5209,40.1796]]]}},{"type":"Feature","properties":{"landuse":"orchard"},"geometry":{"type":"Polygon","coordinates":[[[15.792,41.0702],[15.7925,41.0695],[15.7941,41.0702],[15.7935,41.0709],[15.792,41.0702]]]}},{"type":"Feature","properties":{"landuse":"orchard"},"geometry":{"type":"Polygon","coordinates":[[[15.7888,41.0711],[15.7894,41.0703],[15.7927,41.072],[15.7888,41.0711]]]}},{"type":"Feature","properties":{"landuse":"orchard"},"geometry":{"type":"Polygon","coordinates":[[[15.8131,41.0868],[15.815,41.0843],[15.8181,41.0867],[15.8131,41.0868]]]}},{"type":"Feature","properties":{"landuse":"orchard"},"geometry":{"type":"Polygon","coordinates":[[[15.8109,41.0852],[15.8129,41.0825],[15.8118,41.0855],[15.8109,41.0852]]]}},{"type":"Feature","properties":{"landuse":"farmland"},"geometry":{"type":"Polygon","coordinates":[[[15.8314,41.0728],[15.8326,41.0709],[15.8337,41.0711],[15.8314,41.0728]]]}},{"type":"Feature","properties":{"landuse":"farmland"},"geometry":{"type":"Polygon","coordinates":[[[15.8362,41.0599],[15.8367,41.0563],[15.8379,41.0573],[15.8362,41.0599]]]}},{"type":"Feature","properties":{"landuse":"orchard"},"geometry":{"type":"Polygon","coordinates":[[[15.8309,41.0568],[15.8293,41.0545],[15.8309,41.0541],[15.8309,41.0568]]]}},{"type":"Feature","properties":{"landuse":"orchard"},"geometry":{"type":"Polygon","coordinates":[[[15.8277,41.0379],[15.8292,41.0376],[15.8287,41.0389],[15.8277,41.0379]]]}},{"type":"Feature","properties":{"landuse":"farmland"},"geometry":{"type":"Polygon","coordinates":[[[15.8267,41.0606],[15.8249,41.0637],[15.8243,41.0635],[15.8267,41.0606]]]}},{"type":"Feature","properties":{"landuse":"farmland"},"geometry":{"type":"Polygon","coordinates":[[[15.8297,41.0652],[15.8307,41.0619],[15.8316,41.0621],[15.8297,41.0652]]]}},{"type":"Feature","properties":{"landuse":"farmland"},"geometry":{"type":"Polygon","coordinates":[[[15.8398,41.0647],[15.8403,41.0666],[15.8389,41.0661],[15.8398,41.0647]]]}},{"type":"Feature","properties":{"landuse":"farmland"},"geometry":{"type":"Polygon","coordinates":[[[15.6723,40.9364],[15.6737,40.9399],[15.668,40.9386],[15.6723,40.9364]]]}},{"type":"Feature","properties":{"landuse":"farmland"},"geometry":{"type":"Polygon","coordinates":[[[15.6737,40.9366],[15.6754,40.9373],[15.6741,40.9377],[15.6737,40.9366]]]}},{"type":"Feature","properties":{"landuse":"farmland"},"geometry":{"type":"Polygon","coordinates":[[[15.6687,40.9281],[15.6644,40.9271],[15.6664,40.9264],[15.6687,40.9281]]]}},{"type":"Feature","properties":{"landuse":"farmland"},"geometry":{"type":"Polygon","coordinates":[[[15.657,40.9308],[15.6601,40.9284],[15.6603,40.9314],[15.657,40.9308]]]}},{"type":"Feature","properties":{"landuse":"farmland"},"geometry":{"type":"Polygon","coordinates":[[[16.0207,40.7799],[16.0199,40.7811],[16.0173,40.7802],[16.0207,40.7799]]]}},{"type":"Feature","properties":{"landuse":"farmland"},"geometry":{"type":"Polygon","coordinates":[[[16.0205,40.7802],[16.0211,40.779],[16.0297,40.7808],[16.0205,40.7802]]]}},{"type":"Feature","properties":{"landuse":"farmland"},"geometry":{"type":"Polygon","coordinates":[[[16.0243,40.7808],[16.0293,40.7807],[16.0309,40.782],[16.0243,40.7808]]]}},{"type":"Feature","properties":{"landuse":"farmland"},"geometry":{"type":"Polygon","coordinates":[[[16.0199,40.7811],[16.0205,40.7802],[16.0295,40.7826],[16.0199,40.7811]]]}},{"type":"Feature","properties":{"landuse":"farmland"},"geometry":{"type":"Polygon","coordinates":[[[16.019,40.782],[16.0286,40.783],[16.0249,40.7867],[16.0185,40.7845],[16.019,40.782]]]}},{"type":"Feature","properties":{"landuse":"farmland"},"geometry":{"type":"Polygon","coordinates":[[[16.0191,40.7835],[16.0173,40.7822],[16.0204,40.783],[16.0191,40.7835]]]}},{"type":"Feature","properties":{"landuse":"farmland"},"geometry":{"type":"Polygon","coordinates":[[[16.0133,40.7822],[16.0177,40.7812],[16.015,40.7843],[16.0133,40.7822]]]}},{"type":"Feature","properties":{"landuse":"farmland"},"geometry":{"type":"Polygon","coordinates":[[[16.015,40.7843],[16.0173,40.7822],[16.0191,40.7835],[16.015,40.7843]]]}},{"type":"Feature","properties":{"landuse":"farmland"},"geometry":{"type":"Polygon","coordinates":[[[15.9036,40.6406],[15.9046,40.6393],[15.9042,40.6409],[15.9036,40.6406]]]}},{"type":"Feature","properties":{"landuse":"orchard"},"geometry":{"type":"Polygon","coordinates":[[[16.7258,40.2799],[16.728,40.2791],[16.7289,40.2808],[16.7258,40.2799]]]}},{"type":"Feature","properties":{"landuse":"orchard"},"geometry":{"type":"Polygon","coordinates":[[[16.7275,40.2816],[16.7298,40.2821],[16.7281,40.2827],[16.7275,40.2816]]]}},{"type":"Feature","properties":{"landuse":"orchard"},"geometry":{"type":"Polygon","coordinates":[[[16.7101,40.2695],[16.7148,40.2672],[16.7151,40.2677],[16.7101,40.2695]]]}},{"type":"Feature","properties":{"landuse":"orchard"},"geometry":{"type":"Polygon","coordinates":[[[16.7102,40.2695],[16.712,40.2699],[16.7106,40.2704],[16.7102,40.2695]]]}},{"type":"Feature","properties":{"landuse":"orchard"},"geometry":{"type":"Polygon","coordinates":[[[16.7107,40.2704],[16.7125,40.2707],[16.7111,40.2712],[16.7107,40.2704]]]}},{"type":"Feature","properties":{"landuse":"orchard"},"geometry":{"type":"Polygon","coordinates":[[[16.7104,40.2819],[16.7157,40.2801],[16.7108,40.2825],[16.7104,40.2819]]]}},{"type":"Feature","properties":{"landuse":"orchard"},"geometry":{"type":"Polygon","coordinates":[[[16.7108,40.2825],[16.7152,40.281],[16.7156,40.2816],[16.7108,40.2825]]]}},{"type":"Feature","properties":{"landuse":"orchard"},"geometry":{"type":"Polygon","coordinates":[[[16.7112,40.2832],[16.7163,40.2814],[16.7168,40.282],[16.7112,40.2832]]]}},{"type":"Feature","properties":{"landuse":"farmland"},"geometry":{"type":"Polygon","coordinates":[[[15.9945,40.7795],[15.9957,40.7783],[15.9971,40.7785],[15.9945,40.7795]]]}},{"type":"Feature","properties":{"landuse":"farmland"},"geometry":{"type":"Polygon","coordinates":[[[15.9978,40.7786],[15.9983,40.7776],[15.9993,40.7777],[15.9978,40.7786]]]}},{"type":"Feature","properties":{"landuse":"farmland"},"geometry":{"type":"Polygon","coordinates":[[[15.9946,40.7803],[15.9945,40.7795],[15.9972,40.7788],[15.9946,40.7803]]]}},{"type":"Feature","properties":{"landuse":"farmland"},"geometry":{"type":"Polygon","coordinates":[[[16.5522,40.7073],[16.5563,40.7012],[16.5609,40.7131],[16.5587,40.7206],[16.554,40.7216],[16.5545,40.718],[16.549,40.7164],[16.5522,40.7073]]]}},{"type":"Feature","properties":{"landuse":"farmland"},"geometry":{"type":"Polygon","coordinates":[[[16.5564,40.6928],[16.55,40.7042],[16.5522,40.7073],[16.5493,40.7117],[16.5452,40.7117],[16.5498,40.6945],[16.5564,40.6928]]]}},{"type":"Feature","properties":{"landuse":"farmland"},"geometry":{"type":"Polygon","coordinates":[[[16.5147,40.6949],[16.5142,40.7092],[16.5076,40.6988],[16.5147,40.6949]]]}},{"type":"Feature","properties":{"landuse":"green_public_spaces"},"geometry":{"type":"Polygon","coordinates":[[[16.6203,40.0998],[16.6187,40.0979],[16.6213,40.0994],[16.6203,40.0998]]]}},{"type":"Feature","properties":{"landuse":"farmland"},"geometry":{"type":"Polygon","coordinates":[[[15.7475,40.7064],[15.7499,40.7063],[15.7494,40.707],[15.7475,40.7064]]]}},{"type":"Feature","properties":{"landuse":"farmland"},"geometry":{"type":"Polygon","coordinates":[[[15.7487,40.7123],[15.7474,40.7119],[15.7491,40.711],[15.7487,40.7123]]]}},{"type":"Feature","properties":{"landuse":"farmland"},"geometry":{"type":"Polygon","coordinates":[[[15.9693,40.2694],[15.9712,40.2686],[15.9717,40.2711],[15.9693,40.2694]]]}},{"type":"Feature","properties":{"landuse":"farmland"},"geometry":{"type":"Polygon","coordinates":[[[15.9595,40.2678],[15.9613,40.269],[15.9606,40.2694],[15.9595,40.2678]]]}},{"type":"Feature","properties":{"landuse":"farmland"},"geometry":{"type":"Polygon","coordinates":[[[15.9006,40.2567],[15.8985,40.2565],[15.9066,40.2577],[15.9006,40.2567]]]}},{"type":"Feature","properties":{"landuse":"farmland"},"geometry":{"type":"Polygon","coordinates":[[[16.6772,40.2032],[16.6799,40.2003],[16.6807,40.2018],[16.6772,40.2032]]]}},{"type":"Feature","properties":{"landuse":"orchard"},"geometry":{"type":"Polygon","coordinates":[[[16.683,40.2014],[16.6829,40.1982],[16.6847,40.2009],[16.683,40.2014]]]}},{"type":"Feature","properties":{"landuse":"orchard"},"geometry":{"type":"Polygon","coordinates":[[[16.6845,40.2006],[16.6829,40.1982],[16.6845,40.1975],[16.6845,40.2006]]]}},{"type":"Feature","properties":{"landuse":"orchard"},"geometry":{"type":"Polygon","coordinates":[[[16.6861,40.1999],[16.6846,40.1975],[16.6861,40.1971],[16.6861,40.1999]]]}},{"type":"Feature","properties":{"landuse":"orchard"},"geometry":{"type":"Polygon","coordinates":[[[16.6874,40.1996],[16.6862,40.1971],[16.6882,40.1968],[16.6874,40.1996]]]}},{"type":"Feature","properties":{"landuse":"farmland"},"geometry":{"type":"Polygon","coordinates":[[[16.6846,40.2018],[16.6862,40.2012],[16.6877,40.2036],[16.6846,40.2018]]]}},{"type":"Feature","properties":{"landuse":"farmland"},"geometry":{"type":"Polygon","coordinates":[[[16.6861,40.2051],[16.6879,40.2036],[16.6884,40.2046],[16.6861,40.2051]]]}},{"type":"Feature","properties":{"landuse":"orchard"},"geometry":{"type":"Polygon","coordinates":[[[16.6858,40.2007],[16.6883,40.1997],[16.6885,40.2033],[16.6858,40.2007]]]}},{"type":"Feature","properties":{"landuse":"farmland"},"geometry":{"type":"Polygon","coordinates":[[[16.6827,40.2055],[16.6816,40.2031],[16.6845,40.2048],[16.6827,40.2055]]]}},{"type":"Feature","properties":{"landuse":"orchard"},"geometry":{"type":"Polygon","coordinates":[[[16.6826,40.202],[16.6842,40.2013],[16.6861,40.2042],[16.6826,40.202]]]}},{"type":"Feature","properties":{"landuse":"farmland"},"geometry":{"type":"Polygon","coordinates":[[[16.4306,40.7892],[16.4303,40.7871],[16.4335,40.7887],[16.4306,40.7892]]]}},{"type":"Feature","properties":{"landuse":"orchard"},"geometry":{"type":"Polygon","coordinates":[[[15.9599,40.7901],[15.9624,40.7902],[15.961,40.7908],[15.9599,40.7901]]]}},{"type":"Feature","properties":{"landuse":"orchard"},"geometry":{"type":"Polygon","coordinates":[[[15.9576,40.7901],[15.9551,40.7895],[15.9578,40.7889],[15.9576,40.7901]]]}},{"type":"Feature","properties":{"landuse":"orchard"},"geometry":{"type":"Polygon","coordinates":[[[15.9541,40.792],[15.9532,40.7907],[15.955,40.7912],[15.9541,40.792]]]}},{"type":"Feature","properties":{"landuse":"farmland"},"geometry":{"type":"Polygon","coordinates":[[[15.9456,40.797],[15.9455,40.7957],[15.9472,40.7969],[15.9456,40.797]]]}},{"type":"Feature","properties":{"landuse":"farmland"},"geometry":{"type":"Polygon","coordinates":[[[15.9492,40.7955],[15.9488,40.794],[15.95,40.7933],[15.9492,40.7955]]]}},{"type":"Feature","properties":{"landuse":"farmland"},"geometry":{"type":"Polygon","coordinates":[[[15.9491,40.7951],[15.9473,40.7945],[15.948,40.7929],[15.9491,40.7951]]]}},{"type":"Feature","properties":{"landuse":"farmland"},"geometry":{"type":"Polygon","coordinates":[[[15.9516,40.7936],[15.9504,40.7932],[15.9529,40.7918],[15.9516,40.7936]]]}},{"type":"Feature","properties":{"landuse":"orchard"},"geometry":{"type":"Polygon","coordinates":[[[15.9565,40.7944],[15.9563,40.793],[15.9581,40.7934],[15.9565,40.7944]]]}},{"type":"Feature","properties":{"landuse":"farmland"},"geometry":{"type":"Polygon","coordinates":[[[15.9551,40.7979],[15.9563,40.7961],[15.9578,40.7968],[15.9551,40.7979]]]}},{"type":"Feature","properties":{"landuse":"farmland"},"geometry":{"type":"Polygon","coordinates":[[[15.9611,40.7919],[15.9627,40.7905],[15.964,40.7909],[15.9611,40.7919]]]}},{"type":"Feature","properties":{"landuse":"farmland"},"geometry":{"type":"Polygon","coordinates":[[[15.9611,40.794],[15.9625,40.792],[15.9638,40.7918],[15.9611,40.794]]]}},{"type":"Feature","properties":{"landuse":"farmland"},"geometry":{"type":"Polygon","coordinates":[[[15.9633,40.7892],[15.9617,40.7874],[15.963,40.7874],[15.9633,40.7892]]]}},{"type":"Feature","properties":{"landuse":"farmland"},"geometry":{"type":"Polygon","coordinates":[[[15.964,40.7885],[15.9672,40.788],[15.9653,40.7893],[15.964,40.7885]]]}},{"type":"Feature","properties":{"landuse":"farmland"},"geometry":{"type":"Polygon","coordinates":[[[15.97,40.7886],[15.969,40.7879],[15.9712,40.788],[15.97,40.7886]]]}},{"type":"Feature","properties":{"landuse":"farmland"},"geometry":{"type":"Polygon","coordinates":[[[15.9684,40.7904],[15.9667,40.7891],[15.9698,40.789],[15.9684,40.7904]]]}},{"type":"Feature","properties":{"landuse":"farmland"},"geometry":{"type":"Polygon","coordinates":[[[15.9662,40.7914],[15.966,40.7894],[15.9683,40.7904],[15.9662,40.7914]]]}},{"type":"Feature","properties":{"landuse":"green_public_spaces"},"geometry":{"type":"Polygon","coordinates":[[[15.8205,40.9622],[15.8237,40.9629],[15.8222,40.9637],[15.8205,40.9622]]]}},{"type":"Feature","properties":{"landuse":"farmland"},"geometry":{"type":"Polygon","coordinates":[[[15.8292,40.9577],[15.8292,40.9602],[15.8263,40.9585],[15.8292,40.9577]]]}},{"type":"Feature","properties":{"landuse":"farmland"},"geometry":{"type":"Polygon","coordinates":[[[15.834,40.9645],[15.8379,40.9659],[15.837,40.9667],[15.834,40.9645]]]}},{"type":"Feature","properties":{"landuse":"farmland"},"geometry":{"type":"Polygon","coordinates":[[[15.8379,40.9644],[15.8379,40.9659],[15.8341,40.9645],[15.8379,40.9644]]]}},{"type":"Feature","properties":{"landuse":"farmland"},"geometry":{"type":"Polygon","coordinates":[[[15.834,40.9641],[15.8322,40.964],[15.8333,40.9628],[15.834,40.9641]]]}},{"type":"Feature","properties":{"landuse":"farmland"},"geometry":{"type":"Polygon","coordinates":[[[15.8326,40.9632],[15.8295,40.9629],[15.8318,40.9614],[15.8326,40.9632]]]}},{"type":"Feature","properties":{"landuse":"farmland"},"geometry":{"type":"Polygon","coordinates":[[[15.8318,40.9614],[15.8295,40.9629],[15.8292,40.9606],[15.8318,40.9614]]]}},{"type":"Feature","properties":{"landuse":"farmland"},"geometry":{"type":"Polygon","coordinates":[[[15.8271,40.9619],[15.8269,40.9609],[15.8284,40.9602],[15.8271,40.9619]]]}},{"type":"Feature","properties":{"landuse":"vineyard"},"geometry":{"type":"Polygon","coordinates":[[[15.8401,40.9609],[15.8392,40.9611],[15.8394,40.9598],[15.8401,40.9609]]]}},{"type":"Feature","properties":{"landuse":"farmland"},"geometry":{"type":"Polygon","coordinates":[[[15.8373,40.9602],[15.838,40.9593],[15.8399,40.9596],[15.8373,40.9602]]]}},{"type":"Feature","properties":{"landuse":"farmland"},"geometry":{"type":"Polygon","coordinates":[[[15.838,40.9616],[15.8362,40.9616],[15.8372,40.9604],[15.838,40.9616]]]}},{"type":"Feature","properties":{"landuse":"vineyard"},"geometry":{"type":"Polygon","coordinates":[[[15.8349,40.9624],[15.8368,40.959],[15.8366,40.9621],[15.8349,40.9624]]]}},{"type":"Feature","properties":{"landuse":"vineyard"},"geometry":{"type":"Polygon","coordinates":[[[15.8347,40.9612],[15.8328,40.9604],[15.836,40.9589],[15.8347,40.9612]]]}},{"type":"Feature","properties":{"landuse":"vineyard"},"geometry":{"type":"Polygon","coordinates":[[[15.8326,40.9585],[15.8277,40.9571],[15.828,40.9539],[15.8404,40.9529],[15.8435,40.9587],[15.8326,40.9585]]]}},{"type":"Feature","properties":{"landuse":"orchard"},"geometry":{"type":"Polygon","coordinates":[[[15.8265,40.9663],[15.828,40.9659],[15.8275,40.9668],[15.8265,40.9663]]]}},{"type":"Feature","properties":{"landuse":"vineyard"},"geometry":{"type":"Polygon","coordinates":[[[15.8314,40.9756],[15.8307,40.9735],[15.8338,40.9759],[15.8314,40.9756]]]}},{"type":"Feature","properties":{"landuse":"farmland"},"geometry":{"type":"Polygon","coordinates":[[[15.83,40.9807],[15.8295,40.9729],[15.8317,40.9787],[15.83,40.9807]]]}},{"type":"Feature","properties":{"landuse":"farmland"},"geometry":{"type":"Polygon","coordinates":[[[15.8349,40.9792],[15.8326,40.982],[15.8326,40.9795],[15.8349,40.9792]]]}},{"type":"Feature","properties":{"landuse":"farmland"},"geometry":{"type":"Polygon","coordinates":[[[15.8349,40.9792],[15.8332,40.9789],[15.8348,40.9783],[15.8349,40.9792]]]}},{"type":"Feature","properties":{"landuse":"farmland"},"geometry":{"type":"Polygon","coordinates":[[[15.8334,40.979],[15.8312,40.9812],[15.8318,40.9781],[15.8334,40.979]]]}},{"type":"Feature","properties":{"landuse":"farmland"},"geometry":{"type":"Polygon","coordinates":[[[15.8343,40.9766],[15.8325,40.979],[15.831,40.9763],[15.8343,40.9766]]]}},{"type":"Feature","properties":{"landuse":"farmland"},"geometry":{"type":"Polygon","coordinates":[[[15.8406,40.9797],[15.8362,40.9818],[15.8326,40.9738],[15.8376,40.9769],[15.8357,40.9793],[15.8406,40.9797]]]}},{"type":"Feature","properties":{"landuse":"vineyard"},"geometry":{"type":"Polygon","coordinates":[[[15.8296,40.9717],[15.8313,40.9725],[15.8295,40.9729],[15.8296,40.9717]]]}},{"type":"Feature","properties":{"landuse":"orchard"},"geometry":{"type":"Polygon","coordinates":[[[15.7697,40.0843],[15.7697,40.086],[15.7686,40.0855],[15.7697,40.0843]]]}},{"type":"Feature","properties":{"landuse":"orchard"},"geometry":{"type":"Polygon","coordinates":[[[16.2874,40.1516],[16.2895,40.1507],[16.2904,40.1555],[16.2874,40.1516]]]}},{"type":"Feature","properties":{"landuse":"orchard"},"geometry":{"type":"Polygon","coordinates":[[[16.2852,40.1522],[16.2866,40.1517],[16.2884,40.1546],[16.2852,40.1522]]]}},{"type":"Feature","properties":{"landuse":"orchard"},"geometry":{"type":"Polygon","coordinates":[[[16.2908,40.1546],[16.2916,40.1536],[16.2929,40.1554],[16.2908,40.1546]]]}},{"type":"Feature","properties":{"landuse":"orchard"},"geometry":{"type":"Polygon","coordinates":[[[16.2958,40.1514],[16.2976,40.1495],[16.2963,40.1537],[16.2958,40.1514]]]}},{"type":"Feature","properties":{"landuse":"farmland"},"geometry":{"type":"Polygon","coordinates":[[[16.2949,40.1529],[16.2927,40.1548],[16.2914,40.1533],[16.2949,40.1529]]]}},{"type":"Feature","properties":{"landuse":"orchard"},"geometry":{"type":"Polygon","coordinates":[[[16.2936,40.153],[16.2923,40.1531],[16.2926,40.152],[16.2936,40.153]]]}},{"type":"Feature","properties":{"landuse":"orchard"},"geometry":{"type":"Polygon","coordinates":[[[16.284,40.1438],[16.2826,40.1466],[16.2815,40.1448],[16.284,40.1438]]]}},{"type":"Feature","properties":{"landuse":"orchard"},"geometry":{"type":"Polygon","coordinates":[[[16.2816,40.1471],[16.2839,40.1466],[16.2822,40.1478],[16.2816,40.1471]]]}},{"type":"Feature","properties":{"landuse":"orchard"},"geometry":{"type":"Polygon","coordinates":[[[16.2848,40.1462],[16.2863,40.1457],[16.2867,40.1466],[16.2848,40.1462]]]}},{"type":"Feature","properties":{"landuse":"orchard"},"geometry":{"type":"Polygon","coordinates":[[[16.2836,40.143],[16.2816,40.1424],[16.2847,40.1414],[16.2836,40.143]]]}},{"type":"Feature","properties":{"landuse":"farmland"},"geometry":{"type":"Polygon","coordinates":[[[16.3454,40.0882],[16.3418,40.0892],[16.3436,40.0872],[16.3454,40.0882]]]}},{"type":"Feature","properties":{"landuse":"farmland"},"geometry":{"type":"Polygon","coordinates":[[[16.3445,40.093],[16.3459,40.0914],[16.3459,40.0924],[16.3445,40.093]]]}},{"type":"Feature","properties":{"landuse":"farmland"},"geometry":{"type":"Polygon","coordinates":[[[16.3419,40.0934],[16.3404,40.0943],[16.3375,40.0944],[16.3419,40.0934]]]}},{"type":"Feature","properties":{"landuse":"orchard"},"geometry":{"type":"Polygon","coordinates":[[[16.2817,40.1483],[16.2799,40.1484],[16.2804,40.1465],[16.2817,40.1483]]]}},{"type":"Feature","properties":{"landuse":"orchard"},"geometry":{"type":"Polygon","coordinates":[[[16.2794,40.1469],[16.2773,40.1462],[16.2789,40.1448],[16.2794,40.1469]]]}},{"type":"Feature","properties":{"landuse":"orchard"},"geometry":{"type":"Polygon","coordinates":[[[16.2772,40.1469],[16.2778,40.1478],[16.2756,40.1478],[16.2772,40.1469]]]}},{"type":"Feature","properties":{"landuse":"orchard"},"geometry":{"type":"Polygon","coordinates":[[[16.28,40.152],[16.2812,40.1497],[16.2817,40.1554],[16.28,40.152]]]}},{"type":"Feature","properties":{"landuse":"orchard"},"geometry":{"type":"Polygon","coordinates":[[[16.279,40.1533],[16.277,40.1532],[16.2784,40.1501],[16.279,40.1533]]]}},{"type":"Feature","properties":{"landuse":"vineyard"},"geometry":{"type":"Polygon","coordinates":[[[16.2783,40.1547],[16.277,40.1533],[16.279,40.1533],[16.2783,40.1547]]]}},{"type":"Feature","properties":{"landuse":"orchard"},"geometry":{"type":"Polygon","coordinates":[[[16.2778,40.1551],[16.2761,40.1558],[16.2767,40.1548],[16.2778,40.1551]]]}},{"type":"Feature","properties":{"landuse":"orchard"},"geometry":{"type":"Polygon","coordinates":[[[16.2839,40.1543],[16.283,40.1522],[16.2852,40.152],[16.2839,40.1543]]]}},{"type":"Feature","properties":{"landuse":"orchard"},"geometry":{"type":"Polygon","coordinates":[[[16.2836,40.1548],[16.2828,40.1549],[16.2823,40.1522],[16.2836,40.1548]]]}},{"type":"Feature","properties":{"landuse":"orchard"},"geometry":{"type":"Polygon","coordinates":[[[16.2825,40.1496],[16.283,40.1509],[16.2812,40.1519],[16.2825,40.1496]]]}},{"type":"Feature","properties":{"landuse":"orchard"},"geometry":{"type":"Polygon","coordinates":[[[16.2767,40.1569],[16.2755,40.1581],[16.2753,40.1565],[16.2767,40.1569]]]}},{"type":"Feature","properties":{"landuse":"orchard"},"geometry":{"type":"Polygon","coordinates":[[[16.2851,40.1569],[16.2843,40.1582],[16.2815,40.1578],[16.2851,40.1569]]]}},{"type":"Feature","properties":{"landuse":"green_public_spaces"},"geometry":{"type":"Polygon","coordinates":[[[15.831,40.0446],[15.8321,40.0458],[15.8299,40.0465],[15.831,40.0446]]]}},{"type":"Feature","properties":{"landuse":"orchard"},"geometry":{"type":"Polygon","coordinates":[[[16.4487,40.1704],[16.4507,40.1706],[16.4485,40.1719],[16.4487,40.1704]]]}},{"type":"Feature","properties":{"landuse":"orchard"},"geometry":{"type":"Polygon","coordinates":[[[16.4541,40.1783],[16.4536,40.1804],[16.4521,40.18],[16.4541,40.1783]]]}},{"type":"Feature","properties":{"landuse":"farmland"},"geometry":{"type":"Polygon","coordinates":[[[16.4481,40.1697],[16.4466,40.1696],[16.448,40.1684],[16.4481,40.1697]]]}},{"type":"Feature","properties":{"landuse":"farmland"},"geometry":{"type":"Polygon","coordinates":[[[16.4398,40.164],[16.4384,40.1653],[16.4409,40.1621],[16.4398,40.164]]]}},{"type":"Feature","properties":{"landuse":"farmland"},"geometry":{"type":"Polygon","coordinates":[[[16.438,40.1666],[16.4345,40.1666],[16.436,40.1651],[16.438,40.1666]]]}},{"type":"Feature","properties":{"landuse":"farmland"},"geometry":{"type":"Polygon","coordinates":[[[16.4372,40.1645],[16.4356,40.164],[16.4371,40.1628],[16.4372,40.1645]]]}},{"type":"Feature","properties":{"landuse":"farmland"},"geometry":{"type":"Polygon","coordinates":[[[16.4382,40.1641],[16.4374,40.1632],[16.4387,40.1621],[16.4382,40.1641]]]}},{"type":"Feature","properties":{"landuse":"farmland"},"geometry":{"type":"Polygon","coordinates":[[[16.4749,40.1816],[16.4735,40.1814],[16.4751,40.1804],[16.4749,40.1816]]]}},{"type":"Feature","properties":{"landuse":"farmland"},"geometry":{"type":"Polygon","coordinates":[[[16.4696,40.186],[16.4701,40.1876],[16.4679,40.1865],[16.4696,40.186]]]}},{"type":"Feature","properties":{"landuse":"farmland"},"geometry":{"type":"Polygon","coordinates":[[[16.4783,40.178],[16.4768,40.1782],[16.4769,40.177],[16.4783,40.178]]]}},{"type":"Feature","properties":{"landuse":"farmland"},"geometry":{"type":"Polygon","coordinates":[[[16.4705,40.1848],[16.4715,40.1838],[16.4712,40.1854],[16.4705,40.1848]]]}},{"type":"Feature","properties":{"landuse":"farmland"},"geometry":{"type":"Polygon","coordinates":[[[16.4728,40.1875],[16.471,40.187],[16.4724,40.1863],[16.4728,40.1875]]]}},{"type":"Feature","properties":{"landuse":"orchard"},"geometry":{"type":"Polygon","coordinates":[[[16.4672,40.1871],[16.465,40.1882],[16.4657,40.1863],[16.4672,40.1871]]]}},{"type":"Feature","properties":{"landuse":"farmland"},"geometry":{"type":"Polygon","coordinates":[[[16.4641,40.1839],[16.4631,40.1833],[16.4642,40.1823],[16.4641,40.1839]]]}},{"type":"Feature","properties":{"landuse":"farmland"},"geometry":{"type":"Polygon","coordinates":[[[16.471,40.187],[16.4696,40.1861],[16.4717,40.1859],[16.471,40.187]]]}},{"type":"Feature","properties":{"landuse":"farmland"},"geometry":{"type":"Polygon","coordinates":[[[16.473,40.1842],[16.4717,40.1836],[16.4746,40.1832],[16.473,40.1842]]]}},{"type":"Feature","properties":{"landuse":"farmland"},"geometry":{"type":"Polygon","coordinates":[[[16.4382,40.1641],[16.4374,40.1632],[16.4387,40.1621],[16.4382,40.1641]]]}},{"type":"Feature","properties":{"landuse":"orchard"},"geometry":{"type":"Polygon","coordinates":[[[16.4614,40.183],[16.4586,40.1829],[16.4612,40.1822],[16.4614,40.183]]]}},{"type":"Feature","properties":{"landuse":"farmland"},"geometry":{"type":"Polygon","coordinates":[[[16.4682,40.1887],[16.4695,40.1889],[16.467,40.1904],[16.4682,40.1887]]]}},{"type":"Feature","properties":{"landuse":"orchard"},"geometry":{"type":"Polygon","coordinates":[[[16.4771,40.1793],[16.4752,40.1782],[16.4779,40.1784],[16.4771,40.1793]]]}},{"type":"Feature","properties":{"landuse":"farmland"},"geometry":{"type":"Polygon","coordinates":[[[16.4636,40.1823],[16.463,40.1824],[16.463,40.1792],[16.4636,40.1823]]]}},{"type":"Feature","properties":{"landuse":"farmland"},"geometry":{"type":"Polygon","coordinates":[[[16.4543,40.1674],[16.4528,40.1658],[16.455,40.166],[16.4543,40.1674]]]}},{"type":"Feature","properties":{"landuse":"orchard"},"geometry":{"type":"Polygon","coordinates":[[[16.5313,40.5228],[16.5285,40.5228],[16.5329,40.5188],[16.5313,40.5228]]]}},{"type":"Feature","properties":{"landuse":"orchard"},"geometry":{"type":"Polygon","coordinates":[[[16.5499,40.5185],[16.5517,40.5172],[16.5511,40.5196],[16.5499,40.5185]]]}},{"type":"Feature","properties":{"landuse":"orchard"},"geometry":{"type":"Polygon","coordinates":[[[16.5547,40.5194],[16.5565,40.5207],[16.5551,40.5211],[16.5544,40.5198],[16.5576,40.5203],[16.5547,40.5194]]]}},{"type":"Feature","properties":{"landuse":"orchard"},"geometry":{"type":"Polygon","coordinates":[[[16.5538,40.5201],[16.5532,40.5213],[16.5523,40.5199],[16.5538,40.5201]]]}},{"type":"Feature","properties":{"landuse":"farmland"},"geometry":{"type":"Polygon","coordinates":[[[16.556,40.5159],[16.5547,40.5161],[16.5546,40.515],[16.556,40.5159]]]}},{"type":"Feature","properties":{"landuse":"farmland"},"geometry":{"type":"Polygon","coordinates":[[[16.5485,40.5186],[16.5474,40.5209],[16.5457,40.5201],[16.5485,40.5186]]]}},{"type":"Feature","properties":{"landuse":"farmland"},"geometry":{"type":"Polygon","coordinates":[[[16.5485,40.5186],[16.5474,40.5209],[16.5457,40.5201],[16.5485,40.5186]]]}},{"type":"Feature","properties":{"landuse":"orchard"},"geometry":{"type":"Polygon","coordinates":[[[16.5466,40.5213],[16.5485,40.5225],[16.5446,40.5248],[16.5466,40.5213]]]}},{"type":"Feature","properties":{"landuse":"orchard"},"geometry":{"type":"Polygon","coordinates":[[[16.5433,40.5146],[16.5415,40.5153],[16.5423,40.5135],[16.5433,40.5146]]]}},{"type":"Feature","properties":{"landuse":"orchard"},"geometry":{"type":"Polygon","coordinates":[[[16.5449,40.5163],[16.5422,40.514],[16.543,40.5123],[16.5449,40.5163]]]}},{"type":"Feature","properties":{"landuse":"orchard"},"geometry":{"type":"Polygon","coordinates":[[[16.5463,40.5164],[16.5452,40.5148],[16.5477,40.5154],[16.5463,40.5164]]]}},{"type":"Feature","properties":{"landuse":"orchard"},"geometry":{"type":"Polygon","coordinates":[[[16.5449,40.5174],[16.5433,40.5168],[16.5456,40.5165],[16.5449,40.5174]]]}}]}