{"type":"FeatureCollection","features":[{"type":"Feature","properties":{"landuse":"farmland"},"geometry":{"type":"MultiPolygon","coordinates":[[[[8.2988,40.6288],[8.2969,40.6135],[8.3015,40.613],[8.2969,40.6119],[8.2977,40.6068],[8.3081,40.6022],[8.3231,40.6126],[8.3274,40.6091],[8.332,40.6258],[8.3276,40.6294],[8.3127,40.6304],[8.3128,40.628],[8.3109,40.6311],[8.2999,40.6311],[8.2988,40.6288]]],[[[8.3006,40.6313],[8.3276,40.6314],[8.3237,40.6428],[8.3289,40.6563],[8.3267,40.6674],[8.2973,40.6627],[8.2972,40.6595],[8.3018,40.6593],[8.2972,40.6575],[8.2971,40.6495],[8.3024,40.6459],[8.2971,40.6368],[8.297,40.6335],[8.3031,40.6323],[8.3006,40.6313]],[[8.3253,40.6653],[8.3273,40.6522],[8.317,40.6496],[8.318,40.6597],[8.321,40.6592],[8.3253,40.6653]]]]}},{"type":"Feature","properties":{"landuse":"farmland"},"geometry":{"type":"Polygon","coordinates":[[[8.6082,39.0471],[8.6256,39.0487],[8.6337,39.0694],[8.5996,39.0607],[8.5991,39.0524],[8.5882,39.0476],[8.5979,39.0365],[8.6082,39.0471]]]}},{"type":"Feature","properties":{"landuse":"green_public_spaces"},"geometry":{"type":"Polygon","coordinates":[[[9.4004,39.1534],[9.3994,39.1523],[9.4015,39.1507],[9.4004,39.1534]]]}},{"type":"Feature","properties":{"landuse":"farmland"},"geometry":{"type":"Polygon","coordinates":[[[8.5748,39.923],[8.5428,39.9139],[8.5483,39.9119],[8.5515,39.9157],[8.5666,39.9161],[8.5748,39.923]],[[8.5467,39.9129],[8.5462,39.913],[8.5463,39.9132],[8.5468,39.9131],[8.5467,39.9129]]]}},{"type":"Feature","properties":{"landuse":"farmland"},"geometry":{"type":"Polygon","coordinates":[[[8.5632,39.9205],[8.5494,39.9208],[8.5446,39.9163],[8.5381,39.9193],[8.5429,39.9146],[8.5632,39.9205]],[[8.5444,39.9156],[8.5435,39.9152],[8.5432,39.9156],[8.5444,39.9156]],[[8.5431,39.9151],[8.5423,39.9154],[8.5428,39.9156],[8.5431,39.9151]],[[8.5437,39.9172],[8.5442,39.9167],[8.5425,39.9162],[8.5437,39.9172]]]}},{"type":"Feature","properties":{"landuse":"farmland"},"geometry":{"type":"Polygon","coordinates":[[[8.5591,39.925],[8.5536,39.9223],[8.5526,39.9247],[8.5493,39.9211],[8.558,39.921],[8.5607,39.923],[8.5591,39.925]],[[8.5571,39.9227],[8.5577,39.9222],[8.5571,39.9221],[8.5571,39.9227]],[[8.5565,39.9233],[8.5577,39.9236],[8.5567,39.923],[8.5565,39.9233]],[[8.5586,39.924],[8.5581,39.9242],[8.5583,39.9243],[8.5586,39.924]],[[8.5523,39.9222],[8.5529,39.9215],[8.5521,39.9215],[8.5523,39.9222]]]}},{"type":"Feature","properties":{"landuse":"green_public_spaces"},"geometry":{"type":"Polygon","coordinates":[[[8.5833,39.8901],[8.5831,39.8918],[8.5821,39.8906],[8.5833,39.8901]],[[8.5826,39.8904],[8.5827,39.8909],[8.5832,39.8907],[8.5826,39.8904]]]}},{"type":"Feature","properties":{"landuse":"vineyard"},"geometry":{"type":"Polygon","coordinates":[[[9.1305,39.4875],[9.1385,39.4876],[9.1361,39.4883],[9.1414,39.4936],[9.1386,39.4953],[9.1403,39.4974],[9.1295,39.5001],[9.1303,39.4919],[9.1265,39.4949],[9.1305,39.4875]],[[9.1329,39.4894],[9.1342,39.4898],[9.1339,39.4893],[9.1329,39.4894]],[[9.1308,39.4937],[9.1322,39.4947],[9.1334,39.4935],[9.1308,39.4937]],[[9.1328,39.4976],[9.1367,39.4966],[9.1366,39.4959],[9.1328,39.4976]],[[9.1306,39.497],[9.1311,39.4976],[9.1322,39.4972],[9.1306,39.497]]]}},{"type":"Feature","properties":{"landuse":"green_public_spaces"},"geometry":{"type":"Polygon","coordinates":[[[9.1815,41.2439],[9.1812,41.2478],[9.1737,41.2468],[9.1733,41.2417],[9.1696,41.2416],[9.1655,41.2362],[9.1677,41.2328],[9.1724,41.2338],[9.1787,41.2378],[9.1815,41.2439]],[[9.1684,41.2351],[9.1686,41.2352],[9.1686,41.2351],[9.1684,41.2351]],[[9.1691,41.2351],[9.1695,41.2354],[9.1694,41.235],[9.1691,41.2351]],[[9.1728,41.2385],[9.1726,41.2383],[9.1726,41.2384],[9.1728,41.2385]],[[9.1704,41.2378],[9.1707,41.238],[9.1707,41.2378],[9.1704,41.2378]],[[9.1706,41.2372],[9.1707,41.2371],[9.1705,41.237],[9.1706,41.2372]]]}},{"type":"Feature","properties":{"landuse":"orchard"},"geometry":{"type":"Polygon","coordinates":[[[9.5783,40.3014],[9.5742,40.3043],[9.572,40.3025],[9.5744,40.2999],[9.5783,40.3014]],[[9.5765,40.3027],[9.5756,40.3022],[9.5757,40.3027],[9.5765,40.3027]],[[9.577,40.3006],[9.5773,40.3009],[9.5774,40.3007],[9.577,40.3006]],[[9.5762,40.3009],[9.5759,40.3012],[9.5767,40.3006],[9.5762,40.3009]],[[9.5737,40.3024],[9.5745,40.3023],[9.5739,40.3021],[9.5737,40.3024]],[[9.5752,40.3006],[9.5749,40.3007],[9.5751,40.3011],[9.5752,40.3006]],[[9.5748,40.3007],[9.5746,40.3008],[9.5748,40.3011],[9.5748,40.3007]],[[9.5738,40.3014],[9.5744,40.3012],[9.5739,40.3008],[9.5738,40.3014]]]}},{"type":"Feature","properties":{"landuse":"green_public_spaces"},"geometry":{"type":"MultiPolygon","coordinates":[[[[8.5575,40.7245],[8.5591,40.7235],[8.5588,40.725],[8.5575,40.7245]]],[[[8.5592,40.7234],[8.5602,40.7228],[8.5601,40.7241],[8.5592,40.7234]],[[8.5597,40.7233],[8.5597,40.7233],[8.5597,40.7234],[8.5597,40.7233]]],[[[8.5613,40.7225],[8.5618,40.7228],[8.561,40.7234],[8.5613,40.7225]]]]}},{"type":"Feature","properties":{"landuse":"farmland"},"geometry":{"type":"Polygon","coordinates":[[[9.7402,40.6032],[9.7408,40.6036],[9.7397,40.6047],[9.7402,40.6032]]]}},{"type":"Feature","properties":{"landuse":"green_public_spaces"},"geometry":{"type":"Polygon","coordinates":[[[9.7455,40.6115],[9.7438,40.6122],[9.7436,40.6109],[9.7455,40.6115]]]}},{"type":"Feature","properties":{"landuse":"green_public_spaces"},"geometry":{"type":"Polygon","coordinates":[[[9.3503,39.4929],[9.3353,39.4936],[9.3306,39.4885],[9.3259,39.4905],[9.3217,39.4875],[9.3168,39.4912],[9.3079,39.49],[9.3085,39.4855],[9.2994,39.4803],[9.2994,39.4759],[9.2906,39.4757],[9.2844,39.4714],[9.2779,39.4553],[9.2557,39.4479],[9.2452,39.4406],[9.249,39.433],[9.2469,39.4347],[9.2427,39.4308],[9.2481,39.4189],[9.2287,39.426],[9.216,39.4214],[9.219,39.4184],[9.213,39.4161],[9.2181,39.4121],[9.2136,39.4095],[9.2155,39.407],[9.2083,39.4098],[9.2094,39.4016],[9.2165,39.3954],[9.2301,39.392],[9.2264,39.3913],[9.2391,39.3815],[9.228,39.3782],[9.2329,39.3759],[9.2369,39.3621],[9.2405,39.3601],[9.2312,39.3629],[9.2203,39.3583],[9.2196,39.3563],[9.2264,39.3568],[9.2191,39.3547],[9.222,39.3521],[9.2175,39.35],[9.2256,39.3481],[9.2265,39.3443],[9.2217,39.3427],[9.2235,39.3397],[9.2172,39.3329],[9.2264,39.3218],[9.2235,39.3157],[9.2274,39.3191],[9.2306,39.3158],[9.232,39.3194],[9.2566,39.3114],[9.2668,39.3208],[9.2678,39.3338],[9.2713,39.3354],[9.2724,39.333],[9.2853,39.3411],[9.2878,39.3477],[9.2961,39.3432],[9.3018,39.3528],[9.3067,39.3513],[9.3073,39.3555],[9.3132,39.3596],[9.3231,39.3603],[9.3341,39.3534],[9.3494,39.3715],[9.362,39.3741],[9.3593,39.3687],[9.3619,39.3681],[9.376,39.3739],[9.376,39.3712],[9.3824,39.3691],[9.3817,39.3596],[9.3969,39.3507],[9.392,39.3467],[9.397,39.3388],[9.4058,39.3386],[9.4021,39.3277],[9.3959,39.3238],[9.4016,39.3215],[9.4024,39.3124],[9.391,39.3056],[9.3953,39.3038],[9.3921,39.3018],[9.3903,39.2922],[9.3869,39.2937],[9.3849,39.2879],[9.3878,39.2823],[9.3977,39.272],[9.4068,39.2741],[9.4183,39.2665],[9.4272,39.2529],[9.4238,39.241],[9.4357,39.2309],[9.4417,39.2363],[9.4456,39.2351],[9.4459,39.2403],[9.4548,39.2392],[9.4658,39.2325],[9.4775,39.2125],[9.4916,39.2343],[9.4817,39.259],[9.4858,39.2605],[9.4848,39.2669],[9.494,39.2716],[9.4896,39.2754],[9.4903,39.2816],[9.4639,39.2702],[9.4597,39.2715],[9.4677,39.2794],[9.4538,39.2768],[9.4641,39.2824],[9.4576,39.2905],[9.4653,39.2899],[9.4666,39.293],[9.4794,39.2954],[9.4811,39.3008],[9.4771,39.2991],[9.4713,39.3023],[9.4751,39.3103],[9.4647,39.3159],[9.459,39.3155],[9.4609,39.319],[9.4716,39.3218],[9.4677,39.3299],[9.4778,39.3347],[9.4806,39.3509],[9.4857,39.3497],[9.4877,39.3525],[9.4794,39.3564],[9.4801,39.3596],[9.4915,39.3663],[9.483,39.3742],[9.4902,39.3764],[9.4767,39.3859],[9.4783,39.3966],[9.4548,39.3981],[9.4563,39.4064],[9.4481,39.4111],[9.4497,39.4183],[9.452,39.4217],[9.4656,39.4189],[9.4722,39.4213],[9.4769,39.428],[9.4794,39.4291],[9.4787,39.4257],[9.4837,39.4298],[9.4857,39.4279],[9.499,39.437],[9.5036,39.4461],[9.5131,39.4467],[9.5151,39.4526],[9.5218,39.4517],[9.5208,39.4546],[9.5272,39.4574],[9.5394,39.4545],[9.5419,39.4568],[9.5391,39.4633],[9.5397,39.4756],[9.4888,39.4818],[9.471,39.4938],[9.4618,39.4867],[9.453,39.4879],[9.4463,39.4714],[9.4415,39.4708],[9.4435,39.4719],[9.4409,39.4743],[9.4427,39.4731],[9.434,39.47],[9.4371,39.4726],[9.4163,39.4772],[9.4103,39.4732],[9.4106,39.4771],[9.3608,39.4843],[9.3585,39.4942],[9.3503,39.4929]]]}},{"type":"Feature","properties":{"landuse":"green_public_spaces"},"geometry":{"type":"Polygon","coordinates":[[[9.2399,39.2897],[9.2349,39.2901],[9.2395,39.287],[9.2372,39.2891],[9.2399,39.2897]],[[9.236,39.2906],[9.2365,39.2906],[9.2362,39.2904],[9.236,39.2906]],[[9.2367,39.2906],[9.2375,39.2909],[9.2376,39.2905],[9.2367,39.2906]]]}},{"type":"Feature","properties":{"landuse":"farmland"},"geometry":{"type":"Polygon","coordinates":[[[9.5637,40.2986],[9.5619,40.2943],[9.5543,40.2912],[9.5536,40.2817],[9.5713,40.2875],[9.5734,40.2868],[9.5695,40.2854],[9.5751,40.2859],[9.5653,40.2831],[9.5769,40.2801],[9.5823,40.2723],[9.5918,40.2766],[9.5891,40.2818],[9.5913,40.2848],[9.5843,40.2843],[9.5838,40.2953],[9.5734,40.299],[9.5695,40.2984],[9.571,40.2961],[9.5637,40.2986]],[[9.5815,40.2888],[9.5803,40.289],[9.5806,40.2901],[9.5815,40.2888]],[[9.5748,40.293],[9.5757,40.2919],[9.5738,40.2917],[9.5748,40.293]],[[9.5709,40.291],[9.5719,40.2897],[9.5691,40.2906],[9.5709,40.291]],[[9.5647,40.2928],[9.5711,40.2953],[9.5722,40.2925],[9.5609,40.2903],[9.5647,40.2928]]]}},{"type":"Feature","properties":{"landuse":"orchard"},"geometry":{"type":"Polygon","coordinates":[[[9.5498,40.3014],[9.5491,40.2998],[9.5522,40.3005],[9.5498,40.3014]]]}},{"type":"Feature","properties":{"landuse":"orchard"},"geometry":{"type":"Polygon","coordinates":[[[9.5789,40.2682],[9.5836,40.2714],[9.5762,40.2776],[9.5645,40.2807],[9.5638,40.2688],[9.5737,40.2641],[9.5778,40.2744],[9.5789,40.2682]]]}},{"type":"Feature","properties":{"landuse":"farmland"},"geometry":{"type":"Polygon","coordinates":[[[9.6642,39.8039],[9.6626,39.7983],[9.6654,39.7977],[9.6669,39.803],[9.6642,39.8039]],[[9.6656,39.8035],[9.6658,39.8029],[9.6654,39.803],[9.6656,39.8035]]]}},{"type":"Feature","properties":{"landuse":"farmland"},"geometry":{"type":"Polygon","coordinates":[[[8.8405,40.948],[8.8642,40.9401],[8.8667,40.9435],[8.8659,40.9478],[8.8608,40.949],[8.8567,40.9544],[8.8405,40.948]],[[8.8592,40.9486],[8.857,40.9484],[8.859,40.9495],[8.8592,40.9486]],[[8.8478,40.9489],[8.8489,40.9491],[8.85,40.948],[8.8478,40.9489]],[[8.8477,40.9477],[8.8489,40.9479],[8.849,40.9476],[8.8477,40.9477]],[[8.861,40.9441],[8.8622,40.9437],[8.8621,40.9436],[8.861,40.9441]],[[8.8625,40.9429],[8.8652,40.9422],[8.8631,40.9421],[8.8625,40.9429]],[[8.8602,40.9451],[8.8614,40.9459],[8.8618,40.9456],[8.8602,40.9451]],[[8.8585,40.9477],[8.8588,40.9483],[8.8595,40.9473],[8.8585,40.9477]],[[8.8607,40.9483],[8.8622,40.9486],[8.8616,40.947],[8.8607,40.9483]],[[8.8576,40.9456],[8.8563,40.946],[8.857,40.9472],[8.8576,40.9456]],[[8.8548,40.9542],[8.8555,40.9541],[8.8548,40.9539],[8.8548,40.9542]],[[8.85,40.949],[8.8501,40.9491],[8.8501,40.9491],[8.85,40.949]],[[8.8492,40.9492],[8.8493,40.9491],[8.8492,40.9491],[8.8492,40.9492]],[[8.8475,40.9477],[8.8477,40.9477],[8.8476,40.9476],[8.8475,40.9477]],[[8.8458,40.9478],[8.8461,40.9477],[8.846,40.9474],[8.8458,40.9478]],[[8.842,40.9478],[8.8417,40.9472],[8.8415,40.9474],[8.842,40.9478]],[[8.8461,40.9465],[8.8462,40.9462],[8.8458,40.9462],[8.8461,40.9465]],[[8.8515,40.9469],[8.8517,40.9469],[8.8515,40.9467],[8.8515,40.9469]],[[8.8524,40.9461],[8.8525,40.9461],[8.8523,40.9461],[8.8524,40.9461]],[[8.8519,40.9456],[8.852,40.9455],[8.852,40.9454],[8.8519,40.9456]],[[8.8544,40.9462],[8.8546,40.9459],[8.8539,40.946],[8.8544,40.9462]],[[8.854,40.9468],[8.8544,40.947],[8.8543,40.9466],[8.854,40.9468]],[[8.857,40.9443],[8.8569,40.9442],[8.8569,40.9444],[8.857,40.9443]],[[8.8572,40.9431],[8.8576,40.9431],[8.8574,40.943],[8.8572,40.9431]],[[8.8587,40.9425],[8.8588,40.9425],[8.8588,40.9423],[8.8587,40.9425]],[[8.8596,40.9452],[8.8599,40.9451],[8.8596,40.945],[8.8596,40.9452]],[[8.8611,40.9435],[8.8614,40.9434],[8.8613,40.9433],[8.8611,40.9435]],[[8.8615,40.9433],[8.8616,40.9432],[8.8615,40.9432],[8.8615,40.9433]],[[8.8621,40.943],[8.8623,40.9429],[8.8621,40.9429],[8.8621,40.943]],[[8.862,40.944],[8.8621,40.9438],[8.8618,40.9438],[8.862,40.944]],[[8.8588,40.9419],[8.8587,40.9417],[8.8586,40.9418],[8.8588,40.9419]],[[8.8644,40.9451],[8.8645,40.9452],[8.8644,40.945],[8.8644,40.9451]],[[8.8667,40.9446],[8.8667,40.9445],[8.8664,40.9444],[8.8667,40.9446]],[[8.8658,40.9462],[8.866,40.9463],[8.8659,40.9461],[8.8658,40.9462]],[[8.8625,40.9485],[8.8628,40.9482],[8.8623,40.9481],[8.8625,40.9485]],[[8.8606,40.9488],[8.8608,40.9488],[8.8608,40.9487],[8.8606,40.9488]],[[8.862,40.9464],[8.8621,40.9463],[8.862,40.9463],[8.862,40.9464]],[[8.861,40.9464],[8.861,40.9466],[8.8613,40.9464],[8.861,40.9464]],[[8.8599,40.9466],[8.86,40.9467],[8.8599,40.9465],[8.8599,40.9466]],[[8.8585,40.9479],[8.8584,40.9476],[8.858,40.9479],[8.8585,40.9479]],[[8.8593,40.9495],[8.8588,40.9494],[8.8589,40.9496],[8.8593,40.9495]]]}},{"type":"Feature","properties":{"landuse":"farmland"},"geometry":{"type":"Polygon","coordinates":[[[8.2706,40.6287],[8.2578,40.6287],[8.2556,40.6228],[8.2629,40.6232],[8.2647,40.6201],[8.2578,40.6183],[8.259,40.614],[8.2695,40.6097],[8.2582,40.6054],[8.2485,40.6097],[8.2514,40.6042],[8.2607,40.603],[8.26,40.5971],[8.2652,40.5981],[8.2646,40.6008],[8.2805,40.6011],[8.2761,40.6072],[8.2742,40.6244],[8.2706,40.6287]],[[8.2681,40.6167],[8.2688,40.6168],[8.269,40.6163],[8.2683,40.6162],[8.2681,40.6167]],[[8.2635,40.6138],[8.264,40.6138],[8.2641,40.6134],[8.2635,40.6138]],[[8.2663,40.6142],[8.267,40.6143],[8.2671,40.6138],[8.2665,40.6137],[8.2663,40.6142]],[[8.2658,40.6142],[8.2641,40.6139],[8.2657,40.6147],[8.2658,40.6142]],[[8.2637,40.6011],[8.2635,40.6016],[8.2648,40.6019],[8.2649,40.6014],[8.2637,40.6011]],[[8.2613,40.6005],[8.2644,40.6012],[8.2645,40.6008],[8.2613,40.6005]],[[8.2755,40.6043],[8.2772,40.6051],[8.2775,40.6042],[8.2755,40.6043]],[[8.2742,40.6034],[8.2773,40.604],[8.2746,40.6024],[8.2742,40.6034]]]}},{"type":"Feature","properties":{"landuse":"farmland"},"geometry":{"type":"Polygon","coordinates":[[[8.2822,40.6376],[8.2861,40.6419],[8.2927,40.64],[8.2972,40.6482],[8.3021,40.6454],[8.297,40.6494],[8.2968,40.6627],[8.2719,40.6574],[8.2719,40.6306],[8.2751,40.6163],[8.2784,40.6075],[8.2842,40.6086],[8.2877,40.5996],[8.2894,40.6087],[8.2925,40.6098],[8.2907,40.6048],[8.2967,40.6055],[8.2968,40.628],[8.2913,40.6267],[8.2852,40.6173],[8.2806,40.6189],[8.2865,40.6288],[8.2803,40.6288],[8.2799,40.6366],[8.2822,40.6376]],[[8.2794,40.6087],[8.28,40.6088],[8.2804,40.6079],[8.2794,40.6087]],[[8.2806,40.6086],[8.2808,40.608],[8.2802,40.6085],[8.2806,40.6086]],[[8.2817,40.6088],[8.2819,40.6082],[8.2814,40.6081],[8.2817,40.6088]],[[8.283,40.6091],[8.2832,40.6086],[8.2823,40.6084],[8.2821,40.6089],[8.283,40.6091]],[[8.2841,40.6089],[8.2851,40.609],[8.2846,40.6084],[8.2841,40.6089]]]}},{"type":"Feature","properties":{"landuse":"green_public_spaces"},"geometry":{"type":"MultiPolygon","coordinates":[[[[9.1407,41.2439],[9.1442,41.2466],[9.1475,41.2428],[9.1513,41.2456],[9.1617,41.2425],[9.1588,41.2404],[9.1629,41.2355],[9.1735,41.242],[9.1737,41.2468],[9.1923,41.2473],[9.1948,41.2426],[9.195,41.2602],[9.1915,41.27],[9.0995,41.2572],[9.0994,41.2201],[9.1547,41.1978],[9.1638,41.2115],[9.162,41.2135],[9.1669,41.2198],[9.1644,41.2218],[9.1674,41.2294],[9.1601,41.2358],[9.1499,41.2313],[9.142,41.2321],[9.1418,41.2375],[9.1383,41.2375],[9.1407,41.2439]],[[9.1543,41.198],[9.1536,41.1986],[9.1545,41.1985],[9.1543,41.198]]],[[[9.2476,41.2431],[9.2602,41.2417],[9.2627,41.2376],[9.2698,41.2398],[9.2735,41.2315],[9.2776,41.2305],[9.278,41.2533],[9.2331,41.2758],[9.2103,41.2726],[9.1988,41.2444],[9.2075,41.2505],[9.2141,41.2466],[9.2129,41.2525],[9.2158,41.2549],[9.2347,41.2589],[9.2362,41.247],[9.2392,41.2449],[9.2427,41.2474],[9.2476,41.2431]]]]}},{"type":"Feature","properties":{"landuse":"vineyard"},"geometry":{"type":"MultiPolygon","coordinates":[[[[8.3331,40.6542],[8.3306,40.6553],[8.3289,40.653],[8.3331,40.6542]]],[[[8.3335,40.6543],[8.3412,40.6502],[8.3422,40.652],[8.3335,40.6543]]],[[[8.3315,40.6512],[8.3374,40.6522],[8.3334,40.6543],[8.3315,40.6512]]],[[[8.3399,40.6508],[8.3375,40.6521],[8.3303,40.6492],[8.3399,40.6508]]],[[[8.3326,40.6535],[8.3289,40.6528],[8.3264,40.6484],[8.3326,40.6535]]],[[[8.33,40.6489],[8.3248,40.6447],[8.3307,40.6453],[8.33,40.6489]]],[[[8.3421,40.6473],[8.3303,40.649],[8.3314,40.6454],[8.3421,40.6473]]],[[[8.325,40.6366],[8.3333,40.638],[8.3324,40.641],[8.3246,40.6397],[8.325,40.6366]]],[[[8.3246,40.6399],[8.3295,40.6408],[8.3289,40.6427],[8.3246,40.6399]]],[[[8.3318,40.6432],[8.3312,40.6452],[8.3241,40.6421],[8.3318,40.6432]]],[[[8.3439,40.6453],[8.3314,40.6453],[8.332,40.6432],[8.3439,40.6453]]],[[[8.3336,40.6381],[8.338,40.6389],[8.3371,40.6419],[8.3327,40.6411],[8.3336,40.6381]]],[[[8.3454,40.6435],[8.3358,40.6439],[8.3364,40.6419],[8.3454,40.6435]]],[[[8.3372,40.6419],[8.338,40.6389],[8.3429,40.6397],[8.342,40.6427],[8.3372,40.6419]]],[[[8.343,40.6397],[8.3479,40.6406],[8.3421,40.6427],[8.343,40.6397]]],[[[8.3501,40.6381],[8.343,40.6397],[8.3438,40.6371],[8.3501,40.6381]]],[[[8.3519,40.6356],[8.3502,40.6381],[8.3438,40.637],[8.3446,40.6344],[8.3519,40.6356]]],[[[8.3513,40.6326],[8.352,40.6356],[8.3451,40.6344],[8.3459,40.6317],[8.3513,40.6326]]],[[[8.3465,40.6281],[8.3514,40.6324],[8.3458,40.6317],[8.3465,40.6281]]],[[[8.3374,40.6252],[8.3464,40.6281],[8.3371,40.6273],[8.3374,40.6252]]],[[[8.3372,40.6252],[8.3367,40.6271],[8.3323,40.6263],[8.3372,40.6252]]],[[[8.3366,40.6271],[8.3358,40.6299],[8.3305,40.6289],[8.3366,40.6271]]],[[[8.3369,40.6273],[8.3462,40.6289],[8.3454,40.6315],[8.3361,40.6299],[8.3369,40.6273]]],[[[8.3454,40.6316],[8.3446,40.6343],[8.3352,40.6327],[8.3361,40.63],[8.3454,40.6316]]],[[[8.3304,40.629],[8.3358,40.6299],[8.335,40.6325],[8.3289,40.6315],[8.3304,40.629]]],[[[8.3289,40.6316],[8.3349,40.6326],[8.3341,40.6353],[8.3266,40.634],[8.3289,40.6316]]],[[[8.3341,40.6354],[8.3333,40.6379],[8.3247,40.6365],[8.3262,40.6343],[8.3341,40.6354]]],[[[8.3367,40.633],[8.3353,40.6355],[8.3352,40.6327],[8.3367,40.633]]],[[[8.3336,40.638],[8.3344,40.6355],[8.3437,40.6371],[8.3429,40.6396],[8.3336,40.638]]],[[[8.3445,40.6344],[8.3437,40.637],[8.3368,40.6358],[8.3375,40.6331],[8.3445,40.6344]]]]}},{"type":"Feature","properties":{"landuse":"vineyard"},"geometry":{"type":"Polygon","coordinates":[[[9.2952,40.2366],[9.295,40.2335],[9.2985,40.2339],[9.2952,40.2366]],[[9.2976,40.2348],[9.2981,40.2345],[9.2976,40.2345],[9.2976,40.2348]],[[9.2955,40.2347],[9.296,40.2354],[9.2969,40.2351],[9.2955,40.2347]],[[9.2954,40.2344],[9.2956,40.2348],[9.2959,40.2345],[9.2954,40.2344]]]}},{"type":"Feature","properties":{"landuse":"vineyard"},"geometry":{"type":"Polygon","coordinates":[[[9.3052,40.2201],[9.3032,40.222],[9.3086,40.2251],[9.303,40.2241],[9.3051,40.2262],[9.3016,40.23],[9.2991,40.2259],[9.3052,40.2201]],[[9.3012,40.2248],[9.3023,40.2253],[9.3021,40.2246],[9.3012,40.2248]],[[9.3042,40.2215],[9.3048,40.2211],[9.3047,40.221],[9.3042,40.2215]],[[9.3044,40.2209],[9.3049,40.2205],[9.3045,40.2205],[9.3044,40.2209]]]}},{"type":"Feature","properties":{"landuse":"vineyard"},"geometry":{"type":"Polygon","coordinates":[[[9.2937,40.2384],[9.2988,40.2373],[9.2955,40.2391],[9.2937,40.2384]],[[9.2948,40.2389],[9.2948,40.2382],[9.2943,40.2385],[9.2948,40.2389]]]}},{"type":"Feature","properties":{"landuse":"green_public_spaces"},"geometry":{"type":"Polygon","coordinates":[[[8.5505,40.7189],[8.547,40.7163],[8.5512,40.7167],[8.5505,40.7189]]]}},{"type":"Feature","properties":{"landuse":"green_public_spaces"},"geometry":{"type":"Polygon","coordinates":[[[8.5695,40.7301],[8.5686,40.7293],[8.5728,40.7296],[8.5695,40.7301]]]}},{"type":"Feature","properties":{"landuse":"orchard"},"geometry":{"type":"MultiPolygon","coordinates":[[[[9.5807,39.4362],[9.5673,39.4371],[9.5652,39.4327],[9.5792,39.4328],[9.5807,39.4362]],[[9.5687,39.4338],[9.5696,39.4338],[9.5688,39.4334],[9.5687,39.4338]]],[[[9.5801,39.4331],[9.5838,39.4334],[9.5817,39.4354],[9.5801,39.4331]]],[[[9.5668,39.4363],[9.5628,39.4358],[9.565,39.4328],[9.5668,39.4363]]],[[[9.5719,39.4377],[9.5694,39.4383],[9.5701,39.436],[9.5719,39.4377]]]]}},{"type":"Feature","properties":{"landuse":"green_public_spaces"},"geometry":{"type":"Polygon","coordinates":[[[9.4913,40.9279],[9.5017,40.928],[9.4966,40.9298],[9.4913,40.9279]]]}},{"type":"Feature","properties":{"landuse":"green_public_spaces"},"geometry":{"type":"Polygon","coordinates":[[[8.3172,40.5606],[8.3158,40.56],[8.3176,40.5599],[8.3172,40.5606]]]}},{"type":"Feature","properties":{"landuse":"farmland"},"geometry":{"type":"Polygon","coordinates":[[[9.2379,39.2787],[9.243,39.2701],[9.2534,39.2736],[9.2379,39.2787]]]}},{"type":"Feature","properties":{"landuse":"farmland"},"geometry":{"type":"Polygon","coordinates":[[[9.2432,39.2698],[9.2466,39.2658],[9.2604,39.2671],[9.2648,39.2714],[9.2536,39.2735],[9.2432,39.2698]]]}},{"type":"Feature","properties":{"landuse":"farmland"},"geometry":{"type":"Polygon","coordinates":[[[9.6764,39.8287],[9.6805,39.8313],[9.6784,39.8331],[9.6764,39.8287]]]}},{"type":"Feature","properties":{"landuse":"orchard"},"geometry":{"type":"Polygon","coordinates":[[[9.6545,39.9207],[9.6571,39.9194],[9.6575,39.9202],[9.6545,39.9207]]]}},{"type":"Feature","properties":{"landuse":"orchard"},"geometry":{"type":"Polygon","coordinates":[[[9.6549,39.9214],[9.6594,39.9196],[9.6606,39.9219],[9.6556,39.9241],[9.6549,39.9214]]]}},{"type":"Feature","properties":{"landuse":"orchard"},"geometry":{"type":"Polygon","coordinates":[[[9.6517,39.9144],[9.6528,39.9159],[9.6519,39.917],[9.6517,39.9144]]]}},{"type":"Feature","properties":{"landuse":"orchard"},"geometry":{"type":"Polygon","coordinates":[[[9.6518,39.9178],[9.6543,39.9163],[9.6532,39.9193],[9.6518,39.9178]]]}},{"type":"Feature","properties":{"landuse":"orchard"},"geometry":{"type":"Polygon","coordinates":[[[9.6552,39.9231],[9.6514,39.9228],[9.6514,39.9198],[9.6552,39.9231]]]}},{"type":"Feature","properties":{"landuse":"orchard"},"geometry":{"type":"Polygon","coordinates":[[[9.6622,39.9217],[9.6634,39.9194],[9.6571,39.9194],[9.6571,39.9157],[9.6646,39.9133],[9.6705,39.9179],[9.6622,39.9217]]]}},{"type":"Feature","properties":{"landuse":"orchard"},"geometry":{"type":"Polygon","coordinates":[[[9.6603,39.9238],[9.6833,39.9152],[9.6741,39.9219],[9.6786,39.9226],[9.689,39.9169],[9.6909,39.9213],[9.6799,39.9272],[9.6603,39.9238]]]}},{"type":"Feature","properties":{"landuse":"green_public_spaces"},"geometry":{"type":"Polygon","coordinates":[[[9.6926,39.9273],[9.6948,39.9309],[9.6921,39.9304],[9.6926,39.9273]]]}},{"type":"Feature","properties":{"landuse":"orchard"},"geometry":{"type":"Polygon","coordinates":[[[9.6894,39.9271],[9.6911,39.9215],[9.6944,39.9259],[9.6894,39.9271]]]}},{"type":"Feature","properties":{"landuse":"orchard"},"geometry":{"type":"Polygon","coordinates":[[[9.6995,39.9325],[9.6995,39.9304],[9.7012,39.9324],[9.6995,39.9325]]]}},{"type":"Feature","properties":{"landuse":"orchard"},"geometry":{"type":"Polygon","coordinates":[[[8.3553,40.554],[8.3481,40.5582],[8.348,40.5613],[8.3418,40.5559],[8.3328,40.5598],[8.3315,40.558],[8.3316,40.5555],[8.3486,40.5502],[8.3553,40.554]]]}},{"type":"Feature","properties":{"landuse":"orchard"},"geometry":{"type":"Polygon","coordinates":[[[8.325,40.5691],[8.3278,40.5644],[8.3298,40.5664],[8.325,40.5691]]]}},{"type":"Feature","properties":{"landuse":"green_public_spaces"},"geometry":{"type":"Polygon","coordinates":[[[8.5444,40.7197],[8.5463,40.7191],[8.5524,40.7225],[8.5444,40.7197]]]}},{"type":"Feature","properties":{"landuse":"green_public_spaces"},"geometry":{"type":"Polygon","coordinates":[[[8.5611,40.7146],[8.5607,40.7121],[8.5624,40.7142],[8.5611,40.7146]]]}},{"type":"Feature","properties":{"landuse":"orchard"},"geometry":{"type":"Polygon","coordinates":[[[9.1227,39.4114],[9.1241,39.4089],[9.1239,39.4117],[9.1227,39.4114]]]}},{"type":"Feature","properties":{"landuse":"orchard"},"geometry":{"type":"Polygon","coordinates":[[[9.1262,39.4144],[9.1296,39.4124],[9.1293,39.4152],[9.1262,39.4144]]]}},{"type":"Feature","properties":{"landuse":"farmland"},"geometry":{"type":"Polygon","coordinates":[[[9.6755,39.8219],[9.6766,39.8208],[9.6769,39.8213],[9.6755,39.8219]]]}},{"type":"Feature","properties":{"landuse":"orchard"},"geometry":{"type":"Polygon","coordinates":[[[9.6714,39.8379],[9.6712,39.8372],[9.6749,39.8377],[9.6714,39.8379]]]}},{"type":"Feature","properties":{"landuse":"orchard"},"geometry":{"type":"Polygon","coordinates":[[[9.6491,39.9201],[9.6508,39.9172],[9.6505,39.9193],[9.6491,39.9201]]]}},{"type":"Feature","properties":{"landuse":"orchard"},"geometry":{"type":"Polygon","coordinates":[[[9.6657,39.9578],[9.6666,39.9545],[9.6671,39.9575],[9.6657,39.9578]]]}},{"type":"Feature","properties":{"landuse":"farmland"},"geometry":{"type":"Polygon","coordinates":[[[8.8096,40.93],[8.8064,40.9287],[8.8102,40.9268],[8.8131,40.9295],[8.8096,40.93]]]}},{"type":"Feature","properties":{"landuse":"farmland"},"geometry":{"type":"Polygon","coordinates":[[[8.8165,40.9296],[8.8136,40.93],[8.8162,40.9283],[8.8165,40.9296]]]}},{"type":"Feature","properties":{"landuse":"farmland"},"geometry":{"type":"Polygon","coordinates":[[[8.2691,40.6343],[8.2716,40.635],[8.2698,40.6571],[8.2107,40.6546],[8.2047,40.6506],[8.2011,40.6531],[8.193,40.6406],[8.1963,40.6373],[8.1953,40.6323],[8.1981,40.632],[8.1966,40.6245],[8.2076,40.621],[8.2061,40.6177],[8.2092,40.6184],[8.2136,40.613],[8.2158,40.6148],[8.2076,40.6235],[8.2113,40.6228],[8.2112,40.6271],[8.2288,40.6345],[8.2548,40.633],[8.2497,40.639],[8.2584,40.6412],[8.2666,40.6342],[8.2636,40.6322],[8.26,40.6346],[8.2583,40.6288],[8.2715,40.6289],[8.2716,40.6343],[8.2691,40.6343]]]}},{"type":"Feature","properties":{"landuse":"green_public_spaces"},"geometry":{"type":"Polygon","coordinates":[[[9.0118,38.9908],[9.0116,38.9898],[9.013,38.9881],[9.0118,38.9908]]]}},{"type":"Feature","properties":{"landuse":"farmland"},"geometry":{"type":"Polygon","coordinates":[[[8.2768,40.6848],[8.2834,40.6807],[8.2824,40.6787],[8.2707,40.6793],[8.2858,40.6749],[8.2884,40.6711],[8.2808,40.6696],[8.2812,40.6672],[8.2741,40.6686],[8.273,40.6648],[8.2923,40.6687],[8.2931,40.6623],[8.302,40.6638],[8.2942,40.672],[8.2919,40.6709],[8.2909,40.6734],[8.2958,40.6758],[8.3014,40.6722],[8.3014,40.665],[8.3256,40.6677],[8.324,40.6883],[8.328,40.7018],[8.3115,40.7027],[8.2645,40.689],[8.2768,40.6848]]]}},{"type":"Feature","properties":{"landuse":"vineyard"},"geometry":{"type":"Polygon","coordinates":[[[8.3317,40.6264],[8.3278,40.6309],[8.3287,40.6271],[8.3317,40.6264]]]}},{"type":"Feature","properties":{"landuse":"farmland"},"geometry":{"type":"Polygon","coordinates":[[[8.323,40.5889],[8.3184,40.5884],[8.3189,40.5838],[8.3265,40.5833],[8.323,40.5889]]]}},{"type":"Feature","properties":{"landuse":"orchard"},"geometry":{"type":"Polygon","coordinates":[[[8.3283,40.5398],[8.3278,40.5411],[8.3259,40.541],[8.3283,40.5398]]]}},{"type":"Feature","properties":{"landuse":"orchard"},"geometry":{"type":"Polygon","coordinates":[[[8.5698,40.6936],[8.5762,40.6955],[8.5447,40.7017],[8.5361,40.6978],[8.5332,40.6929],[8.5508,40.6918],[8.5648,40.6959],[8.5698,40.6936]]]}},{"type":"Feature","properties":{"landuse":"farmland"},"geometry":{"type":"Polygon","coordinates":[[[8.3997,39.1012],[8.384,39.0979],[8.3934,39.0863],[8.4079,39.0844],[8.408,39.0896],[8.4032,39.0884],[8.4051,39.0911],[8.4115,39.091],[8.412,39.0974],[8.4172,39.098],[8.4147,39.0914],[8.4204,39.0956],[8.417,39.1039],[8.3997,39.1012]]]}},{"type":"Feature","properties":{"landuse":"farmland"},"geometry":{"type":"Polygon","coordinates":[[[8.3687,39.1036],[8.3707,39.1009],[8.3699,39.1047],[8.3687,39.1036]]]}},{"type":"Feature","properties":{"landuse":"farmland"},"geometry":{"type":"Polygon","coordinates":[[[8.37,39.1047],[8.3704,39.104],[8.3719,39.1043],[8.37,39.1047]]]}},{"type":"Feature","properties":{"landuse":"farmland"},"geometry":{"type":"Polygon","coordinates":[[[8.3721,39.1065],[8.3752,39.1018],[8.374,39.1058],[8.3721,39.1065]]]}},{"type":"Feature","properties":{"landuse":"farmland"},"geometry":{"type":"Polygon","coordinates":[[[8.372,39.1047],[8.3721,39.0995],[8.3739,39.1004],[8.372,39.1047]]]}},{"type":"Feature","properties":{"landuse":"farmland"},"geometry":{"type":"Polygon","coordinates":[[[8.3025,39.1626],[8.304,39.1655],[8.3014,39.1634],[8.3025,39.1626]]]}},{"type":"Feature","properties":{"landuse":"farmland"},"geometry":{"type":"Polygon","coordinates":[[[8.6618,39.1516],[8.6629,39.1555],[8.6653,39.1539],[8.6644,39.1562],[8.6682,39.1572],[8.6577,39.1586],[8.6567,39.1493],[8.6618,39.1516]]]}},{"type":"Feature","properties":{"landuse":"greenhouse_horticulture"},"geometry":{"type":"Polygon","coordinates":[[[8.661,39.0721],[8.6626,39.0706],[8.663,39.0708],[8.661,39.0721]]]}},{"type":"Feature","properties":{"landuse":"farmland"},"geometry":{"type":"Polygon","coordinates":[[[9.7269,40.658],[9.7274,40.6577],[9.7258,40.6604],[9.7269,40.658]]]}},{"type":"Feature","properties":{"landuse":"farmland"},"geometry":{"type":"Polygon","coordinates":[[[9.7441,40.6006],[9.7431,40.5936],[9.7446,40.5937],[9.7441,40.6006]]]}},{"type":"Feature","properties":{"landuse":"farmland"},"geometry":{"type":"Polygon","coordinates":[[[9.7771,40.5757],[9.7792,40.5763],[9.7769,40.5775],[9.7771,40.5757]]]}},{"type":"Feature","properties":{"landuse":"farmland"},"geometry":{"type":"Polygon","coordinates":[[[9.7447,40.6005],[9.7447,40.594],[9.7524,40.5943],[9.748,40.5945],[9.7485,40.6005],[9.7447,40.6005]]]}},{"type":"Feature","properties":{"landuse":"farmland"},"geometry":{"type":"Polygon","coordinates":[[[9.743,40.6006],[9.7396,40.5938],[9.7444,40.593],[9.743,40.6006]]]}},{"type":"Feature","properties":{"landuse":"farmland"},"geometry":{"type":"Polygon","coordinates":[[[9.7159,40.6135],[9.7195,40.6129],[9.7171,40.6146],[9.7159,40.6135]]]}},{"type":"Feature","properties":{"landuse":"orchard"},"geometry":{"type":"Polygon","coordinates":[[[9.652,40.6292],[9.6522,40.6283],[9.6534,40.6284],[9.652,40.6292]]]}},{"type":"Feature","properties":{"landuse":"orchard"},"geometry":{"type":"Polygon","coordinates":[[[9.654,40.6297],[9.6534,40.6284],[9.6543,40.6286],[9.654,40.6297]]]}},{"type":"Feature","properties":{"landuse":"green_public_spaces"},"geometry":{"type":"Polygon","coordinates":[[[9.1327,39.2174],[9.1309,39.2156],[9.1333,39.214],[9.138,39.2157],[9.1327,39.2174]]]}},{"type":"Feature","properties":{"landuse":"farmland"},"geometry":{"type":"Polygon","coordinates":[[[9.483,40.8905],[9.4733,40.8844],[9.4803,40.8834],[9.4858,40.8917],[9.483,40.8905]]]}},{"type":"Feature","properties":{"landuse":"farmland"},"geometry":{"type":"Polygon","coordinates":[[[8.4987,40.098],[8.4974,40.0983],[8.4976,40.097],[8.4987,40.098]]]}},{"type":"Feature","properties":{"landuse":"farmland"},"geometry":{"type":"Polygon","coordinates":[[[8.5042,40.0974],[8.5015,40.0977],[8.503,40.0961],[8.5042,40.0974]]]}},{"type":"Feature","properties":{"landuse":"farmland"},"geometry":{"type":"Polygon","coordinates":[[[8.4959,40.1107],[8.4946,40.1089],[8.4969,40.11],[8.4959,40.1107]]]}},{"type":"Feature","properties":{"landuse":"farmland"},"geometry":{"type":"Polygon","coordinates":[[[8.4951,40.1036],[8.497,40.1025],[8.4982,40.1032],[8.4951,40.1036]]]}},{"type":"Feature","properties":{"landuse":"farmland"},"geometry":{"type":"Polygon","coordinates":[[[8.815,40.129],[8.817,40.1284],[8.8142,40.1324],[8.815,40.129]]]}},{"type":"Feature","properties":{"landuse":"farmland"},"geometry":{"type":"Polygon","coordinates":[[[8.8058,40.1297],[8.8066,40.129],[8.8076,40.1306],[8.8058,40.1297]]]}},{"type":"Feature","properties":{"landuse":"farmland"},"geometry":{"type":"Polygon","coordinates":[[[8.4931,40.112],[8.492,40.114],[8.4917,40.1129],[8.4931,40.112]]]}},{"type":"Feature","properties":{"landuse":"farmland"},"geometry":{"type":"Polygon","coordinates":[[[8.4934,40.1132],[8.4945,40.1118],[8.4955,40.1135],[8.4934,40.1132]]]}},{"type":"Feature","properties":{"landuse":"green_public_spaces"},"geometry":{"type":"Polygon","coordinates":[[[8.8154,40.1193],[8.8162,40.12],[8.8146,40.1214],[8.8154,40.1193]]]}},{"type":"Feature","properties":{"landuse":"farmland"},"geometry":{"type":"Polygon","coordinates":[[[8.8095,40.1219],[8.804,40.1202],[8.8039,40.1191],[8.8095,40.1219]]]}},{"type":"Feature","properties":{"landuse":"farmland"},"geometry":{"type":"Polygon","coordinates":[[[8.8206,40.1346],[8.8185,40.1324],[8.8251,40.1325],[8.8206,40.1346]]]}},{"type":"Feature","properties":{"landuse":"farmland"},"geometry":{"type":"Polygon","coordinates":[[[8.4936,40.096],[8.4925,40.0948],[8.4956,40.095],[8.4936,40.096]]]}},{"type":"Feature","properties":{"landuse":"farmland"},"geometry":{"type":"Polygon","coordinates":[[[8.4965,40.0955],[8.4957,40.0946],[8.4966,40.0936],[8.4965,40.0955]]]}},{"type":"Feature","properties":{"landuse":"farmland"},"geometry":{"type":"Polygon","coordinates":[[[8.4996,40.0911],[8.4987,40.0905],[8.501,40.0899],[8.4996,40.0911]]]}},{"type":"Feature","properties":{"landuse":"farmland"},"geometry":{"type":"Polygon","coordinates":[[[8.4986,40.096],[8.4974,40.0963],[8.4971,40.0949],[8.4986,40.096]]]}},{"type":"Feature","properties":{"landuse":"farmland"},"geometry":{"type":"Polygon","coordinates":[[[8.4925,40.0809],[8.4921,40.0779],[8.4945,40.0785],[8.4925,40.0809]]]}},{"type":"Feature","properties":{"landuse":"farmland"},"geometry":{"type":"Polygon","coordinates":[[[8.4954,40.1065],[8.4958,40.105],[8.4965,40.106],[8.4954,40.1065]]]}},{"type":"Feature","properties":{"landuse":"farmland"},"geometry":{"type":"Polygon","coordinates":[[[8.492,40.1173],[8.4916,40.1154],[8.4931,40.1164],[8.492,40.1173]]]}},{"type":"Feature","properties":{"landuse":"green_public_spaces"},"geometry":{"type":"Polygon","coordinates":[[[8.803,40.1326],[8.8012,40.1328],[8.8027,40.1312],[8.803,40.1326]]]}},{"type":"Feature","properties":{"landuse":"farmland"},"geometry":{"type":"Polygon","coordinates":[[[8.5042,40.0899],[8.5028,40.0894],[8.5035,40.0881],[8.5042,40.0899]]]}},{"type":"Feature","properties":{"landuse":"farmland"},"geometry":{"type":"Polygon","coordinates":[[[8.5032,40.0916],[8.5015,40.0908],[8.5026,40.0895],[8.5032,40.0916]]]}},{"type":"Feature","properties":{"landuse":"farmland"},"geometry":{"type":"Polygon","coordinates":[[[8.5008,40.0886],[8.5002,40.0876],[8.5019,40.0867],[8.5008,40.0886]]]}},{"type":"Feature","properties":{"landuse":"farmland"},"geometry":{"type":"Polygon","coordinates":[[[8.4925,40.1209],[8.4929,40.1197],[8.495,40.1197],[8.4925,40.1209]]]}},{"type":"Feature","properties":{"landuse":"orchard"},"geometry":{"type":"Polygon","coordinates":[[[8.5526,40.1959],[8.5521,40.1947],[8.5549,40.1945],[8.5526,40.1959]]]}},{"type":"Feature","properties":{"landuse":"farmland"},"geometry":{"type":"Polygon","coordinates":[[[8.4977,40.0683],[8.4971,40.0677],[8.5005,40.0653],[8.4977,40.0683]]]}},{"type":"Feature","properties":{"landuse":"farmland"},"geometry":{"type":"Polygon","coordinates":[[[8.5547,40.1968],[8.5554,40.1952],[8.5564,40.1957],[8.5547,40.1968]]]}},{"type":"Feature","properties":{"landuse":"farmland"},"geometry":{"type":"Polygon","coordinates":[[[8.4976,40.112],[8.496,40.1108],[8.497,40.1101],[8.4976,40.112]]]}},{"type":"Feature","properties":{"landuse":"farmland"},"geometry":{"type":"Polygon","coordinates":[[[8.5057,40.0605],[8.4997,40.0634],[8.5007,40.0587],[8.5057,40.0605]]]}},{"type":"Feature","properties":{"landuse":"farmland"},"geometry":{"type":"Polygon","coordinates":[[[8.5528,40.1969],[8.5526,40.196],[8.5547,40.1958],[8.5528,40.1969]]]}},{"type":"Feature","properties":{"landuse":"orchard"},"geometry":{"type":"Polygon","coordinates":[[[8.5522,40.1971],[8.5501,40.1946],[8.5515,40.1946],[8.5522,40.1971]]]}},{"type":"Feature","properties":{"landuse":"farmland"},"geometry":{"type":"Polygon","coordinates":[[[8.4952,40.1165],[8.4942,40.1162],[8.4957,40.1141],[8.4952,40.1165]]]}},{"type":"Feature","properties":{"landuse":"farmland"},"geometry":{"type":"Polygon","coordinates":[[[8.5062,40.0894],[8.5041,40.0874],[8.5069,40.0876],[8.5062,40.0894]]]}},{"type":"Feature","properties":{"landuse":"farmland"},"geometry":{"type":"Polygon","coordinates":[[[8.5061,40.07],[8.4948,40.0726],[8.5056,40.0651],[8.5061,40.07]]]}},{"type":"Feature","properties":{"landuse":"orchard"},"geometry":{"type":"Polygon","coordinates":[[[8.5582,40.1929],[8.558,40.1921],[8.5606,40.1906],[8.5582,40.1929]]]}},{"type":"Feature","properties":{"landuse":"farmland"},"geometry":{"type":"Polygon","coordinates":[[[8.4996,40.0982],[8.4981,40.0993],[8.4973,40.0987],[8.4996,40.0982]]]}},{"type":"Feature","properties":{"landuse":"farmland"},"geometry":{"type":"Polygon","coordinates":[[[8.5027,40.0894],[8.5015,40.0897],[8.5029,40.0885],[8.5027,40.0894]]]}},{"type":"Feature","properties":{"landuse":"farmland"},"geometry":{"type":"Polygon","coordinates":[[[8.5016,40.0735],[8.4982,40.0753],[8.5005,40.0722],[8.5016,40.0735]]]}},{"type":"Feature","properties":{"landuse":"orchard"},"geometry":{"type":"Polygon","coordinates":[[[8.5653,40.1971],[8.5629,40.1974],[8.5639,40.196],[8.5653,40.1971]]]}},{"type":"Feature","properties":{"landuse":"farmland"},"geometry":{"type":"Polygon","coordinates":[[[8.4958,40.0769],[8.4937,40.0756],[8.4945,40.0746],[8.4958,40.0769]]]}},{"type":"Feature","properties":{"landuse":"farmland"},"geometry":{"type":"Polygon","coordinates":[[[8.5148,40.0707],[8.5143,40.0647],[8.5171,40.0654],[8.5148,40.0707]]]}},{"type":"Feature","properties":{"landuse":"orchard"},"geometry":{"type":"Polygon","coordinates":[[[8.5522,40.1946],[8.551,40.1935],[8.5545,40.1926],[8.5522,40.1946]]]}},{"type":"Feature","properties":{"landuse":"orchard"},"geometry":{"type":"Polygon","coordinates":[[[8.5634,40.1961],[8.5622,40.1977],[8.5617,40.1964],[8.5634,40.1961]]]}},{"type":"Feature","properties":{"landuse":"orchard"},"geometry":{"type":"Polygon","coordinates":[[[8.555,40.1945],[8.5561,40.1931],[8.5548,40.1954],[8.555,40.1945]]]}},{"type":"Feature","properties":{"landuse":"farmland"},"geometry":{"type":"Polygon","coordinates":[[[8.4983,40.0734],[8.4964,40.0747],[8.4961,40.0731],[8.4983,40.0734]]]}},{"type":"Feature","properties":{"landuse":"farmland"},"geometry":{"type":"Polygon","coordinates":[[[8.5136,40.0688],[8.5109,40.0672],[8.5117,40.0665],[8.5136,40.0688]]]}},{"type":"Feature","properties":{"landuse":"farmland"},"geometry":{"type":"Polygon","coordinates":[[[8.5139,40.0727],[8.512,40.0719],[8.5136,40.0689],[8.5139,40.0727]]]}},{"type":"Feature","properties":{"landuse":"orchard"},"geometry":{"type":"Polygon","coordinates":[[[8.5522,40.1928],[8.5531,40.1914],[8.5538,40.1926],[8.5522,40.1928]]]}},{"type":"Feature","properties":{"landuse":"orchard"},"geometry":{"type":"Polygon","coordinates":[[[8.5574,40.198],[8.5573,40.1967],[8.5592,40.1972],[8.5574,40.198]]]}},{"type":"Feature","properties":{"landuse":"farmland"},"geometry":{"type":"Polygon","coordinates":[[[8.5053,40.0737],[8.5042,40.0728],[8.5064,40.0734],[8.5053,40.0737]]]}},{"type":"Feature","properties":{"landuse":"farmland"},"geometry":{"type":"Polygon","coordinates":[[[8.5089,40.0747],[8.5065,40.0738],[8.5091,40.0736],[8.5089,40.0747]]]}},{"type":"Feature","properties":{"landuse":"farmland"},"geometry":{"type":"Polygon","coordinates":[[[8.5041,40.0727],[8.5039,40.0711],[8.5064,40.0726],[8.5041,40.0727]]]}},{"type":"Feature","properties":{"landuse":"farmland"},"geometry":{"type":"Polygon","coordinates":[[[8.4983,40.0751],[8.4965,40.076],[8.5,40.0718],[8.4983,40.0751]]]}},{"type":"Feature","properties":{"landuse":"farmland"},"geometry":{"type":"Polygon","coordinates":[[[8.5064,40.0763],[8.5016,40.0753],[8.5088,40.0751],[8.5056,40.0743],[8.5064,40.0763]]]}},{"type":"Feature","properties":{"landuse":"orchard"},"geometry":{"type":"Polygon","coordinates":[[[8.557,40.1893],[8.5554,40.1889],[8.5569,40.1879],[8.557,40.1893]]]}},{"type":"Feature","properties":{"landuse":"farmland"},"geometry":{"type":"Polygon","coordinates":[[[8.5205,40.111],[8.518,40.1108],[8.5182,40.11],[8.5205,40.111]]]}},{"type":"Feature","properties":{"landuse":"farmland"},"geometry":{"type":"Polygon","coordinates":[[[8.5056,40.0975],[8.5075,40.095],[8.5065,40.0973],[8.5056,40.0975]]]}},{"type":"Feature","properties":{"landuse":"farmland"},"geometry":{"type":"Polygon","coordinates":[[[8.5113,40.0863],[8.5088,40.086],[8.5121,40.0858],[8.5113,40.0863]]]}},{"type":"Feature","properties":{"landuse":"farmland"},"geometry":{"type":"Polygon","coordinates":[[[8.513,40.0862],[8.5134,40.0843],[8.5155,40.0843],[8.513,40.0862]]]}},{"type":"Feature","properties":{"landuse":"farmland"},"geometry":{"type":"Polygon","coordinates":[[[8.5033,40.1065],[8.5039,40.1042],[8.5052,40.1061],[8.5033,40.1065]]]}},{"type":"Feature","properties":{"landuse":"farmland"},"geometry":{"type":"Polygon","coordinates":[[[8.5045,40.1036],[8.5022,40.1052],[8.5015,40.104],[8.5045,40.1036]]]}},{"type":"Feature","properties":{"landuse":"farmland"},"geometry":{"type":"Polygon","coordinates":[[[8.5053,40.108],[8.5041,40.1073],[8.5066,40.107],[8.5053,40.108]]]}},{"type":"Feature","properties":{"landuse":"farmland"},"geometry":{"type":"Polygon","coordinates":[[[8.5021,40.1074],[8.498,40.1049],[8.5027,40.106],[8.5021,40.1074]]]}},{"type":"Feature","properties":{"landuse":"farmland"},"geometry":{"type":"Polygon","coordinates":[[[8.5042,40.0995],[8.5019,40.1001],[8.5041,40.0986],[8.5042,40.0995]]]}},{"type":"Feature","properties":{"landuse":"farmland"},"geometry":{"type":"Polygon","coordinates":[[[8.511,40.1021],[8.5108,40.1003],[8.5125,40.1004],[8.511,40.1021]]]}},{"type":"Feature","properties":{"landuse":"farmland"},"geometry":{"type":"Polygon","coordinates":[[[8.5197,40.1134],[8.5184,40.1131],[8.5204,40.1124],[8.5197,40.1134]]]}},{"type":"Feature","properties":{"landuse":"farmland"},"geometry":{"type":"Polygon","coordinates":[[[8.5164,40.114],[8.5139,40.1126],[8.5172,40.1123],[8.5164,40.114]]]}},{"type":"Feature","properties":{"landuse":"farmland"},"geometry":{"type":"Polygon","coordinates":[[[8.5087,40.097],[8.5067,40.0972],[8.5074,40.0957],[8.5087,40.097]]]}},{"type":"Feature","properties":{"landuse":"farmland"},"geometry":{"type":"Polygon","coordinates":[[[8.5061,40.1056],[8.5049,40.1056],[8.5046,40.1036],[8.5061,40.1056]]]}},{"type":"Feature","properties":{"landuse":"farmland"},"geometry":{"type":"Polygon","coordinates":[[[8.5683,40.2067],[8.5657,40.2058],[8.568,40.2048],[8.5683,40.2067]]]}},{"type":"Feature","properties":{"landuse":"orchard"},"geometry":{"type":"Polygon","coordinates":[[[8.5622,40.2033],[8.5568,40.2031],[8.5601,40.2011],[8.5622,40.2033]]]}},{"type":"Feature","properties":{"landuse":"orchard"},"geometry":{"type":"Polygon","coordinates":[[[8.5689,40.211],[8.5651,40.2097],[8.566,40.2077],[8.5689,40.211]]]}},{"type":"Feature","properties":{"landuse":"orchard"},"geometry":{"type":"Polygon","coordinates":[[[8.5665,40.2037],[8.5637,40.2023],[8.5695,40.202],[8.5665,40.2037]]]}},{"type":"Feature","properties":{"landuse":"orchard"},"geometry":{"type":"Polygon","coordinates":[[[8.5622,40.207],[8.5543,40.2031],[8.5616,40.2032],[8.5651,40.2074],[8.5622,40.207]]]}},{"type":"Feature","properties":{"landuse":"orchard"},"geometry":{"type":"Polygon","coordinates":[[[8.5711,40.1854],[8.5701,40.1853],[8.5711,40.1837],[8.5711,40.1854]]]}},{"type":"Feature","properties":{"landuse":"orchard"},"geometry":{"type":"Polygon","coordinates":[[[8.5357,40.1826],[8.5416,40.1833],[8.5385,40.1844],[8.5357,40.1826]]]}},{"type":"Feature","properties":{"landuse":"orchard"},"geometry":{"type":"Polygon","coordinates":[[[8.5594,40.1894],[8.5573,40.1888],[8.5585,40.1882],[8.5594,40.1894]]]}},{"type":"Feature","properties":{"landuse":"orchard"},"geometry":{"type":"Polygon","coordinates":[[[8.5605,40.1875],[8.5594,40.1893],[8.5587,40.1875],[8.5605,40.1875]]]}},{"type":"Feature","properties":{"landuse":"farmland"},"geometry":{"type":"Polygon","coordinates":[[[8.5451,40.1875],[8.545,40.1884],[8.5435,40.1878],[8.5451,40.1875]]]}},{"type":"Feature","properties":{"landuse":"farmland"},"geometry":{"type":"Polygon","coordinates":[[[8.5795,40.1883],[8.5788,40.1876],[8.5797,40.1869],[8.5795,40.1883]]]}},{"type":"Feature","properties":{"landuse":"farmland"},"geometry":{"type":"Polygon","coordinates":[[[8.5123,40.1105],[8.5089,40.1094],[8.5106,40.1081],[8.5123,40.1105]]]}},{"type":"Feature","properties":{"landuse":"farmland"},"geometry":{"type":"Polygon","coordinates":[[[8.5136,40.1032],[8.513,40.1043],[8.5118,40.1034],[8.5136,40.1032]]]}},{"type":"Feature","properties":{"landuse":"orchard"},"geometry":{"type":"Polygon","coordinates":[[[8.5117,40.1034],[8.5114,40.1016],[8.5136,40.1014],[8.5117,40.1034]]]}},{"type":"Feature","properties":{"landuse":"farmland"},"geometry":{"type":"Polygon","coordinates":[[[8.507,40.1088],[8.5069,40.1073],[8.5083,40.1078],[8.507,40.1088]]]}},{"type":"Feature","properties":{"landuse":"farmland"},"geometry":{"type":"Polygon","coordinates":[[[8.5013,40.1037],[8.4985,40.1029],[8.5006,40.1027],[8.5013,40.1037]]]}},{"type":"Feature","properties":{"landuse":"farmland"},"geometry":{"type":"Polygon","coordinates":[[[8.5022,40.1057],[8.4983,40.1048],[8.4984,40.103],[8.5022,40.1057]]]}},{"type":"Feature","properties":{"landuse":"farmland"},"geometry":{"type":"Polygon","coordinates":[[[8.5492,40.2117],[8.5471,40.2118],[8.5466,40.2105],[8.5492,40.2117]]]}},{"type":"Feature","properties":{"landuse":"orchard"},"geometry":{"type":"Polygon","coordinates":[[[8.5619,40.2106],[8.5608,40.2092],[8.5633,40.2087],[8.5619,40.2106]]]}},{"type":"Feature","properties":{"landuse":"orchard"},"geometry":{"type":"Polygon","coordinates":[[[8.5549,40.2014],[8.5514,40.201],[8.5543,40.1998],[8.5549,40.2014]]]}},{"type":"Feature","properties":{"landuse":"orchard"},"geometry":{"type":"Polygon","coordinates":[[[8.5607,40.2007],[8.5548,40.1998],[8.5599,40.1978],[8.5607,40.2007]]]}},{"type":"Feature","properties":{"landuse":"farmland"},"geometry":{"type":"Polygon","coordinates":[[[8.5425,40.1893],[8.5413,40.1883],[8.5438,40.1883],[8.5425,40.1893]]]}},{"type":"Feature","properties":{"landuse":"orchard"},"geometry":{"type":"Polygon","coordinates":[[[8.5505,40.1846],[8.5506,40.1856],[8.5487,40.1867],[8.5481,40.1883],[8.5505,40.1846]]]}},{"type":"Feature","properties":{"landuse":"farmland"},"geometry":{"type":"Polygon","coordinates":[[[8.5339,40.1877],[8.5356,40.1867],[8.5359,40.1873],[8.5339,40.1877]]]}},{"type":"Feature","properties":{"landuse":"orchard"},"geometry":{"type":"Polygon","coordinates":[[[8.5479,40.1865],[8.5475,40.1852],[8.5499,40.1848],[8.5479,40.1865]]]}},{"type":"Feature","properties":{"landuse":"orchard"},"geometry":{"type":"Polygon","coordinates":[[[8.5441,40.1846],[8.5368,40.1864],[8.542,40.1835],[8.5441,40.1846]]]}},{"type":"Feature","properties":{"landuse":"orchard"},"geometry":{"type":"Polygon","coordinates":[[[8.5451,40.186],[8.534,40.1884],[8.5443,40.1846],[8.5451,40.186]]]}},{"type":"Feature","properties":{"landuse":"farmland"},"geometry":{"type":"Polygon","coordinates":[[[8.5405,40.1855],[8.5413,40.1843],[8.5417,40.1852],[8.5405,40.1855]]]}},{"type":"Feature","properties":{"landuse":"orchard"},"geometry":{"type":"Polygon","coordinates":[[[8.5766,40.179],[8.5784,40.1779],[8.5794,40.1787],[8.5766,40.179]]]}},{"type":"Feature","properties":{"landuse":"farmland"},"geometry":{"type":"Polygon","coordinates":[[[8.5156,40.0861],[8.5145,40.0857],[8.5177,40.0849],[8.5156,40.0861]]]}},{"type":"Feature","properties":{"landuse":"farmland"},"geometry":{"type":"Polygon","coordinates":[[[8.4985,40.1078],[8.4961,40.1076],[8.4954,40.1067],[8.4985,40.1078]]]}},{"type":"Feature","properties":{"landuse":"greenhouse_horticulture"},"geometry":{"type":"Polygon","coordinates":[[[8.8072,40.9242],[8.8065,40.9253],[8.8065,40.924],[8.8072,40.9242]]]}},{"type":"Feature","properties":{"landuse":"green_public_spaces"},"geometry":{"type":"Polygon","coordinates":[[[9.4881,40.9135],[9.4863,40.9123],[9.4877,40.9121],[9.4881,40.9135]]]}},{"type":"Feature","properties":{"landuse":"farmland"},"geometry":{"type":"Polygon","coordinates":[[[8.5227,39.9084],[8.5321,39.9084],[8.5318,39.9096],[8.5227,39.9084]]]}},{"type":"Feature","properties":{"landuse":"farmland"},"geometry":{"type":"Polygon","coordinates":[[[8.5286,39.9059],[8.5316,39.9075],[8.5273,39.9075],[8.5286,39.9059]]]}},{"type":"Feature","properties":{"landuse":"farmland"},"geometry":{"type":"Polygon","coordinates":[[[8.5334,39.9061],[8.5301,39.9049],[8.5338,39.9041],[8.5334,39.9061]]]}},{"type":"Feature","properties":{"landuse":"farmland"},"geometry":{"type":"Polygon","coordinates":[[[8.5003,40.1093],[8.5002,40.1072],[8.5017,40.1085],[8.5003,40.1093]]]}},{"type":"Feature","properties":{"landuse":"farmland"},"geometry":{"type":"Polygon","coordinates":[[[8.5087,40.1093],[8.5072,40.1088],[8.5091,40.1063],[8.5087,40.1093]]]}},{"type":"Feature","properties":{"landuse":"orchard"},"geometry":{"type":"Polygon","coordinates":[[[8.7128,40.9078],[8.7119,40.9054],[8.7142,40.9069],[8.7128,40.9078]]]}},{"type":"Feature","properties":{"landuse":"orchard"},"geometry":{"type":"Polygon","coordinates":[[[8.7028,40.9074],[8.7028,40.9066],[8.705,40.9063],[8.7028,40.9074]]]}},{"type":"Feature","properties":{"landuse":"orchard"},"geometry":{"type":"Polygon","coordinates":[[[8.7017,40.9042],[8.6997,40.9049],[8.6994,40.9027],[8.7017,40.9042]]]}},{"type":"Feature","properties":{"landuse":"orchard"},"geometry":{"type":"Polygon","coordinates":[[[8.7268,40.9084],[8.7267,40.9061],[8.7284,40.9049],[8.7268,40.9084]]]}},{"type":"Feature","properties":{"landuse":"farmland"},"geometry":{"type":"Polygon","coordinates":[[[8.716,40.9079],[8.716,40.9058],[8.7182,40.9057],[8.716,40.9079]]]}},{"type":"Feature","properties":{"landuse":"farmland"},"geometry":{"type":"Polygon","coordinates":[[[8.7133,40.9075],[8.7156,40.9076],[8.7141,40.9083],[8.7133,40.9075]]]}},{"type":"Feature","properties":{"landuse":"farmland"},"geometry":{"type":"Polygon","coordinates":[[[8.7119,40.9105],[8.7127,40.9094],[8.7138,40.9103],[8.7119,40.9105]]]}},{"type":"Feature","properties":{"landuse":"vineyard"},"geometry":{"type":"Polygon","coordinates":[[[8.7245,40.9001],[8.7242,40.8984],[8.7258,40.9003],[8.7245,40.9001]]]}},{"type":"Feature","properties":{"landuse":"farmland"},"geometry":{"type":"Polygon","coordinates":[[[8.7177,40.9078],[8.7185,40.9056],[8.7202,40.9073],[8.7177,40.9078]]]}},{"type":"Feature","properties":{"landuse":"orchard"},"geometry":{"type":"Polygon","coordinates":[[[8.7096,40.8987],[8.7068,40.8978],[8.7091,40.8975],[8.7096,40.8987]]]}},{"type":"Feature","properties":{"landuse":"farmland"},"geometry":{"type":"Polygon","coordinates":[[[8.7025,40.9059],[8.7011,40.9048],[8.7038,40.9052],[8.7025,40.9059]]]}},{"type":"Feature","properties":{"landuse":"farmland"},"geometry":{"type":"Polygon","coordinates":[[[8.701,40.9086],[8.7034,40.9082],[8.7021,40.9093],[8.701,40.9086]]]}},{"type":"Feature","properties":{"landuse":"orchard"},"geometry":{"type":"Polygon","coordinates":[[[8.708,40.9],[8.7072,40.8986],[8.7092,40.8987],[8.708,40.9]]]}},{"type":"Feature","properties":{"landuse":"farmland"},"geometry":{"type":"Polygon","coordinates":[[[8.7053,40.9069],[8.705,40.9094],[8.7034,40.9089],[8.7053,40.9069]]]}},{"type":"Feature","properties":{"landuse":"farmland"},"geometry":{"type":"Polygon","coordinates":[[[8.7123,40.9027],[8.7124,40.9006],[8.7143,40.9012],[8.7123,40.9027]]]}},{"type":"Feature","properties":{"landuse":"orchard"},"geometry":{"type":"Polygon","coordinates":[[[8.7092,40.8999],[8.7098,40.8972],[8.7124,40.8983],[8.7092,40.8999]]]}},{"type":"Feature","properties":{"landuse":"farmland"},"geometry":{"type":"Polygon","coordinates":[[[8.7123,40.9091],[8.7105,40.9087],[8.7119,40.9084],[8.7123,40.9091]]]}},{"type":"Feature","properties":{"landuse":"farmland"},"geometry":{"type":"Polygon","coordinates":[[[8.7112,40.9001],[8.7118,40.9017],[8.7081,40.903],[8.7112,40.9001]]]}},{"type":"Feature","properties":{"landuse":"farmland"},"geometry":{"type":"Polygon","coordinates":[[[8.7452,40.9105],[8.7471,40.9104],[8.7473,40.9119],[8.7452,40.9105]]]}},{"type":"Feature","properties":{"landuse":"farmland"},"geometry":{"type":"Polygon","coordinates":[[[8.7482,40.9104],[8.7501,40.9103],[8.748,40.9119],[8.7482,40.9104]]]}},{"type":"Feature","properties":{"landuse":"farmland"},"geometry":{"type":"Polygon","coordinates":[[[8.7406,40.9156],[8.7457,40.913],[8.7422,40.9166],[8.7406,40.9156]]]}},{"type":"Feature","properties":{"landuse":"farmland"},"geometry":{"type":"Polygon","coordinates":[[[8.7425,40.9165],[8.7457,40.9152],[8.7449,40.917],[8.7425,40.9165]]]}},{"type":"Feature","properties":{"landuse":"farmland"},"geometry":{"type":"Polygon","coordinates":[[[8.7442,40.9147],[8.7453,40.9136],[8.7473,40.9139],[8.7442,40.9147]]]}},{"type":"Feature","properties":{"landuse":"farmland"},"geometry":{"type":"Polygon","coordinates":[[[8.7452,40.9096],[8.7411,40.9072],[8.7439,40.9073],[8.7452,40.9096]]]}},{"type":"Feature","properties":{"landuse":"farmland"},"geometry":{"type":"Polygon","coordinates":[[[8.7455,40.9097],[8.7466,40.9086],[8.7508,40.9088],[8.7455,40.9097]]]}},{"type":"Feature","properties":{"landuse":"farmland"},"geometry":{"type":"Polygon","coordinates":[[[8.7261,40.909],[8.7266,40.9101],[8.7254,40.9099],[8.7261,40.909]]]}},{"type":"Feature","properties":{"landuse":"farmland"},"geometry":{"type":"Polygon","coordinates":[[[8.7392,40.911],[8.7375,40.9109],[8.7386,40.9102],[8.7392,40.911]]]}},{"type":"Feature","properties":{"landuse":"farmland"},"geometry":{"type":"Polygon","coordinates":[[[8.7201,40.9062],[8.7207,40.9054],[8.7214,40.9059],[8.7201,40.9062]]]}},{"type":"Feature","properties":{"landuse":"farmland"},"geometry":{"type":"Polygon","coordinates":[[[8.723,40.9074],[8.7237,40.9056],[8.7246,40.9063],[8.723,40.9074]]]}},{"type":"Feature","properties":{"landuse":"farmland"},"geometry":{"type":"Polygon","coordinates":[[[8.7234,40.9078],[8.7227,40.9084],[8.721,40.9076],[8.7234,40.9078]]]}},{"type":"Feature","properties":{"landuse":"farmland"},"geometry":{"type":"Polygon","coordinates":[[[8.7213,40.9073],[8.7227,40.9059],[8.7228,40.907],[8.7213,40.9073]]]}},{"type":"Feature","properties":{"landuse":"farmland"},"geometry":{"type":"Polygon","coordinates":[[[8.7151,40.906],[8.714,40.9053],[8.7149,40.9045],[8.7151,40.906]]]}},{"type":"Feature","properties":{"landuse":"farmland"},"geometry":{"type":"Polygon","coordinates":[[[8.7128,40.9031],[8.7129,40.9045],[8.711,40.9045],[8.7128,40.9031]]]}},{"type":"Feature","properties":{"landuse":"farmland"},"geometry":{"type":"Polygon","coordinates":[[[8.6996,40.9099],[8.6962,40.9109],[8.6958,40.9094],[8.6996,40.9099]]]}},{"type":"Feature","properties":{"landuse":"farmland"},"geometry":{"type":"Polygon","coordinates":[[[8.7259,40.9032],[8.7247,40.9039],[8.7251,40.9021],[8.7259,40.9032]]]}},{"type":"Feature","properties":{"landuse":"farmland"},"geometry":{"type":"Polygon","coordinates":[[[8.7161,40.8989],[8.7222,40.8967],[8.7176,40.901],[8.7218,40.9007],[8.7178,40.9026],[8.7211,40.9029],[8.7184,40.9036],[8.7161,40.8989]]]}},{"type":"Feature","properties":{"landuse":"farmland"},"geometry":{"type":"Polygon","coordinates":[[[8.7076,40.9059],[8.7064,40.9069],[8.7053,40.9061],[8.7076,40.9059]]]}},{"type":"Feature","properties":{"landuse":"farmland"},"geometry":{"type":"Polygon","coordinates":[[[8.7064,40.9051],[8.7081,40.9033],[8.7081,40.9054],[8.7064,40.9051]]]}},{"type":"Feature","properties":{"landuse":"farmland"},"geometry":{"type":"Polygon","coordinates":[[[8.7246,40.9038],[8.7223,40.9025],[8.7243,40.9002],[8.7246,40.9038]]]}},{"type":"Feature","properties":{"landuse":"farmland"},"geometry":{"type":"Polygon","coordinates":[[[8.7209,40.9005],[8.7223,40.8979],[8.7245,40.8982],[8.7209,40.9005]]]}},{"type":"Feature","properties":{"landuse":"farmland"},"geometry":{"type":"Polygon","coordinates":[[[8.7118,40.8941],[8.7099,40.8928],[8.713,40.8924],[8.7118,40.8941]]]}},{"type":"Feature","properties":{"landuse":"farmland"},"geometry":{"type":"Polygon","coordinates":[[[8.7209,40.9049],[8.7189,40.9049],[8.7212,40.9033],[8.7209,40.9049]]]}},{"type":"Feature","properties":{"landuse":"farmland"},"geometry":{"type":"Polygon","coordinates":[[[8.714,40.8957],[8.7155,40.8936],[8.7155,40.895],[8.714,40.8957]]]}},{"type":"Feature","properties":{"landuse":"farmland"},"geometry":{"type":"Polygon","coordinates":[[[8.7131,40.8947],[8.7121,40.8938],[8.7136,40.8924],[8.7131,40.8947]]]}},{"type":"Feature","properties":{"landuse":"vineyard"},"geometry":{"type":"Polygon","coordinates":[[[8.7096,40.8931],[8.7105,40.8944],[8.7083,40.8938],[8.7096,40.8931]]]}},{"type":"Feature","properties":{"landuse":"farmland"},"geometry":{"type":"Polygon","coordinates":[[[8.712,40.9016],[8.7113,40.8999],[8.7117,40.899],[8.712,40.9016]]]}},{"type":"Feature","properties":{"landuse":"farmland"},"geometry":{"type":"Polygon","coordinates":[[[8.7119,40.8974],[8.7132,40.8981],[8.711,40.8972],[8.7119,40.8974]]]}},{"type":"Feature","properties":{"landuse":"farmland"},"geometry":{"type":"Polygon","coordinates":[[[8.7319,40.8949],[8.7289,40.894],[8.7309,40.8934],[8.7319,40.8949]]]}},{"type":"Feature","properties":{"landuse":"farmland"},"geometry":{"type":"Polygon","coordinates":[[[8.7322,40.8955],[8.7305,40.8971],[8.7305,40.8957],[8.7322,40.8955]]]}},{"type":"Feature","properties":{"landuse":"farmland"},"geometry":{"type":"Polygon","coordinates":[[[8.7132,40.8981],[8.7124,40.8956],[8.7142,40.8961],[8.7132,40.8981]]]}},{"type":"Feature","properties":{"landuse":"farmland"},"geometry":{"type":"Polygon","coordinates":[[[8.7107,40.8936],[8.7124,40.8953],[8.7098,40.8972],[8.7107,40.8936]]]}},{"type":"Feature","properties":{"landuse":"farmland"},"geometry":{"type":"Polygon","coordinates":[[[8.7345,40.8977],[8.7274,40.898],[8.7277,40.8967],[8.7345,40.8977]]]}},{"type":"Feature","properties":{"landuse":"vineyard"},"geometry":{"type":"Polygon","coordinates":[[[8.7015,40.9016],[8.7007,40.9004],[8.7024,40.9014],[8.7015,40.9016]]]}},{"type":"Feature","properties":{"landuse":"farmland"},"geometry":{"type":"Polygon","coordinates":[[[8.4999,40.1065],[8.4979,40.1053],[8.5,40.1054],[8.4999,40.1065]]]}},{"type":"Feature","properties":{"landuse":"farmland"},"geometry":{"type":"Polygon","coordinates":[[[8.5016,40.1084],[8.501,40.1066],[8.5021,40.1075],[8.5016,40.1084]]]}},{"type":"Feature","properties":{"landuse":"orchard"},"geometry":{"type":"Polygon","coordinates":[[[8.5464,40.1895],[8.5456,40.191],[8.5452,40.1903],[8.5464,40.1895]]]}},{"type":"Feature","properties":{"landuse":"orchard"},"geometry":{"type":"Polygon","coordinates":[[[8.5469,40.1854],[8.5478,40.1865],[8.5456,40.1881],[8.5469,40.1854]]]}},{"type":"Feature","properties":{"landuse":"orchard"},"geometry":{"type":"Polygon","coordinates":[[[8.5478,40.1866],[8.5453,40.1902],[8.5401,40.191],[8.5478,40.1866]]]}},{"type":"Feature","properties":{"landuse":"farmland"},"geometry":{"type":"Polygon","coordinates":[[[9.3671,39.315],[9.3691,39.3136],[9.3711,39.3146],[9.3671,39.315]]]}},{"type":"Feature","properties":{"landuse":"farmland"},"geometry":{"type":"Polygon","coordinates":[[[9.3719,39.3162],[9.3783,39.316],[9.3751,39.3174],[9.3719,39.3162]]]}},{"type":"Feature","properties":{"landuse":"farmland"},"geometry":{"type":"Polygon","coordinates":[[[9.3724,39.3151],[9.3717,39.3142],[9.3733,39.3147],[9.3724,39.3151]]]}},{"type":"Feature","properties":{"landuse":"orchard"},"geometry":{"type":"Polygon","coordinates":[[[8.6496,40.1073],[8.6497,40.1092],[8.646,40.1094],[8.6496,40.1073]]]}},{"type":"Feature","properties":{"landuse":"orchard"},"geometry":{"type":"Polygon","coordinates":[[[8.6396,40.1113],[8.6425,40.1096],[8.6412,40.1115],[8.6396,40.1113]]]}},{"type":"Feature","properties":{"landuse":"orchard"},"geometry":{"type":"Polygon","coordinates":[[[8.5397,40.1822],[8.5415,40.1816],[8.5442,40.1838],[8.5397,40.1822]]]}},{"type":"Feature","properties":{"landuse":"orchard"},"geometry":{"type":"Polygon","coordinates":[[[8.544,40.1844],[8.5463,40.1801],[8.5488,40.1849],[8.544,40.1844]]]}},{"type":"Feature","properties":{"landuse":"orchard"},"geometry":{"type":"Polygon","coordinates":[[[8.5582,40.1848],[8.559,40.1831],[8.5611,40.1835],[8.5582,40.1848]]]}},{"type":"Feature","properties":{"landuse":"orchard"},"geometry":{"type":"Polygon","coordinates":[[[8.5643,40.1844],[8.5622,40.1821],[8.565,40.1805],[8.5643,40.1844]]]}},{"type":"Feature","properties":{"landuse":"orchard"},"geometry":{"type":"Polygon","coordinates":[[[8.5584,40.1855],[8.5616,40.1834],[8.5639,40.1844],[8.5584,40.1855]]]}},{"type":"Feature","properties":{"landuse":"farmland"},"geometry":{"type":"Polygon","coordinates":[[[8.5043,40.0533],[8.5056,40.0506],[8.5079,40.0542],[8.5043,40.0533]]]}},{"type":"Feature","properties":{"landuse":"farmland"},"geometry":{"type":"Polygon","coordinates":[[[8.5091,40.0592],[8.5194,40.0562],[8.5112,40.0602],[8.5091,40.0592]]]}},{"type":"Feature","properties":{"landuse":"farmland"},"geometry":{"type":"Polygon","coordinates":[[[8.5068,40.057],[8.5055,40.0555],[8.5095,40.0555],[8.5068,40.057]]]}},{"type":"Feature","properties":{"landuse":"farmland"},"geometry":{"type":"Polygon","coordinates":[[[8.5087,40.0592],[8.5068,40.057],[8.5098,40.0558],[8.5114,40.058],[8.5087,40.0592]]]}},{"type":"Feature","properties":{"landuse":"farmland"},"geometry":{"type":"Polygon","coordinates":[[[8.5012,40.0585],[8.503,40.0563],[8.506,40.0604],[8.5012,40.0585]]]}},{"type":"Feature","properties":{"landuse":"farmland"},"geometry":{"type":"Polygon","coordinates":[[[8.5045,40.058],[8.5055,40.0555],[8.5068,40.057],[8.5045,40.058]]]}},{"type":"Feature","properties":{"landuse":"farmland"},"geometry":{"type":"Polygon","coordinates":[[[8.5079,40.0536],[8.5064,40.0504],[8.5101,40.0525],[8.5079,40.0536]]]}},{"type":"Feature","properties":{"landuse":"farmland"},"geometry":{"type":"Polygon","coordinates":[[[8.508,40.0538],[8.5117,40.0533],[8.5088,40.0547],[8.508,40.0538]]]}},{"type":"Feature","properties":{"landuse":"farmland"},"geometry":{"type":"Polygon","coordinates":[[[8.5063,40.0603],[8.5068,40.057],[8.5086,40.0592],[8.5063,40.0603]]]}},{"type":"Feature","properties":{"landuse":"farmland"},"geometry":{"type":"Polygon","coordinates":[[[8.5088,40.0547],[8.5124,40.0531],[8.5105,40.0561],[8.5088,40.0547]]]}},{"type":"Feature","properties":{"landuse":"farmland"},"geometry":{"type":"Polygon","coordinates":[[[8.5034,40.0565],[8.5043,40.0533],[8.5074,40.0542],[8.5034,40.0565]]]}},{"type":"Feature","properties":{"landuse":"farmland"},"geometry":{"type":"Polygon","coordinates":[[[8.5022,40.0623],[8.5088,40.0593],[8.5094,40.0605],[8.5022,40.0623]]]}},{"type":"Feature","properties":{"landuse":"farmland"},"geometry":{"type":"Polygon","coordinates":[[[8.5114,40.058],[8.5137,40.0545],[8.5151,40.0563],[8.5114,40.058]]]}},{"type":"Feature","properties":{"landuse":"farmland"},"geometry":{"type":"Polygon","coordinates":[[[8.5092,40.1232],[8.5075,40.1215],[8.5098,40.123],[8.5092,40.1232]]]}},{"type":"Feature","properties":{"landuse":"farmland"},"geometry":{"type":"Polygon","coordinates":[[[8.502,40.1186],[8.5023,40.1157],[8.5048,40.1164],[8.502,40.1186]]]}},{"type":"Feature","properties":{"landuse":"orchard"},"geometry":{"type":"Polygon","coordinates":[[[8.4006,40.038],[8.3997,40.0346],[8.4021,40.0371],[8.4006,40.038]]]}},{"type":"Feature","properties":{"landuse":"green_public_spaces"},"geometry":{"type":"Polygon","coordinates":[[[8.9292,39.42],[8.9267,39.4188],[8.9275,39.4182],[8.9292,39.42]]]}},{"type":"Feature","properties":{"landuse":"greenhouse_horticulture"},"geometry":{"type":"Polygon","coordinates":[[[8.9109,39.4219],[8.9146,39.421],[8.914,39.4229],[8.9109,39.4219]]]}},{"type":"Feature","properties":{"landuse":"orchard"},"geometry":{"type":"Polygon","coordinates":[[[8.5506,40.1933],[8.5489,40.1925],[8.5503,40.192],[8.5506,40.1933]]]}},{"type":"Feature","properties":{"landuse":"farmland"},"geometry":{"type":"Polygon","coordinates":[[[8.5285,40.1962],[8.526,40.1937],[8.5288,40.1931],[8.5285,40.1962]]]}},{"type":"Feature","properties":{"landuse":"orchard"},"geometry":{"type":"Polygon","coordinates":[[[8.5346,40.1949],[8.5325,40.1961],[8.5315,40.1946],[8.5346,40.1949]]]}},{"type":"Feature","properties":{"landuse":"farmland"},"geometry":{"type":"Polygon","coordinates":[[[8.525,40.1986],[8.5247,40.1932],[8.5295,40.1969],[8.525,40.1986]]]}},{"type":"Feature","properties":{"landuse":"farmland"},"geometry":{"type":"Polygon","coordinates":[[[8.5352,40.1933],[8.5307,40.1947],[8.5296,40.1936],[8.5352,40.1933]]]}},{"type":"Feature","properties":{"landuse":"orchard"},"geometry":{"type":"Polygon","coordinates":[[[8.545,40.1885],[8.5432,40.1892],[8.5427,40.1886],[8.545,40.1885]]]}},{"type":"Feature","properties":{"landuse":"orchard"},"geometry":{"type":"Polygon","coordinates":[[[8.536,40.1909],[8.535,40.1901],[8.5364,40.1894],[8.536,40.1909]]]}},{"type":"Feature","properties":{"landuse":"orchard"},"geometry":{"type":"Polygon","coordinates":[[[8.5372,40.1905],[8.5413,40.1883],[8.5425,40.1893],[8.5372,40.1905]]]}},{"type":"Feature","properties":{"landuse":"orchard"},"geometry":{"type":"Polygon","coordinates":[[[8.5574,40.1981],[8.5549,40.1983],[8.5563,40.1975],[8.5574,40.1981]]]}},{"type":"Feature","properties":{"landuse":"farmland"},"geometry":{"type":"Polygon","coordinates":[[[8.556,40.1996],[8.5544,40.1988],[8.5564,40.1985],[8.556,40.1996]]]}},{"type":"Feature","properties":{"landuse":"orchard"},"geometry":{"type":"Polygon","coordinates":[[[8.5356,40.1894],[8.5346,40.1883],[8.5437,40.1864],[8.5356,40.1894]]]}},{"type":"Feature","properties":{"landuse":"farmland"},"geometry":{"type":"Polygon","coordinates":[[[8.532,40.1895],[8.5253,40.1904],[8.5299,40.1885],[8.532,40.1895]]]}},{"type":"Feature","properties":{"landuse":"orchard"},"geometry":{"type":"Polygon","coordinates":[[[8.5374,40.1945],[8.5354,40.1931],[8.5366,40.1911],[8.5374,40.1945]]]}},{"type":"Feature","properties":{"landuse":"farmland"},"geometry":{"type":"Polygon","coordinates":[[[8.543,40.2007],[8.541,40.1994],[8.5424,40.1989],[8.543,40.2007]]]}},{"type":"Feature","properties":{"landuse":"orchard"},"geometry":{"type":"Polygon","coordinates":[[[8.5316,40.1976],[8.5299,40.1968],[8.5315,40.1955],[8.5316,40.1976]]]}},{"type":"Feature","properties":{"landuse":"vineyard"},"geometry":{"type":"Polygon","coordinates":[[[9.1834,39.3531],[9.1836,39.3517],[9.1846,39.3528],[9.1834,39.3531]]]}},{"type":"Feature","properties":{"landuse":"farmland"},"geometry":{"type":"Polygon","coordinates":[[[9.1832,39.3518],[9.1823,39.3498],[9.1851,39.3512],[9.1832,39.3518]]]}},{"type":"Feature","properties":{"landuse":"farmland"},"geometry":{"type":"Polygon","coordinates":[[[9.1003,40.7154],[9.1005,40.7174],[9.0991,40.7164],[9.1003,40.7154]]]}},{"type":"Feature","properties":{"landuse":"farmland"},"geometry":{"type":"Polygon","coordinates":[[[9.1007,40.7264],[9.0992,40.7237],[9.102,40.7259],[9.1007,40.7264]]]}},{"type":"Feature","properties":{"landuse":"orchard"},"geometry":{"type":"Polygon","coordinates":[[[9.174,39.3483],[9.1764,39.3464],[9.1758,39.3487],[9.174,39.3483]]]}},{"type":"Feature","properties":{"landuse":"farmland"},"geometry":{"type":"Polygon","coordinates":[[[9.1134,40.717],[9.1069,40.7189],[9.1052,40.7144],[9.1134,40.717]]]}},{"type":"Feature","properties":{"landuse":"farmland"},"geometry":{"type":"Polygon","coordinates":[[[9.1016,40.7137],[9.1059,40.7136],[9.1031,40.7142],[9.1016,40.7137]]]}},{"type":"Feature","properties":{"landuse":"farmland"},"geometry":{"type":"Polygon","coordinates":[[[9.0999,40.7146],[9.1007,40.7139],[9.1014,40.7155],[9.0999,40.7146]]]}},{"type":"Feature","properties":{"landuse":"farmland"},"geometry":{"type":"Polygon","coordinates":[[[9.0988,40.7149],[9.0979,40.7144],[9.1011,40.7149],[9.0988,40.7149]]]}},{"type":"Feature","properties":{"landuse":"farmland"},"geometry":{"type":"Polygon","coordinates":[[[9.0925,40.7163],[9.0938,40.7185],[9.0927,40.7184],[9.0925,40.7163]]]}},{"type":"Feature","properties":{"landuse":"farmland"},"geometry":{"type":"Polygon","coordinates":[[[9.103,40.7153],[9.1019,40.714],[9.104,40.715],[9.103,40.7153]]]}},{"type":"Feature","properties":{"landuse":"farmland"},"geometry":{"type":"Polygon","coordinates":[[[9.0924,40.7182],[9.092,40.7203],[9.0898,40.72],[9.0924,40.7182]]]}},{"type":"Feature","properties":{"landuse":"farmland"},"geometry":{"type":"Polygon","coordinates":[[[9.0888,40.7218],[9.0896,40.72],[9.0934,40.7211],[9.0888,40.7218]]]}},{"type":"Feature","properties":{"landuse":"farmland"},"geometry":{"type":"Polygon","coordinates":[[[9.109,40.7189],[9.1075,40.7184],[9.1095,40.717],[9.109,40.7189]]]}},{"type":"Feature","properties":{"landuse":"farmland"},"geometry":{"type":"Polygon","coordinates":[[[9.0966,40.7151],[9.0978,40.7169],[9.0957,40.7157],[9.0966,40.7151]]]}},{"type":"Feature","properties":{"landuse":"farmland"},"geometry":{"type":"Polygon","coordinates":[[[9.1118,40.7239],[9.1088,40.72],[9.1136,40.7211],[9.1118,40.7239]]]}},{"type":"Feature","properties":{"landuse":"farmland"},"geometry":{"type":"Polygon","coordinates":[[[9.0962,40.7142],[9.0977,40.7142],[9.0979,40.7157],[9.0962,40.7142]]]}},{"type":"Feature","properties":{"landuse":"farmland"},"geometry":{"type":"Polygon","coordinates":[[[9.0923,40.7162],[9.0943,40.7146],[9.0939,40.716],[9.0923,40.7162]]]}},{"type":"Feature","properties":{"landuse":"farmland"},"geometry":{"type":"Polygon","coordinates":[[[9.1093,40.7196],[9.1107,40.719],[9.1107,40.7202],[9.1093,40.7196]]]}},{"type":"Feature","properties":{"landuse":"farmland"},"geometry":{"type":"Polygon","coordinates":[[[9.1129,40.7183],[9.1118,40.7193],[9.109,40.7189],[9.1129,40.7183]]]}},{"type":"Feature","properties":{"landuse":"farmland"},"geometry":{"type":"Polygon","coordinates":[[[9.1117,40.718],[9.1097,40.7172],[9.113,40.7175],[9.1117,40.718]]]}},{"type":"Feature","properties":{"landuse":"farmland"},"geometry":{"type":"Polygon","coordinates":[[[9.102,40.7297],[9.1023,40.7272],[9.1044,40.7295],[9.102,40.7297]]]}},{"type":"Feature","properties":{"landuse":"farmland"},"geometry":{"type":"Polygon","coordinates":[[[9.1046,40.7305],[9.1036,40.7273],[9.1105,40.7314],[9.1046,40.7305]]]}},{"type":"Feature","properties":{"landuse":"farmland"},"geometry":{"type":"Polygon","coordinates":[[[9.112,40.7244],[9.1105,40.7261],[9.1087,40.7245],[9.112,40.7244]]]}},{"type":"Feature","properties":{"landuse":"farmland"},"geometry":{"type":"Polygon","coordinates":[[[9.0958,40.7241],[9.0992,40.721],[9.1004,40.7265],[9.0958,40.7241]]]}},{"type":"Feature","properties":{"landuse":"farmland"},"geometry":{"type":"Polygon","coordinates":[[[9.0937,40.7271],[9.0927,40.7232],[9.0956,40.7229],[9.0937,40.7271]]]}},{"type":"Feature","properties":{"landuse":"farmland"},"geometry":{"type":"Polygon","coordinates":[[[9.0975,40.7307],[9.0977,40.7274],[9.1029,40.7256],[9.1016,40.7302],[9.0975,40.7307]]]}},{"type":"Feature","properties":{"landuse":"farmland"},"geometry":{"type":"Polygon","coordinates":[[[9.101,40.712],[9.1051,40.7126],[9.1021,40.7136],[9.101,40.712]]]}},{"type":"Feature","properties":{"landuse":"farmland"},"geometry":{"type":"Polygon","coordinates":[[[9.0962,40.7308],[9.0958,40.7284],[9.0973,40.728],[9.0962,40.7308]]]}},{"type":"Feature","properties":{"landuse":"farmland"},"geometry":{"type":"Polygon","coordinates":[[[9.094,40.7296],[9.0937,40.7271],[9.0962,40.7265],[9.094,40.7296]]]}},{"type":"Feature","properties":{"landuse":"vineyard"},"geometry":{"type":"Polygon","coordinates":[[[9.1731,39.3494],[9.169,39.3495],[9.1703,39.3487],[9.1731,39.3494]]]}},{"type":"Feature","properties":{"landuse":"vineyard"},"geometry":{"type":"Polygon","coordinates":[[[9.1786,39.3505],[9.1787,39.353],[9.1778,39.3523],[9.1786,39.3505]]]}},{"type":"Feature","properties":{"landuse":"vineyard"},"geometry":{"type":"Polygon","coordinates":[[[9.1797,39.3523],[9.1803,39.3545],[9.1786,39.3534],[9.1797,39.3523]]]}},{"type":"Feature","properties":{"landuse":"green_public_spaces"},"geometry":{"type":"Polygon","coordinates":[[[9.5889,40.2876],[9.588,40.2862],[9.5916,40.2855],[9.5889,40.2876]]]}},{"type":"Feature","properties":{"landuse":"farmland"},"geometry":{"type":"Polygon","coordinates":[[[8.5064,40.1214],[8.5045,40.1212],[8.5028,40.1196],[8.5064,40.1214]]]}},{"type":"Feature","properties":{"landuse":"farmland"},"geometry":{"type":"Polygon","coordinates":[[[8.5029,40.1212],[8.5019,40.1194],[8.5035,40.1205],[8.5029,40.1212]]]}},{"type":"Feature","properties":{"landuse":"orchard"},"geometry":{"type":"Polygon","coordinates":[[[9.5933,40.2995],[9.5929,40.2925],[9.5971,40.294],[9.5974,40.2975],[9.5933,40.2995]]]}},{"type":"Feature","properties":{"landuse":"orchard"},"geometry":{"type":"Polygon","coordinates":[[[9.5788,40.2894],[9.5796,40.2884],[9.5797,40.2896],[9.5788,40.2894]]]}},{"type":"Feature","properties":{"landuse":"orchard"},"geometry":{"type":"Polygon","coordinates":[[[9.5863,40.2761],[9.5869,40.2746],[9.5894,40.2757],[9.5863,40.2761]]]}},{"type":"Feature","properties":{"landuse":"green_public_spaces"},"geometry":{"type":"Polygon","coordinates":[[[8.548,40.7091],[8.5518,40.7086],[8.5514,40.7101],[8.548,40.7091]]]}},{"type":"Feature","properties":{"landuse":"farmland"},"geometry":{"type":"Polygon","coordinates":[[[9.5618,40.3167],[9.5587,40.314],[9.5599,40.3131],[9.5618,40.3167]]]}},{"type":"Feature","properties":{"landuse":"farmland"},"geometry":{"type":"Polygon","coordinates":[[[9.5626,40.3044],[9.5606,40.3035],[9.5641,40.302],[9.5626,40.3044]]]}},{"type":"Feature","properties":{"landuse":"farmland"},"geometry":{"type":"Polygon","coordinates":[[[9.1769,39.3506],[9.1758,39.3488],[9.1777,39.3488],[9.1769,39.3506]]]}},{"type":"Feature","properties":{"landuse":"vineyard"},"geometry":{"type":"Polygon","coordinates":[[[9.1689,39.3466],[9.1694,39.3454],[9.1698,39.3461],[9.1689,39.3466]]]}},{"type":"Feature","properties":{"landuse":"vineyard"},"geometry":{"type":"Polygon","coordinates":[[[9.1771,39.3525],[9.1762,39.3534],[9.1754,39.3524],[9.1771,39.3525]]]}},{"type":"Feature","properties":{"landuse":"vineyard"},"geometry":{"type":"Polygon","coordinates":[[[9.1781,39.3538],[9.1774,39.355],[9.1763,39.3546],[9.1781,39.3538]]]}},{"type":"Feature","properties":{"landuse":"orchard"},"geometry":{"type":"Polygon","coordinates":[[[9.1835,39.3532],[9.1836,39.3559],[9.1823,39.3541],[9.1835,39.3532]]]}},{"type":"Feature","properties":{"landuse":"orchard"},"geometry":{"type":"Polygon","coordinates":[[[9.1808,39.353],[9.1798,39.3516],[9.1817,39.3523],[9.1808,39.353]]]}},{"type":"Feature","properties":{"landuse":"green_public_spaces"},"geometry":{"type":"Polygon","coordinates":[[[8.5646,40.7355],[8.5665,40.7362],[8.5644,40.7369],[8.5646,40.7355]]]}},{"type":"Feature","properties":{"landuse":"farmland"},"geometry":{"type":"Polygon","coordinates":[[[9.179,39.3506],[9.1795,39.3525],[9.1785,39.3525],[9.179,39.3506]]]}},{"type":"Feature","properties":{"landuse":"vineyard"},"geometry":{"type":"Polygon","coordinates":[[[9.6364,39.6855],[9.6401,39.6829],[9.6383,39.6859],[9.6364,39.6855]]]}},{"type":"Feature","properties":{"landuse":"orchard"},"geometry":{"type":"Polygon","coordinates":[[[9.6518,39.6842],[9.6531,39.6826],[9.6532,39.6839],[9.6518,39.6842]]]}},{"type":"Feature","properties":{"landuse":"orchard"},"geometry":{"type":"Polygon","coordinates":[[[9.6502,39.6817],[9.6506,39.6803],[9.6515,39.6818],[9.6502,39.6817]]]}},{"type":"Feature","properties":{"landuse":"vineyard"},"geometry":{"type":"Polygon","coordinates":[[[9.6492,39.6842],[9.6479,39.6832],[9.6501,39.6841],[9.6492,39.6842]]]}},{"type":"Feature","properties":{"landuse":"orchard"},"geometry":{"type":"Polygon","coordinates":[[[9.6506,39.6841],[9.6526,39.6845],[9.6519,39.6873],[9.6506,39.6841]]]}},{"type":"Feature","properties":{"landuse":"orchard"},"geometry":{"type":"Polygon","coordinates":[[[9.6371,39.6922],[9.6367,39.6899],[9.6401,39.6894],[9.6371,39.6922]]]}},{"type":"Feature","properties":{"landuse":"orchard"},"geometry":{"type":"Polygon","coordinates":[[[9.6494,39.6896],[9.6524,39.6891],[9.6501,39.6916],[9.6494,39.6896]]]}},{"type":"Feature","properties":{"landuse":"orchard"},"geometry":{"type":"Polygon","coordinates":[[[9.6504,39.6918],[9.6528,39.69],[9.6539,39.6921],[9.6504,39.6918]]]}},{"type":"Feature","properties":{"landuse":"vineyard"},"geometry":{"type":"Polygon","coordinates":[[[9.6508,39.6801],[9.6513,39.6786],[9.6543,39.679],[9.6508,39.6801]]]}},{"type":"Feature","properties":{"landuse":"orchard"},"geometry":{"type":"Polygon","coordinates":[[[9.6513,39.6786],[9.6508,39.6776],[9.6524,39.6783],[9.6513,39.6786]]]}},{"type":"Feature","properties":{"landuse":"vineyard"},"geometry":{"type":"Polygon","coordinates":[[[9.6632,39.6829],[9.6606,39.6826],[9.6625,39.6808],[9.6632,39.6829]]]}},{"type":"Feature","properties":{"landuse":"vineyard"},"geometry":{"type":"Polygon","coordinates":[[[9.6578,39.6818],[9.6579,39.6801],[9.6588,39.6817],[9.6578,39.6818]]]}},{"type":"Feature","properties":{"landuse":"vineyard"},"geometry":{"type":"Polygon","coordinates":[[[9.6329,39.6986],[9.6339,39.6972],[9.6364,39.6984],[9.6329,39.6986]]]}},{"type":"Feature","properties":{"landuse":"vineyard"},"geometry":{"type":"Polygon","coordinates":[[[9.6338,39.6951],[9.6332,39.6941],[9.6341,39.6933],[9.6338,39.6951]]]}},{"type":"Feature","properties":{"landuse":"orchard"},"geometry":{"type":"Polygon","coordinates":[[[9.6335,39.685],[9.6351,39.6844],[9.6352,39.6855],[9.6335,39.685]]]}},{"type":"Feature","properties":{"landuse":"vineyard"},"geometry":{"type":"Polygon","coordinates":[[[9.6486,39.6923],[9.6488,39.6908],[9.6497,39.6924],[9.6486,39.6923]]]}},{"type":"Feature","properties":{"landuse":"vineyard"},"geometry":{"type":"Polygon","coordinates":[[[9.1835,39.3586],[9.1824,39.3579],[9.1839,39.3563],[9.1835,39.3586]]]}},{"type":"Feature","properties":{"landuse":"vineyard"},"geometry":{"type":"Polygon","coordinates":[[[9.1793,39.3586],[9.1805,39.3604],[9.1789,39.3592],[9.1793,39.3586]]]}},{"type":"Feature","properties":{"landuse":"orchard"},"geometry":{"type":"Polygon","coordinates":[[[9.6532,39.6877],[9.6593,39.6856],[9.658,39.6902],[9.6532,39.6877]]]}},{"type":"Feature","properties":{"landuse":"green_public_spaces"},"geometry":{"type":"Polygon","coordinates":[[[8.9335,39.4248],[8.9346,39.4232],[8.9362,39.4236],[8.9335,39.4248]]]}},{"type":"Feature","properties":{"landuse":"orchard"},"geometry":{"type":"Polygon","coordinates":[[[8.5449,40.7171],[8.5436,40.7132],[8.5471,40.7097],[8.5479,40.715],[8.5449,40.7171]]]}},{"type":"Feature","properties":{"landuse":"green_public_spaces"},"geometry":{"type":"Polygon","coordinates":[[[8.9293,39.4049],[8.9287,39.4062],[8.9268,39.4056],[8.9293,39.4049]]]}},{"type":"Feature","properties":{"landuse":"green_public_spaces"},"geometry":{"type":"Polygon","coordinates":[[[8.9296,39.4018],[8.9289,39.4026],[8.9276,39.4023],[8.9296,39.4018]]]}},{"type":"Feature","properties":{"landuse":"green_public_spaces"},"geometry":{"type":"Polygon","coordinates":[[[8.9323,39.4181],[8.9307,39.4173],[8.9323,39.4168],[8.9323,39.4181]]]}},{"type":"Feature","properties":{"landuse":"orchard"},"geometry":{"type":"Polygon","coordinates":[[[9.6605,39.6868],[9.6612,39.6903],[9.6602,39.6901],[9.6605,39.6868]]]}},{"type":"Feature","properties":{"landuse":"orchard"},"geometry":{"type":"Polygon","coordinates":[[[9.6557,39.6948],[9.6549,39.6932],[9.6583,39.694],[9.6557,39.6948]]]}},{"type":"Feature","properties":{"landuse":"orchard"},"geometry":{"type":"Polygon","coordinates":[[[8.5479,40.7113],[8.549,40.7099],[8.5494,40.7116],[8.5479,40.7113]]]}},{"type":"Feature","properties":{"landuse":"farmland"},"geometry":{"type":"Polygon","coordinates":[[[9.2521,39.2198],[9.2494,39.2202],[9.2518,39.2188],[9.2521,39.2198]]]}},{"type":"Feature","properties":{"landuse":"farmland"},"geometry":{"type":"Polygon","coordinates":[[[9.2579,39.2209],[9.2541,39.221],[9.2557,39.2196],[9.2579,39.2209]]]}},{"type":"Feature","properties":{"landuse":"farmland"},"geometry":{"type":"Polygon","coordinates":[[[9.2763,39.2193],[9.2773,39.2163],[9.2771,39.2194],[9.2763,39.2193]]]}},{"type":"Feature","properties":{"landuse":"farmland"},"geometry":{"type":"Polygon","coordinates":[[[9.2509,39.2266],[9.2524,39.2253],[9.2526,39.227],[9.2509,39.2266]]]}},{"type":"Feature","properties":{"landuse":"farmland"},"geometry":{"type":"Polygon","coordinates":[[[8.5041,40.1142],[8.5047,40.113],[8.5052,40.1141],[8.5041,40.1142]]]}},{"type":"Feature","properties":{"landuse":"farmland"},"geometry":{"type":"Polygon","coordinates":[[[8.5038,40.1124],[8.5016,40.1128],[8.504,40.1111],[8.5038,40.1124]]]}},{"type":"Feature","properties":{"landuse":"farmland"},"geometry":{"type":"Polygon","coordinates":[[[9.2613,39.2262],[9.2643,39.2269],[9.2616,39.2293],[9.2613,39.2262]]]}},{"type":"Feature","properties":{"landuse":"farmland"},"geometry":{"type":"Polygon","coordinates":[[[9.2524,39.227],[9.2514,39.2286],[9.2506,39.2284],[9.2524,39.227]]]}},{"type":"Feature","properties":{"landuse":"orchard"},"geometry":{"type":"Polygon","coordinates":[[[8.5941,40.715],[8.5943,40.7164],[8.5924,40.7163],[8.5941,40.715]]]}},{"type":"Feature","properties":{"landuse":"orchard"},"geometry":{"type":"Polygon","coordinates":[[[9.1553,39.3432],[9.1541,39.3429],[9.1557,39.3423],[9.1553,39.3432]]]}},{"type":"Feature","properties":{"landuse":"orchard"},"geometry":{"type":"Polygon","coordinates":[[[8.525,40.1829],[8.5247,40.1808],[8.5263,40.1821],[8.525,40.1829]]]}},{"type":"Feature","properties":{"landuse":"orchard"},"geometry":{"type":"Polygon","coordinates":[[[9.1848,39.3548],[9.1862,39.3544],[9.1851,39.3566],[9.1848,39.3548]]]}},{"type":"Feature","properties":{"landuse":"farmland"},"geometry":{"type":"Polygon","coordinates":[[[8.4696,39.6941],[8.4649,39.695],[8.4698,39.6907],[8.473,39.6936],[8.4713,39.6963],[8.4696,39.6941]]]}},{"type":"Feature","properties":{"landuse":"vineyard"},"geometry":{"type":"Polygon","coordinates":[[[9.1601,39.3446],[9.1603,39.346],[9.1595,39.3437],[9.1601,39.3446]]]}},{"type":"Feature","properties":{"landuse":"orchard"},"geometry":{"type":"Polygon","coordinates":[[[9.1793,39.3586],[9.1811,39.3569],[9.18,39.3589],[9.1793,39.3586]]]}},{"type":"Feature","properties":{"landuse":"orchard"},"geometry":{"type":"Polygon","coordinates":[[[9.177,39.3575],[9.1808,39.3558],[9.1781,39.3585],[9.177,39.3575]]]}},{"type":"Feature","properties":{"landuse":"orchard"},"geometry":{"type":"Polygon","coordinates":[[[9.1824,39.3579],[9.1789,39.3548],[9.1839,39.3563],[9.1824,39.3579]]]}},{"type":"Feature","properties":{"landuse":"orchard"},"geometry":{"type":"Polygon","coordinates":[[[9.179,39.361],[9.1794,39.3597],[9.18,39.3603],[9.179,39.361]]]}},{"type":"Feature","properties":{"landuse":"vineyard"},"geometry":{"type":"Polygon","coordinates":[[[9.1795,39.3617],[9.179,39.361],[9.18,39.3603],[9.1795,39.3617]]]}},{"type":"Feature","properties":{"landuse":"orchard"},"geometry":{"type":"Polygon","coordinates":[[[9.1811,39.3569],[9.1787,39.359],[9.1806,39.3566],[9.1811,39.3569]]]}},{"type":"Feature","properties":{"landuse":"green_public_spaces"},"geometry":{"type":"Polygon","coordinates":[[[9.1241,39.3684],[9.1195,39.3681],[9.1225,39.3668],[9.1241,39.3684]]]}},{"type":"Feature","properties":{"landuse":"farmland"},"geometry":{"type":"Polygon","coordinates":[[[9.0403,39.3821],[9.0401,39.3805],[9.0433,39.3815],[9.0403,39.3821]]]}},{"type":"Feature","properties":{"landuse":"farmland"},"geometry":{"type":"Polygon","coordinates":[[[8.52,39.9157],[8.5171,39.9158],[8.5177,39.9134],[8.52,39.9157]]]}},{"type":"Feature","properties":{"landuse":"farmland"},"geometry":{"type":"Polygon","coordinates":[[[8.5518,39.8846],[8.5495,39.8833],[8.5524,39.8831],[8.5518,39.8846]]]}},{"type":"Feature","properties":{"landuse":"farmland"},"geometry":{"type":"Polygon","coordinates":[[[8.5392,39.9083],[8.5403,39.9072],[8.5413,39.9084],[8.5392,39.9083]]]}},{"type":"Feature","properties":{"landuse":"farmland"},"geometry":{"type":"Polygon","coordinates":[[[8.5346,39.9036],[8.5357,39.9048],[8.5336,39.9061],[8.5346,39.9036]]]}},{"type":"Feature","properties":{"landuse":"farmland"},"geometry":{"type":"Polygon","coordinates":[[[8.5376,39.9037],[8.5348,39.9037],[8.5393,39.9024],[8.5376,39.9037]]]}},{"type":"Feature","properties":{"landuse":"farmland"},"geometry":{"type":"Polygon","coordinates":[[[8.538,39.9073],[8.5359,39.905],[8.5393,39.9051],[8.538,39.9073]]]}},{"type":"Feature","properties":{"landuse":"farmland"},"geometry":{"type":"Polygon","coordinates":[[[8.5346,39.9084],[8.5357,39.905],[8.5374,39.907],[8.5346,39.9084]]]}},{"type":"Feature","properties":{"landuse":"farmland"},"geometry":{"type":"Polygon","coordinates":[[[8.5384,39.9093],[8.535,39.9084],[8.5374,39.9071],[8.5384,39.9093]]]}},{"type":"Feature","properties":{"landuse":"farmland"},"geometry":{"type":"Polygon","coordinates":[[[8.5385,39.9095],[8.5319,39.911],[8.5329,39.9086],[8.5385,39.9095]]]}},{"type":"Feature","properties":{"landuse":"farmland"},"geometry":{"type":"Polygon","coordinates":[[[8.5676,39.8953],[8.5687,39.8966],[8.5672,39.897],[8.5676,39.8953]]]}},{"type":"Feature","properties":{"landuse":"farmland"},"geometry":{"type":"Polygon","coordinates":[[[8.5708,39.8947],[8.5721,39.8945],[8.5714,39.8958],[8.5708,39.8947]]]}},{"type":"Feature","properties":{"landuse":"farmland"},"geometry":{"type":"Polygon","coordinates":[[[8.5714,39.8959],[8.5733,39.897],[8.5723,39.8974],[8.5714,39.8959]]]}},{"type":"Feature","properties":{"landuse":"farmland"},"geometry":{"type":"Polygon","coordinates":[[[8.5704,39.8961],[8.5698,39.8952],[8.5708,39.8946],[8.5704,39.8961]]]}},{"type":"Feature","properties":{"landuse":"farmland"},"geometry":{"type":"Polygon","coordinates":[[[8.5678,39.898],[8.5716,39.8968],[8.5721,39.8975],[8.5678,39.898]]]}},{"type":"Feature","properties":{"landuse":"farmland"},"geometry":{"type":"Polygon","coordinates":[[[8.5716,39.8986],[8.5725,39.8993],[8.5706,39.8999],[8.5716,39.8986]]]}},{"type":"Feature","properties":{"landuse":"farmland"},"geometry":{"type":"Polygon","coordinates":[[[8.5716,39.8967],[8.5678,39.8979],[8.5672,39.8971],[8.5711,39.896],[8.5716,39.8967]]]}},{"type":"Feature","properties":{"landuse":"farmland"},"geometry":{"type":"Polygon","coordinates":[[[8.5678,39.8952],[8.5702,39.8961],[8.5689,39.8965],[8.5678,39.8952]]]}},{"type":"Feature","properties":{"landuse":"farmland"},"geometry":{"type":"Polygon","coordinates":[[[8.5622,39.8977],[8.5639,39.897],[8.5629,39.8989],[8.5622,39.8977]]]}},{"type":"Feature","properties":{"landuse":"farmland"},"geometry":{"type":"Polygon","coordinates":[[[8.5635,39.9001],[8.5629,39.899],[8.5657,39.8992],[8.5635,39.9001]]]}},{"type":"Feature","properties":{"landuse":"farmland"},"geometry":{"type":"Polygon","coordinates":[[[8.5636,39.9032],[8.5674,39.9007],[8.568,39.9019],[8.5636,39.9032]]]}},{"type":"Feature","properties":{"landuse":"farmland"},"geometry":{"type":"Polygon","coordinates":[[[8.5671,39.8996],[8.5689,39.8986],[8.5693,39.8995],[8.5671,39.8996]]]}},{"type":"Feature","properties":{"landuse":"farmland"},"geometry":{"type":"Polygon","coordinates":[[[8.5733,39.8912],[8.5745,39.8909],[8.5744,39.894],[8.5733,39.8912]]]}},{"type":"Feature","properties":{"landuse":"farmland"},"geometry":{"type":"Polygon","coordinates":[[[8.5633,39.9051],[8.5623,39.9039],[8.5633,39.9035],[8.5633,39.9051]]]}},{"type":"Feature","properties":{"landuse":"farmland"},"geometry":{"type":"Polygon","coordinates":[[[8.5633,39.9051],[8.565,39.9061],[8.5642,39.9065],[8.5633,39.9051]]]}},{"type":"Feature","properties":{"landuse":"farmland"},"geometry":{"type":"Polygon","coordinates":[[[8.5723,39.9036],[8.5743,39.9024],[8.5747,39.9032],[8.5723,39.9036]]]}},{"type":"Feature","properties":{"landuse":"farmland"},"geometry":{"type":"Polygon","coordinates":[[[8.5647,39.9052],[8.5685,39.9041],[8.5654,39.906],[8.5647,39.9052]]]}},{"type":"Feature","properties":{"landuse":"farmland"},"geometry":{"type":"Polygon","coordinates":[[[8.5641,39.9044],[8.5683,39.9031],[8.5647,39.9051],[8.5641,39.9044]]]}},{"type":"Feature","properties":{"landuse":"farmland"},"geometry":{"type":"Polygon","coordinates":[[[8.5739,39.9014],[8.575,39.9002],[8.5757,39.9023],[8.5739,39.9014]]]}},{"type":"Feature","properties":{"landuse":"farmland"},"geometry":{"type":"Polygon","coordinates":[[[8.5698,39.8915],[8.5726,39.8899],[8.5742,39.8907],[8.5698,39.8915]]]}},{"type":"Feature","properties":{"landuse":"farmland"},"geometry":{"type":"Polygon","coordinates":[[[8.5636,39.9035],[8.568,39.9022],[8.5642,39.9042],[8.5636,39.9035]]]}},{"type":"Feature","properties":{"landuse":"farmland"},"geometry":{"type":"Polygon","coordinates":[[[8.569,39.8928],[8.5696,39.892],[8.5704,39.8945],[8.569,39.8928]]]}},{"type":"Feature","properties":{"landuse":"farmland"},"geometry":{"type":"Polygon","coordinates":[[[8.5687,39.904],[8.5685,39.9032],[8.5718,39.9029],[8.5687,39.904]]]}},{"type":"Feature","properties":{"landuse":"farmland"},"geometry":{"type":"Polygon","coordinates":[[[8.5731,39.8942],[8.5698,39.892],[8.5721,39.8913],[8.5731,39.8942]]]}},{"type":"Feature","properties":{"landuse":"farmland"},"geometry":{"type":"Polygon","coordinates":[[[8.5749,39.8944],[8.5779,39.8951],[8.5759,39.8961],[8.5749,39.8944]]]}},{"type":"Feature","properties":{"landuse":"farmland"},"geometry":{"type":"Polygon","coordinates":[[[8.5717,39.9023],[8.5739,39.9015],[8.5743,39.9024],[8.5717,39.9023]]]}},{"type":"Feature","properties":{"landuse":"farmland"},"geometry":{"type":"Polygon","coordinates":[[[8.5595,39.8897],[8.5604,39.8898],[8.5602,39.8909],[8.5595,39.8897]]]}},{"type":"Feature","properties":{"landuse":"farmland"},"geometry":{"type":"Polygon","coordinates":[[[8.5722,39.8914],[8.5732,39.8911],[8.5741,39.8941],[8.5722,39.8914]]]}},{"type":"Feature","properties":{"landuse":"farmland"},"geometry":{"type":"Polygon","coordinates":[[[8.5685,39.903],[8.571,39.9013],[8.5715,39.9021],[8.5685,39.903]]]}},{"type":"Feature","properties":{"landuse":"farmland"},"geometry":{"type":"Polygon","coordinates":[[[8.5751,39.8895],[8.5771,39.8891],[8.5781,39.8906],[8.5751,39.8895]]]}},{"type":"Feature","properties":{"landuse":"farmland"},"geometry":{"type":"Polygon","coordinates":[[[8.5746,39.8923],[8.5747,39.891],[8.576,39.8927],[8.5746,39.8923]]]}},{"type":"Feature","properties":{"landuse":"farmland"},"geometry":{"type":"Polygon","coordinates":[[[8.5589,39.8933],[8.5591,39.892],[8.5614,39.8927],[8.5589,39.8933]]]}},{"type":"Feature","properties":{"landuse":"farmland"},"geometry":{"type":"Polygon","coordinates":[[[8.5562,39.8958],[8.5585,39.8959],[8.5576,39.8967],[8.5562,39.8958]]]}},{"type":"Feature","properties":{"landuse":"farmland"},"geometry":{"type":"Polygon","coordinates":[[[8.5664,39.8787],[8.5676,39.8771],[8.5696,39.8777],[8.5664,39.8787]]]}},{"type":"Feature","properties":{"landuse":"farmland"},"geometry":{"type":"Polygon","coordinates":[[[8.5624,39.8816],[8.5608,39.8796],[8.5624,39.8789],[8.564,39.881],[8.5624,39.8816]]]}},{"type":"Feature","properties":{"landuse":"farmland"},"geometry":{"type":"Polygon","coordinates":[[[8.5659,39.8787],[8.5648,39.8762],[8.5688,39.8756],[8.5659,39.8787]]]}},{"type":"Feature","properties":{"landuse":"farmland"},"geometry":{"type":"Polygon","coordinates":[[[8.5668,39.8808],[8.566,39.8789],[8.5691,39.8783],[8.5668,39.8808]]]}},{"type":"Feature","properties":{"landuse":"farmland"},"geometry":{"type":"Polygon","coordinates":[[[8.5625,39.8788],[8.5652,39.8777],[8.5664,39.8804],[8.5625,39.8788]]]}},{"type":"Feature","properties":{"landuse":"farmland"},"geometry":{"type":"Polygon","coordinates":[[[8.5588,39.8829],[8.5607,39.8796],[8.5622,39.8816],[8.5588,39.8829]]]}},{"type":"Feature","properties":{"landuse":"farmland"},"geometry":{"type":"Polygon","coordinates":[[[8.5614,39.8771],[8.5645,39.8759],[8.5625,39.8788],[8.5614,39.8771]]]}},{"type":"Feature","properties":{"landuse":"farmland"},"geometry":{"type":"Polygon","coordinates":[[[8.5609,39.8867],[8.5596,39.8884],[8.559,39.8858],[8.5609,39.8867]]]}},{"type":"Feature","properties":{"landuse":"farmland"},"geometry":{"type":"Polygon","coordinates":[[[8.5976,40.6161],[8.5994,40.6092],[8.6042,40.6097],[8.5976,40.6161]]]}},{"type":"Feature","properties":{"landuse":"vineyard"},"geometry":{"type":"Polygon","coordinates":[[[9.1706,39.2838],[9.1724,39.2831],[9.1714,39.2843],[9.1706,39.2838]]]}},{"type":"Feature","properties":{"landuse":"farmland"},"geometry":{"type":"Polygon","coordinates":[[[8.6923,40.6506],[8.6914,40.6487],[8.6988,40.6445],[8.711,40.6454],[8.7135,40.6494],[8.7094,40.6492],[8.7098,40.6543],[8.6923,40.6506]]]}},{"type":"Feature","properties":{"landuse":"orchard"},"geometry":{"type":"Polygon","coordinates":[[[8.5159,40.6677],[8.5169,40.6597],[8.5206,40.6571],[8.5312,40.6578],[8.5314,40.6669],[8.5159,40.6677]]]}},{"type":"Feature","properties":{"landuse":"farmland"},"geometry":{"type":"Polygon","coordinates":[[[8.798,40.5619],[8.7911,40.554],[8.7964,40.5509],[8.7991,40.5551],[8.808,40.5584],[8.798,40.5619]]]}},{"type":"Feature","properties":{"landuse":"farmland"},"geometry":{"type":"Polygon","coordinates":[[[8.8085,40.5638],[8.8043,40.5606],[8.8115,40.5566],[8.8135,40.5598],[8.8085,40.5638]]]}},{"type":"Feature","properties":{"landuse":"farmland"},"geometry":{"type":"Polygon","coordinates":[[[8.8183,40.5668],[8.8138,40.5599],[8.8257,40.5608],[8.823,40.5674],[8.8183,40.5668]]]}},{"type":"Feature","properties":{"landuse":"vineyard"},"geometry":{"type":"Polygon","coordinates":[[[8.8012,40.5487],[8.8022,40.5477],[8.8036,40.5485],[8.8012,40.5487]]]}},{"type":"Feature","properties":{"landuse":"farmland"},"geometry":{"type":"Polygon","coordinates":[[[8.8393,40.5523],[8.8439,40.5531],[8.8389,40.5549],[8.8393,40.5523]]]}},{"type":"Feature","properties":{"landuse":"orchard"},"geometry":{"type":"Polygon","coordinates":[[[9.5612,39.43],[9.5671,39.422],[9.5841,39.4236],[9.5831,39.421],[9.5873,39.4175],[9.5949,39.4159],[9.6045,39.4192],[9.5975,39.4272],[9.5862,39.4307],[9.5612,39.43]]]}},{"type":"Feature","properties":{"landuse":"farmland"},"geometry":{"type":"Polygon","coordinates":[[[9.5614,39.4158],[9.5641,39.4237],[9.5598,39.4262],[9.5614,39.4158]]]}},{"type":"Feature","properties":{"landuse":"farmland"},"geometry":{"type":"Polygon","coordinates":[[[9.1663,40.7816],[9.1665,40.7794],[9.1681,40.7795],[9.1663,40.7816]]]}},{"type":"Feature","properties":{"landuse":"farmland"},"geometry":{"type":"Polygon","coordinates":[[[9.1662,40.7815],[9.1653,40.78],[9.1665,40.7798],[9.1662,40.7815]]]}},{"type":"Feature","properties":{"landuse":"farmland"},"geometry":{"type":"Polygon","coordinates":[[[9.168,40.7805],[9.1687,40.7792],[9.1697,40.7811],[9.168,40.7805]]]}},{"type":"Feature","properties":{"landuse":"farmland"},"geometry":{"type":"Polygon","coordinates":[[[9.171,40.7802],[9.1686,40.7787],[9.1709,40.7791],[9.171,40.7802]]]}},{"type":"Feature","properties":{"landuse":"green_public_spaces"},"geometry":{"type":"Polygon","coordinates":[[[9.1724,40.7795],[9.1752,40.7802],[9.1693,40.7819],[9.1724,40.7795]]]}},{"type":"Feature","properties":{"landuse":"farmland"},"geometry":{"type":"Polygon","coordinates":[[[9.1711,40.7827],[9.1764,40.781],[9.1771,40.7838],[9.1711,40.7827]]]}},{"type":"Feature","properties":{"landuse":"farmland"},"geometry":{"type":"Polygon","coordinates":[[[9.1759,40.7847],[9.1759,40.7837],[9.1782,40.7843],[9.1759,40.7847]]]}},{"type":"Feature","properties":{"landuse":"farmland"},"geometry":{"type":"Polygon","coordinates":[[[9.1753,40.7834],[9.1742,40.7849],[9.1743,40.7831],[9.1753,40.7834]]]}},{"type":"Feature","properties":{"landuse":"farmland"},"geometry":{"type":"Polygon","coordinates":[[[9.1771,40.7838],[9.1754,40.7808],[9.1806,40.7805],[9.1771,40.7838]]]}},{"type":"Feature","properties":{"landuse":"farmland"},"geometry":{"type":"Polygon","coordinates":[[[9.1676,40.7794],[9.1677,40.7782],[9.1689,40.7782],[9.1676,40.7794]]]}},{"type":"Feature","properties":{"landuse":"farmland"},"geometry":{"type":"Polygon","coordinates":[[[9.1682,40.7782],[9.1697,40.7775],[9.1702,40.7788],[9.1682,40.7782]]]}},{"type":"Feature","properties":{"landuse":"farmland"},"geometry":{"type":"Polygon","coordinates":[[[9.1702,40.7788],[9.1701,40.7781],[9.1716,40.7782],[9.1702,40.7788]]]}},{"type":"Feature","properties":{"landuse":"farmland"},"geometry":{"type":"Polygon","coordinates":[[[9.1699,40.7779],[9.1685,40.7768],[9.172,40.7775],[9.1699,40.7779]]]}},{"type":"Feature","properties":{"landuse":"farmland"},"geometry":{"type":"Polygon","coordinates":[[[9.1641,40.7799],[9.1666,40.7779],[9.1665,40.7798],[9.1641,40.7799]]]}},{"type":"Feature","properties":{"landuse":"farmland"},"geometry":{"type":"Polygon","coordinates":[[[9.1663,40.7783],[9.1645,40.7793],[9.1682,40.7777],[9.1663,40.7783]]]}},{"type":"Feature","properties":{"landuse":"farmland"},"geometry":{"type":"Polygon","coordinates":[[[9.18,40.7775],[9.1813,40.78],[9.1753,40.7807],[9.18,40.7775]]]}},{"type":"Feature","properties":{"landuse":"vineyard"},"geometry":{"type":"Polygon","coordinates":[[[9.1698,39.3699],[9.1682,39.3696],[9.1692,39.369],[9.1698,39.3699]]]}},{"type":"Feature","properties":{"landuse":"vineyard"},"geometry":{"type":"Polygon","coordinates":[[[9.1692,39.3689],[9.1706,39.3673],[9.1714,39.3682],[9.1692,39.3689]]]}},{"type":"Feature","properties":{"landuse":"orchard"},"geometry":{"type":"Polygon","coordinates":[[[9.1296,39.4124],[9.1317,39.4148],[9.1306,39.4147],[9.1296,39.4124]]]}},{"type":"Feature","properties":{"landuse":"vineyard"},"geometry":{"type":"Polygon","coordinates":[[[9.1317,39.4148],[9.1307,39.4132],[9.1325,39.4144],[9.1317,39.4148]]]}},{"type":"Feature","properties":{"landuse":"orchard"},"geometry":{"type":"Polygon","coordinates":[[[9.1865,39.3557],[9.1871,39.3583],[9.1851,39.3566],[9.1865,39.3557]]]}},{"type":"Feature","properties":{"landuse":"green_public_spaces"},"geometry":{"type":"Polygon","coordinates":[[[8.7857,39.6131],[8.7865,39.6152],[8.7889,39.6131],[8.7854,39.6153],[8.7857,39.6131]]]}},{"type":"Feature","properties":{"landuse":"orchard"},"geometry":{"type":"Polygon","coordinates":[[[9.1746,39.3525],[9.1732,39.351],[9.1749,39.3513],[9.1746,39.3525]]]}},{"type":"Feature","properties":{"landuse":"farmland"},"geometry":{"type":"Polygon","coordinates":[[[9.5969,39.4332],[9.6079,39.427],[9.6143,39.4304],[9.6131,39.4332],[9.5969,39.4332]]]}},{"type":"Feature","properties":{"landuse":"farmland"},"geometry":{"type":"Polygon","coordinates":[[[9.5971,39.4335],[9.6123,39.4334],[9.6039,39.4372],[9.5971,39.4335]]]}},{"type":"Feature","properties":{"landuse":"vineyard"},"geometry":{"type":"Polygon","coordinates":[[[9.174,39.3533],[9.1721,39.3531],[9.1728,39.3525],[9.174,39.3533]]]}},{"type":"Feature","properties":{"landuse":"vineyard"},"geometry":{"type":"Polygon","coordinates":[[[9.1725,39.3527],[9.1714,39.3534],[9.1705,39.3526],[9.1725,39.3527]]]}},{"type":"Feature","properties":{"landuse":"vineyard"},"geometry":{"type":"Polygon","coordinates":[[[9.5572,39.4187],[9.5571,39.4174],[9.5586,39.4184],[9.5572,39.4187]]]}},{"type":"Feature","properties":{"landuse":"vineyard"},"geometry":{"type":"Polygon","coordinates":[[[9.5583,39.4158],[9.559,39.4127],[9.5605,39.4158],[9.5583,39.4158]]]}},{"type":"Feature","properties":{"landuse":"orchard"},"geometry":{"type":"Polygon","coordinates":[[[9.1752,39.3542],[9.1747,39.3534],[9.1757,39.3528],[9.1752,39.3542]]]}},{"type":"Feature","properties":{"landuse":"orchard"},"geometry":{"type":"Polygon","coordinates":[[[9.5888,39.4348],[9.5885,39.4333],[9.5925,39.4324],[9.5888,39.4348]]]}},{"type":"Feature","properties":{"landuse":"farmland"},"geometry":{"type":"Polygon","coordinates":[[[9.5876,39.4348],[9.5887,39.4339],[9.5888,39.4348],[9.5876,39.4348]]]}},{"type":"Feature","properties":{"landuse":"orchard"},"geometry":{"type":"Polygon","coordinates":[[[9.5892,39.4323],[9.5906,39.4296],[9.5934,39.431],[9.5892,39.4323]]]}},{"type":"Feature","properties":{"landuse":"farmland"},"geometry":{"type":"Polygon","coordinates":[[[9.5909,39.4309],[9.5915,39.4294],[9.5931,39.4306],[9.5909,39.4309]]]}},{"type":"Feature","properties":{"landuse":"orchard"},"geometry":{"type":"Polygon","coordinates":[[[8.6048,40.8224],[8.6019,40.8162],[8.6058,40.8187],[8.6048,40.8224]]]}},{"type":"Feature","properties":{"landuse":"green_public_spaces"},"geometry":{"type":"Polygon","coordinates":[[[9.1923,41.245],[9.1944,41.246],[9.1904,41.2459],[9.1923,41.245]]]}},{"type":"Feature","properties":{"landuse":"green_public_spaces"},"geometry":{"type":"Polygon","coordinates":[[[9.1827,41.2469],[9.1846,41.2481],[9.1812,41.2478],[9.1827,41.2469]]]}},{"type":"Feature","properties":{"landuse":"farmland"},"geometry":{"type":"Polygon","coordinates":[[[8.531,40.8164],[8.5375,40.817],[8.5356,40.8182],[8.531,40.8164]]]}},{"type":"Feature","properties":{"landuse":"farmland"},"geometry":{"type":"Polygon","coordinates":[[[8.5376,40.8147],[8.5406,40.8117],[8.5495,40.814],[8.5481,40.8172],[8.5376,40.8147]]]}},{"type":"Feature","properties":{"landuse":"orchard"},"geometry":{"type":"Polygon","coordinates":[[[8.5627,40.8089],[8.5655,40.8077],[8.5641,40.8105],[8.5627,40.8089]]]}},{"type":"Feature","properties":{"landuse":"orchard"},"geometry":{"type":"Polygon","coordinates":[[[8.559,40.8189],[8.5599,40.8166],[8.5611,40.8169],[8.559,40.8189]]]}},{"type":"Feature","properties":{"landuse":"orchard"},"geometry":{"type":"Polygon","coordinates":[[[8.563,40.8183],[8.565,40.8179],[8.5646,40.8189],[8.563,40.8183]]]}},{"type":"Feature","properties":{"landuse":"orchard"},"geometry":{"type":"Polygon","coordinates":[[[8.5634,40.8135],[8.5652,40.8102],[8.5695,40.8113],[8.5679,40.8146],[8.5634,40.8135]]]}},{"type":"Feature","properties":{"landuse":"orchard"},"geometry":{"type":"Polygon","coordinates":[[[8.5622,40.817],[8.5625,40.8153],[8.5641,40.8157],[8.5622,40.817]]]}},{"type":"Feature","properties":{"landuse":"orchard"},"geometry":{"type":"Polygon","coordinates":[[[8.5573,40.8139],[8.5579,40.8122],[8.5588,40.8124],[8.5581,40.8141],[8.5573,40.8139]]]}},{"type":"Feature","properties":{"landuse":"orchard"},"geometry":{"type":"Polygon","coordinates":[[[8.5594,40.8163],[8.5608,40.813],[8.5617,40.8132],[8.5594,40.8163]]]}},{"type":"Feature","properties":{"landuse":"orchard"},"geometry":{"type":"Polygon","coordinates":[[[8.5555,40.8135],[8.5562,40.8118],[8.557,40.812],[8.5564,40.8137],[8.5555,40.8135]]]}},{"type":"Feature","properties":{"landuse":"orchard"},"geometry":{"type":"Polygon","coordinates":[[[9.1813,39.359],[9.1824,39.3579],[9.1825,39.3602],[9.1813,39.359]]]}},{"type":"Feature","properties":{"landuse":"orchard"},"geometry":{"type":"Polygon","coordinates":[[[9.1768,39.3586],[9.1786,39.3595],[9.1769,39.3599],[9.1768,39.3586]]]}},{"type":"Feature","properties":{"landuse":"orchard"},"geometry":{"type":"Polygon","coordinates":[[[9.1812,39.3628],[9.1795,39.3617],[9.1822,39.3596],[9.1812,39.3628]]]}},{"type":"Feature","properties":{"landuse":"orchard"},"geometry":{"type":"Polygon","coordinates":[[[9.1823,39.3614],[9.1845,39.3569],[9.1871,39.3583],[9.1858,39.3629],[9.1823,39.3614]]]}},{"type":"Feature","properties":{"landuse":"orchard"},"geometry":{"type":"Polygon","coordinates":[[[9.1756,39.3441],[9.1738,39.3444],[9.173,39.3435],[9.1756,39.3441]]]}},{"type":"Feature","properties":{"landuse":"orchard"},"geometry":{"type":"Polygon","coordinates":[[[9.1843,39.365],[9.1873,39.3607],[9.191,39.3621],[9.1847,39.3685],[9.1843,39.365]]]}},{"type":"Feature","properties":{"landuse":"green_public_spaces"},"geometry":{"type":"Polygon","coordinates":[[[9.5157,39.1225],[9.5152,39.1207],[9.5181,39.1208],[9.5157,39.1225]]]}},{"type":"Feature","properties":{"landuse":"green_public_spaces"},"geometry":{"type":"Polygon","coordinates":[[[9.5181,39.1219],[9.5194,39.1232],[9.5167,39.1249],[9.5181,39.1219]]]}},{"type":"Feature","properties":{"landuse":"orchard"},"geometry":{"type":"Polygon","coordinates":[[[8.4264,40.0245],[8.4246,40.0262],[8.4237,40.0254],[8.4264,40.0245]]]}},{"type":"Feature","properties":{"landuse":"orchard"},"geometry":{"type":"Polygon","coordinates":[[[8.4261,40.0235],[8.4248,40.0243],[8.4238,40.0235],[8.4261,40.0235]]]}},{"type":"Feature","properties":{"landuse":"orchard"},"geometry":{"type":"Polygon","coordinates":[[[8.4273,40.0247],[8.4287,40.0262],[8.4254,40.0257],[8.4273,40.0247]]]}},{"type":"Feature","properties":{"landuse":"orchard"},"geometry":{"type":"Polygon","coordinates":[[[8.4262,40.019],[8.4304,40.016],[8.4279,40.0194],[8.4262,40.019]]]}},{"type":"Feature","properties":{"landuse":"orchard"},"geometry":{"type":"Polygon","coordinates":[[[8.4261,40.0159],[8.4281,40.0131],[8.4298,40.0135],[8.4261,40.0159]]]}},{"type":"Feature","properties":{"landuse":"orchard"},"geometry":{"type":"Polygon","coordinates":[[[9.1771,39.3613],[9.1768,39.36],[9.1785,39.3605],[9.1771,39.3613]]]}},{"type":"Feature","properties":{"landuse":"orchard"},"geometry":{"type":"Polygon","coordinates":[[[9.1811,39.3652],[9.1795,39.3644],[9.1802,39.3636],[9.1811,39.3652]]]}},{"type":"Feature","properties":{"landuse":"farmland"},"geometry":{"type":"Polygon","coordinates":[[[8.4219,40.7767],[8.4251,40.7754],[8.4251,40.7765],[8.4219,40.7767]]]}},{"type":"Feature","properties":{"landuse":"orchard"},"geometry":{"type":"Polygon","coordinates":[[[8.5145,40.7046],[8.5119,40.7035],[8.513,40.702],[8.5145,40.7046]]]}},{"type":"Feature","properties":{"landuse":"orchard"},"geometry":{"type":"Polygon","coordinates":[[[8.5057,40.6989],[8.508,40.6974],[8.5067,40.6993],[8.5057,40.6989]]]}},{"type":"Feature","properties":{"landuse":"orchard"},"geometry":{"type":"Polygon","coordinates":[[[8.507,40.7022],[8.5062,40.7034],[8.5054,40.702],[8.507,40.7022]]]}},{"type":"Feature","properties":{"landuse":"orchard"},"geometry":{"type":"Polygon","coordinates":[[[8.5109,40.7063],[8.5135,40.7049],[8.5122,40.7068],[8.5109,40.7063]]]}},{"type":"Feature","properties":{"landuse":"orchard"},"geometry":{"type":"Polygon","coordinates":[[[8.5073,40.7023],[8.5114,40.704],[8.51,40.706],[8.5059,40.7043],[8.5073,40.7023]]]}},{"type":"Feature","properties":{"landuse":"orchard"},"geometry":{"type":"Polygon","coordinates":[[[8.5079,40.7052],[8.5085,40.7055],[8.5072,40.7074],[8.5079,40.7052]]]}},{"type":"Feature","properties":{"landuse":"orchard"},"geometry":{"type":"Polygon","coordinates":[[[8.5045,40.6984],[8.5059,40.6965],[8.507,40.697],[8.5045,40.6984]]]}},{"type":"Feature","properties":{"landuse":"orchard"},"geometry":{"type":"Polygon","coordinates":[[[8.5073,40.6987],[8.5096,40.698],[8.5081,40.6999],[8.5073,40.6987]]]}},{"type":"Feature","properties":{"landuse":"orchard"},"geometry":{"type":"Polygon","coordinates":[[[8.5129,40.702],[8.5114,40.704],[8.5073,40.7023],[8.5087,40.7003],[8.5129,40.702]]]}},{"type":"Feature","properties":{"landuse":"orchard"},"geometry":{"type":"Polygon","coordinates":[[[8.5105,40.7062],[8.5115,40.7041],[8.5123,40.7044],[8.5105,40.7062]]]}},{"type":"Feature","properties":{"landuse":"orchard"},"geometry":{"type":"Polygon","coordinates":[[[8.4937,40.7099],[8.4979,40.7116],[8.4942,40.7112],[8.4937,40.7099]]]}},{"type":"Feature","properties":{"landuse":"orchard"},"geometry":{"type":"Polygon","coordinates":[[[8.5002,40.7124],[8.5015,40.7105],[8.5021,40.7127],[8.5002,40.7124]]]}},{"type":"Feature","properties":{"landuse":"orchard"},"geometry":{"type":"Polygon","coordinates":[[[8.498,40.7115],[8.4994,40.7095],[8.5007,40.7101],[8.4994,40.7121],[8.498,40.7115]]]}},{"type":"Feature","properties":{"landuse":"orchard"},"geometry":{"type":"Polygon","coordinates":[[[8.4968,40.698],[8.4955,40.6975],[8.4969,40.6955],[8.4968,40.698]]]}},{"type":"Feature","properties":{"landuse":"orchard"},"geometry":{"type":"Polygon","coordinates":[[[8.4895,40.7081],[8.4917,40.7039],[8.4924,40.7042],[8.4895,40.7081]]]}},{"type":"Feature","properties":{"landuse":"orchard"},"geometry":{"type":"Polygon","coordinates":[[[8.4951,40.7078],[8.4952,40.7053],[8.4965,40.7058],[8.4951,40.7078]]]}},{"type":"Feature","properties":{"landuse":"orchard"},"geometry":{"type":"Polygon","coordinates":[[[8.4959,40.7106],[8.4951,40.7079],[8.4973,40.7087],[8.4959,40.7106]]]}},{"type":"Feature","properties":{"landuse":"orchard"},"geometry":{"type":"Polygon","coordinates":[[[8.4923,40.7068],[8.491,40.7087],[8.4896,40.7081],[8.4909,40.7062],[8.4923,40.7068]]]}},{"type":"Feature","properties":{"landuse":"orchard"},"geometry":{"type":"Polygon","coordinates":[[[8.4903,40.7032],[8.4938,40.7021],[8.4924,40.704],[8.4903,40.7032]]]}},{"type":"Feature","properties":{"landuse":"orchard"},"geometry":{"type":"Polygon","coordinates":[[[8.4973,40.7086],[8.4976,40.7063],[8.4986,40.7067],[8.4973,40.7086]]]}},{"type":"Feature","properties":{"landuse":"orchard"},"geometry":{"type":"Polygon","coordinates":[[[8.4982,40.6959],[8.4997,40.6938],[8.5039,40.6956],[8.4982,40.6959]]]}},{"type":"Feature","properties":{"landuse":"orchard"},"geometry":{"type":"Polygon","coordinates":[[[8.495,40.7079],[8.4917,40.709],[8.493,40.707],[8.495,40.7079]]]}},{"type":"Feature","properties":{"landuse":"orchard"},"geometry":{"type":"Polygon","coordinates":[[[8.4937,40.7072],[8.491,40.7062],[8.4924,40.7042],[8.4951,40.7053],[8.4937,40.7072]]]}},{"type":"Feature","properties":{"landuse":"orchard"},"geometry":{"type":"Polygon","coordinates":[[[8.4974,40.6983],[8.496,40.7002],[8.4953,40.7],[8.4974,40.6983]]]}},{"type":"Feature","properties":{"landuse":"orchard"},"geometry":{"type":"Polygon","coordinates":[[[8.4974,40.7087],[8.5,40.7073],[8.4986,40.7092],[8.4974,40.7087]]]}},{"type":"Feature","properties":{"landuse":"orchard"},"geometry":{"type":"Polygon","coordinates":[[[8.5021,40.7093],[8.4994,40.7084],[8.5001,40.7073],[8.5021,40.7093]]]}},{"type":"Feature","properties":{"landuse":"orchard"},"geometry":{"type":"Polygon","coordinates":[[[8.4917,40.7011],[8.4896,40.7003],[8.4921,40.6988],[8.4917,40.7011]]]}},{"type":"Feature","properties":{"landuse":"orchard"},"geometry":{"type":"Polygon","coordinates":[[[8.4925,40.7041],[8.4938,40.7021],[8.4969,40.7033],[8.4925,40.7041]]]}},{"type":"Feature","properties":{"landuse":"orchard"},"geometry":{"type":"Polygon","coordinates":[[[8.5036,40.7087],[8.5024,40.7129],[8.5015,40.7104],[8.5036,40.7087]]]}},{"type":"Feature","properties":{"landuse":"farmland"},"geometry":{"type":"Polygon","coordinates":[[[9.6017,39.4221],[9.6021,39.4202],[9.603,39.4213],[9.6017,39.4221]]]}},{"type":"Feature","properties":{"landuse":"farmland"},"geometry":{"type":"Polygon","coordinates":[[[9.6036,39.4209],[9.603,39.417],[9.5981,39.4158],[9.6039,39.4078],[9.6115,39.4158],[9.6036,39.4209]]]}},{"type":"Feature","properties":{"landuse":"orchard"},"geometry":{"type":"Polygon","coordinates":[[[9.1644,39.3453],[9.1616,39.3449],[9.1632,39.3438],[9.1644,39.3453]]]}},{"type":"Feature","properties":{"landuse":"orchard"},"geometry":{"type":"Polygon","coordinates":[[[9.1649,39.3523],[9.1702,39.3497],[9.1703,39.3516],[9.1649,39.3523]]]}},{"type":"Feature","properties":{"landuse":"farmland"},"geometry":{"type":"Polygon","coordinates":[[[8.8202,40.738],[8.8204,40.7362],[8.822,40.7373],[8.8202,40.738]]]}},{"type":"Feature","properties":{"landuse":"vineyard"},"geometry":{"type":"Polygon","coordinates":[[[9.1649,39.3493],[9.1651,39.348],[9.1669,39.3481],[9.1649,39.3493]]]}},{"type":"Feature","properties":{"landuse":"vineyard"},"geometry":{"type":"Polygon","coordinates":[[[9.1652,39.3516],[9.1636,39.3498],[9.1663,39.3494],[9.1652,39.3516]]]}},{"type":"Feature","properties":{"landuse":"orchard"},"geometry":{"type":"Polygon","coordinates":[[[9.1699,39.3541],[9.1724,39.3543],[9.1712,39.3553],[9.1699,39.3541]]]}},{"type":"Feature","properties":{"landuse":"orchard"},"geometry":{"type":"Polygon","coordinates":[[[9.1738,39.3625],[9.1732,39.3619],[9.1746,39.362],[9.1738,39.3625]]]}},{"type":"Feature","properties":{"landuse":"orchard"},"geometry":{"type":"Polygon","coordinates":[[[9.1693,39.3557],[9.1699,39.3541],[9.1705,39.3553],[9.1693,39.3557]]]}},{"type":"Feature","properties":{"landuse":"orchard"},"geometry":{"type":"Polygon","coordinates":[[[9.1795,39.367],[9.1796,39.3655],[9.1804,39.366],[9.1795,39.367]]]}},{"type":"Feature","properties":{"landuse":"orchard"},"geometry":{"type":"Polygon","coordinates":[[[9.1691,39.3627],[9.1692,39.3599],[9.1704,39.362],[9.1691,39.3627]]]}},{"type":"Feature","properties":{"landuse":"orchard"},"geometry":{"type":"Polygon","coordinates":[[[9.1807,39.3674],[9.1799,39.3667],[9.1812,39.3655],[9.1807,39.3674]]]}},{"type":"Feature","properties":{"landuse":"vineyard"},"geometry":{"type":"Polygon","coordinates":[[[9.1686,39.3545],[9.1695,39.3524],[9.1705,39.3533],[9.1686,39.3545]]]}},{"type":"Feature","properties":{"landuse":"vineyard"},"geometry":{"type":"Polygon","coordinates":[[[9.1659,39.3628],[9.1668,39.362],[9.1676,39.3633],[9.1659,39.3628]]]}},{"type":"Feature","properties":{"landuse":"vineyard"},"geometry":{"type":"Polygon","coordinates":[[[9.1689,39.3655],[9.1682,39.3649],[9.1691,39.364],[9.1689,39.3655]]]}},{"type":"Feature","properties":{"landuse":"vineyard"},"geometry":{"type":"Polygon","coordinates":[[[9.1759,39.3586],[9.175,39.3568],[9.1759,39.3565],[9.1759,39.3586]]]}},{"type":"Feature","properties":{"landuse":"vineyard"},"geometry":{"type":"Polygon","coordinates":[[[9.1664,39.3656],[9.1659,39.3652],[9.1674,39.3641],[9.1664,39.3656]]]}},{"type":"Feature","properties":{"landuse":"green_public_spaces"},"geometry":{"type":"Polygon","coordinates":[[[8.3262,40.5518],[8.3259,40.5509],[8.3283,40.5504],[8.3262,40.5518]]]}},{"type":"Feature","properties":{"landuse":"green_public_spaces"},"geometry":{"type":"Polygon","coordinates":[[[8.3198,40.5564],[8.3201,40.5551],[8.3208,40.5559],[8.3198,40.5564]]]}},{"type":"Feature","properties":{"landuse":"farmland"},"geometry":{"type":"Polygon","coordinates":[[[8.5987,39.0586],[8.6015,39.056],[8.6049,39.0618],[8.5987,39.0586]]]}},{"type":"Feature","properties":{"landuse":"farmland"},"geometry":{"type":"Polygon","coordinates":[[[8.6329,39.0535],[8.6329,39.0546],[8.6295,39.0549],[8.6329,39.0535]]]}},{"type":"Feature","properties":{"landuse":"farmland"},"geometry":{"type":"Polygon","coordinates":[[[8.6329,39.0546],[8.6304,39.0569],[8.6295,39.0552],[8.6329,39.0546]]]}},{"type":"Feature","properties":{"landuse":"farmland"},"geometry":{"type":"Polygon","coordinates":[[[8.6302,39.0569],[8.6332,39.0559],[8.6336,39.0567],[8.6302,39.0569]]]}},{"type":"Feature","properties":{"landuse":"farmland"},"geometry":{"type":"Polygon","coordinates":[[[8.6311,39.0585],[8.6327,39.057],[8.6331,39.0579],[8.6311,39.0585]]]}},{"type":"Feature","properties":{"landuse":"farmland"},"geometry":{"type":"Polygon","coordinates":[[[8.6336,39.0567],[8.6345,39.0575],[8.6331,39.0579],[8.6336,39.0567]]]}},{"type":"Feature","properties":{"landuse":"farmland"},"geometry":{"type":"Polygon","coordinates":[[[8.6311,39.0585],[8.6342,39.0576],[8.6348,39.0581],[8.6311,39.0585]]]}},{"type":"Feature","properties":{"landuse":"vineyard"},"geometry":{"type":"Polygon","coordinates":[[[9.65,39.6843],[9.6486,39.6863],[9.6486,39.6846],[9.65,39.6843]]]}},{"type":"Feature","properties":{"landuse":"farmland"},"geometry":{"type":"Polygon","coordinates":[[[8.6051,39.0575],[8.6097,39.0616],[8.6049,39.0618],[8.6051,39.0575]]]}},{"type":"Feature","properties":{"landuse":"farmland"},"geometry":{"type":"Polygon","coordinates":[[[8.6097,39.0616],[8.6079,39.0586],[8.6129,39.0599],[8.6097,39.0616]]]}},{"type":"Feature","properties":{"landuse":"orchard"},"geometry":{"type":"Polygon","coordinates":[[[9.1644,39.3407],[9.1657,39.3413],[9.164,39.3414],[9.1644,39.3407]]]}},{"type":"Feature","properties":{"landuse":"farmland"},"geometry":{"type":"Polygon","coordinates":[[[8.6306,39.0495],[8.6317,39.0487],[8.6316,39.0499],[8.6306,39.0495]]]}},{"type":"Feature","properties":{"landuse":"farmland"},"geometry":{"type":"Polygon","coordinates":[[[8.6255,39.0544],[8.6248,39.0536],[8.6282,39.0528],[8.6255,39.0544]]]}},{"type":"Feature","properties":{"landuse":"farmland"},"geometry":{"type":"Polygon","coordinates":[[[8.6313,39.059],[8.6357,39.0578],[8.6378,39.0604],[8.6398,39.0577],[8.6382,39.0622],[8.6324,39.0636],[8.6313,39.059]]]}},{"type":"Feature","properties":{"landuse":"farmland"},"geometry":{"type":"Polygon","coordinates":[[[8.6324,39.0636],[8.6398,39.0614],[8.6384,39.0649],[8.6483,39.0662],[8.6386,39.0697],[8.6324,39.0636]]]}},{"type":"Feature","properties":{"landuse":"farmland"},"geometry":{"type":"Polygon","coordinates":[[[8.6374,39.0713],[8.6483,39.0662],[8.6489,39.0599],[8.6505,39.0649],[8.6557,39.0597],[8.6535,39.0612],[8.654,39.0791],[8.6337,39.0821],[8.6323,39.0857],[8.6147,39.0801],[8.6237,39.0685],[8.6348,39.0761],[8.6451,39.0773],[8.6492,39.0725],[8.6374,39.0713]]]}},{"type":"Feature","properties":{"landuse":"vineyard"},"geometry":{"type":"Polygon","coordinates":[[[9.0788,39.9971],[9.08,39.9981],[9.079,39.9989],[9.0788,39.9971]]]}},{"type":"Feature","properties":{"landuse":"vineyard"},"geometry":{"type":"Polygon","coordinates":[[[9.0802,39.9982],[9.0815,39.9972],[9.0828,39.9979],[9.0802,39.9982]]]}},{"type":"Feature","properties":{"landuse":"orchard"},"geometry":{"type":"Polygon","coordinates":[[[9.1678,39.363],[9.1689,39.3624],[9.1706,39.365],[9.1678,39.363]]]}},{"type":"Feature","properties":{"landuse":"orchard"},"geometry":{"type":"Polygon","coordinates":[[[9.1675,39.3627],[9.1682,39.3614],[9.1686,39.362],[9.1675,39.3627]]]}},{"type":"Feature","properties":{"landuse":"orchard"},"geometry":{"type":"Polygon","coordinates":[[[9.1657,39.3405],[9.1656,39.3394],[9.1667,39.3404],[9.1657,39.3405]]]}},{"type":"Feature","properties":{"landuse":"orchard"},"geometry":{"type":"Polygon","coordinates":[[[8.5529,40.1773],[8.5536,40.1769],[8.5544,40.1777],[8.5529,40.1773]]]}},{"type":"Feature","properties":{"landuse":"vineyard"},"geometry":{"type":"Polygon","coordinates":[[[9.6028,39.4004],[9.6044,39.4008],[9.604,39.4014],[9.6028,39.4004]]]}},{"type":"Feature","properties":{"landuse":"orchard"},"geometry":{"type":"Polygon","coordinates":[[[8.5724,39.9087],[8.5735,39.91],[8.5719,39.9098],[8.5724,39.9087]]]}},{"type":"Feature","properties":{"landuse":"farmland"},"geometry":{"type":"Polygon","coordinates":[[[8.5727,39.9111],[8.5742,39.9113],[8.5697,39.9109],[8.5727,39.9111]]]}},{"type":"Feature","properties":{"landuse":"orchard"},"geometry":{"type":"Polygon","coordinates":[[[8.5572,39.9087],[8.5562,39.9081],[8.558,39.9075],[8.5572,39.9087]]]}},{"type":"Feature","properties":{"landuse":"farmland"},"geometry":{"type":"Polygon","coordinates":[[[8.5639,39.9116],[8.5643,39.9132],[8.5614,39.9124],[8.5639,39.9116]]]}},{"type":"Feature","properties":{"landuse":"farmland"},"geometry":{"type":"Polygon","coordinates":[[[8.5634,39.9092],[8.5646,39.9083],[8.563,39.9071],[8.5648,39.9065],[8.5634,39.9092]]]}},{"type":"Feature","properties":{"landuse":"farmland"},"geometry":{"type":"Polygon","coordinates":[[[8.567,39.9102],[8.5686,39.914],[8.5651,39.9129],[8.567,39.9102]]]}},{"type":"Feature","properties":{"landuse":"farmland"},"geometry":{"type":"Polygon","coordinates":[[[8.5601,39.9106],[8.562,39.9121],[8.5588,39.9112],[8.5601,39.9106]]]}},{"type":"Feature","properties":{"landuse":"farmland"},"geometry":{"type":"Polygon","coordinates":[[[8.5593,39.9083],[8.5586,39.9069],[8.5623,39.9055],[8.5593,39.9083]]]}},{"type":"Feature","properties":{"landuse":"farmland"},"geometry":{"type":"Polygon","coordinates":[[[8.5608,39.9078],[8.5621,39.9096],[8.5591,39.9106],[8.5562,39.9088],[8.5608,39.9078]]]}},{"type":"Feature","properties":{"landuse":"farmland"},"geometry":{"type":"Polygon","coordinates":[[[8.5661,39.906],[8.5689,39.9049],[8.5666,39.9069],[8.5661,39.906]]]}},{"type":"Feature","properties":{"landuse":"farmland"},"geometry":{"type":"Polygon","coordinates":[[[8.5697,39.9076],[8.5748,39.9034],[8.573,39.9071],[8.5697,39.9076]]]}},{"type":"Feature","properties":{"landuse":"farmland"},"geometry":{"type":"Polygon","coordinates":[[[8.56,39.9045],[8.5637,39.9024],[8.5625,39.9037],[8.56,39.9045]]]}},{"type":"Feature","properties":{"landuse":"farmland"},"geometry":{"type":"Polygon","coordinates":[[[8.5727,39.8994],[8.574,39.9001],[8.5733,39.9004],[8.5727,39.8994]]]}},{"type":"Feature","properties":{"landuse":"farmland"},"geometry":{"type":"Polygon","coordinates":[[[8.5746,39.8988],[8.5754,39.8986],[8.576,39.8997],[8.5746,39.8988]]]}},{"type":"Feature","properties":{"landuse":"farmland"},"geometry":{"type":"Polygon","coordinates":[[[8.5691,39.9048],[8.5715,39.9041],[8.5693,39.9058],[8.5691,39.9048]]]}},{"type":"Feature","properties":{"landuse":"farmland"},"geometry":{"type":"Polygon","coordinates":[[[8.5646,39.8975],[8.5659,39.896],[8.5666,39.8973],[8.5646,39.8975]]]}},{"type":"Feature","properties":{"landuse":"farmland"},"geometry":{"type":"Polygon","coordinates":[[[8.5585,39.9024],[8.5609,39.9037],[8.5588,39.9048],[8.5585,39.9024]]]}},{"type":"Feature","properties":{"landuse":"farmland"},"geometry":{"type":"Polygon","coordinates":[[[8.5669,39.908],[8.569,39.906],[8.5695,39.9074],[8.5669,39.908]]]}},{"type":"Feature","properties":{"landuse":"farmland"},"geometry":{"type":"Polygon","coordinates":[[[8.5724,39.8994],[8.573,39.9004],[8.5709,39.9007],[8.5724,39.8994]]]}},{"type":"Feature","properties":{"landuse":"farmland"},"geometry":{"type":"Polygon","coordinates":[[[8.5603,39.9024],[8.5625,39.9029],[8.5613,39.9035],[8.5603,39.9024]]]}},{"type":"Feature","properties":{"landuse":"farmland"},"geometry":{"type":"Polygon","coordinates":[[[8.5701,39.8922],[8.5717,39.8941],[8.5706,39.8945],[8.5701,39.8922]]]}},{"type":"Feature","properties":{"landuse":"farmland"},"geometry":{"type":"Polygon","coordinates":[[[8.5658,39.8981],[8.5668,39.8973],[8.5679,39.8985],[8.5658,39.8981]]]}},{"type":"Feature","properties":{"landuse":"farmland"},"geometry":{"type":"Polygon","coordinates":[[[8.5611,39.9058],[8.5602,39.9045],[8.5622,39.9039],[8.5611,39.9058]]]}},{"type":"Feature","properties":{"landuse":"farmland"},"geometry":{"type":"Polygon","coordinates":[[[8.559,39.9066],[8.5601,39.9046],[8.561,39.9059],[8.559,39.9066]]]}},{"type":"Feature","properties":{"landuse":"farmland"},"geometry":{"type":"Polygon","coordinates":[[[8.5674,39.9004],[8.5653,39.8997],[8.5668,39.8992],[8.5674,39.9004]]]}},{"type":"Feature","properties":{"landuse":"greenhouse_horticulture"},"geometry":{"type":"Polygon","coordinates":[[[8.5563,39.9038],[8.5574,39.9025],[8.5574,39.9038],[8.5563,39.9038]]]}},{"type":"Feature","properties":{"landuse":"farmland"},"geometry":{"type":"Polygon","coordinates":[[[8.5717,39.9021],[8.5732,39.9007],[8.5738,39.9015],[8.5717,39.9021]]]}},{"type":"Feature","properties":{"landuse":"farmland"},"geometry":{"type":"Polygon","coordinates":[[[8.5681,39.902],[8.5695,39.9003],[8.5701,39.9014],[8.5681,39.902]]]}},{"type":"Feature","properties":{"landuse":"farmland"},"geometry":{"type":"Polygon","coordinates":[[[8.5734,39.8944],[8.5751,39.8952],[8.5735,39.8957],[8.5734,39.8944]]]}},{"type":"Feature","properties":{"landuse":"farmland"},"geometry":{"type":"Polygon","coordinates":[[[8.5633,39.8908],[8.5655,39.8892],[8.5646,39.8915],[8.5633,39.8908]]]}},{"type":"Feature","properties":{"landuse":"farmland"},"geometry":{"type":"Polygon","coordinates":[[[8.5629,39.8959],[8.5633,39.8949],[8.5649,39.8963],[8.5629,39.8959]]]}},{"type":"Feature","properties":{"landuse":"farmland"},"geometry":{"type":"Polygon","coordinates":[[[8.5652,39.8998],[8.5646,39.9019],[8.5638,39.9004],[8.5652,39.8998]]]}},{"type":"Feature","properties":{"landuse":"farmland"},"geometry":{"type":"Polygon","coordinates":[[[8.5747,39.8925],[8.5777,39.8931],[8.5751,39.894],[8.5747,39.8925]]]}},{"type":"Feature","properties":{"landuse":"farmland"},"geometry":{"type":"Polygon","coordinates":[[[8.5637,39.8946],[8.5645,39.8942],[8.5658,39.8959],[8.5637,39.8946]]]}},{"type":"Feature","properties":{"landuse":"farmland"},"geometry":{"type":"Polygon","coordinates":[[[8.5756,39.894],[8.5795,39.8933],[8.578,39.895],[8.5756,39.894]]]}},{"type":"Feature","properties":{"landuse":"farmland"},"geometry":{"type":"Polygon","coordinates":[[[8.5633,39.8909],[8.5632,39.8933],[8.5617,39.8927],[8.5633,39.8909]]]}},{"type":"Feature","properties":{"landuse":"farmland"},"geometry":{"type":"Polygon","coordinates":[[[8.5614,39.9009],[8.5634,39.9003],[8.5624,39.9022],[8.5614,39.9009]]]}},{"type":"Feature","properties":{"landuse":"farmland"},"geometry":{"type":"Polygon","coordinates":[[[8.5579,39.902],[8.5612,39.901],[8.5619,39.9022],[8.5579,39.902]]]}},{"type":"Feature","properties":{"landuse":"farmland"},"geometry":{"type":"Polygon","coordinates":[[[8.5669,39.8891],[8.5697,39.8888],[8.5697,39.8898],[8.5669,39.8891]]]}},{"type":"Feature","properties":{"landuse":"farmland"},"geometry":{"type":"Polygon","coordinates":[[[8.566,39.8941],[8.5653,39.895],[8.5643,39.8939],[8.566,39.8941]]]}},{"type":"Feature","properties":{"landuse":"farmland"},"geometry":{"type":"Polygon","coordinates":[[[8.5668,39.8917],[8.5694,39.8916],[8.5692,39.8945],[8.5668,39.8917]]]}},{"type":"Feature","properties":{"landuse":"farmland"},"geometry":{"type":"Polygon","coordinates":[[[8.5672,39.8897],[8.5696,39.8898],[8.5669,39.8916],[8.5672,39.8897]]]}},{"type":"Feature","properties":{"landuse":"farmland"},"geometry":{"type":"Polygon","coordinates":[[[8.5626,39.8989],[8.5594,39.9014],[8.5569,39.9006],[8.5626,39.8989]]]}},{"type":"Feature","properties":{"landuse":"farmland"},"geometry":{"type":"Polygon","coordinates":[[[8.5662,39.8898],[8.5666,39.8911],[8.5648,39.8917],[8.5662,39.8898]]]}},{"type":"Feature","properties":{"landuse":"farmland"},"geometry":{"type":"Polygon","coordinates":[[[8.5646,39.8917],[8.5654,39.8937],[8.5631,39.8935],[8.5646,39.8917]]]}},{"type":"Feature","properties":{"landuse":"farmland"},"geometry":{"type":"Polygon","coordinates":[[[8.5628,39.8972],[8.5557,39.8996],[8.5595,39.8951],[8.5628,39.8972]]]}},{"type":"Feature","properties":{"landuse":"farmland"},"geometry":{"type":"Polygon","coordinates":[[[8.5678,39.8938],[8.5657,39.8936],[8.5658,39.8913],[8.5678,39.8938]]]}},{"type":"Feature","properties":{"landuse":"farmland"},"geometry":{"type":"Polygon","coordinates":[[[8.5615,39.8928],[8.5628,39.8959],[8.5597,39.8951],[8.5615,39.8928]]]}},{"type":"Feature","properties":{"landuse":"farmland"},"geometry":{"type":"Polygon","coordinates":[[[8.5745,39.8972],[8.5752,39.8986],[8.5736,39.8977],[8.5745,39.8972]]]}},{"type":"Feature","properties":{"landuse":"farmland"},"geometry":{"type":"Polygon","coordinates":[[[8.5698,39.8992],[8.5695,39.8985],[8.5721,39.8977],[8.5698,39.8992]]]}},{"type":"Feature","properties":{"landuse":"farmland"},"geometry":{"type":"Polygon","coordinates":[[[8.5731,39.8992],[8.5726,39.8982],[8.5741,39.8989],[8.5731,39.8992]]]}},{"type":"Feature","properties":{"landuse":"farmland"},"geometry":{"type":"Polygon","coordinates":[[[8.5678,39.8939],[8.5685,39.8947],[8.5659,39.8958],[8.5678,39.8939]]]}},{"type":"Feature","properties":{"landuse":"farmland"},"geometry":{"type":"Polygon","coordinates":[[[8.5786,39.891],[8.5777,39.8896],[8.5801,39.8886],[8.5786,39.891]]]}},{"type":"Feature","properties":{"landuse":"farmland"},"geometry":{"type":"Polygon","coordinates":[[[8.5787,39.8911],[8.5805,39.8903],[8.58,39.8923],[8.5787,39.8911]]]}},{"type":"Feature","properties":{"landuse":"farmland"},"geometry":{"type":"Polygon","coordinates":[[[8.5602,39.8897],[8.5613,39.8883],[8.5617,39.8898],[8.5602,39.8897]]]}},{"type":"Feature","properties":{"landuse":"farmland"},"geometry":{"type":"Polygon","coordinates":[[[8.5602,39.891],[8.5625,39.8915],[8.5592,39.892],[8.5602,39.891]]]}},{"type":"Feature","properties":{"landuse":"farmland"},"geometry":{"type":"Polygon","coordinates":[[[8.576,39.8909],[8.5782,39.8909],[8.5762,39.8922],[8.576,39.8909]]]}},{"type":"Feature","properties":{"landuse":"farmland"},"geometry":{"type":"Polygon","coordinates":[[[8.5765,39.8878],[8.5755,39.8864],[8.5791,39.886],[8.5765,39.8878]]]}},{"type":"Feature","properties":{"landuse":"farmland"},"geometry":{"type":"Polygon","coordinates":[[[8.5733,39.8898],[8.5749,39.8895],[8.5757,39.8906],[8.5733,39.8898]]]}},{"type":"Feature","properties":{"landuse":"farmland"},"geometry":{"type":"Polygon","coordinates":[[[8.5766,39.882],[8.5792,39.8856],[8.5757,39.8854],[8.5766,39.882]]]}},{"type":"Feature","properties":{"landuse":"farmland"},"geometry":{"type":"Polygon","coordinates":[[[8.5612,39.8899],[8.561,39.8912],[8.5602,39.891],[8.5612,39.8899]]]}},{"type":"Feature","properties":{"landuse":"farmland"},"geometry":{"type":"Polygon","coordinates":[[[8.561,39.8912],[8.5612,39.8899],[8.5635,39.8904],[8.561,39.8912]]]}},{"type":"Feature","properties":{"landuse":"farmland"},"geometry":{"type":"Polygon","coordinates":[[[8.5767,39.8881],[8.5793,39.8868],[8.5801,39.8884],[8.5767,39.8881]]]}},{"type":"Feature","properties":{"landuse":"farmland"},"geometry":{"type":"Polygon","coordinates":[[[8.5728,39.8772],[8.5755,39.8798],[8.5745,39.8799],[8.5728,39.8772]]]}},{"type":"Feature","properties":{"landuse":"farmland"},"geometry":{"type":"Polygon","coordinates":[[[8.5574,39.8772],[8.5581,39.8781],[8.5537,39.8793],[8.5574,39.8772]]]}},{"type":"Feature","properties":{"landuse":"farmland"},"geometry":{"type":"Polygon","coordinates":[[[8.575,39.8894],[8.5758,39.8874],[8.5769,39.889],[8.575,39.8894]]]}},{"type":"Feature","properties":{"landuse":"farmland"},"geometry":{"type":"Polygon","coordinates":[[[8.5682,39.8812],[8.5701,39.8813],[8.5696,39.8831],[8.5682,39.8812]]]}},{"type":"Feature","properties":{"landuse":"farmland"},"geometry":{"type":"Polygon","coordinates":[[[8.5722,39.8852],[8.5734,39.8867],[8.5721,39.8868],[8.5722,39.8852]]]}},{"type":"Feature","properties":{"landuse":"farmland"},"geometry":{"type":"Polygon","coordinates":[[[8.5675,39.8876],[8.5693,39.8875],[8.5695,39.8883],[8.5675,39.8876]]]}},{"type":"Feature","properties":{"landuse":"farmland"},"geometry":{"type":"Polygon","coordinates":[[[8.5624,39.8835],[8.565,39.8859],[8.5615,39.8858],[8.5624,39.8835]]]}},{"type":"Feature","properties":{"landuse":"farmland"},"geometry":{"type":"Polygon","coordinates":[[[8.5711,39.8814],[8.575,39.8826],[8.573,39.8837],[8.5711,39.8814]]]}},{"type":"Feature","properties":{"landuse":"farmland"},"geometry":{"type":"Polygon","coordinates":[[[8.5702,39.885],[8.572,39.8852],[8.5702,39.8867],[8.5702,39.885]]]}},{"type":"Feature","properties":{"landuse":"farmland"},"geometry":{"type":"Polygon","coordinates":[[[8.5747,39.8855],[8.5757,39.8872],[8.5742,39.887],[8.5747,39.8855]]]}},{"type":"Feature","properties":{"landuse":"farmland"},"geometry":{"type":"Polygon","coordinates":[[[8.5716,39.8765],[8.5734,39.8763],[8.5717,39.878],[8.5716,39.8765]]]}},{"type":"Feature","properties":{"landuse":"farmland"},"geometry":{"type":"Polygon","coordinates":[[[8.5684,39.881],[8.5697,39.8781],[8.5704,39.881],[8.5684,39.881]]]}},{"type":"Feature","properties":{"landuse":"farmland"},"geometry":{"type":"Polygon","coordinates":[[[8.5695,39.8831],[8.57,39.8851],[8.5692,39.8855],[8.5695,39.8831]]]}},{"type":"Feature","properties":{"landuse":"farmland"},"geometry":{"type":"Polygon","coordinates":[[[8.5702,39.8868],[8.5733,39.8871],[8.5712,39.8876],[8.5702,39.8868]]]}},{"type":"Feature","properties":{"landuse":"farmland"},"geometry":{"type":"Polygon","coordinates":[[[8.5576,39.888],[8.5594,39.8896],[8.5573,39.8892],[8.5576,39.888]]]}},{"type":"Feature","properties":{"landuse":"farmland"},"geometry":{"type":"Polygon","coordinates":[[[8.5615,39.8859],[8.5637,39.8859],[8.5635,39.8903],[8.5615,39.8859]]]}},{"type":"Feature","properties":{"landuse":"farmland"},"geometry":{"type":"Polygon","coordinates":[[[8.5703,39.8832],[8.5718,39.8821],[8.5727,39.8832],[8.5703,39.8832]]]}},{"type":"Feature","properties":{"landuse":"farmland"},"geometry":{"type":"Polygon","coordinates":[[[8.5729,39.8852],[8.573,39.8837],[8.5749,39.8839],[8.5729,39.8852]]]}},{"type":"Feature","properties":{"landuse":"farmland"},"geometry":{"type":"Polygon","coordinates":[[[8.5666,39.8864],[8.5691,39.8855],[8.5694,39.8874],[8.5666,39.8864]]]}},{"type":"Feature","properties":{"landuse":"farmland"},"geometry":{"type":"Polygon","coordinates":[[[8.5639,39.886],[8.566,39.886],[8.5641,39.8898],[8.5639,39.886]]]}},{"type":"Feature","properties":{"landuse":"farmland"},"geometry":{"type":"Polygon","coordinates":[[[8.5608,39.883],[8.562,39.8835],[8.559,39.8857],[8.5608,39.883]]]}},{"type":"Feature","properties":{"landuse":"farmland"},"geometry":{"type":"Polygon","coordinates":[[[8.5728,39.8772],[8.5744,39.8799],[8.5711,39.8795],[8.5728,39.8772]]]}},{"type":"Feature","properties":{"landuse":"farmland"},"geometry":{"type":"Polygon","coordinates":[[[8.564,39.882],[8.5653,39.8834],[8.5641,39.8834],[8.564,39.882]]]}},{"type":"Feature","properties":{"landuse":"farmland"},"geometry":{"type":"Polygon","coordinates":[[[8.5699,39.8884],[8.5724,39.8896],[8.5699,39.8904],[8.5699,39.8884]]]}},{"type":"Feature","properties":{"landuse":"farmland"},"geometry":{"type":"Polygon","coordinates":[[[8.5707,39.8793],[8.5743,39.88],[8.5706,39.8811],[8.5707,39.8793]]]}},{"type":"Feature","properties":{"landuse":"farmland"},"geometry":{"type":"Polygon","coordinates":[[[8.5672,39.8811],[8.5693,39.8831],[8.5671,39.8834],[8.5672,39.8811]]]}},{"type":"Feature","properties":{"landuse":"farmland"},"geometry":{"type":"Polygon","coordinates":[[[8.5603,39.8827],[8.5647,39.8812],[8.5638,39.8836],[8.5603,39.8827]]]}},{"type":"Feature","properties":{"landuse":"farmland"},"geometry":{"type":"Polygon","coordinates":[[[8.5723,39.8879],[8.5751,39.8874],[8.5736,39.8885],[8.5723,39.8879]]]}},{"type":"Feature","properties":{"landuse":"farmland"},"geometry":{"type":"Polygon","coordinates":[[[8.5647,39.8811],[8.5669,39.8811],[8.5665,39.884],[8.5647,39.8811]]]}},{"type":"Feature","properties":{"landuse":"farmland"},"geometry":{"type":"Polygon","coordinates":[[[8.5729,39.8853],[8.5745,39.8854],[8.5739,39.887],[8.5729,39.8853]]]}},{"type":"Feature","properties":{"landuse":"farmland"},"geometry":{"type":"Polygon","coordinates":[[[8.5703,39.8832],[8.5727,39.8833],[8.5727,39.8851],[8.5703,39.8832]]]}},{"type":"Feature","properties":{"landuse":"farmland"},"geometry":{"type":"Polygon","coordinates":[[[8.5656,39.8837],[8.5661,39.886],[8.5654,39.886],[8.5656,39.8837]]]}},{"type":"Feature","properties":{"landuse":"farmland"},"geometry":{"type":"Polygon","coordinates":[[[8.5585,39.8858],[8.5591,39.888],[8.5577,39.888],[8.5585,39.8858]]]}},{"type":"Feature","properties":{"landuse":"farmland"},"geometry":{"type":"Polygon","coordinates":[[[8.575,39.8894],[8.5731,39.8898],[8.5709,39.8881],[8.575,39.8894]]]}},{"type":"Feature","properties":{"landuse":"farmland"},"geometry":{"type":"Polygon","coordinates":[[[8.5715,39.8748],[8.5721,39.8763],[8.568,39.8771],[8.5715,39.8748]]]}},{"type":"Feature","properties":{"landuse":"farmland"},"geometry":{"type":"Polygon","coordinates":[[[8.5693,39.8855],[8.57,39.8855],[8.5698,39.8883],[8.5693,39.8855]]]}},{"type":"Feature","properties":{"landuse":"farmland"},"geometry":{"type":"Polygon","coordinates":[[[8.559,39.8831],[8.5604,39.8829],[8.5596,39.8845],[8.559,39.8831]]]}},{"type":"Feature","properties":{"landuse":"farmland"},"geometry":{"type":"Polygon","coordinates":[[[8.5669,39.8835],[8.5692,39.8855],[8.5668,39.8855],[8.5669,39.8835]]]}},{"type":"Feature","properties":{"landuse":"farmland"},"geometry":{"type":"Polygon","coordinates":[[[8.5583,39.8896],[8.5592,39.8897],[8.558,39.8905],[8.5583,39.8896]]]}},{"type":"Feature","properties":{"landuse":"farmland"},"geometry":{"type":"Polygon","coordinates":[[[8.5571,39.894],[8.5583,39.8947],[8.5569,39.8948],[8.5571,39.894]]]}},{"type":"Feature","properties":{"landuse":"farmland"},"geometry":{"type":"Polygon","coordinates":[[[8.5839,39.8909],[8.582,39.8895],[8.5842,39.8891],[8.5839,39.8909]]]}},{"type":"Feature","properties":{"landuse":"farmland"},"geometry":{"type":"Polygon","coordinates":[[[8.5564,39.8857],[8.558,39.8839],[8.5577,39.8858],[8.5564,39.8857]]]}},{"type":"Feature","properties":{"landuse":"farmland"},"geometry":{"type":"Polygon","coordinates":[[[8.5592,39.8802],[8.5553,39.8797],[8.5581,39.8782],[8.5592,39.8802]]]}},{"type":"Feature","properties":{"landuse":"farmland"},"geometry":{"type":"Polygon","coordinates":[[[8.5549,39.8877],[8.5566,39.8877],[8.5552,39.8886],[8.5549,39.8877]]]}},{"type":"Feature","properties":{"landuse":"farmland"},"geometry":{"type":"Polygon","coordinates":[[[8.5573,39.8929],[8.5602,39.8939],[8.5587,39.8948],[8.5573,39.8929]]]}},{"type":"Feature","properties":{"landuse":"farmland"},"geometry":{"type":"Polygon","coordinates":[[[8.5576,39.8771],[8.5624,39.8787],[8.5596,39.8801],[8.5576,39.8771]]]}},{"type":"Feature","properties":{"landuse":"farmland"},"geometry":{"type":"Polygon","coordinates":[[[8.5523,39.8857],[8.5543,39.8858],[8.5544,39.8873],[8.5523,39.8857]]]}},{"type":"Feature","properties":{"landuse":"farmland"},"geometry":{"type":"Polygon","coordinates":[[[8.5562,39.8959],[8.5574,39.8967],[8.5557,39.8986],[8.5562,39.8959]]]}},{"type":"Feature","properties":{"landuse":"farmland"},"geometry":{"type":"Polygon","coordinates":[[[8.5533,39.882],[8.5574,39.8835],[8.5524,39.8836],[8.5533,39.882]]]}},{"type":"Feature","properties":{"landuse":"farmland"},"geometry":{"type":"Polygon","coordinates":[[[8.5557,39.896],[8.5564,39.8917],[8.557,39.8941],[8.5557,39.896]]]}},{"type":"Feature","properties":{"landuse":"farmland"},"geometry":{"type":"Polygon","coordinates":[[[8.5524,39.8837],[8.5542,39.8842],[8.552,39.8857],[8.5524,39.8837]]]}},{"type":"Feature","properties":{"landuse":"farmland"},"geometry":{"type":"Polygon","coordinates":[[[8.5536,39.8814],[8.5563,39.8825],[8.5533,39.882],[8.5536,39.8814]]]}},{"type":"Feature","properties":{"landuse":"farmland"},"geometry":{"type":"Polygon","coordinates":[[[8.5582,39.8917],[8.5582,39.8906],[8.5591,39.8908],[8.5582,39.8917]]]}},{"type":"Feature","properties":{"landuse":"farmland"},"geometry":{"type":"Polygon","coordinates":[[[8.5545,39.8867],[8.5544,39.8858],[8.5569,39.8861],[8.5545,39.8867]]]}},{"type":"Feature","properties":{"landuse":"farmland"},"geometry":{"type":"Polygon","coordinates":[[[8.5569,39.8867],[8.5547,39.8876],[8.5545,39.8867],[8.5569,39.8867]]]}},{"type":"Feature","properties":{"landuse":"farmland"},"geometry":{"type":"Polygon","coordinates":[[[8.5214,39.9165],[8.5247,39.9158],[8.5217,39.9172],[8.5214,39.9165]]]}},{"type":"Feature","properties":{"landuse":"farmland"},"geometry":{"type":"Polygon","coordinates":[[[8.5334,39.9134],[8.5351,39.9155],[8.5327,39.9161],[8.5334,39.9134]]]}},{"type":"Feature","properties":{"landuse":"farmland"},"geometry":{"type":"Polygon","coordinates":[[[8.5312,39.9163],[8.5323,39.9163],[8.5333,39.9183],[8.5312,39.9163]]]}},{"type":"Feature","properties":{"landuse":"farmland"},"geometry":{"type":"Polygon","coordinates":[[[8.5331,39.9118],[8.5349,39.9123],[8.5322,39.9128],[8.5331,39.9118]]]}},{"type":"Feature","properties":{"landuse":"farmland"},"geometry":{"type":"Polygon","coordinates":[[[8.5276,39.9134],[8.5307,39.9131],[8.5301,39.9156],[8.5276,39.9134]]]}},{"type":"Feature","properties":{"landuse":"farmland"},"geometry":{"type":"Polygon","coordinates":[[[8.5302,39.9165],[8.5319,39.918],[8.5299,39.9178],[8.5302,39.9165]]]}},{"type":"Feature","properties":{"landuse":"farmland"},"geometry":{"type":"Polygon","coordinates":[[[8.519,39.9125],[8.5233,39.9116],[8.5197,39.9143],[8.519,39.9125]]]}},{"type":"Feature","properties":{"landuse":"farmland"},"geometry":{"type":"Polygon","coordinates":[[[8.5238,39.9116],[8.5295,39.9177],[8.5257,39.9183],[8.5238,39.9116]]]}},{"type":"Feature","properties":{"landuse":"farmland"},"geometry":{"type":"Polygon","coordinates":[[[8.5582,39.9024],[8.555,39.9066],[8.5549,39.9027],[8.5582,39.9024]]]}},{"type":"Feature","properties":{"landuse":"farmland"},"geometry":{"type":"Polygon","coordinates":[[[8.5399,39.9017],[8.5461,39.8964],[8.5448,39.8905],[8.5515,39.8922],[8.5499,39.8994],[8.5399,39.9017]]]}},{"type":"Feature","properties":{"landuse":"farmland"},"geometry":{"type":"Polygon","coordinates":[[[8.5551,39.8986],[8.5573,39.9016],[8.5549,39.9024],[8.5551,39.8986]]]}},{"type":"Feature","properties":{"landuse":"farmland"},"geometry":{"type":"Polygon","coordinates":[[[8.552,39.8858],[8.5566,39.8897],[8.5554,39.8944],[8.5457,39.8887],[8.552,39.8858]]]}},{"type":"Feature","properties":{"landuse":"farmland"},"geometry":{"type":"Polygon","coordinates":[[[8.5533,39.9042],[8.5574,39.9109],[8.5516,39.9114],[8.5533,39.9042]]]}},{"type":"Feature","properties":{"landuse":"farmland"},"geometry":{"type":"Polygon","coordinates":[[[8.52,39.9148],[8.5241,39.914],[8.5243,39.9148],[8.52,39.9148]]]}},{"type":"Feature","properties":{"landuse":"farmland"},"geometry":{"type":"Polygon","coordinates":[[[8.5234,39.9115],[8.5267,39.9106],[8.531,39.9125],[8.5234,39.9115]]]}},{"type":"Feature","properties":{"landuse":"farmland"},"geometry":{"type":"Polygon","coordinates":[[[8.5198,39.9144],[8.5239,39.9134],[8.5241,39.914],[8.5198,39.9144]]]}},{"type":"Feature","properties":{"landuse":"farmland"},"geometry":{"type":"Polygon","coordinates":[[[8.5551,39.8886],[8.5568,39.8886],[8.5536,39.8884],[8.5551,39.8886]]]}},{"type":"Feature","properties":{"landuse":"farmland"},"geometry":{"type":"Polygon","coordinates":[[[8.5249,39.9166],[8.5253,39.9179],[8.5209,39.9184],[8.5249,39.9166]]]}},{"type":"Feature","properties":{"landuse":"farmland"},"geometry":{"type":"Polygon","coordinates":[[[8.5323,39.9162],[8.5351,39.9155],[8.5358,39.9169],[8.5323,39.9162]]]}},{"type":"Feature","properties":{"landuse":"farmland"},"geometry":{"type":"Polygon","coordinates":[[[8.5348,39.9173],[8.5334,39.9183],[8.5329,39.9173],[8.5348,39.9173]]]}},{"type":"Feature","properties":{"landuse":"farmland"},"geometry":{"type":"Polygon","coordinates":[[[8.5334,39.913],[8.5326,39.9162],[8.5301,39.9161],[8.5334,39.913]]]}},{"type":"Feature","properties":{"landuse":"farmland"},"geometry":{"type":"Polygon","coordinates":[[[8.5208,39.9173],[8.5203,39.9157],[8.5244,39.9149],[8.5208,39.9173]]]}},{"type":"Feature","properties":{"landuse":"farmland"},"geometry":{"type":"Polygon","coordinates":[[[8.5554,39.8944],[8.5542,39.9044],[8.545,39.9022],[8.5554,39.8944]]]}},{"type":"Feature","properties":{"landuse":"orchard"},"geometry":{"type":"Polygon","coordinates":[[[8.5464,39.9178],[8.5487,39.9199],[8.5455,39.9188],[8.5464,39.9178]]]}},{"type":"Feature","properties":{"landuse":"orchard"},"geometry":{"type":"Polygon","coordinates":[[[8.5472,39.9139],[8.5465,39.9153],[8.5453,39.915],[8.5472,39.9139]]]}},{"type":"Feature","properties":{"landuse":"farmland"},"geometry":{"type":"Polygon","coordinates":[[[8.5422,39.9024],[8.5533,39.9066],[8.5465,39.9119],[8.5422,39.9024]]]}},{"type":"Feature","properties":{"landuse":"farmland"},"geometry":{"type":"Polygon","coordinates":[[[8.5377,39.9024],[8.5422,39.9026],[8.5456,39.9106],[8.5416,39.9139],[8.5338,39.9116],[8.5346,39.9093],[8.5407,39.9095],[8.5377,39.9024]]]}},{"type":"Feature","properties":{"landuse":"farmland"},"geometry":{"type":"Polygon","coordinates":[[[8.5356,39.9215],[8.5383,39.9233],[8.5369,39.9253],[8.5356,39.9215]]]}},{"type":"Feature","properties":{"landuse":"farmland"},"geometry":{"type":"Polygon","coordinates":[[[8.5227,39.9195],[8.5363,39.9191],[8.529,39.9239],[8.529,39.9215],[8.5227,39.9195]]]}},{"type":"Feature","properties":{"landuse":"vineyard"},"geometry":{"type":"Polygon","coordinates":[[[8.5464,39.9274],[8.5459,39.9267],[8.5484,39.9249],[8.5464,39.9274]]]}},{"type":"Feature","properties":{"landuse":"vineyard"},"geometry":{"type":"Polygon","coordinates":[[[8.5539,39.9248],[8.5551,39.9227],[8.5561,39.9236],[8.5539,39.9248]]]}},{"type":"Feature","properties":{"landuse":"vineyard"},"geometry":{"type":"Polygon","coordinates":[[[8.5481,39.924],[8.5499,39.9228],[8.5511,39.924],[8.5481,39.924]]]}},{"type":"Feature","properties":{"landuse":"vineyard"},"geometry":{"type":"Polygon","coordinates":[[[8.5482,39.9219],[8.5491,39.922],[8.5479,39.9229],[8.5482,39.9219]]]}},{"type":"Feature","properties":{"landuse":"farmland"},"geometry":{"type":"Polygon","coordinates":[[[8.5311,39.9235],[8.5326,39.9234],[8.5318,39.9243],[8.5311,39.9235]]]}},{"type":"Feature","properties":{"landuse":"farmland"},"geometry":{"type":"Polygon","coordinates":[[[8.5489,39.9209],[8.5482,39.9218],[8.5467,39.9211],[8.5489,39.9209]]]}},{"type":"Feature","properties":{"landuse":"farmland"},"geometry":{"type":"Polygon","coordinates":[[[8.5317,39.9228],[8.5431,39.9179],[8.5481,39.9202],[8.5317,39.9228]]]}},{"type":"Feature","properties":{"landuse":"orchard"},"geometry":{"type":"Polygon","coordinates":[[[8.5522,39.9242],[8.5514,39.9253],[8.5507,39.9246],[8.5522,39.9242]]]}},{"type":"Feature","properties":{"landuse":"orchard"},"geometry":{"type":"Polygon","coordinates":[[[8.5451,39.9222],[8.5449,39.9231],[8.5432,39.9224],[8.5451,39.9222]]]}},{"type":"Feature","properties":{"landuse":"farmland"},"geometry":{"type":"Polygon","coordinates":[[[8.5455,39.926],[8.5437,39.924],[8.5482,39.9219],[8.5455,39.926]]]}},{"type":"Feature","properties":{"landuse":"farmland"},"geometry":{"type":"Polygon","coordinates":[[[8.5589,39.9211],[8.563,39.9213],[8.5611,39.9231],[8.5589,39.9211]]]}},{"type":"Feature","properties":{"landuse":"farmland"},"geometry":{"type":"Polygon","coordinates":[[[8.5757,39.8762],[8.5803,39.8765],[8.5847,39.8822],[8.5757,39.8762]]]}},{"type":"Feature","properties":{"landuse":"farmland"},"geometry":{"type":"Polygon","coordinates":[[[8.5775,39.85],[8.5787,39.8481],[8.5785,39.8501],[8.5775,39.85]]]}},{"type":"Feature","properties":{"landuse":"orchard"},"geometry":{"type":"Polygon","coordinates":[[[8.5907,39.9853],[8.5877,39.985],[8.5889,39.9837],[8.5907,39.9853]]]}},{"type":"Feature","properties":{"landuse":"greenhouse_horticulture"},"geometry":{"type":"Polygon","coordinates":[[[8.589,39.9907],[8.5888,39.9892],[8.5903,39.9902],[8.589,39.9907]]]}},{"type":"Feature","properties":{"landuse":"farmland"},"geometry":{"type":"Polygon","coordinates":[[[8.5666,39.8518],[8.5709,39.8521],[8.565,39.8556],[8.5666,39.8518]]]}},{"type":"Feature","properties":{"landuse":"farmland"},"geometry":{"type":"Polygon","coordinates":[[[8.5437,39.8805],[8.5478,39.8732],[8.5498,39.878],[8.5437,39.8805]]]}},{"type":"Feature","properties":{"landuse":"farmland"},"geometry":{"type":"Polygon","coordinates":[[[8.5917,39.849],[8.5797,39.8545],[8.5893,39.847],[8.5917,39.849]]]}},{"type":"Feature","properties":{"landuse":"farmland"},"geometry":{"type":"Polygon","coordinates":[[[8.5745,39.8577],[8.5774,39.855],[8.5783,39.8555],[8.5745,39.8577]]]}},{"type":"Feature","properties":{"landuse":"farmland"},"geometry":{"type":"Polygon","coordinates":[[[8.6332,39.7141],[8.6313,39.7146],[8.6323,39.7133],[8.6332,39.7141]]]}},{"type":"Feature","properties":{"landuse":"vineyard"},"geometry":{"type":"Polygon","coordinates":[[[8.6439,39.7397],[8.6448,39.7432],[8.6413,39.742],[8.6439,39.7397]]]}},{"type":"Feature","properties":{"landuse":"vineyard"},"geometry":{"type":"Polygon","coordinates":[[[8.6456,39.7393],[8.6466,39.7416],[8.6437,39.7417],[8.6456,39.7393]]]}},{"type":"Feature","properties":{"landuse":"vineyard"},"geometry":{"type":"Polygon","coordinates":[[[8.6278,39.7551],[8.6281,39.7532],[8.6296,39.7556],[8.6278,39.7551]]]}},{"type":"Feature","properties":{"landuse":"farmland"},"geometry":{"type":"Polygon","coordinates":[[[9.4963,39.1482],[9.4991,39.1477],[9.4968,39.1491],[9.4963,39.1482]]]}},{"type":"Feature","properties":{"landuse":"farmland"},"geometry":{"type":"Polygon","coordinates":[[[8.9666,38.9617],[8.9699,38.9594],[8.9712,38.9606],[8.9666,38.9617]]]}},{"type":"Feature","properties":{"landuse":"farmland"},"geometry":{"type":"Polygon","coordinates":[[[8.97,38.965],[8.9728,38.9622],[8.9735,38.963],[8.97,38.965]]]}},{"type":"Feature","properties":{"landuse":"farmland"},"geometry":{"type":"Polygon","coordinates":[[[8.9688,38.9581],[8.9641,38.9592],[8.9669,38.9573],[8.9688,38.9581]]]}},{"type":"Feature","properties":{"landuse":"farmland"},"geometry":{"type":"Polygon","coordinates":[[[8.9706,38.9695],[8.9726,38.9675],[8.9722,38.9706],[8.9706,38.9695]]]}},{"type":"Feature","properties":{"landuse":"farmland"},"geometry":{"type":"Polygon","coordinates":[[[8.971,38.9659],[8.9735,38.963],[8.9736,38.9649],[8.971,38.9659]]]}},{"type":"Feature","properties":{"landuse":"farmland"},"geometry":{"type":"Polygon","coordinates":[[[8.9823,38.975],[8.9827,38.9739],[8.9833,38.9745],[8.9823,38.975]]]}},{"type":"Feature","properties":{"landuse":"farmland"},"geometry":{"type":"Polygon","coordinates":[[[8.9737,38.9677],[8.9728,38.9671],[8.9734,38.9665],[8.9737,38.9677]]]}},{"type":"Feature","properties":{"landuse":"farmland"},"geometry":{"type":"Polygon","coordinates":[[[8.5787,39.7683],[8.5763,39.7681],[8.5768,39.7648],[8.5787,39.7683]]]}},{"type":"Feature","properties":{"landuse":"farmland"},"geometry":{"type":"Polygon","coordinates":[[[8.57,39.7645],[8.5664,39.761],[8.57,39.761],[8.57,39.7645]]]}},{"type":"Feature","properties":{"landuse":"farmland"},"geometry":{"type":"Polygon","coordinates":[[[8.5726,39.7611],[8.5738,39.7611],[8.5737,39.7646],[8.5726,39.7646],[8.5726,39.7611]]]}},{"type":"Feature","properties":{"landuse":"farmland"},"geometry":{"type":"Polygon","coordinates":[[[8.5739,39.7646],[8.5739,39.7611],[8.575,39.7611],[8.575,39.7646],[8.5739,39.7646]]]}},{"type":"Feature","properties":{"landuse":"farmland"},"geometry":{"type":"Polygon","coordinates":[[[8.575,39.7758],[8.575,39.7745],[8.5759,39.7758],[8.575,39.7758]]]}},{"type":"Feature","properties":{"landuse":"farmland"},"geometry":{"type":"Polygon","coordinates":[[[8.5714,39.7645],[8.5714,39.761],[8.5725,39.761],[8.5714,39.7645]]]}},{"type":"Feature","properties":{"landuse":"farmland"},"geometry":{"type":"Polygon","coordinates":[[[8.5813,39.7665],[8.5821,39.7648],[8.5821,39.7665],[8.5813,39.7665]]]}},{"type":"Feature","properties":{"landuse":"farmland"},"geometry":{"type":"Polygon","coordinates":[[[8.5787,39.7683],[8.5788,39.7648],[8.5799,39.7683],[8.5787,39.7683]]]}},{"type":"Feature","properties":{"landuse":"farmland"},"geometry":{"type":"Polygon","coordinates":[[[8.5726,39.7713],[8.5726,39.7685],[8.5736,39.7713],[8.5726,39.7713]]]}},{"type":"Feature","properties":{"landuse":"farmland"},"geometry":{"type":"Polygon","coordinates":[[[8.5763,39.7637],[8.5764,39.7611],[8.5775,39.7611],[8.5763,39.7637]]]}},{"type":"Feature","properties":{"landuse":"farmland"},"geometry":{"type":"Polygon","coordinates":[[[8.5702,39.7645],[8.5702,39.761],[8.5713,39.761],[8.5702,39.7645]]]}},{"type":"Feature","properties":{"landuse":"farmland"},"geometry":{"type":"Polygon","coordinates":[[[8.5762,39.7642],[8.575,39.7611],[8.5763,39.7611],[8.5762,39.7642]]]}},{"type":"Feature","properties":{"landuse":"farmland"},"geometry":{"type":"Polygon","coordinates":[[[8.5761,39.7685],[8.5761,39.7717],[8.5737,39.7713],[8.5761,39.7685]]]}},{"type":"Feature","properties":{"landuse":"farmland"},"geometry":{"type":"Polygon","coordinates":[[[8.58,39.7683],[8.58,39.7648],[8.5812,39.7648],[8.58,39.7683]]]}},{"type":"Feature","properties":{"landuse":"farmland"},"geometry":{"type":"Polygon","coordinates":[[[8.5864,39.7685],[8.5875,39.7685],[8.5875,39.7705],[8.5864,39.7685]]]}},{"type":"Feature","properties":{"landuse":"farmland"},"geometry":{"type":"Polygon","coordinates":[[[8.5839,39.7685],[8.5863,39.7685],[8.5862,39.7717],[8.5839,39.7685]]]}},{"type":"Feature","properties":{"landuse":"farmland"},"geometry":{"type":"Polygon","coordinates":[[[8.5876,39.7686],[8.5888,39.7686],[8.5876,39.7716],[8.5876,39.7686]]]}},{"type":"Feature","properties":{"landuse":"farmland"},"geometry":{"type":"Polygon","coordinates":[[[8.9737,38.972],[8.9729,38.9698],[8.9751,38.9707],[8.9737,38.972]]]}},{"type":"Feature","properties":{"landuse":"farmland"},"geometry":{"type":"Polygon","coordinates":[[[8.9741,38.9718],[8.9755,38.9729],[8.9751,38.9743],[8.9741,38.9718]]]}},{"type":"Feature","properties":{"landuse":"farmland"},"geometry":{"type":"Polygon","coordinates":[[[8.975,38.9692],[8.9762,38.9684],[8.9759,38.9698],[8.975,38.9692]]]}},{"type":"Feature","properties":{"landuse":"farmland"},"geometry":{"type":"Polygon","coordinates":[[[8.253,40.6603],[8.2552,40.6585],[8.2551,40.6604],[8.253,40.6603]]]}},{"type":"Feature","properties":{"landuse":"farmland"},"geometry":{"type":"Polygon","coordinates":[[[8.2525,40.6588],[8.2527,40.6572],[8.2542,40.6573],[8.2525,40.6588]]]}},{"type":"Feature","properties":{"landuse":"farmland"},"geometry":{"type":"Polygon","coordinates":[[[9.4939,39.1431],[9.4923,39.1419],[9.493,39.1412],[9.4939,39.1431]]]}},{"type":"Feature","properties":{"landuse":"vineyard"},"geometry":{"type":"Polygon","coordinates":[[[9.157,39.3499],[9.1559,39.3491],[9.1573,39.3493],[9.157,39.3499]]]}},{"type":"Feature","properties":{"landuse":"vineyard"},"geometry":{"type":"Polygon","coordinates":[[[9.1579,39.3507],[9.1567,39.3507],[9.1574,39.3493],[9.1579,39.3507]]]}},{"type":"Feature","properties":{"landuse":"farmland"},"geometry":{"type":"Polygon","coordinates":[[[9.718,40.64],[9.7209,40.6384],[9.7204,40.6409],[9.718,40.64]]]}},{"type":"Feature","properties":{"landuse":"farmland"},"geometry":{"type":"Polygon","coordinates":[[[9.7031,40.6348],[9.7026,40.633],[9.7091,40.6336],[9.7031,40.6348]]]}},{"type":"Feature","properties":{"landuse":"farmland"},"geometry":{"type":"Polygon","coordinates":[[[9.7042,40.6364],[9.71,40.637],[9.7093,40.6395],[9.7042,40.6364]]]}},{"type":"Feature","properties":{"landuse":"farmland"},"geometry":{"type":"Polygon","coordinates":[[[9.7133,40.639],[9.7135,40.6377],[9.7164,40.6374],[9.7133,40.639]]]}},{"type":"Feature","properties":{"landuse":"farmland"},"geometry":{"type":"Polygon","coordinates":[[[9.7127,40.6414],[9.7163,40.6406],[9.716,40.6425],[9.7127,40.6414]]]}},{"type":"Feature","properties":{"landuse":"farmland"},"geometry":{"type":"Polygon","coordinates":[[[9.6947,40.6309],[9.6981,40.628],[9.6981,40.6294],[9.6947,40.6309]]]}},{"type":"Feature","properties":{"landuse":"farmland"},"geometry":{"type":"Polygon","coordinates":[[[9.7131,40.6457],[9.7119,40.6432],[9.7148,40.6443],[9.7131,40.6457]]]}},{"type":"Feature","properties":{"landuse":"farmland"},"geometry":{"type":"Polygon","coordinates":[[[9.718,40.6426],[9.7181,40.6416],[9.721,40.6426],[9.718,40.6426]]]}},{"type":"Feature","properties":{"landuse":"orchard"},"geometry":{"type":"Polygon","coordinates":[[[9.7121,40.6412],[9.7106,40.6404],[9.7126,40.64],[9.7121,40.6412]]]}},{"type":"Feature","properties":{"landuse":"farmland"},"geometry":{"type":"Polygon","coordinates":[[[9.7219,40.6446],[9.7205,40.6442],[9.7223,40.6433],[9.7219,40.6446]]]}},{"type":"Feature","properties":{"landuse":"farmland"},"geometry":{"type":"Polygon","coordinates":[[[9.7122,40.6422],[9.7133,40.6418],[9.7164,40.6433],[9.7122,40.6422]]]}},{"type":"Feature","properties":{"landuse":"farmland"},"geometry":{"type":"Polygon","coordinates":[[[9.716,40.6425],[9.7167,40.6399],[9.7203,40.643],[9.716,40.6425]]]}},{"type":"Feature","properties":{"landuse":"farmland"},"geometry":{"type":"Polygon","coordinates":[[[9.7098,40.6399],[9.7106,40.6372],[9.7126,40.6393],[9.7098,40.6399]]]}},{"type":"Feature","properties":{"landuse":"farmland"},"geometry":{"type":"Polygon","coordinates":[[[9.6965,40.6384],[9.701,40.6375],[9.7053,40.6405],[9.6965,40.6384]]]}},{"type":"Feature","properties":{"landuse":"farmland"},"geometry":{"type":"Polygon","coordinates":[[[9.6943,40.6396],[9.6945,40.6383],[9.6987,40.6388],[9.6943,40.6396]]]}},{"type":"Feature","properties":{"landuse":"farmland"},"geometry":{"type":"Polygon","coordinates":[[[9.6943,40.643],[9.7021,40.6418],[9.6949,40.6443],[9.6943,40.643]]]}},{"type":"Feature","properties":{"landuse":"farmland"},"geometry":{"type":"Polygon","coordinates":[[[9.6977,40.6411],[9.6988,40.6395],[9.7024,40.6407],[9.6977,40.6411]]]}},{"type":"Feature","properties":{"landuse":"farmland"},"geometry":{"type":"Polygon","coordinates":[[[9.691,40.642],[9.6969,40.6411],[9.6942,40.6427],[9.691,40.642]]]}},{"type":"Feature","properties":{"landuse":"farmland"},"geometry":{"type":"Polygon","coordinates":[[[9.7265,40.6345],[9.7258,40.6326],[9.7295,40.6333],[9.7265,40.6345]]]}},{"type":"Feature","properties":{"landuse":"farmland"},"geometry":{"type":"Polygon","coordinates":[[[9.6967,40.6332],[9.6971,40.6307],[9.701,40.6323],[9.6967,40.6332]]]}},{"type":"Feature","properties":{"landuse":"farmland"},"geometry":{"type":"Polygon","coordinates":[[[9.7146,40.6249],[9.7148,40.6204],[9.7192,40.623],[9.7193,40.6253],[9.7146,40.6249]]]}},{"type":"Feature","properties":{"landuse":"farmland"},"geometry":{"type":"Polygon","coordinates":[[[9.6939,40.6289],[9.6954,40.6242],[9.6979,40.6253],[9.6939,40.6289]]]}},{"type":"Feature","properties":{"landuse":"farmland"},"geometry":{"type":"Polygon","coordinates":[[[9.7147,40.6266],[9.7133,40.6248],[9.7192,40.6274],[9.7147,40.6266]]]}},{"type":"Feature","properties":{"landuse":"farmland"},"geometry":{"type":"Polygon","coordinates":[[[9.7238,40.6452],[9.7243,40.6434],[9.7269,40.6445],[9.7238,40.6452]]]}},{"type":"Feature","properties":{"landuse":"farmland"},"geometry":{"type":"Polygon","coordinates":[[[9.7242,40.6434],[9.7277,40.643],[9.7269,40.6445],[9.7242,40.6434]]]}},{"type":"Feature","properties":{"landuse":"orchard"},"geometry":{"type":"Polygon","coordinates":[[[9.7221,40.6444],[9.7227,40.6428],[9.7239,40.645],[9.7221,40.6444]]]}},{"type":"Feature","properties":{"landuse":"farmland"},"geometry":{"type":"Polygon","coordinates":[[[9.7181,40.6444],[9.7255,40.6457],[9.7224,40.6458],[9.7181,40.6444]]]}},{"type":"Feature","properties":{"landuse":"orchard"},"geometry":{"type":"Polygon","coordinates":[[[9.7112,40.6389],[9.712,40.6379],[9.7123,40.6391],[9.7112,40.6389]]]}},{"type":"Feature","properties":{"landuse":"orchard"},"geometry":{"type":"Polygon","coordinates":[[[9.7141,40.6403],[9.7135,40.6394],[9.7158,40.6395],[9.7141,40.6403]]]}},{"type":"Feature","properties":{"landuse":"farmland"},"geometry":{"type":"Polygon","coordinates":[[[9.7207,40.6422],[9.7174,40.6426],[9.717,40.6399],[9.7207,40.6422]]]}},{"type":"Feature","properties":{"landuse":"orchard"},"geometry":{"type":"Polygon","coordinates":[[[9.714,40.6366],[9.7147,40.6342],[9.7172,40.6353],[9.714,40.6366]]]}},{"type":"Feature","properties":{"landuse":"farmland"},"geometry":{"type":"Polygon","coordinates":[[[9.6646,40.6368],[9.6645,40.6339],[9.6693,40.6353],[9.6646,40.6368]]]}},{"type":"Feature","properties":{"landuse":"farmland"},"geometry":{"type":"Polygon","coordinates":[[[9.6601,40.6329],[9.6606,40.6308],[9.6665,40.6333],[9.6601,40.6329]]]}},{"type":"Feature","properties":{"landuse":"orchard"},"geometry":{"type":"Polygon","coordinates":[[[9.6969,40.636],[9.6948,40.6341],[9.703,40.6359],[9.6969,40.636]]]}},{"type":"Feature","properties":{"landuse":"orchard"},"geometry":{"type":"Polygon","coordinates":[[[9.6934,40.6396],[9.6937,40.6382],[9.6943,40.6396],[9.6934,40.6396]]]}},{"type":"Feature","properties":{"landuse":"orchard"},"geometry":{"type":"Polygon","coordinates":[[[9.6883,40.6312],[9.6896,40.6305],[9.6897,40.6314],[9.6883,40.6312]]]}},{"type":"Feature","properties":{"landuse":"orchard"},"geometry":{"type":"Polygon","coordinates":[[[9.6846,40.6343],[9.6834,40.6318],[9.6871,40.6326],[9.6846,40.6343]]]}},{"type":"Feature","properties":{"landuse":"orchard"},"geometry":{"type":"Polygon","coordinates":[[[9.692,40.6321],[9.6937,40.6311],[9.6935,40.6325],[9.692,40.6321]]]}},{"type":"Feature","properties":{"landuse":"farmland"},"geometry":{"type":"Polygon","coordinates":[[[9.7023,40.6398],[9.7057,40.6413],[9.7038,40.6416],[9.7023,40.6398]]]}},{"type":"Feature","properties":{"landuse":"farmland"},"geometry":{"type":"Polygon","coordinates":[[[9.6975,40.6499],[9.6978,40.6481],[9.6995,40.6486],[9.6975,40.6499]]]}},{"type":"Feature","properties":{"landuse":"farmland"},"geometry":{"type":"Polygon","coordinates":[[[9.6981,40.6431],[9.7037,40.6424],[9.6949,40.6451],[9.6981,40.6431]]]}},{"type":"Feature","properties":{"landuse":"farmland"},"geometry":{"type":"Polygon","coordinates":[[[9.7096,40.6255],[9.7122,40.6238],[9.7143,40.6267],[9.7096,40.6255]]]}},{"type":"Feature","properties":{"landuse":"farmland"},"geometry":{"type":"Polygon","coordinates":[[[9.7083,40.6237],[9.7083,40.6198],[9.7147,40.6203],[9.7083,40.6237]]]}},{"type":"Feature","properties":{"landuse":"farmland"},"geometry":{"type":"Polygon","coordinates":[[[9.7266,40.6452],[9.7278,40.643],[9.7337,40.6442],[9.7266,40.6452]]]}},{"type":"Feature","properties":{"landuse":"orchard"},"geometry":{"type":"Polygon","coordinates":[[[9.7254,40.6389],[9.7268,40.6377],[9.7261,40.6395],[9.7254,40.6389]]]}},{"type":"Feature","properties":{"landuse":"farmland"},"geometry":{"type":"Polygon","coordinates":[[[9.7315,40.6437],[9.7359,40.6418],[9.7336,40.6435],[9.7361,40.6436],[9.7315,40.6437]]]}},{"type":"Feature","properties":{"landuse":"orchard"},"geometry":{"type":"Polygon","coordinates":[[[9.7274,40.642],[9.7264,40.6405],[9.7278,40.6403],[9.7274,40.642]]]}},{"type":"Feature","properties":{"landuse":"orchard"},"geometry":{"type":"Polygon","coordinates":[[[9.729,40.6427],[9.7282,40.6411],[9.731,40.6413],[9.729,40.6427]]]}},{"type":"Feature","properties":{"landuse":"farmland"},"geometry":{"type":"Polygon","coordinates":[[[9.7297,40.6433],[9.7318,40.6405],[9.7339,40.6408],[9.7297,40.6433]]]}},{"type":"Feature","properties":{"landuse":"farmland"},"geometry":{"type":"Polygon","coordinates":[[[9.7328,40.6406],[9.735,40.6397],[9.7359,40.6415],[9.7328,40.6406]]]}},{"type":"Feature","properties":{"landuse":"orchard"},"geometry":{"type":"Polygon","coordinates":[[[9.7281,40.6383],[9.7279,40.6371],[9.7313,40.6381],[9.7281,40.6383]]]}},{"type":"Feature","properties":{"landuse":"orchard"},"geometry":{"type":"Polygon","coordinates":[[[9.7255,40.6403],[9.7265,40.6425],[9.724,40.6416],[9.7255,40.6403]]]}},{"type":"Feature","properties":{"landuse":"orchard"},"geometry":{"type":"Polygon","coordinates":[[[9.7219,40.6406],[9.7232,40.6397],[9.7228,40.6408],[9.7219,40.6406]]]}},{"type":"Feature","properties":{"landuse":"orchard"},"geometry":{"type":"Polygon","coordinates":[[[9.723,40.6414],[9.7232,40.6397],[9.7238,40.6416],[9.723,40.6414]]]}},{"type":"Feature","properties":{"landuse":"farmland"},"geometry":{"type":"Polygon","coordinates":[[[9.7176,40.6393],[9.7167,40.6377],[9.7189,40.6374],[9.7176,40.6393]]]}},{"type":"Feature","properties":{"landuse":"orchard"},"geometry":{"type":"Polygon","coordinates":[[[9.7177,40.6371],[9.7177,40.6359],[9.7202,40.638],[9.7177,40.6371]]]}},{"type":"Feature","properties":{"landuse":"farmland"},"geometry":{"type":"Polygon","coordinates":[[[9.7217,40.6412],[9.7229,40.6402],[9.725,40.6417],[9.7217,40.6412]]]}},{"type":"Feature","properties":{"landuse":"farmland"},"geometry":{"type":"Polygon","coordinates":[[[9.7064,40.6307],[9.7061,40.6291],[9.7086,40.6298],[9.7064,40.6307]]]}},{"type":"Feature","properties":{"landuse":"farmland"},"geometry":{"type":"Polygon","coordinates":[[[9.7027,40.6313],[9.706,40.629],[9.7061,40.6311],[9.7027,40.6313]]]}},{"type":"Feature","properties":{"landuse":"farmland"},"geometry":{"type":"Polygon","coordinates":[[[9.7084,40.6353],[9.713,40.6342],[9.7123,40.6364],[9.7084,40.6353]]]}},{"type":"Feature","properties":{"landuse":"farmland"},"geometry":{"type":"Polygon","coordinates":[[[9.7088,40.6321],[9.7061,40.6311],[9.7078,40.6311],[9.7088,40.6321]]]}},{"type":"Feature","properties":{"landuse":"farmland"},"geometry":{"type":"Polygon","coordinates":[[[9.7258,40.6542],[9.7249,40.6528],[9.7263,40.6525],[9.7258,40.6542]]]}},{"type":"Feature","properties":{"landuse":"farmland"},"geometry":{"type":"Polygon","coordinates":[[[9.7172,40.6455],[9.7205,40.6459],[9.7172,40.6473],[9.7172,40.6455]]]}},{"type":"Feature","properties":{"landuse":"farmland"},"geometry":{"type":"Polygon","coordinates":[[[9.7232,40.6505],[9.7282,40.6495],[9.7269,40.652],[9.7232,40.6505]]]}},{"type":"Feature","properties":{"landuse":"farmland"},"geometry":{"type":"Polygon","coordinates":[[[9.7221,40.6499],[9.7174,40.6479],[9.7195,40.6466],[9.7221,40.6499]]]}},{"type":"Feature","properties":{"landuse":"farmland"},"geometry":{"type":"Polygon","coordinates":[[[9.7279,40.651],[9.7293,40.649],[9.7317,40.6498],[9.7279,40.651]]]}},{"type":"Feature","properties":{"landuse":"farmland"},"geometry":{"type":"Polygon","coordinates":[[[9.7294,40.646],[9.7345,40.6452],[9.7347,40.6456],[9.7294,40.646]]]}},{"type":"Feature","properties":{"landuse":"farmland"},"geometry":{"type":"Polygon","coordinates":[[[9.7211,40.643],[9.7216,40.6415],[9.7227,40.6428],[9.7211,40.643]]]}},{"type":"Feature","properties":{"landuse":"farmland"},"geometry":{"type":"Polygon","coordinates":[[[9.7295,40.6534],[9.73,40.6507],[9.7311,40.6507],[9.7295,40.6534]]]}},{"type":"Feature","properties":{"landuse":"farmland"},"geometry":{"type":"Polygon","coordinates":[[[9.7302,40.6411],[9.7313,40.6393],[9.7315,40.6414],[9.7302,40.6411]]]}},{"type":"Feature","properties":{"landuse":"orchard"},"geometry":{"type":"Polygon","coordinates":[[[9.6988,40.6321],[9.7016,40.6315],[9.7016,40.6323],[9.6988,40.6321]]]}},{"type":"Feature","properties":{"landuse":"farmland"},"geometry":{"type":"Polygon","coordinates":[[[9.6976,40.6303],[9.6982,40.628],[9.7012,40.6281],[9.6976,40.6303]]]}},{"type":"Feature","properties":{"landuse":"farmland"},"geometry":{"type":"Polygon","coordinates":[[[9.6977,40.6279],[9.6981,40.6261],[9.7038,40.6268],[9.6977,40.6279]]]}},{"type":"Feature","properties":{"landuse":"farmland"},"geometry":{"type":"Polygon","coordinates":[[[9.6985,40.6246],[9.7033,40.6232],[9.7009,40.6263],[9.6985,40.6246]]]}},{"type":"Feature","properties":{"landuse":"farmland"},"geometry":{"type":"Polygon","coordinates":[[[9.72,40.6335],[9.7213,40.633],[9.7222,40.634],[9.72,40.6335]]]}},{"type":"Feature","properties":{"landuse":"green_public_spaces"},"geometry":{"type":"Polygon","coordinates":[[[9.7202,40.6348],[9.7224,40.6345],[9.7215,40.6358],[9.7202,40.6348]]]}},{"type":"Feature","properties":{"landuse":"farmland"},"geometry":{"type":"Polygon","coordinates":[[[9.7313,40.6381],[9.7299,40.6367],[9.7335,40.6362],[9.7313,40.6381]]]}},{"type":"Feature","properties":{"landuse":"farmland"},"geometry":{"type":"Polygon","coordinates":[[[9.7259,40.6261],[9.7279,40.6245],[9.7274,40.6279],[9.7259,40.6261]]]}},{"type":"Feature","properties":{"landuse":"farmland"},"geometry":{"type":"Polygon","coordinates":[[[9.7249,40.6305],[9.7258,40.6281],[9.7275,40.6299],[9.7249,40.6305]]]}},{"type":"Feature","properties":{"landuse":"farmland"},"geometry":{"type":"Polygon","coordinates":[[[9.7266,40.6318],[9.7291,40.6294],[9.7295,40.6322],[9.7266,40.6318]]]}},{"type":"Feature","properties":{"landuse":"farmland"},"geometry":{"type":"Polygon","coordinates":[[[9.7261,40.6328],[9.7298,40.6324],[9.7295,40.6333],[9.7261,40.6328]]]}},{"type":"Feature","properties":{"landuse":"farmland"},"geometry":{"type":"Polygon","coordinates":[[[9.7313,40.64],[9.7332,40.6382],[9.7354,40.6389],[9.7313,40.64]]]}},{"type":"Feature","properties":{"landuse":"farmland"},"geometry":{"type":"Polygon","coordinates":[[[9.7289,40.6361],[9.7289,40.6374],[9.7274,40.6367],[9.7289,40.6361]]]}},{"type":"Feature","properties":{"landuse":"farmland"},"geometry":{"type":"Polygon","coordinates":[[[9.7323,40.6344],[9.7312,40.6329],[9.7346,40.634],[9.7323,40.6344]]]}},{"type":"Feature","properties":{"landuse":"farmland"},"geometry":{"type":"Polygon","coordinates":[[[9.7368,40.6311],[9.7363,40.6293],[9.7389,40.629],[9.7368,40.6311]]]}},{"type":"Feature","properties":{"landuse":"farmland"},"geometry":{"type":"Polygon","coordinates":[[[9.732,40.6299],[9.7339,40.6289],[9.7336,40.6309],[9.732,40.6299]]]}},{"type":"Feature","properties":{"landuse":"farmland"},"geometry":{"type":"Polygon","coordinates":[[[9.7278,40.6287],[9.7318,40.6291],[9.7282,40.6298],[9.7278,40.6287]]]}},{"type":"Feature","properties":{"landuse":"farmland"},"geometry":{"type":"Polygon","coordinates":[[[9.7203,40.6283],[9.7192,40.627],[9.7221,40.6262],[9.7203,40.6283]]]}},{"type":"Feature","properties":{"landuse":"farmland"},"geometry":{"type":"Polygon","coordinates":[[[9.7345,40.6334],[9.7327,40.6325],[9.736,40.632],[9.7345,40.6334]]]}},{"type":"Feature","properties":{"landuse":"farmland"},"geometry":{"type":"Polygon","coordinates":[[[9.7049,40.6289],[9.704,40.6281],[9.7055,40.6275],[9.7049,40.6289]]]}},{"type":"Feature","properties":{"landuse":"farmland"},"geometry":{"type":"Polygon","coordinates":[[[9.6922,40.6298],[9.6962,40.6286],[9.6948,40.6298],[9.6922,40.6298]]]}},{"type":"Feature","properties":{"landuse":"farmland"},"geometry":{"type":"Polygon","coordinates":[[[9.6854,40.6311],[9.6828,40.6302],[9.6869,40.6306],[9.6854,40.6311]]]}},{"type":"Feature","properties":{"landuse":"farmland"},"geometry":{"type":"Polygon","coordinates":[[[9.6842,40.6326],[9.6856,40.6313],[9.6872,40.6323],[9.6842,40.6326]]]}},{"type":"Feature","properties":{"landuse":"farmland"},"geometry":{"type":"Polygon","coordinates":[[[9.6878,40.6299],[9.69,40.629],[9.6908,40.6306],[9.6878,40.6299]]]}},{"type":"Feature","properties":{"landuse":"farmland"},"geometry":{"type":"Polygon","coordinates":[[[9.684,40.6434],[9.6886,40.642],[9.6889,40.6446],[9.684,40.6434]]]}},{"type":"Feature","properties":{"landuse":"farmland"},"geometry":{"type":"Polygon","coordinates":[[[9.6902,40.6479],[9.692,40.6441],[9.6947,40.6488],[9.6902,40.6479]]]}},{"type":"Feature","properties":{"landuse":"farmland"},"geometry":{"type":"Polygon","coordinates":[[[9.6959,40.6462],[9.7034,40.6441],[9.7014,40.647],[9.6959,40.6462]]]}},{"type":"Feature","properties":{"landuse":"farmland"},"geometry":{"type":"Polygon","coordinates":[[[9.7186,40.6229],[9.7243,40.6197],[9.7262,40.624],[9.7186,40.6229]]]}},{"type":"Feature","properties":{"landuse":"farmland"},"geometry":{"type":"Polygon","coordinates":[[[9.7052,40.6209],[9.707,40.6183],[9.7022,40.6146],[9.7044,40.6133],[9.7086,40.6185],[9.7052,40.6209]]]}},{"type":"Feature","properties":{"landuse":"farmland"},"geometry":{"type":"Polygon","coordinates":[[[9.6977,40.6244],[9.6953,40.6241],[9.6994,40.623],[9.6977,40.6244]]]}},{"type":"Feature","properties":{"landuse":"farmland"},"geometry":{"type":"Polygon","coordinates":[[[9.7241,40.6302],[9.726,40.6306],[9.724,40.6312],[9.7241,40.6302]]]}},{"type":"Feature","properties":{"landuse":"farmland"},"geometry":{"type":"Polygon","coordinates":[[[9.7251,40.6323],[9.7261,40.6318],[9.7243,40.633],[9.7251,40.6323]]]}},{"type":"Feature","properties":{"landuse":"farmland"},"geometry":{"type":"Polygon","coordinates":[[[9.7238,40.6547],[9.7247,40.6529],[9.7223,40.6577],[9.7238,40.6547]]]}},{"type":"Feature","properties":{"landuse":"farmland"},"geometry":{"type":"Polygon","coordinates":[[[9.7262,40.6547],[9.7293,40.6561],[9.7218,40.6605],[9.7262,40.6547]]]}},{"type":"Feature","properties":{"landuse":"farmland"},"geometry":{"type":"Polygon","coordinates":[[[9.7275,40.6598],[9.7301,40.6565],[9.7298,40.6589],[9.7275,40.6598]]]}},{"type":"Feature","properties":{"landuse":"farmland"},"geometry":{"type":"Polygon","coordinates":[[[9.7344,40.6566],[9.7366,40.6538],[9.7394,40.6551],[9.7384,40.6581],[9.7344,40.6566]]]}},{"type":"Feature","properties":{"landuse":"farmland"},"geometry":{"type":"Polygon","coordinates":[[[9.7266,40.6546],[9.7348,40.6554],[9.7326,40.6575],[9.7266,40.6546]]]}},{"type":"Feature","properties":{"landuse":"farmland"},"geometry":{"type":"Polygon","coordinates":[[[9.7328,40.6576],[9.7345,40.6578],[9.7366,40.6596],[9.7328,40.6576]]]}},{"type":"Feature","properties":{"landuse":"farmland"},"geometry":{"type":"Polygon","coordinates":[[[9.713,40.6523],[9.7131,40.6468],[9.7202,40.6513],[9.7198,40.6541],[9.713,40.6523]]]}},{"type":"Feature","properties":{"landuse":"farmland"},"geometry":{"type":"Polygon","coordinates":[[[9.7076,40.6487],[9.7049,40.6484],[9.707,40.6443],[9.7076,40.6487]]]}},{"type":"Feature","properties":{"landuse":"farmland"},"geometry":{"type":"Polygon","coordinates":[[[9.7027,40.6476],[9.7055,40.6463],[9.7039,40.6489],[9.7027,40.6476]]]}},{"type":"Feature","properties":{"landuse":"farmland"},"geometry":{"type":"Polygon","coordinates":[[[9.7079,40.6442],[9.7117,40.6462],[9.7095,40.6474],[9.7079,40.6442]]]}},{"type":"Feature","properties":{"landuse":"farmland"},"geometry":{"type":"Polygon","coordinates":[[[9.702,40.6422],[9.7046,40.6419],[9.7058,40.6437],[9.702,40.6422]]]}},{"type":"Feature","properties":{"landuse":"farmland"},"geometry":{"type":"Polygon","coordinates":[[[9.7081,40.6438],[9.7113,40.644],[9.7096,40.6448],[9.7081,40.6438]]]}},{"type":"Feature","properties":{"landuse":"farmland"},"geometry":{"type":"Polygon","coordinates":[[[9.6731,40.6363],[9.6724,40.6355],[9.6752,40.6356],[9.6731,40.6363]]]}},{"type":"Feature","properties":{"landuse":"farmland"},"geometry":{"type":"Polygon","coordinates":[[[9.6608,40.6401],[9.6615,40.6376],[9.6667,40.6369],[9.6608,40.6401]]]}},{"type":"Feature","properties":{"landuse":"farmland"},"geometry":{"type":"Polygon","coordinates":[[[9.6702,40.6394],[9.6739,40.6362],[9.6775,40.6364],[9.6702,40.6394]]]}},{"type":"Feature","properties":{"landuse":"farmland"},"geometry":{"type":"Polygon","coordinates":[[[9.6919,40.6355],[9.6903,40.6333],[9.695,40.6357],[9.6919,40.6355]]]}},{"type":"Feature","properties":{"landuse":"farmland"},"geometry":{"type":"Polygon","coordinates":[[[9.6947,40.6409],[9.6891,40.6382],[9.6983,40.6399],[9.6947,40.6409]]]}},{"type":"Feature","properties":{"landuse":"farmland"},"geometry":{"type":"Polygon","coordinates":[[[9.7155,40.6577],[9.7194,40.6558],[9.72,40.6578],[9.7136,40.6603],[9.7177,40.6595],[9.7155,40.6577]]]}},{"type":"Feature","properties":{"landuse":"farmland"},"geometry":{"type":"Polygon","coordinates":[[[9.6854,40.6475],[9.6828,40.649],[9.686,40.6456],[9.6854,40.6475]]]}},{"type":"Feature","properties":{"landuse":"farmland"},"geometry":{"type":"Polygon","coordinates":[[[9.7233,40.6268],[9.7239,40.6251],[9.7254,40.6245],[9.7233,40.6268]]]}},{"type":"Feature","properties":{"landuse":"farmland"},"geometry":{"type":"Polygon","coordinates":[[[9.7295,40.6322],[9.7298,40.6309],[9.7353,40.6304],[9.7295,40.6322]]]}},{"type":"Feature","properties":{"landuse":"farmland"},"geometry":{"type":"Polygon","coordinates":[[[9.7334,40.627],[9.734,40.6249],[9.7352,40.6268],[9.7334,40.627]]]}},{"type":"Feature","properties":{"landuse":"farmland"},"geometry":{"type":"Polygon","coordinates":[[[9.7318,40.6291],[9.7337,40.6278],[9.734,40.6284],[9.7318,40.6291]]]}},{"type":"Feature","properties":{"landuse":"farmland"},"geometry":{"type":"Polygon","coordinates":[[[9.7342,40.6307],[9.7346,40.6287],[9.7359,40.6288],[9.7342,40.6307]]]}},{"type":"Feature","properties":{"landuse":"orchard"},"geometry":{"type":"Polygon","coordinates":[[[9.7293,40.6266],[9.734,40.6249],[9.7329,40.6272],[9.7293,40.6266]]]}},{"type":"Feature","properties":{"landuse":"farmland"},"geometry":{"type":"Polygon","coordinates":[[[9.7363,40.6293],[9.7389,40.6269],[9.7388,40.6288],[9.7363,40.6293]]]}},{"type":"Feature","properties":{"landuse":"orchard"},"geometry":{"type":"Polygon","coordinates":[[[9.7378,40.6301],[9.739,40.6291],[9.7409,40.629],[9.7378,40.6301]]]}},{"type":"Feature","properties":{"landuse":"farmland"},"geometry":{"type":"Polygon","coordinates":[[[9.7209,40.6411],[9.7219,40.6388],[9.7215,40.6414],[9.7209,40.6411]]]}},{"type":"Feature","properties":{"landuse":"farmland"},"geometry":{"type":"Polygon","coordinates":[[[9.7259,40.6111],[9.7267,40.6141],[9.7218,40.6158],[9.7173,40.6091],[9.7275,40.6072],[9.7259,40.6111]]]}},{"type":"Feature","properties":{"landuse":"farmland"},"geometry":{"type":"Polygon","coordinates":[[[9.734,40.6223],[9.7352,40.6211],[9.7352,40.6226],[9.734,40.6223]]]}},{"type":"Feature","properties":{"landuse":"farmland"},"geometry":{"type":"Polygon","coordinates":[[[9.7365,40.6227],[9.7378,40.6188],[9.7382,40.6226],[9.7365,40.6227]]]}},{"type":"Feature","properties":{"landuse":"farmland"},"geometry":{"type":"Polygon","coordinates":[[[9.7389,40.6224],[9.7388,40.6185],[9.7402,40.6178],[9.7389,40.6224]]]}},{"type":"Feature","properties":{"landuse":"farmland"},"geometry":{"type":"Polygon","coordinates":[[[9.7385,40.6183],[9.7366,40.6155],[9.7401,40.616],[9.7385,40.6183]]]}},{"type":"Feature","properties":{"landuse":"farmland"},"geometry":{"type":"Polygon","coordinates":[[[9.7414,40.6161],[9.7408,40.6146],[9.7437,40.6141],[9.7414,40.6161]]]}},{"type":"Feature","properties":{"landuse":"farmland"},"geometry":{"type":"Polygon","coordinates":[[[9.7043,40.636],[9.7088,40.6355],[9.7116,40.6371],[9.7043,40.636]]]}},{"type":"Feature","properties":{"landuse":"farmland"},"geometry":{"type":"Polygon","coordinates":[[[9.7265,40.6425],[9.7281,40.6412],[9.7297,40.6433],[9.7265,40.6425]]]}},{"type":"Feature","properties":{"landuse":"farmland"},"geometry":{"type":"Polygon","coordinates":[[[9.7068,40.6239],[9.7075,40.621],[9.7092,40.6224],[9.7068,40.6239]]]}},{"type":"Feature","properties":{"landuse":"orchard"},"geometry":{"type":"Polygon","coordinates":[[[9.7877,40.4459],[9.7892,40.4448],[9.7901,40.4453],[9.7877,40.4459]]]}},{"type":"Feature","properties":{"landuse":"farmland"},"geometry":{"type":"Polygon","coordinates":[[[9.1361,40.114],[9.1377,40.1147],[9.1366,40.115],[9.1361,40.114]]]}},{"type":"Feature","properties":{"landuse":"farmland"},"geometry":{"type":"Polygon","coordinates":[[[9.1848,39.3032],[9.1853,39.302],[9.1863,39.3022],[9.1848,39.3032]]]}},{"type":"Feature","properties":{"landuse":"orchard"},"geometry":{"type":"Polygon","coordinates":[[[8.3453,40.5654],[8.3424,40.5669],[8.3499,40.5709],[8.3343,40.5672],[8.3315,40.565],[8.3321,40.5601],[8.3428,40.564],[8.3551,40.5631],[8.3548,40.5661],[8.3453,40.5654]]]}},{"type":"Feature","properties":{"landuse":"farmland"},"geometry":{"type":"Polygon","coordinates":[[[8.3242,40.5646],[8.3259,40.5647],[8.3245,40.5667],[8.3242,40.5646]]]}},{"type":"Feature","properties":{"landuse":"farmland"},"geometry":{"type":"Polygon","coordinates":[[[8.3223,40.5674],[8.3241,40.5668],[8.323,40.5687],[8.3223,40.5674]]]}},{"type":"Feature","properties":{"landuse":"orchard"},"geometry":{"type":"Polygon","coordinates":[[[8.329,40.5705],[8.3339,40.5708],[8.3314,40.5735],[8.3273,40.5727],[8.329,40.5705]]]}},{"type":"Feature","properties":{"landuse":"farmland"},"geometry":{"type":"Polygon","coordinates":[[[8.3238,40.5694],[8.3243,40.5683],[8.3257,40.5697],[8.3238,40.5694]]]}},{"type":"Feature","properties":{"landuse":"orchard"},"geometry":{"type":"Polygon","coordinates":[[[8.3315,40.5781],[8.3326,40.5814],[8.3299,40.5827],[8.3261,40.5774],[8.3269,40.5734],[8.333,40.5765],[8.3315,40.5781]]]}},{"type":"Feature","properties":{"landuse":"farmland"},"geometry":{"type":"Polygon","coordinates":[[[8.3459,40.5652],[8.3471,40.5661],[8.3451,40.5662],[8.3459,40.5652]]]}},{"type":"Feature","properties":{"landuse":"farmland"},"geometry":{"type":"Polygon","coordinates":[[[8.3558,40.5742],[8.3574,40.5723],[8.3593,40.5742],[8.3558,40.5742]]]}},{"type":"Feature","properties":{"landuse":"orchard"},"geometry":{"type":"Polygon","coordinates":[[[8.3328,40.5752],[8.3344,40.5745],[8.3342,40.577],[8.3328,40.5752]]]}},{"type":"Feature","properties":{"landuse":"farmland"},"geometry":{"type":"Polygon","coordinates":[[[8.355,40.5742],[8.3602,40.5753],[8.3543,40.5794],[8.355,40.5742]]]}},{"type":"Feature","properties":{"landuse":"orchard"},"geometry":{"type":"Polygon","coordinates":[[[8.3409,40.6552],[8.3448,40.6522],[8.3478,40.6539],[8.3416,40.6572],[8.3409,40.6552]]]}},{"type":"Feature","properties":{"landuse":"orchard"},"geometry":{"type":"Polygon","coordinates":[[[8.3363,40.6596],[8.338,40.6615],[8.3353,40.6634],[8.333,40.6611],[8.3363,40.6596]]]}},{"type":"Feature","properties":{"landuse":"farmland"},"geometry":{"type":"Polygon","coordinates":[[[8.3334,40.6566],[8.3344,40.6561],[8.3374,40.6607],[8.3334,40.6566]]]}},{"type":"Feature","properties":{"landuse":"farmland"},"geometry":{"type":"Polygon","coordinates":[[[8.3287,40.6674],[8.3347,40.6686],[8.3288,40.6681],[8.3287,40.6674]]]}},{"type":"Feature","properties":{"landuse":"orchard"},"geometry":{"type":"Polygon","coordinates":[[[8.3353,40.6634],[8.3384,40.6619],[8.3362,40.6644],[8.3389,40.6663],[8.3333,40.6643],[8.3353,40.6634]]]}},{"type":"Feature","properties":{"landuse":"orchard"},"geometry":{"type":"Polygon","coordinates":[[[8.3465,40.6695],[8.3401,40.6636],[8.3433,40.662],[8.3491,40.6679],[8.3465,40.6695]]]}},{"type":"Feature","properties":{"landuse":"farmland"},"geometry":{"type":"Polygon","coordinates":[[[8.3416,40.6497],[8.3422,40.6473],[8.3518,40.644],[8.3431,40.6509],[8.3416,40.6497]]]}},{"type":"Feature","properties":{"landuse":"farmland"},"geometry":{"type":"Polygon","coordinates":[[[8.3505,40.6553],[8.353,40.6595],[8.3457,40.662],[8.3505,40.6553]]]}},{"type":"Feature","properties":{"landuse":"farmland"},"geometry":{"type":"Polygon","coordinates":[[[8.3431,40.6509],[8.3535,40.6473],[8.3552,40.6505],[8.3499,40.6549],[8.3431,40.6509]]]}},{"type":"Feature","properties":{"landuse":"farmland"},"geometry":{"type":"Polygon","coordinates":[[[8.3363,40.6689],[8.3289,40.6673],[8.3333,40.6643],[8.3384,40.667],[8.3363,40.6689]]]}},{"type":"Feature","properties":{"landuse":"farmland"},"geometry":{"type":"Polygon","coordinates":[[[8.3287,40.6593],[8.3353,40.6634],[8.3313,40.6653],[8.3287,40.6593]]]}},{"type":"Feature","properties":{"landuse":"farmland"},"geometry":{"type":"Polygon","coordinates":[[[8.3357,40.658],[8.3505,40.6553],[8.3402,40.6632],[8.3357,40.658]]]}},{"type":"Feature","properties":{"landuse":"farmland"},"geometry":{"type":"Polygon","coordinates":[[[8.3428,40.6533],[8.3415,40.6499],[8.3448,40.6522],[8.3428,40.6533]]]}},{"type":"Feature","properties":{"landuse":"farmland"},"geometry":{"type":"Polygon","coordinates":[[[8.3276,40.6669],[8.3283,40.6621],[8.3313,40.6653],[8.3276,40.6669]]]}},{"type":"Feature","properties":{"landuse":"farmland"},"geometry":{"type":"Polygon","coordinates":[[[8.3506,40.6225],[8.3532,40.6219],[8.3536,40.6235],[8.3506,40.6225]]]}},{"type":"Feature","properties":{"landuse":"farmland"},"geometry":{"type":"Polygon","coordinates":[[[8.3599,40.6271],[8.3602,40.6206],[8.3645,40.627],[8.3599,40.6271]]]}},{"type":"Feature","properties":{"landuse":"orchard"},"geometry":{"type":"Polygon","coordinates":[[[8.3425,40.6236],[8.345,40.6235],[8.3446,40.6243],[8.3425,40.6236]]]}},{"type":"Feature","properties":{"landuse":"vineyard"},"geometry":{"type":"Polygon","coordinates":[[[8.3312,40.6208],[8.3307,40.6191],[8.334,40.62],[8.3312,40.6208]]]}},{"type":"Feature","properties":{"landuse":"farmland"},"geometry":{"type":"Polygon","coordinates":[[[8.3506,40.6293],[8.3533,40.6268],[8.3558,40.6284],[8.3506,40.6293]]]}},{"type":"Feature","properties":{"landuse":"vineyard"},"geometry":{"type":"Polygon","coordinates":[[[8.3321,40.6244],[8.3335,40.6232],[8.3357,40.6247],[8.3321,40.6244]]]}},{"type":"Feature","properties":{"landuse":"orchard"},"geometry":{"type":"Polygon","coordinates":[[[8.3505,40.627],[8.3533,40.6268],[8.3528,40.6278],[8.3505,40.627]]]}},{"type":"Feature","properties":{"landuse":"farmland"},"geometry":{"type":"Polygon","coordinates":[[[8.3341,40.6235],[8.3354,40.6223],[8.3381,40.6241],[8.3341,40.6235]]]}},{"type":"Feature","properties":{"landuse":"orchard"},"geometry":{"type":"Polygon","coordinates":[[[8.357,40.6335],[8.3594,40.6314],[8.3587,40.6343],[8.357,40.6335]]]}},{"type":"Feature","properties":{"landuse":"farmland"},"geometry":{"type":"Polygon","coordinates":[[[8.3425,40.6236],[8.3446,40.6243],[8.3431,40.6269],[8.3425,40.6236]]]}},{"type":"Feature","properties":{"landuse":"farmland"},"geometry":{"type":"Polygon","coordinates":[[[8.3353,40.6222],[8.3352,40.6199],[8.3396,40.6229],[8.3353,40.6222]]]}},{"type":"Feature","properties":{"landuse":"orchard"},"geometry":{"type":"Polygon","coordinates":[[[8.3318,40.6232],[8.3336,40.622],[8.3349,40.6228],[8.3318,40.6232]]]}},{"type":"Feature","properties":{"landuse":"orchard"},"geometry":{"type":"Polygon","coordinates":[[[8.3511,40.6301],[8.3528,40.6292],[8.3579,40.6325],[8.3511,40.6301]]]}},{"type":"Feature","properties":{"landuse":"farmland"},"geometry":{"type":"Polygon","coordinates":[[[8.3445,40.6244],[8.347,40.6252],[8.3456,40.6277],[8.3431,40.6269],[8.3445,40.6244]]]}},{"type":"Feature","properties":{"landuse":"farmland"},"geometry":{"type":"Polygon","coordinates":[[[8.3468,40.6255],[8.3496,40.6258],[8.3481,40.6285],[8.3468,40.6255]]]}},{"type":"Feature","properties":{"landuse":"farmland"},"geometry":{"type":"Polygon","coordinates":[[[8.3336,40.622],[8.3336,40.6213],[8.3352,40.6221],[8.3336,40.622]]]}},{"type":"Feature","properties":{"landuse":"farmland"},"geometry":{"type":"Polygon","coordinates":[[[8.3481,40.6285],[8.3499,40.6252],[8.3506,40.6293],[8.3481,40.6285]]]}},{"type":"Feature","properties":{"landuse":"green_public_spaces"},"geometry":{"type":"Polygon","coordinates":[[[8.7646,40.2675],[8.767,40.2691],[8.7637,40.2696],[8.7646,40.2675]]]}},{"type":"Feature","properties":{"landuse":"green_public_spaces"},"geometry":{"type":"Polygon","coordinates":[[[8.7758,40.2585],[8.7782,40.2609],[8.7775,40.2618],[8.7758,40.2585]]]}},{"type":"Feature","properties":{"landuse":"green_public_spaces"},"geometry":{"type":"Polygon","coordinates":[[[9.5053,41.1384],[9.5098,41.139],[9.5089,41.1394],[9.5053,41.1384]]]}},{"type":"Feature","properties":{"landuse":"orchard"},"geometry":{"type":"Polygon","coordinates":[[[9.2765,39.2267],[9.2768,39.226],[9.2782,39.2266],[9.2765,39.2267]]]}},{"type":"Feature","properties":{"landuse":"farmland"},"geometry":{"type":"Polygon","coordinates":[[[8.6464,39.7183],[8.6456,39.7172],[8.6474,39.7178],[8.6464,39.7183]]]}},{"type":"Feature","properties":{"landuse":"farmland"},"geometry":{"type":"Polygon","coordinates":[[[9.0494,39.2755],[9.0489,39.275],[9.0515,39.2741],[9.0494,39.2755]]]}},{"type":"Feature","properties":{"landuse":"farmland"},"geometry":{"type":"Polygon","coordinates":[[[8.8983,40.1763],[8.899,40.1738],[8.9025,40.1759],[8.8983,40.1763]]]}},{"type":"Feature","properties":{"landuse":"farmland"},"geometry":{"type":"Polygon","coordinates":[[[8.903,40.1692],[8.9043,40.1692],[8.9043,40.1715],[8.903,40.1692]]]}},{"type":"Feature","properties":{"landuse":"farmland"},"geometry":{"type":"Polygon","coordinates":[[[8.9067,40.1722],[8.9056,40.1702],[8.9107,40.1717],[8.9085,40.1687],[8.9139,40.1669],[8.9125,40.1717],[8.9067,40.1722]]]}},{"type":"Feature","properties":{"landuse":"farmland"},"geometry":{"type":"Polygon","coordinates":[[[8.9051,40.1801],[8.9045,40.1793],[8.91,40.1767],[8.9051,40.1801]]]}},{"type":"Feature","properties":{"landuse":"farmland"},"geometry":{"type":"Polygon","coordinates":[[[8.9025,40.176],[8.8944,40.1817],[8.8955,40.1783],[8.9025,40.176]]]}},{"type":"Feature","properties":{"landuse":"farmland"},"geometry":{"type":"Polygon","coordinates":[[[8.9187,40.17],[8.9187,40.1678],[8.9214,40.1694],[8.9187,40.17]]]}},{"type":"Feature","properties":{"landuse":"farmland"},"geometry":{"type":"Polygon","coordinates":[[[8.916,40.1697],[8.9175,40.1691],[8.9182,40.1701],[8.916,40.1697]]]}},{"type":"Feature","properties":{"landuse":"farmland"},"geometry":{"type":"Polygon","coordinates":[[[8.926,40.1738],[8.9275,40.1731],[8.9274,40.1738],[8.926,40.1738]]]}},{"type":"Feature","properties":{"landuse":"farmland"},"geometry":{"type":"Polygon","coordinates":[[[8.9269,40.1757],[8.9332,40.1736],[8.9369,40.1757],[8.9269,40.1757]]]}},{"type":"Feature","properties":{"landuse":"farmland"},"geometry":{"type":"Polygon","coordinates":[[[8.9314,40.1765],[8.9324,40.1758],[8.933,40.1783],[8.9314,40.1765]]]}},{"type":"Feature","properties":{"landuse":"orchard"},"geometry":{"type":"Polygon","coordinates":[[[8.9265,40.1781],[8.9273,40.1774],[8.9293,40.1778],[8.9265,40.1781]]]}},{"type":"Feature","properties":{"landuse":"farmland"},"geometry":{"type":"Polygon","coordinates":[[[8.9253,40.1732],[8.9228,40.177],[8.9224,40.1745],[8.9253,40.1732]]]}},{"type":"Feature","properties":{"landuse":"vineyard"},"geometry":{"type":"Polygon","coordinates":[[[9.1663,40.7783],[9.166,40.7773],[9.1682,40.7772],[9.1663,40.7783]]]}},{"type":"Feature","properties":{"landuse":"farmland"},"geometry":{"type":"Polygon","coordinates":[[[9.1727,40.7793],[9.1721,40.7772],[9.174,40.7777],[9.1727,40.7793]]]}},{"type":"Feature","properties":{"landuse":"farmland"},"geometry":{"type":"Polygon","coordinates":[[[9.174,40.7791],[9.1757,40.7771],[9.1755,40.7786],[9.174,40.7791]]]}},{"type":"Feature","properties":{"landuse":"farmland"},"geometry":{"type":"Polygon","coordinates":[[[9.1734,40.7775],[9.1721,40.7763],[9.174,40.7769],[9.1734,40.7775]]]}},{"type":"Feature","properties":{"landuse":"vineyard"},"geometry":{"type":"Polygon","coordinates":[[[9.1734,40.7766],[9.1757,40.7771],[9.1734,40.7775],[9.1734,40.7766]]]}},{"type":"Feature","properties":{"landuse":"farmland"},"geometry":{"type":"Polygon","coordinates":[[[9.1727,40.7763],[9.1737,40.7748],[9.1756,40.7762],[9.1727,40.7763]]]}},{"type":"Feature","properties":{"landuse":"farmland"},"geometry":{"type":"Polygon","coordinates":[[[9.1721,40.7763],[9.1723,40.774],[9.1737,40.7748],[9.1721,40.7763]]]}},{"type":"Feature","properties":{"landuse":"vineyard"},"geometry":{"type":"Polygon","coordinates":[[[9.1656,40.7747],[9.1676,40.7744],[9.1672,40.7752],[9.1656,40.7747]]]}},{"type":"Feature","properties":{"landuse":"vineyard"},"geometry":{"type":"Polygon","coordinates":[[[9.0944,39.9305],[9.0944,39.9295],[9.0965,39.9289],[9.0944,39.9305]]]}},{"type":"Feature","properties":{"landuse":"farmland"},"geometry":{"type":"Polygon","coordinates":[[[8.8922,38.9123],[8.8916,38.91],[8.8935,38.9124],[8.8922,38.9123]]]}},{"type":"Feature","properties":{"landuse":"farmland"},"geometry":{"type":"Polygon","coordinates":[[[8.893,38.9157],[8.8941,38.9172],[8.8935,38.9182],[8.893,38.9157]]]}},{"type":"Feature","properties":{"landuse":"orchard"},"geometry":{"type":"Polygon","coordinates":[[[9.0694,39.9628],[9.0718,39.9615],[9.0718,39.9629],[9.0694,39.9628]]]}},{"type":"Feature","properties":{"landuse":"greenhouse_horticulture"},"geometry":{"type":"Polygon","coordinates":[[[8.9405,40.1847],[8.9414,40.1864],[8.9395,40.1858],[8.9405,40.1847]]]}},{"type":"Feature","properties":{"landuse":"farmland"},"geometry":{"type":"Polygon","coordinates":[[[8.9331,39.3811],[8.9338,39.3796],[8.9347,39.3815],[8.9331,39.3811]]]}},{"type":"Feature","properties":{"landuse":"green_public_spaces"},"geometry":{"type":"Polygon","coordinates":[[[8.8958,39.3933],[8.9008,39.3919],[8.9016,39.3942],[8.8958,39.3933]]]}},{"type":"Feature","properties":{"landuse":"farmland"},"geometry":{"type":"Polygon","coordinates":[[[9.3699,41.0716],[9.3676,41.0724],[9.3689,41.0709],[9.3699,41.0716]]]}},{"type":"Feature","properties":{"landuse":"farmland"},"geometry":{"type":"Polygon","coordinates":[[[8.4972,40.6295],[8.4979,40.6302],[8.495,40.6295],[8.4972,40.6295]]]}},{"type":"Feature","properties":{"landuse":"farmland"},"geometry":{"type":"Polygon","coordinates":[[[8.4957,40.6286],[8.498,40.6297],[8.495,40.6293],[8.4957,40.6286]]]}},{"type":"Feature","properties":{"landuse":"farmland"},"geometry":{"type":"Polygon","coordinates":[[[8.4905,40.6218],[8.4893,40.623],[8.4897,40.6216],[8.4905,40.6218]]]}},{"type":"Feature","properties":{"landuse":"farmland"},"geometry":{"type":"Polygon","coordinates":[[[8.4791,40.6174],[8.4845,40.6164],[8.4827,40.6184],[8.4791,40.6174]]]}},{"type":"Feature","properties":{"landuse":"farmland"},"geometry":{"type":"Polygon","coordinates":[[[8.4846,40.6199],[8.4844,40.6227],[8.4807,40.6224],[8.4791,40.6175],[8.4846,40.6199]]]}},{"type":"Feature","properties":{"landuse":"farmland"},"geometry":{"type":"Polygon","coordinates":[[[8.4844,40.6219],[8.486,40.6197],[8.4879,40.621],[8.4844,40.6219]]]}},{"type":"Feature","properties":{"landuse":"farmland"},"geometry":{"type":"Polygon","coordinates":[[[8.4813,40.6106],[8.4792,40.6113],[8.4802,40.6095],[8.4813,40.6106]]]}},{"type":"Feature","properties":{"landuse":"farmland"},"geometry":{"type":"Polygon","coordinates":[[[8.4573,40.619],[8.4569,40.6164],[8.4601,40.618],[8.4573,40.619]]]}},{"type":"Feature","properties":{"landuse":"farmland"},"geometry":{"type":"Polygon","coordinates":[[[8.4561,40.6184],[8.4549,40.6183],[8.4553,40.6175],[8.4561,40.6184]]]}},{"type":"Feature","properties":{"landuse":"farmland"},"geometry":{"type":"Polygon","coordinates":[[[8.458,40.6195],[8.4561,40.619],[8.4582,40.6189],[8.458,40.6195]]]}},{"type":"Feature","properties":{"landuse":"farmland"},"geometry":{"type":"Polygon","coordinates":[[[8.4611,40.6192],[8.4597,40.6172],[8.4624,40.6171],[8.4611,40.6192]]]}},{"type":"Feature","properties":{"landuse":"farmland"},"geometry":{"type":"Polygon","coordinates":[[[8.4629,40.6212],[8.4649,40.6224],[8.4609,40.6241],[8.4629,40.6212]]]}},{"type":"Feature","properties":{"landuse":"farmland"},"geometry":{"type":"Polygon","coordinates":[[[8.4643,40.6205],[8.4655,40.6223],[8.4649,40.6224],[8.4643,40.6205]]]}},{"type":"Feature","properties":{"landuse":"farmland"},"geometry":{"type":"Polygon","coordinates":[[[8.4659,40.6223],[8.465,40.6204],[8.4663,40.6206],[8.4659,40.6223]]]}},{"type":"Feature","properties":{"landuse":"farmland"},"geometry":{"type":"Polygon","coordinates":[[[8.4672,40.6206],[8.4687,40.6205],[8.4659,40.6223],[8.4672,40.6206]]]}},{"type":"Feature","properties":{"landuse":"farmland"},"geometry":{"type":"Polygon","coordinates":[[[8.4677,40.6213],[8.4701,40.6214],[8.4672,40.6229],[8.4677,40.6213]]]}},{"type":"Feature","properties":{"landuse":"farmland"},"geometry":{"type":"Polygon","coordinates":[[[8.4705,40.62],[8.4719,40.6214],[8.4687,40.6213],[8.4705,40.62]]]}},{"type":"Feature","properties":{"landuse":"farmland"},"geometry":{"type":"Polygon","coordinates":[[[8.4836,40.624],[8.4828,40.6232],[8.4857,40.6232],[8.4836,40.624]]]}},{"type":"Feature","properties":{"landuse":"farmland"},"geometry":{"type":"Polygon","coordinates":[[[8.486,40.6236],[8.489,40.6276],[8.4849,40.6258],[8.486,40.6236]]]}},{"type":"Feature","properties":{"landuse":"farmland"},"geometry":{"type":"Polygon","coordinates":[[[8.4928,40.6214],[8.493,40.6203],[8.4939,40.6212],[8.4928,40.6214]]]}},{"type":"Feature","properties":{"landuse":"farmland"},"geometry":{"type":"Polygon","coordinates":[[[8.4945,40.6186],[8.4946,40.6172],[8.4951,40.6206],[8.4945,40.6186]]]}},{"type":"Feature","properties":{"landuse":"farmland"},"geometry":{"type":"Polygon","coordinates":[[[8.4967,40.6136],[8.498,40.6172],[8.4956,40.617],[8.4967,40.6136]]]}},{"type":"Feature","properties":{"landuse":"farmland"},"geometry":{"type":"Polygon","coordinates":[[[8.4954,40.6138],[8.4945,40.6158],[8.4935,40.6148],[8.4954,40.6138]]]}},{"type":"Feature","properties":{"landuse":"farmland"},"geometry":{"type":"Polygon","coordinates":[[[8.4922,40.6155],[8.4909,40.6144],[8.4918,40.6141],[8.4922,40.6155]]]}},{"type":"Feature","properties":{"landuse":"farmland"},"geometry":{"type":"Polygon","coordinates":[[[8.5011,40.621],[8.4995,40.6184],[8.502,40.618],[8.5011,40.621]]]}},{"type":"Feature","properties":{"landuse":"farmland"},"geometry":{"type":"Polygon","coordinates":[[[9.0774,40.7326],[9.0746,40.7327],[9.0763,40.7312],[9.0774,40.7326]]]}},{"type":"Feature","properties":{"landuse":"farmland"},"geometry":{"type":"Polygon","coordinates":[[[9.0759,40.7396],[9.0786,40.7399],[9.0788,40.7415],[9.0759,40.7396]]]}},{"type":"Feature","properties":{"landuse":"farmland"},"geometry":{"type":"Polygon","coordinates":[[[9.0724,40.739],[9.0737,40.7397],[9.0726,40.741],[9.0724,40.739]]]}},{"type":"Feature","properties":{"landuse":"farmland"},"geometry":{"type":"Polygon","coordinates":[[[9.0724,40.739],[9.0751,40.7389],[9.0742,40.7398],[9.0724,40.739]]]}},{"type":"Feature","properties":{"landuse":"farmland"},"geometry":{"type":"Polygon","coordinates":[[[9.0712,40.7394],[9.0723,40.7387],[9.0714,40.7403],[9.0712,40.7394]]]}},{"type":"Feature","properties":{"landuse":"orchard"},"geometry":{"type":"Polygon","coordinates":[[[8.2986,40.6325],[8.2998,40.6318],[8.3031,40.632],[8.2986,40.6325]]]}},{"type":"Feature","properties":{"landuse":"orchard"},"geometry":{"type":"Polygon","coordinates":[[[8.3,40.6299],[8.2971,40.6299],[8.2971,40.6288],[8.3,40.6288],[8.3,40.6299]]]}},{"type":"Feature","properties":{"landuse":"orchard"},"geometry":{"type":"Polygon","coordinates":[[[8.2967,40.6255],[8.2933,40.6255],[8.2967,40.6248],[8.2967,40.6255]]]}},{"type":"Feature","properties":{"landuse":"green_public_spaces"},"geometry":{"type":"Polygon","coordinates":[[[9.0542,39.8565],[9.0644,39.8491],[9.0655,39.8517],[9.0542,39.8565]]]}},{"type":"Feature","properties":{"landuse":"green_public_spaces"},"geometry":{"type":"Polygon","coordinates":[[[9.1047,40.5785],[9.1067,40.5805],[9.0934,40.5783],[9.1047,40.5785]]]}},{"type":"Feature","properties":{"landuse":"green_public_spaces"},"geometry":{"type":"Polygon","coordinates":[[[9.719,40.3729],[9.7201,40.3725],[9.7206,40.3737],[9.719,40.3729]]]}},{"type":"Feature","properties":{"landuse":"green_public_spaces"},"geometry":{"type":"Polygon","coordinates":[[[9.7227,40.3734],[9.7222,40.3715],[9.7247,40.3729],[9.7227,40.3734]]]}},{"type":"Feature","properties":{"landuse":"farmland"},"geometry":{"type":"Polygon","coordinates":[[[9.1565,40.9057],[9.1576,40.8983],[9.1607,40.9067],[9.1565,40.9057]]]}},{"type":"Feature","properties":{"landuse":"farmland"},"geometry":{"type":"Polygon","coordinates":[[[9.3476,40.3976],[9.3488,40.3978],[9.3478,40.3987],[9.3476,40.3976]]]}},{"type":"Feature","properties":{"landuse":"farmland"},"geometry":{"type":"Polygon","coordinates":[[[9.4987,39.9084],[9.4995,39.9075],[9.5009,39.9082],[9.4987,39.9084]]]}},{"type":"Feature","properties":{"landuse":"orchard"},"geometry":{"type":"Polygon","coordinates":[[[8.4563,40.0194],[8.4578,40.0215],[8.4553,40.02],[8.4563,40.0194]]]}},{"type":"Feature","properties":{"landuse":"vineyard"},"geometry":{"type":"Polygon","coordinates":[[[9.5173,40.8815],[9.5191,40.8816],[9.5187,40.8822],[9.5173,40.8815]]]}},{"type":"Feature","properties":{"landuse":"green_public_spaces"},"geometry":{"type":"Polygon","coordinates":[[[9.6195,40.0111],[9.62,40.0122],[9.6188,40.0121],[9.6195,40.0111]]]}},{"type":"Feature","properties":{"landuse":"vineyard"},"geometry":{"type":"Polygon","coordinates":[[[9.6309,39.6655],[9.6329,39.6653],[9.6317,39.6663],[9.6309,39.6655]]]}},{"type":"Feature","properties":{"landuse":"orchard"},"geometry":{"type":"Polygon","coordinates":[[[9.1919,39.3745],[9.1923,39.3724],[9.1936,39.3735],[9.1919,39.3745]]]}},{"type":"Feature","properties":{"landuse":"orchard"},"geometry":{"type":"Polygon","coordinates":[[[9.1919,39.372],[9.1939,39.3698],[9.1962,39.3721],[9.1919,39.372]]]}},{"type":"Feature","properties":{"landuse":"farmland"},"geometry":{"type":"Polygon","coordinates":[[[9.1328,39.4976],[9.1363,39.4958],[9.1342,39.4978],[9.1328,39.4976]]]}},{"type":"Feature","properties":{"landuse":"farmland"},"geometry":{"type":"Polygon","coordinates":[[[9.1308,39.4937],[9.1323,39.4926],[9.1325,39.4946],[9.1308,39.4937]]]}},{"type":"Feature","properties":{"landuse":"vineyard"},"geometry":{"type":"Polygon","coordinates":[[[9.1347,39.4464],[9.1388,39.451],[9.1347,39.4535],[9.1317,39.4506],[9.1351,39.4499],[9.1328,39.4477],[9.1347,39.4464]]]}},{"type":"Feature","properties":{"landuse":"vineyard"},"geometry":{"type":"Polygon","coordinates":[[[9.1235,39.4451],[9.1321,39.4473],[9.1259,39.4499],[9.1235,39.4451]]]}},{"type":"Feature","properties":{"landuse":"green_public_spaces"},"geometry":{"type":"Polygon","coordinates":[[[8.7612,39.4922],[8.7602,39.4931],[8.7595,39.4906],[8.7612,39.4922]]]}},{"type":"Feature","properties":{"landuse":"greenhouse_horticulture"},"geometry":{"type":"Polygon","coordinates":[[[9.1843,39.2671],[9.1859,39.2661],[9.1862,39.2679],[9.1843,39.2671]]]}},{"type":"Feature","properties":{"landuse":"farmland"},"geometry":{"type":"Polygon","coordinates":[[[8.5928,39.4859],[8.5915,39.4859],[8.5936,39.485],[8.5928,39.4859]]]}},{"type":"Feature","properties":{"landuse":"farmland"},"geometry":{"type":"Polygon","coordinates":[[[9.052,39.3777],[9.05,39.3797],[9.0481,39.3773],[9.0501,39.3741],[9.0542,39.3753],[9.052,39.3777]]]}},{"type":"Feature","properties":{"landuse":"orchard"},"geometry":{"type":"Polygon","coordinates":[[[9.1535,39.344],[9.1521,39.3432],[9.154,39.3436],[9.1535,39.344]]]}},{"type":"Feature","properties":{"landuse":"farmland"},"geometry":{"type":"Polygon","coordinates":[[[9.1565,39.3401],[9.1549,39.3369],[9.157,39.337],[9.1565,39.3401]]]}},{"type":"Feature","properties":{"landuse":"farmland"},"geometry":{"type":"Polygon","coordinates":[[[9.1571,39.3401],[9.1571,39.3376],[9.1586,39.3379],[9.1571,39.3401]]]}},{"type":"Feature","properties":{"landuse":"farmland"},"geometry":{"type":"Polygon","coordinates":[[[9.1519,39.3391],[9.151,39.3359],[9.1542,39.3358],[9.1556,39.339],[9.1519,39.3391]]]}},{"type":"Feature","properties":{"landuse":"farmland"},"geometry":{"type":"Polygon","coordinates":[[[9.1597,39.3401],[9.1623,39.3399],[9.1623,39.3407],[9.1597,39.3409],[9.1597,39.3401]]]}},{"type":"Feature","properties":{"landuse":"farmland"},"geometry":{"type":"Polygon","coordinates":[[[9.1611,39.3424],[9.1634,39.3402],[9.164,39.3414],[9.1611,39.3424]]]}},{"type":"Feature","properties":{"landuse":"vineyard"},"geometry":{"type":"Polygon","coordinates":[[[9.1838,39.3078],[9.183,39.3058],[9.1875,39.3056],[9.1838,39.3078]]]}},{"type":"Feature","properties":{"landuse":"orchard"},"geometry":{"type":"Polygon","coordinates":[[[9.1828,39.3041],[9.1854,39.3034],[9.1848,39.3047],[9.1828,39.3041]]]}},{"type":"Feature","properties":{"landuse":"orchard"},"geometry":{"type":"Polygon","coordinates":[[[8.9729,39.3694],[8.9764,39.3698],[8.9751,39.3718],[8.9729,39.3694]]]}},{"type":"Feature","properties":{"landuse":"orchard"},"geometry":{"type":"Polygon","coordinates":[[[8.8963,39.4034],[8.892,39.4061],[8.8887,39.4025],[8.8963,39.4034]]]}},{"type":"Feature","properties":{"landuse":"orchard"},"geometry":{"type":"Polygon","coordinates":[[[8.8924,39.4007],[8.8987,39.3981],[8.8987,39.4007],[8.8924,39.4007]]]}},{"type":"Feature","properties":{"landuse":"greenhouse_horticulture"},"geometry":{"type":"Polygon","coordinates":[[[8.3462,40.6636],[8.3488,40.6612],[8.3502,40.6621],[8.3476,40.6645],[8.3462,40.6636]]]}},{"type":"Feature","properties":{"landuse":"orchard"},"geometry":{"type":"Polygon","coordinates":[[[9.2155,39.3166],[9.2143,39.3151],[9.216,39.3145],[9.2155,39.3166]]]}},{"type":"Feature","properties":{"landuse":"green_public_spaces"},"geometry":{"type":"Polygon","coordinates":[[[9.0044,39.0067],[9.0044,39.005],[9.0051,39.0061],[9.0044,39.0067]]]}},{"type":"Feature","properties":{"landuse":"green_public_spaces"},"geometry":{"type":"Polygon","coordinates":[[[8.9965,39.013],[8.9973,39.0129],[8.9977,39.0144],[8.9965,39.013]]]}},{"type":"Feature","properties":{"landuse":"orchard"},"geometry":{"type":"Polygon","coordinates":[[[9.1468,39.3575],[9.145,39.3606],[9.1443,39.3577],[9.1468,39.3575]]]}},{"type":"Feature","properties":{"landuse":"farmland"},"geometry":{"type":"Polygon","coordinates":[[[9.0651,39.264],[9.0675,39.2632],[9.0657,39.2645],[9.0651,39.264]]]}},{"type":"Feature","properties":{"landuse":"farmland"},"geometry":{"type":"Polygon","coordinates":[[[9.0651,39.264],[9.0636,39.2623],[9.0669,39.2629],[9.0651,39.264]]]}},{"type":"Feature","properties":{"landuse":"farmland"},"geometry":{"type":"Polygon","coordinates":[[[9.0622,39.2638],[9.0633,39.266],[9.0617,39.2649],[9.0622,39.2638]]]}},{"type":"Feature","properties":{"landuse":"farmland"},"geometry":{"type":"Polygon","coordinates":[[[9.0298,39.2717],[9.0296,39.2693],[9.0314,39.2691],[9.0298,39.2717]]]}},{"type":"Feature","properties":{"landuse":"farmland"},"geometry":{"type":"Polygon","coordinates":[[[9.0257,39.2694],[9.0224,39.267],[9.0324,39.2678],[9.0257,39.2694]]]}},{"type":"Feature","properties":{"landuse":"orchard"},"geometry":{"type":"Polygon","coordinates":[[[8.9773,39.33],[8.9845,39.3286],[8.9838,39.3326],[8.9878,39.337],[8.9855,39.339],[8.9903,39.3364],[8.9878,39.3357],[8.9899,39.3336],[8.994,39.3427],[8.9968,39.3402],[9.0003,39.3426],[8.9906,39.344],[8.9773,39.33]]]}},{"type":"Feature","properties":{"landuse":"greenhouse_horticulture"},"geometry":{"type":"Polygon","coordinates":[[[8.9914,39.3345],[8.9953,39.3348],[8.9944,39.3387],[8.9914,39.3345]]]}},{"type":"Feature","properties":{"landuse":"vineyard"},"geometry":{"type":"Polygon","coordinates":[[[8.9685,39.3392],[8.9657,39.3435],[8.9532,39.3363],[8.9542,39.3343],[8.9665,39.3366],[8.9705,39.3332],[8.9764,39.3391],[8.9685,39.3392]]]}},{"type":"Feature","properties":{"landuse":"greenhouse_horticulture"},"geometry":{"type":"Polygon","coordinates":[[[8.9865,39.3308],[8.9898,39.3329],[8.9876,39.3344],[8.9865,39.3308]]]}},{"type":"Feature","properties":{"landuse":"greenhouse_horticulture"},"geometry":{"type":"Polygon","coordinates":[[[8.9875,39.3297],[8.9944,39.3304],[8.9907,39.3338],[8.9875,39.3297]]]}},{"type":"Feature","properties":{"landuse":"greenhouse_horticulture"},"geometry":{"type":"Polygon","coordinates":[[[8.9954,39.3344],[8.9968,39.332],[8.9972,39.3335],[8.9954,39.3344]]]}},{"type":"Feature","properties":{"landuse":"greenhouse_horticulture"},"geometry":{"type":"Polygon","coordinates":[[[8.9985,39.3319],[9.0014,39.3301],[9.0013,39.3327],[8.9985,39.3319]]]}},{"type":"Feature","properties":{"landuse":"greenhouse_horticulture"},"geometry":{"type":"Polygon","coordinates":[[[8.9974,39.329],[8.9987,39.3276],[9.0002,39.3284],[8.9974,39.329]]]}},{"type":"Feature","properties":{"landuse":"greenhouse_horticulture"},"geometry":{"type":"Polygon","coordinates":[[[8.9994,39.3241],[9.0013,39.3225],[8.9996,39.3266],[8.9972,39.3252],[8.9994,39.3241]]]}},{"type":"Feature","properties":{"landuse":"orchard"},"geometry":{"type":"Polygon","coordinates":[[[9.0515,39.2779],[9.0527,39.2793],[9.0509,39.2809],[9.0515,39.2779]]]}},{"type":"Feature","properties":{"landuse":"farmland"},"geometry":{"type":"Polygon","coordinates":[[[9.0501,39.2796],[9.0491,39.2774],[9.0511,39.2776],[9.0501,39.2796]]]}},{"type":"Feature","properties":{"landuse":"farmland"},"geometry":{"type":"Polygon","coordinates":[[[9.0808,39.2563],[9.083,39.2544],[9.0834,39.2553],[9.0808,39.2563]]]}},{"type":"Feature","properties":{"landuse":"farmland"},"geometry":{"type":"Polygon","coordinates":[[[9.0547,39.2639],[9.0562,39.2619],[9.0579,39.2639],[9.0547,39.2639]]]}},{"type":"Feature","properties":{"landuse":"green_public_spaces"},"geometry":{"type":"Polygon","coordinates":[[[8.653,39.3216],[8.6535,39.3194],[8.6551,39.322],[8.653,39.3216]]]}},{"type":"Feature","properties":{"landuse":"farmland"},"geometry":{"type":"Polygon","coordinates":[[[8.273,40.6597],[8.2719,40.6595],[8.2733,40.6589],[8.273,40.6597]]]}},{"type":"Feature","properties":{"landuse":"farmland"},"geometry":{"type":"Polygon","coordinates":[[[9.0404,39.2726],[9.0421,39.2722],[9.0405,39.2736],[9.0404,39.2726]]]}},{"type":"Feature","properties":{"landuse":"orchard"},"geometry":{"type":"Polygon","coordinates":[[[9.0513,39.2778],[9.0504,39.2767],[9.0518,39.2772],[9.0513,39.2778]]]}},{"type":"Feature","properties":{"landuse":"green_public_spaces"},"geometry":{"type":"Polygon","coordinates":[[[9.0659,39.2729],[9.0751,39.2711],[9.0718,39.2764],[9.0659,39.2729]]]}},{"type":"Feature","properties":{"landuse":"farmland"},"geometry":{"type":"Polygon","coordinates":[[[8.5111,40.6986],[8.5132,40.6995],[8.5125,40.7009],[8.5111,40.6986]]]}},{"type":"Feature","properties":{"landuse":"greenhouse_horticulture"},"geometry":{"type":"Polygon","coordinates":[[[8.3176,40.6225],[8.3175,40.6214],[8.3193,40.6214],[8.3193,40.6225],[8.3176,40.6225]]]}},{"type":"Feature","properties":{"landuse":"orchard"},"geometry":{"type":"Polygon","coordinates":[[[8.297,40.6255],[8.2999,40.6244],[8.3,40.6255],[8.297,40.6255]]]}},{"type":"Feature","properties":{"landuse":"farmland"},"geometry":{"type":"Polygon","coordinates":[[[9.5514,40.9519],[9.5524,40.9515],[9.5512,40.953],[9.5514,40.9519]]]}},{"type":"Feature","properties":{"landuse":"green_public_spaces"},"geometry":{"type":"Polygon","coordinates":[[[8.4655,39.211],[8.4666,39.2113],[8.4656,39.2123],[8.4655,39.211]]]}},{"type":"Feature","properties":{"landuse":"orchard"},"geometry":{"type":"Polygon","coordinates":[[[9.0211,40.4031],[9.0212,40.4044],[9.0201,40.4033],[9.0211,40.4031]]]}},{"type":"Feature","properties":{"landuse":"orchard"},"geometry":{"type":"Polygon","coordinates":[[[9.0221,40.4034],[9.021,40.4028],[9.0222,40.4019],[9.0221,40.4034]]]}},{"type":"Feature","properties":{"landuse":"orchard"},"geometry":{"type":"Polygon","coordinates":[[[9.2547,39.2255],[9.2554,39.2242],[9.2561,39.2244],[9.2547,39.2255]]]}},{"type":"Feature","properties":{"landuse":"green_public_spaces"},"geometry":{"type":"Polygon","coordinates":[[[9.0537,39.2642],[9.0538,39.2626],[9.0549,39.2633],[9.0537,39.2642]]]}},{"type":"Feature","properties":{"landuse":"farmland"},"geometry":{"type":"Polygon","coordinates":[[[9.1646,40.7697],[9.1656,40.7706],[9.1638,40.7713],[9.1646,40.7697]]]}},{"type":"Feature","properties":{"landuse":"farmland"},"geometry":{"type":"Polygon","coordinates":[[[9.1873,40.7824],[9.1905,40.7821],[9.1883,40.7832],[9.1873,40.7824]]]}},{"type":"Feature","properties":{"landuse":"farmland"},"geometry":{"type":"Polygon","coordinates":[[[9.189,40.7833],[9.1943,40.7826],[9.1933,40.7841],[9.189,40.7833]]]}},{"type":"Feature","properties":{"landuse":"farmland"},"geometry":{"type":"Polygon","coordinates":[[[9.1897,40.7846],[9.1909,40.7856],[9.1888,40.7857],[9.1897,40.7846]]]}},{"type":"Feature","properties":{"landuse":"farmland"},"geometry":{"type":"Polygon","coordinates":[[[9.192,40.7848],[9.1932,40.7854],[9.1913,40.7855],[9.192,40.7848]]]}},{"type":"Feature","properties":{"landuse":"farmland"},"geometry":{"type":"Polygon","coordinates":[[[9.194,40.788],[9.1946,40.7873],[9.1965,40.7886],[9.194,40.788]]]}},{"type":"Feature","properties":{"landuse":"farmland"},"geometry":{"type":"Polygon","coordinates":[[[9.1968,40.7858],[9.1981,40.7861],[9.1977,40.7873],[9.1968,40.7858]]]}},{"type":"Feature","properties":{"landuse":"farmland"},"geometry":{"type":"Polygon","coordinates":[[[9.1951,40.7861],[9.1963,40.7852],[9.1959,40.7864],[9.1951,40.7861]]]}},{"type":"Feature","properties":{"landuse":"farmland"},"geometry":{"type":"Polygon","coordinates":[[[9.0519,39.2773],[9.0511,39.2763],[9.0524,39.2762],[9.0519,39.2773]]]}},{"type":"Feature","properties":{"landuse":"greenhouse_horticulture"},"geometry":{"type":"Polygon","coordinates":[[[8.8471,40.7448],[8.849,40.7435],[8.8485,40.7449],[8.8471,40.7448]]]}},{"type":"Feature","properties":{"landuse":"greenhouse_horticulture"},"geometry":{"type":"Polygon","coordinates":[[[8.8407,40.7532],[8.8391,40.7521],[8.8398,40.7516],[8.8407,40.7532]]]}},{"type":"Feature","properties":{"landuse":"orchard"},"geometry":{"type":"Polygon","coordinates":[[[9.5671,39.4276],[9.5692,39.4251],[9.5703,39.4282],[9.5671,39.4276]]]}},{"type":"Feature","properties":{"landuse":"greenhouse_horticulture"},"geometry":{"type":"Polygon","coordinates":[[[9.1567,40.7582],[9.1549,40.7579],[9.1573,40.7565],[9.1567,40.7582]]]}},{"type":"Feature","properties":{"landuse":"orchard"},"geometry":{"type":"Polygon","coordinates":[[[9.5394,40.9032],[9.5431,40.9016],[9.5416,40.9049],[9.5394,40.9032]]]}},{"type":"Feature","properties":{"landuse":"green_public_spaces"},"geometry":{"type":"Polygon","coordinates":[[[9.1484,39.2072],[9.153,39.2077],[9.1493,39.2098],[9.1484,39.2072]]]}},{"type":"Feature","properties":{"landuse":"farmland"},"geometry":{"type":"Polygon","coordinates":[[[8.9812,41.0417],[8.9825,41.0435],[8.9753,41.0461],[8.9736,41.0438],[8.9767,41.0385],[8.9812,41.0417]]]}},{"type":"Feature","properties":{"landuse":"orchard"},"geometry":{"type":"Polygon","coordinates":[[[8.9808,41.0557],[8.9829,41.0551],[8.9827,41.0567],[8.9808,41.0557]]]}},{"type":"Feature","properties":{"landuse":"orchard"},"geometry":{"type":"Polygon","coordinates":[[[8.9805,41.0577],[8.9799,41.0564],[8.9812,41.0569],[8.9805,41.0577]]]}},{"type":"Feature","properties":{"landuse":"farmland"},"geometry":{"type":"Polygon","coordinates":[[[8.9749,41.0582],[8.9721,41.0586],[8.9728,41.0577],[8.9749,41.0582]]]}},{"type":"Feature","properties":{"landuse":"orchard"},"geometry":{"type":"Polygon","coordinates":[[[8.9795,41.0677],[8.9757,41.0625],[8.9782,41.0583],[8.9815,41.0608],[8.9789,41.0602],[8.9795,41.0677]]]}},{"type":"Feature","properties":{"landuse":"farmland"},"geometry":{"type":"Polygon","coordinates":[[[8.9778,41.054],[8.9808,41.0523],[8.9816,41.054],[8.9778,41.054]]]}},{"type":"Feature","properties":{"landuse":"orchard"},"geometry":{"type":"Polygon","coordinates":[[[9.0715,39.2768],[9.0751,39.2715],[9.0775,39.2711],[9.0715,39.2768]]]}},{"type":"Feature","properties":{"landuse":"green_public_spaces"},"geometry":{"type":"Polygon","coordinates":[[[9.1567,39.4006],[9.1495,39.3947],[9.1505,39.3923],[9.1567,39.4006]]]}},{"type":"Feature","properties":{"landuse":"green_public_spaces"},"geometry":{"type":"Polygon","coordinates":[[[9.1709,39.3738],[9.1719,39.3715],[9.1724,39.3736],[9.1709,39.3738]]]}},{"type":"Feature","properties":{"landuse":"farmland"},"geometry":{"type":"Polygon","coordinates":[[[8.9867,41.0667],[8.9878,41.0675],[8.9853,41.0694],[8.9867,41.0667]]]}},{"type":"Feature","properties":{"landuse":"orchard"},"geometry":{"type":"Polygon","coordinates":[[[9.0577,39.2623],[9.0594,39.2635],[9.0582,39.2641],[9.0577,39.2623]]]}},{"type":"Feature","properties":{"landuse":"greenhouse_horticulture"},"geometry":{"type":"Polygon","coordinates":[[[8.9944,39.1861],[8.9964,39.1855],[8.9964,39.1878],[8.9944,39.1861]]]}},{"type":"Feature","properties":{"landuse":"orchard"},"geometry":{"type":"Polygon","coordinates":[[[8.9923,39.1867],[8.994,39.1898],[8.9915,39.1871],[8.9923,39.1867]]]}},{"type":"Feature","properties":{"landuse":"farmland"},"geometry":{"type":"Polygon","coordinates":[[[8.9989,39.1819],[9.0004,39.1843],[8.9972,39.1852],[8.9957,39.1836],[8.9989,39.1819]]]}},{"type":"Feature","properties":{"landuse":"farmland"},"geometry":{"type":"Polygon","coordinates":[[[9.002,39.188],[9.0062,39.1919],[9.0021,39.193],[9.002,39.188]]]}},{"type":"Feature","properties":{"landuse":"farmland"},"geometry":{"type":"Polygon","coordinates":[[[9.0032,39.201],[9.0075,39.2028],[9.0074,39.2063],[9.0037,39.206],[9.0032,39.201]]]}},{"type":"Feature","properties":{"landuse":"farmland"},"geometry":{"type":"Polygon","coordinates":[[[9.0075,39.2028],[9.0111,39.2048],[9.0077,39.205],[9.0075,39.2028]]]}},{"type":"Feature","properties":{"landuse":"farmland"},"geometry":{"type":"Polygon","coordinates":[[[9.0047,39.1977],[9.0081,39.1982],[9.0063,39.2013],[9.0047,39.1977]]]}},{"type":"Feature","properties":{"landuse":"farmland"},"geometry":{"type":"Polygon","coordinates":[[[9.0037,39.1995],[9.0056,39.2009],[9.0032,39.2009],[9.0037,39.1995]]]}},{"type":"Feature","properties":{"landuse":"farmland"},"geometry":{"type":"Polygon","coordinates":[[[9.0068,39.2004],[9.0081,39.1982],[9.009,39.1999],[9.0068,39.2004]]]}},{"type":"Feature","properties":{"landuse":"farmland"},"geometry":{"type":"Polygon","coordinates":[[[9.0074,39.2063],[9.0021,39.208],[9.0034,39.2064],[9.0074,39.2063]]]}},{"type":"Feature","properties":{"landuse":"green_public_spaces"},"geometry":{"type":"Polygon","coordinates":[[[9.1624,39.2226],[9.1647,39.2193],[9.1692,39.2223],[9.1624,39.2226]]]}},{"type":"Feature","properties":{"landuse":"green_public_spaces"},"geometry":{"type":"Polygon","coordinates":[[[9.1715,39.3827],[9.173,39.3818],[9.1742,39.3824],[9.1715,39.3827]]]}},{"type":"Feature","properties":{"landuse":"farmland"},"geometry":{"type":"Polygon","coordinates":[[[9.2726,40.5685],[9.2714,40.5672],[9.2734,40.5674],[9.2726,40.5685]]]}},{"type":"Feature","properties":{"landuse":"farmland"},"geometry":{"type":"Polygon","coordinates":[[[9.2713,40.5726],[9.2718,40.5714],[9.2755,40.5715],[9.2713,40.5726]]]}},{"type":"Feature","properties":{"landuse":"farmland"},"geometry":{"type":"Polygon","coordinates":[[[9.2686,40.5649],[9.2718,40.566],[9.2714,40.5672],[9.2686,40.5649]]]}},{"type":"Feature","properties":{"landuse":"farmland"},"geometry":{"type":"Polygon","coordinates":[[[9.2279,40.5877],[9.2343,40.5893],[9.2303,40.5909],[9.2279,40.5877]]]}},{"type":"Feature","properties":{"landuse":"farmland"},"geometry":{"type":"Polygon","coordinates":[[[9.2343,40.5891],[9.2323,40.5872],[9.2428,40.5881],[9.2343,40.5891]]]}},{"type":"Feature","properties":{"landuse":"farmland"},"geometry":{"type":"Polygon","coordinates":[[[9.2331,40.5859],[9.242,40.585],[9.2429,40.5879],[9.2331,40.5859]]]}},{"type":"Feature","properties":{"landuse":"farmland"},"geometry":{"type":"Polygon","coordinates":[[[9.2454,40.5883],[9.2467,40.5862],[9.2507,40.5875],[9.2454,40.5883]]]}},{"type":"Feature","properties":{"landuse":"farmland"},"geometry":{"type":"Polygon","coordinates":[[[9.2709,40.5707],[9.2736,40.5704],[9.2733,40.5719],[9.2709,40.5707]]]}},{"type":"Feature","properties":{"landuse":"farmland"},"geometry":{"type":"Polygon","coordinates":[[[9.2253,40.5826],[9.2355,40.5846],[9.2331,40.5859],[9.2253,40.5826]]]}},{"type":"Feature","properties":{"landuse":"farmland"},"geometry":{"type":"Polygon","coordinates":[[[9.2307,40.5911],[9.2345,40.5895],[9.2323,40.5919],[9.2307,40.5911]]]}},{"type":"Feature","properties":{"landuse":"farmland"},"geometry":{"type":"Polygon","coordinates":[[[9.2332,40.5913],[9.2347,40.5905],[9.2372,40.5943],[9.2332,40.5913]]]}},{"type":"Feature","properties":{"landuse":"farmland"},"geometry":{"type":"Polygon","coordinates":[[[9.2372,40.5943],[9.2341,40.5898],[9.2399,40.5937],[9.2372,40.5943]]]}},{"type":"Feature","properties":{"landuse":"farmland"},"geometry":{"type":"Polygon","coordinates":[[[9.2384,40.5926],[9.2366,40.5891],[9.241,40.592],[9.2384,40.5926]]]}},{"type":"Feature","properties":{"landuse":"farmland"},"geometry":{"type":"Polygon","coordinates":[[[9.2303,40.596],[9.2342,40.5961],[9.2323,40.5978],[9.2303,40.596]]]}},{"type":"Feature","properties":{"landuse":"farmland"},"geometry":{"type":"Polygon","coordinates":[[[9.2429,40.5879],[9.242,40.585],[9.246,40.5833],[9.2454,40.5883],[9.2429,40.5879]]]}},{"type":"Feature","properties":{"landuse":"farmland"},"geometry":{"type":"Polygon","coordinates":[[[9.2287,40.5828],[9.2291,40.5809],[9.231,40.5823],[9.2287,40.5828]]]}},{"type":"Feature","properties":{"landuse":"farmland"},"geometry":{"type":"Polygon","coordinates":[[[9.2396,40.578],[9.2414,40.5769],[9.2404,40.5792],[9.2396,40.578]]]}},{"type":"Feature","properties":{"landuse":"farmland"},"geometry":{"type":"Polygon","coordinates":[[[9.2621,40.5579],[9.2638,40.5568],[9.2643,40.5593],[9.2621,40.5579]]]}},{"type":"Feature","properties":{"landuse":"farmland"},"geometry":{"type":"Polygon","coordinates":[[[9.2662,40.5644],[9.2671,40.5638],[9.2686,40.5646],[9.2662,40.5644]]]}},{"type":"Feature","properties":{"landuse":"farmland"},"geometry":{"type":"Polygon","coordinates":[[[9.2452,40.5777],[9.2441,40.5754],[9.2451,40.5749],[9.2452,40.5777]]]}},{"type":"Feature","properties":{"landuse":"farmland"},"geometry":{"type":"Polygon","coordinates":[[[9.2632,40.5694],[9.262,40.5669],[9.2646,40.5652],[9.2632,40.5694]]]}},{"type":"Feature","properties":{"landuse":"farmland"},"geometry":{"type":"Polygon","coordinates":[[[9.2597,40.5692],[9.2599,40.5686],[9.2629,40.57],[9.2597,40.5692]]]}},{"type":"Feature","properties":{"landuse":"farmland"},"geometry":{"type":"Polygon","coordinates":[[[9.2729,40.5705],[9.274,40.5691],[9.2771,40.5699],[9.2729,40.5705]]]}},{"type":"Feature","properties":{"landuse":"farmland"},"geometry":{"type":"Polygon","coordinates":[[[9.2489,40.5649],[9.254,40.565],[9.2529,40.5658],[9.2489,40.5649]]]}},{"type":"Feature","properties":{"landuse":"farmland"},"geometry":{"type":"Polygon","coordinates":[[[9.2256,40.5833],[9.2331,40.5859],[9.2227,40.5857],[9.2256,40.5833]]]}},{"type":"Feature","properties":{"landuse":"farmland"},"geometry":{"type":"Polygon","coordinates":[[[9.2467,40.5793],[9.2468,40.578],[9.2488,40.5791],[9.2467,40.5793]]]}},{"type":"Feature","properties":{"landuse":"farmland"},"geometry":{"type":"Polygon","coordinates":[[[9.2398,40.5802],[9.2405,40.5793],[9.2419,40.5796],[9.2398,40.5802]]]}},{"type":"Feature","properties":{"landuse":"farmland"},"geometry":{"type":"Polygon","coordinates":[[[9.2437,40.5845],[9.2415,40.5824],[9.2453,40.5828],[9.2437,40.5845]]]}},{"type":"Feature","properties":{"landuse":"farmland"},"geometry":{"type":"Polygon","coordinates":[[[9.2348,40.5718],[9.2391,40.5706],[9.2382,40.5727],[9.2348,40.5718]]]}},{"type":"Feature","properties":{"landuse":"farmland"},"geometry":{"type":"Polygon","coordinates":[[[8.9807,39.0365],[8.9825,39.0372],[8.98,39.037],[8.9807,39.0365]]]}},{"type":"Feature","properties":{"landuse":"farmland"},"geometry":{"type":"Polygon","coordinates":[[[9.2457,40.5707],[9.2453,40.5692],[9.248,40.5692],[9.2457,40.5707]]]}},{"type":"Feature","properties":{"landuse":"farmland"},"geometry":{"type":"Polygon","coordinates":[[[9.2384,40.5678],[9.2402,40.5674],[9.2397,40.5693],[9.2384,40.5678]]]}},{"type":"Feature","properties":{"landuse":"farmland"},"geometry":{"type":"Polygon","coordinates":[[[9.2272,40.5765],[9.2288,40.5757],[9.2293,40.5767],[9.2272,40.5765]]]}},{"type":"Feature","properties":{"landuse":"farmland"},"geometry":{"type":"Polygon","coordinates":[[[9.2481,40.569],[9.2497,40.568],[9.2498,40.569],[9.2481,40.569]]]}},{"type":"Feature","properties":{"landuse":"farmland"},"geometry":{"type":"Polygon","coordinates":[[[9.2404,40.5675],[9.2404,40.5665],[9.2429,40.5674],[9.2404,40.5675]]]}},{"type":"Feature","properties":{"landuse":"farmland"},"geometry":{"type":"Polygon","coordinates":[[[9.1682,40.4378],[9.1732,40.4354],[9.1714,40.4394],[9.1682,40.4378]]]}},{"type":"Feature","properties":{"landuse":"farmland"},"geometry":{"type":"Polygon","coordinates":[[[9.1209,40.4482],[9.1242,40.4473],[9.1232,40.449],[9.1209,40.4482]]]}},{"type":"Feature","properties":{"landuse":"farmland"},"geometry":{"type":"Polygon","coordinates":[[[9.1632,40.4337],[9.1646,40.4321],[9.1689,40.4363],[9.1632,40.4337]]]}},{"type":"Feature","properties":{"landuse":"orchard"},"geometry":{"type":"Polygon","coordinates":[[[9.1616,40.4384],[9.162,40.435],[9.1628,40.4387],[9.1616,40.4384]]]}},{"type":"Feature","properties":{"landuse":"farmland"},"geometry":{"type":"Polygon","coordinates":[[[9.1628,40.4377],[9.1624,40.4351],[9.1654,40.4359],[9.1628,40.4377]]]}},{"type":"Feature","properties":{"landuse":"farmland"},"geometry":{"type":"Polygon","coordinates":[[[9.1642,40.4385],[9.1651,40.4401],[9.1632,40.4405],[9.1642,40.4385]]]}},{"type":"Feature","properties":{"landuse":"greenhouse_horticulture"},"geometry":{"type":"Polygon","coordinates":[[[9.1514,40.4445],[9.1517,40.4431],[9.1531,40.4446],[9.1514,40.4445]]]}},{"type":"Feature","properties":{"landuse":"farmland"},"geometry":{"type":"Polygon","coordinates":[[[9.1632,40.4405],[9.1659,40.4414],[9.1648,40.4422],[9.1632,40.4405]]]}},{"type":"Feature","properties":{"landuse":"farmland"},"geometry":{"type":"Polygon","coordinates":[[[9.1618,40.4412],[9.1631,40.4403],[9.1646,40.442],[9.1618,40.4412]]]}},{"type":"Feature","properties":{"landuse":"farmland"},"geometry":{"type":"Polygon","coordinates":[[[9.1574,40.4404],[9.1594,40.4394],[9.1594,40.4421],[9.1574,40.4404]]]}},{"type":"Feature","properties":{"landuse":"orchard"},"geometry":{"type":"Polygon","coordinates":[[[9.1574,40.4404],[9.1568,40.4397],[9.1594,40.4394],[9.1574,40.4404]]]}},{"type":"Feature","properties":{"landuse":"farmland"},"geometry":{"type":"Polygon","coordinates":[[[9.2208,40.5794],[9.224,40.5792],[9.2224,40.5802],[9.2208,40.5794]]]}},{"type":"Feature","properties":{"landuse":"farmland"},"geometry":{"type":"Polygon","coordinates":[[[9.2389,40.5636],[9.2374,40.5612],[9.2399,40.5606],[9.2426,40.5638],[9.2389,40.5636]]]}},{"type":"Feature","properties":{"landuse":"farmland"},"geometry":{"type":"Polygon","coordinates":[[[9.156,40.443],[9.159,40.4419],[9.1584,40.4443],[9.156,40.443]]]}},{"type":"Feature","properties":{"landuse":"farmland"},"geometry":{"type":"Polygon","coordinates":[[[9.1584,40.4443],[9.159,40.4424],[9.1599,40.4435],[9.1584,40.4443]]]}},{"type":"Feature","properties":{"landuse":"farmland"},"geometry":{"type":"Polygon","coordinates":[[[9.1599,40.4435],[9.1602,40.4418],[9.1612,40.443],[9.1599,40.4435]]]}},{"type":"Feature","properties":{"landuse":"farmland"},"geometry":{"type":"Polygon","coordinates":[[[9.1509,40.4334],[9.153,40.4321],[9.153,40.4342],[9.1509,40.4334]]]}},{"type":"Feature","properties":{"landuse":"farmland"},"geometry":{"type":"Polygon","coordinates":[[[9.1524,40.4348],[9.1541,40.4347],[9.1532,40.4353],[9.1524,40.4348]]]}},{"type":"Feature","properties":{"landuse":"farmland"},"geometry":{"type":"Polygon","coordinates":[[[9.1509,40.4334],[9.15,40.4313],[9.1521,40.4326],[9.1509,40.4334]]]}},{"type":"Feature","properties":{"landuse":"farmland"},"geometry":{"type":"Polygon","coordinates":[[[9.1521,40.4326],[9.1512,40.4313],[9.1522,40.431],[9.1521,40.4326]]]}},{"type":"Feature","properties":{"landuse":"farmland"},"geometry":{"type":"Polygon","coordinates":[[[9.1628,40.4454],[9.1626,40.4429],[9.1645,40.4446],[9.1628,40.4454]]]}},{"type":"Feature","properties":{"landuse":"farmland"},"geometry":{"type":"Polygon","coordinates":[[[9.1613,40.4441],[9.1612,40.443],[9.1626,40.4429],[9.1613,40.4441]]]}},{"type":"Feature","properties":{"landuse":"farmland"},"geometry":{"type":"Polygon","coordinates":[[[9.1519,40.442],[9.151,40.4395],[9.1538,40.4412],[9.1519,40.442]]]}},{"type":"Feature","properties":{"landuse":"farmland"},"geometry":{"type":"Polygon","coordinates":[[[9.1497,40.4412],[9.149,40.4397],[9.151,40.4395],[9.1497,40.4412]]]}},{"type":"Feature","properties":{"landuse":"farmland"},"geometry":{"type":"Polygon","coordinates":[[[9.1449,40.4314],[9.1492,40.4296],[9.1509,40.4334],[9.1449,40.4314]]]}},{"type":"Feature","properties":{"landuse":"farmland"},"geometry":{"type":"Polygon","coordinates":[[[9.1496,40.4346],[9.145,40.4316],[9.1504,40.4336],[9.1496,40.4346]]]}},{"type":"Feature","properties":{"landuse":"farmland"},"geometry":{"type":"Polygon","coordinates":[[[9.1492,40.4296],[9.1507,40.4288],[9.1515,40.4312],[9.1492,40.4296]]]}},{"type":"Feature","properties":{"landuse":"farmland"},"geometry":{"type":"Polygon","coordinates":[[[9.1515,40.4312],[9.1507,40.4288],[9.1521,40.4285],[9.1515,40.4312]]]}},{"type":"Feature","properties":{"landuse":"farmland"},"geometry":{"type":"Polygon","coordinates":[[[9.1423,40.4337],[9.145,40.432],[9.146,40.4329],[9.1423,40.4337]]]}},{"type":"Feature","properties":{"landuse":"farmland"},"geometry":{"type":"Polygon","coordinates":[[[9.1435,40.4342],[9.146,40.4329],[9.1453,40.4348],[9.1435,40.4342]]]}},{"type":"Feature","properties":{"landuse":"green_public_spaces"},"geometry":{"type":"Polygon","coordinates":[[[9.1496,40.4346],[9.1502,40.4363],[9.1481,40.4351],[9.1496,40.4346]]]}},{"type":"Feature","properties":{"landuse":"farmland"},"geometry":{"type":"Polygon","coordinates":[[[9.1484,40.4364],[9.1475,40.4359],[9.1478,40.434],[9.1484,40.4364]]]}},{"type":"Feature","properties":{"landuse":"farmland"},"geometry":{"type":"Polygon","coordinates":[[[9.1453,40.4348],[9.1478,40.434],[9.1472,40.4378],[9.143,40.4371],[9.1453,40.4348]]]}},{"type":"Feature","properties":{"landuse":"farmland"},"geometry":{"type":"Polygon","coordinates":[[[9.1415,40.4336],[9.1421,40.4308],[9.1454,40.4321],[9.1415,40.4336]]]}},{"type":"Feature","properties":{"landuse":"farmland"},"geometry":{"type":"Polygon","coordinates":[[[9.1487,40.4445],[9.1503,40.4429],[9.1514,40.4445],[9.1487,40.4445]]]}},{"type":"Feature","properties":{"landuse":"farmland"},"geometry":{"type":"Polygon","coordinates":[[[9.1569,40.4482],[9.1588,40.4454],[9.1594,40.4457],[9.1569,40.4482]]]}},{"type":"Feature","properties":{"landuse":"farmland"},"geometry":{"type":"Polygon","coordinates":[[[9.1577,40.4474],[9.1594,40.4457],[9.1593,40.4474],[9.1577,40.4474]]]}},{"type":"Feature","properties":{"landuse":"farmland"},"geometry":{"type":"Polygon","coordinates":[[[9.1568,40.4482],[9.1533,40.4457],[9.158,40.4466],[9.1568,40.4482]]]}},{"type":"Feature","properties":{"landuse":"farmland"},"geometry":{"type":"Polygon","coordinates":[[[9.15,40.4446],[9.1523,40.4447],[9.1508,40.4456],[9.15,40.4446]]]}},{"type":"Feature","properties":{"landuse":"farmland"},"geometry":{"type":"Polygon","coordinates":[[[9.1395,40.4299],[9.145,40.4276],[9.1468,40.4305],[9.1395,40.4299]]]}},{"type":"Feature","properties":{"landuse":"farmland"},"geometry":{"type":"Polygon","coordinates":[[[9.1408,40.434],[9.1453,40.4348],[9.1429,40.4365],[9.1408,40.434]]]}},{"type":"Feature","properties":{"landuse":"farmland"},"geometry":{"type":"Polygon","coordinates":[[[9.1408,40.434],[9.138,40.4302],[9.1421,40.4308],[9.1408,40.434]]]}},{"type":"Feature","properties":{"landuse":"farmland"},"geometry":{"type":"Polygon","coordinates":[[[9.1472,40.4378],[9.1475,40.4359],[9.1491,40.4371],[9.1472,40.4378]]]}},{"type":"Feature","properties":{"landuse":"farmland"},"geometry":{"type":"Polygon","coordinates":[[[9.1487,40.4366],[9.1489,40.4355],[9.1507,40.4369],[9.1487,40.4366]]]}},{"type":"Feature","properties":{"landuse":"farmland"},"geometry":{"type":"Polygon","coordinates":[[[9.1487,40.4445],[9.1458,40.4428],[9.1486,40.4421],[9.1487,40.4445]]]}},{"type":"Feature","properties":{"landuse":"farmland"},"geometry":{"type":"Polygon","coordinates":[[[9.144,40.4449],[9.1442,40.4439],[9.1462,40.4439],[9.144,40.4449]]]}},{"type":"Feature","properties":{"landuse":"farmland"},"geometry":{"type":"Polygon","coordinates":[[[9.1657,40.4458],[9.1652,40.4469],[9.164,40.4458],[9.1657,40.4458]]]}},{"type":"Feature","properties":{"landuse":"farmland"},"geometry":{"type":"Polygon","coordinates":[[[9.165,40.4448],[9.1629,40.4427],[9.1646,40.442],[9.165,40.4448]]]}},{"type":"Feature","properties":{"landuse":"farmland"},"geometry":{"type":"Polygon","coordinates":[[[9.158,40.4466],[9.1556,40.4461],[9.1585,40.4454],[9.158,40.4466]]]}},{"type":"Feature","properties":{"landuse":"farmland"},"geometry":{"type":"Polygon","coordinates":[[[9.1524,40.4447],[9.1545,40.4446],[9.1531,40.4456],[9.1524,40.4447]]]}},{"type":"Feature","properties":{"landuse":"farmland"},"geometry":{"type":"Polygon","coordinates":[[[9.1508,40.4456],[9.1526,40.4454],[9.1517,40.4466],[9.1508,40.4456]]]}},{"type":"Feature","properties":{"landuse":"farmland"},"geometry":{"type":"Polygon","coordinates":[[[9.1463,40.4296],[9.149,40.4285],[9.1468,40.4305],[9.1463,40.4296]]]}},{"type":"Feature","properties":{"landuse":"farmland"},"geometry":{"type":"Polygon","coordinates":[[[9.138,40.4326],[9.1404,40.4317],[9.1386,40.433],[9.138,40.4326]]]}},{"type":"Feature","properties":{"landuse":"farmland"},"geometry":{"type":"Polygon","coordinates":[[[9.1372,40.4344],[9.1367,40.4327],[9.138,40.4326],[9.1372,40.4344]]]}},{"type":"Feature","properties":{"landuse":"farmland"},"geometry":{"type":"Polygon","coordinates":[[[9.1542,40.4477],[9.1565,40.448],[9.1551,40.449],[9.1542,40.4477]]]}},{"type":"Feature","properties":{"landuse":"farmland"},"geometry":{"type":"Polygon","coordinates":[[[9.1246,40.4438],[9.1246,40.4402],[9.1267,40.4408],[9.1246,40.4438]]]}},{"type":"Feature","properties":{"landuse":"vineyard"},"geometry":{"type":"Polygon","coordinates":[[[9.1321,40.4404],[9.1318,40.4384],[9.1335,40.4403],[9.1321,40.4404]]]}},{"type":"Feature","properties":{"landuse":"farmland"},"geometry":{"type":"Polygon","coordinates":[[[9.136,40.4432],[9.1343,40.4418],[9.1364,40.4414],[9.136,40.4432]]]}},{"type":"Feature","properties":{"landuse":"farmland"},"geometry":{"type":"Polygon","coordinates":[[[9.1316,40.4455],[9.1359,40.4437],[9.1368,40.4444],[9.1316,40.4455]]]}},{"type":"Feature","properties":{"landuse":"farmland"},"geometry":{"type":"Polygon","coordinates":[[[9.1329,40.4366],[9.1312,40.4341],[9.1337,40.4335],[9.1329,40.4366]]]}},{"type":"Feature","properties":{"landuse":"farmland"},"geometry":{"type":"Polygon","coordinates":[[[9.1346,40.4352],[9.1337,40.4335],[9.1367,40.4327],[9.1346,40.4352]]]}},{"type":"Feature","properties":{"landuse":"farmland"},"geometry":{"type":"Polygon","coordinates":[[[9.129,40.4358],[9.1311,40.4338],[9.1322,40.4355],[9.129,40.4358]]]}},{"type":"Feature","properties":{"landuse":"farmland"},"geometry":{"type":"Polygon","coordinates":[[[9.1305,40.4362],[9.1322,40.4355],[9.1333,40.4373],[9.1305,40.4362]]]}},{"type":"Feature","properties":{"landuse":"farmland"},"geometry":{"type":"Polygon","coordinates":[[[9.1321,40.4464],[9.1357,40.4451],[9.1363,40.4468],[9.1321,40.4464]]]}},{"type":"Feature","properties":{"landuse":"farmland"},"geometry":{"type":"Polygon","coordinates":[[[9.1363,40.4468],[9.1422,40.4475],[9.1376,40.4487],[9.1363,40.4468]]]}},{"type":"Feature","properties":{"landuse":"farmland"},"geometry":{"type":"Polygon","coordinates":[[[9.1332,40.4424],[9.133,40.4404],[9.1357,40.4409],[9.1332,40.4424]]]}},{"type":"Feature","properties":{"landuse":"farmland"},"geometry":{"type":"Polygon","coordinates":[[[9.1325,40.4394],[9.1319,40.4372],[9.1333,40.4373],[9.1325,40.4394]]]}},{"type":"Feature","properties":{"landuse":"farmland"},"geometry":{"type":"Polygon","coordinates":[[[9.1369,40.4295],[9.1421,40.4308],[9.1382,40.4302],[9.1369,40.4295]]]}},{"type":"Feature","properties":{"landuse":"farmland"},"geometry":{"type":"Polygon","coordinates":[[[9.1467,40.4472],[9.1487,40.4466],[9.1483,40.4472],[9.1467,40.4472]]]}},{"type":"Feature","properties":{"landuse":"farmland"},"geometry":{"type":"Polygon","coordinates":[[[9.1396,40.4464],[9.1399,40.4448],[9.1414,40.4457],[9.1396,40.4464]]]}},{"type":"Feature","properties":{"landuse":"farmland"},"geometry":{"type":"Polygon","coordinates":[[[9.1432,40.4454],[9.1414,40.4457],[9.1417,40.444],[9.1432,40.4454]]]}},{"type":"Feature","properties":{"landuse":"farmland"},"geometry":{"type":"Polygon","coordinates":[[[9.1311,40.444],[9.1322,40.4413],[9.1342,40.4446],[9.1311,40.444]]]}},{"type":"Feature","properties":{"landuse":"farmland"},"geometry":{"type":"Polygon","coordinates":[[[9.1349,40.4482],[9.1363,40.4468],[9.1369,40.4484],[9.1349,40.4482]]]}},{"type":"Feature","properties":{"landuse":"farmland"},"geometry":{"type":"Polygon","coordinates":[[[9.1298,40.4483],[9.1289,40.4473],[9.1321,40.4464],[9.1298,40.4483]]]}},{"type":"Feature","properties":{"landuse":"farmland"},"geometry":{"type":"Polygon","coordinates":[[[9.1289,40.4473],[9.1284,40.4467],[9.1316,40.4455],[9.1289,40.4473]]]}},{"type":"Feature","properties":{"landuse":"farmland"},"geometry":{"type":"Polygon","coordinates":[[[9.1419,40.4515],[9.1437,40.4508],[9.1424,40.4523],[9.1419,40.4515]]]}},{"type":"Feature","properties":{"landuse":"farmland"},"geometry":{"type":"Polygon","coordinates":[[[9.1364,40.4533],[9.1364,40.4506],[9.1391,40.4508],[9.1364,40.4533]]]}},{"type":"Feature","properties":{"landuse":"farmland"},"geometry":{"type":"Polygon","coordinates":[[[9.1281,40.4514],[9.1311,40.449],[9.1321,40.4523],[9.1281,40.4514]]]}},{"type":"Feature","properties":{"landuse":"farmland"},"geometry":{"type":"Polygon","coordinates":[[[9.2425,40.5894],[9.2434,40.591],[9.2417,40.5911],[9.2425,40.5894]]]}},{"type":"Feature","properties":{"landuse":"farmland"},"geometry":{"type":"Polygon","coordinates":[[[9.241,40.5917],[9.2366,40.5891],[9.2406,40.59],[9.241,40.5917]]]}},{"type":"Feature","properties":{"landuse":"farmland"},"geometry":{"type":"Polygon","coordinates":[[[9.1299,40.4462],[9.1314,40.4444],[9.1321,40.4453],[9.1299,40.4462]]]}},{"type":"Feature","properties":{"landuse":"farmland"},"geometry":{"type":"Polygon","coordinates":[[[9.1298,40.4448],[9.1308,40.4433],[9.1314,40.4444],[9.1298,40.4448]]]}},{"type":"Feature","properties":{"landuse":"farmland"},"geometry":{"type":"Polygon","coordinates":[[[9.1282,40.4445],[9.1281,40.4436],[9.1295,40.4436],[9.1282,40.4445]]]}},{"type":"Feature","properties":{"landuse":"farmland"},"geometry":{"type":"Polygon","coordinates":[[[9.1266,40.4461],[9.1282,40.4448],[9.1283,40.4462],[9.1266,40.4461]]]}},{"type":"Feature","properties":{"landuse":"farmland"},"geometry":{"type":"Polygon","coordinates":[[[9.1273,40.4536],[9.1272,40.4515],[9.1321,40.4523],[9.1273,40.4536]]]}},{"type":"Feature","properties":{"landuse":"farmland"},"geometry":{"type":"Polygon","coordinates":[[[9.1319,40.4541],[9.1356,40.4529],[9.1345,40.4543],[9.1319,40.4541]]]}},{"type":"Feature","properties":{"landuse":"farmland"},"geometry":{"type":"Polygon","coordinates":[[[9.1226,40.4363],[9.1234,40.4359],[9.1252,40.4382],[9.1226,40.4363]]]}},{"type":"Feature","properties":{"landuse":"farmland"},"geometry":{"type":"Polygon","coordinates":[[[9.1222,40.4373],[9.123,40.4368],[9.1243,40.4395],[9.1222,40.4373]]]}},{"type":"Feature","properties":{"landuse":"farmland"},"geometry":{"type":"Polygon","coordinates":[[[9.1209,40.4404],[9.1243,40.4397],[9.122,40.4416],[9.1209,40.4404]]]}},{"type":"Feature","properties":{"landuse":"farmland"},"geometry":{"type":"Polygon","coordinates":[[[9.122,40.4416],[9.1239,40.4408],[9.1201,40.4434],[9.122,40.4416]]]}},{"type":"Feature","properties":{"landuse":"farmland"},"geometry":{"type":"Polygon","coordinates":[[[9.1225,40.4464],[9.1243,40.4452],[9.1243,40.4471],[9.1225,40.4464]]]}},{"type":"Feature","properties":{"landuse":"farmland"},"geometry":{"type":"Polygon","coordinates":[[[9.1226,40.4394],[9.1209,40.4385],[9.1236,40.4395],[9.1226,40.4394]]]}},{"type":"Feature","properties":{"landuse":"farmland"},"geometry":{"type":"Polygon","coordinates":[[[9.1198,40.4427],[9.1209,40.4404],[9.122,40.4416],[9.1198,40.4427]]]}},{"type":"Feature","properties":{"landuse":"farmland"},"geometry":{"type":"Polygon","coordinates":[[[9.1195,40.4413],[9.1209,40.4385],[9.1224,40.4394],[9.1195,40.4413]]]}},{"type":"Feature","properties":{"landuse":"farmland"},"geometry":{"type":"Polygon","coordinates":[[[9.1208,40.4436],[9.1237,40.4422],[9.1243,40.4449],[9.1208,40.4436]]]}},{"type":"Feature","properties":{"landuse":"farmland"},"geometry":{"type":"Polygon","coordinates":[[[9.1193,40.4445],[9.1243,40.4449],[9.1203,40.4458],[9.1193,40.4445]]]}},{"type":"Feature","properties":{"landuse":"farmland"},"geometry":{"type":"Polygon","coordinates":[[[9.1203,40.4458],[9.1222,40.4452],[9.1225,40.4464],[9.1203,40.4458]]]}},{"type":"Feature","properties":{"landuse":"farmland"},"geometry":{"type":"Polygon","coordinates":[[[9.1266,40.4451],[9.1259,40.4436],[9.1281,40.4429],[9.1266,40.4451]]]}},{"type":"Feature","properties":{"landuse":"farmland"},"geometry":{"type":"Polygon","coordinates":[[[9.1266,40.4461],[9.1247,40.4455],[9.1259,40.4436],[9.1266,40.4461]]]}},{"type":"Feature","properties":{"landuse":"farmland"},"geometry":{"type":"Polygon","coordinates":[[[9.1245,40.4513],[9.1238,40.4491],[9.1256,40.4486],[9.1245,40.4513]]]}},{"type":"Feature","properties":{"landuse":"farmland"},"geometry":{"type":"Polygon","coordinates":[[[9.1219,40.4512],[9.1238,40.4491],[9.1245,40.4513],[9.1219,40.4512]]]}},{"type":"Feature","properties":{"landuse":"farmland"},"geometry":{"type":"Polygon","coordinates":[[[9.1203,40.4523],[9.1201,40.4509],[9.1257,40.4513],[9.1203,40.4523]]]}},{"type":"Feature","properties":{"landuse":"farmland"},"geometry":{"type":"Polygon","coordinates":[[[9.1206,40.4534],[9.1256,40.4525],[9.1255,40.4536],[9.1206,40.4534]]]}},{"type":"Feature","properties":{"landuse":"farmland"},"geometry":{"type":"Polygon","coordinates":[[[9.1206,40.4534],[9.1255,40.4536],[9.1249,40.455],[9.1206,40.4534]]]}},{"type":"Feature","properties":{"landuse":"farmland"},"geometry":{"type":"Polygon","coordinates":[[[9.1252,40.4574],[9.1244,40.4563],[9.1257,40.4531],[9.1252,40.4574]]]}},{"type":"Feature","properties":{"landuse":"farmland"},"geometry":{"type":"Polygon","coordinates":[[[9.1193,40.4507],[9.1204,40.4493],[9.122,40.4508],[9.1193,40.4507]]]}},{"type":"Feature","properties":{"landuse":"farmland"},"geometry":{"type":"Polygon","coordinates":[[[9.1195,40.4492],[9.12,40.4463],[9.1214,40.4488],[9.1195,40.4492]]]}},{"type":"Feature","properties":{"landuse":"farmland"},"geometry":{"type":"Polygon","coordinates":[[[9.116,40.4467],[9.12,40.4463],[9.1195,40.4492],[9.116,40.4467]]]}},{"type":"Feature","properties":{"landuse":"farmland"},"geometry":{"type":"Polygon","coordinates":[[[9.1195,40.4523],[9.1196,40.4508],[9.1203,40.4523],[9.1195,40.4523]]]}},{"type":"Feature","properties":{"landuse":"farmland"},"geometry":{"type":"Polygon","coordinates":[[[9.1176,40.45],[9.1189,40.4488],[9.1193,40.4507],[9.1176,40.45]]]}},{"type":"Feature","properties":{"landuse":"farmland"},"geometry":{"type":"Polygon","coordinates":[[[9.1162,40.4479],[9.1169,40.4474],[9.1189,40.4488],[9.1162,40.4479]]]}},{"type":"Feature","properties":{"landuse":"farmland"},"geometry":{"type":"Polygon","coordinates":[[[9.1179,40.4435],[9.1208,40.4436],[9.1185,40.4447],[9.1179,40.4435]]]}},{"type":"Feature","properties":{"landuse":"farmland"},"geometry":{"type":"Polygon","coordinates":[[[9.1157,40.443],[9.1176,40.4407],[9.1197,40.4427],[9.1157,40.443]]]}},{"type":"Feature","properties":{"landuse":"farmland"},"geometry":{"type":"Polygon","coordinates":[[[9.1157,40.443],[9.1179,40.4435],[9.1154,40.446],[9.1157,40.443]]]}},{"type":"Feature","properties":{"landuse":"farmland"},"geometry":{"type":"Polygon","coordinates":[[[9.1154,40.446],[9.1193,40.4445],[9.1203,40.4458],[9.1154,40.446]]]}},{"type":"Feature","properties":{"landuse":"farmland"},"geometry":{"type":"Polygon","coordinates":[[[9.1149,40.4491],[9.1162,40.4479],[9.1183,40.4494],[9.1149,40.4491]]]}},{"type":"Feature","properties":{"landuse":"farmland"},"geometry":{"type":"Polygon","coordinates":[[[9.1126,40.4484],[9.1154,40.446],[9.1169,40.4474],[9.1126,40.4484]]]}},{"type":"Feature","properties":{"landuse":"farmland"},"geometry":{"type":"Polygon","coordinates":[[[9.1133,40.4528],[9.1179,40.4502],[9.1162,40.4528],[9.1133,40.4528]]]}},{"type":"Feature","properties":{"landuse":"farmland"},"geometry":{"type":"Polygon","coordinates":[[[9.1158,40.4514],[9.1149,40.4505],[9.1176,40.45],[9.1158,40.4514]]]}},{"type":"Feature","properties":{"landuse":"farmland"},"geometry":{"type":"Polygon","coordinates":[[[9.1135,40.4517],[9.1149,40.4505],[9.1158,40.4514],[9.1135,40.4517]]]}},{"type":"Feature","properties":{"landuse":"farmland"},"geometry":{"type":"Polygon","coordinates":[[[9.1137,40.4503],[9.1137,40.4489],[9.1161,40.4495],[9.1137,40.4503]]]}},{"type":"Feature","properties":{"landuse":"farmland"},"geometry":{"type":"Polygon","coordinates":[[[9.1124,40.45],[9.113,40.4485],[9.1138,40.45],[9.1124,40.45]]]}},{"type":"Feature","properties":{"landuse":"farmland"},"geometry":{"type":"Polygon","coordinates":[[[9.1148,40.4593],[9.1161,40.4585],[9.1151,40.4599],[9.1148,40.4593]]]}},{"type":"Feature","properties":{"landuse":"farmland"},"geometry":{"type":"Polygon","coordinates":[[[9.1168,40.4599],[9.1191,40.4585],[9.1211,40.4608],[9.1168,40.4599]]]}},{"type":"Feature","properties":{"landuse":"farmland"},"geometry":{"type":"Polygon","coordinates":[[[9.1166,40.4628],[9.1156,40.4612],[9.1182,40.4612],[9.1166,40.4628]]]}},{"type":"Feature","properties":{"landuse":"farmland"},"geometry":{"type":"Polygon","coordinates":[[[9.1148,40.4592],[9.1126,40.457],[9.1137,40.4563],[9.1148,40.4592]]]}},{"type":"Feature","properties":{"landuse":"farmland"},"geometry":{"type":"Polygon","coordinates":[[[9.1112,40.4601],[9.1103,40.4586],[9.1132,40.4578],[9.1112,40.4601]]]}},{"type":"Feature","properties":{"landuse":"farmland"},"geometry":{"type":"Polygon","coordinates":[[[9.1265,40.4596],[9.1288,40.459],[9.1283,40.46],[9.1265,40.4596]]]}},{"type":"Feature","properties":{"landuse":"farmland"},"geometry":{"type":"Polygon","coordinates":[[[9.1174,40.4652],[9.1166,40.4628],[9.119,40.4629],[9.1174,40.4652]]]}},{"type":"Feature","properties":{"landuse":"farmland"},"geometry":{"type":"Polygon","coordinates":[[[9.121,40.4645],[9.1203,40.4631],[9.1233,40.4624],[9.121,40.4645]]]}},{"type":"Feature","properties":{"landuse":"farmland"},"geometry":{"type":"Polygon","coordinates":[[[9.1434,40.453],[9.1448,40.4519],[9.1462,40.4524],[9.1434,40.453]]]}},{"type":"Feature","properties":{"landuse":"farmland"},"geometry":{"type":"Polygon","coordinates":[[[9.119,40.4678],[9.1184,40.4669],[9.1224,40.4658],[9.119,40.4678]]]}},{"type":"Feature","properties":{"landuse":"farmland"},"geometry":{"type":"Polygon","coordinates":[[[9.1184,40.4669],[9.1174,40.4652],[9.1206,40.4645],[9.1184,40.4669]]]}},{"type":"Feature","properties":{"landuse":"farmland"},"geometry":{"type":"Polygon","coordinates":[[[9.1209,40.4662],[9.1206,40.4645],[9.1224,40.4643],[9.1209,40.4662]]]}},{"type":"Feature","properties":{"landuse":"farmland"},"geometry":{"type":"Polygon","coordinates":[[[9.1231,40.4658],[9.1236,40.4626],[9.1249,40.4659],[9.1231,40.4658]]]}},{"type":"Feature","properties":{"landuse":"farmland"},"geometry":{"type":"Polygon","coordinates":[[[9.1246,40.4632],[9.1245,40.4618],[9.1275,40.4626],[9.1246,40.4632]]]}},{"type":"Feature","properties":{"landuse":"farmland"},"geometry":{"type":"Polygon","coordinates":[[[9.1269,40.4638],[9.1275,40.4626],[9.1304,40.4638],[9.1269,40.4638]]]}},{"type":"Feature","properties":{"landuse":"farmland"},"geometry":{"type":"Polygon","coordinates":[[[9.1232,40.4667],[9.1285,40.4646],[9.1267,40.4665],[9.1232,40.4667]]]}},{"type":"Feature","properties":{"landuse":"farmland"},"geometry":{"type":"Polygon","coordinates":[[[9.1275,40.4671],[9.1267,40.4665],[9.1291,40.4655],[9.1275,40.4671]]]}},{"type":"Feature","properties":{"landuse":"farmland"},"geometry":{"type":"Polygon","coordinates":[[[9.1198,40.4695],[9.1169,40.4698],[9.1196,40.4688],[9.1198,40.4695]]]}},{"type":"Feature","properties":{"landuse":"farmland"},"geometry":{"type":"Polygon","coordinates":[[[9.118,40.4698],[9.121,40.4707],[9.1188,40.4711],[9.118,40.4698]]]}},{"type":"Feature","properties":{"landuse":"farmland"},"geometry":{"type":"Polygon","coordinates":[[[9.1201,40.4694],[9.1201,40.4683],[9.1225,40.4674],[9.1201,40.4694]]]}},{"type":"Feature","properties":{"landuse":"farmland"},"geometry":{"type":"Polygon","coordinates":[[[9.1275,40.4671],[9.1296,40.4677],[9.1273,40.4683],[9.1275,40.4671]]]}},{"type":"Feature","properties":{"landuse":"farmland"},"geometry":{"type":"Polygon","coordinates":[[[9.1305,40.4648],[9.1319,40.4628],[9.1332,40.4646],[9.1305,40.4648]]]}},{"type":"Feature","properties":{"landuse":"farmland"},"geometry":{"type":"Polygon","coordinates":[[[9.1308,40.4599],[9.134,40.4594],[9.1332,40.4604],[9.1308,40.4599]]]}},{"type":"Feature","properties":{"landuse":"farmland"},"geometry":{"type":"Polygon","coordinates":[[[9.1368,40.4623],[9.1381,40.4611],[9.1391,40.4635],[9.1368,40.4623]]]}},{"type":"Feature","properties":{"landuse":"farmland"},"geometry":{"type":"Polygon","coordinates":[[[9.1391,40.4635],[9.1396,40.4616],[9.1426,40.4633],[9.1391,40.4635]]]}},{"type":"Feature","properties":{"landuse":"farmland"},"geometry":{"type":"Polygon","coordinates":[[[9.139,40.4648],[9.1391,40.4635],[9.1409,40.4644],[9.139,40.4648]]]}},{"type":"Feature","properties":{"landuse":"farmland"},"geometry":{"type":"Polygon","coordinates":[[[9.1373,40.4644],[9.1391,40.4635],[9.139,40.4648],[9.1373,40.4644]]]}},{"type":"Feature","properties":{"landuse":"farmland"},"geometry":{"type":"Polygon","coordinates":[[[9.1426,40.4633],[9.1429,40.4594],[9.1464,40.4616],[9.1426,40.4633]]]}},{"type":"Feature","properties":{"landuse":"farmland"},"geometry":{"type":"Polygon","coordinates":[[[9.1419,40.4638],[9.1434,40.4629],[9.1444,40.4643],[9.1419,40.4638]]]}},{"type":"Feature","properties":{"landuse":"farmland"},"geometry":{"type":"Polygon","coordinates":[[[9.1405,40.4648],[9.1419,40.4638],[9.1434,40.4651],[9.1405,40.4648]]]}},{"type":"Feature","properties":{"landuse":"farmland"},"geometry":{"type":"Polygon","coordinates":[[[9.1422,40.4657],[9.1444,40.4643],[9.1453,40.4655],[9.1422,40.4657]]]}},{"type":"Feature","properties":{"landuse":"farmland"},"geometry":{"type":"Polygon","coordinates":[[[9.1453,40.4655],[9.1434,40.4629],[9.1447,40.4623],[9.1453,40.4655]]]}},{"type":"Feature","properties":{"landuse":"farmland"},"geometry":{"type":"Polygon","coordinates":[[[9.1466,40.4652],[9.1449,40.4627],[9.1464,40.4621],[9.1466,40.4652]]]}},{"type":"Feature","properties":{"landuse":"farmland"},"geometry":{"type":"Polygon","coordinates":[[[9.1464,40.4616],[9.1477,40.4582],[9.149,40.4593],[9.1464,40.4616]]]}},{"type":"Feature","properties":{"landuse":"farmland"},"geometry":{"type":"Polygon","coordinates":[[[9.148,40.4646],[9.1482,40.463],[9.1502,40.4645],[9.148,40.4646]]]}},{"type":"Feature","properties":{"landuse":"farmland"},"geometry":{"type":"Polygon","coordinates":[[[9.134,40.4723],[9.1373,40.4726],[9.1361,40.4733],[9.134,40.4723]]]}},{"type":"Feature","properties":{"landuse":"farmland"},"geometry":{"type":"Polygon","coordinates":[[[9.1373,40.4726],[9.1377,40.4715],[9.1384,40.472],[9.1373,40.4726]]]}},{"type":"Feature","properties":{"landuse":"farmland"},"geometry":{"type":"Polygon","coordinates":[[[9.1201,40.4694],[9.1248,40.4685],[9.1216,40.4712],[9.1201,40.4694]]]}},{"type":"Feature","properties":{"landuse":"farmland"},"geometry":{"type":"Polygon","coordinates":[[[9.1235,40.4704],[9.1232,40.4726],[9.1217,40.4711],[9.1235,40.4704]]]}},{"type":"Feature","properties":{"landuse":"farmland"},"geometry":{"type":"Polygon","coordinates":[[[9.1245,40.47],[9.1285,40.4705],[9.1256,40.4714],[9.1245,40.47]]]}},{"type":"Feature","properties":{"landuse":"farmland"},"geometry":{"type":"Polygon","coordinates":[[[9.1278,40.4709],[9.1294,40.4712],[9.1298,40.4729],[9.1278,40.4709]]]}},{"type":"Feature","properties":{"landuse":"farmland"},"geometry":{"type":"Polygon","coordinates":[[[9.1232,40.4726],[9.1251,40.4712],[9.126,40.4723],[9.1232,40.4726]]]}},{"type":"Feature","properties":{"landuse":"farmland"},"geometry":{"type":"Polygon","coordinates":[[[9.126,40.4723],[9.1256,40.4714],[9.127,40.4713],[9.126,40.4723]]]}},{"type":"Feature","properties":{"landuse":"farmland"},"geometry":{"type":"Polygon","coordinates":[[[9.1214,40.4713],[9.1202,40.4724],[9.1189,40.4718],[9.1214,40.4713]]]}},{"type":"Feature","properties":{"landuse":"orchard"},"geometry":{"type":"Polygon","coordinates":[[[9.1361,40.4669],[9.1387,40.4665],[9.1377,40.4676],[9.1361,40.4669]]]}},{"type":"Feature","properties":{"landuse":"farmland"},"geometry":{"type":"Polygon","coordinates":[[[9.1401,40.4679],[9.1394,40.4668],[9.1412,40.4662],[9.1401,40.4679]]]}},{"type":"Feature","properties":{"landuse":"farmland"},"geometry":{"type":"Polygon","coordinates":[[[9.1409,40.4707],[9.144,40.4683],[9.1461,40.4692],[9.1409,40.4707]]]}},{"type":"Feature","properties":{"landuse":"farmland"},"geometry":{"type":"Polygon","coordinates":[[[9.1373,40.4726],[9.1393,40.4715],[9.1412,40.4732],[9.1373,40.4726]]]}},{"type":"Feature","properties":{"landuse":"farmland"},"geometry":{"type":"Polygon","coordinates":[[[9.1405,40.4736],[9.1379,40.4749],[9.1379,40.4733],[9.1405,40.4736]]]}},{"type":"Feature","properties":{"landuse":"farmland"},"geometry":{"type":"Polygon","coordinates":[[[9.1379,40.4749],[9.1362,40.4744],[9.1375,40.4736],[9.1379,40.4749]]]}},{"type":"Feature","properties":{"landuse":"farmland"},"geometry":{"type":"Polygon","coordinates":[[[9.1412,40.4732],[9.1393,40.4715],[9.1425,40.4718],[9.1412,40.4732]]]}},{"type":"Feature","properties":{"landuse":"farmland"},"geometry":{"type":"Polygon","coordinates":[[[9.1425,40.4718],[9.1409,40.4707],[9.1454,40.4696],[9.1425,40.4718]]]}},{"type":"Feature","properties":{"landuse":"farmland"},"geometry":{"type":"Polygon","coordinates":[[[9.1267,40.4732],[9.1299,40.4732],[9.127,40.4744],[9.1267,40.4732]]]}},{"type":"Feature","properties":{"landuse":"farmland"},"geometry":{"type":"Polygon","coordinates":[[[9.1202,40.4724],[9.1223,40.4725],[9.1209,40.4737],[9.1202,40.4724]]]}},{"type":"Feature","properties":{"landuse":"orchard"},"geometry":{"type":"Polygon","coordinates":[[[9.1482,40.4688],[9.1513,40.4683],[9.1507,40.4701],[9.1482,40.4688]]]}},{"type":"Feature","properties":{"landuse":"farmland"},"geometry":{"type":"Polygon","coordinates":[[[9.1466,40.4652],[9.148,40.4646],[9.1484,40.4668],[9.1466,40.4652]]]}},{"type":"Feature","properties":{"landuse":"farmland"},"geometry":{"type":"Polygon","coordinates":[[[9.1412,40.4732],[9.143,40.4721],[9.145,40.4738],[9.1412,40.4732]]]}},{"type":"Feature","properties":{"landuse":"farmland"},"geometry":{"type":"Polygon","coordinates":[[[9.132,40.478],[9.1319,40.4771],[9.1346,40.4772],[9.132,40.478]]]}},{"type":"Feature","properties":{"landuse":"farmland"},"geometry":{"type":"Polygon","coordinates":[[[9.1364,40.4776],[9.1386,40.4772],[9.1377,40.4782],[9.1364,40.4776]]]}},{"type":"Feature","properties":{"landuse":"farmland"},"geometry":{"type":"Polygon","coordinates":[[[9.1319,40.4795],[9.132,40.4782],[9.1338,40.4781],[9.1319,40.4795]]]}},{"type":"Feature","properties":{"landuse":"farmland"},"geometry":{"type":"Polygon","coordinates":[[[9.1519,40.4698],[9.1569,40.4671],[9.1537,40.4718],[9.1519,40.4698]]]}},{"type":"Feature","properties":{"landuse":"farmland"},"geometry":{"type":"Polygon","coordinates":[[[9.1511,40.4755],[9.1536,40.4726],[9.1547,40.4759],[9.1511,40.4755]]]}},{"type":"Feature","properties":{"landuse":"farmland"},"geometry":{"type":"Polygon","coordinates":[[[9.1404,40.4801],[9.1427,40.4784],[9.143,40.4791],[9.1404,40.4801]]]}},{"type":"Feature","properties":{"landuse":"farmland"},"geometry":{"type":"Polygon","coordinates":[[[9.143,40.4791],[9.1418,40.4761],[9.1442,40.4787],[9.143,40.4791]]]}},{"type":"Feature","properties":{"landuse":"farmland"},"geometry":{"type":"Polygon","coordinates":[[[9.1373,40.4791],[9.1396,40.48],[9.1381,40.4811],[9.1373,40.4791]]]}},{"type":"Feature","properties":{"landuse":"farmland"},"geometry":{"type":"Polygon","coordinates":[[[9.1296,40.478],[9.132,40.4782],[9.1303,40.48],[9.1296,40.478]]]}},{"type":"Feature","properties":{"landuse":"farmland"},"geometry":{"type":"Polygon","coordinates":[[[9.1523,40.4704],[9.1506,40.4711],[9.1498,40.4705],[9.1523,40.4704]]]}},{"type":"Feature","properties":{"landuse":"farmland"},"geometry":{"type":"Polygon","coordinates":[[[9.1506,40.4711],[9.154,40.4722],[9.1526,40.4733],[9.1506,40.4711]]]}},{"type":"Feature","properties":{"landuse":"farmland"},"geometry":{"type":"Polygon","coordinates":[[[9.148,40.479],[9.1489,40.4774],[9.1494,40.4792],[9.148,40.479]]]}},{"type":"Feature","properties":{"landuse":"farmland"},"geometry":{"type":"Polygon","coordinates":[[[9.1494,40.4792],[9.1528,40.4783],[9.1524,40.4796],[9.1494,40.4792]]]}},{"type":"Feature","properties":{"landuse":"farmland"},"geometry":{"type":"Polygon","coordinates":[[[9.1519,40.4698],[9.1513,40.4683],[9.1538,40.4681],[9.1519,40.4698]]]}},{"type":"Feature","properties":{"landuse":"farmland"},"geometry":{"type":"Polygon","coordinates":[[[9.1517,40.4681],[9.1525,40.4667],[9.1539,40.4679],[9.1517,40.4681]]]}},{"type":"Feature","properties":{"landuse":"farmland"},"geometry":{"type":"Polygon","coordinates":[[[9.1539,40.4679],[9.1532,40.4667],[9.1545,40.4663],[9.1539,40.4679]]]}},{"type":"Feature","properties":{"landuse":"farmland"},"geometry":{"type":"Polygon","coordinates":[[[9.1548,40.4678],[9.1545,40.4663],[9.1561,40.4666],[9.1548,40.4678]]]}},{"type":"Feature","properties":{"landuse":"farmland"},"geometry":{"type":"Polygon","coordinates":[[[9.1516,40.4656],[9.1504,40.4651],[9.1538,40.4654],[9.1516,40.4656]]]}},{"type":"Feature","properties":{"landuse":"orchard"},"geometry":{"type":"Polygon","coordinates":[[[9.1547,40.466],[9.154,40.4628],[9.1561,40.4639],[9.1547,40.466]]]}},{"type":"Feature","properties":{"landuse":"farmland"},"geometry":{"type":"Polygon","coordinates":[[[9.1511,40.4632],[9.1496,40.4617],[9.152,40.4629],[9.1511,40.4632]]]}},{"type":"Feature","properties":{"landuse":"farmland"},"geometry":{"type":"Polygon","coordinates":[[[9.1493,40.4592],[9.1501,40.46],[9.1486,40.4607],[9.1493,40.4592]]]}},{"type":"Feature","properties":{"landuse":"farmland"},"geometry":{"type":"Polygon","coordinates":[[[9.152,40.4629],[9.1507,40.4609],[9.1538,40.4606],[9.152,40.4629]]]}},{"type":"Feature","properties":{"landuse":"farmland"},"geometry":{"type":"Polygon","coordinates":[[[9.1552,40.4711],[9.1566,40.4688],[9.158,40.4707],[9.1552,40.4711]]]}},{"type":"Feature","properties":{"landuse":"farmland"},"geometry":{"type":"Polygon","coordinates":[[[9.1507,40.4717],[9.1526,40.4733],[9.1497,40.4732],[9.1507,40.4717]]]}},{"type":"Feature","properties":{"landuse":"farmland"},"geometry":{"type":"Polygon","coordinates":[[[9.148,40.479],[9.1477,40.4768],[9.1489,40.4774],[9.148,40.479]]]}},{"type":"Feature","properties":{"landuse":"farmland"},"geometry":{"type":"Polygon","coordinates":[[[9.1466,40.4789],[9.1454,40.4763],[9.1473,40.4766],[9.1466,40.4789]]]}},{"type":"Feature","properties":{"landuse":"farmland"},"geometry":{"type":"Polygon","coordinates":[[[9.1353,40.4806],[9.1345,40.4816],[9.1336,40.4804],[9.1353,40.4806]]]}},{"type":"Feature","properties":{"landuse":"farmland"},"geometry":{"type":"Polygon","coordinates":[[[9.1279,40.4796],[9.1291,40.4786],[9.1303,40.4797],[9.1279,40.4796]]]}},{"type":"Feature","properties":{"landuse":"farmland"},"geometry":{"type":"Polygon","coordinates":[[[9.1333,40.4825],[9.1358,40.4804],[9.1363,40.4814],[9.1333,40.4825]]]}},{"type":"Feature","properties":{"landuse":"farmland"},"geometry":{"type":"Polygon","coordinates":[[[9.156,40.4812],[9.154,40.4791],[9.1575,40.4795],[9.156,40.4812]]]}},{"type":"Feature","properties":{"landuse":"farmland"},"geometry":{"type":"Polygon","coordinates":[[[9.1555,40.4773],[9.1601,40.4758],[9.1579,40.4787],[9.1555,40.4773]]]}},{"type":"Feature","properties":{"landuse":"farmland"},"geometry":{"type":"Polygon","coordinates":[[[9.1576,40.4791],[9.1613,40.4773],[9.1619,40.4811],[9.1576,40.4791]]]}},{"type":"Feature","properties":{"landuse":"farmland"},"geometry":{"type":"Polygon","coordinates":[[[9.1624,40.4692],[9.1651,40.4682],[9.1625,40.4701],[9.1624,40.4692]]]}},{"type":"Feature","properties":{"landuse":"farmland"},"geometry":{"type":"Polygon","coordinates":[[[9.1697,40.4474],[9.17,40.4442],[9.1715,40.4474],[9.1697,40.4474]]]}},{"type":"Feature","properties":{"landuse":"farmland"},"geometry":{"type":"Polygon","coordinates":[[[9.1684,40.4479],[9.1681,40.4465],[9.1747,40.4486],[9.1684,40.4479]]]}},{"type":"Feature","properties":{"landuse":"farmland"},"geometry":{"type":"Polygon","coordinates":[[[9.1579,40.4795],[9.154,40.4791],[9.1555,40.4773],[9.1579,40.4795]]]}},{"type":"Feature","properties":{"landuse":"farmland"},"geometry":{"type":"Polygon","coordinates":[[[9.1469,40.4813],[9.1483,40.4795],[9.1499,40.4792],[9.1469,40.4813]]]}},{"type":"Feature","properties":{"landuse":"farmland"},"geometry":{"type":"Polygon","coordinates":[[[9.1433,40.4815],[9.1431,40.4802],[9.1455,40.48],[9.1433,40.4815]]]}},{"type":"Feature","properties":{"landuse":"farmland"},"geometry":{"type":"Polygon","coordinates":[[[9.1438,40.4827],[9.1433,40.4815],[9.1461,40.4815],[9.1438,40.4827]]]}},{"type":"Feature","properties":{"landuse":"farmland"},"geometry":{"type":"Polygon","coordinates":[[[9.142,40.4829],[9.1431,40.4815],[9.1438,40.4827],[9.142,40.4829]]]}},{"type":"Feature","properties":{"landuse":"farmland"},"geometry":{"type":"Polygon","coordinates":[[[9.1603,40.4756],[9.1612,40.4746],[9.1621,40.4761],[9.1603,40.4756]]]}},{"type":"Feature","properties":{"landuse":"farmland"},"geometry":{"type":"Polygon","coordinates":[[[9.2347,40.5958],[9.2325,40.5955],[9.237,40.5944],[9.2347,40.5958]]]}},{"type":"Feature","properties":{"landuse":"farmland"},"geometry":{"type":"Polygon","coordinates":[[[9.1423,40.4592],[9.1404,40.4578],[9.1418,40.4568],[9.1423,40.4592]]]}},{"type":"Feature","properties":{"landuse":"green_public_spaces"},"geometry":{"type":"Polygon","coordinates":[[[8.6555,39.5012],[8.6549,39.4988],[8.6574,39.4985],[8.6555,39.5012]]]}},{"type":"Feature","properties":{"landuse":"farmland"},"geometry":{"type":"Polygon","coordinates":[[[9.1531,40.4831],[9.1519,40.4816],[9.155,40.4819],[9.1531,40.4831]]]}},{"type":"Feature","properties":{"landuse":"farmland"},"geometry":{"type":"Polygon","coordinates":[[[9.1351,40.475],[9.1341,40.4744],[9.1373,40.4726],[9.1351,40.475]]]}},{"type":"Feature","properties":{"landuse":"orchard"},"geometry":{"type":"Polygon","coordinates":[[[9.154,39.3542],[9.1534,39.3584],[9.1504,39.3551],[9.154,39.3542]]]}},{"type":"Feature","properties":{"landuse":"orchard"},"geometry":{"type":"Polygon","coordinates":[[[9.1614,39.3649],[9.1596,39.3631],[9.1625,39.3641],[9.1614,39.3649]]]}},{"type":"Feature","properties":{"landuse":"vineyard"},"geometry":{"type":"Polygon","coordinates":[[[9.1626,39.364],[9.1613,39.3628],[9.1628,39.3628],[9.1626,39.364]]]}},{"type":"Feature","properties":{"landuse":"orchard"},"geometry":{"type":"Polygon","coordinates":[[[9.1656,39.3609],[9.1657,39.3624],[9.1638,39.3612],[9.1656,39.3609]]]}},{"type":"Feature","properties":{"landuse":"orchard"},"geometry":{"type":"Polygon","coordinates":[[[9.167,39.3638],[9.1655,39.3643],[9.1649,39.3625],[9.167,39.3638]]]}},{"type":"Feature","properties":{"landuse":"green_public_spaces"},"geometry":{"type":"Polygon","coordinates":[[[9.1773,39.2306],[9.177,39.2245],[9.1858,39.2279],[9.1773,39.2306]]]}},{"type":"Feature","properties":{"landuse":"green_public_spaces"},"geometry":{"type":"Polygon","coordinates":[[[9.1721,39.2334],[9.1682,39.2304],[9.1718,39.2272],[9.1754,39.231],[9.1721,39.2334]]]}},{"type":"Feature","properties":{"landuse":"farmland"},"geometry":{"type":"Polygon","coordinates":[[[8.4853,40.297],[8.4903,40.293],[8.4911,40.2949],[8.4853,40.297]]]}},{"type":"Feature","properties":{"landuse":"green_public_spaces"},"geometry":{"type":"Polygon","coordinates":[[[8.7128,40.9178],[8.7112,40.9182],[8.7109,40.9163],[8.7128,40.9178]]]}},{"type":"Feature","properties":{"landuse":"green_public_spaces"},"geometry":{"type":"Polygon","coordinates":[[[9.1481,39.2389],[9.1393,39.2317],[9.1398,39.222],[9.1443,39.2143],[9.1437,39.2053],[9.1505,39.203],[9.155,39.1951],[9.1707,39.2159],[9.2192,39.2315],[9.204,39.2347],[9.1827,39.2273],[9.1719,39.2375],[9.1732,39.2422],[9.1573,39.2441],[9.1481,39.2389]]]}},{"type":"Feature","properties":{"landuse":"farmland"},"geometry":{"type":"Polygon","coordinates":[[[9.2392,40.6064],[9.2381,40.6048],[9.2401,40.6036],[9.2392,40.6064]]]}},{"type":"Feature","properties":{"landuse":"farmland"},"geometry":{"type":"Polygon","coordinates":[[[9.2399,40.6058],[9.242,40.6053],[9.2413,40.6067],[9.2399,40.6058]]]}},{"type":"Feature","properties":{"landuse":"farmland"},"geometry":{"type":"Polygon","coordinates":[[[9.2348,40.6001],[9.2364,40.5989],[9.2373,40.6005],[9.2348,40.6001]]]}},{"type":"Feature","properties":{"landuse":"farmland"},"geometry":{"type":"Polygon","coordinates":[[[9.2399,40.602],[9.241,40.6014],[9.2413,40.6029],[9.2399,40.602]]]}},{"type":"Feature","properties":{"landuse":"farmland"},"geometry":{"type":"Polygon","coordinates":[[[9.2366,40.599],[9.2378,40.5977],[9.2386,40.5982],[9.2366,40.599]]]}},{"type":"Feature","properties":{"landuse":"farmland"},"geometry":{"type":"Polygon","coordinates":[[[9.238,40.5964],[9.2366,40.5963],[9.2384,40.5958],[9.238,40.5964]]]}},{"type":"Feature","properties":{"landuse":"farmland"},"geometry":{"type":"Polygon","coordinates":[[[9.2404,40.5948],[9.24,40.5962],[9.2376,40.5957],[9.2404,40.5948]]]}},{"type":"Feature","properties":{"landuse":"farmland"},"geometry":{"type":"Polygon","coordinates":[[[9.2413,40.6029],[9.2416,40.6021],[9.243,40.6027],[9.2413,40.6029]]]}},{"type":"Feature","properties":{"landuse":"farmland"},"geometry":{"type":"Polygon","coordinates":[[[9.2422,40.6051],[9.2409,40.6041],[9.2413,40.6031],[9.2422,40.6051]]]}},{"type":"Feature","properties":{"landuse":"vineyard"},"geometry":{"type":"Polygon","coordinates":[[[9.1314,39.3986],[9.1314,39.3969],[9.1336,39.3967],[9.1314,39.3986]]]}},{"type":"Feature","properties":{"landuse":"vineyard"},"geometry":{"type":"Polygon","coordinates":[[[9.1271,39.4159],[9.1276,39.4144],[9.129,39.4153],[9.1271,39.4159]]]}},{"type":"Feature","properties":{"landuse":"vineyard"},"geometry":{"type":"Polygon","coordinates":[[[9.1425,39.3412],[9.1422,39.3396],[9.1446,39.341],[9.1425,39.3412]]]}},{"type":"Feature","properties":{"landuse":"vineyard"},"geometry":{"type":"Polygon","coordinates":[[[9.1388,39.3428],[9.1382,39.3421],[9.1408,39.3427],[9.1388,39.3428]]]}},{"type":"Feature","properties":{"landuse":"vineyard"},"geometry":{"type":"Polygon","coordinates":[[[9.1376,39.3451],[9.1352,39.3441],[9.1369,39.3408],[9.1376,39.3451]]]}},{"type":"Feature","properties":{"landuse":"vineyard"},"geometry":{"type":"Polygon","coordinates":[[[9.1382,39.3477],[9.1377,39.3458],[9.1404,39.3457],[9.1382,39.3477]]]}},{"type":"Feature","properties":{"landuse":"vineyard"},"geometry":{"type":"Polygon","coordinates":[[[9.1369,39.3488],[9.1343,39.3472],[9.1351,39.3446],[9.1369,39.3488]]]}},{"type":"Feature","properties":{"landuse":"vineyard"},"geometry":{"type":"Polygon","coordinates":[[[9.143,39.3507],[9.1416,39.3526],[9.1394,39.35],[9.143,39.3507]]]}},{"type":"Feature","properties":{"landuse":"vineyard"},"geometry":{"type":"Polygon","coordinates":[[[9.1348,39.3527],[9.1348,39.3479],[9.1377,39.3492],[9.1348,39.3527]]]}},{"type":"Feature","properties":{"landuse":"vineyard"},"geometry":{"type":"Polygon","coordinates":[[[9.1265,39.3528],[9.1258,39.3489],[9.1295,39.348],[9.1265,39.3528]]]}},{"type":"Feature","properties":{"landuse":"vineyard"},"geometry":{"type":"Polygon","coordinates":[[[9.1302,39.3546],[9.1316,39.353],[9.1311,39.355],[9.1302,39.3546]]]}},{"type":"Feature","properties":{"landuse":"vineyard"},"geometry":{"type":"Polygon","coordinates":[[[9.1212,39.3588],[9.1276,39.3636],[9.1207,39.3627],[9.119,39.3588],[9.1212,39.3588]]]}},{"type":"Feature","properties":{"landuse":"vineyard"},"geometry":{"type":"Polygon","coordinates":[[[9.1397,39.3666],[9.137,39.3681],[9.1386,39.3658],[9.1397,39.3666]]]}},{"type":"Feature","properties":{"landuse":"vineyard"},"geometry":{"type":"Polygon","coordinates":[[[9.1391,39.3689],[9.1358,39.3702],[9.136,39.3684],[9.1391,39.3689]]]}},{"type":"Feature","properties":{"landuse":"vineyard"},"geometry":{"type":"Polygon","coordinates":[[[9.1395,39.3672],[9.1427,39.3673],[9.1419,39.3683],[9.1395,39.3672]]]}},{"type":"Feature","properties":{"landuse":"vineyard"},"geometry":{"type":"Polygon","coordinates":[[[9.1508,39.3544],[9.1499,39.3526],[9.1509,39.3526],[9.1508,39.3544]]]}},{"type":"Feature","properties":{"landuse":"farmland"},"geometry":{"type":"Polygon","coordinates":[[[9.1567,39.3614],[9.154,39.3589],[9.1566,39.3551],[9.1603,39.3574],[9.1567,39.3614]]]}},{"type":"Feature","properties":{"landuse":"vineyard"},"geometry":{"type":"Polygon","coordinates":[[[9.1548,39.3645],[9.1533,39.3635],[9.1553,39.3634],[9.1548,39.3645]]]}},{"type":"Feature","properties":{"landuse":"farmland"},"geometry":{"type":"Polygon","coordinates":[[[9.1492,39.3437],[9.152,39.3453],[9.1485,39.3469],[9.1492,39.3437]]]}},{"type":"Feature","properties":{"landuse":"farmland"},"geometry":{"type":"Polygon","coordinates":[[[9.1559,39.3489],[9.1558,39.3471],[9.1583,39.3475],[9.1559,39.3489]]]}},{"type":"Feature","properties":{"landuse":"farmland"},"geometry":{"type":"Polygon","coordinates":[[[9.1585,39.3493],[9.1584,39.3475],[9.1602,39.3482],[9.1585,39.3493]]]}},{"type":"Feature","properties":{"landuse":"vineyard"},"geometry":{"type":"Polygon","coordinates":[[[9.1232,39.4167],[9.1238,39.4147],[9.1243,39.4157],[9.1232,39.4167]]]}},{"type":"Feature","properties":{"landuse":"farmland"},"geometry":{"type":"Polygon","coordinates":[[[9.097,39.4229],[9.0938,39.4221],[9.0958,39.4212],[9.097,39.4229]]]}},{"type":"Feature","properties":{"landuse":"orchard"},"geometry":{"type":"Polygon","coordinates":[[[9.1618,39.3537],[9.1598,39.3533],[9.162,39.3505],[9.1618,39.3537]]]}},{"type":"Feature","properties":{"landuse":"farmland"},"geometry":{"type":"Polygon","coordinates":[[[9.1635,39.3542],[9.1605,39.3531],[9.1624,39.3512],[9.1635,39.3542]]]}},{"type":"Feature","properties":{"landuse":"vineyard"},"geometry":{"type":"Polygon","coordinates":[[[9.1595,39.3531],[9.1591,39.3523],[9.1606,39.3513],[9.1595,39.3531]]]}},{"type":"Feature","properties":{"landuse":"farmland"},"geometry":{"type":"Polygon","coordinates":[[[9.1608,39.3511],[9.1587,39.3506],[9.1607,39.3494],[9.1608,39.3511]]]}},{"type":"Feature","properties":{"landuse":"farmland"},"geometry":{"type":"Polygon","coordinates":[[[9.1693,39.36],[9.167,39.3564],[9.1734,39.3588],[9.1693,39.36]]]}},{"type":"Feature","properties":{"landuse":"farmland"},"geometry":{"type":"Polygon","coordinates":[[[8.804,40.5207],[8.8057,40.518],[8.8117,40.5193],[8.7995,40.5267],[8.8015,40.5223],[8.8061,40.5216],[8.804,40.5207]]]}},{"type":"Feature","properties":{"landuse":"farmland"},"geometry":{"type":"Polygon","coordinates":[[[8.7945,40.532],[8.7954,40.5265],[8.8003,40.5285],[8.7945,40.532]]]}},{"type":"Feature","properties":{"landuse":"farmland"},"geometry":{"type":"Polygon","coordinates":[[[9.0843,39.2447],[9.0834,39.244],[9.0858,39.2428],[9.0843,39.2447]]]}},{"type":"Feature","properties":{"landuse":"farmland"},"geometry":{"type":"Polygon","coordinates":[[[9.081,39.2477],[9.0825,39.2441],[9.0829,39.2444],[9.081,39.2477]]]}},{"type":"Feature","properties":{"landuse":"green_public_spaces"},"geometry":{"type":"Polygon","coordinates":[[[9.161,39.2438],[9.1483,39.2404],[9.1387,39.2301],[9.1442,39.2144],[9.1436,39.2053],[9.1533,39.2074],[9.1534,39.1973],[9.1564,39.1944],[9.1704,39.2158],[9.1951,39.2238],[9.1901,39.2295],[9.1788,39.2306],[9.172,39.2379],[9.1747,39.242],[9.161,39.2438]]]}},{"type":"Feature","properties":{"landuse":"green_public_spaces"},"geometry":{"type":"Polygon","coordinates":[[[9.1492,39.2106],[9.1482,39.2136],[9.1465,39.2133],[9.1492,39.2106]]]}},{"type":"Feature","properties":{"landuse":"orchard"},"geometry":{"type":"Polygon","coordinates":[[[8.6381,40.1154],[8.6394,40.1175],[8.637,40.1174],[8.6381,40.1154]]]}},{"type":"Feature","properties":{"landuse":"orchard"},"geometry":{"type":"Polygon","coordinates":[[[8.6239,40.1167],[8.6304,40.1126],[8.6337,40.1158],[8.6254,40.1202],[8.6239,40.1167]]]}},{"type":"Feature","properties":{"landuse":"orchard"},"geometry":{"type":"Polygon","coordinates":[[[8.637,40.1203],[8.6257,40.1205],[8.6358,40.1174],[8.637,40.1203]]]}},{"type":"Feature","properties":{"landuse":"vineyard"},"geometry":{"type":"Polygon","coordinates":[[[8.3218,40.6395],[8.3227,40.6374],[8.3239,40.6397],[8.3218,40.6395]]]}},{"type":"Feature","properties":{"landuse":"vineyard"},"geometry":{"type":"Polygon","coordinates":[[[8.325,40.6332],[8.3261,40.6339],[8.3243,40.6356],[8.325,40.6332]]]}},{"type":"Feature","properties":{"landuse":"green_public_spaces"},"geometry":{"type":"Polygon","coordinates":[[[9.6145,39.4448],[9.6144,39.4302],[9.6112,39.4272],[9.5961,39.4326],[9.5852,39.4339],[9.5824,39.4312],[9.6066,39.4234],[9.6233,39.4246],[9.6205,39.4198],[9.6322,39.4197],[9.6384,39.4229],[9.6416,39.4348],[9.6341,39.4373],[9.6282,39.4317],[9.621,39.4325],[9.6292,39.4375],[9.6237,39.441],[9.6284,39.444],[9.6187,39.4482],[9.6145,39.4448]]]}},{"type":"Feature","properties":{"landuse":"green_public_spaces"},"geometry":{"type":"Polygon","coordinates":[[[9.6433,39.666],[9.6415,39.6644],[9.6453,39.6648],[9.6433,39.666]]]}},{"type":"Feature","properties":{"landuse":"green_public_spaces"},"geometry":{"type":"Polygon","coordinates":[[[8.4477,40.7904],[8.4481,40.7891],[8.4508,40.7914],[8.4477,40.7904]]]}},{"type":"Feature","properties":{"landuse":"vineyard"},"geometry":{"type":"Polygon","coordinates":[[[9.3731,41.1579],[9.3732,41.1561],[9.3765,41.157],[9.3731,41.1579]]]}},{"type":"Feature","properties":{"landuse":"vineyard"},"geometry":{"type":"Polygon","coordinates":[[[9.3735,41.1561],[9.3766,41.1551],[9.3765,41.1569],[9.3735,41.1561]]]}},{"type":"Feature","properties":{"landuse":"vineyard"},"geometry":{"type":"Polygon","coordinates":[[[9.42,41.0701],[9.421,41.069],[9.4231,41.0707],[9.42,41.0701]]]}},{"type":"Feature","properties":{"landuse":"vineyard"},"geometry":{"type":"Polygon","coordinates":[[[9.3969,41.0658],[9.3983,41.0651],[9.3995,41.066],[9.3969,41.0658]]]}},{"type":"Feature","properties":{"landuse":"vineyard"},"geometry":{"type":"Polygon","coordinates":[[[9.396,41.0686],[9.3949,41.0665],[9.3976,41.0664],[9.396,41.0686]]]}},{"type":"Feature","properties":{"landuse":"green_public_spaces"},"geometry":{"type":"Polygon","coordinates":[[[9.0513,39.8574],[9.0507,39.8558],[9.052,39.8563],[9.0513,39.8574]]]}},{"type":"Feature","properties":{"landuse":"green_public_spaces"},"geometry":{"type":"Polygon","coordinates":[[[8.5607,40.5937],[8.5605,40.5927],[8.5623,40.5929],[8.5607,40.5937]]]}},{"type":"Feature","properties":{"landuse":"orchard"},"geometry":{"type":"Polygon","coordinates":[[[9.6888,40.3516],[9.69,40.3506],[9.6904,40.3511],[9.6888,40.3516]]]}},{"type":"Feature","properties":{"landuse":"green_public_spaces"},"geometry":{"type":"Polygon","coordinates":[[[9.1822,39.3741],[9.1809,39.3721],[9.1866,39.3701],[9.1822,39.3741]]]}},{"type":"Feature","properties":{"landuse":"farmland"},"geometry":{"type":"Polygon","coordinates":[[[9.1348,39.523],[9.1342,39.5148],[9.1379,39.5147],[9.1348,39.523]]]}},{"type":"Feature","properties":{"landuse":"farmland"},"geometry":{"type":"Polygon","coordinates":[[[9.1089,39.5129],[9.1096,39.5105],[9.1158,39.5156],[9.1137,39.5171],[9.1089,39.5129]]]}},{"type":"Feature","properties":{"landuse":"farmland"},"geometry":{"type":"Polygon","coordinates":[[[9.1071,39.5298],[9.1109,39.5235],[9.114,39.5276],[9.1111,39.5313],[9.1071,39.5298]]]}},{"type":"Feature","properties":{"landuse":"farmland"},"geometry":{"type":"Polygon","coordinates":[[[9.1271,39.5257],[9.128,39.5265],[9.1252,39.5269],[9.1271,39.5257]]]}},{"type":"Feature","properties":{"landuse":"farmland"},"geometry":{"type":"Polygon","coordinates":[[[9.1282,39.5251],[9.1288,39.526],[9.1271,39.5257],[9.1282,39.5251]]]}},{"type":"Feature","properties":{"landuse":"farmland"},"geometry":{"type":"Polygon","coordinates":[[[9.129,39.5245],[9.1298,39.5254],[9.1283,39.5255],[9.129,39.5245]]]}},{"type":"Feature","properties":{"landuse":"orchard"},"geometry":{"type":"Polygon","coordinates":[[[9.1302,39.5265],[9.1283,39.5273],[9.1288,39.526],[9.1302,39.5265]]]}},{"type":"Feature","properties":{"landuse":"orchard"},"geometry":{"type":"Polygon","coordinates":[[[9.1301,39.5268],[9.131,39.526],[9.1314,39.5272],[9.1301,39.5268]]]}},{"type":"Feature","properties":{"landuse":"farmland"},"geometry":{"type":"Polygon","coordinates":[[[9.1291,39.5258],[9.1305,39.525],[9.1302,39.5265],[9.1291,39.5258]]]}},{"type":"Feature","properties":{"landuse":"farmland"},"geometry":{"type":"Polygon","coordinates":[[[9.1252,39.5269],[9.1247,39.5264],[9.1286,39.5241],[9.1252,39.5269]]]}},{"type":"Feature","properties":{"landuse":"farmland"},"geometry":{"type":"Polygon","coordinates":[[[9.129,39.5239],[9.1247,39.5264],[9.1297,39.5302],[9.1206,39.527],[9.1265,39.5197],[9.129,39.5239]]]}},{"type":"Feature","properties":{"landuse":"farmland"},"geometry":{"type":"Polygon","coordinates":[[[8.8011,40.1138],[8.8173,40.1165],[8.8128,40.1225],[8.8016,40.1177],[8.8011,40.1138]]]}},{"type":"Feature","properties":{"landuse":"orchard"},"geometry":{"type":"Polygon","coordinates":[[[8.5605,40.6099],[8.5579,40.6087],[8.561,40.608],[8.5605,40.6099]]]}},{"type":"Feature","properties":{"landuse":"orchard"},"geometry":{"type":"Polygon","coordinates":[[[8.5649,40.6072],[8.5656,40.609],[8.5629,40.6105],[8.5649,40.6072]]]}},{"type":"Feature","properties":{"landuse":"orchard"},"geometry":{"type":"Polygon","coordinates":[[[8.5613,40.612],[8.5605,40.6105],[8.5623,40.6095],[8.5613,40.612]]]}},{"type":"Feature","properties":{"landuse":"orchard"},"geometry":{"type":"Polygon","coordinates":[[[8.5693,40.6083],[8.5689,40.6073],[8.5701,40.6069],[8.5693,40.6083]]]}},{"type":"Feature","properties":{"landuse":"orchard"},"geometry":{"type":"Polygon","coordinates":[[[8.5711,40.6056],[8.572,40.6039],[8.5737,40.606],[8.5711,40.6056]]]}},{"type":"Feature","properties":{"landuse":"orchard"},"geometry":{"type":"Polygon","coordinates":[[[8.5712,40.6057],[8.5743,40.6073],[8.5747,40.6103],[8.5712,40.6057]]]}},{"type":"Feature","properties":{"landuse":"farmland"},"geometry":{"type":"Polygon","coordinates":[[[8.5748,40.5927],[8.5756,40.5939],[8.5737,40.5938],[8.5748,40.5927]]]}},{"type":"Feature","properties":{"landuse":"farmland"},"geometry":{"type":"Polygon","coordinates":[[[8.3523,39.0981],[8.3516,39.0972],[8.3531,39.098],[8.3523,39.0981]]]}},{"type":"Feature","properties":{"landuse":"green_public_spaces"},"geometry":{"type":"Polygon","coordinates":[[[9.5049,40.9236],[9.5065,40.9247],[9.5036,40.9249],[9.5049,40.9236]]]}},{"type":"Feature","properties":{"landuse":"farmland"},"geometry":{"type":"Polygon","coordinates":[[[8.554,40.5921],[8.5557,40.591],[8.5533,40.594],[8.554,40.5921]]]}},{"type":"Feature","properties":{"landuse":"farmland"},"geometry":{"type":"Polygon","coordinates":[[[8.5619,40.6069],[8.5634,40.6074],[8.5613,40.6088],[8.5619,40.6069]]]}},{"type":"Feature","properties":{"landuse":"farmland"},"geometry":{"type":"Polygon","coordinates":[[[8.3669,40.6558],[8.3662,40.6551],[8.3676,40.6547],[8.3669,40.6558]]]}},{"type":"Feature","properties":{"landuse":"farmland"},"geometry":{"type":"Polygon","coordinates":[[[8.3645,40.6566],[8.3631,40.6569],[8.3627,40.6541],[8.3645,40.6566]]]}},{"type":"Feature","properties":{"landuse":"farmland"},"geometry":{"type":"Polygon","coordinates":[[[8.3648,40.6568],[8.3654,40.6608],[8.3627,40.6588],[8.3648,40.6568]]]}},{"type":"Feature","properties":{"landuse":"farmland"},"geometry":{"type":"Polygon","coordinates":[[[8.4797,40.5091],[8.4819,40.5093],[8.4802,40.5099],[8.4797,40.5091]]]}},{"type":"Feature","properties":{"landuse":"farmland"},"geometry":{"type":"Polygon","coordinates":[[[8.5585,40.5915],[8.5583,40.5905],[8.5606,40.5903],[8.5585,40.5915]]]}},{"type":"Feature","properties":{"landuse":"farmland"},"geometry":{"type":"Polygon","coordinates":[[[8.6784,40.5191],[8.6767,40.5179],[8.6785,40.5177],[8.6784,40.5191]]]}},{"type":"Feature","properties":{"landuse":"orchard"},"geometry":{"type":"Polygon","coordinates":[[[8.5086,40.6422],[8.5123,40.6429],[8.5118,40.6448],[8.5086,40.6422]]]}},{"type":"Feature","properties":{"landuse":"orchard"},"geometry":{"type":"Polygon","coordinates":[[[8.5102,40.644],[8.5124,40.646],[8.5105,40.6498],[8.5135,40.6498],[8.5004,40.6542],[8.4965,40.6495],[8.4992,40.6483],[8.4903,40.649],[8.4854,40.6459],[8.4942,40.6437],[8.4983,40.6471],[8.4976,40.6444],[8.5102,40.644]]]}},{"type":"Feature","properties":{"landuse":"farmland"},"geometry":{"type":"Polygon","coordinates":[[[8.5036,40.6482],[8.5053,40.649],[8.5015,40.6505],[8.5036,40.6482]]]}},{"type":"Feature","properties":{"landuse":"farmland"},"geometry":{"type":"Polygon","coordinates":[[[8.5019,40.6459],[8.5033,40.6462],[8.501,40.6468],[8.5019,40.6459]]]}},{"type":"Feature","properties":{"landuse":"farmland"},"geometry":{"type":"Polygon","coordinates":[[[8.4902,40.6491],[8.4962,40.6495],[8.4922,40.6508],[8.4902,40.6491]]]}},{"type":"Feature","properties":{"landuse":"orchard"},"geometry":{"type":"Polygon","coordinates":[[[8.496,40.6556],[8.4944,40.6525],[8.4957,40.6525],[8.496,40.6556]]]}},{"type":"Feature","properties":{"landuse":"farmland"},"geometry":{"type":"Polygon","coordinates":[[[8.4955,40.6543],[8.4944,40.6525],[8.4985,40.6511],[8.5004,40.6542],[8.4955,40.6543]]]}},{"type":"Feature","properties":{"landuse":"orchard"},"geometry":{"type":"Polygon","coordinates":[[[8.4941,40.6496],[8.4964,40.6515],[8.4939,40.6508],[8.4941,40.6496]]]}},{"type":"Feature","properties":{"landuse":"farmland"},"geometry":{"type":"Polygon","coordinates":[[[8.4983,40.646],[8.4983,40.6471],[8.496,40.6474],[8.4983,40.646]]]}},{"type":"Feature","properties":{"landuse":"orchard"},"geometry":{"type":"Polygon","coordinates":[[[8.4952,40.6384],[8.4974,40.6407],[8.4924,40.6436],[8.4952,40.6384]]]}},{"type":"Feature","properties":{"landuse":"farmland"},"geometry":{"type":"Polygon","coordinates":[[[8.4913,40.6381],[8.4928,40.6395],[8.4909,40.6398],[8.4913,40.6381]]]}},{"type":"Feature","properties":{"landuse":"orchard"},"geometry":{"type":"Polygon","coordinates":[[[8.4909,40.6397],[8.4926,40.6424],[8.485,40.6455],[8.4821,40.6438],[8.4909,40.6397]]]}},{"type":"Feature","properties":{"landuse":"orchard"},"geometry":{"type":"Polygon","coordinates":[[[8.4767,40.643],[8.4795,40.6419],[8.4933,40.654],[8.4858,40.6555],[8.4883,40.6585],[8.4748,40.6554],[8.4734,40.6533],[8.4799,40.6523],[8.4779,40.6512],[8.4804,40.6484],[8.4781,40.6481],[8.4806,40.6459],[8.4767,40.643]]]}},{"type":"Feature","properties":{"landuse":"farmland"},"geometry":{"type":"Polygon","coordinates":[[[8.4752,40.6555],[8.4771,40.6573],[8.4751,40.6579],[8.4752,40.6555]]]}},{"type":"Feature","properties":{"landuse":"orchard"},"geometry":{"type":"Polygon","coordinates":[[[8.4767,40.643],[8.4785,40.6441],[8.474,40.6478],[8.4672,40.6497],[8.4726,40.6421],[8.4767,40.643]]]}},{"type":"Feature","properties":{"landuse":"orchard"},"geometry":{"type":"Polygon","coordinates":[[[8.4731,40.6479],[8.4774,40.6489],[8.4684,40.6531],[8.4731,40.6479]]]}},{"type":"Feature","properties":{"landuse":"green_public_spaces"},"geometry":{"type":"Polygon","coordinates":[[[9.1659,39.2281],[9.167,39.2242],[9.1689,39.2253],[9.1659,39.2281]]]}},{"type":"Feature","properties":{"landuse":"farmland"},"geometry":{"type":"Polygon","coordinates":[[[8.5839,40.6071],[8.5853,40.6073],[8.5851,40.609],[8.5839,40.6071]]]}},{"type":"Feature","properties":{"landuse":"farmland"},"geometry":{"type":"Polygon","coordinates":[[[8.5866,40.6106],[8.5852,40.6114],[8.5846,40.61],[8.5866,40.6106]]]}},{"type":"Feature","properties":{"landuse":"orchard"},"geometry":{"type":"Polygon","coordinates":[[[8.5869,40.6112],[8.5847,40.6145],[8.5865,40.6133],[8.583,40.6116],[8.5869,40.6112]]]}},{"type":"Feature","properties":{"landuse":"farmland"},"geometry":{"type":"Polygon","coordinates":[[[8.5859,40.6114],[8.5864,40.6122],[8.5847,40.6128],[8.5859,40.6114]]]}},{"type":"Feature","properties":{"landuse":"orchard"},"geometry":{"type":"Polygon","coordinates":[[[8.5861,40.6164],[8.5805,40.6232],[8.5806,40.6198],[8.5861,40.6164]]]}},{"type":"Feature","properties":{"landuse":"orchard"},"geometry":{"type":"Polygon","coordinates":[[[8.5879,40.6067],[8.5895,40.6057],[8.5924,40.6064],[8.5879,40.6067]]]}},{"type":"Feature","properties":{"landuse":"orchard"},"geometry":{"type":"Polygon","coordinates":[[[8.5889,40.607],[8.5882,40.6097],[8.5874,40.6076],[8.5889,40.607]]]}},{"type":"Feature","properties":{"landuse":"farmland"},"geometry":{"type":"Polygon","coordinates":[[[8.5661,40.6638],[8.5645,40.664],[8.5642,40.6624],[8.5661,40.6638]]]}},{"type":"Feature","properties":{"landuse":"farmland"},"geometry":{"type":"Polygon","coordinates":[[[8.5706,40.6664],[8.5685,40.6653],[8.5702,40.6645],[8.5706,40.6664]]]}},{"type":"Feature","properties":{"landuse":"farmland"},"geometry":{"type":"Polygon","coordinates":[[[8.5744,40.6592],[8.5768,40.659],[8.5756,40.6602],[8.5744,40.6592]]]}},{"type":"Feature","properties":{"landuse":"farmland"},"geometry":{"type":"Polygon","coordinates":[[[8.5853,40.5878],[8.5839,40.5855],[8.5853,40.5857],[8.5853,40.5878]]]}},{"type":"Feature","properties":{"landuse":"farmland"},"geometry":{"type":"Polygon","coordinates":[[[8.5806,40.5757],[8.5813,40.5774],[8.5797,40.5775],[8.5806,40.5757]]]}},{"type":"Feature","properties":{"landuse":"farmland"},"geometry":{"type":"Polygon","coordinates":[[[8.5778,40.575],[8.5806,40.575],[8.5803,40.5758],[8.5778,40.575]]]}},{"type":"Feature","properties":{"landuse":"farmland"},"geometry":{"type":"Polygon","coordinates":[[[8.5751,40.5726],[8.5779,40.5727],[8.5755,40.574],[8.5751,40.5726]]]}},{"type":"Feature","properties":{"landuse":"farmland"},"geometry":{"type":"Polygon","coordinates":[[[8.575,40.5692],[8.5771,40.5678],[8.5804,40.5697],[8.575,40.5692]]]}},{"type":"Feature","properties":{"landuse":"farmland"},"geometry":{"type":"Polygon","coordinates":[[[8.5825,40.5769],[8.5807,40.5756],[8.5812,40.5735],[8.5825,40.5769]]]}},{"type":"Feature","properties":{"landuse":"farmland"},"geometry":{"type":"Polygon","coordinates":[[[8.5832,40.5736],[8.5818,40.5734],[8.5828,40.5714],[8.5832,40.5736]]]}},{"type":"Feature","properties":{"landuse":"farmland"},"geometry":{"type":"Polygon","coordinates":[[[8.5804,40.5706],[8.5818,40.5732],[8.5805,40.5722],[8.5804,40.5706]]]}},{"type":"Feature","properties":{"landuse":"farmland"},"geometry":{"type":"Polygon","coordinates":[[[8.5837,40.5716],[8.5826,40.5711],[8.5842,40.5706],[8.5837,40.5716]]]}},{"type":"Feature","properties":{"landuse":"farmland"},"geometry":{"type":"Polygon","coordinates":[[[8.584,40.673],[8.5805,40.6705],[8.584,40.6678],[8.584,40.673]]]}},{"type":"Feature","properties":{"landuse":"farmland"},"geometry":{"type":"Polygon","coordinates":[[[8.5892,40.6669],[8.5878,40.6652],[8.591,40.6653],[8.5892,40.6669]]]}},{"type":"Feature","properties":{"landuse":"farmland"},"geometry":{"type":"Polygon","coordinates":[[[8.5878,40.6652],[8.5866,40.6643],[8.5892,40.6636],[8.5878,40.6652]]]}},{"type":"Feature","properties":{"landuse":"farmland"},"geometry":{"type":"Polygon","coordinates":[[[8.5866,40.6644],[8.5878,40.6669],[8.5845,40.6675],[8.5866,40.6644]]]}},{"type":"Feature","properties":{"landuse":"orchard"},"geometry":{"type":"Polygon","coordinates":[[[8.5842,40.6647],[8.5814,40.6644],[8.5824,40.6623],[8.5842,40.6647]]]}},{"type":"Feature","properties":{"landuse":"orchard"},"geometry":{"type":"Polygon","coordinates":[[[8.5852,40.6629],[8.5833,40.6611],[8.5909,40.6576],[8.5869,40.6614],[8.5895,40.6624],[8.5852,40.6629]]]}},{"type":"Feature","properties":{"landuse":"farmland"},"geometry":{"type":"Polygon","coordinates":[[[8.5923,40.6595],[8.5943,40.6573],[8.5942,40.6586],[8.5923,40.6595]]]}},{"type":"Feature","properties":{"landuse":"farmland"},"geometry":{"type":"Polygon","coordinates":[[[8.5924,40.6715],[8.5923,40.6729],[8.591,40.6724],[8.5924,40.6715]]]}},{"type":"Feature","properties":{"landuse":"farmland"},"geometry":{"type":"Polygon","coordinates":[[[8.5986,40.667],[8.5991,40.6657],[8.6017,40.665],[8.5986,40.667]]]}},{"type":"Feature","properties":{"landuse":"farmland"},"geometry":{"type":"Polygon","coordinates":[[[8.5737,40.6815],[8.5718,40.6843],[8.5713,40.6823],[8.5737,40.6815]]]}},{"type":"Feature","properties":{"landuse":"farmland"},"geometry":{"type":"Polygon","coordinates":[[[8.5756,40.6808],[8.5714,40.6822],[8.5727,40.6796],[8.5756,40.6808]]]}},{"type":"Feature","properties":{"landuse":"farmland"},"geometry":{"type":"Polygon","coordinates":[[[8.5733,40.6837],[8.5753,40.6822],[8.5739,40.6845],[8.5733,40.6837]]]}},{"type":"Feature","properties":{"landuse":"farmland"},"geometry":{"type":"Polygon","coordinates":[[[8.5644,40.6801],[8.5678,40.6784],[8.5657,40.6808],[8.5644,40.6801]]]}},{"type":"Feature","properties":{"landuse":"farmland"},"geometry":{"type":"Polygon","coordinates":[[[8.5601,40.6804],[8.5565,40.681],[8.5553,40.6794],[8.5601,40.6804]]]}},{"type":"Feature","properties":{"landuse":"farmland"},"geometry":{"type":"Polygon","coordinates":[[[8.5506,40.6758],[8.5486,40.6763],[8.5505,40.6733],[8.5506,40.6758]]]}},{"type":"Feature","properties":{"landuse":"farmland"},"geometry":{"type":"Polygon","coordinates":[[[8.5464,40.6721],[8.548,40.6719],[8.5481,40.673],[8.5464,40.6721]]]}},{"type":"Feature","properties":{"landuse":"farmland"},"geometry":{"type":"Polygon","coordinates":[[[8.532,40.664],[8.5305,40.664],[8.5306,40.6629],[8.532,40.664]]]}},{"type":"Feature","properties":{"landuse":"green_public_spaces"},"geometry":{"type":"Polygon","coordinates":[[[9.3834,41.0771],[9.385,41.0767],[9.3845,41.0776],[9.3834,41.0771]]]}},{"type":"Feature","properties":{"landuse":"orchard"},"geometry":{"type":"Polygon","coordinates":[[[8.5765,40.6085],[8.5813,40.6092],[8.5815,40.6121],[8.5765,40.6085]]]}},{"type":"Feature","properties":{"landuse":"farmland"},"geometry":{"type":"Polygon","coordinates":[[[8.5778,40.6106],[8.5795,40.6107],[8.5777,40.6124],[8.5778,40.6106]]]}},{"type":"Feature","properties":{"landuse":"farmland"},"geometry":{"type":"Polygon","coordinates":[[[9.6771,40.7621],[9.6787,40.7615],[9.6801,40.7633],[9.6771,40.7621]]]}},{"type":"Feature","properties":{"landuse":"orchard"},"geometry":{"type":"Polygon","coordinates":[[[9.6523,40.7916],[9.6505,40.7914],[9.6522,40.7897],[9.6523,40.7916]]]}},{"type":"Feature","properties":{"landuse":"orchard"},"geometry":{"type":"Polygon","coordinates":[[[9.6504,40.7906],[9.6483,40.791],[9.6503,40.7896],[9.6504,40.7906]]]}},{"type":"Feature","properties":{"landuse":"orchard"},"geometry":{"type":"Polygon","coordinates":[[[9.6499,40.792],[9.6478,40.7926],[9.6482,40.7917],[9.6499,40.792]]]}},{"type":"Feature","properties":{"landuse":"farmland"},"geometry":{"type":"Polygon","coordinates":[[[9.654,40.8063],[9.658,40.8089],[9.6535,40.8095],[9.654,40.8063]]]}},{"type":"Feature","properties":{"landuse":"vineyard"},"geometry":{"type":"Polygon","coordinates":[[[9.6322,39.8063],[9.6317,39.8049],[9.6324,39.8048],[9.6322,39.8063]]]}},{"type":"Feature","properties":{"landuse":"farmland"},"geometry":{"type":"Polygon","coordinates":[[[9.6623,40.7629],[9.6654,40.7635],[9.6665,40.765],[9.6623,40.7629]]]}},{"type":"Feature","properties":{"landuse":"farmland"},"geometry":{"type":"Polygon","coordinates":[[[9.6697,40.7621],[9.6695,40.7609],[9.6718,40.7609],[9.6697,40.7621]]]}},{"type":"Feature","properties":{"landuse":"orchard"},"geometry":{"type":"Polygon","coordinates":[[[9.6507,40.7792],[9.6529,40.7805],[9.6507,40.7805],[9.6507,40.7792]]]}},{"type":"Feature","properties":{"landuse":"orchard"},"geometry":{"type":"Polygon","coordinates":[[[9.6512,40.7711],[9.6503,40.7719],[9.6502,40.771],[9.6512,40.7711]]]}},{"type":"Feature","properties":{"landuse":"orchard"},"geometry":{"type":"Polygon","coordinates":[[[9.6532,40.773],[9.6546,40.7731],[9.6533,40.7742],[9.6532,40.773]]]}},{"type":"Feature","properties":{"landuse":"farmland"},"geometry":{"type":"Polygon","coordinates":[[[9.6522,40.7886],[9.6562,40.7888],[9.654,40.7898],[9.6522,40.7886]]]}},{"type":"Feature","properties":{"landuse":"orchard"},"geometry":{"type":"Polygon","coordinates":[[[9.6483,40.7617],[9.6493,40.7611],[9.6509,40.7621],[9.6483,40.7617]]]}},{"type":"Feature","properties":{"landuse":"farmland"},"geometry":{"type":"Polygon","coordinates":[[[9.6562,40.7871],[9.6538,40.788],[9.6541,40.7862],[9.6562,40.7871]]]}},{"type":"Feature","properties":{"landuse":"orchard"},"geometry":{"type":"Polygon","coordinates":[[[9.6973,40.7175],[9.6992,40.7163],[9.6978,40.718],[9.6973,40.7175]]]}},{"type":"Feature","properties":{"landuse":"orchard"},"geometry":{"type":"Polygon","coordinates":[[[9.7001,40.7175],[9.6991,40.7194],[9.6977,40.7194],[9.7001,40.7175]]]}},{"type":"Feature","properties":{"landuse":"orchard"},"geometry":{"type":"Polygon","coordinates":[[[9.6871,40.7159],[9.6838,40.7172],[9.6881,40.7151],[9.6871,40.7159]]]}},{"type":"Feature","properties":{"landuse":"farmland"},"geometry":{"type":"Polygon","coordinates":[[[9.6315,40.7856],[9.6327,40.7847],[9.6336,40.7867],[9.6315,40.7856]]]}},{"type":"Feature","properties":{"landuse":"orchard"},"geometry":{"type":"Polygon","coordinates":[[[8.4375,39.0201],[8.4397,39.0199],[8.4382,39.0209],[8.4375,39.0201]]]}},{"type":"Feature","properties":{"landuse":"farmland"},"geometry":{"type":"Polygon","coordinates":[[[9.6413,40.787],[9.6423,40.7869],[9.6429,40.7886],[9.6413,40.787]]]}},{"type":"Feature","properties":{"landuse":"orchard"},"geometry":{"type":"Polygon","coordinates":[[[9.6459,40.7949],[9.6463,40.7962],[9.645,40.796],[9.6459,40.7949]]]}},{"type":"Feature","properties":{"landuse":"farmland"},"geometry":{"type":"Polygon","coordinates":[[[9.635,40.7919],[9.6357,40.7932],[9.6321,40.7926],[9.635,40.7919]]]}},{"type":"Feature","properties":{"landuse":"farmland"},"geometry":{"type":"Polygon","coordinates":[[[9.6413,40.7919],[9.6431,40.792],[9.6428,40.7931],[9.6413,40.7919]]]}},{"type":"Feature","properties":{"landuse":"orchard"},"geometry":{"type":"Polygon","coordinates":[[[9.6494,40.8048],[9.6509,40.804],[9.6498,40.8053],[9.6494,40.8048]]]}},{"type":"Feature","properties":{"landuse":"orchard"},"geometry":{"type":"Polygon","coordinates":[[[9.6274,39.8269],[9.628,39.8251],[9.6295,39.8254],[9.6274,39.8269]]]}},{"type":"Feature","properties":{"landuse":"orchard"},"geometry":{"type":"Polygon","coordinates":[[[9.6251,39.8246],[9.6276,39.8246],[9.6264,39.8253],[9.6251,39.8246]]]}},{"type":"Feature","properties":{"landuse":"farmland"},"geometry":{"type":"Polygon","coordinates":[[[9.6381,40.7892],[9.6398,40.7893],[9.636,40.7892],[9.6381,40.7892]]]}},{"type":"Feature","properties":{"landuse":"farmland"},"geometry":{"type":"Polygon","coordinates":[[[9.6502,40.798],[9.6514,40.7984],[9.6495,40.8],[9.6502,40.798]]]}},{"type":"Feature","properties":{"landuse":"orchard"},"geometry":{"type":"Polygon","coordinates":[[[9.6319,39.8079],[9.6325,39.8088],[9.6314,39.8091],[9.6319,39.8079]]]}},{"type":"Feature","properties":{"landuse":"farmland"},"geometry":{"type":"Polygon","coordinates":[[[9.6446,39.8124],[9.6438,39.8102],[9.6453,39.8101],[9.6446,39.8124]]]}},{"type":"Feature","properties":{"landuse":"farmland"},"geometry":{"type":"Polygon","coordinates":[[[9.6469,39.812],[9.6463,39.8107],[9.6471,39.8107],[9.6469,39.812]]]}},{"type":"Feature","properties":{"landuse":"farmland"},"geometry":{"type":"Polygon","coordinates":[[[9.6484,39.8121],[9.6471,39.8104],[9.6516,39.809],[9.6512,39.8125],[9.6484,39.8121]]]}},{"type":"Feature","properties":{"landuse":"farmland"},"geometry":{"type":"Polygon","coordinates":[[[9.6617,39.8142],[9.6603,39.8125],[9.6665,39.8119],[9.6681,39.8148],[9.6617,39.8142]]]}},{"type":"Feature","properties":{"landuse":"farmland"},"geometry":{"type":"Polygon","coordinates":[[[9.6691,39.8166],[9.6667,39.8119],[9.6701,39.8152],[9.6691,39.8166]]]}},{"type":"Feature","properties":{"landuse":"farmland"},"geometry":{"type":"Polygon","coordinates":[[[9.6692,39.8197],[9.6694,39.8183],[9.6704,39.8184],[9.6692,39.8197]]]}},{"type":"Feature","properties":{"landuse":"farmland"},"geometry":{"type":"Polygon","coordinates":[[[9.6703,39.8202],[9.6704,39.819],[9.6714,39.8197],[9.6703,39.8202]]]}},{"type":"Feature","properties":{"landuse":"farmland"},"geometry":{"type":"Polygon","coordinates":[[[9.6708,39.8172],[9.6718,39.8163],[9.6725,39.8169],[9.6708,39.8172]]]}},{"type":"Feature","properties":{"landuse":"farmland"},"geometry":{"type":"Polygon","coordinates":[[[9.667,39.8036],[9.6657,39.8067],[9.6642,39.8042],[9.667,39.8036]]]}},{"type":"Feature","properties":{"landuse":"farmland"},"geometry":{"type":"Polygon","coordinates":[[[9.6621,39.8067],[9.6645,39.8057],[9.6649,39.8071],[9.6621,39.8067]]]}},{"type":"Feature","properties":{"landuse":"farmland"},"geometry":{"type":"Polygon","coordinates":[[[9.6619,39.806],[9.6608,39.8047],[9.6628,39.8044],[9.6619,39.806]]]}},{"type":"Feature","properties":{"landuse":"farmland"},"geometry":{"type":"Polygon","coordinates":[[[9.658,39.8037],[9.6613,39.8039],[9.6603,39.8062],[9.658,39.8037]]]}},{"type":"Feature","properties":{"landuse":"farmland"},"geometry":{"type":"Polygon","coordinates":[[[9.6583,39.8047],[9.6536,39.8035],[9.6572,39.8028],[9.6583,39.8047]]]}},{"type":"Feature","properties":{"landuse":"farmland"},"geometry":{"type":"Polygon","coordinates":[[[9.6546,39.8052],[9.6587,39.8065],[9.6558,39.8077],[9.6546,39.8052]]]}},{"type":"Feature","properties":{"landuse":"farmland"},"geometry":{"type":"Polygon","coordinates":[[[9.6633,39.8113],[9.6662,39.8111],[9.6664,39.8118],[9.6633,39.8113]]]}},{"type":"Feature","properties":{"landuse":"farmland"},"geometry":{"type":"Polygon","coordinates":[[[9.6666,39.8118],[9.6687,39.8097],[9.6692,39.8114],[9.6666,39.8118]]]}},{"type":"Feature","properties":{"landuse":"farmland"},"geometry":{"type":"Polygon","coordinates":[[[9.667,39.8088],[9.6681,39.8078],[9.6684,39.8085],[9.667,39.8088]]]}},{"type":"Feature","properties":{"landuse":"farmland"},"geometry":{"type":"Polygon","coordinates":[[[9.6687,39.8092],[9.6699,39.8083],[9.6704,39.8101],[9.6687,39.8092]]]}},{"type":"Feature","properties":{"landuse":"farmland"},"geometry":{"type":"Polygon","coordinates":[[[9.6683,39.8131],[9.6694,39.8122],[9.6697,39.8129],[9.6683,39.8131]]]}},{"type":"Feature","properties":{"landuse":"farmland"},"geometry":{"type":"Polygon","coordinates":[[[9.6697,39.8129],[9.673,39.8138],[9.6704,39.8156],[9.6697,39.8129]]]}},{"type":"Feature","properties":{"landuse":"farmland"},"geometry":{"type":"Polygon","coordinates":[[[9.6624,39.8182],[9.6645,39.8179],[9.6627,39.8219],[9.6624,39.8182]]]}},{"type":"Feature","properties":{"landuse":"farmland"},"geometry":{"type":"Polygon","coordinates":[[[9.6638,39.8217],[9.665,39.8198],[9.6674,39.8206],[9.6638,39.8217]]]}},{"type":"Feature","properties":{"landuse":"farmland"},"geometry":{"type":"Polygon","coordinates":[[[9.6672,39.8205],[9.6652,39.818],[9.6669,39.8188],[9.6672,39.8205]]]}},{"type":"Feature","properties":{"landuse":"farmland"},"geometry":{"type":"Polygon","coordinates":[[[9.6306,39.8061],[9.6305,39.8026],[9.6319,39.8059],[9.6306,39.8061]]]}},{"type":"Feature","properties":{"landuse":"farmland"},"geometry":{"type":"Polygon","coordinates":[[[9.635,39.8107],[9.6341,39.8101],[9.6348,39.809],[9.635,39.8107]]]}},{"type":"Feature","properties":{"landuse":"farmland"},"geometry":{"type":"Polygon","coordinates":[[[9.6385,39.8095],[9.6365,39.8105],[9.6406,39.805],[9.6434,39.8063],[9.6385,39.8095]]]}},{"type":"Feature","properties":{"landuse":"farmland"},"geometry":{"type":"Polygon","coordinates":[[[9.6775,39.8275],[9.6793,39.8272],[9.6786,39.8285],[9.6775,39.8275]]]}},{"type":"Feature","properties":{"landuse":"farmland"},"geometry":{"type":"Polygon","coordinates":[[[9.6775,39.8274],[9.6764,39.826],[9.678,39.8256],[9.6775,39.8274]]]}},{"type":"Feature","properties":{"landuse":"farmland"},"geometry":{"type":"Polygon","coordinates":[[[9.6762,39.8248],[9.6774,39.8231],[9.6781,39.8243],[9.6762,39.8248]]]}},{"type":"Feature","properties":{"landuse":"farmland"},"geometry":{"type":"Polygon","coordinates":[[[9.6748,39.8271],[9.6732,39.8258],[9.6749,39.8257],[9.6748,39.8271]]]}},{"type":"Feature","properties":{"landuse":"farmland"},"geometry":{"type":"Polygon","coordinates":[[[9.673,39.8255],[9.6718,39.8241],[9.6726,39.8237],[9.673,39.8255]]]}},{"type":"Feature","properties":{"landuse":"farmland"},"geometry":{"type":"Polygon","coordinates":[[[9.664,39.8264],[9.6668,39.8253],[9.6675,39.8276],[9.664,39.8264]]]}},{"type":"Feature","properties":{"landuse":"farmland"},"geometry":{"type":"Polygon","coordinates":[[[9.6677,39.8205],[9.6672,39.8228],[9.6662,39.8218],[9.6677,39.8205]]]}},{"type":"Feature","properties":{"landuse":"orchard"},"geometry":{"type":"Polygon","coordinates":[[[9.6672,39.8228],[9.6683,39.8213],[9.6681,39.8228],[9.6672,39.8228]]]}},{"type":"Feature","properties":{"landuse":"farmland"},"geometry":{"type":"Polygon","coordinates":[[[9.6676,39.8238],[9.6687,39.8216],[9.6687,39.8235],[9.6676,39.8238]]]}},{"type":"Feature","properties":{"landuse":"farmland"},"geometry":{"type":"Polygon","coordinates":[[[9.6681,39.8071],[9.6671,39.8035],[9.6698,39.803],[9.6709,39.8066],[9.6681,39.8071]]]}},{"type":"Feature","properties":{"landuse":"farmland"},"geometry":{"type":"Polygon","coordinates":[[[9.6671,39.8034],[9.6655,39.7977],[9.6684,39.7972],[9.6699,39.8029],[9.6671,39.8034]]]}},{"type":"Feature","properties":{"landuse":"farmland"},"geometry":{"type":"Polygon","coordinates":[[[9.6726,39.8437],[9.6715,39.841],[9.6751,39.8396],[9.6726,39.8437]]]}},{"type":"Feature","properties":{"landuse":"farmland"},"geometry":{"type":"Polygon","coordinates":[[[9.6586,39.8035],[9.6581,39.8023],[9.659,39.8022],[9.6586,39.8035]]]}},{"type":"Feature","properties":{"landuse":"farmland"},"geometry":{"type":"Polygon","coordinates":[[[9.6602,39.8031],[9.6633,39.8012],[9.6641,39.804],[9.6602,39.8031]]]}},{"type":"Feature","properties":{"landuse":"farmland"},"geometry":{"type":"Polygon","coordinates":[[[9.6633,39.8011],[9.6554,39.8014],[9.6625,39.7983],[9.6633,39.8011]]]}},{"type":"Feature","properties":{"landuse":"farmland"},"geometry":{"type":"Polygon","coordinates":[[[9.6544,39.8005],[9.6545,39.7981],[9.6624,39.7962],[9.6544,39.8005]]]}},{"type":"Feature","properties":{"landuse":"farmland"},"geometry":{"type":"Polygon","coordinates":[[[9.6625,39.7982],[9.6669,39.796],[9.6685,39.7965],[9.6625,39.7982]]]}},{"type":"Feature","properties":{"landuse":"farmland"},"geometry":{"type":"Polygon","coordinates":[[[9.6669,39.796],[9.6681,39.7956],[9.6684,39.7964],[9.6669,39.796]]]}},{"type":"Feature","properties":{"landuse":"farmland"},"geometry":{"type":"Polygon","coordinates":[[[9.6641,39.8084],[9.6553,39.8082],[9.662,39.8068],[9.6641,39.8084]]]}},{"type":"Feature","properties":{"landuse":"farmland"},"geometry":{"type":"Polygon","coordinates":[[[9.6613,39.8097],[9.6623,39.8081],[9.6627,39.8095],[9.6613,39.8097]]]}},{"type":"Feature","properties":{"landuse":"farmland"},"geometry":{"type":"Polygon","coordinates":[[[9.6633,39.8109],[9.6629,39.8097],[9.666,39.8096],[9.6633,39.8109]]]}},{"type":"Feature","properties":{"landuse":"farmland"},"geometry":{"type":"Polygon","coordinates":[[[9.6685,39.8085],[9.6681,39.8071],[9.6699,39.8083],[9.6685,39.8085]]]}},{"type":"Feature","properties":{"landuse":"farmland"},"geometry":{"type":"Polygon","coordinates":[[[9.6714,39.8081],[9.6719,39.8102],[9.6699,39.8083],[9.6714,39.8081]]]}},{"type":"Feature","properties":{"landuse":"farmland"},"geometry":{"type":"Polygon","coordinates":[[[9.6389,39.8255],[9.6371,39.8234],[9.6406,39.8241],[9.6389,39.8255]]]}},{"type":"Feature","properties":{"landuse":"farmland"},"geometry":{"type":"Polygon","coordinates":[[[9.6426,39.8245],[9.6472,39.8226],[9.6455,39.825],[9.6426,39.8245]]]}},{"type":"Feature","properties":{"landuse":"farmland"},"geometry":{"type":"Polygon","coordinates":[[[9.6413,39.8194],[9.6401,39.8171],[9.6444,39.8173],[9.6413,39.8194]]]}},{"type":"Feature","properties":{"landuse":"farmland"},"geometry":{"type":"Polygon","coordinates":[[[9.645,39.8165],[9.6459,39.8155],[9.6474,39.8158],[9.645,39.8165]]]}},{"type":"Feature","properties":{"landuse":"farmland"},"geometry":{"type":"Polygon","coordinates":[[[9.6498,39.817],[9.6482,39.8157],[9.6496,39.8136],[9.6498,39.817]]]}},{"type":"Feature","properties":{"landuse":"farmland"},"geometry":{"type":"Polygon","coordinates":[[[9.6451,39.8283],[9.6434,39.8262],[9.6458,39.8259],[9.6451,39.8283]]]}},{"type":"Feature","properties":{"landuse":"farmland"},"geometry":{"type":"Polygon","coordinates":[[[9.6531,39.8353],[9.6549,39.8364],[9.6522,39.8371],[9.6531,39.8353]]]}},{"type":"Feature","properties":{"landuse":"orchard"},"geometry":{"type":"Polygon","coordinates":[[[9.6752,40.8349],[9.6775,40.8331],[9.6778,40.8352],[9.6752,40.8349]]]}},{"type":"Feature","properties":{"landuse":"vineyard"},"geometry":{"type":"Polygon","coordinates":[[[9.6511,39.8135],[9.6512,39.811],[9.6537,39.8107],[9.6511,39.8135]]]}},{"type":"Feature","properties":{"landuse":"farmland"},"geometry":{"type":"Polygon","coordinates":[[[9.654,39.8117],[9.6536,39.8095],[9.6559,39.8081],[9.654,39.8117]]]}},{"type":"Feature","properties":{"landuse":"farmland"},"geometry":{"type":"Polygon","coordinates":[[[9.6587,39.8104],[9.6588,39.8139],[9.6548,39.8147],[9.6587,39.8104]]]}},{"type":"Feature","properties":{"landuse":"orchard"},"geometry":{"type":"Polygon","coordinates":[[[9.6529,39.814],[9.6539,39.8128],[9.6547,39.8148],[9.6529,39.814]]]}},{"type":"Feature","properties":{"landuse":"farmland"},"geometry":{"type":"Polygon","coordinates":[[[9.6532,39.8141],[9.6538,39.8166],[9.6503,39.8164],[9.6532,39.8141]]]}},{"type":"Feature","properties":{"landuse":"farmland"},"geometry":{"type":"Polygon","coordinates":[[[9.6575,39.8144],[9.6646,39.8142],[9.6693,39.818],[9.656,39.8193],[9.6575,39.8144]]]}},{"type":"Feature","properties":{"landuse":"orchard"},"geometry":{"type":"Polygon","coordinates":[[[9.6696,39.8145],[9.6675,39.8133],[9.6697,39.8129],[9.6696,39.8145]]]}},{"type":"Feature","properties":{"landuse":"orchard"},"geometry":{"type":"Polygon","coordinates":[[[9.6697,39.8129],[9.6693,39.8115],[9.6708,39.8112],[9.6697,39.8129]]]}},{"type":"Feature","properties":{"landuse":"farmland"},"geometry":{"type":"Polygon","coordinates":[[[9.6709,39.8119],[9.6722,39.8109],[9.6724,39.8116],[9.6709,39.8119]]]}},{"type":"Feature","properties":{"landuse":"farmland"},"geometry":{"type":"Polygon","coordinates":[[[9.6723,39.8113],[9.672,39.8102],[9.673,39.81],[9.6723,39.8113]]]}},{"type":"Feature","properties":{"landuse":"farmland"},"geometry":{"type":"Polygon","coordinates":[[[9.6715,39.8081],[9.6707,39.8054],[9.6713,39.8052],[9.6721,39.8079],[9.6715,39.8081]]]}},{"type":"Feature","properties":{"landuse":"orchard"},"geometry":{"type":"Polygon","coordinates":[[[9.6538,39.8167],[9.6535,39.8151],[9.655,39.8158],[9.6538,39.8167]]]}},{"type":"Feature","properties":{"landuse":"farmland"},"geometry":{"type":"Polygon","coordinates":[[[9.6555,39.8172],[9.651,39.8169],[9.6553,39.8167],[9.6555,39.8172]]]}},{"type":"Feature","properties":{"landuse":"orchard"},"geometry":{"type":"Polygon","coordinates":[[[9.6501,39.8175],[9.6501,39.8168],[9.6518,39.8169],[9.6501,39.8175]]]}},{"type":"Feature","properties":{"landuse":"farmland"},"geometry":{"type":"Polygon","coordinates":[[[9.6481,39.8199],[9.6547,39.8193],[9.6532,39.8214],[9.6481,39.8199]]]}},{"type":"Feature","properties":{"landuse":"farmland"},"geometry":{"type":"Polygon","coordinates":[[[9.6478,39.8209],[9.652,39.8208],[9.65,39.8229],[9.6478,39.8209]]]}},{"type":"Feature","properties":{"landuse":"green_public_spaces"},"geometry":{"type":"Polygon","coordinates":[[[9.6468,39.822],[9.6468,39.8211],[9.6477,39.821],[9.6468,39.822]]]}},{"type":"Feature","properties":{"landuse":"green_public_spaces"},"geometry":{"type":"Polygon","coordinates":[[[9.6489,39.8231],[9.6487,39.8225],[9.6501,39.8222],[9.6489,39.8231]]]}},{"type":"Feature","properties":{"landuse":"farmland"},"geometry":{"type":"Polygon","coordinates":[[[9.6578,39.8294],[9.6561,39.8264],[9.6619,39.8232],[9.6683,39.8247],[9.6578,39.8294]]]}},{"type":"Feature","properties":{"landuse":"orchard"},"geometry":{"type":"Polygon","coordinates":[[[9.6699,39.826],[9.6683,39.8249],[9.6707,39.8247],[9.6699,39.826]]]}},{"type":"Feature","properties":{"landuse":"farmland"},"geometry":{"type":"Polygon","coordinates":[[[9.6597,39.8325],[9.6581,39.8298],[9.6629,39.8315],[9.6597,39.8325]]]}},{"type":"Feature","properties":{"landuse":"farmland"},"geometry":{"type":"Polygon","coordinates":[[[9.6488,39.8267],[9.6515,39.8257],[9.6521,39.8282],[9.6493,39.8291],[9.6488,39.8267]]]}},{"type":"Feature","properties":{"landuse":"farmland"},"geometry":{"type":"Polygon","coordinates":[[[9.6535,39.8274],[9.652,39.8261],[9.6553,39.8235],[9.6535,39.8274]]]}},{"type":"Feature","properties":{"landuse":"farmland"},"geometry":{"type":"Polygon","coordinates":[[[9.652,39.8228],[9.6557,39.8202],[9.654,39.8219],[9.6554,39.8222],[9.652,39.8228]]]}},{"type":"Feature","properties":{"landuse":"farmland"},"geometry":{"type":"Polygon","coordinates":[[[9.6549,39.8272],[9.6545,39.8302],[9.6532,39.828],[9.6549,39.8272]]]}},{"type":"Feature","properties":{"landuse":"farmland"},"geometry":{"type":"Polygon","coordinates":[[[9.6508,39.8309],[9.6533,39.8291],[9.6533,39.8298],[9.6508,39.8309]]]}},{"type":"Feature","properties":{"landuse":"orchard"},"geometry":{"type":"Polygon","coordinates":[[[9.6252,39.8173],[9.6279,39.8165],[9.6302,39.8177],[9.6252,39.8173]]]}},{"type":"Feature","properties":{"landuse":"farmland"},"geometry":{"type":"Polygon","coordinates":[[[9.6265,39.816],[9.627,39.8146],[9.629,39.8156],[9.6265,39.816]]]}},{"type":"Feature","properties":{"landuse":"farmland"},"geometry":{"type":"Polygon","coordinates":[[[9.6272,39.8141],[9.6291,39.8125],[9.6299,39.814],[9.6272,39.8141]]]}},{"type":"Feature","properties":{"landuse":"farmland"},"geometry":{"type":"Polygon","coordinates":[[[9.6302,39.8177],[9.6289,39.8169],[9.631,39.8159],[9.6302,39.8177]]]}},{"type":"Feature","properties":{"landuse":"farmland"},"geometry":{"type":"Polygon","coordinates":[[[9.6295,39.8152],[9.6317,39.8155],[9.6307,39.8159],[9.6295,39.8152]]]}},{"type":"Feature","properties":{"landuse":"farmland"},"geometry":{"type":"Polygon","coordinates":[[[9.6322,39.8214],[9.6302,39.8194],[9.6331,39.8201],[9.6322,39.8214]]]}},{"type":"Feature","properties":{"landuse":"orchard"},"geometry":{"type":"Polygon","coordinates":[[[9.6276,39.8193],[9.6294,39.818],[9.6292,39.82],[9.6276,39.8193]]]}},{"type":"Feature","properties":{"landuse":"green_public_spaces"},"geometry":{"type":"Polygon","coordinates":[[[9.6543,39.8337],[9.6529,39.8336],[9.6544,39.8325],[9.6543,39.8337]]]}},{"type":"Feature","properties":{"landuse":"farmland"},"geometry":{"type":"Polygon","coordinates":[[[9.6688,39.8469],[9.6684,39.8456],[9.6704,39.8452],[9.6688,39.8469]]]}},{"type":"Feature","properties":{"landuse":"farmland"},"geometry":{"type":"Polygon","coordinates":[[[9.6543,39.8416],[9.6515,39.8405],[9.6546,39.8395],[9.6543,39.8416]]]}},{"type":"Feature","properties":{"landuse":"farmland"},"geometry":{"type":"Polygon","coordinates":[[[9.6486,39.8395],[9.6514,39.8386],[9.6508,39.8404],[9.6486,39.8395]]]}},{"type":"Feature","properties":{"landuse":"farmland"},"geometry":{"type":"Polygon","coordinates":[[[9.6639,39.8461],[9.6649,39.8449],[9.6668,39.8455],[9.6639,39.8461]]]}},{"type":"Feature","properties":{"landuse":"farmland"},"geometry":{"type":"Polygon","coordinates":[[[9.671,39.8427],[9.6715,39.841],[9.6722,39.8413],[9.671,39.8427]]]}},{"type":"Feature","properties":{"landuse":"farmland"},"geometry":{"type":"Polygon","coordinates":[[[9.6674,39.8099],[9.667,39.8088],[9.6685,39.8089],[9.6674,39.8099]]]}},{"type":"Feature","properties":{"landuse":"farmland"},"geometry":{"type":"Polygon","coordinates":[[[9.6655,39.8083],[9.665,39.8072],[9.6662,39.8089],[9.6655,39.8083]]]}},{"type":"Feature","properties":{"landuse":"farmland"},"geometry":{"type":"Polygon","coordinates":[[[9.6668,39.808],[9.6657,39.8068],[9.6678,39.8064],[9.6668,39.808]]]}},{"type":"Feature","properties":{"landuse":"farmland"},"geometry":{"type":"Polygon","coordinates":[[[9.6509,39.8036],[9.6524,39.8033],[9.6523,39.8043],[9.6509,39.8036]]]}},{"type":"Feature","properties":{"landuse":"farmland"},"geometry":{"type":"Polygon","coordinates":[[[9.6446,39.8054],[9.6449,39.8042],[9.6463,39.8045],[9.6446,39.8054]]]}},{"type":"Feature","properties":{"landuse":"farmland"},"geometry":{"type":"Polygon","coordinates":[[[9.6468,39.809],[9.6473,39.8066],[9.6502,39.8088],[9.6468,39.809]]]}},{"type":"Feature","properties":{"landuse":"farmland"},"geometry":{"type":"Polygon","coordinates":[[[9.6458,39.8089],[9.6461,39.8067],[9.6472,39.8066],[9.6458,39.8089]]]}},{"type":"Feature","properties":{"landuse":"farmland"},"geometry":{"type":"Polygon","coordinates":[[[9.6459,39.8067],[9.6454,39.8098],[9.6439,39.8101],[9.6459,39.8067]]]}},{"type":"Feature","properties":{"landuse":"vineyard"},"geometry":{"type":"Polygon","coordinates":[[[9.6256,39.8341],[9.6247,39.8327],[9.6268,39.8326],[9.6256,39.8341]]]}},{"type":"Feature","properties":{"landuse":"farmland"},"geometry":{"type":"Polygon","coordinates":[[[9.6308,39.8359],[9.6332,39.8352],[9.6316,39.8363],[9.6308,39.8359]]]}},{"type":"Feature","properties":{"landuse":"orchard"},"geometry":{"type":"Polygon","coordinates":[[[9.6262,39.8234],[9.6275,39.8215],[9.628,39.8234],[9.6262,39.8234]]]}},{"type":"Feature","properties":{"landuse":"farmland"},"geometry":{"type":"Polygon","coordinates":[[[9.6294,39.81],[9.6288,39.8092],[9.6304,39.8094],[9.6294,39.81]]]}},{"type":"Feature","properties":{"landuse":"farmland"},"geometry":{"type":"Polygon","coordinates":[[[9.637,39.8118],[9.638,39.8105],[9.6387,39.811],[9.637,39.8118]]]}},{"type":"Feature","properties":{"landuse":"farmland"},"geometry":{"type":"Polygon","coordinates":[[[9.6388,39.8125],[9.6402,39.8107],[9.6402,39.8124],[9.6388,39.8125]]]}},{"type":"Feature","properties":{"landuse":"farmland"},"geometry":{"type":"Polygon","coordinates":[[[9.6392,39.8113],[9.6386,39.8099],[9.6412,39.8091],[9.6392,39.8113]]]}},{"type":"Feature","properties":{"landuse":"farmland"},"geometry":{"type":"Polygon","coordinates":[[[9.6412,39.8091],[9.6435,39.8092],[9.6436,39.8126],[9.6412,39.8091]]]}},{"type":"Feature","properties":{"landuse":"farmland"},"geometry":{"type":"Polygon","coordinates":[[[9.6359,39.8132],[9.6373,39.8151],[9.6353,39.8147],[9.6359,39.8132]]]}},{"type":"Feature","properties":{"landuse":"orchard"},"geometry":{"type":"Polygon","coordinates":[[[9.6365,39.8167],[9.6337,39.8158],[9.6357,39.8152],[9.6365,39.8167]]]}},{"type":"Feature","properties":{"landuse":"farmland"},"geometry":{"type":"Polygon","coordinates":[[[9.6448,39.8282],[9.6445,39.8288],[9.6433,39.8277],[9.6448,39.8282]]]}},{"type":"Feature","properties":{"landuse":"orchard"},"geometry":{"type":"Polygon","coordinates":[[[9.6375,39.8146],[9.6382,39.8132],[9.6388,39.8138],[9.6375,39.8146]]]}},{"type":"Feature","properties":{"landuse":"farmland"},"geometry":{"type":"Polygon","coordinates":[[[9.6396,39.8162],[9.6392,39.8146],[9.6418,39.8153],[9.6396,39.8162]]]}},{"type":"Feature","properties":{"landuse":"orchard"},"geometry":{"type":"Polygon","coordinates":[[[9.6432,39.8148],[9.6414,39.8145],[9.6425,39.8135],[9.6432,39.8148]]]}},{"type":"Feature","properties":{"landuse":"farmland"},"geometry":{"type":"Polygon","coordinates":[[[9.6473,39.813],[9.6475,39.8118],[9.6494,39.8127],[9.6473,39.813]]]}},{"type":"Feature","properties":{"landuse":"orchard"},"geometry":{"type":"Polygon","coordinates":[[[9.6452,39.812],[9.6458,39.8108],[9.6474,39.8134],[9.6452,39.812]]]}},{"type":"Feature","properties":{"landuse":"farmland"},"geometry":{"type":"Polygon","coordinates":[[[9.6407,39.8207],[9.6386,39.8186],[9.6406,39.8197],[9.6407,39.8207]]]}},{"type":"Feature","properties":{"landuse":"farmland"},"geometry":{"type":"Polygon","coordinates":[[[9.6592,39.82],[9.6615,39.8216],[9.6593,39.8214],[9.6592,39.82]]]}},{"type":"Feature","properties":{"landuse":"farmland"},"geometry":{"type":"Polygon","coordinates":[[[9.6583,39.8243],[9.6584,39.8227],[9.66,39.823],[9.6583,39.8243]]]}},{"type":"Feature","properties":{"landuse":"farmland"},"geometry":{"type":"Polygon","coordinates":[[[9.6583,39.8237],[9.6579,39.8249],[9.6563,39.8229],[9.6583,39.8237]]]}},{"type":"Feature","properties":{"landuse":"orchard"},"geometry":{"type":"Polygon","coordinates":[[[9.6568,39.8252],[9.6553,39.8252],[9.6555,39.8236],[9.6568,39.8252]]]}},{"type":"Feature","properties":{"landuse":"farmland"},"geometry":{"type":"Polygon","coordinates":[[[9.6566,39.8219],[9.6569,39.8207],[9.6592,39.8217],[9.6566,39.8219]]]}},{"type":"Feature","properties":{"landuse":"farmland"},"geometry":{"type":"Polygon","coordinates":[[[9.6533,39.8185],[9.6557,39.8178],[9.6555,39.8192],[9.6533,39.8185]]]}},{"type":"Feature","properties":{"landuse":"farmland"},"geometry":{"type":"Polygon","coordinates":[[[9.6511,39.8245],[9.6496,39.8248],[9.6491,39.8239],[9.6511,39.8245]]]}},{"type":"Feature","properties":{"landuse":"farmland"},"geometry":{"type":"Polygon","coordinates":[[[9.6515,39.8238],[9.6476,39.8246],[9.6489,39.8233],[9.6515,39.8238]]]}},{"type":"Feature","properties":{"landuse":"farmland"},"geometry":{"type":"Polygon","coordinates":[[[9.6588,39.8308],[9.658,39.832],[9.6566,39.8314],[9.6588,39.8308]]]}},{"type":"Feature","properties":{"landuse":"farmland"},"geometry":{"type":"Polygon","coordinates":[[[9.6694,39.8122],[9.6675,39.8132],[9.6671,39.8121],[9.6694,39.8122]]]}},{"type":"Feature","properties":{"landuse":"farmland"},"geometry":{"type":"Polygon","coordinates":[[[9.6543,39.7992],[9.6502,39.8001],[9.6502,39.7984],[9.6543,39.7992]]]}},{"type":"Feature","properties":{"landuse":"farmland"},"geometry":{"type":"Polygon","coordinates":[[[9.6542,39.7993],[9.6537,39.8031],[9.6517,39.8015],[9.6542,39.7993]]]}},{"type":"Feature","properties":{"landuse":"farmland"},"geometry":{"type":"Polygon","coordinates":[[[9.6619,39.8287],[9.6624,39.8276],[9.6632,39.828],[9.6619,39.8287]]]}},{"type":"Feature","properties":{"landuse":"farmland"},"geometry":{"type":"Polygon","coordinates":[[[9.6378,39.8063],[9.6363,39.8059],[9.6368,39.8037],[9.6378,39.8063]]]}},{"type":"Feature","properties":{"landuse":"farmland"},"geometry":{"type":"Polygon","coordinates":[[[9.6329,39.806],[9.6324,39.8048],[9.6341,39.8044],[9.6329,39.806]]]}},{"type":"Feature","properties":{"landuse":"farmland"},"geometry":{"type":"Polygon","coordinates":[[[9.6378,39.8039],[9.6377,39.8027],[9.6387,39.8028],[9.6378,39.8039]]]}},{"type":"Feature","properties":{"landuse":"farmland"},"geometry":{"type":"Polygon","coordinates":[[[9.6387,39.8033],[9.6405,39.8027],[9.6409,39.8045],[9.6387,39.8033]]]}},{"type":"Feature","properties":{"landuse":"farmland"},"geometry":{"type":"Polygon","coordinates":[[[9.6377,39.8057],[9.6375,39.8047],[9.6407,39.8047],[9.6377,39.8057]]]}},{"type":"Feature","properties":{"landuse":"farmland"},"geometry":{"type":"Polygon","coordinates":[[[9.6433,39.8047],[9.6427,39.8034],[9.6445,39.8043],[9.6433,39.8047]]]}},{"type":"Feature","properties":{"landuse":"farmland"},"geometry":{"type":"Polygon","coordinates":[[[9.6415,39.8046],[9.6461,39.8053],[9.6459,39.8065],[9.6415,39.8046]]]}},{"type":"Feature","properties":{"landuse":"farmland"},"geometry":{"type":"Polygon","coordinates":[[[9.644,39.8065],[9.6444,39.8083],[9.6432,39.8082],[9.644,39.8065]]]}},{"type":"Feature","properties":{"landuse":"farmland"},"geometry":{"type":"Polygon","coordinates":[[[9.6536,39.8091],[9.6531,39.8067],[9.6541,39.8069],[9.6536,39.8091]]]}},{"type":"Feature","properties":{"landuse":"farmland"},"geometry":{"type":"Polygon","coordinates":[[[9.6531,39.8076],[9.6535,39.81],[9.6513,39.8108],[9.6531,39.8076]]]}},{"type":"Feature","properties":{"landuse":"farmland"},"geometry":{"type":"Polygon","coordinates":[[[9.632,39.8037],[9.6321,39.8021],[9.6338,39.8018],[9.632,39.8037]]]}},{"type":"Feature","properties":{"landuse":"farmland"},"geometry":{"type":"Polygon","coordinates":[[[9.6503,39.7983],[9.6503,39.7952],[9.6535,39.7969],[9.6503,39.7983]]]}},{"type":"Feature","properties":{"landuse":"farmland"},"geometry":{"type":"Polygon","coordinates":[[[9.6483,39.7953],[9.6498,39.7952],[9.6497,39.7968],[9.6483,39.7953]]]}},{"type":"Feature","properties":{"landuse":"farmland"},"geometry":{"type":"Polygon","coordinates":[[[9.6513,39.795],[9.652,39.7928],[9.6526,39.7949],[9.6513,39.795]]]}},{"type":"Feature","properties":{"landuse":"farmland"},"geometry":{"type":"Polygon","coordinates":[[[9.6458,39.8025],[9.647,39.8008],[9.6499,39.8017],[9.6458,39.8025]]]}},{"type":"Feature","properties":{"landuse":"farmland"},"geometry":{"type":"Polygon","coordinates":[[[9.6442,39.8032],[9.6413,39.8026],[9.6448,39.8015],[9.6442,39.8032]]]}},{"type":"Feature","properties":{"landuse":"farmland"},"geometry":{"type":"Polygon","coordinates":[[[9.6391,39.8005],[9.639,39.7999],[9.6424,39.7995],[9.6391,39.8005]]]}},{"type":"Feature","properties":{"landuse":"farmland"},"geometry":{"type":"Polygon","coordinates":[[[9.6489,39.8004],[9.6482,39.7964],[9.6497,39.7969],[9.6489,39.8004]]]}},{"type":"Feature","properties":{"landuse":"farmland"},"geometry":{"type":"Polygon","coordinates":[[[9.6644,40.8344],[9.6673,40.8348],[9.6652,40.8354],[9.6644,40.8344]]]}},{"type":"Feature","properties":{"landuse":"orchard"},"geometry":{"type":"Polygon","coordinates":[[[9.6779,40.712],[9.6799,40.7111],[9.68,40.7118],[9.6779,40.712]]]}},{"type":"Feature","properties":{"landuse":"farmland"},"geometry":{"type":"Polygon","coordinates":[[[9.6776,40.7124],[9.6754,40.7136],[9.675,40.713],[9.6776,40.7124]]]}},{"type":"Feature","properties":{"landuse":"orchard"},"geometry":{"type":"Polygon","coordinates":[[[9.6736,40.7099],[9.6743,40.7098],[9.6745,40.7114],[9.6736,40.7099]]]}},{"type":"Feature","properties":{"landuse":"orchard"},"geometry":{"type":"Polygon","coordinates":[[[9.6698,40.7086],[9.671,40.7089],[9.669,40.71],[9.6698,40.7086]]]}},{"type":"Feature","properties":{"landuse":"farmland"},"geometry":{"type":"Polygon","coordinates":[[[9.6765,39.8436],[9.6764,39.841],[9.6791,39.843],[9.6765,39.8436]]]}},{"type":"Feature","properties":{"landuse":"farmland"},"geometry":{"type":"Polygon","coordinates":[[[9.676,39.8408],[9.6765,39.8376],[9.6791,39.8378],[9.676,39.8408]]]}},{"type":"Feature","properties":{"landuse":"farmland"},"geometry":{"type":"Polygon","coordinates":[[[9.6758,39.8389],[9.6743,39.8384],[9.6769,39.8361],[9.6758,39.8389]]]}},{"type":"Feature","properties":{"landuse":"farmland"},"geometry":{"type":"Polygon","coordinates":[[[9.6784,39.8364],[9.6793,39.8361],[9.6798,39.8377],[9.6784,39.8364]]]}},{"type":"Feature","properties":{"landuse":"farmland"},"geometry":{"type":"Polygon","coordinates":[[[9.6792,39.8378],[9.68,39.8395],[9.6792,39.8393],[9.6792,39.8378]]]}},{"type":"Feature","properties":{"landuse":"farmland"},"geometry":{"type":"Polygon","coordinates":[[[9.6801,39.8395],[9.6807,39.8376],[9.6822,39.8389],[9.6801,39.8395]]]}},{"type":"Feature","properties":{"landuse":"farmland"},"geometry":{"type":"Polygon","coordinates":[[[9.6802,39.8386],[9.6796,39.8371],[9.681,39.8385],[9.6802,39.8386]]]}},{"type":"Feature","properties":{"landuse":"farmland"},"geometry":{"type":"Polygon","coordinates":[[[9.6504,39.8352],[9.6489,39.8339],[9.6505,39.8339],[9.6504,39.8352]]]}},{"type":"Feature","properties":{"landuse":"orchard"},"geometry":{"type":"Polygon","coordinates":[[[9.6465,40.8398],[9.6419,40.8377],[9.6434,40.836],[9.6465,40.8398]]]}},{"type":"Feature","properties":{"landuse":"orchard"},"geometry":{"type":"Polygon","coordinates":[[[9.6799,40.7119],[9.6801,40.7126],[9.6777,40.713],[9.6799,40.7119]]]}},{"type":"Feature","properties":{"landuse":"orchard"},"geometry":{"type":"Polygon","coordinates":[[[9.6959,40.6918],[9.6952,40.6935],[9.6927,40.6923],[9.6959,40.6918]]]}},{"type":"Feature","properties":{"landuse":"farmland"},"geometry":{"type":"Polygon","coordinates":[[[9.6458,40.8535],[9.647,40.8551],[9.645,40.855],[9.6458,40.8535]]]}},{"type":"Feature","properties":{"landuse":"farmland"},"geometry":{"type":"Polygon","coordinates":[[[9.6455,40.8552],[9.6481,40.8552],[9.6486,40.856],[9.6455,40.8552]]]}},{"type":"Feature","properties":{"landuse":"orchard"},"geometry":{"type":"Polygon","coordinates":[[[9.6281,40.8471],[9.6299,40.8469],[9.6284,40.8482],[9.6281,40.8471]]]}},{"type":"Feature","properties":{"landuse":"farmland"},"geometry":{"type":"Polygon","coordinates":[[[9.536,40.8988],[9.541,40.9012],[9.5403,40.9018],[9.536,40.8988]]]}},{"type":"Feature","properties":{"landuse":"farmland"},"geometry":{"type":"Polygon","coordinates":[[[9.5355,40.8988],[9.5398,40.902],[9.5351,40.901],[9.5386,40.9023],[9.5355,40.8988]]]}},{"type":"Feature","properties":{"landuse":"farmland"},"geometry":{"type":"Polygon","coordinates":[[[9.6294,40.8433],[9.6299,40.8444],[9.6286,40.8444],[9.6294,40.8433]]]}},{"type":"Feature","properties":{"landuse":"farmland"},"geometry":{"type":"Polygon","coordinates":[[[9.6237,40.8654],[9.6253,40.8666],[9.6234,40.8666],[9.6237,40.8654]]]}},{"type":"Feature","properties":{"landuse":"farmland"},"geometry":{"type":"Polygon","coordinates":[[[9.6419,40.8668],[9.6428,40.8699],[9.6411,40.8678],[9.6419,40.8668]]]}},{"type":"Feature","properties":{"landuse":"farmland"},"geometry":{"type":"Polygon","coordinates":[[[9.6599,40.8001],[9.6564,40.802],[9.6563,40.8002],[9.6599,40.8001]]]}},{"type":"Feature","properties":{"landuse":"farmland"},"geometry":{"type":"Polygon","coordinates":[[[9.0877,39.2487],[9.0886,39.2492],[9.0871,39.2505],[9.0877,39.2487]]]}},{"type":"Feature","properties":{"landuse":"farmland"},"geometry":{"type":"Polygon","coordinates":[[[9.0866,39.2514],[9.0884,39.251],[9.0881,39.252],[9.0866,39.2514]]]}},{"type":"Feature","properties":{"landuse":"farmland"},"geometry":{"type":"Polygon","coordinates":[[[9.0867,39.2515],[9.0884,39.2521],[9.0876,39.2536],[9.0867,39.2515]]]}},{"type":"Feature","properties":{"landuse":"farmland"},"geometry":{"type":"Polygon","coordinates":[[[9.0723,39.2295],[9.0732,39.2282],[9.0768,39.2299],[9.0723,39.2295]]]}},{"type":"Feature","properties":{"landuse":"farmland"},"geometry":{"type":"Polygon","coordinates":[[[9.067,39.2281],[9.0652,39.2271],[9.0684,39.2261],[9.067,39.2281]]]}},{"type":"Feature","properties":{"landuse":"vineyard"},"geometry":{"type":"Polygon","coordinates":[[[9.1444,39.3577],[9.1443,39.3567],[9.1464,39.3566],[9.1444,39.3577]]]}},{"type":"Feature","properties":{"landuse":"vineyard"},"geometry":{"type":"Polygon","coordinates":[[[9.1442,39.3575],[9.141,39.3569],[9.1435,39.3549],[9.1442,39.3575]]]}},{"type":"Feature","properties":{"landuse":"vineyard"},"geometry":{"type":"Polygon","coordinates":[[[9.1412,39.3563],[9.1399,39.3552],[9.1424,39.3537],[9.1412,39.3563]]]}},{"type":"Feature","properties":{"landuse":"vineyard"},"geometry":{"type":"Polygon","coordinates":[[[9.1469,39.3485],[9.1455,39.3478],[9.1484,39.3457],[9.1469,39.3485]]]}},{"type":"Feature","properties":{"landuse":"orchard"},"geometry":{"type":"Polygon","coordinates":[[[9.1394,39.35],[9.1386,39.3489],[9.1401,39.3481],[9.1394,39.35]]]}},{"type":"Feature","properties":{"landuse":"orchard"},"geometry":{"type":"Polygon","coordinates":[[[9.161,39.3663],[9.1648,39.3693],[9.1623,39.3714],[9.161,39.3663]]]}},{"type":"Feature","properties":{"landuse":"farmland"},"geometry":{"type":"Polygon","coordinates":[[[9.1406,39.241],[9.1414,39.2394],[9.1421,39.24],[9.1406,39.241]]]}},{"type":"Feature","properties":{"landuse":"farmland"},"geometry":{"type":"Polygon","coordinates":[[[9.1427,39.2419],[9.1448,39.24],[9.1472,39.241],[9.1427,39.2419]]]}},{"type":"Feature","properties":{"landuse":"farmland"},"geometry":{"type":"Polygon","coordinates":[[[9.142,39.242],[9.1445,39.2422],[9.1439,39.2431],[9.142,39.242]]]}},{"type":"Feature","properties":{"landuse":"farmland"},"geometry":{"type":"Polygon","coordinates":[[[9.1507,39.2137],[9.1482,39.2121],[9.1529,39.2134],[9.1507,39.2137]]]}},{"type":"Feature","properties":{"landuse":"farmland"},"geometry":{"type":"Polygon","coordinates":[[[9.156,39.2176],[9.1553,39.2197],[9.1517,39.2175],[9.1531,39.2153],[9.156,39.2176]]]}},{"type":"Feature","properties":{"landuse":"orchard"},"geometry":{"type":"Polygon","coordinates":[[[9.0938,39.257],[9.0923,39.2564],[9.0946,39.2557],[9.0938,39.257]]]}},{"type":"Feature","properties":{"landuse":"vineyard"},"geometry":{"type":"Polygon","coordinates":[[[8.8633,40.9645],[8.8646,40.9661],[8.8638,40.9663],[8.8633,40.9645]]]}},{"type":"Feature","properties":{"landuse":"orchard"},"geometry":{"type":"Polygon","coordinates":[[[8.8563,40.946],[8.8581,40.9467],[8.857,40.9472],[8.8563,40.946]]]}},{"type":"Feature","properties":{"landuse":"orchard"},"geometry":{"type":"Polygon","coordinates":[[[9.0751,39.2744],[9.0793,39.2718],[9.0788,39.2727],[9.0751,39.2744]]]}},{"type":"Feature","properties":{"landuse":"farmland"},"geometry":{"type":"Polygon","coordinates":[[[9.2268,39.2426],[9.2236,39.24],[9.2271,39.2413],[9.2268,39.2426]]]}},{"type":"Feature","properties":{"landuse":"farmland"},"geometry":{"type":"Polygon","coordinates":[[[9.2281,39.2433],[9.2294,39.2419],[9.2295,39.2426],[9.2281,39.2433]]]}},{"type":"Feature","properties":{"landuse":"farmland"},"geometry":{"type":"Polygon","coordinates":[[[9.2224,39.2407],[9.2236,39.24],[9.2234,39.2414],[9.2224,39.2407]]]}},{"type":"Feature","properties":{"landuse":"orchard"},"geometry":{"type":"Polygon","coordinates":[[[8.6473,40.1369],[8.6492,40.1372],[8.6482,40.1382],[8.6473,40.1369]]]}},{"type":"Feature","properties":{"landuse":"orchard"},"geometry":{"type":"Polygon","coordinates":[[[8.6497,40.1375],[8.6494,40.1384],[8.6486,40.1379],[8.6497,40.1375]]]}},{"type":"Feature","properties":{"landuse":"farmland"},"geometry":{"type":"Polygon","coordinates":[[[9.075,39.2518],[9.0721,39.2533],[9.0705,39.2501],[9.075,39.2518]]]}},{"type":"Feature","properties":{"landuse":"green_public_spaces"},"geometry":{"type":"Polygon","coordinates":[[[9.0752,39.2502],[9.0752,39.2481],[9.0768,39.249],[9.0752,39.2502]]]}},{"type":"Feature","properties":{"landuse":"vineyard"},"geometry":{"type":"Polygon","coordinates":[[[8.6827,40.1228],[8.6844,40.1232],[8.6823,40.1242],[8.6827,40.1228]]]}},{"type":"Feature","properties":{"landuse":"vineyard"},"geometry":{"type":"Polygon","coordinates":[[[8.6822,40.1192],[8.6837,40.1204],[8.6817,40.1206],[8.6822,40.1192]]]}},{"type":"Feature","properties":{"landuse":"orchard"},"geometry":{"type":"Polygon","coordinates":[[[8.6765,40.1253],[8.6801,40.1218],[8.6789,40.1259],[8.6765,40.1253]]]}},{"type":"Feature","properties":{"landuse":"orchard"},"geometry":{"type":"Polygon","coordinates":[[[8.6344,40.1381],[8.6345,40.137],[8.6362,40.1368],[8.6344,40.1381]]]}},{"type":"Feature","properties":{"landuse":"orchard"},"geometry":{"type":"Polygon","coordinates":[[[8.6763,40.1231],[8.6767,40.1189],[8.6802,40.1178],[8.6763,40.1231]]]}},{"type":"Feature","properties":{"landuse":"orchard"},"geometry":{"type":"Polygon","coordinates":[[[8.6796,40.1219],[8.6819,40.1183],[8.6888,40.1183],[8.6925,40.1215],[8.6788,40.1257],[8.6796,40.1219]]]}},{"type":"Feature","properties":{"landuse":"orchard"},"geometry":{"type":"Polygon","coordinates":[[[8.6724,40.1388],[8.6726,40.1369],[8.6739,40.1381],[8.6724,40.1388]]]}},{"type":"Feature","properties":{"landuse":"orchard"},"geometry":{"type":"Polygon","coordinates":[[[8.6761,40.1386],[8.6755,40.1375],[8.6797,40.1387],[8.6761,40.1386]]]}},{"type":"Feature","properties":{"landuse":"orchard"},"geometry":{"type":"Polygon","coordinates":[[[8.6609,40.142],[8.6643,40.1429],[8.6616,40.1465],[8.6609,40.142]]]}},{"type":"Feature","properties":{"landuse":"orchard"},"geometry":{"type":"Polygon","coordinates":[[[8.6735,40.1327],[8.6736,40.1303],[8.6755,40.1315],[8.6735,40.1327]]]}},{"type":"Feature","properties":{"landuse":"orchard"},"geometry":{"type":"Polygon","coordinates":[[[8.6583,40.1308],[8.661,40.128],[8.6604,40.1302],[8.6583,40.1308]]]}},{"type":"Feature","properties":{"landuse":"orchard"},"geometry":{"type":"Polygon","coordinates":[[[8.6527,40.1371],[8.6536,40.1343],[8.6544,40.1345],[8.6527,40.1371]]]}},{"type":"Feature","properties":{"landuse":"orchard"},"geometry":{"type":"Polygon","coordinates":[[[9.0676,39.2539],[9.0659,39.2527],[9.0683,39.2527],[9.0676,39.2539]]]}},{"type":"Feature","properties":{"landuse":"farmland"},"geometry":{"type":"Polygon","coordinates":[[[9.0659,39.2527],[9.0705,39.2536],[9.0663,39.2557],[9.0659,39.2527]]]}},{"type":"Feature","properties":{"landuse":"farmland"},"geometry":{"type":"Polygon","coordinates":[[[9.0643,39.2537],[9.0627,39.2526],[9.0659,39.2526],[9.0643,39.2537]]]}},{"type":"Feature","properties":{"landuse":"farmland"},"geometry":{"type":"Polygon","coordinates":[[[9.1968,39.2974],[9.202,39.2906],[9.209,39.2881],[9.206,39.2941],[9.203,39.2929],[9.2046,39.2948],[9.1968,39.2974]]]}},{"type":"Feature","properties":{"landuse":"green_public_spaces"},"geometry":{"type":"Polygon","coordinates":[[[9.183,39.2895],[9.1811,39.2892],[9.1825,39.2884],[9.183,39.2895]]]}},{"type":"Feature","properties":{"landuse":"farmland"},"geometry":{"type":"Polygon","coordinates":[[[9.1784,39.3089],[9.177,39.3072],[9.1795,39.3057],[9.1784,39.3089]]]}},{"type":"Feature","properties":{"landuse":"farmland"},"geometry":{"type":"Polygon","coordinates":[[[9.2544,39.2212],[9.2572,39.2211],[9.2567,39.2237],[9.2511,39.2256],[9.2544,39.2212]]]}},{"type":"Feature","properties":{"landuse":"farmland"},"geometry":{"type":"Polygon","coordinates":[[[9.2491,39.2228],[9.248,39.2218],[9.2498,39.2208],[9.2491,39.2228]]]}},{"type":"Feature","properties":{"landuse":"farmland"},"geometry":{"type":"Polygon","coordinates":[[[9.5043,40.8896],[9.5021,40.8928],[9.5033,40.8893],[9.5043,40.8896]]]}},{"type":"Feature","properties":{"landuse":"farmland"},"geometry":{"type":"Polygon","coordinates":[[[9.5084,40.8892],[9.5095,40.8891],[9.508,40.8914],[9.5084,40.8892]]]}},{"type":"Feature","properties":{"landuse":"orchard"},"geometry":{"type":"Polygon","coordinates":[[[9.5314,40.9018],[9.5329,40.9025],[9.5324,40.9035],[9.5308,40.9025],[9.5314,40.9018]]]}},{"type":"Feature","properties":{"landuse":"orchard"},"geometry":{"type":"Polygon","coordinates":[[[9.2131,39.3041],[9.2141,39.3025],[9.2152,39.304],[9.2131,39.3041]]]}},{"type":"Feature","properties":{"landuse":"farmland"},"geometry":{"type":"Polygon","coordinates":[[[9.0832,39.2701],[9.0814,39.2688],[9.0838,39.2644],[9.0832,39.2701]]]}},{"type":"Feature","properties":{"landuse":"farmland"},"geometry":{"type":"Polygon","coordinates":[[[9.0848,39.2647],[9.0865,39.2635],[9.0863,39.2651],[9.0848,39.2647]]]}},{"type":"Feature","properties":{"landuse":"farmland"},"geometry":{"type":"Polygon","coordinates":[[[9.0854,39.2695],[9.0863,39.2674],[9.0883,39.2669],[9.0854,39.2695]]]}},{"type":"Feature","properties":{"landuse":"farmland"},"geometry":{"type":"Polygon","coordinates":[[[9.0866,39.2672],[9.0867,39.2651],[9.0879,39.2664],[9.0866,39.2672]]]}},{"type":"Feature","properties":{"landuse":"orchard"},"geometry":{"type":"Polygon","coordinates":[[[9.065,39.2642],[9.0638,39.2657],[9.0623,39.2632],[9.065,39.2642]]]}},{"type":"Feature","properties":{"landuse":"orchard"},"geometry":{"type":"Polygon","coordinates":[[[8.9941,39.061],[8.9932,39.0597],[8.995,39.0603],[8.9941,39.061]]]}},{"type":"Feature","properties":{"landuse":"orchard"},"geometry":{"type":"Polygon","coordinates":[[[8.9932,39.0615],[8.9938,39.0606],[8.9949,39.062],[8.9932,39.0615]]]}},{"type":"Feature","properties":{"landuse":"orchard"},"geometry":{"type":"Polygon","coordinates":[[[9.0062,39.0016],[9.0039,38.9993],[9.0078,39.0003],[9.0062,39.0016]]]}},{"type":"Feature","properties":{"landuse":"orchard"},"geometry":{"type":"Polygon","coordinates":[[[9.0078,39.0003],[9.0053,38.998],[9.0071,38.9964],[9.0078,39.0003]]]}},{"type":"Feature","properties":{"landuse":"farmland"},"geometry":{"type":"Polygon","coordinates":[[[9.0042,38.9988],[9.0029,38.9976],[9.0056,38.9962],[9.0042,38.9988]]]}},{"type":"Feature","properties":{"landuse":"orchard"},"geometry":{"type":"Polygon","coordinates":[[[9.0043,38.9967],[9.005,38.9954],[9.0062,38.9958],[9.0043,38.9967]]]}},{"type":"Feature","properties":{"landuse":"farmland"},"geometry":{"type":"Polygon","coordinates":[[[9.0094,39.2007],[9.0083,39.1985],[9.0109,39.2001],[9.0094,39.2007]]]}},{"type":"Feature","properties":{"landuse":"farmland"},"geometry":{"type":"Polygon","coordinates":[[[9.0109,39.2001],[9.0067,39.1971],[9.011,39.1963],[9.0109,39.2001]]]}},{"type":"Feature","properties":{"landuse":"farmland"},"geometry":{"type":"Polygon","coordinates":[[[9.0066,39.197],[9.0074,39.1942],[9.0087,39.1966],[9.0066,39.197]]]}},{"type":"Feature","properties":{"landuse":"farmland"},"geometry":{"type":"Polygon","coordinates":[[[9.2287,39.2317],[9.2302,39.2309],[9.23,39.2323],[9.2287,39.2317]]]}},{"type":"Feature","properties":{"landuse":"farmland"},"geometry":{"type":"Polygon","coordinates":[[[9.2336,39.2368],[9.2326,39.2362],[9.2344,39.2361],[9.2336,39.2368]]]}},{"type":"Feature","properties":{"landuse":"farmland"},"geometry":{"type":"Polygon","coordinates":[[[9.2442,39.2394],[9.2447,39.2424],[9.243,39.2424],[9.2442,39.2394]]]}},{"type":"Feature","properties":{"landuse":"farmland"},"geometry":{"type":"Polygon","coordinates":[[[9.2447,39.2424],[9.2442,39.2394],[9.2471,39.2423],[9.2447,39.2424]]]}},{"type":"Feature","properties":{"landuse":"farmland"},"geometry":{"type":"Polygon","coordinates":[[[9.243,39.2398],[9.2428,39.2405],[9.2413,39.2404],[9.243,39.2398]]]}},{"type":"Feature","properties":{"landuse":"farmland"},"geometry":{"type":"Polygon","coordinates":[[[9.2362,39.2377],[9.2379,39.2352],[9.2423,39.2353],[9.2362,39.2377]]]}},{"type":"Feature","properties":{"landuse":"farmland"},"geometry":{"type":"Polygon","coordinates":[[[9.2346,39.2397],[9.2358,39.2388],[9.2357,39.2396],[9.2346,39.2397]]]}},{"type":"Feature","properties":{"landuse":"farmland"},"geometry":{"type":"Polygon","coordinates":[[[9.2363,39.2377],[9.2377,39.2379],[9.2361,39.2391],[9.2363,39.2377]]]}},{"type":"Feature","properties":{"landuse":"farmland"},"geometry":{"type":"Polygon","coordinates":[[[9.237,39.235],[9.2366,39.2362],[9.2357,39.2352],[9.237,39.235]]]}},{"type":"Feature","properties":{"landuse":"farmland"},"geometry":{"type":"Polygon","coordinates":[[[8.9989,39.1819],[8.9967,39.182],[8.9974,39.18],[8.9989,39.1819]]]}},{"type":"Feature","properties":{"landuse":"farmland"},"geometry":{"type":"Polygon","coordinates":[[[8.9956,39.1821],[8.9934,39.1816],[8.996,39.1806],[8.9956,39.1821]]]}},{"type":"Feature","properties":{"landuse":"farmland"},"geometry":{"type":"Polygon","coordinates":[[[8.9943,39.1697],[8.996,39.1689],[8.9967,39.1703],[8.9943,39.1697]]]}},{"type":"Feature","properties":{"landuse":"farmland"},"geometry":{"type":"Polygon","coordinates":[[[8.9975,39.1675],[8.9962,39.1681],[8.997,39.1667],[8.9975,39.1675]]]}},{"type":"Feature","properties":{"landuse":"vineyard"},"geometry":{"type":"Polygon","coordinates":[[[9.1605,40.4608],[9.1601,40.46],[9.161,40.4593],[9.1605,40.4608]]]}},{"type":"Feature","properties":{"landuse":"green_public_spaces"},"geometry":{"type":"Polygon","coordinates":[[[9.5101,40.9536],[9.5088,40.9535],[9.5091,40.9524],[9.5101,40.9536]]]}},{"type":"Feature","properties":{"landuse":"farmland"},"geometry":{"type":"Polygon","coordinates":[[[8.292,40.6047],[8.2906,40.6046],[8.2919,40.6039],[8.292,40.6047]]]}},{"type":"Feature","properties":{"landuse":"farmland"},"geometry":{"type":"Polygon","coordinates":[[[8.2929,40.6622],[8.2907,40.6674],[8.2745,40.665],[8.272,40.6604],[8.2929,40.6622]]]}},{"type":"Feature","properties":{"landuse":"farmland"},"geometry":{"type":"Polygon","coordinates":[[[8.2681,40.6858],[8.2762,40.6848],[8.2643,40.6889],[8.2428,40.6856],[8.2453,40.6814],[8.2433,40.6804],[8.2456,40.6573],[8.2698,40.6584],[8.2717,40.6624],[8.259,40.6643],[8.2606,40.6679],[8.2581,40.6671],[8.255,40.6756],[8.2665,40.6794],[8.2652,40.6839],[8.2681,40.6858]]]}},{"type":"Feature","properties":{"landuse":"green_public_spaces"},"geometry":{"type":"Polygon","coordinates":[[[8.5474,40.7214],[8.5496,40.7217],[8.5503,40.7226],[8.5474,40.7214]]]}},{"type":"Feature","properties":{"landuse":"orchard"},"geometry":{"type":"Polygon","coordinates":[[[9.0084,39.0715],[9.0105,39.0719],[9.0104,39.0749],[9.0084,39.0715]]]}},{"type":"Feature","properties":{"landuse":"farmland"},"geometry":{"type":"Polygon","coordinates":[[[9.0106,39.0709],[9.01,39.0717],[9.0083,39.0706],[9.0106,39.0709]]]}},{"type":"Feature","properties":{"landuse":"farmland"},"geometry":{"type":"Polygon","coordinates":[[[9.0122,39.1622],[9.0091,39.1637],[9.0083,39.1625],[9.0122,39.1622]]]}},{"type":"Feature","properties":{"landuse":"orchard"},"geometry":{"type":"Polygon","coordinates":[[[9.0696,39.275],[9.0724,39.2759],[9.0718,39.2764],[9.0696,39.275]]]}},{"type":"Feature","properties":{"landuse":"green_public_spaces"},"geometry":{"type":"Polygon","coordinates":[[[9.0733,39.2713],[9.0735,39.2747],[9.0714,39.2737],[9.0733,39.2713]]]}},{"type":"Feature","properties":{"landuse":"farmland"},"geometry":{"type":"Polygon","coordinates":[[[9.5819,39.6972],[9.5827,39.6984],[9.5816,39.6988],[9.5819,39.6972]]]}},{"type":"Feature","properties":{"landuse":"farmland"},"geometry":{"type":"Polygon","coordinates":[[[9.1899,39.2689],[9.1905,39.2682],[9.1922,39.2695],[9.1899,39.2689]]]}},{"type":"Feature","properties":{"landuse":"farmland"},"geometry":{"type":"Polygon","coordinates":[[[9.1888,39.2706],[9.1909,39.2707],[9.1905,39.2714],[9.1888,39.2706]]]}},{"type":"Feature","properties":{"landuse":"farmland"},"geometry":{"type":"Polygon","coordinates":[[[9.1886,39.2722],[9.19,39.2725],[9.1883,39.2733],[9.1886,39.2722]]]}},{"type":"Feature","properties":{"landuse":"farmland"},"geometry":{"type":"Polygon","coordinates":[[[9.1901,39.2733],[9.1907,39.2746],[9.1897,39.2741],[9.1901,39.2733]]]}},{"type":"Feature","properties":{"landuse":"farmland"},"geometry":{"type":"Polygon","coordinates":[[[9.1934,39.2748],[9.1926,39.276],[9.1926,39.2744],[9.1934,39.2748]]]}},{"type":"Feature","properties":{"landuse":"farmland"},"geometry":{"type":"Polygon","coordinates":[[[9.1951,39.2749],[9.1969,39.2763],[9.1952,39.2776],[9.1951,39.2749]]]}},{"type":"Feature","properties":{"landuse":"farmland"},"geometry":{"type":"Polygon","coordinates":[[[9.1951,39.2749],[9.1954,39.2742],[9.1983,39.2762],[9.1951,39.2749]]]}},{"type":"Feature","properties":{"landuse":"farmland"},"geometry":{"type":"Polygon","coordinates":[[[9.1978,39.278],[9.1962,39.2789],[9.1977,39.2766],[9.1978,39.278]]]}},{"type":"Feature","properties":{"landuse":"farmland"},"geometry":{"type":"Polygon","coordinates":[[[9.1978,39.278],[9.2002,39.2781],[9.1969,39.2795],[9.1978,39.278]]]}},{"type":"Feature","properties":{"landuse":"farmland"},"geometry":{"type":"Polygon","coordinates":[[[9.1985,39.2787],[9.1978,39.2802],[9.1969,39.2795],[9.1985,39.2787]]]}},{"type":"Feature","properties":{"landuse":"farmland"},"geometry":{"type":"Polygon","coordinates":[[[9.1936,39.2786],[9.1949,39.2775],[9.1951,39.279],[9.1936,39.2786]]]}},{"type":"Feature","properties":{"landuse":"farmland"},"geometry":{"type":"Polygon","coordinates":[[[9.1945,39.2796],[9.197,39.2805],[9.1948,39.2816],[9.1945,39.2796]]]}},{"type":"Feature","properties":{"landuse":"farmland"},"geometry":{"type":"Polygon","coordinates":[[[9.1959,39.2816],[9.1975,39.2815],[9.1961,39.2829],[9.1959,39.2816]]]}},{"type":"Feature","properties":{"landuse":"farmland"},"geometry":{"type":"Polygon","coordinates":[[[9.1939,39.28],[9.1947,39.2816],[9.1907,39.2791],[9.1939,39.28]]]}},{"type":"Feature","properties":{"landuse":"farmland"},"geometry":{"type":"Polygon","coordinates":[[[9.1907,39.2791],[9.1947,39.2816],[9.1906,39.2799],[9.1907,39.2791]]]}},{"type":"Feature","properties":{"landuse":"farmland"},"geometry":{"type":"Polygon","coordinates":[[[9.1906,39.2799],[9.194,39.2818],[9.1932,39.282],[9.1906,39.2799]]]}},{"type":"Feature","properties":{"landuse":"farmland"},"geometry":{"type":"Polygon","coordinates":[[[9.1962,39.283],[9.197,39.2823],[9.1983,39.2831],[9.1962,39.283]]]}},{"type":"Feature","properties":{"landuse":"farmland"},"geometry":{"type":"Polygon","coordinates":[[[9.1972,39.2821],[9.1986,39.2813],[9.1997,39.2825],[9.1972,39.2821]]]}},{"type":"Feature","properties":{"landuse":"farmland"},"geometry":{"type":"Polygon","coordinates":[[[9.2004,39.286],[9.201,39.2851],[9.2027,39.2861],[9.2004,39.286]]]}},{"type":"Feature","properties":{"landuse":"farmland"},"geometry":{"type":"Polygon","coordinates":[[[9.2074,39.2871],[9.2056,39.2878],[9.2059,39.2866],[9.2074,39.2871]]]}},{"type":"Feature","properties":{"landuse":"farmland"},"geometry":{"type":"Polygon","coordinates":[[[9.2048,39.2849],[9.2058,39.2865],[9.204,39.2853],[9.2048,39.2849]]]}},{"type":"Feature","properties":{"landuse":"farmland"},"geometry":{"type":"Polygon","coordinates":[[[9.0095,39.2011],[9.0068,39.2013],[9.0092,39.2002],[9.0095,39.2011]]]}},{"type":"Feature","properties":{"landuse":"green_public_spaces"},"geometry":{"type":"Polygon","coordinates":[[[9.3361,40.3165],[9.338,40.3179],[9.3359,40.3184],[9.3361,40.3165]]]}},{"type":"Feature","properties":{"landuse":"orchard"},"geometry":{"type":"Polygon","coordinates":[[[9.038,39.2682],[9.039,39.2675],[9.0391,39.2687],[9.038,39.2682]]]}},{"type":"Feature","properties":{"landuse":"farmland"},"geometry":{"type":"Polygon","coordinates":[[[8.6275,39.0471],[8.6304,39.0464],[8.63,39.0476],[8.6275,39.0471]]]}},{"type":"Feature","properties":{"landuse":"orchard"},"geometry":{"type":"Polygon","coordinates":[[[8.6296,39.0485],[8.6279,39.0487],[8.63,39.0476],[8.6296,39.0485]]]}},{"type":"Feature","properties":{"landuse":"farmland"},"geometry":{"type":"Polygon","coordinates":[[[8.6351,39.2985],[8.6376,39.2973],[8.6385,39.2991],[8.6351,39.2985]]]}},{"type":"Feature","properties":{"landuse":"farmland"},"geometry":{"type":"Polygon","coordinates":[[[8.6351,39.2985],[8.6341,39.2973],[8.6371,39.2964],[8.6351,39.2985]]]}},{"type":"Feature","properties":{"landuse":"farmland"},"geometry":{"type":"Polygon","coordinates":[[[8.6336,39.2992],[8.6341,39.2973],[8.6351,39.2985],[8.6336,39.2992]]]}},{"type":"Feature","properties":{"landuse":"vineyard"},"geometry":{"type":"Polygon","coordinates":[[[8.638,39.2977],[8.6378,39.2966],[8.6386,39.2964],[8.6388,39.2976],[8.638,39.2977]]]}},{"type":"Feature","properties":{"landuse":"vineyard"},"geometry":{"type":"Polygon","coordinates":[[[9.2066,39.7071],[9.2084,39.7059],[9.2081,39.708],[9.2066,39.7071]]]}},{"type":"Feature","properties":{"landuse":"green_public_spaces"},"geometry":{"type":"Polygon","coordinates":[[[9.648,39.667],[9.6498,39.666],[9.6503,39.6667],[9.648,39.667]]]}},{"type":"Feature","properties":{"landuse":"farmland"},"geometry":{"type":"Polygon","coordinates":[[[9.643,39.6563],[9.6449,39.6578],[9.6426,39.6574],[9.643,39.6563]]]}},{"type":"Feature","properties":{"landuse":"farmland"},"geometry":{"type":"Polygon","coordinates":[[[9.6452,39.6665],[9.6459,39.667],[9.6443,39.6668],[9.6452,39.6665]]]}},{"type":"Feature","properties":{"landuse":"orchard"},"geometry":{"type":"Polygon","coordinates":[[[9.6427,39.6743],[9.6443,39.6721],[9.6441,39.6743],[9.6427,39.6743]]]}},{"type":"Feature","properties":{"landuse":"vineyard"},"geometry":{"type":"Polygon","coordinates":[[[9.2901,40.2288],[9.2866,40.2248],[9.2916,40.2275],[9.2901,40.2288]]]}},{"type":"Feature","properties":{"landuse":"vineyard"},"geometry":{"type":"Polygon","coordinates":[[[9.282,40.2238],[9.2807,40.2237],[9.2836,40.2223],[9.282,40.2238]]]}},{"type":"Feature","properties":{"landuse":"vineyard"},"geometry":{"type":"Polygon","coordinates":[[[9.2952,40.2241],[9.2881,40.2227],[9.289,40.2203],[9.2952,40.2241]]]}},{"type":"Feature","properties":{"landuse":"vineyard"},"geometry":{"type":"Polygon","coordinates":[[[9.2929,40.2289],[9.2914,40.2271],[9.2926,40.2269],[9.2929,40.2289]]]}},{"type":"Feature","properties":{"landuse":"vineyard"},"geometry":{"type":"Polygon","coordinates":[[[9.2853,40.2293],[9.2871,40.229],[9.2882,40.2322],[9.2853,40.2293]]]}},{"type":"Feature","properties":{"landuse":"vineyard"},"geometry":{"type":"Polygon","coordinates":[[[9.2913,40.2352],[9.2902,40.2332],[9.295,40.2317],[9.2971,40.2267],[9.2913,40.2352]]]}},{"type":"Feature","properties":{"landuse":"green_public_spaces"},"geometry":{"type":"Polygon","coordinates":[[[9.099,40.0211],[9.0987,40.0222],[9.0977,40.0218],[9.099,40.0211]]]}},{"type":"Feature","properties":{"landuse":"vineyard"},"geometry":{"type":"Polygon","coordinates":[[[8.3334,40.6566],[8.3319,40.6551],[8.3331,40.6545],[8.3334,40.6566]]]}},{"type":"Feature","properties":{"landuse":"farmland"},"geometry":{"type":"Polygon","coordinates":[[[9.1858,39.2838],[9.186,39.282],[9.1872,39.2826],[9.1858,39.2838]]]}},{"type":"Feature","properties":{"landuse":"farmland"},"geometry":{"type":"Polygon","coordinates":[[[9.1895,39.2856],[9.1886,39.2854],[9.1894,39.2838],[9.1895,39.2856]]]}},{"type":"Feature","properties":{"landuse":"farmland"},"geometry":{"type":"Polygon","coordinates":[[[9.1903,39.284],[9.1911,39.2835],[9.192,39.2858],[9.1903,39.284]]]}},{"type":"Feature","properties":{"landuse":"farmland"},"geometry":{"type":"Polygon","coordinates":[[[9.1779,39.2925],[9.1799,39.2921],[9.1786,39.2933],[9.1779,39.2925]]]}},{"type":"Feature","properties":{"landuse":"vineyard"},"geometry":{"type":"Polygon","coordinates":[[[9.2743,40.2222],[9.2745,40.2202],[9.2757,40.2216],[9.2743,40.2222]]]}},{"type":"Feature","properties":{"landuse":"vineyard"},"geometry":{"type":"Polygon","coordinates":[[[9.2914,40.2161],[9.2902,40.2156],[9.2911,40.2148],[9.2914,40.2161]]]}},{"type":"Feature","properties":{"landuse":"farmland"},"geometry":{"type":"Polygon","coordinates":[[[9.1816,39.277],[9.1832,39.276],[9.1833,39.2777],[9.1816,39.277]]]}},{"type":"Feature","properties":{"landuse":"farmland"},"geometry":{"type":"Polygon","coordinates":[[[9.1835,39.2825],[9.1844,39.2817],[9.185,39.2828],[9.1835,39.2825]]]}},{"type":"Feature","properties":{"landuse":"orchard"},"geometry":{"type":"Polygon","coordinates":[[[9.1849,39.2795],[9.1867,39.2783],[9.1859,39.2799],[9.1849,39.2795]]]}},{"type":"Feature","properties":{"landuse":"green_public_spaces"},"geometry":{"type":"Polygon","coordinates":[[[9.0556,39.2566],[9.0589,39.2581],[9.0571,39.2583],[9.0556,39.2566]]]}},{"type":"Feature","properties":{"landuse":"farmland"},"geometry":{"type":"Polygon","coordinates":[[[9.0679,39.2754],[9.0681,39.2742],[9.0695,39.275],[9.0679,39.2754]]]}},{"type":"Feature","properties":{"landuse":"farmland"},"geometry":{"type":"Polygon","coordinates":[[[9.1768,39.2778],[9.1785,39.2779],[9.1779,39.2787],[9.1768,39.2778]]]}},{"type":"Feature","properties":{"landuse":"orchard"},"geometry":{"type":"Polygon","coordinates":[[[9.054,39.2726],[9.0528,39.2719],[9.0539,39.2713],[9.054,39.2726]]]}},{"type":"Feature","properties":{"landuse":"farmland"},"geometry":{"type":"Polygon","coordinates":[[[9.3336,39.1994],[9.334,39.198],[9.337,39.1985],[9.3336,39.1994]]]}},{"type":"Feature","properties":{"landuse":"farmland"},"geometry":{"type":"Polygon","coordinates":[[[9.33,39.1982],[9.3274,39.1989],[9.3285,39.197],[9.33,39.1982]]]}},{"type":"Feature","properties":{"landuse":"farmland"},"geometry":{"type":"Polygon","coordinates":[[[9.3316,39.1989],[9.3268,39.1997],[9.3308,39.1984],[9.3316,39.1989]]]}},{"type":"Feature","properties":{"landuse":"green_public_spaces"},"geometry":{"type":"Polygon","coordinates":[[[8.4637,39.0583],[8.4585,39.0651],[8.4583,39.0633],[8.4637,39.0583]]]}},{"type":"Feature","properties":{"landuse":"orchard"},"geometry":{"type":"Polygon","coordinates":[[[9.1784,41.3845],[9.1787,41.3833],[9.184,41.3834],[9.1784,41.3845]]]}},{"type":"Feature","properties":{"landuse":"vineyard"},"geometry":{"type":"Polygon","coordinates":[[[9.1816,41.3898],[9.1806,41.3898],[9.1805,41.3888],[9.1816,41.3898]]]}},{"type":"Feature","properties":{"landuse":"vineyard"},"geometry":{"type":"Polygon","coordinates":[[[8.9383,40.1594],[8.9377,40.1574],[8.9395,40.1585],[8.9383,40.1594]]]}},{"type":"Feature","properties":{"landuse":"orchard"},"geometry":{"type":"Polygon","coordinates":[[[8.3305,40.5601],[8.3327,40.5619],[8.3311,40.5648],[8.3305,40.5601]]]}},{"type":"Feature","properties":{"landuse":"green_public_spaces"},"geometry":{"type":"Polygon","coordinates":[[[9.3312,39.2001],[9.3316,39.1989],[9.3322,39.1997],[9.3312,39.2001]]]}},{"type":"Feature","properties":{"landuse":"farmland"},"geometry":{"type":"Polygon","coordinates":[[[9.2536,39.6869],[9.2548,39.6849],[9.2557,39.6866],[9.2536,39.6869]]]}},{"type":"Feature","properties":{"landuse":"vineyard"},"geometry":{"type":"Polygon","coordinates":[[[9.2868,40.2006],[9.2877,40.1995],[9.2884,40.2009],[9.2868,40.2006]]]}},{"type":"Feature","properties":{"landuse":"vineyard"},"geometry":{"type":"Polygon","coordinates":[[[9.2834,40.2011],[9.2845,40.2],[9.2848,40.2015],[9.2834,40.2011]]]}},{"type":"Feature","properties":{"landuse":"vineyard"},"geometry":{"type":"Polygon","coordinates":[[[9.2821,40.2043],[9.2817,40.2031],[9.2825,40.2029],[9.2821,40.2043]]]}},{"type":"Feature","properties":{"landuse":"orchard"},"geometry":{"type":"Polygon","coordinates":[[[9.2766,40.2086],[9.276,40.2073],[9.2783,40.2078],[9.2766,40.2086]]]}},{"type":"Feature","properties":{"landuse":"vineyard"},"geometry":{"type":"Polygon","coordinates":[[[9.2734,40.2082],[9.2722,40.2068],[9.2746,40.2073],[9.2734,40.2082]]]}},{"type":"Feature","properties":{"landuse":"vineyard"},"geometry":{"type":"Polygon","coordinates":[[[9.2688,40.2079],[9.2707,40.2067],[9.2717,40.2076],[9.2688,40.2079]]]}},{"type":"Feature","properties":{"landuse":"vineyard"},"geometry":{"type":"Polygon","coordinates":[[[9.279,40.2125],[9.2761,40.2118],[9.2782,40.2115],[9.279,40.2125]]]}},{"type":"Feature","properties":{"landuse":"vineyard"},"geometry":{"type":"Polygon","coordinates":[[[9.2739,40.2109],[9.2727,40.2104],[9.2742,40.2094],[9.2739,40.2109]]]}},{"type":"Feature","properties":{"landuse":"vineyard"},"geometry":{"type":"Polygon","coordinates":[[[9.3288,39.231],[9.33,39.2306],[9.33,39.232],[9.3288,39.231]]]}},{"type":"Feature","properties":{"landuse":"vineyard"},"geometry":{"type":"Polygon","coordinates":[[[9.3119,39.2307],[9.3114,39.2316],[9.3102,39.2312],[9.3119,39.2307]]]}},{"type":"Feature","properties":{"landuse":"vineyard"},"geometry":{"type":"Polygon","coordinates":[[[9.3175,39.238],[9.3181,39.2374],[9.3191,39.238],[9.3185,39.2386],[9.3175,39.238]]]}},{"type":"Feature","properties":{"landuse":"vineyard"},"geometry":{"type":"Polygon","coordinates":[[[9.3148,39.2395],[9.3156,39.2389],[9.317,39.2403],[9.3148,39.2395]]]}},{"type":"Feature","properties":{"landuse":"farmland"},"geometry":{"type":"Polygon","coordinates":[[[9.3198,39.2382],[9.322,39.2376],[9.3211,39.2389],[9.3198,39.2382]]]}},{"type":"Feature","properties":{"landuse":"farmland"},"geometry":{"type":"Polygon","coordinates":[[[9.324,39.2395],[9.3219,39.2392],[9.3223,39.2377],[9.324,39.2395]]]}},{"type":"Feature","properties":{"landuse":"orchard"},"geometry":{"type":"Polygon","coordinates":[[[9.3113,39.2365],[9.3124,39.2357],[9.3134,39.2364],[9.3113,39.2365]]]}},{"type":"Feature","properties":{"landuse":"orchard"},"geometry":{"type":"Polygon","coordinates":[[[9.3138,39.2342],[9.3143,39.2334],[9.3153,39.234],[9.3138,39.2342]]]}},{"type":"Feature","properties":{"landuse":"green_public_spaces"},"geometry":{"type":"Polygon","coordinates":[[[8.9906,39.0355],[8.9921,39.0338],[8.9914,39.0356],[8.9906,39.0355]]]}},{"type":"Feature","properties":{"landuse":"vineyard"},"geometry":{"type":"Polygon","coordinates":[[[9.3028,40.2314],[9.3079,40.2329],[9.3061,40.2351],[9.3028,40.2314]]]}},{"type":"Feature","properties":{"landuse":"vineyard"},"geometry":{"type":"Polygon","coordinates":[[[9.306,40.2301],[9.3089,40.2313],[9.3084,40.2321],[9.306,40.2301]]]}},{"type":"Feature","properties":{"landuse":"farmland"},"geometry":{"type":"Polygon","coordinates":[[[9.294,39.2477],[9.2938,39.2468],[9.2956,39.2468],[9.294,39.2477]]]}},{"type":"Feature","properties":{"landuse":"orchard"},"geometry":{"type":"Polygon","coordinates":[[[9.2961,39.2476],[9.2972,39.2467],[9.2972,39.2476],[9.2961,39.2476]]]}},{"type":"Feature","properties":{"landuse":"farmland"},"geometry":{"type":"Polygon","coordinates":[[[9.2938,39.2468],[9.2955,39.2457],[9.2956,39.2468],[9.2938,39.2468]]]}},{"type":"Feature","properties":{"landuse":"farmland"},"geometry":{"type":"Polygon","coordinates":[[[9.0109,39.1806],[9.0106,39.1787],[9.0125,39.1789],[9.0109,39.1806]]]}},{"type":"Feature","properties":{"landuse":"farmland"},"geometry":{"type":"Polygon","coordinates":[[[9.0106,39.1787],[9.0105,39.1761],[9.0123,39.1785],[9.0106,39.1787]]]}},{"type":"Feature","properties":{"landuse":"farmland"},"geometry":{"type":"Polygon","coordinates":[[[9.0114,39.1747],[9.0112,39.1732],[9.0123,39.1733],[9.0114,39.1747]]]}},{"type":"Feature","properties":{"landuse":"orchard"},"geometry":{"type":"Polygon","coordinates":[[[9.0032,39.1855],[9.0051,39.1855],[9.0047,39.1861],[9.0032,39.1855]]]}},{"type":"Feature","properties":{"landuse":"vineyard"},"geometry":{"type":"Polygon","coordinates":[[[9.279,40.2046],[9.2804,40.2063],[9.2787,40.2063],[9.279,40.2046]]]}},{"type":"Feature","properties":{"landuse":"vineyard"},"geometry":{"type":"Polygon","coordinates":[[[9.2784,40.2057],[9.2773,40.2042],[9.2788,40.2041],[9.2784,40.2057]]]}},{"type":"Feature","properties":{"landuse":"vineyard"},"geometry":{"type":"Polygon","coordinates":[[[9.2793,40.2017],[9.2788,40.1979],[9.2803,40.2015],[9.2793,40.2017]]]}},{"type":"Feature","properties":{"landuse":"vineyard"},"geometry":{"type":"Polygon","coordinates":[[[9.2772,40.201],[9.2762,40.1981],[9.2776,40.1984],[9.2772,40.201]]]}},{"type":"Feature","properties":{"landuse":"vineyard"},"geometry":{"type":"Polygon","coordinates":[[[9.2956,40.216],[9.3012,40.2155],[9.2993,40.2195],[9.2955,40.219],[9.2956,40.216]]]}},{"type":"Feature","properties":{"landuse":"vineyard"},"geometry":{"type":"Polygon","coordinates":[[[9.3048,40.2156],[9.3056,40.2143],[9.3072,40.2153],[9.3048,40.2156]]]}},{"type":"Feature","properties":{"landuse":"vineyard"},"geometry":{"type":"Polygon","coordinates":[[[9.2964,40.2143],[9.2986,40.2121],[9.3004,40.214],[9.2964,40.2143]]]}},{"type":"Feature","properties":{"landuse":"vineyard"},"geometry":{"type":"Polygon","coordinates":[[[9.3113,40.2149],[9.314,40.215],[9.3114,40.2173],[9.3113,40.2149]]]}},{"type":"Feature","properties":{"landuse":"vineyard"},"geometry":{"type":"Polygon","coordinates":[[[9.3077,40.2165],[9.3114,40.2166],[9.3117,40.2209],[9.3056,40.2216],[9.3077,40.2165]]]}},{"type":"Feature","properties":{"landuse":"vineyard"},"geometry":{"type":"Polygon","coordinates":[[[9.2958,40.2318],[9.2969,40.2303],[9.2977,40.2316],[9.2958,40.2318]]]}},{"type":"Feature","properties":{"landuse":"vineyard"},"geometry":{"type":"Polygon","coordinates":[[[9.2952,40.2366],[9.295,40.2335],[9.2985,40.2339],[9.2952,40.2366]]]}},{"type":"Feature","properties":{"landuse":"vineyard"},"geometry":{"type":"Polygon","coordinates":[[[9.297,40.2255],[9.2985,40.2252],[9.2998,40.2277],[9.297,40.2255]]]}},{"type":"Feature","properties":{"landuse":"vineyard"},"geometry":{"type":"Polygon","coordinates":[[[9.2985,40.2301],[9.2979,40.2278],[9.2999,40.2297],[9.2985,40.2301]]]}},{"type":"Feature","properties":{"landuse":"vineyard"},"geometry":{"type":"Polygon","coordinates":[[[9.2992,40.231],[9.301,40.2327],[9.2989,40.234],[9.2992,40.231]]]}},{"type":"Feature","properties":{"landuse":"vineyard"},"geometry":{"type":"Polygon","coordinates":[[[9.2908,40.2144],[9.2899,40.2132],[9.2919,40.2134],[9.2908,40.2144]]]}},{"type":"Feature","properties":{"landuse":"vineyard"},"geometry":{"type":"Polygon","coordinates":[[[9.2875,40.2121],[9.2881,40.211],[9.2888,40.2125],[9.2875,40.2121]]]}},{"type":"Feature","properties":{"landuse":"orchard"},"geometry":{"type":"Polygon","coordinates":[[[8.8367,40.1497],[8.8388,40.1492],[8.8381,40.1521],[8.8334,40.1529],[8.8367,40.1497]]]}},{"type":"Feature","properties":{"landuse":"vineyard"},"geometry":{"type":"Polygon","coordinates":[[[9.3007,40.2362],[9.3015,40.2347],[9.3018,40.236],[9.3007,40.2362]]]}},{"type":"Feature","properties":{"landuse":"orchard"},"geometry":{"type":"Polygon","coordinates":[[[9.0651,39.265],[9.066,39.2654],[9.0637,39.2669],[9.0651,39.265]]]}},{"type":"Feature","properties":{"landuse":"farmland"},"geometry":{"type":"Polygon","coordinates":[[[9.0699,39.2638],[9.068,39.2653],[9.0669,39.264],[9.0699,39.2638]]]}},{"type":"Feature","properties":{"landuse":"farmland"},"geometry":{"type":"Polygon","coordinates":[[[9.0755,39.2702],[9.0731,39.269],[9.0757,39.2687],[9.0755,39.2702]]]}},{"type":"Feature","properties":{"landuse":"farmland"},"geometry":{"type":"Polygon","coordinates":[[[9.0728,39.2714],[9.0709,39.2704],[9.0733,39.271],[9.0728,39.2714]]]}},{"type":"Feature","properties":{"landuse":"farmland"},"geometry":{"type":"Polygon","coordinates":[[[9.073,39.2689],[9.072,39.268],[9.0726,39.2673],[9.073,39.2689]]]}},{"type":"Feature","properties":{"landuse":"farmland"},"geometry":{"type":"Polygon","coordinates":[[[9.0735,39.2682],[9.0714,39.2655],[9.0741,39.2679],[9.0735,39.2682]]]}},{"type":"Feature","properties":{"landuse":"farmland"},"geometry":{"type":"Polygon","coordinates":[[[9.0722,39.2677],[9.0706,39.2663],[9.0726,39.2673],[9.0722,39.2677]]]}},{"type":"Feature","properties":{"landuse":"green_public_spaces"},"geometry":{"type":"Polygon","coordinates":[[[9.4414,40.4861],[9.4428,40.4864],[9.4423,40.4877],[9.4414,40.4861]]]}},{"type":"Feature","properties":{"landuse":"vineyard"},"geometry":{"type":"Polygon","coordinates":[[[9.2919,40.2066],[9.2908,40.2054],[9.293,40.2038],[9.2919,40.2066]]]}},{"type":"Feature","properties":{"landuse":"farmland"},"geometry":{"type":"Polygon","coordinates":[[[9.0718,39.2651],[9.0695,39.2649],[9.0703,39.264],[9.0718,39.2651]]]}},{"type":"Feature","properties":{"landuse":"farmland"},"geometry":{"type":"Polygon","coordinates":[[[9.0686,39.2655],[9.0694,39.2648],[9.0709,39.266],[9.0686,39.2655]]]}},{"type":"Feature","properties":{"landuse":"farmland"},"geometry":{"type":"Polygon","coordinates":[[[9.0692,39.266],[9.0671,39.2677],[9.0684,39.2657],[9.0692,39.266]]]}},{"type":"Feature","properties":{"landuse":"farmland"},"geometry":{"type":"Polygon","coordinates":[[[8.8117,40.9256],[8.8127,40.9241],[8.8138,40.9256],[8.8117,40.9256]]]}},{"type":"Feature","properties":{"landuse":"farmland"},"geometry":{"type":"Polygon","coordinates":[[[8.8109,40.9254],[8.8126,40.9241],[8.8117,40.9256],[8.8109,40.9254]]]}},{"type":"Feature","properties":{"landuse":"farmland"},"geometry":{"type":"Polygon","coordinates":[[[8.8071,40.924],[8.8106,40.9241],[8.8096,40.9249],[8.8071,40.924]]]}},{"type":"Feature","properties":{"landuse":"farmland"},"geometry":{"type":"Polygon","coordinates":[[[8.8046,40.9231],[8.8064,40.9219],[8.807,40.9239],[8.8046,40.9231]]]}},{"type":"Feature","properties":{"landuse":"farmland"},"geometry":{"type":"Polygon","coordinates":[[[8.8317,40.926],[8.8339,40.9265],[8.8312,40.9273],[8.8317,40.926]]]}},{"type":"Feature","properties":{"landuse":"farmland"},"geometry":{"type":"Polygon","coordinates":[[[8.8281,40.9238],[8.8342,40.9235],[8.8312,40.9259],[8.8281,40.9238]]]}},{"type":"Feature","properties":{"landuse":"farmland"},"geometry":{"type":"Polygon","coordinates":[[[9.0707,39.2702],[9.0696,39.2713],[9.0698,39.27],[9.0707,39.2702]]]}},{"type":"Feature","properties":{"landuse":"farmland"},"geometry":{"type":"Polygon","coordinates":[[[9.0683,39.2686],[9.0696,39.2694],[9.0678,39.2693],[9.0683,39.2686]]]}},{"type":"Feature","properties":{"landuse":"green_public_spaces"},"geometry":{"type":"Polygon","coordinates":[[[9.0691,39.2709],[9.0672,39.27],[9.0695,39.2696],[9.0691,39.2709]]]}},{"type":"Feature","properties":{"landuse":"farmland"},"geometry":{"type":"Polygon","coordinates":[[[9.0672,39.27],[9.0665,39.2696],[9.0685,39.2679],[9.0672,39.27]]]}},{"type":"Feature","properties":{"landuse":"farmland"},"geometry":{"type":"Polygon","coordinates":[[[9.065,39.2687],[9.0645,39.2702],[9.0639,39.2698],[9.065,39.2687]]]}},{"type":"Feature","properties":{"landuse":"farmland"},"geometry":{"type":"Polygon","coordinates":[[[9.0643,39.2703],[9.061,39.2712],[9.0634,39.27],[9.0643,39.2703]]]}},{"type":"Feature","properties":{"landuse":"green_public_spaces"},"geometry":{"type":"Polygon","coordinates":[[[8.5746,40.8037],[8.5725,40.8025],[8.5734,40.8013],[8.5746,40.8037]]]}},{"type":"Feature","properties":{"landuse":"green_public_spaces"},"geometry":{"type":"Polygon","coordinates":[[[9.5247,39.9191],[9.5235,39.9175],[9.5253,39.9173],[9.5247,39.9191]]]}},{"type":"Feature","properties":{"landuse":"green_public_spaces"},"geometry":{"type":"Polygon","coordinates":[[[8.8855,40.8327],[8.8864,40.8321],[8.887,40.8329],[8.8859,40.8334],[8.8855,40.8327]]]}},{"type":"Feature","properties":{"landuse":"farmland"},"geometry":{"type":"Polygon","coordinates":[[[8.3265,40.5843],[8.3296,40.5856],[8.3258,40.5872],[8.3265,40.5843]]]}},{"type":"Feature","properties":{"landuse":"orchard"},"geometry":{"type":"Polygon","coordinates":[[[8.3265,40.5833],[8.3241,40.5823],[8.3266,40.5804],[8.3265,40.5833]]]}},{"type":"Feature","properties":{"landuse":"orchard"},"geometry":{"type":"Polygon","coordinates":[[[8.3265,40.5718],[8.3259,40.5707],[8.3275,40.57],[8.3265,40.5718]]]}},{"type":"Feature","properties":{"landuse":"vineyard"},"geometry":{"type":"Polygon","coordinates":[[[9.059,40.4226],[9.059,40.4202],[9.0611,40.4217],[9.059,40.4226]]]}},{"type":"Feature","properties":{"landuse":"vineyard"},"geometry":{"type":"Polygon","coordinates":[[[9.0601,40.4241],[9.0591,40.4227],[9.0621,40.4216],[9.0601,40.4241]]]}},{"type":"Feature","properties":{"landuse":"vineyard"},"geometry":{"type":"Polygon","coordinates":[[[9.059,40.4226],[9.0575,40.423],[9.0574,40.4206],[9.059,40.4226]]]}},{"type":"Feature","properties":{"landuse":"green_public_spaces"},"geometry":{"type":"Polygon","coordinates":[[[8.6316,39.5425],[8.6327,39.543],[8.6304,39.5432],[8.6316,39.5425]]]}},{"type":"Feature","properties":{"landuse":"orchard"},"geometry":{"type":"Polygon","coordinates":[[[8.356,40.5528],[8.3571,40.5535],[8.3562,40.5545],[8.356,40.5528]]]}},{"type":"Feature","properties":{"landuse":"orchard"},"geometry":{"type":"Polygon","coordinates":[[[8.3357,40.5587],[8.3386,40.5602],[8.3335,40.56],[8.3357,40.5587]]]}},{"type":"Feature","properties":{"landuse":"orchard"},"geometry":{"type":"Polygon","coordinates":[[[8.3469,40.5503],[8.3455,40.5471],[8.3478,40.547],[8.3469,40.5503]]]}},{"type":"Feature","properties":{"landuse":"orchard"},"geometry":{"type":"Polygon","coordinates":[[[8.3463,40.5446],[8.347,40.5463],[8.3451,40.5462],[8.3463,40.5446]]]}},{"type":"Feature","properties":{"landuse":"orchard"},"geometry":{"type":"Polygon","coordinates":[[[8.3289,40.5435],[8.3283,40.5417],[8.3306,40.5422],[8.3289,40.5435]]]}},{"type":"Feature","properties":{"landuse":"orchard"},"geometry":{"type":"Polygon","coordinates":[[[8.3276,40.5416],[8.3279,40.5433],[8.3256,40.543],[8.3276,40.5416]]]}},{"type":"Feature","properties":{"landuse":"orchard"},"geometry":{"type":"Polygon","coordinates":[[[8.337,40.5472],[8.3393,40.5523],[8.3325,40.5547],[8.3297,40.5501],[8.337,40.5472]]]}},{"type":"Feature","properties":{"landuse":"orchard"},"geometry":{"type":"Polygon","coordinates":[[[8.3295,40.5386],[8.3287,40.5372],[8.3319,40.5374],[8.3295,40.5386]]]}},{"type":"Feature","properties":{"landuse":"orchard"},"geometry":{"type":"Polygon","coordinates":[[[8.3285,40.5397],[8.3301,40.5404],[8.3281,40.5407],[8.3285,40.5397]]]}},{"type":"Feature","properties":{"landuse":"orchard"},"geometry":{"type":"Polygon","coordinates":[[[8.3303,40.5419],[8.3313,40.5408],[8.3318,40.5416],[8.3303,40.5419]]]}},{"type":"Feature","properties":{"landuse":"orchard"},"geometry":{"type":"Polygon","coordinates":[[[8.333,40.5405],[8.3346,40.5395],[8.3342,40.5412],[8.333,40.5405]]]}},{"type":"Feature","properties":{"landuse":"orchard"},"geometry":{"type":"Polygon","coordinates":[[[8.3346,40.5445],[8.3308,40.5422],[8.3333,40.5415],[8.3346,40.5445]]]}},{"type":"Feature","properties":{"landuse":"orchard"},"geometry":{"type":"Polygon","coordinates":[[[8.3355,40.5448],[8.3344,40.5436],[8.3359,40.5427],[8.3355,40.5448]]]}},{"type":"Feature","properties":{"landuse":"orchard"},"geometry":{"type":"Polygon","coordinates":[[[8.3307,40.5423],[8.337,40.5471],[8.3275,40.5459],[8.3307,40.5423]]]}},{"type":"Feature","properties":{"landuse":"orchard"},"geometry":{"type":"Polygon","coordinates":[[[8.3417,40.5398],[8.3397,40.5428],[8.3344,40.5405],[8.3433,40.5359],[8.3417,40.5398]]]}},{"type":"Feature","properties":{"landuse":"orchard"},"geometry":{"type":"Polygon","coordinates":[[[8.3321,40.538],[8.3341,40.5363],[8.3335,40.54],[8.3321,40.538]]]}},{"type":"Feature","properties":{"landuse":"orchard"},"geometry":{"type":"Polygon","coordinates":[[[8.3395,40.5522],[8.3372,40.5472],[8.3446,40.5454],[8.3459,40.548],[8.3395,40.5522]]]}},{"type":"Feature","properties":{"landuse":"orchard"},"geometry":{"type":"Polygon","coordinates":[[[8.344,40.5594],[8.3391,40.5608],[8.3393,40.5582],[8.344,40.5594]]]}},{"type":"Feature","properties":{"landuse":"orchard"},"geometry":{"type":"Polygon","coordinates":[[[8.3481,40.5613],[8.3489,40.5595],[8.3532,40.5626],[8.3481,40.5613]]]}},{"type":"Feature","properties":{"landuse":"orchard"},"geometry":{"type":"Polygon","coordinates":[[[9.3819,39.175],[9.3847,39.1728],[9.3846,39.1747],[9.3819,39.175]]]}},{"type":"Feature","properties":{"landuse":"orchard"},"geometry":{"type":"Polygon","coordinates":[[[9.3852,39.1752],[9.3857,39.1727],[9.3872,39.1753],[9.3852,39.1752]]]}},{"type":"Feature","properties":{"landuse":"farmland"},"geometry":{"type":"Polygon","coordinates":[[[9.3857,39.1727],[9.3858,39.1715],[9.3875,39.1717],[9.3857,39.1727]]]}},{"type":"Feature","properties":{"landuse":"farmland"},"geometry":{"type":"Polygon","coordinates":[[[9.3821,39.1736],[9.3819,39.1749],[9.3811,39.174],[9.3821,39.1736]]]}},{"type":"Feature","properties":{"landuse":"farmland"},"geometry":{"type":"Polygon","coordinates":[[[9.3852,39.1752],[9.3863,39.1753],[9.3859,39.1768],[9.3852,39.1752]]]}},{"type":"Feature","properties":{"landuse":"farmland"},"geometry":{"type":"Polygon","coordinates":[[[9.3813,39.1955],[9.3831,39.1951],[9.3823,39.1962],[9.3813,39.1955]]]}},{"type":"Feature","properties":{"landuse":"farmland"},"geometry":{"type":"Polygon","coordinates":[[[9.3817,39.1764],[9.3831,39.1782],[9.3819,39.1778],[9.3817,39.1764]]]}},{"type":"Feature","properties":{"landuse":"farmland"},"geometry":{"type":"Polygon","coordinates":[[[9.3825,39.1783],[9.3843,39.1782],[9.386,39.181],[9.3825,39.1783]]]}},{"type":"Feature","properties":{"landuse":"farmland"},"geometry":{"type":"Polygon","coordinates":[[[9.328,39.223],[9.3253,39.2242],[9.327,39.222],[9.328,39.223]]]}},{"type":"Feature","properties":{"landuse":"orchard"},"geometry":{"type":"Polygon","coordinates":[[[9.0269,39.0737],[9.0255,39.0726],[9.0284,39.0724],[9.0267,39.0718],[9.0269,39.0737]]]}},{"type":"Feature","properties":{"landuse":"farmland"},"geometry":{"type":"Polygon","coordinates":[[[8.9902,39.0342],[8.9905,39.0328],[8.9917,39.0337],[8.9902,39.0342]]]}},{"type":"Feature","properties":{"landuse":"farmland"},"geometry":{"type":"Polygon","coordinates":[[[8.9855,39.0401],[8.9854,39.0363],[8.9888,39.0351],[8.99,39.0373],[8.9855,39.0401]]]}},{"type":"Feature","properties":{"landuse":"farmland"},"geometry":{"type":"Polygon","coordinates":[[[8.9854,39.0419],[8.9787,39.0411],[8.9821,39.0389],[8.9854,39.0419]]]}},{"type":"Feature","properties":{"landuse":"orchard"},"geometry":{"type":"Polygon","coordinates":[[[9.006,39.0393],[9.0104,39.0389],[9.0096,39.0396],[9.006,39.0393]]]}},{"type":"Feature","properties":{"landuse":"farmland"},"geometry":{"type":"Polygon","coordinates":[[[9.0093,39.0385],[9.006,39.0393],[9.0035,39.0371],[9.0093,39.0385]]]}},{"type":"Feature","properties":{"landuse":"farmland"},"geometry":{"type":"Polygon","coordinates":[[[8.9999,39.0416],[9.0002,39.0393],[9.0026,39.0413],[8.9999,39.0416]]]}},{"type":"Feature","properties":{"landuse":"farmland"},"geometry":{"type":"Polygon","coordinates":[[[9.0014,39.0402],[9.0018,39.0368],[9.0057,39.0392],[9.0056,39.0439],[9.0014,39.0402]]]}},{"type":"Feature","properties":{"landuse":"orchard"},"geometry":{"type":"Polygon","coordinates":[[[8.9925,39.0285],[8.9923,39.0299],[8.9911,39.0287],[8.9925,39.0285]]]}},{"type":"Feature","properties":{"landuse":"farmland"},"geometry":{"type":"Polygon","coordinates":[[[9.0025,39.0281],[9.0042,39.0273],[9.0036,39.0292],[9.0025,39.0281]]]}},{"type":"Feature","properties":{"landuse":"farmland"},"geometry":{"type":"Polygon","coordinates":[[[9.0068,39.0257],[9.0093,39.0275],[9.0051,39.0262],[9.0068,39.0257]]]}},{"type":"Feature","properties":{"landuse":"farmland"},"geometry":{"type":"Polygon","coordinates":[[[9.0072,39.0325],[9.008,39.0314],[9.0114,39.032],[9.0072,39.0325]]]}},{"type":"Feature","properties":{"landuse":"orchard"},"geometry":{"type":"Polygon","coordinates":[[[9.0053,39.0316],[9.0035,39.0321],[9.0036,39.031],[9.0053,39.0316]]]}},{"type":"Feature","properties":{"landuse":"farmland"},"geometry":{"type":"Polygon","coordinates":[[[9.0025,39.032],[9.003,39.03],[9.0038,39.0299],[9.0025,39.032]]]}},{"type":"Feature","properties":{"landuse":"orchard"},"geometry":{"type":"Polygon","coordinates":[[[9.0048,39.0324],[9.0059,39.0306],[9.0062,39.0324],[9.0048,39.0324]]]}},{"type":"Feature","properties":{"landuse":"farmland"},"geometry":{"type":"Polygon","coordinates":[[[9.003,39.0295],[9.0025,39.032],[9.0019,39.0286],[9.003,39.0295]]]}},{"type":"Feature","properties":{"landuse":"farmland"},"geometry":{"type":"Polygon","coordinates":[[[9.0059,39.0324],[9.0086,39.0361],[9.0062,39.0366],[9.0059,39.0324]]]}},{"type":"Feature","properties":{"landuse":"orchard"},"geometry":{"type":"Polygon","coordinates":[[[9.0059,39.0368],[9.0075,39.0365],[9.0077,39.0378],[9.0059,39.0368]]]}},{"type":"Feature","properties":{"landuse":"orchard"},"geometry":{"type":"Polygon","coordinates":[[[9.0049,39.0349],[9.0058,39.035],[9.0058,39.0367],[9.0049,39.0349]]]}},{"type":"Feature","properties":{"landuse":"orchard"},"geometry":{"type":"Polygon","coordinates":[[[9.0017,39.032],[9.0045,39.0324],[9.0026,39.0342],[9.0017,39.032]]]}},{"type":"Feature","properties":{"landuse":"farmland"},"geometry":{"type":"Polygon","coordinates":[[[8.9953,39.0303],[8.9979,39.0285],[8.9982,39.0309],[8.9953,39.0303]]]}},{"type":"Feature","properties":{"landuse":"farmland"},"geometry":{"type":"Polygon","coordinates":[[[8.9986,39.0444],[9.0026,39.0447],[9.0049,39.0467],[8.9986,39.0444]]]}},{"type":"Feature","properties":{"landuse":"farmland"},"geometry":{"type":"Polygon","coordinates":[[[8.9999,39.0416],[9.0058,39.0444],[9.0026,39.0453],[8.9999,39.0416]]]}},{"type":"Feature","properties":{"landuse":"farmland"},"geometry":{"type":"Polygon","coordinates":[[[9.0108,39.046],[9.0152,39.0462],[9.0121,39.0493],[9.0075,39.0487],[9.0108,39.046]]]}},{"type":"Feature","properties":{"landuse":"farmland"},"geometry":{"type":"Polygon","coordinates":[[[8.9798,39.0369],[8.9823,39.0379],[8.9794,39.0389],[8.9798,39.0369]]]}},{"type":"Feature","properties":{"landuse":"farmland"},"geometry":{"type":"Polygon","coordinates":[[[8.9781,39.0302],[8.9815,39.0303],[8.9766,39.0313],[8.9781,39.0302]]]}},{"type":"Feature","properties":{"landuse":"orchard"},"geometry":{"type":"Polygon","coordinates":[[[8.9841,39.0285],[8.984,39.026],[8.985,39.0281],[8.9841,39.0285]]]}},{"type":"Feature","properties":{"landuse":"farmland"},"geometry":{"type":"Polygon","coordinates":[[[8.972,39.0379],[8.9737,39.0361],[8.9776,39.0377],[8.972,39.0379]]]}},{"type":"Feature","properties":{"landuse":"farmland"},"geometry":{"type":"Polygon","coordinates":[[[8.9702,39.0329],[8.9681,39.0328],[8.9739,39.0308],[8.9702,39.0329]]]}},{"type":"Feature","properties":{"landuse":"farmland"},"geometry":{"type":"Polygon","coordinates":[[[8.9779,39.027],[8.9756,39.0305],[8.9703,39.0285],[8.9779,39.027]]]}},{"type":"Feature","properties":{"landuse":"farmland"},"geometry":{"type":"Polygon","coordinates":[[[8.978,39.0269],[8.9834,39.0261],[8.984,39.0287],[8.9789,39.0297],[8.978,39.0269]]]}},{"type":"Feature","properties":{"landuse":"farmland"},"geometry":{"type":"Polygon","coordinates":[[[8.9841,39.0286],[8.9857,39.0279],[8.9853,39.0311],[8.9841,39.0286]]]}},{"type":"Feature","properties":{"landuse":"farmland"},"geometry":{"type":"Polygon","coordinates":[[[8.9797,39.0354],[8.9799,39.0366],[8.9787,39.0355],[8.9797,39.0354]]]}},{"type":"Feature","properties":{"landuse":"farmland"},"geometry":{"type":"Polygon","coordinates":[[[8.9787,39.0355],[8.9802,39.0343],[8.9819,39.0351],[8.9787,39.0355]]]}},{"type":"Feature","properties":{"landuse":"farmland"},"geometry":{"type":"Polygon","coordinates":[[[8.9767,39.0359],[8.9754,39.036],[8.9785,39.0354],[8.9767,39.0359]]]}},{"type":"Feature","properties":{"landuse":"farmland"},"geometry":{"type":"Polygon","coordinates":[[[8.9815,39.0322],[8.9831,39.0318],[8.9834,39.0326],[8.9815,39.0322]]]}},{"type":"Feature","properties":{"landuse":"orchard"},"geometry":{"type":"Polygon","coordinates":[[[8.974,39.0312],[8.9754,39.0324],[8.9741,39.0323],[8.974,39.0312]]]}},{"type":"Feature","properties":{"landuse":"farmland"},"geometry":{"type":"Polygon","coordinates":[[[8.9754,39.039],[8.9781,39.0376],[8.9768,39.0395],[8.9754,39.039]]]}},{"type":"Feature","properties":{"landuse":"farmland"},"geometry":{"type":"Polygon","coordinates":[[[8.9625,39.0358],[8.968,39.0334],[8.9639,39.0374],[8.9625,39.0358]]]}},{"type":"Feature","properties":{"landuse":"orchard"},"geometry":{"type":"Polygon","coordinates":[[[8.9719,39.0372],[8.9703,39.0347],[8.9744,39.0326],[8.9719,39.0372]]]}},{"type":"Feature","properties":{"landuse":"farmland"},"geometry":{"type":"Polygon","coordinates":[[[8.9691,39.0361],[8.9702,39.0347],[8.9719,39.0352],[8.9691,39.0361]]]}},{"type":"Feature","properties":{"landuse":"farmland"},"geometry":{"type":"Polygon","coordinates":[[[8.9674,39.0361],[8.9653,39.0356],[8.9718,39.0328],[8.9674,39.0361]]]}},{"type":"Feature","properties":{"landuse":"farmland"},"geometry":{"type":"Polygon","coordinates":[[[8.9657,39.0326],[8.9625,39.0358],[8.9591,39.0328],[8.9657,39.0326]]]}},{"type":"Feature","properties":{"landuse":"farmland"},"geometry":{"type":"Polygon","coordinates":[[[8.977,39.0367],[8.9794,39.0366],[8.9783,39.0374],[8.977,39.0367]]]}},{"type":"Feature","properties":{"landuse":"orchard"},"geometry":{"type":"Polygon","coordinates":[[[8.9771,39.0369],[8.9753,39.0361],[8.9773,39.0359],[8.9771,39.0369]]]}},{"type":"Feature","properties":{"landuse":"farmland"},"geometry":{"type":"Polygon","coordinates":[[[9.0113,38.9983],[9.0108,38.9962],[9.0137,38.9976],[9.0113,38.9983]]]}},{"type":"Feature","properties":{"landuse":"farmland"},"geometry":{"type":"Polygon","coordinates":[[[9.1627,40.9142],[9.1636,40.9129],[9.1641,40.9134],[9.1627,40.9142]]]}},{"type":"Feature","properties":{"landuse":"farmland"},"geometry":{"type":"Polygon","coordinates":[[[9.158,40.9112],[9.1611,40.911],[9.1603,40.9134],[9.158,40.9112]]]}},{"type":"Feature","properties":{"landuse":"farmland"},"geometry":{"type":"Polygon","coordinates":[[[9.1542,40.908],[9.1583,40.9081],[9.1568,40.9095],[9.1542,40.908]]]}}]}