{"type":"FeatureCollection","features":[{"type":"Feature","properties":{"landuse":"farmland"},"geometry":{"type":"Polygon","coordinates":[[[14.4717,41.716],[14.4728,41.714],[14.4742,41.7147],[14.4717,41.716]]]}},{"type":"Feature","properties":{"landuse":"farmland"},"geometry":{"type":"Polygon","coordinates":[[[14.4848,41.7113],[14.4855,41.7144],[14.4784,41.7142],[14.4848,41.7113]]]}},{"type":"Feature","properties":{"landuse":"farmland"},"geometry":{"type":"Polygon","coordinates":[[[14.493,41.7183],[14.4936,41.7155],[14.4855,41.7107],[14.4905,41.7095],[14.4954,41.7157],[14.493,41.7183]]]}},{"type":"Feature","properties":{"landuse":"farmland"},"geometry":{"type":"Polygon","coordinates":[[[14.4717,41.717],[14.473,41.7177],[14.4712,41.7177],[14.4717,41.717]]]}},{"type":"Feature","properties":{"landuse":"farmland"},"geometry":{"type":"Polygon","coordinates":[[[14.4543,41.698],[14.4556,41.699],[14.4538,41.6998],[14.4543,41.698]]]}},{"type":"Feature","properties":{"landuse":"farmland"},"geometry":{"type":"Polygon","coordinates":[[[14.4519,41.692],[14.4516,41.693],[14.4493,41.6922],[14.4519,41.692]]]}},{"type":"Feature","properties":{"landuse":"farmland"},"geometry":{"type":"Polygon","coordinates":[[[14.4392,41.6916],[14.4446,41.6904],[14.4431,41.692],[14.4392,41.6916]]]}},{"type":"Feature","properties":{"landuse":"farmland"},"geometry":{"type":"Polygon","coordinates":[[[14.457,41.6935],[14.4606,41.6971],[14.4531,41.6985],[14.4503,41.695],[14.4582,41.6971],[14.457,41.6935]]]}},{"type":"Feature","properties":{"landuse":"farmland"},"geometry":{"type":"MultiPolygon","coordinates":[[[[14.4572,41.6911],[14.459,41.6924],[14.4571,41.6931],[14.4572,41.6911]]],[[[14.4567,41.6908],[14.4556,41.6917],[14.4541,41.6911],[14.4567,41.6908]]]]}},{"type":"Feature","properties":{"landuse":"farmland"},"geometry":{"type":"Polygon","coordinates":[[[14.4552,41.7039],[14.4541,41.7047],[14.4538,41.7035],[14.4552,41.7039]]]}},{"type":"Feature","properties":{"landuse":"farmland"},"geometry":{"type":"Polygon","coordinates":[[[14.4544,41.7029],[14.4503,41.7004],[14.4538,41.7006],[14.4544,41.7029]],[[14.4538,41.701],[14.454,41.7009],[14.454,41.7008],[14.4538,41.7009],[14.4538,41.701]],[[14.4533,41.7009],[14.4535,41.7009],[14.4533,41.7009],[14.4533,41.7009]],[[14.4527,41.7008],[14.4528,41.7008],[14.4528,41.7008],[14.4527,41.7008]],[[14.4534,41.7005],[14.4535,41.7005],[14.4534,41.7005],[14.4534,41.7005]],[[14.4527,41.7005],[14.4527,41.7005],[14.4528,41.7005],[14.4529,41.7005],[14.4527,41.7005]]]}},{"type":"Feature","properties":{"landuse":"farmland"},"geometry":{"type":"Polygon","coordinates":[[[14.4564,41.7001],[14.4592,41.6989],[14.4576,41.7013],[14.4564,41.7001]]]}},{"type":"Feature","properties":{"landuse":"farmland"},"geometry":{"type":"Polygon","coordinates":[[[14.4621,41.7193],[14.4583,41.7157],[14.4604,41.7159],[14.4604,41.7104],[14.4651,41.71],[14.4654,41.7125],[14.4623,41.7091],[14.4621,41.7193]]]}},{"type":"Feature","properties":{"landuse":"farmland"},"geometry":{"type":"Polygon","coordinates":[[[14.4489,41.7012],[14.4486,41.7025],[14.4471,41.7004],[14.4489,41.7012]]]}},{"type":"Feature","properties":{"landuse":"farmland"},"geometry":{"type":"Polygon","coordinates":[[[14.6408,41.5611],[14.6369,41.5566],[14.6428,41.5588],[14.6408,41.5611]],[[14.6404,41.5582],[14.6394,41.5587],[14.6417,41.5587],[14.6404,41.5582]]]}},{"type":"Feature","properties":{"landuse":"farmland"},"geometry":{"type":"Polygon","coordinates":[[[14.7495,41.9767],[14.7461,41.9736],[14.7558,41.9742],[14.7495,41.9767]],[[14.7476,41.974],[14.7481,41.974],[14.7476,41.9735],[14.7476,41.974]]]}},{"type":"Feature","properties":{"landuse":"farmland"},"geometry":{"type":"Polygon","coordinates":[[[14.7598,41.9611],[14.7656,41.96],[14.7635,41.9628],[14.7598,41.9611]],[[14.7627,41.9619],[14.7633,41.9619],[14.7631,41.9613],[14.7627,41.9619]],[[14.7628,41.9611],[14.7638,41.9609],[14.7634,41.9606],[14.7628,41.9611]]]}},{"type":"Feature","properties":{"landuse":"farmland"},"geometry":{"type":"Polygon","coordinates":[[[14.7621,41.9651],[14.762,41.9639],[14.7643,41.9639],[14.7621,41.9651]],[[14.7632,41.9649],[14.7639,41.9647],[14.7633,41.9646],[14.7632,41.9649]]]}},{"type":"Feature","properties":{"landuse":"farmland"},"geometry":{"type":"Polygon","coordinates":[[[14.7708,41.9578],[14.7727,41.9561],[14.7741,41.9578],[14.7708,41.9578]],[[14.7723,41.958],[14.7725,41.9578],[14.7722,41.9578],[14.7723,41.958]],[[14.7725,41.9576],[14.7729,41.9575],[14.7727,41.9571],[14.7725,41.9576]]]}},{"type":"Feature","properties":{"landuse":"farmland"},"geometry":{"type":"Polygon","coordinates":[[[14.7669,41.9591],[14.7647,41.9573],[14.7687,41.9571],[14.7689,41.9612],[14.7669,41.9591]],[[14.768,41.959],[14.7683,41.9586],[14.7677,41.9586],[14.768,41.959]]]}},{"type":"Feature","properties":{"landuse":"farmland"},"geometry":{"type":"Polygon","coordinates":[[[14.761,41.9738],[14.7606,41.9708],[14.7624,41.9732],[14.761,41.9738]],[[14.7605,41.9733],[14.7612,41.9731],[14.7604,41.9721],[14.7605,41.9733]]]}},{"type":"Feature","properties":{"landuse":"farmland"},"geometry":{"type":"Polygon","coordinates":[[[14.7656,41.9548],[14.7641,41.9492],[14.7664,41.9505],[14.7656,41.9548]],[[14.7657,41.9534],[14.766,41.9528],[14.7654,41.9528],[14.7657,41.9534]]]}},{"type":"Feature","properties":{"landuse":"farmland"},"geometry":{"type":"Polygon","coordinates":[[[14.7486,41.9852],[14.7471,41.9817],[14.7513,41.9844],[14.7486,41.9852]],[[14.7498,41.9841],[14.7498,41.9837],[14.7493,41.9837],[14.7498,41.9841]]]}},{"type":"Feature","properties":{"landuse":"farmland"},"geometry":{"type":"Polygon","coordinates":[[[14.9241,41.8024],[14.9223,41.8019],[14.9232,41.7993],[14.9241,41.8024]],[[14.9242,41.8009],[14.924,41.8007],[14.9238,41.8008],[14.9242,41.8009]]]}},{"type":"Feature","properties":{"landuse":"vineyard"},"geometry":{"type":"MultiPolygon","coordinates":[[[[14.6838,41.6107],[14.6858,41.6099],[14.6852,41.6109],[14.6838,41.6107]]],[[[14.6861,41.608],[14.6838,41.6103],[14.6836,41.6078],[14.6861,41.608]]],[[[14.6843,41.6063],[14.686,41.6078],[14.6826,41.6083],[14.6843,41.6063]]]]}},{"type":"Feature","properties":{"landuse":"farmland"},"geometry":{"type":"Polygon","coordinates":[[[14.9138,41.9056],[14.9179,41.9074],[14.9111,41.9084],[14.9138,41.9056]],[[14.9167,41.9079],[14.9163,41.9079],[14.9164,41.908],[14.9167,41.9079]],[[14.9127,41.9056],[14.9129,41.9053],[14.9127,41.9053],[14.9127,41.9056]]]}},{"type":"Feature","properties":{"landuse":"farmland"},"geometry":{"type":"Polygon","coordinates":[[[14.9276,41.9057],[14.9273,41.9075],[14.9255,41.9074],[14.9276,41.9057]],[[14.927,41.9071],[14.9269,41.9068],[14.9267,41.907],[14.927,41.9071]]]}},{"type":"Feature","properties":{"landuse":"farmland"},"geometry":{"type":"Polygon","coordinates":[[[14.9311,41.903],[14.9345,41.9014],[14.932,41.9046],[14.9311,41.903]],[[14.931,41.9038],[14.9321,41.9045],[14.9314,41.9034],[14.931,41.9038]],[[14.9313,41.9032],[14.9313,41.9032],[14.9312,41.9031],[14.9313,41.9032]]]}},{"type":"Feature","properties":{"landuse":"orchard"},"geometry":{"type":"Polygon","coordinates":[[[14.9274,41.9103],[14.928,41.9121],[14.9259,41.9126],[14.9254,41.9105],[14.9274,41.9103]],[[14.9269,41.9122],[14.9265,41.9113],[14.9265,41.9116],[14.9269,41.9122]]]}},{"type":"Feature","properties":{"landuse":"farmland"},"geometry":{"type":"Polygon","coordinates":[[[14.9262,41.9246],[14.9302,41.923],[14.927,41.926],[14.9262,41.9246]],[[14.9264,41.9245],[14.9265,41.9242],[14.9263,41.9243],[14.9264,41.9245]]]}},{"type":"Feature","properties":{"landuse":"orchard"},"geometry":{"type":"Polygon","coordinates":[[[14.9243,41.9266],[14.9239,41.9248],[14.9278,41.9261],[14.9243,41.9266]],[[14.9246,41.9266],[14.9248,41.9264],[14.9247,41.9263],[14.9246,41.9266]]]}},{"type":"Feature","properties":{"landuse":"orchard"},"geometry":{"type":"Polygon","coordinates":[[[14.9323,41.9103],[14.9349,41.9083],[14.9373,41.9092],[14.9323,41.9103]],[[14.9372,41.9093],[14.9365,41.9092],[14.9372,41.9093],[14.9372,41.9093]],[[14.9339,41.9101],[14.9341,41.9094],[14.9338,41.9101],[14.9339,41.9101]]]}},{"type":"Feature","properties":{"landuse":"farmland"},"geometry":{"type":"Polygon","coordinates":[[[14.9411,41.9066],[14.9443,41.9074],[14.9425,41.9088],[14.9411,41.9066]],[[14.9421,41.9065],[14.9419,41.9065],[14.942,41.9067],[14.9421,41.9065]]]}},{"type":"Feature","properties":{"landuse":"farmland"},"geometry":{"type":"Polygon","coordinates":[[[14.7114,41.5954],[14.7038,41.5951],[14.7053,41.5969],[14.7012,41.5986],[14.6961,41.5971],[14.6971,41.6017],[14.6889,41.6001],[14.6919,41.6004],[14.6904,41.5985],[14.695,41.5945],[14.686,41.5986],[14.6854,41.5962],[14.6955,41.5915],[14.6848,41.5894],[14.6882,41.5848],[14.6918,41.5865],[14.6913,41.5837],[14.6954,41.5838],[14.6919,41.5828],[14.6922,41.5794],[14.6952,41.5791],[14.6924,41.5755],[14.6944,41.5724],[14.7072,41.5742],[14.7098,41.5811],[14.7232,41.5854],[14.7154,41.5878],[14.7136,41.5926],[14.7053,41.5901],[14.7078,41.5869],[14.7015,41.588],[14.7114,41.5954]],[[14.6971,41.5865],[14.6975,41.5863],[14.6973,41.5861],[14.6971,41.5865]],[[14.6979,41.5892],[14.6971,41.5893],[14.6973,41.5895],[14.6979,41.5892]],[[14.7061,41.5794],[14.7064,41.5792],[14.7061,41.579],[14.7061,41.5794]],[[14.7009,41.5847],[14.7013,41.5845],[14.7009,41.5841],[14.7009,41.5847]],[[14.6937,41.5934],[14.6939,41.5933],[14.6936,41.5931],[14.6937,41.5934]],[[14.6963,41.5941],[14.6967,41.5939],[14.6961,41.5939],[14.6963,41.5941]],[[14.6954,41.5942],[14.6961,41.5935],[14.6951,41.594],[14.6954,41.5942]],[[14.7085,41.5853],[14.7088,41.5853],[14.7087,41.585],[14.7085,41.5853]],[[14.7084,41.5855],[14.7079,41.5855],[14.708,41.5857],[14.7084,41.5855]],[[14.7083,41.5863],[14.7084,41.586],[14.7079,41.5862],[14.7083,41.5863]],[[14.7014,41.5898],[14.7018,41.5894],[14.7011,41.5896],[14.7014,41.5898]],[[14.6987,41.5905],[14.7004,41.5899],[14.6992,41.5895],[14.6987,41.5905]],[[14.6979,41.5779],[14.6986,41.5778],[14.6985,41.5774],[14.6979,41.5779]],[[14.6975,41.5784],[14.6978,41.5781],[14.6971,41.5779],[14.6975,41.5784]],[[14.6989,41.5752],[14.6986,41.5754],[14.6987,41.5755],[14.6989,41.5752]],[[14.6975,41.577],[14.6974,41.5765],[14.697,41.5767],[14.6975,41.577]],[[14.6974,41.576],[14.6984,41.5759],[14.6978,41.5754],[14.6974,41.576]],[[14.7016,41.5742],[14.7012,41.5734],[14.7009,41.5737],[14.7016,41.5742]],[[14.7036,41.5743],[14.704,41.5741],[14.7035,41.5733],[14.7036,41.5743]],[[14.6967,41.5731],[14.6968,41.5729],[14.6965,41.5728],[14.6967,41.5731]],[[14.6976,41.5728],[14.6977,41.5723],[14.6969,41.5722],[14.6976,41.5728]],[[14.6969,41.5742],[14.6976,41.574],[14.6973,41.5736],[14.6969,41.5742]],[[14.6994,41.5739],[14.699,41.5741],[14.6993,41.5742],[14.6994,41.5739]],[[14.6983,41.5843],[14.7,41.5834],[14.6981,41.5812],[14.6983,41.5843]],[[14.6995,41.5805],[14.7,41.5803],[14.6994,41.5797],[14.6995,41.5805]],[[14.7,41.5802],[14.7002,41.5787],[14.6987,41.579],[14.7,41.5802]],[[14.701,41.5805],[14.7006,41.5807],[14.7011,41.5813],[14.701,41.5805]],[[14.7,41.5802],[14.7006,41.5807],[14.701,41.5805],[14.7,41.5802]],[[14.7008,41.5816],[14.7009,41.5811],[14.7004,41.5814],[14.7008,41.5816]],[[14.7015,41.5825],[14.7027,41.5815],[14.7021,41.5811],[14.7015,41.5825]],[[14.7019,41.5839],[14.7024,41.5837],[14.7021,41.5834],[14.7019,41.5839]],[[14.699,41.5858],[14.7003,41.5851],[14.6998,41.5846],[14.699,41.5858]],[[14.6983,41.5877],[14.6991,41.5873],[14.6979,41.5874],[14.6983,41.5877]],[[14.6964,41.5883],[14.6963,41.5878],[14.6958,41.5881],[14.6964,41.5883]],[[14.6971,41.5901],[14.6975,41.5899],[14.6972,41.5898],[14.6971,41.5901]],[[14.6976,41.591],[14.6981,41.5903],[14.6975,41.5903],[14.6976,41.591]],[[14.6906,41.5982],[14.6912,41.5979],[14.6905,41.598],[14.6906,41.5982]],[[14.6909,41.5987],[14.691,41.5984],[14.6907,41.5983],[14.6909,41.5987]],[[14.6917,41.5985],[14.6921,41.5983],[14.6916,41.598],[14.6917,41.5985]],[[14.6925,41.5952],[14.6929,41.5954],[14.6928,41.5949],[14.6925,41.5952]],[[14.7016,41.594],[14.7019,41.5936],[14.7011,41.594],[14.7016,41.594]],[[14.6949,41.593],[14.6951,41.5925],[14.6946,41.5925],[14.6949,41.593]],[[14.6942,41.5933],[14.6942,41.5926],[14.6937,41.5927],[14.6942,41.5933]],[[14.6946,41.5993],[14.6945,41.5983],[14.693,41.5988],[14.6946,41.5993]],[[14.7118,41.5923],[14.7126,41.5894],[14.7102,41.5894],[14.7118,41.5923]],[[14.7122,41.5874],[14.7112,41.5858],[14.7112,41.5869],[14.7122,41.5874]],[[14.715,41.5868],[14.7156,41.5866],[14.7142,41.587],[14.715,41.5868]],[[14.7047,41.5807],[14.7049,41.5795],[14.7039,41.5804],[14.7047,41.5807]],[[14.7042,41.5813],[14.7036,41.5804],[14.703,41.5808],[14.7042,41.5813]],[[14.7069,41.5832],[14.7066,41.581],[14.7045,41.582],[14.7069,41.5832]],[[14.7077,41.5841],[14.707,41.5839],[14.7071,41.5843],[14.7077,41.5841]],[[14.704,41.5845],[14.705,41.5841],[14.7046,41.5837],[14.704,41.5845]],[[14.7029,41.5836],[14.7032,41.5834],[14.7024,41.5832],[14.7029,41.5836]],[[14.7057,41.5862],[14.7061,41.5851],[14.704,41.5851],[14.7057,41.5862]],[[14.7091,41.5885],[14.7097,41.5877],[14.7083,41.588],[14.7091,41.5885]],[[14.6992,41.5886],[14.7014,41.5876],[14.7006,41.5871],[14.6992,41.5886]],[[14.6986,41.5867],[14.6994,41.5867],[14.699,41.5864],[14.6986,41.5867]],[[14.6978,41.5872],[14.6983,41.5869],[14.6975,41.5869],[14.6978,41.5872]],[[14.6968,41.5875],[14.6976,41.5871],[14.6959,41.5868],[14.6968,41.5875]],[[14.6936,41.5896],[14.6934,41.5883],[14.6928,41.5886],[14.6936,41.5896]],[[14.6942,41.5883],[14.6945,41.5879],[14.6939,41.588],[14.6942,41.5883]],[[14.6931,41.5872],[14.6944,41.5865],[14.6942,41.5859],[14.6931,41.5872]],[[14.6902,41.5888],[14.6909,41.5884],[14.6898,41.5883],[14.6902,41.5888]],[[14.6894,41.5893],[14.6893,41.5885],[14.6884,41.5888],[14.6894,41.5893]],[[14.6921,41.5898],[14.6919,41.5891],[14.6916,41.5893],[14.6921,41.5898]],[[14.6908,41.5899],[14.6912,41.59],[14.691,41.5896],[14.6908,41.5899]],[[14.6903,41.5906],[14.6905,41.5899],[14.6899,41.5903],[14.6903,41.5906]],[[14.6968,41.5858],[14.6972,41.5855],[14.6969,41.5852],[14.6968,41.5858]]]}},{"type":"Feature","properties":{"landuse":"orchard"},"geometry":{"type":"Polygon","coordinates":[[[14.9333,41.9076],[14.9312,41.9065],[14.9346,41.9064],[14.9333,41.9076]],[[14.9324,41.9069],[14.9327,41.9064],[14.9322,41.9064],[14.9324,41.9069]]]}},{"type":"Feature","properties":{"landuse":"farmland"},"geometry":{"type":"Polygon","coordinates":[[[14.6599,41.5857],[14.6571,41.5898],[14.6598,41.5891],[14.6603,41.5942],[14.6519,41.5926],[14.6452,41.5868],[14.647,41.5824],[14.6512,41.5856],[14.6447,41.5797],[14.6499,41.5829],[14.6477,41.5784],[14.6448,41.5794],[14.6481,41.5775],[14.6517,41.5811],[14.6526,41.5785],[14.6499,41.5781],[14.653,41.578],[14.6531,41.5838],[14.6588,41.5821],[14.6599,41.5857]],[[14.6585,41.5852],[14.6582,41.5852],[14.6582,41.5853],[14.6585,41.5852]],[[14.6562,41.5848],[14.6566,41.5847],[14.6564,41.5846],[14.6562,41.5848]],[[14.659,41.5854],[14.6586,41.5845],[14.6585,41.5854],[14.659,41.5854]],[[14.6592,41.5848],[14.6601,41.5844],[14.6597,41.584],[14.6592,41.5848]],[[14.6523,41.583],[14.6523,41.5825],[14.6518,41.5826],[14.6523,41.583]],[[14.6515,41.5837],[14.6519,41.5835],[14.6515,41.5832],[14.6515,41.5837]],[[14.6549,41.5874],[14.6567,41.5869],[14.6551,41.587],[14.6549,41.5874]],[[14.6564,41.5882],[14.6563,41.588],[14.656,41.5883],[14.6564,41.5882]],[[14.6556,41.5889],[14.6547,41.5889],[14.6563,41.5888],[14.6556,41.5889]],[[14.6567,41.5866],[14.6569,41.586],[14.6564,41.5861],[14.6567,41.5866]],[[14.6581,41.5846],[14.6587,41.5841],[14.6576,41.5839],[14.6581,41.5846]],[[14.6561,41.5852],[14.6567,41.5856],[14.6571,41.5853],[14.6561,41.5852]],[[14.6581,41.5862],[14.6585,41.5862],[14.658,41.5856],[14.6581,41.5862]],[[14.6519,41.5883],[14.653,41.5885],[14.6521,41.5877],[14.6519,41.5883]],[[14.6486,41.5856],[14.649,41.5854],[14.648,41.5851],[14.6486,41.5856]],[[14.6478,41.5851],[14.648,41.5847],[14.6474,41.5848],[14.6478,41.5851]],[[14.6497,41.5867],[14.6497,41.5859],[14.649,41.5863],[14.6497,41.5867]],[[14.6513,41.5872],[14.6517,41.587],[14.6509,41.5871],[14.6513,41.5872]],[[14.6566,41.5884],[14.6568,41.5872],[14.6554,41.5876],[14.6566,41.5884]]]}},{"type":"Feature","properties":{"landuse":"farmland"},"geometry":{"type":"Polygon","coordinates":[[[14.6435,41.5809],[14.6443,41.5856],[14.6414,41.5812],[14.6404,41.5833],[14.6448,41.5865],[14.6425,41.5908],[14.6385,41.5882],[14.6292,41.5904],[14.6358,41.5818],[14.6435,41.5809]],[[14.6438,41.5797],[14.6442,41.5796],[14.644,41.5794],[14.6438,41.5797]],[[14.6361,41.5844],[14.636,41.5839],[14.6358,41.5842],[14.6361,41.5844]],[[14.6368,41.5837],[14.6374,41.5832],[14.6363,41.5833],[14.6368,41.5837]],[[14.6376,41.582],[14.6385,41.5815],[14.638,41.5812],[14.6376,41.582]],[[14.641,41.5898],[14.6412,41.5897],[14.6405,41.5895],[14.641,41.5898]],[[14.6403,41.5885],[14.6406,41.5883],[14.6403,41.5881],[14.6403,41.5885]],[[14.6403,41.5879],[14.6404,41.5877],[14.6399,41.5877],[14.6403,41.5879]],[[14.6374,41.5861],[14.6375,41.5854],[14.6371,41.5859],[14.6374,41.5861]],[[14.6394,41.5882],[14.6388,41.5879],[14.6389,41.5883],[14.6394,41.5882]],[[14.6378,41.5884],[14.638,41.5865],[14.637,41.5879],[14.6378,41.5884]],[[14.6347,41.588],[14.6352,41.5879],[14.6354,41.5876],[14.6347,41.588]],[[14.6333,41.5878],[14.6342,41.5879],[14.6342,41.5873],[14.6333,41.5878]]]}},{"type":"Feature","properties":{"landuse":"orchard"},"geometry":{"type":"Polygon","coordinates":[[[14.9398,41.9155],[14.9374,41.9149],[14.9413,41.9145],[14.9398,41.9155]],[[14.9406,41.9152],[14.9409,41.9152],[14.9411,41.9151],[14.9406,41.9152]],[[14.9402,41.915],[14.9402,41.9149],[14.94,41.9149],[14.9402,41.915]]]}},{"type":"Feature","properties":{"landuse":"farmland"},"geometry":{"type":"Polygon","coordinates":[[[14.9379,41.916],[14.9359,41.9157],[14.9374,41.9149],[14.9379,41.916]],[[14.9366,41.9162],[14.9368,41.9155],[14.9362,41.9157],[14.9366,41.9162]]]}},{"type":"Feature","properties":{"landuse":"orchard"},"geometry":{"type":"Polygon","coordinates":[[[14.9318,41.9159],[14.933,41.9173],[14.9309,41.9173],[14.9318,41.9159]],[[14.9317,41.9175],[14.9321,41.9176],[14.9325,41.9174],[14.9317,41.9175]]]}},{"type":"Feature","properties":{"landuse":"farmland"},"geometry":{"type":"Polygon","coordinates":[[[14.9394,41.9033],[14.9383,41.9022],[14.9402,41.9022],[14.9394,41.9033]],[[14.9396,41.9032],[14.9397,41.9031],[14.9396,41.9031],[14.9396,41.9032]],[[14.9396,41.9029],[14.9396,41.9029],[14.9395,41.9029],[14.9396,41.9029]]]}},{"type":"Feature","properties":{"landuse":"farmland"},"geometry":{"type":"Polygon","coordinates":[[[14.923,41.9033],[14.923,41.901],[14.9266,41.9013],[14.923,41.9033]],[[14.9255,41.9015],[14.9257,41.9014],[14.9253,41.901],[14.9255,41.9015]],[[14.9231,41.9024],[14.9234,41.9018],[14.923,41.9014],[14.9231,41.9024]],[[14.9232,41.9028],[14.9229,41.9026],[14.9229,41.9028],[14.9232,41.9028]]]}},{"type":"Feature","properties":{"landuse":"farmland"},"geometry":{"type":"Polygon","coordinates":[[[14.9284,41.9004],[14.9252,41.899],[14.9304,41.8995],[14.9284,41.9004]],[[14.9267,41.8995],[14.9275,41.8994],[14.927,41.8991],[14.9267,41.8995]],[[14.9262,41.8995],[14.9263,41.8994],[14.9261,41.8993],[14.9262,41.8995]]]}},{"type":"Feature","properties":{"landuse":"farmland"},"geometry":{"type":"Polygon","coordinates":[[[14.9219,41.9],[14.9209,41.8994],[14.9248,41.8991],[14.9219,41.9]],[[14.9231,41.8994],[14.9232,41.8995],[14.9233,41.8994],[14.9231,41.8994]]]}},{"type":"Feature","properties":{"landuse":"farmland"},"geometry":{"type":"Polygon","coordinates":[[[14.9221,41.8992],[14.9221,41.8963],[14.9253,41.8979],[14.9221,41.8992]],[[14.9215,41.8984],[14.9216,41.8983],[14.9215,41.8983],[14.9215,41.8984]],[[14.9241,41.898],[14.9241,41.8979],[14.924,41.8979],[14.9241,41.898]],[[14.9237,41.8979],[14.9237,41.8978],[14.9235,41.8977],[14.9237,41.8979]],[[14.9221,41.8981],[14.9218,41.8978],[14.9217,41.898],[14.9221,41.8981]],[[14.9214,41.8974],[14.9229,41.8978],[14.9228,41.8972],[14.9214,41.8974]]]}},{"type":"Feature","properties":{"landuse":"farmland"},"geometry":{"type":"Polygon","coordinates":[[[14.9223,41.9026],[14.9189,41.8999],[14.9229,41.9003],[14.9223,41.9026]],[[14.9221,41.9013],[14.9219,41.9008],[14.9215,41.9008],[14.9221,41.9013]]]}},{"type":"Feature","properties":{"landuse":"farmland"},"geometry":{"type":"Polygon","coordinates":[[[14.9341,41.9341],[14.9331,41.9322],[14.9346,41.9324],[14.9341,41.9341]],[[14.9333,41.933],[14.9334,41.9329],[14.9332,41.9329],[14.9333,41.933]]]}},{"type":"Feature","properties":{"landuse":"orchard"},"geometry":{"type":"Polygon","coordinates":[[[14.9375,41.9308],[14.9363,41.9302],[14.9385,41.9302],[14.9375,41.9308]],[[14.9376,41.9305],[14.9377,41.9303],[14.9369,41.9302],[14.9376,41.9305]]]}},{"type":"Feature","properties":{"landuse":"farmland"},"geometry":{"type":"Polygon","coordinates":[[[14.9558,41.9179],[14.9506,41.9182],[14.9535,41.9156],[14.9558,41.9179]],[[14.9536,41.9165],[14.9534,41.9164],[14.9532,41.9165],[14.9536,41.9165]],[[14.9531,41.9177],[14.9539,41.9178],[14.9538,41.9175],[14.9531,41.9177]]]}},{"type":"Feature","properties":{"landuse":"farmland"},"geometry":{"type":"Polygon","coordinates":[[[14.9497,41.9174],[14.9474,41.9162],[14.9544,41.9133],[14.9497,41.9174]],[[14.9494,41.9149],[14.9491,41.9146],[14.9487,41.9153],[14.9494,41.9149]]]}},{"type":"Feature","properties":{"landuse":"farmland"},"geometry":{"type":"Polygon","coordinates":[[[14.9278,41.9332],[14.927,41.9303],[14.9299,41.9312],[14.9278,41.9332]],[[14.9273,41.9309],[14.9276,41.9308],[14.9273,41.9307],[14.9273,41.9309]],[[14.9262,41.9301],[14.9262,41.9299],[14.9261,41.9299],[14.9262,41.9301]]]}},{"type":"Feature","properties":{"landuse":"farmland"},"geometry":{"type":"Polygon","coordinates":[[[14.722,41.5541],[14.7209,41.5519],[14.724,41.5504],[14.722,41.5541]],[[14.7219,41.5536],[14.7224,41.5527],[14.7213,41.5528],[14.7219,41.5536]]]}},{"type":"Feature","properties":{"landuse":"orchard"},"geometry":{"type":"Polygon","coordinates":[[[14.924,41.9308],[14.9246,41.9318],[14.9232,41.932],[14.924,41.9308]],[[14.9239,41.9312],[14.9243,41.9309],[14.9239,41.931],[14.9239,41.9312]]]}},{"type":"Feature","properties":{"landuse":"farmland"},"geometry":{"type":"Polygon","coordinates":[[[14.3434,41.8215],[14.3426,41.8195],[14.3439,41.8202],[14.3434,41.8215]],[[14.3427,41.82],[14.3429,41.8199],[14.3428,41.8198],[14.3427,41.82]]]}},{"type":"Feature","properties":{"landuse":"farmland"},"geometry":{"type":"Polygon","coordinates":[[[14.6874,41.58],[14.6914,41.5754],[14.6921,41.5813],[14.6874,41.58]],[[14.6892,41.5799],[14.6885,41.5804],[14.689,41.5807],[14.6892,41.5799]]]}},{"type":"Feature","properties":{"landuse":"orchard"},"geometry":{"type":"Polygon","coordinates":[[[14.686,41.5988],[14.6826,41.5982],[14.6831,41.5976],[14.686,41.5988]],[[14.684,41.5985],[14.6841,41.5982],[14.6838,41.5983],[14.684,41.5985]]]}},{"type":"Feature","properties":{"landuse":"farmland"},"geometry":{"type":"Polygon","coordinates":[[[14.6887,41.6004],[14.6915,41.6007],[14.6922,41.6043],[14.6887,41.6004]],[[14.6893,41.6009],[14.6893,41.6007],[14.6888,41.6007],[14.6893,41.6009]]]}},{"type":"Feature","properties":{"landuse":"farmland"},"geometry":{"type":"Polygon","coordinates":[[[14.6865,41.5789],[14.6857,41.5853],[14.6826,41.5851],[14.6839,41.583],[14.6793,41.5845],[14.6835,41.5818],[14.681,41.5791],[14.6879,41.5763],[14.6865,41.5789]],[[14.6809,41.5834],[14.6812,41.5833],[14.6809,41.5831],[14.6809,41.5834]],[[14.6842,41.5826],[14.6847,41.5821],[14.6841,41.582],[14.6842,41.5826]],[[14.6827,41.5801],[14.6828,41.5799],[14.6825,41.5799],[14.6827,41.5801]],[[14.6846,41.5836],[14.6852,41.5836],[14.685,41.5831],[14.6846,41.5836]],[[14.6858,41.5832],[14.6859,41.5828],[14.6854,41.5829],[14.6858,41.5832]],[[14.6851,41.5825],[14.6855,41.5822],[14.6848,41.5822],[14.6851,41.5825]],[[14.6845,41.5816],[14.6847,41.5816],[14.6847,41.5815],[14.6845,41.5816]],[[14.6851,41.5814],[14.6853,41.5815],[14.6852,41.5813],[14.6851,41.5814]],[[14.6855,41.5811],[14.6857,41.5802],[14.6851,41.5802],[14.6855,41.5811]]]}},{"type":"Feature","properties":{"landuse":"farmland"},"geometry":{"type":"Polygon","coordinates":[[[14.6813,41.5709],[14.6862,41.5732],[14.6855,41.5769],[14.6796,41.5771],[14.6813,41.5709]],[[14.6831,41.5733],[14.6832,41.5731],[14.683,41.5732],[14.6831,41.5733]],[[14.6828,41.5732],[14.6829,41.5728],[14.6825,41.573],[14.6828,41.5732]]]}},{"type":"Feature","properties":{"landuse":"farmland"},"geometry":{"type":"Polygon","coordinates":[[[14.7203,41.5474],[14.7197,41.5489],[14.7187,41.547],[14.7203,41.5474]],[[14.7191,41.5479],[14.7193,41.5481],[14.7194,41.5477],[14.7191,41.5479]],[[14.7205,41.548],[14.7208,41.548],[14.7206,41.5477],[14.7205,41.548]]]}},{"type":"Feature","properties":{"landuse":"farmland"},"geometry":{"type":"Polygon","coordinates":[[[14.6634,41.5776],[14.6577,41.5753],[14.6607,41.5712],[14.6612,41.5747],[14.6654,41.5758],[14.6634,41.5776]],[[14.6608,41.5751],[14.6614,41.5751],[14.6599,41.5749],[14.6608,41.5751]],[[14.6605,41.576],[14.6606,41.5754],[14.6602,41.5755],[14.6605,41.576]]]}},{"type":"Feature","properties":{"landuse":"farmland"},"geometry":{"type":"Polygon","coordinates":[[[14.6608,41.5801],[14.6587,41.5818],[14.6539,41.5756],[14.6599,41.5764],[14.6608,41.5801]],[[14.6609,41.5789],[14.6589,41.5784],[14.6596,41.5814],[14.6609,41.5789]],[[14.657,41.5761],[14.6579,41.5757],[14.6563,41.5758],[14.657,41.5761]],[[14.6563,41.5777],[14.6566,41.5777],[14.6566,41.5774],[14.6563,41.5777]],[[14.6568,41.5774],[14.6572,41.5772],[14.6568,41.5772],[14.6568,41.5774]],[[14.6576,41.5776],[14.6575,41.5773],[14.6573,41.5776],[14.6576,41.5776]],[[14.6585,41.577],[14.6581,41.577],[14.6583,41.5774],[14.6585,41.577]],[[14.6588,41.5778],[14.6592,41.5778],[14.6589,41.5775],[14.6588,41.5778]]]}},{"type":"Feature","properties":{"landuse":"farmland"},"geometry":{"type":"Polygon","coordinates":[[[14.713,41.8315],[14.7139,41.8302],[14.7161,41.8307],[14.713,41.8315]],[[14.7137,41.831],[14.7137,41.8308],[14.7133,41.8309],[14.7137,41.831]]]}},{"type":"Feature","properties":{"landuse":"farmland"},"geometry":{"type":"Polygon","coordinates":[[[14.7225,41.8141],[14.7245,41.814],[14.7229,41.8151],[14.7225,41.8141]],[[14.7239,41.8141],[14.7241,41.814],[14.724,41.8138],[14.7239,41.8141]]]}},{"type":"Feature","properties":{"landuse":"farmland"},"geometry":{"type":"Polygon","coordinates":[[[14.8807,41.6228],[14.8813,41.622],[14.883,41.6245],[14.8807,41.6228]],[[14.8809,41.6236],[14.881,41.6233],[14.8808,41.6234],[14.8809,41.6236]]]}},{"type":"Feature","properties":{"landuse":"farmland"},"geometry":{"type":"Polygon","coordinates":[[[14.8749,41.6133],[14.8797,41.6167],[14.8745,41.6171],[14.8714,41.614],[14.8749,41.6133]],[[14.8775,41.6143],[14.8775,41.6142],[14.8774,41.6142],[14.8775,41.6143]],[[14.8759,41.6135],[14.876,41.6134],[14.8758,41.6134],[14.8759,41.6135]]]}},{"type":"Feature","properties":{"landuse":"farmland"},"geometry":{"type":"Polygon","coordinates":[[[14.8854,41.6298],[14.8856,41.6276],[14.8897,41.629],[14.8854,41.6298]],[[14.8863,41.6282],[14.8863,41.628],[14.8859,41.628],[14.8863,41.6282]]]}},{"type":"Feature","properties":{"landuse":"farmland"},"geometry":{"type":"Polygon","coordinates":[[[14.8813,41.6162],[14.8824,41.6161],[14.8843,41.6178],[14.8813,41.6162]],[[14.882,41.6166],[14.8822,41.6165],[14.882,41.6164],[14.882,41.6166]]]}},{"type":"Feature","properties":{"landuse":"farmland"},"geometry":{"type":"Polygon","coordinates":[[[14.87,41.6034],[14.8702,41.6048],[14.8682,41.6036],[14.87,41.6034]],[[14.8692,41.6038],[14.8694,41.6037],[14.8691,41.6037],[14.8692,41.6038]]]}},{"type":"Feature","properties":{"landuse":"orchard"},"geometry":{"type":"Polygon","coordinates":[[[14.9584,41.6084],[14.9574,41.6073],[14.9596,41.6071],[14.9584,41.6084]],[[14.959,41.6076],[14.9589,41.6073],[14.9587,41.6074],[14.959,41.6076]]]}},{"type":"Feature","properties":{"landuse":"farmland"},"geometry":{"type":"Polygon","coordinates":[[[14.8814,41.6098],[14.8846,41.6082],[14.8862,41.6134],[14.8809,41.6137],[14.8784,41.6111],[14.8814,41.6098]],[[14.8849,41.6111],[14.8852,41.611],[14.8847,41.6109],[14.8849,41.6111]],[[14.8789,41.6115],[14.879,41.6114],[14.8788,41.6114],[14.8789,41.6115]]]}},{"type":"Feature","properties":{"landuse":"farmland"},"geometry":{"type":"Polygon","coordinates":[[[14.8794,41.6154],[14.8955,41.6115],[14.9044,41.6156],[14.8891,41.6154],[14.8903,41.6172],[14.8853,41.618],[14.8794,41.6154]],[[14.8954,41.6121],[14.8957,41.6118],[14.8953,41.6118],[14.8954,41.6121]],[[14.8844,41.615],[14.8848,41.6148],[14.8843,41.6148],[14.8844,41.615]]]}},{"type":"Feature","properties":{"landuse":"green_public_spaces"},"geometry":{"type":"Polygon","coordinates":[[[14.9954,41.9969],[14.9904,41.995],[14.9962,41.9936],[14.9954,41.9969]]]}},{"type":"Feature","properties":{"landuse":"farmland"},"geometry":{"type":"Polygon","coordinates":[[[14.7971,41.9753],[14.7954,41.9745],[14.7977,41.975],[14.7971,41.9753]]]}},{"type":"Feature","properties":{"landuse":"farmland"},"geometry":{"type":"Polygon","coordinates":[[[14.4288,41.5419],[14.4305,41.5405],[14.4303,41.5432],[14.4288,41.5419]]]}},{"type":"Feature","properties":{"landuse":"farmland"},"geometry":{"type":"Polygon","coordinates":[[[14.7264,41.8479],[14.7261,41.8468],[14.7275,41.8478],[14.7264,41.8479]]]}},{"type":"Feature","properties":{"landuse":"farmland"},"geometry":{"type":"Polygon","coordinates":[[[15.0206,41.9619],[15.0171,41.9604],[15.0184,41.9579],[15.0206,41.9619]]]}},{"type":"Feature","properties":{"landuse":"farmland"},"geometry":{"type":"Polygon","coordinates":[[[15.0213,41.9595],[15.0208,41.9577],[15.0231,41.9583],[15.0213,41.9595]]]}},{"type":"Feature","properties":{"landuse":"farmland"},"geometry":{"type":"Polygon","coordinates":[[[14.4492,41.538],[14.445,41.5316],[14.4548,41.5328],[14.4501,41.5353],[14.4559,41.5344],[14.4574,41.5435],[14.4464,41.549],[14.4501,41.546],[14.4512,41.5386],[14.4489,41.5387],[14.4496,41.5427],[14.4465,41.5382],[14.4492,41.538]]]}},{"type":"Feature","properties":{"landuse":"farmland"},"geometry":{"type":"Polygon","coordinates":[[[14.4571,41.4957],[14.4647,41.4914],[14.4606,41.4938],[14.462,41.4951],[14.4571,41.4957]]]}},{"type":"Feature","properties":{"landuse":"green_public_spaces"},"geometry":{"type":"Polygon","coordinates":[[[14.0429,41.483],[14.044,41.4835],[14.0435,41.4842],[14.0429,41.483]]]}},{"type":"Feature","properties":{"landuse":"orchard"},"geometry":{"type":"Polygon","coordinates":[[[14.4623,41.5275],[14.4615,41.5289],[14.4585,41.5286],[14.4623,41.5275]]]}},{"type":"Feature","properties":{"landuse":"orchard"},"geometry":{"type":"Polygon","coordinates":[[[14.4628,41.5248],[14.4635,41.5256],[14.4615,41.5272],[14.4628,41.5248]]]}},{"type":"Feature","properties":{"landuse":"farmland"},"geometry":{"type":"Polygon","coordinates":[[[14.4873,41.4838],[14.488,41.4825],[14.4909,41.4846],[14.4873,41.4838]]]}},{"type":"Feature","properties":{"landuse":"farmland"},"geometry":{"type":"Polygon","coordinates":[[[14.4905,41.4823],[14.4875,41.4811],[14.4904,41.4807],[14.4905,41.4823]]]}},{"type":"Feature","properties":{"landuse":"farmland"},"geometry":{"type":"Polygon","coordinates":[[[14.4833,41.4806],[14.4878,41.4824],[14.4839,41.4827],[14.4833,41.4806]]]}},{"type":"Feature","properties":{"landuse":"farmland"},"geometry":{"type":"Polygon","coordinates":[[[14.4959,41.4805],[14.4957,41.482],[14.4946,41.4809],[14.4959,41.4805]]]}},{"type":"Feature","properties":{"landuse":"farmland"},"geometry":{"type":"Polygon","coordinates":[[[14.4931,41.4809],[14.4958,41.4821],[14.4911,41.4845],[14.4931,41.4809]]]}},{"type":"Feature","properties":{"landuse":"farmland"},"geometry":{"type":"Polygon","coordinates":[[[14.6183,41.4326],[14.6213,41.4335],[14.6201,41.4342],[14.6183,41.4326]]]}},{"type":"Feature","properties":{"landuse":"farmland"},"geometry":{"type":"Polygon","coordinates":[[[14.3954,41.5223],[14.3993,41.5229],[14.3982,41.5241],[14.3954,41.5223]]]}},{"type":"Feature","properties":{"landuse":"farmland"},"geometry":{"type":"Polygon","coordinates":[[[14.4082,41.521],[14.4127,41.5218],[14.4058,41.5255],[14.4039,41.5227],[14.4082,41.521]]]}},{"type":"Feature","properties":{"landuse":"farmland"},"geometry":{"type":"Polygon","coordinates":[[[14.4014,41.5227],[14.4024,41.5219],[14.4034,41.523],[14.4014,41.5227]]]}},{"type":"Feature","properties":{"landuse":"farmland"},"geometry":{"type":"Polygon","coordinates":[[[14.4008,41.5213],[14.4015,41.5224],[14.4001,41.5224],[14.4008,41.5213]]]}},{"type":"Feature","properties":{"landuse":"farmland"},"geometry":{"type":"Polygon","coordinates":[[[14.4049,41.5212],[14.4039,41.5227],[14.401,41.521],[14.4049,41.5212]]]}},{"type":"Feature","properties":{"landuse":"farmland"},"geometry":{"type":"Polygon","coordinates":[[[14.4057,41.5199],[14.4012,41.5188],[14.4045,41.5182],[14.4057,41.5199]]]}},{"type":"Feature","properties":{"landuse":"farmland"},"geometry":{"type":"Polygon","coordinates":[[[14.4006,41.526],[14.4037,41.5236],[14.4058,41.5256],[14.4006,41.526]]]}},{"type":"Feature","properties":{"landuse":"farmland"},"geometry":{"type":"Polygon","coordinates":[[[14.4011,41.528],[14.3989,41.5291],[14.4021,41.5275],[14.4011,41.528]]]}},{"type":"Feature","properties":{"landuse":"farmland"},"geometry":{"type":"Polygon","coordinates":[[[14.3965,41.5267],[14.4001,41.5261],[14.397,41.5294],[14.3965,41.5267]]]}},{"type":"Feature","properties":{"landuse":"farmland"},"geometry":{"type":"Polygon","coordinates":[[[14.4023,41.5304],[14.3971,41.5308],[14.406,41.5259],[14.4023,41.5304]]]}},{"type":"Feature","properties":{"landuse":"farmland"},"geometry":{"type":"Polygon","coordinates":[[[14.405,41.5388],[14.4033,41.5306],[14.4074,41.5274],[14.4122,41.53],[14.4111,41.5345],[14.405,41.5388]]]}},{"type":"Feature","properties":{"landuse":"farmland"},"geometry":{"type":"Polygon","coordinates":[[[14.413,41.5304],[14.4166,41.531],[14.4119,41.5348],[14.413,41.5304]]]}},{"type":"Feature","properties":{"landuse":"farmland"},"geometry":{"type":"Polygon","coordinates":[[[14.3955,41.5416],[14.3931,41.5359],[14.4031,41.5306],[14.4015,41.5416],[14.4052,41.5441],[14.3955,41.5416]]]}},{"type":"Feature","properties":{"landuse":"farmland"},"geometry":{"type":"Polygon","coordinates":[[[14.405,41.5396],[14.402,41.5418],[14.4038,41.5369],[14.405,41.5396]]]}},{"type":"Feature","properties":{"landuse":"farmland"},"geometry":{"type":"Polygon","coordinates":[[[14.4162,41.531],[14.4141,41.5308],[14.415,41.5277],[14.4162,41.531]]]}},{"type":"Feature","properties":{"landuse":"farmland"},"geometry":{"type":"Polygon","coordinates":[[[14.4162,41.5272],[14.4126,41.53],[14.4076,41.5278],[14.4162,41.5272]]]}},{"type":"Feature","properties":{"landuse":"farmland"},"geometry":{"type":"Polygon","coordinates":[[[14.4083,41.5247],[14.4153,41.5224],[14.4077,41.5269],[14.4083,41.5247]]]}},{"type":"Feature","properties":{"landuse":"farmland"},"geometry":{"type":"Polygon","coordinates":[[[14.4165,41.5225],[14.4244,41.5169],[14.4271,41.5181],[14.4165,41.5225]]]}},{"type":"Feature","properties":{"landuse":"farmland"},"geometry":{"type":"Polygon","coordinates":[[[14.4186,41.5225],[14.4273,41.5184],[14.4241,41.5222],[14.4186,41.5225]]]}},{"type":"Feature","properties":{"landuse":"farmland"},"geometry":{"type":"Polygon","coordinates":[[[14.4186,41.5225],[14.4192,41.5245],[14.4081,41.527],[14.4186,41.5225]]]}},{"type":"Feature","properties":{"landuse":"farmland"},"geometry":{"type":"Polygon","coordinates":[[[14.4295,41.5251],[14.4306,41.5268],[14.4237,41.5302],[14.4227,41.5264],[14.4295,41.5251]]]}},{"type":"Feature","properties":{"landuse":"farmland"},"geometry":{"type":"Polygon","coordinates":[[[14.4208,41.5253],[14.4195,41.5247],[14.4287,41.523],[14.4208,41.5253]]]}},{"type":"Feature","properties":{"landuse":"farmland"},"geometry":{"type":"Polygon","coordinates":[[[14.4188,41.5225],[14.4281,41.5207],[14.4286,41.5228],[14.4188,41.5225]]]}},{"type":"Feature","properties":{"landuse":"farmland"},"geometry":{"type":"Polygon","coordinates":[[[14.42,41.526],[14.4234,41.5299],[14.417,41.5308],[14.4174,41.5256],[14.42,41.526]]]}},{"type":"Feature","properties":{"landuse":"orchard"},"geometry":{"type":"Polygon","coordinates":[[[14.425,41.5138],[14.423,41.5153],[14.4225,41.5144],[14.425,41.5138]]]}},{"type":"Feature","properties":{"landuse":"farmland"},"geometry":{"type":"Polygon","coordinates":[[[14.42,41.5037],[14.4218,41.5131],[14.423,41.5111],[14.4225,41.5144],[14.4251,41.5145],[14.412,41.521],[14.4091,41.5188],[14.4106,41.5165],[14.4074,41.5181],[14.4062,41.5151],[14.4117,41.5165],[14.4078,41.5145],[14.4165,41.5122],[14.42,41.5037]]]}},{"type":"Feature","properties":{"landuse":"farmland"},"geometry":{"type":"Polygon","coordinates":[[[14.407,41.5185],[14.4114,41.5206],[14.407,41.5206],[14.407,41.5185]]]}},{"type":"Feature","properties":{"landuse":"farmland"},"geometry":{"type":"Polygon","coordinates":[[[14.4065,41.5117],[14.4083,41.5104],[14.4098,41.511],[14.4065,41.5117]]]}},{"type":"Feature","properties":{"landuse":"farmland"},"geometry":{"type":"Polygon","coordinates":[[[14.4291,41.5086],[14.4317,41.5124],[14.4255,41.5158],[14.423,41.511],[14.4291,41.5086]]]}},{"type":"Feature","properties":{"landuse":"farmland"},"geometry":{"type":"Polygon","coordinates":[[[14.428,41.5176],[14.4262,41.5182],[14.4251,41.5171],[14.428,41.5176]]]}},{"type":"Feature","properties":{"landuse":"farmland"},"geometry":{"type":"Polygon","coordinates":[[[14.4336,41.5182],[14.4461,41.5189],[14.4421,41.5214],[14.4336,41.5182]]]}},{"type":"Feature","properties":{"landuse":"farmland"},"geometry":{"type":"Polygon","coordinates":[[[14.4365,41.5124],[14.4351,41.5153],[14.4324,41.5132],[14.4365,41.5124]]]}},{"type":"Feature","properties":{"landuse":"farmland"},"geometry":{"type":"Polygon","coordinates":[[[14.4338,41.518],[14.4253,41.5166],[14.4319,41.5131],[14.4351,41.5153],[14.4338,41.518]]]}},{"type":"Feature","properties":{"landuse":"farmland"},"geometry":{"type":"Polygon","coordinates":[[[14.4316,41.5079],[14.4291,41.5085],[14.4265,41.5055],[14.4316,41.5079]]]}},{"type":"Feature","properties":{"landuse":"farmland"},"geometry":{"type":"Polygon","coordinates":[[[14.4331,41.5112],[14.4291,41.5086],[14.4357,41.5106],[14.4331,41.5112]]]}},{"type":"Feature","properties":{"landuse":"farmland"},"geometry":{"type":"Polygon","coordinates":[[[14.4229,41.5108],[14.4212,41.5035],[14.429,41.5085],[14.4229,41.5108]]]}},{"type":"Feature","properties":{"landuse":"farmland"},"geometry":{"type":"Polygon","coordinates":[[[14.4415,41.5076],[14.436,41.5103],[14.4317,41.5078],[14.4457,41.5052],[14.4415,41.5076]]]}},{"type":"Feature","properties":{"landuse":"farmland"},"geometry":{"type":"Polygon","coordinates":[[[14.4513,41.5213],[14.4311,41.5281],[14.435,41.5231],[14.4459,41.5195],[14.4513,41.5213]]]}},{"type":"Feature","properties":{"landuse":"farmland"},"geometry":{"type":"Polygon","coordinates":[[[14.4296,41.5251],[14.4316,41.5255],[14.4306,41.5279],[14.4296,41.5251]]]}},{"type":"Feature","properties":{"landuse":"farmland"},"geometry":{"type":"Polygon","coordinates":[[[14.4284,41.5205],[14.4278,41.5181],[14.4311,41.5187],[14.4284,41.5205]]]}},{"type":"Feature","properties":{"landuse":"farmland"},"geometry":{"type":"Polygon","coordinates":[[[14.4293,41.5244],[14.4285,41.5206],[14.4399,41.5202],[14.4293,41.5244]]]}},{"type":"Feature","properties":{"landuse":"farmland"},"geometry":{"type":"Polygon","coordinates":[[[14.4512,41.5178],[14.4496,41.5199],[14.435,41.5167],[14.4379,41.5166],[14.4352,41.5153],[14.4373,41.5112],[14.4512,41.5178]]]}},{"type":"Feature","properties":{"landuse":"farmland"},"geometry":{"type":"Polygon","coordinates":[[[14.4372,41.511],[14.4466,41.5057],[14.4451,41.5072],[14.4372,41.511]]]}},{"type":"Feature","properties":{"landuse":"farmland"},"geometry":{"type":"Polygon","coordinates":[[[14.4459,41.5114],[14.4415,41.5091],[14.4442,41.5077],[14.4459,41.5114]]]}},{"type":"Feature","properties":{"landuse":"farmland"},"geometry":{"type":"Polygon","coordinates":[[[14.4515,41.5055],[14.4518,41.5127],[14.4443,41.5076],[14.4515,41.5055]]]}},{"type":"Feature","properties":{"landuse":"farmland"},"geometry":{"type":"Polygon","coordinates":[[[14.4455,41.512],[14.4515,41.5129],[14.4515,41.5151],[14.4455,41.512]]]}},{"type":"Feature","properties":{"landuse":"farmland"},"geometry":{"type":"Polygon","coordinates":[[[14.4448,41.5122],[14.4512,41.5175],[14.4373,41.5111],[14.4407,41.5094],[14.4448,41.5122]]]}},{"type":"Feature","properties":{"landuse":"farmland"},"geometry":{"type":"Polygon","coordinates":[[[14.4552,41.5051],[14.4617,41.5135],[14.4522,41.5115],[14.4552,41.5051]]]}},{"type":"Feature","properties":{"landuse":"farmland"},"geometry":{"type":"Polygon","coordinates":[[[14.4555,41.519],[14.4513,41.5177],[14.4522,41.5116],[14.4617,41.5136],[14.4555,41.519]]]}},{"type":"Feature","properties":{"landuse":"farmland"},"geometry":{"type":"Polygon","coordinates":[[[14.4332,41.5073],[14.4284,41.5059],[14.4306,41.5051],[14.4332,41.5073]]]}},{"type":"Feature","properties":{"landuse":"farmland"},"geometry":{"type":"Polygon","coordinates":[[[14.4201,41.503],[14.4173,41.5014],[14.4281,41.5039],[14.4201,41.503]]]}},{"type":"Feature","properties":{"landuse":"farmland"},"geometry":{"type":"Polygon","coordinates":[[[14.4467,41.5035],[14.4337,41.5056],[14.4274,41.5019],[14.4352,41.5031],[14.4355,41.5054],[14.4347,41.5026],[14.4394,41.5034],[14.4358,41.5024],[14.443,41.4997],[14.4467,41.5035]]]}},{"type":"Feature","properties":{"landuse":"farmland"},"geometry":{"type":"Polygon","coordinates":[[[14.4538,41.5253],[14.4527,41.5275],[14.4432,41.5244],[14.453,41.5206],[14.4538,41.5253]]]}},{"type":"Feature","properties":{"landuse":"farmland"},"geometry":{"type":"Polygon","coordinates":[[[14.4453,41.5254],[14.454,41.5313],[14.446,41.5288],[14.4432,41.5244],[14.4453,41.5254]]]}},{"type":"Feature","properties":{"landuse":"farmland"},"geometry":{"type":"Polygon","coordinates":[[[14.4585,41.5229],[14.4541,41.5258],[14.4536,41.5207],[14.4585,41.5229]]]}},{"type":"Feature","properties":{"landuse":"farmland"},"geometry":{"type":"Polygon","coordinates":[[[14.4639,41.523],[14.4619,41.519],[14.4652,41.5203],[14.4645,41.5184],[14.4674,41.5223],[14.4639,41.523]]]}},{"type":"Feature","properties":{"landuse":"farmland"},"geometry":{"type":"Polygon","coordinates":[[[14.458,41.5225],[14.4546,41.5203],[14.4637,41.5221],[14.4616,41.527],[14.458,41.5225]]]}},{"type":"Feature","properties":{"landuse":"farmland"},"geometry":{"type":"Polygon","coordinates":[[[14.4419,41.5047],[14.4357,41.5061],[14.4371,41.5046],[14.4419,41.5047]]]}},{"type":"Feature","properties":{"landuse":"farmland"},"geometry":{"type":"Polygon","coordinates":[[[14.4313,41.5026],[14.4295,41.5024],[14.4336,41.501],[14.4313,41.5026]]]}},{"type":"Feature","properties":{"landuse":"farmland"},"geometry":{"type":"Polygon","coordinates":[[[14.4618,41.4983],[14.4616,41.4995],[14.4605,41.4989],[14.4618,41.4983]]]}},{"type":"Feature","properties":{"landuse":"farmland"},"geometry":{"type":"Polygon","coordinates":[[[14.4581,41.4993],[14.4553,41.5006],[14.4576,41.4972],[14.4605,41.4979],[14.4581,41.4993]]]}},{"type":"Feature","properties":{"landuse":"orchard"},"geometry":{"type":"Polygon","coordinates":[[[14.4464,41.5362],[14.4476,41.5356],[14.4487,41.5369],[14.4464,41.5362]]]}},{"type":"Feature","properties":{"landuse":"farmland"},"geometry":{"type":"Polygon","coordinates":[[[14.4435,41.5464],[14.4436,41.5442],[14.4447,41.5448],[14.4435,41.5464]]]}},{"type":"Feature","properties":{"landuse":"farmland"},"geometry":{"type":"Polygon","coordinates":[[[14.4477,41.5474],[14.4507,41.5408],[14.4507,41.5449],[14.4477,41.5474]]]}},{"type":"Feature","properties":{"landuse":"farmland"},"geometry":{"type":"Polygon","coordinates":[[[14.4561,41.5314],[14.453,41.5289],[14.4611,41.5323],[14.4561,41.5314]]]}},{"type":"Feature","properties":{"landuse":"farmland"},"geometry":{"type":"Polygon","coordinates":[[[14.4623,41.5275],[14.4633,41.5286],[14.4617,41.5289],[14.4623,41.5275]]]}},{"type":"Feature","properties":{"landuse":"farmland"},"geometry":{"type":"Polygon","coordinates":[[[14.4599,41.5247],[14.4601,41.5287],[14.4527,41.5284],[14.4599,41.5247]]]}},{"type":"Feature","properties":{"landuse":"farmland"},"geometry":{"type":"Polygon","coordinates":[[[14.4636,41.5298],[14.4614,41.5311],[14.4624,41.5294],[14.4636,41.5298]]]}},{"type":"Feature","properties":{"landuse":"farmland"},"geometry":{"type":"Polygon","coordinates":[[[14.4652,41.5258],[14.4648,41.5246],[14.4666,41.5239],[14.4652,41.5258]]]}},{"type":"Feature","properties":{"landuse":"farmland"},"geometry":{"type":"Polygon","coordinates":[[[14.4648,41.5292],[14.4617,41.5273],[14.4638,41.5262],[14.4648,41.5292]]]}},{"type":"Feature","properties":{"landuse":"farmland"},"geometry":{"type":"Polygon","coordinates":[[[14.4594,41.5192],[14.4543,41.5198],[14.4588,41.5181],[14.4594,41.5192]]]}},{"type":"Feature","properties":{"landuse":"farmland"},"geometry":{"type":"Polygon","coordinates":[[[14.4637,41.5179],[14.4599,41.5191],[14.4595,41.5169],[14.4617,41.5149],[14.4637,41.5179]]]}},{"type":"Feature","properties":{"landuse":"farmland"},"geometry":{"type":"Polygon","coordinates":[[[14.4529,41.5206],[14.4521,41.5199],[14.4542,41.5198],[14.4529,41.5206]]]}},{"type":"Feature","properties":{"landuse":"farmland"},"geometry":{"type":"Polygon","coordinates":[[[14.4648,41.4943],[14.4635,41.4966],[14.4651,41.4963],[14.4627,41.4969],[14.4648,41.4943]]]}},{"type":"Feature","properties":{"landuse":"farmland"},"geometry":{"type":"Polygon","coordinates":[[[14.4711,41.4956],[14.4693,41.4967],[14.4729,41.4948],[14.4711,41.4956]]]}},{"type":"Feature","properties":{"landuse":"farmland"},"geometry":{"type":"Polygon","coordinates":[[[14.4659,41.4971],[14.468,41.4957],[14.4684,41.4968],[14.4659,41.4971]]]}},{"type":"Feature","properties":{"landuse":"farmland"},"geometry":{"type":"Polygon","coordinates":[[[14.4685,41.4949],[14.4674,41.4948],[14.47,41.4922],[14.4685,41.4949]]]}},{"type":"Feature","properties":{"landuse":"farmland"},"geometry":{"type":"Polygon","coordinates":[[[14.4624,41.4959],[14.4581,41.497],[14.4631,41.4946],[14.4624,41.4959]]]}},{"type":"Feature","properties":{"landuse":"farmland"},"geometry":{"type":"Polygon","coordinates":[[[14.4569,41.4893],[14.4603,41.4881],[14.4602,41.4893],[14.4569,41.4893]]]}},{"type":"Feature","properties":{"landuse":"farmland"},"geometry":{"type":"Polygon","coordinates":[[[14.459,41.4924],[14.4563,41.4924],[14.4584,41.4925],[14.4564,41.4965],[14.456,41.4901],[14.459,41.4924]]]}},{"type":"Feature","properties":{"landuse":"farmland"},"geometry":{"type":"Polygon","coordinates":[[[14.4669,41.5025],[14.4697,41.5019],[14.4668,41.5022],[14.4686,41.4997],[14.4731,41.502],[14.4681,41.5063],[14.4669,41.5025]]]}},{"type":"Feature","properties":{"landuse":"farmland"},"geometry":{"type":"Polygon","coordinates":[[[14.469,41.4997],[14.4668,41.5001],[14.4671,41.4976],[14.469,41.4997]]]}},{"type":"Feature","properties":{"landuse":"farmland"},"geometry":{"type":"Polygon","coordinates":[[[14.474,41.4973],[14.4706,41.4996],[14.4694,41.4975],[14.474,41.4973]]]}},{"type":"Feature","properties":{"landuse":"farmland"},"geometry":{"type":"Polygon","coordinates":[[[14.4728,41.4991],[14.4754,41.4989],[14.4741,41.4967],[14.4759,41.4989],[14.4733,41.5022],[14.4728,41.4991]]]}},{"type":"Feature","properties":{"landuse":"farmland"},"geometry":{"type":"Polygon","coordinates":[[[14.4722,41.4902],[14.4762,41.4909],[14.4712,41.4936],[14.4722,41.4902]]]}},{"type":"Feature","properties":{"landuse":"farmland"},"geometry":{"type":"Polygon","coordinates":[[[14.4808,41.4907],[14.4772,41.492],[14.4793,41.4906],[14.4808,41.4907]]]}},{"type":"Feature","properties":{"landuse":"farmland"},"geometry":{"type":"Polygon","coordinates":[[[14.4737,41.4929],[14.4769,41.4916],[14.4757,41.4961],[14.4737,41.4929]]]}},{"type":"Feature","properties":{"landuse":"farmland"},"geometry":{"type":"Polygon","coordinates":[[[14.4864,41.5009],[14.482,41.5045],[14.4803,41.5033],[14.4864,41.5009]]]}},{"type":"Feature","properties":{"landuse":"farmland"},"geometry":{"type":"Polygon","coordinates":[[[14.4798,41.5144],[14.4698,41.5069],[14.4703,41.5043],[14.4748,41.509],[14.4797,41.5069],[14.4802,41.5111],[14.4773,41.5113],[14.4798,41.5144]]]}},{"type":"Feature","properties":{"landuse":"farmland"},"geometry":{"type":"Polygon","coordinates":[[[14.4779,41.499],[14.485,41.4979],[14.4806,41.5019],[14.4779,41.499]]]}},{"type":"Feature","properties":{"landuse":"farmland"},"geometry":{"type":"Polygon","coordinates":[[[14.476,41.504],[14.4736,41.5029],[14.478,41.5037],[14.476,41.504]]]}},{"type":"Feature","properties":{"landuse":"farmland"},"geometry":{"type":"Polygon","coordinates":[[[14.4769,41.5069],[14.475,41.509],[14.4722,41.5042],[14.4769,41.5069]]]}},{"type":"Feature","properties":{"landuse":"farmland"},"geometry":{"type":"Polygon","coordinates":[[[14.4855,41.4932],[14.4877,41.4944],[14.4861,41.4958],[14.4855,41.4932]]]}},{"type":"Feature","properties":{"landuse":"farmland"},"geometry":{"type":"Polygon","coordinates":[[[14.4862,41.496],[14.4885,41.4949],[14.4875,41.4964],[14.4862,41.496]]]}},{"type":"Feature","properties":{"landuse":"farmland"},"geometry":{"type":"Polygon","coordinates":[[[14.4942,41.4875],[14.4911,41.4883],[14.493,41.4871],[14.4942,41.4875]]]}},{"type":"Feature","properties":{"landuse":"farmland"},"geometry":{"type":"Polygon","coordinates":[[[14.4926,41.4863],[14.4918,41.4874],[14.4916,41.4863],[14.4926,41.4863]]]}},{"type":"Feature","properties":{"landuse":"farmland"},"geometry":{"type":"Polygon","coordinates":[[[14.4931,41.4887],[14.4952,41.4876],[14.4949,41.4891],[14.4931,41.4887]]]}},{"type":"Feature","properties":{"landuse":"farmland"},"geometry":{"type":"Polygon","coordinates":[[[14.4992,41.4866],[14.5015,41.4854],[14.5016,41.4878],[14.498,41.4885],[14.4992,41.4866]]]}},{"type":"Feature","properties":{"landuse":"farmland"},"geometry":{"type":"Polygon","coordinates":[[[14.4757,41.4982],[14.475,41.4968],[14.4773,41.4981],[14.4805,41.4958],[14.4757,41.4982]]]}},{"type":"Feature","properties":{"landuse":"farmland"},"geometry":{"type":"Polygon","coordinates":[[[14.5012,41.474],[14.5002,41.4734],[14.502,41.4735],[14.5012,41.474]]]}},{"type":"Feature","properties":{"landuse":"farmland"},"geometry":{"type":"Polygon","coordinates":[[[14.4982,41.4685],[14.5001,41.4693],[14.4968,41.4689],[14.4982,41.4685]]]}},{"type":"Feature","properties":{"landuse":"farmland"},"geometry":{"type":"Polygon","coordinates":[[[14.4947,41.4763],[14.4935,41.4766],[14.496,41.4756],[14.4947,41.4763]]]}},{"type":"Feature","properties":{"landuse":"farmland"},"geometry":{"type":"Polygon","coordinates":[[[14.5047,41.5108],[14.4986,41.5086],[14.506,41.5064],[14.5026,41.5088],[14.5052,41.5084],[14.5047,41.5108]]]}},{"type":"Feature","properties":{"landuse":"farmland"},"geometry":{"type":"Polygon","coordinates":[[[14.4899,41.4763],[14.492,41.4768],[14.4905,41.4773],[14.4899,41.4763]]]}},{"type":"Feature","properties":{"landuse":"farmland"},"geometry":{"type":"Polygon","coordinates":[[[14.4878,41.478],[14.4869,41.4762],[14.49,41.4777],[14.4878,41.478]]]}},{"type":"Feature","properties":{"landuse":"farmland"},"geometry":{"type":"Polygon","coordinates":[[[14.4813,41.4794],[14.4807,41.4781],[14.4824,41.4793],[14.4813,41.4794]]]}},{"type":"Feature","properties":{"landuse":"farmland"},"geometry":{"type":"Polygon","coordinates":[[[14.4826,41.4802],[14.4815,41.4813],[14.4806,41.4798],[14.4826,41.4802]]]}},{"type":"Feature","properties":{"landuse":"farmland"},"geometry":{"type":"Polygon","coordinates":[[[14.4948,41.4891],[14.492,41.4906],[14.4926,41.4887],[14.4948,41.4891]]]}},{"type":"Feature","properties":{"landuse":"farmland"},"geometry":{"type":"Polygon","coordinates":[[[14.4927,41.4886],[14.4879,41.489],[14.4889,41.487],[14.4927,41.4886]]]}},{"type":"Feature","properties":{"landuse":"farmland"},"geometry":{"type":"Polygon","coordinates":[[[14.483,41.4928],[14.4832,41.4897],[14.4861,41.489],[14.483,41.4928]]]}},{"type":"Feature","properties":{"landuse":"farmland"},"geometry":{"type":"Polygon","coordinates":[[[14.4864,41.488],[14.4869,41.4867],[14.4874,41.488],[14.4864,41.488]]]}},{"type":"Feature","properties":{"landuse":"farmland"},"geometry":{"type":"Polygon","coordinates":[[[14.4928,41.4957],[14.4912,41.4928],[14.4987,41.4894],[14.4928,41.4957]]]}},{"type":"Feature","properties":{"landuse":"farmland"},"geometry":{"type":"Polygon","coordinates":[[[14.4889,41.4936],[14.4909,41.4934],[14.4898,41.4945],[14.4889,41.4936]]]}},{"type":"Feature","properties":{"landuse":"farmland"},"geometry":{"type":"Polygon","coordinates":[[[14.4992,41.4932],[14.4996,41.4913],[14.5017,41.4928],[14.4992,41.4932]]]}},{"type":"Feature","properties":{"landuse":"farmland"},"geometry":{"type":"Polygon","coordinates":[[[14.4961,41.494],[14.4942,41.4933],[14.4978,41.4913],[14.4961,41.494]]]}},{"type":"Feature","properties":{"landuse":"farmland"},"geometry":{"type":"Polygon","coordinates":[[[14.5048,41.4916],[14.5027,41.4929],[14.4997,41.4892],[14.5048,41.4916]]]}},{"type":"Feature","properties":{"landuse":"farmland"},"geometry":{"type":"Polygon","coordinates":[[[14.487,41.4904],[14.4874,41.4939],[14.4849,41.4925],[14.487,41.4904]]]}},{"type":"Feature","properties":{"landuse":"orchard"},"geometry":{"type":"Polygon","coordinates":[[[14.5035,41.4957],[14.5052,41.495],[14.5029,41.497],[14.5035,41.4957]]]}},{"type":"Feature","properties":{"landuse":"farmland"},"geometry":{"type":"Polygon","coordinates":[[[14.5012,41.4929],[14.5012,41.4948],[14.4996,41.4934],[14.5012,41.4929]]]}},{"type":"Feature","properties":{"landuse":"farmland"},"geometry":{"type":"Polygon","coordinates":[[[14.5021,41.4929],[14.5087,41.4938],[14.5066,41.5],[14.5021,41.4929]]]}},{"type":"Feature","properties":{"landuse":"farmland"},"geometry":{"type":"Polygon","coordinates":[[[14.4831,41.4938],[14.4842,41.495],[14.4833,41.4957],[14.4831,41.4938]]]}},{"type":"Feature","properties":{"landuse":"farmland"},"geometry":{"type":"Polygon","coordinates":[[[14.4803,41.4922],[14.4821,41.4922],[14.4826,41.4957],[14.4803,41.4922]]]}},{"type":"Feature","properties":{"landuse":"farmland"},"geometry":{"type":"Polygon","coordinates":[[[14.4766,41.4898],[14.4745,41.4892],[14.4784,41.4876],[14.4766,41.4898]]]}},{"type":"Feature","properties":{"landuse":"farmland"},"geometry":{"type":"Polygon","coordinates":[[[14.5089,41.4901],[14.5089,41.4892],[14.5103,41.4887],[14.5089,41.4901]]]}},{"type":"Feature","properties":{"landuse":"farmland"},"geometry":{"type":"Polygon","coordinates":[[[14.5188,41.493],[14.5105,41.4916],[14.516,41.4896],[14.5144,41.4909],[14.5188,41.493]]]}},{"type":"Feature","properties":{"landuse":"farmland"},"geometry":{"type":"Polygon","coordinates":[[[14.4992,41.4846],[14.5002,41.4861],[14.4982,41.4854],[14.4992,41.4846]]]}},{"type":"Feature","properties":{"landuse":"farmland"},"geometry":{"type":"Polygon","coordinates":[[[14.505,41.4849],[14.5012,41.4845],[14.5014,41.4834],[14.505,41.4849]]]}},{"type":"Feature","properties":{"landuse":"farmland"},"geometry":{"type":"Polygon","coordinates":[[[14.4983,41.4837],[14.4964,41.4848],[14.4966,41.4824],[14.4983,41.4837]]]}},{"type":"Feature","properties":{"landuse":"farmland"},"geometry":{"type":"Polygon","coordinates":[[[14.5123,41.4861],[14.5134,41.4861],[14.5124,41.4871],[14.5123,41.4861]]]}},{"type":"Feature","properties":{"landuse":"farmland"},"geometry":{"type":"Polygon","coordinates":[[[14.5194,41.4803],[14.5175,41.4815],[14.5182,41.4796],[14.5194,41.4803]]]}},{"type":"Feature","properties":{"landuse":"farmland"},"geometry":{"type":"Polygon","coordinates":[[[14.5216,41.4918],[14.521,41.4921],[14.5217,41.4887],[14.5216,41.4918]]]}},{"type":"Feature","properties":{"landuse":"farmland"},"geometry":{"type":"Polygon","coordinates":[[[14.52,41.4888],[14.5154,41.4911],[14.517,41.4894],[14.5139,41.4865],[14.5173,41.489],[14.5186,41.4836],[14.5167,41.487],[14.5142,41.4861],[14.52,41.4804],[14.5237,41.4833],[14.5196,41.4845],[14.5227,41.4851],[14.52,41.4888]]]}},{"type":"Feature","properties":{"landuse":"farmland"},"geometry":{"type":"Polygon","coordinates":[[[14.4812,41.5069],[14.4819,41.5053],[14.4891,41.5103],[14.4812,41.5069]]]}},{"type":"Feature","properties":{"landuse":"farmland"},"geometry":{"type":"Polygon","coordinates":[[[14.4887,41.5094],[14.4906,41.5099],[14.4893,41.5101],[14.4887,41.5094]]]}},{"type":"Feature","properties":{"landuse":"farmland"},"geometry":{"type":"Polygon","coordinates":[[[14.5004,41.4943],[14.5032,41.4975],[14.5008,41.4989],[14.4932,41.496],[14.5004,41.4943]]]}},{"type":"Feature","properties":{"landuse":"farmland"},"geometry":{"type":"Polygon","coordinates":[[[14.5032,41.4975],[14.5033,41.5007],[14.5008,41.4993],[14.5032,41.4975]]]}},{"type":"Feature","properties":{"landuse":"farmland"},"geometry":{"type":"Polygon","coordinates":[[[14.5058,41.5011],[14.5034,41.5007],[14.5046,41.4987],[14.5058,41.5011]]]}},{"type":"Feature","properties":{"landuse":"farmland"},"geometry":{"type":"Polygon","coordinates":[[[14.4665,41.4939],[14.4637,41.4941],[14.4648,41.492],[14.4665,41.4939]]]}},{"type":"Feature","properties":{"landuse":"farmland"},"geometry":{"type":"Polygon","coordinates":[[[14.4923,41.4966],[14.4912,41.4968],[14.4894,41.4953],[14.4923,41.4966]]]}},{"type":"Feature","properties":{"landuse":"farmland"},"geometry":{"type":"Polygon","coordinates":[[[14.493,41.4982],[14.4961,41.4988],[14.4966,41.5017],[14.493,41.4982]]]}},{"type":"Feature","properties":{"landuse":"farmland"},"geometry":{"type":"Polygon","coordinates":[[[14.4681,41.4927],[14.4691,41.4912],[14.4685,41.4922],[14.4697,41.4918],[14.4681,41.4927]]]}},{"type":"Feature","properties":{"landuse":"farmland"},"geometry":{"type":"Polygon","coordinates":[[[14.4723,41.4899],[14.4692,41.4912],[14.4731,41.4889],[14.4723,41.4899]]]}},{"type":"Feature","properties":{"landuse":"farmland"},"geometry":{"type":"Polygon","coordinates":[[[14.4645,41.4896],[14.4599,41.4909],[14.4615,41.4872],[14.4645,41.4896]]]}},{"type":"Feature","properties":{"landuse":"farmland"},"geometry":{"type":"Polygon","coordinates":[[[14.5005,41.5014],[14.4977,41.5034],[14.4991,41.4991],[14.4946,41.4975],[14.4987,41.4972],[14.5005,41.5014]]]}},{"type":"Feature","properties":{"landuse":"farmland"},"geometry":{"type":"Polygon","coordinates":[[[14.5035,41.5057],[14.5,41.502],[14.5036,41.503],[14.5035,41.5057]]]}},{"type":"Feature","properties":{"landuse":"farmland"},"geometry":{"type":"Polygon","coordinates":[[[14.4999,41.5048],[14.504,41.506],[14.4982,41.5066],[14.4975,41.5043],[14.4985,41.5067],[14.4999,41.5048]]]}},{"type":"Feature","properties":{"landuse":"farmland"},"geometry":{"type":"Polygon","coordinates":[[[14.506,41.5034],[14.5047,41.5046],[14.5037,41.5027],[14.506,41.5034]]]}},{"type":"Feature","properties":{"landuse":"farmland"},"geometry":{"type":"Polygon","coordinates":[[[14.4984,41.5082],[14.4959,41.5099],[14.4935,41.5067],[14.4984,41.5082]]]}},{"type":"Feature","properties":{"landuse":"farmland"},"geometry":{"type":"Polygon","coordinates":[[[14.4651,41.5044],[14.4664,41.5002],[14.467,41.5035],[14.4651,41.5044]]]}},{"type":"Feature","properties":{"landuse":"farmland"},"geometry":{"type":"Polygon","coordinates":[[[14.4638,41.5054],[14.4659,41.5054],[14.464,41.5069],[14.4638,41.5054]]]}},{"type":"Feature","properties":{"landuse":"farmland"},"geometry":{"type":"Polygon","coordinates":[[[14.4973,41.4806],[14.4943,41.4806],[14.4978,41.4778],[14.4996,41.4802],[14.4973,41.4806]]]}},{"type":"Feature","properties":{"landuse":"farmland"},"geometry":{"type":"Polygon","coordinates":[[[14.4925,41.4806],[14.4934,41.4794],[14.494,41.4806],[14.4925,41.4806]]]}},{"type":"Feature","properties":{"landuse":"farmland"},"geometry":{"type":"Polygon","coordinates":[[[14.4992,41.4772],[14.5001,41.4769],[14.5007,41.4796],[14.4992,41.4772]]]}},{"type":"Feature","properties":{"landuse":"farmland"},"geometry":{"type":"Polygon","coordinates":[[[14.5046,41.4769],[14.5014,41.4793],[14.5006,41.4767],[14.5046,41.4769]]]}},{"type":"Feature","properties":{"landuse":"farmland"},"geometry":{"type":"Polygon","coordinates":[[[14.4949,41.4781],[14.4943,41.4774],[14.4974,41.4776],[14.4949,41.4781]]]}},{"type":"Feature","properties":{"landuse":"farmland"},"geometry":{"type":"Polygon","coordinates":[[[14.4972,41.4766],[14.5003,41.4761],[14.4986,41.477],[14.4972,41.4766]]]}},{"type":"Feature","properties":{"landuse":"farmland"},"geometry":{"type":"Polygon","coordinates":[[[14.4926,41.4782],[14.4913,41.4797],[14.4914,41.4781],[14.4926,41.4782]]]}},{"type":"Feature","properties":{"landuse":"farmland"},"geometry":{"type":"Polygon","coordinates":[[[14.4889,41.4792],[14.4912,41.4781],[14.491,41.4804],[14.4889,41.4792]]]}},{"type":"Feature","properties":{"landuse":"farmland"},"geometry":{"type":"Polygon","coordinates":[[[14.492,41.5086],[14.4892,41.5086],[14.4938,41.5075],[14.492,41.5086]]]}},{"type":"Feature","properties":{"landuse":"farmland"},"geometry":{"type":"Polygon","coordinates":[[[14.4855,41.4797],[14.4881,41.4808],[14.4868,41.4811],[14.4855,41.4797]]]}},{"type":"Feature","properties":{"landuse":"farmland"},"geometry":{"type":"Polygon","coordinates":[[[14.4896,41.4783],[14.4884,41.4794],[14.4876,41.4788],[14.4896,41.4783]]]}},{"type":"Feature","properties":{"landuse":"farmland"},"geometry":{"type":"Polygon","coordinates":[[[14.4916,41.5004],[14.4898,41.5002],[14.4902,41.4997],[14.4916,41.5004]]]}},{"type":"Feature","properties":{"landuse":"farmland"},"geometry":{"type":"Polygon","coordinates":[[[14.4933,41.5017],[14.4911,41.5012],[14.4917,41.5008],[14.4933,41.5017]]]}},{"type":"Feature","properties":{"landuse":"farmland"},"geometry":{"type":"Polygon","coordinates":[[[14.4948,41.504],[14.497,41.5033],[14.4981,41.5065],[14.4948,41.504]]]}},{"type":"Feature","properties":{"landuse":"farmland"},"geometry":{"type":"Polygon","coordinates":[[[14.4902,41.4981],[14.4912,41.4974],[14.4918,41.4983],[14.4902,41.4981]]]}},{"type":"Feature","properties":{"landuse":"farmland"},"geometry":{"type":"Polygon","coordinates":[[[14.4909,41.4974],[14.4887,41.4983],[14.4876,41.4962],[14.4909,41.4974]]]}},{"type":"Feature","properties":{"landuse":"farmland"},"geometry":{"type":"Polygon","coordinates":[[[14.5068,41.5063],[14.505,41.5044],[14.5077,41.5045],[14.5068,41.5063]]]}},{"type":"Feature","properties":{"landuse":"farmland"},"geometry":{"type":"Polygon","coordinates":[[[14.5123,41.5003],[14.5108,41.4999],[14.5119,41.4984],[14.5123,41.5003]]]}},{"type":"Feature","properties":{"landuse":"farmland"},"geometry":{"type":"Polygon","coordinates":[[[14.5097,41.5071],[14.5074,41.5072],[14.5092,41.498],[14.5159,41.5072],[14.5097,41.5071]]]}},{"type":"Feature","properties":{"landuse":"farmland"},"geometry":{"type":"Polygon","coordinates":[[[14.5065,41.5036],[14.5057,41.5023],[14.5073,41.5014],[14.5065,41.5036]]]}},{"type":"Feature","properties":{"landuse":"farmland"},"geometry":{"type":"Polygon","coordinates":[[[14.5068,41.4996],[14.5089,41.4944],[14.5118,41.4979],[14.5098,41.4961],[14.5068,41.4996]]]}},{"type":"Feature","properties":{"landuse":"farmland"},"geometry":{"type":"Polygon","coordinates":[[[14.5061,41.5014],[14.5066,41.5],[14.5074,41.5013],[14.5061,41.5014]]]}},{"type":"Feature","properties":{"landuse":"orchard"},"geometry":{"type":"Polygon","coordinates":[[[14.4871,41.507],[14.4877,41.5089],[14.4855,41.5082],[14.4871,41.507]]]}},{"type":"Feature","properties":{"landuse":"farmland"},"geometry":{"type":"Polygon","coordinates":[[[14.483,41.5059],[14.4841,41.5044],[14.4851,41.5056],[14.483,41.5059]]]}},{"type":"Feature","properties":{"landuse":"farmland"},"geometry":{"type":"Polygon","coordinates":[[[14.4882,41.5085],[14.4881,41.5096],[14.4862,41.5085],[14.4882,41.5085]]]}},{"type":"Feature","properties":{"landuse":"farmland"},"geometry":{"type":"Polygon","coordinates":[[[14.4863,41.5051],[14.4855,41.5082],[14.4848,41.5062],[14.488,41.5059],[14.4863,41.5051]]]}},{"type":"Feature","properties":{"landuse":"farmland"},"geometry":{"type":"Polygon","coordinates":[[[14.4941,41.5061],[14.4893,41.5039],[14.4899,41.501],[14.4941,41.5061]]]}},{"type":"Feature","properties":{"landuse":"farmland"},"geometry":{"type":"Polygon","coordinates":[[[14.4924,41.5033],[14.4929,41.5045],[14.4914,41.5018],[14.4924,41.5033]]]}},{"type":"Feature","properties":{"landuse":"farmland"},"geometry":{"type":"Polygon","coordinates":[[[14.4852,41.5038],[14.4819,41.5048],[14.4844,41.5027],[14.4852,41.5038]]]}},{"type":"Feature","properties":{"landuse":"farmland"},"geometry":{"type":"Polygon","coordinates":[[[14.4872,41.5022],[14.4859,41.5016],[14.4894,41.5002],[14.4872,41.5022]]]}},{"type":"Feature","properties":{"landuse":"farmland"},"geometry":{"type":"Polygon","coordinates":[[[14.4045,41.4887],[14.404,41.4871],[14.4061,41.4883],[14.4045,41.4887]]]}},{"type":"Feature","properties":{"landuse":"farmland"},"geometry":{"type":"Polygon","coordinates":[[[14.3884,41.4865],[14.3932,41.4886],[14.3891,41.4894],[14.3884,41.4865]]]}},{"type":"Feature","properties":{"landuse":"farmland"},"geometry":{"type":"Polygon","coordinates":[[[14.395,41.4893],[14.3905,41.4868],[14.395,41.4872],[14.3937,41.488],[14.395,41.4893]]]}},{"type":"Feature","properties":{"landuse":"farmland"},"geometry":{"type":"Polygon","coordinates":[[[14.3894,41.4868],[14.3839,41.4853],[14.3832,41.4829],[14.3894,41.4868]]]}},{"type":"Feature","properties":{"landuse":"green_public_spaces"},"geometry":{"type":"Polygon","coordinates":[[[14.6769,41.5542],[14.6774,41.5527],[14.6784,41.5535],[14.6769,41.5542]]]}},{"type":"Feature","properties":{"landuse":"farmland"},"geometry":{"type":"Polygon","coordinates":[[[14.6825,41.5344],[14.6848,41.5351],[14.6836,41.5356],[14.6825,41.5344]]]}},{"type":"Feature","properties":{"landuse":"farmland"},"geometry":{"type":"Polygon","coordinates":[[[14.6674,41.5516],[14.6718,41.5511],[14.6689,41.5527],[14.6674,41.5516]]]}},{"type":"Feature","properties":{"landuse":"green_public_spaces"},"geometry":{"type":"Polygon","coordinates":[[[14.6578,41.5548],[14.6562,41.5554],[14.6572,41.5539],[14.6578,41.5548]]]}},{"type":"Feature","properties":{"landuse":"green_public_spaces"},"geometry":{"type":"Polygon","coordinates":[[[14.8686,41.7217],[14.8838,41.7157],[14.8888,41.72],[14.8709,41.7284],[14.866,41.7243],[14.8686,41.7217]]]}},{"type":"Feature","properties":{"landuse":"green_public_spaces"},"geometry":{"type":"Polygon","coordinates":[[[14.2773,41.8472],[14.2747,41.8449],[14.2775,41.8427],[14.2773,41.8472]]]}},{"type":"Feature","properties":{"landuse":"farmland"},"geometry":{"type":"Polygon","coordinates":[[[14.6491,41.5503],[14.6484,41.5493],[14.6502,41.5499],[14.6491,41.5503]]]}},{"type":"Feature","properties":{"landuse":"farmland"},"geometry":{"type":"Polygon","coordinates":[[[14.703,41.5567],[14.7032,41.5535],[14.7054,41.5569],[14.703,41.5567]]]}},{"type":"Feature","properties":{"landuse":"farmland"},"geometry":{"type":"Polygon","coordinates":[[[14.8258,41.4843],[14.8283,41.4807],[14.8324,41.4838],[14.8319,41.4872],[14.8258,41.4843]]]}},{"type":"Feature","properties":{"landuse":"farmland"},"geometry":{"type":"Polygon","coordinates":[[[14.8326,41.4877],[14.8324,41.4861],[14.8337,41.4855],[14.8326,41.4877]]]}},{"type":"Feature","properties":{"landuse":"green_public_spaces"},"geometry":{"type":"Polygon","coordinates":[[[14.019,41.4665],[14.0157,41.4628],[14.0263,41.4609],[14.0327,41.4769],[14.0442,41.4878],[14.0288,41.4961],[14.0183,41.4925],[14.0239,41.49],[14.0194,41.4804],[14.0065,41.4851],[14.0066,41.4772],[14.0185,41.476],[14.003,41.4717],[14.019,41.4665]]]}},{"type":"Feature","properties":{"landuse":"farmland"},"geometry":{"type":"Polygon","coordinates":[[[14.8284,41.4903],[14.8292,41.4873],[14.8305,41.4893],[14.8284,41.4903]]]}},{"type":"Feature","properties":{"landuse":"farmland"},"geometry":{"type":"Polygon","coordinates":[[[14.8285,41.476],[14.8311,41.4785],[14.8279,41.4791],[14.8285,41.476]]]}},{"type":"Feature","properties":{"landuse":"farmland"},"geometry":{"type":"Polygon","coordinates":[[[14.449,41.7087],[14.4483,41.7068],[14.4528,41.707],[14.449,41.7087]]]}},{"type":"Feature","properties":{"landuse":"farmland"},"geometry":{"type":"Polygon","coordinates":[[[14.4488,41.7065],[14.4526,41.7032],[14.4529,41.7062],[14.4488,41.7065]]]}},{"type":"Feature","properties":{"landuse":"farmland"},"geometry":{"type":"Polygon","coordinates":[[[14.4544,41.6925],[14.4535,41.6925],[14.454,41.6913],[14.4544,41.6925]]]}},{"type":"Feature","properties":{"landuse":"farmland"},"geometry":{"type":"Polygon","coordinates":[[[14.4452,41.6926],[14.4488,41.6922],[14.4482,41.6938],[14.4452,41.6926]]]}},{"type":"Feature","properties":{"landuse":"farmland"},"geometry":{"type":"Polygon","coordinates":[[[14.6874,41.5548],[14.6862,41.5569],[14.683,41.5555],[14.6874,41.5548]]]}},{"type":"Feature","properties":{"landuse":"farmland"},"geometry":{"type":"Polygon","coordinates":[[[14.648,41.5674],[14.6493,41.5664],[14.6503,41.5687],[14.648,41.5674]]]}},{"type":"Feature","properties":{"landuse":"farmland"},"geometry":{"type":"Polygon","coordinates":[[[14.8276,42.0208],[14.8292,42.0187],[14.8328,42.0196],[14.8276,42.0208]]]}},{"type":"Feature","properties":{"landuse":"farmland"},"geometry":{"type":"Polygon","coordinates":[[[14.8283,42.0227],[14.8276,42.0208],[14.8328,42.0197],[14.8283,42.0227]]]}},{"type":"Feature","properties":{"landuse":"farmland"},"geometry":{"type":"Polygon","coordinates":[[[14.8261,42.0232],[14.8276,42.0208],[14.8283,42.0227],[14.8261,42.0232]]]}},{"type":"Feature","properties":{"landuse":"farmland"},"geometry":{"type":"Polygon","coordinates":[[[14.5213,41.4988],[14.5159,41.4947],[14.5225,41.4941],[14.5213,41.4988]]]}},{"type":"Feature","properties":{"landuse":"farmland"},"geometry":{"type":"Polygon","coordinates":[[[14.5201,41.4992],[14.5118,41.4975],[14.5091,41.4914],[14.516,41.4929],[14.5149,41.4961],[14.5201,41.4992]]]}},{"type":"Feature","properties":{"landuse":"farmland"},"geometry":{"type":"Polygon","coordinates":[[[14.6489,41.5527],[14.6459,41.5522],[14.6477,41.551],[14.6489,41.5527]]]}},{"type":"Feature","properties":{"landuse":"farmland"},"geometry":{"type":"Polygon","coordinates":[[[14.6527,41.5499],[14.6575,41.5511],[14.6525,41.5526],[14.6527,41.5499]]]}},{"type":"Feature","properties":{"landuse":"farmland"},"geometry":{"type":"Polygon","coordinates":[[[14.4958,41.4678],[14.4943,41.4671],[14.497,41.4677],[14.4958,41.4678]]]}},{"type":"Feature","properties":{"landuse":"farmland"},"geometry":{"type":"Polygon","coordinates":[[[14.4979,41.4667],[14.4984,41.4677],[14.4968,41.468],[14.4979,41.4667]]]}},{"type":"Feature","properties":{"landuse":"farmland"},"geometry":{"type":"Polygon","coordinates":[[[14.6715,41.5606],[14.673,41.5597],[14.6737,41.5604],[14.6715,41.5606]]]}},{"type":"Feature","properties":{"landuse":"farmland"},"geometry":{"type":"Polygon","coordinates":[[[14.6772,41.5711],[14.6795,41.5699],[14.6794,41.5711],[14.6772,41.5711]]]}},{"type":"Feature","properties":{"landuse":"farmland"},"geometry":{"type":"Polygon","coordinates":[[[14.6784,41.5715],[14.6765,41.5722],[14.6793,41.5728],[14.6784,41.5715]]]}},{"type":"Feature","properties":{"landuse":"farmland"},"geometry":{"type":"Polygon","coordinates":[[[14.6647,41.5458],[14.6621,41.5443],[14.6662,41.5447],[14.6647,41.5458]]]}},{"type":"Feature","properties":{"landuse":"farmland"},"geometry":{"type":"Polygon","coordinates":[[[14.6702,41.5428],[14.6683,41.5421],[14.6716,41.5419],[14.6702,41.5428]]]}},{"type":"Feature","properties":{"landuse":"farmland"},"geometry":{"type":"Polygon","coordinates":[[[14.6801,41.549],[14.6787,41.5476],[14.6812,41.5482],[14.6801,41.549]]]}},{"type":"Feature","properties":{"landuse":"farmland"},"geometry":{"type":"Polygon","coordinates":[[[14.6778,41.5474],[14.6749,41.5455],[14.6772,41.5449],[14.6778,41.5474]]]}},{"type":"Feature","properties":{"landuse":"farmland"},"geometry":{"type":"Polygon","coordinates":[[[14.6773,41.5485],[14.6798,41.5493],[14.6778,41.55],[14.6773,41.5485]]]}},{"type":"Feature","properties":{"landuse":"farmland"},"geometry":{"type":"Polygon","coordinates":[[[14.6506,41.5584],[14.6524,41.5553],[14.6524,41.5578],[14.6506,41.5584]]]}},{"type":"Feature","properties":{"landuse":"farmland"},"geometry":{"type":"Polygon","coordinates":[[[14.6476,41.5597],[14.6446,41.5571],[14.6482,41.5577],[14.6476,41.5597]]]}},{"type":"Feature","properties":{"landuse":"farmland"},"geometry":{"type":"Polygon","coordinates":[[[14.6335,41.5619],[14.6319,41.5611],[14.6362,41.5621],[14.6335,41.5619]]]}},{"type":"Feature","properties":{"landuse":"farmland"},"geometry":{"type":"Polygon","coordinates":[[[14.9212,41.813],[14.922,41.8137],[14.9204,41.8141],[14.9212,41.813]]]}},{"type":"Feature","properties":{"landuse":"farmland"},"geometry":{"type":"Polygon","coordinates":[[[14.407,41.5448],[14.4055,41.5455],[14.4056,41.5443],[14.407,41.5448]]]}},{"type":"Feature","properties":{"landuse":"vineyard"},"geometry":{"type":"Polygon","coordinates":[[[15.0294,41.8792],[15.0292,41.8769],[15.0401,41.8755],[15.0368,41.8805],[15.0294,41.8792]]]}},{"type":"Feature","properties":{"landuse":"farmland"},"geometry":{"type":"Polygon","coordinates":[[[14.6709,41.5739],[14.6694,41.5724],[14.6715,41.5715],[14.6709,41.5739]]]}},{"type":"Feature","properties":{"landuse":"farmland"},"geometry":{"type":"Polygon","coordinates":[[[14.6687,41.5755],[14.6693,41.574],[14.672,41.5753],[14.6687,41.5755]]]}},{"type":"Feature","properties":{"landuse":"vineyard"},"geometry":{"type":"Polygon","coordinates":[[[14.6721,41.58],[14.6735,41.5794],[14.6735,41.58],[14.6721,41.58]]]}},{"type":"Feature","properties":{"landuse":"orchard"},"geometry":{"type":"Polygon","coordinates":[[[14.0703,41.5049],[14.0701,41.5075],[14.0683,41.5062],[14.0703,41.5049]]]}},{"type":"Feature","properties":{"landuse":"orchard"},"geometry":{"type":"Polygon","coordinates":[[[14.073,41.5031],[14.074,41.506],[14.0708,41.5059],[14.073,41.5031]]]}},{"type":"Feature","properties":{"landuse":"orchard"},"geometry":{"type":"Polygon","coordinates":[[[14.0608,41.5054],[14.0621,41.5038],[14.0632,41.5057],[14.0608,41.5054]]]}},{"type":"Feature","properties":{"landuse":"orchard"},"geometry":{"type":"Polygon","coordinates":[[[14.0646,41.5021],[14.0642,41.4996],[14.0709,41.5013],[14.0646,41.5021]]]}},{"type":"Feature","properties":{"landuse":"orchard"},"geometry":{"type":"Polygon","coordinates":[[[14.0664,41.5039],[14.0707,41.5022],[14.0682,41.506],[14.0664,41.5039]]]}},{"type":"Feature","properties":{"landuse":"orchard"},"geometry":{"type":"Polygon","coordinates":[[[14.067,41.5074],[14.0706,41.5079],[14.0677,41.51],[14.067,41.5074]]]}},{"type":"Feature","properties":{"landuse":"orchard"},"geometry":{"type":"Polygon","coordinates":[[[14.0649,41.5053],[14.068,41.506],[14.0657,41.5078],[14.0649,41.5053]]]}},{"type":"Feature","properties":{"landuse":"farmland"},"geometry":{"type":"Polygon","coordinates":[[[14.6298,41.5741],[14.6279,41.5714],[14.6337,41.5737],[14.6298,41.5741]]]}},{"type":"Feature","properties":{"landuse":"farmland"},"geometry":{"type":"Polygon","coordinates":[[[14.6372,41.5695],[14.6361,41.5683],[14.6399,41.5689],[14.6372,41.5695]]]}},{"type":"Feature","properties":{"landuse":"farmland"},"geometry":{"type":"Polygon","coordinates":[[[14.6189,41.5647],[14.6164,41.5628],[14.6185,41.5619],[14.6189,41.5647]]]}},{"type":"Feature","properties":{"landuse":"farmland"},"geometry":{"type":"Polygon","coordinates":[[[14.64,41.5703],[14.6404,41.5691],[14.6436,41.5682],[14.64,41.5703]]]}},{"type":"Feature","properties":{"landuse":"farmland"},"geometry":{"type":"Polygon","coordinates":[[[14.6384,41.5663],[14.6428,41.5644],[14.6434,41.5664],[14.6384,41.5663]]]}},{"type":"Feature","properties":{"landuse":"farmland"},"geometry":{"type":"Polygon","coordinates":[[[14.6486,41.5605],[14.6457,41.5621],[14.645,41.5594],[14.6486,41.5605]]]}},{"type":"Feature","properties":{"landuse":"orchard"},"geometry":{"type":"Polygon","coordinates":[[[14.6175,41.5678],[14.6173,41.5663],[14.619,41.5679],[14.6175,41.5678]]]}},{"type":"Feature","properties":{"landuse":"farmland"},"geometry":{"type":"Polygon","coordinates":[[[14.6244,41.5699],[14.6278,41.5699],[14.6261,41.5705],[14.6244,41.5699]]]}},{"type":"Feature","properties":{"landuse":"farmland"},"geometry":{"type":"Polygon","coordinates":[[[14.6331,41.5824],[14.629,41.5794],[14.6326,41.5742],[14.6365,41.5739],[14.636,41.5804],[14.6312,41.5779],[14.6331,41.5824]]]}},{"type":"Feature","properties":{"landuse":"farmland"},"geometry":{"type":"Polygon","coordinates":[[[14.6271,41.5888],[14.6264,41.5838],[14.6309,41.5853],[14.6271,41.5888]]]}},{"type":"Feature","properties":{"landuse":"farmland"},"geometry":{"type":"Polygon","coordinates":[[[14.6293,41.5919],[14.6265,41.5935],[14.6292,41.5904],[14.6343,41.5927],[14.6293,41.5919]]]}},{"type":"Feature","properties":{"landuse":"farmland"},"geometry":{"type":"Polygon","coordinates":[[[14.6462,41.5756],[14.6466,41.5707],[14.6499,41.57],[14.6542,41.5746],[14.6502,41.573],[14.6516,41.5753],[14.6476,41.5778],[14.6462,41.5756]]]}},{"type":"Feature","properties":{"landuse":"farmland"},"geometry":{"type":"Polygon","coordinates":[[[14.6504,41.5764],[14.6493,41.5766],[14.6533,41.5759],[14.6504,41.5764]]]}},{"type":"Feature","properties":{"landuse":"farmland"},"geometry":{"type":"Polygon","coordinates":[[[14.6665,41.582],[14.6641,41.5826],[14.6624,41.5811],[14.6665,41.582]]]}},{"type":"Feature","properties":{"landuse":"farmland"},"geometry":{"type":"Polygon","coordinates":[[[14.9813,42.002],[14.9769,42.0012],[14.9793,41.9988],[14.9813,42.002]]]}},{"type":"Feature","properties":{"landuse":"orchard"},"geometry":{"type":"Polygon","coordinates":[[[14.9122,41.7847],[14.9172,41.7845],[14.9144,41.7858],[14.9122,41.7847]]]}},{"type":"Feature","properties":{"landuse":"orchard"},"geometry":{"type":"Polygon","coordinates":[[[14.9106,41.7871],[14.9139,41.7858],[14.9109,41.7898],[14.9106,41.7871]]]}},{"type":"Feature","properties":{"landuse":"orchard"},"geometry":{"type":"Polygon","coordinates":[[[14.8741,41.8167],[14.8745,41.8153],[14.8753,41.8164],[14.8741,41.8167]]]}},{"type":"Feature","properties":{"landuse":"orchard"},"geometry":{"type":"Polygon","coordinates":[[[14.878,41.8147],[14.8808,41.8133],[14.8805,41.8143],[14.878,41.8147]]]}},{"type":"Feature","properties":{"landuse":"orchard"},"geometry":{"type":"Polygon","coordinates":[[[14.8837,41.8129],[14.8866,41.813],[14.8852,41.8142],[14.8837,41.8129]]]}},{"type":"Feature","properties":{"landuse":"orchard"},"geometry":{"type":"Polygon","coordinates":[[[14.8807,41.8166],[14.8823,41.8153],[14.8835,41.8159],[14.8807,41.8166]]]}},{"type":"Feature","properties":{"landuse":"orchard"},"geometry":{"type":"Polygon","coordinates":[[[14.886,41.8156],[14.8863,41.8132],[14.8881,41.8143],[14.886,41.8156]]]}},{"type":"Feature","properties":{"landuse":"orchard"},"geometry":{"type":"Polygon","coordinates":[[[14.882,41.8107],[14.8879,41.8058],[14.885,41.8106],[14.882,41.8107]]]}},{"type":"Feature","properties":{"landuse":"orchard"},"geometry":{"type":"Polygon","coordinates":[[[14.885,41.8119],[14.8892,41.8121],[14.8882,41.814],[14.885,41.8119]]]}},{"type":"Feature","properties":{"landuse":"orchard"},"geometry":{"type":"Polygon","coordinates":[[[14.897,41.8092],[14.8873,41.8079],[14.8935,41.8058],[14.897,41.8092]]]}},{"type":"Feature","properties":{"landuse":"orchard"},"geometry":{"type":"Polygon","coordinates":[[[14.8985,41.8072],[14.8956,41.8049],[14.897,41.8063],[14.8974,41.8051],[14.8985,41.8072]]]}},{"type":"Feature","properties":{"landuse":"orchard"},"geometry":{"type":"Polygon","coordinates":[[[14.8991,41.8046],[14.903,41.8015],[14.9039,41.8037],[14.8991,41.8046]]]}},{"type":"Feature","properties":{"landuse":"orchard"},"geometry":{"type":"Polygon","coordinates":[[[14.8469,41.7484],[14.8489,41.7479],[14.8485,41.7492],[14.8469,41.7484]]]}},{"type":"Feature","properties":{"landuse":"orchard"},"geometry":{"type":"Polygon","coordinates":[[[14.8526,41.733],[14.8562,41.7317],[14.8567,41.7333],[14.8526,41.733]]]}},{"type":"Feature","properties":{"landuse":"orchard"},"geometry":{"type":"Polygon","coordinates":[[[14.8525,41.7323],[14.852,41.7306],[14.8553,41.7315],[14.8525,41.7323]]]}},{"type":"Feature","properties":{"landuse":"orchard"},"geometry":{"type":"Polygon","coordinates":[[[14.8503,41.7443],[14.8515,41.743],[14.8514,41.7447],[14.8503,41.7443]]]}},{"type":"Feature","properties":{"landuse":"orchard"},"geometry":{"type":"Polygon","coordinates":[[[14.8498,41.7467],[14.8485,41.7445],[14.8507,41.746],[14.8498,41.7467]]]}},{"type":"Feature","properties":{"landuse":"orchard"},"geometry":{"type":"Polygon","coordinates":[[[14.8309,41.7381],[14.8307,41.7371],[14.8327,41.7378],[14.8309,41.7381]]]}},{"type":"Feature","properties":{"landuse":"orchard"},"geometry":{"type":"Polygon","coordinates":[[[14.8286,41.7246],[14.8302,41.7243],[14.8312,41.7259],[14.8286,41.7246]]]}},{"type":"Feature","properties":{"landuse":"orchard"},"geometry":{"type":"Polygon","coordinates":[[[14.8582,41.7441],[14.8565,41.7423],[14.8601,41.7425],[14.8582,41.7441]]]}},{"type":"Feature","properties":{"landuse":"orchard"},"geometry":{"type":"Polygon","coordinates":[[[14.8683,41.7458],[14.8717,41.7449],[14.8726,41.7468],[14.8683,41.7458]]]}},{"type":"Feature","properties":{"landuse":"orchard"},"geometry":{"type":"Polygon","coordinates":[[[14.8229,41.7429],[14.8252,41.7433],[14.8252,41.7449],[14.8229,41.7429]]]}},{"type":"Feature","properties":{"landuse":"orchard"},"geometry":{"type":"Polygon","coordinates":[[[14.8221,41.7374],[14.8235,41.7367],[14.8222,41.7382],[14.8221,41.7374]]]}},{"type":"Feature","properties":{"landuse":"orchard"},"geometry":{"type":"Polygon","coordinates":[[[14.828,41.7413],[14.8278,41.7402],[14.8295,41.7398],[14.828,41.7413]]]}},{"type":"Feature","properties":{"landuse":"orchard"},"geometry":{"type":"Polygon","coordinates":[[[14.8196,41.7321],[14.8192,41.7302],[14.821,41.7315],[14.8196,41.7321]]]}},{"type":"Feature","properties":{"landuse":"farmland"},"geometry":{"type":"Polygon","coordinates":[[[14.9985,41.9845],[14.9998,41.982],[15.0008,41.9841],[14.9985,41.9845]]]}},{"type":"Feature","properties":{"landuse":"orchard"},"geometry":{"type":"Polygon","coordinates":[[[14.7743,41.9495],[14.7759,41.9484],[14.7765,41.9493],[14.7743,41.9495]]]}},{"type":"Feature","properties":{"landuse":"orchard"},"geometry":{"type":"Polygon","coordinates":[[[14.776,41.9496],[14.7769,41.9479],[14.7775,41.9506],[14.776,41.9496]]]}},{"type":"Feature","properties":{"landuse":"orchard"},"geometry":{"type":"Polygon","coordinates":[[[14.945,41.7316],[14.9459,41.7302],[14.9457,41.733],[14.945,41.7316]]]}},{"type":"Feature","properties":{"landuse":"orchard"},"geometry":{"type":"Polygon","coordinates":[[[14.9534,41.7294],[14.9532,41.7289],[14.955,41.7283],[14.9534,41.7294]]]}},{"type":"Feature","properties":{"landuse":"orchard"},"geometry":{"type":"Polygon","coordinates":[[[14.8784,41.7914],[14.8772,41.7885],[14.8796,41.7879],[14.8784,41.7914]]]}},{"type":"Feature","properties":{"landuse":"orchard"},"geometry":{"type":"Polygon","coordinates":[[[14.8236,41.725],[14.8255,41.7236],[14.8248,41.7258],[14.8236,41.725]]]}},{"type":"Feature","properties":{"landuse":"orchard"},"geometry":{"type":"Polygon","coordinates":[[[14.9429,41.7223],[14.9454,41.7201],[14.9466,41.7227],[14.9429,41.7223]]]}},{"type":"Feature","properties":{"landuse":"orchard"},"geometry":{"type":"Polygon","coordinates":[[[14.9413,41.7237],[14.9409,41.7208],[14.9424,41.7221],[14.9413,41.7237]]]}},{"type":"Feature","properties":{"landuse":"orchard"},"geometry":{"type":"Polygon","coordinates":[[[14.9379,41.7229],[14.9397,41.7209],[14.9399,41.7233],[14.9379,41.7229]]]}},{"type":"Feature","properties":{"landuse":"orchard"},"geometry":{"type":"Polygon","coordinates":[[[14.9458,41.7145],[14.9469,41.7134],[14.948,41.7144],[14.9458,41.7145]]]}},{"type":"Feature","properties":{"landuse":"orchard"},"geometry":{"type":"Polygon","coordinates":[[[14.9412,41.72],[14.9436,41.7188],[14.9427,41.7205],[14.9412,41.72]]]}},{"type":"Feature","properties":{"landuse":"orchard"},"geometry":{"type":"Polygon","coordinates":[[[14.7096,41.8089],[14.7135,41.8106],[14.7109,41.8111],[14.7096,41.8089]]]}},{"type":"Feature","properties":{"landuse":"orchard"},"geometry":{"type":"Polygon","coordinates":[[[14.9866,41.6789],[14.9925,41.6807],[14.9876,41.6808],[14.9866,41.6789]]]}},{"type":"Feature","properties":{"landuse":"orchard"},"geometry":{"type":"Polygon","coordinates":[[[14.9679,41.6917],[14.9698,41.6906],[14.9694,41.6916],[14.9679,41.6917]]]}},{"type":"Feature","properties":{"landuse":"orchard"},"geometry":{"type":"Polygon","coordinates":[[[14.9565,41.6905],[14.954,41.6868],[14.9576,41.6861],[14.9565,41.6905]]]}},{"type":"Feature","properties":{"landuse":"orchard"},"geometry":{"type":"Polygon","coordinates":[[[14.9723,41.6892],[14.9736,41.6875],[14.9739,41.6883],[14.9723,41.6892]]]}},{"type":"Feature","properties":{"landuse":"orchard"},"geometry":{"type":"Polygon","coordinates":[[[14.8943,41.7822],[14.8983,41.7816],[14.8969,41.7831],[14.8943,41.7822]]]}},{"type":"Feature","properties":{"landuse":"orchard"},"geometry":{"type":"Polygon","coordinates":[[[14.9902,41.7295],[14.989,41.7287],[14.9904,41.7279],[14.9902,41.7295]]]}},{"type":"Feature","properties":{"landuse":"farmland"},"geometry":{"type":"Polygon","coordinates":[[[14.8274,41.7169],[14.8327,41.7167],[14.8314,41.7187],[14.8274,41.7169]]]}},{"type":"Feature","properties":{"landuse":"orchard"},"geometry":{"type":"Polygon","coordinates":[[[14.8361,41.7439],[14.8384,41.7432],[14.8379,41.7441],[14.8361,41.7439]]]}},{"type":"Feature","properties":{"landuse":"farmland"},"geometry":{"type":"Polygon","coordinates":[[[14.8459,41.7235],[14.8434,41.7196],[14.8487,41.7181],[14.849,41.7221],[14.8459,41.7235]]]}},{"type":"Feature","properties":{"landuse":"farmland"},"geometry":{"type":"Polygon","coordinates":[[[14.8424,41.7254],[14.8426,41.7245],[14.844,41.725],[14.8424,41.7254]]]}},{"type":"Feature","properties":{"landuse":"farmland"},"geometry":{"type":"Polygon","coordinates":[[[14.8463,41.7249],[14.8482,41.7236],[14.8503,41.7255],[14.8481,41.7268],[14.8463,41.7249]]]}},{"type":"Feature","properties":{"landuse":"farmland"},"geometry":{"type":"Polygon","coordinates":[[[14.8385,41.7316],[14.8381,41.7291],[14.8412,41.7289],[14.8385,41.7316]]]}},{"type":"Feature","properties":{"landuse":"orchard"},"geometry":{"type":"Polygon","coordinates":[[[14.8361,41.7291],[14.838,41.7287],[14.8374,41.7298],[14.8361,41.7291]]]}},{"type":"Feature","properties":{"landuse":"farmland"},"geometry":{"type":"Polygon","coordinates":[[[14.8274,41.7302],[14.833,41.7304],[14.8299,41.7296],[14.8283,41.7322],[14.8274,41.7302]]]}},{"type":"Feature","properties":{"landuse":"farmland"},"geometry":{"type":"Polygon","coordinates":[[[14.8529,41.7162],[14.8521,41.7148],[14.8545,41.7147],[14.8529,41.7162]]]}},{"type":"Feature","properties":{"landuse":"farmland"},"geometry":{"type":"Polygon","coordinates":[[[14.8498,41.7159],[14.8517,41.715],[14.8528,41.7163],[14.8498,41.7159]]]}},{"type":"Feature","properties":{"landuse":"farmland"},"geometry":{"type":"Polygon","coordinates":[[[14.8548,41.7148],[14.8566,41.7124],[14.8589,41.7157],[14.8548,41.7148]]]}},{"type":"Feature","properties":{"landuse":"orchard"},"geometry":{"type":"Polygon","coordinates":[[[14.8877,41.7988],[14.8893,41.7969],[14.8902,41.7987],[14.8877,41.7988]]]}},{"type":"Feature","properties":{"landuse":"farmland"},"geometry":{"type":"Polygon","coordinates":[[[14.8291,41.7331],[14.8326,41.7329],[14.8307,41.7343],[14.8291,41.7331]]]}},{"type":"Feature","properties":{"landuse":"farmland"},"geometry":{"type":"Polygon","coordinates":[[[14.8291,41.7264],[14.8298,41.7256],[14.8305,41.7264],[14.8291,41.7264]]]}},{"type":"Feature","properties":{"landuse":"orchard"},"geometry":{"type":"Polygon","coordinates":[[[14.8225,41.7227],[14.8254,41.7212],[14.8252,41.7224],[14.8225,41.7227]]]}},{"type":"Feature","properties":{"landuse":"farmland"},"geometry":{"type":"Polygon","coordinates":[[[14.8405,41.7534],[14.8438,41.7506],[14.8419,41.7537],[14.8405,41.7534]]]}},{"type":"Feature","properties":{"landuse":"orchard"},"geometry":{"type":"Polygon","coordinates":[[[14.8515,41.7512],[14.8532,41.751],[14.8545,41.7518],[14.8515,41.7512]]]}},{"type":"Feature","properties":{"landuse":"orchard"},"geometry":{"type":"Polygon","coordinates":[[[14.8554,41.7512],[14.8554,41.7499],[14.8573,41.7509],[14.8554,41.7512]]]}},{"type":"Feature","properties":{"landuse":"orchard"},"geometry":{"type":"Polygon","coordinates":[[[14.855,41.7256],[14.8575,41.7248],[14.8571,41.7262],[14.855,41.7256]]]}},{"type":"Feature","properties":{"landuse":"farmland"},"geometry":{"type":"Polygon","coordinates":[[[14.8338,41.723],[14.8341,41.7222],[14.8356,41.7228],[14.8338,41.723]]]}},{"type":"Feature","properties":{"landuse":"farmland"},"geometry":{"type":"Polygon","coordinates":[[[14.8475,41.7116],[14.8495,41.7115],[14.8478,41.7139],[14.8475,41.7116]]]}},{"type":"Feature","properties":{"landuse":"farmland"},"geometry":{"type":"Polygon","coordinates":[[[14.8446,41.7123],[14.8469,41.7134],[14.8447,41.7135],[14.8446,41.7123]]]}},{"type":"Feature","properties":{"landuse":"orchard"},"geometry":{"type":"Polygon","coordinates":[[[14.936,41.7258],[14.941,41.7258],[14.9401,41.7271],[14.936,41.7258]]]}},{"type":"Feature","properties":{"landuse":"orchard"},"geometry":{"type":"Polygon","coordinates":[[[14.8692,41.7524],[14.8707,41.7514],[14.8708,41.7522],[14.8692,41.7524]]]}},{"type":"Feature","properties":{"landuse":"orchard"},"geometry":{"type":"Polygon","coordinates":[[[14.8575,41.7493],[14.8612,41.7489],[14.8591,41.7514],[14.8575,41.7493]]]}},{"type":"Feature","properties":{"landuse":"orchard"},"geometry":{"type":"Polygon","coordinates":[[[14.8341,41.7435],[14.8335,41.7413],[14.8352,41.7419],[14.8341,41.7435]]]}},{"type":"Feature","properties":{"landuse":"orchard"},"geometry":{"type":"Polygon","coordinates":[[[14.9223,41.8136],[14.9295,41.8093],[14.9338,41.8134],[14.9397,41.8121],[14.9381,41.818],[14.9424,41.8204],[14.9308,41.8218],[14.9293,41.8172],[14.9223,41.8136]]]}},{"type":"Feature","properties":{"landuse":"orchard"},"geometry":{"type":"Polygon","coordinates":[[[14.9429,41.7082],[14.9435,41.706],[14.947,41.7093],[14.9429,41.7082]]]}},{"type":"Feature","properties":{"landuse":"orchard"},"geometry":{"type":"Polygon","coordinates":[[[14.9628,41.6906],[14.9644,41.6894],[14.966,41.6919],[14.9628,41.6906]]]}},{"type":"Feature","properties":{"landuse":"orchard"},"geometry":{"type":"Polygon","coordinates":[[[14.9594,41.6829],[14.9605,41.6818],[14.9616,41.6833],[14.9594,41.6829]]]}},{"type":"Feature","properties":{"landuse":"orchard"},"geometry":{"type":"Polygon","coordinates":[[[14.9576,41.6861],[14.9591,41.6835],[14.9603,41.6843],[14.9576,41.6861]]]}},{"type":"Feature","properties":{"landuse":"orchard"},"geometry":{"type":"Polygon","coordinates":[[[14.9545,41.6853],[14.9531,41.6831],[14.9577,41.6833],[14.9545,41.6853]]]}},{"type":"Feature","properties":{"landuse":"orchard"},"geometry":{"type":"Polygon","coordinates":[[[14.7976,42.0584],[14.7959,42.0553],[14.803,42.0565],[14.7976,42.0584]]]}},{"type":"Feature","properties":{"landuse":"orchard"},"geometry":{"type":"Polygon","coordinates":[[[14.7959,42.0551],[14.8,42.0534],[14.8018,42.0549],[14.7959,42.0551]]]}},{"type":"Feature","properties":{"landuse":"orchard"},"geometry":{"type":"Polygon","coordinates":[[[14.8015,42.0545],[14.8,42.0534],[14.8011,42.0529],[14.8015,42.0545]]]}},{"type":"Feature","properties":{"landuse":"orchard"},"geometry":{"type":"Polygon","coordinates":[[[14.806,42.0509],[14.8082,42.0498],[14.8069,42.0516],[14.806,42.0509]]]}},{"type":"Feature","properties":{"landuse":"orchard"},"geometry":{"type":"Polygon","coordinates":[[[14.8093,42.05],[14.8128,42.048],[14.8132,42.0485],[14.8093,42.05]]]}},{"type":"Feature","properties":{"landuse":"orchard"},"geometry":{"type":"Polygon","coordinates":[[[14.8162,42.0474],[14.8203,42.0447],[14.8209,42.0454],[14.8162,42.0474]]]}},{"type":"Feature","properties":{"landuse":"orchard"},"geometry":{"type":"Polygon","coordinates":[[[14.8218,42.0432],[14.8158,42.0461],[14.8144,42.046],[14.8218,42.0432]]]}},{"type":"Feature","properties":{"landuse":"orchard"},"geometry":{"type":"Polygon","coordinates":[[[14.796,42.0545],[14.7955,42.0541],[14.8008,42.0519],[14.796,42.0545]]]}},{"type":"Feature","properties":{"landuse":"orchard"},"geometry":{"type":"Polygon","coordinates":[[[14.8011,42.0523],[14.8089,42.0481],[14.8118,42.0475],[14.8011,42.0523]]]}},{"type":"Feature","properties":{"landuse":"orchard"},"geometry":{"type":"Polygon","coordinates":[[[14.9889,41.8772],[14.9905,41.8761],[14.9909,41.8767],[14.9889,41.8772]]]}},{"type":"Feature","properties":{"landuse":"orchard"},"geometry":{"type":"Polygon","coordinates":[[[14.9088,41.8086],[14.9034,41.8095],[14.9151,41.8027],[14.914,41.8086],[14.9088,41.8086]]]}},{"type":"Feature","properties":{"landuse":"orchard"},"geometry":{"type":"Polygon","coordinates":[[[14.8644,41.633],[14.8649,41.6316],[14.866,41.6324],[14.8644,41.633]]]}},{"type":"Feature","properties":{"landuse":"orchard"},"geometry":{"type":"Polygon","coordinates":[[[14.8696,41.6295],[14.8711,41.6281],[14.8724,41.6293],[14.8696,41.6295]]]}},{"type":"Feature","properties":{"landuse":"orchard"},"geometry":{"type":"Polygon","coordinates":[[[14.8735,41.6291],[14.8716,41.6271],[14.8738,41.6275],[14.8735,41.6291]]]}},{"type":"Feature","properties":{"landuse":"orchard"},"geometry":{"type":"Polygon","coordinates":[[[14.9268,41.8041],[14.9247,41.8003],[14.9268,41.7983],[14.9268,41.8041]]]}},{"type":"Feature","properties":{"landuse":"orchard"},"geometry":{"type":"Polygon","coordinates":[[[14.9578,41.6913],[14.9596,41.6904],[14.9587,41.6921],[14.9578,41.6913]]]}},{"type":"Feature","properties":{"landuse":"orchard"},"geometry":{"type":"Polygon","coordinates":[[[14.9541,41.6948],[14.9562,41.6934],[14.9531,41.6978],[14.9515,41.6963],[14.9541,41.6948]]]}},{"type":"Feature","properties":{"landuse":"orchard"},"geometry":{"type":"Polygon","coordinates":[[[14.9459,41.6904],[14.9429,41.689],[14.9463,41.6873],[14.9459,41.6904]]]}},{"type":"Feature","properties":{"landuse":"orchard"},"geometry":{"type":"Polygon","coordinates":[[[14.9507,41.6905],[14.9537,41.6868],[14.9539,41.689],[14.9507,41.6905]]]}},{"type":"Feature","properties":{"landuse":"farmland"},"geometry":{"type":"Polygon","coordinates":[[[14.9751,42.0054],[14.9749,42.0045],[14.9765,42.0043],[14.9751,42.0054]]]}},{"type":"Feature","properties":{"landuse":"farmland"},"geometry":{"type":"Polygon","coordinates":[[[14.9625,42.0076],[14.9751,42.0037],[14.9743,42.0062],[14.9625,42.0076]]]}},{"type":"Feature","properties":{"landuse":"orchard"},"geometry":{"type":"Polygon","coordinates":[[[15.0305,41.961],[15.032,41.9595],[15.0332,41.9601],[15.0305,41.961]]]}},{"type":"Feature","properties":{"landuse":"farmland"},"geometry":{"type":"Polygon","coordinates":[[[14.6254,41.4312],[14.6237,41.4301],[14.6271,41.4302],[14.6254,41.4312]]]}},{"type":"Feature","properties":{"landuse":"farmland"},"geometry":{"type":"Polygon","coordinates":[[[14.6235,41.4325],[14.6243,41.4315],[14.6265,41.4317],[14.6235,41.4325]]]}},{"type":"Feature","properties":{"landuse":"farmland"},"geometry":{"type":"Polygon","coordinates":[[[14.6189,41.4314],[14.6208,41.4267],[14.6219,41.4296],[14.6189,41.4314]]]}},{"type":"Feature","properties":{"landuse":"farmland"},"geometry":{"type":"Polygon","coordinates":[[[14.6222,41.4263],[14.6214,41.4205],[14.6285,41.4224],[14.6271,41.4264],[14.6222,41.4263]]]}},{"type":"Feature","properties":{"landuse":"green_public_spaces"},"geometry":{"type":"Polygon","coordinates":[[[14.7819,41.9621],[14.7802,41.9641],[14.7812,41.9619],[14.7819,41.9621]]]}},{"type":"Feature","properties":{"landuse":"orchard"},"geometry":{"type":"Polygon","coordinates":[[[14.787,41.9619],[14.7842,41.96],[14.7871,41.9526],[14.7906,41.9569],[14.787,41.9619]]]}},{"type":"Feature","properties":{"landuse":"orchard"},"geometry":{"type":"Polygon","coordinates":[[[14.7855,41.9637],[14.7863,41.9615],[14.7887,41.9632],[14.7855,41.9637]]]}},{"type":"Feature","properties":{"landuse":"orchard"},"geometry":{"type":"Polygon","coordinates":[[[14.7804,41.9651],[14.7837,41.9647],[14.7845,41.9673],[14.7813,41.9677],[14.7804,41.9651]]]}},{"type":"Feature","properties":{"landuse":"orchard"},"geometry":{"type":"Polygon","coordinates":[[[14.7747,41.9612],[14.7715,41.9614],[14.7765,41.9597],[14.7747,41.9612]]]}},{"type":"Feature","properties":{"landuse":"orchard"},"geometry":{"type":"Polygon","coordinates":[[[14.7726,41.9635],[14.7759,41.9605],[14.7745,41.9634],[14.7726,41.9635]]]}},{"type":"Feature","properties":{"landuse":"orchard"},"geometry":{"type":"Polygon","coordinates":[[[14.7743,41.9582],[14.7755,41.9568],[14.7771,41.9583],[14.7743,41.9582]]]}},{"type":"Feature","properties":{"landuse":"orchard"},"geometry":{"type":"Polygon","coordinates":[[[14.778,41.9567],[14.776,41.9558],[14.7787,41.9544],[14.778,41.9567]]]}},{"type":"Feature","properties":{"landuse":"farmland"},"geometry":{"type":"Polygon","coordinates":[[[14.7785,41.9672],[14.7813,41.9687],[14.7799,41.9695],[14.7785,41.9672]]]}},{"type":"Feature","properties":{"landuse":"farmland"},"geometry":{"type":"Polygon","coordinates":[[[14.7809,41.9708],[14.7837,41.9695],[14.7837,41.9711],[14.7809,41.9708]]]}},{"type":"Feature","properties":{"landuse":"farmland"},"geometry":{"type":"Polygon","coordinates":[[[14.7884,41.9591],[14.7915,41.9585],[14.7923,41.9599],[14.7884,41.9591]]]}},{"type":"Feature","properties":{"landuse":"farmland"},"geometry":{"type":"Polygon","coordinates":[[[14.7799,41.9636],[14.7795,41.9621],[14.7809,41.9623],[14.7799,41.9636]]]}},{"type":"Feature","properties":{"landuse":"orchard"},"geometry":{"type":"Polygon","coordinates":[[[14.7772,41.9615],[14.7782,41.9598],[14.7794,41.9617],[14.7772,41.9615]]]}},{"type":"Feature","properties":{"landuse":"orchard"},"geometry":{"type":"Polygon","coordinates":[[[14.7661,41.9584],[14.7669,41.9596],[14.7607,41.9562],[14.7661,41.9584]]]}},{"type":"Feature","properties":{"landuse":"orchard"},"geometry":{"type":"Polygon","coordinates":[[[14.7606,41.9538],[14.7581,41.9544],[14.7624,41.9529],[14.7606,41.9538]]]}},{"type":"Feature","properties":{"landuse":"farmland"},"geometry":{"type":"Polygon","coordinates":[[[14.7815,41.9537],[14.7823,41.9507],[14.7844,41.9518],[14.7815,41.9537]]]}},{"type":"Feature","properties":{"landuse":"farmland"},"geometry":{"type":"Polygon","coordinates":[[[14.7793,41.9539],[14.7771,41.9526],[14.7786,41.9515],[14.7793,41.9539]]]}},{"type":"Feature","properties":{"landuse":"farmland"},"geometry":{"type":"Polygon","coordinates":[[[14.7785,41.964],[14.7773,41.9627],[14.7794,41.963],[14.7785,41.964]]]}},{"type":"Feature","properties":{"landuse":"farmland"},"geometry":{"type":"Polygon","coordinates":[[[14.8659,42.0182],[14.8652,42.0155],[14.868,42.0146],[14.8659,42.0182]]]}},{"type":"Feature","properties":{"landuse":"farmland"},"geometry":{"type":"Polygon","coordinates":[[[14.7718,41.9675],[14.772,41.9697],[14.7709,41.966],[14.7747,41.9648],[14.7718,41.9675]]]}},{"type":"Feature","properties":{"landuse":"farmland"},"geometry":{"type":"Polygon","coordinates":[[[14.7812,41.9509],[14.7788,41.9513],[14.7832,41.9495],[14.7812,41.9509]]]}},{"type":"Feature","properties":{"landuse":"farmland"},"geometry":{"type":"Polygon","coordinates":[[[14.8096,42.0437],[14.8143,42.0412],[14.8168,42.0437],[14.8107,42.0468],[14.8096,42.0437]]]}},{"type":"Feature","properties":{"landuse":"farmland"},"geometry":{"type":"Polygon","coordinates":[[[14.8085,42.0504],[14.8149,42.0481],[14.8104,42.0525],[14.8085,42.0504]]]}},{"type":"Feature","properties":{"landuse":"farmland"},"geometry":{"type":"Polygon","coordinates":[[[14.8087,42.0534],[14.8069,42.0516],[14.8087,42.0506],[14.8087,42.0534]]]}},{"type":"Feature","properties":{"landuse":"farmland"},"geometry":{"type":"Polygon","coordinates":[[[14.8087,42.0534],[14.8033,42.0564],[14.8021,42.0542],[14.8057,42.051],[14.8087,42.0534]]]}},{"type":"Feature","properties":{"landuse":"farmland"},"geometry":{"type":"Polygon","coordinates":[[[14.8168,42.0437],[14.8149,42.0419],[14.8201,42.0417],[14.8168,42.0437]]]}},{"type":"Feature","properties":{"landuse":"farmland"},"geometry":{"type":"Polygon","coordinates":[[[14.8184,42.0427],[14.8175,42.0418],[14.8187,42.0412],[14.8195,42.0421],[14.8184,42.0427]]]}},{"type":"Feature","properties":{"landuse":"farmland"},"geometry":{"type":"Polygon","coordinates":[[[14.8184,42.0427],[14.8177,42.0431],[14.8168,42.0422],[14.8184,42.0427]]]}},{"type":"Feature","properties":{"landuse":"farmland"},"geometry":{"type":"Polygon","coordinates":[[[14.8168,42.0422],[14.8166,42.0393],[14.8194,42.0408],[14.8168,42.0422]]]}},{"type":"Feature","properties":{"landuse":"farmland"},"geometry":{"type":"Polygon","coordinates":[[[14.8006,42.0517],[14.8016,42.0478],[14.8078,42.0447],[14.81,42.047],[14.8006,42.0517]]]}},{"type":"Feature","properties":{"landuse":"farmland"},"geometry":{"type":"Polygon","coordinates":[[[14.8209,42.0454],[14.823,42.0454],[14.817,42.0479],[14.8209,42.0454]]]}},{"type":"Feature","properties":{"landuse":"farmland"},"geometry":{"type":"Polygon","coordinates":[[[14.817,42.0479],[14.8191,42.0469],[14.8176,42.0485],[14.817,42.0479]]]}},{"type":"Feature","properties":{"landuse":"farmland"},"geometry":{"type":"Polygon","coordinates":[[[14.8176,42.0485],[14.8159,42.0477],[14.8165,42.0473],[14.8176,42.0485]]]}},{"type":"Feature","properties":{"landuse":"farmland"},"geometry":{"type":"Polygon","coordinates":[[[14.8165,42.0491],[14.8153,42.0481],[14.8159,42.0477],[14.8165,42.0491]]]}},{"type":"Feature","properties":{"landuse":"farmland"},"geometry":{"type":"Polygon","coordinates":[[[14.8253,42.0432],[14.8266,42.0416],[14.8277,42.043],[14.8253,42.0432]]]}},{"type":"Feature","properties":{"landuse":"farmland"},"geometry":{"type":"Polygon","coordinates":[[[14.8232,42.0452],[14.8239,42.0429],[14.8253,42.0443],[14.8232,42.0452]]]}},{"type":"Feature","properties":{"landuse":"farmland"},"geometry":{"type":"Polygon","coordinates":[[[14.8007,42.0501],[14.8016,42.0478],[14.8029,42.0493],[14.8007,42.0501]]]}},{"type":"Feature","properties":{"landuse":"farmland"},"geometry":{"type":"Polygon","coordinates":[[[14.7979,42.0487],[14.7958,42.0473],[14.8015,42.0448],[14.7979,42.0487]]]}},{"type":"Feature","properties":{"landuse":"farmland"},"geometry":{"type":"Polygon","coordinates":[[[14.776,42.0655],[14.774,42.0634],[14.7774,42.0652],[14.776,42.0655]]]}},{"type":"Feature","properties":{"landuse":"farmland"},"geometry":{"type":"Polygon","coordinates":[[[14.7762,42.066],[14.7756,42.0663],[14.774,42.0649],[14.7762,42.066]]]}},{"type":"Feature","properties":{"landuse":"orchard"},"geometry":{"type":"Polygon","coordinates":[[[14.774,42.0649],[14.7739,42.0634],[14.7751,42.0642],[14.774,42.0649]]]}},{"type":"Feature","properties":{"landuse":"farmland"},"geometry":{"type":"Polygon","coordinates":[[[14.7801,42.062],[14.7789,42.0608],[14.7829,42.0587],[14.7801,42.062]]]}},{"type":"Feature","properties":{"landuse":"farmland"},"geometry":{"type":"Polygon","coordinates":[[[14.7856,42.0635],[14.7877,42.0619],[14.7879,42.0625],[14.7856,42.0635]]]}},{"type":"Feature","properties":{"landuse":"farmland"},"geometry":{"type":"Polygon","coordinates":[[[14.789,42.0627],[14.7886,42.0617],[14.7898,42.0625],[14.789,42.0627]]]}},{"type":"Feature","properties":{"landuse":"farmland"},"geometry":{"type":"Polygon","coordinates":[[[14.7866,42.0619],[14.784,42.0597],[14.7874,42.0616],[14.7866,42.0619]]]}},{"type":"Feature","properties":{"landuse":"farmland"},"geometry":{"type":"Polygon","coordinates":[[[14.7856,42.0624],[14.7833,42.0604],[14.784,42.0597],[14.7856,42.0624]]]}},{"type":"Feature","properties":{"landuse":"farmland"},"geometry":{"type":"Polygon","coordinates":[[[14.7834,42.0622],[14.7823,42.0611],[14.7826,42.0605],[14.7834,42.0622]]]}},{"type":"Feature","properties":{"landuse":"farmland"},"geometry":{"type":"Polygon","coordinates":[[[14.7729,42.0632],[14.7714,42.0601],[14.7731,42.0594],[14.7729,42.0632]]]}},{"type":"Feature","properties":{"landuse":"farmland"},"geometry":{"type":"Polygon","coordinates":[[[14.7737,42.06],[14.7754,42.058],[14.7765,42.0589],[14.7737,42.06]]]}},{"type":"Feature","properties":{"landuse":"farmland"},"geometry":{"type":"Polygon","coordinates":[[[14.7751,42.0621],[14.7765,42.0589],[14.7777,42.0605],[14.7751,42.0621]]]}},{"type":"Feature","properties":{"landuse":"farmland"},"geometry":{"type":"Polygon","coordinates":[[[14.7949,42.0474],[14.7942,42.0453],[14.7986,42.0452],[14.7949,42.0474]]]}},{"type":"Feature","properties":{"landuse":"farmland"},"geometry":{"type":"Polygon","coordinates":[[[14.7962,42.0494],[14.7947,42.0477],[14.7957,42.0473],[14.7962,42.0494]]]}},{"type":"Feature","properties":{"landuse":"farmland"},"geometry":{"type":"Polygon","coordinates":[[[14.7948,42.0501],[14.79,42.0497],[14.7951,42.0486],[14.7948,42.0501]]]}},{"type":"Feature","properties":{"landuse":"farmland"},"geometry":{"type":"Polygon","coordinates":[[[14.7944,42.0523],[14.7898,42.0498],[14.7971,42.0515],[14.7944,42.0523]]]}},{"type":"Feature","properties":{"landuse":"farmland"},"geometry":{"type":"Polygon","coordinates":[[[14.7953,42.0535],[14.7936,42.0532],[14.7969,42.0522],[14.7953,42.0535]]]}},{"type":"Feature","properties":{"landuse":"farmland"},"geometry":{"type":"Polygon","coordinates":[[[14.8053,42.0452],[14.8041,42.0426],[14.8065,42.0429],[14.8053,42.0452]]]}},{"type":"Feature","properties":{"landuse":"farmland"},"geometry":{"type":"Polygon","coordinates":[[[14.7879,42.0429],[14.7884,42.0393],[14.792,42.0402],[14.7879,42.0429]]]}},{"type":"Feature","properties":{"landuse":"farmland"},"geometry":{"type":"Polygon","coordinates":[[[14.8073,42.0565],[14.8086,42.0538],[14.8099,42.0555],[14.8073,42.0565]]]}},{"type":"Feature","properties":{"landuse":"farmland"},"geometry":{"type":"Polygon","coordinates":[[[14.8049,42.0577],[14.806,42.0552],[14.8073,42.0565],[14.8049,42.0577]]]}},{"type":"Feature","properties":{"landuse":"farmland"},"geometry":{"type":"Polygon","coordinates":[[[14.8039,42.0582],[14.7987,42.0611],[14.7979,42.0587],[14.8039,42.0582]]]}},{"type":"Feature","properties":{"landuse":"farmland"},"geometry":{"type":"Polygon","coordinates":[[[14.8118,42.054],[14.8105,42.0528],[14.8125,42.0516],[14.8118,42.054]]]}},{"type":"Feature","properties":{"landuse":"farmland"},"geometry":{"type":"Polygon","coordinates":[[[14.8138,42.0527],[14.8163,42.0495],[14.8179,42.0507],[14.8138,42.0527]]]}},{"type":"Feature","properties":{"landuse":"farmland"},"geometry":{"type":"Polygon","coordinates":[[[14.818,42.0506],[14.8166,42.0494],[14.823,42.048],[14.818,42.0506]]]}},{"type":"Feature","properties":{"landuse":"farmland"},"geometry":{"type":"Polygon","coordinates":[[[14.8219,42.0465],[14.8267,42.0461],[14.8231,42.0479],[14.8219,42.0465]]]}},{"type":"Feature","properties":{"landuse":"farmland"},"geometry":{"type":"Polygon","coordinates":[[[14.7892,42.0534],[14.7876,42.0514],[14.7883,42.0508],[14.7892,42.0534]]]}},{"type":"Feature","properties":{"landuse":"farmland"},"geometry":{"type":"Polygon","coordinates":[[[14.7805,42.0563],[14.7788,42.0544],[14.7814,42.0538],[14.7848,42.057],[14.7805,42.0563]]]}},{"type":"Feature","properties":{"landuse":"farmland"},"geometry":{"type":"Polygon","coordinates":[[[14.7814,42.0588],[14.7778,42.0599],[14.7771,42.0567],[14.7838,42.0577],[14.7814,42.0588]]]}},{"type":"Feature","properties":{"landuse":"farmland"},"geometry":{"type":"Polygon","coordinates":[[[14.7847,42.0548],[14.7839,42.0533],[14.7878,42.052],[14.7847,42.0548]]]}},{"type":"Feature","properties":{"landuse":"farmland"},"geometry":{"type":"Polygon","coordinates":[[[14.8018,42.0451],[14.7994,42.0439],[14.8034,42.0422],[14.8051,42.045],[14.8018,42.0451]]]}},{"type":"Feature","properties":{"landuse":"farmland"},"geometry":{"type":"Polygon","coordinates":[[[14.802,42.0452],[14.8033,42.0445],[14.8048,42.046],[14.802,42.0452]]]}},{"type":"Feature","properties":{"landuse":"farmland"},"geometry":{"type":"Polygon","coordinates":[[[14.8009,42.0479],[14.7999,42.0464],[14.802,42.0452],[14.8009,42.0479]]]}},{"type":"Feature","properties":{"landuse":"farmland"},"geometry":{"type":"Polygon","coordinates":[[[14.8065,42.0429],[14.8053,42.0418],[14.8062,42.0413],[14.8074,42.0424],[14.8065,42.0429]]]}},{"type":"Feature","properties":{"landuse":"farmland"},"geometry":{"type":"Polygon","coordinates":[[[14.8048,42.0421],[14.8036,42.0408],[14.8062,42.0413],[14.8048,42.0421]]]}},{"type":"Feature","properties":{"landuse":"farmland"},"geometry":{"type":"Polygon","coordinates":[[[14.8048,42.0421],[14.8023,42.0403],[14.8039,42.0396],[14.8048,42.0421]]]}},{"type":"Feature","properties":{"landuse":"farmland"},"geometry":{"type":"Polygon","coordinates":[[[14.8062,42.0413],[14.805,42.0401],[14.8089,42.0398],[14.8062,42.0413]]]}},{"type":"Feature","properties":{"landuse":"farmland"},"geometry":{"type":"Polygon","coordinates":[[[14.8042,42.0406],[14.8057,42.0384],[14.807,42.039],[14.8042,42.0406]]]}},{"type":"Feature","properties":{"landuse":"farmland"},"geometry":{"type":"Polygon","coordinates":[[[14.811,42.0422],[14.8082,42.0402],[14.8101,42.0393],[14.811,42.0422]]]}},{"type":"Feature","properties":{"landuse":"farmland"},"geometry":{"type":"Polygon","coordinates":[[[14.8147,42.0403],[14.8132,42.0387],[14.8168,42.037],[14.8147,42.0403]]]}},{"type":"Feature","properties":{"landuse":"farmland"},"geometry":{"type":"Polygon","coordinates":[[[14.8137,42.0414],[14.811,42.0384],[14.8149,42.0407],[14.8137,42.0414]]]}},{"type":"Feature","properties":{"landuse":"farmland"},"geometry":{"type":"Polygon","coordinates":[[[14.8128,42.0418],[14.811,42.04],[14.8136,42.0415],[14.8128,42.0418]]]}},{"type":"Feature","properties":{"landuse":"vineyard"},"geometry":{"type":"Polygon","coordinates":[[[14.8102,42.039],[14.8084,42.0376],[14.8107,42.0362],[14.8102,42.039]]]}},{"type":"Feature","properties":{"landuse":"farmland"},"geometry":{"type":"Polygon","coordinates":[[[14.8094,42.0396],[14.8075,42.0384],[14.8081,42.0376],[14.8094,42.0396]]]}},{"type":"Feature","properties":{"landuse":"farmland"},"geometry":{"type":"Polygon","coordinates":[[[14.7988,42.0447],[14.7974,42.0432],[14.7994,42.0435],[14.7988,42.0447]]]}},{"type":"Feature","properties":{"landuse":"farmland"},"geometry":{"type":"Polygon","coordinates":[[[14.7926,42.0448],[14.7937,42.0411],[14.796,42.0434],[14.7926,42.0448]]]}},{"type":"Feature","properties":{"landuse":"farmland"},"geometry":{"type":"Polygon","coordinates":[[[14.7897,42.0478],[14.7916,42.046],[14.7944,42.0457],[14.7897,42.0478]]]}},{"type":"Feature","properties":{"landuse":"farmland"},"geometry":{"type":"Polygon","coordinates":[[[14.776,41.9558],[14.7737,41.9545],[14.7781,41.9554],[14.776,41.9558]]]}},{"type":"Feature","properties":{"landuse":"farmland"},"geometry":{"type":"Polygon","coordinates":[[[14.7751,41.9565],[14.7737,41.9548],[14.776,41.9558],[14.7751,41.9565]]]}},{"type":"Feature","properties":{"landuse":"farmland"},"geometry":{"type":"Polygon","coordinates":[[[14.772,41.959],[14.7704,41.9588],[14.7705,41.9578],[14.772,41.959]]]}},{"type":"Feature","properties":{"landuse":"farmland"},"geometry":{"type":"Polygon","coordinates":[[[14.7828,41.9719],[14.7869,41.972],[14.7808,41.9737],[14.7828,41.9719]]]}},{"type":"Feature","properties":{"landuse":"farmland"},"geometry":{"type":"Polygon","coordinates":[[[14.7855,41.9762],[14.7873,41.974],[14.7895,41.975],[14.7855,41.9762]]]}},{"type":"Feature","properties":{"landuse":"farmland"},"geometry":{"type":"Polygon","coordinates":[[[14.7763,41.977],[14.7793,41.9757],[14.779,41.9771],[14.7763,41.977]]]}},{"type":"Feature","properties":{"landuse":"farmland"},"geometry":{"type":"Polygon","coordinates":[[[14.7754,41.9706],[14.7758,41.9696],[14.7777,41.9701],[14.7754,41.9706]]]}},{"type":"Feature","properties":{"landuse":"farmland"},"geometry":{"type":"Polygon","coordinates":[[[14.7756,41.9639],[14.7752,41.962],[14.7768,41.9615],[14.7756,41.9639]]]}},{"type":"Feature","properties":{"landuse":"orchard"},"geometry":{"type":"Polygon","coordinates":[[[14.8011,42.0441],[14.8003,42.0433],[14.8018,42.0434],[14.8011,42.0441]]]}},{"type":"Feature","properties":{"landuse":"orchard"},"geometry":{"type":"Polygon","coordinates":[[[14.8081,42.0444],[14.8073,42.0436],[14.8082,42.0431],[14.8081,42.0444]]]}},{"type":"Feature","properties":{"landuse":"orchard"},"geometry":{"type":"Polygon","coordinates":[[[14.8108,42.0398],[14.811,42.0386],[14.8117,42.0394],[14.8108,42.0398]]]}},{"type":"Feature","properties":{"landuse":"orchard"},"geometry":{"type":"Polygon","coordinates":[[[14.7841,41.9658],[14.7851,41.9653],[14.7854,41.9669],[14.7841,41.9658]]]}},{"type":"Feature","properties":{"landuse":"orchard"},"geometry":{"type":"Polygon","coordinates":[[[14.7876,41.9655],[14.789,41.9641],[14.7903,41.9662],[14.7876,41.9655]]]}},{"type":"Feature","properties":{"landuse":"orchard"},"geometry":{"type":"Polygon","coordinates":[[[14.7963,41.9689],[14.7965,41.9675],[14.7974,41.9688],[14.7963,41.9689]]]}},{"type":"Feature","properties":{"landuse":"vineyard"},"geometry":{"type":"Polygon","coordinates":[[[14.7942,41.9712],[14.7957,41.9699],[14.7959,41.9707],[14.7942,41.9712]]]}},{"type":"Feature","properties":{"landuse":"vineyard"},"geometry":{"type":"Polygon","coordinates":[[[14.7962,41.9712],[14.7974,41.9696],[14.7981,41.9708],[14.7962,41.9712]]]}},{"type":"Feature","properties":{"landuse":"vineyard"},"geometry":{"type":"Polygon","coordinates":[[[14.7961,41.9698],[14.7949,41.9692],[14.7974,41.9696],[14.7961,41.9698]]]}},{"type":"Feature","properties":{"landuse":"vineyard"},"geometry":{"type":"Polygon","coordinates":[[[14.7945,41.974],[14.794,41.9727],[14.7955,41.9738],[14.7945,41.974]]]}},{"type":"Feature","properties":{"landuse":"vineyard"},"geometry":{"type":"Polygon","coordinates":[[[14.7897,41.9716],[14.7883,41.9716],[14.7904,41.9703],[14.7897,41.9716]]]}},{"type":"Feature","properties":{"landuse":"orchard"},"geometry":{"type":"Polygon","coordinates":[[[14.7905,41.9701],[14.7898,41.9692],[14.7916,41.9691],[14.7905,41.9701]]]}},{"type":"Feature","properties":{"landuse":"orchard"},"geometry":{"type":"Polygon","coordinates":[[[14.7869,41.9677],[14.7858,41.9675],[14.7874,41.9659],[14.7869,41.9677]]]}},{"type":"Feature","properties":{"landuse":"farmland"},"geometry":{"type":"Polygon","coordinates":[[[14.7715,41.9656],[14.7725,41.964],[14.7769,41.9647],[14.7715,41.9656]]]}},{"type":"Feature","properties":{"landuse":"farmland"},"geometry":{"type":"Polygon","coordinates":[[[14.7728,41.9622],[14.7725,41.9611],[14.7747,41.9612],[14.7728,41.9622]]]}},{"type":"Feature","properties":{"landuse":"farmland"},"geometry":{"type":"Polygon","coordinates":[[[14.7709,41.9635],[14.7712,41.9616],[14.7727,41.9622],[14.7709,41.9635]]]}},{"type":"Feature","properties":{"landuse":"farmland"},"geometry":{"type":"Polygon","coordinates":[[[14.7698,41.9621],[14.7712,41.9611],[14.7708,41.9621],[14.7698,41.9621]]]}},{"type":"Feature","properties":{"landuse":"farmland"},"geometry":{"type":"Polygon","coordinates":[[[14.7708,41.9612],[14.7711,41.9591],[14.7723,41.9594],[14.7708,41.9612]]]}},{"type":"Feature","properties":{"landuse":"farmland"},"geometry":{"type":"Polygon","coordinates":[[[14.7706,41.9566],[14.7683,41.9544],[14.7721,41.9557],[14.7706,41.9566]]]}},{"type":"Feature","properties":{"landuse":"farmland"},"geometry":{"type":"Polygon","coordinates":[[[14.7825,41.9812],[14.7777,41.9817],[14.7793,41.9775],[14.7831,41.978],[14.7825,41.9812]]]}},{"type":"Feature","properties":{"landuse":"farmland"},"geometry":{"type":"Polygon","coordinates":[[[14.7841,41.9797],[14.788,41.9812],[14.7869,41.9842],[14.7829,41.9822],[14.7841,41.9797]]]}},{"type":"Feature","properties":{"landuse":"farmland"},"geometry":{"type":"Polygon","coordinates":[[[14.7901,41.9717],[14.7945,41.9715],[14.7911,41.9751],[14.7873,41.972],[14.7901,41.9717]]]}},{"type":"Feature","properties":{"landuse":"farmland"},"geometry":{"type":"Polygon","coordinates":[[[14.8325,42.0271],[14.8311,42.0225],[14.8339,42.0212],[14.8361,42.0262],[14.8325,42.0271]]]}},{"type":"Feature","properties":{"landuse":"green_public_spaces"},"geometry":{"type":"Polygon","coordinates":[[[14.7757,41.9649],[14.7784,41.9692],[14.7761,41.9765],[14.7674,41.9816],[14.7567,41.9807],[14.7411,41.9859],[14.7301,41.994],[14.7287,41.9981],[14.7321,41.9999],[14.7241,41.9999],[14.7253,41.9823],[14.7415,41.974],[14.7544,41.972],[14.7681,41.9639],[14.7757,41.9649]]]}},{"type":"Feature","properties":{"landuse":"green_public_spaces"},"geometry":{"type":"Polygon","coordinates":[[[14.7667,42.0181],[14.7854,42.0298],[14.7911,42.0469],[14.7998,42.0579],[14.8519,42.0332],[14.917,42.0165],[14.8544,42.0355],[14.7933,42.067],[14.7802,42.0704],[14.7755,42.0666],[14.7889,42.0611],[14.7818,42.056],[14.7862,42.051],[14.7768,42.0288],[14.763,42.0209],[14.7667,42.0181]]]}},{"type":"Feature","properties":{"landuse":"orchard"},"geometry":{"type":"Polygon","coordinates":[[[14.7577,41.9627],[14.7577,41.9607],[14.7592,41.9622],[14.7577,41.9627]]]}},{"type":"Feature","properties":{"landuse":"orchard"},"geometry":{"type":"Polygon","coordinates":[[[14.7592,41.9618],[14.7619,41.9608],[14.7592,41.9639],[14.7592,41.9618]]]}},{"type":"Feature","properties":{"landuse":"orchard"},"geometry":{"type":"Polygon","coordinates":[[[14.7581,41.9656],[14.7607,41.9631],[14.7632,41.9632],[14.7581,41.9656]]]}},{"type":"Feature","properties":{"landuse":"orchard"},"geometry":{"type":"Polygon","coordinates":[[[14.7615,41.9592],[14.7605,41.9577],[14.7627,41.9577],[14.7615,41.9592]]]}},{"type":"Feature","properties":{"landuse":"orchard"},"geometry":{"type":"Polygon","coordinates":[[[14.7641,41.9628],[14.7642,41.9603],[14.7672,41.962],[14.7641,41.9628]]]}},{"type":"Feature","properties":{"landuse":"orchard"},"geometry":{"type":"Polygon","coordinates":[[[14.7634,41.964],[14.7649,41.9625],[14.7655,41.964],[14.7634,41.964]]]}},{"type":"Feature","properties":{"landuse":"orchard"},"geometry":{"type":"Polygon","coordinates":[[[14.7576,41.9675],[14.7581,41.966],[14.7615,41.9665],[14.7576,41.9675]]]}},{"type":"Feature","properties":{"landuse":"farmland"},"geometry":{"type":"Polygon","coordinates":[[[14.7566,41.9636],[14.7554,41.9619],[14.759,41.9624],[14.7566,41.9636]]]}},{"type":"Feature","properties":{"landuse":"farmland"},"geometry":{"type":"Polygon","coordinates":[[[14.7431,41.9709],[14.7482,41.9694],[14.7549,41.9603],[14.7572,41.9612],[14.7541,41.964],[14.7579,41.9638],[14.756,41.9703],[14.7464,41.9735],[14.7431,41.9709]]]}},{"type":"Feature","properties":{"landuse":"farmland"},"geometry":{"type":"Polygon","coordinates":[[[14.7567,41.9599],[14.755,41.956],[14.7605,41.9568],[14.7567,41.9599]]]}},{"type":"Feature","properties":{"landuse":"farmland"},"geometry":{"type":"Polygon","coordinates":[[[14.7572,41.9612],[14.7555,41.9598],[14.7603,41.9589],[14.7572,41.9612]]]}},{"type":"Feature","properties":{"landuse":"farmland"},"geometry":{"type":"Polygon","coordinates":[[[14.7592,41.9616],[14.7582,41.9609],[14.7603,41.9592],[14.7592,41.9616]]]}},{"type":"Feature","properties":{"landuse":"farmland"},"geometry":{"type":"Polygon","coordinates":[[[14.7613,41.9712],[14.7618,41.9685],[14.7647,41.97],[14.7613,41.9712]]]}},{"type":"Feature","properties":{"landuse":"orchard"},"geometry":{"type":"Polygon","coordinates":[[[14.7586,41.9701],[14.7576,41.9685],[14.7606,41.9708],[14.7586,41.9701]]]}},{"type":"Feature","properties":{"landuse":"farmland"},"geometry":{"type":"Polygon","coordinates":[[[14.7609,41.9697],[14.7593,41.9683],[14.7612,41.9686],[14.7609,41.9697]]]}},{"type":"Feature","properties":{"landuse":"farmland"},"geometry":{"type":"Polygon","coordinates":[[[14.7615,41.9665],[14.7581,41.9657],[14.762,41.9651],[14.7615,41.9665]]]}},{"type":"Feature","properties":{"landuse":"orchard"},"geometry":{"type":"Polygon","coordinates":[[[14.7661,41.968],[14.7626,41.9674],[14.7654,41.9659],[14.7661,41.968]]]}},{"type":"Feature","properties":{"landuse":"farmland"},"geometry":{"type":"Polygon","coordinates":[[[14.7685,41.9639],[14.7675,41.9622],[14.7689,41.9616],[14.7685,41.9639]]]}},{"type":"Feature","properties":{"landuse":"farmland"},"geometry":{"type":"Polygon","coordinates":[[[14.7665,41.9643],[14.7648,41.9646],[14.7663,41.9622],[14.7665,41.9643]]]}},{"type":"Feature","properties":{"landuse":"farmland"},"geometry":{"type":"Polygon","coordinates":[[[14.7624,41.956],[14.7594,41.9555],[14.7652,41.9559],[14.7624,41.956]]]}},{"type":"Feature","properties":{"landuse":"farmland"},"geometry":{"type":"Polygon","coordinates":[[[14.7623,41.9566],[14.76,41.956],[14.7603,41.9554],[14.7623,41.9566]]]}},{"type":"Feature","properties":{"landuse":"farmland"},"geometry":{"type":"Polygon","coordinates":[[[14.7688,41.961],[14.7698,41.9594],[14.7702,41.9612],[14.7688,41.961]]]}},{"type":"Feature","properties":{"landuse":"farmland"},"geometry":{"type":"Polygon","coordinates":[[[14.7637,41.9599],[14.763,41.9584],[14.7643,41.959],[14.7637,41.9599]]]}},{"type":"Feature","properties":{"landuse":"farmland"},"geometry":{"type":"Polygon","coordinates":[[[14.7656,41.9548],[14.7641,41.9492],[14.7664,41.9505],[14.7656,41.9548]]]}},{"type":"Feature","properties":{"landuse":"orchard"},"geometry":{"type":"Polygon","coordinates":[[[14.7611,41.9502],[14.7586,41.9485],[14.7613,41.949],[14.7611,41.9502]]]}},{"type":"Feature","properties":{"landuse":"farmland"},"geometry":{"type":"Polygon","coordinates":[[[14.7572,41.9542],[14.7548,41.9516],[14.7583,41.9523],[14.7572,41.9542]]]}},{"type":"Feature","properties":{"landuse":"orchard"},"geometry":{"type":"Polygon","coordinates":[[[14.7678,41.966],[14.7662,41.9653],[14.7686,41.9645],[14.7678,41.966]]]}},{"type":"Feature","properties":{"landuse":"farmland"},"geometry":{"type":"Polygon","coordinates":[[[14.766,41.9673],[14.7664,41.9663],[14.7679,41.9671],[14.766,41.9673]]]}},{"type":"Feature","properties":{"landuse":"farmland"},"geometry":{"type":"Polygon","coordinates":[[[14.7651,41.9696],[14.7631,41.9686],[14.7664,41.9683],[14.7651,41.9696]]]}},{"type":"Feature","properties":{"landuse":"orchard"},"geometry":{"type":"Polygon","coordinates":[[[14.7632,41.9697],[14.762,41.9685],[14.7641,41.9692],[14.7632,41.9697]]]}},{"type":"Feature","properties":{"landuse":"farmland"},"geometry":{"type":"Polygon","coordinates":[[[14.7636,41.9658],[14.7654,41.9659],[14.7627,41.9672],[14.7636,41.9658]]]}},{"type":"Feature","properties":{"landuse":"orchard"},"geometry":{"type":"Polygon","coordinates":[[[14.7654,41.9659],[14.7641,41.9648],[14.7664,41.9643],[14.7654,41.9659]]]}},{"type":"Feature","properties":{"landuse":"farmland"},"geometry":{"type":"Polygon","coordinates":[[[14.7729,41.9527],[14.7723,41.9504],[14.7754,41.9518],[14.7729,41.9527]]]}},{"type":"Feature","properties":{"landuse":"farmland"},"geometry":{"type":"Polygon","coordinates":[[[14.7754,41.9518],[14.7738,41.9501],[14.7759,41.9495],[14.7754,41.9518]]]}},{"type":"Feature","properties":{"landuse":"farmland"},"geometry":{"type":"Polygon","coordinates":[[[14.7754,41.9518],[14.7763,41.9528],[14.7743,41.9529],[14.7754,41.9518]]]}},{"type":"Feature","properties":{"landuse":"farmland"},"geometry":{"type":"Polygon","coordinates":[[[14.7711,41.9524],[14.7745,41.9537],[14.7714,41.9551],[14.7711,41.9524]]]}},{"type":"Feature","properties":{"landuse":"farmland"},"geometry":{"type":"Polygon","coordinates":[[[14.7675,41.9513],[14.7682,41.9493],[14.7708,41.9489],[14.7675,41.9513]]]}},{"type":"Feature","properties":{"landuse":"farmland"},"geometry":{"type":"Polygon","coordinates":[[[14.7702,41.9521],[14.7712,41.9483],[14.7726,41.9497],[14.7702,41.9521]]]}},{"type":"Feature","properties":{"landuse":"farmland"},"geometry":{"type":"Polygon","coordinates":[[[14.7702,41.9521],[14.7681,41.9519],[14.77,41.951],[14.7702,41.9521]]]}},{"type":"Feature","properties":{"landuse":"farmland"},"geometry":{"type":"Polygon","coordinates":[[[14.7374,41.988],[14.7343,41.9875],[14.7348,41.9829],[14.7389,41.9858],[14.7374,41.988]]]}},{"type":"Feature","properties":{"landuse":"farmland"},"geometry":{"type":"Polygon","coordinates":[[[14.747,41.9788],[14.7513,41.9778],[14.7452,41.9805],[14.7412,41.976],[14.747,41.9788]]]}},{"type":"Feature","properties":{"landuse":"farmland"},"geometry":{"type":"Polygon","coordinates":[[[14.7339,41.9803],[14.741,41.976],[14.7428,41.9777],[14.7339,41.9803]]]}},{"type":"Feature","properties":{"landuse":"farmland"},"geometry":{"type":"Polygon","coordinates":[[[14.7358,41.9818],[14.7343,41.98],[14.7388,41.9796],[14.7358,41.9818]]]}},{"type":"Feature","properties":{"landuse":"farmland"},"geometry":{"type":"Polygon","coordinates":[[[14.7345,41.9831],[14.7339,41.9824],[14.7358,41.9818],[14.7345,41.9831]]]}},{"type":"Feature","properties":{"landuse":"farmland"},"geometry":{"type":"Polygon","coordinates":[[[14.7339,41.9824],[14.7329,41.9803],[14.735,41.9813],[14.7339,41.9824]]]}},{"type":"Feature","properties":{"landuse":"farmland"},"geometry":{"type":"Polygon","coordinates":[[[14.7328,41.9849],[14.7276,41.9842],[14.7335,41.9819],[14.7328,41.9849]]]}},{"type":"Feature","properties":{"landuse":"farmland"},"geometry":{"type":"Polygon","coordinates":[[[14.7458,41.9828],[14.7471,41.9817],[14.7486,41.9852],[14.7458,41.9828]]]}},{"type":"Feature","properties":{"landuse":"farmland"},"geometry":{"type":"Polygon","coordinates":[[[14.7457,41.9832],[14.7465,41.9851],[14.7432,41.9856],[14.7457,41.9832]]]}},{"type":"Feature","properties":{"landuse":"farmland"},"geometry":{"type":"Polygon","coordinates":[[[14.7318,41.9867],[14.7308,41.9866],[14.7332,41.9857],[14.7318,41.9867]]]}},{"type":"Feature","properties":{"landuse":"farmland"},"geometry":{"type":"Polygon","coordinates":[[[14.7329,41.9887],[14.7306,41.9877],[14.7334,41.9868],[14.7329,41.9887]]]}},{"type":"Feature","properties":{"landuse":"farmland"},"geometry":{"type":"Polygon","coordinates":[[[14.7402,41.98],[14.7425,41.9777],[14.7431,41.9803],[14.7402,41.98]]]}},{"type":"Feature","properties":{"landuse":"farmland"},"geometry":{"type":"Polygon","coordinates":[[[14.7381,41.9828],[14.7396,41.9803],[14.74,41.9827],[14.7381,41.9828]]]}},{"type":"Feature","properties":{"landuse":"farmland"},"geometry":{"type":"Polygon","coordinates":[[[14.7462,41.9752],[14.7442,41.9741],[14.7459,41.9737],[14.7462,41.9752]]]}},{"type":"Feature","properties":{"landuse":"farmland"},"geometry":{"type":"Polygon","coordinates":[[[14.7444,41.9749],[14.7393,41.9763],[14.7383,41.9753],[14.7444,41.9749]]]}},{"type":"Feature","properties":{"landuse":"orchard"},"geometry":{"type":"Polygon","coordinates":[[[14.7551,41.97],[14.7561,41.9685],[14.7574,41.969],[14.7551,41.97]]]}},{"type":"Feature","properties":{"landuse":"orchard"},"geometry":{"type":"Polygon","coordinates":[[[14.7548,41.9683],[14.7565,41.9667],[14.7561,41.9684],[14.7548,41.9683]]]}},{"type":"Feature","properties":{"landuse":"farmland"},"geometry":{"type":"Polygon","coordinates":[[[14.755,41.9757],[14.763,41.9743],[14.7558,41.9772],[14.755,41.9757]]]}},{"type":"Feature","properties":{"landuse":"farmland"},"geometry":{"type":"Polygon","coordinates":[[[14.7558,41.9773],[14.7579,41.9763],[14.764,41.9808],[14.7558,41.9773]]]}},{"type":"Feature","properties":{"landuse":"farmland"},"geometry":{"type":"Polygon","coordinates":[[[14.773,41.9767],[14.7678,41.9743],[14.774,41.9762],[14.773,41.9767]]]}},{"type":"Feature","properties":{"landuse":"farmland"},"geometry":{"type":"Polygon","coordinates":[[[14.7753,41.9771],[14.7707,41.9748],[14.7766,41.9738],[14.7753,41.9771]]]}},{"type":"Feature","properties":{"landuse":"farmland"},"geometry":{"type":"Polygon","coordinates":[[[14.7677,41.9744],[14.7656,41.9732],[14.7691,41.9728],[14.7677,41.9744]]]}},{"type":"Feature","properties":{"landuse":"farmland"},"geometry":{"type":"Polygon","coordinates":[[[14.7703,41.9735],[14.7733,41.9736],[14.7729,41.9743],[14.7703,41.9735]]]}},{"type":"Feature","properties":{"landuse":"farmland"},"geometry":{"type":"Polygon","coordinates":[[[14.7689,41.979],[14.7686,41.9752],[14.7709,41.9774],[14.7689,41.979]]]}},{"type":"Feature","properties":{"landuse":"farmland"},"geometry":{"type":"Polygon","coordinates":[[[14.7654,41.9732],[14.7679,41.9751],[14.7657,41.9782],[14.7628,41.9746],[14.7654,41.9732]]]}},{"type":"Feature","properties":{"landuse":"farmland"},"geometry":{"type":"Polygon","coordinates":[[[14.7636,41.9733],[14.7635,41.9714],[14.7657,41.9716],[14.7636,41.9733]]]}},{"type":"Feature","properties":{"landuse":"farmland"},"geometry":{"type":"Polygon","coordinates":[[[14.4362,41.5307],[14.4345,41.5274],[14.437,41.5257],[14.4362,41.5307]]]}},{"type":"Feature","properties":{"landuse":"farmland"},"geometry":{"type":"Polygon","coordinates":[[[14.4362,41.5301],[14.4312,41.5288],[14.4344,41.5325],[14.4288,41.5338],[14.4292,41.529],[14.4341,41.5272],[14.4362,41.5301]]]}},{"type":"Feature","properties":{"landuse":"farmland"},"geometry":{"type":"Polygon","coordinates":[[[14.4252,41.5298],[14.4291,41.529],[14.4298,41.5314],[14.4253,41.5335],[14.4252,41.5298]]]}},{"type":"Feature","properties":{"landuse":"farmland"},"geometry":{"type":"Polygon","coordinates":[[[14.4202,41.5334],[14.4178,41.532],[14.4207,41.5322],[14.4202,41.5334]]]}},{"type":"Feature","properties":{"landuse":"farmland"},"geometry":{"type":"Polygon","coordinates":[[[14.4178,41.5308],[14.424,41.5302],[14.4238,41.5326],[14.4178,41.5308]]]}},{"type":"Feature","properties":{"landuse":"farmland"},"geometry":{"type":"Polygon","coordinates":[[[14.4267,41.5392],[14.4237,41.5379],[14.4259,41.5336],[14.4327,41.5337],[14.4267,41.5392]]]}},{"type":"Feature","properties":{"landuse":"orchard"},"geometry":{"type":"Polygon","coordinates":[[[14.929,41.7993],[14.9313,41.7991],[14.9295,41.7983],[14.9324,41.7986],[14.929,41.7993]]]}},{"type":"Feature","properties":{"landuse":"orchard"},"geometry":{"type":"Polygon","coordinates":[[[14.9299,41.7978],[14.9291,41.8],[14.9275,41.7984],[14.9299,41.7978]]]}},{"type":"Feature","properties":{"landuse":"orchard"},"geometry":{"type":"Polygon","coordinates":[[[14.9293,41.803],[14.9308,41.8013],[14.9316,41.8033],[14.9293,41.803]]]}},{"type":"Feature","properties":{"landuse":"orchard"},"geometry":{"type":"Polygon","coordinates":[[[14.9306,41.8013],[14.9274,41.8036],[14.9291,41.8013],[14.9306,41.8013]]]}},{"type":"Feature","properties":{"landuse":"farmland"},"geometry":{"type":"Polygon","coordinates":[[[14.9105,41.8144],[14.9106,41.8097],[14.9122,41.8108],[14.9105,41.8144]]]}},{"type":"Feature","properties":{"landuse":"orchard"},"geometry":{"type":"Polygon","coordinates":[[[14.9259,41.8171],[14.9199,41.8144],[14.9228,41.8166],[14.9254,41.8144],[14.9259,41.8171]]]}},{"type":"Feature","properties":{"landuse":"orchard"},"geometry":{"type":"Polygon","coordinates":[[[14.9223,41.8143],[14.9248,41.8142],[14.9222,41.8157],[14.9223,41.8143]]]}},{"type":"Feature","properties":{"landuse":"farmland"},"geometry":{"type":"Polygon","coordinates":[[[14.9149,41.9279],[14.9141,41.9261],[14.9158,41.9273],[14.9149,41.9279]]]}},{"type":"Feature","properties":{"landuse":"farmland"},"geometry":{"type":"Polygon","coordinates":[[[14.9831,41.9971],[14.9821,41.9958],[14.9843,41.9959],[14.9831,41.9971]]]}},{"type":"Feature","properties":{"landuse":"orchard"},"geometry":{"type":"Polygon","coordinates":[[[14.7546,41.8683],[14.7572,41.8689],[14.7561,41.8696],[14.7546,41.8683]]]}},{"type":"Feature","properties":{"landuse":"orchard"},"geometry":{"type":"Polygon","coordinates":[[[14.7545,41.8695],[14.7529,41.8686],[14.7544,41.868],[14.7545,41.8695]]]}},{"type":"Feature","properties":{"landuse":"vineyard"},"geometry":{"type":"Polygon","coordinates":[[[14.6858,41.6102],[14.6877,41.6101],[14.6853,41.6112],[14.6858,41.6102]]]}},{"type":"Feature","properties":{"landuse":"orchard"},"geometry":{"type":"Polygon","coordinates":[[[14.7591,41.8653],[14.7608,41.8645],[14.7604,41.8659],[14.7591,41.8653]]]}},{"type":"Feature","properties":{"landuse":"orchard"},"geometry":{"type":"Polygon","coordinates":[[[14.7576,41.8674],[14.7596,41.8671],[14.7581,41.868],[14.7576,41.8674]]]}},{"type":"Feature","properties":{"landuse":"green_public_spaces"},"geometry":{"type":"Polygon","coordinates":[[[15.0273,41.9618],[15.0294,41.978],[15.0271,41.9755],[15.0273,41.9618]]]}},{"type":"Feature","properties":{"landuse":"farmland"},"geometry":{"type":"Polygon","coordinates":[[[14.6243,41.435],[14.6296,41.4347],[14.6263,41.4366],[14.6243,41.435]]]}},{"type":"Feature","properties":{"landuse":"farmland"},"geometry":{"type":"Polygon","coordinates":[[[14.6244,41.4332],[14.6282,41.4319],[14.6286,41.4341],[14.6244,41.4332]]]}},{"type":"Feature","properties":{"landuse":"orchard"},"geometry":{"type":"Polygon","coordinates":[[[14.063,41.4991],[14.0628,41.4974],[14.0645,41.4985],[14.063,41.4991]]]}},{"type":"Feature","properties":{"landuse":"farmland"},"geometry":{"type":"Polygon","coordinates":[[[14.6547,41.574],[14.6524,41.5706],[14.6553,41.5696],[14.6547,41.574]]]}},{"type":"Feature","properties":{"landuse":"orchard"},"geometry":{"type":"Polygon","coordinates":[[[14.9161,41.9171],[14.9175,41.9164],[14.9185,41.9174],[14.9161,41.9171]]]}},{"type":"Feature","properties":{"landuse":"farmland"},"geometry":{"type":"Polygon","coordinates":[[[14.9208,41.9107],[14.9187,41.9103],[14.92,41.9081],[14.9208,41.9107]]]}},{"type":"Feature","properties":{"landuse":"farmland"},"geometry":{"type":"Polygon","coordinates":[[[14.9181,41.9007],[14.9142,41.9043],[14.9143,41.9014],[14.9181,41.9007]]]}},{"type":"Feature","properties":{"landuse":"farmland"},"geometry":{"type":"Polygon","coordinates":[[[14.9081,41.898],[14.9118,41.903],[14.9098,41.9053],[14.9073,41.9049],[14.9081,41.898]]]}},{"type":"Feature","properties":{"landuse":"orchard"},"geometry":{"type":"Polygon","coordinates":[[[14.9191,41.9085],[14.9181,41.907],[14.9204,41.9075],[14.9191,41.9085]]]}},{"type":"Feature","properties":{"landuse":"orchard"},"geometry":{"type":"Polygon","coordinates":[[[14.9252,41.9073],[14.9225,41.906],[14.9251,41.9031],[14.9273,41.9042],[14.9252,41.9073]]]}},{"type":"Feature","properties":{"landuse":"orchard"},"geometry":{"type":"Polygon","coordinates":[[[14.9179,41.919],[14.9182,41.9177],[14.9194,41.9186],[14.9179,41.919]]]}},{"type":"Feature","properties":{"landuse":"orchard"},"geometry":{"type":"Polygon","coordinates":[[[14.9187,41.9213],[14.9198,41.9201],[14.9201,41.9222],[14.9187,41.9213]]]}},{"type":"Feature","properties":{"landuse":"orchard"},"geometry":{"type":"Polygon","coordinates":[[[14.9215,41.9228],[14.9206,41.9224],[14.922,41.9212],[14.9215,41.9228]]]}},{"type":"Feature","properties":{"landuse":"farmland"},"geometry":{"type":"Polygon","coordinates":[[[14.6798,41.597],[14.6812,41.5945],[14.6821,41.5959],[14.6798,41.597]]]}},{"type":"Feature","properties":{"landuse":"orchard"},"geometry":{"type":"Polygon","coordinates":[[[14.9161,41.9178],[14.9172,41.9177],[14.9172,41.919],[14.9161,41.9178]]]}},{"type":"Feature","properties":{"landuse":"orchard"},"geometry":{"type":"Polygon","coordinates":[[[14.9089,41.9124],[14.9104,41.912],[14.9109,41.9137],[14.9089,41.9124]]]}},{"type":"Feature","properties":{"landuse":"orchard"},"geometry":{"type":"Polygon","coordinates":[[[14.9276,41.9066],[14.9288,41.9056],[14.9287,41.9071],[14.9276,41.9066]]]}},{"type":"Feature","properties":{"landuse":"orchard"},"geometry":{"type":"Polygon","coordinates":[[[14.929,41.9044],[14.9281,41.9058],[14.9278,41.9044],[14.929,41.9044]]]}},{"type":"Feature","properties":{"landuse":"orchard"},"geometry":{"type":"Polygon","coordinates":[[[14.9296,41.9061],[14.9298,41.9049],[14.9312,41.9055],[14.9296,41.9061]]]}},{"type":"Feature","properties":{"landuse":"orchard"},"geometry":{"type":"Polygon","coordinates":[[[14.9299,41.9079],[14.9296,41.9066],[14.931,41.9068],[14.9299,41.9079]]]}},{"type":"Feature","properties":{"landuse":"farmland"},"geometry":{"type":"Polygon","coordinates":[[[14.9252,41.9075],[14.9265,41.9084],[14.9253,41.9093],[14.9252,41.9075]]]}},{"type":"Feature","properties":{"landuse":"orchard"},"geometry":{"type":"Polygon","coordinates":[[[14.9265,41.9087],[14.9273,41.9099],[14.9254,41.9105],[14.9265,41.9087]]]}},{"type":"Feature","properties":{"landuse":"farmland"},"geometry":{"type":"Polygon","coordinates":[[[14.927,41.9099],[14.9291,41.9093],[14.9286,41.9102],[14.927,41.9099]]]}},{"type":"Feature","properties":{"landuse":"farmland"},"geometry":{"type":"Polygon","coordinates":[[[14.9248,41.9095],[14.9244,41.9108],[14.923,41.9093],[14.9248,41.9095]]]}},{"type":"Feature","properties":{"landuse":"orchard"},"geometry":{"type":"Polygon","coordinates":[[[14.9239,41.9133],[14.9252,41.9111],[14.9256,41.9121],[14.9239,41.9133]]]}},{"type":"Feature","properties":{"landuse":"farmland"},"geometry":{"type":"Polygon","coordinates":[[[14.9247,41.9127],[14.9281,41.9123],[14.9288,41.9135],[14.9247,41.9127]]]}},{"type":"Feature","properties":{"landuse":"orchard"},"geometry":{"type":"Polygon","coordinates":[[[14.9293,41.9115],[14.9276,41.9106],[14.9288,41.9101],[14.9293,41.9115]]]}},{"type":"Feature","properties":{"landuse":"orchard"},"geometry":{"type":"Polygon","coordinates":[[[14.9261,41.925],[14.9241,41.9247],[14.9261,41.9237],[14.9261,41.925]]]}},{"type":"Feature","properties":{"landuse":"orchard"},"geometry":{"type":"Polygon","coordinates":[[[14.9208,41.9162],[14.9233,41.9148],[14.9222,41.9173],[14.9208,41.9162]]]}},{"type":"Feature","properties":{"landuse":"farmland"},"geometry":{"type":"Polygon","coordinates":[[[14.9288,41.917],[14.9277,41.916],[14.9286,41.915],[14.9288,41.917]]]}},{"type":"Feature","properties":{"landuse":"farmland"},"geometry":{"type":"Polygon","coordinates":[[[14.9307,41.9168],[14.9309,41.9179],[14.9281,41.9175],[14.9307,41.9168]]]}},{"type":"Feature","properties":{"landuse":"orchard"},"geometry":{"type":"Polygon","coordinates":[[[14.9226,41.9145],[14.9223,41.9134],[14.9241,41.9135],[14.9226,41.9145]]]}},{"type":"Feature","properties":{"landuse":"orchard"},"geometry":{"type":"Polygon","coordinates":[[[14.9261,41.9167],[14.9246,41.9175],[14.9235,41.9162],[14.9261,41.9167]]]}},{"type":"Feature","properties":{"landuse":"farmland"},"geometry":{"type":"Polygon","coordinates":[[[14.6777,41.5937],[14.6761,41.5919],[14.68,41.5892],[14.6777,41.5937]]]}},{"type":"Feature","properties":{"landuse":"orchard"},"geometry":{"type":"Polygon","coordinates":[[[14.9241,41.9148],[14.9266,41.9151],[14.926,41.916],[14.9241,41.9148]]]}},{"type":"Feature","properties":{"landuse":"orchard"},"geometry":{"type":"Polygon","coordinates":[[[14.927,41.916],[14.9276,41.9146],[14.9294,41.9148],[14.927,41.916]]]}},{"type":"Feature","properties":{"landuse":"farmland"},"geometry":{"type":"Polygon","coordinates":[[[14.6726,41.5384],[14.6665,41.5403],[14.6651,41.5374],[14.6675,41.5334],[14.6772,41.5325],[14.6726,41.5384]]]}},{"type":"Feature","properties":{"landuse":"farmland"},"geometry":{"type":"Polygon","coordinates":[[[14.669,41.5407],[14.6716,41.5393],[14.6704,41.5413],[14.669,41.5407]]]}},{"type":"Feature","properties":{"landuse":"orchard"},"geometry":{"type":"Polygon","coordinates":[[[14.9322,41.9141],[14.9336,41.913],[14.9327,41.9126],[14.9364,41.9116],[14.9322,41.9141]]]}},{"type":"Feature","properties":{"landuse":"farmland"},"geometry":{"type":"Polygon","coordinates":[[[14.936,41.9133],[14.937,41.9122],[14.938,41.913],[14.936,41.9133]]]}},{"type":"Feature","properties":{"landuse":"vineyard"},"geometry":{"type":"Polygon","coordinates":[[[14.938,41.913],[14.9399,41.9117],[14.9402,41.9127],[14.938,41.913]]]}},{"type":"Feature","properties":{"landuse":"orchard"},"geometry":{"type":"Polygon","coordinates":[[[14.9342,41.9155],[14.9326,41.9153],[14.9351,41.9144],[14.9342,41.9155]]]}},{"type":"Feature","properties":{"landuse":"farmland"},"geometry":{"type":"Polygon","coordinates":[[[14.9377,41.9122],[14.9398,41.9105],[14.9403,41.9117],[14.9377,41.9122]]]}},{"type":"Feature","properties":{"landuse":"farmland"},"geometry":{"type":"Polygon","coordinates":[[[14.9432,41.9123],[14.9461,41.9111],[14.9468,41.9117],[14.9432,41.9123]]]}},{"type":"Feature","properties":{"landuse":"farmland"},"geometry":{"type":"Polygon","coordinates":[[[14.945,41.9099],[14.9429,41.9121],[14.9401,41.9112],[14.945,41.9099]]]}},{"type":"Feature","properties":{"landuse":"farmland"},"geometry":{"type":"Polygon","coordinates":[[[14.9472,41.9118],[14.9457,41.9103],[14.9496,41.9109],[14.9472,41.9118]]]}},{"type":"Feature","properties":{"landuse":"orchard"},"geometry":{"type":"Polygon","coordinates":[[[14.9311,41.9126],[14.9294,41.9116],[14.9394,41.9096],[14.9311,41.9126]]]}},{"type":"Feature","properties":{"landuse":"orchard"},"geometry":{"type":"Polygon","coordinates":[[[14.9298,41.9087],[14.9309,41.9082],[14.9299,41.9102],[14.9298,41.9087]]]}},{"type":"Feature","properties":{"landuse":"farmland"},"geometry":{"type":"Polygon","coordinates":[[[14.9314,41.9081],[14.9323,41.9094],[14.9309,41.9098],[14.9314,41.9081]]]}},{"type":"Feature","properties":{"landuse":"farmland"},"geometry":{"type":"Polygon","coordinates":[[[14.9239,41.9102],[14.9246,41.9114],[14.9226,41.9102],[14.9239,41.9102]]]}},{"type":"Feature","properties":{"landuse":"orchard"},"geometry":{"type":"Polygon","coordinates":[[[14.9394,41.9094],[14.9384,41.9085],[14.9405,41.9093],[14.9394,41.9094]]]}},{"type":"Feature","properties":{"landuse":"orchard"},"geometry":{"type":"Polygon","coordinates":[[[14.9384,41.9076],[14.9422,41.9074],[14.9396,41.9083],[14.9384,41.9076]]]}},{"type":"Feature","properties":{"landuse":"orchard"},"geometry":{"type":"Polygon","coordinates":[[[14.9424,41.9083],[14.9409,41.9092],[14.9398,41.9084],[14.9424,41.9083]]]}},{"type":"Feature","properties":{"landuse":"farmland"},"geometry":{"type":"Polygon","coordinates":[[[14.9367,41.9085],[14.9379,41.9082],[14.9375,41.9093],[14.9367,41.9085]]]}},{"type":"Feature","properties":{"landuse":"vineyard"},"geometry":{"type":"Polygon","coordinates":[[[14.9405,41.9075],[14.9395,41.9053],[14.9418,41.9043],[14.9405,41.9075]]]}},{"type":"Feature","properties":{"landuse":"orchard"},"geometry":{"type":"Polygon","coordinates":[[[14.9389,41.9073],[14.9396,41.9059],[14.9398,41.9068],[14.9389,41.9073]]]}},{"type":"Feature","properties":{"landuse":"farmland"},"geometry":{"type":"Polygon","coordinates":[[[14.9374,41.9068],[14.9376,41.9057],[14.939,41.9049],[14.9374,41.9068]]]}},{"type":"Feature","properties":{"landuse":"farmland"},"geometry":{"type":"Polygon","coordinates":[[[14.9347,41.9073],[14.9352,41.904],[14.9368,41.9059],[14.9347,41.9073]]]}},{"type":"Feature","properties":{"landuse":"farmland"},"geometry":{"type":"Polygon","coordinates":[[[14.9379,41.9047],[14.9369,41.9059],[14.9352,41.9041],[14.9379,41.9047]]]}},{"type":"Feature","properties":{"landuse":"farmland"},"geometry":{"type":"Polygon","coordinates":[[[14.6804,41.5848],[14.6816,41.5851],[14.6811,41.5868],[14.6804,41.5848]]]}},{"type":"Feature","properties":{"landuse":"farmland"},"geometry":{"type":"Polygon","coordinates":[[[14.686,41.5852],[14.6876,41.5828],[14.6916,41.5823],[14.686,41.5852]]]}},{"type":"Feature","properties":{"landuse":"orchard"},"geometry":{"type":"Polygon","coordinates":[[[14.6902,41.5841],[14.6878,41.5837],[14.6906,41.5833],[14.6902,41.5841]]]}},{"type":"Feature","properties":{"landuse":"farmland"},"geometry":{"type":"Polygon","coordinates":[[[14.6861,41.5924],[14.6905,41.5924],[14.6873,41.5956],[14.6861,41.5924]]]}},{"type":"Feature","properties":{"landuse":"farmland"},"geometry":{"type":"Polygon","coordinates":[[[14.6778,41.587],[14.6806,41.5866],[14.679,41.5895],[14.6778,41.587]]]}},{"type":"Feature","properties":{"landuse":"farmland"},"geometry":{"type":"Polygon","coordinates":[[[14.6811,41.5893],[14.6802,41.5921],[14.679,41.5912],[14.6811,41.5893]]]}},{"type":"Feature","properties":{"landuse":"farmland"},"geometry":{"type":"Polygon","coordinates":[[[14.6815,41.5866],[14.6864,41.586],[14.6825,41.5887],[14.6815,41.5866]]]}},{"type":"Feature","properties":{"landuse":"farmland"},"geometry":{"type":"Polygon","coordinates":[[[14.6809,41.5915],[14.6828,41.5891],[14.683,41.5916],[14.6809,41.5915]]]}},{"type":"Feature","properties":{"landuse":"farmland"},"geometry":{"type":"Polygon","coordinates":[[[14.6849,41.5912],[14.6845,41.5899],[14.6874,41.5909],[14.6849,41.5912]]]}},{"type":"Feature","properties":{"landuse":"farmland"},"geometry":{"type":"Polygon","coordinates":[[[14.6827,41.5936],[14.6839,41.5913],[14.6857,41.5922],[14.6827,41.5936]]]}},{"type":"Feature","properties":{"landuse":"farmland"},"geometry":{"type":"Polygon","coordinates":[[[14.6786,41.5942],[14.6786,41.5961],[14.6802,41.595],[14.6787,41.5967],[14.6786,41.5942]]]}},{"type":"Feature","properties":{"landuse":"farmland"},"geometry":{"type":"Polygon","coordinates":[[[14.9333,41.9064],[14.9316,41.9064],[14.9324,41.9052],[14.9333,41.9064]]]}},{"type":"Feature","properties":{"landuse":"farmland"},"geometry":{"type":"Polygon","coordinates":[[[14.6836,41.5881],[14.6851,41.5872],[14.6843,41.589],[14.6836,41.5881]]]}},{"type":"Feature","properties":{"landuse":"farmland"},"geometry":{"type":"Polygon","coordinates":[[[14.6756,41.5748],[14.6787,41.5737],[14.6772,41.5753],[14.6756,41.5748]]]}},{"type":"Feature","properties":{"landuse":"farmland"},"geometry":{"type":"Polygon","coordinates":[[[14.6752,41.5773],[14.6783,41.5764],[14.679,41.5773],[14.6752,41.5773]]]}},{"type":"Feature","properties":{"landuse":"farmland"},"geometry":{"type":"Polygon","coordinates":[[[14.9499,41.9121],[14.9524,41.9118],[14.9459,41.9139],[14.9499,41.9121]]]}},{"type":"Feature","properties":{"landuse":"farmland"},"geometry":{"type":"Polygon","coordinates":[[[14.9462,41.9145],[14.9448,41.9148],[14.9441,41.9124],[14.9462,41.9145]]]}},{"type":"Feature","properties":{"landuse":"farmland"},"geometry":{"type":"Polygon","coordinates":[[[14.9445,41.9145],[14.94,41.9145],[14.9408,41.9128],[14.9445,41.9145]]]}},{"type":"Feature","properties":{"landuse":"farmland"},"geometry":{"type":"Polygon","coordinates":[[[14.6531,41.5779],[14.6557,41.5803],[14.6542,41.5808],[14.6531,41.5779]]]}},{"type":"Feature","properties":{"landuse":"farmland"},"geometry":{"type":"Polygon","coordinates":[[[14.655,41.5813],[14.6563,41.5805],[14.6571,41.5819],[14.655,41.5813]]]}},{"type":"Feature","properties":{"landuse":"farmland"},"geometry":{"type":"Polygon","coordinates":[[[14.657,41.58],[14.6585,41.5818],[14.6572,41.5817],[14.657,41.58]]]}},{"type":"Feature","properties":{"landuse":"orchard"},"geometry":{"type":"Polygon","coordinates":[[[14.9368,41.9138],[14.9381,41.9132],[14.9363,41.9144],[14.9368,41.9138]]]}},{"type":"Feature","properties":{"landuse":"orchard"},"geometry":{"type":"Polygon","coordinates":[[[14.9359,41.9157],[14.9346,41.9165],[14.9346,41.9149],[14.9359,41.9157]]]}},{"type":"Feature","properties":{"landuse":"farmland"},"geometry":{"type":"Polygon","coordinates":[[[14.9324,41.9161],[14.9329,41.9169],[14.9316,41.9171],[14.9324,41.9161]]]}},{"type":"Feature","properties":{"landuse":"orchard"},"geometry":{"type":"Polygon","coordinates":[[[14.9346,41.918],[14.9322,41.9195],[14.9308,41.9192],[14.9346,41.918]]]}},{"type":"Feature","properties":{"landuse":"farmland"},"geometry":{"type":"Polygon","coordinates":[[[14.9297,41.9183],[14.9289,41.9196],[14.9281,41.9179],[14.9297,41.9183]]]}},{"type":"Feature","properties":{"landuse":"farmland"},"geometry":{"type":"Polygon","coordinates":[[[14.9404,41.9166],[14.9382,41.9176],[14.9409,41.9158],[14.9404,41.9166]]]}},{"type":"Feature","properties":{"landuse":"orchard"},"geometry":{"type":"Polygon","coordinates":[[[14.9404,41.9166],[14.9389,41.9191],[14.9356,41.9193],[14.9404,41.9166]]]}},{"type":"Feature","properties":{"landuse":"farmland"},"geometry":{"type":"Polygon","coordinates":[[[14.9356,41.9176],[14.9358,41.9191],[14.932,41.9198],[14.9356,41.9176]]]}},{"type":"Feature","properties":{"landuse":"farmland"},"geometry":{"type":"Polygon","coordinates":[[[14.9319,41.9209],[14.9336,41.9206],[14.9348,41.9216],[14.9319,41.9209]]]}},{"type":"Feature","properties":{"landuse":"farmland"},"geometry":{"type":"Polygon","coordinates":[[[14.9453,41.9163],[14.9424,41.9156],[14.9464,41.9148],[14.9453,41.9163]]]}},{"type":"Feature","properties":{"landuse":"farmland"},"geometry":{"type":"Polygon","coordinates":[[[14.9449,41.9167],[14.9428,41.9158],[14.9446,41.9155],[14.9449,41.9167]]]}},{"type":"Feature","properties":{"landuse":"farmland"},"geometry":{"type":"Polygon","coordinates":[[[14.9453,41.9169],[14.9408,41.9168],[14.9423,41.9155],[14.9453,41.9169]]]}},{"type":"Feature","properties":{"landuse":"farmland"},"geometry":{"type":"Polygon","coordinates":[[[14.9403,41.918],[14.9405,41.9171],[14.9437,41.9184],[14.9403,41.918]]]}},{"type":"Feature","properties":{"landuse":"farmland"},"geometry":{"type":"Polygon","coordinates":[[[14.9417,41.919],[14.9436,41.9187],[14.9411,41.9223],[14.9417,41.919]]]}},{"type":"Feature","properties":{"landuse":"orchard"},"geometry":{"type":"Polygon","coordinates":[[[14.9331,41.9219],[14.9268,41.921],[14.9341,41.9196],[14.9331,41.9219]]]}},{"type":"Feature","properties":{"landuse":"orchard"},"geometry":{"type":"Polygon","coordinates":[[[14.9277,41.9203],[14.9256,41.9197],[14.929,41.9197],[14.9277,41.9203]]]}},{"type":"Feature","properties":{"landuse":"farmland"},"geometry":{"type":"Polygon","coordinates":[[[14.9258,41.9202],[14.9238,41.9191],[14.9259,41.9187],[14.9258,41.9202]]]}},{"type":"Feature","properties":{"landuse":"orchard"},"geometry":{"type":"Polygon","coordinates":[[[14.9235,41.9209],[14.9236,41.9201],[14.9265,41.9207],[14.9235,41.9209]]]}},{"type":"Feature","properties":{"landuse":"orchard"},"geometry":{"type":"Polygon","coordinates":[[[14.922,41.9198],[14.9233,41.9208],[14.9224,41.9211],[14.922,41.9198]]]}},{"type":"Feature","properties":{"landuse":"farmland"},"geometry":{"type":"Polygon","coordinates":[[[14.9356,41.9022],[14.9368,41.9005],[14.9376,41.9024],[14.9356,41.9022]]]}},{"type":"Feature","properties":{"landuse":"farmland"},"geometry":{"type":"Polygon","coordinates":[[[14.935,41.9014],[14.9364,41.8994],[14.9364,41.9019],[14.9367,41.8998],[14.935,41.9014]]]}},{"type":"Feature","properties":{"landuse":"farmland"},"geometry":{"type":"Polygon","coordinates":[[[14.6904,41.5725],[14.6884,41.5709],[14.6935,41.572],[14.692,41.5747],[14.6904,41.5725]]]}},{"type":"Feature","properties":{"landuse":"orchard"},"geometry":{"type":"Polygon","coordinates":[[[14.6821,41.5728],[14.6807,41.5744],[14.6796,41.5733],[14.6821,41.5728]]]}},{"type":"Feature","properties":{"landuse":"farmland"},"geometry":{"type":"Polygon","coordinates":[[[14.6915,41.5603],[14.6886,41.5604],[14.6868,41.5587],[14.6915,41.5603]]]}},{"type":"Feature","properties":{"landuse":"farmland"},"geometry":{"type":"Polygon","coordinates":[[[14.6824,41.5516],[14.6841,41.5515],[14.6853,41.5525],[14.6824,41.5516]]]}},{"type":"Feature","properties":{"landuse":"farmland"},"geometry":{"type":"Polygon","coordinates":[[[14.9329,41.9002],[14.9355,41.8991],[14.9338,41.9006],[14.9329,41.9002]]]}},{"type":"Feature","properties":{"landuse":"farmland"},"geometry":{"type":"Polygon","coordinates":[[[14.935,41.8989],[14.9332,41.8999],[14.9346,41.8986],[14.935,41.8989]]]}},{"type":"Feature","properties":{"landuse":"farmland"},"geometry":{"type":"Polygon","coordinates":[[[14.9329,41.9002],[14.9309,41.8996],[14.9349,41.8981],[14.9329,41.9002]]]}},{"type":"Feature","properties":{"landuse":"farmland"},"geometry":{"type":"Polygon","coordinates":[[[14.9368,41.8992],[14.9347,41.8986],[14.9377,41.896],[14.9368,41.8992]]]}},{"type":"Feature","properties":{"landuse":"farmland"},"geometry":{"type":"Polygon","coordinates":[[[14.9296,41.9033],[14.9267,41.9021],[14.9311,41.9005],[14.9296,41.9033]]]}},{"type":"Feature","properties":{"landuse":"farmland"},"geometry":{"type":"Polygon","coordinates":[[[14.9231,41.9006],[14.9246,41.8995],[14.9243,41.9009],[14.9231,41.9006]]]}},{"type":"Feature","properties":{"landuse":"farmland"},"geometry":{"type":"Polygon","coordinates":[[[14.9195,41.907],[14.9171,41.905],[14.9211,41.9063],[14.9195,41.907]]]}},{"type":"Feature","properties":{"landuse":"farmland"},"geometry":{"type":"Polygon","coordinates":[[[14.9211,41.9063],[14.9203,41.9057],[14.9212,41.9052],[14.9211,41.9063]]]}},{"type":"Feature","properties":{"landuse":"farmland"},"geometry":{"type":"Polygon","coordinates":[[[14.9278,41.9249],[14.933,41.9228],[14.9316,41.9263],[14.9278,41.9249]]]}},{"type":"Feature","properties":{"landuse":"farmland"},"geometry":{"type":"Polygon","coordinates":[[[14.9353,41.926],[14.9327,41.9254],[14.9347,41.9219],[14.9369,41.9229],[14.9353,41.926]]]}},{"type":"Feature","properties":{"landuse":"farmland"},"geometry":{"type":"Polygon","coordinates":[[[14.9301,41.9273],[14.9289,41.9261],[14.9314,41.9263],[14.9301,41.9273]]]}},{"type":"Feature","properties":{"landuse":"farmland"},"geometry":{"type":"Polygon","coordinates":[[[14.9314,41.9277],[14.9348,41.926],[14.9356,41.9284],[14.9314,41.9277]]]}},{"type":"Feature","properties":{"landuse":"farmland"},"geometry":{"type":"Polygon","coordinates":[[[14.9409,41.9244],[14.9357,41.9261],[14.9384,41.9229],[14.9409,41.9244]]]}},{"type":"Feature","properties":{"landuse":"farmland"},"geometry":{"type":"Polygon","coordinates":[[[14.9223,41.9261],[14.9214,41.9254],[14.9239,41.9248],[14.9223,41.9261]]]}},{"type":"Feature","properties":{"landuse":"farmland"},"geometry":{"type":"Polygon","coordinates":[[[14.7025,41.5857],[14.701,41.5872],[14.6991,41.5858],[14.7025,41.5857]]]}},{"type":"Feature","properties":{"landuse":"farmland"},"geometry":{"type":"Polygon","coordinates":[[[14.9261,41.8969],[14.9263,41.8943],[14.9312,41.8986],[14.9261,41.8969]]]}},{"type":"Feature","properties":{"landuse":"orchard"},"geometry":{"type":"Polygon","coordinates":[[[14.9224,41.9236],[14.9221,41.9249],[14.9211,41.9245],[14.9224,41.9236]]]}},{"type":"Feature","properties":{"landuse":"farmland"},"geometry":{"type":"Polygon","coordinates":[[[14.9298,41.9304],[14.9264,41.9297],[14.9297,41.9294],[14.9298,41.9304]]]}},{"type":"Feature","properties":{"landuse":"orchard"},"geometry":{"type":"Polygon","coordinates":[[[14.9298,41.9292],[14.928,41.9283],[14.9305,41.9284],[14.9298,41.9292]]]}},{"type":"Feature","properties":{"landuse":"farmland"},"geometry":{"type":"Polygon","coordinates":[[[14.9375,41.9218],[14.9359,41.9216],[14.9374,41.9205],[14.9375,41.9218]]]}},{"type":"Feature","properties":{"landuse":"farmland"},"geometry":{"type":"Polygon","coordinates":[[[14.9286,41.9274],[14.9284,41.9262],[14.9301,41.9273],[14.9286,41.9274]]]}},{"type":"Feature","properties":{"landuse":"orchard"},"geometry":{"type":"Polygon","coordinates":[[[14.9341,41.9299],[14.933,41.9293],[14.9348,41.9293],[14.9341,41.9299]]]}},{"type":"Feature","properties":{"landuse":"farmland"},"geometry":{"type":"Polygon","coordinates":[[[14.9328,41.9305],[14.9324,41.9329],[14.9299,41.9301],[14.9328,41.9305]]]}},{"type":"Feature","properties":{"landuse":"orchard"},"geometry":{"type":"Polygon","coordinates":[[[14.9345,41.9312],[14.9322,41.9305],[14.934,41.9302],[14.9345,41.9312]]]}},{"type":"Feature","properties":{"landuse":"farmland"},"geometry":{"type":"Polygon","coordinates":[[[14.9348,41.9299],[14.935,41.9314],[14.9335,41.9313],[14.9348,41.9299]]]}},{"type":"Feature","properties":{"landuse":"farmland"},"geometry":{"type":"Polygon","coordinates":[[[14.9316,41.9325],[14.9341,41.9341],[14.9312,41.9346],[14.9316,41.9325]]]}},{"type":"Feature","properties":{"landuse":"farmland"},"geometry":{"type":"Polygon","coordinates":[[[14.9363,41.934],[14.9343,41.934],[14.9347,41.9328],[14.9363,41.934]]]}},{"type":"Feature","properties":{"landuse":"farmland"},"geometry":{"type":"Polygon","coordinates":[[[14.9358,41.9334],[14.9347,41.9328],[14.9367,41.9324],[14.9358,41.9334]]]}},{"type":"Feature","properties":{"landuse":"farmland"},"geometry":{"type":"Polygon","coordinates":[[[14.9369,41.9323],[14.9357,41.9305],[14.9382,41.9309],[14.9369,41.9323]]]}},{"type":"Feature","properties":{"landuse":"farmland"},"geometry":{"type":"Polygon","coordinates":[[[14.9387,41.9306],[14.9358,41.9287],[14.9396,41.9292],[14.9387,41.9306]]]}},{"type":"Feature","properties":{"landuse":"orchard"},"geometry":{"type":"Polygon","coordinates":[[[14.9357,41.9275],[14.9361,41.9264],[14.938,41.9273],[14.9357,41.9275]]]}},{"type":"Feature","properties":{"landuse":"farmland"},"geometry":{"type":"Polygon","coordinates":[[[14.9429,41.9243],[14.9403,41.923],[14.9416,41.9229],[14.9429,41.9243]]]}},{"type":"Feature","properties":{"landuse":"farmland"},"geometry":{"type":"Polygon","coordinates":[[[14.9458,41.9232],[14.9435,41.9242],[14.942,41.9219],[14.9458,41.9232]]]}},{"type":"Feature","properties":{"landuse":"orchard"},"geometry":{"type":"Polygon","coordinates":[[[14.9437,41.9232],[14.9427,41.9221],[14.9447,41.9224],[14.9437,41.9232]]]}},{"type":"Feature","properties":{"landuse":"farmland"},"geometry":{"type":"Polygon","coordinates":[[[14.947,41.9197],[14.9491,41.9214],[14.9433,41.9214],[14.947,41.9197]]]}},{"type":"Feature","properties":{"landuse":"farmland"},"geometry":{"type":"Polygon","coordinates":[[[14.9484,41.9191],[14.9525,41.9197],[14.9495,41.921],[14.9484,41.9191]]]}},{"type":"Feature","properties":{"landuse":"orchard"},"geometry":{"type":"Polygon","coordinates":[[[14.9517,41.9191],[14.9494,41.9187],[14.9502,41.9179],[14.9517,41.9191]]]}},{"type":"Feature","properties":{"landuse":"farmland"},"geometry":{"type":"Polygon","coordinates":[[[14.9468,41.9197],[14.9448,41.9207],[14.9437,41.9189],[14.9468,41.9197]]]}},{"type":"Feature","properties":{"landuse":"farmland"},"geometry":{"type":"Polygon","coordinates":[[[14.9447,41.9184],[14.949,41.9188],[14.9473,41.9194],[14.9447,41.9184]]]}},{"type":"Feature","properties":{"landuse":"farmland"},"geometry":{"type":"Polygon","coordinates":[[[14.9502,41.9179],[14.9477,41.9181],[14.9489,41.917],[14.9502,41.9179]]]}},{"type":"Feature","properties":{"landuse":"vineyard"},"geometry":{"type":"Polygon","coordinates":[[[14.9513,41.9163],[14.9497,41.9174],[14.9492,41.917],[14.9508,41.9159],[14.9513,41.9163]]]}},{"type":"Feature","properties":{"landuse":"farmland"},"geometry":{"type":"Polygon","coordinates":[[[14.9579,41.9167],[14.9556,41.916],[14.961,41.9162],[14.9579,41.9167]]]}},{"type":"Feature","properties":{"landuse":"farmland"},"geometry":{"type":"Polygon","coordinates":[[[14.9547,41.9166],[14.9536,41.9157],[14.9552,41.9162],[14.9547,41.9166]]]}},{"type":"Feature","properties":{"landuse":"farmland"},"geometry":{"type":"Polygon","coordinates":[[[14.9308,41.9347],[14.9327,41.9353],[14.9324,41.9359],[14.9308,41.9347]]]}},{"type":"Feature","properties":{"landuse":"orchard"},"geometry":{"type":"Polygon","coordinates":[[[14.9305,41.9373],[14.9293,41.9375],[14.93,41.9355],[14.9305,41.9373]]]}},{"type":"Feature","properties":{"landuse":"farmland"},"geometry":{"type":"Polygon","coordinates":[[[14.9275,41.9372],[14.9293,41.9363],[14.9286,41.9381],[14.9275,41.9372]]]}},{"type":"Feature","properties":{"landuse":"farmland"},"geometry":{"type":"Polygon","coordinates":[[[14.9289,41.9383],[14.9247,41.9379],[14.9277,41.9361],[14.9264,41.9379],[14.9289,41.9383]]]}},{"type":"Feature","properties":{"landuse":"orchard"},"geometry":{"type":"Polygon","coordinates":[[[14.9285,41.9347],[14.9276,41.9361],[14.9275,41.9335],[14.9305,41.9342],[14.9285,41.9347]]]}},{"type":"Feature","properties":{"landuse":"farmland"},"geometry":{"type":"Polygon","coordinates":[[[14.9263,41.9332],[14.9277,41.9356],[14.9256,41.9367],[14.9263,41.9332]]]}},{"type":"Feature","properties":{"landuse":"orchard"},"geometry":{"type":"Polygon","coordinates":[[[14.9298,41.932],[14.9298,41.9335],[14.9278,41.9332],[14.9298,41.932]]]}},{"type":"Feature","properties":{"landuse":"green_public_spaces"},"geometry":{"type":"Polygon","coordinates":[[[14.6691,41.5786],[14.6671,41.5795],[14.6671,41.5762],[14.6691,41.5786]]]}},{"type":"Feature","properties":{"landuse":"farmland"},"geometry":{"type":"Polygon","coordinates":[[[14.667,41.5794],[14.6646,41.5818],[14.6622,41.5803],[14.667,41.5794]]]}},{"type":"Feature","properties":{"landuse":"green_public_spaces"},"geometry":{"type":"Polygon","coordinates":[[[14.6645,41.5813],[14.665,41.5791],[14.6667,41.5807],[14.6645,41.5813]]]}},{"type":"Feature","properties":{"landuse":"farmland"},"geometry":{"type":"Polygon","coordinates":[[[14.6378,41.5662],[14.6364,41.5666],[14.6371,41.565],[14.6378,41.5662]]]}},{"type":"Feature","properties":{"landuse":"farmland"},"geometry":{"type":"Polygon","coordinates":[[[14.6281,41.5707],[14.6287,41.5691],[14.629,41.5711],[14.6281,41.5707]]]}},{"type":"Feature","properties":{"landuse":"farmland"},"geometry":{"type":"Polygon","coordinates":[[[14.7194,41.5553],[14.7213,41.5541],[14.7223,41.5555],[14.7194,41.5553]]]}},{"type":"Feature","properties":{"landuse":"orchard"},"geometry":{"type":"Polygon","coordinates":[[[14.9199,41.9187],[14.9237,41.9182],[14.9215,41.9199],[14.9199,41.9187]]]}},{"type":"Feature","properties":{"landuse":"green_public_spaces"},"geometry":{"type":"Polygon","coordinates":[[[14.6445,41.5703],[14.6439,41.5739],[14.6412,41.5729],[14.6445,41.5703]]]}},{"type":"Feature","properties":{"landuse":"green_public_spaces"},"geometry":{"type":"Polygon","coordinates":[[[14.6411,41.5705],[14.6439,41.5708],[14.6415,41.5719],[14.6411,41.5705]]]}},{"type":"Feature","properties":{"landuse":"farmland"},"geometry":{"type":"Polygon","coordinates":[[[14.6421,41.5697],[14.644,41.5707],[14.6414,41.571],[14.6421,41.5697]]]}},{"type":"Feature","properties":{"landuse":"farmland"},"geometry":{"type":"Polygon","coordinates":[[[14.6463,41.5671],[14.6453,41.5695],[14.6437,41.5689],[14.6463,41.5671]]]}},{"type":"Feature","properties":{"landuse":"green_public_spaces"},"geometry":{"type":"Polygon","coordinates":[[[14.6394,41.5745],[14.6375,41.5742],[14.6389,41.5722],[14.6394,41.5745]]]}},{"type":"Feature","properties":{"landuse":"green_public_spaces"},"geometry":{"type":"Polygon","coordinates":[[[14.6392,41.5749],[14.6387,41.5761],[14.6372,41.5758],[14.6392,41.5749]]]}},{"type":"Feature","properties":{"landuse":"farmland"},"geometry":{"type":"Polygon","coordinates":[[[14.6368,41.5746],[14.6382,41.5713],[14.6414,41.5726],[14.6376,41.5739],[14.6372,41.5774],[14.6368,41.5746]]]}},{"type":"Feature","properties":{"landuse":"green_public_spaces"},"geometry":{"type":"Polygon","coordinates":[[[14.641,41.5769],[14.6401,41.5753],[14.6422,41.5756],[14.641,41.5769]]]}},{"type":"Feature","properties":{"landuse":"farmland"},"geometry":{"type":"Polygon","coordinates":[[[14.6399,41.5757],[14.6405,41.5737],[14.6433,41.5743],[14.6399,41.5757]]]}},{"type":"Feature","properties":{"landuse":"farmland"},"geometry":{"type":"Polygon","coordinates":[[[14.6417,41.5765],[14.6446,41.5734],[14.6422,41.5796],[14.6391,41.5791],[14.6417,41.5765]]]}},{"type":"Feature","properties":{"landuse":"green_public_spaces"},"geometry":{"type":"Polygon","coordinates":[[[14.6607,41.5708],[14.6585,41.5675],[14.6615,41.5679],[14.6607,41.5708]]]}},{"type":"Feature","properties":{"landuse":"green_public_spaces"},"geometry":{"type":"Polygon","coordinates":[[[14.6593,41.5689],[14.6575,41.5718],[14.6535,41.569],[14.6593,41.5689]]]}},{"type":"Feature","properties":{"landuse":"green_public_spaces"},"geometry":{"type":"Polygon","coordinates":[[[14.6523,41.5714],[14.65,41.5701],[14.6515,41.5691],[14.6523,41.5714]]]}},{"type":"Feature","properties":{"landuse":"orchard"},"geometry":{"type":"Polygon","coordinates":[[[14.6572,41.5718],[14.6589,41.5722],[14.6588,41.5732],[14.6572,41.5718]]]}},{"type":"Feature","properties":{"landuse":"farmland"},"geometry":{"type":"Polygon","coordinates":[[[14.659,41.5727],[14.6569,41.5706],[14.663,41.5689],[14.659,41.5727]]]}},{"type":"Feature","properties":{"landuse":"farmland"},"geometry":{"type":"Polygon","coordinates":[[[14.6642,41.5714],[14.6616,41.5711],[14.6637,41.5697],[14.6642,41.5714]]]}},{"type":"Feature","properties":{"landuse":"orchard"},"geometry":{"type":"Polygon","coordinates":[[[14.6616,41.5726],[14.6612,41.5713],[14.6632,41.5725],[14.6616,41.5726]]]}},{"type":"Feature","properties":{"landuse":"green_public_spaces"},"geometry":{"type":"Polygon","coordinates":[[[14.6622,41.574],[14.6631,41.5726],[14.6636,41.5736],[14.6622,41.574]]]}},{"type":"Feature","properties":{"landuse":"green_public_spaces"},"geometry":{"type":"Polygon","coordinates":[[[14.6654,41.5758],[14.6631,41.5719],[14.6656,41.5723],[14.6654,41.5758]]]}},{"type":"Feature","properties":{"landuse":"green_public_spaces"},"geometry":{"type":"Polygon","coordinates":[[[14.6638,41.576],[14.6623,41.5743],[14.6641,41.5748],[14.6638,41.576]]]}},{"type":"Feature","properties":{"landuse":"green_public_spaces"},"geometry":{"type":"Polygon","coordinates":[[[14.6633,41.5783],[14.6614,41.5772],[14.6627,41.576],[14.6633,41.5783]]]}},{"type":"Feature","properties":{"landuse":"farmland"},"geometry":{"type":"Polygon","coordinates":[[[14.9247,41.9377],[14.9211,41.9388],[14.9236,41.9333],[14.9247,41.9377]]]}},{"type":"Feature","properties":{"landuse":"orchard"},"geometry":{"type":"Polygon","coordinates":[[[14.9255,41.9351],[14.9246,41.9334],[14.9261,41.9331],[14.9255,41.9351]]]}},{"type":"Feature","properties":{"landuse":"green_public_spaces"},"geometry":{"type":"Polygon","coordinates":[[[14.6691,41.5762],[14.6709,41.5767],[14.6694,41.5773],[14.6691,41.5762]]]}},{"type":"Feature","properties":{"landuse":"farmland"},"geometry":{"type":"Polygon","coordinates":[[[14.6679,41.5767],[14.6685,41.576],[14.6719,41.5779],[14.6679,41.5767]]]}},{"type":"Feature","properties":{"landuse":"green_public_spaces"},"geometry":{"type":"Polygon","coordinates":[[[14.672,41.5753],[14.6697,41.5748],[14.6729,41.5736],[14.672,41.5753]]]}},{"type":"Feature","properties":{"landuse":"green_public_spaces"},"geometry":{"type":"Polygon","coordinates":[[[14.6664,41.5657],[14.6648,41.5659],[14.6644,41.5648],[14.6664,41.5657]]]}},{"type":"Feature","properties":{"landuse":"green_public_spaces"},"geometry":{"type":"Polygon","coordinates":[[[14.6665,41.5681],[14.6651,41.5668],[14.668,41.5675],[14.6665,41.5681]]]}},{"type":"Feature","properties":{"landuse":"green_public_spaces"},"geometry":{"type":"Polygon","coordinates":[[[14.673,41.5734],[14.6701,41.5712],[14.672,41.5714],[14.673,41.5734]]]}},{"type":"Feature","properties":{"landuse":"farmland"},"geometry":{"type":"Polygon","coordinates":[[[14.6666,41.5745],[14.6652,41.5717],[14.667,41.5712],[14.6666,41.5745]]]}},{"type":"Feature","properties":{"landuse":"green_public_spaces"},"geometry":{"type":"Polygon","coordinates":[[[14.6648,41.5712],[14.6636,41.5663],[14.6695,41.571],[14.6648,41.5712]]]}},{"type":"Feature","properties":{"landuse":"green_public_spaces"},"geometry":{"type":"Polygon","coordinates":[[[14.6476,41.5597],[14.6489,41.5587],[14.6489,41.5597],[14.6476,41.5597]]]}},{"type":"Feature","properties":{"landuse":"farmland"},"geometry":{"type":"Polygon","coordinates":[[[14.055,41.4838],[14.057,41.4844],[14.0559,41.4848],[14.055,41.4838]]]}},{"type":"Feature","properties":{"landuse":"farmland"},"geometry":{"type":"Polygon","coordinates":[[[14.0564,41.4847],[14.0572,41.4844],[14.0583,41.4857],[14.0564,41.4847]]]}},{"type":"Feature","properties":{"landuse":"green_public_spaces"},"geometry":{"type":"Polygon","coordinates":[[[14.6519,41.549],[14.6506,41.5479],[14.6523,41.5483],[14.6519,41.549]]]}},{"type":"Feature","properties":{"landuse":"farmland"},"geometry":{"type":"Polygon","coordinates":[[[14.0558,41.4772],[14.0568,41.4767],[14.0589,41.4792],[14.0558,41.4772]]]}},{"type":"Feature","properties":{"landuse":"farmland"},"geometry":{"type":"Polygon","coordinates":[[[14.0568,41.4767],[14.0588,41.4764],[14.0592,41.479],[14.0568,41.4767]]]}},{"type":"Feature","properties":{"landuse":"farmland"},"geometry":{"type":"Polygon","coordinates":[[[14.0509,41.4741],[14.0515,41.4732],[14.053,41.4745],[14.0509,41.4741]]]}},{"type":"Feature","properties":{"landuse":"farmland"},"geometry":{"type":"Polygon","coordinates":[[[14.0486,41.4725],[14.0507,41.474],[14.05,41.4748],[14.0486,41.4725]]]}},{"type":"Feature","properties":{"landuse":"farmland"},"geometry":{"type":"Polygon","coordinates":[[[14.0487,41.4715],[14.0505,41.4728],[14.0486,41.4725],[14.0487,41.4715]]]}},{"type":"Feature","properties":{"landuse":"farmland"},"geometry":{"type":"Polygon","coordinates":[[[14.056,41.4817],[14.0586,41.4807],[14.0591,41.4814],[14.056,41.4817]]]}},{"type":"Feature","properties":{"landuse":"farmland"},"geometry":{"type":"Polygon","coordinates":[[[14.0573,41.4831],[14.0569,41.4826],[14.0589,41.4826],[14.0573,41.4831]]]}},{"type":"Feature","properties":{"landuse":"farmland"},"geometry":{"type":"Polygon","coordinates":[[[14.0597,41.4834],[14.0612,41.4831],[14.0622,41.4854],[14.0597,41.4834]]]}},{"type":"Feature","properties":{"landuse":"farmland"},"geometry":{"type":"Polygon","coordinates":[[[14.0606,41.4874],[14.0614,41.4868],[14.0624,41.4879],[14.0606,41.4874]]]}},{"type":"Feature","properties":{"landuse":"farmland"},"geometry":{"type":"Polygon","coordinates":[[[14.0627,41.4918],[14.0629,41.4905],[14.0641,41.491],[14.0627,41.4918]]]}},{"type":"Feature","properties":{"landuse":"farmland"},"geometry":{"type":"Polygon","coordinates":[[[14.0636,41.4931],[14.0637,41.4922],[14.0654,41.4926],[14.0636,41.4931]]]}},{"type":"Feature","properties":{"landuse":"farmland"},"geometry":{"type":"Polygon","coordinates":[[[14.0583,41.494],[14.0606,41.4933],[14.0597,41.4953],[14.0583,41.494]]]}},{"type":"Feature","properties":{"landuse":"farmland"},"geometry":{"type":"Polygon","coordinates":[[[14.0576,41.4901],[14.0581,41.4898],[14.0592,41.4911],[14.0576,41.4901]]]}},{"type":"Feature","properties":{"landuse":"farmland"},"geometry":{"type":"Polygon","coordinates":[[[14.6315,41.5755],[14.6279,41.5768],[14.63,41.5742],[14.6315,41.5755]]]}},{"type":"Feature","properties":{"landuse":"farmland"},"geometry":{"type":"Polygon","coordinates":[[[14.6173,41.5772],[14.6145,41.5735],[14.6165,41.5724],[14.6295,41.5741],[14.6173,41.5772]]]}},{"type":"Feature","properties":{"landuse":"green_public_spaces"},"geometry":{"type":"Polygon","coordinates":[[[14.6145,41.5734],[14.6165,41.5713],[14.6157,41.5731],[14.6145,41.5734]]]}},{"type":"Feature","properties":{"landuse":"farmland"},"geometry":{"type":"Polygon","coordinates":[[[14.6274,41.5763],[14.6295,41.5782],[14.6238,41.5802],[14.6172,41.5775],[14.6274,41.5763]]]}},{"type":"Feature","properties":{"landuse":"farmland"},"geometry":{"type":"Polygon","coordinates":[[[14.626,41.5858],[14.6168,41.5783],[14.6295,41.5782],[14.6275,41.5823],[14.624,41.5809],[14.626,41.5858]]]}},{"type":"Feature","properties":{"landuse":"green_public_spaces"},"geometry":{"type":"Polygon","coordinates":[[[14.6337,41.5737],[14.6319,41.5719],[14.6354,41.5701],[14.6337,41.5737]]]}},{"type":"Feature","properties":{"landuse":"farmland"},"geometry":{"type":"Polygon","coordinates":[[[14.6201,41.5735],[14.626,41.5707],[14.6275,41.5726],[14.6201,41.5735]]]}},{"type":"Feature","properties":{"landuse":"farmland"},"geometry":{"type":"Polygon","coordinates":[[[14.6193,41.5731],[14.6178,41.5718],[14.624,41.5694],[14.6193,41.5731]]]}},{"type":"Feature","properties":{"landuse":"green_public_spaces"},"geometry":{"type":"Polygon","coordinates":[[[14.6179,41.5722],[14.6204,41.5709],[14.618,41.5716],[14.6198,41.574],[14.6179,41.5722]]]}},{"type":"Feature","properties":{"landuse":"farmland"},"geometry":{"type":"Polygon","coordinates":[[[14.6235,41.5651],[14.6228,41.5666],[14.6212,41.565],[14.6175,41.5661],[14.6235,41.5651]]]}},{"type":"Feature","properties":{"landuse":"farmland"},"geometry":{"type":"Polygon","coordinates":[[[14.6195,41.5699],[14.6185,41.5664],[14.6291,41.5673],[14.6195,41.5699]]]}},{"type":"Feature","properties":{"landuse":"farmland"},"geometry":{"type":"Polygon","coordinates":[[[14.6138,41.5644],[14.6136,41.5633],[14.6159,41.5634],[14.6138,41.5644]]]}},{"type":"Feature","properties":{"landuse":"farmland"},"geometry":{"type":"Polygon","coordinates":[[[14.6128,41.5693],[14.6089,41.5682],[14.6147,41.5654],[14.6162,41.5698],[14.6128,41.5693]]]}},{"type":"Feature","properties":{"landuse":"farmland"},"geometry":{"type":"Polygon","coordinates":[[[14.6103,41.569],[14.6126,41.5698],[14.6111,41.5704],[14.6103,41.569]]]}},{"type":"Feature","properties":{"landuse":"orchard"},"geometry":{"type":"Polygon","coordinates":[[[14.8969,41.801],[14.9012,41.801],[14.9003,41.8023],[14.8969,41.801]]]}},{"type":"Feature","properties":{"landuse":"orchard"},"geometry":{"type":"Polygon","coordinates":[[[14.8812,41.825],[14.883,41.8246],[14.8826,41.8257],[14.8839,41.8258],[14.8812,41.825]]]}},{"type":"Feature","properties":{"landuse":"orchard"},"geometry":{"type":"Polygon","coordinates":[[[14.8979,41.818],[14.9007,41.8179],[14.8963,41.815],[14.906,41.8167],[14.9025,41.8176],[14.905,41.8194],[14.9032,41.8215],[14.8979,41.818]]]}},{"type":"Feature","properties":{"landuse":"orchard"},"geometry":{"type":"Polygon","coordinates":[[[14.8944,41.8166],[14.8958,41.815],[14.8993,41.8164],[14.8944,41.8166]]]}},{"type":"Feature","properties":{"landuse":"orchard"},"geometry":{"type":"Polygon","coordinates":[[[14.899,41.8226],[14.9002,41.821],[14.9018,41.821],[14.899,41.8226]]]}},{"type":"Feature","properties":{"landuse":"orchard"},"geometry":{"type":"Polygon","coordinates":[[[14.9017,41.8254],[14.9018,41.8236],[14.9049,41.8237],[14.9017,41.8254]]]}},{"type":"Feature","properties":{"landuse":"orchard"},"geometry":{"type":"Polygon","coordinates":[[[14.8981,41.8272],[14.8959,41.8249],[14.8997,41.8233],[14.8981,41.8272]]]}},{"type":"Feature","properties":{"landuse":"orchard"},"geometry":{"type":"Polygon","coordinates":[[[14.8913,41.8242],[14.8931,41.8216],[14.8955,41.8247],[14.8913,41.8242]]]}},{"type":"Feature","properties":{"landuse":"orchard"},"geometry":{"type":"Polygon","coordinates":[[[14.896,41.8234],[14.8978,41.8222],[14.8976,41.8238],[14.896,41.8234]]]}},{"type":"Feature","properties":{"landuse":"orchard"},"geometry":{"type":"Polygon","coordinates":[[[14.8832,41.8245],[14.8844,41.8222],[14.8863,41.8236],[14.8832,41.8245]]]}},{"type":"Feature","properties":{"landuse":"orchard"},"geometry":{"type":"Polygon","coordinates":[[[14.8905,41.823],[14.8911,41.8211],[14.8925,41.8211],[14.8905,41.823]]]}},{"type":"Feature","properties":{"landuse":"orchard"},"geometry":{"type":"Polygon","coordinates":[[[14.8789,41.8093],[14.8749,41.8089],[14.8788,41.8085],[14.8789,41.8093]]]}},{"type":"Feature","properties":{"landuse":"orchard"},"geometry":{"type":"Polygon","coordinates":[[[14.9142,41.7955],[14.9184,41.7897],[14.9182,41.7953],[14.9209,41.7957],[14.9142,41.7955]]]}},{"type":"Feature","properties":{"landuse":"orchard"},"geometry":{"type":"Polygon","coordinates":[[[14.9195,41.7906],[14.9254,41.7891],[14.9214,41.7926],[14.9195,41.7906]]]}},{"type":"Feature","properties":{"landuse":"orchard"},"geometry":{"type":"Polygon","coordinates":[[[14.9251,41.7923],[14.9297,41.7937],[14.9261,41.7941],[14.9251,41.7923]]]}},{"type":"Feature","properties":{"landuse":"orchard"},"geometry":{"type":"Polygon","coordinates":[[[14.9251,41.8091],[14.9325,41.8022],[14.9354,41.8034],[14.9331,41.8104],[14.9251,41.8091]]]}},{"type":"Feature","properties":{"landuse":"vineyard"},"geometry":{"type":"Polygon","coordinates":[[[14.9406,41.8081],[14.9414,41.8074],[14.9422,41.808],[14.9406,41.8081]]]}},{"type":"Feature","properties":{"landuse":"orchard"},"geometry":{"type":"Polygon","coordinates":[[[14.9369,41.8002],[14.9444,41.8007],[14.9434,41.8035],[14.9369,41.8002]]]}},{"type":"Feature","properties":{"landuse":"orchard"},"geometry":{"type":"Polygon","coordinates":[[[15.0393,41.8111],[15.0417,41.8084],[15.0421,41.8102],[15.0393,41.8111]]]}},{"type":"Feature","properties":{"landuse":"orchard"},"geometry":{"type":"Polygon","coordinates":[[[15.0374,41.813],[15.0517,41.8093],[15.049,41.8132],[15.0515,41.8139],[15.0374,41.813]]]}},{"type":"Feature","properties":{"landuse":"orchard"},"geometry":{"type":"Polygon","coordinates":[[[15.0442,41.8264],[15.0536,41.825],[15.0531,41.8262],[15.0442,41.8264]]]}},{"type":"Feature","properties":{"landuse":"orchard"},"geometry":{"type":"Polygon","coordinates":[[[15.0178,41.8491],[15.022,41.848],[15.0181,41.8503],[15.0178,41.8491]]]}},{"type":"Feature","properties":{"landuse":"orchard"},"geometry":{"type":"Polygon","coordinates":[[[15.0261,41.8462],[15.0252,41.8448],[15.029,41.8431],[15.0261,41.8462]]]}},{"type":"Feature","properties":{"landuse":"orchard"},"geometry":{"type":"Polygon","coordinates":[[[15.0282,41.8465],[15.0312,41.8446],[15.0293,41.8476],[15.0282,41.8465]]]}},{"type":"Feature","properties":{"landuse":"orchard"},"geometry":{"type":"Polygon","coordinates":[[[15.0144,41.8532],[15.0183,41.8527],[15.0164,41.8541],[15.0144,41.8532]]]}},{"type":"Feature","properties":{"landuse":"orchard"},"geometry":{"type":"Polygon","coordinates":[[[15.0209,41.8552],[15.0224,41.8562],[15.0203,41.857],[15.0209,41.8552]]]}},{"type":"Feature","properties":{"landuse":"orchard"},"geometry":{"type":"Polygon","coordinates":[[[15.023,41.8565],[15.0245,41.8579],[15.0236,41.8579],[15.023,41.8565]]]}},{"type":"Feature","properties":{"landuse":"orchard"},"geometry":{"type":"Polygon","coordinates":[[[15.0209,41.8541],[15.0168,41.8561],[15.0208,41.8578],[15.0135,41.8587],[15.0127,41.8553],[15.0209,41.8541]]]}},{"type":"Feature","properties":{"landuse":"orchard"},"geometry":{"type":"Polygon","coordinates":[[[15.0122,41.8537],[15.0104,41.8572],[15.014,41.8607],[15.0119,41.862],[15.0086,41.8593],[15.0122,41.8537]]]}},{"type":"Feature","properties":{"landuse":"orchard"},"geometry":{"type":"Polygon","coordinates":[[[15.0013,41.8588],[15.0032,41.8567],[15.0034,41.859],[15.0013,41.8588]]]}},{"type":"Feature","properties":{"landuse":"orchard"},"geometry":{"type":"Polygon","coordinates":[[[14.8368,41.7429],[14.8344,41.741],[14.8373,41.7415],[14.8368,41.7429]]]}},{"type":"Feature","properties":{"landuse":"orchard"},"geometry":{"type":"Polygon","coordinates":[[[14.9797,41.7233],[14.9847,41.7233],[14.9809,41.7249],[14.9797,41.7233]]]}},{"type":"Feature","properties":{"landuse":"orchard"},"geometry":{"type":"Polygon","coordinates":[[[14.9788,41.7268],[14.9775,41.7262],[14.9796,41.7257],[14.9788,41.7268]]]}},{"type":"Feature","properties":{"landuse":"orchard"},"geometry":{"type":"Polygon","coordinates":[[[14.9123,41.8235],[14.9204,41.8235],[14.9192,41.8261],[14.9123,41.8235]]]}},{"type":"Feature","properties":{"landuse":"orchard"},"geometry":{"type":"Polygon","coordinates":[[[14.9046,41.8187],[14.9122,41.8152],[14.9153,41.8168],[14.9116,41.8214],[14.9046,41.8187]]]}},{"type":"Feature","properties":{"landuse":"orchard"},"geometry":{"type":"Polygon","coordinates":[[[14.9142,41.8203],[14.919,41.8188],[14.9171,41.8196],[14.9198,41.822],[14.9142,41.8203]]]}},{"type":"Feature","properties":{"landuse":"orchard"},"geometry":{"type":"Polygon","coordinates":[[[14.9213,41.8173],[14.9285,41.8224],[14.9238,41.8215],[14.9213,41.8173]]]}},{"type":"Feature","properties":{"landuse":"farmland"},"geometry":{"type":"Polygon","coordinates":[[[14.0854,41.5097],[14.0874,41.5071],[14.091,41.5087],[14.0854,41.5097]]]}},{"type":"Feature","properties":{"landuse":"farmland"},"geometry":{"type":"Polygon","coordinates":[[[14.09,41.5081],[14.0875,41.5069],[14.089,41.5056],[14.09,41.5081]]]}},{"type":"Feature","properties":{"landuse":"farmland"},"geometry":{"type":"Polygon","coordinates":[[[14.0948,41.5084],[14.0917,41.5068],[14.0955,41.5071],[14.0948,41.5084]]]}},{"type":"Feature","properties":{"landuse":"orchard"},"geometry":{"type":"Polygon","coordinates":[[[14.8893,41.8061],[14.8919,41.801],[14.8943,41.8027],[14.8931,41.8062],[14.8893,41.8061]]]}},{"type":"Feature","properties":{"landuse":"orchard"},"geometry":{"type":"Polygon","coordinates":[[[14.8888,41.8014],[14.8941,41.7975],[14.8967,41.7999],[14.8888,41.8014]]]}},{"type":"Feature","properties":{"landuse":"orchard"},"geometry":{"type":"Polygon","coordinates":[[[14.892,41.796],[14.8971,41.7963],[14.8959,41.799],[14.892,41.796]]]}},{"type":"Feature","properties":{"landuse":"orchard"},"geometry":{"type":"Polygon","coordinates":[[[14.8965,41.8006],[14.8978,41.7977],[14.9026,41.8005],[14.8965,41.8006]]]}},{"type":"Feature","properties":{"landuse":"orchard"},"geometry":{"type":"Polygon","coordinates":[[[14.8965,41.7874],[14.9,41.7855],[14.8993,41.788],[14.9027,41.7888],[14.8972,41.7944],[14.8965,41.7874]]]}},{"type":"Feature","properties":{"landuse":"orchard"},"geometry":{"type":"Polygon","coordinates":[[[14.7829,42.0587],[14.7866,42.0587],[14.784,42.0597],[14.7829,42.0587]]]}},{"type":"Feature","properties":{"landuse":"orchard"},"geometry":{"type":"Polygon","coordinates":[[[14.7778,42.0599],[14.779,42.0593],[14.7796,42.0599],[14.7778,42.0599]]]}},{"type":"Feature","properties":{"landuse":"farmland"},"geometry":{"type":"Polygon","coordinates":[[[14.7682,42.0546],[14.7663,42.0519],[14.7694,42.0542],[14.7682,42.0546]]]}},{"type":"Feature","properties":{"landuse":"vineyard"},"geometry":{"type":"Polygon","coordinates":[[[14.7661,42.054],[14.7643,42.0548],[14.7643,42.054],[14.7661,42.054]]]}},{"type":"Feature","properties":{"landuse":"farmland"},"geometry":{"type":"Polygon","coordinates":[[[14.77,42.055],[14.7691,42.0538],[14.7719,42.0553],[14.77,42.055]]]}},{"type":"Feature","properties":{"landuse":"farmland"},"geometry":{"type":"Polygon","coordinates":[[[14.7689,42.0555],[14.7694,42.0542],[14.77,42.0551],[14.7689,42.0555]]]}},{"type":"Feature","properties":{"landuse":"farmland"},"geometry":{"type":"Polygon","coordinates":[[[14.7674,42.0576],[14.7634,42.0559],[14.767,42.056],[14.7674,42.0576]]]}},{"type":"Feature","properties":{"landuse":"farmland"},"geometry":{"type":"Polygon","coordinates":[[[14.7741,42.0585],[14.7726,42.0564],[14.7747,42.0581],[14.7741,42.0585]]]}},{"type":"Feature","properties":{"landuse":"farmland"},"geometry":{"type":"Polygon","coordinates":[[[14.771,42.0569],[14.7722,42.0563],[14.7741,42.0585],[14.771,42.0569]]]}},{"type":"Feature","properties":{"landuse":"farmland"},"geometry":{"type":"Polygon","coordinates":[[[14.6224,41.5576],[14.6226,41.5587],[14.6208,41.5575],[14.6224,41.5576]]]}},{"type":"Feature","properties":{"landuse":"farmland"},"geometry":{"type":"Polygon","coordinates":[[[14.6254,41.5595],[14.6232,41.5573],[14.6286,41.5604],[14.6254,41.5595]]]}},{"type":"Feature","properties":{"landuse":"farmland"},"geometry":{"type":"Polygon","coordinates":[[[14.6242,41.5618],[14.6252,41.5606],[14.627,41.5617],[14.6242,41.5618]]]}},{"type":"Feature","properties":{"landuse":"farmland"},"geometry":{"type":"Polygon","coordinates":[[[14.6199,41.5597],[14.62,41.5584],[14.6217,41.5596],[14.6199,41.5597]]]}},{"type":"Feature","properties":{"landuse":"farmland"},"geometry":{"type":"Polygon","coordinates":[[[14.6174,41.5585],[14.6184,41.5575],[14.6198,41.5581],[14.6174,41.5585]]]}},{"type":"Feature","properties":{"landuse":"farmland"},"geometry":{"type":"Polygon","coordinates":[[[14.6192,41.562],[14.6173,41.5608],[14.6193,41.5597],[14.6192,41.562]]]}},{"type":"Feature","properties":{"landuse":"green_public_spaces"},"geometry":{"type":"Polygon","coordinates":[[[14.6255,41.562],[14.6253,41.5629],[14.6228,41.5626],[14.6255,41.562]]]}},{"type":"Feature","properties":{"landuse":"farmland"},"geometry":{"type":"Polygon","coordinates":[[[14.6275,41.5617],[14.6286,41.5641],[14.6253,41.5629],[14.6275,41.5617]]]}},{"type":"Feature","properties":{"landuse":"farmland"},"geometry":{"type":"Polygon","coordinates":[[[14.6226,41.5639],[14.6198,41.5632],[14.6279,41.5643],[14.6226,41.5639]]]}},{"type":"Feature","properties":{"landuse":"green_public_spaces"},"geometry":{"type":"Polygon","coordinates":[[[14.6244,41.5653],[14.6228,41.5647],[14.625,41.5647],[14.6244,41.5653]]]}},{"type":"Feature","properties":{"landuse":"farmland"},"geometry":{"type":"Polygon","coordinates":[[[14.6442,41.4383],[14.639,41.4373],[14.6316,41.429],[14.6336,41.427],[14.6423,41.4317],[14.6442,41.4383]]]}},{"type":"Feature","properties":{"landuse":"farmland"},"geometry":{"type":"Polygon","coordinates":[[[14.6299,41.4325],[14.6281,41.4316],[14.6315,41.429],[14.6335,41.431],[14.6299,41.4325]]]}},{"type":"Feature","properties":{"landuse":"farmland"},"geometry":{"type":"Polygon","coordinates":[[[14.6423,41.4318],[14.651,41.4368],[14.6471,41.4365],[14.6423,41.4318]]]}},{"type":"Feature","properties":{"landuse":"farmland"},"geometry":{"type":"Polygon","coordinates":[[[14.6413,41.4389],[14.6454,41.4386],[14.6425,41.4344],[14.6521,41.4396],[14.6448,41.4452],[14.6385,41.4453],[14.629,41.4329],[14.6338,41.432],[14.6413,41.4389]]]}},{"type":"Feature","properties":{"landuse":"farmland"},"geometry":{"type":"Polygon","coordinates":[[[14.6594,41.4281],[14.6572,41.4268],[14.6653,41.4258],[14.6663,41.4283],[14.656,41.4378],[14.6571,41.4276],[14.6594,41.4281]]]}},{"type":"Feature","properties":{"landuse":"farmland"},"geometry":{"type":"Polygon","coordinates":[[[14.6289,41.5625],[14.6285,41.5611],[14.6308,41.5626],[14.6289,41.5625]]]}},{"type":"Feature","properties":{"landuse":"farmland"},"geometry":{"type":"Polygon","coordinates":[[[14.9828,41.9793],[14.9851,41.9773],[14.9841,41.9794],[14.9828,41.9793]]]}},{"type":"Feature","properties":{"landuse":"farmland"},"geometry":{"type":"Polygon","coordinates":[[[14.8352,42.0369],[14.8371,42.0374],[14.8356,42.0379],[14.8352,42.0369]]]}},{"type":"Feature","properties":{"landuse":"farmland"},"geometry":{"type":"Polygon","coordinates":[[[14.8391,42.0373],[14.8412,42.0368],[14.8404,42.0385],[14.8391,42.0373]]]}},{"type":"Feature","properties":{"landuse":"farmland"},"geometry":{"type":"Polygon","coordinates":[[[14.8374,42.0359],[14.8412,42.0358],[14.8389,42.0368],[14.8374,42.0359]]]}},{"type":"Feature","properties":{"landuse":"farmland"},"geometry":{"type":"Polygon","coordinates":[[[14.8372,42.0374],[14.8374,42.0359],[14.8389,42.0369],[14.8372,42.0374]]]}},{"type":"Feature","properties":{"landuse":"farmland"},"geometry":{"type":"Polygon","coordinates":[[[14.8269,42.041],[14.8283,42.0389],[14.8315,42.0392],[14.8269,42.041]]]}},{"type":"Feature","properties":{"landuse":"farmland"},"geometry":{"type":"Polygon","coordinates":[[[14.8313,42.0389],[14.8304,42.0382],[14.8327,42.0376],[14.8313,42.0389]]]}},{"type":"Feature","properties":{"landuse":"vineyard"},"geometry":{"type":"Polygon","coordinates":[[[14.8271,42.0361],[14.8253,42.0352],[14.8262,42.0347],[14.8271,42.0361]]]}},{"type":"Feature","properties":{"landuse":"farmland"},"geometry":{"type":"Polygon","coordinates":[[[14.8271,42.0361],[14.8262,42.0347],[14.8289,42.0353],[14.8271,42.0361]]]}},{"type":"Feature","properties":{"landuse":"farmland"},"geometry":{"type":"Polygon","coordinates":[[[14.8368,42.0336],[14.8362,42.0328],[14.8385,42.032],[14.8368,42.0336]]]}},{"type":"Feature","properties":{"landuse":"farmland"},"geometry":{"type":"Polygon","coordinates":[[[14.8374,42.0346],[14.8368,42.0336],[14.839,42.0328],[14.8374,42.0346]]]}},{"type":"Feature","properties":{"landuse":"farmland"},"geometry":{"type":"Polygon","coordinates":[[[14.844,42.0359],[14.8453,42.0364],[14.8429,42.0362],[14.844,42.0359]]]}},{"type":"Feature","properties":{"landuse":"farmland"},"geometry":{"type":"Polygon","coordinates":[[[14.8412,42.0376],[14.8422,42.0364],[14.8438,42.0368],[14.8412,42.0376]]]}},{"type":"Feature","properties":{"landuse":"vineyard"},"geometry":{"type":"Polygon","coordinates":[[[14.8265,42.0391],[14.8249,42.0405],[14.826,42.038],[14.8265,42.0391]]]}},{"type":"Feature","properties":{"landuse":"orchard"},"geometry":{"type":"Polygon","coordinates":[[[14.8272,42.0386],[14.826,42.0376],[14.8265,42.0373],[14.8272,42.0386]]]}},{"type":"Feature","properties":{"landuse":"farmland"},"geometry":{"type":"Polygon","coordinates":[[[14.8301,42.0376],[14.8274,42.0385],[14.8271,42.0362],[14.8301,42.0376]]]}},{"type":"Feature","properties":{"landuse":"farmland"},"geometry":{"type":"Polygon","coordinates":[[[14.8346,42.0344],[14.8368,42.0336],[14.8362,42.0357],[14.8346,42.0344]]]}},{"type":"Feature","properties":{"landuse":"farmland"},"geometry":{"type":"Polygon","coordinates":[[[14.8332,42.0348],[14.8327,42.034],[14.8344,42.0343],[14.8332,42.0348]]]}},{"type":"Feature","properties":{"landuse":"farmland"},"geometry":{"type":"Polygon","coordinates":[[[14.8323,42.037],[14.8311,42.0373],[14.8304,42.0351],[14.8323,42.037]]]}},{"type":"Feature","properties":{"landuse":"farmland"},"geometry":{"type":"Polygon","coordinates":[[[14.8321,42.0364],[14.8316,42.0351],[14.834,42.0352],[14.8321,42.0364]]]}},{"type":"Feature","properties":{"landuse":"farmland"},"geometry":{"type":"Polygon","coordinates":[[[14.7696,42.0648],[14.7692,42.0635],[14.7714,42.0639],[14.7696,42.0648]]]}},{"type":"Feature","properties":{"landuse":"farmland"},"geometry":{"type":"Polygon","coordinates":[[[14.2464,41.8374],[14.2468,41.8368],[14.2497,41.8373],[14.2464,41.8374]]]}},{"type":"Feature","properties":{"landuse":"farmland"},"geometry":{"type":"Polygon","coordinates":[[[14.2951,41.8364],[14.2952,41.8344],[14.2968,41.8346],[14.2951,41.8364]]]}},{"type":"Feature","properties":{"landuse":"farmland"},"geometry":{"type":"Polygon","coordinates":[[[14.2831,41.8332],[14.2833,41.8314],[14.2848,41.8323],[14.2831,41.8332]]]}},{"type":"Feature","properties":{"landuse":"farmland"},"geometry":{"type":"Polygon","coordinates":[[[14.2592,41.8394],[14.2603,41.8381],[14.2614,41.8383],[14.2592,41.8394]]]}},{"type":"Feature","properties":{"landuse":"farmland"},"geometry":{"type":"Polygon","coordinates":[[[14.3764,41.8202],[14.3781,41.8187],[14.3785,41.8197],[14.3764,41.8202]]]}},{"type":"Feature","properties":{"landuse":"farmland"},"geometry":{"type":"Polygon","coordinates":[[[14.3685,41.8194],[14.368,41.8203],[14.3665,41.819],[14.3685,41.8194]]]}},{"type":"Feature","properties":{"landuse":"farmland"},"geometry":{"type":"Polygon","coordinates":[[[14.3665,41.8184],[14.3662,41.8179],[14.3688,41.8174],[14.3665,41.8184]]]}},{"type":"Feature","properties":{"landuse":"farmland"},"geometry":{"type":"Polygon","coordinates":[[[14.3671,41.8106],[14.368,41.8095],[14.3701,41.8102],[14.3671,41.8106]]]}},{"type":"Feature","properties":{"landuse":"farmland"},"geometry":{"type":"Polygon","coordinates":[[[14.3712,41.815],[14.3697,41.8143],[14.3716,41.8139],[14.3712,41.815]]]}},{"type":"Feature","properties":{"landuse":"farmland"},"geometry":{"type":"Polygon","coordinates":[[[14.3681,41.8162],[14.3657,41.8138],[14.3687,41.8153],[14.3681,41.8162]]]}},{"type":"Feature","properties":{"landuse":"orchard"},"geometry":{"type":"Polygon","coordinates":[[[14.395,41.8234],[14.3948,41.8218],[14.396,41.8229],[14.395,41.8234]]]}},{"type":"Feature","properties":{"landuse":"farmland"},"geometry":{"type":"Polygon","coordinates":[[[14.3791,41.8269],[14.3778,41.8263],[14.3805,41.825],[14.3791,41.8269]]]}},{"type":"Feature","properties":{"landuse":"farmland"},"geometry":{"type":"Polygon","coordinates":[[[14.3729,41.8245],[14.3754,41.8234],[14.3751,41.8243],[14.3729,41.8245]]]}},{"type":"Feature","properties":{"landuse":"farmland"},"geometry":{"type":"Polygon","coordinates":[[[14.381,41.8306],[14.3771,41.8281],[14.3791,41.8282],[14.381,41.8306]]]}},{"type":"Feature","properties":{"landuse":"farmland"},"geometry":{"type":"Polygon","coordinates":[[[14.3823,41.8289],[14.3829,41.8271],[14.3838,41.8294],[14.3823,41.8289]]]}},{"type":"Feature","properties":{"landuse":"farmland"},"geometry":{"type":"Polygon","coordinates":[[[14.3792,41.827],[14.3805,41.8251],[14.3808,41.828],[14.3792,41.827]]]}},{"type":"Feature","properties":{"landuse":"farmland"},"geometry":{"type":"Polygon","coordinates":[[[14.384,41.8264],[14.3871,41.8264],[14.3849,41.8274],[14.384,41.8264]]]}},{"type":"Feature","properties":{"landuse":"farmland"},"geometry":{"type":"Polygon","coordinates":[[[14.384,41.8228],[14.3833,41.8202],[14.3862,41.8229],[14.384,41.8228]]]}},{"type":"Feature","properties":{"landuse":"farmland"},"geometry":{"type":"Polygon","coordinates":[[[14.3819,41.8258],[14.3807,41.8236],[14.3837,41.8239],[14.3819,41.8258]]]}},{"type":"Feature","properties":{"landuse":"farmland"},"geometry":{"type":"Polygon","coordinates":[[[14.3887,41.8228],[14.3882,41.8207],[14.3913,41.8208],[14.3887,41.8228]]]}},{"type":"Feature","properties":{"landuse":"farmland"},"geometry":{"type":"Polygon","coordinates":[[[14.3858,41.8191],[14.3874,41.8165],[14.3873,41.8191],[14.3858,41.8191]]]}},{"type":"Feature","properties":{"landuse":"farmland"},"geometry":{"type":"Polygon","coordinates":[[[14.3935,41.8182],[14.3945,41.8165],[14.3944,41.8189],[14.3935,41.8182]]]}},{"type":"Feature","properties":{"landuse":"farmland"},"geometry":{"type":"Polygon","coordinates":[[[14.3985,41.8081],[14.3962,41.8064],[14.3995,41.8072],[14.3985,41.8081]]]}},{"type":"Feature","properties":{"landuse":"farmland"},"geometry":{"type":"Polygon","coordinates":[[[14.2978,41.8155],[14.2984,41.8157],[14.2974,41.8184],[14.2978,41.8155]]]}},{"type":"Feature","properties":{"landuse":"farmland"},"geometry":{"type":"Polygon","coordinates":[[[14.2946,41.8207],[14.293,41.8202],[14.2934,41.8177],[14.2946,41.8207]]]}},{"type":"Feature","properties":{"landuse":"farmland"},"geometry":{"type":"Polygon","coordinates":[[[14.2904,41.8212],[14.2905,41.8194],[14.2926,41.8175],[14.2904,41.8212]]]}},{"type":"Feature","properties":{"landuse":"farmland"},"geometry":{"type":"Polygon","coordinates":[[[14.3448,41.8224],[14.3435,41.8201],[14.3459,41.8197],[14.3448,41.8224]]]}},{"type":"Feature","properties":{"landuse":"farmland"},"geometry":{"type":"Polygon","coordinates":[[[14.352,41.8254],[14.3514,41.8264],[14.3488,41.8261],[14.352,41.8254]]]}},{"type":"Feature","properties":{"landuse":"farmland"},"geometry":{"type":"Polygon","coordinates":[[[14.3485,41.8221],[14.3477,41.8248],[14.3466,41.8231],[14.3485,41.8221]]]}},{"type":"Feature","properties":{"landuse":"farmland"},"geometry":{"type":"Polygon","coordinates":[[[14.351,41.824],[14.3521,41.8252],[14.3503,41.8255],[14.351,41.824]]]}},{"type":"Feature","properties":{"landuse":"farmland"},"geometry":{"type":"Polygon","coordinates":[[[14.3518,41.8162],[14.3505,41.8178],[14.3497,41.817],[14.3518,41.8162]]]}},{"type":"Feature","properties":{"landuse":"farmland"},"geometry":{"type":"Polygon","coordinates":[[[14.3535,41.8176],[14.3566,41.8177],[14.3531,41.8191],[14.3535,41.8176]]]}},{"type":"Feature","properties":{"landuse":"farmland"},"geometry":{"type":"Polygon","coordinates":[[[14.3477,41.8216],[14.3477,41.82],[14.3495,41.82],[14.3477,41.8216]]]}},{"type":"Feature","properties":{"landuse":"farmland"},"geometry":{"type":"Polygon","coordinates":[[[14.3523,41.8197],[14.3511,41.8214],[14.3507,41.8188],[14.3523,41.8197]]]}},{"type":"Feature","properties":{"landuse":"farmland"},"geometry":{"type":"Polygon","coordinates":[[[14.3514,41.8236],[14.3488,41.8242],[14.3504,41.823],[14.3514,41.8236]]]}},{"type":"Feature","properties":{"landuse":"farmland"},"geometry":{"type":"Polygon","coordinates":[[[14.3533,41.8209],[14.353,41.8195],[14.3551,41.8193],[14.3533,41.8209]]]}},{"type":"Feature","properties":{"landuse":"farmland"},"geometry":{"type":"Polygon","coordinates":[[[14.3603,41.7989],[14.3634,41.7996],[14.3617,41.7999],[14.3603,41.7989]]]}},{"type":"Feature","properties":{"landuse":"orchard"},"geometry":{"type":"Polygon","coordinates":[[[14.3688,41.7972],[14.368,41.7969],[14.37,41.7969],[14.3688,41.7972]]]}},{"type":"Feature","properties":{"landuse":"farmland"},"geometry":{"type":"Polygon","coordinates":[[[14.3678,41.8],[14.3691,41.7988],[14.3687,41.8003],[14.3678,41.8]]]}},{"type":"Feature","properties":{"landuse":"farmland"},"geometry":{"type":"Polygon","coordinates":[[[14.3651,41.7993],[14.3633,41.8001],[14.3642,41.7989],[14.3651,41.7993]]]}},{"type":"Feature","properties":{"landuse":"farmland"},"geometry":{"type":"Polygon","coordinates":[[[14.3516,41.7993],[14.352,41.8006],[14.35,41.7999],[14.3516,41.7993]]]}},{"type":"Feature","properties":{"landuse":"orchard"},"geometry":{"type":"Polygon","coordinates":[[[14.3705,41.7967],[14.3699,41.7958],[14.371,41.7953],[14.3705,41.7967]]]}},{"type":"Feature","properties":{"landuse":"orchard"},"geometry":{"type":"Polygon","coordinates":[[[14.3782,41.7963],[14.3784,41.7951],[14.3792,41.7962],[14.3782,41.7963]]]}},{"type":"Feature","properties":{"landuse":"farmland"},"geometry":{"type":"Polygon","coordinates":[[[14.3948,41.8049],[14.398,41.8059],[14.396,41.806],[14.3948,41.8049]]]}},{"type":"Feature","properties":{"landuse":"farmland"},"geometry":{"type":"Polygon","coordinates":[[[14.3453,41.8179],[14.3469,41.8186],[14.3431,41.8194],[14.3453,41.8179]]]}},{"type":"Feature","properties":{"landuse":"orchard"},"geometry":{"type":"Polygon","coordinates":[[[14.3495,41.8151],[14.3499,41.8135],[14.3509,41.8133],[14.3495,41.8151]]]}},{"type":"Feature","properties":{"landuse":"farmland"},"geometry":{"type":"Polygon","coordinates":[[[14.345,41.8129],[14.3441,41.8116],[14.346,41.8116],[14.345,41.8129]]]}},{"type":"Feature","properties":{"landuse":"farmland"},"geometry":{"type":"Polygon","coordinates":[[[14.3572,41.8155],[14.3568,41.8138],[14.3581,41.8147],[14.3572,41.8155]]]}},{"type":"Feature","properties":{"landuse":"farmland"},"geometry":{"type":"Polygon","coordinates":[[[14.349,41.8105],[14.3502,41.8123],[14.3473,41.8101],[14.349,41.8105]]]}},{"type":"Feature","properties":{"landuse":"farmland"},"geometry":{"type":"Polygon","coordinates":[[[14.3492,41.8106],[14.3482,41.8098],[14.3498,41.8098],[14.3492,41.8106]]]}},{"type":"Feature","properties":{"landuse":"farmland"},"geometry":{"type":"Polygon","coordinates":[[[14.3655,41.8242],[14.3639,41.8222],[14.369,41.8238],[14.3655,41.8242]]]}},{"type":"Feature","properties":{"landuse":"orchard"},"geometry":{"type":"Polygon","coordinates":[[[14.3626,41.8202],[14.3657,41.8195],[14.3652,41.8203],[14.3626,41.8202]]]}},{"type":"Feature","properties":{"landuse":"farmland"},"geometry":{"type":"Polygon","coordinates":[[[14.4016,41.8107],[14.4056,41.8115],[14.404,41.8128],[14.4016,41.8107]]]}},{"type":"Feature","properties":{"landuse":"orchard"},"geometry":{"type":"Polygon","coordinates":[[[14.3844,41.8046],[14.3854,41.8033],[14.3857,41.8047],[14.3844,41.8046]]]}},{"type":"Feature","properties":{"landuse":"orchard"},"geometry":{"type":"Polygon","coordinates":[[[14.3763,41.8018],[14.3754,41.8021],[14.3749,41.8003],[14.3763,41.8018]]]}},{"type":"Feature","properties":{"landuse":"farmland"},"geometry":{"type":"Polygon","coordinates":[[[14.3658,41.8274],[14.3673,41.8273],[14.3676,41.8297],[14.3658,41.8274]]]}},{"type":"Feature","properties":{"landuse":"farmland"},"geometry":{"type":"Polygon","coordinates":[[[14.3686,41.8284],[14.3688,41.8301],[14.3677,41.8276],[14.3686,41.8284]]]}},{"type":"Feature","properties":{"landuse":"farmland"},"geometry":{"type":"Polygon","coordinates":[[[14.362,41.7882],[14.3639,41.7878],[14.3615,41.7895],[14.3636,41.7884],[14.362,41.7882]]]}},{"type":"Feature","properties":{"landuse":"farmland"},"geometry":{"type":"Polygon","coordinates":[[[14.3843,41.7793],[14.3848,41.7783],[14.3861,41.7797],[14.3843,41.7793]]]}},{"type":"Feature","properties":{"landuse":"farmland"},"geometry":{"type":"Polygon","coordinates":[[[14.6961,41.8119],[14.6967,41.8132],[14.6959,41.8107],[14.6961,41.8119]]]}},{"type":"Feature","properties":{"landuse":"farmland"},"geometry":{"type":"Polygon","coordinates":[[[14.6898,41.8223],[14.6884,41.8241],[14.6887,41.822],[14.6898,41.8223]]]}},{"type":"Feature","properties":{"landuse":"farmland"},"geometry":{"type":"Polygon","coordinates":[[[14.6924,41.8148],[14.6924,41.8106],[14.6942,41.8133],[14.6924,41.8148]]]}},{"type":"Feature","properties":{"landuse":"farmland"},"geometry":{"type":"Polygon","coordinates":[[[14.6867,41.8183],[14.6866,41.8164],[14.6873,41.818],[14.6867,41.8183]]]}},{"type":"Feature","properties":{"landuse":"farmland"},"geometry":{"type":"Polygon","coordinates":[[[14.6878,41.8189],[14.6886,41.8224],[14.6834,41.8161],[14.6878,41.8189]]]}},{"type":"Feature","properties":{"landuse":"farmland"},"geometry":{"type":"Polygon","coordinates":[[[14.6874,41.8266],[14.6884,41.8247],[14.6898,41.8252],[14.6874,41.8266]]]}},{"type":"Feature","properties":{"landuse":"farmland"},"geometry":{"type":"Polygon","coordinates":[[[14.5702,41.7956],[14.5704,41.7945],[14.5721,41.7956],[14.5702,41.7956]]]}},{"type":"Feature","properties":{"landuse":"farmland"},"geometry":{"type":"Polygon","coordinates":[[[14.5789,41.7891],[14.5784,41.7915],[14.5767,41.7912],[14.5789,41.7891]]]}},{"type":"Feature","properties":{"landuse":"orchard"},"geometry":{"type":"Polygon","coordinates":[[[14.5792,41.7922],[14.5782,41.7902],[14.5798,41.7898],[14.5792,41.7922]]]}},{"type":"Feature","properties":{"landuse":"farmland"},"geometry":{"type":"Polygon","coordinates":[[[14.5722,41.795],[14.5708,41.7943],[14.5726,41.7941],[14.5722,41.795]]]}},{"type":"Feature","properties":{"landuse":"farmland"},"geometry":{"type":"Polygon","coordinates":[[[14.5744,41.794],[14.5754,41.7939],[14.5748,41.7929],[14.5769,41.7931],[14.5744,41.794]]]}},{"type":"Feature","properties":{"landuse":"farmland"},"geometry":{"type":"Polygon","coordinates":[[[14.5713,41.7917],[14.5723,41.7913],[14.5723,41.7928],[14.5713,41.7917]]]}},{"type":"Feature","properties":{"landuse":"orchard"},"geometry":{"type":"Polygon","coordinates":[[[14.5787,41.7877],[14.5783,41.7865],[14.5798,41.7865],[14.5787,41.7877]]]}},{"type":"Feature","properties":{"landuse":"farmland"},"geometry":{"type":"Polygon","coordinates":[[[14.7516,41.8414],[14.7494,41.8422],[14.7485,41.8418],[14.7516,41.8414]]]}},{"type":"Feature","properties":{"landuse":"farmland"},"geometry":{"type":"Polygon","coordinates":[[[14.7376,41.8444],[14.7375,41.8431],[14.7395,41.8432],[14.7376,41.8444]]]}},{"type":"Feature","properties":{"landuse":"farmland"},"geometry":{"type":"Polygon","coordinates":[[[14.7392,41.8098],[14.7369,41.8101],[14.742,41.8063],[14.7392,41.8098]]]}},{"type":"Feature","properties":{"landuse":"orchard"},"geometry":{"type":"Polygon","coordinates":[[[14.746,41.8365],[14.746,41.835],[14.7473,41.8354],[14.746,41.8365]]]}},{"type":"Feature","properties":{"landuse":"farmland"},"geometry":{"type":"Polygon","coordinates":[[[14.7543,41.8313],[14.7524,41.8303],[14.7538,41.8289],[14.7543,41.8313]]]}},{"type":"Feature","properties":{"landuse":"farmland"},"geometry":{"type":"Polygon","coordinates":[[[14.702,41.8347],[14.7033,41.8311],[14.7061,41.8313],[14.702,41.8347]]]}},{"type":"Feature","properties":{"landuse":"farmland"},"geometry":{"type":"Polygon","coordinates":[[[14.7058,41.8439],[14.7047,41.8427],[14.7063,41.842],[14.7058,41.8439]]]}},{"type":"Feature","properties":{"landuse":"farmland"},"geometry":{"type":"Polygon","coordinates":[[[14.6882,41.8324],[14.6834,41.8346],[14.6854,41.8322],[14.6882,41.8324]]]}},{"type":"Feature","properties":{"landuse":"farmland"},"geometry":{"type":"Polygon","coordinates":[[[14.6854,41.8259],[14.6836,41.8258],[14.6848,41.8246],[14.6854,41.8259]]]}},{"type":"Feature","properties":{"landuse":"farmland"},"geometry":{"type":"Polygon","coordinates":[[[14.7399,41.8424],[14.7398,41.8416],[14.7437,41.8406],[14.7399,41.8424]]]}},{"type":"Feature","properties":{"landuse":"farmland"},"geometry":{"type":"Polygon","coordinates":[[[14.7263,41.8466],[14.7279,41.8468],[14.7267,41.8478],[14.7263,41.8466]]]}},{"type":"Feature","properties":{"landuse":"farmland"},"geometry":{"type":"Polygon","coordinates":[[[14.7897,41.863],[14.7908,41.8627],[14.7925,41.864],[14.7897,41.863]]]}},{"type":"Feature","properties":{"landuse":"farmland"},"geometry":{"type":"Polygon","coordinates":[[[14.7864,41.8656],[14.789,41.8664],[14.7868,41.8682],[14.7864,41.8656]]]}},{"type":"Feature","properties":{"landuse":"farmland"},"geometry":{"type":"Polygon","coordinates":[[[14.7856,41.8655],[14.7848,41.862],[14.7865,41.8683],[14.7856,41.8655]]]}},{"type":"Feature","properties":{"landuse":"farmland"},"geometry":{"type":"Polygon","coordinates":[[[14.7851,41.8666],[14.7841,41.8654],[14.7858,41.866],[14.7851,41.8666]]]}},{"type":"Feature","properties":{"landuse":"farmland"},"geometry":{"type":"Polygon","coordinates":[[[14.7949,41.8593],[14.7901,41.8609],[14.7862,41.8585],[14.7949,41.8593]]]}},{"type":"Feature","properties":{"landuse":"farmland"},"geometry":{"type":"Polygon","coordinates":[[[14.7869,41.8508],[14.7844,41.8571],[14.7792,41.8555],[14.782,41.8549],[14.7837,41.8494],[14.781,41.8502],[14.7836,41.848],[14.7909,41.8475],[14.7869,41.8508]]]}},{"type":"Feature","properties":{"landuse":"farmland"},"geometry":{"type":"Polygon","coordinates":[[[14.679,41.5932],[14.6793,41.5919],[14.6787,41.594],[14.679,41.5932]]]}},{"type":"Feature","properties":{"landuse":"farmland"},"geometry":{"type":"Polygon","coordinates":[[[14.6845,41.5981],[14.6827,41.5966],[14.6855,41.5965],[14.6845,41.5981]]]}},{"type":"Feature","properties":{"landuse":"farmland"},"geometry":{"type":"Polygon","coordinates":[[[14.6882,41.6013],[14.6868,41.5995],[14.6902,41.5983],[14.6882,41.6013]]]}},{"type":"Feature","properties":{"landuse":"orchard"},"geometry":{"type":"Polygon","coordinates":[[[14.6975,41.5784],[14.6954,41.5791],[14.6961,41.5782],[14.6975,41.5784]]]}},{"type":"Feature","properties":{"landuse":"orchard"},"geometry":{"type":"Polygon","coordinates":[[[14.6946,41.5907],[14.6936,41.5896],[14.6967,41.5911],[14.6946,41.5907]]]}},{"type":"Feature","properties":{"landuse":"orchard"},"geometry":{"type":"Polygon","coordinates":[[[14.6804,41.5787],[14.6832,41.5775],[14.6825,41.5785],[14.6804,41.5787]]]}},{"type":"Feature","properties":{"landuse":"farmland"},"geometry":{"type":"Polygon","coordinates":[[[14.7067,41.562],[14.7092,41.5622],[14.7083,41.5643],[14.7067,41.562]]]}},{"type":"Feature","properties":{"landuse":"farmland"},"geometry":{"type":"Polygon","coordinates":[[[14.6866,41.5746],[14.6916,41.5746],[14.6871,41.5764],[14.6901,41.575],[14.6866,41.5746]]]}},{"type":"Feature","properties":{"landuse":"farmland"},"geometry":{"type":"Polygon","coordinates":[[[14.6795,41.5714],[14.6806,41.5728],[14.6796,41.5733],[14.6795,41.5714]]]}},{"type":"Feature","properties":{"landuse":"farmland"},"geometry":{"type":"Polygon","coordinates":[[[14.6951,41.6058],[14.694,41.6034],[14.6957,41.6021],[14.6951,41.6058]]]}},{"type":"Feature","properties":{"landuse":"farmland"},"geometry":{"type":"Polygon","coordinates":[[[14.7304,41.5391],[14.7313,41.5415],[14.7276,41.5413],[14.7304,41.5391]]]}},{"type":"Feature","properties":{"landuse":"farmland"},"geometry":{"type":"Polygon","coordinates":[[[14.7084,41.5329],[14.7058,41.5346],[14.7058,41.5321],[14.7084,41.5329]]]}},{"type":"Feature","properties":{"landuse":"farmland"},"geometry":{"type":"Polygon","coordinates":[[[14.7037,41.5318],[14.7044,41.5303],[14.7068,41.5299],[14.7037,41.5318]]]}},{"type":"Feature","properties":{"landuse":"greenhouse_horticulture"},"geometry":{"type":"Polygon","coordinates":[[[14.7037,41.5307],[14.7034,41.5296],[14.7048,41.5296],[14.7037,41.5307]]]}},{"type":"Feature","properties":{"landuse":"farmland"},"geometry":{"type":"Polygon","coordinates":[[[14.7273,41.5386],[14.7267,41.5377],[14.7275,41.5371],[14.7273,41.5386]]]}},{"type":"Feature","properties":{"landuse":"farmland"},"geometry":{"type":"Polygon","coordinates":[[[14.7144,41.5264],[14.714,41.5247],[14.7176,41.5264],[14.7144,41.5264]]]}},{"type":"Feature","properties":{"landuse":"farmland"},"geometry":{"type":"Polygon","coordinates":[[[14.7126,41.5267],[14.7103,41.5261],[14.7118,41.5255],[14.7126,41.5267]]]}},{"type":"Feature","properties":{"landuse":"farmland"},"geometry":{"type":"Polygon","coordinates":[[[14.7248,41.5298],[14.7259,41.5281],[14.7277,41.529],[14.7248,41.5298]]]}},{"type":"Feature","properties":{"landuse":"farmland"},"geometry":{"type":"Polygon","coordinates":[[[14.7191,41.5248],[14.7235,41.5253],[14.7232,41.5284],[14.7191,41.5248]]]}},{"type":"Feature","properties":{"landuse":"farmland"},"geometry":{"type":"Polygon","coordinates":[[[14.7273,41.5466],[14.7274,41.5447],[14.7285,41.5461],[14.7273,41.5466]]]}},{"type":"Feature","properties":{"landuse":"farmland"},"geometry":{"type":"Polygon","coordinates":[[[14.7024,41.522],[14.7032,41.5201],[14.7029,41.5229],[14.7024,41.522]]]}},{"type":"Feature","properties":{"landuse":"orchard"},"geometry":{"type":"Polygon","coordinates":[[[14.6997,41.5256],[14.7001,41.5232],[14.7015,41.5244],[14.6997,41.5256]]]}},{"type":"Feature","properties":{"landuse":"orchard"},"geometry":{"type":"Polygon","coordinates":[[[14.7012,41.5235],[14.7,41.5228],[14.7024,41.522],[14.7012,41.5235]]]}},{"type":"Feature","properties":{"landuse":"farmland"},"geometry":{"type":"Polygon","coordinates":[[[14.7095,41.5259],[14.7106,41.5246],[14.7112,41.5251],[14.7095,41.5259]]]}},{"type":"Feature","properties":{"landuse":"farmland"},"geometry":{"type":"Polygon","coordinates":[[[14.7117,41.549],[14.7115,41.547],[14.7134,41.5483],[14.7117,41.549]]]}},{"type":"Feature","properties":{"landuse":"farmland"},"geometry":{"type":"Polygon","coordinates":[[[14.7074,41.5274],[14.7087,41.5265],[14.71,41.5277],[14.7074,41.5274]]]}},{"type":"Feature","properties":{"landuse":"farmland"},"geometry":{"type":"Polygon","coordinates":[[[14.7087,41.5374],[14.7112,41.5394],[14.7088,41.539],[14.7087,41.5374]]]}},{"type":"Feature","properties":{"landuse":"farmland"},"geometry":{"type":"Polygon","coordinates":[[[14.707,41.5386],[14.707,41.5358],[14.7088,41.5391],[14.707,41.5386]]]}},{"type":"Feature","properties":{"landuse":"farmland"},"geometry":{"type":"Polygon","coordinates":[[[14.7022,41.5321],[14.7012,41.5313],[14.7026,41.5311],[14.7022,41.5321]]]}},{"type":"Feature","properties":{"landuse":"farmland"},"geometry":{"type":"Polygon","coordinates":[[[14.7043,41.5346],[14.7065,41.5379],[14.7044,41.5382],[14.7043,41.5346]]]}},{"type":"Feature","properties":{"landuse":"farmland"},"geometry":{"type":"Polygon","coordinates":[[[14.7007,41.5362],[14.6999,41.5347],[14.7023,41.5354],[14.7007,41.5362]]]}},{"type":"Feature","properties":{"landuse":"farmland"},"geometry":{"type":"Polygon","coordinates":[[[14.7018,41.5348],[14.7022,41.5332],[14.7032,41.5346],[14.7018,41.5348]]]}},{"type":"Feature","properties":{"landuse":"orchard"},"geometry":{"type":"Polygon","coordinates":[[[14.6936,41.5344],[14.6974,41.5344],[14.6961,41.5359],[14.6936,41.5344]]]}},{"type":"Feature","properties":{"landuse":"farmland"},"geometry":{"type":"Polygon","coordinates":[[[14.6935,41.5414],[14.692,41.5393],[14.6939,41.5406],[14.6935,41.5414]]]}},{"type":"Feature","properties":{"landuse":"farmland"},"geometry":{"type":"Polygon","coordinates":[[[14.6758,41.5378],[14.6757,41.5366],[14.6773,41.5371],[14.6758,41.5378]]]}},{"type":"Feature","properties":{"landuse":"farmland"},"geometry":{"type":"Polygon","coordinates":[[[14.7059,41.5224],[14.7075,41.5222],[14.7057,41.5237],[14.7059,41.5224]]]}},{"type":"Feature","properties":{"landuse":"farmland"},"geometry":{"type":"Polygon","coordinates":[[[14.6982,41.5339],[14.6974,41.5328],[14.6989,41.5327],[14.6982,41.5339]]]}},{"type":"Feature","properties":{"landuse":"farmland"},"geometry":{"type":"Polygon","coordinates":[[[14.6863,41.5427],[14.6849,41.5426],[14.6856,41.5416],[14.6863,41.5427]]]}},{"type":"Feature","properties":{"landuse":"farmland"},"geometry":{"type":"Polygon","coordinates":[[[14.6851,41.5399],[14.6887,41.5402],[14.687,41.5414],[14.6851,41.5399]]]}},{"type":"Feature","properties":{"landuse":"farmland"},"geometry":{"type":"Polygon","coordinates":[[[14.6854,41.5411],[14.6845,41.5429],[14.6827,41.5412],[14.6854,41.5411]]]}},{"type":"Feature","properties":{"landuse":"farmland"},"geometry":{"type":"Polygon","coordinates":[[[14.6946,41.5383],[14.6951,41.537],[14.6969,41.54],[14.6946,41.5383]]]}},{"type":"Feature","properties":{"landuse":"farmland"},"geometry":{"type":"Polygon","coordinates":[[[14.6899,41.5373],[14.6875,41.5369],[14.6894,41.5363],[14.6899,41.5373]]]}},{"type":"Feature","properties":{"landuse":"farmland"},"geometry":{"type":"Polygon","coordinates":[[[14.6923,41.5367],[14.6945,41.5371],[14.6922,41.5387],[14.6923,41.5367]]]}},{"type":"Feature","properties":{"landuse":"orchard"},"geometry":{"type":"Polygon","coordinates":[[[14.6865,41.5351],[14.687,41.5362],[14.6857,41.536],[14.6865,41.5351]]]}},{"type":"Feature","properties":{"landuse":"farmland"},"geometry":{"type":"Polygon","coordinates":[[[14.6908,41.5338],[14.6901,41.5348],[14.6878,41.5338],[14.6908,41.5338]]]}},{"type":"Feature","properties":{"landuse":"orchard"},"geometry":{"type":"Polygon","coordinates":[[[14.6854,41.5346],[14.6851,41.534],[14.6866,41.5337],[14.6854,41.5346]]]}},{"type":"Feature","properties":{"landuse":"orchard"},"geometry":{"type":"Polygon","coordinates":[[[14.6918,41.5301],[14.6918,41.5318],[14.6887,41.5284],[14.6918,41.5301]]]}},{"type":"Feature","properties":{"landuse":"farmland"},"geometry":{"type":"Polygon","coordinates":[[[14.6854,41.5295],[14.6884,41.5316],[14.6819,41.5313],[14.6854,41.5295]]]}},{"type":"Feature","properties":{"landuse":"farmland"},"geometry":{"type":"Polygon","coordinates":[[[14.7129,41.5565],[14.7132,41.5549],[14.7144,41.5551],[14.7129,41.5565]]]}},{"type":"Feature","properties":{"landuse":"farmland"},"geometry":{"type":"Polygon","coordinates":[[[14.7134,41.5585],[14.7135,41.5571],[14.7144,41.5582],[14.7134,41.5585]]]}},{"type":"Feature","properties":{"landuse":"farmland"},"geometry":{"type":"Polygon","coordinates":[[[14.7179,41.5589],[14.7171,41.5582],[14.7187,41.5566],[14.7179,41.5589]]]}},{"type":"Feature","properties":{"landuse":"farmland"},"geometry":{"type":"Polygon","coordinates":[[[14.6794,41.529],[14.6805,41.5279],[14.6827,41.5302],[14.6794,41.529]]]}},{"type":"Feature","properties":{"landuse":"farmland"},"geometry":{"type":"Polygon","coordinates":[[[14.6949,41.5279],[14.6972,41.5266],[14.6977,41.5279],[14.6949,41.5279]]]}},{"type":"Feature","properties":{"landuse":"farmland"},"geometry":{"type":"Polygon","coordinates":[[[14.6931,41.5266],[14.6942,41.5249],[14.6957,41.5263],[14.6931,41.5266]]]}},{"type":"Feature","properties":{"landuse":"farmland"},"geometry":{"type":"Polygon","coordinates":[[[14.7249,41.54],[14.7221,41.5399],[14.724,41.5391],[14.7249,41.54]]]}},{"type":"Feature","properties":{"landuse":"farmland"},"geometry":{"type":"Polygon","coordinates":[[[14.7165,41.5398],[14.7194,41.539],[14.7193,41.5412],[14.7165,41.5398]]]}},{"type":"Feature","properties":{"landuse":"farmland"},"geometry":{"type":"Polygon","coordinates":[[[14.7087,41.5428],[14.7054,41.5422],[14.7106,41.5428],[14.7087,41.5428]]]}},{"type":"Feature","properties":{"landuse":"farmland"},"geometry":{"type":"Polygon","coordinates":[[[14.7061,41.5453],[14.705,41.545],[14.7058,41.5437],[14.7061,41.5453]]]}},{"type":"Feature","properties":{"landuse":"orchard"},"geometry":{"type":"Polygon","coordinates":[[[14.7072,41.5446],[14.7061,41.544],[14.7084,41.5439],[14.7072,41.5446]]]}},{"type":"Feature","properties":{"landuse":"farmland"},"geometry":{"type":"Polygon","coordinates":[[[14.7142,41.5457],[14.7148,41.5435],[14.7158,41.5449],[14.7142,41.5457]]]}},{"type":"Feature","properties":{"landuse":"farmland"},"geometry":{"type":"Polygon","coordinates":[[[14.7124,41.5469],[14.7142,41.5457],[14.7138,41.5477],[14.7124,41.5469]]]}},{"type":"Feature","properties":{"landuse":"farmland"},"geometry":{"type":"Polygon","coordinates":[[[14.7099,41.5469],[14.7088,41.545],[14.7109,41.5452],[14.7099,41.5469]]]}},{"type":"Feature","properties":{"landuse":"farmland"},"geometry":{"type":"Polygon","coordinates":[[[14.7117,41.5467],[14.7126,41.544],[14.7136,41.5461],[14.7117,41.5467]]]}},{"type":"Feature","properties":{"landuse":"farmland"},"geometry":{"type":"Polygon","coordinates":[[[14.7148,41.552],[14.7123,41.5501],[14.716,41.5517],[14.7148,41.552]]]}},{"type":"Feature","properties":{"landuse":"orchard"},"geometry":{"type":"Polygon","coordinates":[[[14.7158,41.5514],[14.7174,41.5499],[14.7184,41.5504],[14.7158,41.5514]]]}},{"type":"Feature","properties":{"landuse":"farmland"},"geometry":{"type":"Polygon","coordinates":[[[14.719,41.5542],[14.7175,41.5532],[14.7198,41.5521],[14.719,41.5542]]]}},{"type":"Feature","properties":{"landuse":"farmland"},"geometry":{"type":"Polygon","coordinates":[[[14.7198,41.5521],[14.7175,41.5532],[14.7194,41.551],[14.7198,41.5521]]]}},{"type":"Feature","properties":{"landuse":"farmland"},"geometry":{"type":"Polygon","coordinates":[[[14.7253,41.5512],[14.7238,41.5483],[14.7274,41.5491],[14.7253,41.5512]]]}},{"type":"Feature","properties":{"landuse":"farmland"},"geometry":{"type":"Polygon","coordinates":[[[14.7214,41.5454],[14.7237,41.5456],[14.7252,41.5492],[14.7214,41.5454]]]}},{"type":"Feature","properties":{"landuse":"farmland"},"geometry":{"type":"Polygon","coordinates":[[[14.7197,41.5466],[14.7204,41.5447],[14.7206,41.5467],[14.7197,41.5466]]]}},{"type":"Feature","properties":{"landuse":"farmland"},"geometry":{"type":"Polygon","coordinates":[[[14.694,41.5604],[14.6934,41.5596],[14.6955,41.5611],[14.694,41.5604]]]}},{"type":"Feature","properties":{"landuse":"farmland"},"geometry":{"type":"Polygon","coordinates":[[[14.721,41.5318],[14.7207,41.5334],[14.7196,41.5333],[14.721,41.5318]]]}},{"type":"Feature","properties":{"landuse":"farmland"},"geometry":{"type":"Polygon","coordinates":[[[14.7239,41.5341],[14.7284,41.5324],[14.7267,41.5353],[14.7239,41.5341]]]}},{"type":"Feature","properties":{"landuse":"farmland"},"geometry":{"type":"Polygon","coordinates":[[[14.7206,41.5372],[14.719,41.5368],[14.7235,41.5346],[14.7206,41.5372]]]}},{"type":"Feature","properties":{"landuse":"orchard"},"geometry":{"type":"Polygon","coordinates":[[[14.7232,41.5332],[14.7215,41.5327],[14.7238,41.5324],[14.7232,41.5332]]]}},{"type":"Feature","properties":{"landuse":"farmland"},"geometry":{"type":"Polygon","coordinates":[[[14.7266,41.5378],[14.7259,41.5353],[14.7278,41.5369],[14.7266,41.5378]]]}},{"type":"Feature","properties":{"landuse":"farmland"},"geometry":{"type":"Polygon","coordinates":[[[14.7295,41.5426],[14.7282,41.5437],[14.7268,41.5424],[14.7295,41.5426]]]}},{"type":"Feature","properties":{"landuse":"farmland"},"geometry":{"type":"Polygon","coordinates":[[[14.7257,41.5423],[14.7242,41.5411],[14.7267,41.5398],[14.7257,41.5423]]]}},{"type":"Feature","properties":{"landuse":"farmland"},"geometry":{"type":"Polygon","coordinates":[[[14.7238,41.5421],[14.7221,41.5407],[14.7238,41.5405],[14.7238,41.5421]]]}},{"type":"Feature","properties":{"landuse":"farmland"},"geometry":{"type":"Polygon","coordinates":[[[14.7061,41.5523],[14.7062,41.5513],[14.7078,41.5525],[14.7061,41.5523]]]}},{"type":"Feature","properties":{"landuse":"farmland"},"geometry":{"type":"Polygon","coordinates":[[[14.7136,41.5594],[14.7153,41.558],[14.7163,41.5585],[14.7136,41.5594]]]}},{"type":"Feature","properties":{"landuse":"farmland"},"geometry":{"type":"Polygon","coordinates":[[[14.7121,41.5523],[14.7142,41.5522],[14.715,41.5536],[14.7121,41.5523]]]}},{"type":"Feature","properties":{"landuse":"farmland"},"geometry":{"type":"Polygon","coordinates":[[[14.7168,41.5581],[14.7168,41.5563],[14.7183,41.5564],[14.7168,41.5581]]]}},{"type":"Feature","properties":{"landuse":"farmland"},"geometry":{"type":"Polygon","coordinates":[[[14.7069,41.559],[14.7062,41.561],[14.7047,41.5592],[14.7069,41.559]]]}},{"type":"Feature","properties":{"landuse":"farmland"},"geometry":{"type":"Polygon","coordinates":[[[14.7064,41.5588],[14.706,41.5575],[14.7079,41.5581],[14.7064,41.5588]]]}},{"type":"Feature","properties":{"landuse":"farmland"},"geometry":{"type":"Polygon","coordinates":[[[14.7033,41.5589],[14.703,41.5574],[14.7042,41.5573],[14.7033,41.5589]]]}},{"type":"Feature","properties":{"landuse":"farmland"},"geometry":{"type":"Polygon","coordinates":[[[14.7049,41.5589],[14.7043,41.558],[14.7054,41.5576],[14.7049,41.5589]]]}},{"type":"Feature","properties":{"landuse":"farmland"},"geometry":{"type":"Polygon","coordinates":[[[14.708,41.5582],[14.7097,41.5586],[14.7083,41.5597],[14.708,41.5582]]]}},{"type":"Feature","properties":{"landuse":"farmland"},"geometry":{"type":"Polygon","coordinates":[[[14.7146,41.5608],[14.7156,41.5592],[14.7161,41.5598],[14.7146,41.5608]]]}},{"type":"Feature","properties":{"landuse":"farmland"},"geometry":{"type":"Polygon","coordinates":[[[14.7091,41.5613],[14.7063,41.5601],[14.7101,41.5606],[14.7079,41.5609],[14.7091,41.5613]]]}},{"type":"Feature","properties":{"landuse":"farmland"},"geometry":{"type":"Polygon","coordinates":[[[14.6914,41.5614],[14.689,41.5626],[14.6893,41.5611],[14.6914,41.5614]]]}},{"type":"Feature","properties":{"landuse":"farmland"},"geometry":{"type":"Polygon","coordinates":[[[14.7117,41.5396],[14.7162,41.5414],[14.7102,41.5414],[14.7117,41.5396]]]}},{"type":"Feature","properties":{"landuse":"farmland"},"geometry":{"type":"Polygon","coordinates":[[[14.7098,41.537],[14.7109,41.5365],[14.7118,41.5385],[14.7098,41.537]]]}},{"type":"Feature","properties":{"landuse":"farmland"},"geometry":{"type":"Polygon","coordinates":[[[14.7122,41.5386],[14.714,41.5367],[14.7151,41.5385],[14.7122,41.5386]]]}},{"type":"Feature","properties":{"landuse":"farmland"},"geometry":{"type":"Polygon","coordinates":[[[14.715,41.5309],[14.716,41.5296],[14.7167,41.5305],[14.715,41.5309]]]}},{"type":"Feature","properties":{"landuse":"farmland"},"geometry":{"type":"Polygon","coordinates":[[[14.713,41.5342],[14.7125,41.5331],[14.7144,41.5323],[14.713,41.5342]]]}},{"type":"Feature","properties":{"landuse":"farmland"},"geometry":{"type":"Polygon","coordinates":[[[14.722,41.5395],[14.7216,41.5377],[14.7266,41.5378],[14.722,41.5395]]]}},{"type":"Feature","properties":{"landuse":"farmland"},"geometry":{"type":"Polygon","coordinates":[[[14.7109,41.5424],[14.7102,41.5416],[14.7119,41.5418],[14.7109,41.5424]]]}},{"type":"Feature","properties":{"landuse":"farmland"},"geometry":{"type":"Polygon","coordinates":[[[14.7191,41.5433],[14.7159,41.5433],[14.719,41.5416],[14.7191,41.5433]]]}},{"type":"Feature","properties":{"landuse":"farmland"},"geometry":{"type":"Polygon","coordinates":[[[14.6991,41.5278],[14.7002,41.5266],[14.7,41.5283],[14.6991,41.5278]]]}},{"type":"Feature","properties":{"landuse":"farmland"},"geometry":{"type":"Polygon","coordinates":[[[14.7076,41.5342],[14.7104,41.5316],[14.7108,41.5323],[14.7076,41.5342]]]}},{"type":"Feature","properties":{"landuse":"farmland"},"geometry":{"type":"Polygon","coordinates":[[[14.6394,41.5892],[14.6381,41.5911],[14.6361,41.5901],[14.6394,41.5892]]]}},{"type":"Feature","properties":{"landuse":"farmland"},"geometry":{"type":"Polygon","coordinates":[[[14.6419,41.5975],[14.6342,41.595],[14.6414,41.5936],[14.6391,41.5899],[14.6472,41.5943],[14.6419,41.5975]]]}},{"type":"Feature","properties":{"landuse":"orchard"},"geometry":{"type":"Polygon","coordinates":[[[14.6354,41.5876],[14.637,41.5867],[14.6362,41.5881],[14.6354,41.5876]]]}},{"type":"Feature","properties":{"landuse":"farmland"},"geometry":{"type":"Polygon","coordinates":[[[14.6556,41.5922],[14.6566,41.5929],[14.6555,41.594],[14.6556,41.5922]]]}},{"type":"Feature","properties":{"landuse":"farmland"},"geometry":{"type":"Polygon","coordinates":[[[14.6554,41.5946],[14.6573,41.5933],[14.6582,41.5939],[14.6554,41.5946]]]}},{"type":"Feature","properties":{"landuse":"farmland"},"geometry":{"type":"Polygon","coordinates":[[[14.6435,41.5912],[14.6473,41.5898],[14.6488,41.5931],[14.6435,41.5912]]]}},{"type":"Feature","properties":{"landuse":"farmland"},"geometry":{"type":"Polygon","coordinates":[[[14.6526,41.5977],[14.6516,41.5964],[14.6548,41.5965],[14.6526,41.5977]]]}},{"type":"Feature","properties":{"landuse":"farmland"},"geometry":{"type":"Polygon","coordinates":[[[14.6505,41.5969],[14.6484,41.5944],[14.6547,41.5921],[14.6505,41.5969]]]}},{"type":"Feature","properties":{"landuse":"farmland"},"geometry":{"type":"Polygon","coordinates":[[[14.6546,41.5993],[14.6551,41.5981],[14.6562,41.5985],[14.6546,41.5993]]]}},{"type":"Feature","properties":{"landuse":"farmland"},"geometry":{"type":"Polygon","coordinates":[[[14.6509,41.5983],[14.6532,41.5979],[14.6548,41.6002],[14.6509,41.5983]]]}},{"type":"Feature","properties":{"landuse":"farmland"},"geometry":{"type":"Polygon","coordinates":[[[14.6468,41.603],[14.6519,41.6034],[14.6501,41.605],[14.6468,41.603]]]}},{"type":"Feature","properties":{"landuse":"farmland"},"geometry":{"type":"Polygon","coordinates":[[[14.6486,41.6017],[14.6439,41.5998],[14.6477,41.6001],[14.6481,41.5952],[14.6511,41.5978],[14.6486,41.6017]]]}},{"type":"Feature","properties":{"landuse":"farmland"},"geometry":{"type":"Polygon","coordinates":[[[14.6898,41.6185],[14.6914,41.6171],[14.6928,41.6184],[14.6898,41.6185]]]}},{"type":"Feature","properties":{"landuse":"farmland"},"geometry":{"type":"Polygon","coordinates":[[[14.6888,41.6203],[14.6878,41.6198],[14.6891,41.619],[14.6888,41.6203]]]}},{"type":"Feature","properties":{"landuse":"farmland"},"geometry":{"type":"Polygon","coordinates":[[[14.664,41.6082],[14.6629,41.6078],[14.6643,41.6061],[14.664,41.6082]]]}},{"type":"Feature","properties":{"landuse":"farmland"},"geometry":{"type":"Polygon","coordinates":[[[14.6576,41.6056],[14.6586,41.6039],[14.6606,41.6047],[14.6576,41.6056]]]}},{"type":"Feature","properties":{"landuse":"farmland"},"geometry":{"type":"Polygon","coordinates":[[[14.66,41.606],[14.6606,41.6047],[14.6617,41.605],[14.66,41.606]]]}},{"type":"Feature","properties":{"landuse":"farmland"},"geometry":{"type":"Polygon","coordinates":[[[14.6628,41.6028],[14.663,41.6063],[14.6617,41.6044],[14.6628,41.6028]]]}},{"type":"Feature","properties":{"landuse":"farmland"},"geometry":{"type":"Polygon","coordinates":[[[14.6633,41.604],[14.6624,41.6025],[14.664,41.6019],[14.6633,41.604]]]}},{"type":"Feature","properties":{"landuse":"farmland"},"geometry":{"type":"Polygon","coordinates":[[[14.6646,41.5957],[14.6651,41.6009],[14.6617,41.5976],[14.6646,41.5957]]]}},{"type":"Feature","properties":{"landuse":"farmland"},"geometry":{"type":"Polygon","coordinates":[[[14.6637,41.5989],[14.6648,41.601],[14.6614,41.6012],[14.6637,41.5989]]]}},{"type":"Feature","properties":{"landuse":"farmland"},"geometry":{"type":"Polygon","coordinates":[[[14.6568,41.6048],[14.6567,41.6012],[14.6617,41.6021],[14.6568,41.6048]]]}},{"type":"Feature","properties":{"landuse":"farmland"},"geometry":{"type":"Polygon","coordinates":[[[14.6232,41.6062],[14.6247,41.607],[14.6231,41.6083],[14.6232,41.6062]]]}},{"type":"Feature","properties":{"landuse":"farmland"},"geometry":{"type":"Polygon","coordinates":[[[14.6228,41.5942],[14.6244,41.5962],[14.6197,41.5966],[14.6228,41.5942]]]}},{"type":"Feature","properties":{"landuse":"farmland"},"geometry":{"type":"Polygon","coordinates":[[[14.634,41.6005],[14.6357,41.5967],[14.6422,41.5975],[14.6418,41.6037],[14.6444,41.6006],[14.6449,41.6033],[14.634,41.6005]]]}},{"type":"Feature","properties":{"landuse":"farmland"},"geometry":{"type":"Polygon","coordinates":[[[14.6317,41.605],[14.6329,41.6027],[14.6328,41.6048],[14.6317,41.605]]]}},{"type":"Feature","properties":{"landuse":"farmland"},"geometry":{"type":"Polygon","coordinates":[[[14.6383,41.6096],[14.639,41.6082],[14.6407,41.6087],[14.6383,41.6096]]]}},{"type":"Feature","properties":{"landuse":"farmland"},"geometry":{"type":"Polygon","coordinates":[[[14.6421,41.6091],[14.6508,41.609],[14.646,41.6136],[14.6421,41.6091]]]}},{"type":"Feature","properties":{"landuse":"farmland"},"geometry":{"type":"Polygon","coordinates":[[[14.6392,41.6057],[14.6383,41.6036],[14.6409,41.6044],[14.6392,41.6057]]]}},{"type":"Feature","properties":{"landuse":"farmland"},"geometry":{"type":"Polygon","coordinates":[[[14.6429,41.6047],[14.6484,41.604],[14.6458,41.6061],[14.6429,41.6047]]]}},{"type":"Feature","properties":{"landuse":"farmland"},"geometry":{"type":"Polygon","coordinates":[[[14.6336,41.607],[14.6343,41.603],[14.6308,41.6021],[14.6329,41.5998],[14.6424,41.6071],[14.6336,41.607]]]}},{"type":"Feature","properties":{"landuse":"farmland"},"geometry":{"type":"Polygon","coordinates":[[[14.6353,41.6087],[14.6389,41.6081],[14.6376,41.6102],[14.6353,41.6087]]]}},{"type":"Feature","properties":{"landuse":"farmland"},"geometry":{"type":"Polygon","coordinates":[[[14.6297,41.6078],[14.6258,41.6088],[14.6248,41.6043],[14.6343,41.6083],[14.6281,41.6105],[14.6297,41.6078]]]}},{"type":"Feature","properties":{"landuse":"farmland"},"geometry":{"type":"Polygon","coordinates":[[[14.6322,41.6005],[14.6308,41.5988],[14.6336,41.599],[14.6322,41.6005]]]}},{"type":"Feature","properties":{"landuse":"farmland"},"geometry":{"type":"Polygon","coordinates":[[[14.631,41.5976],[14.6264,41.5968],[14.6356,41.5978],[14.631,41.5976]]]}},{"type":"Feature","properties":{"landuse":"orchard"},"geometry":{"type":"Polygon","coordinates":[[[14.6206,41.5948],[14.6197,41.5966],[14.6176,41.5953],[14.6206,41.5948]]]}},{"type":"Feature","properties":{"landuse":"farmland"},"geometry":{"type":"Polygon","coordinates":[[[14.6307,41.6033],[14.6318,41.6024],[14.6305,41.6052],[14.6307,41.6033]]]}},{"type":"Feature","properties":{"landuse":"orchard"},"geometry":{"type":"Polygon","coordinates":[[[14.6346,41.5983],[14.6346,41.6004],[14.6337,41.5984],[14.6346,41.5983]]]}},{"type":"Feature","properties":{"landuse":"farmland"},"geometry":{"type":"Polygon","coordinates":[[[14.6285,41.6013],[14.6269,41.5988],[14.6309,41.6009],[14.6285,41.6013]]]}},{"type":"Feature","properties":{"landuse":"farmland"},"geometry":{"type":"Polygon","coordinates":[[[14.6426,41.6047],[14.6471,41.6066],[14.6398,41.6065],[14.6426,41.6047]]]}},{"type":"Feature","properties":{"landuse":"farmland"},"geometry":{"type":"Polygon","coordinates":[[[14.6479,41.6047],[14.6517,41.6064],[14.6487,41.6062],[14.6479,41.6047]]]}},{"type":"Feature","properties":{"landuse":"farmland"},"geometry":{"type":"Polygon","coordinates":[[[14.6475,41.6076],[14.6514,41.6068],[14.6512,41.6084],[14.6475,41.6076]]]}},{"type":"Feature","properties":{"landuse":"farmland"},"geometry":{"type":"Polygon","coordinates":[[[14.6124,41.5935],[14.6129,41.5944],[14.6115,41.5942],[14.6124,41.5935]]]}},{"type":"Feature","properties":{"landuse":"farmland"},"geometry":{"type":"Polygon","coordinates":[[[14.6146,41.595],[14.6125,41.5935],[14.6147,41.592],[14.6167,41.5939],[14.6146,41.595]]]}},{"type":"Feature","properties":{"landuse":"farmland"},"geometry":{"type":"Polygon","coordinates":[[[14.6113,41.5919],[14.6113,41.593],[14.6091,41.5935],[14.6113,41.5919]]]}},{"type":"Feature","properties":{"landuse":"farmland"},"geometry":{"type":"Polygon","coordinates":[[[14.6125,41.6027],[14.6131,41.601],[14.6146,41.6028],[14.6125,41.6027]]]}},{"type":"Feature","properties":{"landuse":"orchard"},"geometry":{"type":"Polygon","coordinates":[[[14.683,41.5499],[14.683,41.5485],[14.6844,41.5493],[14.683,41.5499]]]}},{"type":"Feature","properties":{"landuse":"farmland"},"geometry":{"type":"Polygon","coordinates":[[[14.6665,41.6178],[14.6667,41.6155],[14.6682,41.6167],[14.6665,41.6178]]]}},{"type":"Feature","properties":{"landuse":"farmland"},"geometry":{"type":"Polygon","coordinates":[[[14.6703,41.6201],[14.6747,41.62],[14.6733,41.6205],[14.6703,41.6201]]]}},{"type":"Feature","properties":{"landuse":"farmland"},"geometry":{"type":"Polygon","coordinates":[[[14.6734,41.6186],[14.6735,41.6171],[14.6754,41.6179],[14.6734,41.6186]]]}},{"type":"Feature","properties":{"landuse":"farmland"},"geometry":{"type":"Polygon","coordinates":[[[14.6721,41.6217],[14.6675,41.6194],[14.6728,41.6205],[14.6721,41.6217]]]}},{"type":"Feature","properties":{"landuse":"farmland"},"geometry":{"type":"Polygon","coordinates":[[[14.6739,41.622],[14.6726,41.6218],[14.6746,41.621],[14.6739,41.622]]]}},{"type":"Feature","properties":{"landuse":"farmland"},"geometry":{"type":"Polygon","coordinates":[[[14.7006,41.6119],[14.7031,41.6111],[14.7022,41.6134],[14.7006,41.6119]]]}},{"type":"Feature","properties":{"landuse":"farmland"},"geometry":{"type":"Polygon","coordinates":[[[14.6864,41.6173],[14.6888,41.6188],[14.6877,41.619],[14.6864,41.6173]]]}},{"type":"Feature","properties":{"landuse":"farmland"},"geometry":{"type":"Polygon","coordinates":[[[14.7016,41.6074],[14.7001,41.6092],[14.7001,41.6065],[14.7016,41.6074]]]}},{"type":"Feature","properties":{"landuse":"farmland"},"geometry":{"type":"Polygon","coordinates":[[[14.701,41.6064],[14.7023,41.6047],[14.7055,41.6074],[14.701,41.6064]]]}},{"type":"Feature","properties":{"landuse":"farmland"},"geometry":{"type":"Polygon","coordinates":[[[14.7006,41.6025],[14.702,41.6043],[14.7002,41.6054],[14.7006,41.6025]]]}},{"type":"Feature","properties":{"landuse":"farmland"},"geometry":{"type":"Polygon","coordinates":[[[14.7048,41.6038],[14.7038,41.6013],[14.7069,41.6028],[14.7048,41.6038]]]}},{"type":"Feature","properties":{"landuse":"farmland"},"geometry":{"type":"Polygon","coordinates":[[[14.7039,41.6055],[14.7071,41.6033],[14.7084,41.6055],[14.7039,41.6055]]]}},{"type":"Feature","properties":{"landuse":"farmland"},"geometry":{"type":"Polygon","coordinates":[[[14.703,41.6066],[14.7035,41.6081],[14.7021,41.6077],[14.703,41.6066]]]}},{"type":"Feature","properties":{"landuse":"farmland"},"geometry":{"type":"Polygon","coordinates":[[[14.7029,41.6095],[14.7027,41.6106],[14.7006,41.61],[14.7029,41.6095]]]}},{"type":"Feature","properties":{"landuse":"farmland"},"geometry":{"type":"Polygon","coordinates":[[[14.6849,41.6118],[14.6875,41.6105],[14.6878,41.6121],[14.6849,41.6118]]]}},{"type":"Feature","properties":{"landuse":"farmland"},"geometry":{"type":"Polygon","coordinates":[[[14.6894,41.6148],[14.6861,41.6124],[14.688,41.6103],[14.6894,41.6148]]]}},{"type":"Feature","properties":{"landuse":"farmland"},"geometry":{"type":"Polygon","coordinates":[[[14.6831,41.6135],[14.6802,41.6147],[14.6809,41.6124],[14.6831,41.6135]]]}},{"type":"Feature","properties":{"landuse":"farmland"},"geometry":{"type":"Polygon","coordinates":[[[14.6841,41.6165],[14.6821,41.6158],[14.6874,41.6135],[14.6841,41.6165]]]}},{"type":"Feature","properties":{"landuse":"farmland"},"geometry":{"type":"Polygon","coordinates":[[[14.6886,41.6149],[14.6883,41.6175],[14.6857,41.6171],[14.6886,41.6149]]]}},{"type":"Feature","properties":{"landuse":"farmland"},"geometry":{"type":"Polygon","coordinates":[[[14.6911,41.6044],[14.6926,41.606],[14.6911,41.6077],[14.6911,41.6044]]]}},{"type":"Feature","properties":{"landuse":"farmland"},"geometry":{"type":"Polygon","coordinates":[[[14.688,41.6016],[14.6898,41.6033],[14.6891,41.6036],[14.688,41.6016]]]}},{"type":"Feature","properties":{"landuse":"farmland"},"geometry":{"type":"Polygon","coordinates":[[[14.6875,41.6019],[14.6896,41.605],[14.689,41.6076],[14.6875,41.6019]]]}},{"type":"Feature","properties":{"landuse":"farmland"},"geometry":{"type":"Polygon","coordinates":[[[14.6863,41.6001],[14.689,41.6052],[14.6858,41.6026],[14.6863,41.6001]]]}},{"type":"Feature","properties":{"landuse":"farmland"},"geometry":{"type":"Polygon","coordinates":[[[14.6909,41.6129],[14.6906,41.6117],[14.6918,41.6127],[14.6909,41.6129]]]}},{"type":"Feature","properties":{"landuse":"farmland"},"geometry":{"type":"Polygon","coordinates":[[[14.6946,41.6146],[14.6924,41.6135],[14.7001,41.6104],[14.6946,41.6146]]]}},{"type":"Feature","properties":{"landuse":"farmland"},"geometry":{"type":"Polygon","coordinates":[[[14.6918,41.6152],[14.6916,41.6129],[14.6944,41.6146],[14.6918,41.6152]]]}},{"type":"Feature","properties":{"landuse":"farmland"},"geometry":{"type":"Polygon","coordinates":[[[14.6958,41.6156],[14.6987,41.6138],[14.6989,41.6156],[14.6958,41.6156]]]}},{"type":"Feature","properties":{"landuse":"farmland"},"geometry":{"type":"Polygon","coordinates":[[[14.6901,41.613],[14.6887,41.608],[14.6896,41.6085],[14.6901,41.613]]]}},{"type":"Feature","properties":{"landuse":"farmland"},"geometry":{"type":"Polygon","coordinates":[[[14.6877,41.6086],[14.6864,41.608],[14.6883,41.6074],[14.6877,41.6086]]]}},{"type":"Feature","properties":{"landuse":"farmland"},"geometry":{"type":"Polygon","coordinates":[[[14.6884,41.6072],[14.6868,41.607],[14.688,41.6053],[14.6884,41.6072]]]}},{"type":"Feature","properties":{"landuse":"farmland"},"geometry":{"type":"Polygon","coordinates":[[[14.6846,41.6016],[14.6878,41.6047],[14.6863,41.605],[14.6846,41.6016]]]}},{"type":"Feature","properties":{"landuse":"farmland"},"geometry":{"type":"Polygon","coordinates":[[[14.6773,41.6055],[14.6775,41.6038],[14.6813,41.6029],[14.6773,41.6055]]]}},{"type":"Feature","properties":{"landuse":"farmland"},"geometry":{"type":"Polygon","coordinates":[[[14.6826,41.6046],[14.682,41.6024],[14.6833,41.6021],[14.6826,41.6046]]]}},{"type":"Feature","properties":{"landuse":"farmland"},"geometry":{"type":"Polygon","coordinates":[[[14.6835,41.6038],[14.6846,41.6046],[14.683,41.6051],[14.6835,41.6038]]]}},{"type":"Feature","properties":{"landuse":"farmland"},"geometry":{"type":"Polygon","coordinates":[[[14.6724,41.6071],[14.6738,41.6063],[14.6749,41.6068],[14.6724,41.6071]]]}},{"type":"Feature","properties":{"landuse":"farmland"},"geometry":{"type":"Polygon","coordinates":[[[14.6698,41.6086],[14.6727,41.6077],[14.6711,41.6089],[14.6698,41.6086]]]}},{"type":"Feature","properties":{"landuse":"farmland"},"geometry":{"type":"Polygon","coordinates":[[[14.6772,41.6124],[14.6795,41.6116],[14.6806,41.6137],[14.6772,41.6124]]]}},{"type":"Feature","properties":{"landuse":"farmland"},"geometry":{"type":"Polygon","coordinates":[[[14.6809,41.6098],[14.6824,41.6117],[14.6794,41.6098],[14.6809,41.6098]]]}},{"type":"Feature","properties":{"landuse":"farmland"},"geometry":{"type":"Polygon","coordinates":[[[14.6808,41.6098],[14.6796,41.6096],[14.6828,41.6088],[14.6808,41.6098]]]}},{"type":"Feature","properties":{"landuse":"farmland"},"geometry":{"type":"Polygon","coordinates":[[[14.6846,41.6048],[14.6861,41.6055],[14.6841,41.6059],[14.6846,41.6048]]]}},{"type":"Feature","properties":{"landuse":"vineyard"},"geometry":{"type":"Polygon","coordinates":[[[14.6834,41.6058],[14.6846,41.6048],[14.6848,41.6054],[14.6834,41.6058]]]}},{"type":"Feature","properties":{"landuse":"farmland"},"geometry":{"type":"Polygon","coordinates":[[[14.6789,41.6111],[14.6771,41.6098],[14.6826,41.6059],[14.6789,41.6111]]]}},{"type":"Feature","properties":{"landuse":"farmland"},"geometry":{"type":"Polygon","coordinates":[[[14.6756,41.6109],[14.6755,41.6099],[14.6781,41.6116],[14.6756,41.6109]]]}},{"type":"Feature","properties":{"landuse":"farmland"},"geometry":{"type":"Polygon","coordinates":[[[14.6723,41.6146],[14.6736,41.6152],[14.6711,41.6134],[14.6723,41.6146]]]}},{"type":"Feature","properties":{"landuse":"farmland"},"geometry":{"type":"Polygon","coordinates":[[[14.6724,41.6144],[14.6772,41.6144],[14.6774,41.6168],[14.6724,41.6144]]]}},{"type":"Feature","properties":{"landuse":"farmland"},"geometry":{"type":"Polygon","coordinates":[[[14.6786,41.6156],[14.6812,41.6153],[14.6841,41.6172],[14.6786,41.6156]]]}},{"type":"Feature","properties":{"landuse":"farmland"},"geometry":{"type":"Polygon","coordinates":[[[14.6709,41.6129],[14.6733,41.6142],[14.672,41.6142],[14.6709,41.6129]]]}},{"type":"Feature","properties":{"landuse":"orchard"},"geometry":{"type":"Polygon","coordinates":[[[14.6746,41.6146],[14.6736,41.6137],[14.6749,41.6141],[14.6746,41.6146]]]}},{"type":"Feature","properties":{"landuse":"farmland"},"geometry":{"type":"Polygon","coordinates":[[[14.6733,41.6134],[14.6712,41.6122],[14.68,41.6138],[14.6733,41.6134]]]}},{"type":"Feature","properties":{"landuse":"farmland"},"geometry":{"type":"Polygon","coordinates":[[[14.6691,41.6151],[14.6705,41.6126],[14.6714,41.6143],[14.6691,41.6151]]]}},{"type":"Feature","properties":{"landuse":"farmland"},"geometry":{"type":"Polygon","coordinates":[[[14.6692,41.6118],[14.6685,41.6111],[14.6712,41.6105],[14.6692,41.6118]]]}},{"type":"Feature","properties":{"landuse":"farmland"},"geometry":{"type":"Polygon","coordinates":[[[14.7098,41.6019],[14.7116,41.5976],[14.7111,41.6024],[14.7098,41.6019]]]}},{"type":"Feature","properties":{"landuse":"farmland"},"geometry":{"type":"Polygon","coordinates":[[[14.7101,41.5987],[14.708,41.5976],[14.7114,41.5966],[14.7101,41.5987]]]}},{"type":"Feature","properties":{"landuse":"farmland"},"geometry":{"type":"Polygon","coordinates":[[[14.0483,41.4735],[14.0497,41.4755],[14.0482,41.4748],[14.0483,41.4735]]]}},{"type":"Feature","properties":{"landuse":"farmland"},"geometry":{"type":"Polygon","coordinates":[[[14.7085,41.6059],[14.7092,41.608],[14.707,41.6073],[14.7085,41.6059]]]}},{"type":"Feature","properties":{"landuse":"farmland"},"geometry":{"type":"Polygon","coordinates":[[[14.71,41.607],[14.7081,41.6043],[14.711,41.6061],[14.71,41.607]]]}},{"type":"Feature","properties":{"landuse":"farmland"},"geometry":{"type":"Polygon","coordinates":[[[14.7096,41.6049],[14.7073,41.6032],[14.7121,41.6037],[14.7096,41.6049]]]}},{"type":"Feature","properties":{"landuse":"farmland"},"geometry":{"type":"Polygon","coordinates":[[[14.6401,41.5556],[14.6375,41.5536],[14.6408,41.5536],[14.6401,41.5556]]]}},{"type":"Feature","properties":{"landuse":"farmland"},"geometry":{"type":"Polygon","coordinates":[[[14.8602,41.6115],[14.8582,41.612],[14.8595,41.6099],[14.8602,41.6115]]]}},{"type":"Feature","properties":{"landuse":"orchard"},"geometry":{"type":"Polygon","coordinates":[[[14.866,41.6075],[14.8686,41.6073],[14.8654,41.6088],[14.866,41.6075]]]}},{"type":"Feature","properties":{"landuse":"farmland"},"geometry":{"type":"Polygon","coordinates":[[[14.8649,41.6062],[14.8705,41.6049],[14.8718,41.6065],[14.8649,41.6062]]]}},{"type":"Feature","properties":{"landuse":"farmland"},"geometry":{"type":"Polygon","coordinates":[[[14.8581,41.612],[14.8531,41.6098],[14.8714,41.6072],[14.8718,41.6095],[14.8581,41.612]]]}},{"type":"Feature","properties":{"landuse":"farmland"},"geometry":{"type":"Polygon","coordinates":[[[14.8657,41.6047],[14.8675,41.6034],[14.8689,41.6046],[14.8657,41.6047]]]}},{"type":"Feature","properties":{"landuse":"farmland"},"geometry":{"type":"Polygon","coordinates":[[[14.8666,41.6039],[14.8658,41.6025],[14.8701,41.6032],[14.8666,41.6039]]]}},{"type":"Feature","properties":{"landuse":"farmland"},"geometry":{"type":"Polygon","coordinates":[[[14.8653,41.6026],[14.8657,41.6047],[14.8618,41.6031],[14.8641,41.5997],[14.8688,41.6004],[14.8653,41.6026]]]}},{"type":"Feature","properties":{"landuse":"farmland"},"geometry":{"type":"Polygon","coordinates":[[[14.8598,41.6024],[14.859,41.6011],[14.8612,41.6021],[14.8598,41.6024]]]}},{"type":"Feature","properties":{"landuse":"farmland"},"geometry":{"type":"Polygon","coordinates":[[[14.7101,41.8142],[14.7108,41.8119],[14.7141,41.8109],[14.7101,41.8142]]]}},{"type":"Feature","properties":{"landuse":"farmland"},"geometry":{"type":"Polygon","coordinates":[[[14.6181,41.5456],[14.6201,41.5446],[14.6233,41.5466],[14.6181,41.5456]]]}},{"type":"Feature","properties":{"landuse":"farmland"},"geometry":{"type":"Polygon","coordinates":[[[14.6189,41.5447],[14.6191,41.5422],[14.6233,41.5457],[14.6189,41.5447]]]}},{"type":"Feature","properties":{"landuse":"farmland"},"geometry":{"type":"Polygon","coordinates":[[[14.8566,41.6264],[14.8545,41.6248],[14.8572,41.6228],[14.8566,41.6264]]]}},{"type":"Feature","properties":{"landuse":"orchard"},"geometry":{"type":"Polygon","coordinates":[[[14.877,41.6103],[14.8754,41.6095],[14.877,41.609],[14.877,41.6103]]]}},{"type":"Feature","properties":{"landuse":"farmland"},"geometry":{"type":"Polygon","coordinates":[[[14.8461,41.6159],[14.8439,41.6241],[14.8408,41.6232],[14.8426,41.6188],[14.841,41.62],[14.8383,41.6138],[14.8477,41.6126],[14.8461,41.6159]]]}},{"type":"Feature","properties":{"landuse":"farmland"},"geometry":{"type":"Polygon","coordinates":[[[14.8672,41.6144],[14.8544,41.6121],[14.8707,41.6096],[14.8751,41.613],[14.8672,41.6144]]]}},{"type":"Feature","properties":{"landuse":"farmland"},"geometry":{"type":"Polygon","coordinates":[[[14.8569,41.621],[14.8558,41.6229],[14.8564,41.6161],[14.8635,41.6155],[14.8627,41.6188],[14.8603,41.6165],[14.8624,41.6193],[14.8574,41.6162],[14.8569,41.621]]]}},{"type":"Feature","properties":{"landuse":"farmland"},"geometry":{"type":"Polygon","coordinates":[[[14.8579,41.6183],[14.864,41.6199],[14.864,41.6221],[14.8579,41.6183]]]}},{"type":"Feature","properties":{"landuse":"farmland"},"geometry":{"type":"Polygon","coordinates":[[[14.8538,41.6121],[14.8584,41.6139],[14.8572,41.6153],[14.8538,41.6121]]]}},{"type":"Feature","properties":{"landuse":"farmland"},"geometry":{"type":"Polygon","coordinates":[[[14.8538,41.6141],[14.8565,41.6149],[14.8549,41.6152],[14.8538,41.6141]]]}},{"type":"Feature","properties":{"landuse":"farmland"},"geometry":{"type":"Polygon","coordinates":[[[14.8587,41.6154],[14.8601,41.614],[14.8662,41.6165],[14.8587,41.6154]]]}},{"type":"Feature","properties":{"landuse":"farmland"},"geometry":{"type":"Polygon","coordinates":[[[14.8459,41.6185],[14.8466,41.6173],[14.8481,41.6184],[14.8459,41.6185]]]}},{"type":"Feature","properties":{"landuse":"farmland"},"geometry":{"type":"Polygon","coordinates":[[[14.8673,41.6215],[14.8696,41.622],[14.8674,41.6227],[14.8673,41.6215]]]}},{"type":"Feature","properties":{"landuse":"farmland"},"geometry":{"type":"Polygon","coordinates":[[[14.885,41.633],[14.8847,41.6318],[14.8867,41.6328],[14.885,41.633]]]}},{"type":"Feature","properties":{"landuse":"farmland"},"geometry":{"type":"Polygon","coordinates":[[[14.8847,41.6299],[14.8862,41.6319],[14.8831,41.6306],[14.8847,41.6299]]]}},{"type":"Feature","properties":{"landuse":"orchard"},"geometry":{"type":"Polygon","coordinates":[[[14.8827,41.6317],[14.8817,41.6306],[14.8839,41.632],[14.8827,41.6317]]]}},{"type":"Feature","properties":{"landuse":"farmland"},"geometry":{"type":"Polygon","coordinates":[[[14.8793,41.6312],[14.8808,41.6322],[14.8779,41.6313],[14.8793,41.6312]]]}},{"type":"Feature","properties":{"landuse":"farmland"},"geometry":{"type":"Polygon","coordinates":[[[14.8776,41.6297],[14.8793,41.6291],[14.8794,41.6309],[14.8776,41.6297]]]}},{"type":"Feature","properties":{"landuse":"farmland"},"geometry":{"type":"Polygon","coordinates":[[[14.8757,41.628],[14.875,41.6266],[14.8779,41.6284],[14.8757,41.628]]]}},{"type":"Feature","properties":{"landuse":"farmland"},"geometry":{"type":"Polygon","coordinates":[[[14.8787,41.6281],[14.8764,41.6277],[14.8762,41.6259],[14.8787,41.6281]]]}},{"type":"Feature","properties":{"landuse":"farmland"},"geometry":{"type":"Polygon","coordinates":[[[14.8548,41.6227],[14.8534,41.622],[14.8541,41.6212],[14.8548,41.6227]]]}},{"type":"Feature","properties":{"landuse":"farmland"},"geometry":{"type":"Polygon","coordinates":[[[14.8469,41.6224],[14.8482,41.6212],[14.8503,41.6218],[14.8469,41.6224]]]}},{"type":"Feature","properties":{"landuse":"farmland"},"geometry":{"type":"Polygon","coordinates":[[[14.855,41.6154],[14.8562,41.6176],[14.8528,41.6171],[14.855,41.6154]]]}},{"type":"Feature","properties":{"landuse":"farmland"},"geometry":{"type":"Polygon","coordinates":[[[14.8491,41.6143],[14.8482,41.6129],[14.8534,41.612],[14.8491,41.6143]]]}},{"type":"Feature","properties":{"landuse":"farmland"},"geometry":{"type":"Polygon","coordinates":[[[14.8531,41.6174],[14.8554,41.6174],[14.8548,41.6187],[14.8531,41.6174]]]}},{"type":"Feature","properties":{"landuse":"farmland"},"geometry":{"type":"Polygon","coordinates":[[[14.8549,41.6182],[14.8572,41.6184],[14.8564,41.6203],[14.8549,41.6182]]]}},{"type":"Feature","properties":{"landuse":"orchard"},"geometry":{"type":"Polygon","coordinates":[[[14.8534,41.6187],[14.8556,41.6227],[14.8528,41.6215],[14.8534,41.6187]]]}},{"type":"Feature","properties":{"landuse":"orchard"},"geometry":{"type":"Polygon","coordinates":[[[14.8502,41.6269],[14.8488,41.6262],[14.8493,41.6253],[14.8502,41.6269]]]}},{"type":"Feature","properties":{"landuse":"farmland"},"geometry":{"type":"Polygon","coordinates":[[[14.8658,41.6215],[14.8663,41.6204],[14.8684,41.6215],[14.8658,41.6215]]]}},{"type":"Feature","properties":{"landuse":"farmland"},"geometry":{"type":"Polygon","coordinates":[[[14.8493,41.6211],[14.8479,41.6189],[14.8493,41.6155],[14.8493,41.6211]]]}},{"type":"Feature","properties":{"landuse":"farmland"},"geometry":{"type":"Polygon","coordinates":[[[14.8495,41.6193],[14.8497,41.6153],[14.8529,41.614],[14.8526,41.6227],[14.8495,41.6193]]]}},{"type":"Feature","properties":{"landuse":"farmland"},"geometry":{"type":"Polygon","coordinates":[[[14.7035,41.8118],[14.7044,41.8105],[14.7056,41.8122],[14.7035,41.8118]]]}},{"type":"Feature","properties":{"landuse":"farmland"},"geometry":{"type":"Polygon","coordinates":[[[14.6987,41.8118],[14.7002,41.8114],[14.6984,41.8131],[14.6987,41.8118]]]}},{"type":"Feature","properties":{"landuse":"farmland"},"geometry":{"type":"Polygon","coordinates":[[[14.7439,41.8419],[14.7505,41.8398],[14.7483,41.8423],[14.7439,41.8419]]]}},{"type":"Feature","properties":{"landuse":"farmland"},"geometry":{"type":"Polygon","coordinates":[[[14.7354,41.8431],[14.737,41.8421],[14.7389,41.8421],[14.7354,41.8431]]]}},{"type":"Feature","properties":{"landuse":"farmland"},"geometry":{"type":"Polygon","coordinates":[[[14.7403,41.8412],[14.7427,41.8391],[14.7454,41.8401],[14.7403,41.8412]]]}},{"type":"Feature","properties":{"landuse":"farmland"},"geometry":{"type":"Polygon","coordinates":[[[14.7363,41.8401],[14.7366,41.838],[14.7376,41.8383],[14.7363,41.8401]]]}},{"type":"Feature","properties":{"landuse":"farmland"},"geometry":{"type":"Polygon","coordinates":[[[14.7377,41.8395],[14.7386,41.8388],[14.7388,41.8407],[14.7377,41.8395]]]}},{"type":"Feature","properties":{"landuse":"farmland"},"geometry":{"type":"Polygon","coordinates":[[[14.7457,41.8332],[14.744,41.8328],[14.7457,41.8306],[14.7457,41.8332]]]}},{"type":"Feature","properties":{"landuse":"orchard"},"geometry":{"type":"Polygon","coordinates":[[[14.7417,41.8315],[14.7416,41.8303],[14.743,41.8311],[14.7417,41.8315]]]}},{"type":"Feature","properties":{"landuse":"farmland"},"geometry":{"type":"Polygon","coordinates":[[[14.7304,41.8401],[14.7297,41.8383],[14.7307,41.8383],[14.7304,41.8401]]]}},{"type":"Feature","properties":{"landuse":"farmland"},"geometry":{"type":"Polygon","coordinates":[[[14.7209,41.8372],[14.7197,41.8371],[14.721,41.8362],[14.7209,41.8372]]]}},{"type":"Feature","properties":{"landuse":"farmland"},"geometry":{"type":"Polygon","coordinates":[[[14.7182,41.8362],[14.7139,41.8388],[14.7157,41.8359],[14.7182,41.8362]]]}},{"type":"Feature","properties":{"landuse":"farmland"},"geometry":{"type":"Polygon","coordinates":[[[14.704,41.835],[14.7042,41.8335],[14.7055,41.8343],[14.704,41.835]]]}},{"type":"Feature","properties":{"landuse":"farmland"},"geometry":{"type":"Polygon","coordinates":[[[14.7313,41.8063],[14.7319,41.8052],[14.7341,41.8066],[14.7313,41.8063]]]}},{"type":"Feature","properties":{"landuse":"farmland"},"geometry":{"type":"Polygon","coordinates":[[[14.7311,41.8062],[14.7283,41.8061],[14.73,41.8045],[14.7311,41.8062]]]}},{"type":"Feature","properties":{"landuse":"farmland"},"geometry":{"type":"Polygon","coordinates":[[[14.7309,41.8056],[14.7299,41.804],[14.7315,41.804],[14.7309,41.8056]]]}},{"type":"Feature","properties":{"landuse":"farmland"},"geometry":{"type":"Polygon","coordinates":[[[14.7297,41.807],[14.7298,41.8077],[14.7269,41.8074],[14.7297,41.807]]]}},{"type":"Feature","properties":{"landuse":"farmland"},"geometry":{"type":"Polygon","coordinates":[[[14.729,41.8027],[14.7278,41.8061],[14.7258,41.8038],[14.729,41.8027]]]}},{"type":"Feature","properties":{"landuse":"farmland"},"geometry":{"type":"Polygon","coordinates":[[[14.7222,41.8045],[14.7252,41.8041],[14.7236,41.8062],[14.7222,41.8045]]]}},{"type":"Feature","properties":{"landuse":"farmland"},"geometry":{"type":"Polygon","coordinates":[[[14.7213,41.8059],[14.7205,41.8049],[14.7217,41.8041],[14.7213,41.8059]]]}},{"type":"Feature","properties":{"landuse":"farmland"},"geometry":{"type":"Polygon","coordinates":[[[14.7224,41.808],[14.7214,41.8076],[14.7218,41.8066],[14.7224,41.808]]]}},{"type":"Feature","properties":{"landuse":"orchard"},"geometry":{"type":"Polygon","coordinates":[[[14.9115,41.6172],[14.9154,41.6182],[14.9126,41.6197],[14.9115,41.6172]]]}},{"type":"Feature","properties":{"landuse":"farmland"},"geometry":{"type":"Polygon","coordinates":[[[14.8834,41.6243],[14.8831,41.6233],[14.885,41.6239],[14.8834,41.6243]]]}},{"type":"Feature","properties":{"landuse":"farmland"},"geometry":{"type":"Polygon","coordinates":[[[14.8794,41.6231],[14.88,41.6209],[14.8818,41.6206],[14.8794,41.6231]]]}},{"type":"Feature","properties":{"landuse":"farmland"},"geometry":{"type":"Polygon","coordinates":[[[14.871,41.6259],[14.8734,41.6262],[14.8725,41.6268],[14.871,41.6259]]]}},{"type":"Feature","properties":{"landuse":"farmland"},"geometry":{"type":"Polygon","coordinates":[[[14.8849,41.6253],[14.8863,41.6259],[14.8851,41.6266],[14.8849,41.6253]]]}},{"type":"Feature","properties":{"landuse":"orchard"},"geometry":{"type":"Polygon","coordinates":[[[14.8871,41.6271],[14.8863,41.6259],[14.8875,41.6261],[14.8871,41.6271]]]}},{"type":"Feature","properties":{"landuse":"farmland"},"geometry":{"type":"Polygon","coordinates":[[[14.8891,41.626],[14.8876,41.6255],[14.8907,41.6246],[14.8891,41.626]]]}},{"type":"Feature","properties":{"landuse":"orchard"},"geometry":{"type":"Polygon","coordinates":[[[14.8778,41.6373],[14.8779,41.6346],[14.8823,41.6356],[14.8778,41.6373]]]}},{"type":"Feature","properties":{"landuse":"farmland"},"geometry":{"type":"Polygon","coordinates":[[[14.8833,41.6367],[14.8855,41.636],[14.8784,41.6391],[14.8833,41.6367]]]}},{"type":"Feature","properties":{"landuse":"farmland"},"geometry":{"type":"Polygon","coordinates":[[[14.8709,41.6405],[14.8703,41.6395],[14.8713,41.6392],[14.8709,41.6405]]]}},{"type":"Feature","properties":{"landuse":"farmland"},"geometry":{"type":"Polygon","coordinates":[[[14.8663,41.6377],[14.8684,41.6386],[14.8663,41.6382],[14.8674,41.6405],[14.8663,41.6377]]]}},{"type":"Feature","properties":{"landuse":"farmland"},"geometry":{"type":"Polygon","coordinates":[[[14.871,41.642],[14.874,41.6408],[14.8736,41.6433],[14.871,41.642]]]}},{"type":"Feature","properties":{"landuse":"orchard"},"geometry":{"type":"Polygon","coordinates":[[[14.8711,41.6432],[14.869,41.6424],[14.8707,41.6421],[14.8711,41.6432]]]}},{"type":"Feature","properties":{"landuse":"farmland"},"geometry":{"type":"Polygon","coordinates":[[[14.872,41.6407],[14.8724,41.6388],[14.8738,41.6404],[14.872,41.6407]]]}},{"type":"Feature","properties":{"landuse":"farmland"},"geometry":{"type":"Polygon","coordinates":[[[14.8736,41.6399],[14.8758,41.6357],[14.8759,41.6394],[14.8736,41.6399]]]}},{"type":"Feature","properties":{"landuse":"orchard"},"geometry":{"type":"Polygon","coordinates":[[[14.868,41.6269],[14.8683,41.6287],[14.8636,41.6285],[14.868,41.6269]]]}},{"type":"Feature","properties":{"landuse":"orchard"},"geometry":{"type":"Polygon","coordinates":[[[14.8631,41.6294],[14.8631,41.6284],[14.8642,41.6301],[14.8631,41.6294]]]}},{"type":"Feature","properties":{"landuse":"orchard"},"geometry":{"type":"Polygon","coordinates":[[[14.8573,41.633],[14.8601,41.6317],[14.859,41.6332],[14.8573,41.633]]]}},{"type":"Feature","properties":{"landuse":"orchard"},"geometry":{"type":"Polygon","coordinates":[[[14.8508,41.637],[14.8524,41.6357],[14.8532,41.6389],[14.8508,41.637]]]}},{"type":"Feature","properties":{"landuse":"farmland"},"geometry":{"type":"Polygon","coordinates":[[[14.844,41.6241],[14.8481,41.6223],[14.8467,41.627],[14.844,41.6241]]]}},{"type":"Feature","properties":{"landuse":"farmland"},"geometry":{"type":"Polygon","coordinates":[[[14.8457,41.629],[14.8393,41.6254],[14.8434,41.6244],[14.8457,41.629]]]}},{"type":"Feature","properties":{"landuse":"farmland"},"geometry":{"type":"Polygon","coordinates":[[[14.853,41.6294],[14.8477,41.6304],[14.8456,41.6277],[14.853,41.6294]]]}},{"type":"Feature","properties":{"landuse":"farmland"},"geometry":{"type":"Polygon","coordinates":[[[14.8492,41.6279],[14.8506,41.6262],[14.8476,41.6271],[14.8465,41.6243],[14.8535,41.6244],[14.8557,41.6288],[14.8492,41.6279]]]}},{"type":"Feature","properties":{"landuse":"orchard"},"geometry":{"type":"Polygon","coordinates":[[[14.8529,41.6351],[14.8521,41.6334],[14.8538,41.6333],[14.8529,41.6351]]]}},{"type":"Feature","properties":{"landuse":"orchard"},"geometry":{"type":"Polygon","coordinates":[[[14.8537,41.6304],[14.8539,41.6293],[14.8555,41.6302],[14.8537,41.6304]]]}},{"type":"Feature","properties":{"landuse":"farmland"},"geometry":{"type":"Polygon","coordinates":[[[14.8632,41.6225],[14.8579,41.622],[14.859,41.6209],[14.8632,41.6225]]]}},{"type":"Feature","properties":{"landuse":"farmland"},"geometry":{"type":"Polygon","coordinates":[[[14.8916,41.6231],[14.8913,41.622],[14.8936,41.6224],[14.8916,41.6231]]]}},{"type":"Feature","properties":{"landuse":"farmland"},"geometry":{"type":"Polygon","coordinates":[[[14.8933,41.6314],[14.8898,41.63],[14.8942,41.6305],[14.8933,41.6314]]]}},{"type":"Feature","properties":{"landuse":"farmland"},"geometry":{"type":"Polygon","coordinates":[[[14.8894,41.6307],[14.8931,41.6314],[14.8894,41.6325],[14.8894,41.6307]]]}},{"type":"Feature","properties":{"landuse":"farmland"},"geometry":{"type":"Polygon","coordinates":[[[14.8818,41.6286],[14.884,41.6294],[14.8826,41.6301],[14.8818,41.6286]]]}},{"type":"Feature","properties":{"landuse":"orchard"},"geometry":{"type":"Polygon","coordinates":[[[14.8824,41.6317],[14.8803,41.6276],[14.8868,41.6329],[14.8824,41.6317]]]}},{"type":"Feature","properties":{"landuse":"farmland"},"geometry":{"type":"Polygon","coordinates":[[[14.8786,41.6261],[14.8779,41.625],[14.8793,41.6258],[14.8786,41.6261]]]}},{"type":"Feature","properties":{"landuse":"farmland"},"geometry":{"type":"Polygon","coordinates":[[[14.885,41.627],[14.8854,41.6287],[14.8834,41.6279],[14.885,41.627]]]}},{"type":"Feature","properties":{"landuse":"farmland"},"geometry":{"type":"Polygon","coordinates":[[[14.8814,41.6268],[14.8806,41.6237],[14.8848,41.6266],[14.8814,41.6268]]]}},{"type":"Feature","properties":{"landuse":"orchard"},"geometry":{"type":"Polygon","coordinates":[[[14.8794,41.6231],[14.8803,41.6224],[14.8814,41.6248],[14.8794,41.6231]]]}},{"type":"Feature","properties":{"landuse":"farmland"},"geometry":{"type":"Polygon","coordinates":[[[14.8709,41.616],[14.8696,41.6176],[14.8687,41.617],[14.8709,41.616]]]}},{"type":"Feature","properties":{"landuse":"farmland"},"geometry":{"type":"Polygon","coordinates":[[[14.8722,41.616],[14.8709,41.6155],[14.8721,41.615],[14.8722,41.616]]]}},{"type":"Feature","properties":{"landuse":"farmland"},"geometry":{"type":"Polygon","coordinates":[[[14.8721,41.615],[14.8688,41.6162],[14.8711,41.614],[14.8721,41.615]]]}},{"type":"Feature","properties":{"landuse":"farmland"},"geometry":{"type":"Polygon","coordinates":[[[14.8732,41.6171],[14.8711,41.614],[14.8739,41.6165],[14.8732,41.6171]]]}},{"type":"Feature","properties":{"landuse":"farmland"},"geometry":{"type":"Polygon","coordinates":[[[14.8666,41.6166],[14.8668,41.6144],[14.8682,41.6173],[14.8666,41.6166]]]}},{"type":"Feature","properties":{"landuse":"farmland"},"geometry":{"type":"Polygon","coordinates":[[[14.8683,41.6207],[14.8641,41.6198],[14.8653,41.6162],[14.8683,41.6207]]]}},{"type":"Feature","properties":{"landuse":"farmland"},"geometry":{"type":"Polygon","coordinates":[[[14.8866,41.6374],[14.8866,41.6362],[14.8888,41.6369],[14.8866,41.6374]]]}},{"type":"Feature","properties":{"landuse":"farmland"},"geometry":{"type":"Polygon","coordinates":[[[14.889,41.6392],[14.8866,41.6393],[14.8897,41.637],[14.889,41.6392]]]}},{"type":"Feature","properties":{"landuse":"farmland"},"geometry":{"type":"Polygon","coordinates":[[[14.8892,41.6354],[14.8918,41.6376],[14.8873,41.6361],[14.8892,41.6354]]]}},{"type":"Feature","properties":{"landuse":"farmland"},"geometry":{"type":"Polygon","coordinates":[[[14.8879,41.6351],[14.8875,41.6337],[14.8894,41.6346],[14.8879,41.6351]]]}},{"type":"Feature","properties":{"landuse":"farmland"},"geometry":{"type":"Polygon","coordinates":[[[14.8916,41.6344],[14.8937,41.6312],[14.8981,41.6324],[14.8934,41.6361],[14.8932,41.633],[14.8916,41.6344]]]}},{"type":"Feature","properties":{"landuse":"farmland"},"geometry":{"type":"Polygon","coordinates":[[[14.8892,41.6326],[14.891,41.6323],[14.8906,41.6333],[14.8892,41.6326]]]}},{"type":"Feature","properties":{"landuse":"farmland"},"geometry":{"type":"Polygon","coordinates":[[[14.8978,41.6362],[14.8954,41.6345],[14.8974,41.6341],[14.8978,41.6362]]]}},{"type":"Feature","properties":{"landuse":"farmland"},"geometry":{"type":"Polygon","coordinates":[[[14.8939,41.635],[14.8951,41.6347],[14.8954,41.6369],[14.8939,41.635]]]}},{"type":"Feature","properties":{"landuse":"farmland"},"geometry":{"type":"Polygon","coordinates":[[[14.8945,41.6371],[14.9009,41.6401],[14.8947,41.6408],[14.8979,41.6408],[14.8928,41.6397],[14.8945,41.6371]]]}},{"type":"Feature","properties":{"landuse":"farmland"},"geometry":{"type":"Polygon","coordinates":[[[14.8929,41.6364],[14.8915,41.637],[14.8904,41.6355],[14.8929,41.6364]]]}},{"type":"Feature","properties":{"landuse":"orchard"},"geometry":{"type":"Polygon","coordinates":[[[14.8928,41.6392],[14.8923,41.6383],[14.8938,41.6385],[14.8928,41.6392]]]}},{"type":"Feature","properties":{"landuse":"farmland"},"geometry":{"type":"Polygon","coordinates":[[[14.9055,41.6394],[14.903,41.6394],[14.9046,41.6383],[14.9055,41.6394]]]}},{"type":"Feature","properties":{"landuse":"farmland"},"geometry":{"type":"Polygon","coordinates":[[[14.9017,41.6369],[14.9031,41.637],[14.9005,41.6382],[14.9017,41.6369]]]}},{"type":"Feature","properties":{"landuse":"farmland"},"geometry":{"type":"Polygon","coordinates":[[[14.9018,41.6392],[14.8998,41.6389],[14.9027,41.6375],[14.9018,41.6392]]]}},{"type":"Feature","properties":{"landuse":"farmland"},"geometry":{"type":"Polygon","coordinates":[[[14.8871,41.63],[14.8897,41.633],[14.8865,41.6321],[14.8871,41.63]]]}},{"type":"Feature","properties":{"landuse":"farmland"},"geometry":{"type":"Polygon","coordinates":[[[14.8791,41.6178],[14.8808,41.6167],[14.8855,41.6185],[14.8791,41.6178]]]}},{"type":"Feature","properties":{"landuse":"farmland"},"geometry":{"type":"Polygon","coordinates":[[[14.9116,41.622],[14.9129,41.6246],[14.911,41.6218],[14.9012,41.6222],[14.8973,41.6194],[14.8978,41.6222],[14.8965,41.6168],[14.9116,41.622]]]}},{"type":"Feature","properties":{"landuse":"farmland"},"geometry":{"type":"Polygon","coordinates":[[[14.8935,41.6168],[14.8962,41.6166],[14.8956,41.6187],[14.8935,41.6168]]]}},{"type":"Feature","properties":{"landuse":"farmland"},"geometry":{"type":"Polygon","coordinates":[[[14.8905,41.6174],[14.8939,41.6185],[14.892,41.6185],[14.8905,41.6174]]]}},{"type":"Feature","properties":{"landuse":"farmland"},"geometry":{"type":"Polygon","coordinates":[[[14.8856,41.6185],[14.8956,41.6191],[14.8966,41.6222],[14.8856,41.6185]]]}},{"type":"Feature","properties":{"landuse":"farmland"},"geometry":{"type":"Polygon","coordinates":[[[14.8882,41.6203],[14.8896,41.6208],[14.8868,41.6207],[14.8882,41.6203]]]}},{"type":"Feature","properties":{"landuse":"farmland"},"geometry":{"type":"Polygon","coordinates":[[[14.884,41.6194],[14.8857,41.6187],[14.888,41.6201],[14.884,41.6194]]]}},{"type":"Feature","properties":{"landuse":"farmland"},"geometry":{"type":"Polygon","coordinates":[[[14.8934,41.6248],[14.8874,41.6251],[14.8847,41.6214],[14.8934,41.6248]]]}},{"type":"Feature","properties":{"landuse":"farmland"},"geometry":{"type":"Polygon","coordinates":[[[14.8952,41.6231],[14.8962,41.6233],[14.896,41.6242],[14.8952,41.6231]]]}},{"type":"Feature","properties":{"landuse":"farmland"},"geometry":{"type":"Polygon","coordinates":[[[14.8939,41.625],[14.8955,41.6255],[14.8917,41.626],[14.8939,41.625]]]}},{"type":"Feature","properties":{"landuse":"farmland"},"geometry":{"type":"Polygon","coordinates":[[[14.892,41.6286],[14.8944,41.6285],[14.8945,41.6296],[14.892,41.6286]]]}},{"type":"Feature","properties":{"landuse":"farmland"},"geometry":{"type":"Polygon","coordinates":[[[14.8867,41.6257],[14.8914,41.626],[14.8882,41.6277],[14.8867,41.6257]]]}},{"type":"Feature","properties":{"landuse":"farmland"},"geometry":{"type":"Polygon","coordinates":[[[14.8821,41.6211],[14.8829,41.6199],[14.8841,41.6206],[14.8821,41.6211]]]}},{"type":"Feature","properties":{"landuse":"orchard"},"geometry":{"type":"Polygon","coordinates":[[[14.8833,41.6232],[14.8823,41.6196],[14.8854,41.6208],[14.8833,41.6232]]]}},{"type":"Feature","properties":{"landuse":"farmland"},"geometry":{"type":"Polygon","coordinates":[[[14.887,41.6234],[14.8858,41.6252],[14.8845,41.625],[14.887,41.6234]]]}},{"type":"Feature","properties":{"landuse":"farmland"},"geometry":{"type":"Polygon","coordinates":[[[14.9013,41.626],[14.8975,41.6261],[14.9035,41.6258],[14.9013,41.626]]]}},{"type":"Feature","properties":{"landuse":"farmland"},"geometry":{"type":"Polygon","coordinates":[[[14.8964,41.6235],[14.8966,41.6226],[14.8992,41.6234],[14.8964,41.6235]]]}},{"type":"Feature","properties":{"landuse":"farmland"},"geometry":{"type":"Polygon","coordinates":[[[14.8951,41.6295],[14.8954,41.6287],[14.8973,41.6295],[14.8951,41.6295]]]}},{"type":"Feature","properties":{"landuse":"farmland"},"geometry":{"type":"Polygon","coordinates":[[[14.8978,41.6265],[14.9003,41.6264],[14.8989,41.6308],[14.8901,41.628],[14.8978,41.6265]]]}},{"type":"Feature","properties":{"landuse":"farmland"},"geometry":{"type":"Polygon","coordinates":[[[14.8467,41.6305],[14.8507,41.6333],[14.848,41.6344],[14.8467,41.631],[14.8446,41.6355],[14.8467,41.6305]]]}},{"type":"Feature","properties":{"landuse":"orchard"},"geometry":{"type":"Polygon","coordinates":[[[14.8601,41.6313],[14.8612,41.63],[14.8624,41.6312],[14.8601,41.6313]]]}},{"type":"Feature","properties":{"landuse":"farmland"},"geometry":{"type":"Polygon","coordinates":[[[14.8635,41.6281],[14.8592,41.6303],[14.8577,41.6284],[14.8635,41.6281]]]}},{"type":"Feature","properties":{"landuse":"farmland"},"geometry":{"type":"Polygon","coordinates":[[[14.8579,41.6262],[14.8576,41.6225],[14.8667,41.6237],[14.8579,41.6262]]]}},{"type":"Feature","properties":{"landuse":"farmland"},"geometry":{"type":"Polygon","coordinates":[[[14.8547,41.6303],[14.8525,41.6319],[14.8505,41.6301],[14.8547,41.6303]]]}},{"type":"Feature","properties":{"landuse":"orchard"},"geometry":{"type":"Polygon","coordinates":[[[14.8511,41.639],[14.8511,41.6419],[14.8496,41.6413],[14.8511,41.639]]]}},{"type":"Feature","properties":{"landuse":"farmland"},"geometry":{"type":"Polygon","coordinates":[[[14.8689,41.6401],[14.8699,41.6394],[14.8709,41.6406],[14.8689,41.6401]]]}},{"type":"Feature","properties":{"landuse":"farmland"},"geometry":{"type":"Polygon","coordinates":[[[14.8688,41.6385],[14.8695,41.6371],[14.8717,41.6383],[14.8688,41.6385]]]}},{"type":"Feature","properties":{"landuse":"farmland"},"geometry":{"type":"Polygon","coordinates":[[[14.8535,41.64],[14.8523,41.6356],[14.8561,41.639],[14.8535,41.64]]]}},{"type":"Feature","properties":{"landuse":"farmland"},"geometry":{"type":"Polygon","coordinates":[[[14.8566,41.6337],[14.8622,41.6333],[14.8664,41.6401],[14.8573,41.6416],[14.8596,41.6376],[14.8538,41.6345],[14.8566,41.6337]]]}},{"type":"Feature","properties":{"landuse":"farmland"},"geometry":{"type":"Polygon","coordinates":[[[14.856,41.633],[14.8522,41.6325],[14.8583,41.632],[14.856,41.633]]]}},{"type":"Feature","properties":{"landuse":"farmland"},"geometry":{"type":"Polygon","coordinates":[[[14.8648,41.6345],[14.8658,41.6342],[14.8664,41.6352],[14.8648,41.6345]]]}},{"type":"Feature","properties":{"landuse":"farmland"},"geometry":{"type":"Polygon","coordinates":[[[14.8448,41.6363],[14.8483,41.6351],[14.848,41.6365],[14.8448,41.6363]]]}},{"type":"Feature","properties":{"landuse":"farmland"},"geometry":{"type":"Polygon","coordinates":[[[14.8481,41.6365],[14.8511,41.633],[14.8529,41.6351],[14.8481,41.6365]]]}},{"type":"Feature","properties":{"landuse":"farmland"},"geometry":{"type":"Polygon","coordinates":[[[14.8485,41.6388],[14.8498,41.6376],[14.8492,41.6397],[14.8485,41.6388]]]}},{"type":"Feature","properties":{"landuse":"farmland"},"geometry":{"type":"Polygon","coordinates":[[[14.8525,41.6393],[14.8539,41.6407],[14.8519,41.642],[14.8525,41.6393]]]}},{"type":"Feature","properties":{"landuse":"farmland"},"geometry":{"type":"Polygon","coordinates":[[[14.8711,41.6378],[14.8671,41.6341],[14.8737,41.6363],[14.8711,41.6378]]]}},{"type":"Feature","properties":{"landuse":"farmland"},"geometry":{"type":"Polygon","coordinates":[[[14.8803,41.6322],[14.8839,41.6334],[14.8827,41.6355],[14.8803,41.6322]]]}},{"type":"Feature","properties":{"landuse":"farmland"},"geometry":{"type":"Polygon","coordinates":[[[14.8731,41.6325],[14.8727,41.631],[14.8743,41.6317],[14.8731,41.6325]]]}},{"type":"Feature","properties":{"landuse":"farmland"},"geometry":{"type":"Polygon","coordinates":[[[14.875,41.6303],[14.8795,41.632],[14.8777,41.6358],[14.8728,41.6309],[14.875,41.6303]]]}},{"type":"Feature","properties":{"landuse":"farmland"},"geometry":{"type":"Polygon","coordinates":[[[14.8698,41.63],[14.8736,41.6299],[14.8717,41.632],[14.8698,41.63]]]}},{"type":"Feature","properties":{"landuse":"farmland"},"geometry":{"type":"Polygon","coordinates":[[[14.8618,41.6307],[14.8663,41.631],[14.863,41.6345],[14.8618,41.6307]]]}},{"type":"Feature","properties":{"landuse":"farmland"},"geometry":{"type":"Polygon","coordinates":[[[14.8688,41.6334],[14.867,41.6322],[14.8701,41.6311],[14.8688,41.6334]]]}},{"type":"Feature","properties":{"landuse":"orchard"},"geometry":{"type":"Polygon","coordinates":[[[14.8752,41.6241],[14.8759,41.6234],[14.8772,41.6249],[14.8752,41.6241]]]}},{"type":"Feature","properties":{"landuse":"farmland"},"geometry":{"type":"Polygon","coordinates":[[[14.8689,41.6239],[14.8684,41.623],[14.871,41.6226],[14.8689,41.6239]]]}},{"type":"Feature","properties":{"landuse":"farmland"},"geometry":{"type":"Polygon","coordinates":[[[14.8704,41.6285],[14.8691,41.6298],[14.8675,41.629],[14.8704,41.6285]]]}},{"type":"Feature","properties":{"landuse":"farmland"},"geometry":{"type":"Polygon","coordinates":[[[14.8689,41.6301],[14.8654,41.6299],[14.8662,41.6282],[14.8689,41.6301]]]}},{"type":"Feature","properties":{"landuse":"orchard"},"geometry":{"type":"Polygon","coordinates":[[[14.8666,41.6256],[14.8675,41.6261],[14.8676,41.6272],[14.8665,41.6265],[14.8666,41.6256]]]}},{"type":"Feature","properties":{"landuse":"farmland"},"geometry":{"type":"Polygon","coordinates":[[[14.8867,41.633],[14.8855,41.636],[14.8851,41.6332],[14.8867,41.633]]]}},{"type":"Feature","properties":{"landuse":"farmland"},"geometry":{"type":"Polygon","coordinates":[[[14.8739,41.6327],[14.8771,41.6349],[14.8717,41.6333],[14.8739,41.6327]]]}},{"type":"Feature","properties":{"landuse":"orchard"},"geometry":{"type":"Polygon","coordinates":[[[15.0228,41.7004],[15.0243,41.6991],[15.0247,41.7003],[15.0228,41.7004]]]}},{"type":"Feature","properties":{"landuse":"orchard"},"geometry":{"type":"Polygon","coordinates":[[[15.0221,41.7012],[15.0205,41.7005],[15.0219,41.6999],[15.0221,41.7012]]]}},{"type":"Feature","properties":{"landuse":"farmland"},"geometry":{"type":"Polygon","coordinates":[[[15.0259,41.7106],[15.0237,41.7087],[15.0259,41.7087],[15.0259,41.7106]]]}},{"type":"Feature","properties":{"landuse":"farmland"},"geometry":{"type":"Polygon","coordinates":[[[15.0236,41.712],[15.0256,41.7127],[15.0226,41.7133],[15.0236,41.712]]]}},{"type":"Feature","properties":{"landuse":"orchard"},"geometry":{"type":"Polygon","coordinates":[[[15.0228,41.7123],[15.0223,41.7113],[15.0238,41.7118],[15.0228,41.7123]]]}},{"type":"Feature","properties":{"landuse":"farmland"},"geometry":{"type":"Polygon","coordinates":[[[15.0169,41.7123],[15.0185,41.7107],[15.0194,41.7109],[15.0169,41.7123]]]}},{"type":"Feature","properties":{"landuse":"farmland"},"geometry":{"type":"Polygon","coordinates":[[[15.0122,41.7094],[15.0132,41.7083],[15.0148,41.7088],[15.0122,41.7094]]]}},{"type":"Feature","properties":{"landuse":"farmland"},"geometry":{"type":"Polygon","coordinates":[[[15.0117,41.7109],[15.0105,41.7097],[15.0152,41.7086],[15.0117,41.7109]]]}},{"type":"Feature","properties":{"landuse":"orchard"},"geometry":{"type":"Polygon","coordinates":[[[15.0162,41.7098],[15.0192,41.7079],[15.021,41.7103],[15.024,41.709],[15.0162,41.7098]]]}},{"type":"Feature","properties":{"landuse":"orchard"},"geometry":{"type":"Polygon","coordinates":[[[15.0167,41.7075],[15.0161,41.7064],[15.0189,41.7071],[15.0167,41.7075]]]}},{"type":"Feature","properties":{"landuse":"farmland"},"geometry":{"type":"Polygon","coordinates":[[[15.015,41.7089],[15.0125,41.708],[15.0153,41.7066],[15.015,41.7089]]]}},{"type":"Feature","properties":{"landuse":"farmland"},"geometry":{"type":"Polygon","coordinates":[[[15.0225,41.7084],[15.0224,41.7071],[15.0241,41.708],[15.0225,41.7084]]]}},{"type":"Feature","properties":{"landuse":"farmland"},"geometry":{"type":"Polygon","coordinates":[[[15.0251,41.7207],[15.0221,41.7206],[15.0246,41.7199],[15.0251,41.7207]]]}},{"type":"Feature","properties":{"landuse":"farmland"},"geometry":{"type":"Polygon","coordinates":[[[15.0093,41.7129],[15.008,41.7123],[15.0102,41.7119],[15.0093,41.7129]]]}},{"type":"Feature","properties":{"landuse":"orchard"},"geometry":{"type":"Polygon","coordinates":[[[15.004,41.715],[15.0039,41.7137],[15.0052,41.7139],[15.004,41.715]]]}},{"type":"Feature","properties":{"landuse":"farmland"},"geometry":{"type":"Polygon","coordinates":[[[14.9917,41.7345],[14.9909,41.7305],[14.9947,41.7316],[14.9917,41.7345]]]}},{"type":"Feature","properties":{"landuse":"farmland"},"geometry":{"type":"Polygon","coordinates":[[[14.8493,41.6108],[14.8529,41.6095],[14.8537,41.6112],[14.8493,41.6108]]]}},{"type":"Feature","properties":{"landuse":"farmland"},"geometry":{"type":"Polygon","coordinates":[[[14.8493,41.6081],[14.848,41.6058],[14.8527,41.6014],[14.8554,41.6051],[14.8528,41.6016],[14.8659,41.6054],[14.8554,41.6093],[14.8493,41.6081]]]}},{"type":"Feature","properties":{"landuse":"farmland"},"geometry":{"type":"Polygon","coordinates":[[[14.8493,41.6115],[14.852,41.6113],[14.8482,41.6126],[14.8493,41.6115]]]}},{"type":"Feature","properties":{"landuse":"farmland"},"geometry":{"type":"Polygon","coordinates":[[[14.8706,41.6048],[14.8742,41.6016],[14.8723,41.6066],[14.8709,41.6051],[14.8741,41.6029],[14.8706,41.6048]]]}},{"type":"Feature","properties":{"landuse":"farmland"},"geometry":{"type":"Polygon","coordinates":[[[14.8714,41.602],[14.8702,41.6017],[14.8738,41.5986],[14.8714,41.602]]]}},{"type":"Feature","properties":{"landuse":"orchard"},"geometry":{"type":"Polygon","coordinates":[[[14.9636,41.5936],[14.9662,41.594],[14.9646,41.5945],[14.9636,41.5936]]]}},{"type":"Feature","properties":{"landuse":"orchard"},"geometry":{"type":"Polygon","coordinates":[[[14.9643,41.5955],[14.9639,41.5967],[14.9617,41.5963],[14.9643,41.5955]]]}},{"type":"Feature","properties":{"landuse":"orchard"},"geometry":{"type":"Polygon","coordinates":[[[14.9616,41.5927],[14.9636,41.5936],[14.9605,41.5931],[14.9616,41.5927]]]}},{"type":"Feature","properties":{"landuse":"orchard"},"geometry":{"type":"Polygon","coordinates":[[[14.961,41.5954],[14.9596,41.5946],[14.9602,41.5931],[14.961,41.5954]]]}},{"type":"Feature","properties":{"landuse":"farmland"},"geometry":{"type":"Polygon","coordinates":[[[14.961,41.5954],[14.9633,41.5944],[14.9585,41.5961],[14.961,41.5954]]]}},{"type":"Feature","properties":{"landuse":"orchard"},"geometry":{"type":"Polygon","coordinates":[[[14.9601,41.5909],[14.9588,41.5923],[14.9578,41.5912],[14.9601,41.5909]]]}},{"type":"Feature","properties":{"landuse":"orchard"},"geometry":{"type":"Polygon","coordinates":[[[14.959,41.5922],[14.9616,41.5927],[14.9593,41.5932],[14.959,41.5922]]]}},{"type":"Feature","properties":{"landuse":"farmland"},"geometry":{"type":"Polygon","coordinates":[[[14.9664,41.607],[14.9681,41.607],[14.967,41.6081],[14.9664,41.607]]]}},{"type":"Feature","properties":{"landuse":"farmland"},"geometry":{"type":"Polygon","coordinates":[[[14.956,41.5888],[14.9598,41.5904],[14.9588,41.5914],[14.956,41.5888]]]}},{"type":"Feature","properties":{"landuse":"orchard"},"geometry":{"type":"Polygon","coordinates":[[[14.9576,41.5927],[14.9563,41.5933],[14.9557,41.5907],[14.9576,41.5927]]]}},{"type":"Feature","properties":{"landuse":"farmland"},"geometry":{"type":"Polygon","coordinates":[[[14.9555,41.5874],[14.959,41.5887],[14.9605,41.5905],[14.9555,41.5874]]]}},{"type":"Feature","properties":{"landuse":"farmland"},"geometry":{"type":"Polygon","coordinates":[[[14.9529,41.5882],[14.9519,41.5852],[14.9547,41.5866],[14.9529,41.5882]]]}},{"type":"Feature","properties":{"landuse":"farmland"},"geometry":{"type":"Polygon","coordinates":[[[14.953,41.5882],[14.9553,41.588],[14.9559,41.5888],[14.953,41.5882]]]}},{"type":"Feature","properties":{"landuse":"orchard"},"geometry":{"type":"Polygon","coordinates":[[[14.9577,41.5863],[14.9566,41.5871],[14.9566,41.5857],[14.9577,41.5863]]]}},{"type":"Feature","properties":{"landuse":"farmland"},"geometry":{"type":"Polygon","coordinates":[[[14.9581,41.5984],[14.9599,41.598],[14.9607,41.5988],[14.9581,41.5984]]]}},{"type":"Feature","properties":{"landuse":"farmland"},"geometry":{"type":"Polygon","coordinates":[[[14.9535,41.598],[14.9537,41.597],[14.9553,41.5974],[14.9535,41.598]]]}},{"type":"Feature","properties":{"landuse":"farmland"},"geometry":{"type":"Polygon","coordinates":[[[14.9589,41.5986],[14.962,41.5995],[14.9533,41.6007],[14.9589,41.5986]]]}},{"type":"Feature","properties":{"landuse":"farmland"},"geometry":{"type":"Polygon","coordinates":[[[14.9541,41.597],[14.9556,41.595],[14.9577,41.597],[14.9541,41.597]]]}},{"type":"Feature","properties":{"landuse":"farmland"},"geometry":{"type":"Polygon","coordinates":[[[14.9573,41.6021],[14.9603,41.6019],[14.9601,41.6034],[14.9573,41.6021]]]}},{"type":"Feature","properties":{"landuse":"farmland"},"geometry":{"type":"Polygon","coordinates":[[[14.9559,41.6041],[14.9534,41.603],[14.957,41.6026],[14.9559,41.6041]]]}},{"type":"Feature","properties":{"landuse":"farmland"},"geometry":{"type":"Polygon","coordinates":[[[14.9558,41.5889],[14.9522,41.5902],[14.9541,41.5886],[14.9558,41.5889]]]}},{"type":"Feature","properties":{"landuse":"farmland"},"geometry":{"type":"Polygon","coordinates":[[[14.9548,41.5865],[14.9542,41.5854],[14.956,41.5855],[14.9548,41.5865]]]}},{"type":"Feature","properties":{"landuse":"farmland"},"geometry":{"type":"Polygon","coordinates":[[[14.9679,41.5846],[14.9584,41.5862],[14.9552,41.5829],[14.9583,41.5796],[14.97,41.5833],[14.9679,41.5846]]]}},{"type":"Feature","properties":{"landuse":"farmland"},"geometry":{"type":"Polygon","coordinates":[[[14.9735,41.5738],[14.9731,41.5712],[14.9744,41.5733],[14.9735,41.5738]]]}},{"type":"Feature","properties":{"landuse":"farmland"},"geometry":{"type":"Polygon","coordinates":[[[14.9632,41.5716],[14.9663,41.57],[14.9659,41.5719],[14.9632,41.5716]]]}},{"type":"Feature","properties":{"landuse":"farmland"},"geometry":{"type":"Polygon","coordinates":[[[14.9692,41.5689],[14.9693,41.5673],[14.9709,41.5673],[14.9692,41.5689]]]}},{"type":"Feature","properties":{"landuse":"orchard"},"geometry":{"type":"Polygon","coordinates":[[[14.9685,41.5707],[14.968,41.5701],[14.9703,41.5692],[14.9685,41.5707]]]}},{"type":"Feature","properties":{"landuse":"orchard"},"geometry":{"type":"Polygon","coordinates":[[[14.9708,41.5691],[14.9718,41.5681],[14.9728,41.5685],[14.9708,41.5691]]]}},{"type":"Feature","properties":{"landuse":"orchard"},"geometry":{"type":"Polygon","coordinates":[[[14.973,41.5744],[14.9737,41.5765],[14.9719,41.5754],[14.973,41.5744]]]}},{"type":"Feature","properties":{"landuse":"farmland"},"geometry":{"type":"Polygon","coordinates":[[[14.9722,41.5766],[14.9709,41.5744],[14.9729,41.5748],[14.9722,41.5766]]]}},{"type":"Feature","properties":{"landuse":"farmland"},"geometry":{"type":"Polygon","coordinates":[[[14.9644,41.5732],[14.9688,41.5735],[14.9681,41.5759],[14.9644,41.5732]]]}},{"type":"Feature","properties":{"landuse":"farmland"},"geometry":{"type":"Polygon","coordinates":[[[14.9644,41.5715],[14.971,41.573],[14.969,41.5742],[14.9644,41.5715]]]}},{"type":"Feature","properties":{"landuse":"farmland"},"geometry":{"type":"Polygon","coordinates":[[[14.9615,41.575],[14.9667,41.5759],[14.9622,41.5775],[14.9615,41.575]]]}},{"type":"Feature","properties":{"landuse":"farmland"},"geometry":{"type":"Polygon","coordinates":[[[14.9688,41.5761],[14.9665,41.5746],[14.9693,41.5753],[14.9688,41.5761]]]}},{"type":"Feature","properties":{"landuse":"farmland"},"geometry":{"type":"Polygon","coordinates":[[[14.9532,41.5777],[14.9559,41.5696],[14.9583,41.5729],[14.9532,41.5777]]]}},{"type":"Feature","properties":{"landuse":"farmland"},"geometry":{"type":"Polygon","coordinates":[[[14.9604,41.5785],[14.961,41.5775],[14.9634,41.5777],[14.9604,41.5785]]]}},{"type":"Feature","properties":{"landuse":"farmland"},"geometry":{"type":"Polygon","coordinates":[[[14.9589,41.5788],[14.9604,41.578],[14.96,41.5792],[14.9589,41.5788]]]}},{"type":"Feature","properties":{"landuse":"farmland"},"geometry":{"type":"Polygon","coordinates":[[[14.9611,41.5705],[14.9635,41.5705],[14.9625,41.5719],[14.9611,41.5705]]]}},{"type":"Feature","properties":{"landuse":"farmland"},"geometry":{"type":"Polygon","coordinates":[[[14.9607,41.5728],[14.9609,41.5716],[14.9621,41.5719],[14.9607,41.5728]]]}},{"type":"Feature","properties":{"landuse":"orchard"},"geometry":{"type":"Polygon","coordinates":[[[14.9601,41.5728],[14.9586,41.5725],[14.9613,41.5701],[14.9601,41.5728]]]}},{"type":"Feature","properties":{"landuse":"farmland"},"geometry":{"type":"Polygon","coordinates":[[[14.9606,41.5729],[14.9603,41.5772],[14.9534,41.578],[14.9606,41.5729]]]}},{"type":"Feature","properties":{"landuse":"farmland"},"geometry":{"type":"Polygon","coordinates":[[[14.9029,41.6015],[14.9001,41.6057],[14.8974,41.6065],[14.9029,41.6015]]]}},{"type":"Feature","properties":{"landuse":"orchard"},"geometry":{"type":"Polygon","coordinates":[[[14.904,41.611],[14.9041,41.6099],[14.9058,41.6105],[14.904,41.611]]]}},{"type":"Feature","properties":{"landuse":"farmland"},"geometry":{"type":"Polygon","coordinates":[[[14.9069,41.6197],[14.902,41.6181],[14.9061,41.6183],[14.9069,41.6197]]]}},{"type":"Feature","properties":{"landuse":"farmland"},"geometry":{"type":"Polygon","coordinates":[[[14.9049,41.6148],[14.9049,41.6138],[14.9072,41.6149],[14.9049,41.6148]]]}},{"type":"Feature","properties":{"landuse":"farmland"},"geometry":{"type":"Polygon","coordinates":[[[14.9071,41.6161],[14.9076,41.6151],[14.9093,41.6157],[14.9071,41.6161]]]}},{"type":"Feature","properties":{"landuse":"farmland"},"geometry":{"type":"Polygon","coordinates":[[[14.8985,41.6008],[14.9064,41.5986],[14.8975,41.606],[14.8975,41.6111],[14.8862,41.6126],[14.8885,41.6056],[14.8897,41.609],[14.8876,41.6039],[14.8898,41.6017],[14.8956,41.6096],[14.8903,41.604],[14.8908,41.599],[14.8985,41.6008]]]}},{"type":"Feature","properties":{"landuse":"farmland"},"geometry":{"type":"Polygon","coordinates":[[[14.899,41.6116],[14.8985,41.6132],[14.8981,41.6116],[14.899,41.6116]]]}},{"type":"Feature","properties":{"landuse":"orchard"},"geometry":{"type":"Polygon","coordinates":[[[14.8975,41.6116],[14.8982,41.6127],[14.8976,41.6135],[14.8975,41.6116]]]}},{"type":"Feature","properties":{"landuse":"farmland"},"geometry":{"type":"Polygon","coordinates":[[[14.9122,41.6211],[14.9145,41.6208],[14.9129,41.622],[14.9122,41.6211]]]}},{"type":"Feature","properties":{"landuse":"farmland"},"geometry":{"type":"Polygon","coordinates":[[[14.9135,41.6245],[14.9144,41.6226],[14.915,41.6236],[14.9135,41.6245]]]}},{"type":"Feature","properties":{"landuse":"farmland"},"geometry":{"type":"Polygon","coordinates":[[[14.9034,41.6385],[14.9051,41.6378],[14.9067,41.6387],[14.9034,41.6385]]]}},{"type":"Feature","properties":{"landuse":"farmland"},"geometry":{"type":"Polygon","coordinates":[[[14.9093,41.6352],[14.9071,41.6387],[14.9056,41.6367],[14.9124,41.6347],[14.9093,41.6352]]]}},{"type":"Feature","properties":{"landuse":"orchard"},"geometry":{"type":"Polygon","coordinates":[[[14.91,41.6371],[14.9093,41.6353],[14.9112,41.6352],[14.91,41.6371]]]}},{"type":"Feature","properties":{"landuse":"farmland"},"geometry":{"type":"Polygon","coordinates":[[[14.904,41.6354],[14.9036,41.633],[14.9048,41.6353],[14.904,41.6354]]]}},{"type":"Feature","properties":{"landuse":"orchard"},"geometry":{"type":"Polygon","coordinates":[[[14.9102,41.6323],[14.9067,41.6347],[14.9071,41.6322],[14.9102,41.6323]]]}},{"type":"Feature","properties":{"landuse":"farmland"},"geometry":{"type":"Polygon","coordinates":[[[14.9044,41.6238],[14.9117,41.6236],[14.9122,41.6265],[14.9044,41.6238]]]}},{"type":"Feature","properties":{"landuse":"farmland"},"geometry":{"type":"Polygon","coordinates":[[[14.9078,41.6329],[14.9101,41.6303],[14.9098,41.6328],[14.9078,41.6329]]]}},{"type":"Feature","properties":{"landuse":"farmland"},"geometry":{"type":"Polygon","coordinates":[[[14.9077,41.6169],[14.911,41.6169],[14.9097,41.6186],[14.9077,41.6169]]]}},{"type":"Feature","properties":{"landuse":"orchard"},"geometry":{"type":"Polygon","coordinates":[[[14.8776,41.6051],[14.8764,41.604],[14.8778,41.6038],[14.8776,41.6051]]]}},{"type":"Feature","properties":{"landuse":"farmland"},"geometry":{"type":"Polygon","coordinates":[[[14.8787,41.5993],[14.8745,41.6015],[14.877,41.5972],[14.8787,41.5993]]]}},{"type":"Feature","properties":{"landuse":"farmland"},"geometry":{"type":"Polygon","coordinates":[[[14.879,41.6087],[14.8716,41.6073],[14.8856,41.6064],[14.879,41.6087]]]}},{"type":"Feature","properties":{"landuse":"farmland"},"geometry":{"type":"Polygon","coordinates":[[[14.8716,41.6075],[14.8742,41.6082],[14.873,41.6092],[14.8716,41.6075]]]}},{"type":"Feature","properties":{"landuse":"farmland"},"geometry":{"type":"Polygon","coordinates":[[[14.9001,41.6074],[14.8994,41.6065],[14.901,41.6054],[14.9001,41.6074]]]}},{"type":"Feature","properties":{"landuse":"vineyard"},"geometry":{"type":"Polygon","coordinates":[[[14.9023,41.613],[14.9023,41.6122],[14.9037,41.6125],[14.9023,41.613]]]}},{"type":"Feature","properties":{"landuse":"farmland"},"geometry":{"type":"Polygon","coordinates":[[[14.9031,41.6103],[14.9023,41.613],[14.9011,41.612],[14.9031,41.6103]]]}},{"type":"Feature","properties":{"landuse":"orchard"},"geometry":{"type":"Polygon","coordinates":[[[14.9076,41.6104],[14.9074,41.6119],[14.9033,41.612],[14.9076,41.6104]]]}},{"type":"Feature","properties":{"landuse":"orchard"},"geometry":{"type":"Polygon","coordinates":[[[14.9085,41.6114],[14.9084,41.6103],[14.9106,41.6109],[14.9085,41.6114]]]}},{"type":"Feature","properties":{"landuse":"farmland"},"geometry":{"type":"Polygon","coordinates":[[[14.9079,41.6076],[14.9126,41.6076],[14.8978,41.6115],[14.8981,41.6073],[14.9065,41.6079],[14.9047,41.6068],[14.9096,41.6044],[14.9079,41.6076]]]}},{"type":"Feature","properties":{"landuse":"farmland"},"geometry":{"type":"Polygon","coordinates":[[[14.8757,41.6126],[14.8754,41.6103],[14.8807,41.6093],[14.8757,41.6126]]]}},{"type":"Feature","properties":{"landuse":"farmland"},"geometry":{"type":"Polygon","coordinates":[[[14.8729,41.611],[14.8755,41.6096],[14.8736,41.6114],[14.8729,41.611]]]}},{"type":"Feature","properties":{"landuse":"farmland"},"geometry":{"type":"Polygon","coordinates":[[[14.8762,41.6131],[14.8772,41.612],[14.8783,41.6127],[14.8762,41.6131]]]}},{"type":"Feature","properties":{"landuse":"farmland"},"geometry":{"type":"Polygon","coordinates":[[[14.8966,41.6166],[14.9008,41.6154],[14.9075,41.6175],[14.8966,41.6166]]]}},{"type":"Feature","properties":{"landuse":"farmland"},"geometry":{"type":"Polygon","coordinates":[[[14.2694,41.8356],[14.2711,41.8334],[14.273,41.8338],[14.2694,41.8356]]]}},{"type":"Feature","properties":{"landuse":"farmland"},"geometry":{"type":"Polygon","coordinates":[[[14.268,41.8308],[14.2668,41.8335],[14.2644,41.8323],[14.2663,41.8284],[14.2694,41.8287],[14.268,41.8308]]]}},{"type":"Feature","properties":{"landuse":"orchard"},"geometry":{"type":"Polygon","coordinates":[[[14.3516,41.8159],[14.3523,41.8144],[14.3555,41.8149],[14.3516,41.8159]]]}},{"type":"Feature","properties":{"landuse":"farmland"},"geometry":{"type":"Polygon","coordinates":[[[14.3365,41.8015],[14.3384,41.803],[14.3369,41.8031],[14.3365,41.8015]]]}},{"type":"Feature","properties":{"landuse":"farmland"},"geometry":{"type":"Polygon","coordinates":[[[14.3036,41.8219],[14.3052,41.8207],[14.3068,41.8208],[14.3036,41.8219]]]}},{"type":"Feature","properties":{"landuse":"farmland"},"geometry":{"type":"Polygon","coordinates":[[[14.2837,41.824],[14.2836,41.8225],[14.2857,41.8225],[14.2837,41.824]]]}},{"type":"Feature","properties":{"landuse":"orchard"},"geometry":{"type":"Polygon","coordinates":[[[14.5642,41.7896],[14.5633,41.7883],[14.566,41.7906],[14.5642,41.7896]]]}},{"type":"Feature","properties":{"landuse":"farmland"},"geometry":{"type":"Polygon","coordinates":[[[14.5618,41.795],[14.5612,41.7933],[14.5634,41.7937],[14.5618,41.795]]]}}]}