{"type":"FeatureCollection","features":[{"type":"Feature","properties":{"landuse":"vineyard"},"geometry":{"type":"Polygon","coordinates":[[[11.3676,46.501],[11.3791,46.4945],[11.3738,46.4984],[11.3791,46.4975],[11.3863,46.5058],[11.364,46.5036],[11.3676,46.501]],[[11.366,46.5027],[11.3651,46.5027],[11.3652,46.5029],[11.366,46.5027]],[[11.3697,46.5015],[11.3695,46.5011],[11.3702,46.501],[11.3698,46.5007],[11.3697,46.5015]],[[11.3794,46.5005],[11.3807,46.5001],[11.3803,46.4998],[11.3794,46.5005]],[[11.3742,46.5019],[11.3749,46.5017],[11.3748,46.5014],[11.3742,46.5019]],[[11.3754,46.5026],[11.376,46.5024],[11.3757,46.5022],[11.3754,46.5026]],[[11.3832,46.505],[11.3834,46.505],[11.3832,46.5048],[11.3832,46.505]],[[11.3703,46.5022],[11.373,46.5023],[11.3722,46.5018],[11.3703,46.5022]],[[11.3797,46.5035],[11.3818,46.5029],[11.3779,46.5029],[11.3797,46.5035]],[[11.3755,46.5035],[11.3758,46.503],[11.3751,46.5031],[11.3755,46.5035]],[[11.3762,46.503],[11.3775,46.5029],[11.3764,46.5018],[11.3762,46.503]]]}},{"type":"Feature","properties":{"landuse":"green_public_spaces"},"geometry":{"type":"MultiPolygon","coordinates":[[[[11.3481,46.4938],[11.3467,46.5009],[11.3505,46.5123],[11.3449,46.5021],[11.3481,46.4938]]],[[[11.3492,46.5027],[11.3514,46.5121],[11.3469,46.4996],[11.3489,46.4934],[11.3492,46.5027]]]]}},{"type":"Feature","properties":{"landuse":"orchard"},"geometry":{"type":"Polygon","coordinates":[[[11.2674,46.3487],[11.2649,46.3668],[11.2622,46.3665],[11.2576,46.3643],[11.2595,46.3527],[11.2628,46.3535],[11.2607,46.3475],[11.2674,46.3487]],[[11.2635,46.3579],[11.2641,46.358],[11.2642,46.3577],[11.2635,46.3579]],[[11.2621,46.3555],[11.2622,46.3551],[11.2611,46.3552],[11.2621,46.3555]]]}},{"type":"Feature","properties":{"landuse":"orchard"},"geometry":{"type":"Polygon","coordinates":[[[11.2632,46.3366],[11.2537,46.3271],[11.2609,46.3247],[11.2756,46.3474],[11.2832,46.3533],[11.2677,46.3487],[11.2632,46.3366]],[[11.2736,46.3456],[11.2734,46.345],[11.2724,46.3451],[11.2736,46.3456]],[[11.2582,46.3276],[11.2585,46.3275],[11.2581,46.327],[11.2582,46.3276]],[[11.2651,46.3339],[11.2637,46.3348],[11.2655,46.3344],[11.2651,46.3339]],[[11.2687,46.3482],[11.2702,46.3485],[11.2692,46.3478],[11.2687,46.3482]]]}},{"type":"Feature","properties":{"landuse":"orchard"},"geometry":{"type":"MultiPolygon","coordinates":[[[[11.2818,46.3434],[11.2833,46.3375],[11.2857,46.3413],[11.2818,46.3434]]],[[[11.294,46.3478],[11.2976,46.3557],[11.2887,46.3532],[11.2819,46.3436],[11.2848,46.3432],[11.2902,46.3508],[11.294,46.3478]],[[11.2938,46.3508],[11.2955,46.3499],[11.2938,46.3504],[11.2938,46.3508]],[[11.2923,46.3507],[11.2918,46.3505],[11.2919,46.3509],[11.2923,46.3507]],[[11.2927,46.3514],[11.2922,46.3515],[11.2929,46.3519],[11.2927,46.3514]],[[11.2932,46.3524],[11.2941,46.3529],[11.294,46.3523],[11.2932,46.3524]],[[11.2923,46.353],[11.2936,46.353],[11.2931,46.3524],[11.2923,46.353]]]]}},{"type":"Feature","properties":{"landuse":"orchard"},"geometry":{"type":"Polygon","coordinates":[[[11.2705,46.4996],[11.2828,46.4959],[11.292,46.488],[11.2966,46.4892],[11.2744,46.5055],[11.2717,46.5044],[11.2767,46.5086],[11.2697,46.5124],[11.2729,46.5139],[11.2658,46.5099],[11.2711,46.5095],[11.2664,46.5067],[11.2698,46.505],[11.2705,46.4996]],[[11.2723,46.509],[11.2734,46.5084],[11.2721,46.5076],[11.2723,46.509]],[[11.2729,46.5066],[11.2737,46.5071],[11.2744,46.5062],[11.2729,46.5066]],[[11.2685,46.5116],[11.2695,46.5122],[11.2694,46.5115],[11.2685,46.5116]],[[11.2682,46.5109],[11.2691,46.5102],[11.2679,46.5104],[11.2682,46.5109]]]}},{"type":"Feature","properties":{"landuse":"vineyard"},"geometry":{"type":"Polygon","coordinates":[[[11.3472,46.5116],[11.3525,46.5151],[11.344,46.5143],[11.3477,46.5142],[11.3472,46.5116]],[[11.3465,46.5114],[11.3467,46.5116],[11.3468,46.5114],[11.3465,46.5114]]]}},{"type":"Feature","properties":{"landuse":"orchard"},"geometry":{"type":"Polygon","coordinates":[[[11.674,46.7564],[11.6655,46.7596],[11.6686,46.7562],[11.6658,46.7501],[11.6723,46.7504],[11.674,46.7564]],[[11.6727,46.7567],[11.6733,46.7573],[11.6736,46.7566],[11.6727,46.7567]],[[11.6729,46.7566],[11.6735,46.7559],[11.6729,46.7561],[11.6729,46.7566]],[[11.6716,46.7546],[11.6702,46.7534],[11.6704,46.7554],[11.6716,46.7546]]]}},{"type":"Feature","properties":{"landuse":"farmland"},"geometry":{"type":"Polygon","coordinates":[[[11.7624,46.8309],[11.7645,46.8311],[11.7628,46.8329],[11.7624,46.8309]]]}},{"type":"Feature","properties":{"landuse":"orchard"},"geometry":{"type":"Polygon","coordinates":[[[11.3568,46.4357],[11.358,46.4355],[11.3578,46.4374],[11.3568,46.4357]]]}},{"type":"Feature","properties":{"landuse":"farmland"},"geometry":{"type":"Polygon","coordinates":[[[11.3556,46.71],[11.358,46.7115],[11.3488,46.7091],[11.357,46.7084],[11.3556,46.71]]]}},{"type":"Feature","properties":{"landuse":"orchard"},"geometry":{"type":"Polygon","coordinates":[[[11.6818,46.727],[11.6827,46.7295],[11.6805,46.7291],[11.6818,46.727]]]}},{"type":"Feature","properties":{"landuse":"orchard"},"geometry":{"type":"MultiPolygon","coordinates":[[[[11.3381,46.4338],[11.3361,46.4327],[11.3389,46.4326],[11.3381,46.4338]]],[[[11.3303,46.432],[11.3321,46.43],[11.3308,46.4424],[11.3359,46.4336],[11.341,46.4423],[11.336,46.4457],[11.3347,46.4513],[11.3292,46.451],[11.3251,46.4391],[11.328,46.4391],[11.324,46.435],[11.3261,46.4363],[11.3303,46.432]],[[11.3297,46.4467],[11.3292,46.4458],[11.3275,46.4469],[11.3297,46.4467]],[[11.3327,46.4463],[11.3324,46.4459],[11.3322,46.4464],[11.3327,46.4463]],[[11.3336,46.4464],[11.3346,46.4463],[11.3346,46.4459],[11.3336,46.4464]],[[11.335,46.4458],[11.3358,46.4457],[11.3351,46.4455],[11.335,46.4458]],[[11.3285,46.433],[11.3296,46.4337],[11.3295,46.4332],[11.3285,46.433]],[[11.3344,46.4408],[11.3352,46.441],[11.3353,46.4407],[11.3345,46.4405],[11.3344,46.4408]],[[11.3276,46.4395],[11.3282,46.4399],[11.3285,46.4396],[11.3276,46.4395]],[[11.3353,46.4351],[11.336,46.4353],[11.3363,46.4347],[11.3353,46.4351]],[[11.3331,46.4444],[11.3314,46.444],[11.3314,46.4449],[11.3331,46.4444]],[[11.34,46.4414],[11.3398,46.4404],[11.3395,46.4415],[11.34,46.4414]],[[11.3278,46.4441],[11.3292,46.4432],[11.3266,46.4424],[11.3278,46.4441]],[[11.3302,46.445],[11.3314,46.4446],[11.3285,46.445],[11.3302,46.445]],[[11.3374,46.4419],[11.3368,46.4426],[11.3375,46.4425],[11.3374,46.4419]]]]}},{"type":"Feature","properties":{"landuse":"orchard"},"geometry":{"type":"Polygon","coordinates":[[[11.3425,46.4532],[11.3358,46.4586],[11.3384,46.4474],[11.3431,46.4475],[11.3425,46.4532]],[[11.3398,46.455],[11.3404,46.4549],[11.3399,46.4548],[11.3398,46.455]],[[11.3404,46.4504],[11.339,46.45],[11.3389,46.4503],[11.3404,46.4504]],[[11.3404,46.4493],[11.3392,46.4485],[11.3391,46.4493],[11.3404,46.4493]],[[11.3401,46.4543],[11.3411,46.4535],[11.3408,46.4517],[11.3401,46.4543]],[[11.3384,46.451],[11.3387,46.4524],[11.3402,46.4514],[11.3384,46.451]]]}},{"type":"Feature","properties":{"landuse":"orchard"},"geometry":{"type":"MultiPolygon","coordinates":[[[[11.2851,46.5055],[11.2852,46.5056],[11.2849,46.5057],[11.2851,46.5055]]],[[[11.2794,46.5078],[11.2747,46.5055],[11.2814,46.5048],[11.279,46.5023],[11.2934,46.4943],[11.2912,46.4933],[11.2974,46.4888],[11.301,46.4895],[11.2993,46.4939],[11.3031,46.4943],[11.3005,46.5005],[11.2794,46.5078]],[[11.2916,46.496],[11.2918,46.4962],[11.2922,46.4958],[11.2916,46.496]],[[11.2917,46.4955],[11.2908,46.4957],[11.2912,46.496],[11.2917,46.4955]],[[11.3005,46.4984],[11.299,46.4979],[11.3003,46.4989],[11.3005,46.4984]],[[11.2847,46.506],[11.2855,46.5056],[11.2843,46.5057],[11.2847,46.506]],[[11.285,46.5048],[11.2866,46.5039],[11.2863,46.5037],[11.285,46.5048]],[[11.2923,46.4966],[11.2921,46.4974],[11.294,46.4962],[11.2923,46.4966]],[[11.2948,46.5024],[11.2967,46.501],[11.2935,46.502],[11.2948,46.5024]],[[11.2963,46.4961],[11.3006,46.4978],[11.3009,46.4962],[11.2963,46.4961]],[[11.2815,46.5022],[11.2821,46.5026],[11.2827,46.5021],[11.2815,46.5022]],[[11.292,46.499],[11.2903,46.4997],[11.2909,46.5001],[11.292,46.499]],[[11.3003,46.5],[11.3009,46.4998],[11.3001,46.4995],[11.3003,46.5]]],[[[11.304,46.496],[11.3033,46.4962],[11.3035,46.4955],[11.304,46.496]]]]}},{"type":"Feature","properties":{"landuse":"orchard"},"geometry":{"type":"Polygon","coordinates":[[[11.3192,46.4661],[11.3126,46.47],[11.3064,46.4648],[11.3043,46.4575],[11.3213,46.439],[11.3203,46.4226],[11.3287,46.4541],[11.3226,46.4492],[11.3222,46.4604],[11.3186,46.4638],[11.3241,46.4652],[11.3192,46.4661]],[[11.3108,46.4624],[11.3099,46.4627],[11.311,46.4631],[11.3108,46.4624]],[[11.3206,46.442],[11.3217,46.442],[11.3216,46.4414],[11.3206,46.442]],[[11.3201,46.433],[11.3205,46.4329],[11.3203,46.4326],[11.3201,46.433]],[[11.3197,46.4323],[11.3203,46.432],[11.3197,46.432],[11.3197,46.4323]],[[11.3229,46.4415],[11.3237,46.4421],[11.3244,46.4416],[11.3229,46.4415]],[[11.3188,46.4487],[11.3193,46.4494],[11.3199,46.4492],[11.3188,46.4487]],[[11.3217,46.4533],[11.3204,46.4533],[11.3205,46.4537],[11.3217,46.4533]],[[11.3188,46.4528],[11.3191,46.4534],[11.3198,46.4532],[11.3188,46.4528]],[[11.3145,46.4501],[11.3144,46.4509],[11.315,46.4503],[11.3145,46.4501]],[[11.3143,46.4529],[11.3172,46.4534],[11.3157,46.4527],[11.3143,46.4529]],[[11.314,46.4666],[11.3136,46.4667],[11.3139,46.4671],[11.314,46.4666]],[[11.3152,46.4663],[11.3148,46.4664],[11.315,46.4669],[11.3152,46.4663]],[[11.3159,46.449],[11.3156,46.4496],[11.3167,46.4498],[11.3159,46.449]],[[11.3198,46.4453],[11.3202,46.4458],[11.3205,46.4452],[11.3198,46.4453]],[[11.3126,46.463],[11.3128,46.4623],[11.3123,46.4625],[11.3126,46.463]],[[11.318,46.4623],[11.3184,46.4623],[11.3183,46.4619],[11.318,46.4623]],[[11.3161,46.4623],[11.3171,46.4628],[11.3172,46.4624],[11.3161,46.4623]],[[11.3158,46.462],[11.316,46.4616],[11.3158,46.4616],[11.3158,46.462]],[[11.3167,46.4631],[11.3163,46.4639],[11.3166,46.4643],[11.3167,46.4631]],[[11.3106,46.4645],[11.3096,46.4633],[11.309,46.4645],[11.3106,46.4645]],[[11.3197,46.4576],[11.321,46.4575],[11.3195,46.4567],[11.3197,46.4576]],[[11.3154,46.4602],[11.3165,46.4597],[11.3156,46.4592],[11.3154,46.4602]],[[11.3129,46.4617],[11.3141,46.4631],[11.3152,46.4623],[11.3129,46.4617]],[[11.3172,46.4682],[11.3185,46.4674],[11.3169,46.4671],[11.3172,46.4682]],[[11.3149,46.4673],[11.3156,46.4677],[11.3153,46.467],[11.3149,46.4673]],[[11.3155,46.4656],[11.3137,46.4647],[11.3143,46.4661],[11.3155,46.4656]],[[11.316,46.4644],[11.316,46.4656],[11.3165,46.4653],[11.316,46.4644]]]}},{"type":"Feature","properties":{"landuse":"vineyard"},"geometry":{"type":"Polygon","coordinates":[[[11.3552,46.5081],[11.3597,46.5129],[11.3545,46.5132],[11.3497,46.5037],[11.353,46.5042],[11.3522,46.509],[11.3552,46.5081]]]}},{"type":"Feature","properties":{"landuse":"orchard"},"geometry":{"type":"Polygon","coordinates":[[[11.3079,46.3498],[11.3125,46.3589],[11.3006,46.3606],[11.3003,46.3538],[11.3039,46.3491],[11.3044,46.3518],[11.3079,46.3498]],[[11.3016,46.3553],[11.3021,46.3547],[11.3016,46.3547],[11.3016,46.3553]]]}},{"type":"Feature","properties":{"landuse":"vineyard"},"geometry":{"type":"Polygon","coordinates":[[[11.2776,46.5097],[11.285,46.5072],[11.2841,46.5131],[11.2776,46.5097]],[[11.2802,46.5109],[11.2802,46.5115],[11.2808,46.5113],[11.2802,46.5109]],[[11.283,46.5096],[11.2814,46.5098],[11.2824,46.5102],[11.283,46.5096]]]}},{"type":"Feature","properties":{"landuse":"orchard"},"geometry":{"type":"Polygon","coordinates":[[[11.1533,46.6959],[11.148,46.6972],[11.1525,46.6918],[11.1533,46.6959]]]}},{"type":"Feature","properties":{"landuse":"vineyard"},"geometry":{"type":"Polygon","coordinates":[[[11.3002,46.4786],[11.295,46.4746],[11.2985,46.4744],[11.2971,46.4761],[11.3021,46.4777],[11.3002,46.4786]]]}},{"type":"Feature","properties":{"landuse":"orchard"},"geometry":{"type":"Polygon","coordinates":[[[11.3158,46.4138],[11.3201,46.422],[11.3185,46.4329],[11.3215,46.4376],[11.3162,46.442],[11.3176,46.4345],[11.3138,46.4216],[11.3158,46.4138]],[[11.3183,46.4351],[11.3189,46.435],[11.3183,46.4348],[11.3183,46.4351]],[[11.3189,46.4258],[11.3191,46.4261],[11.3193,46.4258],[11.3189,46.4258]],[[11.3171,46.4166],[11.3172,46.4161],[11.3168,46.4163],[11.3171,46.4166]],[[11.3149,46.4207],[11.3151,46.4216],[11.3155,46.4214],[11.3149,46.4207]],[[11.3185,46.4356],[11.3185,46.4363],[11.3204,46.4361],[11.3185,46.4356]],[[11.3197,46.4366],[11.3195,46.4371],[11.3209,46.437],[11.3197,46.4366]]]}},{"type":"Feature","properties":{"landuse":"orchard"},"geometry":{"type":"Polygon","coordinates":[[[11.3115,46.4821],[11.3171,46.4855],[11.3126,46.4911],[11.3056,46.4902],[11.3076,46.4898],[11.3038,46.4859],[11.3088,46.4839],[11.3053,46.4834],[11.3137,46.4768],[11.3155,46.4798],[11.3115,46.4821]],[[11.3106,46.4897],[11.3124,46.4897],[11.3106,46.4894],[11.3106,46.4897]],[[11.3084,46.4878],[11.3089,46.4879],[11.3092,46.487],[11.3084,46.4878]],[[11.311,46.489],[11.312,46.4891],[11.3122,46.4885],[11.311,46.489]],[[11.3116,46.4857],[11.3125,46.4854],[11.3098,46.485],[11.3116,46.4857]],[[11.3076,46.4847],[11.3094,46.4855],[11.3096,46.4853],[11.3076,46.4847]],[[11.3054,46.4842],[11.3066,46.4848],[11.3057,46.484],[11.3054,46.4842]],[[11.3085,46.4824],[11.308,46.4835],[11.3093,46.4832],[11.3085,46.4824]],[[11.3105,46.4809],[11.3107,46.4814],[11.3116,46.4808],[11.3105,46.4809]],[[11.3122,46.4904],[11.3123,46.49],[11.3117,46.49],[11.3122,46.4904]],[[11.3115,46.4895],[11.3115,46.4896],[11.3117,46.4895],[11.3115,46.4895]],[[11.3106,46.4902],[11.3085,46.4891],[11.3082,46.4893],[11.3106,46.4902]],[[11.3102,46.4887],[11.3114,46.4888],[11.3104,46.4882],[11.3102,46.4887]],[[11.311,46.4882],[11.3111,46.4864],[11.3105,46.4881],[11.311,46.4882]],[[11.3124,46.4885],[11.313,46.4886],[11.3132,46.4881],[11.3124,46.4885]],[[11.3133,46.4891],[11.3134,46.4888],[11.313,46.4887],[11.3133,46.4891]],[[11.3129,46.4876],[11.3134,46.4877],[11.313,46.4874],[11.3129,46.4876]],[[11.314,46.4875],[11.3137,46.4871],[11.3136,46.4873],[11.314,46.4875]],[[11.3142,46.4868],[11.3142,46.486],[11.3138,46.4861],[11.3142,46.4868]],[[11.3153,46.4862],[11.3158,46.4857],[11.3152,46.4857],[11.3153,46.4862]],[[11.3132,46.4779],[11.3135,46.4775],[11.313,46.4778],[11.3132,46.4779]],[[11.3135,46.4774],[11.3138,46.4772],[11.3134,46.4772],[11.3135,46.4774]],[[11.3114,46.4789],[11.3112,46.4788],[11.3113,46.4789],[11.3114,46.4789]],[[11.3072,46.4834],[11.3073,46.483],[11.3068,46.4832],[11.3072,46.4834]],[[11.3056,46.4863],[11.306,46.4862],[11.3057,46.4859],[11.3056,46.4863]],[[11.3068,46.4863],[11.3064,46.4862],[11.3062,46.4867],[11.3068,46.4863]],[[11.3072,46.4867],[11.3074,46.4868],[11.3072,46.4865],[11.3072,46.4867]],[[11.3039,46.4874],[11.3063,46.4878],[11.3038,46.4873],[11.3039,46.4874]],[[11.3063,46.488],[11.3063,46.4879],[11.306,46.488],[11.3063,46.488]],[[11.307,46.4849],[11.3075,46.4849],[11.3077,46.4846],[11.307,46.4849]],[[11.3093,46.4862],[11.3095,46.4858],[11.3091,46.486],[11.3093,46.4862]],[[11.3095,46.4856],[11.3099,46.4853],[11.3097,46.4853],[11.3095,46.4856]]]}},{"type":"Feature","properties":{"landuse":"orchard"},"geometry":{"type":"Polygon","coordinates":[[[11.3173,46.3704],[11.3146,46.3728],[11.3153,46.3677],[11.3173,46.3704]]]}},{"type":"Feature","properties":{"landuse":"orchard"},"geometry":{"type":"Polygon","coordinates":[[[11.3174,46.3783],[11.3114,46.378],[11.3007,46.3608],[11.3124,46.3615],[11.3166,46.3696],[11.3143,46.3785],[11.3174,46.3783]]]}},{"type":"Feature","properties":{"landuse":"orchard"},"geometry":{"type":"Polygon","coordinates":[[[11.4937,46.5434],[11.4936,46.5422],[11.4952,46.5431],[11.4937,46.5434]]]}},{"type":"Feature","properties":{"landuse":"orchard"},"geometry":{"type":"Polygon","coordinates":[[[11.4969,46.5419],[11.4987,46.5432],[11.4976,46.5439],[11.4969,46.5419]]]}},{"type":"Feature","properties":{"landuse":"orchard"},"geometry":{"type":"Polygon","coordinates":[[[11.489,46.5445],[11.4917,46.5434],[11.49,46.5456],[11.489,46.5445]]]}},{"type":"Feature","properties":{"landuse":"vineyard"},"geometry":{"type":"Polygon","coordinates":[[[11.5309,46.6188],[11.5347,46.6189],[11.5303,46.6204],[11.5309,46.6188]]]}},{"type":"Feature","properties":{"landuse":"vineyard"},"geometry":{"type":"Polygon","coordinates":[[[11.5432,46.625],[11.5417,46.6237],[11.5436,46.6228],[11.5432,46.625]]]}},{"type":"Feature","properties":{"landuse":"vineyard"},"geometry":{"type":"Polygon","coordinates":[[[11.5441,46.6245],[11.5471,46.6276],[11.5432,46.628],[11.5441,46.6245]],[[11.5456,46.6267],[11.5458,46.6265],[11.5456,46.6265],[11.5456,46.6267]]]}},{"type":"Feature","properties":{"landuse":"orchard"},"geometry":{"type":"Polygon","coordinates":[[[10.8187,46.6275],[10.8213,46.6281],[10.8166,46.6238],[10.8099,46.6232],[10.8178,46.6219],[10.8187,46.6275]]]}},{"type":"Feature","properties":{"landuse":"orchard"},"geometry":{"type":"Polygon","coordinates":[[[11.186,46.5675],[11.1956,46.5614],[11.2141,46.5578],[11.2104,46.5672],[11.1901,46.5811],[11.1804,46.6076],[11.1619,46.6059],[11.1653,46.5986],[11.1631,46.5997],[11.1648,46.5972],[11.1606,46.5982],[11.1626,46.5973],[11.16,46.5958],[11.1775,46.5984],[11.1659,46.5968],[11.1745,46.5777],[11.1726,46.5753],[11.1796,46.5743],[11.186,46.5675]],[[11.1653,46.601],[11.1678,46.6012],[11.1669,46.6003],[11.1653,46.601]],[[11.1683,46.5997],[11.1682,46.6],[11.1689,46.6],[11.1683,46.5997]],[[11.2055,46.5645],[11.2047,46.5631],[11.2044,46.5633],[11.2055,46.5645]],[[11.2047,46.5686],[11.2031,46.5669],[11.2026,46.5672],[11.2047,46.5686]],[[11.2002,46.5688],[11.2012,46.5693],[11.2016,46.5687],[11.2002,46.5688]],[[11.1958,46.5684],[11.1966,46.5686],[11.1963,46.568],[11.1958,46.5684]],[[11.194,46.5688],[11.1943,46.5692],[11.1946,46.5689],[11.194,46.5688]],[[11.1944,46.5677],[11.1938,46.5685],[11.1954,46.5678],[11.1944,46.5677]],[[11.193,46.5696],[11.194,46.5695],[11.1931,46.5694],[11.193,46.5696]],[[11.1656,46.5991],[11.1662,46.5991],[11.1657,46.5986],[11.1656,46.5991]],[[11.1691,46.5962],[11.1702,46.5958],[11.169,46.5953],[11.1691,46.5962]],[[11.1676,46.5952],[11.1679,46.5945],[11.1673,46.5945],[11.1676,46.5952]],[[11.167,46.5954],[11.1669,46.596],[11.1679,46.5955],[11.167,46.5954]]]}},{"type":"Feature","properties":{"landuse":"orchard"},"geometry":{"type":"Polygon","coordinates":[[[10.8174,46.6072],[10.8221,46.6091],[10.8247,46.6182],[10.7869,46.6148],[10.8105,46.6108],[10.8077,46.6081],[10.8109,46.6101],[10.816,46.6084],[10.8117,46.6073],[10.8198,46.606],[10.815,46.6063],[10.8174,46.6072]],[[10.8139,46.6072],[10.8155,46.6072],[10.8151,46.6069],[10.8139,46.6072]],[[10.7988,46.6142],[10.7992,46.6147],[10.7994,46.6144],[10.7988,46.6142]],[[10.8146,46.6161],[10.8148,46.6159],[10.8146,46.6158],[10.8146,46.6161]],[[10.816,46.6173],[10.8158,46.6167],[10.8155,46.617],[10.816,46.6173]]]}},{"type":"Feature","properties":{"landuse":"orchard"},"geometry":{"type":"Polygon","coordinates":[[[10.8368,46.6243],[10.8307,46.622],[10.8393,46.6235],[10.8368,46.6243]],[[10.8345,46.6233],[10.8342,46.6238],[10.8347,46.6238],[10.8345,46.6233]]]}},{"type":"Feature","properties":{"landuse":"orchard"},"geometry":{"type":"Polygon","coordinates":[[[10.8216,46.6303],[10.8208,46.6214],[10.8241,46.6213],[10.8235,46.6246],[10.826,46.6252],[10.8216,46.6303]],[[10.8232,46.6219],[10.8235,46.6222],[10.8235,46.6219],[10.8232,46.6219]],[[10.8229,46.6219],[10.8227,46.6214],[10.8219,46.6219],[10.8229,46.6219]]]}},{"type":"Feature","properties":{"landuse":"orchard"},"geometry":{"type":"Polygon","coordinates":[[[10.7908,46.6273],[10.7838,46.6282],[10.8019,46.6233],[10.814,46.6253],[10.7908,46.6273]],[[10.8073,46.6242],[10.8087,46.6246],[10.8085,46.6239],[10.8073,46.6242]],[[10.7889,46.6272],[10.7906,46.627],[10.7904,46.6268],[10.7889,46.6272]],[[10.8027,46.625],[10.8047,46.6247],[10.8027,46.624],[10.8027,46.625]]]}},{"type":"Feature","properties":{"landuse":"vineyard"},"geometry":{"type":"Polygon","coordinates":[[[11.546,46.6279],[11.5462,46.6287],[11.5443,46.6286],[11.546,46.6279]]]}},{"type":"Feature","properties":{"landuse":"vineyard"},"geometry":{"type":"Polygon","coordinates":[[[11.2958,46.4552],[11.2936,46.4572],[11.2911,46.4527],[11.2931,46.4499],[11.298,46.4561],[11.2968,46.4628],[11.2941,46.4629],[11.2987,46.4623],[11.297,46.4651],[11.2999,46.4695],[11.2914,46.4595],[11.2958,46.4552]],[[11.2926,46.4557],[11.2933,46.4556],[11.2931,46.455],[11.2926,46.4557]],[[11.2977,46.4581],[11.2979,46.4581],[11.298,46.4575],[11.2977,46.4581]],[[11.2946,46.4537],[11.2941,46.4535],[11.2926,46.4536],[11.2946,46.4537]],[[11.2951,46.4628],[11.2953,46.4621],[11.2947,46.4604],[11.2951,46.4628]],[[11.2939,46.4626],[11.2943,46.4626],[11.2941,46.4618],[11.2939,46.4626]],[[11.2952,46.4658],[11.2962,46.4651],[11.2955,46.465],[11.2952,46.4658]],[[11.2939,46.4643],[11.2949,46.4643],[11.2939,46.4637],[11.2939,46.4643]]]}},{"type":"Feature","properties":{"landuse":"vineyard"},"geometry":{"type":"Polygon","coordinates":[[[11.3117,46.5007],[11.3225,46.4961],[11.3343,46.4993],[11.3201,46.5023],[11.3246,46.5051],[11.3117,46.5007]],[[11.3303,46.4996],[11.3307,46.4997],[11.3307,46.4993],[11.3303,46.4996]],[[11.322,46.5022],[11.3235,46.5024],[11.3246,46.5015],[11.322,46.5022]],[[11.3244,46.4987],[11.3245,46.4994],[11.3252,46.4991],[11.3244,46.4987]],[[11.324,46.5002],[11.3235,46.4996],[11.3226,46.5003],[11.324,46.5002]],[[11.3221,46.4978],[11.3213,46.4997],[11.3233,46.4992],[11.3221,46.4978]]]}},{"type":"Feature","properties":{"landuse":"farmland"},"geometry":{"type":"Polygon","coordinates":[[[10.5841,46.6217],[10.5872,46.619],[10.5894,46.622],[10.5875,46.6245],[10.5841,46.6217]],[[10.5869,46.623],[10.5876,46.622],[10.5858,46.6218],[10.5869,46.623]]]}},{"type":"Feature","properties":{"landuse":"farmland"},"geometry":{"type":"Polygon","coordinates":[[[11.3617,46.4406],[11.3639,46.4396],[11.3654,46.4401],[11.3617,46.4406]],[[11.3639,46.4401],[11.3645,46.44],[11.3644,46.4398],[11.3639,46.4401]]]}},{"type":"Feature","properties":{"landuse":"green_public_spaces"},"geometry":{"type":"Polygon","coordinates":[[[11.6578,46.7134],[11.6577,46.7144],[11.6552,46.7144],[11.6578,46.7134]]]}},{"type":"Feature","properties":{"landuse":"orchard"},"geometry":{"type":"Polygon","coordinates":[[[11.1329,46.6507],[11.1322,46.6488],[11.1346,46.6483],[11.1329,46.6507]],[[11.1329,46.6506],[11.1332,46.6505],[11.1331,46.6504],[11.1329,46.6506]]]}},{"type":"Feature","properties":{"landuse":"vineyard"},"geometry":{"type":"Polygon","coordinates":[[[11.3902,46.49],[11.3928,46.4907],[11.3896,46.491],[11.3902,46.49]]]}},{"type":"Feature","properties":{"landuse":"orchard"},"geometry":{"type":"Polygon","coordinates":[[[11.3075,46.5137],[11.3043,46.512],[11.3082,46.5125],[11.3075,46.5137]]]}},{"type":"Feature","properties":{"landuse":"vineyard"},"geometry":{"type":"Polygon","coordinates":[[[11.2323,46.5607],[11.2355,46.5607],[11.2313,46.5624],[11.2323,46.5607]],[[11.2347,46.5607],[11.2347,46.5606],[11.2345,46.5605],[11.2347,46.5607]]]}},{"type":"Feature","properties":{"landuse":"vineyard"},"geometry":{"type":"Polygon","coordinates":[[[11.3057,46.51],[11.3073,46.5099],[11.305,46.5123],[11.3057,46.51]]]}},{"type":"Feature","properties":{"landuse":"orchard"},"geometry":{"type":"Polygon","coordinates":[[[11.293,46.3649],[11.289,46.3551],[11.2943,46.357],[11.2979,46.3639],[11.293,46.3649]],[[11.2948,46.3637],[11.2965,46.3631],[11.2947,46.3628],[11.2948,46.3637]]]}},{"type":"Feature","properties":{"landuse":"orchard"},"geometry":{"type":"Polygon","coordinates":[[[11.293,46.3554],[11.2983,46.3572],[11.2959,46.3583],[11.293,46.3554]],[[11.2969,46.3575],[11.2963,46.3572],[11.2963,46.3576],[11.2969,46.3575]]]}},{"type":"Feature","properties":{"landuse":"orchard"},"geometry":{"type":"Polygon","coordinates":[[[11.3197,46.4074],[11.3194,46.4083],[11.3179,46.4065],[11.3197,46.4074]]]}},{"type":"Feature","properties":{"landuse":"farmland"},"geometry":{"type":"Polygon","coordinates":[[[11.2952,46.3817],[11.306,46.3804],[11.3061,46.3806],[11.2952,46.3817]]]}},{"type":"Feature","properties":{"landuse":"farmland"},"geometry":{"type":"Polygon","coordinates":[[[11.3059,46.3802],[11.2951,46.3814],[11.3057,46.3799],[11.3059,46.3802]]]}},{"type":"Feature","properties":{"landuse":"orchard"},"geometry":{"type":"Polygon","coordinates":[[[11.3059,46.3802],[11.2952,46.3817],[11.2951,46.3814],[11.3059,46.3802]]]}},{"type":"Feature","properties":{"landuse":"orchard"},"geometry":{"type":"Polygon","coordinates":[[[11.2947,46.3802],[11.2919,46.3654],[11.2971,46.3643],[11.3043,46.3767],[11.3016,46.3769],[11.3057,46.3799],[11.2947,46.3802]],[[11.3015,46.3801],[11.3025,46.38],[11.3014,46.3795],[11.3015,46.3801]]]}},{"type":"Feature","properties":{"landuse":"vineyard"},"geometry":{"type":"Polygon","coordinates":[[[11.3223,46.4053],[11.3241,46.4041],[11.3233,46.406],[11.3223,46.4053]]]}},{"type":"Feature","properties":{"landuse":"orchard"},"geometry":{"type":"Polygon","coordinates":[[[10.8461,46.618],[10.8609,46.6206],[10.8494,46.6213],[10.8378,46.6175],[10.8461,46.618]],[[10.8549,46.6205],[10.8554,46.6205],[10.8556,46.6203],[10.8549,46.6205]]]}},{"type":"Feature","properties":{"landuse":"orchard"},"geometry":{"type":"Polygon","coordinates":[[[10.8439,46.6175],[10.8394,46.6167],[10.8423,46.6162],[10.8439,46.6175]],[[10.8425,46.617],[10.8426,46.6169],[10.8424,46.6169],[10.8425,46.617]]]}},{"type":"Feature","properties":{"landuse":"orchard"},"geometry":{"type":"Polygon","coordinates":[[[10.8479,46.6187],[10.8455,46.6168],[10.8509,46.6184],[10.8479,46.6187]]]}},{"type":"Feature","properties":{"landuse":"green_public_spaces"},"geometry":{"type":"MultiPolygon","coordinates":[[[[11.1912,46.5922],[11.1929,46.5909],[11.1932,46.5927],[11.1912,46.5922]]],[[[11.1934,46.5937],[11.188,46.5926],[11.1933,46.5933],[11.1934,46.5937]]],[[[11.1932,46.5963],[11.1915,46.5964],[11.1925,46.5948],[11.1932,46.5963]]]]}},{"type":"Feature","properties":{"landuse":"green_public_spaces"},"geometry":{"type":"MultiPolygon","coordinates":[[[[11.8942,46.553],[11.8937,46.5531],[11.8941,46.5527],[11.8942,46.553]]],[[[11.8924,46.5531],[11.8891,46.5527],[11.8913,46.5509],[11.8924,46.5531]]],[[[11.8941,46.5534],[11.8937,46.5546],[11.8904,46.554],[11.8941,46.5534]]]]}},{"type":"Feature","properties":{"landuse":"green_public_spaces"},"geometry":{"type":"MultiPolygon","coordinates":[[[[11.452,46.8891],[11.4529,46.8902],[11.4507,46.8898],[11.452,46.8891]]],[[[11.4557,46.8946],[11.4578,46.8967],[11.4558,46.896],[11.4557,46.8946]]]]}},{"type":"Feature","properties":{"landuse":"vineyard"},"geometry":{"type":"Polygon","coordinates":[[[11.5761,46.6489],[11.574,46.6486],[11.5796,46.6489],[11.5761,46.6489]],[[11.5778,46.6483],[11.5783,46.6482],[11.5766,46.6478],[11.5778,46.6483]],[[11.577,46.6489],[11.5772,46.6483],[11.5756,46.6484],[11.577,46.6489]]]}},{"type":"Feature","properties":{"landuse":"orchard"},"geometry":{"type":"Polygon","coordinates":[[[11.1698,46.6871],[11.1676,46.6814],[11.1739,46.679],[11.1773,46.6904],[11.1731,46.6927],[11.1698,46.6871]],[[11.1735,46.6882],[11.1725,46.6848],[11.1721,46.6894],[11.1735,46.6882]],[[11.171,46.6868],[11.1711,46.6862],[11.1707,46.6866],[11.171,46.6868]],[[11.1689,46.6866],[11.1697,46.6863],[11.1694,46.6861],[11.1689,46.6866]],[[11.1714,46.685],[11.172,46.6831],[11.1684,46.6815],[11.1714,46.685]]]}},{"type":"Feature","properties":{"landuse":"orchard"},"geometry":{"type":"Polygon","coordinates":[[[11.1805,46.6622],[11.1826,46.6613],[11.1819,46.6647],[11.1805,46.6622]]]}},{"type":"Feature","properties":{"landuse":"orchard"},"geometry":{"type":"Polygon","coordinates":[[[11.1816,46.6649],[11.1833,46.6673],[11.1807,46.6688],[11.1816,46.6649]]]}},{"type":"Feature","properties":{"landuse":"orchard"},"geometry":{"type":"Polygon","coordinates":[[[11.1846,46.677],[11.1802,46.6816],[11.1743,46.6783],[11.1802,46.676],[11.1825,46.67],[11.1924,46.6741],[11.1778,46.679],[11.1859,46.6752],[11.1846,46.677]],[[11.1814,46.673],[11.1816,46.6729],[11.1809,46.6723],[11.1814,46.673]],[[11.1811,46.6745],[11.1816,46.6745],[11.1811,46.6736],[11.1811,46.6745]],[[11.1827,46.6735],[11.1854,46.6749],[11.1852,46.6733],[11.1827,46.6735]]]}},{"type":"Feature","properties":{"landuse":"vineyard"},"geometry":{"type":"Polygon","coordinates":[[[11.1488,46.6908],[11.1521,46.687],[11.1526,46.6899],[11.1488,46.6908]],[[11.15,46.6911],[11.1503,46.691],[11.1501,46.6906],[11.15,46.6911]],[[11.1505,46.6914],[11.1509,46.6905],[11.1506,46.6903],[11.1505,46.6914]],[[11.1508,46.6897],[11.151,46.6892],[11.15,46.6887],[11.1508,46.6897]]]}},{"type":"Feature","properties":{"landuse":"orchard"},"geometry":{"type":"Polygon","coordinates":[[[11.1444,46.6993],[11.1459,46.6985],[11.1465,46.7001],[11.1444,46.6993]]]}},{"type":"Feature","properties":{"landuse":"vineyard"},"geometry":{"type":"Polygon","coordinates":[[[11.132,46.693],[11.1306,46.6936],[11.1294,46.6931],[11.132,46.693]]]}},{"type":"Feature","properties":{"landuse":"orchard"},"geometry":{"type":"Polygon","coordinates":[[[11.1287,46.6937],[11.1329,46.6926],[11.1263,46.6948],[11.1287,46.6937]]]}},{"type":"Feature","properties":{"landuse":"vineyard"},"geometry":{"type":"Polygon","coordinates":[[[11.1332,46.6925],[11.1348,46.6936],[11.1319,46.6944],[11.1332,46.6925]],[[11.1337,46.6938],[11.1344,46.6939],[11.1334,46.6934],[11.1337,46.6938]]]}},{"type":"Feature","properties":{"landuse":"orchard"},"geometry":{"type":"Polygon","coordinates":[[[11.1387,46.6932],[11.1428,46.6954],[11.1381,46.6948],[11.1387,46.6932]],[[11.1382,46.6939],[11.1401,46.6942],[11.1392,46.6935],[11.1382,46.6939]]]}},{"type":"Feature","properties":{"landuse":"vineyard"},"geometry":{"type":"Polygon","coordinates":[[[11.1363,46.6914],[11.1344,46.6908],[11.1374,46.6905],[11.1363,46.6914]]]}},{"type":"Feature","properties":{"landuse":"vineyard"},"geometry":{"type":"Polygon","coordinates":[[[11.144,46.6934],[11.1442,46.6916],[11.1461,46.6925],[11.144,46.6934]]]}},{"type":"Feature","properties":{"landuse":"orchard"},"geometry":{"type":"Polygon","coordinates":[[[11.1268,46.6914],[11.1264,46.6901],[11.1286,46.6902],[11.1268,46.6914]]]}},{"type":"Feature","properties":{"landuse":"vineyard"},"geometry":{"type":"Polygon","coordinates":[[[11.1308,46.6899],[11.1299,46.6907],[11.1282,46.689],[11.1308,46.6899]]]}},{"type":"Feature","properties":{"landuse":"vineyard"},"geometry":{"type":"Polygon","coordinates":[[[11.1565,46.6859],[11.1563,46.6852],[11.1581,46.6837],[11.1565,46.6859]]]}},{"type":"Feature","properties":{"landuse":"orchard"},"geometry":{"type":"Polygon","coordinates":[[[11.1476,46.6832],[11.1519,46.6811],[11.1443,46.6837],[11.1476,46.6832]]]}},{"type":"Feature","properties":{"landuse":"orchard"},"geometry":{"type":"Polygon","coordinates":[[[11.1621,46.68],[11.1612,46.6828],[11.1588,46.6817],[11.1621,46.68]]]}},{"type":"Feature","properties":{"landuse":"vineyard"},"geometry":{"type":"Polygon","coordinates":[[[11.1588,46.6817],[11.1547,46.6841],[11.1595,46.6812],[11.1588,46.6817]]]}},{"type":"Feature","properties":{"landuse":"vineyard"},"geometry":{"type":"Polygon","coordinates":[[[11.1534,46.6821],[11.158,46.6786],[11.1512,46.6843],[11.1534,46.6821]]]}},{"type":"Feature","properties":{"landuse":"vineyard"},"geometry":{"type":"MultiPolygon","coordinates":[[[[11.1636,46.6762],[11.1594,46.6763],[11.1686,46.672],[11.1636,46.6762]]],[[[11.1671,46.6745],[11.1666,46.6743],[11.1671,46.674],[11.1671,46.6745]]]]}},{"type":"Feature","properties":{"landuse":"orchard"},"geometry":{"type":"Polygon","coordinates":[[[11.171,46.6939],[11.1688,46.6955],[11.1697,46.6939],[11.171,46.6939]]]}},{"type":"Feature","properties":{"landuse":"orchard"},"geometry":{"type":"Polygon","coordinates":[[[11.1643,46.6865],[11.1633,46.6835],[11.1698,46.6763],[11.1643,46.6865]],[[11.1661,46.6815],[11.1667,46.6817],[11.1669,46.6811],[11.1661,46.6815]],[[11.1651,46.6858],[11.1655,46.6859],[11.1651,46.6853],[11.1651,46.6858]],[[11.1669,46.6797],[11.167,46.68],[11.1673,46.6798],[11.1669,46.6797]]]}},{"type":"Feature","properties":{"landuse":"orchard"},"geometry":{"type":"Polygon","coordinates":[[[11.1437,46.6738],[11.1434,46.6763],[11.1324,46.6788],[11.1381,46.6732],[11.1437,46.6738]],[[11.1318,46.6775],[11.1334,46.6778],[11.1335,46.6777],[11.1318,46.6775]]]}},{"type":"Feature","properties":{"landuse":"vineyard"},"geometry":{"type":"Polygon","coordinates":[[[11.1469,46.688],[11.1445,46.6879],[11.1456,46.6853],[11.1469,46.688]],[[11.1463,46.6883],[11.1462,46.6884],[11.1463,46.6885],[11.1463,46.6883]],[[11.1453,46.6879],[11.1458,46.6881],[11.1455,46.6875],[11.1453,46.6879]]]}},{"type":"Feature","properties":{"landuse":"green_public_spaces"},"geometry":{"type":"MultiPolygon","coordinates":[[[[11.2947,46.3377],[11.2964,46.3391],[11.2937,46.3421],[11.2854,46.3405],[11.2817,46.3328],[11.2854,46.3265],[11.2877,46.3295],[11.2899,46.328],[11.2947,46.3377]],[[11.2851,46.3359],[11.2841,46.3357],[11.2845,46.3362],[11.2851,46.3359]],[[11.2891,46.3345],[11.2895,46.3356],[11.2904,46.3353],[11.2891,46.3345]],[[11.2916,46.3328],[11.2916,46.3315],[11.2902,46.3322],[11.2916,46.3328]]],[[[11.284,46.3383],[11.2817,46.3374],[11.2825,46.3349],[11.284,46.3383]]]]}},{"type":"Feature","properties":{"landuse":"vineyard"},"geometry":{"type":"Polygon","coordinates":[[[11.176,46.6603],[11.1758,46.659],[11.1787,46.6592],[11.176,46.6603]]]}},{"type":"Feature","properties":{"landuse":"vineyard"},"geometry":{"type":"Polygon","coordinates":[[[11.1687,46.6596],[11.1666,46.6596],[11.1663,46.6586],[11.1687,46.6596]]]}},{"type":"Feature","properties":{"landuse":"vineyard"},"geometry":{"type":"Polygon","coordinates":[[[11.1701,46.6609],[11.1691,46.6597],[11.1698,46.6593],[11.1701,46.6609]]]}},{"type":"Feature","properties":{"landuse":"orchard"},"geometry":{"type":"Polygon","coordinates":[[[11.1779,46.6594],[11.1788,46.6605],[11.1771,46.6601],[11.1779,46.6594]]]}},{"type":"Feature","properties":{"landuse":"vineyard"},"geometry":{"type":"Polygon","coordinates":[[[11.1786,46.6603],[11.1802,46.66],[11.1795,46.6608],[11.1786,46.6603]]]}},{"type":"Feature","properties":{"landuse":"orchard"},"geometry":{"type":"Polygon","coordinates":[[[11.1623,46.6571],[11.1639,46.6586],[11.1625,46.6589],[11.1623,46.6571]]]}},{"type":"Feature","properties":{"landuse":"orchard"},"geometry":{"type":"Polygon","coordinates":[[[11.1339,46.6173],[11.133,46.615],[11.1376,46.6156],[11.1339,46.6173]],[[11.1354,46.616],[11.1357,46.6155],[11.135,46.6152],[11.1354,46.616]]]}},{"type":"Feature","properties":{"landuse":"orchard"},"geometry":{"type":"Polygon","coordinates":[[[11.1371,46.6181],[11.139,46.6185],[11.1358,46.6195],[11.1371,46.6181]],[[11.1368,46.6179],[11.137,46.6181],[11.1382,46.6178],[11.1368,46.6179]]]}},{"type":"Feature","properties":{"landuse":"vineyard"},"geometry":{"type":"Polygon","coordinates":[[[11.3389,46.4644],[11.3412,46.4621],[11.34,46.4648],[11.3389,46.4644]],[[11.3395,46.4644],[11.3394,46.4645],[11.3396,46.4645],[11.3395,46.4644]]]}},{"type":"Feature","properties":{"landuse":"orchard"},"geometry":{"type":"Polygon","coordinates":[[[11.3538,46.4351],[11.353,46.4363],[11.3529,46.4346],[11.3538,46.4351]]]}},{"type":"Feature","properties":{"landuse":"orchard"},"geometry":{"type":"Polygon","coordinates":[[[11.3164,46.4341],[11.3115,46.4283],[11.3134,46.4223],[11.3164,46.4341]],[[11.3129,46.4279],[11.3139,46.4283],[11.3139,46.4278],[11.3129,46.4279]],[[11.3139,46.4296],[11.3144,46.4296],[11.3144,46.4292],[11.3139,46.4296]]]}},{"type":"Feature","properties":{"landuse":"farmland"},"geometry":{"type":"Polygon","coordinates":[[[11.3445,46.4138],[11.3476,46.4138],[11.3456,46.4159],[11.3445,46.4138]],[[11.3459,46.4156],[11.3455,46.4148],[11.3451,46.4151],[11.3459,46.4156]]]}},{"type":"Feature","properties":{"landuse":"farmland"},"geometry":{"type":"Polygon","coordinates":[[[11.3387,46.4121],[11.3428,46.4132],[11.3412,46.4137],[11.3424,46.4131],[11.3387,46.4121]]]}},{"type":"Feature","properties":{"landuse":"vineyard"},"geometry":{"type":"Polygon","coordinates":[[[11.2895,46.3431],[11.2931,46.3467],[11.2902,46.3508],[11.2848,46.3425],[11.2895,46.3431]],[[11.2893,46.3458],[11.2893,46.3458],[11.288,46.3459],[11.2893,46.3458]],[[11.2884,46.3475],[11.2889,46.3474],[11.288,46.3461],[11.2884,46.3475]],[[11.2904,46.35],[11.2912,46.3492],[11.2901,46.3495],[11.2904,46.35]],[[11.29,46.3449],[11.2905,46.3449],[11.2898,46.3443],[11.29,46.3449]]]}},{"type":"Feature","properties":{"landuse":"orchard"},"geometry":{"type":"Polygon","coordinates":[[[11.2647,46.3194],[11.2743,46.33],[11.2743,46.3351],[11.2857,46.3531],[11.2779,46.3496],[11.2614,46.3246],[11.2653,46.3267],[11.2647,46.3194]],[[11.2754,46.3414],[11.276,46.3416],[11.2764,46.3409],[11.2754,46.3414]],[[11.2762,46.3444],[11.277,46.3442],[11.2757,46.3419],[11.2762,46.3444]],[[11.2738,46.3404],[11.2741,46.3403],[11.2737,46.3389],[11.2738,46.3404]],[[11.2727,46.3405],[11.2732,46.3405],[11.273,46.3398],[11.2727,46.3405]],[[11.2717,46.3395],[11.2719,46.3395],[11.2718,46.3392],[11.2717,46.3395]],[[11.2723,46.3391],[11.2721,46.3381],[11.2719,46.3392],[11.2723,46.3391]],[[11.2713,46.3335],[11.2741,46.3332],[11.2712,46.3332],[11.2713,46.3335]],[[11.2753,46.3369],[11.2758,46.3361],[11.2751,46.3362],[11.2753,46.3369]]]}},{"type":"Feature","properties":{"landuse":"orchard"},"geometry":{"type":"Polygon","coordinates":[[[10.7802,46.6238],[10.7823,46.6163],[10.8096,46.6192],[10.7978,46.6249],[10.7788,46.6256],[10.7802,46.6238]],[[10.7816,46.623],[10.7823,46.6229],[10.7824,46.6225],[10.7816,46.623]]]}},{"type":"Feature","properties":{"landuse":"orchard"},"geometry":{"type":"Polygon","coordinates":[[[10.8567,46.6083],[10.8507,46.6142],[10.8555,46.6164],[10.8494,46.6179],[10.8333,46.6142],[10.8272,46.6055],[10.8296,46.6016],[10.8314,46.6058],[10.8467,46.6025],[10.8555,46.6064],[10.8666,46.606],[10.8567,46.6083]],[[10.8353,46.607],[10.8363,46.6073],[10.8359,46.606],[10.8353,46.607]],[[10.83,46.6041],[10.8302,46.6037],[10.83,46.6037],[10.83,46.6041]],[[10.8383,46.6089],[10.8393,46.6092],[10.8381,46.6079],[10.8383,46.6089]],[[10.8465,46.6129],[10.8473,46.6131],[10.8471,46.6125],[10.8465,46.6129]],[[10.849,46.6125],[10.8484,46.6125],[10.8487,46.6129],[10.849,46.6125]],[[10.8495,46.6133],[10.8503,46.6135],[10.8503,46.6132],[10.8495,46.6133]],[[10.8488,46.6158],[10.8494,46.6156],[10.8492,46.6154],[10.8488,46.6158]],[[10.8495,46.6151],[10.8499,46.614],[10.8486,46.6147],[10.8495,46.6151]],[[10.8509,46.6172],[10.8539,46.6164],[10.8499,46.6164],[10.8509,46.6172]],[[10.8502,46.6161],[10.8507,46.6162],[10.8504,46.6156],[10.8502,46.6161]],[[10.8458,46.6156],[10.8469,46.6161],[10.8465,46.6154],[10.8458,46.6156]]]}},{"type":"Feature","properties":{"landuse":"orchard"},"geometry":{"type":"Polygon","coordinates":[[[11.1444,46.6832],[11.1367,46.6855],[11.132,46.6809],[11.1455,46.6792],[11.144,46.6808],[11.1469,46.6816],[11.1444,46.6832]]]}},{"type":"Feature","properties":{"landuse":"orchard"},"geometry":{"type":"MultiPolygon","coordinates":[[[[11.154,46.6845],[11.153,46.6862],[11.1504,46.6868],[11.154,46.6845]]],[[[11.1586,46.6833],[11.1539,46.6861],[11.1569,46.6836],[11.1586,46.6833]]]]}},{"type":"Feature","properties":{"landuse":"vineyard"},"geometry":{"type":"Polygon","coordinates":[[[11.3295,46.5113],[11.3247,46.5096],[11.3291,46.5079],[11.3295,46.5113]],[[11.326,46.5089],[11.3271,46.5085],[11.3261,46.5084],[11.326,46.5089]],[[11.3272,46.509],[11.3278,46.5093],[11.3277,46.5087],[11.3272,46.509]]]}},{"type":"Feature","properties":{"landuse":"orchard"},"geometry":{"type":"Polygon","coordinates":[[[11.191,46.6042],[11.1917,46.6092],[11.1884,46.6096],[11.1876,46.6058],[11.191,46.6042]],[[11.1911,46.6095],[11.1911,46.6092],[11.1907,46.6092],[11.1911,46.6095]],[[11.1905,46.6086],[11.1905,46.6073],[11.1898,46.6082],[11.1905,46.6086]]]}},{"type":"Feature","properties":{"landuse":"vineyard"},"geometry":{"type":"Polygon","coordinates":[[[11.1182,46.6893],[11.113,46.6875],[11.1163,46.687],[11.1182,46.6893]],[[11.1172,46.688],[11.1173,46.6882],[11.1174,46.6881],[11.1172,46.688]]]}},{"type":"Feature","properties":{"landuse":"vineyard"},"geometry":{"type":"Polygon","coordinates":[[[11.1847,46.677],[11.1859,46.6756],[11.1869,46.6758],[11.1847,46.677]]]}},{"type":"Feature","properties":{"landuse":"orchard"},"geometry":{"type":"Polygon","coordinates":[[[11.1474,46.621],[11.1556,46.6174],[11.1508,46.6168],[11.153,46.6157],[11.1578,46.6208],[11.1605,46.6142],[11.1743,46.6104],[11.1734,46.6086],[11.1791,46.6097],[11.1835,46.6173],[11.179,46.6243],[11.1733,46.6267],[11.1581,46.6258],[11.1474,46.621]],[[11.1757,46.612],[11.176,46.612],[11.1756,46.6118],[11.1757,46.612]],[[11.1739,46.611],[11.1756,46.6122],[11.1757,46.6111],[11.1739,46.611]],[[11.155,46.6182],[11.1552,46.618],[11.1546,46.6177],[11.155,46.6182]],[[11.1525,46.6199],[11.1527,46.6195],[11.1514,46.62],[11.1525,46.6199]],[[11.1529,46.62],[11.1545,46.6195],[11.1534,46.6193],[11.1529,46.62]],[[11.1498,46.6215],[11.151,46.622],[11.1511,46.6215],[11.1498,46.6215]],[[11.1743,46.6198],[11.1756,46.6195],[11.1744,46.6193],[11.1743,46.6198]],[[11.1704,46.6227],[11.1681,46.6227],[11.1692,46.6231],[11.1704,46.6227]],[[11.1545,46.6232],[11.1557,46.6219],[11.154,46.6222],[11.1545,46.6232]],[[11.1596,46.621],[11.1606,46.6212],[11.16,46.6202],[11.1596,46.621]],[[11.1629,46.6161],[11.1646,46.6162],[11.164,46.6159],[11.1646,46.6158],[11.1629,46.6161]],[[11.1665,46.6145],[11.1638,46.6146],[11.1652,46.6152],[11.1665,46.6145]],[[11.1692,46.6143],[11.1694,46.6146],[11.171,46.6141],[11.1692,46.6143]],[[11.1692,46.6132],[11.1683,46.6146],[11.1695,46.6136],[11.1692,46.6132]],[[11.1685,46.6133],[11.1686,46.6126],[11.1678,46.6128],[11.1685,46.6133]]]}},{"type":"Feature","properties":{"landuse":"orchard"},"geometry":{"type":"Polygon","coordinates":[[[11.3241,46.4335],[11.3202,46.4191],[11.3254,46.4279],[11.3317,46.4299],[11.3241,46.4335]],[[11.3262,46.4295],[11.3273,46.4293],[11.3258,46.4291],[11.3262,46.4295]],[[11.3252,46.4288],[11.3251,46.4285],[11.3248,46.4287],[11.3252,46.4288]]]}},{"type":"Feature","properties":{"landuse":"orchard"},"geometry":{"type":"Polygon","coordinates":[[[11.3288,46.4236],[11.3311,46.425],[11.3304,46.4254],[11.3288,46.4236]]]}},{"type":"Feature","properties":{"landuse":"orchard"},"geometry":{"type":"Polygon","coordinates":[[[11.3349,46.4319],[11.3356,46.433],[11.3336,46.4333],[11.3349,46.4319]]]}},{"type":"Feature","properties":{"landuse":"orchard"},"geometry":{"type":"Polygon","coordinates":[[[11.3256,46.4236],[11.3323,46.4278],[11.3259,46.4281],[11.3233,46.4241],[11.3256,46.4236]],[[11.3298,46.4276],[11.3302,46.4275],[11.33,46.4271],[11.3298,46.4276]],[[11.3289,46.4269],[11.3292,46.427],[11.3293,46.4267],[11.3289,46.4269]],[[11.3281,46.4268],[11.3287,46.4269],[11.3287,46.4265],[11.3281,46.4268]],[[11.3246,46.4244],[11.3238,46.4246],[11.324,46.4249],[11.3246,46.4244]],[[11.3284,46.4259],[11.3292,46.4262],[11.3288,46.4255],[11.3284,46.4259]]]}},{"type":"Feature","properties":{"landuse":"orchard"},"geometry":{"type":"Polygon","coordinates":[[[11.3286,46.4233],[11.3186,46.4135],[11.3308,46.4187],[11.3286,46.4233]],[[11.3261,46.42],[11.3271,46.42],[11.3263,46.4195],[11.3261,46.42]],[[11.3277,46.4195],[11.3283,46.4197],[11.3283,46.4192],[11.3277,46.4195]],[[11.3225,46.4177],[11.3233,46.4175],[11.3224,46.4173],[11.3225,46.4177]]]}},{"type":"Feature","properties":{"landuse":"vineyard"},"geometry":{"type":"Polygon","coordinates":[[[11.3743,46.4908],[11.3777,46.4908],[11.3711,46.4919],[11.3743,46.4908]],[[11.3725,46.4915],[11.3739,46.492],[11.373,46.4911],[11.3725,46.4915]]]}},{"type":"Feature","properties":{"landuse":"orchard"},"geometry":{"type":"MultiPolygon","coordinates":[[[[11.6774,46.7535],[11.6778,46.7536],[11.6768,46.7542],[11.6774,46.7535]]],[[[11.677,46.7534],[11.6696,46.7509],[11.6708,46.7434],[11.6723,46.7464],[11.676,46.742],[11.681,46.745],[11.679,46.7514],[11.6759,46.751],[11.677,46.7534]],[[11.6732,46.75],[11.6743,46.7497],[11.6738,46.7487],[11.6732,46.75]]]]}},{"type":"Feature","properties":{"landuse":"farmland"},"geometry":{"type":"Polygon","coordinates":[[[10.5829,46.6279],[10.5845,46.6261],[10.5852,46.6282],[10.5829,46.6279]],[[10.5838,46.6276],[10.5835,46.628],[10.5844,46.6282],[10.5838,46.6276]]]}},{"type":"Feature","properties":{"landuse":"vineyard"},"geometry":{"type":"Polygon","coordinates":[[[11.6524,46.7463],[11.6524,46.7436],[11.6563,46.7459],[11.6524,46.7463]],[[11.6557,46.7468],[11.6559,46.7467],[11.6553,46.7466],[11.6557,46.7468]]]}},{"type":"Feature","properties":{"landuse":"orchard"},"geometry":{"type":"Polygon","coordinates":[[[11.1916,46.6155],[11.19,46.6192],[11.1881,46.6185],[11.1916,46.6155]],[[11.19,46.6183],[11.1903,46.6181],[11.1903,46.6179],[11.19,46.6183]]]}},{"type":"Feature","properties":{"landuse":"vineyard"},"geometry":{"type":"Polygon","coordinates":[[[11.3429,46.5106],[11.3453,46.5109],[11.3434,46.5118],[11.3429,46.5106]]]}},{"type":"Feature","properties":{"landuse":"vineyard"},"geometry":{"type":"Polygon","coordinates":[[[11.3468,46.5178],[11.3481,46.5196],[11.3438,46.5209],[11.3468,46.5178]],[[11.3445,46.5188],[11.3443,46.5192],[11.3448,46.5189],[11.3445,46.5188]]]}},{"type":"Feature","properties":{"landuse":"vineyard"},"geometry":{"type":"Polygon","coordinates":[[[11.3396,46.5203],[11.3372,46.5187],[11.3398,46.5189],[11.3396,46.5203]]]}},{"type":"Feature","properties":{"landuse":"vineyard"},"geometry":{"type":"Polygon","coordinates":[[[11.3541,46.5244],[11.3501,46.5235],[11.353,46.5229],[11.3541,46.5244]],[[11.3512,46.5235],[11.3517,46.5236],[11.3516,46.5233],[11.3512,46.5235]]]}},{"type":"Feature","properties":{"landuse":"vineyard"},"geometry":{"type":"Polygon","coordinates":[[[11.1742,46.671],[11.1758,46.6702],[11.1763,46.6718],[11.1742,46.671]]]}},{"type":"Feature","properties":{"landuse":"vineyard"},"geometry":{"type":"Polygon","coordinates":[[[11.6486,46.7469],[11.6451,46.7479],[11.6514,46.7427],[11.6486,46.7469]],[[11.6449,46.7476],[11.6459,46.7474],[11.6458,46.7468],[11.6449,46.7476]]]}},{"type":"Feature","properties":{"landuse":"vineyard"},"geometry":{"type":"Polygon","coordinates":[[[11.1331,46.6892],[11.1332,46.6907],[11.1315,46.6896],[11.1331,46.6892]]]}},{"type":"Feature","properties":{"landuse":"vineyard"},"geometry":{"type":"Polygon","coordinates":[[[11.1858,46.6813],[11.1839,46.6797],[11.1858,46.6774],[11.1858,46.6813]],[[11.1845,46.6802],[11.1856,46.6804],[11.1855,46.68],[11.1845,46.6802]]]}},{"type":"Feature","properties":{"landuse":"orchard"},"geometry":{"type":"Polygon","coordinates":[[[11.3176,46.5102],[11.3134,46.5111],[11.3151,46.5089],[11.3176,46.5102]]]}},{"type":"Feature","properties":{"landuse":"vineyard"},"geometry":{"type":"Polygon","coordinates":[[[11.1546,46.6844],[11.1538,46.6861],[11.1537,46.6842],[11.1546,46.6844]]]}},{"type":"Feature","properties":{"landuse":"vineyard"},"geometry":{"type":"Polygon","coordinates":[[[11.154,46.6872],[11.1527,46.6863],[11.1556,46.6866],[11.154,46.6872]]]}},{"type":"Feature","properties":{"landuse":"orchard"},"geometry":{"type":"Polygon","coordinates":[[[11.1522,46.6114],[11.1499,46.6117],[11.149,46.6106],[11.1522,46.6114]],[[11.1504,46.6111],[11.1512,46.6109],[11.1502,46.6107],[11.1504,46.6111]]]}},{"type":"Feature","properties":{"landuse":"orchard"},"geometry":{"type":"Polygon","coordinates":[[[11.1677,46.6587],[11.1741,46.6574],[11.1751,46.66],[11.1677,46.6587]],[[11.169,46.658],[11.1677,46.6582],[11.1688,46.6583],[11.169,46.658]]]}},{"type":"Feature","properties":{"landuse":"orchard"},"geometry":{"type":"Polygon","coordinates":[[[11.6679,46.724],[11.6713,46.7233],[11.6717,46.7275],[11.671,46.7255],[11.6671,46.7277],[11.6679,46.724]],[[11.6712,46.7243],[11.6708,46.7239],[11.6701,46.7242],[11.6712,46.7243]]]}},{"type":"Feature","properties":{"landuse":"vineyard"},"geometry":{"type":"Polygon","coordinates":[[[11.4917,46.5371],[11.493,46.5351],[11.4944,46.5365],[11.4917,46.5371]],[[11.4926,46.5363],[11.4933,46.5362],[11.4926,46.5362],[11.4926,46.5363]]]}},{"type":"Feature","properties":{"landuse":"vineyard"},"geometry":{"type":"Polygon","coordinates":[[[11.2981,46.4735],[11.2922,46.4674],[11.2953,46.4663],[11.2981,46.4735]],[[11.2965,46.4703],[11.297,46.4699],[11.2966,46.4698],[11.2965,46.4703]],[[11.2926,46.4683],[11.2931,46.4696],[11.2931,46.4682],[11.2926,46.4683]]]}},{"type":"Feature","properties":{"landuse":"orchard"},"geometry":{"type":"Polygon","coordinates":[[[11.3313,46.4536],[11.3306,46.4588],[11.3282,46.4515],[11.3351,46.4513],[11.333,46.4558],[11.3313,46.4536]]]}},{"type":"Feature","properties":{"landuse":"orchard"},"geometry":{"type":"Polygon","coordinates":[[[11.1528,46.6135],[11.1508,46.613],[11.154,46.6124],[11.1528,46.6135]],[[11.151,46.6123],[11.1512,46.6126],[11.152,46.6125],[11.151,46.6123]]]}},{"type":"Feature","properties":{"landuse":"orchard"},"geometry":{"type":"Polygon","coordinates":[[[11.1499,46.6021],[11.1487,46.6057],[11.1432,46.6013],[11.1442,46.5991],[11.1469,46.6021],[11.1487,46.5966],[11.1519,46.6002],[11.1499,46.6021]],[[11.1473,46.6041],[11.1483,46.6044],[11.1484,46.6039],[11.1473,46.6041]],[[11.1454,46.602],[11.1456,46.6016],[11.1448,46.6014],[11.1454,46.602]],[[11.148,46.6014],[11.1487,46.6014],[11.1482,46.6009],[11.148,46.6014]]]}},{"type":"Feature","properties":{"landuse":"green_public_spaces"},"geometry":{"type":"Polygon","coordinates":[[[11.9316,46.8177],[11.9305,46.8177],[11.9316,46.8165],[11.9316,46.8177]]]}},{"type":"Feature","properties":{"landuse":"farmland"},"geometry":{"type":"Polygon","coordinates":[[[11.7726,46.7346],[11.7729,46.7356],[11.771,46.7358],[11.7726,46.7346]]]}},{"type":"Feature","properties":{"landuse":"orchard"},"geometry":{"type":"Polygon","coordinates":[[[10.5991,46.6164],[10.5975,46.6125],[10.6029,46.6151],[10.5991,46.6164]],[[10.6012,46.6156],[10.6018,46.6155],[10.6017,46.6152],[10.6012,46.6156]]]}},{"type":"Feature","properties":{"landuse":"orchard"},"geometry":{"type":"Polygon","coordinates":[[[11.3033,46.4936],[11.2999,46.493],[11.3008,46.4903],[11.3098,46.4942],[11.3033,46.4936]]]}},{"type":"Feature","properties":{"landuse":"orchard"},"geometry":{"type":"Polygon","coordinates":[[[11.305,46.496],[11.3035,46.4948],[11.3067,46.4953],[11.305,46.496]]]}},{"type":"Feature","properties":{"landuse":"farmland"},"geometry":{"type":"Polygon","coordinates":[[[10.5837,46.6241],[10.5879,46.6251],[10.581,46.6264],[10.5837,46.6241]]]}},{"type":"Feature","properties":{"landuse":"green_public_spaces"},"geometry":{"type":"Polygon","coordinates":[[[11.1666,46.6689],[11.1687,46.6692],[11.1727,46.6734],[11.1666,46.6689]]]}},{"type":"Feature","properties":{"landuse":"vineyard"},"geometry":{"type":"Polygon","coordinates":[[[11.3604,46.5251],[11.3596,46.523],[11.3622,46.5233],[11.3604,46.5251]]]}},{"type":"Feature","properties":{"landuse":"vineyard"},"geometry":{"type":"Polygon","coordinates":[[[11.2901,46.3718],[11.2892,46.3708],[11.2902,46.3687],[11.2901,46.3718]]]}},{"type":"Feature","properties":{"landuse":"orchard"},"geometry":{"type":"Polygon","coordinates":[[[11.1613,46.6971],[11.1569,46.6988],[11.1548,46.6965],[11.1596,46.6926],[11.1613,46.6971]]]}},{"type":"Feature","properties":{"landuse":"vineyard"},"geometry":{"type":"Polygon","coordinates":[[[11.3601,46.5095],[11.3596,46.509],[11.3615,46.5072],[11.3601,46.5095]]]}},{"type":"Feature","properties":{"landuse":"green_public_spaces"},"geometry":{"type":"Polygon","coordinates":[[[11.3578,46.497],[11.3574,46.4976],[11.3559,46.4968],[11.3578,46.497]]]}},{"type":"Feature","properties":{"landuse":"green_public_spaces"},"geometry":{"type":"Polygon","coordinates":[[[11.3425,46.4894],[11.3471,46.4909],[11.3481,46.4938],[11.3425,46.4894]]]}},{"type":"Feature","properties":{"landuse":"vineyard"},"geometry":{"type":"Polygon","coordinates":[[[11.3662,46.5188],[11.3659,46.5175],[11.3677,46.5178],[11.3662,46.5188]]]}},{"type":"Feature","properties":{"landuse":"green_public_spaces"},"geometry":{"type":"Polygon","coordinates":[[[11.3456,46.4839],[11.3447,46.4832],[11.3468,46.4832],[11.3456,46.4839]]]}},{"type":"Feature","properties":{"landuse":"vineyard"},"geometry":{"type":"Polygon","coordinates":[[[11.3357,46.5042],[11.3367,46.5025],[11.3383,46.5041],[11.3357,46.5042]]]}},{"type":"Feature","properties":{"landuse":"green_public_spaces"},"geometry":{"type":"Polygon","coordinates":[[[11.3394,46.5058],[11.3373,46.5053],[11.3385,46.5045],[11.3394,46.5058]]]}},{"type":"Feature","properties":{"landuse":"vineyard"},"geometry":{"type":"Polygon","coordinates":[[[11.3374,46.4916],[11.3383,46.4933],[11.3362,46.4927],[11.3374,46.4916]]]}},{"type":"Feature","properties":{"landuse":"vineyard"},"geometry":{"type":"Polygon","coordinates":[[[11.341,46.5127],[11.3371,46.5147],[11.3349,46.5122],[11.341,46.5103],[11.341,46.5127]]]}},{"type":"Feature","properties":{"landuse":"vineyard"},"geometry":{"type":"Polygon","coordinates":[[[11.3386,46.5181],[11.3398,46.5161],[11.3398,46.5187],[11.3386,46.5181]]]}},{"type":"Feature","properties":{"landuse":"vineyard"},"geometry":{"type":"Polygon","coordinates":[[[11.3403,46.5181],[11.3411,46.516],[11.3425,46.5157],[11.3403,46.5181]]]}},{"type":"Feature","properties":{"landuse":"vineyard"},"geometry":{"type":"Polygon","coordinates":[[[11.2296,46.557],[11.2298,46.5554],[11.2302,46.5565],[11.2308,46.5557],[11.2296,46.557]]]}},{"type":"Feature","properties":{"landuse":"farmland"},"geometry":{"type":"Polygon","coordinates":[[[11.4053,46.5445],[11.4061,46.5434],[11.4074,46.5446],[11.4053,46.5445]]]}},{"type":"Feature","properties":{"landuse":"orchard"},"geometry":{"type":"Polygon","coordinates":[[[11.4366,46.5024],[11.4365,46.5011],[11.4379,46.5016],[11.4366,46.5024]]]}},{"type":"Feature","properties":{"landuse":"vineyard"},"geometry":{"type":"Polygon","coordinates":[[[11.4843,46.5265],[11.4801,46.524],[11.4869,46.524],[11.4843,46.5265]]]}},{"type":"Feature","properties":{"landuse":"orchard"},"geometry":{"type":"Polygon","coordinates":[[[11.3243,46.4088],[11.3274,46.4096],[11.3256,46.4103],[11.3243,46.4088]]]}},{"type":"Feature","properties":{"landuse":"orchard"},"geometry":{"type":"Polygon","coordinates":[[[11.3223,46.4096],[11.3243,46.4088],[11.3263,46.4109],[11.3223,46.4096]]]}},{"type":"Feature","properties":{"landuse":"vineyard"},"geometry":{"type":"Polygon","coordinates":[[[11.3283,46.408],[11.3268,46.4066],[11.3291,46.4061],[11.3283,46.408]]]}},{"type":"Feature","properties":{"landuse":"vineyard"},"geometry":{"type":"Polygon","coordinates":[[[11.3497,46.4283],[11.3481,46.4271],[11.3476,46.4255],[11.3497,46.4283]]]}},{"type":"Feature","properties":{"landuse":"orchard"},"geometry":{"type":"Polygon","coordinates":[[[11.3451,46.4441],[11.3454,46.4486],[11.3436,46.4433],[11.3451,46.4441]]]}},{"type":"Feature","properties":{"landuse":"green_public_spaces"},"geometry":{"type":"Polygon","coordinates":[[[10.5846,46.5286],[10.5856,46.5265],[10.5867,46.5269],[10.5846,46.5286]]]}},{"type":"Feature","properties":{"landuse":"vineyard"},"geometry":{"type":"Polygon","coordinates":[[[11.6588,46.7234],[11.6597,46.7257],[11.6576,46.7262],[11.6588,46.7234]]]}},{"type":"Feature","properties":{"landuse":"orchard"},"geometry":{"type":"Polygon","coordinates":[[[11.6555,46.7518],[11.6523,46.7504],[11.6556,46.7496],[11.6555,46.7518]]]}},{"type":"Feature","properties":{"landuse":"farmland"},"geometry":{"type":"Polygon","coordinates":[[[11.6535,46.7522],[11.6567,46.7519],[11.6552,46.754],[11.6535,46.7522]]]}},{"type":"Feature","properties":{"landuse":"orchard"},"geometry":{"type":"Polygon","coordinates":[[[11.654,46.7532],[11.6565,46.7538],[11.6569,46.7563],[11.654,46.7532]]]}},{"type":"Feature","properties":{"landuse":"farmland"},"geometry":{"type":"Polygon","coordinates":[[[11.6568,46.752],[11.6593,46.756],[11.6573,46.7559],[11.6568,46.752]]]}},{"type":"Feature","properties":{"landuse":"orchard"},"geometry":{"type":"Polygon","coordinates":[[[11.6598,46.7557],[11.6622,46.7555],[11.6635,46.7564],[11.6598,46.7557]]]}},{"type":"Feature","properties":{"landuse":"orchard"},"geometry":{"type":"Polygon","coordinates":[[[11.6583,46.7522],[11.6614,46.7548],[11.6591,46.7554],[11.6583,46.7522]]]}},{"type":"Feature","properties":{"landuse":"orchard"},"geometry":{"type":"Polygon","coordinates":[[[11.6612,46.7509],[11.6639,46.7515],[11.6625,46.7526],[11.6612,46.7509]]]}},{"type":"Feature","properties":{"landuse":"orchard"},"geometry":{"type":"Polygon","coordinates":[[[11.6545,46.7479],[11.6578,46.7467],[11.6592,46.7483],[11.6545,46.7479]]]}},{"type":"Feature","properties":{"landuse":"orchard"},"geometry":{"type":"Polygon","coordinates":[[[11.6591,46.7486],[11.6612,46.7473],[11.6608,46.7485],[11.6591,46.7486]]]}},{"type":"Feature","properties":{"landuse":"orchard"},"geometry":{"type":"Polygon","coordinates":[[[11.6596,46.7467],[11.6599,46.7486],[11.6583,46.7462],[11.6596,46.7467]]]}},{"type":"Feature","properties":{"landuse":"orchard"},"geometry":{"type":"Polygon","coordinates":[[[11.6618,46.749],[11.6625,46.7473],[11.6643,46.7503],[11.6618,46.749]]]}},{"type":"Feature","properties":{"landuse":"orchard"},"geometry":{"type":"Polygon","coordinates":[[[11.3084,46.3368],[11.3129,46.3382],[11.3106,46.3387],[11.3084,46.3368]]]}},{"type":"Feature","properties":{"landuse":"orchard"},"geometry":{"type":"Polygon","coordinates":[[[11.1206,46.671],[11.1214,46.672],[11.1196,46.6704],[11.1206,46.671]]]}},{"type":"Feature","properties":{"landuse":"orchard"},"geometry":{"type":"Polygon","coordinates":[[[10.8313,46.6199],[10.8268,46.6194],[10.8354,46.6177],[10.8313,46.6199]]]}},{"type":"Feature","properties":{"landuse":"orchard"},"geometry":{"type":"Polygon","coordinates":[[[10.8207,46.6203],[10.8232,46.6203],[10.8205,46.621],[10.8207,46.6203]]]}},{"type":"Feature","properties":{"landuse":"orchard"},"geometry":{"type":"Polygon","coordinates":[[[10.8259,46.6239],[10.8283,46.6244],[10.8256,46.6252],[10.8259,46.6239]]]}},{"type":"Feature","properties":{"landuse":"orchard"},"geometry":{"type":"Polygon","coordinates":[[[10.8298,46.6257],[10.8282,46.6272],[10.8286,46.6254],[10.8298,46.6257]]]}},{"type":"Feature","properties":{"landuse":"orchard"},"geometry":{"type":"Polygon","coordinates":[[[10.8288,46.622],[10.8304,46.6215],[10.8299,46.624],[10.8288,46.622]]]}},{"type":"Feature","properties":{"landuse":"orchard"},"geometry":{"type":"Polygon","coordinates":[[[10.84,46.6226],[10.84,46.6217],[10.8429,46.6213],[10.84,46.6226]]]}},{"type":"Feature","properties":{"landuse":"orchard"},"geometry":{"type":"Polygon","coordinates":[[[10.8395,46.6232],[10.8388,46.6222],[10.8399,46.6218],[10.8395,46.6232]]]}},{"type":"Feature","properties":{"landuse":"orchard"},"geometry":{"type":"Polygon","coordinates":[[[10.8272,46.6169],[10.8247,46.6158],[10.8237,46.6026],[10.8349,46.6171],[10.8272,46.6169]]]}},{"type":"Feature","properties":{"landuse":"orchard"},"geometry":{"type":"Polygon","coordinates":[[[10.8432,46.6226],[10.8429,46.6213],[10.8459,46.6214],[10.8432,46.6226]]]}},{"type":"Feature","properties":{"landuse":"orchard"},"geometry":{"type":"Polygon","coordinates":[[[10.8452,46.6212],[10.8442,46.6205],[10.8482,46.6215],[10.8452,46.6212]]]}},{"type":"Feature","properties":{"landuse":"orchard"},"geometry":{"type":"Polygon","coordinates":[[[10.8422,46.623],[10.8415,46.6222],[10.8429,46.6219],[10.8422,46.623]]]}},{"type":"Feature","properties":{"landuse":"orchard"},"geometry":{"type":"Polygon","coordinates":[[[10.8358,46.6176],[10.8376,46.617],[10.8386,46.6181],[10.8358,46.6176]]]}},{"type":"Feature","properties":{"landuse":"orchard"},"geometry":{"type":"Polygon","coordinates":[[[10.8356,46.622],[10.8321,46.6216],[10.8384,46.6196],[10.8356,46.622]]]}},{"type":"Feature","properties":{"landuse":"orchard"},"geometry":{"type":"Polygon","coordinates":[[[10.8432,46.6205],[10.8391,46.6215],[10.8397,46.6192],[10.8432,46.6205]]]}},{"type":"Feature","properties":{"landuse":"orchard"},"geometry":{"type":"Polygon","coordinates":[[[10.8241,46.6068],[10.8227,46.6068],[10.8232,46.6048],[10.8241,46.6068]]]}},{"type":"Feature","properties":{"landuse":"orchard"},"geometry":{"type":"Polygon","coordinates":[[[10.8253,46.5981],[10.8277,46.5983],[10.8257,46.6],[10.8253,46.5981]]]}},{"type":"Feature","properties":{"landuse":"orchard"},"geometry":{"type":"Polygon","coordinates":[[[10.829,46.6017],[10.829,46.5997],[10.8307,46.6026],[10.829,46.6017]]]}},{"type":"Feature","properties":{"landuse":"orchard"},"geometry":{"type":"Polygon","coordinates":[[[10.8211,46.6027],[10.8196,46.6034],[10.8191,46.6023],[10.8211,46.6027]]]}},{"type":"Feature","properties":{"landuse":"orchard"},"geometry":{"type":"Polygon","coordinates":[[[10.8212,46.6303],[10.8203,46.6308],[10.8205,46.629],[10.8212,46.6303]]]}},{"type":"Feature","properties":{"landuse":"orchard"},"geometry":{"type":"Polygon","coordinates":[[[11.3267,46.3534],[11.327,46.352],[11.3294,46.3523],[11.3267,46.3534]]]}},{"type":"Feature","properties":{"landuse":"orchard"},"geometry":{"type":"Polygon","coordinates":[[[11.2796,46.3417],[11.2773,46.3306],[11.2798,46.3329],[11.2796,46.3417]]]}},{"type":"Feature","properties":{"landuse":"orchard"},"geometry":{"type":"Polygon","coordinates":[[[11.2788,46.3341],[11.2775,46.3343],[11.276,46.3316],[11.2788,46.3341]]]}},{"type":"Feature","properties":{"landuse":"orchard"},"geometry":{"type":"Polygon","coordinates":[[[11.3156,46.3398],[11.3165,46.3381],[11.3189,46.3397],[11.3156,46.3398]]]}},{"type":"Feature","properties":{"landuse":"orchard"},"geometry":{"type":"Polygon","coordinates":[[[11.3238,46.3416],[11.3208,46.3409],[11.3219,46.3406],[11.3193,46.339],[11.3238,46.3416]]]}},{"type":"Feature","properties":{"landuse":"farmland"},"geometry":{"type":"Polygon","coordinates":[[[11.3194,46.3416],[11.3183,46.3429],[11.3148,46.3398],[11.3194,46.3416]]]}},{"type":"Feature","properties":{"landuse":"orchard"},"geometry":{"type":"Polygon","coordinates":[[[11.3282,46.3443],[11.3288,46.3427],[11.3314,46.3433],[11.3282,46.3443]]]}},{"type":"Feature","properties":{"landuse":"orchard"},"geometry":{"type":"Polygon","coordinates":[[[11.3154,46.3344],[11.3195,46.336],[11.3146,46.3353],[11.3154,46.3344]]]}},{"type":"Feature","properties":{"landuse":"orchard"},"geometry":{"type":"Polygon","coordinates":[[[11.3238,46.3429],[11.3206,46.3438],[11.3218,46.3421],[11.3238,46.3429]]]}},{"type":"Feature","properties":{"landuse":"orchard"},"geometry":{"type":"Polygon","coordinates":[[[11.3269,46.3427],[11.3281,46.3442],[11.3262,46.3442],[11.3269,46.3427]]]}},{"type":"Feature","properties":{"landuse":"vineyard"},"geometry":{"type":"Polygon","coordinates":[[[11.3143,46.3345],[11.3137,46.333],[11.3174,46.3342],[11.3143,46.3345]]]}},{"type":"Feature","properties":{"landuse":"orchard"},"geometry":{"type":"Polygon","coordinates":[[[11.3154,46.3396],[11.3114,46.3387],[11.3133,46.3384],[11.3154,46.3396]]]}},{"type":"Feature","properties":{"landuse":"orchard"},"geometry":{"type":"Polygon","coordinates":[[[11.3194,46.3416],[11.317,46.3404],[11.3267,46.3428],[11.3194,46.3416]]]}},{"type":"Feature","properties":{"landuse":"orchard"},"geometry":{"type":"Polygon","coordinates":[[[11.3117,46.3353],[11.3168,46.3375],[11.3136,46.3378],[11.3117,46.3353]]]}},{"type":"Feature","properties":{"landuse":"vineyard"},"geometry":{"type":"Polygon","coordinates":[[[11.2986,46.3293],[11.2966,46.3292],[11.2971,46.3277],[11.2986,46.3293]]]}},{"type":"Feature","properties":{"landuse":"orchard"},"geometry":{"type":"Polygon","coordinates":[[[11.2806,46.3552],[11.2728,46.3597],[11.2727,46.3713],[11.2649,46.3677],[11.2693,46.3657],[11.2654,46.3642],[11.2666,46.3558],[11.2696,46.3565],[11.2666,46.3557],[11.2675,46.3492],[11.2806,46.3552]]]}},{"type":"Feature","properties":{"landuse":"orchard"},"geometry":{"type":"Polygon","coordinates":[[[11.2908,46.3745],[11.2934,46.3833],[11.293,46.3833],[11.2908,46.3745]]]}},{"type":"Feature","properties":{"landuse":"vineyard"},"geometry":{"type":"Polygon","coordinates":[[[11.3257,46.4103],[11.3273,46.4096],[11.3288,46.4106],[11.3257,46.4103]]]}},{"type":"Feature","properties":{"landuse":"orchard"},"geometry":{"type":"Polygon","coordinates":[[[11.3063,46.3765],[11.3014,46.3694],[11.2989,46.3573],[11.3063,46.3765]]]}},{"type":"Feature","properties":{"landuse":"orchard"},"geometry":{"type":"Polygon","coordinates":[[[11.3441,46.443],[11.3444,46.4398],[11.3462,46.4401],[11.3441,46.443]]]}},{"type":"Feature","properties":{"landuse":"orchard"},"geometry":{"type":"Polygon","coordinates":[[[11.326,46.4143],[11.3179,46.4117],[11.3252,46.4118],[11.326,46.4143]]]}},{"type":"Feature","properties":{"landuse":"orchard"},"geometry":{"type":"Polygon","coordinates":[[[11.2882,46.3804],[11.286,46.3794],[11.288,46.3761],[11.2882,46.3804]]]}},{"type":"Feature","properties":{"landuse":"orchard"},"geometry":{"type":"Polygon","coordinates":[[[11.3172,46.4059],[11.3198,46.4088],[11.3173,46.4082],[11.3172,46.4059]]]}},{"type":"Feature","properties":{"landuse":"orchard"},"geometry":{"type":"Polygon","coordinates":[[[11.3187,46.4111],[11.3171,46.4085],[11.3199,46.4096],[11.3187,46.4111]]]}},{"type":"Feature","properties":{"landuse":"vineyard"},"geometry":{"type":"Polygon","coordinates":[[[11.2841,46.3602],[11.286,46.3603],[11.2848,46.361],[11.2841,46.3602]]]}},{"type":"Feature","properties":{"landuse":"orchard"},"geometry":{"type":"Polygon","coordinates":[[[11.2925,46.4877],[11.297,46.4862],[11.2983,46.488],[11.2925,46.4877]]]}},{"type":"Feature","properties":{"landuse":"orchard"},"geometry":{"type":"Polygon","coordinates":[[[11.302,46.4867],[11.3006,46.4864],[11.3025,46.4852],[11.302,46.4867]]]}},{"type":"Feature","properties":{"landuse":"orchard"},"geometry":{"type":"Polygon","coordinates":[[[11.2874,46.491],[11.2886,46.4889],[11.2916,46.4876],[11.2874,46.491]]]}},{"type":"Feature","properties":{"landuse":"orchard"},"geometry":{"type":"Polygon","coordinates":[[[11.2976,46.4886],[11.2994,46.4873],[11.3013,46.4882],[11.2976,46.4886]]]}},{"type":"Feature","properties":{"landuse":"orchard"},"geometry":{"type":"Polygon","coordinates":[[[11.3006,46.4853],[11.303,46.4841],[11.3014,46.4857],[11.3006,46.4853]]]}},{"type":"Feature","properties":{"landuse":"orchard"},"geometry":{"type":"Polygon","coordinates":[[[11.2979,46.4869],[11.3004,46.4864],[11.2984,46.4879],[11.2979,46.4869]]]}},{"type":"Feature","properties":{"landuse":"vineyard"},"geometry":{"type":"Polygon","coordinates":[[[11.2974,46.33],[11.2994,46.3289],[11.3003,46.3316],[11.2974,46.33]]]}},{"type":"Feature","properties":{"landuse":"vineyard"},"geometry":{"type":"Polygon","coordinates":[[[11.2994,46.3367],[11.2965,46.3348],[11.3006,46.3343],[11.2994,46.3367]]]}},{"type":"Feature","properties":{"landuse":"vineyard"},"geometry":{"type":"Polygon","coordinates":[[[11.3019,46.3345],[11.3029,46.3337],[11.3034,46.3348],[11.3019,46.3345]]]}},{"type":"Feature","properties":{"landuse":"vineyard"},"geometry":{"type":"Polygon","coordinates":[[[11.301,46.3369],[11.3018,46.336],[11.3026,46.3372],[11.301,46.3369]]]}},{"type":"Feature","properties":{"landuse":"vineyard"},"geometry":{"type":"Polygon","coordinates":[[[11.3017,46.3406],[11.3008,46.3418],[11.3002,46.3372],[11.3017,46.3406]]]}},{"type":"Feature","properties":{"landuse":"vineyard"},"geometry":{"type":"Polygon","coordinates":[[[11.3001,46.3436],[11.2984,46.3433],[11.3021,46.3428],[11.3001,46.3436]]]}},{"type":"Feature","properties":{"landuse":"orchard"},"geometry":{"type":"Polygon","coordinates":[[[11.3044,46.3439],[11.3021,46.344],[11.3037,46.3429],[11.3044,46.3439]]]}},{"type":"Feature","properties":{"landuse":"orchard"},"geometry":{"type":"Polygon","coordinates":[[[11.3048,46.3768],[11.3068,46.3776],[11.3071,46.3814],[11.3048,46.3768]]]}},{"type":"Feature","properties":{"landuse":"orchard"},"geometry":{"type":"Polygon","coordinates":[[[11.3148,46.3652],[11.3133,46.3639],[11.3147,46.3638],[11.3148,46.3652]]]}},{"type":"Feature","properties":{"landuse":"orchard"},"geometry":{"type":"Polygon","coordinates":[[[11.3161,46.3674],[11.3135,46.3653],[11.3146,46.3653],[11.3161,46.3674]]]}},{"type":"Feature","properties":{"landuse":"orchard"},"geometry":{"type":"Polygon","coordinates":[[[11.3132,46.3638],[11.313,46.3624],[11.3149,46.3622],[11.3132,46.3638]]]}},{"type":"Feature","properties":{"landuse":"orchard"},"geometry":{"type":"Polygon","coordinates":[[[11.3331,46.4562],[11.3345,46.4568],[11.3318,46.4562],[11.3331,46.4562]]]}},{"type":"Feature","properties":{"landuse":"orchard"},"geometry":{"type":"Polygon","coordinates":[[[11.6395,46.7555],[11.6376,46.7568],[11.6367,46.755],[11.6395,46.7555]]]}},{"type":"Feature","properties":{"landuse":"orchard"},"geometry":{"type":"Polygon","coordinates":[[[11.3044,46.4664],[11.3053,46.4676],[11.3021,46.4629],[11.3044,46.4664]]]}},{"type":"Feature","properties":{"landuse":"orchard"},"geometry":{"type":"Polygon","coordinates":[[[11.3034,46.4641],[11.3023,46.4626],[11.3019,46.4593],[11.3034,46.4641]]]}},{"type":"Feature","properties":{"landuse":"vineyard"},"geometry":{"type":"Polygon","coordinates":[[[11.6495,46.7442],[11.6508,46.7404],[11.6501,46.7441],[11.6456,46.7455],[11.6495,46.7442]]]}},{"type":"Feature","properties":{"landuse":"farmland"},"geometry":{"type":"Polygon","coordinates":[[[11.7245,46.8234],[11.7256,46.8223],[11.7258,46.824],[11.7245,46.8234]]]}},{"type":"Feature","properties":{"landuse":"farmland"},"geometry":{"type":"Polygon","coordinates":[[[11.905,46.8185],[11.9067,46.8182],[11.9089,46.8194],[11.905,46.8185]]]}},{"type":"Feature","properties":{"landuse":"vineyard"},"geometry":{"type":"Polygon","coordinates":[[[11.3643,46.4937],[11.3682,46.4932],[11.3674,46.4944],[11.3643,46.4937]]]}},{"type":"Feature","properties":{"landuse":"orchard"},"geometry":{"type":"Polygon","coordinates":[[[11.3557,46.5154],[11.3541,46.5149],[11.3573,46.5157],[11.3557,46.5154]]]}},{"type":"Feature","properties":{"landuse":"vineyard"},"geometry":{"type":"Polygon","coordinates":[[[11.3899,46.4961],[11.3958,46.4968],[11.3913,46.4975],[11.3932,46.4957],[11.3899,46.4961]]]}},{"type":"Feature","properties":{"landuse":"vineyard"},"geometry":{"type":"Polygon","coordinates":[[[11.39,46.4972],[11.3858,46.4957],[11.3887,46.4955],[11.39,46.4972]]]}},{"type":"Feature","properties":{"landuse":"vineyard"},"geometry":{"type":"Polygon","coordinates":[[[11.3798,46.4971],[11.38,46.4949],[11.3867,46.4953],[11.3798,46.4971]]]}},{"type":"Feature","properties":{"landuse":"vineyard"},"geometry":{"type":"Polygon","coordinates":[[[11.3824,46.5],[11.3805,46.4974],[11.383,46.499],[11.3824,46.5]]]}},{"type":"Feature","properties":{"landuse":"vineyard"},"geometry":{"type":"Polygon","coordinates":[[[11.3817,46.4991],[11.3829,46.4972],[11.3803,46.4973],[11.3863,46.496],[11.3939,46.4986],[11.3817,46.4991]]]}},{"type":"Feature","properties":{"landuse":"vineyard"},"geometry":{"type":"Polygon","coordinates":[[[11.3599,46.521],[11.3606,46.5193],[11.3618,46.5214],[11.3599,46.521]]]}},{"type":"Feature","properties":{"landuse":"vineyard"},"geometry":{"type":"Polygon","coordinates":[[[11.3678,46.5325],[11.3667,46.5315],[11.3696,46.5305],[11.3678,46.5325]]]}},{"type":"Feature","properties":{"landuse":"vineyard"},"geometry":{"type":"Polygon","coordinates":[[[11.3747,46.5253],[11.3723,46.5245],[11.3738,46.5239],[11.3747,46.5253]]]}},{"type":"Feature","properties":{"landuse":"vineyard"},"geometry":{"type":"Polygon","coordinates":[[[11.3492,46.5199],[11.3526,46.518],[11.3494,46.5236],[11.3492,46.5199]]]}},{"type":"Feature","properties":{"landuse":"vineyard"},"geometry":{"type":"Polygon","coordinates":[[[11.353,46.5145],[11.3557,46.5154],[11.3543,46.5199],[11.353,46.5145]]]}},{"type":"Feature","properties":{"landuse":"vineyard"},"geometry":{"type":"Polygon","coordinates":[[[11.353,46.5176],[11.3512,46.5165],[11.3529,46.5149],[11.353,46.5176]]]}},{"type":"Feature","properties":{"landuse":"farmland"},"geometry":{"type":"Polygon","coordinates":[[[11.774,46.8121],[11.7769,46.8118],[11.7729,46.8125],[11.774,46.8121]]]}},{"type":"Feature","properties":{"landuse":"greenhouse_horticulture"},"geometry":{"type":"Polygon","coordinates":[[[11.7275,46.8128],[11.7297,46.8145],[11.7232,46.814],[11.7275,46.8128]]]}},{"type":"Feature","properties":{"landuse":"vineyard"},"geometry":{"type":"Polygon","coordinates":[[[11.3855,46.4941],[11.3856,46.4933],[11.3903,46.4936],[11.3855,46.4941]]]}},{"type":"Feature","properties":{"landuse":"farmland"},"geometry":{"type":"Polygon","coordinates":[[[11.955,46.806],[11.9542,46.8066],[11.954,46.805],[11.955,46.806]]]}},{"type":"Feature","properties":{"landuse":"orchard"},"geometry":{"type":"Polygon","coordinates":[[[11.2244,46.563],[11.2238,46.5606],[11.2258,46.56],[11.2244,46.563]]]}},{"type":"Feature","properties":{"landuse":"orchard"},"geometry":{"type":"Polygon","coordinates":[[[11.2187,46.5621],[11.2231,46.5603],[11.2184,46.5648],[11.2187,46.5621]]]}},{"type":"Feature","properties":{"landuse":"orchard"},"geometry":{"type":"Polygon","coordinates":[[[11.2207,46.5575],[11.2226,46.5585],[11.2187,46.562],[11.2181,46.5565],[11.2207,46.5575]]]}},{"type":"Feature","properties":{"landuse":"orchard"},"geometry":{"type":"Polygon","coordinates":[[[11.2151,46.5718],[11.2138,46.5692],[11.2238,46.5615],[11.2225,46.5673],[11.2171,46.5671],[11.2191,46.5696],[11.2151,46.5718]]]}},{"type":"Feature","properties":{"landuse":"orchard"},"geometry":{"type":"Polygon","coordinates":[[[11.2151,46.5677],[11.2136,46.5665],[11.2171,46.5638],[11.2151,46.5677]]]}},{"type":"Feature","properties":{"landuse":"orchard"},"geometry":{"type":"Polygon","coordinates":[[[11.2205,46.5692],[11.2235,46.5683],[11.2215,46.57],[11.2205,46.5692]]]}},{"type":"Feature","properties":{"landuse":"orchard"},"geometry":{"type":"Polygon","coordinates":[[[11.2135,46.5767],[11.215,46.5755],[11.2146,46.5769],[11.2135,46.5767]]]}},{"type":"Feature","properties":{"landuse":"orchard"},"geometry":{"type":"Polygon","coordinates":[[[11.219,46.57],[11.2205,46.5711],[11.2181,46.5712],[11.219,46.57]]]}},{"type":"Feature","properties":{"landuse":"orchard"},"geometry":{"type":"Polygon","coordinates":[[[11.2912,46.4868],[11.291,46.4857],[11.2985,46.4838],[11.2912,46.4868]]]}},{"type":"Feature","properties":{"landuse":"orchard"},"geometry":{"type":"Polygon","coordinates":[[[11.2895,46.485],[11.2871,46.4827],[11.2957,46.4826],[11.2895,46.485]]]}},{"type":"Feature","properties":{"landuse":"orchard"},"geometry":{"type":"Polygon","coordinates":[[[11.2824,46.4943],[11.2857,46.4912],[11.2845,46.4929],[11.2824,46.4943]]]}},{"type":"Feature","properties":{"landuse":"orchard"},"geometry":{"type":"Polygon","coordinates":[[[11.1939,46.6102],[11.1944,46.6086],[11.196,46.6087],[11.1939,46.6102]]]}},{"type":"Feature","properties":{"landuse":"orchard"},"geometry":{"type":"Polygon","coordinates":[[[11.1921,46.5966],[11.1929,46.6007],[11.19,46.6025],[11.1921,46.5966]]]}},{"type":"Feature","properties":{"landuse":"orchard"},"geometry":{"type":"Polygon","coordinates":[[[11.1881,46.5924],[11.1893,46.5907],[11.1921,46.5933],[11.1881,46.5924]]]}},{"type":"Feature","properties":{"landuse":"orchard"},"geometry":{"type":"Polygon","coordinates":[[[11.1856,46.6021],[11.1872,46.5972],[11.1873,46.5981],[11.1856,46.6021]]]}},{"type":"Feature","properties":{"landuse":"orchard"},"geometry":{"type":"Polygon","coordinates":[[[11.1934,46.5961],[11.1939,46.5971],[11.1931,46.6003],[11.1934,46.5961]]]}},{"type":"Feature","properties":{"landuse":"orchard"},"geometry":{"type":"Polygon","coordinates":[[[11.1854,46.6032],[11.1867,46.6009],[11.1893,46.6022],[11.1854,46.6032]]]}},{"type":"Feature","properties":{"landuse":"orchard"},"geometry":{"type":"Polygon","coordinates":[[[11.1884,46.5883],[11.1887,46.5897],[11.1872,46.5971],[11.1884,46.5883]]]}},{"type":"Feature","properties":{"landuse":"orchard"},"geometry":{"type":"Polygon","coordinates":[[[11.1924,46.594],[11.19,46.6001],[11.1863,46.6008],[11.188,46.5926],[11.1924,46.594]]]}},{"type":"Feature","properties":{"landuse":"orchard"},"geometry":{"type":"Polygon","coordinates":[[[11.1853,46.6043],[11.1903,46.6028],[11.1868,46.6089],[11.1827,46.6092],[11.1853,46.6043]]]}},{"type":"Feature","properties":{"landuse":"orchard"},"geometry":{"type":"Polygon","coordinates":[[[11.1886,46.6167],[11.1887,46.6154],[11.1902,46.6159],[11.1886,46.6167]]]}},{"type":"Feature","properties":{"landuse":"orchard"},"geometry":{"type":"Polygon","coordinates":[[[11.1905,46.6098],[11.1862,46.621],[11.1815,46.6098],[11.1905,46.6098]]]}},{"type":"Feature","properties":{"landuse":"orchard"},"geometry":{"type":"Polygon","coordinates":[[[11.1877,46.6221],[11.1876,46.6194],[11.1898,46.6199],[11.1877,46.6221]]]}},{"type":"Feature","properties":{"landuse":"orchard"},"geometry":{"type":"Polygon","coordinates":[[[11.3972,46.5101],[11.4006,46.5113],[11.3948,46.5087],[11.3975,46.5074],[11.3972,46.5101]]]}},{"type":"Feature","properties":{"landuse":"orchard"},"geometry":{"type":"Polygon","coordinates":[[[11.3989,46.5094],[11.3999,46.5086],[11.4009,46.5104],[11.3989,46.5094]]]}},{"type":"Feature","properties":{"landuse":"orchard"},"geometry":{"type":"Polygon","coordinates":[[[11.3986,46.5075],[11.398,46.5065],[11.3999,46.5066],[11.3986,46.5075]]]}},{"type":"Feature","properties":{"landuse":"farmland"},"geometry":{"type":"Polygon","coordinates":[[[11.4151,46.5193],[11.4129,46.5195],[11.4125,46.5179],[11.4151,46.5193]]]}},{"type":"Feature","properties":{"landuse":"farmland"},"geometry":{"type":"Polygon","coordinates":[[[11.4285,46.5228],[11.4321,46.5239],[11.4297,46.5248],[11.4285,46.5228]]]}},{"type":"Feature","properties":{"landuse":"farmland"},"geometry":{"type":"Polygon","coordinates":[[[11.4231,46.5207],[11.4222,46.5189],[11.4255,46.5192],[11.4231,46.5207]]]}},{"type":"Feature","properties":{"landuse":"orchard"},"geometry":{"type":"Polygon","coordinates":[[[11.451,46.5161],[11.4485,46.5153],[11.4523,46.5146],[11.451,46.5161]]]}},{"type":"Feature","properties":{"landuse":"orchard"},"geometry":{"type":"Polygon","coordinates":[[[11.4638,46.5322],[11.4665,46.5316],[11.4663,46.5326],[11.4638,46.5322]]]}},{"type":"Feature","properties":{"landuse":"vineyard"},"geometry":{"type":"Polygon","coordinates":[[[11.4768,46.5179],[11.475,46.5183],[11.4759,46.516],[11.4768,46.5179]]]}},{"type":"Feature","properties":{"landuse":"vineyard"},"geometry":{"type":"Polygon","coordinates":[[[11.4721,46.5241],[11.4719,46.5231],[11.4732,46.5227],[11.4721,46.5241]]]}},{"type":"Feature","properties":{"landuse":"orchard"},"geometry":{"type":"Polygon","coordinates":[[[11.386,46.4884],[11.3841,46.4874],[11.3869,46.4875],[11.386,46.4884]]]}},{"type":"Feature","properties":{"landuse":"vineyard"},"geometry":{"type":"Polygon","coordinates":[[[11.3897,46.5039],[11.3887,46.503],[11.3903,46.5032],[11.3897,46.5039]]]}},{"type":"Feature","properties":{"landuse":"orchard"},"geometry":{"type":"Polygon","coordinates":[[[11.4059,46.5166],[11.4088,46.5183],[11.4041,46.5168],[11.4059,46.5166]]]}},{"type":"Feature","properties":{"landuse":"farmland"},"geometry":{"type":"Polygon","coordinates":[[[11.3869,46.6954],[11.3861,46.694],[11.3878,46.6946],[11.3869,46.6954]]]}},{"type":"Feature","properties":{"landuse":"farmland"},"geometry":{"type":"Polygon","coordinates":[[[11.3903,46.6946],[11.3912,46.6932],[11.3924,46.6943],[11.3903,46.6946]]]}},{"type":"Feature","properties":{"landuse":"farmland"},"geometry":{"type":"Polygon","coordinates":[[[11.3604,46.7015],[11.359,46.7019],[11.3593,46.7003],[11.3604,46.7015]]]}},{"type":"Feature","properties":{"landuse":"farmland"},"geometry":{"type":"Polygon","coordinates":[[[11.3523,46.6986],[11.3542,46.6962],[11.3567,46.6978],[11.3523,46.6986]]]}},{"type":"Feature","properties":{"landuse":"farmland"},"geometry":{"type":"Polygon","coordinates":[[[11.3494,46.7019],[11.3511,46.7043],[11.3441,46.7083],[11.3471,46.7097],[11.3463,46.7137],[11.3444,46.7105],[11.3428,46.7126],[11.3423,46.7088],[11.3474,46.7007],[11.3494,46.7019]]]}},{"type":"Feature","properties":{"landuse":"green_public_spaces"},"geometry":{"type":"Polygon","coordinates":[[[11.1516,46.6133],[11.1527,46.6128],[11.1508,46.6141],[11.1516,46.6133]]]}},{"type":"Feature","properties":{"landuse":"farmland"},"geometry":{"type":"Polygon","coordinates":[[[11.45,46.5332],[11.4477,46.533],[11.4515,46.5322],[11.45,46.5332]]]}},{"type":"Feature","properties":{"landuse":"vineyard"},"geometry":{"type":"Polygon","coordinates":[[[11.3115,46.509],[11.3097,46.5068],[11.3115,46.5067],[11.3115,46.509]]]}},{"type":"Feature","properties":{"landuse":"vineyard"},"geometry":{"type":"Polygon","coordinates":[[[11.3194,46.5106],[11.3173,46.5096],[11.3185,46.5086],[11.3194,46.5106]]]}},{"type":"Feature","properties":{"landuse":"vineyard"},"geometry":{"type":"Polygon","coordinates":[[[11.3332,46.5126],[11.3324,46.5114],[11.3345,46.512],[11.3332,46.5126]]]}},{"type":"Feature","properties":{"landuse":"orchard"},"geometry":{"type":"Polygon","coordinates":[[[11.2964,46.5222],[11.2948,46.521],[11.2968,46.52],[11.2964,46.5222]]]}},{"type":"Feature","properties":{"landuse":"vineyard"},"geometry":{"type":"Polygon","coordinates":[[[11.333,46.5248],[11.3323,46.5234],[11.3357,46.5232],[11.333,46.5248]]]}},{"type":"Feature","properties":{"landuse":"green_public_spaces"},"geometry":{"type":"Polygon","coordinates":[[[11.3261,46.4873],[11.3252,46.4868],[11.3274,46.4862],[11.3261,46.4873]]]}},{"type":"Feature","properties":{"landuse":"orchard"},"geometry":{"type":"Polygon","coordinates":[[[10.5766,46.6213],[10.5788,46.619],[10.5795,46.621],[10.5766,46.6213]]]}},{"type":"Feature","properties":{"landuse":"orchard"},"geometry":{"type":"Polygon","coordinates":[[[10.5828,46.6162],[10.5853,46.6168],[10.584,46.6177],[10.5828,46.6162]]]}},{"type":"Feature","properties":{"landuse":"orchard"},"geometry":{"type":"Polygon","coordinates":[[[10.582,46.6156],[10.5811,46.6141],[10.5833,46.615],[10.582,46.6156]]]}},{"type":"Feature","properties":{"landuse":"vineyard"},"geometry":{"type":"Polygon","coordinates":[[[11.6536,46.7422],[11.6564,46.7411],[11.6555,46.7448],[11.6536,46.7422]]]}},{"type":"Feature","properties":{"landuse":"orchard"},"geometry":{"type":"Polygon","coordinates":[[[10.5773,46.6279],[10.5796,46.6265],[10.5805,46.6269],[10.5773,46.6279]]]}},{"type":"Feature","properties":{"landuse":"orchard"},"geometry":{"type":"Polygon","coordinates":[[[10.5814,46.6308],[10.5791,46.6288],[10.5837,46.627],[10.5848,46.6296],[10.5814,46.6308]]]}},{"type":"Feature","properties":{"landuse":"orchard"},"geometry":{"type":"Polygon","coordinates":[[[10.5863,46.6293],[10.5852,46.6282],[10.5861,46.6268],[10.5863,46.6293]]]}},{"type":"Feature","properties":{"landuse":"orchard"},"geometry":{"type":"Polygon","coordinates":[[[10.5824,46.6265],[10.5821,46.6249],[10.5863,46.6263],[10.5824,46.6265]]]}},{"type":"Feature","properties":{"landuse":"orchard"},"geometry":{"type":"Polygon","coordinates":[[[10.5779,46.6255],[10.58,46.6258],[10.5794,46.6267],[10.5779,46.6255]]]}},{"type":"Feature","properties":{"landuse":"orchard"},"geometry":{"type":"Polygon","coordinates":[[[10.5797,46.6248],[10.5821,46.6246],[10.5816,46.6253],[10.5797,46.6248]]]}},{"type":"Feature","properties":{"landuse":"orchard"},"geometry":{"type":"Polygon","coordinates":[[[10.5869,46.623],[10.5856,46.6222],[10.5876,46.622],[10.5869,46.623]]]}},{"type":"Feature","properties":{"landuse":"orchard"},"geometry":{"type":"Polygon","coordinates":[[[10.5849,46.6202],[10.5873,46.6211],[10.5856,46.6216],[10.5849,46.6202]]]}},{"type":"Feature","properties":{"landuse":"vineyard"},"geometry":{"type":"Polygon","coordinates":[[[11.6564,46.7365],[11.6576,46.7365],[11.6562,46.7376],[11.6564,46.7365]]]}},{"type":"Feature","properties":{"landuse":"vineyard"},"geometry":{"type":"Polygon","coordinates":[[[11.6523,46.744],[11.6498,46.7473],[11.6521,46.7431],[11.6523,46.744]]]}},{"type":"Feature","properties":{"landuse":"green_public_spaces"},"geometry":{"type":"Polygon","coordinates":[[[11.2806,46.5761],[11.2783,46.5752],[11.2802,46.5737],[11.2806,46.5761]]]}},{"type":"Feature","properties":{"landuse":"green_public_spaces"},"geometry":{"type":"Polygon","coordinates":[[[11.1592,46.6681],[11.1605,46.6664],[11.1613,46.6687],[11.1592,46.6681]]]}},{"type":"Feature","properties":{"landuse":"vineyard"},"geometry":{"type":"Polygon","coordinates":[[[11.3826,46.5073],[11.3845,46.5078],[11.3809,46.5078],[11.3826,46.5073]]]}},{"type":"Feature","properties":{"landuse":"orchard"},"geometry":{"type":"Polygon","coordinates":[[[11.4436,46.5103],[11.4459,46.5112],[11.4398,46.5093],[11.4459,46.509],[11.4436,46.5103]]]}},{"type":"Feature","properties":{"landuse":"orchard"},"geometry":{"type":"Polygon","coordinates":[[[11.446,46.5091],[11.448,46.5099],[11.4462,46.5117],[11.446,46.5091]]]}},{"type":"Feature","properties":{"landuse":"farmland"},"geometry":{"type":"Polygon","coordinates":[[[11.6803,46.7325],[11.6793,46.7317],[11.6818,46.7311],[11.6803,46.7325]]]}},{"type":"Feature","properties":{"landuse":"orchard"},"geometry":{"type":"Polygon","coordinates":[[[11.4376,46.5148],[11.4394,46.5166],[11.4371,46.5158],[11.4376,46.5148]]]}},{"type":"Feature","properties":{"landuse":"orchard"},"geometry":{"type":"Polygon","coordinates":[[[11.4387,46.5125],[11.4389,46.5147],[11.4348,46.5133],[11.4387,46.5125]]]}},{"type":"Feature","properties":{"landuse":"orchard"},"geometry":{"type":"Polygon","coordinates":[[[11.6423,46.7146],[11.6404,46.7136],[11.6442,46.7119],[11.6423,46.7146]]]}},{"type":"Feature","properties":{"landuse":"vineyard"},"geometry":{"type":"Polygon","coordinates":[[[11.6432,46.7233],[11.6405,46.7217],[11.6432,46.7225],[11.6432,46.7233]]]}},{"type":"Feature","properties":{"landuse":"orchard"},"geometry":{"type":"Polygon","coordinates":[[[11.6721,46.7428],[11.6738,46.7407],[11.6746,46.7429],[11.6721,46.7428]]]}},{"type":"Feature","properties":{"landuse":"orchard"},"geometry":{"type":"Polygon","coordinates":[[[11.668,46.7437],[11.6683,46.7363],[11.6713,46.7427],[11.668,46.7437]]]}},{"type":"Feature","properties":{"landuse":"orchard"},"geometry":{"type":"Polygon","coordinates":[[[11.6697,46.74],[11.6701,46.7383],[11.6718,46.74],[11.6697,46.74]]]}},{"type":"Feature","properties":{"landuse":"vineyard"},"geometry":{"type":"Polygon","coordinates":[[[11.6707,46.73],[11.673,46.7298],[11.6724,46.7307],[11.6707,46.73]]]}},{"type":"Feature","properties":{"landuse":"farmland"},"geometry":{"type":"Polygon","coordinates":[[[11.6674,46.7376],[11.6688,46.7339],[11.6691,46.7363],[11.6674,46.7376]]]}},{"type":"Feature","properties":{"landuse":"orchard"},"geometry":{"type":"Polygon","coordinates":[[[11.6584,46.7386],[11.6604,46.7372],[11.6621,46.7417],[11.6589,46.7418],[11.6584,46.7386]]]}},{"type":"Feature","properties":{"landuse":"orchard"},"geometry":{"type":"Polygon","coordinates":[[[11.6627,46.7343],[11.6641,46.7341],[11.6639,46.736],[11.6627,46.7343]]]}},{"type":"Feature","properties":{"landuse":"orchard"},"geometry":{"type":"Polygon","coordinates":[[[11.6675,46.7312],[11.6712,46.728],[11.6711,46.7311],[11.6675,46.7312]]]}},{"type":"Feature","properties":{"landuse":"orchard"},"geometry":{"type":"Polygon","coordinates":[[[11.665,46.7318],[11.6646,46.7296],[11.6658,46.732],[11.6652,46.7307],[11.665,46.7318]]]}},{"type":"Feature","properties":{"landuse":"vineyard"},"geometry":{"type":"Polygon","coordinates":[[[11.6705,46.7312],[11.6729,46.732],[11.6724,46.7322],[11.6705,46.7312]]]}},{"type":"Feature","properties":{"landuse":"orchard"},"geometry":{"type":"Polygon","coordinates":[[[11.6593,46.736],[11.6604,46.7365],[11.659,46.7382],[11.6593,46.736]]]}},{"type":"Feature","properties":{"landuse":"vineyard"},"geometry":{"type":"Polygon","coordinates":[[[11.6576,46.7385],[11.6574,46.7374],[11.659,46.7363],[11.6576,46.7385]]]}},{"type":"Feature","properties":{"landuse":"vineyard"},"geometry":{"type":"Polygon","coordinates":[[[11.6598,46.7352],[11.6578,46.7369],[11.6601,46.7338],[11.6598,46.7352]]]}},{"type":"Feature","properties":{"landuse":"orchard"},"geometry":{"type":"Polygon","coordinates":[[[11.4354,46.5183],[11.4329,46.519],[11.4337,46.518],[11.4354,46.5183]]]}},{"type":"Feature","properties":{"landuse":"vineyard"},"geometry":{"type":"Polygon","coordinates":[[[11.6633,46.7308],[11.6639,46.7271],[11.6651,46.7303],[11.6633,46.7308]]]}},{"type":"Feature","properties":{"landuse":"vineyard"},"geometry":{"type":"Polygon","coordinates":[[[11.6593,46.7307],[11.6609,46.7252],[11.6625,46.7279],[11.6634,46.7257],[11.6593,46.7307]]]}},{"type":"Feature","properties":{"landuse":"orchard"},"geometry":{"type":"Polygon","coordinates":[[[11.6581,46.7331],[11.6577,46.732],[11.6594,46.7313],[11.6581,46.7331]]]}},{"type":"Feature","properties":{"landuse":"orchard"},"geometry":{"type":"Polygon","coordinates":[[[11.66,46.7324],[11.6611,46.7308],[11.6627,46.7305],[11.66,46.7324]]]}},{"type":"Feature","properties":{"landuse":"vineyard"},"geometry":{"type":"Polygon","coordinates":[[[11.656,46.737],[11.6567,46.7308],[11.6582,46.732],[11.656,46.737]]]}},{"type":"Feature","properties":{"landuse":"orchard"},"geometry":{"type":"Polygon","coordinates":[[[11.6616,46.7303],[11.6611,46.729],[11.6634,46.7279],[11.6616,46.7303]]]}},{"type":"Feature","properties":{"landuse":"orchard"},"geometry":{"type":"Polygon","coordinates":[[[11.6594,46.7342],[11.6627,46.7326],[11.6605,46.7345],[11.6594,46.7342]]]}},{"type":"Feature","properties":{"landuse":"vineyard"},"geometry":{"type":"Polygon","coordinates":[[[11.657,46.7303],[11.6589,46.7277],[11.6586,46.7306],[11.657,46.7303]]]}},{"type":"Feature","properties":{"landuse":"vineyard"},"geometry":{"type":"Polygon","coordinates":[[[11.6633,46.7247],[11.664,46.7229],[11.6648,46.7252],[11.6633,46.7247]]]}},{"type":"Feature","properties":{"landuse":"orchard"},"geometry":{"type":"Polygon","coordinates":[[[11.6627,46.7252],[11.6614,46.7235],[11.6638,46.723],[11.6627,46.7252]]]}},{"type":"Feature","properties":{"landuse":"orchard"},"geometry":{"type":"Polygon","coordinates":[[[11.6692,46.7202],[11.6695,46.7188],[11.6709,46.7194],[11.6692,46.7202]]]}},{"type":"Feature","properties":{"landuse":"farmland"},"geometry":{"type":"Polygon","coordinates":[[[11.6702,46.7276],[11.671,46.7255],[11.6706,46.7281],[11.6702,46.7276]]]}},{"type":"Feature","properties":{"landuse":"green_public_spaces"},"geometry":{"type":"Polygon","coordinates":[[[11.6691,46.7198],[11.6678,46.7207],[11.6666,46.7195],[11.6691,46.7198]]]}},{"type":"Feature","properties":{"landuse":"vineyard"},"geometry":{"type":"Polygon","coordinates":[[[11.6679,46.719],[11.6717,46.7176],[11.6706,46.7195],[11.6679,46.719]]]}},{"type":"Feature","properties":{"landuse":"orchard"},"geometry":{"type":"Polygon","coordinates":[[[11.6541,46.729],[11.6547,46.727],[11.6553,46.7288],[11.6541,46.729]]]}},{"type":"Feature","properties":{"landuse":"vineyard"},"geometry":{"type":"Polygon","coordinates":[[[11.6317,46.7424],[11.6292,46.7418],[11.6305,46.7411],[11.6317,46.7424]]]}},{"type":"Feature","properties":{"landuse":"orchard"},"geometry":{"type":"Polygon","coordinates":[[[11.6154,46.751],[11.6171,46.7497],[11.6198,46.7495],[11.6199,46.7502],[11.6154,46.751]]]}},{"type":"Feature","properties":{"landuse":"farmland"},"geometry":{"type":"Polygon","coordinates":[[[11.6421,46.7555],[11.6466,46.7589],[11.6443,46.7602],[11.6421,46.7555]]]}},{"type":"Feature","properties":{"landuse":"orchard"},"geometry":{"type":"Polygon","coordinates":[[[11.6544,46.7602],[11.6562,46.7621],[11.6549,46.7619],[11.6544,46.7602]]]}},{"type":"Feature","properties":{"landuse":"vineyard"},"geometry":{"type":"Polygon","coordinates":[[[11.6413,46.755],[11.6409,46.7557],[11.6384,46.7548],[11.6413,46.755]]]}},{"type":"Feature","properties":{"landuse":"farmland"},"geometry":{"type":"Polygon","coordinates":[[[11.6387,46.7539],[11.641,46.7488],[11.6424,46.7527],[11.6387,46.7539]]]}},{"type":"Feature","properties":{"landuse":"farmland"},"geometry":{"type":"Polygon","coordinates":[[[11.6373,46.7533],[11.6367,46.755],[11.6371,46.7515],[11.6373,46.7533]]]}},{"type":"Feature","properties":{"landuse":"orchard"},"geometry":{"type":"Polygon","coordinates":[[[11.6377,46.7575],[11.6351,46.7552],[11.6369,46.7522],[11.6377,46.7575]]]}},{"type":"Feature","properties":{"landuse":"orchard"},"geometry":{"type":"Polygon","coordinates":[[[11.6402,46.7478],[11.6409,46.7454],[11.641,46.7475],[11.6402,46.7478]]]}},{"type":"Feature","properties":{"landuse":"orchard"},"geometry":{"type":"Polygon","coordinates":[[[11.6348,46.7477],[11.6348,46.744],[11.6375,46.7434],[11.6348,46.7477]]]}},{"type":"Feature","properties":{"landuse":"orchard"},"geometry":{"type":"Polygon","coordinates":[[[11.6312,46.7471],[11.6257,46.7471],[11.6311,46.7447],[11.6312,46.7471]]]}},{"type":"Feature","properties":{"landuse":"farmland"},"geometry":{"type":"Polygon","coordinates":[[[11.6446,46.7435],[11.6438,46.7403],[11.6461,46.7407],[11.6446,46.7435]]]}},{"type":"Feature","properties":{"landuse":"orchard"},"geometry":{"type":"Polygon","coordinates":[[[11.6418,46.7443],[11.642,46.7429],[11.6445,46.7421],[11.6418,46.7443]]]}},{"type":"Feature","properties":{"landuse":"vineyard"},"geometry":{"type":"Polygon","coordinates":[[[11.641,46.7429],[11.6424,46.7403],[11.6444,46.7416],[11.641,46.7429]]]}},{"type":"Feature","properties":{"landuse":"vineyard"},"geometry":{"type":"Polygon","coordinates":[[[11.6448,46.74],[11.6455,46.738],[11.6468,46.7409],[11.6448,46.74]]]}},{"type":"Feature","properties":{"landuse":"farmland"},"geometry":{"type":"Polygon","coordinates":[[[11.6424,46.7454],[11.646,46.7432],[11.6436,46.7478],[11.6424,46.7454]]]}},{"type":"Feature","properties":{"landuse":"orchard"},"geometry":{"type":"Polygon","coordinates":[[[11.6346,46.7375],[11.6352,46.7355],[11.6388,46.7352],[11.6346,46.7375]]]}},{"type":"Feature","properties":{"landuse":"orchard"},"geometry":{"type":"Polygon","coordinates":[[[11.6417,46.7389],[11.6444,46.7355],[11.6452,46.7364],[11.6417,46.7389]]]}},{"type":"Feature","properties":{"landuse":"orchard"},"geometry":{"type":"Polygon","coordinates":[[[11.6488,46.7416],[11.6485,46.7358],[11.6506,46.7347],[11.6488,46.7416]]]}},{"type":"Feature","properties":{"landuse":"vineyard"},"geometry":{"type":"Polygon","coordinates":[[[11.3931,46.5142],[11.3902,46.5154],[11.3912,46.5132],[11.3931,46.5142]]]}},{"type":"Feature","properties":{"landuse":"orchard"},"geometry":{"type":"Polygon","coordinates":[[[11.281,46.3359],[11.2819,46.3359],[11.2816,46.3373],[11.281,46.3359]]]}},{"type":"Feature","properties":{"landuse":"orchard"},"geometry":{"type":"Polygon","coordinates":[[[11.4351,46.5268],[11.4328,46.5261],[11.4346,46.5256],[11.4351,46.5268]]]}},{"type":"Feature","properties":{"landuse":"vineyard"},"geometry":{"type":"Polygon","coordinates":[[[11.6522,46.749],[11.6519,46.7478],[11.6538,46.7476],[11.6522,46.749]]]}},{"type":"Feature","properties":{"landuse":"vineyard"},"geometry":{"type":"Polygon","coordinates":[[[11.6581,46.742],[11.6594,46.743],[11.6582,46.744],[11.6581,46.742]]]}},{"type":"Feature","properties":{"landuse":"vineyard"},"geometry":{"type":"Polygon","coordinates":[[[11.6556,46.7446],[11.6586,46.7447],[11.6578,46.7462],[11.6556,46.7446]]]}},{"type":"Feature","properties":{"landuse":"vineyard"},"geometry":{"type":"Polygon","coordinates":[[[11.6549,46.7359],[11.6516,46.7361],[11.6561,46.73],[11.6549,46.7359]]]}},{"type":"Feature","properties":{"landuse":"vineyard"},"geometry":{"type":"Polygon","coordinates":[[[11.6528,46.7385],[11.6537,46.7363],[11.6544,46.738],[11.6528,46.7385]]]}},{"type":"Feature","properties":{"landuse":"orchard"},"geometry":{"type":"Polygon","coordinates":[[[11.6532,46.7377],[11.6524,46.7357],[11.6533,46.7343],[11.6532,46.7377]]]}},{"type":"Feature","properties":{"landuse":"orchard"},"geometry":{"type":"Polygon","coordinates":[[[11.6537,46.7333],[11.6541,46.73],[11.6556,46.7301],[11.6537,46.7333]]]}},{"type":"Feature","properties":{"landuse":"orchard"},"geometry":{"type":"Polygon","coordinates":[[[11.6516,46.7355],[11.651,46.7347],[11.6523,46.7343],[11.6516,46.7355]]]}},{"type":"Feature","properties":{"landuse":"greenhouse_horticulture"},"geometry":{"type":"Polygon","coordinates":[[[11.6499,46.7269],[11.6504,46.7246],[11.6526,46.7269],[11.6499,46.7269]]]}},{"type":"Feature","properties":{"landuse":"orchard"},"geometry":{"type":"Polygon","coordinates":[[[11.6454,46.7276],[11.6487,46.7253],[11.6453,46.731],[11.6454,46.7276]]]}},{"type":"Feature","properties":{"landuse":"orchard"},"geometry":{"type":"Polygon","coordinates":[[[11.3408,46.4223],[11.3428,46.4223],[11.3435,46.4234],[11.3408,46.4223]]]}},{"type":"Feature","properties":{"landuse":"vineyard"},"geometry":{"type":"Polygon","coordinates":[[[11.3526,46.4867],[11.3533,46.4887],[11.3492,46.4893],[11.3526,46.4867]]]}},{"type":"Feature","properties":{"landuse":"vineyard"},"geometry":{"type":"Polygon","coordinates":[[[11.3813,46.4884],[11.38,46.4901],[11.3848,46.4895],[11.3788,46.4909],[11.3813,46.4884]]]}},{"type":"Feature","properties":{"landuse":"vineyard"},"geometry":{"type":"Polygon","coordinates":[[[11.3863,46.4904],[11.3867,46.4889],[11.3893,46.489],[11.3863,46.4904]]]}},{"type":"Feature","properties":{"landuse":"orchard"},"geometry":{"type":"Polygon","coordinates":[[[11.3848,46.4895],[11.3819,46.4881],[11.3856,46.4888],[11.3848,46.4895]]]}},{"type":"Feature","properties":{"landuse":"vineyard"},"geometry":{"type":"Polygon","coordinates":[[[11.4436,46.5007],[11.4462,46.5019],[11.4424,46.5047],[11.4436,46.5007]]]}},{"type":"Feature","properties":{"landuse":"orchard"},"geometry":{"type":"Polygon","coordinates":[[[11.4568,46.5092],[11.4546,46.5069],[11.4567,46.5083],[11.4568,46.5092]]]}},{"type":"Feature","properties":{"landuse":"vineyard"},"geometry":{"type":"Polygon","coordinates":[[[11.4516,46.5101],[11.4505,46.5092],[11.4533,46.5098],[11.4516,46.5101]]]}},{"type":"Feature","properties":{"landuse":"vineyard"},"geometry":{"type":"Polygon","coordinates":[[[11.4548,46.5054],[11.4552,46.5043],[11.4559,46.5054],[11.4548,46.5054]]]}},{"type":"Feature","properties":{"landuse":"vineyard"},"geometry":{"type":"Polygon","coordinates":[[[11.3568,46.5189],[11.3597,46.5189],[11.3568,46.5199],[11.3568,46.5189]]]}},{"type":"Feature","properties":{"landuse":"vineyard"},"geometry":{"type":"Polygon","coordinates":[[[11.357,46.4251],[11.3551,46.4249],[11.3554,46.4232],[11.357,46.4251]]]}},{"type":"Feature","properties":{"landuse":"orchard"},"geometry":{"type":"Polygon","coordinates":[[[10.5981,46.6213],[10.5962,46.6229],[10.596,46.6218],[10.5981,46.6213]]]}},{"type":"Feature","properties":{"landuse":"vineyard"},"geometry":{"type":"Polygon","coordinates":[[[11.561,46.6469],[11.5601,46.6458],[11.5614,46.6458],[11.561,46.6469]]]}},{"type":"Feature","properties":{"landuse":"vineyard"},"geometry":{"type":"Polygon","coordinates":[[[11.5644,46.646],[11.5665,46.6469],[11.5628,46.6471],[11.5644,46.646]]]}},{"type":"Feature","properties":{"landuse":"orchard"},"geometry":{"type":"Polygon","coordinates":[[[11.3022,46.3492],[11.2992,46.3497],[11.2997,46.3488],[11.3022,46.3492]]]}},{"type":"Feature","properties":{"landuse":"orchard"},"geometry":{"type":"Polygon","coordinates":[[[11.3613,46.5187],[11.3625,46.5196],[11.3603,46.5183],[11.3613,46.5187]]]}},{"type":"Feature","properties":{"landuse":"vineyard"},"geometry":{"type":"Polygon","coordinates":[[[11.5667,46.6431],[11.5649,46.6428],[11.5664,46.6416],[11.5667,46.6431]]]}},{"type":"Feature","properties":{"landuse":"orchard"},"geometry":{"type":"Polygon","coordinates":[[[11.5721,46.6494],[11.5696,46.6488],[11.5719,46.6483],[11.5721,46.6494]]]}},{"type":"Feature","properties":{"landuse":"vineyard"},"geometry":{"type":"Polygon","coordinates":[[[11.5687,46.6489],[11.5692,46.6469],[11.5719,46.6493],[11.5687,46.6489]]]}},{"type":"Feature","properties":{"landuse":"vineyard"},"geometry":{"type":"Polygon","coordinates":[[[11.2807,46.5131],[11.2826,46.5129],[11.2817,46.5139],[11.2807,46.5131]]]}},{"type":"Feature","properties":{"landuse":"orchard"},"geometry":{"type":"Polygon","coordinates":[[[11.5693,46.652],[11.5709,46.6507],[11.5739,46.6517],[11.5693,46.652]]]}},{"type":"Feature","properties":{"landuse":"vineyard"},"geometry":{"type":"Polygon","coordinates":[[[11.573,46.6507],[11.5728,46.6489],[11.5745,46.6495],[11.573,46.6507]]]}},{"type":"Feature","properties":{"landuse":"vineyard"},"geometry":{"type":"Polygon","coordinates":[[[11.5724,46.6465],[11.5747,46.646],[11.5745,46.6473],[11.5724,46.6465]]]}},{"type":"Feature","properties":{"landuse":"orchard"},"geometry":{"type":"Polygon","coordinates":[[[11.3011,46.4744],[11.3028,46.4733],[11.3027,46.4753],[11.3011,46.4744]]]}},{"type":"Feature","properties":{"landuse":"vineyard"},"geometry":{"type":"Polygon","coordinates":[[[11.3433,46.5163],[11.3437,46.5196],[11.341,46.5205],[11.3433,46.5163]]]}},{"type":"Feature","properties":{"landuse":"farmland"},"geometry":{"type":"Polygon","coordinates":[[[11.3219,46.4538],[11.3219,46.4522],[11.3235,46.4538],[11.3219,46.4538]]]}},{"type":"Feature","properties":{"landuse":"orchard"},"geometry":{"type":"Polygon","coordinates":[[[11.5331,46.6328],[11.5352,46.6331],[11.5336,46.6337],[11.5331,46.6328]]]}},{"type":"Feature","properties":{"landuse":"vineyard"},"geometry":{"type":"Polygon","coordinates":[[[11.5289,46.6221],[11.5276,46.6214],[11.5293,46.6205],[11.5289,46.6221]]]}},{"type":"Feature","properties":{"landuse":"vineyard"},"geometry":{"type":"Polygon","coordinates":[[[11.5395,46.6225],[11.5407,46.6221],[11.54,46.6234],[11.5395,46.6225]]]}},{"type":"Feature","properties":{"landuse":"vineyard"},"geometry":{"type":"Polygon","coordinates":[[[11.5545,46.6392],[11.5537,46.64],[11.5525,46.6396],[11.5545,46.6392]]]}},{"type":"Feature","properties":{"landuse":"farmland"},"geometry":{"type":"Polygon","coordinates":[[[11.3574,46.4868],[11.3605,46.488],[11.3574,46.4886],[11.3574,46.4868]]]}},{"type":"Feature","properties":{"landuse":"orchard"},"geometry":{"type":"Polygon","coordinates":[[[10.8127,46.6181],[10.8245,46.6199],[10.8118,46.6189],[10.8127,46.6181]]]}},{"type":"Feature","properties":{"landuse":"orchard"},"geometry":{"type":"Polygon","coordinates":[[[10.8149,46.6176],[10.8086,46.6189],[10.7854,46.616],[10.8149,46.6176]]]}},{"type":"Feature","properties":{"landuse":"orchard"},"geometry":{"type":"Polygon","coordinates":[[[10.8064,46.6229],[10.8045,46.6223],[10.8112,46.6192],[10.8064,46.6229]]]}},{"type":"Feature","properties":{"landuse":"vineyard"},"geometry":{"type":"Polygon","coordinates":[[[11.3934,46.5049],[11.3949,46.5051],[11.3954,46.5068],[11.3934,46.5049]]]}},{"type":"Feature","properties":{"landuse":"farmland"},"geometry":{"type":"Polygon","coordinates":[[[11.342,46.5244],[11.3424,46.5231],[11.3462,46.5227],[11.342,46.5244]]]}},{"type":"Feature","properties":{"landuse":"orchard"},"geometry":{"type":"Polygon","coordinates":[[[11.3246,46.5289],[11.3261,46.5262],[11.3296,46.527],[11.3246,46.5289]]]}},{"type":"Feature","properties":{"landuse":"farmland"},"geometry":{"type":"Polygon","coordinates":[[[11.2987,46.5134],[11.3009,46.5135],[11.2993,46.5144],[11.2987,46.5134]]]}},{"type":"Feature","properties":{"landuse":"vineyard"},"geometry":{"type":"Polygon","coordinates":[[[11.4713,46.5218],[11.4733,46.5201],[11.4735,46.5206],[11.4713,46.5218]]]}},{"type":"Feature","properties":{"landuse":"vineyard"},"geometry":{"type":"Polygon","coordinates":[[[11.4793,46.5185],[11.4801,46.5196],[11.479,46.5206],[11.4793,46.5185]]]}},{"type":"Feature","properties":{"landuse":"vineyard"},"geometry":{"type":"Polygon","coordinates":[[[11.5395,46.6253],[11.5402,46.6266],[11.5388,46.6262],[11.5395,46.6253]]]}},{"type":"Feature","properties":{"landuse":"orchard"},"geometry":{"type":"Polygon","coordinates":[[[11.289,46.4645],[11.2902,46.4653],[11.2909,46.4672],[11.289,46.4645]]]}},{"type":"Feature","properties":{"landuse":"vineyard"},"geometry":{"type":"Polygon","coordinates":[[[11.2875,46.4608],[11.2911,46.4615],[11.2904,46.4634],[11.2875,46.4608]]]}},{"type":"Feature","properties":{"landuse":"orchard"},"geometry":{"type":"Polygon","coordinates":[[[11.2868,46.4607],[11.2889,46.463],[11.2881,46.4633],[11.2868,46.4607]]]}},{"type":"Feature","properties":{"landuse":"green_public_spaces"},"geometry":{"type":"Polygon","coordinates":[[[11.66,46.7163],[11.6608,46.7141],[11.6623,46.7164],[11.66,46.7163]]]}},{"type":"Feature","properties":{"landuse":"vineyard"},"geometry":{"type":"Polygon","coordinates":[[[11.1214,46.6809],[11.1229,46.682],[11.1205,46.6823],[11.1214,46.6809]]]}},{"type":"Feature","properties":{"landuse":"vineyard"},"geometry":{"type":"Polygon","coordinates":[[[11.338,46.4603],[11.3365,46.4602],[11.3384,46.4576],[11.338,46.4603]]]}},{"type":"Feature","properties":{"landuse":"vineyard"},"geometry":{"type":"Polygon","coordinates":[[[11.3378,46.4617],[11.3364,46.465],[11.3354,46.4632],[11.3378,46.4617]]]}},{"type":"Feature","properties":{"landuse":"vineyard"},"geometry":{"type":"Polygon","coordinates":[[[11.3434,46.4526],[11.343,46.4513],[11.3444,46.45],[11.3434,46.4526]]]}},{"type":"Feature","properties":{"landuse":"orchard"},"geometry":{"type":"Polygon","coordinates":[[[11.2982,46.4753],[11.2998,46.4757],[11.2978,46.4765],[11.2995,46.4766],[11.2982,46.4753]]]}},{"type":"Feature","properties":{"landuse":"vineyard"},"geometry":{"type":"Polygon","coordinates":[[[11.2982,46.4729],[11.3009,46.4718],[11.301,46.4729],[11.2982,46.4729]]]}},{"type":"Feature","properties":{"landuse":"vineyard"},"geometry":{"type":"Polygon","coordinates":[[[11.3575,46.4885],[11.3578,46.4867],[11.3594,46.4879],[11.3575,46.4885]]]}},{"type":"Feature","properties":{"landuse":"vineyard"},"geometry":{"type":"Polygon","coordinates":[[[11.3558,46.5255],[11.3536,46.5219],[11.3585,46.5234],[11.3558,46.5255]]]}},{"type":"Feature","properties":{"landuse":"orchard"},"geometry":{"type":"Polygon","coordinates":[[[11.3747,46.5301],[11.3754,46.5317],[11.3732,46.53],[11.3747,46.5301]]]}},{"type":"Feature","properties":{"landuse":"vineyard"},"geometry":{"type":"Polygon","coordinates":[[[11.2926,46.4657],[11.2916,46.4639],[11.2928,46.4633],[11.2926,46.4657]]]}},{"type":"Feature","properties":{"landuse":"orchard"},"geometry":{"type":"Polygon","coordinates":[[[11.2916,46.4636],[11.2914,46.4611],[11.2925,46.4611],[11.2916,46.4636]]]}},{"type":"Feature","properties":{"landuse":"orchard"},"geometry":{"type":"Polygon","coordinates":[[[11.2957,46.4518],[11.2945,46.452],[11.2946,46.45],[11.2957,46.4518]]]}},{"type":"Feature","properties":{"landuse":"vineyard"},"geometry":{"type":"Polygon","coordinates":[[[11.2978,46.4536],[11.2994,46.4521],[11.2981,46.4557],[11.2978,46.4536]]]}},{"type":"Feature","properties":{"landuse":"orchard"},"geometry":{"type":"Polygon","coordinates":[[[11.2911,46.4505],[11.2906,46.4537],[11.2901,46.4505],[11.2911,46.4505]]]}},{"type":"Feature","properties":{"landuse":"orchard"},"geometry":{"type":"Polygon","coordinates":[[[11.2912,46.4546],[11.2927,46.46],[11.2909,46.4593],[11.2912,46.4546]]]}},{"type":"Feature","properties":{"landuse":"orchard"},"geometry":{"type":"Polygon","coordinates":[[[11.2972,46.455],[11.2961,46.4533],[11.2988,46.452],[11.2972,46.455]]]}},{"type":"Feature","properties":{"landuse":"green_public_spaces"},"geometry":{"type":"Polygon","coordinates":[[[11.6483,46.7229],[11.6497,46.722],[11.6493,46.7237],[11.6483,46.7229]]]}},{"type":"Feature","properties":{"landuse":"orchard"},"geometry":{"type":"Polygon","coordinates":[[[11.31,46.4961],[11.3177,46.4968],[11.3156,46.4979],[11.31,46.4961]]]}},{"type":"Feature","properties":{"landuse":"orchard"},"geometry":{"type":"Polygon","coordinates":[[[11.3188,46.4962],[11.322,46.4961],[11.3188,46.4974],[11.3188,46.4962]]]}},{"type":"Feature","properties":{"landuse":"vineyard"},"geometry":{"type":"Polygon","coordinates":[[[11.3188,46.4962],[11.3186,46.4972],[11.3163,46.4965],[11.3188,46.4962]]]}},{"type":"Feature","properties":{"landuse":"greenhouse_horticulture"},"geometry":{"type":"Polygon","coordinates":[[[11.3093,46.4946],[11.3097,46.4968],[11.3078,46.4966],[11.3093,46.4946]]]}},{"type":"Feature","properties":{"landuse":"orchard"},"geometry":{"type":"Polygon","coordinates":[[[11.3983,46.5036],[11.3993,46.5037],[11.3965,46.5051],[11.3983,46.5036]]]}},{"type":"Feature","properties":{"landuse":"vineyard"},"geometry":{"type":"Polygon","coordinates":[[[11.4022,46.5036],[11.4023,46.5047],[11.3987,46.505],[11.4022,46.5036]]]}},{"type":"Feature","properties":{"landuse":"orchard"},"geometry":{"type":"Polygon","coordinates":[[[11.4412,46.5153],[11.4471,46.5166],[11.4459,46.5187],[11.4412,46.5153]]]}},{"type":"Feature","properties":{"landuse":"vineyard"},"geometry":{"type":"Polygon","coordinates":[[[11.3869,46.5016],[11.3832,46.5],[11.3968,46.499],[11.3869,46.5016]]]}},{"type":"Feature","properties":{"landuse":"orchard"},"geometry":{"type":"Polygon","coordinates":[[[11.1487,46.6931],[11.1475,46.6943],[11.1472,46.6935],[11.1487,46.6931]]]}},{"type":"Feature","properties":{"landuse":"orchard"},"geometry":{"type":"Polygon","coordinates":[[[11.147,46.6905],[11.1492,46.6908],[11.1481,46.6914],[11.147,46.6905]]]}},{"type":"Feature","properties":{"landuse":"orchard"},"geometry":{"type":"Polygon","coordinates":[[[11.6618,46.749],[11.6607,46.7454],[11.6616,46.7446],[11.6618,46.749]]]}},{"type":"Feature","properties":{"landuse":"orchard"},"geometry":{"type":"Polygon","coordinates":[[[11.6658,46.7465],[11.664,46.7458],[11.6656,46.7446],[11.6658,46.7465]]]}},{"type":"Feature","properties":{"landuse":"orchard"},"geometry":{"type":"Polygon","coordinates":[[[11.6615,46.7444],[11.6615,46.7428],[11.663,46.7439],[11.6615,46.7444]]]}},{"type":"Feature","properties":{"landuse":"orchard"},"geometry":{"type":"Polygon","coordinates":[[[11.1538,46.6991],[11.1545,46.6965],[11.1569,46.6988],[11.1538,46.6991]]]}},{"type":"Feature","properties":{"landuse":"orchard"},"geometry":{"type":"Polygon","coordinates":[[[11.5788,46.6463],[11.5799,46.6456],[11.5823,46.6468],[11.5788,46.6463]]]}},{"type":"Feature","properties":{"landuse":"farmland"},"geometry":{"type":"Polygon","coordinates":[[[11.5773,46.6413],[11.5788,46.6406],[11.5791,46.6418],[11.5773,46.6413]]]}},{"type":"Feature","properties":{"landuse":"green_public_spaces"},"geometry":{"type":"Polygon","coordinates":[[[11.3394,46.5058],[11.3388,46.5043],[11.3405,46.5047],[11.3394,46.5058]]]}},{"type":"Feature","properties":{"landuse":"orchard"},"geometry":{"type":"Polygon","coordinates":[[[11.5755,46.6373],[11.5772,46.6394],[11.5754,46.639],[11.5755,46.6373]]]}},{"type":"Feature","properties":{"landuse":"orchard"},"geometry":{"type":"Polygon","coordinates":[[[11.5688,46.6354],[11.5712,46.6356],[11.5704,46.6364],[11.5688,46.6354]]]}},{"type":"Feature","properties":{"landuse":"vineyard"},"geometry":{"type":"Polygon","coordinates":[[[11.3501,46.4351],[11.35,46.4339],[11.3521,46.4339],[11.3501,46.4351]]]}},{"type":"Feature","properties":{"landuse":"orchard"},"geometry":{"type":"Polygon","coordinates":[[[11.6266,46.7446],[11.6251,46.7439],[11.6274,46.7434],[11.6266,46.7446]]]}},{"type":"Feature","properties":{"landuse":"vineyard"},"geometry":{"type":"Polygon","coordinates":[[[11.6535,46.7424],[11.6533,46.744],[11.6523,46.742],[11.6535,46.7424]]]}},{"type":"Feature","properties":{"landuse":"greenhouse_horticulture"},"geometry":{"type":"Polygon","coordinates":[[[11.6433,46.7358],[11.6419,46.7364],[11.6427,46.7346],[11.6433,46.7358]]]}},{"type":"Feature","properties":{"landuse":"farmland"},"geometry":{"type":"Polygon","coordinates":[[[11.6478,46.7191],[11.6465,46.7213],[11.6464,46.7195],[11.6478,46.7191]]]}},{"type":"Feature","properties":{"landuse":"farmland"},"geometry":{"type":"Polygon","coordinates":[[[11.4122,46.8852],[11.4164,46.8848],[11.4135,46.8862],[11.4122,46.8852]]]}},{"type":"Feature","properties":{"landuse":"farmland"},"geometry":{"type":"Polygon","coordinates":[[[11.4202,46.8844],[11.4188,46.884],[11.4258,46.8831],[11.4202,46.8844]]]}},{"type":"Feature","properties":{"landuse":"orchard"},"geometry":{"type":"Polygon","coordinates":[[[11.1599,46.6877],[11.1613,46.6865],[11.1614,46.6881],[11.1599,46.6877]]]}},{"type":"Feature","properties":{"landuse":"vineyard"},"geometry":{"type":"Polygon","coordinates":[[[11.3021,46.4983],[11.3026,46.4972],[11.3043,46.4977],[11.3021,46.4983]]]}},{"type":"Feature","properties":{"landuse":"orchard"},"geometry":{"type":"Polygon","coordinates":[[[11.3078,46.4711],[11.3086,46.4721],[11.3062,46.4703],[11.3078,46.4711]]]}},{"type":"Feature","properties":{"landuse":"orchard"},"geometry":{"type":"Polygon","coordinates":[[[11.1455,46.6668],[11.1481,46.6676],[11.1454,46.668],[11.1455,46.6668]]]}},{"type":"Feature","properties":{"landuse":"vineyard"},"geometry":{"type":"Polygon","coordinates":[[[11.1686,46.6929],[11.1678,46.6926],[11.1711,46.6931],[11.1686,46.6929]]]}},{"type":"Feature","properties":{"landuse":"orchard"},"geometry":{"type":"Polygon","coordinates":[[[11.1665,46.6904],[11.1657,46.69],[11.1678,46.69],[11.1665,46.6904]]]}},{"type":"Feature","properties":{"landuse":"orchard"},"geometry":{"type":"Polygon","coordinates":[[[11.165,46.6896],[11.1633,46.6888],[11.1643,46.688],[11.165,46.6896]]]}},{"type":"Feature","properties":{"landuse":"orchard"},"geometry":{"type":"Polygon","coordinates":[[[11.1637,46.6881],[11.1645,46.6868],[11.1649,46.6878],[11.1637,46.6881]]]}},{"type":"Feature","properties":{"landuse":"orchard"},"geometry":{"type":"Polygon","coordinates":[[[11.3247,46.3516],[11.3255,46.3527],[11.3239,46.3533],[11.3247,46.3516]]]}},{"type":"Feature","properties":{"landuse":"orchard"},"geometry":{"type":"Polygon","coordinates":[[[11.3625,46.4454],[11.3606,46.446],[11.361,46.4445],[11.3625,46.4454]]]}},{"type":"Feature","properties":{"landuse":"vineyard"},"geometry":{"type":"Polygon","coordinates":[[[11.4459,46.5065],[11.4483,46.5073],[11.4478,46.508],[11.4459,46.5065]]]}},{"type":"Feature","properties":{"landuse":"orchard"},"geometry":{"type":"Polygon","coordinates":[[[11.403,46.5125],[11.4055,46.5135],[11.404,46.5141],[11.403,46.5125]]]}},{"type":"Feature","properties":{"landuse":"orchard"},"geometry":{"type":"Polygon","coordinates":[[[11.2381,46.7992],[11.2364,46.7987],[11.2395,46.7985],[11.2381,46.7992]]]}},{"type":"Feature","properties":{"landuse":"orchard"},"geometry":{"type":"Polygon","coordinates":[[[11.2397,46.793],[11.2391,46.7944],[11.237,46.7933],[11.2397,46.793]]]}},{"type":"Feature","properties":{"landuse":"orchard"},"geometry":{"type":"Polygon","coordinates":[[[11.2356,46.793],[11.2363,46.7916],[11.2381,46.7917],[11.2356,46.793]]]}},{"type":"Feature","properties":{"landuse":"vineyard"},"geometry":{"type":"Polygon","coordinates":[[[11.4914,46.5286],[11.4901,46.5275],[11.4919,46.5275],[11.4914,46.5286]]]}},{"type":"Feature","properties":{"landuse":"vineyard"},"geometry":{"type":"Polygon","coordinates":[[[11.4946,46.5289],[11.4911,46.5265],[11.4943,46.5271],[11.4946,46.5289]]]}},{"type":"Feature","properties":{"landuse":"orchard"},"geometry":{"type":"Polygon","coordinates":[[[11.1595,46.689],[11.159,46.69],[11.1571,46.6896],[11.1595,46.689]]]}},{"type":"Feature","properties":{"landuse":"orchard"},"geometry":{"type":"Polygon","coordinates":[[[11.4606,46.5299],[11.4623,46.5293],[11.4637,46.5304],[11.4606,46.5299]]]}},{"type":"Feature","properties":{"landuse":"vineyard"},"geometry":{"type":"Polygon","coordinates":[[[11.1644,46.5927],[11.1653,46.5916],[11.164,46.5938],[11.1644,46.5927]]]}},{"type":"Feature","properties":{"landuse":"orchard"},"geometry":{"type":"Polygon","coordinates":[[[11.1219,46.6887],[11.1233,46.6895],[11.1216,46.6896],[11.1219,46.6887]]]}},{"type":"Feature","properties":{"landuse":"orchard"},"geometry":{"type":"Polygon","coordinates":[[[11.1311,46.6855],[11.1324,46.6857],[11.1297,46.686],[11.1311,46.6855]]]}},{"type":"Feature","properties":{"landuse":"orchard"},"geometry":{"type":"Polygon","coordinates":[[[11.116,46.6784],[11.1184,46.6782],[11.1176,46.6792],[11.116,46.6784]]]}},{"type":"Feature","properties":{"landuse":"orchard"},"geometry":{"type":"Polygon","coordinates":[[[11.1319,46.6839],[11.1329,46.6842],[11.1299,46.6846],[11.1319,46.6839]]]}},{"type":"Feature","properties":{"landuse":"orchard"},"geometry":{"type":"Polygon","coordinates":[[[11.1299,46.6846],[11.1297,46.6857],[11.1275,46.6855],[11.1299,46.6846]]]}},{"type":"Feature","properties":{"landuse":"orchard"},"geometry":{"type":"Polygon","coordinates":[[[11.1147,46.6843],[11.1164,46.6835],[11.1165,46.6858],[11.1147,46.6843]]]}},{"type":"Feature","properties":{"landuse":"orchard"},"geometry":{"type":"Polygon","coordinates":[[[11.1242,46.6754],[11.1214,46.6759],[11.1226,46.6748],[11.1242,46.6754]]]}},{"type":"Feature","properties":{"landuse":"orchard"},"geometry":{"type":"Polygon","coordinates":[[[11.1345,46.669],[11.135,46.668],[11.136,46.6685],[11.1345,46.669]]]}},{"type":"Feature","properties":{"landuse":"orchard"},"geometry":{"type":"Polygon","coordinates":[[[11.1403,46.6612],[11.1378,46.6633],[11.1379,46.6624],[11.1403,46.6612]]]}},{"type":"Feature","properties":{"landuse":"orchard"},"geometry":{"type":"Polygon","coordinates":[[[11.1385,46.6636],[11.1368,46.6639],[11.1372,46.6624],[11.1385,46.6636]]]}},{"type":"Feature","properties":{"landuse":"orchard"},"geometry":{"type":"Polygon","coordinates":[[[11.1411,46.6578],[11.1425,46.657],[11.143,46.6583],[11.1411,46.6578]]]}},{"type":"Feature","properties":{"landuse":"orchard"},"geometry":{"type":"Polygon","coordinates":[[[11.138,46.6535],[11.1368,46.6572],[11.1371,46.6523],[11.138,46.6535]]]}},{"type":"Feature","properties":{"landuse":"orchard"},"geometry":{"type":"Polygon","coordinates":[[[11.1236,46.6755],[11.1229,46.6764],[11.122,46.6762],[11.1236,46.6755]]]}},{"type":"Feature","properties":{"landuse":"orchard"},"geometry":{"type":"Polygon","coordinates":[[[11.1256,46.6766],[11.1229,46.6777],[11.1244,46.6762],[11.1256,46.6766]]]}},{"type":"Feature","properties":{"landuse":"orchard"},"geometry":{"type":"Polygon","coordinates":[[[11.1199,46.6746],[11.119,46.674],[11.1223,46.6736],[11.1199,46.6746]]]}},{"type":"Feature","properties":{"landuse":"orchard"},"geometry":{"type":"Polygon","coordinates":[[[11.1254,46.6688],[11.1249,46.6705],[11.1235,46.6697],[11.1254,46.6688]]]}},{"type":"Feature","properties":{"landuse":"orchard"},"geometry":{"type":"Polygon","coordinates":[[[11.1204,46.6752],[11.1213,46.6741],[11.123,46.6742],[11.1204,46.6752]]]}},{"type":"Feature","properties":{"landuse":"orchard"},"geometry":{"type":"Polygon","coordinates":[[[11.1255,46.6758],[11.1294,46.6742],[11.1285,46.6757],[11.1255,46.6758]]]}},{"type":"Feature","properties":{"landuse":"orchard"},"geometry":{"type":"Polygon","coordinates":[[[11.1267,46.6756],[11.1265,46.6752],[11.1286,46.6737],[11.1267,46.6756]]]}},{"type":"Feature","properties":{"landuse":"orchard"},"geometry":{"type":"Polygon","coordinates":[[[11.1249,46.6728],[11.127,46.6701],[11.1282,46.6702],[11.1249,46.6728]]]}},{"type":"Feature","properties":{"landuse":"orchard"},"geometry":{"type":"Polygon","coordinates":[[[11.1257,46.6726],[11.1279,46.6712],[11.1274,46.6725],[11.1257,46.6726]]]}},{"type":"Feature","properties":{"landuse":"orchard"},"geometry":{"type":"Polygon","coordinates":[[[11.1288,46.6757],[11.1293,46.6745],[11.1321,46.6732],[11.1288,46.6757]]]}},{"type":"Feature","properties":{"landuse":"orchard"},"geometry":{"type":"Polygon","coordinates":[[[11.1316,46.6731],[11.1331,46.6714],[11.1326,46.6732],[11.1316,46.6731]]]}},{"type":"Feature","properties":{"landuse":"vineyard"},"geometry":{"type":"Polygon","coordinates":[[[11.1317,46.6718],[11.1309,46.6713],[11.1329,46.6699],[11.1317,46.6718]]]}},{"type":"Feature","properties":{"landuse":"orchard"},"geometry":{"type":"Polygon","coordinates":[[[11.1344,46.6707],[11.1339,46.6686],[11.1357,46.67],[11.1344,46.6707]]]}},{"type":"Feature","properties":{"landuse":"orchard"},"geometry":{"type":"Polygon","coordinates":[[[11.126,46.6691],[11.128,46.668],[11.1274,46.6693],[11.126,46.6691]]]}},{"type":"Feature","properties":{"landuse":"orchard"},"geometry":{"type":"Polygon","coordinates":[[[11.1308,46.6657],[11.1318,46.6646],[11.1317,46.6662],[11.1308,46.6657]]]}},{"type":"Feature","properties":{"landuse":"orchard"},"geometry":{"type":"Polygon","coordinates":[[[11.137,46.6686],[11.1361,46.6682],[11.1368,46.667],[11.137,46.6686]]]}},{"type":"Feature","properties":{"landuse":"orchard"},"geometry":{"type":"Polygon","coordinates":[[[11.1358,46.6683],[11.1349,46.6678],[11.1361,46.6667],[11.1358,46.6683]]]}},{"type":"Feature","properties":{"landuse":"orchard"},"geometry":{"type":"Polygon","coordinates":[[[11.1341,46.6676],[11.1335,46.6664],[11.1369,46.6656],[11.1341,46.6676]]]}},{"type":"Feature","properties":{"landuse":"vineyard"},"geometry":{"type":"Polygon","coordinates":[[[11.1372,46.6475],[11.1383,46.6465],[11.1402,46.6473],[11.1372,46.6475]]]}},{"type":"Feature","properties":{"landuse":"orchard"},"geometry":{"type":"Polygon","coordinates":[[[11.1399,46.6485],[11.1424,46.648],[11.1427,46.6497],[11.1399,46.6485]]]}},{"type":"Feature","properties":{"landuse":"orchard"},"geometry":{"type":"Polygon","coordinates":[[[11.1433,46.6498],[11.1419,46.6509],[11.1399,46.6498],[11.1433,46.6498]]]}},{"type":"Feature","properties":{"landuse":"orchard"},"geometry":{"type":"Polygon","coordinates":[[[11.2722,46.3754],[11.2707,46.3747],[11.2709,46.3741],[11.2722,46.3754]]]}},{"type":"Feature","properties":{"landuse":"orchard"},"geometry":{"type":"Polygon","coordinates":[[[11.4841,46.5406],[11.4839,46.5374],[11.4872,46.5382],[11.4841,46.5406]]]}},{"type":"Feature","properties":{"landuse":"orchard"},"geometry":{"type":"Polygon","coordinates":[[[11.4384,46.5115],[11.4368,46.5107],[11.4389,46.5105],[11.4384,46.5115]]]}},{"type":"Feature","properties":{"landuse":"orchard"},"geometry":{"type":"Polygon","coordinates":[[[11.15,46.591],[11.1478,46.5898],[11.1523,46.5923],[11.1493,46.5932],[11.15,46.591]]]}},{"type":"Feature","properties":{"landuse":"orchard"},"geometry":{"type":"Polygon","coordinates":[[[11.1435,46.5912],[11.1445,46.5944],[11.1423,46.5956],[11.1435,46.5912]]]}},{"type":"Feature","properties":{"landuse":"orchard"},"geometry":{"type":"Polygon","coordinates":[[[11.1425,46.591],[11.1414,46.5878],[11.1466,46.5881],[11.1425,46.591]]]}},{"type":"Feature","properties":{"landuse":"vineyard"},"geometry":{"type":"Polygon","coordinates":[[[11.486,46.5279],[11.4854,46.5289],[11.4831,46.5278],[11.486,46.5279]]]}},{"type":"Feature","properties":{"landuse":"greenhouse_horticulture"},"geometry":{"type":"Polygon","coordinates":[[[11.2152,46.5738],[11.2134,46.573],[11.2159,46.5708],[11.2152,46.5738]]]}},{"type":"Feature","properties":{"landuse":"farmland"},"geometry":{"type":"Polygon","coordinates":[[[11.6474,46.7314],[11.6501,46.7319],[11.6473,46.7318],[11.6483,46.7298],[11.6474,46.7314]]]}},{"type":"Feature","properties":{"landuse":"orchard"},"geometry":{"type":"Polygon","coordinates":[[[11.5448,46.6137],[11.5428,46.6119],[11.5437,46.6117],[11.5448,46.6137]]]}},{"type":"Feature","properties":{"landuse":"orchard"},"geometry":{"type":"Polygon","coordinates":[[[11.3174,46.4111],[11.3165,46.4118],[11.3143,46.4091],[11.3174,46.4111]]]}},{"type":"Feature","properties":{"landuse":"vineyard"},"geometry":{"type":"Polygon","coordinates":[[[11.3257,46.4053],[11.3293,46.4053],[11.3268,46.4065],[11.3257,46.4053]]]}},{"type":"Feature","properties":{"landuse":"farmland"},"geometry":{"type":"Polygon","coordinates":[[[11.5668,46.628],[11.5647,46.6259],[11.5678,46.6272],[11.5668,46.628]]]}},{"type":"Feature","properties":{"landuse":"orchard"},"geometry":{"type":"Polygon","coordinates":[[[11.1198,46.6769],[11.1185,46.6766],[11.1194,46.6756],[11.1198,46.6769]]]}},{"type":"Feature","properties":{"landuse":"orchard"},"geometry":{"type":"Polygon","coordinates":[[[11.4286,46.5083],[11.4259,46.5064],[11.4309,46.5078],[11.4286,46.5083]]]}},{"type":"Feature","properties":{"landuse":"green_public_spaces"},"geometry":{"type":"Polygon","coordinates":[[[11.3143,46.4421],[11.3021,46.4588],[11.3029,46.453],[11.3143,46.4421]]]}},{"type":"Feature","properties":{"landuse":"green_public_spaces"},"geometry":{"type":"Polygon","coordinates":[[[11.6744,46.7463],[11.6716,46.7427],[11.6749,46.7435],[11.6744,46.7463]]]}},{"type":"Feature","properties":{"landuse":"green_public_spaces"},"geometry":{"type":"Polygon","coordinates":[[[11.9452,46.8048],[11.9416,46.8079],[11.9459,46.8099],[11.9334,46.8088],[11.9417,46.8102],[11.9481,46.8037],[11.9452,46.8048]]]}},{"type":"Feature","properties":{"landuse":"green_public_spaces"},"geometry":{"type":"Polygon","coordinates":[[[11.9244,46.8124],[11.9216,46.8131],[11.9157,46.8107],[11.9244,46.8124]]]}},{"type":"Feature","properties":{"landuse":"green_public_spaces"},"geometry":{"type":"Polygon","coordinates":[[[11.9586,46.852],[11.959,46.8554],[11.9566,46.8563],[11.9586,46.852]]]}},{"type":"Feature","properties":{"landuse":"green_public_spaces"},"geometry":{"type":"Polygon","coordinates":[[[10.5312,46.7466],[10.5297,46.745],[10.5319,46.7415],[10.5312,46.7466]]]}},{"type":"Feature","properties":{"landuse":"green_public_spaces"},"geometry":{"type":"Polygon","coordinates":[[[11.56,46.6094],[11.562,46.6121],[11.5591,46.6113],[11.56,46.6094]]]}},{"type":"Feature","properties":{"landuse":"green_public_spaces"},"geometry":{"type":"Polygon","coordinates":[[[11.1836,46.6176],[11.1773,46.6293],[11.1652,46.628],[11.1774,46.6254],[11.1836,46.6176]]]}},{"type":"Feature","properties":{"landuse":"green_public_spaces"},"geometry":{"type":"Polygon","coordinates":[[[10.8271,46.6058],[10.8237,46.6006],[10.829,46.6017],[10.8271,46.6058]]]}},{"type":"Feature","properties":{"landuse":"green_public_spaces"},"geometry":{"type":"Polygon","coordinates":[[[11.3419,46.4332],[11.3401,46.4328],[11.3423,46.4323],[11.3419,46.4332]]]}},{"type":"Feature","properties":{"landuse":"orchard"},"geometry":{"type":"Polygon","coordinates":[[[11.1699,46.6773],[11.1709,46.6747],[11.172,46.675],[11.1699,46.6773]]]}},{"type":"Feature","properties":{"landuse":"vineyard"},"geometry":{"type":"Polygon","coordinates":[[[11.1684,46.6742],[11.1699,46.6741],[11.169,46.6749],[11.1684,46.6742]]]}},{"type":"Feature","properties":{"landuse":"vineyard"},"geometry":{"type":"Polygon","coordinates":[[[11.1683,46.6758],[11.1682,46.6741],[11.1699,46.6754],[11.1683,46.6758]]]}},{"type":"Feature","properties":{"landuse":"orchard"},"geometry":{"type":"Polygon","coordinates":[[[11.1135,46.6776],[11.1102,46.6761],[11.1152,46.6779],[11.1135,46.6776]]]}},{"type":"Feature","properties":{"landuse":"orchard"},"geometry":{"type":"Polygon","coordinates":[[[11.1778,46.6853],[11.1797,46.6831],[11.1774,46.6828],[11.1822,46.681],[11.181,46.6854],[11.1778,46.6853]]]}},{"type":"Feature","properties":{"landuse":"orchard"},"geometry":{"type":"Polygon","coordinates":[[[11.1796,46.6876],[11.1802,46.6867],[11.1819,46.6874],[11.1796,46.6876]]]}},{"type":"Feature","properties":{"landuse":"orchard"},"geometry":{"type":"Polygon","coordinates":[[[11.1174,46.6821],[11.1173,46.681],[11.1187,46.6819],[11.1174,46.6821]]]}},{"type":"Feature","properties":{"landuse":"orchard"},"geometry":{"type":"Polygon","coordinates":[[[11.1627,46.6815],[11.1661,46.6801],[11.1638,46.682],[11.1627,46.6815]]]}},{"type":"Feature","properties":{"landuse":"orchard"},"geometry":{"type":"Polygon","coordinates":[[[11.1683,46.6758],[11.1698,46.676],[11.1649,46.6804],[11.1683,46.6758]]]}},{"type":"Feature","properties":{"landuse":"orchard"},"geometry":{"type":"Polygon","coordinates":[[[11.1398,46.6875],[11.1387,46.6886],[11.1373,46.686],[11.1398,46.6875]]]}},{"type":"Feature","properties":{"landuse":"vineyard"},"geometry":{"type":"Polygon","coordinates":[[[11.1432,46.688],[11.1419,46.6867],[11.1428,46.6864],[11.1432,46.688]]]}},{"type":"Feature","properties":{"landuse":"orchard"},"geometry":{"type":"Polygon","coordinates":[[[11.1288,46.6815],[11.1268,46.6821],[11.1291,46.6809],[11.1288,46.6815]]]}},{"type":"Feature","properties":{"landuse":"green_public_spaces"},"geometry":{"type":"Polygon","coordinates":[[[11.6639,46.7458],[11.6666,46.7519],[11.6642,46.751],[11.6639,46.7458]]]}},{"type":"Feature","properties":{"landuse":"vineyard"},"geometry":{"type":"Polygon","coordinates":[[[11.5472,46.6342],[11.5486,46.6333],[11.5487,46.634],[11.5472,46.6342]]]}},{"type":"Feature","properties":{"landuse":"farmland"},"geometry":{"type":"Polygon","coordinates":[[[11.5329,46.6288],[11.5315,46.6298],[11.5306,46.6291],[11.5329,46.6288]]]}},{"type":"Feature","properties":{"landuse":"orchard"},"geometry":{"type":"Polygon","coordinates":[[[11.1422,46.6253],[11.1457,46.6244],[11.1448,46.6267],[11.1422,46.6253]]]}},{"type":"Feature","properties":{"landuse":"vineyard"},"geometry":{"type":"Polygon","coordinates":[[[11.1471,46.6274],[11.1453,46.6269],[11.1468,46.626],[11.1471,46.6274]]]}},{"type":"Feature","properties":{"landuse":"orchard"},"geometry":{"type":"Polygon","coordinates":[[[11.1652,46.6569],[11.1643,46.6558],[11.165,46.6554],[11.1652,46.6569]]]}},{"type":"Feature","properties":{"landuse":"vineyard"},"geometry":{"type":"Polygon","coordinates":[[[11.3163,46.4827],[11.315,46.4848],[11.3113,46.4842],[11.3163,46.4827]]]}},{"type":"Feature","properties":{"landuse":"vineyard"},"geometry":{"type":"Polygon","coordinates":[[[11.3151,46.4793],[11.3139,46.4787],[11.3171,46.479],[11.3151,46.4793]]]}},{"type":"Feature","properties":{"landuse":"vineyard"},"geometry":{"type":"Polygon","coordinates":[[[11.3058,46.4682],[11.3071,46.4699],[11.3055,46.4695],[11.3058,46.4682]]]}},{"type":"Feature","properties":{"landuse":"orchard"},"geometry":{"type":"Polygon","coordinates":[[[11.3038,46.4515],[11.3044,46.4501],[11.3074,46.4481],[11.3038,46.4515]]]}},{"type":"Feature","properties":{"landuse":"vineyard"},"geometry":{"type":"Polygon","coordinates":[[[11.2999,46.4618],[11.3008,46.4609],[11.3012,46.4636],[11.2999,46.4618]]]}},{"type":"Feature","properties":{"landuse":"orchard"},"geometry":{"type":"Polygon","coordinates":[[[11.3041,46.4691],[11.3023,46.468],[11.3007,46.4625],[11.3041,46.4691]]]}},{"type":"Feature","properties":{"landuse":"vineyard"},"geometry":{"type":"Polygon","coordinates":[[[11.3115,46.3348],[11.3124,46.3342],[11.3129,46.3361],[11.3115,46.3348]]]}},{"type":"Feature","properties":{"landuse":"vineyard"},"geometry":{"type":"Polygon","coordinates":[[[11.1659,46.5863],[11.1643,46.5831],[11.1672,46.5849],[11.1659,46.5863]]]}},{"type":"Feature","properties":{"landuse":"orchard"},"geometry":{"type":"Polygon","coordinates":[[[11.164,46.5861],[11.1643,46.5887],[11.1616,46.5903],[11.164,46.5861]]]}},{"type":"Feature","properties":{"landuse":"orchard"},"geometry":{"type":"Polygon","coordinates":[[[11.1605,46.5868],[11.1618,46.587],[11.1607,46.5883],[11.1605,46.5868]]]}},{"type":"Feature","properties":{"landuse":"orchard"},"geometry":{"type":"Polygon","coordinates":[[[11.1569,46.5884],[11.1593,46.5873],[11.1595,46.59],[11.1569,46.5884]]]}},{"type":"Feature","properties":{"landuse":"orchard"},"geometry":{"type":"Polygon","coordinates":[[[11.1775,46.6584],[11.1748,46.6594],[11.1747,46.6571],[11.1775,46.6584]]]}},{"type":"Feature","properties":{"landuse":"orchard"},"geometry":{"type":"Polygon","coordinates":[[[11.1198,46.6107],[11.1216,46.6121],[11.1182,46.6107],[11.1198,46.6107]]]}},{"type":"Feature","properties":{"landuse":"vineyard"},"geometry":{"type":"Polygon","coordinates":[[[11.1225,46.6126],[11.125,46.6126],[11.1219,46.6137],[11.1225,46.6126]]]}},{"type":"Feature","properties":{"landuse":"vineyard"},"geometry":{"type":"Polygon","coordinates":[[[11.1364,46.6156],[11.1325,46.6147],[11.1334,46.6132],[11.1364,46.6156]]]}},{"type":"Feature","properties":{"landuse":"orchard"},"geometry":{"type":"Polygon","coordinates":[[[11.1289,46.6143],[11.1302,46.6161],[11.1283,46.6164],[11.1289,46.6143]]]}},{"type":"Feature","properties":{"landuse":"orchard"},"geometry":{"type":"Polygon","coordinates":[[[11.123,46.6137],[11.1273,46.6128],[11.1283,46.6146],[11.123,46.6137]]]}},{"type":"Feature","properties":{"landuse":"orchard"},"geometry":{"type":"Polygon","coordinates":[[[11.6655,46.7599],[11.6639,46.7614],[11.664,46.7604],[11.6655,46.7599]]]}},{"type":"Feature","properties":{"landuse":"vineyard"},"geometry":{"type":"Polygon","coordinates":[[[11.138,46.6252],[11.139,46.6234],[11.1402,46.6249],[11.138,46.6252]]]}},{"type":"Feature","properties":{"landuse":"orchard"},"geometry":{"type":"Polygon","coordinates":[[[11.1441,46.6236],[11.143,46.624],[11.1469,46.6235],[11.1441,46.6236]]]}},{"type":"Feature","properties":{"landuse":"orchard"},"geometry":{"type":"Polygon","coordinates":[[[11.1405,46.6248],[11.1393,46.6226],[11.142,46.6235],[11.1405,46.6248]]]}},{"type":"Feature","properties":{"landuse":"orchard"},"geometry":{"type":"Polygon","coordinates":[[[11.1362,46.6228],[11.1355,46.6197],[11.1378,46.6194],[11.1362,46.6228]]]}},{"type":"Feature","properties":{"landuse":"vineyard"},"geometry":{"type":"Polygon","coordinates":[[[11.1385,46.6238],[11.1366,46.6219],[11.1393,46.6215],[11.1385,46.6238]]]}},{"type":"Feature","properties":{"landuse":"orchard"},"geometry":{"type":"Polygon","coordinates":[[[11.1371,46.6266],[11.136,46.6232],[11.1381,46.6257],[11.1371,46.6266]]]}},{"type":"Feature","properties":{"landuse":"orchard"},"geometry":{"type":"Polygon","coordinates":[[[11.1443,46.6145],[11.1476,46.6099],[11.1489,46.6113],[11.1443,46.6145]]]}},{"type":"Feature","properties":{"landuse":"orchard"},"geometry":{"type":"Polygon","coordinates":[[[11.1331,46.612],[11.1343,46.6093],[11.1369,46.6095],[11.1331,46.612]]]}},{"type":"Feature","properties":{"landuse":"orchard"},"geometry":{"type":"Polygon","coordinates":[[[11.1584,46.6102],[11.1614,46.6104],[11.1605,46.6124],[11.1584,46.6102]]]}},{"type":"Feature","properties":{"landuse":"orchard"},"geometry":{"type":"Polygon","coordinates":[[[11.1617,46.6086],[11.1615,46.6101],[11.1606,46.6094],[11.1617,46.6086]]]}},{"type":"Feature","properties":{"landuse":"orchard"},"geometry":{"type":"Polygon","coordinates":[[[11.1514,46.6102],[11.1574,46.6073],[11.1554,46.6102],[11.1514,46.6102]]]}},{"type":"Feature","properties":{"landuse":"orchard"},"geometry":{"type":"Polygon","coordinates":[[[11.6465,46.7306],[11.6471,46.7325],[11.6443,46.7338],[11.6465,46.7306]]]}},{"type":"Feature","properties":{"landuse":"orchard"},"geometry":{"type":"Polygon","coordinates":[[[11.6468,46.7306],[11.6471,46.7284],[11.6489,46.7285],[11.6468,46.7306]]]}},{"type":"Feature","properties":{"landuse":"vineyard"},"geometry":{"type":"Polygon","coordinates":[[[11.6431,46.7167],[11.6413,46.7159],[11.644,46.7163],[11.6431,46.7167]]]}},{"type":"Feature","properties":{"landuse":"orchard"},"geometry":{"type":"Polygon","coordinates":[[[11.1179,46.6862],[11.1201,46.6856],[11.1153,46.6867],[11.1179,46.6862]]]}},{"type":"Feature","properties":{"landuse":"vineyard"},"geometry":{"type":"Polygon","coordinates":[[[11.3453,46.4439],[11.3479,46.4444],[11.3444,46.4458],[11.3453,46.4439]]]}},{"type":"Feature","properties":{"landuse":"orchard"},"geometry":{"type":"Polygon","coordinates":[[[11.3509,46.4577],[11.3511,46.4568],[11.3535,46.4558],[11.3509,46.4577]]]}},{"type":"Feature","properties":{"landuse":"orchard"},"geometry":{"type":"Polygon","coordinates":[[[11.341,46.4137],[11.3432,46.4137],[11.3387,46.4121],[11.341,46.4137]]]}},{"type":"Feature","properties":{"landuse":"vineyard"},"geometry":{"type":"Polygon","coordinates":[[[11.3043,46.3489],[11.3056,46.3497],[11.3054,46.3518],[11.3043,46.3489]]]}},{"type":"Feature","properties":{"landuse":"vineyard"},"geometry":{"type":"Polygon","coordinates":[[[11.3039,46.3491],[11.3039,46.3518],[11.3025,46.3518],[11.3039,46.3491]]]}},{"type":"Feature","properties":{"landuse":"vineyard"},"geometry":{"type":"Polygon","coordinates":[[[11.3042,46.3487],[11.3032,46.3473],[11.3048,46.3472],[11.3042,46.3487]]]}},{"type":"Feature","properties":{"landuse":"vineyard"},"geometry":{"type":"Polygon","coordinates":[[[11.2956,46.3534],[11.295,46.3522],[11.2974,46.3496],[11.2956,46.3534]]]}},{"type":"Feature","properties":{"landuse":"orchard"},"geometry":{"type":"Polygon","coordinates":[[[11.2931,46.3467],[11.2904,46.3471],[11.29,46.3459],[11.2931,46.3467]]]}},{"type":"Feature","properties":{"landuse":"orchard"},"geometry":{"type":"Polygon","coordinates":[[[11.2994,46.3367],[11.2992,46.3358],[11.3012,46.3345],[11.2994,46.3367]]]}},{"type":"Feature","properties":{"landuse":"orchard"},"geometry":{"type":"Polygon","coordinates":[[[10.5839,46.6327],[10.5831,46.6303],[10.585,46.6296],[10.5839,46.6327]]]}},{"type":"Feature","properties":{"landuse":"vineyard"},"geometry":{"type":"Polygon","coordinates":[[[10.5214,46.7065],[10.5229,46.7057],[10.523,46.7064],[10.5214,46.7065]]]}},{"type":"Feature","properties":{"landuse":"farmland"},"geometry":{"type":"Polygon","coordinates":[[[11.4278,46.8843],[11.4316,46.8842],[11.4281,46.8873],[11.4278,46.8843]]]}},{"type":"Feature","properties":{"landuse":"orchard"},"geometry":{"type":"Polygon","coordinates":[[[10.7816,46.6079],[10.7818,46.6069],[10.7832,46.6071],[10.7816,46.6079]]]}},{"type":"Feature","properties":{"landuse":"orchard"},"geometry":{"type":"Polygon","coordinates":[[[10.7826,46.616],[10.786,46.6151],[10.785,46.616],[10.7826,46.616]]]}},{"type":"Feature","properties":{"landuse":"farmland"},"geometry":{"type":"Polygon","coordinates":[[[11.4267,46.887],[11.4262,46.8881],[11.4251,46.8877],[11.4267,46.887]]]}},{"type":"Feature","properties":{"landuse":"orchard"},"geometry":{"type":"Polygon","coordinates":[[[10.8128,46.626],[10.8141,46.6272],[10.8127,46.6283],[10.8128,46.626]]]}},{"type":"Feature","properties":{"landuse":"farmland"},"geometry":{"type":"Polygon","coordinates":[[[11.4301,46.8912],[11.4314,46.8911],[11.43,46.8926],[11.4301,46.8912]]]}},{"type":"Feature","properties":{"landuse":"orchard"},"geometry":{"type":"Polygon","coordinates":[[[10.8107,46.627],[10.8108,46.6254],[10.8126,46.6263],[10.8107,46.627]]]}},{"type":"Feature","properties":{"landuse":"orchard"},"geometry":{"type":"Polygon","coordinates":[[[10.8189,46.5847],[10.8204,46.5859],[10.8183,46.5857],[10.8189,46.5847]]]}},{"type":"Feature","properties":{"landuse":"orchard"},"geometry":{"type":"Polygon","coordinates":[[[10.8372,46.6041],[10.8385,46.6034],[10.8417,46.6042],[10.8372,46.6041]]]}},{"type":"Feature","properties":{"landuse":"orchard"},"geometry":{"type":"Polygon","coordinates":[[[11.1414,46.622],[11.141,46.6211],[11.1424,46.6218],[11.1414,46.622]]]}},{"type":"Feature","properties":{"landuse":"farmland"},"geometry":{"type":"Polygon","coordinates":[[[11.3002,46.5121],[11.2955,46.5129],[11.2965,46.5117],[11.3002,46.5121]]]}},{"type":"Feature","properties":{"landuse":"orchard"},"geometry":{"type":"Polygon","coordinates":[[[11.1613,46.6032],[11.1616,46.6051],[11.1588,46.6057],[11.1613,46.6032]]]}},{"type":"Feature","properties":{"landuse":"vineyard"},"geometry":{"type":"Polygon","coordinates":[[[11.1541,46.6878],[11.1552,46.6868],[11.1554,46.6884],[11.1541,46.6878]]]}},{"type":"Feature","properties":{"landuse":"orchard"},"geometry":{"type":"Polygon","coordinates":[[[11.1546,46.6844],[11.1554,46.6836],[11.1565,46.684],[11.1546,46.6844]]]}},{"type":"Feature","properties":{"landuse":"vineyard"},"geometry":{"type":"Polygon","coordinates":[[[11.1519,46.6868],[11.1539,46.687],[11.153,46.688],[11.1519,46.6868]]]}},{"type":"Feature","properties":{"landuse":"vineyard"},"geometry":{"type":"Polygon","coordinates":[[[11.1487,46.6871],[11.1472,46.6862],[11.1485,46.6853],[11.1487,46.6871]]]}},{"type":"Feature","properties":{"landuse":"green_public_spaces"},"geometry":{"type":"Polygon","coordinates":[[[11.4432,46.5497],[11.4443,46.549],[11.4502,46.5525],[11.4432,46.5497]]]}},{"type":"Feature","properties":{"landuse":"green_public_spaces"},"geometry":{"type":"Polygon","coordinates":[[[11.4345,46.5597],[11.4317,46.5585],[11.4353,46.5588],[11.4345,46.5597]]]}},{"type":"Feature","properties":{"landuse":"green_public_spaces"},"geometry":{"type":"Polygon","coordinates":[[[11.3789,46.5492],[11.3743,46.5488],[11.3802,46.5478],[11.3789,46.5492]]]}},{"type":"Feature","properties":{"landuse":"green_public_spaces"},"geometry":{"type":"Polygon","coordinates":[[[10.8056,46.6276],[10.7799,46.6311],[10.7991,46.6262],[10.8056,46.6276]]]}},{"type":"Feature","properties":{"landuse":"green_public_spaces"},"geometry":{"type":"Polygon","coordinates":[[[11.6515,46.7194],[11.6522,46.7179],[11.6538,46.718],[11.6515,46.7194]]]}},{"type":"Feature","properties":{"landuse":"green_public_spaces"},"geometry":{"type":"Polygon","coordinates":[[[11.6552,46.7144],[11.6578,46.7134],[11.6577,46.7144],[11.6552,46.7144]]]}},{"type":"Feature","properties":{"landuse":"orchard"},"geometry":{"type":"Polygon","coordinates":[[[11.1211,46.6866],[11.118,46.6871],[11.1217,46.6852],[11.1211,46.6866]]]}},{"type":"Feature","properties":{"landuse":"green_public_spaces"},"geometry":{"type":"Polygon","coordinates":[[[11.7569,46.8286],[11.7594,46.8299],[11.7573,46.8301],[11.7569,46.8286]]]}},{"type":"Feature","properties":{"landuse":"orchard"},"geometry":{"type":"Polygon","coordinates":[[[11.6614,46.7235],[11.6605,46.7219],[11.6625,46.722],[11.6614,46.7235]]]}},{"type":"Feature","properties":{"landuse":"orchard"},"geometry":{"type":"Polygon","coordinates":[[[11.1342,46.6845],[11.1366,46.6855],[11.1354,46.6864],[11.1342,46.6845]]]}},{"type":"Feature","properties":{"landuse":"orchard"},"geometry":{"type":"Polygon","coordinates":[[[11.1366,46.6067],[11.1377,46.6083],[11.1315,46.6068],[11.1366,46.6067]]]}},{"type":"Feature","properties":{"landuse":"orchard"},"geometry":{"type":"Polygon","coordinates":[[[11.4058,46.5136],[11.4072,46.5152],[11.4045,46.5148],[11.4058,46.5136]]]}},{"type":"Feature","properties":{"landuse":"vineyard"},"geometry":{"type":"Polygon","coordinates":[[[11.3855,46.5063],[11.3858,46.5072],[11.3809,46.5061],[11.3855,46.5063]]]}},{"type":"Feature","properties":{"landuse":"orchard"},"geometry":{"type":"Polygon","coordinates":[[[11.4061,46.5165],[11.4039,46.5149],[11.4064,46.5156],[11.4061,46.5165]]]}},{"type":"Feature","properties":{"landuse":"farmland"},"geometry":{"type":"Polygon","coordinates":[[[11.4104,46.5063],[11.4139,46.5058],[11.411,46.5068],[11.4104,46.5063]]]}},{"type":"Feature","properties":{"landuse":"vineyard"},"geometry":{"type":"Polygon","coordinates":[[[11.3975,46.5085],[11.398,46.5093],[11.3961,46.5094],[11.3975,46.5085]]]}},{"type":"Feature","properties":{"landuse":"orchard"},"geometry":{"type":"Polygon","coordinates":[[[11.4322,46.5116],[11.4288,46.5105],[11.4314,46.5101],[11.4322,46.5116]]]}},{"type":"Feature","properties":{"landuse":"orchard"},"geometry":{"type":"Polygon","coordinates":[[[11.431,46.5129],[11.4322,46.5119],[11.433,46.5139],[11.431,46.5129]]]}},{"type":"Feature","properties":{"landuse":"vineyard"},"geometry":{"type":"Polygon","coordinates":[[[11.3219,46.4067],[11.3223,46.4053],[11.3233,46.406],[11.3219,46.4067]]]}},{"type":"Feature","properties":{"landuse":"vineyard"},"geometry":{"type":"Polygon","coordinates":[[[11.4363,46.5179],[11.434,46.5179],[11.4349,46.5173],[11.4363,46.5179]]]}},{"type":"Feature","properties":{"landuse":"farmland"},"geometry":{"type":"Polygon","coordinates":[[[11.4294,46.5206],[11.4321,46.5211],[11.4319,46.5226],[11.4294,46.5206]]]}},{"type":"Feature","properties":{"landuse":"vineyard"},"geometry":{"type":"Polygon","coordinates":[[[11.3569,46.447],[11.3556,46.4465],[11.3568,46.4456],[11.3569,46.447]]]}},{"type":"Feature","properties":{"landuse":"farmland"},"geometry":{"type":"Polygon","coordinates":[[[11.4137,46.8863],[11.4198,46.8847],[11.419,46.887],[11.4137,46.8863]]]}},{"type":"Feature","properties":{"landuse":"vineyard"},"geometry":{"type":"Polygon","coordinates":[[[11.4207,46.5049],[11.4192,46.5056],[11.4192,46.5049],[11.4207,46.5049]]]}},{"type":"Feature","properties":{"landuse":"orchard"},"geometry":{"type":"Polygon","coordinates":[[[11.4384,46.5103],[11.437,46.5087],[11.4389,46.5094],[11.4384,46.5103]]]}},{"type":"Feature","properties":{"landuse":"orchard"},"geometry":{"type":"Polygon","coordinates":[[[11.4462,46.5127],[11.4484,46.514],[11.4441,46.5132],[11.4462,46.5127]]]}},{"type":"Feature","properties":{"landuse":"vineyard"},"geometry":{"type":"Polygon","coordinates":[[[11.452,46.5075],[11.4549,46.5088],[11.4497,46.5068],[11.452,46.5075]]]}},{"type":"Feature","properties":{"landuse":"vineyard"},"geometry":{"type":"Polygon","coordinates":[[[11.4764,46.5204],[11.4756,46.5214],[11.4745,46.5204],[11.4764,46.5204]]]}},{"type":"Feature","properties":{"landuse":"green_public_spaces"},"geometry":{"type":"Polygon","coordinates":[[[11.1742,46.6781],[11.1731,46.6769],[11.174,46.6749],[11.1742,46.6781]]]}},{"type":"Feature","properties":{"landuse":"green_public_spaces"},"geometry":{"type":"Polygon","coordinates":[[[11.1474,46.6851],[11.1463,46.6844],[11.1494,46.6846],[11.1474,46.6851]]]}},{"type":"Feature","properties":{"landuse":"orchard"},"geometry":{"type":"Polygon","coordinates":[[[11.6535,46.7414],[11.6527,46.7414],[11.6533,46.74],[11.6535,46.7414]]]}},{"type":"Feature","properties":{"landuse":"green_public_spaces"},"geometry":{"type":"Polygon","coordinates":[[[11.1571,46.5823],[11.1628,46.576],[11.1585,46.5821],[11.1571,46.5823]]]}},{"type":"Feature","properties":{"landuse":"vineyard"},"geometry":{"type":"Polygon","coordinates":[[[11.3481,46.5115],[11.3469,46.5103],[11.3476,46.5099],[11.3481,46.5115]]]}},{"type":"Feature","properties":{"landuse":"vineyard"},"geometry":{"type":"Polygon","coordinates":[[[11.3326,46.511],[11.3297,46.5105],[11.3331,46.5101],[11.3326,46.511]]]}},{"type":"Feature","properties":{"landuse":"orchard"},"geometry":{"type":"Polygon","coordinates":[[[11.3383,46.5139],[11.3387,46.5128],[11.3406,46.5129],[11.3383,46.5139]]]}},{"type":"Feature","properties":{"landuse":"vineyard"},"geometry":{"type":"Polygon","coordinates":[[[11.3317,46.5085],[11.3351,46.5088],[11.3302,46.51],[11.3317,46.5085]]]}},{"type":"Feature","properties":{"landuse":"vineyard"},"geometry":{"type":"Polygon","coordinates":[[[11.1675,46.5932],[11.1671,46.5944],[11.1647,46.5953],[11.1675,46.5932]]]}},{"type":"Feature","properties":{"landuse":"orchard"},"geometry":{"type":"Polygon","coordinates":[[[11.2802,46.4969],[11.2867,46.4925],[11.2854,46.4942],[11.2802,46.4969]]]}},{"type":"Feature","properties":{"landuse":"orchard"},"geometry":{"type":"Polygon","coordinates":[[[11.1253,46.6849],[11.1241,46.6844],[11.1272,46.684],[11.1253,46.6849]]]}},{"type":"Feature","properties":{"landuse":"orchard"},"geometry":{"type":"Polygon","coordinates":[[[11.1349,46.6888],[11.1322,46.6889],[11.1342,46.6875],[11.1349,46.6888]]]}},{"type":"Feature","properties":{"landuse":"orchard"},"geometry":{"type":"Polygon","coordinates":[[[11.1352,46.6879],[11.1358,46.6863],[11.1376,46.6873],[11.1352,46.6879]]]}},{"type":"Feature","properties":{"landuse":"vineyard"},"geometry":{"type":"Polygon","coordinates":[[[11.3245,46.351],[11.3259,46.3502],[11.328,46.3506],[11.3245,46.351]]]}},{"type":"Feature","properties":{"landuse":"orchard"},"geometry":{"type":"Polygon","coordinates":[[[11.3288,46.3496],[11.3304,46.3492],[11.3312,46.3505],[11.3288,46.3496]]]}},{"type":"Feature","properties":{"landuse":"orchard"},"geometry":{"type":"Polygon","coordinates":[[[11.3249,46.3518],[11.3258,46.3509],[11.3266,46.3515],[11.3249,46.3518]]]}},{"type":"Feature","properties":{"landuse":"vineyard"},"geometry":{"type":"Polygon","coordinates":[[[11.1808,46.6605],[11.1803,46.6596],[11.1816,46.6593],[11.1808,46.6605]]]}},{"type":"Feature","properties":{"landuse":"orchard"},"geometry":{"type":"Polygon","coordinates":[[[11.3412,46.4425],[11.3396,46.4385],[11.3425,46.4389],[11.3412,46.4425]]]}},{"type":"Feature","properties":{"landuse":"orchard"},"geometry":{"type":"Polygon","coordinates":[[[11.3332,46.4315],[11.333,46.4288],[11.3345,46.4313],[11.3332,46.4315]]]}},{"type":"Feature","properties":{"landuse":"orchard"},"geometry":{"type":"Polygon","coordinates":[[[11.3422,46.4362],[11.3432,46.4368],[11.3422,46.4377],[11.3422,46.4362]]]}},{"type":"Feature","properties":{"landuse":"orchard"},"geometry":{"type":"Polygon","coordinates":[[[11.3428,46.4385],[11.344,46.4351],[11.3456,46.4357],[11.3428,46.4385]]]}},{"type":"Feature","properties":{"landuse":"orchard"},"geometry":{"type":"Polygon","coordinates":[[[11.337,46.4349],[11.342,46.4377],[11.3405,46.4385],[11.337,46.4349]]]}},{"type":"Feature","properties":{"landuse":"orchard"},"geometry":{"type":"Polygon","coordinates":[[[11.3403,46.4307],[11.3389,46.4324],[11.3335,46.4284],[11.3403,46.4307]]]}},{"type":"Feature","properties":{"landuse":"orchard"},"geometry":{"type":"Polygon","coordinates":[[[11.3241,46.4231],[11.3205,46.4187],[11.3275,46.4222],[11.3241,46.4231]]]}},{"type":"Feature","properties":{"landuse":"orchard"},"geometry":{"type":"Polygon","coordinates":[[[11.3184,46.4137],[11.3217,46.4171],[11.3203,46.4181],[11.3184,46.4137]]]}},{"type":"Feature","properties":{"landuse":"green_public_spaces"},"geometry":{"type":"Polygon","coordinates":[[[11.6342,46.7655],[11.6338,46.7627],[11.6366,46.763],[11.6369,46.7671],[11.6342,46.7655]]]}},{"type":"Feature","properties":{"landuse":"orchard"},"geometry":{"type":"Polygon","coordinates":[[[11.3035,46.4876],[11.3019,46.4876],[11.3021,46.487],[11.3035,46.4876]]]}},{"type":"Feature","properties":{"landuse":"vineyard"},"geometry":{"type":"Polygon","coordinates":[[[11.3073,46.5017],[11.3053,46.5013],[11.3117,46.5013],[11.3073,46.5017]]]}},{"type":"Feature","properties":{"landuse":"vineyard"},"geometry":{"type":"Polygon","coordinates":[[[11.3115,46.5007],[11.2997,46.5034],[11.3046,46.4994],[11.3115,46.5007]]]}},{"type":"Feature","properties":{"landuse":"vineyard"},"geometry":{"type":"Polygon","coordinates":[[[11.318,46.5028],[11.3124,46.5027],[11.3129,46.5016],[11.318,46.5028]]]}},{"type":"Feature","properties":{"landuse":"orchard"},"geometry":{"type":"Polygon","coordinates":[[[11.2962,46.5036],[11.299,46.5017],[11.2974,46.5041],[11.2962,46.5036]]]}},{"type":"Feature","properties":{"landuse":"vineyard"},"geometry":{"type":"Polygon","coordinates":[[[11.3039,46.5018],[11.3042,46.5041],[11.3015,46.5033],[11.3039,46.5018]]]}},{"type":"Feature","properties":{"landuse":"vineyard"},"geometry":{"type":"Polygon","coordinates":[[[11.2776,46.5095],[11.2791,46.5074],[11.2794,46.509],[11.2776,46.5095]]]}},{"type":"Feature","properties":{"landuse":"vineyard"},"geometry":{"type":"Polygon","coordinates":[[[11.281,46.5082],[11.2828,46.5072],[11.2831,46.5078],[11.281,46.5082]]]}},{"type":"Feature","properties":{"landuse":"orchard"},"geometry":{"type":"Polygon","coordinates":[[[11.6653,46.7596],[11.6631,46.7592],[11.6645,46.7577],[11.6653,46.7596]]]}},{"type":"Feature","properties":{"landuse":"orchard"},"geometry":{"type":"Polygon","coordinates":[[[11.6815,46.7464],[11.6846,46.7448],[11.6856,46.7485],[11.6815,46.7464]]]}},{"type":"Feature","properties":{"landuse":"orchard"},"geometry":{"type":"Polygon","coordinates":[[[11.6812,46.7486],[11.6841,46.7489],[11.6824,46.7507],[11.6812,46.7486]]]}},{"type":"Feature","properties":{"landuse":"orchard"},"geometry":{"type":"Polygon","coordinates":[[[11.6666,46.7528],[11.6658,46.7535],[11.6638,46.7517],[11.6666,46.7528]]]}},{"type":"Feature","properties":{"landuse":"orchard"},"geometry":{"type":"Polygon","coordinates":[[[11.664,46.7538],[11.6635,46.7523],[11.6658,46.754],[11.664,46.7538]]]}},{"type":"Feature","properties":{"landuse":"orchard"},"geometry":{"type":"Polygon","coordinates":[[[11.661,46.7505],[11.662,46.7529],[11.6601,46.7534],[11.661,46.7505]]]}},{"type":"Feature","properties":{"landuse":"orchard"},"geometry":{"type":"Polygon","coordinates":[[[11.6614,46.7514],[11.6638,46.7538],[11.6625,46.7535],[11.6614,46.7514]]]}},{"type":"Feature","properties":{"landuse":"orchard"},"geometry":{"type":"Polygon","coordinates":[[[11.6626,46.7555],[11.6625,46.7535],[11.6638,46.7539],[11.6626,46.7555]]]}},{"type":"Feature","properties":{"landuse":"farmland"},"geometry":{"type":"Polygon","coordinates":[[[11.6607,46.7535],[11.662,46.7534],[11.6626,46.7555],[11.6607,46.7535]]]}},{"type":"Feature","properties":{"landuse":"farmland"},"geometry":{"type":"Polygon","coordinates":[[[11.6614,46.7548],[11.6617,46.7556],[11.6591,46.7554],[11.6614,46.7548]]]}},{"type":"Feature","properties":{"landuse":"farmland"},"geometry":{"type":"Polygon","coordinates":[[[11.6627,46.7591],[11.662,46.7581],[11.6631,46.758],[11.6627,46.7591]]]}},{"type":"Feature","properties":{"landuse":"orchard"},"geometry":{"type":"Polygon","coordinates":[[[11.6745,46.7553],[11.6749,46.7531],[11.6768,46.7542],[11.6745,46.7553]]]}},{"type":"Feature","properties":{"landuse":"orchard"},"geometry":{"type":"Polygon","coordinates":[[[11.6753,46.7549],[11.6773,46.7559],[11.6749,46.7557],[11.6753,46.7549]]]}},{"type":"Feature","properties":{"landuse":"orchard"},"geometry":{"type":"Polygon","coordinates":[[[11.6714,46.7603],[11.6715,46.7634],[11.6689,46.7598],[11.6714,46.7603]]]}},{"type":"Feature","properties":{"landuse":"farmland"},"geometry":{"type":"Polygon","coordinates":[[[10.5874,46.6272],[10.5865,46.6283],[10.5869,46.6258],[10.5874,46.6272]]]}},{"type":"Feature","properties":{"landuse":"vineyard"},"geometry":{"type":"Polygon","coordinates":[[[11.6627,46.7313],[11.6638,46.7327],[11.6587,46.734],[11.6627,46.7313]]]}},{"type":"Feature","properties":{"landuse":"vineyard"},"geometry":{"type":"Polygon","coordinates":[[[11.3288,46.4044],[11.3261,46.4038],[11.3295,46.4029],[11.3288,46.4044]]]}},{"type":"Feature","properties":{"landuse":"orchard"},"geometry":{"type":"Polygon","coordinates":[[[11.564,46.6475],[11.563,46.6482],[11.5621,46.6468],[11.564,46.6475]]]}},{"type":"Feature","properties":{"landuse":"vineyard"},"geometry":{"type":"Polygon","coordinates":[[[11.3364,46.519],[11.3377,46.5201],[11.3361,46.5212],[11.3364,46.519]]]}},{"type":"Feature","properties":{"landuse":"vineyard"},"geometry":{"type":"Polygon","coordinates":[[[11.233,46.5562],[11.2317,46.5571],[11.2336,46.5552],[11.233,46.5562]]]}},{"type":"Feature","properties":{"landuse":"orchard"},"geometry":{"type":"Polygon","coordinates":[[[11.2341,46.5574],[11.2317,46.5571],[11.2333,46.5565],[11.2341,46.5574]]]}},{"type":"Feature","properties":{"landuse":"vineyard"},"geometry":{"type":"Polygon","coordinates":[[[11.1211,46.6866],[11.122,46.6854],[11.1239,46.6854],[11.1211,46.6866]]]}},{"type":"Feature","properties":{"landuse":"vineyard"},"geometry":{"type":"Polygon","coordinates":[[[11.1222,46.6921],[11.1206,46.6923],[11.1234,46.6907],[11.1222,46.6921]]]}},{"type":"Feature","properties":{"landuse":"vineyard"},"geometry":{"type":"Polygon","coordinates":[[[11.1543,46.6078],[11.1537,46.6069],[11.155,46.6066],[11.1543,46.6078]]]}},{"type":"Feature","properties":{"landuse":"vineyard"},"geometry":{"type":"Polygon","coordinates":[[[11.1444,46.6065],[11.1454,46.6068],[11.1428,46.6085],[11.1444,46.6065]]]}},{"type":"Feature","properties":{"landuse":"orchard"},"geometry":{"type":"Polygon","coordinates":[[[11.3335,46.5252],[11.3334,46.5237],[11.3343,46.5243],[11.3335,46.5252]]]}},{"type":"Feature","properties":{"landuse":"orchard"},"geometry":{"type":"Polygon","coordinates":[[[11.3361,46.5234],[11.3359,46.5221],[11.3374,46.5226],[11.3361,46.5234]]]}},{"type":"Feature","properties":{"landuse":"vineyard"},"geometry":{"type":"Polygon","coordinates":[[[11.1415,46.6293],[11.1418,46.6307],[11.1402,46.6299],[11.1415,46.6293]]]}},{"type":"Feature","properties":{"landuse":"vineyard"},"geometry":{"type":"Polygon","coordinates":[[[11.1404,46.6288],[11.1379,46.6288],[11.1383,46.6268],[11.1404,46.6288]]]}},{"type":"Feature","properties":{"landuse":"green_public_spaces"},"geometry":{"type":"Polygon","coordinates":[[[11.3314,46.487],[11.3424,46.4893],[11.3417,46.4898],[11.3314,46.487]]]}},{"type":"Feature","properties":{"landuse":"vineyard"},"geometry":{"type":"Polygon","coordinates":[[[11.1378,46.6194],[11.1396,46.6199],[11.1376,46.6213],[11.1378,46.6194]]]}},{"type":"Feature","properties":{"landuse":"vineyard"},"geometry":{"type":"Polygon","coordinates":[[[11.1497,46.6155],[11.1485,46.6148],[11.1501,46.6148],[11.1497,46.6155]]]}},{"type":"Feature","properties":{"landuse":"vineyard"},"geometry":{"type":"Polygon","coordinates":[[[11.1249,46.6145],[11.1215,46.6142],[11.1222,46.6137],[11.1249,46.6145]]]}},{"type":"Feature","properties":{"landuse":"green_public_spaces"},"geometry":{"type":"Polygon","coordinates":[[[11.3314,46.487],[11.3423,46.4898],[11.3314,46.4877],[11.3314,46.487]]]}},{"type":"Feature","properties":{"landuse":"vineyard"},"geometry":{"type":"Polygon","coordinates":[[[11.3738,46.5267],[11.373,46.5255],[11.3752,46.5256],[11.3738,46.5267]]]}},{"type":"Feature","properties":{"landuse":"orchard"},"geometry":{"type":"Polygon","coordinates":[[[11.3089,46.4914],[11.311,46.4917],[11.3104,46.4932],[11.3089,46.4914]]]}},{"type":"Feature","properties":{"landuse":"orchard"},"geometry":{"type":"Polygon","coordinates":[[[11.1598,46.6152],[11.1566,46.6159],[11.156,46.615],[11.1598,46.6152]]]}},{"type":"Feature","properties":{"landuse":"orchard"},"geometry":{"type":"Polygon","coordinates":[[[11.3221,46.4667],[11.3228,46.4657],[11.3242,46.4669],[11.3221,46.4667]]]}},{"type":"Feature","properties":{"landuse":"orchard"},"geometry":{"type":"Polygon","coordinates":[[[11.668,46.7237],[11.6648,46.7254],[11.6648,46.7195],[11.668,46.7237]]]}},{"type":"Feature","properties":{"landuse":"vineyard"},"geometry":{"type":"Polygon","coordinates":[[[11.3162,46.3388],[11.3148,46.3385],[11.3173,46.3378],[11.3162,46.3388]]]}},{"type":"Feature","properties":{"landuse":"orchard"},"geometry":{"type":"Polygon","coordinates":[[[11.1417,46.6257],[11.138,46.6263],[11.1419,46.6252],[11.1418,46.627],[11.1417,46.6257]]]}},{"type":"Feature","properties":{"landuse":"farmland"},"geometry":{"type":"Polygon","coordinates":[[[11.3247,46.4672],[11.3241,46.4653],[11.3264,46.4646],[11.3247,46.4672]]]}},{"type":"Feature","properties":{"landuse":"farmland"},"geometry":{"type":"Polygon","coordinates":[[[11.9382,46.8295],[11.9386,46.8308],[11.9373,46.8285],[11.9382,46.8295]]]}},{"type":"Feature","properties":{"landuse":"orchard"},"geometry":{"type":"Polygon","coordinates":[[[11.3349,46.4548],[11.3345,46.456],[11.3332,46.4555],[11.3349,46.4548]]]}},{"type":"Feature","properties":{"landuse":"farmland"},"geometry":{"type":"Polygon","coordinates":[[[11.3519,46.6988],[11.3546,46.701],[11.3504,46.702],[11.3519,46.6988]]]}},{"type":"Feature","properties":{"landuse":"orchard"},"geometry":{"type":"Polygon","coordinates":[[[11.1497,46.6123],[11.149,46.6136],[11.148,46.6126],[11.1497,46.6123]]]}},{"type":"Feature","properties":{"landuse":"orchard"},"geometry":{"type":"Polygon","coordinates":[[[11.1442,46.5986],[11.144,46.5972],[11.1462,46.597],[11.1442,46.5986]]]}},{"type":"Feature","properties":{"landuse":"orchard"},"geometry":{"type":"Polygon","coordinates":[[[11.144,46.5994],[11.1415,46.5991],[11.1415,46.6035],[11.1386,46.6012],[11.1395,46.5963],[11.144,46.5994]]]}},{"type":"Feature","properties":{"landuse":"orchard"},"geometry":{"type":"Polygon","coordinates":[[[11.1377,46.6077],[11.136,46.6059],[11.1375,46.6048],[11.1377,46.6077]]]}},{"type":"Feature","properties":{"landuse":"orchard"},"geometry":{"type":"Polygon","coordinates":[[[11.1292,46.6865],[11.1271,46.6862],[11.1293,46.6858],[11.1292,46.6865]]]}},{"type":"Feature","properties":{"landuse":"orchard"},"geometry":{"type":"Polygon","coordinates":[[[11.1713,46.5835],[11.1697,46.5838],[11.1711,46.5823],[11.1713,46.5835]]]}},{"type":"Feature","properties":{"landuse":"orchard"},"geometry":{"type":"Polygon","coordinates":[[[11.1684,46.5831],[11.1715,46.5799],[11.1708,46.5829],[11.1684,46.5831]]]}},{"type":"Feature","properties":{"landuse":"orchard"},"geometry":{"type":"Polygon","coordinates":[[[11.1676,46.5841],[11.1692,46.5841],[11.1683,46.5854],[11.1676,46.5841]]]}},{"type":"Feature","properties":{"landuse":"orchard"},"geometry":{"type":"Polygon","coordinates":[[[11.1665,46.5851],[11.1673,46.5832],[11.1679,46.5858],[11.1665,46.5851]]]}},{"type":"Feature","properties":{"landuse":"orchard"},"geometry":{"type":"Polygon","coordinates":[[[11.1599,46.577],[11.16,46.5789],[11.1581,46.5804],[11.1599,46.577]]]}},{"type":"Feature","properties":{"landuse":"orchard"},"geometry":{"type":"Polygon","coordinates":[[[11.1522,46.5818],[11.1554,46.5792],[11.1543,46.5823],[11.1522,46.5818]]]}},{"type":"Feature","properties":{"landuse":"orchard"},"geometry":{"type":"Polygon","coordinates":[[[11.1561,46.5829],[11.1548,46.5839],[11.1539,46.5829],[11.1561,46.5829]]]}},{"type":"Feature","properties":{"landuse":"orchard"},"geometry":{"type":"Polygon","coordinates":[[[11.1508,46.583],[11.153,46.582],[11.1538,46.583],[11.1508,46.583]]]}},{"type":"Feature","properties":{"landuse":"orchard"},"geometry":{"type":"Polygon","coordinates":[[[11.1546,46.585],[11.154,46.5863],[11.1513,46.5833],[11.1546,46.585]]]}},{"type":"Feature","properties":{"landuse":"farmland"},"geometry":{"type":"Polygon","coordinates":[[[11.1579,46.6098],[11.159,46.6088],[11.1615,46.6101],[11.1579,46.6098]]]}},{"type":"Feature","properties":{"landuse":"orchard"},"geometry":{"type":"Polygon","coordinates":[[[11.1542,46.6062],[11.1573,46.6064],[11.1554,46.6078],[11.1542,46.6062]]]}},{"type":"Feature","properties":{"landuse":"orchard"},"geometry":{"type":"Polygon","coordinates":[[[11.1585,46.6052],[11.1551,46.6051],[11.1587,46.6034],[11.1585,46.6052]]]}},{"type":"Feature","properties":{"landuse":"orchard"},"geometry":{"type":"Polygon","coordinates":[[[11.1608,46.599],[11.1616,46.6016],[11.1557,46.6046],[11.1608,46.599]]]}},{"type":"Feature","properties":{"landuse":"orchard"},"geometry":{"type":"Polygon","coordinates":[[[11.1546,46.5979],[11.1564,46.5982],[11.1552,46.5997],[11.1546,46.5979]]]}},{"type":"Feature","properties":{"landuse":"orchard"},"geometry":{"type":"Polygon","coordinates":[[[11.1543,46.5975],[11.1557,46.5953],[11.1566,46.5981],[11.1543,46.5975]]]}},{"type":"Feature","properties":{"landuse":"orchard"},"geometry":{"type":"Polygon","coordinates":[[[11.2857,46.3589],[11.2858,46.3568],[11.2865,46.3588],[11.2857,46.3589]]]}},{"type":"Feature","properties":{"landuse":"vineyard"},"geometry":{"type":"Polygon","coordinates":[[[11.2849,46.361],[11.286,46.3603],[11.2889,46.363],[11.2849,46.361]]]}},{"type":"Feature","properties":{"landuse":"vineyard"},"geometry":{"type":"Polygon","coordinates":[[[11.2871,46.3597],[11.2848,46.3592],[11.2866,46.3588],[11.2871,46.3597]]]}},{"type":"Feature","properties":{"landuse":"vineyard"},"geometry":{"type":"Polygon","coordinates":[[[11.2873,46.3613],[11.2858,46.36],[11.2873,46.3597],[11.2873,46.3613]]]}},{"type":"Feature","properties":{"landuse":"orchard"},"geometry":{"type":"Polygon","coordinates":[[[11.1398,46.6788],[11.1413,46.6775],[11.1413,46.6785],[11.1398,46.6788]]]}},{"type":"Feature","properties":{"landuse":"orchard"},"geometry":{"type":"Polygon","coordinates":[[[11.1377,46.6718],[11.1374,46.6711],[11.1395,46.6709],[11.1377,46.6718]]]}},{"type":"Feature","properties":{"landuse":"orchard"},"geometry":{"type":"Polygon","coordinates":[[[11.1398,46.6699],[11.1395,46.6681],[11.1411,46.6692],[11.1398,46.6699]]]}},{"type":"Feature","properties":{"landuse":"orchard"},"geometry":{"type":"Polygon","coordinates":[[[11.1313,46.6752],[11.1341,46.6731],[11.1333,46.6746],[11.1313,46.6752]]]}},{"type":"Feature","properties":{"landuse":"orchard"},"geometry":{"type":"Polygon","coordinates":[[[11.1381,46.6728],[11.1388,46.6714],[11.1393,46.6725],[11.1381,46.6728]]]}},{"type":"Feature","properties":{"landuse":"orchard"},"geometry":{"type":"Polygon","coordinates":[[[11.1339,46.6745],[11.1341,46.6735],[11.1361,46.6738],[11.1339,46.6745]]]}},{"type":"Feature","properties":{"landuse":"orchard"},"geometry":{"type":"Polygon","coordinates":[[[11.1428,46.6703],[11.1432,46.6717],[11.1416,46.6715],[11.1428,46.6703]]]}},{"type":"Feature","properties":{"landuse":"orchard"},"geometry":{"type":"Polygon","coordinates":[[[11.143,46.6723],[11.1444,46.6702],[11.1462,46.6703],[11.143,46.6723]]]}},{"type":"Feature","properties":{"landuse":"orchard"},"geometry":{"type":"Polygon","coordinates":[[[11.1427,46.6697],[11.1448,46.6688],[11.1443,46.6702],[11.1427,46.6697]]]}},{"type":"Feature","properties":{"landuse":"orchard"},"geometry":{"type":"Polygon","coordinates":[[[11.1447,46.6728],[11.1431,46.6724],[11.144,46.6719],[11.1447,46.6728]]]}},{"type":"Feature","properties":{"landuse":"orchard"},"geometry":{"type":"Polygon","coordinates":[[[11.3297,46.4467],[11.3276,46.4471],[11.3292,46.4458],[11.3297,46.4467]]]}},{"type":"Feature","properties":{"landuse":"green_public_spaces"},"geometry":{"type":"Polygon","coordinates":[[[11.1789,46.6671],[11.1777,46.6649],[11.18,46.6655],[11.1789,46.6671]]]}},{"type":"Feature","properties":{"landuse":"orchard"},"geometry":{"type":"Polygon","coordinates":[[[11.149,46.5965],[11.1529,46.5952],[11.1494,46.597],[11.149,46.5965]]]}},{"type":"Feature","properties":{"landuse":"orchard"},"geometry":{"type":"Polygon","coordinates":[[[11.1451,46.5855],[11.1419,46.5873],[11.1436,46.5831],[11.1451,46.5855]]]}},{"type":"Feature","properties":{"landuse":"orchard"},"geometry":{"type":"Polygon","coordinates":[[[11.1493,46.5885],[11.1457,46.5849],[11.1473,46.5839],[11.1493,46.5885]]]}},{"type":"Feature","properties":{"landuse":"orchard"},"geometry":{"type":"Polygon","coordinates":[[[11.1535,46.5916],[11.1516,46.5885],[11.1545,46.5906],[11.1535,46.5916]]]}},{"type":"Feature","properties":{"landuse":"orchard"},"geometry":{"type":"Polygon","coordinates":[[[11.1538,46.593],[11.1525,46.5908],[11.1546,46.5909],[11.1538,46.593]]]}},{"type":"Feature","properties":{"landuse":"orchard"},"geometry":{"type":"Polygon","coordinates":[[[11.1559,46.593],[11.1553,46.5945],[11.1541,46.5943],[11.1559,46.593]]]}},{"type":"Feature","properties":{"landuse":"orchard"},"geometry":{"type":"Polygon","coordinates":[[[10.5918,46.6133],[10.5894,46.6133],[10.5935,46.6127],[10.5918,46.6133]]]}},{"type":"Feature","properties":{"landuse":"farmland"},"geometry":{"type":"Polygon","coordinates":[[[11.4598,46.9013],[11.4583,46.9012],[11.4596,46.8998],[11.4598,46.9013]]]}},{"type":"Feature","properties":{"landuse":"farmland"},"geometry":{"type":"Polygon","coordinates":[[[11.4475,46.8916],[11.4494,46.8897],[11.4504,46.8908],[11.4475,46.8916]]]}},{"type":"Feature","properties":{"landuse":"orchard"},"geometry":{"type":"Polygon","coordinates":[[[11.4568,46.9036],[11.4548,46.9028],[11.4573,46.9032],[11.4568,46.9036]]]}},{"type":"Feature","properties":{"landuse":"orchard"},"geometry":{"type":"Polygon","coordinates":[[[11.3028,46.4902],[11.3011,46.4897],[11.3031,46.489],[11.3028,46.4902]]]}},{"type":"Feature","properties":{"landuse":"orchard"},"geometry":{"type":"Polygon","coordinates":[[[11.3034,46.4909],[11.3046,46.49],[11.3046,46.4913],[11.3034,46.4909]]]}},{"type":"Feature","properties":{"landuse":"farmland"},"geometry":{"type":"Polygon","coordinates":[[[11.5489,46.643],[11.5477,46.641],[11.5507,46.6433],[11.5489,46.643]]]}},{"type":"Feature","properties":{"landuse":"farmland"},"geometry":{"type":"Polygon","coordinates":[[[11.5311,46.6339],[11.5332,46.633],[11.5333,46.6343],[11.5311,46.6339]]]}},{"type":"Feature","properties":{"landuse":"orchard"},"geometry":{"type":"Polygon","coordinates":[[[11.3391,46.4358],[11.3419,46.436],[11.341,46.437],[11.3391,46.4358]]]}},{"type":"Feature","properties":{"landuse":"orchard"},"geometry":{"type":"Polygon","coordinates":[[[11.3397,46.4348],[11.339,46.4357],[11.3375,46.4346],[11.3397,46.4348]]]}},{"type":"Feature","properties":{"landuse":"orchard"},"geometry":{"type":"Polygon","coordinates":[[[11.3377,46.4337],[11.3369,46.4349],[11.3361,46.4336],[11.3377,46.4337]]]}},{"type":"Feature","properties":{"landuse":"orchard"},"geometry":{"type":"Polygon","coordinates":[[[11.3435,46.4346],[11.3464,46.4343],[11.3452,46.4354],[11.3435,46.4346]]]}},{"type":"Feature","properties":{"landuse":"orchard"},"geometry":{"type":"Polygon","coordinates":[[[11.3423,46.4342],[11.3422,46.436],[11.3411,46.4354],[11.3423,46.4342]]]}},{"type":"Feature","properties":{"landuse":"orchard"},"geometry":{"type":"Polygon","coordinates":[[[11.3424,46.4334],[11.3439,46.4338],[11.3435,46.4346],[11.3424,46.4334]]]}},{"type":"Feature","properties":{"landuse":"orchard"},"geometry":{"type":"Polygon","coordinates":[[[11.3447,46.4324],[11.3432,46.4322],[11.3455,46.4318],[11.3447,46.4324]]]}},{"type":"Feature","properties":{"landuse":"orchard"},"geometry":{"type":"Polygon","coordinates":[[[11.3403,46.4319],[11.3429,46.4324],[11.3425,46.4333],[11.3403,46.4319]]]}},{"type":"Feature","properties":{"landuse":"green_public_spaces"},"geometry":{"type":"Polygon","coordinates":[[[10.5462,46.7097],[10.5553,46.7149],[10.546,46.7145],[10.5428,46.7104],[10.5462,46.7097]]]}},{"type":"Feature","properties":{"landuse":"orchard"},"geometry":{"type":"Polygon","coordinates":[[[11.2235,46.556],[11.2264,46.5561],[11.2251,46.5568],[11.2235,46.556]]]}},{"type":"Feature","properties":{"landuse":"orchard"},"geometry":{"type":"Polygon","coordinates":[[[11.2264,46.5561],[11.2268,46.5569],[11.2243,46.5575],[11.2264,46.5561]]]}},{"type":"Feature","properties":{"landuse":"orchard"},"geometry":{"type":"Polygon","coordinates":[[[11.1539,46.5955],[11.152,46.5948],[11.1528,46.5935],[11.1539,46.5955]]]}}]}