{"type":"FeatureCollection","features":[{"type":"Feature","properties":{"landuse":"green_public_spaces"},"geometry":{"type":"MultiPolygon","coordinates":[[[[16.367,38.5915],[16.3677,38.5873],[16.3581,38.5856],[16.3528,38.5855],[16.3459,38.5923],[16.3407,38.5899],[16.3449,38.5903],[16.3438,38.5885],[16.3398,38.5884],[16.3438,38.5846],[16.3423,38.582],[16.3543,38.5758],[16.3617,38.5674],[16.3723,38.5644],[16.3709,38.5628],[16.3483,38.5652],[16.3355,38.5616],[16.3256,38.5647],[16.3229,38.5729],[16.319,38.5707],[16.3146,38.5592],[16.2932,38.5729],[16.2937,38.5826],[16.3005,38.5858],[16.2816,38.5985],[16.289,38.6044],[16.295,38.6038],[16.3055,38.5949],[16.3176,38.6],[16.2997,38.6036],[16.2873,38.6097],[16.2914,38.6132],[16.2858,38.619],[16.2793,38.6161],[16.2612,38.6202],[16.2577,38.6114],[16.2685,38.6106],[16.267,38.6124],[16.2699,38.6129],[16.2823,38.6063],[16.2673,38.5815],[16.2516,38.5851],[16.2485,38.5813],[16.2496,38.5724],[16.2542,38.572],[16.2601,38.566],[16.2583,38.559],[16.2552,38.5593],[16.2564,38.5546],[16.2636,38.551],[16.2801,38.5529],[16.2942,38.5417],[16.2719,38.5336],[16.2701,38.5202],[16.2587,38.5071],[16.2361,38.5175],[16.2284,38.5177],[16.2323,38.5093],[16.2399,38.5064],[16.2483,38.5074],[16.2423,38.4921],[16.2557,38.4797],[16.2678,38.4808],[16.274,38.4768],[16.2761,38.4697],[16.2877,38.4708],[16.2929,38.4764],[16.2884,38.4777],[16.2888,38.4754],[16.2828,38.4796],[16.2848,38.4866],[16.2821,38.4946],[16.2852,38.5019],[16.2897,38.5011],[16.2949,38.5049],[16.2747,38.5075],[16.2941,38.5127],[16.3012,38.5342],[16.3109,38.5362],[16.3212,38.5191],[16.3294,38.5155],[16.3271,38.5084],[16.3296,38.5042],[16.3355,38.5057],[16.3288,38.4926],[16.3341,38.4898],[16.3424,38.4903],[16.3494,38.4954],[16.3588,38.4945],[16.3697,38.4881],[16.3724,38.4909],[16.3853,38.4828],[16.3916,38.4845],[16.3876,38.4908],[16.3967,38.4975],[16.4038,38.4935],[16.4109,38.4978],[16.4278,38.4981],[16.4273,38.5017],[16.462,38.4932],[16.4589,38.5052],[16.4518,38.5073],[16.4478,38.5126],[16.4514,38.5195],[16.4411,38.5382],[16.4151,38.5583],[16.4167,38.5657],[16.4304,38.5594],[16.4411,38.5684],[16.4386,38.5712],[16.444,38.5734],[16.4372,38.575],[16.4291,38.5833],[16.4193,38.5855],[16.4187,38.5902],[16.4357,38.5989],[16.4361,38.6031],[16.4289,38.6137],[16.4331,38.6184],[16.4307,38.6225],[16.4178,38.6275],[16.4294,38.6318],[16.4314,38.6404],[16.4375,38.645],[16.4502,38.6479],[16.441,38.6498],[16.4426,38.6529],[16.4305,38.6516],[16.432,38.6468],[16.4285,38.6496],[16.4253,38.6342],[16.4115,38.6298],[16.398,38.6351],[16.3971,38.6262],[16.3794,38.6235],[16.3735,38.61],[16.3778,38.6068],[16.3751,38.6052],[16.378,38.6004],[16.367,38.5915]]],[[[16.2219,38.7264],[16.2248,38.7254],[16.2354,38.7349],[16.2467,38.7338],[16.2574,38.7277],[16.2598,38.7316],[16.2566,38.7347],[16.2616,38.7412],[16.2452,38.7571],[16.2434,38.7626],[16.2288,38.7591],[16.2164,38.7713],[16.2142,38.767],[16.2259,38.7558],[16.2254,38.7501],[16.2312,38.7466],[16.2302,38.7359],[16.2219,38.7264]]]]}},{"type":"Feature","properties":{"landuse":"orchard"},"geometry":{"type":"Polygon","coordinates":[[[16.3612,38.9577],[16.3556,38.9513],[16.3564,38.9457],[16.3612,38.9577]],[[16.3584,38.9517],[16.3583,38.9522],[16.359,38.9518],[16.3584,38.9517]]]}},{"type":"Feature","properties":{"landuse":"green_public_spaces"},"geometry":{"type":"MultiPolygon","coordinates":[[[[16.357,38.963],[16.3582,38.9634],[16.3567,38.9638],[16.357,38.963]]],[[[16.357,38.9629],[16.3559,38.9614],[16.3568,38.9607],[16.357,38.9629]]]]}},{"type":"Feature","properties":{"landuse":"farmland"},"geometry":{"type":"Polygon","coordinates":[[[15.9531,38.3904],[15.9619,38.3997],[15.9597,38.4052],[15.9568,38.4067],[15.9568,38.4028],[15.9514,38.4096],[15.9469,38.4102],[15.9467,38.3919],[15.9494,38.3877],[15.9531,38.3904]],[[15.9543,38.4019],[15.956,38.401],[15.9527,38.4024],[15.9543,38.4019]]]}},{"type":"Feature","properties":{"landuse":"vineyard"},"geometry":{"type":"MultiPolygon","coordinates":[[[[16.399,39.4982],[16.3995,39.4995],[16.3969,39.4987],[16.399,39.4982]]],[[[16.3975,39.498],[16.3974,39.4983],[16.3949,39.4974],[16.3975,39.498]]]]}},{"type":"Feature","properties":{"landuse":"farmland"},"geometry":{"type":"Polygon","coordinates":[[[15.8418,38.6178],[15.8414,38.6139],[15.8431,38.6164],[15.8418,38.6178]]]}},{"type":"Feature","properties":{"landuse":"farmland"},"geometry":{"type":"Polygon","coordinates":[[[15.8631,38.6361],[15.8572,38.6367],[15.8563,38.6307],[15.8622,38.6297],[15.8625,38.6263],[15.8709,38.6292],[15.8631,38.6361]],[[15.8622,38.6306],[15.8608,38.6309],[15.8611,38.6314],[15.8622,38.6306]],[[15.8635,38.6304],[15.8615,38.6319],[15.8626,38.6318],[15.8635,38.6304]],[[15.8613,38.6354],[15.8627,38.6359],[15.8618,38.6349],[15.8613,38.6354]],[[15.8662,38.6327],[15.8652,38.6312],[15.8627,38.6326],[15.8662,38.6327]]]}},{"type":"Feature","properties":{"landuse":"farmland"},"geometry":{"type":"Polygon","coordinates":[[[15.8433,38.6289],[15.8408,38.623],[15.8459,38.6234],[15.852,38.6179],[15.856,38.6175],[15.8501,38.6202],[15.8515,38.6224],[15.857,38.6193],[15.8635,38.622],[15.8554,38.6323],[15.8433,38.6289]],[[15.85,38.6212],[15.8488,38.6236],[15.8506,38.6228],[15.85,38.6212]],[[15.8518,38.6255],[15.8541,38.6248],[15.8513,38.6241],[15.8518,38.6255]],[[15.8503,38.6272],[15.8508,38.6278],[15.8515,38.6277],[15.8503,38.6272]],[[15.847,38.6266],[15.8444,38.6233],[15.8469,38.6288],[15.8446,38.6294],[15.848,38.6306],[15.847,38.6266]],[[15.8536,38.6296],[15.8559,38.6292],[15.8519,38.6273],[15.85,38.6299],[15.8536,38.6296]]]}},{"type":"Feature","properties":{"landuse":"farmland"},"geometry":{"type":"Polygon","coordinates":[[[15.85,38.6177],[15.8528,38.6173],[15.8455,38.6186],[15.85,38.6177]]]}},{"type":"Feature","properties":{"landuse":"farmland"},"geometry":{"type":"Polygon","coordinates":[[[15.8491,38.6346],[15.8506,38.636],[15.8478,38.6369],[15.8491,38.6346]]]}},{"type":"Feature","properties":{"landuse":"farmland"},"geometry":{"type":"Polygon","coordinates":[[[15.8576,38.6059],[15.8606,38.6125],[15.8561,38.6125],[15.8512,38.6067],[15.8576,38.6059]]]}},{"type":"Feature","properties":{"landuse":"farmland"},"geometry":{"type":"Polygon","coordinates":[[[15.8847,38.6156],[15.8861,38.6172],[15.8793,38.6178],[15.8688,38.6133],[15.8847,38.6156]]]}},{"type":"Feature","properties":{"landuse":"farmland"},"geometry":{"type":"Polygon","coordinates":[[[15.8696,38.6179],[15.8832,38.6219],[15.8816,38.6199],[15.8851,38.6239],[15.8645,38.6229],[15.8601,38.6163],[15.863,38.6139],[15.8636,38.617],[15.8641,38.6126],[15.8696,38.6179]],[[15.8671,38.6187],[15.8678,38.6195],[15.8681,38.6186],[15.8671,38.6187]],[[15.8646,38.6209],[15.8669,38.6205],[15.8646,38.6202],[15.8646,38.6209]]]}},{"type":"Feature","properties":{"landuse":"farmland"},"geometry":{"type":"Polygon","coordinates":[[[15.8694,38.6255],[15.8777,38.6251],[15.8728,38.6297],[15.8694,38.6255]],[[15.8698,38.6263],[15.8711,38.6272],[15.8744,38.6261],[15.8698,38.6263]]]}},{"type":"Feature","properties":{"landuse":"orchard"},"geometry":{"type":"Polygon","coordinates":[[[15.8534,38.6293],[15.8556,38.6277],[15.8557,38.6289],[15.8534,38.6293]]]}},{"type":"Feature","properties":{"landuse":"farmland"},"geometry":{"type":"Polygon","coordinates":[[[15.8483,38.6423],[15.8457,38.64],[15.8473,38.6381],[15.861,38.6381],[15.8593,38.6414],[15.8483,38.6423]],[[15.8524,38.6388],[15.8522,38.6394],[15.8525,38.6391],[15.8524,38.6388]]]}},{"type":"Feature","properties":{"landuse":"farmland"},"geometry":{"type":"Polygon","coordinates":[[[15.853,38.6131],[15.8557,38.6137],[15.8549,38.6148],[15.853,38.6131]]]}},{"type":"Feature","properties":{"landuse":"orchard"},"geometry":{"type":"Polygon","coordinates":[[[15.8667,38.6404],[15.867,38.6431],[15.8651,38.6412],[15.8667,38.6404]]]}},{"type":"Feature","properties":{"landuse":"orchard"},"geometry":{"type":"Polygon","coordinates":[[[15.8635,38.6494],[15.8625,38.6478],[15.8648,38.6486],[15.8635,38.6494]]]}},{"type":"Feature","properties":{"landuse":"farmland"},"geometry":{"type":"Polygon","coordinates":[[[15.8745,38.6421],[15.8625,38.6478],[15.8667,38.6404],[15.8745,38.6421]]]}},{"type":"Feature","properties":{"landuse":"farmland"},"geometry":{"type":"Polygon","coordinates":[[[15.8412,38.6266],[15.8463,38.6338],[15.8441,38.6382],[15.8377,38.6228],[15.8412,38.6266]],[[15.8435,38.6318],[15.8417,38.6323],[15.8435,38.6326],[15.8435,38.6318]]]}},{"type":"Feature","properties":{"landuse":"orchard"},"geometry":{"type":"Polygon","coordinates":[[[16.0158,38.6111],[16.0144,38.613],[16.0122,38.6111],[16.0158,38.6111]]]}},{"type":"Feature","properties":{"landuse":"orchard"},"geometry":{"type":"Polygon","coordinates":[[[15.9265,38.625],[15.9257,38.6237],[15.9274,38.6234],[15.9265,38.625]]]}},{"type":"Feature","properties":{"landuse":"orchard"},"geometry":{"type":"Polygon","coordinates":[[[15.9241,38.6264],[15.9224,38.627],[15.9244,38.6248],[15.9241,38.6264]]]}},{"type":"Feature","properties":{"landuse":"farmland"},"geometry":{"type":"Polygon","coordinates":[[[15.9241,38.6264],[15.9262,38.6251],[15.9213,38.6286],[15.9105,38.6278],[15.9241,38.6264]]]}},{"type":"Feature","properties":{"landuse":"farmland"},"geometry":{"type":"Polygon","coordinates":[[[15.9235,38.6293],[15.9214,38.6297],[15.9265,38.6268],[15.9235,38.6293]]]}},{"type":"Feature","properties":{"landuse":"orchard"},"geometry":{"type":"Polygon","coordinates":[[[16.1028,38.6203],[16.1097,38.6173],[16.1051,38.617],[16.1075,38.6135],[16.0992,38.6117],[16.0939,38.6143],[16.1013,38.6113],[16.0935,38.6074],[16.0959,38.6061],[16.0923,38.5998],[16.0989,38.599],[16.1041,38.609],[16.1069,38.6081],[16.1102,38.6124],[16.1155,38.6097],[16.1132,38.6125],[16.1228,38.6142],[16.1237,38.6074],[16.1287,38.6072],[16.1309,38.6134],[16.1349,38.6071],[16.1404,38.6137],[16.1353,38.6165],[16.1389,38.6169],[16.1315,38.6202],[16.1278,38.6163],[16.1253,38.6199],[16.1394,38.6213],[16.153,38.6177],[16.1581,38.6237],[16.1558,38.6237],[16.1551,38.6317],[16.1487,38.635],[16.144,38.6334],[16.1428,38.6366],[16.1377,38.6351],[16.1413,38.634],[16.14,38.6323],[16.1345,38.6345],[16.1384,38.6311],[16.1355,38.6304],[16.1243,38.6304],[16.1248,38.6331],[16.1199,38.6343],[16.1133,38.6314],[16.1147,38.6277],[16.1073,38.6279],[16.1038,38.6258],[16.1059,38.6238],[16.1022,38.6257],[16.1037,38.6219],[16.1091,38.6212],[16.1028,38.6203]],[[16.1347,38.6121],[16.1354,38.6125],[16.1357,38.6119],[16.1347,38.6121]],[[16.1326,38.617],[16.1335,38.616],[16.1309,38.618],[16.1326,38.617]],[[16.1192,38.6249],[16.1192,38.6239],[16.1188,38.6239],[16.1192,38.6249]],[[16.1338,38.6289],[16.1336,38.63],[16.1339,38.63],[16.1338,38.6289]],[[16.1331,38.6282],[16.1336,38.6281],[16.1333,38.6277],[16.1331,38.6282]],[[16.1337,38.6268],[16.1343,38.627],[16.1345,38.6266],[16.1337,38.6268]],[[16.1233,38.631],[16.1187,38.6308],[16.1224,38.6337],[16.1233,38.631]],[[16.1223,38.6289],[16.1245,38.6295],[16.123,38.628],[16.1223,38.6289]],[[16.1186,38.6256],[16.1203,38.626],[16.1185,38.6254],[16.1186,38.6256]],[[16.1156,38.63],[16.1153,38.6307],[16.1176,38.632],[16.1156,38.63]],[[16.1117,38.6229],[16.1135,38.6224],[16.1131,38.6218],[16.1117,38.6229]],[[16.1122,38.6194],[16.1104,38.6177],[16.1104,38.6192],[16.1122,38.6194]],[[16.1048,38.6229],[16.1065,38.6229],[16.1065,38.6224],[16.1048,38.6229]],[[16.0994,38.6067],[16.097,38.6065],[16.0987,38.6082],[16.1003,38.6063],[16.0971,38.6056],[16.0994,38.6067]],[[16.1037,38.6136],[16.1047,38.6126],[16.1035,38.6126],[16.1037,38.6136]],[[16.1131,38.6115],[16.1145,38.6116],[16.1133,38.6112],[16.1131,38.6115]],[[16.1168,38.6172],[16.1178,38.6163],[16.1171,38.6161],[16.1168,38.6172]],[[16.1142,38.6156],[16.1149,38.6159],[16.1154,38.6152],[16.1142,38.6156]],[[16.1118,38.6169],[16.1125,38.6152],[16.1113,38.6149],[16.1118,38.6169]],[[16.1204,38.6224],[16.1191,38.6206],[16.1192,38.6213],[16.1204,38.6224]],[[16.1194,38.623],[16.1181,38.6213],[16.1175,38.6228],[16.1194,38.623]],[[16.1216,38.6219],[16.1207,38.6214],[16.1212,38.6222],[16.1216,38.6219]],[[16.122,38.6232],[16.1213,38.6226],[16.1212,38.6231],[16.122,38.6232]],[[16.123,38.6227],[16.1231,38.6216],[16.1225,38.6218],[16.123,38.6227]],[[16.1476,38.6239],[16.1429,38.6262],[16.1446,38.6271],[16.1476,38.6239]],[[16.1362,38.6279],[16.1379,38.628],[16.137,38.6272],[16.1362,38.6279]],[[16.1381,38.6231],[16.1407,38.6238],[16.1406,38.6232],[16.1381,38.6231]],[[16.1253,38.6214],[16.1251,38.625],[16.1279,38.624],[16.1253,38.6214]],[[16.132,38.6234],[16.1285,38.6235],[16.1296,38.6253],[16.132,38.6234]],[[16.1329,38.6235],[16.1331,38.6221],[16.1325,38.6233],[16.1329,38.6235]],[[16.1334,38.6237],[16.1327,38.6264],[16.1342,38.624],[16.1334,38.6237]],[[16.1366,38.6246],[16.1345,38.6278],[16.1355,38.6281],[16.1366,38.6246]],[[16.14,38.6262],[16.141,38.6264],[16.142,38.6255],[16.1404,38.6254],[16.14,38.6262]],[[16.1253,38.608],[16.1256,38.6109],[16.126,38.6109],[16.1253,38.608]],[[16.1267,38.6097],[16.1272,38.6092],[16.1266,38.6087],[16.1267,38.6097]],[[16.1285,38.6087],[16.1277,38.6095],[16.1298,38.6103],[16.1285,38.6087]],[[16.1296,38.6112],[16.1279,38.6108],[16.1284,38.6123],[16.1296,38.6112]],[[16.1285,38.6142],[16.1294,38.6139],[16.1285,38.6138],[16.1285,38.6142]],[[16.1277,38.6142],[16.1284,38.6138],[16.1278,38.6136],[16.1277,38.6142]],[[16.1262,38.614],[16.1276,38.6143],[16.1263,38.6133],[16.1262,38.614]],[[16.1319,38.613],[16.1355,38.6138],[16.134,38.6122],[16.1319,38.613]]]}},{"type":"Feature","properties":{"landuse":"orchard"},"geometry":{"type":"Polygon","coordinates":[[[16.1269,38.6321],[16.1296,38.632],[16.1251,38.6331],[16.1269,38.6321]]]}},{"type":"Feature","properties":{"landuse":"farmland"},"geometry":{"type":"Polygon","coordinates":[[[15.9187,38.6155],[15.9194,38.6126],[15.9207,38.6153],[15.9187,38.6155]]]}},{"type":"Feature","properties":{"landuse":"farmland"},"geometry":{"type":"Polygon","coordinates":[[[15.9176,38.6171],[15.9165,38.6181],[15.9172,38.6154],[15.9176,38.6171]]]}},{"type":"Feature","properties":{"landuse":"orchard"},"geometry":{"type":"Polygon","coordinates":[[[15.9117,38.6114],[15.9116,38.6126],[15.9109,38.6125],[15.9117,38.6114]]]}},{"type":"Feature","properties":{"landuse":"farmland"},"geometry":{"type":"Polygon","coordinates":[[[15.9008,38.6142],[15.8993,38.6127],[15.9018,38.6131],[15.9008,38.6142]]]}},{"type":"Feature","properties":{"landuse":"orchard"},"geometry":{"type":"Polygon","coordinates":[[[15.9069,38.6138],[15.9082,38.6188],[15.9043,38.6158],[15.9069,38.6138]],[[15.9063,38.6146],[15.9052,38.6144],[15.9051,38.6145],[15.9063,38.6146]]]}},{"type":"Feature","properties":{"landuse":"farmland"},"geometry":{"type":"Polygon","coordinates":[[[15.9035,38.6134],[15.9049,38.6138],[15.9021,38.6134],[15.9035,38.6134]]]}},{"type":"Feature","properties":{"landuse":"orchard"},"geometry":{"type":"Polygon","coordinates":[[[15.9082,38.6108],[15.9095,38.6155],[15.907,38.6122],[15.9082,38.6108]]]}},{"type":"Feature","properties":{"landuse":"farmland"},"geometry":{"type":"Polygon","coordinates":[[[15.905,38.6192],[15.9031,38.6205],[15.9033,38.6155],[15.905,38.6192]]]}},{"type":"Feature","properties":{"landuse":"farmland"},"geometry":{"type":"Polygon","coordinates":[[[15.8948,38.6075],[15.8939,38.6092],[15.8916,38.6082],[15.8948,38.6075]]]}},{"type":"Feature","properties":{"landuse":"farmland"},"geometry":{"type":"Polygon","coordinates":[[[15.8984,38.6101],[15.8997,38.6108],[15.8975,38.6107],[15.8984,38.6101]]]}},{"type":"Feature","properties":{"landuse":"farmland"},"geometry":{"type":"Polygon","coordinates":[[[15.8971,38.6098],[15.8964,38.6108],[15.8943,38.6094],[15.8971,38.6098]]]}},{"type":"Feature","properties":{"landuse":"farmland"},"geometry":{"type":"Polygon","coordinates":[[[15.8974,38.6089],[15.8959,38.6088],[15.8957,38.6076],[15.8974,38.6089]]]}},{"type":"Feature","properties":{"landuse":"orchard"},"geometry":{"type":"Polygon","coordinates":[[[15.9353,38.5946],[15.9356,38.5959],[15.9345,38.596],[15.9353,38.5946]]]}},{"type":"Feature","properties":{"landuse":"farmland"},"geometry":{"type":"Polygon","coordinates":[[[15.9353,38.5946],[15.9385,38.5916],[15.9387,38.594],[15.9416,38.5931],[15.9353,38.5946]]]}},{"type":"Feature","properties":{"landuse":"farmland"},"geometry":{"type":"Polygon","coordinates":[[[15.9252,38.6191],[15.9162,38.6213],[15.9252,38.6155],[15.9252,38.6191]]]}},{"type":"Feature","properties":{"landuse":"farmland"},"geometry":{"type":"Polygon","coordinates":[[[15.9108,38.6206],[15.9158,38.62],[15.913,38.6211],[15.9108,38.6206]]]}},{"type":"Feature","properties":{"landuse":"orchard"},"geometry":{"type":"Polygon","coordinates":[[[15.9033,38.6216],[15.9041,38.62],[15.905,38.6217],[15.9033,38.6216]]]}},{"type":"Feature","properties":{"landuse":"farmland"},"geometry":{"type":"Polygon","coordinates":[[[15.9422,38.6013],[15.9404,38.5999],[15.9423,38.6001],[15.9422,38.6013]]]}},{"type":"Feature","properties":{"landuse":"orchard"},"geometry":{"type":"Polygon","coordinates":[[[15.9556,38.5913],[15.9582,38.591],[15.9584,38.593],[15.9556,38.5913]]]}},{"type":"Feature","properties":{"landuse":"orchard"},"geometry":{"type":"Polygon","coordinates":[[[15.9556,38.5913],[15.9546,38.5934],[15.9546,38.589],[15.9556,38.5913]]]}},{"type":"Feature","properties":{"landuse":"farmland"},"geometry":{"type":"Polygon","coordinates":[[[15.9501,38.5868],[15.9505,38.5847],[15.9533,38.5858],[15.9501,38.5868]],[[15.9509,38.5869],[15.9527,38.5867],[15.9521,38.5865],[15.9509,38.5869]],[[15.952,38.5864],[15.952,38.5865],[15.9521,38.5864],[15.952,38.5864]],[[15.9519,38.5861],[15.9526,38.5859],[15.9518,38.5858],[15.9519,38.5861]],[[15.9516,38.5855],[15.9516,38.5853],[15.9515,38.5858],[15.9516,38.5855]],[[15.9518,38.5854],[15.9518,38.5855],[15.9519,38.5855],[15.9518,38.5854]],[[15.9521,38.5853],[15.9521,38.5854],[15.9522,38.5854],[15.9521,38.5853]]]}},{"type":"Feature","properties":{"landuse":"farmland"},"geometry":{"type":"Polygon","coordinates":[[[15.8648,38.6407],[15.8655,38.6418],[15.8629,38.6418],[15.8648,38.6407]]]}},{"type":"Feature","properties":{"landuse":"farmland"},"geometry":{"type":"Polygon","coordinates":[[[15.8951,38.6257],[15.8941,38.6241],[15.9024,38.6207],[15.8951,38.6257]]]}},{"type":"Feature","properties":{"landuse":"orchard"},"geometry":{"type":"Polygon","coordinates":[[[15.891,38.6277],[15.8874,38.6274],[15.8911,38.6267],[15.891,38.6277]]]}},{"type":"Feature","properties":{"landuse":"orchard"},"geometry":{"type":"Polygon","coordinates":[[[15.9061,38.6369],[15.9044,38.6361],[15.906,38.6357],[15.9061,38.6369]]]}},{"type":"Feature","properties":{"landuse":"farmland"},"geometry":{"type":"Polygon","coordinates":[[[15.9044,38.6361],[15.9027,38.6361],[15.9066,38.6359],[15.9044,38.6361]]]}},{"type":"Feature","properties":{"landuse":"farmland"},"geometry":{"type":"Polygon","coordinates":[[[15.8572,38.6158],[15.8547,38.6152],[15.8582,38.6128],[15.8572,38.6158]]]}},{"type":"Feature","properties":{"landuse":"orchard"},"geometry":{"type":"Polygon","coordinates":[[[15.8456,38.6211],[15.8451,38.6201],[15.8467,38.6197],[15.8456,38.6211]]]}},{"type":"Feature","properties":{"landuse":"farmland"},"geometry":{"type":"Polygon","coordinates":[[[15.8462,38.6196],[15.8453,38.6213],[15.8438,38.6193],[15.8462,38.6196]]]}},{"type":"Feature","properties":{"landuse":"orchard"},"geometry":{"type":"Polygon","coordinates":[[[15.8611,38.6264],[15.862,38.6249],[15.8625,38.6263],[15.8611,38.6264]]]}},{"type":"Feature","properties":{"landuse":"orchard"},"geometry":{"type":"Polygon","coordinates":[[[15.8611,38.6262],[15.8602,38.6254],[15.8617,38.6252],[15.8611,38.6262]]]}},{"type":"Feature","properties":{"landuse":"orchard"},"geometry":{"type":"Polygon","coordinates":[[[15.8525,38.6289],[15.8517,38.6277],[15.8532,38.6272],[15.8525,38.6289]]]}},{"type":"Feature","properties":{"landuse":"farmland"},"geometry":{"type":"Polygon","coordinates":[[[15.8996,38.6292],[15.9021,38.6289],[15.9019,38.6316],[15.8938,38.6311],[15.8996,38.6292]]]}},{"type":"Feature","properties":{"landuse":"orchard"},"geometry":{"type":"Polygon","coordinates":[[[16.113,38.6369],[16.1122,38.6391],[16.1186,38.6424],[16.1215,38.6385],[16.1201,38.6479],[16.1096,38.6436],[16.111,38.637],[16.1077,38.6413],[16.1035,38.6391],[16.1107,38.6347],[16.1058,38.6353],[16.1051,38.632],[16.1127,38.6324],[16.1106,38.6327],[16.1139,38.6332],[16.113,38.6369]],[[16.1129,38.6421],[16.1138,38.6419],[16.1132,38.6415],[16.1129,38.6421]]]}},{"type":"Feature","properties":{"landuse":"orchard"},"geometry":{"type":"Polygon","coordinates":[[[15.8759,38.6242],[15.8758,38.6224],[15.8775,38.6248],[15.8759,38.6242]]]}},{"type":"Feature","properties":{"landuse":"orchard"},"geometry":{"type":"Polygon","coordinates":[[[15.8853,38.6291],[15.8836,38.6295],[15.8849,38.6278],[15.8853,38.6291]]]}},{"type":"Feature","properties":{"landuse":"orchard"},"geometry":{"type":"Polygon","coordinates":[[[15.8573,38.6413],[15.8548,38.6411],[15.8564,38.6389],[15.8573,38.6413]]]}},{"type":"Feature","properties":{"landuse":"farmland"},"geometry":{"type":"Polygon","coordinates":[[[15.8548,38.6409],[15.8529,38.6416],[15.8537,38.6402],[15.8548,38.6409]]]}},{"type":"Feature","properties":{"landuse":"orchard"},"geometry":{"type":"Polygon","coordinates":[[[15.871,38.6184],[15.8696,38.6179],[15.871,38.6177],[15.871,38.6184]]]}},{"type":"Feature","properties":{"landuse":"orchard"},"geometry":{"type":"Polygon","coordinates":[[[15.8848,38.621],[15.8862,38.6227],[15.8831,38.6243],[15.8848,38.621]]]}},{"type":"Feature","properties":{"landuse":"orchard"},"geometry":{"type":"Polygon","coordinates":[[[15.873,38.6188],[15.8744,38.6189],[15.8731,38.62],[15.873,38.6188]]]}},{"type":"Feature","properties":{"landuse":"farmland"},"geometry":{"type":"Polygon","coordinates":[[[15.8447,38.6319],[15.8471,38.6319],[15.8456,38.6328],[15.8447,38.6319]]]}},{"type":"Feature","properties":{"landuse":"orchard"},"geometry":{"type":"Polygon","coordinates":[[[15.8718,38.6137],[15.8733,38.6134],[15.876,38.6144],[15.8718,38.6137]]]}},{"type":"Feature","properties":{"landuse":"farmland"},"geometry":{"type":"Polygon","coordinates":[[[15.8696,38.6061],[15.8596,38.6078],[15.8601,38.6035],[15.867,38.6057],[15.8637,38.6017],[15.8711,38.5966],[15.8736,38.6014],[15.8679,38.6032],[15.8696,38.6061]]]}},{"type":"Feature","properties":{"landuse":"farmland"},"geometry":{"type":"Polygon","coordinates":[[[15.8689,38.6071],[15.8692,38.6064],[15.8719,38.6067],[15.8689,38.6071]]]}},{"type":"Feature","properties":{"landuse":"orchard"},"geometry":{"type":"Polygon","coordinates":[[[15.8706,38.6071],[15.868,38.6091],[15.8658,38.6066],[15.8706,38.6071]]]}},{"type":"Feature","properties":{"landuse":"orchard"},"geometry":{"type":"Polygon","coordinates":[[[15.8473,38.6441],[15.8518,38.6439],[15.848,38.6448],[15.8473,38.6441]]]}},{"type":"Feature","properties":{"landuse":"farmland"},"geometry":{"type":"Polygon","coordinates":[[[15.8416,38.6501],[15.8403,38.6487],[15.8424,38.6483],[15.8416,38.6501]]]}},{"type":"Feature","properties":{"landuse":"farmland"},"geometry":{"type":"Polygon","coordinates":[[[15.8464,38.6543],[15.8439,38.6513],[15.8503,38.6528],[15.8464,38.6543]]]}},{"type":"Feature","properties":{"landuse":"orchard"},"geometry":{"type":"Polygon","coordinates":[[[15.8475,38.6519],[15.8463,38.6538],[15.8451,38.6515],[15.8475,38.6519]]]}},{"type":"Feature","properties":{"landuse":"farmland"},"geometry":{"type":"Polygon","coordinates":[[[15.8496,38.6574],[15.847,38.6547],[15.8504,38.6529],[15.8521,38.6554],[15.8496,38.6574]],[[15.8497,38.6552],[15.8496,38.6556],[15.8499,38.6554],[15.8497,38.6552]],[[15.8505,38.6552],[15.8503,38.6554],[15.8509,38.6556],[15.8505,38.6552]],[[15.85,38.655],[15.8502,38.6551],[15.8506,38.6548],[15.8504,38.6547],[15.85,38.655]]]}},{"type":"Feature","properties":{"landuse":"farmland"},"geometry":{"type":"Polygon","coordinates":[[[15.8389,38.6345],[15.8428,38.6362],[15.8387,38.6376],[15.8389,38.6345]]]}},{"type":"Feature","properties":{"landuse":"orchard"},"geometry":{"type":"Polygon","coordinates":[[[15.8389,38.6345],[15.8379,38.6333],[15.8398,38.6331],[15.8389,38.6345]]]}},{"type":"Feature","properties":{"landuse":"orchard"},"geometry":{"type":"Polygon","coordinates":[[[15.8979,38.5991],[15.8986,38.5943],[15.9009,38.5972],[15.8979,38.5991]]]}},{"type":"Feature","properties":{"landuse":"orchard"},"geometry":{"type":"Polygon","coordinates":[[[15.8911,38.5888],[15.8917,38.5923],[15.8893,38.5901],[15.8911,38.5888]]]}},{"type":"Feature","properties":{"landuse":"orchard"},"geometry":{"type":"Polygon","coordinates":[[[15.962,38.6813],[15.9668,38.6818],[15.9662,38.6839],[15.962,38.6813]]]}},{"type":"Feature","properties":{"landuse":"orchard"},"geometry":{"type":"Polygon","coordinates":[[[15.9654,38.6834],[15.9648,38.6851],[15.9643,38.6839],[15.9654,38.6834]]]}},{"type":"Feature","properties":{"landuse":"orchard"},"geometry":{"type":"Polygon","coordinates":[[[15.9675,38.6866],[15.9652,38.6858],[15.9701,38.686],[15.9675,38.6866]]]}},{"type":"Feature","properties":{"landuse":"orchard"},"geometry":{"type":"Polygon","coordinates":[[[15.9675,38.6939],[15.9656,38.6924],[15.9666,38.6909],[15.9675,38.6939]]]}},{"type":"Feature","properties":{"landuse":"orchard"},"geometry":{"type":"Polygon","coordinates":[[[15.9628,38.6871],[15.9652,38.6863],[15.9641,38.6876],[15.9628,38.6871]]]}},{"type":"Feature","properties":{"landuse":"farmland"},"geometry":{"type":"Polygon","coordinates":[[[16.4447,39.3563],[16.435,39.3535],[16.4271,39.3445],[16.4499,39.3494],[16.4478,39.3475],[16.4503,39.3494],[16.4447,39.3563]],[[16.4425,39.3483],[16.4431,39.3484],[16.4431,39.3481],[16.4425,39.3483]],[[16.4359,39.3528],[16.4372,39.3532],[16.4374,39.353],[16.4359,39.3528]]]}},{"type":"Feature","properties":{"landuse":"farmland"},"geometry":{"type":"Polygon","coordinates":[[[16.467,39.345],[16.4697,39.3452],[16.4672,39.3458],[16.467,39.345]],[[16.4675,39.345],[16.4679,39.3448],[16.4676,39.3446],[16.4675,39.345]]]}},{"type":"Feature","properties":{"landuse":"orchard"},"geometry":{"type":"Polygon","coordinates":[[[16.1363,39.0206],[16.1447,39.0167],[16.1373,39.0179],[16.139,39.0154],[16.1488,39.0142],[16.1493,39.02],[16.1363,39.0206]],[[16.1413,39.0188],[16.1418,39.0187],[16.1409,39.0183],[16.1413,39.0188]]]}},{"type":"Feature","properties":{"landuse":"orchard"},"geometry":{"type":"Polygon","coordinates":[[[16.5362,38.6044],[16.5344,38.6061],[16.5342,38.6041],[16.5362,38.6044]]]}},{"type":"Feature","properties":{"landuse":"orchard"},"geometry":{"type":"Polygon","coordinates":[[[16.5629,38.6086],[16.5604,38.6084],[16.5607,38.6067],[16.5629,38.6086]]]}},{"type":"Feature","properties":{"landuse":"farmland"},"geometry":{"type":"Polygon","coordinates":[[[16.5566,38.6022],[16.5551,38.6003],[16.5578,38.5992],[16.5566,38.6022]]]}},{"type":"Feature","properties":{"landuse":"orchard"},"geometry":{"type":"Polygon","coordinates":[[[16.2266,38.2374],[16.2318,38.2385],[16.2271,38.2405],[16.2266,38.2374]],[[16.2286,38.2386],[16.2292,38.238],[16.2283,38.2384],[16.2286,38.2386]]]}},{"type":"Feature","properties":{"landuse":"orchard"},"geometry":{"type":"Polygon","coordinates":[[[16.2266,38.2374],[16.2318,38.2385],[16.2271,38.2405],[16.2266,38.2374]]]}},{"type":"Feature","properties":{"landuse":"orchard"},"geometry":{"type":"Polygon","coordinates":[[[16.1809,38.2368],[16.1844,38.2375],[16.1833,38.2383],[16.1809,38.2368]]]}},{"type":"Feature","properties":{"landuse":"orchard"},"geometry":{"type":"Polygon","coordinates":[[[16.5296,38.7121],[16.5256,38.7116],[16.5275,38.711],[16.5296,38.7121]]]}},{"type":"Feature","properties":{"landuse":"orchard"},"geometry":{"type":"Polygon","coordinates":[[[16.5255,38.7113],[16.5261,38.7086],[16.5298,38.712],[16.5255,38.7113]]]}},{"type":"Feature","properties":{"landuse":"orchard"},"geometry":{"type":"Polygon","coordinates":[[[16.6696,38.9287],[16.67,38.9272],[16.672,38.9296],[16.6696,38.9287]],[[16.671,38.929],[16.6713,38.9288],[16.6709,38.9288],[16.671,38.929]]]}},{"type":"Feature","properties":{"landuse":"orchard"},"geometry":{"type":"Polygon","coordinates":[[[16.5946,38.9385],[16.5956,38.9356],[16.5997,38.9356],[16.5946,38.9385]],[[16.5965,38.9387],[16.5965,38.9386],[16.5964,38.9386],[16.5965,38.9387]],[[16.597,38.9377],[16.5972,38.9373],[16.5969,38.9375],[16.597,38.9377]],[[16.5965,38.9378],[16.5966,38.9375],[16.5964,38.9375],[16.5965,38.9378]],[[16.5989,38.9354],[16.5992,38.9354],[16.5987,38.935],[16.5989,38.9354]],[[16.5972,38.9364],[16.5974,38.9364],[16.5977,38.9354],[16.5972,38.9364]],[[16.5957,38.936],[16.5962,38.9361],[16.5957,38.9359],[16.5957,38.936]],[[16.596,38.9366],[16.5957,38.9367],[16.5963,38.9367],[16.5965,38.9362],[16.596,38.9366]]]}},{"type":"Feature","properties":{"landuse":"farmland"},"geometry":{"type":"Polygon","coordinates":[[[15.8723,38.6479],[15.8672,38.6465],[15.8718,38.6434],[15.8723,38.6479]],[[15.87,38.6448],[15.8705,38.6447],[15.8702,38.6445],[15.87,38.6448]],[[15.872,38.648],[15.8722,38.6479],[15.8721,38.6479],[15.872,38.648]],[[15.8701,38.6455],[15.8714,38.646],[15.8711,38.6454],[15.8701,38.6455]],[[15.8691,38.6457],[15.87,38.6461],[15.87,38.6455],[15.8691,38.6457]],[[15.8678,38.6464],[15.8691,38.6457],[15.8689,38.6456],[15.8678,38.6464]],[[15.8686,38.6465],[15.8693,38.6466],[15.8692,38.646],[15.8686,38.6465]],[[15.8696,38.6464],[15.8701,38.6462],[15.8695,38.6458],[15.8696,38.6464]],[[15.8716,38.6464],[15.8719,38.6469],[15.8723,38.6467],[15.8716,38.6464]],[[15.8712,38.6454],[15.8715,38.6459],[15.8725,38.6457],[15.8712,38.6454]]]}},{"type":"Feature","properties":{"landuse":"orchard"},"geometry":{"type":"Polygon","coordinates":[[[16.0575,38.7138],[16.0591,38.7137],[16.0565,38.7151],[16.0575,38.7138]],[[16.0572,38.7144],[16.0578,38.7145],[16.0577,38.7142],[16.0572,38.7144]]]}},{"type":"Feature","properties":{"landuse":"farmland"},"geometry":{"type":"Polygon","coordinates":[[[16.8089,38.9261],[16.8115,38.9254],[16.8102,38.9265],[16.8089,38.9261]],[[16.8096,38.9257],[16.8096,38.9257],[16.8097,38.9257],[16.8096,38.9257]]]}},{"type":"Feature","properties":{"landuse":"farmland"},"geometry":{"type":"Polygon","coordinates":[[[16.8408,38.9336],[16.8409,38.9372],[16.84,38.9367],[16.8408,38.9336]],[[16.8413,38.9348],[16.8412,38.9348],[16.8413,38.9348],[16.8413,38.9348]]]}},{"type":"Feature","properties":{"landuse":"orchard"},"geometry":{"type":"Polygon","coordinates":[[[16.8415,38.9338],[16.8419,38.9351],[16.8413,38.9372],[16.8415,38.9338]],[[16.8416,38.9348],[16.8416,38.9348],[16.8415,38.9348],[16.8416,38.9348]]]}},{"type":"Feature","properties":{"landuse":"farmland"},"geometry":{"type":"Polygon","coordinates":[[[16.155,38.7073],[16.1567,38.6993],[16.1599,38.7043],[16.1727,38.7063],[16.1777,38.7103],[16.1716,38.7123],[16.169,38.71],[16.1678,38.7153],[16.1629,38.7096],[16.155,38.7073]],[[16.1713,38.7097],[16.1722,38.7092],[16.1712,38.7093],[16.1713,38.7097]],[[16.1723,38.712],[16.173,38.7119],[16.1723,38.7117],[16.1723,38.712]],[[16.177,38.7103],[16.1773,38.7101],[16.1768,38.7101],[16.177,38.7103]],[[16.1729,38.7092],[16.1735,38.7093],[16.1729,38.7089],[16.1729,38.7092]],[[16.165,38.709],[16.1658,38.7091],[16.1653,38.7084],[16.165,38.709]],[[16.1637,38.7101],[16.1648,38.7089],[16.1643,38.7088],[16.1637,38.7101]],[[16.1592,38.7071],[16.1607,38.7067],[16.1605,38.7064],[16.1592,38.7071]],[[16.1583,38.7069],[16.1589,38.706],[16.1582,38.7061],[16.1583,38.7069]],[[16.1577,38.7073],[16.1583,38.7071],[16.1581,38.707],[16.1577,38.7073]],[[16.1564,38.7071],[16.1558,38.7064],[16.1558,38.7073],[16.1564,38.7071]],[[16.1567,38.7061],[16.1571,38.7061],[16.157,38.7058],[16.1567,38.7061]],[[16.159,38.7057],[16.1592,38.7058],[16.1592,38.7055],[16.159,38.7057]],[[16.1577,38.7007],[16.1579,38.7005],[16.1577,38.7004],[16.1577,38.7007]],[[16.1555,38.7064],[16.1559,38.7055],[16.1554,38.7055],[16.1555,38.7064]],[[16.1559,38.7064],[16.1565,38.7063],[16.1563,38.704],[16.1559,38.7064]],[[16.1611,38.7055],[16.1616,38.706],[16.1623,38.7055],[16.1611,38.7055]]]}},{"type":"Feature","properties":{"landuse":"orchard"},"geometry":{"type":"Polygon","coordinates":[[[16.1586,38.706],[16.1592,38.7039],[16.1616,38.7041],[16.1586,38.706]],[[16.159,38.7057],[16.1592,38.7058],[16.1592,38.7055],[16.159,38.7057]]]}},{"type":"Feature","properties":{"landuse":"farmland"},"geometry":{"type":"Polygon","coordinates":[[[15.9279,38.5981],[15.9206,38.5998],[15.9134,38.6062],[15.903,38.6065],[15.9061,38.6127],[15.9011,38.6114],[15.9046,38.6105],[15.899,38.6066],[15.8986,38.6088],[15.8928,38.605],[15.8874,38.6077],[15.8847,38.6055],[15.8909,38.6019],[15.8895,38.6052],[15.9009,38.6019],[15.8958,38.6004],[15.9028,38.5978],[15.9174,38.6009],[15.9323,38.5936],[15.9279,38.5981]],[[15.9072,38.5992],[15.9072,38.5996],[15.909,38.5996],[15.9072,38.5992]],[[15.9108,38.6045],[15.9116,38.6043],[15.9112,38.6039],[15.9108,38.6045]],[[15.9009,38.6002],[15.9026,38.6013],[15.9025,38.5996],[15.9009,38.6002]],[[15.9056,38.6007],[15.904,38.6008],[15.9065,38.6012],[15.9056,38.6007]],[[15.9141,38.6011],[15.9147,38.6008],[15.9143,38.6005],[15.9141,38.6011]],[[15.9253,38.597],[15.9262,38.5968],[15.9252,38.5961],[15.9253,38.597]],[[15.9319,38.5953],[15.9326,38.595],[15.932,38.5944],[15.9319,38.5953]]]}},{"type":"Feature","properties":{"landuse":"green_public_spaces"},"geometry":{"type":"Polygon","coordinates":[[[16.5826,38.9178],[16.5811,38.9247],[16.5772,38.9226],[16.5785,38.9252],[16.5747,38.927],[16.5742,38.919],[16.5804,38.9226],[16.5789,38.9201],[16.5826,38.9178]],[[16.5794,38.9198],[16.5796,38.9198],[16.5794,38.9197],[16.5794,38.9198]]]}},{"type":"Feature","properties":{"landuse":"farmland"},"geometry":{"type":"Polygon","coordinates":[[[15.9192,38.6033],[15.9221,38.6115],[15.9174,38.6128],[15.9157,38.6104],[15.9143,38.6144],[15.9166,38.6145],[15.913,38.6187],[15.9124,38.6119],[15.9115,38.6139],[15.9078,38.6087],[15.9096,38.6158],[15.9066,38.6071],[15.9129,38.6074],[15.9192,38.6033]],[[15.9212,38.6122],[15.9206,38.6089],[15.9197,38.6081],[15.9212,38.6122]]]}},{"type":"Feature","properties":{"landuse":"farmland"},"geometry":{"type":"Polygon","coordinates":[[[15.9344,38.5993],[15.9386,38.5984],[15.9328,38.597],[15.9435,38.5989],[15.9385,38.5989],[15.9416,38.6033],[15.9344,38.5993]],[[15.9344,38.597],[15.936,38.5972],[15.9352,38.5968],[15.9344,38.597]],[[15.9367,38.6007],[15.9387,38.602],[15.9388,38.6014],[15.9367,38.6007]],[[15.9397,38.6015],[15.9398,38.6011],[15.9397,38.6009],[15.9397,38.6015]],[[15.9394,38.6015],[15.9411,38.6027],[15.9401,38.6032],[15.9411,38.6029],[15.9394,38.6015]],[[15.9404,38.6016],[15.9404,38.601],[15.9403,38.6007],[15.9404,38.6016]]]}},{"type":"Feature","properties":{"landuse":"farmland"},"geometry":{"type":"Polygon","coordinates":[[[15.9225,38.6038],[15.9297,38.6079],[15.929,38.611],[15.9249,38.6109],[15.9193,38.6033],[15.922,38.6013],[15.9293,38.6036],[15.9261,38.606],[15.9225,38.6038]],[[15.9231,38.6035],[15.9237,38.6032],[15.9238,38.603],[15.9231,38.6035]]]}},{"type":"Feature","properties":{"landuse":"green_public_spaces"},"geometry":{"type":"Polygon","coordinates":[[[16.2446,39.3246],[16.2491,39.3244],[16.2503,39.3261],[16.2446,39.3246]]]}},{"type":"Feature","properties":{"landuse":"farmland"},"geometry":{"type":"Polygon","coordinates":[[[16.5345,39.1636],[16.5377,39.1679],[16.5349,39.1643],[16.5369,39.1625],[16.5373,39.1657],[16.5545,39.1673],[16.5574,39.1736],[16.575,39.179],[16.5488,39.1753],[16.5323,39.1644],[16.5243,39.1626],[16.5123,39.1618],[16.5056,39.1649],[16.5006,39.1605],[16.4846,39.1628],[16.4814,39.1599],[16.4824,39.1563],[16.4702,39.158],[16.4682,39.1528],[16.4852,39.1531],[16.4868,39.1505],[16.4961,39.154],[16.5128,39.1543],[16.5136,39.1522],[16.5157,39.1543],[16.5192,39.1521],[16.5242,39.154],[16.5238,39.1566],[16.526,39.1547],[16.525,39.1574],[16.5303,39.1571],[16.5313,39.1614],[16.5243,39.1613],[16.5345,39.1636]]]}},{"type":"Feature","properties":{"landuse":"farmland"},"geometry":{"type":"Polygon","coordinates":[[[15.9533,38.6576],[15.9543,38.6592],[15.9527,38.659],[15.9533,38.6576]]]}},{"type":"Feature","properties":{"landuse":"orchard"},"geometry":{"type":"Polygon","coordinates":[[[15.9543,38.6592],[15.9546,38.6582],[15.9562,38.6585],[15.9543,38.6592]]]}},{"type":"Feature","properties":{"landuse":"orchard"},"geometry":{"type":"Polygon","coordinates":[[[15.9421,38.6629],[15.9443,38.6629],[15.9435,38.6641],[15.9421,38.6629]]]}},{"type":"Feature","properties":{"landuse":"orchard"},"geometry":{"type":"Polygon","coordinates":[[[15.9519,38.6596],[15.9508,38.6609],[15.9512,38.6592],[15.9519,38.6596]]]}},{"type":"Feature","properties":{"landuse":"orchard"},"geometry":{"type":"Polygon","coordinates":[[[15.9512,38.6665],[15.9512,38.665],[15.9502,38.6648],[15.9505,38.663],[15.9517,38.665],[15.9512,38.6665]]]}},{"type":"Feature","properties":{"landuse":"orchard"},"geometry":{"type":"Polygon","coordinates":[[[15.9452,38.6632],[15.9464,38.6642],[15.945,38.6651],[15.9452,38.6632]]]}},{"type":"Feature","properties":{"landuse":"farmland"},"geometry":{"type":"Polygon","coordinates":[[[15.9438,38.664],[15.9369,38.6611],[15.938,38.6589],[15.9433,38.658],[15.9555,38.6473],[15.9574,38.6592],[15.9534,38.6533],[15.9516,38.6683],[15.9438,38.664]],[[15.9478,38.6594],[15.9483,38.6594],[15.9484,38.6584],[15.9478,38.6594]],[[15.9479,38.663],[15.9486,38.6629],[15.9477,38.6627],[15.9479,38.663]]]}},{"type":"Feature","properties":{"landuse":"farmland"},"geometry":{"type":"Polygon","coordinates":[[[16.1564,38.6193],[16.1471,38.6172],[16.1533,38.6146],[16.1493,38.6128],[16.1564,38.6193]]]}},{"type":"Feature","properties":{"landuse":"orchard"},"geometry":{"type":"Polygon","coordinates":[[[16.1497,38.6154],[16.1474,38.614],[16.1502,38.6134],[16.1497,38.6154]]]}},{"type":"Feature","properties":{"landuse":"farmland"},"geometry":{"type":"Polygon","coordinates":[[[16.1218,39.7563],[16.1228,39.7603],[16.1183,39.7608],[16.1177,39.7582],[16.1218,39.7563]]]}},{"type":"Feature","properties":{"landuse":"farmland"},"geometry":{"type":"Polygon","coordinates":[[[16.1252,39.7584],[16.1252,39.7597],[16.1233,39.7593],[16.1252,39.7584]]]}},{"type":"Feature","properties":{"landuse":"orchard"},"geometry":{"type":"Polygon","coordinates":[[[16.1458,39.7678],[16.1432,39.7657],[16.1495,39.7678],[16.1458,39.7678]]]}},{"type":"Feature","properties":{"landuse":"orchard"},"geometry":{"type":"Polygon","coordinates":[[[16.1709,39.783],[16.1722,39.785],[16.1685,39.7839],[16.1709,39.783]]]}},{"type":"Feature","properties":{"landuse":"orchard"},"geometry":{"type":"Polygon","coordinates":[[[16.1709,39.7876],[16.1694,39.7869],[16.1713,39.7863],[16.1709,39.7876]]]}},{"type":"Feature","properties":{"landuse":"orchard"},"geometry":{"type":"Polygon","coordinates":[[[16.168,39.7854],[16.1679,39.7864],[16.1655,39.7859],[16.168,39.7854]]]}},{"type":"Feature","properties":{"landuse":"farmland"},"geometry":{"type":"Polygon","coordinates":[[[15.7957,39.8235],[15.7951,39.8254],[15.7942,39.8236],[15.7957,39.8235]],[[15.7956,39.8239],[15.7956,39.8239],[15.7955,39.8238],[15.7956,39.8239]]]}},{"type":"Feature","properties":{"landuse":"orchard"},"geometry":{"type":"Polygon","coordinates":[[[16.2136,38.6082],[16.2255,38.6023],[16.2289,38.6075],[16.231,38.608],[16.2301,38.6046],[16.2334,38.6093],[16.2376,38.6091],[16.2361,38.6127],[16.2248,38.6163],[16.2287,38.6145],[16.2111,38.6145],[16.2049,38.6172],[16.2011,38.6144],[16.2093,38.6101],[16.2102,38.6126],[16.2133,38.6083],[16.214,38.6108],[16.2136,38.6082]]]}},{"type":"Feature","properties":{"landuse":"farmland"},"geometry":{"type":"Polygon","coordinates":[[[16.196,39.6764],[16.202,39.675],[16.2059,39.6771],[16.196,39.6764]]]}},{"type":"Feature","properties":{"landuse":"farmland"},"geometry":{"type":"Polygon","coordinates":[[[16.1222,39.72],[16.1196,39.7209],[16.127,39.718],[16.1222,39.72]],[[16.1244,39.72],[16.1251,39.7198],[16.1252,39.7192],[16.1244,39.72]],[[16.1235,39.7199],[16.123,39.7201],[16.1231,39.7202],[16.1235,39.7199]]]}},{"type":"Feature","properties":{"landuse":"farmland"},"geometry":{"type":"Polygon","coordinates":[[[16.1469,39.7637],[16.1501,39.7643],[16.1486,39.7655],[16.1469,39.7637]]]}},{"type":"Feature","properties":{"landuse":"farmland"},"geometry":{"type":"Polygon","coordinates":[[[16.1445,39.7633],[16.1462,39.7627],[16.1471,39.7649],[16.1442,39.7647],[16.1445,39.7633]]]}},{"type":"Feature","properties":{"landuse":"orchard"},"geometry":{"type":"Polygon","coordinates":[[[16.1496,39.7581],[16.1511,39.7576],[16.1519,39.7587],[16.1496,39.7581]]]}},{"type":"Feature","properties":{"landuse":"farmland"},"geometry":{"type":"Polygon","coordinates":[[[16.1116,39.711],[16.1047,39.7114],[16.1076,39.7093],[16.1116,39.711]]]}},{"type":"Feature","properties":{"landuse":"orchard"},"geometry":{"type":"Polygon","coordinates":[[[16.1116,39.711],[16.1101,39.7127],[16.1085,39.7105],[16.1116,39.711]]]}},{"type":"Feature","properties":{"landuse":"farmland"},"geometry":{"type":"Polygon","coordinates":[[[16.2608,39.5062],[16.2651,39.5058],[16.2619,39.5077],[16.2608,39.5062]],[[16.2619,39.5071],[16.2632,39.507],[16.2629,39.5065],[16.2619,39.5071]]]}},{"type":"Feature","properties":{"landuse":"orchard"},"geometry":{"type":"Polygon","coordinates":[[[16.278,39.4915],[16.281,39.4871],[16.2874,39.4883],[16.278,39.4915]],[[16.2862,39.4881],[16.2866,39.4881],[16.2865,39.4879],[16.2862,39.4881]],[[16.285,39.488],[16.2855,39.4883],[16.2853,39.4878],[16.285,39.488]],[[16.2847,39.4877],[16.2823,39.487],[16.2843,39.4889],[16.2847,39.4877]],[[16.2832,39.4889],[16.2826,39.4878],[16.2818,39.4878],[16.2832,39.4889]],[[16.2812,39.4879],[16.2813,39.4889],[16.2814,39.4878],[16.2812,39.4879]],[[16.2826,39.489],[16.2816,39.4885],[16.2833,39.4893],[16.2826,39.489]],[[16.2819,39.4898],[16.2824,39.4897],[16.2815,39.4896],[16.2819,39.4898]],[[16.2811,39.4896],[16.2806,39.4898],[16.2813,39.4896],[16.2811,39.4896]]]}},{"type":"Feature","properties":{"landuse":"farmland"},"geometry":{"type":"Polygon","coordinates":[[[16.2038,39.6752],[16.2078,39.6727],[16.2086,39.6767],[16.2038,39.6752]]]}},{"type":"Feature","properties":{"landuse":"farmland"},"geometry":{"type":"Polygon","coordinates":[[[16.2011,39.6738],[16.1969,39.6757],[16.1969,39.6745],[16.2011,39.6738]]]}},{"type":"Feature","properties":{"landuse":"orchard"},"geometry":{"type":"Polygon","coordinates":[[[16.1579,39.7374],[16.164,39.7408],[16.1559,39.7393],[16.1579,39.7374]]]}},{"type":"Feature","properties":{"landuse":"orchard"},"geometry":{"type":"Polygon","coordinates":[[[16.1621,39.7364],[16.1631,39.7319],[16.1695,39.7315],[16.169,39.7281],[16.1734,39.7273],[16.1693,39.7332],[16.1704,39.7377],[16.166,39.741],[16.1621,39.7364]]]}},{"type":"Feature","properties":{"landuse":"orchard"},"geometry":{"type":"Polygon","coordinates":[[[16.153,39.7554],[16.1465,39.7516],[16.1488,39.7505],[16.153,39.7554]],[[16.1488,39.7544],[16.15,39.7545],[16.1493,39.7539],[16.1488,39.7544]]]}},{"type":"Feature","properties":{"landuse":"farmland"},"geometry":{"type":"Polygon","coordinates":[[[16.1798,39.6979],[16.1816,39.6991],[16.1789,39.698],[16.1793,39.697],[16.1798,39.6979]]]}},{"type":"Feature","properties":{"landuse":"farmland"},"geometry":{"type":"Polygon","coordinates":[[[16.1816,39.699],[16.1811,39.6966],[16.1843,39.6967],[16.1807,39.6908],[16.1868,39.6944],[16.1868,39.6979],[16.1816,39.699]]]}},{"type":"Feature","properties":{"landuse":"farmland"},"geometry":{"type":"Polygon","coordinates":[[[16.1868,39.6882],[16.1889,39.6898],[16.1848,39.6904],[16.1868,39.6882]]]}},{"type":"Feature","properties":{"landuse":"orchard"},"geometry":{"type":"Polygon","coordinates":[[[16.1881,39.6894],[16.1868,39.6882],[16.1906,39.6874],[16.1881,39.6894]]]}},{"type":"Feature","properties":{"landuse":"orchard"},"geometry":{"type":"Polygon","coordinates":[[[16.1923,39.6919],[16.1956,39.6897],[16.1947,39.6916],[16.1923,39.6919]]]}},{"type":"Feature","properties":{"landuse":"farmland"},"geometry":{"type":"Polygon","coordinates":[[[16.2008,39.6891],[16.203,39.6877],[16.2041,39.69],[16.2008,39.6891]]]}},{"type":"Feature","properties":{"landuse":"orchard"},"geometry":{"type":"Polygon","coordinates":[[[16.2008,39.6891],[16.2003,39.6904],[16.1977,39.6904],[16.2008,39.6891]]]}},{"type":"Feature","properties":{"landuse":"farmland"},"geometry":{"type":"Polygon","coordinates":[[[16.1977,39.6904],[16.1976,39.6866],[16.2,39.687],[16.1977,39.6904]]]}},{"type":"Feature","properties":{"landuse":"orchard"},"geometry":{"type":"Polygon","coordinates":[[[16.1926,39.6937],[16.1908,39.6951],[16.19,39.6939],[16.1926,39.6937]]]}},{"type":"Feature","properties":{"landuse":"farmland"},"geometry":{"type":"Polygon","coordinates":[[[16.1926,39.6937],[16.1924,39.6962],[16.1908,39.6951],[16.1926,39.6937]]]}},{"type":"Feature","properties":{"landuse":"orchard"},"geometry":{"type":"Polygon","coordinates":[[[16.1905,39.6994],[16.1915,39.7011],[16.1865,39.7018],[16.1905,39.6994]]]}},{"type":"Feature","properties":{"landuse":"orchard"},"geometry":{"type":"Polygon","coordinates":[[[16.1824,39.7002],[16.1837,39.7007],[16.1817,39.702],[16.1824,39.7002]]]}},{"type":"Feature","properties":{"landuse":"farmland"},"geometry":{"type":"Polygon","coordinates":[[[16.1837,39.6989],[16.1865,39.7018],[16.1832,39.7013],[16.1837,39.6989]]]}},{"type":"Feature","properties":{"landuse":"farmland"},"geometry":{"type":"Polygon","coordinates":[[[16.1971,39.6964],[16.1946,39.6975],[16.1951,39.6953],[16.1971,39.6964]]]}},{"type":"Feature","properties":{"landuse":"orchard"},"geometry":{"type":"Polygon","coordinates":[[[16.1944,39.6974],[16.1936,39.6982],[16.1942,39.6956],[16.1944,39.6974]]]}},{"type":"Feature","properties":{"landuse":"farmland"},"geometry":{"type":"Polygon","coordinates":[[[16.1938,39.6971],[16.1879,39.6984],[16.1942,39.6956],[16.1938,39.6971]]]}},{"type":"Feature","properties":{"landuse":"orchard"},"geometry":{"type":"Polygon","coordinates":[[[16.1882,39.6977],[16.1876,39.6994],[16.1868,39.698],[16.1882,39.6977]]]}},{"type":"Feature","properties":{"landuse":"farmland"},"geometry":{"type":"Polygon","coordinates":[[[16.1799,39.697],[16.1779,39.6916],[16.1815,39.6949],[16.1799,39.697]]]}},{"type":"Feature","properties":{"landuse":"farmland"},"geometry":{"type":"Polygon","coordinates":[[[16.1814,39.7021],[16.1813,39.7027],[16.1784,39.7026],[16.1814,39.7021]]]}},{"type":"Feature","properties":{"landuse":"farmland"},"geometry":{"type":"Polygon","coordinates":[[[16.1769,39.701],[16.1791,39.6998],[16.1816,39.7015],[16.1769,39.701]]]}},{"type":"Feature","properties":{"landuse":"orchard"},"geometry":{"type":"Polygon","coordinates":[[[16.1558,39.7029],[16.1555,39.7021],[16.1577,39.7017],[16.1558,39.7029]]]}},{"type":"Feature","properties":{"landuse":"farmland"},"geometry":{"type":"Polygon","coordinates":[[[16.1439,39.7055],[16.143,39.7073],[16.1416,39.7046],[16.1439,39.7055]]]}},{"type":"Feature","properties":{"landuse":"orchard"},"geometry":{"type":"Polygon","coordinates":[[[16.0645,39.6717],[16.0657,39.6714],[16.0655,39.6727],[16.0645,39.6717]]]}},{"type":"Feature","properties":{"landuse":"farmland"},"geometry":{"type":"Polygon","coordinates":[[[16.0655,39.6727],[16.0642,39.6685],[16.0673,39.6668],[16.0655,39.6727]]]}},{"type":"Feature","properties":{"landuse":"farmland"},"geometry":{"type":"Polygon","coordinates":[[[16.0451,39.6706],[16.0449,39.668],[16.0485,39.6696],[16.0451,39.6706]],[[16.0453,39.6698],[16.0452,39.6701],[16.0454,39.6701],[16.0453,39.6698]]]}},{"type":"Feature","properties":{"landuse":"farmland"},"geometry":{"type":"Polygon","coordinates":[[[16.2262,39.5228],[16.229,39.5216],[16.2303,39.5275],[16.2258,39.5295],[16.231,39.5283],[16.2294,39.5214],[16.2345,39.534],[16.226,39.5329],[16.2241,39.5266],[16.2262,39.5228]],[[16.2281,39.5306],[16.2322,39.5327],[16.2299,39.5301],[16.2281,39.5306]]]}},{"type":"Feature","properties":{"landuse":"farmland"},"geometry":{"type":"Polygon","coordinates":[[[16.2244,39.5384],[16.233,39.5417],[16.2369,39.5497],[16.2307,39.5515],[16.2244,39.5384]],[[16.2289,39.5455],[16.2314,39.5457],[16.231,39.5446],[16.2289,39.5455]]]}},{"type":"Feature","properties":{"landuse":"farmland"},"geometry":{"type":"Polygon","coordinates":[[[16.2409,39.5368],[16.2403,39.5407],[16.2356,39.5424],[16.2409,39.5368]],[[16.24,39.5378],[16.24,39.5375],[16.2395,39.5375],[16.2395,39.5378],[16.24,39.5378]],[[16.2389,39.5415],[16.2394,39.5418],[16.2395,39.5414],[16.2389,39.5415]],[[16.2385,39.5416],[16.2388,39.5417],[16.2388,39.5414],[16.2385,39.5416]],[[16.2382,39.5407],[16.2386,39.5406],[16.2383,39.5405],[16.2382,39.5407]],[[16.2391,39.54],[16.2391,39.5396],[16.2385,39.5396],[16.2391,39.54]]]}},{"type":"Feature","properties":{"landuse":"orchard"},"geometry":{"type":"Polygon","coordinates":[[[16.319,39.2868],[16.3186,39.2852],[16.321,39.2854],[16.319,39.2868]],[[16.3201,39.2856],[16.3202,39.2856],[16.3201,39.2856],[16.3201,39.2856]],[[16.3203,39.2855],[16.3204,39.2856],[16.3204,39.2855],[16.3203,39.2855]]]}},{"type":"Feature","properties":{"landuse":"orchard"},"geometry":{"type":"Polygon","coordinates":[[[16.3079,39.7925],[16.3067,39.7921],[16.3083,39.7902],[16.3079,39.7925]],[[16.3085,39.7916],[16.3085,39.7917],[16.3086,39.7917],[16.3086,39.7916],[16.3085,39.7916]]]}},{"type":"Feature","properties":{"landuse":"orchard"},"geometry":{"type":"Polygon","coordinates":[[[16.3086,39.789],[16.3069,39.79],[16.3094,39.788],[16.3086,39.789]],[[16.3089,39.7884],[16.309,39.7884],[16.309,39.7884],[16.3089,39.7884]],[[16.3087,39.7889],[16.3087,39.7889],[16.3087,39.7888],[16.3087,39.7889]]]}},{"type":"Feature","properties":{"landuse":"orchard"},"geometry":{"type":"Polygon","coordinates":[[[16.3005,39.787],[16.2991,39.7864],[16.301,39.7855],[16.3005,39.787]],[[16.2993,39.7864],[16.2994,39.7864],[16.2994,39.7864],[16.2993,39.7864]]]}},{"type":"Feature","properties":{"landuse":"orchard"},"geometry":{"type":"Polygon","coordinates":[[[16.3127,39.7949],[16.3094,39.7936],[16.3129,39.7933],[16.3127,39.7949]],[[16.3103,39.7928],[16.3102,39.7929],[16.3104,39.7928],[16.3103,39.7928]]]}},{"type":"Feature","properties":{"landuse":"farmland"},"geometry":{"type":"Polygon","coordinates":[[[16.4566,39.7526],[16.4534,39.7529],[16.4545,39.75],[16.4566,39.7526]],[[16.4533,39.7513],[16.453,39.7514],[16.4531,39.7516],[16.4534,39.7514],[16.4533,39.7513]]]}},{"type":"Feature","properties":{"landuse":"farmland"},"geometry":{"type":"Polygon","coordinates":[[[16.4602,39.7468],[16.4569,39.7485],[16.4555,39.7465],[16.4602,39.7468]],[[16.4557,39.7466],[16.4558,39.7469],[16.4561,39.7468],[16.4557,39.7466]]]}},{"type":"Feature","properties":{"landuse":"farmland"},"geometry":{"type":"Polygon","coordinates":[[[16.4531,39.742],[16.4516,39.7437],[16.4422,39.7383],[16.4514,39.7363],[16.4531,39.742]],[[16.4481,39.7383],[16.4448,39.7395],[16.4483,39.7391],[16.4481,39.7383]]]}},{"type":"Feature","properties":{"landuse":"orchard"},"geometry":{"type":"Polygon","coordinates":[[[16.4695,39.7557],[16.4676,39.7569],[16.4675,39.7557],[16.4695,39.7557]],[[16.4689,39.7562],[16.469,39.7561],[16.4689,39.7561],[16.4689,39.7562]]]}},{"type":"Feature","properties":{"landuse":"farmland"},"geometry":{"type":"Polygon","coordinates":[[[16.4797,39.7553],[16.4774,39.757],[16.4759,39.754],[16.4797,39.7553]],[[16.4779,39.7541],[16.4793,39.7543],[16.4792,39.754],[16.4779,39.7541]]]}},{"type":"Feature","properties":{"landuse":"orchard"},"geometry":{"type":"Polygon","coordinates":[[[16.166,39.7808],[16.1658,39.78],[16.1668,39.7796],[16.166,39.7808]],[[16.1663,39.7799],[16.1663,39.7798],[16.1663,39.7798],[16.1663,39.7799]],[[16.1663,39.7798],[16.1662,39.7798],[16.1662,39.7798],[16.1663,39.7798]]]}},{"type":"Feature","properties":{"landuse":"farmland"},"geometry":{"type":"Polygon","coordinates":[[[16.3902,39.8132],[16.3947,39.8096],[16.3927,39.8132],[16.3902,39.8132]],[[16.3936,39.8124],[16.3939,39.8121],[16.3934,39.8119],[16.3936,39.8124]]]}},{"type":"Feature","properties":{"landuse":"farmland"},"geometry":{"type":"Polygon","coordinates":[[[15.7688,37.9513],[15.7694,37.9496],[15.7705,37.9511],[15.7688,37.9513]],[[15.7698,37.9512],[15.7695,37.9509],[15.7694,37.9512],[15.7698,37.9512]]]}},{"type":"Feature","properties":{"landuse":"orchard"},"geometry":{"type":"Polygon","coordinates":[[[15.7103,38.0076],[15.7168,38.0091],[15.7141,38.0115],[15.7103,38.0076]],[[15.7145,38.0101],[15.7136,38.0096],[15.7136,38.01],[15.7145,38.0101]]]}},{"type":"Feature","properties":{"landuse":"farmland"},"geometry":{"type":"Polygon","coordinates":[[[16.2283,39.3718],[16.2293,39.3774],[16.2258,39.3776],[16.2258,39.3712],[16.2283,39.3718]],[[16.2276,39.3731],[16.2263,39.3753],[16.2273,39.3754],[16.2276,39.3731]],[[16.227,39.3777],[16.2276,39.3773],[16.2271,39.3771],[16.227,39.3777]]]}},{"type":"Feature","properties":{"landuse":"green_public_spaces"},"geometry":{"type":"Polygon","coordinates":[[[16.2282,39.3113],[16.2246,39.3072],[16.2248,39.3062],[16.2282,39.3113]]]}},{"type":"Feature","properties":{"landuse":"farmland"},"geometry":{"type":"Polygon","coordinates":[[[16.2352,39.551],[16.2429,39.5552],[16.2386,39.5589],[16.2352,39.551]]]}},{"type":"Feature","properties":{"landuse":"farmland"},"geometry":{"type":"Polygon","coordinates":[[[16.2313,39.5522],[16.235,39.5513],[16.2365,39.5547],[16.2337,39.5576],[16.2313,39.5522]]]}},{"type":"Feature","properties":{"landuse":"farmland"},"geometry":{"type":"Polygon","coordinates":[[[16.2342,39.5587],[16.2378,39.5577],[16.2396,39.5615],[16.2342,39.5587]]]}},{"type":"Feature","properties":{"landuse":"farmland"},"geometry":{"type":"Polygon","coordinates":[[[16.2418,39.563],[16.2387,39.5593],[16.2442,39.5565],[16.2482,39.5606],[16.2436,39.5623],[16.2429,39.5602],[16.2418,39.563]]]}},{"type":"Feature","properties":{"landuse":"farmland"},"geometry":{"type":"Polygon","coordinates":[[[16.2362,39.5626],[16.2394,39.5616],[16.2422,39.5665],[16.2371,39.5673],[16.2362,39.5626]]]}},{"type":"Feature","properties":{"landuse":"farmland"},"geometry":{"type":"Polygon","coordinates":[[[16.2414,39.5632],[16.2489,39.5618],[16.2495,39.5655],[16.2424,39.5665],[16.2414,39.5632]]]}},{"type":"Feature","properties":{"landuse":"farmland"},"geometry":{"type":"Polygon","coordinates":[[[16.246,39.5661],[16.2496,39.5666],[16.2553,39.5806],[16.2499,39.5811],[16.2424,39.5666],[16.246,39.5661]]]}},{"type":"Feature","properties":{"landuse":"farmland"},"geometry":{"type":"Polygon","coordinates":[[[16.2416,39.5667],[16.2464,39.5747],[16.2422,39.5758],[16.2409,39.5704],[16.2396,39.5734],[16.2377,39.5693],[16.2416,39.5667]]]}},{"type":"Feature","properties":{"landuse":"farmland"},"geometry":{"type":"Polygon","coordinates":[[[16.2464,39.5749],[16.2486,39.5806],[16.2456,39.5813],[16.2423,39.5764],[16.2464,39.5749]]]}},{"type":"Feature","properties":{"landuse":"orchard"},"geometry":{"type":"Polygon","coordinates":[[[16.283,39.4847],[16.2843,39.4829],[16.29,39.4885],[16.283,39.4847]]]}},{"type":"Feature","properties":{"landuse":"orchard"},"geometry":{"type":"Polygon","coordinates":[[[16.2895,39.4861],[16.2912,39.4871],[16.2912,39.4884],[16.2895,39.4861]]]}},{"type":"Feature","properties":{"landuse":"orchard"},"geometry":{"type":"Polygon","coordinates":[[[16.6431,39.6102],[16.6572,39.6048],[16.6521,39.615],[16.6495,39.6123],[16.6514,39.6109],[16.6431,39.6102]]]}},{"type":"Feature","properties":{"landuse":"orchard"},"geometry":{"type":"Polygon","coordinates":[[[16.6735,39.6006],[16.6695,39.5998],[16.674,39.5986],[16.6735,39.6006]]]}},{"type":"Feature","properties":{"landuse":"orchard"},"geometry":{"type":"Polygon","coordinates":[[[16.6737,39.6012],[16.6737,39.6],[16.6757,39.6001],[16.6737,39.6012]]]}},{"type":"Feature","properties":{"landuse":"orchard"},"geometry":{"type":"Polygon","coordinates":[[[16.6754,39.6051],[16.6734,39.6015],[16.6762,39.6023],[16.6754,39.6051]]]}},{"type":"Feature","properties":{"landuse":"orchard"},"geometry":{"type":"Polygon","coordinates":[[[16.6747,39.6051],[16.6714,39.6048],[16.6717,39.6016],[16.6747,39.6051]]]}},{"type":"Feature","properties":{"landuse":"orchard"},"geometry":{"type":"Polygon","coordinates":[[[16.6693,39.6049],[16.6714,39.6016],[16.6712,39.6049],[16.6693,39.6049]]]}},{"type":"Feature","properties":{"landuse":"orchard"},"geometry":{"type":"Polygon","coordinates":[[[16.6699,39.6033],[16.6694,39.6022],[16.6714,39.6016],[16.6699,39.6033]]]}},{"type":"Feature","properties":{"landuse":"orchard"},"geometry":{"type":"Polygon","coordinates":[[[16.669,39.6031],[16.6672,39.603],[16.6676,39.6012],[16.669,39.6031]]]}},{"type":"Feature","properties":{"landuse":"farmland"},"geometry":{"type":"Polygon","coordinates":[[[15.6761,38.0859],[15.6758,38.0869],[15.6751,38.0853],[15.6761,38.0859]]]}},{"type":"Feature","properties":{"landuse":"farmland"},"geometry":{"type":"Polygon","coordinates":[[[15.6647,38.0922],[15.6692,38.0935],[15.6688,38.0942],[15.6647,38.0922]]]}},{"type":"Feature","properties":{"landuse":"farmland"},"geometry":{"type":"Polygon","coordinates":[[[15.6648,38.0932],[15.6689,38.0952],[15.6657,38.0948],[15.6648,38.0932]]]}},{"type":"Feature","properties":{"landuse":"green_public_spaces"},"geometry":{"type":"Polygon","coordinates":[[[17.1167,39.0748],[17.1184,39.0779],[17.1161,39.0778],[17.1167,39.0748]]]}},{"type":"Feature","properties":{"landuse":"green_public_spaces"},"geometry":{"type":"Polygon","coordinates":[[[16.2484,39.3238],[16.2508,39.3236],[16.2504,39.325],[16.2484,39.3238]]]}},{"type":"Feature","properties":{"landuse":"green_public_spaces"},"geometry":{"type":"Polygon","coordinates":[[[16.2424,39.3465],[16.2439,39.3475],[16.2424,39.3476],[16.2424,39.3465]]]}},{"type":"Feature","properties":{"landuse":"green_public_spaces"},"geometry":{"type":"Polygon","coordinates":[[[16.2532,39.2939],[16.2536,39.2931],[16.2547,39.2933],[16.2532,39.2939]]]}},{"type":"Feature","properties":{"landuse":"green_public_spaces"},"geometry":{"type":"Polygon","coordinates":[[[16.2487,39.2996],[16.2498,39.2987],[16.2498,39.2997],[16.2487,39.2996]]]}},{"type":"Feature","properties":{"landuse":"green_public_spaces"},"geometry":{"type":"Polygon","coordinates":[[[16.2393,39.3393],[16.242,39.3394],[16.2423,39.3407],[16.2393,39.3393]]]}},{"type":"Feature","properties":{"landuse":"green_public_spaces"},"geometry":{"type":"Polygon","coordinates":[[[16.2371,39.3513],[16.2371,39.3504],[16.2424,39.3505],[16.2371,39.3513]]]}},{"type":"Feature","properties":{"landuse":"green_public_spaces"},"geometry":{"type":"Polygon","coordinates":[[[16.2426,39.3512],[16.2439,39.3503],[16.2438,39.3512],[16.2426,39.3512]]]}},{"type":"Feature","properties":{"landuse":"green_public_spaces"},"geometry":{"type":"Polygon","coordinates":[[[16.5661,38.602],[16.5664,38.5986],[16.5668,38.602],[16.5661,38.602]]]}},{"type":"Feature","properties":{"landuse":"farmland"},"geometry":{"type":"Polygon","coordinates":[[[17.1096,39.0507],[17.112,39.0543],[17.1086,39.06],[17.1061,39.0568],[17.1096,39.0507]]]}},{"type":"Feature","properties":{"landuse":"green_public_spaces"},"geometry":{"type":"Polygon","coordinates":[[[15.7663,39.9111],[15.7675,39.9104],[15.7685,39.911],[15.7684,39.9117],[15.7663,39.9111]]]}},{"type":"Feature","properties":{"landuse":"orchard"},"geometry":{"type":"Polygon","coordinates":[[[16.452,38.4633],[16.4516,38.4649],[16.4491,38.4643],[16.452,38.4633]]]}},{"type":"Feature","properties":{"landuse":"farmland"},"geometry":{"type":"Polygon","coordinates":[[[16.4529,38.4639],[16.4549,38.4635],[16.4532,38.4655],[16.4529,38.4639]]]}},{"type":"Feature","properties":{"landuse":"farmland"},"geometry":{"type":"Polygon","coordinates":[[[16.4529,38.4623],[16.4492,38.4634],[16.4514,38.4614],[16.4529,38.4623]]]}},{"type":"Feature","properties":{"landuse":"farmland"},"geometry":{"type":"Polygon","coordinates":[[[16.4543,38.4666],[16.4531,38.4661],[16.4541,38.4654],[16.4543,38.4666]]]}},{"type":"Feature","properties":{"landuse":"greenhouse_horticulture"},"geometry":{"type":"Polygon","coordinates":[[[16.1984,38.7716],[16.1962,38.7681],[16.2005,38.7683],[16.2016,38.7713],[16.1984,38.7716]]]}},{"type":"Feature","properties":{"landuse":"farmland"},"geometry":{"type":"Polygon","coordinates":[[[16.4548,38.4611],[16.4549,38.4585],[16.4586,38.4604],[16.4548,38.4611]]]}},{"type":"Feature","properties":{"landuse":"orchard"},"geometry":{"type":"Polygon","coordinates":[[[16.4486,38.4572],[16.4468,38.4574],[16.4492,38.4567],[16.4488,38.4587],[16.4486,38.4572]]]}},{"type":"Feature","properties":{"landuse":"orchard"},"geometry":{"type":"Polygon","coordinates":[[[16.4499,38.4604],[16.4494,38.4583],[16.4535,38.458],[16.4499,38.4604]]]}},{"type":"Feature","properties":{"landuse":"farmland"},"geometry":{"type":"Polygon","coordinates":[[[16.4573,38.4636],[16.4543,38.4648],[16.455,38.4634],[16.4573,38.4636]]]}},{"type":"Feature","properties":{"landuse":"orchard"},"geometry":{"type":"Polygon","coordinates":[[[16.5261,38.4636],[16.5314,38.4612],[16.5327,38.4638],[16.5277,38.466],[16.5261,38.4636]]]}},{"type":"Feature","properties":{"landuse":"farmland"},"geometry":{"type":"Polygon","coordinates":[[[16.5328,38.4639],[16.5338,38.466],[16.529,38.468],[16.5278,38.4662],[16.5328,38.4639]]]}},{"type":"Feature","properties":{"landuse":"orchard"},"geometry":{"type":"Polygon","coordinates":[[[16.526,38.4637],[16.5276,38.466],[16.5225,38.4683],[16.5211,38.4662],[16.526,38.4637]]]}},{"type":"Feature","properties":{"landuse":"orchard"},"geometry":{"type":"Polygon","coordinates":[[[16.5332,38.4607],[16.5348,38.4629],[16.5329,38.4638],[16.5332,38.4607]]]}},{"type":"Feature","properties":{"landuse":"orchard"},"geometry":{"type":"Polygon","coordinates":[[[16.4996,38.4681],[16.4978,38.4693],[16.4982,38.4676],[16.4996,38.4681]]]}},{"type":"Feature","properties":{"landuse":"orchard"},"geometry":{"type":"Polygon","coordinates":[[[16.4992,38.4649],[16.502,38.4654],[16.5021,38.4682],[16.4992,38.4649]]]}},{"type":"Feature","properties":{"landuse":"orchard"},"geometry":{"type":"Polygon","coordinates":[[[16.5492,38.4435],[16.5499,38.4421],[16.5504,38.4427],[16.5492,38.4435]]]}},{"type":"Feature","properties":{"landuse":"orchard"},"geometry":{"type":"Polygon","coordinates":[[[16.5521,38.4405],[16.5497,38.4419],[16.5481,38.4408],[16.5521,38.4405]]]}},{"type":"Feature","properties":{"landuse":"orchard"},"geometry":{"type":"Polygon","coordinates":[[[16.5523,38.4405],[16.551,38.4423],[16.5505,38.4417],[16.5523,38.4405]]]}},{"type":"Feature","properties":{"landuse":"orchard"},"geometry":{"type":"Polygon","coordinates":[[[16.5472,38.4338],[16.5461,38.4348],[16.5449,38.4342],[16.5472,38.4338]]]}},{"type":"Feature","properties":{"landuse":"orchard"},"geometry":{"type":"Polygon","coordinates":[[[16.5564,38.4369],[16.5521,38.438],[16.5518,38.437],[16.5564,38.4369]]]}},{"type":"Feature","properties":{"landuse":"orchard"},"geometry":{"type":"Polygon","coordinates":[[[16.5517,38.4371],[16.5512,38.4382],[16.5485,38.4378],[16.5517,38.4371]]]}},{"type":"Feature","properties":{"landuse":"orchard"},"geometry":{"type":"Polygon","coordinates":[[[16.5514,38.4353],[16.5554,38.4361],[16.5518,38.4369],[16.5514,38.4353]]]}},{"type":"Feature","properties":{"landuse":"orchard"},"geometry":{"type":"Polygon","coordinates":[[[16.5665,38.7756],[16.5653,38.7748],[16.5678,38.7749],[16.5665,38.7756]]]}},{"type":"Feature","properties":{"landuse":"orchard"},"geometry":{"type":"Polygon","coordinates":[[[16.5627,38.7696],[16.5649,38.7721],[16.5615,38.7713],[16.5627,38.7696]]]}},{"type":"Feature","properties":{"landuse":"orchard"},"geometry":{"type":"Polygon","coordinates":[[[16.5718,38.7831],[16.5742,38.7812],[16.5801,38.7865],[16.5748,38.7873],[16.5718,38.7831]]]}},{"type":"Feature","properties":{"landuse":"orchard"},"geometry":{"type":"Polygon","coordinates":[[[16.5642,38.7708],[16.5625,38.7695],[16.5647,38.7672],[16.5642,38.7708]]]}},{"type":"Feature","properties":{"landuse":"orchard"},"geometry":{"type":"Polygon","coordinates":[[[16.5636,38.7759],[16.5656,38.7769],[16.5639,38.7779],[16.5636,38.7759]]]}},{"type":"Feature","properties":{"landuse":"orchard"},"geometry":{"type":"Polygon","coordinates":[[[16.5639,38.7781],[16.567,38.7797],[16.5631,38.7813],[16.5639,38.7781]]]}},{"type":"Feature","properties":{"landuse":"orchard"},"geometry":{"type":"Polygon","coordinates":[[[16.4799,38.4773],[16.4812,38.4785],[16.4785,38.4806],[16.4799,38.4773]]]}},{"type":"Feature","properties":{"landuse":"orchard"},"geometry":{"type":"Polygon","coordinates":[[[16.4802,38.4761],[16.4822,38.4768],[16.4802,38.4774],[16.4802,38.4761]]]}},{"type":"Feature","properties":{"landuse":"orchard"},"geometry":{"type":"Polygon","coordinates":[[[16.4836,38.478],[16.4847,38.4763],[16.4848,38.4806],[16.4836,38.478]]]}},{"type":"Feature","properties":{"landuse":"orchard"},"geometry":{"type":"Polygon","coordinates":[[[16.4773,38.475],[16.4787,38.4774],[16.4768,38.4761],[16.4773,38.475]]]}},{"type":"Feature","properties":{"landuse":"orchard"},"geometry":{"type":"Polygon","coordinates":[[[16.5178,38.4512],[16.5204,38.4507],[16.5191,38.452],[16.5178,38.4512]]]}},{"type":"Feature","properties":{"landuse":"orchard"},"geometry":{"type":"Polygon","coordinates":[[[16.5089,38.4516],[16.5095,38.454],[16.5036,38.4545],[16.5089,38.4516]]]}},{"type":"Feature","properties":{"landuse":"orchard"},"geometry":{"type":"Polygon","coordinates":[[[16.5007,38.4514],[16.4995,38.4528],[16.4974,38.4517],[16.5007,38.4514]]]}},{"type":"Feature","properties":{"landuse":"orchard"},"geometry":{"type":"Polygon","coordinates":[[[16.5141,38.4475],[16.5157,38.4476],[16.5143,38.4495],[16.5141,38.4475]]]}},{"type":"Feature","properties":{"landuse":"orchard"},"geometry":{"type":"Polygon","coordinates":[[[16.5227,38.4489],[16.5231,38.4425],[16.5278,38.4406],[16.5227,38.4489]]]}},{"type":"Feature","properties":{"landuse":"orchard"},"geometry":{"type":"Polygon","coordinates":[[[16.5027,38.4513],[16.5031,38.4539],[16.5018,38.4532],[16.5027,38.4513]]]}},{"type":"Feature","properties":{"landuse":"orchard"},"geometry":{"type":"Polygon","coordinates":[[[16.5153,38.4523],[16.5196,38.4549],[16.5151,38.4534],[16.5153,38.4523]]]}},{"type":"Feature","properties":{"landuse":"orchard"},"geometry":{"type":"Polygon","coordinates":[[[16.5143,38.4536],[16.5171,38.4555],[16.5161,38.458],[16.5143,38.4536]]]}},{"type":"Feature","properties":{"landuse":"orchard"},"geometry":{"type":"Polygon","coordinates":[[[16.5784,38.448],[16.5747,38.4547],[16.5592,38.4558],[16.5784,38.448]]]}},{"type":"Feature","properties":{"landuse":"orchard"},"geometry":{"type":"Polygon","coordinates":[[[16.5712,38.4429],[16.5669,38.4451],[16.5687,38.4421],[16.5712,38.4429]]]}},{"type":"Feature","properties":{"landuse":"orchard"},"geometry":{"type":"Polygon","coordinates":[[[16.5702,38.4478],[16.5678,38.4472],[16.5722,38.4434],[16.5702,38.4478]]]}},{"type":"Feature","properties":{"landuse":"orchard"},"geometry":{"type":"Polygon","coordinates":[[[16.576,38.4443],[16.5775,38.4437],[16.578,38.445],[16.576,38.4443]]]}},{"type":"Feature","properties":{"landuse":"orchard"},"geometry":{"type":"Polygon","coordinates":[[[16.5749,38.4453],[16.575,38.4469],[16.5722,38.4471],[16.5749,38.4453]]]}},{"type":"Feature","properties":{"landuse":"green_public_spaces"},"geometry":{"type":"Polygon","coordinates":[[[16.5959,38.9062],[16.5949,38.9053],[16.5977,38.9044],[16.5959,38.9062]]]}},{"type":"Feature","properties":{"landuse":"orchard"},"geometry":{"type":"Polygon","coordinates":[[[16.5516,38.4367],[16.5485,38.4377],[16.5483,38.4369],[16.5516,38.4367]]]}},{"type":"Feature","properties":{"landuse":"orchard"},"geometry":{"type":"Polygon","coordinates":[[[16.5434,38.4401],[16.5423,38.4373],[16.5475,38.4343],[16.5482,38.4375],[16.5434,38.4401]]]}},{"type":"Feature","properties":{"landuse":"orchard"},"geometry":{"type":"Polygon","coordinates":[[[16.5419,38.4348],[16.5437,38.4351],[16.5427,38.4368],[16.5419,38.4348]]]}},{"type":"Feature","properties":{"landuse":"orchard"},"geometry":{"type":"Polygon","coordinates":[[[16.5605,38.4316],[16.5626,38.4302],[16.5626,38.4312],[16.5605,38.4316]]]}},{"type":"Feature","properties":{"landuse":"orchard"},"geometry":{"type":"Polygon","coordinates":[[[16.5719,38.4419],[16.5757,38.4418],[16.5727,38.4431],[16.5719,38.4419]]]}},{"type":"Feature","properties":{"landuse":"orchard"},"geometry":{"type":"Polygon","coordinates":[[[16.5418,38.4348],[16.5386,38.4392],[16.539,38.4356],[16.5418,38.4348]]]}},{"type":"Feature","properties":{"landuse":"orchard"},"geometry":{"type":"Polygon","coordinates":[[[16.5606,38.433],[16.5637,38.4339],[16.5581,38.4359],[16.5581,38.4326],[16.5606,38.433]]]}},{"type":"Feature","properties":{"landuse":"orchard"},"geometry":{"type":"Polygon","coordinates":[[[16.5592,38.4382],[16.5595,38.4364],[16.5605,38.4391],[16.5592,38.4382]]]}},{"type":"Feature","properties":{"landuse":"orchard"},"geometry":{"type":"Polygon","coordinates":[[[16.5574,38.4357],[16.5498,38.4349],[16.5579,38.4326],[16.5574,38.4357]]]}},{"type":"Feature","properties":{"landuse":"orchard"},"geometry":{"type":"Polygon","coordinates":[[[16.5658,38.4318],[16.5654,38.43],[16.5665,38.4309],[16.5658,38.4318]]]}},{"type":"Feature","properties":{"landuse":"orchard"},"geometry":{"type":"Polygon","coordinates":[[[16.5675,38.4301],[16.5666,38.4309],[16.566,38.4298],[16.5675,38.4301]]]}},{"type":"Feature","properties":{"landuse":"orchard"},"geometry":{"type":"Polygon","coordinates":[[[16.5214,38.4597],[16.5201,38.4608],[16.5193,38.4597],[16.5214,38.4597]]]}},{"type":"Feature","properties":{"landuse":"orchard"},"geometry":{"type":"Polygon","coordinates":[[[16.5117,38.4644],[16.5057,38.4657],[16.5062,38.4632],[16.5117,38.4644]]]}},{"type":"Feature","properties":{"landuse":"orchard"},"geometry":{"type":"Polygon","coordinates":[[[16.5164,38.4605],[16.5183,38.4616],[16.5175,38.4622],[16.5164,38.4605]]]}},{"type":"Feature","properties":{"landuse":"orchard"},"geometry":{"type":"Polygon","coordinates":[[[16.5304,38.4438],[16.5317,38.4453],[16.5303,38.4455],[16.5304,38.4438]]]}},{"type":"Feature","properties":{"landuse":"orchard"},"geometry":{"type":"Polygon","coordinates":[[[16.5239,38.4582],[16.5281,38.4604],[16.523,38.4633],[16.5218,38.4605],[16.5256,38.46],[16.5239,38.4582]]]}},{"type":"Feature","properties":{"landuse":"orchard"},"geometry":{"type":"Polygon","coordinates":[[[16.5318,38.4492],[16.5289,38.4501],[16.5321,38.4457],[16.5318,38.4492]]]}},{"type":"Feature","properties":{"landuse":"orchard"},"geometry":{"type":"Polygon","coordinates":[[[16.5086,38.4662],[16.5054,38.4676],[16.5058,38.4662],[16.5086,38.4662]]]}},{"type":"Feature","properties":{"landuse":"orchard"},"geometry":{"type":"Polygon","coordinates":[[[16.5228,38.4583],[16.5238,38.4544],[16.527,38.4546],[16.5228,38.4583]]]}},{"type":"Feature","properties":{"landuse":"orchard"},"geometry":{"type":"Polygon","coordinates":[[[16.511,38.4651],[16.5093,38.467],[16.5089,38.4663],[16.511,38.4651]]]}},{"type":"Feature","properties":{"landuse":"orchard"},"geometry":{"type":"Polygon","coordinates":[[[16.558,38.4248],[16.5474,38.4235],[16.5565,38.4218],[16.5591,38.4243],[16.5567,38.4217],[16.5598,38.4204],[16.5652,38.4233],[16.558,38.4248]]]}},{"type":"Feature","properties":{"landuse":"orchard"},"geometry":{"type":"Polygon","coordinates":[[[16.5545,38.4248],[16.5565,38.4257],[16.5536,38.4266],[16.5545,38.4248]]]}},{"type":"Feature","properties":{"landuse":"orchard"},"geometry":{"type":"Polygon","coordinates":[[[16.5583,38.4283],[16.5624,38.4265],[16.5649,38.4267],[16.5583,38.4283]]]}},{"type":"Feature","properties":{"landuse":"orchard"},"geometry":{"type":"Polygon","coordinates":[[[16.5351,38.4407],[16.5316,38.4404],[16.5344,38.439],[16.5351,38.4407]]]}},{"type":"Feature","properties":{"landuse":"orchard"},"geometry":{"type":"Polygon","coordinates":[[[16.5545,38.4247],[16.5553,38.4232],[16.557,38.4245],[16.5545,38.4247]]]}},{"type":"Feature","properties":{"landuse":"orchard"},"geometry":{"type":"Polygon","coordinates":[[[16.5328,38.4454],[16.5312,38.4415],[16.5344,38.4437],[16.5328,38.4454]]]}},{"type":"Feature","properties":{"landuse":"orchard"},"geometry":{"type":"Polygon","coordinates":[[[16.5353,38.4365],[16.5353,38.4389],[16.5332,38.4388],[16.5353,38.4365]]]}},{"type":"Feature","properties":{"landuse":"orchard"},"geometry":{"type":"Polygon","coordinates":[[[16.5452,38.4074],[16.5481,38.4065],[16.5537,38.4116],[16.5439,38.4146],[16.5289,38.4116],[16.5342,38.4081],[16.533,38.4063],[16.5387,38.4069],[16.5392,38.4096],[16.5473,38.4086],[16.5452,38.4074]]]}},{"type":"Feature","properties":{"landuse":"orchard"},"geometry":{"type":"Polygon","coordinates":[[[16.5451,38.4587],[16.5455,38.4593],[16.5439,38.4597],[16.5451,38.4587]]]}},{"type":"Feature","properties":{"landuse":"orchard"},"geometry":{"type":"Polygon","coordinates":[[[16.5433,38.4591],[16.5415,38.4618],[16.5416,38.4594],[16.5433,38.4591]]]}},{"type":"Feature","properties":{"landuse":"orchard"},"geometry":{"type":"Polygon","coordinates":[[[16.5533,38.4497],[16.5539,38.4484],[16.5553,38.4483],[16.5533,38.4497]]]}},{"type":"Feature","properties":{"landuse":"orchard"},"geometry":{"type":"Polygon","coordinates":[[[16.5498,38.4421],[16.5476,38.4445],[16.5481,38.4429],[16.5498,38.4421]]]}},{"type":"Feature","properties":{"landuse":"orchard"},"geometry":{"type":"Polygon","coordinates":[[[16.5447,38.4456],[16.5452,38.4473],[16.5435,38.4472],[16.5447,38.4456]]]}},{"type":"Feature","properties":{"landuse":"orchard"},"geometry":{"type":"Polygon","coordinates":[[[16.5386,38.4602],[16.5358,38.4649],[16.5343,38.4614],[16.5386,38.4602]]]}},{"type":"Feature","properties":{"landuse":"orchard"},"geometry":{"type":"Polygon","coordinates":[[[16.5567,38.4372],[16.5549,38.4393],[16.5548,38.4377],[16.5567,38.4372]]]}},{"type":"Feature","properties":{"landuse":"orchard"},"geometry":{"type":"Polygon","coordinates":[[[16.5745,38.7784],[16.5859,38.7904],[16.5877,38.7934],[16.5855,38.7951],[16.5753,38.7877],[16.5784,38.7864],[16.5745,38.7784]]]}},{"type":"Feature","properties":{"landuse":"farmland"},"geometry":{"type":"Polygon","coordinates":[[[16.5365,38.3974],[16.5359,38.399],[16.5346,38.398],[16.5365,38.3974]]]}},{"type":"Feature","properties":{"landuse":"farmland"},"geometry":{"type":"Polygon","coordinates":[[[16.5321,38.3945],[16.5333,38.3948],[16.5326,38.3959],[16.5321,38.3945]]]}},{"type":"Feature","properties":{"landuse":"farmland"},"geometry":{"type":"Polygon","coordinates":[[[16.5299,38.3932],[16.5303,38.3914],[16.5313,38.3921],[16.5299,38.3932]]]}},{"type":"Feature","properties":{"landuse":"green_public_spaces"},"geometry":{"type":"Polygon","coordinates":[[[16.2399,39.3471],[16.2403,39.3478],[16.2383,39.3494],[16.2399,39.3471]]]}},{"type":"Feature","properties":{"landuse":"farmland"},"geometry":{"type":"Polygon","coordinates":[[[16.2364,39.3409],[16.2359,39.338],[16.2393,39.3393],[16.2364,39.3409]]]}},{"type":"Feature","properties":{"landuse":"green_public_spaces"},"geometry":{"type":"Polygon","coordinates":[[[16.6409,38.8301],[16.6396,38.8303],[16.6367,38.8286],[16.6409,38.8301]]]}},{"type":"Feature","properties":{"landuse":"farmland"},"geometry":{"type":"Polygon","coordinates":[[[15.9175,38.4088],[15.9185,38.4097],[15.9172,38.4105],[15.9175,38.4088]]]}},{"type":"Feature","properties":{"landuse":"farmland"},"geometry":{"type":"Polygon","coordinates":[[[15.9188,38.4075],[15.9369,38.4006],[15.9379,38.3971],[15.9414,38.3991],[15.9452,38.3954],[15.9398,38.3942],[15.9472,38.3904],[15.9468,38.4109],[15.9384,38.4153],[15.9213,38.4168],[15.9188,38.4075]]]}},{"type":"Feature","properties":{"landuse":"orchard"},"geometry":{"type":"Polygon","coordinates":[[[15.9194,38.414],[15.9206,38.4168],[15.9121,38.4142],[15.9194,38.414]]]}},{"type":"Feature","properties":{"landuse":"farmland"},"geometry":{"type":"Polygon","coordinates":[[[15.9187,38.3993],[15.9166,38.4041],[15.9157,38.3938],[15.9199,38.3923],[15.917,38.392],[15.9127,38.4021],[15.9149,38.4035],[15.9124,38.4024],[15.9153,38.3834],[15.9311,38.3845],[15.9362,38.3983],[15.9256,38.4016],[15.9207,38.3948],[15.9297,38.3988],[15.927,38.3951],[15.9291,38.3939],[15.9217,38.3936],[15.9187,38.3993]]]}},{"type":"Feature","properties":{"landuse":"farmland"},"geometry":{"type":"Polygon","coordinates":[[[15.9206,38.4],[15.9255,38.4038],[15.9181,38.4063],[15.9123,38.4044],[15.918,38.4046],[15.9206,38.4]]]}},{"type":"Feature","properties":{"landuse":"farmland"},"geometry":{"type":"Polygon","coordinates":[[[17.1044,39.0597],[17.1074,39.0591],[17.1078,39.0619],[17.1044,39.0597]]]}},{"type":"Feature","properties":{"landuse":"farmland"},"geometry":{"type":"Polygon","coordinates":[[[17.1012,39.0546],[17.1067,39.0578],[17.1043,39.0595],[17.1012,39.0546]]]}},{"type":"Feature","properties":{"landuse":"farmland"},"geometry":{"type":"Polygon","coordinates":[[[17.1036,39.07],[17.1022,39.0657],[17.1062,39.0657],[17.1036,39.07]]]}},{"type":"Feature","properties":{"landuse":"farmland"},"geometry":{"type":"Polygon","coordinates":[[[16.3598,38.5938],[16.3627,38.592],[16.3614,38.5939],[16.3598,38.5938]]]}},{"type":"Feature","properties":{"landuse":"farmland"},"geometry":{"type":"Polygon","coordinates":[[[16.3634,38.5941],[16.365,38.5951],[16.3631,38.596],[16.3634,38.5941]]]}},{"type":"Feature","properties":{"landuse":"farmland"},"geometry":{"type":"Polygon","coordinates":[[[17.0777,38.9794],[17.0854,38.9753],[17.0891,38.9775],[17.0879,38.9693],[17.0968,38.9682],[17.1003,38.9697],[17.1114,38.9896],[17.0825,39.0068],[17.0829,39.0033],[17.0864,39.0035],[17.083,39.0017],[17.0846,38.9882],[17.077,38.9875],[17.0777,38.9794]]]}},{"type":"Feature","properties":{"landuse":"orchard"},"geometry":{"type":"Polygon","coordinates":[[[17.0736,38.9442],[17.0796,38.9424],[17.0868,38.9574],[17.0839,38.9575],[17.0736,38.9442]]]}},{"type":"Feature","properties":{"landuse":"orchard"},"geometry":{"type":"Polygon","coordinates":[[[16.4287,38.4877],[16.43,38.4892],[16.4281,38.49],[16.4287,38.4877]]]}},{"type":"Feature","properties":{"landuse":"orchard"},"geometry":{"type":"Polygon","coordinates":[[[16.4329,38.4911],[16.4355,38.4907],[16.4342,38.492],[16.4329,38.4911]]]}},{"type":"Feature","properties":{"landuse":"orchard"},"geometry":{"type":"Polygon","coordinates":[[[16.4435,38.4889],[16.4422,38.4909],[16.4421,38.4892],[16.4435,38.4889]]]}},{"type":"Feature","properties":{"landuse":"farmland"},"geometry":{"type":"Polygon","coordinates":[[[16.4414,38.4876],[16.4427,38.4868],[16.4424,38.4884],[16.4414,38.4876]]]}},{"type":"Feature","properties":{"landuse":"orchard"},"geometry":{"type":"Polygon","coordinates":[[[16.4315,38.4888],[16.4329,38.4909],[16.4306,38.4902],[16.4315,38.4888]]]}},{"type":"Feature","properties":{"landuse":"orchard"},"geometry":{"type":"Polygon","coordinates":[[[16.4356,38.4905],[16.436,38.4892],[16.4373,38.4895],[16.4356,38.4905]]]}},{"type":"Feature","properties":{"landuse":"orchard"},"geometry":{"type":"Polygon","coordinates":[[[16.4426,38.485],[16.4456,38.4859],[16.4413,38.4872],[16.4426,38.485]]]}},{"type":"Feature","properties":{"landuse":"orchard"},"geometry":{"type":"Polygon","coordinates":[[[16.4392,38.4868],[16.4386,38.4853],[16.4412,38.4851],[16.4392,38.4868]]]}},{"type":"Feature","properties":{"landuse":"orchard"},"geometry":{"type":"Polygon","coordinates":[[[16.4383,38.4942],[16.4449,38.4871],[16.4576,38.4882],[16.4535,38.4925],[16.4431,38.4936],[16.4406,38.4962],[16.4458,38.4974],[16.4443,38.4999],[16.4361,38.4985],[16.4383,38.4942]]]}},{"type":"Feature","properties":{"landuse":"orchard"},"geometry":{"type":"Polygon","coordinates":[[[16.4509,38.4937],[16.4544,38.4934],[16.4504,38.4965],[16.4509,38.4937]]]}},{"type":"Feature","properties":{"landuse":"orchard"},"geometry":{"type":"Polygon","coordinates":[[[16.4637,38.4922],[16.467,38.4919],[16.4635,38.4939],[16.4669,38.4975],[16.4624,38.4955],[16.4637,38.4922]]]}},{"type":"Feature","properties":{"landuse":"orchard"},"geometry":{"type":"Polygon","coordinates":[[[16.4679,38.4944],[16.4669,38.4941],[16.4706,38.4951],[16.4679,38.4944]]]}},{"type":"Feature","properties":{"landuse":"farmland"},"geometry":{"type":"Polygon","coordinates":[[[16.4673,38.4955],[16.4683,38.4974],[16.4671,38.4973],[16.4673,38.4955]]]}},{"type":"Feature","properties":{"landuse":"orchard"},"geometry":{"type":"Polygon","coordinates":[[[16.4597,38.4881],[16.4631,38.4893],[16.4621,38.4929],[16.4539,38.4933],[16.4597,38.4881]]]}},{"type":"Feature","properties":{"landuse":"orchard"},"geometry":{"type":"Polygon","coordinates":[[[16.4579,38.4991],[16.459,38.5002],[16.4574,38.4995],[16.4579,38.4991]]]}},{"type":"Feature","properties":{"landuse":"farmland"},"geometry":{"type":"Polygon","coordinates":[[[16.4641,38.5013],[16.4669,38.5031],[16.4643,38.5023],[16.4641,38.5013]]]}},{"type":"Feature","properties":{"landuse":"farmland"},"geometry":{"type":"Polygon","coordinates":[[[16.4591,38.5096],[16.4581,38.5126],[16.4554,38.5141],[16.4591,38.5096]]]}},{"type":"Feature","properties":{"landuse":"orchard"},"geometry":{"type":"Polygon","coordinates":[[[16.4249,38.4733],[16.4384,38.4757],[16.4493,38.4828],[16.4225,38.4744],[16.4249,38.4733]]]}},{"type":"Feature","properties":{"landuse":"farmland"},"geometry":{"type":"Polygon","coordinates":[[[16.4389,38.4836],[16.4371,38.4848],[16.436,38.484],[16.4389,38.4836]]]}},{"type":"Feature","properties":{"landuse":"orchard"},"geometry":{"type":"Polygon","coordinates":[[[16.4326,38.4853],[16.4353,38.4848],[16.4336,38.4865],[16.4326,38.4853]]]}},{"type":"Feature","properties":{"landuse":"farmland"},"geometry":{"type":"Polygon","coordinates":[[[16.4341,38.4837],[16.4365,38.485],[16.4351,38.4858],[16.4341,38.4837]]]}},{"type":"Feature","properties":{"landuse":"orchard"},"geometry":{"type":"Polygon","coordinates":[[[16.454,38.4762],[16.4547,38.477],[16.4529,38.4776],[16.454,38.4762]]]}},{"type":"Feature","properties":{"landuse":"farmland"},"geometry":{"type":"Polygon","coordinates":[[[16.4709,38.4538],[16.4722,38.4548],[16.4637,38.4566],[16.4709,38.4538]]]}},{"type":"Feature","properties":{"landuse":"farmland"},"geometry":{"type":"Polygon","coordinates":[[[16.4694,38.4519],[16.4716,38.4512],[16.4711,38.4537],[16.4679,38.4546],[16.4694,38.4519]]]}},{"type":"Feature","properties":{"landuse":"farmland"},"geometry":{"type":"Polygon","coordinates":[[[16.3444,38.5675],[16.3445,38.5709],[16.341,38.5693],[16.338,38.5719],[16.3404,38.572],[16.3295,38.5689],[16.3444,38.5675]]]}},{"type":"Feature","properties":{"landuse":"orchard"},"geometry":{"type":"Polygon","coordinates":[[[16.5204,38.4459],[16.5188,38.4482],[16.5147,38.4466],[16.5181,38.4441],[16.5204,38.4459]]]}},{"type":"Feature","properties":{"landuse":"orchard"},"geometry":{"type":"Polygon","coordinates":[[[16.5276,38.4661],[16.529,38.468],[16.5207,38.4731],[16.5179,38.47],[16.5112,38.4736],[16.5093,38.4711],[16.5126,38.4678],[16.5129,38.47],[16.5276,38.4661]]]}},{"type":"Feature","properties":{"landuse":"orchard"},"geometry":{"type":"Polygon","coordinates":[[[16.5173,38.4716],[16.5197,38.4725],[16.5162,38.4736],[16.5173,38.4716]]]}},{"type":"Feature","properties":{"landuse":"orchard"},"geometry":{"type":"Polygon","coordinates":[[[16.5199,38.4758],[16.5223,38.4808],[16.5131,38.4801],[16.5199,38.4758]]]}},{"type":"Feature","properties":{"landuse":"orchard"},"geometry":{"type":"Polygon","coordinates":[[[16.5108,38.4792],[16.5102,38.4818],[16.5088,38.4795],[16.5108,38.4792]]]}},{"type":"Feature","properties":{"landuse":"farmland"},"geometry":{"type":"Polygon","coordinates":[[[16.5329,38.4638],[16.5358,38.4649],[16.534,38.4659],[16.5329,38.4638]]]}},{"type":"Feature","properties":{"landuse":"orchard"},"geometry":{"type":"Polygon","coordinates":[[[16.5383,38.4594],[16.5359,38.4571],[16.5415,38.4593],[16.5408,38.4622],[16.5383,38.4594]]]}},{"type":"Feature","properties":{"landuse":"orchard"},"geometry":{"type":"Polygon","coordinates":[[[16.5387,38.4601],[16.5392,38.4598],[16.5404,38.4625],[16.5387,38.4601]]]}},{"type":"Feature","properties":{"landuse":"orchard"},"geometry":{"type":"Polygon","coordinates":[[[16.4773,38.4028],[16.4791,38.4022],[16.4733,38.4049],[16.4773,38.4028]]]}},{"type":"Feature","properties":{"landuse":"farmland"},"geometry":{"type":"Polygon","coordinates":[[[16.4719,38.4854],[16.4739,38.4856],[16.4707,38.4862],[16.4719,38.4854]]]}},{"type":"Feature","properties":{"landuse":"farmland"},"geometry":{"type":"Polygon","coordinates":[[[16.4943,38.4664],[16.5003,38.4674],[16.4966,38.4694],[16.4943,38.4664]]]}},{"type":"Feature","properties":{"landuse":"orchard"},"geometry":{"type":"Polygon","coordinates":[[[16.5025,38.4471],[16.5069,38.447],[16.5045,38.4487],[16.5025,38.4471]]]}},{"type":"Feature","properties":{"landuse":"orchard"},"geometry":{"type":"Polygon","coordinates":[[[16.4487,38.4755],[16.4506,38.4758],[16.447,38.4762],[16.4487,38.4755]]]}},{"type":"Feature","properties":{"landuse":"greenhouse_horticulture"},"geometry":{"type":"Polygon","coordinates":[[[16.5722,38.465],[16.5742,38.4659],[16.5706,38.4659],[16.5722,38.465]]]}},{"type":"Feature","properties":{"landuse":"orchard"},"geometry":{"type":"Polygon","coordinates":[[[16.5391,38.4656],[16.5455,38.4643],[16.5448,38.4679],[16.5404,38.4664],[16.5297,38.4723],[16.5247,38.4716],[16.5391,38.4656]]]}},{"type":"Feature","properties":{"landuse":"orchard"},"geometry":{"type":"Polygon","coordinates":[[[17.1205,39.3982],[17.1256,39.3987],[17.1263,39.4018],[17.1172,39.4005],[17.1205,39.3982]]]}},{"type":"Feature","properties":{"landuse":"green_public_spaces"},"geometry":{"type":"Polygon","coordinates":[[[16.1332,38.05],[16.1343,38.0502],[16.1328,38.0507],[16.1332,38.05]]]}},{"type":"Feature","properties":{"landuse":"orchard"},"geometry":{"type":"Polygon","coordinates":[[[17.0967,39.0863],[17.1003,39.0848],[17.1014,39.0879],[17.0967,39.0863]]]}},{"type":"Feature","properties":{"landuse":"orchard"},"geometry":{"type":"Polygon","coordinates":[[[17.1196,39.0544],[17.1212,39.054],[17.1195,39.0555],[17.1196,39.0544]]]}},{"type":"Feature","properties":{"landuse":"orchard"},"geometry":{"type":"Polygon","coordinates":[[[16.4597,38.4709],[16.461,38.4691],[16.4626,38.4709],[16.4597,38.4709]]]}},{"type":"Feature","properties":{"landuse":"farmland"},"geometry":{"type":"Polygon","coordinates":[[[17.1013,39.0602],[17.1062,39.0623],[17.1024,39.0627],[17.1013,39.0602]]]}},{"type":"Feature","properties":{"landuse":"green_public_spaces"},"geometry":{"type":"Polygon","coordinates":[[[17.07,39.0238],[17.0739,39.0179],[17.0731,39.0241],[17.07,39.0238]]]}},{"type":"Feature","properties":{"landuse":"orchard"},"geometry":{"type":"Polygon","coordinates":[[[17.016,39.4717],[17.0247,39.4759],[17.0159,39.4753],[17.016,39.4717]]]}},{"type":"Feature","properties":{"landuse":"orchard"},"geometry":{"type":"Polygon","coordinates":[[[17.0875,39.0846],[17.0892,39.0857],[17.0847,39.0838],[17.0875,39.0846]]]}},{"type":"Feature","properties":{"landuse":"orchard"},"geometry":{"type":"Polygon","coordinates":[[[17.0848,39.0876],[17.092,39.0884],[17.0878,39.0902],[17.0848,39.0876]]]}},{"type":"Feature","properties":{"landuse":"orchard"},"geometry":{"type":"Polygon","coordinates":[[[17.0802,39.0836],[17.0736,39.0754],[17.0861,39.0853],[17.0802,39.0836]]]}},{"type":"Feature","properties":{"landuse":"green_public_spaces"},"geometry":{"type":"Polygon","coordinates":[[[16.5561,38.6863],[16.5553,38.688],[16.5555,38.6852],[16.5561,38.6863]]]}},{"type":"Feature","properties":{"landuse":"farmland"},"geometry":{"type":"Polygon","coordinates":[[[16.5488,38.426],[16.5532,38.4227],[16.5536,38.4266],[16.5488,38.426]]]}},{"type":"Feature","properties":{"landuse":"orchard"},"geometry":{"type":"Polygon","coordinates":[[[16.5512,38.4123],[16.5545,38.4124],[16.561,38.4188],[16.5512,38.4123]]]}},{"type":"Feature","properties":{"landuse":"farmland"},"geometry":{"type":"Polygon","coordinates":[[[16.542,38.4232],[16.5428,38.4252],[16.5362,38.4289],[16.5339,38.4257],[16.542,38.4232]]]}},{"type":"Feature","properties":{"landuse":"orchard"},"geometry":{"type":"Polygon","coordinates":[[[16.522,38.396],[16.5246,38.3965],[16.524,38.3974],[16.522,38.396]]]}},{"type":"Feature","properties":{"landuse":"orchard"},"geometry":{"type":"Polygon","coordinates":[[[16.5367,38.4898],[16.544,38.4831],[16.54,38.4895],[16.5367,38.4898]]]}},{"type":"Feature","properties":{"landuse":"orchard"},"geometry":{"type":"Polygon","coordinates":[[[16.5499,38.6275],[16.5583,38.6285],[16.5582,38.6338],[16.5496,38.635],[16.5499,38.6275]]]}},{"type":"Feature","properties":{"landuse":"orchard"},"geometry":{"type":"Polygon","coordinates":[[[16.5528,38.6233],[16.559,38.6224],[16.5587,38.6281],[16.552,38.6274],[16.5528,38.6233]]]}},{"type":"Feature","properties":{"landuse":"orchard"},"geometry":{"type":"Polygon","coordinates":[[[16.5212,38.4261],[16.5222,38.4268],[16.5175,38.4261],[16.5212,38.4261]]]}},{"type":"Feature","properties":{"landuse":"orchard"},"geometry":{"type":"Polygon","coordinates":[[[16.5223,38.4286],[16.5286,38.4287],[16.5251,38.4306],[16.5273,38.4336],[16.5172,38.4318],[16.5223,38.4286]]]}},{"type":"Feature","properties":{"landuse":"orchard"},"geometry":{"type":"Polygon","coordinates":[[[16.5228,38.4266],[16.5244,38.4279],[16.5231,38.4275],[16.5228,38.4266]]]}},{"type":"Feature","properties":{"landuse":"orchard"},"geometry":{"type":"Polygon","coordinates":[[[16.5252,38.4342],[16.5311,38.4362],[16.5239,38.4393],[16.5265,38.4374],[16.5252,38.4342]]]}},{"type":"Feature","properties":{"landuse":"orchard"},"geometry":{"type":"Polygon","coordinates":[[[16.5226,38.4241],[16.5268,38.4259],[16.522,38.4258],[16.5226,38.4241]]]}},{"type":"Feature","properties":{"landuse":"orchard"},"geometry":{"type":"Polygon","coordinates":[[[16.5201,38.4251],[16.5191,38.4233],[16.5211,38.4234],[16.5201,38.4251]]]}},{"type":"Feature","properties":{"landuse":"orchard"},"geometry":{"type":"Polygon","coordinates":[[[16.5291,38.4309],[16.5314,38.4318],[16.5284,38.4323],[16.5291,38.4309]]]}},{"type":"Feature","properties":{"landuse":"orchard"},"geometry":{"type":"Polygon","coordinates":[[[16.5405,38.4308],[16.5396,38.4309],[16.5406,38.4297],[16.5405,38.4308]]]}},{"type":"Feature","properties":{"landuse":"orchard"},"geometry":{"type":"Polygon","coordinates":[[[16.5359,38.4307],[16.538,38.4326],[16.5352,38.4325],[16.5359,38.4307]]]}},{"type":"Feature","properties":{"landuse":"orchard"},"geometry":{"type":"Polygon","coordinates":[[[16.5389,38.4297],[16.5399,38.4288],[16.5403,38.4295],[16.5389,38.4297]]]}},{"type":"Feature","properties":{"landuse":"orchard"},"geometry":{"type":"Polygon","coordinates":[[[16.5424,38.4206],[16.5421,38.423],[16.5392,38.4207],[16.5412,38.4213],[16.5404,38.4185],[16.5424,38.4206]]]}},{"type":"Feature","properties":{"landuse":"orchard"},"geometry":{"type":"Polygon","coordinates":[[[16.5297,38.4265],[16.5321,38.4252],[16.5347,38.4276],[16.5297,38.4265]]]}},{"type":"Feature","properties":{"landuse":"orchard"},"geometry":{"type":"Polygon","coordinates":[[[16.5458,38.4244],[16.5472,38.4255],[16.5459,38.4258],[16.5458,38.4244]]]}},{"type":"Feature","properties":{"landuse":"orchard"},"geometry":{"type":"Polygon","coordinates":[[[16.5397,38.4314],[16.5415,38.432],[16.54,38.4329],[16.5397,38.4314]]]}},{"type":"Feature","properties":{"landuse":"farmland"},"geometry":{"type":"Polygon","coordinates":[[[16.5195,38.4092],[16.5178,38.4082],[16.5197,38.4076],[16.5195,38.4092]]]}},{"type":"Feature","properties":{"landuse":"farmland"},"geometry":{"type":"Polygon","coordinates":[[[16.5089,38.4035],[16.5129,38.4051],[16.512,38.4076],[16.5089,38.4035]]]}},{"type":"Feature","properties":{"landuse":"orchard"},"geometry":{"type":"Polygon","coordinates":[[[16.5268,38.399],[16.5273,38.401],[16.5254,38.4003],[16.5268,38.399]]]}},{"type":"Feature","properties":{"landuse":"orchard"},"geometry":{"type":"Polygon","coordinates":[[[16.5308,38.4061],[16.5309,38.4043],[16.5327,38.406],[16.5308,38.4061]]]}},{"type":"Feature","properties":{"landuse":"orchard"},"geometry":{"type":"Polygon","coordinates":[[[16.531,38.401],[16.5336,38.4032],[16.5309,38.4016],[16.531,38.401]]]}},{"type":"Feature","properties":{"landuse":"farmland"},"geometry":{"type":"Polygon","coordinates":[[[16.5308,38.4016],[16.5333,38.4036],[16.5309,38.4043],[16.5308,38.4016]]]}},{"type":"Feature","properties":{"landuse":"farmland"},"geometry":{"type":"Polygon","coordinates":[[[16.5321,38.4048],[16.5343,38.4081],[16.5296,38.4097],[16.5321,38.4048]]]}},{"type":"Feature","properties":{"landuse":"orchard"},"geometry":{"type":"Polygon","coordinates":[[[16.4849,38.4081],[16.4841,38.4069],[16.4906,38.4073],[16.4849,38.4081]]]}},{"type":"Feature","properties":{"landuse":"farmland"},"geometry":{"type":"Polygon","coordinates":[[[16.5108,38.4081],[16.5136,38.4061],[16.5144,38.4104],[16.5108,38.4081]]]}},{"type":"Feature","properties":{"landuse":"farmland"},"geometry":{"type":"Polygon","coordinates":[[[16.5364,38.407],[16.5332,38.4059],[16.539,38.4064],[16.5364,38.407]]]}},{"type":"Feature","properties":{"landuse":"orchard"},"geometry":{"type":"Polygon","coordinates":[[[16.5301,38.4084],[16.5311,38.4059],[16.5325,38.4078],[16.5301,38.4084]]]}},{"type":"Feature","properties":{"landuse":"orchard"},"geometry":{"type":"Polygon","coordinates":[[[16.5123,38.4155],[16.5139,38.4121],[16.5167,38.4157],[16.5123,38.4155]]]}},{"type":"Feature","properties":{"landuse":"orchard"},"geometry":{"type":"Polygon","coordinates":[[[16.5005,38.4417],[16.4982,38.4423],[16.4993,38.4388],[16.5033,38.4404],[16.5005,38.4417]]]}},{"type":"Feature","properties":{"landuse":"farmland"},"geometry":{"type":"Polygon","coordinates":[[[16.4967,38.4413],[16.4958,38.441],[16.4984,38.4391],[16.4967,38.4413]]]}},{"type":"Feature","properties":{"landuse":"farmland"},"geometry":{"type":"Polygon","coordinates":[[[16.5326,38.4006],[16.5342,38.4019],[16.531,38.401],[16.5326,38.4006]]]}},{"type":"Feature","properties":{"landuse":"orchard"},"geometry":{"type":"Polygon","coordinates":[[[16.5239,38.4096],[16.5253,38.4096],[16.5247,38.4107],[16.5239,38.4096]]]}},{"type":"Feature","properties":{"landuse":"orchard"},"geometry":{"type":"Polygon","coordinates":[[[16.4705,38.4677],[16.4692,38.466],[16.4723,38.4678],[16.4705,38.4677]]]}},{"type":"Feature","properties":{"landuse":"orchard"},"geometry":{"type":"Polygon","coordinates":[[[16.4753,38.4766],[16.4785,38.4775],[16.4734,38.48],[16.4753,38.4766]]]}},{"type":"Feature","properties":{"landuse":"farmland"},"geometry":{"type":"Polygon","coordinates":[[[16.4683,38.4747],[16.4692,38.4731],[16.4696,38.4749],[16.4683,38.4747]]]}},{"type":"Feature","properties":{"landuse":"orchard"},"geometry":{"type":"Polygon","coordinates":[[[16.4674,38.4666],[16.4653,38.466],[16.4677,38.4634],[16.4674,38.4666]]]}},{"type":"Feature","properties":{"landuse":"orchard"},"geometry":{"type":"Polygon","coordinates":[[[16.4701,38.4657],[16.4713,38.4635],[16.4727,38.466],[16.4701,38.4657]]]}},{"type":"Feature","properties":{"landuse":"orchard"},"geometry":{"type":"Polygon","coordinates":[[[16.4608,38.4569],[16.4592,38.4596],[16.4564,38.4596],[16.4608,38.4569]]]}},{"type":"Feature","properties":{"landuse":"orchard"},"geometry":{"type":"Polygon","coordinates":[[[16.4724,38.4717],[16.4733,38.4703],[16.4736,38.4726],[16.4724,38.4717]]]}},{"type":"Feature","properties":{"landuse":"orchard"},"geometry":{"type":"Polygon","coordinates":[[[16.4851,38.4537],[16.4863,38.4546],[16.4835,38.4552],[16.4851,38.4537]]]}},{"type":"Feature","properties":{"landuse":"orchard"},"geometry":{"type":"Polygon","coordinates":[[[16.4622,38.4542],[16.4636,38.4544],[16.463,38.4559],[16.4622,38.4542]]]}},{"type":"Feature","properties":{"landuse":"orchard"},"geometry":{"type":"Polygon","coordinates":[[[16.4812,38.4516],[16.4792,38.4559],[16.4767,38.455],[16.4812,38.4516]]]}},{"type":"Feature","properties":{"landuse":"orchard"},"geometry":{"type":"Polygon","coordinates":[[[16.4748,38.4664],[16.4715,38.4634],[16.4728,38.4628],[16.4748,38.4664]]]}},{"type":"Feature","properties":{"landuse":"orchard"},"geometry":{"type":"Polygon","coordinates":[[[16.4843,38.4739],[16.4814,38.4728],[16.484,38.4716],[16.4843,38.4739]]]}},{"type":"Feature","properties":{"landuse":"orchard"},"geometry":{"type":"Polygon","coordinates":[[[16.4788,38.4622],[16.4821,38.4607],[16.4818,38.4656],[16.4788,38.4622]]]}},{"type":"Feature","properties":{"landuse":"orchard"},"geometry":{"type":"Polygon","coordinates":[[[16.4914,38.4598],[16.4945,38.4617],[16.4877,38.4618],[16.4914,38.4598]]]}},{"type":"Feature","properties":{"landuse":"orchard"},"geometry":{"type":"Polygon","coordinates":[[[16.5081,38.4547],[16.5135,38.4578],[16.5104,38.4612],[16.5046,38.461],[16.5071,38.4572],[16.5037,38.4564],[16.5081,38.4547]]]}},{"type":"Feature","properties":{"landuse":"orchard"},"geometry":{"type":"Polygon","coordinates":[[[16.4948,38.4585],[16.497,38.4584],[16.4926,38.4593],[16.4948,38.4585]]]}},{"type":"Feature","properties":{"landuse":"orchard"},"geometry":{"type":"Polygon","coordinates":[[[16.4543,38.4252],[16.4568,38.4239],[16.4562,38.4267],[16.4543,38.4252]]]}},{"type":"Feature","properties":{"landuse":"orchard"},"geometry":{"type":"Polygon","coordinates":[[[16.4721,38.41],[16.4743,38.4097],[16.474,38.4104],[16.4721,38.41]]]}},{"type":"Feature","properties":{"landuse":"orchard"},"geometry":{"type":"Polygon","coordinates":[[[16.4638,38.4066],[16.4664,38.4068],[16.4658,38.4096],[16.4638,38.4066]]]}},{"type":"Feature","properties":{"landuse":"orchard"},"geometry":{"type":"Polygon","coordinates":[[[16.4765,38.4079],[16.477,38.4086],[16.4751,38.4102],[16.4765,38.4079]]]}},{"type":"Feature","properties":{"landuse":"orchard"},"geometry":{"type":"Polygon","coordinates":[[[16.4606,38.4142],[16.4614,38.4151],[16.4595,38.416],[16.4606,38.4142]]]}},{"type":"Feature","properties":{"landuse":"orchard"},"geometry":{"type":"Polygon","coordinates":[[[16.564,38.4372],[16.5657,38.4367],[16.5661,38.438],[16.564,38.4372]]]}},{"type":"Feature","properties":{"landuse":"orchard"},"geometry":{"type":"Polygon","coordinates":[[[16.5571,38.4461],[16.5633,38.4436],[16.5658,38.4465],[16.5571,38.4461]]]}},{"type":"Feature","properties":{"landuse":"orchard"},"geometry":{"type":"Polygon","coordinates":[[[16.5551,38.4431],[16.5555,38.4445],[16.5531,38.4429],[16.5551,38.4431]]]}},{"type":"Feature","properties":{"landuse":"green_public_spaces"},"geometry":{"type":"Polygon","coordinates":[[[16.6422,39.602],[16.6408,39.6005],[16.6418,39.6004],[16.6422,39.602]]]}},{"type":"Feature","properties":{"landuse":"farmland"},"geometry":{"type":"Polygon","coordinates":[[[16.2294,38.7572],[16.2334,38.7579],[16.2284,38.7593],[16.2294,38.7572]]]}},{"type":"Feature","properties":{"landuse":"orchard"},"geometry":{"type":"Polygon","coordinates":[[[16.231,38.7556],[16.2351,38.7567],[16.2319,38.7576],[16.231,38.7556]]]}},{"type":"Feature","properties":{"landuse":"orchard"},"geometry":{"type":"Polygon","coordinates":[[[16.2281,38.7577],[16.2257,38.7546],[16.2295,38.751],[16.2321,38.7541],[16.2281,38.7577]]]}},{"type":"Feature","properties":{"landuse":"farmland"},"geometry":{"type":"Polygon","coordinates":[[[16.2728,38.6145],[16.2718,38.6123],[16.2804,38.6114],[16.2799,38.6146],[16.2728,38.6145]]]}},{"type":"Feature","properties":{"landuse":"farmland"},"geometry":{"type":"Polygon","coordinates":[[[16.2582,38.5759],[16.2569,38.5754],[16.2598,38.5739],[16.2582,38.5759]]]}},{"type":"Feature","properties":{"landuse":"farmland"},"geometry":{"type":"Polygon","coordinates":[[[16.26,38.5767],[16.2617,38.5799],[16.2608,38.581],[16.26,38.5767]]]}},{"type":"Feature","properties":{"landuse":"farmland"},"geometry":{"type":"Polygon","coordinates":[[[16.3205,38.5696],[16.3188,38.5684],[16.3238,38.571],[16.3205,38.5696]]]}},{"type":"Feature","properties":{"landuse":"farmland"},"geometry":{"type":"Polygon","coordinates":[[[16.3209,38.5702],[16.3219,38.5709],[16.321,38.5715],[16.3209,38.5702]]]}},{"type":"Feature","properties":{"landuse":"orchard"},"geometry":{"type":"Polygon","coordinates":[[[16.4642,38.4899],[16.4643,38.4876],[16.4703,38.4895],[16.4642,38.4899]]]}},{"type":"Feature","properties":{"landuse":"orchard"},"geometry":{"type":"Polygon","coordinates":[[[16.4811,38.4822],[16.4843,38.481],[16.4875,38.4895],[16.4827,38.4878],[16.4811,38.4822]]]}},{"type":"Feature","properties":{"landuse":"farmland"},"geometry":{"type":"Polygon","coordinates":[[[16.3295,38.5598],[16.3311,38.5602],[16.3307,38.5611],[16.3291,38.5607],[16.3295,38.5598]]]}},{"type":"Feature","properties":{"landuse":"farmland"},"geometry":{"type":"Polygon","coordinates":[[[16.3313,38.5599],[16.3322,38.5591],[16.3333,38.5598],[16.3313,38.5599]]]}},{"type":"Feature","properties":{"landuse":"orchard"},"geometry":{"type":"Polygon","coordinates":[[[16.5767,38.4564],[16.576,38.4581],[16.5706,38.4584],[16.5767,38.4564]]]}},{"type":"Feature","properties":{"landuse":"orchard"},"geometry":{"type":"Polygon","coordinates":[[[16.5729,38.4679],[16.5705,38.4702],[16.5712,38.4679],[16.5668,38.4665],[16.5729,38.4679]]]}},{"type":"Feature","properties":{"landuse":"orchard"},"geometry":{"type":"Polygon","coordinates":[[[16.5703,38.4581],[16.5576,38.4607],[16.5593,38.4637],[16.5456,38.4641],[16.5469,38.4608],[16.5581,38.4574],[16.5703,38.4581]]]}},{"type":"Feature","properties":{"landuse":"orchard"},"geometry":{"type":"Polygon","coordinates":[[[16.5512,38.4757],[16.5563,38.4757],[16.5516,38.4782],[16.545,38.4761],[16.5512,38.4757]]]}},{"type":"Feature","properties":{"landuse":"orchard"},"geometry":{"type":"Polygon","coordinates":[[[16.5685,38.4729],[16.5708,38.4718],[16.5642,38.477],[16.5641,38.4733],[16.5685,38.4729]]]}},{"type":"Feature","properties":{"landuse":"orchard"},"geometry":{"type":"Polygon","coordinates":[[[16.5308,38.4815],[16.5284,38.4805],[16.536,38.4811],[16.533,38.4835],[16.5308,38.4815]]]}},{"type":"Feature","properties":{"landuse":"orchard"},"geometry":{"type":"Polygon","coordinates":[[[16.566,38.4396],[16.5676,38.4415],[16.5603,38.4413],[16.566,38.4396]]]}},{"type":"Feature","properties":{"landuse":"orchard"},"geometry":{"type":"Polygon","coordinates":[[[16.2177,38.1918],[16.2206,38.1946],[16.2165,38.1981],[16.2139,38.1936],[16.2177,38.1918]]]}},{"type":"Feature","properties":{"landuse":"orchard"},"geometry":{"type":"Polygon","coordinates":[[[16.2216,38.1939],[16.2161,38.2028],[16.2138,38.2013],[16.2113,38.195],[16.2139,38.1936],[16.2165,38.1981],[16.2216,38.1939]]]}},{"type":"Feature","properties":{"landuse":"orchard"},"geometry":{"type":"Polygon","coordinates":[[[16.2074,38.1949],[16.1886,38.2028],[16.1886,38.2006],[16.2074,38.1949]]]}},{"type":"Feature","properties":{"landuse":"orchard"},"geometry":{"type":"Polygon","coordinates":[[[16.2393,38.2115],[16.2419,38.2108],[16.2432,38.2145],[16.2372,38.2209],[16.2339,38.2171],[16.2393,38.2115]]]}},{"type":"Feature","properties":{"landuse":"orchard"},"geometry":{"type":"Polygon","coordinates":[[[16.239,38.2081],[16.2335,38.2156],[16.2309,38.2143],[16.2347,38.2106],[16.2328,38.2083],[16.239,38.2081]]]}},{"type":"Feature","properties":{"landuse":"farmland"},"geometry":{"type":"Polygon","coordinates":[[[16.1557,38.3478],[16.1534,38.3462],[16.1647,38.3463],[16.1611,38.3523],[16.1557,38.3478]]]}},{"type":"Feature","properties":{"landuse":"farmland"},"geometry":{"type":"Polygon","coordinates":[[[16.1631,38.3519],[16.1642,38.3497],[16.1672,38.3501],[16.1655,38.3526],[16.1631,38.3519]]]}},{"type":"Feature","properties":{"landuse":"green_public_spaces"},"geometry":{"type":"Polygon","coordinates":[[[16.3339,38.5826],[16.3362,38.5815],[16.335,38.5834],[16.3339,38.5826]]]}},{"type":"Feature","properties":{"landuse":"orchard"},"geometry":{"type":"Polygon","coordinates":[[[17.1016,39.0783],[17.1039,39.0805],[17.0992,39.0794],[17.1016,39.0783]]]}},{"type":"Feature","properties":{"landuse":"orchard"},"geometry":{"type":"Polygon","coordinates":[[[17.1017,39.0898],[17.1044,39.0886],[17.1032,39.0917],[17.1017,39.0898]]]}},{"type":"Feature","properties":{"landuse":"orchard"},"geometry":{"type":"Polygon","coordinates":[[[17.1011,39.0909],[17.1016,39.0925],[17.0979,39.0947],[17.1011,39.0909]]]}},{"type":"Feature","properties":{"landuse":"orchard"},"geometry":{"type":"Polygon","coordinates":[[[17.0975,39.092],[17.1003,39.0882],[17.0973,39.0931],[17.0975,39.092]]]}},{"type":"Feature","properties":{"landuse":"farmland"},"geometry":{"type":"Polygon","coordinates":[[[15.6587,38.157],[15.6616,38.1587],[15.6604,38.1612],[15.6552,38.1629],[15.6587,38.157]]]}},{"type":"Feature","properties":{"landuse":"orchard"},"geometry":{"type":"Polygon","coordinates":[[[16.4588,38.4252],[16.4602,38.4256],[16.4597,38.4277],[16.4588,38.4252]]]}},{"type":"Feature","properties":{"landuse":"orchard"},"geometry":{"type":"Polygon","coordinates":[[[16.4531,38.4275],[16.4547,38.4258],[16.4566,38.4302],[16.4538,38.4312],[16.4531,38.4275]]]}},{"type":"Feature","properties":{"landuse":"orchard"},"geometry":{"type":"Polygon","coordinates":[[[16.4523,38.4314],[16.4522,38.4297],[16.4531,38.4312],[16.4523,38.4314]]]}},{"type":"Feature","properties":{"landuse":"orchard"},"geometry":{"type":"Polygon","coordinates":[[[16.4542,38.4808],[16.4582,38.4806],[16.4564,38.4836],[16.4542,38.4808]]]}},{"type":"Feature","properties":{"landuse":"farmland"},"geometry":{"type":"Polygon","coordinates":[[[16.4072,38.8879],[16.408,38.8855],[16.409,38.8869],[16.4072,38.8879]]]}},{"type":"Feature","properties":{"landuse":"farmland"},"geometry":{"type":"Polygon","coordinates":[[[16.4099,38.8868],[16.41,38.8829],[16.4161,38.8833],[16.4099,38.8868]]]}},{"type":"Feature","properties":{"landuse":"orchard"},"geometry":{"type":"Polygon","coordinates":[[[16.5814,38.4624],[16.5801,38.4624],[16.58,38.4601],[16.5814,38.4624]]]}},{"type":"Feature","properties":{"landuse":"orchard"},"geometry":{"type":"Polygon","coordinates":[[[16.578,38.4651],[16.5795,38.4649],[16.5781,38.4684],[16.578,38.4651]]]}},{"type":"Feature","properties":{"landuse":"orchard"},"geometry":{"type":"Polygon","coordinates":[[[16.5762,38.4589],[16.5791,38.4596],[16.5767,38.4607],[16.5762,38.4589]]]}},{"type":"Feature","properties":{"landuse":"orchard"},"geometry":{"type":"Polygon","coordinates":[[[16.5679,38.4622],[16.5735,38.4599],[16.5704,38.4628],[16.5679,38.4622]]]}},{"type":"Feature","properties":{"landuse":"orchard"},"geometry":{"type":"Polygon","coordinates":[[[16.5741,38.4645],[16.5763,38.463],[16.5771,38.4663],[16.5743,38.4672],[16.5741,38.4645]]]}},{"type":"Feature","properties":{"landuse":"orchard"},"geometry":{"type":"Polygon","coordinates":[[[16.5796,38.4583],[16.5799,38.4586],[16.58,38.4681],[16.5796,38.4583]]]}},{"type":"Feature","properties":{"landuse":"farmland"},"geometry":{"type":"Polygon","coordinates":[[[16.5511,38.6771],[16.5561,38.6774],[16.5518,38.6797],[16.5511,38.6771]]]}},{"type":"Feature","properties":{"landuse":"orchard"},"geometry":{"type":"Polygon","coordinates":[[[16.3736,38.9055],[16.3756,38.9056],[16.3741,38.9081],[16.3736,38.9055]]]}},{"type":"Feature","properties":{"landuse":"orchard"},"geometry":{"type":"Polygon","coordinates":[[[16.3864,38.9074],[16.3892,38.9081],[16.3889,38.9113],[16.3864,38.9074]]]}},{"type":"Feature","properties":{"landuse":"green_public_spaces"},"geometry":{"type":"Polygon","coordinates":[[[17.1406,39.3812],[17.1428,39.3833],[17.1422,39.3837],[17.1406,39.3812]]]}},{"type":"Feature","properties":{"landuse":"orchard"},"geometry":{"type":"Polygon","coordinates":[[[16.883,39.1856],[16.8851,39.1846],[16.8849,39.1864],[16.883,39.1856]]]}},{"type":"Feature","properties":{"landuse":"green_public_spaces"},"geometry":{"type":"Polygon","coordinates":[[[16.3126,38.9738],[16.3144,38.9738],[16.3134,38.9752],[16.3126,38.9738]]]}},{"type":"Feature","properties":{"landuse":"orchard"},"geometry":{"type":"Polygon","coordinates":[[[16.4126,38.9512],[16.4185,38.9496],[16.4124,38.9525],[16.4126,38.9512]]]}},{"type":"Feature","properties":{"landuse":"orchard"},"geometry":{"type":"Polygon","coordinates":[[[16.3921,38.9514],[16.3897,38.9511],[16.3896,38.9479],[16.3921,38.9514]]]}},{"type":"Feature","properties":{"landuse":"orchard"},"geometry":{"type":"Polygon","coordinates":[[[16.3962,38.9543],[16.3945,38.957],[16.393,38.9549],[16.4011,38.9527],[16.3975,38.9541],[16.401,38.9571],[16.4036,38.9556],[16.4026,38.9613],[16.395,38.9607],[16.3989,38.9571],[16.3962,38.9543]]]}},{"type":"Feature","properties":{"landuse":"orchard"},"geometry":{"type":"Polygon","coordinates":[[[16.3859,38.9453],[16.3885,38.9457],[16.3884,38.9475],[16.3859,38.9453]]]}},{"type":"Feature","properties":{"landuse":"orchard"},"geometry":{"type":"Polygon","coordinates":[[[16.392,38.9461],[16.3992,38.9488],[16.3938,38.9495],[16.3889,38.9452],[16.392,38.9461]]]}},{"type":"Feature","properties":{"landuse":"orchard"},"geometry":{"type":"Polygon","coordinates":[[[16.404,38.9515],[16.3989,38.9459],[16.4039,38.9489],[16.402,38.9438],[16.4043,38.9432],[16.4102,38.9506],[16.404,38.9515]]]}},{"type":"Feature","properties":{"landuse":"orchard"},"geometry":{"type":"Polygon","coordinates":[[[16.3822,38.9368],[16.3843,38.9385],[16.3806,38.9371],[16.3822,38.9368]]]}},{"type":"Feature","properties":{"landuse":"orchard"},"geometry":{"type":"Polygon","coordinates":[[[16.3797,38.9536],[16.3789,38.9489],[16.3825,38.9496],[16.3797,38.9536]]]}},{"type":"Feature","properties":{"landuse":"orchard"},"geometry":{"type":"Polygon","coordinates":[[[16.3803,38.9354],[16.3815,38.9342],[16.3825,38.9363],[16.3803,38.9354]]]}},{"type":"Feature","properties":{"landuse":"orchard"},"geometry":{"type":"Polygon","coordinates":[[[16.3862,38.9513],[16.3839,38.951],[16.3834,38.9491],[16.3862,38.9513]]]}},{"type":"Feature","properties":{"landuse":"orchard"},"geometry":{"type":"Polygon","coordinates":[[[16.3827,38.9485],[16.3839,38.9466],[16.3848,38.9485],[16.3827,38.9485]]]}},{"type":"Feature","properties":{"landuse":"orchard"},"geometry":{"type":"Polygon","coordinates":[[[16.3966,38.9669],[16.3947,38.9669],[16.3939,38.9642],[16.3966,38.9669]]]}},{"type":"Feature","properties":{"landuse":"orchard"},"geometry":{"type":"Polygon","coordinates":[[[16.38,38.956],[16.3787,38.9538],[16.3851,38.9556],[16.38,38.956]]]}},{"type":"Feature","properties":{"landuse":"orchard"},"geometry":{"type":"Polygon","coordinates":[[[16.385,38.9565],[16.3856,38.9553],[16.3868,38.9558],[16.385,38.9565]]]}},{"type":"Feature","properties":{"landuse":"orchard"},"geometry":{"type":"Polygon","coordinates":[[[16.382,38.9449],[16.3839,38.9465],[16.3823,38.9477],[16.382,38.9449]]]}},{"type":"Feature","properties":{"landuse":"orchard"},"geometry":{"type":"Polygon","coordinates":[[[16.3922,38.9571],[16.3941,38.959],[16.3922,38.9614],[16.3922,38.9571]]]}},{"type":"Feature","properties":{"landuse":"orchard"},"geometry":{"type":"Polygon","coordinates":[[[16.383,38.9452],[16.3796,38.9374],[16.3833,38.9393],[16.3818,38.9415],[16.3851,38.9442],[16.383,38.9452]]]}},{"type":"Feature","properties":{"landuse":"orchard"},"geometry":{"type":"Polygon","coordinates":[[[16.3745,38.9412],[16.3758,38.9394],[16.3782,38.941],[16.3745,38.9412]]]}},{"type":"Feature","properties":{"landuse":"orchard"},"geometry":{"type":"Polygon","coordinates":[[[16.3656,38.9432],[16.3681,38.9415],[16.3713,38.9441],[16.3656,38.9432]]]}},{"type":"Feature","properties":{"landuse":"farmland"},"geometry":{"type":"Polygon","coordinates":[[[16.3617,38.9471],[16.3636,38.9455],[16.366,38.9484],[16.3617,38.9471]]]}},{"type":"Feature","properties":{"landuse":"orchard"},"geometry":{"type":"Polygon","coordinates":[[[16.3822,38.9521],[16.3843,38.953],[16.3833,38.9543],[16.3822,38.9521]]]}},{"type":"Feature","properties":{"landuse":"orchard"},"geometry":{"type":"Polygon","coordinates":[[[16.3824,38.9358],[16.3816,38.9338],[16.386,38.9328],[16.3824,38.9358]]]}},{"type":"Feature","properties":{"landuse":"orchard"},"geometry":{"type":"Polygon","coordinates":[[[16.3864,38.9398],[16.3977,38.9457],[16.3837,38.9425],[16.3832,38.937],[16.3864,38.9398]]]}},{"type":"Feature","properties":{"landuse":"orchard"},"geometry":{"type":"Polygon","coordinates":[[[16.3953,38.9627],[16.3928,38.9635],[16.3924,38.9615],[16.3953,38.9627]]]}},{"type":"Feature","properties":{"landuse":"orchard"},"geometry":{"type":"Polygon","coordinates":[[[16.3745,38.9355],[16.3778,38.9399],[16.3739,38.9375],[16.3745,38.9355]]]}},{"type":"Feature","properties":{"landuse":"orchard"},"geometry":{"type":"Polygon","coordinates":[[[16.3739,38.9391],[16.3732,38.9385],[16.3742,38.938],[16.3739,38.9391]]]}},{"type":"Feature","properties":{"landuse":"orchard"},"geometry":{"type":"Polygon","coordinates":[[[16.4015,38.9511],[16.4031,38.9517],[16.4034,38.9532],[16.4015,38.9511]]]}},{"type":"Feature","properties":{"landuse":"orchard"},"geometry":{"type":"Polygon","coordinates":[[[16.3731,38.9396],[16.3725,38.9401],[16.3711,38.9385],[16.3731,38.9396]]]}},{"type":"Feature","properties":{"landuse":"orchard"},"geometry":{"type":"Polygon","coordinates":[[[16.3731,38.9382],[16.3659,38.9345],[16.3722,38.9344],[16.3731,38.9382]]]}},{"type":"Feature","properties":{"landuse":"farmland"},"geometry":{"type":"Polygon","coordinates":[[[16.405,38.8831],[16.4047,38.8852],[16.401,38.8851],[16.405,38.8831]]]}},{"type":"Feature","properties":{"landuse":"orchard"},"geometry":{"type":"Polygon","coordinates":[[[16.3678,38.9457],[16.3637,38.9458],[16.3625,38.9425],[16.3678,38.9457]]]}},{"type":"Feature","properties":{"landuse":"orchard"},"geometry":{"type":"Polygon","coordinates":[[[16.3919,38.9654],[16.39,38.9629],[16.3918,38.9636],[16.3919,38.9654]]]}},{"type":"Feature","properties":{"landuse":"farmland"},"geometry":{"type":"Polygon","coordinates":[[[16.3939,38.9675],[16.3935,38.9695],[16.3926,38.9684],[16.3939,38.9675]]]}},{"type":"Feature","properties":{"landuse":"farmland"},"geometry":{"type":"Polygon","coordinates":[[[16.3925,38.9688],[16.3912,38.9697],[16.3902,38.9673],[16.3925,38.9688]]]}},{"type":"Feature","properties":{"landuse":"greenhouse_horticulture"},"geometry":{"type":"Polygon","coordinates":[[[16.3973,38.9512],[16.3987,38.9494],[16.3996,38.9502],[16.3973,38.9512]]]}},{"type":"Feature","properties":{"landuse":"greenhouse_horticulture"},"geometry":{"type":"Polygon","coordinates":[[[16.374,38.9297],[16.3775,38.931],[16.3758,38.9322],[16.374,38.9297]]]}},{"type":"Feature","properties":{"landuse":"orchard"},"geometry":{"type":"Polygon","coordinates":[[[16.3586,38.9219],[16.3534,38.9193],[16.3533,38.9138],[16.3586,38.9219]]]}},{"type":"Feature","properties":{"landuse":"orchard"},"geometry":{"type":"Polygon","coordinates":[[[16.3549,38.9144],[16.3427,38.911],[16.3447,38.9064],[16.3549,38.9144]]]}},{"type":"Feature","properties":{"landuse":"orchard"},"geometry":{"type":"Polygon","coordinates":[[[16.3592,38.9218],[16.357,38.9156],[16.3431,38.9035],[16.3635,38.9094],[16.3592,38.9218]]]}},{"type":"Feature","properties":{"landuse":"orchard"},"geometry":{"type":"Polygon","coordinates":[[[16.3616,38.9477],[16.3663,38.9546],[16.3732,38.9525],[16.3797,38.956],[16.3667,38.9579],[16.3585,38.9466],[16.3616,38.9477]]]}},{"type":"Feature","properties":{"landuse":"orchard"},"geometry":{"type":"Polygon","coordinates":[[[16.3799,38.9089],[16.3794,38.9066],[16.3853,38.9064],[16.3799,38.9089]]]}},{"type":"Feature","properties":{"landuse":"orchard"},"geometry":{"type":"Polygon","coordinates":[[[16.3705,38.9093],[16.3771,38.9087],[16.3718,38.9106],[16.3664,38.9069],[16.3709,38.9055],[16.3705,38.9093]]]}},{"type":"Feature","properties":{"landuse":"orchard"},"geometry":{"type":"Polygon","coordinates":[[[16.3848,38.9372],[16.3931,38.9373],[16.4001,38.9451],[16.3848,38.9372]]]}},{"type":"Feature","properties":{"landuse":"orchard"},"geometry":{"type":"Polygon","coordinates":[[[16.4029,38.8879],[16.4024,38.8867],[16.4042,38.8863],[16.4029,38.8879]]]}},{"type":"Feature","properties":{"landuse":"orchard"},"geometry":{"type":"Polygon","coordinates":[[[16.4022,38.893],[16.3908,38.8951],[16.3935,38.8947],[16.3924,38.8925],[16.4022,38.893]]]}},{"type":"Feature","properties":{"landuse":"farmland"},"geometry":{"type":"Polygon","coordinates":[[[16.4054,38.8868],[16.4075,38.8869],[16.403,38.8917],[16.4054,38.8868]]]}},{"type":"Feature","properties":{"landuse":"orchard"},"geometry":{"type":"Polygon","coordinates":[[[16.3919,38.8763],[16.391,38.8737],[16.3983,38.8767],[16.3989,38.8723],[16.4026,38.8723],[16.4067,38.8764],[16.4127,38.8749],[16.4145,38.8807],[16.401,38.8851],[16.3997,38.8919],[16.3918,38.8921],[16.3926,38.8891],[16.3842,38.8921],[16.3842,38.8891],[16.3698,38.891],[16.3688,38.8887],[16.3739,38.884],[16.3837,38.883],[16.3843,38.8788],[16.3911,38.8788],[16.3919,38.8763]]]}},{"type":"Feature","properties":{"landuse":"farmland"},"geometry":{"type":"Polygon","coordinates":[[[16.4169,38.8845],[16.4198,38.8844],[16.4189,38.8853],[16.4169,38.8845]]]}},{"type":"Feature","properties":{"landuse":"farmland"},"geometry":{"type":"Polygon","coordinates":[[[16.4082,38.8842],[16.4077,38.8862],[16.4069,38.8851],[16.4082,38.8842]]]}},{"type":"Feature","properties":{"landuse":"farmland"},"geometry":{"type":"Polygon","coordinates":[[[16.4057,38.8916],[16.4065,38.8924],[16.4001,38.8947],[16.4057,38.8916]]]}},{"type":"Feature","properties":{"landuse":"farmland"},"geometry":{"type":"Polygon","coordinates":[[[17.0993,39.0566],[17.1031,39.0593],[17.1012,39.0599],[17.0993,39.0566]]]}},{"type":"Feature","properties":{"landuse":"farmland"},"geometry":{"type":"Polygon","coordinates":[[[17.0975,39.0563],[17.0988,39.0571],[17.0963,39.0572],[17.0975,39.0563]]]}},{"type":"Feature","properties":{"landuse":"orchard"},"geometry":{"type":"Polygon","coordinates":[[[16.3869,38.9012],[16.3874,38.9004],[16.3888,38.9005],[16.3869,38.9012]]]}},{"type":"Feature","properties":{"landuse":"orchard"},"geometry":{"type":"Polygon","coordinates":[[[16.3936,38.8985],[16.384,38.899],[16.3973,38.8951],[16.3936,38.8985]]]}},{"type":"Feature","properties":{"landuse":"orchard"},"geometry":{"type":"Polygon","coordinates":[[[16.3965,38.897],[16.3971,38.8953],[16.3988,38.8953],[16.3965,38.897]]]}},{"type":"Feature","properties":{"landuse":"orchard"},"geometry":{"type":"Polygon","coordinates":[[[16.3625,38.8939],[16.3563,38.8919],[16.3576,38.8865],[16.3591,38.8901],[16.3673,38.8917],[16.3842,38.8891],[16.3842,38.8921],[16.3764,38.8959],[16.3625,38.8939]]]}},{"type":"Feature","properties":{"landuse":"orchard"},"geometry":{"type":"Polygon","coordinates":[[[16.3828,38.8932],[16.391,38.8921],[16.3861,38.8948],[16.3828,38.8932]]]}},{"type":"Feature","properties":{"landuse":"farmland"},"geometry":{"type":"Polygon","coordinates":[[[16.382,38.895],[16.3793,38.8978],[16.3774,38.8952],[16.384,38.8921],[16.382,38.895]]]}},{"type":"Feature","properties":{"landuse":"orchard"},"geometry":{"type":"Polygon","coordinates":[[[16.5214,39.8509],[16.5295,39.8627],[16.5083,39.8591],[16.5214,39.8509]]]}},{"type":"Feature","properties":{"landuse":"farmland"},"geometry":{"type":"Polygon","coordinates":[[[16.5079,39.8589],[16.5077,39.8638],[16.4968,39.8667],[16.5043,39.8622],[16.4994,39.8654],[16.4973,39.8637],[16.5079,39.8589]]]}},{"type":"Feature","properties":{"landuse":"farmland"},"geometry":{"type":"Polygon","coordinates":[[[16.5096,39.8574],[16.5091,39.8559],[16.5201,39.8509],[16.5096,39.8574]]]}},{"type":"Feature","properties":{"landuse":"farmland"},"geometry":{"type":"Polygon","coordinates":[[[16.5195,39.8658],[16.5208,39.8638],[16.5219,39.8645],[16.5195,39.8658]]]}},{"type":"Feature","properties":{"landuse":"farmland"},"geometry":{"type":"Polygon","coordinates":[[[16.4176,38.877],[16.4196,38.8804],[16.4158,38.8818],[16.4176,38.877]]]}},{"type":"Feature","properties":{"landuse":"farmland"},"geometry":{"type":"Polygon","coordinates":[[[16.4222,38.8826],[16.4235,38.8836],[16.4206,38.8843],[16.4222,38.8826]]]}},{"type":"Feature","properties":{"landuse":"farmland"},"geometry":{"type":"Polygon","coordinates":[[[16.4204,38.884],[16.4199,38.883],[16.4217,38.883],[16.4204,38.884]]]}},{"type":"Feature","properties":{"landuse":"farmland"},"geometry":{"type":"Polygon","coordinates":[[[16.5189,39.8447],[16.52,39.8462],[16.5179,39.8446],[16.5189,39.8447]]]}},{"type":"Feature","properties":{"landuse":"orchard"},"geometry":{"type":"Polygon","coordinates":[[[16.5115,39.8605],[16.5193,39.8602],[16.5206,39.8633],[16.5175,39.8654],[16.5166,39.862],[16.5156,39.8642],[16.5115,39.8605]]]}},{"type":"Feature","properties":{"landuse":"farmland"},"geometry":{"type":"Polygon","coordinates":[[[16.3657,38.8912],[16.362,38.8903],[16.3657,38.8895],[16.3657,38.8912]]]}},{"type":"Feature","properties":{"landuse":"farmland"},"geometry":{"type":"Polygon","coordinates":[[[16.4014,38.9061],[16.4059,38.9056],[16.4076,38.9081],[16.4014,38.9061]]]}},{"type":"Feature","properties":{"landuse":"orchard"},"geometry":{"type":"Polygon","coordinates":[[[16.4231,38.8829],[16.4266,38.8849],[16.4251,38.8849],[16.4231,38.8829]]]}},{"type":"Feature","properties":{"landuse":"orchard"},"geometry":{"type":"Polygon","coordinates":[[[16.3657,38.8912],[16.3679,38.8887],[16.3698,38.891],[16.3657,38.8912]]]}},{"type":"Feature","properties":{"landuse":"farmland"},"geometry":{"type":"Polygon","coordinates":[[[16.3835,38.8955],[16.3832,38.8972],[16.3811,38.8977],[16.3835,38.8955]]]}},{"type":"Feature","properties":{"landuse":"farmland"},"geometry":{"type":"Polygon","coordinates":[[[16.3854,38.8972],[16.3883,38.8966],[16.3883,38.8973],[16.3854,38.8972]]]}},{"type":"Feature","properties":{"landuse":"orchard"},"geometry":{"type":"Polygon","coordinates":[[[16.3786,38.8993],[16.3634,38.8943],[16.3714,38.8948],[16.3786,38.8993]]]}},{"type":"Feature","properties":{"landuse":"farmland"},"geometry":{"type":"Polygon","coordinates":[[[16.3835,38.8908],[16.3844,38.8894],[16.3849,38.8909],[16.3835,38.8908]]]}},{"type":"Feature","properties":{"landuse":"orchard"},"geometry":{"type":"Polygon","coordinates":[[[16.4201,38.8804],[16.4222,38.8792],[16.4227,38.8813],[16.4201,38.8804]]]}},{"type":"Feature","properties":{"landuse":"farmland"},"geometry":{"type":"Polygon","coordinates":[[[16.4199,38.8801],[16.4188,38.8781],[16.4234,38.8771],[16.4239,38.8799],[16.4199,38.8801]]]}},{"type":"Feature","properties":{"landuse":"farmland"},"geometry":{"type":"Polygon","coordinates":[[[16.4244,38.8773],[16.4275,38.8751],[16.4259,38.8771],[16.4283,38.879],[16.4244,38.8773]]]}},{"type":"Feature","properties":{"landuse":"farmland"},"geometry":{"type":"Polygon","coordinates":[[[16.4176,38.877],[16.4124,38.877],[16.4127,38.8749],[16.4176,38.877]]]}},{"type":"Feature","properties":{"landuse":"farmland"},"geometry":{"type":"Polygon","coordinates":[[[16.4183,38.877],[16.4174,38.8764],[16.4179,38.8748],[16.4183,38.877]]]}},{"type":"Feature","properties":{"landuse":"farmland"},"geometry":{"type":"Polygon","coordinates":[[[16.4131,38.8746],[16.4108,38.8743],[16.4113,38.8736],[16.4131,38.8746]]]}},{"type":"Feature","properties":{"landuse":"orchard"},"geometry":{"type":"Polygon","coordinates":[[[16.4113,38.8736],[16.4134,38.872],[16.4162,38.8739],[16.4113,38.8736]]]}},{"type":"Feature","properties":{"landuse":"orchard"},"geometry":{"type":"Polygon","coordinates":[[[16.4074,38.8761],[16.4085,38.8744],[16.4111,38.8755],[16.4074,38.8761]]]}},{"type":"Feature","properties":{"landuse":"orchard"},"geometry":{"type":"Polygon","coordinates":[[[16.4085,38.8744],[16.4041,38.8721],[16.4133,38.8716],[16.4085,38.8744]]]}},{"type":"Feature","properties":{"landuse":"orchard"},"geometry":{"type":"Polygon","coordinates":[[[16.3843,38.8788],[16.3904,38.8763],[16.3911,38.8788],[16.3843,38.8788]]]}},{"type":"Feature","properties":{"landuse":"orchard"},"geometry":{"type":"Polygon","coordinates":[[[16.3865,38.8775],[16.3858,38.8748],[16.3899,38.8748],[16.3865,38.8775]]]}},{"type":"Feature","properties":{"landuse":"farmland"},"geometry":{"type":"Polygon","coordinates":[[[16.3858,38.8747],[16.3875,38.8735],[16.3893,38.8747],[16.3858,38.8747]]]}},{"type":"Feature","properties":{"landuse":"farmland"},"geometry":{"type":"Polygon","coordinates":[[[16.3885,38.8741],[16.3902,38.8738],[16.39,38.8748],[16.3885,38.8741]]]}},{"type":"Feature","properties":{"landuse":"orchard"},"geometry":{"type":"Polygon","coordinates":[[[16.3867,38.8776],[16.3916,38.8746],[16.3919,38.8763],[16.3867,38.8776]]]}},{"type":"Feature","properties":{"landuse":"orchard"},"geometry":{"type":"Polygon","coordinates":[[[16.3877,38.8734],[16.39,38.8729],[16.3902,38.8738],[16.3877,38.8734]]]}},{"type":"Feature","properties":{"landuse":"farmland"},"geometry":{"type":"Polygon","coordinates":[[[16.392,38.8731],[16.3947,38.8721],[16.3939,38.8743],[16.392,38.8731]]]}},{"type":"Feature","properties":{"landuse":"farmland"},"geometry":{"type":"Polygon","coordinates":[[[16.3983,38.8723],[16.3987,38.8713],[16.3999,38.8719],[16.3983,38.8723]]]}},{"type":"Feature","properties":{"landuse":"farmland"},"geometry":{"type":"Polygon","coordinates":[[[16.3843,38.8788],[16.3848,38.8776],[16.3855,38.878],[16.3843,38.8788]]]}},{"type":"Feature","properties":{"landuse":"orchard"},"geometry":{"type":"Polygon","coordinates":[[[16.3749,38.8833],[16.3734,38.8813],[16.384,38.8786],[16.3843,38.8824],[16.3749,38.8833]]]}},{"type":"Feature","properties":{"landuse":"farmland"},"geometry":{"type":"Polygon","coordinates":[[[16.3786,38.8795],[16.3785,38.879],[16.3822,38.8782],[16.3786,38.8795]]]}},{"type":"Feature","properties":{"landuse":"orchard"},"geometry":{"type":"Polygon","coordinates":[[[16.416,38.8974],[16.4123,38.8962],[16.4199,38.8924],[16.4224,38.8944],[16.416,38.8974]]]}},{"type":"Feature","properties":{"landuse":"orchard"},"geometry":{"type":"Polygon","coordinates":[[[16.4098,38.8965],[16.4123,38.8937],[16.4123,38.8962],[16.4098,38.8965]]]}},{"type":"Feature","properties":{"landuse":"farmland"},"geometry":{"type":"Polygon","coordinates":[[[16.4202,38.8903],[16.4206,38.8849],[16.4219,38.889],[16.4202,38.8903]]]}},{"type":"Feature","properties":{"landuse":"farmland"},"geometry":{"type":"Polygon","coordinates":[[[16.4138,38.8925],[16.4148,38.89],[16.4154,38.8914],[16.4138,38.8925]]]}},{"type":"Feature","properties":{"landuse":"farmland"},"geometry":{"type":"Polygon","coordinates":[[[16.4076,38.8954],[16.4095,38.8948],[16.4088,38.8961],[16.4076,38.8954]]]}},{"type":"Feature","properties":{"landuse":"farmland"},"geometry":{"type":"Polygon","coordinates":[[[16.417,38.8918],[16.4188,38.8906],[16.4189,38.8916],[16.417,38.8918]]]}},{"type":"Feature","properties":{"landuse":"farmland"},"geometry":{"type":"Polygon","coordinates":[[[16.4232,38.8782],[16.4276,38.8805],[16.4248,38.8808],[16.4232,38.8782]]]}},{"type":"Feature","properties":{"landuse":"orchard"},"geometry":{"type":"Polygon","coordinates":[[[16.4266,38.8765],[16.4282,38.8747],[16.4276,38.8799],[16.4266,38.8765]]]}},{"type":"Feature","properties":{"landuse":"farmland"},"geometry":{"type":"Polygon","coordinates":[[[16.4086,38.906],[16.409,38.9091],[16.4068,38.9083],[16.4086,38.906]]]}},{"type":"Feature","properties":{"landuse":"farmland"},"geometry":{"type":"Polygon","coordinates":[[[16.4154,38.9028],[16.4142,38.8999],[16.417,38.9016],[16.4154,38.9028]]]}},{"type":"Feature","properties":{"landuse":"farmland"},"geometry":{"type":"Polygon","coordinates":[[[16.3673,38.8967],[16.3631,38.8994],[16.3636,38.8971],[16.3673,38.8967]]]}},{"type":"Feature","properties":{"landuse":"farmland"},"geometry":{"type":"Polygon","coordinates":[[[16.3688,38.9003],[16.3695,38.8984],[16.3713,38.8997],[16.3688,38.9003]]]}},{"type":"Feature","properties":{"landuse":"orchard"},"geometry":{"type":"Polygon","coordinates":[[[16.3682,38.8968],[16.3711,38.8976],[16.3666,38.9],[16.3682,38.8968]]]}},{"type":"Feature","properties":{"landuse":"orchard"},"geometry":{"type":"Polygon","coordinates":[[[16.3662,38.8961],[16.3631,38.8994],[16.3513,38.8934],[16.352,38.8911],[16.3662,38.8961]]]}},{"type":"Feature","properties":{"landuse":"farmland"},"geometry":{"type":"Polygon","coordinates":[[[16.3506,38.8909],[16.3525,38.8953],[16.3587,38.8966],[16.3506,38.8954],[16.3506,38.8909]]]}},{"type":"Feature","properties":{"landuse":"orchard"},"geometry":{"type":"Polygon","coordinates":[[[16.4029,38.8721],[16.4028,38.87],[16.4046,38.871],[16.4029,38.8721]]]}},{"type":"Feature","properties":{"landuse":"orchard"},"geometry":{"type":"Polygon","coordinates":[[[16.4022,38.8702],[16.3991,38.8702],[16.3985,38.8678],[16.4022,38.8702]]]}},{"type":"Feature","properties":{"landuse":"farmland"},"geometry":{"type":"Polygon","coordinates":[[[16.4029,38.8718],[16.3995,38.8709],[16.403,38.8708],[16.4029,38.8718]]]}},{"type":"Feature","properties":{"landuse":"farmland"},"geometry":{"type":"Polygon","coordinates":[[[16.3985,38.8679],[16.4001,38.8695],[16.3989,38.8705],[16.3985,38.8679]]]}},{"type":"Feature","properties":{"landuse":"orchard"},"geometry":{"type":"Polygon","coordinates":[[[16.376,38.8803],[16.3766,38.8793],[16.3784,38.8791],[16.376,38.8803]]]}},{"type":"Feature","properties":{"landuse":"farmland"},"geometry":{"type":"Polygon","coordinates":[[[16.3572,38.8809],[16.365,38.8783],[16.3658,38.8809],[16.3572,38.8809]]]}},{"type":"Feature","properties":{"landuse":"farmland"},"geometry":{"type":"Polygon","coordinates":[[[16.3564,38.8792],[16.3553,38.8759],[16.3655,38.8752],[16.365,38.878],[16.3564,38.8792]]]}},{"type":"Feature","properties":{"landuse":"orchard"},"geometry":{"type":"Polygon","coordinates":[[[16.4208,38.9001],[16.4335,38.8933],[16.4352,38.8949],[16.4208,38.9001]]]}},{"type":"Feature","properties":{"landuse":"farmland"},"geometry":{"type":"Polygon","coordinates":[[[16.4208,38.9001],[16.4241,38.8924],[16.4243,38.8957],[16.4275,38.8964],[16.4208,38.9001]]]}},{"type":"Feature","properties":{"landuse":"orchard"},"geometry":{"type":"Polygon","coordinates":[[[16.4258,38.8896],[16.4279,38.8888],[16.4244,38.8879],[16.4314,38.8871],[16.4258,38.8896]]]}},{"type":"Feature","properties":{"landuse":"farmland"},"geometry":{"type":"Polygon","coordinates":[[[16.4216,38.8899],[16.4237,38.8874],[16.4266,38.8882],[16.4216,38.8899]]]}},{"type":"Feature","properties":{"landuse":"greenhouse_horticulture"},"geometry":{"type":"Polygon","coordinates":[[[17.0131,39.4743],[17.012,39.4738],[17.0141,39.4727],[17.0131,39.4743]]]}},{"type":"Feature","properties":{"landuse":"farmland"},"geometry":{"type":"Polygon","coordinates":[[[16.4282,38.8739],[16.4271,38.8722],[16.4308,38.8697],[16.4282,38.8739]]]}},{"type":"Feature","properties":{"landuse":"farmland"},"geometry":{"type":"Polygon","coordinates":[[[16.4325,38.8691],[16.4356,38.8678],[16.4357,38.8693],[16.4325,38.8691]]]}},{"type":"Feature","properties":{"landuse":"farmland"},"geometry":{"type":"Polygon","coordinates":[[[16.4407,38.8652],[16.4465,38.8625],[16.443,38.8648],[16.4407,38.8652]]]}},{"type":"Feature","properties":{"landuse":"farmland"},"geometry":{"type":"Polygon","coordinates":[[[16.4275,38.8862],[16.4243,38.8874],[16.4235,38.8858],[16.4275,38.8862]]]}},{"type":"Feature","properties":{"landuse":"farmland"},"geometry":{"type":"Polygon","coordinates":[[[16.4245,38.8825],[16.4329,38.8845],[16.4272,38.8871],[16.4245,38.8825]]]}},{"type":"Feature","properties":{"landuse":"farmland"},"geometry":{"type":"Polygon","coordinates":[[[16.433,38.8862],[16.435,38.887],[16.4307,38.8912],[16.433,38.8862]]]}},{"type":"Feature","properties":{"landuse":"farmland"},"geometry":{"type":"Polygon","coordinates":[[[16.4489,38.8854],[16.456,38.8839],[16.4564,38.8852],[16.4489,38.8854]]]}},{"type":"Feature","properties":{"landuse":"farmland"},"geometry":{"type":"Polygon","coordinates":[[[16.456,38.8829],[16.4521,38.8828],[16.4563,38.8819],[16.456,38.8829]]]}},{"type":"Feature","properties":{"landuse":"farmland"},"geometry":{"type":"Polygon","coordinates":[[[16.4571,38.8855],[16.4581,38.8844],[16.4599,38.8848],[16.4571,38.8855]]]}},{"type":"Feature","properties":{"landuse":"farmland"},"geometry":{"type":"Polygon","coordinates":[[[17.1364,38.9395],[17.1362,38.9429],[17.1405,38.9449],[17.1217,38.9475],[17.1241,38.9381],[17.1325,38.934],[17.1364,38.9395]]]}},{"type":"Feature","properties":{"landuse":"farmland"},"geometry":{"type":"Polygon","coordinates":[[[16.2314,39.3805],[16.2333,39.3795],[16.233,39.382],[16.2314,39.3805]]]}},{"type":"Feature","properties":{"landuse":"green_public_spaces"},"geometry":{"type":"Polygon","coordinates":[[[17.0944,38.9585],[17.0974,38.9572],[17.0959,38.9587],[17.0944,38.9585]]]}},{"type":"Feature","properties":{"landuse":"farmland"},"geometry":{"type":"Polygon","coordinates":[[[16.4764,38.8769],[16.4737,38.8754],[16.4755,38.8722],[16.479,38.8767],[16.4764,38.8769]]]}},{"type":"Feature","properties":{"landuse":"farmland"},"geometry":{"type":"Polygon","coordinates":[[[16.4604,38.88],[16.4602,38.8768],[16.4689,38.8767],[16.4645,38.881],[16.4604,38.88]]]}},{"type":"Feature","properties":{"landuse":"farmland"},"geometry":{"type":"Polygon","coordinates":[[[16.4732,38.8815],[16.479,38.8767],[16.4804,38.8784],[16.4732,38.8815]]]}},{"type":"Feature","properties":{"landuse":"farmland"},"geometry":{"type":"Polygon","coordinates":[[[16.4602,38.8676],[16.4697,38.8643],[16.4755,38.8722],[16.4603,38.874],[16.4602,38.8676]]]}},{"type":"Feature","properties":{"landuse":"farmland"},"geometry":{"type":"Polygon","coordinates":[[[16.4602,38.8768],[16.4603,38.874],[16.4755,38.8722],[16.4709,38.8765],[16.4602,38.8768]]]}},{"type":"Feature","properties":{"landuse":"farmland"},"geometry":{"type":"Polygon","coordinates":[[[16.4602,38.8768],[16.4575,38.8819],[16.4499,38.879],[16.4526,38.876],[16.4602,38.8768]]]}},{"type":"Feature","properties":{"landuse":"orchard"},"geometry":{"type":"Polygon","coordinates":[[[16.465,38.4256],[16.4658,38.4273],[16.4622,38.4286],[16.465,38.4256]]]}},{"type":"Feature","properties":{"landuse":"green_public_spaces"},"geometry":{"type":"Polygon","coordinates":[[[17.0894,38.9544],[17.0915,38.9551],[17.0906,38.9568],[17.0894,38.9544]]]}},{"type":"Feature","properties":{"landuse":"orchard"},"geometry":{"type":"Polygon","coordinates":[[[16.3463,38.8836],[16.3426,38.882],[16.3478,38.8813],[16.3463,38.8836]]]}},{"type":"Feature","properties":{"landuse":"orchard"},"geometry":{"type":"Polygon","coordinates":[[[16.3445,38.886],[16.3451,38.8847],[16.3471,38.8859],[16.3445,38.886]]]}},{"type":"Feature","properties":{"landuse":"orchard"},"geometry":{"type":"Polygon","coordinates":[[[16.3455,38.8845],[16.348,38.8828],[16.35,38.8854],[16.3455,38.8845]]]}},{"type":"Feature","properties":{"landuse":"vineyard"},"geometry":{"type":"Polygon","coordinates":[[[17.0962,38.9544],[17.0965,38.9532],[17.0967,38.955],[17.0962,38.9544]]]}},{"type":"Feature","properties":{"landuse":"farmland"},"geometry":{"type":"Polygon","coordinates":[[[16.3722,39.0388],[16.3708,39.0369],[16.3724,39.0376],[16.3722,39.0388]]]}},{"type":"Feature","properties":{"landuse":"orchard"},"geometry":{"type":"Polygon","coordinates":[[[16.3878,38.9054],[16.3949,38.9056],[16.3919,38.9085],[16.3878,38.9054]]]}},{"type":"Feature","properties":{"landuse":"orchard"},"geometry":{"type":"Polygon","coordinates":[[[16.3912,38.9107],[16.394,38.908],[16.3958,38.9106],[16.3932,38.9138],[16.3912,38.9107]]]}},{"type":"Feature","properties":{"landuse":"orchard"},"geometry":{"type":"Polygon","coordinates":[[[16.3962,38.9527],[16.3937,38.9516],[16.4011,38.9521],[16.3962,38.9527]]]}},{"type":"Feature","properties":{"landuse":"orchard"},"geometry":{"type":"Polygon","coordinates":[[[16.3958,38.964],[16.401,38.964],[16.3971,38.9673],[16.3958,38.964]]]}},{"type":"Feature","properties":{"landuse":"orchard"},"geometry":{"type":"Polygon","coordinates":[[[16.4105,38.9518],[16.4121,38.9558],[16.4042,38.9523],[16.4105,38.9518]]]}},{"type":"Feature","properties":{"landuse":"orchard"},"geometry":{"type":"Polygon","coordinates":[[[16.3616,38.9287],[16.3636,38.9308],[16.3628,38.9315],[16.3616,38.9287]]]}},{"type":"Feature","properties":{"landuse":"orchard"},"geometry":{"type":"Polygon","coordinates":[[[16.3561,38.9309],[16.3592,38.9276],[16.3626,38.9318],[16.3561,38.9309]]]}},{"type":"Feature","properties":{"landuse":"orchard"},"geometry":{"type":"Polygon","coordinates":[[[16.3734,38.9319],[16.3672,38.9289],[16.374,38.9298],[16.3734,38.9319]]]}},{"type":"Feature","properties":{"landuse":"orchard"},"geometry":{"type":"Polygon","coordinates":[[[16.3624,38.9343],[16.3689,38.9367],[16.3648,38.9384],[16.3624,38.9343]]]}},{"type":"Feature","properties":{"landuse":"orchard"},"geometry":{"type":"Polygon","coordinates":[[[17.1117,38.9924],[17.1101,38.9938],[17.109,38.9912],[17.1117,38.9924]]]}},{"type":"Feature","properties":{"landuse":"farmland"},"geometry":{"type":"Polygon","coordinates":[[[17.0412,39.1736],[17.0379,39.1714],[17.0391,39.1673],[17.0595,39.1688],[17.0665,39.171],[17.0702,39.1802],[17.0599,39.1803],[17.0527,39.172],[17.0412,39.1736]]]}},{"type":"Feature","properties":{"landuse":"orchard"},"geometry":{"type":"Polygon","coordinates":[[[16.3776,38.9353],[16.3778,38.9343],[16.38,38.9353],[16.3776,38.9353]]]}},{"type":"Feature","properties":{"landuse":"orchard"},"geometry":{"type":"Polygon","coordinates":[[[16.3694,38.9313],[16.37,38.9328],[16.3692,38.9323],[16.3694,38.9313]]]}},{"type":"Feature","properties":{"landuse":"farmland"},"geometry":{"type":"Polygon","coordinates":[[[16.3709,38.9333],[16.37,38.9328],[16.3704,38.9313],[16.3709,38.9333]]]}},{"type":"Feature","properties":{"landuse":"green_public_spaces"},"geometry":{"type":"Polygon","coordinates":[[[16.1122,38.6831],[16.1112,38.6855],[16.1088,38.686],[16.1122,38.6831]]]}},{"type":"Feature","properties":{"landuse":"green_public_spaces"},"geometry":{"type":"Polygon","coordinates":[[[16.1087,38.6741],[16.1078,38.675],[16.1064,38.6733],[16.1087,38.6741]]]}},{"type":"Feature","properties":{"landuse":"green_public_spaces"},"geometry":{"type":"Polygon","coordinates":[[[16.1058,38.6748],[16.1066,38.6764],[16.1054,38.6757],[16.1058,38.6748]]]}},{"type":"Feature","properties":{"landuse":"green_public_spaces"},"geometry":{"type":"Polygon","coordinates":[[[15.6403,38.0939],[15.6391,38.0938],[15.6404,38.0932],[15.6403,38.0939]]]}},{"type":"Feature","properties":{"landuse":"vineyard"},"geometry":{"type":"Polygon","coordinates":[[[17.1186,39.3332],[17.1226,39.3392],[17.1182,39.3396],[17.1186,39.3332]]]}},{"type":"Feature","properties":{"landuse":"vineyard"},"geometry":{"type":"Polygon","coordinates":[[[17.1176,39.3433],[17.1078,39.3444],[17.1178,39.3397],[17.1176,39.3433]]]}},{"type":"Feature","properties":{"landuse":"vineyard"},"geometry":{"type":"Polygon","coordinates":[[[17.1094,39.341],[17.1075,39.3425],[17.1152,39.3329],[17.1178,39.3395],[17.1094,39.341]]]}},{"type":"Feature","properties":{"landuse":"vineyard"},"geometry":{"type":"Polygon","coordinates":[[[17.1094,39.3364],[17.1084,39.3209],[17.1113,39.3208],[17.1165,39.3326],[17.1094,39.3364]]]}},{"type":"Feature","properties":{"landuse":"vineyard"},"geometry":{"type":"Polygon","coordinates":[[[17.1103,39.3181],[17.1124,39.3195],[17.1112,39.3202],[17.1103,39.3181]]]}},{"type":"Feature","properties":{"landuse":"vineyard"},"geometry":{"type":"Polygon","coordinates":[[[17.1148,39.3284],[17.1188,39.3322],[17.1166,39.3326],[17.1148,39.3284]]]}},{"type":"Feature","properties":{"landuse":"farmland"},"geometry":{"type":"Polygon","coordinates":[[[17.1219,39.3665],[17.1211,39.3647],[17.1237,39.3643],[17.1219,39.3665]]]}},{"type":"Feature","properties":{"landuse":"vineyard"},"geometry":{"type":"Polygon","coordinates":[[[17.1038,39.3401],[17.1075,39.3394],[17.1062,39.3414],[17.1038,39.3401]]]}},{"type":"Feature","properties":{"landuse":"vineyard"},"geometry":{"type":"Polygon","coordinates":[[[17.1072,39.3386],[17.1058,39.3396],[17.1071,39.3377],[17.1072,39.3386]]]}},{"type":"Feature","properties":{"landuse":"vineyard"},"geometry":{"type":"Polygon","coordinates":[[[17.0965,39.3193],[17.0962,39.3207],[17.0952,39.3196],[17.0965,39.3193]]]}},{"type":"Feature","properties":{"landuse":"farmland"},"geometry":{"type":"Polygon","coordinates":[[[17.1297,39.3608],[17.1302,39.3624],[17.1283,39.3627],[17.1297,39.3608]]]}},{"type":"Feature","properties":{"landuse":"vineyard"},"geometry":{"type":"Polygon","coordinates":[[[17.0957,39.3335],[17.0986,39.3369],[17.0968,39.3358],[17.0957,39.3335]]]}},{"type":"Feature","properties":{"landuse":"vineyard"},"geometry":{"type":"Polygon","coordinates":[[[17.0976,39.3185],[17.0985,39.3177],[17.1009,39.3182],[17.0976,39.3185]]]}},{"type":"Feature","properties":{"landuse":"orchard"},"geometry":{"type":"Polygon","coordinates":[[[17.1191,39.3667],[17.1173,39.3664],[17.1194,39.3647],[17.1191,39.3667]]]}},{"type":"Feature","properties":{"landuse":"vineyard"},"geometry":{"type":"Polygon","coordinates":[[[17.1019,39.3424],[17.0997,39.3431],[17.1018,39.339],[17.1052,39.341],[17.1019,39.3424]]]}},{"type":"Feature","properties":{"landuse":"vineyard"},"geometry":{"type":"Polygon","coordinates":[[[17.1071,39.347],[17.1014,39.3452],[17.1021,39.3423],[17.1054,39.3417],[17.1071,39.347]]]}},{"type":"Feature","properties":{"landuse":"vineyard"},"geometry":{"type":"Polygon","coordinates":[[[17.0921,39.3282],[17.0948,39.3277],[17.0928,39.329],[17.0921,39.3282]]]}},{"type":"Feature","properties":{"landuse":"vineyard"},"geometry":{"type":"Polygon","coordinates":[[[17.1092,39.3364],[17.1037,39.3284],[17.106,39.3278],[17.1015,39.3259],[17.1028,39.3215],[17.1084,39.323],[17.1092,39.3364]]]}},{"type":"Feature","properties":{"landuse":"vineyard"},"geometry":{"type":"Polygon","coordinates":[[[17.1142,39.3272],[17.1137,39.3258],[17.115,39.3258],[17.1142,39.3272]]]}},{"type":"Feature","properties":{"landuse":"vineyard"},"geometry":{"type":"Polygon","coordinates":[[[17.0946,39.3209],[17.0926,39.3205],[17.0931,39.3175],[17.0946,39.3209]]]}},{"type":"Feature","properties":{"landuse":"orchard"},"geometry":{"type":"Polygon","coordinates":[[[16.3502,38.8908],[16.35,38.8946],[16.3472,38.8953],[16.3502,38.8908]]]}},{"type":"Feature","properties":{"landuse":"orchard"},"geometry":{"type":"Polygon","coordinates":[[[16.3472,38.8953],[16.3438,38.8935],[16.3461,38.891],[16.3483,38.8913],[16.3472,38.8953]]]}},{"type":"Feature","properties":{"landuse":"farmland"},"geometry":{"type":"Polygon","coordinates":[[[16.3457,38.8911],[16.3439,38.8931],[16.346,38.8939],[16.3414,38.8948],[16.3457,38.8911]]]}},{"type":"Feature","properties":{"landuse":"farmland"},"geometry":{"type":"Polygon","coordinates":[[[16.3596,38.8862],[16.3596,38.8847],[16.3626,38.884],[16.3596,38.8862]]]}},{"type":"Feature","properties":{"landuse":"orchard"},"geometry":{"type":"Polygon","coordinates":[[[15.921,38.4467],[15.9133,38.4339],[15.9309,38.4341],[15.9529,38.4459],[15.9431,38.4525],[15.9479,38.4569],[15.9363,38.4602],[15.921,38.4467]]]}},{"type":"Feature","properties":{"landuse":"orchard"},"geometry":{"type":"Polygon","coordinates":[[[15.9092,38.4381],[15.9057,38.4339],[15.9096,38.4331],[15.9168,38.4403],[15.9092,38.4381]]]}},{"type":"Feature","properties":{"landuse":"orchard"},"geometry":{"type":"Polygon","coordinates":[[[15.9094,38.4381],[15.9175,38.4415],[15.9143,38.4418],[15.9094,38.4381]]]}},{"type":"Feature","properties":{"landuse":"orchard"},"geometry":{"type":"Polygon","coordinates":[[[15.9022,38.4367],[15.9033,38.4389],[15.898,38.4384],[15.898,38.4348],[15.9011,38.4338],[15.9022,38.4367]]]}},{"type":"Feature","properties":{"landuse":"orchard"},"geometry":{"type":"Polygon","coordinates":[[[15.9092,38.4318],[15.9219,38.4267],[15.9283,38.4307],[15.915,38.4341],[15.9092,38.4318]]]}},{"type":"Feature","properties":{"landuse":"orchard"},"geometry":{"type":"Polygon","coordinates":[[[15.9547,38.4463],[15.9572,38.4431],[15.9593,38.4452],[15.9591,38.4476],[15.9547,38.4463]]]}},{"type":"Feature","properties":{"landuse":"orchard"},"geometry":{"type":"Polygon","coordinates":[[[15.9469,38.4413],[15.9457,38.4353],[15.9536,38.4339],[15.9533,38.4375],[15.9469,38.4413]]]}},{"type":"Feature","properties":{"landuse":"orchard"},"geometry":{"type":"Polygon","coordinates":[[[15.9534,38.4457],[15.9495,38.4429],[15.9565,38.438],[15.9587,38.4419],[15.9534,38.4457]]]}},{"type":"Feature","properties":{"landuse":"orchard"},"geometry":{"type":"Polygon","coordinates":[[[15.9493,38.4427],[15.9489,38.4379],[15.9558,38.4374],[15.9493,38.4427]]]}},{"type":"Feature","properties":{"landuse":"orchard"},"geometry":{"type":"Polygon","coordinates":[[[15.9762,38.4319],[15.9758,38.4276],[15.9817,38.4253],[15.9899,38.4272],[15.9891,38.4243],[15.9853,38.4245],[15.9924,38.4201],[15.9995,38.4267],[15.9975,38.4326],[15.9762,38.4319]]]}},{"type":"Feature","properties":{"landuse":"farmland"},"geometry":{"type":"Polygon","coordinates":[[[15.9091,38.428],[15.9063,38.4207],[15.9212,38.4183],[15.9248,38.4267],[15.9091,38.428]]]}},{"type":"Feature","properties":{"landuse":"farmland"},"geometry":{"type":"Polygon","coordinates":[[[15.9296,38.4231],[15.9313,38.4184],[15.9378,38.4162],[15.9386,38.4215],[15.9296,38.4231]]]}},{"type":"Feature","properties":{"landuse":"farmland"},"geometry":{"type":"Polygon","coordinates":[[[15.9044,38.4207],[15.9061,38.4168],[15.9165,38.4191],[15.9116,38.4197],[15.911,38.4171],[15.9044,38.4207]]]}},{"type":"Feature","properties":{"landuse":"farmland"},"geometry":{"type":"Polygon","coordinates":[[[15.9164,38.4187],[15.9139,38.4168],[15.9286,38.4168],[15.9164,38.4187]]]}},{"type":"Feature","properties":{"landuse":"farmland"},"geometry":{"type":"Polygon","coordinates":[[[15.9604,38.4073],[15.96,38.4036],[15.9681,38.407],[15.9604,38.4073]]]}},{"type":"Feature","properties":{"landuse":"farmland"},"geometry":{"type":"Polygon","coordinates":[[[15.9676,38.4301],[15.9658,38.4292],[15.9743,38.4259],[15.9762,38.4319],[15.9676,38.4301]]]}},{"type":"Feature","properties":{"landuse":"orchard"},"geometry":{"type":"Polygon","coordinates":[[[15.966,38.4282],[15.9681,38.4208],[15.97,38.424],[15.966,38.4282]]]}},{"type":"Feature","properties":{"landuse":"farmland"},"geometry":{"type":"Polygon","coordinates":[[[15.9686,38.4236],[15.9717,38.4207],[15.9741,38.4217],[15.9721,38.4244],[15.9783,38.4219],[15.9743,38.4259],[15.9686,38.4236]]]}},{"type":"Feature","properties":{"landuse":"farmland"},"geometry":{"type":"Polygon","coordinates":[[[15.938,38.4331],[15.9318,38.4298],[15.9396,38.4289],[15.955,38.4199],[15.938,38.4331]]]}},{"type":"Feature","properties":{"landuse":"orchard"},"geometry":{"type":"Polygon","coordinates":[[[15.9728,38.4373],[15.9709,38.4341],[15.9811,38.4312],[15.9825,38.4365],[15.976,38.439],[15.9728,38.4373]]]}},{"type":"Feature","properties":{"landuse":"orchard"},"geometry":{"type":"Polygon","coordinates":[[[15.9887,38.4426],[15.9878,38.4403],[15.9836,38.4415],[15.9836,38.4388],[15.9968,38.4331],[15.9952,38.4401],[15.9887,38.4426]]]}},{"type":"Feature","properties":{"landuse":"farmland"},"geometry":{"type":"Polygon","coordinates":[[[15.9535,38.4314],[15.961,38.4291],[15.9545,38.4331],[15.9535,38.4314]]]}},{"type":"Feature","properties":{"landuse":"farmland"},"geometry":{"type":"Polygon","coordinates":[[[15.9537,38.4327],[15.9502,38.4357],[15.935,38.4355],[15.9286,38.4301],[15.9379,38.4332],[15.9537,38.4327]]]}},{"type":"Feature","properties":{"landuse":"farmland"},"geometry":{"type":"Polygon","coordinates":[[[15.9135,38.3825],[15.9101,38.4029],[15.9074,38.3868],[15.9135,38.3825]]]}},{"type":"Feature","properties":{"landuse":"farmland"},"geometry":{"type":"Polygon","coordinates":[[[15.9795,38.4262],[15.9818,38.4224],[15.9851,38.4232],[15.9795,38.4262]]]}},{"type":"Feature","properties":{"landuse":"farmland"},"geometry":{"type":"Polygon","coordinates":[[[15.9761,38.4172],[15.9744,38.4141],[15.9779,38.4116],[15.9784,38.403],[15.9868,38.4011],[15.9816,38.4109],[15.9801,38.4094],[15.979,38.417],[15.9761,38.4172]]]}},{"type":"Feature","properties":{"landuse":"orchard"},"geometry":{"type":"Polygon","coordinates":[[[15.9646,38.4194],[15.9666,38.4126],[15.9719,38.4093],[15.9706,38.4067],[15.9779,38.4025],[15.9778,38.4115],[15.9739,38.4166],[15.9646,38.4194]]]}},{"type":"Feature","properties":{"landuse":"orchard"},"geometry":{"type":"Polygon","coordinates":[[[15.9762,38.4246],[15.9793,38.4228],[15.9794,38.4262],[15.9758,38.4276],[15.9762,38.4246]]]}},{"type":"Feature","properties":{"landuse":"orchard"},"geometry":{"type":"Polygon","coordinates":[[[16.5682,38.5764],[16.568,38.5774],[16.5663,38.5773],[16.5682,38.5764]]]}},{"type":"Feature","properties":{"landuse":"orchard"},"geometry":{"type":"Polygon","coordinates":[[[16.3615,38.9273],[16.364,38.9268],[16.364,38.9303],[16.3615,38.9273]]]}},{"type":"Feature","properties":{"landuse":"farmland"},"geometry":{"type":"Polygon","coordinates":[[[16.3655,38.9284],[16.367,38.9298],[16.3648,38.9302],[16.3655,38.9284]]]}},{"type":"Feature","properties":{"landuse":"orchard"},"geometry":{"type":"Polygon","coordinates":[[[16.3612,38.9534],[16.365,38.9579],[16.3633,38.9591],[16.3612,38.9534]]]}},{"type":"Feature","properties":{"landuse":"orchard"},"geometry":{"type":"Polygon","coordinates":[[[16.3647,38.9611],[16.3635,38.9595],[16.3665,38.96],[16.3647,38.9611]]]}},{"type":"Feature","properties":{"landuse":"orchard"},"geometry":{"type":"Polygon","coordinates":[[[16.3675,38.9581],[16.3694,38.9582],[16.3672,38.9597],[16.3675,38.9581]]]}},{"type":"Feature","properties":{"landuse":"orchard"},"geometry":{"type":"Polygon","coordinates":[[[16.359,38.9612],[16.3588,38.9571],[16.3637,38.9602],[16.359,38.9612]]]}},{"type":"Feature","properties":{"landuse":"orchard"},"geometry":{"type":"Polygon","coordinates":[[[16.3523,38.9306],[16.3538,38.932],[16.3509,38.9313],[16.3523,38.9306]]]}},{"type":"Feature","properties":{"landuse":"orchard"},"geometry":{"type":"Polygon","coordinates":[[[16.3632,38.9141],[16.3714,38.9145],[16.3657,38.9175],[16.3673,38.9151],[16.3632,38.9141]]]}},{"type":"Feature","properties":{"landuse":"orchard"},"geometry":{"type":"Polygon","coordinates":[[[16.3715,38.9144],[16.3791,38.912],[16.3748,38.9155],[16.3715,38.9144]]]}},{"type":"Feature","properties":{"landuse":"orchard"},"geometry":{"type":"Polygon","coordinates":[[[16.3806,38.9119],[16.3855,38.9132],[16.3845,38.9178],[16.3764,38.9159],[16.3677,38.9203],[16.3806,38.9119]]]}},{"type":"Feature","properties":{"landuse":"farmland"},"geometry":{"type":"Polygon","coordinates":[[[15.8682,38.2926],[15.8621,38.2858],[15.8697,38.291],[15.8682,38.2926]]]}},{"type":"Feature","properties":{"landuse":"orchard"},"geometry":{"type":"Polygon","coordinates":[[[16.459,38.4858],[16.4714,38.485],[16.4667,38.4874],[16.459,38.4858]]]}},{"type":"Feature","properties":{"landuse":"farmland"},"geometry":{"type":"Polygon","coordinates":[[[15.9812,38.4176],[15.9815,38.4152],[15.9869,38.4156],[15.9812,38.4176]]]}},{"type":"Feature","properties":{"landuse":"orchard"},"geometry":{"type":"Polygon","coordinates":[[[15.9791,38.4169],[15.9796,38.4098],[15.9851,38.4064],[15.9841,38.4092],[15.9851,38.4066],[15.9883,38.4091],[15.9884,38.4136],[15.9791,38.4169]]]}},{"type":"Feature","properties":{"landuse":"farmland"},"geometry":{"type":"Polygon","coordinates":[[[15.9827,38.4364],[15.9822,38.433],[15.9968,38.4331],[15.9865,38.4383],[15.9827,38.4364]]]}},{"type":"Feature","properties":{"landuse":"farmland"},"geometry":{"type":"Polygon","coordinates":[[[15.9597,38.4303],[15.9657,38.4292],[15.9686,38.4314],[15.9597,38.4303]]]}},{"type":"Feature","properties":{"landuse":"farmland"},"geometry":{"type":"Polygon","coordinates":[[[15.9612,38.4329],[15.9737,38.4297],[15.9751,38.4325],[15.9612,38.4329]]]}},{"type":"Feature","properties":{"landuse":"orchard"},"geometry":{"type":"Polygon","coordinates":[[[15.9533,38.4375],[15.9537,38.4331],[15.9613,38.4313],[15.9609,38.4423],[15.9533,38.4375]]]}},{"type":"Feature","properties":{"landuse":"farmland"},"geometry":{"type":"Polygon","coordinates":[[[15.9533,38.4185],[15.9472,38.4208],[15.9553,38.4161],[15.9567,38.4188],[15.9533,38.4185]]]}},{"type":"Feature","properties":{"landuse":"farmland"},"geometry":{"type":"Polygon","coordinates":[[[15.9534,38.4167],[15.9468,38.4125],[15.9517,38.4121],[15.9534,38.4167]]]}},{"type":"Feature","properties":{"landuse":"farmland"},"geometry":{"type":"Polygon","coordinates":[[[15.9729,38.4554],[15.9594,38.4478],[15.9589,38.4448],[15.9639,38.4433],[15.9694,38.4505],[15.9787,38.4481],[15.9799,38.4533],[15.9729,38.4554]]]}},{"type":"Feature","properties":{"landuse":"orchard"},"geometry":{"type":"Polygon","coordinates":[[[15.9309,38.425],[15.9372,38.4245],[15.9309,38.4269],[15.9309,38.425]]]}},{"type":"Feature","properties":{"landuse":"orchard"},"geometry":{"type":"Polygon","coordinates":[[[15.9386,38.4217],[15.9384,38.4191],[15.9488,38.4182],[15.936,38.4228],[15.9386,38.4217]]]}},{"type":"Feature","properties":{"landuse":"orchard"},"geometry":{"type":"Polygon","coordinates":[[[15.9256,38.4258],[15.9219,38.4183],[15.928,38.4205],[15.9306,38.4166],[15.9299,38.422],[15.9256,38.4258]]]}},{"type":"Feature","properties":{"landuse":"orchard"},"geometry":{"type":"Polygon","coordinates":[[[15.9256,38.4266],[15.9302,38.4267],[15.9287,38.4296],[15.9256,38.4266]]]}},{"type":"Feature","properties":{"landuse":"orchard"},"geometry":{"type":"Polygon","coordinates":[[[15.9356,38.4231],[15.9495,38.4198],[15.9422,38.4249],[15.9356,38.4231]]]}},{"type":"Feature","properties":{"landuse":"farmland"},"geometry":{"type":"Polygon","coordinates":[[[15.9303,38.427],[15.9489,38.422],[15.938,38.4293],[15.9287,38.4296],[15.9303,38.427]]]}},{"type":"Feature","properties":{"landuse":"orchard"},"geometry":{"type":"Polygon","coordinates":[[[16.3591,38.8874],[16.3576,38.8864],[16.3595,38.8861],[16.3591,38.8874]]]}},{"type":"Feature","properties":{"landuse":"orchard"},"geometry":{"type":"Polygon","coordinates":[[[16.3563,38.8913],[16.3538,38.8906],[16.3572,38.8881],[16.3563,38.8913]]]}},{"type":"Feature","properties":{"landuse":"farmland"},"geometry":{"type":"Polygon","coordinates":[[[15.977,38.5416],[15.9777,38.537],[15.9818,38.5366],[15.9796,38.542],[15.977,38.5416]]]}},{"type":"Feature","properties":{"landuse":"farmland"},"geometry":{"type":"Polygon","coordinates":[[[15.9554,38.5502],[15.9639,38.5458],[15.9702,38.5469],[15.9694,38.5505],[15.9621,38.5519],[15.9596,38.5565],[15.9554,38.5502]]]}},{"type":"Feature","properties":{"landuse":"orchard"},"geometry":{"type":"Polygon","coordinates":[[[16.3736,38.8821],[16.3733,38.8844],[16.3698,38.8833],[16.3736,38.8821]]]}},{"type":"Feature","properties":{"landuse":"orchard"},"geometry":{"type":"Polygon","coordinates":[[[15.961,38.545],[15.9743,38.5396],[15.9673,38.5454],[15.9693,38.5459],[15.961,38.545]]]}},{"type":"Feature","properties":{"landuse":"orchard"},"geometry":{"type":"Polygon","coordinates":[[[15.9761,38.5349],[15.9745,38.5333],[15.9774,38.5302],[15.9761,38.5349]]]}},{"type":"Feature","properties":{"landuse":"orchard"},"geometry":{"type":"Polygon","coordinates":[[[15.9702,38.5455],[15.9729,38.5415],[15.9794,38.5424],[15.9762,38.5488],[15.9705,38.5484],[15.9702,38.5455]]]}},{"type":"Feature","properties":{"landuse":"orchard"},"geometry":{"type":"Polygon","coordinates":[[[15.9664,38.5344],[15.9644,38.5325],[15.9758,38.5307],[15.9764,38.533],[15.9731,38.5359],[15.9723,38.5337],[15.9664,38.5344]]]}},{"type":"Feature","properties":{"landuse":"orchard"},"geometry":{"type":"Polygon","coordinates":[[[15.9556,38.5617],[15.948,38.5596],[15.9491,38.5558],[15.9541,38.5591],[15.9579,38.5553],[15.9556,38.5617]]]}},{"type":"Feature","properties":{"landuse":"orchard"},"geometry":{"type":"Polygon","coordinates":[[[15.9424,38.5548],[15.9464,38.552],[15.9477,38.5595],[15.9418,38.5572],[15.9424,38.5548]]]}},{"type":"Feature","properties":{"landuse":"orchard"},"geometry":{"type":"Polygon","coordinates":[[[15.9491,38.5558],[15.9487,38.5531],[15.9543,38.5505],[15.9573,38.5525],[15.9541,38.5591],[15.9491,38.5558]]]}},{"type":"Feature","properties":{"landuse":"orchard"},"geometry":{"type":"Polygon","coordinates":[[[15.9301,38.5561],[15.9317,38.5542],[15.9333,38.5555],[15.9301,38.5561]]]}},{"type":"Feature","properties":{"landuse":"orchard"},"geometry":{"type":"Polygon","coordinates":[[[15.916,38.5623],[15.9182,38.5598],[15.9228,38.5628],[15.916,38.5623]]]}},{"type":"Feature","properties":{"landuse":"orchard"},"geometry":{"type":"Polygon","coordinates":[[[15.9318,38.5631],[15.9307,38.5602],[15.9404,38.5618],[15.9318,38.5631]]]}},{"type":"Feature","properties":{"landuse":"farmland"},"geometry":{"type":"Polygon","coordinates":[[[15.9289,38.577],[15.9278,38.5736],[15.9319,38.5737],[15.9311,38.5781],[15.9289,38.577]]]}},{"type":"Feature","properties":{"landuse":"orchard"},"geometry":{"type":"Polygon","coordinates":[[[15.9302,38.5702],[15.9293,38.5647],[15.9385,38.5629],[15.9371,38.5695],[15.9394,38.5712],[15.9302,38.5702]]]}},{"type":"Feature","properties":{"landuse":"orchard"},"geometry":{"type":"Polygon","coordinates":[[[15.9502,38.5697],[15.9402,38.573],[15.9382,38.5669],[15.9409,38.5617],[15.9502,38.5697]]]}},{"type":"Feature","properties":{"landuse":"farmland"},"geometry":{"type":"Polygon","coordinates":[[[15.9753,38.5932],[15.9737,38.5957],[15.967,38.5913],[15.971,38.5856],[15.9694,38.5816],[15.9736,38.5856],[15.9717,38.5835],[15.9793,38.5856],[15.9733,38.5897],[15.9808,38.5906],[15.9827,38.596],[15.9767,38.5984],[15.9753,38.5932]]]}},{"type":"Feature","properties":{"landuse":"orchard"},"geometry":{"type":"Polygon","coordinates":[[[15.9552,38.5406],[15.9593,38.5384],[15.9631,38.541],[15.9536,38.5442],[15.9552,38.5406]]]}},{"type":"Feature","properties":{"landuse":"orchard"},"geometry":{"type":"Polygon","coordinates":[[[15.9554,38.5502],[15.9546,38.5487],[15.9596,38.5469],[15.9554,38.5502]]]}},{"type":"Feature","properties":{"landuse":"farmland"},"geometry":{"type":"Polygon","coordinates":[[[15.9745,38.5576],[15.9742,38.5547],[15.9928,38.5496],[15.9745,38.5576]]]}},{"type":"Feature","properties":{"landuse":"orchard"},"geometry":{"type":"Polygon","coordinates":[[[15.9744,38.5544],[15.9805,38.5507],[15.9789,38.5486],[15.9937,38.5449],[15.9859,38.5523],[15.9744,38.5544]]]}},{"type":"Feature","properties":{"landuse":"orchard"},"geometry":{"type":"Polygon","coordinates":[[[15.9858,38.5586],[15.9829,38.557],[15.9873,38.5529],[15.9894,38.5551],[15.9928,38.5533],[15.9913,38.5505],[15.994,38.5473],[15.9979,38.5488],[15.9957,38.5469],[16.0001,38.545],[15.9955,38.5591],[15.9885,38.562],[15.9858,38.5586]]]}},{"type":"Feature","properties":{"landuse":"orchard"},"geometry":{"type":"Polygon","coordinates":[[[15.9735,38.542],[15.9727,38.541],[15.9744,38.5396],[15.9735,38.542]]]}},{"type":"Feature","properties":{"landuse":"orchard"},"geometry":{"type":"Polygon","coordinates":[[[15.9758,38.5624],[15.9794,38.5582],[15.9851,38.5588],[15.981,38.564],[15.9758,38.5624]]]}},{"type":"Feature","properties":{"landuse":"orchard"},"geometry":{"type":"Polygon","coordinates":[[[15.9723,38.5392],[15.9761,38.536],[15.9769,38.5386],[15.9723,38.5392]]]}},{"type":"Feature","properties":{"landuse":"farmland"},"geometry":{"type":"Polygon","coordinates":[[[15.926,38.5691],[15.9271,38.5661],[15.9295,38.5677],[15.926,38.5691]]]}},{"type":"Feature","properties":{"landuse":"farmland"},"geometry":{"type":"Polygon","coordinates":[[[15.9187,38.5953],[15.9179,38.591],[15.9232,38.5967],[15.9187,38.5953]]]}},{"type":"Feature","properties":{"landuse":"orchard"},"geometry":{"type":"Polygon","coordinates":[[[15.9142,38.5756],[15.919,38.5659],[15.9218,38.5678],[15.9222,38.5712],[15.9186,38.5683],[15.9172,38.5717],[15.9193,38.5719],[15.9142,38.5756]]]}},{"type":"Feature","properties":{"landuse":"orchard"},"geometry":{"type":"Polygon","coordinates":[[[15.9261,38.5734],[15.9233,38.5725],[15.9285,38.5692],[15.933,38.5723],[15.9261,38.5734]]]}},{"type":"Feature","properties":{"landuse":"farmland"},"geometry":{"type":"Polygon","coordinates":[[[15.9216,38.5701],[15.9197,38.5684],[15.9266,38.5653],[15.9258,38.5699],[15.9216,38.5701]]]}},{"type":"Feature","properties":{"landuse":"farmland"},"geometry":{"type":"Polygon","coordinates":[[[15.9176,38.572],[15.9187,38.5684],[15.9202,38.5698],[15.9176,38.572]]]}},{"type":"Feature","properties":{"landuse":"farmland"},"geometry":{"type":"Polygon","coordinates":[[[15.9148,38.5762],[15.9208,38.5714],[15.9231,38.5774],[15.9148,38.5762]]]}},{"type":"Feature","properties":{"landuse":"farmland"},"geometry":{"type":"Polygon","coordinates":[[[15.9226,38.5632],[15.9216,38.5603],[15.927,38.5617],[15.9226,38.5632]]]}},{"type":"Feature","properties":{"landuse":"farmland"},"geometry":{"type":"Polygon","coordinates":[[[15.9125,38.5672],[15.9201,38.562],[15.9145,38.5682],[15.9125,38.5672]]]}},{"type":"Feature","properties":{"landuse":"orchard"},"geometry":{"type":"Polygon","coordinates":[[[15.9054,38.5701],[15.9042,38.5684],[15.9131,38.5681],[15.913,38.5717],[15.9054,38.5701]]]}},{"type":"Feature","properties":{"landuse":"orchard"},"geometry":{"type":"Polygon","coordinates":[[[15.9694,38.4504],[15.9665,38.4481],[15.9819,38.4413],[15.9789,38.4477],[15.9814,38.4497],[15.9694,38.4504]]]}},{"type":"Feature","properties":{"landuse":"orchard"},"geometry":{"type":"Polygon","coordinates":[[[15.9726,38.4374],[15.9629,38.4412],[15.9608,38.4362],[15.9706,38.4341],[15.9726,38.4374]]]}},{"type":"Feature","properties":{"landuse":"orchard"},"geometry":{"type":"Polygon","coordinates":[[[15.9664,38.448],[15.9629,38.4412],[15.9727,38.4374],[15.9768,38.4439],[15.9664,38.448]]]}},{"type":"Feature","properties":{"landuse":"orchard"},"geometry":{"type":"Polygon","coordinates":[[[15.9431,38.5767],[15.9402,38.573],[15.9503,38.5699],[15.9532,38.5744],[15.95,38.5791],[15.9431,38.5767]]]}},{"type":"Feature","properties":{"landuse":"orchard"},"geometry":{"type":"Polygon","coordinates":[[[16.3784,38.879],[16.3671,38.8813],[16.3721,38.8786],[16.3784,38.879]]]}},{"type":"Feature","properties":{"landuse":"orchard"},"geometry":{"type":"Polygon","coordinates":[[[16.3759,38.8795],[16.3712,38.8818],[16.3667,38.8815],[16.3759,38.8795]]]}},{"type":"Feature","properties":{"landuse":"orchard"},"geometry":{"type":"Polygon","coordinates":[[[16.3721,38.8816],[16.3719,38.8827],[16.3697,38.8832],[16.3721,38.8816]]]}},{"type":"Feature","properties":{"landuse":"orchard"},"geometry":{"type":"Polygon","coordinates":[[[16.372,38.8842],[16.3701,38.8875],[16.3675,38.8865],[16.372,38.8842]]]}},{"type":"Feature","properties":{"landuse":"orchard"},"geometry":{"type":"Polygon","coordinates":[[[16.3696,38.8831],[16.3681,38.8822],[16.3702,38.882],[16.3696,38.8831]]]}},{"type":"Feature","properties":{"landuse":"orchard"},"geometry":{"type":"Polygon","coordinates":[[[16.3728,38.8782],[16.3712,38.878],[16.3727,38.8765],[16.3728,38.8782]]]}},{"type":"Feature","properties":{"landuse":"orchard"},"geometry":{"type":"Polygon","coordinates":[[[15.9367,38.5605],[15.9357,38.5574],[15.9442,38.5603],[15.9367,38.5605]]]}},{"type":"Feature","properties":{"landuse":"orchard"},"geometry":{"type":"Polygon","coordinates":[[[15.9442,38.5634],[15.941,38.5606],[15.9502,38.5603],[15.9594,38.5685],[15.9539,38.5743],[15.9442,38.5634]]]}},{"type":"Feature","properties":{"landuse":"orchard"},"geometry":{"type":"Polygon","coordinates":[[[15.983,38.5674],[15.9832,38.5608],[15.9859,38.5602],[15.9909,38.5664],[15.983,38.5674]]]}},{"type":"Feature","properties":{"landuse":"farmland"},"geometry":{"type":"Polygon","coordinates":[[[15.9146,38.5869],[15.917,38.581],[15.9192,38.585],[15.9146,38.5869]]]}},{"type":"Feature","properties":{"landuse":"farmland"},"geometry":{"type":"Polygon","coordinates":[[[15.9198,38.5848],[15.9151,38.5793],[15.9168,38.5772],[15.9252,38.5806],[15.9198,38.5848]]]}},{"type":"Feature","properties":{"landuse":"farmland"},"geometry":{"type":"Polygon","coordinates":[[[15.9573,38.5651],[15.953,38.5611],[15.9577,38.5595],[15.9573,38.5651]]]}},{"type":"Feature","properties":{"landuse":"orchard"},"geometry":{"type":"Polygon","coordinates":[[[15.9444,38.4313],[15.9555,38.4267],[15.9626,38.4294],[15.9444,38.4313]]]}},{"type":"Feature","properties":{"landuse":"orchard"},"geometry":{"type":"Polygon","coordinates":[[[15.9509,38.4255],[15.9532,38.4258],[15.9518,38.4287],[15.9464,38.4292],[15.9509,38.4255]]]}},{"type":"Feature","properties":{"landuse":"orchard"},"geometry":{"type":"Polygon","coordinates":[[[15.9536,38.4261],[15.9508,38.4241],[15.9575,38.4183],[15.9605,38.4215],[15.9536,38.4261]]]}},{"type":"Feature","properties":{"landuse":"orchard"},"geometry":{"type":"Polygon","coordinates":[[[15.9765,38.4432],[15.9744,38.4397],[15.9825,38.4365],[15.9818,38.4411],[15.9765,38.4432]]]}},{"type":"Feature","properties":{"landuse":"orchard"},"geometry":{"type":"Polygon","coordinates":[[[15.9817,38.4444],[15.9819,38.4426],[15.9836,38.4423],[15.9817,38.4444]]]}},{"type":"Feature","properties":{"landuse":"farmland"},"geometry":{"type":"Polygon","coordinates":[[[16.9105,39.1442],[16.9129,39.1415],[16.9184,39.1428],[16.9105,39.1442]]]}},{"type":"Feature","properties":{"landuse":"farmland"},"geometry":{"type":"Polygon","coordinates":[[[16.9137,39.1442],[16.9199,39.1431],[16.9268,39.1495],[16.9187,39.1484],[16.9137,39.1442]]]}},{"type":"Feature","properties":{"landuse":"farmland"},"geometry":{"type":"Polygon","coordinates":[[[16.9202,39.1432],[16.9295,39.1501],[16.9269,39.1518],[16.9202,39.1432]]]}},{"type":"Feature","properties":{"landuse":"farmland"},"geometry":{"type":"Polygon","coordinates":[[[16.9272,39.1507],[16.9251,39.1566],[16.92,39.157],[16.9134,39.1513],[16.9211,39.1484],[16.9272,39.1507]]]}},{"type":"Feature","properties":{"landuse":"farmland"},"geometry":{"type":"Polygon","coordinates":[[[15.8702,38.6048],[15.8686,38.6048],[15.8694,38.6035],[15.8702,38.6048]]]}},{"type":"Feature","properties":{"landuse":"orchard"},"geometry":{"type":"Polygon","coordinates":[[[15.9775,38.5337],[15.9774,38.5302],[15.9893,38.5275],[15.9836,38.5341],[15.9775,38.5337]]]}},{"type":"Feature","properties":{"landuse":"farmland"},"geometry":{"type":"Polygon","coordinates":[[[16.9076,39.1355],[16.909,39.137],[16.9073,39.1371],[16.9076,39.1355]]]}},{"type":"Feature","properties":{"landuse":"farmland"},"geometry":{"type":"Polygon","coordinates":[[[16.9069,39.1423],[16.91,39.1427],[16.9076,39.1445],[16.9069,39.1423]]]}},{"type":"Feature","properties":{"landuse":"farmland"},"geometry":{"type":"Polygon","coordinates":[[[16.9094,39.1396],[16.9144,39.1393],[16.9103,39.1409],[16.9094,39.1396]]]}},{"type":"Feature","properties":{"landuse":"farmland"},"geometry":{"type":"Polygon","coordinates":[[[16.9023,39.1525],[16.8962,39.1461],[16.9025,39.1481],[16.9052,39.1439],[16.9095,39.1486],[16.9023,39.1525]]]}},{"type":"Feature","properties":{"landuse":"farmland"},"geometry":{"type":"Polygon","coordinates":[[[16.8966,39.1449],[16.8994,39.1421],[16.9019,39.1447],[16.8966,39.1449]]]}},{"type":"Feature","properties":{"landuse":"farmland"},"geometry":{"type":"Polygon","coordinates":[[[16.9111,39.1476],[16.9152,39.1545],[16.922,39.1573],[16.9189,39.1592],[16.9239,39.1639],[16.9112,39.1598],[16.909,39.1555],[16.915,39.1554],[16.9112,39.1538],[16.9111,39.1476]]]}},{"type":"Feature","properties":{"landuse":"farmland"},"geometry":{"type":"Polygon","coordinates":[[[15.9761,38.5495],[15.9793,38.5456],[15.9844,38.5463],[15.9839,38.5487],[15.9787,38.5485],[15.9804,38.5507],[15.9761,38.5495]]]}},{"type":"Feature","properties":{"landuse":"orchard"},"geometry":{"type":"Polygon","coordinates":[[[15.9805,38.5407],[15.9901,38.535],[15.9855,38.5416],[15.9805,38.5407]]]}},{"type":"Feature","properties":{"landuse":"orchard"},"geometry":{"type":"Polygon","coordinates":[[[15.9772,38.546],[15.9778,38.5438],[15.979,38.5457],[15.9772,38.546]]]}},{"type":"Feature","properties":{"landuse":"orchard"},"geometry":{"type":"Polygon","coordinates":[[[15.9858,38.5448],[15.9897,38.5416],[15.9886,38.5457],[15.9858,38.5448]]]}},{"type":"Feature","properties":{"landuse":"orchard"},"geometry":{"type":"Polygon","coordinates":[[[15.9793,38.5456],[15.9855,38.544],[15.9825,38.5466],[15.9793,38.5456]]]}},{"type":"Feature","properties":{"landuse":"orchard"},"geometry":{"type":"Polygon","coordinates":[[[15.9792,38.5448],[15.9798,38.542],[15.985,38.5429],[15.9792,38.5448]]]}},{"type":"Feature","properties":{"landuse":"orchard"},"geometry":{"type":"Polygon","coordinates":[[[15.9892,38.5449],[15.9938,38.5403],[15.993,38.5442],[15.9892,38.5449]]]}},{"type":"Feature","properties":{"landuse":"farmland"},"geometry":{"type":"Polygon","coordinates":[[[16.9076,39.134],[16.9109,39.1349],[16.9092,39.1312],[16.913,39.1293],[16.9099,39.128],[16.918,39.1239],[16.9145,39.1226],[16.9158,39.1204],[16.9251,39.1237],[16.9241,39.1278],[16.9224,39.1227],[16.9175,39.1273],[16.9261,39.1281],[16.9189,39.1423],[16.9076,39.134]]]}},{"type":"Feature","properties":{"landuse":"orchard"},"geometry":{"type":"Polygon","coordinates":[[[15.9884,38.5462],[15.989,38.5449],[15.9897,38.5466],[15.9884,38.5462]]]}},{"type":"Feature","properties":{"landuse":"orchard"},"geometry":{"type":"Polygon","coordinates":[[[15.9938,38.5448],[15.9934,38.5427],[15.9983,38.5428],[15.9957,38.5468],[16,38.5441],[15.9948,38.5476],[15.9938,38.5448]]]}},{"type":"Feature","properties":{"landuse":"farmland"},"geometry":{"type":"Polygon","coordinates":[[[15.9821,38.5385],[15.9828,38.5362],[15.9886,38.5338],[15.9821,38.5385]]]}},{"type":"Feature","properties":{"landuse":"orchard"},"geometry":{"type":"Polygon","coordinates":[[[15.9951,38.5416],[15.9936,38.539],[15.9965,38.5379],[16,38.541],[15.9951,38.5416]]]}},{"type":"Feature","properties":{"landuse":"orchard"},"geometry":{"type":"Polygon","coordinates":[[[16.3666,38.8815],[16.3629,38.884],[16.3632,38.8819],[16.3666,38.8815]]]}},{"type":"Feature","properties":{"landuse":"orchard"},"geometry":{"type":"Polygon","coordinates":[[[16.3667,38.8818],[16.3712,38.8843],[16.3619,38.8858],[16.3667,38.8818]]]}},{"type":"Feature","properties":{"landuse":"orchard"},"geometry":{"type":"Polygon","coordinates":[[[15.9932,38.5352],[15.9925,38.5337],[15.9946,38.5333],[15.9932,38.5352]]]}},{"type":"Feature","properties":{"landuse":"orchard"},"geometry":{"type":"Polygon","coordinates":[[[15.996,38.5346],[15.9931,38.5324],[15.9962,38.5327],[15.996,38.5346]]]}},{"type":"Feature","properties":{"landuse":"orchard"},"geometry":{"type":"Polygon","coordinates":[[[15.9887,38.5343],[15.9919,38.5314],[15.9922,38.5345],[15.9887,38.5343]]]}},{"type":"Feature","properties":{"landuse":"orchard"},"geometry":{"type":"Polygon","coordinates":[[[16.0026,38.551],[15.9994,38.5522],[16.0022,38.546],[15.9958,38.5468],[16.0005,38.5412],[16.0077,38.5509],[16.0026,38.551]]]}},{"type":"Feature","properties":{"landuse":"orchard"},"geometry":{"type":"Polygon","coordinates":[[[15.9295,38.5875],[15.9273,38.5825],[15.9254,38.5866],[15.9213,38.5837],[15.9295,38.5805],[15.9334,38.5902],[15.9307,38.5928],[15.9295,38.5875]]]}},{"type":"Feature","properties":{"landuse":"farmland"},"geometry":{"type":"Polygon","coordinates":[[[16.91,39.1205],[16.9008,39.1229],[16.9099,39.119],[16.9134,39.1137],[16.9089,39.1142],[16.9138,39.113],[16.9125,39.1204],[16.91,39.1205]]]}},{"type":"Feature","properties":{"landuse":"farmland"},"geometry":{"type":"Polygon","coordinates":[[[16.914,39.1129],[16.9254,39.1125],[16.9338,39.1175],[16.9305,39.1216],[16.9344,39.1267],[16.9318,39.124],[16.9262,39.1278],[16.9227,39.1213],[16.9174,39.1219],[16.914,39.1129]]]}},{"type":"Feature","properties":{"landuse":"farmland"},"geometry":{"type":"Polygon","coordinates":[[[16.9095,39.1223],[16.9115,39.1214],[16.9104,39.124],[16.9095,39.1223]]]}},{"type":"Feature","properties":{"landuse":"farmland"},"geometry":{"type":"Polygon","coordinates":[[[15.9094,38.6271],[15.9085,38.6236],[15.9135,38.6243],[15.9094,38.6271]]]}},{"type":"Feature","properties":{"landuse":"farmland"},"geometry":{"type":"Polygon","coordinates":[[[15.8998,38.5985],[15.901,38.5949],[15.9079,38.5978],[15.8998,38.5985]]]}},{"type":"Feature","properties":{"landuse":"farmland"},"geometry":{"type":"Polygon","coordinates":[[[15.9048,38.5918],[15.905,38.5898],[15.9103,38.5974],[15.9048,38.5918]]]}},{"type":"Feature","properties":{"landuse":"farmland"},"geometry":{"type":"Polygon","coordinates":[[[15.91,38.5988],[15.9105,38.5954],[15.9161,38.5998],[15.91,38.5988]]]}},{"type":"Feature","properties":{"landuse":"green_public_spaces"},"geometry":{"type":"Polygon","coordinates":[[[16.3177,39.1806],[16.3177,39.1797],[16.3203,39.1798],[16.3177,39.1806]]]}},{"type":"Feature","properties":{"landuse":"farmland"},"geometry":{"type":"Polygon","coordinates":[[[15.8902,38.5994],[15.8916,38.5966],[15.8959,38.599],[15.8902,38.5994]]]}},{"type":"Feature","properties":{"landuse":"green_public_spaces"},"geometry":{"type":"Polygon","coordinates":[[[15.9072,38.5988],[15.9079,38.5978],[15.9099,38.5981],[15.9072,38.5988]]]}},{"type":"Feature","properties":{"landuse":"farmland"},"geometry":{"type":"Polygon","coordinates":[[[15.9183,38.63],[15.9204,38.6305],[15.9084,38.6311],[15.9183,38.63]]]}},{"type":"Feature","properties":{"landuse":"orchard"},"geometry":{"type":"Polygon","coordinates":[[[15.8748,38.6361],[15.876,38.6318],[15.8776,38.6341],[15.8748,38.6361]]]}},{"type":"Feature","properties":{"landuse":"orchard"},"geometry":{"type":"Polygon","coordinates":[[[15.8956,38.6221],[15.8961,38.6212],[15.9022,38.6205],[15.8956,38.6221]]]}},{"type":"Feature","properties":{"landuse":"farmland"},"geometry":{"type":"Polygon","coordinates":[[[15.8961,38.6206],[15.8933,38.6168],[15.8956,38.615],[15.8996,38.6184],[15.8961,38.6206]]]}},{"type":"Feature","properties":{"landuse":"farmland"},"geometry":{"type":"Polygon","coordinates":[[[15.8877,38.6205],[15.8959,38.6193],[15.8912,38.6231],[15.8877,38.6205]]]}},{"type":"Feature","properties":{"landuse":"farmland"},"geometry":{"type":"Polygon","coordinates":[[[15.8803,38.5963],[15.8789,38.5949],[15.8843,38.5945],[15.8803,38.5963]]]}},{"type":"Feature","properties":{"landuse":"farmland"},"geometry":{"type":"Polygon","coordinates":[[[15.8786,38.6005],[15.8769,38.5977],[15.8791,38.5966],[15.8885,38.5999],[15.8786,38.6005]]]}},{"type":"Feature","properties":{"landuse":"farmland"},"geometry":{"type":"Polygon","coordinates":[[[16.9282,39.1284],[16.9315,39.1242],[16.9341,39.1271],[16.9318,39.1316],[16.9282,39.1284]]]}},{"type":"Feature","properties":{"landuse":"farmland"},"geometry":{"type":"Polygon","coordinates":[[[16.9262,39.128],[16.9336,39.1346],[16.9349,39.1329],[16.9352,39.1358],[16.9403,39.1304],[16.9409,39.1349],[16.92,39.1425],[16.9262,39.128]]]}},{"type":"Feature","properties":{"landuse":"farmland"},"geometry":{"type":"Polygon","coordinates":[[[16.9347,39.1277],[16.9385,39.1289],[16.934,39.1287],[16.9347,39.1277]]]}},{"type":"Feature","properties":{"landuse":"farmland"},"geometry":{"type":"Polygon","coordinates":[[[16.9381,39.1237],[16.9359,39.1213],[16.9421,39.1219],[16.9405,39.129],[16.9353,39.1275],[16.9408,39.1227],[16.9381,39.1237]]]}},{"type":"Feature","properties":{"landuse":"orchard"},"geometry":{"type":"Polygon","coordinates":[[[16.3626,38.8899],[16.3591,38.8904],[16.3591,38.8861],[16.3699,38.8874],[16.3626,38.8899]]]}},{"type":"Feature","properties":{"landuse":"orchard"},"geometry":{"type":"Polygon","coordinates":[[[16.364,38.8864],[16.3653,38.8858],[16.37,38.8874],[16.364,38.8864]]]}},{"type":"Feature","properties":{"landuse":"orchard"},"geometry":{"type":"Polygon","coordinates":[[[16.367,38.9298],[16.3661,38.9302],[16.3655,38.9284],[16.367,38.9298]]]}},{"type":"Feature","properties":{"landuse":"farmland"},"geometry":{"type":"Polygon","coordinates":[[[16.3525,38.9291],[16.3527,38.9281],[16.3552,38.9292],[16.3525,38.9291]]]}},{"type":"Feature","properties":{"landuse":"orchard"},"geometry":{"type":"Polygon","coordinates":[[[16.377,38.9315],[16.3782,38.9311],[16.3781,38.9322],[16.377,38.9315]]]}},{"type":"Feature","properties":{"landuse":"orchard"},"geometry":{"type":"Polygon","coordinates":[[[16.3485,38.9275],[16.3496,38.9246],[16.3526,38.9274],[16.3485,38.9275]]]}},{"type":"Feature","properties":{"landuse":"orchard"},"geometry":{"type":"Polygon","coordinates":[[[16.3512,38.9307],[16.3503,38.9283],[16.3517,38.9295],[16.3512,38.9307]]]}},{"type":"Feature","properties":{"landuse":"orchard"},"geometry":{"type":"Polygon","coordinates":[[[16.3714,38.9441],[16.3665,38.9396],[16.3694,38.9378],[16.3792,38.9429],[16.3824,38.9481],[16.3757,38.9464],[16.3793,38.9507],[16.3714,38.9441]]]}},{"type":"Feature","properties":{"landuse":"orchard"},"geometry":{"type":"Polygon","coordinates":[[[16.3652,38.928],[16.3649,38.9266],[16.3676,38.9276],[16.3652,38.928]]]}},{"type":"Feature","properties":{"landuse":"orchard"},"geometry":{"type":"Polygon","coordinates":[[[16.3665,38.9412],[16.3657,38.9396],[16.368,38.9414],[16.3665,38.9412]]]}},{"type":"Feature","properties":{"landuse":"orchard"},"geometry":{"type":"Polygon","coordinates":[[[16.3489,38.9296],[16.3483,38.9322],[16.3474,38.9297],[16.3489,38.9296]]]}},{"type":"Feature","properties":{"landuse":"orchard"},"geometry":{"type":"Polygon","coordinates":[[[16.3615,38.946],[16.36,38.9465],[16.3603,38.9446],[16.3615,38.946]]]}},{"type":"Feature","properties":{"landuse":"orchard"},"geometry":{"type":"Polygon","coordinates":[[[16.3655,38.9494],[16.362,38.947],[16.366,38.9485],[16.364,38.946],[16.3696,38.9471],[16.3713,38.9442],[16.3767,38.9526],[16.3724,38.9521],[16.3746,38.9523],[16.3706,38.9467],[16.3713,38.9538],[16.3683,38.9549],[16.3655,38.9494]]]}},{"type":"Feature","properties":{"landuse":"orchard"},"geometry":{"type":"Polygon","coordinates":[[[16.3788,38.9313],[16.3827,38.9328],[16.3814,38.9335],[16.3788,38.9313]]]}},{"type":"Feature","properties":{"landuse":"orchard"},"geometry":{"type":"Polygon","coordinates":[[[16.3428,38.9339],[16.3454,38.9326],[16.3442,38.9347],[16.3428,38.9339]]]}},{"type":"Feature","properties":{"landuse":"orchard"},"geometry":{"type":"Polygon","coordinates":[[[16.3719,38.9338],[16.3708,38.9314],[16.3734,38.932],[16.3719,38.9338]]]}},{"type":"Feature","properties":{"landuse":"farmland"},"geometry":{"type":"Polygon","coordinates":[[[16.3579,38.9281],[16.3557,38.927],[16.359,38.9254],[16.3579,38.9281]]]}},{"type":"Feature","properties":{"landuse":"farmland"},"geometry":{"type":"Polygon","coordinates":[[[16.376,38.935],[16.3719,38.9338],[16.3734,38.932],[16.376,38.935]]]}},{"type":"Feature","properties":{"landuse":"orchard"},"geometry":{"type":"Polygon","coordinates":[[[16.3672,38.9285],[16.3753,38.9266],[16.3698,38.9295],[16.3672,38.9285]]]}},{"type":"Feature","properties":{"landuse":"farmland"},"geometry":{"type":"Polygon","coordinates":[[[16.3585,38.9244],[16.3568,38.9277],[16.3528,38.9279],[16.3585,38.9244]]]}},{"type":"Feature","properties":{"landuse":"orchard"},"geometry":{"type":"Polygon","coordinates":[[[16.3598,38.9337],[16.3581,38.9337],[16.3585,38.9327],[16.3598,38.9337]]]}},{"type":"Feature","properties":{"landuse":"orchard"},"geometry":{"type":"Polygon","coordinates":[[[16.3487,38.9322],[16.3506,38.9314],[16.3514,38.9325],[16.3487,38.9322]]]}},{"type":"Feature","properties":{"landuse":"orchard"},"geometry":{"type":"Polygon","coordinates":[[[16.3652,38.9213],[16.3704,38.9225],[16.3652,38.9224],[16.3652,38.9213]]]}},{"type":"Feature","properties":{"landuse":"orchard"},"geometry":{"type":"Polygon","coordinates":[[[16.3357,38.9296],[16.3364,38.9323],[16.3323,38.9323],[16.3327,38.9288],[16.3357,38.9296]]]}},{"type":"Feature","properties":{"landuse":"orchard"},"geometry":{"type":"Polygon","coordinates":[[[16.3369,38.9308],[16.3414,38.9297],[16.3424,38.9322],[16.3369,38.9308]]]}},{"type":"Feature","properties":{"landuse":"orchard"},"geometry":{"type":"Polygon","coordinates":[[[16.3505,38.9221],[16.3544,38.9249],[16.3517,38.9263],[16.3505,38.9221]]]}},{"type":"Feature","properties":{"landuse":"orchard"},"geometry":{"type":"Polygon","coordinates":[[[16.3341,38.9256],[16.3348,38.9242],[16.3358,38.9255],[16.3341,38.9256]]]}},{"type":"Feature","properties":{"landuse":"orchard"},"geometry":{"type":"Polygon","coordinates":[[[16.3365,38.9279],[16.3383,38.9281],[16.3361,38.9303],[16.3365,38.9279]]]}},{"type":"Feature","properties":{"landuse":"orchard"},"geometry":{"type":"Polygon","coordinates":[[[16.3365,38.9324],[16.3399,38.9324],[16.3396,38.9335],[16.3365,38.9324]]]}},{"type":"Feature","properties":{"landuse":"orchard"},"geometry":{"type":"Polygon","coordinates":[[[16.3401,38.9332],[16.3429,38.9323],[16.3423,38.9343],[16.3401,38.9332]]]}},{"type":"Feature","properties":{"landuse":"orchard"},"geometry":{"type":"Polygon","coordinates":[[[16.3324,38.9349],[16.3354,38.9347],[16.335,38.937],[16.3324,38.9349]]]}},{"type":"Feature","properties":{"landuse":"orchard"},"geometry":{"type":"Polygon","coordinates":[[[16.334,38.9326],[16.3356,38.9326],[16.3354,38.9345],[16.334,38.9326]]]}},{"type":"Feature","properties":{"landuse":"orchard"},"geometry":{"type":"Polygon","coordinates":[[[16.3392,38.9183],[16.3381,38.9213],[16.3373,38.9197],[16.3392,38.9183]]]}},{"type":"Feature","properties":{"landuse":"farmland"},"geometry":{"type":"Polygon","coordinates":[[[16.3387,38.9181],[16.3366,38.9198],[16.3357,38.917],[16.3387,38.9181]]]}},{"type":"Feature","properties":{"landuse":"farmland"},"geometry":{"type":"Polygon","coordinates":[[[16.3385,38.9269],[16.3405,38.9265],[16.3407,38.9276],[16.3385,38.9269]]]}},{"type":"Feature","properties":{"landuse":"orchard"},"geometry":{"type":"Polygon","coordinates":[[[16.3409,38.9193],[16.3426,38.9169],[16.3457,38.9196],[16.3409,38.9193]]]}},{"type":"Feature","properties":{"landuse":"orchard"},"geometry":{"type":"Polygon","coordinates":[[[16.3478,38.9241],[16.3493,38.9245],[16.3485,38.9255],[16.3478,38.9241]]]}},{"type":"Feature","properties":{"landuse":"farmland"},"geometry":{"type":"Polygon","coordinates":[[[16.345,38.9217],[16.3481,38.9219],[16.3488,38.9237],[16.345,38.9217]]]}},{"type":"Feature","properties":{"landuse":"orchard"},"geometry":{"type":"Polygon","coordinates":[[[16.3381,38.9213],[16.3399,38.919],[16.3427,38.9205],[16.3381,38.9213]]]}},{"type":"Feature","properties":{"landuse":"farmland"},"geometry":{"type":"Polygon","coordinates":[[[16.3435,38.9284],[16.3445,38.9243],[16.3484,38.9252],[16.3435,38.9284]]]}},{"type":"Feature","properties":{"landuse":"orchard"},"geometry":{"type":"Polygon","coordinates":[[[16.3429,38.9219],[16.3468,38.9233],[16.3423,38.9235],[16.3429,38.9219]]]}},{"type":"Feature","properties":{"landuse":"orchard"},"geometry":{"type":"Polygon","coordinates":[[[16.3424,38.931],[16.3423,38.9236],[16.3445,38.9243],[16.3424,38.931]]]}},{"type":"Feature","properties":{"landuse":"orchard"},"geometry":{"type":"Polygon","coordinates":[[[16.3449,38.9244],[16.3463,38.9246],[16.3461,38.9253],[16.3449,38.9244]]]}},{"type":"Feature","properties":{"landuse":"orchard"},"geometry":{"type":"Polygon","coordinates":[[[16.3307,38.9117],[16.3336,38.9114],[16.3337,38.9125],[16.3307,38.9117]]]}},{"type":"Feature","properties":{"landuse":"orchard"},"geometry":{"type":"Polygon","coordinates":[[[16.3455,38.9203],[16.348,38.92],[16.3483,38.9214],[16.3455,38.9203]]]}},{"type":"Feature","properties":{"landuse":"farmland"},"geometry":{"type":"Polygon","coordinates":[[[16.3451,38.9243],[16.3468,38.9233],[16.3479,38.9246],[16.3451,38.9243]]]}},{"type":"Feature","properties":{"landuse":"farmland"},"geometry":{"type":"Polygon","coordinates":[[[16.3428,38.9205],[16.3442,38.9213],[16.3437,38.9221],[16.3428,38.9205]]]}},{"type":"Feature","properties":{"landuse":"orchard"},"geometry":{"type":"Polygon","coordinates":[[[16.3134,38.9665],[16.3135,38.9679],[16.3124,38.9673],[16.3134,38.9665]]]}},{"type":"Feature","properties":{"landuse":"farmland"},"geometry":{"type":"Polygon","coordinates":[[[16.3535,38.8874],[16.3511,38.8862],[16.3547,38.8847],[16.3535,38.8874]]]}},{"type":"Feature","properties":{"landuse":"orchard"},"geometry":{"type":"Polygon","coordinates":[[[16.3546,38.8853],[16.3574,38.8845],[16.3573,38.8882],[16.3546,38.8853]]]}},{"type":"Feature","properties":{"landuse":"vineyard"},"geometry":{"type":"Polygon","coordinates":[[[16.3447,38.8868],[16.3458,38.8891],[16.3444,38.8875],[16.3447,38.8868]]]}},{"type":"Feature","properties":{"landuse":"farmland"},"geometry":{"type":"Polygon","coordinates":[[[16.3496,38.8818],[16.3547,38.8837],[16.3506,38.8842],[16.3496,38.8818]]]}},{"type":"Feature","properties":{"landuse":"orchard"},"geometry":{"type":"Polygon","coordinates":[[[16.348,38.8828],[16.3496,38.8818],[16.3498,38.883],[16.348,38.8828]]]}},{"type":"Feature","properties":{"landuse":"orchard"},"geometry":{"type":"Polygon","coordinates":[[[16.3578,38.8853],[16.3625,38.8823],[16.3629,38.884],[16.3578,38.8853]]]}},{"type":"Feature","properties":{"landuse":"farmland"},"geometry":{"type":"Polygon","coordinates":[[[15.5316,38.1629],[15.5333,38.1639],[15.5283,38.1672],[15.5316,38.1629]]]}},{"type":"Feature","properties":{"landuse":"orchard"},"geometry":{"type":"Polygon","coordinates":[[[16.3404,38.8896],[16.3403,38.8879],[16.3424,38.8866],[16.3404,38.8896]]]}},{"type":"Feature","properties":{"landuse":"orchard"},"geometry":{"type":"Polygon","coordinates":[[[16.3413,38.8891],[16.3486,38.8887],[16.3481,38.8909],[16.3413,38.8891]]]}},{"type":"Feature","properties":{"landuse":"orchard"},"geometry":{"type":"Polygon","coordinates":[[[16.3471,38.8865],[16.3506,38.8869],[16.3477,38.8874],[16.3471,38.8865]]]}},{"type":"Feature","properties":{"landuse":"orchard"},"geometry":{"type":"Polygon","coordinates":[[[16.4542,38.4841],[16.4589,38.4849],[16.4557,38.4853],[16.4542,38.4841]]]}},{"type":"Feature","properties":{"landuse":"green_public_spaces"},"geometry":{"type":"Polygon","coordinates":[[[16.4692,39.3237],[16.4675,39.3262],[16.4665,39.3235],[16.4692,39.3237]]]}},{"type":"Feature","properties":{"landuse":"green_public_spaces"},"geometry":{"type":"Polygon","coordinates":[[[16.1229,38.5469],[16.128,38.5475],[16.1243,38.5494],[16.1229,38.5469]]]}},{"type":"Feature","properties":{"landuse":"orchard"},"geometry":{"type":"Polygon","coordinates":[[[16.4231,38.396],[16.422,38.3987],[16.4209,38.3964],[16.4231,38.396]]]}},{"type":"Feature","properties":{"landuse":"orchard"},"geometry":{"type":"Polygon","coordinates":[[[16.4253,38.4095],[16.4275,38.41],[16.4261,38.4105],[16.4253,38.4095]]]}},{"type":"Feature","properties":{"landuse":"orchard"},"geometry":{"type":"Polygon","coordinates":[[[16.4296,38.4098],[16.4281,38.4108],[16.4281,38.4095],[16.4296,38.4098]]]}},{"type":"Feature","properties":{"landuse":"orchard"},"geometry":{"type":"Polygon","coordinates":[[[16.423,38.3966],[16.4266,38.3975],[16.4245,38.4006],[16.423,38.3966]]]}},{"type":"Feature","properties":{"landuse":"orchard"},"geometry":{"type":"Polygon","coordinates":[[[16.4277,38.4114],[16.4272,38.4132],[16.4258,38.4106],[16.4277,38.4114]]]}},{"type":"Feature","properties":{"landuse":"farmland"},"geometry":{"type":"Polygon","coordinates":[[[16.3533,38.9287],[16.3517,38.9295],[16.3522,38.9269],[16.3533,38.9287]]]}},{"type":"Feature","properties":{"landuse":"orchard"},"geometry":{"type":"Polygon","coordinates":[[[16.354,38.9321],[16.3565,38.933],[16.3551,38.9348],[16.354,38.9321]]]}},{"type":"Feature","properties":{"landuse":"orchard"},"geometry":{"type":"Polygon","coordinates":[[[16.3551,38.9562],[16.3513,38.9569],[16.3479,38.9498],[16.3534,38.9472],[16.3551,38.9562]]]}},{"type":"Feature","properties":{"landuse":"orchard"},"geometry":{"type":"Polygon","coordinates":[[[16.3582,38.9449],[16.3569,38.9423],[16.3607,38.9415],[16.3582,38.9449]]]}},{"type":"Feature","properties":{"landuse":"orchard"},"geometry":{"type":"Polygon","coordinates":[[[16.3476,38.9495],[16.3484,38.9521],[16.345,38.9515],[16.3476,38.9495]]]}},{"type":"Feature","properties":{"landuse":"vineyard"},"geometry":{"type":"Polygon","coordinates":[[[16.3477,38.9516],[16.3463,38.9538],[16.3459,38.9524],[16.3477,38.9516]]]}},{"type":"Feature","properties":{"landuse":"vineyard"},"geometry":{"type":"Polygon","coordinates":[[[16.3451,38.9521],[16.3438,38.9537],[16.3448,38.9511],[16.3451,38.9521]]]}},{"type":"Feature","properties":{"landuse":"orchard"},"geometry":{"type":"Polygon","coordinates":[[[16.3558,38.945],[16.3562,38.9412],[16.3569,38.9446],[16.3558,38.945]]]}},{"type":"Feature","properties":{"landuse":"orchard"},"geometry":{"type":"Polygon","coordinates":[[[16.3532,38.9338],[16.3568,38.9352],[16.3577,38.9387],[16.3532,38.9338]]]}},{"type":"Feature","properties":{"landuse":"orchard"},"geometry":{"type":"Polygon","coordinates":[[[16.3601,38.9354],[16.3625,38.9365],[16.3605,38.9374],[16.3601,38.9354]]]}},{"type":"Feature","properties":{"landuse":"orchard"},"geometry":{"type":"Polygon","coordinates":[[[16.3618,38.9384],[16.3621,38.937],[16.3633,38.9384],[16.3618,38.9384]]]}},{"type":"Feature","properties":{"landuse":"orchard"},"geometry":{"type":"Polygon","coordinates":[[[16.3751,38.9578],[16.3745,38.9568],[16.376,38.9565],[16.3751,38.9578]]]}},{"type":"Feature","properties":{"landuse":"farmland"},"geometry":{"type":"Polygon","coordinates":[[[17.0626,39.1687],[17.0615,39.1661],[17.0701,39.1666],[17.0693,39.1692],[17.0626,39.1687]]]}},{"type":"Feature","properties":{"landuse":"orchard"},"geometry":{"type":"Polygon","coordinates":[[[16.3845,38.9175],[16.3866,38.9164],[16.3903,38.9179],[16.3845,38.9175]]]}},{"type":"Feature","properties":{"landuse":"orchard"},"geometry":{"type":"Polygon","coordinates":[[[16.3748,38.921],[16.3833,38.9188],[16.3799,38.9214],[16.3748,38.921]]]}},{"type":"Feature","properties":{"landuse":"orchard"},"geometry":{"type":"Polygon","coordinates":[[[16.3901,38.9189],[16.3954,38.9134],[16.3945,38.9214],[16.3883,38.9196],[16.3826,38.9219],[16.3837,38.919],[16.3901,38.9189]]]}},{"type":"Feature","properties":{"landuse":"orchard"},"geometry":{"type":"Polygon","coordinates":[[[16.3763,38.9323],[16.3774,38.9324],[16.3771,38.934],[16.3763,38.9323]]]}},{"type":"Feature","properties":{"landuse":"farmland"},"geometry":{"type":"Polygon","coordinates":[[[16.3777,38.9342],[16.3783,38.9315],[16.379,38.934],[16.3777,38.9342]]]}},{"type":"Feature","properties":{"landuse":"orchard"},"geometry":{"type":"Polygon","coordinates":[[[16.379,38.9347],[16.3797,38.9329],[16.381,38.9336],[16.379,38.9347]]]}},{"type":"Feature","properties":{"landuse":"farmland"},"geometry":{"type":"Polygon","coordinates":[[[16.385,38.9309],[16.3904,38.9317],[16.3845,38.9322],[16.385,38.9309]]]}},{"type":"Feature","properties":{"landuse":"orchard"},"geometry":{"type":"Polygon","coordinates":[[[16.3855,38.9361],[16.3881,38.9342],[16.3889,38.9353],[16.3855,38.9361]]]}},{"type":"Feature","properties":{"landuse":"orchard"},"geometry":{"type":"Polygon","coordinates":[[[16.3877,38.9361],[16.3892,38.9353],[16.3898,38.9365],[16.3877,38.9361]]]}},{"type":"Feature","properties":{"landuse":"orchard"},"geometry":{"type":"Polygon","coordinates":[[[16.3931,38.9344],[16.3915,38.9349],[16.391,38.9331],[16.3931,38.9344]]]}},{"type":"Feature","properties":{"landuse":"farmland"},"geometry":{"type":"Polygon","coordinates":[[[16.3867,38.9347],[16.386,38.9328],[16.3886,38.9332],[16.3867,38.9347]]]}},{"type":"Feature","properties":{"landuse":"orchard"},"geometry":{"type":"Polygon","coordinates":[[[16.3896,38.9352],[16.3906,38.935],[16.3908,38.9364],[16.3896,38.9352]]]}},{"type":"Feature","properties":{"landuse":"orchard"},"geometry":{"type":"Polygon","coordinates":[[[16.365,38.9225],[16.3718,38.9232],[16.3688,38.9242],[16.365,38.9225]]]}},{"type":"Feature","properties":{"landuse":"orchard"},"geometry":{"type":"Polygon","coordinates":[[[16.3707,38.9223],[16.371,38.9231],[16.3679,38.923],[16.3707,38.9223]]]}},{"type":"Feature","properties":{"landuse":"orchard"},"geometry":{"type":"Polygon","coordinates":[[[16.3703,38.9247],[16.3781,38.9238],[16.373,38.9262],[16.3703,38.9247]]]}},{"type":"Feature","properties":{"landuse":"orchard"},"geometry":{"type":"Polygon","coordinates":[[[16.3691,38.9273],[16.3638,38.9259],[16.3713,38.9249],[16.3691,38.9273]]]}},{"type":"Feature","properties":{"landuse":"orchard"},"geometry":{"type":"Polygon","coordinates":[[[16.3997,38.9229],[16.4011,38.9244],[16.3924,38.925],[16.3914,38.9229],[16.3997,38.9229]]]}},{"type":"Feature","properties":{"landuse":"orchard"},"geometry":{"type":"Polygon","coordinates":[[[16.3855,38.9264],[16.3841,38.9249],[16.3916,38.9248],[16.3855,38.9264]]]}},{"type":"Feature","properties":{"landuse":"farmland"},"geometry":{"type":"Polygon","coordinates":[[[16.3356,38.9213],[16.3379,38.9211],[16.3383,38.9228],[16.3356,38.9213]]]}},{"type":"Feature","properties":{"landuse":"orchard"},"geometry":{"type":"Polygon","coordinates":[[[16.3355,38.9224],[16.3381,38.9238],[16.3352,38.9232],[16.3355,38.9224]]]}},{"type":"Feature","properties":{"landuse":"orchard"},"geometry":{"type":"Polygon","coordinates":[[[16.3393,38.9262],[16.3386,38.9261],[16.3405,38.9234],[16.3393,38.9262]]]}},{"type":"Feature","properties":{"landuse":"orchard"},"geometry":{"type":"Polygon","coordinates":[[[16.34,38.9232],[16.3425,38.9215],[16.3421,38.9235],[16.34,38.9232]]]}},{"type":"Feature","properties":{"landuse":"orchard"},"geometry":{"type":"Polygon","coordinates":[[[16.335,38.9237],[16.3381,38.924],[16.3382,38.9246],[16.335,38.9237]]]}},{"type":"Feature","properties":{"landuse":"farmland"},"geometry":{"type":"Polygon","coordinates":[[[16.339,38.9311],[16.3383,38.9323],[16.3369,38.9313],[16.339,38.9311]]]}},{"type":"Feature","properties":{"landuse":"orchard"},"geometry":{"type":"Polygon","coordinates":[[[16.3384,38.9275],[16.3407,38.9276],[16.3382,38.9309],[16.3384,38.9275]]]}},{"type":"Feature","properties":{"landuse":"farmland"},"geometry":{"type":"Polygon","coordinates":[[[16.3467,38.9071],[16.3423,38.909],[16.3356,38.905],[16.3392,38.9016],[16.3467,38.9071]]]}},{"type":"Feature","properties":{"landuse":"orchard"},"geometry":{"type":"Polygon","coordinates":[[[16.3768,38.9564],[16.3813,38.9562],[16.3792,38.9603],[16.3768,38.9564]]]}},{"type":"Feature","properties":{"landuse":"orchard"},"geometry":{"type":"Polygon","coordinates":[[[16.3822,38.9586],[16.3822,38.9573],[16.3848,38.9572],[16.3822,38.9586]]]}},{"type":"Feature","properties":{"landuse":"farmland"},"geometry":{"type":"Polygon","coordinates":[[[16.3895,39.8574],[16.3921,39.8569],[16.3911,39.8578],[16.3895,39.8574]]]}},{"type":"Feature","properties":{"landuse":"orchard"},"geometry":{"type":"Polygon","coordinates":[[[16.3915,39.8591],[16.3944,39.8573],[16.3941,39.8589],[16.3915,39.8591]]]}},{"type":"Feature","properties":{"landuse":"farmland"},"geometry":{"type":"Polygon","coordinates":[[[16.4076,39.8494],[16.4097,39.848],[16.4094,39.8492],[16.4076,39.8494]]]}},{"type":"Feature","properties":{"landuse":"farmland"},"geometry":{"type":"Polygon","coordinates":[[[16.3257,39.8418],[16.3265,39.8401],[16.3275,39.841],[16.3257,39.8418]]]}},{"type":"Feature","properties":{"landuse":"orchard"},"geometry":{"type":"Polygon","coordinates":[[[16.3035,39.8092],[16.3026,39.8076],[16.3047,39.8079],[16.3035,39.8092]]]}},{"type":"Feature","properties":{"landuse":"farmland"},"geometry":{"type":"Polygon","coordinates":[[[15.9426,38.6783],[15.944,38.6774],[15.9446,38.6789],[15.9426,38.6783]]]}},{"type":"Feature","properties":{"landuse":"green_public_spaces"},"geometry":{"type":"Polygon","coordinates":[[[16.2308,39.3607],[16.2279,39.3595],[16.2281,39.3568],[16.2308,39.3607]]]}},{"type":"Feature","properties":{"landuse":"greenhouse_horticulture"},"geometry":{"type":"Polygon","coordinates":[[[15.9109,37.9335],[15.9116,37.9343],[15.9099,37.9351],[15.9109,37.9335]]]}},{"type":"Feature","properties":{"landuse":"greenhouse_horticulture"},"geometry":{"type":"Polygon","coordinates":[[[15.9147,37.9392],[15.9173,37.9409],[15.9156,37.9415],[15.9147,37.9392]]]}},{"type":"Feature","properties":{"landuse":"orchard"},"geometry":{"type":"Polygon","coordinates":[[[16.3156,39.824],[16.3178,39.8196],[16.3187,39.8239],[16.3156,39.824]]]}},{"type":"Feature","properties":{"landuse":"orchard"},"geometry":{"type":"Polygon","coordinates":[[[16.4486,38.464],[16.452,38.4619],[16.4529,38.4623],[16.4486,38.464]]]}},{"type":"Feature","properties":{"landuse":"orchard"},"geometry":{"type":"Polygon","coordinates":[[[16.4496,38.4581],[16.4509,38.4558],[16.4547,38.4572],[16.4496,38.4581]]]}},{"type":"Feature","properties":{"landuse":"orchard"},"geometry":{"type":"Polygon","coordinates":[[[16.4535,38.4621],[16.4556,38.4609],[16.4551,38.4628],[16.4535,38.4621]]]}},{"type":"Feature","properties":{"landuse":"orchard"},"geometry":{"type":"Polygon","coordinates":[[[16.4642,38.4591],[16.4667,38.4594],[16.4659,38.4609],[16.4642,38.4591]]]}},{"type":"Feature","properties":{"landuse":"orchard"},"geometry":{"type":"Polygon","coordinates":[[[16.4583,38.4625],[16.459,38.461],[16.4618,38.4613],[16.4583,38.4625]]]}},{"type":"Feature","properties":{"landuse":"orchard"},"geometry":{"type":"Polygon","coordinates":[[[16.4524,38.4671],[16.4544,38.4673],[16.4548,38.4683],[16.4524,38.4671]]]}},{"type":"Feature","properties":{"landuse":"orchard"},"geometry":{"type":"Polygon","coordinates":[[[16.4561,38.4693],[16.4558,38.4674],[16.4569,38.4677],[16.4561,38.4693]]]}},{"type":"Feature","properties":{"landuse":"orchard"},"geometry":{"type":"Polygon","coordinates":[[[16.446,38.4641],[16.4462,38.4653],[16.4447,38.4649],[16.446,38.4641]]]}},{"type":"Feature","properties":{"landuse":"orchard"},"geometry":{"type":"Polygon","coordinates":[[[16.4479,38.4575],[16.4475,38.46],[16.4461,38.4582],[16.4479,38.4575]]]}},{"type":"Feature","properties":{"landuse":"orchard"},"geometry":{"type":"Polygon","coordinates":[[[16.3628,38.9205],[16.3685,38.9174],[16.3658,38.9202],[16.3628,38.9205]]]}},{"type":"Feature","properties":{"landuse":"orchard"},"geometry":{"type":"Polygon","coordinates":[[[16.3653,38.9189],[16.3668,38.9166],[16.3683,38.9167],[16.3653,38.9189]]]}},{"type":"Feature","properties":{"landuse":"orchard"},"geometry":{"type":"Polygon","coordinates":[[[16.3697,38.9175],[16.369,38.9166],[16.3717,38.9155],[16.3697,38.9175]]]}},{"type":"Feature","properties":{"landuse":"orchard"},"geometry":{"type":"Polygon","coordinates":[[[16.3649,38.9626],[16.3652,38.9617],[16.367,38.9614],[16.3649,38.9626]]]}},{"type":"Feature","properties":{"landuse":"orchard"},"geometry":{"type":"Polygon","coordinates":[[[16.376,38.9593],[16.3781,38.9635],[16.3742,38.9653],[16.3725,38.9626],[16.376,38.9593]]]}},{"type":"Feature","properties":{"landuse":"orchard"},"geometry":{"type":"Polygon","coordinates":[[[16.379,38.9649],[16.3779,38.9624],[16.3825,38.9598],[16.379,38.9649]]]}},{"type":"Feature","properties":{"landuse":"orchard"},"geometry":{"type":"Polygon","coordinates":[[[16.3715,38.9586],[16.3751,38.9589],[16.37,38.9621],[16.3715,38.9586]]]}},{"type":"Feature","properties":{"landuse":"orchard"},"geometry":{"type":"Polygon","coordinates":[[[16.3683,38.9592],[16.3714,38.9586],[16.37,38.9596],[16.3683,38.9592]]]}},{"type":"Feature","properties":{"landuse":"orchard"},"geometry":{"type":"Polygon","coordinates":[[[16.3613,38.9636],[16.3657,38.9629],[16.3636,38.9645],[16.3613,38.9636]]]}},{"type":"Feature","properties":{"landuse":"orchard"},"geometry":{"type":"Polygon","coordinates":[[[16.3654,38.9644],[16.3659,38.9629],[16.3685,38.9626],[16.3654,38.9644]]]}},{"type":"Feature","properties":{"landuse":"orchard"},"geometry":{"type":"Polygon","coordinates":[[[16.3673,38.9609],[16.3686,38.9606],[16.3698,38.9622],[16.3673,38.9609]]]}},{"type":"Feature","properties":{"landuse":"orchard"},"geometry":{"type":"Polygon","coordinates":[[[16.3691,38.9649],[16.3708,38.9645],[16.3704,38.9666],[16.3691,38.9649]]]}},{"type":"Feature","properties":{"landuse":"orchard"},"geometry":{"type":"Polygon","coordinates":[[[16.333,38.309],[16.3309,38.3089],[16.3334,38.3046],[16.3374,38.3068],[16.333,38.309]]]}},{"type":"Feature","properties":{"landuse":"orchard"},"geometry":{"type":"Polygon","coordinates":[[[16.3828,38.9611],[16.3847,38.9586],[16.3851,38.9605],[16.3828,38.9611]]]}},{"type":"Feature","properties":{"landuse":"orchard"},"geometry":{"type":"Polygon","coordinates":[[[16.5531,38.4553],[16.5577,38.4553],[16.554,38.4566],[16.5531,38.4553]]]}},{"type":"Feature","properties":{"landuse":"orchard"},"geometry":{"type":"Polygon","coordinates":[[[16.5547,38.6467],[16.5555,38.6485],[16.5543,38.6485],[16.5547,38.6467]]]}},{"type":"Feature","properties":{"landuse":"orchard"},"geometry":{"type":"Polygon","coordinates":[[[16.4666,38.467],[16.4681,38.4664],[16.4701,38.4674],[16.4666,38.467]]]}},{"type":"Feature","properties":{"landuse":"orchard"},"geometry":{"type":"Polygon","coordinates":[[[16.4626,38.4653],[16.4631,38.4643],[16.4652,38.4659],[16.4626,38.4653]]]}},{"type":"Feature","properties":{"landuse":"orchard"},"geometry":{"type":"Polygon","coordinates":[[[16.4913,38.477],[16.4925,38.4731],[16.4978,38.4722],[16.4913,38.477]]]}},{"type":"Feature","properties":{"landuse":"orchard"},"geometry":{"type":"Polygon","coordinates":[[[16.4893,38.4727],[16.4961,38.4712],[16.4923,38.4745],[16.4893,38.4727]]]}},{"type":"Feature","properties":{"landuse":"orchard"},"geometry":{"type":"Polygon","coordinates":[[[16.4956,38.4684],[16.4961,38.4695],[16.4944,38.4695],[16.4956,38.4684]]]}},{"type":"Feature","properties":{"landuse":"orchard"},"geometry":{"type":"Polygon","coordinates":[[[16.5009,38.4714],[16.5022,38.4705],[16.5027,38.4714],[16.5009,38.4714]]]}},{"type":"Feature","properties":{"landuse":"orchard"},"geometry":{"type":"Polygon","coordinates":[[[16.4908,38.4821],[16.4881,38.4788],[16.5011,38.4755],[16.4908,38.4821]]]}},{"type":"Feature","properties":{"landuse":"orchard"},"geometry":{"type":"Polygon","coordinates":[[[16.4779,38.4801],[16.4788,38.4806],[16.4776,38.4815],[16.4779,38.4801]]]}},{"type":"Feature","properties":{"landuse":"orchard"},"geometry":{"type":"Polygon","coordinates":[[[16.4843,38.4683],[16.4849,38.4702],[16.4838,38.47],[16.4843,38.4683]]]}},{"type":"Feature","properties":{"landuse":"orchard"},"geometry":{"type":"Polygon","coordinates":[[[16.3405,38.9468],[16.3402,38.9447],[16.3442,38.945],[16.3405,38.9468]]]}},{"type":"Feature","properties":{"landuse":"orchard"},"geometry":{"type":"Polygon","coordinates":[[[16.3422,38.9514],[16.3423,38.9509],[16.344,38.9512],[16.3422,38.9514]]]}},{"type":"Feature","properties":{"landuse":"orchard"},"geometry":{"type":"Polygon","coordinates":[[[16.3423,38.952],[16.344,38.9513],[16.3431,38.9527],[16.3423,38.952]]]}},{"type":"Feature","properties":{"landuse":"orchard"},"geometry":{"type":"Polygon","coordinates":[[[16.3431,38.949],[16.3488,38.945],[16.3505,38.9481],[16.3431,38.949]]]}},{"type":"Feature","properties":{"landuse":"orchard"},"geometry":{"type":"Polygon","coordinates":[[[16.3383,38.9516],[16.3397,38.9493],[16.34,38.9527],[16.3383,38.9516]]]}},{"type":"Feature","properties":{"landuse":"orchard"},"geometry":{"type":"Polygon","coordinates":[[[16.3384,38.9476],[16.3403,38.9492],[16.3385,38.949],[16.3384,38.9476]]]}},{"type":"Feature","properties":{"landuse":"orchard"},"geometry":{"type":"Polygon","coordinates":[[[16.3441,38.9534],[16.3458,38.9523],[16.346,38.953],[16.3441,38.9534]]]}},{"type":"Feature","properties":{"landuse":"orchard"},"geometry":{"type":"Polygon","coordinates":[[[16.3447,38.9538],[16.3461,38.9533],[16.346,38.9552],[16.3447,38.9538]]]}},{"type":"Feature","properties":{"landuse":"farmland"},"geometry":{"type":"Polygon","coordinates":[[[16.3418,38.9505],[16.3407,38.9492],[16.3438,38.9494],[16.3418,38.9505]]]}},{"type":"Feature","properties":{"landuse":"orchard"},"geometry":{"type":"Polygon","coordinates":[[[16.3442,38.945],[16.3454,38.9451],[16.3453,38.9466],[16.3442,38.945]]]}},{"type":"Feature","properties":{"landuse":"orchard"},"geometry":{"type":"Polygon","coordinates":[[[16.3454,38.9451],[16.3467,38.9461],[16.3453,38.9466],[16.3454,38.9451]]]}},{"type":"Feature","properties":{"landuse":"orchard"},"geometry":{"type":"Polygon","coordinates":[[[16.3538,38.9587],[16.3513,38.9569],[16.3551,38.9562],[16.3538,38.9587]]]}},{"type":"Feature","properties":{"landuse":"orchard"},"geometry":{"type":"Polygon","coordinates":[[[16.3461,38.9555],[16.3484,38.9521],[16.3499,38.9552],[16.3461,38.9555]]]}},{"type":"Feature","properties":{"landuse":"orchard"},"geometry":{"type":"Polygon","coordinates":[[[16.3442,38.9501],[16.3468,38.9494],[16.3452,38.9505],[16.3442,38.9501]]]}},{"type":"Feature","properties":{"landuse":"orchard"},"geometry":{"type":"Polygon","coordinates":[[[16.3492,38.9347],[16.3503,38.935],[16.3488,38.9355],[16.3492,38.9347]]]}},{"type":"Feature","properties":{"landuse":"farmland"},"geometry":{"type":"Polygon","coordinates":[[[16.3521,38.9339],[16.3505,38.9347],[16.3513,38.9335],[16.3521,38.9339]]]}},{"type":"Feature","properties":{"landuse":"orchard"},"geometry":{"type":"Polygon","coordinates":[[[16.3513,38.9335],[16.3525,38.9329],[16.353,38.9342],[16.3513,38.9335]]]}},{"type":"Feature","properties":{"landuse":"orchard"},"geometry":{"type":"Polygon","coordinates":[[[16.3569,38.9422],[16.3563,38.9404],[16.3581,38.9403],[16.3569,38.9422]]]}},{"type":"Feature","properties":{"landuse":"orchard"},"geometry":{"type":"Polygon","coordinates":[[[16.3544,38.9464],[16.3537,38.946],[16.3555,38.9445],[16.3544,38.9464]]]}},{"type":"Feature","properties":{"landuse":"orchard"},"geometry":{"type":"Polygon","coordinates":[[[16.3555,38.9444],[16.3542,38.9411],[16.356,38.9407],[16.3555,38.9444]]]}},{"type":"Feature","properties":{"landuse":"orchard"},"geometry":{"type":"Polygon","coordinates":[[[16.355,38.9368],[16.3561,38.9404],[16.354,38.9372],[16.355,38.9368]]]}},{"type":"Feature","properties":{"landuse":"orchard"},"geometry":{"type":"Polygon","coordinates":[[[16.3372,38.9396],[16.3399,38.941],[16.3392,38.9446],[16.3372,38.9396]]]}},{"type":"Feature","properties":{"landuse":"farmland"},"geometry":{"type":"Polygon","coordinates":[[[16.3598,38.9449],[16.3623,38.9413],[16.3621,38.9452],[16.3598,38.9449]]]}},{"type":"Feature","properties":{"landuse":"orchard"},"geometry":{"type":"Polygon","coordinates":[[[16.3581,38.9403],[16.3603,38.941],[16.3583,38.9419],[16.3581,38.9403]]]}},{"type":"Feature","properties":{"landuse":"orchard"},"geometry":{"type":"Polygon","coordinates":[[[16.3535,38.9352],[16.3551,38.9408],[16.3525,38.937],[16.3535,38.9352]]]}},{"type":"Feature","properties":{"landuse":"orchard"},"geometry":{"type":"Polygon","coordinates":[[[16.3488,38.9355],[16.3531,38.9408],[16.3485,38.9443],[16.3488,38.9355]]]}},{"type":"Feature","properties":{"landuse":"orchard"},"geometry":{"type":"Polygon","coordinates":[[[16.3493,38.9451],[16.352,38.9423],[16.3538,38.9441],[16.3493,38.9451]]]}},{"type":"Feature","properties":{"landuse":"farmland"},"geometry":{"type":"Polygon","coordinates":[[[16.3526,38.9327],[16.3536,38.9321],[16.3546,38.9329],[16.3526,38.9327]]]}},{"type":"Feature","properties":{"landuse":"farmland"},"geometry":{"type":"Polygon","coordinates":[[[16.3353,38.9364],[16.3376,38.9361],[16.3361,38.9378],[16.3353,38.9364]]]}},{"type":"Feature","properties":{"landuse":"farmland"},"geometry":{"type":"Polygon","coordinates":[[[16.3432,38.9344],[16.3438,38.9337],[16.3444,38.9352],[16.3432,38.9344]]]}},{"type":"Feature","properties":{"landuse":"orchard"},"geometry":{"type":"Polygon","coordinates":[[[16.3358,38.9343],[16.338,38.9333],[16.3378,38.9349],[16.3358,38.9343]]]}},{"type":"Feature","properties":{"landuse":"orchard"},"geometry":{"type":"Polygon","coordinates":[[[16.3568,38.9404],[16.3576,38.9393],[16.3604,38.9394],[16.3568,38.9404]]]}},{"type":"Feature","properties":{"landuse":"orchard"},"geometry":{"type":"Polygon","coordinates":[[[16.3599,38.9396],[16.3616,38.9411],[16.3607,38.9415],[16.3599,38.9396]]]}},{"type":"Feature","properties":{"landuse":"orchard"},"geometry":{"type":"Polygon","coordinates":[[[16.3403,38.9338],[16.3423,38.9343],[16.3399,38.9348],[16.3403,38.9338]]]}},{"type":"Feature","properties":{"landuse":"orchard"},"geometry":{"type":"Polygon","coordinates":[[[16.3396,38.935],[16.3421,38.9354],[16.3409,38.9366],[16.3396,38.935]]]}},{"type":"Feature","properties":{"landuse":"orchard"},"geometry":{"type":"Polygon","coordinates":[[[16.3398,38.937],[16.3387,38.936],[16.3414,38.9368],[16.3398,38.937]]]}},{"type":"Feature","properties":{"landuse":"orchard"},"geometry":{"type":"Polygon","coordinates":[[[16.3378,38.9346],[16.3396,38.9356],[16.3377,38.9352],[16.3378,38.9346]]]}},{"type":"Feature","properties":{"landuse":"orchard"},"geometry":{"type":"Polygon","coordinates":[[[16.3376,38.9361],[16.3396,38.9356],[16.3375,38.9376],[16.3376,38.9361]]]}},{"type":"Feature","properties":{"landuse":"orchard"},"geometry":{"type":"Polygon","coordinates":[[[16.3386,38.9396],[16.3393,38.937],[16.3401,38.9409],[16.3386,38.9396]]]}},{"type":"Feature","properties":{"landuse":"orchard"},"geometry":{"type":"Polygon","coordinates":[[[16.3401,38.9372],[16.3405,38.9389],[16.3397,38.9387],[16.3401,38.9372]]]}},{"type":"Feature","properties":{"landuse":"orchard"},"geometry":{"type":"Polygon","coordinates":[[[16.3404,38.9443],[16.3421,38.9368],[16.3463,38.9382],[16.3404,38.9443]]]}},{"type":"Feature","properties":{"landuse":"orchard"},"geometry":{"type":"Polygon","coordinates":[[[16.3423,38.9397],[16.3403,38.9396],[16.3427,38.9381],[16.3423,38.9397]]]}},{"type":"Feature","properties":{"landuse":"green_public_spaces"},"geometry":{"type":"Polygon","coordinates":[[[16.1975,39.8221],[16.1975,39.8205],[16.1986,39.8207],[16.1975,39.8221]]]}},{"type":"Feature","properties":{"landuse":"orchard"},"geometry":{"type":"Polygon","coordinates":[[[16.1906,39.8058],[16.1903,39.8045],[16.1927,39.8042],[16.1906,39.8058]]]}},{"type":"Feature","properties":{"landuse":"farmland"},"geometry":{"type":"Polygon","coordinates":[[[16.3961,39.0246],[16.3916,39.0249],[16.4093,39.0214],[16.4016,39.0228],[16.3968,39.0278],[16.3961,39.0246]]]}},{"type":"Feature","properties":{"landuse":"farmland"},"geometry":{"type":"Polygon","coordinates":[[[16.4007,39.0301],[16.3973,39.0294],[16.3996,39.029],[16.4007,39.0301]]]}},{"type":"Feature","properties":{"landuse":"farmland"},"geometry":{"type":"Polygon","coordinates":[[[16.3938,39.1425],[16.3953,39.1398],[16.3973,39.1439],[16.3938,39.1425]]]}},{"type":"Feature","properties":{"landuse":"farmland"},"geometry":{"type":"Polygon","coordinates":[[[16.4957,39.1684],[16.4841,39.1666],[16.4857,39.1631],[16.4979,39.1607],[16.5056,39.165],[16.5126,39.1619],[16.5237,39.1626],[16.5247,39.1655],[16.5328,39.1647],[16.5486,39.1766],[16.5822,39.1791],[16.5884,39.1841],[16.5949,39.1814],[16.5969,39.1843],[16.5846,39.1892],[16.5838,39.1846],[16.5754,39.1808],[16.5702,39.1829],[16.5579,39.1821],[16.5583,39.1777],[16.5357,39.1787],[16.5341,39.1756],[16.5387,39.1737],[16.5167,39.1668],[16.5078,39.1707],[16.5028,39.1683],[16.5059,39.1706],[16.5035,39.1706],[16.5044,39.1742],[16.4957,39.1684]]]}},{"type":"Feature","properties":{"landuse":"orchard"},"geometry":{"type":"Polygon","coordinates":[[[16.4491,38.4806],[16.4478,38.4802],[16.4492,38.4791],[16.4491,38.4806]]]}},{"type":"Feature","properties":{"landuse":"orchard"},"geometry":{"type":"Polygon","coordinates":[[[16.45,38.4779],[16.4491,38.4787],[16.4474,38.4782],[16.45,38.4779]]]}},{"type":"Feature","properties":{"landuse":"orchard"},"geometry":{"type":"Polygon","coordinates":[[[16.4387,38.4695],[16.4357,38.4696],[16.4389,38.4686],[16.4387,38.4695]]]}},{"type":"Feature","properties":{"landuse":"orchard"},"geometry":{"type":"Polygon","coordinates":[[[16.4378,38.4724],[16.4385,38.4715],[16.4415,38.4732],[16.4378,38.4724]]]}},{"type":"Feature","properties":{"landuse":"orchard"},"geometry":{"type":"Polygon","coordinates":[[[16.4445,38.4746],[16.442,38.4741],[16.4457,38.4749],[16.4445,38.4746]]]}},{"type":"Feature","properties":{"landuse":"orchard"},"geometry":{"type":"Polygon","coordinates":[[[16.1984,39.8249],[16.197,39.8241],[16.1998,39.8246],[16.1984,39.8249]]]}},{"type":"Feature","properties":{"landuse":"orchard"},"geometry":{"type":"Polygon","coordinates":[[[16.1978,39.8268],[16.1959,39.826],[16.1992,39.8261],[16.1978,39.8268]]]}},{"type":"Feature","properties":{"landuse":"orchard"},"geometry":{"type":"Polygon","coordinates":[[[16.2039,39.8269],[16.2057,39.826],[16.2055,39.8268],[16.2039,39.8269]]]}},{"type":"Feature","properties":{"landuse":"orchard"},"geometry":{"type":"Polygon","coordinates":[[[16.2042,39.8274],[16.2062,39.8276],[16.2058,39.8282],[16.2042,39.8274]]]}},{"type":"Feature","properties":{"landuse":"orchard"},"geometry":{"type":"Polygon","coordinates":[[[16.2079,39.8276],[16.2087,39.8295],[16.205,39.8299],[16.2079,39.8276]]]}},{"type":"Feature","properties":{"landuse":"farmland"},"geometry":{"type":"Polygon","coordinates":[[[16.2131,39.8287],[16.2138,39.8286],[16.2141,39.8303],[16.2131,39.8287]]]}},{"type":"Feature","properties":{"landuse":"farmland"},"geometry":{"type":"Polygon","coordinates":[[[16.2206,39.8281],[16.2236,39.8271],[16.2236,39.8282],[16.2206,39.8281]]]}},{"type":"Feature","properties":{"landuse":"farmland"},"geometry":{"type":"Polygon","coordinates":[[[16.2188,39.8267],[16.2194,39.8261],[16.2225,39.8266],[16.2188,39.8267]]]}},{"type":"Feature","properties":{"landuse":"farmland"},"geometry":{"type":"Polygon","coordinates":[[[16.2158,39.8283],[16.2232,39.8283],[16.2226,39.8351],[16.2183,39.8349],[16.2158,39.8283]]]}},{"type":"Feature","properties":{"landuse":"farmland"},"geometry":{"type":"Polygon","coordinates":[[[16.4522,38.4633],[16.4528,38.4625],[16.4575,38.4634],[16.4522,38.4633]]]}},{"type":"Feature","properties":{"landuse":"farmland"},"geometry":{"type":"Polygon","coordinates":[[[16.4531,38.4643],[16.4514,38.4656],[16.4519,38.4641],[16.4531,38.4643]]]}},{"type":"Feature","properties":{"landuse":"farmland"},"geometry":{"type":"Polygon","coordinates":[[[16.4883,38.4491],[16.486,38.4489],[16.4888,38.4481],[16.4883,38.4491]]]}},{"type":"Feature","properties":{"landuse":"orchard"},"geometry":{"type":"Polygon","coordinates":[[[16.4751,38.4537],[16.476,38.4513],[16.4779,38.4509],[16.4751,38.4537]]]}},{"type":"Feature","properties":{"landuse":"farmland"},"geometry":{"type":"Polygon","coordinates":[[[16.2236,39.8271],[16.2267,39.8273],[16.2248,39.8283],[16.2236,39.8271]]]}},{"type":"Feature","properties":{"landuse":"farmland"},"geometry":{"type":"Polygon","coordinates":[[[16.2217,39.8244],[16.2212,39.8228],[16.2231,39.8234],[16.2217,39.8244]]]}},{"type":"Feature","properties":{"landuse":"orchard"},"geometry":{"type":"Polygon","coordinates":[[[16.3382,38.898],[16.3417,38.8984],[16.3397,38.8997],[16.3382,38.898]]]}},{"type":"Feature","properties":{"landuse":"orchard"},"geometry":{"type":"Polygon","coordinates":[[[16.3219,38.8924],[16.3237,38.8967],[16.3213,38.8956],[16.3219,38.8924]]]}},{"type":"Feature","properties":{"landuse":"vineyard"},"geometry":{"type":"Polygon","coordinates":[[[16.3238,38.8956],[16.3283,38.8951],[16.3261,38.8983],[16.3238,38.8956]]]}},{"type":"Feature","properties":{"landuse":"orchard"},"geometry":{"type":"Polygon","coordinates":[[[16.3252,38.9172],[16.3274,38.9115],[16.3293,38.9155],[16.3252,38.9172]]]}},{"type":"Feature","properties":{"landuse":"orchard"},"geometry":{"type":"Polygon","coordinates":[[[16.3277,38.9126],[16.3298,38.9134],[16.3284,38.9141],[16.3277,38.9126]]]}},{"type":"Feature","properties":{"landuse":"orchard"},"geometry":{"type":"Polygon","coordinates":[[[16.3219,38.8923],[16.3329,38.8915],[16.3322,38.8935],[16.3219,38.8923]]]}},{"type":"Feature","properties":{"landuse":"orchard"},"geometry":{"type":"Polygon","coordinates":[[[16.3284,38.9141],[16.3298,38.9134],[16.3307,38.9143],[16.3284,38.9141]]]}},{"type":"Feature","properties":{"landuse":"orchard"},"geometry":{"type":"Polygon","coordinates":[[[15.8632,38.2851],[15.8628,38.2839],[15.8645,38.2841],[15.8632,38.2851]]]}},{"type":"Feature","properties":{"landuse":"farmland"},"geometry":{"type":"Polygon","coordinates":[[[16.1833,38.3529],[16.1802,38.353],[16.1806,38.351],[16.1833,38.3529]]]}},{"type":"Feature","properties":{"landuse":"farmland"},"geometry":{"type":"Polygon","coordinates":[[[15.9713,38.4181],[15.9798,38.4175],[15.9747,38.4194],[15.9713,38.4181]]]}},{"type":"Feature","properties":{"landuse":"orchard"},"geometry":{"type":"Polygon","coordinates":[[[16.435,38.4829],[16.4393,38.4828],[16.436,38.4839],[16.435,38.4829]]]}},{"type":"Feature","properties":{"landuse":"farmland"},"geometry":{"type":"Polygon","coordinates":[[[16.0347,38.199],[16.0342,38.1976],[16.036,38.1988],[16.0347,38.199]]]}},{"type":"Feature","properties":{"landuse":"farmland"},"geometry":{"type":"Polygon","coordinates":[[[16.0348,38.1975],[16.0354,38.194],[16.0404,38.1948],[16.0388,38.1988],[16.0348,38.1975]]]}},{"type":"Feature","properties":{"landuse":"orchard"},"geometry":{"type":"Polygon","coordinates":[[[15.8943,38.4148],[15.8975,38.4125],[15.8961,38.4149],[15.8943,38.4148]]]}},{"type":"Feature","properties":{"landuse":"orchard"},"geometry":{"type":"Polygon","coordinates":[[[15.9016,38.4353],[15.9038,38.4344],[15.9043,38.435],[15.9016,38.4353]]]}},{"type":"Feature","properties":{"landuse":"orchard"},"geometry":{"type":"Polygon","coordinates":[[[15.8955,38.4341],[15.8947,38.4351],[15.8928,38.4347],[15.8955,38.4341]]]}},{"type":"Feature","properties":{"landuse":"farmland"},"geometry":{"type":"Polygon","coordinates":[[[15.8826,38.4243],[15.8834,38.4232],[15.8853,38.424],[15.8826,38.4243]]]}},{"type":"Feature","properties":{"landuse":"orchard"},"geometry":{"type":"Polygon","coordinates":[[[15.8931,38.4204],[15.8902,38.4197],[15.8917,38.4167],[15.8931,38.4204]]]}},{"type":"Feature","properties":{"landuse":"orchard"},"geometry":{"type":"Polygon","coordinates":[[[15.961,38.4189],[15.9566,38.4181],[15.964,38.4159],[15.9642,38.4197],[15.961,38.4189]]]}},{"type":"Feature","properties":{"landuse":"farmland"},"geometry":{"type":"Polygon","coordinates":[[[15.9597,38.4194],[15.9625,38.4205],[15.9612,38.4211],[15.9597,38.4194]]]}},{"type":"Feature","properties":{"landuse":"orchard"},"geometry":{"type":"Polygon","coordinates":[[[15.9099,38.4058],[15.9099,38.4084],[15.9083,38.4064],[15.9099,38.4058]]]}},{"type":"Feature","properties":{"landuse":"farmland"},"geometry":{"type":"Polygon","coordinates":[[[15.9067,38.4074],[15.9078,38.4091],[15.9052,38.4109],[15.9067,38.4074]]]}},{"type":"Feature","properties":{"landuse":"farmland"},"geometry":{"type":"Polygon","coordinates":[[[15.902,38.4126],[15.9057,38.4114],[15.9053,38.4124],[15.902,38.4126]]]}},{"type":"Feature","properties":{"landuse":"orchard"},"geometry":{"type":"Polygon","coordinates":[[[15.9023,38.4142],[15.9076,38.4143],[15.9052,38.4157],[15.9023,38.4142]]]}},{"type":"Feature","properties":{"landuse":"orchard"},"geometry":{"type":"Polygon","coordinates":[[[15.897,38.4179],[15.8983,38.4195],[15.897,38.4195],[15.897,38.4179]]]}},{"type":"Feature","properties":{"landuse":"farmland"},"geometry":{"type":"Polygon","coordinates":[[[15.8969,38.4175],[15.8981,38.4195],[15.8962,38.4195],[15.8969,38.4175]]]}},{"type":"Feature","properties":{"landuse":"orchard"},"geometry":{"type":"Polygon","coordinates":[[[15.8969,38.4175],[15.8982,38.4164],[15.8999,38.4187],[15.8969,38.4175]]]}},{"type":"Feature","properties":{"landuse":"orchard"},"geometry":{"type":"Polygon","coordinates":[[[15.8878,38.4201],[15.8865,38.422],[15.886,38.421],[15.8878,38.4201]]]}},{"type":"Feature","properties":{"landuse":"orchard"},"geometry":{"type":"Polygon","coordinates":[[[15.8817,38.4227],[15.8846,38.4216],[15.8843,38.4231],[15.8817,38.4227]]]}},{"type":"Feature","properties":{"landuse":"farmland"},"geometry":{"type":"Polygon","coordinates":[[[15.8833,38.4249],[15.8853,38.424],[15.8874,38.4246],[15.8833,38.4249]]]}},{"type":"Feature","properties":{"landuse":"farmland"},"geometry":{"type":"Polygon","coordinates":[[[15.8856,38.4237],[15.8877,38.4224],[15.8874,38.4246],[15.8856,38.4237]]]}},{"type":"Feature","properties":{"landuse":"orchard"},"geometry":{"type":"Polygon","coordinates":[[[15.8846,38.4227],[15.888,38.4191],[15.8872,38.4228],[15.8846,38.4227]]]}},{"type":"Feature","properties":{"landuse":"orchard"},"geometry":{"type":"Polygon","coordinates":[[[15.8878,38.4201],[15.8904,38.4213],[15.8887,38.4234],[15.8878,38.4201]]]}},{"type":"Feature","properties":{"landuse":"farmland"},"geometry":{"type":"Polygon","coordinates":[[[15.9677,38.5724],[15.9663,38.5691],[15.9675,38.5689],[15.9677,38.5724]]]}},{"type":"Feature","properties":{"landuse":"orchard"},"geometry":{"type":"Polygon","coordinates":[[[15.9609,38.5643],[15.9622,38.5639],[15.9635,38.5661],[15.9609,38.5643]]]}},{"type":"Feature","properties":{"landuse":"farmland"},"geometry":{"type":"Polygon","coordinates":[[[15.9721,38.5614],[15.975,38.5634],[15.9733,38.5636],[15.9721,38.5614]]]}},{"type":"Feature","properties":{"landuse":"farmland"},"geometry":{"type":"Polygon","coordinates":[[[15.9896,38.6003],[15.9882,38.5993],[15.9899,38.599],[15.9896,38.6003]]]}},{"type":"Feature","properties":{"landuse":"orchard"},"geometry":{"type":"Polygon","coordinates":[[[15.9675,38.5687],[15.9661,38.5679],[15.9669,38.5666],[15.9675,38.5687]]]}},{"type":"Feature","properties":{"landuse":"farmland"},"geometry":{"type":"Polygon","coordinates":[[[15.9233,38.5755],[15.9275,38.5726],[15.9266,38.577],[15.9233,38.5755]]]}},{"type":"Feature","properties":{"landuse":"orchard"},"geometry":{"type":"Polygon","coordinates":[[[15.9308,38.58],[15.9338,38.5781],[15.9336,38.5806],[15.9308,38.58]]]}},{"type":"Feature","properties":{"landuse":"farmland"},"geometry":{"type":"Polygon","coordinates":[[[15.9283,38.5915],[15.9309,38.5914],[15.9298,38.5927],[15.9283,38.5918],[15.9297,38.5908],[15.9283,38.5915]]]}},{"type":"Feature","properties":{"landuse":"farmland"},"geometry":{"type":"Polygon","coordinates":[[[15.9279,38.5943],[15.9222,38.5937],[15.9276,38.5923],[15.9279,38.5943]]]}},{"type":"Feature","properties":{"landuse":"farmland"},"geometry":{"type":"Polygon","coordinates":[[[15.9318,38.5777],[15.9323,38.5744],[15.9359,38.5763],[15.9318,38.5777]]]}},{"type":"Feature","properties":{"landuse":"orchard"},"geometry":{"type":"Polygon","coordinates":[[[15.9279,38.5772],[15.9264,38.5773],[15.9287,38.5753],[15.9279,38.5772]]]}},{"type":"Feature","properties":{"landuse":"farmland"},"geometry":{"type":"Polygon","coordinates":[[[17.0729,39.0951],[17.0689,39.0868],[17.082,39.094],[17.0808,39.0958],[17.0739,39.0918],[17.077,39.0962],[17.0729,39.0951]]]}},{"type":"Feature","properties":{"landuse":"orchard"},"geometry":{"type":"Polygon","coordinates":[[[16.4699,38.4788],[16.4702,38.4776],[16.4735,38.4781],[16.4699,38.4788]]]}},{"type":"Feature","properties":{"landuse":"farmland"},"geometry":{"type":"Polygon","coordinates":[[[16.4811,38.4739],[16.4831,38.4752],[16.4805,38.475],[16.4811,38.4739]]]}},{"type":"Feature","properties":{"landuse":"orchard"},"geometry":{"type":"Polygon","coordinates":[[[16.5347,38.4494],[16.5395,38.4498],[16.5362,38.4524],[16.5347,38.4494]]]}},{"type":"Feature","properties":{"landuse":"farmland"},"geometry":{"type":"Polygon","coordinates":[[[16.534,38.4511],[16.536,38.4524],[16.5356,38.4539],[16.534,38.4511]]]}},{"type":"Feature","properties":{"landuse":"farmland"},"geometry":{"type":"Polygon","coordinates":[[[16.5641,38.4354],[16.5601,38.4359],[16.5639,38.434],[16.5641,38.4354]]]}},{"type":"Feature","properties":{"landuse":"orchard"},"geometry":{"type":"Polygon","coordinates":[[[16.5492,38.4421],[16.5471,38.4415],[16.5481,38.4408],[16.5492,38.4421]]]}},{"type":"Feature","properties":{"landuse":"orchard"},"geometry":{"type":"Polygon","coordinates":[[[16.5458,38.4432],[16.5435,38.4428],[16.5458,38.442],[16.5458,38.4432]]]}},{"type":"Feature","properties":{"landuse":"orchard"},"geometry":{"type":"Polygon","coordinates":[[[16.5349,38.4457],[16.5331,38.4461],[16.5338,38.4449],[16.5349,38.4457]]]}},{"type":"Feature","properties":{"landuse":"orchard"},"geometry":{"type":"Polygon","coordinates":[[[16.5457,38.4403],[16.5466,38.4418],[16.5434,38.4418],[16.5457,38.4403]]]}},{"type":"Feature","properties":{"landuse":"orchard"},"geometry":{"type":"Polygon","coordinates":[[[16.535,38.4409],[16.5382,38.4396],[16.5382,38.444],[16.5358,38.4446],[16.535,38.4409]]]}},{"type":"Feature","properties":{"landuse":"orchard"},"geometry":{"type":"Polygon","coordinates":[[[16.551,38.4394],[16.5535,38.4382],[16.5527,38.4405],[16.551,38.4394]]]}},{"type":"Feature","properties":{"landuse":"farmland"},"geometry":{"type":"Polygon","coordinates":[[[16.5438,38.4408],[16.5417,38.4412],[16.5424,38.4402],[16.5438,38.4408]]]}},{"type":"Feature","properties":{"landuse":"orchard"},"geometry":{"type":"Polygon","coordinates":[[[16.541,38.4438],[16.5409,38.4479],[16.5384,38.4463],[16.541,38.4438]]]}},{"type":"Feature","properties":{"landuse":"orchard"},"geometry":{"type":"Polygon","coordinates":[[[16.5332,38.4596],[16.5315,38.4574],[16.5341,38.4577],[16.5332,38.4596]]]}},{"type":"Feature","properties":{"landuse":"orchard"},"geometry":{"type":"Polygon","coordinates":[[[16.537,38.4468],[16.5351,38.4464],[16.5364,38.4458],[16.537,38.4468]]]}},{"type":"Feature","properties":{"landuse":"orchard"},"geometry":{"type":"Polygon","coordinates":[[[16.525,38.4574],[16.5282,38.4543],[16.5304,38.4573],[16.525,38.4574]]]}},{"type":"Feature","properties":{"landuse":"orchard"},"geometry":{"type":"Polygon","coordinates":[[[16.5533,38.4411],[16.5512,38.4439],[16.5504,38.4431],[16.5494,38.4443],[16.5533,38.4411]]]}},{"type":"Feature","properties":{"landuse":"orchard"},"geometry":{"type":"Polygon","coordinates":[[[16.564,38.4373],[16.5655,38.4382],[16.5624,38.4396],[16.564,38.4373]]]}},{"type":"Feature","properties":{"landuse":"farmland"},"geometry":{"type":"Polygon","coordinates":[[[16.5623,38.4369],[16.5609,38.4369],[16.5622,38.4358],[16.5623,38.4369]]]}},{"type":"Feature","properties":{"landuse":"orchard"},"geometry":{"type":"Polygon","coordinates":[[[16.5672,38.4326],[16.5687,38.4319],[16.5687,38.4341],[16.5672,38.4326]]]}},{"type":"Feature","properties":{"landuse":"orchard"},"geometry":{"type":"Polygon","coordinates":[[[16.5661,38.4335],[16.5643,38.4339],[16.5639,38.4314],[16.5661,38.4335]]]}},{"type":"Feature","properties":{"landuse":"farmland"},"geometry":{"type":"Polygon","coordinates":[[[16.5772,38.4552],[16.5747,38.4549],[16.5772,38.4538],[16.5772,38.4552]]]}},{"type":"Feature","properties":{"landuse":"orchard"},"geometry":{"type":"Polygon","coordinates":[[[16.5471,38.458],[16.5475,38.4562],[16.5485,38.457],[16.5471,38.458]]]}},{"type":"Feature","properties":{"landuse":"orchard"},"geometry":{"type":"Polygon","coordinates":[[[16.5428,38.4532],[16.544,38.4517],[16.5504,38.4542],[16.5428,38.4532]]]}},{"type":"Feature","properties":{"landuse":"orchard"},"geometry":{"type":"Polygon","coordinates":[[[16.5665,38.4488],[16.5624,38.4487],[16.5647,38.4481],[16.5665,38.4488]]]}},{"type":"Feature","properties":{"landuse":"orchard"},"geometry":{"type":"Polygon","coordinates":[[[16.567,38.4476],[16.5683,38.4481],[16.5674,38.4504],[16.567,38.4476]]]}},{"type":"Feature","properties":{"landuse":"orchard"},"geometry":{"type":"Polygon","coordinates":[[[16.5696,38.4504],[16.5695,38.4493],[16.5712,38.4487],[16.5696,38.4504]]]}},{"type":"Feature","properties":{"landuse":"orchard"},"geometry":{"type":"Polygon","coordinates":[[[16.5523,38.4495],[16.5487,38.4509],[16.5513,38.4487],[16.5523,38.4495]]]}},{"type":"Feature","properties":{"landuse":"farmland"},"geometry":{"type":"Polygon","coordinates":[[[16.5565,38.441],[16.5531,38.4427],[16.5555,38.4393],[16.5565,38.441]]]}},{"type":"Feature","properties":{"landuse":"farmland"},"geometry":{"type":"Polygon","coordinates":[[[16.553,38.4424],[16.5516,38.445],[16.5497,38.4458],[16.553,38.4424]]]}},{"type":"Feature","properties":{"landuse":"farmland"},"geometry":{"type":"Polygon","coordinates":[[[16.5576,38.4369],[16.5599,38.4412],[16.558,38.4417],[16.5576,38.4369]]]}},{"type":"Feature","properties":{"landuse":"orchard"},"geometry":{"type":"Polygon","coordinates":[[[16.5711,38.445],[16.5702,38.4469],[16.5694,38.4452],[16.5711,38.445]]]}},{"type":"Feature","properties":{"landuse":"orchard"},"geometry":{"type":"Polygon","coordinates":[[[16.5646,38.448],[16.5594,38.4497],[16.5602,38.4484],[16.5646,38.448]]]}},{"type":"Feature","properties":{"landuse":"farmland"},"geometry":{"type":"Polygon","coordinates":[[[17.0214,39.1516],[17.018,39.1512],[17.0205,39.14],[17.0372,39.1447],[17.0419,39.1501],[17.0414,39.1531],[17.0294,39.1496],[17.0214,39.1516]]]}},{"type":"Feature","properties":{"landuse":"farmland"},"geometry":{"type":"Polygon","coordinates":[[[17.0204,39.1586],[17.016,39.1614],[17.0141,39.1575],[17.0189,39.151],[17.0294,39.1496],[17.0411,39.1532],[17.0419,39.1501],[17.0397,39.1604],[17.0341,39.1566],[17.0204,39.1586]]]}},{"type":"Feature","properties":{"landuse":"farmland"},"geometry":{"type":"Polygon","coordinates":[[[17.0339,39.1678],[17.0313,39.1659],[17.0337,39.1565],[17.0396,39.1609],[17.0379,39.1693],[17.0339,39.1678]]]}},{"type":"Feature","properties":{"landuse":"farmland"},"geometry":{"type":"Polygon","coordinates":[[[17.037,39.1689],[17.044,39.1741],[17.0424,39.1766],[17.034,39.1738],[17.0239,39.1766],[17.0291,39.1737],[17.0284,39.1687],[17.037,39.1689]]]}},{"type":"Feature","properties":{"landuse":"farmland"},"geometry":{"type":"Polygon","coordinates":[[[17.0256,39.1687],[17.0284,39.1687],[17.0291,39.1737],[17.0233,39.175],[17.019,39.1695],[17.0256,39.1687]]]}},{"type":"Feature","properties":{"landuse":"farmland"},"geometry":{"type":"Polygon","coordinates":[[[17.0303,39.1689],[17.0193,39.1682],[17.0158,39.1616],[17.0223,39.1575],[17.0309,39.157],[17.0303,39.1689]]]}},{"type":"Feature","properties":{"landuse":"farmland"},"geometry":{"type":"Polygon","coordinates":[[[17.0654,39.1085],[17.0643,39.1051],[17.0907,39.1122],[17.0654,39.1085]]]}},{"type":"Feature","properties":{"landuse":"farmland"},"geometry":{"type":"Polygon","coordinates":[[[17.0044,39.1565],[17.0137,39.1568],[17.0186,39.167],[17.007,39.165],[17.0044,39.1565]]]}},{"type":"Feature","properties":{"landuse":"farmland"},"geometry":{"type":"Polygon","coordinates":[[[17.0154,39.1538],[17.0142,39.1568],[17.0068,39.1557],[17.0154,39.1538]]]}},{"type":"Feature","properties":{"landuse":"farmland"},"geometry":{"type":"Polygon","coordinates":[[[17.0473,38.9213],[17.0664,38.9232],[17.0685,38.9191],[17.072,38.93],[17.0695,38.9377],[17.075,38.9398],[17.0479,38.935],[17.0548,38.9294],[17.0472,38.9253],[17.0473,38.9213]]]}},{"type":"Feature","properties":{"landuse":"orchard"},"geometry":{"type":"Polygon","coordinates":[[[16.2486,38.7807],[16.2444,38.7807],[16.2476,38.7794],[16.2486,38.7807]]]}},{"type":"Feature","properties":{"landuse":"farmland"},"geometry":{"type":"Polygon","coordinates":[[[16.3422,38.5681],[16.3294,38.5682],[16.3337,38.5635],[16.3445,38.5649],[16.3422,38.5681]]]}},{"type":"Feature","properties":{"landuse":"orchard"},"geometry":{"type":"Polygon","coordinates":[[[16.4691,38.5138],[16.4683,38.508],[16.4794,38.5065],[16.4691,38.5138]]]}},{"type":"Feature","properties":{"landuse":"orchard"},"geometry":{"type":"Polygon","coordinates":[[[16.433,38.4835],[16.4307,38.4836],[16.4316,38.4824],[16.433,38.4835]]]}},{"type":"Feature","properties":{"landuse":"orchard"},"geometry":{"type":"Polygon","coordinates":[[[16.4496,38.4777],[16.4474,38.478],[16.4463,38.4771],[16.4496,38.4777]]]}},{"type":"Feature","properties":{"landuse":"farmland"},"geometry":{"type":"Polygon","coordinates":[[[17.087,39.1095],[17.0781,39.1103],[17.0659,39.1064],[17.0614,39.0986],[17.0526,39.0939],[17.0525,39.0882],[17.0681,39.0935],[17.0688,39.09],[17.0805,39.1015],[17.0806,39.0984],[17.0872,39.0978],[17.09,39.1026],[17.087,39.1095]]]}},{"type":"Feature","properties":{"landuse":"farmland"},"geometry":{"type":"Polygon","coordinates":[[[17.0711,39.0867],[17.0699,39.0849],[17.079,39.0846],[17.0862,39.0912],[17.0922,39.092],[17.0889,39.0975],[17.0711,39.0867]]]}},{"type":"Feature","properties":{"landuse":"farmland"},"geometry":{"type":"Polygon","coordinates":[[[17.0882,38.9185],[17.1019,38.9191],[17.1023,38.9392],[17.0948,38.9409],[17.0871,38.9374],[17.0857,38.9294],[17.0774,38.9239],[17.074,38.917],[17.0843,38.9157],[17.0882,38.9185]]]}},{"type":"Feature","properties":{"landuse":"farmland"},"geometry":{"type":"Polygon","coordinates":[[[17.0842,38.9297],[17.0875,38.9326],[17.0871,38.9374],[17.0947,38.941],[17.0893,38.948],[17.083,38.9494],[17.0791,38.9414],[17.0694,38.9374],[17.072,38.93],[17.0685,38.9191],[17.0737,38.917],[17.0842,38.9297]]]}},{"type":"Feature","properties":{"landuse":"farmland"},"geometry":{"type":"Polygon","coordinates":[[[17.1202,38.9233],[17.1171,38.9275],[17.1095,38.9251],[17.102,38.927],[17.1094,38.9207],[17.1173,38.9204],[17.1202,38.9233]]]}},{"type":"Feature","properties":{"landuse":"farmland"},"geometry":{"type":"Polygon","coordinates":[[[17.102,38.9275],[17.1227,38.9259],[17.121,38.9307],[17.1025,38.9388],[17.102,38.9275]]]}},{"type":"Feature","properties":{"landuse":"farmland"},"geometry":{"type":"Polygon","coordinates":[[[17.1255,38.9327],[17.1212,38.9308],[17.1202,38.9233],[17.1275,38.9255],[17.1255,38.9327]]]}},{"type":"Feature","properties":{"landuse":"farmland"},"geometry":{"type":"Polygon","coordinates":[[[17.1207,38.9306],[17.1254,38.9355],[17.1169,38.9535],[17.0969,38.9569],[17.0971,38.9477],[17.1025,38.9388],[17.1207,38.9306]]]}},{"type":"Feature","properties":{"landuse":"farmland"},"geometry":{"type":"Polygon","coordinates":[[[17.1269,38.9313],[17.1352,38.933],[17.1245,38.9381],[17.1269,38.9313]]]}},{"type":"Feature","properties":{"landuse":"orchard"},"geometry":{"type":"Polygon","coordinates":[[[17.1019,38.9571],[17.1027,38.9546],[17.1051,38.9579],[17.1019,38.9571]]]}},{"type":"Feature","properties":{"landuse":"green_public_spaces"},"geometry":{"type":"Polygon","coordinates":[[[16.5557,38.6833],[16.557,38.6775],[16.558,38.6798],[16.5557,38.6833]]]}},{"type":"Feature","properties":{"landuse":"orchard"},"geometry":{"type":"Polygon","coordinates":[[[15.776,39.9124],[15.7746,39.9118],[15.7766,39.9116],[15.776,39.9124]]]}},{"type":"Feature","properties":{"landuse":"farmland"},"geometry":{"type":"Polygon","coordinates":[[[16.597,38.8036],[16.5927,38.8023],[16.5952,38.8013],[16.597,38.8036]]]}},{"type":"Feature","properties":{"landuse":"orchard"},"geometry":{"type":"Polygon","coordinates":[[[17.031,39.4606],[17.0342,39.4568],[17.0332,39.4596],[17.031,39.4606]]]}},{"type":"Feature","properties":{"landuse":"orchard"},"geometry":{"type":"Polygon","coordinates":[[[16.5794,38.7964],[16.5807,38.7933],[16.5833,38.7948],[16.5794,38.7964]]]}},{"type":"Feature","properties":{"landuse":"green_public_spaces"},"geometry":{"type":"Polygon","coordinates":[[[16.785,39.3124],[16.7833,39.3134],[16.7832,39.3124],[16.785,39.3124]]]}},{"type":"Feature","properties":{"landuse":"green_public_spaces"},"geometry":{"type":"Polygon","coordinates":[[[16.7846,39.3123],[16.7839,39.3113],[16.785,39.3107],[16.7846,39.3123]]]}},{"type":"Feature","properties":{"landuse":"green_public_spaces"},"geometry":{"type":"Polygon","coordinates":[[[15.79,39.8071],[15.7891,39.8065],[15.7901,39.8044],[15.79,39.8071]]]}},{"type":"Feature","properties":{"landuse":"farmland"},"geometry":{"type":"Polygon","coordinates":[[[15.6572,38.0619],[15.654,38.0617],[15.6565,38.0599],[15.6572,38.0619]]]}},{"type":"Feature","properties":{"landuse":"orchard"},"geometry":{"type":"Polygon","coordinates":[[[15.6582,37.9819],[15.6611,37.9802],[15.6664,37.9834],[15.6582,37.9819]]]}},{"type":"Feature","properties":{"landuse":"farmland"},"geometry":{"type":"Polygon","coordinates":[[[16.2927,39.0069],[16.2925,39.0056],[16.2941,39.0069],[16.2927,39.0069]]]}},{"type":"Feature","properties":{"landuse":"farmland"},"geometry":{"type":"Polygon","coordinates":[[[16.2914,39.0091],[16.2904,39.0088],[16.2915,39.0077],[16.2914,39.0091]]]}},{"type":"Feature","properties":{"landuse":"farmland"},"geometry":{"type":"Polygon","coordinates":[[[16.2891,39.0106],[16.2909,39.0097],[16.2899,39.0115],[16.2891,39.0106]]]}},{"type":"Feature","properties":{"landuse":"farmland"},"geometry":{"type":"Polygon","coordinates":[[[16.2885,39.0112],[16.2875,39.0095],[16.2894,39.0095],[16.2885,39.0112]]]}},{"type":"Feature","properties":{"landuse":"farmland"},"geometry":{"type":"Polygon","coordinates":[[[16.3018,39.0144],[16.2987,39.0139],[16.3011,39.0132],[16.3018,39.0144]]]}},{"type":"Feature","properties":{"landuse":"farmland"},"geometry":{"type":"Polygon","coordinates":[[[16.2602,39.0425],[16.2612,39.0415],[16.2611,39.0433],[16.2602,39.0425]]]}},{"type":"Feature","properties":{"landuse":"farmland"},"geometry":{"type":"Polygon","coordinates":[[[16.2947,39.0252],[16.2933,39.0242],[16.2973,39.0262],[16.2947,39.0252]]]}},{"type":"Feature","properties":{"landuse":"farmland"},"geometry":{"type":"Polygon","coordinates":[[[17.0968,39.0763],[17.0963,39.0778],[17.0961,39.0764],[17.0968,39.0763]]]}},{"type":"Feature","properties":{"landuse":"farmland"},"geometry":{"type":"Polygon","coordinates":[[[16.2951,39.8607],[16.2968,39.8597],[16.2954,39.862],[16.2951,39.8607]]]}},{"type":"Feature","properties":{"landuse":"green_public_spaces"},"geometry":{"type":"Polygon","coordinates":[[[16.2353,39.0422],[16.2313,39.0408],[16.2336,39.0383],[16.2353,39.0422]]]}},{"type":"Feature","properties":{"landuse":"farmland"},"geometry":{"type":"Polygon","coordinates":[[[15.8996,38.6645],[15.895,38.6665],[15.8936,38.6622],[15.8996,38.6645]]]}},{"type":"Feature","properties":{"landuse":"green_public_spaces"},"geometry":{"type":"Polygon","coordinates":[[[15.5456,38.1733],[15.5473,38.1751],[15.5459,38.1754],[15.5456,38.1733]]]}},{"type":"Feature","properties":{"landuse":"orchard"},"geometry":{"type":"Polygon","coordinates":[[[16.0927,37.9552],[16.0946,37.9566],[16.0908,37.9595],[16.0927,37.9552]]]}},{"type":"Feature","properties":{"landuse":"orchard"},"geometry":{"type":"Polygon","coordinates":[[[15.9797,37.9192],[15.982,37.9174],[15.9843,37.9189],[15.9797,37.9192]]]}},{"type":"Feature","properties":{"landuse":"farmland"},"geometry":{"type":"Polygon","coordinates":[[[15.9688,37.9251],[15.9717,37.9247],[15.9699,37.9271],[15.9688,37.9251]]]}},{"type":"Feature","properties":{"landuse":"orchard"},"geometry":{"type":"Polygon","coordinates":[[[15.9616,37.9239],[15.9632,37.9275],[15.9588,37.9252],[15.9616,37.9239]]]}},{"type":"Feature","properties":{"landuse":"orchard"},"geometry":{"type":"Polygon","coordinates":[[[15.955,37.923],[15.9705,37.9368],[15.9554,37.9321],[15.9569,37.9423],[15.9527,37.9255],[15.955,37.923]]]}},{"type":"Feature","properties":{"landuse":"orchard"},"geometry":{"type":"Polygon","coordinates":[[[15.9267,37.9319],[15.9345,37.934],[15.9304,37.9351],[15.9306,37.9394],[15.9267,37.9319]]]}},{"type":"Feature","properties":{"landuse":"farmland"},"geometry":{"type":"Polygon","coordinates":[[[15.7199,38.0176],[15.7221,38.015],[15.725,38.0181],[15.7199,38.0176]]]}},{"type":"Feature","properties":{"landuse":"farmland"},"geometry":{"type":"Polygon","coordinates":[[[15.7196,38.0154],[15.7132,38.0144],[15.7186,38.0146],[15.7196,38.0154]]]}},{"type":"Feature","properties":{"landuse":"farmland"},"geometry":{"type":"Polygon","coordinates":[[[15.6745,38.0279],[15.6788,38.0261],[15.6767,38.031],[15.6742,38.0315],[15.6745,38.0279]]]}},{"type":"Feature","properties":{"landuse":"farmland"},"geometry":{"type":"Polygon","coordinates":[[[15.6718,38.0287],[15.6743,38.0308],[15.672,38.0315],[15.6718,38.0287]]]}},{"type":"Feature","properties":{"landuse":"farmland"},"geometry":{"type":"Polygon","coordinates":[[[15.9007,38.6545],[15.9033,38.6526],[15.8981,38.6542],[15.8902,38.6438],[15.9005,38.646],[15.8985,38.6477],[15.9011,38.6492],[15.9185,38.6459],[15.9064,38.6593],[15.9007,38.6545]]]}},{"type":"Feature","properties":{"landuse":"farmland"},"geometry":{"type":"Polygon","coordinates":[[[15.9002,38.6636],[15.8976,38.6629],[15.9,38.6597],[15.9002,38.6636]]]}},{"type":"Feature","properties":{"landuse":"farmland"},"geometry":{"type":"Polygon","coordinates":[[[15.8907,38.6635],[15.8895,38.664],[15.893,38.663],[15.8907,38.6635]]]}},{"type":"Feature","properties":{"landuse":"farmland"},"geometry":{"type":"Polygon","coordinates":[[[15.8946,38.6667],[15.892,38.6652],[15.8936,38.6645],[15.8946,38.6667]]]}},{"type":"Feature","properties":{"landuse":"farmland"},"geometry":{"type":"Polygon","coordinates":[[[15.8921,38.6623],[15.8905,38.6623],[15.8905,38.661],[15.8921,38.6623]]]}},{"type":"Feature","properties":{"landuse":"farmland"},"geometry":{"type":"Polygon","coordinates":[[[15.8994,38.6568],[15.9012,38.6566],[15.9016,38.659],[15.8994,38.6568]]]}},{"type":"Feature","properties":{"landuse":"farmland"},"geometry":{"type":"Polygon","coordinates":[[[15.9013,38.6594],[15.9049,38.6596],[15.906,38.6625],[15.9013,38.6594]]]}},{"type":"Feature","properties":{"landuse":"farmland"},"geometry":{"type":"Polygon","coordinates":[[[15.9029,38.6618],[15.904,38.6653],[15.9019,38.6647],[15.9029,38.6618]]]}},{"type":"Feature","properties":{"landuse":"orchard"},"geometry":{"type":"Polygon","coordinates":[[[15.9053,38.6616],[15.9036,38.6606],[15.9049,38.6596],[15.9053,38.6616]]]}},{"type":"Feature","properties":{"landuse":"farmland"},"geometry":{"type":"Polygon","coordinates":[[[15.905,38.6637],[15.9057,38.6662],[15.9032,38.6672],[15.905,38.6637]]]}},{"type":"Feature","properties":{"landuse":"orchard"},"geometry":{"type":"Polygon","coordinates":[[[15.9063,38.6567],[15.9093,38.6551],[15.9065,38.6591],[15.9033,38.6569],[15.9063,38.6567]]]}},{"type":"Feature","properties":{"landuse":"orchard"},"geometry":{"type":"Polygon","coordinates":[[[15.9054,38.6539],[15.9063,38.6527],[15.9067,38.6544],[15.9054,38.6539]]]}},{"type":"Feature","properties":{"landuse":"orchard"},"geometry":{"type":"Polygon","coordinates":[[[15.9108,38.6556],[15.9104,38.6545],[15.9122,38.655],[15.9108,38.6556]]]}},{"type":"Feature","properties":{"landuse":"orchard"},"geometry":{"type":"Polygon","coordinates":[[[15.9045,38.6534],[15.9044,38.651],[15.9071,38.6513],[15.9045,38.6534]]]}},{"type":"Feature","properties":{"landuse":"orchard"},"geometry":{"type":"Polygon","coordinates":[[[15.9103,38.6522],[15.9069,38.6521],[15.9078,38.6504],[15.9103,38.6522]]]}},{"type":"Feature","properties":{"landuse":"orchard"},"geometry":{"type":"Polygon","coordinates":[[[15.906,38.651],[15.9052,38.6499],[15.9067,38.6497],[15.906,38.651]]]}},{"type":"Feature","properties":{"landuse":"orchard"},"geometry":{"type":"Polygon","coordinates":[[[15.9118,38.6523],[15.9103,38.652],[15.9116,38.6506],[15.9118,38.6523]]]}},{"type":"Feature","properties":{"landuse":"orchard"},"geometry":{"type":"Polygon","coordinates":[[[15.9116,38.6491],[15.9108,38.6485],[15.9123,38.6482],[15.9116,38.6491]]]}},{"type":"Feature","properties":{"landuse":"farmland"},"geometry":{"type":"Polygon","coordinates":[[[15.8964,38.6538],[15.8989,38.6597],[15.8938,38.6595],[15.8964,38.6538]]]}},{"type":"Feature","properties":{"landuse":"orchard"},"geometry":{"type":"Polygon","coordinates":[[[15.9231,38.6352],[15.9226,38.6343],[15.924,38.6341],[15.9231,38.6352]]]}},{"type":"Feature","properties":{"landuse":"farmland"},"geometry":{"type":"Polygon","coordinates":[[[15.9064,38.6375],[15.9181,38.6456],[15.9096,38.6442],[15.9127,38.6434],[15.9064,38.6375]]]}},{"type":"Feature","properties":{"landuse":"orchard"},"geometry":{"type":"Polygon","coordinates":[[[15.9154,38.6433],[15.9107,38.641],[15.9132,38.6409],[15.9125,38.6419],[15.9154,38.6433]]]}},{"type":"Feature","properties":{"landuse":"farmland"},"geometry":{"type":"Polygon","coordinates":[[[15.896,38.6442],[15.8973,38.6412],[15.9108,38.6452],[15.896,38.6442]]]}},{"type":"Feature","properties":{"landuse":"orchard"},"geometry":{"type":"Polygon","coordinates":[[[15.901,38.6433],[15.9001,38.6447],[15.8992,38.6441],[15.901,38.6433]]]}},{"type":"Feature","properties":{"landuse":"orchard"},"geometry":{"type":"Polygon","coordinates":[[[15.8983,38.6454],[15.8977,38.6427],[15.8994,38.6437],[15.8983,38.6454]]]}},{"type":"Feature","properties":{"landuse":"orchard"},"geometry":{"type":"Polygon","coordinates":[[[15.8915,38.6458],[15.8941,38.6445],[15.8966,38.646],[15.8915,38.6458]]]}},{"type":"Feature","properties":{"landuse":"farmland"},"geometry":{"type":"Polygon","coordinates":[[[15.8971,38.6375],[15.8981,38.6392],[15.8925,38.6358],[15.8971,38.6375]]]}},{"type":"Feature","properties":{"landuse":"farmland"},"geometry":{"type":"Polygon","coordinates":[[[15.8945,38.6403],[15.892,38.6387],[15.8945,38.639],[15.8945,38.6403]]]}},{"type":"Feature","properties":{"landuse":"farmland"},"geometry":{"type":"Polygon","coordinates":[[[15.8943,38.6403],[15.896,38.6395],[15.8958,38.6414],[15.8943,38.6403]]]}},{"type":"Feature","properties":{"landuse":"farmland"},"geometry":{"type":"Polygon","coordinates":[[[15.9219,38.6469],[15.9192,38.6532],[15.9171,38.6471],[15.9219,38.6469]]]}},{"type":"Feature","properties":{"landuse":"farmland"},"geometry":{"type":"Polygon","coordinates":[[[15.9153,38.651],[15.9161,38.6516],[15.9147,38.6531],[15.9153,38.651]]]}},{"type":"Feature","properties":{"landuse":"farmland"},"geometry":{"type":"Polygon","coordinates":[[[15.9182,38.653],[15.918,38.6542],[15.9159,38.6549],[15.9182,38.653]]]}},{"type":"Feature","properties":{"landuse":"orchard"},"geometry":{"type":"Polygon","coordinates":[[[15.9107,38.6596],[15.9091,38.6623],[15.909,38.6605],[15.9107,38.6596]]]}},{"type":"Feature","properties":{"landuse":"farmland"},"geometry":{"type":"Polygon","coordinates":[[[15.8898,38.662],[15.8863,38.6582],[15.8897,38.6581],[15.8898,38.662]]]}},{"type":"Feature","properties":{"landuse":"orchard"},"geometry":{"type":"Polygon","coordinates":[[[15.8923,38.6571],[15.8932,38.6582],[15.8905,38.6581],[15.8923,38.6571]]]}},{"type":"Feature","properties":{"landuse":"orchard"},"geometry":{"type":"Polygon","coordinates":[[[15.8915,38.6532],[15.8923,38.6544],[15.8905,38.6547],[15.8915,38.6532]]]}},{"type":"Feature","properties":{"landuse":"farmland"},"geometry":{"type":"Polygon","coordinates":[[[15.8864,38.6575],[15.885,38.656],[15.887,38.6546],[15.8864,38.6575]]]}},{"type":"Feature","properties":{"landuse":"orchard"},"geometry":{"type":"Polygon","coordinates":[[[15.8805,38.6575],[15.8784,38.6556],[15.8835,38.6558],[15.8805,38.6575]]]}},{"type":"Feature","properties":{"landuse":"farmland"},"geometry":{"type":"Polygon","coordinates":[[[15.8944,38.6433],[15.892,38.6429],[15.8928,38.6424],[15.8944,38.6433]]]}},{"type":"Feature","properties":{"landuse":"farmland"},"geometry":{"type":"Polygon","coordinates":[[[15.8837,38.6564],[15.8784,38.6547],[15.8865,38.6541],[15.8837,38.6564]]]}},{"type":"Feature","properties":{"landuse":"farmland"},"geometry":{"type":"Polygon","coordinates":[[[15.8889,38.6524],[15.8834,38.6528],[15.879,38.6476],[15.8821,38.6523],[15.8773,38.6536],[15.8796,38.6571],[15.8777,38.6596],[15.8746,38.655],[15.8733,38.6569],[15.8671,38.654],[15.8728,38.6482],[15.8718,38.6435],[15.8783,38.6419],[15.88,38.6375],[15.8829,38.6401],[15.8844,38.6351],[15.8948,38.642],[15.8887,38.6435],[15.8892,38.6489],[15.8929,38.6485],[15.8951,38.6533],[15.8948,38.6574],[15.8873,38.6577],[15.8889,38.6524]]]}},{"type":"Feature","properties":{"landuse":"orchard"},"geometry":{"type":"Polygon","coordinates":[[[15.8772,38.6568],[15.8757,38.656],[15.8773,38.6562],[15.8772,38.6568]]]}},{"type":"Feature","properties":{"landuse":"orchard"},"geometry":{"type":"Polygon","coordinates":[[[15.8716,38.655],[15.8727,38.6565],[15.8712,38.6558],[15.8716,38.655]]]}},{"type":"Feature","properties":{"landuse":"orchard"},"geometry":{"type":"Polygon","coordinates":[[[15.8703,38.6542],[15.8682,38.6535],[15.8713,38.6522],[15.8703,38.6542]]]}},{"type":"Feature","properties":{"landuse":"orchard"},"geometry":{"type":"Polygon","coordinates":[[[15.8852,38.6391],[15.8848,38.6381],[15.886,38.6388],[15.8852,38.6391]]]}},{"type":"Feature","properties":{"landuse":"orchard"},"geometry":{"type":"Polygon","coordinates":[[[15.8862,38.6391],[15.8857,38.6383],[15.8868,38.6378],[15.8862,38.6391]]]}},{"type":"Feature","properties":{"landuse":"vineyard"},"geometry":{"type":"Polygon","coordinates":[[[15.8875,38.6521],[15.8869,38.6515],[15.8887,38.6515],[15.8875,38.6521]]]}},{"type":"Feature","properties":{"landuse":"orchard"},"geometry":{"type":"Polygon","coordinates":[[[15.9149,38.6624],[15.914,38.6621],[15.9151,38.661],[15.9149,38.6624]]]}},{"type":"Feature","properties":{"landuse":"farmland"},"geometry":{"type":"Polygon","coordinates":[[[15.9072,38.6716],[15.9092,38.6646],[15.9117,38.6652],[15.9094,38.6661],[15.9126,38.6684],[15.9072,38.6716]]]}},{"type":"Feature","properties":{"landuse":"farmland"},"geometry":{"type":"Polygon","coordinates":[[[15.9092,38.6626],[15.9164,38.6646],[15.9133,38.6676],[15.9092,38.6626]]]}},{"type":"Feature","properties":{"landuse":"farmland"},"geometry":{"type":"Polygon","coordinates":[[[16.2441,38.923],[16.2448,38.922],[16.2462,38.9224],[16.2441,38.923]]]}},{"type":"Feature","properties":{"landuse":"farmland"},"geometry":{"type":"Polygon","coordinates":[[[15.89,38.4274],[15.8916,38.4267],[15.8936,38.429],[15.89,38.4274]]]}},{"type":"Feature","properties":{"landuse":"orchard"},"geometry":{"type":"Polygon","coordinates":[[[16.4381,38.4851],[16.4376,38.4874],[16.4362,38.4874],[16.4381,38.4851]]]}},{"type":"Feature","properties":{"landuse":"farmland"},"geometry":{"type":"Polygon","coordinates":[[[15.7234,38.0314],[15.7215,38.0289],[15.718,38.0305],[15.7187,38.0284],[15.7283,38.0277],[15.7234,38.0314]]]}},{"type":"Feature","properties":{"landuse":"farmland"},"geometry":{"type":"Polygon","coordinates":[[[15.7256,38.0307],[15.7264,38.0295],[15.7282,38.0299],[15.7256,38.0307]]]}},{"type":"Feature","properties":{"landuse":"farmland"},"geometry":{"type":"Polygon","coordinates":[[[15.7272,38.0273],[15.7273,38.0259],[15.7296,38.0267],[15.7272,38.0273]]]}},{"type":"Feature","properties":{"landuse":"farmland"},"geometry":{"type":"Polygon","coordinates":[[[15.719,38.011],[15.7278,38.012],[15.7231,38.014],[15.719,38.011]]]}},{"type":"Feature","properties":{"landuse":"farmland"},"geometry":{"type":"Polygon","coordinates":[[[15.7241,38.0144],[15.7276,38.0152],[15.7261,38.0171],[15.7241,38.0144]]]}},{"type":"Feature","properties":{"landuse":"farmland"},"geometry":{"type":"Polygon","coordinates":[[[15.7062,38.0446],[15.7141,38.0432],[15.7113,38.0447],[15.7062,38.0446]]]}},{"type":"Feature","properties":{"landuse":"farmland"},"geometry":{"type":"Polygon","coordinates":[[[15.8665,38.6566],[15.8699,38.6563],[15.8698,38.6584],[15.8665,38.6566]]]}},{"type":"Feature","properties":{"landuse":"farmland"},"geometry":{"type":"Polygon","coordinates":[[[15.8634,38.6506],[15.867,38.6472],[15.8698,38.6503],[15.8634,38.6506]]]}},{"type":"Feature","properties":{"landuse":"farmland"},"geometry":{"type":"Polygon","coordinates":[[[15.6915,38.0294],[15.6873,38.0279],[15.6874,38.0232],[15.6958,38.0252],[15.6956,38.0294],[15.6915,38.0294]]]}},{"type":"Feature","properties":{"landuse":"farmland"},"geometry":{"type":"Polygon","coordinates":[[[15.6828,38.0164],[15.6847,38.0167],[15.6839,38.0184],[15.6828,38.0164]]]}},{"type":"Feature","properties":{"landuse":"farmland"},"geometry":{"type":"Polygon","coordinates":[[[15.6946,38.0318],[15.6963,38.0337],[15.6939,38.0336],[15.6946,38.0318]]]}},{"type":"Feature","properties":{"landuse":"farmland"},"geometry":{"type":"Polygon","coordinates":[[[15.6975,38.0251],[15.7021,38.0265],[15.6985,38.0274],[15.6975,38.0251]]]}},{"type":"Feature","properties":{"landuse":"farmland"},"geometry":{"type":"Polygon","coordinates":[[[15.6966,38.0302],[15.6978,38.0293],[15.6986,38.0306],[15.6966,38.0302]]]}},{"type":"Feature","properties":{"landuse":"farmland"},"geometry":{"type":"Polygon","coordinates":[[[15.6988,38.039],[15.6977,38.035],[15.7014,38.0361],[15.6988,38.039]]]}},{"type":"Feature","properties":{"landuse":"farmland"},"geometry":{"type":"Polygon","coordinates":[[[15.7034,38.0326],[15.7053,38.0336],[15.7049,38.0359],[15.7034,38.0326]]]}},{"type":"Feature","properties":{"landuse":"farmland"},"geometry":{"type":"Polygon","coordinates":[[[15.7072,38.0302],[15.7095,38.032],[15.7079,38.032],[15.7072,38.0302]]]}},{"type":"Feature","properties":{"landuse":"farmland"},"geometry":{"type":"Polygon","coordinates":[[[15.6848,38.0369],[15.6873,38.0355],[15.6878,38.0372],[15.6848,38.0369]]]}},{"type":"Feature","properties":{"landuse":"farmland"},"geometry":{"type":"Polygon","coordinates":[[[15.694,38.0372],[15.6915,38.04],[15.6909,38.0385],[15.694,38.0372]]]}},{"type":"Feature","properties":{"landuse":"farmland"},"geometry":{"type":"Polygon","coordinates":[[[15.678,38.0311],[15.6835,38.0299],[15.6851,38.034],[15.6754,38.0374],[15.678,38.0311]]]}},{"type":"Feature","properties":{"landuse":"farmland"},"geometry":{"type":"Polygon","coordinates":[[[15.8707,38.6499],[15.8701,38.649],[15.8715,38.6491],[15.8707,38.6499]]]}},{"type":"Feature","properties":{"landuse":"farmland"},"geometry":{"type":"Polygon","coordinates":[[[15.8714,38.6521],[15.8716,38.6505],[15.8737,38.651],[15.8714,38.6521]]]}},{"type":"Feature","properties":{"landuse":"farmland"},"geometry":{"type":"Polygon","coordinates":[[[15.8623,38.653],[15.8608,38.6527],[15.8643,38.653],[15.8623,38.653]]]}},{"type":"Feature","properties":{"landuse":"farmland"},"geometry":{"type":"Polygon","coordinates":[[[15.8718,38.659],[15.8749,38.6597],[15.8705,38.66],[15.8718,38.659]]]}},{"type":"Feature","properties":{"landuse":"farmland"},"geometry":{"type":"Polygon","coordinates":[[[16.1782,39.3461],[16.1804,39.3441],[16.1841,39.3456],[16.1782,39.3461]]]}},{"type":"Feature","properties":{"landuse":"orchard"},"geometry":{"type":"Polygon","coordinates":[[[16.1885,39.3491],[16.1896,39.3487],[16.1898,39.3494],[16.1885,39.3491]]]}},{"type":"Feature","properties":{"landuse":"orchard"},"geometry":{"type":"Polygon","coordinates":[[[16.1635,39.3458],[16.1654,39.3442],[16.1677,39.3457],[16.1635,39.3458]]]}},{"type":"Feature","properties":{"landuse":"farmland"},"geometry":{"type":"Polygon","coordinates":[[[15.7195,38.0742],[15.7177,38.0771],[15.7135,38.0764],[15.7195,38.0742]]]}},{"type":"Feature","properties":{"landuse":"farmland"},"geometry":{"type":"Polygon","coordinates":[[[16.401,39.4822],[16.4028,39.4822],[16.4022,39.4835],[16.401,39.4822]]]}},{"type":"Feature","properties":{"landuse":"farmland"},"geometry":{"type":"Polygon","coordinates":[[[16.4006,39.497],[16.4019,39.498],[16.3993,39.4984],[16.4006,39.497]]]}},{"type":"Feature","properties":{"landuse":"vineyard"},"geometry":{"type":"Polygon","coordinates":[[[16.3995,39.499],[16.4011,39.4977],[16.4035,39.4996],[16.3995,39.499]]]}},{"type":"Feature","properties":{"landuse":"farmland"},"geometry":{"type":"Polygon","coordinates":[[[16.4055,39.4831],[16.4039,39.4817],[16.4061,39.4818],[16.4055,39.4831]]]}},{"type":"Feature","properties":{"landuse":"orchard"},"geometry":{"type":"Polygon","coordinates":[[[16.203,38.2176],[16.2035,38.2154],[16.2043,38.2164],[16.203,38.2176]]]}},{"type":"Feature","properties":{"landuse":"orchard"},"geometry":{"type":"Polygon","coordinates":[[[16.1994,38.22],[16.202,38.2212],[16.1964,38.2231],[16.1994,38.22]]]}},{"type":"Feature","properties":{"landuse":"orchard"},"geometry":{"type":"Polygon","coordinates":[[[16.2046,38.2179],[16.202,38.2211],[16.2015,38.2189],[16.2046,38.2179]]]}},{"type":"Feature","properties":{"landuse":"farmland"},"geometry":{"type":"Polygon","coordinates":[[[16.524,38.7271],[16.5275,38.727],[16.5252,38.7281],[16.524,38.7271]]]}},{"type":"Feature","properties":{"landuse":"farmland"},"geometry":{"type":"Polygon","coordinates":[[[16.527,38.7265],[16.524,38.7218],[16.5286,38.7201],[16.53,38.7239],[16.527,38.7265]]]}},{"type":"Feature","properties":{"landuse":"orchard"},"geometry":{"type":"Polygon","coordinates":[[[16.2301,38.2144],[16.2283,38.2156],[16.2269,38.2146],[16.2301,38.2144]]]}},{"type":"Feature","properties":{"landuse":"orchard"},"geometry":{"type":"Polygon","coordinates":[[[16.2314,38.2174],[16.2322,38.2162],[16.2342,38.2175],[16.2314,38.2174]]]}},{"type":"Feature","properties":{"landuse":"farmland"},"geometry":{"type":"Polygon","coordinates":[[[16.3968,39.4974],[16.3941,39.4964],[16.3969,39.4961],[16.3968,39.4974]]]}},{"type":"Feature","properties":{"landuse":"farmland"},"geometry":{"type":"Polygon","coordinates":[[[16.3959,39.4839],[16.3942,39.4839],[16.3955,39.4828],[16.3959,39.4839]]]}},{"type":"Feature","properties":{"landuse":"farmland"},"geometry":{"type":"Polygon","coordinates":[[[16.3928,39.4992],[16.3936,39.4992],[16.3943,39.5005],[16.3928,39.4992]]]}},{"type":"Feature","properties":{"landuse":"farmland"},"geometry":{"type":"Polygon","coordinates":[[[16.3925,39.4992],[16.3908,39.4995],[16.3908,39.4981],[16.3925,39.4992]]]}},{"type":"Feature","properties":{"landuse":"farmland"},"geometry":{"type":"Polygon","coordinates":[[[17.0961,39.0044],[17.0954,39.0018],[17.0934,39.0042],[17.0939,39.0013],[17.0961,39.0044]]]}},{"type":"Feature","properties":{"landuse":"farmland"},"geometry":{"type":"Polygon","coordinates":[[[17.0748,39.0065],[17.0863,39.0051],[17.086,39.0146],[17.0814,39.0171],[17.0734,39.0155],[17.0748,39.0065]]]}},{"type":"Feature","properties":{"landuse":"farmland"},"geometry":{"type":"Polygon","coordinates":[[[17.0804,39.0196],[17.0806,39.0172],[17.0817,39.0178],[17.0804,39.0196]]]}},{"type":"Feature","properties":{"landuse":"farmland"},"geometry":{"type":"Polygon","coordinates":[[[17.0994,39.0164],[17.0984,39.0171],[17.0971,39.0162],[17.0994,39.0164]]]}},{"type":"Feature","properties":{"landuse":"orchard"},"geometry":{"type":"Polygon","coordinates":[[[17.1051,39.0113],[17.107,39.014],[17.1038,39.0121],[17.1051,39.0113]]]}},{"type":"Feature","properties":{"landuse":"farmland"},"geometry":{"type":"Polygon","coordinates":[[[17.0978,39.0131],[17.1023,39.0134],[17.0995,39.0143],[17.0978,39.0131]]]}},{"type":"Feature","properties":{"landuse":"farmland"},"geometry":{"type":"Polygon","coordinates":[[[17.1036,39.0134],[17.1042,39.0145],[17.1011,39.0115],[17.1036,39.0134]]]}},{"type":"Feature","properties":{"landuse":"farmland"},"geometry":{"type":"Polygon","coordinates":[[[17.0944,39.0207],[17.0965,39.0217],[17.0905,39.0217],[17.0944,39.0207]]]}},{"type":"Feature","properties":{"landuse":"orchard"},"geometry":{"type":"Polygon","coordinates":[[[17.0872,39.0101],[17.0876,39.0089],[17.0895,39.0097],[17.0872,39.0101]]]}},{"type":"Feature","properties":{"landuse":"farmland"},"geometry":{"type":"Polygon","coordinates":[[[17.0862,39.0151],[17.087,39.0111],[17.0892,39.0113],[17.0862,39.0151]]]}},{"type":"Feature","properties":{"landuse":"farmland"},"geometry":{"type":"Polygon","coordinates":[[[17.0959,39.0018],[17.1006,39.0011],[17.1009,39.0038],[17.0964,39.0042],[17.0959,39.0018]]]}},{"type":"Feature","properties":{"landuse":"orchard"},"geometry":{"type":"Polygon","coordinates":[[[17.1067,38.9986],[17.1037,39.0003],[17.1034,38.9966],[17.1067,38.9986]]]}},{"type":"Feature","properties":{"landuse":"farmland"},"geometry":{"type":"Polygon","coordinates":[[[17.0966,38.9988],[17.109,38.9912],[17.1142,38.9947],[17.107,38.9984],[17.1034,38.9966],[17.1037,39.0003],[17.0985,39.0017],[17.0966,38.9988]]]}},{"type":"Feature","properties":{"landuse":"farmland"},"geometry":{"type":"Polygon","coordinates":[[[17.1043,39.0001],[17.1145,38.9951],[17.1158,38.997],[17.1082,38.9992],[17.1101,39.0013],[17.1043,39.0001]]]}},{"type":"Feature","properties":{"landuse":"farmland"},"geometry":{"type":"Polygon","coordinates":[[[17.1137,39.0041],[17.111,39.0048],[17.1081,39.003],[17.1137,39.0041]]]}},{"type":"Feature","properties":{"landuse":"farmland"},"geometry":{"type":"Polygon","coordinates":[[[17.1113,39.0059],[17.1103,39.0065],[17.1102,39.0054],[17.1113,39.0059]]]}},{"type":"Feature","properties":{"landuse":"farmland"},"geometry":{"type":"Polygon","coordinates":[[[17.1068,39.0026],[17.1077,39.0036],[17.1053,39.0036],[17.1068,39.0026]]]}},{"type":"Feature","properties":{"landuse":"farmland"},"geometry":{"type":"Polygon","coordinates":[[[17.0969,39.0747],[17.0988,39.0754],[17.0966,39.0756],[17.0969,39.0747]]]}},{"type":"Feature","properties":{"landuse":"orchard"},"geometry":{"type":"Polygon","coordinates":[[[16.9987,38.9416],[17.0002,38.9398],[17.002,38.9419],[16.9987,38.9416]]]}},{"type":"Feature","properties":{"landuse":"farmland"},"geometry":{"type":"Polygon","coordinates":[[[16.9967,38.9462],[16.9969,38.9438],[16.9984,38.945],[16.9967,38.9462]]]}},{"type":"Feature","properties":{"landuse":"farmland"},"geometry":{"type":"Polygon","coordinates":[[[17.0018,38.9449],[17.0059,38.9481],[16.999,38.947],[17.0018,38.9449]]]}},{"type":"Feature","properties":{"landuse":"farmland"},"geometry":{"type":"Polygon","coordinates":[[[17.0054,38.9418],[17.0076,38.9408],[17.0083,38.9423],[17.0054,38.9418]]]}},{"type":"Feature","properties":{"landuse":"orchard"},"geometry":{"type":"Polygon","coordinates":[[[17.0124,38.9378],[17.0131,38.9398],[17.0113,38.9386],[17.0124,38.9378]]]}},{"type":"Feature","properties":{"landuse":"orchard"},"geometry":{"type":"Polygon","coordinates":[[[17.0012,38.9438],[17.003,38.9435],[17.0022,38.9446],[17.0012,38.9438]]]}},{"type":"Feature","properties":{"landuse":"farmland"},"geometry":{"type":"Polygon","coordinates":[[[17.0033,38.9423],[17.0047,38.9424],[17.0022,38.9424],[17.0033,38.9423]]]}},{"type":"Feature","properties":{"landuse":"farmland"},"geometry":{"type":"Polygon","coordinates":[[[16.9989,38.9417],[17.0037,38.9432],[17.0003,38.9437],[16.9989,38.9417]]]}},{"type":"Feature","properties":{"landuse":"farmland"},"geometry":{"type":"Polygon","coordinates":[[[16.9989,38.9417],[17.0021,38.9446],[17.0003,38.9459],[16.9971,38.9436],[16.9989,38.9417]]]}},{"type":"Feature","properties":{"landuse":"orchard"},"geometry":{"type":"Polygon","coordinates":[[[16.9967,38.9462],[16.9972,38.944],[17.0003,38.9459],[16.9967,38.9462]]]}},{"type":"Feature","properties":{"landuse":"orchard"},"geometry":{"type":"Polygon","coordinates":[[[17.008,38.9437],[17.0062,38.9441],[17.0052,38.9426],[17.008,38.9437]]]}},{"type":"Feature","properties":{"landuse":"farmland"},"geometry":{"type":"Polygon","coordinates":[[[17.0045,38.943],[17.0062,38.9437],[17.006,38.9444],[17.0045,38.943]]]}},{"type":"Feature","properties":{"landuse":"farmland"},"geometry":{"type":"Polygon","coordinates":[[[17.0043,38.9437],[17.0058,38.9444],[17.0044,38.945],[17.0043,38.9437]]]}},{"type":"Feature","properties":{"landuse":"farmland"},"geometry":{"type":"Polygon","coordinates":[[[17.0045,38.9347],[17.0077,38.9333],[17.0084,38.9343],[17.0045,38.9347]]]}},{"type":"Feature","properties":{"landuse":"orchard"},"geometry":{"type":"Polygon","coordinates":[[[17.0047,38.9346],[17.0039,38.9335],[17.0055,38.9343],[17.0047,38.9346]]]}},{"type":"Feature","properties":{"landuse":"orchard"},"geometry":{"type":"Polygon","coordinates":[[[17.0031,38.9364],[17.0027,38.9368],[17.0015,38.9355],[17.0031,38.9364]]]}},{"type":"Feature","properties":{"landuse":"orchard"},"geometry":{"type":"Polygon","coordinates":[[[17.0034,38.9352],[17.0041,38.9362],[17.0025,38.9356],[17.0034,38.9352]]]}},{"type":"Feature","properties":{"landuse":"orchard"},"geometry":{"type":"Polygon","coordinates":[[[17.0045,38.9347],[17.0052,38.9357],[17.0044,38.936],[17.0045,38.9347]]]}},{"type":"Feature","properties":{"landuse":"farmland"},"geometry":{"type":"Polygon","coordinates":[[[17.001,38.9335],[17.0085,38.9329],[17.0075,38.931],[17.0101,38.9328],[17.0025,38.9356],[17.001,38.9335]]]}},{"type":"Feature","properties":{"landuse":"farmland"},"geometry":{"type":"Polygon","coordinates":[[[17.0002,38.9342],[17.0013,38.9339],[17.0015,38.9355],[17.0002,38.9342]]]}},{"type":"Feature","properties":{"landuse":"farmland"},"geometry":{"type":"Polygon","coordinates":[[[16.9983,38.9363],[17.0001,38.9343],[17.0027,38.9368],[16.9983,38.9363]]]}},{"type":"Feature","properties":{"landuse":"orchard"},"geometry":{"type":"Polygon","coordinates":[[[17.0045,38.9368],[17.0073,38.9376],[17.0032,38.9387],[17.0045,38.9368]]]}},{"type":"Feature","properties":{"landuse":"farmland"},"geometry":{"type":"Polygon","coordinates":[[[17.0064,38.9254],[17.0088,38.9253],[17.0074,38.9259],[17.0064,38.9254]]]}},{"type":"Feature","properties":{"landuse":"farmland"},"geometry":{"type":"Polygon","coordinates":[[[17.0046,38.9263],[17.0092,38.9257],[17.0096,38.9295],[17.0045,38.9318],[17.0046,38.9263]]]}},{"type":"Feature","properties":{"landuse":"orchard"},"geometry":{"type":"Polygon","coordinates":[[[17.0032,38.9268],[17.0054,38.9286],[17.0042,38.9292],[17.0032,38.9268]]]}},{"type":"Feature","properties":{"landuse":"farmland"},"geometry":{"type":"Polygon","coordinates":[[[17.0004,38.9322],[16.9998,38.9266],[17.0061,38.9235],[17.0029,38.9264],[17.0044,38.9319],[17.0004,38.9322]]]}},{"type":"Feature","properties":{"landuse":"orchard"},"geometry":{"type":"Polygon","coordinates":[[[17.0141,38.9288],[17.0129,38.929],[17.0137,38.9267],[17.0141,38.9288]]]}},{"type":"Feature","properties":{"landuse":"farmland"},"geometry":{"type":"Polygon","coordinates":[[[17.0132,38.929],[17.0143,38.9268],[17.0099,38.9295],[17.0096,38.9259],[17.0161,38.9245],[17.0153,38.9222],[17.0275,38.9251],[17.0279,38.9296],[17.0138,38.9322],[17.0132,38.929]]]}},{"type":"Feature","properties":{"landuse":"farmland"},"geometry":{"type":"Polygon","coordinates":[[[17.0099,38.9302],[17.0127,38.9292],[17.0104,38.9326],[17.0099,38.9302]]]}},{"type":"Feature","properties":{"landuse":"farmland"},"geometry":{"type":"Polygon","coordinates":[[[17.0115,38.9241],[17.0143,38.9223],[17.0159,38.9242],[17.0115,38.9241]]]}},{"type":"Feature","properties":{"landuse":"farmland"},"geometry":{"type":"Polygon","coordinates":[[[17.0126,38.9218],[17.0143,38.9201],[17.0148,38.9217],[17.0126,38.9218]]]}},{"type":"Feature","properties":{"landuse":"orchard"},"geometry":{"type":"Polygon","coordinates":[[[17.0094,38.9225],[17.0086,38.9206],[17.0119,38.9214],[17.0094,38.9225]]]}},{"type":"Feature","properties":{"landuse":"orchard"},"geometry":{"type":"Polygon","coordinates":[[[17.0088,38.9252],[17.0089,38.9233],[17.0098,38.9235],[17.0088,38.9252]]]}},{"type":"Feature","properties":{"landuse":"farmland"},"geometry":{"type":"Polygon","coordinates":[[[17.009,38.9233],[17.0118,38.9225],[17.0093,38.9256],[17.009,38.9233]]]}},{"type":"Feature","properties":{"landuse":"farmland"},"geometry":{"type":"Polygon","coordinates":[[[17.0205,38.921],[17.0246,38.9234],[17.0227,38.9243],[17.0205,38.921]]]}},{"type":"Feature","properties":{"landuse":"farmland"},"geometry":{"type":"Polygon","coordinates":[[[17.0193,38.9241],[17.019,38.922],[17.0225,38.9243],[17.0193,38.9241]]]}},{"type":"Feature","properties":{"landuse":"orchard"},"geometry":{"type":"Polygon","coordinates":[[[17.0243,38.9179],[17.0255,38.9143],[17.0274,38.9166],[17.0243,38.9179]]]}},{"type":"Feature","properties":{"landuse":"orchard"},"geometry":{"type":"Polygon","coordinates":[[[17.0171,38.9197],[17.0187,38.9189],[17.018,38.9207],[17.0171,38.9197]]]}},{"type":"Feature","properties":{"landuse":"farmland"},"geometry":{"type":"Polygon","coordinates":[[[17.0188,38.921],[17.0198,38.9174],[17.0207,38.9194],[17.0188,38.921]]]}},{"type":"Feature","properties":{"landuse":"farmland"},"geometry":{"type":"Polygon","coordinates":[[[17.0153,38.9222],[17.0159,38.92],[17.0184,38.9217],[17.0153,38.9222]]]}},{"type":"Feature","properties":{"landuse":"farmland"},"geometry":{"type":"Polygon","coordinates":[[[17.0354,38.9208],[17.0383,38.9221],[17.0372,38.9244],[17.0354,38.9208]]]}},{"type":"Feature","properties":{"landuse":"orchard"},"geometry":{"type":"Polygon","coordinates":[[[17.0339,38.9213],[17.037,38.9241],[17.0345,38.9247],[17.0339,38.9213]]]}},{"type":"Feature","properties":{"landuse":"farmland"},"geometry":{"type":"Polygon","coordinates":[[[17.0327,38.9223],[17.0338,38.9213],[17.0348,38.9239],[17.0327,38.9223]]]}},{"type":"Feature","properties":{"landuse":"farmland"},"geometry":{"type":"Polygon","coordinates":[[[17.015,38.9323],[17.0184,38.9324],[17.0148,38.9342],[17.015,38.9323]]]}},{"type":"Feature","properties":{"landuse":"farmland"},"geometry":{"type":"Polygon","coordinates":[[[17.0219,38.9309],[17.0274,38.9301],[17.0281,38.9319],[17.0219,38.9309]]]}},{"type":"Feature","properties":{"landuse":"farmland"},"geometry":{"type":"Polygon","coordinates":[[[17.0202,38.9328],[17.0215,38.931],[17.0223,38.9324],[17.0202,38.9328]]]}},{"type":"Feature","properties":{"landuse":"farmland"},"geometry":{"type":"Polygon","coordinates":[[[17.0189,38.9378],[17.0228,38.9328],[17.0292,38.9317],[17.0295,38.9354],[17.0189,38.9378]]]}},{"type":"Feature","properties":{"landuse":"farmland"},"geometry":{"type":"Polygon","coordinates":[[[17.03,38.9382],[17.0254,38.9386],[17.027,38.9365],[17.03,38.9382]]]}},{"type":"Feature","properties":{"landuse":"farmland"},"geometry":{"type":"Polygon","coordinates":[[[17.0343,38.9324],[17.0343,38.9299],[17.038,38.9308],[17.0343,38.9324]]]}},{"type":"Feature","properties":{"landuse":"farmland"},"geometry":{"type":"Polygon","coordinates":[[[17.0328,38.9285],[17.0338,38.9303],[17.0318,38.93],[17.0328,38.9285]]]}},{"type":"Feature","properties":{"landuse":"farmland"},"geometry":{"type":"Polygon","coordinates":[[[17.0328,38.9285],[17.0366,38.9272],[17.0342,38.9296],[17.0328,38.9285]]]}},{"type":"Feature","properties":{"landuse":"farmland"},"geometry":{"type":"Polygon","coordinates":[[[17.0287,38.929],[17.0278,38.9259],[17.0343,38.9258],[17.0315,38.9309],[17.0287,38.929]]]}},{"type":"Feature","properties":{"landuse":"farmland"},"geometry":{"type":"Polygon","coordinates":[[[17.0284,38.9255],[17.0345,38.9239],[17.0339,38.9262],[17.0284,38.9255]]]}},{"type":"Feature","properties":{"landuse":"farmland"},"geometry":{"type":"Polygon","coordinates":[[[17.064,38.9868],[17.0724,38.9841],[17.0739,38.9875],[17.064,38.9868]]]}},{"type":"Feature","properties":{"landuse":"orchard"},"geometry":{"type":"Polygon","coordinates":[[[17.0747,38.9825],[17.0711,38.9747],[17.0751,38.9695],[17.073,38.9768],[17.0771,38.9766],[17.0796,38.9696],[17.0763,38.9689],[17.0817,38.9648],[17.0747,38.9825]]]}},{"type":"Feature","properties":{"landuse":"farmland"},"geometry":{"type":"Polygon","coordinates":[[[17.0761,38.9909],[17.0757,38.9938],[17.0687,38.9933],[17.071,38.9874],[17.0765,38.9877],[17.0761,38.9909]]]}},{"type":"Feature","properties":{"landuse":"farmland"},"geometry":{"type":"Polygon","coordinates":[[[17.049,38.9939],[17.0539,38.9886],[17.0574,38.991],[17.049,38.9939]]]}},{"type":"Feature","properties":{"landuse":"farmland"},"geometry":{"type":"Polygon","coordinates":[[[17.0566,38.9876],[17.0572,38.985],[17.0596,38.9864],[17.0566,38.9876]]]}},{"type":"Feature","properties":{"landuse":"farmland"},"geometry":{"type":"Polygon","coordinates":[[[17.0576,38.9799],[17.0583,38.9785],[17.0598,38.9801],[17.0576,38.9799]]]}},{"type":"Feature","properties":{"landuse":"farmland"},"geometry":{"type":"Polygon","coordinates":[[[17.0548,38.98],[17.0575,38.9772],[17.0582,38.9782],[17.0548,38.98]]]}},{"type":"Feature","properties":{"landuse":"farmland"},"geometry":{"type":"Polygon","coordinates":[[[17.0237,38.9468],[17.0365,38.9395],[17.0309,38.9472],[17.0237,38.9468]]]}},{"type":"Feature","properties":{"landuse":"orchard"},"geometry":{"type":"Polygon","coordinates":[[[17.1029,38.9948],[17.1027,38.9929],[17.106,38.9929],[17.1029,38.9948]]]}},{"type":"Feature","properties":{"landuse":"farmland"},"geometry":{"type":"Polygon","coordinates":[[[17.0701,39.0784],[17.0714,39.0781],[17.0722,39.0805],[17.0701,39.0784]]]}},{"type":"Feature","properties":{"landuse":"orchard"},"geometry":{"type":"Polygon","coordinates":[[[17.0733,39.0798],[17.073,39.0786],[17.0754,39.0792],[17.0733,39.0798]]]}},{"type":"Feature","properties":{"landuse":"farmland"},"geometry":{"type":"Polygon","coordinates":[[[17.0733,39.0798],[17.072,39.0793],[17.0735,39.079],[17.0733,39.0798]]]}},{"type":"Feature","properties":{"landuse":"orchard"},"geometry":{"type":"Polygon","coordinates":[[[17.0754,39.0798],[17.0796,39.0822],[17.0761,39.0824],[17.0754,39.0798]]]}},{"type":"Feature","properties":{"landuse":"farmland"},"geometry":{"type":"Polygon","coordinates":[[[17.0745,39.0806],[17.0756,39.08],[17.0759,39.082],[17.0745,39.0806]]]}},{"type":"Feature","properties":{"landuse":"farmland"},"geometry":{"type":"Polygon","coordinates":[[[17.0747,39.0823],[17.0798,39.0833],[17.0795,39.0846],[17.0747,39.0823]]]}},{"type":"Feature","properties":{"landuse":"farmland"},"geometry":{"type":"Polygon","coordinates":[[[17.074,39.0823],[17.0734,39.0816],[17.0752,39.0812],[17.074,39.0823]]]}},{"type":"Feature","properties":{"landuse":"orchard"},"geometry":{"type":"Polygon","coordinates":[[[17.0705,39.0843],[17.072,39.0821],[17.0734,39.0831],[17.0705,39.0843]]]}},{"type":"Feature","properties":{"landuse":"orchard"},"geometry":{"type":"Polygon","coordinates":[[[17.0685,39.0822],[17.0693,39.0787],[17.0713,39.0814],[17.0685,39.0822]]]}},{"type":"Feature","properties":{"landuse":"farmland"},"geometry":{"type":"Polygon","coordinates":[[[16.4067,39.4824],[16.4048,39.4849],[16.4048,39.4832],[16.4067,39.4824]]]}},{"type":"Feature","properties":{"landuse":"farmland"},"geometry":{"type":"Polygon","coordinates":[[[17.0888,39.0136],[17.09,39.0129],[17.0889,39.0146],[17.0888,39.0136]]]}},{"type":"Feature","properties":{"landuse":"farmland"},"geometry":{"type":"Polygon","coordinates":[[[17.0874,39.0165],[17.0884,39.0149],[17.0901,39.016],[17.0874,39.0165]]]}},{"type":"Feature","properties":{"landuse":"farmland"},"geometry":{"type":"Polygon","coordinates":[[[17.0981,39.02],[17.0946,39.0185],[17.0974,39.0186],[17.0981,39.02]]]}},{"type":"Feature","properties":{"landuse":"farmland"},"geometry":{"type":"Polygon","coordinates":[[[17.0951,39.0157],[17.0949,39.0144],[17.0964,39.0143],[17.0951,39.0157]]]}},{"type":"Feature","properties":{"landuse":"farmland"},"geometry":{"type":"Polygon","coordinates":[[[17.0522,39.009],[17.0585,39.0112],[17.0635,39.0068],[17.0668,39.0088],[17.0608,39.0131],[17.0493,39.0107],[17.0522,39.009]]]}},{"type":"Feature","properties":{"landuse":"farmland"},"geometry":{"type":"Polygon","coordinates":[[[17.0636,39.0121],[17.0672,39.009],[17.0676,39.0128],[17.0624,39.0137],[17.0636,39.0121]]]}},{"type":"Feature","properties":{"landuse":"farmland"},"geometry":{"type":"Polygon","coordinates":[[[17.07,39.01],[17.0723,39.0077],[17.0729,39.012],[17.0695,39.0125],[17.07,39.01]]]}},{"type":"Feature","properties":{"landuse":"farmland"},"geometry":{"type":"Polygon","coordinates":[[[17.0689,39.006],[17.0706,39.0078],[17.0665,39.0085],[17.0689,39.006]]]}},{"type":"Feature","properties":{"landuse":"farmland"},"geometry":{"type":"Polygon","coordinates":[[[17.0675,39.0024],[17.0704,39.0055],[17.067,39.0055],[17.0675,39.0024]]]}},{"type":"Feature","properties":{"landuse":"farmland"},"geometry":{"type":"Polygon","coordinates":[[[16.9921,39.1089],[16.9923,39.1052],[16.9935,39.1058],[16.9921,39.1089]]]}},{"type":"Feature","properties":{"landuse":"farmland"},"geometry":{"type":"Polygon","coordinates":[[[17.0059,39.1251],[16.9957,39.1267],[16.9968,39.1296],[16.9888,39.1336],[16.9807,39.1316],[16.9926,39.1283],[16.9931,39.1257],[16.9759,39.1312],[16.9804,39.1292],[16.9851,39.1163],[16.9804,39.1171],[16.98,39.1198],[16.9833,39.1178],[16.9795,39.1225],[16.9711,39.1241],[16.9712,39.127],[16.9758,39.1265],[16.9749,39.129],[16.9684,39.127],[16.9912,39.1103],[17.0059,39.1251]]]}},{"type":"Feature","properties":{"landuse":"orchard"},"geometry":{"type":"Polygon","coordinates":[[[16.9809,39.1094],[16.9816,39.108],[16.9834,39.1091],[16.9809,39.1094]]]}},{"type":"Feature","properties":{"landuse":"orchard"},"geometry":{"type":"Polygon","coordinates":[[[16.9923,39.1052],[16.994,39.1045],[16.9935,39.1058],[16.9923,39.1052]]]}},{"type":"Feature","properties":{"landuse":"orchard"},"geometry":{"type":"Polygon","coordinates":[[[16.9899,39.1096],[16.9885,39.1084],[16.9905,39.1087],[16.9899,39.1096]]]}},{"type":"Feature","properties":{"landuse":"orchard"},"geometry":{"type":"Polygon","coordinates":[[[16.9846,39.1077],[16.9863,39.107],[16.9875,39.1085],[16.9846,39.1077]]]}},{"type":"Feature","properties":{"landuse":"orchard"},"geometry":{"type":"Polygon","coordinates":[[[16.9906,39.1054],[16.9891,39.1082],[16.9885,39.1056],[16.9906,39.1054]]]}},{"type":"Feature","properties":{"landuse":"farmland"},"geometry":{"type":"Polygon","coordinates":[[[16.9858,39.1064],[16.9862,39.1034],[16.9894,39.1038],[16.9858,39.1064]]]}},{"type":"Feature","properties":{"landuse":"farmland"},"geometry":{"type":"Polygon","coordinates":[[[16.9915,39.1043],[16.9916,39.1052],[16.9894,39.1049],[16.9915,39.1043]]]}},{"type":"Feature","properties":{"landuse":"farmland"},"geometry":{"type":"Polygon","coordinates":[[[16.9899,39.1036],[16.9939,39.1026],[16.9932,39.104],[16.9899,39.1036]]]}},{"type":"Feature","properties":{"landuse":"farmland"},"geometry":{"type":"Polygon","coordinates":[[[17.0766,39.2193],[17.0753,39.2167],[17.0795,39.2162],[17.0901,39.2183],[17.0931,39.2252],[17.0766,39.2193]]]}},{"type":"Feature","properties":{"landuse":"vineyard"},"geometry":{"type":"Polygon","coordinates":[[[16.4022,39.4933],[16.4008,39.4924],[16.4019,39.4909],[16.4022,39.4933]]]}},{"type":"Feature","properties":{"landuse":"vineyard"},"geometry":{"type":"Polygon","coordinates":[[[16.3947,39.4924],[16.3933,39.4922],[16.3947,39.4914],[16.3947,39.4924]]]}},{"type":"Feature","properties":{"landuse":"farmland"},"geometry":{"type":"Polygon","coordinates":[[[16.4114,39.5014],[16.4097,39.5008],[16.4112,39.4988],[16.4114,39.5014]]]}},{"type":"Feature","properties":{"landuse":"farmland"},"geometry":{"type":"Polygon","coordinates":[[[16.4095,39.5024],[16.4096,39.5011],[16.4107,39.5031],[16.4095,39.5024]]]}},{"type":"Feature","properties":{"landuse":"farmland"},"geometry":{"type":"Polygon","coordinates":[[[16.4001,39.5005],[16.3996,39.4993],[16.4016,39.4999],[16.4001,39.5005]]]}},{"type":"Feature","properties":{"landuse":"farmland"},"geometry":{"type":"Polygon","coordinates":[[[16.3999,39.5012],[16.3988,39.5002],[16.4023,39.5],[16.3999,39.5012]]]}},{"type":"Feature","properties":{"landuse":"green_public_spaces"},"geometry":{"type":"Polygon","coordinates":[[[15.6595,38.1851],[15.6573,38.1843],[15.6588,38.1809],[15.661,38.1814],[15.6595,38.1851]]]}},{"type":"Feature","properties":{"landuse":"green_public_spaces"},"geometry":{"type":"Polygon","coordinates":[[[15.7906,39.8034],[15.7903,39.8014],[15.7912,39.8009],[15.7906,39.8034]]]}},{"type":"Feature","properties":{"landuse":"green_public_spaces"},"geometry":{"type":"Polygon","coordinates":[[[15.7928,39.7951],[15.7924,39.7917],[15.7934,39.7918],[15.7928,39.7951]]]}},{"type":"Feature","properties":{"landuse":"green_public_spaces"},"geometry":{"type":"Polygon","coordinates":[[[15.8221,39.6794],[15.8357,39.6819],[15.828,39.6821],[15.8221,39.6794]]]}},{"type":"Feature","properties":{"landuse":"farmland"},"geometry":{"type":"Polygon","coordinates":[[[16.3021,38.3116],[16.3024,38.3131],[16.3012,38.3129],[16.3021,38.3116]]]}},{"type":"Feature","properties":{"landuse":"orchard"},"geometry":{"type":"Polygon","coordinates":[[[16.3019,38.3148],[16.3033,38.3128],[16.3053,38.315],[16.3019,38.3148]]]}},{"type":"Feature","properties":{"landuse":"orchard"},"geometry":{"type":"Polygon","coordinates":[[[16.3081,38.3159],[16.3056,38.3133],[16.3088,38.3139],[16.3081,38.3159]]]}},{"type":"Feature","properties":{"landuse":"orchard"},"geometry":{"type":"Polygon","coordinates":[[[16.3057,38.3128],[16.3038,38.3122],[16.3067,38.3107],[16.3057,38.3128]]]}},{"type":"Feature","properties":{"landuse":"orchard"},"geometry":{"type":"Polygon","coordinates":[[[16.3089,38.3158],[16.3125,38.314],[16.3107,38.3168],[16.3089,38.3158]]]}},{"type":"Feature","properties":{"landuse":"orchard"},"geometry":{"type":"Polygon","coordinates":[[[16.3081,38.3111],[16.3097,38.312],[16.3082,38.3133],[16.3081,38.3111]]]}},{"type":"Feature","properties":{"landuse":"farmland"},"geometry":{"type":"Polygon","coordinates":[[[16.3091,38.3122],[16.3101,38.3127],[16.3089,38.3138],[16.3091,38.3122]]]}},{"type":"Feature","properties":{"landuse":"orchard"},"geometry":{"type":"Polygon","coordinates":[[[16.312,38.3174],[16.3109,38.3169],[16.3124,38.3161],[16.312,38.3174]]]}},{"type":"Feature","properties":{"landuse":"farmland"},"geometry":{"type":"Polygon","coordinates":[[[16.3124,38.3132],[16.3098,38.3089],[16.3126,38.3106],[16.3124,38.3132]]]}},{"type":"Feature","properties":{"landuse":"orchard"},"geometry":{"type":"Polygon","coordinates":[[[16.3127,38.3129],[16.3119,38.311],[16.3132,38.3114],[16.3127,38.3129]]]}},{"type":"Feature","properties":{"landuse":"orchard"},"geometry":{"type":"Polygon","coordinates":[[[16.3096,38.3116],[16.3101,38.3098],[16.3113,38.3101],[16.3096,38.3116]]]}},{"type":"Feature","properties":{"landuse":"orchard"},"geometry":{"type":"Polygon","coordinates":[[[16.3095,38.3102],[16.3077,38.3097],[16.3094,38.3088],[16.3095,38.3102]]]}},{"type":"Feature","properties":{"landuse":"farmland"},"geometry":{"type":"Polygon","coordinates":[[[16.3063,38.3087],[16.3063,38.3062],[16.3071,38.3069],[16.3063,38.3087]]]}},{"type":"Feature","properties":{"landuse":"orchard"},"geometry":{"type":"Polygon","coordinates":[[[16.3064,38.3095],[16.3066,38.306],[16.3104,38.3038],[16.3064,38.3095]]]}},{"type":"Feature","properties":{"landuse":"orchard"},"geometry":{"type":"Polygon","coordinates":[[[16.3153,38.309],[16.3149,38.3083],[16.3156,38.3074],[16.3153,38.309]]]}},{"type":"Feature","properties":{"landuse":"orchard"},"geometry":{"type":"Polygon","coordinates":[[[16.3114,38.3068],[16.3101,38.305],[16.3131,38.3057],[16.3114,38.3068]]]}},{"type":"Feature","properties":{"landuse":"orchard"},"geometry":{"type":"Polygon","coordinates":[[[16.3144,38.3124],[16.3166,38.3094],[16.3164,38.3105],[16.3144,38.3124]]]}},{"type":"Feature","properties":{"landuse":"orchard"},"geometry":{"type":"Polygon","coordinates":[[[16.315,38.3109],[16.3135,38.3101],[16.3158,38.3099],[16.315,38.3109]]]}},{"type":"Feature","properties":{"landuse":"farmland"},"geometry":{"type":"Polygon","coordinates":[[[16.3135,38.3101],[16.3122,38.3094],[16.3137,38.3087],[16.3135,38.3101]]]}},{"type":"Feature","properties":{"landuse":"orchard"},"geometry":{"type":"Polygon","coordinates":[[[16.3164,38.3049],[16.3166,38.3026],[16.3189,38.3056],[16.3164,38.3049]]]}},{"type":"Feature","properties":{"landuse":"orchard"},"geometry":{"type":"Polygon","coordinates":[[[16.3143,38.306],[16.3157,38.3045],[16.3157,38.3059],[16.3143,38.306]]]}},{"type":"Feature","properties":{"landuse":"orchard"},"geometry":{"type":"Polygon","coordinates":[[[16.3136,38.3048],[16.3115,38.3042],[16.318,38.3003],[16.3136,38.3048]]]}},{"type":"Feature","properties":{"landuse":"orchard"},"geometry":{"type":"Polygon","coordinates":[[[16.3194,38.3068],[16.3194,38.3055],[16.3211,38.3059],[16.3194,38.3068]]]}},{"type":"Feature","properties":{"landuse":"orchard"},"geometry":{"type":"Polygon","coordinates":[[[16.3178,38.3069],[16.3168,38.307],[16.3184,38.3058],[16.3178,38.3069]]]}},{"type":"Feature","properties":{"landuse":"orchard"},"geometry":{"type":"Polygon","coordinates":[[[16.3171,38.3091],[16.3191,38.3072],[16.3211,38.3067],[16.3171,38.3091]]]}},{"type":"Feature","properties":{"landuse":"orchard"},"geometry":{"type":"Polygon","coordinates":[[[16.3185,38.3006],[16.319,38.2998],[16.3215,38.2997],[16.3185,38.3006]]]}},{"type":"Feature","properties":{"landuse":"orchard"},"geometry":{"type":"Polygon","coordinates":[[[16.3229,38.2996],[16.3243,38.2972],[16.3254,38.2989],[16.3229,38.2996]]]}},{"type":"Feature","properties":{"landuse":"orchard"},"geometry":{"type":"Polygon","coordinates":[[[16.3234,38.3038],[16.3184,38.3026],[16.323,38.3007],[16.3234,38.3038]]]}},{"type":"Feature","properties":{"landuse":"orchard"},"geometry":{"type":"Polygon","coordinates":[[[16.324,38.3136],[16.3228,38.3097],[16.3247,38.3089],[16.324,38.3136]]]}},{"type":"Feature","properties":{"landuse":"orchard"},"geometry":{"type":"Polygon","coordinates":[[[16.3211,38.3088],[16.3223,38.3064],[16.3243,38.3062],[16.3211,38.3088]]]}},{"type":"Feature","properties":{"landuse":"orchard"},"geometry":{"type":"Polygon","coordinates":[[[16.3249,38.3003],[16.3247,38.3018],[16.3233,38.3006],[16.3249,38.3003]]]}},{"type":"Feature","properties":{"landuse":"orchard"},"geometry":{"type":"Polygon","coordinates":[[[16.3517,38.3063],[16.3532,38.31],[16.3509,38.3099],[16.3517,38.3063]]]}},{"type":"Feature","properties":{"landuse":"farmland"},"geometry":{"type":"Polygon","coordinates":[[[16.3489,38.3084],[16.3498,38.3064],[16.3512,38.3084],[16.3489,38.3084]]]}},{"type":"Feature","properties":{"landuse":"farmland"},"geometry":{"type":"Polygon","coordinates":[[[16.3479,38.3102],[16.3487,38.3085],[16.3499,38.31],[16.3479,38.3102]]]}},{"type":"Feature","properties":{"landuse":"farmland"},"geometry":{"type":"Polygon","coordinates":[[[16.3471,38.3083],[16.3451,38.3078],[16.3477,38.3066],[16.3471,38.3083]]]}},{"type":"Feature","properties":{"landuse":"orchard"},"geometry":{"type":"Polygon","coordinates":[[[16.3406,38.3119],[16.3421,38.3092],[16.343,38.3115],[16.3406,38.3119]]]}},{"type":"Feature","properties":{"landuse":"orchard"},"geometry":{"type":"Polygon","coordinates":[[[16.3466,38.3092],[16.3466,38.3083],[16.3477,38.3083],[16.3466,38.3092]]]}},{"type":"Feature","properties":{"landuse":"orchard"},"geometry":{"type":"Polygon","coordinates":[[[16.3431,38.3135],[16.3432,38.3169],[16.3405,38.3125],[16.3431,38.3135]]]}},{"type":"Feature","properties":{"landuse":"orchard"},"geometry":{"type":"Polygon","coordinates":[[[16.3482,38.3141],[16.3482,38.3107],[16.3515,38.3112],[16.3482,38.3141]]]}},{"type":"Feature","properties":{"landuse":"orchard"},"geometry":{"type":"Polygon","coordinates":[[[16.3436,38.316],[16.3453,38.3182],[16.3438,38.3191],[16.3436,38.316]]]}},{"type":"Feature","properties":{"landuse":"farmland"},"geometry":{"type":"Polygon","coordinates":[[[16.3474,38.3182],[16.344,38.3171],[16.347,38.3169],[16.3474,38.3182]]]}},{"type":"Feature","properties":{"landuse":"orchard"},"geometry":{"type":"Polygon","coordinates":[[[16.343,38.3181],[16.3441,38.3196],[16.3423,38.3183],[16.343,38.3181]]]}},{"type":"Feature","properties":{"landuse":"farmland"},"geometry":{"type":"Polygon","coordinates":[[[16.3437,38.3066],[16.3427,38.3049],[16.3444,38.3049],[16.3437,38.3066]]]}},{"type":"Feature","properties":{"landuse":"orchard"},"geometry":{"type":"Polygon","coordinates":[[[16.3206,38.3216],[16.3214,38.316],[16.3235,38.3181],[16.3206,38.3216]]]}},{"type":"Feature","properties":{"landuse":"orchard"},"geometry":{"type":"Polygon","coordinates":[[[16.3236,38.3151],[16.3241,38.3165],[16.3232,38.3177],[16.3236,38.3151]]]}},{"type":"Feature","properties":{"landuse":"orchard"},"geometry":{"type":"Polygon","coordinates":[[[16.3256,38.318],[16.3257,38.3127],[16.3285,38.3168],[16.3256,38.318]]]}},{"type":"Feature","properties":{"landuse":"orchard"},"geometry":{"type":"Polygon","coordinates":[[[16.3178,38.3099],[16.3212,38.3071],[16.3197,38.308],[16.3206,38.3089],[16.3178,38.3099]]]}},{"type":"Feature","properties":{"landuse":"orchard"},"geometry":{"type":"Polygon","coordinates":[[[16.3212,38.3138],[16.3154,38.3124],[16.3199,38.3093],[16.3203,38.3127],[16.3226,38.3094],[16.3237,38.3136],[16.3212,38.3138]]]}},{"type":"Feature","properties":{"landuse":"orchard"},"geometry":{"type":"Polygon","coordinates":[[[16.3236,38.3147],[16.3213,38.315],[16.3224,38.3141],[16.3236,38.3147]]]}},{"type":"Feature","properties":{"landuse":"orchard"},"geometry":{"type":"Polygon","coordinates":[[[16.3257,38.3181],[16.3286,38.317],[16.3293,38.3194],[16.3253,38.3216],[16.3287,38.3215],[16.3268,38.3257],[16.3217,38.3232],[16.3257,38.3181]]]}},{"type":"Feature","properties":{"landuse":"orchard"},"geometry":{"type":"Polygon","coordinates":[[[16.3227,38.3273],[16.3209,38.3252],[16.3265,38.3259],[16.3227,38.3273]]]}},{"type":"Feature","properties":{"landuse":"orchard"},"geometry":{"type":"Polygon","coordinates":[[[16.331,38.3238],[16.3293,38.3209],[16.3317,38.3209],[16.331,38.3238]]]}},{"type":"Feature","properties":{"landuse":"orchard"},"geometry":{"type":"Polygon","coordinates":[[[16.3366,38.3223],[16.335,38.3211],[16.3383,38.3191],[16.3366,38.3223]]]}},{"type":"Feature","properties":{"landuse":"orchard"},"geometry":{"type":"Polygon","coordinates":[[[16.334,38.3232],[16.3341,38.3204],[16.3375,38.3166],[16.334,38.3232]]]}},{"type":"Feature","properties":{"landuse":"farmland"},"geometry":{"type":"Polygon","coordinates":[[[16.3399,38.3204],[16.3397,38.319],[16.3414,38.3192],[16.3399,38.3204]]]}},{"type":"Feature","properties":{"landuse":"orchard"},"geometry":{"type":"Polygon","coordinates":[[[16.3381,38.3177],[16.3397,38.3174],[16.3414,38.3188],[16.3381,38.3177]]]}},{"type":"Feature","properties":{"landuse":"orchard"},"geometry":{"type":"Polygon","coordinates":[[[16.3388,38.3158],[16.3403,38.3153],[16.3417,38.3177],[16.3388,38.3158]]]}},{"type":"Feature","properties":{"landuse":"orchard"},"geometry":{"type":"Polygon","coordinates":[[[16.3389,38.3151],[16.3376,38.3142],[16.3401,38.3126],[16.3389,38.3151]]]}},{"type":"Feature","properties":{"landuse":"farmland"},"geometry":{"type":"Polygon","coordinates":[[[16.3388,38.3158],[16.3377,38.3159],[16.3402,38.3149],[16.3388,38.3158]]]}},{"type":"Feature","properties":{"landuse":"orchard"},"geometry":{"type":"Polygon","coordinates":[[[16.3375,38.3069],[16.3411,38.3079],[16.3387,38.3094],[16.3375,38.3069]]]}},{"type":"Feature","properties":{"landuse":"orchard"},"geometry":{"type":"Polygon","coordinates":[[[16.3386,38.3121],[16.3394,38.3099],[16.3414,38.3092],[16.3386,38.3121]]]}},{"type":"Feature","properties":{"landuse":"orchard"},"geometry":{"type":"Polygon","coordinates":[[[16.3371,38.3092],[16.339,38.3103],[16.3333,38.3124],[16.3312,38.3095],[16.3371,38.3092]]]}},{"type":"Feature","properties":{"landuse":"orchard"},"geometry":{"type":"Polygon","coordinates":[[[16.3281,38.3076],[16.3271,38.3067],[16.3302,38.3055],[16.3281,38.3076]]]}},{"type":"Feature","properties":{"landuse":"orchard"},"geometry":{"type":"Polygon","coordinates":[[[16.3288,38.311],[16.3279,38.3095],[16.3293,38.3087],[16.3288,38.311]]]}},{"type":"Feature","properties":{"landuse":"orchard"},"geometry":{"type":"Polygon","coordinates":[[[16.3288,38.3177],[16.328,38.3148],[16.3343,38.3146],[16.3288,38.3177]]]}},{"type":"Feature","properties":{"landuse":"orchard"},"geometry":{"type":"Polygon","coordinates":[[[16.3286,38.3145],[16.3297,38.3091],[16.3315,38.3105],[16.3286,38.3145]]]}},{"type":"Feature","properties":{"landuse":"farmland"},"geometry":{"type":"Polygon","coordinates":[[[16.3324,38.3149],[16.3346,38.315],[16.3325,38.3158],[16.3324,38.3149]]]}},{"type":"Feature","properties":{"landuse":"orchard"},"geometry":{"type":"Polygon","coordinates":[[[16.3292,38.3204],[16.3349,38.3157],[16.3358,38.3178],[16.3292,38.3204]]]}},{"type":"Feature","properties":{"landuse":"orchard"},"geometry":{"type":"Polygon","coordinates":[[[16.3362,38.3156],[16.3337,38.313],[16.3381,38.3127],[16.3362,38.3156]]]}},{"type":"Feature","properties":{"landuse":"orchard"},"geometry":{"type":"Polygon","coordinates":[[[16.328,38.3123],[16.3261,38.3121],[16.3268,38.3076],[16.328,38.3123]]]}},{"type":"Feature","properties":{"landuse":"farmland"},"geometry":{"type":"Polygon","coordinates":[[[16.3734,39.4825],[16.3727,39.4815],[16.3759,39.4816],[16.3734,39.4825]]]}},{"type":"Feature","properties":{"landuse":"orchard"},"geometry":{"type":"Polygon","coordinates":[[[16.683,39.496],[16.6837,39.4947],[16.6841,39.4961],[16.683,39.496]]]}},{"type":"Feature","properties":{"landuse":"orchard"},"geometry":{"type":"Polygon","coordinates":[[[16.301,39.7718],[16.3029,39.7696],[16.3031,39.7745],[16.301,39.7718]]]}},{"type":"Feature","properties":{"landuse":"orchard"},"geometry":{"type":"Polygon","coordinates":[[[16.3079,39.7786],[16.3086,39.7776],[16.312,39.7797],[16.3079,39.7786]]]}},{"type":"Feature","properties":{"landuse":"orchard"},"geometry":{"type":"Polygon","coordinates":[[[16.3526,39.7285],[16.3548,39.7269],[16.356,39.7294],[16.3526,39.7285]]]}},{"type":"Feature","properties":{"landuse":"orchard"},"geometry":{"type":"Polygon","coordinates":[[[16.3565,39.7309],[16.3604,39.7306],[16.3562,39.7329],[16.3565,39.7309]]]}},{"type":"Feature","properties":{"landuse":"orchard"},"geometry":{"type":"Polygon","coordinates":[[[16.7105,39.4995],[16.7115,39.5],[16.7109,39.5008],[16.7105,39.4995]]]}},{"type":"Feature","properties":{"landuse":"orchard"},"geometry":{"type":"Polygon","coordinates":[[[16.7132,39.5005],[16.7096,39.4961],[16.7141,39.4956],[16.7158,39.5007],[16.7132,39.5005]]]}},{"type":"Feature","properties":{"landuse":"orchard"},"geometry":{"type":"Polygon","coordinates":[[[16.7217,39.514],[16.7222,39.5129],[16.7238,39.5143],[16.7217,39.514]]]}},{"type":"Feature","properties":{"landuse":"orchard"},"geometry":{"type":"Polygon","coordinates":[[[16.7251,39.5145],[16.7235,39.5121],[16.7293,39.5112],[16.7244,39.5107],[16.7314,39.5092],[16.7251,39.5145]]]}},{"type":"Feature","properties":{"landuse":"farmland"},"geometry":{"type":"Polygon","coordinates":[[[16.7515,39.6193],[16.7552,39.6187],[16.7548,39.6205],[16.7515,39.6193]]]}},{"type":"Feature","properties":{"landuse":"green_public_spaces"},"geometry":{"type":"Polygon","coordinates":[[[16.7066,39.5059],[16.705,39.5044],[16.7071,39.5051],[16.7066,39.5059]]]}},{"type":"Feature","properties":{"landuse":"green_public_spaces"},"geometry":{"type":"Polygon","coordinates":[[[16.707,39.5081],[16.7151,39.5114],[16.7131,39.5126],[16.707,39.5081]]]}},{"type":"Feature","properties":{"landuse":"orchard"},"geometry":{"type":"Polygon","coordinates":[[[16.7174,39.5106],[16.7188,39.509],[16.7211,39.5117],[16.7174,39.5106]]]}},{"type":"Feature","properties":{"landuse":"orchard"},"geometry":{"type":"Polygon","coordinates":[[[16.7156,39.5116],[16.7171,39.5109],[16.717,39.5125],[16.7156,39.5116]]]}},{"type":"Feature","properties":{"landuse":"farmland"},"geometry":{"type":"Polygon","coordinates":[[[17.0825,39.1516],[17.0614,39.1685],[17.038,39.1689],[17.0428,39.1491],[17.053,39.1413],[17.0505,39.1435],[17.0619,39.1479],[17.0832,39.1488],[17.0825,39.1516]]]}},{"type":"Feature","properties":{"landuse":"green_public_spaces"},"geometry":{"type":"Polygon","coordinates":[[[16.5485,38.6844],[16.5504,38.6804],[16.5501,38.6826],[16.5485,38.6844]]]}},{"type":"Feature","properties":{"landuse":"green_public_spaces"},"geometry":{"type":"Polygon","coordinates":[[[16.5353,38.6965],[16.5379,38.6965],[16.5357,38.6995],[16.5353,38.6965]]]}},{"type":"Feature","properties":{"landuse":"green_public_spaces"},"geometry":{"type":"Polygon","coordinates":[[[16.547,38.6836],[16.5425,38.6867],[16.5433,38.6842],[16.547,38.6836]]]}},{"type":"Feature","properties":{"landuse":"farmland"},"geometry":{"type":"Polygon","coordinates":[[[16.5423,38.6865],[16.5452,38.6879],[16.5416,38.6883],[16.5423,38.6865]]]}},{"type":"Feature","properties":{"landuse":"farmland"},"geometry":{"type":"Polygon","coordinates":[[[16.5486,38.6835],[16.5441,38.6834],[16.5456,38.6785],[16.5486,38.6835]]]}},{"type":"Feature","properties":{"landuse":"orchard"},"geometry":{"type":"Polygon","coordinates":[[[16.5494,38.6823],[16.5466,38.6807],[16.5498,38.6786],[16.5494,38.6823]]]}},{"type":"Feature","properties":{"landuse":"orchard"},"geometry":{"type":"Polygon","coordinates":[[[16.5416,38.6883],[16.5456,38.6884],[16.5412,38.6893],[16.5416,38.6883]]]}},{"type":"Feature","properties":{"landuse":"orchard"},"geometry":{"type":"Polygon","coordinates":[[[16.5416,38.6862],[16.5409,38.6893],[16.5356,38.6894],[16.5416,38.6862]]]}},{"type":"Feature","properties":{"landuse":"orchard"},"geometry":{"type":"Polygon","coordinates":[[[16.5437,38.6895],[16.5447,38.6902],[16.544,38.6908],[16.5437,38.6895]]]}},{"type":"Feature","properties":{"landuse":"greenhouse_horticulture"},"geometry":{"type":"Polygon","coordinates":[[[16.526,38.6997],[16.5235,38.6988],[16.5249,38.6973],[16.526,38.6997]]]}},{"type":"Feature","properties":{"landuse":"orchard"},"geometry":{"type":"Polygon","coordinates":[[[16.4387,39.8035],[16.4409,39.8025],[16.4382,39.8048],[16.4387,39.8035]]]}},{"type":"Feature","properties":{"landuse":"farmland"},"geometry":{"type":"Polygon","coordinates":[[[16.4416,39.8035],[16.4389,39.8034],[16.4435,39.8014],[16.4416,39.8035]]]}},{"type":"Feature","properties":{"landuse":"green_public_spaces"},"geometry":{"type":"Polygon","coordinates":[[[16.5453,38.6863],[16.5464,38.6862],[16.5462,38.6878],[16.5453,38.6863]]]}},{"type":"Feature","properties":{"landuse":"green_public_spaces"},"geometry":{"type":"Polygon","coordinates":[[[16.5431,38.6931],[16.5454,38.6927],[16.5412,38.6968],[16.5431,38.6931]]]}},{"type":"Feature","properties":{"landuse":"farmland"},"geometry":{"type":"Polygon","coordinates":[[[15.8643,38.659],[15.8627,38.6597],[15.8632,38.6577],[15.8643,38.659]]]}},{"type":"Feature","properties":{"landuse":"orchard"},"geometry":{"type":"Polygon","coordinates":[[[16.3427,38.9358],[16.3433,38.9361],[16.3409,38.9384],[16.3427,38.9358]]]}},{"type":"Feature","properties":{"landuse":"orchard"},"geometry":{"type":"Polygon","coordinates":[[[16.351,38.9326],[16.3479,38.9369],[16.3482,38.9327],[16.351,38.9326]]]}},{"type":"Feature","properties":{"landuse":"orchard"},"geometry":{"type":"Polygon","coordinates":[[[16.3452,38.9336],[16.3479,38.9338],[16.3472,38.9366],[16.3452,38.9336]]]}},{"type":"Feature","properties":{"landuse":"orchard"},"geometry":{"type":"Polygon","coordinates":[[[16.3426,38.9368],[16.3445,38.9353],[16.3478,38.9375],[16.3426,38.9368]]]}},{"type":"Feature","properties":{"landuse":"orchard"},"geometry":{"type":"Polygon","coordinates":[[[16.3468,38.939],[16.3459,38.9406],[16.344,38.9406],[16.3468,38.939]]]}},{"type":"Feature","properties":{"landuse":"orchard"},"geometry":{"type":"Polygon","coordinates":[[[16.341,38.9445],[16.3475,38.9387],[16.3478,38.9437],[16.341,38.9445]]]}},{"type":"Feature","properties":{"landuse":"farmland"},"geometry":{"type":"Polygon","coordinates":[[[15.8768,38.4208],[15.8747,38.4172],[15.8785,38.4169],[15.8756,38.4142],[15.8802,38.4117],[15.8736,38.4064],[15.8759,38.4049],[15.8924,38.415],[15.8768,38.4208]]]}},{"type":"Feature","properties":{"landuse":"farmland"},"geometry":{"type":"Polygon","coordinates":[[[15.8903,38.4047],[15.9022,38.4007],[15.9077,38.4023],[15.9047,38.4095],[15.8924,38.415],[15.8903,38.4047]]]}},{"type":"Feature","properties":{"landuse":"farmland"},"geometry":{"type":"Polygon","coordinates":[[[15.8403,38.6191],[15.8406,38.62],[15.8381,38.6204],[15.8403,38.6191]]]}},{"type":"Feature","properties":{"landuse":"farmland"},"geometry":{"type":"Polygon","coordinates":[[[15.8449,38.6207],[15.8426,38.6225],[15.8433,38.6188],[15.8449,38.6207]]]}},{"type":"Feature","properties":{"landuse":"orchard"},"geometry":{"type":"Polygon","coordinates":[[[15.8616,38.6084],[15.8633,38.6081],[15.8621,38.6093],[15.8616,38.6084]]]}},{"type":"Feature","properties":{"landuse":"orchard"},"geometry":{"type":"Polygon","coordinates":[[[15.8662,38.6327],[15.8637,38.6341],[15.865,38.6313],[15.8662,38.6327]]]}},{"type":"Feature","properties":{"landuse":"farmland"},"geometry":{"type":"Polygon","coordinates":[[[15.8605,38.6496],[15.8582,38.6495],[15.8547,38.644],[15.8605,38.6496]]]}},{"type":"Feature","properties":{"landuse":"farmland"},"geometry":{"type":"Polygon","coordinates":[[[15.8407,38.6199],[15.8401,38.6188],[15.8419,38.6192],[15.8407,38.6199]]]}},{"type":"Feature","properties":{"landuse":"orchard"},"geometry":{"type":"Polygon","coordinates":[[[15.8698,38.6263],[15.874,38.6257],[15.8711,38.6272],[15.8698,38.6263]]]}},{"type":"Feature","properties":{"landuse":"orchard"},"geometry":{"type":"Polygon","coordinates":[[[15.868,38.6351],[15.8684,38.634],[15.8708,38.6352],[15.868,38.6351]]]}},{"type":"Feature","properties":{"landuse":"orchard"},"geometry":{"type":"Polygon","coordinates":[[[15.8656,38.6511],[15.8679,38.6516],[15.8656,38.6525],[15.8656,38.6511]]]}},{"type":"Feature","properties":{"landuse":"orchard"},"geometry":{"type":"Polygon","coordinates":[[[15.8621,38.6518],[15.8608,38.6527],[15.8612,38.6507],[15.8621,38.6518]]]}},{"type":"Feature","properties":{"landuse":"orchard"},"geometry":{"type":"Polygon","coordinates":[[[15.8382,38.634],[15.8364,38.6343],[15.838,38.6334],[15.8382,38.634]]]}},{"type":"Feature","properties":{"landuse":"orchard"},"geometry":{"type":"Polygon","coordinates":[[[15.8435,38.6318],[15.8418,38.6328],[15.8421,38.6316],[15.8435,38.6318]]]}},{"type":"Feature","properties":{"landuse":"orchard"},"geometry":{"type":"Polygon","coordinates":[[[15.8372,38.6306],[15.8385,38.6286],[15.8396,38.6307],[15.8372,38.6306]]]}},{"type":"Feature","properties":{"landuse":"orchard"},"geometry":{"type":"Polygon","coordinates":[[[16.2324,38.2267],[16.2359,38.2237],[16.237,38.2253],[16.2324,38.2267]]]}},{"type":"Feature","properties":{"landuse":"farmland"},"geometry":{"type":"Polygon","coordinates":[[[15.9694,38.6627],[15.969,38.6676],[15.9658,38.6681],[15.969,38.6606],[15.9751,38.6627],[15.9694,38.6627]]]}},{"type":"Feature","properties":{"landuse":"farmland"},"geometry":{"type":"Polygon","coordinates":[[[16.3513,39.3128],[16.3499,39.3142],[16.3485,39.313],[16.3513,39.3128]]]}},{"type":"Feature","properties":{"landuse":"farmland"},"geometry":{"type":"Polygon","coordinates":[[[16.3039,39.3186],[16.3028,39.3169],[16.3058,39.3166],[16.3039,39.3186]]]}},{"type":"Feature","properties":{"landuse":"farmland"},"geometry":{"type":"Polygon","coordinates":[[[16.3231,39.2876],[16.3201,39.2886],[16.3208,39.2867],[16.3231,39.2876]]]}},{"type":"Feature","properties":{"landuse":"farmland"},"geometry":{"type":"Polygon","coordinates":[[[16.318,39.2923],[16.3189,39.2929],[16.3174,39.2943],[16.318,39.2923]]]}},{"type":"Feature","properties":{"landuse":"farmland"},"geometry":{"type":"Polygon","coordinates":[[[16.3285,39.2906],[16.3308,39.2898],[16.3302,39.292],[16.3285,39.2906]]]}},{"type":"Feature","properties":{"landuse":"orchard"},"geometry":{"type":"Polygon","coordinates":[[[16.0977,38.6633],[16.0986,38.6623],[16.0997,38.663],[16.0977,38.6633]]]}},{"type":"Feature","properties":{"landuse":"orchard"},"geometry":{"type":"Polygon","coordinates":[[[16.0951,38.6647],[16.0971,38.6643],[16.0964,38.6653],[16.0951,38.6647]]]}},{"type":"Feature","properties":{"landuse":"orchard"},"geometry":{"type":"Polygon","coordinates":[[[16.0905,38.6616],[16.0968,38.6606],[16.0968,38.6632],[16.0905,38.6616]]]}},{"type":"Feature","properties":{"landuse":"orchard"},"geometry":{"type":"Polygon","coordinates":[[[16.1159,38.6677],[16.1094,38.6693],[16.1104,38.6661],[16.1159,38.6677]]]}},{"type":"Feature","properties":{"landuse":"orchard"},"geometry":{"type":"Polygon","coordinates":[[[16.1151,38.6543],[16.1179,38.6489],[16.1131,38.6458],[16.1202,38.6481],[16.1269,38.6461],[16.1233,38.6513],[16.1202,38.6484],[16.1208,38.6517],[16.1175,38.6508],[16.1151,38.6543]]]}},{"type":"Feature","properties":{"landuse":"orchard"},"geometry":{"type":"Polygon","coordinates":[[[16.1112,38.6548],[16.1107,38.6573],[16.1091,38.6528],[16.1142,38.6534],[16.1112,38.6548]]]}},{"type":"Feature","properties":{"landuse":"orchard"},"geometry":{"type":"Polygon","coordinates":[[[16.1612,38.6213],[16.1603,38.6223],[16.1599,38.6213],[16.1612,38.6213]]]}},{"type":"Feature","properties":{"landuse":"orchard"},"geometry":{"type":"Polygon","coordinates":[[[16.1683,38.6186],[16.1667,38.6195],[16.1656,38.6187],[16.1683,38.6186]]]}},{"type":"Feature","properties":{"landuse":"orchard"},"geometry":{"type":"Polygon","coordinates":[[[16.1685,38.6188],[16.1699,38.6185],[16.1665,38.6221],[16.1685,38.6188]]]}},{"type":"Feature","properties":{"landuse":"orchard"},"geometry":{"type":"Polygon","coordinates":[[[16.1639,38.6169],[16.1664,38.6152],[16.1665,38.6159],[16.1639,38.6169]]]}},{"type":"Feature","properties":{"landuse":"orchard"},"geometry":{"type":"Polygon","coordinates":[[[16.1389,38.6068],[16.1382,38.6066],[16.1414,38.6043],[16.1389,38.6068]]]}},{"type":"Feature","properties":{"landuse":"orchard"},"geometry":{"type":"Polygon","coordinates":[[[16.1388,38.6082],[16.1422,38.6069],[16.1395,38.6101],[16.1388,38.6082]]]}},{"type":"Feature","properties":{"landuse":"orchard"},"geometry":{"type":"Polygon","coordinates":[[[16.1437,38.6105],[16.1485,38.6119],[16.1399,38.6117],[16.1437,38.6105]]]}},{"type":"Feature","properties":{"landuse":"orchard"},"geometry":{"type":"Polygon","coordinates":[[[16.1454,38.6142],[16.1447,38.6158],[16.1422,38.6157],[16.1454,38.6142]]]}},{"type":"Feature","properties":{"landuse":"orchard"},"geometry":{"type":"Polygon","coordinates":[[[15.8901,38.6026],[15.8908,38.6034],[15.8898,38.6051],[15.8901,38.6026]]]}},{"type":"Feature","properties":{"landuse":"orchard"},"geometry":{"type":"Polygon","coordinates":[[[15.8825,38.6045],[15.8815,38.6061],[15.8809,38.6044],[15.8825,38.6045]]]}},{"type":"Feature","properties":{"landuse":"orchard"},"geometry":{"type":"Polygon","coordinates":[[[15.8835,38.6068],[15.8845,38.6067],[15.885,38.608],[15.8835,38.6068]]]}},{"type":"Feature","properties":{"landuse":"farmland"},"geometry":{"type":"Polygon","coordinates":[[[15.9058,38.6167],[15.9067,38.6191],[15.9053,38.6176],[15.9058,38.6167]]]}},{"type":"Feature","properties":{"landuse":"farmland"},"geometry":{"type":"Polygon","coordinates":[[[15.901,38.6089],[15.9002,38.6094],[15.8994,38.6085],[15.901,38.6089]]]}},{"type":"Feature","properties":{"landuse":"farmland"},"geometry":{"type":"Polygon","coordinates":[[[15.8827,38.6046],[15.8838,38.6042],[15.8839,38.6064],[15.8827,38.6046]]]}},{"type":"Feature","properties":{"landuse":"farmland"},"geometry":{"type":"Polygon","coordinates":[[[15.8916,38.6076],[15.8917,38.6102],[15.8898,38.609],[15.8916,38.6076]]]}},{"type":"Feature","properties":{"landuse":"orchard"},"geometry":{"type":"Polygon","coordinates":[[[15.893,38.6116],[15.8919,38.6131],[15.8908,38.6122],[15.893,38.6116]]]}},{"type":"Feature","properties":{"landuse":"farmland"},"geometry":{"type":"Polygon","coordinates":[[[15.8937,38.6118],[15.8958,38.6114],[15.8948,38.6129],[15.8937,38.6118]]]}},{"type":"Feature","properties":{"landuse":"farmland"},"geometry":{"type":"Polygon","coordinates":[[[15.8899,38.6096],[15.8919,38.6107],[15.889,38.61],[15.8899,38.6096]]]}},{"type":"Feature","properties":{"landuse":"farmland"},"geometry":{"type":"Polygon","coordinates":[[[15.8897,38.6091],[15.8885,38.6094],[15.8893,38.6078],[15.8897,38.6091]]]}},{"type":"Feature","properties":{"landuse":"farmland"},"geometry":{"type":"Polygon","coordinates":[[[15.9569,38.5887],[15.9585,38.5888],[15.9579,38.59],[15.9569,38.5887]]]}},{"type":"Feature","properties":{"landuse":"farmland"},"geometry":{"type":"Polygon","coordinates":[[[15.957,38.5885],[15.9559,38.5881],[15.9586,38.5877],[15.957,38.5885]]]}},{"type":"Feature","properties":{"landuse":"farmland"},"geometry":{"type":"Polygon","coordinates":[[[15.9596,38.5885],[15.9616,38.5894],[15.9582,38.5903],[15.9596,38.5885]]]}},{"type":"Feature","properties":{"landuse":"farmland"},"geometry":{"type":"Polygon","coordinates":[[[15.9739,38.5957],[15.9752,38.5942],[15.9753,38.5968],[15.9739,38.5957]]]}},{"type":"Feature","properties":{"landuse":"orchard"},"geometry":{"type":"Polygon","coordinates":[[[15.9254,38.5805],[15.9261,38.578],[15.9285,38.58],[15.9254,38.5805]]]}},{"type":"Feature","properties":{"landuse":"orchard"},"geometry":{"type":"Polygon","coordinates":[[[15.9171,38.5934],[15.9193,38.5934],[15.919,38.595],[15.9171,38.5934]]]}},{"type":"Feature","properties":{"landuse":"orchard"},"geometry":{"type":"Polygon","coordinates":[[[15.9241,38.5906],[15.9257,38.5925],[15.9236,38.5936],[15.9241,38.5906]]]}},{"type":"Feature","properties":{"landuse":"farmland"},"geometry":{"type":"Polygon","coordinates":[[[15.9839,38.61],[15.9835,38.608],[15.9848,38.6092],[15.9839,38.61]]]}},{"type":"Feature","properties":{"landuse":"farmland"},"geometry":{"type":"Polygon","coordinates":[[[16.0056,38.5912],[16.0031,38.5897],[16.0055,38.5886],[16.0056,38.5912]]]}},{"type":"Feature","properties":{"landuse":"farmland"},"geometry":{"type":"Polygon","coordinates":[[[16.0197,38.6056],[16.0236,38.5996],[16.0234,38.6036],[16.0197,38.6056]]]}},{"type":"Feature","properties":{"landuse":"orchard"},"geometry":{"type":"Polygon","coordinates":[[[15.8613,38.6354],[15.8618,38.6349],[15.8627,38.6359],[15.8613,38.6354]]]}},{"type":"Feature","properties":{"landuse":"orchard"},"geometry":{"type":"Polygon","coordinates":[[[15.9081,38.6554],[15.9029,38.6545],[15.9095,38.654],[15.9081,38.6554]]]}},{"type":"Feature","properties":{"landuse":"orchard"},"geometry":{"type":"Polygon","coordinates":[[[15.9955,38.7046],[15.9962,38.7033],[15.997,38.7045],[15.9955,38.7046]]]}},{"type":"Feature","properties":{"landuse":"farmland"},"geometry":{"type":"Polygon","coordinates":[[[15.9519,38.6684],[15.9538,38.6594],[15.9567,38.6597],[15.9565,38.6676],[15.9572,38.66],[15.9676,38.6593],[15.964,38.6661],[15.9591,38.6652],[15.9611,38.6717],[15.9564,38.6709],[15.9552,38.6754],[15.9519,38.6684]]]}},{"type":"Feature","properties":{"landuse":"farmland"},"geometry":{"type":"Polygon","coordinates":[[[16.377,39.4993],[16.377,39.4983],[16.378,39.4983],[16.377,39.4993]]]}},{"type":"Feature","properties":{"landuse":"vineyard"},"geometry":{"type":"Polygon","coordinates":[[[16.3806,39.5034],[16.3793,39.5027],[16.3811,39.5024],[16.3806,39.5034]]]}},{"type":"Feature","properties":{"landuse":"farmland"},"geometry":{"type":"Polygon","coordinates":[[[16.3802,39.5076],[16.3802,39.5091],[16.3789,39.5091],[16.3802,39.5076]]]}},{"type":"Feature","properties":{"landuse":"orchard"},"geometry":{"type":"Polygon","coordinates":[[[16.0361,38.7226],[16.0329,38.7214],[16.0342,38.7211],[16.0361,38.7226]]]}},{"type":"Feature","properties":{"landuse":"orchard"},"geometry":{"type":"Polygon","coordinates":[[[16.5085,39.6072],[16.5113,39.6079],[16.5072,39.6109],[16.5085,39.6072]]]}},{"type":"Feature","properties":{"landuse":"orchard"},"geometry":{"type":"Polygon","coordinates":[[[16.4977,39.585],[16.5041,39.5863],[16.4987,39.5871],[16.4977,39.585]]]}},{"type":"Feature","properties":{"landuse":"farmland"},"geometry":{"type":"Polygon","coordinates":[[[16.4958,39.5836],[16.4957,39.582],[16.4971,39.5822],[16.4958,39.5836]]]}},{"type":"Feature","properties":{"landuse":"orchard"},"geometry":{"type":"Polygon","coordinates":[[[16.1232,38.6415],[16.1252,38.6405],[16.1245,38.6419],[16.1232,38.6415]]]}},{"type":"Feature","properties":{"landuse":"orchard"},"geometry":{"type":"Polygon","coordinates":[[[15.885,38.6263],[15.8857,38.6278],[15.8843,38.6278],[15.885,38.6263]]]}},{"type":"Feature","properties":{"landuse":"orchard"},"geometry":{"type":"Polygon","coordinates":[[[15.8782,38.6287],[15.8769,38.6298],[15.8766,38.629],[15.8782,38.6287]]]}},{"type":"Feature","properties":{"landuse":"orchard"},"geometry":{"type":"Polygon","coordinates":[[[15.9113,38.5751],[15.9102,38.5758],[15.9114,38.5727],[15.9113,38.5751]]]}},{"type":"Feature","properties":{"landuse":"orchard"},"geometry":{"type":"Polygon","coordinates":[[[15.9035,38.5665],[15.9027,38.5658],[15.9052,38.5647],[15.9035,38.5665]]]}},{"type":"Feature","properties":{"landuse":"orchard"},"geometry":{"type":"Polygon","coordinates":[[[15.9114,38.5661],[15.9098,38.5686],[15.9097,38.5661],[15.9114,38.5661]]]}},{"type":"Feature","properties":{"landuse":"farmland"},"geometry":{"type":"Polygon","coordinates":[[[15.8549,38.6458],[15.8528,38.6463],[15.8524,38.6446],[15.8549,38.6458]]]}},{"type":"Feature","properties":{"landuse":"orchard"},"geometry":{"type":"Polygon","coordinates":[[[15.856,38.6479],[15.8532,38.6478],[15.8555,38.6458],[15.856,38.6479]]]}},{"type":"Feature","properties":{"landuse":"orchard"},"geometry":{"type":"Polygon","coordinates":[[[15.8558,38.6484],[15.8551,38.6493],[15.8533,38.6481],[15.8558,38.6484]]]}},{"type":"Feature","properties":{"landuse":"farmland"},"geometry":{"type":"Polygon","coordinates":[[[15.8607,38.6508],[15.8598,38.6517],[15.858,38.6501],[15.8607,38.6508]]]}},{"type":"Feature","properties":{"landuse":"orchard"},"geometry":{"type":"Polygon","coordinates":[[[15.8835,38.584],[15.8844,38.5845],[15.8833,38.5855],[15.8835,38.584]]]}},{"type":"Feature","properties":{"landuse":"orchard"},"geometry":{"type":"Polygon","coordinates":[[[15.8827,38.5871],[15.8866,38.5846],[15.8876,38.5864],[15.8827,38.5871]]]}},{"type":"Feature","properties":{"landuse":"orchard"},"geometry":{"type":"Polygon","coordinates":[[[15.8823,38.5873],[15.8816,38.5866],[15.8823,38.5853],[15.8823,38.5873]]]}},{"type":"Feature","properties":{"landuse":"orchard"},"geometry":{"type":"Polygon","coordinates":[[[15.8856,38.5833],[15.8885,38.5791],[15.8929,38.5808],[15.8856,38.5833]]]}},{"type":"Feature","properties":{"landuse":"orchard"},"geometry":{"type":"Polygon","coordinates":[[[15.8868,38.583],[15.8928,38.5823],[15.8886,38.5852],[15.8868,38.583]]]}},{"type":"Feature","properties":{"landuse":"orchard"},"geometry":{"type":"Polygon","coordinates":[[[15.8874,38.5925],[15.8884,38.5925],[15.888,38.5937],[15.8874,38.5925]]]}},{"type":"Feature","properties":{"landuse":"orchard"},"geometry":{"type":"Polygon","coordinates":[[[15.9683,38.6814],[15.9662,38.6796],[15.9688,38.6788],[15.9683,38.6814]]]}},{"type":"Feature","properties":{"landuse":"orchard"},"geometry":{"type":"Polygon","coordinates":[[[15.9593,38.678],[15.9567,38.679],[15.9577,38.6773],[15.9593,38.678]]]}},{"type":"Feature","properties":{"landuse":"orchard"},"geometry":{"type":"Polygon","coordinates":[[[15.9739,38.6863],[15.9688,38.6851],[15.9747,38.6847],[15.9739,38.6863]]]}},{"type":"Feature","properties":{"landuse":"orchard"},"geometry":{"type":"Polygon","coordinates":[[[15.9629,38.6918],[15.9643,38.6933],[15.9619,38.6929],[15.9629,38.6918]]]}},{"type":"Feature","properties":{"landuse":"orchard"},"geometry":{"type":"Polygon","coordinates":[[[15.9611,38.6854],[15.9615,38.6839],[15.9629,38.685],[15.9611,38.6854]]]}},{"type":"Feature","properties":{"landuse":"green_public_spaces"},"geometry":{"type":"Polygon","coordinates":[[[15.8278,39.6753],[15.829,39.6743],[15.8304,39.6766],[15.8278,39.6753]]]}},{"type":"Feature","properties":{"landuse":"farmland"},"geometry":{"type":"Polygon","coordinates":[[[16.2618,39.504],[16.2591,39.5019],[16.2616,39.5014],[16.2618,39.504]]]}},{"type":"Feature","properties":{"landuse":"farmland"},"geometry":{"type":"Polygon","coordinates":[[[16.2639,39.5021],[16.2618,39.501],[16.2656,39.5016],[16.2639,39.5021]]]}},{"type":"Feature","properties":{"landuse":"farmland"},"geometry":{"type":"Polygon","coordinates":[[[16.2642,39.5011],[16.2628,39.5007],[16.265,39.5009],[16.2642,39.5011]]]}},{"type":"Feature","properties":{"landuse":"farmland"},"geometry":{"type":"Polygon","coordinates":[[[16.2495,39.5055],[16.2497,39.5073],[16.2476,39.507],[16.2495,39.5055]]]}},{"type":"Feature","properties":{"landuse":"orchard"},"geometry":{"type":"Polygon","coordinates":[[[15.7648,37.9193],[15.7671,37.9196],[15.7646,37.9213],[15.7648,37.9193]]]}},{"type":"Feature","properties":{"landuse":"orchard"},"geometry":{"type":"Polygon","coordinates":[[[16.7622,39.6222],[16.7614,39.6222],[16.7611,39.6196],[16.7622,39.6222]]]}},{"type":"Feature","properties":{"landuse":"farmland"},"geometry":{"type":"Polygon","coordinates":[[[16.4278,39.3413],[16.4323,39.3411],[16.4338,39.3449],[16.4278,39.3413]]]}},{"type":"Feature","properties":{"landuse":"farmland"},"geometry":{"type":"Polygon","coordinates":[[[16.4358,39.3457],[16.4381,39.3456],[16.4373,39.3472],[16.4358,39.3457]]]}},{"type":"Feature","properties":{"landuse":"farmland"},"geometry":{"type":"Polygon","coordinates":[[[16.4385,39.3461],[16.4404,39.3471],[16.4396,39.3448],[16.4435,39.348],[16.4385,39.3461]]]}},{"type":"Feature","properties":{"landuse":"farmland"},"geometry":{"type":"Polygon","coordinates":[[[16.4691,39.3236],[16.464,39.3244],[16.4639,39.3219],[16.4683,39.32],[16.4691,39.3236]]]}},{"type":"Feature","properties":{"landuse":"farmland"},"geometry":{"type":"Polygon","coordinates":[[[16.4653,39.3253],[16.464,39.3248],[16.4652,39.3238],[16.4653,39.3253]]]}},{"type":"Feature","properties":{"landuse":"farmland"},"geometry":{"type":"Polygon","coordinates":[[[16.4633,39.3299],[16.4682,39.3271],[16.4681,39.3295],[16.4633,39.3299]]]}},{"type":"Feature","properties":{"landuse":"farmland"},"geometry":{"type":"Polygon","coordinates":[[[16.4413,39.3586],[16.4302,39.355],[16.4444,39.3578],[16.4413,39.3586]]]}},{"type":"Feature","properties":{"landuse":"farmland"},"geometry":{"type":"Polygon","coordinates":[[[16.4388,39.3564],[16.4396,39.3553],[16.4426,39.3565],[16.4388,39.3564]]]}},{"type":"Feature","properties":{"landuse":"farmland"},"geometry":{"type":"Polygon","coordinates":[[[16.4391,39.3548],[16.4382,39.3564],[16.4341,39.3547],[16.4391,39.3548]]]}},{"type":"Feature","properties":{"landuse":"farmland"},"geometry":{"type":"Polygon","coordinates":[[[16.434,39.3546],[16.4322,39.3538],[16.4346,39.3535],[16.434,39.3546]]]}},{"type":"Feature","properties":{"landuse":"farmland"},"geometry":{"type":"Polygon","coordinates":[[[16.4347,39.3534],[16.43,39.3522],[16.4337,39.3511],[16.4347,39.3534]]]}},{"type":"Feature","properties":{"landuse":"farmland"},"geometry":{"type":"Polygon","coordinates":[[[16.4604,39.3442],[16.4589,39.3435],[16.4598,39.3425],[16.4604,39.3442]]]}},{"type":"Feature","properties":{"landuse":"farmland"},"geometry":{"type":"Polygon","coordinates":[[[16.4574,39.3406],[16.4588,39.3391],[16.4597,39.3408],[16.4574,39.3406]]]}},{"type":"Feature","properties":{"landuse":"farmland"},"geometry":{"type":"Polygon","coordinates":[[[16.454,39.3417],[16.4514,39.3407],[16.4525,39.3403],[16.454,39.3417]]]}},{"type":"Feature","properties":{"landuse":"farmland"},"geometry":{"type":"Polygon","coordinates":[[[16.4681,39.3411],[16.469,39.3397],[16.4699,39.3405],[16.4681,39.3411]]]}},{"type":"Feature","properties":{"landuse":"farmland"},"geometry":{"type":"Polygon","coordinates":[[[16.4686,39.3376],[16.4669,39.3369],[16.4689,39.3363],[16.4686,39.3376]]]}},{"type":"Feature","properties":{"landuse":"farmland"},"geometry":{"type":"Polygon","coordinates":[[[16.4674,39.3378],[16.4686,39.3376],[16.4678,39.3392],[16.4674,39.3378]]]}},{"type":"Feature","properties":{"landuse":"farmland"},"geometry":{"type":"Polygon","coordinates":[[[16.4667,39.3384],[16.466,39.3372],[16.4678,39.3374],[16.4667,39.3384]]]}},{"type":"Feature","properties":{"landuse":"farmland"},"geometry":{"type":"Polygon","coordinates":[[[16.4654,39.3357],[16.4672,39.3361],[16.4659,39.3382],[16.4654,39.3357]]]}},{"type":"Feature","properties":{"landuse":"farmland"},"geometry":{"type":"Polygon","coordinates":[[[16.4686,39.3436],[16.4688,39.3424],[16.4702,39.342],[16.4686,39.3436]]]}},{"type":"Feature","properties":{"landuse":"farmland"},"geometry":{"type":"Polygon","coordinates":[[[16.464,39.3396],[16.46,39.3421],[16.4575,39.3412],[16.464,39.3396]]]}},{"type":"Feature","properties":{"landuse":"farmland"},"geometry":{"type":"Polygon","coordinates":[[[16.4597,39.3408],[16.4592,39.3389],[16.4604,39.3402],[16.4597,39.3408]]]}},{"type":"Feature","properties":{"landuse":"farmland"},"geometry":{"type":"Polygon","coordinates":[[[16.4653,39.3398],[16.4612,39.3398],[16.4626,39.3387],[16.4653,39.3398]]]}},{"type":"Feature","properties":{"landuse":"farmland"},"geometry":{"type":"Polygon","coordinates":[[[16.466,39.3436],[16.465,39.3418],[16.4666,39.341],[16.466,39.3436]]]}},{"type":"Feature","properties":{"landuse":"farmland"},"geometry":{"type":"Polygon","coordinates":[[[16.4581,39.3456],[16.4561,39.3455],[16.4572,39.344],[16.4581,39.3456]]]}},{"type":"Feature","properties":{"landuse":"farmland"},"geometry":{"type":"Polygon","coordinates":[[[16.4649,39.344],[16.4652,39.3426],[16.466,39.3436],[16.4649,39.344]]]}},{"type":"Feature","properties":{"landuse":"farmland"},"geometry":{"type":"Polygon","coordinates":[[[16.4612,39.3442],[16.4616,39.3434],[16.4637,39.344],[16.4612,39.3442]]]}},{"type":"Feature","properties":{"landuse":"farmland"},"geometry":{"type":"Polygon","coordinates":[[[16.4625,39.3428],[16.4644,39.342],[16.465,39.3435],[16.4625,39.3428]]]}},{"type":"Feature","properties":{"landuse":"farmland"},"geometry":{"type":"Polygon","coordinates":[[[16.4629,39.3415],[16.4649,39.3399],[16.4648,39.3416],[16.4629,39.3415]]]}},{"type":"Feature","properties":{"landuse":"farmland"},"geometry":{"type":"Polygon","coordinates":[[[16.4626,39.3426],[16.4627,39.3415],[16.4642,39.3419],[16.4626,39.3426]]]}},{"type":"Feature","properties":{"landuse":"farmland"},"geometry":{"type":"Polygon","coordinates":[[[16.4603,39.3426],[16.4614,39.3421],[16.4625,39.3428],[16.4603,39.3426]]]}},{"type":"Feature","properties":{"landuse":"farmland"},"geometry":{"type":"Polygon","coordinates":[[[16.4476,39.3539],[16.4536,39.3524],[16.4632,39.3574],[16.4476,39.3539]]]}},{"type":"Feature","properties":{"landuse":"farmland"},"geometry":{"type":"Polygon","coordinates":[[[16.4485,39.3525],[16.4491,39.3514],[16.4524,39.3524],[16.4485,39.3525]]]}},{"type":"Feature","properties":{"landuse":"farmland"},"geometry":{"type":"Polygon","coordinates":[[[16.4545,39.3526],[16.4511,39.3518],[16.4525,39.3511],[16.4545,39.3526]]]}},{"type":"Feature","properties":{"landuse":"farmland"},"geometry":{"type":"Polygon","coordinates":[[[16.4374,39.3435],[16.4389,39.3425],[16.4386,39.344],[16.4374,39.3435]]]}},{"type":"Feature","properties":{"landuse":"farmland"},"geometry":{"type":"Polygon","coordinates":[[[16.452,39.3506],[16.4506,39.3515],[16.4503,39.3494],[16.452,39.3506]]]}},{"type":"Feature","properties":{"landuse":"farmland"},"geometry":{"type":"Polygon","coordinates":[[[16.4561,39.3492],[16.4534,39.3495],[16.4548,39.3483],[16.4561,39.3492]]]}},{"type":"Feature","properties":{"landuse":"farmland"},"geometry":{"type":"Polygon","coordinates":[[[16.4505,39.3481],[16.4505,39.3467],[16.4515,39.3479],[16.4505,39.3481]]]}},{"type":"Feature","properties":{"landuse":"farmland"},"geometry":{"type":"Polygon","coordinates":[[[16.4504,39.3493],[16.4524,39.348],[16.4523,39.3492],[16.4504,39.3493]]]}},{"type":"Feature","properties":{"landuse":"farmland"},"geometry":{"type":"Polygon","coordinates":[[[16.4527,39.3488],[16.4553,39.3463],[16.4564,39.3477],[16.4527,39.3488]]]}},{"type":"Feature","properties":{"landuse":"farmland"},"geometry":{"type":"Polygon","coordinates":[[[16.4859,39.3627],[16.4838,39.3622],[16.4864,39.3616],[16.4859,39.3627]]]}},{"type":"Feature","properties":{"landuse":"farmland"},"geometry":{"type":"Polygon","coordinates":[[[16.4864,39.3622],[16.4901,39.364],[16.4881,39.3651],[16.4864,39.3622]]]}},{"type":"Feature","properties":{"landuse":"farmland"},"geometry":{"type":"Polygon","coordinates":[[[16.475,39.3614],[16.4722,39.36],[16.4738,39.3575],[16.475,39.3614]]]}},{"type":"Feature","properties":{"landuse":"farmland"},"geometry":{"type":"Polygon","coordinates":[[[16.4756,39.3629],[16.4733,39.3614],[16.4763,39.3626],[16.4756,39.3629]]]}},{"type":"Feature","properties":{"landuse":"farmland"},"geometry":{"type":"Polygon","coordinates":[[[16.4785,39.3634],[16.4776,39.3618],[16.4799,39.3618],[16.4785,39.3634]]]}},{"type":"Feature","properties":{"landuse":"farmland"},"geometry":{"type":"Polygon","coordinates":[[[16.4776,39.3618],[16.476,39.361],[16.4785,39.3613],[16.4776,39.3618]]]}},{"type":"Feature","properties":{"landuse":"farmland"},"geometry":{"type":"Polygon","coordinates":[[[16.4767,39.3632],[16.4754,39.3616],[16.4782,39.3629],[16.4767,39.3632]]]}},{"type":"Feature","properties":{"landuse":"farmland"},"geometry":{"type":"Polygon","coordinates":[[[16.472,39.3572],[16.4738,39.3574],[16.4729,39.359],[16.472,39.3572]]]}},{"type":"Feature","properties":{"landuse":"farmland"},"geometry":{"type":"Polygon","coordinates":[[[16.4757,39.3592],[16.476,39.356],[16.4772,39.3583],[16.4757,39.3592]]]}},{"type":"Feature","properties":{"landuse":"farmland"},"geometry":{"type":"Polygon","coordinates":[[[16.47,39.3545],[16.4724,39.354],[16.4727,39.3549],[16.47,39.3545]]]}},{"type":"Feature","properties":{"landuse":"farmland"},"geometry":{"type":"Polygon","coordinates":[[[16.465,39.3549],[16.4669,39.352],[16.4698,39.3531],[16.465,39.3549]]]}},{"type":"Feature","properties":{"landuse":"farmland"},"geometry":{"type":"Polygon","coordinates":[[[16.4609,39.3543],[16.4663,39.3554],[16.4659,39.3558],[16.4609,39.3543]]]}},{"type":"Feature","properties":{"landuse":"farmland"},"geometry":{"type":"Polygon","coordinates":[[[16.4611,39.3538],[16.4662,39.3521],[16.4649,39.3548],[16.4611,39.3538]]]}},{"type":"Feature","properties":{"landuse":"farmland"},"geometry":{"type":"Polygon","coordinates":[[[16.4584,39.3535],[16.4593,39.3495],[16.4621,39.3498],[16.4609,39.3543],[16.4584,39.3535]]]}},{"type":"Feature","properties":{"landuse":"farmland"},"geometry":{"type":"Polygon","coordinates":[[[16.4538,39.3508],[16.4576,39.3483],[16.4583,39.3535],[16.4538,39.3508]]]}},{"type":"Feature","properties":{"landuse":"farmland"},"geometry":{"type":"Polygon","coordinates":[[[16.4757,39.3558],[16.4731,39.3554],[16.4738,39.3538],[16.4757,39.3558]]]}},{"type":"Feature","properties":{"landuse":"farmland"},"geometry":{"type":"Polygon","coordinates":[[[16.4746,39.3584],[16.4731,39.3554],[16.4757,39.3559],[16.4746,39.3584]]]}},{"type":"Feature","properties":{"landuse":"farmland"},"geometry":{"type":"Polygon","coordinates":[[[16.472,39.3572],[16.4719,39.3555],[16.4738,39.3574],[16.472,39.3572]]]}},{"type":"Feature","properties":{"landuse":"farmland"},"geometry":{"type":"Polygon","coordinates":[[[16.4685,39.3606],[16.4696,39.3576],[16.4695,39.3595],[16.4685,39.3606]]]}},{"type":"Feature","properties":{"landuse":"farmland"},"geometry":{"type":"Polygon","coordinates":[[[16.45,39.3562],[16.4501,39.3557],[16.4604,39.3581],[16.4602,39.3586],[16.45,39.3562]]]}},{"type":"Feature","properties":{"landuse":"farmland"},"geometry":{"type":"Polygon","coordinates":[[[16.4619,39.3615],[16.4625,39.3598],[16.468,39.3618],[16.4619,39.3615]]]}},{"type":"Feature","properties":{"landuse":"farmland"},"geometry":{"type":"Polygon","coordinates":[[[16.4586,39.3602],[16.4624,39.3597],[16.4618,39.3614],[16.4586,39.3602]]]}},{"type":"Feature","properties":{"landuse":"farmland"},"geometry":{"type":"Polygon","coordinates":[[[16.4591,39.3589],[16.4551,39.3597],[16.4558,39.3581],[16.4591,39.3589]]]}},{"type":"Feature","properties":{"landuse":"farmland"},"geometry":{"type":"Polygon","coordinates":[[[16.4599,39.3591],[16.4559,39.3582],[16.4601,39.3586],[16.4599,39.3591]]]}},{"type":"Feature","properties":{"landuse":"farmland"},"geometry":{"type":"Polygon","coordinates":[[[16.46,39.3591],[16.4641,39.3595],[16.4657,39.3605],[16.46,39.3591]]]}},{"type":"Feature","properties":{"landuse":"farmland"},"geometry":{"type":"Polygon","coordinates":[[[16.4624,39.3585],[16.4476,39.3551],[16.4575,39.3562],[16.4624,39.3585]]]}},{"type":"Feature","properties":{"landuse":"farmland"},"geometry":{"type":"Polygon","coordinates":[[[16.466,39.3594],[16.46,39.3567],[16.4632,39.3575],[16.466,39.3594]]]}},{"type":"Feature","properties":{"landuse":"farmland"},"geometry":{"type":"Polygon","coordinates":[[[16.4608,39.3545],[16.4686,39.357],[16.4684,39.3607],[16.4608,39.3545]]]}},{"type":"Feature","properties":{"landuse":"farmland"},"geometry":{"type":"Polygon","coordinates":[[[16.4846,39.3595],[16.4853,39.3581],[16.4858,39.3602],[16.4846,39.3595]]]}},{"type":"Feature","properties":{"landuse":"farmland"},"geometry":{"type":"Polygon","coordinates":[[[16.4851,39.3575],[16.487,39.3566],[16.4862,39.3584],[16.4851,39.3575]]]}},{"type":"Feature","properties":{"landuse":"farmland"},"geometry":{"type":"Polygon","coordinates":[[[16.4836,39.3563],[16.4865,39.3563],[16.4846,39.3576],[16.4836,39.3563]]]}},{"type":"Feature","properties":{"landuse":"farmland"},"geometry":{"type":"Polygon","coordinates":[[[16.4834,39.356],[16.4857,39.3553],[16.4865,39.3563],[16.4834,39.356]]]}},{"type":"Feature","properties":{"landuse":"farmland"},"geometry":{"type":"Polygon","coordinates":[[[16.4818,39.3563],[16.4831,39.3542],[16.4846,39.3593],[16.4818,39.3563]]]}},{"type":"Feature","properties":{"landuse":"farmland"},"geometry":{"type":"Polygon","coordinates":[[[16.4797,39.3553],[16.4831,39.358],[16.4827,39.36],[16.4797,39.3553]]]}},{"type":"Feature","properties":{"landuse":"farmland"},"geometry":{"type":"Polygon","coordinates":[[[16.4796,39.3552],[16.4825,39.3551],[16.4818,39.3563],[16.4796,39.3552]]]}},{"type":"Feature","properties":{"landuse":"farmland"},"geometry":{"type":"Polygon","coordinates":[[[16.4762,39.3523],[16.4847,39.3532],[16.4796,39.3552],[16.4762,39.3523]]]}},{"type":"Feature","properties":{"landuse":"farmland"},"geometry":{"type":"Polygon","coordinates":[[[16.4734,39.3502],[16.4754,39.3499],[16.476,39.352],[16.4734,39.3502]]]}},{"type":"Feature","properties":{"landuse":"farmland"},"geometry":{"type":"Polygon","coordinates":[[[16.4722,39.3499],[16.4737,39.3481],[16.4752,39.3495],[16.4722,39.3499]]]}},{"type":"Feature","properties":{"landuse":"farmland"},"geometry":{"type":"Polygon","coordinates":[[[16.4715,39.3494],[16.4709,39.3482],[16.4726,39.3473],[16.4715,39.3494]]]}},{"type":"Feature","properties":{"landuse":"farmland"},"geometry":{"type":"Polygon","coordinates":[[[16.4771,39.3593],[16.477,39.3579],[16.4794,39.3569],[16.4771,39.3593]]]}},{"type":"Feature","properties":{"landuse":"farmland"},"geometry":{"type":"Polygon","coordinates":[[[16.4761,39.3556],[16.4777,39.3544],[16.4798,39.3566],[16.4761,39.3556]]]}},{"type":"Feature","properties":{"landuse":"farmland"},"geometry":{"type":"Polygon","coordinates":[[[16.4725,39.3537],[16.4723,39.3515],[16.4731,39.3537],[16.4725,39.3537]]]}},{"type":"Feature","properties":{"landuse":"farmland"},"geometry":{"type":"Polygon","coordinates":[[[16.455,39.3597],[16.4494,39.3594],[16.4459,39.3572],[16.455,39.3597]]]}},{"type":"Feature","properties":{"landuse":"farmland"},"geometry":{"type":"Polygon","coordinates":[[[16.4508,39.3569],[16.4509,39.3565],[16.456,39.3577],[16.4558,39.3581],[16.4508,39.3569]]]}},{"type":"Feature","properties":{"landuse":"farmland"},"geometry":{"type":"Polygon","coordinates":[[[16.4485,39.3564],[16.4487,39.3559],[16.4508,39.3564],[16.4507,39.3569],[16.4485,39.3564]]]}},{"type":"Feature","properties":{"landuse":"farmland"},"geometry":{"type":"Polygon","coordinates":[[[16.446,39.3566],[16.4557,39.3581],[16.4552,39.3593],[16.446,39.3566]]]}},{"type":"Feature","properties":{"landuse":"farmland"},"geometry":{"type":"Polygon","coordinates":[[[16.4646,39.3496],[16.4609,39.3486],[16.4658,39.3493],[16.4646,39.3496]]]}},{"type":"Feature","properties":{"landuse":"farmland"},"geometry":{"type":"Polygon","coordinates":[[[16.428,39.3438],[16.4278,39.3432],[16.43,39.3431],[16.428,39.3438]]]}},{"type":"Feature","properties":{"landuse":"farmland"},"geometry":{"type":"Polygon","coordinates":[[[16.4332,39.3423],[16.434,39.3414],[16.4361,39.3426],[16.4332,39.3423]]]}},{"type":"Feature","properties":{"landuse":"farmland"},"geometry":{"type":"Polygon","coordinates":[[[16.4384,39.3457],[16.4343,39.3442],[16.4355,39.3431],[16.4384,39.3457]]]}},{"type":"Feature","properties":{"landuse":"farmland"},"geometry":{"type":"Polygon","coordinates":[[[16.4459,39.3478],[16.4447,39.3475],[16.4456,39.3464],[16.4459,39.3478]]]}},{"type":"Feature","properties":{"landuse":"farmland"},"geometry":{"type":"Polygon","coordinates":[[[16.4594,39.3641],[16.4611,39.3614],[16.4648,39.3617],[16.4594,39.3641]]]}},{"type":"Feature","properties":{"landuse":"farmland"},"geometry":{"type":"Polygon","coordinates":[[[16.4565,39.3632],[16.4599,39.3624],[16.4594,39.3641],[16.4565,39.3632]]]}},{"type":"Feature","properties":{"landuse":"farmland"},"geometry":{"type":"Polygon","coordinates":[[[16.458,39.3605],[16.4611,39.3613],[16.4576,39.3613],[16.458,39.3605]]]}},{"type":"Feature","properties":{"landuse":"farmland"},"geometry":{"type":"Polygon","coordinates":[[[16.4532,39.3622],[16.4579,39.3605],[16.4564,39.3632],[16.4532,39.3622]]]}},{"type":"Feature","properties":{"landuse":"farmland"},"geometry":{"type":"Polygon","coordinates":[[[16.4494,39.3609],[16.4544,39.3596],[16.4532,39.3622],[16.4494,39.3609]]]}},{"type":"Feature","properties":{"landuse":"farmland"},"geometry":{"type":"Polygon","coordinates":[[[16.4466,39.3598],[16.4498,39.3597],[16.4493,39.3609],[16.4466,39.3598]]]}},{"type":"Feature","properties":{"landuse":"farmland"},"geometry":{"type":"Polygon","coordinates":[[[16.444,39.3587],[16.4465,39.358],[16.4465,39.3598],[16.444,39.3587]]]}},{"type":"Feature","properties":{"landuse":"farmland"},"geometry":{"type":"Polygon","coordinates":[[[16.4646,39.3464],[16.4649,39.3452],[16.467,39.345],[16.4646,39.3464]]]}},{"type":"Feature","properties":{"landuse":"farmland"},"geometry":{"type":"Polygon","coordinates":[[[16.458,39.3487],[16.4612,39.3467],[16.4625,39.3496],[16.458,39.3487]]]}},{"type":"Feature","properties":{"landuse":"farmland"},"geometry":{"type":"Polygon","coordinates":[[[16.4721,39.3445],[16.4746,39.3444],[16.4742,39.3453],[16.4721,39.3445]]]}},{"type":"Feature","properties":{"landuse":"farmland"},"geometry":{"type":"Polygon","coordinates":[[[16.4743,39.3439],[16.4736,39.3421],[16.4748,39.3423],[16.4743,39.3439]]]}},{"type":"Feature","properties":{"landuse":"farmland"},"geometry":{"type":"Polygon","coordinates":[[[16.475,39.3372],[16.4764,39.3361],[16.4769,39.3372],[16.475,39.3372]]]}},{"type":"Feature","properties":{"landuse":"farmland"},"geometry":{"type":"Polygon","coordinates":[[[16.4718,39.3403],[16.4709,39.3385],[16.4749,39.3408],[16.4718,39.3403]]]}},{"type":"Feature","properties":{"landuse":"farmland"},"geometry":{"type":"Polygon","coordinates":[[[16.4897,39.3634],[16.4917,39.361],[16.4919,39.3648],[16.4897,39.3634]]]}},{"type":"Feature","properties":{"landuse":"farmland"},"geometry":{"type":"Polygon","coordinates":[[[16.4866,39.3586],[16.4874,39.3568],[16.4889,39.3581],[16.4866,39.3586]]]}},{"type":"Feature","properties":{"landuse":"farmland"},"geometry":{"type":"Polygon","coordinates":[[[16.489,39.3613],[16.489,39.3582],[16.4916,39.3592],[16.489,39.3613]]]}},{"type":"Feature","properties":{"landuse":"farmland"},"geometry":{"type":"Polygon","coordinates":[[[16.486,39.3611],[16.4866,39.3587],[16.4897,39.3601],[16.486,39.3611]]]}},{"type":"Feature","properties":{"landuse":"farmland"},"geometry":{"type":"Polygon","coordinates":[[[16.4815,39.3651],[16.4822,39.3631],[16.4836,39.3657],[16.4815,39.3651]]]}},{"type":"Feature","properties":{"landuse":"farmland"},"geometry":{"type":"Polygon","coordinates":[[[16.4725,39.3643],[16.4692,39.3645],[16.4702,39.3637],[16.4688,39.3636],[16.4725,39.3643]]]}},{"type":"Feature","properties":{"landuse":"farmland"},"geometry":{"type":"Polygon","coordinates":[[[16.4664,39.3635],[16.4683,39.362],[16.4687,39.363],[16.4664,39.3635]]]}},{"type":"Feature","properties":{"landuse":"farmland"},"geometry":{"type":"Polygon","coordinates":[[[16.4626,39.3661],[16.4588,39.3644],[16.4682,39.364],[16.4626,39.3661]]]}},{"type":"Feature","properties":{"landuse":"farmland"},"geometry":{"type":"Polygon","coordinates":[[[16.4763,39.3697],[16.4771,39.3671],[16.4811,39.3669],[16.4763,39.3697]]]}},{"type":"Feature","properties":{"landuse":"farmland"},"geometry":{"type":"Polygon","coordinates":[[[16.4716,39.3667],[16.4705,39.365],[16.4783,39.366],[16.4716,39.3667]]]}},{"type":"Feature","properties":{"landuse":"farmland"},"geometry":{"type":"Polygon","coordinates":[[[16.4712,39.3695],[16.4717,39.3668],[16.477,39.3671],[16.4762,39.3696],[16.4712,39.3695]]]}},{"type":"Feature","properties":{"landuse":"farmland"},"geometry":{"type":"Polygon","coordinates":[[[16.473,39.3706],[16.4711,39.3703],[16.4744,39.3697],[16.473,39.3706]]]}},{"type":"Feature","properties":{"landuse":"farmland"},"geometry":{"type":"Polygon","coordinates":[[[16.4755,39.3773],[16.4705,39.3771],[16.4709,39.3767],[16.4755,39.3773]]]}},{"type":"Feature","properties":{"landuse":"farmland"},"geometry":{"type":"Polygon","coordinates":[[[16.4737,39.3769],[16.4736,39.374],[16.4757,39.3746],[16.4737,39.3769]]]}},{"type":"Feature","properties":{"landuse":"farmland"},"geometry":{"type":"Polygon","coordinates":[[[16.4709,39.3765],[16.4706,39.3737],[16.4735,39.3739],[16.4709,39.3765]]]}},{"type":"Feature","properties":{"landuse":"farmland"},"geometry":{"type":"Polygon","coordinates":[[[16.4722,39.3736],[16.468,39.3728],[16.4699,39.3719],[16.4722,39.3736]]]}},{"type":"Feature","properties":{"landuse":"farmland"},"geometry":{"type":"Polygon","coordinates":[[[16.4699,39.3719],[16.4672,39.3717],[16.4672,39.3707],[16.4699,39.3719]]]}},{"type":"Feature","properties":{"landuse":"farmland"},"geometry":{"type":"Polygon","coordinates":[[[16.4652,39.3696],[16.4759,39.3742],[16.4725,39.3736],[16.4652,39.3696]]]}},{"type":"Feature","properties":{"landuse":"farmland"},"geometry":{"type":"Polygon","coordinates":[[[16.4683,39.3699],[16.4675,39.3654],[16.4715,39.3655],[16.4683,39.3699]]]}},{"type":"Feature","properties":{"landuse":"farmland"},"geometry":{"type":"Polygon","coordinates":[[[16.4683,39.3699],[16.4642,39.3668],[16.4675,39.3654],[16.4683,39.3699]]]}},{"type":"Feature","properties":{"landuse":"farmland"},"geometry":{"type":"Polygon","coordinates":[[[16.4538,39.3648],[16.4552,39.363],[16.4639,39.3669],[16.4538,39.3648]]]}},{"type":"Feature","properties":{"landuse":"farmland"},"geometry":{"type":"Polygon","coordinates":[[[16.4473,39.3625],[16.4433,39.3628],[16.4442,39.3599],[16.4487,39.3609],[16.4473,39.3625]]]}},{"type":"Feature","properties":{"landuse":"farmland"},"geometry":{"type":"Polygon","coordinates":[[[16.45,39.3637],[16.451,39.3616],[16.4551,39.3629],[16.45,39.3637]]]}},{"type":"Feature","properties":{"landuse":"farmland"},"geometry":{"type":"Polygon","coordinates":[[[16.4476,39.3627],[16.4509,39.3616],[16.4499,39.3637],[16.4476,39.3627]]]}},{"type":"Feature","properties":{"landuse":"farmland"},"geometry":{"type":"Polygon","coordinates":[[[16.492,39.3651],[16.4985,39.371],[16.4928,39.3677],[16.492,39.3651]]]}},{"type":"Feature","properties":{"landuse":"farmland"},"geometry":{"type":"Polygon","coordinates":[[[16.4976,39.3695],[16.4927,39.3654],[16.4962,39.367],[16.4976,39.3695]]]}},{"type":"Feature","properties":{"landuse":"farmland"},"geometry":{"type":"Polygon","coordinates":[[[16.4907,39.3673],[16.4927,39.3677],[16.4908,39.369],[16.4907,39.3673]]]}},{"type":"Feature","properties":{"landuse":"farmland"},"geometry":{"type":"Polygon","coordinates":[[[16.4907,39.3673],[16.49,39.3682],[16.4883,39.3672],[16.4907,39.3673]]]}},{"type":"Feature","properties":{"landuse":"farmland"},"geometry":{"type":"Polygon","coordinates":[[[16.484,39.3608],[16.483,39.3599],[16.4837,39.3589],[16.484,39.3608]]]}},{"type":"Feature","properties":{"landuse":"farmland"},"geometry":{"type":"Polygon","coordinates":[[[16.4832,39.361],[16.4804,39.3609],[16.4817,39.3601],[16.4832,39.361]]]}},{"type":"Feature","properties":{"landuse":"farmland"},"geometry":{"type":"Polygon","coordinates":[[[16.5039,39.3665],[16.5012,39.3646],[16.5029,39.3644],[16.5039,39.3665]]]}},{"type":"Feature","properties":{"landuse":"farmland"},"geometry":{"type":"Polygon","coordinates":[[[16.5014,39.3679],[16.4982,39.3662],[16.5009,39.3664],[16.5014,39.3679]]]}},{"type":"Feature","properties":{"landuse":"farmland"},"geometry":{"type":"Polygon","coordinates":[[[16.5031,39.3697],[16.4964,39.3667],[16.4973,39.3658],[16.5031,39.3697]]]}},{"type":"Feature","properties":{"landuse":"farmland"},"geometry":{"type":"Polygon","coordinates":[[[16.4794,39.3494],[16.4827,39.3492],[16.4811,39.3503],[16.4794,39.3494]]]}},{"type":"Feature","properties":{"landuse":"farmland"},"geometry":{"type":"Polygon","coordinates":[[[16.4795,39.3514],[16.4761,39.3506],[16.4793,39.3495],[16.4795,39.3514]]]}},{"type":"Feature","properties":{"landuse":"farmland"},"geometry":{"type":"Polygon","coordinates":[[[16.4807,39.352],[16.4797,39.3509],[16.4817,39.3514],[16.4807,39.352]]]}},{"type":"Feature","properties":{"landuse":"farmland"},"geometry":{"type":"Polygon","coordinates":[[[16.4841,39.3519],[16.4819,39.3514],[16.4828,39.3492],[16.4841,39.3519]]]}},{"type":"Feature","properties":{"landuse":"farmland"},"geometry":{"type":"Polygon","coordinates":[[[16.4832,39.3525],[16.4848,39.3504],[16.4865,39.3518],[16.4832,39.3525]]]}},{"type":"Feature","properties":{"landuse":"farmland"},"geometry":{"type":"Polygon","coordinates":[[[16.4874,39.3534],[16.4861,39.351],[16.4906,39.3526],[16.4874,39.3534]]]}},{"type":"Feature","properties":{"landuse":"farmland"},"geometry":{"type":"Polygon","coordinates":[[[16.4899,39.3557],[16.4878,39.355],[16.4901,39.3538],[16.4899,39.3557]]]}},{"type":"Feature","properties":{"landuse":"farmland"},"geometry":{"type":"Polygon","coordinates":[[[16.4896,39.358],[16.4899,39.3557],[16.4923,39.3563],[16.4896,39.358]]]}},{"type":"Feature","properties":{"landuse":"farmland"},"geometry":{"type":"Polygon","coordinates":[[[16.4896,39.358],[16.4874,39.3565],[16.4907,39.3565],[16.4896,39.358]]]}},{"type":"Feature","properties":{"landuse":"farmland"},"geometry":{"type":"Polygon","coordinates":[[[16.4863,39.3558],[16.487,39.3544],[16.4872,39.3562],[16.4863,39.3558]]]}},{"type":"Feature","properties":{"landuse":"farmland"},"geometry":{"type":"Polygon","coordinates":[[[16.4843,39.3542],[16.4872,39.3534],[16.4863,39.3558],[16.4843,39.3542]]]}},{"type":"Feature","properties":{"landuse":"farmland"},"geometry":{"type":"Polygon","coordinates":[[[16.4824,39.3831],[16.4839,39.3805],[16.4849,39.3834],[16.4824,39.3831]]]}},{"type":"Feature","properties":{"landuse":"farmland"},"geometry":{"type":"Polygon","coordinates":[[[16.4855,39.3796],[16.4875,39.3818],[16.4847,39.3815],[16.4855,39.3796]]]}},{"type":"Feature","properties":{"landuse":"farmland"},"geometry":{"type":"Polygon","coordinates":[[[16.4801,39.3783],[16.4876,39.3785],[16.4804,39.3793],[16.4801,39.3783]]]}},{"type":"Feature","properties":{"landuse":"farmland"},"geometry":{"type":"Polygon","coordinates":[[[16.4832,39.3775],[16.4801,39.3781],[16.4829,39.3769],[16.4832,39.3775]]]}},{"type":"Feature","properties":{"landuse":"farmland"},"geometry":{"type":"Polygon","coordinates":[[[16.4915,39.3757],[16.4892,39.3771],[16.4836,39.3769],[16.4915,39.3757]]]}},{"type":"Feature","properties":{"landuse":"farmland"},"geometry":{"type":"Polygon","coordinates":[[[16.494,39.3629],[16.4973,39.3648],[16.4959,39.3653],[16.494,39.3629]]]}},{"type":"Feature","properties":{"landuse":"farmland"},"geometry":{"type":"Polygon","coordinates":[[[16.4948,39.3661],[16.4924,39.365],[16.4929,39.3633],[16.4948,39.3661]]]}},{"type":"Feature","properties":{"landuse":"farmland"},"geometry":{"type":"Polygon","coordinates":[[[16.5101,39.3479],[16.5087,39.346],[16.5119,39.3465],[16.5101,39.3479]]]}},{"type":"Feature","properties":{"landuse":"farmland"},"geometry":{"type":"Polygon","coordinates":[[[16.5133,39.349],[16.5103,39.3479],[16.5144,39.347],[16.5133,39.349]]]}},{"type":"Feature","properties":{"landuse":"farmland"},"geometry":{"type":"Polygon","coordinates":[[[16.516,39.349],[16.5138,39.3492],[16.5138,39.3483],[16.516,39.349]]]}},{"type":"Feature","properties":{"landuse":"farmland"},"geometry":{"type":"Polygon","coordinates":[[[16.4765,39.3803],[16.4797,39.3827],[16.4742,39.3815],[16.4738,39.3787],[16.4765,39.3803]]]}},{"type":"Feature","properties":{"landuse":"farmland"},"geometry":{"type":"Polygon","coordinates":[[[16.4738,39.3786],[16.4794,39.3776],[16.4803,39.3793],[16.4738,39.3786]]]}},{"type":"Feature","properties":{"landuse":"farmland"},"geometry":{"type":"Polygon","coordinates":[[[16.4739,39.3777],[16.4737,39.3814],[16.4701,39.3817],[16.4706,39.3772],[16.4739,39.3777]]]}},{"type":"Feature","properties":{"landuse":"farmland"},"geometry":{"type":"Polygon","coordinates":[[[16.4607,39.3882],[16.4551,39.3876],[16.4571,39.3854],[16.4607,39.3882]]]}},{"type":"Feature","properties":{"landuse":"farmland"},"geometry":{"type":"Polygon","coordinates":[[[16.4582,39.3842],[16.4591,39.3821],[16.4623,39.3827],[16.4582,39.3842]]]}},{"type":"Feature","properties":{"landuse":"farmland"},"geometry":{"type":"Polygon","coordinates":[[[16.4561,39.3765],[16.4581,39.384],[16.4516,39.3796],[16.4561,39.3765]]]}},{"type":"Feature","properties":{"landuse":"farmland"},"geometry":{"type":"Polygon","coordinates":[[[16.4559,39.3765],[16.4516,39.379],[16.449,39.3782],[16.4559,39.3765]]]}},{"type":"Feature","properties":{"landuse":"farmland"},"geometry":{"type":"Polygon","coordinates":[[[16.4553,39.376],[16.4494,39.3761],[16.4538,39.374],[16.4553,39.376]]]}},{"type":"Feature","properties":{"landuse":"farmland"},"geometry":{"type":"Polygon","coordinates":[[[16.4575,39.3786],[16.4557,39.3761],[16.4585,39.3781],[16.4575,39.3786]]]}},{"type":"Feature","properties":{"landuse":"farmland"},"geometry":{"type":"Polygon","coordinates":[[[16.4576,39.3787],[16.4636,39.3817],[16.4592,39.382],[16.4576,39.3787]]]}},{"type":"Feature","properties":{"landuse":"farmland"},"geometry":{"type":"Polygon","coordinates":[[[16.4592,39.3781],[16.4567,39.376],[16.4586,39.3748],[16.4592,39.3781]]]}},{"type":"Feature","properties":{"landuse":"farmland"},"geometry":{"type":"Polygon","coordinates":[[[16.4591,39.3713],[16.461,39.3695],[16.4639,39.3704],[16.4591,39.3713]]]}},{"type":"Feature","properties":{"landuse":"farmland"},"geometry":{"type":"Polygon","coordinates":[[[16.4527,39.3711],[16.4597,39.368],[16.4568,39.3707],[16.4527,39.3711]]]}},{"type":"Feature","properties":{"landuse":"farmland"},"geometry":{"type":"Polygon","coordinates":[[[16.4551,39.3736],[16.4528,39.3711],[16.4559,39.3706],[16.4551,39.3736]]]}},{"type":"Feature","properties":{"landuse":"farmland"},"geometry":{"type":"Polygon","coordinates":[[[16.4567,39.376],[16.4543,39.3738],[16.4582,39.3746],[16.4567,39.376]]]}},{"type":"Feature","properties":{"landuse":"farmland"},"geometry":{"type":"Polygon","coordinates":[[[16.4555,39.3738],[16.4605,39.3718],[16.4597,39.3737],[16.4555,39.3738]]]}},{"type":"Feature","properties":{"landuse":"farmland"},"geometry":{"type":"Polygon","coordinates":[[[16.4668,39.3752],[16.4675,39.374],[16.4688,39.3755],[16.4668,39.3752]]]}},{"type":"Feature","properties":{"landuse":"farmland"},"geometry":{"type":"Polygon","coordinates":[[[16.4656,39.3768],[16.461,39.3763],[16.4615,39.3732],[16.4656,39.3768]]]}},{"type":"Feature","properties":{"landuse":"farmland"},"geometry":{"type":"Polygon","coordinates":[[[16.4663,39.3769],[16.4673,39.3755],[16.4702,39.3758],[16.4663,39.3769]]]}},{"type":"Feature","properties":{"landuse":"farmland"},"geometry":{"type":"Polygon","coordinates":[[[16.4651,39.3787],[16.4705,39.3772],[16.4701,39.3817],[16.4651,39.3787]]]}},{"type":"Feature","properties":{"landuse":"farmland"},"geometry":{"type":"Polygon","coordinates":[[[16.4633,39.379],[16.4627,39.3772],[16.4658,39.3769],[16.4633,39.379]]]}},{"type":"Feature","properties":{"landuse":"farmland"},"geometry":{"type":"Polygon","coordinates":[[[16.4904,39.3909],[16.4898,39.3884],[16.4928,39.3884],[16.4904,39.3909]]]}},{"type":"Feature","properties":{"landuse":"greenhouse_horticulture"},"geometry":{"type":"Polygon","coordinates":[[[16.478,39.3959],[16.4787,39.3947],[16.4826,39.3968],[16.478,39.3959]]]}},{"type":"Feature","properties":{"landuse":"farmland"},"geometry":{"type":"Polygon","coordinates":[[[16.4827,39.3968],[16.4753,39.3944],[16.4823,39.3925],[16.4827,39.3968]]]}},{"type":"Feature","properties":{"landuse":"farmland"},"geometry":{"type":"Polygon","coordinates":[[[16.4826,39.3953],[16.4823,39.3925],[16.4857,39.3934],[16.4877,39.3975],[16.4826,39.3953]]]}},{"type":"Feature","properties":{"landuse":"farmland"},"geometry":{"type":"Polygon","coordinates":[[[16.4811,39.3925],[16.4865,39.3909],[16.4861,39.3924],[16.4811,39.3925]]]}},{"type":"Feature","properties":{"landuse":"farmland"},"geometry":{"type":"Polygon","coordinates":[[[16.4834,39.3913],[16.4856,39.3893],[16.4861,39.3907],[16.4834,39.3913]]]}},{"type":"Feature","properties":{"landuse":"farmland"},"geometry":{"type":"Polygon","coordinates":[[[16.5009,39.394],[16.4999,39.3925],[16.5028,39.3932],[16.5009,39.394]]]}},{"type":"Feature","properties":{"landuse":"farmland"},"geometry":{"type":"Polygon","coordinates":[[[16.5004,39.3921],[16.4979,39.3911],[16.5006,39.3908],[16.5004,39.3921]]]}},{"type":"Feature","properties":{"landuse":"farmland"},"geometry":{"type":"Polygon","coordinates":[[[16.4934,39.3896],[16.4982,39.3873],[16.4997,39.3893],[16.4934,39.3896]]]}},{"type":"Feature","properties":{"landuse":"farmland"},"geometry":{"type":"Polygon","coordinates":[[[16.4957,39.3874],[16.4922,39.385],[16.5,39.3849],[16.4957,39.3874]]]}},{"type":"Feature","properties":{"landuse":"farmland"},"geometry":{"type":"Polygon","coordinates":[[[16.4928,39.3856],[16.4956,39.3874],[16.493,39.3884],[16.4928,39.3856]]]}},{"type":"Feature","properties":{"landuse":"farmland"},"geometry":{"type":"Polygon","coordinates":[[[16.4907,39.3864],[16.4923,39.3854],[16.4927,39.3864],[16.4907,39.3864]]]}},{"type":"Feature","properties":{"landuse":"farmland"},"geometry":{"type":"Polygon","coordinates":[[[16.4916,39.3885],[16.4909,39.3869],[16.493,39.3884],[16.4916,39.3885]]]}},{"type":"Feature","properties":{"landuse":"farmland"},"geometry":{"type":"Polygon","coordinates":[[[16.4904,39.3909],[16.4862,39.3907],[16.4883,39.3896],[16.4904,39.3909]]]}},{"type":"Feature","properties":{"landuse":"farmland"},"geometry":{"type":"Polygon","coordinates":[[[16.4922,39.3929],[16.4932,39.3917],[16.4986,39.3944],[16.4922,39.3929]]]}},{"type":"Feature","properties":{"landuse":"farmland"},"geometry":{"type":"Polygon","coordinates":[[[16.4989,39.3937],[16.4966,39.3913],[16.4989,39.3921],[16.4989,39.3937]]]}},{"type":"Feature","properties":{"landuse":"farmland"},"geometry":{"type":"Polygon","coordinates":[[[16.4933,39.3915],[16.4934,39.3896],[16.5006,39.3899],[16.4933,39.3915]]]}},{"type":"Feature","properties":{"landuse":"farmland"},"geometry":{"type":"Polygon","coordinates":[[[16.4898,39.3884],[16.4889,39.3863],[16.4916,39.3885],[16.4898,39.3884]]]}},{"type":"Feature","properties":{"landuse":"farmland"},"geometry":{"type":"Polygon","coordinates":[[[16.4887,39.3891],[16.4874,39.3865],[16.4898,39.3884],[16.4887,39.3891]]]}},{"type":"Feature","properties":{"landuse":"farmland"},"geometry":{"type":"Polygon","coordinates":[[[16.4869,39.3895],[16.4867,39.3879],[16.4883,39.3891],[16.4869,39.3895]]]}},{"type":"Feature","properties":{"landuse":"farmland"},"geometry":{"type":"Polygon","coordinates":[[[16.4851,39.3873],[16.4853,39.3859],[16.4886,39.3853],[16.4851,39.3873]]]}},{"type":"Feature","properties":{"landuse":"farmland"},"geometry":{"type":"Polygon","coordinates":[[[16.4868,39.3894],[16.4849,39.3891],[16.4863,39.3884],[16.4868,39.3894]]]}},{"type":"Feature","properties":{"landuse":"farmland"},"geometry":{"type":"Polygon","coordinates":[[[16.4841,39.3895],[16.4836,39.3859],[16.4851,39.3855],[16.4841,39.3895]]]}},{"type":"Feature","properties":{"landuse":"farmland"},"geometry":{"type":"Polygon","coordinates":[[[16.4817,39.3883],[16.4835,39.3859],[16.4839,39.3884],[16.4817,39.3883]]]}},{"type":"Feature","properties":{"landuse":"farmland"},"geometry":{"type":"Polygon","coordinates":[[[16.4799,39.3886],[16.4791,39.3861],[16.4808,39.3855],[16.4799,39.3886]]]}},{"type":"Feature","properties":{"landuse":"farmland"},"geometry":{"type":"Polygon","coordinates":[[[16.4726,39.3896],[16.4737,39.3868],[16.4753,39.3865],[16.4726,39.3896]]]}},{"type":"Feature","properties":{"landuse":"farmland"},"geometry":{"type":"Polygon","coordinates":[[[16.4676,39.3898],[16.4692,39.3875],[16.4719,39.3894],[16.4676,39.3898]]]}},{"type":"Feature","properties":{"landuse":"farmland"},"geometry":{"type":"Polygon","coordinates":[[[16.4714,39.3952],[16.4838,39.3884],[16.4833,39.3914],[16.4714,39.3952]]]}},{"type":"Feature","properties":{"landuse":"farmland"},"geometry":{"type":"Polygon","coordinates":[[[16.4677,39.3941],[16.4699,39.3927],[16.4713,39.3952],[16.4677,39.3941]]]}},{"type":"Feature","properties":{"landuse":"farmland"},"geometry":{"type":"Polygon","coordinates":[[[16.4708,39.3931],[16.4702,39.3929],[16.4714,39.3917],[16.4708,39.3931]]]}},{"type":"Feature","properties":{"landuse":"farmland"},"geometry":{"type":"Polygon","coordinates":[[[16.4697,39.3928],[16.4673,39.3909],[16.4734,39.3906],[16.4697,39.3928]]]}},{"type":"Feature","properties":{"landuse":"farmland"},"geometry":{"type":"Polygon","coordinates":[[[16.4648,39.3925],[16.4696,39.3928],[16.4677,39.3941],[16.4648,39.3925]]]}},{"type":"Feature","properties":{"landuse":"farmland"},"geometry":{"type":"Polygon","coordinates":[[[16.4664,39.3861],[16.4702,39.3832],[16.4695,39.3866],[16.4664,39.3861]]]}},{"type":"Feature","properties":{"landuse":"farmland"},"geometry":{"type":"Polygon","coordinates":[[[16.4652,39.3884],[16.4661,39.3866],[16.4683,39.3867],[16.4652,39.3884]]]}},{"type":"Feature","properties":{"landuse":"farmland"},"geometry":{"type":"Polygon","coordinates":[[[16.4688,39.3877],[16.4642,39.392],[16.4652,39.3884],[16.4688,39.3877]]]}},{"type":"Feature","properties":{"landuse":"farmland"},"geometry":{"type":"Polygon","coordinates":[[[16.4431,39.3819],[16.443,39.3811],[16.4446,39.3811],[16.4431,39.3819]]]}},{"type":"Feature","properties":{"landuse":"farmland"},"geometry":{"type":"Polygon","coordinates":[[[16.4446,39.3819],[16.4447,39.3812],[16.447,39.3817],[16.4446,39.3819]]]}},{"type":"Feature","properties":{"landuse":"farmland"},"geometry":{"type":"Polygon","coordinates":[[[16.4475,39.3815],[16.4457,39.3793],[16.4509,39.3795],[16.4475,39.3815]]]}},{"type":"Feature","properties":{"landuse":"farmland"},"geometry":{"type":"Polygon","coordinates":[[[16.4869,39.3956],[16.4868,39.3909],[16.4919,39.3929],[16.4927,39.3969],[16.4869,39.3956]]]}},{"type":"Feature","properties":{"landuse":"farmland"},"geometry":{"type":"Polygon","coordinates":[[[16.4648,39.4075],[16.4709,39.4095],[16.4682,39.4105],[16.4648,39.4075]]]}},{"type":"Feature","properties":{"landuse":"farmland"},"geometry":{"type":"Polygon","coordinates":[[[16.471,39.4095],[16.4692,39.4048],[16.4743,39.4045],[16.471,39.4095]]]}},{"type":"Feature","properties":{"landuse":"farmland"},"geometry":{"type":"Polygon","coordinates":[[[16.4657,39.4074],[16.4692,39.4048],[16.4688,39.4075],[16.4657,39.4074]]]}},{"type":"Feature","properties":{"landuse":"farmland"},"geometry":{"type":"Polygon","coordinates":[[[16.4743,39.4045],[16.4674,39.4045],[16.4751,39.4034],[16.4743,39.4045]]]}},{"type":"Feature","properties":{"landuse":"farmland"},"geometry":{"type":"Polygon","coordinates":[[[16.4645,39.4073],[16.4618,39.4053],[16.4672,39.404],[16.4645,39.4073]]]}},{"type":"Feature","properties":{"landuse":"farmland"},"geometry":{"type":"Polygon","coordinates":[[[16.4816,39.4046],[16.4828,39.4024],[16.4859,39.4012],[16.4816,39.4046]]]}},{"type":"Feature","properties":{"landuse":"farmland"},"geometry":{"type":"Polygon","coordinates":[[[16.4811,39.4046],[16.4779,39.4024],[16.4798,39.402],[16.4811,39.4046]]]}},{"type":"Feature","properties":{"landuse":"farmland"},"geometry":{"type":"Polygon","coordinates":[[[16.4787,39.4045],[16.4779,39.4024],[16.4797,39.4041],[16.4787,39.4045]]]}},{"type":"Feature","properties":{"landuse":"farmland"},"geometry":{"type":"Polygon","coordinates":[[[16.4722,39.4015],[16.4724,39.3995],[16.4739,39.4004],[16.4722,39.4015]]]}},{"type":"Feature","properties":{"landuse":"farmland"},"geometry":{"type":"Polygon","coordinates":[[[16.4751,39.4032],[16.4673,39.4039],[16.4672,39.4014],[16.4751,39.4032]]]}},{"type":"Feature","properties":{"landuse":"farmland"},"geometry":{"type":"Polygon","coordinates":[[[16.4792,39.4016],[16.4755,39.4031],[16.4746,39.3981],[16.4792,39.4016]]]}},{"type":"Feature","properties":{"landuse":"farmland"},"geometry":{"type":"Polygon","coordinates":[[[16.4816,39.3978],[16.4796,39.402],[16.4736,39.3957],[16.4816,39.3978]]]}},{"type":"Feature","properties":{"landuse":"farmland"},"geometry":{"type":"Polygon","coordinates":[[[16.4615,39.389],[16.4564,39.3901],[16.4574,39.3887],[16.4615,39.389]]]}},{"type":"Feature","properties":{"landuse":"farmland"},"geometry":{"type":"Polygon","coordinates":[[[16.4618,39.391],[16.4601,39.3896],[16.4625,39.3896],[16.4618,39.391]]]}},{"type":"Feature","properties":{"landuse":"farmland"},"geometry":{"type":"Polygon","coordinates":[[[16.4581,39.3859],[16.4586,39.3845],[16.4608,39.3864],[16.4581,39.3859]]]}},{"type":"Feature","properties":{"landuse":"farmland"},"geometry":{"type":"Polygon","coordinates":[[[16.4797,39.4083],[16.4743,39.405],[16.4812,39.4048],[16.4797,39.4083]]]}},{"type":"Feature","properties":{"landuse":"farmland"},"geometry":{"type":"Polygon","coordinates":[[[16.4761,39.4064],[16.4724,39.4105],[16.4742,39.4051],[16.4761,39.4064]]]}},{"type":"Feature","properties":{"landuse":"farmland"},"geometry":{"type":"Polygon","coordinates":[[[16.4828,39.4103],[16.4798,39.4084],[16.4813,39.4067],[16.4828,39.4103]]]}},{"type":"Feature","properties":{"landuse":"farmland"},"geometry":{"type":"Polygon","coordinates":[[[16.4804,39.4125],[16.4803,39.4104],[16.4841,39.4117],[16.4804,39.4125]]]}},{"type":"Feature","properties":{"landuse":"farmland"},"geometry":{"type":"Polygon","coordinates":[[[16.4823,39.4109],[16.4803,39.4104],[16.4801,39.4086],[16.4823,39.4109]]]}},{"type":"Feature","properties":{"landuse":"farmland"},"geometry":{"type":"Polygon","coordinates":[[[16.4699,39.3982],[16.4674,39.3972],[16.47,39.3955],[16.4747,39.3985],[16.4699,39.3982]]]}},{"type":"Feature","properties":{"landuse":"farmland"},"geometry":{"type":"Polygon","coordinates":[[[16.4688,39.4017],[16.4671,39.4003],[16.4699,39.3982],[16.4745,39.3994],[16.4688,39.4017]]]}},{"type":"Feature","properties":{"landuse":"farmland"},"geometry":{"type":"Polygon","coordinates":[[[16.4976,39.412],[16.5099,39.4112],[16.5102,39.4144],[16.4976,39.412]]]}},{"type":"Feature","properties":{"landuse":"farmland"},"geometry":{"type":"Polygon","coordinates":[[[16.4972,39.4133],[16.4963,39.4115],[16.502,39.4143],[16.4972,39.4133]]]}},{"type":"Feature","properties":{"landuse":"farmland"},"geometry":{"type":"Polygon","coordinates":[[[16.4967,39.4156],[16.4975,39.4136],[16.4991,39.4173],[16.4967,39.4156]]]}},{"type":"Feature","properties":{"landuse":"farmland"},"geometry":{"type":"Polygon","coordinates":[[[16.4991,39.4173],[16.4994,39.4154],[16.5037,39.4151],[16.4991,39.4173]]]}},{"type":"Feature","properties":{"landuse":"farmland"},"geometry":{"type":"Polygon","coordinates":[[[16.5059,39.4168],[16.5054,39.4186],[16.5025,39.4164],[16.5059,39.4168]]]}},{"type":"Feature","properties":{"landuse":"farmland"},"geometry":{"type":"Polygon","coordinates":[[[16.506,39.4206],[16.5069,39.4198],[16.5063,39.4219],[16.506,39.4206]]]}},{"type":"Feature","properties":{"landuse":"farmland"},"geometry":{"type":"Polygon","coordinates":[[[16.5016,39.4188],[16.5024,39.4164],[16.5032,39.4184],[16.5016,39.4188]]]}},{"type":"Feature","properties":{"landuse":"farmland"},"geometry":{"type":"Polygon","coordinates":[[[16.4991,39.4206],[16.5015,39.4189],[16.5012,39.4208],[16.4991,39.4206]]]}},{"type":"Feature","properties":{"landuse":"farmland"},"geometry":{"type":"Polygon","coordinates":[[[16.4988,39.42],[16.5008,39.417],[16.5015,39.4186],[16.4988,39.42]]]}},{"type":"Feature","properties":{"landuse":"farmland"},"geometry":{"type":"Polygon","coordinates":[[[16.505,39.3931],[16.5017,39.394],[16.5035,39.3928],[16.505,39.3931]]]}},{"type":"Feature","properties":{"landuse":"farmland"},"geometry":{"type":"Polygon","coordinates":[[[16.5028,39.3932],[16.5011,39.3911],[16.5033,39.3927],[16.5028,39.3932]]]}},{"type":"Feature","properties":{"landuse":"farmland"},"geometry":{"type":"Polygon","coordinates":[[[16.4975,39.3358],[16.496,39.3353],[16.4987,39.335],[16.4975,39.3358]]]}},{"type":"Feature","properties":{"landuse":"farmland"},"geometry":{"type":"Polygon","coordinates":[[[16.4966,39.3334],[16.4955,39.3359],[16.494,39.335],[16.4966,39.3334]]]}},{"type":"Feature","properties":{"landuse":"farmland"},"geometry":{"type":"Polygon","coordinates":[[[16.4984,39.3335],[16.4995,39.3325],[16.4993,39.3339],[16.4984,39.3335]]]}},{"type":"Feature","properties":{"landuse":"farmland"},"geometry":{"type":"Polygon","coordinates":[[[16.4983,39.3317],[16.5037,39.3326],[16.504,39.335],[16.4983,39.3317]]]}},{"type":"Feature","properties":{"landuse":"farmland"},"geometry":{"type":"Polygon","coordinates":[[[16.4975,39.324],[16.4983,39.3226],[16.4993,39.3241],[16.4975,39.324]]]}},{"type":"Feature","properties":{"landuse":"farmland"},"geometry":{"type":"Polygon","coordinates":[[[16.4986,39.3228],[16.5011,39.3226],[16.4999,39.3244],[16.4986,39.3228]]]}},{"type":"Feature","properties":{"landuse":"farmland"},"geometry":{"type":"Polygon","coordinates":[[[16.4446,39.4161],[16.4434,39.4154],[16.4461,39.4154],[16.4446,39.4161]]]}},{"type":"Feature","properties":{"landuse":"farmland"},"geometry":{"type":"Polygon","coordinates":[[[16.4494,39.4191],[16.4526,39.4188],[16.4507,39.4203],[16.4494,39.4191]]]}},{"type":"Feature","properties":{"landuse":"farmland"},"geometry":{"type":"Polygon","coordinates":[[[16.4438,39.4143],[16.4456,39.4131],[16.446,39.4144],[16.4438,39.4143]]]}},{"type":"Feature","properties":{"landuse":"farmland"},"geometry":{"type":"Polygon","coordinates":[[[16.4716,39.3478],[16.4723,39.3454],[16.4732,39.3467],[16.4716,39.3478]]]}},{"type":"Feature","properties":{"landuse":"farmland"},"geometry":{"type":"Polygon","coordinates":[[[16.4753,39.3493],[16.4726,39.3473],[16.4732,39.3467],[16.4753,39.3493]]]}},{"type":"Feature","properties":{"landuse":"farmland"},"geometry":{"type":"Polygon","coordinates":[[[16.4757,39.3497],[16.4749,39.3483],[16.4779,39.3481],[16.4757,39.3497]]]}},{"type":"Feature","properties":{"landuse":"farmland"},"geometry":{"type":"Polygon","coordinates":[[[16.4784,39.3495],[16.4742,39.3479],[16.4839,39.3485],[16.4784,39.3495]]]}},{"type":"Feature","properties":{"landuse":"farmland"},"geometry":{"type":"Polygon","coordinates":[[[16.4839,39.3485],[16.4733,39.3466],[16.4837,39.3466],[16.4839,39.3485]]]}},{"type":"Feature","properties":{"landuse":"farmland"},"geometry":{"type":"Polygon","coordinates":[[[16.486,39.3402],[16.4857,39.3393],[16.4877,39.3398],[16.486,39.3402]]]}},{"type":"Feature","properties":{"landuse":"farmland"},"geometry":{"type":"Polygon","coordinates":[[[16.4882,39.3409],[16.5054,39.3405],[16.5075,39.3439],[16.4882,39.3409]]]}},{"type":"Feature","properties":{"landuse":"farmland"},"geometry":{"type":"Polygon","coordinates":[[[16.4881,39.341],[16.4885,39.3431],[16.4855,39.3431],[16.4881,39.341]]]}},{"type":"Feature","properties":{"landuse":"farmland"},"geometry":{"type":"Polygon","coordinates":[[[16.4852,39.3417],[16.4843,39.3404],[16.4868,39.34],[16.4852,39.3417]]]}},{"type":"Feature","properties":{"landuse":"farmland"},"geometry":{"type":"Polygon","coordinates":[[[16.4828,39.3419],[16.4834,39.3408],[16.4848,39.341],[16.4828,39.3419]]]}},{"type":"Feature","properties":{"landuse":"farmland"},"geometry":{"type":"Polygon","coordinates":[[[16.4809,39.3419],[16.4844,39.3385],[16.4871,39.3389],[16.4809,39.3419]]]}},{"type":"Feature","properties":{"landuse":"farmland"},"geometry":{"type":"Polygon","coordinates":[[[16.4852,39.3355],[16.4857,39.3342],[16.4875,39.3353],[16.4852,39.3355]]]}},{"type":"Feature","properties":{"landuse":"farmland"},"geometry":{"type":"Polygon","coordinates":[[[16.4749,39.3361],[16.4754,39.3344],[16.4782,39.3337],[16.4749,39.3361]]]}},{"type":"Feature","properties":{"landuse":"farmland"},"geometry":{"type":"Polygon","coordinates":[[[16.4748,39.3361],[16.4711,39.3344],[16.4749,39.3349],[16.4748,39.3361]]]}},{"type":"Feature","properties":{"landuse":"farmland"},"geometry":{"type":"Polygon","coordinates":[[[16.4751,39.3422],[16.4751,39.3402],[16.4767,39.341],[16.4751,39.3422]]]}},{"type":"Feature","properties":{"landuse":"farmland"},"geometry":{"type":"Polygon","coordinates":[[[16.4789,39.3426],[16.48,39.341],[16.48,39.3424],[16.4789,39.3426]]]}},{"type":"Feature","properties":{"landuse":"farmland"},"geometry":{"type":"Polygon","coordinates":[[[16.475,39.3443],[16.4759,39.342],[16.4807,39.344],[16.475,39.3443]]]}},{"type":"Feature","properties":{"landuse":"farmland"},"geometry":{"type":"Polygon","coordinates":[[[16.4745,39.3438],[16.4756,39.3419],[16.4772,39.3435],[16.4745,39.3438]]]}},{"type":"Feature","properties":{"landuse":"farmland"},"geometry":{"type":"Polygon","coordinates":[[[16.4886,39.366],[16.49,39.3648],[16.4918,39.3662],[16.4886,39.366]]]}},{"type":"Feature","properties":{"landuse":"farmland"},"geometry":{"type":"Polygon","coordinates":[[[16.4837,39.3652],[16.4874,39.3646],[16.4891,39.3662],[16.4837,39.3652]]]}},{"type":"Feature","properties":{"landuse":"farmland"},"geometry":{"type":"Polygon","coordinates":[[[16.4714,39.3218],[16.4746,39.3227],[16.4744,39.3235],[16.4714,39.3218]]]}},{"type":"Feature","properties":{"landuse":"farmland"},"geometry":{"type":"Polygon","coordinates":[[[16.4692,39.3218],[16.4752,39.3241],[16.4695,39.3236],[16.4692,39.3218]]]}},{"type":"Feature","properties":{"landuse":"farmland"},"geometry":{"type":"Polygon","coordinates":[[[16.478,39.3248],[16.4802,39.3251],[16.4799,39.3261],[16.478,39.3248]]]}},{"type":"Feature","properties":{"landuse":"farmland"},"geometry":{"type":"Polygon","coordinates":[[[16.4713,39.3277],[16.4694,39.3254],[16.4779,39.3256],[16.4713,39.3277]]]}},{"type":"Feature","properties":{"landuse":"farmland"},"geometry":{"type":"Polygon","coordinates":[[[16.4704,39.3262],[16.4702,39.3277],[16.4679,39.3268],[16.4704,39.3262]]]}},{"type":"Feature","properties":{"landuse":"farmland"},"geometry":{"type":"Polygon","coordinates":[[[16.4693,39.3251],[16.4737,39.3247],[16.471,39.3267],[16.4693,39.3251]]]}},{"type":"Feature","properties":{"landuse":"farmland"},"geometry":{"type":"Polygon","coordinates":[[[16.4692,39.3237],[16.4757,39.3243],[16.4699,39.3243],[16.4692,39.3237]]]}},{"type":"Feature","properties":{"landuse":"farmland"},"geometry":{"type":"Polygon","coordinates":[[[16.476,39.3244],[16.477,39.3241],[16.479,39.3257],[16.476,39.3244]]]}},{"type":"Feature","properties":{"landuse":"farmland"},"geometry":{"type":"Polygon","coordinates":[[[16.4782,39.3273],[16.4786,39.3266],[16.4808,39.3267],[16.4782,39.3273]]]}},{"type":"Feature","properties":{"landuse":"farmland"},"geometry":{"type":"Polygon","coordinates":[[[16.5021,39.3287],[16.5004,39.3276],[16.5029,39.3248],[16.5021,39.3287]]]}},{"type":"Feature","properties":{"landuse":"farmland"},"geometry":{"type":"Polygon","coordinates":[[[16.4833,39.3461],[16.4801,39.3444],[16.4807,39.344],[16.4833,39.3461]]]}},{"type":"Feature","properties":{"landuse":"farmland"},"geometry":{"type":"Polygon","coordinates":[[[16.4828,39.346],[16.4773,39.3469],[16.4752,39.3453],[16.4828,39.346]]]}},{"type":"Feature","properties":{"landuse":"farmland"},"geometry":{"type":"Polygon","coordinates":[[[16.4962,39.3586],[16.4932,39.3527],[16.5063,39.3539],[16.4962,39.3586]]]}},{"type":"Feature","properties":{"landuse":"farmland"},"geometry":{"type":"Polygon","coordinates":[[[16.4887,39.352],[16.4849,39.3499],[16.485,39.3474],[16.4887,39.352]]]}},{"type":"Feature","properties":{"landuse":"farmland"},"geometry":{"type":"Polygon","coordinates":[[[16.44,39.3663],[16.4416,39.3624],[16.4462,39.3655],[16.44,39.3663]]]}},{"type":"Feature","properties":{"landuse":"farmland"},"geometry":{"type":"Polygon","coordinates":[[[16.44,39.3602],[16.4424,39.3608],[16.4417,39.3621],[16.44,39.3602]]]}},{"type":"Feature","properties":{"landuse":"farmland"},"geometry":{"type":"Polygon","coordinates":[[[16.4417,39.3621],[16.4366,39.3607],[16.4393,39.3601],[16.4417,39.3621]]]}},{"type":"Feature","properties":{"landuse":"farmland"},"geometry":{"type":"Polygon","coordinates":[[[16.4371,39.3603],[16.4354,39.3585],[16.4387,39.3591],[16.4371,39.3603]]]}},{"type":"Feature","properties":{"landuse":"farmland"},"geometry":{"type":"Polygon","coordinates":[[[16.4354,39.3585],[16.4416,39.3622],[16.4402,39.3646],[16.4335,39.3641],[16.4357,39.3617],[16.433,39.3591],[16.4354,39.3585]]]}},{"type":"Feature","properties":{"landuse":"farmland"},"geometry":{"type":"Polygon","coordinates":[[[16.44,39.3602],[16.4359,39.358],[16.4427,39.3589],[16.44,39.3602]]]}},{"type":"Feature","properties":{"landuse":"farmland"},"geometry":{"type":"Polygon","coordinates":[[[16.4575,39.372],[16.4598,39.368],[16.4623,39.3688],[16.4575,39.372]]]}},{"type":"Feature","properties":{"landuse":"farmland"},"geometry":{"type":"Polygon","coordinates":[[[16.4913,39.3977],[16.4819,39.4035],[16.4798,39.402],[16.4821,39.3977],[16.4913,39.3977]]]}},{"type":"Feature","properties":{"landuse":"farmland"},"geometry":{"type":"Polygon","coordinates":[[[16.4927,39.3951],[16.4991,39.3951],[16.4931,39.3969],[16.4927,39.3951]]]}},{"type":"Feature","properties":{"landuse":"farmland"},"geometry":{"type":"Polygon","coordinates":[[[16.4497,39.3683],[16.4465,39.3656],[16.4556,39.3661],[16.4497,39.3683]]]}},{"type":"Feature","properties":{"landuse":"farmland"},"geometry":{"type":"Polygon","coordinates":[[[16.4429,39.3634],[16.4417,39.3622],[16.4435,39.3621],[16.4429,39.3634]]]}},{"type":"Feature","properties":{"landuse":"farmland"},"geometry":{"type":"Polygon","coordinates":[[[16.4393,39.3665],[16.4345,39.3704],[16.4339,39.3682],[16.4393,39.3665]]]}},{"type":"Feature","properties":{"landuse":"farmland"},"geometry":{"type":"Polygon","coordinates":[[[16.4334,39.3641],[16.4389,39.3655],[16.4346,39.3678],[16.4334,39.3641]]]}},{"type":"Feature","properties":{"landuse":"farmland"},"geometry":{"type":"Polygon","coordinates":[[[16.4371,39.37],[16.4397,39.3665],[16.4495,39.368],[16.4371,39.37]]]}},{"type":"Feature","properties":{"landuse":"farmland"},"geometry":{"type":"Polygon","coordinates":[[[16.4268,39.3754],[16.4233,39.3716],[16.4306,39.3669],[16.4327,39.3707],[16.4268,39.3754]]]}},{"type":"Feature","properties":{"landuse":"farmland"},"geometry":{"type":"Polygon","coordinates":[[[16.4356,39.3721],[16.4495,39.368],[16.4542,39.373],[16.4456,39.3811],[16.4393,39.381],[16.4281,39.3762],[16.4298,39.3713],[16.4332,39.3708],[16.4345,39.3746],[16.4409,39.3722],[16.4356,39.3721]]]}},{"type":"Feature","properties":{"landuse":"farmland"},"geometry":{"type":"Polygon","coordinates":[[[16.4307,39.3876],[16.4333,39.392],[16.4261,39.3907],[16.4307,39.3876]]]}},{"type":"Feature","properties":{"landuse":"farmland"},"geometry":{"type":"Polygon","coordinates":[[[16.3539,39.0572],[16.3494,39.0541],[16.3542,39.0506],[16.3539,39.0572]]]}},{"type":"Feature","properties":{"landuse":"farmland"},"geometry":{"type":"Polygon","coordinates":[[[16.432,39.3803],[16.4383,39.3808],[16.4385,39.3841],[16.4325,39.3859],[16.432,39.3803]]]}},{"type":"Feature","properties":{"landuse":"farmland"},"geometry":{"type":"Polygon","coordinates":[[[16.3736,39.0396],[16.3746,39.0387],[16.3799,39.0401],[16.3736,39.0396]]]}},{"type":"Feature","properties":{"landuse":"farmland"},"geometry":{"type":"Polygon","coordinates":[[[16.3729,39.0386],[16.3723,39.0362],[16.3748,39.0375],[16.3729,39.0386]]]}},{"type":"Feature","properties":{"landuse":"farmland"},"geometry":{"type":"Polygon","coordinates":[[[16.3675,39.0363],[16.371,39.0355],[16.371,39.0376],[16.3675,39.0363]]]}},{"type":"Feature","properties":{"landuse":"farmland"},"geometry":{"type":"Polygon","coordinates":[[[16.366,39.0398],[16.369,39.0395],[16.3684,39.0401],[16.366,39.0398]]]}},{"type":"Feature","properties":{"landuse":"farmland"},"geometry":{"type":"Polygon","coordinates":[[[16.3615,39.0419],[16.3652,39.0387],[16.3658,39.0409],[16.3615,39.0419]]]}},{"type":"Feature","properties":{"landuse":"farmland"},"geometry":{"type":"Polygon","coordinates":[[[16.3641,39.0385],[16.365,39.0375],[16.3676,39.0391],[16.3641,39.0385]]]}},{"type":"Feature","properties":{"landuse":"orchard"},"geometry":{"type":"Polygon","coordinates":[[[16.8067,38.9242],[16.8076,38.9256],[16.8062,38.9249],[16.8067,38.9242]]]}},{"type":"Feature","properties":{"landuse":"orchard"},"geometry":{"type":"Polygon","coordinates":[[[16.806,38.9249],[16.807,38.9254],[16.8051,38.9269],[16.806,38.9249]]]}},{"type":"Feature","properties":{"landuse":"orchard"},"geometry":{"type":"Polygon","coordinates":[[[16.8043,38.9264],[16.8062,38.9276],[16.8029,38.9277],[16.8043,38.9264]]]}},{"type":"Feature","properties":{"landuse":"orchard"},"geometry":{"type":"Polygon","coordinates":[[[16.8028,38.9276],[16.8046,38.9243],[16.8059,38.9249],[16.8028,38.9276]]]}},{"type":"Feature","properties":{"landuse":"orchard"},"geometry":{"type":"Polygon","coordinates":[[[16.8105,38.926],[16.811,38.9293],[16.8095,38.929],[16.8105,38.926]]]}},{"type":"Feature","properties":{"landuse":"orchard"},"geometry":{"type":"Polygon","coordinates":[[[16.8091,38.9278],[16.8071,38.9275],[16.8079,38.9265],[16.8091,38.9278]]]}},{"type":"Feature","properties":{"landuse":"orchard"},"geometry":{"type":"Polygon","coordinates":[[[16.8064,38.926],[16.8071,38.9254],[16.8082,38.9262],[16.8064,38.926]]]}},{"type":"Feature","properties":{"landuse":"orchard"},"geometry":{"type":"Polygon","coordinates":[[[16.8121,38.9291],[16.8136,38.9306],[16.8114,38.9304],[16.8121,38.9291]]]}},{"type":"Feature","properties":{"landuse":"orchard"},"geometry":{"type":"Polygon","coordinates":[[[16.8104,38.9304],[16.8088,38.9358],[16.8061,38.9378],[16.8104,38.9304]]]}},{"type":"Feature","properties":{"landuse":"orchard"},"geometry":{"type":"Polygon","coordinates":[[[16.812,38.9166],[16.8126,38.9157],[16.8151,38.9166],[16.8142,38.9175],[16.812,38.9166]]]}},{"type":"Feature","properties":{"landuse":"orchard"},"geometry":{"type":"Polygon","coordinates":[[[16.8151,38.9166],[16.813,38.9216],[16.8111,38.9209],[16.8151,38.9166]]]}},{"type":"Feature","properties":{"landuse":"orchard"},"geometry":{"type":"Polygon","coordinates":[[[16.8111,38.9209],[16.8113,38.9192],[16.8123,38.9195],[16.8111,38.9209]]]}},{"type":"Feature","properties":{"landuse":"orchard"},"geometry":{"type":"Polygon","coordinates":[[[16.8103,38.9206],[16.8096,38.9203],[16.8112,38.9192],[16.8103,38.9206]]]}},{"type":"Feature","properties":{"landuse":"orchard"},"geometry":{"type":"Polygon","coordinates":[[[16.816,38.918],[16.8176,38.9161],[16.8239,38.9197],[16.816,38.918]]]}},{"type":"Feature","properties":{"landuse":"orchard"},"geometry":{"type":"Polygon","coordinates":[[[16.8159,38.918],[16.8224,38.9211],[16.8142,38.9201],[16.8159,38.918]]]}},{"type":"Feature","properties":{"landuse":"orchard"},"geometry":{"type":"Polygon","coordinates":[[[16.8142,38.9202],[16.8204,38.9219],[16.8161,38.9227],[16.8142,38.9202]]]}},{"type":"Feature","properties":{"landuse":"orchard"},"geometry":{"type":"Polygon","coordinates":[[[16.8219,38.9183],[16.8176,38.916],[16.8191,38.914],[16.8242,38.9166],[16.8219,38.9183]]]}},{"type":"Feature","properties":{"landuse":"orchard"},"geometry":{"type":"Polygon","coordinates":[[[16.8243,38.9166],[16.8221,38.9154],[16.8229,38.9145],[16.8243,38.9166]]]}},{"type":"Feature","properties":{"landuse":"orchard"},"geometry":{"type":"Polygon","coordinates":[[[16.8237,38.9133],[16.8214,38.9126],[16.8228,38.9122],[16.8237,38.9133]]]}},{"type":"Feature","properties":{"landuse":"farmland"},"geometry":{"type":"Polygon","coordinates":[[[16.8146,38.9132],[16.8187,38.9144],[16.8137,38.9146],[16.8146,38.9132]]]}},{"type":"Feature","properties":{"landuse":"farmland"},"geometry":{"type":"Polygon","coordinates":[[[16.8187,38.9143],[16.8147,38.9131],[16.8158,38.9113],[16.82,38.9123],[16.8187,38.9143]]]}},{"type":"Feature","properties":{"landuse":"farmland"},"geometry":{"type":"Polygon","coordinates":[[[16.8176,38.9158],[16.8165,38.9171],[16.813,38.9158],[16.8176,38.9158]]]}},{"type":"Feature","properties":{"landuse":"farmland"},"geometry":{"type":"Polygon","coordinates":[[[16.8223,38.9213],[16.8248,38.9146],[16.8264,38.9176],[16.8223,38.9213]]]}},{"type":"Feature","properties":{"landuse":"orchard"},"geometry":{"type":"Polygon","coordinates":[[[16.8087,38.9106],[16.8067,38.9099],[16.8092,38.91],[16.8087,38.9106]]]}},{"type":"Feature","properties":{"landuse":"orchard"},"geometry":{"type":"Polygon","coordinates":[[[16.8025,38.9084],[16.8024,38.907],[16.8032,38.9073],[16.8025,38.9084]]]}},{"type":"Feature","properties":{"landuse":"orchard"},"geometry":{"type":"Polygon","coordinates":[[[16.7943,38.9251],[16.7948,38.9286],[16.7933,38.929],[16.7943,38.9251]]]}},{"type":"Feature","properties":{"landuse":"orchard"},"geometry":{"type":"Polygon","coordinates":[[[16.7913,38.9281],[16.7935,38.9279],[16.7932,38.9286],[16.7913,38.9281]]]}},{"type":"Feature","properties":{"landuse":"orchard"},"geometry":{"type":"Polygon","coordinates":[[[16.7918,38.9275],[16.7939,38.9254],[16.7936,38.9275],[16.7918,38.9275]]]}},{"type":"Feature","properties":{"landuse":"orchard"},"geometry":{"type":"Polygon","coordinates":[[[16.7929,38.9296],[16.7946,38.9298],[16.7923,38.9312],[16.7929,38.9296]]]}},{"type":"Feature","properties":{"landuse":"orchard"},"geometry":{"type":"Polygon","coordinates":[[[16.7926,38.9302],[16.7905,38.9307],[16.7909,38.9298],[16.7926,38.9302]]]}},{"type":"Feature","properties":{"landuse":"orchard"},"geometry":{"type":"Polygon","coordinates":[[[16.7905,38.9307],[16.7923,38.9311],[16.79,38.9313],[16.7905,38.9307]]]}},{"type":"Feature","properties":{"landuse":"orchard"},"geometry":{"type":"Polygon","coordinates":[[[16.792,38.9319],[16.7919,38.9325],[16.7896,38.9319],[16.792,38.9319]]]}},{"type":"Feature","properties":{"landuse":"orchard"},"geometry":{"type":"Polygon","coordinates":[[[16.7895,38.932],[16.7919,38.9326],[16.7914,38.9333],[16.7895,38.932]]]}},{"type":"Feature","properties":{"landuse":"farmland"},"geometry":{"type":"Polygon","coordinates":[[[16.7922,38.9317],[16.7943,38.9314],[16.7942,38.932],[16.7922,38.9317]]]}},{"type":"Feature","properties":{"landuse":"orchard"},"geometry":{"type":"Polygon","coordinates":[[[16.792,38.9324],[16.794,38.9326],[16.7915,38.9332],[16.792,38.9324]]]}},{"type":"Feature","properties":{"landuse":"orchard"},"geometry":{"type":"Polygon","coordinates":[[[16.7915,38.9335],[16.7938,38.9337],[16.7937,38.9345],[16.7915,38.9335]]]}},{"type":"Feature","properties":{"landuse":"orchard"},"geometry":{"type":"Polygon","coordinates":[[[16.7912,38.934],[16.791,38.9347],[16.7884,38.9339],[16.7912,38.934]]]}},{"type":"Feature","properties":{"landuse":"orchard"},"geometry":{"type":"Polygon","coordinates":[[[16.7884,38.9339],[16.791,38.9347],[16.7876,38.9352],[16.7884,38.9339]]]}},{"type":"Feature","properties":{"landuse":"orchard"},"geometry":{"type":"Polygon","coordinates":[[[16.7913,38.9343],[16.7923,38.9369],[16.7908,38.9362],[16.7913,38.9343]]]}},{"type":"Feature","properties":{"landuse":"orchard"},"geometry":{"type":"Polygon","coordinates":[[[16.7917,38.9343],[16.7937,38.9345],[16.7942,38.9358],[16.7917,38.9343]]]}},{"type":"Feature","properties":{"landuse":"orchard"},"geometry":{"type":"Polygon","coordinates":[[[16.7886,38.9286],[16.7869,38.9271],[16.7894,38.926],[16.7886,38.9286]]]}},{"type":"Feature","properties":{"landuse":"orchard"},"geometry":{"type":"Polygon","coordinates":[[[16.7908,38.9259],[16.7902,38.9248],[16.7913,38.9244],[16.7908,38.9259]]]}},{"type":"Feature","properties":{"landuse":"orchard"},"geometry":{"type":"Polygon","coordinates":[[[16.7916,38.926],[16.7907,38.9221],[16.7935,38.9185],[16.7916,38.926]]]}},{"type":"Feature","properties":{"landuse":"orchard"},"geometry":{"type":"Polygon","coordinates":[[[16.7893,38.9206],[16.7899,38.9195],[16.7904,38.9201],[16.7893,38.9206]]]}},{"type":"Feature","properties":{"landuse":"orchard"},"geometry":{"type":"Polygon","coordinates":[[[16.7913,38.9203],[16.7902,38.918],[16.7934,38.9184],[16.7913,38.9203]]]}},{"type":"Feature","properties":{"landuse":"farmland"},"geometry":{"type":"Polygon","coordinates":[[[16.7899,38.9261],[16.786,38.9258],[16.7876,38.9211],[16.7913,38.9244],[16.7899,38.9261]]]}},{"type":"Feature","properties":{"landuse":"orchard"},"geometry":{"type":"Polygon","coordinates":[[[16.7892,38.9167],[16.7858,38.9152],[16.7963,38.9156],[16.7936,38.9183],[16.7892,38.9167]]]}},{"type":"Feature","properties":{"landuse":"orchard"},"geometry":{"type":"Polygon","coordinates":[[[16.7936,38.9183],[16.7963,38.9156],[16.7961,38.9181],[16.7936,38.9183]]]}},{"type":"Feature","properties":{"landuse":"orchard"},"geometry":{"type":"Polygon","coordinates":[[[16.7858,38.9152],[16.7876,38.9127],[16.7895,38.9131],[16.7858,38.9152]]]}},{"type":"Feature","properties":{"landuse":"orchard"},"geometry":{"type":"Polygon","coordinates":[[[16.7839,38.9144],[16.7846,38.9112],[16.7873,38.9123],[16.7839,38.9144]]]}},{"type":"Feature","properties":{"landuse":"orchard"},"geometry":{"type":"Polygon","coordinates":[[[16.7831,38.914],[16.778,38.9124],[16.7838,38.9127],[16.7831,38.914]]]}},{"type":"Feature","properties":{"landuse":"orchard"},"geometry":{"type":"Polygon","coordinates":[[[16.7838,38.9126],[16.779,38.9111],[16.7803,38.9096],[16.7838,38.9126]]]}},{"type":"Feature","properties":{"landuse":"orchard"},"geometry":{"type":"Polygon","coordinates":[[[16.7784,38.9115],[16.7779,38.9122],[16.7754,38.9111],[16.7784,38.9115]]]}},{"type":"Feature","properties":{"landuse":"orchard"},"geometry":{"type":"Polygon","coordinates":[[[16.7762,38.9104],[16.7729,38.9093],[16.7802,38.9096],[16.7762,38.9104]]]}},{"type":"Feature","properties":{"landuse":"orchard"},"geometry":{"type":"Polygon","coordinates":[[[16.7759,38.9104],[16.7752,38.9111],[16.7723,38.9098],[16.7759,38.9104]]]}},{"type":"Feature","properties":{"landuse":"orchard"},"geometry":{"type":"Polygon","coordinates":[[[16.8168,38.9231],[16.8189,38.9227],[16.8215,38.9245],[16.8168,38.9231]]]}},{"type":"Feature","properties":{"landuse":"orchard"},"geometry":{"type":"Polygon","coordinates":[[[16.8216,38.9242],[16.8196,38.9225],[16.8218,38.9217],[16.8216,38.9242]]]}},{"type":"Feature","properties":{"landuse":"orchard"},"geometry":{"type":"Polygon","coordinates":[[[16.8219,38.9226],[16.8241,38.9232],[16.8223,38.9241],[16.8219,38.9226]]]}},{"type":"Feature","properties":{"landuse":"farmland"},"geometry":{"type":"Polygon","coordinates":[[[16.9373,38.9412],[16.9402,38.9413],[16.9401,38.9421],[16.9373,38.9412]]]}},{"type":"Feature","properties":{"landuse":"farmland"},"geometry":{"type":"Polygon","coordinates":[[[16.9371,38.942],[16.9401,38.9421],[16.937,38.9432],[16.9371,38.942]]]}},{"type":"Feature","properties":{"landuse":"farmland"},"geometry":{"type":"Polygon","coordinates":[[[16.937,38.9432],[16.9397,38.9446],[16.9368,38.9444],[16.937,38.9432]]]}},{"type":"Feature","properties":{"landuse":"farmland"},"geometry":{"type":"Polygon","coordinates":[[[16.9363,38.9432],[16.9342,38.9418],[16.9365,38.9419],[16.9363,38.9432]]]}},{"type":"Feature","properties":{"landuse":"farmland"},"geometry":{"type":"Polygon","coordinates":[[[16.9342,38.9418],[16.9343,38.9406],[16.9371,38.9412],[16.9342,38.9418]]]}},{"type":"Feature","properties":{"landuse":"farmland"},"geometry":{"type":"Polygon","coordinates":[[[16.937,38.9407],[16.9343,38.9405],[16.9345,38.9393],[16.937,38.9407]]]}},{"type":"Feature","properties":{"landuse":"farmland"},"geometry":{"type":"Polygon","coordinates":[[[16.9316,38.9416],[16.934,38.943],[16.9316,38.9429],[16.9316,38.9416]]]}},{"type":"Feature","properties":{"landuse":"farmland"},"geometry":{"type":"Polygon","coordinates":[[[16.9316,38.9429],[16.9339,38.9443],[16.9314,38.9441],[16.9316,38.9429]]]}},{"type":"Feature","properties":{"landuse":"farmland"},"geometry":{"type":"Polygon","coordinates":[[[16.934,38.9443],[16.9341,38.9431],[16.9369,38.9435],[16.934,38.9443]]]}},{"type":"Feature","properties":{"landuse":"farmland"},"geometry":{"type":"Polygon","coordinates":[[[16.9352,38.9445],[16.9375,38.9446],[16.9374,38.9463],[16.9352,38.9445]]]}},{"type":"Feature","properties":{"landuse":"farmland"},"geometry":{"type":"Polygon","coordinates":[[[16.9375,38.9464],[16.9376,38.9446],[16.9382,38.9447],[16.9375,38.9464]]]}},{"type":"Feature","properties":{"landuse":"farmland"},"geometry":{"type":"Polygon","coordinates":[[[16.9381,38.9464],[16.9382,38.9447],[16.9386,38.9465],[16.9381,38.9464]]]}},{"type":"Feature","properties":{"landuse":"farmland"},"geometry":{"type":"Polygon","coordinates":[[[16.9386,38.9465],[16.9388,38.9447],[16.9424,38.945],[16.9386,38.9465]]]}},{"type":"Feature","properties":{"landuse":"farmland"},"geometry":{"type":"Polygon","coordinates":[[[16.9422,38.9466],[16.9424,38.945],[16.9436,38.9451],[16.9422,38.9466]]]}},{"type":"Feature","properties":{"landuse":"farmland"},"geometry":{"type":"Polygon","coordinates":[[[16.9433,38.9465],[16.9436,38.9451],[16.9462,38.9461],[16.9433,38.9465]]]}},{"type":"Feature","properties":{"landuse":"farmland"},"geometry":{"type":"Polygon","coordinates":[[[16.9458,38.9452],[16.9523,38.9456],[16.9482,38.9468],[16.9458,38.9452]]]}},{"type":"Feature","properties":{"landuse":"orchard"},"geometry":{"type":"Polygon","coordinates":[[[16.9303,38.9467],[16.9325,38.9472],[16.9321,38.9487],[16.9303,38.9467]]]}},{"type":"Feature","properties":{"landuse":"orchard"},"geometry":{"type":"Polygon","coordinates":[[[16.8999,38.942],[16.8955,38.9417],[16.8972,38.9364],[16.9017,38.9374],[16.9028,38.941],[16.8999,38.942]]]}},{"type":"Feature","properties":{"landuse":"orchard"},"geometry":{"type":"Polygon","coordinates":[[[16.8909,38.9395],[16.8886,38.9382],[16.8898,38.9375],[16.8909,38.9395]]]}},{"type":"Feature","properties":{"landuse":"orchard"},"geometry":{"type":"Polygon","coordinates":[[[16.887,38.9415],[16.8855,38.9412],[16.8877,38.9405],[16.887,38.9415]]]}},{"type":"Feature","properties":{"landuse":"orchard"},"geometry":{"type":"Polygon","coordinates":[[[16.8876,38.9403],[16.8856,38.9399],[16.8874,38.9388],[16.8876,38.9403]]]}},{"type":"Feature","properties":{"landuse":"orchard"},"geometry":{"type":"Polygon","coordinates":[[[16.8687,38.9382],[16.8651,38.9392],[16.8658,38.9378],[16.8687,38.9382]]]}},{"type":"Feature","properties":{"landuse":"orchard"},"geometry":{"type":"Polygon","coordinates":[[[16.857,38.9431],[16.8593,38.9431],[16.8554,38.9437],[16.857,38.9431]]]}},{"type":"Feature","properties":{"landuse":"orchard"},"geometry":{"type":"Polygon","coordinates":[[[16.8572,38.943],[16.8526,38.9445],[16.8515,38.9429],[16.8572,38.943]]]}},{"type":"Feature","properties":{"landuse":"orchard"},"geometry":{"type":"Polygon","coordinates":[[[16.8554,38.946],[16.8587,38.9441],[16.8574,38.9466],[16.8554,38.946]]]}},{"type":"Feature","properties":{"landuse":"orchard"},"geometry":{"type":"Polygon","coordinates":[[[16.8558,38.947],[16.8557,38.9483],[16.8545,38.9476],[16.8558,38.947]]]}},{"type":"Feature","properties":{"landuse":"orchard"},"geometry":{"type":"Polygon","coordinates":[[[16.8479,38.9318],[16.8451,38.9313],[16.8462,38.9272],[16.849,38.9278],[16.8479,38.9318]]]}},{"type":"Feature","properties":{"landuse":"orchard"},"geometry":{"type":"Polygon","coordinates":[[[16.8383,38.9298],[16.8339,38.9288],[16.8395,38.9274],[16.8383,38.9298]]]}},{"type":"Feature","properties":{"landuse":"orchard"},"geometry":{"type":"Polygon","coordinates":[[[16.7702,38.9034],[16.7719,38.9012],[16.7737,38.902],[16.7702,38.9034]]]}},{"type":"Feature","properties":{"landuse":"orchard"},"geometry":{"type":"Polygon","coordinates":[[[16.7721,38.9011],[16.7734,38.8999],[16.7738,38.9019],[16.7721,38.9011]]]}},{"type":"Feature","properties":{"landuse":"orchard"},"geometry":{"type":"Polygon","coordinates":[[[16.7735,38.8998],[16.775,38.8975],[16.7775,38.8992],[16.7735,38.8998]]]}},{"type":"Feature","properties":{"landuse":"orchard"},"geometry":{"type":"Polygon","coordinates":[[[16.7751,38.9006],[16.7795,38.906],[16.775,38.9065],[16.7751,38.9006]]]}},{"type":"Feature","properties":{"landuse":"orchard"},"geometry":{"type":"Polygon","coordinates":[[[16.776,38.9037],[16.78,38.9002],[16.7783,38.9046],[16.776,38.9037]]]}},{"type":"Feature","properties":{"landuse":"orchard"},"geometry":{"type":"Polygon","coordinates":[[[16.7783,38.9046],[16.78,38.9025],[16.7819,38.9046],[16.7783,38.9046]]]}},{"type":"Feature","properties":{"landuse":"orchard"},"geometry":{"type":"Polygon","coordinates":[[[16.7798,38.9064],[16.7758,38.9042],[16.7791,38.905],[16.7798,38.9064]]]}},{"type":"Feature","properties":{"landuse":"orchard"},"geometry":{"type":"Polygon","coordinates":[[[16.7708,38.9058],[16.7713,38.9052],[16.7749,38.9065],[16.7708,38.9058]]]}},{"type":"Feature","properties":{"landuse":"orchard"},"geometry":{"type":"Polygon","coordinates":[[[16.7749,38.9064],[16.7714,38.9051],[16.7755,38.9056],[16.7749,38.9064]]]}},{"type":"Feature","properties":{"landuse":"orchard"},"geometry":{"type":"Polygon","coordinates":[[[16.7686,38.905],[16.7719,38.9042],[16.7707,38.9058],[16.7686,38.905]]]}},{"type":"Feature","properties":{"landuse":"orchard"},"geometry":{"type":"Polygon","coordinates":[[[16.7682,38.9049],[16.766,38.9041],[16.7665,38.9035],[16.7682,38.9049]]]}},{"type":"Feature","properties":{"landuse":"orchard"},"geometry":{"type":"Polygon","coordinates":[[[16.766,38.9041],[16.7604,38.9019],[16.762,38.8997],[16.7677,38.9017],[16.766,38.9041]]]}},{"type":"Feature","properties":{"landuse":"orchard"},"geometry":{"type":"Polygon","coordinates":[[[16.7666,38.9034],[16.7682,38.9012],[16.7706,38.9023],[16.7666,38.9034]]]}},{"type":"Feature","properties":{"landuse":"orchard"},"geometry":{"type":"Polygon","coordinates":[[[16.7695,38.9017],[16.7719,38.8987],[16.7732,38.8992],[16.7695,38.9017]]]}},{"type":"Feature","properties":{"landuse":"orchard"},"geometry":{"type":"Polygon","coordinates":[[[16.7682,38.9012],[16.7706,38.898],[16.7718,38.8986],[16.7682,38.9012]]]}},{"type":"Feature","properties":{"landuse":"orchard"},"geometry":{"type":"Polygon","coordinates":[[[16.7732,38.8991],[16.7707,38.8979],[16.7739,38.8982],[16.7732,38.8991]]]}},{"type":"Feature","properties":{"landuse":"orchard"},"geometry":{"type":"Polygon","coordinates":[[[16.7679,38.8978],[16.7685,38.8971],[16.7705,38.898],[16.7679,38.8978]]]}},{"type":"Feature","properties":{"landuse":"orchard"},"geometry":{"type":"Polygon","coordinates":[[[16.7705,38.8979],[16.7677,38.8966],[16.7689,38.8948],[16.7705,38.8979]]]}},{"type":"Feature","properties":{"landuse":"orchard"},"geometry":{"type":"Polygon","coordinates":[[[16.7678,38.9016],[16.7629,38.8979],[16.7687,38.9004],[16.7678,38.9016]]]}},{"type":"Feature","properties":{"landuse":"orchard"},"geometry":{"type":"Polygon","coordinates":[[[16.7608,38.9045],[16.7558,38.9015],[16.7604,38.9021],[16.7608,38.9045]]]}},{"type":"Feature","properties":{"landuse":"orchard"},"geometry":{"type":"Polygon","coordinates":[[[16.7483,38.8997],[16.746,38.8993],[16.7473,38.8975],[16.7483,38.8997]]]}},{"type":"Feature","properties":{"landuse":"orchard"},"geometry":{"type":"Polygon","coordinates":[[[16.738,38.8981],[16.74,38.8947],[16.7419,38.8961],[16.738,38.8981]]]}},{"type":"Feature","properties":{"landuse":"orchard"},"geometry":{"type":"Polygon","coordinates":[[[16.7257,38.8833],[16.7227,38.8815],[16.7267,38.8822],[16.7257,38.8833]]]}},{"type":"Feature","properties":{"landuse":"orchard"},"geometry":{"type":"Polygon","coordinates":[[[16.7277,38.8811],[16.725,38.8795],[16.7286,38.8802],[16.7277,38.8811]]]}},{"type":"Feature","properties":{"landuse":"orchard"},"geometry":{"type":"Polygon","coordinates":[[[16.7256,38.8777],[16.727,38.8764],[16.7273,38.8779],[16.7256,38.8777]]]}},{"type":"Feature","properties":{"landuse":"orchard"},"geometry":{"type":"Polygon","coordinates":[[[16.7264,38.8789],[16.7251,38.8782],[16.7272,38.878],[16.7264,38.8789]]]}},{"type":"Feature","properties":{"landuse":"orchard"},"geometry":{"type":"Polygon","coordinates":[[[16.7237,38.8777],[16.7188,38.8778],[16.7202,38.8765],[16.7237,38.8777]]]}},{"type":"Feature","properties":{"landuse":"orchard"},"geometry":{"type":"Polygon","coordinates":[[[16.7191,38.8802],[16.7188,38.8778],[16.7234,38.8779],[16.7191,38.8802]]]}},{"type":"Feature","properties":{"landuse":"orchard"},"geometry":{"type":"Polygon","coordinates":[[[16.7164,38.8784],[16.7175,38.8771],[16.7187,38.8778],[16.7164,38.8784]]]}},{"type":"Feature","properties":{"landuse":"orchard"},"geometry":{"type":"Polygon","coordinates":[[[16.7111,38.8764],[16.7174,38.879],[16.7141,38.8817],[16.7097,38.8783],[16.7111,38.8764]]]}},{"type":"Feature","properties":{"landuse":"orchard"},"geometry":{"type":"Polygon","coordinates":[[[16.7112,38.8801],[16.7059,38.877],[16.7116,38.8795],[16.7112,38.8801]]]}},{"type":"Feature","properties":{"landuse":"orchard"},"geometry":{"type":"Polygon","coordinates":[[[16.7096,38.8782],[16.7061,38.8764],[16.7074,38.8743],[16.7112,38.8761],[16.7096,38.8782]]]}},{"type":"Feature","properties":{"landuse":"orchard"},"geometry":{"type":"Polygon","coordinates":[[[16.7102,38.8755],[16.7074,38.8742],[16.7088,38.8724],[16.7116,38.8737],[16.7102,38.8755]]]}},{"type":"Feature","properties":{"landuse":"farmland"},"geometry":{"type":"Polygon","coordinates":[[[16.7102,38.8755],[16.7116,38.8737],[16.7114,38.8758],[16.7102,38.8755]]]}},{"type":"Feature","properties":{"landuse":"orchard"},"geometry":{"type":"Polygon","coordinates":[[[16.7126,38.8743],[16.7159,38.8762],[16.7114,38.8758],[16.7126,38.8743]]]}},{"type":"Feature","properties":{"landuse":"orchard"},"geometry":{"type":"Polygon","coordinates":[[[16.7148,38.8776],[16.716,38.8762],[16.7174,38.877],[16.7148,38.8776]]]}},{"type":"Feature","properties":{"landuse":"orchard"},"geometry":{"type":"Polygon","coordinates":[[[16.713,38.8744],[16.7193,38.8759],[16.7181,38.8773],[16.713,38.8744]]]}},{"type":"Feature","properties":{"landuse":"farmland"},"geometry":{"type":"Polygon","coordinates":[[[16.7181,38.8773],[16.7197,38.8755],[16.7187,38.8777],[16.7181,38.8773]]]}},{"type":"Feature","properties":{"landuse":"greenhouse_horticulture"},"geometry":{"type":"Polygon","coordinates":[[[16.7235,38.8742],[16.7216,38.8735],[16.7224,38.8726],[16.7235,38.8742]]]}},{"type":"Feature","properties":{"landuse":"orchard"},"geometry":{"type":"Polygon","coordinates":[[[16.7345,38.8977],[16.7312,38.8957],[16.7337,38.8954],[16.7345,38.8977]]]}},{"type":"Feature","properties":{"landuse":"orchard"},"geometry":{"type":"Polygon","coordinates":[[[16.7332,38.8933],[16.7331,38.8929],[16.7377,38.8937],[16.7332,38.8933]]]}},{"type":"Feature","properties":{"landuse":"orchard"},"geometry":{"type":"Polygon","coordinates":[[[16.7332,38.8933],[16.7372,38.894],[16.7359,38.8957],[16.7332,38.8933]]]}},{"type":"Feature","properties":{"landuse":"orchard"},"geometry":{"type":"Polygon","coordinates":[[[16.7379,38.8929],[16.7375,38.8934],[16.7348,38.8923],[16.7379,38.8929]]]}},{"type":"Feature","properties":{"landuse":"orchard"},"geometry":{"type":"Polygon","coordinates":[[[16.7378,38.8928],[16.7356,38.8915],[16.739,38.8914],[16.7378,38.8928]]]}},{"type":"Feature","properties":{"landuse":"orchard"},"geometry":{"type":"Polygon","coordinates":[[[16.7391,38.8914],[16.735,38.8897],[16.7401,38.8901],[16.7391,38.8914]]]}},{"type":"Feature","properties":{"landuse":"orchard"},"geometry":{"type":"Polygon","coordinates":[[[16.7402,38.8902],[16.744,38.8917],[16.7414,38.8949],[16.7375,38.8934],[16.7402,38.8902]]]}},{"type":"Feature","properties":{"landuse":"orchard"},"geometry":{"type":"Polygon","coordinates":[[[16.7323,38.9006],[16.7287,38.8991],[16.7335,38.8989],[16.7323,38.9006]]]}},{"type":"Feature","properties":{"landuse":"farmland"},"geometry":{"type":"Polygon","coordinates":[[[16.1175,39.0193],[16.1171,39.0213],[16.1156,39.0208],[16.1175,39.0193]]]}},{"type":"Feature","properties":{"landuse":"farmland"},"geometry":{"type":"Polygon","coordinates":[[[16.114,39.0158],[16.1142,39.0174],[16.113,39.0169],[16.114,39.0158]]]}},{"type":"Feature","properties":{"landuse":"orchard"},"geometry":{"type":"Polygon","coordinates":[[[16.8249,38.9243],[16.829,38.9228],[16.8268,38.9256],[16.8249,38.9243]]]}},{"type":"Feature","properties":{"landuse":"orchard"},"geometry":{"type":"Polygon","coordinates":[[[16.828,38.9254],[16.829,38.9245],[16.8308,38.9254],[16.828,38.9254]]]}},{"type":"Feature","properties":{"landuse":"orchard"},"geometry":{"type":"Polygon","coordinates":[[[16.8207,38.9263],[16.8213,38.925],[16.8235,38.9258],[16.8207,38.9263]]]}},{"type":"Feature","properties":{"landuse":"orchard"},"geometry":{"type":"Polygon","coordinates":[[[16.8195,38.9262],[16.823,38.9269],[16.8214,38.9317],[16.8176,38.9303],[16.8195,38.9262]]]}},{"type":"Feature","properties":{"landuse":"orchard"},"geometry":{"type":"Polygon","coordinates":[[[16.8212,38.9325],[16.8218,38.9309],[16.822,38.9325],[16.8212,38.9325]]]}},{"type":"Feature","properties":{"landuse":"orchard"},"geometry":{"type":"Polygon","coordinates":[[[16.8272,38.9458],[16.828,38.945],[16.829,38.9461],[16.8272,38.9458]]]}},{"type":"Feature","properties":{"landuse":"orchard"},"geometry":{"type":"Polygon","coordinates":[[[16.8221,38.9453],[16.8226,38.9437],[16.8249,38.9436],[16.8221,38.9453]]]}},{"type":"Feature","properties":{"landuse":"orchard"},"geometry":{"type":"Polygon","coordinates":[[[16.8245,38.943],[16.8232,38.9428],[16.8246,38.9409],[16.8245,38.943]]]}},{"type":"Feature","properties":{"landuse":"orchard"},"geometry":{"type":"Polygon","coordinates":[[[16.8216,38.9421],[16.8217,38.9407],[16.8225,38.9407],[16.8216,38.9421]]]}},{"type":"Feature","properties":{"landuse":"orchard"},"geometry":{"type":"Polygon","coordinates":[[[16.8299,38.9405],[16.8251,38.9388],[16.83,38.94],[16.8299,38.9405]]]}},{"type":"Feature","properties":{"landuse":"orchard"},"geometry":{"type":"Polygon","coordinates":[[[16.83,38.9409],[16.8307,38.9402],[16.8331,38.9415],[16.83,38.9409]]]}},{"type":"Feature","properties":{"landuse":"orchard"},"geometry":{"type":"Polygon","coordinates":[[[16.8303,38.9398],[16.8316,38.9365],[16.8344,38.9372],[16.8337,38.941],[16.8303,38.9398]]]}},{"type":"Feature","properties":{"landuse":"orchard"},"geometry":{"type":"Polygon","coordinates":[[[16.8258,38.937],[16.8277,38.9346],[16.8279,38.9361],[16.8258,38.937]]]}},{"type":"Feature","properties":{"landuse":"orchard"},"geometry":{"type":"Polygon","coordinates":[[[16.8294,38.9481],[16.8325,38.9473],[16.832,38.9485],[16.8294,38.9481]]]}},{"type":"Feature","properties":{"landuse":"orchard"},"geometry":{"type":"Polygon","coordinates":[[[16.8038,38.921],[16.7961,38.919],[16.7973,38.916],[16.8051,38.9189],[16.8038,38.921]]]}},{"type":"Feature","properties":{"landuse":"orchard"},"geometry":{"type":"Polygon","coordinates":[[[16.1228,39.0206],[16.1232,39.0172],[16.1249,39.0217],[16.1228,39.0206]]]}},{"type":"Feature","properties":{"landuse":"farmland"},"geometry":{"type":"Polygon","coordinates":[[[16.1288,39.0212],[16.1249,39.0196],[16.1289,39.019],[16.1288,39.0212]]]}},{"type":"Feature","properties":{"landuse":"farmland"},"geometry":{"type":"Polygon","coordinates":[[[16.1354,39.0123],[16.1313,39.0132],[16.1344,39.0144],[16.1284,39.0134],[16.1354,39.0123]]]}},{"type":"Feature","properties":{"landuse":"farmland"},"geometry":{"type":"Polygon","coordinates":[[[16.1244,39.0241],[16.129,39.0214],[16.1314,39.0234],[16.1244,39.0241]]]}},{"type":"Feature","properties":{"landuse":"orchard"},"geometry":{"type":"Polygon","coordinates":[[[16.1292,39.0179],[16.1254,39.0201],[16.126,39.0165],[16.1292,39.0179]]]}},{"type":"Feature","properties":{"landuse":"orchard"},"geometry":{"type":"Polygon","coordinates":[[[16.1301,39.0165],[16.1326,39.0166],[16.1327,39.03],[16.1236,39.0251],[16.1298,39.0242],[16.1301,39.0165]]]}},{"type":"Feature","properties":{"landuse":"orchard"},"geometry":{"type":"Polygon","coordinates":[[[16.9244,39.0985],[16.926,39.0991],[16.9243,39.1007],[16.9244,39.0985]]]}},{"type":"Feature","properties":{"landuse":"orchard"},"geometry":{"type":"Polygon","coordinates":[[[16.9263,39.1017],[16.9265,39.0997],[16.9277,39.0997],[16.9263,39.1017]]]}},{"type":"Feature","properties":{"landuse":"orchard"},"geometry":{"type":"Polygon","coordinates":[[[16.9266,39.1018],[16.9286,39.0996],[16.9289,39.1012],[16.9266,39.1018]]]}},{"type":"Feature","properties":{"landuse":"orchard"},"geometry":{"type":"Polygon","coordinates":[[[16.9292,39.1005],[16.9295,39.0994],[16.9304,39.1008],[16.9292,39.1005]]]}},{"type":"Feature","properties":{"landuse":"orchard"},"geometry":{"type":"Polygon","coordinates":[[[16.9304,39.1008],[16.9295,39.0994],[16.9345,39.0987],[16.9304,39.1008]]]}},{"type":"Feature","properties":{"landuse":"orchard"},"geometry":{"type":"Polygon","coordinates":[[[16.9266,39.0991],[16.9276,39.0981],[16.9294,39.0992],[16.9266,39.0991]]]}},{"type":"Feature","properties":{"landuse":"orchard"},"geometry":{"type":"Polygon","coordinates":[[[16.9309,39.1036],[16.9343,39.1041],[16.9319,39.1049],[16.9309,39.1036]]]}},{"type":"Feature","properties":{"landuse":"orchard"},"geometry":{"type":"Polygon","coordinates":[[[16.9334,39.106],[16.9352,39.1042],[16.936,39.1043],[16.9334,39.106]]]}},{"type":"Feature","properties":{"landuse":"orchard"},"geometry":{"type":"Polygon","coordinates":[[[16.9347,39.1043],[16.9371,39.1026],[16.9369,39.1041],[16.9347,39.1043]]]}},{"type":"Feature","properties":{"landuse":"farmland"},"geometry":{"type":"Polygon","coordinates":[[[16.1457,39.0202],[16.1481,39.0207],[16.1426,39.022],[16.1457,39.0202]]]}},{"type":"Feature","properties":{"landuse":"orchard"},"geometry":{"type":"Polygon","coordinates":[[[16.1397,39.0245],[16.136,39.0239],[16.1492,39.0212],[16.1486,39.0236],[16.1379,39.0236],[16.1397,39.0245]]]}},{"type":"Feature","properties":{"landuse":"farmland"},"geometry":{"type":"Polygon","coordinates":[[[16.1493,39.0201],[16.1447,39.0195],[16.1467,39.0185],[16.1493,39.0201]]]}},{"type":"Feature","properties":{"landuse":"farmland"},"geometry":{"type":"Polygon","coordinates":[[[16.1445,39.0276],[16.1451,39.0261],[16.1463,39.0273],[16.1445,39.0276]]]}},{"type":"Feature","properties":{"landuse":"orchard"},"geometry":{"type":"Polygon","coordinates":[[[16.1313,39.0288],[16.1315,39.0261],[16.1336,39.0263],[16.1313,39.0288]]]}},{"type":"Feature","properties":{"landuse":"orchard"},"geometry":{"type":"Polygon","coordinates":[[[16.1346,39.0249],[16.1357,39.0266],[16.1345,39.0264],[16.1346,39.0249]]]}},{"type":"Feature","properties":{"landuse":"farmland"},"geometry":{"type":"Polygon","coordinates":[[[16.1344,39.0257],[16.133,39.0288],[16.1324,39.0268],[16.1344,39.0257]]]}},{"type":"Feature","properties":{"landuse":"orchard"},"geometry":{"type":"Polygon","coordinates":[[[16.1332,39.0288],[16.138,39.0296],[16.1341,39.0307],[16.1332,39.0288]]]}},{"type":"Feature","properties":{"landuse":"orchard"},"geometry":{"type":"Polygon","coordinates":[[[16.1339,39.0253],[16.1315,39.026],[16.132,39.025],[16.1339,39.0253]]]}},{"type":"Feature","properties":{"landuse":"orchard"},"geometry":{"type":"Polygon","coordinates":[[[16.1321,39.0249],[16.1324,39.022],[16.1352,39.0222],[16.1321,39.0249]]]}},{"type":"Feature","properties":{"landuse":"orchard"},"geometry":{"type":"Polygon","coordinates":[[[16.1372,39.0139],[16.1337,39.0173],[16.1365,39.0204],[16.1326,39.0218],[16.1356,39.012],[16.1388,39.0126],[16.1372,39.0139]]]}},{"type":"Feature","properties":{"landuse":"orchard"},"geometry":{"type":"Polygon","coordinates":[[[16.1508,39.0241],[16.151,39.0267],[16.1486,39.0245],[16.1508,39.0241]]]}},{"type":"Feature","properties":{"landuse":"orchard"},"geometry":{"type":"Polygon","coordinates":[[[16.1279,39.0105],[16.1285,39.0125],[16.125,39.0135],[16.1279,39.0105]]]}},{"type":"Feature","properties":{"landuse":"orchard"},"geometry":{"type":"Polygon","coordinates":[[[16.1321,39.0111],[16.132,39.0108],[16.1357,39.0115],[16.1356,39.0118],[16.1321,39.0111]]]}},{"type":"Feature","properties":{"landuse":"farmland"},"geometry":{"type":"Polygon","coordinates":[[[16.132,39.0108],[16.1333,39.0102],[16.1362,39.011],[16.132,39.0108]]]}},{"type":"Feature","properties":{"landuse":"farmland"},"geometry":{"type":"Polygon","coordinates":[[[16.1339,39.0153],[16.128,39.0137],[16.1282,39.0135],[16.1339,39.0153]]]}},{"type":"Feature","properties":{"landuse":"orchard"},"geometry":{"type":"Polygon","coordinates":[[[16.1339,39.0155],[16.1334,39.0165],[16.1277,39.0139],[16.1339,39.0155]]]}},{"type":"Feature","properties":{"landuse":"farmland"},"geometry":{"type":"Polygon","coordinates":[[[16.1334,39.0165],[16.1324,39.0173],[16.1275,39.0143],[16.1334,39.0165]]]}},{"type":"Feature","properties":{"landuse":"farmland"},"geometry":{"type":"Polygon","coordinates":[[[16.1041,39.0311],[16.1154,39.0209],[16.1187,39.0231],[16.1175,39.0286],[16.1156,39.0275],[16.12,39.0282],[16.1144,39.0337],[16.1041,39.0311]]]}},{"type":"Feature","properties":{"landuse":"farmland"},"geometry":{"type":"Polygon","coordinates":[[[16.1072,39.0275],[16.1057,39.0288],[16.1059,39.0267],[16.1072,39.0275]]]}},{"type":"Feature","properties":{"landuse":"farmland"},"geometry":{"type":"Polygon","coordinates":[[[16.1118,39.0204],[16.1151,39.0209],[16.1061,39.0265],[16.1118,39.0204]]]}},{"type":"Feature","properties":{"landuse":"farmland"},"geometry":{"type":"Polygon","coordinates":[[[16.1036,39.0255],[16.1103,39.0199],[16.1059,39.0264],[16.1036,39.0255]]]}},{"type":"Feature","properties":{"landuse":"orchard"},"geometry":{"type":"Polygon","coordinates":[[[16.1443,39.0287],[16.1417,39.0304],[16.1402,39.0302],[16.1443,39.0287]]]}},{"type":"Feature","properties":{"landuse":"farmland"},"geometry":{"type":"Polygon","coordinates":[[[16.1282,39.0091],[16.1294,39.0065],[16.1316,39.0081],[16.1282,39.0091]]]}},{"type":"Feature","properties":{"landuse":"orchard"},"geometry":{"type":"Polygon","coordinates":[[[16.7251,38.9121],[16.7251,38.9101],[16.7265,38.9096],[16.7251,38.9121]]]}},{"type":"Feature","properties":{"landuse":"orchard"},"geometry":{"type":"Polygon","coordinates":[[[16.7287,38.909],[16.7286,38.9066],[16.732,38.9088],[16.7287,38.909]]]}},{"type":"Feature","properties":{"landuse":"orchard"},"geometry":{"type":"Polygon","coordinates":[[[16.7299,38.9052],[16.7316,38.905],[16.7309,38.9062],[16.7299,38.9052]]]}},{"type":"Feature","properties":{"landuse":"orchard"},"geometry":{"type":"Polygon","coordinates":[[[16.7308,38.9035],[16.7279,38.9028],[16.7283,38.9013],[16.7308,38.9035]]]}},{"type":"Feature","properties":{"landuse":"orchard"},"geometry":{"type":"Polygon","coordinates":[[[16.7283,38.9012],[16.7286,38.8992],[16.7322,38.9006],[16.7283,38.9012]]]}},{"type":"Feature","properties":{"landuse":"orchard"},"geometry":{"type":"Polygon","coordinates":[[[16.731,38.9037],[16.7324,38.9024],[16.7338,38.9042],[16.731,38.9037]]]}},{"type":"Feature","properties":{"landuse":"orchard"},"geometry":{"type":"Polygon","coordinates":[[[16.7312,38.9032],[16.7324,38.9007],[16.7336,38.9025],[16.7312,38.9032]]]}},{"type":"Feature","properties":{"landuse":"orchard"},"geometry":{"type":"Polygon","coordinates":[[[16.7341,38.905],[16.7337,38.9028],[16.735,38.9027],[16.7341,38.905]]]}},{"type":"Feature","properties":{"landuse":"orchard"},"geometry":{"type":"Polygon","coordinates":[[[16.7352,38.9031],[16.7377,38.9021],[16.7385,38.9046],[16.7352,38.9031]]]}},{"type":"Feature","properties":{"landuse":"orchard"},"geometry":{"type":"Polygon","coordinates":[[[16.737,38.9022],[16.7371,38.8994],[16.7392,38.9019],[16.737,38.9022]]]}},{"type":"Feature","properties":{"landuse":"orchard"},"geometry":{"type":"Polygon","coordinates":[[[16.7898,39.0194],[16.7976,39.0195],[16.7912,39.0208],[16.7898,39.0194]]]}},{"type":"Feature","properties":{"landuse":"orchard"},"geometry":{"type":"Polygon","coordinates":[[[16.7898,39.019],[16.7908,39.0171],[16.797,39.0183],[16.7898,39.019]]]}},{"type":"Feature","properties":{"landuse":"orchard"},"geometry":{"type":"Polygon","coordinates":[[[16.7908,39.0171],[16.7936,39.0141],[16.7966,39.0165],[16.7908,39.0171]]]}},{"type":"Feature","properties":{"landuse":"orchard"},"geometry":{"type":"Polygon","coordinates":[[[16.7887,39.0216],[16.7907,39.0206],[16.7947,39.0241],[16.7887,39.0216]]]}},{"type":"Feature","properties":{"landuse":"green_public_spaces"},"geometry":{"type":"Polygon","coordinates":[[[16.4296,38.4865],[16.4331,38.4868],[16.4329,38.4876],[16.4296,38.4865]]]}},{"type":"Feature","properties":{"landuse":"orchard"},"geometry":{"type":"Polygon","coordinates":[[[16.6176,38.8301],[16.6206,38.8314],[16.6185,38.832],[16.6176,38.8301]]]}},{"type":"Feature","properties":{"landuse":"farmland"},"geometry":{"type":"Polygon","coordinates":[[[16.2383,39.043],[16.2362,39.0417],[16.2372,39.0388],[16.2383,39.043]]]}},{"type":"Feature","properties":{"landuse":"farmland"},"geometry":{"type":"Polygon","coordinates":[[[16.241,39.0401],[16.242,39.0448],[16.2395,39.0446],[16.241,39.0401]]]}},{"type":"Feature","properties":{"landuse":"orchard"},"geometry":{"type":"Polygon","coordinates":[[[16.7183,38.8862],[16.7195,38.888],[16.7168,38.8882],[16.7183,38.8862]]]}},{"type":"Feature","properties":{"landuse":"orchard"},"geometry":{"type":"Polygon","coordinates":[[[16.7182,38.8857],[16.7221,38.887],[16.72,38.8878],[16.7182,38.8857]]]}},{"type":"Feature","properties":{"landuse":"orchard"},"geometry":{"type":"Polygon","coordinates":[[[16.7202,38.8892],[16.7206,38.8874],[16.7229,38.8875],[16.7202,38.8892]]]}},{"type":"Feature","properties":{"landuse":"orchard"},"geometry":{"type":"Polygon","coordinates":[[[16.7279,38.8971],[16.7267,38.9002],[16.7214,38.8967],[16.7279,38.8971]]]}},{"type":"Feature","properties":{"landuse":"orchard"},"geometry":{"type":"Polygon","coordinates":[[[16.7265,38.9001],[16.726,38.9039],[16.7228,38.9036],[16.7234,38.8999],[16.7265,38.9001]]]}},{"type":"Feature","properties":{"landuse":"orchard"},"geometry":{"type":"Polygon","coordinates":[[[16.7136,38.92],[16.709,38.9176],[16.7115,38.9183],[16.711,38.917],[16.7136,38.92]]]}},{"type":"Feature","properties":{"landuse":"orchard"},"geometry":{"type":"Polygon","coordinates":[[[16.7154,38.9183],[16.7181,38.9186],[16.7169,38.9194],[16.7154,38.9183]]]}},{"type":"Feature","properties":{"landuse":"orchard"},"geometry":{"type":"Polygon","coordinates":[[[16.7167,38.9157],[16.717,38.9146],[16.7212,38.9147],[16.7167,38.9157]]]}},{"type":"Feature","properties":{"landuse":"orchard"},"geometry":{"type":"Polygon","coordinates":[[[16.7221,38.9127],[16.7167,38.9131],[16.7224,38.9116],[16.7221,38.9127]]]}},{"type":"Feature","properties":{"landuse":"orchard"},"geometry":{"type":"Polygon","coordinates":[[[16.7148,38.9132],[16.715,38.9105],[16.7171,38.9115],[16.7148,38.9132]]]}},{"type":"Feature","properties":{"landuse":"orchard"},"geometry":{"type":"Polygon","coordinates":[[[16.7225,38.9101],[16.7203,38.9093],[16.7241,38.9095],[16.7225,38.9101]]]}},{"type":"Feature","properties":{"landuse":"orchard"},"geometry":{"type":"Polygon","coordinates":[[[16.7222,38.9087],[16.7226,38.9068],[16.7235,38.9094],[16.7222,38.9087]]]}},{"type":"Feature","properties":{"landuse":"vineyard"},"geometry":{"type":"Polygon","coordinates":[[[16.7236,38.9094],[16.724,38.9059],[16.7259,38.9065],[16.7236,38.9094]]]}},{"type":"Feature","properties":{"landuse":"vineyard"},"geometry":{"type":"Polygon","coordinates":[[[16.7106,38.9063],[16.7154,38.902],[16.7207,38.904],[16.7145,38.9072],[16.7151,38.9101],[16.7106,38.9063]]]}},{"type":"Feature","properties":{"landuse":"vineyard"},"geometry":{"type":"Polygon","coordinates":[[[16.7132,38.9037],[16.7096,38.9025],[16.7128,38.8992],[16.7156,38.9016],[16.7132,38.9037]]]}},{"type":"Feature","properties":{"landuse":"orchard"},"geometry":{"type":"Polygon","coordinates":[[[16.7129,38.8991],[16.7141,38.8978],[16.7165,38.899],[16.7129,38.8991]]]}},{"type":"Feature","properties":{"landuse":"orchard"},"geometry":{"type":"Polygon","coordinates":[[[16.7155,38.8983],[16.7097,38.8964],[16.7136,38.8907],[16.7224,38.8939],[16.7191,38.8984],[16.7183,38.8961],[16.7155,38.8983]]]}},{"type":"Feature","properties":{"landuse":"orchard"},"geometry":{"type":"Polygon","coordinates":[[[17.0952,38.9363],[17.0994,38.9356],[17.0994,38.9375],[17.0952,38.9363]]]}},{"type":"Feature","properties":{"landuse":"farmland"},"geometry":{"type":"Polygon","coordinates":[[[17.0854,38.9748],[17.0883,38.9736],[17.0885,38.9746],[17.0854,38.9748]]]}},{"type":"Feature","properties":{"landuse":"farmland"},"geometry":{"type":"Polygon","coordinates":[[[17.0465,38.9458],[17.0498,38.9429],[17.0502,38.9453],[17.0465,38.9458]]]}},{"type":"Feature","properties":{"landuse":"orchard"},"geometry":{"type":"Polygon","coordinates":[[[17.0176,39.1683],[17.0189,39.168],[17.0188,39.1701],[17.0176,39.1683]]]}},{"type":"Feature","properties":{"landuse":"orchard"},"geometry":{"type":"Polygon","coordinates":[[[17.1016,39.24],[17.1,39.2398],[17.1008,39.2385],[17.1016,39.24]]]}},{"type":"Feature","properties":{"landuse":"orchard"},"geometry":{"type":"Polygon","coordinates":[[[17.1001,39.2391],[17.0984,39.2393],[17.0994,39.2381],[17.1001,39.2391]]]}},{"type":"Feature","properties":{"landuse":"orchard"},"geometry":{"type":"Polygon","coordinates":[[[17.1013,39.2557],[17.0991,39.2555],[17.0995,39.2548],[17.1013,39.2557]]]}},{"type":"Feature","properties":{"landuse":"orchard"},"geometry":{"type":"Polygon","coordinates":[[[17.0934,39.264],[17.0959,39.2629],[17.0973,39.2656],[17.0925,39.267],[17.0934,39.264]]]}},{"type":"Feature","properties":{"landuse":"orchard"},"geometry":{"type":"Polygon","coordinates":[[[17.0887,39.2654],[17.0913,39.2652],[17.0896,39.2669],[17.0887,39.2654]]]}},{"type":"Feature","properties":{"landuse":"orchard"},"geometry":{"type":"Polygon","coordinates":[[[17.0886,39.2654],[17.0861,39.2651],[17.0883,39.2639],[17.0886,39.2654]]]}},{"type":"Feature","properties":{"landuse":"orchard"},"geometry":{"type":"Polygon","coordinates":[[[17.0835,39.2651],[17.0826,39.2626],[17.0841,39.2631],[17.0835,39.2651]]]}},{"type":"Feature","properties":{"landuse":"orchard"},"geometry":{"type":"Polygon","coordinates":[[[17.0843,39.2648],[17.0861,39.2673],[17.084,39.2669],[17.0843,39.2648]]]}},{"type":"Feature","properties":{"landuse":"orchard"},"geometry":{"type":"Polygon","coordinates":[[[17.083,39.2676],[17.084,39.2671],[17.0852,39.268],[17.083,39.2676]]]}},{"type":"Feature","properties":{"landuse":"orchard"},"geometry":{"type":"Polygon","coordinates":[[[17.0855,39.2685],[17.0852,39.2737],[17.0812,39.2744],[17.083,39.2678],[17.0855,39.2685]]]}},{"type":"Feature","properties":{"landuse":"orchard"},"geometry":{"type":"Polygon","coordinates":[[[17.0928,39.259],[17.0912,39.2577],[17.0921,39.2575],[17.0928,39.259]]]}},{"type":"Feature","properties":{"landuse":"orchard"},"geometry":{"type":"Polygon","coordinates":[[[17.0852,39.2565],[17.0815,39.2597],[17.0805,39.2562],[17.0852,39.2565]]]}},{"type":"Feature","properties":{"landuse":"orchard"},"geometry":{"type":"Polygon","coordinates":[[[17.0815,39.259],[17.0793,39.2595],[17.0787,39.2564],[17.0815,39.259]]]}},{"type":"Feature","properties":{"landuse":"orchard"},"geometry":{"type":"Polygon","coordinates":[[[17.0081,39.2922],[17.0079,39.2903],[17.0112,39.2917],[17.0081,39.2922]]]}},{"type":"Feature","properties":{"landuse":"orchard"},"geometry":{"type":"Polygon","coordinates":[[[17.0107,39.2912],[17.0125,39.2912],[17.0131,39.2927],[17.0107,39.2912]]]}},{"type":"Feature","properties":{"landuse":"orchard"},"geometry":{"type":"Polygon","coordinates":[[[16.4565,39.6574],[16.452,39.6545],[16.4599,39.653],[16.4586,39.6585],[16.4565,39.6574]]]}},{"type":"Feature","properties":{"landuse":"orchard"},"geometry":{"type":"Polygon","coordinates":[[[16.4544,39.6589],[16.4517,39.6555],[16.455,39.6583],[16.4544,39.6589]]]}},{"type":"Feature","properties":{"landuse":"orchard"},"geometry":{"type":"Polygon","coordinates":[[[16.4552,39.6457],[16.4518,39.6441],[16.4464,39.6304],[16.453,39.6363],[16.4552,39.6457]]]}},{"type":"Feature","properties":{"landuse":"orchard"},"geometry":{"type":"Polygon","coordinates":[[[16.433,39.6351],[16.43,39.6317],[16.4376,39.6301],[16.4435,39.6395],[16.4366,39.6414],[16.433,39.6351]]]}},{"type":"Feature","properties":{"landuse":"orchard"},"geometry":{"type":"Polygon","coordinates":[[[16.4402,39.6448],[16.4389,39.6422],[16.4417,39.6436],[16.4402,39.6448]]]}},{"type":"Feature","properties":{"landuse":"orchard"},"geometry":{"type":"Polygon","coordinates":[[[16.4392,39.642],[16.4415,39.6414],[16.4409,39.6427],[16.4392,39.642]]]}},{"type":"Feature","properties":{"landuse":"orchard"},"geometry":{"type":"Polygon","coordinates":[[[16.441,39.6428],[16.4436,39.642],[16.4427,39.6436],[16.441,39.6428]]]}},{"type":"Feature","properties":{"landuse":"orchard"},"geometry":{"type":"Polygon","coordinates":[[[16.4428,39.6436],[16.445,39.6423],[16.4442,39.6439],[16.4428,39.6436]]]}},{"type":"Feature","properties":{"landuse":"greenhouse_horticulture"},"geometry":{"type":"Polygon","coordinates":[[[16.45,39.6741],[16.4495,39.6714],[16.4511,39.6715],[16.45,39.6741]]]}},{"type":"Feature","properties":{"landuse":"orchard"},"geometry":{"type":"Polygon","coordinates":[[[17.0082,39.1902],[17.008,39.1896],[17.0108,39.1891],[17.0082,39.1902]]]}},{"type":"Feature","properties":{"landuse":"orchard"},"geometry":{"type":"Polygon","coordinates":[[[17.0087,39.1932],[17.0098,39.1907],[17.0107,39.1931],[17.0087,39.1932]]]}},{"type":"Feature","properties":{"landuse":"orchard"},"geometry":{"type":"Polygon","coordinates":[[[17.0108,39.1937],[17.01,39.1905],[17.0125,39.1912],[17.0108,39.1937]]]}},{"type":"Feature","properties":{"landuse":"orchard"},"geometry":{"type":"Polygon","coordinates":[[[17.0142,39.1902],[17.0131,39.1891],[17.0143,39.1887],[17.0142,39.1902]]]}},{"type":"Feature","properties":{"landuse":"orchard"},"geometry":{"type":"Polygon","coordinates":[[[17.0179,39.1969],[17.0183,39.1958],[17.0189,39.1974],[17.0179,39.1969]]]}},{"type":"Feature","properties":{"landuse":"orchard"},"geometry":{"type":"Polygon","coordinates":[[[17.0238,39.204],[17.0197,39.203],[17.022,39.2017],[17.0238,39.204]]]}},{"type":"Feature","properties":{"landuse":"orchard"},"geometry":{"type":"Polygon","coordinates":[[[16.8688,39.5317],[16.8689,39.5302],[16.8698,39.5318],[16.8688,39.5317]]]}},{"type":"Feature","properties":{"landuse":"orchard"},"geometry":{"type":"Polygon","coordinates":[[[16.8533,39.5416],[16.8525,39.5356],[16.8573,39.5392],[16.8533,39.5416]]]}},{"type":"Feature","properties":{"landuse":"orchard"},"geometry":{"type":"Polygon","coordinates":[[[16.8432,39.5137],[16.8434,39.5114],[16.845,39.5111],[16.8432,39.5137]]]}},{"type":"Feature","properties":{"landuse":"orchard"},"geometry":{"type":"Polygon","coordinates":[[[16.8399,39.5145],[16.8397,39.5127],[16.8419,39.5136],[16.8399,39.5145]]]}},{"type":"Feature","properties":{"landuse":"orchard"},"geometry":{"type":"Polygon","coordinates":[[[16.8407,39.5129],[16.8385,39.5123],[16.8402,39.5111],[16.8407,39.5129]]]}},{"type":"Feature","properties":{"landuse":"orchard"},"geometry":{"type":"Polygon","coordinates":[[[16.8361,39.5009],[16.8336,39.4985],[16.836,39.4983],[16.8361,39.5009]]]}},{"type":"Feature","properties":{"landuse":"orchard"},"geometry":{"type":"Polygon","coordinates":[[[16.4391,39.7704],[16.4437,39.7639],[16.4434,39.7683],[16.4391,39.7704]]]}},{"type":"Feature","properties":{"landuse":"orchard"},"geometry":{"type":"Polygon","coordinates":[[[16.8104,39.4789],[16.8085,39.4792],[16.8093,39.4779],[16.8104,39.4789]]]}},{"type":"Feature","properties":{"landuse":"orchard"},"geometry":{"type":"Polygon","coordinates":[[[16.8258,39.0247],[16.8267,39.0248],[16.8248,39.0269],[16.8258,39.0247]]]}},{"type":"Feature","properties":{"landuse":"orchard"},"geometry":{"type":"Polygon","coordinates":[[[16.9348,38.9652],[16.927,38.963],[16.9302,38.9572],[16.9388,38.9587],[16.9348,38.9652]]]}},{"type":"Feature","properties":{"landuse":"farmland"},"geometry":{"type":"Polygon","coordinates":[[[16.9842,39.4179],[16.9864,39.4189],[16.9856,39.4195],[16.9842,39.4179]]]}},{"type":"Feature","properties":{"landuse":"farmland"},"geometry":{"type":"Polygon","coordinates":[[[16.981,39.421],[16.9788,39.4208],[16.9807,39.4182],[16.9769,39.418],[16.979,39.4154],[16.9844,39.4162],[16.981,39.421]]]}},{"type":"Feature","properties":{"landuse":"farmland"},"geometry":{"type":"Polygon","coordinates":[[[16.9833,39.4163],[16.9834,39.4139],[16.9841,39.4159],[16.9833,39.4163]]]}},{"type":"Feature","properties":{"landuse":"orchard"},"geometry":{"type":"Polygon","coordinates":[[[16.9884,39.4157],[16.9866,39.4153],[16.988,39.4137],[16.9884,39.4157]]]}},{"type":"Feature","properties":{"landuse":"orchard"},"geometry":{"type":"Polygon","coordinates":[[[16.9834,39.4138],[16.9861,39.4113],[16.9886,39.4132],[16.9834,39.4138]]]}},{"type":"Feature","properties":{"landuse":"farmland"},"geometry":{"type":"Polygon","coordinates":[[[16.0537,39.9967],[16.0527,39.9937],[16.0539,39.9922],[16.0537,39.9967]]]}},{"type":"Feature","properties":{"landuse":"orchard"},"geometry":{"type":"Polygon","coordinates":[[[16.5715,39.0246],[16.5715,39.0283],[16.5689,39.0272],[16.5715,39.0246]]]}},{"type":"Feature","properties":{"landuse":"orchard"},"geometry":{"type":"Polygon","coordinates":[[[16.5743,39.0247],[16.572,39.0238],[16.5748,39.0225],[16.5743,39.0247]]]}},{"type":"Feature","properties":{"landuse":"farmland"},"geometry":{"type":"Polygon","coordinates":[[[16.5701,39.0335],[16.5721,39.0319],[16.5721,39.033],[16.5701,39.0335]]]}},{"type":"Feature","properties":{"landuse":"farmland"},"geometry":{"type":"Polygon","coordinates":[[[16.5705,39.0315],[16.5693,39.0335],[16.5686,39.0312],[16.5705,39.0315]]]}},{"type":"Feature","properties":{"landuse":"orchard"},"geometry":{"type":"Polygon","coordinates":[[[16.2067,39.3288],[16.2132,39.3304],[16.211,39.3319],[16.2067,39.3288]]]}},{"type":"Feature","properties":{"landuse":"orchard"},"geometry":{"type":"Polygon","coordinates":[[[16.2487,38.3478],[16.2511,38.3463],[16.2512,38.3483],[16.2487,38.3478]]]}},{"type":"Feature","properties":{"landuse":"orchard"},"geometry":{"type":"Polygon","coordinates":[[[16.5311,38.6055],[16.5313,38.6039],[16.5329,38.6051],[16.5311,38.6055]]]}},{"type":"Feature","properties":{"landuse":"orchard"},"geometry":{"type":"Polygon","coordinates":[[[16.5396,38.607],[16.5381,38.6073],[16.5392,38.6054],[16.5396,38.607]]]}},{"type":"Feature","properties":{"landuse":"orchard"},"geometry":{"type":"Polygon","coordinates":[[[16.5425,38.6059],[16.5449,38.6066],[16.5421,38.6086],[16.5425,38.6059]]]}},{"type":"Feature","properties":{"landuse":"orchard"},"geometry":{"type":"Polygon","coordinates":[[[16.5577,38.606],[16.5583,38.6042],[16.5591,38.6064],[16.5577,38.606]]]}},{"type":"Feature","properties":{"landuse":"orchard"},"geometry":{"type":"Polygon","coordinates":[[[16.5592,38.6064],[16.561,38.6043],[16.5606,38.6066],[16.5592,38.6064]]]}},{"type":"Feature","properties":{"landuse":"orchard"},"geometry":{"type":"Polygon","coordinates":[[[16.5607,38.6066],[16.5612,38.6043],[16.5641,38.6047],[16.5607,38.6066]]]}},{"type":"Feature","properties":{"landuse":"orchard"},"geometry":{"type":"Polygon","coordinates":[[[16.5566,38.6078],[16.5571,38.6062],[16.5583,38.6081],[16.5566,38.6078]]]}},{"type":"Feature","properties":{"landuse":"orchard"},"geometry":{"type":"Polygon","coordinates":[[[16.5584,38.6081],[16.5591,38.6065],[16.5603,38.6084],[16.5584,38.6081]]]}},{"type":"Feature","properties":{"landuse":"farmland"},"geometry":{"type":"Polygon","coordinates":[[[16.7655,39.1593],[16.7659,39.1575],[16.7691,39.1588],[16.7655,39.1593]]]}},{"type":"Feature","properties":{"landuse":"farmland"},"geometry":{"type":"Polygon","coordinates":[[[16.7688,39.1606],[16.771,39.1674],[16.7648,39.161],[16.7606,39.1608],[16.7688,39.1606]]]}},{"type":"Feature","properties":{"landuse":"farmland"},"geometry":{"type":"Polygon","coordinates":[[[16.1866,38.2475],[16.1852,38.2473],[16.1863,38.2465],[16.1866,38.2475]]]}},{"type":"Feature","properties":{"landuse":"orchard"},"geometry":{"type":"Polygon","coordinates":[[[16.1848,38.2406],[16.1858,38.2397],[16.1856,38.241],[16.1848,38.2406]]]}},{"type":"Feature","properties":{"landuse":"orchard"},"geometry":{"type":"Polygon","coordinates":[[[16.1861,38.2358],[16.1862,38.2344],[16.1883,38.2352],[16.1861,38.2358]]]}},{"type":"Feature","properties":{"landuse":"orchard"},"geometry":{"type":"Polygon","coordinates":[[[16.1866,38.2341],[16.1875,38.2331],[16.1878,38.2347],[16.1866,38.2341]]]}},{"type":"Feature","properties":{"landuse":"orchard"},"geometry":{"type":"Polygon","coordinates":[[[16.1877,38.2348],[16.1883,38.2335],[16.1898,38.2337],[16.1877,38.2348]]]}},{"type":"Feature","properties":{"landuse":"orchard"},"geometry":{"type":"Polygon","coordinates":[[[16.5568,38.4421],[16.556,38.439],[16.5575,38.4419],[16.5568,38.4421]]]}},{"type":"Feature","properties":{"landuse":"orchard"},"geometry":{"type":"Polygon","coordinates":[[[16.5779,38.4965],[16.5751,38.4978],[16.575,38.4965],[16.5779,38.4965]]]}},{"type":"Feature","properties":{"landuse":"orchard"},"geometry":{"type":"Polygon","coordinates":[[[16.516,38.9312],[16.5124,38.9265],[16.5168,38.9288],[16.516,38.9312]]]}},{"type":"Feature","properties":{"landuse":"orchard"},"geometry":{"type":"Polygon","coordinates":[[[16.518,38.9295],[16.5185,38.9285],[16.5203,38.9291],[16.518,38.9295]]]}},{"type":"Feature","properties":{"landuse":"orchard"},"geometry":{"type":"Polygon","coordinates":[[[16.5178,38.9297],[16.5205,38.9293],[16.5183,38.9304],[16.5178,38.9297]]]}},{"type":"Feature","properties":{"landuse":"orchard"},"geometry":{"type":"Polygon","coordinates":[[[16.571,38.5686],[16.5703,38.5702],[16.569,38.5682],[16.571,38.5686]]]}},{"type":"Feature","properties":{"landuse":"orchard"},"geometry":{"type":"Polygon","coordinates":[[[16.5275,38.7149],[16.5268,38.7129],[16.5299,38.713],[16.5275,38.7149]]]}},{"type":"Feature","properties":{"landuse":"orchard"},"geometry":{"type":"Polygon","coordinates":[[[16.5272,38.7149],[16.5254,38.7148],[16.5268,38.7136],[16.5272,38.7149]]]}},{"type":"Feature","properties":{"landuse":"orchard"},"geometry":{"type":"Polygon","coordinates":[[[16.5251,38.7141],[16.5245,38.7132],[16.5264,38.7126],[16.5251,38.7141]]]}},{"type":"Feature","properties":{"landuse":"orchard"},"geometry":{"type":"Polygon","coordinates":[[[16.5252,38.7148],[16.5237,38.7148],[16.5243,38.7133],[16.5252,38.7148]]]}},{"type":"Feature","properties":{"landuse":"orchard"},"geometry":{"type":"Polygon","coordinates":[[[16.5277,38.7095],[16.5268,38.7097],[16.5266,38.7075],[16.5277,38.7095]]]}},{"type":"Feature","properties":{"landuse":"orchard"},"geometry":{"type":"Polygon","coordinates":[[[16.5301,38.7119],[16.5289,38.7076],[16.5304,38.7085],[16.5301,38.7119]]]}},{"type":"Feature","properties":{"landuse":"farmland"},"geometry":{"type":"Polygon","coordinates":[[[16.477,39.1919],[16.4807,39.1902],[16.4798,39.1922],[16.477,39.1919]]]}},{"type":"Feature","properties":{"landuse":"farmland"},"geometry":{"type":"Polygon","coordinates":[[[16.5085,39.1889],[16.5075,39.1875],[16.5098,39.1871],[16.5085,39.1889]]]}},{"type":"Feature","properties":{"landuse":"farmland"},"geometry":{"type":"Polygon","coordinates":[[[16.5122,39.1859],[16.5157,39.1878],[16.5127,39.1882],[16.5122,39.1859]]]}},{"type":"Feature","properties":{"landuse":"farmland"},"geometry":{"type":"Polygon","coordinates":[[[16.51,39.1909],[16.5129,39.1937],[16.5111,39.1982],[16.51,39.1909]]]}},{"type":"Feature","properties":{"landuse":"farmland"},"geometry":{"type":"Polygon","coordinates":[[[16.4977,39.1859],[16.5086,39.1853],[16.495,39.1897],[16.4977,39.1859]]]}},{"type":"Feature","properties":{"landuse":"farmland"},"geometry":{"type":"Polygon","coordinates":[[[16.5133,39.1909],[16.5129,39.1899],[16.5143,39.1891],[16.5133,39.1909]]]}},{"type":"Feature","properties":{"landuse":"farmland"},"geometry":{"type":"Polygon","coordinates":[[[16.5115,39.1854],[16.5137,39.1841],[16.5132,39.1857],[16.5115,39.1854]]]}},{"type":"Feature","properties":{"landuse":"farmland"},"geometry":{"type":"Polygon","coordinates":[[[16.4976,39.1786],[16.501,39.1772],[16.4985,39.1783],[16.501,39.1799],[16.4976,39.1786]]]}},{"type":"Feature","properties":{"landuse":"farmland"},"geometry":{"type":"Polygon","coordinates":[[[16.5103,39.1797],[16.5122,39.1801],[16.5084,39.1806],[16.5103,39.1797]]]}},{"type":"Feature","properties":{"landuse":"farmland"},"geometry":{"type":"Polygon","coordinates":[[[16.5,39.1788],[16.5016,39.1772],[16.5035,39.1788],[16.5,39.1788]]]}},{"type":"Feature","properties":{"landuse":"farmland"},"geometry":{"type":"Polygon","coordinates":[[[16.5112,39.1853],[16.5073,39.1822],[16.5136,39.1834],[16.5112,39.1853]]]}},{"type":"Feature","properties":{"landuse":"farmland"},"geometry":{"type":"Polygon","coordinates":[[[16.5004,39.1808],[16.5027,39.1797],[16.5028,39.182],[16.5004,39.1808]]]}},{"type":"Feature","properties":{"landuse":"farmland"},"geometry":{"type":"Polygon","coordinates":[[[16.4869,39.1776],[16.4875,39.1771],[16.4899,39.178],[16.4869,39.1776]]]}},{"type":"Feature","properties":{"landuse":"farmland"},"geometry":{"type":"Polygon","coordinates":[[[16.4997,39.1751],[16.5007,39.1761],[16.4982,39.1779],[16.4997,39.1751]]]}},{"type":"Feature","properties":{"landuse":"farmland"},"geometry":{"type":"Polygon","coordinates":[[[16.4983,39.1768],[16.4958,39.1759],[16.4991,39.1749],[16.4983,39.1768]]]}},{"type":"Feature","properties":{"landuse":"farmland"},"geometry":{"type":"Polygon","coordinates":[[[16.4961,39.1761],[16.4971,39.1778],[16.4928,39.1738],[16.4961,39.1761]]]}},{"type":"Feature","properties":{"landuse":"farmland"},"geometry":{"type":"Polygon","coordinates":[[[16.4928,39.1738],[16.4942,39.1757],[16.4914,39.1758],[16.4928,39.1738]]]}},{"type":"Feature","properties":{"landuse":"farmland"},"geometry":{"type":"Polygon","coordinates":[[[16.5033,39.1796],[16.5049,39.1807],[16.5041,39.182],[16.5033,39.1796]]]}},{"type":"Feature","properties":{"landuse":"farmland"},"geometry":{"type":"Polygon","coordinates":[[[16.4972,39.1842],[16.4944,39.1797],[16.5062,39.1837],[16.503,39.1868],[16.5017,39.1828],[16.4972,39.1842]]]}},{"type":"Feature","properties":{"landuse":"farmland"},"geometry":{"type":"Polygon","coordinates":[[[16.4986,39.2005],[16.4978,39.1997],[16.4999,39.1969],[16.4986,39.2005]]]}},{"type":"Feature","properties":{"landuse":"farmland"},"geometry":{"type":"Polygon","coordinates":[[[16.4703,39.1793],[16.4731,39.1815],[16.4691,39.1806],[16.4703,39.1793]]]}},{"type":"Feature","properties":{"landuse":"farmland"},"geometry":{"type":"Polygon","coordinates":[[[16.2209,38.1955],[16.2225,38.1972],[16.2202,38.196],[16.2209,38.1955]]]}},{"type":"Feature","properties":{"landuse":"farmland"},"geometry":{"type":"Polygon","coordinates":[[[16.2201,38.1961],[16.2223,38.1982],[16.2191,38.1979],[16.2201,38.1961]]]}},{"type":"Feature","properties":{"landuse":"farmland"},"geometry":{"type":"Polygon","coordinates":[[[16.2191,38.198],[16.2205,38.1994],[16.218,38.2011],[16.2191,38.198]]]}},{"type":"Feature","properties":{"landuse":"farmland"},"geometry":{"type":"Polygon","coordinates":[[[16.2188,38.201],[16.2194,38.202],[16.2169,38.2036],[16.2188,38.201]]]}},{"type":"Feature","properties":{"landuse":"farmland"},"geometry":{"type":"Polygon","coordinates":[[[16.2224,38.1984],[16.2234,38.1994],[16.2196,38.2018],[16.2224,38.1984]]]}},{"type":"Feature","properties":{"landuse":"farmland"},"geometry":{"type":"Polygon","coordinates":[[[16.2236,38.1995],[16.2274,38.2012],[16.2252,38.2026],[16.2236,38.1995]]]}},{"type":"Feature","properties":{"landuse":"farmland"},"geometry":{"type":"Polygon","coordinates":[[[16.2224,38.2003],[16.225,38.2026],[16.2236,38.2036],[16.2224,38.2003]]]}},{"type":"Feature","properties":{"landuse":"farmland"},"geometry":{"type":"Polygon","coordinates":[[[16.2209,38.2013],[16.223,38.2032],[16.222,38.2038],[16.2209,38.2013]]]}},{"type":"Feature","properties":{"landuse":"farmland"},"geometry":{"type":"Polygon","coordinates":[[[16.2199,38.2019],[16.2202,38.206],[16.217,38.2037],[16.2199,38.2019]]]}},{"type":"Feature","properties":{"landuse":"farmland"},"geometry":{"type":"Polygon","coordinates":[[[16.2132,38.2013],[16.2166,38.2037],[16.2153,38.2049],[16.2132,38.2013]]]}},{"type":"Feature","properties":{"landuse":"farmland"},"geometry":{"type":"Polygon","coordinates":[[[16.2168,38.2039],[16.2183,38.2048],[16.216,38.2072],[16.2168,38.2039]]]}},{"type":"Feature","properties":{"landuse":"farmland"},"geometry":{"type":"Polygon","coordinates":[[[16.2188,38.2052],[16.2209,38.2067],[16.2198,38.2073],[16.2188,38.2052]]]}},{"type":"Feature","properties":{"landuse":"farmland"},"geometry":{"type":"Polygon","coordinates":[[[16.2175,38.2059],[16.2197,38.2074],[16.2164,38.2089],[16.2175,38.2059]]]}},{"type":"Feature","properties":{"landuse":"farmland"},"geometry":{"type":"Polygon","coordinates":[[[16.2153,38.2078],[16.2136,38.2069],[16.2143,38.2061],[16.2153,38.2078]]]}},{"type":"Feature","properties":{"landuse":"farmland"},"geometry":{"type":"Polygon","coordinates":[[[16.2156,38.2072],[16.2143,38.2061],[16.2151,38.2053],[16.2156,38.2072]]]}},{"type":"Feature","properties":{"landuse":"farmland"},"geometry":{"type":"Polygon","coordinates":[[[16.5198,39.1857],[16.5211,39.1848],[16.5217,39.1864],[16.5198,39.1857]]]}},{"type":"Feature","properties":{"landuse":"farmland"},"geometry":{"type":"Polygon","coordinates":[[[16.5253,39.1912],[16.5263,39.1883],[16.5293,39.192],[16.5253,39.1912]]]}},{"type":"Feature","properties":{"landuse":"orchard"},"geometry":{"type":"Polygon","coordinates":[[[16.6027,38.9144],[16.6029,38.9132],[16.6036,38.9134],[16.6027,38.9144]]]}},{"type":"Feature","properties":{"landuse":"orchard"},"geometry":{"type":"Polygon","coordinates":[[[16.6196,38.8396],[16.6209,38.8319],[16.6265,38.8341],[16.6196,38.8396]]]}},{"type":"Feature","properties":{"landuse":"orchard"},"geometry":{"type":"Polygon","coordinates":[[[16.6151,38.84],[16.6117,38.8373],[16.6164,38.8373],[16.6177,38.8398],[16.6151,38.84]]]}},{"type":"Feature","properties":{"landuse":"orchard"},"geometry":{"type":"Polygon","coordinates":[[[16.6113,38.8429],[16.6115,38.84],[16.6126,38.8424],[16.6113,38.8429]]]}},{"type":"Feature","properties":{"landuse":"orchard"},"geometry":{"type":"Polygon","coordinates":[[[16.611,38.8471],[16.6112,38.8455],[16.6129,38.8458],[16.611,38.8471]]]}},{"type":"Feature","properties":{"landuse":"orchard"},"geometry":{"type":"Polygon","coordinates":[[[16.614,38.8324],[16.6147,38.8369],[16.6119,38.8351],[16.614,38.8324]]]}},{"type":"Feature","properties":{"landuse":"orchard"},"geometry":{"type":"Polygon","coordinates":[[[16.6137,38.8297],[16.614,38.8313],[16.6126,38.8305],[16.6137,38.8297]]]}},{"type":"Feature","properties":{"landuse":"orchard"},"geometry":{"type":"Polygon","coordinates":[[[16.6172,38.8319],[16.6172,38.8338],[16.6161,38.8327],[16.6172,38.8319]]]}},{"type":"Feature","properties":{"landuse":"orchard"},"geometry":{"type":"Polygon","coordinates":[[[16.6167,38.84],[16.6191,38.8392],[16.6199,38.8405],[16.6167,38.84]]]}},{"type":"Feature","properties":{"landuse":"orchard"},"geometry":{"type":"Polygon","coordinates":[[[16.616,38.8428],[16.6163,38.8416],[16.6183,38.8438],[16.616,38.8428]]]}},{"type":"Feature","properties":{"landuse":"vineyard"},"geometry":{"type":"Polygon","coordinates":[[[16.4628,38.939],[16.4646,38.9352],[16.4685,38.9383],[16.4628,38.939]]]}},{"type":"Feature","properties":{"landuse":"farmland"},"geometry":{"type":"Polygon","coordinates":[[[16.4003,39.083],[16.4002,39.0809],[16.4019,39.0816],[16.4003,39.083]]]}},{"type":"Feature","properties":{"landuse":"farmland"},"geometry":{"type":"Polygon","coordinates":[[[16.4105,39.0466],[16.4138,39.0485],[16.4099,39.0494],[16.4105,39.0466]]]}},{"type":"Feature","properties":{"landuse":"farmland"},"geometry":{"type":"Polygon","coordinates":[[[16.5632,38.4314],[16.562,38.4321],[16.5618,38.4314],[16.5632,38.4314]]]}},{"type":"Feature","properties":{"landuse":"orchard"},"geometry":{"type":"Polygon","coordinates":[[[15.9271,38.674],[15.9265,38.6707],[15.9289,38.6727],[15.9271,38.674]]]}},{"type":"Feature","properties":{"landuse":"orchard"},"geometry":{"type":"Polygon","coordinates":[[[15.9269,38.6712],[15.9322,38.6707],[15.9288,38.6723],[15.9269,38.6712]]]}},{"type":"Feature","properties":{"landuse":"orchard"},"geometry":{"type":"Polygon","coordinates":[[[16.3001,39.6659],[16.2974,39.6653],[16.2994,39.663],[16.3001,39.6659]]]}},{"type":"Feature","properties":{"landuse":"farmland"},"geometry":{"type":"Polygon","coordinates":[[[17.092,39.0884],[17.0886,39.0861],[17.0928,39.0865],[17.092,39.0884]]]}},{"type":"Feature","properties":{"landuse":"farmland"},"geometry":{"type":"Polygon","coordinates":[[[17.0818,39.0853],[17.0865,39.0858],[17.0846,39.0874],[17.0818,39.0853]]]}},{"type":"Feature","properties":{"landuse":"farmland"},"geometry":{"type":"Polygon","coordinates":[[[17.0931,39.0873],[17.0967,39.0864],[17.095,39.0873],[17.0956,39.0878],[17.0931,39.0873]]]}},{"type":"Feature","properties":{"landuse":"farmland"},"geometry":{"type":"Polygon","coordinates":[[[17.093,39.0874],[17.0958,39.0882],[17.0936,39.0904],[17.093,39.0874]]]}},{"type":"Feature","properties":{"landuse":"orchard"},"geometry":{"type":"Polygon","coordinates":[[[17.0923,39.0885],[17.0941,39.089],[17.0928,39.0896],[17.0923,39.0885]]]}},{"type":"Feature","properties":{"landuse":"farmland"},"geometry":{"type":"Polygon","coordinates":[[[17.0919,39.0892],[17.0935,39.0906],[17.0906,39.0917],[17.0919,39.0892]]]}},{"type":"Feature","properties":{"landuse":"farmland"},"geometry":{"type":"Polygon","coordinates":[[[17.0854,39.081],[17.093,39.0827],[17.0913,39.0853],[17.0854,39.081]]]}},{"type":"Feature","properties":{"landuse":"farmland"},"geometry":{"type":"Polygon","coordinates":[[[17.0978,39.0826],[17.0983,39.0818],[17.1023,39.0832],[17.1014,39.0839],[17.0978,39.0826]]]}},{"type":"Feature","properties":{"landuse":"farmland"},"geometry":{"type":"Polygon","coordinates":[[[17.0878,39.0902],[17.0909,39.0905],[17.0903,39.0916],[17.0878,39.0902]]]}},{"type":"Feature","properties":{"landuse":"farmland"},"geometry":{"type":"Polygon","coordinates":[[[16.4331,39.011],[16.433,39.0086],[16.4342,39.0098],[16.4331,39.011]]]}},{"type":"Feature","properties":{"landuse":"orchard"},"geometry":{"type":"Polygon","coordinates":[[[16.5543,38.4186],[16.556,38.4156],[16.5589,38.4186],[16.5543,38.4186]]]}},{"type":"Feature","properties":{"landuse":"orchard"},"geometry":{"type":"Polygon","coordinates":[[[16.811,39.0481],[16.8077,39.0546],[16.8028,39.0554],[16.811,39.0481]]]}},{"type":"Feature","properties":{"landuse":"orchard"},"geometry":{"type":"Polygon","coordinates":[[[16.5428,38.4894],[16.5409,38.4877],[16.5427,38.4883],[16.5428,38.4894]]]}},{"type":"Feature","properties":{"landuse":"farmland"},"geometry":{"type":"Polygon","coordinates":[[[16.5555,38.6633],[16.5525,38.6642],[16.5525,38.6638],[16.5555,38.6633]]]}},{"type":"Feature","properties":{"landuse":"farmland"},"geometry":{"type":"Polygon","coordinates":[[[16.555,38.6615],[16.5521,38.6616],[16.5544,38.6608],[16.555,38.6615]]]}},{"type":"Feature","properties":{"landuse":"orchard"},"geometry":{"type":"Polygon","coordinates":[[[16.5112,38.5115],[16.5133,38.5123],[16.5104,38.5127],[16.5112,38.5115]]]}},{"type":"Feature","properties":{"landuse":"orchard"},"geometry":{"type":"Polygon","coordinates":[[[16.3136,38.2892],[16.3101,38.2889],[16.3133,38.2868],[16.3136,38.2892]]]}},{"type":"Feature","properties":{"landuse":"orchard"},"geometry":{"type":"Polygon","coordinates":[[[16.6701,38.9272],[16.6716,38.9267],[16.6713,38.9278],[16.6701,38.9272]]]}},{"type":"Feature","properties":{"landuse":"orchard"},"geometry":{"type":"Polygon","coordinates":[[[16.4656,38.4316],[16.464,38.4313],[16.4653,38.4307],[16.4656,38.4316]]]}},{"type":"Feature","properties":{"landuse":"farmland"},"geometry":{"type":"Polygon","coordinates":[[[16.4735,38.4696],[16.4724,38.469],[16.4736,38.4683],[16.4735,38.4696]]]}},{"type":"Feature","properties":{"landuse":"orchard"},"geometry":{"type":"Polygon","coordinates":[[[16.4674,38.3856],[16.4643,38.3865],[16.4673,38.3827],[16.4674,38.3856]]]}},{"type":"Feature","properties":{"landuse":"orchard"},"geometry":{"type":"Polygon","coordinates":[[[16.7636,39.6105],[16.7629,39.6087],[16.7648,39.608],[16.7636,39.6105]]]}},{"type":"Feature","properties":{"landuse":"orchard"},"geometry":{"type":"Polygon","coordinates":[[[16.7618,39.6103],[16.7628,39.6085],[16.7636,39.6105],[16.7618,39.6103]]]}},{"type":"Feature","properties":{"landuse":"orchard"},"geometry":{"type":"Polygon","coordinates":[[[16.7605,39.6092],[16.7614,39.609],[16.7606,39.6103],[16.7605,39.6092]]]}},{"type":"Feature","properties":{"landuse":"orchard"},"geometry":{"type":"Polygon","coordinates":[[[16.7602,39.6092],[16.7603,39.6079],[16.7616,39.6088],[16.7602,39.6092]]]}},{"type":"Feature","properties":{"landuse":"orchard"},"geometry":{"type":"Polygon","coordinates":[[[16.7616,39.6088],[16.7616,39.6076],[16.7669,39.6065],[16.7616,39.6088]]]}},{"type":"Feature","properties":{"landuse":"orchard"},"geometry":{"type":"Polygon","coordinates":[[[16.767,39.6071],[16.7686,39.6064],[16.7692,39.6072],[16.767,39.6071]]]}},{"type":"Feature","properties":{"landuse":"farmland"},"geometry":{"type":"Polygon","coordinates":[[[16.5913,38.9447],[16.5934,38.9434],[16.6,38.9449],[16.5913,38.9447]]]}},{"type":"Feature","properties":{"landuse":"orchard"},"geometry":{"type":"Polygon","coordinates":[[[16.5825,38.9271],[16.5846,38.926],[16.584,38.9271],[16.5825,38.9271]]]}},{"type":"Feature","properties":{"landuse":"orchard"},"geometry":{"type":"Polygon","coordinates":[[[16.3536,38.8822],[16.3569,38.8808],[16.3576,38.8836],[16.3536,38.8822]]]}},{"type":"Feature","properties":{"landuse":"orchard"},"geometry":{"type":"Polygon","coordinates":[[[16.36,38.8823],[16.3579,38.884],[16.3574,38.8816],[16.36,38.8823]]]}},{"type":"Feature","properties":{"landuse":"orchard"},"geometry":{"type":"Polygon","coordinates":[[[16.5045,38.4441],[16.5062,38.4422],[16.5086,38.4409],[16.5045,38.4441]]]}},{"type":"Feature","properties":{"landuse":"farmland"},"geometry":{"type":"Polygon","coordinates":[[[16.5076,38.4427],[16.5072,38.4449],[16.5058,38.4446],[16.5076,38.4427]]]}},{"type":"Feature","properties":{"landuse":"orchard"},"geometry":{"type":"Polygon","coordinates":[[[16.5068,38.4465],[16.5028,38.446],[16.5064,38.445],[16.5068,38.4465]]]}},{"type":"Feature","properties":{"landuse":"orchard"},"geometry":{"type":"Polygon","coordinates":[[[16.5068,38.4411],[16.5046,38.4418],[16.5062,38.4404],[16.5068,38.4411]]]}},{"type":"Feature","properties":{"landuse":"farmland"},"geometry":{"type":"Polygon","coordinates":[[[16.4953,38.4471],[16.4951,38.4458],[16.4964,38.4461],[16.4953,38.4471]]]}},{"type":"Feature","properties":{"landuse":"farmland"},"geometry":{"type":"Polygon","coordinates":[[[16.9439,38.9656],[16.9349,38.9654],[16.9388,38.9587],[16.9302,38.9572],[16.9306,38.9535],[16.9462,38.9583],[16.9439,38.9656]]]}},{"type":"Feature","properties":{"landuse":"farmland"},"geometry":{"type":"Polygon","coordinates":[[[16.9318,38.9639],[16.9273,38.9641],[16.9321,38.9626],[16.9318,38.9639]]]}},{"type":"Feature","properties":{"landuse":"farmland"},"geometry":{"type":"Polygon","coordinates":[[[16.9237,38.9744],[16.9325,38.9688],[16.9312,38.9657],[16.9268,38.9658],[16.9438,38.9657],[16.9383,38.9742],[16.9237,38.9744]]]}},{"type":"Feature","properties":{"landuse":"farmland"},"geometry":{"type":"Polygon","coordinates":[[[16.9418,38.9697],[16.9467,38.9586],[16.9528,38.9586],[16.9533,38.9673],[16.9571,38.9688],[16.9578,38.9751],[16.9551,38.9779],[16.9418,38.9697]]]}},{"type":"Feature","properties":{"landuse":"farmland"},"geometry":{"type":"Polygon","coordinates":[[[16.9647,38.9799],[16.9689,38.9658],[16.9865,38.9788],[16.9797,38.987],[16.9647,38.9799]]]}},{"type":"Feature","properties":{"landuse":"orchard"},"geometry":{"type":"Polygon","coordinates":[[[15.8895,38.6711],[15.8898,38.6702],[15.8919,38.6712],[15.8895,38.6711]]]}},{"type":"Feature","properties":{"landuse":"farmland"},"geometry":{"type":"Polygon","coordinates":[[[15.9095,38.679],[15.9095,38.6806],[15.9071,38.6804],[15.9095,38.679]]]}},{"type":"Feature","properties":{"landuse":"farmland"},"geometry":{"type":"Polygon","coordinates":[[[15.9305,38.6838],[15.9331,38.6852],[15.9301,38.6843],[15.9305,38.6838]]]}},{"type":"Feature","properties":{"landuse":"farmland"},"geometry":{"type":"Polygon","coordinates":[[[15.9305,38.6849],[15.9345,38.6867],[15.9279,38.6869],[15.9305,38.6849]]]}},{"type":"Feature","properties":{"landuse":"farmland"},"geometry":{"type":"Polygon","coordinates":[[[15.8457,38.6493],[15.8479,38.6484],[15.8489,38.6492],[15.8457,38.6493]]]}},{"type":"Feature","properties":{"landuse":"farmland"},"geometry":{"type":"Polygon","coordinates":[[[15.8526,38.651],[15.8481,38.6468],[15.8505,38.6446],[15.8526,38.651]]]}},{"type":"Feature","properties":{"landuse":"farmland"},"geometry":{"type":"Polygon","coordinates":[[[15.8444,38.6483],[15.8431,38.647],[15.8456,38.6464],[15.8444,38.6483]]]}},{"type":"Feature","properties":{"landuse":"farmland"},"geometry":{"type":"Polygon","coordinates":[[[15.9048,38.6796],[15.905,38.6789],[15.9068,38.6793],[15.9048,38.6796]]]}},{"type":"Feature","properties":{"landuse":"farmland"},"geometry":{"type":"Polygon","coordinates":[[[15.8632,38.6552],[15.864,38.6569],[15.8605,38.6555],[15.8632,38.6552]]]}},{"type":"Feature","properties":{"landuse":"farmland"},"geometry":{"type":"Polygon","coordinates":[[[15.8407,38.6434],[15.8389,38.6423],[15.8429,38.6403],[15.8407,38.6434]]]}},{"type":"Feature","properties":{"landuse":"farmland"},"geometry":{"type":"Polygon","coordinates":[[[15.8427,38.6433],[15.8441,38.6423],[15.8436,38.6439],[15.8427,38.6433]]]}},{"type":"Feature","properties":{"landuse":"farmland"},"geometry":{"type":"Polygon","coordinates":[[[15.8338,38.6283],[15.8365,38.6286],[15.8351,38.6305],[15.8338,38.6283]]]}},{"type":"Feature","properties":{"landuse":"farmland"},"geometry":{"type":"Polygon","coordinates":[[[15.8368,38.6296],[15.8359,38.6272],[15.8382,38.628],[15.8368,38.6296]]]}},{"type":"Feature","properties":{"landuse":"orchard"},"geometry":{"type":"Polygon","coordinates":[[[15.9924,38.7113],[15.9938,38.7109],[15.9942,38.7122],[15.9924,38.7113]]]}},{"type":"Feature","properties":{"landuse":"orchard"},"geometry":{"type":"Polygon","coordinates":[[[15.9909,38.7102],[15.9926,38.7111],[15.9899,38.7118],[15.9909,38.7102]]]}},{"type":"Feature","properties":{"landuse":"vineyard"},"geometry":{"type":"Polygon","coordinates":[[[15.9907,38.7116],[15.9942,38.7122],[15.9907,38.713],[15.9907,38.7116]]]}},{"type":"Feature","properties":{"landuse":"vineyard"},"geometry":{"type":"Polygon","coordinates":[[[15.9904,38.7169],[15.99,38.7152],[15.9907,38.715],[15.9904,38.7169]]]}},{"type":"Feature","properties":{"landuse":"orchard"},"geometry":{"type":"Polygon","coordinates":[[[15.9895,38.7106],[15.9881,38.7109],[15.99,38.708],[15.9895,38.7106]]]}},{"type":"Feature","properties":{"landuse":"farmland"},"geometry":{"type":"Polygon","coordinates":[[[15.9877,38.716],[15.9947,38.7105],[15.9948,38.7166],[15.9924,38.7148],[15.9951,38.7171],[15.9877,38.716]]]}},{"type":"Feature","properties":{"landuse":"orchard"},"geometry":{"type":"Polygon","coordinates":[[[15.9922,38.7176],[15.9908,38.715],[15.9932,38.7168],[15.9922,38.7176]]]}},{"type":"Feature","properties":{"landuse":"orchard"},"geometry":{"type":"Polygon","coordinates":[[[15.9928,38.7178],[15.9951,38.7171],[15.9955,38.7181],[15.9928,38.7178]]]}},{"type":"Feature","properties":{"landuse":"orchard"},"geometry":{"type":"Polygon","coordinates":[[[15.9881,38.7161],[15.9882,38.7153],[15.9917,38.7146],[15.9881,38.7161]]]}},{"type":"Feature","properties":{"landuse":"farmland"},"geometry":{"type":"Polygon","coordinates":[[[15.9899,38.7118],[15.9906,38.7079],[15.9938,38.7095],[15.9899,38.7118]]]}},{"type":"Feature","properties":{"landuse":"farmland"},"geometry":{"type":"Polygon","coordinates":[[[15.9871,38.7108],[15.99,38.708],[15.9895,38.7117],[15.9871,38.7108]]]}},{"type":"Feature","properties":{"landuse":"orchard"},"geometry":{"type":"Polygon","coordinates":[[[15.9837,38.7118],[15.9809,38.7116],[15.9818,38.7107],[15.9837,38.7118]]]}},{"type":"Feature","properties":{"landuse":"farmland"},"geometry":{"type":"Polygon","coordinates":[[[15.9061,38.6767],[15.9063,38.6747],[15.907,38.6763],[15.9061,38.6767]]]}},{"type":"Feature","properties":{"landuse":"farmland"},"geometry":{"type":"Polygon","coordinates":[[[15.9022,38.6288],[15.8995,38.6289],[15.9012,38.6275],[15.9022,38.6288]]]}},{"type":"Feature","properties":{"landuse":"orchard"},"geometry":{"type":"Polygon","coordinates":[[[15.9249,38.6705],[15.9243,38.673],[15.9231,38.6716],[15.9249,38.6705]]]}},{"type":"Feature","properties":{"landuse":"orchard"},"geometry":{"type":"Polygon","coordinates":[[[15.9231,38.6693],[15.9222,38.6704],[15.9216,38.6688],[15.9231,38.6693]]]}},{"type":"Feature","properties":{"landuse":"orchard"},"geometry":{"type":"Polygon","coordinates":[[[15.9242,38.6692],[15.9255,38.6681],[15.9258,38.6687],[15.9242,38.6692]]]}},{"type":"Feature","properties":{"landuse":"orchard"},"geometry":{"type":"Polygon","coordinates":[[[15.9278,38.6702],[15.9292,38.6688],[15.931,38.6694],[15.9278,38.6702]]]}},{"type":"Feature","properties":{"landuse":"orchard"},"geometry":{"type":"Polygon","coordinates":[[[15.9324,38.6688],[15.9302,38.6691],[15.9306,38.6674],[15.9324,38.6688]]]}},{"type":"Feature","properties":{"landuse":"orchard"},"geometry":{"type":"Polygon","coordinates":[[[15.9409,38.6688],[15.9402,38.6684],[15.9411,38.6671],[15.9416,38.6682],[15.9409,38.6688]]]}},{"type":"Feature","properties":{"landuse":"orchard"},"geometry":{"type":"Polygon","coordinates":[[[15.9397,38.6685],[15.9427,38.6716],[15.9398,38.671],[15.9397,38.6685]]]}},{"type":"Feature","properties":{"landuse":"orchard"},"geometry":{"type":"Polygon","coordinates":[[[15.9443,38.6711],[15.943,38.6695],[15.9467,38.6701],[15.9443,38.6711]]]}},{"type":"Feature","properties":{"landuse":"orchard"},"geometry":{"type":"Polygon","coordinates":[[[15.9264,38.6766],[15.9279,38.6755],[15.9284,38.6766],[15.9264,38.6766]]]}},{"type":"Feature","properties":{"landuse":"orchard"},"geometry":{"type":"Polygon","coordinates":[[[15.9296,38.6615],[15.932,38.6611],[15.9296,38.6631],[15.9296,38.6615]]]}},{"type":"Feature","properties":{"landuse":"farmland"},"geometry":{"type":"Polygon","coordinates":[[[15.8579,38.6575],[15.8561,38.6566],[15.8579,38.6557],[15.8579,38.6575]]]}},{"type":"Feature","properties":{"landuse":"farmland"},"geometry":{"type":"Polygon","coordinates":[[[15.86,38.6597],[15.859,38.6577],[15.8604,38.6584],[15.86,38.6597]]]}},{"type":"Feature","properties":{"landuse":"farmland"},"geometry":{"type":"Polygon","coordinates":[[[15.8532,38.659],[15.85,38.6583],[15.8533,38.6573],[15.8532,38.659]]]}},{"type":"Feature","properties":{"landuse":"orchard"},"geometry":{"type":"Polygon","coordinates":[[[16.4445,38.4076],[16.4421,38.4065],[16.4446,38.4066],[16.4445,38.4076]]]}},{"type":"Feature","properties":{"landuse":"orchard"},"geometry":{"type":"Polygon","coordinates":[[[16.4387,38.4048],[16.4412,38.4035],[16.4402,38.4048],[16.4387,38.4048]]]}},{"type":"Feature","properties":{"landuse":"orchard"},"geometry":{"type":"Polygon","coordinates":[[[16.4383,38.4049],[16.4367,38.4045],[16.4379,38.4036],[16.4383,38.4049]]]}},{"type":"Feature","properties":{"landuse":"orchard"},"geometry":{"type":"Polygon","coordinates":[[[16.6938,38.8702],[16.6884,38.8671],[16.6904,38.8649],[16.6938,38.8702]]]}},{"type":"Feature","properties":{"landuse":"orchard"},"geometry":{"type":"Polygon","coordinates":[[[16.6443,39.6025],[16.6411,39.5993],[16.6527,39.5997],[16.6443,39.6025]]]}},{"type":"Feature","properties":{"landuse":"farmland"},"geometry":{"type":"Polygon","coordinates":[[[16.4786,38.3887],[16.4776,38.3876],[16.4787,38.3876],[16.4786,38.3887]]]}},{"type":"Feature","properties":{"landuse":"orchard"},"geometry":{"type":"Polygon","coordinates":[[[16.6462,39.6135],[16.6493,39.6113],[16.6484,39.6146],[16.6462,39.6135]]]}},{"type":"Feature","properties":{"landuse":"orchard"},"geometry":{"type":"Polygon","coordinates":[[[16.4877,38.4615],[16.4862,38.461],[16.4875,38.4598],[16.4877,38.4615]]]}},{"type":"Feature","properties":{"landuse":"green_public_spaces"},"geometry":{"type":"Polygon","coordinates":[[[16.6169,38.8224],[16.618,38.8228],[16.6169,38.8237],[16.6169,38.8224]]]}},{"type":"Feature","properties":{"landuse":"orchard"},"geometry":{"type":"Polygon","coordinates":[[[16.2614,39.6387],[16.2629,39.6364],[16.2668,39.6385],[16.2614,39.6387]]]}},{"type":"Feature","properties":{"landuse":"farmland"},"geometry":{"type":"Polygon","coordinates":[[[16.2647,39.6395],[16.2645,39.6416],[16.2614,39.6387],[16.2647,39.6395]]]}},{"type":"Feature","properties":{"landuse":"farmland"},"geometry":{"type":"Polygon","coordinates":[[[16.263,39.6386],[16.2674,39.6388],[16.265,39.6395],[16.263,39.6386]]]}},{"type":"Feature","properties":{"landuse":"farmland"},"geometry":{"type":"Polygon","coordinates":[[[16.2778,39.6256],[16.2762,39.6251],[16.2777,39.6243],[16.2778,39.6256]]]}},{"type":"Feature","properties":{"landuse":"orchard"},"geometry":{"type":"Polygon","coordinates":[[[16.2817,39.6127],[16.2832,39.6153],[16.2798,39.6149],[16.2791,39.6126],[16.2817,39.6127]]]}},{"type":"Feature","properties":{"landuse":"farmland"},"geometry":{"type":"Polygon","coordinates":[[[16.2755,39.6312],[16.2767,39.6307],[16.2764,39.6318],[16.2755,39.6312]]]}},{"type":"Feature","properties":{"landuse":"farmland"},"geometry":{"type":"Polygon","coordinates":[[[16.2837,39.6475],[16.2821,39.6482],[16.2827,39.6462],[16.2837,39.6475]]]}},{"type":"Feature","properties":{"landuse":"orchard"},"geometry":{"type":"Polygon","coordinates":[[[16.2783,39.645],[16.276,39.6442],[16.2796,39.6446],[16.2783,39.645]]]}},{"type":"Feature","properties":{"landuse":"farmland"},"geometry":{"type":"Polygon","coordinates":[[[16.261,39.6496],[16.2592,39.6479],[16.2626,39.6461],[16.2676,39.647],[16.261,39.6496]]]}},{"type":"Feature","properties":{"landuse":"farmland"},"geometry":{"type":"Polygon","coordinates":[[[16.2676,39.6392],[16.2696,39.6398],[16.2686,39.643],[16.2676,39.6392]]]}},{"type":"Feature","properties":{"landuse":"orchard"},"geometry":{"type":"Polygon","coordinates":[[[16.258,39.6397],[16.2604,39.6382],[16.2608,39.6405],[16.258,39.6397]]]}},{"type":"Feature","properties":{"landuse":"farmland"},"geometry":{"type":"Polygon","coordinates":[[[16.5585,38.4755],[16.5575,38.4761],[16.5576,38.4749],[16.5585,38.4755]]]}},{"type":"Feature","properties":{"landuse":"orchard"},"geometry":{"type":"Polygon","coordinates":[[[16.5602,38.4712],[16.5614,38.4718],[16.561,38.4741],[16.5602,38.4712]]]}},{"type":"Feature","properties":{"landuse":"orchard"},"geometry":{"type":"Polygon","coordinates":[[[16.5615,38.4692],[16.5601,38.4682],[16.5625,38.4675],[16.5615,38.4692]]]}},{"type":"Feature","properties":{"landuse":"orchard"},"geometry":{"type":"Polygon","coordinates":[[[16.5715,38.4622],[16.5738,38.4629],[16.5722,38.4629],[16.5715,38.4622]]]}},{"type":"Feature","properties":{"landuse":"orchard"},"geometry":{"type":"Polygon","coordinates":[[[16.5614,38.4621],[16.563,38.4639],[16.5601,38.4638],[16.5614,38.4621]]]}},{"type":"Feature","properties":{"landuse":"orchard"},"geometry":{"type":"Polygon","coordinates":[[[16.5685,38.4781],[16.5715,38.4787],[16.5701,38.4801],[16.5685,38.4781]]]}},{"type":"Feature","properties":{"landuse":"orchard"},"geometry":{"type":"Polygon","coordinates":[[[16.5729,38.4907],[16.5751,38.491],[16.5735,38.4926],[16.5729,38.4907]]]}},{"type":"Feature","properties":{"landuse":"green_public_spaces"},"geometry":{"type":"Polygon","coordinates":[[[16.1747,38.7384],[16.177,38.7381],[16.1762,38.739],[16.1747,38.7384]]]}},{"type":"Feature","properties":{"landuse":"orchard"},"geometry":{"type":"Polygon","coordinates":[[[16.192,38.7414],[16.1952,38.7407],[16.1975,38.7432],[16.192,38.7414]]]}},{"type":"Feature","properties":{"landuse":"orchard"},"geometry":{"type":"Polygon","coordinates":[[[16.1932,38.7406],[16.1941,38.7394],[16.1955,38.7399],[16.1932,38.7406]]]}},{"type":"Feature","properties":{"landuse":"orchard"},"geometry":{"type":"Polygon","coordinates":[[[16.1968,38.7411],[16.1976,38.7387],[16.1999,38.7406],[16.1968,38.7411]]]}},{"type":"Feature","properties":{"landuse":"orchard"},"geometry":{"type":"Polygon","coordinates":[[[16.2091,38.7505],[16.2102,38.7519],[16.2078,38.7507],[16.2091,38.7505]]]}},{"type":"Feature","properties":{"landuse":"orchard"},"geometry":{"type":"Polygon","coordinates":[[[16.2086,38.7528],[16.2112,38.752],[16.2126,38.7541],[16.2086,38.7528]]]}},{"type":"Feature","properties":{"landuse":"orchard"},"geometry":{"type":"Polygon","coordinates":[[[16.2127,38.754],[16.2133,38.7486],[16.2167,38.7502],[16.2127,38.754]]]}},{"type":"Feature","properties":{"landuse":"orchard"},"geometry":{"type":"Polygon","coordinates":[[[16.2171,38.7511],[16.2152,38.7483],[16.219,38.7515],[16.2171,38.7511]]]}},{"type":"Feature","properties":{"landuse":"orchard"},"geometry":{"type":"Polygon","coordinates":[[[16.2002,38.7763],[16.199,38.7747],[16.2026,38.7751],[16.2002,38.7763]]]}},{"type":"Feature","properties":{"landuse":"orchard"},"geometry":{"type":"Polygon","coordinates":[[[16.2005,38.7766],[16.2027,38.7771],[16.2015,38.7781],[16.2005,38.7766]]]}},{"type":"Feature","properties":{"landuse":"orchard"},"geometry":{"type":"Polygon","coordinates":[[[16.2304,38.75],[16.2331,38.7497],[16.2324,38.7523],[16.2304,38.75]]]}},{"type":"Feature","properties":{"landuse":"farmland"},"geometry":{"type":"Polygon","coordinates":[[[16.2212,38.7749],[16.2211,38.7739],[16.2223,38.7741],[16.2212,38.7749]]]}},{"type":"Feature","properties":{"landuse":"orchard"},"geometry":{"type":"Polygon","coordinates":[[[16.2208,38.7744],[16.2201,38.7731],[16.2212,38.7728],[16.2208,38.7744]]]}},{"type":"Feature","properties":{"landuse":"orchard"},"geometry":{"type":"Polygon","coordinates":[[[16.2174,38.7739],[16.2178,38.7721],[16.2193,38.7741],[16.2174,38.7739]]]}},{"type":"Feature","properties":{"landuse":"orchard"},"geometry":{"type":"Polygon","coordinates":[[[16.2157,38.7741],[16.2173,38.7773],[16.2163,38.7776],[16.2157,38.7741]]]}},{"type":"Feature","properties":{"landuse":"orchard"},"geometry":{"type":"Polygon","coordinates":[[[16.2137,38.7747],[16.2144,38.7744],[16.2159,38.7777],[16.2137,38.7747]]]}},{"type":"Feature","properties":{"landuse":"orchard"},"geometry":{"type":"Polygon","coordinates":[[[16.224,38.7764],[16.2256,38.7774],[16.2243,38.7773],[16.224,38.7764]]]}},{"type":"Feature","properties":{"landuse":"orchard"},"geometry":{"type":"Polygon","coordinates":[[[16.2186,38.7793],[16.2206,38.7784],[16.2202,38.7814],[16.2186,38.7793]]]}},{"type":"Feature","properties":{"landuse":"orchard"},"geometry":{"type":"Polygon","coordinates":[[[16.2181,38.7819],[16.2176,38.7777],[16.2193,38.7817],[16.2181,38.7819]]]}},{"type":"Feature","properties":{"landuse":"farmland"},"geometry":{"type":"Polygon","coordinates":[[[16.204,38.766],[16.2073,38.7687],[16.2054,38.7696],[16.204,38.766]]]}},{"type":"Feature","properties":{"landuse":"farmland"},"geometry":{"type":"Polygon","coordinates":[[[16.1934,38.7518],[16.1969,38.7525],[16.1957,38.7534],[16.1934,38.7518]]]}},{"type":"Feature","properties":{"landuse":"farmland"},"geometry":{"type":"Polygon","coordinates":[[[16.1724,38.7366],[16.1732,38.7358],[16.1746,38.7368],[16.1724,38.7366]]]}},{"type":"Feature","properties":{"landuse":"farmland"},"geometry":{"type":"Polygon","coordinates":[[[15.9119,38.6775],[15.9127,38.6759],[15.914,38.6768],[15.9119,38.6775]]]}},{"type":"Feature","properties":{"landuse":"farmland"},"geometry":{"type":"Polygon","coordinates":[[[15.9153,38.6787],[15.9146,38.6795],[15.9111,38.6795],[15.9153,38.6787]]]}},{"type":"Feature","properties":{"landuse":"farmland"},"geometry":{"type":"Polygon","coordinates":[[[15.9604,38.6864],[15.9612,38.6895],[15.9582,38.6881],[15.9604,38.6864]]]}},{"type":"Feature","properties":{"landuse":"farmland"},"geometry":{"type":"Polygon","coordinates":[[[15.9427,38.6814],[15.9488,38.6795],[15.9478,38.6814],[15.9427,38.6814]]]}},{"type":"Feature","properties":{"landuse":"orchard"},"geometry":{"type":"Polygon","coordinates":[[[16.0685,38.7117],[16.0666,38.7103],[16.0697,38.7095],[16.0685,38.7117]]]}},{"type":"Feature","properties":{"landuse":"farmland"},"geometry":{"type":"Polygon","coordinates":[[[16.0697,38.7107],[16.0725,38.7176],[16.0676,38.72],[16.0659,38.7143],[16.0697,38.7107]]]}},{"type":"Feature","properties":{"landuse":"farmland"},"geometry":{"type":"Polygon","coordinates":[[[16.0658,38.7172],[16.0642,38.719],[16.0607,38.7156],[16.0658,38.7172]]]}},{"type":"Feature","properties":{"landuse":"farmland"},"geometry":{"type":"Polygon","coordinates":[[[16.0603,38.7152],[16.058,38.7158],[16.0595,38.714],[16.0603,38.7152]]]}},{"type":"Feature","properties":{"landuse":"orchard"},"geometry":{"type":"Polygon","coordinates":[[[16.0648,38.712],[16.062,38.7102],[16.066,38.7108],[16.0648,38.712]]]}},{"type":"Feature","properties":{"landuse":"orchard"},"geometry":{"type":"Polygon","coordinates":[[[16.062,38.7102],[16.0617,38.7124],[16.0608,38.712],[16.062,38.7102]]]}},{"type":"Feature","properties":{"landuse":"orchard"},"geometry":{"type":"Polygon","coordinates":[[[16.0609,38.7103],[16.0614,38.7095],[16.0651,38.7085],[16.0609,38.7103]]]}},{"type":"Feature","properties":{"landuse":"orchard"},"geometry":{"type":"Polygon","coordinates":[[[16.0612,38.7094],[16.0609,38.7083],[16.0653,38.7077],[16.0612,38.7094]]]}},{"type":"Feature","properties":{"landuse":"orchard"},"geometry":{"type":"Polygon","coordinates":[[[16.0598,38.7046],[16.0623,38.7076],[16.0582,38.7041],[16.0598,38.7046]]]}},{"type":"Feature","properties":{"landuse":"orchard"},"geometry":{"type":"Polygon","coordinates":[[[16.061,38.708],[16.0579,38.7069],[16.06,38.7065],[16.061,38.708]]]}},{"type":"Feature","properties":{"landuse":"orchard"},"geometry":{"type":"Polygon","coordinates":[[[16.0582,38.7072],[16.0548,38.7059],[16.0565,38.7056],[16.0582,38.7072]]]}},{"type":"Feature","properties":{"landuse":"orchard"},"geometry":{"type":"Polygon","coordinates":[[[16.062,38.706],[16.0614,38.7046],[16.0629,38.705],[16.062,38.706]]]}},{"type":"Feature","properties":{"landuse":"orchard"},"geometry":{"type":"Polygon","coordinates":[[[16.027,38.6974],[16.029,38.6983],[16.0224,38.7024],[16.0235,38.6971],[16.027,38.6974]]]}},{"type":"Feature","properties":{"landuse":"farmland"},"geometry":{"type":"Polygon","coordinates":[[[15.8576,38.6544],[15.8537,38.6528],[15.857,38.6499],[15.8571,38.6533],[15.8602,38.6534],[15.8576,38.6544]]]}},{"type":"Feature","properties":{"landuse":"orchard"},"geometry":{"type":"Polygon","coordinates":[[[15.9807,38.6759],[15.9794,38.6743],[15.9825,38.6751],[15.9807,38.6759]]]}},{"type":"Feature","properties":{"landuse":"orchard"},"geometry":{"type":"Polygon","coordinates":[[[15.9768,38.67],[15.9775,38.6733],[15.9752,38.6716],[15.9768,38.67]]]}},{"type":"Feature","properties":{"landuse":"orchard"},"geometry":{"type":"Polygon","coordinates":[[[15.9642,38.679],[15.9617,38.6765],[15.9655,38.6768],[15.9642,38.679]]]}},{"type":"Feature","properties":{"landuse":"farmland"},"geometry":{"type":"Polygon","coordinates":[[[15.9642,38.679],[15.9654,38.6772],[15.9667,38.6787],[15.9642,38.679]]]}},{"type":"Feature","properties":{"landuse":"orchard"},"geometry":{"type":"Polygon","coordinates":[[[16.0388,38.6855],[16.042,38.683],[16.0401,38.6855],[16.0388,38.6855]]]}},{"type":"Feature","properties":{"landuse":"orchard"},"geometry":{"type":"Polygon","coordinates":[[[16.0371,38.6886],[16.0368,38.6879],[16.0387,38.6878],[16.0371,38.6886]]]}},{"type":"Feature","properties":{"landuse":"orchard"},"geometry":{"type":"Polygon","coordinates":[[[16.0491,38.6878],[16.0509,38.6868],[16.0503,38.6883],[16.0491,38.6878]]]}},{"type":"Feature","properties":{"landuse":"orchard"},"geometry":{"type":"Polygon","coordinates":[[[16.0494,38.6887],[16.0518,38.6887],[16.0497,38.6902],[16.0494,38.6887]]]}},{"type":"Feature","properties":{"landuse":"farmland"},"geometry":{"type":"Polygon","coordinates":[[[16.0432,38.7227],[16.0448,38.7238],[16.043,38.7251],[16.0432,38.7227]]]}},{"type":"Feature","properties":{"landuse":"farmland"},"geometry":{"type":"Polygon","coordinates":[[[16.0424,38.7228],[16.0408,38.7245],[16.0394,38.7239],[16.0424,38.7228]]]}},{"type":"Feature","properties":{"landuse":"orchard"},"geometry":{"type":"Polygon","coordinates":[[[16.0368,38.7261],[16.0388,38.7246],[16.0387,38.726],[16.0368,38.7261]]]}},{"type":"Feature","properties":{"landuse":"farmland"},"geometry":{"type":"Polygon","coordinates":[[[16.0368,38.7267],[16.0412,38.7258],[16.0401,38.7268],[16.0368,38.7267]]]}},{"type":"Feature","properties":{"landuse":"farmland"},"geometry":{"type":"Polygon","coordinates":[[[16.0396,38.7213],[16.0408,38.7193],[16.0423,38.7211],[16.0396,38.7213]]]}},{"type":"Feature","properties":{"landuse":"orchard"},"geometry":{"type":"Polygon","coordinates":[[[16.0505,38.7151],[16.0553,38.7164],[16.051,38.7172],[16.0505,38.7151]]]}},{"type":"Feature","properties":{"landuse":"farmland"},"geometry":{"type":"Polygon","coordinates":[[[16.049,38.7148],[16.051,38.7132],[16.0527,38.7145],[16.049,38.7148]]]}},{"type":"Feature","properties":{"landuse":"farmland"},"geometry":{"type":"Polygon","coordinates":[[[16.0568,38.7141],[16.0543,38.7121],[16.0574,38.7114],[16.0568,38.7141]]]}},{"type":"Feature","properties":{"landuse":"orchard"},"geometry":{"type":"Polygon","coordinates":[[[16.051,38.7175],[16.0545,38.7179],[16.0514,38.7188],[16.051,38.7175]]]}},{"type":"Feature","properties":{"landuse":"farmland"},"geometry":{"type":"Polygon","coordinates":[[[16.055,38.7181],[16.0546,38.7167],[16.0562,38.7169],[16.055,38.7181]]]}},{"type":"Feature","properties":{"landuse":"orchard"},"geometry":{"type":"Polygon","coordinates":[[[16.0805,38.7085],[16.0822,38.7072],[16.0825,38.7085],[16.0805,38.7085]]]}},{"type":"Feature","properties":{"landuse":"farmland"},"geometry":{"type":"Polygon","coordinates":[[[16.0713,38.7096],[16.0727,38.7096],[16.0723,38.7115],[16.0713,38.7096]]]}},{"type":"Feature","properties":{"landuse":"orchard"},"geometry":{"type":"Polygon","coordinates":[[[16.0723,38.711],[16.076,38.7101],[16.0761,38.7118],[16.0723,38.711]]]}},{"type":"Feature","properties":{"landuse":"orchard"},"geometry":{"type":"Polygon","coordinates":[[[16.0733,38.7026],[16.0746,38.7014],[16.0765,38.7024],[16.0733,38.7026]]]}},{"type":"Feature","properties":{"landuse":"orchard"},"geometry":{"type":"Polygon","coordinates":[[[16.0724,38.7055],[16.0722,38.7045],[16.074,38.7048],[16.0724,38.7055]]]}},{"type":"Feature","properties":{"landuse":"orchard"},"geometry":{"type":"Polygon","coordinates":[[[16.0743,38.7067],[16.0756,38.7058],[16.0754,38.7075],[16.0743,38.7067]]]}},{"type":"Feature","properties":{"landuse":"orchard"},"geometry":{"type":"Polygon","coordinates":[[[16.0956,38.7064],[16.0942,38.7045],[16.095,38.7025],[16.0956,38.7064]]]}},{"type":"Feature","properties":{"landuse":"orchard"},"geometry":{"type":"Polygon","coordinates":[[[16.0957,38.7044],[16.0955,38.7026],[16.097,38.7033],[16.0957,38.7044]]]}},{"type":"Feature","properties":{"landuse":"orchard"},"geometry":{"type":"Polygon","coordinates":[[[16.1489,38.6993],[16.1465,38.6977],[16.1482,38.6977],[16.1489,38.6993]]]}},{"type":"Feature","properties":{"landuse":"orchard"},"geometry":{"type":"Polygon","coordinates":[[[16.1527,38.7102],[16.1508,38.7099],[16.1529,38.7082],[16.1527,38.7102]]]}},{"type":"Feature","properties":{"landuse":"farmland"},"geometry":{"type":"Polygon","coordinates":[[[16.1675,38.718],[16.1729,38.7128],[16.1821,38.7253],[16.1962,38.728],[16.2034,38.738],[16.192,38.7414],[16.1874,38.7347],[16.1736,38.7311],[16.1558,38.7158],[16.1599,38.7162],[16.1629,38.7212],[16.1675,38.718]]]}},{"type":"Feature","properties":{"landuse":"farmland"},"geometry":{"type":"Polygon","coordinates":[[[16.1265,38.6934],[16.1333,38.6993],[16.1247,38.6975],[16.1231,38.6941],[16.1265,38.6934]]]}},{"type":"Feature","properties":{"landuse":"farmland"},"geometry":{"type":"Polygon","coordinates":[[[16.1299,38.6963],[16.1326,38.6958],[16.1347,38.699],[16.1299,38.6963]]]}},{"type":"Feature","properties":{"landuse":"orchard"},"geometry":{"type":"Polygon","coordinates":[[[16.0908,38.7062],[16.0904,38.7096],[16.088,38.7104],[16.0908,38.7062]]]}},{"type":"Feature","properties":{"landuse":"farmland"},"geometry":{"type":"Polygon","coordinates":[[[16.0894,38.7058],[16.0936,38.7092],[16.0902,38.71],[16.0894,38.7058]]]}},{"type":"Feature","properties":{"landuse":"orchard"},"geometry":{"type":"Polygon","coordinates":[[[16.0928,38.703],[16.0947,38.7058],[16.0916,38.704],[16.0928,38.703]]]}},{"type":"Feature","properties":{"landuse":"orchard"},"geometry":{"type":"Polygon","coordinates":[[[16.0923,38.7026],[16.0905,38.7033],[16.0905,38.7024],[16.0923,38.7026]]]}},{"type":"Feature","properties":{"landuse":"orchard"},"geometry":{"type":"Polygon","coordinates":[[[16.0904,38.7032],[16.091,38.7008],[16.0931,38.702],[16.0904,38.7032]]]}},{"type":"Feature","properties":{"landuse":"farmland"},"geometry":{"type":"Polygon","coordinates":[[[16.0796,38.7161],[16.0754,38.7182],[16.0754,38.7158],[16.0796,38.7161]]]}},{"type":"Feature","properties":{"landuse":"orchard"},"geometry":{"type":"Polygon","coordinates":[[[16.2438,38.7754],[16.2424,38.7748],[16.2439,38.7744],[16.2438,38.7754]]]}},{"type":"Feature","properties":{"landuse":"greenhouse_horticulture"},"geometry":{"type":"Polygon","coordinates":[[[16.2066,38.7827],[16.2056,38.7821],[16.2072,38.78],[16.2066,38.7827]]]}},{"type":"Feature","properties":{"landuse":"greenhouse_horticulture"},"geometry":{"type":"Polygon","coordinates":[[[16.2057,38.7846],[16.2072,38.782],[16.2085,38.7827],[16.2057,38.7846]]]}},{"type":"Feature","properties":{"landuse":"orchard"},"geometry":{"type":"Polygon","coordinates":[[[16.2093,38.7866],[16.212,38.7823],[16.2136,38.7853],[16.2093,38.7866]]]}},{"type":"Feature","properties":{"landuse":"farmland"},"geometry":{"type":"Polygon","coordinates":[[[16.209,38.784],[16.2102,38.7851],[16.2086,38.786],[16.209,38.784]]]}},{"type":"Feature","properties":{"landuse":"farmland"},"geometry":{"type":"Polygon","coordinates":[[[16.2072,38.7849],[16.209,38.7865],[16.2078,38.7874],[16.2072,38.7849]]]}},{"type":"Feature","properties":{"landuse":"orchard"},"geometry":{"type":"Polygon","coordinates":[[[16.2093,38.777],[16.2106,38.7807],[16.2072,38.782],[16.2093,38.777]]]}},{"type":"Feature","properties":{"landuse":"orchard"},"geometry":{"type":"Polygon","coordinates":[[[16.2064,38.7787],[16.2061,38.7813],[16.2049,38.779],[16.2064,38.7787]]]}},{"type":"Feature","properties":{"landuse":"orchard"},"geometry":{"type":"Polygon","coordinates":[[[16.2048,38.779],[16.2013,38.7765],[16.2093,38.777],[16.2048,38.779]]]}},{"type":"Feature","properties":{"landuse":"orchard"},"geometry":{"type":"Polygon","coordinates":[[[16.2094,38.7768],[16.208,38.7764],[16.2108,38.7744],[16.2094,38.7768]]]}},{"type":"Feature","properties":{"landuse":"orchard"},"geometry":{"type":"Polygon","coordinates":[[[16.2092,38.7745],[16.2114,38.7725],[16.2127,38.7736],[16.2092,38.7745]]]}},{"type":"Feature","properties":{"landuse":"orchard"},"geometry":{"type":"Polygon","coordinates":[[[16.2118,38.7775],[16.213,38.7758],[16.2148,38.7783],[16.2118,38.7775]]]}},{"type":"Feature","properties":{"landuse":"orchard"},"geometry":{"type":"Polygon","coordinates":[[[16.2137,38.7808],[16.2118,38.7796],[16.2128,38.779],[16.2137,38.7808]]]}},{"type":"Feature","properties":{"landuse":"orchard"},"geometry":{"type":"Polygon","coordinates":[[[16.2242,38.765],[16.2213,38.7641],[16.2213,38.7668],[16.2207,38.7622],[16.2281,38.7602],[16.2242,38.765]]]}},{"type":"Feature","properties":{"landuse":"orchard"},"geometry":{"type":"Polygon","coordinates":[[[16.2146,38.795],[16.2177,38.7936],[16.2185,38.7943],[16.2146,38.795]]]}},{"type":"Feature","properties":{"landuse":"farmland"},"geometry":{"type":"Polygon","coordinates":[[[16.0732,38.7187],[16.0745,38.717],[16.0752,38.7182],[16.0732,38.7187]]]}},{"type":"Feature","properties":{"landuse":"farmland"},"geometry":{"type":"Polygon","coordinates":[[[16.1918,38.713],[16.1955,38.7119],[16.1966,38.7138],[16.1918,38.713]]]}},{"type":"Feature","properties":{"landuse":"orchard"},"geometry":{"type":"Polygon","coordinates":[[[16.1637,38.6999],[16.1658,38.697],[16.1697,38.701],[16.1637,38.6999]]]}},{"type":"Feature","properties":{"landuse":"farmland"},"geometry":{"type":"Polygon","coordinates":[[[16.1446,38.7039],[16.1513,38.7039],[16.1496,38.7062],[16.1446,38.7039]]]}},{"type":"Feature","properties":{"landuse":"orchard"},"geometry":{"type":"Polygon","coordinates":[[[16.149,38.7021],[16.1497,38.7018],[16.1514,38.7034],[16.149,38.7021]]]}},{"type":"Feature","properties":{"landuse":"farmland"},"geometry":{"type":"Polygon","coordinates":[[[16.0186,38.722],[16.0197,38.7232],[16.018,38.7234],[16.0186,38.722]]]}},{"type":"Feature","properties":{"landuse":"farmland"},"geometry":{"type":"Polygon","coordinates":[[[16.0186,38.7196],[16.0186,38.7175],[16.02,38.7197],[16.0186,38.7196]]]}},{"type":"Feature","properties":{"landuse":"orchard"},"geometry":{"type":"Polygon","coordinates":[[[16.019,38.7174],[16.0216,38.7204],[16.0194,38.72],[16.019,38.7174]]]}},{"type":"Feature","properties":{"landuse":"farmland"},"geometry":{"type":"Polygon","coordinates":[[[16.0223,38.7176],[16.0201,38.7171],[16.0229,38.7157],[16.0223,38.7176]]]}},{"type":"Feature","properties":{"landuse":"orchard"},"geometry":{"type":"Polygon","coordinates":[[[16.0123,38.7174],[16.0144,38.7175],[16.0124,38.7204],[16.0123,38.7174]]]}},{"type":"Feature","properties":{"landuse":"farmland"},"geometry":{"type":"Polygon","coordinates":[[[16.2837,39.6475],[16.2821,39.6482],[16.2827,39.6462],[16.2837,39.6475]]]}},{"type":"Feature","properties":{"landuse":"farmland"},"geometry":{"type":"Polygon","coordinates":[[[16.2652,39.6396],[16.2661,39.6396],[16.2644,39.6421],[16.2652,39.6396]]]}},{"type":"Feature","properties":{"landuse":"farmland"},"geometry":{"type":"Polygon","coordinates":[[[16.2741,39.6336],[16.2774,39.634],[16.2767,39.6347],[16.2741,39.6336]]]}},{"type":"Feature","properties":{"landuse":"orchard"},"geometry":{"type":"Polygon","coordinates":[[[16.1017,38.7055],[16.1017,38.7032],[16.1043,38.7031],[16.1017,38.7055]]]}},{"type":"Feature","properties":{"landuse":"orchard"},"geometry":{"type":"Polygon","coordinates":[[[16.1017,38.7026],[16.0985,38.7026],[16.0999,38.7007],[16.1017,38.7026]]]}},{"type":"Feature","properties":{"landuse":"orchard"},"geometry":{"type":"Polygon","coordinates":[[[16.1163,38.709],[16.1168,38.708],[16.1179,38.7084],[16.1163,38.709]]]}},{"type":"Feature","properties":{"landuse":"orchard"},"geometry":{"type":"Polygon","coordinates":[[[16.1837,38.7139],[16.1864,38.714],[16.1856,38.7146],[16.1837,38.7139]]]}},{"type":"Feature","properties":{"landuse":"orchard"},"geometry":{"type":"Polygon","coordinates":[[[16.1886,38.7112],[16.1876,38.7112],[16.1894,38.7102],[16.1886,38.7112]]]}},{"type":"Feature","properties":{"landuse":"orchard"},"geometry":{"type":"Polygon","coordinates":[[[16.2123,38.6896],[16.2128,38.6855],[16.2156,38.6875],[16.2123,38.6896]]]}},{"type":"Feature","properties":{"landuse":"orchard"},"geometry":{"type":"Polygon","coordinates":[[[16.2083,38.6905],[16.2126,38.6903],[16.208,38.694],[16.2083,38.6905]]]}},{"type":"Feature","properties":{"landuse":"orchard"},"geometry":{"type":"Polygon","coordinates":[[[16.2039,38.6919],[16.2078,38.6917],[16.2079,38.6941],[16.2039,38.6919]]]}},{"type":"Feature","properties":{"landuse":"orchard"},"geometry":{"type":"Polygon","coordinates":[[[16.08,38.7047],[16.0804,38.7036],[16.0809,38.7052],[16.08,38.7047]]]}},{"type":"Feature","properties":{"landuse":"orchard"},"geometry":{"type":"Polygon","coordinates":[[[16.0772,38.701],[16.078,38.6984],[16.0803,38.6978],[16.0772,38.701]]]}},{"type":"Feature","properties":{"landuse":"farmland"},"geometry":{"type":"Polygon","coordinates":[[[15.8773,38.6306],[15.8792,38.6277],[15.8811,38.6295],[15.8773,38.6306]]]}},{"type":"Feature","properties":{"landuse":"orchard"},"geometry":{"type":"Polygon","coordinates":[[[15.8821,38.63],[15.8837,38.6305],[15.883,38.6309],[15.8821,38.63]]]}},{"type":"Feature","properties":{"landuse":"farmland"},"geometry":{"type":"Polygon","coordinates":[[[15.8814,38.6319],[15.8804,38.6312],[15.8817,38.6301],[15.8814,38.6319]]]}},{"type":"Feature","properties":{"landuse":"farmland"},"geometry":{"type":"Polygon","coordinates":[[[15.8812,38.6292],[15.8795,38.6278],[15.885,38.6263],[15.8812,38.6292]]]}},{"type":"Feature","properties":{"landuse":"orchard"},"geometry":{"type":"Polygon","coordinates":[[[16.204,38.7674],[16.2012,38.7632],[16.2044,38.7655],[16.204,38.7674]]]}},{"type":"Feature","properties":{"landuse":"orchard"},"geometry":{"type":"Polygon","coordinates":[[[16.2014,38.7629],[16.1999,38.7608],[16.201,38.7601],[16.2014,38.7629]]]}},{"type":"Feature","properties":{"landuse":"orchard"},"geometry":{"type":"Polygon","coordinates":[[[16.1963,38.7595],[16.1987,38.7582],[16.198,38.7608],[16.1963,38.7595]]]}},{"type":"Feature","properties":{"landuse":"orchard"},"geometry":{"type":"Polygon","coordinates":[[[16.1944,38.7581],[16.1936,38.7574],[16.1974,38.7567],[16.1944,38.7581]]]}},{"type":"Feature","properties":{"landuse":"orchard"},"geometry":{"type":"Polygon","coordinates":[[[16.1904,38.7543],[16.1917,38.7535],[16.1917,38.7551],[16.1904,38.7543]]]}},{"type":"Feature","properties":{"landuse":"farmland"},"geometry":{"type":"Polygon","coordinates":[[[16.1971,38.7283],[16.2113,38.736],[16.2014,38.7349],[16.1971,38.7283]]]}},{"type":"Feature","properties":{"landuse":"farmland"},"geometry":{"type":"Polygon","coordinates":[[[16.2061,38.7466],[16.1987,38.7462],[16.2003,38.7445],[16.1954,38.7423],[16.2013,38.74],[16.2061,38.7466]]]}},{"type":"Feature","properties":{"landuse":"farmland"},"geometry":{"type":"Polygon","coordinates":[[[16.2093,38.7543],[16.2062,38.756],[16.2023,38.7471],[16.2061,38.7466],[16.2093,38.7543]]]}},{"type":"Feature","properties":{"landuse":"orchard"},"geometry":{"type":"Polygon","coordinates":[[[16.211,38.755],[16.2149,38.7518],[16.2146,38.7556],[16.211,38.755]]]}},{"type":"Feature","properties":{"landuse":"orchard"},"geometry":{"type":"Polygon","coordinates":[[[16.2097,38.7565],[16.209,38.7551],[16.2105,38.7555],[16.2097,38.7565]]]}},{"type":"Feature","properties":{"landuse":"orchard"},"geometry":{"type":"Polygon","coordinates":[[[16.2075,38.7488],[16.2067,38.7474],[16.2084,38.7482],[16.2075,38.7488]]]}},{"type":"Feature","properties":{"landuse":"farmland"},"geometry":{"type":"Polygon","coordinates":[[[16.2139,38.7505],[16.2125,38.7501],[16.2131,38.7486],[16.2139,38.7505]]]}},{"type":"Feature","properties":{"landuse":"farmland"},"geometry":{"type":"Polygon","coordinates":[[[16.2125,38.7501],[16.2089,38.7484],[16.214,38.7463],[16.2125,38.7501]]]}},{"type":"Feature","properties":{"landuse":"farmland"},"geometry":{"type":"Polygon","coordinates":[[[16.1815,38.7214],[16.1935,38.721],[16.1909,38.7248],[16.1815,38.7214]]]}},{"type":"Feature","properties":{"landuse":"farmland"},"geometry":{"type":"Polygon","coordinates":[[[16.1749,38.7146],[16.1789,38.7148],[16.1783,38.7174],[16.1749,38.7146]]]}},{"type":"Feature","properties":{"landuse":"farmland"},"geometry":{"type":"Polygon","coordinates":[[[16.1669,38.7023],[16.1628,38.7047],[16.1564,38.6989],[16.1586,38.6962],[16.1619,38.6987],[16.1658,38.697],[16.1624,38.7014],[16.1669,38.7023]]]}},{"type":"Feature","properties":{"landuse":"orchard"},"geometry":{"type":"Polygon","coordinates":[[[16.1323,38.692],[16.1343,38.6905],[16.1366,38.6923],[16.1323,38.692]]]}},{"type":"Feature","properties":{"landuse":"orchard"},"geometry":{"type":"Polygon","coordinates":[[[16.1338,38.6901],[16.1367,38.6891],[16.1371,38.6912],[16.1338,38.6901]]]}},{"type":"Feature","properties":{"landuse":"orchard"},"geometry":{"type":"Polygon","coordinates":[[[16.1331,38.6894],[16.136,38.6878],[16.1338,38.6901],[16.1331,38.6894]]]}},{"type":"Feature","properties":{"landuse":"orchard"},"geometry":{"type":"Polygon","coordinates":[[[16.1358,38.687],[16.1377,38.6878],[16.1362,38.6884],[16.1358,38.687]]]}},{"type":"Feature","properties":{"landuse":"orchard"},"geometry":{"type":"Polygon","coordinates":[[[16.1326,38.6825],[16.1344,38.6817],[16.134,38.6832],[16.1326,38.6825]]]}},{"type":"Feature","properties":{"landuse":"orchard"},"geometry":{"type":"Polygon","coordinates":[[[16.1353,38.6844],[16.1345,38.6859],[16.1328,38.6848],[16.1353,38.6844]]]}},{"type":"Feature","properties":{"landuse":"orchard"},"geometry":{"type":"Polygon","coordinates":[[[16.649,38.963],[16.6506,38.9649],[16.6451,38.9645],[16.649,38.963]]]}},{"type":"Feature","properties":{"landuse":"orchard"},"geometry":{"type":"Polygon","coordinates":[[[16.6518,38.9625],[16.6484,38.9617],[16.6507,38.961],[16.6518,38.9625]]]}},{"type":"Feature","properties":{"landuse":"orchard"},"geometry":{"type":"Polygon","coordinates":[[[16.6519,38.9626],[16.6518,38.9637],[16.6493,38.963],[16.6519,38.9626]]]}},{"type":"Feature","properties":{"landuse":"orchard"},"geometry":{"type":"Polygon","coordinates":[[[16.7198,38.9393],[16.7207,38.9385],[16.7213,38.9401],[16.7198,38.9393]]]}},{"type":"Feature","properties":{"landuse":"orchard"},"geometry":{"type":"Polygon","coordinates":[[[16.7171,38.9421],[16.715,38.9394],[16.7186,38.941],[16.7171,38.9421]]]}},{"type":"Feature","properties":{"landuse":"orchard"},"geometry":{"type":"Polygon","coordinates":[[[16.7157,38.9434],[16.713,38.9412],[16.7169,38.9417],[16.7157,38.9434]]]}},{"type":"Feature","properties":{"landuse":"orchard"},"geometry":{"type":"Polygon","coordinates":[[[16.7144,38.9475],[16.7112,38.9441],[16.7151,38.9437],[16.7144,38.9475]]]}},{"type":"Feature","properties":{"landuse":"farmland"},"geometry":{"type":"Polygon","coordinates":[[[16.7235,38.943],[16.723,38.9418],[16.7241,38.9424],[16.7235,38.943]]]}},{"type":"Feature","properties":{"landuse":"farmland"},"geometry":{"type":"Polygon","coordinates":[[[16.7248,38.9176],[16.7263,38.9162],[16.7301,38.9168],[16.7248,38.9176]]]}},{"type":"Feature","properties":{"landuse":"orchard"},"geometry":{"type":"Polygon","coordinates":[[[16.7485,38.8866],[16.7492,38.8901],[16.7476,38.8896],[16.7485,38.8866]]]}},{"type":"Feature","properties":{"landuse":"orchard"},"geometry":{"type":"Polygon","coordinates":[[[16.7327,38.9091],[16.7353,38.9084],[16.7358,38.9121],[16.7327,38.9091]]]}},{"type":"Feature","properties":{"landuse":"farmland"},"geometry":{"type":"Polygon","coordinates":[[[16.7249,38.918],[16.7227,38.917],[16.7239,38.9162],[16.7249,38.918]]]}},{"type":"Feature","properties":{"landuse":"orchard"},"geometry":{"type":"Polygon","coordinates":[[[16.0026,38.5952],[16.0008,38.595],[16.0046,38.5951],[16.0026,38.5952]]]}},{"type":"Feature","properties":{"landuse":"farmland"},"geometry":{"type":"Polygon","coordinates":[[[16.6473,38.9106],[16.647,38.9075],[16.6486,38.9085],[16.6473,38.9106]]]}},{"type":"Feature","properties":{"landuse":"orchard"},"geometry":{"type":"Polygon","coordinates":[[[16.6475,38.9109],[16.6477,38.9057],[16.6507,38.9093],[16.6475,38.9109]]]}},{"type":"Feature","properties":{"landuse":"farmland"},"geometry":{"type":"Polygon","coordinates":[[[16.669,38.9113],[16.6696,38.9102],[16.6715,38.9113],[16.669,38.9113]]]}},{"type":"Feature","properties":{"landuse":"orchard"},"geometry":{"type":"Polygon","coordinates":[[[16.6691,38.9114],[16.6706,38.9129],[16.6691,38.9127],[16.6691,38.9114]]]}},{"type":"Feature","properties":{"landuse":"orchard"},"geometry":{"type":"Polygon","coordinates":[[[16.6779,38.9125],[16.6772,38.9104],[16.6787,38.9085],[16.6779,38.9125]]]}},{"type":"Feature","properties":{"landuse":"orchard"},"geometry":{"type":"Polygon","coordinates":[[[16.6796,38.9094],[16.6812,38.9104],[16.6787,38.9131],[16.6796,38.9094]]]}},{"type":"Feature","properties":{"landuse":"orchard"},"geometry":{"type":"Polygon","coordinates":[[[16.6815,38.9044],[16.6829,38.9031],[16.6852,38.9048],[16.6815,38.9044]]]}},{"type":"Feature","properties":{"landuse":"orchard"},"geometry":{"type":"Polygon","coordinates":[[[16.6852,38.9159],[16.6796,38.9128],[16.6806,38.9114],[16.6852,38.9159]]]}},{"type":"Feature","properties":{"landuse":"farmland"},"geometry":{"type":"Polygon","coordinates":[[[16.6763,38.9226],[16.6783,38.9216],[16.6781,38.9244],[16.6763,38.9226]]]}},{"type":"Feature","properties":{"landuse":"farmland"},"geometry":{"type":"Polygon","coordinates":[[[16.1907,38.7546],[16.1936,38.7547],[16.192,38.7562],[16.1907,38.7546]]]}},{"type":"Feature","properties":{"landuse":"farmland"},"geometry":{"type":"Polygon","coordinates":[[[16.2003,38.7594],[16.201,38.76],[16.1988,38.7614],[16.2003,38.7594]]]}},{"type":"Feature","properties":{"landuse":"farmland"},"geometry":{"type":"Polygon","coordinates":[[[16.1984,38.7645],[16.2005,38.764],[16.1994,38.7661],[16.1984,38.7645]]]}},{"type":"Feature","properties":{"landuse":"orchard"},"geometry":{"type":"Polygon","coordinates":[[[16.2028,38.7594],[16.2056,38.7608],[16.2038,38.7618],[16.2028,38.7594]]]}},{"type":"Feature","properties":{"landuse":"farmland"},"geometry":{"type":"Polygon","coordinates":[[[16.212,38.7667],[16.2092,38.7659],[16.2107,38.7656],[16.212,38.7667]]]}},{"type":"Feature","properties":{"landuse":"orchard"},"geometry":{"type":"Polygon","coordinates":[[[16.2085,38.7663],[16.2085,38.7642],[16.2125,38.765],[16.2085,38.7663]]]}},{"type":"Feature","properties":{"landuse":"orchard"},"geometry":{"type":"Polygon","coordinates":[[[16.2111,38.7664],[16.2142,38.7647],[16.2128,38.7664],[16.2111,38.7664]]]}},{"type":"Feature","properties":{"landuse":"orchard"},"geometry":{"type":"Polygon","coordinates":[[[16.2096,38.7694],[16.2131,38.7683],[16.2111,38.7702],[16.2096,38.7694]]]}},{"type":"Feature","properties":{"landuse":"orchard"},"geometry":{"type":"Polygon","coordinates":[[[16.2195,38.767],[16.2177,38.766],[16.2204,38.7617],[16.2195,38.767]]]}},{"type":"Feature","properties":{"landuse":"orchard"},"geometry":{"type":"Polygon","coordinates":[[[16.2161,38.768],[16.2201,38.7673],[16.2165,38.7686],[16.2161,38.768]]]}},{"type":"Feature","properties":{"landuse":"orchard"},"geometry":{"type":"Polygon","coordinates":[[[16.2256,38.7712],[16.2257,38.7681],[16.2306,38.7687],[16.2256,38.7712]]]}},{"type":"Feature","properties":{"landuse":"orchard"},"geometry":{"type":"Polygon","coordinates":[[[16.2234,38.7729],[16.2344,38.7695],[16.2322,38.7729],[16.2364,38.7739],[16.2234,38.7729]]]}},{"type":"Feature","properties":{"landuse":"farmland"},"geometry":{"type":"Polygon","coordinates":[[[15.8662,38.6617],[15.8676,38.6609],[15.8684,38.6617],[15.8662,38.6617]]]}},{"type":"Feature","properties":{"landuse":"farmland"},"geometry":{"type":"Polygon","coordinates":[[[16.1138,38.7081],[16.1154,38.7077],[16.1142,38.7086],[16.1138,38.7081]]]}},{"type":"Feature","properties":{"landuse":"farmland"},"geometry":{"type":"Polygon","coordinates":[[[16.1258,38.7061],[16.1271,38.7049],[16.1277,38.7057],[16.1258,38.7061]]]}},{"type":"Feature","properties":{"landuse":"orchard"},"geometry":{"type":"Polygon","coordinates":[[[16.1144,38.7013],[16.1126,38.7012],[16.1147,38.7],[16.1144,38.7013]]]}},{"type":"Feature","properties":{"landuse":"farmland"},"geometry":{"type":"Polygon","coordinates":[[[16.1142,38.7026],[16.1143,38.7017],[16.1189,38.7019],[16.1142,38.7026]]]}},{"type":"Feature","properties":{"landuse":"farmland"},"geometry":{"type":"Polygon","coordinates":[[[16.0791,38.707],[16.0791,38.7057],[16.0808,38.7065],[16.0791,38.707]]]}},{"type":"Feature","properties":{"landuse":"farmland"},"geometry":{"type":"Polygon","coordinates":[[[16.0703,38.7106],[16.0707,38.7097],[16.0717,38.7115],[16.0703,38.7106]]]}},{"type":"Feature","properties":{"landuse":"farmland"},"geometry":{"type":"Polygon","coordinates":[[[16.0711,38.712],[16.0731,38.7145],[16.0724,38.715],[16.0711,38.712]]]}},{"type":"Feature","properties":{"landuse":"farmland"},"geometry":{"type":"Polygon","coordinates":[[[16.0729,38.7174],[16.0724,38.716],[16.0744,38.7167],[16.0729,38.7174]]]}},{"type":"Feature","properties":{"landuse":"farmland"},"geometry":{"type":"Polygon","coordinates":[[[16.0663,38.7201],[16.0648,38.7193],[16.0656,38.7184],[16.0663,38.7201]]]}},{"type":"Feature","properties":{"landuse":"farmland"},"geometry":{"type":"Polygon","coordinates":[[[16.0611,38.7186],[16.0626,38.7183],[16.0659,38.72],[16.0611,38.7186]]]}},{"type":"Feature","properties":{"landuse":"farmland"},"geometry":{"type":"Polygon","coordinates":[[[16.0586,38.72],[16.0621,38.72],[16.0629,38.7208],[16.0586,38.72]]]}},{"type":"Feature","properties":{"landuse":"farmland"},"geometry":{"type":"Polygon","coordinates":[[[16.0622,38.7154],[16.0646,38.7124],[16.0651,38.7161],[16.0622,38.7154]]]}},{"type":"Feature","properties":{"landuse":"farmland"},"geometry":{"type":"Polygon","coordinates":[[[16.0633,38.7098],[16.0673,38.7095],[16.066,38.7108],[16.0633,38.7098]]]}},{"type":"Feature","properties":{"landuse":"orchard"},"geometry":{"type":"Polygon","coordinates":[[[16.0702,38.7089],[16.0703,38.7068],[16.0717,38.7061],[16.0702,38.7089]]]}},{"type":"Feature","properties":{"landuse":"orchard"},"geometry":{"type":"Polygon","coordinates":[[[16.0774,38.705],[16.0797,38.7033],[16.0794,38.7054],[16.0774,38.705]]]}},{"type":"Feature","properties":{"landuse":"orchard"},"geometry":{"type":"Polygon","coordinates":[[[15.9003,38.6736],[15.9006,38.6729],[15.9037,38.673],[15.9003,38.6736]]]}},{"type":"Feature","properties":{"landuse":"farmland"},"geometry":{"type":"Polygon","coordinates":[[[15.9129,38.6799],[15.9152,38.6796],[15.9136,38.6818],[15.9129,38.6799]]]}},{"type":"Feature","properties":{"landuse":"farmland"},"geometry":{"type":"Polygon","coordinates":[[[16.1198,38.7095],[16.1185,38.7081],[16.1234,38.7103],[16.1198,38.7095]]]}},{"type":"Feature","properties":{"landuse":"farmland"},"geometry":{"type":"Polygon","coordinates":[[[15.9203,38.6804],[15.9219,38.6781],[15.9239,38.6794],[15.9203,38.6804]]]}},{"type":"Feature","properties":{"landuse":"farmland"},"geometry":{"type":"Polygon","coordinates":[[[15.9374,38.6811],[15.9366,38.6825],[15.936,38.6814],[15.9374,38.6811]]]}},{"type":"Feature","properties":{"landuse":"orchard"},"geometry":{"type":"Polygon","coordinates":[[[15.9373,38.6827],[15.9375,38.6812],[15.9383,38.6816],[15.9373,38.6827]]]}},{"type":"Feature","properties":{"landuse":"farmland"},"geometry":{"type":"Polygon","coordinates":[[[15.8364,38.6236],[15.8344,38.6266],[15.8337,38.6256],[15.8364,38.6236]]]}},{"type":"Feature","properties":{"landuse":"farmland"},"geometry":{"type":"Polygon","coordinates":[[[16.1059,38.6518],[16.1056,38.6532],[16.1028,38.653],[16.1059,38.6518]]]}},{"type":"Feature","properties":{"landuse":"farmland"},"geometry":{"type":"Polygon","coordinates":[[[15.838,38.6334],[15.8361,38.6336],[15.8375,38.6319],[15.838,38.6334]]]}},{"type":"Feature","properties":{"landuse":"farmland"},"geometry":{"type":"Polygon","coordinates":[[[15.8382,38.6377],[15.8398,38.6384],[15.8364,38.6394],[15.8382,38.6377]]]}},{"type":"Feature","properties":{"landuse":"farmland"},"geometry":{"type":"Polygon","coordinates":[[[15.8419,38.6398],[15.8405,38.6408],[15.8381,38.6397],[15.8419,38.6398]]]}},{"type":"Feature","properties":{"landuse":"farmland"},"geometry":{"type":"Polygon","coordinates":[[[15.8437,38.6378],[15.843,38.6402],[15.8423,38.6399],[15.8437,38.6378]]]}},{"type":"Feature","properties":{"landuse":"farmland"},"geometry":{"type":"Polygon","coordinates":[[[15.8431,38.6402],[15.844,38.6385],[15.8452,38.6406],[15.8431,38.6402]]]}},{"type":"Feature","properties":{"landuse":"orchard"},"geometry":{"type":"Polygon","coordinates":[[[16.1009,38.7055],[16.099,38.7047],[16.1006,38.7032],[16.1009,38.7055]]]}},{"type":"Feature","properties":{"landuse":"orchard"},"geometry":{"type":"Polygon","coordinates":[[[16.1019,38.7025],[16.1017,38.7005],[16.1027,38.7024],[16.1019,38.7025]]]}},{"type":"Feature","properties":{"landuse":"orchard"},"geometry":{"type":"Polygon","coordinates":[[[16.103,38.7002],[16.1067,38.6995],[16.1083,38.7015],[16.103,38.7002]]]}},{"type":"Feature","properties":{"landuse":"farmland"},"geometry":{"type":"Polygon","coordinates":[[[16.0243,38.718],[16.0251,38.7172],[16.0255,38.7189],[16.0243,38.718]]]}},{"type":"Feature","properties":{"landuse":"farmland"},"geometry":{"type":"Polygon","coordinates":[[[16.0274,38.7169],[16.0319,38.721],[16.0254,38.722],[16.0274,38.7169]]]}},{"type":"Feature","properties":{"landuse":"farmland"},"geometry":{"type":"Polygon","coordinates":[[[15.9948,38.7223],[16.0044,38.7155],[16.0053,38.72],[16.0022,38.7186],[15.9948,38.7223]]]}},{"type":"Feature","properties":{"landuse":"farmland"},"geometry":{"type":"Polygon","coordinates":[[[15.99,38.7132],[15.9894,38.712],[15.9907,38.7116],[15.99,38.7132]]]}},{"type":"Feature","properties":{"landuse":"farmland"},"geometry":{"type":"Polygon","coordinates":[[[15.8522,38.6524],[15.8531,38.6519],[15.8538,38.6536],[15.8522,38.6524]]]}},{"type":"Feature","properties":{"landuse":"farmland"},"geometry":{"type":"Polygon","coordinates":[[[15.8505,38.6528],[15.8495,38.6503],[15.8518,38.6522],[15.8505,38.6528]]]}},{"type":"Feature","properties":{"landuse":"farmland"},"geometry":{"type":"Polygon","coordinates":[[[15.8466,38.6513],[15.8446,38.6513],[15.8466,38.6504],[15.8466,38.6513]]]}},{"type":"Feature","properties":{"landuse":"orchard"},"geometry":{"type":"Polygon","coordinates":[[[15.8681,38.6371],[15.8672,38.6364],[15.869,38.6356],[15.8681,38.6371]]]}},{"type":"Feature","properties":{"landuse":"farmland"},"geometry":{"type":"Polygon","coordinates":[[[15.8702,38.6281],[15.8743,38.6313],[15.871,38.633],[15.8727,38.6355],[15.8652,38.6364],[15.8702,38.6281]]]}},{"type":"Feature","properties":{"landuse":"farmland"},"geometry":{"type":"Polygon","coordinates":[[[15.8746,38.6292],[15.8759,38.6316],[15.8734,38.6303],[15.8746,38.6292]]]}},{"type":"Feature","properties":{"landuse":"farmland"},"geometry":{"type":"Polygon","coordinates":[[[15.8849,38.6243],[15.8744,38.6292],[15.8764,38.6258],[15.8849,38.6243]]]}},{"type":"Feature","properties":{"landuse":"orchard"},"geometry":{"type":"Polygon","coordinates":[[[15.8876,38.6234],[15.8907,38.6225],[15.8904,38.6232],[15.8876,38.6234]]]}},{"type":"Feature","properties":{"landuse":"farmland"},"geometry":{"type":"Polygon","coordinates":[[[15.8884,38.6241],[15.89,38.6234],[15.8901,38.6241],[15.8884,38.6241]]]}},{"type":"Feature","properties":{"landuse":"orchard"},"geometry":{"type":"Polygon","coordinates":[[[15.8924,38.6267],[15.8911,38.6256],[15.8928,38.6258],[15.8924,38.6267]]]}},{"type":"Feature","properties":{"landuse":"orchard"},"geometry":{"type":"Polygon","coordinates":[[[15.906,38.5711],[15.9045,38.5728],[15.9004,38.5693],[15.906,38.5711]]]}},{"type":"Feature","properties":{"landuse":"farmland"},"geometry":{"type":"Polygon","coordinates":[[[15.9856,38.7175],[15.9852,38.7154],[15.987,38.7161],[15.9856,38.7175]]]}},{"type":"Feature","properties":{"landuse":"farmland"},"geometry":{"type":"Polygon","coordinates":[[[15.9827,38.7159],[15.9849,38.7135],[15.9844,38.7161],[15.9827,38.7159]]]}},{"type":"Feature","properties":{"landuse":"farmland"},"geometry":{"type":"Polygon","coordinates":[[[15.9847,38.7117],[15.9876,38.7121],[15.986,38.7133],[15.9847,38.7117]]]}},{"type":"Feature","properties":{"landuse":"orchard"},"geometry":{"type":"Polygon","coordinates":[[[15.9796,38.7155],[15.9815,38.7145],[15.9808,38.716],[15.9796,38.7155]]]}},{"type":"Feature","properties":{"landuse":"farmland"},"geometry":{"type":"Polygon","coordinates":[[[15.9478,38.6788],[15.9482,38.6772],[15.9492,38.6791],[15.9478,38.6788]]]}},{"type":"Feature","properties":{"landuse":"farmland"},"geometry":{"type":"Polygon","coordinates":[[[15.9513,38.6806],[15.9499,38.6788],[15.9522,38.6795],[15.9513,38.6806]]]}},{"type":"Feature","properties":{"landuse":"farmland"},"geometry":{"type":"Polygon","coordinates":[[[15.9503,38.6816],[15.9484,38.681],[15.9494,38.6796],[15.9503,38.6816]]]}},{"type":"Feature","properties":{"landuse":"farmland"},"geometry":{"type":"Polygon","coordinates":[[[15.9477,38.6816],[15.9471,38.6828],[15.9447,38.6822],[15.9477,38.6816]]]}},{"type":"Feature","properties":{"landuse":"orchard"},"geometry":{"type":"Polygon","coordinates":[[[15.9877,38.7156],[15.9847,38.7157],[15.9848,38.7151],[15.9877,38.7156]]]}},{"type":"Feature","properties":{"landuse":"farmland"},"geometry":{"type":"Polygon","coordinates":[[[15.984,38.7164],[15.9838,38.7181],[15.9823,38.7175],[15.984,38.7164]]]}},{"type":"Feature","properties":{"landuse":"farmland"},"geometry":{"type":"Polygon","coordinates":[[[15.858,38.6366],[15.8596,38.6362],[15.8584,38.6379],[15.858,38.6366]]]}},{"type":"Feature","properties":{"landuse":"orchard"},"geometry":{"type":"Polygon","coordinates":[[[16.6192,38.9304],[16.6233,38.9268],[16.628,38.928],[16.6253,38.932],[16.6192,38.9304]]]}},{"type":"Feature","properties":{"landuse":"vineyard"},"geometry":{"type":"Polygon","coordinates":[[[15.8679,38.6417],[15.8668,38.6412],[15.8669,38.6402],[15.8679,38.6417]]]}},{"type":"Feature","properties":{"landuse":"vineyard"},"geometry":{"type":"Polygon","coordinates":[[[15.8622,38.6409],[15.8631,38.6404],[15.865,38.6418],[15.8622,38.6409]]]}},{"type":"Feature","properties":{"landuse":"orchard"},"geometry":{"type":"Polygon","coordinates":[[[16.6082,38.9215],[16.6108,38.9193],[16.6151,38.9202],[16.6082,38.9215]]]}},{"type":"Feature","properties":{"landuse":"orchard"},"geometry":{"type":"Polygon","coordinates":[[[16.6275,38.9327],[16.6275,38.9306],[16.6289,38.9299],[16.6275,38.9327]]]}},{"type":"Feature","properties":{"landuse":"orchard"},"geometry":{"type":"Polygon","coordinates":[[[16.625,38.935],[16.625,38.9333],[16.6262,38.9335],[16.625,38.935]]]}},{"type":"Feature","properties":{"landuse":"orchard"},"geometry":{"type":"Polygon","coordinates":[[[16.6295,38.9297],[16.6283,38.9279],[16.6289,38.927],[16.6295,38.9297]]]}},{"type":"Feature","properties":{"landuse":"farmland"},"geometry":{"type":"Polygon","coordinates":[[[16.613,38.9156],[16.6175,38.9102],[16.6176,38.9155],[16.613,38.9156]]]}},{"type":"Feature","properties":{"landuse":"farmland"},"geometry":{"type":"Polygon","coordinates":[[[16.6182,38.915],[16.6192,38.9117],[16.6215,38.9133],[16.6182,38.915]]]}},{"type":"Feature","properties":{"landuse":"orchard"},"geometry":{"type":"Polygon","coordinates":[[[16.4523,39.688],[16.4505,39.6877],[16.451,39.6869],[16.4523,39.688]]]}},{"type":"Feature","properties":{"landuse":"orchard"},"geometry":{"type":"Polygon","coordinates":[[[16.4503,39.6879],[16.448,39.6867],[16.4509,39.6868],[16.4503,39.6879]]]}},{"type":"Feature","properties":{"landuse":"orchard"},"geometry":{"type":"Polygon","coordinates":[[[16.4548,39.6892],[16.4526,39.6879],[16.4551,39.6882],[16.4548,39.6892]]]}},{"type":"Feature","properties":{"landuse":"orchard"},"geometry":{"type":"Polygon","coordinates":[[[16.4543,39.69],[16.4527,39.6891],[16.4548,39.6893],[16.4543,39.69]]]}},{"type":"Feature","properties":{"landuse":"orchard"},"geometry":{"type":"Polygon","coordinates":[[[16.4524,39.689],[16.4525,39.6913],[16.4492,39.6909],[16.4524,39.689]]]}},{"type":"Feature","properties":{"landuse":"orchard"},"geometry":{"type":"Polygon","coordinates":[[[16.6081,38.9215],[16.6124,38.9208],[16.6093,38.923],[16.6128,38.9224],[16.6124,38.925],[16.6087,38.9248],[16.6081,38.9215]]]}},{"type":"Feature","properties":{"landuse":"orchard"},"geometry":{"type":"Polygon","coordinates":[[[16.5989,38.9126],[16.5971,38.9113],[16.6002,38.9118],[16.5989,38.9126]]]}},{"type":"Feature","properties":{"landuse":"farmland"},"geometry":{"type":"Polygon","coordinates":[[[16.1257,38.7056],[16.1247,38.7043],[16.127,38.7048],[16.1257,38.7056]]]}},{"type":"Feature","properties":{"landuse":"farmland"},"geometry":{"type":"Polygon","coordinates":[[[16.0148,38.7182],[16.0168,38.7175],[16.0146,38.7213],[16.011,38.7202],[16.0148,38.7182]]]}},{"type":"Feature","properties":{"landuse":"farmland"},"geometry":{"type":"Polygon","coordinates":[[[15.9873,38.7219],[15.9885,38.7211],[15.9897,38.7217],[15.9873,38.7219]]]}},{"type":"Feature","properties":{"landuse":"farmland"},"geometry":{"type":"Polygon","coordinates":[[[15.9841,38.72],[15.9826,38.7188],[15.9842,38.7191],[15.9841,38.72]]]}},{"type":"Feature","properties":{"landuse":"farmland"},"geometry":{"type":"Polygon","coordinates":[[[16.2018,38.7666],[16.2067,38.7707],[16.2047,38.7725],[16.2007,38.772],[16.2018,38.7666]]]}},{"type":"Feature","properties":{"landuse":"farmland"},"geometry":{"type":"Polygon","coordinates":[[[16.2077,38.7706],[16.2045,38.7733],[16.198,38.772],[16.2077,38.7706]]]}},{"type":"Feature","properties":{"landuse":"orchard"},"geometry":{"type":"Polygon","coordinates":[[[15.8541,38.6261],[15.8548,38.6251],[15.8576,38.6248],[15.8541,38.6261]]]}},{"type":"Feature","properties":{"landuse":"orchard"},"geometry":{"type":"Polygon","coordinates":[[[15.8546,38.6232],[15.8557,38.6218],[15.8569,38.6232],[15.8546,38.6232]]]}},{"type":"Feature","properties":{"landuse":"orchard"},"geometry":{"type":"Polygon","coordinates":[[[16.5642,38.9441],[16.5679,38.9424],[16.5682,38.9439],[16.5642,38.9441]]]}},{"type":"Feature","properties":{"landuse":"orchard"},"geometry":{"type":"Polygon","coordinates":[[[16.5634,38.9461],[16.5642,38.9443],[16.5643,38.946],[16.5634,38.9461]]]}},{"type":"Feature","properties":{"landuse":"orchard"},"geometry":{"type":"Polygon","coordinates":[[[16.5719,38.9377],[16.5666,38.9339],[16.5732,38.9328],[16.5719,38.9377]]]}},{"type":"Feature","properties":{"landuse":"orchard"},"geometry":{"type":"Polygon","coordinates":[[[16.5608,38.9347],[16.5627,38.9338],[16.5623,38.9352],[16.5608,38.9347]]]}},{"type":"Feature","properties":{"landuse":"farmland"},"geometry":{"type":"Polygon","coordinates":[[[16.0215,38.7129],[16.0226,38.7138],[16.0208,38.7144],[16.0215,38.7129]]]}},{"type":"Feature","properties":{"landuse":"farmland"},"geometry":{"type":"Polygon","coordinates":[[[16.2098,38.783],[16.2108,38.7773],[16.2125,38.7819],[16.2098,38.783]]]}},{"type":"Feature","properties":{"landuse":"farmland"},"geometry":{"type":"Polygon","coordinates":[[[16.2015,38.7781],[16.2054,38.7794],[16.2047,38.7829],[16.2015,38.7781]]]}},{"type":"Feature","properties":{"landuse":"farmland"},"geometry":{"type":"Polygon","coordinates":[[[16.2016,38.7746],[16.2088,38.774],[16.2077,38.7761],[16.2016,38.7746]]]}},{"type":"Feature","properties":{"landuse":"orchard"},"geometry":{"type":"Polygon","coordinates":[[[16.2077,38.7761],[16.2016,38.7746],[16.205,38.7743],[16.2077,38.7761]]]}},{"type":"Feature","properties":{"landuse":"farmland"},"geometry":{"type":"Polygon","coordinates":[[[16.2116,38.7723],[16.2088,38.774],[16.2084,38.7736],[16.2116,38.7723]]]}},{"type":"Feature","properties":{"landuse":"farmland"},"geometry":{"type":"Polygon","coordinates":[[[16.2124,38.771],[16.2146,38.7692],[16.216,38.7712],[16.2124,38.771]]]}},{"type":"Feature","properties":{"landuse":"farmland"},"geometry":{"type":"Polygon","coordinates":[[[16.2262,38.777],[16.225,38.7762],[16.2274,38.7761],[16.2262,38.777]]]}},{"type":"Feature","properties":{"landuse":"orchard"},"geometry":{"type":"Polygon","coordinates":[[[16.217,38.7738],[16.2206,38.7761],[16.2184,38.7773],[16.217,38.7738]]]}},{"type":"Feature","properties":{"landuse":"farmland"},"geometry":{"type":"Polygon","coordinates":[[[16.0828,38.6706],[16.0832,38.6733],[16.0809,38.6715],[16.0828,38.6706]]]}},{"type":"Feature","properties":{"landuse":"orchard"},"geometry":{"type":"Polygon","coordinates":[[[15.9114,38.4197],[15.911,38.4171],[15.9152,38.4193],[15.9114,38.4197]]]}},{"type":"Feature","properties":{"landuse":"orchard"},"geometry":{"type":"Polygon","coordinates":[[[15.9128,38.4168],[15.9044,38.4207],[15.9061,38.4168],[15.9128,38.4168]]]}},{"type":"Feature","properties":{"landuse":"orchard"},"geometry":{"type":"Polygon","coordinates":[[[15.9066,38.4235],[15.9063,38.4207],[15.9124,38.4202],[15.9066,38.4235]]]}},{"type":"Feature","properties":{"landuse":"orchard"},"geometry":{"type":"Polygon","coordinates":[[[15.9146,38.4189],[15.9137,38.4184],[15.9155,38.4188],[15.9146,38.4189]]]}},{"type":"Feature","properties":{"landuse":"orchard"},"geometry":{"type":"Polygon","coordinates":[[[15.9162,38.4123],[15.9151,38.4106],[15.9174,38.4113],[15.9162,38.4123]]]}},{"type":"Feature","properties":{"landuse":"farmland"},"geometry":{"type":"Polygon","coordinates":[[[15.9151,38.4106],[15.9162,38.4123],[15.9133,38.4133],[15.9151,38.4106]]]}},{"type":"Feature","properties":{"landuse":"orchard"},"geometry":{"type":"Polygon","coordinates":[[[15.9168,38.4185],[15.9154,38.4168],[15.9207,38.4168],[15.9168,38.4185]]]}},{"type":"Feature","properties":{"landuse":"orchard"},"geometry":{"type":"Polygon","coordinates":[[[15.9138,38.4197],[15.9212,38.4183],[15.9229,38.4225],[15.9095,38.4233],[15.9138,38.4197]]]}},{"type":"Feature","properties":{"landuse":"orchard"},"geometry":{"type":"Polygon","coordinates":[[[16.058,38.7188],[16.0605,38.7187],[16.0578,38.7202],[16.058,38.7188]]]}},{"type":"Feature","properties":{"landuse":"orchard"},"geometry":{"type":"Polygon","coordinates":[[[16.0967,38.701],[16.0984,38.7002],[16.0975,38.7031],[16.0967,38.701]]]}},{"type":"Feature","properties":{"landuse":"orchard"},"geometry":{"type":"Polygon","coordinates":[[[16.0835,38.6999],[16.0843,38.698],[16.0854,38.7008],[16.0835,38.6999]]]}},{"type":"Feature","properties":{"landuse":"orchard"},"geometry":{"type":"Polygon","coordinates":[[[16.0882,38.6993],[16.0892,38.696],[16.0914,38.6975],[16.0882,38.6993]]]}},{"type":"Feature","properties":{"landuse":"orchard"},"geometry":{"type":"Polygon","coordinates":[[[16.0927,38.6894],[16.0927,38.6919],[16.0906,38.6925],[16.0927,38.6894]]]}},{"type":"Feature","properties":{"landuse":"orchard"},"geometry":{"type":"Polygon","coordinates":[[[15.923,38.4269],[15.9099,38.4284],[15.9078,38.4235],[15.9226,38.4228],[15.923,38.4269]]]}},{"type":"Feature","properties":{"landuse":"farmland"},"geometry":{"type":"Polygon","coordinates":[[[15.926,38.4282],[15.9248,38.4288],[15.9246,38.4267],[15.926,38.4282]]]}},{"type":"Feature","properties":{"landuse":"orchard"},"geometry":{"type":"Polygon","coordinates":[[[16.1835,38.7367],[16.1846,38.7383],[16.1814,38.737],[16.1835,38.7367]]]}},{"type":"Feature","properties":{"landuse":"farmland"},"geometry":{"type":"Polygon","coordinates":[[[15.8405,38.6384],[15.8427,38.6363],[15.8437,38.6378],[15.8405,38.6384]]]}},{"type":"Feature","properties":{"landuse":"orchard"},"geometry":{"type":"Polygon","coordinates":[[[15.9251,38.6852],[15.9241,38.6846],[15.9257,38.6842],[15.9251,38.6852]]]}},{"type":"Feature","properties":{"landuse":"farmland"},"geometry":{"type":"Polygon","coordinates":[[[15.9421,38.6854],[15.938,38.6844],[15.939,38.6831],[15.9421,38.6854]]]}},{"type":"Feature","properties":{"landuse":"farmland"},"geometry":{"type":"Polygon","coordinates":[[[15.9392,38.6829],[15.9407,38.6811],[15.942,38.6823],[15.9392,38.6829]]]}},{"type":"Feature","properties":{"landuse":"farmland"},"geometry":{"type":"Polygon","coordinates":[[[15.9396,38.6796],[15.9372,38.6806],[15.9354,38.6796],[15.9396,38.6796]]]}},{"type":"Feature","properties":{"landuse":"farmland"},"geometry":{"type":"Polygon","coordinates":[[[15.9284,38.6766],[15.9275,38.675],[15.9305,38.6751],[15.9284,38.6766]]]}},{"type":"Feature","properties":{"landuse":"farmland"},"geometry":{"type":"Polygon","coordinates":[[[15.9312,38.6764],[15.931,38.6774],[15.9293,38.6766],[15.9312,38.6764]]]}},{"type":"Feature","properties":{"landuse":"farmland"},"geometry":{"type":"Polygon","coordinates":[[[15.9403,38.6792],[15.9417,38.6752],[15.9433,38.6765],[15.9403,38.6792]]]}},{"type":"Feature","properties":{"landuse":"farmland"},"geometry":{"type":"Polygon","coordinates":[[[15.9396,38.6796],[15.9361,38.6788],[15.9402,38.6793],[15.9396,38.6796]]]}},{"type":"Feature","properties":{"landuse":"farmland"},"geometry":{"type":"Polygon","coordinates":[[[15.9256,38.6706],[15.9244,38.6696],[15.9256,38.6694],[15.9256,38.6706]]]}},{"type":"Feature","properties":{"landuse":"farmland"},"geometry":{"type":"Polygon","coordinates":[[[15.9287,38.6669],[15.9239,38.6687],[15.9257,38.6657],[15.9287,38.6669]]]}},{"type":"Feature","properties":{"landuse":"farmland"},"geometry":{"type":"Polygon","coordinates":[[[15.9277,38.6615],[15.9254,38.6636],[15.9256,38.6606],[15.9277,38.6615]]]}},{"type":"Feature","properties":{"landuse":"farmland"},"geometry":{"type":"Polygon","coordinates":[[[16.0871,38.7108],[16.0869,38.709],[16.0883,38.7086],[16.0871,38.7108]]]}},{"type":"Feature","properties":{"landuse":"green_public_spaces"},"geometry":{"type":"Polygon","coordinates":[[[16.592,38.8071],[16.5934,38.8087],[16.591,38.8076],[16.592,38.8071]]]}},{"type":"Feature","properties":{"landuse":"farmland"},"geometry":{"type":"Polygon","coordinates":[[[15.8647,38.6556],[15.8629,38.6542],[15.8641,38.6542],[15.8647,38.6556]]]}},{"type":"Feature","properties":{"landuse":"orchard"},"geometry":{"type":"Polygon","coordinates":[[[15.8904,38.669],[15.8899,38.6677],[15.8911,38.6675],[15.8904,38.669]]]}},{"type":"Feature","properties":{"landuse":"orchard"},"geometry":{"type":"Polygon","coordinates":[[[15.9358,38.5467],[15.9368,38.5474],[15.9351,38.548],[15.9358,38.5467]]]}},{"type":"Feature","properties":{"landuse":"orchard"},"geometry":{"type":"Polygon","coordinates":[[[16.1561,38.6974],[16.1563,38.695],[16.157,38.6955],[16.1561,38.6974]]]}},{"type":"Feature","properties":{"landuse":"orchard"},"geometry":{"type":"Polygon","coordinates":[[[16.1595,38.6977],[16.1597,38.6991],[16.1589,38.6992],[16.1595,38.6977]]]}},{"type":"Feature","properties":{"landuse":"vineyard"},"geometry":{"type":"Polygon","coordinates":[[[16.1927,38.7351],[16.1941,38.7351],[16.1933,38.7364],[16.1927,38.7351]]]}},{"type":"Feature","properties":{"landuse":"orchard"},"geometry":{"type":"Polygon","coordinates":[[[16.2169,38.7511],[16.219,38.7515],[16.2149,38.7518],[16.2169,38.7511]]]}},{"type":"Feature","properties":{"landuse":"farmland"},"geometry":{"type":"Polygon","coordinates":[[[16.212,38.7527],[16.2114,38.7519],[16.2134,38.7507],[16.212,38.7527]]]}},{"type":"Feature","properties":{"landuse":"farmland"},"geometry":{"type":"Polygon","coordinates":[[[15.9418,38.6849],[15.9469,38.6835],[15.945,38.686],[15.9418,38.6849]]]}},{"type":"Feature","properties":{"landuse":"farmland"},"geometry":{"type":"Polygon","coordinates":[[[15.9504,38.6854],[15.9471,38.6849],[15.9513,38.6848],[15.9504,38.6854]]]}},{"type":"Feature","properties":{"landuse":"farmland"},"geometry":{"type":"Polygon","coordinates":[[[16.0006,38.5903],[15.999,38.5913],[15.9988,38.5901],[16.0006,38.5903]]]}},{"type":"Feature","properties":{"landuse":"orchard"},"geometry":{"type":"Polygon","coordinates":[[[15.9983,38.5892],[15.9989,38.5874],[16.0002,38.5883],[15.9983,38.5892]]]}},{"type":"Feature","properties":{"landuse":"orchard"},"geometry":{"type":"Polygon","coordinates":[[[16.0018,38.5896],[16.0013,38.5883],[16.0038,38.588],[16.0018,38.5896]]]}},{"type":"Feature","properties":{"landuse":"farmland"},"geometry":{"type":"Polygon","coordinates":[[[15.8913,38.6327],[15.8892,38.6331],[15.8886,38.6323],[15.8913,38.6327]]]}},{"type":"Feature","properties":{"landuse":"farmland"},"geometry":{"type":"Polygon","coordinates":[[[15.9026,38.6318],[15.9026,38.6302],[15.9036,38.6303],[15.9026,38.6318]]]}},{"type":"Feature","properties":{"landuse":"green_public_spaces"},"geometry":{"type":"Polygon","coordinates":[[[15.9667,38.5525],[15.9664,38.5531],[15.9637,38.5531],[15.9667,38.5525]]]}},{"type":"Feature","properties":{"landuse":"farmland"},"geometry":{"type":"Polygon","coordinates":[[[16.1197,38.7024],[16.1202,38.704],[16.1184,38.7034],[16.1197,38.7024]]]}},{"type":"Feature","properties":{"landuse":"farmland"},"geometry":{"type":"Polygon","coordinates":[[[16.1198,38.7053],[16.1188,38.7038],[16.1207,38.7041],[16.1198,38.7053]]]}},{"type":"Feature","properties":{"landuse":"orchard"},"geometry":{"type":"Polygon","coordinates":[[[16.1185,38.7077],[16.1168,38.708],[16.1188,38.7056],[16.1185,38.7077]]]}},{"type":"Feature","properties":{"landuse":"farmland"},"geometry":{"type":"Polygon","coordinates":[[[16.1341,38.712],[16.1315,38.71],[16.1347,38.7115],[16.1341,38.712]]]}},{"type":"Feature","properties":{"landuse":"orchard"},"geometry":{"type":"Polygon","coordinates":[[[16.1132,38.6997],[16.1144,38.6989],[16.1151,38.6998],[16.1132,38.6997]]]}},{"type":"Feature","properties":{"landuse":"farmland"},"geometry":{"type":"Polygon","coordinates":[[[16.1158,38.6971],[16.114,38.6967],[16.1156,38.6955],[16.1158,38.6971]]]}},{"type":"Feature","properties":{"landuse":"farmland"},"geometry":{"type":"Polygon","coordinates":[[[15.9231,38.6352],[15.9198,38.6355],[15.9223,38.6342],[15.9231,38.6352]]]}},{"type":"Feature","properties":{"landuse":"orchard"},"geometry":{"type":"Polygon","coordinates":[[[16.098,38.7049],[16.0976,38.7061],[16.0967,38.7048],[16.098,38.7049]]]}},{"type":"Feature","properties":{"landuse":"farmland"},"geometry":{"type":"Polygon","coordinates":[[[16.1486,38.6918],[16.1466,38.6915],[16.1501,38.6902],[16.1486,38.6918]]]}},{"type":"Feature","properties":{"landuse":"orchard"},"geometry":{"type":"Polygon","coordinates":[[[16.045,38.7057],[16.0458,38.7046],[16.0462,38.706],[16.045,38.7057]]]}},{"type":"Feature","properties":{"landuse":"farmland"},"geometry":{"type":"Polygon","coordinates":[[[16.0473,38.7009],[16.0455,38.6994],[16.0514,38.6995],[16.0473,38.7009]]]}},{"type":"Feature","properties":{"landuse":"orchard"},"geometry":{"type":"Polygon","coordinates":[[[16.0492,38.7007],[16.049,38.6996],[16.0508,38.6997],[16.0492,38.7007]]]}},{"type":"Feature","properties":{"landuse":"orchard"},"geometry":{"type":"Polygon","coordinates":[[[16.048,38.691],[16.0482,38.6918],[16.0463,38.6919],[16.048,38.691]]]}},{"type":"Feature","properties":{"landuse":"orchard"},"geometry":{"type":"Polygon","coordinates":[[[16.0514,38.7064],[16.0498,38.7034],[16.0538,38.7024],[16.0514,38.7064]]]}},{"type":"Feature","properties":{"landuse":"orchard"},"geometry":{"type":"Polygon","coordinates":[[[16.0511,38.7026],[16.0521,38.7003],[16.0538,38.7019],[16.0511,38.7026]]]}},{"type":"Feature","properties":{"landuse":"orchard"},"geometry":{"type":"Polygon","coordinates":[[[16.0472,38.7094],[16.0456,38.709],[16.0486,38.707],[16.0472,38.7094]]]}},{"type":"Feature","properties":{"landuse":"farmland"},"geometry":{"type":"Polygon","coordinates":[[[16.0617,38.7124],[16.0622,38.7108],[16.0648,38.712],[16.0617,38.7124]]]}},{"type":"Feature","properties":{"landuse":"orchard"},"geometry":{"type":"Polygon","coordinates":[[[16.2198,38.7342],[16.215,38.7366],[16.2062,38.7304],[16.2198,38.7342]]]}},{"type":"Feature","properties":{"landuse":"orchard"},"geometry":{"type":"Polygon","coordinates":[[[16.2141,38.7327],[16.2108,38.7295],[16.2162,38.7313],[16.2141,38.7327]]]}},{"type":"Feature","properties":{"landuse":"orchard"},"geometry":{"type":"Polygon","coordinates":[[[16.1707,38.7197],[16.1719,38.7186],[16.1724,38.7189],[16.1713,38.72],[16.1707,38.7197]]]}},{"type":"Feature","properties":{"landuse":"orchard"},"geometry":{"type":"Polygon","coordinates":[[[16.163,38.7181],[16.1658,38.7165],[16.1636,38.7185],[16.163,38.7181]]]}},{"type":"Feature","properties":{"landuse":"orchard"},"geometry":{"type":"Polygon","coordinates":[[[16.1568,38.7119],[16.1573,38.7129],[16.1555,38.7133],[16.1568,38.7119]]]}},{"type":"Feature","properties":{"landuse":"orchard"},"geometry":{"type":"Polygon","coordinates":[[[16.1556,38.7109],[16.157,38.71],[16.1567,38.7114],[16.1556,38.7109]]]}},{"type":"Feature","properties":{"landuse":"farmland"},"geometry":{"type":"Polygon","coordinates":[[[16.0261,38.7043],[16.0278,38.7049],[16.0269,38.7067],[16.0261,38.7043]]]}},{"type":"Feature","properties":{"landuse":"farmland"},"geometry":{"type":"Polygon","coordinates":[[[16.0267,38.7038],[16.0218,38.7031],[16.0253,38.7015],[16.0267,38.7038]]]}},{"type":"Feature","properties":{"landuse":"orchard"},"geometry":{"type":"Polygon","coordinates":[[[16.0291,38.7076],[16.0317,38.7075],[16.0309,38.7086],[16.0291,38.7076]]]}},{"type":"Feature","properties":{"landuse":"orchard"},"geometry":{"type":"Polygon","coordinates":[[[16.0306,38.7063],[16.0312,38.7058],[16.0333,38.7076],[16.0306,38.7063]]]}},{"type":"Feature","properties":{"landuse":"orchard"},"geometry":{"type":"Polygon","coordinates":[[[16.0276,38.7042],[16.0288,38.7029],[16.0312,38.7057],[16.0276,38.7042]]]}},{"type":"Feature","properties":{"landuse":"farmland"},"geometry":{"type":"Polygon","coordinates":[[[16.026,38.7031],[16.0266,38.7016],[16.0269,38.704],[16.026,38.7031]]]}},{"type":"Feature","properties":{"landuse":"farmland"},"geometry":{"type":"Polygon","coordinates":[[[16.027,38.6999],[16.0255,38.7019],[16.0251,38.701],[16.027,38.6999]]]}},{"type":"Feature","properties":{"landuse":"orchard"},"geometry":{"type":"Polygon","coordinates":[[[16.0275,38.6995],[16.0304,38.6982],[16.029,38.7001],[16.0275,38.6995]]]}},{"type":"Feature","properties":{"landuse":"orchard"},"geometry":{"type":"Polygon","coordinates":[[[16.0245,38.6951],[16.0235,38.694],[16.0251,38.6934],[16.0245,38.6951]]]}},{"type":"Feature","properties":{"landuse":"orchard"},"geometry":{"type":"Polygon","coordinates":[[[16.0193,38.6851],[16.0145,38.6817],[16.0174,38.6822],[16.0193,38.6851]]]}},{"type":"Feature","properties":{"landuse":"farmland"},"geometry":{"type":"Polygon","coordinates":[[[15.9113,38.6225],[15.9105,38.6213],[15.9121,38.6214],[15.9113,38.6225]]]}},{"type":"Feature","properties":{"landuse":"farmland"},"geometry":{"type":"Polygon","coordinates":[[[16.1667,38.7171],[16.1635,38.7212],[16.1594,38.7149],[16.1667,38.7171]]]}},{"type":"Feature","properties":{"landuse":"farmland"},"geometry":{"type":"Polygon","coordinates":[[[16.1578,38.7111],[16.1587,38.7119],[16.1575,38.7128],[16.1578,38.7111]]]}},{"type":"Feature","properties":{"landuse":"farmland"},"geometry":{"type":"Polygon","coordinates":[[[16.1588,38.7119],[16.1575,38.7146],[16.1558,38.7128],[16.1588,38.7119]]]}},{"type":"Feature","properties":{"landuse":"farmland"},"geometry":{"type":"Polygon","coordinates":[[[16.1661,38.7168],[16.1651,38.7161],[16.166,38.7152],[16.1661,38.7168]]]}},{"type":"Feature","properties":{"landuse":"orchard"},"geometry":{"type":"Polygon","coordinates":[[[15.8574,38.6087],[15.8555,38.61],[15.8559,38.6087],[15.8574,38.6087]]]}},{"type":"Feature","properties":{"landuse":"farmland"},"geometry":{"type":"Polygon","coordinates":[[[16.8,38.9411],[16.8007,38.94],[16.8025,38.9412],[16.8,38.9411]]]}},{"type":"Feature","properties":{"landuse":"orchard"},"geometry":{"type":"Polygon","coordinates":[[[15.8781,38.6169],[15.8747,38.6161],[15.8758,38.6148],[15.8781,38.6169]]]}},{"type":"Feature","properties":{"landuse":"orchard"},"geometry":{"type":"Polygon","coordinates":[[[15.8853,38.6146],[15.884,38.6141],[15.885,38.613],[15.8853,38.6146]]]}},{"type":"Feature","properties":{"landuse":"farmland"},"geometry":{"type":"Polygon","coordinates":[[[16.1114,38.7004],[16.1139,38.702],[16.1113,38.7027],[16.1114,38.7004]]]}},{"type":"Feature","properties":{"landuse":"orchard"},"geometry":{"type":"Polygon","coordinates":[[[16.0453,38.6824],[16.0436,38.6814],[16.0466,38.6796],[16.0453,38.6824]]]}},{"type":"Feature","properties":{"landuse":"orchard"},"geometry":{"type":"Polygon","coordinates":[[[16.0453,38.6801],[16.0443,38.6786],[16.0453,38.6786],[16.0453,38.6801]]]}},{"type":"Feature","properties":{"landuse":"orchard"},"geometry":{"type":"Polygon","coordinates":[[[16.0781,38.6966],[16.0801,38.6953],[16.0796,38.6968],[16.0781,38.6966]]]}},{"type":"Feature","properties":{"landuse":"farmland"},"geometry":{"type":"Polygon","coordinates":[[[16.158,38.7106],[16.1553,38.712],[16.1544,38.7082],[16.158,38.7106]]]}},{"type":"Feature","properties":{"landuse":"orchard"},"geometry":{"type":"Polygon","coordinates":[[[16.1614,38.709],[16.1588,38.7078],[16.1617,38.7061],[16.1637,38.7073],[16.1614,38.709]]]}},{"type":"Feature","properties":{"landuse":"orchard"},"geometry":{"type":"Polygon","coordinates":[[[16.1645,38.7081],[16.167,38.7056],[16.1653,38.7084],[16.1645,38.7081]]]}},{"type":"Feature","properties":{"landuse":"orchard"},"geometry":{"type":"Polygon","coordinates":[[[16.1638,38.7074],[16.1648,38.7052],[16.1656,38.7054],[16.1638,38.7074]]]}},{"type":"Feature","properties":{"landuse":"orchard"},"geometry":{"type":"Polygon","coordinates":[[[16.1636,38.7073],[16.1626,38.7069],[16.1639,38.705],[16.1636,38.7073]]]}},{"type":"Feature","properties":{"landuse":"orchard"},"geometry":{"type":"Polygon","coordinates":[[[16.1667,38.7056],[16.1659,38.7029],[16.1685,38.7044],[16.1667,38.7056]]]}},{"type":"Feature","properties":{"landuse":"orchard"},"geometry":{"type":"Polygon","coordinates":[[[16.1675,38.7023],[16.1702,38.7033],[16.1692,38.7036],[16.1675,38.7023]]]}},{"type":"Feature","properties":{"landuse":"orchard"},"geometry":{"type":"Polygon","coordinates":[[[16.1702,38.7019],[16.1675,38.7023],[16.172,38.7002],[16.1702,38.7019]]]}},{"type":"Feature","properties":{"landuse":"orchard"},"geometry":{"type":"Polygon","coordinates":[[[16.1791,38.6941],[16.1822,38.6901],[16.1832,38.6908],[16.1791,38.6941]]]}},{"type":"Feature","properties":{"landuse":"orchard"},"geometry":{"type":"Polygon","coordinates":[[[16.1893,38.6865],[16.1913,38.6835],[16.1959,38.6872],[16.1893,38.6865]]]}},{"type":"Feature","properties":{"landuse":"orchard"},"geometry":{"type":"Polygon","coordinates":[[[16.1909,38.7398],[16.1899,38.7392],[16.1906,38.7377],[16.1909,38.7398]]]}},{"type":"Feature","properties":{"landuse":"farmland"},"geometry":{"type":"Polygon","coordinates":[[[16.1879,38.7383],[16.1875,38.7362],[16.1893,38.7384],[16.1879,38.7383]]]}},{"type":"Feature","properties":{"landuse":"farmland"},"geometry":{"type":"Polygon","coordinates":[[[16.1942,38.7438],[16.1958,38.744],[16.1936,38.7448],[16.1942,38.7438]]]}},{"type":"Feature","properties":{"landuse":"orchard"},"geometry":{"type":"Polygon","coordinates":[[[16.1995,38.7464],[16.2002,38.745],[16.2024,38.747],[16.1995,38.7464]]]}},{"type":"Feature","properties":{"landuse":"orchard"},"geometry":{"type":"Polygon","coordinates":[[[16.1862,38.7329],[16.1857,38.7341],[16.1836,38.7339],[16.1862,38.7329]]]}},{"type":"Feature","properties":{"landuse":"orchard"},"geometry":{"type":"Polygon","coordinates":[[[16.1803,38.7337],[16.1811,38.7326],[16.1816,38.7338],[16.1803,38.7337]]]}},{"type":"Feature","properties":{"landuse":"farmland"},"geometry":{"type":"Polygon","coordinates":[[[16.1691,38.7107],[16.1701,38.7106],[16.17,38.712],[16.1691,38.7107]]]}},{"type":"Feature","properties":{"landuse":"farmland"},"geometry":{"type":"Polygon","coordinates":[[[16.1536,38.6979],[16.1552,38.701],[16.1532,38.7007],[16.1536,38.6979]]]}},{"type":"Feature","properties":{"landuse":"orchard"},"geometry":{"type":"Polygon","coordinates":[[[16.1532,38.7007],[16.1539,38.6987],[16.1539,38.701],[16.1532,38.7007]]]}},{"type":"Feature","properties":{"landuse":"farmland"},"geometry":{"type":"Polygon","coordinates":[[[16.1505,38.6985],[16.1505,38.6968],[16.155,38.6972],[16.1505,38.6985]]]}},{"type":"Feature","properties":{"landuse":"farmland"},"geometry":{"type":"Polygon","coordinates":[[[16.141,38.6998],[16.144,38.6999],[16.1429,38.7012],[16.141,38.6998]]]}},{"type":"Feature","properties":{"landuse":"farmland"},"geometry":{"type":"Polygon","coordinates":[[[16.1498,38.7017],[16.1483,38.6994],[16.1501,38.6997],[16.1498,38.7017]]]}},{"type":"Feature","properties":{"landuse":"orchard"},"geometry":{"type":"Polygon","coordinates":[[[16.1533,38.7042],[16.1514,38.7026],[16.1527,38.7018],[16.1533,38.7042]]]}},{"type":"Feature","properties":{"landuse":"farmland"},"geometry":{"type":"Polygon","coordinates":[[[16.1532,38.7072],[16.1521,38.7065],[16.153,38.7048],[16.1532,38.7072]]]}},{"type":"Feature","properties":{"landuse":"orchard"},"geometry":{"type":"Polygon","coordinates":[[[16.1572,38.7063],[16.1572,38.7037],[16.1585,38.7053],[16.1572,38.7063]]]}},{"type":"Feature","properties":{"landuse":"orchard"},"geometry":{"type":"Polygon","coordinates":[[[16.1572,38.7037],[16.1572,38.7024],[16.1591,38.7027],[16.1572,38.7037]]]}},{"type":"Feature","properties":{"landuse":"orchard"},"geometry":{"type":"Polygon","coordinates":[[[16.1229,38.695],[16.1211,38.6933],[16.1263,38.6923],[16.1229,38.695]]]}},{"type":"Feature","properties":{"landuse":"farmland"},"geometry":{"type":"Polygon","coordinates":[[[16.1209,38.6927],[16.1245,38.6882],[16.1279,38.6904],[16.1209,38.6927]]]}},{"type":"Feature","properties":{"landuse":"orchard"},"geometry":{"type":"Polygon","coordinates":[[[16.1258,38.6824],[16.1274,38.6821],[16.1261,38.6835],[16.1258,38.6824]]]}},{"type":"Feature","properties":{"landuse":"farmland"},"geometry":{"type":"Polygon","coordinates":[[[16.1321,38.7007],[16.1337,38.6994],[16.1363,38.7015],[16.1349,38.7028],[16.1321,38.7007]]]}},{"type":"Feature","properties":{"landuse":"farmland"},"geometry":{"type":"Polygon","coordinates":[[[16.1358,38.7033],[16.1389,38.705],[16.1345,38.7041],[16.1358,38.7033]]]}},{"type":"Feature","properties":{"landuse":"farmland"},"geometry":{"type":"Polygon","coordinates":[[[16.1427,38.7074],[16.1383,38.7065],[16.1392,38.7052],[16.1427,38.7074]]]}},{"type":"Feature","properties":{"landuse":"farmland"},"geometry":{"type":"Polygon","coordinates":[[[16.1508,38.7091],[16.1518,38.7071],[16.1525,38.7085],[16.1508,38.7091]]]}},{"type":"Feature","properties":{"landuse":"farmland"},"geometry":{"type":"Polygon","coordinates":[[[16.1521,38.7098],[16.1527,38.712],[16.1492,38.7121],[16.1362,38.7036],[16.1519,38.7071],[16.1521,38.7098]]]}},{"type":"Feature","properties":{"landuse":"orchard"},"geometry":{"type":"Polygon","coordinates":[[[16.7944,38.9324],[16.7957,38.9316],[16.7954,38.933],[16.7944,38.9324]]]}},{"type":"Feature","properties":{"landuse":"orchard"},"geometry":{"type":"Polygon","coordinates":[[[16.1099,38.7052],[16.1085,38.705],[16.1094,38.7042],[16.1099,38.7052]]]}},{"type":"Feature","properties":{"landuse":"orchard"},"geometry":{"type":"Polygon","coordinates":[[[16.1665,38.7305],[16.1659,38.7315],[16.1615,38.7294],[16.1665,38.7305]]]}},{"type":"Feature","properties":{"landuse":"farmland"},"geometry":{"type":"Polygon","coordinates":[[[16.1841,38.741],[16.1825,38.7401],[16.1849,38.7401],[16.1841,38.741]]]}},{"type":"Feature","properties":{"landuse":"farmland"},"geometry":{"type":"Polygon","coordinates":[[[16.1852,38.7421],[16.1841,38.741],[16.1859,38.7412],[16.1852,38.7421]]]}},{"type":"Feature","properties":{"landuse":"farmland"},"geometry":{"type":"Polygon","coordinates":[[[16.1848,38.7417],[16.1833,38.7428],[16.1806,38.7412],[16.1848,38.7417]]]}},{"type":"Feature","properties":{"landuse":"farmland"},"geometry":{"type":"Polygon","coordinates":[[[16.1838,38.7429],[16.1857,38.7425],[16.1867,38.7435],[16.1838,38.7429]]]}},{"type":"Feature","properties":{"landuse":"farmland"},"geometry":{"type":"Polygon","coordinates":[[[16.1938,38.7501],[16.1921,38.7491],[16.1941,38.7486],[16.1938,38.7501]]]}},{"type":"Feature","properties":{"landuse":"vineyard"},"geometry":{"type":"Polygon","coordinates":[[[16.1918,38.7481],[16.1905,38.7469],[16.1916,38.7459],[16.1918,38.7481]]]}},{"type":"Feature","properties":{"landuse":"orchard"},"geometry":{"type":"Polygon","coordinates":[[[16.2063,38.7704],[16.208,38.7693],[16.2087,38.7699],[16.2063,38.7704]]]}},{"type":"Feature","properties":{"landuse":"farmland"},"geometry":{"type":"Polygon","coordinates":[[[16.1179,38.6779],[16.1168,38.6817],[16.1124,38.6823],[16.1179,38.6779]]]}},{"type":"Feature","properties":{"landuse":"green_public_spaces"},"geometry":{"type":"Polygon","coordinates":[[[16.108,38.6751],[16.1072,38.6761],[16.1061,38.6734],[16.108,38.6751]]]}},{"type":"Feature","properties":{"landuse":"orchard"},"geometry":{"type":"Polygon","coordinates":[[[16.2679,38.699],[16.2704,38.7001],[16.2691,38.7008],[16.2679,38.699]]]}},{"type":"Feature","properties":{"landuse":"orchard"},"geometry":{"type":"Polygon","coordinates":[[[16.2291,38.717],[16.2293,38.714],[16.2311,38.7151],[16.2291,38.717]]]}},{"type":"Feature","properties":{"landuse":"farmland"},"geometry":{"type":"Polygon","coordinates":[[[16.7942,38.9348],[16.7944,38.9326],[16.7956,38.9338],[16.7942,38.9348]]]}},{"type":"Feature","properties":{"landuse":"farmland"},"geometry":{"type":"Polygon","coordinates":[[[16.8076,38.9257],[16.8082,38.9248],[16.8093,38.9252],[16.8076,38.9257]]]}},{"type":"Feature","properties":{"landuse":"farmland"},"geometry":{"type":"Polygon","coordinates":[[[16.8114,38.928],[16.8113,38.9261],[16.8123,38.9263],[16.8114,38.928]]]}},{"type":"Feature","properties":{"landuse":"farmland"},"geometry":{"type":"Polygon","coordinates":[[[16.7954,38.933],[16.7959,38.9317],[16.7969,38.9336],[16.7954,38.933]]]}},{"type":"Feature","properties":{"landuse":"orchard"},"geometry":{"type":"Polygon","coordinates":[[[16.7952,38.9386],[16.7951,38.9367],[16.7963,38.9366],[16.7952,38.9386]]]}},{"type":"Feature","properties":{"landuse":"orchard"},"geometry":{"type":"Polygon","coordinates":[[[16.1468,38.7121],[16.1465,38.7111],[16.148,38.7114],[16.1468,38.7121]]]}},{"type":"Feature","properties":{"landuse":"orchard"},"geometry":{"type":"Polygon","coordinates":[[[16.2137,38.7781],[16.2156,38.7815],[16.2144,38.7808],[16.2137,38.7781]]]}},{"type":"Feature","properties":{"landuse":"orchard"},"geometry":{"type":"Polygon","coordinates":[[[16.2085,38.7753],[16.207,38.7744],[16.2088,38.774],[16.2085,38.7753]]]}},{"type":"Feature","properties":{"landuse":"farmland"},"geometry":{"type":"Polygon","coordinates":[[[16.2042,38.7757],[16.2032,38.7765],[16.2019,38.7759],[16.2042,38.7757]]]}},{"type":"Feature","properties":{"landuse":"farmland"},"geometry":{"type":"Polygon","coordinates":[[[16.2078,38.7875],[16.2109,38.7862],[16.2122,38.7883],[16.2078,38.7875]]]}},{"type":"Feature","properties":{"landuse":"farmland"},"geometry":{"type":"Polygon","coordinates":[[[16.2119,38.786],[16.2137,38.7855],[16.2142,38.7868],[16.2119,38.786]]]}},{"type":"Feature","properties":{"landuse":"orchard"},"geometry":{"type":"Polygon","coordinates":[[[16.2119,38.786],[16.2142,38.7868],[16.2122,38.7883],[16.2119,38.786]]]}},{"type":"Feature","properties":{"landuse":"orchard"},"geometry":{"type":"Polygon","coordinates":[[[16.2156,38.793],[16.2158,38.7916],[16.2167,38.7926],[16.2156,38.793]]]}},{"type":"Feature","properties":{"landuse":"farmland"},"geometry":{"type":"Polygon","coordinates":[[[16.2132,38.7957],[16.2121,38.7931],[16.2137,38.7934],[16.2132,38.7957]]]}},{"type":"Feature","properties":{"landuse":"orchard"},"geometry":{"type":"Polygon","coordinates":[[[16.2141,38.7936],[16.2167,38.7927],[16.2145,38.7945],[16.2141,38.7936]]]}},{"type":"Feature","properties":{"landuse":"farmland"},"geometry":{"type":"Polygon","coordinates":[[[16.2182,38.794],[16.22,38.7914],[16.2208,38.7932],[16.2182,38.794]]]}},{"type":"Feature","properties":{"landuse":"orchard"},"geometry":{"type":"Polygon","coordinates":[[[16.8312,38.9319],[16.8299,38.9319],[16.8315,38.9313],[16.8312,38.9319]]]}},{"type":"Feature","properties":{"landuse":"orchard"},"geometry":{"type":"Polygon","coordinates":[[[16.8244,38.9294],[16.8246,38.9283],[16.8256,38.9285],[16.8244,38.9294]]]}},{"type":"Feature","properties":{"landuse":"orchard"},"geometry":{"type":"Polygon","coordinates":[[[16.8431,38.9343],[16.8463,38.9361],[16.845,38.9377],[16.8431,38.9343]]]}},{"type":"Feature","properties":{"landuse":"farmland"},"geometry":{"type":"Polygon","coordinates":[[[16.8463,38.9353],[16.8494,38.9333],[16.8495,38.936],[16.8463,38.9353]]]}},{"type":"Feature","properties":{"landuse":"farmland"},"geometry":{"type":"Polygon","coordinates":[[[16.8268,38.9157],[16.8265,38.9136],[16.8313,38.9146],[16.8268,38.9157]]]}},{"type":"Feature","properties":{"landuse":"farmland"},"geometry":{"type":"Polygon","coordinates":[[[16.8392,38.9368],[16.8366,38.9364],[16.8375,38.9344],[16.8392,38.9368]]]}},{"type":"Feature","properties":{"landuse":"farmland"},"geometry":{"type":"Polygon","coordinates":[[[16.8395,38.9369],[16.8404,38.9332],[16.8408,38.9333],[16.8395,38.9369]]]}},{"type":"Feature","properties":{"landuse":"farmland"},"geometry":{"type":"Polygon","coordinates":[[[16.8268,38.9157],[16.8329,38.9151],[16.8339,38.9199],[16.8268,38.9157]]]}},{"type":"Feature","properties":{"landuse":"orchard"},"geometry":{"type":"Polygon","coordinates":[[[16.8347,38.9302],[16.8367,38.9302],[16.8362,38.932],[16.8347,38.9302]]]}},{"type":"Feature","properties":{"landuse":"orchard"},"geometry":{"type":"Polygon","coordinates":[[[16.8394,38.9371],[16.8416,38.9376],[16.8405,38.9388],[16.8394,38.9371]]]}},{"type":"Feature","properties":{"landuse":"farmland"},"geometry":{"type":"Polygon","coordinates":[[[16.1099,38.7052],[16.112,38.7047],[16.1089,38.7062],[16.1099,38.7052]]]}},{"type":"Feature","properties":{"landuse":"farmland"},"geometry":{"type":"Polygon","coordinates":[[[16.1131,38.7066],[16.1124,38.7051],[16.1138,38.7054],[16.1131,38.7066]]]}},{"type":"Feature","properties":{"landuse":"farmland"},"geometry":{"type":"Polygon","coordinates":[[[16.1071,38.7035],[16.1085,38.705],[16.1069,38.7047],[16.1071,38.7035]]]}},{"type":"Feature","properties":{"landuse":"farmland"},"geometry":{"type":"Polygon","coordinates":[[[16.1085,38.7016],[16.1074,38.7004],[16.1089,38.6998],[16.1085,38.7016]]]}},{"type":"Feature","properties":{"landuse":"farmland"},"geometry":{"type":"Polygon","coordinates":[[[16.1003,38.6915],[16.0956,38.6971],[16.0953,38.6935],[16.1003,38.6915]]]}},{"type":"Feature","properties":{"landuse":"orchard"},"geometry":{"type":"Polygon","coordinates":[[[16.8358,38.942],[16.8351,38.9407],[16.8361,38.9395],[16.8358,38.942]]]}},{"type":"Feature","properties":{"landuse":"orchard"},"geometry":{"type":"Polygon","coordinates":[[[16.8388,38.9435],[16.8365,38.9429],[16.8366,38.9403],[16.8388,38.9435]]]}},{"type":"Feature","properties":{"landuse":"orchard"},"geometry":{"type":"Polygon","coordinates":[[[16.8381,38.9405],[16.837,38.9387],[16.8385,38.9388],[16.8381,38.9405]]]}},{"type":"Feature","properties":{"landuse":"farmland"},"geometry":{"type":"Polygon","coordinates":[[[16.0209,38.7262],[16.0183,38.7259],[16.0183,38.7245],[16.0209,38.7262]]]}},{"type":"Feature","properties":{"landuse":"farmland"},"geometry":{"type":"Polygon","coordinates":[[[16.0221,38.7251],[16.0251,38.7261],[16.0223,38.726],[16.0221,38.7251]]]}},{"type":"Feature","properties":{"landuse":"farmland"},"geometry":{"type":"Polygon","coordinates":[[[16.8384,38.9387],[16.8367,38.9365],[16.8391,38.9368],[16.8384,38.9387]]]}},{"type":"Feature","properties":{"landuse":"orchard"},"geometry":{"type":"Polygon","coordinates":[[[15.9742,38.6938],[15.9766,38.6946],[15.9782,38.6966],[15.9742,38.6938]]]}},{"type":"Feature","properties":{"landuse":"farmland"},"geometry":{"type":"Polygon","coordinates":[[[15.9741,38.6974],[15.9744,38.695],[15.9785,38.6973],[15.9741,38.6974]]]}},{"type":"Feature","properties":{"landuse":"farmland"},"geometry":{"type":"Polygon","coordinates":[[[15.9679,38.6922],[15.967,38.6907],[15.9688,38.692],[15.9679,38.6922]]]}},{"type":"Feature","properties":{"landuse":"farmland"},"geometry":{"type":"Polygon","coordinates":[[[15.9347,38.6867],[15.9369,38.6885],[15.9337,38.6884],[15.9347,38.6867]]]}},{"type":"Feature","properties":{"landuse":"farmland"},"geometry":{"type":"Polygon","coordinates":[[[16.8376,38.9452],[16.8371,38.9443],[16.8386,38.9444],[16.8376,38.9452]]]}},{"type":"Feature","properties":{"landuse":"orchard"},"geometry":{"type":"Polygon","coordinates":[[[16.8357,38.945],[16.8357,38.9434],[16.8371,38.944],[16.8357,38.945]]]}},{"type":"Feature","properties":{"landuse":"farmland"},"geometry":{"type":"Polygon","coordinates":[[[16.8293,38.942],[16.8278,38.9426],[16.827,38.9414],[16.8293,38.942]]]}},{"type":"Feature","properties":{"landuse":"orchard"},"geometry":{"type":"Polygon","coordinates":[[[16.8278,38.9345],[16.8238,38.9332],[16.8259,38.9325],[16.8278,38.9345]]]}},{"type":"Feature","properties":{"landuse":"orchard"},"geometry":{"type":"Polygon","coordinates":[[[16.8261,38.932],[16.8296,38.9317],[16.8275,38.933],[16.8261,38.932]]]}},{"type":"Feature","properties":{"landuse":"greenhouse_horticulture"},"geometry":{"type":"Polygon","coordinates":[[[16.1392,38.0471],[16.1385,38.0471],[16.1385,38.0456],[16.1392,38.0471]]]}},{"type":"Feature","properties":{"landuse":"orchard"},"geometry":{"type":"Polygon","coordinates":[[[16.2234,38.7778],[16.2274,38.7768],[16.2251,38.7796],[16.2234,38.7778]]]}},{"type":"Feature","properties":{"landuse":"orchard"},"geometry":{"type":"Polygon","coordinates":[[[16.0787,38.6666],[16.0811,38.6675],[16.0803,38.6683],[16.0787,38.6666]]]}},{"type":"Feature","properties":{"landuse":"orchard"},"geometry":{"type":"Polygon","coordinates":[[[16.0795,38.6696],[16.0777,38.6687],[16.0796,38.6676],[16.0795,38.6696]]]}},{"type":"Feature","properties":{"landuse":"orchard"},"geometry":{"type":"Polygon","coordinates":[[[16.8191,38.9493],[16.8175,38.9487],[16.8191,38.9482],[16.8191,38.9493]]]}},{"type":"Feature","properties":{"landuse":"orchard"},"geometry":{"type":"Polygon","coordinates":[[[16.8207,38.9466],[16.8204,38.9451],[16.822,38.9458],[16.8207,38.9466]]]}},{"type":"Feature","properties":{"landuse":"orchard"},"geometry":{"type":"Polygon","coordinates":[[[16.5774,38.4879],[16.5781,38.4892],[16.5774,38.4892],[16.5774,38.4879]]]}},{"type":"Feature","properties":{"landuse":"orchard"},"geometry":{"type":"Polygon","coordinates":[[[16.5053,38.4973],[16.5077,38.4962],[16.5067,38.4975],[16.5053,38.4973]]]}},{"type":"Feature","properties":{"landuse":"farmland"},"geometry":{"type":"Polygon","coordinates":[[[16.0524,38.7221],[16.053,38.7232],[16.0513,38.7225],[16.0524,38.7221]]]}},{"type":"Feature","properties":{"landuse":"orchard"},"geometry":{"type":"Polygon","coordinates":[[[16.0951,38.6996],[16.0952,38.698],[16.097,38.6975],[16.0951,38.6996]]]}},{"type":"Feature","properties":{"landuse":"farmland"},"geometry":{"type":"Polygon","coordinates":[[[16.0897,38.7025],[16.0884,38.6997],[16.0922,38.6987],[16.0897,38.7025]]]}},{"type":"Feature","properties":{"landuse":"orchard"},"geometry":{"type":"Polygon","coordinates":[[[15.9663,38.6944],[15.9675,38.6943],[15.9689,38.6958],[15.9663,38.6944]]]}},{"type":"Feature","properties":{"landuse":"orchard"},"geometry":{"type":"Polygon","coordinates":[[[15.9891,38.6921],[15.9908,38.6932],[15.9897,38.694],[15.9891,38.6921]]]}},{"type":"Feature","properties":{"landuse":"orchard"},"geometry":{"type":"Polygon","coordinates":[[[15.9913,38.693],[15.9907,38.6914],[15.9928,38.6925],[15.9913,38.693]]]}},{"type":"Feature","properties":{"landuse":"vineyard"},"geometry":{"type":"Polygon","coordinates":[[[15.9841,38.6924],[15.9856,38.6915],[15.9866,38.6934],[15.9841,38.6924]]]}},{"type":"Feature","properties":{"landuse":"orchard"},"geometry":{"type":"Polygon","coordinates":[[[16.4892,38.4536],[16.489,38.4523],[16.4902,38.4558],[16.4892,38.4536]]]}},{"type":"Feature","properties":{"landuse":"farmland"},"geometry":{"type":"Polygon","coordinates":[[[16.5002,38.4535],[16.5021,38.4557],[16.4994,38.4554],[16.5002,38.4535]]]}},{"type":"Feature","properties":{"landuse":"orchard"},"geometry":{"type":"Polygon","coordinates":[[[15.9747,38.6921],[15.9701,38.6906],[15.9705,38.6873],[15.9751,38.6866],[15.9747,38.6921]]]}},{"type":"Feature","properties":{"landuse":"farmland"},"geometry":{"type":"Polygon","coordinates":[[[15.9755,38.692],[15.9732,38.6925],[15.9754,38.6914],[15.9755,38.692]]]}},{"type":"Feature","properties":{"landuse":"farmland"},"geometry":{"type":"Polygon","coordinates":[[[15.9722,38.6924],[15.9715,38.691],[15.9729,38.6915],[15.9722,38.6924]]]}},{"type":"Feature","properties":{"landuse":"orchard"},"geometry":{"type":"Polygon","coordinates":[[[15.9757,38.6899],[15.978,38.6899],[15.9765,38.691],[15.9757,38.6899]]]}},{"type":"Feature","properties":{"landuse":"farmland"},"geometry":{"type":"Polygon","coordinates":[[[15.977,38.6993],[15.9762,38.7011],[15.975,38.7],[15.977,38.6993]]]}},{"type":"Feature","properties":{"landuse":"farmland"},"geometry":{"type":"Polygon","coordinates":[[[15.9717,38.6955],[15.971,38.6941],[15.9723,38.6943],[15.9717,38.6955]]]}},{"type":"Feature","properties":{"landuse":"farmland"},"geometry":{"type":"Polygon","coordinates":[[[16.484,38.4815],[16.4813,38.4811],[16.4822,38.4801],[16.484,38.4815]]]}},{"type":"Feature","properties":{"landuse":"green_public_spaces"},"geometry":{"type":"Polygon","coordinates":[[[16.6237,39.9652],[16.6262,39.9651],[16.6256,39.966],[16.6237,39.9652]]]}},{"type":"Feature","properties":{"landuse":"orchard"},"geometry":{"type":"Polygon","coordinates":[[[16.6388,39.6065],[16.6485,39.6048],[16.649,39.6073],[16.6428,39.6101],[16.6388,39.6065]]]}},{"type":"Feature","properties":{"landuse":"orchard"},"geometry":{"type":"Polygon","coordinates":[[[16.5237,38.7207],[16.5297,38.714],[16.5322,38.7157],[16.5237,38.7207]]]}},{"type":"Feature","properties":{"landuse":"orchard"},"geometry":{"type":"Polygon","coordinates":[[[16.4567,38.3983],[16.4561,38.3972],[16.4577,38.3969],[16.4567,38.3983]]]}},{"type":"Feature","properties":{"landuse":"greenhouse_horticulture"},"geometry":{"type":"Polygon","coordinates":[[[15.761,39.935],[15.7605,39.9314],[15.7635,39.9317],[15.761,39.935]]]}},{"type":"Feature","properties":{"landuse":"orchard"},"geometry":{"type":"Polygon","coordinates":[[[16.1699,38.7351],[16.171,38.7341],[16.1721,38.7346],[16.1699,38.7351]]]}},{"type":"Feature","properties":{"landuse":"orchard"},"geometry":{"type":"Polygon","coordinates":[[[16.1202,38.6754],[16.1213,38.6772],[16.119,38.6757],[16.1202,38.6754]]]}},{"type":"Feature","properties":{"landuse":"farmland"},"geometry":{"type":"Polygon","coordinates":[[[16.1331,38.6894],[16.1321,38.6846],[16.1359,38.6873],[16.1331,38.6894]]]}},{"type":"Feature","properties":{"landuse":"farmland"},"geometry":{"type":"Polygon","coordinates":[[[16.1604,38.6951],[16.1602,38.6938],[16.161,38.6937],[16.1604,38.6951]]]}},{"type":"Feature","properties":{"landuse":"farmland"},"geometry":{"type":"Polygon","coordinates":[[[16.1617,38.6932],[16.1603,38.6924],[16.161,38.6915],[16.1626,38.6935],[16.1617,38.6932]]]}},{"type":"Feature","properties":{"landuse":"farmland"},"geometry":{"type":"Polygon","coordinates":[[[16.1518,38.6929],[16.149,38.6949],[16.1472,38.694],[16.1518,38.6929]]]}},{"type":"Feature","properties":{"landuse":"farmland"},"geometry":{"type":"Polygon","coordinates":[[[16.139,38.6869],[16.1412,38.6918],[16.1363,38.6886],[16.139,38.6869]]]}},{"type":"Feature","properties":{"landuse":"orchard"},"geometry":{"type":"Polygon","coordinates":[[[16.212,38.7814],[16.2114,38.7826],[16.2099,38.7815],[16.212,38.7814]]]}},{"type":"Feature","properties":{"landuse":"orchard"},"geometry":{"type":"Polygon","coordinates":[[[16.2125,38.7819],[16.216,38.7831],[16.2131,38.7839],[16.2125,38.7819]]]}},{"type":"Feature","properties":{"landuse":"orchard"},"geometry":{"type":"Polygon","coordinates":[[[16.2161,38.7848],[16.2137,38.7855],[16.2131,38.7839],[16.2161,38.7848]]]}},{"type":"Feature","properties":{"landuse":"orchard"},"geometry":{"type":"Polygon","coordinates":[[[16.556,38.4155],[16.5537,38.4135],[16.5541,38.413],[16.556,38.4155]]]}},{"type":"Feature","properties":{"landuse":"orchard"},"geometry":{"type":"Polygon","coordinates":[[[16.554,38.413],[16.5521,38.4185],[16.5477,38.4168],[16.554,38.413]]]}},{"type":"Feature","properties":{"landuse":"orchard"},"geometry":{"type":"Polygon","coordinates":[[[16.5358,38.4242],[16.5356,38.4234],[16.5385,38.4234],[16.5358,38.4242]]]}},{"type":"Feature","properties":{"landuse":"orchard"},"geometry":{"type":"Polygon","coordinates":[[[16.5544,38.4271],[16.5556,38.4285],[16.5521,38.4292],[16.5544,38.4271]]]}},{"type":"Feature","properties":{"landuse":"orchard"},"geometry":{"type":"Polygon","coordinates":[[[16.5219,38.4344],[16.5202,38.4364],[16.5233,38.439],[16.5207,38.4412],[16.5117,38.4388],[16.5219,38.4344]]]}},{"type":"Feature","properties":{"landuse":"orchard"},"geometry":{"type":"Polygon","coordinates":[[[16.4999,38.4305],[16.5014,38.4325],[16.5006,38.4329],[16.4999,38.4305]]]}},{"type":"Feature","properties":{"landuse":"orchard"},"geometry":{"type":"Polygon","coordinates":[[[16.5071,38.4477],[16.5091,38.4473],[16.5078,38.4489],[16.5071,38.4477]]]}},{"type":"Feature","properties":{"landuse":"farmland"},"geometry":{"type":"Polygon","coordinates":[[[16.5052,38.452],[16.5038,38.4526],[16.5046,38.451],[16.5052,38.452]]]}},{"type":"Feature","properties":{"landuse":"farmland"},"geometry":{"type":"Polygon","coordinates":[[[16.5113,38.4501],[16.5147,38.4506],[16.5136,38.4513],[16.5113,38.4501]]]}},{"type":"Feature","properties":{"landuse":"orchard"},"geometry":{"type":"Polygon","coordinates":[[[16.5021,38.4569],[16.505,38.459],[16.5012,38.4608],[16.5041,38.4589],[16.5021,38.4569]]]}},{"type":"Feature","properties":{"landuse":"orchard"},"geometry":{"type":"Polygon","coordinates":[[[16.4825,38.4607],[16.4835,38.4603],[16.4841,38.4613],[16.4825,38.4607]]]}},{"type":"Feature","properties":{"landuse":"orchard"},"geometry":{"type":"Polygon","coordinates":[[[16.4786,38.4561],[16.4816,38.4564],[16.4785,38.4574],[16.4786,38.4561]]]}},{"type":"Feature","properties":{"landuse":"orchard"},"geometry":{"type":"Polygon","coordinates":[[[16.4794,38.4578],[16.4804,38.4583],[16.4793,38.4588],[16.4794,38.4578]]]}},{"type":"Feature","properties":{"landuse":"orchard"},"geometry":{"type":"Polygon","coordinates":[[[16.4753,38.458],[16.4742,38.4588],[16.4736,38.457],[16.4753,38.458]]]}},{"type":"Feature","properties":{"landuse":"farmland"},"geometry":{"type":"Polygon","coordinates":[[[16.501,38.458],[16.5018,38.4585],[16.499,38.4593],[16.501,38.458]]]}},{"type":"Feature","properties":{"landuse":"orchard"},"geometry":{"type":"Polygon","coordinates":[[[16.4769,38.4567],[16.4753,38.4561],[16.477,38.4555],[16.4769,38.4567]]]}},{"type":"Feature","properties":{"landuse":"orchard"},"geometry":{"type":"Polygon","coordinates":[[[16.4763,38.4754],[16.4756,38.4767],[16.4752,38.4757],[16.4763,38.4754]]]}},{"type":"Feature","properties":{"landuse":"orchard"},"geometry":{"type":"Polygon","coordinates":[[[16.4749,38.4522],[16.4745,38.4506],[16.4753,38.45],[16.4749,38.4522]]]}},{"type":"Feature","properties":{"landuse":"orchard"},"geometry":{"type":"Polygon","coordinates":[[[16.4733,38.4501],[16.4712,38.4487],[16.4724,38.4486],[16.4733,38.4501]]]}},{"type":"Feature","properties":{"landuse":"orchard"},"geometry":{"type":"Polygon","coordinates":[[[16.469,38.4485],[16.4704,38.4488],[16.4694,38.4505],[16.469,38.4485]]]}},{"type":"Feature","properties":{"landuse":"orchard"},"geometry":{"type":"Polygon","coordinates":[[[16.4702,38.4613],[16.4713,38.4615],[16.4707,38.4626],[16.4702,38.4613]]]}},{"type":"Feature","properties":{"landuse":"orchard"},"geometry":{"type":"Polygon","coordinates":[[[16.1623,38.6907],[16.1633,38.6903],[16.1642,38.6913],[16.1623,38.6907]]]}},{"type":"Feature","properties":{"landuse":"orchard"},"geometry":{"type":"Polygon","coordinates":[[[16.4296,38.4027],[16.4291,38.4011],[16.4311,38.4019],[16.4296,38.4027]]]}},{"type":"Feature","properties":{"landuse":"orchard"},"geometry":{"type":"Polygon","coordinates":[[[16.4622,38.3861],[16.4586,38.3885],[16.4541,38.3854],[16.4585,38.3823],[16.4622,38.3861]]]}},{"type":"Feature","properties":{"landuse":"green_public_spaces"},"geometry":{"type":"Polygon","coordinates":[[[16.5148,38.9519],[16.5173,38.9458],[16.5173,38.9504],[16.5148,38.9519]]]}},{"type":"Feature","properties":{"landuse":"farmland"},"geometry":{"type":"Polygon","coordinates":[[[16.1289,38.6909],[16.1315,38.693],[16.1295,38.6923],[16.1289,38.6909]]]}},{"type":"Feature","properties":{"landuse":"farmland"},"geometry":{"type":"Polygon","coordinates":[[[16.13,38.6926],[16.1288,38.6929],[16.1286,38.6912],[16.13,38.6926]]]}},{"type":"Feature","properties":{"landuse":"farmland"},"geometry":{"type":"Polygon","coordinates":[[[16.0698,38.7078],[16.0663,38.7046],[16.0694,38.7039],[16.0698,38.7078]]]}},{"type":"Feature","properties":{"landuse":"orchard"},"geometry":{"type":"Polygon","coordinates":[[[16.0652,38.7018],[16.0673,38.701],[16.0664,38.7037],[16.0652,38.7018]]]}},{"type":"Feature","properties":{"landuse":"orchard"},"geometry":{"type":"Polygon","coordinates":[[[16.0637,38.7154],[16.0624,38.7157],[16.0627,38.7143],[16.0637,38.7154]]]}},{"type":"Feature","properties":{"landuse":"orchard"},"geometry":{"type":"Polygon","coordinates":[[[16.0576,38.7066],[16.055,38.7049],[16.0576,38.7041],[16.0576,38.7066]]]}},{"type":"Feature","properties":{"landuse":"farmland"},"geometry":{"type":"Polygon","coordinates":[[[16.0623,38.7036],[16.0639,38.7057],[16.0586,38.7032],[16.0623,38.7036]]]}},{"type":"Feature","properties":{"landuse":"orchard"},"geometry":{"type":"Polygon","coordinates":[[[16.0619,38.703],[16.0601,38.703],[16.0593,38.7017],[16.0619,38.703]]]}},{"type":"Feature","properties":{"landuse":"farmland"},"geometry":{"type":"Polygon","coordinates":[[[16.1017,38.7056],[16.1003,38.7066],[16.0989,38.7057],[16.1017,38.7056]]]}},{"type":"Feature","properties":{"landuse":"orchard"},"geometry":{"type":"Polygon","coordinates":[[[16.1031,38.6953],[16.0993,38.6969],[16.1012,38.6934],[16.1031,38.6953]]]}},{"type":"Feature","properties":{"landuse":"farmland"},"geometry":{"type":"Polygon","coordinates":[[[16.1022,38.6954],[16.103,38.6958],[16.101,38.6974],[16.1022,38.6954]]]}},{"type":"Feature","properties":{"landuse":"orchard"},"geometry":{"type":"Polygon","coordinates":[[[16.0979,38.6934],[16.101,38.6931],[16.0973,38.6943],[16.0979,38.6934]]]}},{"type":"Feature","properties":{"landuse":"farmland"},"geometry":{"type":"Polygon","coordinates":[[[16.1105,38.6874],[16.1086,38.6876],[16.1089,38.6866],[16.1105,38.6874]]]}},{"type":"Feature","properties":{"landuse":"farmland"},"geometry":{"type":"Polygon","coordinates":[[[16.111,38.6858],[16.1135,38.6854],[16.1129,38.6881],[16.111,38.6858]]]}},{"type":"Feature","properties":{"landuse":"farmland"},"geometry":{"type":"Polygon","coordinates":[[[16.1193,38.6916],[16.1199,38.6894],[16.1228,38.6898],[16.1193,38.6916]]]}},{"type":"Feature","properties":{"landuse":"orchard"},"geometry":{"type":"Polygon","coordinates":[[[16.1183,38.6883],[16.1201,38.689],[16.1186,38.6912],[16.1183,38.6883]]]}},{"type":"Feature","properties":{"landuse":"farmland"},"geometry":{"type":"Polygon","coordinates":[[[16.1117,38.6877],[16.1128,38.6888],[16.1109,38.6889],[16.1117,38.6877]]]}},{"type":"Feature","properties":{"landuse":"orchard"},"geometry":{"type":"Polygon","coordinates":[[[16.2037,38.5711],[16.2036,38.5726],[16.2024,38.5718],[16.2037,38.5711]]]}},{"type":"Feature","properties":{"landuse":"farmland"},"geometry":{"type":"Polygon","coordinates":[[[16.1875,38.7059],[16.1861,38.7067],[16.1862,38.7054],[16.1875,38.7059]]]}},{"type":"Feature","properties":{"landuse":"orchard"},"geometry":{"type":"Polygon","coordinates":[[[16.049,38.7145],[16.0477,38.7145],[16.0489,38.7133],[16.049,38.7145]]]}},{"type":"Feature","properties":{"landuse":"orchard"},"geometry":{"type":"Polygon","coordinates":[[[16.049,38.7129],[16.0491,38.7112],[16.0545,38.7118],[16.049,38.7129]]]}},{"type":"Feature","properties":{"landuse":"orchard"},"geometry":{"type":"Polygon","coordinates":[[[16.0619,38.7149],[16.0603,38.7124],[16.0634,38.7133],[16.0619,38.7149]]]}},{"type":"Feature","properties":{"landuse":"orchard"},"geometry":{"type":"Polygon","coordinates":[[[16.0579,38.7103],[16.0568,38.71],[16.0578,38.7091],[16.0579,38.7103]]]}},{"type":"Feature","properties":{"landuse":"orchard"},"geometry":{"type":"Polygon","coordinates":[[[16.0582,38.7098],[16.0577,38.7087],[16.0591,38.7091],[16.0582,38.7098]]]}},{"type":"Feature","properties":{"landuse":"orchard"},"geometry":{"type":"Polygon","coordinates":[[[16.0585,38.7104],[16.0578,38.7114],[16.0565,38.71],[16.0585,38.7104]]]}},{"type":"Feature","properties":{"landuse":"orchard"},"geometry":{"type":"Polygon","coordinates":[[[16.0653,38.7019],[16.0631,38.7023],[16.0651,38.6997],[16.0653,38.7019]]]}},{"type":"Feature","properties":{"landuse":"orchard"},"geometry":{"type":"Polygon","coordinates":[[[16.0816,38.6957],[16.0821,38.6931],[16.0825,38.6944],[16.0816,38.6957]]]}},{"type":"Feature","properties":{"landuse":"orchard"},"geometry":{"type":"Polygon","coordinates":[[[16.0853,38.0172],[16.0856,38.0157],[16.0884,38.017],[16.0853,38.0172]]]}},{"type":"Feature","properties":{"landuse":"orchard"},"geometry":{"type":"Polygon","coordinates":[[[16.0858,38.0094],[16.0874,38.0089],[16.0884,38.0135],[16.0858,38.0094]]]}},{"type":"Feature","properties":{"landuse":"farmland"},"geometry":{"type":"Polygon","coordinates":[[[16.0984,38.6687],[16.1015,38.6652],[16.102,38.6681],[16.0984,38.6687]]]}},{"type":"Feature","properties":{"landuse":"orchard"},"geometry":{"type":"Polygon","coordinates":[[[16.1321,38.6846],[16.1312,38.6868],[16.1307,38.6857],[16.1321,38.6846]]]}},{"type":"Feature","properties":{"landuse":"orchard"},"geometry":{"type":"Polygon","coordinates":[[[16.1306,38.6833],[16.1315,38.6816],[16.1326,38.6825],[16.1306,38.6833]]]}},{"type":"Feature","properties":{"landuse":"farmland"},"geometry":{"type":"Polygon","coordinates":[[[16.1606,38.6919],[16.1594,38.6908],[16.1614,38.6895],[16.1606,38.6919]]]}},{"type":"Feature","properties":{"landuse":"orchard"},"geometry":{"type":"Polygon","coordinates":[[[16.166,38.6894],[16.1655,38.6882],[16.1696,38.6873],[16.166,38.6894]]]}},{"type":"Feature","properties":{"landuse":"orchard"},"geometry":{"type":"Polygon","coordinates":[[[16.1749,38.6858],[16.1741,38.6857],[16.1764,38.6852],[16.1749,38.6858]]]}},{"type":"Feature","properties":{"landuse":"farmland"},"geometry":{"type":"Polygon","coordinates":[[[16.1681,38.6869],[16.1634,38.6882],[16.1723,38.6835],[16.1726,38.6863],[16.1681,38.6869]]]}},{"type":"Feature","properties":{"landuse":"farmland"},"geometry":{"type":"Polygon","coordinates":[[[16.1651,38.6923],[16.1648,38.6912],[16.1692,38.6905],[16.1651,38.6923]]]}},{"type":"Feature","properties":{"landuse":"farmland"},"geometry":{"type":"Polygon","coordinates":[[[16.1608,38.6959],[16.1617,38.6932],[16.1634,38.6938],[16.1608,38.6959]]]}},{"type":"Feature","properties":{"landuse":"orchard"},"geometry":{"type":"Polygon","coordinates":[[[16.1559,38.6889],[16.1608,38.686],[16.1584,38.689],[16.1559,38.6889]]]}},{"type":"Feature","properties":{"landuse":"orchard"},"geometry":{"type":"Polygon","coordinates":[[[16.1548,38.6811],[16.1537,38.683],[16.1497,38.6806],[16.1548,38.6811]]]}},{"type":"Feature","properties":{"landuse":"farmland"},"geometry":{"type":"Polygon","coordinates":[[[16.1362,38.7003],[16.1354,38.6996],[16.1372,38.699],[16.1362,38.7003]]]}},{"type":"Feature","properties":{"landuse":"farmland"},"geometry":{"type":"Polygon","coordinates":[[[16.1334,38.6976],[16.1345,38.6947],[16.136,38.6966],[16.1334,38.6976]]]}},{"type":"Feature","properties":{"landuse":"orchard"},"geometry":{"type":"Polygon","coordinates":[[[16.1417,38.7025],[16.1417,38.704],[16.1406,38.7032],[16.1417,38.7025]]]}},{"type":"Feature","properties":{"landuse":"farmland"},"geometry":{"type":"Polygon","coordinates":[[[16.1406,38.7032],[16.1448,38.7032],[16.1441,38.705],[16.1406,38.7032]]]}},{"type":"Feature","properties":{"landuse":"orchard"},"geometry":{"type":"Polygon","coordinates":[[[16.1386,38.7048],[16.1377,38.7043],[16.1389,38.7036],[16.1386,38.7048]]]}},{"type":"Feature","properties":{"landuse":"orchard"},"geometry":{"type":"Polygon","coordinates":[[[15.7453,37.9501],[15.7475,37.9496],[15.7467,37.9504],[15.7453,37.9501]]]}},{"type":"Feature","properties":{"landuse":"orchard"},"geometry":{"type":"Polygon","coordinates":[[[15.743,37.9489],[15.7449,37.9485],[15.7452,37.9494],[15.743,37.9489]]]}},{"type":"Feature","properties":{"landuse":"farmland"},"geometry":{"type":"Polygon","coordinates":[[[16.1135,38.7081],[16.1119,38.7076],[16.1122,38.7065],[16.1135,38.7081]]]}},{"type":"Feature","properties":{"landuse":"farmland"},"geometry":{"type":"Polygon","coordinates":[[[16.1529,38.7127],[16.1517,38.7136],[16.149,38.7126],[16.1529,38.7127]]]}},{"type":"Feature","properties":{"landuse":"farmland"},"geometry":{"type":"Polygon","coordinates":[[[16.149,38.7126],[16.1521,38.714],[16.1508,38.7154],[16.149,38.7126]]]}},{"type":"Feature","properties":{"landuse":"farmland"},"geometry":{"type":"Polygon","coordinates":[[[16.1533,38.7151],[16.1521,38.7148],[16.1522,38.7135],[16.1533,38.7151]]]}},{"type":"Feature","properties":{"landuse":"farmland"},"geometry":{"type":"Polygon","coordinates":[[[16.1502,38.7154],[16.1482,38.7153],[16.1491,38.7145],[16.1502,38.7154]]]}},{"type":"Feature","properties":{"landuse":"farmland"},"geometry":{"type":"Polygon","coordinates":[[[16.2128,38.779],[16.2137,38.7781],[16.2144,38.7808],[16.2128,38.779]]]}},{"type":"Feature","properties":{"landuse":"farmland"},"geometry":{"type":"Polygon","coordinates":[[[16.2125,38.7819],[16.2118,38.7798],[16.2135,38.7807],[16.2125,38.7819]]]}},{"type":"Feature","properties":{"landuse":"orchard"},"geometry":{"type":"Polygon","coordinates":[[[16.2161,38.7836],[16.2181,38.7839],[16.2201,38.7873],[16.2161,38.7836]]]}},{"type":"Feature","properties":{"landuse":"orchard"},"geometry":{"type":"Polygon","coordinates":[[[16.214,38.7863],[16.2169,38.7845],[16.2153,38.7867],[16.214,38.7863]]]}},{"type":"Feature","properties":{"landuse":"orchard"},"geometry":{"type":"Polygon","coordinates":[[[16.2178,38.7861],[16.2205,38.7903],[16.2176,38.7929],[16.2147,38.7884],[16.2178,38.7861]]]}},{"type":"Feature","properties":{"landuse":"farmland"},"geometry":{"type":"Polygon","coordinates":[[[16.2147,38.7884],[16.214,38.7863],[16.2162,38.7875],[16.2147,38.7884]]]}},{"type":"Feature","properties":{"landuse":"orchard"},"geometry":{"type":"Polygon","coordinates":[[[16.2205,38.7903],[16.2217,38.7923],[16.2208,38.7932],[16.2205,38.7903]]]}},{"type":"Feature","properties":{"landuse":"orchard"},"geometry":{"type":"Polygon","coordinates":[[[16.2213,38.7915],[16.2205,38.7903],[16.2224,38.7908],[16.2213,38.7915]]]}},{"type":"Feature","properties":{"landuse":"orchard"},"geometry":{"type":"Polygon","coordinates":[[[16.222,38.7928],[16.2224,38.791],[16.2242,38.7955],[16.222,38.7928]]]}},{"type":"Feature","properties":{"landuse":"orchard"},"geometry":{"type":"Polygon","coordinates":[[[16.2207,38.7996],[16.2193,38.796],[16.223,38.7943],[16.2207,38.7996]]]}},{"type":"Feature","properties":{"landuse":"orchard"},"geometry":{"type":"Polygon","coordinates":[[[16.2255,38.8286],[16.229,38.8272],[16.2298,38.8283],[16.2255,38.8286]]]}},{"type":"Feature","properties":{"landuse":"orchard"},"geometry":{"type":"Polygon","coordinates":[[[16.2251,38.8299],[16.2249,38.8287],[16.2262,38.8298],[16.2251,38.8299]]]}},{"type":"Feature","properties":{"landuse":"farmland"},"geometry":{"type":"Polygon","coordinates":[[[16.2282,38.8305],[16.2278,38.8284],[16.2291,38.8306],[16.2282,38.8305]]]}},{"type":"Feature","properties":{"landuse":"orchard"},"geometry":{"type":"Polygon","coordinates":[[[16.2291,38.8306],[16.2287,38.8284],[16.2315,38.8307],[16.2291,38.8306]]]}},{"type":"Feature","properties":{"landuse":"orchard"},"geometry":{"type":"Polygon","coordinates":[[[16.2306,38.8294],[16.2299,38.8285],[16.2318,38.8299],[16.2306,38.8294]]]}},{"type":"Feature","properties":{"landuse":"orchard"},"geometry":{"type":"Polygon","coordinates":[[[16.2316,38.83],[16.2362,38.8292],[16.2375,38.8306],[16.2316,38.83]]]}},{"type":"Feature","properties":{"landuse":"orchard"},"geometry":{"type":"Polygon","coordinates":[[[16.2364,38.8293],[16.2379,38.828],[16.2383,38.8293],[16.2364,38.8293]]]}},{"type":"Feature","properties":{"landuse":"farmland"},"geometry":{"type":"Polygon","coordinates":[[[16.2357,38.8273],[16.2374,38.8283],[16.2359,38.8291],[16.2357,38.8273]]]}},{"type":"Feature","properties":{"landuse":"orchard"},"geometry":{"type":"Polygon","coordinates":[[[16.2252,38.7954],[16.2278,38.795],[16.2283,38.7991],[16.2252,38.7954]]]}},{"type":"Feature","properties":{"landuse":"orchard"},"geometry":{"type":"Polygon","coordinates":[[[16.2237,38.7912],[16.2274,38.7944],[16.2251,38.7954],[16.2237,38.7912]]]}},{"type":"Feature","properties":{"landuse":"orchard"},"geometry":{"type":"Polygon","coordinates":[[[16.2288,38.7944],[16.226,38.7914],[16.2318,38.7933],[16.2288,38.7944]]]}},{"type":"Feature","properties":{"landuse":"orchard"},"geometry":{"type":"Polygon","coordinates":[[[16.2306,38.7966],[16.2289,38.7946],[16.2307,38.7945],[16.2306,38.7966]]]}},{"type":"Feature","properties":{"landuse":"orchard"},"geometry":{"type":"Polygon","coordinates":[[[16.225,38.7796],[16.2261,38.79],[16.2214,38.7859],[16.2225,38.7789],[16.225,38.7796]]]}},{"type":"Feature","properties":{"landuse":"orchard"},"geometry":{"type":"Polygon","coordinates":[[[16.2415,38.8082],[16.2415,38.8073],[16.2446,38.8079],[16.2415,38.8082]]]}},{"type":"Feature","properties":{"landuse":"farmland"},"geometry":{"type":"Polygon","coordinates":[[[15.9058,38.6223],[15.9067,38.6209],[15.9081,38.6206],[15.9058,38.6223]]]}},{"type":"Feature","properties":{"landuse":"farmland"},"geometry":{"type":"Polygon","coordinates":[[[15.9808,38.7121],[15.9785,38.7126],[15.9783,38.711],[15.9808,38.7121]]]}},{"type":"Feature","properties":{"landuse":"farmland"},"geometry":{"type":"Polygon","coordinates":[[[15.9809,38.713],[15.9801,38.7144],[15.9786,38.7129],[15.9809,38.713]]]}},{"type":"Feature","properties":{"landuse":"farmland"},"geometry":{"type":"Polygon","coordinates":[[[15.9921,38.7057],[15.9903,38.7049],[15.9908,38.7024],[15.9921,38.7057]]]}},{"type":"Feature","properties":{"landuse":"farmland"},"geometry":{"type":"Polygon","coordinates":[[[15.9916,38.7026],[15.9923,38.7004],[15.9947,38.7008],[15.9916,38.7026]]]}},{"type":"Feature","properties":{"landuse":"farmland"},"geometry":{"type":"Polygon","coordinates":[[[15.9921,38.6974],[15.994,38.6966],[15.9948,38.7002],[15.9921,38.6974]]]}},{"type":"Feature","properties":{"landuse":"orchard"},"geometry":{"type":"Polygon","coordinates":[[[15.9978,38.6896],[15.9967,38.6929],[15.9952,38.6914],[15.9978,38.6896]]]}},{"type":"Feature","properties":{"landuse":"orchard"},"geometry":{"type":"Polygon","coordinates":[[[15.9953,38.6912],[15.9943,38.6894],[15.9978,38.6896],[15.9953,38.6912]]]}},{"type":"Feature","properties":{"landuse":"orchard"},"geometry":{"type":"Polygon","coordinates":[[[15.9999,38.6914],[15.9995,38.6902],[16.0009,38.6904],[15.9999,38.6914]]]}},{"type":"Feature","properties":{"landuse":"farmland"},"geometry":{"type":"Polygon","coordinates":[[[15.9999,38.6914],[16,38.6897],[16.0014,38.6923],[15.9999,38.6914]]]}},{"type":"Feature","properties":{"landuse":"farmland"},"geometry":{"type":"Polygon","coordinates":[[[15.9892,38.6968],[15.9864,38.696],[15.9873,38.6954],[15.9892,38.6968]]]}},{"type":"Feature","properties":{"landuse":"farmland"},"geometry":{"type":"Polygon","coordinates":[[[15.9902,38.7042],[15.9891,38.7025],[15.991,38.7016],[15.9902,38.7042]]]}},{"type":"Feature","properties":{"landuse":"farmland"},"geometry":{"type":"Polygon","coordinates":[[[15.991,38.7016],[15.9888,38.7015],[15.9908,38.7006],[15.991,38.7016]]]}},{"type":"Feature","properties":{"landuse":"orchard"},"geometry":{"type":"Polygon","coordinates":[[[15.9886,38.7003],[15.9896,38.7004],[15.9893,38.7027],[15.9886,38.7003]]]}},{"type":"Feature","properties":{"landuse":"farmland"},"geometry":{"type":"Polygon","coordinates":[[[15.9878,38.6998],[15.9857,38.7],[15.9869,38.6985],[15.9878,38.6998]]]}},{"type":"Feature","properties":{"landuse":"farmland"},"geometry":{"type":"Polygon","coordinates":[[[15.973,38.6955],[15.9733,38.6933],[15.9744,38.6946],[15.973,38.6955]]]}},{"type":"Feature","properties":{"landuse":"farmland"},"geometry":{"type":"Polygon","coordinates":[[[15.9674,38.6916],[15.97,38.6945],[15.968,38.6939],[15.9674,38.6916]]]}},{"type":"Feature","properties":{"landuse":"orchard"},"geometry":{"type":"Polygon","coordinates":[[[15.9715,38.6908],[15.9715,38.6929],[15.9693,38.6916],[15.9715,38.6908]]]}},{"type":"Feature","properties":{"landuse":"orchard"},"geometry":{"type":"Polygon","coordinates":[[[15.9751,38.6866],[15.9777,38.6879],[15.9756,38.6892],[15.9751,38.6866]]]}},{"type":"Feature","properties":{"landuse":"farmland"},"geometry":{"type":"Polygon","coordinates":[[[15.9719,38.681],[15.9777,38.6836],[15.9742,38.6834],[15.9719,38.681]]]}},{"type":"Feature","properties":{"landuse":"orchard"},"geometry":{"type":"Polygon","coordinates":[[[15.9741,38.6836],[15.9758,38.6833],[15.9756,38.6839],[15.9741,38.6836]]]}},{"type":"Feature","properties":{"landuse":"farmland"},"geometry":{"type":"Polygon","coordinates":[[[15.9719,38.683],[15.9733,38.6822],[15.9742,38.6834],[15.9719,38.683]]]}},{"type":"Feature","properties":{"landuse":"orchard"},"geometry":{"type":"Polygon","coordinates":[[[15.9719,38.681],[15.9717,38.68],[15.9746,38.6813],[15.9719,38.681]]]}},{"type":"Feature","properties":{"landuse":"farmland"},"geometry":{"type":"Polygon","coordinates":[[[15.9715,38.6734],[15.9726,38.6719],[15.9732,38.6736],[15.9715,38.6734]]]}},{"type":"Feature","properties":{"landuse":"orchard"},"geometry":{"type":"Polygon","coordinates":[[[15.97,38.6725],[15.9726,38.6719],[15.9724,38.6727],[15.97,38.6725]]]}},{"type":"Feature","properties":{"landuse":"farmland"},"geometry":{"type":"Polygon","coordinates":[[[15.9711,38.6738],[15.9682,38.6727],[15.9693,38.6722],[15.9711,38.6738]]]}},{"type":"Feature","properties":{"landuse":"farmland"},"geometry":{"type":"Polygon","coordinates":[[[15.9681,38.6725],[15.967,38.6712],[15.9683,38.6712],[15.9681,38.6725]]]}},{"type":"Feature","properties":{"landuse":"farmland"},"geometry":{"type":"Polygon","coordinates":[[[15.9647,38.6743],[15.9675,38.6736],[15.9664,38.6754],[15.9647,38.6743]]]}},{"type":"Feature","properties":{"landuse":"orchard"},"geometry":{"type":"Polygon","coordinates":[[[15.9662,38.6756],[15.9695,38.6749],[15.9692,38.6767],[15.9662,38.6756]]]}},{"type":"Feature","properties":{"landuse":"farmland"},"geometry":{"type":"Polygon","coordinates":[[[15.967,38.6765],[15.9687,38.6756],[15.9692,38.6767],[15.967,38.6765]]]}},{"type":"Feature","properties":{"landuse":"farmland"},"geometry":{"type":"Polygon","coordinates":[[[15.9722,38.6778],[15.9717,38.6759],[15.9733,38.6767],[15.9722,38.6778]]]}},{"type":"Feature","properties":{"landuse":"farmland"},"geometry":{"type":"Polygon","coordinates":[[[15.9783,38.6774],[15.9775,38.6778],[15.977,38.6762],[15.9783,38.6774]]]}},{"type":"Feature","properties":{"landuse":"orchard"},"geometry":{"type":"Polygon","coordinates":[[[15.9137,38.6763],[15.9134,38.6758],[15.9153,38.6761],[15.9137,38.6763]]]}},{"type":"Feature","properties":{"landuse":"farmland"},"geometry":{"type":"Polygon","coordinates":[[[16.1711,38.6989],[16.1717,38.6979],[16.1729,38.6984],[16.1711,38.6989]]]}},{"type":"Feature","properties":{"landuse":"farmland"},"geometry":{"type":"Polygon","coordinates":[[[16.1578,38.6787],[16.1657,38.6742],[16.1619,38.6784],[16.1578,38.6787]]]}},{"type":"Feature","properties":{"landuse":"orchard"},"geometry":{"type":"Polygon","coordinates":[[[16.159,38.6889],[16.1618,38.6861],[16.1635,38.6861],[16.159,38.6889]]]}},{"type":"Feature","properties":{"landuse":"orchard"},"geometry":{"type":"Polygon","coordinates":[[[16.1449,38.6831],[16.1477,38.682],[16.1461,38.6835],[16.1449,38.6831]]]}},{"type":"Feature","properties":{"landuse":"orchard"},"geometry":{"type":"Polygon","coordinates":[[[16.1508,38.686],[16.151,38.6841],[16.1528,38.6839],[16.1508,38.686]]]}},{"type":"Feature","properties":{"landuse":"orchard"},"geometry":{"type":"Polygon","coordinates":[[[16.1512,38.686],[16.1522,38.6849],[16.1536,38.6855],[16.1512,38.686]]]}},{"type":"Feature","properties":{"landuse":"orchard"},"geometry":{"type":"Polygon","coordinates":[[[16.9369,39.1741],[16.9388,39.1732],[16.9389,39.1758],[16.9369,39.1741]]]}},{"type":"Feature","properties":{"landuse":"orchard"},"geometry":{"type":"Polygon","coordinates":[[[16.9346,39.175],[16.9373,39.1769],[16.9347,39.1763],[16.9346,39.175]]]}},{"type":"Feature","properties":{"landuse":"orchard"},"geometry":{"type":"Polygon","coordinates":[[[16.6399,39.6047],[16.6421,39.6039],[16.6431,39.605],[16.6399,39.6047]]]}},{"type":"Feature","properties":{"landuse":"farmland"},"geometry":{"type":"Polygon","coordinates":[[[16.0784,38.71],[16.0786,38.709],[16.08,38.7094],[16.0784,38.71]]]}},{"type":"Feature","properties":{"landuse":"orchard"},"geometry":{"type":"Polygon","coordinates":[[[16.2154,38.7141],[16.2177,38.7158],[16.2157,38.7167],[16.2154,38.7141]]]}},{"type":"Feature","properties":{"landuse":"orchard"},"geometry":{"type":"Polygon","coordinates":[[[16.2151,38.7137],[16.2154,38.7123],[16.2171,38.7122],[16.2151,38.7137]]]}},{"type":"Feature","properties":{"landuse":"orchard"},"geometry":{"type":"Polygon","coordinates":[[[16.2417,38.7795],[16.2438,38.7807],[16.234,38.7853],[16.2244,38.7853],[16.225,38.7797],[16.232,38.7751],[16.242,38.7772],[16.2417,38.7795]]]}},{"type":"Feature","properties":{"landuse":"orchard"},"geometry":{"type":"Polygon","coordinates":[[[16.2344,38.7695],[16.2408,38.7725],[16.2322,38.7729],[16.2344,38.7695]]]}},{"type":"Feature","properties":{"landuse":"orchard"},"geometry":{"type":"Polygon","coordinates":[[[16.2429,38.7724],[16.24,38.7746],[16.2364,38.7746],[16.2429,38.7724]]]}},{"type":"Feature","properties":{"landuse":"orchard"},"geometry":{"type":"Polygon","coordinates":[[[16.2442,38.7807],[16.252,38.7845],[16.2464,38.7856],[16.2381,38.7821],[16.2442,38.7807]]]}},{"type":"Feature","properties":{"landuse":"orchard"},"geometry":{"type":"Polygon","coordinates":[[[16.2534,38.7858],[16.2511,38.7853],[16.2538,38.7849],[16.2534,38.7858]]]}},{"type":"Feature","properties":{"landuse":"orchard"},"geometry":{"type":"Polygon","coordinates":[[[16.2581,38.787],[16.2545,38.7859],[16.2554,38.7855],[16.2581,38.787]]]}},{"type":"Feature","properties":{"landuse":"orchard"},"geometry":{"type":"Polygon","coordinates":[[[16.2499,38.7819],[16.2475,38.7812],[16.2488,38.7807],[16.2479,38.7802],[16.2499,38.7819]]]}},{"type":"Feature","properties":{"landuse":"orchard"},"geometry":{"type":"Polygon","coordinates":[[[16.2434,38.7731],[16.245,38.7738],[16.2424,38.7748],[16.2434,38.7731]]]}},{"type":"Feature","properties":{"landuse":"orchard"},"geometry":{"type":"Polygon","coordinates":[[[16.2455,38.7755],[16.2454,38.7739],[16.2482,38.7747],[16.2455,38.7755]]]}},{"type":"Feature","properties":{"landuse":"farmland"},"geometry":{"type":"Polygon","coordinates":[[[16.1075,38.6953],[16.1055,38.6974],[16.1044,38.6961],[16.1075,38.6953]]]}},{"type":"Feature","properties":{"landuse":"farmland"},"geometry":{"type":"Polygon","coordinates":[[[16.1089,38.6977],[16.1082,38.696],[16.1115,38.6944],[16.1089,38.6977]]]}},{"type":"Feature","properties":{"landuse":"orchard"},"geometry":{"type":"Polygon","coordinates":[[[16.1091,38.6976],[16.1087,38.6957],[16.1106,38.697],[16.1091,38.6976]]]}},{"type":"Feature","properties":{"landuse":"farmland"},"geometry":{"type":"Polygon","coordinates":[[[16.1206,38.6808],[16.1214,38.6824],[16.1188,38.6823],[16.1206,38.6808]]]}},{"type":"Feature","properties":{"landuse":"orchard"},"geometry":{"type":"Polygon","coordinates":[[[16.1136,38.7049],[16.1142,38.7041],[16.115,38.7049],[16.1136,38.7049]]]}},{"type":"Feature","properties":{"landuse":"orchard"},"geometry":{"type":"Polygon","coordinates":[[[16.2356,38.7569],[16.2353,38.7546],[16.2386,38.7554],[16.2356,38.7569]]]}},{"type":"Feature","properties":{"landuse":"farmland"},"geometry":{"type":"Polygon","coordinates":[[[15.8686,38.6608],[15.8662,38.6592],[15.8698,38.6598],[15.8686,38.6608]]]}},{"type":"Feature","properties":{"landuse":"farmland"},"geometry":{"type":"Polygon","coordinates":[[[15.8746,38.6531],[15.877,38.6535],[15.8747,38.6549],[15.8746,38.6531]]]}},{"type":"Feature","properties":{"landuse":"orchard"},"geometry":{"type":"Polygon","coordinates":[[[15.8687,38.648],[15.867,38.6472],[15.8691,38.647],[15.8687,38.648]]]}},{"type":"Feature","properties":{"landuse":"orchard"},"geometry":{"type":"Polygon","coordinates":[[[16.016,38.7189],[16.0168,38.7175],[16.0175,38.7184],[16.016,38.7189]]]}},{"type":"Feature","properties":{"landuse":"orchard"},"geometry":{"type":"Polygon","coordinates":[[[16.0161,38.7207],[16.0167,38.7196],[16.0182,38.7203],[16.0161,38.7207]]]}},{"type":"Feature","properties":{"landuse":"orchard"},"geometry":{"type":"Polygon","coordinates":[[[16.0122,38.7112],[16.0144,38.7122],[16.0129,38.7127],[16.0122,38.7112]]]}},{"type":"Feature","properties":{"landuse":"orchard"},"geometry":{"type":"Polygon","coordinates":[[[16.0523,38.692],[16.0499,38.6908],[16.0542,38.6908],[16.0523,38.692]]]}},{"type":"Feature","properties":{"landuse":"orchard"},"geometry":{"type":"Polygon","coordinates":[[[16.1581,38.7004],[16.159,38.6998],[16.1603,38.7008],[16.1581,38.7004]]]}},{"type":"Feature","properties":{"landuse":"farmland"},"geometry":{"type":"Polygon","coordinates":[[[16.0824,38.6765],[16.0805,38.6759],[16.082,38.6751],[16.0824,38.6765]]]}},{"type":"Feature","properties":{"landuse":"farmland"},"geometry":{"type":"Polygon","coordinates":[[[16.0851,38.6662],[16.0871,38.6667],[16.0862,38.668],[16.0851,38.6662]]]}},{"type":"Feature","properties":{"landuse":"orchard"},"geometry":{"type":"Polygon","coordinates":[[[16.1626,38.6742],[16.1639,38.6725],[16.1672,38.6732],[16.1626,38.6742]]]}},{"type":"Feature","properties":{"landuse":"orchard"},"geometry":{"type":"Polygon","coordinates":[[[16.1626,38.6742],[16.1613,38.6743],[16.1617,38.6734],[16.1626,38.6742]]]}},{"type":"Feature","properties":{"landuse":"orchard"},"geometry":{"type":"Polygon","coordinates":[[[16.1617,38.6734],[16.1599,38.6731],[16.1628,38.6723],[16.1617,38.6734]]]}},{"type":"Feature","properties":{"landuse":"orchard"},"geometry":{"type":"Polygon","coordinates":[[[16.1676,38.6765],[16.1664,38.6741],[16.1693,38.6742],[16.1676,38.6765]]]}},{"type":"Feature","properties":{"landuse":"orchard"},"geometry":{"type":"Polygon","coordinates":[[[16.1648,38.6759],[16.1662,38.6746],[16.1661,38.6756],[16.1648,38.6759]]]}},{"type":"Feature","properties":{"landuse":"orchard"},"geometry":{"type":"Polygon","coordinates":[[[16.1696,38.6729],[16.1715,38.6717],[16.1728,38.6723],[16.1696,38.6729]]]}},{"type":"Feature","properties":{"landuse":"orchard"},"geometry":{"type":"Polygon","coordinates":[[[16.6983,38.8728],[16.6945,38.8706],[16.6988,38.8724],[16.6983,38.8728]]]}},{"type":"Feature","properties":{"landuse":"orchard"},"geometry":{"type":"Polygon","coordinates":[[[16.6974,38.867],[16.7035,38.8674],[16.7045,38.8728],[16.6949,38.8699],[16.6974,38.867]]]}},{"type":"Feature","properties":{"landuse":"orchard"},"geometry":{"type":"Polygon","coordinates":[[[16.1445,38.6801],[16.1452,38.6789],[16.1455,38.6808],[16.1445,38.6801]]]}},{"type":"Feature","properties":{"landuse":"orchard"},"geometry":{"type":"Polygon","coordinates":[[[15.9402,38.6881],[15.9416,38.6876],[15.9416,38.6883],[15.9402,38.6881]]]}},{"type":"Feature","properties":{"landuse":"orchard"},"geometry":{"type":"Polygon","coordinates":[[[15.998,38.7208],[15.9982,38.7199],[15.9992,38.7199],[15.998,38.7208]]]}},{"type":"Feature","properties":{"landuse":"green_public_spaces"},"geometry":{"type":"Polygon","coordinates":[[[16.0044,38.7009],[16.0065,38.702],[16.0038,38.7027],[16.0044,38.7009]]]}},{"type":"Feature","properties":{"landuse":"farmland"},"geometry":{"type":"Polygon","coordinates":[[[16.1112,39.0193],[16.1127,39.0171],[16.114,39.0175],[16.1112,39.0193]]]}},{"type":"Feature","properties":{"landuse":"orchard"},"geometry":{"type":"Polygon","coordinates":[[[16.5334,38.8527],[16.5325,38.8517],[16.5343,38.8522],[16.5334,38.8527]]]}},{"type":"Feature","properties":{"landuse":"farmland"},"geometry":{"type":"Polygon","coordinates":[[[17.118,39.0639],[17.1222,39.0638],[17.1198,39.0662],[17.118,39.0639]]]}},{"type":"Feature","properties":{"landuse":"farmland"},"geometry":{"type":"Polygon","coordinates":[[[16.0193,38.7103],[16.0257,38.711],[16.0259,38.7148],[16.0193,38.7103]]]}},{"type":"Feature","properties":{"landuse":"orchard"},"geometry":{"type":"Polygon","coordinates":[[[16.5111,38.7432],[16.5165,38.7409],[16.5154,38.7435],[16.5111,38.7432]]]}},{"type":"Feature","properties":{"landuse":"orchard"},"geometry":{"type":"Polygon","coordinates":[[[16.5107,38.744],[16.5093,38.7442],[16.5088,38.7431],[16.5107,38.744]]]}},{"type":"Feature","properties":{"landuse":"farmland"},"geometry":{"type":"Polygon","coordinates":[[[16.4994,39.6283],[16.499,39.6255],[16.5039,39.6259],[16.5037,39.6291],[16.4994,39.6283]]]}},{"type":"Feature","properties":{"landuse":"farmland"},"geometry":{"type":"Polygon","coordinates":[[[16.5149,39.6308],[16.516,39.6314],[16.5149,39.6318],[16.5149,39.6308]]]}},{"type":"Feature","properties":{"landuse":"orchard"},"geometry":{"type":"Polygon","coordinates":[[[16.5125,39.6251],[16.5098,39.6237],[16.5113,39.6228],[16.5125,39.6251]]]}},{"type":"Feature","properties":{"landuse":"green_public_spaces"},"geometry":{"type":"Polygon","coordinates":[[[15.6612,38.2169],[15.6599,38.2155],[15.6615,38.2153],[15.6612,38.2169]]]}},{"type":"Feature","properties":{"landuse":"orchard"},"geometry":{"type":"Polygon","coordinates":[[[16.4907,38.8228],[16.4892,38.822],[16.4907,38.8205],[16.4907,38.8228]]]}},{"type":"Feature","properties":{"landuse":"farmland"},"geometry":{"type":"Polygon","coordinates":[[[15.9206,38.6052],[15.9237,38.609],[15.9218,38.6099],[15.9206,38.6052]]]}},{"type":"Feature","properties":{"landuse":"farmland"},"geometry":{"type":"Polygon","coordinates":[[[17.0982,39.2594],[17.0997,39.2596],[17.0985,39.2613],[17.0982,39.2594]]]}},{"type":"Feature","properties":{"landuse":"farmland"},"geometry":{"type":"Polygon","coordinates":[[[17.0957,39.2625],[17.0874,39.2619],[17.1004,39.2575],[17.102,39.2641],[17.0957,39.2625]]]}},{"type":"Feature","properties":{"landuse":"farmland"},"geometry":{"type":"Polygon","coordinates":[[[17.0909,39.2303],[17.0942,39.2312],[17.0919,39.2318],[17.0909,39.2303]]]}},{"type":"Feature","properties":{"landuse":"orchard"},"geometry":{"type":"Polygon","coordinates":[[[17.0976,39.2342],[17.0998,39.2348],[17.0978,39.2356],[17.0976,39.2342]]]}},{"type":"Feature","properties":{"landuse":"farmland"},"geometry":{"type":"Polygon","coordinates":[[[17.0929,39.233],[17.0975,39.2328],[17.0962,39.238],[17.0915,39.2356],[17.0929,39.233]]]}},{"type":"Feature","properties":{"landuse":"orchard"},"geometry":{"type":"Polygon","coordinates":[[[17.0877,39.2379],[17.0867,39.2385],[17.0888,39.2373],[17.0877,39.2379]]]}},{"type":"Feature","properties":{"landuse":"farmland"},"geometry":{"type":"Polygon","coordinates":[[[17.0667,39.2475],[17.0657,39.2473],[17.0686,39.2461],[17.0667,39.2475]]]}},{"type":"Feature","properties":{"landuse":"orchard"},"geometry":{"type":"Polygon","coordinates":[[[16.4662,38.3986],[16.4635,38.3985],[16.4665,38.3978],[16.4662,38.3986]]]}},{"type":"Feature","properties":{"landuse":"orchard"},"geometry":{"type":"Polygon","coordinates":[[[16.4689,38.3937],[16.4694,38.3916],[16.4702,38.3925],[16.4689,38.3937]]]}},{"type":"Feature","properties":{"landuse":"orchard"},"geometry":{"type":"Polygon","coordinates":[[[16.4551,38.408],[16.453,38.4074],[16.4552,38.4072],[16.4551,38.408]]]}},{"type":"Feature","properties":{"landuse":"orchard"},"geometry":{"type":"Polygon","coordinates":[[[16.4478,38.4191],[16.4483,38.4166],[16.4494,38.4168],[16.4478,38.4191]]]}},{"type":"Feature","properties":{"landuse":"orchard"},"geometry":{"type":"Polygon","coordinates":[[[16.4383,38.4153],[16.4444,38.4165],[16.4419,38.4179],[16.4383,38.4153]]]}},{"type":"Feature","properties":{"landuse":"farmland"},"geometry":{"type":"Polygon","coordinates":[[[17.1033,39.2472],[17.1034,39.2459],[17.1049,39.2462],[17.1033,39.2472]]]}},{"type":"Feature","properties":{"landuse":"farmland"},"geometry":{"type":"Polygon","coordinates":[[[17.1032,39.2512],[17.1032,39.2491],[17.1043,39.2493],[17.1032,39.2512]]]}},{"type":"Feature","properties":{"landuse":"farmland"},"geometry":{"type":"Polygon","coordinates":[[[17.1019,39.2308],[17.1008,39.2298],[17.1039,39.2304],[17.1019,39.2308]]]}},{"type":"Feature","properties":{"landuse":"farmland"},"geometry":{"type":"Polygon","coordinates":[[[17.1023,39.2383],[17.1022,39.2367],[17.1032,39.238],[17.1023,39.2383]]]}},{"type":"Feature","properties":{"landuse":"farmland"},"geometry":{"type":"Polygon","coordinates":[[[17.1015,39.2511],[17.1016,39.2505],[17.103,39.2506],[17.1029,39.2512],[17.1015,39.2511]]]}},{"type":"Feature","properties":{"landuse":"orchard"},"geometry":{"type":"Polygon","coordinates":[[[16.4489,38.4244],[16.4513,38.4249],[16.4501,38.4254],[16.4489,38.4244]]]}},{"type":"Feature","properties":{"landuse":"orchard"},"geometry":{"type":"Polygon","coordinates":[[[16.4607,38.4164],[16.4656,38.4184],[16.4615,38.4198],[16.4607,38.4164]]]}},{"type":"Feature","properties":{"landuse":"orchard"},"geometry":{"type":"Polygon","coordinates":[[[16.4711,38.4053],[16.4672,38.405],[16.4671,38.4029],[16.4711,38.4053]]]}},{"type":"Feature","properties":{"landuse":"orchard"},"geometry":{"type":"Polygon","coordinates":[[[16.4723,38.4071],[16.4707,38.4089],[16.4697,38.4056],[16.4723,38.4071]]]}},{"type":"Feature","properties":{"landuse":"orchard"},"geometry":{"type":"Polygon","coordinates":[[[16.4671,38.3948],[16.468,38.3996],[16.4643,38.399],[16.4671,38.3948]]]}},{"type":"Feature","properties":{"landuse":"orchard"},"geometry":{"type":"Polygon","coordinates":[[[16.4703,38.3983],[16.469,38.3983],[16.4685,38.3967],[16.4703,38.3983]]]}},{"type":"Feature","properties":{"landuse":"orchard"},"geometry":{"type":"Polygon","coordinates":[[[16.4704,38.3977],[16.4723,38.3969],[16.4741,38.3986],[16.4704,38.3977]]]}},{"type":"Feature","properties":{"landuse":"orchard"},"geometry":{"type":"Polygon","coordinates":[[[16.4737,38.4023],[16.4748,38.3999],[16.4761,38.4017],[16.4737,38.4023]]]}},{"type":"Feature","properties":{"landuse":"orchard"},"geometry":{"type":"Polygon","coordinates":[[[16.4734,38.4019],[16.4715,38.4014],[16.4727,38.4008],[16.4734,38.4019]]]}},{"type":"Feature","properties":{"landuse":"orchard"},"geometry":{"type":"Polygon","coordinates":[[[16.478,38.3959],[16.4789,38.3973],[16.4774,38.3977],[16.478,38.3959]]]}},{"type":"Feature","properties":{"landuse":"orchard"},"geometry":{"type":"Polygon","coordinates":[[[16.4765,38.4012],[16.4776,38.4003],[16.4788,38.4007],[16.4765,38.4012]]]}},{"type":"Feature","properties":{"landuse":"farmland"},"geometry":{"type":"Polygon","coordinates":[[[16.4993,38.4463],[16.5007,38.4466],[16.4987,38.4476],[16.4993,38.4463]]]}},{"type":"Feature","properties":{"landuse":"orchard"},"geometry":{"type":"Polygon","coordinates":[[[16.5148,38.4452],[16.5083,38.4451],[16.5148,38.4434],[16.5148,38.4452]]]}},{"type":"Feature","properties":{"landuse":"orchard"},"geometry":{"type":"Polygon","coordinates":[[[16.5071,38.4467],[16.5075,38.4458],[16.5091,38.4466],[16.5071,38.4467]]]}},{"type":"Feature","properties":{"landuse":"orchard"},"geometry":{"type":"Polygon","coordinates":[[[16.5186,38.4435],[16.5183,38.4429],[16.5211,38.442],[16.5186,38.4435]]]}},{"type":"Feature","properties":{"landuse":"orchard"},"geometry":{"type":"Polygon","coordinates":[[[16.5212,38.4499],[16.5196,38.4492],[16.5196,38.4484],[16.5212,38.4499]]]}},{"type":"Feature","properties":{"landuse":"farmland"},"geometry":{"type":"Polygon","coordinates":[[[16.5175,38.4483],[16.5154,38.4483],[16.5155,38.4473],[16.5175,38.4483]]]}},{"type":"Feature","properties":{"landuse":"farmland"},"geometry":{"type":"Polygon","coordinates":[[[17.1048,39.3104],[17.1035,39.309],[17.1049,39.3089],[17.1048,39.3104]]]}},{"type":"Feature","properties":{"landuse":"farmland"},"geometry":{"type":"Polygon","coordinates":[[[17.1088,39.3119],[17.1099,39.3119],[17.1088,39.3131],[17.1088,39.3119]]]}},{"type":"Feature","properties":{"landuse":"orchard"},"geometry":{"type":"Polygon","coordinates":[[[16.466,38.4235],[16.4624,38.4234],[16.4638,38.4227],[16.466,38.4235]]]}},{"type":"Feature","properties":{"landuse":"orchard"},"geometry":{"type":"Polygon","coordinates":[[[16.5042,38.4675],[16.5057,38.4684],[16.5048,38.4696],[16.5042,38.4675]]]}},{"type":"Feature","properties":{"landuse":"orchard"},"geometry":{"type":"Polygon","coordinates":[[[17.1001,39.2966],[17.1017,39.2961],[17.1006,39.2976],[17.1001,39.2966]]]}},{"type":"Feature","properties":{"landuse":"farmland"},"geometry":{"type":"Polygon","coordinates":[[[17.0172,39.1934],[17.017,39.1952],[17.0144,39.1946],[17.0172,39.1934]]]}},{"type":"Feature","properties":{"landuse":"farmland"},"geometry":{"type":"Polygon","coordinates":[[[17.0166,39.1942],[17.019,39.1927],[17.0179,39.1947],[17.0166,39.1942]]]}},{"type":"Feature","properties":{"landuse":"orchard"},"geometry":{"type":"Polygon","coordinates":[[[17.0111,39.1959],[17.0122,39.1951],[17.0116,39.1966],[17.0111,39.1959]]]}},{"type":"Feature","properties":{"landuse":"orchard"},"geometry":{"type":"Polygon","coordinates":[[[16.5154,38.3972],[16.5127,38.3984],[16.5138,38.397],[16.5154,38.3972]]]}},{"type":"Feature","properties":{"landuse":"orchard"},"geometry":{"type":"Polygon","coordinates":[[[16.511,38.3993],[16.5119,38.4005],[16.5107,38.4006],[16.511,38.3993]]]}},{"type":"Feature","properties":{"landuse":"orchard"},"geometry":{"type":"Polygon","coordinates":[[[16.4848,38.4146],[16.4824,38.4135],[16.4858,38.4125],[16.4848,38.4146]]]}},{"type":"Feature","properties":{"landuse":"orchard"},"geometry":{"type":"Polygon","coordinates":[[[16.4787,38.4203],[16.4809,38.4211],[16.4773,38.4224],[16.4787,38.4203]]]}},{"type":"Feature","properties":{"landuse":"orchard"},"geometry":{"type":"Polygon","coordinates":[[[16.4539,38.4148],[16.4554,38.4143],[16.4548,38.4157],[16.4539,38.4148]]]}},{"type":"Feature","properties":{"landuse":"orchard"},"geometry":{"type":"Polygon","coordinates":[[[16.4494,38.4173],[16.4511,38.4172],[16.4511,38.4188],[16.4494,38.4173]]]}},{"type":"Feature","properties":{"landuse":"orchard"},"geometry":{"type":"Polygon","coordinates":[[[16.4446,38.4164],[16.4415,38.4143],[16.4447,38.4147],[16.4446,38.4164]]]}},{"type":"Feature","properties":{"landuse":"orchard"},"geometry":{"type":"Polygon","coordinates":[[[16.4492,38.4129],[16.4473,38.4103],[16.4515,38.4097],[16.4492,38.4129]]]}},{"type":"Feature","properties":{"landuse":"orchard"},"geometry":{"type":"Polygon","coordinates":[[[16.5515,38.575],[16.558,38.5786],[16.55,38.5771],[16.5515,38.575]]]}},{"type":"Feature","properties":{"landuse":"orchard"},"geometry":{"type":"Polygon","coordinates":[[[16.562,38.5821],[16.5604,38.5812],[16.5621,38.5808],[16.562,38.5821]]]}},{"type":"Feature","properties":{"landuse":"orchard"},"geometry":{"type":"Polygon","coordinates":[[[16.56,38.5817],[16.5568,38.5805],[16.5616,38.58],[16.56,38.5817]]]}},{"type":"Feature","properties":{"landuse":"orchard"},"geometry":{"type":"Polygon","coordinates":[[[16.5627,38.588],[16.5587,38.59],[16.5563,38.5876],[16.5627,38.588]]]}},{"type":"Feature","properties":{"landuse":"orchard"},"geometry":{"type":"Polygon","coordinates":[[[16.4308,38.3886],[16.4297,38.3912],[16.4279,38.39],[16.4308,38.3886]]]}},{"type":"Feature","properties":{"landuse":"farmland"},"geometry":{"type":"Polygon","coordinates":[[[15.9546,39.5151],[15.9557,39.5164],[15.954,39.5168],[15.9546,39.5151]]]}},{"type":"Feature","properties":{"landuse":"farmland"},"geometry":{"type":"Polygon","coordinates":[[[15.9403,39.5155],[15.9413,39.5143],[15.9428,39.5141],[15.9403,39.5155]]]}},{"type":"Feature","properties":{"landuse":"farmland"},"geometry":{"type":"Polygon","coordinates":[[[16.2458,39.4147],[16.2452,39.4124],[16.2477,39.4124],[16.2458,39.4147]]]}},{"type":"Feature","properties":{"landuse":"farmland"},"geometry":{"type":"Polygon","coordinates":[[[16.2508,39.4095],[16.2511,39.4086],[16.2529,39.4089],[16.2508,39.4095]]]}},{"type":"Feature","properties":{"landuse":"orchard"},"geometry":{"type":"Polygon","coordinates":[[[16.245,39.4094],[16.2445,39.4074],[16.2466,39.4076],[16.245,39.4094]]]}},{"type":"Feature","properties":{"landuse":"orchard"},"geometry":{"type":"Polygon","coordinates":[[[16.2461,39.4119],[16.2451,39.4099],[16.2469,39.4094],[16.2461,39.4119]]]}},{"type":"Feature","properties":{"landuse":"farmland"},"geometry":{"type":"Polygon","coordinates":[[[16.2401,39.4118],[16.2431,39.41],[16.243,39.412],[16.2401,39.4118]]]}},{"type":"Feature","properties":{"landuse":"orchard"},"geometry":{"type":"Polygon","coordinates":[[[16.0383,38.7075],[16.0405,38.7078],[16.0411,38.7096],[16.0383,38.7075]]]}},{"type":"Feature","properties":{"landuse":"farmland"},"geometry":{"type":"Polygon","coordinates":[[[16.4624,38.8107],[16.4615,38.8103],[16.4637,38.8088],[16.4624,38.8107]]]}},{"type":"Feature","properties":{"landuse":"orchard"},"geometry":{"type":"Polygon","coordinates":[[[16.4644,38.8192],[16.4664,38.8171],[16.4674,38.8188],[16.4644,38.8192]]]}},{"type":"Feature","properties":{"landuse":"orchard"},"geometry":{"type":"Polygon","coordinates":[[[16.5234,38.8963],[16.5222,38.8948],[16.5248,38.8941],[16.5234,38.8963]]]}},{"type":"Feature","properties":{"landuse":"orchard"},"geometry":{"type":"Polygon","coordinates":[[[16.5197,38.8952],[16.5229,38.8926],[16.5267,38.8935],[16.5197,38.8952]]]}},{"type":"Feature","properties":{"landuse":"orchard"},"geometry":{"type":"Polygon","coordinates":[[[16.1876,38.7044],[16.1893,38.7037],[16.1895,38.7048],[16.1876,38.7044]]]}},{"type":"Feature","properties":{"landuse":"orchard"},"geometry":{"type":"Polygon","coordinates":[[[16.0133,39.4815],[16.0123,39.4796],[16.0141,39.4813],[16.0133,39.4815]]]}},{"type":"Feature","properties":{"landuse":"farmland"},"geometry":{"type":"Polygon","coordinates":[[[16.0044,39.4749],[16.0054,39.4774],[16.0035,39.4769],[16.0044,39.4749]]]}},{"type":"Feature","properties":{"landuse":"orchard"},"geometry":{"type":"Polygon","coordinates":[[[16.5284,38.669],[16.5271,38.6689],[16.5282,38.6683],[16.5284,38.669]]]}},{"type":"Feature","properties":{"landuse":"orchard"},"geometry":{"type":"Polygon","coordinates":[[[15.9842,38.6823],[15.9819,38.6811],[15.9838,38.6812],[15.9842,38.6823]]]}},{"type":"Feature","properties":{"landuse":"orchard"},"geometry":{"type":"Polygon","coordinates":[[[16.5123,38.4355],[16.5119,38.4345],[16.5133,38.4341],[16.5123,38.4355]]]}},{"type":"Feature","properties":{"landuse":"orchard"},"geometry":{"type":"Polygon","coordinates":[[[16.63,39.0203],[16.6322,39.021],[16.6313,39.0215],[16.63,39.0203]]]}},{"type":"Feature","properties":{"landuse":"green_public_spaces"},"geometry":{"type":"Polygon","coordinates":[[[15.9534,39.5553],[15.9498,39.5563],[15.9526,39.555],[15.9534,39.5553]]]}},{"type":"Feature","properties":{"landuse":"farmland"},"geometry":{"type":"Polygon","coordinates":[[[15.9596,39.5543],[15.9578,39.5551],[15.9566,39.5532],[15.9596,39.5543]]]}},{"type":"Feature","properties":{"landuse":"orchard"},"geometry":{"type":"Polygon","coordinates":[[[15.9584,39.5551],[15.961,39.555],[15.9611,39.5564],[15.9584,39.5551]]]}},{"type":"Feature","properties":{"landuse":"green_public_spaces"},"geometry":{"type":"Polygon","coordinates":[[[15.9615,39.5531],[15.9625,39.555],[15.9595,39.5546],[15.9615,39.5531]]]}},{"type":"Feature","properties":{"landuse":"farmland"},"geometry":{"type":"Polygon","coordinates":[[[15.9632,39.5549],[15.9641,39.5566],[15.9616,39.5571],[15.9632,39.5549]]]}},{"type":"Feature","properties":{"landuse":"farmland"},"geometry":{"type":"Polygon","coordinates":[[[15.9582,39.5565],[15.96,39.5584],[15.9606,39.5574],[15.9595,39.5584],[15.9582,39.5565]]]}},{"type":"Feature","properties":{"landuse":"farmland"},"geometry":{"type":"Polygon","coordinates":[[[16.4989,39.3981],[16.4983,39.3972],[16.4998,39.3966],[16.4989,39.3981]]]}},{"type":"Feature","properties":{"landuse":"farmland"},"geometry":{"type":"Polygon","coordinates":[[[16.4876,39.4055],[16.4841,39.4032],[16.4868,39.4017],[16.4876,39.4055]]]}},{"type":"Feature","properties":{"landuse":"farmland"},"geometry":{"type":"Polygon","coordinates":[[[16.4883,39.4053],[16.4898,39.4039],[16.4929,39.4068],[16.4883,39.4053]]]}},{"type":"Feature","properties":{"landuse":"farmland"},"geometry":{"type":"Polygon","coordinates":[[[16.4936,39.4057],[16.4927,39.4033],[16.4953,39.4038],[16.4936,39.4057]]]}},{"type":"Feature","properties":{"landuse":"farmland"},"geometry":{"type":"Polygon","coordinates":[[[16.5065,39.4044],[16.5074,39.403],[16.509,39.4034],[16.5065,39.4044]]]}},{"type":"Feature","properties":{"landuse":"farmland"},"geometry":{"type":"Polygon","coordinates":[[[16.5029,39.4045],[16.5053,39.4039],[16.5051,39.4062],[16.5029,39.4045]]]}},{"type":"Feature","properties":{"landuse":"farmland"},"geometry":{"type":"Polygon","coordinates":[[[16.5016,39.4073],[16.5029,39.4045],[16.5044,39.4062],[16.5016,39.4073]]]}},{"type":"Feature","properties":{"landuse":"greenhouse_horticulture"},"geometry":{"type":"Polygon","coordinates":[[[16.4777,39.3964],[16.4819,39.3973],[16.4816,39.3978],[16.4777,39.3964]]]}},{"type":"Feature","properties":{"landuse":"greenhouse_horticulture"},"geometry":{"type":"Polygon","coordinates":[[[16.4863,39.3974],[16.4826,39.3953],[16.4864,39.3953],[16.4863,39.3974]]]}},{"type":"Feature","properties":{"landuse":"orchard"},"geometry":{"type":"Polygon","coordinates":[[[16.4635,38.4061],[16.4634,38.4043],[16.4675,38.402],[16.4635,38.4061]]]}},{"type":"Feature","properties":{"landuse":"orchard"},"geometry":{"type":"Polygon","coordinates":[[[16.4806,38.3979],[16.4804,38.3965],[16.4822,38.3983],[16.4806,38.3979]]]}},{"type":"Feature","properties":{"landuse":"orchard"},"geometry":{"type":"Polygon","coordinates":[[[16.4788,38.4008],[16.4791,38.3979],[16.48,38.4005],[16.4788,38.4008]]]}},{"type":"Feature","properties":{"landuse":"farmland"},"geometry":{"type":"Polygon","coordinates":[[[16.4326,39.3894],[16.4337,39.3867],[16.4415,39.3873],[16.4326,39.3894]]]}},{"type":"Feature","properties":{"landuse":"orchard"},"geometry":{"type":"Polygon","coordinates":[[[16.1191,38.7074],[16.1223,38.706],[16.1225,38.7076],[16.1191,38.7074]]]}},{"type":"Feature","properties":{"landuse":"orchard"},"geometry":{"type":"Polygon","coordinates":[[[16.0214,38.7145],[16.0246,38.7148],[16.0233,38.7159],[16.0214,38.7145]]]}},{"type":"Feature","properties":{"landuse":"orchard"},"geometry":{"type":"Polygon","coordinates":[[[16.0179,38.7161],[16.0179,38.7149],[16.0198,38.7149],[16.0179,38.7161]]]}},{"type":"Feature","properties":{"landuse":"farmland"},"geometry":{"type":"Polygon","coordinates":[[[16.8618,39.2337],[16.8626,39.2323],[16.8629,39.2346],[16.8618,39.2337]]]}},{"type":"Feature","properties":{"landuse":"orchard"},"geometry":{"type":"Polygon","coordinates":[[[16.8613,39.2335],[16.8612,39.2321],[16.863,39.2322],[16.8613,39.2335]]]}},{"type":"Feature","properties":{"landuse":"orchard"},"geometry":{"type":"Polygon","coordinates":[[[15.9344,38.6613],[15.9332,38.6622],[15.9331,38.6606],[15.9344,38.6613]]]}},{"type":"Feature","properties":{"landuse":"orchard"},"geometry":{"type":"Polygon","coordinates":[[[15.961,38.5556],[15.9626,38.5547],[15.9628,38.5556],[15.961,38.5556]]]}},{"type":"Feature","properties":{"landuse":"farmland"},"geometry":{"type":"Polygon","coordinates":[[[15.8884,38.6249],[15.8826,38.6263],[15.8849,38.6243],[15.8884,38.6249]]]}},{"type":"Feature","properties":{"landuse":"orchard"},"geometry":{"type":"Polygon","coordinates":[[[15.8883,38.6324],[15.8892,38.6331],[15.887,38.6335],[15.8883,38.6324]]]}},{"type":"Feature","properties":{"landuse":"orchard"},"geometry":{"type":"Polygon","coordinates":[[[16.8036,39.1401],[16.81,39.1405],[16.8045,39.1423],[16.8036,39.1401]]]}},{"type":"Feature","properties":{"landuse":"orchard"},"geometry":{"type":"Polygon","coordinates":[[[16.824,39.1341],[16.8331,39.1331],[16.8314,39.1357],[16.824,39.1341]]]}},{"type":"Feature","properties":{"landuse":"orchard"},"geometry":{"type":"Polygon","coordinates":[[[16.043,38.7158],[16.0445,38.7175],[16.0441,38.7185],[16.043,38.7158]]]}},{"type":"Feature","properties":{"landuse":"orchard"},"geometry":{"type":"Polygon","coordinates":[[[16.0578,38.7114],[16.0596,38.7111],[16.06,38.7129],[16.0578,38.7114]]]}},{"type":"Feature","properties":{"landuse":"orchard"},"geometry":{"type":"Polygon","coordinates":[[[15.948,39.5151],[15.9504,39.5156],[15.9483,39.5159],[15.948,39.5151]]]}},{"type":"Feature","properties":{"landuse":"farmland"},"geometry":{"type":"Polygon","coordinates":[[[16.0874,38.6972],[16.0884,38.6988],[16.0862,38.7],[16.0874,38.6972]]]}},{"type":"Feature","properties":{"landuse":"orchard"},"geometry":{"type":"Polygon","coordinates":[[[16.0862,38.7],[16.0894,38.7023],[16.0846,38.7039],[16.0862,38.7]]]}},{"type":"Feature","properties":{"landuse":"orchard"},"geometry":{"type":"Polygon","coordinates":[[[15.9302,38.5527],[15.928,38.553],[15.9289,38.5517],[15.9302,38.5527]]]}},{"type":"Feature","properties":{"landuse":"farmland"},"geometry":{"type":"Polygon","coordinates":[[[15.8958,38.5835],[15.895,38.5823],[15.8961,38.5822],[15.8958,38.5835]]]}},{"type":"Feature","properties":{"landuse":"orchard"},"geometry":{"type":"Polygon","coordinates":[[[16.1017,38.6456],[16.103,38.6449],[16.1043,38.6464],[16.1017,38.6456]]]}},{"type":"Feature","properties":{"landuse":"orchard"},"geometry":{"type":"Polygon","coordinates":[[[15.8572,38.6328],[15.8569,38.6342],[15.8559,38.6332],[15.8572,38.6328]]]}},{"type":"Feature","properties":{"landuse":"orchard"},"geometry":{"type":"Polygon","coordinates":[[[15.8636,38.6281],[15.8659,38.6269],[15.8667,38.6279],[15.8636,38.6281]]]}},{"type":"Feature","properties":{"landuse":"orchard"},"geometry":{"type":"Polygon","coordinates":[[[15.8571,38.6195],[15.8584,38.6199],[15.8551,38.6219],[15.8571,38.6195]]]}},{"type":"Feature","properties":{"landuse":"orchard"},"geometry":{"type":"Polygon","coordinates":[[[15.9898,38.5648],[15.9894,38.563],[15.9914,38.5628],[15.9898,38.5648]]]}},{"type":"Feature","properties":{"landuse":"orchard"},"geometry":{"type":"Polygon","coordinates":[[[15.9893,38.5632],[15.9887,38.5623],[15.99,38.5618],[15.9893,38.5632]]]}},{"type":"Feature","properties":{"landuse":"orchard"},"geometry":{"type":"Polygon","coordinates":[[[15.9926,38.563],[15.9935,38.5619],[15.9927,38.5618],[15.9945,38.5617],[15.9926,38.563]]]}},{"type":"Feature","properties":{"landuse":"orchard"},"geometry":{"type":"Polygon","coordinates":[[[15.9932,38.5613],[15.9965,38.558],[15.9958,38.5614],[15.9932,38.5613]]]}},{"type":"Feature","properties":{"landuse":"orchard"},"geometry":{"type":"Polygon","coordinates":[[[15.9421,38.5545],[15.9387,38.5494],[15.941,38.5478],[15.944,38.5506],[15.9421,38.5545]]]}},{"type":"Feature","properties":{"landuse":"orchard"},"geometry":{"type":"Polygon","coordinates":[[[15.906,38.5792],[15.9062,38.5774],[15.908,38.5786],[15.906,38.5792]]]}},{"type":"Feature","properties":{"landuse":"orchard"},"geometry":{"type":"Polygon","coordinates":[[[15.9013,38.576],[15.9058,38.5768],[15.903,38.5778],[15.9013,38.576]]]}},{"type":"Feature","properties":{"landuse":"farmland"},"geometry":{"type":"Polygon","coordinates":[[[16.074,38.6735],[16.0803,38.669],[16.0797,38.6743],[16.074,38.6735]]]}},{"type":"Feature","properties":{"landuse":"orchard"},"geometry":{"type":"Polygon","coordinates":[[[16.0764,38.6746],[16.077,38.6736],[16.0816,38.6748],[16.0764,38.6746]]]}},{"type":"Feature","properties":{"landuse":"farmland"},"geometry":{"type":"Polygon","coordinates":[[[16.0817,38.671],[16.0811,38.6701],[16.0828,38.6706],[16.0817,38.671]]]}},{"type":"Feature","properties":{"landuse":"vineyard"},"geometry":{"type":"Polygon","coordinates":[[[17.0992,39.3888],[17.1003,39.388],[17.1002,39.3889],[17.0992,39.3888]]]}},{"type":"Feature","properties":{"landuse":"vineyard"},"geometry":{"type":"Polygon","coordinates":[[[17.0951,39.3856],[17.0947,39.3848],[17.0962,39.3848],[17.0951,39.3856]]]}},{"type":"Feature","properties":{"landuse":"vineyard"},"geometry":{"type":"Polygon","coordinates":[[[17.0957,39.3845],[17.0958,39.3823],[17.0967,39.384],[17.0957,39.3845]]]}},{"type":"Feature","properties":{"landuse":"vineyard"},"geometry":{"type":"Polygon","coordinates":[[[17.0973,39.3838],[17.0959,39.3823],[17.0965,39.3821],[17.0973,39.3838]]]}},{"type":"Feature","properties":{"landuse":"vineyard"},"geometry":{"type":"Polygon","coordinates":[[[17.097,39.3811],[17.0972,39.382],[17.0943,39.3821],[17.097,39.3811]]]}},{"type":"Feature","properties":{"landuse":"vineyard"},"geometry":{"type":"Polygon","coordinates":[[[17.0988,39.3854],[17.1004,39.3855],[17.0986,39.386],[17.0988,39.3854]]]}},{"type":"Feature","properties":{"landuse":"vineyard"},"geometry":{"type":"Polygon","coordinates":[[[17.1098,39.3834],[17.1107,39.3838],[17.11,39.3849],[17.1098,39.3834]]]}},{"type":"Feature","properties":{"landuse":"vineyard"},"geometry":{"type":"Polygon","coordinates":[[[17.1097,39.3833],[17.1091,39.3841],[17.1071,39.383],[17.1097,39.3833]]]}},{"type":"Feature","properties":{"landuse":"vineyard"},"geometry":{"type":"Polygon","coordinates":[[[17.0765,39.3946],[17.077,39.3939],[17.0782,39.3946],[17.0765,39.3946]]]}},{"type":"Feature","properties":{"landuse":"vineyard"},"geometry":{"type":"Polygon","coordinates":[[[17.076,39.3929],[17.0812,39.3933],[17.0796,39.3944],[17.076,39.3929]]]}},{"type":"Feature","properties":{"landuse":"vineyard"},"geometry":{"type":"Polygon","coordinates":[[[17.0774,39.3906],[17.08,39.3915],[17.0772,39.392],[17.0774,39.3906]]]}},{"type":"Feature","properties":{"landuse":"vineyard"},"geometry":{"type":"Polygon","coordinates":[[[17.0983,39.3867],[17.1004,39.3861],[17.1004,39.3868],[17.0983,39.3867]]]}},{"type":"Feature","properties":{"landuse":"vineyard"},"geometry":{"type":"Polygon","coordinates":[[[17.0983,39.3869],[17.1004,39.3868],[17.1003,39.388],[17.0983,39.3869]]]}},{"type":"Feature","properties":{"landuse":"vineyard"},"geometry":{"type":"Polygon","coordinates":[[[17.0502,39.374],[17.052,39.3719],[17.0514,39.3736],[17.0502,39.374]]]}},{"type":"Feature","properties":{"landuse":"vineyard"},"geometry":{"type":"Polygon","coordinates":[[[17.0727,39.3597],[17.0741,39.3612],[17.0715,39.3617],[17.0727,39.3597]]]}},{"type":"Feature","properties":{"landuse":"vineyard"},"geometry":{"type":"Polygon","coordinates":[[[17.0707,39.3602],[17.0703,39.3629],[17.0688,39.362],[17.0707,39.3602]]]}},{"type":"Feature","properties":{"landuse":"vineyard"},"geometry":{"type":"Polygon","coordinates":[[[17.0708,39.3628],[17.0714,39.3602],[17.0715,39.3624],[17.0708,39.3628]]]}},{"type":"Feature","properties":{"landuse":"vineyard"},"geometry":{"type":"Polygon","coordinates":[[[17.0713,39.3629],[17.0715,39.3618],[17.0731,39.3616],[17.0713,39.3629]]]}},{"type":"Feature","properties":{"landuse":"vineyard"},"geometry":{"type":"Polygon","coordinates":[[[17.0703,39.3656],[17.071,39.3633],[17.0716,39.3651],[17.0703,39.3656]]]}},{"type":"Feature","properties":{"landuse":"vineyard"},"geometry":{"type":"Polygon","coordinates":[[[17.0526,39.3677],[17.0539,39.3682],[17.0523,39.3683],[17.0526,39.3677]]]}},{"type":"Feature","properties":{"landuse":"vineyard"},"geometry":{"type":"Polygon","coordinates":[[[17.0529,39.3669],[17.0543,39.3672],[17.054,39.3682],[17.0529,39.3669]]]}},{"type":"Feature","properties":{"landuse":"vineyard"},"geometry":{"type":"Polygon","coordinates":[[[17.0551,39.37],[17.0549,39.3687],[17.056,39.3685],[17.0551,39.37]]]}},{"type":"Feature","properties":{"landuse":"vineyard"},"geometry":{"type":"Polygon","coordinates":[[[17.0562,39.3717],[17.0545,39.3718],[17.0562,39.371],[17.0562,39.3717]]]}},{"type":"Feature","properties":{"landuse":"vineyard"},"geometry":{"type":"Polygon","coordinates":[[[17.0563,39.3702],[17.0563,39.3689],[17.057,39.3711],[17.0563,39.3702]]]}},{"type":"Feature","properties":{"landuse":"vineyard"},"geometry":{"type":"Polygon","coordinates":[[[17.0587,39.3683],[17.0596,39.3683],[17.0601,39.37],[17.0587,39.3683]]]}},{"type":"Feature","properties":{"landuse":"vineyard"},"geometry":{"type":"Polygon","coordinates":[[[17.0608,39.3735],[17.0625,39.3723],[17.0614,39.3747],[17.0608,39.3735]]]}},{"type":"Feature","properties":{"landuse":"vineyard"},"geometry":{"type":"Polygon","coordinates":[[[17.0587,39.3744],[17.0602,39.376],[17.0585,39.3756],[17.0587,39.3744]]]}},{"type":"Feature","properties":{"landuse":"vineyard"},"geometry":{"type":"Polygon","coordinates":[[[17.058,39.3726],[17.0577,39.3715],[17.0592,39.3721],[17.058,39.3726]]]}},{"type":"Feature","properties":{"landuse":"vineyard"},"geometry":{"type":"Polygon","coordinates":[[[17.0598,39.3678],[17.0619,39.3688],[17.0607,39.3692],[17.0598,39.3678]]]}},{"type":"Feature","properties":{"landuse":"vineyard"},"geometry":{"type":"Polygon","coordinates":[[[17.06,39.3676],[17.0593,39.366],[17.0608,39.3669],[17.06,39.3676]]]}},{"type":"Feature","properties":{"landuse":"vineyard"},"geometry":{"type":"Polygon","coordinates":[[[17.0629,39.3681],[17.0624,39.3659],[17.0638,39.3659],[17.0629,39.3681]]]}},{"type":"Feature","properties":{"landuse":"vineyard"},"geometry":{"type":"Polygon","coordinates":[[[17.0571,39.3656],[17.0594,39.3651],[17.0581,39.3664],[17.0571,39.3656]]]}},{"type":"Feature","properties":{"landuse":"vineyard"},"geometry":{"type":"Polygon","coordinates":[[[17.0523,39.3646],[17.0541,39.3637],[17.0547,39.3652],[17.0523,39.3646]]]}},{"type":"Feature","properties":{"landuse":"vineyard"},"geometry":{"type":"Polygon","coordinates":[[[17.0574,39.364],[17.0587,39.363],[17.0606,39.3637],[17.0574,39.364]]]}},{"type":"Feature","properties":{"landuse":"vineyard"},"geometry":{"type":"Polygon","coordinates":[[[17.0579,39.3612],[17.0594,39.3624],[17.0575,39.3632],[17.0579,39.3612]]]}},{"type":"Feature","properties":{"landuse":"vineyard"},"geometry":{"type":"Polygon","coordinates":[[[17.0899,39.3675],[17.0894,39.3656],[17.0908,39.366],[17.0899,39.3675]]]}},{"type":"Feature","properties":{"landuse":"vineyard"},"geometry":{"type":"Polygon","coordinates":[[[17.0854,39.3658],[17.0885,39.3668],[17.0876,39.3671],[17.0854,39.3658]]]}},{"type":"Feature","properties":{"landuse":"vineyard"},"geometry":{"type":"Polygon","coordinates":[[[17.119,39.3609],[17.1217,39.3623],[17.1187,39.3623],[17.119,39.3609]]]}},{"type":"Feature","properties":{"landuse":"vineyard"},"geometry":{"type":"Polygon","coordinates":[[[17.1245,39.3592],[17.1243,39.3582],[17.1268,39.3584],[17.1245,39.3592]]]}},{"type":"Feature","properties":{"landuse":"vineyard"},"geometry":{"type":"Polygon","coordinates":[[[17.0367,39.3346],[17.0385,39.3352],[17.0368,39.3355],[17.0367,39.3346]]]}},{"type":"Feature","properties":{"landuse":"vineyard"},"geometry":{"type":"Polygon","coordinates":[[[17.0385,39.3352],[17.0399,39.3341],[17.0401,39.335],[17.0385,39.3352]]]}},{"type":"Feature","properties":{"landuse":"vineyard"},"geometry":{"type":"Polygon","coordinates":[[[17.0402,39.335],[17.04,39.3341],[17.0424,39.3341],[17.0402,39.335]]]}},{"type":"Feature","properties":{"landuse":"vineyard"},"geometry":{"type":"Polygon","coordinates":[[[17.0938,39.3791],[17.0946,39.3793],[17.0944,39.381],[17.0938,39.3791]]]}},{"type":"Feature","properties":{"landuse":"vineyard"},"geometry":{"type":"Polygon","coordinates":[[[17.1039,39.3809],[17.1063,39.3803],[17.1066,39.3819],[17.1039,39.3809]]]}},{"type":"Feature","properties":{"landuse":"vineyard"},"geometry":{"type":"Polygon","coordinates":[[[17.0985,39.3844],[17.0978,39.3824],[17.0996,39.3836],[17.0985,39.3844]]]}},{"type":"Feature","properties":{"landuse":"vineyard"},"geometry":{"type":"Polygon","coordinates":[[[17.0978,39.3821],[17.0974,39.3814],[17.1002,39.382],[17.0978,39.3821]]]}},{"type":"Feature","properties":{"landuse":"vineyard"},"geometry":{"type":"Polygon","coordinates":[[[17.0987,39.3784],[17.0992,39.3798],[17.0975,39.3797],[17.0987,39.3784]]]}},{"type":"Feature","properties":{"landuse":"orchard"},"geometry":{"type":"Polygon","coordinates":[[[16.2454,38.8363],[16.2432,38.8384],[16.2429,38.8371],[16.2454,38.8363]]]}},{"type":"Feature","properties":{"landuse":"orchard"},"geometry":{"type":"Polygon","coordinates":[[[16.2463,38.8355],[16.2428,38.8366],[16.2439,38.8345],[16.2463,38.8355]]]}},{"type":"Feature","properties":{"landuse":"orchard"},"geometry":{"type":"Polygon","coordinates":[[[16.2427,38.8363],[16.243,38.8379],[16.2383,38.8382],[16.2427,38.8363]]]}},{"type":"Feature","properties":{"landuse":"orchard"},"geometry":{"type":"Polygon","coordinates":[[[16.2461,38.8358],[16.2473,38.8338],[16.254,38.8364],[16.2461,38.8358]]]}},{"type":"Feature","properties":{"landuse":"vineyard"},"geometry":{"type":"Polygon","coordinates":[[[17.1113,39.379],[17.1132,39.3784],[17.113,39.3796],[17.1113,39.379]]]}},{"type":"Feature","properties":{"landuse":"vineyard"},"geometry":{"type":"Polygon","coordinates":[[[17.1163,39.3842],[17.1189,39.3836],[17.118,39.3847],[17.1163,39.3842]]]}},{"type":"Feature","properties":{"landuse":"vineyard"},"geometry":{"type":"Polygon","coordinates":[[[17.118,39.3848],[17.1173,39.3862],[17.1149,39.3857],[17.118,39.3848]]]}},{"type":"Feature","properties":{"landuse":"vineyard"},"geometry":{"type":"Polygon","coordinates":[[[17.0354,39.3339],[17.0373,39.3327],[17.0375,39.3339],[17.0354,39.3339]]]}},{"type":"Feature","properties":{"landuse":"vineyard"},"geometry":{"type":"Polygon","coordinates":[[[17.0377,39.3341],[17.0394,39.3324],[17.0399,39.334],[17.0377,39.3341]]]}},{"type":"Feature","properties":{"landuse":"vineyard"},"geometry":{"type":"Polygon","coordinates":[[[17.0522,39.3581],[17.0542,39.3605],[17.0524,39.3603],[17.0522,39.3581]]]}},{"type":"Feature","properties":{"landuse":"vineyard"},"geometry":{"type":"Polygon","coordinates":[[[17.057,39.3608],[17.0574,39.3599],[17.0585,39.3601],[17.057,39.3608]]]}},{"type":"Feature","properties":{"landuse":"vineyard"},"geometry":{"type":"Polygon","coordinates":[[[17.06,39.3618],[17.0629,39.3625],[17.0603,39.3629],[17.06,39.3618]]]}},{"type":"Feature","properties":{"landuse":"vineyard"},"geometry":{"type":"Polygon","coordinates":[[[17.0548,39.3597],[17.0554,39.3585],[17.0561,39.3599],[17.0548,39.3597]]]}},{"type":"Feature","properties":{"landuse":"vineyard"},"geometry":{"type":"Polygon","coordinates":[[[17.0201,39.4599],[17.0206,39.4612],[17.0198,39.4611],[17.0201,39.4599]]]}},{"type":"Feature","properties":{"landuse":"vineyard"},"geometry":{"type":"Polygon","coordinates":[[[17.0215,39.4614],[17.0209,39.46],[17.0218,39.4601],[17.0215,39.4614]]]}},{"type":"Feature","properties":{"landuse":"vineyard"},"geometry":{"type":"Polygon","coordinates":[[[17.0197,39.4598],[17.0211,39.4591],[17.0208,39.46],[17.0197,39.4598]]]}},{"type":"Feature","properties":{"landuse":"vineyard"},"geometry":{"type":"Polygon","coordinates":[[[17.0223,39.4602],[17.0209,39.46],[17.0211,39.4591],[17.0223,39.4602]]]}},{"type":"Feature","properties":{"landuse":"farmland"},"geometry":{"type":"Polygon","coordinates":[[[16.2314,38.8324],[16.2307,38.8306],[16.232,38.8313],[16.2314,38.8324]]]}},{"type":"Feature","properties":{"landuse":"orchard"},"geometry":{"type":"Polygon","coordinates":[[[16.231,38.8344],[16.232,38.8313],[16.2337,38.8337],[16.231,38.8344]]]}},{"type":"Feature","properties":{"landuse":"farmland"},"geometry":{"type":"Polygon","coordinates":[[[16.2326,38.8354],[16.234,38.8341],[16.2347,38.8351],[16.2326,38.8354]]]}},{"type":"Feature","properties":{"landuse":"orchard"},"geometry":{"type":"Polygon","coordinates":[[[16.2347,38.8351],[16.2447,38.8303],[16.2394,38.8354],[16.2347,38.8351]]]}},{"type":"Feature","properties":{"landuse":"farmland"},"geometry":{"type":"Polygon","coordinates":[[[16.2347,38.8351],[16.234,38.8341],[16.2376,38.8327],[16.2347,38.8351]]]}},{"type":"Feature","properties":{"landuse":"farmland"},"geometry":{"type":"Polygon","coordinates":[[[16.2386,38.8341],[16.2405,38.8324],[16.242,38.8337],[16.2386,38.8341]]]}},{"type":"Feature","properties":{"landuse":"orchard"},"geometry":{"type":"Polygon","coordinates":[[[16.2372,38.8363],[16.2393,38.8365],[16.2392,38.8373],[16.2372,38.8363]]]}},{"type":"Feature","properties":{"landuse":"orchard"},"geometry":{"type":"Polygon","coordinates":[[[16.2431,38.8352],[16.2404,38.8351],[16.2425,38.8333],[16.2431,38.8352]]]}},{"type":"Feature","properties":{"landuse":"orchard"},"geometry":{"type":"Polygon","coordinates":[[[16.2382,38.8399],[16.2375,38.8386],[16.243,38.8379],[16.2382,38.8399]]]}},{"type":"Feature","properties":{"landuse":"orchard"},"geometry":{"type":"Polygon","coordinates":[[[16.2392,38.8413],[16.2385,38.8403],[16.2395,38.8398],[16.2392,38.8413]]]}},{"type":"Feature","properties":{"landuse":"orchard"},"geometry":{"type":"Polygon","coordinates":[[[16.2432,38.8384],[16.2518,38.8357],[16.2548,38.8406],[16.2506,38.8402],[16.2513,38.8427],[16.2432,38.8384]]]}},{"type":"Feature","properties":{"landuse":"farmland"},"geometry":{"type":"Polygon","coordinates":[[[16.2454,38.8366],[16.2486,38.8356],[16.2493,38.8381],[16.2454,38.8366]]]}},{"type":"Feature","properties":{"landuse":"orchard"},"geometry":{"type":"Polygon","coordinates":[[[16.2437,38.8315],[16.2449,38.8308],[16.2456,38.8314],[16.2437,38.8315]]]}},{"type":"Feature","properties":{"landuse":"orchard"},"geometry":{"type":"Polygon","coordinates":[[[16.2463,38.8355],[16.2431,38.8321],[16.2485,38.8331],[16.2463,38.8355]]]}},{"type":"Feature","properties":{"landuse":"orchard"},"geometry":{"type":"Polygon","coordinates":[[[16.2391,38.8293],[16.2386,38.8278],[16.2406,38.8295],[16.2391,38.8293]]]}},{"type":"Feature","properties":{"landuse":"orchard"},"geometry":{"type":"Polygon","coordinates":[[[16.2392,38.8319],[16.2413,38.8302],[16.2445,38.83],[16.2392,38.8319]]]}},{"type":"Feature","properties":{"landuse":"vineyard"},"geometry":{"type":"Polygon","coordinates":[[[17.0884,39.3324],[17.0894,39.3332],[17.0869,39.3339],[17.0884,39.3324]]]}},{"type":"Feature","properties":{"landuse":"vineyard"},"geometry":{"type":"Polygon","coordinates":[[[17.0801,39.3423],[17.0815,39.3405],[17.0817,39.3424],[17.0801,39.3423]]]}},{"type":"Feature","properties":{"landuse":"vineyard"},"geometry":{"type":"Polygon","coordinates":[[[17.0878,39.3268],[17.0914,39.3267],[17.0893,39.3284],[17.0878,39.3268]]]}},{"type":"Feature","properties":{"landuse":"vineyard"},"geometry":{"type":"Polygon","coordinates":[[[17.0857,39.2656],[17.0867,39.267],[17.085,39.2658],[17.0857,39.2656]]]}},{"type":"Feature","properties":{"landuse":"vineyard"},"geometry":{"type":"Polygon","coordinates":[[[17.0859,39.2682],[17.0872,39.267],[17.0878,39.2686],[17.0859,39.2682]]]}},{"type":"Feature","properties":{"landuse":"vineyard"},"geometry":{"type":"Polygon","coordinates":[[[17.0684,39.3296],[17.0725,39.3262],[17.0699,39.3292],[17.0684,39.3296]]]}},{"type":"Feature","properties":{"landuse":"vineyard"},"geometry":{"type":"Polygon","coordinates":[[[17.0676,39.3608],[17.0687,39.3609],[17.0677,39.3619],[17.0676,39.3608]]]}},{"type":"Feature","properties":{"landuse":"vineyard"},"geometry":{"type":"Polygon","coordinates":[[[17.1082,39.3907],[17.1084,39.3921],[17.1066,39.3911],[17.1082,39.3907]]]}},{"type":"Feature","properties":{"landuse":"vineyard"},"geometry":{"type":"Polygon","coordinates":[[[17.1002,39.3372],[17.1018,39.3368],[17.1021,39.3381],[17.1002,39.3372]]]}},{"type":"Feature","properties":{"landuse":"farmland"},"geometry":{"type":"Polygon","coordinates":[[[16.5022,39.6322],[16.5045,39.6307],[16.5048,39.6331],[16.5022,39.6322]]]}},{"type":"Feature","properties":{"landuse":"vineyard"},"geometry":{"type":"Polygon","coordinates":[[[17.1092,39.3471],[17.1125,39.3466],[17.1096,39.3477],[17.1092,39.3471]]]}},{"type":"Feature","properties":{"landuse":"vineyard"},"geometry":{"type":"Polygon","coordinates":[[[17.1122,39.3459],[17.1144,39.3465],[17.1128,39.3471],[17.1122,39.3459]]]}},{"type":"Feature","properties":{"landuse":"vineyard"},"geometry":{"type":"Polygon","coordinates":[[[17.1144,39.3458],[17.1152,39.3428],[17.1175,39.3434],[17.1144,39.3458]]]}},{"type":"Feature","properties":{"landuse":"vineyard"},"geometry":{"type":"Polygon","coordinates":[[[17.1095,39.346],[17.1114,39.3454],[17.1101,39.3467],[17.1095,39.346]]]}},{"type":"Feature","properties":{"landuse":"vineyard"},"geometry":{"type":"Polygon","coordinates":[[[17.1151,39.3472],[17.1144,39.3464],[17.1172,39.3456],[17.1151,39.3472]]]}},{"type":"Feature","properties":{"landuse":"vineyard"},"geometry":{"type":"Polygon","coordinates":[[[17.1158,39.3463],[17.1173,39.3456],[17.1172,39.3466],[17.1158,39.3463]]]}},{"type":"Feature","properties":{"landuse":"vineyard"},"geometry":{"type":"Polygon","coordinates":[[[17.119,39.3396],[17.1203,39.3403],[17.1181,39.3408],[17.119,39.3396]]]}},{"type":"Feature","properties":{"landuse":"vineyard"},"geometry":{"type":"Polygon","coordinates":[[[17.1212,39.3395],[17.1216,39.3403],[17.1205,39.3406],[17.1212,39.3395]]]}},{"type":"Feature","properties":{"landuse":"vineyard"},"geometry":{"type":"Polygon","coordinates":[[[17.11,39.3449],[17.1111,39.3445],[17.1116,39.3454],[17.11,39.3449]]]}},{"type":"Feature","properties":{"landuse":"vineyard"},"geometry":{"type":"Polygon","coordinates":[[[17.1087,39.3448],[17.1102,39.3452],[17.1091,39.3456],[17.1087,39.3448]]]}},{"type":"Feature","properties":{"landuse":"vineyard"},"geometry":{"type":"Polygon","coordinates":[[[17.0667,39.3581],[17.0689,39.3575],[17.0675,39.3588],[17.0667,39.3581]]]}},{"type":"Feature","properties":{"landuse":"orchard"},"geometry":{"type":"Polygon","coordinates":[[[15.9679,38.5512],[15.97,38.5504],[15.9696,38.5528],[15.9679,38.5512]]]}},{"type":"Feature","properties":{"landuse":"orchard"},"geometry":{"type":"Polygon","coordinates":[[[15.9667,38.5527],[15.9665,38.5516],[15.9686,38.5519],[15.9667,38.5527]]]}},{"type":"Feature","properties":{"landuse":"farmland"},"geometry":{"type":"Polygon","coordinates":[[[15.9664,38.5531],[15.9681,38.5526],[15.9676,38.554],[15.9664,38.5531]]]}},{"type":"Feature","properties":{"landuse":"orchard"},"geometry":{"type":"Polygon","coordinates":[[[15.9628,38.5515],[15.9639,38.5498],[15.9671,38.551],[15.9628,38.5515]]]}},{"type":"Feature","properties":{"landuse":"orchard"},"geometry":{"type":"Polygon","coordinates":[[[15.9672,38.5494],[15.9662,38.5474],[15.9704,38.5474],[15.9694,38.5505],[15.9672,38.5494]]]}},{"type":"Feature","properties":{"landuse":"orchard"},"geometry":{"type":"Polygon","coordinates":[[[15.9641,38.5516],[15.9658,38.5518],[15.9639,38.5525],[15.9641,38.5516]]]}},{"type":"Feature","properties":{"landuse":"green_public_spaces"},"geometry":{"type":"Polygon","coordinates":[[[16.2179,39.3023],[16.2202,39.303],[16.2196,39.3036],[16.2179,39.3023]]]}},{"type":"Feature","properties":{"landuse":"green_public_spaces"},"geometry":{"type":"Polygon","coordinates":[[[16.2138,39.3061],[16.2129,39.3073],[16.2114,39.3069],[16.2138,39.3061]]]}},{"type":"Feature","properties":{"landuse":"farmland"},"geometry":{"type":"Polygon","coordinates":[[[15.9587,38.5659],[15.959,38.567],[15.9572,38.5662],[15.9587,38.5659]]]}},{"type":"Feature","properties":{"landuse":"orchard"},"geometry":{"type":"Polygon","coordinates":[[[15.9507,39.5093],[15.9491,39.509],[15.9493,39.508],[15.9507,39.5093]]]}},{"type":"Feature","properties":{"landuse":"orchard"},"geometry":{"type":"Polygon","coordinates":[[[16.2645,39.5037],[16.2664,39.5047],[16.2653,39.5055],[16.2645,39.5037]]]}},{"type":"Feature","properties":{"landuse":"orchard"},"geometry":{"type":"Polygon","coordinates":[[[15.9734,38.5537],[15.9733,38.5516],[15.9744,38.5516],[15.9734,38.5537]]]}},{"type":"Feature","properties":{"landuse":"orchard"},"geometry":{"type":"Polygon","coordinates":[[[16.2481,38.9167],[16.247,38.9146],[16.2492,38.9162],[16.2481,38.9167]]]}},{"type":"Feature","properties":{"landuse":"orchard"},"geometry":{"type":"Polygon","coordinates":[[[16.2437,38.9236],[16.247,38.9222],[16.2465,38.9235],[16.2437,38.9236]]]}},{"type":"Feature","properties":{"landuse":"orchard"},"geometry":{"type":"Polygon","coordinates":[[[16.2422,38.9232],[16.2427,38.9206],[16.243,38.9231],[16.2422,38.9232]]]}},{"type":"Feature","properties":{"landuse":"orchard"},"geometry":{"type":"Polygon","coordinates":[[[16.2439,38.9276],[16.2433,38.9264],[16.245,38.9273],[16.2439,38.9276]]]}},{"type":"Feature","properties":{"landuse":"orchard"},"geometry":{"type":"Polygon","coordinates":[[[16.2701,38.9199],[16.2711,38.9184],[16.2726,38.9191],[16.2701,38.9199]]]}},{"type":"Feature","properties":{"landuse":"orchard"},"geometry":{"type":"Polygon","coordinates":[[[16.2541,38.9071],[16.2588,38.9065],[16.2592,38.9094],[16.2552,38.9103],[16.2571,38.9084],[16.2541,38.9071]]]}},{"type":"Feature","properties":{"landuse":"orchard"},"geometry":{"type":"Polygon","coordinates":[[[16.2629,38.9142],[16.2586,38.9132],[16.2657,38.9119],[16.2616,38.9122],[16.2629,38.9142]]]}},{"type":"Feature","properties":{"landuse":"orchard"},"geometry":{"type":"Polygon","coordinates":[[[16.2618,38.9125],[16.2656,38.9127],[16.2622,38.9132],[16.2618,38.9125]]]}},{"type":"Feature","properties":{"landuse":"orchard"},"geometry":{"type":"Polygon","coordinates":[[[16.2656,38.9138],[16.2657,38.9124],[16.2694,38.9125],[16.2656,38.9138]]]}},{"type":"Feature","properties":{"landuse":"orchard"},"geometry":{"type":"Polygon","coordinates":[[[16.2693,38.9136],[16.271,38.9117],[16.2712,38.9144],[16.2693,38.9136]]]}},{"type":"Feature","properties":{"landuse":"vineyard"},"geometry":{"type":"Polygon","coordinates":[[[16.2706,38.9168],[16.2692,38.915],[16.2723,38.9164],[16.2706,38.9168]]]}},{"type":"Feature","properties":{"landuse":"orchard"},"geometry":{"type":"Polygon","coordinates":[[[16.2721,38.9104],[16.2743,38.908],[16.2756,38.9099],[16.2721,38.9104]]]}},{"type":"Feature","properties":{"landuse":"orchard"},"geometry":{"type":"Polygon","coordinates":[[[16.2658,38.9107],[16.273,38.9079],[16.2707,38.911],[16.2658,38.9107]]]}},{"type":"Feature","properties":{"landuse":"orchard"},"geometry":{"type":"Polygon","coordinates":[[[16.2755,38.9097],[16.2747,38.9078],[16.2803,38.9082],[16.2755,38.9097]]]}},{"type":"Feature","properties":{"landuse":"orchard"},"geometry":{"type":"Polygon","coordinates":[[[16.3556,38.9612],[16.3562,38.9595],[16.3575,38.9604],[16.3556,38.9612]]]}},{"type":"Feature","properties":{"landuse":"orchard"},"geometry":{"type":"Polygon","coordinates":[[[16.3549,38.9579],[16.3566,38.9591],[16.355,38.9592],[16.3549,38.9579]]]}},{"type":"Feature","properties":{"landuse":"orchard"},"geometry":{"type":"Polygon","coordinates":[[[16.3513,38.9593],[16.3513,38.9578],[16.3526,38.9585],[16.3513,38.9593]]]}},{"type":"Feature","properties":{"landuse":"orchard"},"geometry":{"type":"Polygon","coordinates":[[[16.3532,38.9636],[16.3495,38.9606],[16.3549,38.9595],[16.3532,38.9636]]]}},{"type":"Feature","properties":{"landuse":"orchard"},"geometry":{"type":"Polygon","coordinates":[[[16.3525,38.9639],[16.3496,38.9635],[16.3519,38.9623],[16.3525,38.9639]]]}},{"type":"Feature","properties":{"landuse":"orchard"},"geometry":{"type":"Polygon","coordinates":[[[16.3465,38.9655],[16.3525,38.9639],[16.3534,38.9663],[16.3465,38.9655]]]}},{"type":"Feature","properties":{"landuse":"orchard"},"geometry":{"type":"Polygon","coordinates":[[[16.3485,38.9707],[16.3487,38.968],[16.3514,38.9693],[16.3485,38.9707]]]}},{"type":"Feature","properties":{"landuse":"farmland"},"geometry":{"type":"Polygon","coordinates":[[[16.0969,38.6682],[16.0972,38.671],[16.0949,38.6705],[16.0969,38.6682]]]}},{"type":"Feature","properties":{"landuse":"farmland"},"geometry":{"type":"Polygon","coordinates":[[[16.0903,38.6662],[16.0944,38.6673],[16.0919,38.6699],[16.0903,38.6662]]]}},{"type":"Feature","properties":{"landuse":"farmland"},"geometry":{"type":"Polygon","coordinates":[[[16.0914,38.6659],[16.0928,38.665],[16.0948,38.6673],[16.0914,38.6659]]]}},{"type":"Feature","properties":{"landuse":"farmland"},"geometry":{"type":"Polygon","coordinates":[[[16.088,38.6655],[16.09,38.6644],[16.0898,38.6662],[16.088,38.6655]]]}},{"type":"Feature","properties":{"landuse":"farmland"},"geometry":{"type":"Polygon","coordinates":[[[16.0909,38.6655],[16.0898,38.6638],[16.0917,38.6645],[16.0909,38.6655]]]}},{"type":"Feature","properties":{"landuse":"farmland"},"geometry":{"type":"Polygon","coordinates":[[[16.0898,38.6636],[16.0937,38.6641],[16.093,38.6651],[16.0898,38.6636]]]}},{"type":"Feature","properties":{"landuse":"farmland"},"geometry":{"type":"Polygon","coordinates":[[[16.0963,38.6668],[16.094,38.6656],[16.097,38.6656],[16.0963,38.6668]]]}},{"type":"Feature","properties":{"landuse":"farmland"},"geometry":{"type":"Polygon","coordinates":[[[16.0914,38.662],[16.0915,38.6608],[16.0928,38.6615],[16.0914,38.662]]]}},{"type":"Feature","properties":{"landuse":"vineyard"},"geometry":{"type":"Polygon","coordinates":[[[17.1112,39.3208],[17.1091,39.3208],[17.1089,39.3195],[17.1112,39.3208]]]}},{"type":"Feature","properties":{"landuse":"orchard"},"geometry":{"type":"Polygon","coordinates":[[[15.9544,39.512],[15.9545,39.5111],[15.9568,39.511],[15.9544,39.512]]]}},{"type":"Feature","properties":{"landuse":"farmland"},"geometry":{"type":"Polygon","coordinates":[[[15.9602,39.5384],[15.9615,39.5386],[15.9594,39.5396],[15.9602,39.5384]]]}},{"type":"Feature","properties":{"landuse":"farmland"},"geometry":{"type":"Polygon","coordinates":[[[15.992,38.7221],[15.9911,38.719],[15.9929,38.7196],[15.992,38.7221]]]}},{"type":"Feature","properties":{"landuse":"farmland"},"geometry":{"type":"Polygon","coordinates":[[[16.1227,38.6833],[16.127,38.6882],[16.1227,38.6866],[16.1227,38.6833]]]}},{"type":"Feature","properties":{"landuse":"vineyard"},"geometry":{"type":"Polygon","coordinates":[[[17.112,39.3453],[17.1148,39.3445],[17.1135,39.3459],[17.112,39.3453]]]}},{"type":"Feature","properties":{"landuse":"farmland"},"geometry":{"type":"Polygon","coordinates":[[[16.5042,39.6292],[16.5021,39.6321],[16.4994,39.6305],[16.5042,39.6292]]]}},{"type":"Feature","properties":{"landuse":"vineyard"},"geometry":{"type":"Polygon","coordinates":[[[17.1152,39.3413],[17.1178,39.3412],[17.1176,39.3433],[17.1152,39.3413]]]}},{"type":"Feature","properties":{"landuse":"vineyard"},"geometry":{"type":"Polygon","coordinates":[[[17.1111,39.3445],[17.1138,39.3438],[17.1142,39.3446],[17.1111,39.3445]]]}},{"type":"Feature","properties":{"landuse":"vineyard"},"geometry":{"type":"Polygon","coordinates":[[[17.1096,39.344],[17.1133,39.3439],[17.11,39.3448],[17.1096,39.344]]]}},{"type":"Feature","properties":{"landuse":"farmland"},"geometry":{"type":"Polygon","coordinates":[[[16.1873,38.553],[16.1891,38.5534],[16.1875,38.5544],[16.1873,38.553]]]}},{"type":"Feature","properties":{"landuse":"farmland"},"geometry":{"type":"Polygon","coordinates":[[[16.0966,39.049],[16.098,39.0493],[16.0973,39.0509],[16.0966,39.049]]]}},{"type":"Feature","properties":{"landuse":"farmland"},"geometry":{"type":"Polygon","coordinates":[[[15.9612,39.5405],[15.962,39.5389],[15.9633,39.5394],[15.9612,39.5405]]]}},{"type":"Feature","properties":{"landuse":"green_public_spaces"},"geometry":{"type":"Polygon","coordinates":[[[16.124,39.5578],[16.1229,39.5568],[16.1241,39.5568],[16.124,39.5578]]]}},{"type":"Feature","properties":{"landuse":"farmland"},"geometry":{"type":"Polygon","coordinates":[[[16.3848,38.9534],[16.3822,38.9521],[16.3845,38.9524],[16.3848,38.9534]]]}},{"type":"Feature","properties":{"landuse":"vineyard"},"geometry":{"type":"Polygon","coordinates":[[[16.2421,39.3139],[16.2431,39.3146],[16.2419,39.3148],[16.2421,39.3139]]]}},{"type":"Feature","properties":{"landuse":"orchard"},"geometry":{"type":"Polygon","coordinates":[[[16.9196,39.1247],[16.9128,39.1254],[16.9178,39.1242],[16.9153,39.1223],[16.9196,39.1247]]]}},{"type":"Feature","properties":{"landuse":"orchard"},"geometry":{"type":"Polygon","coordinates":[[[16.9259,39.1345],[16.9315,39.1319],[16.9292,39.1345],[16.9259,39.1345]]]}},{"type":"Feature","properties":{"landuse":"orchard"},"geometry":{"type":"Polygon","coordinates":[[[16.932,39.1362],[16.9321,39.1336],[16.9333,39.1352],[16.932,39.1362]]]}},{"type":"Feature","properties":{"landuse":"vineyard"},"geometry":{"type":"Polygon","coordinates":[[[16.2533,39.7955],[16.2535,39.7976],[16.2516,39.7978],[16.2533,39.7955]]]}},{"type":"Feature","properties":{"landuse":"vineyard"},"geometry":{"type":"Polygon","coordinates":[[[16.2515,39.7978],[16.2515,39.801],[16.2497,39.7989],[16.2515,39.7978]]]}},{"type":"Feature","properties":{"landuse":"vineyard"},"geometry":{"type":"Polygon","coordinates":[[[16.2497,39.799],[16.2507,39.8002],[16.2493,39.8012],[16.2497,39.799]]]}},{"type":"Feature","properties":{"landuse":"vineyard"},"geometry":{"type":"Polygon","coordinates":[[[16.2536,39.8002],[16.2574,39.8012],[16.2532,39.802],[16.2536,39.8002]]]}},{"type":"Feature","properties":{"landuse":"vineyard"},"geometry":{"type":"Polygon","coordinates":[[[16.2534,39.8021],[16.2558,39.8027],[16.2524,39.8035],[16.2534,39.8021]]]}},{"type":"Feature","properties":{"landuse":"farmland"},"geometry":{"type":"Polygon","coordinates":[[[16.4092,39.166],[16.4086,39.165],[16.4107,39.1644],[16.4092,39.166]]]}},{"type":"Feature","properties":{"landuse":"orchard"},"geometry":{"type":"Polygon","coordinates":[[[16.545,38.4283],[16.5469,38.4281],[16.5454,38.4299],[16.545,38.4283]]]}},{"type":"Feature","properties":{"landuse":"orchard"},"geometry":{"type":"Polygon","coordinates":[[[16.5436,38.4308],[16.5421,38.4288],[16.5431,38.4288],[16.5436,38.4308]]]}},{"type":"Feature","properties":{"landuse":"orchard"},"geometry":{"type":"Polygon","coordinates":[[[16.5211,38.4333],[16.5248,38.4334],[16.5225,38.4362],[16.5211,38.4333]]]}},{"type":"Feature","properties":{"landuse":"orchard"},"geometry":{"type":"Polygon","coordinates":[[[16.5073,38.4759],[16.506,38.4756],[16.5083,38.4746],[16.5073,38.4759]]]}},{"type":"Feature","properties":{"landuse":"orchard"},"geometry":{"type":"Polygon","coordinates":[[[16.5115,38.4761],[16.5131,38.4773],[16.512,38.4779],[16.5115,38.4761]]]}},{"type":"Feature","properties":{"landuse":"orchard"},"geometry":{"type":"Polygon","coordinates":[[[16.5094,38.4748],[16.509,38.4733],[16.5104,38.4741],[16.5094,38.4748]]]}},{"type":"Feature","properties":{"landuse":"orchard"},"geometry":{"type":"Polygon","coordinates":[[[16.4893,38.5024],[16.4899,38.5016],[16.4925,38.5024],[16.4893,38.5024]]]}},{"type":"Feature","properties":{"landuse":"orchard"},"geometry":{"type":"Polygon","coordinates":[[[16.4899,38.5036],[16.4914,38.5041],[16.4925,38.5063],[16.4899,38.5036]]]}},{"type":"Feature","properties":{"landuse":"orchard"},"geometry":{"type":"Polygon","coordinates":[[[16.488,38.5054],[16.4871,38.505],[16.4895,38.5035],[16.488,38.5054]]]}},{"type":"Feature","properties":{"landuse":"farmland"},"geometry":{"type":"Polygon","coordinates":[[[15.9687,39.4751],[15.9677,39.4747],[15.9687,39.474],[15.9687,39.4751]]]}},{"type":"Feature","properties":{"landuse":"orchard"},"geometry":{"type":"Polygon","coordinates":[[[16.5062,38.4264],[16.505,38.4276],[16.5052,38.4263],[16.5062,38.4264]]]}},{"type":"Feature","properties":{"landuse":"vineyard"},"geometry":{"type":"Polygon","coordinates":[[[16.2527,39.8036],[16.2545,39.8039],[16.253,39.8049],[16.2527,39.8036]]]}},{"type":"Feature","properties":{"landuse":"orchard"},"geometry":{"type":"Polygon","coordinates":[[[17.0924,39.0778],[17.0908,39.0812],[17.0908,39.0784],[17.0924,39.0778]]]}},{"type":"Feature","properties":{"landuse":"farmland"},"geometry":{"type":"Polygon","coordinates":[[[17.0882,39.0758],[17.0888,39.0741],[17.0896,39.0756],[17.0882,39.0758]]]}},{"type":"Feature","properties":{"landuse":"farmland"},"geometry":{"type":"Polygon","coordinates":[[[17.0897,39.0756],[17.09,39.0734],[17.0924,39.0735],[17.0897,39.0756]]]}},{"type":"Feature","properties":{"landuse":"farmland"},"geometry":{"type":"Polygon","coordinates":[[[17.0894,39.072],[17.0884,39.0718],[17.0875,39.069],[17.0894,39.072]]]}},{"type":"Feature","properties":{"landuse":"farmland"},"geometry":{"type":"Polygon","coordinates":[[[17.0875,39.0666],[17.089,39.0672],[17.0891,39.0702],[17.0875,39.0666]]]}},{"type":"Feature","properties":{"landuse":"farmland"},"geometry":{"type":"Polygon","coordinates":[[[17.089,39.0703],[17.0913,39.0733],[17.0903,39.0733],[17.089,39.0703]]]}},{"type":"Feature","properties":{"landuse":"farmland"},"geometry":{"type":"Polygon","coordinates":[[[17.0887,39.0667],[17.087,39.0662],[17.0895,39.0657],[17.0887,39.0667]]]}},{"type":"Feature","properties":{"landuse":"farmland"},"geometry":{"type":"Polygon","coordinates":[[[17.0879,39.0683],[17.0872,39.0693],[17.0865,39.0663],[17.0879,39.0683]]]}},{"type":"Feature","properties":{"landuse":"farmland"},"geometry":{"type":"Polygon","coordinates":[[[17.0866,39.0647],[17.0854,39.0656],[17.0838,39.0637],[17.0866,39.0647]]]}},{"type":"Feature","properties":{"landuse":"farmland"},"geometry":{"type":"Polygon","coordinates":[[[17.0825,39.0628],[17.0827,39.0647],[17.0807,39.063],[17.0825,39.0628]]]}},{"type":"Feature","properties":{"landuse":"farmland"},"geometry":{"type":"Polygon","coordinates":[[[17.0769,39.067],[17.077,39.0707],[17.0754,39.0687],[17.0769,39.067]]]}},{"type":"Feature","properties":{"landuse":"orchard"},"geometry":{"type":"Polygon","coordinates":[[[17.0963,39.0645],[17.0935,39.0693],[17.0907,39.066],[17.0963,39.0645]]]}},{"type":"Feature","properties":{"landuse":"farmland"},"geometry":{"type":"Polygon","coordinates":[[[16.0692,39.2364],[16.0692,39.2349],[16.0707,39.2349],[16.0692,39.2364]]]}},{"type":"Feature","properties":{"landuse":"farmland"},"geometry":{"type":"Polygon","coordinates":[[[16.8441,38.931],[16.8449,38.927],[16.8461,38.9272],[16.8441,38.931]]]}},{"type":"Feature","properties":{"landuse":"farmland"},"geometry":{"type":"Polygon","coordinates":[[[16.8375,38.924],[16.8399,38.9274],[16.8365,38.9277],[16.8375,38.924]]]}},{"type":"Feature","properties":{"landuse":"orchard"},"geometry":{"type":"Polygon","coordinates":[[[16.8036,38.9342],[16.8013,38.9338],[16.8023,38.9321],[16.8036,38.9342]]]}},{"type":"Feature","properties":{"landuse":"farmland"},"geometry":{"type":"Polygon","coordinates":[[[16.8483,38.9318],[16.8491,38.9279],[16.8504,38.9318],[16.8483,38.9318]]]}},{"type":"Feature","properties":{"landuse":"orchard"},"geometry":{"type":"Polygon","coordinates":[[[16.1401,38.6881],[16.1409,38.6869],[16.1416,38.689],[16.1401,38.6881]]]}},{"type":"Feature","properties":{"landuse":"orchard"},"geometry":{"type":"Polygon","coordinates":[[[16.1392,38.6868],[16.1358,38.687],[16.1385,38.6828],[16.1392,38.6868]]]}},{"type":"Feature","properties":{"landuse":"orchard"},"geometry":{"type":"Polygon","coordinates":[[[16.135,38.6851],[16.1358,38.6861],[16.1344,38.686],[16.135,38.6851]]]}},{"type":"Feature","properties":{"landuse":"orchard"},"geometry":{"type":"Polygon","coordinates":[[[16.139,38.6795],[16.1397,38.6804],[16.1373,38.6808],[16.139,38.6795]]]}},{"type":"Feature","properties":{"landuse":"orchard"},"geometry":{"type":"Polygon","coordinates":[[[16.4741,38.4105],[16.4727,38.4092],[16.4769,38.4057],[16.4741,38.4105]]]}},{"type":"Feature","properties":{"landuse":"orchard"},"geometry":{"type":"Polygon","coordinates":[[[16.4731,38.4053],[16.4752,38.4043],[16.4776,38.4046],[16.4731,38.4053]]]}},{"type":"Feature","properties":{"landuse":"orchard"},"geometry":{"type":"Polygon","coordinates":[[[16.4748,38.3941],[16.474,38.3931],[16.4756,38.393],[16.4748,38.3941]]]}},{"type":"Feature","properties":{"landuse":"orchard"},"geometry":{"type":"Polygon","coordinates":[[[16.4678,38.3914],[16.4661,38.3914],[16.4677,38.3901],[16.4678,38.3914]]]}},{"type":"Feature","properties":{"landuse":"orchard"},"geometry":{"type":"Polygon","coordinates":[[[16.468,38.3913],[16.4679,38.3894],[16.4689,38.3901],[16.468,38.3913]]]}},{"type":"Feature","properties":{"landuse":"orchard"},"geometry":{"type":"Polygon","coordinates":[[[16.459,38.3928],[16.4605,38.39],[16.4621,38.3911],[16.459,38.3928]]]}},{"type":"Feature","properties":{"landuse":"orchard"},"geometry":{"type":"Polygon","coordinates":[[[16.4397,38.4125],[16.4367,38.4115],[16.4419,38.4108],[16.4397,38.4125]]]}},{"type":"Feature","properties":{"landuse":"orchard"},"geometry":{"type":"Polygon","coordinates":[[[16.1478,38.0825],[16.1459,38.0805],[16.1481,38.0804],[16.1478,38.0825]]]}},{"type":"Feature","properties":{"landuse":"orchard"},"geometry":{"type":"Polygon","coordinates":[[[16.1466,38.0832],[16.146,38.0819],[16.1472,38.0819],[16.1466,38.0832]]]}},{"type":"Feature","properties":{"landuse":"orchard"},"geometry":{"type":"Polygon","coordinates":[[[16.3087,38.2928],[16.3095,38.2921],[16.3119,38.2931],[16.3087,38.2928]]]}},{"type":"Feature","properties":{"landuse":"orchard"},"geometry":{"type":"Polygon","coordinates":[[[16.3085,38.2943],[16.3084,38.2932],[16.3103,38.2936],[16.3085,38.2943]]]}},{"type":"Feature","properties":{"landuse":"orchard"},"geometry":{"type":"Polygon","coordinates":[[[16.3104,38.2979],[16.3111,38.2976],[16.3133,38.2997],[16.3104,38.2979]]]}},{"type":"Feature","properties":{"landuse":"orchard"},"geometry":{"type":"Polygon","coordinates":[[[16.5748,38.449],[16.5731,38.448],[16.5757,38.4478],[16.5748,38.449]]]}},{"type":"Feature","properties":{"landuse":"orchard"},"geometry":{"type":"Polygon","coordinates":[[[16.4706,38.4216],[16.4717,38.421],[16.4717,38.4221],[16.4706,38.4216]]]}},{"type":"Feature","properties":{"landuse":"orchard"},"geometry":{"type":"Polygon","coordinates":[[[16.4628,38.427],[16.4623,38.426],[16.4644,38.4255],[16.4628,38.427]]]}},{"type":"Feature","properties":{"landuse":"orchard"},"geometry":{"type":"Polygon","coordinates":[[[16.4675,38.4294],[16.4675,38.4284],[16.4687,38.43],[16.4675,38.4294]]]}},{"type":"Feature","properties":{"landuse":"orchard"},"geometry":{"type":"Polygon","coordinates":[[[16.4653,38.4235],[16.4676,38.4242],[16.4666,38.4275],[16.4653,38.4235]]]}},{"type":"Feature","properties":{"landuse":"orchard"},"geometry":{"type":"Polygon","coordinates":[[[16.4587,38.42],[16.4621,38.421],[16.4619,38.4224],[16.4587,38.42]]]}},{"type":"Feature","properties":{"landuse":"orchard"},"geometry":{"type":"Polygon","coordinates":[[[16.4841,38.4056],[16.4831,38.4043],[16.4846,38.4046],[16.4841,38.4056]]]}},{"type":"Feature","properties":{"landuse":"farmland"},"geometry":{"type":"Polygon","coordinates":[[[16.2441,39.506],[16.2466,39.5057],[16.2447,39.5073],[16.2441,39.506]]]}},{"type":"Feature","properties":{"landuse":"orchard"},"geometry":{"type":"Polygon","coordinates":[[[16.2415,39.5067],[16.2441,39.506],[16.2447,39.5073],[16.2415,39.5067]]]}},{"type":"Feature","properties":{"landuse":"orchard"},"geometry":{"type":"Polygon","coordinates":[[[16.2495,39.5079],[16.2503,39.5117],[16.2442,39.5092],[16.2495,39.5079]]]}},{"type":"Feature","properties":{"landuse":"farmland"},"geometry":{"type":"Polygon","coordinates":[[[16.2292,39.5091],[16.2327,39.5108],[16.2286,39.5115],[16.2292,39.5091]]]}},{"type":"Feature","properties":{"landuse":"farmland"},"geometry":{"type":"Polygon","coordinates":[[[16.2314,39.512],[16.23,39.5134],[16.2295,39.5122],[16.2314,39.512]]]}},{"type":"Feature","properties":{"landuse":"orchard"},"geometry":{"type":"Polygon","coordinates":[[[16.2259,39.5091],[16.2252,39.507],[16.2282,39.5081],[16.2259,39.5091]]]}},{"type":"Feature","properties":{"landuse":"orchard"},"geometry":{"type":"Polygon","coordinates":[[[16.2248,39.5065],[16.2245,39.5055],[16.2265,39.505],[16.2248,39.5065]]]}},{"type":"Feature","properties":{"landuse":"farmland"},"geometry":{"type":"Polygon","coordinates":[[[16.2242,39.4973],[16.2259,39.499],[16.2224,39.4998],[16.2259,39.4993],[16.2224,39.5026],[16.2204,39.497],[16.2242,39.4973]]]}},{"type":"Feature","properties":{"landuse":"farmland"},"geometry":{"type":"Polygon","coordinates":[[[16.2252,39.5013],[16.2263,39.5039],[16.2236,39.5022],[16.2252,39.5013]]]}},{"type":"Feature","properties":{"landuse":"farmland"},"geometry":{"type":"Polygon","coordinates":[[[16.2235,39.5022],[16.2257,39.5039],[16.2238,39.5039],[16.2235,39.5022]]]}},{"type":"Feature","properties":{"landuse":"farmland"},"geometry":{"type":"Polygon","coordinates":[[[16.2263,39.5039],[16.2256,39.5016],[16.2264,39.5016],[16.2263,39.5039]]]}},{"type":"Feature","properties":{"landuse":"farmland"},"geometry":{"type":"Polygon","coordinates":[[[16.2288,39.5013],[16.2312,39.5038],[16.2269,39.5036],[16.2288,39.5013]]]}},{"type":"Feature","properties":{"landuse":"farmland"},"geometry":{"type":"Polygon","coordinates":[[[16.2308,39.4999],[16.2316,39.5022],[16.2298,39.5004],[16.2308,39.4999]]]}},{"type":"Feature","properties":{"landuse":"farmland"},"geometry":{"type":"Polygon","coordinates":[[[16.2312,39.5066],[16.2338,39.5047],[16.2342,39.5066],[16.2312,39.5066]]]}},{"type":"Feature","properties":{"landuse":"vineyard"},"geometry":{"type":"Polygon","coordinates":[[[16.2381,39.5167],[16.2362,39.5193],[16.2355,39.5173],[16.2381,39.5167]]]}},{"type":"Feature","properties":{"landuse":"vineyard"},"geometry":{"type":"Polygon","coordinates":[[[16.2352,39.5199],[16.2369,39.5183],[16.2382,39.5205],[16.2352,39.5199]]]}},{"type":"Feature","properties":{"landuse":"vineyard"},"geometry":{"type":"Polygon","coordinates":[[[16.2377,39.5189],[16.2387,39.5166],[16.2398,39.5181],[16.2377,39.5189]]]}},{"type":"Feature","properties":{"landuse":"vineyard"},"geometry":{"type":"Polygon","coordinates":[[[16.2377,39.519],[16.242,39.5174],[16.2383,39.5205],[16.2377,39.519]]]}},{"type":"Feature","properties":{"landuse":"vineyard"},"geometry":{"type":"Polygon","coordinates":[[[16.2383,39.5205],[16.2419,39.5191],[16.2389,39.522],[16.2383,39.5205]]]}},{"type":"Feature","properties":{"landuse":"vineyard"},"geometry":{"type":"Polygon","coordinates":[[[16.2398,39.5181],[16.2387,39.5165],[16.2408,39.5162],[16.2398,39.5181]]]}},{"type":"Feature","properties":{"landuse":"farmland"},"geometry":{"type":"Polygon","coordinates":[[[16.2345,39.5169],[16.2349,39.5196],[16.2328,39.5169],[16.2345,39.5169]]]}},{"type":"Feature","properties":{"landuse":"farmland"},"geometry":{"type":"Polygon","coordinates":[[[16.2585,39.5067],[16.2619,39.5077],[16.2589,39.5079],[16.2585,39.5067]]]}},{"type":"Feature","properties":{"landuse":"orchard"},"geometry":{"type":"Polygon","coordinates":[[[16.2542,39.4986],[16.2552,39.5004],[16.252,39.5014],[16.2542,39.4986]]]}},{"type":"Feature","properties":{"landuse":"orchard"},"geometry":{"type":"Polygon","coordinates":[[[16.2451,39.5088],[16.243,39.508],[16.2465,39.5069],[16.2451,39.5088]]]}},{"type":"Feature","properties":{"landuse":"farmland"},"geometry":{"type":"Polygon","coordinates":[[[16.2283,39.4992],[16.2273,39.5003],[16.2271,39.4995],[16.2283,39.4992]]]}},{"type":"Feature","properties":{"landuse":"farmland"},"geometry":{"type":"Polygon","coordinates":[[[16.2336,39.4958],[16.2355,39.4962],[16.2339,39.4972],[16.2336,39.4958]]]}},{"type":"Feature","properties":{"landuse":"orchard"},"geometry":{"type":"Polygon","coordinates":[[[16.2347,39.4972],[16.2334,39.498],[16.2334,39.4973],[16.2347,39.4972]]]}},{"type":"Feature","properties":{"landuse":"farmland"},"geometry":{"type":"Polygon","coordinates":[[[16.2347,39.4978],[16.2355,39.499],[16.2336,39.4987],[16.2347,39.4978]]]}},{"type":"Feature","properties":{"landuse":"farmland"},"geometry":{"type":"Polygon","coordinates":[[[16.2373,39.4993],[16.2371,39.4978],[16.2389,39.4977],[16.2373,39.4993]]]}},{"type":"Feature","properties":{"landuse":"farmland"},"geometry":{"type":"Polygon","coordinates":[[[16.2381,39.4977],[16.239,39.4962],[16.2389,39.4976],[16.2381,39.4977]]]}},{"type":"Feature","properties":{"landuse":"farmland"},"geometry":{"type":"Polygon","coordinates":[[[16.2406,39.4986],[16.2433,39.4985],[16.2411,39.5],[16.2406,39.4986]]]}},{"type":"Feature","properties":{"landuse":"farmland"},"geometry":{"type":"Polygon","coordinates":[[[16.2433,39.5001],[16.2441,39.4985],[16.2447,39.5002],[16.2433,39.5001]]]}},{"type":"Feature","properties":{"landuse":"farmland"},"geometry":{"type":"Polygon","coordinates":[[[16.2482,39.4968],[16.2501,39.4963],[16.2496,39.4984],[16.2482,39.4968]]]}},{"type":"Feature","properties":{"landuse":"farmland"},"geometry":{"type":"Polygon","coordinates":[[[16.2497,39.496],[16.2516,39.499],[16.2499,39.4988],[16.2497,39.496]]]}},{"type":"Feature","properties":{"landuse":"orchard"},"geometry":{"type":"Polygon","coordinates":[[[16.2501,39.4963],[16.2499,39.4988],[16.2491,39.4988],[16.2501,39.4963]]]}},{"type":"Feature","properties":{"landuse":"farmland"},"geometry":{"type":"Polygon","coordinates":[[[16.235,39.4875],[16.237,39.4883],[16.2353,39.4886],[16.235,39.4875]]]}},{"type":"Feature","properties":{"landuse":"farmland"},"geometry":{"type":"Polygon","coordinates":[[[16.2355,39.4873],[16.2397,39.487],[16.2399,39.4905],[16.2355,39.4873]]]}},{"type":"Feature","properties":{"landuse":"farmland"},"geometry":{"type":"Polygon","coordinates":[[[16.2319,39.4892],[16.2352,39.4891],[16.2237,39.4916],[16.2274,39.4883],[16.2319,39.4892]]]}},{"type":"Feature","properties":{"landuse":"farmland"},"geometry":{"type":"Polygon","coordinates":[[[16.2352,39.4891],[16.2319,39.4892],[16.232,39.4872],[16.2352,39.4891]]]}},{"type":"Feature","properties":{"landuse":"farmland"},"geometry":{"type":"Polygon","coordinates":[[[16.2354,39.4874],[16.2336,39.487],[16.2358,39.4855],[16.2354,39.4874]]]}},{"type":"Feature","properties":{"landuse":"farmland"},"geometry":{"type":"Polygon","coordinates":[[[16.233,39.4849],[16.2338,39.4841],[16.236,39.4851],[16.233,39.4849]]]}},{"type":"Feature","properties":{"landuse":"farmland"},"geometry":{"type":"Polygon","coordinates":[[[16.2355,39.4874],[16.2358,39.4855],[16.2382,39.4863],[16.2355,39.4874]]]}},{"type":"Feature","properties":{"landuse":"farmland"},"geometry":{"type":"Polygon","coordinates":[[[16.2303,39.4885],[16.2285,39.4859],[16.2318,39.4866],[16.2303,39.4885]]]}},{"type":"Feature","properties":{"landuse":"farmland"},"geometry":{"type":"Polygon","coordinates":[[[16.235,39.5033],[16.2371,39.5031],[16.2344,39.5044],[16.235,39.5033]]]}},{"type":"Feature","properties":{"landuse":"orchard"},"geometry":{"type":"Polygon","coordinates":[[[16.222,39.4907],[16.2237,39.4907],[16.2227,39.4917],[16.222,39.4907]]]}},{"type":"Feature","properties":{"landuse":"vineyard"},"geometry":{"type":"Polygon","coordinates":[[[16.2281,39.5381],[16.2337,39.5375],[16.2331,39.5415],[16.2281,39.5381]]]}},{"type":"Feature","properties":{"landuse":"vineyard"},"geometry":{"type":"Polygon","coordinates":[[[16.2289,39.5342],[16.231,39.5376],[16.2261,39.5357],[16.2289,39.5342]]]}},{"type":"Feature","properties":{"landuse":"orchard"},"geometry":{"type":"Polygon","coordinates":[[[16.2755,39.495],[16.2719,39.4967],[16.2697,39.4956],[16.2755,39.495]]]}},{"type":"Feature","properties":{"landuse":"vineyard"},"geometry":{"type":"Polygon","coordinates":[[[16.2759,39.4969],[16.2722,39.4972],[16.2755,39.4957],[16.2759,39.4969]]]}},{"type":"Feature","properties":{"landuse":"orchard"},"geometry":{"type":"Polygon","coordinates":[[[16.1412,38.1319],[16.1377,38.1332],[16.1336,38.1283],[16.1368,38.1273],[16.1412,38.1319]]]}},{"type":"Feature","properties":{"landuse":"orchard"},"geometry":{"type":"Polygon","coordinates":[[[16.1438,38.1317],[16.145,38.1312],[16.1461,38.1326],[16.1438,38.1317]]]}},{"type":"Feature","properties":{"landuse":"orchard"},"geometry":{"type":"Polygon","coordinates":[[[16.1434,38.1316],[16.1413,38.1295],[16.1452,38.13],[16.1434,38.1316]]]}},{"type":"Feature","properties":{"landuse":"orchard"},"geometry":{"type":"Polygon","coordinates":[[[16.5553,38.5667],[16.5606,38.5679],[16.5588,38.5686],[16.5553,38.5667]]]}},{"type":"Feature","properties":{"landuse":"orchard"},"geometry":{"type":"Polygon","coordinates":[[[16.5549,38.5834],[16.552,38.5814],[16.5555,38.5813],[16.5549,38.5834]]]}},{"type":"Feature","properties":{"landuse":"orchard"},"geometry":{"type":"Polygon","coordinates":[[[16.5559,38.5799],[16.5556,38.5812],[16.5523,38.5808],[16.5559,38.5799]]]}},{"type":"Feature","properties":{"landuse":"orchard"},"geometry":{"type":"Polygon","coordinates":[[[16.5369,38.5971],[16.5425,38.5973],[16.5375,38.6005],[16.5369,38.5971]]]}},{"type":"Feature","properties":{"landuse":"orchard"},"geometry":{"type":"Polygon","coordinates":[[[16.5391,38.5999],[16.5408,38.5993],[16.542,38.6011],[16.5391,38.5999]]]}},{"type":"Feature","properties":{"landuse":"orchard"},"geometry":{"type":"Polygon","coordinates":[[[16.5371,38.5964],[16.5373,38.5939],[16.5391,38.5953],[16.5371,38.5964]]]}},{"type":"Feature","properties":{"landuse":"orchard"},"geometry":{"type":"Polygon","coordinates":[[[16.5316,38.5918],[16.5327,38.5916],[16.5333,38.594],[16.5316,38.5918]]]}},{"type":"Feature","properties":{"landuse":"farmland"},"geometry":{"type":"Polygon","coordinates":[[[16.2492,39.3327],[16.2524,39.3321],[16.2526,39.3337],[16.2492,39.3327]]]}},{"type":"Feature","properties":{"landuse":"orchard"},"geometry":{"type":"Polygon","coordinates":[[[16.303,38.3004],[16.3014,38.304],[16.2962,38.3051],[16.2961,38.302],[16.303,38.3004]]]}},{"type":"Feature","properties":{"landuse":"orchard"},"geometry":{"type":"Polygon","coordinates":[[[16.306,38.2986],[16.3081,38.297],[16.3072,38.2993],[16.306,38.2986]]]}},{"type":"Feature","properties":{"landuse":"orchard"},"geometry":{"type":"Polygon","coordinates":[[[16.2733,38.3349],[16.2746,38.3335],[16.2748,38.3351],[16.2733,38.3349]]]}},{"type":"Feature","properties":{"landuse":"orchard"},"geometry":{"type":"Polygon","coordinates":[[[16.2657,38.3408],[16.266,38.3394],[16.2693,38.3397],[16.2657,38.3408]]]}},{"type":"Feature","properties":{"landuse":"farmland"},"geometry":{"type":"Polygon","coordinates":[[[16.2524,39.4929],[16.2541,39.4934],[16.2519,39.4941],[16.2524,39.4929]]]}},{"type":"Feature","properties":{"landuse":"farmland"},"geometry":{"type":"Polygon","coordinates":[[[16.2498,39.4942],[16.2543,39.4938],[16.2542,39.4959],[16.2498,39.4942]]]}},{"type":"Feature","properties":{"landuse":"farmland"},"geometry":{"type":"Polygon","coordinates":[[[16.2466,39.4947],[16.2492,39.4943],[16.2498,39.4959],[16.2466,39.4947]]]}},{"type":"Feature","properties":{"landuse":"farmland"},"geometry":{"type":"Polygon","coordinates":[[[16.2438,39.4946],[16.2476,39.4951],[16.2441,39.4961],[16.2438,39.4946]]]}},{"type":"Feature","properties":{"landuse":"farmland"},"geometry":{"type":"Polygon","coordinates":[[[16.2406,39.4876],[16.2462,39.4896],[16.2407,39.4896],[16.2406,39.4876]]]}},{"type":"Feature","properties":{"landuse":"orchard"},"geometry":{"type":"Polygon","coordinates":[[[16.2507,38.3439],[16.2504,38.3421],[16.2539,38.3424],[16.2507,38.3439]]]}},{"type":"Feature","properties":{"landuse":"orchard"},"geometry":{"type":"Polygon","coordinates":[[[16.2552,38.3399],[16.2557,38.3379],[16.2577,38.3386],[16.2552,38.3399]]]}},{"type":"Feature","properties":{"landuse":"orchard"},"geometry":{"type":"Polygon","coordinates":[[[16.2605,38.3401],[16.2593,38.3414],[16.2593,38.3402],[16.2605,38.3401]]]}},{"type":"Feature","properties":{"landuse":"orchard"},"geometry":{"type":"Polygon","coordinates":[[[16.2877,38.3422],[16.2912,38.3452],[16.2892,38.3476],[16.2877,38.3422]]]}},{"type":"Feature","properties":{"landuse":"orchard"},"geometry":{"type":"Polygon","coordinates":[[[16.2841,38.3472],[16.2862,38.3461],[16.2867,38.3466],[16.2841,38.3472]]]}},{"type":"Feature","properties":{"landuse":"orchard"},"geometry":{"type":"Polygon","coordinates":[[[16.3061,38.3414],[16.3083,38.3449],[16.3049,38.3457],[16.3061,38.3414]]]}},{"type":"Feature","properties":{"landuse":"orchard"},"geometry":{"type":"Polygon","coordinates":[[[16.3126,38.3197],[16.3128,38.3213],[16.3105,38.3199],[16.3126,38.3197]]]}},{"type":"Feature","properties":{"landuse":"farmland"},"geometry":{"type":"Polygon","coordinates":[[[16.2604,39.4878],[16.2639,39.488],[16.2608,39.4885],[16.2604,39.4878]]]}},{"type":"Feature","properties":{"landuse":"farmland"},"geometry":{"type":"Polygon","coordinates":[[[16.2633,39.4872],[16.2603,39.4877],[16.2628,39.4863],[16.2633,39.4872]]]}},{"type":"Feature","properties":{"landuse":"farmland"},"geometry":{"type":"Polygon","coordinates":[[[16.2638,39.4863],[16.2658,39.4864],[16.2635,39.4871],[16.2638,39.4863]]]}},{"type":"Feature","properties":{"landuse":"farmland"},"geometry":{"type":"Polygon","coordinates":[[[16.2636,39.4872],[16.2659,39.4865],[16.264,39.488],[16.2636,39.4872]]]}},{"type":"Feature","properties":{"landuse":"farmland"},"geometry":{"type":"Polygon","coordinates":[[[16.2403,39.4868],[16.2376,39.4848],[16.2398,39.4845],[16.2403,39.4868]]]}},{"type":"Feature","properties":{"landuse":"farmland"},"geometry":{"type":"Polygon","coordinates":[[[16.2473,39.4888],[16.2405,39.4846],[16.2493,39.4853],[16.2473,39.4888]]]}},{"type":"Feature","properties":{"landuse":"farmland"},"geometry":{"type":"Polygon","coordinates":[[[16.233,39.4905],[16.2329,39.4915],[16.2307,39.4918],[16.233,39.4905]]]}},{"type":"Feature","properties":{"landuse":"farmland"},"geometry":{"type":"Polygon","coordinates":[[[16.2306,39.4916],[16.2285,39.4919],[16.2299,39.4906],[16.2306,39.4916]]]}},{"type":"Feature","properties":{"landuse":"orchard"},"geometry":{"type":"Polygon","coordinates":[[[16.5461,38.5837],[16.5458,38.587],[16.544,38.5854],[16.5461,38.5837]]]}},{"type":"Feature","properties":{"landuse":"orchard"},"geometry":{"type":"Polygon","coordinates":[[[16.5462,38.5914],[16.548,38.5924],[16.5457,38.5941],[16.5462,38.5914]]]}},{"type":"Feature","properties":{"landuse":"orchard"},"geometry":{"type":"Polygon","coordinates":[[[16.544,38.5936],[16.5431,38.5913],[16.5446,38.5924],[16.544,38.5936]]]}},{"type":"Feature","properties":{"landuse":"orchard"},"geometry":{"type":"Polygon","coordinates":[[[16.5462,38.5941],[16.5485,38.5947],[16.5461,38.5962],[16.5462,38.5941]]]}},{"type":"Feature","properties":{"landuse":"orchard"},"geometry":{"type":"Polygon","coordinates":[[[16.5603,38.5984],[16.5607,38.5978],[16.5649,38.5981],[16.5603,38.5984]]]}},{"type":"Feature","properties":{"landuse":"farmland"},"geometry":{"type":"Polygon","coordinates":[[[16.5542,38.6101],[16.5526,38.61],[16.5544,38.6086],[16.5542,38.6101]]]}},{"type":"Feature","properties":{"landuse":"farmland"},"geometry":{"type":"Polygon","coordinates":[[[16.5524,38.6156],[16.5528,38.6167],[16.5509,38.6168],[16.5524,38.6156]]]}},{"type":"Feature","properties":{"landuse":"orchard"},"geometry":{"type":"Polygon","coordinates":[[[16.5545,38.6174],[16.559,38.6177],[16.5586,38.6211],[16.5536,38.6208],[16.5545,38.6174]]]}},{"type":"Feature","properties":{"landuse":"orchard"},"geometry":{"type":"Polygon","coordinates":[[[16.5531,38.6222],[16.5535,38.6208],[16.5585,38.6212],[16.5531,38.6222]]]}},{"type":"Feature","properties":{"landuse":"orchard"},"geometry":{"type":"Polygon","coordinates":[[[16.5501,38.6271],[16.5514,38.6241],[16.5518,38.6274],[16.5501,38.6271]]]}},{"type":"Feature","properties":{"landuse":"orchard"},"geometry":{"type":"Polygon","coordinates":[[[16.5501,38.6258],[16.5499,38.627],[16.5485,38.6265],[16.5501,38.6258]]]}},{"type":"Feature","properties":{"landuse":"farmland"},"geometry":{"type":"Polygon","coordinates":[[[16.547,38.6219],[16.547,38.6234],[16.5456,38.623],[16.547,38.6219]]]}},{"type":"Feature","properties":{"landuse":"farmland"},"geometry":{"type":"Polygon","coordinates":[[[16.5451,38.6248],[16.5433,38.624],[16.5452,38.6228],[16.5451,38.6248]]]}},{"type":"Feature","properties":{"landuse":"orchard"},"geometry":{"type":"Polygon","coordinates":[[[16.5453,38.6248],[16.5472,38.6238],[16.5467,38.6249],[16.5453,38.6248]]]}},{"type":"Feature","properties":{"landuse":"orchard"},"geometry":{"type":"Polygon","coordinates":[[[16.5468,38.6262],[16.5459,38.6275],[16.5454,38.6267],[16.5468,38.6262]]]}},{"type":"Feature","properties":{"landuse":"farmland"},"geometry":{"type":"Polygon","coordinates":[[[16.5476,38.6274],[16.5495,38.6285],[16.5455,38.6301],[16.5476,38.6274]]]}},{"type":"Feature","properties":{"landuse":"orchard"},"geometry":{"type":"Polygon","coordinates":[[[16.5499,38.6391],[16.5536,38.6387],[16.5512,38.6414],[16.5499,38.6391]]]}},{"type":"Feature","properties":{"landuse":"orchard"},"geometry":{"type":"Polygon","coordinates":[[[16.5578,38.5923],[16.5603,38.5924],[16.558,38.5934],[16.5578,38.5923]]]}},{"type":"Feature","properties":{"landuse":"orchard"},"geometry":{"type":"Polygon","coordinates":[[[16.5293,38.5891],[16.53,38.5901],[16.529,38.5906],[16.5293,38.5891]]]}},{"type":"Feature","properties":{"landuse":"orchard"},"geometry":{"type":"Polygon","coordinates":[[[16.5318,38.5914],[16.5287,38.5927],[16.5292,38.5908],[16.5318,38.5914]]]}},{"type":"Feature","properties":{"landuse":"orchard"},"geometry":{"type":"Polygon","coordinates":[[[16.5377,38.5903],[16.5398,38.5899],[16.5385,38.5924],[16.5377,38.5903]]]}},{"type":"Feature","properties":{"landuse":"orchard"},"geometry":{"type":"Polygon","coordinates":[[[16.5457,38.6078],[16.5484,38.6075],[16.546,38.6084],[16.5457,38.6078]]]}},{"type":"Feature","properties":{"landuse":"orchard"},"geometry":{"type":"Polygon","coordinates":[[[16.5454,38.6072],[16.545,38.6088],[16.5445,38.6078],[16.5454,38.6072]]]}},{"type":"Feature","properties":{"landuse":"orchard"},"geometry":{"type":"Polygon","coordinates":[[[16.545,38.6267],[16.5444,38.6255],[16.5468,38.6261],[16.545,38.6267]]]}},{"type":"Feature","properties":{"landuse":"orchard"},"geometry":{"type":"Polygon","coordinates":[[[16.5322,38.595],[16.5328,38.5957],[16.5321,38.5967],[16.5322,38.595]]]}},{"type":"Feature","properties":{"landuse":"orchard"},"geometry":{"type":"Polygon","coordinates":[[[16.5336,38.6006],[16.5363,38.6007],[16.5359,38.6018],[16.5336,38.6006]]]}},{"type":"Feature","properties":{"landuse":"orchard"},"geometry":{"type":"Polygon","coordinates":[[[16.5565,38.6113],[16.5562,38.6135],[16.5553,38.6136],[16.5565,38.6113]]]}},{"type":"Feature","properties":{"landuse":"orchard"},"geometry":{"type":"Polygon","coordinates":[[[16.4327,38.3836],[16.4319,38.389],[16.4296,38.3879],[16.4327,38.3836]]]}},{"type":"Feature","properties":{"landuse":"green_public_spaces"},"geometry":{"type":"Polygon","coordinates":[[[16.2197,39.2486],[16.2178,39.2499],[16.2184,39.2486],[16.2197,39.2486]]]}},{"type":"Feature","properties":{"landuse":"orchard"},"geometry":{"type":"Polygon","coordinates":[[[16.2553,38.3508],[16.2531,38.3506],[16.2541,38.3499],[16.2553,38.3508]]]}},{"type":"Feature","properties":{"landuse":"orchard"},"geometry":{"type":"Polygon","coordinates":[[[16.2547,38.3531],[16.256,38.3516],[16.2557,38.3532],[16.2547,38.3531]]]}},{"type":"Feature","properties":{"landuse":"orchard"},"geometry":{"type":"Polygon","coordinates":[[[16.2472,38.3545],[16.249,38.3543],[16.2484,38.3564],[16.2472,38.3545]]]}},{"type":"Feature","properties":{"landuse":"orchard"},"geometry":{"type":"Polygon","coordinates":[[[16.249,38.3531],[16.2475,38.3541],[16.248,38.3526],[16.249,38.3531]]]}},{"type":"Feature","properties":{"landuse":"orchard"},"geometry":{"type":"Polygon","coordinates":[[[16.2464,38.3665],[16.2463,38.3658],[16.2488,38.3659],[16.2464,38.3665]]]}},{"type":"Feature","properties":{"landuse":"orchard"},"geometry":{"type":"Polygon","coordinates":[[[16.5414,38.6188],[16.5383,38.6205],[16.5381,38.618],[16.5414,38.6188]]]}},{"type":"Feature","properties":{"landuse":"green_public_spaces"},"geometry":{"type":"Polygon","coordinates":[[[16.1363,39.3402],[16.1367,39.3382],[16.1385,39.3394],[16.1363,39.3402]]]}},{"type":"Feature","properties":{"landuse":"orchard"},"geometry":{"type":"Polygon","coordinates":[[[16.2636,38.3516],[16.2618,38.353],[16.264,38.3502],[16.2636,38.3516]]]}},{"type":"Feature","properties":{"landuse":"orchard"},"geometry":{"type":"Polygon","coordinates":[[[16.2686,38.3468],[16.2675,38.3457],[16.2686,38.3453],[16.2686,38.3468]]]}},{"type":"Feature","properties":{"landuse":"orchard"},"geometry":{"type":"Polygon","coordinates":[[[16.273,38.3478],[16.2736,38.3487],[16.2722,38.3488],[16.273,38.3478]]]}},{"type":"Feature","properties":{"landuse":"orchard"},"geometry":{"type":"Polygon","coordinates":[[[16.5207,38.5039],[16.5227,38.5027],[16.5228,38.5055],[16.5207,38.5039]]]}},{"type":"Feature","properties":{"landuse":"orchard"},"geometry":{"type":"Polygon","coordinates":[[[16.5137,38.5065],[16.5133,38.5043],[16.5172,38.5048],[16.5137,38.5065]]]}},{"type":"Feature","properties":{"landuse":"orchard"},"geometry":{"type":"Polygon","coordinates":[[[16.5219,38.4993],[16.5197,38.5036],[16.5158,38.5022],[16.5219,38.4993]]]}},{"type":"Feature","properties":{"landuse":"orchard"},"geometry":{"type":"Polygon","coordinates":[[[16.5033,38.5108],[16.5043,38.5095],[16.5055,38.5105],[16.5033,38.5108]]]}},{"type":"Feature","properties":{"landuse":"orchard"},"geometry":{"type":"Polygon","coordinates":[[[16.5023,38.5131],[16.5092,38.5128],[16.5065,38.5154],[16.5019,38.5155],[16.5023,38.5131]]]}},{"type":"Feature","properties":{"landuse":"orchard"},"geometry":{"type":"Polygon","coordinates":[[[16.4971,38.5161],[16.4995,38.5154],[16.4983,38.5176],[16.4971,38.5161]]]}},{"type":"Feature","properties":{"landuse":"orchard"},"geometry":{"type":"Polygon","coordinates":[[[16.5005,38.5161],[16.4997,38.5201],[16.4982,38.5178],[16.5005,38.5161]]]}},{"type":"Feature","properties":{"landuse":"orchard"},"geometry":{"type":"Polygon","coordinates":[[[16.548,38.5129],[16.5483,38.5121],[16.5491,38.5152],[16.548,38.5129]]]}},{"type":"Feature","properties":{"landuse":"orchard"},"geometry":{"type":"Polygon","coordinates":[[[16.5374,38.5159],[16.5397,38.5146],[16.5394,38.5166],[16.5374,38.5159]]]}},{"type":"Feature","properties":{"landuse":"orchard"},"geometry":{"type":"Polygon","coordinates":[[[16.5405,38.5155],[16.5432,38.514],[16.5436,38.5164],[16.5405,38.5155]]]}},{"type":"Feature","properties":{"landuse":"orchard"},"geometry":{"type":"Polygon","coordinates":[[[16.5444,38.5157],[16.5439,38.5149],[16.5454,38.5149],[16.5444,38.5157]]]}},{"type":"Feature","properties":{"landuse":"orchard"},"geometry":{"type":"Polygon","coordinates":[[[16.5452,38.514],[16.5468,38.5131],[16.5477,38.5139],[16.5452,38.514]]]}},{"type":"Feature","properties":{"landuse":"orchard"},"geometry":{"type":"Polygon","coordinates":[[[16.5323,38.5029],[16.5343,38.5031],[16.5319,38.5037],[16.5323,38.5029]]]}},{"type":"Feature","properties":{"landuse":"orchard"},"geometry":{"type":"Polygon","coordinates":[[[16.5495,38.4934],[16.5512,38.4951],[16.5495,38.4946],[16.5495,38.4934]]]}},{"type":"Feature","properties":{"landuse":"orchard"},"geometry":{"type":"Polygon","coordinates":[[[16.553,38.4989],[16.554,38.4981],[16.5543,38.4994],[16.553,38.4989]]]}},{"type":"Feature","properties":{"landuse":"orchard"},"geometry":{"type":"Polygon","coordinates":[[[16.5592,38.4944],[16.5632,38.4949],[16.562,38.4984],[16.5588,38.4978],[16.5592,38.4944]]]}},{"type":"Feature","properties":{"landuse":"orchard"},"geometry":{"type":"Polygon","coordinates":[[[16.5535,38.4949],[16.5515,38.4934],[16.5546,38.4932],[16.5535,38.4949]]]}},{"type":"Feature","properties":{"landuse":"orchard"},"geometry":{"type":"Polygon","coordinates":[[[16.2658,38.3367],[16.2669,38.3364],[16.2647,38.3365],[16.2658,38.3367]]]}},{"type":"Feature","properties":{"landuse":"orchard"},"geometry":{"type":"Polygon","coordinates":[[[16.4844,38.5083],[16.4856,38.5076],[16.4869,38.5082],[16.4844,38.5083]]]}},{"type":"Feature","properties":{"landuse":"orchard"},"geometry":{"type":"Polygon","coordinates":[[[16.4897,38.5124],[16.4892,38.5111],[16.491,38.5118],[16.4897,38.5124]]]}},{"type":"Feature","properties":{"landuse":"orchard"},"geometry":{"type":"Polygon","coordinates":[[[16.4857,38.516],[16.4865,38.515],[16.4892,38.5153],[16.4857,38.516]]]}},{"type":"Feature","properties":{"landuse":"orchard"},"geometry":{"type":"Polygon","coordinates":[[[16.4864,38.5148],[16.4832,38.5116],[16.4877,38.5137],[16.4864,38.5148]]]}},{"type":"Feature","properties":{"landuse":"orchard"},"geometry":{"type":"Polygon","coordinates":[[[16.518,38.5124],[16.5235,38.5106],[16.5193,38.5133],[16.518,38.5124]]]}},{"type":"Feature","properties":{"landuse":"orchard"},"geometry":{"type":"Polygon","coordinates":[[[16.5181,38.5147],[16.5208,38.5156],[16.5196,38.517],[16.5181,38.5147]]]}},{"type":"Feature","properties":{"landuse":"orchard"},"geometry":{"type":"Polygon","coordinates":[[[16.508,38.5225],[16.5101,38.5222],[16.5088,38.5233],[16.508,38.5225]]]}},{"type":"Feature","properties":{"landuse":"orchard"},"geometry":{"type":"Polygon","coordinates":[[[16.5044,38.5247],[16.5063,38.5235],[16.5071,38.5243],[16.5044,38.5247]]]}},{"type":"Feature","properties":{"landuse":"orchard"},"geometry":{"type":"Polygon","coordinates":[[[16.5282,38.512],[16.5292,38.5109],[16.5305,38.5119],[16.5282,38.512]]]}},{"type":"Feature","properties":{"landuse":"orchard"},"geometry":{"type":"Polygon","coordinates":[[[16.5341,38.5099],[16.5354,38.51],[16.535,38.512],[16.5341,38.5099]]]}},{"type":"Feature","properties":{"landuse":"orchard"},"geometry":{"type":"Polygon","coordinates":[[[16.5364,38.5127],[16.5377,38.5143],[16.5363,38.5139],[16.5364,38.5127]]]}},{"type":"Feature","properties":{"landuse":"orchard"},"geometry":{"type":"Polygon","coordinates":[[[16.5525,38.5117],[16.5492,38.5114],[16.5526,38.511],[16.5525,38.5117]]]}},{"type":"Feature","properties":{"landuse":"orchard"},"geometry":{"type":"Polygon","coordinates":[[[16.5498,38.5108],[16.5533,38.5098],[16.5529,38.5108],[16.5498,38.5108]]]}},{"type":"Feature","properties":{"landuse":"orchard"},"geometry":{"type":"Polygon","coordinates":[[[16.5536,38.5107],[16.5537,38.5097],[16.5554,38.5101],[16.5536,38.5107]]]}},{"type":"Feature","properties":{"landuse":"orchard"},"geometry":{"type":"Polygon","coordinates":[[[16.5634,38.5112],[16.5717,38.5075],[16.5727,38.5087],[16.5634,38.5112]]]}},{"type":"Feature","properties":{"landuse":"orchard"},"geometry":{"type":"Polygon","coordinates":[[[16.5634,38.5094],[16.5634,38.508],[16.5645,38.5086],[16.5634,38.5094]]]}},{"type":"Feature","properties":{"landuse":"orchard"},"geometry":{"type":"Polygon","coordinates":[[[16.4977,38.5188],[16.4988,38.521],[16.4955,38.5215],[16.4977,38.5188]]]}},{"type":"Feature","properties":{"landuse":"orchard"},"geometry":{"type":"Polygon","coordinates":[[[16.5009,38.5181],[16.5027,38.5184],[16.4998,38.52],[16.5009,38.5181]]]}},{"type":"Feature","properties":{"landuse":"farmland"},"geometry":{"type":"Polygon","coordinates":[[[16.3592,38.6],[16.3612,38.5983],[16.3606,38.5997],[16.3592,38.6]]]}},{"type":"Feature","properties":{"landuse":"farmland"},"geometry":{"type":"Polygon","coordinates":[[[16.3635,38.5972],[16.3659,38.5972],[16.3637,38.5981],[16.3635,38.5972]]]}},{"type":"Feature","properties":{"landuse":"orchard"},"geometry":{"type":"Polygon","coordinates":[[[16.3342,38.9619],[16.3354,38.9597],[16.3382,38.9602],[16.3342,38.9619]]]}},{"type":"Feature","properties":{"landuse":"orchard"},"geometry":{"type":"Polygon","coordinates":[[[16.4248,38.4031],[16.4235,38.4025],[16.4238,38.4018],[16.4248,38.4031]]]}},{"type":"Feature","properties":{"landuse":"orchard"},"geometry":{"type":"Polygon","coordinates":[[[16.4228,38.4037],[16.4225,38.4018],[16.4241,38.4031],[16.4228,38.4037]]]}},{"type":"Feature","properties":{"landuse":"orchard"},"geometry":{"type":"Polygon","coordinates":[[[16.4284,38.3936],[16.4267,38.3911],[16.4295,38.3926],[16.4284,38.3936]]]}},{"type":"Feature","properties":{"landuse":"orchard"},"geometry":{"type":"Polygon","coordinates":[[[16.4263,38.3919],[16.4253,38.3937],[16.424,38.3939],[16.4263,38.3919]]]}},{"type":"Feature","properties":{"landuse":"orchard"},"geometry":{"type":"Polygon","coordinates":[[[16.4283,38.3916],[16.4272,38.3905],[16.4293,38.391],[16.4283,38.3916]]]}},{"type":"Feature","properties":{"landuse":"orchard"},"geometry":{"type":"Polygon","coordinates":[[[16.4464,38.3921],[16.4469,38.3905],[16.4482,38.3908],[16.4464,38.3921]]]}},{"type":"Feature","properties":{"landuse":"orchard"},"geometry":{"type":"Polygon","coordinates":[[[16.5361,38.6226],[16.5386,38.6237],[16.5383,38.6244],[16.5361,38.6226]]]}},{"type":"Feature","properties":{"landuse":"orchard"},"geometry":{"type":"Polygon","coordinates":[[[16.5324,38.6296],[16.5322,38.6285],[16.5335,38.6293],[16.5324,38.6296]]]}},{"type":"Feature","properties":{"landuse":"orchard"},"geometry":{"type":"Polygon","coordinates":[[[16.5493,38.6347],[16.5437,38.6337],[16.5479,38.6328],[16.5493,38.6347]]]}},{"type":"Feature","properties":{"landuse":"orchard"},"geometry":{"type":"Polygon","coordinates":[[[16.5425,38.6448],[16.5406,38.6438],[16.541,38.643],[16.5425,38.6448]]]}},{"type":"Feature","properties":{"landuse":"orchard"},"geometry":{"type":"Polygon","coordinates":[[[16.5485,38.6489],[16.5492,38.6429],[16.5518,38.6426],[16.5485,38.6489]]]}},{"type":"Feature","properties":{"landuse":"orchard"},"geometry":{"type":"Polygon","coordinates":[[[16.5521,38.6432],[16.5548,38.645],[16.5515,38.6506],[16.5489,38.6495],[16.5521,38.6432]]]}},{"type":"Feature","properties":{"landuse":"orchard"},"geometry":{"type":"Polygon","coordinates":[[[16.5484,38.6463],[16.544,38.6437],[16.5485,38.6432],[16.5484,38.6463]]]}},{"type":"Feature","properties":{"landuse":"orchard"},"geometry":{"type":"Polygon","coordinates":[[[16.5328,38.6576],[16.5357,38.6563],[16.536,38.6573],[16.5328,38.6576]]]}},{"type":"Feature","properties":{"landuse":"orchard"},"geometry":{"type":"Polygon","coordinates":[[[16.5491,38.6392],[16.5488,38.6412],[16.547,38.6405],[16.5491,38.6392]]]}},{"type":"Feature","properties":{"landuse":"orchard"},"geometry":{"type":"Polygon","coordinates":[[[16.5546,38.4211],[16.5531,38.4212],[16.5532,38.4201],[16.5546,38.4211]]]}},{"type":"Feature","properties":{"landuse":"orchard"},"geometry":{"type":"Polygon","coordinates":[[[16.5493,38.4208],[16.5503,38.4221],[16.5495,38.4223],[16.5493,38.4208]]]}},{"type":"Feature","properties":{"landuse":"orchard"},"geometry":{"type":"Polygon","coordinates":[[[16.5471,38.4187],[16.5483,38.4177],[16.5477,38.4194],[16.5471,38.4187]]]}},{"type":"Feature","properties":{"landuse":"orchard"},"geometry":{"type":"Polygon","coordinates":[[[16.503,38.4283],[16.5051,38.4279],[16.504,38.4295],[16.503,38.4283]]]}},{"type":"Feature","properties":{"landuse":"orchard"},"geometry":{"type":"Polygon","coordinates":[[[16.5026,38.4341],[16.5013,38.432],[16.5036,38.4325],[16.5026,38.4341]]]}},{"type":"Feature","properties":{"landuse":"orchard"},"geometry":{"type":"Polygon","coordinates":[[[16.5419,38.5006],[16.5432,38.5012],[16.5432,38.5024],[16.5419,38.5006]]]}},{"type":"Feature","properties":{"landuse":"orchard"},"geometry":{"type":"Polygon","coordinates":[[[16.5348,38.5029],[16.5356,38.503],[16.5323,38.5047],[16.5348,38.5029]]]}},{"type":"Feature","properties":{"landuse":"orchard"},"geometry":{"type":"Polygon","coordinates":[[[16.5568,38.507],[16.5594,38.5068],[16.5578,38.5083],[16.5568,38.507]]]}},{"type":"Feature","properties":{"landuse":"farmland"},"geometry":{"type":"Polygon","coordinates":[[[16.574,38.5073],[16.575,38.5079],[16.5742,38.5099],[16.574,38.5073]]]}},{"type":"Feature","properties":{"landuse":"farmland"},"geometry":{"type":"Polygon","coordinates":[[[16.5752,38.5073],[16.5741,38.5072],[16.5753,38.5054],[16.5752,38.5073]]]}},{"type":"Feature","properties":{"landuse":"farmland"},"geometry":{"type":"Polygon","coordinates":[[[16.5743,38.51],[16.5736,38.512],[16.5718,38.5118],[16.5743,38.51]]]}},{"type":"Feature","properties":{"landuse":"orchard"},"geometry":{"type":"Polygon","coordinates":[[[16.5726,38.5125],[16.5721,38.5141],[16.57,38.5142],[16.5726,38.5125]]]}},{"type":"Feature","properties":{"landuse":"orchard"},"geometry":{"type":"Polygon","coordinates":[[[16.5686,38.5128],[16.5697,38.5141],[16.5668,38.5147],[16.5686,38.5128]]]}},{"type":"Feature","properties":{"landuse":"orchard"},"geometry":{"type":"Polygon","coordinates":[[[16.5667,38.52],[16.5655,38.52],[16.5657,38.5189],[16.5667,38.52]]]}},{"type":"Feature","properties":{"landuse":"orchard"},"geometry":{"type":"Polygon","coordinates":[[[16.4978,38.4832],[16.4995,38.4828],[16.4979,38.4845],[16.4978,38.4832]]]}},{"type":"Feature","properties":{"landuse":"orchard"},"geometry":{"type":"Polygon","coordinates":[[[16.4912,38.4842],[16.4948,38.484],[16.4951,38.4858],[16.4912,38.4842]]]}},{"type":"Feature","properties":{"landuse":"orchard"},"geometry":{"type":"Polygon","coordinates":[[[16.4935,38.483],[16.4937,38.4801],[16.4958,38.48],[16.4935,38.483]]]}},{"type":"Feature","properties":{"landuse":"orchard"},"geometry":{"type":"Polygon","coordinates":[[[16.4989,38.4818],[16.4988,38.4806],[16.5008,38.4797],[16.4989,38.4818]]]}},{"type":"Feature","properties":{"landuse":"farmland"},"geometry":{"type":"Polygon","coordinates":[[[16.5045,38.4793],[16.5035,38.4769],[16.5062,38.4777],[16.5045,38.4793]]]}},{"type":"Feature","properties":{"landuse":"farmland"},"geometry":{"type":"Polygon","coordinates":[[[16.5098,38.4758],[16.5113,38.4774],[16.5075,38.4776],[16.5083,38.4741],[16.5098,38.4758]]]}},{"type":"Feature","properties":{"landuse":"farmland"},"geometry":{"type":"Polygon","coordinates":[[[16.5105,38.4743],[16.5151,38.4747],[16.513,38.477],[16.5105,38.4743]]]}},{"type":"Feature","properties":{"landuse":"farmland"},"geometry":{"type":"Polygon","coordinates":[[[16.5166,38.4723],[16.5151,38.4709],[16.5179,38.4701],[16.5166,38.4723]]]}},{"type":"Feature","properties":{"landuse":"orchard"},"geometry":{"type":"Polygon","coordinates":[[[16.4919,38.49],[16.4945,38.4901],[16.493,38.4908],[16.4919,38.49]]]}},{"type":"Feature","properties":{"landuse":"green_public_spaces"},"geometry":{"type":"Polygon","coordinates":[[[16.241,39.3546],[16.2419,39.3558],[16.2404,39.3555],[16.241,39.3546]]]}},{"type":"Feature","properties":{"landuse":"orchard"},"geometry":{"type":"Polygon","coordinates":[[[16.5088,38.5004],[16.5076,38.4998],[16.5098,38.4983],[16.5088,38.5004]]]}},{"type":"Feature","properties":{"landuse":"orchard"},"geometry":{"type":"Polygon","coordinates":[[[16.508,38.4938],[16.5048,38.4972],[16.5039,38.4948],[16.508,38.4938]]]}},{"type":"Feature","properties":{"landuse":"orchard"},"geometry":{"type":"Polygon","coordinates":[[[16.5158,38.4902],[16.5181,38.4905],[16.5154,38.4923],[16.5158,38.4902]]]}},{"type":"Feature","properties":{"landuse":"orchard"},"geometry":{"type":"Polygon","coordinates":[[[16.514,38.4911],[16.5125,38.4917],[16.5126,38.4901],[16.514,38.4911]]]}},{"type":"Feature","properties":{"landuse":"orchard"},"geometry":{"type":"Polygon","coordinates":[[[16.508,38.4955],[16.5098,38.4952],[16.5086,38.4966],[16.508,38.4955]]]}},{"type":"Feature","properties":{"landuse":"orchard"},"geometry":{"type":"Polygon","coordinates":[[[16.5241,38.4905],[16.5252,38.4915],[16.5215,38.4917],[16.5241,38.4905]]]}},{"type":"Feature","properties":{"landuse":"orchard"},"geometry":{"type":"Polygon","coordinates":[[[16.5257,38.488],[16.5234,38.4905],[16.5185,38.489],[16.5257,38.488]]]}},{"type":"Feature","properties":{"landuse":"orchard"},"geometry":{"type":"Polygon","coordinates":[[[16.5227,38.4811],[16.524,38.4831],[16.5192,38.4848],[16.5227,38.4811]]]}},{"type":"Feature","properties":{"landuse":"orchard"},"geometry":{"type":"Polygon","coordinates":[[[16.5283,38.4856],[16.5279,38.4869],[16.5256,38.486],[16.5283,38.4856]]]}},{"type":"Feature","properties":{"landuse":"orchard"},"geometry":{"type":"Polygon","coordinates":[[[16.5221,38.4844],[16.5259,38.4844],[16.5218,38.4865],[16.5221,38.4844]]]}},{"type":"Feature","properties":{"landuse":"orchard"},"geometry":{"type":"Polygon","coordinates":[[[16.5192,38.4823],[16.519,38.4813],[16.5209,38.4824],[16.5192,38.4823]]]}},{"type":"Feature","properties":{"landuse":"orchard"},"geometry":{"type":"Polygon","coordinates":[[[16.5124,38.485],[16.5124,38.4813],[16.5138,38.4821],[16.5124,38.485]]]}},{"type":"Feature","properties":{"landuse":"orchard"},"geometry":{"type":"Polygon","coordinates":[[[16.5126,38.481],[16.5146,38.4812],[16.5144,38.4826],[16.5126,38.481]]]}},{"type":"Feature","properties":{"landuse":"orchard"},"geometry":{"type":"Polygon","coordinates":[[[16.5167,38.4895],[16.5168,38.4879],[16.5179,38.4888],[16.5167,38.4895]]]}},{"type":"Feature","properties":{"landuse":"orchard"},"geometry":{"type":"Polygon","coordinates":[[[16.5121,38.4943],[16.5105,38.494],[16.5117,38.4929],[16.5121,38.4943]]]}},{"type":"Feature","properties":{"landuse":"orchard"},"geometry":{"type":"Polygon","coordinates":[[[16.5223,38.494],[16.523,38.4932],[16.5242,38.4944],[16.5223,38.494]]]}},{"type":"Feature","properties":{"landuse":"orchard"},"geometry":{"type":"Polygon","coordinates":[[[16.5177,38.4944],[16.5199,38.4943],[16.5186,38.4958],[16.5177,38.4944]]]}},{"type":"Feature","properties":{"landuse":"orchard"},"geometry":{"type":"Polygon","coordinates":[[[16.5354,38.4866],[16.5366,38.4865],[16.5348,38.488],[16.5354,38.4866]]]}},{"type":"Feature","properties":{"landuse":"orchard"},"geometry":{"type":"Polygon","coordinates":[[[16.5537,38.4801],[16.5556,38.4776],[16.5559,38.4799],[16.5537,38.4801]]]}},{"type":"Feature","properties":{"landuse":"orchard"},"geometry":{"type":"Polygon","coordinates":[[[16.5354,38.4457],[16.5346,38.4441],[16.5364,38.4448],[16.5354,38.4457]]]}},{"type":"Feature","properties":{"landuse":"farmland"},"geometry":{"type":"Polygon","coordinates":[[[16.5407,38.4432],[16.5416,38.4426],[16.5428,38.4444],[16.5407,38.4432]]]}},{"type":"Feature","properties":{"landuse":"orchard"},"geometry":{"type":"Polygon","coordinates":[[[16.498,38.5],[16.4962,38.5002],[16.497,38.4984],[16.498,38.5]]]}},{"type":"Feature","properties":{"landuse":"orchard"},"geometry":{"type":"Polygon","coordinates":[[[16.4792,38.503],[16.4811,38.5033],[16.4793,38.5043],[16.4792,38.503]]]}},{"type":"Feature","properties":{"landuse":"orchard"},"geometry":{"type":"Polygon","coordinates":[[[16.4764,38.5064],[16.4747,38.5026],[16.4774,38.5041],[16.4764,38.5064]]]}},{"type":"Feature","properties":{"landuse":"orchard"},"geometry":{"type":"Polygon","coordinates":[[[16.5095,38.4921],[16.5117,38.4915],[16.5096,38.4933],[16.5095,38.4921]]]}},{"type":"Feature","properties":{"landuse":"orchard"},"geometry":{"type":"Polygon","coordinates":[[[16.5127,38.4938],[16.5152,38.4936],[16.5127,38.4951],[16.5127,38.4938]]]}},{"type":"Feature","properties":{"landuse":"orchard"},"geometry":{"type":"Polygon","coordinates":[[[16.5017,38.5033],[16.503,38.5027],[16.5034,38.5035],[16.5017,38.5033]]]}},{"type":"Feature","properties":{"landuse":"orchard"},"geometry":{"type":"Polygon","coordinates":[[[16.3546,38.3085],[16.3545,38.3062],[16.356,38.3079],[16.3546,38.3085]]]}},{"type":"Feature","properties":{"landuse":"orchard"},"geometry":{"type":"Polygon","coordinates":[[[16.5468,38.4867],[16.5495,38.4849],[16.5488,38.4864],[16.5468,38.4867]]]}},{"type":"Feature","properties":{"landuse":"orchard"},"geometry":{"type":"Polygon","coordinates":[[[16.5665,38.4909],[16.5652,38.4893],[16.5675,38.4895],[16.5665,38.4909]]]}},{"type":"Feature","properties":{"landuse":"orchard"},"geometry":{"type":"Polygon","coordinates":[[[16.5656,38.486],[16.5662,38.4849],[16.5669,38.4872],[16.5656,38.486]]]}},{"type":"Feature","properties":{"landuse":"orchard"},"geometry":{"type":"Polygon","coordinates":[[[16.5615,38.4839],[16.5609,38.4855],[16.5593,38.4851],[16.5615,38.4839]]]}},{"type":"Feature","properties":{"landuse":"orchard"},"geometry":{"type":"Polygon","coordinates":[[[16.5438,38.4855],[16.5446,38.485],[16.5453,38.4864],[16.5438,38.4855]]]}},{"type":"Feature","properties":{"landuse":"orchard"},"geometry":{"type":"Polygon","coordinates":[[[16.5549,38.4835],[16.5565,38.4843],[16.5548,38.4854],[16.5549,38.4835]]]}},{"type":"Feature","properties":{"landuse":"orchard"},"geometry":{"type":"Polygon","coordinates":[[[16.5511,38.4874],[16.554,38.4865],[16.554,38.4885],[16.5511,38.4874]]]}},{"type":"Feature","properties":{"landuse":"orchard"},"geometry":{"type":"Polygon","coordinates":[[[16.5507,38.4873],[16.5454,38.4898],[16.5468,38.4868],[16.5507,38.4873]]]}},{"type":"Feature","properties":{"landuse":"orchard"},"geometry":{"type":"Polygon","coordinates":[[[16.5501,38.4834],[16.5518,38.4827],[16.5518,38.4842],[16.5501,38.4834]]]}},{"type":"Feature","properties":{"landuse":"orchard"},"geometry":{"type":"Polygon","coordinates":[[[16.5544,38.4866],[16.5528,38.4861],[16.5543,38.4851],[16.5544,38.4866]]]}},{"type":"Feature","properties":{"landuse":"orchard"},"geometry":{"type":"Polygon","coordinates":[[[16.5507,38.4857],[16.5524,38.4864],[16.5514,38.4869],[16.5507,38.4857]]]}},{"type":"Feature","properties":{"landuse":"orchard"},"geometry":{"type":"Polygon","coordinates":[[[16.5557,38.5037],[16.5545,38.5018],[16.5573,38.5007],[16.5557,38.5037]]]}},{"type":"Feature","properties":{"landuse":"orchard"},"geometry":{"type":"Polygon","coordinates":[[[15.9464,38.6731],[15.9478,38.674],[15.9446,38.6739],[15.9464,38.6731]]]}},{"type":"Feature","properties":{"landuse":"orchard"},"geometry":{"type":"Polygon","coordinates":[[[15.9588,38.6589],[15.9588,38.6597],[15.9575,38.6596],[15.9588,38.6589]]]}},{"type":"Feature","properties":{"landuse":"orchard"},"geometry":{"type":"Polygon","coordinates":[[[15.949,38.6746],[15.9503,38.6755],[15.9492,38.6762],[15.949,38.6746]]]}},{"type":"Feature","properties":{"landuse":"farmland"},"geometry":{"type":"Polygon","coordinates":[[[15.9586,38.6745],[15.961,38.6748],[15.9606,38.6758],[15.9586,38.6745]]]}},{"type":"Feature","properties":{"landuse":"orchard"},"geometry":{"type":"Polygon","coordinates":[[[16.4313,38.4275],[16.43,38.4243],[16.4323,38.4265],[16.4313,38.4275]]]}},{"type":"Feature","properties":{"landuse":"orchard"},"geometry":{"type":"Polygon","coordinates":[[[16.4525,38.4236],[16.4533,38.422],[16.4548,38.4224],[16.4525,38.4236]]]}},{"type":"Feature","properties":{"landuse":"orchard"},"geometry":{"type":"Polygon","coordinates":[[[16.4507,38.4245],[16.4506,38.4233],[16.4521,38.4239],[16.4507,38.4245]]]}},{"type":"Feature","properties":{"landuse":"orchard"},"geometry":{"type":"Polygon","coordinates":[[[16.4623,38.4029],[16.4636,38.4014],[16.4648,38.4017],[16.4623,38.4029]]]}},{"type":"Feature","properties":{"landuse":"orchard"},"geometry":{"type":"Polygon","coordinates":[[[16.4665,38.3963],[16.4643,38.3975],[16.4664,38.3948],[16.4665,38.3963]]]}},{"type":"Feature","properties":{"landuse":"orchard"},"geometry":{"type":"Polygon","coordinates":[[[16.4579,38.3946],[16.4588,38.3931],[16.4592,38.3948],[16.4579,38.3946]]]}},{"type":"Feature","properties":{"landuse":"orchard"},"geometry":{"type":"Polygon","coordinates":[[[16.4537,38.4169],[16.4531,38.418],[16.4505,38.4168],[16.4537,38.4169]]]}},{"type":"Feature","properties":{"landuse":"orchard"},"geometry":{"type":"Polygon","coordinates":[[[16.4331,38.4036],[16.4352,38.4035],[16.4355,38.4045],[16.4331,38.4036]]]}},{"type":"Feature","properties":{"landuse":"orchard"},"geometry":{"type":"Polygon","coordinates":[[[16.4331,38.4006],[16.4328,38.3994],[16.4339,38.3989],[16.4331,38.4006]]]}},{"type":"Feature","properties":{"landuse":"orchard"},"geometry":{"type":"Polygon","coordinates":[[[16.5712,38.4718],[16.5718,38.471],[16.573,38.4716],[16.5712,38.4718]]]}},{"type":"Feature","properties":{"landuse":"orchard"},"geometry":{"type":"Polygon","coordinates":[[[16.5634,38.4715],[16.5587,38.4681],[16.5622,38.4695],[16.5634,38.4715]]]}},{"type":"Feature","properties":{"landuse":"farmland"},"geometry":{"type":"Polygon","coordinates":[[[16.5696,38.5023],[16.5735,38.5013],[16.5724,38.5033],[16.5696,38.5023]]]}},{"type":"Feature","properties":{"landuse":"farmland"},"geometry":{"type":"Polygon","coordinates":[[[16.5718,38.5004],[16.5748,38.4981],[16.5739,38.5007],[16.5718,38.5004]]]}},{"type":"Feature","properties":{"landuse":"orchard"},"geometry":{"type":"Polygon","coordinates":[[[16.5725,38.5075],[16.5702,38.5081],[16.572,38.5069],[16.5725,38.5075]]]}},{"type":"Feature","properties":{"landuse":"orchard"},"geometry":{"type":"Polygon","coordinates":[[[16.4988,38.4538],[16.497,38.4534],[16.4989,38.4528],[16.4988,38.4538]]]}},{"type":"Feature","properties":{"landuse":"orchard"},"geometry":{"type":"Polygon","coordinates":[[[16.4931,38.4541],[16.4975,38.4546],[16.494,38.4564],[16.4931,38.4541]]]}},{"type":"Feature","properties":{"landuse":"orchard"},"geometry":{"type":"Polygon","coordinates":[[[16.5099,38.4539],[16.5101,38.4532],[16.5116,38.4533],[16.5099,38.4539]]]}},{"type":"Feature","properties":{"landuse":"farmland"},"geometry":{"type":"Polygon","coordinates":[[[16.5136,38.4487],[16.5125,38.4499],[16.5118,38.449],[16.5136,38.4487]]]}},{"type":"Feature","properties":{"landuse":"orchard"},"geometry":{"type":"Polygon","coordinates":[[[16.5118,38.4499],[16.5112,38.4473],[16.5123,38.4488],[16.5118,38.4499]]]}},{"type":"Feature","properties":{"landuse":"orchard"},"geometry":{"type":"Polygon","coordinates":[[[16.5231,38.4425],[16.5215,38.4464],[16.5225,38.4447],[16.5207,38.4447],[16.5231,38.4425]]]}},{"type":"Feature","properties":{"landuse":"orchard"},"geometry":{"type":"Polygon","coordinates":[[[16.5158,38.43],[16.5174,38.4303],[16.5162,38.4315],[16.5158,38.43]]]}},{"type":"Feature","properties":{"landuse":"farmland"},"geometry":{"type":"Polygon","coordinates":[[[16.1508,38.6011],[16.1485,38.6029],[16.1471,38.6029],[16.1508,38.6011]]]}},{"type":"Feature","properties":{"landuse":"farmland"},"geometry":{"type":"Polygon","coordinates":[[[16.1542,38.5947],[16.1515,38.5922],[16.1565,38.5968],[16.1537,38.5976],[16.1542,38.5947]]]}},{"type":"Feature","properties":{"landuse":"farmland"},"geometry":{"type":"Polygon","coordinates":[[[16.1532,38.6],[16.1507,38.6018],[16.1553,38.5994],[16.1532,38.6]]]}},{"type":"Feature","properties":{"landuse":"farmland"},"geometry":{"type":"Polygon","coordinates":[[[16.1519,38.5998],[16.1514,38.5986],[16.1527,38.5996],[16.1519,38.5998]]]}},{"type":"Feature","properties":{"landuse":"orchard"},"geometry":{"type":"Polygon","coordinates":[[[16.1075,38.5424],[16.1064,38.5444],[16.1053,38.5443],[16.1075,38.5424]]]}},{"type":"Feature","properties":{"landuse":"farmland"},"geometry":{"type":"Polygon","coordinates":[[[16.1468,38.6128],[16.1497,38.613],[16.1486,38.614],[16.1468,38.6128]]]}},{"type":"Feature","properties":{"landuse":"orchard"},"geometry":{"type":"Polygon","coordinates":[[[16.1479,38.6629],[16.1521,38.6618],[16.1514,38.6625],[16.1479,38.6629]]]}},{"type":"Feature","properties":{"landuse":"orchard"},"geometry":{"type":"Polygon","coordinates":[[[16.1684,38.6643],[16.1685,38.6668],[16.1668,38.6665],[16.1684,38.6643]]]}},{"type":"Feature","properties":{"landuse":"farmland"},"geometry":{"type":"Polygon","coordinates":[[[16.1693,38.6629],[16.1691,38.6638],[16.168,38.6639],[16.1693,38.6629]]]}},{"type":"Feature","properties":{"landuse":"farmland"},"geometry":{"type":"Polygon","coordinates":[[[16.1661,38.6639],[16.1649,38.6651],[16.1634,38.6638],[16.1661,38.6639]]]}},{"type":"Feature","properties":{"landuse":"farmland"},"geometry":{"type":"Polygon","coordinates":[[[16.1599,38.6615],[16.1633,38.6637],[16.1597,38.6622],[16.1599,38.6615]]]}},{"type":"Feature","properties":{"landuse":"farmland"},"geometry":{"type":"Polygon","coordinates":[[[16.1651,38.6627],[16.1644,38.6643],[16.1638,38.6625],[16.1651,38.6627]]]}},{"type":"Feature","properties":{"landuse":"farmland"},"geometry":{"type":"Polygon","coordinates":[[[16.1616,38.6586],[16.1651,38.6576],[16.1621,38.6589],[16.1616,38.6586]]]}},{"type":"Feature","properties":{"landuse":"farmland"},"geometry":{"type":"Polygon","coordinates":[[[16.1599,38.6614],[16.164,38.6581],[16.1675,38.6594],[16.1599,38.6614]]]}},{"type":"Feature","properties":{"landuse":"farmland"},"geometry":{"type":"Polygon","coordinates":[[[16.1678,38.6624],[16.1608,38.6619],[16.1673,38.6598],[16.1678,38.6624]]]}},{"type":"Feature","properties":{"landuse":"farmland"},"geometry":{"type":"Polygon","coordinates":[[[16.152,38.6512],[16.1516,38.6527],[16.151,38.6509],[16.1533,38.6518],[16.152,38.6528],[16.152,38.6512]]]}},{"type":"Feature","properties":{"landuse":"farmland"},"geometry":{"type":"Polygon","coordinates":[[[16.1539,38.6487],[16.1541,38.651],[16.1476,38.6498],[16.1539,38.6487]]]}},{"type":"Feature","properties":{"landuse":"orchard"},"geometry":{"type":"Polygon","coordinates":[[[16.1465,38.653],[16.1463,38.6515],[16.1477,38.6532],[16.1465,38.653]]]}},{"type":"Feature","properties":{"landuse":"orchard"},"geometry":{"type":"Polygon","coordinates":[[[16.1455,38.6585],[16.1444,38.656],[16.1474,38.6555],[16.1454,38.6574],[16.1493,38.6602],[16.1455,38.6585]]]}},{"type":"Feature","properties":{"landuse":"orchard"},"geometry":{"type":"Polygon","coordinates":[[[16.1407,38.6606],[16.1462,38.659],[16.1475,38.663],[16.1407,38.6606]]]}},{"type":"Feature","properties":{"landuse":"orchard"},"geometry":{"type":"Polygon","coordinates":[[[16.1152,38.6373],[16.1157,38.6349],[16.1194,38.6367],[16.1182,38.6394],[16.1152,38.6373]]]}},{"type":"Feature","properties":{"landuse":"farmland"},"geometry":{"type":"Polygon","coordinates":[[[16.1517,38.6438],[16.155,38.6455],[16.1546,38.6489],[16.1517,38.6438]]]}},{"type":"Feature","properties":{"landuse":"orchard"},"geometry":{"type":"Polygon","coordinates":[[[16.5355,38.4158],[16.5352,38.4177],[16.5344,38.4169],[16.5355,38.4158]]]}},{"type":"Feature","properties":{"landuse":"orchard"},"geometry":{"type":"Polygon","coordinates":[[[16.5395,38.4165],[16.5384,38.4161],[16.5391,38.4148],[16.5395,38.4165]]]}},{"type":"Feature","properties":{"landuse":"orchard"},"geometry":{"type":"Polygon","coordinates":[[[16.5304,38.4211],[16.528,38.4203],[16.5304,38.4188],[16.5304,38.4211]]]}},{"type":"Feature","properties":{"landuse":"orchard"},"geometry":{"type":"Polygon","coordinates":[[[16.5279,38.4204],[16.5248,38.4199],[16.5273,38.419],[16.5279,38.4204]]]}},{"type":"Feature","properties":{"landuse":"orchard"},"geometry":{"type":"Polygon","coordinates":[[[16.525,38.4199],[16.526,38.4185],[16.5272,38.4189],[16.525,38.4199]]]}},{"type":"Feature","properties":{"landuse":"farmland"},"geometry":{"type":"Polygon","coordinates":[[[16.5257,38.4128],[16.5296,38.4129],[16.5269,38.4148],[16.5257,38.4128]]]}},{"type":"Feature","properties":{"landuse":"orchard"},"geometry":{"type":"Polygon","coordinates":[[[16.5284,38.4158],[16.5292,38.4152],[16.5296,38.4163],[16.5284,38.4158]]]}},{"type":"Feature","properties":{"landuse":"farmland"},"geometry":{"type":"Polygon","coordinates":[[[16.5341,38.4164],[16.5298,38.4175],[16.535,38.4152],[16.5341,38.4164]]]}},{"type":"Feature","properties":{"landuse":"orchard"},"geometry":{"type":"Polygon","coordinates":[[[16.5264,38.4172],[16.5282,38.4163],[16.5279,38.4174],[16.5264,38.4172]]]}},{"type":"Feature","properties":{"landuse":"farmland"},"geometry":{"type":"Polygon","coordinates":[[[16.5305,38.4286],[16.5332,38.4283],[16.5314,38.4317],[16.5305,38.4286]]]}},{"type":"Feature","properties":{"landuse":"farmland"},"geometry":{"type":"Polygon","coordinates":[[[16.5343,38.4343],[16.5328,38.4337],[16.5348,38.4341],[16.5343,38.4343]]]}},{"type":"Feature","properties":{"landuse":"orchard"},"geometry":{"type":"Polygon","coordinates":[[[16.5137,38.4305],[16.5145,38.4302],[16.5145,38.4315],[16.5137,38.4305]]]}},{"type":"Feature","properties":{"landuse":"farmland"},"geometry":{"type":"Polygon","coordinates":[[[16.5094,38.4226],[16.5094,38.4216],[16.5107,38.4214],[16.5094,38.4226]]]}},{"type":"Feature","properties":{"landuse":"orchard"},"geometry":{"type":"Polygon","coordinates":[[[16.5093,38.4396],[16.506,38.4391],[16.5069,38.4372],[16.5093,38.4396]]]}},{"type":"Feature","properties":{"landuse":"orchard"},"geometry":{"type":"Polygon","coordinates":[[[16.5124,38.4342],[16.5135,38.4328],[16.5138,38.4335],[16.5124,38.4342]]]}},{"type":"Feature","properties":{"landuse":"farmland"},"geometry":{"type":"Polygon","coordinates":[[[16.5155,38.3974],[16.5128,38.4015],[16.5122,38.3988],[16.5155,38.3974]]]}},{"type":"Feature","properties":{"landuse":"orchard"},"geometry":{"type":"Polygon","coordinates":[[[16.1898,38.636],[16.1892,38.6333],[16.1903,38.6332],[16.1898,38.636]]]}},{"type":"Feature","properties":{"landuse":"orchard"},"geometry":{"type":"Polygon","coordinates":[[[16.1741,38.6329],[16.1718,38.6326],[16.1718,38.6304],[16.1741,38.6329]]]}},{"type":"Feature","properties":{"landuse":"orchard"},"geometry":{"type":"Polygon","coordinates":[[[16.1753,38.6334],[16.1762,38.6308],[16.1779,38.6322],[16.1753,38.6334]]]}},{"type":"Feature","properties":{"landuse":"orchard"},"geometry":{"type":"Polygon","coordinates":[[[16.1811,38.6361],[16.1842,38.6332],[16.1859,38.6361],[16.1811,38.6361]]]}},{"type":"Feature","properties":{"landuse":"orchard"},"geometry":{"type":"Polygon","coordinates":[[[16.1715,38.6354],[16.1779,38.6396],[16.1752,38.6403],[16.1715,38.6354]]]}},{"type":"Feature","properties":{"landuse":"orchard"},"geometry":{"type":"Polygon","coordinates":[[[16.4675,38.4202],[16.4657,38.4196],[16.4683,38.419],[16.4675,38.4202]]]}},{"type":"Feature","properties":{"landuse":"orchard"},"geometry":{"type":"Polygon","coordinates":[[[16.4647,38.4166],[16.4633,38.4159],[16.4652,38.4147],[16.4647,38.4166]]]}},{"type":"Feature","properties":{"landuse":"orchard"},"geometry":{"type":"Polygon","coordinates":[[[16.1797,39.5146],[16.1799,39.5121],[16.1848,39.514],[16.1822,39.5166],[16.1797,39.5146]]]}},{"type":"Feature","properties":{"landuse":"orchard"},"geometry":{"type":"Polygon","coordinates":[[[16.18,39.5178],[16.1786,39.5144],[16.1807,39.5151],[16.18,39.5178]]]}},{"type":"Feature","properties":{"landuse":"farmland"},"geometry":{"type":"Polygon","coordinates":[[[16.5224,39.6272],[16.524,39.6289],[16.5217,39.6274],[16.5224,39.6272]]]}},{"type":"Feature","properties":{"landuse":"farmland"},"geometry":{"type":"Polygon","coordinates":[[[16.1949,38.703],[16.1998,38.7048],[16.1992,38.7053],[16.1949,38.703]]]}},{"type":"Feature","properties":{"landuse":"farmland"},"geometry":{"type":"Polygon","coordinates":[[[16.1961,38.7039],[16.1975,38.7069],[16.1928,38.7033],[16.1961,38.7039]]]}},{"type":"Feature","properties":{"landuse":"orchard"},"geometry":{"type":"Polygon","coordinates":[[[16.1758,39.4987],[16.1799,39.4979],[16.1763,39.4995],[16.1758,39.4987]]]}},{"type":"Feature","properties":{"landuse":"orchard"},"geometry":{"type":"Polygon","coordinates":[[[16.1715,39.4999],[16.1742,39.4992],[16.1757,39.5007],[16.1715,39.4999]]]}},{"type":"Feature","properties":{"landuse":"farmland"},"geometry":{"type":"Polygon","coordinates":[[[16.2111,39.4796],[16.2123,39.4763],[16.2141,39.479],[16.2111,39.4796]]]}},{"type":"Feature","properties":{"landuse":"orchard"},"geometry":{"type":"Polygon","coordinates":[[[16.3569,38.9011],[16.3603,38.9006],[16.3616,38.9039],[16.3569,38.9011]]]}},{"type":"Feature","properties":{"landuse":"orchard"},"geometry":{"type":"Polygon","coordinates":[[[16.349,38.8968],[16.3518,38.8962],[16.3523,38.8974],[16.349,38.8968]]]}},{"type":"Feature","properties":{"landuse":"orchard"},"geometry":{"type":"Polygon","coordinates":[[[16.3486,38.8887],[16.3508,38.8885],[16.3483,38.8908],[16.3486,38.8887]]]}},{"type":"Feature","properties":{"landuse":"orchard"},"geometry":{"type":"Polygon","coordinates":[[[16.3407,38.8927],[16.3419,38.8907],[16.3418,38.8923],[16.3407,38.8927]]]}},{"type":"Feature","properties":{"landuse":"orchard"},"geometry":{"type":"Polygon","coordinates":[[[16.3409,38.8923],[16.3372,38.8909],[16.3393,38.8886],[16.3409,38.8923]]]}},{"type":"Feature","properties":{"landuse":"orchard"},"geometry":{"type":"Polygon","coordinates":[[[16.3504,38.8885],[16.3476,38.8886],[16.3466,38.8874],[16.3504,38.8885]]]}},{"type":"Feature","properties":{"landuse":"orchard"},"geometry":{"type":"Polygon","coordinates":[[[16.4822,38.5154],[16.4804,38.5157],[16.4817,38.5144],[16.4822,38.5154]]]}},{"type":"Feature","properties":{"landuse":"orchard"},"geometry":{"type":"Polygon","coordinates":[[[16.4981,38.5032],[16.4957,38.5024],[16.4962,38.5006],[16.4981,38.5032]]]}},{"type":"Feature","properties":{"landuse":"orchard"},"geometry":{"type":"Polygon","coordinates":[[[16.5039,38.4984],[16.5045,38.4973],[16.5052,38.4986],[16.5039,38.4984]]]}},{"type":"Feature","properties":{"landuse":"orchard"},"geometry":{"type":"Polygon","coordinates":[[[16.5089,38.4935],[16.5133,38.4915],[16.5159,38.493],[16.5089,38.4935]]]}},{"type":"Feature","properties":{"landuse":"orchard"},"geometry":{"type":"Polygon","coordinates":[[[16.5262,38.4874],[16.529,38.4877],[16.5269,38.4892],[16.5262,38.4874]]]}},{"type":"Feature","properties":{"landuse":"orchard"},"geometry":{"type":"Polygon","coordinates":[[[16.5274,38.4713],[16.5234,38.4777],[16.5207,38.4762],[16.5274,38.4713]]]}},{"type":"Feature","properties":{"landuse":"orchard"},"geometry":{"type":"Polygon","coordinates":[[[16.5355,38.4705],[16.5372,38.4694],[16.5385,38.4712],[16.5355,38.4705]]]}},{"type":"Feature","properties":{"landuse":"orchard"},"geometry":{"type":"Polygon","coordinates":[[[16.5368,38.4695],[16.536,38.4686],[16.5379,38.4676],[16.5368,38.4695]]]}},{"type":"Feature","properties":{"landuse":"orchard"},"geometry":{"type":"Polygon","coordinates":[[[16.5385,38.4682],[16.5398,38.4667],[16.5405,38.4678],[16.5385,38.4682]]]}},{"type":"Feature","properties":{"landuse":"orchard"},"geometry":{"type":"Polygon","coordinates":[[[16.551,38.4672],[16.5498,38.467],[16.5498,38.4658],[16.551,38.4672]]]}},{"type":"Feature","properties":{"landuse":"orchard"},"geometry":{"type":"Polygon","coordinates":[[[16.547,38.4827],[16.5488,38.4825],[16.5494,38.484],[16.547,38.4827]]]}},{"type":"Feature","properties":{"landuse":"farmland"},"geometry":{"type":"Polygon","coordinates":[[[16.5501,38.4804],[16.5525,38.4816],[16.5501,38.4829],[16.5501,38.4804]]]}},{"type":"Feature","properties":{"landuse":"farmland"},"geometry":{"type":"Polygon","coordinates":[[[16.5532,38.4808],[16.5553,38.4818],[16.5535,38.4821],[16.5532,38.4808]]]}},{"type":"Feature","properties":{"landuse":"farmland"},"geometry":{"type":"Polygon","coordinates":[[[16.5588,38.4803],[16.5611,38.4838],[16.5586,38.4844],[16.5564,38.4804],[16.5588,38.4803]]]}},{"type":"Feature","properties":{"landuse":"orchard"},"geometry":{"type":"Polygon","coordinates":[[[16.5605,38.4755],[16.5627,38.4774],[16.5567,38.4794],[16.5605,38.4755]]]}},{"type":"Feature","properties":{"landuse":"farmland"},"geometry":{"type":"Polygon","coordinates":[[[16.1298,39.7549],[16.13,39.7561],[16.1281,39.7559],[16.1298,39.7549]]]}},{"type":"Feature","properties":{"landuse":"farmland"},"geometry":{"type":"Polygon","coordinates":[[[16.1269,39.7624],[16.1258,39.7618],[16.1265,39.761],[16.1269,39.7624]]]}},{"type":"Feature","properties":{"landuse":"farmland"},"geometry":{"type":"Polygon","coordinates":[[[15.7949,39.8272],[15.7946,39.8253],[15.7971,39.8292],[15.7949,39.8272]]]}},{"type":"Feature","properties":{"landuse":"farmland"},"geometry":{"type":"Polygon","coordinates":[[[15.8076,39.8351],[15.8109,39.8361],[15.8064,39.8365],[15.8076,39.8351]]]}},{"type":"Feature","properties":{"landuse":"green_public_spaces"},"geometry":{"type":"Polygon","coordinates":[[[15.7776,39.8233],[15.777,39.8225],[15.7783,39.8213],[15.7776,39.8233]]]}},{"type":"Feature","properties":{"landuse":"green_public_spaces"},"geometry":{"type":"Polygon","coordinates":[[[15.778,39.8233],[15.7787,39.8216],[15.78,39.8216],[15.778,39.8233]]]}},{"type":"Feature","properties":{"landuse":"farmland"},"geometry":{"type":"Polygon","coordinates":[[[15.8011,39.804],[15.8025,39.8028],[15.8024,39.8055],[15.8011,39.804]]]}},{"type":"Feature","properties":{"landuse":"farmland"},"geometry":{"type":"Polygon","coordinates":[[[16.1862,38.5666],[16.1839,38.5681],[16.1847,38.5659],[16.1862,38.5666]]]}},{"type":"Feature","properties":{"landuse":"orchard"},"geometry":{"type":"Polygon","coordinates":[[[16.2138,38.5819],[16.2128,38.5833],[16.2116,38.5831],[16.2138,38.5819]]]}},{"type":"Feature","properties":{"landuse":"orchard"},"geometry":{"type":"Polygon","coordinates":[[[16.213,38.5839],[16.214,38.5841],[16.2128,38.5847],[16.213,38.5839]]]}},{"type":"Feature","properties":{"landuse":"orchard"},"geometry":{"type":"Polygon","coordinates":[[[16.2127,38.5853],[16.2113,38.587],[16.2095,38.5858],[16.2127,38.5853]]]}},{"type":"Feature","properties":{"landuse":"orchard"},"geometry":{"type":"Polygon","coordinates":[[[16.1342,38.6635],[16.1362,38.6628],[16.1354,38.6639],[16.1342,38.6635]]]}},{"type":"Feature","properties":{"landuse":"farmland"},"geometry":{"type":"Polygon","coordinates":[[[16.2848,38.6203],[16.2843,38.6172],[16.2856,38.6164],[16.2848,38.6203]]]}},{"type":"Feature","properties":{"landuse":"orchard"},"geometry":{"type":"Polygon","coordinates":[[[16.2348,38.6093],[16.236,38.6074],[16.2378,38.6074],[16.2348,38.6093]]]}},{"type":"Feature","properties":{"landuse":"orchard"},"geometry":{"type":"Polygon","coordinates":[[[16.2312,38.6008],[16.231,38.6021],[16.2298,38.602],[16.2312,38.6008]]]}},{"type":"Feature","properties":{"landuse":"orchard"},"geometry":{"type":"Polygon","coordinates":[[[16.1201,38.5549],[16.1195,38.5559],[16.1174,38.5561],[16.1201,38.5549]]]}},{"type":"Feature","properties":{"landuse":"orchard"},"geometry":{"type":"Polygon","coordinates":[[[16.1284,38.5558],[16.1298,38.5566],[16.1285,38.5566],[16.1284,38.5558]]]}},{"type":"Feature","properties":{"landuse":"orchard"},"geometry":{"type":"Polygon","coordinates":[[[16.124,38.5584],[16.1224,38.556],[16.1246,38.5566],[16.124,38.5584]]]}},{"type":"Feature","properties":{"landuse":"orchard"},"geometry":{"type":"Polygon","coordinates":[[[16.1277,38.5636],[16.1283,38.5623],[16.1305,38.5645],[16.1277,38.5636]]]}},{"type":"Feature","properties":{"landuse":"orchard"},"geometry":{"type":"Polygon","coordinates":[[[16.1265,38.5639],[16.1266,38.5624],[16.1272,38.5638],[16.1265,38.5639]]]}},{"type":"Feature","properties":{"landuse":"farmland"},"geometry":{"type":"Polygon","coordinates":[[[16.2455,39.4887],[16.2496,39.4897],[16.2493,39.4902],[16.2455,39.4887]]]}},{"type":"Feature","properties":{"landuse":"farmland"},"geometry":{"type":"Polygon","coordinates":[[[16.2435,39.4907],[16.2527,39.4927],[16.2438,39.4921],[16.2435,39.4907]]]}},{"type":"Feature","properties":{"landuse":"farmland"},"geometry":{"type":"Polygon","coordinates":[[[16.2438,39.4921],[16.2468,39.4922],[16.2466,39.493],[16.2438,39.4921]]]}},{"type":"Feature","properties":{"landuse":"orchard"},"geometry":{"type":"Polygon","coordinates":[[[16.0829,38.6948],[16.0833,38.6929],[16.0849,38.6918],[16.0829,38.6948]]]}},{"type":"Feature","properties":{"landuse":"orchard"},"geometry":{"type":"Polygon","coordinates":[[[16.0569,38.6963],[16.0587,38.6965],[16.0579,38.6972],[16.0569,38.6963]]]}},{"type":"Feature","properties":{"landuse":"orchard"},"geometry":{"type":"Polygon","coordinates":[[[16.0558,38.6936],[16.0567,38.6928],[16.0563,38.6935],[16.0573,38.6933],[16.0565,38.6941],[16.0558,38.6936]]]}},{"type":"Feature","properties":{"landuse":"farmland"},"geometry":{"type":"Polygon","coordinates":[[[16.054,39.6656],[16.0532,39.6663],[16.0516,39.6654],[16.054,39.6656]]]}},{"type":"Feature","properties":{"landuse":"farmland"},"geometry":{"type":"Polygon","coordinates":[[[16.0528,39.6621],[16.0576,39.6654],[16.0527,39.6647],[16.0528,39.6621]]]}},{"type":"Feature","properties":{"landuse":"farmland"},"geometry":{"type":"Polygon","coordinates":[[[16.0501,39.6672],[16.047,39.6659],[16.0482,39.6653],[16.0501,39.6672]]]}},{"type":"Feature","properties":{"landuse":"farmland"},"geometry":{"type":"Polygon","coordinates":[[[16.0504,39.6684],[16.0495,39.6696],[16.0476,39.6689],[16.0504,39.6684]]]}},{"type":"Feature","properties":{"landuse":"farmland"},"geometry":{"type":"Polygon","coordinates":[[[16.1672,39.7189],[16.1678,39.716],[16.1685,39.7174],[16.1672,39.7189]]]}},{"type":"Feature","properties":{"landuse":"orchard"},"geometry":{"type":"Polygon","coordinates":[[[16.1601,39.7153],[16.1578,39.7179],[16.1577,39.715],[16.1601,39.7153]]]}},{"type":"Feature","properties":{"landuse":"farmland"},"geometry":{"type":"Polygon","coordinates":[[[16.1982,39.6806],[16.1963,39.6795],[16.1987,39.6795],[16.1982,39.6806]]]}},{"type":"Feature","properties":{"landuse":"farmland"},"geometry":{"type":"Polygon","coordinates":[[[16.2073,39.6807],[16.1995,39.679],[16.2068,39.6785],[16.2073,39.6807]]]}},{"type":"Feature","properties":{"landuse":"farmland"},"geometry":{"type":"Polygon","coordinates":[[[16.2356,39.5098],[16.2357,39.5087],[16.2367,39.5096],[16.2356,39.5098]]]}},{"type":"Feature","properties":{"landuse":"farmland"},"geometry":{"type":"Polygon","coordinates":[[[16.2373,39.5046],[16.2374,39.5056],[16.2356,39.5049],[16.2373,39.5046]]]}},{"type":"Feature","properties":{"landuse":"farmland"},"geometry":{"type":"Polygon","coordinates":[[[16.238,39.5037],[16.2398,39.503],[16.2373,39.5042],[16.238,39.5037]]]}},{"type":"Feature","properties":{"landuse":"orchard"},"geometry":{"type":"Polygon","coordinates":[[[16.2405,39.5093],[16.2433,39.5093],[16.2413,39.5099],[16.2405,39.5093]]]}},{"type":"Feature","properties":{"landuse":"farmland"},"geometry":{"type":"Polygon","coordinates":[[[16.243,39.5089],[16.24,39.5089],[16.2425,39.5082],[16.243,39.5089]]]}},{"type":"Feature","properties":{"landuse":"farmland"},"geometry":{"type":"Polygon","coordinates":[[[16.2426,39.5097],[16.2448,39.511],[16.2441,39.5113],[16.2426,39.5097]]]}},{"type":"Feature","properties":{"landuse":"farmland"},"geometry":{"type":"Polygon","coordinates":[[[16.2439,39.4928],[16.2468,39.4944],[16.2438,39.4939],[16.2439,39.4928]]]}},{"type":"Feature","properties":{"landuse":"farmland"},"geometry":{"type":"Polygon","coordinates":[[[16.2297,39.4947],[16.2281,39.4937],[16.23,39.4931],[16.2297,39.4947]]]}},{"type":"Feature","properties":{"landuse":"farmland"},"geometry":{"type":"Polygon","coordinates":[[[16.2364,39.4994],[16.2373,39.4995],[16.2374,39.5009],[16.2364,39.4994]]]}},{"type":"Feature","properties":{"landuse":"farmland"},"geometry":{"type":"Polygon","coordinates":[[[16.2361,39.4926],[16.2369,39.4907],[16.2371,39.4925],[16.2361,39.4926]]]}},{"type":"Feature","properties":{"landuse":"farmland"},"geometry":{"type":"Polygon","coordinates":[[[16.1436,39.7201],[16.1434,39.7145],[16.1461,39.7189],[16.1436,39.7201]]]}},{"type":"Feature","properties":{"landuse":"farmland"},"geometry":{"type":"Polygon","coordinates":[[[16.1431,39.7193],[16.138,39.7153],[16.1423,39.7123],[16.1431,39.7193]]]}},{"type":"Feature","properties":{"landuse":"orchard"},"geometry":{"type":"Polygon","coordinates":[[[16.1437,39.702],[16.1449,39.7004],[16.1446,39.7028],[16.1437,39.702]]]}},{"type":"Feature","properties":{"landuse":"farmland"},"geometry":{"type":"Polygon","coordinates":[[[16.1419,39.7106],[16.1382,39.7109],[16.1384,39.71],[16.1419,39.7106]]]}},{"type":"Feature","properties":{"landuse":"farmland"},"geometry":{"type":"Polygon","coordinates":[[[16.1439,39.7097],[16.1351,39.7078],[16.143,39.7074],[16.1439,39.7097]]]}},{"type":"Feature","properties":{"landuse":"orchard"},"geometry":{"type":"Polygon","coordinates":[[[16.1319,39.7137],[16.1324,39.7125],[16.1335,39.7138],[16.1319,39.7137]]]}},{"type":"Feature","properties":{"landuse":"orchard"},"geometry":{"type":"Polygon","coordinates":[[[16.1301,39.7129],[16.1283,39.7141],[16.1278,39.7126],[16.1301,39.7129]]]}},{"type":"Feature","properties":{"landuse":"orchard"},"geometry":{"type":"Polygon","coordinates":[[[16.1311,39.714],[16.1332,39.7143],[16.1319,39.7153],[16.1311,39.714]]]}},{"type":"Feature","properties":{"landuse":"farmland"},"geometry":{"type":"Polygon","coordinates":[[[16.1266,39.7171],[16.1267,39.7159],[16.1281,39.7155],[16.1266,39.7171]]]}},{"type":"Feature","properties":{"landuse":"orchard"},"geometry":{"type":"Polygon","coordinates":[[[16.1315,39.7188],[16.1331,39.7178],[16.1345,39.7184],[16.1315,39.7188]]]}},{"type":"Feature","properties":{"landuse":"orchard"},"geometry":{"type":"Polygon","coordinates":[[[16.1312,39.7187],[16.1304,39.7178],[16.1337,39.7166],[16.1312,39.7187]]]}},{"type":"Feature","properties":{"landuse":"orchard"},"geometry":{"type":"Polygon","coordinates":[[[16.1285,39.7195],[16.131,39.7192],[16.1299,39.7205],[16.1285,39.7195]]]}},{"type":"Feature","properties":{"landuse":"farmland"},"geometry":{"type":"Polygon","coordinates":[[[16.1184,39.7269],[16.1199,39.724],[16.1209,39.7261],[16.1184,39.7269]]]}},{"type":"Feature","properties":{"landuse":"farmland"},"geometry":{"type":"Polygon","coordinates":[[[16.1186,39.7276],[16.1208,39.7272],[16.118,39.7286],[16.1186,39.7276]]]}},{"type":"Feature","properties":{"landuse":"orchard"},"geometry":{"type":"Polygon","coordinates":[[[16.1216,39.7352],[16.1229,39.7341],[16.1229,39.7355],[16.1216,39.7352]]]}},{"type":"Feature","properties":{"landuse":"orchard"},"geometry":{"type":"Polygon","coordinates":[[[16.1178,39.7419],[16.118,39.7437],[16.1164,39.7433],[16.1178,39.7419]]]}},{"type":"Feature","properties":{"landuse":"farmland"},"geometry":{"type":"Polygon","coordinates":[[[16.2525,39.4988],[16.2517,39.4969],[16.2542,39.4978],[16.2525,39.4988]]]}},{"type":"Feature","properties":{"landuse":"orchard"},"geometry":{"type":"Polygon","coordinates":[[[16.2542,39.4974],[16.2566,39.4962],[16.2559,39.4976],[16.2542,39.4974]]]}},{"type":"Feature","properties":{"landuse":"farmland"},"geometry":{"type":"Polygon","coordinates":[[[16.22,39.4885],[16.2233,39.4877],[16.2237,39.4884],[16.22,39.4885]]]}},{"type":"Feature","properties":{"landuse":"farmland"},"geometry":{"type":"Polygon","coordinates":[[[16.2246,39.4915],[16.2273,39.4927],[16.2243,39.4934],[16.2246,39.4915]]]}},{"type":"Feature","properties":{"landuse":"farmland"},"geometry":{"type":"Polygon","coordinates":[[[16.2263,39.492],[16.2282,39.4909],[16.2282,39.4924],[16.2263,39.492]]]}},{"type":"Feature","properties":{"landuse":"farmland"},"geometry":{"type":"Polygon","coordinates":[[[16.2525,39.4924],[16.2454,39.4902],[16.25,39.4906],[16.2525,39.4924]]]}},{"type":"Feature","properties":{"landuse":"orchard"},"geometry":{"type":"Polygon","coordinates":[[[16.2621,39.5161],[16.2659,39.5141],[16.259,39.5144],[16.2668,39.5137],[16.2621,39.5161]]]}},{"type":"Feature","properties":{"landuse":"orchard"},"geometry":{"type":"Polygon","coordinates":[[[16.2658,39.5127],[16.268,39.5124],[16.2672,39.5138],[16.2658,39.5127]]]}},{"type":"Feature","properties":{"landuse":"orchard"},"geometry":{"type":"Polygon","coordinates":[[[16.2672,39.5139],[16.2683,39.5124],[16.2683,39.514],[16.2672,39.5139]]]}},{"type":"Feature","properties":{"landuse":"farmland"},"geometry":{"type":"Polygon","coordinates":[[[16.2544,39.4896],[16.2588,39.4903],[16.2553,39.4919],[16.2544,39.4896]]]}},{"type":"Feature","properties":{"landuse":"farmland"},"geometry":{"type":"Polygon","coordinates":[[[16.2544,39.4895],[16.2541,39.4871],[16.2594,39.4901],[16.2544,39.4895]]]}},{"type":"Feature","properties":{"landuse":"farmland"},"geometry":{"type":"Polygon","coordinates":[[[16.2486,39.4866],[16.2499,39.4875],[16.2491,39.488],[16.2486,39.4866]]]}},{"type":"Feature","properties":{"landuse":"farmland"},"geometry":{"type":"Polygon","coordinates":[[[16.2636,39.4916],[16.2608,39.4919],[16.263,39.4901],[16.2636,39.4916]]]}},{"type":"Feature","properties":{"landuse":"farmland"},"geometry":{"type":"Polygon","coordinates":[[[16.2446,39.483],[16.2551,39.4824],[16.2547,39.4841],[16.2446,39.483]]]}},{"type":"Feature","properties":{"landuse":"farmland"},"geometry":{"type":"Polygon","coordinates":[[[16.2544,39.4846],[16.2618,39.4821],[16.2629,39.4849],[16.2544,39.4846]]]}},{"type":"Feature","properties":{"landuse":"farmland"},"geometry":{"type":"Polygon","coordinates":[[[16.2542,39.4908],[16.2524,39.4895],[16.2542,39.4896],[16.2542,39.4908]]]}},{"type":"Feature","properties":{"landuse":"farmland"},"geometry":{"type":"Polygon","coordinates":[[[16.2553,39.4919],[16.2579,39.491],[16.2573,39.4923],[16.2553,39.4919]]]}},{"type":"Feature","properties":{"landuse":"orchard"},"geometry":{"type":"Polygon","coordinates":[[[16.1185,39.7077],[16.1193,39.7076],[16.1203,39.7106],[16.1185,39.7077]]]}},{"type":"Feature","properties":{"landuse":"farmland"},"geometry":{"type":"Polygon","coordinates":[[[16.1141,39.7113],[16.1135,39.7141],[16.1129,39.7112],[16.1141,39.7113]]]}},{"type":"Feature","properties":{"landuse":"farmland"},"geometry":{"type":"Polygon","coordinates":[[[16.1093,39.7091],[16.1091,39.7081],[16.1145,39.7083],[16.1093,39.7091]]]}},{"type":"Feature","properties":{"landuse":"farmland"},"geometry":{"type":"Polygon","coordinates":[[[16.2439,39.5303],[16.2489,39.527],[16.2462,39.5325],[16.2439,39.5303]]]}},{"type":"Feature","properties":{"landuse":"farmland"},"geometry":{"type":"Polygon","coordinates":[[[16.2406,39.5313],[16.2435,39.5294],[16.2434,39.5317],[16.2406,39.5313]]]}},{"type":"Feature","properties":{"landuse":"farmland"},"geometry":{"type":"Polygon","coordinates":[[[16.2384,39.5303],[16.2399,39.53],[16.2389,39.5318],[16.2384,39.5303]]]}},{"type":"Feature","properties":{"landuse":"farmland"},"geometry":{"type":"Polygon","coordinates":[[[16.2434,39.5186],[16.2451,39.5197],[16.2437,39.5206],[16.2434,39.5186]]]}},{"type":"Feature","properties":{"landuse":"farmland"},"geometry":{"type":"Polygon","coordinates":[[[16.2523,39.5402],[16.2484,39.5381],[16.2569,39.5374],[16.2523,39.5402]]]}},{"type":"Feature","properties":{"landuse":"vineyard"},"geometry":{"type":"Polygon","coordinates":[[[16.2513,39.5372],[16.2546,39.5358],[16.2559,39.5374],[16.2513,39.5372]]]}},{"type":"Feature","properties":{"landuse":"farmland"},"geometry":{"type":"Polygon","coordinates":[[[16.249,39.5423],[16.2474,39.5393],[16.2524,39.5403],[16.249,39.5423]]]}},{"type":"Feature","properties":{"landuse":"farmland"},"geometry":{"type":"Polygon","coordinates":[[[16.2343,39.5159],[16.2385,39.5144],[16.2365,39.5168],[16.2343,39.5159]]]}},{"type":"Feature","properties":{"landuse":"farmland"},"geometry":{"type":"Polygon","coordinates":[[[16.2373,39.5168],[16.2392,39.5153],[16.2394,39.5159],[16.2373,39.5168]]]}},{"type":"Feature","properties":{"landuse":"orchard"},"geometry":{"type":"Polygon","coordinates":[[[16.5452,38.421],[16.5444,38.42],[16.5458,38.4196],[16.5452,38.421]]]}},{"type":"Feature","properties":{"landuse":"orchard"},"geometry":{"type":"Polygon","coordinates":[[[16.5629,38.4253],[16.5626,38.4241],[16.5665,38.4242],[16.5629,38.4253]]]}},{"type":"Feature","properties":{"landuse":"orchard"},"geometry":{"type":"Polygon","coordinates":[[[16.5671,38.4252],[16.5631,38.4262],[16.5629,38.4254],[16.5671,38.4252]]]}},{"type":"Feature","properties":{"landuse":"farmland"},"geometry":{"type":"Polygon","coordinates":[[[16.5628,38.4253],[16.56,38.4258],[16.5623,38.4242],[16.5628,38.4253]]]}},{"type":"Feature","properties":{"landuse":"farmland"},"geometry":{"type":"Polygon","coordinates":[[[16.2683,39.493],[16.2714,39.4925],[16.2714,39.4943],[16.2683,39.493]]]}},{"type":"Feature","properties":{"landuse":"farmland"},"geometry":{"type":"Polygon","coordinates":[[[16.2703,39.4954],[16.2703,39.4943],[16.2714,39.4943],[16.2703,39.4954]]]}},{"type":"Feature","properties":{"landuse":"farmland"},"geometry":{"type":"Polygon","coordinates":[[[16.2686,39.4943],[16.2702,39.4943],[16.2702,39.4955],[16.2686,39.4943]]]}},{"type":"Feature","properties":{"landuse":"farmland"},"geometry":{"type":"Polygon","coordinates":[[[16.252,39.5015],[16.2503,39.5036],[16.2506,39.5015],[16.252,39.5015]]]}},{"type":"Feature","properties":{"landuse":"farmland"},"geometry":{"type":"Polygon","coordinates":[[[16.5115,38.4428],[16.51,38.4424],[16.5111,38.4412],[16.5115,38.4428]]]}},{"type":"Feature","properties":{"landuse":"farmland"},"geometry":{"type":"Polygon","coordinates":[[[16.5085,38.4411],[16.5078,38.4425],[16.5067,38.4425],[16.5085,38.4411]]]}},{"type":"Feature","properties":{"landuse":"farmland"},"geometry":{"type":"Polygon","coordinates":[[[16.5268,38.4373],[16.5233,38.4383],[16.5253,38.4367],[16.5268,38.4373]]]}},{"type":"Feature","properties":{"landuse":"farmland"},"geometry":{"type":"Polygon","coordinates":[[[16.531,38.4723],[16.532,38.4716],[16.5339,38.4738],[16.531,38.4723]]]}},{"type":"Feature","properties":{"landuse":"orchard"},"geometry":{"type":"Polygon","coordinates":[[[16.5347,38.4751],[16.5367,38.4739],[16.5358,38.4757],[16.5347,38.4751]]]}},{"type":"Feature","properties":{"landuse":"farmland"},"geometry":{"type":"Polygon","coordinates":[[[16.5404,38.4741],[16.5417,38.4724],[16.5413,38.4744],[16.5404,38.4741]]]}},{"type":"Feature","properties":{"landuse":"farmland"},"geometry":{"type":"Polygon","coordinates":[[[16.5424,38.4759],[16.5415,38.4744],[16.5429,38.4741],[16.5424,38.4759]]]}},{"type":"Feature","properties":{"landuse":"orchard"},"geometry":{"type":"Polygon","coordinates":[[[16.5482,38.4723],[16.5502,38.4737],[16.5482,38.4748],[16.5482,38.4723]]]}},{"type":"Feature","properties":{"landuse":"farmland"},"geometry":{"type":"Polygon","coordinates":[[[16.5501,38.4765],[16.5484,38.4749],[16.551,38.4759],[16.5501,38.4765]]]}},{"type":"Feature","properties":{"landuse":"orchard"},"geometry":{"type":"Polygon","coordinates":[[[16.5468,38.4809],[16.5451,38.4817],[16.5463,38.4797],[16.5468,38.4809]]]}},{"type":"Feature","properties":{"landuse":"farmland"},"geometry":{"type":"Polygon","coordinates":[[[16.2256,39.5092],[16.2281,39.5082],[16.227,39.5103],[16.2256,39.5092]]]}},{"type":"Feature","properties":{"landuse":"farmland"},"geometry":{"type":"Polygon","coordinates":[[[16.2265,39.4951],[16.226,39.4938],[16.2279,39.4932],[16.2265,39.4951]]]}},{"type":"Feature","properties":{"landuse":"farmland"},"geometry":{"type":"Polygon","coordinates":[[[16.2356,39.4949],[16.2371,39.4937],[16.2371,39.4949],[16.2356,39.4949]]]}},{"type":"Feature","properties":{"landuse":"farmland"},"geometry":{"type":"Polygon","coordinates":[[[16.2371,39.4937],[16.2354,39.4939],[16.2355,39.4927],[16.2371,39.4937]]]}},{"type":"Feature","properties":{"landuse":"farmland"},"geometry":{"type":"Polygon","coordinates":[[[16.2371,39.4936],[16.2378,39.4948],[16.2371,39.4949],[16.2371,39.4936]]]}},{"type":"Feature","properties":{"landuse":"farmland"},"geometry":{"type":"Polygon","coordinates":[[[16.241,39.4945],[16.2397,39.4939],[16.2424,39.4939],[16.241,39.4945]]]}},{"type":"Feature","properties":{"landuse":"farmland"},"geometry":{"type":"Polygon","coordinates":[[[16.2397,39.4936],[16.2399,39.4926],[16.2426,39.4935],[16.2397,39.4936]]]}},{"type":"Feature","properties":{"landuse":"farmland"},"geometry":{"type":"Polygon","coordinates":[[[16.2166,39.5173],[16.22,39.5192],[16.2167,39.5192],[16.2166,39.5173]]]}},{"type":"Feature","properties":{"landuse":"farmland"},"geometry":{"type":"Polygon","coordinates":[[[16.2181,39.5193],[16.2207,39.5206],[16.2185,39.5219],[16.2181,39.5193]]]}},{"type":"Feature","properties":{"landuse":"farmland"},"geometry":{"type":"Polygon","coordinates":[[[16.218,39.5193],[16.2182,39.522],[16.2165,39.5212],[16.218,39.5193]]]}},{"type":"Feature","properties":{"landuse":"farmland"},"geometry":{"type":"Polygon","coordinates":[[[16.2181,39.5152],[16.2229,39.5139],[16.2256,39.5172],[16.2236,39.5221],[16.2181,39.5152]]]}},{"type":"Feature","properties":{"landuse":"vineyard"},"geometry":{"type":"Polygon","coordinates":[[[16.2241,39.5225],[16.2257,39.5176],[16.2272,39.5188],[16.2241,39.5225]]]}},{"type":"Feature","properties":{"landuse":"vineyard"},"geometry":{"type":"Polygon","coordinates":[[[16.224,39.5226],[16.2274,39.5191],[16.2293,39.5212],[16.224,39.5226]]]}},{"type":"Feature","properties":{"landuse":"farmland"},"geometry":{"type":"Polygon","coordinates":[[[16.2152,39.5162],[16.2165,39.5168],[16.2163,39.5206],[16.2152,39.5162]]]}},{"type":"Feature","properties":{"landuse":"farmland"},"geometry":{"type":"Polygon","coordinates":[[[16.2111,39.5147],[16.2147,39.5155],[16.2115,39.5162],[16.2111,39.5147]]]}},{"type":"Feature","properties":{"landuse":"farmland"},"geometry":{"type":"Polygon","coordinates":[[[16.2126,39.5144],[16.2111,39.5147],[16.2108,39.5138],[16.2123,39.5135],[16.2126,39.5144]]]}},{"type":"Feature","properties":{"landuse":"farmland"},"geometry":{"type":"Polygon","coordinates":[[[16.2108,39.5138],[16.212,39.5124],[16.2123,39.5135],[16.2108,39.5138]]]}},{"type":"Feature","properties":{"landuse":"farmland"},"geometry":{"type":"Polygon","coordinates":[[[16.212,39.5124],[16.2105,39.5127],[16.2104,39.5115],[16.212,39.5124]]]}},{"type":"Feature","properties":{"landuse":"farmland"},"geometry":{"type":"Polygon","coordinates":[[[16.2118,39.517],[16.2147,39.5162],[16.215,39.5213],[16.2118,39.517]]]}},{"type":"Feature","properties":{"landuse":"farmland"},"geometry":{"type":"Polygon","coordinates":[[[16.2332,39.5022],[16.2338,39.5034],[16.232,39.5036],[16.2332,39.5022]]]}},{"type":"Feature","properties":{"landuse":"farmland"},"geometry":{"type":"Polygon","coordinates":[[[16.231,39.5376],[16.2289,39.5342],[16.2341,39.5356],[16.231,39.5376]]]}},{"type":"Feature","properties":{"landuse":"vineyard"},"geometry":{"type":"Polygon","coordinates":[[[16.3054,39.5014],[16.3051,39.5001],[16.3073,39.5002],[16.3054,39.5014]]]}},{"type":"Feature","properties":{"landuse":"vineyard"},"geometry":{"type":"Polygon","coordinates":[[[16.3058,39.5022],[16.3078,39.5007],[16.3095,39.5018],[16.3058,39.5022]]]}},{"type":"Feature","properties":{"landuse":"vineyard"},"geometry":{"type":"Polygon","coordinates":[[[16.3078,39.5007],[16.3067,39.4991],[16.3108,39.5008],[16.3078,39.5007]]]}},{"type":"Feature","properties":{"landuse":"vineyard"},"geometry":{"type":"Polygon","coordinates":[[[16.3125,39.4984],[16.3141,39.4993],[16.3123,39.5005],[16.3125,39.4984]]]}},{"type":"Feature","properties":{"landuse":"vineyard"},"geometry":{"type":"Polygon","coordinates":[[[16.313,39.5008],[16.3167,39.4994],[16.3163,39.5014],[16.313,39.5008]]]}},{"type":"Feature","properties":{"landuse":"orchard"},"geometry":{"type":"Polygon","coordinates":[[[16.3106,39.4994],[16.3096,39.4991],[16.3123,39.5003],[16.3106,39.4994]]]}},{"type":"Feature","properties":{"landuse":"orchard"},"geometry":{"type":"Polygon","coordinates":[[[16.4495,39.6714],[16.4492,39.6703],[16.4511,39.6715],[16.4495,39.6714]]]}},{"type":"Feature","properties":{"landuse":"farmland"},"geometry":{"type":"Polygon","coordinates":[[[16.4492,39.6703],[16.4509,39.6702],[16.4511,39.6708],[16.4492,39.6703]]]}},{"type":"Feature","properties":{"landuse":"farmland"},"geometry":{"type":"Polygon","coordinates":[[[16.2488,39.4923],[16.25,39.4938],[16.2487,39.4941],[16.2488,39.4923]]]}},{"type":"Feature","properties":{"landuse":"orchard"},"geometry":{"type":"Polygon","coordinates":[[[16.2651,39.512],[16.2618,39.5106],[16.2698,39.5108],[16.2651,39.512]]]}},{"type":"Feature","properties":{"landuse":"orchard"},"geometry":{"type":"Polygon","coordinates":[[[16.2604,39.5107],[16.2593,39.5084],[16.2646,39.5074],[16.2604,39.5107]]]}},{"type":"Feature","properties":{"landuse":"orchard"},"geometry":{"type":"Polygon","coordinates":[[[16.2648,39.5077],[16.2665,39.5049],[16.2719,39.5091],[16.2648,39.5077]]]}},{"type":"Feature","properties":{"landuse":"orchard"},"geometry":{"type":"Polygon","coordinates":[[[16.2658,39.5087],[16.2719,39.51],[16.2698,39.5103],[16.2658,39.5087]]]}},{"type":"Feature","properties":{"landuse":"orchard"},"geometry":{"type":"Polygon","coordinates":[[[16.2722,39.5085],[16.2735,39.5116],[16.2699,39.5109],[16.2722,39.5085]]]}},{"type":"Feature","properties":{"landuse":"orchard"},"geometry":{"type":"Polygon","coordinates":[[[16.2617,39.5106],[16.2639,39.5113],[16.2621,39.5117],[16.2617,39.5106]]]}},{"type":"Feature","properties":{"landuse":"orchard"},"geometry":{"type":"Polygon","coordinates":[[[16.2754,39.5084],[16.2769,39.512],[16.2749,39.5108],[16.2754,39.5084]]]}},{"type":"Feature","properties":{"landuse":"farmland"},"geometry":{"type":"Polygon","coordinates":[[[16.2768,39.5084],[16.2783,39.5109],[16.2774,39.5122],[16.2758,39.5089],[16.2768,39.5084]]]}},{"type":"Feature","properties":{"landuse":"farmland"},"geometry":{"type":"Polygon","coordinates":[[[16.2783,39.5114],[16.2796,39.512],[16.2787,39.5128],[16.2783,39.5114]]]}},{"type":"Feature","properties":{"landuse":"farmland"},"geometry":{"type":"Polygon","coordinates":[[[16.2614,39.5169],[16.263,39.5171],[16.2615,39.5178],[16.2614,39.5169]]]}},{"type":"Feature","properties":{"landuse":"orchard"},"geometry":{"type":"Polygon","coordinates":[[[16.2652,39.5166],[16.2638,39.518],[16.2635,39.517],[16.2652,39.5166]]]}},{"type":"Feature","properties":{"landuse":"farmland"},"geometry":{"type":"Polygon","coordinates":[[[16.2652,39.5166],[16.2667,39.5168],[16.266,39.5179],[16.2652,39.5166]]]}},{"type":"Feature","properties":{"landuse":"farmland"},"geometry":{"type":"Polygon","coordinates":[[[16.2474,39.5376],[16.2436,39.5425],[16.2447,39.5362],[16.2474,39.5376]]]}},{"type":"Feature","properties":{"landuse":"farmland"},"geometry":{"type":"Polygon","coordinates":[[[16.244,39.5426],[16.2463,39.5421],[16.2435,39.5458],[16.244,39.5426]]]}},{"type":"Feature","properties":{"landuse":"farmland"},"geometry":{"type":"Polygon","coordinates":[[[16.2399,39.5439],[16.2434,39.5425],[16.2421,39.5492],[16.239,39.5489],[16.2417,39.5432],[16.2399,39.5439]]]}},{"type":"Feature","properties":{"landuse":"orchard"},"geometry":{"type":"Polygon","coordinates":[[[16.2437,39.5457],[16.2457,39.5445],[16.2451,39.546],[16.2437,39.5457]]]}},{"type":"Feature","properties":{"landuse":"farmland"},"geometry":{"type":"Polygon","coordinates":[[[16.2402,39.5422],[16.2437,39.5357],[16.2436,39.5425],[16.2402,39.5422]]]}},{"type":"Feature","properties":{"landuse":"farmland"},"geometry":{"type":"Polygon","coordinates":[[[16.2691,39.5069],[16.2673,39.5056],[16.2694,39.505],[16.2691,39.5069]]]}},{"type":"Feature","properties":{"landuse":"orchard"},"geometry":{"type":"Polygon","coordinates":[[[16.2787,39.5083],[16.2778,39.51],[16.2772,39.5085],[16.2787,39.5083]]]}},{"type":"Feature","properties":{"landuse":"green_public_spaces"},"geometry":{"type":"Polygon","coordinates":[[[16.6203,40.0998],[16.6187,40.0979],[16.6213,40.0994],[16.6203,40.0998]]]}},{"type":"Feature","properties":{"landuse":"orchard"},"geometry":{"type":"Polygon","coordinates":[[[16.2645,39.5037],[16.2652,39.5054],[16.2636,39.5038],[16.2645,39.5037]]]}},{"type":"Feature","properties":{"landuse":"farmland"},"geometry":{"type":"Polygon","coordinates":[[[16.2659,39.5035],[16.2678,39.5044],[16.2668,39.5048],[16.2659,39.5035]]]}},{"type":"Feature","properties":{"landuse":"farmland"},"geometry":{"type":"Polygon","coordinates":[[[16.262,39.5055],[16.2628,39.5039],[16.2645,39.5056],[16.262,39.5055]]]}},{"type":"Feature","properties":{"landuse":"farmland"},"geometry":{"type":"Polygon","coordinates":[[[16.2593,39.5047],[16.2619,39.5041],[16.2608,39.5056],[16.2593,39.5047]]]}},{"type":"Feature","properties":{"landuse":"farmland"},"geometry":{"type":"Polygon","coordinates":[[[16.2582,39.4911],[16.2589,39.4905],[16.2589,39.4917],[16.2582,39.4911]]]}},{"type":"Feature","properties":{"landuse":"orchard"},"geometry":{"type":"Polygon","coordinates":[[[16.258,39.4996],[16.2593,39.4988],[16.2592,39.4996],[16.258,39.4996]]]}},{"type":"Feature","properties":{"landuse":"farmland"},"geometry":{"type":"Polygon","coordinates":[[[16.2493,39.5028],[16.249,39.5017],[16.2507,39.5013],[16.2493,39.5028]]]}},{"type":"Feature","properties":{"landuse":"farmland"},"geometry":{"type":"Polygon","coordinates":[[[16.252,39.5014],[16.2491,39.5001],[16.2518,39.499],[16.252,39.5014]]]}},{"type":"Feature","properties":{"landuse":"orchard"},"geometry":{"type":"Polygon","coordinates":[[[16.2609,39.4969],[16.2583,39.4962],[16.2615,39.4956],[16.2609,39.4969]]]}},{"type":"Feature","properties":{"landuse":"farmland"},"geometry":{"type":"Polygon","coordinates":[[[16.2609,39.4969],[16.26,39.4987],[16.2593,39.4967],[16.2609,39.4969]]]}},{"type":"Feature","properties":{"landuse":"orchard"},"geometry":{"type":"Polygon","coordinates":[[[16.2698,39.4896],[16.2708,39.4894],[16.2706,39.4911],[16.2698,39.4896]]]}},{"type":"Feature","properties":{"landuse":"orchard"},"geometry":{"type":"Polygon","coordinates":[[[16.2715,39.4935],[16.2737,39.4912],[16.2741,39.4939],[16.2715,39.4935]]]}},{"type":"Feature","properties":{"landuse":"farmland"},"geometry":{"type":"Polygon","coordinates":[[[16.273,39.4943],[16.2743,39.4945],[16.2715,39.4953],[16.273,39.4943]]]}},{"type":"Feature","properties":{"landuse":"orchard"},"geometry":{"type":"Polygon","coordinates":[[[16.2749,39.4926],[16.2762,39.4914],[16.2773,39.4933],[16.2749,39.4926]]]}},{"type":"Feature","properties":{"landuse":"farmland"},"geometry":{"type":"Polygon","coordinates":[[[16.2767,39.4921],[16.2779,39.4919],[16.2773,39.4933],[16.2767,39.4921]]]}},{"type":"Feature","properties":{"landuse":"farmland"},"geometry":{"type":"Polygon","coordinates":[[[16.2764,39.4941],[16.275,39.4941],[16.2766,39.4935],[16.2764,39.4941]]]}},{"type":"Feature","properties":{"landuse":"farmland"},"geometry":{"type":"Polygon","coordinates":[[[16.2667,39.4927],[16.266,39.495],[16.2637,39.4946],[16.2667,39.4927]]]}},{"type":"Feature","properties":{"landuse":"farmland"},"geometry":{"type":"Polygon","coordinates":[[[16.2675,39.4929],[16.2676,39.4947],[16.266,39.4948],[16.2675,39.4929]]]}},{"type":"Feature","properties":{"landuse":"orchard"},"geometry":{"type":"Polygon","coordinates":[[[16.2644,39.4983],[16.2665,39.4978],[16.2651,39.4992],[16.2644,39.4983]]]}},{"type":"Feature","properties":{"landuse":"farmland"},"geometry":{"type":"Polygon","coordinates":[[[16.266,39.4973],[16.2683,39.4977],[16.2669,39.5002],[16.2636,39.4989],[16.266,39.4973]]]}},{"type":"Feature","properties":{"landuse":"farmland"},"geometry":{"type":"Polygon","coordinates":[[[16.2637,39.5002],[16.2632,39.4991],[16.2647,39.4994],[16.2637,39.5002]]]}},{"type":"Feature","properties":{"landuse":"orchard"},"geometry":{"type":"Polygon","coordinates":[[[16.2671,39.502],[16.2666,39.5007],[16.2686,39.5022],[16.2671,39.502]]]}},{"type":"Feature","properties":{"landuse":"farmland"},"geometry":{"type":"Polygon","coordinates":[[[16.2349,39.5199],[16.2369,39.5233],[16.2348,39.5231],[16.2349,39.5199]]]}},{"type":"Feature","properties":{"landuse":"farmland"},"geometry":{"type":"Polygon","coordinates":[[[16.2352,39.5238],[16.2368,39.5233],[16.236,39.5246],[16.2352,39.5238]]]}},{"type":"Feature","properties":{"landuse":"farmland"},"geometry":{"type":"Polygon","coordinates":[[[16.2291,39.5127],[16.2313,39.5132],[16.2285,39.5147],[16.2291,39.5127]]]}},{"type":"Feature","properties":{"landuse":"farmland"},"geometry":{"type":"Polygon","coordinates":[[[16.23,39.5186],[16.2321,39.516],[16.2326,39.5174],[16.23,39.5186]]]}},{"type":"Feature","properties":{"landuse":"farmland"},"geometry":{"type":"Polygon","coordinates":[[[16.2298,39.5146],[16.2327,39.5141],[16.2297,39.5166],[16.2298,39.5146]]]}},{"type":"Feature","properties":{"landuse":"farmland"},"geometry":{"type":"Polygon","coordinates":[[[16.2304,39.5144],[16.2321,39.5131],[16.2336,39.5139],[16.2304,39.5144]]]}},{"type":"Feature","properties":{"landuse":"farmland"},"geometry":{"type":"Polygon","coordinates":[[[16.2756,39.4904],[16.2745,39.4901],[16.2761,39.4896],[16.2756,39.4904]]]}},{"type":"Feature","properties":{"landuse":"farmland"},"geometry":{"type":"Polygon","coordinates":[[[16.2751,39.4913],[16.2751,39.4906],[16.2776,39.4912],[16.2751,39.4913]]]}},{"type":"Feature","properties":{"landuse":"farmland"},"geometry":{"type":"Polygon","coordinates":[[[16.2715,39.4904],[16.2733,39.4877],[16.2743,39.4901],[16.2715,39.4904]]]}},{"type":"Feature","properties":{"landuse":"farmland"},"geometry":{"type":"Polygon","coordinates":[[[16.2784,39.4898],[16.2763,39.4903],[16.2768,39.4875],[16.2784,39.4898]]]}},{"type":"Feature","properties":{"landuse":"farmland"},"geometry":{"type":"Polygon","coordinates":[[[16.2821,39.4981],[16.2807,39.4997],[16.2824,39.497],[16.2821,39.4981]]]}},{"type":"Feature","properties":{"landuse":"farmland"},"geometry":{"type":"Polygon","coordinates":[[[16.2822,39.4978],[16.2832,39.4995],[16.2821,39.4996],[16.2822,39.4978]]]}},{"type":"Feature","properties":{"landuse":"orchard"},"geometry":{"type":"Polygon","coordinates":[[[16.2785,39.4985],[16.2794,39.496],[16.2796,39.4981],[16.2785,39.4985]]]}},{"type":"Feature","properties":{"landuse":"orchard"},"geometry":{"type":"Polygon","coordinates":[[[16.2809,39.4983],[16.2798,39.4981],[16.2798,39.496],[16.2809,39.4983]]]}},{"type":"Feature","properties":{"landuse":"orchard"},"geometry":{"type":"Polygon","coordinates":[[[16.2778,39.4963],[16.277,39.4953],[16.2793,39.4944],[16.2778,39.4963]]]}},{"type":"Feature","properties":{"landuse":"orchard"},"geometry":{"type":"Polygon","coordinates":[[[16.2843,39.4909],[16.283,39.4901],[16.2857,39.4888],[16.2843,39.4909]]]}},{"type":"Feature","properties":{"landuse":"orchard"},"geometry":{"type":"Polygon","coordinates":[[[16.2843,39.4918],[16.2855,39.4891],[16.2856,39.4907],[16.2843,39.4918]]]}},{"type":"Feature","properties":{"landuse":"orchard"},"geometry":{"type":"Polygon","coordinates":[[[16.285,39.4887],[16.2869,39.4885],[16.287,39.4906],[16.285,39.4887]]]}},{"type":"Feature","properties":{"landuse":"orchard"},"geometry":{"type":"Polygon","coordinates":[[[16.2798,39.5079],[16.2783,39.5072],[16.2832,39.5074],[16.2798,39.5079]]]}},{"type":"Feature","properties":{"landuse":"orchard"},"geometry":{"type":"Polygon","coordinates":[[[16.2845,39.506],[16.2845,39.5047],[16.2862,39.5058],[16.2845,39.506]]]}},{"type":"Feature","properties":{"landuse":"orchard"},"geometry":{"type":"Polygon","coordinates":[[[16.1853,39.6728],[16.1871,39.6701],[16.1863,39.673],[16.1853,39.6728]]]}},{"type":"Feature","properties":{"landuse":"orchard"},"geometry":{"type":"Polygon","coordinates":[[[16.194,39.6694],[16.1927,39.6689],[16.194,39.6683],[16.194,39.6694]]]}},{"type":"Feature","properties":{"landuse":"farmland"},"geometry":{"type":"Polygon","coordinates":[[[16.1938,39.6672],[16.1987,39.6676],[16.1975,39.6682],[16.1938,39.6672]]]}},{"type":"Feature","properties":{"landuse":"orchard"},"geometry":{"type":"Polygon","coordinates":[[[16.1664,39.7472],[16.1664,39.7452],[16.173,39.7466],[16.1664,39.7472]]]}},{"type":"Feature","properties":{"landuse":"farmland"},"geometry":{"type":"Polygon","coordinates":[[[16.1743,39.7432],[16.1668,39.743],[16.1687,39.7425],[16.1743,39.7432]]]}},{"type":"Feature","properties":{"landuse":"farmland"},"geometry":{"type":"Polygon","coordinates":[[[16.175,39.7459],[16.1769,39.7438],[16.1763,39.7458],[16.175,39.7459]]]}},{"type":"Feature","properties":{"landuse":"farmland"},"geometry":{"type":"Polygon","coordinates":[[[16.176,39.7481],[16.1752,39.7462],[16.1775,39.7459],[16.176,39.7481]]]}},{"type":"Feature","properties":{"landuse":"orchard"},"geometry":{"type":"Polygon","coordinates":[[[16.1688,39.75],[16.1636,39.7526],[16.1665,39.7493],[16.1688,39.75]]]}},{"type":"Feature","properties":{"landuse":"orchard"},"geometry":{"type":"Polygon","coordinates":[[[16.1718,39.7487],[16.1694,39.7497],[16.1681,39.7487],[16.1718,39.7487]]]}},{"type":"Feature","properties":{"landuse":"orchard"},"geometry":{"type":"Polygon","coordinates":[[[16.166,39.745],[16.1663,39.7463],[16.1647,39.7457],[16.166,39.745]]]}},{"type":"Feature","properties":{"landuse":"orchard"},"geometry":{"type":"Polygon","coordinates":[[[16.1737,39.7451],[16.1592,39.7453],[16.1636,39.7433],[16.1737,39.7451]]]}},{"type":"Feature","properties":{"landuse":"orchard"},"geometry":{"type":"Polygon","coordinates":[[[16.1538,39.7171],[16.1571,39.7136],[16.156,39.7167],[16.1538,39.7171]]]}},{"type":"Feature","properties":{"landuse":"orchard"},"geometry":{"type":"Polygon","coordinates":[[[16.1609,39.7106],[16.1632,39.7121],[16.1606,39.7134],[16.1609,39.7106]]]}},{"type":"Feature","properties":{"landuse":"farmland"},"geometry":{"type":"Polygon","coordinates":[[[16.1605,39.7055],[16.1567,39.7134],[16.1523,39.7123],[16.1605,39.7055]]]}},{"type":"Feature","properties":{"landuse":"farmland"},"geometry":{"type":"Polygon","coordinates":[[[16.1282,39.7451],[16.1265,39.7454],[16.1275,39.7444],[16.1282,39.7451]]]}},{"type":"Feature","properties":{"landuse":"farmland"},"geometry":{"type":"Polygon","coordinates":[[[16.1374,39.7498],[16.1364,39.7507],[16.1349,39.7498],[16.1374,39.7498]]]}},{"type":"Feature","properties":{"landuse":"farmland"},"geometry":{"type":"Polygon","coordinates":[[[16.1884,39.6922],[16.1829,39.6912],[16.1868,39.6905],[16.1884,39.6922]]]}},{"type":"Feature","properties":{"landuse":"orchard"},"geometry":{"type":"Polygon","coordinates":[[[16.1941,39.6921],[16.1945,39.6933],[16.1927,39.6933],[16.1941,39.6921]]]}},{"type":"Feature","properties":{"landuse":"orchard"},"geometry":{"type":"Polygon","coordinates":[[[16.193,39.6886],[16.1957,39.6865],[16.1957,39.6888],[16.193,39.6886]]]}},{"type":"Feature","properties":{"landuse":"farmland"},"geometry":{"type":"Polygon","coordinates":[[[16.1969,39.687],[16.1981,39.686],[16.2029,39.6869],[16.1969,39.687]]]}},{"type":"Feature","properties":{"landuse":"farmland"},"geometry":{"type":"Polygon","coordinates":[[[16.1964,39.6859],[16.1988,39.6852],[16.1999,39.6859],[16.1964,39.6859]]]}},{"type":"Feature","properties":{"landuse":"orchard"},"geometry":{"type":"Polygon","coordinates":[[[16.2466,39.5223],[16.2478,39.5219],[16.2459,39.5234],[16.2466,39.5223]]]}},{"type":"Feature","properties":{"landuse":"orchard"},"geometry":{"type":"Polygon","coordinates":[[[16.2498,39.5177],[16.2485,39.5161],[16.2504,39.5168],[16.2498,39.5177]]]}},{"type":"Feature","properties":{"landuse":"orchard"},"geometry":{"type":"Polygon","coordinates":[[[16.241,39.5081],[16.24,39.5071],[16.2409,39.5068],[16.241,39.5081]]]}},{"type":"Feature","properties":{"landuse":"farmland"},"geometry":{"type":"Polygon","coordinates":[[[16.2756,39.5041],[16.2775,39.5032],[16.2792,39.505],[16.2756,39.5041]]]}},{"type":"Feature","properties":{"landuse":"orchard"},"geometry":{"type":"Polygon","coordinates":[[[16.2314,39.4932],[16.2297,39.4947],[16.2304,39.493],[16.2314,39.4932]]]}},{"type":"Feature","properties":{"landuse":"orchard"},"geometry":{"type":"Polygon","coordinates":[[[16.2465,39.5204],[16.2454,39.5208],[16.2463,39.5193],[16.2465,39.5204]]]}},{"type":"Feature","properties":{"landuse":"orchard"},"geometry":{"type":"Polygon","coordinates":[[[16.2505,39.5317],[16.2512,39.5306],[16.2524,39.5319],[16.2505,39.5317]]]}},{"type":"Feature","properties":{"landuse":"farmland"},"geometry":{"type":"Polygon","coordinates":[[[16.2312,39.5092],[16.2306,39.5105],[16.2293,39.5093],[16.2312,39.5092]]]}},{"type":"Feature","properties":{"landuse":"farmland"},"geometry":{"type":"Polygon","coordinates":[[[16.2401,39.4905],[16.2415,39.49],[16.2415,39.4912],[16.2401,39.4905]]]}},{"type":"Feature","properties":{"landuse":"orchard"},"geometry":{"type":"Polygon","coordinates":[[[16.1106,39.6942],[16.1123,39.6949],[16.1094,39.6939],[16.1106,39.6942]]]}},{"type":"Feature","properties":{"landuse":"orchard"},"geometry":{"type":"Polygon","coordinates":[[[16.1121,39.6943],[16.1114,39.6929],[16.1132,39.694],[16.1121,39.6943]]]}},{"type":"Feature","properties":{"landuse":"farmland"},"geometry":{"type":"Polygon","coordinates":[[[16.2312,39.4814],[16.24,39.4823],[16.2343,39.4836],[16.2312,39.4814]]]}},{"type":"Feature","properties":{"landuse":"farmland"},"geometry":{"type":"Polygon","coordinates":[[[16.2335,39.486],[16.2246,39.4857],[16.2272,39.4816],[16.2335,39.486]]]}},{"type":"Feature","properties":{"landuse":"farmland"},"geometry":{"type":"Polygon","coordinates":[[[16.2393,39.4998],[16.2381,39.5019],[16.2374,39.5004],[16.2393,39.4998]]]}},{"type":"Feature","properties":{"landuse":"farmland"},"geometry":{"type":"Polygon","coordinates":[[[16.2325,39.4993],[16.2333,39.4994],[16.2324,39.5002],[16.2325,39.4993]]]}},{"type":"Feature","properties":{"landuse":"farmland"},"geometry":{"type":"Polygon","coordinates":[[[16.238,39.4923],[16.2397,39.4927],[16.2386,39.4947],[16.238,39.4923]]]}},{"type":"Feature","properties":{"landuse":"farmland"},"geometry":{"type":"Polygon","coordinates":[[[16.239,39.4947],[16.2384,39.4959],[16.2351,39.4955],[16.239,39.4947]]]}},{"type":"Feature","properties":{"landuse":"farmland"},"geometry":{"type":"Polygon","coordinates":[[[16.2358,39.4984],[16.2371,39.4977],[16.2372,39.4991],[16.2358,39.4984]]]}},{"type":"Feature","properties":{"landuse":"orchard"},"geometry":{"type":"Polygon","coordinates":[[[16.1726,39.7765],[16.1761,39.777],[16.175,39.7795],[16.1726,39.7765]]]}},{"type":"Feature","properties":{"landuse":"orchard"},"geometry":{"type":"Polygon","coordinates":[[[16.1647,39.7746],[16.1659,39.7762],[16.1644,39.7766],[16.1647,39.7746]]]}},{"type":"Feature","properties":{"landuse":"farmland"},"geometry":{"type":"Polygon","coordinates":[[[16.2518,39.488],[16.2515,39.4861],[16.2536,39.4867],[16.2518,39.488]]]}},{"type":"Feature","properties":{"landuse":"orchard"},"geometry":{"type":"Polygon","coordinates":[[[16.1145,39.6715],[16.1132,39.6712],[16.1139,39.6701],[16.1145,39.6715]]]}},{"type":"Feature","properties":{"landuse":"orchard"},"geometry":{"type":"Polygon","coordinates":[[[16.1149,39.6695],[16.1167,39.6698],[16.1158,39.6713],[16.1149,39.6695]]]}},{"type":"Feature","properties":{"landuse":"orchard"},"geometry":{"type":"Polygon","coordinates":[[[16.1169,39.6774],[16.1177,39.6787],[16.1154,39.6788],[16.1169,39.6774]]]}},{"type":"Feature","properties":{"landuse":"orchard"},"geometry":{"type":"Polygon","coordinates":[[[16.1129,39.6627],[16.115,39.6618],[16.1151,39.6626],[16.1129,39.6627]]]}},{"type":"Feature","properties":{"landuse":"orchard"},"geometry":{"type":"Polygon","coordinates":[[[16.1155,39.6597],[16.1194,39.6576],[16.1195,39.6588],[16.1155,39.6597]]]}},{"type":"Feature","properties":{"landuse":"orchard"},"geometry":{"type":"Polygon","coordinates":[[[16.1146,39.6665],[16.1154,39.668],[16.1138,39.6665],[16.1159,39.6655],[16.1146,39.6665]]]}},{"type":"Feature","properties":{"landuse":"orchard"},"geometry":{"type":"Polygon","coordinates":[[[16.112,39.6634],[16.1127,39.6655],[16.1105,39.6649],[16.112,39.6634]]]}},{"type":"Feature","properties":{"landuse":"farmland"},"geometry":{"type":"Polygon","coordinates":[[[16.061,39.6679],[16.0631,39.6664],[16.064,39.6695],[16.061,39.6679]]]}},{"type":"Feature","properties":{"landuse":"orchard"},"geometry":{"type":"Polygon","coordinates":[[[16.1117,39.6811],[16.1118,39.6825],[16.1097,39.6817],[16.1117,39.6811]]]}},{"type":"Feature","properties":{"landuse":"orchard"},"geometry":{"type":"Polygon","coordinates":[[[16.1131,39.6803],[16.1141,39.681],[16.1125,39.6818],[16.1131,39.6803]]]}},{"type":"Feature","properties":{"landuse":"farmland"},"geometry":{"type":"Polygon","coordinates":[[[16.0682,39.674],[16.0671,39.6747],[16.0661,39.6738],[16.0682,39.674]]]}},{"type":"Feature","properties":{"landuse":"farmland"},"geometry":{"type":"Polygon","coordinates":[[[16.0603,39.6733],[16.063,39.6747],[16.0612,39.6751],[16.0603,39.6733]]]}},{"type":"Feature","properties":{"landuse":"orchard"},"geometry":{"type":"Polygon","coordinates":[[[16.0585,39.6807],[16.0569,39.6803],[16.0574,39.6794],[16.0585,39.6807]]]}},{"type":"Feature","properties":{"landuse":"orchard"},"geometry":{"type":"Polygon","coordinates":[[[16.1375,39.6728],[16.1353,39.6731],[16.1359,39.6723],[16.1375,39.6728]]]}},{"type":"Feature","properties":{"landuse":"farmland"},"geometry":{"type":"Polygon","coordinates":[[[16.2479,39.5031],[16.2438,39.5058],[16.2452,39.5027],[16.2479,39.5031]]]}},{"type":"Feature","properties":{"landuse":"orchard"},"geometry":{"type":"Polygon","coordinates":[[[16.2069,39.7817],[16.204,39.7812],[16.2065,39.781],[16.2069,39.7817]]]}},{"type":"Feature","properties":{"landuse":"orchard"},"geometry":{"type":"Polygon","coordinates":[[[16.2108,39.7817],[16.2097,39.7803],[16.2113,39.7806],[16.2108,39.7817]]]}},{"type":"Feature","properties":{"landuse":"orchard"},"geometry":{"type":"Polygon","coordinates":[[[16.207,39.7808],[16.2089,39.781],[16.2096,39.7827],[16.207,39.7808]]]}},{"type":"Feature","properties":{"landuse":"orchard"},"geometry":{"type":"Polygon","coordinates":[[[16.2132,39.7844],[16.2153,39.785],[16.2148,39.7855],[16.2132,39.7844]]]}},{"type":"Feature","properties":{"landuse":"orchard"},"geometry":{"type":"Polygon","coordinates":[[[16.2101,39.7842],[16.2116,39.7838],[16.2095,39.7853],[16.2101,39.7842]]]}},{"type":"Feature","properties":{"landuse":"orchard"},"geometry":{"type":"Polygon","coordinates":[[[16.2051,39.7842],[16.2081,39.7851],[16.2066,39.7865],[16.2051,39.7842]]]}},{"type":"Feature","properties":{"landuse":"orchard"},"geometry":{"type":"Polygon","coordinates":[[[16.2028,39.7875],[16.2061,39.7867],[16.2087,39.7892],[16.2028,39.7875]]]}},{"type":"Feature","properties":{"landuse":"orchard"},"geometry":{"type":"Polygon","coordinates":[[[16.209,39.7887],[16.2102,39.7871],[16.2113,39.7896],[16.209,39.7887]]]}},{"type":"Feature","properties":{"landuse":"farmland"},"geometry":{"type":"Polygon","coordinates":[[[16.2229,39.5139],[16.2181,39.5152],[16.2173,39.5137],[16.2236,39.5125],[16.2229,39.5139]]]}},{"type":"Feature","properties":{"landuse":"farmland"},"geometry":{"type":"Polygon","coordinates":[[[16.2171,39.5133],[16.2139,39.5115],[16.2224,39.5121],[16.2171,39.5133]]]}},{"type":"Feature","properties":{"landuse":"farmland"},"geometry":{"type":"Polygon","coordinates":[[[16.2202,39.5304],[16.2163,39.5216],[16.227,39.5244],[16.2202,39.5304]]]}},{"type":"Feature","properties":{"landuse":"farmland"},"geometry":{"type":"Polygon","coordinates":[[[16.2169,39.5069],[16.2218,39.51],[16.217,39.5102],[16.2169,39.5069]]]}},{"type":"Feature","properties":{"landuse":"farmland"},"geometry":{"type":"Polygon","coordinates":[[[16.2152,39.5042],[16.219,39.5059],[16.2166,39.507],[16.2152,39.5042]]]}},{"type":"Feature","properties":{"landuse":"farmland"},"geometry":{"type":"Polygon","coordinates":[[[16.2115,39.5053],[16.2145,39.5028],[16.2165,39.5071],[16.2115,39.5053]]]}},{"type":"Feature","properties":{"landuse":"farmland"},"geometry":{"type":"Polygon","coordinates":[[[16.2113,39.5043],[16.2132,39.5034],[16.2136,39.5042],[16.2113,39.5043]]]}},{"type":"Feature","properties":{"landuse":"orchard"},"geometry":{"type":"Polygon","coordinates":[[[16.2719,39.526],[16.2727,39.5253],[16.2714,39.5269],[16.2719,39.526]]]}},{"type":"Feature","properties":{"landuse":"orchard"},"geometry":{"type":"Polygon","coordinates":[[[16.2648,39.5197],[16.2667,39.5185],[16.2676,39.5194],[16.2648,39.5197]]]}},{"type":"Feature","properties":{"landuse":"farmland"},"geometry":{"type":"Polygon","coordinates":[[[16.2417,39.5326],[16.2447,39.5339],[16.2411,39.5365],[16.2417,39.5326]]]}},{"type":"Feature","properties":{"landuse":"orchard"},"geometry":{"type":"Polygon","coordinates":[[[16.2448,39.5339],[16.2417,39.5325],[16.2439,39.5315],[16.2448,39.5339]]]}},{"type":"Feature","properties":{"landuse":"farmland"},"geometry":{"type":"Polygon","coordinates":[[[16.2456,39.534],[16.2482,39.5336],[16.2484,39.5347],[16.2456,39.534]]]}},{"type":"Feature","properties":{"landuse":"orchard"},"geometry":{"type":"Polygon","coordinates":[[[16.2525,39.5479],[16.253,39.5469],[16.2547,39.5471],[16.2525,39.5479]]]}},{"type":"Feature","properties":{"landuse":"orchard"},"geometry":{"type":"Polygon","coordinates":[[[16.2547,39.5292],[16.2535,39.5287],[16.2552,39.5284],[16.2547,39.5292]]]}},{"type":"Feature","properties":{"landuse":"farmland"},"geometry":{"type":"Polygon","coordinates":[[[16.2506,39.5581],[16.2485,39.5559],[16.252,39.5515],[16.2537,39.554],[16.2506,39.5581]]]}},{"type":"Feature","properties":{"landuse":"vineyard"},"geometry":{"type":"Polygon","coordinates":[[[16.2542,39.5547],[16.2571,39.5536],[16.2578,39.5551],[16.2542,39.5547]]]}},{"type":"Feature","properties":{"landuse":"farmland"},"geometry":{"type":"Polygon","coordinates":[[[16.248,39.5557],[16.2446,39.5539],[16.2459,39.5535],[16.248,39.5557]]]}},{"type":"Feature","properties":{"landuse":"farmland"},"geometry":{"type":"Polygon","coordinates":[[[16.2542,39.5573],[16.2549,39.5561],[16.2555,39.557],[16.2542,39.5573]]]}},{"type":"Feature","properties":{"landuse":"vineyard"},"geometry":{"type":"Polygon","coordinates":[[[16.2555,39.5497],[16.2582,39.5495],[16.2558,39.5507],[16.2555,39.5497]]]}},{"type":"Feature","properties":{"landuse":"orchard"},"geometry":{"type":"Polygon","coordinates":[[[16.2562,39.5305],[16.2561,39.5288],[16.2574,39.5299],[16.2562,39.5305]]]}},{"type":"Feature","properties":{"landuse":"farmland"},"geometry":{"type":"Polygon","coordinates":[[[16.2357,39.5425],[16.2401,39.5422],[16.2394,39.5468],[16.2357,39.5425]]]}},{"type":"Feature","properties":{"landuse":"orchard"},"geometry":{"type":"Polygon","coordinates":[[[16.2741,39.5219],[16.2757,39.5218],[16.2768,39.5232],[16.2741,39.5219]]]}},{"type":"Feature","properties":{"landuse":"orchard"},"geometry":{"type":"Polygon","coordinates":[[[16.2736,39.513],[16.2745,39.5125],[16.2739,39.5141],[16.2725,39.5132],[16.2736,39.513]]]}},{"type":"Feature","properties":{"landuse":"vineyard"},"geometry":{"type":"Polygon","coordinates":[[[16.2485,39.4559],[16.2492,39.4524],[16.2512,39.4548],[16.2485,39.4559]]]}},{"type":"Feature","properties":{"landuse":"orchard"},"geometry":{"type":"Polygon","coordinates":[[[16.2526,39.4505],[16.2588,39.4515],[16.2549,39.4519],[16.2526,39.4505]]]}},{"type":"Feature","properties":{"landuse":"vineyard"},"geometry":{"type":"Polygon","coordinates":[[[16.253,39.4503],[16.2554,39.4471],[16.259,39.4484],[16.2586,39.4512],[16.253,39.4503]]]}},{"type":"Feature","properties":{"landuse":"vineyard"},"geometry":{"type":"Polygon","coordinates":[[[16.2515,39.4493],[16.2516,39.4485],[16.2533,39.4484],[16.2526,39.4495],[16.2515,39.4493]]]}},{"type":"Feature","properties":{"landuse":"vineyard"},"geometry":{"type":"Polygon","coordinates":[[[16.2518,39.448],[16.2522,39.4468],[16.2543,39.4471],[16.2518,39.448]]]}},{"type":"Feature","properties":{"landuse":"orchard"},"geometry":{"type":"Polygon","coordinates":[[[16.2637,39.4448],[16.2656,39.4439],[16.2653,39.4462],[16.2637,39.4448]]]}},{"type":"Feature","properties":{"landuse":"farmland"},"geometry":{"type":"Polygon","coordinates":[[[16.2245,39.5325],[16.2241,39.5309],[16.2259,39.5307],[16.2245,39.5325]]]}},{"type":"Feature","properties":{"landuse":"farmland"},"geometry":{"type":"Polygon","coordinates":[[[16.2206,39.53],[16.2216,39.529],[16.2252,39.5292],[16.2206,39.53]]]}},{"type":"Feature","properties":{"landuse":"vineyard"},"geometry":{"type":"Polygon","coordinates":[[[16.2261,39.5303],[16.23,39.5277],[16.229,39.5216],[16.231,39.5283],[16.2261,39.5303]]]}},{"type":"Feature","properties":{"landuse":"orchard"},"geometry":{"type":"Polygon","coordinates":[[[16.2234,39.53],[16.2252,39.5292],[16.2255,39.5298],[16.2234,39.53]]]}},{"type":"Feature","properties":{"landuse":"orchard"},"geometry":{"type":"Polygon","coordinates":[[[16.2897,39.0905],[16.2923,39.09],[16.2927,39.0909],[16.2897,39.0905]]]}},{"type":"Feature","properties":{"landuse":"orchard"},"geometry":{"type":"Polygon","coordinates":[[[16.2947,39.0907],[16.2953,39.0873],[16.2958,39.0894],[16.2947,39.0907]]]}},{"type":"Feature","properties":{"landuse":"orchard"},"geometry":{"type":"Polygon","coordinates":[[[16.3003,39.0888],[16.3014,39.0873],[16.3023,39.0879],[16.3003,39.0888]]]}},{"type":"Feature","properties":{"landuse":"orchard"},"geometry":{"type":"Polygon","coordinates":[[[16.28,39.0942],[16.2794,39.0921],[16.281,39.0919],[16.28,39.0942]]]}},{"type":"Feature","properties":{"landuse":"orchard"},"geometry":{"type":"Polygon","coordinates":[[[16.282,39.0873],[16.2833,39.0866],[16.2849,39.0871],[16.282,39.0873]]]}},{"type":"Feature","properties":{"landuse":"orchard"},"geometry":{"type":"Polygon","coordinates":[[[16.2791,39.0881],[16.2789,39.087],[16.2819,39.0875],[16.2791,39.0881]]]}},{"type":"Feature","properties":{"landuse":"farmland"},"geometry":{"type":"Polygon","coordinates":[[[16.2794,39.0898],[16.2797,39.0888],[16.2816,39.0897],[16.2794,39.0898]]]}},{"type":"Feature","properties":{"landuse":"orchard"},"geometry":{"type":"Polygon","coordinates":[[[16.5174,38.4128],[16.5193,38.4112],[16.5191,38.4133],[16.5174,38.4128]]]}},{"type":"Feature","properties":{"landuse":"orchard"},"geometry":{"type":"Polygon","coordinates":[[[16.5215,38.4113],[16.5228,38.412],[16.5212,38.4131],[16.5215,38.4113]]]}},{"type":"Feature","properties":{"landuse":"orchard"},"geometry":{"type":"Polygon","coordinates":[[[16.3126,39.2838],[16.3146,39.2842],[16.3126,39.2861],[16.3126,39.2838]]]}},{"type":"Feature","properties":{"landuse":"orchard"},"geometry":{"type":"Polygon","coordinates":[[[16.31,39.2883],[16.3099,39.2873],[16.3119,39.2875],[16.31,39.2883]]]}},{"type":"Feature","properties":{"landuse":"orchard"},"geometry":{"type":"Polygon","coordinates":[[[16.3196,39.2843],[16.3175,39.2838],[16.3207,39.2819],[16.3196,39.2843]]]}},{"type":"Feature","properties":{"landuse":"farmland"},"geometry":{"type":"Polygon","coordinates":[[[16.3105,39.2819],[16.3114,39.2797],[16.313,39.2816],[16.3105,39.2819]]]}},{"type":"Feature","properties":{"landuse":"farmland"},"geometry":{"type":"Polygon","coordinates":[[[16.3027,39.2805],[16.3041,39.2795],[16.3032,39.2809],[16.3027,39.2805]]]}},{"type":"Feature","properties":{"landuse":"orchard"},"geometry":{"type":"Polygon","coordinates":[[[16.3796,39.581],[16.3796,39.5826],[16.378,39.5815],[16.3796,39.581]]]}},{"type":"Feature","properties":{"landuse":"orchard"},"geometry":{"type":"Polygon","coordinates":[[[16.3124,38.3588],[16.3142,38.3583],[16.3152,38.3589],[16.3124,38.3588]]]}},{"type":"Feature","properties":{"landuse":"farmland"},"geometry":{"type":"Polygon","coordinates":[[[16.2316,38.2307],[16.2324,38.231],[16.2298,38.2326],[16.2316,38.2307]]]}},{"type":"Feature","properties":{"landuse":"orchard"},"geometry":{"type":"Polygon","coordinates":[[[16.2258,38.2302],[16.2237,38.2328],[16.222,38.2315],[16.2258,38.2302]]]}},{"type":"Feature","properties":{"landuse":"orchard"},"geometry":{"type":"Polygon","coordinates":[[[16.2449,38.2166],[16.2434,38.2149],[16.2445,38.2133],[16.2449,38.2166]]]}},{"type":"Feature","properties":{"landuse":"farmland"},"geometry":{"type":"Polygon","coordinates":[[[16.2331,38.2227],[16.236,38.223],[16.2341,38.2236],[16.2331,38.2227]]]}},{"type":"Feature","properties":{"landuse":"farmland"},"geometry":{"type":"Polygon","coordinates":[[[16.233,38.2224],[16.2323,38.2215],[16.2336,38.2211],[16.233,38.2224]]]}},{"type":"Feature","properties":{"landuse":"orchard"},"geometry":{"type":"Polygon","coordinates":[[[16.4786,39.5864],[16.4782,39.5824],[16.4796,39.5836],[16.4786,39.5864]]]}},{"type":"Feature","properties":{"landuse":"farmland"},"geometry":{"type":"Polygon","coordinates":[[[16.301,39.7877],[16.2957,39.7875],[16.2979,39.786],[16.301,39.7877]]]}},{"type":"Feature","properties":{"landuse":"farmland"},"geometry":{"type":"Polygon","coordinates":[[[16.5237,39.5732],[16.5266,39.5726],[16.5255,39.5741],[16.5237,39.5732]]]}},{"type":"Feature","properties":{"landuse":"orchard"},"geometry":{"type":"Polygon","coordinates":[[[16.5483,39.5988],[16.5495,39.5966],[16.5511,39.5982],[16.5483,39.5988]]]}},{"type":"Feature","properties":{"landuse":"farmland"},"geometry":{"type":"Polygon","coordinates":[[[16.3314,39.7759],[16.3299,39.7741],[16.3331,39.7768],[16.3314,39.7759]]]}},{"type":"Feature","properties":{"landuse":"orchard"},"geometry":{"type":"Polygon","coordinates":[[[16.3316,39.7763],[16.33,39.7763],[16.3301,39.7752],[16.3316,39.7763]]]}},{"type":"Feature","properties":{"landuse":"orchard"},"geometry":{"type":"Polygon","coordinates":[[[16.3364,39.7747],[16.3318,39.7728],[16.3412,39.774],[16.3364,39.7747]]]}},{"type":"Feature","properties":{"landuse":"orchard"},"geometry":{"type":"Polygon","coordinates":[[[16.3316,39.7724],[16.3299,39.774],[16.3309,39.7696],[16.3316,39.7724]]]}},{"type":"Feature","properties":{"landuse":"farmland"},"geometry":{"type":"Polygon","coordinates":[[[16.33,39.7756],[16.328,39.7746],[16.329,39.7743],[16.33,39.7756]]]}},{"type":"Feature","properties":{"landuse":"orchard"},"geometry":{"type":"Polygon","coordinates":[[[16.3298,39.7739],[16.3284,39.7745],[16.328,39.7734],[16.3298,39.7739]]]}},{"type":"Feature","properties":{"landuse":"orchard"},"geometry":{"type":"Polygon","coordinates":[[[16.3326,39.7806],[16.3298,39.7798],[16.3323,39.7783],[16.3326,39.7806]]]}},{"type":"Feature","properties":{"landuse":"farmland"},"geometry":{"type":"Polygon","coordinates":[[[16.4408,39.7509],[16.4379,39.7505],[16.4437,39.751],[16.4408,39.7509]]]}},{"type":"Feature","properties":{"landuse":"farmland"},"geometry":{"type":"Polygon","coordinates":[[[16.4438,39.751],[16.4446,39.753],[16.4411,39.7543],[16.4438,39.751]]]}},{"type":"Feature","properties":{"landuse":"orchard"},"geometry":{"type":"Polygon","coordinates":[[[16.441,39.7459],[16.4424,39.7438],[16.4446,39.7467],[16.441,39.7459]]]}},{"type":"Feature","properties":{"landuse":"farmland"},"geometry":{"type":"Polygon","coordinates":[[[16.4472,39.7474],[16.441,39.7459],[16.4446,39.7469],[16.4433,39.744],[16.4455,39.7445],[16.4472,39.7474]]]}},{"type":"Feature","properties":{"landuse":"farmland"},"geometry":{"type":"Polygon","coordinates":[[[16.4484,39.7492],[16.4489,39.7517],[16.4462,39.7503],[16.4484,39.7492]]]}},{"type":"Feature","properties":{"landuse":"farmland"},"geometry":{"type":"Polygon","coordinates":[[[16.4498,39.7446],[16.4428,39.7437],[16.446,39.7406],[16.4523,39.7443],[16.4498,39.7446]]]}},{"type":"Feature","properties":{"landuse":"farmland"},"geometry":{"type":"Polygon","coordinates":[[[16.4443,39.7394],[16.4406,39.7432],[16.432,39.7415],[16.4328,39.7365],[16.4443,39.7394]]]}},{"type":"Feature","properties":{"landuse":"orchard"},"geometry":{"type":"Polygon","coordinates":[[[16.4443,39.7394],[16.4461,39.7405],[16.4406,39.7432],[16.4443,39.7394]]]}},{"type":"Feature","properties":{"landuse":"farmland"},"geometry":{"type":"Polygon","coordinates":[[[16.4513,39.7556],[16.4554,39.7561],[16.4534,39.7597],[16.444,39.7575],[16.4458,39.753],[16.4513,39.7556]]]}},{"type":"Feature","properties":{"landuse":"orchard"},"geometry":{"type":"Polygon","coordinates":[[[16.4468,39.757],[16.445,39.764],[16.4416,39.7636],[16.4468,39.757]]]}},{"type":"Feature","properties":{"landuse":"farmland"},"geometry":{"type":"Polygon","coordinates":[[[16.452,39.759],[16.4526,39.7629],[16.4502,39.7624],[16.452,39.759]]]}},{"type":"Feature","properties":{"landuse":"farmland"},"geometry":{"type":"Polygon","coordinates":[[[16.4623,39.7637],[16.4594,39.7637],[16.4599,39.7611],[16.4623,39.7637]]]}},{"type":"Feature","properties":{"landuse":"farmland"},"geometry":{"type":"Polygon","coordinates":[[[16.4576,39.7685],[16.455,39.7692],[16.4618,39.7671],[16.4576,39.7685]]]}},{"type":"Feature","properties":{"landuse":"farmland"},"geometry":{"type":"Polygon","coordinates":[[[16.4625,39.766],[16.4618,39.7671],[16.4602,39.766],[16.4625,39.766]]]}},{"type":"Feature","properties":{"landuse":"farmland"},"geometry":{"type":"Polygon","coordinates":[[[16.4572,39.7653],[16.4602,39.7657],[16.4546,39.7676],[16.4534,39.7653],[16.4572,39.7653]]]}},{"type":"Feature","properties":{"landuse":"farmland"},"geometry":{"type":"Polygon","coordinates":[[[16.4602,39.7572],[16.4591,39.7627],[16.4534,39.7597],[16.4565,39.7541],[16.4602,39.7572]]]}},{"type":"Feature","properties":{"landuse":"orchard"},"geometry":{"type":"Polygon","coordinates":[[[16.4631,39.7487],[16.4632,39.7524],[16.4595,39.754],[16.4569,39.7485],[16.4631,39.7487]]]}},{"type":"Feature","properties":{"landuse":"orchard"},"geometry":{"type":"Polygon","coordinates":[[[16.4653,39.749],[16.4647,39.7506],[16.4631,39.7487],[16.4653,39.749]]]}},{"type":"Feature","properties":{"landuse":"orchard"},"geometry":{"type":"Polygon","coordinates":[[[16.4631,39.7512],[16.4644,39.7513],[16.4632,39.7524],[16.4631,39.7512]]]}},{"type":"Feature","properties":{"landuse":"farmland"},"geometry":{"type":"Polygon","coordinates":[[[16.4632,39.7525],[16.4623,39.7565],[16.4594,39.7541],[16.4632,39.7525]]]}},{"type":"Feature","properties":{"landuse":"farmland"},"geometry":{"type":"Polygon","coordinates":[[[16.4686,39.7571],[16.4703,39.7613],[16.4678,39.7619],[16.4654,39.7572],[16.4686,39.7571]]]}},{"type":"Feature","properties":{"landuse":"farmland"},"geometry":{"type":"Polygon","coordinates":[[[16.4703,39.7614],[16.4715,39.7642],[16.4684,39.7644],[16.4674,39.762],[16.4703,39.7614]]]}},{"type":"Feature","properties":{"landuse":"farmland"},"geometry":{"type":"Polygon","coordinates":[[[16.4683,39.7643],[16.4653,39.7643],[16.4617,39.7585],[16.4654,39.7572],[16.4683,39.7643]]]}},{"type":"Feature","properties":{"landuse":"orchard"},"geometry":{"type":"Polygon","coordinates":[[[16.4474,39.7594],[16.4512,39.7602],[16.4499,39.7627],[16.446,39.7622],[16.4474,39.7594]]]}},{"type":"Feature","properties":{"landuse":"farmland"},"geometry":{"type":"Polygon","coordinates":[[[16.446,39.7622],[16.4499,39.7627],[16.445,39.764],[16.446,39.7622]]]}},{"type":"Feature","properties":{"landuse":"farmland"},"geometry":{"type":"Polygon","coordinates":[[[16.4452,39.7531],[16.4439,39.7575],[16.4406,39.7582],[16.4452,39.7531]]]}},{"type":"Feature","properties":{"landuse":"farmland"},"geometry":{"type":"Polygon","coordinates":[[[16.4425,39.761],[16.4407,39.7654],[16.4367,39.7645],[16.4386,39.7576],[16.4436,39.7577],[16.4425,39.761]]]}},{"type":"Feature","properties":{"landuse":"orchard"},"geometry":{"type":"Polygon","coordinates":[[[16.4403,39.7569],[16.4405,39.7581],[16.4387,39.7576],[16.4403,39.7569]]]}},{"type":"Feature","properties":{"landuse":"orchard"},"geometry":{"type":"Polygon","coordinates":[[[16.4539,39.7428],[16.4552,39.7414],[16.4549,39.7427],[16.4539,39.7428]]]}},{"type":"Feature","properties":{"landuse":"farmland"},"geometry":{"type":"Polygon","coordinates":[[[16.4591,39.7277],[16.458,39.725],[16.4618,39.7255],[16.4591,39.7277]]]}},{"type":"Feature","properties":{"landuse":"farmland"},"geometry":{"type":"Polygon","coordinates":[[[16.4572,39.7316],[16.458,39.7339],[16.4517,39.7361],[16.4507,39.7334],[16.4572,39.7316]]]}},{"type":"Feature","properties":{"landuse":"farmland"},"geometry":{"type":"Polygon","coordinates":[[[16.461,39.7276],[16.4591,39.7309],[16.458,39.7281],[16.461,39.7276]]]}},{"type":"Feature","properties":{"landuse":"farmland"},"geometry":{"type":"Polygon","coordinates":[[[16.4577,39.7276],[16.4583,39.731],[16.4509,39.7329],[16.4498,39.7241],[16.4576,39.7249],[16.4515,39.7243],[16.4524,39.7285],[16.4577,39.7276]]]}},{"type":"Feature","properties":{"landuse":"farmland"},"geometry":{"type":"Polygon","coordinates":[[[16.4594,39.731],[16.4588,39.7328],[16.4582,39.7313],[16.4594,39.731]]]}},{"type":"Feature","properties":{"landuse":"farmland"},"geometry":{"type":"Polygon","coordinates":[[[16.458,39.7339],[16.4572,39.7316],[16.4587,39.7328],[16.458,39.7339]]]}},{"type":"Feature","properties":{"landuse":"farmland"},"geometry":{"type":"Polygon","coordinates":[[[16.4582,39.7342],[16.4554,39.7414],[16.4516,39.7362],[16.4582,39.7342]]]}},{"type":"Feature","properties":{"landuse":"farmland"},"geometry":{"type":"Polygon","coordinates":[[[16.4472,39.7492],[16.4462,39.7503],[16.4456,39.7494],[16.4472,39.7492]]]}},{"type":"Feature","properties":{"landuse":"farmland"},"geometry":{"type":"Polygon","coordinates":[[[16.4474,39.7522],[16.444,39.7513],[16.4461,39.7503],[16.4474,39.7522]]]}},{"type":"Feature","properties":{"landuse":"farmland"},"geometry":{"type":"Polygon","coordinates":[[[16.4665,39.747],[16.4707,39.7483],[16.469,39.7528],[16.4665,39.747]]]}},{"type":"Feature","properties":{"landuse":"farmland"},"geometry":{"type":"Polygon","coordinates":[[[16.4683,39.7518],[16.4671,39.7518],[16.4668,39.75],[16.4683,39.7518]]]}},{"type":"Feature","properties":{"landuse":"farmland"},"geometry":{"type":"Polygon","coordinates":[[[16.4765,39.7474],[16.4836,39.7498],[16.4756,39.7497],[16.4765,39.7474]]]}},{"type":"Feature","properties":{"landuse":"farmland"},"geometry":{"type":"Polygon","coordinates":[[[16.476,39.7453],[16.4823,39.7489],[16.4709,39.7481],[16.4729,39.7439],[16.476,39.7453]]]}},{"type":"Feature","properties":{"landuse":"farmland"},"geometry":{"type":"Polygon","coordinates":[[[16.4725,39.749],[16.4729,39.7535],[16.4699,39.7539],[16.4725,39.749]]]}},{"type":"Feature","properties":{"landuse":"farmland"},"geometry":{"type":"Polygon","coordinates":[[[16.4697,39.7538],[16.4673,39.754],[16.4671,39.7521],[16.4697,39.7538]]]}},{"type":"Feature","properties":{"landuse":"farmland"},"geometry":{"type":"Polygon","coordinates":[[[16.4723,39.7416],[16.4742,39.7418],[16.4737,39.7428],[16.4723,39.7416]]]}},{"type":"Feature","properties":{"landuse":"farmland"},"geometry":{"type":"Polygon","coordinates":[[[16.4681,39.745],[16.4682,39.747],[16.4679,39.7441],[16.4729,39.7439],[16.4709,39.748],[16.4681,39.745]]]}},{"type":"Feature","properties":{"landuse":"farmland"},"geometry":{"type":"Polygon","coordinates":[[[16.4699,39.7419],[16.4736,39.7421],[16.468,39.7439],[16.4699,39.7419]]]}},{"type":"Feature","properties":{"landuse":"farmland"},"geometry":{"type":"Polygon","coordinates":[[[16.4673,39.7446],[16.4658,39.7478],[16.4655,39.7449],[16.4673,39.7446]]]}},{"type":"Feature","properties":{"landuse":"orchard"},"geometry":{"type":"Polygon","coordinates":[[[16.4634,39.7382],[16.4622,39.7339],[16.4666,39.7336],[16.4666,39.7379],[16.4634,39.7382]]]}},{"type":"Feature","properties":{"landuse":"farmland"},"geometry":{"type":"Polygon","coordinates":[[[16.471,39.7328],[16.476,39.7345],[16.4702,39.7338],[16.471,39.7328]]]}},{"type":"Feature","properties":{"landuse":"farmland"},"geometry":{"type":"Polygon","coordinates":[[[16.47,39.7346],[16.4747,39.7361],[16.4746,39.7364],[16.47,39.7346]]]}},{"type":"Feature","properties":{"landuse":"farmland"},"geometry":{"type":"Polygon","coordinates":[[[16.465,39.7402],[16.465,39.7386],[16.4665,39.7383],[16.465,39.7402]]]}},{"type":"Feature","properties":{"landuse":"farmland"},"geometry":{"type":"Polygon","coordinates":[[[16.4642,39.7402],[16.4637,39.7385],[16.4648,39.7384],[16.4642,39.7402]]]}},{"type":"Feature","properties":{"landuse":"farmland"},"geometry":{"type":"Polygon","coordinates":[[[16.4712,39.7326],[16.4661,39.7322],[16.4722,39.7315],[16.4712,39.7326]]]}},{"type":"Feature","properties":{"landuse":"farmland"},"geometry":{"type":"Polygon","coordinates":[[[16.4706,39.7332],[16.4661,39.7336],[16.466,39.7322],[16.4706,39.7332]]]}},{"type":"Feature","properties":{"landuse":"farmland"},"geometry":{"type":"Polygon","coordinates":[[[16.4702,39.7338],[16.4752,39.7354],[16.4701,39.7346],[16.4702,39.7338]]]}},{"type":"Feature","properties":{"landuse":"farmland"},"geometry":{"type":"Polygon","coordinates":[[[16.4613,39.7402],[16.4616,39.7383],[16.4633,39.7401],[16.4613,39.7402]]]}},{"type":"Feature","properties":{"landuse":"farmland"},"geometry":{"type":"Polygon","coordinates":[[[16.4719,39.7319],[16.4768,39.7335],[16.4763,39.7346],[16.4719,39.7319]]]}},{"type":"Feature","properties":{"landuse":"farmland"},"geometry":{"type":"Polygon","coordinates":[[[16.4733,39.7379],[16.4729,39.7383],[16.4695,39.7371],[16.4733,39.7379]]]}},{"type":"Feature","properties":{"landuse":"farmland"},"geometry":{"type":"Polygon","coordinates":[[[16.4731,39.738],[16.4699,39.7349],[16.4746,39.7364],[16.4731,39.738]]]}},{"type":"Feature","properties":{"landuse":"farmland"},"geometry":{"type":"Polygon","coordinates":[[[16.4719,39.7393],[16.4693,39.7396],[16.4691,39.7386],[16.4719,39.7393]]]}},{"type":"Feature","properties":{"landuse":"farmland"},"geometry":{"type":"Polygon","coordinates":[[[16.4592,39.7399],[16.4582,39.7407],[16.4581,39.739],[16.4592,39.7399]]]}},{"type":"Feature","properties":{"landuse":"farmland"},"geometry":{"type":"Polygon","coordinates":[[[16.4611,39.7383],[16.4605,39.7401],[16.4581,39.739],[16.4611,39.7383]]]}},{"type":"Feature","properties":{"landuse":"farmland"},"geometry":{"type":"Polygon","coordinates":[[[16.4682,39.7355],[16.4696,39.7356],[16.4692,39.7381],[16.4682,39.7355]]]}},{"type":"Feature","properties":{"landuse":"farmland"},"geometry":{"type":"Polygon","coordinates":[[[16.4699,39.7349],[16.4669,39.7355],[16.4666,39.7338],[16.4699,39.7349]]]}},{"type":"Feature","properties":{"landuse":"farmland"},"geometry":{"type":"Polygon","coordinates":[[[16.4691,39.7397],[16.4662,39.7403],[16.467,39.7383],[16.4691,39.7397]]]}},{"type":"Feature","properties":{"landuse":"farmland"},"geometry":{"type":"Polygon","coordinates":[[[16.4667,39.7355],[16.4681,39.7355],[16.468,39.7381],[16.4667,39.7355]]]}},{"type":"Feature","properties":{"landuse":"farmland"},"geometry":{"type":"Polygon","coordinates":[[[16.4961,39.7276],[16.5015,39.7314],[16.4996,39.7335],[16.4943,39.7307],[16.4961,39.7276]]]}},{"type":"Feature","properties":{"landuse":"farmland"},"geometry":{"type":"Polygon","coordinates":[[[16.4904,39.7293],[16.4882,39.7327],[16.4809,39.73],[16.4959,39.7275],[16.4904,39.7293]]]}},{"type":"Feature","properties":{"landuse":"farmland"},"geometry":{"type":"Polygon","coordinates":[[[16.4904,39.7293],[16.4942,39.7307],[16.4894,39.731],[16.4904,39.7293]]]}},{"type":"Feature","properties":{"landuse":"farmland"},"geometry":{"type":"Polygon","coordinates":[[[16.491,39.7284],[16.4947,39.7298],[16.4904,39.7293],[16.491,39.7284]]]}},{"type":"Feature","properties":{"landuse":"farmland"},"geometry":{"type":"Polygon","coordinates":[[[16.4812,39.7378],[16.4818,39.7356],[16.4839,39.7367],[16.4812,39.7378]]]}},{"type":"Feature","properties":{"landuse":"farmland"},"geometry":{"type":"Polygon","coordinates":[[[16.4935,39.7423],[16.49,39.7435],[16.4833,39.74],[16.4935,39.7423]]]}},{"type":"Feature","properties":{"landuse":"farmland"},"geometry":{"type":"Polygon","coordinates":[[[16.4905,39.7412],[16.4881,39.7403],[16.492,39.7343],[16.4974,39.7363],[16.4936,39.7421],[16.4905,39.7412]]]}},{"type":"Feature","properties":{"landuse":"farmland"},"geometry":{"type":"Polygon","coordinates":[[[16.4907,39.7361],[16.4891,39.7386],[16.4819,39.7355],[16.4833,39.7333],[16.4907,39.7361]]]}},{"type":"Feature","properties":{"landuse":"farmland"},"geometry":{"type":"Polygon","coordinates":[[[16.4907,39.736],[16.4834,39.7333],[16.4918,39.7342],[16.4907,39.736]]]}},{"type":"Feature","properties":{"landuse":"farmland"},"geometry":{"type":"Polygon","coordinates":[[[16.4921,39.7339],[16.4883,39.7327],[16.4893,39.731],[16.4921,39.7339]]]}},{"type":"Feature","properties":{"landuse":"farmland"},"geometry":{"type":"Polygon","coordinates":[[[16.4981,39.7331],[16.4975,39.7362],[16.492,39.7341],[16.4942,39.7307],[16.4981,39.7331]]]}},{"type":"Feature","properties":{"landuse":"orchard"},"geometry":{"type":"Polygon","coordinates":[[[16.4683,39.7557],[16.4668,39.7553],[16.4683,39.7545],[16.4683,39.7557]]]}},{"type":"Feature","properties":{"landuse":"orchard"},"geometry":{"type":"Polygon","coordinates":[[[16.4695,39.7557],[16.4715,39.7562],[16.4694,39.7568],[16.4695,39.7557]]]}},{"type":"Feature","properties":{"landuse":"orchard"},"geometry":{"type":"Polygon","coordinates":[[[16.4628,39.7565],[16.4667,39.7564],[16.4666,39.7569],[16.4628,39.7565]]]}},{"type":"Feature","properties":{"landuse":"farmland"},"geometry":{"type":"Polygon","coordinates":[[[16.4633,39.7551],[16.4667,39.7546],[16.466,39.756],[16.4633,39.7551]]]}},{"type":"Feature","properties":{"landuse":"farmland"},"geometry":{"type":"Polygon","coordinates":[[[16.462,39.7338],[16.4621,39.7382],[16.4611,39.734],[16.462,39.7338]]]}},{"type":"Feature","properties":{"landuse":"farmland"},"geometry":{"type":"Polygon","coordinates":[[[16.4611,39.734],[16.4611,39.7357],[16.4589,39.7349],[16.4611,39.734]]]}},{"type":"Feature","properties":{"landuse":"farmland"},"geometry":{"type":"Polygon","coordinates":[[[16.4749,39.754],[16.4764,39.7557],[16.4749,39.7557],[16.4749,39.754]]]}},{"type":"Feature","properties":{"landuse":"farmland"},"geometry":{"type":"Polygon","coordinates":[[[16.4752,39.7568],[16.4734,39.754],[16.4742,39.754],[16.4752,39.7568]]]}},{"type":"Feature","properties":{"landuse":"farmland"},"geometry":{"type":"Polygon","coordinates":[[[16.4617,39.7382],[16.4606,39.7358],[16.4616,39.7357],[16.4617,39.7382]]]}},{"type":"Feature","properties":{"landuse":"farmland"},"geometry":{"type":"Polygon","coordinates":[[[16.4734,39.754],[16.4743,39.7567],[16.4698,39.7539],[16.4729,39.7562],[16.4734,39.754]]]}},{"type":"Feature","properties":{"landuse":"farmland"},"geometry":{"type":"Polygon","coordinates":[[[16.4821,39.757],[16.4797,39.754],[16.4835,39.756],[16.4821,39.757]]]}},{"type":"Feature","properties":{"landuse":"farmland"},"geometry":{"type":"Polygon","coordinates":[[[16.46,39.7357],[16.4606,39.7358],[16.4606,39.7382],[16.46,39.7357]]]}},{"type":"Feature","properties":{"landuse":"farmland"},"geometry":{"type":"Polygon","coordinates":[[[16.4867,39.7518],[16.4826,39.7519],[16.4844,39.7499],[16.4867,39.7518]]]}},{"type":"Feature","properties":{"landuse":"farmland"},"geometry":{"type":"Polygon","coordinates":[[[16.4728,39.7539],[16.4751,39.7501],[16.4793,39.7512],[16.4786,39.7538],[16.4728,39.7539]]]}},{"type":"Feature","properties":{"landuse":"farmland"},"geometry":{"type":"Polygon","coordinates":[[[16.4578,39.7384],[16.4581,39.7348],[16.46,39.7381],[16.4578,39.7384]]]}},{"type":"Feature","properties":{"landuse":"orchard"},"geometry":{"type":"Polygon","coordinates":[[[16.4611,39.7383],[16.4611,39.7404],[16.4606,39.7402],[16.4611,39.7383]]]}},{"type":"Feature","properties":{"landuse":"farmland"},"geometry":{"type":"Polygon","coordinates":[[[16.4566,39.7405],[16.4571,39.7391],[16.4576,39.7405],[16.4566,39.7405]]]}},{"type":"Feature","properties":{"landuse":"orchard"},"geometry":{"type":"Polygon","coordinates":[[[16.4558,39.7423],[16.4561,39.7405],[16.4576,39.741],[16.4558,39.7423]]]}},{"type":"Feature","properties":{"landuse":"farmland"},"geometry":{"type":"Polygon","coordinates":[[[16.4639,39.7256],[16.4808,39.7294],[16.4782,39.7319],[16.4629,39.7308],[16.4639,39.7256]]]}},{"type":"Feature","properties":{"landuse":"orchard"},"geometry":{"type":"Polygon","coordinates":[[[16.4593,39.732],[16.4654,39.7311],[16.4654,39.7336],[16.4585,39.7341],[16.4593,39.732]]]}},{"type":"Feature","properties":{"landuse":"orchard"},"geometry":{"type":"Polygon","coordinates":[[[16.4644,39.7414],[16.4642,39.7423],[16.4633,39.7414],[16.4644,39.7414]]]}},{"type":"Feature","properties":{"landuse":"orchard"},"geometry":{"type":"Polygon","coordinates":[[[16.4648,39.7421],[16.4639,39.7436],[16.465,39.7408],[16.4648,39.7421]]]}},{"type":"Feature","properties":{"landuse":"farmland"},"geometry":{"type":"Polygon","coordinates":[[[16.4718,39.7401],[16.4728,39.7404],[16.4709,39.7415],[16.4718,39.7401]]]}},{"type":"Feature","properties":{"landuse":"farmland"},"geometry":{"type":"Polygon","coordinates":[[[16.4735,39.74],[16.4718,39.7401],[16.4756,39.7393],[16.4735,39.74]]]}},{"type":"Feature","properties":{"landuse":"farmland"},"geometry":{"type":"Polygon","coordinates":[[[16.4852,39.7372],[16.489,39.7386],[16.4881,39.7403],[16.4852,39.7372]]]}},{"type":"Feature","properties":{"landuse":"orchard"},"geometry":{"type":"Polygon","coordinates":[[[16.4802,39.7265],[16.4824,39.7273],[16.48,39.7274],[16.4802,39.7265]]]}},{"type":"Feature","properties":{"landuse":"farmland"},"geometry":{"type":"Polygon","coordinates":[[[16.4786,39.7391],[16.473,39.7388],[16.4775,39.7337],[16.4816,39.7354],[16.4786,39.7391]]]}},{"type":"Feature","properties":{"landuse":"farmland"},"geometry":{"type":"Polygon","coordinates":[[[16.4845,39.7313],[16.4819,39.7355],[16.4775,39.7337],[16.4752,39.7361],[16.4807,39.7301],[16.4845,39.7313]]]}},{"type":"Feature","properties":{"landuse":"farmland"},"geometry":{"type":"Polygon","coordinates":[[[16.4865,39.7276],[16.4848,39.73],[16.4817,39.7294],[16.4865,39.7276]]]}},{"type":"Feature","properties":{"landuse":"farmland"},"geometry":{"type":"Polygon","coordinates":[[[16.4812,39.7292],[16.481,39.7276],[16.4824,39.7274],[16.4812,39.7292]]]}},{"type":"Feature","properties":{"landuse":"farmland"},"geometry":{"type":"Polygon","coordinates":[[[16.4688,39.7412],[16.4676,39.7436],[16.4677,39.7412],[16.4688,39.7412]]]}},{"type":"Feature","properties":{"landuse":"farmland"},"geometry":{"type":"Polygon","coordinates":[[[16.4678,39.7409],[16.4674,39.7425],[16.4666,39.7413],[16.4678,39.7409]]]}},{"type":"Feature","properties":{"landuse":"orchard"},"geometry":{"type":"Polygon","coordinates":[[[16.4655,39.7446],[16.463,39.7449],[16.467,39.744],[16.4655,39.7446]]]}},{"type":"Feature","properties":{"landuse":"farmland"},"geometry":{"type":"Polygon","coordinates":[[[16.4576,39.7423],[16.4588,39.7407],[16.4565,39.7432],[16.4576,39.7423]]]}},{"type":"Feature","properties":{"landuse":"farmland"},"geometry":{"type":"Polygon","coordinates":[[[16.4639,39.7436],[16.4598,39.7436],[16.4634,39.7408],[16.4639,39.7436]]]}},{"type":"Feature","properties":{"landuse":"orchard"},"geometry":{"type":"Polygon","coordinates":[[[16.4597,39.7418],[16.4562,39.7437],[16.4588,39.7407],[16.4597,39.7418]]]}},{"type":"Feature","properties":{"landuse":"orchard"},"geometry":{"type":"Polygon","coordinates":[[[16.1662,39.7828],[16.1665,39.7817],[16.1693,39.7829],[16.1662,39.7828]]]}},{"type":"Feature","properties":{"landuse":"orchard"},"geometry":{"type":"Polygon","coordinates":[[[16.1692,39.7777],[16.1658,39.7774],[16.1697,39.775],[16.1692,39.7777]]]}},{"type":"Feature","properties":{"landuse":"vineyard"},"geometry":{"type":"Polygon","coordinates":[[[16.1673,39.7805],[16.1656,39.7791],[16.168,39.7788],[16.1673,39.7805]]]}},{"type":"Feature","properties":{"landuse":"farmland"},"geometry":{"type":"Polygon","coordinates":[[[16.2744,39.83],[16.2722,39.8294],[16.2738,39.8286],[16.2744,39.83]]]}},{"type":"Feature","properties":{"landuse":"orchard"},"geometry":{"type":"Polygon","coordinates":[[[16.2671,39.8293],[16.269,39.8315],[16.2639,39.8328],[16.2671,39.8293]]]}},{"type":"Feature","properties":{"landuse":"orchard"},"geometry":{"type":"Polygon","coordinates":[[[16.2693,39.8317],[16.2689,39.8331],[16.2684,39.8325],[16.2693,39.8317]]]}},{"type":"Feature","properties":{"landuse":"orchard"},"geometry":{"type":"Polygon","coordinates":[[[16.2686,39.8338],[16.266,39.8337],[16.2681,39.8325],[16.2686,39.8338]]]}},{"type":"Feature","properties":{"landuse":"orchard"},"geometry":{"type":"Polygon","coordinates":[[[16.2821,39.8259],[16.2812,39.8251],[16.2825,39.8246],[16.2821,39.8259]]]}},{"type":"Feature","properties":{"landuse":"farmland"},"geometry":{"type":"Polygon","coordinates":[[[16.2747,39.8304],[16.2754,39.8314],[16.2732,39.8322],[16.2747,39.8304]]]}},{"type":"Feature","properties":{"landuse":"orchard"},"geometry":{"type":"Polygon","coordinates":[[[16.3998,39.8243],[16.4003,39.8228],[16.4032,39.8236],[16.3998,39.8243]]]}},{"type":"Feature","properties":{"landuse":"orchard"},"geometry":{"type":"Polygon","coordinates":[[[16.4003,39.8228],[16.3968,39.8238],[16.3966,39.8214],[16.4003,39.8228]]]}},{"type":"Feature","properties":{"landuse":"orchard"},"geometry":{"type":"Polygon","coordinates":[[[16.3947,39.8208],[16.396,39.823],[16.3931,39.822],[16.3947,39.8208]]]}},{"type":"Feature","properties":{"landuse":"orchard"},"geometry":{"type":"Polygon","coordinates":[[[16.3949,39.8186],[16.3954,39.8194],[16.3943,39.8194],[16.3949,39.8186]]]}},{"type":"Feature","properties":{"landuse":"orchard"},"geometry":{"type":"Polygon","coordinates":[[[16.39,39.8209],[16.3905,39.8197],[16.3949,39.82],[16.39,39.8209]]]}},{"type":"Feature","properties":{"landuse":"orchard"},"geometry":{"type":"Polygon","coordinates":[[[16.3961,39.8118],[16.3928,39.8133],[16.3949,39.8097],[16.3961,39.8118]]]}},{"type":"Feature","properties":{"landuse":"orchard"},"geometry":{"type":"Polygon","coordinates":[[[16.3929,39.8101],[16.3931,39.8078],[16.394,39.8082],[16.3929,39.8101]]]}},{"type":"Feature","properties":{"landuse":"farmland"},"geometry":{"type":"Polygon","coordinates":[[[16.3925,39.8081],[16.3929,39.8088],[16.3916,39.8096],[16.3925,39.8081]]]}},{"type":"Feature","properties":{"landuse":"farmland"},"geometry":{"type":"Polygon","coordinates":[[[16.3916,39.8096],[16.3929,39.8101],[16.392,39.8115],[16.3916,39.8096]]]}},{"type":"Feature","properties":{"landuse":"orchard"},"geometry":{"type":"Polygon","coordinates":[[[16.3927,39.8107],[16.3939,39.8091],[16.392,39.8126],[16.3927,39.8107]]]}},{"type":"Feature","properties":{"landuse":"farmland"},"geometry":{"type":"Polygon","coordinates":[[[16.387,39.8144],[16.3882,39.8143],[16.3879,39.8156],[16.387,39.8144]]]}},{"type":"Feature","properties":{"landuse":"farmland"},"geometry":{"type":"Polygon","coordinates":[[[16.3859,39.8155],[16.386,39.8165],[16.384,39.8163],[16.3859,39.8155]]]}},{"type":"Feature","properties":{"landuse":"orchard"},"geometry":{"type":"Polygon","coordinates":[[[16.3771,39.823],[16.3781,39.8199],[16.3807,39.82],[16.3771,39.823]]]}},{"type":"Feature","properties":{"landuse":"farmland"},"geometry":{"type":"Polygon","coordinates":[[[16.3768,39.8218],[16.3763,39.8234],[16.3749,39.8214],[16.3768,39.8218]]]}},{"type":"Feature","properties":{"landuse":"farmland"},"geometry":{"type":"Polygon","coordinates":[[[16.3775,39.8192],[16.3803,39.8193],[16.3775,39.821],[16.3775,39.8192]]]}},{"type":"Feature","properties":{"landuse":"orchard"},"geometry":{"type":"Polygon","coordinates":[[[16.379,39.8261],[16.3831,39.8252],[16.3804,39.8277],[16.379,39.8261]]]}},{"type":"Feature","properties":{"landuse":"orchard"},"geometry":{"type":"Polygon","coordinates":[[[15.7685,37.9199],[15.7666,37.918],[15.7683,37.9181],[15.7685,37.9199]]]}},{"type":"Feature","properties":{"landuse":"orchard"},"geometry":{"type":"Polygon","coordinates":[[[15.773,37.921],[15.7722,37.9218],[15.7719,37.9206],[15.773,37.921]]]}},{"type":"Feature","properties":{"landuse":"orchard"},"geometry":{"type":"Polygon","coordinates":[[[15.7725,37.9265],[15.77,37.9258],[15.7707,37.9225],[15.7725,37.9265]]]}},{"type":"Feature","properties":{"landuse":"orchard"},"geometry":{"type":"Polygon","coordinates":[[[15.7701,37.9306],[15.7683,37.9318],[15.767,37.9299],[15.7701,37.9306]]]}},{"type":"Feature","properties":{"landuse":"orchard"},"geometry":{"type":"Polygon","coordinates":[[[15.7683,37.9333],[15.7647,37.9329],[15.7655,37.9321],[15.7683,37.9333]]]}},{"type":"Feature","properties":{"landuse":"orchard"},"geometry":{"type":"Polygon","coordinates":[[[15.7772,37.934],[15.778,37.9353],[15.7765,37.9356],[15.7772,37.934]]]}},{"type":"Feature","properties":{"landuse":"orchard"},"geometry":{"type":"Polygon","coordinates":[[[15.774,37.9408],[15.7707,37.9402],[15.7741,37.9393],[15.774,37.9408]]]}},{"type":"Feature","properties":{"landuse":"orchard"},"geometry":{"type":"Polygon","coordinates":[[[15.7712,37.9396],[15.77,37.9409],[15.7723,37.9388],[15.7712,37.9396]]]}},{"type":"Feature","properties":{"landuse":"orchard"},"geometry":{"type":"Polygon","coordinates":[[[15.7693,37.9411],[15.7727,37.9428],[15.7703,37.9423],[15.7693,37.9411]]]}},{"type":"Feature","properties":{"landuse":"farmland"},"geometry":{"type":"Polygon","coordinates":[[[15.7737,37.9441],[15.7752,37.9435],[15.7757,37.9444],[15.7737,37.9441]]]}},{"type":"Feature","properties":{"landuse":"orchard"},"geometry":{"type":"Polygon","coordinates":[[[15.7705,37.9465],[15.7765,37.9476],[15.7708,37.9488],[15.7705,37.9465]]]}},{"type":"Feature","properties":{"landuse":"farmland"},"geometry":{"type":"Polygon","coordinates":[[[15.778,37.9292],[15.7722,37.9238],[15.7755,37.9227],[15.778,37.9292]]]}},{"type":"Feature","properties":{"landuse":"orchard"},"geometry":{"type":"Polygon","coordinates":[[[15.762,37.9447],[15.764,37.9474],[15.7628,37.9473],[15.762,37.9447]]]}},{"type":"Feature","properties":{"landuse":"farmland"},"geometry":{"type":"Polygon","coordinates":[[[15.7647,37.9477],[15.7636,37.9483],[15.7632,37.9446],[15.7647,37.9477]]]}},{"type":"Feature","properties":{"landuse":"orchard"},"geometry":{"type":"Polygon","coordinates":[[[15.7651,37.9488],[15.7645,37.9497],[15.7637,37.9483],[15.7651,37.9488]]]}},{"type":"Feature","properties":{"landuse":"orchard"},"geometry":{"type":"Polygon","coordinates":[[[15.7627,37.9536],[15.7609,37.9519],[15.7625,37.9517],[15.7627,37.9536]]]}},{"type":"Feature","properties":{"landuse":"orchard"},"geometry":{"type":"Polygon","coordinates":[[[15.7692,37.9481],[15.7683,37.9497],[15.7697,37.9464],[15.7692,37.9481]]]}},{"type":"Feature","properties":{"landuse":"orchard"},"geometry":{"type":"Polygon","coordinates":[[[15.7646,37.9502],[15.7677,37.9517],[15.7664,37.9526],[15.7646,37.9502]]]}},{"type":"Feature","properties":{"landuse":"farmland"},"geometry":{"type":"Polygon","coordinates":[[[15.7657,37.9489],[15.7676,37.9484],[15.7681,37.9498],[15.7657,37.9489]]]}},{"type":"Feature","properties":{"landuse":"farmland"},"geometry":{"type":"Polygon","coordinates":[[[15.7677,37.9511],[15.7665,37.9501],[15.7676,37.9499],[15.7677,37.9511]]]}},{"type":"Feature","properties":{"landuse":"orchard"},"geometry":{"type":"Polygon","coordinates":[[[15.754,37.9509],[15.752,37.9503],[15.7553,37.9499],[15.754,37.9509]]]}},{"type":"Feature","properties":{"landuse":"orchard"},"geometry":{"type":"Polygon","coordinates":[[[15.7538,37.9564],[15.7516,37.9553],[15.7554,37.9552],[15.7538,37.9564]]]}},{"type":"Feature","properties":{"landuse":"orchard"},"geometry":{"type":"Polygon","coordinates":[[[15.7546,37.9536],[15.7562,37.9546],[15.7538,37.9546],[15.7546,37.9536]]]}},{"type":"Feature","properties":{"landuse":"farmland"},"geometry":{"type":"Polygon","coordinates":[[[15.7534,37.9545],[15.7529,37.9535],[15.7536,37.9529],[15.7534,37.9545]]]}},{"type":"Feature","properties":{"landuse":"farmland"},"geometry":{"type":"Polygon","coordinates":[[[15.7517,37.9536],[15.7515,37.9553],[15.75,37.954],[15.7517,37.9536]]]}},{"type":"Feature","properties":{"landuse":"farmland"},"geometry":{"type":"Polygon","coordinates":[[[15.7531,37.9489],[15.7499,37.9495],[15.7495,37.9464],[15.7531,37.9489]]]}},{"type":"Feature","properties":{"landuse":"farmland"},"geometry":{"type":"Polygon","coordinates":[[[15.7547,37.9541],[15.7558,37.9534],[15.7568,37.9543],[15.7547,37.9541]]]}},{"type":"Feature","properties":{"landuse":"farmland"},"geometry":{"type":"Polygon","coordinates":[[[15.7441,37.9511],[15.7436,37.9506],[15.7453,37.9501],[15.7441,37.9511]]]}},{"type":"Feature","properties":{"landuse":"orchard"},"geometry":{"type":"Polygon","coordinates":[[[16.1327,39.6936],[16.1317,39.692],[16.1342,39.6925],[16.1327,39.6936]]]}},{"type":"Feature","properties":{"landuse":"farmland"},"geometry":{"type":"Polygon","coordinates":[[[16.1309,39.695],[16.1307,39.6937],[16.1319,39.6934],[16.1309,39.695]]]}},{"type":"Feature","properties":{"landuse":"farmland"},"geometry":{"type":"Polygon","coordinates":[[[16.1274,39.6968],[16.1266,39.697],[16.1285,39.6958],[16.1274,39.6968]]]}},{"type":"Feature","properties":{"landuse":"farmland"},"geometry":{"type":"Polygon","coordinates":[[[16.132,39.6953],[16.139,39.6945],[16.1377,39.6966],[16.132,39.6953]]]}},{"type":"Feature","properties":{"landuse":"orchard"},"geometry":{"type":"Polygon","coordinates":[[[16.1265,39.7011],[16.1265,39.699],[16.1278,39.699],[16.1265,39.7011]]]}},{"type":"Feature","properties":{"landuse":"orchard"},"geometry":{"type":"Polygon","coordinates":[[[16.1386,39.7008],[16.1386,39.699],[16.1403,39.7],[16.1386,39.7008]]]}},{"type":"Feature","properties":{"landuse":"farmland"},"geometry":{"type":"Polygon","coordinates":[[[16.1401,39.7022],[16.1409,39.7034],[16.1389,39.7016],[16.1401,39.7022]]]}},{"type":"Feature","properties":{"landuse":"orchard"},"geometry":{"type":"Polygon","coordinates":[[[16.142,39.7018],[16.1387,39.7014],[16.141,39.7],[16.142,39.7018]]]}},{"type":"Feature","properties":{"landuse":"orchard"},"geometry":{"type":"Polygon","coordinates":[[[16.1382,39.698],[16.139,39.6957],[16.1412,39.6973],[16.1382,39.698]]]}},{"type":"Feature","properties":{"landuse":"orchard"},"geometry":{"type":"Polygon","coordinates":[[[16.1387,39.6956],[16.1397,39.6934],[16.1397,39.6957],[16.1387,39.6956]]]}},{"type":"Feature","properties":{"landuse":"orchard"},"geometry":{"type":"Polygon","coordinates":[[[16.1346,39.6869],[16.1356,39.6893],[16.1318,39.6875],[16.1346,39.6869]]]}},{"type":"Feature","properties":{"landuse":"farmland"},"geometry":{"type":"Polygon","coordinates":[[[16.1292,39.6919],[16.1303,39.6926],[16.1288,39.6926],[16.1292,39.6919]]]}},{"type":"Feature","properties":{"landuse":"orchard"},"geometry":{"type":"Polygon","coordinates":[[[16.133,39.6891],[16.1342,39.6904],[16.1336,39.6906],[16.133,39.6891]]]}},{"type":"Feature","properties":{"landuse":"orchard"},"geometry":{"type":"Polygon","coordinates":[[[16.1371,39.6934],[16.1364,39.6953],[16.1348,39.6946],[16.1371,39.6934]]]}},{"type":"Feature","properties":{"landuse":"orchard"},"geometry":{"type":"Polygon","coordinates":[[[16.1392,39.6848],[16.1377,39.6833],[16.1397,39.6817],[16.1392,39.6848]]]}},{"type":"Feature","properties":{"landuse":"orchard"},"geometry":{"type":"Polygon","coordinates":[[[16.1383,39.6848],[16.1383,39.6918],[16.1376,39.6821],[16.1383,39.6848]]]}},{"type":"Feature","properties":{"landuse":"farmland"},"geometry":{"type":"Polygon","coordinates":[[[16.1412,39.6873],[16.1406,39.6872],[16.1412,39.6855],[16.1412,39.6873]]]}},{"type":"Feature","properties":{"landuse":"orchard"},"geometry":{"type":"Polygon","coordinates":[[[16.1412,39.6886],[16.1396,39.6879],[16.1412,39.6873],[16.1412,39.6886]]]}},{"type":"Feature","properties":{"landuse":"farmland"},"geometry":{"type":"Polygon","coordinates":[[[16.1409,39.6847],[16.1395,39.6864],[16.1388,39.685],[16.1409,39.6847]]]}},{"type":"Feature","properties":{"landuse":"farmland"},"geometry":{"type":"Polygon","coordinates":[[[16.1418,39.6871],[16.1433,39.6855],[16.1431,39.6869],[16.1418,39.6871]]]}},{"type":"Feature","properties":{"landuse":"orchard"},"geometry":{"type":"Polygon","coordinates":[[[16.144,39.6878],[16.1411,39.6899],[16.1413,39.6872],[16.144,39.6878]]]}},{"type":"Feature","properties":{"landuse":"orchard"},"geometry":{"type":"Polygon","coordinates":[[[16.1405,39.6995],[16.1414,39.6983],[16.1425,39.6989],[16.1405,39.6995]]]}},{"type":"Feature","properties":{"landuse":"farmland"},"geometry":{"type":"Polygon","coordinates":[[[16.1423,39.6992],[16.147,39.6994],[16.1434,39.7013],[16.1423,39.6992]]]}},{"type":"Feature","properties":{"landuse":"orchard"},"geometry":{"type":"Polygon","coordinates":[[[16.1414,39.6997],[16.1423,39.6992],[16.1428,39.7008],[16.1414,39.6997]]]}},{"type":"Feature","properties":{"landuse":"orchard"},"geometry":{"type":"Polygon","coordinates":[[[16.1414,39.6983],[16.1429,39.6965],[16.1447,39.6993],[16.1414,39.6983]]]}},{"type":"Feature","properties":{"landuse":"orchard"},"geometry":{"type":"Polygon","coordinates":[[[16.1428,39.6911],[16.1445,39.6921],[16.1409,39.6935],[16.1428,39.6911]]]}},{"type":"Feature","properties":{"landuse":"farmland"},"geometry":{"type":"Polygon","coordinates":[[[16.1425,39.6909],[16.1433,39.6901],[16.1442,39.6911],[16.1425,39.6909]]]}},{"type":"Feature","properties":{"landuse":"orchard"},"geometry":{"type":"Polygon","coordinates":[[[16.144,39.6909],[16.1424,39.6893],[16.1467,39.6876],[16.144,39.6909]]]}},{"type":"Feature","properties":{"landuse":"orchard"},"geometry":{"type":"Polygon","coordinates":[[[16.1271,39.6944],[16.1239,39.6932],[16.1244,39.6903],[16.1271,39.6944]]]}},{"type":"Feature","properties":{"landuse":"orchard"},"geometry":{"type":"Polygon","coordinates":[[[16.1232,39.6862],[16.1273,39.6886],[16.1277,39.6932],[16.1232,39.6862]]]}},{"type":"Feature","properties":{"landuse":"orchard"},"geometry":{"type":"Polygon","coordinates":[[[16.1214,39.6872],[16.1183,39.6864],[16.1198,39.6825],[16.117,39.6832],[16.1194,39.6807],[16.123,39.6814],[16.1214,39.6872]]]}},{"type":"Feature","properties":{"landuse":"orchard"},"geometry":{"type":"Polygon","coordinates":[[[16.1217,39.6904],[16.1211,39.6891],[16.1229,39.6893],[16.1217,39.6904]]]}},{"type":"Feature","properties":{"landuse":"orchard"},"geometry":{"type":"Polygon","coordinates":[[[16.1295,39.6888],[16.1279,39.6885],[16.129,39.686],[16.1295,39.6888]]]}},{"type":"Feature","properties":{"landuse":"orchard"},"geometry":{"type":"Polygon","coordinates":[[[16.1232,39.7014],[16.1236,39.7026],[16.1224,39.702],[16.1232,39.7014]]]}},{"type":"Feature","properties":{"landuse":"orchard"},"geometry":{"type":"Polygon","coordinates":[[[16.1232,39.6996],[16.1206,39.7017],[16.1222,39.6982],[16.1232,39.6996]]]}},{"type":"Feature","properties":{"landuse":"farmland"},"geometry":{"type":"Polygon","coordinates":[[[16.1278,39.7035],[16.1286,39.7044],[16.1267,39.7037],[16.1278,39.7035]]]}},{"type":"Feature","properties":{"landuse":"orchard"},"geometry":{"type":"Polygon","coordinates":[[[15.7495,37.9249],[15.7514,37.9282],[15.7494,37.9289],[15.7495,37.9249]]]}},{"type":"Feature","properties":{"landuse":"orchard"},"geometry":{"type":"Polygon","coordinates":[[[15.7488,37.93],[15.7453,37.9309],[15.7486,37.9293],[15.7488,37.93]]]}},{"type":"Feature","properties":{"landuse":"farmland"},"geometry":{"type":"Polygon","coordinates":[[[15.7443,37.9301],[15.7423,37.9284],[15.7476,37.9258],[15.7487,37.9288],[15.7443,37.9301]]]}},{"type":"Feature","properties":{"landuse":"orchard"},"geometry":{"type":"Polygon","coordinates":[[[15.7534,37.9235],[15.7506,37.925],[15.7502,37.9245],[15.7534,37.9235]]]}},{"type":"Feature","properties":{"landuse":"farmland"},"geometry":{"type":"Polygon","coordinates":[[[15.7519,37.9248],[15.7532,37.9257],[15.7518,37.9266],[15.7519,37.9248]]]}},{"type":"Feature","properties":{"landuse":"orchard"},"geometry":{"type":"Polygon","coordinates":[[[15.7526,37.925],[15.7542,37.9242],[15.7552,37.925],[15.7526,37.925]]]}},{"type":"Feature","properties":{"landuse":"orchard"},"geometry":{"type":"Polygon","coordinates":[[[15.7428,37.9277],[15.742,37.9272],[15.7435,37.9266],[15.7428,37.9277]]]}},{"type":"Feature","properties":{"landuse":"farmland"},"geometry":{"type":"Polygon","coordinates":[[[15.7603,37.9202],[15.761,37.9194],[15.7619,37.9211],[15.7603,37.9202]]]}},{"type":"Feature","properties":{"landuse":"farmland"},"geometry":{"type":"Polygon","coordinates":[[[15.7105,37.9403],[15.7116,37.9397],[15.7114,37.941],[15.7105,37.9403]]]}},{"type":"Feature","properties":{"landuse":"farmland"},"geometry":{"type":"Polygon","coordinates":[[[15.7129,37.9393],[15.7143,37.9389],[15.7148,37.9407],[15.7129,37.9393]]]}},{"type":"Feature","properties":{"landuse":"orchard"},"geometry":{"type":"Polygon","coordinates":[[[15.7126,37.9375],[15.7134,37.9388],[15.7121,37.9392],[15.7126,37.9375]]]}},{"type":"Feature","properties":{"landuse":"orchard"},"geometry":{"type":"Polygon","coordinates":[[[15.7099,37.9465],[15.709,37.9474],[15.7076,37.9468],[15.7099,37.9465]]]}},{"type":"Feature","properties":{"landuse":"orchard"},"geometry":{"type":"Polygon","coordinates":[[[15.7103,37.9508],[15.7115,37.9517],[15.7098,37.9517],[15.7103,37.9508]]]}},{"type":"Feature","properties":{"landuse":"orchard"},"geometry":{"type":"Polygon","coordinates":[[[15.7077,37.951],[15.7066,37.9516],[15.7056,37.9489],[15.7075,37.9502],[15.7051,37.9476],[15.7077,37.951]]]}},{"type":"Feature","properties":{"landuse":"orchard"},"geometry":{"type":"Polygon","coordinates":[[[15.7084,37.9474],[15.7076,37.9482],[15.7064,37.9469],[15.7084,37.9474]]]}},{"type":"Feature","properties":{"landuse":"orchard"},"geometry":{"type":"Polygon","coordinates":[[[15.7074,37.9434],[15.7067,37.9453],[15.7046,37.9441],[15.7074,37.9434]]]}},{"type":"Feature","properties":{"landuse":"farmland"},"geometry":{"type":"Polygon","coordinates":[[[15.7152,37.9404],[15.7143,37.9389],[15.7201,37.9378],[15.7152,37.9404]]]}},{"type":"Feature","properties":{"landuse":"farmland"},"geometry":{"type":"Polygon","coordinates":[[[15.7242,37.9386],[15.7228,37.9376],[15.7264,37.9378],[15.7242,37.9386]]]}},{"type":"Feature","properties":{"landuse":"orchard"},"geometry":{"type":"Polygon","coordinates":[[[15.6967,38.0035],[15.7007,38.0039],[15.6998,38.0067],[15.6959,38.0059],[15.6967,38.0035]]]}},{"type":"Feature","properties":{"landuse":"orchard"},"geometry":{"type":"Polygon","coordinates":[[[15.7103,38.0065],[15.7063,38.0062],[15.7071,38.0037],[15.7103,38.0065]]]}},{"type":"Feature","properties":{"landuse":"orchard"},"geometry":{"type":"Polygon","coordinates":[[[15.7054,38.0019],[15.7085,38.0023],[15.7055,38.0045],[15.7054,38.0019]]]}},{"type":"Feature","properties":{"landuse":"orchard"},"geometry":{"type":"Polygon","coordinates":[[[15.7058,38.0014],[15.7042,38.0031],[15.6991,38.0015],[15.7058,38.0014]]]}},{"type":"Feature","properties":{"landuse":"orchard"},"geometry":{"type":"Polygon","coordinates":[[[15.6944,38.0041],[15.6971,38.0059],[15.6909,38.0071],[15.6944,38.0041]]]}},{"type":"Feature","properties":{"landuse":"orchard"},"geometry":{"type":"Polygon","coordinates":[[[15.7021,38.0082],[15.7013,38.0069],[15.7035,38.0073],[15.7021,38.0082]]]}},{"type":"Feature","properties":{"landuse":"orchard"},"geometry":{"type":"Polygon","coordinates":[[[15.6976,38.008],[15.6941,38.0092],[15.6917,38.0087],[15.6976,38.008]]]}},{"type":"Feature","properties":{"landuse":"orchard"},"geometry":{"type":"Polygon","coordinates":[[[15.6913,38.0031],[15.69,38.0023],[15.6919,38.0015],[15.6913,38.0031]]]}},{"type":"Feature","properties":{"landuse":"orchard"},"geometry":{"type":"Polygon","coordinates":[[[15.7026,38.003],[15.7042,38.0046],[15.6977,38.0022],[15.7026,38.003]]]}},{"type":"Feature","properties":{"landuse":"farmland"},"geometry":{"type":"Polygon","coordinates":[[[15.6571,37.9943],[15.6536,37.9942],[15.6541,37.9932],[15.6571,37.9943]]]}},{"type":"Feature","properties":{"landuse":"farmland"},"geometry":{"type":"Polygon","coordinates":[[[15.6504,37.9916],[15.6526,37.9934],[15.6486,37.9923],[15.6504,37.9916]]]}},{"type":"Feature","properties":{"landuse":"farmland"},"geometry":{"type":"Polygon","coordinates":[[[15.6456,37.9975],[15.649,37.9985],[15.6471,38.0001],[15.6456,37.9975]]]}},{"type":"Feature","properties":{"landuse":"farmland"},"geometry":{"type":"Polygon","coordinates":[[[15.6429,38.0013],[15.6476,38.0006],[15.6454,38.0027],[15.6429,38.0013]]]}},{"type":"Feature","properties":{"landuse":"farmland"},"geometry":{"type":"Polygon","coordinates":[[[15.7554,37.9401],[15.7561,37.9389],[15.7565,37.9419],[15.7554,37.9401]]]}},{"type":"Feature","properties":{"landuse":"orchard"},"geometry":{"type":"Polygon","coordinates":[[[15.7526,37.9361],[15.7542,37.9368],[15.7538,37.9378],[15.7526,37.9361]]]}},{"type":"Feature","properties":{"landuse":"orchard"},"geometry":{"type":"Polygon","coordinates":[[[15.7489,37.942],[15.7499,37.9434],[15.748,37.9428],[15.7489,37.942]]]}},{"type":"Feature","properties":{"landuse":"farmland"},"geometry":{"type":"Polygon","coordinates":[[[15.7574,37.9455],[15.7558,37.944],[15.7569,37.9422],[15.7574,37.9455]]]}},{"type":"Feature","properties":{"landuse":"orchard"},"geometry":{"type":"Polygon","coordinates":[[[15.7534,37.9429],[15.7546,37.9425],[15.7529,37.9421],[15.7553,37.9422],[15.7534,37.9429]]]}},{"type":"Feature","properties":{"landuse":"orchard"},"geometry":{"type":"Polygon","coordinates":[[[15.7553,37.9422],[15.7538,37.9408],[15.7555,37.938],[15.7553,37.9422]]]}},{"type":"Feature","properties":{"landuse":"orchard"},"geometry":{"type":"Polygon","coordinates":[[[15.7495,37.9345],[15.749,37.9355],[15.748,37.9339],[15.7495,37.9345]]]}},{"type":"Feature","properties":{"landuse":"greenhouse_horticulture"},"geometry":{"type":"Polygon","coordinates":[[[15.7497,37.9359],[15.7495,37.9346],[15.7503,37.9349],[15.7497,37.9359]]]}},{"type":"Feature","properties":{"landuse":"orchard"},"geometry":{"type":"Polygon","coordinates":[[[15.7493,37.9357],[15.7503,37.9349],[15.7519,37.9357],[15.7493,37.9357]]]}},{"type":"Feature","properties":{"landuse":"orchard"},"geometry":{"type":"Polygon","coordinates":[[[15.7486,37.9402],[15.7512,37.9397],[15.7525,37.9431],[15.7486,37.9402]]]}},{"type":"Feature","properties":{"landuse":"orchard"},"geometry":{"type":"Polygon","coordinates":[[[15.7487,37.9399],[15.7461,37.9418],[15.7513,37.9391],[15.7487,37.9399]]]}},{"type":"Feature","properties":{"landuse":"orchard"},"geometry":{"type":"Polygon","coordinates":[[[15.7459,37.933],[15.743,37.9319],[15.7436,37.9314],[15.7459,37.933]]]}},{"type":"Feature","properties":{"landuse":"orchard"},"geometry":{"type":"Polygon","coordinates":[[[15.7422,37.9452],[15.7437,37.9449],[15.7427,37.9465],[15.7422,37.9452]]]}},{"type":"Feature","properties":{"landuse":"orchard"},"geometry":{"type":"Polygon","coordinates":[[[15.7556,37.9229],[15.756,37.9257],[15.7538,37.9237],[15.7556,37.9229]]]}},{"type":"Feature","properties":{"landuse":"orchard"},"geometry":{"type":"Polygon","coordinates":[[[15.7585,37.9228],[15.7586,37.9243],[15.7575,37.9234],[15.7585,37.9228]]]}},{"type":"Feature","properties":{"landuse":"orchard"},"geometry":{"type":"Polygon","coordinates":[[[15.7543,37.9293],[15.755,37.9286],[15.7558,37.9303],[15.7543,37.9293]]]}},{"type":"Feature","properties":{"landuse":"orchard"},"geometry":{"type":"Polygon","coordinates":[[[15.7585,37.9314],[15.7558,37.9308],[15.7575,37.9286],[15.7585,37.9314]]]}},{"type":"Feature","properties":{"landuse":"orchard"},"geometry":{"type":"Polygon","coordinates":[[[15.75,37.9339],[15.7475,37.933],[15.75,37.9328],[15.75,37.9339]]]}},{"type":"Feature","properties":{"landuse":"orchard"},"geometry":{"type":"Polygon","coordinates":[[[15.7523,37.932],[15.7507,37.934],[15.7501,37.9329],[15.7523,37.932]]]}},{"type":"Feature","properties":{"landuse":"orchard"},"geometry":{"type":"Polygon","coordinates":[[[15.7527,37.9344],[15.7508,37.9341],[15.7535,37.9341],[15.7527,37.9344]]]}},{"type":"Feature","properties":{"landuse":"orchard"},"geometry":{"type":"Polygon","coordinates":[[[15.7525,37.9334],[15.7536,37.9318],[15.7537,37.9333],[15.7525,37.9334]]]}},{"type":"Feature","properties":{"landuse":"orchard"},"geometry":{"type":"Polygon","coordinates":[[[15.7658,37.9384],[15.7672,37.9389],[15.7658,37.9397],[15.7658,37.9384]]]}},{"type":"Feature","properties":{"landuse":"orchard"},"geometry":{"type":"Polygon","coordinates":[[[15.7673,37.943],[15.7662,37.9406],[15.7677,37.9405],[15.7673,37.943]]]}},{"type":"Feature","properties":{"landuse":"orchard"},"geometry":{"type":"Polygon","coordinates":[[[15.7663,37.9226],[15.7691,37.9208],[15.7694,37.9221],[15.7663,37.9226]]]}},{"type":"Feature","properties":{"landuse":"farmland"},"geometry":{"type":"Polygon","coordinates":[[[15.7687,37.9291],[15.7675,37.9286],[15.7691,37.9276],[15.7687,37.9291]]]}},{"type":"Feature","properties":{"landuse":"farmland"},"geometry":{"type":"Polygon","coordinates":[[[15.7622,37.9262],[15.7606,37.927],[15.7616,37.9257],[15.7622,37.9262]]]}},{"type":"Feature","properties":{"landuse":"orchard"},"geometry":{"type":"Polygon","coordinates":[[[15.76,37.9264],[15.762,37.9246],[15.7619,37.9257],[15.76,37.9264]]]}},{"type":"Feature","properties":{"landuse":"orchard"},"geometry":{"type":"Polygon","coordinates":[[[15.7622,37.9262],[15.7622,37.9278],[15.7607,37.9271],[15.7622,37.9262]]]}},{"type":"Feature","properties":{"landuse":"orchard"},"geometry":{"type":"Polygon","coordinates":[[[15.7598,37.9208],[15.7613,37.9214],[15.7614,37.923],[15.7598,37.9208]]]}},{"type":"Feature","properties":{"landuse":"orchard"},"geometry":{"type":"Polygon","coordinates":[[[16.2506,39.3686],[16.251,39.3679],[16.254,39.3689],[16.2535,39.3696],[16.2506,39.3686]]]}},{"type":"Feature","properties":{"landuse":"orchard"},"geometry":{"type":"Polygon","coordinates":[[[16.6184,39.0132],[16.6197,39.0133],[16.6177,39.0138],[16.6184,39.0132]]]}},{"type":"Feature","properties":{"landuse":"orchard"},"geometry":{"type":"Polygon","coordinates":[[[16.6255,39.0159],[16.6221,39.0133],[16.6251,39.0139],[16.6255,39.0159]]]}},{"type":"Feature","properties":{"landuse":"orchard"},"geometry":{"type":"Polygon","coordinates":[[[15.7632,37.9302],[15.764,37.9309],[15.7615,37.9313],[15.7632,37.9302]]]}},{"type":"Feature","properties":{"landuse":"farmland"},"geometry":{"type":"Polygon","coordinates":[[[15.7649,37.9391],[15.7669,37.948],[15.7639,37.9443],[15.7649,37.9391]]]}},{"type":"Feature","properties":{"landuse":"farmland"},"geometry":{"type":"Polygon","coordinates":[[[15.763,37.9458],[15.7621,37.9447],[15.7632,37.9444],[15.763,37.9458]]]}},{"type":"Feature","properties":{"landuse":"orchard"},"geometry":{"type":"Polygon","coordinates":[[[15.7614,37.9431],[15.7581,37.9422],[15.7577,37.9404],[15.7614,37.9431]]]}},{"type":"Feature","properties":{"landuse":"orchard"},"geometry":{"type":"Polygon","coordinates":[[[15.7603,37.9429],[15.7617,37.9437],[15.7607,37.945],[15.7591,37.9423],[15.7603,37.9429]]]}},{"type":"Feature","properties":{"landuse":"orchard"},"geometry":{"type":"Polygon","coordinates":[[[15.7607,37.945],[15.759,37.9456],[15.7592,37.9437],[15.7607,37.945]]]}},{"type":"Feature","properties":{"landuse":"farmland"},"geometry":{"type":"Polygon","coordinates":[[[15.7592,37.9433],[15.7595,37.9461],[15.7583,37.946],[15.7592,37.9433]]]}},{"type":"Feature","properties":{"landuse":"orchard"},"geometry":{"type":"Polygon","coordinates":[[[16.2426,39.3807],[16.2491,39.3823],[16.2428,39.382],[16.2426,39.3807]]]}},{"type":"Feature","properties":{"landuse":"orchard"},"geometry":{"type":"Polygon","coordinates":[[[16.2431,39.3831],[16.2429,39.3822],[16.2484,39.3839],[16.248,39.3848],[16.2431,39.3831]]]}},{"type":"Feature","properties":{"landuse":"orchard"},"geometry":{"type":"Polygon","coordinates":[[[16.2481,39.3848],[16.249,39.3829],[16.2497,39.3854],[16.2481,39.3848]]]}},{"type":"Feature","properties":{"landuse":"orchard"},"geometry":{"type":"Polygon","coordinates":[[[16.2476,39.3856],[16.2447,39.3846],[16.248,39.3848],[16.2476,39.3856]]]}},{"type":"Feature","properties":{"landuse":"orchard"},"geometry":{"type":"Polygon","coordinates":[[[16.2466,39.3877],[16.2437,39.3862],[16.2471,39.3867],[16.2466,39.3877]]]}},{"type":"Feature","properties":{"landuse":"farmland"},"geometry":{"type":"Polygon","coordinates":[[[16.2436,39.3853],[16.2431,39.3831],[16.2476,39.3856],[16.2436,39.3853]]]}},{"type":"Feature","properties":{"landuse":"orchard"},"geometry":{"type":"Polygon","coordinates":[[[15.7241,37.9404],[15.7232,37.9397],[15.7247,37.9392],[15.7241,37.9404]]]}},{"type":"Feature","properties":{"landuse":"orchard"},"geometry":{"type":"Polygon","coordinates":[[[15.7263,37.9399],[15.7258,37.9414],[15.7249,37.9394],[15.7263,37.9399]]]}},{"type":"Feature","properties":{"landuse":"orchard"},"geometry":{"type":"Polygon","coordinates":[[[15.725,37.9404],[15.7256,37.9417],[15.7241,37.942],[15.725,37.9404]]]}},{"type":"Feature","properties":{"landuse":"orchard"},"geometry":{"type":"Polygon","coordinates":[[[15.7282,37.937],[15.7274,37.9389],[15.7266,37.9379],[15.7282,37.937]]]}},{"type":"Feature","properties":{"landuse":"farmland"},"geometry":{"type":"Polygon","coordinates":[[[15.7662,39.923],[15.767,39.9213],[15.7684,39.9224],[15.7662,39.923]]]}},{"type":"Feature","properties":{"landuse":"farmland"},"geometry":{"type":"Polygon","coordinates":[[[15.7599,39.9222],[15.7581,39.9223],[15.759,39.9215],[15.7599,39.9222]]]}},{"type":"Feature","properties":{"landuse":"farmland"},"geometry":{"type":"Polygon","coordinates":[[[15.7641,39.9253],[15.7597,39.9235],[15.7604,39.9224],[15.7641,39.9253]]]}},{"type":"Feature","properties":{"landuse":"orchard"},"geometry":{"type":"Polygon","coordinates":[[[16.2437,39.3992],[16.2435,39.3978],[16.2447,39.3981],[16.2437,39.3992]]]}},{"type":"Feature","properties":{"landuse":"farmland"},"geometry":{"type":"Polygon","coordinates":[[[16.2378,39.3951],[16.2431,39.3998],[16.238,39.399],[16.2378,39.3951]]]}},{"type":"Feature","properties":{"landuse":"farmland"},"geometry":{"type":"Polygon","coordinates":[[[16.2384,39.3962],[16.239,39.3949],[16.2403,39.3952],[16.2384,39.3962]]]}},{"type":"Feature","properties":{"landuse":"orchard"},"geometry":{"type":"Polygon","coordinates":[[[16.2276,39.3731],[16.2279,39.3744],[16.2263,39.3753],[16.2276,39.3731]]]}},{"type":"Feature","properties":{"landuse":"orchard"},"geometry":{"type":"Polygon","coordinates":[[[16.2294,39.373],[16.2294,39.3722],[16.2309,39.3724],[16.2294,39.373]]]}},{"type":"Feature","properties":{"landuse":"farmland"},"geometry":{"type":"Polygon","coordinates":[[[15.7746,39.9118],[15.776,39.9124],[15.7756,39.9129],[15.7746,39.9118]]]}},{"type":"Feature","properties":{"landuse":"farmland"},"geometry":{"type":"Polygon","coordinates":[[[15.7766,39.9116],[15.7766,39.9092],[15.7779,39.9099],[15.7766,39.9116]]]}},{"type":"Feature","properties":{"landuse":"farmland"},"geometry":{"type":"Polygon","coordinates":[[[16.2515,39.3873],[16.2528,39.385],[16.255,39.388],[16.2515,39.3873]]]}},{"type":"Feature","properties":{"landuse":"farmland"},"geometry":{"type":"Polygon","coordinates":[[[16.2498,39.385],[16.2509,39.3861],[16.2497,39.386],[16.2498,39.385]]]}},{"type":"Feature","properties":{"landuse":"orchard"},"geometry":{"type":"Polygon","coordinates":[[[16.2521,39.3883],[16.2515,39.3875],[16.255,39.388],[16.2521,39.3883]]]}},{"type":"Feature","properties":{"landuse":"farmland"},"geometry":{"type":"Polygon","coordinates":[[[16.2437,39.3862],[16.2457,39.3869],[16.2463,39.3885],[16.2437,39.3862]]]}},{"type":"Feature","properties":{"landuse":"farmland"},"geometry":{"type":"Polygon","coordinates":[[[16.2507,39.3792],[16.2526,39.3747],[16.2544,39.3801],[16.2507,39.3792]]]}},{"type":"Feature","properties":{"landuse":"orchard"},"geometry":{"type":"Polygon","coordinates":[[[16.2545,39.3516],[16.255,39.3507],[16.2561,39.3512],[16.2545,39.3516]]]}},{"type":"Feature","properties":{"landuse":"orchard"},"geometry":{"type":"Polygon","coordinates":[[[16.762,39.3166],[16.7633,39.319],[16.7624,39.3203],[16.762,39.3166]]]}},{"type":"Feature","properties":{"landuse":"orchard"},"geometry":{"type":"Polygon","coordinates":[[[16.7623,39.3167],[16.7646,39.3169],[16.7628,39.3177],[16.7623,39.3167]]]}},{"type":"Feature","properties":{"landuse":"orchard"},"geometry":{"type":"Polygon","coordinates":[[[16.7457,39.3031],[16.7449,39.3053],[16.7447,39.3028],[16.7457,39.3031]]]}},{"type":"Feature","properties":{"landuse":"vineyard"},"geometry":{"type":"Polygon","coordinates":[[[16.5115,39.6458],[16.5129,39.6438],[16.5181,39.6476],[16.513,39.6483],[16.5115,39.6458]]]}},{"type":"Feature","properties":{"landuse":"orchard"},"geometry":{"type":"Polygon","coordinates":[[[16.5116,39.6438],[16.5124,39.6404],[16.5136,39.6407],[16.5116,39.6438]]]}},{"type":"Feature","properties":{"landuse":"orchard"},"geometry":{"type":"Polygon","coordinates":[[[16.5162,39.6492],[16.5202,39.6453],[16.5195,39.6494],[16.5162,39.6492]]]}},{"type":"Feature","properties":{"landuse":"orchard"},"geometry":{"type":"Polygon","coordinates":[[[16.5162,39.6493],[16.5185,39.6501],[16.5171,39.6511],[16.5162,39.6493]]]}},{"type":"Feature","properties":{"landuse":"orchard"},"geometry":{"type":"Polygon","coordinates":[[[16.5161,39.6455],[16.5161,39.6442],[16.5195,39.6442],[16.5161,39.6455]]]}},{"type":"Feature","properties":{"landuse":"orchard"},"geometry":{"type":"Polygon","coordinates":[[[16.5148,39.6389],[16.5134,39.6382],[16.5141,39.6367],[16.5148,39.6389]]]}},{"type":"Feature","properties":{"landuse":"farmland"},"geometry":{"type":"Polygon","coordinates":[[[16.5124,39.6404],[16.5153,39.6391],[16.5151,39.641],[16.5124,39.6404]]]}},{"type":"Feature","properties":{"landuse":"orchard"},"geometry":{"type":"Polygon","coordinates":[[[16.515,39.6411],[16.5153,39.6391],[16.5174,39.64],[16.515,39.6411]]]}},{"type":"Feature","properties":{"landuse":"orchard"},"geometry":{"type":"Polygon","coordinates":[[[16.5207,39.6515],[16.5201,39.6494],[16.5218,39.6488],[16.5207,39.6515]]]}},{"type":"Feature","properties":{"landuse":"orchard"},"geometry":{"type":"Polygon","coordinates":[[[16.5218,39.6452],[16.5226,39.6434],[16.5239,39.6435],[16.5218,39.6452]]]}},{"type":"Feature","properties":{"landuse":"orchard"},"geometry":{"type":"Polygon","coordinates":[[[16.5227,39.6445],[16.5251,39.643],[16.5237,39.645],[16.5227,39.6445]]]}},{"type":"Feature","properties":{"landuse":"orchard"},"geometry":{"type":"Polygon","coordinates":[[[16.5219,39.6412],[16.5239,39.6419],[16.5235,39.6426],[16.5219,39.6412]]]}},{"type":"Feature","properties":{"landuse":"orchard"},"geometry":{"type":"Polygon","coordinates":[[[16.5213,39.6455],[16.5231,39.6459],[16.522,39.6474],[16.5213,39.6455]]]}},{"type":"Feature","properties":{"landuse":"orchard"},"geometry":{"type":"Polygon","coordinates":[[[16.5183,39.6372],[16.5184,39.6353],[16.5197,39.6359],[16.5183,39.6372]]]}},{"type":"Feature","properties":{"landuse":"orchard"},"geometry":{"type":"Polygon","coordinates":[[[16.5136,39.6348],[16.5163,39.633],[16.5144,39.6358],[16.5136,39.6348]]]}},{"type":"Feature","properties":{"landuse":"orchard"},"geometry":{"type":"Polygon","coordinates":[[[16.5124,39.6364],[16.5126,39.6347],[16.5141,39.6355],[16.5124,39.6364]]]}},{"type":"Feature","properties":{"landuse":"orchard"},"geometry":{"type":"Polygon","coordinates":[[[16.5077,39.636],[16.5112,39.6349],[16.5117,39.6414],[16.5077,39.636]]]}},{"type":"Feature","properties":{"landuse":"farmland"},"geometry":{"type":"Polygon","coordinates":[[[16.5125,39.638],[16.5124,39.6364],[16.5141,39.6355],[16.5125,39.638]]]}},{"type":"Feature","properties":{"landuse":"orchard"},"geometry":{"type":"Polygon","coordinates":[[[16.5235,39.652],[16.5252,39.6539],[16.5227,39.6548],[16.5235,39.652]]]}},{"type":"Feature","properties":{"landuse":"orchard"},"geometry":{"type":"Polygon","coordinates":[[[16.5243,39.6516],[16.526,39.6505],[16.5259,39.6518],[16.5243,39.6516]]]}},{"type":"Feature","properties":{"landuse":"orchard"},"geometry":{"type":"Polygon","coordinates":[[[16.5252,39.6533],[16.525,39.6519],[16.5276,39.6519],[16.5272,39.6535],[16.5252,39.6533]]]}},{"type":"Feature","properties":{"landuse":"orchard"},"geometry":{"type":"Polygon","coordinates":[[[16.5227,39.6549],[16.5253,39.6562],[16.5233,39.6561],[16.5227,39.6549]]]}},{"type":"Feature","properties":{"landuse":"orchard"},"geometry":{"type":"Polygon","coordinates":[[[16.5095,39.6486],[16.5067,39.648],[16.5082,39.6461],[16.5095,39.6486]]]}},{"type":"Feature","properties":{"landuse":"orchard"},"geometry":{"type":"Polygon","coordinates":[[[16.5068,39.6464],[16.5077,39.6433],[16.509,39.6434],[16.5068,39.6464]]]}},{"type":"Feature","properties":{"landuse":"orchard"},"geometry":{"type":"Polygon","coordinates":[[[16.5064,39.6349],[16.5088,39.633],[16.5077,39.6359],[16.5064,39.6349]]]}},{"type":"Feature","properties":{"landuse":"orchard"},"geometry":{"type":"Polygon","coordinates":[[[16.5077,39.6432],[16.5075,39.6405],[16.5097,39.6418],[16.5077,39.6432]]]}},{"type":"Feature","properties":{"landuse":"orchard"},"geometry":{"type":"Polygon","coordinates":[[[16.508,39.6406],[16.5075,39.6369],[16.5113,39.6414],[16.508,39.6406]]]}},{"type":"Feature","properties":{"landuse":"farmland"},"geometry":{"type":"Polygon","coordinates":[[[16.5091,39.6433],[16.5097,39.6418],[16.5113,39.6436],[16.5091,39.6433]]]}},{"type":"Feature","properties":{"landuse":"farmland"},"geometry":{"type":"Polygon","coordinates":[[[16.5091,39.6434],[16.5111,39.6457],[16.5089,39.6459],[16.5091,39.6434]]]}},{"type":"Feature","properties":{"landuse":"orchard"},"geometry":{"type":"Polygon","coordinates":[[[16.5307,39.6483],[16.5346,39.6449],[16.5338,39.6494],[16.5307,39.6483]]]}},{"type":"Feature","properties":{"landuse":"orchard"},"geometry":{"type":"Polygon","coordinates":[[[16.5256,39.648],[16.527,39.6481],[16.5255,39.6495],[16.5256,39.648]]]}},{"type":"Feature","properties":{"landuse":"orchard"},"geometry":{"type":"Polygon","coordinates":[[[16.5227,39.6496],[16.5223,39.6492],[16.5247,39.6489],[16.5227,39.6496]]]}},{"type":"Feature","properties":{"landuse":"orchard"},"geometry":{"type":"Polygon","coordinates":[[[16.5288,39.6479],[16.5291,39.6468],[16.5302,39.647],[16.5288,39.6479]]]}},{"type":"Feature","properties":{"landuse":"orchard"},"geometry":{"type":"Polygon","coordinates":[[[16.5369,39.6428],[16.5332,39.6433],[16.5361,39.6391],[16.5388,39.6417],[16.5369,39.6428]]]}},{"type":"Feature","properties":{"landuse":"orchard"},"geometry":{"type":"Polygon","coordinates":[[[16.5345,39.6447],[16.5342,39.6437],[16.5359,39.6431],[16.5345,39.6447]]]}},{"type":"Feature","properties":{"landuse":"orchard"},"geometry":{"type":"Polygon","coordinates":[[[16.5363,39.639],[16.5406,39.6372],[16.5388,39.6416],[16.5363,39.639]]]}},{"type":"Feature","properties":{"landuse":"orchard"},"geometry":{"type":"Polygon","coordinates":[[[16.5413,39.638],[16.5419,39.6367],[16.5429,39.6375],[16.5413,39.638]]]}},{"type":"Feature","properties":{"landuse":"orchard"},"geometry":{"type":"Polygon","coordinates":[[[16.5435,39.6429],[16.5422,39.6411],[16.5447,39.6426],[16.5435,39.6429]]]}},{"type":"Feature","properties":{"landuse":"orchard"},"geometry":{"type":"Polygon","coordinates":[[[16.5426,39.6386],[16.5427,39.6375],[16.5437,39.6383],[16.5426,39.6386]]]}},{"type":"Feature","properties":{"landuse":"orchard"},"geometry":{"type":"Polygon","coordinates":[[[16.5433,39.6408],[16.5418,39.6388],[16.5467,39.6413],[16.5433,39.6408]]]}},{"type":"Feature","properties":{"landuse":"orchard"},"geometry":{"type":"Polygon","coordinates":[[[16.5459,39.6415],[16.5474,39.642],[16.5457,39.6424],[16.5459,39.6415]]]}},{"type":"Feature","properties":{"landuse":"orchard"},"geometry":{"type":"Polygon","coordinates":[[[16.5432,39.6443],[16.5426,39.6432],[16.5453,39.6438],[16.5432,39.6443]]]}},{"type":"Feature","properties":{"landuse":"orchard"},"geometry":{"type":"Polygon","coordinates":[[[16.541,39.6435],[16.5408,39.6418],[16.542,39.6433],[16.541,39.6435]]]}},{"type":"Feature","properties":{"landuse":"orchard"},"geometry":{"type":"Polygon","coordinates":[[[16.5418,39.6434],[16.5431,39.6456],[16.5405,39.6464],[16.5418,39.6434]]]}},{"type":"Feature","properties":{"landuse":"orchard"},"geometry":{"type":"Polygon","coordinates":[[[16.5474,39.6473],[16.5476,39.6458],[16.5494,39.6467],[16.5474,39.6473]]]}},{"type":"Feature","properties":{"landuse":"orchard"},"geometry":{"type":"Polygon","coordinates":[[[16.5459,39.6431],[16.5475,39.644],[16.5458,39.6446],[16.5459,39.6431]]]}},{"type":"Feature","properties":{"landuse":"orchard"},"geometry":{"type":"Polygon","coordinates":[[[16.5252,39.6479],[16.5235,39.6468],[16.5264,39.648],[16.5252,39.6479]]]}},{"type":"Feature","properties":{"landuse":"orchard"},"geometry":{"type":"Polygon","coordinates":[[[16.5476,39.6447],[16.5489,39.6434],[16.5497,39.6442],[16.5476,39.6447]]]}},{"type":"Feature","properties":{"landuse":"farmland"},"geometry":{"type":"Polygon","coordinates":[[[16.5268,39.6568],[16.5287,39.6551],[16.5297,39.6589],[16.5268,39.6568]]]}},{"type":"Feature","properties":{"landuse":"farmland"},"geometry":{"type":"Polygon","coordinates":[[[16.5264,39.6556],[16.5263,39.6547],[16.5279,39.6546],[16.5264,39.6556]]]}},{"type":"Feature","properties":{"landuse":"farmland"},"geometry":{"type":"Polygon","coordinates":[[[16.5264,39.6556],[16.5275,39.6555],[16.5267,39.6566],[16.5264,39.6556]]]}},{"type":"Feature","properties":{"landuse":"orchard"},"geometry":{"type":"Polygon","coordinates":[[[16.5295,39.6449],[16.5281,39.6434],[16.5297,39.643],[16.5295,39.6449]]]}},{"type":"Feature","properties":{"landuse":"farmland"},"geometry":{"type":"Polygon","coordinates":[[[16.5261,39.6453],[16.5296,39.645],[16.5288,39.6479],[16.5261,39.6453]]]}},{"type":"Feature","properties":{"landuse":"farmland"},"geometry":{"type":"Polygon","coordinates":[[[16.5291,39.6468],[16.5312,39.6452],[16.5307,39.6483],[16.5291,39.6468]]]}},{"type":"Feature","properties":{"landuse":"orchard"},"geometry":{"type":"Polygon","coordinates":[[[16.5331,39.6458],[16.5328,39.6431],[16.5342,39.6451],[16.5331,39.6458]]]}},{"type":"Feature","properties":{"landuse":"orchard"},"geometry":{"type":"Polygon","coordinates":[[[16.5307,39.6427],[16.5308,39.6415],[16.5319,39.6422],[16.5307,39.6427]]]}},{"type":"Feature","properties":{"landuse":"farmland"},"geometry":{"type":"Polygon","coordinates":[[[16.5408,39.6393],[16.5418,39.6388],[16.5428,39.6401],[16.5408,39.6393]]]}},{"type":"Feature","properties":{"landuse":"farmland"},"geometry":{"type":"Polygon","coordinates":[[[16.5359,39.6431],[16.5366,39.642],[16.5346,39.6447],[16.5359,39.6431]]]}},{"type":"Feature","properties":{"landuse":"farmland"},"geometry":{"type":"Polygon","coordinates":[[[16.5347,39.6448],[16.5373,39.6443],[16.5386,39.6472],[16.5347,39.6448]]]}},{"type":"Feature","properties":{"landuse":"orchard"},"geometry":{"type":"Polygon","coordinates":[[[16.5199,39.6534],[16.5209,39.6524],[16.522,39.6548],[16.5199,39.6534]]]}},{"type":"Feature","properties":{"landuse":"farmland"},"geometry":{"type":"Polygon","coordinates":[[[16.5223,39.6489],[16.5247,39.648],[16.5247,39.6489],[16.5223,39.6489]]]}},{"type":"Feature","properties":{"landuse":"farmland"},"geometry":{"type":"Polygon","coordinates":[[[16.5259,39.642],[16.5278,39.6432],[16.5227,39.647],[16.5259,39.642]]]}},{"type":"Feature","properties":{"landuse":"orchard"},"geometry":{"type":"Polygon","coordinates":[[[16.5298,39.6442],[16.5308,39.6429],[16.533,39.6458],[16.5298,39.6442]]]}},{"type":"Feature","properties":{"landuse":"orchard"},"geometry":{"type":"Polygon","coordinates":[[[16.5307,39.6427],[16.5319,39.6422],[16.5321,39.6433],[16.5307,39.6427]]]}},{"type":"Feature","properties":{"landuse":"farmland"},"geometry":{"type":"Polygon","coordinates":[[[16.5254,39.656],[16.5263,39.6547],[16.5264,39.6556],[16.5254,39.656]]]}},{"type":"Feature","properties":{"landuse":"farmland"},"geometry":{"type":"Polygon","coordinates":[[[16.526,39.6509],[16.526,39.6495],[16.5268,39.6509],[16.526,39.6509]]]}},{"type":"Feature","properties":{"landuse":"orchard"},"geometry":{"type":"Polygon","coordinates":[[[16.6343,39.6074],[16.635,39.6096],[16.6331,39.6099],[16.6343,39.6074]]]}},{"type":"Feature","properties":{"landuse":"orchard"},"geometry":{"type":"Polygon","coordinates":[[[16.6434,39.6051],[16.648,39.6024],[16.6485,39.6048],[16.6434,39.6051]]]}},{"type":"Feature","properties":{"landuse":"orchard"},"geometry":{"type":"Polygon","coordinates":[[[16.6481,39.6024],[16.6579,39.6015],[16.6492,39.6072],[16.6481,39.6024]]]}},{"type":"Feature","properties":{"landuse":"greenhouse_horticulture"},"geometry":{"type":"Polygon","coordinates":[[[16.5733,39.2626],[16.5752,39.2613],[16.5739,39.2642],[16.5733,39.2626]]]}},{"type":"Feature","properties":{"landuse":"greenhouse_horticulture"},"geometry":{"type":"Polygon","coordinates":[[[16.5755,39.2629],[16.5778,39.2615],[16.5774,39.2626],[16.5755,39.2629]]]}},{"type":"Feature","properties":{"landuse":"greenhouse_horticulture"},"geometry":{"type":"Polygon","coordinates":[[[16.5721,39.2602],[16.5726,39.2589],[16.5743,39.2594],[16.5721,39.2602]]]}},{"type":"Feature","properties":{"landuse":"farmland"},"geometry":{"type":"Polygon","coordinates":[[[16.5299,39.2478],[16.5326,39.2473],[16.5319,39.2489],[16.5299,39.2478]]]}},{"type":"Feature","properties":{"landuse":"farmland"},"geometry":{"type":"Polygon","coordinates":[[[16.5311,39.2488],[16.5295,39.25],[16.5301,39.2485],[16.5311,39.2488]]]}},{"type":"Feature","properties":{"landuse":"farmland"},"geometry":{"type":"Polygon","coordinates":[[[16.3378,39.5836],[16.3392,39.5831],[16.339,39.5848],[16.3378,39.5836]]]}},{"type":"Feature","properties":{"landuse":"farmland"},"geometry":{"type":"Polygon","coordinates":[[[16.3391,39.5852],[16.3397,39.584],[16.3409,39.585],[16.3391,39.5852]]]}},{"type":"Feature","properties":{"landuse":"green_public_spaces"},"geometry":{"type":"Polygon","coordinates":[[[16.3502,39.5679],[16.3514,39.5701],[16.3489,39.5687],[16.3502,39.5679]]]}},{"type":"Feature","properties":{"landuse":"farmland"},"geometry":{"type":"Polygon","coordinates":[[[16.1578,39.6836],[16.1577,39.6827],[16.1588,39.6826],[16.1578,39.6836]]]}},{"type":"Feature","properties":{"landuse":"farmland"},"geometry":{"type":"Polygon","coordinates":[[[16.1556,39.6823],[16.1539,39.6816],[16.1551,39.6808],[16.1556,39.6823]]]}},{"type":"Feature","properties":{"landuse":"farmland"},"geometry":{"type":"Polygon","coordinates":[[[16.1516,39.6821],[16.1509,39.6809],[16.1546,39.6798],[16.1516,39.6821]]]}},{"type":"Feature","properties":{"landuse":"farmland"},"geometry":{"type":"Polygon","coordinates":[[[16.1471,39.6814],[16.1475,39.6805],[16.1501,39.6812],[16.1471,39.6814]]]}},{"type":"Feature","properties":{"landuse":"orchard"},"geometry":{"type":"Polygon","coordinates":[[[16.2377,39.3197],[16.2354,39.3195],[16.2338,39.3147],[16.2377,39.3197]]]}},{"type":"Feature","properties":{"landuse":"orchard"},"geometry":{"type":"Polygon","coordinates":[[[16.2293,39.3137],[16.2317,39.3151],[16.2296,39.3181],[16.2293,39.3137]]]}},{"type":"Feature","properties":{"landuse":"orchard"},"geometry":{"type":"Polygon","coordinates":[[[16.2262,39.3147],[16.2243,39.3165],[16.2244,39.3147],[16.2262,39.3147]]]}},{"type":"Feature","properties":{"landuse":"farmland"},"geometry":{"type":"Polygon","coordinates":[[[16.2441,39.4961],[16.2476,39.4963],[16.2483,39.4981],[16.2441,39.4961]]]}},{"type":"Feature","properties":{"landuse":"farmland"},"geometry":{"type":"Polygon","coordinates":[[[16.5426,39.6432],[16.5432,39.6443],[16.5419,39.6434],[16.5426,39.6432]]]}},{"type":"Feature","properties":{"landuse":"farmland"},"geometry":{"type":"Polygon","coordinates":[[[16.2311,39.5006],[16.2323,39.4995],[16.2322,39.5004],[16.2311,39.5006]]]}},{"type":"Feature","properties":{"landuse":"farmland"},"geometry":{"type":"Polygon","coordinates":[[[16.2159,39.5017],[16.2122,39.4971],[16.2138,39.4955],[16.2159,39.5017]]]}},{"type":"Feature","properties":{"landuse":"farmland"},"geometry":{"type":"Polygon","coordinates":[[[16.2133,39.4954],[16.2128,39.4955],[16.2132,39.4895],[16.2133,39.4954]]]}},{"type":"Feature","properties":{"landuse":"farmland"},"geometry":{"type":"Polygon","coordinates":[[[16.2359,39.4974],[16.2358,39.4965],[16.2384,39.4962],[16.2359,39.4974]]]}},{"type":"Feature","properties":{"landuse":"farmland"},"geometry":{"type":"Polygon","coordinates":[[[16.2431,39.5526],[16.2443,39.5496],[16.2444,39.5518],[16.2431,39.5526]]]}},{"type":"Feature","properties":{"landuse":"orchard"},"geometry":{"type":"Polygon","coordinates":[[[16.2482,39.5942],[16.2478,39.5935],[16.2493,39.5932],[16.2482,39.5942]]]}},{"type":"Feature","properties":{"landuse":"orchard"},"geometry":{"type":"Polygon","coordinates":[[[16.2475,39.5915],[16.2479,39.59],[16.2487,39.5913],[16.2475,39.5915]]]}},{"type":"Feature","properties":{"landuse":"vineyard"},"geometry":{"type":"Polygon","coordinates":[[[16.2342,39.5587],[16.2351,39.5548],[16.2378,39.5577],[16.2342,39.5587]]]}},{"type":"Feature","properties":{"landuse":"vineyard"},"geometry":{"type":"Polygon","coordinates":[[[16.2402,39.5554],[16.2421,39.5544],[16.2413,39.5561],[16.2402,39.5554]]]}},{"type":"Feature","properties":{"landuse":"greenhouse_horticulture"},"geometry":{"type":"Polygon","coordinates":[[[16.252,39.5515],[16.2481,39.5556],[16.2456,39.5493],[16.2437,39.5516],[16.2437,39.5457],[16.2443,39.5493],[16.2473,39.5443],[16.251,39.5465],[16.252,39.5515]]]}},{"type":"Feature","properties":{"landuse":"orchard"},"geometry":{"type":"Polygon","coordinates":[[[16.2468,39.5758],[16.2473,39.5771],[16.2461,39.5761],[16.2468,39.5758]]]}},{"type":"Feature","properties":{"landuse":"farmland"},"geometry":{"type":"Polygon","coordinates":[[[16.2494,39.5625],[16.2468,39.5589],[16.2496,39.56],[16.2494,39.5625]]]}},{"type":"Feature","properties":{"landuse":"orchard"},"geometry":{"type":"Polygon","coordinates":[[[16.4441,40.0561],[16.4454,40.0555],[16.4458,40.0572],[16.4441,40.0561]]]}},{"type":"Feature","properties":{"landuse":"orchard"},"geometry":{"type":"Polygon","coordinates":[[[16.4433,40.0559],[16.4424,40.0563],[16.4423,40.0544],[16.4433,40.0559]]]}},{"type":"Feature","properties":{"landuse":"orchard"},"geometry":{"type":"Polygon","coordinates":[[[16.2701,39.5135],[16.2731,39.5139],[16.2686,39.5157],[16.2701,39.5135]]]}},{"type":"Feature","properties":{"landuse":"orchard"},"geometry":{"type":"Polygon","coordinates":[[[16.4453,40.0584],[16.4433,40.0581],[16.4449,40.0566],[16.4453,40.0584]]]}},{"type":"Feature","properties":{"landuse":"orchard"},"geometry":{"type":"Polygon","coordinates":[[[16.4501,40.0617],[16.4478,40.0644],[16.4472,40.0626],[16.4501,40.0617]]]}},{"type":"Feature","properties":{"landuse":"orchard"},"geometry":{"type":"Polygon","coordinates":[[[16.4493,40.0559],[16.4476,40.0553],[16.4493,40.0551],[16.4493,40.0559]]]}},{"type":"Feature","properties":{"landuse":"orchard"},"geometry":{"type":"Polygon","coordinates":[[[16.445,40.0597],[16.4433,40.0605],[16.444,40.0587],[16.445,40.0597]]]}},{"type":"Feature","properties":{"landuse":"orchard"},"geometry":{"type":"Polygon","coordinates":[[[16.4459,40.06],[16.4458,40.057],[16.4493,40.0569],[16.4459,40.06]]]}},{"type":"Feature","properties":{"landuse":"orchard"},"geometry":{"type":"Polygon","coordinates":[[[16.4477,40.0624],[16.4496,40.0588],[16.4533,40.0594],[16.451,40.0647],[16.4486,40.0643],[16.4505,40.0618],[16.4477,40.0624]]]}},{"type":"Feature","properties":{"landuse":"farmland"},"geometry":{"type":"Polygon","coordinates":[[[16.2357,39.5249],[16.2377,39.5239],[16.2385,39.5265],[16.2357,39.5249]]]}},{"type":"Feature","properties":{"landuse":"orchard"},"geometry":{"type":"Polygon","coordinates":[[[16.2806,39.4852],[16.2824,39.4859],[16.2808,39.4867],[16.2806,39.4852]]]}},{"type":"Feature","properties":{"landuse":"orchard"},"geometry":{"type":"Polygon","coordinates":[[[16.4471,40.0503],[16.4465,40.0514],[16.4455,40.0506],[16.4471,40.0503]]]}},{"type":"Feature","properties":{"landuse":"orchard"},"geometry":{"type":"Polygon","coordinates":[[[16.4464,40.0502],[16.4436,40.0516],[16.4481,40.0478],[16.4464,40.0502]]]}},{"type":"Feature","properties":{"landuse":"orchard"},"geometry":{"type":"Polygon","coordinates":[[[16.4492,40.0488],[16.4495,40.0465],[16.4505,40.0478],[16.4492,40.0488]]]}},{"type":"Feature","properties":{"landuse":"orchard"},"geometry":{"type":"Polygon","coordinates":[[[16.4492,40.0475],[16.4478,40.0479],[16.449,40.0463],[16.4492,40.0475]]]}},{"type":"Feature","properties":{"landuse":"orchard"},"geometry":{"type":"Polygon","coordinates":[[[16.4369,40.058],[16.4359,40.0573],[16.439,40.0555],[16.4369,40.058]]]}},{"type":"Feature","properties":{"landuse":"orchard"},"geometry":{"type":"Polygon","coordinates":[[[16.4468,40.0448],[16.4477,40.0466],[16.4448,40.0456],[16.4468,40.0448]]]}},{"type":"Feature","properties":{"landuse":"orchard"},"geometry":{"type":"Polygon","coordinates":[[[16.449,40.0547],[16.4502,40.055],[16.4496,40.0565],[16.449,40.0547]]]}},{"type":"Feature","properties":{"landuse":"orchard"},"geometry":{"type":"Polygon","coordinates":[[[16.4502,40.0523],[16.451,40.0533],[16.4504,40.0555],[16.4502,40.0523]]]}},{"type":"Feature","properties":{"landuse":"orchard"},"geometry":{"type":"Polygon","coordinates":[[[16.4478,40.0449],[16.4459,40.0437],[16.4479,40.0431],[16.4478,40.0449]]]}},{"type":"Feature","properties":{"landuse":"orchard"},"geometry":{"type":"Polygon","coordinates":[[[16.4647,38.728],[16.4687,38.7259],[16.4688,38.7267],[16.4647,38.728]]]}},{"type":"Feature","properties":{"landuse":"orchard"},"geometry":{"type":"Polygon","coordinates":[[[16.4575,38.7278],[16.4604,38.7267],[16.4617,38.7281],[16.4575,38.7278]]]}},{"type":"Feature","properties":{"landuse":"farmland"},"geometry":{"type":"Polygon","coordinates":[[[16.2464,39.3767],[16.2485,39.3775],[16.2461,39.3778],[16.2464,39.3767]]]}},{"type":"Feature","properties":{"landuse":"farmland"},"geometry":{"type":"Polygon","coordinates":[[[16.2487,39.3775],[16.2495,39.3762],[16.2513,39.3779],[16.2487,39.3775]]]}},{"type":"Feature","properties":{"landuse":"farmland"},"geometry":{"type":"Polygon","coordinates":[[[16.2514,39.5304],[16.2491,39.5331],[16.2503,39.5297],[16.2514,39.5304]]]}},{"type":"Feature","properties":{"landuse":"orchard"},"geometry":{"type":"Polygon","coordinates":[[[16.2404,39.5233],[16.2387,39.5226],[16.2397,39.5223],[16.2404,39.5233]]]}},{"type":"Feature","properties":{"landuse":"orchard"},"geometry":{"type":"Polygon","coordinates":[[[16.3112,39.8314],[16.3124,39.8333],[16.3094,39.8297],[16.3112,39.8314]]]}},{"type":"Feature","properties":{"landuse":"orchard"},"geometry":{"type":"Polygon","coordinates":[[[16.3136,39.8322],[16.312,39.8343],[16.3119,39.8328],[16.3136,39.8322]]]}},{"type":"Feature","properties":{"landuse":"orchard"},"geometry":{"type":"Polygon","coordinates":[[[16.3139,39.8322],[16.3112,39.8313],[16.3129,39.83],[16.3139,39.8322]]]}},{"type":"Feature","properties":{"landuse":"farmland"},"geometry":{"type":"Polygon","coordinates":[[[16.3089,39.8364],[16.3105,39.8346],[16.3102,39.8366],[16.3089,39.8364]]]}},{"type":"Feature","properties":{"landuse":"orchard"},"geometry":{"type":"Polygon","coordinates":[[[16.316,39.828],[16.3173,39.8263],[16.3147,39.8287],[16.316,39.828]]]}},{"type":"Feature","properties":{"landuse":"green_public_spaces"},"geometry":{"type":"Polygon","coordinates":[[[16.507,39.7282],[16.5099,39.7286],[16.5095,39.7303],[16.507,39.7282]]]}},{"type":"Feature","properties":{"landuse":"farmland"},"geometry":{"type":"Polygon","coordinates":[[[16.2397,39.5117],[16.2412,39.5117],[16.2412,39.513],[16.2397,39.5117]]]}},{"type":"Feature","properties":{"landuse":"orchard"},"geometry":{"type":"Polygon","coordinates":[[[16.2501,39.5274],[16.2489,39.527],[16.2497,39.526],[16.2501,39.5274]]]}},{"type":"Feature","properties":{"landuse":"orchard"},"geometry":{"type":"Polygon","coordinates":[[[16.6464,39.6153],[16.6462,39.6139],[16.6481,39.615],[16.6464,39.6153]]]}},{"type":"Feature","properties":{"landuse":"orchard"},"geometry":{"type":"Polygon","coordinates":[[[16.6429,39.6122],[16.6454,39.612],[16.6438,39.6142],[16.6429,39.6122]]]}},{"type":"Feature","properties":{"landuse":"orchard"},"geometry":{"type":"Polygon","coordinates":[[[16.6432,39.6104],[16.6454,39.612],[16.643,39.6116],[16.6432,39.6104]]]}},{"type":"Feature","properties":{"landuse":"orchard"},"geometry":{"type":"Polygon","coordinates":[[[16.6289,39.6137],[16.6308,39.6132],[16.6309,39.6137],[16.6289,39.6137]]]}},{"type":"Feature","properties":{"landuse":"orchard"},"geometry":{"type":"Polygon","coordinates":[[[16.658,39.6013],[16.6533,39.601],[16.6536,39.6001],[16.658,39.6013]]]}},{"type":"Feature","properties":{"landuse":"orchard"},"geometry":{"type":"Polygon","coordinates":[[[16.6391,39.6159],[16.6406,39.6155],[16.641,39.6171],[16.6391,39.6159]]]}},{"type":"Feature","properties":{"landuse":"orchard"},"geometry":{"type":"Polygon","coordinates":[[[16.6242,39.6047],[16.626,39.6069],[16.6227,39.6114],[16.6242,39.6047]]]}},{"type":"Feature","properties":{"landuse":"orchard"},"geometry":{"type":"Polygon","coordinates":[[[16.6333,39.6154],[16.631,39.6163],[16.6331,39.6139],[16.6333,39.6154]]]}},{"type":"Feature","properties":{"landuse":"orchard"},"geometry":{"type":"Polygon","coordinates":[[[16.6227,39.602],[16.6205,39.6019],[16.627,39.5977],[16.6227,39.602]]]}},{"type":"Feature","properties":{"landuse":"farmland"},"geometry":{"type":"Polygon","coordinates":[[[16.4743,39.742],[16.4761,39.7428],[16.4734,39.7436],[16.4743,39.742]]]}},{"type":"Feature","properties":{"landuse":"orchard"},"geometry":{"type":"Polygon","coordinates":[[[16.6449,39.6107],[16.6471,39.6107],[16.6459,39.612],[16.6449,39.6107]]]}},{"type":"Feature","properties":{"landuse":"orchard"},"geometry":{"type":"Polygon","coordinates":[[[16.6529,39.6138],[16.6519,39.6137],[16.6535,39.613],[16.6529,39.6138]]]}},{"type":"Feature","properties":{"landuse":"farmland"},"geometry":{"type":"Polygon","coordinates":[[[16.7753,39.6131],[16.7801,39.6104],[16.7785,39.615],[16.7753,39.6131]]]}},{"type":"Feature","properties":{"landuse":"orchard"},"geometry":{"type":"Polygon","coordinates":[[[16.6317,39.6139],[16.6315,39.6124],[16.6331,39.6136],[16.6317,39.6139]]]}},{"type":"Feature","properties":{"landuse":"orchard"},"geometry":{"type":"Polygon","coordinates":[[[16.6313,39.5952],[16.6288,39.5929],[16.6297,39.5902],[16.6313,39.5952]]]}},{"type":"Feature","properties":{"landuse":"orchard"},"geometry":{"type":"Polygon","coordinates":[[[16.6289,39.5926],[16.6296,39.5913],[16.6304,39.5925],[16.6289,39.5926]]]}},{"type":"Feature","properties":{"landuse":"orchard"},"geometry":{"type":"Polygon","coordinates":[[[16.6567,39.5988],[16.6575,39.6005],[16.6559,39.6003],[16.6567,39.5988]]]}},{"type":"Feature","properties":{"landuse":"orchard"},"geometry":{"type":"Polygon","coordinates":[[[16.6539,39.6],[16.6524,39.598],[16.6531,39.598],[16.6539,39.6]]]}},{"type":"Feature","properties":{"landuse":"orchard"},"geometry":{"type":"Polygon","coordinates":[[[16.645,39.5933],[16.6462,39.5912],[16.6486,39.5937],[16.645,39.5933]]]}},{"type":"Feature","properties":{"landuse":"orchard"},"geometry":{"type":"Polygon","coordinates":[[[16.6261,39.6044],[16.6293,39.6048],[16.6261,39.6053],[16.6261,39.6044]]]}},{"type":"Feature","properties":{"landuse":"orchard"},"geometry":{"type":"Polygon","coordinates":[[[16.6337,39.6069],[16.6379,39.6046],[16.6377,39.6059],[16.6337,39.6069]]]}},{"type":"Feature","properties":{"landuse":"orchard"},"geometry":{"type":"Polygon","coordinates":[[[16.6379,39.6046],[16.6343,39.6055],[16.6358,39.6036],[16.6379,39.6046]]]}},{"type":"Feature","properties":{"landuse":"orchard"},"geometry":{"type":"Polygon","coordinates":[[[16.6303,39.604],[16.6338,39.6037],[16.6341,39.6042],[16.6303,39.604]]]}},{"type":"Feature","properties":{"landuse":"orchard"},"geometry":{"type":"Polygon","coordinates":[[[16.6297,39.6062],[16.6298,39.6048],[16.6317,39.6055],[16.6297,39.6062]]]}},{"type":"Feature","properties":{"landuse":"orchard"},"geometry":{"type":"Polygon","coordinates":[[[16.632,39.6058],[16.6318,39.6047],[16.6351,39.6036],[16.632,39.6058]]]}},{"type":"Feature","properties":{"landuse":"green_public_spaces"},"geometry":{"type":"Polygon","coordinates":[[[16.632,39.6058],[16.6341,39.6055],[16.633,39.6066],[16.632,39.6058]]]}},{"type":"Feature","properties":{"landuse":"orchard"},"geometry":{"type":"Polygon","coordinates":[[[16.6295,39.6066],[16.632,39.6058],[16.6329,39.6066],[16.6295,39.6066]]]}},{"type":"Feature","properties":{"landuse":"farmland"},"geometry":{"type":"Polygon","coordinates":[[[16.6246,39.6134],[16.6246,39.6122],[16.6255,39.6135],[16.6246,39.6134]]]}},{"type":"Feature","properties":{"landuse":"farmland"},"geometry":{"type":"Polygon","coordinates":[[[16.6246,39.6134],[16.6228,39.6127],[16.6246,39.6122],[16.6246,39.6134]]]}},{"type":"Feature","properties":{"landuse":"orchard"},"geometry":{"type":"Polygon","coordinates":[[[16.6338,39.613],[16.6352,39.6122],[16.6354,39.6135],[16.6338,39.613]]]}},{"type":"Feature","properties":{"landuse":"orchard"},"geometry":{"type":"Polygon","coordinates":[[[16.6362,39.6149],[16.636,39.6125],[16.637,39.6142],[16.6362,39.6149]]]}},{"type":"Feature","properties":{"landuse":"orchard"},"geometry":{"type":"Polygon","coordinates":[[[16.6375,39.6129],[16.6359,39.6121],[16.6381,39.6113],[16.6375,39.6129]]]}},{"type":"Feature","properties":{"landuse":"orchard"},"geometry":{"type":"Polygon","coordinates":[[[16.6372,39.6159],[16.637,39.6142],[16.6379,39.6141],[16.6372,39.6159]]]}},{"type":"Feature","properties":{"landuse":"orchard"},"geometry":{"type":"Polygon","coordinates":[[[16.6355,39.6166],[16.637,39.6145],[16.6371,39.6155],[16.6355,39.6166]]]}},{"type":"Feature","properties":{"landuse":"orchard"},"geometry":{"type":"Polygon","coordinates":[[[16.6358,39.6181],[16.6355,39.617],[16.6377,39.6159],[16.6358,39.6181]]]}},{"type":"Feature","properties":{"landuse":"orchard"},"geometry":{"type":"Polygon","coordinates":[[[16.6354,39.6135],[16.635,39.6114],[16.6361,39.613],[16.6354,39.6135]]]}},{"type":"Feature","properties":{"landuse":"orchard"},"geometry":{"type":"Polygon","coordinates":[[[16.6468,39.591],[16.6517,39.5957],[16.6499,39.5962],[16.6468,39.591]]]}},{"type":"Feature","properties":{"landuse":"orchard"},"geometry":{"type":"Polygon","coordinates":[[[16.6116,39.6011],[16.6183,39.5988],[16.6199,39.6019],[16.6131,39.6033],[16.6116,39.6011]]]}},{"type":"Feature","properties":{"landuse":"orchard"},"geometry":{"type":"Polygon","coordinates":[[[16.6103,39.6038],[16.6115,39.6009],[16.6127,39.6034],[16.6103,39.6038]]]}},{"type":"Feature","properties":{"landuse":"orchard"},"geometry":{"type":"Polygon","coordinates":[[[16.6106,39.6002],[16.6134,39.5989],[16.6116,39.6011],[16.6106,39.6002]]]}},{"type":"Feature","properties":{"landuse":"orchard"},"geometry":{"type":"Polygon","coordinates":[[[16.6136,39.5996],[16.6128,39.5948],[16.6149,39.5964],[16.6136,39.5996]]]}},{"type":"Feature","properties":{"landuse":"orchard"},"geometry":{"type":"Polygon","coordinates":[[[16.6136,39.5986],[16.6148,39.5946],[16.6162,39.5977],[16.6136,39.5986]]]}},{"type":"Feature","properties":{"landuse":"orchard"},"geometry":{"type":"Polygon","coordinates":[[[16.6136,39.5996],[16.6136,39.5986],[16.6148,39.599],[16.6136,39.5996]]]}},{"type":"Feature","properties":{"landuse":"orchard"},"geometry":{"type":"Polygon","coordinates":[[[16.6229,39.6038],[16.621,39.6031],[16.6234,39.6031],[16.6229,39.6038]]]}},{"type":"Feature","properties":{"landuse":"green_public_spaces"},"geometry":{"type":"Polygon","coordinates":[[[16.6438,39.6182],[16.6458,39.6181],[16.6461,39.6189],[16.6438,39.6182]]]}},{"type":"Feature","properties":{"landuse":"orchard"},"geometry":{"type":"Polygon","coordinates":[[[16.6302,39.6103],[16.6328,39.6082],[16.633,39.61],[16.6302,39.6103]]]}},{"type":"Feature","properties":{"landuse":"orchard"},"geometry":{"type":"Polygon","coordinates":[[[16.6266,39.6156],[16.624,39.6144],[16.6254,39.6141],[16.6266,39.6156]]]}},{"type":"Feature","properties":{"landuse":"orchard"},"geometry":{"type":"Polygon","coordinates":[[[16.6588,39.6014],[16.6643,39.6025],[16.6591,39.6025],[16.6588,39.6014]]]}},{"type":"Feature","properties":{"landuse":"orchard"},"geometry":{"type":"Polygon","coordinates":[[[16.6591,39.603],[16.6645,39.6032],[16.66,39.6046],[16.6591,39.603]]]}},{"type":"Feature","properties":{"landuse":"orchard"},"geometry":{"type":"Polygon","coordinates":[[[16.6587,39.6008],[16.6612,39.5992],[16.6616,39.6003],[16.6587,39.6008]]]}},{"type":"Feature","properties":{"landuse":"orchard"},"geometry":{"type":"Polygon","coordinates":[[[16.6628,39.5996],[16.6659,39.6005],[16.6625,39.6009],[16.6628,39.5996]]]}},{"type":"Feature","properties":{"landuse":"orchard"},"geometry":{"type":"Polygon","coordinates":[[[16.6627,39.5989],[16.6657,39.5988],[16.6658,39.6004],[16.6627,39.5989]]]}},{"type":"Feature","properties":{"landuse":"orchard"},"geometry":{"type":"Polygon","coordinates":[[[16.6657,39.5988],[16.6629,39.5982],[16.6652,39.5973],[16.6657,39.5988]]]}},{"type":"Feature","properties":{"landuse":"orchard"},"geometry":{"type":"Polygon","coordinates":[[[16.663,39.5969],[16.6647,39.596],[16.6652,39.5973],[16.663,39.5969]]]}},{"type":"Feature","properties":{"landuse":"farmland"},"geometry":{"type":"Polygon","coordinates":[[[16.6647,39.5961],[16.6668,39.5965],[16.6654,39.5977],[16.6647,39.5961]]]}},{"type":"Feature","properties":{"landuse":"orchard"},"geometry":{"type":"Polygon","coordinates":[[[16.6645,39.5951],[16.6669,39.5955],[16.6647,39.5961],[16.6645,39.5951]]]}},{"type":"Feature","properties":{"landuse":"orchard"},"geometry":{"type":"Polygon","coordinates":[[[16.6646,39.5941],[16.6669,39.5945],[16.6645,39.5951],[16.6646,39.5941]]]}},{"type":"Feature","properties":{"landuse":"orchard"},"geometry":{"type":"Polygon","coordinates":[[[16.6597,39.5978],[16.6596,39.5961],[16.6616,39.5963],[16.6597,39.5978]]]}},{"type":"Feature","properties":{"landuse":"orchard"},"geometry":{"type":"Polygon","coordinates":[[[16.6608,39.5962],[16.6595,39.5954],[16.6621,39.5956],[16.6608,39.5962]]]}},{"type":"Feature","properties":{"landuse":"orchard"},"geometry":{"type":"Polygon","coordinates":[[[16.6596,39.5941],[16.6646,39.5941],[16.664,39.5948],[16.6596,39.5941]]]}},{"type":"Feature","properties":{"landuse":"orchard"},"geometry":{"type":"Polygon","coordinates":[[[16.6647,39.5936],[16.6621,39.593],[16.665,39.5928],[16.6647,39.5936]]]}},{"type":"Feature","properties":{"landuse":"orchard"},"geometry":{"type":"Polygon","coordinates":[[[16.6595,39.5954],[16.6596,39.5941],[16.664,39.5948],[16.6595,39.5954]]]}},{"type":"Feature","properties":{"landuse":"orchard"},"geometry":{"type":"Polygon","coordinates":[[[16.6632,39.5966],[16.6629,39.5981],[16.662,39.5963],[16.6632,39.5966]]]}},{"type":"Feature","properties":{"landuse":"orchard"},"geometry":{"type":"Polygon","coordinates":[[[16.6755,39.6051],[16.6753,39.6038],[16.6771,39.6037],[16.6755,39.6051]]]}},{"type":"Feature","properties":{"landuse":"orchard"},"geometry":{"type":"Polygon","coordinates":[[[16.6807,39.6052],[16.6767,39.6051],[16.6778,39.6029],[16.6833,39.6048],[16.6807,39.6052]]]}},{"type":"Feature","properties":{"landuse":"orchard"},"geometry":{"type":"Polygon","coordinates":[[[16.6766,39.6],[16.6772,39.598],[16.6798,39.601],[16.6766,39.6]]]}}]}